<?xml version="1.0" encoding="utf-8"?>
<resources>
    <string name="sw_dp">1810dp</string>
    <dimen name="x1">1.68dp</dimen>
    <dimen name="x2">3.35dp</dimen>
    <dimen name="x3">5.03dp</dimen>
    <dimen name="x4">6.70dp</dimen>
    <dimen name="x5">8.38dp</dimen>
    <dimen name="x6">10.06dp</dimen>
    <dimen name="x7">11.73dp</dimen>
    <dimen name="x8">13.41dp</dimen>
    <dimen name="x9">15.08dp</dimen>
    <dimen name="x10">16.76dp</dimen>
    <dimen name="x11">18.44dp</dimen>
    <dimen name="x12">20.11dp</dimen>
    <dimen name="x13">21.79dp</dimen>
    <dimen name="x14">23.46dp</dimen>
    <dimen name="x15">25.14dp</dimen>
    <dimen name="x16">26.81dp</dimen>
    <dimen name="x17">28.49dp</dimen>
    <dimen name="x18">30.17dp</dimen>
    <dimen name="x19">31.84dp</dimen>
    <dimen name="x20">33.52dp</dimen>
    <dimen name="x21">35.19dp</dimen>
    <dimen name="x22">36.87dp</dimen>
    <dimen name="x23">38.55dp</dimen>
    <dimen name="x24">40.22dp</dimen>
    <dimen name="x25">41.90dp</dimen>
    <dimen name="x26">43.57dp</dimen>
    <dimen name="x27">45.25dp</dimen>
    <dimen name="x28">46.93dp</dimen>
    <dimen name="x29">48.60dp</dimen>
    <dimen name="x30">50.28dp</dimen>
    <dimen name="x31">51.95dp</dimen>
    <dimen name="x32">53.63dp</dimen>
    <dimen name="x33">55.31dp</dimen>
    <dimen name="x34">56.98dp</dimen>
    <dimen name="x35">58.66dp</dimen>
    <dimen name="x36">60.33dp</dimen>
    <dimen name="x37">62.01dp</dimen>
    <dimen name="x38">63.69dp</dimen>
    <dimen name="x39">65.36dp</dimen>
    <dimen name="x40">67.04dp</dimen>
    <dimen name="x41">68.71dp</dimen>
    <dimen name="x42">70.39dp</dimen>
    <dimen name="x43">72.06dp</dimen>
    <dimen name="x44">73.74dp</dimen>
    <dimen name="x45">75.42dp</dimen>
    <dimen name="x46">77.09dp</dimen>
    <dimen name="x47">78.77dp</dimen>
    <dimen name="x48">80.44dp</dimen>
    <dimen name="x49">82.12dp</dimen>
    <dimen name="x50">83.80dp</dimen>
    <dimen name="x51">85.47dp</dimen>
    <dimen name="x52">87.15dp</dimen>
    <dimen name="x53">88.82dp</dimen>
    <dimen name="x54">90.50dp</dimen>
    <dimen name="x55">92.18dp</dimen>
    <dimen name="x56">93.85dp</dimen>
    <dimen name="x57">95.53dp</dimen>
    <dimen name="x58">97.20dp</dimen>
    <dimen name="x59">98.88dp</dimen>
    <dimen name="x60">100.56dp</dimen>
    <dimen name="x61">102.23dp</dimen>
    <dimen name="x62">103.91dp</dimen>
    <dimen name="x63">105.58dp</dimen>
    <dimen name="x64">107.26dp</dimen>
    <dimen name="x65">108.94dp</dimen>
    <dimen name="x66">110.61dp</dimen>
    <dimen name="x67">112.29dp</dimen>
    <dimen name="x68">113.96dp</dimen>
    <dimen name="x69">115.64dp</dimen>
    <dimen name="x70">117.31dp</dimen>
    <dimen name="x71">118.99dp</dimen>
    <dimen name="x72">120.67dp</dimen>
    <dimen name="x73">122.34dp</dimen>
    <dimen name="x74">124.02dp</dimen>
    <dimen name="x75">125.69dp</dimen>
    <dimen name="x76">127.37dp</dimen>
    <dimen name="x77">129.05dp</dimen>
    <dimen name="x78">130.72dp</dimen>
    <dimen name="x79">132.40dp</dimen>
    <dimen name="x80">134.07dp</dimen>
    <dimen name="x81">135.75dp</dimen>
    <dimen name="x82">137.43dp</dimen>
    <dimen name="x83">139.10dp</dimen>
    <dimen name="x84">140.78dp</dimen>
    <dimen name="x85">142.45dp</dimen>
    <dimen name="x86">144.13dp</dimen>
    <dimen name="x87">145.81dp</dimen>
    <dimen name="x88">147.48dp</dimen>
    <dimen name="x89">149.16dp</dimen>
    <dimen name="x90">150.83dp</dimen>
    <dimen name="x91">152.51dp</dimen>
    <dimen name="x92">154.19dp</dimen>
    <dimen name="x93">155.86dp</dimen>
    <dimen name="x94">157.54dp</dimen>
    <dimen name="x95">159.21dp</dimen>
    <dimen name="x96">160.89dp</dimen>
    <dimen name="x97">162.56dp</dimen>
    <dimen name="x98">164.24dp</dimen>
    <dimen name="x99">165.92dp</dimen>
    <dimen name="x100">167.59dp</dimen>
    <dimen name="x101">169.27dp</dimen>
    <dimen name="x102">170.94dp</dimen>
    <dimen name="x103">172.62dp</dimen>
    <dimen name="x104">174.30dp</dimen>
    <dimen name="x105">175.97dp</dimen>
    <dimen name="x106">177.65dp</dimen>
    <dimen name="x107">179.32dp</dimen>
    <dimen name="x108">181.00dp</dimen>
    <dimen name="x109">182.68dp</dimen>
    <dimen name="x110">184.35dp</dimen>
    <dimen name="x111">186.03dp</dimen>
    <dimen name="x112">187.70dp</dimen>
    <dimen name="x113">189.38dp</dimen>
    <dimen name="x114">191.06dp</dimen>
    <dimen name="x115">192.73dp</dimen>
    <dimen name="x116">194.41dp</dimen>
    <dimen name="x117">196.08dp</dimen>
    <dimen name="x118">197.76dp</dimen>
    <dimen name="x119">199.44dp</dimen>
    <dimen name="x120">201.11dp</dimen>
    <dimen name="x121">202.79dp</dimen>
    <dimen name="x122">204.46dp</dimen>
    <dimen name="x123">206.14dp</dimen>
    <dimen name="x124">207.81dp</dimen>
    <dimen name="x125">209.49dp</dimen>
    <dimen name="x126">211.17dp</dimen>
    <dimen name="x127">212.84dp</dimen>
    <dimen name="x128">214.52dp</dimen>
    <dimen name="x129">216.19dp</dimen>
    <dimen name="x130">217.87dp</dimen>
    <dimen name="x131">219.55dp</dimen>
    <dimen name="x132">221.22dp</dimen>
    <dimen name="x133">222.90dp</dimen>
    <dimen name="x134">224.57dp</dimen>
    <dimen name="x135">226.25dp</dimen>
    <dimen name="x136">227.93dp</dimen>
    <dimen name="x137">229.60dp</dimen>
    <dimen name="x138">231.28dp</dimen>
    <dimen name="x139">232.95dp</dimen>
    <dimen name="x140">234.63dp</dimen>
    <dimen name="x141">236.31dp</dimen>
    <dimen name="x142">237.98dp</dimen>
    <dimen name="x143">239.66dp</dimen>
    <dimen name="x144">241.33dp</dimen>
    <dimen name="x145">243.01dp</dimen>
    <dimen name="x146">244.69dp</dimen>
    <dimen name="x147">246.36dp</dimen>
    <dimen name="x148">248.04dp</dimen>
    <dimen name="x149">249.71dp</dimen>
    <dimen name="x150">251.39dp</dimen>
    <dimen name="x151">253.06dp</dimen>
    <dimen name="x152">254.74dp</dimen>
    <dimen name="x153">256.42dp</dimen>
    <dimen name="x154">258.09dp</dimen>
    <dimen name="x155">259.77dp</dimen>
    <dimen name="x156">261.44dp</dimen>
    <dimen name="x157">263.12dp</dimen>
    <dimen name="x158">264.80dp</dimen>
    <dimen name="x159">266.47dp</dimen>
    <dimen name="x160">268.15dp</dimen>
    <dimen name="x161">269.82dp</dimen>
    <dimen name="x162">271.50dp</dimen>
    <dimen name="x163">273.18dp</dimen>
    <dimen name="x164">274.85dp</dimen>
    <dimen name="x165">276.53dp</dimen>
    <dimen name="x166">278.20dp</dimen>
    <dimen name="x167">279.88dp</dimen>
    <dimen name="x168">281.56dp</dimen>
    <dimen name="x169">283.23dp</dimen>
    <dimen name="x170">284.91dp</dimen>
    <dimen name="x171">286.58dp</dimen>
    <dimen name="x172">288.26dp</dimen>
    <dimen name="x173">289.94dp</dimen>
    <dimen name="x174">291.61dp</dimen>
    <dimen name="x175">293.29dp</dimen>
    <dimen name="x176">294.96dp</dimen>
    <dimen name="x177">296.64dp</dimen>
    <dimen name="x178">298.31dp</dimen>
    <dimen name="x179">299.99dp</dimen>
    <dimen name="x180">301.67dp</dimen>
    <dimen name="x181">303.34dp</dimen>
    <dimen name="x182">305.02dp</dimen>
    <dimen name="x183">306.69dp</dimen>
    <dimen name="x184">308.37dp</dimen>
    <dimen name="x185">310.05dp</dimen>
    <dimen name="x186">311.72dp</dimen>
    <dimen name="x187">313.40dp</dimen>
    <dimen name="x188">315.07dp</dimen>
    <dimen name="x189">316.75dp</dimen>
    <dimen name="x190">318.43dp</dimen>
    <dimen name="x191">320.10dp</dimen>
    <dimen name="x192">321.78dp</dimen>
    <dimen name="x193">323.45dp</dimen>
    <dimen name="x194">325.13dp</dimen>
    <dimen name="x195">326.81dp</dimen>
    <dimen name="x196">328.48dp</dimen>
    <dimen name="x197">330.16dp</dimen>
    <dimen name="x198">331.83dp</dimen>
    <dimen name="x199">333.51dp</dimen>
    <dimen name="x200">335.19dp</dimen>
    <dimen name="x201">336.86dp</dimen>
    <dimen name="x202">338.54dp</dimen>
    <dimen name="x203">340.21dp</dimen>
    <dimen name="x204">341.89dp</dimen>
    <dimen name="x205">343.56dp</dimen>
    <dimen name="x206">345.24dp</dimen>
    <dimen name="x207">346.92dp</dimen>
    <dimen name="x208">348.59dp</dimen>
    <dimen name="x209">350.27dp</dimen>
    <dimen name="x210">351.94dp</dimen>
    <dimen name="x211">353.62dp</dimen>
    <dimen name="x212">355.30dp</dimen>
    <dimen name="x213">356.97dp</dimen>
    <dimen name="x214">358.65dp</dimen>
    <dimen name="x215">360.32dp</dimen>
    <dimen name="x216">362.00dp</dimen>
    <dimen name="x217">363.68dp</dimen>
    <dimen name="x218">365.35dp</dimen>
    <dimen name="x219">367.03dp</dimen>
    <dimen name="x220">368.70dp</dimen>
    <dimen name="x221">370.38dp</dimen>
    <dimen name="x222">372.06dp</dimen>
    <dimen name="x223">373.73dp</dimen>
    <dimen name="x224">375.41dp</dimen>
    <dimen name="x225">377.08dp</dimen>
    <dimen name="x226">378.76dp</dimen>
    <dimen name="x227">380.44dp</dimen>
    <dimen name="x228">382.11dp</dimen>
    <dimen name="x229">383.79dp</dimen>
    <dimen name="x230">385.46dp</dimen>
    <dimen name="x231">387.14dp</dimen>
    <dimen name="x232">388.81dp</dimen>
    <dimen name="x233">390.49dp</dimen>
    <dimen name="x234">392.17dp</dimen>
    <dimen name="x235">393.84dp</dimen>
    <dimen name="x236">395.52dp</dimen>
    <dimen name="x237">397.19dp</dimen>
    <dimen name="x238">398.87dp</dimen>
    <dimen name="x239">400.55dp</dimen>
    <dimen name="x240">402.22dp</dimen>
    <dimen name="x241">403.90dp</dimen>
    <dimen name="x242">405.57dp</dimen>
    <dimen name="x243">407.25dp</dimen>
    <dimen name="x244">408.93dp</dimen>
    <dimen name="x245">410.60dp</dimen>
    <dimen name="x246">412.28dp</dimen>
    <dimen name="x247">413.95dp</dimen>
    <dimen name="x248">415.63dp</dimen>
    <dimen name="x249">417.31dp</dimen>
    <dimen name="x250">418.98dp</dimen>
    <dimen name="x251">420.66dp</dimen>
    <dimen name="x252">422.33dp</dimen>
    <dimen name="x253">424.01dp</dimen>
    <dimen name="x254">425.69dp</dimen>
    <dimen name="x255">427.36dp</dimen>
    <dimen name="x256">429.04dp</dimen>
    <dimen name="x257">430.71dp</dimen>
    <dimen name="x258">432.39dp</dimen>
    <dimen name="x259">434.06dp</dimen>
    <dimen name="x260">435.74dp</dimen>
    <dimen name="x261">437.42dp</dimen>
    <dimen name="x262">439.09dp</dimen>
    <dimen name="x263">440.77dp</dimen>
    <dimen name="x264">442.44dp</dimen>
    <dimen name="x265">444.12dp</dimen>
    <dimen name="x266">445.80dp</dimen>
    <dimen name="x267">447.47dp</dimen>
    <dimen name="x268">449.15dp</dimen>
    <dimen name="x269">450.82dp</dimen>
    <dimen name="x270">452.50dp</dimen>
    <dimen name="x271">454.18dp</dimen>
    <dimen name="x272">455.85dp</dimen>
    <dimen name="x273">457.53dp</dimen>
    <dimen name="x274">459.20dp</dimen>
    <dimen name="x275">460.88dp</dimen>
    <dimen name="x276">462.56dp</dimen>
    <dimen name="x277">464.23dp</dimen>
    <dimen name="x278">465.91dp</dimen>
    <dimen name="x279">467.58dp</dimen>
    <dimen name="x280">469.26dp</dimen>
    <dimen name="x281">470.94dp</dimen>
    <dimen name="x282">472.61dp</dimen>
    <dimen name="x283">474.29dp</dimen>
    <dimen name="x284">475.96dp</dimen>
    <dimen name="x285">477.64dp</dimen>
    <dimen name="x286">479.31dp</dimen>
    <dimen name="x287">480.99dp</dimen>
    <dimen name="x288">482.67dp</dimen>
    <dimen name="x289">484.34dp</dimen>
    <dimen name="x290">486.02dp</dimen>
    <dimen name="x291">487.69dp</dimen>
    <dimen name="x292">489.37dp</dimen>
    <dimen name="x293">491.05dp</dimen>
    <dimen name="x294">492.72dp</dimen>
    <dimen name="x295">494.40dp</dimen>
    <dimen name="x296">496.07dp</dimen>
    <dimen name="x297">497.75dp</dimen>
    <dimen name="x298">499.43dp</dimen>
    <dimen name="x299">501.10dp</dimen>
    <dimen name="x300">502.78dp</dimen>
    <dimen name="x301">504.45dp</dimen>
    <dimen name="x302">506.13dp</dimen>
    <dimen name="x303">507.81dp</dimen>
    <dimen name="x304">509.48dp</dimen>
    <dimen name="x305">511.16dp</dimen>
    <dimen name="x306">512.83dp</dimen>
    <dimen name="x307">514.51dp</dimen>
    <dimen name="x308">516.19dp</dimen>
    <dimen name="x309">517.86dp</dimen>
    <dimen name="x310">519.54dp</dimen>
    <dimen name="x311">521.21dp</dimen>
    <dimen name="x312">522.89dp</dimen>
    <dimen name="x313">524.56dp</dimen>
    <dimen name="x314">526.24dp</dimen>
    <dimen name="x315">527.92dp</dimen>
    <dimen name="x316">529.59dp</dimen>
    <dimen name="x317">531.27dp</dimen>
    <dimen name="x318">532.94dp</dimen>
    <dimen name="x319">534.62dp</dimen>
    <dimen name="x320">536.30dp</dimen>
    <dimen name="x321">537.97dp</dimen>
    <dimen name="x322">539.65dp</dimen>
    <dimen name="x323">541.32dp</dimen>
    <dimen name="x324">543.00dp</dimen>
    <dimen name="x325">544.68dp</dimen>
    <dimen name="x326">546.35dp</dimen>
    <dimen name="x327">548.03dp</dimen>
    <dimen name="x328">549.70dp</dimen>
    <dimen name="x329">551.38dp</dimen>
    <dimen name="x330">553.06dp</dimen>
    <dimen name="x331">554.73dp</dimen>
    <dimen name="x332">556.41dp</dimen>
    <dimen name="x333">558.08dp</dimen>
    <dimen name="x334">559.76dp</dimen>
    <dimen name="x335">561.44dp</dimen>
    <dimen name="x336">563.11dp</dimen>
    <dimen name="x337">564.79dp</dimen>
    <dimen name="x338">566.46dp</dimen>
    <dimen name="x339">568.14dp</dimen>
    <dimen name="x340">569.81dp</dimen>
    <dimen name="x341">571.49dp</dimen>
    <dimen name="x342">573.17dp</dimen>
    <dimen name="x343">574.84dp</dimen>
    <dimen name="x344">576.52dp</dimen>
    <dimen name="x345">578.19dp</dimen>
    <dimen name="x346">579.87dp</dimen>
    <dimen name="x347">581.55dp</dimen>
    <dimen name="x348">583.22dp</dimen>
    <dimen name="x349">584.90dp</dimen>
    <dimen name="x350">586.57dp</dimen>
    <dimen name="x351">588.25dp</dimen>
    <dimen name="x352">589.93dp</dimen>
    <dimen name="x353">591.60dp</dimen>
    <dimen name="x354">593.28dp</dimen>
    <dimen name="x355">594.95dp</dimen>
    <dimen name="x356">596.63dp</dimen>
    <dimen name="x357">598.31dp</dimen>
    <dimen name="x358">599.98dp</dimen>
    <dimen name="x359">601.66dp</dimen>
    <dimen name="x360">603.33dp</dimen>
    <dimen name="x361">605.01dp</dimen>
    <dimen name="x362">606.69dp</dimen>
    <dimen name="x363">608.36dp</dimen>
    <dimen name="x364">610.04dp</dimen>
    <dimen name="x365">611.71dp</dimen>
    <dimen name="x366">613.39dp</dimen>
    <dimen name="x367">615.06dp</dimen>
    <dimen name="x368">616.74dp</dimen>
    <dimen name="x369">618.42dp</dimen>
    <dimen name="x370">620.09dp</dimen>
    <dimen name="x371">621.77dp</dimen>
    <dimen name="x372">623.44dp</dimen>
    <dimen name="x373">625.12dp</dimen>
    <dimen name="x374">626.80dp</dimen>
    <dimen name="x375">628.47dp</dimen>
    <dimen name="x376">630.15dp</dimen>
    <dimen name="x377">631.82dp</dimen>
    <dimen name="x378">633.50dp</dimen>
    <dimen name="x379">635.18dp</dimen>
    <dimen name="x380">636.85dp</dimen>
    <dimen name="x381">638.53dp</dimen>
    <dimen name="x382">640.20dp</dimen>
    <dimen name="x383">641.88dp</dimen>
    <dimen name="x384">643.56dp</dimen>
    <dimen name="x385">645.23dp</dimen>
    <dimen name="x386">646.91dp</dimen>
    <dimen name="x387">648.58dp</dimen>
    <dimen name="x388">650.26dp</dimen>
    <dimen name="x389">651.94dp</dimen>
    <dimen name="x390">653.61dp</dimen>
    <dimen name="x391">655.29dp</dimen>
    <dimen name="x392">656.96dp</dimen>
    <dimen name="x393">658.64dp</dimen>
    <dimen name="x394">660.31dp</dimen>
    <dimen name="x395">661.99dp</dimen>
    <dimen name="x396">663.67dp</dimen>
    <dimen name="x397">665.34dp</dimen>
    <dimen name="x398">667.02dp</dimen>
    <dimen name="x399">668.69dp</dimen>
    <dimen name="x400">670.37dp</dimen>
    <dimen name="x401">672.05dp</dimen>
    <dimen name="x402">673.72dp</dimen>
    <dimen name="x403">675.40dp</dimen>
    <dimen name="x404">677.07dp</dimen>
    <dimen name="x405">678.75dp</dimen>
    <dimen name="x406">680.43dp</dimen>
    <dimen name="x407">682.10dp</dimen>
    <dimen name="x408">683.78dp</dimen>
    <dimen name="x409">685.45dp</dimen>
    <dimen name="x410">687.13dp</dimen>
    <dimen name="x411">688.81dp</dimen>
    <dimen name="x412">690.48dp</dimen>
    <dimen name="x413">692.16dp</dimen>
    <dimen name="x414">693.83dp</dimen>
    <dimen name="x415">695.51dp</dimen>
    <dimen name="x416">697.19dp</dimen>
    <dimen name="x417">698.86dp</dimen>
    <dimen name="x418">700.54dp</dimen>
    <dimen name="x419">702.21dp</dimen>
    <dimen name="x420">703.89dp</dimen>
    <dimen name="x421">705.56dp</dimen>
    <dimen name="x422">707.24dp</dimen>
    <dimen name="x423">708.92dp</dimen>
    <dimen name="x424">710.59dp</dimen>
    <dimen name="x425">712.27dp</dimen>
    <dimen name="x426">713.94dp</dimen>
    <dimen name="x427">715.62dp</dimen>
    <dimen name="x428">717.30dp</dimen>
    <dimen name="x429">718.97dp</dimen>
    <dimen name="x430">720.65dp</dimen>
    <dimen name="x431">722.32dp</dimen>
    <dimen name="x432">724.00dp</dimen>
    <dimen name="x433">725.68dp</dimen>
    <dimen name="x434">727.35dp</dimen>
    <dimen name="x435">729.03dp</dimen>
    <dimen name="x436">730.70dp</dimen>
    <dimen name="x437">732.38dp</dimen>
    <dimen name="x438">734.06dp</dimen>
    <dimen name="x439">735.73dp</dimen>
    <dimen name="x440">737.41dp</dimen>
    <dimen name="x441">739.08dp</dimen>
    <dimen name="x442">740.76dp</dimen>
    <dimen name="x443">742.44dp</dimen>
    <dimen name="x444">744.11dp</dimen>
    <dimen name="x445">745.79dp</dimen>
    <dimen name="x446">747.46dp</dimen>
    <dimen name="x447">749.14dp</dimen>
    <dimen name="x448">750.81dp</dimen>
    <dimen name="x449">752.49dp</dimen>
    <dimen name="x450">754.17dp</dimen>
    <dimen name="x451">755.84dp</dimen>
    <dimen name="x452">757.52dp</dimen>
    <dimen name="x453">759.19dp</dimen>
    <dimen name="x454">760.87dp</dimen>
    <dimen name="x455">762.55dp</dimen>
    <dimen name="x456">764.22dp</dimen>
    <dimen name="x457">765.90dp</dimen>
    <dimen name="x458">767.57dp</dimen>
    <dimen name="x459">769.25dp</dimen>
    <dimen name="x460">770.93dp</dimen>
    <dimen name="x461">772.60dp</dimen>
    <dimen name="x462">774.28dp</dimen>
    <dimen name="x463">775.95dp</dimen>
    <dimen name="x464">777.63dp</dimen>
    <dimen name="x465">779.31dp</dimen>
    <dimen name="x466">780.98dp</dimen>
    <dimen name="x467">782.66dp</dimen>
    <dimen name="x468">784.33dp</dimen>
    <dimen name="x469">786.01dp</dimen>
    <dimen name="x470">787.69dp</dimen>
    <dimen name="x471">789.36dp</dimen>
    <dimen name="x472">791.04dp</dimen>
    <dimen name="x473">792.71dp</dimen>
    <dimen name="x474">794.39dp</dimen>
    <dimen name="x475">796.06dp</dimen>
    <dimen name="x476">797.74dp</dimen>
    <dimen name="x477">799.42dp</dimen>
    <dimen name="x478">801.09dp</dimen>
    <dimen name="x479">802.77dp</dimen>
    <dimen name="x480">804.44dp</dimen>
    <dimen name="x481">806.12dp</dimen>
    <dimen name="x482">807.80dp</dimen>
    <dimen name="x483">809.47dp</dimen>
    <dimen name="x484">811.15dp</dimen>
    <dimen name="x485">812.82dp</dimen>
    <dimen name="x486">814.50dp</dimen>
    <dimen name="x487">816.18dp</dimen>
    <dimen name="x488">817.85dp</dimen>
    <dimen name="x489">819.53dp</dimen>
    <dimen name="x490">821.20dp</dimen>
    <dimen name="x491">822.88dp</dimen>
    <dimen name="x492">824.56dp</dimen>
    <dimen name="x493">826.23dp</dimen>
    <dimen name="x494">827.91dp</dimen>
    <dimen name="x495">829.58dp</dimen>
    <dimen name="x496">831.26dp</dimen>
    <dimen name="x497">832.94dp</dimen>
    <dimen name="x498">834.61dp</dimen>
    <dimen name="x499">836.29dp</dimen>
    <dimen name="x500">837.96dp</dimen>
    <dimen name="x501">839.64dp</dimen>
    <dimen name="x502">841.31dp</dimen>
    <dimen name="x503">842.99dp</dimen>
    <dimen name="x504">844.67dp</dimen>
    <dimen name="x505">846.34dp</dimen>
    <dimen name="x506">848.02dp</dimen>
    <dimen name="x507">849.69dp</dimen>
    <dimen name="x508">851.37dp</dimen>
    <dimen name="x509">853.05dp</dimen>
    <dimen name="x510">854.72dp</dimen>
    <dimen name="x511">856.40dp</dimen>
    <dimen name="x512">858.07dp</dimen>
    <dimen name="x513">859.75dp</dimen>
    <dimen name="x514">861.43dp</dimen>
    <dimen name="x515">863.10dp</dimen>
    <dimen name="x516">864.78dp</dimen>
    <dimen name="x517">866.45dp</dimen>
    <dimen name="x518">868.13dp</dimen>
    <dimen name="x519">869.81dp</dimen>
    <dimen name="x520">871.48dp</dimen>
    <dimen name="x521">873.16dp</dimen>
    <dimen name="x522">874.83dp</dimen>
    <dimen name="x523">876.51dp</dimen>
    <dimen name="x524">878.19dp</dimen>
    <dimen name="x525">879.86dp</dimen>
    <dimen name="x526">881.54dp</dimen>
    <dimen name="x527">883.21dp</dimen>
    <dimen name="x528">884.89dp</dimen>
    <dimen name="x529">886.56dp</dimen>
    <dimen name="x530">888.24dp</dimen>
    <dimen name="x531">889.92dp</dimen>
    <dimen name="x532">891.59dp</dimen>
    <dimen name="x533">893.27dp</dimen>
    <dimen name="x534">894.94dp</dimen>
    <dimen name="x535">896.62dp</dimen>
    <dimen name="x536">898.30dp</dimen>
    <dimen name="x537">899.97dp</dimen>
    <dimen name="x538">901.65dp</dimen>
    <dimen name="x539">903.32dp</dimen>
    <dimen name="x540">905.00dp</dimen>
    <dimen name="x541">906.68dp</dimen>
    <dimen name="x542">908.35dp</dimen>
    <dimen name="x543">910.03dp</dimen>
    <dimen name="x544">911.70dp</dimen>
    <dimen name="x545">913.38dp</dimen>
    <dimen name="x546">915.06dp</dimen>
    <dimen name="x547">916.73dp</dimen>
    <dimen name="x548">918.41dp</dimen>
    <dimen name="x549">920.08dp</dimen>
    <dimen name="x550">921.76dp</dimen>
    <dimen name="x551">923.44dp</dimen>
    <dimen name="x552">925.11dp</dimen>
    <dimen name="x553">926.79dp</dimen>
    <dimen name="x554">928.46dp</dimen>
    <dimen name="x555">930.14dp</dimen>
    <dimen name="x556">931.81dp</dimen>
    <dimen name="x557">933.49dp</dimen>
    <dimen name="x558">935.17dp</dimen>
    <dimen name="x559">936.84dp</dimen>
    <dimen name="x560">938.52dp</dimen>
    <dimen name="x561">940.19dp</dimen>
    <dimen name="x562">941.87dp</dimen>
    <dimen name="x563">943.55dp</dimen>
    <dimen name="x564">945.22dp</dimen>
    <dimen name="x565">946.90dp</dimen>
    <dimen name="x566">948.57dp</dimen>
    <dimen name="x567">950.25dp</dimen>
    <dimen name="x568">951.93dp</dimen>
    <dimen name="x569">953.60dp</dimen>
    <dimen name="x570">955.28dp</dimen>
    <dimen name="x571">956.95dp</dimen>
    <dimen name="x572">958.63dp</dimen>
    <dimen name="x573">960.31dp</dimen>
    <dimen name="x574">961.98dp</dimen>
    <dimen name="x575">963.66dp</dimen>
    <dimen name="x576">965.33dp</dimen>
    <dimen name="x577">967.01dp</dimen>
    <dimen name="x578">968.69dp</dimen>
    <dimen name="x579">970.36dp</dimen>
    <dimen name="x580">972.04dp</dimen>
    <dimen name="x581">973.71dp</dimen>
    <dimen name="x582">975.39dp</dimen>
    <dimen name="x583">977.06dp</dimen>
    <dimen name="x584">978.74dp</dimen>
    <dimen name="x585">980.42dp</dimen>
    <dimen name="x586">982.09dp</dimen>
    <dimen name="x587">983.77dp</dimen>
    <dimen name="x588">985.44dp</dimen>
    <dimen name="x589">987.12dp</dimen>
    <dimen name="x590">988.80dp</dimen>
    <dimen name="x591">990.47dp</dimen>
    <dimen name="x592">992.15dp</dimen>
    <dimen name="x593">993.82dp</dimen>
    <dimen name="x594">995.50dp</dimen>
    <dimen name="x595">997.18dp</dimen>
    <dimen name="x596">998.85dp</dimen>
    <dimen name="x597">1000.53dp</dimen>
    <dimen name="x598">1002.20dp</dimen>
    <dimen name="x599">1003.88dp</dimen>
    <dimen name="x600">1005.56dp</dimen>
    <dimen name="x601">1007.23dp</dimen>
    <dimen name="x602">1008.91dp</dimen>
    <dimen name="x603">1010.58dp</dimen>
    <dimen name="x604">1012.26dp</dimen>
    <dimen name="x605">1013.94dp</dimen>
    <dimen name="x606">1015.61dp</dimen>
    <dimen name="x607">1017.29dp</dimen>
    <dimen name="x608">1018.96dp</dimen>
    <dimen name="x609">1020.64dp</dimen>
    <dimen name="x610">1022.31dp</dimen>
    <dimen name="x611">1023.99dp</dimen>
    <dimen name="x612">1025.67dp</dimen>
    <dimen name="x613">1027.34dp</dimen>
    <dimen name="x614">1029.02dp</dimen>
    <dimen name="x615">1030.69dp</dimen>
    <dimen name="x616">1032.37dp</dimen>
    <dimen name="x617">1034.05dp</dimen>
    <dimen name="x618">1035.72dp</dimen>
    <dimen name="x619">1037.40dp</dimen>
    <dimen name="x620">1039.07dp</dimen>
    <dimen name="x621">1040.75dp</dimen>
    <dimen name="x622">1042.43dp</dimen>
    <dimen name="x623">1044.10dp</dimen>
    <dimen name="x624">1045.78dp</dimen>
    <dimen name="x625">1047.45dp</dimen>
    <dimen name="x626">1049.13dp</dimen>
    <dimen name="x627">1050.81dp</dimen>
    <dimen name="x628">1052.48dp</dimen>
    <dimen name="x629">1054.16dp</dimen>
    <dimen name="x630">1055.83dp</dimen>
    <dimen name="x631">1057.51dp</dimen>
    <dimen name="x632">1059.19dp</dimen>
    <dimen name="x633">1060.86dp</dimen>
    <dimen name="x634">1062.54dp</dimen>
    <dimen name="x635">1064.21dp</dimen>
    <dimen name="x636">1065.89dp</dimen>
    <dimen name="x637">1067.56dp</dimen>
    <dimen name="x638">1069.24dp</dimen>
    <dimen name="x639">1070.92dp</dimen>
    <dimen name="x640">1072.59dp</dimen>
    <dimen name="x641">1074.27dp</dimen>
    <dimen name="x642">1075.94dp</dimen>
    <dimen name="x643">1077.62dp</dimen>
    <dimen name="x644">1079.30dp</dimen>
    <dimen name="x645">1080.97dp</dimen>
    <dimen name="x646">1082.65dp</dimen>
    <dimen name="x647">1084.32dp</dimen>
    <dimen name="x648">1086.00dp</dimen>
    <dimen name="x649">1087.68dp</dimen>
    <dimen name="x650">1089.35dp</dimen>
    <dimen name="x651">1091.03dp</dimen>
    <dimen name="x652">1092.70dp</dimen>
    <dimen name="x653">1094.38dp</dimen>
    <dimen name="x654">1096.06dp</dimen>
    <dimen name="x655">1097.73dp</dimen>
    <dimen name="x656">1099.41dp</dimen>
    <dimen name="x657">1101.08dp</dimen>
    <dimen name="x658">1102.76dp</dimen>
    <dimen name="x659">1104.44dp</dimen>
    <dimen name="x660">1106.11dp</dimen>
    <dimen name="x661">1107.79dp</dimen>
    <dimen name="x662">1109.46dp</dimen>
    <dimen name="x663">1111.14dp</dimen>
    <dimen name="x664">1112.81dp</dimen>
    <dimen name="x665">1114.49dp</dimen>
    <dimen name="x666">1116.17dp</dimen>
    <dimen name="x667">1117.84dp</dimen>
    <dimen name="x668">1119.52dp</dimen>
    <dimen name="x669">1121.19dp</dimen>
    <dimen name="x670">1122.87dp</dimen>
    <dimen name="x671">1124.55dp</dimen>
    <dimen name="x672">1126.22dp</dimen>
    <dimen name="x673">1127.90dp</dimen>
    <dimen name="x674">1129.57dp</dimen>
    <dimen name="x675">1131.25dp</dimen>
    <dimen name="x676">1132.93dp</dimen>
    <dimen name="x677">1134.60dp</dimen>
    <dimen name="x678">1136.28dp</dimen>
    <dimen name="x679">1137.95dp</dimen>
    <dimen name="x680">1139.63dp</dimen>
    <dimen name="x681">1141.31dp</dimen>
    <dimen name="x682">1142.98dp</dimen>
    <dimen name="x683">1144.66dp</dimen>
    <dimen name="x684">1146.33dp</dimen>
    <dimen name="x685">1148.01dp</dimen>
    <dimen name="x686">1149.69dp</dimen>
    <dimen name="x687">1151.36dp</dimen>
    <dimen name="x688">1153.04dp</dimen>
    <dimen name="x689">1154.71dp</dimen>
    <dimen name="x690">1156.39dp</dimen>
    <dimen name="x691">1158.06dp</dimen>
    <dimen name="x692">1159.74dp</dimen>
    <dimen name="x693">1161.42dp</dimen>
    <dimen name="x694">1163.09dp</dimen>
    <dimen name="x695">1164.77dp</dimen>
    <dimen name="x696">1166.44dp</dimen>
    <dimen name="x697">1168.12dp</dimen>
    <dimen name="x698">1169.80dp</dimen>
    <dimen name="x699">1171.47dp</dimen>
    <dimen name="x700">1173.15dp</dimen>
    <dimen name="x701">1174.82dp</dimen>
    <dimen name="x702">1176.50dp</dimen>
    <dimen name="x703">1178.18dp</dimen>
    <dimen name="x704">1179.85dp</dimen>
    <dimen name="x705">1181.53dp</dimen>
    <dimen name="x706">1183.20dp</dimen>
    <dimen name="x707">1184.88dp</dimen>
    <dimen name="x708">1186.56dp</dimen>
    <dimen name="x709">1188.23dp</dimen>
    <dimen name="x710">1189.91dp</dimen>
    <dimen name="x711">1191.58dp</dimen>
    <dimen name="x712">1193.26dp</dimen>
    <dimen name="x713">1194.94dp</dimen>
    <dimen name="x714">1196.61dp</dimen>
    <dimen name="x715">1198.29dp</dimen>
    <dimen name="x716">1199.96dp</dimen>
    <dimen name="x717">1201.64dp</dimen>
    <dimen name="x718">1203.31dp</dimen>
    <dimen name="x719">1204.99dp</dimen>
    <dimen name="x720">1206.67dp</dimen>
    <dimen name="x721">1208.34dp</dimen>
    <dimen name="x722">1210.02dp</dimen>
    <dimen name="x723">1211.69dp</dimen>
    <dimen name="x724">1213.37dp</dimen>
    <dimen name="x725">1215.05dp</dimen>
    <dimen name="x726">1216.72dp</dimen>
    <dimen name="x727">1218.40dp</dimen>
    <dimen name="x728">1220.07dp</dimen>
    <dimen name="x729">1221.75dp</dimen>
    <dimen name="x730">1223.43dp</dimen>
    <dimen name="x731">1225.10dp</dimen>
    <dimen name="x732">1226.78dp</dimen>
    <dimen name="x733">1228.45dp</dimen>
    <dimen name="x734">1230.13dp</dimen>
    <dimen name="x735">1231.81dp</dimen>
    <dimen name="x736">1233.48dp</dimen>
    <dimen name="x737">1235.16dp</dimen>
    <dimen name="x738">1236.83dp</dimen>
    <dimen name="x739">1238.51dp</dimen>
    <dimen name="x740">1240.19dp</dimen>
    <dimen name="x741">1241.86dp</dimen>
    <dimen name="x742">1243.54dp</dimen>
    <dimen name="x743">1245.21dp</dimen>
    <dimen name="x744">1246.89dp</dimen>
    <dimen name="x745">1248.56dp</dimen>
    <dimen name="x746">1250.24dp</dimen>
    <dimen name="x747">1251.92dp</dimen>
    <dimen name="x748">1253.59dp</dimen>
    <dimen name="x749">1255.27dp</dimen>
    <dimen name="x750">1256.94dp</dimen>
    <dimen name="x751">1258.62dp</dimen>
    <dimen name="x752">1260.30dp</dimen>
    <dimen name="x753">1261.97dp</dimen>
    <dimen name="x754">1263.65dp</dimen>
    <dimen name="x755">1265.32dp</dimen>
    <dimen name="x756">1267.00dp</dimen>
    <dimen name="x757">1268.68dp</dimen>
    <dimen name="x758">1270.35dp</dimen>
    <dimen name="x759">1272.03dp</dimen>
    <dimen name="x760">1273.70dp</dimen>
    <dimen name="x761">1275.38dp</dimen>
    <dimen name="x762">1277.06dp</dimen>
    <dimen name="x763">1278.73dp</dimen>
    <dimen name="x764">1280.41dp</dimen>
    <dimen name="x765">1282.08dp</dimen>
    <dimen name="x766">1283.76dp</dimen>
    <dimen name="x767">1285.44dp</dimen>
    <dimen name="x768">1287.11dp</dimen>
    <dimen name="x769">1288.79dp</dimen>
    <dimen name="x770">1290.46dp</dimen>
    <dimen name="x771">1292.14dp</dimen>
    <dimen name="x772">1293.81dp</dimen>
    <dimen name="x773">1295.49dp</dimen>
    <dimen name="x774">1297.17dp</dimen>
    <dimen name="x775">1298.84dp</dimen>
    <dimen name="x776">1300.52dp</dimen>
    <dimen name="x777">1302.19dp</dimen>
    <dimen name="x778">1303.87dp</dimen>
    <dimen name="x779">1305.55dp</dimen>
    <dimen name="x780">1307.22dp</dimen>
    <dimen name="x781">1308.90dp</dimen>
    <dimen name="x782">1310.57dp</dimen>
    <dimen name="x783">1312.25dp</dimen>
    <dimen name="x784">1313.93dp</dimen>
    <dimen name="x785">1315.60dp</dimen>
    <dimen name="x786">1317.28dp</dimen>
    <dimen name="x787">1318.95dp</dimen>
    <dimen name="x788">1320.63dp</dimen>
    <dimen name="x789">1322.31dp</dimen>
    <dimen name="x790">1323.98dp</dimen>
    <dimen name="x791">1325.66dp</dimen>
    <dimen name="x792">1327.33dp</dimen>
    <dimen name="x793">1329.01dp</dimen>
    <dimen name="x794">1330.69dp</dimen>
    <dimen name="x795">1332.36dp</dimen>
    <dimen name="x796">1334.04dp</dimen>
    <dimen name="x797">1335.71dp</dimen>
    <dimen name="x798">1337.39dp</dimen>
    <dimen name="x799">1339.06dp</dimen>
    <dimen name="x800">1340.74dp</dimen>
    <dimen name="x801">1342.42dp</dimen>
    <dimen name="x802">1344.09dp</dimen>
    <dimen name="x803">1345.77dp</dimen>
    <dimen name="x804">1347.44dp</dimen>
    <dimen name="x805">1349.12dp</dimen>
    <dimen name="x806">1350.80dp</dimen>
    <dimen name="x807">1352.47dp</dimen>
    <dimen name="x808">1354.15dp</dimen>
    <dimen name="x809">1355.82dp</dimen>
    <dimen name="x810">1357.50dp</dimen>
    <dimen name="x811">1359.18dp</dimen>
    <dimen name="x812">1360.85dp</dimen>
    <dimen name="x813">1362.53dp</dimen>
    <dimen name="x814">1364.20dp</dimen>
    <dimen name="x815">1365.88dp</dimen>
    <dimen name="x816">1367.56dp</dimen>
    <dimen name="x817">1369.23dp</dimen>
    <dimen name="x818">1370.91dp</dimen>
    <dimen name="x819">1372.58dp</dimen>
    <dimen name="x820">1374.26dp</dimen>
    <dimen name="x821">1375.94dp</dimen>
    <dimen name="x822">1377.61dp</dimen>
    <dimen name="x823">1379.29dp</dimen>
    <dimen name="x824">1380.96dp</dimen>
    <dimen name="x825">1382.64dp</dimen>
    <dimen name="x826">1384.31dp</dimen>
    <dimen name="x827">1385.99dp</dimen>
    <dimen name="x828">1387.67dp</dimen>
    <dimen name="x829">1389.34dp</dimen>
    <dimen name="x830">1391.02dp</dimen>
    <dimen name="x831">1392.69dp</dimen>
    <dimen name="x832">1394.37dp</dimen>
    <dimen name="x833">1396.05dp</dimen>
    <dimen name="x834">1397.72dp</dimen>
    <dimen name="x835">1399.40dp</dimen>
    <dimen name="x836">1401.07dp</dimen>
    <dimen name="x837">1402.75dp</dimen>
    <dimen name="x838">1404.43dp</dimen>
    <dimen name="x839">1406.10dp</dimen>
    <dimen name="x840">1407.78dp</dimen>
    <dimen name="x841">1409.45dp</dimen>
    <dimen name="x842">1411.13dp</dimen>
    <dimen name="x843">1412.81dp</dimen>
    <dimen name="x844">1414.48dp</dimen>
    <dimen name="x845">1416.16dp</dimen>
    <dimen name="x846">1417.83dp</dimen>
    <dimen name="x847">1419.51dp</dimen>
    <dimen name="x848">1421.19dp</dimen>
    <dimen name="x849">1422.86dp</dimen>
    <dimen name="x850">1424.54dp</dimen>
    <dimen name="x851">1426.21dp</dimen>
    <dimen name="x852">1427.89dp</dimen>
    <dimen name="x853">1429.56dp</dimen>
    <dimen name="x854">1431.24dp</dimen>
    <dimen name="x855">1432.92dp</dimen>
    <dimen name="x856">1434.59dp</dimen>
    <dimen name="x857">1436.27dp</dimen>
    <dimen name="x858">1437.94dp</dimen>
    <dimen name="x859">1439.62dp</dimen>
    <dimen name="x860">1441.30dp</dimen>
    <dimen name="x861">1442.97dp</dimen>
    <dimen name="x862">1444.65dp</dimen>
    <dimen name="x863">1446.32dp</dimen>
    <dimen name="x864">1448.00dp</dimen>
    <dimen name="x865">1449.68dp</dimen>
    <dimen name="x866">1451.35dp</dimen>
    <dimen name="x867">1453.03dp</dimen>
    <dimen name="x868">1454.70dp</dimen>
    <dimen name="x869">1456.38dp</dimen>
    <dimen name="x870">1458.06dp</dimen>
    <dimen name="x871">1459.73dp</dimen>
    <dimen name="x872">1461.41dp</dimen>
    <dimen name="x873">1463.08dp</dimen>
    <dimen name="x874">1464.76dp</dimen>
    <dimen name="x875">1466.44dp</dimen>
    <dimen name="x876">1468.11dp</dimen>
    <dimen name="x877">1469.79dp</dimen>
    <dimen name="x878">1471.46dp</dimen>
    <dimen name="x879">1473.14dp</dimen>
    <dimen name="x880">1474.81dp</dimen>
    <dimen name="x881">1476.49dp</dimen>
    <dimen name="x882">1478.17dp</dimen>
    <dimen name="x883">1479.84dp</dimen>
    <dimen name="x884">1481.52dp</dimen>
    <dimen name="x885">1483.19dp</dimen>
    <dimen name="x886">1484.87dp</dimen>
    <dimen name="x887">1486.55dp</dimen>
    <dimen name="x888">1488.22dp</dimen>
    <dimen name="x889">1489.90dp</dimen>
    <dimen name="x890">1491.57dp</dimen>
    <dimen name="x891">1493.25dp</dimen>
    <dimen name="x892">1494.93dp</dimen>
    <dimen name="x893">1496.60dp</dimen>
    <dimen name="x894">1498.28dp</dimen>
    <dimen name="x895">1499.95dp</dimen>
    <dimen name="x896">1501.63dp</dimen>
    <dimen name="x897">1503.31dp</dimen>
    <dimen name="x898">1504.98dp</dimen>
    <dimen name="x899">1506.66dp</dimen>
    <dimen name="x900">1508.33dp</dimen>
    <dimen name="x901">1510.01dp</dimen>
    <dimen name="x902">1511.69dp</dimen>
    <dimen name="x903">1513.36dp</dimen>
    <dimen name="x904">1515.04dp</dimen>
    <dimen name="x905">1516.71dp</dimen>
    <dimen name="x906">1518.39dp</dimen>
    <dimen name="x907">1520.06dp</dimen>
    <dimen name="x908">1521.74dp</dimen>
    <dimen name="x909">1523.42dp</dimen>
    <dimen name="x910">1525.09dp</dimen>
    <dimen name="x911">1526.77dp</dimen>
    <dimen name="x912">1528.44dp</dimen>
    <dimen name="x913">1530.12dp</dimen>
    <dimen name="x914">1531.80dp</dimen>
    <dimen name="x915">1533.47dp</dimen>
    <dimen name="x916">1535.15dp</dimen>
    <dimen name="x917">1536.82dp</dimen>
    <dimen name="x918">1538.50dp</dimen>
    <dimen name="x919">1540.18dp</dimen>
    <dimen name="x920">1541.85dp</dimen>
    <dimen name="x921">1543.53dp</dimen>
    <dimen name="x922">1545.20dp</dimen>
    <dimen name="x923">1546.88dp</dimen>
    <dimen name="x924">1548.56dp</dimen>
    <dimen name="x925">1550.23dp</dimen>
    <dimen name="x926">1551.91dp</dimen>
    <dimen name="x927">1553.58dp</dimen>
    <dimen name="x928">1555.26dp</dimen>
    <dimen name="x929">1556.94dp</dimen>
    <dimen name="x930">1558.61dp</dimen>
    <dimen name="x931">1560.29dp</dimen>
    <dimen name="x932">1561.96dp</dimen>
    <dimen name="x933">1563.64dp</dimen>
    <dimen name="x934">1565.31dp</dimen>
    <dimen name="x935">1566.99dp</dimen>
    <dimen name="x936">1568.67dp</dimen>
    <dimen name="x937">1570.34dp</dimen>
    <dimen name="x938">1572.02dp</dimen>
    <dimen name="x939">1573.69dp</dimen>
    <dimen name="x940">1575.37dp</dimen>
    <dimen name="x941">1577.05dp</dimen>
    <dimen name="x942">1578.72dp</dimen>
    <dimen name="x943">1580.40dp</dimen>
    <dimen name="x944">1582.07dp</dimen>
    <dimen name="x945">1583.75dp</dimen>
    <dimen name="x946">1585.43dp</dimen>
    <dimen name="x947">1587.10dp</dimen>
    <dimen name="x948">1588.78dp</dimen>
    <dimen name="x949">1590.45dp</dimen>
    <dimen name="x950">1592.13dp</dimen>
    <dimen name="x951">1593.81dp</dimen>
    <dimen name="x952">1595.48dp</dimen>
    <dimen name="x953">1597.16dp</dimen>
    <dimen name="x954">1598.83dp</dimen>
    <dimen name="x955">1600.51dp</dimen>
    <dimen name="x956">1602.19dp</dimen>
    <dimen name="x957">1603.86dp</dimen>
    <dimen name="x958">1605.54dp</dimen>
    <dimen name="x959">1607.21dp</dimen>
    <dimen name="x960">1608.89dp</dimen>
    <dimen name="x961">1610.56dp</dimen>
    <dimen name="x962">1612.24dp</dimen>
    <dimen name="x963">1613.92dp</dimen>
    <dimen name="x964">1615.59dp</dimen>
    <dimen name="x965">1617.27dp</dimen>
    <dimen name="x966">1618.94dp</dimen>
    <dimen name="x967">1620.62dp</dimen>
    <dimen name="x968">1622.30dp</dimen>
    <dimen name="x969">1623.97dp</dimen>
    <dimen name="x970">1625.65dp</dimen>
    <dimen name="x971">1627.32dp</dimen>
    <dimen name="x972">1629.00dp</dimen>
    <dimen name="x973">1630.68dp</dimen>
    <dimen name="x974">1632.35dp</dimen>
    <dimen name="x975">1634.03dp</dimen>
    <dimen name="x976">1635.70dp</dimen>
    <dimen name="x977">1637.38dp</dimen>
    <dimen name="x978">1639.06dp</dimen>
    <dimen name="x979">1640.73dp</dimen>
    <dimen name="x980">1642.41dp</dimen>
    <dimen name="x981">1644.08dp</dimen>
    <dimen name="x982">1645.76dp</dimen>
    <dimen name="x983">1647.44dp</dimen>
    <dimen name="x984">1649.11dp</dimen>
    <dimen name="x985">1650.79dp</dimen>
    <dimen name="x986">1652.46dp</dimen>
    <dimen name="x987">1654.14dp</dimen>
    <dimen name="x988">1655.81dp</dimen>
    <dimen name="x989">1657.49dp</dimen>
    <dimen name="x990">1659.17dp</dimen>
    <dimen name="x991">1660.84dp</dimen>
    <dimen name="x992">1662.52dp</dimen>
    <dimen name="x993">1664.19dp</dimen>
    <dimen name="x994">1665.87dp</dimen>
    <dimen name="x995">1667.55dp</dimen>
    <dimen name="x996">1669.22dp</dimen>
    <dimen name="x997">1670.90dp</dimen>
    <dimen name="x998">1672.57dp</dimen>
    <dimen name="x999">1674.25dp</dimen>
    <dimen name="x1000">1675.93dp</dimen>
    <dimen name="x1001">1677.60dp</dimen>
    <dimen name="x1002">1679.28dp</dimen>
    <dimen name="x1003">1680.95dp</dimen>
    <dimen name="x1004">1682.63dp</dimen>
    <dimen name="x1005">1684.31dp</dimen>
    <dimen name="x1006">1685.98dp</dimen>
    <dimen name="x1007">1687.66dp</dimen>
    <dimen name="x1008">1689.33dp</dimen>
    <dimen name="x1009">1691.01dp</dimen>
    <dimen name="x1010">1692.69dp</dimen>
    <dimen name="x1011">1694.36dp</dimen>
    <dimen name="x1012">1696.04dp</dimen>
    <dimen name="x1013">1697.71dp</dimen>
    <dimen name="x1014">1699.39dp</dimen>
    <dimen name="x1015">1701.06dp</dimen>
    <dimen name="x1016">1702.74dp</dimen>
    <dimen name="x1017">1704.42dp</dimen>
    <dimen name="x1018">1706.09dp</dimen>
    <dimen name="x1019">1707.77dp</dimen>
    <dimen name="x1020">1709.44dp</dimen>
    <dimen name="x1021">1711.12dp</dimen>
    <dimen name="x1022">1712.80dp</dimen>
    <dimen name="x1023">1714.47dp</dimen>
    <dimen name="x1024">1716.15dp</dimen>
    <dimen name="x1025">1717.82dp</dimen>
    <dimen name="x1026">1719.50dp</dimen>
    <dimen name="x1027">1721.18dp</dimen>
    <dimen name="x1028">1722.85dp</dimen>
    <dimen name="x1029">1724.53dp</dimen>
    <dimen name="x1030">1726.20dp</dimen>
    <dimen name="x1031">1727.88dp</dimen>
    <dimen name="x1032">1729.56dp</dimen>
    <dimen name="x1033">1731.23dp</dimen>
    <dimen name="x1034">1732.91dp</dimen>
    <dimen name="x1035">1734.58dp</dimen>
    <dimen name="x1036">1736.26dp</dimen>
    <dimen name="x1037">1737.94dp</dimen>
    <dimen name="x1038">1739.61dp</dimen>
    <dimen name="x1039">1741.29dp</dimen>
    <dimen name="x1040">1742.96dp</dimen>
    <dimen name="x1041">1744.64dp</dimen>
    <dimen name="x1042">1746.31dp</dimen>
    <dimen name="x1043">1747.99dp</dimen>
    <dimen name="x1044">1749.67dp</dimen>
    <dimen name="x1045">1751.34dp</dimen>
    <dimen name="x1046">1753.02dp</dimen>
    <dimen name="x1047">1754.69dp</dimen>
    <dimen name="x1048">1756.37dp</dimen>
    <dimen name="x1049">1758.05dp</dimen>
    <dimen name="x1050">1759.72dp</dimen>
    <dimen name="x1051">1761.40dp</dimen>
    <dimen name="x1052">1763.07dp</dimen>
    <dimen name="x1053">1764.75dp</dimen>
    <dimen name="x1054">1766.43dp</dimen>
    <dimen name="x1055">1768.10dp</dimen>
    <dimen name="x1056">1769.78dp</dimen>
    <dimen name="x1057">1771.45dp</dimen>
    <dimen name="x1058">1773.13dp</dimen>
    <dimen name="x1059">1774.81dp</dimen>
    <dimen name="x1060">1776.48dp</dimen>
    <dimen name="x1061">1778.16dp</dimen>
    <dimen name="x1062">1779.83dp</dimen>
    <dimen name="x1063">1781.51dp</dimen>
    <dimen name="x1064">1783.19dp</dimen>
    <dimen name="x1065">1784.86dp</dimen>
    <dimen name="x1066">1786.54dp</dimen>
    <dimen name="x1067">1788.21dp</dimen>
    <dimen name="x1068">1789.89dp</dimen>
    <dimen name="x1069">1791.56dp</dimen>
    <dimen name="x1070">1793.24dp</dimen>
    <dimen name="x1071">1794.92dp</dimen>
    <dimen name="x1072">1796.59dp</dimen>
    <dimen name="x1073">1798.27dp</dimen>
    <dimen name="x1074">1799.94dp</dimen>
    <dimen name="x1075">1801.62dp</dimen>
    <dimen name="x1076">1803.30dp</dimen>
    <dimen name="x1077">1804.97dp</dimen>
    <dimen name="x1078">1806.65dp</dimen>
    <dimen name="x1079">1808.32dp</dimen>
    <dimen name="x1080">1810.00dp</dimen>
</resources>