<?xml version="1.0" encoding="utf-8"?>
<resources>
    <string name="sw_dp">440dp</string>
    <dimen name="x1">0.41dp</dimen>
    <dimen name="x2">0.81dp</dimen>
    <dimen name="x3">1.22dp</dimen>
    <dimen name="x4">1.63dp</dimen>
    <dimen name="x5">2.04dp</dimen>
    <dimen name="x6">2.44dp</dimen>
    <dimen name="x7">2.85dp</dimen>
    <dimen name="x8">3.26dp</dimen>
    <dimen name="x9">3.67dp</dimen>
    <dimen name="x10">4.07dp</dimen>
    <dimen name="x11">4.48dp</dimen>
    <dimen name="x12">4.89dp</dimen>
    <dimen name="x13">5.30dp</dimen>
    <dimen name="x14">5.70dp</dimen>
    <dimen name="x15">6.11dp</dimen>
    <dimen name="x16">6.52dp</dimen>
    <dimen name="x17">6.93dp</dimen>
    <dimen name="x18">7.33dp</dimen>
    <dimen name="x19">7.74dp</dimen>
    <dimen name="x20">8.15dp</dimen>
    <dimen name="x21">8.56dp</dimen>
    <dimen name="x22">8.96dp</dimen>
    <dimen name="x23">9.37dp</dimen>
    <dimen name="x24">9.78dp</dimen>
    <dimen name="x25">10.19dp</dimen>
    <dimen name="x26">10.59dp</dimen>
    <dimen name="x27">11.00dp</dimen>
    <dimen name="x28">11.41dp</dimen>
    <dimen name="x29">11.81dp</dimen>
    <dimen name="x30">12.22dp</dimen>
    <dimen name="x31">12.63dp</dimen>
    <dimen name="x32">13.04dp</dimen>
    <dimen name="x33">13.44dp</dimen>
    <dimen name="x34">13.85dp</dimen>
    <dimen name="x35">14.26dp</dimen>
    <dimen name="x36">14.67dp</dimen>
    <dimen name="x37">15.07dp</dimen>
    <dimen name="x38">15.48dp</dimen>
    <dimen name="x39">15.89dp</dimen>
    <dimen name="x40">16.30dp</dimen>
    <dimen name="x41">16.70dp</dimen>
    <dimen name="x42">17.11dp</dimen>
    <dimen name="x43">17.52dp</dimen>
    <dimen name="x44">17.93dp</dimen>
    <dimen name="x45">18.33dp</dimen>
    <dimen name="x46">18.74dp</dimen>
    <dimen name="x47">19.15dp</dimen>
    <dimen name="x48">19.56dp</dimen>
    <dimen name="x49">19.96dp</dimen>
    <dimen name="x50">20.37dp</dimen>
    <dimen name="x51">20.78dp</dimen>
    <dimen name="x52">21.19dp</dimen>
    <dimen name="x53">21.59dp</dimen>
    <dimen name="x54">22.00dp</dimen>
    <dimen name="x55">22.41dp</dimen>
    <dimen name="x56">22.81dp</dimen>
    <dimen name="x57">23.22dp</dimen>
    <dimen name="x58">23.63dp</dimen>
    <dimen name="x59">24.04dp</dimen>
    <dimen name="x60">24.44dp</dimen>
    <dimen name="x61">24.85dp</dimen>
    <dimen name="x62">25.26dp</dimen>
    <dimen name="x63">25.67dp</dimen>
    <dimen name="x64">26.07dp</dimen>
    <dimen name="x65">26.48dp</dimen>
    <dimen name="x66">26.89dp</dimen>
    <dimen name="x67">27.30dp</dimen>
    <dimen name="x68">27.70dp</dimen>
    <dimen name="x69">28.11dp</dimen>
    <dimen name="x70">28.52dp</dimen>
    <dimen name="x71">28.93dp</dimen>
    <dimen name="x72">29.33dp</dimen>
    <dimen name="x73">29.74dp</dimen>
    <dimen name="x74">30.15dp</dimen>
    <dimen name="x75">30.56dp</dimen>
    <dimen name="x76">30.96dp</dimen>
    <dimen name="x77">31.37dp</dimen>
    <dimen name="x78">31.78dp</dimen>
    <dimen name="x79">32.19dp</dimen>
    <dimen name="x80">32.59dp</dimen>
    <dimen name="x81">33.00dp</dimen>
    <dimen name="x82">33.41dp</dimen>
    <dimen name="x83">33.81dp</dimen>
    <dimen name="x84">34.22dp</dimen>
    <dimen name="x85">34.63dp</dimen>
    <dimen name="x86">35.04dp</dimen>
    <dimen name="x87">35.44dp</dimen>
    <dimen name="x88">35.85dp</dimen>
    <dimen name="x89">36.26dp</dimen>
    <dimen name="x90">36.67dp</dimen>
    <dimen name="x91">37.07dp</dimen>
    <dimen name="x92">37.48dp</dimen>
    <dimen name="x93">37.89dp</dimen>
    <dimen name="x94">38.30dp</dimen>
    <dimen name="x95">38.70dp</dimen>
    <dimen name="x96">39.11dp</dimen>
    <dimen name="x97">39.52dp</dimen>
    <dimen name="x98">39.93dp</dimen>
    <dimen name="x99">40.33dp</dimen>
    <dimen name="x100">40.74dp</dimen>
    <dimen name="x101">41.15dp</dimen>
    <dimen name="x102">41.56dp</dimen>
    <dimen name="x103">41.96dp</dimen>
    <dimen name="x104">42.37dp</dimen>
    <dimen name="x105">42.78dp</dimen>
    <dimen name="x106">43.19dp</dimen>
    <dimen name="x107">43.59dp</dimen>
    <dimen name="x108">44.00dp</dimen>
    <dimen name="x109">44.41dp</dimen>
    <dimen name="x110">44.81dp</dimen>
    <dimen name="x111">45.22dp</dimen>
    <dimen name="x112">45.63dp</dimen>
    <dimen name="x113">46.04dp</dimen>
    <dimen name="x114">46.44dp</dimen>
    <dimen name="x115">46.85dp</dimen>
    <dimen name="x116">47.26dp</dimen>
    <dimen name="x117">47.67dp</dimen>
    <dimen name="x118">48.07dp</dimen>
    <dimen name="x119">48.48dp</dimen>
    <dimen name="x120">48.89dp</dimen>
    <dimen name="x121">49.30dp</dimen>
    <dimen name="x122">49.70dp</dimen>
    <dimen name="x123">50.11dp</dimen>
    <dimen name="x124">50.52dp</dimen>
    <dimen name="x125">50.93dp</dimen>
    <dimen name="x126">51.33dp</dimen>
    <dimen name="x127">51.74dp</dimen>
    <dimen name="x128">52.15dp</dimen>
    <dimen name="x129">52.56dp</dimen>
    <dimen name="x130">52.96dp</dimen>
    <dimen name="x131">53.37dp</dimen>
    <dimen name="x132">53.78dp</dimen>
    <dimen name="x133">54.19dp</dimen>
    <dimen name="x134">54.59dp</dimen>
    <dimen name="x135">55.00dp</dimen>
    <dimen name="x136">55.41dp</dimen>
    <dimen name="x137">55.81dp</dimen>
    <dimen name="x138">56.22dp</dimen>
    <dimen name="x139">56.63dp</dimen>
    <dimen name="x140">57.04dp</dimen>
    <dimen name="x141">57.44dp</dimen>
    <dimen name="x142">57.85dp</dimen>
    <dimen name="x143">58.26dp</dimen>
    <dimen name="x144">58.67dp</dimen>
    <dimen name="x145">59.07dp</dimen>
    <dimen name="x146">59.48dp</dimen>
    <dimen name="x147">59.89dp</dimen>
    <dimen name="x148">60.30dp</dimen>
    <dimen name="x149">60.70dp</dimen>
    <dimen name="x150">61.11dp</dimen>
    <dimen name="x151">61.52dp</dimen>
    <dimen name="x152">61.93dp</dimen>
    <dimen name="x153">62.33dp</dimen>
    <dimen name="x154">62.74dp</dimen>
    <dimen name="x155">63.15dp</dimen>
    <dimen name="x156">63.56dp</dimen>
    <dimen name="x157">63.96dp</dimen>
    <dimen name="x158">64.37dp</dimen>
    <dimen name="x159">64.78dp</dimen>
    <dimen name="x160">65.19dp</dimen>
    <dimen name="x161">65.59dp</dimen>
    <dimen name="x162">66.00dp</dimen>
    <dimen name="x163">66.41dp</dimen>
    <dimen name="x164">66.81dp</dimen>
    <dimen name="x165">67.22dp</dimen>
    <dimen name="x166">67.63dp</dimen>
    <dimen name="x167">68.04dp</dimen>
    <dimen name="x168">68.44dp</dimen>
    <dimen name="x169">68.85dp</dimen>
    <dimen name="x170">69.26dp</dimen>
    <dimen name="x171">69.67dp</dimen>
    <dimen name="x172">70.07dp</dimen>
    <dimen name="x173">70.48dp</dimen>
    <dimen name="x174">70.89dp</dimen>
    <dimen name="x175">71.30dp</dimen>
    <dimen name="x176">71.70dp</dimen>
    <dimen name="x177">72.11dp</dimen>
    <dimen name="x178">72.52dp</dimen>
    <dimen name="x179">72.93dp</dimen>
    <dimen name="x180">73.33dp</dimen>
    <dimen name="x181">73.74dp</dimen>
    <dimen name="x182">74.15dp</dimen>
    <dimen name="x183">74.56dp</dimen>
    <dimen name="x184">74.96dp</dimen>
    <dimen name="x185">75.37dp</dimen>
    <dimen name="x186">75.78dp</dimen>
    <dimen name="x187">76.19dp</dimen>
    <dimen name="x188">76.59dp</dimen>
    <dimen name="x189">77.00dp</dimen>
    <dimen name="x190">77.41dp</dimen>
    <dimen name="x191">77.81dp</dimen>
    <dimen name="x192">78.22dp</dimen>
    <dimen name="x193">78.63dp</dimen>
    <dimen name="x194">79.04dp</dimen>
    <dimen name="x195">79.44dp</dimen>
    <dimen name="x196">79.85dp</dimen>
    <dimen name="x197">80.26dp</dimen>
    <dimen name="x198">80.67dp</dimen>
    <dimen name="x199">81.07dp</dimen>
    <dimen name="x200">81.48dp</dimen>
    <dimen name="x201">81.89dp</dimen>
    <dimen name="x202">82.30dp</dimen>
    <dimen name="x203">82.70dp</dimen>
    <dimen name="x204">83.11dp</dimen>
    <dimen name="x205">83.52dp</dimen>
    <dimen name="x206">83.93dp</dimen>
    <dimen name="x207">84.33dp</dimen>
    <dimen name="x208">84.74dp</dimen>
    <dimen name="x209">85.15dp</dimen>
    <dimen name="x210">85.56dp</dimen>
    <dimen name="x211">85.96dp</dimen>
    <dimen name="x212">86.37dp</dimen>
    <dimen name="x213">86.78dp</dimen>
    <dimen name="x214">87.19dp</dimen>
    <dimen name="x215">87.59dp</dimen>
    <dimen name="x216">88.00dp</dimen>
    <dimen name="x217">88.41dp</dimen>
    <dimen name="x218">88.81dp</dimen>
    <dimen name="x219">89.22dp</dimen>
    <dimen name="x220">89.63dp</dimen>
    <dimen name="x221">90.04dp</dimen>
    <dimen name="x222">90.44dp</dimen>
    <dimen name="x223">90.85dp</dimen>
    <dimen name="x224">91.26dp</dimen>
    <dimen name="x225">91.67dp</dimen>
    <dimen name="x226">92.07dp</dimen>
    <dimen name="x227">92.48dp</dimen>
    <dimen name="x228">92.89dp</dimen>
    <dimen name="x229">93.30dp</dimen>
    <dimen name="x230">93.70dp</dimen>
    <dimen name="x231">94.11dp</dimen>
    <dimen name="x232">94.52dp</dimen>
    <dimen name="x233">94.93dp</dimen>
    <dimen name="x234">95.33dp</dimen>
    <dimen name="x235">95.74dp</dimen>
    <dimen name="x236">96.15dp</dimen>
    <dimen name="x237">96.56dp</dimen>
    <dimen name="x238">96.96dp</dimen>
    <dimen name="x239">97.37dp</dimen>
    <dimen name="x240">97.78dp</dimen>
    <dimen name="x241">98.19dp</dimen>
    <dimen name="x242">98.59dp</dimen>
    <dimen name="x243">99.00dp</dimen>
    <dimen name="x244">99.41dp</dimen>
    <dimen name="x245">99.81dp</dimen>
    <dimen name="x246">100.22dp</dimen>
    <dimen name="x247">100.63dp</dimen>
    <dimen name="x248">101.04dp</dimen>
    <dimen name="x249">101.44dp</dimen>
    <dimen name="x250">101.85dp</dimen>
    <dimen name="x251">102.26dp</dimen>
    <dimen name="x252">102.67dp</dimen>
    <dimen name="x253">103.07dp</dimen>
    <dimen name="x254">103.48dp</dimen>
    <dimen name="x255">103.89dp</dimen>
    <dimen name="x256">104.30dp</dimen>
    <dimen name="x257">104.70dp</dimen>
    <dimen name="x258">105.11dp</dimen>
    <dimen name="x259">105.52dp</dimen>
    <dimen name="x260">105.93dp</dimen>
    <dimen name="x261">106.33dp</dimen>
    <dimen name="x262">106.74dp</dimen>
    <dimen name="x263">107.15dp</dimen>
    <dimen name="x264">107.56dp</dimen>
    <dimen name="x265">107.96dp</dimen>
    <dimen name="x266">108.37dp</dimen>
    <dimen name="x267">108.78dp</dimen>
    <dimen name="x268">109.19dp</dimen>
    <dimen name="x269">109.59dp</dimen>
    <dimen name="x270">110.00dp</dimen>
    <dimen name="x271">110.41dp</dimen>
    <dimen name="x272">110.81dp</dimen>
    <dimen name="x273">111.22dp</dimen>
    <dimen name="x274">111.63dp</dimen>
    <dimen name="x275">112.04dp</dimen>
    <dimen name="x276">112.44dp</dimen>
    <dimen name="x277">112.85dp</dimen>
    <dimen name="x278">113.26dp</dimen>
    <dimen name="x279">113.67dp</dimen>
    <dimen name="x280">114.07dp</dimen>
    <dimen name="x281">114.48dp</dimen>
    <dimen name="x282">114.89dp</dimen>
    <dimen name="x283">115.30dp</dimen>
    <dimen name="x284">115.70dp</dimen>
    <dimen name="x285">116.11dp</dimen>
    <dimen name="x286">116.52dp</dimen>
    <dimen name="x287">116.93dp</dimen>
    <dimen name="x288">117.33dp</dimen>
    <dimen name="x289">117.74dp</dimen>
    <dimen name="x290">118.15dp</dimen>
    <dimen name="x291">118.56dp</dimen>
    <dimen name="x292">118.96dp</dimen>
    <dimen name="x293">119.37dp</dimen>
    <dimen name="x294">119.78dp</dimen>
    <dimen name="x295">120.19dp</dimen>
    <dimen name="x296">120.59dp</dimen>
    <dimen name="x297">121.00dp</dimen>
    <dimen name="x298">121.41dp</dimen>
    <dimen name="x299">121.81dp</dimen>
    <dimen name="x300">122.22dp</dimen>
    <dimen name="x301">122.63dp</dimen>
    <dimen name="x302">123.04dp</dimen>
    <dimen name="x303">123.44dp</dimen>
    <dimen name="x304">123.85dp</dimen>
    <dimen name="x305">124.26dp</dimen>
    <dimen name="x306">124.67dp</dimen>
    <dimen name="x307">125.07dp</dimen>
    <dimen name="x308">125.48dp</dimen>
    <dimen name="x309">125.89dp</dimen>
    <dimen name="x310">126.30dp</dimen>
    <dimen name="x311">126.70dp</dimen>
    <dimen name="x312">127.11dp</dimen>
    <dimen name="x313">127.52dp</dimen>
    <dimen name="x314">127.93dp</dimen>
    <dimen name="x315">128.33dp</dimen>
    <dimen name="x316">128.74dp</dimen>
    <dimen name="x317">129.15dp</dimen>
    <dimen name="x318">129.56dp</dimen>
    <dimen name="x319">129.96dp</dimen>
    <dimen name="x320">130.37dp</dimen>
    <dimen name="x321">130.78dp</dimen>
    <dimen name="x322">131.19dp</dimen>
    <dimen name="x323">131.59dp</dimen>
    <dimen name="x324">132.00dp</dimen>
    <dimen name="x325">132.41dp</dimen>
    <dimen name="x326">132.81dp</dimen>
    <dimen name="x327">133.22dp</dimen>
    <dimen name="x328">133.63dp</dimen>
    <dimen name="x329">134.04dp</dimen>
    <dimen name="x330">134.44dp</dimen>
    <dimen name="x331">134.85dp</dimen>
    <dimen name="x332">135.26dp</dimen>
    <dimen name="x333">135.67dp</dimen>
    <dimen name="x334">136.07dp</dimen>
    <dimen name="x335">136.48dp</dimen>
    <dimen name="x336">136.89dp</dimen>
    <dimen name="x337">137.30dp</dimen>
    <dimen name="x338">137.70dp</dimen>
    <dimen name="x339">138.11dp</dimen>
    <dimen name="x340">138.52dp</dimen>
    <dimen name="x341">138.93dp</dimen>
    <dimen name="x342">139.33dp</dimen>
    <dimen name="x343">139.74dp</dimen>
    <dimen name="x344">140.15dp</dimen>
    <dimen name="x345">140.56dp</dimen>
    <dimen name="x346">140.96dp</dimen>
    <dimen name="x347">141.37dp</dimen>
    <dimen name="x348">141.78dp</dimen>
    <dimen name="x349">142.19dp</dimen>
    <dimen name="x350">142.59dp</dimen>
    <dimen name="x351">143.00dp</dimen>
    <dimen name="x352">143.41dp</dimen>
    <dimen name="x353">143.81dp</dimen>
    <dimen name="x354">144.22dp</dimen>
    <dimen name="x355">144.63dp</dimen>
    <dimen name="x356">145.04dp</dimen>
    <dimen name="x357">145.44dp</dimen>
    <dimen name="x358">145.85dp</dimen>
    <dimen name="x359">146.26dp</dimen>
    <dimen name="x360">146.67dp</dimen>
    <dimen name="x361">147.07dp</dimen>
    <dimen name="x362">147.48dp</dimen>
    <dimen name="x363">147.89dp</dimen>
    <dimen name="x364">148.30dp</dimen>
    <dimen name="x365">148.70dp</dimen>
    <dimen name="x366">149.11dp</dimen>
    <dimen name="x367">149.52dp</dimen>
    <dimen name="x368">149.93dp</dimen>
    <dimen name="x369">150.33dp</dimen>
    <dimen name="x370">150.74dp</dimen>
    <dimen name="x371">151.15dp</dimen>
    <dimen name="x372">151.56dp</dimen>
    <dimen name="x373">151.96dp</dimen>
    <dimen name="x374">152.37dp</dimen>
    <dimen name="x375">152.78dp</dimen>
    <dimen name="x376">153.19dp</dimen>
    <dimen name="x377">153.59dp</dimen>
    <dimen name="x378">154.00dp</dimen>
    <dimen name="x379">154.41dp</dimen>
    <dimen name="x380">154.81dp</dimen>
    <dimen name="x381">155.22dp</dimen>
    <dimen name="x382">155.63dp</dimen>
    <dimen name="x383">156.04dp</dimen>
    <dimen name="x384">156.44dp</dimen>
    <dimen name="x385">156.85dp</dimen>
    <dimen name="x386">157.26dp</dimen>
    <dimen name="x387">157.67dp</dimen>
    <dimen name="x388">158.07dp</dimen>
    <dimen name="x389">158.48dp</dimen>
    <dimen name="x390">158.89dp</dimen>
    <dimen name="x391">159.30dp</dimen>
    <dimen name="x392">159.70dp</dimen>
    <dimen name="x393">160.11dp</dimen>
    <dimen name="x394">160.52dp</dimen>
    <dimen name="x395">160.93dp</dimen>
    <dimen name="x396">161.33dp</dimen>
    <dimen name="x397">161.74dp</dimen>
    <dimen name="x398">162.15dp</dimen>
    <dimen name="x399">162.56dp</dimen>
    <dimen name="x400">162.96dp</dimen>
    <dimen name="x401">163.37dp</dimen>
    <dimen name="x402">163.78dp</dimen>
    <dimen name="x403">164.19dp</dimen>
    <dimen name="x404">164.59dp</dimen>
    <dimen name="x405">165.00dp</dimen>
    <dimen name="x406">165.41dp</dimen>
    <dimen name="x407">165.81dp</dimen>
    <dimen name="x408">166.22dp</dimen>
    <dimen name="x409">166.63dp</dimen>
    <dimen name="x410">167.04dp</dimen>
    <dimen name="x411">167.44dp</dimen>
    <dimen name="x412">167.85dp</dimen>
    <dimen name="x413">168.26dp</dimen>
    <dimen name="x414">168.67dp</dimen>
    <dimen name="x415">169.07dp</dimen>
    <dimen name="x416">169.48dp</dimen>
    <dimen name="x417">169.89dp</dimen>
    <dimen name="x418">170.30dp</dimen>
    <dimen name="x419">170.70dp</dimen>
    <dimen name="x420">171.11dp</dimen>
    <dimen name="x421">171.52dp</dimen>
    <dimen name="x422">171.93dp</dimen>
    <dimen name="x423">172.33dp</dimen>
    <dimen name="x424">172.74dp</dimen>
    <dimen name="x425">173.15dp</dimen>
    <dimen name="x426">173.56dp</dimen>
    <dimen name="x427">173.96dp</dimen>
    <dimen name="x428">174.37dp</dimen>
    <dimen name="x429">174.78dp</dimen>
    <dimen name="x430">175.19dp</dimen>
    <dimen name="x431">175.59dp</dimen>
    <dimen name="x432">176.00dp</dimen>
    <dimen name="x433">176.41dp</dimen>
    <dimen name="x434">176.81dp</dimen>
    <dimen name="x435">177.22dp</dimen>
    <dimen name="x436">177.63dp</dimen>
    <dimen name="x437">178.04dp</dimen>
    <dimen name="x438">178.44dp</dimen>
    <dimen name="x439">178.85dp</dimen>
    <dimen name="x440">179.26dp</dimen>
    <dimen name="x441">179.67dp</dimen>
    <dimen name="x442">180.07dp</dimen>
    <dimen name="x443">180.48dp</dimen>
    <dimen name="x444">180.89dp</dimen>
    <dimen name="x445">181.30dp</dimen>
    <dimen name="x446">181.70dp</dimen>
    <dimen name="x447">182.11dp</dimen>
    <dimen name="x448">182.52dp</dimen>
    <dimen name="x449">182.93dp</dimen>
    <dimen name="x450">183.33dp</dimen>
    <dimen name="x451">183.74dp</dimen>
    <dimen name="x452">184.15dp</dimen>
    <dimen name="x453">184.56dp</dimen>
    <dimen name="x454">184.96dp</dimen>
    <dimen name="x455">185.37dp</dimen>
    <dimen name="x456">185.78dp</dimen>
    <dimen name="x457">186.19dp</dimen>
    <dimen name="x458">186.59dp</dimen>
    <dimen name="x459">187.00dp</dimen>
    <dimen name="x460">187.41dp</dimen>
    <dimen name="x461">187.81dp</dimen>
    <dimen name="x462">188.22dp</dimen>
    <dimen name="x463">188.63dp</dimen>
    <dimen name="x464">189.04dp</dimen>
    <dimen name="x465">189.44dp</dimen>
    <dimen name="x466">189.85dp</dimen>
    <dimen name="x467">190.26dp</dimen>
    <dimen name="x468">190.67dp</dimen>
    <dimen name="x469">191.07dp</dimen>
    <dimen name="x470">191.48dp</dimen>
    <dimen name="x471">191.89dp</dimen>
    <dimen name="x472">192.30dp</dimen>
    <dimen name="x473">192.70dp</dimen>
    <dimen name="x474">193.11dp</dimen>
    <dimen name="x475">193.52dp</dimen>
    <dimen name="x476">193.93dp</dimen>
    <dimen name="x477">194.33dp</dimen>
    <dimen name="x478">194.74dp</dimen>
    <dimen name="x479">195.15dp</dimen>
    <dimen name="x480">195.56dp</dimen>
    <dimen name="x481">195.96dp</dimen>
    <dimen name="x482">196.37dp</dimen>
    <dimen name="x483">196.78dp</dimen>
    <dimen name="x484">197.19dp</dimen>
    <dimen name="x485">197.59dp</dimen>
    <dimen name="x486">198.00dp</dimen>
    <dimen name="x487">198.41dp</dimen>
    <dimen name="x488">198.81dp</dimen>
    <dimen name="x489">199.22dp</dimen>
    <dimen name="x490">199.63dp</dimen>
    <dimen name="x491">200.04dp</dimen>
    <dimen name="x492">200.44dp</dimen>
    <dimen name="x493">200.85dp</dimen>
    <dimen name="x494">201.26dp</dimen>
    <dimen name="x495">201.67dp</dimen>
    <dimen name="x496">202.07dp</dimen>
    <dimen name="x497">202.48dp</dimen>
    <dimen name="x498">202.89dp</dimen>
    <dimen name="x499">203.30dp</dimen>
    <dimen name="x500">203.70dp</dimen>
    <dimen name="x501">204.11dp</dimen>
    <dimen name="x502">204.52dp</dimen>
    <dimen name="x503">204.93dp</dimen>
    <dimen name="x504">205.33dp</dimen>
    <dimen name="x505">205.74dp</dimen>
    <dimen name="x506">206.15dp</dimen>
    <dimen name="x507">206.56dp</dimen>
    <dimen name="x508">206.96dp</dimen>
    <dimen name="x509">207.37dp</dimen>
    <dimen name="x510">207.78dp</dimen>
    <dimen name="x511">208.19dp</dimen>
    <dimen name="x512">208.59dp</dimen>
    <dimen name="x513">209.00dp</dimen>
    <dimen name="x514">209.41dp</dimen>
    <dimen name="x515">209.81dp</dimen>
    <dimen name="x516">210.22dp</dimen>
    <dimen name="x517">210.63dp</dimen>
    <dimen name="x518">211.04dp</dimen>
    <dimen name="x519">211.44dp</dimen>
    <dimen name="x520">211.85dp</dimen>
    <dimen name="x521">212.26dp</dimen>
    <dimen name="x522">212.67dp</dimen>
    <dimen name="x523">213.07dp</dimen>
    <dimen name="x524">213.48dp</dimen>
    <dimen name="x525">213.89dp</dimen>
    <dimen name="x526">214.30dp</dimen>
    <dimen name="x527">214.70dp</dimen>
    <dimen name="x528">215.11dp</dimen>
    <dimen name="x529">215.52dp</dimen>
    <dimen name="x530">215.93dp</dimen>
    <dimen name="x531">216.33dp</dimen>
    <dimen name="x532">216.74dp</dimen>
    <dimen name="x533">217.15dp</dimen>
    <dimen name="x534">217.56dp</dimen>
    <dimen name="x535">217.96dp</dimen>
    <dimen name="x536">218.37dp</dimen>
    <dimen name="x537">218.78dp</dimen>
    <dimen name="x538">219.19dp</dimen>
    <dimen name="x539">219.59dp</dimen>
    <dimen name="x540">220.00dp</dimen>
    <dimen name="x541">220.41dp</dimen>
    <dimen name="x542">220.81dp</dimen>
    <dimen name="x543">221.22dp</dimen>
    <dimen name="x544">221.63dp</dimen>
    <dimen name="x545">222.04dp</dimen>
    <dimen name="x546">222.44dp</dimen>
    <dimen name="x547">222.85dp</dimen>
    <dimen name="x548">223.26dp</dimen>
    <dimen name="x549">223.67dp</dimen>
    <dimen name="x550">224.07dp</dimen>
    <dimen name="x551">224.48dp</dimen>
    <dimen name="x552">224.89dp</dimen>
    <dimen name="x553">225.30dp</dimen>
    <dimen name="x554">225.70dp</dimen>
    <dimen name="x555">226.11dp</dimen>
    <dimen name="x556">226.52dp</dimen>
    <dimen name="x557">226.93dp</dimen>
    <dimen name="x558">227.33dp</dimen>
    <dimen name="x559">227.74dp</dimen>
    <dimen name="x560">228.15dp</dimen>
    <dimen name="x561">228.56dp</dimen>
    <dimen name="x562">228.96dp</dimen>
    <dimen name="x563">229.37dp</dimen>
    <dimen name="x564">229.78dp</dimen>
    <dimen name="x565">230.19dp</dimen>
    <dimen name="x566">230.59dp</dimen>
    <dimen name="x567">231.00dp</dimen>
    <dimen name="x568">231.41dp</dimen>
    <dimen name="x569">231.81dp</dimen>
    <dimen name="x570">232.22dp</dimen>
    <dimen name="x571">232.63dp</dimen>
    <dimen name="x572">233.04dp</dimen>
    <dimen name="x573">233.44dp</dimen>
    <dimen name="x574">233.85dp</dimen>
    <dimen name="x575">234.26dp</dimen>
    <dimen name="x576">234.67dp</dimen>
    <dimen name="x577">235.07dp</dimen>
    <dimen name="x578">235.48dp</dimen>
    <dimen name="x579">235.89dp</dimen>
    <dimen name="x580">236.30dp</dimen>
    <dimen name="x581">236.70dp</dimen>
    <dimen name="x582">237.11dp</dimen>
    <dimen name="x583">237.52dp</dimen>
    <dimen name="x584">237.93dp</dimen>
    <dimen name="x585">238.33dp</dimen>
    <dimen name="x586">238.74dp</dimen>
    <dimen name="x587">239.15dp</dimen>
    <dimen name="x588">239.56dp</dimen>
    <dimen name="x589">239.96dp</dimen>
    <dimen name="x590">240.37dp</dimen>
    <dimen name="x591">240.78dp</dimen>
    <dimen name="x592">241.19dp</dimen>
    <dimen name="x593">241.59dp</dimen>
    <dimen name="x594">242.00dp</dimen>
    <dimen name="x595">242.41dp</dimen>
    <dimen name="x596">242.81dp</dimen>
    <dimen name="x597">243.22dp</dimen>
    <dimen name="x598">243.63dp</dimen>
    <dimen name="x599">244.04dp</dimen>
    <dimen name="x600">244.44dp</dimen>
    <dimen name="x601">244.85dp</dimen>
    <dimen name="x602">245.26dp</dimen>
    <dimen name="x603">245.67dp</dimen>
    <dimen name="x604">246.07dp</dimen>
    <dimen name="x605">246.48dp</dimen>
    <dimen name="x606">246.89dp</dimen>
    <dimen name="x607">247.30dp</dimen>
    <dimen name="x608">247.70dp</dimen>
    <dimen name="x609">248.11dp</dimen>
    <dimen name="x610">248.52dp</dimen>
    <dimen name="x611">248.93dp</dimen>
    <dimen name="x612">249.33dp</dimen>
    <dimen name="x613">249.74dp</dimen>
    <dimen name="x614">250.15dp</dimen>
    <dimen name="x615">250.56dp</dimen>
    <dimen name="x616">250.96dp</dimen>
    <dimen name="x617">251.37dp</dimen>
    <dimen name="x618">251.78dp</dimen>
    <dimen name="x619">252.19dp</dimen>
    <dimen name="x620">252.59dp</dimen>
    <dimen name="x621">253.00dp</dimen>
    <dimen name="x622">253.41dp</dimen>
    <dimen name="x623">253.81dp</dimen>
    <dimen name="x624">254.22dp</dimen>
    <dimen name="x625">254.63dp</dimen>
    <dimen name="x626">255.04dp</dimen>
    <dimen name="x627">255.44dp</dimen>
    <dimen name="x628">255.85dp</dimen>
    <dimen name="x629">256.26dp</dimen>
    <dimen name="x630">256.67dp</dimen>
    <dimen name="x631">257.07dp</dimen>
    <dimen name="x632">257.48dp</dimen>
    <dimen name="x633">257.89dp</dimen>
    <dimen name="x634">258.30dp</dimen>
    <dimen name="x635">258.70dp</dimen>
    <dimen name="x636">259.11dp</dimen>
    <dimen name="x637">259.52dp</dimen>
    <dimen name="x638">259.93dp</dimen>
    <dimen name="x639">260.33dp</dimen>
    <dimen name="x640">260.74dp</dimen>
    <dimen name="x641">261.15dp</dimen>
    <dimen name="x642">261.56dp</dimen>
    <dimen name="x643">261.96dp</dimen>
    <dimen name="x644">262.37dp</dimen>
    <dimen name="x645">262.78dp</dimen>
    <dimen name="x646">263.19dp</dimen>
    <dimen name="x647">263.59dp</dimen>
    <dimen name="x648">264.00dp</dimen>
    <dimen name="x649">264.41dp</dimen>
    <dimen name="x650">264.81dp</dimen>
    <dimen name="x651">265.22dp</dimen>
    <dimen name="x652">265.63dp</dimen>
    <dimen name="x653">266.04dp</dimen>
    <dimen name="x654">266.44dp</dimen>
    <dimen name="x655">266.85dp</dimen>
    <dimen name="x656">267.26dp</dimen>
    <dimen name="x657">267.67dp</dimen>
    <dimen name="x658">268.07dp</dimen>
    <dimen name="x659">268.48dp</dimen>
    <dimen name="x660">268.89dp</dimen>
    <dimen name="x661">269.30dp</dimen>
    <dimen name="x662">269.70dp</dimen>
    <dimen name="x663">270.11dp</dimen>
    <dimen name="x664">270.52dp</dimen>
    <dimen name="x665">270.93dp</dimen>
    <dimen name="x666">271.33dp</dimen>
    <dimen name="x667">271.74dp</dimen>
    <dimen name="x668">272.15dp</dimen>
    <dimen name="x669">272.56dp</dimen>
    <dimen name="x670">272.96dp</dimen>
    <dimen name="x671">273.37dp</dimen>
    <dimen name="x672">273.78dp</dimen>
    <dimen name="x673">274.19dp</dimen>
    <dimen name="x674">274.59dp</dimen>
    <dimen name="x675">275.00dp</dimen>
    <dimen name="x676">275.41dp</dimen>
    <dimen name="x677">275.81dp</dimen>
    <dimen name="x678">276.22dp</dimen>
    <dimen name="x679">276.63dp</dimen>
    <dimen name="x680">277.04dp</dimen>
    <dimen name="x681">277.44dp</dimen>
    <dimen name="x682">277.85dp</dimen>
    <dimen name="x683">278.26dp</dimen>
    <dimen name="x684">278.67dp</dimen>
    <dimen name="x685">279.07dp</dimen>
    <dimen name="x686">279.48dp</dimen>
    <dimen name="x687">279.89dp</dimen>
    <dimen name="x688">280.30dp</dimen>
    <dimen name="x689">280.70dp</dimen>
    <dimen name="x690">281.11dp</dimen>
    <dimen name="x691">281.52dp</dimen>
    <dimen name="x692">281.93dp</dimen>
    <dimen name="x693">282.33dp</dimen>
    <dimen name="x694">282.74dp</dimen>
    <dimen name="x695">283.15dp</dimen>
    <dimen name="x696">283.56dp</dimen>
    <dimen name="x697">283.96dp</dimen>
    <dimen name="x698">284.37dp</dimen>
    <dimen name="x699">284.78dp</dimen>
    <dimen name="x700">285.19dp</dimen>
    <dimen name="x701">285.59dp</dimen>
    <dimen name="x702">286.00dp</dimen>
    <dimen name="x703">286.41dp</dimen>
    <dimen name="x704">286.81dp</dimen>
    <dimen name="x705">287.22dp</dimen>
    <dimen name="x706">287.63dp</dimen>
    <dimen name="x707">288.04dp</dimen>
    <dimen name="x708">288.44dp</dimen>
    <dimen name="x709">288.85dp</dimen>
    <dimen name="x710">289.26dp</dimen>
    <dimen name="x711">289.67dp</dimen>
    <dimen name="x712">290.07dp</dimen>
    <dimen name="x713">290.48dp</dimen>
    <dimen name="x714">290.89dp</dimen>
    <dimen name="x715">291.30dp</dimen>
    <dimen name="x716">291.70dp</dimen>
    <dimen name="x717">292.11dp</dimen>
    <dimen name="x718">292.52dp</dimen>
    <dimen name="x719">292.93dp</dimen>
    <dimen name="x720">293.33dp</dimen>
    <dimen name="x721">293.74dp</dimen>
    <dimen name="x722">294.15dp</dimen>
    <dimen name="x723">294.56dp</dimen>
    <dimen name="x724">294.96dp</dimen>
    <dimen name="x725">295.37dp</dimen>
    <dimen name="x726">295.78dp</dimen>
    <dimen name="x727">296.19dp</dimen>
    <dimen name="x728">296.59dp</dimen>
    <dimen name="x729">297.00dp</dimen>
    <dimen name="x730">297.41dp</dimen>
    <dimen name="x731">297.81dp</dimen>
    <dimen name="x732">298.22dp</dimen>
    <dimen name="x733">298.63dp</dimen>
    <dimen name="x734">299.04dp</dimen>
    <dimen name="x735">299.44dp</dimen>
    <dimen name="x736">299.85dp</dimen>
    <dimen name="x737">300.26dp</dimen>
    <dimen name="x738">300.67dp</dimen>
    <dimen name="x739">301.07dp</dimen>
    <dimen name="x740">301.48dp</dimen>
    <dimen name="x741">301.89dp</dimen>
    <dimen name="x742">302.30dp</dimen>
    <dimen name="x743">302.70dp</dimen>
    <dimen name="x744">303.11dp</dimen>
    <dimen name="x745">303.52dp</dimen>
    <dimen name="x746">303.93dp</dimen>
    <dimen name="x747">304.33dp</dimen>
    <dimen name="x748">304.74dp</dimen>
    <dimen name="x749">305.15dp</dimen>
    <dimen name="x750">305.56dp</dimen>
    <dimen name="x751">305.96dp</dimen>
    <dimen name="x752">306.37dp</dimen>
    <dimen name="x753">306.78dp</dimen>
    <dimen name="x754">307.19dp</dimen>
    <dimen name="x755">307.59dp</dimen>
    <dimen name="x756">308.00dp</dimen>
    <dimen name="x757">308.41dp</dimen>
    <dimen name="x758">308.81dp</dimen>
    <dimen name="x759">309.22dp</dimen>
    <dimen name="x760">309.63dp</dimen>
    <dimen name="x761">310.04dp</dimen>
    <dimen name="x762">310.44dp</dimen>
    <dimen name="x763">310.85dp</dimen>
    <dimen name="x764">311.26dp</dimen>
    <dimen name="x765">311.67dp</dimen>
    <dimen name="x766">312.07dp</dimen>
    <dimen name="x767">312.48dp</dimen>
    <dimen name="x768">312.89dp</dimen>
    <dimen name="x769">313.30dp</dimen>
    <dimen name="x770">313.70dp</dimen>
    <dimen name="x771">314.11dp</dimen>
    <dimen name="x772">314.52dp</dimen>
    <dimen name="x773">314.93dp</dimen>
    <dimen name="x774">315.33dp</dimen>
    <dimen name="x775">315.74dp</dimen>
    <dimen name="x776">316.15dp</dimen>
    <dimen name="x777">316.56dp</dimen>
    <dimen name="x778">316.96dp</dimen>
    <dimen name="x779">317.37dp</dimen>
    <dimen name="x780">317.78dp</dimen>
    <dimen name="x781">318.19dp</dimen>
    <dimen name="x782">318.59dp</dimen>
    <dimen name="x783">319.00dp</dimen>
    <dimen name="x784">319.41dp</dimen>
    <dimen name="x785">319.81dp</dimen>
    <dimen name="x786">320.22dp</dimen>
    <dimen name="x787">320.63dp</dimen>
    <dimen name="x788">321.04dp</dimen>
    <dimen name="x789">321.44dp</dimen>
    <dimen name="x790">321.85dp</dimen>
    <dimen name="x791">322.26dp</dimen>
    <dimen name="x792">322.67dp</dimen>
    <dimen name="x793">323.07dp</dimen>
    <dimen name="x794">323.48dp</dimen>
    <dimen name="x795">323.89dp</dimen>
    <dimen name="x796">324.30dp</dimen>
    <dimen name="x797">324.70dp</dimen>
    <dimen name="x798">325.11dp</dimen>
    <dimen name="x799">325.52dp</dimen>
    <dimen name="x800">325.93dp</dimen>
    <dimen name="x801">326.33dp</dimen>
    <dimen name="x802">326.74dp</dimen>
    <dimen name="x803">327.15dp</dimen>
    <dimen name="x804">327.56dp</dimen>
    <dimen name="x805">327.96dp</dimen>
    <dimen name="x806">328.37dp</dimen>
    <dimen name="x807">328.78dp</dimen>
    <dimen name="x808">329.19dp</dimen>
    <dimen name="x809">329.59dp</dimen>
    <dimen name="x810">330.00dp</dimen>
    <dimen name="x811">330.41dp</dimen>
    <dimen name="x812">330.81dp</dimen>
    <dimen name="x813">331.22dp</dimen>
    <dimen name="x814">331.63dp</dimen>
    <dimen name="x815">332.04dp</dimen>
    <dimen name="x816">332.44dp</dimen>
    <dimen name="x817">332.85dp</dimen>
    <dimen name="x818">333.26dp</dimen>
    <dimen name="x819">333.67dp</dimen>
    <dimen name="x820">334.07dp</dimen>
    <dimen name="x821">334.48dp</dimen>
    <dimen name="x822">334.89dp</dimen>
    <dimen name="x823">335.30dp</dimen>
    <dimen name="x824">335.70dp</dimen>
    <dimen name="x825">336.11dp</dimen>
    <dimen name="x826">336.52dp</dimen>
    <dimen name="x827">336.93dp</dimen>
    <dimen name="x828">337.33dp</dimen>
    <dimen name="x829">337.74dp</dimen>
    <dimen name="x830">338.15dp</dimen>
    <dimen name="x831">338.56dp</dimen>
    <dimen name="x832">338.96dp</dimen>
    <dimen name="x833">339.37dp</dimen>
    <dimen name="x834">339.78dp</dimen>
    <dimen name="x835">340.19dp</dimen>
    <dimen name="x836">340.59dp</dimen>
    <dimen name="x837">341.00dp</dimen>
    <dimen name="x838">341.41dp</dimen>
    <dimen name="x839">341.81dp</dimen>
    <dimen name="x840">342.22dp</dimen>
    <dimen name="x841">342.63dp</dimen>
    <dimen name="x842">343.04dp</dimen>
    <dimen name="x843">343.44dp</dimen>
    <dimen name="x844">343.85dp</dimen>
    <dimen name="x845">344.26dp</dimen>
    <dimen name="x846">344.67dp</dimen>
    <dimen name="x847">345.07dp</dimen>
    <dimen name="x848">345.48dp</dimen>
    <dimen name="x849">345.89dp</dimen>
    <dimen name="x850">346.30dp</dimen>
    <dimen name="x851">346.70dp</dimen>
    <dimen name="x852">347.11dp</dimen>
    <dimen name="x853">347.52dp</dimen>
    <dimen name="x854">347.93dp</dimen>
    <dimen name="x855">348.33dp</dimen>
    <dimen name="x856">348.74dp</dimen>
    <dimen name="x857">349.15dp</dimen>
    <dimen name="x858">349.56dp</dimen>
    <dimen name="x859">349.96dp</dimen>
    <dimen name="x860">350.37dp</dimen>
    <dimen name="x861">350.78dp</dimen>
    <dimen name="x862">351.19dp</dimen>
    <dimen name="x863">351.59dp</dimen>
    <dimen name="x864">352.00dp</dimen>
    <dimen name="x865">352.41dp</dimen>
    <dimen name="x866">352.81dp</dimen>
    <dimen name="x867">353.22dp</dimen>
    <dimen name="x868">353.63dp</dimen>
    <dimen name="x869">354.04dp</dimen>
    <dimen name="x870">354.44dp</dimen>
    <dimen name="x871">354.85dp</dimen>
    <dimen name="x872">355.26dp</dimen>
    <dimen name="x873">355.67dp</dimen>
    <dimen name="x874">356.07dp</dimen>
    <dimen name="x875">356.48dp</dimen>
    <dimen name="x876">356.89dp</dimen>
    <dimen name="x877">357.30dp</dimen>
    <dimen name="x878">357.70dp</dimen>
    <dimen name="x879">358.11dp</dimen>
    <dimen name="x880">358.52dp</dimen>
    <dimen name="x881">358.93dp</dimen>
    <dimen name="x882">359.33dp</dimen>
    <dimen name="x883">359.74dp</dimen>
    <dimen name="x884">360.15dp</dimen>
    <dimen name="x885">360.56dp</dimen>
    <dimen name="x886">360.96dp</dimen>
    <dimen name="x887">361.37dp</dimen>
    <dimen name="x888">361.78dp</dimen>
    <dimen name="x889">362.19dp</dimen>
    <dimen name="x890">362.59dp</dimen>
    <dimen name="x891">363.00dp</dimen>
    <dimen name="x892">363.41dp</dimen>
    <dimen name="x893">363.81dp</dimen>
    <dimen name="x894">364.22dp</dimen>
    <dimen name="x895">364.63dp</dimen>
    <dimen name="x896">365.04dp</dimen>
    <dimen name="x897">365.44dp</dimen>
    <dimen name="x898">365.85dp</dimen>
    <dimen name="x899">366.26dp</dimen>
    <dimen name="x900">366.67dp</dimen>
    <dimen name="x901">367.07dp</dimen>
    <dimen name="x902">367.48dp</dimen>
    <dimen name="x903">367.89dp</dimen>
    <dimen name="x904">368.30dp</dimen>
    <dimen name="x905">368.70dp</dimen>
    <dimen name="x906">369.11dp</dimen>
    <dimen name="x907">369.52dp</dimen>
    <dimen name="x908">369.93dp</dimen>
    <dimen name="x909">370.33dp</dimen>
    <dimen name="x910">370.74dp</dimen>
    <dimen name="x911">371.15dp</dimen>
    <dimen name="x912">371.56dp</dimen>
    <dimen name="x913">371.96dp</dimen>
    <dimen name="x914">372.37dp</dimen>
    <dimen name="x915">372.78dp</dimen>
    <dimen name="x916">373.19dp</dimen>
    <dimen name="x917">373.59dp</dimen>
    <dimen name="x918">374.00dp</dimen>
    <dimen name="x919">374.41dp</dimen>
    <dimen name="x920">374.81dp</dimen>
    <dimen name="x921">375.22dp</dimen>
    <dimen name="x922">375.63dp</dimen>
    <dimen name="x923">376.04dp</dimen>
    <dimen name="x924">376.44dp</dimen>
    <dimen name="x925">376.85dp</dimen>
    <dimen name="x926">377.26dp</dimen>
    <dimen name="x927">377.67dp</dimen>
    <dimen name="x928">378.07dp</dimen>
    <dimen name="x929">378.48dp</dimen>
    <dimen name="x930">378.89dp</dimen>
    <dimen name="x931">379.30dp</dimen>
    <dimen name="x932">379.70dp</dimen>
    <dimen name="x933">380.11dp</dimen>
    <dimen name="x934">380.52dp</dimen>
    <dimen name="x935">380.93dp</dimen>
    <dimen name="x936">381.33dp</dimen>
    <dimen name="x937">381.74dp</dimen>
    <dimen name="x938">382.15dp</dimen>
    <dimen name="x939">382.56dp</dimen>
    <dimen name="x940">382.96dp</dimen>
    <dimen name="x941">383.37dp</dimen>
    <dimen name="x942">383.78dp</dimen>
    <dimen name="x943">384.19dp</dimen>
    <dimen name="x944">384.59dp</dimen>
    <dimen name="x945">385.00dp</dimen>
    <dimen name="x946">385.41dp</dimen>
    <dimen name="x947">385.81dp</dimen>
    <dimen name="x948">386.22dp</dimen>
    <dimen name="x949">386.63dp</dimen>
    <dimen name="x950">387.04dp</dimen>
    <dimen name="x951">387.44dp</dimen>
    <dimen name="x952">387.85dp</dimen>
    <dimen name="x953">388.26dp</dimen>
    <dimen name="x954">388.67dp</dimen>
    <dimen name="x955">389.07dp</dimen>
    <dimen name="x956">389.48dp</dimen>
    <dimen name="x957">389.89dp</dimen>
    <dimen name="x958">390.30dp</dimen>
    <dimen name="x959">390.70dp</dimen>
    <dimen name="x960">391.11dp</dimen>
    <dimen name="x961">391.52dp</dimen>
    <dimen name="x962">391.93dp</dimen>
    <dimen name="x963">392.33dp</dimen>
    <dimen name="x964">392.74dp</dimen>
    <dimen name="x965">393.15dp</dimen>
    <dimen name="x966">393.56dp</dimen>
    <dimen name="x967">393.96dp</dimen>
    <dimen name="x968">394.37dp</dimen>
    <dimen name="x969">394.78dp</dimen>
    <dimen name="x970">395.19dp</dimen>
    <dimen name="x971">395.59dp</dimen>
    <dimen name="x972">396.00dp</dimen>
    <dimen name="x973">396.41dp</dimen>
    <dimen name="x974">396.81dp</dimen>
    <dimen name="x975">397.22dp</dimen>
    <dimen name="x976">397.63dp</dimen>
    <dimen name="x977">398.04dp</dimen>
    <dimen name="x978">398.44dp</dimen>
    <dimen name="x979">398.85dp</dimen>
    <dimen name="x980">399.26dp</dimen>
    <dimen name="x981">399.67dp</dimen>
    <dimen name="x982">400.07dp</dimen>
    <dimen name="x983">400.48dp</dimen>
    <dimen name="x984">400.89dp</dimen>
    <dimen name="x985">401.30dp</dimen>
    <dimen name="x986">401.70dp</dimen>
    <dimen name="x987">402.11dp</dimen>
    <dimen name="x988">402.52dp</dimen>
    <dimen name="x989">402.93dp</dimen>
    <dimen name="x990">403.33dp</dimen>
    <dimen name="x991">403.74dp</dimen>
    <dimen name="x992">404.15dp</dimen>
    <dimen name="x993">404.56dp</dimen>
    <dimen name="x994">404.96dp</dimen>
    <dimen name="x995">405.37dp</dimen>
    <dimen name="x996">405.78dp</dimen>
    <dimen name="x997">406.19dp</dimen>
    <dimen name="x998">406.59dp</dimen>
    <dimen name="x999">407.00dp</dimen>
    <dimen name="x1000">407.41dp</dimen>
    <dimen name="x1001">407.81dp</dimen>
    <dimen name="x1002">408.22dp</dimen>
    <dimen name="x1003">408.63dp</dimen>
    <dimen name="x1004">409.04dp</dimen>
    <dimen name="x1005">409.44dp</dimen>
    <dimen name="x1006">409.85dp</dimen>
    <dimen name="x1007">410.26dp</dimen>
    <dimen name="x1008">410.67dp</dimen>
    <dimen name="x1009">411.07dp</dimen>
    <dimen name="x1010">411.48dp</dimen>
    <dimen name="x1011">411.89dp</dimen>
    <dimen name="x1012">412.30dp</dimen>
    <dimen name="x1013">412.70dp</dimen>
    <dimen name="x1014">413.11dp</dimen>
    <dimen name="x1015">413.52dp</dimen>
    <dimen name="x1016">413.93dp</dimen>
    <dimen name="x1017">414.33dp</dimen>
    <dimen name="x1018">414.74dp</dimen>
    <dimen name="x1019">415.15dp</dimen>
    <dimen name="x1020">415.56dp</dimen>
    <dimen name="x1021">415.96dp</dimen>
    <dimen name="x1022">416.37dp</dimen>
    <dimen name="x1023">416.78dp</dimen>
    <dimen name="x1024">417.19dp</dimen>
    <dimen name="x1025">417.59dp</dimen>
    <dimen name="x1026">418.00dp</dimen>
    <dimen name="x1027">418.41dp</dimen>
    <dimen name="x1028">418.81dp</dimen>
    <dimen name="x1029">419.22dp</dimen>
    <dimen name="x1030">419.63dp</dimen>
    <dimen name="x1031">420.04dp</dimen>
    <dimen name="x1032">420.44dp</dimen>
    <dimen name="x1033">420.85dp</dimen>
    <dimen name="x1034">421.26dp</dimen>
    <dimen name="x1035">421.67dp</dimen>
    <dimen name="x1036">422.07dp</dimen>
    <dimen name="x1037">422.48dp</dimen>
    <dimen name="x1038">422.89dp</dimen>
    <dimen name="x1039">423.30dp</dimen>
    <dimen name="x1040">423.70dp</dimen>
    <dimen name="x1041">424.11dp</dimen>
    <dimen name="x1042">424.52dp</dimen>
    <dimen name="x1043">424.93dp</dimen>
    <dimen name="x1044">425.33dp</dimen>
    <dimen name="x1045">425.74dp</dimen>
    <dimen name="x1046">426.15dp</dimen>
    <dimen name="x1047">426.56dp</dimen>
    <dimen name="x1048">426.96dp</dimen>
    <dimen name="x1049">427.37dp</dimen>
    <dimen name="x1050">427.78dp</dimen>
    <dimen name="x1051">428.19dp</dimen>
    <dimen name="x1052">428.59dp</dimen>
    <dimen name="x1053">429.00dp</dimen>
    <dimen name="x1054">429.41dp</dimen>
    <dimen name="x1055">429.81dp</dimen>
    <dimen name="x1056">430.22dp</dimen>
    <dimen name="x1057">430.63dp</dimen>
    <dimen name="x1058">431.04dp</dimen>
    <dimen name="x1059">431.44dp</dimen>
    <dimen name="x1060">431.85dp</dimen>
    <dimen name="x1061">432.26dp</dimen>
    <dimen name="x1062">432.67dp</dimen>
    <dimen name="x1063">433.07dp</dimen>
    <dimen name="x1064">433.48dp</dimen>
    <dimen name="x1065">433.89dp</dimen>
    <dimen name="x1066">434.30dp</dimen>
    <dimen name="x1067">434.70dp</dimen>
    <dimen name="x1068">435.11dp</dimen>
    <dimen name="x1069">435.52dp</dimen>
    <dimen name="x1070">435.93dp</dimen>
    <dimen name="x1071">436.33dp</dimen>
    <dimen name="x1072">436.74dp</dimen>
    <dimen name="x1073">437.15dp</dimen>
    <dimen name="x1074">437.56dp</dimen>
    <dimen name="x1075">437.96dp</dimen>
    <dimen name="x1076">438.37dp</dimen>
    <dimen name="x1077">438.78dp</dimen>
    <dimen name="x1078">439.19dp</dimen>
    <dimen name="x1079">439.59dp</dimen>
    <dimen name="x1080">440.00dp</dimen>
</resources>