<?xml version="1.0" encoding="utf-8"?>
<resources>
    <string name="sw_dp">1770dp</string>
    <dimen name="x1">1.64dp</dimen>
    <dimen name="x2">3.28dp</dimen>
    <dimen name="x3">4.92dp</dimen>
    <dimen name="x4">6.56dp</dimen>
    <dimen name="x5">8.19dp</dimen>
    <dimen name="x6">9.83dp</dimen>
    <dimen name="x7">11.47dp</dimen>
    <dimen name="x8">13.11dp</dimen>
    <dimen name="x9">14.75dp</dimen>
    <dimen name="x10">16.39dp</dimen>
    <dimen name="x11">18.03dp</dimen>
    <dimen name="x12">19.67dp</dimen>
    <dimen name="x13">21.31dp</dimen>
    <dimen name="x14">22.94dp</dimen>
    <dimen name="x15">24.58dp</dimen>
    <dimen name="x16">26.22dp</dimen>
    <dimen name="x17">27.86dp</dimen>
    <dimen name="x18">29.50dp</dimen>
    <dimen name="x19">31.14dp</dimen>
    <dimen name="x20">32.78dp</dimen>
    <dimen name="x21">34.42dp</dimen>
    <dimen name="x22">36.06dp</dimen>
    <dimen name="x23">37.69dp</dimen>
    <dimen name="x24">39.33dp</dimen>
    <dimen name="x25">40.97dp</dimen>
    <dimen name="x26">42.61dp</dimen>
    <dimen name="x27">44.25dp</dimen>
    <dimen name="x28">45.89dp</dimen>
    <dimen name="x29">47.53dp</dimen>
    <dimen name="x30">49.17dp</dimen>
    <dimen name="x31">50.81dp</dimen>
    <dimen name="x32">52.44dp</dimen>
    <dimen name="x33">54.08dp</dimen>
    <dimen name="x34">55.72dp</dimen>
    <dimen name="x35">57.36dp</dimen>
    <dimen name="x36">59.00dp</dimen>
    <dimen name="x37">60.64dp</dimen>
    <dimen name="x38">62.28dp</dimen>
    <dimen name="x39">63.92dp</dimen>
    <dimen name="x40">65.56dp</dimen>
    <dimen name="x41">67.19dp</dimen>
    <dimen name="x42">68.83dp</dimen>
    <dimen name="x43">70.47dp</dimen>
    <dimen name="x44">72.11dp</dimen>
    <dimen name="x45">73.75dp</dimen>
    <dimen name="x46">75.39dp</dimen>
    <dimen name="x47">77.03dp</dimen>
    <dimen name="x48">78.67dp</dimen>
    <dimen name="x49">80.31dp</dimen>
    <dimen name="x50">81.94dp</dimen>
    <dimen name="x51">83.58dp</dimen>
    <dimen name="x52">85.22dp</dimen>
    <dimen name="x53">86.86dp</dimen>
    <dimen name="x54">88.50dp</dimen>
    <dimen name="x55">90.14dp</dimen>
    <dimen name="x56">91.78dp</dimen>
    <dimen name="x57">93.42dp</dimen>
    <dimen name="x58">95.06dp</dimen>
    <dimen name="x59">96.69dp</dimen>
    <dimen name="x60">98.33dp</dimen>
    <dimen name="x61">99.97dp</dimen>
    <dimen name="x62">101.61dp</dimen>
    <dimen name="x63">103.25dp</dimen>
    <dimen name="x64">104.89dp</dimen>
    <dimen name="x65">106.53dp</dimen>
    <dimen name="x66">108.17dp</dimen>
    <dimen name="x67">109.81dp</dimen>
    <dimen name="x68">111.44dp</dimen>
    <dimen name="x69">113.08dp</dimen>
    <dimen name="x70">114.72dp</dimen>
    <dimen name="x71">116.36dp</dimen>
    <dimen name="x72">118.00dp</dimen>
    <dimen name="x73">119.64dp</dimen>
    <dimen name="x74">121.28dp</dimen>
    <dimen name="x75">122.92dp</dimen>
    <dimen name="x76">124.56dp</dimen>
    <dimen name="x77">126.19dp</dimen>
    <dimen name="x78">127.83dp</dimen>
    <dimen name="x79">129.47dp</dimen>
    <dimen name="x80">131.11dp</dimen>
    <dimen name="x81">132.75dp</dimen>
    <dimen name="x82">134.39dp</dimen>
    <dimen name="x83">136.03dp</dimen>
    <dimen name="x84">137.67dp</dimen>
    <dimen name="x85">139.31dp</dimen>
    <dimen name="x86">140.94dp</dimen>
    <dimen name="x87">142.58dp</dimen>
    <dimen name="x88">144.22dp</dimen>
    <dimen name="x89">145.86dp</dimen>
    <dimen name="x90">147.50dp</dimen>
    <dimen name="x91">149.14dp</dimen>
    <dimen name="x92">150.78dp</dimen>
    <dimen name="x93">152.42dp</dimen>
    <dimen name="x94">154.06dp</dimen>
    <dimen name="x95">155.69dp</dimen>
    <dimen name="x96">157.33dp</dimen>
    <dimen name="x97">158.97dp</dimen>
    <dimen name="x98">160.61dp</dimen>
    <dimen name="x99">162.25dp</dimen>
    <dimen name="x100">163.89dp</dimen>
    <dimen name="x101">165.53dp</dimen>
    <dimen name="x102">167.17dp</dimen>
    <dimen name="x103">168.81dp</dimen>
    <dimen name="x104">170.44dp</dimen>
    <dimen name="x105">172.08dp</dimen>
    <dimen name="x106">173.72dp</dimen>
    <dimen name="x107">175.36dp</dimen>
    <dimen name="x108">177.00dp</dimen>
    <dimen name="x109">178.64dp</dimen>
    <dimen name="x110">180.28dp</dimen>
    <dimen name="x111">181.92dp</dimen>
    <dimen name="x112">183.56dp</dimen>
    <dimen name="x113">185.19dp</dimen>
    <dimen name="x114">186.83dp</dimen>
    <dimen name="x115">188.47dp</dimen>
    <dimen name="x116">190.11dp</dimen>
    <dimen name="x117">191.75dp</dimen>
    <dimen name="x118">193.39dp</dimen>
    <dimen name="x119">195.03dp</dimen>
    <dimen name="x120">196.67dp</dimen>
    <dimen name="x121">198.31dp</dimen>
    <dimen name="x122">199.94dp</dimen>
    <dimen name="x123">201.58dp</dimen>
    <dimen name="x124">203.22dp</dimen>
    <dimen name="x125">204.86dp</dimen>
    <dimen name="x126">206.50dp</dimen>
    <dimen name="x127">208.14dp</dimen>
    <dimen name="x128">209.78dp</dimen>
    <dimen name="x129">211.42dp</dimen>
    <dimen name="x130">213.06dp</dimen>
    <dimen name="x131">214.69dp</dimen>
    <dimen name="x132">216.33dp</dimen>
    <dimen name="x133">217.97dp</dimen>
    <dimen name="x134">219.61dp</dimen>
    <dimen name="x135">221.25dp</dimen>
    <dimen name="x136">222.89dp</dimen>
    <dimen name="x137">224.53dp</dimen>
    <dimen name="x138">226.17dp</dimen>
    <dimen name="x139">227.81dp</dimen>
    <dimen name="x140">229.44dp</dimen>
    <dimen name="x141">231.08dp</dimen>
    <dimen name="x142">232.72dp</dimen>
    <dimen name="x143">234.36dp</dimen>
    <dimen name="x144">236.00dp</dimen>
    <dimen name="x145">237.64dp</dimen>
    <dimen name="x146">239.28dp</dimen>
    <dimen name="x147">240.92dp</dimen>
    <dimen name="x148">242.56dp</dimen>
    <dimen name="x149">244.19dp</dimen>
    <dimen name="x150">245.83dp</dimen>
    <dimen name="x151">247.47dp</dimen>
    <dimen name="x152">249.11dp</dimen>
    <dimen name="x153">250.75dp</dimen>
    <dimen name="x154">252.39dp</dimen>
    <dimen name="x155">254.03dp</dimen>
    <dimen name="x156">255.67dp</dimen>
    <dimen name="x157">257.31dp</dimen>
    <dimen name="x158">258.94dp</dimen>
    <dimen name="x159">260.58dp</dimen>
    <dimen name="x160">262.22dp</dimen>
    <dimen name="x161">263.86dp</dimen>
    <dimen name="x162">265.50dp</dimen>
    <dimen name="x163">267.14dp</dimen>
    <dimen name="x164">268.78dp</dimen>
    <dimen name="x165">270.42dp</dimen>
    <dimen name="x166">272.06dp</dimen>
    <dimen name="x167">273.69dp</dimen>
    <dimen name="x168">275.33dp</dimen>
    <dimen name="x169">276.97dp</dimen>
    <dimen name="x170">278.61dp</dimen>
    <dimen name="x171">280.25dp</dimen>
    <dimen name="x172">281.89dp</dimen>
    <dimen name="x173">283.53dp</dimen>
    <dimen name="x174">285.17dp</dimen>
    <dimen name="x175">286.81dp</dimen>
    <dimen name="x176">288.44dp</dimen>
    <dimen name="x177">290.08dp</dimen>
    <dimen name="x178">291.72dp</dimen>
    <dimen name="x179">293.36dp</dimen>
    <dimen name="x180">295.00dp</dimen>
    <dimen name="x181">296.64dp</dimen>
    <dimen name="x182">298.28dp</dimen>
    <dimen name="x183">299.92dp</dimen>
    <dimen name="x184">301.56dp</dimen>
    <dimen name="x185">303.19dp</dimen>
    <dimen name="x186">304.83dp</dimen>
    <dimen name="x187">306.47dp</dimen>
    <dimen name="x188">308.11dp</dimen>
    <dimen name="x189">309.75dp</dimen>
    <dimen name="x190">311.39dp</dimen>
    <dimen name="x191">313.03dp</dimen>
    <dimen name="x192">314.67dp</dimen>
    <dimen name="x193">316.31dp</dimen>
    <dimen name="x194">317.94dp</dimen>
    <dimen name="x195">319.58dp</dimen>
    <dimen name="x196">321.22dp</dimen>
    <dimen name="x197">322.86dp</dimen>
    <dimen name="x198">324.50dp</dimen>
    <dimen name="x199">326.14dp</dimen>
    <dimen name="x200">327.78dp</dimen>
    <dimen name="x201">329.42dp</dimen>
    <dimen name="x202">331.06dp</dimen>
    <dimen name="x203">332.69dp</dimen>
    <dimen name="x204">334.33dp</dimen>
    <dimen name="x205">335.97dp</dimen>
    <dimen name="x206">337.61dp</dimen>
    <dimen name="x207">339.25dp</dimen>
    <dimen name="x208">340.89dp</dimen>
    <dimen name="x209">342.53dp</dimen>
    <dimen name="x210">344.17dp</dimen>
    <dimen name="x211">345.81dp</dimen>
    <dimen name="x212">347.44dp</dimen>
    <dimen name="x213">349.08dp</dimen>
    <dimen name="x214">350.72dp</dimen>
    <dimen name="x215">352.36dp</dimen>
    <dimen name="x216">354.00dp</dimen>
    <dimen name="x217">355.64dp</dimen>
    <dimen name="x218">357.28dp</dimen>
    <dimen name="x219">358.92dp</dimen>
    <dimen name="x220">360.56dp</dimen>
    <dimen name="x221">362.19dp</dimen>
    <dimen name="x222">363.83dp</dimen>
    <dimen name="x223">365.47dp</dimen>
    <dimen name="x224">367.11dp</dimen>
    <dimen name="x225">368.75dp</dimen>
    <dimen name="x226">370.39dp</dimen>
    <dimen name="x227">372.03dp</dimen>
    <dimen name="x228">373.67dp</dimen>
    <dimen name="x229">375.31dp</dimen>
    <dimen name="x230">376.94dp</dimen>
    <dimen name="x231">378.58dp</dimen>
    <dimen name="x232">380.22dp</dimen>
    <dimen name="x233">381.86dp</dimen>
    <dimen name="x234">383.50dp</dimen>
    <dimen name="x235">385.14dp</dimen>
    <dimen name="x236">386.78dp</dimen>
    <dimen name="x237">388.42dp</dimen>
    <dimen name="x238">390.06dp</dimen>
    <dimen name="x239">391.69dp</dimen>
    <dimen name="x240">393.33dp</dimen>
    <dimen name="x241">394.97dp</dimen>
    <dimen name="x242">396.61dp</dimen>
    <dimen name="x243">398.25dp</dimen>
    <dimen name="x244">399.89dp</dimen>
    <dimen name="x245">401.53dp</dimen>
    <dimen name="x246">403.17dp</dimen>
    <dimen name="x247">404.81dp</dimen>
    <dimen name="x248">406.44dp</dimen>
    <dimen name="x249">408.08dp</dimen>
    <dimen name="x250">409.72dp</dimen>
    <dimen name="x251">411.36dp</dimen>
    <dimen name="x252">413.00dp</dimen>
    <dimen name="x253">414.64dp</dimen>
    <dimen name="x254">416.28dp</dimen>
    <dimen name="x255">417.92dp</dimen>
    <dimen name="x256">419.56dp</dimen>
    <dimen name="x257">421.19dp</dimen>
    <dimen name="x258">422.83dp</dimen>
    <dimen name="x259">424.47dp</dimen>
    <dimen name="x260">426.11dp</dimen>
    <dimen name="x261">427.75dp</dimen>
    <dimen name="x262">429.39dp</dimen>
    <dimen name="x263">431.03dp</dimen>
    <dimen name="x264">432.67dp</dimen>
    <dimen name="x265">434.31dp</dimen>
    <dimen name="x266">435.94dp</dimen>
    <dimen name="x267">437.58dp</dimen>
    <dimen name="x268">439.22dp</dimen>
    <dimen name="x269">440.86dp</dimen>
    <dimen name="x270">442.50dp</dimen>
    <dimen name="x271">444.14dp</dimen>
    <dimen name="x272">445.78dp</dimen>
    <dimen name="x273">447.42dp</dimen>
    <dimen name="x274">449.06dp</dimen>
    <dimen name="x275">450.69dp</dimen>
    <dimen name="x276">452.33dp</dimen>
    <dimen name="x277">453.97dp</dimen>
    <dimen name="x278">455.61dp</dimen>
    <dimen name="x279">457.25dp</dimen>
    <dimen name="x280">458.89dp</dimen>
    <dimen name="x281">460.53dp</dimen>
    <dimen name="x282">462.17dp</dimen>
    <dimen name="x283">463.81dp</dimen>
    <dimen name="x284">465.44dp</dimen>
    <dimen name="x285">467.08dp</dimen>
    <dimen name="x286">468.72dp</dimen>
    <dimen name="x287">470.36dp</dimen>
    <dimen name="x288">472.00dp</dimen>
    <dimen name="x289">473.64dp</dimen>
    <dimen name="x290">475.28dp</dimen>
    <dimen name="x291">476.92dp</dimen>
    <dimen name="x292">478.56dp</dimen>
    <dimen name="x293">480.19dp</dimen>
    <dimen name="x294">481.83dp</dimen>
    <dimen name="x295">483.47dp</dimen>
    <dimen name="x296">485.11dp</dimen>
    <dimen name="x297">486.75dp</dimen>
    <dimen name="x298">488.39dp</dimen>
    <dimen name="x299">490.03dp</dimen>
    <dimen name="x300">491.67dp</dimen>
    <dimen name="x301">493.31dp</dimen>
    <dimen name="x302">494.94dp</dimen>
    <dimen name="x303">496.58dp</dimen>
    <dimen name="x304">498.22dp</dimen>
    <dimen name="x305">499.86dp</dimen>
    <dimen name="x306">501.50dp</dimen>
    <dimen name="x307">503.14dp</dimen>
    <dimen name="x308">504.78dp</dimen>
    <dimen name="x309">506.42dp</dimen>
    <dimen name="x310">508.06dp</dimen>
    <dimen name="x311">509.69dp</dimen>
    <dimen name="x312">511.33dp</dimen>
    <dimen name="x313">512.97dp</dimen>
    <dimen name="x314">514.61dp</dimen>
    <dimen name="x315">516.25dp</dimen>
    <dimen name="x316">517.89dp</dimen>
    <dimen name="x317">519.53dp</dimen>
    <dimen name="x318">521.17dp</dimen>
    <dimen name="x319">522.81dp</dimen>
    <dimen name="x320">524.44dp</dimen>
    <dimen name="x321">526.08dp</dimen>
    <dimen name="x322">527.72dp</dimen>
    <dimen name="x323">529.36dp</dimen>
    <dimen name="x324">531.00dp</dimen>
    <dimen name="x325">532.64dp</dimen>
    <dimen name="x326">534.28dp</dimen>
    <dimen name="x327">535.92dp</dimen>
    <dimen name="x328">537.56dp</dimen>
    <dimen name="x329">539.19dp</dimen>
    <dimen name="x330">540.83dp</dimen>
    <dimen name="x331">542.47dp</dimen>
    <dimen name="x332">544.11dp</dimen>
    <dimen name="x333">545.75dp</dimen>
    <dimen name="x334">547.39dp</dimen>
    <dimen name="x335">549.03dp</dimen>
    <dimen name="x336">550.67dp</dimen>
    <dimen name="x337">552.31dp</dimen>
    <dimen name="x338">553.94dp</dimen>
    <dimen name="x339">555.58dp</dimen>
    <dimen name="x340">557.22dp</dimen>
    <dimen name="x341">558.86dp</dimen>
    <dimen name="x342">560.50dp</dimen>
    <dimen name="x343">562.14dp</dimen>
    <dimen name="x344">563.78dp</dimen>
    <dimen name="x345">565.42dp</dimen>
    <dimen name="x346">567.06dp</dimen>
    <dimen name="x347">568.69dp</dimen>
    <dimen name="x348">570.33dp</dimen>
    <dimen name="x349">571.97dp</dimen>
    <dimen name="x350">573.61dp</dimen>
    <dimen name="x351">575.25dp</dimen>
    <dimen name="x352">576.89dp</dimen>
    <dimen name="x353">578.53dp</dimen>
    <dimen name="x354">580.17dp</dimen>
    <dimen name="x355">581.81dp</dimen>
    <dimen name="x356">583.44dp</dimen>
    <dimen name="x357">585.08dp</dimen>
    <dimen name="x358">586.72dp</dimen>
    <dimen name="x359">588.36dp</dimen>
    <dimen name="x360">590.00dp</dimen>
    <dimen name="x361">591.64dp</dimen>
    <dimen name="x362">593.28dp</dimen>
    <dimen name="x363">594.92dp</dimen>
    <dimen name="x364">596.56dp</dimen>
    <dimen name="x365">598.19dp</dimen>
    <dimen name="x366">599.83dp</dimen>
    <dimen name="x367">601.47dp</dimen>
    <dimen name="x368">603.11dp</dimen>
    <dimen name="x369">604.75dp</dimen>
    <dimen name="x370">606.39dp</dimen>
    <dimen name="x371">608.03dp</dimen>
    <dimen name="x372">609.67dp</dimen>
    <dimen name="x373">611.31dp</dimen>
    <dimen name="x374">612.94dp</dimen>
    <dimen name="x375">614.58dp</dimen>
    <dimen name="x376">616.22dp</dimen>
    <dimen name="x377">617.86dp</dimen>
    <dimen name="x378">619.50dp</dimen>
    <dimen name="x379">621.14dp</dimen>
    <dimen name="x380">622.78dp</dimen>
    <dimen name="x381">624.42dp</dimen>
    <dimen name="x382">626.06dp</dimen>
    <dimen name="x383">627.69dp</dimen>
    <dimen name="x384">629.33dp</dimen>
    <dimen name="x385">630.97dp</dimen>
    <dimen name="x386">632.61dp</dimen>
    <dimen name="x387">634.25dp</dimen>
    <dimen name="x388">635.89dp</dimen>
    <dimen name="x389">637.53dp</dimen>
    <dimen name="x390">639.17dp</dimen>
    <dimen name="x391">640.81dp</dimen>
    <dimen name="x392">642.44dp</dimen>
    <dimen name="x393">644.08dp</dimen>
    <dimen name="x394">645.72dp</dimen>
    <dimen name="x395">647.36dp</dimen>
    <dimen name="x396">649.00dp</dimen>
    <dimen name="x397">650.64dp</dimen>
    <dimen name="x398">652.28dp</dimen>
    <dimen name="x399">653.92dp</dimen>
    <dimen name="x400">655.56dp</dimen>
    <dimen name="x401">657.19dp</dimen>
    <dimen name="x402">658.83dp</dimen>
    <dimen name="x403">660.47dp</dimen>
    <dimen name="x404">662.11dp</dimen>
    <dimen name="x405">663.75dp</dimen>
    <dimen name="x406">665.39dp</dimen>
    <dimen name="x407">667.03dp</dimen>
    <dimen name="x408">668.67dp</dimen>
    <dimen name="x409">670.31dp</dimen>
    <dimen name="x410">671.94dp</dimen>
    <dimen name="x411">673.58dp</dimen>
    <dimen name="x412">675.22dp</dimen>
    <dimen name="x413">676.86dp</dimen>
    <dimen name="x414">678.50dp</dimen>
    <dimen name="x415">680.14dp</dimen>
    <dimen name="x416">681.78dp</dimen>
    <dimen name="x417">683.42dp</dimen>
    <dimen name="x418">685.06dp</dimen>
    <dimen name="x419">686.69dp</dimen>
    <dimen name="x420">688.33dp</dimen>
    <dimen name="x421">689.97dp</dimen>
    <dimen name="x422">691.61dp</dimen>
    <dimen name="x423">693.25dp</dimen>
    <dimen name="x424">694.89dp</dimen>
    <dimen name="x425">696.53dp</dimen>
    <dimen name="x426">698.17dp</dimen>
    <dimen name="x427">699.81dp</dimen>
    <dimen name="x428">701.44dp</dimen>
    <dimen name="x429">703.08dp</dimen>
    <dimen name="x430">704.72dp</dimen>
    <dimen name="x431">706.36dp</dimen>
    <dimen name="x432">708.00dp</dimen>
    <dimen name="x433">709.64dp</dimen>
    <dimen name="x434">711.28dp</dimen>
    <dimen name="x435">712.92dp</dimen>
    <dimen name="x436">714.56dp</dimen>
    <dimen name="x437">716.19dp</dimen>
    <dimen name="x438">717.83dp</dimen>
    <dimen name="x439">719.47dp</dimen>
    <dimen name="x440">721.11dp</dimen>
    <dimen name="x441">722.75dp</dimen>
    <dimen name="x442">724.39dp</dimen>
    <dimen name="x443">726.03dp</dimen>
    <dimen name="x444">727.67dp</dimen>
    <dimen name="x445">729.31dp</dimen>
    <dimen name="x446">730.94dp</dimen>
    <dimen name="x447">732.58dp</dimen>
    <dimen name="x448">734.22dp</dimen>
    <dimen name="x449">735.86dp</dimen>
    <dimen name="x450">737.50dp</dimen>
    <dimen name="x451">739.14dp</dimen>
    <dimen name="x452">740.78dp</dimen>
    <dimen name="x453">742.42dp</dimen>
    <dimen name="x454">744.06dp</dimen>
    <dimen name="x455">745.69dp</dimen>
    <dimen name="x456">747.33dp</dimen>
    <dimen name="x457">748.97dp</dimen>
    <dimen name="x458">750.61dp</dimen>
    <dimen name="x459">752.25dp</dimen>
    <dimen name="x460">753.89dp</dimen>
    <dimen name="x461">755.53dp</dimen>
    <dimen name="x462">757.17dp</dimen>
    <dimen name="x463">758.81dp</dimen>
    <dimen name="x464">760.44dp</dimen>
    <dimen name="x465">762.08dp</dimen>
    <dimen name="x466">763.72dp</dimen>
    <dimen name="x467">765.36dp</dimen>
    <dimen name="x468">767.00dp</dimen>
    <dimen name="x469">768.64dp</dimen>
    <dimen name="x470">770.28dp</dimen>
    <dimen name="x471">771.92dp</dimen>
    <dimen name="x472">773.56dp</dimen>
    <dimen name="x473">775.19dp</dimen>
    <dimen name="x474">776.83dp</dimen>
    <dimen name="x475">778.47dp</dimen>
    <dimen name="x476">780.11dp</dimen>
    <dimen name="x477">781.75dp</dimen>
    <dimen name="x478">783.39dp</dimen>
    <dimen name="x479">785.03dp</dimen>
    <dimen name="x480">786.67dp</dimen>
    <dimen name="x481">788.31dp</dimen>
    <dimen name="x482">789.94dp</dimen>
    <dimen name="x483">791.58dp</dimen>
    <dimen name="x484">793.22dp</dimen>
    <dimen name="x485">794.86dp</dimen>
    <dimen name="x486">796.50dp</dimen>
    <dimen name="x487">798.14dp</dimen>
    <dimen name="x488">799.78dp</dimen>
    <dimen name="x489">801.42dp</dimen>
    <dimen name="x490">803.06dp</dimen>
    <dimen name="x491">804.69dp</dimen>
    <dimen name="x492">806.33dp</dimen>
    <dimen name="x493">807.97dp</dimen>
    <dimen name="x494">809.61dp</dimen>
    <dimen name="x495">811.25dp</dimen>
    <dimen name="x496">812.89dp</dimen>
    <dimen name="x497">814.53dp</dimen>
    <dimen name="x498">816.17dp</dimen>
    <dimen name="x499">817.81dp</dimen>
    <dimen name="x500">819.44dp</dimen>
    <dimen name="x501">821.08dp</dimen>
    <dimen name="x502">822.72dp</dimen>
    <dimen name="x503">824.36dp</dimen>
    <dimen name="x504">826.00dp</dimen>
    <dimen name="x505">827.64dp</dimen>
    <dimen name="x506">829.28dp</dimen>
    <dimen name="x507">830.92dp</dimen>
    <dimen name="x508">832.56dp</dimen>
    <dimen name="x509">834.19dp</dimen>
    <dimen name="x510">835.83dp</dimen>
    <dimen name="x511">837.47dp</dimen>
    <dimen name="x512">839.11dp</dimen>
    <dimen name="x513">840.75dp</dimen>
    <dimen name="x514">842.39dp</dimen>
    <dimen name="x515">844.03dp</dimen>
    <dimen name="x516">845.67dp</dimen>
    <dimen name="x517">847.31dp</dimen>
    <dimen name="x518">848.94dp</dimen>
    <dimen name="x519">850.58dp</dimen>
    <dimen name="x520">852.22dp</dimen>
    <dimen name="x521">853.86dp</dimen>
    <dimen name="x522">855.50dp</dimen>
    <dimen name="x523">857.14dp</dimen>
    <dimen name="x524">858.78dp</dimen>
    <dimen name="x525">860.42dp</dimen>
    <dimen name="x526">862.06dp</dimen>
    <dimen name="x527">863.69dp</dimen>
    <dimen name="x528">865.33dp</dimen>
    <dimen name="x529">866.97dp</dimen>
    <dimen name="x530">868.61dp</dimen>
    <dimen name="x531">870.25dp</dimen>
    <dimen name="x532">871.89dp</dimen>
    <dimen name="x533">873.53dp</dimen>
    <dimen name="x534">875.17dp</dimen>
    <dimen name="x535">876.81dp</dimen>
    <dimen name="x536">878.44dp</dimen>
    <dimen name="x537">880.08dp</dimen>
    <dimen name="x538">881.72dp</dimen>
    <dimen name="x539">883.36dp</dimen>
    <dimen name="x540">885.00dp</dimen>
    <dimen name="x541">886.64dp</dimen>
    <dimen name="x542">888.28dp</dimen>
    <dimen name="x543">889.92dp</dimen>
    <dimen name="x544">891.56dp</dimen>
    <dimen name="x545">893.19dp</dimen>
    <dimen name="x546">894.83dp</dimen>
    <dimen name="x547">896.47dp</dimen>
    <dimen name="x548">898.11dp</dimen>
    <dimen name="x549">899.75dp</dimen>
    <dimen name="x550">901.39dp</dimen>
    <dimen name="x551">903.03dp</dimen>
    <dimen name="x552">904.67dp</dimen>
    <dimen name="x553">906.31dp</dimen>
    <dimen name="x554">907.94dp</dimen>
    <dimen name="x555">909.58dp</dimen>
    <dimen name="x556">911.22dp</dimen>
    <dimen name="x557">912.86dp</dimen>
    <dimen name="x558">914.50dp</dimen>
    <dimen name="x559">916.14dp</dimen>
    <dimen name="x560">917.78dp</dimen>
    <dimen name="x561">919.42dp</dimen>
    <dimen name="x562">921.06dp</dimen>
    <dimen name="x563">922.69dp</dimen>
    <dimen name="x564">924.33dp</dimen>
    <dimen name="x565">925.97dp</dimen>
    <dimen name="x566">927.61dp</dimen>
    <dimen name="x567">929.25dp</dimen>
    <dimen name="x568">930.89dp</dimen>
    <dimen name="x569">932.53dp</dimen>
    <dimen name="x570">934.17dp</dimen>
    <dimen name="x571">935.81dp</dimen>
    <dimen name="x572">937.44dp</dimen>
    <dimen name="x573">939.08dp</dimen>
    <dimen name="x574">940.72dp</dimen>
    <dimen name="x575">942.36dp</dimen>
    <dimen name="x576">944.00dp</dimen>
    <dimen name="x577">945.64dp</dimen>
    <dimen name="x578">947.28dp</dimen>
    <dimen name="x579">948.92dp</dimen>
    <dimen name="x580">950.56dp</dimen>
    <dimen name="x581">952.19dp</dimen>
    <dimen name="x582">953.83dp</dimen>
    <dimen name="x583">955.47dp</dimen>
    <dimen name="x584">957.11dp</dimen>
    <dimen name="x585">958.75dp</dimen>
    <dimen name="x586">960.39dp</dimen>
    <dimen name="x587">962.03dp</dimen>
    <dimen name="x588">963.67dp</dimen>
    <dimen name="x589">965.31dp</dimen>
    <dimen name="x590">966.94dp</dimen>
    <dimen name="x591">968.58dp</dimen>
    <dimen name="x592">970.22dp</dimen>
    <dimen name="x593">971.86dp</dimen>
    <dimen name="x594">973.50dp</dimen>
    <dimen name="x595">975.14dp</dimen>
    <dimen name="x596">976.78dp</dimen>
    <dimen name="x597">978.42dp</dimen>
    <dimen name="x598">980.06dp</dimen>
    <dimen name="x599">981.69dp</dimen>
    <dimen name="x600">983.33dp</dimen>
    <dimen name="x601">984.97dp</dimen>
    <dimen name="x602">986.61dp</dimen>
    <dimen name="x603">988.25dp</dimen>
    <dimen name="x604">989.89dp</dimen>
    <dimen name="x605">991.53dp</dimen>
    <dimen name="x606">993.17dp</dimen>
    <dimen name="x607">994.81dp</dimen>
    <dimen name="x608">996.44dp</dimen>
    <dimen name="x609">998.08dp</dimen>
    <dimen name="x610">999.72dp</dimen>
    <dimen name="x611">1001.36dp</dimen>
    <dimen name="x612">1003.00dp</dimen>
    <dimen name="x613">1004.64dp</dimen>
    <dimen name="x614">1006.28dp</dimen>
    <dimen name="x615">1007.92dp</dimen>
    <dimen name="x616">1009.56dp</dimen>
    <dimen name="x617">1011.19dp</dimen>
    <dimen name="x618">1012.83dp</dimen>
    <dimen name="x619">1014.47dp</dimen>
    <dimen name="x620">1016.11dp</dimen>
    <dimen name="x621">1017.75dp</dimen>
    <dimen name="x622">1019.39dp</dimen>
    <dimen name="x623">1021.03dp</dimen>
    <dimen name="x624">1022.67dp</dimen>
    <dimen name="x625">1024.31dp</dimen>
    <dimen name="x626">1025.94dp</dimen>
    <dimen name="x627">1027.58dp</dimen>
    <dimen name="x628">1029.22dp</dimen>
    <dimen name="x629">1030.86dp</dimen>
    <dimen name="x630">1032.50dp</dimen>
    <dimen name="x631">1034.14dp</dimen>
    <dimen name="x632">1035.78dp</dimen>
    <dimen name="x633">1037.42dp</dimen>
    <dimen name="x634">1039.06dp</dimen>
    <dimen name="x635">1040.69dp</dimen>
    <dimen name="x636">1042.33dp</dimen>
    <dimen name="x637">1043.97dp</dimen>
    <dimen name="x638">1045.61dp</dimen>
    <dimen name="x639">1047.25dp</dimen>
    <dimen name="x640">1048.89dp</dimen>
    <dimen name="x641">1050.53dp</dimen>
    <dimen name="x642">1052.17dp</dimen>
    <dimen name="x643">1053.81dp</dimen>
    <dimen name="x644">1055.44dp</dimen>
    <dimen name="x645">1057.08dp</dimen>
    <dimen name="x646">1058.72dp</dimen>
    <dimen name="x647">1060.36dp</dimen>
    <dimen name="x648">1062.00dp</dimen>
    <dimen name="x649">1063.64dp</dimen>
    <dimen name="x650">1065.28dp</dimen>
    <dimen name="x651">1066.92dp</dimen>
    <dimen name="x652">1068.56dp</dimen>
    <dimen name="x653">1070.19dp</dimen>
    <dimen name="x654">1071.83dp</dimen>
    <dimen name="x655">1073.47dp</dimen>
    <dimen name="x656">1075.11dp</dimen>
    <dimen name="x657">1076.75dp</dimen>
    <dimen name="x658">1078.39dp</dimen>
    <dimen name="x659">1080.03dp</dimen>
    <dimen name="x660">1081.67dp</dimen>
    <dimen name="x661">1083.31dp</dimen>
    <dimen name="x662">1084.94dp</dimen>
    <dimen name="x663">1086.58dp</dimen>
    <dimen name="x664">1088.22dp</dimen>
    <dimen name="x665">1089.86dp</dimen>
    <dimen name="x666">1091.50dp</dimen>
    <dimen name="x667">1093.14dp</dimen>
    <dimen name="x668">1094.78dp</dimen>
    <dimen name="x669">1096.42dp</dimen>
    <dimen name="x670">1098.06dp</dimen>
    <dimen name="x671">1099.69dp</dimen>
    <dimen name="x672">1101.33dp</dimen>
    <dimen name="x673">1102.97dp</dimen>
    <dimen name="x674">1104.61dp</dimen>
    <dimen name="x675">1106.25dp</dimen>
    <dimen name="x676">1107.89dp</dimen>
    <dimen name="x677">1109.53dp</dimen>
    <dimen name="x678">1111.17dp</dimen>
    <dimen name="x679">1112.81dp</dimen>
    <dimen name="x680">1114.44dp</dimen>
    <dimen name="x681">1116.08dp</dimen>
    <dimen name="x682">1117.72dp</dimen>
    <dimen name="x683">1119.36dp</dimen>
    <dimen name="x684">1121.00dp</dimen>
    <dimen name="x685">1122.64dp</dimen>
    <dimen name="x686">1124.28dp</dimen>
    <dimen name="x687">1125.92dp</dimen>
    <dimen name="x688">1127.56dp</dimen>
    <dimen name="x689">1129.19dp</dimen>
    <dimen name="x690">1130.83dp</dimen>
    <dimen name="x691">1132.47dp</dimen>
    <dimen name="x692">1134.11dp</dimen>
    <dimen name="x693">1135.75dp</dimen>
    <dimen name="x694">1137.39dp</dimen>
    <dimen name="x695">1139.03dp</dimen>
    <dimen name="x696">1140.67dp</dimen>
    <dimen name="x697">1142.31dp</dimen>
    <dimen name="x698">1143.94dp</dimen>
    <dimen name="x699">1145.58dp</dimen>
    <dimen name="x700">1147.22dp</dimen>
    <dimen name="x701">1148.86dp</dimen>
    <dimen name="x702">1150.50dp</dimen>
    <dimen name="x703">1152.14dp</dimen>
    <dimen name="x704">1153.78dp</dimen>
    <dimen name="x705">1155.42dp</dimen>
    <dimen name="x706">1157.06dp</dimen>
    <dimen name="x707">1158.69dp</dimen>
    <dimen name="x708">1160.33dp</dimen>
    <dimen name="x709">1161.97dp</dimen>
    <dimen name="x710">1163.61dp</dimen>
    <dimen name="x711">1165.25dp</dimen>
    <dimen name="x712">1166.89dp</dimen>
    <dimen name="x713">1168.53dp</dimen>
    <dimen name="x714">1170.17dp</dimen>
    <dimen name="x715">1171.81dp</dimen>
    <dimen name="x716">1173.44dp</dimen>
    <dimen name="x717">1175.08dp</dimen>
    <dimen name="x718">1176.72dp</dimen>
    <dimen name="x719">1178.36dp</dimen>
    <dimen name="x720">1180.00dp</dimen>
    <dimen name="x721">1181.64dp</dimen>
    <dimen name="x722">1183.28dp</dimen>
    <dimen name="x723">1184.92dp</dimen>
    <dimen name="x724">1186.56dp</dimen>
    <dimen name="x725">1188.19dp</dimen>
    <dimen name="x726">1189.83dp</dimen>
    <dimen name="x727">1191.47dp</dimen>
    <dimen name="x728">1193.11dp</dimen>
    <dimen name="x729">1194.75dp</dimen>
    <dimen name="x730">1196.39dp</dimen>
    <dimen name="x731">1198.03dp</dimen>
    <dimen name="x732">1199.67dp</dimen>
    <dimen name="x733">1201.31dp</dimen>
    <dimen name="x734">1202.94dp</dimen>
    <dimen name="x735">1204.58dp</dimen>
    <dimen name="x736">1206.22dp</dimen>
    <dimen name="x737">1207.86dp</dimen>
    <dimen name="x738">1209.50dp</dimen>
    <dimen name="x739">1211.14dp</dimen>
    <dimen name="x740">1212.78dp</dimen>
    <dimen name="x741">1214.42dp</dimen>
    <dimen name="x742">1216.06dp</dimen>
    <dimen name="x743">1217.69dp</dimen>
    <dimen name="x744">1219.33dp</dimen>
    <dimen name="x745">1220.97dp</dimen>
    <dimen name="x746">1222.61dp</dimen>
    <dimen name="x747">1224.25dp</dimen>
    <dimen name="x748">1225.89dp</dimen>
    <dimen name="x749">1227.53dp</dimen>
    <dimen name="x750">1229.17dp</dimen>
    <dimen name="x751">1230.81dp</dimen>
    <dimen name="x752">1232.44dp</dimen>
    <dimen name="x753">1234.08dp</dimen>
    <dimen name="x754">1235.72dp</dimen>
    <dimen name="x755">1237.36dp</dimen>
    <dimen name="x756">1239.00dp</dimen>
    <dimen name="x757">1240.64dp</dimen>
    <dimen name="x758">1242.28dp</dimen>
    <dimen name="x759">1243.92dp</dimen>
    <dimen name="x760">1245.56dp</dimen>
    <dimen name="x761">1247.19dp</dimen>
    <dimen name="x762">1248.83dp</dimen>
    <dimen name="x763">1250.47dp</dimen>
    <dimen name="x764">1252.11dp</dimen>
    <dimen name="x765">1253.75dp</dimen>
    <dimen name="x766">1255.39dp</dimen>
    <dimen name="x767">1257.03dp</dimen>
    <dimen name="x768">1258.67dp</dimen>
    <dimen name="x769">1260.31dp</dimen>
    <dimen name="x770">1261.94dp</dimen>
    <dimen name="x771">1263.58dp</dimen>
    <dimen name="x772">1265.22dp</dimen>
    <dimen name="x773">1266.86dp</dimen>
    <dimen name="x774">1268.50dp</dimen>
    <dimen name="x775">1270.14dp</dimen>
    <dimen name="x776">1271.78dp</dimen>
    <dimen name="x777">1273.42dp</dimen>
    <dimen name="x778">1275.06dp</dimen>
    <dimen name="x779">1276.69dp</dimen>
    <dimen name="x780">1278.33dp</dimen>
    <dimen name="x781">1279.97dp</dimen>
    <dimen name="x782">1281.61dp</dimen>
    <dimen name="x783">1283.25dp</dimen>
    <dimen name="x784">1284.89dp</dimen>
    <dimen name="x785">1286.53dp</dimen>
    <dimen name="x786">1288.17dp</dimen>
    <dimen name="x787">1289.81dp</dimen>
    <dimen name="x788">1291.44dp</dimen>
    <dimen name="x789">1293.08dp</dimen>
    <dimen name="x790">1294.72dp</dimen>
    <dimen name="x791">1296.36dp</dimen>
    <dimen name="x792">1298.00dp</dimen>
    <dimen name="x793">1299.64dp</dimen>
    <dimen name="x794">1301.28dp</dimen>
    <dimen name="x795">1302.92dp</dimen>
    <dimen name="x796">1304.56dp</dimen>
    <dimen name="x797">1306.19dp</dimen>
    <dimen name="x798">1307.83dp</dimen>
    <dimen name="x799">1309.47dp</dimen>
    <dimen name="x800">1311.11dp</dimen>
    <dimen name="x801">1312.75dp</dimen>
    <dimen name="x802">1314.39dp</dimen>
    <dimen name="x803">1316.03dp</dimen>
    <dimen name="x804">1317.67dp</dimen>
    <dimen name="x805">1319.31dp</dimen>
    <dimen name="x806">1320.94dp</dimen>
    <dimen name="x807">1322.58dp</dimen>
    <dimen name="x808">1324.22dp</dimen>
    <dimen name="x809">1325.86dp</dimen>
    <dimen name="x810">1327.50dp</dimen>
    <dimen name="x811">1329.14dp</dimen>
    <dimen name="x812">1330.78dp</dimen>
    <dimen name="x813">1332.42dp</dimen>
    <dimen name="x814">1334.06dp</dimen>
    <dimen name="x815">1335.69dp</dimen>
    <dimen name="x816">1337.33dp</dimen>
    <dimen name="x817">1338.97dp</dimen>
    <dimen name="x818">1340.61dp</dimen>
    <dimen name="x819">1342.25dp</dimen>
    <dimen name="x820">1343.89dp</dimen>
    <dimen name="x821">1345.53dp</dimen>
    <dimen name="x822">1347.17dp</dimen>
    <dimen name="x823">1348.81dp</dimen>
    <dimen name="x824">1350.44dp</dimen>
    <dimen name="x825">1352.08dp</dimen>
    <dimen name="x826">1353.72dp</dimen>
    <dimen name="x827">1355.36dp</dimen>
    <dimen name="x828">1357.00dp</dimen>
    <dimen name="x829">1358.64dp</dimen>
    <dimen name="x830">1360.28dp</dimen>
    <dimen name="x831">1361.92dp</dimen>
    <dimen name="x832">1363.56dp</dimen>
    <dimen name="x833">1365.19dp</dimen>
    <dimen name="x834">1366.83dp</dimen>
    <dimen name="x835">1368.47dp</dimen>
    <dimen name="x836">1370.11dp</dimen>
    <dimen name="x837">1371.75dp</dimen>
    <dimen name="x838">1373.39dp</dimen>
    <dimen name="x839">1375.03dp</dimen>
    <dimen name="x840">1376.67dp</dimen>
    <dimen name="x841">1378.31dp</dimen>
    <dimen name="x842">1379.94dp</dimen>
    <dimen name="x843">1381.58dp</dimen>
    <dimen name="x844">1383.22dp</dimen>
    <dimen name="x845">1384.86dp</dimen>
    <dimen name="x846">1386.50dp</dimen>
    <dimen name="x847">1388.14dp</dimen>
    <dimen name="x848">1389.78dp</dimen>
    <dimen name="x849">1391.42dp</dimen>
    <dimen name="x850">1393.06dp</dimen>
    <dimen name="x851">1394.69dp</dimen>
    <dimen name="x852">1396.33dp</dimen>
    <dimen name="x853">1397.97dp</dimen>
    <dimen name="x854">1399.61dp</dimen>
    <dimen name="x855">1401.25dp</dimen>
    <dimen name="x856">1402.89dp</dimen>
    <dimen name="x857">1404.53dp</dimen>
    <dimen name="x858">1406.17dp</dimen>
    <dimen name="x859">1407.81dp</dimen>
    <dimen name="x860">1409.44dp</dimen>
    <dimen name="x861">1411.08dp</dimen>
    <dimen name="x862">1412.72dp</dimen>
    <dimen name="x863">1414.36dp</dimen>
    <dimen name="x864">1416.00dp</dimen>
    <dimen name="x865">1417.64dp</dimen>
    <dimen name="x866">1419.28dp</dimen>
    <dimen name="x867">1420.92dp</dimen>
    <dimen name="x868">1422.56dp</dimen>
    <dimen name="x869">1424.19dp</dimen>
    <dimen name="x870">1425.83dp</dimen>
    <dimen name="x871">1427.47dp</dimen>
    <dimen name="x872">1429.11dp</dimen>
    <dimen name="x873">1430.75dp</dimen>
    <dimen name="x874">1432.39dp</dimen>
    <dimen name="x875">1434.03dp</dimen>
    <dimen name="x876">1435.67dp</dimen>
    <dimen name="x877">1437.31dp</dimen>
    <dimen name="x878">1438.94dp</dimen>
    <dimen name="x879">1440.58dp</dimen>
    <dimen name="x880">1442.22dp</dimen>
    <dimen name="x881">1443.86dp</dimen>
    <dimen name="x882">1445.50dp</dimen>
    <dimen name="x883">1447.14dp</dimen>
    <dimen name="x884">1448.78dp</dimen>
    <dimen name="x885">1450.42dp</dimen>
    <dimen name="x886">1452.06dp</dimen>
    <dimen name="x887">1453.69dp</dimen>
    <dimen name="x888">1455.33dp</dimen>
    <dimen name="x889">1456.97dp</dimen>
    <dimen name="x890">1458.61dp</dimen>
    <dimen name="x891">1460.25dp</dimen>
    <dimen name="x892">1461.89dp</dimen>
    <dimen name="x893">1463.53dp</dimen>
    <dimen name="x894">1465.17dp</dimen>
    <dimen name="x895">1466.81dp</dimen>
    <dimen name="x896">1468.44dp</dimen>
    <dimen name="x897">1470.08dp</dimen>
    <dimen name="x898">1471.72dp</dimen>
    <dimen name="x899">1473.36dp</dimen>
    <dimen name="x900">1475.00dp</dimen>
    <dimen name="x901">1476.64dp</dimen>
    <dimen name="x902">1478.28dp</dimen>
    <dimen name="x903">1479.92dp</dimen>
    <dimen name="x904">1481.56dp</dimen>
    <dimen name="x905">1483.19dp</dimen>
    <dimen name="x906">1484.83dp</dimen>
    <dimen name="x907">1486.47dp</dimen>
    <dimen name="x908">1488.11dp</dimen>
    <dimen name="x909">1489.75dp</dimen>
    <dimen name="x910">1491.39dp</dimen>
    <dimen name="x911">1493.03dp</dimen>
    <dimen name="x912">1494.67dp</dimen>
    <dimen name="x913">1496.31dp</dimen>
    <dimen name="x914">1497.94dp</dimen>
    <dimen name="x915">1499.58dp</dimen>
    <dimen name="x916">1501.22dp</dimen>
    <dimen name="x917">1502.86dp</dimen>
    <dimen name="x918">1504.50dp</dimen>
    <dimen name="x919">1506.14dp</dimen>
    <dimen name="x920">1507.78dp</dimen>
    <dimen name="x921">1509.42dp</dimen>
    <dimen name="x922">1511.06dp</dimen>
    <dimen name="x923">1512.69dp</dimen>
    <dimen name="x924">1514.33dp</dimen>
    <dimen name="x925">1515.97dp</dimen>
    <dimen name="x926">1517.61dp</dimen>
    <dimen name="x927">1519.25dp</dimen>
    <dimen name="x928">1520.89dp</dimen>
    <dimen name="x929">1522.53dp</dimen>
    <dimen name="x930">1524.17dp</dimen>
    <dimen name="x931">1525.81dp</dimen>
    <dimen name="x932">1527.44dp</dimen>
    <dimen name="x933">1529.08dp</dimen>
    <dimen name="x934">1530.72dp</dimen>
    <dimen name="x935">1532.36dp</dimen>
    <dimen name="x936">1534.00dp</dimen>
    <dimen name="x937">1535.64dp</dimen>
    <dimen name="x938">1537.28dp</dimen>
    <dimen name="x939">1538.92dp</dimen>
    <dimen name="x940">1540.56dp</dimen>
    <dimen name="x941">1542.19dp</dimen>
    <dimen name="x942">1543.83dp</dimen>
    <dimen name="x943">1545.47dp</dimen>
    <dimen name="x944">1547.11dp</dimen>
    <dimen name="x945">1548.75dp</dimen>
    <dimen name="x946">1550.39dp</dimen>
    <dimen name="x947">1552.03dp</dimen>
    <dimen name="x948">1553.67dp</dimen>
    <dimen name="x949">1555.31dp</dimen>
    <dimen name="x950">1556.94dp</dimen>
    <dimen name="x951">1558.58dp</dimen>
    <dimen name="x952">1560.22dp</dimen>
    <dimen name="x953">1561.86dp</dimen>
    <dimen name="x954">1563.50dp</dimen>
    <dimen name="x955">1565.14dp</dimen>
    <dimen name="x956">1566.78dp</dimen>
    <dimen name="x957">1568.42dp</dimen>
    <dimen name="x958">1570.06dp</dimen>
    <dimen name="x959">1571.69dp</dimen>
    <dimen name="x960">1573.33dp</dimen>
    <dimen name="x961">1574.97dp</dimen>
    <dimen name="x962">1576.61dp</dimen>
    <dimen name="x963">1578.25dp</dimen>
    <dimen name="x964">1579.89dp</dimen>
    <dimen name="x965">1581.53dp</dimen>
    <dimen name="x966">1583.17dp</dimen>
    <dimen name="x967">1584.81dp</dimen>
    <dimen name="x968">1586.44dp</dimen>
    <dimen name="x969">1588.08dp</dimen>
    <dimen name="x970">1589.72dp</dimen>
    <dimen name="x971">1591.36dp</dimen>
    <dimen name="x972">1593.00dp</dimen>
    <dimen name="x973">1594.64dp</dimen>
    <dimen name="x974">1596.28dp</dimen>
    <dimen name="x975">1597.92dp</dimen>
    <dimen name="x976">1599.56dp</dimen>
    <dimen name="x977">1601.19dp</dimen>
    <dimen name="x978">1602.83dp</dimen>
    <dimen name="x979">1604.47dp</dimen>
    <dimen name="x980">1606.11dp</dimen>
    <dimen name="x981">1607.75dp</dimen>
    <dimen name="x982">1609.39dp</dimen>
    <dimen name="x983">1611.03dp</dimen>
    <dimen name="x984">1612.67dp</dimen>
    <dimen name="x985">1614.31dp</dimen>
    <dimen name="x986">1615.94dp</dimen>
    <dimen name="x987">1617.58dp</dimen>
    <dimen name="x988">1619.22dp</dimen>
    <dimen name="x989">1620.86dp</dimen>
    <dimen name="x990">1622.50dp</dimen>
    <dimen name="x991">1624.14dp</dimen>
    <dimen name="x992">1625.78dp</dimen>
    <dimen name="x993">1627.42dp</dimen>
    <dimen name="x994">1629.06dp</dimen>
    <dimen name="x995">1630.69dp</dimen>
    <dimen name="x996">1632.33dp</dimen>
    <dimen name="x997">1633.97dp</dimen>
    <dimen name="x998">1635.61dp</dimen>
    <dimen name="x999">1637.25dp</dimen>
    <dimen name="x1000">1638.89dp</dimen>
    <dimen name="x1001">1640.53dp</dimen>
    <dimen name="x1002">1642.17dp</dimen>
    <dimen name="x1003">1643.81dp</dimen>
    <dimen name="x1004">1645.44dp</dimen>
    <dimen name="x1005">1647.08dp</dimen>
    <dimen name="x1006">1648.72dp</dimen>
    <dimen name="x1007">1650.36dp</dimen>
    <dimen name="x1008">1652.00dp</dimen>
    <dimen name="x1009">1653.64dp</dimen>
    <dimen name="x1010">1655.28dp</dimen>
    <dimen name="x1011">1656.92dp</dimen>
    <dimen name="x1012">1658.56dp</dimen>
    <dimen name="x1013">1660.19dp</dimen>
    <dimen name="x1014">1661.83dp</dimen>
    <dimen name="x1015">1663.47dp</dimen>
    <dimen name="x1016">1665.11dp</dimen>
    <dimen name="x1017">1666.75dp</dimen>
    <dimen name="x1018">1668.39dp</dimen>
    <dimen name="x1019">1670.03dp</dimen>
    <dimen name="x1020">1671.67dp</dimen>
    <dimen name="x1021">1673.31dp</dimen>
    <dimen name="x1022">1674.94dp</dimen>
    <dimen name="x1023">1676.58dp</dimen>
    <dimen name="x1024">1678.22dp</dimen>
    <dimen name="x1025">1679.86dp</dimen>
    <dimen name="x1026">1681.50dp</dimen>
    <dimen name="x1027">1683.14dp</dimen>
    <dimen name="x1028">1684.78dp</dimen>
    <dimen name="x1029">1686.42dp</dimen>
    <dimen name="x1030">1688.06dp</dimen>
    <dimen name="x1031">1689.69dp</dimen>
    <dimen name="x1032">1691.33dp</dimen>
    <dimen name="x1033">1692.97dp</dimen>
    <dimen name="x1034">1694.61dp</dimen>
    <dimen name="x1035">1696.25dp</dimen>
    <dimen name="x1036">1697.89dp</dimen>
    <dimen name="x1037">1699.53dp</dimen>
    <dimen name="x1038">1701.17dp</dimen>
    <dimen name="x1039">1702.81dp</dimen>
    <dimen name="x1040">1704.44dp</dimen>
    <dimen name="x1041">1706.08dp</dimen>
    <dimen name="x1042">1707.72dp</dimen>
    <dimen name="x1043">1709.36dp</dimen>
    <dimen name="x1044">1711.00dp</dimen>
    <dimen name="x1045">1712.64dp</dimen>
    <dimen name="x1046">1714.28dp</dimen>
    <dimen name="x1047">1715.92dp</dimen>
    <dimen name="x1048">1717.56dp</dimen>
    <dimen name="x1049">1719.19dp</dimen>
    <dimen name="x1050">1720.83dp</dimen>
    <dimen name="x1051">1722.47dp</dimen>
    <dimen name="x1052">1724.11dp</dimen>
    <dimen name="x1053">1725.75dp</dimen>
    <dimen name="x1054">1727.39dp</dimen>
    <dimen name="x1055">1729.03dp</dimen>
    <dimen name="x1056">1730.67dp</dimen>
    <dimen name="x1057">1732.31dp</dimen>
    <dimen name="x1058">1733.94dp</dimen>
    <dimen name="x1059">1735.58dp</dimen>
    <dimen name="x1060">1737.22dp</dimen>
    <dimen name="x1061">1738.86dp</dimen>
    <dimen name="x1062">1740.50dp</dimen>
    <dimen name="x1063">1742.14dp</dimen>
    <dimen name="x1064">1743.78dp</dimen>
    <dimen name="x1065">1745.42dp</dimen>
    <dimen name="x1066">1747.06dp</dimen>
    <dimen name="x1067">1748.69dp</dimen>
    <dimen name="x1068">1750.33dp</dimen>
    <dimen name="x1069">1751.97dp</dimen>
    <dimen name="x1070">1753.61dp</dimen>
    <dimen name="x1071">1755.25dp</dimen>
    <dimen name="x1072">1756.89dp</dimen>
    <dimen name="x1073">1758.53dp</dimen>
    <dimen name="x1074">1760.17dp</dimen>
    <dimen name="x1075">1761.81dp</dimen>
    <dimen name="x1076">1763.44dp</dimen>
    <dimen name="x1077">1765.08dp</dimen>
    <dimen name="x1078">1766.72dp</dimen>
    <dimen name="x1079">1768.36dp</dimen>
    <dimen name="x1080">1770.00dp</dimen>
</resources>