<?xml version="1.0" encoding="utf-8"?>
<resources>
    <string name="sw_dp">1610dp</string>
    <dimen name="x1">1.49dp</dimen>
    <dimen name="x2">2.98dp</dimen>
    <dimen name="x3">4.47dp</dimen>
    <dimen name="x4">5.96dp</dimen>
    <dimen name="x5">7.45dp</dimen>
    <dimen name="x6">8.94dp</dimen>
    <dimen name="x7">10.44dp</dimen>
    <dimen name="x8">11.93dp</dimen>
    <dimen name="x9">13.42dp</dimen>
    <dimen name="x10">14.91dp</dimen>
    <dimen name="x11">16.40dp</dimen>
    <dimen name="x12">17.89dp</dimen>
    <dimen name="x13">19.38dp</dimen>
    <dimen name="x14">20.87dp</dimen>
    <dimen name="x15">22.36dp</dimen>
    <dimen name="x16">23.85dp</dimen>
    <dimen name="x17">25.34dp</dimen>
    <dimen name="x18">26.83dp</dimen>
    <dimen name="x19">28.32dp</dimen>
    <dimen name="x20">29.81dp</dimen>
    <dimen name="x21">31.31dp</dimen>
    <dimen name="x22">32.80dp</dimen>
    <dimen name="x23">34.29dp</dimen>
    <dimen name="x24">35.78dp</dimen>
    <dimen name="x25">37.27dp</dimen>
    <dimen name="x26">38.76dp</dimen>
    <dimen name="x27">40.25dp</dimen>
    <dimen name="x28">41.74dp</dimen>
    <dimen name="x29">43.23dp</dimen>
    <dimen name="x30">44.72dp</dimen>
    <dimen name="x31">46.21dp</dimen>
    <dimen name="x32">47.70dp</dimen>
    <dimen name="x33">49.19dp</dimen>
    <dimen name="x34">50.69dp</dimen>
    <dimen name="x35">52.18dp</dimen>
    <dimen name="x36">53.67dp</dimen>
    <dimen name="x37">55.16dp</dimen>
    <dimen name="x38">56.65dp</dimen>
    <dimen name="x39">58.14dp</dimen>
    <dimen name="x40">59.63dp</dimen>
    <dimen name="x41">61.12dp</dimen>
    <dimen name="x42">62.61dp</dimen>
    <dimen name="x43">64.10dp</dimen>
    <dimen name="x44">65.59dp</dimen>
    <dimen name="x45">67.08dp</dimen>
    <dimen name="x46">68.57dp</dimen>
    <dimen name="x47">70.06dp</dimen>
    <dimen name="x48">71.56dp</dimen>
    <dimen name="x49">73.05dp</dimen>
    <dimen name="x50">74.54dp</dimen>
    <dimen name="x51">76.03dp</dimen>
    <dimen name="x52">77.52dp</dimen>
    <dimen name="x53">79.01dp</dimen>
    <dimen name="x54">80.50dp</dimen>
    <dimen name="x55">81.99dp</dimen>
    <dimen name="x56">83.48dp</dimen>
    <dimen name="x57">84.97dp</dimen>
    <dimen name="x58">86.46dp</dimen>
    <dimen name="x59">87.95dp</dimen>
    <dimen name="x60">89.44dp</dimen>
    <dimen name="x61">90.94dp</dimen>
    <dimen name="x62">92.43dp</dimen>
    <dimen name="x63">93.92dp</dimen>
    <dimen name="x64">95.41dp</dimen>
    <dimen name="x65">96.90dp</dimen>
    <dimen name="x66">98.39dp</dimen>
    <dimen name="x67">99.88dp</dimen>
    <dimen name="x68">101.37dp</dimen>
    <dimen name="x69">102.86dp</dimen>
    <dimen name="x70">104.35dp</dimen>
    <dimen name="x71">105.84dp</dimen>
    <dimen name="x72">107.33dp</dimen>
    <dimen name="x73">108.82dp</dimen>
    <dimen name="x74">110.31dp</dimen>
    <dimen name="x75">111.81dp</dimen>
    <dimen name="x76">113.30dp</dimen>
    <dimen name="x77">114.79dp</dimen>
    <dimen name="x78">116.28dp</dimen>
    <dimen name="x79">117.77dp</dimen>
    <dimen name="x80">119.26dp</dimen>
    <dimen name="x81">120.75dp</dimen>
    <dimen name="x82">122.24dp</dimen>
    <dimen name="x83">123.73dp</dimen>
    <dimen name="x84">125.22dp</dimen>
    <dimen name="x85">126.71dp</dimen>
    <dimen name="x86">128.20dp</dimen>
    <dimen name="x87">129.69dp</dimen>
    <dimen name="x88">131.19dp</dimen>
    <dimen name="x89">132.68dp</dimen>
    <dimen name="x90">134.17dp</dimen>
    <dimen name="x91">135.66dp</dimen>
    <dimen name="x92">137.15dp</dimen>
    <dimen name="x93">138.64dp</dimen>
    <dimen name="x94">140.13dp</dimen>
    <dimen name="x95">141.62dp</dimen>
    <dimen name="x96">143.11dp</dimen>
    <dimen name="x97">144.60dp</dimen>
    <dimen name="x98">146.09dp</dimen>
    <dimen name="x99">147.58dp</dimen>
    <dimen name="x100">149.07dp</dimen>
    <dimen name="x101">150.56dp</dimen>
    <dimen name="x102">152.06dp</dimen>
    <dimen name="x103">153.55dp</dimen>
    <dimen name="x104">155.04dp</dimen>
    <dimen name="x105">156.53dp</dimen>
    <dimen name="x106">158.02dp</dimen>
    <dimen name="x107">159.51dp</dimen>
    <dimen name="x108">161.00dp</dimen>
    <dimen name="x109">162.49dp</dimen>
    <dimen name="x110">163.98dp</dimen>
    <dimen name="x111">165.47dp</dimen>
    <dimen name="x112">166.96dp</dimen>
    <dimen name="x113">168.45dp</dimen>
    <dimen name="x114">169.94dp</dimen>
    <dimen name="x115">171.44dp</dimen>
    <dimen name="x116">172.93dp</dimen>
    <dimen name="x117">174.42dp</dimen>
    <dimen name="x118">175.91dp</dimen>
    <dimen name="x119">177.40dp</dimen>
    <dimen name="x120">178.89dp</dimen>
    <dimen name="x121">180.38dp</dimen>
    <dimen name="x122">181.87dp</dimen>
    <dimen name="x123">183.36dp</dimen>
    <dimen name="x124">184.85dp</dimen>
    <dimen name="x125">186.34dp</dimen>
    <dimen name="x126">187.83dp</dimen>
    <dimen name="x127">189.32dp</dimen>
    <dimen name="x128">190.81dp</dimen>
    <dimen name="x129">192.31dp</dimen>
    <dimen name="x130">193.80dp</dimen>
    <dimen name="x131">195.29dp</dimen>
    <dimen name="x132">196.78dp</dimen>
    <dimen name="x133">198.27dp</dimen>
    <dimen name="x134">199.76dp</dimen>
    <dimen name="x135">201.25dp</dimen>
    <dimen name="x136">202.74dp</dimen>
    <dimen name="x137">204.23dp</dimen>
    <dimen name="x138">205.72dp</dimen>
    <dimen name="x139">207.21dp</dimen>
    <dimen name="x140">208.70dp</dimen>
    <dimen name="x141">210.19dp</dimen>
    <dimen name="x142">211.69dp</dimen>
    <dimen name="x143">213.18dp</dimen>
    <dimen name="x144">214.67dp</dimen>
    <dimen name="x145">216.16dp</dimen>
    <dimen name="x146">217.65dp</dimen>
    <dimen name="x147">219.14dp</dimen>
    <dimen name="x148">220.63dp</dimen>
    <dimen name="x149">222.12dp</dimen>
    <dimen name="x150">223.61dp</dimen>
    <dimen name="x151">225.10dp</dimen>
    <dimen name="x152">226.59dp</dimen>
    <dimen name="x153">228.08dp</dimen>
    <dimen name="x154">229.57dp</dimen>
    <dimen name="x155">231.06dp</dimen>
    <dimen name="x156">232.56dp</dimen>
    <dimen name="x157">234.05dp</dimen>
    <dimen name="x158">235.54dp</dimen>
    <dimen name="x159">237.03dp</dimen>
    <dimen name="x160">238.52dp</dimen>
    <dimen name="x161">240.01dp</dimen>
    <dimen name="x162">241.50dp</dimen>
    <dimen name="x163">242.99dp</dimen>
    <dimen name="x164">244.48dp</dimen>
    <dimen name="x165">245.97dp</dimen>
    <dimen name="x166">247.46dp</dimen>
    <dimen name="x167">248.95dp</dimen>
    <dimen name="x168">250.44dp</dimen>
    <dimen name="x169">251.94dp</dimen>
    <dimen name="x170">253.43dp</dimen>
    <dimen name="x171">254.92dp</dimen>
    <dimen name="x172">256.41dp</dimen>
    <dimen name="x173">257.90dp</dimen>
    <dimen name="x174">259.39dp</dimen>
    <dimen name="x175">260.88dp</dimen>
    <dimen name="x176">262.37dp</dimen>
    <dimen name="x177">263.86dp</dimen>
    <dimen name="x178">265.35dp</dimen>
    <dimen name="x179">266.84dp</dimen>
    <dimen name="x180">268.33dp</dimen>
    <dimen name="x181">269.82dp</dimen>
    <dimen name="x182">271.31dp</dimen>
    <dimen name="x183">272.81dp</dimen>
    <dimen name="x184">274.30dp</dimen>
    <dimen name="x185">275.79dp</dimen>
    <dimen name="x186">277.28dp</dimen>
    <dimen name="x187">278.77dp</dimen>
    <dimen name="x188">280.26dp</dimen>
    <dimen name="x189">281.75dp</dimen>
    <dimen name="x190">283.24dp</dimen>
    <dimen name="x191">284.73dp</dimen>
    <dimen name="x192">286.22dp</dimen>
    <dimen name="x193">287.71dp</dimen>
    <dimen name="x194">289.20dp</dimen>
    <dimen name="x195">290.69dp</dimen>
    <dimen name="x196">292.19dp</dimen>
    <dimen name="x197">293.68dp</dimen>
    <dimen name="x198">295.17dp</dimen>
    <dimen name="x199">296.66dp</dimen>
    <dimen name="x200">298.15dp</dimen>
    <dimen name="x201">299.64dp</dimen>
    <dimen name="x202">301.13dp</dimen>
    <dimen name="x203">302.62dp</dimen>
    <dimen name="x204">304.11dp</dimen>
    <dimen name="x205">305.60dp</dimen>
    <dimen name="x206">307.09dp</dimen>
    <dimen name="x207">308.58dp</dimen>
    <dimen name="x208">310.07dp</dimen>
    <dimen name="x209">311.56dp</dimen>
    <dimen name="x210">313.06dp</dimen>
    <dimen name="x211">314.55dp</dimen>
    <dimen name="x212">316.04dp</dimen>
    <dimen name="x213">317.53dp</dimen>
    <dimen name="x214">319.02dp</dimen>
    <dimen name="x215">320.51dp</dimen>
    <dimen name="x216">322.00dp</dimen>
    <dimen name="x217">323.49dp</dimen>
    <dimen name="x218">324.98dp</dimen>
    <dimen name="x219">326.47dp</dimen>
    <dimen name="x220">327.96dp</dimen>
    <dimen name="x221">329.45dp</dimen>
    <dimen name="x222">330.94dp</dimen>
    <dimen name="x223">332.44dp</dimen>
    <dimen name="x224">333.93dp</dimen>
    <dimen name="x225">335.42dp</dimen>
    <dimen name="x226">336.91dp</dimen>
    <dimen name="x227">338.40dp</dimen>
    <dimen name="x228">339.89dp</dimen>
    <dimen name="x229">341.38dp</dimen>
    <dimen name="x230">342.87dp</dimen>
    <dimen name="x231">344.36dp</dimen>
    <dimen name="x232">345.85dp</dimen>
    <dimen name="x233">347.34dp</dimen>
    <dimen name="x234">348.83dp</dimen>
    <dimen name="x235">350.32dp</dimen>
    <dimen name="x236">351.81dp</dimen>
    <dimen name="x237">353.31dp</dimen>
    <dimen name="x238">354.80dp</dimen>
    <dimen name="x239">356.29dp</dimen>
    <dimen name="x240">357.78dp</dimen>
    <dimen name="x241">359.27dp</dimen>
    <dimen name="x242">360.76dp</dimen>
    <dimen name="x243">362.25dp</dimen>
    <dimen name="x244">363.74dp</dimen>
    <dimen name="x245">365.23dp</dimen>
    <dimen name="x246">366.72dp</dimen>
    <dimen name="x247">368.21dp</dimen>
    <dimen name="x248">369.70dp</dimen>
    <dimen name="x249">371.19dp</dimen>
    <dimen name="x250">372.69dp</dimen>
    <dimen name="x251">374.18dp</dimen>
    <dimen name="x252">375.67dp</dimen>
    <dimen name="x253">377.16dp</dimen>
    <dimen name="x254">378.65dp</dimen>
    <dimen name="x255">380.14dp</dimen>
    <dimen name="x256">381.63dp</dimen>
    <dimen name="x257">383.12dp</dimen>
    <dimen name="x258">384.61dp</dimen>
    <dimen name="x259">386.10dp</dimen>
    <dimen name="x260">387.59dp</dimen>
    <dimen name="x261">389.08dp</dimen>
    <dimen name="x262">390.57dp</dimen>
    <dimen name="x263">392.06dp</dimen>
    <dimen name="x264">393.56dp</dimen>
    <dimen name="x265">395.05dp</dimen>
    <dimen name="x266">396.54dp</dimen>
    <dimen name="x267">398.03dp</dimen>
    <dimen name="x268">399.52dp</dimen>
    <dimen name="x269">401.01dp</dimen>
    <dimen name="x270">402.50dp</dimen>
    <dimen name="x271">403.99dp</dimen>
    <dimen name="x272">405.48dp</dimen>
    <dimen name="x273">406.97dp</dimen>
    <dimen name="x274">408.46dp</dimen>
    <dimen name="x275">409.95dp</dimen>
    <dimen name="x276">411.44dp</dimen>
    <dimen name="x277">412.94dp</dimen>
    <dimen name="x278">414.43dp</dimen>
    <dimen name="x279">415.92dp</dimen>
    <dimen name="x280">417.41dp</dimen>
    <dimen name="x281">418.90dp</dimen>
    <dimen name="x282">420.39dp</dimen>
    <dimen name="x283">421.88dp</dimen>
    <dimen name="x284">423.37dp</dimen>
    <dimen name="x285">424.86dp</dimen>
    <dimen name="x286">426.35dp</dimen>
    <dimen name="x287">427.84dp</dimen>
    <dimen name="x288">429.33dp</dimen>
    <dimen name="x289">430.82dp</dimen>
    <dimen name="x290">432.31dp</dimen>
    <dimen name="x291">433.81dp</dimen>
    <dimen name="x292">435.30dp</dimen>
    <dimen name="x293">436.79dp</dimen>
    <dimen name="x294">438.28dp</dimen>
    <dimen name="x295">439.77dp</dimen>
    <dimen name="x296">441.26dp</dimen>
    <dimen name="x297">442.75dp</dimen>
    <dimen name="x298">444.24dp</dimen>
    <dimen name="x299">445.73dp</dimen>
    <dimen name="x300">447.22dp</dimen>
    <dimen name="x301">448.71dp</dimen>
    <dimen name="x302">450.20dp</dimen>
    <dimen name="x303">451.69dp</dimen>
    <dimen name="x304">453.19dp</dimen>
    <dimen name="x305">454.68dp</dimen>
    <dimen name="x306">456.17dp</dimen>
    <dimen name="x307">457.66dp</dimen>
    <dimen name="x308">459.15dp</dimen>
    <dimen name="x309">460.64dp</dimen>
    <dimen name="x310">462.13dp</dimen>
    <dimen name="x311">463.62dp</dimen>
    <dimen name="x312">465.11dp</dimen>
    <dimen name="x313">466.60dp</dimen>
    <dimen name="x314">468.09dp</dimen>
    <dimen name="x315">469.58dp</dimen>
    <dimen name="x316">471.07dp</dimen>
    <dimen name="x317">472.56dp</dimen>
    <dimen name="x318">474.06dp</dimen>
    <dimen name="x319">475.55dp</dimen>
    <dimen name="x320">477.04dp</dimen>
    <dimen name="x321">478.53dp</dimen>
    <dimen name="x322">480.02dp</dimen>
    <dimen name="x323">481.51dp</dimen>
    <dimen name="x324">483.00dp</dimen>
    <dimen name="x325">484.49dp</dimen>
    <dimen name="x326">485.98dp</dimen>
    <dimen name="x327">487.47dp</dimen>
    <dimen name="x328">488.96dp</dimen>
    <dimen name="x329">490.45dp</dimen>
    <dimen name="x330">491.94dp</dimen>
    <dimen name="x331">493.44dp</dimen>
    <dimen name="x332">494.93dp</dimen>
    <dimen name="x333">496.42dp</dimen>
    <dimen name="x334">497.91dp</dimen>
    <dimen name="x335">499.40dp</dimen>
    <dimen name="x336">500.89dp</dimen>
    <dimen name="x337">502.38dp</dimen>
    <dimen name="x338">503.87dp</dimen>
    <dimen name="x339">505.36dp</dimen>
    <dimen name="x340">506.85dp</dimen>
    <dimen name="x341">508.34dp</dimen>
    <dimen name="x342">509.83dp</dimen>
    <dimen name="x343">511.32dp</dimen>
    <dimen name="x344">512.81dp</dimen>
    <dimen name="x345">514.31dp</dimen>
    <dimen name="x346">515.80dp</dimen>
    <dimen name="x347">517.29dp</dimen>
    <dimen name="x348">518.78dp</dimen>
    <dimen name="x349">520.27dp</dimen>
    <dimen name="x350">521.76dp</dimen>
    <dimen name="x351">523.25dp</dimen>
    <dimen name="x352">524.74dp</dimen>
    <dimen name="x353">526.23dp</dimen>
    <dimen name="x354">527.72dp</dimen>
    <dimen name="x355">529.21dp</dimen>
    <dimen name="x356">530.70dp</dimen>
    <dimen name="x357">532.19dp</dimen>
    <dimen name="x358">533.69dp</dimen>
    <dimen name="x359">535.18dp</dimen>
    <dimen name="x360">536.67dp</dimen>
    <dimen name="x361">538.16dp</dimen>
    <dimen name="x362">539.65dp</dimen>
    <dimen name="x363">541.14dp</dimen>
    <dimen name="x364">542.63dp</dimen>
    <dimen name="x365">544.12dp</dimen>
    <dimen name="x366">545.61dp</dimen>
    <dimen name="x367">547.10dp</dimen>
    <dimen name="x368">548.59dp</dimen>
    <dimen name="x369">550.08dp</dimen>
    <dimen name="x370">551.57dp</dimen>
    <dimen name="x371">553.06dp</dimen>
    <dimen name="x372">554.56dp</dimen>
    <dimen name="x373">556.05dp</dimen>
    <dimen name="x374">557.54dp</dimen>
    <dimen name="x375">559.03dp</dimen>
    <dimen name="x376">560.52dp</dimen>
    <dimen name="x377">562.01dp</dimen>
    <dimen name="x378">563.50dp</dimen>
    <dimen name="x379">564.99dp</dimen>
    <dimen name="x380">566.48dp</dimen>
    <dimen name="x381">567.97dp</dimen>
    <dimen name="x382">569.46dp</dimen>
    <dimen name="x383">570.95dp</dimen>
    <dimen name="x384">572.44dp</dimen>
    <dimen name="x385">573.94dp</dimen>
    <dimen name="x386">575.43dp</dimen>
    <dimen name="x387">576.92dp</dimen>
    <dimen name="x388">578.41dp</dimen>
    <dimen name="x389">579.90dp</dimen>
    <dimen name="x390">581.39dp</dimen>
    <dimen name="x391">582.88dp</dimen>
    <dimen name="x392">584.37dp</dimen>
    <dimen name="x393">585.86dp</dimen>
    <dimen name="x394">587.35dp</dimen>
    <dimen name="x395">588.84dp</dimen>
    <dimen name="x396">590.33dp</dimen>
    <dimen name="x397">591.82dp</dimen>
    <dimen name="x398">593.31dp</dimen>
    <dimen name="x399">594.81dp</dimen>
    <dimen name="x400">596.30dp</dimen>
    <dimen name="x401">597.79dp</dimen>
    <dimen name="x402">599.28dp</dimen>
    <dimen name="x403">600.77dp</dimen>
    <dimen name="x404">602.26dp</dimen>
    <dimen name="x405">603.75dp</dimen>
    <dimen name="x406">605.24dp</dimen>
    <dimen name="x407">606.73dp</dimen>
    <dimen name="x408">608.22dp</dimen>
    <dimen name="x409">609.71dp</dimen>
    <dimen name="x410">611.20dp</dimen>
    <dimen name="x411">612.69dp</dimen>
    <dimen name="x412">614.19dp</dimen>
    <dimen name="x413">615.68dp</dimen>
    <dimen name="x414">617.17dp</dimen>
    <dimen name="x415">618.66dp</dimen>
    <dimen name="x416">620.15dp</dimen>
    <dimen name="x417">621.64dp</dimen>
    <dimen name="x418">623.13dp</dimen>
    <dimen name="x419">624.62dp</dimen>
    <dimen name="x420">626.11dp</dimen>
    <dimen name="x421">627.60dp</dimen>
    <dimen name="x422">629.09dp</dimen>
    <dimen name="x423">630.58dp</dimen>
    <dimen name="x424">632.07dp</dimen>
    <dimen name="x425">633.56dp</dimen>
    <dimen name="x426">635.06dp</dimen>
    <dimen name="x427">636.55dp</dimen>
    <dimen name="x428">638.04dp</dimen>
    <dimen name="x429">639.53dp</dimen>
    <dimen name="x430">641.02dp</dimen>
    <dimen name="x431">642.51dp</dimen>
    <dimen name="x432">644.00dp</dimen>
    <dimen name="x433">645.49dp</dimen>
    <dimen name="x434">646.98dp</dimen>
    <dimen name="x435">648.47dp</dimen>
    <dimen name="x436">649.96dp</dimen>
    <dimen name="x437">651.45dp</dimen>
    <dimen name="x438">652.94dp</dimen>
    <dimen name="x439">654.44dp</dimen>
    <dimen name="x440">655.93dp</dimen>
    <dimen name="x441">657.42dp</dimen>
    <dimen name="x442">658.91dp</dimen>
    <dimen name="x443">660.40dp</dimen>
    <dimen name="x444">661.89dp</dimen>
    <dimen name="x445">663.38dp</dimen>
    <dimen name="x446">664.87dp</dimen>
    <dimen name="x447">666.36dp</dimen>
    <dimen name="x448">667.85dp</dimen>
    <dimen name="x449">669.34dp</dimen>
    <dimen name="x450">670.83dp</dimen>
    <dimen name="x451">672.32dp</dimen>
    <dimen name="x452">673.81dp</dimen>
    <dimen name="x453">675.31dp</dimen>
    <dimen name="x454">676.80dp</dimen>
    <dimen name="x455">678.29dp</dimen>
    <dimen name="x456">679.78dp</dimen>
    <dimen name="x457">681.27dp</dimen>
    <dimen name="x458">682.76dp</dimen>
    <dimen name="x459">684.25dp</dimen>
    <dimen name="x460">685.74dp</dimen>
    <dimen name="x461">687.23dp</dimen>
    <dimen name="x462">688.72dp</dimen>
    <dimen name="x463">690.21dp</dimen>
    <dimen name="x464">691.70dp</dimen>
    <dimen name="x465">693.19dp</dimen>
    <dimen name="x466">694.69dp</dimen>
    <dimen name="x467">696.18dp</dimen>
    <dimen name="x468">697.67dp</dimen>
    <dimen name="x469">699.16dp</dimen>
    <dimen name="x470">700.65dp</dimen>
    <dimen name="x471">702.14dp</dimen>
    <dimen name="x472">703.63dp</dimen>
    <dimen name="x473">705.12dp</dimen>
    <dimen name="x474">706.61dp</dimen>
    <dimen name="x475">708.10dp</dimen>
    <dimen name="x476">709.59dp</dimen>
    <dimen name="x477">711.08dp</dimen>
    <dimen name="x478">712.57dp</dimen>
    <dimen name="x479">714.06dp</dimen>
    <dimen name="x480">715.56dp</dimen>
    <dimen name="x481">717.05dp</dimen>
    <dimen name="x482">718.54dp</dimen>
    <dimen name="x483">720.03dp</dimen>
    <dimen name="x484">721.52dp</dimen>
    <dimen name="x485">723.01dp</dimen>
    <dimen name="x486">724.50dp</dimen>
    <dimen name="x487">725.99dp</dimen>
    <dimen name="x488">727.48dp</dimen>
    <dimen name="x489">728.97dp</dimen>
    <dimen name="x490">730.46dp</dimen>
    <dimen name="x491">731.95dp</dimen>
    <dimen name="x492">733.44dp</dimen>
    <dimen name="x493">734.94dp</dimen>
    <dimen name="x494">736.43dp</dimen>
    <dimen name="x495">737.92dp</dimen>
    <dimen name="x496">739.41dp</dimen>
    <dimen name="x497">740.90dp</dimen>
    <dimen name="x498">742.39dp</dimen>
    <dimen name="x499">743.88dp</dimen>
    <dimen name="x500">745.37dp</dimen>
    <dimen name="x501">746.86dp</dimen>
    <dimen name="x502">748.35dp</dimen>
    <dimen name="x503">749.84dp</dimen>
    <dimen name="x504">751.33dp</dimen>
    <dimen name="x505">752.82dp</dimen>
    <dimen name="x506">754.31dp</dimen>
    <dimen name="x507">755.81dp</dimen>
    <dimen name="x508">757.30dp</dimen>
    <dimen name="x509">758.79dp</dimen>
    <dimen name="x510">760.28dp</dimen>
    <dimen name="x511">761.77dp</dimen>
    <dimen name="x512">763.26dp</dimen>
    <dimen name="x513">764.75dp</dimen>
    <dimen name="x514">766.24dp</dimen>
    <dimen name="x515">767.73dp</dimen>
    <dimen name="x516">769.22dp</dimen>
    <dimen name="x517">770.71dp</dimen>
    <dimen name="x518">772.20dp</dimen>
    <dimen name="x519">773.69dp</dimen>
    <dimen name="x520">775.19dp</dimen>
    <dimen name="x521">776.68dp</dimen>
    <dimen name="x522">778.17dp</dimen>
    <dimen name="x523">779.66dp</dimen>
    <dimen name="x524">781.15dp</dimen>
    <dimen name="x525">782.64dp</dimen>
    <dimen name="x526">784.13dp</dimen>
    <dimen name="x527">785.62dp</dimen>
    <dimen name="x528">787.11dp</dimen>
    <dimen name="x529">788.60dp</dimen>
    <dimen name="x530">790.09dp</dimen>
    <dimen name="x531">791.58dp</dimen>
    <dimen name="x532">793.07dp</dimen>
    <dimen name="x533">794.56dp</dimen>
    <dimen name="x534">796.06dp</dimen>
    <dimen name="x535">797.55dp</dimen>
    <dimen name="x536">799.04dp</dimen>
    <dimen name="x537">800.53dp</dimen>
    <dimen name="x538">802.02dp</dimen>
    <dimen name="x539">803.51dp</dimen>
    <dimen name="x540">805.00dp</dimen>
    <dimen name="x541">806.49dp</dimen>
    <dimen name="x542">807.98dp</dimen>
    <dimen name="x543">809.47dp</dimen>
    <dimen name="x544">810.96dp</dimen>
    <dimen name="x545">812.45dp</dimen>
    <dimen name="x546">813.94dp</dimen>
    <dimen name="x547">815.44dp</dimen>
    <dimen name="x548">816.93dp</dimen>
    <dimen name="x549">818.42dp</dimen>
    <dimen name="x550">819.91dp</dimen>
    <dimen name="x551">821.40dp</dimen>
    <dimen name="x552">822.89dp</dimen>
    <dimen name="x553">824.38dp</dimen>
    <dimen name="x554">825.87dp</dimen>
    <dimen name="x555">827.36dp</dimen>
    <dimen name="x556">828.85dp</dimen>
    <dimen name="x557">830.34dp</dimen>
    <dimen name="x558">831.83dp</dimen>
    <dimen name="x559">833.32dp</dimen>
    <dimen name="x560">834.81dp</dimen>
    <dimen name="x561">836.31dp</dimen>
    <dimen name="x562">837.80dp</dimen>
    <dimen name="x563">839.29dp</dimen>
    <dimen name="x564">840.78dp</dimen>
    <dimen name="x565">842.27dp</dimen>
    <dimen name="x566">843.76dp</dimen>
    <dimen name="x567">845.25dp</dimen>
    <dimen name="x568">846.74dp</dimen>
    <dimen name="x569">848.23dp</dimen>
    <dimen name="x570">849.72dp</dimen>
    <dimen name="x571">851.21dp</dimen>
    <dimen name="x572">852.70dp</dimen>
    <dimen name="x573">854.19dp</dimen>
    <dimen name="x574">855.69dp</dimen>
    <dimen name="x575">857.18dp</dimen>
    <dimen name="x576">858.67dp</dimen>
    <dimen name="x577">860.16dp</dimen>
    <dimen name="x578">861.65dp</dimen>
    <dimen name="x579">863.14dp</dimen>
    <dimen name="x580">864.63dp</dimen>
    <dimen name="x581">866.12dp</dimen>
    <dimen name="x582">867.61dp</dimen>
    <dimen name="x583">869.10dp</dimen>
    <dimen name="x584">870.59dp</dimen>
    <dimen name="x585">872.08dp</dimen>
    <dimen name="x586">873.57dp</dimen>
    <dimen name="x587">875.06dp</dimen>
    <dimen name="x588">876.56dp</dimen>
    <dimen name="x589">878.05dp</dimen>
    <dimen name="x590">879.54dp</dimen>
    <dimen name="x591">881.03dp</dimen>
    <dimen name="x592">882.52dp</dimen>
    <dimen name="x593">884.01dp</dimen>
    <dimen name="x594">885.50dp</dimen>
    <dimen name="x595">886.99dp</dimen>
    <dimen name="x596">888.48dp</dimen>
    <dimen name="x597">889.97dp</dimen>
    <dimen name="x598">891.46dp</dimen>
    <dimen name="x599">892.95dp</dimen>
    <dimen name="x600">894.44dp</dimen>
    <dimen name="x601">895.94dp</dimen>
    <dimen name="x602">897.43dp</dimen>
    <dimen name="x603">898.92dp</dimen>
    <dimen name="x604">900.41dp</dimen>
    <dimen name="x605">901.90dp</dimen>
    <dimen name="x606">903.39dp</dimen>
    <dimen name="x607">904.88dp</dimen>
    <dimen name="x608">906.37dp</dimen>
    <dimen name="x609">907.86dp</dimen>
    <dimen name="x610">909.35dp</dimen>
    <dimen name="x611">910.84dp</dimen>
    <dimen name="x612">912.33dp</dimen>
    <dimen name="x613">913.82dp</dimen>
    <dimen name="x614">915.31dp</dimen>
    <dimen name="x615">916.81dp</dimen>
    <dimen name="x616">918.30dp</dimen>
    <dimen name="x617">919.79dp</dimen>
    <dimen name="x618">921.28dp</dimen>
    <dimen name="x619">922.77dp</dimen>
    <dimen name="x620">924.26dp</dimen>
    <dimen name="x621">925.75dp</dimen>
    <dimen name="x622">927.24dp</dimen>
    <dimen name="x623">928.73dp</dimen>
    <dimen name="x624">930.22dp</dimen>
    <dimen name="x625">931.71dp</dimen>
    <dimen name="x626">933.20dp</dimen>
    <dimen name="x627">934.69dp</dimen>
    <dimen name="x628">936.19dp</dimen>
    <dimen name="x629">937.68dp</dimen>
    <dimen name="x630">939.17dp</dimen>
    <dimen name="x631">940.66dp</dimen>
    <dimen name="x632">942.15dp</dimen>
    <dimen name="x633">943.64dp</dimen>
    <dimen name="x634">945.13dp</dimen>
    <dimen name="x635">946.62dp</dimen>
    <dimen name="x636">948.11dp</dimen>
    <dimen name="x637">949.60dp</dimen>
    <dimen name="x638">951.09dp</dimen>
    <dimen name="x639">952.58dp</dimen>
    <dimen name="x640">954.07dp</dimen>
    <dimen name="x641">955.56dp</dimen>
    <dimen name="x642">957.06dp</dimen>
    <dimen name="x643">958.55dp</dimen>
    <dimen name="x644">960.04dp</dimen>
    <dimen name="x645">961.53dp</dimen>
    <dimen name="x646">963.02dp</dimen>
    <dimen name="x647">964.51dp</dimen>
    <dimen name="x648">966.00dp</dimen>
    <dimen name="x649">967.49dp</dimen>
    <dimen name="x650">968.98dp</dimen>
    <dimen name="x651">970.47dp</dimen>
    <dimen name="x652">971.96dp</dimen>
    <dimen name="x653">973.45dp</dimen>
    <dimen name="x654">974.94dp</dimen>
    <dimen name="x655">976.44dp</dimen>
    <dimen name="x656">977.93dp</dimen>
    <dimen name="x657">979.42dp</dimen>
    <dimen name="x658">980.91dp</dimen>
    <dimen name="x659">982.40dp</dimen>
    <dimen name="x660">983.89dp</dimen>
    <dimen name="x661">985.38dp</dimen>
    <dimen name="x662">986.87dp</dimen>
    <dimen name="x663">988.36dp</dimen>
    <dimen name="x664">989.85dp</dimen>
    <dimen name="x665">991.34dp</dimen>
    <dimen name="x666">992.83dp</dimen>
    <dimen name="x667">994.32dp</dimen>
    <dimen name="x668">995.81dp</dimen>
    <dimen name="x669">997.31dp</dimen>
    <dimen name="x670">998.80dp</dimen>
    <dimen name="x671">1000.29dp</dimen>
    <dimen name="x672">1001.78dp</dimen>
    <dimen name="x673">1003.27dp</dimen>
    <dimen name="x674">1004.76dp</dimen>
    <dimen name="x675">1006.25dp</dimen>
    <dimen name="x676">1007.74dp</dimen>
    <dimen name="x677">1009.23dp</dimen>
    <dimen name="x678">1010.72dp</dimen>
    <dimen name="x679">1012.21dp</dimen>
    <dimen name="x680">1013.70dp</dimen>
    <dimen name="x681">1015.19dp</dimen>
    <dimen name="x682">1016.69dp</dimen>
    <dimen name="x683">1018.18dp</dimen>
    <dimen name="x684">1019.67dp</dimen>
    <dimen name="x685">1021.16dp</dimen>
    <dimen name="x686">1022.65dp</dimen>
    <dimen name="x687">1024.14dp</dimen>
    <dimen name="x688">1025.63dp</dimen>
    <dimen name="x689">1027.12dp</dimen>
    <dimen name="x690">1028.61dp</dimen>
    <dimen name="x691">1030.10dp</dimen>
    <dimen name="x692">1031.59dp</dimen>
    <dimen name="x693">1033.08dp</dimen>
    <dimen name="x694">1034.57dp</dimen>
    <dimen name="x695">1036.06dp</dimen>
    <dimen name="x696">1037.56dp</dimen>
    <dimen name="x697">1039.05dp</dimen>
    <dimen name="x698">1040.54dp</dimen>
    <dimen name="x699">1042.03dp</dimen>
    <dimen name="x700">1043.52dp</dimen>
    <dimen name="x701">1045.01dp</dimen>
    <dimen name="x702">1046.50dp</dimen>
    <dimen name="x703">1047.99dp</dimen>
    <dimen name="x704">1049.48dp</dimen>
    <dimen name="x705">1050.97dp</dimen>
    <dimen name="x706">1052.46dp</dimen>
    <dimen name="x707">1053.95dp</dimen>
    <dimen name="x708">1055.44dp</dimen>
    <dimen name="x709">1056.94dp</dimen>
    <dimen name="x710">1058.43dp</dimen>
    <dimen name="x711">1059.92dp</dimen>
    <dimen name="x712">1061.41dp</dimen>
    <dimen name="x713">1062.90dp</dimen>
    <dimen name="x714">1064.39dp</dimen>
    <dimen name="x715">1065.88dp</dimen>
    <dimen name="x716">1067.37dp</dimen>
    <dimen name="x717">1068.86dp</dimen>
    <dimen name="x718">1070.35dp</dimen>
    <dimen name="x719">1071.84dp</dimen>
    <dimen name="x720">1073.33dp</dimen>
    <dimen name="x721">1074.82dp</dimen>
    <dimen name="x722">1076.31dp</dimen>
    <dimen name="x723">1077.81dp</dimen>
    <dimen name="x724">1079.30dp</dimen>
    <dimen name="x725">1080.79dp</dimen>
    <dimen name="x726">1082.28dp</dimen>
    <dimen name="x727">1083.77dp</dimen>
    <dimen name="x728">1085.26dp</dimen>
    <dimen name="x729">1086.75dp</dimen>
    <dimen name="x730">1088.24dp</dimen>
    <dimen name="x731">1089.73dp</dimen>
    <dimen name="x732">1091.22dp</dimen>
    <dimen name="x733">1092.71dp</dimen>
    <dimen name="x734">1094.20dp</dimen>
    <dimen name="x735">1095.69dp</dimen>
    <dimen name="x736">1097.19dp</dimen>
    <dimen name="x737">1098.68dp</dimen>
    <dimen name="x738">1100.17dp</dimen>
    <dimen name="x739">1101.66dp</dimen>
    <dimen name="x740">1103.15dp</dimen>
    <dimen name="x741">1104.64dp</dimen>
    <dimen name="x742">1106.13dp</dimen>
    <dimen name="x743">1107.62dp</dimen>
    <dimen name="x744">1109.11dp</dimen>
    <dimen name="x745">1110.60dp</dimen>
    <dimen name="x746">1112.09dp</dimen>
    <dimen name="x747">1113.58dp</dimen>
    <dimen name="x748">1115.07dp</dimen>
    <dimen name="x749">1116.56dp</dimen>
    <dimen name="x750">1118.06dp</dimen>
    <dimen name="x751">1119.55dp</dimen>
    <dimen name="x752">1121.04dp</dimen>
    <dimen name="x753">1122.53dp</dimen>
    <dimen name="x754">1124.02dp</dimen>
    <dimen name="x755">1125.51dp</dimen>
    <dimen name="x756">1127.00dp</dimen>
    <dimen name="x757">1128.49dp</dimen>
    <dimen name="x758">1129.98dp</dimen>
    <dimen name="x759">1131.47dp</dimen>
    <dimen name="x760">1132.96dp</dimen>
    <dimen name="x761">1134.45dp</dimen>
    <dimen name="x762">1135.94dp</dimen>
    <dimen name="x763">1137.44dp</dimen>
    <dimen name="x764">1138.93dp</dimen>
    <dimen name="x765">1140.42dp</dimen>
    <dimen name="x766">1141.91dp</dimen>
    <dimen name="x767">1143.40dp</dimen>
    <dimen name="x768">1144.89dp</dimen>
    <dimen name="x769">1146.38dp</dimen>
    <dimen name="x770">1147.87dp</dimen>
    <dimen name="x771">1149.36dp</dimen>
    <dimen name="x772">1150.85dp</dimen>
    <dimen name="x773">1152.34dp</dimen>
    <dimen name="x774">1153.83dp</dimen>
    <dimen name="x775">1155.32dp</dimen>
    <dimen name="x776">1156.81dp</dimen>
    <dimen name="x777">1158.31dp</dimen>
    <dimen name="x778">1159.80dp</dimen>
    <dimen name="x779">1161.29dp</dimen>
    <dimen name="x780">1162.78dp</dimen>
    <dimen name="x781">1164.27dp</dimen>
    <dimen name="x782">1165.76dp</dimen>
    <dimen name="x783">1167.25dp</dimen>
    <dimen name="x784">1168.74dp</dimen>
    <dimen name="x785">1170.23dp</dimen>
    <dimen name="x786">1171.72dp</dimen>
    <dimen name="x787">1173.21dp</dimen>
    <dimen name="x788">1174.70dp</dimen>
    <dimen name="x789">1176.19dp</dimen>
    <dimen name="x790">1177.69dp</dimen>
    <dimen name="x791">1179.18dp</dimen>
    <dimen name="x792">1180.67dp</dimen>
    <dimen name="x793">1182.16dp</dimen>
    <dimen name="x794">1183.65dp</dimen>
    <dimen name="x795">1185.14dp</dimen>
    <dimen name="x796">1186.63dp</dimen>
    <dimen name="x797">1188.12dp</dimen>
    <dimen name="x798">1189.61dp</dimen>
    <dimen name="x799">1191.10dp</dimen>
    <dimen name="x800">1192.59dp</dimen>
    <dimen name="x801">1194.08dp</dimen>
    <dimen name="x802">1195.57dp</dimen>
    <dimen name="x803">1197.06dp</dimen>
    <dimen name="x804">1198.56dp</dimen>
    <dimen name="x805">1200.05dp</dimen>
    <dimen name="x806">1201.54dp</dimen>
    <dimen name="x807">1203.03dp</dimen>
    <dimen name="x808">1204.52dp</dimen>
    <dimen name="x809">1206.01dp</dimen>
    <dimen name="x810">1207.50dp</dimen>
    <dimen name="x811">1208.99dp</dimen>
    <dimen name="x812">1210.48dp</dimen>
    <dimen name="x813">1211.97dp</dimen>
    <dimen name="x814">1213.46dp</dimen>
    <dimen name="x815">1214.95dp</dimen>
    <dimen name="x816">1216.44dp</dimen>
    <dimen name="x817">1217.94dp</dimen>
    <dimen name="x818">1219.43dp</dimen>
    <dimen name="x819">1220.92dp</dimen>
    <dimen name="x820">1222.41dp</dimen>
    <dimen name="x821">1223.90dp</dimen>
    <dimen name="x822">1225.39dp</dimen>
    <dimen name="x823">1226.88dp</dimen>
    <dimen name="x824">1228.37dp</dimen>
    <dimen name="x825">1229.86dp</dimen>
    <dimen name="x826">1231.35dp</dimen>
    <dimen name="x827">1232.84dp</dimen>
    <dimen name="x828">1234.33dp</dimen>
    <dimen name="x829">1235.82dp</dimen>
    <dimen name="x830">1237.31dp</dimen>
    <dimen name="x831">1238.81dp</dimen>
    <dimen name="x832">1240.30dp</dimen>
    <dimen name="x833">1241.79dp</dimen>
    <dimen name="x834">1243.28dp</dimen>
    <dimen name="x835">1244.77dp</dimen>
    <dimen name="x836">1246.26dp</dimen>
    <dimen name="x837">1247.75dp</dimen>
    <dimen name="x838">1249.24dp</dimen>
    <dimen name="x839">1250.73dp</dimen>
    <dimen name="x840">1252.22dp</dimen>
    <dimen name="x841">1253.71dp</dimen>
    <dimen name="x842">1255.20dp</dimen>
    <dimen name="x843">1256.69dp</dimen>
    <dimen name="x844">1258.19dp</dimen>
    <dimen name="x845">1259.68dp</dimen>
    <dimen name="x846">1261.17dp</dimen>
    <dimen name="x847">1262.66dp</dimen>
    <dimen name="x848">1264.15dp</dimen>
    <dimen name="x849">1265.64dp</dimen>
    <dimen name="x850">1267.13dp</dimen>
    <dimen name="x851">1268.62dp</dimen>
    <dimen name="x852">1270.11dp</dimen>
    <dimen name="x853">1271.60dp</dimen>
    <dimen name="x854">1273.09dp</dimen>
    <dimen name="x855">1274.58dp</dimen>
    <dimen name="x856">1276.07dp</dimen>
    <dimen name="x857">1277.56dp</dimen>
    <dimen name="x858">1279.06dp</dimen>
    <dimen name="x859">1280.55dp</dimen>
    <dimen name="x860">1282.04dp</dimen>
    <dimen name="x861">1283.53dp</dimen>
    <dimen name="x862">1285.02dp</dimen>
    <dimen name="x863">1286.51dp</dimen>
    <dimen name="x864">1288.00dp</dimen>
    <dimen name="x865">1289.49dp</dimen>
    <dimen name="x866">1290.98dp</dimen>
    <dimen name="x867">1292.47dp</dimen>
    <dimen name="x868">1293.96dp</dimen>
    <dimen name="x869">1295.45dp</dimen>
    <dimen name="x870">1296.94dp</dimen>
    <dimen name="x871">1298.44dp</dimen>
    <dimen name="x872">1299.93dp</dimen>
    <dimen name="x873">1301.42dp</dimen>
    <dimen name="x874">1302.91dp</dimen>
    <dimen name="x875">1304.40dp</dimen>
    <dimen name="x876">1305.89dp</dimen>
    <dimen name="x877">1307.38dp</dimen>
    <dimen name="x878">1308.87dp</dimen>
    <dimen name="x879">1310.36dp</dimen>
    <dimen name="x880">1311.85dp</dimen>
    <dimen name="x881">1313.34dp</dimen>
    <dimen name="x882">1314.83dp</dimen>
    <dimen name="x883">1316.32dp</dimen>
    <dimen name="x884">1317.81dp</dimen>
    <dimen name="x885">1319.31dp</dimen>
    <dimen name="x886">1320.80dp</dimen>
    <dimen name="x887">1322.29dp</dimen>
    <dimen name="x888">1323.78dp</dimen>
    <dimen name="x889">1325.27dp</dimen>
    <dimen name="x890">1326.76dp</dimen>
    <dimen name="x891">1328.25dp</dimen>
    <dimen name="x892">1329.74dp</dimen>
    <dimen name="x893">1331.23dp</dimen>
    <dimen name="x894">1332.72dp</dimen>
    <dimen name="x895">1334.21dp</dimen>
    <dimen name="x896">1335.70dp</dimen>
    <dimen name="x897">1337.19dp</dimen>
    <dimen name="x898">1338.69dp</dimen>
    <dimen name="x899">1340.18dp</dimen>
    <dimen name="x900">1341.67dp</dimen>
    <dimen name="x901">1343.16dp</dimen>
    <dimen name="x902">1344.65dp</dimen>
    <dimen name="x903">1346.14dp</dimen>
    <dimen name="x904">1347.63dp</dimen>
    <dimen name="x905">1349.12dp</dimen>
    <dimen name="x906">1350.61dp</dimen>
    <dimen name="x907">1352.10dp</dimen>
    <dimen name="x908">1353.59dp</dimen>
    <dimen name="x909">1355.08dp</dimen>
    <dimen name="x910">1356.57dp</dimen>
    <dimen name="x911">1358.06dp</dimen>
    <dimen name="x912">1359.56dp</dimen>
    <dimen name="x913">1361.05dp</dimen>
    <dimen name="x914">1362.54dp</dimen>
    <dimen name="x915">1364.03dp</dimen>
    <dimen name="x916">1365.52dp</dimen>
    <dimen name="x917">1367.01dp</dimen>
    <dimen name="x918">1368.50dp</dimen>
    <dimen name="x919">1369.99dp</dimen>
    <dimen name="x920">1371.48dp</dimen>
    <dimen name="x921">1372.97dp</dimen>
    <dimen name="x922">1374.46dp</dimen>
    <dimen name="x923">1375.95dp</dimen>
    <dimen name="x924">1377.44dp</dimen>
    <dimen name="x925">1378.94dp</dimen>
    <dimen name="x926">1380.43dp</dimen>
    <dimen name="x927">1381.92dp</dimen>
    <dimen name="x928">1383.41dp</dimen>
    <dimen name="x929">1384.90dp</dimen>
    <dimen name="x930">1386.39dp</dimen>
    <dimen name="x931">1387.88dp</dimen>
    <dimen name="x932">1389.37dp</dimen>
    <dimen name="x933">1390.86dp</dimen>
    <dimen name="x934">1392.35dp</dimen>
    <dimen name="x935">1393.84dp</dimen>
    <dimen name="x936">1395.33dp</dimen>
    <dimen name="x937">1396.82dp</dimen>
    <dimen name="x938">1398.31dp</dimen>
    <dimen name="x939">1399.81dp</dimen>
    <dimen name="x940">1401.30dp</dimen>
    <dimen name="x941">1402.79dp</dimen>
    <dimen name="x942">1404.28dp</dimen>
    <dimen name="x943">1405.77dp</dimen>
    <dimen name="x944">1407.26dp</dimen>
    <dimen name="x945">1408.75dp</dimen>
    <dimen name="x946">1410.24dp</dimen>
    <dimen name="x947">1411.73dp</dimen>
    <dimen name="x948">1413.22dp</dimen>
    <dimen name="x949">1414.71dp</dimen>
    <dimen name="x950">1416.20dp</dimen>
    <dimen name="x951">1417.69dp</dimen>
    <dimen name="x952">1419.19dp</dimen>
    <dimen name="x953">1420.68dp</dimen>
    <dimen name="x954">1422.17dp</dimen>
    <dimen name="x955">1423.66dp</dimen>
    <dimen name="x956">1425.15dp</dimen>
    <dimen name="x957">1426.64dp</dimen>
    <dimen name="x958">1428.13dp</dimen>
    <dimen name="x959">1429.62dp</dimen>
    <dimen name="x960">1431.11dp</dimen>
    <dimen name="x961">1432.60dp</dimen>
    <dimen name="x962">1434.09dp</dimen>
    <dimen name="x963">1435.58dp</dimen>
    <dimen name="x964">1437.07dp</dimen>
    <dimen name="x965">1438.56dp</dimen>
    <dimen name="x966">1440.06dp</dimen>
    <dimen name="x967">1441.55dp</dimen>
    <dimen name="x968">1443.04dp</dimen>
    <dimen name="x969">1444.53dp</dimen>
    <dimen name="x970">1446.02dp</dimen>
    <dimen name="x971">1447.51dp</dimen>
    <dimen name="x972">1449.00dp</dimen>
    <dimen name="x973">1450.49dp</dimen>
    <dimen name="x974">1451.98dp</dimen>
    <dimen name="x975">1453.47dp</dimen>
    <dimen name="x976">1454.96dp</dimen>
    <dimen name="x977">1456.45dp</dimen>
    <dimen name="x978">1457.94dp</dimen>
    <dimen name="x979">1459.44dp</dimen>
    <dimen name="x980">1460.93dp</dimen>
    <dimen name="x981">1462.42dp</dimen>
    <dimen name="x982">1463.91dp</dimen>
    <dimen name="x983">1465.40dp</dimen>
    <dimen name="x984">1466.89dp</dimen>
    <dimen name="x985">1468.38dp</dimen>
    <dimen name="x986">1469.87dp</dimen>
    <dimen name="x987">1471.36dp</dimen>
    <dimen name="x988">1472.85dp</dimen>
    <dimen name="x989">1474.34dp</dimen>
    <dimen name="x990">1475.83dp</dimen>
    <dimen name="x991">1477.32dp</dimen>
    <dimen name="x992">1478.81dp</dimen>
    <dimen name="x993">1480.31dp</dimen>
    <dimen name="x994">1481.80dp</dimen>
    <dimen name="x995">1483.29dp</dimen>
    <dimen name="x996">1484.78dp</dimen>
    <dimen name="x997">1486.27dp</dimen>
    <dimen name="x998">1487.76dp</dimen>
    <dimen name="x999">1489.25dp</dimen>
    <dimen name="x1000">1490.74dp</dimen>
    <dimen name="x1001">1492.23dp</dimen>
    <dimen name="x1002">1493.72dp</dimen>
    <dimen name="x1003">1495.21dp</dimen>
    <dimen name="x1004">1496.70dp</dimen>
    <dimen name="x1005">1498.19dp</dimen>
    <dimen name="x1006">1499.69dp</dimen>
    <dimen name="x1007">1501.18dp</dimen>
    <dimen name="x1008">1502.67dp</dimen>
    <dimen name="x1009">1504.16dp</dimen>
    <dimen name="x1010">1505.65dp</dimen>
    <dimen name="x1011">1507.14dp</dimen>
    <dimen name="x1012">1508.63dp</dimen>
    <dimen name="x1013">1510.12dp</dimen>
    <dimen name="x1014">1511.61dp</dimen>
    <dimen name="x1015">1513.10dp</dimen>
    <dimen name="x1016">1514.59dp</dimen>
    <dimen name="x1017">1516.08dp</dimen>
    <dimen name="x1018">1517.57dp</dimen>
    <dimen name="x1019">1519.06dp</dimen>
    <dimen name="x1020">1520.56dp</dimen>
    <dimen name="x1021">1522.05dp</dimen>
    <dimen name="x1022">1523.54dp</dimen>
    <dimen name="x1023">1525.03dp</dimen>
    <dimen name="x1024">1526.52dp</dimen>
    <dimen name="x1025">1528.01dp</dimen>
    <dimen name="x1026">1529.50dp</dimen>
    <dimen name="x1027">1530.99dp</dimen>
    <dimen name="x1028">1532.48dp</dimen>
    <dimen name="x1029">1533.97dp</dimen>
    <dimen name="x1030">1535.46dp</dimen>
    <dimen name="x1031">1536.95dp</dimen>
    <dimen name="x1032">1538.44dp</dimen>
    <dimen name="x1033">1539.94dp</dimen>
    <dimen name="x1034">1541.43dp</dimen>
    <dimen name="x1035">1542.92dp</dimen>
    <dimen name="x1036">1544.41dp</dimen>
    <dimen name="x1037">1545.90dp</dimen>
    <dimen name="x1038">1547.39dp</dimen>
    <dimen name="x1039">1548.88dp</dimen>
    <dimen name="x1040">1550.37dp</dimen>
    <dimen name="x1041">1551.86dp</dimen>
    <dimen name="x1042">1553.35dp</dimen>
    <dimen name="x1043">1554.84dp</dimen>
    <dimen name="x1044">1556.33dp</dimen>
    <dimen name="x1045">1557.82dp</dimen>
    <dimen name="x1046">1559.31dp</dimen>
    <dimen name="x1047">1560.81dp</dimen>
    <dimen name="x1048">1562.30dp</dimen>
    <dimen name="x1049">1563.79dp</dimen>
    <dimen name="x1050">1565.28dp</dimen>
    <dimen name="x1051">1566.77dp</dimen>
    <dimen name="x1052">1568.26dp</dimen>
    <dimen name="x1053">1569.75dp</dimen>
    <dimen name="x1054">1571.24dp</dimen>
    <dimen name="x1055">1572.73dp</dimen>
    <dimen name="x1056">1574.22dp</dimen>
    <dimen name="x1057">1575.71dp</dimen>
    <dimen name="x1058">1577.20dp</dimen>
    <dimen name="x1059">1578.69dp</dimen>
    <dimen name="x1060">1580.19dp</dimen>
    <dimen name="x1061">1581.68dp</dimen>
    <dimen name="x1062">1583.17dp</dimen>
    <dimen name="x1063">1584.66dp</dimen>
    <dimen name="x1064">1586.15dp</dimen>
    <dimen name="x1065">1587.64dp</dimen>
    <dimen name="x1066">1589.13dp</dimen>
    <dimen name="x1067">1590.62dp</dimen>
    <dimen name="x1068">1592.11dp</dimen>
    <dimen name="x1069">1593.60dp</dimen>
    <dimen name="x1070">1595.09dp</dimen>
    <dimen name="x1071">1596.58dp</dimen>
    <dimen name="x1072">1598.07dp</dimen>
    <dimen name="x1073">1599.56dp</dimen>
    <dimen name="x1074">1601.06dp</dimen>
    <dimen name="x1075">1602.55dp</dimen>
    <dimen name="x1076">1604.04dp</dimen>
    <dimen name="x1077">1605.53dp</dimen>
    <dimen name="x1078">1607.02dp</dimen>
    <dimen name="x1079">1608.51dp</dimen>
    <dimen name="x1080">1610.00dp</dimen>
</resources>