<?xml version="1.0" encoding="utf-8"?>
<resources>
    <string name="sw_dp">1170dp</string>
    <dimen name="x1">1.08dp</dimen>
    <dimen name="x2">2.17dp</dimen>
    <dimen name="x3">3.25dp</dimen>
    <dimen name="x4">4.33dp</dimen>
    <dimen name="x5">5.42dp</dimen>
    <dimen name="x6">6.50dp</dimen>
    <dimen name="x7">7.58dp</dimen>
    <dimen name="x8">8.67dp</dimen>
    <dimen name="x9">9.75dp</dimen>
    <dimen name="x10">10.83dp</dimen>
    <dimen name="x11">11.92dp</dimen>
    <dimen name="x12">13.00dp</dimen>
    <dimen name="x13">14.08dp</dimen>
    <dimen name="x14">15.17dp</dimen>
    <dimen name="x15">16.25dp</dimen>
    <dimen name="x16">17.33dp</dimen>
    <dimen name="x17">18.42dp</dimen>
    <dimen name="x18">19.50dp</dimen>
    <dimen name="x19">20.58dp</dimen>
    <dimen name="x20">21.67dp</dimen>
    <dimen name="x21">22.75dp</dimen>
    <dimen name="x22">23.83dp</dimen>
    <dimen name="x23">24.92dp</dimen>
    <dimen name="x24">26.00dp</dimen>
    <dimen name="x25">27.08dp</dimen>
    <dimen name="x26">28.17dp</dimen>
    <dimen name="x27">29.25dp</dimen>
    <dimen name="x28">30.33dp</dimen>
    <dimen name="x29">31.42dp</dimen>
    <dimen name="x30">32.50dp</dimen>
    <dimen name="x31">33.58dp</dimen>
    <dimen name="x32">34.67dp</dimen>
    <dimen name="x33">35.75dp</dimen>
    <dimen name="x34">36.83dp</dimen>
    <dimen name="x35">37.92dp</dimen>
    <dimen name="x36">39.00dp</dimen>
    <dimen name="x37">40.08dp</dimen>
    <dimen name="x38">41.17dp</dimen>
    <dimen name="x39">42.25dp</dimen>
    <dimen name="x40">43.33dp</dimen>
    <dimen name="x41">44.42dp</dimen>
    <dimen name="x42">45.50dp</dimen>
    <dimen name="x43">46.58dp</dimen>
    <dimen name="x44">47.67dp</dimen>
    <dimen name="x45">48.75dp</dimen>
    <dimen name="x46">49.83dp</dimen>
    <dimen name="x47">50.92dp</dimen>
    <dimen name="x48">52.00dp</dimen>
    <dimen name="x49">53.08dp</dimen>
    <dimen name="x50">54.17dp</dimen>
    <dimen name="x51">55.25dp</dimen>
    <dimen name="x52">56.33dp</dimen>
    <dimen name="x53">57.42dp</dimen>
    <dimen name="x54">58.50dp</dimen>
    <dimen name="x55">59.58dp</dimen>
    <dimen name="x56">60.67dp</dimen>
    <dimen name="x57">61.75dp</dimen>
    <dimen name="x58">62.83dp</dimen>
    <dimen name="x59">63.92dp</dimen>
    <dimen name="x60">65.00dp</dimen>
    <dimen name="x61">66.08dp</dimen>
    <dimen name="x62">67.17dp</dimen>
    <dimen name="x63">68.25dp</dimen>
    <dimen name="x64">69.33dp</dimen>
    <dimen name="x65">70.42dp</dimen>
    <dimen name="x66">71.50dp</dimen>
    <dimen name="x67">72.58dp</dimen>
    <dimen name="x68">73.67dp</dimen>
    <dimen name="x69">74.75dp</dimen>
    <dimen name="x70">75.83dp</dimen>
    <dimen name="x71">76.92dp</dimen>
    <dimen name="x72">78.00dp</dimen>
    <dimen name="x73">79.08dp</dimen>
    <dimen name="x74">80.17dp</dimen>
    <dimen name="x75">81.25dp</dimen>
    <dimen name="x76">82.33dp</dimen>
    <dimen name="x77">83.42dp</dimen>
    <dimen name="x78">84.50dp</dimen>
    <dimen name="x79">85.58dp</dimen>
    <dimen name="x80">86.67dp</dimen>
    <dimen name="x81">87.75dp</dimen>
    <dimen name="x82">88.83dp</dimen>
    <dimen name="x83">89.92dp</dimen>
    <dimen name="x84">91.00dp</dimen>
    <dimen name="x85">92.08dp</dimen>
    <dimen name="x86">93.17dp</dimen>
    <dimen name="x87">94.25dp</dimen>
    <dimen name="x88">95.33dp</dimen>
    <dimen name="x89">96.42dp</dimen>
    <dimen name="x90">97.50dp</dimen>
    <dimen name="x91">98.58dp</dimen>
    <dimen name="x92">99.67dp</dimen>
    <dimen name="x93">100.75dp</dimen>
    <dimen name="x94">101.83dp</dimen>
    <dimen name="x95">102.92dp</dimen>
    <dimen name="x96">104.00dp</dimen>
    <dimen name="x97">105.08dp</dimen>
    <dimen name="x98">106.17dp</dimen>
    <dimen name="x99">107.25dp</dimen>
    <dimen name="x100">108.33dp</dimen>
    <dimen name="x101">109.42dp</dimen>
    <dimen name="x102">110.50dp</dimen>
    <dimen name="x103">111.58dp</dimen>
    <dimen name="x104">112.67dp</dimen>
    <dimen name="x105">113.75dp</dimen>
    <dimen name="x106">114.83dp</dimen>
    <dimen name="x107">115.92dp</dimen>
    <dimen name="x108">117.00dp</dimen>
    <dimen name="x109">118.08dp</dimen>
    <dimen name="x110">119.17dp</dimen>
    <dimen name="x111">120.25dp</dimen>
    <dimen name="x112">121.33dp</dimen>
    <dimen name="x113">122.42dp</dimen>
    <dimen name="x114">123.50dp</dimen>
    <dimen name="x115">124.58dp</dimen>
    <dimen name="x116">125.67dp</dimen>
    <dimen name="x117">126.75dp</dimen>
    <dimen name="x118">127.83dp</dimen>
    <dimen name="x119">128.92dp</dimen>
    <dimen name="x120">130.00dp</dimen>
    <dimen name="x121">131.08dp</dimen>
    <dimen name="x122">132.17dp</dimen>
    <dimen name="x123">133.25dp</dimen>
    <dimen name="x124">134.33dp</dimen>
    <dimen name="x125">135.42dp</dimen>
    <dimen name="x126">136.50dp</dimen>
    <dimen name="x127">137.58dp</dimen>
    <dimen name="x128">138.67dp</dimen>
    <dimen name="x129">139.75dp</dimen>
    <dimen name="x130">140.83dp</dimen>
    <dimen name="x131">141.92dp</dimen>
    <dimen name="x132">143.00dp</dimen>
    <dimen name="x133">144.08dp</dimen>
    <dimen name="x134">145.17dp</dimen>
    <dimen name="x135">146.25dp</dimen>
    <dimen name="x136">147.33dp</dimen>
    <dimen name="x137">148.42dp</dimen>
    <dimen name="x138">149.50dp</dimen>
    <dimen name="x139">150.58dp</dimen>
    <dimen name="x140">151.67dp</dimen>
    <dimen name="x141">152.75dp</dimen>
    <dimen name="x142">153.83dp</dimen>
    <dimen name="x143">154.92dp</dimen>
    <dimen name="x144">156.00dp</dimen>
    <dimen name="x145">157.08dp</dimen>
    <dimen name="x146">158.17dp</dimen>
    <dimen name="x147">159.25dp</dimen>
    <dimen name="x148">160.33dp</dimen>
    <dimen name="x149">161.42dp</dimen>
    <dimen name="x150">162.50dp</dimen>
    <dimen name="x151">163.58dp</dimen>
    <dimen name="x152">164.67dp</dimen>
    <dimen name="x153">165.75dp</dimen>
    <dimen name="x154">166.83dp</dimen>
    <dimen name="x155">167.92dp</dimen>
    <dimen name="x156">169.00dp</dimen>
    <dimen name="x157">170.08dp</dimen>
    <dimen name="x158">171.17dp</dimen>
    <dimen name="x159">172.25dp</dimen>
    <dimen name="x160">173.33dp</dimen>
    <dimen name="x161">174.42dp</dimen>
    <dimen name="x162">175.50dp</dimen>
    <dimen name="x163">176.58dp</dimen>
    <dimen name="x164">177.67dp</dimen>
    <dimen name="x165">178.75dp</dimen>
    <dimen name="x166">179.83dp</dimen>
    <dimen name="x167">180.92dp</dimen>
    <dimen name="x168">182.00dp</dimen>
    <dimen name="x169">183.08dp</dimen>
    <dimen name="x170">184.17dp</dimen>
    <dimen name="x171">185.25dp</dimen>
    <dimen name="x172">186.33dp</dimen>
    <dimen name="x173">187.42dp</dimen>
    <dimen name="x174">188.50dp</dimen>
    <dimen name="x175">189.58dp</dimen>
    <dimen name="x176">190.67dp</dimen>
    <dimen name="x177">191.75dp</dimen>
    <dimen name="x178">192.83dp</dimen>
    <dimen name="x179">193.92dp</dimen>
    <dimen name="x180">195.00dp</dimen>
    <dimen name="x181">196.08dp</dimen>
    <dimen name="x182">197.17dp</dimen>
    <dimen name="x183">198.25dp</dimen>
    <dimen name="x184">199.33dp</dimen>
    <dimen name="x185">200.42dp</dimen>
    <dimen name="x186">201.50dp</dimen>
    <dimen name="x187">202.58dp</dimen>
    <dimen name="x188">203.67dp</dimen>
    <dimen name="x189">204.75dp</dimen>
    <dimen name="x190">205.83dp</dimen>
    <dimen name="x191">206.92dp</dimen>
    <dimen name="x192">208.00dp</dimen>
    <dimen name="x193">209.08dp</dimen>
    <dimen name="x194">210.17dp</dimen>
    <dimen name="x195">211.25dp</dimen>
    <dimen name="x196">212.33dp</dimen>
    <dimen name="x197">213.42dp</dimen>
    <dimen name="x198">214.50dp</dimen>
    <dimen name="x199">215.58dp</dimen>
    <dimen name="x200">216.67dp</dimen>
    <dimen name="x201">217.75dp</dimen>
    <dimen name="x202">218.83dp</dimen>
    <dimen name="x203">219.92dp</dimen>
    <dimen name="x204">221.00dp</dimen>
    <dimen name="x205">222.08dp</dimen>
    <dimen name="x206">223.17dp</dimen>
    <dimen name="x207">224.25dp</dimen>
    <dimen name="x208">225.33dp</dimen>
    <dimen name="x209">226.42dp</dimen>
    <dimen name="x210">227.50dp</dimen>
    <dimen name="x211">228.58dp</dimen>
    <dimen name="x212">229.67dp</dimen>
    <dimen name="x213">230.75dp</dimen>
    <dimen name="x214">231.83dp</dimen>
    <dimen name="x215">232.92dp</dimen>
    <dimen name="x216">234.00dp</dimen>
    <dimen name="x217">235.08dp</dimen>
    <dimen name="x218">236.17dp</dimen>
    <dimen name="x219">237.25dp</dimen>
    <dimen name="x220">238.33dp</dimen>
    <dimen name="x221">239.42dp</dimen>
    <dimen name="x222">240.50dp</dimen>
    <dimen name="x223">241.58dp</dimen>
    <dimen name="x224">242.67dp</dimen>
    <dimen name="x225">243.75dp</dimen>
    <dimen name="x226">244.83dp</dimen>
    <dimen name="x227">245.92dp</dimen>
    <dimen name="x228">247.00dp</dimen>
    <dimen name="x229">248.08dp</dimen>
    <dimen name="x230">249.17dp</dimen>
    <dimen name="x231">250.25dp</dimen>
    <dimen name="x232">251.33dp</dimen>
    <dimen name="x233">252.42dp</dimen>
    <dimen name="x234">253.50dp</dimen>
    <dimen name="x235">254.58dp</dimen>
    <dimen name="x236">255.67dp</dimen>
    <dimen name="x237">256.75dp</dimen>
    <dimen name="x238">257.83dp</dimen>
    <dimen name="x239">258.92dp</dimen>
    <dimen name="x240">260.00dp</dimen>
    <dimen name="x241">261.08dp</dimen>
    <dimen name="x242">262.17dp</dimen>
    <dimen name="x243">263.25dp</dimen>
    <dimen name="x244">264.33dp</dimen>
    <dimen name="x245">265.42dp</dimen>
    <dimen name="x246">266.50dp</dimen>
    <dimen name="x247">267.58dp</dimen>
    <dimen name="x248">268.67dp</dimen>
    <dimen name="x249">269.75dp</dimen>
    <dimen name="x250">270.83dp</dimen>
    <dimen name="x251">271.92dp</dimen>
    <dimen name="x252">273.00dp</dimen>
    <dimen name="x253">274.08dp</dimen>
    <dimen name="x254">275.17dp</dimen>
    <dimen name="x255">276.25dp</dimen>
    <dimen name="x256">277.33dp</dimen>
    <dimen name="x257">278.42dp</dimen>
    <dimen name="x258">279.50dp</dimen>
    <dimen name="x259">280.58dp</dimen>
    <dimen name="x260">281.67dp</dimen>
    <dimen name="x261">282.75dp</dimen>
    <dimen name="x262">283.83dp</dimen>
    <dimen name="x263">284.92dp</dimen>
    <dimen name="x264">286.00dp</dimen>
    <dimen name="x265">287.08dp</dimen>
    <dimen name="x266">288.17dp</dimen>
    <dimen name="x267">289.25dp</dimen>
    <dimen name="x268">290.33dp</dimen>
    <dimen name="x269">291.42dp</dimen>
    <dimen name="x270">292.50dp</dimen>
    <dimen name="x271">293.58dp</dimen>
    <dimen name="x272">294.67dp</dimen>
    <dimen name="x273">295.75dp</dimen>
    <dimen name="x274">296.83dp</dimen>
    <dimen name="x275">297.92dp</dimen>
    <dimen name="x276">299.00dp</dimen>
    <dimen name="x277">300.08dp</dimen>
    <dimen name="x278">301.17dp</dimen>
    <dimen name="x279">302.25dp</dimen>
    <dimen name="x280">303.33dp</dimen>
    <dimen name="x281">304.42dp</dimen>
    <dimen name="x282">305.50dp</dimen>
    <dimen name="x283">306.58dp</dimen>
    <dimen name="x284">307.67dp</dimen>
    <dimen name="x285">308.75dp</dimen>
    <dimen name="x286">309.83dp</dimen>
    <dimen name="x287">310.92dp</dimen>
    <dimen name="x288">312.00dp</dimen>
    <dimen name="x289">313.08dp</dimen>
    <dimen name="x290">314.17dp</dimen>
    <dimen name="x291">315.25dp</dimen>
    <dimen name="x292">316.33dp</dimen>
    <dimen name="x293">317.42dp</dimen>
    <dimen name="x294">318.50dp</dimen>
    <dimen name="x295">319.58dp</dimen>
    <dimen name="x296">320.67dp</dimen>
    <dimen name="x297">321.75dp</dimen>
    <dimen name="x298">322.83dp</dimen>
    <dimen name="x299">323.92dp</dimen>
    <dimen name="x300">325.00dp</dimen>
    <dimen name="x301">326.08dp</dimen>
    <dimen name="x302">327.17dp</dimen>
    <dimen name="x303">328.25dp</dimen>
    <dimen name="x304">329.33dp</dimen>
    <dimen name="x305">330.42dp</dimen>
    <dimen name="x306">331.50dp</dimen>
    <dimen name="x307">332.58dp</dimen>
    <dimen name="x308">333.67dp</dimen>
    <dimen name="x309">334.75dp</dimen>
    <dimen name="x310">335.83dp</dimen>
    <dimen name="x311">336.92dp</dimen>
    <dimen name="x312">338.00dp</dimen>
    <dimen name="x313">339.08dp</dimen>
    <dimen name="x314">340.17dp</dimen>
    <dimen name="x315">341.25dp</dimen>
    <dimen name="x316">342.33dp</dimen>
    <dimen name="x317">343.42dp</dimen>
    <dimen name="x318">344.50dp</dimen>
    <dimen name="x319">345.58dp</dimen>
    <dimen name="x320">346.67dp</dimen>
    <dimen name="x321">347.75dp</dimen>
    <dimen name="x322">348.83dp</dimen>
    <dimen name="x323">349.92dp</dimen>
    <dimen name="x324">351.00dp</dimen>
    <dimen name="x325">352.08dp</dimen>
    <dimen name="x326">353.17dp</dimen>
    <dimen name="x327">354.25dp</dimen>
    <dimen name="x328">355.33dp</dimen>
    <dimen name="x329">356.42dp</dimen>
    <dimen name="x330">357.50dp</dimen>
    <dimen name="x331">358.58dp</dimen>
    <dimen name="x332">359.67dp</dimen>
    <dimen name="x333">360.75dp</dimen>
    <dimen name="x334">361.83dp</dimen>
    <dimen name="x335">362.92dp</dimen>
    <dimen name="x336">364.00dp</dimen>
    <dimen name="x337">365.08dp</dimen>
    <dimen name="x338">366.17dp</dimen>
    <dimen name="x339">367.25dp</dimen>
    <dimen name="x340">368.33dp</dimen>
    <dimen name="x341">369.42dp</dimen>
    <dimen name="x342">370.50dp</dimen>
    <dimen name="x343">371.58dp</dimen>
    <dimen name="x344">372.67dp</dimen>
    <dimen name="x345">373.75dp</dimen>
    <dimen name="x346">374.83dp</dimen>
    <dimen name="x347">375.92dp</dimen>
    <dimen name="x348">377.00dp</dimen>
    <dimen name="x349">378.08dp</dimen>
    <dimen name="x350">379.17dp</dimen>
    <dimen name="x351">380.25dp</dimen>
    <dimen name="x352">381.33dp</dimen>
    <dimen name="x353">382.42dp</dimen>
    <dimen name="x354">383.50dp</dimen>
    <dimen name="x355">384.58dp</dimen>
    <dimen name="x356">385.67dp</dimen>
    <dimen name="x357">386.75dp</dimen>
    <dimen name="x358">387.83dp</dimen>
    <dimen name="x359">388.92dp</dimen>
    <dimen name="x360">390.00dp</dimen>
    <dimen name="x361">391.08dp</dimen>
    <dimen name="x362">392.17dp</dimen>
    <dimen name="x363">393.25dp</dimen>
    <dimen name="x364">394.33dp</dimen>
    <dimen name="x365">395.42dp</dimen>
    <dimen name="x366">396.50dp</dimen>
    <dimen name="x367">397.58dp</dimen>
    <dimen name="x368">398.67dp</dimen>
    <dimen name="x369">399.75dp</dimen>
    <dimen name="x370">400.83dp</dimen>
    <dimen name="x371">401.92dp</dimen>
    <dimen name="x372">403.00dp</dimen>
    <dimen name="x373">404.08dp</dimen>
    <dimen name="x374">405.17dp</dimen>
    <dimen name="x375">406.25dp</dimen>
    <dimen name="x376">407.33dp</dimen>
    <dimen name="x377">408.42dp</dimen>
    <dimen name="x378">409.50dp</dimen>
    <dimen name="x379">410.58dp</dimen>
    <dimen name="x380">411.67dp</dimen>
    <dimen name="x381">412.75dp</dimen>
    <dimen name="x382">413.83dp</dimen>
    <dimen name="x383">414.92dp</dimen>
    <dimen name="x384">416.00dp</dimen>
    <dimen name="x385">417.08dp</dimen>
    <dimen name="x386">418.17dp</dimen>
    <dimen name="x387">419.25dp</dimen>
    <dimen name="x388">420.33dp</dimen>
    <dimen name="x389">421.42dp</dimen>
    <dimen name="x390">422.50dp</dimen>
    <dimen name="x391">423.58dp</dimen>
    <dimen name="x392">424.67dp</dimen>
    <dimen name="x393">425.75dp</dimen>
    <dimen name="x394">426.83dp</dimen>
    <dimen name="x395">427.92dp</dimen>
    <dimen name="x396">429.00dp</dimen>
    <dimen name="x397">430.08dp</dimen>
    <dimen name="x398">431.17dp</dimen>
    <dimen name="x399">432.25dp</dimen>
    <dimen name="x400">433.33dp</dimen>
    <dimen name="x401">434.42dp</dimen>
    <dimen name="x402">435.50dp</dimen>
    <dimen name="x403">436.58dp</dimen>
    <dimen name="x404">437.67dp</dimen>
    <dimen name="x405">438.75dp</dimen>
    <dimen name="x406">439.83dp</dimen>
    <dimen name="x407">440.92dp</dimen>
    <dimen name="x408">442.00dp</dimen>
    <dimen name="x409">443.08dp</dimen>
    <dimen name="x410">444.17dp</dimen>
    <dimen name="x411">445.25dp</dimen>
    <dimen name="x412">446.33dp</dimen>
    <dimen name="x413">447.42dp</dimen>
    <dimen name="x414">448.50dp</dimen>
    <dimen name="x415">449.58dp</dimen>
    <dimen name="x416">450.67dp</dimen>
    <dimen name="x417">451.75dp</dimen>
    <dimen name="x418">452.83dp</dimen>
    <dimen name="x419">453.92dp</dimen>
    <dimen name="x420">455.00dp</dimen>
    <dimen name="x421">456.08dp</dimen>
    <dimen name="x422">457.17dp</dimen>
    <dimen name="x423">458.25dp</dimen>
    <dimen name="x424">459.33dp</dimen>
    <dimen name="x425">460.42dp</dimen>
    <dimen name="x426">461.50dp</dimen>
    <dimen name="x427">462.58dp</dimen>
    <dimen name="x428">463.67dp</dimen>
    <dimen name="x429">464.75dp</dimen>
    <dimen name="x430">465.83dp</dimen>
    <dimen name="x431">466.92dp</dimen>
    <dimen name="x432">468.00dp</dimen>
    <dimen name="x433">469.08dp</dimen>
    <dimen name="x434">470.17dp</dimen>
    <dimen name="x435">471.25dp</dimen>
    <dimen name="x436">472.33dp</dimen>
    <dimen name="x437">473.42dp</dimen>
    <dimen name="x438">474.50dp</dimen>
    <dimen name="x439">475.58dp</dimen>
    <dimen name="x440">476.67dp</dimen>
    <dimen name="x441">477.75dp</dimen>
    <dimen name="x442">478.83dp</dimen>
    <dimen name="x443">479.92dp</dimen>
    <dimen name="x444">481.00dp</dimen>
    <dimen name="x445">482.08dp</dimen>
    <dimen name="x446">483.17dp</dimen>
    <dimen name="x447">484.25dp</dimen>
    <dimen name="x448">485.33dp</dimen>
    <dimen name="x449">486.42dp</dimen>
    <dimen name="x450">487.50dp</dimen>
    <dimen name="x451">488.58dp</dimen>
    <dimen name="x452">489.67dp</dimen>
    <dimen name="x453">490.75dp</dimen>
    <dimen name="x454">491.83dp</dimen>
    <dimen name="x455">492.92dp</dimen>
    <dimen name="x456">494.00dp</dimen>
    <dimen name="x457">495.08dp</dimen>
    <dimen name="x458">496.17dp</dimen>
    <dimen name="x459">497.25dp</dimen>
    <dimen name="x460">498.33dp</dimen>
    <dimen name="x461">499.42dp</dimen>
    <dimen name="x462">500.50dp</dimen>
    <dimen name="x463">501.58dp</dimen>
    <dimen name="x464">502.67dp</dimen>
    <dimen name="x465">503.75dp</dimen>
    <dimen name="x466">504.83dp</dimen>
    <dimen name="x467">505.92dp</dimen>
    <dimen name="x468">507.00dp</dimen>
    <dimen name="x469">508.08dp</dimen>
    <dimen name="x470">509.17dp</dimen>
    <dimen name="x471">510.25dp</dimen>
    <dimen name="x472">511.33dp</dimen>
    <dimen name="x473">512.42dp</dimen>
    <dimen name="x474">513.50dp</dimen>
    <dimen name="x475">514.58dp</dimen>
    <dimen name="x476">515.67dp</dimen>
    <dimen name="x477">516.75dp</dimen>
    <dimen name="x478">517.83dp</dimen>
    <dimen name="x479">518.92dp</dimen>
    <dimen name="x480">520.00dp</dimen>
    <dimen name="x481">521.08dp</dimen>
    <dimen name="x482">522.17dp</dimen>
    <dimen name="x483">523.25dp</dimen>
    <dimen name="x484">524.33dp</dimen>
    <dimen name="x485">525.42dp</dimen>
    <dimen name="x486">526.50dp</dimen>
    <dimen name="x487">527.58dp</dimen>
    <dimen name="x488">528.67dp</dimen>
    <dimen name="x489">529.75dp</dimen>
    <dimen name="x490">530.83dp</dimen>
    <dimen name="x491">531.92dp</dimen>
    <dimen name="x492">533.00dp</dimen>
    <dimen name="x493">534.08dp</dimen>
    <dimen name="x494">535.17dp</dimen>
    <dimen name="x495">536.25dp</dimen>
    <dimen name="x496">537.33dp</dimen>
    <dimen name="x497">538.42dp</dimen>
    <dimen name="x498">539.50dp</dimen>
    <dimen name="x499">540.58dp</dimen>
    <dimen name="x500">541.67dp</dimen>
    <dimen name="x501">542.75dp</dimen>
    <dimen name="x502">543.83dp</dimen>
    <dimen name="x503">544.92dp</dimen>
    <dimen name="x504">546.00dp</dimen>
    <dimen name="x505">547.08dp</dimen>
    <dimen name="x506">548.17dp</dimen>
    <dimen name="x507">549.25dp</dimen>
    <dimen name="x508">550.33dp</dimen>
    <dimen name="x509">551.42dp</dimen>
    <dimen name="x510">552.50dp</dimen>
    <dimen name="x511">553.58dp</dimen>
    <dimen name="x512">554.67dp</dimen>
    <dimen name="x513">555.75dp</dimen>
    <dimen name="x514">556.83dp</dimen>
    <dimen name="x515">557.92dp</dimen>
    <dimen name="x516">559.00dp</dimen>
    <dimen name="x517">560.08dp</dimen>
    <dimen name="x518">561.17dp</dimen>
    <dimen name="x519">562.25dp</dimen>
    <dimen name="x520">563.33dp</dimen>
    <dimen name="x521">564.42dp</dimen>
    <dimen name="x522">565.50dp</dimen>
    <dimen name="x523">566.58dp</dimen>
    <dimen name="x524">567.67dp</dimen>
    <dimen name="x525">568.75dp</dimen>
    <dimen name="x526">569.83dp</dimen>
    <dimen name="x527">570.92dp</dimen>
    <dimen name="x528">572.00dp</dimen>
    <dimen name="x529">573.08dp</dimen>
    <dimen name="x530">574.17dp</dimen>
    <dimen name="x531">575.25dp</dimen>
    <dimen name="x532">576.33dp</dimen>
    <dimen name="x533">577.42dp</dimen>
    <dimen name="x534">578.50dp</dimen>
    <dimen name="x535">579.58dp</dimen>
    <dimen name="x536">580.67dp</dimen>
    <dimen name="x537">581.75dp</dimen>
    <dimen name="x538">582.83dp</dimen>
    <dimen name="x539">583.92dp</dimen>
    <dimen name="x540">585.00dp</dimen>
    <dimen name="x541">586.08dp</dimen>
    <dimen name="x542">587.17dp</dimen>
    <dimen name="x543">588.25dp</dimen>
    <dimen name="x544">589.33dp</dimen>
    <dimen name="x545">590.42dp</dimen>
    <dimen name="x546">591.50dp</dimen>
    <dimen name="x547">592.58dp</dimen>
    <dimen name="x548">593.67dp</dimen>
    <dimen name="x549">594.75dp</dimen>
    <dimen name="x550">595.83dp</dimen>
    <dimen name="x551">596.92dp</dimen>
    <dimen name="x552">598.00dp</dimen>
    <dimen name="x553">599.08dp</dimen>
    <dimen name="x554">600.17dp</dimen>
    <dimen name="x555">601.25dp</dimen>
    <dimen name="x556">602.33dp</dimen>
    <dimen name="x557">603.42dp</dimen>
    <dimen name="x558">604.50dp</dimen>
    <dimen name="x559">605.58dp</dimen>
    <dimen name="x560">606.67dp</dimen>
    <dimen name="x561">607.75dp</dimen>
    <dimen name="x562">608.83dp</dimen>
    <dimen name="x563">609.92dp</dimen>
    <dimen name="x564">611.00dp</dimen>
    <dimen name="x565">612.08dp</dimen>
    <dimen name="x566">613.17dp</dimen>
    <dimen name="x567">614.25dp</dimen>
    <dimen name="x568">615.33dp</dimen>
    <dimen name="x569">616.42dp</dimen>
    <dimen name="x570">617.50dp</dimen>
    <dimen name="x571">618.58dp</dimen>
    <dimen name="x572">619.67dp</dimen>
    <dimen name="x573">620.75dp</dimen>
    <dimen name="x574">621.83dp</dimen>
    <dimen name="x575">622.92dp</dimen>
    <dimen name="x576">624.00dp</dimen>
    <dimen name="x577">625.08dp</dimen>
    <dimen name="x578">626.17dp</dimen>
    <dimen name="x579">627.25dp</dimen>
    <dimen name="x580">628.33dp</dimen>
    <dimen name="x581">629.42dp</dimen>
    <dimen name="x582">630.50dp</dimen>
    <dimen name="x583">631.58dp</dimen>
    <dimen name="x584">632.67dp</dimen>
    <dimen name="x585">633.75dp</dimen>
    <dimen name="x586">634.83dp</dimen>
    <dimen name="x587">635.92dp</dimen>
    <dimen name="x588">637.00dp</dimen>
    <dimen name="x589">638.08dp</dimen>
    <dimen name="x590">639.17dp</dimen>
    <dimen name="x591">640.25dp</dimen>
    <dimen name="x592">641.33dp</dimen>
    <dimen name="x593">642.42dp</dimen>
    <dimen name="x594">643.50dp</dimen>
    <dimen name="x595">644.58dp</dimen>
    <dimen name="x596">645.67dp</dimen>
    <dimen name="x597">646.75dp</dimen>
    <dimen name="x598">647.83dp</dimen>
    <dimen name="x599">648.92dp</dimen>
    <dimen name="x600">650.00dp</dimen>
    <dimen name="x601">651.08dp</dimen>
    <dimen name="x602">652.17dp</dimen>
    <dimen name="x603">653.25dp</dimen>
    <dimen name="x604">654.33dp</dimen>
    <dimen name="x605">655.42dp</dimen>
    <dimen name="x606">656.50dp</dimen>
    <dimen name="x607">657.58dp</dimen>
    <dimen name="x608">658.67dp</dimen>
    <dimen name="x609">659.75dp</dimen>
    <dimen name="x610">660.83dp</dimen>
    <dimen name="x611">661.92dp</dimen>
    <dimen name="x612">663.00dp</dimen>
    <dimen name="x613">664.08dp</dimen>
    <dimen name="x614">665.17dp</dimen>
    <dimen name="x615">666.25dp</dimen>
    <dimen name="x616">667.33dp</dimen>
    <dimen name="x617">668.42dp</dimen>
    <dimen name="x618">669.50dp</dimen>
    <dimen name="x619">670.58dp</dimen>
    <dimen name="x620">671.67dp</dimen>
    <dimen name="x621">672.75dp</dimen>
    <dimen name="x622">673.83dp</dimen>
    <dimen name="x623">674.92dp</dimen>
    <dimen name="x624">676.00dp</dimen>
    <dimen name="x625">677.08dp</dimen>
    <dimen name="x626">678.17dp</dimen>
    <dimen name="x627">679.25dp</dimen>
    <dimen name="x628">680.33dp</dimen>
    <dimen name="x629">681.42dp</dimen>
    <dimen name="x630">682.50dp</dimen>
    <dimen name="x631">683.58dp</dimen>
    <dimen name="x632">684.67dp</dimen>
    <dimen name="x633">685.75dp</dimen>
    <dimen name="x634">686.83dp</dimen>
    <dimen name="x635">687.92dp</dimen>
    <dimen name="x636">689.00dp</dimen>
    <dimen name="x637">690.08dp</dimen>
    <dimen name="x638">691.17dp</dimen>
    <dimen name="x639">692.25dp</dimen>
    <dimen name="x640">693.33dp</dimen>
    <dimen name="x641">694.42dp</dimen>
    <dimen name="x642">695.50dp</dimen>
    <dimen name="x643">696.58dp</dimen>
    <dimen name="x644">697.67dp</dimen>
    <dimen name="x645">698.75dp</dimen>
    <dimen name="x646">699.83dp</dimen>
    <dimen name="x647">700.92dp</dimen>
    <dimen name="x648">702.00dp</dimen>
    <dimen name="x649">703.08dp</dimen>
    <dimen name="x650">704.17dp</dimen>
    <dimen name="x651">705.25dp</dimen>
    <dimen name="x652">706.33dp</dimen>
    <dimen name="x653">707.42dp</dimen>
    <dimen name="x654">708.50dp</dimen>
    <dimen name="x655">709.58dp</dimen>
    <dimen name="x656">710.67dp</dimen>
    <dimen name="x657">711.75dp</dimen>
    <dimen name="x658">712.83dp</dimen>
    <dimen name="x659">713.92dp</dimen>
    <dimen name="x660">715.00dp</dimen>
    <dimen name="x661">716.08dp</dimen>
    <dimen name="x662">717.17dp</dimen>
    <dimen name="x663">718.25dp</dimen>
    <dimen name="x664">719.33dp</dimen>
    <dimen name="x665">720.42dp</dimen>
    <dimen name="x666">721.50dp</dimen>
    <dimen name="x667">722.58dp</dimen>
    <dimen name="x668">723.67dp</dimen>
    <dimen name="x669">724.75dp</dimen>
    <dimen name="x670">725.83dp</dimen>
    <dimen name="x671">726.92dp</dimen>
    <dimen name="x672">728.00dp</dimen>
    <dimen name="x673">729.08dp</dimen>
    <dimen name="x674">730.17dp</dimen>
    <dimen name="x675">731.25dp</dimen>
    <dimen name="x676">732.33dp</dimen>
    <dimen name="x677">733.42dp</dimen>
    <dimen name="x678">734.50dp</dimen>
    <dimen name="x679">735.58dp</dimen>
    <dimen name="x680">736.67dp</dimen>
    <dimen name="x681">737.75dp</dimen>
    <dimen name="x682">738.83dp</dimen>
    <dimen name="x683">739.92dp</dimen>
    <dimen name="x684">741.00dp</dimen>
    <dimen name="x685">742.08dp</dimen>
    <dimen name="x686">743.17dp</dimen>
    <dimen name="x687">744.25dp</dimen>
    <dimen name="x688">745.33dp</dimen>
    <dimen name="x689">746.42dp</dimen>
    <dimen name="x690">747.50dp</dimen>
    <dimen name="x691">748.58dp</dimen>
    <dimen name="x692">749.67dp</dimen>
    <dimen name="x693">750.75dp</dimen>
    <dimen name="x694">751.83dp</dimen>
    <dimen name="x695">752.92dp</dimen>
    <dimen name="x696">754.00dp</dimen>
    <dimen name="x697">755.08dp</dimen>
    <dimen name="x698">756.17dp</dimen>
    <dimen name="x699">757.25dp</dimen>
    <dimen name="x700">758.33dp</dimen>
    <dimen name="x701">759.42dp</dimen>
    <dimen name="x702">760.50dp</dimen>
    <dimen name="x703">761.58dp</dimen>
    <dimen name="x704">762.67dp</dimen>
    <dimen name="x705">763.75dp</dimen>
    <dimen name="x706">764.83dp</dimen>
    <dimen name="x707">765.92dp</dimen>
    <dimen name="x708">767.00dp</dimen>
    <dimen name="x709">768.08dp</dimen>
    <dimen name="x710">769.17dp</dimen>
    <dimen name="x711">770.25dp</dimen>
    <dimen name="x712">771.33dp</dimen>
    <dimen name="x713">772.42dp</dimen>
    <dimen name="x714">773.50dp</dimen>
    <dimen name="x715">774.58dp</dimen>
    <dimen name="x716">775.67dp</dimen>
    <dimen name="x717">776.75dp</dimen>
    <dimen name="x718">777.83dp</dimen>
    <dimen name="x719">778.92dp</dimen>
    <dimen name="x720">780.00dp</dimen>
    <dimen name="x721">781.08dp</dimen>
    <dimen name="x722">782.17dp</dimen>
    <dimen name="x723">783.25dp</dimen>
    <dimen name="x724">784.33dp</dimen>
    <dimen name="x725">785.42dp</dimen>
    <dimen name="x726">786.50dp</dimen>
    <dimen name="x727">787.58dp</dimen>
    <dimen name="x728">788.67dp</dimen>
    <dimen name="x729">789.75dp</dimen>
    <dimen name="x730">790.83dp</dimen>
    <dimen name="x731">791.92dp</dimen>
    <dimen name="x732">793.00dp</dimen>
    <dimen name="x733">794.08dp</dimen>
    <dimen name="x734">795.17dp</dimen>
    <dimen name="x735">796.25dp</dimen>
    <dimen name="x736">797.33dp</dimen>
    <dimen name="x737">798.42dp</dimen>
    <dimen name="x738">799.50dp</dimen>
    <dimen name="x739">800.58dp</dimen>
    <dimen name="x740">801.67dp</dimen>
    <dimen name="x741">802.75dp</dimen>
    <dimen name="x742">803.83dp</dimen>
    <dimen name="x743">804.92dp</dimen>
    <dimen name="x744">806.00dp</dimen>
    <dimen name="x745">807.08dp</dimen>
    <dimen name="x746">808.17dp</dimen>
    <dimen name="x747">809.25dp</dimen>
    <dimen name="x748">810.33dp</dimen>
    <dimen name="x749">811.42dp</dimen>
    <dimen name="x750">812.50dp</dimen>
    <dimen name="x751">813.58dp</dimen>
    <dimen name="x752">814.67dp</dimen>
    <dimen name="x753">815.75dp</dimen>
    <dimen name="x754">816.83dp</dimen>
    <dimen name="x755">817.92dp</dimen>
    <dimen name="x756">819.00dp</dimen>
    <dimen name="x757">820.08dp</dimen>
    <dimen name="x758">821.17dp</dimen>
    <dimen name="x759">822.25dp</dimen>
    <dimen name="x760">823.33dp</dimen>
    <dimen name="x761">824.42dp</dimen>
    <dimen name="x762">825.50dp</dimen>
    <dimen name="x763">826.58dp</dimen>
    <dimen name="x764">827.67dp</dimen>
    <dimen name="x765">828.75dp</dimen>
    <dimen name="x766">829.83dp</dimen>
    <dimen name="x767">830.92dp</dimen>
    <dimen name="x768">832.00dp</dimen>
    <dimen name="x769">833.08dp</dimen>
    <dimen name="x770">834.17dp</dimen>
    <dimen name="x771">835.25dp</dimen>
    <dimen name="x772">836.33dp</dimen>
    <dimen name="x773">837.42dp</dimen>
    <dimen name="x774">838.50dp</dimen>
    <dimen name="x775">839.58dp</dimen>
    <dimen name="x776">840.67dp</dimen>
    <dimen name="x777">841.75dp</dimen>
    <dimen name="x778">842.83dp</dimen>
    <dimen name="x779">843.92dp</dimen>
    <dimen name="x780">845.00dp</dimen>
    <dimen name="x781">846.08dp</dimen>
    <dimen name="x782">847.17dp</dimen>
    <dimen name="x783">848.25dp</dimen>
    <dimen name="x784">849.33dp</dimen>
    <dimen name="x785">850.42dp</dimen>
    <dimen name="x786">851.50dp</dimen>
    <dimen name="x787">852.58dp</dimen>
    <dimen name="x788">853.67dp</dimen>
    <dimen name="x789">854.75dp</dimen>
    <dimen name="x790">855.83dp</dimen>
    <dimen name="x791">856.92dp</dimen>
    <dimen name="x792">858.00dp</dimen>
    <dimen name="x793">859.08dp</dimen>
    <dimen name="x794">860.17dp</dimen>
    <dimen name="x795">861.25dp</dimen>
    <dimen name="x796">862.33dp</dimen>
    <dimen name="x797">863.42dp</dimen>
    <dimen name="x798">864.50dp</dimen>
    <dimen name="x799">865.58dp</dimen>
    <dimen name="x800">866.67dp</dimen>
    <dimen name="x801">867.75dp</dimen>
    <dimen name="x802">868.83dp</dimen>
    <dimen name="x803">869.92dp</dimen>
    <dimen name="x804">871.00dp</dimen>
    <dimen name="x805">872.08dp</dimen>
    <dimen name="x806">873.17dp</dimen>
    <dimen name="x807">874.25dp</dimen>
    <dimen name="x808">875.33dp</dimen>
    <dimen name="x809">876.42dp</dimen>
    <dimen name="x810">877.50dp</dimen>
    <dimen name="x811">878.58dp</dimen>
    <dimen name="x812">879.67dp</dimen>
    <dimen name="x813">880.75dp</dimen>
    <dimen name="x814">881.83dp</dimen>
    <dimen name="x815">882.92dp</dimen>
    <dimen name="x816">884.00dp</dimen>
    <dimen name="x817">885.08dp</dimen>
    <dimen name="x818">886.17dp</dimen>
    <dimen name="x819">887.25dp</dimen>
    <dimen name="x820">888.33dp</dimen>
    <dimen name="x821">889.42dp</dimen>
    <dimen name="x822">890.50dp</dimen>
    <dimen name="x823">891.58dp</dimen>
    <dimen name="x824">892.67dp</dimen>
    <dimen name="x825">893.75dp</dimen>
    <dimen name="x826">894.83dp</dimen>
    <dimen name="x827">895.92dp</dimen>
    <dimen name="x828">897.00dp</dimen>
    <dimen name="x829">898.08dp</dimen>
    <dimen name="x830">899.17dp</dimen>
    <dimen name="x831">900.25dp</dimen>
    <dimen name="x832">901.33dp</dimen>
    <dimen name="x833">902.42dp</dimen>
    <dimen name="x834">903.50dp</dimen>
    <dimen name="x835">904.58dp</dimen>
    <dimen name="x836">905.67dp</dimen>
    <dimen name="x837">906.75dp</dimen>
    <dimen name="x838">907.83dp</dimen>
    <dimen name="x839">908.92dp</dimen>
    <dimen name="x840">910.00dp</dimen>
    <dimen name="x841">911.08dp</dimen>
    <dimen name="x842">912.17dp</dimen>
    <dimen name="x843">913.25dp</dimen>
    <dimen name="x844">914.33dp</dimen>
    <dimen name="x845">915.42dp</dimen>
    <dimen name="x846">916.50dp</dimen>
    <dimen name="x847">917.58dp</dimen>
    <dimen name="x848">918.67dp</dimen>
    <dimen name="x849">919.75dp</dimen>
    <dimen name="x850">920.83dp</dimen>
    <dimen name="x851">921.92dp</dimen>
    <dimen name="x852">923.00dp</dimen>
    <dimen name="x853">924.08dp</dimen>
    <dimen name="x854">925.17dp</dimen>
    <dimen name="x855">926.25dp</dimen>
    <dimen name="x856">927.33dp</dimen>
    <dimen name="x857">928.42dp</dimen>
    <dimen name="x858">929.50dp</dimen>
    <dimen name="x859">930.58dp</dimen>
    <dimen name="x860">931.67dp</dimen>
    <dimen name="x861">932.75dp</dimen>
    <dimen name="x862">933.83dp</dimen>
    <dimen name="x863">934.92dp</dimen>
    <dimen name="x864">936.00dp</dimen>
    <dimen name="x865">937.08dp</dimen>
    <dimen name="x866">938.17dp</dimen>
    <dimen name="x867">939.25dp</dimen>
    <dimen name="x868">940.33dp</dimen>
    <dimen name="x869">941.42dp</dimen>
    <dimen name="x870">942.50dp</dimen>
    <dimen name="x871">943.58dp</dimen>
    <dimen name="x872">944.67dp</dimen>
    <dimen name="x873">945.75dp</dimen>
    <dimen name="x874">946.83dp</dimen>
    <dimen name="x875">947.92dp</dimen>
    <dimen name="x876">949.00dp</dimen>
    <dimen name="x877">950.08dp</dimen>
    <dimen name="x878">951.17dp</dimen>
    <dimen name="x879">952.25dp</dimen>
    <dimen name="x880">953.33dp</dimen>
    <dimen name="x881">954.42dp</dimen>
    <dimen name="x882">955.50dp</dimen>
    <dimen name="x883">956.58dp</dimen>
    <dimen name="x884">957.67dp</dimen>
    <dimen name="x885">958.75dp</dimen>
    <dimen name="x886">959.83dp</dimen>
    <dimen name="x887">960.92dp</dimen>
    <dimen name="x888">962.00dp</dimen>
    <dimen name="x889">963.08dp</dimen>
    <dimen name="x890">964.17dp</dimen>
    <dimen name="x891">965.25dp</dimen>
    <dimen name="x892">966.33dp</dimen>
    <dimen name="x893">967.42dp</dimen>
    <dimen name="x894">968.50dp</dimen>
    <dimen name="x895">969.58dp</dimen>
    <dimen name="x896">970.67dp</dimen>
    <dimen name="x897">971.75dp</dimen>
    <dimen name="x898">972.83dp</dimen>
    <dimen name="x899">973.92dp</dimen>
    <dimen name="x900">975.00dp</dimen>
    <dimen name="x901">976.08dp</dimen>
    <dimen name="x902">977.17dp</dimen>
    <dimen name="x903">978.25dp</dimen>
    <dimen name="x904">979.33dp</dimen>
    <dimen name="x905">980.42dp</dimen>
    <dimen name="x906">981.50dp</dimen>
    <dimen name="x907">982.58dp</dimen>
    <dimen name="x908">983.67dp</dimen>
    <dimen name="x909">984.75dp</dimen>
    <dimen name="x910">985.83dp</dimen>
    <dimen name="x911">986.92dp</dimen>
    <dimen name="x912">988.00dp</dimen>
    <dimen name="x913">989.08dp</dimen>
    <dimen name="x914">990.17dp</dimen>
    <dimen name="x915">991.25dp</dimen>
    <dimen name="x916">992.33dp</dimen>
    <dimen name="x917">993.42dp</dimen>
    <dimen name="x918">994.50dp</dimen>
    <dimen name="x919">995.58dp</dimen>
    <dimen name="x920">996.67dp</dimen>
    <dimen name="x921">997.75dp</dimen>
    <dimen name="x922">998.83dp</dimen>
    <dimen name="x923">999.92dp</dimen>
    <dimen name="x924">1001.00dp</dimen>
    <dimen name="x925">1002.08dp</dimen>
    <dimen name="x926">1003.17dp</dimen>
    <dimen name="x927">1004.25dp</dimen>
    <dimen name="x928">1005.33dp</dimen>
    <dimen name="x929">1006.42dp</dimen>
    <dimen name="x930">1007.50dp</dimen>
    <dimen name="x931">1008.58dp</dimen>
    <dimen name="x932">1009.67dp</dimen>
    <dimen name="x933">1010.75dp</dimen>
    <dimen name="x934">1011.83dp</dimen>
    <dimen name="x935">1012.92dp</dimen>
    <dimen name="x936">1014.00dp</dimen>
    <dimen name="x937">1015.08dp</dimen>
    <dimen name="x938">1016.17dp</dimen>
    <dimen name="x939">1017.25dp</dimen>
    <dimen name="x940">1018.33dp</dimen>
    <dimen name="x941">1019.42dp</dimen>
    <dimen name="x942">1020.50dp</dimen>
    <dimen name="x943">1021.58dp</dimen>
    <dimen name="x944">1022.67dp</dimen>
    <dimen name="x945">1023.75dp</dimen>
    <dimen name="x946">1024.83dp</dimen>
    <dimen name="x947">1025.92dp</dimen>
    <dimen name="x948">1027.00dp</dimen>
    <dimen name="x949">1028.08dp</dimen>
    <dimen name="x950">1029.17dp</dimen>
    <dimen name="x951">1030.25dp</dimen>
    <dimen name="x952">1031.33dp</dimen>
    <dimen name="x953">1032.42dp</dimen>
    <dimen name="x954">1033.50dp</dimen>
    <dimen name="x955">1034.58dp</dimen>
    <dimen name="x956">1035.67dp</dimen>
    <dimen name="x957">1036.75dp</dimen>
    <dimen name="x958">1037.83dp</dimen>
    <dimen name="x959">1038.92dp</dimen>
    <dimen name="x960">1040.00dp</dimen>
    <dimen name="x961">1041.08dp</dimen>
    <dimen name="x962">1042.17dp</dimen>
    <dimen name="x963">1043.25dp</dimen>
    <dimen name="x964">1044.33dp</dimen>
    <dimen name="x965">1045.42dp</dimen>
    <dimen name="x966">1046.50dp</dimen>
    <dimen name="x967">1047.58dp</dimen>
    <dimen name="x968">1048.67dp</dimen>
    <dimen name="x969">1049.75dp</dimen>
    <dimen name="x970">1050.83dp</dimen>
    <dimen name="x971">1051.92dp</dimen>
    <dimen name="x972">1053.00dp</dimen>
    <dimen name="x973">1054.08dp</dimen>
    <dimen name="x974">1055.17dp</dimen>
    <dimen name="x975">1056.25dp</dimen>
    <dimen name="x976">1057.33dp</dimen>
    <dimen name="x977">1058.42dp</dimen>
    <dimen name="x978">1059.50dp</dimen>
    <dimen name="x979">1060.58dp</dimen>
    <dimen name="x980">1061.67dp</dimen>
    <dimen name="x981">1062.75dp</dimen>
    <dimen name="x982">1063.83dp</dimen>
    <dimen name="x983">1064.92dp</dimen>
    <dimen name="x984">1066.00dp</dimen>
    <dimen name="x985">1067.08dp</dimen>
    <dimen name="x986">1068.17dp</dimen>
    <dimen name="x987">1069.25dp</dimen>
    <dimen name="x988">1070.33dp</dimen>
    <dimen name="x989">1071.42dp</dimen>
    <dimen name="x990">1072.50dp</dimen>
    <dimen name="x991">1073.58dp</dimen>
    <dimen name="x992">1074.67dp</dimen>
    <dimen name="x993">1075.75dp</dimen>
    <dimen name="x994">1076.83dp</dimen>
    <dimen name="x995">1077.92dp</dimen>
    <dimen name="x996">1079.00dp</dimen>
    <dimen name="x997">1080.08dp</dimen>
    <dimen name="x998">1081.17dp</dimen>
    <dimen name="x999">1082.25dp</dimen>
    <dimen name="x1000">1083.33dp</dimen>
    <dimen name="x1001">1084.42dp</dimen>
    <dimen name="x1002">1085.50dp</dimen>
    <dimen name="x1003">1086.58dp</dimen>
    <dimen name="x1004">1087.67dp</dimen>
    <dimen name="x1005">1088.75dp</dimen>
    <dimen name="x1006">1089.83dp</dimen>
    <dimen name="x1007">1090.92dp</dimen>
    <dimen name="x1008">1092.00dp</dimen>
    <dimen name="x1009">1093.08dp</dimen>
    <dimen name="x1010">1094.17dp</dimen>
    <dimen name="x1011">1095.25dp</dimen>
    <dimen name="x1012">1096.33dp</dimen>
    <dimen name="x1013">1097.42dp</dimen>
    <dimen name="x1014">1098.50dp</dimen>
    <dimen name="x1015">1099.58dp</dimen>
    <dimen name="x1016">1100.67dp</dimen>
    <dimen name="x1017">1101.75dp</dimen>
    <dimen name="x1018">1102.83dp</dimen>
    <dimen name="x1019">1103.92dp</dimen>
    <dimen name="x1020">1105.00dp</dimen>
    <dimen name="x1021">1106.08dp</dimen>
    <dimen name="x1022">1107.17dp</dimen>
    <dimen name="x1023">1108.25dp</dimen>
    <dimen name="x1024">1109.33dp</dimen>
    <dimen name="x1025">1110.42dp</dimen>
    <dimen name="x1026">1111.50dp</dimen>
    <dimen name="x1027">1112.58dp</dimen>
    <dimen name="x1028">1113.67dp</dimen>
    <dimen name="x1029">1114.75dp</dimen>
    <dimen name="x1030">1115.83dp</dimen>
    <dimen name="x1031">1116.92dp</dimen>
    <dimen name="x1032">1118.00dp</dimen>
    <dimen name="x1033">1119.08dp</dimen>
    <dimen name="x1034">1120.17dp</dimen>
    <dimen name="x1035">1121.25dp</dimen>
    <dimen name="x1036">1122.33dp</dimen>
    <dimen name="x1037">1123.42dp</dimen>
    <dimen name="x1038">1124.50dp</dimen>
    <dimen name="x1039">1125.58dp</dimen>
    <dimen name="x1040">1126.67dp</dimen>
    <dimen name="x1041">1127.75dp</dimen>
    <dimen name="x1042">1128.83dp</dimen>
    <dimen name="x1043">1129.92dp</dimen>
    <dimen name="x1044">1131.00dp</dimen>
    <dimen name="x1045">1132.08dp</dimen>
    <dimen name="x1046">1133.17dp</dimen>
    <dimen name="x1047">1134.25dp</dimen>
    <dimen name="x1048">1135.33dp</dimen>
    <dimen name="x1049">1136.42dp</dimen>
    <dimen name="x1050">1137.50dp</dimen>
    <dimen name="x1051">1138.58dp</dimen>
    <dimen name="x1052">1139.67dp</dimen>
    <dimen name="x1053">1140.75dp</dimen>
    <dimen name="x1054">1141.83dp</dimen>
    <dimen name="x1055">1142.92dp</dimen>
    <dimen name="x1056">1144.00dp</dimen>
    <dimen name="x1057">1145.08dp</dimen>
    <dimen name="x1058">1146.17dp</dimen>
    <dimen name="x1059">1147.25dp</dimen>
    <dimen name="x1060">1148.33dp</dimen>
    <dimen name="x1061">1149.42dp</dimen>
    <dimen name="x1062">1150.50dp</dimen>
    <dimen name="x1063">1151.58dp</dimen>
    <dimen name="x1064">1152.67dp</dimen>
    <dimen name="x1065">1153.75dp</dimen>
    <dimen name="x1066">1154.83dp</dimen>
    <dimen name="x1067">1155.92dp</dimen>
    <dimen name="x1068">1157.00dp</dimen>
    <dimen name="x1069">1158.08dp</dimen>
    <dimen name="x1070">1159.17dp</dimen>
    <dimen name="x1071">1160.25dp</dimen>
    <dimen name="x1072">1161.33dp</dimen>
    <dimen name="x1073">1162.42dp</dimen>
    <dimen name="x1074">1163.50dp</dimen>
    <dimen name="x1075">1164.58dp</dimen>
    <dimen name="x1076">1165.67dp</dimen>
    <dimen name="x1077">1166.75dp</dimen>
    <dimen name="x1078">1167.83dp</dimen>
    <dimen name="x1079">1168.92dp</dimen>
    <dimen name="x1080">1170.00dp</dimen>
</resources>