<?xml version="1.0" encoding="utf-8"?>
<resources>
    <string name="sw_dp">1300dp</string>
    <dimen name="x1">1.20dp</dimen>
    <dimen name="x2">2.41dp</dimen>
    <dimen name="x3">3.61dp</dimen>
    <dimen name="x4">4.81dp</dimen>
    <dimen name="x5">6.02dp</dimen>
    <dimen name="x6">7.22dp</dimen>
    <dimen name="x7">8.43dp</dimen>
    <dimen name="x8">9.63dp</dimen>
    <dimen name="x9">10.83dp</dimen>
    <dimen name="x10">12.04dp</dimen>
    <dimen name="x11">13.24dp</dimen>
    <dimen name="x12">14.44dp</dimen>
    <dimen name="x13">15.65dp</dimen>
    <dimen name="x14">16.85dp</dimen>
    <dimen name="x15">18.06dp</dimen>
    <dimen name="x16">19.26dp</dimen>
    <dimen name="x17">20.46dp</dimen>
    <dimen name="x18">21.67dp</dimen>
    <dimen name="x19">22.87dp</dimen>
    <dimen name="x20">24.07dp</dimen>
    <dimen name="x21">25.28dp</dimen>
    <dimen name="x22">26.48dp</dimen>
    <dimen name="x23">27.69dp</dimen>
    <dimen name="x24">28.89dp</dimen>
    <dimen name="x25">30.09dp</dimen>
    <dimen name="x26">31.30dp</dimen>
    <dimen name="x27">32.50dp</dimen>
    <dimen name="x28">33.70dp</dimen>
    <dimen name="x29">34.91dp</dimen>
    <dimen name="x30">36.11dp</dimen>
    <dimen name="x31">37.31dp</dimen>
    <dimen name="x32">38.52dp</dimen>
    <dimen name="x33">39.72dp</dimen>
    <dimen name="x34">40.93dp</dimen>
    <dimen name="x35">42.13dp</dimen>
    <dimen name="x36">43.33dp</dimen>
    <dimen name="x37">44.54dp</dimen>
    <dimen name="x38">45.74dp</dimen>
    <dimen name="x39">46.94dp</dimen>
    <dimen name="x40">48.15dp</dimen>
    <dimen name="x41">49.35dp</dimen>
    <dimen name="x42">50.56dp</dimen>
    <dimen name="x43">51.76dp</dimen>
    <dimen name="x44">52.96dp</dimen>
    <dimen name="x45">54.17dp</dimen>
    <dimen name="x46">55.37dp</dimen>
    <dimen name="x47">56.57dp</dimen>
    <dimen name="x48">57.78dp</dimen>
    <dimen name="x49">58.98dp</dimen>
    <dimen name="x50">60.19dp</dimen>
    <dimen name="x51">61.39dp</dimen>
    <dimen name="x52">62.59dp</dimen>
    <dimen name="x53">63.80dp</dimen>
    <dimen name="x54">65.00dp</dimen>
    <dimen name="x55">66.20dp</dimen>
    <dimen name="x56">67.41dp</dimen>
    <dimen name="x57">68.61dp</dimen>
    <dimen name="x58">69.81dp</dimen>
    <dimen name="x59">71.02dp</dimen>
    <dimen name="x60">72.22dp</dimen>
    <dimen name="x61">73.43dp</dimen>
    <dimen name="x62">74.63dp</dimen>
    <dimen name="x63">75.83dp</dimen>
    <dimen name="x64">77.04dp</dimen>
    <dimen name="x65">78.24dp</dimen>
    <dimen name="x66">79.44dp</dimen>
    <dimen name="x67">80.65dp</dimen>
    <dimen name="x68">81.85dp</dimen>
    <dimen name="x69">83.06dp</dimen>
    <dimen name="x70">84.26dp</dimen>
    <dimen name="x71">85.46dp</dimen>
    <dimen name="x72">86.67dp</dimen>
    <dimen name="x73">87.87dp</dimen>
    <dimen name="x74">89.07dp</dimen>
    <dimen name="x75">90.28dp</dimen>
    <dimen name="x76">91.48dp</dimen>
    <dimen name="x77">92.69dp</dimen>
    <dimen name="x78">93.89dp</dimen>
    <dimen name="x79">95.09dp</dimen>
    <dimen name="x80">96.30dp</dimen>
    <dimen name="x81">97.50dp</dimen>
    <dimen name="x82">98.70dp</dimen>
    <dimen name="x83">99.91dp</dimen>
    <dimen name="x84">101.11dp</dimen>
    <dimen name="x85">102.31dp</dimen>
    <dimen name="x86">103.52dp</dimen>
    <dimen name="x87">104.72dp</dimen>
    <dimen name="x88">105.93dp</dimen>
    <dimen name="x89">107.13dp</dimen>
    <dimen name="x90">108.33dp</dimen>
    <dimen name="x91">109.54dp</dimen>
    <dimen name="x92">110.74dp</dimen>
    <dimen name="x93">111.94dp</dimen>
    <dimen name="x94">113.15dp</dimen>
    <dimen name="x95">114.35dp</dimen>
    <dimen name="x96">115.56dp</dimen>
    <dimen name="x97">116.76dp</dimen>
    <dimen name="x98">117.96dp</dimen>
    <dimen name="x99">119.17dp</dimen>
    <dimen name="x100">120.37dp</dimen>
    <dimen name="x101">121.57dp</dimen>
    <dimen name="x102">122.78dp</dimen>
    <dimen name="x103">123.98dp</dimen>
    <dimen name="x104">125.19dp</dimen>
    <dimen name="x105">126.39dp</dimen>
    <dimen name="x106">127.59dp</dimen>
    <dimen name="x107">128.80dp</dimen>
    <dimen name="x108">130.00dp</dimen>
    <dimen name="x109">131.20dp</dimen>
    <dimen name="x110">132.41dp</dimen>
    <dimen name="x111">133.61dp</dimen>
    <dimen name="x112">134.81dp</dimen>
    <dimen name="x113">136.02dp</dimen>
    <dimen name="x114">137.22dp</dimen>
    <dimen name="x115">138.43dp</dimen>
    <dimen name="x116">139.63dp</dimen>
    <dimen name="x117">140.83dp</dimen>
    <dimen name="x118">142.04dp</dimen>
    <dimen name="x119">143.24dp</dimen>
    <dimen name="x120">144.44dp</dimen>
    <dimen name="x121">145.65dp</dimen>
    <dimen name="x122">146.85dp</dimen>
    <dimen name="x123">148.06dp</dimen>
    <dimen name="x124">149.26dp</dimen>
    <dimen name="x125">150.46dp</dimen>
    <dimen name="x126">151.67dp</dimen>
    <dimen name="x127">152.87dp</dimen>
    <dimen name="x128">154.07dp</dimen>
    <dimen name="x129">155.28dp</dimen>
    <dimen name="x130">156.48dp</dimen>
    <dimen name="x131">157.69dp</dimen>
    <dimen name="x132">158.89dp</dimen>
    <dimen name="x133">160.09dp</dimen>
    <dimen name="x134">161.30dp</dimen>
    <dimen name="x135">162.50dp</dimen>
    <dimen name="x136">163.70dp</dimen>
    <dimen name="x137">164.91dp</dimen>
    <dimen name="x138">166.11dp</dimen>
    <dimen name="x139">167.31dp</dimen>
    <dimen name="x140">168.52dp</dimen>
    <dimen name="x141">169.72dp</dimen>
    <dimen name="x142">170.93dp</dimen>
    <dimen name="x143">172.13dp</dimen>
    <dimen name="x144">173.33dp</dimen>
    <dimen name="x145">174.54dp</dimen>
    <dimen name="x146">175.74dp</dimen>
    <dimen name="x147">176.94dp</dimen>
    <dimen name="x148">178.15dp</dimen>
    <dimen name="x149">179.35dp</dimen>
    <dimen name="x150">180.56dp</dimen>
    <dimen name="x151">181.76dp</dimen>
    <dimen name="x152">182.96dp</dimen>
    <dimen name="x153">184.17dp</dimen>
    <dimen name="x154">185.37dp</dimen>
    <dimen name="x155">186.57dp</dimen>
    <dimen name="x156">187.78dp</dimen>
    <dimen name="x157">188.98dp</dimen>
    <dimen name="x158">190.19dp</dimen>
    <dimen name="x159">191.39dp</dimen>
    <dimen name="x160">192.59dp</dimen>
    <dimen name="x161">193.80dp</dimen>
    <dimen name="x162">195.00dp</dimen>
    <dimen name="x163">196.20dp</dimen>
    <dimen name="x164">197.41dp</dimen>
    <dimen name="x165">198.61dp</dimen>
    <dimen name="x166">199.81dp</dimen>
    <dimen name="x167">201.02dp</dimen>
    <dimen name="x168">202.22dp</dimen>
    <dimen name="x169">203.43dp</dimen>
    <dimen name="x170">204.63dp</dimen>
    <dimen name="x171">205.83dp</dimen>
    <dimen name="x172">207.04dp</dimen>
    <dimen name="x173">208.24dp</dimen>
    <dimen name="x174">209.44dp</dimen>
    <dimen name="x175">210.65dp</dimen>
    <dimen name="x176">211.85dp</dimen>
    <dimen name="x177">213.06dp</dimen>
    <dimen name="x178">214.26dp</dimen>
    <dimen name="x179">215.46dp</dimen>
    <dimen name="x180">216.67dp</dimen>
    <dimen name="x181">217.87dp</dimen>
    <dimen name="x182">219.07dp</dimen>
    <dimen name="x183">220.28dp</dimen>
    <dimen name="x184">221.48dp</dimen>
    <dimen name="x185">222.69dp</dimen>
    <dimen name="x186">223.89dp</dimen>
    <dimen name="x187">225.09dp</dimen>
    <dimen name="x188">226.30dp</dimen>
    <dimen name="x189">227.50dp</dimen>
    <dimen name="x190">228.70dp</dimen>
    <dimen name="x191">229.91dp</dimen>
    <dimen name="x192">231.11dp</dimen>
    <dimen name="x193">232.31dp</dimen>
    <dimen name="x194">233.52dp</dimen>
    <dimen name="x195">234.72dp</dimen>
    <dimen name="x196">235.93dp</dimen>
    <dimen name="x197">237.13dp</dimen>
    <dimen name="x198">238.33dp</dimen>
    <dimen name="x199">239.54dp</dimen>
    <dimen name="x200">240.74dp</dimen>
    <dimen name="x201">241.94dp</dimen>
    <dimen name="x202">243.15dp</dimen>
    <dimen name="x203">244.35dp</dimen>
    <dimen name="x204">245.56dp</dimen>
    <dimen name="x205">246.76dp</dimen>
    <dimen name="x206">247.96dp</dimen>
    <dimen name="x207">249.17dp</dimen>
    <dimen name="x208">250.37dp</dimen>
    <dimen name="x209">251.57dp</dimen>
    <dimen name="x210">252.78dp</dimen>
    <dimen name="x211">253.98dp</dimen>
    <dimen name="x212">255.19dp</dimen>
    <dimen name="x213">256.39dp</dimen>
    <dimen name="x214">257.59dp</dimen>
    <dimen name="x215">258.80dp</dimen>
    <dimen name="x216">260.00dp</dimen>
    <dimen name="x217">261.20dp</dimen>
    <dimen name="x218">262.41dp</dimen>
    <dimen name="x219">263.61dp</dimen>
    <dimen name="x220">264.81dp</dimen>
    <dimen name="x221">266.02dp</dimen>
    <dimen name="x222">267.22dp</dimen>
    <dimen name="x223">268.43dp</dimen>
    <dimen name="x224">269.63dp</dimen>
    <dimen name="x225">270.83dp</dimen>
    <dimen name="x226">272.04dp</dimen>
    <dimen name="x227">273.24dp</dimen>
    <dimen name="x228">274.44dp</dimen>
    <dimen name="x229">275.65dp</dimen>
    <dimen name="x230">276.85dp</dimen>
    <dimen name="x231">278.06dp</dimen>
    <dimen name="x232">279.26dp</dimen>
    <dimen name="x233">280.46dp</dimen>
    <dimen name="x234">281.67dp</dimen>
    <dimen name="x235">282.87dp</dimen>
    <dimen name="x236">284.07dp</dimen>
    <dimen name="x237">285.28dp</dimen>
    <dimen name="x238">286.48dp</dimen>
    <dimen name="x239">287.69dp</dimen>
    <dimen name="x240">288.89dp</dimen>
    <dimen name="x241">290.09dp</dimen>
    <dimen name="x242">291.30dp</dimen>
    <dimen name="x243">292.50dp</dimen>
    <dimen name="x244">293.70dp</dimen>
    <dimen name="x245">294.91dp</dimen>
    <dimen name="x246">296.11dp</dimen>
    <dimen name="x247">297.31dp</dimen>
    <dimen name="x248">298.52dp</dimen>
    <dimen name="x249">299.72dp</dimen>
    <dimen name="x250">300.93dp</dimen>
    <dimen name="x251">302.13dp</dimen>
    <dimen name="x252">303.33dp</dimen>
    <dimen name="x253">304.54dp</dimen>
    <dimen name="x254">305.74dp</dimen>
    <dimen name="x255">306.94dp</dimen>
    <dimen name="x256">308.15dp</dimen>
    <dimen name="x257">309.35dp</dimen>
    <dimen name="x258">310.56dp</dimen>
    <dimen name="x259">311.76dp</dimen>
    <dimen name="x260">312.96dp</dimen>
    <dimen name="x261">314.17dp</dimen>
    <dimen name="x262">315.37dp</dimen>
    <dimen name="x263">316.57dp</dimen>
    <dimen name="x264">317.78dp</dimen>
    <dimen name="x265">318.98dp</dimen>
    <dimen name="x266">320.19dp</dimen>
    <dimen name="x267">321.39dp</dimen>
    <dimen name="x268">322.59dp</dimen>
    <dimen name="x269">323.80dp</dimen>
    <dimen name="x270">325.00dp</dimen>
    <dimen name="x271">326.20dp</dimen>
    <dimen name="x272">327.41dp</dimen>
    <dimen name="x273">328.61dp</dimen>
    <dimen name="x274">329.81dp</dimen>
    <dimen name="x275">331.02dp</dimen>
    <dimen name="x276">332.22dp</dimen>
    <dimen name="x277">333.43dp</dimen>
    <dimen name="x278">334.63dp</dimen>
    <dimen name="x279">335.83dp</dimen>
    <dimen name="x280">337.04dp</dimen>
    <dimen name="x281">338.24dp</dimen>
    <dimen name="x282">339.44dp</dimen>
    <dimen name="x283">340.65dp</dimen>
    <dimen name="x284">341.85dp</dimen>
    <dimen name="x285">343.06dp</dimen>
    <dimen name="x286">344.26dp</dimen>
    <dimen name="x287">345.46dp</dimen>
    <dimen name="x288">346.67dp</dimen>
    <dimen name="x289">347.87dp</dimen>
    <dimen name="x290">349.07dp</dimen>
    <dimen name="x291">350.28dp</dimen>
    <dimen name="x292">351.48dp</dimen>
    <dimen name="x293">352.69dp</dimen>
    <dimen name="x294">353.89dp</dimen>
    <dimen name="x295">355.09dp</dimen>
    <dimen name="x296">356.30dp</dimen>
    <dimen name="x297">357.50dp</dimen>
    <dimen name="x298">358.70dp</dimen>
    <dimen name="x299">359.91dp</dimen>
    <dimen name="x300">361.11dp</dimen>
    <dimen name="x301">362.31dp</dimen>
    <dimen name="x302">363.52dp</dimen>
    <dimen name="x303">364.72dp</dimen>
    <dimen name="x304">365.93dp</dimen>
    <dimen name="x305">367.13dp</dimen>
    <dimen name="x306">368.33dp</dimen>
    <dimen name="x307">369.54dp</dimen>
    <dimen name="x308">370.74dp</dimen>
    <dimen name="x309">371.94dp</dimen>
    <dimen name="x310">373.15dp</dimen>
    <dimen name="x311">374.35dp</dimen>
    <dimen name="x312">375.56dp</dimen>
    <dimen name="x313">376.76dp</dimen>
    <dimen name="x314">377.96dp</dimen>
    <dimen name="x315">379.17dp</dimen>
    <dimen name="x316">380.37dp</dimen>
    <dimen name="x317">381.57dp</dimen>
    <dimen name="x318">382.78dp</dimen>
    <dimen name="x319">383.98dp</dimen>
    <dimen name="x320">385.19dp</dimen>
    <dimen name="x321">386.39dp</dimen>
    <dimen name="x322">387.59dp</dimen>
    <dimen name="x323">388.80dp</dimen>
    <dimen name="x324">390.00dp</dimen>
    <dimen name="x325">391.20dp</dimen>
    <dimen name="x326">392.41dp</dimen>
    <dimen name="x327">393.61dp</dimen>
    <dimen name="x328">394.81dp</dimen>
    <dimen name="x329">396.02dp</dimen>
    <dimen name="x330">397.22dp</dimen>
    <dimen name="x331">398.43dp</dimen>
    <dimen name="x332">399.63dp</dimen>
    <dimen name="x333">400.83dp</dimen>
    <dimen name="x334">402.04dp</dimen>
    <dimen name="x335">403.24dp</dimen>
    <dimen name="x336">404.44dp</dimen>
    <dimen name="x337">405.65dp</dimen>
    <dimen name="x338">406.85dp</dimen>
    <dimen name="x339">408.06dp</dimen>
    <dimen name="x340">409.26dp</dimen>
    <dimen name="x341">410.46dp</dimen>
    <dimen name="x342">411.67dp</dimen>
    <dimen name="x343">412.87dp</dimen>
    <dimen name="x344">414.07dp</dimen>
    <dimen name="x345">415.28dp</dimen>
    <dimen name="x346">416.48dp</dimen>
    <dimen name="x347">417.69dp</dimen>
    <dimen name="x348">418.89dp</dimen>
    <dimen name="x349">420.09dp</dimen>
    <dimen name="x350">421.30dp</dimen>
    <dimen name="x351">422.50dp</dimen>
    <dimen name="x352">423.70dp</dimen>
    <dimen name="x353">424.91dp</dimen>
    <dimen name="x354">426.11dp</dimen>
    <dimen name="x355">427.31dp</dimen>
    <dimen name="x356">428.52dp</dimen>
    <dimen name="x357">429.72dp</dimen>
    <dimen name="x358">430.93dp</dimen>
    <dimen name="x359">432.13dp</dimen>
    <dimen name="x360">433.33dp</dimen>
    <dimen name="x361">434.54dp</dimen>
    <dimen name="x362">435.74dp</dimen>
    <dimen name="x363">436.94dp</dimen>
    <dimen name="x364">438.15dp</dimen>
    <dimen name="x365">439.35dp</dimen>
    <dimen name="x366">440.56dp</dimen>
    <dimen name="x367">441.76dp</dimen>
    <dimen name="x368">442.96dp</dimen>
    <dimen name="x369">444.17dp</dimen>
    <dimen name="x370">445.37dp</dimen>
    <dimen name="x371">446.57dp</dimen>
    <dimen name="x372">447.78dp</dimen>
    <dimen name="x373">448.98dp</dimen>
    <dimen name="x374">450.19dp</dimen>
    <dimen name="x375">451.39dp</dimen>
    <dimen name="x376">452.59dp</dimen>
    <dimen name="x377">453.80dp</dimen>
    <dimen name="x378">455.00dp</dimen>
    <dimen name="x379">456.20dp</dimen>
    <dimen name="x380">457.41dp</dimen>
    <dimen name="x381">458.61dp</dimen>
    <dimen name="x382">459.81dp</dimen>
    <dimen name="x383">461.02dp</dimen>
    <dimen name="x384">462.22dp</dimen>
    <dimen name="x385">463.43dp</dimen>
    <dimen name="x386">464.63dp</dimen>
    <dimen name="x387">465.83dp</dimen>
    <dimen name="x388">467.04dp</dimen>
    <dimen name="x389">468.24dp</dimen>
    <dimen name="x390">469.44dp</dimen>
    <dimen name="x391">470.65dp</dimen>
    <dimen name="x392">471.85dp</dimen>
    <dimen name="x393">473.06dp</dimen>
    <dimen name="x394">474.26dp</dimen>
    <dimen name="x395">475.46dp</dimen>
    <dimen name="x396">476.67dp</dimen>
    <dimen name="x397">477.87dp</dimen>
    <dimen name="x398">479.07dp</dimen>
    <dimen name="x399">480.28dp</dimen>
    <dimen name="x400">481.48dp</dimen>
    <dimen name="x401">482.69dp</dimen>
    <dimen name="x402">483.89dp</dimen>
    <dimen name="x403">485.09dp</dimen>
    <dimen name="x404">486.30dp</dimen>
    <dimen name="x405">487.50dp</dimen>
    <dimen name="x406">488.70dp</dimen>
    <dimen name="x407">489.91dp</dimen>
    <dimen name="x408">491.11dp</dimen>
    <dimen name="x409">492.31dp</dimen>
    <dimen name="x410">493.52dp</dimen>
    <dimen name="x411">494.72dp</dimen>
    <dimen name="x412">495.93dp</dimen>
    <dimen name="x413">497.13dp</dimen>
    <dimen name="x414">498.33dp</dimen>
    <dimen name="x415">499.54dp</dimen>
    <dimen name="x416">500.74dp</dimen>
    <dimen name="x417">501.94dp</dimen>
    <dimen name="x418">503.15dp</dimen>
    <dimen name="x419">504.35dp</dimen>
    <dimen name="x420">505.56dp</dimen>
    <dimen name="x421">506.76dp</dimen>
    <dimen name="x422">507.96dp</dimen>
    <dimen name="x423">509.17dp</dimen>
    <dimen name="x424">510.37dp</dimen>
    <dimen name="x425">511.57dp</dimen>
    <dimen name="x426">512.78dp</dimen>
    <dimen name="x427">513.98dp</dimen>
    <dimen name="x428">515.19dp</dimen>
    <dimen name="x429">516.39dp</dimen>
    <dimen name="x430">517.59dp</dimen>
    <dimen name="x431">518.80dp</dimen>
    <dimen name="x432">520.00dp</dimen>
    <dimen name="x433">521.20dp</dimen>
    <dimen name="x434">522.41dp</dimen>
    <dimen name="x435">523.61dp</dimen>
    <dimen name="x436">524.81dp</dimen>
    <dimen name="x437">526.02dp</dimen>
    <dimen name="x438">527.22dp</dimen>
    <dimen name="x439">528.43dp</dimen>
    <dimen name="x440">529.63dp</dimen>
    <dimen name="x441">530.83dp</dimen>
    <dimen name="x442">532.04dp</dimen>
    <dimen name="x443">533.24dp</dimen>
    <dimen name="x444">534.44dp</dimen>
    <dimen name="x445">535.65dp</dimen>
    <dimen name="x446">536.85dp</dimen>
    <dimen name="x447">538.06dp</dimen>
    <dimen name="x448">539.26dp</dimen>
    <dimen name="x449">540.46dp</dimen>
    <dimen name="x450">541.67dp</dimen>
    <dimen name="x451">542.87dp</dimen>
    <dimen name="x452">544.07dp</dimen>
    <dimen name="x453">545.28dp</dimen>
    <dimen name="x454">546.48dp</dimen>
    <dimen name="x455">547.69dp</dimen>
    <dimen name="x456">548.89dp</dimen>
    <dimen name="x457">550.09dp</dimen>
    <dimen name="x458">551.30dp</dimen>
    <dimen name="x459">552.50dp</dimen>
    <dimen name="x460">553.70dp</dimen>
    <dimen name="x461">554.91dp</dimen>
    <dimen name="x462">556.11dp</dimen>
    <dimen name="x463">557.31dp</dimen>
    <dimen name="x464">558.52dp</dimen>
    <dimen name="x465">559.72dp</dimen>
    <dimen name="x466">560.93dp</dimen>
    <dimen name="x467">562.13dp</dimen>
    <dimen name="x468">563.33dp</dimen>
    <dimen name="x469">564.54dp</dimen>
    <dimen name="x470">565.74dp</dimen>
    <dimen name="x471">566.94dp</dimen>
    <dimen name="x472">568.15dp</dimen>
    <dimen name="x473">569.35dp</dimen>
    <dimen name="x474">570.56dp</dimen>
    <dimen name="x475">571.76dp</dimen>
    <dimen name="x476">572.96dp</dimen>
    <dimen name="x477">574.17dp</dimen>
    <dimen name="x478">575.37dp</dimen>
    <dimen name="x479">576.57dp</dimen>
    <dimen name="x480">577.78dp</dimen>
    <dimen name="x481">578.98dp</dimen>
    <dimen name="x482">580.19dp</dimen>
    <dimen name="x483">581.39dp</dimen>
    <dimen name="x484">582.59dp</dimen>
    <dimen name="x485">583.80dp</dimen>
    <dimen name="x486">585.00dp</dimen>
    <dimen name="x487">586.20dp</dimen>
    <dimen name="x488">587.41dp</dimen>
    <dimen name="x489">588.61dp</dimen>
    <dimen name="x490">589.81dp</dimen>
    <dimen name="x491">591.02dp</dimen>
    <dimen name="x492">592.22dp</dimen>
    <dimen name="x493">593.43dp</dimen>
    <dimen name="x494">594.63dp</dimen>
    <dimen name="x495">595.83dp</dimen>
    <dimen name="x496">597.04dp</dimen>
    <dimen name="x497">598.24dp</dimen>
    <dimen name="x498">599.44dp</dimen>
    <dimen name="x499">600.65dp</dimen>
    <dimen name="x500">601.85dp</dimen>
    <dimen name="x501">603.06dp</dimen>
    <dimen name="x502">604.26dp</dimen>
    <dimen name="x503">605.46dp</dimen>
    <dimen name="x504">606.67dp</dimen>
    <dimen name="x505">607.87dp</dimen>
    <dimen name="x506">609.07dp</dimen>
    <dimen name="x507">610.28dp</dimen>
    <dimen name="x508">611.48dp</dimen>
    <dimen name="x509">612.69dp</dimen>
    <dimen name="x510">613.89dp</dimen>
    <dimen name="x511">615.09dp</dimen>
    <dimen name="x512">616.30dp</dimen>
    <dimen name="x513">617.50dp</dimen>
    <dimen name="x514">618.70dp</dimen>
    <dimen name="x515">619.91dp</dimen>
    <dimen name="x516">621.11dp</dimen>
    <dimen name="x517">622.31dp</dimen>
    <dimen name="x518">623.52dp</dimen>
    <dimen name="x519">624.72dp</dimen>
    <dimen name="x520">625.93dp</dimen>
    <dimen name="x521">627.13dp</dimen>
    <dimen name="x522">628.33dp</dimen>
    <dimen name="x523">629.54dp</dimen>
    <dimen name="x524">630.74dp</dimen>
    <dimen name="x525">631.94dp</dimen>
    <dimen name="x526">633.15dp</dimen>
    <dimen name="x527">634.35dp</dimen>
    <dimen name="x528">635.56dp</dimen>
    <dimen name="x529">636.76dp</dimen>
    <dimen name="x530">637.96dp</dimen>
    <dimen name="x531">639.17dp</dimen>
    <dimen name="x532">640.37dp</dimen>
    <dimen name="x533">641.57dp</dimen>
    <dimen name="x534">642.78dp</dimen>
    <dimen name="x535">643.98dp</dimen>
    <dimen name="x536">645.19dp</dimen>
    <dimen name="x537">646.39dp</dimen>
    <dimen name="x538">647.59dp</dimen>
    <dimen name="x539">648.80dp</dimen>
    <dimen name="x540">650.00dp</dimen>
    <dimen name="x541">651.20dp</dimen>
    <dimen name="x542">652.41dp</dimen>
    <dimen name="x543">653.61dp</dimen>
    <dimen name="x544">654.81dp</dimen>
    <dimen name="x545">656.02dp</dimen>
    <dimen name="x546">657.22dp</dimen>
    <dimen name="x547">658.43dp</dimen>
    <dimen name="x548">659.63dp</dimen>
    <dimen name="x549">660.83dp</dimen>
    <dimen name="x550">662.04dp</dimen>
    <dimen name="x551">663.24dp</dimen>
    <dimen name="x552">664.44dp</dimen>
    <dimen name="x553">665.65dp</dimen>
    <dimen name="x554">666.85dp</dimen>
    <dimen name="x555">668.06dp</dimen>
    <dimen name="x556">669.26dp</dimen>
    <dimen name="x557">670.46dp</dimen>
    <dimen name="x558">671.67dp</dimen>
    <dimen name="x559">672.87dp</dimen>
    <dimen name="x560">674.07dp</dimen>
    <dimen name="x561">675.28dp</dimen>
    <dimen name="x562">676.48dp</dimen>
    <dimen name="x563">677.69dp</dimen>
    <dimen name="x564">678.89dp</dimen>
    <dimen name="x565">680.09dp</dimen>
    <dimen name="x566">681.30dp</dimen>
    <dimen name="x567">682.50dp</dimen>
    <dimen name="x568">683.70dp</dimen>
    <dimen name="x569">684.91dp</dimen>
    <dimen name="x570">686.11dp</dimen>
    <dimen name="x571">687.31dp</dimen>
    <dimen name="x572">688.52dp</dimen>
    <dimen name="x573">689.72dp</dimen>
    <dimen name="x574">690.93dp</dimen>
    <dimen name="x575">692.13dp</dimen>
    <dimen name="x576">693.33dp</dimen>
    <dimen name="x577">694.54dp</dimen>
    <dimen name="x578">695.74dp</dimen>
    <dimen name="x579">696.94dp</dimen>
    <dimen name="x580">698.15dp</dimen>
    <dimen name="x581">699.35dp</dimen>
    <dimen name="x582">700.56dp</dimen>
    <dimen name="x583">701.76dp</dimen>
    <dimen name="x584">702.96dp</dimen>
    <dimen name="x585">704.17dp</dimen>
    <dimen name="x586">705.37dp</dimen>
    <dimen name="x587">706.57dp</dimen>
    <dimen name="x588">707.78dp</dimen>
    <dimen name="x589">708.98dp</dimen>
    <dimen name="x590">710.19dp</dimen>
    <dimen name="x591">711.39dp</dimen>
    <dimen name="x592">712.59dp</dimen>
    <dimen name="x593">713.80dp</dimen>
    <dimen name="x594">715.00dp</dimen>
    <dimen name="x595">716.20dp</dimen>
    <dimen name="x596">717.41dp</dimen>
    <dimen name="x597">718.61dp</dimen>
    <dimen name="x598">719.81dp</dimen>
    <dimen name="x599">721.02dp</dimen>
    <dimen name="x600">722.22dp</dimen>
    <dimen name="x601">723.43dp</dimen>
    <dimen name="x602">724.63dp</dimen>
    <dimen name="x603">725.83dp</dimen>
    <dimen name="x604">727.04dp</dimen>
    <dimen name="x605">728.24dp</dimen>
    <dimen name="x606">729.44dp</dimen>
    <dimen name="x607">730.65dp</dimen>
    <dimen name="x608">731.85dp</dimen>
    <dimen name="x609">733.06dp</dimen>
    <dimen name="x610">734.26dp</dimen>
    <dimen name="x611">735.46dp</dimen>
    <dimen name="x612">736.67dp</dimen>
    <dimen name="x613">737.87dp</dimen>
    <dimen name="x614">739.07dp</dimen>
    <dimen name="x615">740.28dp</dimen>
    <dimen name="x616">741.48dp</dimen>
    <dimen name="x617">742.69dp</dimen>
    <dimen name="x618">743.89dp</dimen>
    <dimen name="x619">745.09dp</dimen>
    <dimen name="x620">746.30dp</dimen>
    <dimen name="x621">747.50dp</dimen>
    <dimen name="x622">748.70dp</dimen>
    <dimen name="x623">749.91dp</dimen>
    <dimen name="x624">751.11dp</dimen>
    <dimen name="x625">752.31dp</dimen>
    <dimen name="x626">753.52dp</dimen>
    <dimen name="x627">754.72dp</dimen>
    <dimen name="x628">755.93dp</dimen>
    <dimen name="x629">757.13dp</dimen>
    <dimen name="x630">758.33dp</dimen>
    <dimen name="x631">759.54dp</dimen>
    <dimen name="x632">760.74dp</dimen>
    <dimen name="x633">761.94dp</dimen>
    <dimen name="x634">763.15dp</dimen>
    <dimen name="x635">764.35dp</dimen>
    <dimen name="x636">765.56dp</dimen>
    <dimen name="x637">766.76dp</dimen>
    <dimen name="x638">767.96dp</dimen>
    <dimen name="x639">769.17dp</dimen>
    <dimen name="x640">770.37dp</dimen>
    <dimen name="x641">771.57dp</dimen>
    <dimen name="x642">772.78dp</dimen>
    <dimen name="x643">773.98dp</dimen>
    <dimen name="x644">775.19dp</dimen>
    <dimen name="x645">776.39dp</dimen>
    <dimen name="x646">777.59dp</dimen>
    <dimen name="x647">778.80dp</dimen>
    <dimen name="x648">780.00dp</dimen>
    <dimen name="x649">781.20dp</dimen>
    <dimen name="x650">782.41dp</dimen>
    <dimen name="x651">783.61dp</dimen>
    <dimen name="x652">784.81dp</dimen>
    <dimen name="x653">786.02dp</dimen>
    <dimen name="x654">787.22dp</dimen>
    <dimen name="x655">788.43dp</dimen>
    <dimen name="x656">789.63dp</dimen>
    <dimen name="x657">790.83dp</dimen>
    <dimen name="x658">792.04dp</dimen>
    <dimen name="x659">793.24dp</dimen>
    <dimen name="x660">794.44dp</dimen>
    <dimen name="x661">795.65dp</dimen>
    <dimen name="x662">796.85dp</dimen>
    <dimen name="x663">798.06dp</dimen>
    <dimen name="x664">799.26dp</dimen>
    <dimen name="x665">800.46dp</dimen>
    <dimen name="x666">801.67dp</dimen>
    <dimen name="x667">802.87dp</dimen>
    <dimen name="x668">804.07dp</dimen>
    <dimen name="x669">805.28dp</dimen>
    <dimen name="x670">806.48dp</dimen>
    <dimen name="x671">807.69dp</dimen>
    <dimen name="x672">808.89dp</dimen>
    <dimen name="x673">810.09dp</dimen>
    <dimen name="x674">811.30dp</dimen>
    <dimen name="x675">812.50dp</dimen>
    <dimen name="x676">813.70dp</dimen>
    <dimen name="x677">814.91dp</dimen>
    <dimen name="x678">816.11dp</dimen>
    <dimen name="x679">817.31dp</dimen>
    <dimen name="x680">818.52dp</dimen>
    <dimen name="x681">819.72dp</dimen>
    <dimen name="x682">820.93dp</dimen>
    <dimen name="x683">822.13dp</dimen>
    <dimen name="x684">823.33dp</dimen>
    <dimen name="x685">824.54dp</dimen>
    <dimen name="x686">825.74dp</dimen>
    <dimen name="x687">826.94dp</dimen>
    <dimen name="x688">828.15dp</dimen>
    <dimen name="x689">829.35dp</dimen>
    <dimen name="x690">830.56dp</dimen>
    <dimen name="x691">831.76dp</dimen>
    <dimen name="x692">832.96dp</dimen>
    <dimen name="x693">834.17dp</dimen>
    <dimen name="x694">835.37dp</dimen>
    <dimen name="x695">836.57dp</dimen>
    <dimen name="x696">837.78dp</dimen>
    <dimen name="x697">838.98dp</dimen>
    <dimen name="x698">840.19dp</dimen>
    <dimen name="x699">841.39dp</dimen>
    <dimen name="x700">842.59dp</dimen>
    <dimen name="x701">843.80dp</dimen>
    <dimen name="x702">845.00dp</dimen>
    <dimen name="x703">846.20dp</dimen>
    <dimen name="x704">847.41dp</dimen>
    <dimen name="x705">848.61dp</dimen>
    <dimen name="x706">849.81dp</dimen>
    <dimen name="x707">851.02dp</dimen>
    <dimen name="x708">852.22dp</dimen>
    <dimen name="x709">853.43dp</dimen>
    <dimen name="x710">854.63dp</dimen>
    <dimen name="x711">855.83dp</dimen>
    <dimen name="x712">857.04dp</dimen>
    <dimen name="x713">858.24dp</dimen>
    <dimen name="x714">859.44dp</dimen>
    <dimen name="x715">860.65dp</dimen>
    <dimen name="x716">861.85dp</dimen>
    <dimen name="x717">863.06dp</dimen>
    <dimen name="x718">864.26dp</dimen>
    <dimen name="x719">865.46dp</dimen>
    <dimen name="x720">866.67dp</dimen>
    <dimen name="x721">867.87dp</dimen>
    <dimen name="x722">869.07dp</dimen>
    <dimen name="x723">870.28dp</dimen>
    <dimen name="x724">871.48dp</dimen>
    <dimen name="x725">872.69dp</dimen>
    <dimen name="x726">873.89dp</dimen>
    <dimen name="x727">875.09dp</dimen>
    <dimen name="x728">876.30dp</dimen>
    <dimen name="x729">877.50dp</dimen>
    <dimen name="x730">878.70dp</dimen>
    <dimen name="x731">879.91dp</dimen>
    <dimen name="x732">881.11dp</dimen>
    <dimen name="x733">882.31dp</dimen>
    <dimen name="x734">883.52dp</dimen>
    <dimen name="x735">884.72dp</dimen>
    <dimen name="x736">885.93dp</dimen>
    <dimen name="x737">887.13dp</dimen>
    <dimen name="x738">888.33dp</dimen>
    <dimen name="x739">889.54dp</dimen>
    <dimen name="x740">890.74dp</dimen>
    <dimen name="x741">891.94dp</dimen>
    <dimen name="x742">893.15dp</dimen>
    <dimen name="x743">894.35dp</dimen>
    <dimen name="x744">895.56dp</dimen>
    <dimen name="x745">896.76dp</dimen>
    <dimen name="x746">897.96dp</dimen>
    <dimen name="x747">899.17dp</dimen>
    <dimen name="x748">900.37dp</dimen>
    <dimen name="x749">901.57dp</dimen>
    <dimen name="x750">902.78dp</dimen>
    <dimen name="x751">903.98dp</dimen>
    <dimen name="x752">905.19dp</dimen>
    <dimen name="x753">906.39dp</dimen>
    <dimen name="x754">907.59dp</dimen>
    <dimen name="x755">908.80dp</dimen>
    <dimen name="x756">910.00dp</dimen>
    <dimen name="x757">911.20dp</dimen>
    <dimen name="x758">912.41dp</dimen>
    <dimen name="x759">913.61dp</dimen>
    <dimen name="x760">914.81dp</dimen>
    <dimen name="x761">916.02dp</dimen>
    <dimen name="x762">917.22dp</dimen>
    <dimen name="x763">918.43dp</dimen>
    <dimen name="x764">919.63dp</dimen>
    <dimen name="x765">920.83dp</dimen>
    <dimen name="x766">922.04dp</dimen>
    <dimen name="x767">923.24dp</dimen>
    <dimen name="x768">924.44dp</dimen>
    <dimen name="x769">925.65dp</dimen>
    <dimen name="x770">926.85dp</dimen>
    <dimen name="x771">928.06dp</dimen>
    <dimen name="x772">929.26dp</dimen>
    <dimen name="x773">930.46dp</dimen>
    <dimen name="x774">931.67dp</dimen>
    <dimen name="x775">932.87dp</dimen>
    <dimen name="x776">934.07dp</dimen>
    <dimen name="x777">935.28dp</dimen>
    <dimen name="x778">936.48dp</dimen>
    <dimen name="x779">937.69dp</dimen>
    <dimen name="x780">938.89dp</dimen>
    <dimen name="x781">940.09dp</dimen>
    <dimen name="x782">941.30dp</dimen>
    <dimen name="x783">942.50dp</dimen>
    <dimen name="x784">943.70dp</dimen>
    <dimen name="x785">944.91dp</dimen>
    <dimen name="x786">946.11dp</dimen>
    <dimen name="x787">947.31dp</dimen>
    <dimen name="x788">948.52dp</dimen>
    <dimen name="x789">949.72dp</dimen>
    <dimen name="x790">950.93dp</dimen>
    <dimen name="x791">952.13dp</dimen>
    <dimen name="x792">953.33dp</dimen>
    <dimen name="x793">954.54dp</dimen>
    <dimen name="x794">955.74dp</dimen>
    <dimen name="x795">956.94dp</dimen>
    <dimen name="x796">958.15dp</dimen>
    <dimen name="x797">959.35dp</dimen>
    <dimen name="x798">960.56dp</dimen>
    <dimen name="x799">961.76dp</dimen>
    <dimen name="x800">962.96dp</dimen>
    <dimen name="x801">964.17dp</dimen>
    <dimen name="x802">965.37dp</dimen>
    <dimen name="x803">966.57dp</dimen>
    <dimen name="x804">967.78dp</dimen>
    <dimen name="x805">968.98dp</dimen>
    <dimen name="x806">970.19dp</dimen>
    <dimen name="x807">971.39dp</dimen>
    <dimen name="x808">972.59dp</dimen>
    <dimen name="x809">973.80dp</dimen>
    <dimen name="x810">975.00dp</dimen>
    <dimen name="x811">976.20dp</dimen>
    <dimen name="x812">977.41dp</dimen>
    <dimen name="x813">978.61dp</dimen>
    <dimen name="x814">979.81dp</dimen>
    <dimen name="x815">981.02dp</dimen>
    <dimen name="x816">982.22dp</dimen>
    <dimen name="x817">983.43dp</dimen>
    <dimen name="x818">984.63dp</dimen>
    <dimen name="x819">985.83dp</dimen>
    <dimen name="x820">987.04dp</dimen>
    <dimen name="x821">988.24dp</dimen>
    <dimen name="x822">989.44dp</dimen>
    <dimen name="x823">990.65dp</dimen>
    <dimen name="x824">991.85dp</dimen>
    <dimen name="x825">993.06dp</dimen>
    <dimen name="x826">994.26dp</dimen>
    <dimen name="x827">995.46dp</dimen>
    <dimen name="x828">996.67dp</dimen>
    <dimen name="x829">997.87dp</dimen>
    <dimen name="x830">999.07dp</dimen>
    <dimen name="x831">1000.28dp</dimen>
    <dimen name="x832">1001.48dp</dimen>
    <dimen name="x833">1002.69dp</dimen>
    <dimen name="x834">1003.89dp</dimen>
    <dimen name="x835">1005.09dp</dimen>
    <dimen name="x836">1006.30dp</dimen>
    <dimen name="x837">1007.50dp</dimen>
    <dimen name="x838">1008.70dp</dimen>
    <dimen name="x839">1009.91dp</dimen>
    <dimen name="x840">1011.11dp</dimen>
    <dimen name="x841">1012.31dp</dimen>
    <dimen name="x842">1013.52dp</dimen>
    <dimen name="x843">1014.72dp</dimen>
    <dimen name="x844">1015.93dp</dimen>
    <dimen name="x845">1017.13dp</dimen>
    <dimen name="x846">1018.33dp</dimen>
    <dimen name="x847">1019.54dp</dimen>
    <dimen name="x848">1020.74dp</dimen>
    <dimen name="x849">1021.94dp</dimen>
    <dimen name="x850">1023.15dp</dimen>
    <dimen name="x851">1024.35dp</dimen>
    <dimen name="x852">1025.56dp</dimen>
    <dimen name="x853">1026.76dp</dimen>
    <dimen name="x854">1027.96dp</dimen>
    <dimen name="x855">1029.17dp</dimen>
    <dimen name="x856">1030.37dp</dimen>
    <dimen name="x857">1031.57dp</dimen>
    <dimen name="x858">1032.78dp</dimen>
    <dimen name="x859">1033.98dp</dimen>
    <dimen name="x860">1035.19dp</dimen>
    <dimen name="x861">1036.39dp</dimen>
    <dimen name="x862">1037.59dp</dimen>
    <dimen name="x863">1038.80dp</dimen>
    <dimen name="x864">1040.00dp</dimen>
    <dimen name="x865">1041.20dp</dimen>
    <dimen name="x866">1042.41dp</dimen>
    <dimen name="x867">1043.61dp</dimen>
    <dimen name="x868">1044.81dp</dimen>
    <dimen name="x869">1046.02dp</dimen>
    <dimen name="x870">1047.22dp</dimen>
    <dimen name="x871">1048.43dp</dimen>
    <dimen name="x872">1049.63dp</dimen>
    <dimen name="x873">1050.83dp</dimen>
    <dimen name="x874">1052.04dp</dimen>
    <dimen name="x875">1053.24dp</dimen>
    <dimen name="x876">1054.44dp</dimen>
    <dimen name="x877">1055.65dp</dimen>
    <dimen name="x878">1056.85dp</dimen>
    <dimen name="x879">1058.06dp</dimen>
    <dimen name="x880">1059.26dp</dimen>
    <dimen name="x881">1060.46dp</dimen>
    <dimen name="x882">1061.67dp</dimen>
    <dimen name="x883">1062.87dp</dimen>
    <dimen name="x884">1064.07dp</dimen>
    <dimen name="x885">1065.28dp</dimen>
    <dimen name="x886">1066.48dp</dimen>
    <dimen name="x887">1067.69dp</dimen>
    <dimen name="x888">1068.89dp</dimen>
    <dimen name="x889">1070.09dp</dimen>
    <dimen name="x890">1071.30dp</dimen>
    <dimen name="x891">1072.50dp</dimen>
    <dimen name="x892">1073.70dp</dimen>
    <dimen name="x893">1074.91dp</dimen>
    <dimen name="x894">1076.11dp</dimen>
    <dimen name="x895">1077.31dp</dimen>
    <dimen name="x896">1078.52dp</dimen>
    <dimen name="x897">1079.72dp</dimen>
    <dimen name="x898">1080.93dp</dimen>
    <dimen name="x899">1082.13dp</dimen>
    <dimen name="x900">1083.33dp</dimen>
    <dimen name="x901">1084.54dp</dimen>
    <dimen name="x902">1085.74dp</dimen>
    <dimen name="x903">1086.94dp</dimen>
    <dimen name="x904">1088.15dp</dimen>
    <dimen name="x905">1089.35dp</dimen>
    <dimen name="x906">1090.56dp</dimen>
    <dimen name="x907">1091.76dp</dimen>
    <dimen name="x908">1092.96dp</dimen>
    <dimen name="x909">1094.17dp</dimen>
    <dimen name="x910">1095.37dp</dimen>
    <dimen name="x911">1096.57dp</dimen>
    <dimen name="x912">1097.78dp</dimen>
    <dimen name="x913">1098.98dp</dimen>
    <dimen name="x914">1100.19dp</dimen>
    <dimen name="x915">1101.39dp</dimen>
    <dimen name="x916">1102.59dp</dimen>
    <dimen name="x917">1103.80dp</dimen>
    <dimen name="x918">1105.00dp</dimen>
    <dimen name="x919">1106.20dp</dimen>
    <dimen name="x920">1107.41dp</dimen>
    <dimen name="x921">1108.61dp</dimen>
    <dimen name="x922">1109.81dp</dimen>
    <dimen name="x923">1111.02dp</dimen>
    <dimen name="x924">1112.22dp</dimen>
    <dimen name="x925">1113.43dp</dimen>
    <dimen name="x926">1114.63dp</dimen>
    <dimen name="x927">1115.83dp</dimen>
    <dimen name="x928">1117.04dp</dimen>
    <dimen name="x929">1118.24dp</dimen>
    <dimen name="x930">1119.44dp</dimen>
    <dimen name="x931">1120.65dp</dimen>
    <dimen name="x932">1121.85dp</dimen>
    <dimen name="x933">1123.06dp</dimen>
    <dimen name="x934">1124.26dp</dimen>
    <dimen name="x935">1125.46dp</dimen>
    <dimen name="x936">1126.67dp</dimen>
    <dimen name="x937">1127.87dp</dimen>
    <dimen name="x938">1129.07dp</dimen>
    <dimen name="x939">1130.28dp</dimen>
    <dimen name="x940">1131.48dp</dimen>
    <dimen name="x941">1132.69dp</dimen>
    <dimen name="x942">1133.89dp</dimen>
    <dimen name="x943">1135.09dp</dimen>
    <dimen name="x944">1136.30dp</dimen>
    <dimen name="x945">1137.50dp</dimen>
    <dimen name="x946">1138.70dp</dimen>
    <dimen name="x947">1139.91dp</dimen>
    <dimen name="x948">1141.11dp</dimen>
    <dimen name="x949">1142.31dp</dimen>
    <dimen name="x950">1143.52dp</dimen>
    <dimen name="x951">1144.72dp</dimen>
    <dimen name="x952">1145.93dp</dimen>
    <dimen name="x953">1147.13dp</dimen>
    <dimen name="x954">1148.33dp</dimen>
    <dimen name="x955">1149.54dp</dimen>
    <dimen name="x956">1150.74dp</dimen>
    <dimen name="x957">1151.94dp</dimen>
    <dimen name="x958">1153.15dp</dimen>
    <dimen name="x959">1154.35dp</dimen>
    <dimen name="x960">1155.56dp</dimen>
    <dimen name="x961">1156.76dp</dimen>
    <dimen name="x962">1157.96dp</dimen>
    <dimen name="x963">1159.17dp</dimen>
    <dimen name="x964">1160.37dp</dimen>
    <dimen name="x965">1161.57dp</dimen>
    <dimen name="x966">1162.78dp</dimen>
    <dimen name="x967">1163.98dp</dimen>
    <dimen name="x968">1165.19dp</dimen>
    <dimen name="x969">1166.39dp</dimen>
    <dimen name="x970">1167.59dp</dimen>
    <dimen name="x971">1168.80dp</dimen>
    <dimen name="x972">1170.00dp</dimen>
    <dimen name="x973">1171.20dp</dimen>
    <dimen name="x974">1172.41dp</dimen>
    <dimen name="x975">1173.61dp</dimen>
    <dimen name="x976">1174.81dp</dimen>
    <dimen name="x977">1176.02dp</dimen>
    <dimen name="x978">1177.22dp</dimen>
    <dimen name="x979">1178.43dp</dimen>
    <dimen name="x980">1179.63dp</dimen>
    <dimen name="x981">1180.83dp</dimen>
    <dimen name="x982">1182.04dp</dimen>
    <dimen name="x983">1183.24dp</dimen>
    <dimen name="x984">1184.44dp</dimen>
    <dimen name="x985">1185.65dp</dimen>
    <dimen name="x986">1186.85dp</dimen>
    <dimen name="x987">1188.06dp</dimen>
    <dimen name="x988">1189.26dp</dimen>
    <dimen name="x989">1190.46dp</dimen>
    <dimen name="x990">1191.67dp</dimen>
    <dimen name="x991">1192.87dp</dimen>
    <dimen name="x992">1194.07dp</dimen>
    <dimen name="x993">1195.28dp</dimen>
    <dimen name="x994">1196.48dp</dimen>
    <dimen name="x995">1197.69dp</dimen>
    <dimen name="x996">1198.89dp</dimen>
    <dimen name="x997">1200.09dp</dimen>
    <dimen name="x998">1201.30dp</dimen>
    <dimen name="x999">1202.50dp</dimen>
    <dimen name="x1000">1203.70dp</dimen>
    <dimen name="x1001">1204.91dp</dimen>
    <dimen name="x1002">1206.11dp</dimen>
    <dimen name="x1003">1207.31dp</dimen>
    <dimen name="x1004">1208.52dp</dimen>
    <dimen name="x1005">1209.72dp</dimen>
    <dimen name="x1006">1210.93dp</dimen>
    <dimen name="x1007">1212.13dp</dimen>
    <dimen name="x1008">1213.33dp</dimen>
    <dimen name="x1009">1214.54dp</dimen>
    <dimen name="x1010">1215.74dp</dimen>
    <dimen name="x1011">1216.94dp</dimen>
    <dimen name="x1012">1218.15dp</dimen>
    <dimen name="x1013">1219.35dp</dimen>
    <dimen name="x1014">1220.56dp</dimen>
    <dimen name="x1015">1221.76dp</dimen>
    <dimen name="x1016">1222.96dp</dimen>
    <dimen name="x1017">1224.17dp</dimen>
    <dimen name="x1018">1225.37dp</dimen>
    <dimen name="x1019">1226.57dp</dimen>
    <dimen name="x1020">1227.78dp</dimen>
    <dimen name="x1021">1228.98dp</dimen>
    <dimen name="x1022">1230.19dp</dimen>
    <dimen name="x1023">1231.39dp</dimen>
    <dimen name="x1024">1232.59dp</dimen>
    <dimen name="x1025">1233.80dp</dimen>
    <dimen name="x1026">1235.00dp</dimen>
    <dimen name="x1027">1236.20dp</dimen>
    <dimen name="x1028">1237.41dp</dimen>
    <dimen name="x1029">1238.61dp</dimen>
    <dimen name="x1030">1239.81dp</dimen>
    <dimen name="x1031">1241.02dp</dimen>
    <dimen name="x1032">1242.22dp</dimen>
    <dimen name="x1033">1243.43dp</dimen>
    <dimen name="x1034">1244.63dp</dimen>
    <dimen name="x1035">1245.83dp</dimen>
    <dimen name="x1036">1247.04dp</dimen>
    <dimen name="x1037">1248.24dp</dimen>
    <dimen name="x1038">1249.44dp</dimen>
    <dimen name="x1039">1250.65dp</dimen>
    <dimen name="x1040">1251.85dp</dimen>
    <dimen name="x1041">1253.06dp</dimen>
    <dimen name="x1042">1254.26dp</dimen>
    <dimen name="x1043">1255.46dp</dimen>
    <dimen name="x1044">1256.67dp</dimen>
    <dimen name="x1045">1257.87dp</dimen>
    <dimen name="x1046">1259.07dp</dimen>
    <dimen name="x1047">1260.28dp</dimen>
    <dimen name="x1048">1261.48dp</dimen>
    <dimen name="x1049">1262.69dp</dimen>
    <dimen name="x1050">1263.89dp</dimen>
    <dimen name="x1051">1265.09dp</dimen>
    <dimen name="x1052">1266.30dp</dimen>
    <dimen name="x1053">1267.50dp</dimen>
    <dimen name="x1054">1268.70dp</dimen>
    <dimen name="x1055">1269.91dp</dimen>
    <dimen name="x1056">1271.11dp</dimen>
    <dimen name="x1057">1272.31dp</dimen>
    <dimen name="x1058">1273.52dp</dimen>
    <dimen name="x1059">1274.72dp</dimen>
    <dimen name="x1060">1275.93dp</dimen>
    <dimen name="x1061">1277.13dp</dimen>
    <dimen name="x1062">1278.33dp</dimen>
    <dimen name="x1063">1279.54dp</dimen>
    <dimen name="x1064">1280.74dp</dimen>
    <dimen name="x1065">1281.94dp</dimen>
    <dimen name="x1066">1283.15dp</dimen>
    <dimen name="x1067">1284.35dp</dimen>
    <dimen name="x1068">1285.56dp</dimen>
    <dimen name="x1069">1286.76dp</dimen>
    <dimen name="x1070">1287.96dp</dimen>
    <dimen name="x1071">1289.17dp</dimen>
    <dimen name="x1072">1290.37dp</dimen>
    <dimen name="x1073">1291.57dp</dimen>
    <dimen name="x1074">1292.78dp</dimen>
    <dimen name="x1075">1293.98dp</dimen>
    <dimen name="x1076">1295.19dp</dimen>
    <dimen name="x1077">1296.39dp</dimen>
    <dimen name="x1078">1297.59dp</dimen>
    <dimen name="x1079">1298.80dp</dimen>
    <dimen name="x1080">1300.00dp</dimen>
</resources>