<?xml version="1.0" encoding="utf-8"?>
<resources>
    <string name="sw_dp">660dp</string>
    <dimen name="x1">0.61dp</dimen>
    <dimen name="x2">1.22dp</dimen>
    <dimen name="x3">1.83dp</dimen>
    <dimen name="x4">2.44dp</dimen>
    <dimen name="x5">3.06dp</dimen>
    <dimen name="x6">3.67dp</dimen>
    <dimen name="x7">4.28dp</dimen>
    <dimen name="x8">4.89dp</dimen>
    <dimen name="x9">5.50dp</dimen>
    <dimen name="x10">6.11dp</dimen>
    <dimen name="x11">6.72dp</dimen>
    <dimen name="x12">7.33dp</dimen>
    <dimen name="x13">7.94dp</dimen>
    <dimen name="x14">8.56dp</dimen>
    <dimen name="x15">9.17dp</dimen>
    <dimen name="x16">9.78dp</dimen>
    <dimen name="x17">10.39dp</dimen>
    <dimen name="x18">11.00dp</dimen>
    <dimen name="x19">11.61dp</dimen>
    <dimen name="x20">12.22dp</dimen>
    <dimen name="x21">12.83dp</dimen>
    <dimen name="x22">13.44dp</dimen>
    <dimen name="x23">14.06dp</dimen>
    <dimen name="x24">14.67dp</dimen>
    <dimen name="x25">15.28dp</dimen>
    <dimen name="x26">15.89dp</dimen>
    <dimen name="x27">16.50dp</dimen>
    <dimen name="x28">17.11dp</dimen>
    <dimen name="x29">17.72dp</dimen>
    <dimen name="x30">18.33dp</dimen>
    <dimen name="x31">18.94dp</dimen>
    <dimen name="x32">19.56dp</dimen>
    <dimen name="x33">20.17dp</dimen>
    <dimen name="x34">20.78dp</dimen>
    <dimen name="x35">21.39dp</dimen>
    <dimen name="x36">22.00dp</dimen>
    <dimen name="x37">22.61dp</dimen>
    <dimen name="x38">23.22dp</dimen>
    <dimen name="x39">23.83dp</dimen>
    <dimen name="x40">24.44dp</dimen>
    <dimen name="x41">25.06dp</dimen>
    <dimen name="x42">25.67dp</dimen>
    <dimen name="x43">26.28dp</dimen>
    <dimen name="x44">26.89dp</dimen>
    <dimen name="x45">27.50dp</dimen>
    <dimen name="x46">28.11dp</dimen>
    <dimen name="x47">28.72dp</dimen>
    <dimen name="x48">29.33dp</dimen>
    <dimen name="x49">29.94dp</dimen>
    <dimen name="x50">30.56dp</dimen>
    <dimen name="x51">31.17dp</dimen>
    <dimen name="x52">31.78dp</dimen>
    <dimen name="x53">32.39dp</dimen>
    <dimen name="x54">33.00dp</dimen>
    <dimen name="x55">33.61dp</dimen>
    <dimen name="x56">34.22dp</dimen>
    <dimen name="x57">34.83dp</dimen>
    <dimen name="x58">35.44dp</dimen>
    <dimen name="x59">36.06dp</dimen>
    <dimen name="x60">36.67dp</dimen>
    <dimen name="x61">37.28dp</dimen>
    <dimen name="x62">37.89dp</dimen>
    <dimen name="x63">38.50dp</dimen>
    <dimen name="x64">39.11dp</dimen>
    <dimen name="x65">39.72dp</dimen>
    <dimen name="x66">40.33dp</dimen>
    <dimen name="x67">40.94dp</dimen>
    <dimen name="x68">41.56dp</dimen>
    <dimen name="x69">42.17dp</dimen>
    <dimen name="x70">42.78dp</dimen>
    <dimen name="x71">43.39dp</dimen>
    <dimen name="x72">44.00dp</dimen>
    <dimen name="x73">44.61dp</dimen>
    <dimen name="x74">45.22dp</dimen>
    <dimen name="x75">45.83dp</dimen>
    <dimen name="x76">46.44dp</dimen>
    <dimen name="x77">47.06dp</dimen>
    <dimen name="x78">47.67dp</dimen>
    <dimen name="x79">48.28dp</dimen>
    <dimen name="x80">48.89dp</dimen>
    <dimen name="x81">49.50dp</dimen>
    <dimen name="x82">50.11dp</dimen>
    <dimen name="x83">50.72dp</dimen>
    <dimen name="x84">51.33dp</dimen>
    <dimen name="x85">51.94dp</dimen>
    <dimen name="x86">52.56dp</dimen>
    <dimen name="x87">53.17dp</dimen>
    <dimen name="x88">53.78dp</dimen>
    <dimen name="x89">54.39dp</dimen>
    <dimen name="x90">55.00dp</dimen>
    <dimen name="x91">55.61dp</dimen>
    <dimen name="x92">56.22dp</dimen>
    <dimen name="x93">56.83dp</dimen>
    <dimen name="x94">57.44dp</dimen>
    <dimen name="x95">58.06dp</dimen>
    <dimen name="x96">58.67dp</dimen>
    <dimen name="x97">59.28dp</dimen>
    <dimen name="x98">59.89dp</dimen>
    <dimen name="x99">60.50dp</dimen>
    <dimen name="x100">61.11dp</dimen>
    <dimen name="x101">61.72dp</dimen>
    <dimen name="x102">62.33dp</dimen>
    <dimen name="x103">62.94dp</dimen>
    <dimen name="x104">63.56dp</dimen>
    <dimen name="x105">64.17dp</dimen>
    <dimen name="x106">64.78dp</dimen>
    <dimen name="x107">65.39dp</dimen>
    <dimen name="x108">66.00dp</dimen>
    <dimen name="x109">66.61dp</dimen>
    <dimen name="x110">67.22dp</dimen>
    <dimen name="x111">67.83dp</dimen>
    <dimen name="x112">68.44dp</dimen>
    <dimen name="x113">69.06dp</dimen>
    <dimen name="x114">69.67dp</dimen>
    <dimen name="x115">70.28dp</dimen>
    <dimen name="x116">70.89dp</dimen>
    <dimen name="x117">71.50dp</dimen>
    <dimen name="x118">72.11dp</dimen>
    <dimen name="x119">72.72dp</dimen>
    <dimen name="x120">73.33dp</dimen>
    <dimen name="x121">73.94dp</dimen>
    <dimen name="x122">74.56dp</dimen>
    <dimen name="x123">75.17dp</dimen>
    <dimen name="x124">75.78dp</dimen>
    <dimen name="x125">76.39dp</dimen>
    <dimen name="x126">77.00dp</dimen>
    <dimen name="x127">77.61dp</dimen>
    <dimen name="x128">78.22dp</dimen>
    <dimen name="x129">78.83dp</dimen>
    <dimen name="x130">79.44dp</dimen>
    <dimen name="x131">80.06dp</dimen>
    <dimen name="x132">80.67dp</dimen>
    <dimen name="x133">81.28dp</dimen>
    <dimen name="x134">81.89dp</dimen>
    <dimen name="x135">82.50dp</dimen>
    <dimen name="x136">83.11dp</dimen>
    <dimen name="x137">83.72dp</dimen>
    <dimen name="x138">84.33dp</dimen>
    <dimen name="x139">84.94dp</dimen>
    <dimen name="x140">85.56dp</dimen>
    <dimen name="x141">86.17dp</dimen>
    <dimen name="x142">86.78dp</dimen>
    <dimen name="x143">87.39dp</dimen>
    <dimen name="x144">88.00dp</dimen>
    <dimen name="x145">88.61dp</dimen>
    <dimen name="x146">89.22dp</dimen>
    <dimen name="x147">89.83dp</dimen>
    <dimen name="x148">90.44dp</dimen>
    <dimen name="x149">91.06dp</dimen>
    <dimen name="x150">91.67dp</dimen>
    <dimen name="x151">92.28dp</dimen>
    <dimen name="x152">92.89dp</dimen>
    <dimen name="x153">93.50dp</dimen>
    <dimen name="x154">94.11dp</dimen>
    <dimen name="x155">94.72dp</dimen>
    <dimen name="x156">95.33dp</dimen>
    <dimen name="x157">95.94dp</dimen>
    <dimen name="x158">96.56dp</dimen>
    <dimen name="x159">97.17dp</dimen>
    <dimen name="x160">97.78dp</dimen>
    <dimen name="x161">98.39dp</dimen>
    <dimen name="x162">99.00dp</dimen>
    <dimen name="x163">99.61dp</dimen>
    <dimen name="x164">100.22dp</dimen>
    <dimen name="x165">100.83dp</dimen>
    <dimen name="x166">101.44dp</dimen>
    <dimen name="x167">102.06dp</dimen>
    <dimen name="x168">102.67dp</dimen>
    <dimen name="x169">103.28dp</dimen>
    <dimen name="x170">103.89dp</dimen>
    <dimen name="x171">104.50dp</dimen>
    <dimen name="x172">105.11dp</dimen>
    <dimen name="x173">105.72dp</dimen>
    <dimen name="x174">106.33dp</dimen>
    <dimen name="x175">106.94dp</dimen>
    <dimen name="x176">107.56dp</dimen>
    <dimen name="x177">108.17dp</dimen>
    <dimen name="x178">108.78dp</dimen>
    <dimen name="x179">109.39dp</dimen>
    <dimen name="x180">110.00dp</dimen>
    <dimen name="x181">110.61dp</dimen>
    <dimen name="x182">111.22dp</dimen>
    <dimen name="x183">111.83dp</dimen>
    <dimen name="x184">112.44dp</dimen>
    <dimen name="x185">113.06dp</dimen>
    <dimen name="x186">113.67dp</dimen>
    <dimen name="x187">114.28dp</dimen>
    <dimen name="x188">114.89dp</dimen>
    <dimen name="x189">115.50dp</dimen>
    <dimen name="x190">116.11dp</dimen>
    <dimen name="x191">116.72dp</dimen>
    <dimen name="x192">117.33dp</dimen>
    <dimen name="x193">117.94dp</dimen>
    <dimen name="x194">118.56dp</dimen>
    <dimen name="x195">119.17dp</dimen>
    <dimen name="x196">119.78dp</dimen>
    <dimen name="x197">120.39dp</dimen>
    <dimen name="x198">121.00dp</dimen>
    <dimen name="x199">121.61dp</dimen>
    <dimen name="x200">122.22dp</dimen>
    <dimen name="x201">122.83dp</dimen>
    <dimen name="x202">123.44dp</dimen>
    <dimen name="x203">124.06dp</dimen>
    <dimen name="x204">124.67dp</dimen>
    <dimen name="x205">125.28dp</dimen>
    <dimen name="x206">125.89dp</dimen>
    <dimen name="x207">126.50dp</dimen>
    <dimen name="x208">127.11dp</dimen>
    <dimen name="x209">127.72dp</dimen>
    <dimen name="x210">128.33dp</dimen>
    <dimen name="x211">128.94dp</dimen>
    <dimen name="x212">129.56dp</dimen>
    <dimen name="x213">130.17dp</dimen>
    <dimen name="x214">130.78dp</dimen>
    <dimen name="x215">131.39dp</dimen>
    <dimen name="x216">132.00dp</dimen>
    <dimen name="x217">132.61dp</dimen>
    <dimen name="x218">133.22dp</dimen>
    <dimen name="x219">133.83dp</dimen>
    <dimen name="x220">134.44dp</dimen>
    <dimen name="x221">135.06dp</dimen>
    <dimen name="x222">135.67dp</dimen>
    <dimen name="x223">136.28dp</dimen>
    <dimen name="x224">136.89dp</dimen>
    <dimen name="x225">137.50dp</dimen>
    <dimen name="x226">138.11dp</dimen>
    <dimen name="x227">138.72dp</dimen>
    <dimen name="x228">139.33dp</dimen>
    <dimen name="x229">139.94dp</dimen>
    <dimen name="x230">140.56dp</dimen>
    <dimen name="x231">141.17dp</dimen>
    <dimen name="x232">141.78dp</dimen>
    <dimen name="x233">142.39dp</dimen>
    <dimen name="x234">143.00dp</dimen>
    <dimen name="x235">143.61dp</dimen>
    <dimen name="x236">144.22dp</dimen>
    <dimen name="x237">144.83dp</dimen>
    <dimen name="x238">145.44dp</dimen>
    <dimen name="x239">146.06dp</dimen>
    <dimen name="x240">146.67dp</dimen>
    <dimen name="x241">147.28dp</dimen>
    <dimen name="x242">147.89dp</dimen>
    <dimen name="x243">148.50dp</dimen>
    <dimen name="x244">149.11dp</dimen>
    <dimen name="x245">149.72dp</dimen>
    <dimen name="x246">150.33dp</dimen>
    <dimen name="x247">150.94dp</dimen>
    <dimen name="x248">151.56dp</dimen>
    <dimen name="x249">152.17dp</dimen>
    <dimen name="x250">152.78dp</dimen>
    <dimen name="x251">153.39dp</dimen>
    <dimen name="x252">154.00dp</dimen>
    <dimen name="x253">154.61dp</dimen>
    <dimen name="x254">155.22dp</dimen>
    <dimen name="x255">155.83dp</dimen>
    <dimen name="x256">156.44dp</dimen>
    <dimen name="x257">157.06dp</dimen>
    <dimen name="x258">157.67dp</dimen>
    <dimen name="x259">158.28dp</dimen>
    <dimen name="x260">158.89dp</dimen>
    <dimen name="x261">159.50dp</dimen>
    <dimen name="x262">160.11dp</dimen>
    <dimen name="x263">160.72dp</dimen>
    <dimen name="x264">161.33dp</dimen>
    <dimen name="x265">161.94dp</dimen>
    <dimen name="x266">162.56dp</dimen>
    <dimen name="x267">163.17dp</dimen>
    <dimen name="x268">163.78dp</dimen>
    <dimen name="x269">164.39dp</dimen>
    <dimen name="x270">165.00dp</dimen>
    <dimen name="x271">165.61dp</dimen>
    <dimen name="x272">166.22dp</dimen>
    <dimen name="x273">166.83dp</dimen>
    <dimen name="x274">167.44dp</dimen>
    <dimen name="x275">168.06dp</dimen>
    <dimen name="x276">168.67dp</dimen>
    <dimen name="x277">169.28dp</dimen>
    <dimen name="x278">169.89dp</dimen>
    <dimen name="x279">170.50dp</dimen>
    <dimen name="x280">171.11dp</dimen>
    <dimen name="x281">171.72dp</dimen>
    <dimen name="x282">172.33dp</dimen>
    <dimen name="x283">172.94dp</dimen>
    <dimen name="x284">173.56dp</dimen>
    <dimen name="x285">174.17dp</dimen>
    <dimen name="x286">174.78dp</dimen>
    <dimen name="x287">175.39dp</dimen>
    <dimen name="x288">176.00dp</dimen>
    <dimen name="x289">176.61dp</dimen>
    <dimen name="x290">177.22dp</dimen>
    <dimen name="x291">177.83dp</dimen>
    <dimen name="x292">178.44dp</dimen>
    <dimen name="x293">179.06dp</dimen>
    <dimen name="x294">179.67dp</dimen>
    <dimen name="x295">180.28dp</dimen>
    <dimen name="x296">180.89dp</dimen>
    <dimen name="x297">181.50dp</dimen>
    <dimen name="x298">182.11dp</dimen>
    <dimen name="x299">182.72dp</dimen>
    <dimen name="x300">183.33dp</dimen>
    <dimen name="x301">183.94dp</dimen>
    <dimen name="x302">184.56dp</dimen>
    <dimen name="x303">185.17dp</dimen>
    <dimen name="x304">185.78dp</dimen>
    <dimen name="x305">186.39dp</dimen>
    <dimen name="x306">187.00dp</dimen>
    <dimen name="x307">187.61dp</dimen>
    <dimen name="x308">188.22dp</dimen>
    <dimen name="x309">188.83dp</dimen>
    <dimen name="x310">189.44dp</dimen>
    <dimen name="x311">190.06dp</dimen>
    <dimen name="x312">190.67dp</dimen>
    <dimen name="x313">191.28dp</dimen>
    <dimen name="x314">191.89dp</dimen>
    <dimen name="x315">192.50dp</dimen>
    <dimen name="x316">193.11dp</dimen>
    <dimen name="x317">193.72dp</dimen>
    <dimen name="x318">194.33dp</dimen>
    <dimen name="x319">194.94dp</dimen>
    <dimen name="x320">195.56dp</dimen>
    <dimen name="x321">196.17dp</dimen>
    <dimen name="x322">196.78dp</dimen>
    <dimen name="x323">197.39dp</dimen>
    <dimen name="x324">198.00dp</dimen>
    <dimen name="x325">198.61dp</dimen>
    <dimen name="x326">199.22dp</dimen>
    <dimen name="x327">199.83dp</dimen>
    <dimen name="x328">200.44dp</dimen>
    <dimen name="x329">201.06dp</dimen>
    <dimen name="x330">201.67dp</dimen>
    <dimen name="x331">202.28dp</dimen>
    <dimen name="x332">202.89dp</dimen>
    <dimen name="x333">203.50dp</dimen>
    <dimen name="x334">204.11dp</dimen>
    <dimen name="x335">204.72dp</dimen>
    <dimen name="x336">205.33dp</dimen>
    <dimen name="x337">205.94dp</dimen>
    <dimen name="x338">206.56dp</dimen>
    <dimen name="x339">207.17dp</dimen>
    <dimen name="x340">207.78dp</dimen>
    <dimen name="x341">208.39dp</dimen>
    <dimen name="x342">209.00dp</dimen>
    <dimen name="x343">209.61dp</dimen>
    <dimen name="x344">210.22dp</dimen>
    <dimen name="x345">210.83dp</dimen>
    <dimen name="x346">211.44dp</dimen>
    <dimen name="x347">212.06dp</dimen>
    <dimen name="x348">212.67dp</dimen>
    <dimen name="x349">213.28dp</dimen>
    <dimen name="x350">213.89dp</dimen>
    <dimen name="x351">214.50dp</dimen>
    <dimen name="x352">215.11dp</dimen>
    <dimen name="x353">215.72dp</dimen>
    <dimen name="x354">216.33dp</dimen>
    <dimen name="x355">216.94dp</dimen>
    <dimen name="x356">217.56dp</dimen>
    <dimen name="x357">218.17dp</dimen>
    <dimen name="x358">218.78dp</dimen>
    <dimen name="x359">219.39dp</dimen>
    <dimen name="x360">220.00dp</dimen>
    <dimen name="x361">220.61dp</dimen>
    <dimen name="x362">221.22dp</dimen>
    <dimen name="x363">221.83dp</dimen>
    <dimen name="x364">222.44dp</dimen>
    <dimen name="x365">223.06dp</dimen>
    <dimen name="x366">223.67dp</dimen>
    <dimen name="x367">224.28dp</dimen>
    <dimen name="x368">224.89dp</dimen>
    <dimen name="x369">225.50dp</dimen>
    <dimen name="x370">226.11dp</dimen>
    <dimen name="x371">226.72dp</dimen>
    <dimen name="x372">227.33dp</dimen>
    <dimen name="x373">227.94dp</dimen>
    <dimen name="x374">228.56dp</dimen>
    <dimen name="x375">229.17dp</dimen>
    <dimen name="x376">229.78dp</dimen>
    <dimen name="x377">230.39dp</dimen>
    <dimen name="x378">231.00dp</dimen>
    <dimen name="x379">231.61dp</dimen>
    <dimen name="x380">232.22dp</dimen>
    <dimen name="x381">232.83dp</dimen>
    <dimen name="x382">233.44dp</dimen>
    <dimen name="x383">234.06dp</dimen>
    <dimen name="x384">234.67dp</dimen>
    <dimen name="x385">235.28dp</dimen>
    <dimen name="x386">235.89dp</dimen>
    <dimen name="x387">236.50dp</dimen>
    <dimen name="x388">237.11dp</dimen>
    <dimen name="x389">237.72dp</dimen>
    <dimen name="x390">238.33dp</dimen>
    <dimen name="x391">238.94dp</dimen>
    <dimen name="x392">239.56dp</dimen>
    <dimen name="x393">240.17dp</dimen>
    <dimen name="x394">240.78dp</dimen>
    <dimen name="x395">241.39dp</dimen>
    <dimen name="x396">242.00dp</dimen>
    <dimen name="x397">242.61dp</dimen>
    <dimen name="x398">243.22dp</dimen>
    <dimen name="x399">243.83dp</dimen>
    <dimen name="x400">244.44dp</dimen>
    <dimen name="x401">245.06dp</dimen>
    <dimen name="x402">245.67dp</dimen>
    <dimen name="x403">246.28dp</dimen>
    <dimen name="x404">246.89dp</dimen>
    <dimen name="x405">247.50dp</dimen>
    <dimen name="x406">248.11dp</dimen>
    <dimen name="x407">248.72dp</dimen>
    <dimen name="x408">249.33dp</dimen>
    <dimen name="x409">249.94dp</dimen>
    <dimen name="x410">250.56dp</dimen>
    <dimen name="x411">251.17dp</dimen>
    <dimen name="x412">251.78dp</dimen>
    <dimen name="x413">252.39dp</dimen>
    <dimen name="x414">253.00dp</dimen>
    <dimen name="x415">253.61dp</dimen>
    <dimen name="x416">254.22dp</dimen>
    <dimen name="x417">254.83dp</dimen>
    <dimen name="x418">255.44dp</dimen>
    <dimen name="x419">256.06dp</dimen>
    <dimen name="x420">256.67dp</dimen>
    <dimen name="x421">257.28dp</dimen>
    <dimen name="x422">257.89dp</dimen>
    <dimen name="x423">258.50dp</dimen>
    <dimen name="x424">259.11dp</dimen>
    <dimen name="x425">259.72dp</dimen>
    <dimen name="x426">260.33dp</dimen>
    <dimen name="x427">260.94dp</dimen>
    <dimen name="x428">261.56dp</dimen>
    <dimen name="x429">262.17dp</dimen>
    <dimen name="x430">262.78dp</dimen>
    <dimen name="x431">263.39dp</dimen>
    <dimen name="x432">264.00dp</dimen>
    <dimen name="x433">264.61dp</dimen>
    <dimen name="x434">265.22dp</dimen>
    <dimen name="x435">265.83dp</dimen>
    <dimen name="x436">266.44dp</dimen>
    <dimen name="x437">267.06dp</dimen>
    <dimen name="x438">267.67dp</dimen>
    <dimen name="x439">268.28dp</dimen>
    <dimen name="x440">268.89dp</dimen>
    <dimen name="x441">269.50dp</dimen>
    <dimen name="x442">270.11dp</dimen>
    <dimen name="x443">270.72dp</dimen>
    <dimen name="x444">271.33dp</dimen>
    <dimen name="x445">271.94dp</dimen>
    <dimen name="x446">272.56dp</dimen>
    <dimen name="x447">273.17dp</dimen>
    <dimen name="x448">273.78dp</dimen>
    <dimen name="x449">274.39dp</dimen>
    <dimen name="x450">275.00dp</dimen>
    <dimen name="x451">275.61dp</dimen>
    <dimen name="x452">276.22dp</dimen>
    <dimen name="x453">276.83dp</dimen>
    <dimen name="x454">277.44dp</dimen>
    <dimen name="x455">278.06dp</dimen>
    <dimen name="x456">278.67dp</dimen>
    <dimen name="x457">279.28dp</dimen>
    <dimen name="x458">279.89dp</dimen>
    <dimen name="x459">280.50dp</dimen>
    <dimen name="x460">281.11dp</dimen>
    <dimen name="x461">281.72dp</dimen>
    <dimen name="x462">282.33dp</dimen>
    <dimen name="x463">282.94dp</dimen>
    <dimen name="x464">283.56dp</dimen>
    <dimen name="x465">284.17dp</dimen>
    <dimen name="x466">284.78dp</dimen>
    <dimen name="x467">285.39dp</dimen>
    <dimen name="x468">286.00dp</dimen>
    <dimen name="x469">286.61dp</dimen>
    <dimen name="x470">287.22dp</dimen>
    <dimen name="x471">287.83dp</dimen>
    <dimen name="x472">288.44dp</dimen>
    <dimen name="x473">289.06dp</dimen>
    <dimen name="x474">289.67dp</dimen>
    <dimen name="x475">290.28dp</dimen>
    <dimen name="x476">290.89dp</dimen>
    <dimen name="x477">291.50dp</dimen>
    <dimen name="x478">292.11dp</dimen>
    <dimen name="x479">292.72dp</dimen>
    <dimen name="x480">293.33dp</dimen>
    <dimen name="x481">293.94dp</dimen>
    <dimen name="x482">294.56dp</dimen>
    <dimen name="x483">295.17dp</dimen>
    <dimen name="x484">295.78dp</dimen>
    <dimen name="x485">296.39dp</dimen>
    <dimen name="x486">297.00dp</dimen>
    <dimen name="x487">297.61dp</dimen>
    <dimen name="x488">298.22dp</dimen>
    <dimen name="x489">298.83dp</dimen>
    <dimen name="x490">299.44dp</dimen>
    <dimen name="x491">300.06dp</dimen>
    <dimen name="x492">300.67dp</dimen>
    <dimen name="x493">301.28dp</dimen>
    <dimen name="x494">301.89dp</dimen>
    <dimen name="x495">302.50dp</dimen>
    <dimen name="x496">303.11dp</dimen>
    <dimen name="x497">303.72dp</dimen>
    <dimen name="x498">304.33dp</dimen>
    <dimen name="x499">304.94dp</dimen>
    <dimen name="x500">305.56dp</dimen>
    <dimen name="x501">306.17dp</dimen>
    <dimen name="x502">306.78dp</dimen>
    <dimen name="x503">307.39dp</dimen>
    <dimen name="x504">308.00dp</dimen>
    <dimen name="x505">308.61dp</dimen>
    <dimen name="x506">309.22dp</dimen>
    <dimen name="x507">309.83dp</dimen>
    <dimen name="x508">310.44dp</dimen>
    <dimen name="x509">311.06dp</dimen>
    <dimen name="x510">311.67dp</dimen>
    <dimen name="x511">312.28dp</dimen>
    <dimen name="x512">312.89dp</dimen>
    <dimen name="x513">313.50dp</dimen>
    <dimen name="x514">314.11dp</dimen>
    <dimen name="x515">314.72dp</dimen>
    <dimen name="x516">315.33dp</dimen>
    <dimen name="x517">315.94dp</dimen>
    <dimen name="x518">316.56dp</dimen>
    <dimen name="x519">317.17dp</dimen>
    <dimen name="x520">317.78dp</dimen>
    <dimen name="x521">318.39dp</dimen>
    <dimen name="x522">319.00dp</dimen>
    <dimen name="x523">319.61dp</dimen>
    <dimen name="x524">320.22dp</dimen>
    <dimen name="x525">320.83dp</dimen>
    <dimen name="x526">321.44dp</dimen>
    <dimen name="x527">322.06dp</dimen>
    <dimen name="x528">322.67dp</dimen>
    <dimen name="x529">323.28dp</dimen>
    <dimen name="x530">323.89dp</dimen>
    <dimen name="x531">324.50dp</dimen>
    <dimen name="x532">325.11dp</dimen>
    <dimen name="x533">325.72dp</dimen>
    <dimen name="x534">326.33dp</dimen>
    <dimen name="x535">326.94dp</dimen>
    <dimen name="x536">327.56dp</dimen>
    <dimen name="x537">328.17dp</dimen>
    <dimen name="x538">328.78dp</dimen>
    <dimen name="x539">329.39dp</dimen>
    <dimen name="x540">330.00dp</dimen>
    <dimen name="x541">330.61dp</dimen>
    <dimen name="x542">331.22dp</dimen>
    <dimen name="x543">331.83dp</dimen>
    <dimen name="x544">332.44dp</dimen>
    <dimen name="x545">333.06dp</dimen>
    <dimen name="x546">333.67dp</dimen>
    <dimen name="x547">334.28dp</dimen>
    <dimen name="x548">334.89dp</dimen>
    <dimen name="x549">335.50dp</dimen>
    <dimen name="x550">336.11dp</dimen>
    <dimen name="x551">336.72dp</dimen>
    <dimen name="x552">337.33dp</dimen>
    <dimen name="x553">337.94dp</dimen>
    <dimen name="x554">338.56dp</dimen>
    <dimen name="x555">339.17dp</dimen>
    <dimen name="x556">339.78dp</dimen>
    <dimen name="x557">340.39dp</dimen>
    <dimen name="x558">341.00dp</dimen>
    <dimen name="x559">341.61dp</dimen>
    <dimen name="x560">342.22dp</dimen>
    <dimen name="x561">342.83dp</dimen>
    <dimen name="x562">343.44dp</dimen>
    <dimen name="x563">344.06dp</dimen>
    <dimen name="x564">344.67dp</dimen>
    <dimen name="x565">345.28dp</dimen>
    <dimen name="x566">345.89dp</dimen>
    <dimen name="x567">346.50dp</dimen>
    <dimen name="x568">347.11dp</dimen>
    <dimen name="x569">347.72dp</dimen>
    <dimen name="x570">348.33dp</dimen>
    <dimen name="x571">348.94dp</dimen>
    <dimen name="x572">349.56dp</dimen>
    <dimen name="x573">350.17dp</dimen>
    <dimen name="x574">350.78dp</dimen>
    <dimen name="x575">351.39dp</dimen>
    <dimen name="x576">352.00dp</dimen>
    <dimen name="x577">352.61dp</dimen>
    <dimen name="x578">353.22dp</dimen>
    <dimen name="x579">353.83dp</dimen>
    <dimen name="x580">354.44dp</dimen>
    <dimen name="x581">355.06dp</dimen>
    <dimen name="x582">355.67dp</dimen>
    <dimen name="x583">356.28dp</dimen>
    <dimen name="x584">356.89dp</dimen>
    <dimen name="x585">357.50dp</dimen>
    <dimen name="x586">358.11dp</dimen>
    <dimen name="x587">358.72dp</dimen>
    <dimen name="x588">359.33dp</dimen>
    <dimen name="x589">359.94dp</dimen>
    <dimen name="x590">360.56dp</dimen>
    <dimen name="x591">361.17dp</dimen>
    <dimen name="x592">361.78dp</dimen>
    <dimen name="x593">362.39dp</dimen>
    <dimen name="x594">363.00dp</dimen>
    <dimen name="x595">363.61dp</dimen>
    <dimen name="x596">364.22dp</dimen>
    <dimen name="x597">364.83dp</dimen>
    <dimen name="x598">365.44dp</dimen>
    <dimen name="x599">366.06dp</dimen>
    <dimen name="x600">366.67dp</dimen>
    <dimen name="x601">367.28dp</dimen>
    <dimen name="x602">367.89dp</dimen>
    <dimen name="x603">368.50dp</dimen>
    <dimen name="x604">369.11dp</dimen>
    <dimen name="x605">369.72dp</dimen>
    <dimen name="x606">370.33dp</dimen>
    <dimen name="x607">370.94dp</dimen>
    <dimen name="x608">371.56dp</dimen>
    <dimen name="x609">372.17dp</dimen>
    <dimen name="x610">372.78dp</dimen>
    <dimen name="x611">373.39dp</dimen>
    <dimen name="x612">374.00dp</dimen>
    <dimen name="x613">374.61dp</dimen>
    <dimen name="x614">375.22dp</dimen>
    <dimen name="x615">375.83dp</dimen>
    <dimen name="x616">376.44dp</dimen>
    <dimen name="x617">377.06dp</dimen>
    <dimen name="x618">377.67dp</dimen>
    <dimen name="x619">378.28dp</dimen>
    <dimen name="x620">378.89dp</dimen>
    <dimen name="x621">379.50dp</dimen>
    <dimen name="x622">380.11dp</dimen>
    <dimen name="x623">380.72dp</dimen>
    <dimen name="x624">381.33dp</dimen>
    <dimen name="x625">381.94dp</dimen>
    <dimen name="x626">382.56dp</dimen>
    <dimen name="x627">383.17dp</dimen>
    <dimen name="x628">383.78dp</dimen>
    <dimen name="x629">384.39dp</dimen>
    <dimen name="x630">385.00dp</dimen>
    <dimen name="x631">385.61dp</dimen>
    <dimen name="x632">386.22dp</dimen>
    <dimen name="x633">386.83dp</dimen>
    <dimen name="x634">387.44dp</dimen>
    <dimen name="x635">388.06dp</dimen>
    <dimen name="x636">388.67dp</dimen>
    <dimen name="x637">389.28dp</dimen>
    <dimen name="x638">389.89dp</dimen>
    <dimen name="x639">390.50dp</dimen>
    <dimen name="x640">391.11dp</dimen>
    <dimen name="x641">391.72dp</dimen>
    <dimen name="x642">392.33dp</dimen>
    <dimen name="x643">392.94dp</dimen>
    <dimen name="x644">393.56dp</dimen>
    <dimen name="x645">394.17dp</dimen>
    <dimen name="x646">394.78dp</dimen>
    <dimen name="x647">395.39dp</dimen>
    <dimen name="x648">396.00dp</dimen>
    <dimen name="x649">396.61dp</dimen>
    <dimen name="x650">397.22dp</dimen>
    <dimen name="x651">397.83dp</dimen>
    <dimen name="x652">398.44dp</dimen>
    <dimen name="x653">399.06dp</dimen>
    <dimen name="x654">399.67dp</dimen>
    <dimen name="x655">400.28dp</dimen>
    <dimen name="x656">400.89dp</dimen>
    <dimen name="x657">401.50dp</dimen>
    <dimen name="x658">402.11dp</dimen>
    <dimen name="x659">402.72dp</dimen>
    <dimen name="x660">403.33dp</dimen>
    <dimen name="x661">403.94dp</dimen>
    <dimen name="x662">404.56dp</dimen>
    <dimen name="x663">405.17dp</dimen>
    <dimen name="x664">405.78dp</dimen>
    <dimen name="x665">406.39dp</dimen>
    <dimen name="x666">407.00dp</dimen>
    <dimen name="x667">407.61dp</dimen>
    <dimen name="x668">408.22dp</dimen>
    <dimen name="x669">408.83dp</dimen>
    <dimen name="x670">409.44dp</dimen>
    <dimen name="x671">410.06dp</dimen>
    <dimen name="x672">410.67dp</dimen>
    <dimen name="x673">411.28dp</dimen>
    <dimen name="x674">411.89dp</dimen>
    <dimen name="x675">412.50dp</dimen>
    <dimen name="x676">413.11dp</dimen>
    <dimen name="x677">413.72dp</dimen>
    <dimen name="x678">414.33dp</dimen>
    <dimen name="x679">414.94dp</dimen>
    <dimen name="x680">415.56dp</dimen>
    <dimen name="x681">416.17dp</dimen>
    <dimen name="x682">416.78dp</dimen>
    <dimen name="x683">417.39dp</dimen>
    <dimen name="x684">418.00dp</dimen>
    <dimen name="x685">418.61dp</dimen>
    <dimen name="x686">419.22dp</dimen>
    <dimen name="x687">419.83dp</dimen>
    <dimen name="x688">420.44dp</dimen>
    <dimen name="x689">421.06dp</dimen>
    <dimen name="x690">421.67dp</dimen>
    <dimen name="x691">422.28dp</dimen>
    <dimen name="x692">422.89dp</dimen>
    <dimen name="x693">423.50dp</dimen>
    <dimen name="x694">424.11dp</dimen>
    <dimen name="x695">424.72dp</dimen>
    <dimen name="x696">425.33dp</dimen>
    <dimen name="x697">425.94dp</dimen>
    <dimen name="x698">426.56dp</dimen>
    <dimen name="x699">427.17dp</dimen>
    <dimen name="x700">427.78dp</dimen>
    <dimen name="x701">428.39dp</dimen>
    <dimen name="x702">429.00dp</dimen>
    <dimen name="x703">429.61dp</dimen>
    <dimen name="x704">430.22dp</dimen>
    <dimen name="x705">430.83dp</dimen>
    <dimen name="x706">431.44dp</dimen>
    <dimen name="x707">432.06dp</dimen>
    <dimen name="x708">432.67dp</dimen>
    <dimen name="x709">433.28dp</dimen>
    <dimen name="x710">433.89dp</dimen>
    <dimen name="x711">434.50dp</dimen>
    <dimen name="x712">435.11dp</dimen>
    <dimen name="x713">435.72dp</dimen>
    <dimen name="x714">436.33dp</dimen>
    <dimen name="x715">436.94dp</dimen>
    <dimen name="x716">437.56dp</dimen>
    <dimen name="x717">438.17dp</dimen>
    <dimen name="x718">438.78dp</dimen>
    <dimen name="x719">439.39dp</dimen>
    <dimen name="x720">440.00dp</dimen>
    <dimen name="x721">440.61dp</dimen>
    <dimen name="x722">441.22dp</dimen>
    <dimen name="x723">441.83dp</dimen>
    <dimen name="x724">442.44dp</dimen>
    <dimen name="x725">443.06dp</dimen>
    <dimen name="x726">443.67dp</dimen>
    <dimen name="x727">444.28dp</dimen>
    <dimen name="x728">444.89dp</dimen>
    <dimen name="x729">445.50dp</dimen>
    <dimen name="x730">446.11dp</dimen>
    <dimen name="x731">446.72dp</dimen>
    <dimen name="x732">447.33dp</dimen>
    <dimen name="x733">447.94dp</dimen>
    <dimen name="x734">448.56dp</dimen>
    <dimen name="x735">449.17dp</dimen>
    <dimen name="x736">449.78dp</dimen>
    <dimen name="x737">450.39dp</dimen>
    <dimen name="x738">451.00dp</dimen>
    <dimen name="x739">451.61dp</dimen>
    <dimen name="x740">452.22dp</dimen>
    <dimen name="x741">452.83dp</dimen>
    <dimen name="x742">453.44dp</dimen>
    <dimen name="x743">454.06dp</dimen>
    <dimen name="x744">454.67dp</dimen>
    <dimen name="x745">455.28dp</dimen>
    <dimen name="x746">455.89dp</dimen>
    <dimen name="x747">456.50dp</dimen>
    <dimen name="x748">457.11dp</dimen>
    <dimen name="x749">457.72dp</dimen>
    <dimen name="x750">458.33dp</dimen>
    <dimen name="x751">458.94dp</dimen>
    <dimen name="x752">459.56dp</dimen>
    <dimen name="x753">460.17dp</dimen>
    <dimen name="x754">460.78dp</dimen>
    <dimen name="x755">461.39dp</dimen>
    <dimen name="x756">462.00dp</dimen>
    <dimen name="x757">462.61dp</dimen>
    <dimen name="x758">463.22dp</dimen>
    <dimen name="x759">463.83dp</dimen>
    <dimen name="x760">464.44dp</dimen>
    <dimen name="x761">465.06dp</dimen>
    <dimen name="x762">465.67dp</dimen>
    <dimen name="x763">466.28dp</dimen>
    <dimen name="x764">466.89dp</dimen>
    <dimen name="x765">467.50dp</dimen>
    <dimen name="x766">468.11dp</dimen>
    <dimen name="x767">468.72dp</dimen>
    <dimen name="x768">469.33dp</dimen>
    <dimen name="x769">469.94dp</dimen>
    <dimen name="x770">470.56dp</dimen>
    <dimen name="x771">471.17dp</dimen>
    <dimen name="x772">471.78dp</dimen>
    <dimen name="x773">472.39dp</dimen>
    <dimen name="x774">473.00dp</dimen>
    <dimen name="x775">473.61dp</dimen>
    <dimen name="x776">474.22dp</dimen>
    <dimen name="x777">474.83dp</dimen>
    <dimen name="x778">475.44dp</dimen>
    <dimen name="x779">476.06dp</dimen>
    <dimen name="x780">476.67dp</dimen>
    <dimen name="x781">477.28dp</dimen>
    <dimen name="x782">477.89dp</dimen>
    <dimen name="x783">478.50dp</dimen>
    <dimen name="x784">479.11dp</dimen>
    <dimen name="x785">479.72dp</dimen>
    <dimen name="x786">480.33dp</dimen>
    <dimen name="x787">480.94dp</dimen>
    <dimen name="x788">481.56dp</dimen>
    <dimen name="x789">482.17dp</dimen>
    <dimen name="x790">482.78dp</dimen>
    <dimen name="x791">483.39dp</dimen>
    <dimen name="x792">484.00dp</dimen>
    <dimen name="x793">484.61dp</dimen>
    <dimen name="x794">485.22dp</dimen>
    <dimen name="x795">485.83dp</dimen>
    <dimen name="x796">486.44dp</dimen>
    <dimen name="x797">487.06dp</dimen>
    <dimen name="x798">487.67dp</dimen>
    <dimen name="x799">488.28dp</dimen>
    <dimen name="x800">488.89dp</dimen>
    <dimen name="x801">489.50dp</dimen>
    <dimen name="x802">490.11dp</dimen>
    <dimen name="x803">490.72dp</dimen>
    <dimen name="x804">491.33dp</dimen>
    <dimen name="x805">491.94dp</dimen>
    <dimen name="x806">492.56dp</dimen>
    <dimen name="x807">493.17dp</dimen>
    <dimen name="x808">493.78dp</dimen>
    <dimen name="x809">494.39dp</dimen>
    <dimen name="x810">495.00dp</dimen>
    <dimen name="x811">495.61dp</dimen>
    <dimen name="x812">496.22dp</dimen>
    <dimen name="x813">496.83dp</dimen>
    <dimen name="x814">497.44dp</dimen>
    <dimen name="x815">498.06dp</dimen>
    <dimen name="x816">498.67dp</dimen>
    <dimen name="x817">499.28dp</dimen>
    <dimen name="x818">499.89dp</dimen>
    <dimen name="x819">500.50dp</dimen>
    <dimen name="x820">501.11dp</dimen>
    <dimen name="x821">501.72dp</dimen>
    <dimen name="x822">502.33dp</dimen>
    <dimen name="x823">502.94dp</dimen>
    <dimen name="x824">503.56dp</dimen>
    <dimen name="x825">504.17dp</dimen>
    <dimen name="x826">504.78dp</dimen>
    <dimen name="x827">505.39dp</dimen>
    <dimen name="x828">506.00dp</dimen>
    <dimen name="x829">506.61dp</dimen>
    <dimen name="x830">507.22dp</dimen>
    <dimen name="x831">507.83dp</dimen>
    <dimen name="x832">508.44dp</dimen>
    <dimen name="x833">509.06dp</dimen>
    <dimen name="x834">509.67dp</dimen>
    <dimen name="x835">510.28dp</dimen>
    <dimen name="x836">510.89dp</dimen>
    <dimen name="x837">511.50dp</dimen>
    <dimen name="x838">512.11dp</dimen>
    <dimen name="x839">512.72dp</dimen>
    <dimen name="x840">513.33dp</dimen>
    <dimen name="x841">513.94dp</dimen>
    <dimen name="x842">514.56dp</dimen>
    <dimen name="x843">515.17dp</dimen>
    <dimen name="x844">515.78dp</dimen>
    <dimen name="x845">516.39dp</dimen>
    <dimen name="x846">517.00dp</dimen>
    <dimen name="x847">517.61dp</dimen>
    <dimen name="x848">518.22dp</dimen>
    <dimen name="x849">518.83dp</dimen>
    <dimen name="x850">519.44dp</dimen>
    <dimen name="x851">520.06dp</dimen>
    <dimen name="x852">520.67dp</dimen>
    <dimen name="x853">521.28dp</dimen>
    <dimen name="x854">521.89dp</dimen>
    <dimen name="x855">522.50dp</dimen>
    <dimen name="x856">523.11dp</dimen>
    <dimen name="x857">523.72dp</dimen>
    <dimen name="x858">524.33dp</dimen>
    <dimen name="x859">524.94dp</dimen>
    <dimen name="x860">525.56dp</dimen>
    <dimen name="x861">526.17dp</dimen>
    <dimen name="x862">526.78dp</dimen>
    <dimen name="x863">527.39dp</dimen>
    <dimen name="x864">528.00dp</dimen>
    <dimen name="x865">528.61dp</dimen>
    <dimen name="x866">529.22dp</dimen>
    <dimen name="x867">529.83dp</dimen>
    <dimen name="x868">530.44dp</dimen>
    <dimen name="x869">531.06dp</dimen>
    <dimen name="x870">531.67dp</dimen>
    <dimen name="x871">532.28dp</dimen>
    <dimen name="x872">532.89dp</dimen>
    <dimen name="x873">533.50dp</dimen>
    <dimen name="x874">534.11dp</dimen>
    <dimen name="x875">534.72dp</dimen>
    <dimen name="x876">535.33dp</dimen>
    <dimen name="x877">535.94dp</dimen>
    <dimen name="x878">536.56dp</dimen>
    <dimen name="x879">537.17dp</dimen>
    <dimen name="x880">537.78dp</dimen>
    <dimen name="x881">538.39dp</dimen>
    <dimen name="x882">539.00dp</dimen>
    <dimen name="x883">539.61dp</dimen>
    <dimen name="x884">540.22dp</dimen>
    <dimen name="x885">540.83dp</dimen>
    <dimen name="x886">541.44dp</dimen>
    <dimen name="x887">542.06dp</dimen>
    <dimen name="x888">542.67dp</dimen>
    <dimen name="x889">543.28dp</dimen>
    <dimen name="x890">543.89dp</dimen>
    <dimen name="x891">544.50dp</dimen>
    <dimen name="x892">545.11dp</dimen>
    <dimen name="x893">545.72dp</dimen>
    <dimen name="x894">546.33dp</dimen>
    <dimen name="x895">546.94dp</dimen>
    <dimen name="x896">547.56dp</dimen>
    <dimen name="x897">548.17dp</dimen>
    <dimen name="x898">548.78dp</dimen>
    <dimen name="x899">549.39dp</dimen>
    <dimen name="x900">550.00dp</dimen>
    <dimen name="x901">550.61dp</dimen>
    <dimen name="x902">551.22dp</dimen>
    <dimen name="x903">551.83dp</dimen>
    <dimen name="x904">552.44dp</dimen>
    <dimen name="x905">553.06dp</dimen>
    <dimen name="x906">553.67dp</dimen>
    <dimen name="x907">554.28dp</dimen>
    <dimen name="x908">554.89dp</dimen>
    <dimen name="x909">555.50dp</dimen>
    <dimen name="x910">556.11dp</dimen>
    <dimen name="x911">556.72dp</dimen>
    <dimen name="x912">557.33dp</dimen>
    <dimen name="x913">557.94dp</dimen>
    <dimen name="x914">558.56dp</dimen>
    <dimen name="x915">559.17dp</dimen>
    <dimen name="x916">559.78dp</dimen>
    <dimen name="x917">560.39dp</dimen>
    <dimen name="x918">561.00dp</dimen>
    <dimen name="x919">561.61dp</dimen>
    <dimen name="x920">562.22dp</dimen>
    <dimen name="x921">562.83dp</dimen>
    <dimen name="x922">563.44dp</dimen>
    <dimen name="x923">564.06dp</dimen>
    <dimen name="x924">564.67dp</dimen>
    <dimen name="x925">565.28dp</dimen>
    <dimen name="x926">565.89dp</dimen>
    <dimen name="x927">566.50dp</dimen>
    <dimen name="x928">567.11dp</dimen>
    <dimen name="x929">567.72dp</dimen>
    <dimen name="x930">568.33dp</dimen>
    <dimen name="x931">568.94dp</dimen>
    <dimen name="x932">569.56dp</dimen>
    <dimen name="x933">570.17dp</dimen>
    <dimen name="x934">570.78dp</dimen>
    <dimen name="x935">571.39dp</dimen>
    <dimen name="x936">572.00dp</dimen>
    <dimen name="x937">572.61dp</dimen>
    <dimen name="x938">573.22dp</dimen>
    <dimen name="x939">573.83dp</dimen>
    <dimen name="x940">574.44dp</dimen>
    <dimen name="x941">575.06dp</dimen>
    <dimen name="x942">575.67dp</dimen>
    <dimen name="x943">576.28dp</dimen>
    <dimen name="x944">576.89dp</dimen>
    <dimen name="x945">577.50dp</dimen>
    <dimen name="x946">578.11dp</dimen>
    <dimen name="x947">578.72dp</dimen>
    <dimen name="x948">579.33dp</dimen>
    <dimen name="x949">579.94dp</dimen>
    <dimen name="x950">580.56dp</dimen>
    <dimen name="x951">581.17dp</dimen>
    <dimen name="x952">581.78dp</dimen>
    <dimen name="x953">582.39dp</dimen>
    <dimen name="x954">583.00dp</dimen>
    <dimen name="x955">583.61dp</dimen>
    <dimen name="x956">584.22dp</dimen>
    <dimen name="x957">584.83dp</dimen>
    <dimen name="x958">585.44dp</dimen>
    <dimen name="x959">586.06dp</dimen>
    <dimen name="x960">586.67dp</dimen>
    <dimen name="x961">587.28dp</dimen>
    <dimen name="x962">587.89dp</dimen>
    <dimen name="x963">588.50dp</dimen>
    <dimen name="x964">589.11dp</dimen>
    <dimen name="x965">589.72dp</dimen>
    <dimen name="x966">590.33dp</dimen>
    <dimen name="x967">590.94dp</dimen>
    <dimen name="x968">591.56dp</dimen>
    <dimen name="x969">592.17dp</dimen>
    <dimen name="x970">592.78dp</dimen>
    <dimen name="x971">593.39dp</dimen>
    <dimen name="x972">594.00dp</dimen>
    <dimen name="x973">594.61dp</dimen>
    <dimen name="x974">595.22dp</dimen>
    <dimen name="x975">595.83dp</dimen>
    <dimen name="x976">596.44dp</dimen>
    <dimen name="x977">597.06dp</dimen>
    <dimen name="x978">597.67dp</dimen>
    <dimen name="x979">598.28dp</dimen>
    <dimen name="x980">598.89dp</dimen>
    <dimen name="x981">599.50dp</dimen>
    <dimen name="x982">600.11dp</dimen>
    <dimen name="x983">600.72dp</dimen>
    <dimen name="x984">601.33dp</dimen>
    <dimen name="x985">601.94dp</dimen>
    <dimen name="x986">602.56dp</dimen>
    <dimen name="x987">603.17dp</dimen>
    <dimen name="x988">603.78dp</dimen>
    <dimen name="x989">604.39dp</dimen>
    <dimen name="x990">605.00dp</dimen>
    <dimen name="x991">605.61dp</dimen>
    <dimen name="x992">606.22dp</dimen>
    <dimen name="x993">606.83dp</dimen>
    <dimen name="x994">607.44dp</dimen>
    <dimen name="x995">608.06dp</dimen>
    <dimen name="x996">608.67dp</dimen>
    <dimen name="x997">609.28dp</dimen>
    <dimen name="x998">609.89dp</dimen>
    <dimen name="x999">610.50dp</dimen>
    <dimen name="x1000">611.11dp</dimen>
    <dimen name="x1001">611.72dp</dimen>
    <dimen name="x1002">612.33dp</dimen>
    <dimen name="x1003">612.94dp</dimen>
    <dimen name="x1004">613.56dp</dimen>
    <dimen name="x1005">614.17dp</dimen>
    <dimen name="x1006">614.78dp</dimen>
    <dimen name="x1007">615.39dp</dimen>
    <dimen name="x1008">616.00dp</dimen>
    <dimen name="x1009">616.61dp</dimen>
    <dimen name="x1010">617.22dp</dimen>
    <dimen name="x1011">617.83dp</dimen>
    <dimen name="x1012">618.44dp</dimen>
    <dimen name="x1013">619.06dp</dimen>
    <dimen name="x1014">619.67dp</dimen>
    <dimen name="x1015">620.28dp</dimen>
    <dimen name="x1016">620.89dp</dimen>
    <dimen name="x1017">621.50dp</dimen>
    <dimen name="x1018">622.11dp</dimen>
    <dimen name="x1019">622.72dp</dimen>
    <dimen name="x1020">623.33dp</dimen>
    <dimen name="x1021">623.94dp</dimen>
    <dimen name="x1022">624.56dp</dimen>
    <dimen name="x1023">625.17dp</dimen>
    <dimen name="x1024">625.78dp</dimen>
    <dimen name="x1025">626.39dp</dimen>
    <dimen name="x1026">627.00dp</dimen>
    <dimen name="x1027">627.61dp</dimen>
    <dimen name="x1028">628.22dp</dimen>
    <dimen name="x1029">628.83dp</dimen>
    <dimen name="x1030">629.44dp</dimen>
    <dimen name="x1031">630.06dp</dimen>
    <dimen name="x1032">630.67dp</dimen>
    <dimen name="x1033">631.28dp</dimen>
    <dimen name="x1034">631.89dp</dimen>
    <dimen name="x1035">632.50dp</dimen>
    <dimen name="x1036">633.11dp</dimen>
    <dimen name="x1037">633.72dp</dimen>
    <dimen name="x1038">634.33dp</dimen>
    <dimen name="x1039">634.94dp</dimen>
    <dimen name="x1040">635.56dp</dimen>
    <dimen name="x1041">636.17dp</dimen>
    <dimen name="x1042">636.78dp</dimen>
    <dimen name="x1043">637.39dp</dimen>
    <dimen name="x1044">638.00dp</dimen>
    <dimen name="x1045">638.61dp</dimen>
    <dimen name="x1046">639.22dp</dimen>
    <dimen name="x1047">639.83dp</dimen>
    <dimen name="x1048">640.44dp</dimen>
    <dimen name="x1049">641.06dp</dimen>
    <dimen name="x1050">641.67dp</dimen>
    <dimen name="x1051">642.28dp</dimen>
    <dimen name="x1052">642.89dp</dimen>
    <dimen name="x1053">643.50dp</dimen>
    <dimen name="x1054">644.11dp</dimen>
    <dimen name="x1055">644.72dp</dimen>
    <dimen name="x1056">645.33dp</dimen>
    <dimen name="x1057">645.94dp</dimen>
    <dimen name="x1058">646.56dp</dimen>
    <dimen name="x1059">647.17dp</dimen>
    <dimen name="x1060">647.78dp</dimen>
    <dimen name="x1061">648.39dp</dimen>
    <dimen name="x1062">649.00dp</dimen>
    <dimen name="x1063">649.61dp</dimen>
    <dimen name="x1064">650.22dp</dimen>
    <dimen name="x1065">650.83dp</dimen>
    <dimen name="x1066">651.44dp</dimen>
    <dimen name="x1067">652.06dp</dimen>
    <dimen name="x1068">652.67dp</dimen>
    <dimen name="x1069">653.28dp</dimen>
    <dimen name="x1070">653.89dp</dimen>
    <dimen name="x1071">654.50dp</dimen>
    <dimen name="x1072">655.11dp</dimen>
    <dimen name="x1073">655.72dp</dimen>
    <dimen name="x1074">656.33dp</dimen>
    <dimen name="x1075">656.94dp</dimen>
    <dimen name="x1076">657.56dp</dimen>
    <dimen name="x1077">658.17dp</dimen>
    <dimen name="x1078">658.78dp</dimen>
    <dimen name="x1079">659.39dp</dimen>
    <dimen name="x1080">660.00dp</dimen>
</resources>