<?xml version="1.0" encoding="utf-8"?>
<resources>
    <string name="sw_dp">910dp</string>
    <dimen name="x1">0.84dp</dimen>
    <dimen name="x2">1.69dp</dimen>
    <dimen name="x3">2.53dp</dimen>
    <dimen name="x4">3.37dp</dimen>
    <dimen name="x5">4.21dp</dimen>
    <dimen name="x6">5.06dp</dimen>
    <dimen name="x7">5.90dp</dimen>
    <dimen name="x8">6.74dp</dimen>
    <dimen name="x9">7.58dp</dimen>
    <dimen name="x10">8.43dp</dimen>
    <dimen name="x11">9.27dp</dimen>
    <dimen name="x12">10.11dp</dimen>
    <dimen name="x13">10.95dp</dimen>
    <dimen name="x14">11.80dp</dimen>
    <dimen name="x15">12.64dp</dimen>
    <dimen name="x16">13.48dp</dimen>
    <dimen name="x17">14.32dp</dimen>
    <dimen name="x18">15.17dp</dimen>
    <dimen name="x19">16.01dp</dimen>
    <dimen name="x20">16.85dp</dimen>
    <dimen name="x21">17.69dp</dimen>
    <dimen name="x22">18.54dp</dimen>
    <dimen name="x23">19.38dp</dimen>
    <dimen name="x24">20.22dp</dimen>
    <dimen name="x25">21.06dp</dimen>
    <dimen name="x26">21.91dp</dimen>
    <dimen name="x27">22.75dp</dimen>
    <dimen name="x28">23.59dp</dimen>
    <dimen name="x29">24.44dp</dimen>
    <dimen name="x30">25.28dp</dimen>
    <dimen name="x31">26.12dp</dimen>
    <dimen name="x32">26.96dp</dimen>
    <dimen name="x33">27.81dp</dimen>
    <dimen name="x34">28.65dp</dimen>
    <dimen name="x35">29.49dp</dimen>
    <dimen name="x36">30.33dp</dimen>
    <dimen name="x37">31.18dp</dimen>
    <dimen name="x38">32.02dp</dimen>
    <dimen name="x39">32.86dp</dimen>
    <dimen name="x40">33.70dp</dimen>
    <dimen name="x41">34.55dp</dimen>
    <dimen name="x42">35.39dp</dimen>
    <dimen name="x43">36.23dp</dimen>
    <dimen name="x44">37.07dp</dimen>
    <dimen name="x45">37.92dp</dimen>
    <dimen name="x46">38.76dp</dimen>
    <dimen name="x47">39.60dp</dimen>
    <dimen name="x48">40.44dp</dimen>
    <dimen name="x49">41.29dp</dimen>
    <dimen name="x50">42.13dp</dimen>
    <dimen name="x51">42.97dp</dimen>
    <dimen name="x52">43.81dp</dimen>
    <dimen name="x53">44.66dp</dimen>
    <dimen name="x54">45.50dp</dimen>
    <dimen name="x55">46.34dp</dimen>
    <dimen name="x56">47.19dp</dimen>
    <dimen name="x57">48.03dp</dimen>
    <dimen name="x58">48.87dp</dimen>
    <dimen name="x59">49.71dp</dimen>
    <dimen name="x60">50.56dp</dimen>
    <dimen name="x61">51.40dp</dimen>
    <dimen name="x62">52.24dp</dimen>
    <dimen name="x63">53.08dp</dimen>
    <dimen name="x64">53.93dp</dimen>
    <dimen name="x65">54.77dp</dimen>
    <dimen name="x66">55.61dp</dimen>
    <dimen name="x67">56.45dp</dimen>
    <dimen name="x68">57.30dp</dimen>
    <dimen name="x69">58.14dp</dimen>
    <dimen name="x70">58.98dp</dimen>
    <dimen name="x71">59.82dp</dimen>
    <dimen name="x72">60.67dp</dimen>
    <dimen name="x73">61.51dp</dimen>
    <dimen name="x74">62.35dp</dimen>
    <dimen name="x75">63.19dp</dimen>
    <dimen name="x76">64.04dp</dimen>
    <dimen name="x77">64.88dp</dimen>
    <dimen name="x78">65.72dp</dimen>
    <dimen name="x79">66.56dp</dimen>
    <dimen name="x80">67.41dp</dimen>
    <dimen name="x81">68.25dp</dimen>
    <dimen name="x82">69.09dp</dimen>
    <dimen name="x83">69.94dp</dimen>
    <dimen name="x84">70.78dp</dimen>
    <dimen name="x85">71.62dp</dimen>
    <dimen name="x86">72.46dp</dimen>
    <dimen name="x87">73.31dp</dimen>
    <dimen name="x88">74.15dp</dimen>
    <dimen name="x89">74.99dp</dimen>
    <dimen name="x90">75.83dp</dimen>
    <dimen name="x91">76.68dp</dimen>
    <dimen name="x92">77.52dp</dimen>
    <dimen name="x93">78.36dp</dimen>
    <dimen name="x94">79.20dp</dimen>
    <dimen name="x95">80.05dp</dimen>
    <dimen name="x96">80.89dp</dimen>
    <dimen name="x97">81.73dp</dimen>
    <dimen name="x98">82.57dp</dimen>
    <dimen name="x99">83.42dp</dimen>
    <dimen name="x100">84.26dp</dimen>
    <dimen name="x101">85.10dp</dimen>
    <dimen name="x102">85.94dp</dimen>
    <dimen name="x103">86.79dp</dimen>
    <dimen name="x104">87.63dp</dimen>
    <dimen name="x105">88.47dp</dimen>
    <dimen name="x106">89.31dp</dimen>
    <dimen name="x107">90.16dp</dimen>
    <dimen name="x108">91.00dp</dimen>
    <dimen name="x109">91.84dp</dimen>
    <dimen name="x110">92.69dp</dimen>
    <dimen name="x111">93.53dp</dimen>
    <dimen name="x112">94.37dp</dimen>
    <dimen name="x113">95.21dp</dimen>
    <dimen name="x114">96.06dp</dimen>
    <dimen name="x115">96.90dp</dimen>
    <dimen name="x116">97.74dp</dimen>
    <dimen name="x117">98.58dp</dimen>
    <dimen name="x118">99.43dp</dimen>
    <dimen name="x119">100.27dp</dimen>
    <dimen name="x120">101.11dp</dimen>
    <dimen name="x121">101.95dp</dimen>
    <dimen name="x122">102.80dp</dimen>
    <dimen name="x123">103.64dp</dimen>
    <dimen name="x124">104.48dp</dimen>
    <dimen name="x125">105.32dp</dimen>
    <dimen name="x126">106.17dp</dimen>
    <dimen name="x127">107.01dp</dimen>
    <dimen name="x128">107.85dp</dimen>
    <dimen name="x129">108.69dp</dimen>
    <dimen name="x130">109.54dp</dimen>
    <dimen name="x131">110.38dp</dimen>
    <dimen name="x132">111.22dp</dimen>
    <dimen name="x133">112.06dp</dimen>
    <dimen name="x134">112.91dp</dimen>
    <dimen name="x135">113.75dp</dimen>
    <dimen name="x136">114.59dp</dimen>
    <dimen name="x137">115.44dp</dimen>
    <dimen name="x138">116.28dp</dimen>
    <dimen name="x139">117.12dp</dimen>
    <dimen name="x140">117.96dp</dimen>
    <dimen name="x141">118.81dp</dimen>
    <dimen name="x142">119.65dp</dimen>
    <dimen name="x143">120.49dp</dimen>
    <dimen name="x144">121.33dp</dimen>
    <dimen name="x145">122.18dp</dimen>
    <dimen name="x146">123.02dp</dimen>
    <dimen name="x147">123.86dp</dimen>
    <dimen name="x148">124.70dp</dimen>
    <dimen name="x149">125.55dp</dimen>
    <dimen name="x150">126.39dp</dimen>
    <dimen name="x151">127.23dp</dimen>
    <dimen name="x152">128.07dp</dimen>
    <dimen name="x153">128.92dp</dimen>
    <dimen name="x154">129.76dp</dimen>
    <dimen name="x155">130.60dp</dimen>
    <dimen name="x156">131.44dp</dimen>
    <dimen name="x157">132.29dp</dimen>
    <dimen name="x158">133.13dp</dimen>
    <dimen name="x159">133.97dp</dimen>
    <dimen name="x160">134.81dp</dimen>
    <dimen name="x161">135.66dp</dimen>
    <dimen name="x162">136.50dp</dimen>
    <dimen name="x163">137.34dp</dimen>
    <dimen name="x164">138.19dp</dimen>
    <dimen name="x165">139.03dp</dimen>
    <dimen name="x166">139.87dp</dimen>
    <dimen name="x167">140.71dp</dimen>
    <dimen name="x168">141.56dp</dimen>
    <dimen name="x169">142.40dp</dimen>
    <dimen name="x170">143.24dp</dimen>
    <dimen name="x171">144.08dp</dimen>
    <dimen name="x172">144.93dp</dimen>
    <dimen name="x173">145.77dp</dimen>
    <dimen name="x174">146.61dp</dimen>
    <dimen name="x175">147.45dp</dimen>
    <dimen name="x176">148.30dp</dimen>
    <dimen name="x177">149.14dp</dimen>
    <dimen name="x178">149.98dp</dimen>
    <dimen name="x179">150.82dp</dimen>
    <dimen name="x180">151.67dp</dimen>
    <dimen name="x181">152.51dp</dimen>
    <dimen name="x182">153.35dp</dimen>
    <dimen name="x183">154.19dp</dimen>
    <dimen name="x184">155.04dp</dimen>
    <dimen name="x185">155.88dp</dimen>
    <dimen name="x186">156.72dp</dimen>
    <dimen name="x187">157.56dp</dimen>
    <dimen name="x188">158.41dp</dimen>
    <dimen name="x189">159.25dp</dimen>
    <dimen name="x190">160.09dp</dimen>
    <dimen name="x191">160.94dp</dimen>
    <dimen name="x192">161.78dp</dimen>
    <dimen name="x193">162.62dp</dimen>
    <dimen name="x194">163.46dp</dimen>
    <dimen name="x195">164.31dp</dimen>
    <dimen name="x196">165.15dp</dimen>
    <dimen name="x197">165.99dp</dimen>
    <dimen name="x198">166.83dp</dimen>
    <dimen name="x199">167.68dp</dimen>
    <dimen name="x200">168.52dp</dimen>
    <dimen name="x201">169.36dp</dimen>
    <dimen name="x202">170.20dp</dimen>
    <dimen name="x203">171.05dp</dimen>
    <dimen name="x204">171.89dp</dimen>
    <dimen name="x205">172.73dp</dimen>
    <dimen name="x206">173.57dp</dimen>
    <dimen name="x207">174.42dp</dimen>
    <dimen name="x208">175.26dp</dimen>
    <dimen name="x209">176.10dp</dimen>
    <dimen name="x210">176.94dp</dimen>
    <dimen name="x211">177.79dp</dimen>
    <dimen name="x212">178.63dp</dimen>
    <dimen name="x213">179.47dp</dimen>
    <dimen name="x214">180.31dp</dimen>
    <dimen name="x215">181.16dp</dimen>
    <dimen name="x216">182.00dp</dimen>
    <dimen name="x217">182.84dp</dimen>
    <dimen name="x218">183.69dp</dimen>
    <dimen name="x219">184.53dp</dimen>
    <dimen name="x220">185.37dp</dimen>
    <dimen name="x221">186.21dp</dimen>
    <dimen name="x222">187.06dp</dimen>
    <dimen name="x223">187.90dp</dimen>
    <dimen name="x224">188.74dp</dimen>
    <dimen name="x225">189.58dp</dimen>
    <dimen name="x226">190.43dp</dimen>
    <dimen name="x227">191.27dp</dimen>
    <dimen name="x228">192.11dp</dimen>
    <dimen name="x229">192.95dp</dimen>
    <dimen name="x230">193.80dp</dimen>
    <dimen name="x231">194.64dp</dimen>
    <dimen name="x232">195.48dp</dimen>
    <dimen name="x233">196.32dp</dimen>
    <dimen name="x234">197.17dp</dimen>
    <dimen name="x235">198.01dp</dimen>
    <dimen name="x236">198.85dp</dimen>
    <dimen name="x237">199.69dp</dimen>
    <dimen name="x238">200.54dp</dimen>
    <dimen name="x239">201.38dp</dimen>
    <dimen name="x240">202.22dp</dimen>
    <dimen name="x241">203.06dp</dimen>
    <dimen name="x242">203.91dp</dimen>
    <dimen name="x243">204.75dp</dimen>
    <dimen name="x244">205.59dp</dimen>
    <dimen name="x245">206.44dp</dimen>
    <dimen name="x246">207.28dp</dimen>
    <dimen name="x247">208.12dp</dimen>
    <dimen name="x248">208.96dp</dimen>
    <dimen name="x249">209.81dp</dimen>
    <dimen name="x250">210.65dp</dimen>
    <dimen name="x251">211.49dp</dimen>
    <dimen name="x252">212.33dp</dimen>
    <dimen name="x253">213.18dp</dimen>
    <dimen name="x254">214.02dp</dimen>
    <dimen name="x255">214.86dp</dimen>
    <dimen name="x256">215.70dp</dimen>
    <dimen name="x257">216.55dp</dimen>
    <dimen name="x258">217.39dp</dimen>
    <dimen name="x259">218.23dp</dimen>
    <dimen name="x260">219.07dp</dimen>
    <dimen name="x261">219.92dp</dimen>
    <dimen name="x262">220.76dp</dimen>
    <dimen name="x263">221.60dp</dimen>
    <dimen name="x264">222.44dp</dimen>
    <dimen name="x265">223.29dp</dimen>
    <dimen name="x266">224.13dp</dimen>
    <dimen name="x267">224.97dp</dimen>
    <dimen name="x268">225.81dp</dimen>
    <dimen name="x269">226.66dp</dimen>
    <dimen name="x270">227.50dp</dimen>
    <dimen name="x271">228.34dp</dimen>
    <dimen name="x272">229.19dp</dimen>
    <dimen name="x273">230.03dp</dimen>
    <dimen name="x274">230.87dp</dimen>
    <dimen name="x275">231.71dp</dimen>
    <dimen name="x276">232.56dp</dimen>
    <dimen name="x277">233.40dp</dimen>
    <dimen name="x278">234.24dp</dimen>
    <dimen name="x279">235.08dp</dimen>
    <dimen name="x280">235.93dp</dimen>
    <dimen name="x281">236.77dp</dimen>
    <dimen name="x282">237.61dp</dimen>
    <dimen name="x283">238.45dp</dimen>
    <dimen name="x284">239.30dp</dimen>
    <dimen name="x285">240.14dp</dimen>
    <dimen name="x286">240.98dp</dimen>
    <dimen name="x287">241.82dp</dimen>
    <dimen name="x288">242.67dp</dimen>
    <dimen name="x289">243.51dp</dimen>
    <dimen name="x290">244.35dp</dimen>
    <dimen name="x291">245.19dp</dimen>
    <dimen name="x292">246.04dp</dimen>
    <dimen name="x293">246.88dp</dimen>
    <dimen name="x294">247.72dp</dimen>
    <dimen name="x295">248.56dp</dimen>
    <dimen name="x296">249.41dp</dimen>
    <dimen name="x297">250.25dp</dimen>
    <dimen name="x298">251.09dp</dimen>
    <dimen name="x299">251.94dp</dimen>
    <dimen name="x300">252.78dp</dimen>
    <dimen name="x301">253.62dp</dimen>
    <dimen name="x302">254.46dp</dimen>
    <dimen name="x303">255.31dp</dimen>
    <dimen name="x304">256.15dp</dimen>
    <dimen name="x305">256.99dp</dimen>
    <dimen name="x306">257.83dp</dimen>
    <dimen name="x307">258.68dp</dimen>
    <dimen name="x308">259.52dp</dimen>
    <dimen name="x309">260.36dp</dimen>
    <dimen name="x310">261.20dp</dimen>
    <dimen name="x311">262.05dp</dimen>
    <dimen name="x312">262.89dp</dimen>
    <dimen name="x313">263.73dp</dimen>
    <dimen name="x314">264.57dp</dimen>
    <dimen name="x315">265.42dp</dimen>
    <dimen name="x316">266.26dp</dimen>
    <dimen name="x317">267.10dp</dimen>
    <dimen name="x318">267.94dp</dimen>
    <dimen name="x319">268.79dp</dimen>
    <dimen name="x320">269.63dp</dimen>
    <dimen name="x321">270.47dp</dimen>
    <dimen name="x322">271.31dp</dimen>
    <dimen name="x323">272.16dp</dimen>
    <dimen name="x324">273.00dp</dimen>
    <dimen name="x325">273.84dp</dimen>
    <dimen name="x326">274.69dp</dimen>
    <dimen name="x327">275.53dp</dimen>
    <dimen name="x328">276.37dp</dimen>
    <dimen name="x329">277.21dp</dimen>
    <dimen name="x330">278.06dp</dimen>
    <dimen name="x331">278.90dp</dimen>
    <dimen name="x332">279.74dp</dimen>
    <dimen name="x333">280.58dp</dimen>
    <dimen name="x334">281.43dp</dimen>
    <dimen name="x335">282.27dp</dimen>
    <dimen name="x336">283.11dp</dimen>
    <dimen name="x337">283.95dp</dimen>
    <dimen name="x338">284.80dp</dimen>
    <dimen name="x339">285.64dp</dimen>
    <dimen name="x340">286.48dp</dimen>
    <dimen name="x341">287.32dp</dimen>
    <dimen name="x342">288.17dp</dimen>
    <dimen name="x343">289.01dp</dimen>
    <dimen name="x344">289.85dp</dimen>
    <dimen name="x345">290.69dp</dimen>
    <dimen name="x346">291.54dp</dimen>
    <dimen name="x347">292.38dp</dimen>
    <dimen name="x348">293.22dp</dimen>
    <dimen name="x349">294.06dp</dimen>
    <dimen name="x350">294.91dp</dimen>
    <dimen name="x351">295.75dp</dimen>
    <dimen name="x352">296.59dp</dimen>
    <dimen name="x353">297.44dp</dimen>
    <dimen name="x354">298.28dp</dimen>
    <dimen name="x355">299.12dp</dimen>
    <dimen name="x356">299.96dp</dimen>
    <dimen name="x357">300.81dp</dimen>
    <dimen name="x358">301.65dp</dimen>
    <dimen name="x359">302.49dp</dimen>
    <dimen name="x360">303.33dp</dimen>
    <dimen name="x361">304.18dp</dimen>
    <dimen name="x362">305.02dp</dimen>
    <dimen name="x363">305.86dp</dimen>
    <dimen name="x364">306.70dp</dimen>
    <dimen name="x365">307.55dp</dimen>
    <dimen name="x366">308.39dp</dimen>
    <dimen name="x367">309.23dp</dimen>
    <dimen name="x368">310.07dp</dimen>
    <dimen name="x369">310.92dp</dimen>
    <dimen name="x370">311.76dp</dimen>
    <dimen name="x371">312.60dp</dimen>
    <dimen name="x372">313.44dp</dimen>
    <dimen name="x373">314.29dp</dimen>
    <dimen name="x374">315.13dp</dimen>
    <dimen name="x375">315.97dp</dimen>
    <dimen name="x376">316.81dp</dimen>
    <dimen name="x377">317.66dp</dimen>
    <dimen name="x378">318.50dp</dimen>
    <dimen name="x379">319.34dp</dimen>
    <dimen name="x380">320.19dp</dimen>
    <dimen name="x381">321.03dp</dimen>
    <dimen name="x382">321.87dp</dimen>
    <dimen name="x383">322.71dp</dimen>
    <dimen name="x384">323.56dp</dimen>
    <dimen name="x385">324.40dp</dimen>
    <dimen name="x386">325.24dp</dimen>
    <dimen name="x387">326.08dp</dimen>
    <dimen name="x388">326.93dp</dimen>
    <dimen name="x389">327.77dp</dimen>
    <dimen name="x390">328.61dp</dimen>
    <dimen name="x391">329.45dp</dimen>
    <dimen name="x392">330.30dp</dimen>
    <dimen name="x393">331.14dp</dimen>
    <dimen name="x394">331.98dp</dimen>
    <dimen name="x395">332.82dp</dimen>
    <dimen name="x396">333.67dp</dimen>
    <dimen name="x397">334.51dp</dimen>
    <dimen name="x398">335.35dp</dimen>
    <dimen name="x399">336.19dp</dimen>
    <dimen name="x400">337.04dp</dimen>
    <dimen name="x401">337.88dp</dimen>
    <dimen name="x402">338.72dp</dimen>
    <dimen name="x403">339.56dp</dimen>
    <dimen name="x404">340.41dp</dimen>
    <dimen name="x405">341.25dp</dimen>
    <dimen name="x406">342.09dp</dimen>
    <dimen name="x407">342.94dp</dimen>
    <dimen name="x408">343.78dp</dimen>
    <dimen name="x409">344.62dp</dimen>
    <dimen name="x410">345.46dp</dimen>
    <dimen name="x411">346.31dp</dimen>
    <dimen name="x412">347.15dp</dimen>
    <dimen name="x413">347.99dp</dimen>
    <dimen name="x414">348.83dp</dimen>
    <dimen name="x415">349.68dp</dimen>
    <dimen name="x416">350.52dp</dimen>
    <dimen name="x417">351.36dp</dimen>
    <dimen name="x418">352.20dp</dimen>
    <dimen name="x419">353.05dp</dimen>
    <dimen name="x420">353.89dp</dimen>
    <dimen name="x421">354.73dp</dimen>
    <dimen name="x422">355.57dp</dimen>
    <dimen name="x423">356.42dp</dimen>
    <dimen name="x424">357.26dp</dimen>
    <dimen name="x425">358.10dp</dimen>
    <dimen name="x426">358.94dp</dimen>
    <dimen name="x427">359.79dp</dimen>
    <dimen name="x428">360.63dp</dimen>
    <dimen name="x429">361.47dp</dimen>
    <dimen name="x430">362.31dp</dimen>
    <dimen name="x431">363.16dp</dimen>
    <dimen name="x432">364.00dp</dimen>
    <dimen name="x433">364.84dp</dimen>
    <dimen name="x434">365.69dp</dimen>
    <dimen name="x435">366.53dp</dimen>
    <dimen name="x436">367.37dp</dimen>
    <dimen name="x437">368.21dp</dimen>
    <dimen name="x438">369.06dp</dimen>
    <dimen name="x439">369.90dp</dimen>
    <dimen name="x440">370.74dp</dimen>
    <dimen name="x441">371.58dp</dimen>
    <dimen name="x442">372.43dp</dimen>
    <dimen name="x443">373.27dp</dimen>
    <dimen name="x444">374.11dp</dimen>
    <dimen name="x445">374.95dp</dimen>
    <dimen name="x446">375.80dp</dimen>
    <dimen name="x447">376.64dp</dimen>
    <dimen name="x448">377.48dp</dimen>
    <dimen name="x449">378.32dp</dimen>
    <dimen name="x450">379.17dp</dimen>
    <dimen name="x451">380.01dp</dimen>
    <dimen name="x452">380.85dp</dimen>
    <dimen name="x453">381.69dp</dimen>
    <dimen name="x454">382.54dp</dimen>
    <dimen name="x455">383.38dp</dimen>
    <dimen name="x456">384.22dp</dimen>
    <dimen name="x457">385.06dp</dimen>
    <dimen name="x458">385.91dp</dimen>
    <dimen name="x459">386.75dp</dimen>
    <dimen name="x460">387.59dp</dimen>
    <dimen name="x461">388.44dp</dimen>
    <dimen name="x462">389.28dp</dimen>
    <dimen name="x463">390.12dp</dimen>
    <dimen name="x464">390.96dp</dimen>
    <dimen name="x465">391.81dp</dimen>
    <dimen name="x466">392.65dp</dimen>
    <dimen name="x467">393.49dp</dimen>
    <dimen name="x468">394.33dp</dimen>
    <dimen name="x469">395.18dp</dimen>
    <dimen name="x470">396.02dp</dimen>
    <dimen name="x471">396.86dp</dimen>
    <dimen name="x472">397.70dp</dimen>
    <dimen name="x473">398.55dp</dimen>
    <dimen name="x474">399.39dp</dimen>
    <dimen name="x475">400.23dp</dimen>
    <dimen name="x476">401.07dp</dimen>
    <dimen name="x477">401.92dp</dimen>
    <dimen name="x478">402.76dp</dimen>
    <dimen name="x479">403.60dp</dimen>
    <dimen name="x480">404.44dp</dimen>
    <dimen name="x481">405.29dp</dimen>
    <dimen name="x482">406.13dp</dimen>
    <dimen name="x483">406.97dp</dimen>
    <dimen name="x484">407.81dp</dimen>
    <dimen name="x485">408.66dp</dimen>
    <dimen name="x486">409.50dp</dimen>
    <dimen name="x487">410.34dp</dimen>
    <dimen name="x488">411.19dp</dimen>
    <dimen name="x489">412.03dp</dimen>
    <dimen name="x490">412.87dp</dimen>
    <dimen name="x491">413.71dp</dimen>
    <dimen name="x492">414.56dp</dimen>
    <dimen name="x493">415.40dp</dimen>
    <dimen name="x494">416.24dp</dimen>
    <dimen name="x495">417.08dp</dimen>
    <dimen name="x496">417.93dp</dimen>
    <dimen name="x497">418.77dp</dimen>
    <dimen name="x498">419.61dp</dimen>
    <dimen name="x499">420.45dp</dimen>
    <dimen name="x500">421.30dp</dimen>
    <dimen name="x501">422.14dp</dimen>
    <dimen name="x502">422.98dp</dimen>
    <dimen name="x503">423.82dp</dimen>
    <dimen name="x504">424.67dp</dimen>
    <dimen name="x505">425.51dp</dimen>
    <dimen name="x506">426.35dp</dimen>
    <dimen name="x507">427.19dp</dimen>
    <dimen name="x508">428.04dp</dimen>
    <dimen name="x509">428.88dp</dimen>
    <dimen name="x510">429.72dp</dimen>
    <dimen name="x511">430.56dp</dimen>
    <dimen name="x512">431.41dp</dimen>
    <dimen name="x513">432.25dp</dimen>
    <dimen name="x514">433.09dp</dimen>
    <dimen name="x515">433.94dp</dimen>
    <dimen name="x516">434.78dp</dimen>
    <dimen name="x517">435.62dp</dimen>
    <dimen name="x518">436.46dp</dimen>
    <dimen name="x519">437.31dp</dimen>
    <dimen name="x520">438.15dp</dimen>
    <dimen name="x521">438.99dp</dimen>
    <dimen name="x522">439.83dp</dimen>
    <dimen name="x523">440.68dp</dimen>
    <dimen name="x524">441.52dp</dimen>
    <dimen name="x525">442.36dp</dimen>
    <dimen name="x526">443.20dp</dimen>
    <dimen name="x527">444.05dp</dimen>
    <dimen name="x528">444.89dp</dimen>
    <dimen name="x529">445.73dp</dimen>
    <dimen name="x530">446.57dp</dimen>
    <dimen name="x531">447.42dp</dimen>
    <dimen name="x532">448.26dp</dimen>
    <dimen name="x533">449.10dp</dimen>
    <dimen name="x534">449.94dp</dimen>
    <dimen name="x535">450.79dp</dimen>
    <dimen name="x536">451.63dp</dimen>
    <dimen name="x537">452.47dp</dimen>
    <dimen name="x538">453.31dp</dimen>
    <dimen name="x539">454.16dp</dimen>
    <dimen name="x540">455.00dp</dimen>
    <dimen name="x541">455.84dp</dimen>
    <dimen name="x542">456.69dp</dimen>
    <dimen name="x543">457.53dp</dimen>
    <dimen name="x544">458.37dp</dimen>
    <dimen name="x545">459.21dp</dimen>
    <dimen name="x546">460.06dp</dimen>
    <dimen name="x547">460.90dp</dimen>
    <dimen name="x548">461.74dp</dimen>
    <dimen name="x549">462.58dp</dimen>
    <dimen name="x550">463.43dp</dimen>
    <dimen name="x551">464.27dp</dimen>
    <dimen name="x552">465.11dp</dimen>
    <dimen name="x553">465.95dp</dimen>
    <dimen name="x554">466.80dp</dimen>
    <dimen name="x555">467.64dp</dimen>
    <dimen name="x556">468.48dp</dimen>
    <dimen name="x557">469.32dp</dimen>
    <dimen name="x558">470.17dp</dimen>
    <dimen name="x559">471.01dp</dimen>
    <dimen name="x560">471.85dp</dimen>
    <dimen name="x561">472.69dp</dimen>
    <dimen name="x562">473.54dp</dimen>
    <dimen name="x563">474.38dp</dimen>
    <dimen name="x564">475.22dp</dimen>
    <dimen name="x565">476.06dp</dimen>
    <dimen name="x566">476.91dp</dimen>
    <dimen name="x567">477.75dp</dimen>
    <dimen name="x568">478.59dp</dimen>
    <dimen name="x569">479.44dp</dimen>
    <dimen name="x570">480.28dp</dimen>
    <dimen name="x571">481.12dp</dimen>
    <dimen name="x572">481.96dp</dimen>
    <dimen name="x573">482.81dp</dimen>
    <dimen name="x574">483.65dp</dimen>
    <dimen name="x575">484.49dp</dimen>
    <dimen name="x576">485.33dp</dimen>
    <dimen name="x577">486.18dp</dimen>
    <dimen name="x578">487.02dp</dimen>
    <dimen name="x579">487.86dp</dimen>
    <dimen name="x580">488.70dp</dimen>
    <dimen name="x581">489.55dp</dimen>
    <dimen name="x582">490.39dp</dimen>
    <dimen name="x583">491.23dp</dimen>
    <dimen name="x584">492.07dp</dimen>
    <dimen name="x585">492.92dp</dimen>
    <dimen name="x586">493.76dp</dimen>
    <dimen name="x587">494.60dp</dimen>
    <dimen name="x588">495.44dp</dimen>
    <dimen name="x589">496.29dp</dimen>
    <dimen name="x590">497.13dp</dimen>
    <dimen name="x591">497.97dp</dimen>
    <dimen name="x592">498.81dp</dimen>
    <dimen name="x593">499.66dp</dimen>
    <dimen name="x594">500.50dp</dimen>
    <dimen name="x595">501.34dp</dimen>
    <dimen name="x596">502.19dp</dimen>
    <dimen name="x597">503.03dp</dimen>
    <dimen name="x598">503.87dp</dimen>
    <dimen name="x599">504.71dp</dimen>
    <dimen name="x600">505.56dp</dimen>
    <dimen name="x601">506.40dp</dimen>
    <dimen name="x602">507.24dp</dimen>
    <dimen name="x603">508.08dp</dimen>
    <dimen name="x604">508.93dp</dimen>
    <dimen name="x605">509.77dp</dimen>
    <dimen name="x606">510.61dp</dimen>
    <dimen name="x607">511.45dp</dimen>
    <dimen name="x608">512.30dp</dimen>
    <dimen name="x609">513.14dp</dimen>
    <dimen name="x610">513.98dp</dimen>
    <dimen name="x611">514.82dp</dimen>
    <dimen name="x612">515.67dp</dimen>
    <dimen name="x613">516.51dp</dimen>
    <dimen name="x614">517.35dp</dimen>
    <dimen name="x615">518.19dp</dimen>
    <dimen name="x616">519.04dp</dimen>
    <dimen name="x617">519.88dp</dimen>
    <dimen name="x618">520.72dp</dimen>
    <dimen name="x619">521.56dp</dimen>
    <dimen name="x620">522.41dp</dimen>
    <dimen name="x621">523.25dp</dimen>
    <dimen name="x622">524.09dp</dimen>
    <dimen name="x623">524.94dp</dimen>
    <dimen name="x624">525.78dp</dimen>
    <dimen name="x625">526.62dp</dimen>
    <dimen name="x626">527.46dp</dimen>
    <dimen name="x627">528.31dp</dimen>
    <dimen name="x628">529.15dp</dimen>
    <dimen name="x629">529.99dp</dimen>
    <dimen name="x630">530.83dp</dimen>
    <dimen name="x631">531.68dp</dimen>
    <dimen name="x632">532.52dp</dimen>
    <dimen name="x633">533.36dp</dimen>
    <dimen name="x634">534.20dp</dimen>
    <dimen name="x635">535.05dp</dimen>
    <dimen name="x636">535.89dp</dimen>
    <dimen name="x637">536.73dp</dimen>
    <dimen name="x638">537.57dp</dimen>
    <dimen name="x639">538.42dp</dimen>
    <dimen name="x640">539.26dp</dimen>
    <dimen name="x641">540.10dp</dimen>
    <dimen name="x642">540.94dp</dimen>
    <dimen name="x643">541.79dp</dimen>
    <dimen name="x644">542.63dp</dimen>
    <dimen name="x645">543.47dp</dimen>
    <dimen name="x646">544.31dp</dimen>
    <dimen name="x647">545.16dp</dimen>
    <dimen name="x648">546.00dp</dimen>
    <dimen name="x649">546.84dp</dimen>
    <dimen name="x650">547.69dp</dimen>
    <dimen name="x651">548.53dp</dimen>
    <dimen name="x652">549.37dp</dimen>
    <dimen name="x653">550.21dp</dimen>
    <dimen name="x654">551.06dp</dimen>
    <dimen name="x655">551.90dp</dimen>
    <dimen name="x656">552.74dp</dimen>
    <dimen name="x657">553.58dp</dimen>
    <dimen name="x658">554.43dp</dimen>
    <dimen name="x659">555.27dp</dimen>
    <dimen name="x660">556.11dp</dimen>
    <dimen name="x661">556.95dp</dimen>
    <dimen name="x662">557.80dp</dimen>
    <dimen name="x663">558.64dp</dimen>
    <dimen name="x664">559.48dp</dimen>
    <dimen name="x665">560.32dp</dimen>
    <dimen name="x666">561.17dp</dimen>
    <dimen name="x667">562.01dp</dimen>
    <dimen name="x668">562.85dp</dimen>
    <dimen name="x669">563.69dp</dimen>
    <dimen name="x670">564.54dp</dimen>
    <dimen name="x671">565.38dp</dimen>
    <dimen name="x672">566.22dp</dimen>
    <dimen name="x673">567.06dp</dimen>
    <dimen name="x674">567.91dp</dimen>
    <dimen name="x675">568.75dp</dimen>
    <dimen name="x676">569.59dp</dimen>
    <dimen name="x677">570.44dp</dimen>
    <dimen name="x678">571.28dp</dimen>
    <dimen name="x679">572.12dp</dimen>
    <dimen name="x680">572.96dp</dimen>
    <dimen name="x681">573.81dp</dimen>
    <dimen name="x682">574.65dp</dimen>
    <dimen name="x683">575.49dp</dimen>
    <dimen name="x684">576.33dp</dimen>
    <dimen name="x685">577.18dp</dimen>
    <dimen name="x686">578.02dp</dimen>
    <dimen name="x687">578.86dp</dimen>
    <dimen name="x688">579.70dp</dimen>
    <dimen name="x689">580.55dp</dimen>
    <dimen name="x690">581.39dp</dimen>
    <dimen name="x691">582.23dp</dimen>
    <dimen name="x692">583.07dp</dimen>
    <dimen name="x693">583.92dp</dimen>
    <dimen name="x694">584.76dp</dimen>
    <dimen name="x695">585.60dp</dimen>
    <dimen name="x696">586.44dp</dimen>
    <dimen name="x697">587.29dp</dimen>
    <dimen name="x698">588.13dp</dimen>
    <dimen name="x699">588.97dp</dimen>
    <dimen name="x700">589.81dp</dimen>
    <dimen name="x701">590.66dp</dimen>
    <dimen name="x702">591.50dp</dimen>
    <dimen name="x703">592.34dp</dimen>
    <dimen name="x704">593.19dp</dimen>
    <dimen name="x705">594.03dp</dimen>
    <dimen name="x706">594.87dp</dimen>
    <dimen name="x707">595.71dp</dimen>
    <dimen name="x708">596.56dp</dimen>
    <dimen name="x709">597.40dp</dimen>
    <dimen name="x710">598.24dp</dimen>
    <dimen name="x711">599.08dp</dimen>
    <dimen name="x712">599.93dp</dimen>
    <dimen name="x713">600.77dp</dimen>
    <dimen name="x714">601.61dp</dimen>
    <dimen name="x715">602.45dp</dimen>
    <dimen name="x716">603.30dp</dimen>
    <dimen name="x717">604.14dp</dimen>
    <dimen name="x718">604.98dp</dimen>
    <dimen name="x719">605.82dp</dimen>
    <dimen name="x720">606.67dp</dimen>
    <dimen name="x721">607.51dp</dimen>
    <dimen name="x722">608.35dp</dimen>
    <dimen name="x723">609.19dp</dimen>
    <dimen name="x724">610.04dp</dimen>
    <dimen name="x725">610.88dp</dimen>
    <dimen name="x726">611.72dp</dimen>
    <dimen name="x727">612.56dp</dimen>
    <dimen name="x728">613.41dp</dimen>
    <dimen name="x729">614.25dp</dimen>
    <dimen name="x730">615.09dp</dimen>
    <dimen name="x731">615.94dp</dimen>
    <dimen name="x732">616.78dp</dimen>
    <dimen name="x733">617.62dp</dimen>
    <dimen name="x734">618.46dp</dimen>
    <dimen name="x735">619.31dp</dimen>
    <dimen name="x736">620.15dp</dimen>
    <dimen name="x737">620.99dp</dimen>
    <dimen name="x738">621.83dp</dimen>
    <dimen name="x739">622.68dp</dimen>
    <dimen name="x740">623.52dp</dimen>
    <dimen name="x741">624.36dp</dimen>
    <dimen name="x742">625.20dp</dimen>
    <dimen name="x743">626.05dp</dimen>
    <dimen name="x744">626.89dp</dimen>
    <dimen name="x745">627.73dp</dimen>
    <dimen name="x746">628.57dp</dimen>
    <dimen name="x747">629.42dp</dimen>
    <dimen name="x748">630.26dp</dimen>
    <dimen name="x749">631.10dp</dimen>
    <dimen name="x750">631.94dp</dimen>
    <dimen name="x751">632.79dp</dimen>
    <dimen name="x752">633.63dp</dimen>
    <dimen name="x753">634.47dp</dimen>
    <dimen name="x754">635.31dp</dimen>
    <dimen name="x755">636.16dp</dimen>
    <dimen name="x756">637.00dp</dimen>
    <dimen name="x757">637.84dp</dimen>
    <dimen name="x758">638.69dp</dimen>
    <dimen name="x759">639.53dp</dimen>
    <dimen name="x760">640.37dp</dimen>
    <dimen name="x761">641.21dp</dimen>
    <dimen name="x762">642.06dp</dimen>
    <dimen name="x763">642.90dp</dimen>
    <dimen name="x764">643.74dp</dimen>
    <dimen name="x765">644.58dp</dimen>
    <dimen name="x766">645.43dp</dimen>
    <dimen name="x767">646.27dp</dimen>
    <dimen name="x768">647.11dp</dimen>
    <dimen name="x769">647.95dp</dimen>
    <dimen name="x770">648.80dp</dimen>
    <dimen name="x771">649.64dp</dimen>
    <dimen name="x772">650.48dp</dimen>
    <dimen name="x773">651.32dp</dimen>
    <dimen name="x774">652.17dp</dimen>
    <dimen name="x775">653.01dp</dimen>
    <dimen name="x776">653.85dp</dimen>
    <dimen name="x777">654.69dp</dimen>
    <dimen name="x778">655.54dp</dimen>
    <dimen name="x779">656.38dp</dimen>
    <dimen name="x780">657.22dp</dimen>
    <dimen name="x781">658.06dp</dimen>
    <dimen name="x782">658.91dp</dimen>
    <dimen name="x783">659.75dp</dimen>
    <dimen name="x784">660.59dp</dimen>
    <dimen name="x785">661.44dp</dimen>
    <dimen name="x786">662.28dp</dimen>
    <dimen name="x787">663.12dp</dimen>
    <dimen name="x788">663.96dp</dimen>
    <dimen name="x789">664.81dp</dimen>
    <dimen name="x790">665.65dp</dimen>
    <dimen name="x791">666.49dp</dimen>
    <dimen name="x792">667.33dp</dimen>
    <dimen name="x793">668.18dp</dimen>
    <dimen name="x794">669.02dp</dimen>
    <dimen name="x795">669.86dp</dimen>
    <dimen name="x796">670.70dp</dimen>
    <dimen name="x797">671.55dp</dimen>
    <dimen name="x798">672.39dp</dimen>
    <dimen name="x799">673.23dp</dimen>
    <dimen name="x800">674.07dp</dimen>
    <dimen name="x801">674.92dp</dimen>
    <dimen name="x802">675.76dp</dimen>
    <dimen name="x803">676.60dp</dimen>
    <dimen name="x804">677.44dp</dimen>
    <dimen name="x805">678.29dp</dimen>
    <dimen name="x806">679.13dp</dimen>
    <dimen name="x807">679.97dp</dimen>
    <dimen name="x808">680.81dp</dimen>
    <dimen name="x809">681.66dp</dimen>
    <dimen name="x810">682.50dp</dimen>
    <dimen name="x811">683.34dp</dimen>
    <dimen name="x812">684.19dp</dimen>
    <dimen name="x813">685.03dp</dimen>
    <dimen name="x814">685.87dp</dimen>
    <dimen name="x815">686.71dp</dimen>
    <dimen name="x816">687.56dp</dimen>
    <dimen name="x817">688.40dp</dimen>
    <dimen name="x818">689.24dp</dimen>
    <dimen name="x819">690.08dp</dimen>
    <dimen name="x820">690.93dp</dimen>
    <dimen name="x821">691.77dp</dimen>
    <dimen name="x822">692.61dp</dimen>
    <dimen name="x823">693.45dp</dimen>
    <dimen name="x824">694.30dp</dimen>
    <dimen name="x825">695.14dp</dimen>
    <dimen name="x826">695.98dp</dimen>
    <dimen name="x827">696.82dp</dimen>
    <dimen name="x828">697.67dp</dimen>
    <dimen name="x829">698.51dp</dimen>
    <dimen name="x830">699.35dp</dimen>
    <dimen name="x831">700.19dp</dimen>
    <dimen name="x832">701.04dp</dimen>
    <dimen name="x833">701.88dp</dimen>
    <dimen name="x834">702.72dp</dimen>
    <dimen name="x835">703.56dp</dimen>
    <dimen name="x836">704.41dp</dimen>
    <dimen name="x837">705.25dp</dimen>
    <dimen name="x838">706.09dp</dimen>
    <dimen name="x839">706.94dp</dimen>
    <dimen name="x840">707.78dp</dimen>
    <dimen name="x841">708.62dp</dimen>
    <dimen name="x842">709.46dp</dimen>
    <dimen name="x843">710.31dp</dimen>
    <dimen name="x844">711.15dp</dimen>
    <dimen name="x845">711.99dp</dimen>
    <dimen name="x846">712.83dp</dimen>
    <dimen name="x847">713.68dp</dimen>
    <dimen name="x848">714.52dp</dimen>
    <dimen name="x849">715.36dp</dimen>
    <dimen name="x850">716.20dp</dimen>
    <dimen name="x851">717.05dp</dimen>
    <dimen name="x852">717.89dp</dimen>
    <dimen name="x853">718.73dp</dimen>
    <dimen name="x854">719.57dp</dimen>
    <dimen name="x855">720.42dp</dimen>
    <dimen name="x856">721.26dp</dimen>
    <dimen name="x857">722.10dp</dimen>
    <dimen name="x858">722.94dp</dimen>
    <dimen name="x859">723.79dp</dimen>
    <dimen name="x860">724.63dp</dimen>
    <dimen name="x861">725.47dp</dimen>
    <dimen name="x862">726.31dp</dimen>
    <dimen name="x863">727.16dp</dimen>
    <dimen name="x864">728.00dp</dimen>
    <dimen name="x865">728.84dp</dimen>
    <dimen name="x866">729.69dp</dimen>
    <dimen name="x867">730.53dp</dimen>
    <dimen name="x868">731.37dp</dimen>
    <dimen name="x869">732.21dp</dimen>
    <dimen name="x870">733.06dp</dimen>
    <dimen name="x871">733.90dp</dimen>
    <dimen name="x872">734.74dp</dimen>
    <dimen name="x873">735.58dp</dimen>
    <dimen name="x874">736.43dp</dimen>
    <dimen name="x875">737.27dp</dimen>
    <dimen name="x876">738.11dp</dimen>
    <dimen name="x877">738.95dp</dimen>
    <dimen name="x878">739.80dp</dimen>
    <dimen name="x879">740.64dp</dimen>
    <dimen name="x880">741.48dp</dimen>
    <dimen name="x881">742.32dp</dimen>
    <dimen name="x882">743.17dp</dimen>
    <dimen name="x883">744.01dp</dimen>
    <dimen name="x884">744.85dp</dimen>
    <dimen name="x885">745.69dp</dimen>
    <dimen name="x886">746.54dp</dimen>
    <dimen name="x887">747.38dp</dimen>
    <dimen name="x888">748.22dp</dimen>
    <dimen name="x889">749.06dp</dimen>
    <dimen name="x890">749.91dp</dimen>
    <dimen name="x891">750.75dp</dimen>
    <dimen name="x892">751.59dp</dimen>
    <dimen name="x893">752.44dp</dimen>
    <dimen name="x894">753.28dp</dimen>
    <dimen name="x895">754.12dp</dimen>
    <dimen name="x896">754.96dp</dimen>
    <dimen name="x897">755.81dp</dimen>
    <dimen name="x898">756.65dp</dimen>
    <dimen name="x899">757.49dp</dimen>
    <dimen name="x900">758.33dp</dimen>
    <dimen name="x901">759.18dp</dimen>
    <dimen name="x902">760.02dp</dimen>
    <dimen name="x903">760.86dp</dimen>
    <dimen name="x904">761.70dp</dimen>
    <dimen name="x905">762.55dp</dimen>
    <dimen name="x906">763.39dp</dimen>
    <dimen name="x907">764.23dp</dimen>
    <dimen name="x908">765.07dp</dimen>
    <dimen name="x909">765.92dp</dimen>
    <dimen name="x910">766.76dp</dimen>
    <dimen name="x911">767.60dp</dimen>
    <dimen name="x912">768.44dp</dimen>
    <dimen name="x913">769.29dp</dimen>
    <dimen name="x914">770.13dp</dimen>
    <dimen name="x915">770.97dp</dimen>
    <dimen name="x916">771.81dp</dimen>
    <dimen name="x917">772.66dp</dimen>
    <dimen name="x918">773.50dp</dimen>
    <dimen name="x919">774.34dp</dimen>
    <dimen name="x920">775.19dp</dimen>
    <dimen name="x921">776.03dp</dimen>
    <dimen name="x922">776.87dp</dimen>
    <dimen name="x923">777.71dp</dimen>
    <dimen name="x924">778.56dp</dimen>
    <dimen name="x925">779.40dp</dimen>
    <dimen name="x926">780.24dp</dimen>
    <dimen name="x927">781.08dp</dimen>
    <dimen name="x928">781.93dp</dimen>
    <dimen name="x929">782.77dp</dimen>
    <dimen name="x930">783.61dp</dimen>
    <dimen name="x931">784.45dp</dimen>
    <dimen name="x932">785.30dp</dimen>
    <dimen name="x933">786.14dp</dimen>
    <dimen name="x934">786.98dp</dimen>
    <dimen name="x935">787.82dp</dimen>
    <dimen name="x936">788.67dp</dimen>
    <dimen name="x937">789.51dp</dimen>
    <dimen name="x938">790.35dp</dimen>
    <dimen name="x939">791.19dp</dimen>
    <dimen name="x940">792.04dp</dimen>
    <dimen name="x941">792.88dp</dimen>
    <dimen name="x942">793.72dp</dimen>
    <dimen name="x943">794.56dp</dimen>
    <dimen name="x944">795.41dp</dimen>
    <dimen name="x945">796.25dp</dimen>
    <dimen name="x946">797.09dp</dimen>
    <dimen name="x947">797.94dp</dimen>
    <dimen name="x948">798.78dp</dimen>
    <dimen name="x949">799.62dp</dimen>
    <dimen name="x950">800.46dp</dimen>
    <dimen name="x951">801.31dp</dimen>
    <dimen name="x952">802.15dp</dimen>
    <dimen name="x953">802.99dp</dimen>
    <dimen name="x954">803.83dp</dimen>
    <dimen name="x955">804.68dp</dimen>
    <dimen name="x956">805.52dp</dimen>
    <dimen name="x957">806.36dp</dimen>
    <dimen name="x958">807.20dp</dimen>
    <dimen name="x959">808.05dp</dimen>
    <dimen name="x960">808.89dp</dimen>
    <dimen name="x961">809.73dp</dimen>
    <dimen name="x962">810.57dp</dimen>
    <dimen name="x963">811.42dp</dimen>
    <dimen name="x964">812.26dp</dimen>
    <dimen name="x965">813.10dp</dimen>
    <dimen name="x966">813.94dp</dimen>
    <dimen name="x967">814.79dp</dimen>
    <dimen name="x968">815.63dp</dimen>
    <dimen name="x969">816.47dp</dimen>
    <dimen name="x970">817.31dp</dimen>
    <dimen name="x971">818.16dp</dimen>
    <dimen name="x972">819.00dp</dimen>
    <dimen name="x973">819.84dp</dimen>
    <dimen name="x974">820.69dp</dimen>
    <dimen name="x975">821.53dp</dimen>
    <dimen name="x976">822.37dp</dimen>
    <dimen name="x977">823.21dp</dimen>
    <dimen name="x978">824.06dp</dimen>
    <dimen name="x979">824.90dp</dimen>
    <dimen name="x980">825.74dp</dimen>
    <dimen name="x981">826.58dp</dimen>
    <dimen name="x982">827.43dp</dimen>
    <dimen name="x983">828.27dp</dimen>
    <dimen name="x984">829.11dp</dimen>
    <dimen name="x985">829.95dp</dimen>
    <dimen name="x986">830.80dp</dimen>
    <dimen name="x987">831.64dp</dimen>
    <dimen name="x988">832.48dp</dimen>
    <dimen name="x989">833.32dp</dimen>
    <dimen name="x990">834.17dp</dimen>
    <dimen name="x991">835.01dp</dimen>
    <dimen name="x992">835.85dp</dimen>
    <dimen name="x993">836.69dp</dimen>
    <dimen name="x994">837.54dp</dimen>
    <dimen name="x995">838.38dp</dimen>
    <dimen name="x996">839.22dp</dimen>
    <dimen name="x997">840.06dp</dimen>
    <dimen name="x998">840.91dp</dimen>
    <dimen name="x999">841.75dp</dimen>
    <dimen name="x1000">842.59dp</dimen>
    <dimen name="x1001">843.44dp</dimen>
    <dimen name="x1002">844.28dp</dimen>
    <dimen name="x1003">845.12dp</dimen>
    <dimen name="x1004">845.96dp</dimen>
    <dimen name="x1005">846.81dp</dimen>
    <dimen name="x1006">847.65dp</dimen>
    <dimen name="x1007">848.49dp</dimen>
    <dimen name="x1008">849.33dp</dimen>
    <dimen name="x1009">850.18dp</dimen>
    <dimen name="x1010">851.02dp</dimen>
    <dimen name="x1011">851.86dp</dimen>
    <dimen name="x1012">852.70dp</dimen>
    <dimen name="x1013">853.55dp</dimen>
    <dimen name="x1014">854.39dp</dimen>
    <dimen name="x1015">855.23dp</dimen>
    <dimen name="x1016">856.07dp</dimen>
    <dimen name="x1017">856.92dp</dimen>
    <dimen name="x1018">857.76dp</dimen>
    <dimen name="x1019">858.60dp</dimen>
    <dimen name="x1020">859.44dp</dimen>
    <dimen name="x1021">860.29dp</dimen>
    <dimen name="x1022">861.13dp</dimen>
    <dimen name="x1023">861.97dp</dimen>
    <dimen name="x1024">862.81dp</dimen>
    <dimen name="x1025">863.66dp</dimen>
    <dimen name="x1026">864.50dp</dimen>
    <dimen name="x1027">865.34dp</dimen>
    <dimen name="x1028">866.19dp</dimen>
    <dimen name="x1029">867.03dp</dimen>
    <dimen name="x1030">867.87dp</dimen>
    <dimen name="x1031">868.71dp</dimen>
    <dimen name="x1032">869.56dp</dimen>
    <dimen name="x1033">870.40dp</dimen>
    <dimen name="x1034">871.24dp</dimen>
    <dimen name="x1035">872.08dp</dimen>
    <dimen name="x1036">872.93dp</dimen>
    <dimen name="x1037">873.77dp</dimen>
    <dimen name="x1038">874.61dp</dimen>
    <dimen name="x1039">875.45dp</dimen>
    <dimen name="x1040">876.30dp</dimen>
    <dimen name="x1041">877.14dp</dimen>
    <dimen name="x1042">877.98dp</dimen>
    <dimen name="x1043">878.82dp</dimen>
    <dimen name="x1044">879.67dp</dimen>
    <dimen name="x1045">880.51dp</dimen>
    <dimen name="x1046">881.35dp</dimen>
    <dimen name="x1047">882.19dp</dimen>
    <dimen name="x1048">883.04dp</dimen>
    <dimen name="x1049">883.88dp</dimen>
    <dimen name="x1050">884.72dp</dimen>
    <dimen name="x1051">885.56dp</dimen>
    <dimen name="x1052">886.41dp</dimen>
    <dimen name="x1053">887.25dp</dimen>
    <dimen name="x1054">888.09dp</dimen>
    <dimen name="x1055">888.94dp</dimen>
    <dimen name="x1056">889.78dp</dimen>
    <dimen name="x1057">890.62dp</dimen>
    <dimen name="x1058">891.46dp</dimen>
    <dimen name="x1059">892.31dp</dimen>
    <dimen name="x1060">893.15dp</dimen>
    <dimen name="x1061">893.99dp</dimen>
    <dimen name="x1062">894.83dp</dimen>
    <dimen name="x1063">895.68dp</dimen>
    <dimen name="x1064">896.52dp</dimen>
    <dimen name="x1065">897.36dp</dimen>
    <dimen name="x1066">898.20dp</dimen>
    <dimen name="x1067">899.05dp</dimen>
    <dimen name="x1068">899.89dp</dimen>
    <dimen name="x1069">900.73dp</dimen>
    <dimen name="x1070">901.57dp</dimen>
    <dimen name="x1071">902.42dp</dimen>
    <dimen name="x1072">903.26dp</dimen>
    <dimen name="x1073">904.10dp</dimen>
    <dimen name="x1074">904.94dp</dimen>
    <dimen name="x1075">905.79dp</dimen>
    <dimen name="x1076">906.63dp</dimen>
    <dimen name="x1077">907.47dp</dimen>
    <dimen name="x1078">908.31dp</dimen>
    <dimen name="x1079">909.16dp</dimen>
    <dimen name="x1080">910.00dp</dimen>
</resources>