<?xml version="1.0" encoding="utf-8"?>
<resources>
    <string name="sw_dp">470dp</string>
    <dimen name="x1">0.44dp</dimen>
    <dimen name="x2">0.87dp</dimen>
    <dimen name="x3">1.31dp</dimen>
    <dimen name="x4">1.74dp</dimen>
    <dimen name="x5">2.18dp</dimen>
    <dimen name="x6">2.61dp</dimen>
    <dimen name="x7">3.05dp</dimen>
    <dimen name="x8">3.48dp</dimen>
    <dimen name="x9">3.92dp</dimen>
    <dimen name="x10">4.35dp</dimen>
    <dimen name="x11">4.79dp</dimen>
    <dimen name="x12">5.22dp</dimen>
    <dimen name="x13">5.66dp</dimen>
    <dimen name="x14">6.09dp</dimen>
    <dimen name="x15">6.53dp</dimen>
    <dimen name="x16">6.96dp</dimen>
    <dimen name="x17">7.40dp</dimen>
    <dimen name="x18">7.83dp</dimen>
    <dimen name="x19">8.27dp</dimen>
    <dimen name="x20">8.70dp</dimen>
    <dimen name="x21">9.14dp</dimen>
    <dimen name="x22">9.57dp</dimen>
    <dimen name="x23">10.01dp</dimen>
    <dimen name="x24">10.44dp</dimen>
    <dimen name="x25">10.88dp</dimen>
    <dimen name="x26">11.31dp</dimen>
    <dimen name="x27">11.75dp</dimen>
    <dimen name="x28">12.19dp</dimen>
    <dimen name="x29">12.62dp</dimen>
    <dimen name="x30">13.06dp</dimen>
    <dimen name="x31">13.49dp</dimen>
    <dimen name="x32">13.93dp</dimen>
    <dimen name="x33">14.36dp</dimen>
    <dimen name="x34">14.80dp</dimen>
    <dimen name="x35">15.23dp</dimen>
    <dimen name="x36">15.67dp</dimen>
    <dimen name="x37">16.10dp</dimen>
    <dimen name="x38">16.54dp</dimen>
    <dimen name="x39">16.97dp</dimen>
    <dimen name="x40">17.41dp</dimen>
    <dimen name="x41">17.84dp</dimen>
    <dimen name="x42">18.28dp</dimen>
    <dimen name="x43">18.71dp</dimen>
    <dimen name="x44">19.15dp</dimen>
    <dimen name="x45">19.58dp</dimen>
    <dimen name="x46">20.02dp</dimen>
    <dimen name="x47">20.45dp</dimen>
    <dimen name="x48">20.89dp</dimen>
    <dimen name="x49">21.32dp</dimen>
    <dimen name="x50">21.76dp</dimen>
    <dimen name="x51">22.19dp</dimen>
    <dimen name="x52">22.63dp</dimen>
    <dimen name="x53">23.06dp</dimen>
    <dimen name="x54">23.50dp</dimen>
    <dimen name="x55">23.94dp</dimen>
    <dimen name="x56">24.37dp</dimen>
    <dimen name="x57">24.81dp</dimen>
    <dimen name="x58">25.24dp</dimen>
    <dimen name="x59">25.68dp</dimen>
    <dimen name="x60">26.11dp</dimen>
    <dimen name="x61">26.55dp</dimen>
    <dimen name="x62">26.98dp</dimen>
    <dimen name="x63">27.42dp</dimen>
    <dimen name="x64">27.85dp</dimen>
    <dimen name="x65">28.29dp</dimen>
    <dimen name="x66">28.72dp</dimen>
    <dimen name="x67">29.16dp</dimen>
    <dimen name="x68">29.59dp</dimen>
    <dimen name="x69">30.03dp</dimen>
    <dimen name="x70">30.46dp</dimen>
    <dimen name="x71">30.90dp</dimen>
    <dimen name="x72">31.33dp</dimen>
    <dimen name="x73">31.77dp</dimen>
    <dimen name="x74">32.20dp</dimen>
    <dimen name="x75">32.64dp</dimen>
    <dimen name="x76">33.07dp</dimen>
    <dimen name="x77">33.51dp</dimen>
    <dimen name="x78">33.94dp</dimen>
    <dimen name="x79">34.38dp</dimen>
    <dimen name="x80">34.81dp</dimen>
    <dimen name="x81">35.25dp</dimen>
    <dimen name="x82">35.69dp</dimen>
    <dimen name="x83">36.12dp</dimen>
    <dimen name="x84">36.56dp</dimen>
    <dimen name="x85">36.99dp</dimen>
    <dimen name="x86">37.43dp</dimen>
    <dimen name="x87">37.86dp</dimen>
    <dimen name="x88">38.30dp</dimen>
    <dimen name="x89">38.73dp</dimen>
    <dimen name="x90">39.17dp</dimen>
    <dimen name="x91">39.60dp</dimen>
    <dimen name="x92">40.04dp</dimen>
    <dimen name="x93">40.47dp</dimen>
    <dimen name="x94">40.91dp</dimen>
    <dimen name="x95">41.34dp</dimen>
    <dimen name="x96">41.78dp</dimen>
    <dimen name="x97">42.21dp</dimen>
    <dimen name="x98">42.65dp</dimen>
    <dimen name="x99">43.08dp</dimen>
    <dimen name="x100">43.52dp</dimen>
    <dimen name="x101">43.95dp</dimen>
    <dimen name="x102">44.39dp</dimen>
    <dimen name="x103">44.82dp</dimen>
    <dimen name="x104">45.26dp</dimen>
    <dimen name="x105">45.69dp</dimen>
    <dimen name="x106">46.13dp</dimen>
    <dimen name="x107">46.56dp</dimen>
    <dimen name="x108">47.00dp</dimen>
    <dimen name="x109">47.44dp</dimen>
    <dimen name="x110">47.87dp</dimen>
    <dimen name="x111">48.31dp</dimen>
    <dimen name="x112">48.74dp</dimen>
    <dimen name="x113">49.18dp</dimen>
    <dimen name="x114">49.61dp</dimen>
    <dimen name="x115">50.05dp</dimen>
    <dimen name="x116">50.48dp</dimen>
    <dimen name="x117">50.92dp</dimen>
    <dimen name="x118">51.35dp</dimen>
    <dimen name="x119">51.79dp</dimen>
    <dimen name="x120">52.22dp</dimen>
    <dimen name="x121">52.66dp</dimen>
    <dimen name="x122">53.09dp</dimen>
    <dimen name="x123">53.53dp</dimen>
    <dimen name="x124">53.96dp</dimen>
    <dimen name="x125">54.40dp</dimen>
    <dimen name="x126">54.83dp</dimen>
    <dimen name="x127">55.27dp</dimen>
    <dimen name="x128">55.70dp</dimen>
    <dimen name="x129">56.14dp</dimen>
    <dimen name="x130">56.57dp</dimen>
    <dimen name="x131">57.01dp</dimen>
    <dimen name="x132">57.44dp</dimen>
    <dimen name="x133">57.88dp</dimen>
    <dimen name="x134">58.31dp</dimen>
    <dimen name="x135">58.75dp</dimen>
    <dimen name="x136">59.19dp</dimen>
    <dimen name="x137">59.62dp</dimen>
    <dimen name="x138">60.06dp</dimen>
    <dimen name="x139">60.49dp</dimen>
    <dimen name="x140">60.93dp</dimen>
    <dimen name="x141">61.36dp</dimen>
    <dimen name="x142">61.80dp</dimen>
    <dimen name="x143">62.23dp</dimen>
    <dimen name="x144">62.67dp</dimen>
    <dimen name="x145">63.10dp</dimen>
    <dimen name="x146">63.54dp</dimen>
    <dimen name="x147">63.97dp</dimen>
    <dimen name="x148">64.41dp</dimen>
    <dimen name="x149">64.84dp</dimen>
    <dimen name="x150">65.28dp</dimen>
    <dimen name="x151">65.71dp</dimen>
    <dimen name="x152">66.15dp</dimen>
    <dimen name="x153">66.58dp</dimen>
    <dimen name="x154">67.02dp</dimen>
    <dimen name="x155">67.45dp</dimen>
    <dimen name="x156">67.89dp</dimen>
    <dimen name="x157">68.32dp</dimen>
    <dimen name="x158">68.76dp</dimen>
    <dimen name="x159">69.19dp</dimen>
    <dimen name="x160">69.63dp</dimen>
    <dimen name="x161">70.06dp</dimen>
    <dimen name="x162">70.50dp</dimen>
    <dimen name="x163">70.94dp</dimen>
    <dimen name="x164">71.37dp</dimen>
    <dimen name="x165">71.81dp</dimen>
    <dimen name="x166">72.24dp</dimen>
    <dimen name="x167">72.68dp</dimen>
    <dimen name="x168">73.11dp</dimen>
    <dimen name="x169">73.55dp</dimen>
    <dimen name="x170">73.98dp</dimen>
    <dimen name="x171">74.42dp</dimen>
    <dimen name="x172">74.85dp</dimen>
    <dimen name="x173">75.29dp</dimen>
    <dimen name="x174">75.72dp</dimen>
    <dimen name="x175">76.16dp</dimen>
    <dimen name="x176">76.59dp</dimen>
    <dimen name="x177">77.03dp</dimen>
    <dimen name="x178">77.46dp</dimen>
    <dimen name="x179">77.90dp</dimen>
    <dimen name="x180">78.33dp</dimen>
    <dimen name="x181">78.77dp</dimen>
    <dimen name="x182">79.20dp</dimen>
    <dimen name="x183">79.64dp</dimen>
    <dimen name="x184">80.07dp</dimen>
    <dimen name="x185">80.51dp</dimen>
    <dimen name="x186">80.94dp</dimen>
    <dimen name="x187">81.38dp</dimen>
    <dimen name="x188">81.81dp</dimen>
    <dimen name="x189">82.25dp</dimen>
    <dimen name="x190">82.69dp</dimen>
    <dimen name="x191">83.12dp</dimen>
    <dimen name="x192">83.56dp</dimen>
    <dimen name="x193">83.99dp</dimen>
    <dimen name="x194">84.43dp</dimen>
    <dimen name="x195">84.86dp</dimen>
    <dimen name="x196">85.30dp</dimen>
    <dimen name="x197">85.73dp</dimen>
    <dimen name="x198">86.17dp</dimen>
    <dimen name="x199">86.60dp</dimen>
    <dimen name="x200">87.04dp</dimen>
    <dimen name="x201">87.47dp</dimen>
    <dimen name="x202">87.91dp</dimen>
    <dimen name="x203">88.34dp</dimen>
    <dimen name="x204">88.78dp</dimen>
    <dimen name="x205">89.21dp</dimen>
    <dimen name="x206">89.65dp</dimen>
    <dimen name="x207">90.08dp</dimen>
    <dimen name="x208">90.52dp</dimen>
    <dimen name="x209">90.95dp</dimen>
    <dimen name="x210">91.39dp</dimen>
    <dimen name="x211">91.82dp</dimen>
    <dimen name="x212">92.26dp</dimen>
    <dimen name="x213">92.69dp</dimen>
    <dimen name="x214">93.13dp</dimen>
    <dimen name="x215">93.56dp</dimen>
    <dimen name="x216">94.00dp</dimen>
    <dimen name="x217">94.44dp</dimen>
    <dimen name="x218">94.87dp</dimen>
    <dimen name="x219">95.31dp</dimen>
    <dimen name="x220">95.74dp</dimen>
    <dimen name="x221">96.18dp</dimen>
    <dimen name="x222">96.61dp</dimen>
    <dimen name="x223">97.05dp</dimen>
    <dimen name="x224">97.48dp</dimen>
    <dimen name="x225">97.92dp</dimen>
    <dimen name="x226">98.35dp</dimen>
    <dimen name="x227">98.79dp</dimen>
    <dimen name="x228">99.22dp</dimen>
    <dimen name="x229">99.66dp</dimen>
    <dimen name="x230">100.09dp</dimen>
    <dimen name="x231">100.53dp</dimen>
    <dimen name="x232">100.96dp</dimen>
    <dimen name="x233">101.40dp</dimen>
    <dimen name="x234">101.83dp</dimen>
    <dimen name="x235">102.27dp</dimen>
    <dimen name="x236">102.70dp</dimen>
    <dimen name="x237">103.14dp</dimen>
    <dimen name="x238">103.57dp</dimen>
    <dimen name="x239">104.01dp</dimen>
    <dimen name="x240">104.44dp</dimen>
    <dimen name="x241">104.88dp</dimen>
    <dimen name="x242">105.31dp</dimen>
    <dimen name="x243">105.75dp</dimen>
    <dimen name="x244">106.19dp</dimen>
    <dimen name="x245">106.62dp</dimen>
    <dimen name="x246">107.06dp</dimen>
    <dimen name="x247">107.49dp</dimen>
    <dimen name="x248">107.93dp</dimen>
    <dimen name="x249">108.36dp</dimen>
    <dimen name="x250">108.80dp</dimen>
    <dimen name="x251">109.23dp</dimen>
    <dimen name="x252">109.67dp</dimen>
    <dimen name="x253">110.10dp</dimen>
    <dimen name="x254">110.54dp</dimen>
    <dimen name="x255">110.97dp</dimen>
    <dimen name="x256">111.41dp</dimen>
    <dimen name="x257">111.84dp</dimen>
    <dimen name="x258">112.28dp</dimen>
    <dimen name="x259">112.71dp</dimen>
    <dimen name="x260">113.15dp</dimen>
    <dimen name="x261">113.58dp</dimen>
    <dimen name="x262">114.02dp</dimen>
    <dimen name="x263">114.45dp</dimen>
    <dimen name="x264">114.89dp</dimen>
    <dimen name="x265">115.32dp</dimen>
    <dimen name="x266">115.76dp</dimen>
    <dimen name="x267">116.19dp</dimen>
    <dimen name="x268">116.63dp</dimen>
    <dimen name="x269">117.06dp</dimen>
    <dimen name="x270">117.50dp</dimen>
    <dimen name="x271">117.94dp</dimen>
    <dimen name="x272">118.37dp</dimen>
    <dimen name="x273">118.81dp</dimen>
    <dimen name="x274">119.24dp</dimen>
    <dimen name="x275">119.68dp</dimen>
    <dimen name="x276">120.11dp</dimen>
    <dimen name="x277">120.55dp</dimen>
    <dimen name="x278">120.98dp</dimen>
    <dimen name="x279">121.42dp</dimen>
    <dimen name="x280">121.85dp</dimen>
    <dimen name="x281">122.29dp</dimen>
    <dimen name="x282">122.72dp</dimen>
    <dimen name="x283">123.16dp</dimen>
    <dimen name="x284">123.59dp</dimen>
    <dimen name="x285">124.03dp</dimen>
    <dimen name="x286">124.46dp</dimen>
    <dimen name="x287">124.90dp</dimen>
    <dimen name="x288">125.33dp</dimen>
    <dimen name="x289">125.77dp</dimen>
    <dimen name="x290">126.20dp</dimen>
    <dimen name="x291">126.64dp</dimen>
    <dimen name="x292">127.07dp</dimen>
    <dimen name="x293">127.51dp</dimen>
    <dimen name="x294">127.94dp</dimen>
    <dimen name="x295">128.38dp</dimen>
    <dimen name="x296">128.81dp</dimen>
    <dimen name="x297">129.25dp</dimen>
    <dimen name="x298">129.69dp</dimen>
    <dimen name="x299">130.12dp</dimen>
    <dimen name="x300">130.56dp</dimen>
    <dimen name="x301">130.99dp</dimen>
    <dimen name="x302">131.43dp</dimen>
    <dimen name="x303">131.86dp</dimen>
    <dimen name="x304">132.30dp</dimen>
    <dimen name="x305">132.73dp</dimen>
    <dimen name="x306">133.17dp</dimen>
    <dimen name="x307">133.60dp</dimen>
    <dimen name="x308">134.04dp</dimen>
    <dimen name="x309">134.47dp</dimen>
    <dimen name="x310">134.91dp</dimen>
    <dimen name="x311">135.34dp</dimen>
    <dimen name="x312">135.78dp</dimen>
    <dimen name="x313">136.21dp</dimen>
    <dimen name="x314">136.65dp</dimen>
    <dimen name="x315">137.08dp</dimen>
    <dimen name="x316">137.52dp</dimen>
    <dimen name="x317">137.95dp</dimen>
    <dimen name="x318">138.39dp</dimen>
    <dimen name="x319">138.82dp</dimen>
    <dimen name="x320">139.26dp</dimen>
    <dimen name="x321">139.69dp</dimen>
    <dimen name="x322">140.13dp</dimen>
    <dimen name="x323">140.56dp</dimen>
    <dimen name="x324">141.00dp</dimen>
    <dimen name="x325">141.44dp</dimen>
    <dimen name="x326">141.87dp</dimen>
    <dimen name="x327">142.31dp</dimen>
    <dimen name="x328">142.74dp</dimen>
    <dimen name="x329">143.18dp</dimen>
    <dimen name="x330">143.61dp</dimen>
    <dimen name="x331">144.05dp</dimen>
    <dimen name="x332">144.48dp</dimen>
    <dimen name="x333">144.92dp</dimen>
    <dimen name="x334">145.35dp</dimen>
    <dimen name="x335">145.79dp</dimen>
    <dimen name="x336">146.22dp</dimen>
    <dimen name="x337">146.66dp</dimen>
    <dimen name="x338">147.09dp</dimen>
    <dimen name="x339">147.53dp</dimen>
    <dimen name="x340">147.96dp</dimen>
    <dimen name="x341">148.40dp</dimen>
    <dimen name="x342">148.83dp</dimen>
    <dimen name="x343">149.27dp</dimen>
    <dimen name="x344">149.70dp</dimen>
    <dimen name="x345">150.14dp</dimen>
    <dimen name="x346">150.57dp</dimen>
    <dimen name="x347">151.01dp</dimen>
    <dimen name="x348">151.44dp</dimen>
    <dimen name="x349">151.88dp</dimen>
    <dimen name="x350">152.31dp</dimen>
    <dimen name="x351">152.75dp</dimen>
    <dimen name="x352">153.19dp</dimen>
    <dimen name="x353">153.62dp</dimen>
    <dimen name="x354">154.06dp</dimen>
    <dimen name="x355">154.49dp</dimen>
    <dimen name="x356">154.93dp</dimen>
    <dimen name="x357">155.36dp</dimen>
    <dimen name="x358">155.80dp</dimen>
    <dimen name="x359">156.23dp</dimen>
    <dimen name="x360">156.67dp</dimen>
    <dimen name="x361">157.10dp</dimen>
    <dimen name="x362">157.54dp</dimen>
    <dimen name="x363">157.97dp</dimen>
    <dimen name="x364">158.41dp</dimen>
    <dimen name="x365">158.84dp</dimen>
    <dimen name="x366">159.28dp</dimen>
    <dimen name="x367">159.71dp</dimen>
    <dimen name="x368">160.15dp</dimen>
    <dimen name="x369">160.58dp</dimen>
    <dimen name="x370">161.02dp</dimen>
    <dimen name="x371">161.45dp</dimen>
    <dimen name="x372">161.89dp</dimen>
    <dimen name="x373">162.32dp</dimen>
    <dimen name="x374">162.76dp</dimen>
    <dimen name="x375">163.19dp</dimen>
    <dimen name="x376">163.63dp</dimen>
    <dimen name="x377">164.06dp</dimen>
    <dimen name="x378">164.50dp</dimen>
    <dimen name="x379">164.94dp</dimen>
    <dimen name="x380">165.37dp</dimen>
    <dimen name="x381">165.81dp</dimen>
    <dimen name="x382">166.24dp</dimen>
    <dimen name="x383">166.68dp</dimen>
    <dimen name="x384">167.11dp</dimen>
    <dimen name="x385">167.55dp</dimen>
    <dimen name="x386">167.98dp</dimen>
    <dimen name="x387">168.42dp</dimen>
    <dimen name="x388">168.85dp</dimen>
    <dimen name="x389">169.29dp</dimen>
    <dimen name="x390">169.72dp</dimen>
    <dimen name="x391">170.16dp</dimen>
    <dimen name="x392">170.59dp</dimen>
    <dimen name="x393">171.03dp</dimen>
    <dimen name="x394">171.46dp</dimen>
    <dimen name="x395">171.90dp</dimen>
    <dimen name="x396">172.33dp</dimen>
    <dimen name="x397">172.77dp</dimen>
    <dimen name="x398">173.20dp</dimen>
    <dimen name="x399">173.64dp</dimen>
    <dimen name="x400">174.07dp</dimen>
    <dimen name="x401">174.51dp</dimen>
    <dimen name="x402">174.94dp</dimen>
    <dimen name="x403">175.38dp</dimen>
    <dimen name="x404">175.81dp</dimen>
    <dimen name="x405">176.25dp</dimen>
    <dimen name="x406">176.69dp</dimen>
    <dimen name="x407">177.12dp</dimen>
    <dimen name="x408">177.56dp</dimen>
    <dimen name="x409">177.99dp</dimen>
    <dimen name="x410">178.43dp</dimen>
    <dimen name="x411">178.86dp</dimen>
    <dimen name="x412">179.30dp</dimen>
    <dimen name="x413">179.73dp</dimen>
    <dimen name="x414">180.17dp</dimen>
    <dimen name="x415">180.60dp</dimen>
    <dimen name="x416">181.04dp</dimen>
    <dimen name="x417">181.47dp</dimen>
    <dimen name="x418">181.91dp</dimen>
    <dimen name="x419">182.34dp</dimen>
    <dimen name="x420">182.78dp</dimen>
    <dimen name="x421">183.21dp</dimen>
    <dimen name="x422">183.65dp</dimen>
    <dimen name="x423">184.08dp</dimen>
    <dimen name="x424">184.52dp</dimen>
    <dimen name="x425">184.95dp</dimen>
    <dimen name="x426">185.39dp</dimen>
    <dimen name="x427">185.82dp</dimen>
    <dimen name="x428">186.26dp</dimen>
    <dimen name="x429">186.69dp</dimen>
    <dimen name="x430">187.13dp</dimen>
    <dimen name="x431">187.56dp</dimen>
    <dimen name="x432">188.00dp</dimen>
    <dimen name="x433">188.44dp</dimen>
    <dimen name="x434">188.87dp</dimen>
    <dimen name="x435">189.31dp</dimen>
    <dimen name="x436">189.74dp</dimen>
    <dimen name="x437">190.18dp</dimen>
    <dimen name="x438">190.61dp</dimen>
    <dimen name="x439">191.05dp</dimen>
    <dimen name="x440">191.48dp</dimen>
    <dimen name="x441">191.92dp</dimen>
    <dimen name="x442">192.35dp</dimen>
    <dimen name="x443">192.79dp</dimen>
    <dimen name="x444">193.22dp</dimen>
    <dimen name="x445">193.66dp</dimen>
    <dimen name="x446">194.09dp</dimen>
    <dimen name="x447">194.53dp</dimen>
    <dimen name="x448">194.96dp</dimen>
    <dimen name="x449">195.40dp</dimen>
    <dimen name="x450">195.83dp</dimen>
    <dimen name="x451">196.27dp</dimen>
    <dimen name="x452">196.70dp</dimen>
    <dimen name="x453">197.14dp</dimen>
    <dimen name="x454">197.57dp</dimen>
    <dimen name="x455">198.01dp</dimen>
    <dimen name="x456">198.44dp</dimen>
    <dimen name="x457">198.88dp</dimen>
    <dimen name="x458">199.31dp</dimen>
    <dimen name="x459">199.75dp</dimen>
    <dimen name="x460">200.19dp</dimen>
    <dimen name="x461">200.62dp</dimen>
    <dimen name="x462">201.06dp</dimen>
    <dimen name="x463">201.49dp</dimen>
    <dimen name="x464">201.93dp</dimen>
    <dimen name="x465">202.36dp</dimen>
    <dimen name="x466">202.80dp</dimen>
    <dimen name="x467">203.23dp</dimen>
    <dimen name="x468">203.67dp</dimen>
    <dimen name="x469">204.10dp</dimen>
    <dimen name="x470">204.54dp</dimen>
    <dimen name="x471">204.97dp</dimen>
    <dimen name="x472">205.41dp</dimen>
    <dimen name="x473">205.84dp</dimen>
    <dimen name="x474">206.28dp</dimen>
    <dimen name="x475">206.71dp</dimen>
    <dimen name="x476">207.15dp</dimen>
    <dimen name="x477">207.58dp</dimen>
    <dimen name="x478">208.02dp</dimen>
    <dimen name="x479">208.45dp</dimen>
    <dimen name="x480">208.89dp</dimen>
    <dimen name="x481">209.32dp</dimen>
    <dimen name="x482">209.76dp</dimen>
    <dimen name="x483">210.19dp</dimen>
    <dimen name="x484">210.63dp</dimen>
    <dimen name="x485">211.06dp</dimen>
    <dimen name="x486">211.50dp</dimen>
    <dimen name="x487">211.94dp</dimen>
    <dimen name="x488">212.37dp</dimen>
    <dimen name="x489">212.81dp</dimen>
    <dimen name="x490">213.24dp</dimen>
    <dimen name="x491">213.68dp</dimen>
    <dimen name="x492">214.11dp</dimen>
    <dimen name="x493">214.55dp</dimen>
    <dimen name="x494">214.98dp</dimen>
    <dimen name="x495">215.42dp</dimen>
    <dimen name="x496">215.85dp</dimen>
    <dimen name="x497">216.29dp</dimen>
    <dimen name="x498">216.72dp</dimen>
    <dimen name="x499">217.16dp</dimen>
    <dimen name="x500">217.59dp</dimen>
    <dimen name="x501">218.03dp</dimen>
    <dimen name="x502">218.46dp</dimen>
    <dimen name="x503">218.90dp</dimen>
    <dimen name="x504">219.33dp</dimen>
    <dimen name="x505">219.77dp</dimen>
    <dimen name="x506">220.20dp</dimen>
    <dimen name="x507">220.64dp</dimen>
    <dimen name="x508">221.07dp</dimen>
    <dimen name="x509">221.51dp</dimen>
    <dimen name="x510">221.94dp</dimen>
    <dimen name="x511">222.38dp</dimen>
    <dimen name="x512">222.81dp</dimen>
    <dimen name="x513">223.25dp</dimen>
    <dimen name="x514">223.69dp</dimen>
    <dimen name="x515">224.12dp</dimen>
    <dimen name="x516">224.56dp</dimen>
    <dimen name="x517">224.99dp</dimen>
    <dimen name="x518">225.43dp</dimen>
    <dimen name="x519">225.86dp</dimen>
    <dimen name="x520">226.30dp</dimen>
    <dimen name="x521">226.73dp</dimen>
    <dimen name="x522">227.17dp</dimen>
    <dimen name="x523">227.60dp</dimen>
    <dimen name="x524">228.04dp</dimen>
    <dimen name="x525">228.47dp</dimen>
    <dimen name="x526">228.91dp</dimen>
    <dimen name="x527">229.34dp</dimen>
    <dimen name="x528">229.78dp</dimen>
    <dimen name="x529">230.21dp</dimen>
    <dimen name="x530">230.65dp</dimen>
    <dimen name="x531">231.08dp</dimen>
    <dimen name="x532">231.52dp</dimen>
    <dimen name="x533">231.95dp</dimen>
    <dimen name="x534">232.39dp</dimen>
    <dimen name="x535">232.82dp</dimen>
    <dimen name="x536">233.26dp</dimen>
    <dimen name="x537">233.69dp</dimen>
    <dimen name="x538">234.13dp</dimen>
    <dimen name="x539">234.56dp</dimen>
    <dimen name="x540">235.00dp</dimen>
    <dimen name="x541">235.44dp</dimen>
    <dimen name="x542">235.87dp</dimen>
    <dimen name="x543">236.31dp</dimen>
    <dimen name="x544">236.74dp</dimen>
    <dimen name="x545">237.18dp</dimen>
    <dimen name="x546">237.61dp</dimen>
    <dimen name="x547">238.05dp</dimen>
    <dimen name="x548">238.48dp</dimen>
    <dimen name="x549">238.92dp</dimen>
    <dimen name="x550">239.35dp</dimen>
    <dimen name="x551">239.79dp</dimen>
    <dimen name="x552">240.22dp</dimen>
    <dimen name="x553">240.66dp</dimen>
    <dimen name="x554">241.09dp</dimen>
    <dimen name="x555">241.53dp</dimen>
    <dimen name="x556">241.96dp</dimen>
    <dimen name="x557">242.40dp</dimen>
    <dimen name="x558">242.83dp</dimen>
    <dimen name="x559">243.27dp</dimen>
    <dimen name="x560">243.70dp</dimen>
    <dimen name="x561">244.14dp</dimen>
    <dimen name="x562">244.57dp</dimen>
    <dimen name="x563">245.01dp</dimen>
    <dimen name="x564">245.44dp</dimen>
    <dimen name="x565">245.88dp</dimen>
    <dimen name="x566">246.31dp</dimen>
    <dimen name="x567">246.75dp</dimen>
    <dimen name="x568">247.19dp</dimen>
    <dimen name="x569">247.62dp</dimen>
    <dimen name="x570">248.06dp</dimen>
    <dimen name="x571">248.49dp</dimen>
    <dimen name="x572">248.93dp</dimen>
    <dimen name="x573">249.36dp</dimen>
    <dimen name="x574">249.80dp</dimen>
    <dimen name="x575">250.23dp</dimen>
    <dimen name="x576">250.67dp</dimen>
    <dimen name="x577">251.10dp</dimen>
    <dimen name="x578">251.54dp</dimen>
    <dimen name="x579">251.97dp</dimen>
    <dimen name="x580">252.41dp</dimen>
    <dimen name="x581">252.84dp</dimen>
    <dimen name="x582">253.28dp</dimen>
    <dimen name="x583">253.71dp</dimen>
    <dimen name="x584">254.15dp</dimen>
    <dimen name="x585">254.58dp</dimen>
    <dimen name="x586">255.02dp</dimen>
    <dimen name="x587">255.45dp</dimen>
    <dimen name="x588">255.89dp</dimen>
    <dimen name="x589">256.32dp</dimen>
    <dimen name="x590">256.76dp</dimen>
    <dimen name="x591">257.19dp</dimen>
    <dimen name="x592">257.63dp</dimen>
    <dimen name="x593">258.06dp</dimen>
    <dimen name="x594">258.50dp</dimen>
    <dimen name="x595">258.94dp</dimen>
    <dimen name="x596">259.37dp</dimen>
    <dimen name="x597">259.81dp</dimen>
    <dimen name="x598">260.24dp</dimen>
    <dimen name="x599">260.68dp</dimen>
    <dimen name="x600">261.11dp</dimen>
    <dimen name="x601">261.55dp</dimen>
    <dimen name="x602">261.98dp</dimen>
    <dimen name="x603">262.42dp</dimen>
    <dimen name="x604">262.85dp</dimen>
    <dimen name="x605">263.29dp</dimen>
    <dimen name="x606">263.72dp</dimen>
    <dimen name="x607">264.16dp</dimen>
    <dimen name="x608">264.59dp</dimen>
    <dimen name="x609">265.03dp</dimen>
    <dimen name="x610">265.46dp</dimen>
    <dimen name="x611">265.90dp</dimen>
    <dimen name="x612">266.33dp</dimen>
    <dimen name="x613">266.77dp</dimen>
    <dimen name="x614">267.20dp</dimen>
    <dimen name="x615">267.64dp</dimen>
    <dimen name="x616">268.07dp</dimen>
    <dimen name="x617">268.51dp</dimen>
    <dimen name="x618">268.94dp</dimen>
    <dimen name="x619">269.38dp</dimen>
    <dimen name="x620">269.81dp</dimen>
    <dimen name="x621">270.25dp</dimen>
    <dimen name="x622">270.69dp</dimen>
    <dimen name="x623">271.12dp</dimen>
    <dimen name="x624">271.56dp</dimen>
    <dimen name="x625">271.99dp</dimen>
    <dimen name="x626">272.43dp</dimen>
    <dimen name="x627">272.86dp</dimen>
    <dimen name="x628">273.30dp</dimen>
    <dimen name="x629">273.73dp</dimen>
    <dimen name="x630">274.17dp</dimen>
    <dimen name="x631">274.60dp</dimen>
    <dimen name="x632">275.04dp</dimen>
    <dimen name="x633">275.47dp</dimen>
    <dimen name="x634">275.91dp</dimen>
    <dimen name="x635">276.34dp</dimen>
    <dimen name="x636">276.78dp</dimen>
    <dimen name="x637">277.21dp</dimen>
    <dimen name="x638">277.65dp</dimen>
    <dimen name="x639">278.08dp</dimen>
    <dimen name="x640">278.52dp</dimen>
    <dimen name="x641">278.95dp</dimen>
    <dimen name="x642">279.39dp</dimen>
    <dimen name="x643">279.82dp</dimen>
    <dimen name="x644">280.26dp</dimen>
    <dimen name="x645">280.69dp</dimen>
    <dimen name="x646">281.13dp</dimen>
    <dimen name="x647">281.56dp</dimen>
    <dimen name="x648">282.00dp</dimen>
    <dimen name="x649">282.44dp</dimen>
    <dimen name="x650">282.87dp</dimen>
    <dimen name="x651">283.31dp</dimen>
    <dimen name="x652">283.74dp</dimen>
    <dimen name="x653">284.18dp</dimen>
    <dimen name="x654">284.61dp</dimen>
    <dimen name="x655">285.05dp</dimen>
    <dimen name="x656">285.48dp</dimen>
    <dimen name="x657">285.92dp</dimen>
    <dimen name="x658">286.35dp</dimen>
    <dimen name="x659">286.79dp</dimen>
    <dimen name="x660">287.22dp</dimen>
    <dimen name="x661">287.66dp</dimen>
    <dimen name="x662">288.09dp</dimen>
    <dimen name="x663">288.53dp</dimen>
    <dimen name="x664">288.96dp</dimen>
    <dimen name="x665">289.40dp</dimen>
    <dimen name="x666">289.83dp</dimen>
    <dimen name="x667">290.27dp</dimen>
    <dimen name="x668">290.70dp</dimen>
    <dimen name="x669">291.14dp</dimen>
    <dimen name="x670">291.57dp</dimen>
    <dimen name="x671">292.01dp</dimen>
    <dimen name="x672">292.44dp</dimen>
    <dimen name="x673">292.88dp</dimen>
    <dimen name="x674">293.31dp</dimen>
    <dimen name="x675">293.75dp</dimen>
    <dimen name="x676">294.19dp</dimen>
    <dimen name="x677">294.62dp</dimen>
    <dimen name="x678">295.06dp</dimen>
    <dimen name="x679">295.49dp</dimen>
    <dimen name="x680">295.93dp</dimen>
    <dimen name="x681">296.36dp</dimen>
    <dimen name="x682">296.80dp</dimen>
    <dimen name="x683">297.23dp</dimen>
    <dimen name="x684">297.67dp</dimen>
    <dimen name="x685">298.10dp</dimen>
    <dimen name="x686">298.54dp</dimen>
    <dimen name="x687">298.97dp</dimen>
    <dimen name="x688">299.41dp</dimen>
    <dimen name="x689">299.84dp</dimen>
    <dimen name="x690">300.28dp</dimen>
    <dimen name="x691">300.71dp</dimen>
    <dimen name="x692">301.15dp</dimen>
    <dimen name="x693">301.58dp</dimen>
    <dimen name="x694">302.02dp</dimen>
    <dimen name="x695">302.45dp</dimen>
    <dimen name="x696">302.89dp</dimen>
    <dimen name="x697">303.32dp</dimen>
    <dimen name="x698">303.76dp</dimen>
    <dimen name="x699">304.19dp</dimen>
    <dimen name="x700">304.63dp</dimen>
    <dimen name="x701">305.06dp</dimen>
    <dimen name="x702">305.50dp</dimen>
    <dimen name="x703">305.94dp</dimen>
    <dimen name="x704">306.37dp</dimen>
    <dimen name="x705">306.81dp</dimen>
    <dimen name="x706">307.24dp</dimen>
    <dimen name="x707">307.68dp</dimen>
    <dimen name="x708">308.11dp</dimen>
    <dimen name="x709">308.55dp</dimen>
    <dimen name="x710">308.98dp</dimen>
    <dimen name="x711">309.42dp</dimen>
    <dimen name="x712">309.85dp</dimen>
    <dimen name="x713">310.29dp</dimen>
    <dimen name="x714">310.72dp</dimen>
    <dimen name="x715">311.16dp</dimen>
    <dimen name="x716">311.59dp</dimen>
    <dimen name="x717">312.03dp</dimen>
    <dimen name="x718">312.46dp</dimen>
    <dimen name="x719">312.90dp</dimen>
    <dimen name="x720">313.33dp</dimen>
    <dimen name="x721">313.77dp</dimen>
    <dimen name="x722">314.20dp</dimen>
    <dimen name="x723">314.64dp</dimen>
    <dimen name="x724">315.07dp</dimen>
    <dimen name="x725">315.51dp</dimen>
    <dimen name="x726">315.94dp</dimen>
    <dimen name="x727">316.38dp</dimen>
    <dimen name="x728">316.81dp</dimen>
    <dimen name="x729">317.25dp</dimen>
    <dimen name="x730">317.69dp</dimen>
    <dimen name="x731">318.12dp</dimen>
    <dimen name="x732">318.56dp</dimen>
    <dimen name="x733">318.99dp</dimen>
    <dimen name="x734">319.43dp</dimen>
    <dimen name="x735">319.86dp</dimen>
    <dimen name="x736">320.30dp</dimen>
    <dimen name="x737">320.73dp</dimen>
    <dimen name="x738">321.17dp</dimen>
    <dimen name="x739">321.60dp</dimen>
    <dimen name="x740">322.04dp</dimen>
    <dimen name="x741">322.47dp</dimen>
    <dimen name="x742">322.91dp</dimen>
    <dimen name="x743">323.34dp</dimen>
    <dimen name="x744">323.78dp</dimen>
    <dimen name="x745">324.21dp</dimen>
    <dimen name="x746">324.65dp</dimen>
    <dimen name="x747">325.08dp</dimen>
    <dimen name="x748">325.52dp</dimen>
    <dimen name="x749">325.95dp</dimen>
    <dimen name="x750">326.39dp</dimen>
    <dimen name="x751">326.82dp</dimen>
    <dimen name="x752">327.26dp</dimen>
    <dimen name="x753">327.69dp</dimen>
    <dimen name="x754">328.13dp</dimen>
    <dimen name="x755">328.56dp</dimen>
    <dimen name="x756">329.00dp</dimen>
    <dimen name="x757">329.44dp</dimen>
    <dimen name="x758">329.87dp</dimen>
    <dimen name="x759">330.31dp</dimen>
    <dimen name="x760">330.74dp</dimen>
    <dimen name="x761">331.18dp</dimen>
    <dimen name="x762">331.61dp</dimen>
    <dimen name="x763">332.05dp</dimen>
    <dimen name="x764">332.48dp</dimen>
    <dimen name="x765">332.92dp</dimen>
    <dimen name="x766">333.35dp</dimen>
    <dimen name="x767">333.79dp</dimen>
    <dimen name="x768">334.22dp</dimen>
    <dimen name="x769">334.66dp</dimen>
    <dimen name="x770">335.09dp</dimen>
    <dimen name="x771">335.53dp</dimen>
    <dimen name="x772">335.96dp</dimen>
    <dimen name="x773">336.40dp</dimen>
    <dimen name="x774">336.83dp</dimen>
    <dimen name="x775">337.27dp</dimen>
    <dimen name="x776">337.70dp</dimen>
    <dimen name="x777">338.14dp</dimen>
    <dimen name="x778">338.57dp</dimen>
    <dimen name="x779">339.01dp</dimen>
    <dimen name="x780">339.44dp</dimen>
    <dimen name="x781">339.88dp</dimen>
    <dimen name="x782">340.31dp</dimen>
    <dimen name="x783">340.75dp</dimen>
    <dimen name="x784">341.19dp</dimen>
    <dimen name="x785">341.62dp</dimen>
    <dimen name="x786">342.06dp</dimen>
    <dimen name="x787">342.49dp</dimen>
    <dimen name="x788">342.93dp</dimen>
    <dimen name="x789">343.36dp</dimen>
    <dimen name="x790">343.80dp</dimen>
    <dimen name="x791">344.23dp</dimen>
    <dimen name="x792">344.67dp</dimen>
    <dimen name="x793">345.10dp</dimen>
    <dimen name="x794">345.54dp</dimen>
    <dimen name="x795">345.97dp</dimen>
    <dimen name="x796">346.41dp</dimen>
    <dimen name="x797">346.84dp</dimen>
    <dimen name="x798">347.28dp</dimen>
    <dimen name="x799">347.71dp</dimen>
    <dimen name="x800">348.15dp</dimen>
    <dimen name="x801">348.58dp</dimen>
    <dimen name="x802">349.02dp</dimen>
    <dimen name="x803">349.45dp</dimen>
    <dimen name="x804">349.89dp</dimen>
    <dimen name="x805">350.32dp</dimen>
    <dimen name="x806">350.76dp</dimen>
    <dimen name="x807">351.19dp</dimen>
    <dimen name="x808">351.63dp</dimen>
    <dimen name="x809">352.06dp</dimen>
    <dimen name="x810">352.50dp</dimen>
    <dimen name="x811">352.94dp</dimen>
    <dimen name="x812">353.37dp</dimen>
    <dimen name="x813">353.81dp</dimen>
    <dimen name="x814">354.24dp</dimen>
    <dimen name="x815">354.68dp</dimen>
    <dimen name="x816">355.11dp</dimen>
    <dimen name="x817">355.55dp</dimen>
    <dimen name="x818">355.98dp</dimen>
    <dimen name="x819">356.42dp</dimen>
    <dimen name="x820">356.85dp</dimen>
    <dimen name="x821">357.29dp</dimen>
    <dimen name="x822">357.72dp</dimen>
    <dimen name="x823">358.16dp</dimen>
    <dimen name="x824">358.59dp</dimen>
    <dimen name="x825">359.03dp</dimen>
    <dimen name="x826">359.46dp</dimen>
    <dimen name="x827">359.90dp</dimen>
    <dimen name="x828">360.33dp</dimen>
    <dimen name="x829">360.77dp</dimen>
    <dimen name="x830">361.20dp</dimen>
    <dimen name="x831">361.64dp</dimen>
    <dimen name="x832">362.07dp</dimen>
    <dimen name="x833">362.51dp</dimen>
    <dimen name="x834">362.94dp</dimen>
    <dimen name="x835">363.38dp</dimen>
    <dimen name="x836">363.81dp</dimen>
    <dimen name="x837">364.25dp</dimen>
    <dimen name="x838">364.69dp</dimen>
    <dimen name="x839">365.12dp</dimen>
    <dimen name="x840">365.56dp</dimen>
    <dimen name="x841">365.99dp</dimen>
    <dimen name="x842">366.43dp</dimen>
    <dimen name="x843">366.86dp</dimen>
    <dimen name="x844">367.30dp</dimen>
    <dimen name="x845">367.73dp</dimen>
    <dimen name="x846">368.17dp</dimen>
    <dimen name="x847">368.60dp</dimen>
    <dimen name="x848">369.04dp</dimen>
    <dimen name="x849">369.47dp</dimen>
    <dimen name="x850">369.91dp</dimen>
    <dimen name="x851">370.34dp</dimen>
    <dimen name="x852">370.78dp</dimen>
    <dimen name="x853">371.21dp</dimen>
    <dimen name="x854">371.65dp</dimen>
    <dimen name="x855">372.08dp</dimen>
    <dimen name="x856">372.52dp</dimen>
    <dimen name="x857">372.95dp</dimen>
    <dimen name="x858">373.39dp</dimen>
    <dimen name="x859">373.82dp</dimen>
    <dimen name="x860">374.26dp</dimen>
    <dimen name="x861">374.69dp</dimen>
    <dimen name="x862">375.13dp</dimen>
    <dimen name="x863">375.56dp</dimen>
    <dimen name="x864">376.00dp</dimen>
    <dimen name="x865">376.44dp</dimen>
    <dimen name="x866">376.87dp</dimen>
    <dimen name="x867">377.31dp</dimen>
    <dimen name="x868">377.74dp</dimen>
    <dimen name="x869">378.18dp</dimen>
    <dimen name="x870">378.61dp</dimen>
    <dimen name="x871">379.05dp</dimen>
    <dimen name="x872">379.48dp</dimen>
    <dimen name="x873">379.92dp</dimen>
    <dimen name="x874">380.35dp</dimen>
    <dimen name="x875">380.79dp</dimen>
    <dimen name="x876">381.22dp</dimen>
    <dimen name="x877">381.66dp</dimen>
    <dimen name="x878">382.09dp</dimen>
    <dimen name="x879">382.53dp</dimen>
    <dimen name="x880">382.96dp</dimen>
    <dimen name="x881">383.40dp</dimen>
    <dimen name="x882">383.83dp</dimen>
    <dimen name="x883">384.27dp</dimen>
    <dimen name="x884">384.70dp</dimen>
    <dimen name="x885">385.14dp</dimen>
    <dimen name="x886">385.57dp</dimen>
    <dimen name="x887">386.01dp</dimen>
    <dimen name="x888">386.44dp</dimen>
    <dimen name="x889">386.88dp</dimen>
    <dimen name="x890">387.31dp</dimen>
    <dimen name="x891">387.75dp</dimen>
    <dimen name="x892">388.19dp</dimen>
    <dimen name="x893">388.62dp</dimen>
    <dimen name="x894">389.06dp</dimen>
    <dimen name="x895">389.49dp</dimen>
    <dimen name="x896">389.93dp</dimen>
    <dimen name="x897">390.36dp</dimen>
    <dimen name="x898">390.80dp</dimen>
    <dimen name="x899">391.23dp</dimen>
    <dimen name="x900">391.67dp</dimen>
    <dimen name="x901">392.10dp</dimen>
    <dimen name="x902">392.54dp</dimen>
    <dimen name="x903">392.97dp</dimen>
    <dimen name="x904">393.41dp</dimen>
    <dimen name="x905">393.84dp</dimen>
    <dimen name="x906">394.28dp</dimen>
    <dimen name="x907">394.71dp</dimen>
    <dimen name="x908">395.15dp</dimen>
    <dimen name="x909">395.58dp</dimen>
    <dimen name="x910">396.02dp</dimen>
    <dimen name="x911">396.45dp</dimen>
    <dimen name="x912">396.89dp</dimen>
    <dimen name="x913">397.32dp</dimen>
    <dimen name="x914">397.76dp</dimen>
    <dimen name="x915">398.19dp</dimen>
    <dimen name="x916">398.63dp</dimen>
    <dimen name="x917">399.06dp</dimen>
    <dimen name="x918">399.50dp</dimen>
    <dimen name="x919">399.94dp</dimen>
    <dimen name="x920">400.37dp</dimen>
    <dimen name="x921">400.81dp</dimen>
    <dimen name="x922">401.24dp</dimen>
    <dimen name="x923">401.68dp</dimen>
    <dimen name="x924">402.11dp</dimen>
    <dimen name="x925">402.55dp</dimen>
    <dimen name="x926">402.98dp</dimen>
    <dimen name="x927">403.42dp</dimen>
    <dimen name="x928">403.85dp</dimen>
    <dimen name="x929">404.29dp</dimen>
    <dimen name="x930">404.72dp</dimen>
    <dimen name="x931">405.16dp</dimen>
    <dimen name="x932">405.59dp</dimen>
    <dimen name="x933">406.03dp</dimen>
    <dimen name="x934">406.46dp</dimen>
    <dimen name="x935">406.90dp</dimen>
    <dimen name="x936">407.33dp</dimen>
    <dimen name="x937">407.77dp</dimen>
    <dimen name="x938">408.20dp</dimen>
    <dimen name="x939">408.64dp</dimen>
    <dimen name="x940">409.07dp</dimen>
    <dimen name="x941">409.51dp</dimen>
    <dimen name="x942">409.94dp</dimen>
    <dimen name="x943">410.38dp</dimen>
    <dimen name="x944">410.81dp</dimen>
    <dimen name="x945">411.25dp</dimen>
    <dimen name="x946">411.69dp</dimen>
    <dimen name="x947">412.12dp</dimen>
    <dimen name="x948">412.56dp</dimen>
    <dimen name="x949">412.99dp</dimen>
    <dimen name="x950">413.43dp</dimen>
    <dimen name="x951">413.86dp</dimen>
    <dimen name="x952">414.30dp</dimen>
    <dimen name="x953">414.73dp</dimen>
    <dimen name="x954">415.17dp</dimen>
    <dimen name="x955">415.60dp</dimen>
    <dimen name="x956">416.04dp</dimen>
    <dimen name="x957">416.47dp</dimen>
    <dimen name="x958">416.91dp</dimen>
    <dimen name="x959">417.34dp</dimen>
    <dimen name="x960">417.78dp</dimen>
    <dimen name="x961">418.21dp</dimen>
    <dimen name="x962">418.65dp</dimen>
    <dimen name="x963">419.08dp</dimen>
    <dimen name="x964">419.52dp</dimen>
    <dimen name="x965">419.95dp</dimen>
    <dimen name="x966">420.39dp</dimen>
    <dimen name="x967">420.82dp</dimen>
    <dimen name="x968">421.26dp</dimen>
    <dimen name="x969">421.69dp</dimen>
    <dimen name="x970">422.13dp</dimen>
    <dimen name="x971">422.56dp</dimen>
    <dimen name="x972">423.00dp</dimen>
    <dimen name="x973">423.44dp</dimen>
    <dimen name="x974">423.87dp</dimen>
    <dimen name="x975">424.31dp</dimen>
    <dimen name="x976">424.74dp</dimen>
    <dimen name="x977">425.18dp</dimen>
    <dimen name="x978">425.61dp</dimen>
    <dimen name="x979">426.05dp</dimen>
    <dimen name="x980">426.48dp</dimen>
    <dimen name="x981">426.92dp</dimen>
    <dimen name="x982">427.35dp</dimen>
    <dimen name="x983">427.79dp</dimen>
    <dimen name="x984">428.22dp</dimen>
    <dimen name="x985">428.66dp</dimen>
    <dimen name="x986">429.09dp</dimen>
    <dimen name="x987">429.53dp</dimen>
    <dimen name="x988">429.96dp</dimen>
    <dimen name="x989">430.40dp</dimen>
    <dimen name="x990">430.83dp</dimen>
    <dimen name="x991">431.27dp</dimen>
    <dimen name="x992">431.70dp</dimen>
    <dimen name="x993">432.14dp</dimen>
    <dimen name="x994">432.57dp</dimen>
    <dimen name="x995">433.01dp</dimen>
    <dimen name="x996">433.44dp</dimen>
    <dimen name="x997">433.88dp</dimen>
    <dimen name="x998">434.31dp</dimen>
    <dimen name="x999">434.75dp</dimen>
    <dimen name="x1000">435.19dp</dimen>
    <dimen name="x1001">435.62dp</dimen>
    <dimen name="x1002">436.06dp</dimen>
    <dimen name="x1003">436.49dp</dimen>
    <dimen name="x1004">436.93dp</dimen>
    <dimen name="x1005">437.36dp</dimen>
    <dimen name="x1006">437.80dp</dimen>
    <dimen name="x1007">438.23dp</dimen>
    <dimen name="x1008">438.67dp</dimen>
    <dimen name="x1009">439.10dp</dimen>
    <dimen name="x1010">439.54dp</dimen>
    <dimen name="x1011">439.97dp</dimen>
    <dimen name="x1012">440.41dp</dimen>
    <dimen name="x1013">440.84dp</dimen>
    <dimen name="x1014">441.28dp</dimen>
    <dimen name="x1015">441.71dp</dimen>
    <dimen name="x1016">442.15dp</dimen>
    <dimen name="x1017">442.58dp</dimen>
    <dimen name="x1018">443.02dp</dimen>
    <dimen name="x1019">443.45dp</dimen>
    <dimen name="x1020">443.89dp</dimen>
    <dimen name="x1021">444.32dp</dimen>
    <dimen name="x1022">444.76dp</dimen>
    <dimen name="x1023">445.19dp</dimen>
    <dimen name="x1024">445.63dp</dimen>
    <dimen name="x1025">446.06dp</dimen>
    <dimen name="x1026">446.50dp</dimen>
    <dimen name="x1027">446.94dp</dimen>
    <dimen name="x1028">447.37dp</dimen>
    <dimen name="x1029">447.81dp</dimen>
    <dimen name="x1030">448.24dp</dimen>
    <dimen name="x1031">448.68dp</dimen>
    <dimen name="x1032">449.11dp</dimen>
    <dimen name="x1033">449.55dp</dimen>
    <dimen name="x1034">449.98dp</dimen>
    <dimen name="x1035">450.42dp</dimen>
    <dimen name="x1036">450.85dp</dimen>
    <dimen name="x1037">451.29dp</dimen>
    <dimen name="x1038">451.72dp</dimen>
    <dimen name="x1039">452.16dp</dimen>
    <dimen name="x1040">452.59dp</dimen>
    <dimen name="x1041">453.03dp</dimen>
    <dimen name="x1042">453.46dp</dimen>
    <dimen name="x1043">453.90dp</dimen>
    <dimen name="x1044">454.33dp</dimen>
    <dimen name="x1045">454.77dp</dimen>
    <dimen name="x1046">455.20dp</dimen>
    <dimen name="x1047">455.64dp</dimen>
    <dimen name="x1048">456.07dp</dimen>
    <dimen name="x1049">456.51dp</dimen>
    <dimen name="x1050">456.94dp</dimen>
    <dimen name="x1051">457.38dp</dimen>
    <dimen name="x1052">457.81dp</dimen>
    <dimen name="x1053">458.25dp</dimen>
    <dimen name="x1054">458.69dp</dimen>
    <dimen name="x1055">459.12dp</dimen>
    <dimen name="x1056">459.56dp</dimen>
    <dimen name="x1057">459.99dp</dimen>
    <dimen name="x1058">460.43dp</dimen>
    <dimen name="x1059">460.86dp</dimen>
    <dimen name="x1060">461.30dp</dimen>
    <dimen name="x1061">461.73dp</dimen>
    <dimen name="x1062">462.17dp</dimen>
    <dimen name="x1063">462.60dp</dimen>
    <dimen name="x1064">463.04dp</dimen>
    <dimen name="x1065">463.47dp</dimen>
    <dimen name="x1066">463.91dp</dimen>
    <dimen name="x1067">464.34dp</dimen>
    <dimen name="x1068">464.78dp</dimen>
    <dimen name="x1069">465.21dp</dimen>
    <dimen name="x1070">465.65dp</dimen>
    <dimen name="x1071">466.08dp</dimen>
    <dimen name="x1072">466.52dp</dimen>
    <dimen name="x1073">466.95dp</dimen>
    <dimen name="x1074">467.39dp</dimen>
    <dimen name="x1075">467.82dp</dimen>
    <dimen name="x1076">468.26dp</dimen>
    <dimen name="x1077">468.69dp</dimen>
    <dimen name="x1078">469.13dp</dimen>
    <dimen name="x1079">469.56dp</dimen>
    <dimen name="x1080">470.00dp</dimen>
</resources>