<?xml version="1.0" encoding="utf-8"?>
<resources>
    <string name="sw_dp">720dp</string>
    <dimen name="x1">0.67dp</dimen>
    <dimen name="x2">1.33dp</dimen>
    <dimen name="x3">2.00dp</dimen>
    <dimen name="x4">2.67dp</dimen>
    <dimen name="x5">3.33dp</dimen>
    <dimen name="x6">4.00dp</dimen>
    <dimen name="x7">4.67dp</dimen>
    <dimen name="x8">5.33dp</dimen>
    <dimen name="x9">6.00dp</dimen>
    <dimen name="x10">6.67dp</dimen>
    <dimen name="x11">7.33dp</dimen>
    <dimen name="x12">8.00dp</dimen>
    <dimen name="x13">8.67dp</dimen>
    <dimen name="x14">9.33dp</dimen>
    <dimen name="x15">10.00dp</dimen>
    <dimen name="x16">10.67dp</dimen>
    <dimen name="x17">11.33dp</dimen>
    <dimen name="x18">12.00dp</dimen>
    <dimen name="x19">12.67dp</dimen>
    <dimen name="x20">13.33dp</dimen>
    <dimen name="x21">14.00dp</dimen>
    <dimen name="x22">14.67dp</dimen>
    <dimen name="x23">15.33dp</dimen>
    <dimen name="x24">16.00dp</dimen>
    <dimen name="x25">16.67dp</dimen>
    <dimen name="x26">17.33dp</dimen>
    <dimen name="x27">18.00dp</dimen>
    <dimen name="x28">18.67dp</dimen>
    <dimen name="x29">19.33dp</dimen>
    <dimen name="x30">20.00dp</dimen>
    <dimen name="x31">20.67dp</dimen>
    <dimen name="x32">21.33dp</dimen>
    <dimen name="x33">22.00dp</dimen>
    <dimen name="x34">22.67dp</dimen>
    <dimen name="x35">23.33dp</dimen>
    <dimen name="x36">24.00dp</dimen>
    <dimen name="x37">24.67dp</dimen>
    <dimen name="x38">25.33dp</dimen>
    <dimen name="x39">26.00dp</dimen>
    <dimen name="x40">26.67dp</dimen>
    <dimen name="x41">27.33dp</dimen>
    <dimen name="x42">28.00dp</dimen>
    <dimen name="x43">28.67dp</dimen>
    <dimen name="x44">29.33dp</dimen>
    <dimen name="x45">30.00dp</dimen>
    <dimen name="x46">30.67dp</dimen>
    <dimen name="x47">31.33dp</dimen>
    <dimen name="x48">32.00dp</dimen>
    <dimen name="x49">32.67dp</dimen>
    <dimen name="x50">33.33dp</dimen>
    <dimen name="x51">34.00dp</dimen>
    <dimen name="x52">34.67dp</dimen>
    <dimen name="x53">35.33dp</dimen>
    <dimen name="x54">36.00dp</dimen>
    <dimen name="x55">36.67dp</dimen>
    <dimen name="x56">37.33dp</dimen>
    <dimen name="x57">38.00dp</dimen>
    <dimen name="x58">38.67dp</dimen>
    <dimen name="x59">39.33dp</dimen>
    <dimen name="x60">40.00dp</dimen>
    <dimen name="x61">40.67dp</dimen>
    <dimen name="x62">41.33dp</dimen>
    <dimen name="x63">42.00dp</dimen>
    <dimen name="x64">42.67dp</dimen>
    <dimen name="x65">43.33dp</dimen>
    <dimen name="x66">44.00dp</dimen>
    <dimen name="x67">44.67dp</dimen>
    <dimen name="x68">45.33dp</dimen>
    <dimen name="x69">46.00dp</dimen>
    <dimen name="x70">46.67dp</dimen>
    <dimen name="x71">47.33dp</dimen>
    <dimen name="x72">48.00dp</dimen>
    <dimen name="x73">48.67dp</dimen>
    <dimen name="x74">49.33dp</dimen>
    <dimen name="x75">50.00dp</dimen>
    <dimen name="x76">50.67dp</dimen>
    <dimen name="x77">51.33dp</dimen>
    <dimen name="x78">52.00dp</dimen>
    <dimen name="x79">52.67dp</dimen>
    <dimen name="x80">53.33dp</dimen>
    <dimen name="x81">54.00dp</dimen>
    <dimen name="x82">54.67dp</dimen>
    <dimen name="x83">55.33dp</dimen>
    <dimen name="x84">56.00dp</dimen>
    <dimen name="x85">56.67dp</dimen>
    <dimen name="x86">57.33dp</dimen>
    <dimen name="x87">58.00dp</dimen>
    <dimen name="x88">58.67dp</dimen>
    <dimen name="x89">59.33dp</dimen>
    <dimen name="x90">60.00dp</dimen>
    <dimen name="x91">60.67dp</dimen>
    <dimen name="x92">61.33dp</dimen>
    <dimen name="x93">62.00dp</dimen>
    <dimen name="x94">62.67dp</dimen>
    <dimen name="x95">63.33dp</dimen>
    <dimen name="x96">64.00dp</dimen>
    <dimen name="x97">64.67dp</dimen>
    <dimen name="x98">65.33dp</dimen>
    <dimen name="x99">66.00dp</dimen>
    <dimen name="x100">66.67dp</dimen>
    <dimen name="x101">67.33dp</dimen>
    <dimen name="x102">68.00dp</dimen>
    <dimen name="x103">68.67dp</dimen>
    <dimen name="x104">69.33dp</dimen>
    <dimen name="x105">70.00dp</dimen>
    <dimen name="x106">70.67dp</dimen>
    <dimen name="x107">71.33dp</dimen>
    <dimen name="x108">72.00dp</dimen>
    <dimen name="x109">72.67dp</dimen>
    <dimen name="x110">73.33dp</dimen>
    <dimen name="x111">74.00dp</dimen>
    <dimen name="x112">74.67dp</dimen>
    <dimen name="x113">75.33dp</dimen>
    <dimen name="x114">76.00dp</dimen>
    <dimen name="x115">76.67dp</dimen>
    <dimen name="x116">77.33dp</dimen>
    <dimen name="x117">78.00dp</dimen>
    <dimen name="x118">78.67dp</dimen>
    <dimen name="x119">79.33dp</dimen>
    <dimen name="x120">80.00dp</dimen>
    <dimen name="x121">80.67dp</dimen>
    <dimen name="x122">81.33dp</dimen>
    <dimen name="x123">82.00dp</dimen>
    <dimen name="x124">82.67dp</dimen>
    <dimen name="x125">83.33dp</dimen>
    <dimen name="x126">84.00dp</dimen>
    <dimen name="x127">84.67dp</dimen>
    <dimen name="x128">85.33dp</dimen>
    <dimen name="x129">86.00dp</dimen>
    <dimen name="x130">86.67dp</dimen>
    <dimen name="x131">87.33dp</dimen>
    <dimen name="x132">88.00dp</dimen>
    <dimen name="x133">88.67dp</dimen>
    <dimen name="x134">89.33dp</dimen>
    <dimen name="x135">90.00dp</dimen>
    <dimen name="x136">90.67dp</dimen>
    <dimen name="x137">91.33dp</dimen>
    <dimen name="x138">92.00dp</dimen>
    <dimen name="x139">92.67dp</dimen>
    <dimen name="x140">93.33dp</dimen>
    <dimen name="x141">94.00dp</dimen>
    <dimen name="x142">94.67dp</dimen>
    <dimen name="x143">95.33dp</dimen>
    <dimen name="x144">96.00dp</dimen>
    <dimen name="x145">96.67dp</dimen>
    <dimen name="x146">97.33dp</dimen>
    <dimen name="x147">98.00dp</dimen>
    <dimen name="x148">98.67dp</dimen>
    <dimen name="x149">99.33dp</dimen>
    <dimen name="x150">100.00dp</dimen>
    <dimen name="x151">100.67dp</dimen>
    <dimen name="x152">101.33dp</dimen>
    <dimen name="x153">102.00dp</dimen>
    <dimen name="x154">102.67dp</dimen>
    <dimen name="x155">103.33dp</dimen>
    <dimen name="x156">104.00dp</dimen>
    <dimen name="x157">104.67dp</dimen>
    <dimen name="x158">105.33dp</dimen>
    <dimen name="x159">106.00dp</dimen>
    <dimen name="x160">106.67dp</dimen>
    <dimen name="x161">107.33dp</dimen>
    <dimen name="x162">108.00dp</dimen>
    <dimen name="x163">108.67dp</dimen>
    <dimen name="x164">109.33dp</dimen>
    <dimen name="x165">110.00dp</dimen>
    <dimen name="x166">110.67dp</dimen>
    <dimen name="x167">111.33dp</dimen>
    <dimen name="x168">112.00dp</dimen>
    <dimen name="x169">112.67dp</dimen>
    <dimen name="x170">113.33dp</dimen>
    <dimen name="x171">114.00dp</dimen>
    <dimen name="x172">114.67dp</dimen>
    <dimen name="x173">115.33dp</dimen>
    <dimen name="x174">116.00dp</dimen>
    <dimen name="x175">116.67dp</dimen>
    <dimen name="x176">117.33dp</dimen>
    <dimen name="x177">118.00dp</dimen>
    <dimen name="x178">118.67dp</dimen>
    <dimen name="x179">119.33dp</dimen>
    <dimen name="x180">120.00dp</dimen>
    <dimen name="x181">120.67dp</dimen>
    <dimen name="x182">121.33dp</dimen>
    <dimen name="x183">122.00dp</dimen>
    <dimen name="x184">122.67dp</dimen>
    <dimen name="x185">123.33dp</dimen>
    <dimen name="x186">124.00dp</dimen>
    <dimen name="x187">124.67dp</dimen>
    <dimen name="x188">125.33dp</dimen>
    <dimen name="x189">126.00dp</dimen>
    <dimen name="x190">126.67dp</dimen>
    <dimen name="x191">127.33dp</dimen>
    <dimen name="x192">128.00dp</dimen>
    <dimen name="x193">128.67dp</dimen>
    <dimen name="x194">129.33dp</dimen>
    <dimen name="x195">130.00dp</dimen>
    <dimen name="x196">130.67dp</dimen>
    <dimen name="x197">131.33dp</dimen>
    <dimen name="x198">132.00dp</dimen>
    <dimen name="x199">132.67dp</dimen>
    <dimen name="x200">133.33dp</dimen>
    <dimen name="x201">134.00dp</dimen>
    <dimen name="x202">134.67dp</dimen>
    <dimen name="x203">135.33dp</dimen>
    <dimen name="x204">136.00dp</dimen>
    <dimen name="x205">136.67dp</dimen>
    <dimen name="x206">137.33dp</dimen>
    <dimen name="x207">138.00dp</dimen>
    <dimen name="x208">138.67dp</dimen>
    <dimen name="x209">139.33dp</dimen>
    <dimen name="x210">140.00dp</dimen>
    <dimen name="x211">140.67dp</dimen>
    <dimen name="x212">141.33dp</dimen>
    <dimen name="x213">142.00dp</dimen>
    <dimen name="x214">142.67dp</dimen>
    <dimen name="x215">143.33dp</dimen>
    <dimen name="x216">144.00dp</dimen>
    <dimen name="x217">144.67dp</dimen>
    <dimen name="x218">145.33dp</dimen>
    <dimen name="x219">146.00dp</dimen>
    <dimen name="x220">146.67dp</dimen>
    <dimen name="x221">147.33dp</dimen>
    <dimen name="x222">148.00dp</dimen>
    <dimen name="x223">148.67dp</dimen>
    <dimen name="x224">149.33dp</dimen>
    <dimen name="x225">150.00dp</dimen>
    <dimen name="x226">150.67dp</dimen>
    <dimen name="x227">151.33dp</dimen>
    <dimen name="x228">152.00dp</dimen>
    <dimen name="x229">152.67dp</dimen>
    <dimen name="x230">153.33dp</dimen>
    <dimen name="x231">154.00dp</dimen>
    <dimen name="x232">154.67dp</dimen>
    <dimen name="x233">155.33dp</dimen>
    <dimen name="x234">156.00dp</dimen>
    <dimen name="x235">156.67dp</dimen>
    <dimen name="x236">157.33dp</dimen>
    <dimen name="x237">158.00dp</dimen>
    <dimen name="x238">158.67dp</dimen>
    <dimen name="x239">159.33dp</dimen>
    <dimen name="x240">160.00dp</dimen>
    <dimen name="x241">160.67dp</dimen>
    <dimen name="x242">161.33dp</dimen>
    <dimen name="x243">162.00dp</dimen>
    <dimen name="x244">162.67dp</dimen>
    <dimen name="x245">163.33dp</dimen>
    <dimen name="x246">164.00dp</dimen>
    <dimen name="x247">164.67dp</dimen>
    <dimen name="x248">165.33dp</dimen>
    <dimen name="x249">166.00dp</dimen>
    <dimen name="x250">166.67dp</dimen>
    <dimen name="x251">167.33dp</dimen>
    <dimen name="x252">168.00dp</dimen>
    <dimen name="x253">168.67dp</dimen>
    <dimen name="x254">169.33dp</dimen>
    <dimen name="x255">170.00dp</dimen>
    <dimen name="x256">170.67dp</dimen>
    <dimen name="x257">171.33dp</dimen>
    <dimen name="x258">172.00dp</dimen>
    <dimen name="x259">172.67dp</dimen>
    <dimen name="x260">173.33dp</dimen>
    <dimen name="x261">174.00dp</dimen>
    <dimen name="x262">174.67dp</dimen>
    <dimen name="x263">175.33dp</dimen>
    <dimen name="x264">176.00dp</dimen>
    <dimen name="x265">176.67dp</dimen>
    <dimen name="x266">177.33dp</dimen>
    <dimen name="x267">178.00dp</dimen>
    <dimen name="x268">178.67dp</dimen>
    <dimen name="x269">179.33dp</dimen>
    <dimen name="x270">180.00dp</dimen>
    <dimen name="x271">180.67dp</dimen>
    <dimen name="x272">181.33dp</dimen>
    <dimen name="x273">182.00dp</dimen>
    <dimen name="x274">182.67dp</dimen>
    <dimen name="x275">183.33dp</dimen>
    <dimen name="x276">184.00dp</dimen>
    <dimen name="x277">184.67dp</dimen>
    <dimen name="x278">185.33dp</dimen>
    <dimen name="x279">186.00dp</dimen>
    <dimen name="x280">186.67dp</dimen>
    <dimen name="x281">187.33dp</dimen>
    <dimen name="x282">188.00dp</dimen>
    <dimen name="x283">188.67dp</dimen>
    <dimen name="x284">189.33dp</dimen>
    <dimen name="x285">190.00dp</dimen>
    <dimen name="x286">190.67dp</dimen>
    <dimen name="x287">191.33dp</dimen>
    <dimen name="x288">192.00dp</dimen>
    <dimen name="x289">192.67dp</dimen>
    <dimen name="x290">193.33dp</dimen>
    <dimen name="x291">194.00dp</dimen>
    <dimen name="x292">194.67dp</dimen>
    <dimen name="x293">195.33dp</dimen>
    <dimen name="x294">196.00dp</dimen>
    <dimen name="x295">196.67dp</dimen>
    <dimen name="x296">197.33dp</dimen>
    <dimen name="x297">198.00dp</dimen>
    <dimen name="x298">198.67dp</dimen>
    <dimen name="x299">199.33dp</dimen>
    <dimen name="x300">200.00dp</dimen>
    <dimen name="x301">200.67dp</dimen>
    <dimen name="x302">201.33dp</dimen>
    <dimen name="x303">202.00dp</dimen>
    <dimen name="x304">202.67dp</dimen>
    <dimen name="x305">203.33dp</dimen>
    <dimen name="x306">204.00dp</dimen>
    <dimen name="x307">204.67dp</dimen>
    <dimen name="x308">205.33dp</dimen>
    <dimen name="x309">206.00dp</dimen>
    <dimen name="x310">206.67dp</dimen>
    <dimen name="x311">207.33dp</dimen>
    <dimen name="x312">208.00dp</dimen>
    <dimen name="x313">208.67dp</dimen>
    <dimen name="x314">209.33dp</dimen>
    <dimen name="x315">210.00dp</dimen>
    <dimen name="x316">210.67dp</dimen>
    <dimen name="x317">211.33dp</dimen>
    <dimen name="x318">212.00dp</dimen>
    <dimen name="x319">212.67dp</dimen>
    <dimen name="x320">213.33dp</dimen>
    <dimen name="x321">214.00dp</dimen>
    <dimen name="x322">214.67dp</dimen>
    <dimen name="x323">215.33dp</dimen>
    <dimen name="x324">216.00dp</dimen>
    <dimen name="x325">216.67dp</dimen>
    <dimen name="x326">217.33dp</dimen>
    <dimen name="x327">218.00dp</dimen>
    <dimen name="x328">218.67dp</dimen>
    <dimen name="x329">219.33dp</dimen>
    <dimen name="x330">220.00dp</dimen>
    <dimen name="x331">220.67dp</dimen>
    <dimen name="x332">221.33dp</dimen>
    <dimen name="x333">222.00dp</dimen>
    <dimen name="x334">222.67dp</dimen>
    <dimen name="x335">223.33dp</dimen>
    <dimen name="x336">224.00dp</dimen>
    <dimen name="x337">224.67dp</dimen>
    <dimen name="x338">225.33dp</dimen>
    <dimen name="x339">226.00dp</dimen>
    <dimen name="x340">226.67dp</dimen>
    <dimen name="x341">227.33dp</dimen>
    <dimen name="x342">228.00dp</dimen>
    <dimen name="x343">228.67dp</dimen>
    <dimen name="x344">229.33dp</dimen>
    <dimen name="x345">230.00dp</dimen>
    <dimen name="x346">230.67dp</dimen>
    <dimen name="x347">231.33dp</dimen>
    <dimen name="x348">232.00dp</dimen>
    <dimen name="x349">232.67dp</dimen>
    <dimen name="x350">233.33dp</dimen>
    <dimen name="x351">234.00dp</dimen>
    <dimen name="x352">234.67dp</dimen>
    <dimen name="x353">235.33dp</dimen>
    <dimen name="x354">236.00dp</dimen>
    <dimen name="x355">236.67dp</dimen>
    <dimen name="x356">237.33dp</dimen>
    <dimen name="x357">238.00dp</dimen>
    <dimen name="x358">238.67dp</dimen>
    <dimen name="x359">239.33dp</dimen>
    <dimen name="x360">240.00dp</dimen>
    <dimen name="x361">240.67dp</dimen>
    <dimen name="x362">241.33dp</dimen>
    <dimen name="x363">242.00dp</dimen>
    <dimen name="x364">242.67dp</dimen>
    <dimen name="x365">243.33dp</dimen>
    <dimen name="x366">244.00dp</dimen>
    <dimen name="x367">244.67dp</dimen>
    <dimen name="x368">245.33dp</dimen>
    <dimen name="x369">246.00dp</dimen>
    <dimen name="x370">246.67dp</dimen>
    <dimen name="x371">247.33dp</dimen>
    <dimen name="x372">248.00dp</dimen>
    <dimen name="x373">248.67dp</dimen>
    <dimen name="x374">249.33dp</dimen>
    <dimen name="x375">250.00dp</dimen>
    <dimen name="x376">250.67dp</dimen>
    <dimen name="x377">251.33dp</dimen>
    <dimen name="x378">252.00dp</dimen>
    <dimen name="x379">252.67dp</dimen>
    <dimen name="x380">253.33dp</dimen>
    <dimen name="x381">254.00dp</dimen>
    <dimen name="x382">254.67dp</dimen>
    <dimen name="x383">255.33dp</dimen>
    <dimen name="x384">256.00dp</dimen>
    <dimen name="x385">256.67dp</dimen>
    <dimen name="x386">257.33dp</dimen>
    <dimen name="x387">258.00dp</dimen>
    <dimen name="x388">258.67dp</dimen>
    <dimen name="x389">259.33dp</dimen>
    <dimen name="x390">260.00dp</dimen>
    <dimen name="x391">260.67dp</dimen>
    <dimen name="x392">261.33dp</dimen>
    <dimen name="x393">262.00dp</dimen>
    <dimen name="x394">262.67dp</dimen>
    <dimen name="x395">263.33dp</dimen>
    <dimen name="x396">264.00dp</dimen>
    <dimen name="x397">264.67dp</dimen>
    <dimen name="x398">265.33dp</dimen>
    <dimen name="x399">266.00dp</dimen>
    <dimen name="x400">266.67dp</dimen>
    <dimen name="x401">267.33dp</dimen>
    <dimen name="x402">268.00dp</dimen>
    <dimen name="x403">268.67dp</dimen>
    <dimen name="x404">269.33dp</dimen>
    <dimen name="x405">270.00dp</dimen>
    <dimen name="x406">270.67dp</dimen>
    <dimen name="x407">271.33dp</dimen>
    <dimen name="x408">272.00dp</dimen>
    <dimen name="x409">272.67dp</dimen>
    <dimen name="x410">273.33dp</dimen>
    <dimen name="x411">274.00dp</dimen>
    <dimen name="x412">274.67dp</dimen>
    <dimen name="x413">275.33dp</dimen>
    <dimen name="x414">276.00dp</dimen>
    <dimen name="x415">276.67dp</dimen>
    <dimen name="x416">277.33dp</dimen>
    <dimen name="x417">278.00dp</dimen>
    <dimen name="x418">278.67dp</dimen>
    <dimen name="x419">279.33dp</dimen>
    <dimen name="x420">280.00dp</dimen>
    <dimen name="x421">280.67dp</dimen>
    <dimen name="x422">281.33dp</dimen>
    <dimen name="x423">282.00dp</dimen>
    <dimen name="x424">282.67dp</dimen>
    <dimen name="x425">283.33dp</dimen>
    <dimen name="x426">284.00dp</dimen>
    <dimen name="x427">284.67dp</dimen>
    <dimen name="x428">285.33dp</dimen>
    <dimen name="x429">286.00dp</dimen>
    <dimen name="x430">286.67dp</dimen>
    <dimen name="x431">287.33dp</dimen>
    <dimen name="x432">288.00dp</dimen>
    <dimen name="x433">288.67dp</dimen>
    <dimen name="x434">289.33dp</dimen>
    <dimen name="x435">290.00dp</dimen>
    <dimen name="x436">290.67dp</dimen>
    <dimen name="x437">291.33dp</dimen>
    <dimen name="x438">292.00dp</dimen>
    <dimen name="x439">292.67dp</dimen>
    <dimen name="x440">293.33dp</dimen>
    <dimen name="x441">294.00dp</dimen>
    <dimen name="x442">294.67dp</dimen>
    <dimen name="x443">295.33dp</dimen>
    <dimen name="x444">296.00dp</dimen>
    <dimen name="x445">296.67dp</dimen>
    <dimen name="x446">297.33dp</dimen>
    <dimen name="x447">298.00dp</dimen>
    <dimen name="x448">298.67dp</dimen>
    <dimen name="x449">299.33dp</dimen>
    <dimen name="x450">300.00dp</dimen>
    <dimen name="x451">300.67dp</dimen>
    <dimen name="x452">301.33dp</dimen>
    <dimen name="x453">302.00dp</dimen>
    <dimen name="x454">302.67dp</dimen>
    <dimen name="x455">303.33dp</dimen>
    <dimen name="x456">304.00dp</dimen>
    <dimen name="x457">304.67dp</dimen>
    <dimen name="x458">305.33dp</dimen>
    <dimen name="x459">306.00dp</dimen>
    <dimen name="x460">306.67dp</dimen>
    <dimen name="x461">307.33dp</dimen>
    <dimen name="x462">308.00dp</dimen>
    <dimen name="x463">308.67dp</dimen>
    <dimen name="x464">309.33dp</dimen>
    <dimen name="x465">310.00dp</dimen>
    <dimen name="x466">310.67dp</dimen>
    <dimen name="x467">311.33dp</dimen>
    <dimen name="x468">312.00dp</dimen>
    <dimen name="x469">312.67dp</dimen>
    <dimen name="x470">313.33dp</dimen>
    <dimen name="x471">314.00dp</dimen>
    <dimen name="x472">314.67dp</dimen>
    <dimen name="x473">315.33dp</dimen>
    <dimen name="x474">316.00dp</dimen>
    <dimen name="x475">316.67dp</dimen>
    <dimen name="x476">317.33dp</dimen>
    <dimen name="x477">318.00dp</dimen>
    <dimen name="x478">318.67dp</dimen>
    <dimen name="x479">319.33dp</dimen>
    <dimen name="x480">320.00dp</dimen>
    <dimen name="x481">320.67dp</dimen>
    <dimen name="x482">321.33dp</dimen>
    <dimen name="x483">322.00dp</dimen>
    <dimen name="x484">322.67dp</dimen>
    <dimen name="x485">323.33dp</dimen>
    <dimen name="x486">324.00dp</dimen>
    <dimen name="x487">324.67dp</dimen>
    <dimen name="x488">325.33dp</dimen>
    <dimen name="x489">326.00dp</dimen>
    <dimen name="x490">326.67dp</dimen>
    <dimen name="x491">327.33dp</dimen>
    <dimen name="x492">328.00dp</dimen>
    <dimen name="x493">328.67dp</dimen>
    <dimen name="x494">329.33dp</dimen>
    <dimen name="x495">330.00dp</dimen>
    <dimen name="x496">330.67dp</dimen>
    <dimen name="x497">331.33dp</dimen>
    <dimen name="x498">332.00dp</dimen>
    <dimen name="x499">332.67dp</dimen>
    <dimen name="x500">333.33dp</dimen>
    <dimen name="x501">334.00dp</dimen>
    <dimen name="x502">334.67dp</dimen>
    <dimen name="x503">335.33dp</dimen>
    <dimen name="x504">336.00dp</dimen>
    <dimen name="x505">336.67dp</dimen>
    <dimen name="x506">337.33dp</dimen>
    <dimen name="x507">338.00dp</dimen>
    <dimen name="x508">338.67dp</dimen>
    <dimen name="x509">339.33dp</dimen>
    <dimen name="x510">340.00dp</dimen>
    <dimen name="x511">340.67dp</dimen>
    <dimen name="x512">341.33dp</dimen>
    <dimen name="x513">342.00dp</dimen>
    <dimen name="x514">342.67dp</dimen>
    <dimen name="x515">343.33dp</dimen>
    <dimen name="x516">344.00dp</dimen>
    <dimen name="x517">344.67dp</dimen>
    <dimen name="x518">345.33dp</dimen>
    <dimen name="x519">346.00dp</dimen>
    <dimen name="x520">346.67dp</dimen>
    <dimen name="x521">347.33dp</dimen>
    <dimen name="x522">348.00dp</dimen>
    <dimen name="x523">348.67dp</dimen>
    <dimen name="x524">349.33dp</dimen>
    <dimen name="x525">350.00dp</dimen>
    <dimen name="x526">350.67dp</dimen>
    <dimen name="x527">351.33dp</dimen>
    <dimen name="x528">352.00dp</dimen>
    <dimen name="x529">352.67dp</dimen>
    <dimen name="x530">353.33dp</dimen>
    <dimen name="x531">354.00dp</dimen>
    <dimen name="x532">354.67dp</dimen>
    <dimen name="x533">355.33dp</dimen>
    <dimen name="x534">356.00dp</dimen>
    <dimen name="x535">356.67dp</dimen>
    <dimen name="x536">357.33dp</dimen>
    <dimen name="x537">358.00dp</dimen>
    <dimen name="x538">358.67dp</dimen>
    <dimen name="x539">359.33dp</dimen>
    <dimen name="x540">360.00dp</dimen>
    <dimen name="x541">360.67dp</dimen>
    <dimen name="x542">361.33dp</dimen>
    <dimen name="x543">362.00dp</dimen>
    <dimen name="x544">362.67dp</dimen>
    <dimen name="x545">363.33dp</dimen>
    <dimen name="x546">364.00dp</dimen>
    <dimen name="x547">364.67dp</dimen>
    <dimen name="x548">365.33dp</dimen>
    <dimen name="x549">366.00dp</dimen>
    <dimen name="x550">366.67dp</dimen>
    <dimen name="x551">367.33dp</dimen>
    <dimen name="x552">368.00dp</dimen>
    <dimen name="x553">368.67dp</dimen>
    <dimen name="x554">369.33dp</dimen>
    <dimen name="x555">370.00dp</dimen>
    <dimen name="x556">370.67dp</dimen>
    <dimen name="x557">371.33dp</dimen>
    <dimen name="x558">372.00dp</dimen>
    <dimen name="x559">372.67dp</dimen>
    <dimen name="x560">373.33dp</dimen>
    <dimen name="x561">374.00dp</dimen>
    <dimen name="x562">374.67dp</dimen>
    <dimen name="x563">375.33dp</dimen>
    <dimen name="x564">376.00dp</dimen>
    <dimen name="x565">376.67dp</dimen>
    <dimen name="x566">377.33dp</dimen>
    <dimen name="x567">378.00dp</dimen>
    <dimen name="x568">378.67dp</dimen>
    <dimen name="x569">379.33dp</dimen>
    <dimen name="x570">380.00dp</dimen>
    <dimen name="x571">380.67dp</dimen>
    <dimen name="x572">381.33dp</dimen>
    <dimen name="x573">382.00dp</dimen>
    <dimen name="x574">382.67dp</dimen>
    <dimen name="x575">383.33dp</dimen>
    <dimen name="x576">384.00dp</dimen>
    <dimen name="x577">384.67dp</dimen>
    <dimen name="x578">385.33dp</dimen>
    <dimen name="x579">386.00dp</dimen>
    <dimen name="x580">386.67dp</dimen>
    <dimen name="x581">387.33dp</dimen>
    <dimen name="x582">388.00dp</dimen>
    <dimen name="x583">388.67dp</dimen>
    <dimen name="x584">389.33dp</dimen>
    <dimen name="x585">390.00dp</dimen>
    <dimen name="x586">390.67dp</dimen>
    <dimen name="x587">391.33dp</dimen>
    <dimen name="x588">392.00dp</dimen>
    <dimen name="x589">392.67dp</dimen>
    <dimen name="x590">393.33dp</dimen>
    <dimen name="x591">394.00dp</dimen>
    <dimen name="x592">394.67dp</dimen>
    <dimen name="x593">395.33dp</dimen>
    <dimen name="x594">396.00dp</dimen>
    <dimen name="x595">396.67dp</dimen>
    <dimen name="x596">397.33dp</dimen>
    <dimen name="x597">398.00dp</dimen>
    <dimen name="x598">398.67dp</dimen>
    <dimen name="x599">399.33dp</dimen>
    <dimen name="x600">400.00dp</dimen>
    <dimen name="x601">400.67dp</dimen>
    <dimen name="x602">401.33dp</dimen>
    <dimen name="x603">402.00dp</dimen>
    <dimen name="x604">402.67dp</dimen>
    <dimen name="x605">403.33dp</dimen>
    <dimen name="x606">404.00dp</dimen>
    <dimen name="x607">404.67dp</dimen>
    <dimen name="x608">405.33dp</dimen>
    <dimen name="x609">406.00dp</dimen>
    <dimen name="x610">406.67dp</dimen>
    <dimen name="x611">407.33dp</dimen>
    <dimen name="x612">408.00dp</dimen>
    <dimen name="x613">408.67dp</dimen>
    <dimen name="x614">409.33dp</dimen>
    <dimen name="x615">410.00dp</dimen>
    <dimen name="x616">410.67dp</dimen>
    <dimen name="x617">411.33dp</dimen>
    <dimen name="x618">412.00dp</dimen>
    <dimen name="x619">412.67dp</dimen>
    <dimen name="x620">413.33dp</dimen>
    <dimen name="x621">414.00dp</dimen>
    <dimen name="x622">414.67dp</dimen>
    <dimen name="x623">415.33dp</dimen>
    <dimen name="x624">416.00dp</dimen>
    <dimen name="x625">416.67dp</dimen>
    <dimen name="x626">417.33dp</dimen>
    <dimen name="x627">418.00dp</dimen>
    <dimen name="x628">418.67dp</dimen>
    <dimen name="x629">419.33dp</dimen>
    <dimen name="x630">420.00dp</dimen>
    <dimen name="x631">420.67dp</dimen>
    <dimen name="x632">421.33dp</dimen>
    <dimen name="x633">422.00dp</dimen>
    <dimen name="x634">422.67dp</dimen>
    <dimen name="x635">423.33dp</dimen>
    <dimen name="x636">424.00dp</dimen>
    <dimen name="x637">424.67dp</dimen>
    <dimen name="x638">425.33dp</dimen>
    <dimen name="x639">426.00dp</dimen>
    <dimen name="x640">426.67dp</dimen>
    <dimen name="x641">427.33dp</dimen>
    <dimen name="x642">428.00dp</dimen>
    <dimen name="x643">428.67dp</dimen>
    <dimen name="x644">429.33dp</dimen>
    <dimen name="x645">430.00dp</dimen>
    <dimen name="x646">430.67dp</dimen>
    <dimen name="x647">431.33dp</dimen>
    <dimen name="x648">432.00dp</dimen>
    <dimen name="x649">432.67dp</dimen>
    <dimen name="x650">433.33dp</dimen>
    <dimen name="x651">434.00dp</dimen>
    <dimen name="x652">434.67dp</dimen>
    <dimen name="x653">435.33dp</dimen>
    <dimen name="x654">436.00dp</dimen>
    <dimen name="x655">436.67dp</dimen>
    <dimen name="x656">437.33dp</dimen>
    <dimen name="x657">438.00dp</dimen>
    <dimen name="x658">438.67dp</dimen>
    <dimen name="x659">439.33dp</dimen>
    <dimen name="x660">440.00dp</dimen>
    <dimen name="x661">440.67dp</dimen>
    <dimen name="x662">441.33dp</dimen>
    <dimen name="x663">442.00dp</dimen>
    <dimen name="x664">442.67dp</dimen>
    <dimen name="x665">443.33dp</dimen>
    <dimen name="x666">444.00dp</dimen>
    <dimen name="x667">444.67dp</dimen>
    <dimen name="x668">445.33dp</dimen>
    <dimen name="x669">446.00dp</dimen>
    <dimen name="x670">446.67dp</dimen>
    <dimen name="x671">447.33dp</dimen>
    <dimen name="x672">448.00dp</dimen>
    <dimen name="x673">448.67dp</dimen>
    <dimen name="x674">449.33dp</dimen>
    <dimen name="x675">450.00dp</dimen>
    <dimen name="x676">450.67dp</dimen>
    <dimen name="x677">451.33dp</dimen>
    <dimen name="x678">452.00dp</dimen>
    <dimen name="x679">452.67dp</dimen>
    <dimen name="x680">453.33dp</dimen>
    <dimen name="x681">454.00dp</dimen>
    <dimen name="x682">454.67dp</dimen>
    <dimen name="x683">455.33dp</dimen>
    <dimen name="x684">456.00dp</dimen>
    <dimen name="x685">456.67dp</dimen>
    <dimen name="x686">457.33dp</dimen>
    <dimen name="x687">458.00dp</dimen>
    <dimen name="x688">458.67dp</dimen>
    <dimen name="x689">459.33dp</dimen>
    <dimen name="x690">460.00dp</dimen>
    <dimen name="x691">460.67dp</dimen>
    <dimen name="x692">461.33dp</dimen>
    <dimen name="x693">462.00dp</dimen>
    <dimen name="x694">462.67dp</dimen>
    <dimen name="x695">463.33dp</dimen>
    <dimen name="x696">464.00dp</dimen>
    <dimen name="x697">464.67dp</dimen>
    <dimen name="x698">465.33dp</dimen>
    <dimen name="x699">466.00dp</dimen>
    <dimen name="x700">466.67dp</dimen>
    <dimen name="x701">467.33dp</dimen>
    <dimen name="x702">468.00dp</dimen>
    <dimen name="x703">468.67dp</dimen>
    <dimen name="x704">469.33dp</dimen>
    <dimen name="x705">470.00dp</dimen>
    <dimen name="x706">470.67dp</dimen>
    <dimen name="x707">471.33dp</dimen>
    <dimen name="x708">472.00dp</dimen>
    <dimen name="x709">472.67dp</dimen>
    <dimen name="x710">473.33dp</dimen>
    <dimen name="x711">474.00dp</dimen>
    <dimen name="x712">474.67dp</dimen>
    <dimen name="x713">475.33dp</dimen>
    <dimen name="x714">476.00dp</dimen>
    <dimen name="x715">476.67dp</dimen>
    <dimen name="x716">477.33dp</dimen>
    <dimen name="x717">478.00dp</dimen>
    <dimen name="x718">478.67dp</dimen>
    <dimen name="x719">479.33dp</dimen>
    <dimen name="x720">480.00dp</dimen>
    <dimen name="x721">480.67dp</dimen>
    <dimen name="x722">481.33dp</dimen>
    <dimen name="x723">482.00dp</dimen>
    <dimen name="x724">482.67dp</dimen>
    <dimen name="x725">483.33dp</dimen>
    <dimen name="x726">484.00dp</dimen>
    <dimen name="x727">484.67dp</dimen>
    <dimen name="x728">485.33dp</dimen>
    <dimen name="x729">486.00dp</dimen>
    <dimen name="x730">486.67dp</dimen>
    <dimen name="x731">487.33dp</dimen>
    <dimen name="x732">488.00dp</dimen>
    <dimen name="x733">488.67dp</dimen>
    <dimen name="x734">489.33dp</dimen>
    <dimen name="x735">490.00dp</dimen>
    <dimen name="x736">490.67dp</dimen>
    <dimen name="x737">491.33dp</dimen>
    <dimen name="x738">492.00dp</dimen>
    <dimen name="x739">492.67dp</dimen>
    <dimen name="x740">493.33dp</dimen>
    <dimen name="x741">494.00dp</dimen>
    <dimen name="x742">494.67dp</dimen>
    <dimen name="x743">495.33dp</dimen>
    <dimen name="x744">496.00dp</dimen>
    <dimen name="x745">496.67dp</dimen>
    <dimen name="x746">497.33dp</dimen>
    <dimen name="x747">498.00dp</dimen>
    <dimen name="x748">498.67dp</dimen>
    <dimen name="x749">499.33dp</dimen>
    <dimen name="x750">500.00dp</dimen>
    <dimen name="x751">500.67dp</dimen>
    <dimen name="x752">501.33dp</dimen>
    <dimen name="x753">502.00dp</dimen>
    <dimen name="x754">502.67dp</dimen>
    <dimen name="x755">503.33dp</dimen>
    <dimen name="x756">504.00dp</dimen>
    <dimen name="x757">504.67dp</dimen>
    <dimen name="x758">505.33dp</dimen>
    <dimen name="x759">506.00dp</dimen>
    <dimen name="x760">506.67dp</dimen>
    <dimen name="x761">507.33dp</dimen>
    <dimen name="x762">508.00dp</dimen>
    <dimen name="x763">508.67dp</dimen>
    <dimen name="x764">509.33dp</dimen>
    <dimen name="x765">510.00dp</dimen>
    <dimen name="x766">510.67dp</dimen>
    <dimen name="x767">511.33dp</dimen>
    <dimen name="x768">512.00dp</dimen>
    <dimen name="x769">512.67dp</dimen>
    <dimen name="x770">513.33dp</dimen>
    <dimen name="x771">514.00dp</dimen>
    <dimen name="x772">514.67dp</dimen>
    <dimen name="x773">515.33dp</dimen>
    <dimen name="x774">516.00dp</dimen>
    <dimen name="x775">516.67dp</dimen>
    <dimen name="x776">517.33dp</dimen>
    <dimen name="x777">518.00dp</dimen>
    <dimen name="x778">518.67dp</dimen>
    <dimen name="x779">519.33dp</dimen>
    <dimen name="x780">520.00dp</dimen>
    <dimen name="x781">520.67dp</dimen>
    <dimen name="x782">521.33dp</dimen>
    <dimen name="x783">522.00dp</dimen>
    <dimen name="x784">522.67dp</dimen>
    <dimen name="x785">523.33dp</dimen>
    <dimen name="x786">524.00dp</dimen>
    <dimen name="x787">524.67dp</dimen>
    <dimen name="x788">525.33dp</dimen>
    <dimen name="x789">526.00dp</dimen>
    <dimen name="x790">526.67dp</dimen>
    <dimen name="x791">527.33dp</dimen>
    <dimen name="x792">528.00dp</dimen>
    <dimen name="x793">528.67dp</dimen>
    <dimen name="x794">529.33dp</dimen>
    <dimen name="x795">530.00dp</dimen>
    <dimen name="x796">530.67dp</dimen>
    <dimen name="x797">531.33dp</dimen>
    <dimen name="x798">532.00dp</dimen>
    <dimen name="x799">532.67dp</dimen>
    <dimen name="x800">533.33dp</dimen>
    <dimen name="x801">534.00dp</dimen>
    <dimen name="x802">534.67dp</dimen>
    <dimen name="x803">535.33dp</dimen>
    <dimen name="x804">536.00dp</dimen>
    <dimen name="x805">536.67dp</dimen>
    <dimen name="x806">537.33dp</dimen>
    <dimen name="x807">538.00dp</dimen>
    <dimen name="x808">538.67dp</dimen>
    <dimen name="x809">539.33dp</dimen>
    <dimen name="x810">540.00dp</dimen>
    <dimen name="x811">540.67dp</dimen>
    <dimen name="x812">541.33dp</dimen>
    <dimen name="x813">542.00dp</dimen>
    <dimen name="x814">542.67dp</dimen>
    <dimen name="x815">543.33dp</dimen>
    <dimen name="x816">544.00dp</dimen>
    <dimen name="x817">544.67dp</dimen>
    <dimen name="x818">545.33dp</dimen>
    <dimen name="x819">546.00dp</dimen>
    <dimen name="x820">546.67dp</dimen>
    <dimen name="x821">547.33dp</dimen>
    <dimen name="x822">548.00dp</dimen>
    <dimen name="x823">548.67dp</dimen>
    <dimen name="x824">549.33dp</dimen>
    <dimen name="x825">550.00dp</dimen>
    <dimen name="x826">550.67dp</dimen>
    <dimen name="x827">551.33dp</dimen>
    <dimen name="x828">552.00dp</dimen>
    <dimen name="x829">552.67dp</dimen>
    <dimen name="x830">553.33dp</dimen>
    <dimen name="x831">554.00dp</dimen>
    <dimen name="x832">554.67dp</dimen>
    <dimen name="x833">555.33dp</dimen>
    <dimen name="x834">556.00dp</dimen>
    <dimen name="x835">556.67dp</dimen>
    <dimen name="x836">557.33dp</dimen>
    <dimen name="x837">558.00dp</dimen>
    <dimen name="x838">558.67dp</dimen>
    <dimen name="x839">559.33dp</dimen>
    <dimen name="x840">560.00dp</dimen>
    <dimen name="x841">560.67dp</dimen>
    <dimen name="x842">561.33dp</dimen>
    <dimen name="x843">562.00dp</dimen>
    <dimen name="x844">562.67dp</dimen>
    <dimen name="x845">563.33dp</dimen>
    <dimen name="x846">564.00dp</dimen>
    <dimen name="x847">564.67dp</dimen>
    <dimen name="x848">565.33dp</dimen>
    <dimen name="x849">566.00dp</dimen>
    <dimen name="x850">566.67dp</dimen>
    <dimen name="x851">567.33dp</dimen>
    <dimen name="x852">568.00dp</dimen>
    <dimen name="x853">568.67dp</dimen>
    <dimen name="x854">569.33dp</dimen>
    <dimen name="x855">570.00dp</dimen>
    <dimen name="x856">570.67dp</dimen>
    <dimen name="x857">571.33dp</dimen>
    <dimen name="x858">572.00dp</dimen>
    <dimen name="x859">572.67dp</dimen>
    <dimen name="x860">573.33dp</dimen>
    <dimen name="x861">574.00dp</dimen>
    <dimen name="x862">574.67dp</dimen>
    <dimen name="x863">575.33dp</dimen>
    <dimen name="x864">576.00dp</dimen>
    <dimen name="x865">576.67dp</dimen>
    <dimen name="x866">577.33dp</dimen>
    <dimen name="x867">578.00dp</dimen>
    <dimen name="x868">578.67dp</dimen>
    <dimen name="x869">579.33dp</dimen>
    <dimen name="x870">580.00dp</dimen>
    <dimen name="x871">580.67dp</dimen>
    <dimen name="x872">581.33dp</dimen>
    <dimen name="x873">582.00dp</dimen>
    <dimen name="x874">582.67dp</dimen>
    <dimen name="x875">583.33dp</dimen>
    <dimen name="x876">584.00dp</dimen>
    <dimen name="x877">584.67dp</dimen>
    <dimen name="x878">585.33dp</dimen>
    <dimen name="x879">586.00dp</dimen>
    <dimen name="x880">586.67dp</dimen>
    <dimen name="x881">587.33dp</dimen>
    <dimen name="x882">588.00dp</dimen>
    <dimen name="x883">588.67dp</dimen>
    <dimen name="x884">589.33dp</dimen>
    <dimen name="x885">590.00dp</dimen>
    <dimen name="x886">590.67dp</dimen>
    <dimen name="x887">591.33dp</dimen>
    <dimen name="x888">592.00dp</dimen>
    <dimen name="x889">592.67dp</dimen>
    <dimen name="x890">593.33dp</dimen>
    <dimen name="x891">594.00dp</dimen>
    <dimen name="x892">594.67dp</dimen>
    <dimen name="x893">595.33dp</dimen>
    <dimen name="x894">596.00dp</dimen>
    <dimen name="x895">596.67dp</dimen>
    <dimen name="x896">597.33dp</dimen>
    <dimen name="x897">598.00dp</dimen>
    <dimen name="x898">598.67dp</dimen>
    <dimen name="x899">599.33dp</dimen>
    <dimen name="x900">600.00dp</dimen>
    <dimen name="x901">600.67dp</dimen>
    <dimen name="x902">601.33dp</dimen>
    <dimen name="x903">602.00dp</dimen>
    <dimen name="x904">602.67dp</dimen>
    <dimen name="x905">603.33dp</dimen>
    <dimen name="x906">604.00dp</dimen>
    <dimen name="x907">604.67dp</dimen>
    <dimen name="x908">605.33dp</dimen>
    <dimen name="x909">606.00dp</dimen>
    <dimen name="x910">606.67dp</dimen>
    <dimen name="x911">607.33dp</dimen>
    <dimen name="x912">608.00dp</dimen>
    <dimen name="x913">608.67dp</dimen>
    <dimen name="x914">609.33dp</dimen>
    <dimen name="x915">610.00dp</dimen>
    <dimen name="x916">610.67dp</dimen>
    <dimen name="x917">611.33dp</dimen>
    <dimen name="x918">612.00dp</dimen>
    <dimen name="x919">612.67dp</dimen>
    <dimen name="x920">613.33dp</dimen>
    <dimen name="x921">614.00dp</dimen>
    <dimen name="x922">614.67dp</dimen>
    <dimen name="x923">615.33dp</dimen>
    <dimen name="x924">616.00dp</dimen>
    <dimen name="x925">616.67dp</dimen>
    <dimen name="x926">617.33dp</dimen>
    <dimen name="x927">618.00dp</dimen>
    <dimen name="x928">618.67dp</dimen>
    <dimen name="x929">619.33dp</dimen>
    <dimen name="x930">620.00dp</dimen>
    <dimen name="x931">620.67dp</dimen>
    <dimen name="x932">621.33dp</dimen>
    <dimen name="x933">622.00dp</dimen>
    <dimen name="x934">622.67dp</dimen>
    <dimen name="x935">623.33dp</dimen>
    <dimen name="x936">624.00dp</dimen>
    <dimen name="x937">624.67dp</dimen>
    <dimen name="x938">625.33dp</dimen>
    <dimen name="x939">626.00dp</dimen>
    <dimen name="x940">626.67dp</dimen>
    <dimen name="x941">627.33dp</dimen>
    <dimen name="x942">628.00dp</dimen>
    <dimen name="x943">628.67dp</dimen>
    <dimen name="x944">629.33dp</dimen>
    <dimen name="x945">630.00dp</dimen>
    <dimen name="x946">630.67dp</dimen>
    <dimen name="x947">631.33dp</dimen>
    <dimen name="x948">632.00dp</dimen>
    <dimen name="x949">632.67dp</dimen>
    <dimen name="x950">633.33dp</dimen>
    <dimen name="x951">634.00dp</dimen>
    <dimen name="x952">634.67dp</dimen>
    <dimen name="x953">635.33dp</dimen>
    <dimen name="x954">636.00dp</dimen>
    <dimen name="x955">636.67dp</dimen>
    <dimen name="x956">637.33dp</dimen>
    <dimen name="x957">638.00dp</dimen>
    <dimen name="x958">638.67dp</dimen>
    <dimen name="x959">639.33dp</dimen>
    <dimen name="x960">640.00dp</dimen>
    <dimen name="x961">640.67dp</dimen>
    <dimen name="x962">641.33dp</dimen>
    <dimen name="x963">642.00dp</dimen>
    <dimen name="x964">642.67dp</dimen>
    <dimen name="x965">643.33dp</dimen>
    <dimen name="x966">644.00dp</dimen>
    <dimen name="x967">644.67dp</dimen>
    <dimen name="x968">645.33dp</dimen>
    <dimen name="x969">646.00dp</dimen>
    <dimen name="x970">646.67dp</dimen>
    <dimen name="x971">647.33dp</dimen>
    <dimen name="x972">648.00dp</dimen>
    <dimen name="x973">648.67dp</dimen>
    <dimen name="x974">649.33dp</dimen>
    <dimen name="x975">650.00dp</dimen>
    <dimen name="x976">650.67dp</dimen>
    <dimen name="x977">651.33dp</dimen>
    <dimen name="x978">652.00dp</dimen>
    <dimen name="x979">652.67dp</dimen>
    <dimen name="x980">653.33dp</dimen>
    <dimen name="x981">654.00dp</dimen>
    <dimen name="x982">654.67dp</dimen>
    <dimen name="x983">655.33dp</dimen>
    <dimen name="x984">656.00dp</dimen>
    <dimen name="x985">656.67dp</dimen>
    <dimen name="x986">657.33dp</dimen>
    <dimen name="x987">658.00dp</dimen>
    <dimen name="x988">658.67dp</dimen>
    <dimen name="x989">659.33dp</dimen>
    <dimen name="x990">660.00dp</dimen>
    <dimen name="x991">660.67dp</dimen>
    <dimen name="x992">661.33dp</dimen>
    <dimen name="x993">662.00dp</dimen>
    <dimen name="x994">662.67dp</dimen>
    <dimen name="x995">663.33dp</dimen>
    <dimen name="x996">664.00dp</dimen>
    <dimen name="x997">664.67dp</dimen>
    <dimen name="x998">665.33dp</dimen>
    <dimen name="x999">666.00dp</dimen>
    <dimen name="x1000">666.67dp</dimen>
    <dimen name="x1001">667.33dp</dimen>
    <dimen name="x1002">668.00dp</dimen>
    <dimen name="x1003">668.67dp</dimen>
    <dimen name="x1004">669.33dp</dimen>
    <dimen name="x1005">670.00dp</dimen>
    <dimen name="x1006">670.67dp</dimen>
    <dimen name="x1007">671.33dp</dimen>
    <dimen name="x1008">672.00dp</dimen>
    <dimen name="x1009">672.67dp</dimen>
    <dimen name="x1010">673.33dp</dimen>
    <dimen name="x1011">674.00dp</dimen>
    <dimen name="x1012">674.67dp</dimen>
    <dimen name="x1013">675.33dp</dimen>
    <dimen name="x1014">676.00dp</dimen>
    <dimen name="x1015">676.67dp</dimen>
    <dimen name="x1016">677.33dp</dimen>
    <dimen name="x1017">678.00dp</dimen>
    <dimen name="x1018">678.67dp</dimen>
    <dimen name="x1019">679.33dp</dimen>
    <dimen name="x1020">680.00dp</dimen>
    <dimen name="x1021">680.67dp</dimen>
    <dimen name="x1022">681.33dp</dimen>
    <dimen name="x1023">682.00dp</dimen>
    <dimen name="x1024">682.67dp</dimen>
    <dimen name="x1025">683.33dp</dimen>
    <dimen name="x1026">684.00dp</dimen>
    <dimen name="x1027">684.67dp</dimen>
    <dimen name="x1028">685.33dp</dimen>
    <dimen name="x1029">686.00dp</dimen>
    <dimen name="x1030">686.67dp</dimen>
    <dimen name="x1031">687.33dp</dimen>
    <dimen name="x1032">688.00dp</dimen>
    <dimen name="x1033">688.67dp</dimen>
    <dimen name="x1034">689.33dp</dimen>
    <dimen name="x1035">690.00dp</dimen>
    <dimen name="x1036">690.67dp</dimen>
    <dimen name="x1037">691.33dp</dimen>
    <dimen name="x1038">692.00dp</dimen>
    <dimen name="x1039">692.67dp</dimen>
    <dimen name="x1040">693.33dp</dimen>
    <dimen name="x1041">694.00dp</dimen>
    <dimen name="x1042">694.67dp</dimen>
    <dimen name="x1043">695.33dp</dimen>
    <dimen name="x1044">696.00dp</dimen>
    <dimen name="x1045">696.67dp</dimen>
    <dimen name="x1046">697.33dp</dimen>
    <dimen name="x1047">698.00dp</dimen>
    <dimen name="x1048">698.67dp</dimen>
    <dimen name="x1049">699.33dp</dimen>
    <dimen name="x1050">700.00dp</dimen>
    <dimen name="x1051">700.67dp</dimen>
    <dimen name="x1052">701.33dp</dimen>
    <dimen name="x1053">702.00dp</dimen>
    <dimen name="x1054">702.67dp</dimen>
    <dimen name="x1055">703.33dp</dimen>
    <dimen name="x1056">704.00dp</dimen>
    <dimen name="x1057">704.67dp</dimen>
    <dimen name="x1058">705.33dp</dimen>
    <dimen name="x1059">706.00dp</dimen>
    <dimen name="x1060">706.67dp</dimen>
    <dimen name="x1061">707.33dp</dimen>
    <dimen name="x1062">708.00dp</dimen>
    <dimen name="x1063">708.67dp</dimen>
    <dimen name="x1064">709.33dp</dimen>
    <dimen name="x1065">710.00dp</dimen>
    <dimen name="x1066">710.67dp</dimen>
    <dimen name="x1067">711.33dp</dimen>
    <dimen name="x1068">712.00dp</dimen>
    <dimen name="x1069">712.67dp</dimen>
    <dimen name="x1070">713.33dp</dimen>
    <dimen name="x1071">714.00dp</dimen>
    <dimen name="x1072">714.67dp</dimen>
    <dimen name="x1073">715.33dp</dimen>
    <dimen name="x1074">716.00dp</dimen>
    <dimen name="x1075">716.67dp</dimen>
    <dimen name="x1076">717.33dp</dimen>
    <dimen name="x1077">718.00dp</dimen>
    <dimen name="x1078">718.67dp</dimen>
    <dimen name="x1079">719.33dp</dimen>
    <dimen name="x1080">720.00dp</dimen>
</resources>