<?xml version="1.0" encoding="utf-8"?>
<resources>
    <string name="sw_dp">1180dp</string>
    <dimen name="x1">1.09dp</dimen>
    <dimen name="x2">2.19dp</dimen>
    <dimen name="x3">3.28dp</dimen>
    <dimen name="x4">4.37dp</dimen>
    <dimen name="x5">5.46dp</dimen>
    <dimen name="x6">6.56dp</dimen>
    <dimen name="x7">7.65dp</dimen>
    <dimen name="x8">8.74dp</dimen>
    <dimen name="x9">9.83dp</dimen>
    <dimen name="x10">10.93dp</dimen>
    <dimen name="x11">12.02dp</dimen>
    <dimen name="x12">13.11dp</dimen>
    <dimen name="x13">14.20dp</dimen>
    <dimen name="x14">15.30dp</dimen>
    <dimen name="x15">16.39dp</dimen>
    <dimen name="x16">17.48dp</dimen>
    <dimen name="x17">18.57dp</dimen>
    <dimen name="x18">19.67dp</dimen>
    <dimen name="x19">20.76dp</dimen>
    <dimen name="x20">21.85dp</dimen>
    <dimen name="x21">22.94dp</dimen>
    <dimen name="x22">24.04dp</dimen>
    <dimen name="x23">25.13dp</dimen>
    <dimen name="x24">26.22dp</dimen>
    <dimen name="x25">27.31dp</dimen>
    <dimen name="x26">28.41dp</dimen>
    <dimen name="x27">29.50dp</dimen>
    <dimen name="x28">30.59dp</dimen>
    <dimen name="x29">31.69dp</dimen>
    <dimen name="x30">32.78dp</dimen>
    <dimen name="x31">33.87dp</dimen>
    <dimen name="x32">34.96dp</dimen>
    <dimen name="x33">36.06dp</dimen>
    <dimen name="x34">37.15dp</dimen>
    <dimen name="x35">38.24dp</dimen>
    <dimen name="x36">39.33dp</dimen>
    <dimen name="x37">40.43dp</dimen>
    <dimen name="x38">41.52dp</dimen>
    <dimen name="x39">42.61dp</dimen>
    <dimen name="x40">43.70dp</dimen>
    <dimen name="x41">44.80dp</dimen>
    <dimen name="x42">45.89dp</dimen>
    <dimen name="x43">46.98dp</dimen>
    <dimen name="x44">48.07dp</dimen>
    <dimen name="x45">49.17dp</dimen>
    <dimen name="x46">50.26dp</dimen>
    <dimen name="x47">51.35dp</dimen>
    <dimen name="x48">52.44dp</dimen>
    <dimen name="x49">53.54dp</dimen>
    <dimen name="x50">54.63dp</dimen>
    <dimen name="x51">55.72dp</dimen>
    <dimen name="x52">56.81dp</dimen>
    <dimen name="x53">57.91dp</dimen>
    <dimen name="x54">59.00dp</dimen>
    <dimen name="x55">60.09dp</dimen>
    <dimen name="x56">61.19dp</dimen>
    <dimen name="x57">62.28dp</dimen>
    <dimen name="x58">63.37dp</dimen>
    <dimen name="x59">64.46dp</dimen>
    <dimen name="x60">65.56dp</dimen>
    <dimen name="x61">66.65dp</dimen>
    <dimen name="x62">67.74dp</dimen>
    <dimen name="x63">68.83dp</dimen>
    <dimen name="x64">69.93dp</dimen>
    <dimen name="x65">71.02dp</dimen>
    <dimen name="x66">72.11dp</dimen>
    <dimen name="x67">73.20dp</dimen>
    <dimen name="x68">74.30dp</dimen>
    <dimen name="x69">75.39dp</dimen>
    <dimen name="x70">76.48dp</dimen>
    <dimen name="x71">77.57dp</dimen>
    <dimen name="x72">78.67dp</dimen>
    <dimen name="x73">79.76dp</dimen>
    <dimen name="x74">80.85dp</dimen>
    <dimen name="x75">81.94dp</dimen>
    <dimen name="x76">83.04dp</dimen>
    <dimen name="x77">84.13dp</dimen>
    <dimen name="x78">85.22dp</dimen>
    <dimen name="x79">86.31dp</dimen>
    <dimen name="x80">87.41dp</dimen>
    <dimen name="x81">88.50dp</dimen>
    <dimen name="x82">89.59dp</dimen>
    <dimen name="x83">90.69dp</dimen>
    <dimen name="x84">91.78dp</dimen>
    <dimen name="x85">92.87dp</dimen>
    <dimen name="x86">93.96dp</dimen>
    <dimen name="x87">95.06dp</dimen>
    <dimen name="x88">96.15dp</dimen>
    <dimen name="x89">97.24dp</dimen>
    <dimen name="x90">98.33dp</dimen>
    <dimen name="x91">99.43dp</dimen>
    <dimen name="x92">100.52dp</dimen>
    <dimen name="x93">101.61dp</dimen>
    <dimen name="x94">102.70dp</dimen>
    <dimen name="x95">103.80dp</dimen>
    <dimen name="x96">104.89dp</dimen>
    <dimen name="x97">105.98dp</dimen>
    <dimen name="x98">107.07dp</dimen>
    <dimen name="x99">108.17dp</dimen>
    <dimen name="x100">109.26dp</dimen>
    <dimen name="x101">110.35dp</dimen>
    <dimen name="x102">111.44dp</dimen>
    <dimen name="x103">112.54dp</dimen>
    <dimen name="x104">113.63dp</dimen>
    <dimen name="x105">114.72dp</dimen>
    <dimen name="x106">115.81dp</dimen>
    <dimen name="x107">116.91dp</dimen>
    <dimen name="x108">118.00dp</dimen>
    <dimen name="x109">119.09dp</dimen>
    <dimen name="x110">120.19dp</dimen>
    <dimen name="x111">121.28dp</dimen>
    <dimen name="x112">122.37dp</dimen>
    <dimen name="x113">123.46dp</dimen>
    <dimen name="x114">124.56dp</dimen>
    <dimen name="x115">125.65dp</dimen>
    <dimen name="x116">126.74dp</dimen>
    <dimen name="x117">127.83dp</dimen>
    <dimen name="x118">128.93dp</dimen>
    <dimen name="x119">130.02dp</dimen>
    <dimen name="x120">131.11dp</dimen>
    <dimen name="x121">132.20dp</dimen>
    <dimen name="x122">133.30dp</dimen>
    <dimen name="x123">134.39dp</dimen>
    <dimen name="x124">135.48dp</dimen>
    <dimen name="x125">136.57dp</dimen>
    <dimen name="x126">137.67dp</dimen>
    <dimen name="x127">138.76dp</dimen>
    <dimen name="x128">139.85dp</dimen>
    <dimen name="x129">140.94dp</dimen>
    <dimen name="x130">142.04dp</dimen>
    <dimen name="x131">143.13dp</dimen>
    <dimen name="x132">144.22dp</dimen>
    <dimen name="x133">145.31dp</dimen>
    <dimen name="x134">146.41dp</dimen>
    <dimen name="x135">147.50dp</dimen>
    <dimen name="x136">148.59dp</dimen>
    <dimen name="x137">149.69dp</dimen>
    <dimen name="x138">150.78dp</dimen>
    <dimen name="x139">151.87dp</dimen>
    <dimen name="x140">152.96dp</dimen>
    <dimen name="x141">154.06dp</dimen>
    <dimen name="x142">155.15dp</dimen>
    <dimen name="x143">156.24dp</dimen>
    <dimen name="x144">157.33dp</dimen>
    <dimen name="x145">158.43dp</dimen>
    <dimen name="x146">159.52dp</dimen>
    <dimen name="x147">160.61dp</dimen>
    <dimen name="x148">161.70dp</dimen>
    <dimen name="x149">162.80dp</dimen>
    <dimen name="x150">163.89dp</dimen>
    <dimen name="x151">164.98dp</dimen>
    <dimen name="x152">166.07dp</dimen>
    <dimen name="x153">167.17dp</dimen>
    <dimen name="x154">168.26dp</dimen>
    <dimen name="x155">169.35dp</dimen>
    <dimen name="x156">170.44dp</dimen>
    <dimen name="x157">171.54dp</dimen>
    <dimen name="x158">172.63dp</dimen>
    <dimen name="x159">173.72dp</dimen>
    <dimen name="x160">174.81dp</dimen>
    <dimen name="x161">175.91dp</dimen>
    <dimen name="x162">177.00dp</dimen>
    <dimen name="x163">178.09dp</dimen>
    <dimen name="x164">179.19dp</dimen>
    <dimen name="x165">180.28dp</dimen>
    <dimen name="x166">181.37dp</dimen>
    <dimen name="x167">182.46dp</dimen>
    <dimen name="x168">183.56dp</dimen>
    <dimen name="x169">184.65dp</dimen>
    <dimen name="x170">185.74dp</dimen>
    <dimen name="x171">186.83dp</dimen>
    <dimen name="x172">187.93dp</dimen>
    <dimen name="x173">189.02dp</dimen>
    <dimen name="x174">190.11dp</dimen>
    <dimen name="x175">191.20dp</dimen>
    <dimen name="x176">192.30dp</dimen>
    <dimen name="x177">193.39dp</dimen>
    <dimen name="x178">194.48dp</dimen>
    <dimen name="x179">195.57dp</dimen>
    <dimen name="x180">196.67dp</dimen>
    <dimen name="x181">197.76dp</dimen>
    <dimen name="x182">198.85dp</dimen>
    <dimen name="x183">199.94dp</dimen>
    <dimen name="x184">201.04dp</dimen>
    <dimen name="x185">202.13dp</dimen>
    <dimen name="x186">203.22dp</dimen>
    <dimen name="x187">204.31dp</dimen>
    <dimen name="x188">205.41dp</dimen>
    <dimen name="x189">206.50dp</dimen>
    <dimen name="x190">207.59dp</dimen>
    <dimen name="x191">208.69dp</dimen>
    <dimen name="x192">209.78dp</dimen>
    <dimen name="x193">210.87dp</dimen>
    <dimen name="x194">211.96dp</dimen>
    <dimen name="x195">213.06dp</dimen>
    <dimen name="x196">214.15dp</dimen>
    <dimen name="x197">215.24dp</dimen>
    <dimen name="x198">216.33dp</dimen>
    <dimen name="x199">217.43dp</dimen>
    <dimen name="x200">218.52dp</dimen>
    <dimen name="x201">219.61dp</dimen>
    <dimen name="x202">220.70dp</dimen>
    <dimen name="x203">221.80dp</dimen>
    <dimen name="x204">222.89dp</dimen>
    <dimen name="x205">223.98dp</dimen>
    <dimen name="x206">225.07dp</dimen>
    <dimen name="x207">226.17dp</dimen>
    <dimen name="x208">227.26dp</dimen>
    <dimen name="x209">228.35dp</dimen>
    <dimen name="x210">229.44dp</dimen>
    <dimen name="x211">230.54dp</dimen>
    <dimen name="x212">231.63dp</dimen>
    <dimen name="x213">232.72dp</dimen>
    <dimen name="x214">233.81dp</dimen>
    <dimen name="x215">234.91dp</dimen>
    <dimen name="x216">236.00dp</dimen>
    <dimen name="x217">237.09dp</dimen>
    <dimen name="x218">238.19dp</dimen>
    <dimen name="x219">239.28dp</dimen>
    <dimen name="x220">240.37dp</dimen>
    <dimen name="x221">241.46dp</dimen>
    <dimen name="x222">242.56dp</dimen>
    <dimen name="x223">243.65dp</dimen>
    <dimen name="x224">244.74dp</dimen>
    <dimen name="x225">245.83dp</dimen>
    <dimen name="x226">246.93dp</dimen>
    <dimen name="x227">248.02dp</dimen>
    <dimen name="x228">249.11dp</dimen>
    <dimen name="x229">250.20dp</dimen>
    <dimen name="x230">251.30dp</dimen>
    <dimen name="x231">252.39dp</dimen>
    <dimen name="x232">253.48dp</dimen>
    <dimen name="x233">254.57dp</dimen>
    <dimen name="x234">255.67dp</dimen>
    <dimen name="x235">256.76dp</dimen>
    <dimen name="x236">257.85dp</dimen>
    <dimen name="x237">258.94dp</dimen>
    <dimen name="x238">260.04dp</dimen>
    <dimen name="x239">261.13dp</dimen>
    <dimen name="x240">262.22dp</dimen>
    <dimen name="x241">263.31dp</dimen>
    <dimen name="x242">264.41dp</dimen>
    <dimen name="x243">265.50dp</dimen>
    <dimen name="x244">266.59dp</dimen>
    <dimen name="x245">267.69dp</dimen>
    <dimen name="x246">268.78dp</dimen>
    <dimen name="x247">269.87dp</dimen>
    <dimen name="x248">270.96dp</dimen>
    <dimen name="x249">272.06dp</dimen>
    <dimen name="x250">273.15dp</dimen>
    <dimen name="x251">274.24dp</dimen>
    <dimen name="x252">275.33dp</dimen>
    <dimen name="x253">276.43dp</dimen>
    <dimen name="x254">277.52dp</dimen>
    <dimen name="x255">278.61dp</dimen>
    <dimen name="x256">279.70dp</dimen>
    <dimen name="x257">280.80dp</dimen>
    <dimen name="x258">281.89dp</dimen>
    <dimen name="x259">282.98dp</dimen>
    <dimen name="x260">284.07dp</dimen>
    <dimen name="x261">285.17dp</dimen>
    <dimen name="x262">286.26dp</dimen>
    <dimen name="x263">287.35dp</dimen>
    <dimen name="x264">288.44dp</dimen>
    <dimen name="x265">289.54dp</dimen>
    <dimen name="x266">290.63dp</dimen>
    <dimen name="x267">291.72dp</dimen>
    <dimen name="x268">292.81dp</dimen>
    <dimen name="x269">293.91dp</dimen>
    <dimen name="x270">295.00dp</dimen>
    <dimen name="x271">296.09dp</dimen>
    <dimen name="x272">297.19dp</dimen>
    <dimen name="x273">298.28dp</dimen>
    <dimen name="x274">299.37dp</dimen>
    <dimen name="x275">300.46dp</dimen>
    <dimen name="x276">301.56dp</dimen>
    <dimen name="x277">302.65dp</dimen>
    <dimen name="x278">303.74dp</dimen>
    <dimen name="x279">304.83dp</dimen>
    <dimen name="x280">305.93dp</dimen>
    <dimen name="x281">307.02dp</dimen>
    <dimen name="x282">308.11dp</dimen>
    <dimen name="x283">309.20dp</dimen>
    <dimen name="x284">310.30dp</dimen>
    <dimen name="x285">311.39dp</dimen>
    <dimen name="x286">312.48dp</dimen>
    <dimen name="x287">313.57dp</dimen>
    <dimen name="x288">314.67dp</dimen>
    <dimen name="x289">315.76dp</dimen>
    <dimen name="x290">316.85dp</dimen>
    <dimen name="x291">317.94dp</dimen>
    <dimen name="x292">319.04dp</dimen>
    <dimen name="x293">320.13dp</dimen>
    <dimen name="x294">321.22dp</dimen>
    <dimen name="x295">322.31dp</dimen>
    <dimen name="x296">323.41dp</dimen>
    <dimen name="x297">324.50dp</dimen>
    <dimen name="x298">325.59dp</dimen>
    <dimen name="x299">326.69dp</dimen>
    <dimen name="x300">327.78dp</dimen>
    <dimen name="x301">328.87dp</dimen>
    <dimen name="x302">329.96dp</dimen>
    <dimen name="x303">331.06dp</dimen>
    <dimen name="x304">332.15dp</dimen>
    <dimen name="x305">333.24dp</dimen>
    <dimen name="x306">334.33dp</dimen>
    <dimen name="x307">335.43dp</dimen>
    <dimen name="x308">336.52dp</dimen>
    <dimen name="x309">337.61dp</dimen>
    <dimen name="x310">338.70dp</dimen>
    <dimen name="x311">339.80dp</dimen>
    <dimen name="x312">340.89dp</dimen>
    <dimen name="x313">341.98dp</dimen>
    <dimen name="x314">343.07dp</dimen>
    <dimen name="x315">344.17dp</dimen>
    <dimen name="x316">345.26dp</dimen>
    <dimen name="x317">346.35dp</dimen>
    <dimen name="x318">347.44dp</dimen>
    <dimen name="x319">348.54dp</dimen>
    <dimen name="x320">349.63dp</dimen>
    <dimen name="x321">350.72dp</dimen>
    <dimen name="x322">351.81dp</dimen>
    <dimen name="x323">352.91dp</dimen>
    <dimen name="x324">354.00dp</dimen>
    <dimen name="x325">355.09dp</dimen>
    <dimen name="x326">356.19dp</dimen>
    <dimen name="x327">357.28dp</dimen>
    <dimen name="x328">358.37dp</dimen>
    <dimen name="x329">359.46dp</dimen>
    <dimen name="x330">360.56dp</dimen>
    <dimen name="x331">361.65dp</dimen>
    <dimen name="x332">362.74dp</dimen>
    <dimen name="x333">363.83dp</dimen>
    <dimen name="x334">364.93dp</dimen>
    <dimen name="x335">366.02dp</dimen>
    <dimen name="x336">367.11dp</dimen>
    <dimen name="x337">368.20dp</dimen>
    <dimen name="x338">369.30dp</dimen>
    <dimen name="x339">370.39dp</dimen>
    <dimen name="x340">371.48dp</dimen>
    <dimen name="x341">372.57dp</dimen>
    <dimen name="x342">373.67dp</dimen>
    <dimen name="x343">374.76dp</dimen>
    <dimen name="x344">375.85dp</dimen>
    <dimen name="x345">376.94dp</dimen>
    <dimen name="x346">378.04dp</dimen>
    <dimen name="x347">379.13dp</dimen>
    <dimen name="x348">380.22dp</dimen>
    <dimen name="x349">381.31dp</dimen>
    <dimen name="x350">382.41dp</dimen>
    <dimen name="x351">383.50dp</dimen>
    <dimen name="x352">384.59dp</dimen>
    <dimen name="x353">385.69dp</dimen>
    <dimen name="x354">386.78dp</dimen>
    <dimen name="x355">387.87dp</dimen>
    <dimen name="x356">388.96dp</dimen>
    <dimen name="x357">390.06dp</dimen>
    <dimen name="x358">391.15dp</dimen>
    <dimen name="x359">392.24dp</dimen>
    <dimen name="x360">393.33dp</dimen>
    <dimen name="x361">394.43dp</dimen>
    <dimen name="x362">395.52dp</dimen>
    <dimen name="x363">396.61dp</dimen>
    <dimen name="x364">397.70dp</dimen>
    <dimen name="x365">398.80dp</dimen>
    <dimen name="x366">399.89dp</dimen>
    <dimen name="x367">400.98dp</dimen>
    <dimen name="x368">402.07dp</dimen>
    <dimen name="x369">403.17dp</dimen>
    <dimen name="x370">404.26dp</dimen>
    <dimen name="x371">405.35dp</dimen>
    <dimen name="x372">406.44dp</dimen>
    <dimen name="x373">407.54dp</dimen>
    <dimen name="x374">408.63dp</dimen>
    <dimen name="x375">409.72dp</dimen>
    <dimen name="x376">410.81dp</dimen>
    <dimen name="x377">411.91dp</dimen>
    <dimen name="x378">413.00dp</dimen>
    <dimen name="x379">414.09dp</dimen>
    <dimen name="x380">415.19dp</dimen>
    <dimen name="x381">416.28dp</dimen>
    <dimen name="x382">417.37dp</dimen>
    <dimen name="x383">418.46dp</dimen>
    <dimen name="x384">419.56dp</dimen>
    <dimen name="x385">420.65dp</dimen>
    <dimen name="x386">421.74dp</dimen>
    <dimen name="x387">422.83dp</dimen>
    <dimen name="x388">423.93dp</dimen>
    <dimen name="x389">425.02dp</dimen>
    <dimen name="x390">426.11dp</dimen>
    <dimen name="x391">427.20dp</dimen>
    <dimen name="x392">428.30dp</dimen>
    <dimen name="x393">429.39dp</dimen>
    <dimen name="x394">430.48dp</dimen>
    <dimen name="x395">431.57dp</dimen>
    <dimen name="x396">432.67dp</dimen>
    <dimen name="x397">433.76dp</dimen>
    <dimen name="x398">434.85dp</dimen>
    <dimen name="x399">435.94dp</dimen>
    <dimen name="x400">437.04dp</dimen>
    <dimen name="x401">438.13dp</dimen>
    <dimen name="x402">439.22dp</dimen>
    <dimen name="x403">440.31dp</dimen>
    <dimen name="x404">441.41dp</dimen>
    <dimen name="x405">442.50dp</dimen>
    <dimen name="x406">443.59dp</dimen>
    <dimen name="x407">444.69dp</dimen>
    <dimen name="x408">445.78dp</dimen>
    <dimen name="x409">446.87dp</dimen>
    <dimen name="x410">447.96dp</dimen>
    <dimen name="x411">449.06dp</dimen>
    <dimen name="x412">450.15dp</dimen>
    <dimen name="x413">451.24dp</dimen>
    <dimen name="x414">452.33dp</dimen>
    <dimen name="x415">453.43dp</dimen>
    <dimen name="x416">454.52dp</dimen>
    <dimen name="x417">455.61dp</dimen>
    <dimen name="x418">456.70dp</dimen>
    <dimen name="x419">457.80dp</dimen>
    <dimen name="x420">458.89dp</dimen>
    <dimen name="x421">459.98dp</dimen>
    <dimen name="x422">461.07dp</dimen>
    <dimen name="x423">462.17dp</dimen>
    <dimen name="x424">463.26dp</dimen>
    <dimen name="x425">464.35dp</dimen>
    <dimen name="x426">465.44dp</dimen>
    <dimen name="x427">466.54dp</dimen>
    <dimen name="x428">467.63dp</dimen>
    <dimen name="x429">468.72dp</dimen>
    <dimen name="x430">469.81dp</dimen>
    <dimen name="x431">470.91dp</dimen>
    <dimen name="x432">472.00dp</dimen>
    <dimen name="x433">473.09dp</dimen>
    <dimen name="x434">474.19dp</dimen>
    <dimen name="x435">475.28dp</dimen>
    <dimen name="x436">476.37dp</dimen>
    <dimen name="x437">477.46dp</dimen>
    <dimen name="x438">478.56dp</dimen>
    <dimen name="x439">479.65dp</dimen>
    <dimen name="x440">480.74dp</dimen>
    <dimen name="x441">481.83dp</dimen>
    <dimen name="x442">482.93dp</dimen>
    <dimen name="x443">484.02dp</dimen>
    <dimen name="x444">485.11dp</dimen>
    <dimen name="x445">486.20dp</dimen>
    <dimen name="x446">487.30dp</dimen>
    <dimen name="x447">488.39dp</dimen>
    <dimen name="x448">489.48dp</dimen>
    <dimen name="x449">490.57dp</dimen>
    <dimen name="x450">491.67dp</dimen>
    <dimen name="x451">492.76dp</dimen>
    <dimen name="x452">493.85dp</dimen>
    <dimen name="x453">494.94dp</dimen>
    <dimen name="x454">496.04dp</dimen>
    <dimen name="x455">497.13dp</dimen>
    <dimen name="x456">498.22dp</dimen>
    <dimen name="x457">499.31dp</dimen>
    <dimen name="x458">500.41dp</dimen>
    <dimen name="x459">501.50dp</dimen>
    <dimen name="x460">502.59dp</dimen>
    <dimen name="x461">503.69dp</dimen>
    <dimen name="x462">504.78dp</dimen>
    <dimen name="x463">505.87dp</dimen>
    <dimen name="x464">506.96dp</dimen>
    <dimen name="x465">508.06dp</dimen>
    <dimen name="x466">509.15dp</dimen>
    <dimen name="x467">510.24dp</dimen>
    <dimen name="x468">511.33dp</dimen>
    <dimen name="x469">512.43dp</dimen>
    <dimen name="x470">513.52dp</dimen>
    <dimen name="x471">514.61dp</dimen>
    <dimen name="x472">515.70dp</dimen>
    <dimen name="x473">516.80dp</dimen>
    <dimen name="x474">517.89dp</dimen>
    <dimen name="x475">518.98dp</dimen>
    <dimen name="x476">520.07dp</dimen>
    <dimen name="x477">521.17dp</dimen>
    <dimen name="x478">522.26dp</dimen>
    <dimen name="x479">523.35dp</dimen>
    <dimen name="x480">524.44dp</dimen>
    <dimen name="x481">525.54dp</dimen>
    <dimen name="x482">526.63dp</dimen>
    <dimen name="x483">527.72dp</dimen>
    <dimen name="x484">528.81dp</dimen>
    <dimen name="x485">529.91dp</dimen>
    <dimen name="x486">531.00dp</dimen>
    <dimen name="x487">532.09dp</dimen>
    <dimen name="x488">533.19dp</dimen>
    <dimen name="x489">534.28dp</dimen>
    <dimen name="x490">535.37dp</dimen>
    <dimen name="x491">536.46dp</dimen>
    <dimen name="x492">537.56dp</dimen>
    <dimen name="x493">538.65dp</dimen>
    <dimen name="x494">539.74dp</dimen>
    <dimen name="x495">540.83dp</dimen>
    <dimen name="x496">541.93dp</dimen>
    <dimen name="x497">543.02dp</dimen>
    <dimen name="x498">544.11dp</dimen>
    <dimen name="x499">545.20dp</dimen>
    <dimen name="x500">546.30dp</dimen>
    <dimen name="x501">547.39dp</dimen>
    <dimen name="x502">548.48dp</dimen>
    <dimen name="x503">549.57dp</dimen>
    <dimen name="x504">550.67dp</dimen>
    <dimen name="x505">551.76dp</dimen>
    <dimen name="x506">552.85dp</dimen>
    <dimen name="x507">553.94dp</dimen>
    <dimen name="x508">555.04dp</dimen>
    <dimen name="x509">556.13dp</dimen>
    <dimen name="x510">557.22dp</dimen>
    <dimen name="x511">558.31dp</dimen>
    <dimen name="x512">559.41dp</dimen>
    <dimen name="x513">560.50dp</dimen>
    <dimen name="x514">561.59dp</dimen>
    <dimen name="x515">562.69dp</dimen>
    <dimen name="x516">563.78dp</dimen>
    <dimen name="x517">564.87dp</dimen>
    <dimen name="x518">565.96dp</dimen>
    <dimen name="x519">567.06dp</dimen>
    <dimen name="x520">568.15dp</dimen>
    <dimen name="x521">569.24dp</dimen>
    <dimen name="x522">570.33dp</dimen>
    <dimen name="x523">571.43dp</dimen>
    <dimen name="x524">572.52dp</dimen>
    <dimen name="x525">573.61dp</dimen>
    <dimen name="x526">574.70dp</dimen>
    <dimen name="x527">575.80dp</dimen>
    <dimen name="x528">576.89dp</dimen>
    <dimen name="x529">577.98dp</dimen>
    <dimen name="x530">579.07dp</dimen>
    <dimen name="x531">580.17dp</dimen>
    <dimen name="x532">581.26dp</dimen>
    <dimen name="x533">582.35dp</dimen>
    <dimen name="x534">583.44dp</dimen>
    <dimen name="x535">584.54dp</dimen>
    <dimen name="x536">585.63dp</dimen>
    <dimen name="x537">586.72dp</dimen>
    <dimen name="x538">587.81dp</dimen>
    <dimen name="x539">588.91dp</dimen>
    <dimen name="x540">590.00dp</dimen>
    <dimen name="x541">591.09dp</dimen>
    <dimen name="x542">592.19dp</dimen>
    <dimen name="x543">593.28dp</dimen>
    <dimen name="x544">594.37dp</dimen>
    <dimen name="x545">595.46dp</dimen>
    <dimen name="x546">596.56dp</dimen>
    <dimen name="x547">597.65dp</dimen>
    <dimen name="x548">598.74dp</dimen>
    <dimen name="x549">599.83dp</dimen>
    <dimen name="x550">600.93dp</dimen>
    <dimen name="x551">602.02dp</dimen>
    <dimen name="x552">603.11dp</dimen>
    <dimen name="x553">604.20dp</dimen>
    <dimen name="x554">605.30dp</dimen>
    <dimen name="x555">606.39dp</dimen>
    <dimen name="x556">607.48dp</dimen>
    <dimen name="x557">608.57dp</dimen>
    <dimen name="x558">609.67dp</dimen>
    <dimen name="x559">610.76dp</dimen>
    <dimen name="x560">611.85dp</dimen>
    <dimen name="x561">612.94dp</dimen>
    <dimen name="x562">614.04dp</dimen>
    <dimen name="x563">615.13dp</dimen>
    <dimen name="x564">616.22dp</dimen>
    <dimen name="x565">617.31dp</dimen>
    <dimen name="x566">618.41dp</dimen>
    <dimen name="x567">619.50dp</dimen>
    <dimen name="x568">620.59dp</dimen>
    <dimen name="x569">621.69dp</dimen>
    <dimen name="x570">622.78dp</dimen>
    <dimen name="x571">623.87dp</dimen>
    <dimen name="x572">624.96dp</dimen>
    <dimen name="x573">626.06dp</dimen>
    <dimen name="x574">627.15dp</dimen>
    <dimen name="x575">628.24dp</dimen>
    <dimen name="x576">629.33dp</dimen>
    <dimen name="x577">630.43dp</dimen>
    <dimen name="x578">631.52dp</dimen>
    <dimen name="x579">632.61dp</dimen>
    <dimen name="x580">633.70dp</dimen>
    <dimen name="x581">634.80dp</dimen>
    <dimen name="x582">635.89dp</dimen>
    <dimen name="x583">636.98dp</dimen>
    <dimen name="x584">638.07dp</dimen>
    <dimen name="x585">639.17dp</dimen>
    <dimen name="x586">640.26dp</dimen>
    <dimen name="x587">641.35dp</dimen>
    <dimen name="x588">642.44dp</dimen>
    <dimen name="x589">643.54dp</dimen>
    <dimen name="x590">644.63dp</dimen>
    <dimen name="x591">645.72dp</dimen>
    <dimen name="x592">646.81dp</dimen>
    <dimen name="x593">647.91dp</dimen>
    <dimen name="x594">649.00dp</dimen>
    <dimen name="x595">650.09dp</dimen>
    <dimen name="x596">651.19dp</dimen>
    <dimen name="x597">652.28dp</dimen>
    <dimen name="x598">653.37dp</dimen>
    <dimen name="x599">654.46dp</dimen>
    <dimen name="x600">655.56dp</dimen>
    <dimen name="x601">656.65dp</dimen>
    <dimen name="x602">657.74dp</dimen>
    <dimen name="x603">658.83dp</dimen>
    <dimen name="x604">659.93dp</dimen>
    <dimen name="x605">661.02dp</dimen>
    <dimen name="x606">662.11dp</dimen>
    <dimen name="x607">663.20dp</dimen>
    <dimen name="x608">664.30dp</dimen>
    <dimen name="x609">665.39dp</dimen>
    <dimen name="x610">666.48dp</dimen>
    <dimen name="x611">667.57dp</dimen>
    <dimen name="x612">668.67dp</dimen>
    <dimen name="x613">669.76dp</dimen>
    <dimen name="x614">670.85dp</dimen>
    <dimen name="x615">671.94dp</dimen>
    <dimen name="x616">673.04dp</dimen>
    <dimen name="x617">674.13dp</dimen>
    <dimen name="x618">675.22dp</dimen>
    <dimen name="x619">676.31dp</dimen>
    <dimen name="x620">677.41dp</dimen>
    <dimen name="x621">678.50dp</dimen>
    <dimen name="x622">679.59dp</dimen>
    <dimen name="x623">680.69dp</dimen>
    <dimen name="x624">681.78dp</dimen>
    <dimen name="x625">682.87dp</dimen>
    <dimen name="x626">683.96dp</dimen>
    <dimen name="x627">685.06dp</dimen>
    <dimen name="x628">686.15dp</dimen>
    <dimen name="x629">687.24dp</dimen>
    <dimen name="x630">688.33dp</dimen>
    <dimen name="x631">689.43dp</dimen>
    <dimen name="x632">690.52dp</dimen>
    <dimen name="x633">691.61dp</dimen>
    <dimen name="x634">692.70dp</dimen>
    <dimen name="x635">693.80dp</dimen>
    <dimen name="x636">694.89dp</dimen>
    <dimen name="x637">695.98dp</dimen>
    <dimen name="x638">697.07dp</dimen>
    <dimen name="x639">698.17dp</dimen>
    <dimen name="x640">699.26dp</dimen>
    <dimen name="x641">700.35dp</dimen>
    <dimen name="x642">701.44dp</dimen>
    <dimen name="x643">702.54dp</dimen>
    <dimen name="x644">703.63dp</dimen>
    <dimen name="x645">704.72dp</dimen>
    <dimen name="x646">705.81dp</dimen>
    <dimen name="x647">706.91dp</dimen>
    <dimen name="x648">708.00dp</dimen>
    <dimen name="x649">709.09dp</dimen>
    <dimen name="x650">710.19dp</dimen>
    <dimen name="x651">711.28dp</dimen>
    <dimen name="x652">712.37dp</dimen>
    <dimen name="x653">713.46dp</dimen>
    <dimen name="x654">714.56dp</dimen>
    <dimen name="x655">715.65dp</dimen>
    <dimen name="x656">716.74dp</dimen>
    <dimen name="x657">717.83dp</dimen>
    <dimen name="x658">718.93dp</dimen>
    <dimen name="x659">720.02dp</dimen>
    <dimen name="x660">721.11dp</dimen>
    <dimen name="x661">722.20dp</dimen>
    <dimen name="x662">723.30dp</dimen>
    <dimen name="x663">724.39dp</dimen>
    <dimen name="x664">725.48dp</dimen>
    <dimen name="x665">726.57dp</dimen>
    <dimen name="x666">727.67dp</dimen>
    <dimen name="x667">728.76dp</dimen>
    <dimen name="x668">729.85dp</dimen>
    <dimen name="x669">730.94dp</dimen>
    <dimen name="x670">732.04dp</dimen>
    <dimen name="x671">733.13dp</dimen>
    <dimen name="x672">734.22dp</dimen>
    <dimen name="x673">735.31dp</dimen>
    <dimen name="x674">736.41dp</dimen>
    <dimen name="x675">737.50dp</dimen>
    <dimen name="x676">738.59dp</dimen>
    <dimen name="x677">739.69dp</dimen>
    <dimen name="x678">740.78dp</dimen>
    <dimen name="x679">741.87dp</dimen>
    <dimen name="x680">742.96dp</dimen>
    <dimen name="x681">744.06dp</dimen>
    <dimen name="x682">745.15dp</dimen>
    <dimen name="x683">746.24dp</dimen>
    <dimen name="x684">747.33dp</dimen>
    <dimen name="x685">748.43dp</dimen>
    <dimen name="x686">749.52dp</dimen>
    <dimen name="x687">750.61dp</dimen>
    <dimen name="x688">751.70dp</dimen>
    <dimen name="x689">752.80dp</dimen>
    <dimen name="x690">753.89dp</dimen>
    <dimen name="x691">754.98dp</dimen>
    <dimen name="x692">756.07dp</dimen>
    <dimen name="x693">757.17dp</dimen>
    <dimen name="x694">758.26dp</dimen>
    <dimen name="x695">759.35dp</dimen>
    <dimen name="x696">760.44dp</dimen>
    <dimen name="x697">761.54dp</dimen>
    <dimen name="x698">762.63dp</dimen>
    <dimen name="x699">763.72dp</dimen>
    <dimen name="x700">764.81dp</dimen>
    <dimen name="x701">765.91dp</dimen>
    <dimen name="x702">767.00dp</dimen>
    <dimen name="x703">768.09dp</dimen>
    <dimen name="x704">769.19dp</dimen>
    <dimen name="x705">770.28dp</dimen>
    <dimen name="x706">771.37dp</dimen>
    <dimen name="x707">772.46dp</dimen>
    <dimen name="x708">773.56dp</dimen>
    <dimen name="x709">774.65dp</dimen>
    <dimen name="x710">775.74dp</dimen>
    <dimen name="x711">776.83dp</dimen>
    <dimen name="x712">777.93dp</dimen>
    <dimen name="x713">779.02dp</dimen>
    <dimen name="x714">780.11dp</dimen>
    <dimen name="x715">781.20dp</dimen>
    <dimen name="x716">782.30dp</dimen>
    <dimen name="x717">783.39dp</dimen>
    <dimen name="x718">784.48dp</dimen>
    <dimen name="x719">785.57dp</dimen>
    <dimen name="x720">786.67dp</dimen>
    <dimen name="x721">787.76dp</dimen>
    <dimen name="x722">788.85dp</dimen>
    <dimen name="x723">789.94dp</dimen>
    <dimen name="x724">791.04dp</dimen>
    <dimen name="x725">792.13dp</dimen>
    <dimen name="x726">793.22dp</dimen>
    <dimen name="x727">794.31dp</dimen>
    <dimen name="x728">795.41dp</dimen>
    <dimen name="x729">796.50dp</dimen>
    <dimen name="x730">797.59dp</dimen>
    <dimen name="x731">798.69dp</dimen>
    <dimen name="x732">799.78dp</dimen>
    <dimen name="x733">800.87dp</dimen>
    <dimen name="x734">801.96dp</dimen>
    <dimen name="x735">803.06dp</dimen>
    <dimen name="x736">804.15dp</dimen>
    <dimen name="x737">805.24dp</dimen>
    <dimen name="x738">806.33dp</dimen>
    <dimen name="x739">807.43dp</dimen>
    <dimen name="x740">808.52dp</dimen>
    <dimen name="x741">809.61dp</dimen>
    <dimen name="x742">810.70dp</dimen>
    <dimen name="x743">811.80dp</dimen>
    <dimen name="x744">812.89dp</dimen>
    <dimen name="x745">813.98dp</dimen>
    <dimen name="x746">815.07dp</dimen>
    <dimen name="x747">816.17dp</dimen>
    <dimen name="x748">817.26dp</dimen>
    <dimen name="x749">818.35dp</dimen>
    <dimen name="x750">819.44dp</dimen>
    <dimen name="x751">820.54dp</dimen>
    <dimen name="x752">821.63dp</dimen>
    <dimen name="x753">822.72dp</dimen>
    <dimen name="x754">823.81dp</dimen>
    <dimen name="x755">824.91dp</dimen>
    <dimen name="x756">826.00dp</dimen>
    <dimen name="x757">827.09dp</dimen>
    <dimen name="x758">828.19dp</dimen>
    <dimen name="x759">829.28dp</dimen>
    <dimen name="x760">830.37dp</dimen>
    <dimen name="x761">831.46dp</dimen>
    <dimen name="x762">832.56dp</dimen>
    <dimen name="x763">833.65dp</dimen>
    <dimen name="x764">834.74dp</dimen>
    <dimen name="x765">835.83dp</dimen>
    <dimen name="x766">836.93dp</dimen>
    <dimen name="x767">838.02dp</dimen>
    <dimen name="x768">839.11dp</dimen>
    <dimen name="x769">840.20dp</dimen>
    <dimen name="x770">841.30dp</dimen>
    <dimen name="x771">842.39dp</dimen>
    <dimen name="x772">843.48dp</dimen>
    <dimen name="x773">844.57dp</dimen>
    <dimen name="x774">845.67dp</dimen>
    <dimen name="x775">846.76dp</dimen>
    <dimen name="x776">847.85dp</dimen>
    <dimen name="x777">848.94dp</dimen>
    <dimen name="x778">850.04dp</dimen>
    <dimen name="x779">851.13dp</dimen>
    <dimen name="x780">852.22dp</dimen>
    <dimen name="x781">853.31dp</dimen>
    <dimen name="x782">854.41dp</dimen>
    <dimen name="x783">855.50dp</dimen>
    <dimen name="x784">856.59dp</dimen>
    <dimen name="x785">857.69dp</dimen>
    <dimen name="x786">858.78dp</dimen>
    <dimen name="x787">859.87dp</dimen>
    <dimen name="x788">860.96dp</dimen>
    <dimen name="x789">862.06dp</dimen>
    <dimen name="x790">863.15dp</dimen>
    <dimen name="x791">864.24dp</dimen>
    <dimen name="x792">865.33dp</dimen>
    <dimen name="x793">866.43dp</dimen>
    <dimen name="x794">867.52dp</dimen>
    <dimen name="x795">868.61dp</dimen>
    <dimen name="x796">869.70dp</dimen>
    <dimen name="x797">870.80dp</dimen>
    <dimen name="x798">871.89dp</dimen>
    <dimen name="x799">872.98dp</dimen>
    <dimen name="x800">874.07dp</dimen>
    <dimen name="x801">875.17dp</dimen>
    <dimen name="x802">876.26dp</dimen>
    <dimen name="x803">877.35dp</dimen>
    <dimen name="x804">878.44dp</dimen>
    <dimen name="x805">879.54dp</dimen>
    <dimen name="x806">880.63dp</dimen>
    <dimen name="x807">881.72dp</dimen>
    <dimen name="x808">882.81dp</dimen>
    <dimen name="x809">883.91dp</dimen>
    <dimen name="x810">885.00dp</dimen>
    <dimen name="x811">886.09dp</dimen>
    <dimen name="x812">887.19dp</dimen>
    <dimen name="x813">888.28dp</dimen>
    <dimen name="x814">889.37dp</dimen>
    <dimen name="x815">890.46dp</dimen>
    <dimen name="x816">891.56dp</dimen>
    <dimen name="x817">892.65dp</dimen>
    <dimen name="x818">893.74dp</dimen>
    <dimen name="x819">894.83dp</dimen>
    <dimen name="x820">895.93dp</dimen>
    <dimen name="x821">897.02dp</dimen>
    <dimen name="x822">898.11dp</dimen>
    <dimen name="x823">899.20dp</dimen>
    <dimen name="x824">900.30dp</dimen>
    <dimen name="x825">901.39dp</dimen>
    <dimen name="x826">902.48dp</dimen>
    <dimen name="x827">903.57dp</dimen>
    <dimen name="x828">904.67dp</dimen>
    <dimen name="x829">905.76dp</dimen>
    <dimen name="x830">906.85dp</dimen>
    <dimen name="x831">907.94dp</dimen>
    <dimen name="x832">909.04dp</dimen>
    <dimen name="x833">910.13dp</dimen>
    <dimen name="x834">911.22dp</dimen>
    <dimen name="x835">912.31dp</dimen>
    <dimen name="x836">913.41dp</dimen>
    <dimen name="x837">914.50dp</dimen>
    <dimen name="x838">915.59dp</dimen>
    <dimen name="x839">916.69dp</dimen>
    <dimen name="x840">917.78dp</dimen>
    <dimen name="x841">918.87dp</dimen>
    <dimen name="x842">919.96dp</dimen>
    <dimen name="x843">921.06dp</dimen>
    <dimen name="x844">922.15dp</dimen>
    <dimen name="x845">923.24dp</dimen>
    <dimen name="x846">924.33dp</dimen>
    <dimen name="x847">925.43dp</dimen>
    <dimen name="x848">926.52dp</dimen>
    <dimen name="x849">927.61dp</dimen>
    <dimen name="x850">928.70dp</dimen>
    <dimen name="x851">929.80dp</dimen>
    <dimen name="x852">930.89dp</dimen>
    <dimen name="x853">931.98dp</dimen>
    <dimen name="x854">933.07dp</dimen>
    <dimen name="x855">934.17dp</dimen>
    <dimen name="x856">935.26dp</dimen>
    <dimen name="x857">936.35dp</dimen>
    <dimen name="x858">937.44dp</dimen>
    <dimen name="x859">938.54dp</dimen>
    <dimen name="x860">939.63dp</dimen>
    <dimen name="x861">940.72dp</dimen>
    <dimen name="x862">941.81dp</dimen>
    <dimen name="x863">942.91dp</dimen>
    <dimen name="x864">944.00dp</dimen>
    <dimen name="x865">945.09dp</dimen>
    <dimen name="x866">946.19dp</dimen>
    <dimen name="x867">947.28dp</dimen>
    <dimen name="x868">948.37dp</dimen>
    <dimen name="x869">949.46dp</dimen>
    <dimen name="x870">950.56dp</dimen>
    <dimen name="x871">951.65dp</dimen>
    <dimen name="x872">952.74dp</dimen>
    <dimen name="x873">953.83dp</dimen>
    <dimen name="x874">954.93dp</dimen>
    <dimen name="x875">956.02dp</dimen>
    <dimen name="x876">957.11dp</dimen>
    <dimen name="x877">958.20dp</dimen>
    <dimen name="x878">959.30dp</dimen>
    <dimen name="x879">960.39dp</dimen>
    <dimen name="x880">961.48dp</dimen>
    <dimen name="x881">962.57dp</dimen>
    <dimen name="x882">963.67dp</dimen>
    <dimen name="x883">964.76dp</dimen>
    <dimen name="x884">965.85dp</dimen>
    <dimen name="x885">966.94dp</dimen>
    <dimen name="x886">968.04dp</dimen>
    <dimen name="x887">969.13dp</dimen>
    <dimen name="x888">970.22dp</dimen>
    <dimen name="x889">971.31dp</dimen>
    <dimen name="x890">972.41dp</dimen>
    <dimen name="x891">973.50dp</dimen>
    <dimen name="x892">974.59dp</dimen>
    <dimen name="x893">975.69dp</dimen>
    <dimen name="x894">976.78dp</dimen>
    <dimen name="x895">977.87dp</dimen>
    <dimen name="x896">978.96dp</dimen>
    <dimen name="x897">980.06dp</dimen>
    <dimen name="x898">981.15dp</dimen>
    <dimen name="x899">982.24dp</dimen>
    <dimen name="x900">983.33dp</dimen>
    <dimen name="x901">984.43dp</dimen>
    <dimen name="x902">985.52dp</dimen>
    <dimen name="x903">986.61dp</dimen>
    <dimen name="x904">987.70dp</dimen>
    <dimen name="x905">988.80dp</dimen>
    <dimen name="x906">989.89dp</dimen>
    <dimen name="x907">990.98dp</dimen>
    <dimen name="x908">992.07dp</dimen>
    <dimen name="x909">993.17dp</dimen>
    <dimen name="x910">994.26dp</dimen>
    <dimen name="x911">995.35dp</dimen>
    <dimen name="x912">996.44dp</dimen>
    <dimen name="x913">997.54dp</dimen>
    <dimen name="x914">998.63dp</dimen>
    <dimen name="x915">999.72dp</dimen>
    <dimen name="x916">1000.81dp</dimen>
    <dimen name="x917">1001.91dp</dimen>
    <dimen name="x918">1003.00dp</dimen>
    <dimen name="x919">1004.09dp</dimen>
    <dimen name="x920">1005.19dp</dimen>
    <dimen name="x921">1006.28dp</dimen>
    <dimen name="x922">1007.37dp</dimen>
    <dimen name="x923">1008.46dp</dimen>
    <dimen name="x924">1009.56dp</dimen>
    <dimen name="x925">1010.65dp</dimen>
    <dimen name="x926">1011.74dp</dimen>
    <dimen name="x927">1012.83dp</dimen>
    <dimen name="x928">1013.93dp</dimen>
    <dimen name="x929">1015.02dp</dimen>
    <dimen name="x930">1016.11dp</dimen>
    <dimen name="x931">1017.20dp</dimen>
    <dimen name="x932">1018.30dp</dimen>
    <dimen name="x933">1019.39dp</dimen>
    <dimen name="x934">1020.48dp</dimen>
    <dimen name="x935">1021.57dp</dimen>
    <dimen name="x936">1022.67dp</dimen>
    <dimen name="x937">1023.76dp</dimen>
    <dimen name="x938">1024.85dp</dimen>
    <dimen name="x939">1025.94dp</dimen>
    <dimen name="x940">1027.04dp</dimen>
    <dimen name="x941">1028.13dp</dimen>
    <dimen name="x942">1029.22dp</dimen>
    <dimen name="x943">1030.31dp</dimen>
    <dimen name="x944">1031.41dp</dimen>
    <dimen name="x945">1032.50dp</dimen>
    <dimen name="x946">1033.59dp</dimen>
    <dimen name="x947">1034.69dp</dimen>
    <dimen name="x948">1035.78dp</dimen>
    <dimen name="x949">1036.87dp</dimen>
    <dimen name="x950">1037.96dp</dimen>
    <dimen name="x951">1039.06dp</dimen>
    <dimen name="x952">1040.15dp</dimen>
    <dimen name="x953">1041.24dp</dimen>
    <dimen name="x954">1042.33dp</dimen>
    <dimen name="x955">1043.43dp</dimen>
    <dimen name="x956">1044.52dp</dimen>
    <dimen name="x957">1045.61dp</dimen>
    <dimen name="x958">1046.70dp</dimen>
    <dimen name="x959">1047.80dp</dimen>
    <dimen name="x960">1048.89dp</dimen>
    <dimen name="x961">1049.98dp</dimen>
    <dimen name="x962">1051.07dp</dimen>
    <dimen name="x963">1052.17dp</dimen>
    <dimen name="x964">1053.26dp</dimen>
    <dimen name="x965">1054.35dp</dimen>
    <dimen name="x966">1055.44dp</dimen>
    <dimen name="x967">1056.54dp</dimen>
    <dimen name="x968">1057.63dp</dimen>
    <dimen name="x969">1058.72dp</dimen>
    <dimen name="x970">1059.81dp</dimen>
    <dimen name="x971">1060.91dp</dimen>
    <dimen name="x972">1062.00dp</dimen>
    <dimen name="x973">1063.09dp</dimen>
    <dimen name="x974">1064.19dp</dimen>
    <dimen name="x975">1065.28dp</dimen>
    <dimen name="x976">1066.37dp</dimen>
    <dimen name="x977">1067.46dp</dimen>
    <dimen name="x978">1068.56dp</dimen>
    <dimen name="x979">1069.65dp</dimen>
    <dimen name="x980">1070.74dp</dimen>
    <dimen name="x981">1071.83dp</dimen>
    <dimen name="x982">1072.93dp</dimen>
    <dimen name="x983">1074.02dp</dimen>
    <dimen name="x984">1075.11dp</dimen>
    <dimen name="x985">1076.20dp</dimen>
    <dimen name="x986">1077.30dp</dimen>
    <dimen name="x987">1078.39dp</dimen>
    <dimen name="x988">1079.48dp</dimen>
    <dimen name="x989">1080.57dp</dimen>
    <dimen name="x990">1081.67dp</dimen>
    <dimen name="x991">1082.76dp</dimen>
    <dimen name="x992">1083.85dp</dimen>
    <dimen name="x993">1084.94dp</dimen>
    <dimen name="x994">1086.04dp</dimen>
    <dimen name="x995">1087.13dp</dimen>
    <dimen name="x996">1088.22dp</dimen>
    <dimen name="x997">1089.31dp</dimen>
    <dimen name="x998">1090.41dp</dimen>
    <dimen name="x999">1091.50dp</dimen>
    <dimen name="x1000">1092.59dp</dimen>
    <dimen name="x1001">1093.69dp</dimen>
    <dimen name="x1002">1094.78dp</dimen>
    <dimen name="x1003">1095.87dp</dimen>
    <dimen name="x1004">1096.96dp</dimen>
    <dimen name="x1005">1098.06dp</dimen>
    <dimen name="x1006">1099.15dp</dimen>
    <dimen name="x1007">1100.24dp</dimen>
    <dimen name="x1008">1101.33dp</dimen>
    <dimen name="x1009">1102.43dp</dimen>
    <dimen name="x1010">1103.52dp</dimen>
    <dimen name="x1011">1104.61dp</dimen>
    <dimen name="x1012">1105.70dp</dimen>
    <dimen name="x1013">1106.80dp</dimen>
    <dimen name="x1014">1107.89dp</dimen>
    <dimen name="x1015">1108.98dp</dimen>
    <dimen name="x1016">1110.07dp</dimen>
    <dimen name="x1017">1111.17dp</dimen>
    <dimen name="x1018">1112.26dp</dimen>
    <dimen name="x1019">1113.35dp</dimen>
    <dimen name="x1020">1114.44dp</dimen>
    <dimen name="x1021">1115.54dp</dimen>
    <dimen name="x1022">1116.63dp</dimen>
    <dimen name="x1023">1117.72dp</dimen>
    <dimen name="x1024">1118.81dp</dimen>
    <dimen name="x1025">1119.91dp</dimen>
    <dimen name="x1026">1121.00dp</dimen>
    <dimen name="x1027">1122.09dp</dimen>
    <dimen name="x1028">1123.19dp</dimen>
    <dimen name="x1029">1124.28dp</dimen>
    <dimen name="x1030">1125.37dp</dimen>
    <dimen name="x1031">1126.46dp</dimen>
    <dimen name="x1032">1127.56dp</dimen>
    <dimen name="x1033">1128.65dp</dimen>
    <dimen name="x1034">1129.74dp</dimen>
    <dimen name="x1035">1130.83dp</dimen>
    <dimen name="x1036">1131.93dp</dimen>
    <dimen name="x1037">1133.02dp</dimen>
    <dimen name="x1038">1134.11dp</dimen>
    <dimen name="x1039">1135.20dp</dimen>
    <dimen name="x1040">1136.30dp</dimen>
    <dimen name="x1041">1137.39dp</dimen>
    <dimen name="x1042">1138.48dp</dimen>
    <dimen name="x1043">1139.57dp</dimen>
    <dimen name="x1044">1140.67dp</dimen>
    <dimen name="x1045">1141.76dp</dimen>
    <dimen name="x1046">1142.85dp</dimen>
    <dimen name="x1047">1143.94dp</dimen>
    <dimen name="x1048">1145.04dp</dimen>
    <dimen name="x1049">1146.13dp</dimen>
    <dimen name="x1050">1147.22dp</dimen>
    <dimen name="x1051">1148.31dp</dimen>
    <dimen name="x1052">1149.41dp</dimen>
    <dimen name="x1053">1150.50dp</dimen>
    <dimen name="x1054">1151.59dp</dimen>
    <dimen name="x1055">1152.69dp</dimen>
    <dimen name="x1056">1153.78dp</dimen>
    <dimen name="x1057">1154.87dp</dimen>
    <dimen name="x1058">1155.96dp</dimen>
    <dimen name="x1059">1157.06dp</dimen>
    <dimen name="x1060">1158.15dp</dimen>
    <dimen name="x1061">1159.24dp</dimen>
    <dimen name="x1062">1160.33dp</dimen>
    <dimen name="x1063">1161.43dp</dimen>
    <dimen name="x1064">1162.52dp</dimen>
    <dimen name="x1065">1163.61dp</dimen>
    <dimen name="x1066">1164.70dp</dimen>
    <dimen name="x1067">1165.80dp</dimen>
    <dimen name="x1068">1166.89dp</dimen>
    <dimen name="x1069">1167.98dp</dimen>
    <dimen name="x1070">1169.07dp</dimen>
    <dimen name="x1071">1170.17dp</dimen>
    <dimen name="x1072">1171.26dp</dimen>
    <dimen name="x1073">1172.35dp</dimen>
    <dimen name="x1074">1173.44dp</dimen>
    <dimen name="x1075">1174.54dp</dimen>
    <dimen name="x1076">1175.63dp</dimen>
    <dimen name="x1077">1176.72dp</dimen>
    <dimen name="x1078">1177.81dp</dimen>
    <dimen name="x1079">1178.91dp</dimen>
    <dimen name="x1080">1180.00dp</dimen>
</resources>