<?xml version="1.0" encoding="utf-8"?>
<resources>
    <string name="sw_dp">1490dp</string>
    <dimen name="x1">1.38dp</dimen>
    <dimen name="x2">2.76dp</dimen>
    <dimen name="x3">4.14dp</dimen>
    <dimen name="x4">5.52dp</dimen>
    <dimen name="x5">6.90dp</dimen>
    <dimen name="x6">8.28dp</dimen>
    <dimen name="x7">9.66dp</dimen>
    <dimen name="x8">11.04dp</dimen>
    <dimen name="x9">12.42dp</dimen>
    <dimen name="x10">13.80dp</dimen>
    <dimen name="x11">15.18dp</dimen>
    <dimen name="x12">16.56dp</dimen>
    <dimen name="x13">17.94dp</dimen>
    <dimen name="x14">19.31dp</dimen>
    <dimen name="x15">20.69dp</dimen>
    <dimen name="x16">22.07dp</dimen>
    <dimen name="x17">23.45dp</dimen>
    <dimen name="x18">24.83dp</dimen>
    <dimen name="x19">26.21dp</dimen>
    <dimen name="x20">27.59dp</dimen>
    <dimen name="x21">28.97dp</dimen>
    <dimen name="x22">30.35dp</dimen>
    <dimen name="x23">31.73dp</dimen>
    <dimen name="x24">33.11dp</dimen>
    <dimen name="x25">34.49dp</dimen>
    <dimen name="x26">35.87dp</dimen>
    <dimen name="x27">37.25dp</dimen>
    <dimen name="x28">38.63dp</dimen>
    <dimen name="x29">40.01dp</dimen>
    <dimen name="x30">41.39dp</dimen>
    <dimen name="x31">42.77dp</dimen>
    <dimen name="x32">44.15dp</dimen>
    <dimen name="x33">45.53dp</dimen>
    <dimen name="x34">46.91dp</dimen>
    <dimen name="x35">48.29dp</dimen>
    <dimen name="x36">49.67dp</dimen>
    <dimen name="x37">51.05dp</dimen>
    <dimen name="x38">52.43dp</dimen>
    <dimen name="x39">53.81dp</dimen>
    <dimen name="x40">55.19dp</dimen>
    <dimen name="x41">56.56dp</dimen>
    <dimen name="x42">57.94dp</dimen>
    <dimen name="x43">59.32dp</dimen>
    <dimen name="x44">60.70dp</dimen>
    <dimen name="x45">62.08dp</dimen>
    <dimen name="x46">63.46dp</dimen>
    <dimen name="x47">64.84dp</dimen>
    <dimen name="x48">66.22dp</dimen>
    <dimen name="x49">67.60dp</dimen>
    <dimen name="x50">68.98dp</dimen>
    <dimen name="x51">70.36dp</dimen>
    <dimen name="x52">71.74dp</dimen>
    <dimen name="x53">73.12dp</dimen>
    <dimen name="x54">74.50dp</dimen>
    <dimen name="x55">75.88dp</dimen>
    <dimen name="x56">77.26dp</dimen>
    <dimen name="x57">78.64dp</dimen>
    <dimen name="x58">80.02dp</dimen>
    <dimen name="x59">81.40dp</dimen>
    <dimen name="x60">82.78dp</dimen>
    <dimen name="x61">84.16dp</dimen>
    <dimen name="x62">85.54dp</dimen>
    <dimen name="x63">86.92dp</dimen>
    <dimen name="x64">88.30dp</dimen>
    <dimen name="x65">89.68dp</dimen>
    <dimen name="x66">91.06dp</dimen>
    <dimen name="x67">92.44dp</dimen>
    <dimen name="x68">93.81dp</dimen>
    <dimen name="x69">95.19dp</dimen>
    <dimen name="x70">96.57dp</dimen>
    <dimen name="x71">97.95dp</dimen>
    <dimen name="x72">99.33dp</dimen>
    <dimen name="x73">100.71dp</dimen>
    <dimen name="x74">102.09dp</dimen>
    <dimen name="x75">103.47dp</dimen>
    <dimen name="x76">104.85dp</dimen>
    <dimen name="x77">106.23dp</dimen>
    <dimen name="x78">107.61dp</dimen>
    <dimen name="x79">108.99dp</dimen>
    <dimen name="x80">110.37dp</dimen>
    <dimen name="x81">111.75dp</dimen>
    <dimen name="x82">113.13dp</dimen>
    <dimen name="x83">114.51dp</dimen>
    <dimen name="x84">115.89dp</dimen>
    <dimen name="x85">117.27dp</dimen>
    <dimen name="x86">118.65dp</dimen>
    <dimen name="x87">120.03dp</dimen>
    <dimen name="x88">121.41dp</dimen>
    <dimen name="x89">122.79dp</dimen>
    <dimen name="x90">124.17dp</dimen>
    <dimen name="x91">125.55dp</dimen>
    <dimen name="x92">126.93dp</dimen>
    <dimen name="x93">128.31dp</dimen>
    <dimen name="x94">129.69dp</dimen>
    <dimen name="x95">131.06dp</dimen>
    <dimen name="x96">132.44dp</dimen>
    <dimen name="x97">133.82dp</dimen>
    <dimen name="x98">135.20dp</dimen>
    <dimen name="x99">136.58dp</dimen>
    <dimen name="x100">137.96dp</dimen>
    <dimen name="x101">139.34dp</dimen>
    <dimen name="x102">140.72dp</dimen>
    <dimen name="x103">142.10dp</dimen>
    <dimen name="x104">143.48dp</dimen>
    <dimen name="x105">144.86dp</dimen>
    <dimen name="x106">146.24dp</dimen>
    <dimen name="x107">147.62dp</dimen>
    <dimen name="x108">149.00dp</dimen>
    <dimen name="x109">150.38dp</dimen>
    <dimen name="x110">151.76dp</dimen>
    <dimen name="x111">153.14dp</dimen>
    <dimen name="x112">154.52dp</dimen>
    <dimen name="x113">155.90dp</dimen>
    <dimen name="x114">157.28dp</dimen>
    <dimen name="x115">158.66dp</dimen>
    <dimen name="x116">160.04dp</dimen>
    <dimen name="x117">161.42dp</dimen>
    <dimen name="x118">162.80dp</dimen>
    <dimen name="x119">164.18dp</dimen>
    <dimen name="x120">165.56dp</dimen>
    <dimen name="x121">166.94dp</dimen>
    <dimen name="x122">168.31dp</dimen>
    <dimen name="x123">169.69dp</dimen>
    <dimen name="x124">171.07dp</dimen>
    <dimen name="x125">172.45dp</dimen>
    <dimen name="x126">173.83dp</dimen>
    <dimen name="x127">175.21dp</dimen>
    <dimen name="x128">176.59dp</dimen>
    <dimen name="x129">177.97dp</dimen>
    <dimen name="x130">179.35dp</dimen>
    <dimen name="x131">180.73dp</dimen>
    <dimen name="x132">182.11dp</dimen>
    <dimen name="x133">183.49dp</dimen>
    <dimen name="x134">184.87dp</dimen>
    <dimen name="x135">186.25dp</dimen>
    <dimen name="x136">187.63dp</dimen>
    <dimen name="x137">189.01dp</dimen>
    <dimen name="x138">190.39dp</dimen>
    <dimen name="x139">191.77dp</dimen>
    <dimen name="x140">193.15dp</dimen>
    <dimen name="x141">194.53dp</dimen>
    <dimen name="x142">195.91dp</dimen>
    <dimen name="x143">197.29dp</dimen>
    <dimen name="x144">198.67dp</dimen>
    <dimen name="x145">200.05dp</dimen>
    <dimen name="x146">201.43dp</dimen>
    <dimen name="x147">202.81dp</dimen>
    <dimen name="x148">204.19dp</dimen>
    <dimen name="x149">205.56dp</dimen>
    <dimen name="x150">206.94dp</dimen>
    <dimen name="x151">208.32dp</dimen>
    <dimen name="x152">209.70dp</dimen>
    <dimen name="x153">211.08dp</dimen>
    <dimen name="x154">212.46dp</dimen>
    <dimen name="x155">213.84dp</dimen>
    <dimen name="x156">215.22dp</dimen>
    <dimen name="x157">216.60dp</dimen>
    <dimen name="x158">217.98dp</dimen>
    <dimen name="x159">219.36dp</dimen>
    <dimen name="x160">220.74dp</dimen>
    <dimen name="x161">222.12dp</dimen>
    <dimen name="x162">223.50dp</dimen>
    <dimen name="x163">224.88dp</dimen>
    <dimen name="x164">226.26dp</dimen>
    <dimen name="x165">227.64dp</dimen>
    <dimen name="x166">229.02dp</dimen>
    <dimen name="x167">230.40dp</dimen>
    <dimen name="x168">231.78dp</dimen>
    <dimen name="x169">233.16dp</dimen>
    <dimen name="x170">234.54dp</dimen>
    <dimen name="x171">235.92dp</dimen>
    <dimen name="x172">237.30dp</dimen>
    <dimen name="x173">238.68dp</dimen>
    <dimen name="x174">240.06dp</dimen>
    <dimen name="x175">241.44dp</dimen>
    <dimen name="x176">242.81dp</dimen>
    <dimen name="x177">244.19dp</dimen>
    <dimen name="x178">245.57dp</dimen>
    <dimen name="x179">246.95dp</dimen>
    <dimen name="x180">248.33dp</dimen>
    <dimen name="x181">249.71dp</dimen>
    <dimen name="x182">251.09dp</dimen>
    <dimen name="x183">252.47dp</dimen>
    <dimen name="x184">253.85dp</dimen>
    <dimen name="x185">255.23dp</dimen>
    <dimen name="x186">256.61dp</dimen>
    <dimen name="x187">257.99dp</dimen>
    <dimen name="x188">259.37dp</dimen>
    <dimen name="x189">260.75dp</dimen>
    <dimen name="x190">262.13dp</dimen>
    <dimen name="x191">263.51dp</dimen>
    <dimen name="x192">264.89dp</dimen>
    <dimen name="x193">266.27dp</dimen>
    <dimen name="x194">267.65dp</dimen>
    <dimen name="x195">269.03dp</dimen>
    <dimen name="x196">270.41dp</dimen>
    <dimen name="x197">271.79dp</dimen>
    <dimen name="x198">273.17dp</dimen>
    <dimen name="x199">274.55dp</dimen>
    <dimen name="x200">275.93dp</dimen>
    <dimen name="x201">277.31dp</dimen>
    <dimen name="x202">278.69dp</dimen>
    <dimen name="x203">280.06dp</dimen>
    <dimen name="x204">281.44dp</dimen>
    <dimen name="x205">282.82dp</dimen>
    <dimen name="x206">284.20dp</dimen>
    <dimen name="x207">285.58dp</dimen>
    <dimen name="x208">286.96dp</dimen>
    <dimen name="x209">288.34dp</dimen>
    <dimen name="x210">289.72dp</dimen>
    <dimen name="x211">291.10dp</dimen>
    <dimen name="x212">292.48dp</dimen>
    <dimen name="x213">293.86dp</dimen>
    <dimen name="x214">295.24dp</dimen>
    <dimen name="x215">296.62dp</dimen>
    <dimen name="x216">298.00dp</dimen>
    <dimen name="x217">299.38dp</dimen>
    <dimen name="x218">300.76dp</dimen>
    <dimen name="x219">302.14dp</dimen>
    <dimen name="x220">303.52dp</dimen>
    <dimen name="x221">304.90dp</dimen>
    <dimen name="x222">306.28dp</dimen>
    <dimen name="x223">307.66dp</dimen>
    <dimen name="x224">309.04dp</dimen>
    <dimen name="x225">310.42dp</dimen>
    <dimen name="x226">311.80dp</dimen>
    <dimen name="x227">313.18dp</dimen>
    <dimen name="x228">314.56dp</dimen>
    <dimen name="x229">315.94dp</dimen>
    <dimen name="x230">317.31dp</dimen>
    <dimen name="x231">318.69dp</dimen>
    <dimen name="x232">320.07dp</dimen>
    <dimen name="x233">321.45dp</dimen>
    <dimen name="x234">322.83dp</dimen>
    <dimen name="x235">324.21dp</dimen>
    <dimen name="x236">325.59dp</dimen>
    <dimen name="x237">326.97dp</dimen>
    <dimen name="x238">328.35dp</dimen>
    <dimen name="x239">329.73dp</dimen>
    <dimen name="x240">331.11dp</dimen>
    <dimen name="x241">332.49dp</dimen>
    <dimen name="x242">333.87dp</dimen>
    <dimen name="x243">335.25dp</dimen>
    <dimen name="x244">336.63dp</dimen>
    <dimen name="x245">338.01dp</dimen>
    <dimen name="x246">339.39dp</dimen>
    <dimen name="x247">340.77dp</dimen>
    <dimen name="x248">342.15dp</dimen>
    <dimen name="x249">343.53dp</dimen>
    <dimen name="x250">344.91dp</dimen>
    <dimen name="x251">346.29dp</dimen>
    <dimen name="x252">347.67dp</dimen>
    <dimen name="x253">349.05dp</dimen>
    <dimen name="x254">350.43dp</dimen>
    <dimen name="x255">351.81dp</dimen>
    <dimen name="x256">353.19dp</dimen>
    <dimen name="x257">354.56dp</dimen>
    <dimen name="x258">355.94dp</dimen>
    <dimen name="x259">357.32dp</dimen>
    <dimen name="x260">358.70dp</dimen>
    <dimen name="x261">360.08dp</dimen>
    <dimen name="x262">361.46dp</dimen>
    <dimen name="x263">362.84dp</dimen>
    <dimen name="x264">364.22dp</dimen>
    <dimen name="x265">365.60dp</dimen>
    <dimen name="x266">366.98dp</dimen>
    <dimen name="x267">368.36dp</dimen>
    <dimen name="x268">369.74dp</dimen>
    <dimen name="x269">371.12dp</dimen>
    <dimen name="x270">372.50dp</dimen>
    <dimen name="x271">373.88dp</dimen>
    <dimen name="x272">375.26dp</dimen>
    <dimen name="x273">376.64dp</dimen>
    <dimen name="x274">378.02dp</dimen>
    <dimen name="x275">379.40dp</dimen>
    <dimen name="x276">380.78dp</dimen>
    <dimen name="x277">382.16dp</dimen>
    <dimen name="x278">383.54dp</dimen>
    <dimen name="x279">384.92dp</dimen>
    <dimen name="x280">386.30dp</dimen>
    <dimen name="x281">387.68dp</dimen>
    <dimen name="x282">389.06dp</dimen>
    <dimen name="x283">390.44dp</dimen>
    <dimen name="x284">391.81dp</dimen>
    <dimen name="x285">393.19dp</dimen>
    <dimen name="x286">394.57dp</dimen>
    <dimen name="x287">395.95dp</dimen>
    <dimen name="x288">397.33dp</dimen>
    <dimen name="x289">398.71dp</dimen>
    <dimen name="x290">400.09dp</dimen>
    <dimen name="x291">401.47dp</dimen>
    <dimen name="x292">402.85dp</dimen>
    <dimen name="x293">404.23dp</dimen>
    <dimen name="x294">405.61dp</dimen>
    <dimen name="x295">406.99dp</dimen>
    <dimen name="x296">408.37dp</dimen>
    <dimen name="x297">409.75dp</dimen>
    <dimen name="x298">411.13dp</dimen>
    <dimen name="x299">412.51dp</dimen>
    <dimen name="x300">413.89dp</dimen>
    <dimen name="x301">415.27dp</dimen>
    <dimen name="x302">416.65dp</dimen>
    <dimen name="x303">418.03dp</dimen>
    <dimen name="x304">419.41dp</dimen>
    <dimen name="x305">420.79dp</dimen>
    <dimen name="x306">422.17dp</dimen>
    <dimen name="x307">423.55dp</dimen>
    <dimen name="x308">424.93dp</dimen>
    <dimen name="x309">426.31dp</dimen>
    <dimen name="x310">427.69dp</dimen>
    <dimen name="x311">429.06dp</dimen>
    <dimen name="x312">430.44dp</dimen>
    <dimen name="x313">431.82dp</dimen>
    <dimen name="x314">433.20dp</dimen>
    <dimen name="x315">434.58dp</dimen>
    <dimen name="x316">435.96dp</dimen>
    <dimen name="x317">437.34dp</dimen>
    <dimen name="x318">438.72dp</dimen>
    <dimen name="x319">440.10dp</dimen>
    <dimen name="x320">441.48dp</dimen>
    <dimen name="x321">442.86dp</dimen>
    <dimen name="x322">444.24dp</dimen>
    <dimen name="x323">445.62dp</dimen>
    <dimen name="x324">447.00dp</dimen>
    <dimen name="x325">448.38dp</dimen>
    <dimen name="x326">449.76dp</dimen>
    <dimen name="x327">451.14dp</dimen>
    <dimen name="x328">452.52dp</dimen>
    <dimen name="x329">453.90dp</dimen>
    <dimen name="x330">455.28dp</dimen>
    <dimen name="x331">456.66dp</dimen>
    <dimen name="x332">458.04dp</dimen>
    <dimen name="x333">459.42dp</dimen>
    <dimen name="x334">460.80dp</dimen>
    <dimen name="x335">462.18dp</dimen>
    <dimen name="x336">463.56dp</dimen>
    <dimen name="x337">464.94dp</dimen>
    <dimen name="x338">466.31dp</dimen>
    <dimen name="x339">467.69dp</dimen>
    <dimen name="x340">469.07dp</dimen>
    <dimen name="x341">470.45dp</dimen>
    <dimen name="x342">471.83dp</dimen>
    <dimen name="x343">473.21dp</dimen>
    <dimen name="x344">474.59dp</dimen>
    <dimen name="x345">475.97dp</dimen>
    <dimen name="x346">477.35dp</dimen>
    <dimen name="x347">478.73dp</dimen>
    <dimen name="x348">480.11dp</dimen>
    <dimen name="x349">481.49dp</dimen>
    <dimen name="x350">482.87dp</dimen>
    <dimen name="x351">484.25dp</dimen>
    <dimen name="x352">485.63dp</dimen>
    <dimen name="x353">487.01dp</dimen>
    <dimen name="x354">488.39dp</dimen>
    <dimen name="x355">489.77dp</dimen>
    <dimen name="x356">491.15dp</dimen>
    <dimen name="x357">492.53dp</dimen>
    <dimen name="x358">493.91dp</dimen>
    <dimen name="x359">495.29dp</dimen>
    <dimen name="x360">496.67dp</dimen>
    <dimen name="x361">498.05dp</dimen>
    <dimen name="x362">499.43dp</dimen>
    <dimen name="x363">500.81dp</dimen>
    <dimen name="x364">502.19dp</dimen>
    <dimen name="x365">503.56dp</dimen>
    <dimen name="x366">504.94dp</dimen>
    <dimen name="x367">506.32dp</dimen>
    <dimen name="x368">507.70dp</dimen>
    <dimen name="x369">509.08dp</dimen>
    <dimen name="x370">510.46dp</dimen>
    <dimen name="x371">511.84dp</dimen>
    <dimen name="x372">513.22dp</dimen>
    <dimen name="x373">514.60dp</dimen>
    <dimen name="x374">515.98dp</dimen>
    <dimen name="x375">517.36dp</dimen>
    <dimen name="x376">518.74dp</dimen>
    <dimen name="x377">520.12dp</dimen>
    <dimen name="x378">521.50dp</dimen>
    <dimen name="x379">522.88dp</dimen>
    <dimen name="x380">524.26dp</dimen>
    <dimen name="x381">525.64dp</dimen>
    <dimen name="x382">527.02dp</dimen>
    <dimen name="x383">528.40dp</dimen>
    <dimen name="x384">529.78dp</dimen>
    <dimen name="x385">531.16dp</dimen>
    <dimen name="x386">532.54dp</dimen>
    <dimen name="x387">533.92dp</dimen>
    <dimen name="x388">535.30dp</dimen>
    <dimen name="x389">536.68dp</dimen>
    <dimen name="x390">538.06dp</dimen>
    <dimen name="x391">539.44dp</dimen>
    <dimen name="x392">540.81dp</dimen>
    <dimen name="x393">542.19dp</dimen>
    <dimen name="x394">543.57dp</dimen>
    <dimen name="x395">544.95dp</dimen>
    <dimen name="x396">546.33dp</dimen>
    <dimen name="x397">547.71dp</dimen>
    <dimen name="x398">549.09dp</dimen>
    <dimen name="x399">550.47dp</dimen>
    <dimen name="x400">551.85dp</dimen>
    <dimen name="x401">553.23dp</dimen>
    <dimen name="x402">554.61dp</dimen>
    <dimen name="x403">555.99dp</dimen>
    <dimen name="x404">557.37dp</dimen>
    <dimen name="x405">558.75dp</dimen>
    <dimen name="x406">560.13dp</dimen>
    <dimen name="x407">561.51dp</dimen>
    <dimen name="x408">562.89dp</dimen>
    <dimen name="x409">564.27dp</dimen>
    <dimen name="x410">565.65dp</dimen>
    <dimen name="x411">567.03dp</dimen>
    <dimen name="x412">568.41dp</dimen>
    <dimen name="x413">569.79dp</dimen>
    <dimen name="x414">571.17dp</dimen>
    <dimen name="x415">572.55dp</dimen>
    <dimen name="x416">573.93dp</dimen>
    <dimen name="x417">575.31dp</dimen>
    <dimen name="x418">576.69dp</dimen>
    <dimen name="x419">578.06dp</dimen>
    <dimen name="x420">579.44dp</dimen>
    <dimen name="x421">580.82dp</dimen>
    <dimen name="x422">582.20dp</dimen>
    <dimen name="x423">583.58dp</dimen>
    <dimen name="x424">584.96dp</dimen>
    <dimen name="x425">586.34dp</dimen>
    <dimen name="x426">587.72dp</dimen>
    <dimen name="x427">589.10dp</dimen>
    <dimen name="x428">590.48dp</dimen>
    <dimen name="x429">591.86dp</dimen>
    <dimen name="x430">593.24dp</dimen>
    <dimen name="x431">594.62dp</dimen>
    <dimen name="x432">596.00dp</dimen>
    <dimen name="x433">597.38dp</dimen>
    <dimen name="x434">598.76dp</dimen>
    <dimen name="x435">600.14dp</dimen>
    <dimen name="x436">601.52dp</dimen>
    <dimen name="x437">602.90dp</dimen>
    <dimen name="x438">604.28dp</dimen>
    <dimen name="x439">605.66dp</dimen>
    <dimen name="x440">607.04dp</dimen>
    <dimen name="x441">608.42dp</dimen>
    <dimen name="x442">609.80dp</dimen>
    <dimen name="x443">611.18dp</dimen>
    <dimen name="x444">612.56dp</dimen>
    <dimen name="x445">613.94dp</dimen>
    <dimen name="x446">615.31dp</dimen>
    <dimen name="x447">616.69dp</dimen>
    <dimen name="x448">618.07dp</dimen>
    <dimen name="x449">619.45dp</dimen>
    <dimen name="x450">620.83dp</dimen>
    <dimen name="x451">622.21dp</dimen>
    <dimen name="x452">623.59dp</dimen>
    <dimen name="x453">624.97dp</dimen>
    <dimen name="x454">626.35dp</dimen>
    <dimen name="x455">627.73dp</dimen>
    <dimen name="x456">629.11dp</dimen>
    <dimen name="x457">630.49dp</dimen>
    <dimen name="x458">631.87dp</dimen>
    <dimen name="x459">633.25dp</dimen>
    <dimen name="x460">634.63dp</dimen>
    <dimen name="x461">636.01dp</dimen>
    <dimen name="x462">637.39dp</dimen>
    <dimen name="x463">638.77dp</dimen>
    <dimen name="x464">640.15dp</dimen>
    <dimen name="x465">641.53dp</dimen>
    <dimen name="x466">642.91dp</dimen>
    <dimen name="x467">644.29dp</dimen>
    <dimen name="x468">645.67dp</dimen>
    <dimen name="x469">647.05dp</dimen>
    <dimen name="x470">648.43dp</dimen>
    <dimen name="x471">649.81dp</dimen>
    <dimen name="x472">651.19dp</dimen>
    <dimen name="x473">652.56dp</dimen>
    <dimen name="x474">653.94dp</dimen>
    <dimen name="x475">655.32dp</dimen>
    <dimen name="x476">656.70dp</dimen>
    <dimen name="x477">658.08dp</dimen>
    <dimen name="x478">659.46dp</dimen>
    <dimen name="x479">660.84dp</dimen>
    <dimen name="x480">662.22dp</dimen>
    <dimen name="x481">663.60dp</dimen>
    <dimen name="x482">664.98dp</dimen>
    <dimen name="x483">666.36dp</dimen>
    <dimen name="x484">667.74dp</dimen>
    <dimen name="x485">669.12dp</dimen>
    <dimen name="x486">670.50dp</dimen>
    <dimen name="x487">671.88dp</dimen>
    <dimen name="x488">673.26dp</dimen>
    <dimen name="x489">674.64dp</dimen>
    <dimen name="x490">676.02dp</dimen>
    <dimen name="x491">677.40dp</dimen>
    <dimen name="x492">678.78dp</dimen>
    <dimen name="x493">680.16dp</dimen>
    <dimen name="x494">681.54dp</dimen>
    <dimen name="x495">682.92dp</dimen>
    <dimen name="x496">684.30dp</dimen>
    <dimen name="x497">685.68dp</dimen>
    <dimen name="x498">687.06dp</dimen>
    <dimen name="x499">688.44dp</dimen>
    <dimen name="x500">689.81dp</dimen>
    <dimen name="x501">691.19dp</dimen>
    <dimen name="x502">692.57dp</dimen>
    <dimen name="x503">693.95dp</dimen>
    <dimen name="x504">695.33dp</dimen>
    <dimen name="x505">696.71dp</dimen>
    <dimen name="x506">698.09dp</dimen>
    <dimen name="x507">699.47dp</dimen>
    <dimen name="x508">700.85dp</dimen>
    <dimen name="x509">702.23dp</dimen>
    <dimen name="x510">703.61dp</dimen>
    <dimen name="x511">704.99dp</dimen>
    <dimen name="x512">706.37dp</dimen>
    <dimen name="x513">707.75dp</dimen>
    <dimen name="x514">709.13dp</dimen>
    <dimen name="x515">710.51dp</dimen>
    <dimen name="x516">711.89dp</dimen>
    <dimen name="x517">713.27dp</dimen>
    <dimen name="x518">714.65dp</dimen>
    <dimen name="x519">716.03dp</dimen>
    <dimen name="x520">717.41dp</dimen>
    <dimen name="x521">718.79dp</dimen>
    <dimen name="x522">720.17dp</dimen>
    <dimen name="x523">721.55dp</dimen>
    <dimen name="x524">722.93dp</dimen>
    <dimen name="x525">724.31dp</dimen>
    <dimen name="x526">725.69dp</dimen>
    <dimen name="x527">727.06dp</dimen>
    <dimen name="x528">728.44dp</dimen>
    <dimen name="x529">729.82dp</dimen>
    <dimen name="x530">731.20dp</dimen>
    <dimen name="x531">732.58dp</dimen>
    <dimen name="x532">733.96dp</dimen>
    <dimen name="x533">735.34dp</dimen>
    <dimen name="x534">736.72dp</dimen>
    <dimen name="x535">738.10dp</dimen>
    <dimen name="x536">739.48dp</dimen>
    <dimen name="x537">740.86dp</dimen>
    <dimen name="x538">742.24dp</dimen>
    <dimen name="x539">743.62dp</dimen>
    <dimen name="x540">745.00dp</dimen>
    <dimen name="x541">746.38dp</dimen>
    <dimen name="x542">747.76dp</dimen>
    <dimen name="x543">749.14dp</dimen>
    <dimen name="x544">750.52dp</dimen>
    <dimen name="x545">751.90dp</dimen>
    <dimen name="x546">753.28dp</dimen>
    <dimen name="x547">754.66dp</dimen>
    <dimen name="x548">756.04dp</dimen>
    <dimen name="x549">757.42dp</dimen>
    <dimen name="x550">758.80dp</dimen>
    <dimen name="x551">760.18dp</dimen>
    <dimen name="x552">761.56dp</dimen>
    <dimen name="x553">762.94dp</dimen>
    <dimen name="x554">764.31dp</dimen>
    <dimen name="x555">765.69dp</dimen>
    <dimen name="x556">767.07dp</dimen>
    <dimen name="x557">768.45dp</dimen>
    <dimen name="x558">769.83dp</dimen>
    <dimen name="x559">771.21dp</dimen>
    <dimen name="x560">772.59dp</dimen>
    <dimen name="x561">773.97dp</dimen>
    <dimen name="x562">775.35dp</dimen>
    <dimen name="x563">776.73dp</dimen>
    <dimen name="x564">778.11dp</dimen>
    <dimen name="x565">779.49dp</dimen>
    <dimen name="x566">780.87dp</dimen>
    <dimen name="x567">782.25dp</dimen>
    <dimen name="x568">783.63dp</dimen>
    <dimen name="x569">785.01dp</dimen>
    <dimen name="x570">786.39dp</dimen>
    <dimen name="x571">787.77dp</dimen>
    <dimen name="x572">789.15dp</dimen>
    <dimen name="x573">790.53dp</dimen>
    <dimen name="x574">791.91dp</dimen>
    <dimen name="x575">793.29dp</dimen>
    <dimen name="x576">794.67dp</dimen>
    <dimen name="x577">796.05dp</dimen>
    <dimen name="x578">797.43dp</dimen>
    <dimen name="x579">798.81dp</dimen>
    <dimen name="x580">800.19dp</dimen>
    <dimen name="x581">801.56dp</dimen>
    <dimen name="x582">802.94dp</dimen>
    <dimen name="x583">804.32dp</dimen>
    <dimen name="x584">805.70dp</dimen>
    <dimen name="x585">807.08dp</dimen>
    <dimen name="x586">808.46dp</dimen>
    <dimen name="x587">809.84dp</dimen>
    <dimen name="x588">811.22dp</dimen>
    <dimen name="x589">812.60dp</dimen>
    <dimen name="x590">813.98dp</dimen>
    <dimen name="x591">815.36dp</dimen>
    <dimen name="x592">816.74dp</dimen>
    <dimen name="x593">818.12dp</dimen>
    <dimen name="x594">819.50dp</dimen>
    <dimen name="x595">820.88dp</dimen>
    <dimen name="x596">822.26dp</dimen>
    <dimen name="x597">823.64dp</dimen>
    <dimen name="x598">825.02dp</dimen>
    <dimen name="x599">826.40dp</dimen>
    <dimen name="x600">827.78dp</dimen>
    <dimen name="x601">829.16dp</dimen>
    <dimen name="x602">830.54dp</dimen>
    <dimen name="x603">831.92dp</dimen>
    <dimen name="x604">833.30dp</dimen>
    <dimen name="x605">834.68dp</dimen>
    <dimen name="x606">836.06dp</dimen>
    <dimen name="x607">837.44dp</dimen>
    <dimen name="x608">838.81dp</dimen>
    <dimen name="x609">840.19dp</dimen>
    <dimen name="x610">841.57dp</dimen>
    <dimen name="x611">842.95dp</dimen>
    <dimen name="x612">844.33dp</dimen>
    <dimen name="x613">845.71dp</dimen>
    <dimen name="x614">847.09dp</dimen>
    <dimen name="x615">848.47dp</dimen>
    <dimen name="x616">849.85dp</dimen>
    <dimen name="x617">851.23dp</dimen>
    <dimen name="x618">852.61dp</dimen>
    <dimen name="x619">853.99dp</dimen>
    <dimen name="x620">855.37dp</dimen>
    <dimen name="x621">856.75dp</dimen>
    <dimen name="x622">858.13dp</dimen>
    <dimen name="x623">859.51dp</dimen>
    <dimen name="x624">860.89dp</dimen>
    <dimen name="x625">862.27dp</dimen>
    <dimen name="x626">863.65dp</dimen>
    <dimen name="x627">865.03dp</dimen>
    <dimen name="x628">866.41dp</dimen>
    <dimen name="x629">867.79dp</dimen>
    <dimen name="x630">869.17dp</dimen>
    <dimen name="x631">870.55dp</dimen>
    <dimen name="x632">871.93dp</dimen>
    <dimen name="x633">873.31dp</dimen>
    <dimen name="x634">874.69dp</dimen>
    <dimen name="x635">876.06dp</dimen>
    <dimen name="x636">877.44dp</dimen>
    <dimen name="x637">878.82dp</dimen>
    <dimen name="x638">880.20dp</dimen>
    <dimen name="x639">881.58dp</dimen>
    <dimen name="x640">882.96dp</dimen>
    <dimen name="x641">884.34dp</dimen>
    <dimen name="x642">885.72dp</dimen>
    <dimen name="x643">887.10dp</dimen>
    <dimen name="x644">888.48dp</dimen>
    <dimen name="x645">889.86dp</dimen>
    <dimen name="x646">891.24dp</dimen>
    <dimen name="x647">892.62dp</dimen>
    <dimen name="x648">894.00dp</dimen>
    <dimen name="x649">895.38dp</dimen>
    <dimen name="x650">896.76dp</dimen>
    <dimen name="x651">898.14dp</dimen>
    <dimen name="x652">899.52dp</dimen>
    <dimen name="x653">900.90dp</dimen>
    <dimen name="x654">902.28dp</dimen>
    <dimen name="x655">903.66dp</dimen>
    <dimen name="x656">905.04dp</dimen>
    <dimen name="x657">906.42dp</dimen>
    <dimen name="x658">907.80dp</dimen>
    <dimen name="x659">909.18dp</dimen>
    <dimen name="x660">910.56dp</dimen>
    <dimen name="x661">911.94dp</dimen>
    <dimen name="x662">913.31dp</dimen>
    <dimen name="x663">914.69dp</dimen>
    <dimen name="x664">916.07dp</dimen>
    <dimen name="x665">917.45dp</dimen>
    <dimen name="x666">918.83dp</dimen>
    <dimen name="x667">920.21dp</dimen>
    <dimen name="x668">921.59dp</dimen>
    <dimen name="x669">922.97dp</dimen>
    <dimen name="x670">924.35dp</dimen>
    <dimen name="x671">925.73dp</dimen>
    <dimen name="x672">927.11dp</dimen>
    <dimen name="x673">928.49dp</dimen>
    <dimen name="x674">929.87dp</dimen>
    <dimen name="x675">931.25dp</dimen>
    <dimen name="x676">932.63dp</dimen>
    <dimen name="x677">934.01dp</dimen>
    <dimen name="x678">935.39dp</dimen>
    <dimen name="x679">936.77dp</dimen>
    <dimen name="x680">938.15dp</dimen>
    <dimen name="x681">939.53dp</dimen>
    <dimen name="x682">940.91dp</dimen>
    <dimen name="x683">942.29dp</dimen>
    <dimen name="x684">943.67dp</dimen>
    <dimen name="x685">945.05dp</dimen>
    <dimen name="x686">946.43dp</dimen>
    <dimen name="x687">947.81dp</dimen>
    <dimen name="x688">949.19dp</dimen>
    <dimen name="x689">950.56dp</dimen>
    <dimen name="x690">951.94dp</dimen>
    <dimen name="x691">953.32dp</dimen>
    <dimen name="x692">954.70dp</dimen>
    <dimen name="x693">956.08dp</dimen>
    <dimen name="x694">957.46dp</dimen>
    <dimen name="x695">958.84dp</dimen>
    <dimen name="x696">960.22dp</dimen>
    <dimen name="x697">961.60dp</dimen>
    <dimen name="x698">962.98dp</dimen>
    <dimen name="x699">964.36dp</dimen>
    <dimen name="x700">965.74dp</dimen>
    <dimen name="x701">967.12dp</dimen>
    <dimen name="x702">968.50dp</dimen>
    <dimen name="x703">969.88dp</dimen>
    <dimen name="x704">971.26dp</dimen>
    <dimen name="x705">972.64dp</dimen>
    <dimen name="x706">974.02dp</dimen>
    <dimen name="x707">975.40dp</dimen>
    <dimen name="x708">976.78dp</dimen>
    <dimen name="x709">978.16dp</dimen>
    <dimen name="x710">979.54dp</dimen>
    <dimen name="x711">980.92dp</dimen>
    <dimen name="x712">982.30dp</dimen>
    <dimen name="x713">983.68dp</dimen>
    <dimen name="x714">985.06dp</dimen>
    <dimen name="x715">986.44dp</dimen>
    <dimen name="x716">987.81dp</dimen>
    <dimen name="x717">989.19dp</dimen>
    <dimen name="x718">990.57dp</dimen>
    <dimen name="x719">991.95dp</dimen>
    <dimen name="x720">993.33dp</dimen>
    <dimen name="x721">994.71dp</dimen>
    <dimen name="x722">996.09dp</dimen>
    <dimen name="x723">997.47dp</dimen>
    <dimen name="x724">998.85dp</dimen>
    <dimen name="x725">1000.23dp</dimen>
    <dimen name="x726">1001.61dp</dimen>
    <dimen name="x727">1002.99dp</dimen>
    <dimen name="x728">1004.37dp</dimen>
    <dimen name="x729">1005.75dp</dimen>
    <dimen name="x730">1007.13dp</dimen>
    <dimen name="x731">1008.51dp</dimen>
    <dimen name="x732">1009.89dp</dimen>
    <dimen name="x733">1011.27dp</dimen>
    <dimen name="x734">1012.65dp</dimen>
    <dimen name="x735">1014.03dp</dimen>
    <dimen name="x736">1015.41dp</dimen>
    <dimen name="x737">1016.79dp</dimen>
    <dimen name="x738">1018.17dp</dimen>
    <dimen name="x739">1019.55dp</dimen>
    <dimen name="x740">1020.93dp</dimen>
    <dimen name="x741">1022.31dp</dimen>
    <dimen name="x742">1023.69dp</dimen>
    <dimen name="x743">1025.06dp</dimen>
    <dimen name="x744">1026.44dp</dimen>
    <dimen name="x745">1027.82dp</dimen>
    <dimen name="x746">1029.20dp</dimen>
    <dimen name="x747">1030.58dp</dimen>
    <dimen name="x748">1031.96dp</dimen>
    <dimen name="x749">1033.34dp</dimen>
    <dimen name="x750">1034.72dp</dimen>
    <dimen name="x751">1036.10dp</dimen>
    <dimen name="x752">1037.48dp</dimen>
    <dimen name="x753">1038.86dp</dimen>
    <dimen name="x754">1040.24dp</dimen>
    <dimen name="x755">1041.62dp</dimen>
    <dimen name="x756">1043.00dp</dimen>
    <dimen name="x757">1044.38dp</dimen>
    <dimen name="x758">1045.76dp</dimen>
    <dimen name="x759">1047.14dp</dimen>
    <dimen name="x760">1048.52dp</dimen>
    <dimen name="x761">1049.90dp</dimen>
    <dimen name="x762">1051.28dp</dimen>
    <dimen name="x763">1052.66dp</dimen>
    <dimen name="x764">1054.04dp</dimen>
    <dimen name="x765">1055.42dp</dimen>
    <dimen name="x766">1056.80dp</dimen>
    <dimen name="x767">1058.18dp</dimen>
    <dimen name="x768">1059.56dp</dimen>
    <dimen name="x769">1060.94dp</dimen>
    <dimen name="x770">1062.31dp</dimen>
    <dimen name="x771">1063.69dp</dimen>
    <dimen name="x772">1065.07dp</dimen>
    <dimen name="x773">1066.45dp</dimen>
    <dimen name="x774">1067.83dp</dimen>
    <dimen name="x775">1069.21dp</dimen>
    <dimen name="x776">1070.59dp</dimen>
    <dimen name="x777">1071.97dp</dimen>
    <dimen name="x778">1073.35dp</dimen>
    <dimen name="x779">1074.73dp</dimen>
    <dimen name="x780">1076.11dp</dimen>
    <dimen name="x781">1077.49dp</dimen>
    <dimen name="x782">1078.87dp</dimen>
    <dimen name="x783">1080.25dp</dimen>
    <dimen name="x784">1081.63dp</dimen>
    <dimen name="x785">1083.01dp</dimen>
    <dimen name="x786">1084.39dp</dimen>
    <dimen name="x787">1085.77dp</dimen>
    <dimen name="x788">1087.15dp</dimen>
    <dimen name="x789">1088.53dp</dimen>
    <dimen name="x790">1089.91dp</dimen>
    <dimen name="x791">1091.29dp</dimen>
    <dimen name="x792">1092.67dp</dimen>
    <dimen name="x793">1094.05dp</dimen>
    <dimen name="x794">1095.43dp</dimen>
    <dimen name="x795">1096.81dp</dimen>
    <dimen name="x796">1098.19dp</dimen>
    <dimen name="x797">1099.56dp</dimen>
    <dimen name="x798">1100.94dp</dimen>
    <dimen name="x799">1102.32dp</dimen>
    <dimen name="x800">1103.70dp</dimen>
    <dimen name="x801">1105.08dp</dimen>
    <dimen name="x802">1106.46dp</dimen>
    <dimen name="x803">1107.84dp</dimen>
    <dimen name="x804">1109.22dp</dimen>
    <dimen name="x805">1110.60dp</dimen>
    <dimen name="x806">1111.98dp</dimen>
    <dimen name="x807">1113.36dp</dimen>
    <dimen name="x808">1114.74dp</dimen>
    <dimen name="x809">1116.12dp</dimen>
    <dimen name="x810">1117.50dp</dimen>
    <dimen name="x811">1118.88dp</dimen>
    <dimen name="x812">1120.26dp</dimen>
    <dimen name="x813">1121.64dp</dimen>
    <dimen name="x814">1123.02dp</dimen>
    <dimen name="x815">1124.40dp</dimen>
    <dimen name="x816">1125.78dp</dimen>
    <dimen name="x817">1127.16dp</dimen>
    <dimen name="x818">1128.54dp</dimen>
    <dimen name="x819">1129.92dp</dimen>
    <dimen name="x820">1131.30dp</dimen>
    <dimen name="x821">1132.68dp</dimen>
    <dimen name="x822">1134.06dp</dimen>
    <dimen name="x823">1135.44dp</dimen>
    <dimen name="x824">1136.81dp</dimen>
    <dimen name="x825">1138.19dp</dimen>
    <dimen name="x826">1139.57dp</dimen>
    <dimen name="x827">1140.95dp</dimen>
    <dimen name="x828">1142.33dp</dimen>
    <dimen name="x829">1143.71dp</dimen>
    <dimen name="x830">1145.09dp</dimen>
    <dimen name="x831">1146.47dp</dimen>
    <dimen name="x832">1147.85dp</dimen>
    <dimen name="x833">1149.23dp</dimen>
    <dimen name="x834">1150.61dp</dimen>
    <dimen name="x835">1151.99dp</dimen>
    <dimen name="x836">1153.37dp</dimen>
    <dimen name="x837">1154.75dp</dimen>
    <dimen name="x838">1156.13dp</dimen>
    <dimen name="x839">1157.51dp</dimen>
    <dimen name="x840">1158.89dp</dimen>
    <dimen name="x841">1160.27dp</dimen>
    <dimen name="x842">1161.65dp</dimen>
    <dimen name="x843">1163.03dp</dimen>
    <dimen name="x844">1164.41dp</dimen>
    <dimen name="x845">1165.79dp</dimen>
    <dimen name="x846">1167.17dp</dimen>
    <dimen name="x847">1168.55dp</dimen>
    <dimen name="x848">1169.93dp</dimen>
    <dimen name="x849">1171.31dp</dimen>
    <dimen name="x850">1172.69dp</dimen>
    <dimen name="x851">1174.06dp</dimen>
    <dimen name="x852">1175.44dp</dimen>
    <dimen name="x853">1176.82dp</dimen>
    <dimen name="x854">1178.20dp</dimen>
    <dimen name="x855">1179.58dp</dimen>
    <dimen name="x856">1180.96dp</dimen>
    <dimen name="x857">1182.34dp</dimen>
    <dimen name="x858">1183.72dp</dimen>
    <dimen name="x859">1185.10dp</dimen>
    <dimen name="x860">1186.48dp</dimen>
    <dimen name="x861">1187.86dp</dimen>
    <dimen name="x862">1189.24dp</dimen>
    <dimen name="x863">1190.62dp</dimen>
    <dimen name="x864">1192.00dp</dimen>
    <dimen name="x865">1193.38dp</dimen>
    <dimen name="x866">1194.76dp</dimen>
    <dimen name="x867">1196.14dp</dimen>
    <dimen name="x868">1197.52dp</dimen>
    <dimen name="x869">1198.90dp</dimen>
    <dimen name="x870">1200.28dp</dimen>
    <dimen name="x871">1201.66dp</dimen>
    <dimen name="x872">1203.04dp</dimen>
    <dimen name="x873">1204.42dp</dimen>
    <dimen name="x874">1205.80dp</dimen>
    <dimen name="x875">1207.18dp</dimen>
    <dimen name="x876">1208.56dp</dimen>
    <dimen name="x877">1209.94dp</dimen>
    <dimen name="x878">1211.31dp</dimen>
    <dimen name="x879">1212.69dp</dimen>
    <dimen name="x880">1214.07dp</dimen>
    <dimen name="x881">1215.45dp</dimen>
    <dimen name="x882">1216.83dp</dimen>
    <dimen name="x883">1218.21dp</dimen>
    <dimen name="x884">1219.59dp</dimen>
    <dimen name="x885">1220.97dp</dimen>
    <dimen name="x886">1222.35dp</dimen>
    <dimen name="x887">1223.73dp</dimen>
    <dimen name="x888">1225.11dp</dimen>
    <dimen name="x889">1226.49dp</dimen>
    <dimen name="x890">1227.87dp</dimen>
    <dimen name="x891">1229.25dp</dimen>
    <dimen name="x892">1230.63dp</dimen>
    <dimen name="x893">1232.01dp</dimen>
    <dimen name="x894">1233.39dp</dimen>
    <dimen name="x895">1234.77dp</dimen>
    <dimen name="x896">1236.15dp</dimen>
    <dimen name="x897">1237.53dp</dimen>
    <dimen name="x898">1238.91dp</dimen>
    <dimen name="x899">1240.29dp</dimen>
    <dimen name="x900">1241.67dp</dimen>
    <dimen name="x901">1243.05dp</dimen>
    <dimen name="x902">1244.43dp</dimen>
    <dimen name="x903">1245.81dp</dimen>
    <dimen name="x904">1247.19dp</dimen>
    <dimen name="x905">1248.56dp</dimen>
    <dimen name="x906">1249.94dp</dimen>
    <dimen name="x907">1251.32dp</dimen>
    <dimen name="x908">1252.70dp</dimen>
    <dimen name="x909">1254.08dp</dimen>
    <dimen name="x910">1255.46dp</dimen>
    <dimen name="x911">1256.84dp</dimen>
    <dimen name="x912">1258.22dp</dimen>
    <dimen name="x913">1259.60dp</dimen>
    <dimen name="x914">1260.98dp</dimen>
    <dimen name="x915">1262.36dp</dimen>
    <dimen name="x916">1263.74dp</dimen>
    <dimen name="x917">1265.12dp</dimen>
    <dimen name="x918">1266.50dp</dimen>
    <dimen name="x919">1267.88dp</dimen>
    <dimen name="x920">1269.26dp</dimen>
    <dimen name="x921">1270.64dp</dimen>
    <dimen name="x922">1272.02dp</dimen>
    <dimen name="x923">1273.40dp</dimen>
    <dimen name="x924">1274.78dp</dimen>
    <dimen name="x925">1276.16dp</dimen>
    <dimen name="x926">1277.54dp</dimen>
    <dimen name="x927">1278.92dp</dimen>
    <dimen name="x928">1280.30dp</dimen>
    <dimen name="x929">1281.68dp</dimen>
    <dimen name="x930">1283.06dp</dimen>
    <dimen name="x931">1284.44dp</dimen>
    <dimen name="x932">1285.81dp</dimen>
    <dimen name="x933">1287.19dp</dimen>
    <dimen name="x934">1288.57dp</dimen>
    <dimen name="x935">1289.95dp</dimen>
    <dimen name="x936">1291.33dp</dimen>
    <dimen name="x937">1292.71dp</dimen>
    <dimen name="x938">1294.09dp</dimen>
    <dimen name="x939">1295.47dp</dimen>
    <dimen name="x940">1296.85dp</dimen>
    <dimen name="x941">1298.23dp</dimen>
    <dimen name="x942">1299.61dp</dimen>
    <dimen name="x943">1300.99dp</dimen>
    <dimen name="x944">1302.37dp</dimen>
    <dimen name="x945">1303.75dp</dimen>
    <dimen name="x946">1305.13dp</dimen>
    <dimen name="x947">1306.51dp</dimen>
    <dimen name="x948">1307.89dp</dimen>
    <dimen name="x949">1309.27dp</dimen>
    <dimen name="x950">1310.65dp</dimen>
    <dimen name="x951">1312.03dp</dimen>
    <dimen name="x952">1313.41dp</dimen>
    <dimen name="x953">1314.79dp</dimen>
    <dimen name="x954">1316.17dp</dimen>
    <dimen name="x955">1317.55dp</dimen>
    <dimen name="x956">1318.93dp</dimen>
    <dimen name="x957">1320.31dp</dimen>
    <dimen name="x958">1321.69dp</dimen>
    <dimen name="x959">1323.06dp</dimen>
    <dimen name="x960">1324.44dp</dimen>
    <dimen name="x961">1325.82dp</dimen>
    <dimen name="x962">1327.20dp</dimen>
    <dimen name="x963">1328.58dp</dimen>
    <dimen name="x964">1329.96dp</dimen>
    <dimen name="x965">1331.34dp</dimen>
    <dimen name="x966">1332.72dp</dimen>
    <dimen name="x967">1334.10dp</dimen>
    <dimen name="x968">1335.48dp</dimen>
    <dimen name="x969">1336.86dp</dimen>
    <dimen name="x970">1338.24dp</dimen>
    <dimen name="x971">1339.62dp</dimen>
    <dimen name="x972">1341.00dp</dimen>
    <dimen name="x973">1342.38dp</dimen>
    <dimen name="x974">1343.76dp</dimen>
    <dimen name="x975">1345.14dp</dimen>
    <dimen name="x976">1346.52dp</dimen>
    <dimen name="x977">1347.90dp</dimen>
    <dimen name="x978">1349.28dp</dimen>
    <dimen name="x979">1350.66dp</dimen>
    <dimen name="x980">1352.04dp</dimen>
    <dimen name="x981">1353.42dp</dimen>
    <dimen name="x982">1354.80dp</dimen>
    <dimen name="x983">1356.18dp</dimen>
    <dimen name="x984">1357.56dp</dimen>
    <dimen name="x985">1358.94dp</dimen>
    <dimen name="x986">1360.31dp</dimen>
    <dimen name="x987">1361.69dp</dimen>
    <dimen name="x988">1363.07dp</dimen>
    <dimen name="x989">1364.45dp</dimen>
    <dimen name="x990">1365.83dp</dimen>
    <dimen name="x991">1367.21dp</dimen>
    <dimen name="x992">1368.59dp</dimen>
    <dimen name="x993">1369.97dp</dimen>
    <dimen name="x994">1371.35dp</dimen>
    <dimen name="x995">1372.73dp</dimen>
    <dimen name="x996">1374.11dp</dimen>
    <dimen name="x997">1375.49dp</dimen>
    <dimen name="x998">1376.87dp</dimen>
    <dimen name="x999">1378.25dp</dimen>
    <dimen name="x1000">1379.63dp</dimen>
    <dimen name="x1001">1381.01dp</dimen>
    <dimen name="x1002">1382.39dp</dimen>
    <dimen name="x1003">1383.77dp</dimen>
    <dimen name="x1004">1385.15dp</dimen>
    <dimen name="x1005">1386.53dp</dimen>
    <dimen name="x1006">1387.91dp</dimen>
    <dimen name="x1007">1389.29dp</dimen>
    <dimen name="x1008">1390.67dp</dimen>
    <dimen name="x1009">1392.05dp</dimen>
    <dimen name="x1010">1393.43dp</dimen>
    <dimen name="x1011">1394.81dp</dimen>
    <dimen name="x1012">1396.19dp</dimen>
    <dimen name="x1013">1397.56dp</dimen>
    <dimen name="x1014">1398.94dp</dimen>
    <dimen name="x1015">1400.32dp</dimen>
    <dimen name="x1016">1401.70dp</dimen>
    <dimen name="x1017">1403.08dp</dimen>
    <dimen name="x1018">1404.46dp</dimen>
    <dimen name="x1019">1405.84dp</dimen>
    <dimen name="x1020">1407.22dp</dimen>
    <dimen name="x1021">1408.60dp</dimen>
    <dimen name="x1022">1409.98dp</dimen>
    <dimen name="x1023">1411.36dp</dimen>
    <dimen name="x1024">1412.74dp</dimen>
    <dimen name="x1025">1414.12dp</dimen>
    <dimen name="x1026">1415.50dp</dimen>
    <dimen name="x1027">1416.88dp</dimen>
    <dimen name="x1028">1418.26dp</dimen>
    <dimen name="x1029">1419.64dp</dimen>
    <dimen name="x1030">1421.02dp</dimen>
    <dimen name="x1031">1422.40dp</dimen>
    <dimen name="x1032">1423.78dp</dimen>
    <dimen name="x1033">1425.16dp</dimen>
    <dimen name="x1034">1426.54dp</dimen>
    <dimen name="x1035">1427.92dp</dimen>
    <dimen name="x1036">1429.30dp</dimen>
    <dimen name="x1037">1430.68dp</dimen>
    <dimen name="x1038">1432.06dp</dimen>
    <dimen name="x1039">1433.44dp</dimen>
    <dimen name="x1040">1434.81dp</dimen>
    <dimen name="x1041">1436.19dp</dimen>
    <dimen name="x1042">1437.57dp</dimen>
    <dimen name="x1043">1438.95dp</dimen>
    <dimen name="x1044">1440.33dp</dimen>
    <dimen name="x1045">1441.71dp</dimen>
    <dimen name="x1046">1443.09dp</dimen>
    <dimen name="x1047">1444.47dp</dimen>
    <dimen name="x1048">1445.85dp</dimen>
    <dimen name="x1049">1447.23dp</dimen>
    <dimen name="x1050">1448.61dp</dimen>
    <dimen name="x1051">1449.99dp</dimen>
    <dimen name="x1052">1451.37dp</dimen>
    <dimen name="x1053">1452.75dp</dimen>
    <dimen name="x1054">1454.13dp</dimen>
    <dimen name="x1055">1455.51dp</dimen>
    <dimen name="x1056">1456.89dp</dimen>
    <dimen name="x1057">1458.27dp</dimen>
    <dimen name="x1058">1459.65dp</dimen>
    <dimen name="x1059">1461.03dp</dimen>
    <dimen name="x1060">1462.41dp</dimen>
    <dimen name="x1061">1463.79dp</dimen>
    <dimen name="x1062">1465.17dp</dimen>
    <dimen name="x1063">1466.55dp</dimen>
    <dimen name="x1064">1467.93dp</dimen>
    <dimen name="x1065">1469.31dp</dimen>
    <dimen name="x1066">1470.69dp</dimen>
    <dimen name="x1067">1472.06dp</dimen>
    <dimen name="x1068">1473.44dp</dimen>
    <dimen name="x1069">1474.82dp</dimen>
    <dimen name="x1070">1476.20dp</dimen>
    <dimen name="x1071">1477.58dp</dimen>
    <dimen name="x1072">1478.96dp</dimen>
    <dimen name="x1073">1480.34dp</dimen>
    <dimen name="x1074">1481.72dp</dimen>
    <dimen name="x1075">1483.10dp</dimen>
    <dimen name="x1076">1484.48dp</dimen>
    <dimen name="x1077">1485.86dp</dimen>
    <dimen name="x1078">1487.24dp</dimen>
    <dimen name="x1079">1488.62dp</dimen>
    <dimen name="x1080">1490.00dp</dimen>
</resources>