<?xml version="1.0" encoding="utf-8"?>
<resources>
    <string name="sw_dp">1540dp</string>
    <dimen name="x1">1.43dp</dimen>
    <dimen name="x2">2.85dp</dimen>
    <dimen name="x3">4.28dp</dimen>
    <dimen name="x4">5.70dp</dimen>
    <dimen name="x5">7.13dp</dimen>
    <dimen name="x6">8.56dp</dimen>
    <dimen name="x7">9.98dp</dimen>
    <dimen name="x8">11.41dp</dimen>
    <dimen name="x9">12.83dp</dimen>
    <dimen name="x10">14.26dp</dimen>
    <dimen name="x11">15.69dp</dimen>
    <dimen name="x12">17.11dp</dimen>
    <dimen name="x13">18.54dp</dimen>
    <dimen name="x14">19.96dp</dimen>
    <dimen name="x15">21.39dp</dimen>
    <dimen name="x16">22.81dp</dimen>
    <dimen name="x17">24.24dp</dimen>
    <dimen name="x18">25.67dp</dimen>
    <dimen name="x19">27.09dp</dimen>
    <dimen name="x20">28.52dp</dimen>
    <dimen name="x21">29.94dp</dimen>
    <dimen name="x22">31.37dp</dimen>
    <dimen name="x23">32.80dp</dimen>
    <dimen name="x24">34.22dp</dimen>
    <dimen name="x25">35.65dp</dimen>
    <dimen name="x26">37.07dp</dimen>
    <dimen name="x27">38.50dp</dimen>
    <dimen name="x28">39.93dp</dimen>
    <dimen name="x29">41.35dp</dimen>
    <dimen name="x30">42.78dp</dimen>
    <dimen name="x31">44.20dp</dimen>
    <dimen name="x32">45.63dp</dimen>
    <dimen name="x33">47.06dp</dimen>
    <dimen name="x34">48.48dp</dimen>
    <dimen name="x35">49.91dp</dimen>
    <dimen name="x36">51.33dp</dimen>
    <dimen name="x37">52.76dp</dimen>
    <dimen name="x38">54.19dp</dimen>
    <dimen name="x39">55.61dp</dimen>
    <dimen name="x40">57.04dp</dimen>
    <dimen name="x41">58.46dp</dimen>
    <dimen name="x42">59.89dp</dimen>
    <dimen name="x43">61.31dp</dimen>
    <dimen name="x44">62.74dp</dimen>
    <dimen name="x45">64.17dp</dimen>
    <dimen name="x46">65.59dp</dimen>
    <dimen name="x47">67.02dp</dimen>
    <dimen name="x48">68.44dp</dimen>
    <dimen name="x49">69.87dp</dimen>
    <dimen name="x50">71.30dp</dimen>
    <dimen name="x51">72.72dp</dimen>
    <dimen name="x52">74.15dp</dimen>
    <dimen name="x53">75.57dp</dimen>
    <dimen name="x54">77.00dp</dimen>
    <dimen name="x55">78.43dp</dimen>
    <dimen name="x56">79.85dp</dimen>
    <dimen name="x57">81.28dp</dimen>
    <dimen name="x58">82.70dp</dimen>
    <dimen name="x59">84.13dp</dimen>
    <dimen name="x60">85.56dp</dimen>
    <dimen name="x61">86.98dp</dimen>
    <dimen name="x62">88.41dp</dimen>
    <dimen name="x63">89.83dp</dimen>
    <dimen name="x64">91.26dp</dimen>
    <dimen name="x65">92.69dp</dimen>
    <dimen name="x66">94.11dp</dimen>
    <dimen name="x67">95.54dp</dimen>
    <dimen name="x68">96.96dp</dimen>
    <dimen name="x69">98.39dp</dimen>
    <dimen name="x70">99.81dp</dimen>
    <dimen name="x71">101.24dp</dimen>
    <dimen name="x72">102.67dp</dimen>
    <dimen name="x73">104.09dp</dimen>
    <dimen name="x74">105.52dp</dimen>
    <dimen name="x75">106.94dp</dimen>
    <dimen name="x76">108.37dp</dimen>
    <dimen name="x77">109.80dp</dimen>
    <dimen name="x78">111.22dp</dimen>
    <dimen name="x79">112.65dp</dimen>
    <dimen name="x80">114.07dp</dimen>
    <dimen name="x81">115.50dp</dimen>
    <dimen name="x82">116.93dp</dimen>
    <dimen name="x83">118.35dp</dimen>
    <dimen name="x84">119.78dp</dimen>
    <dimen name="x85">121.20dp</dimen>
    <dimen name="x86">122.63dp</dimen>
    <dimen name="x87">124.06dp</dimen>
    <dimen name="x88">125.48dp</dimen>
    <dimen name="x89">126.91dp</dimen>
    <dimen name="x90">128.33dp</dimen>
    <dimen name="x91">129.76dp</dimen>
    <dimen name="x92">131.19dp</dimen>
    <dimen name="x93">132.61dp</dimen>
    <dimen name="x94">134.04dp</dimen>
    <dimen name="x95">135.46dp</dimen>
    <dimen name="x96">136.89dp</dimen>
    <dimen name="x97">138.31dp</dimen>
    <dimen name="x98">139.74dp</dimen>
    <dimen name="x99">141.17dp</dimen>
    <dimen name="x100">142.59dp</dimen>
    <dimen name="x101">144.02dp</dimen>
    <dimen name="x102">145.44dp</dimen>
    <dimen name="x103">146.87dp</dimen>
    <dimen name="x104">148.30dp</dimen>
    <dimen name="x105">149.72dp</dimen>
    <dimen name="x106">151.15dp</dimen>
    <dimen name="x107">152.57dp</dimen>
    <dimen name="x108">154.00dp</dimen>
    <dimen name="x109">155.43dp</dimen>
    <dimen name="x110">156.85dp</dimen>
    <dimen name="x111">158.28dp</dimen>
    <dimen name="x112">159.70dp</dimen>
    <dimen name="x113">161.13dp</dimen>
    <dimen name="x114">162.56dp</dimen>
    <dimen name="x115">163.98dp</dimen>
    <dimen name="x116">165.41dp</dimen>
    <dimen name="x117">166.83dp</dimen>
    <dimen name="x118">168.26dp</dimen>
    <dimen name="x119">169.69dp</dimen>
    <dimen name="x120">171.11dp</dimen>
    <dimen name="x121">172.54dp</dimen>
    <dimen name="x122">173.96dp</dimen>
    <dimen name="x123">175.39dp</dimen>
    <dimen name="x124">176.81dp</dimen>
    <dimen name="x125">178.24dp</dimen>
    <dimen name="x126">179.67dp</dimen>
    <dimen name="x127">181.09dp</dimen>
    <dimen name="x128">182.52dp</dimen>
    <dimen name="x129">183.94dp</dimen>
    <dimen name="x130">185.37dp</dimen>
    <dimen name="x131">186.80dp</dimen>
    <dimen name="x132">188.22dp</dimen>
    <dimen name="x133">189.65dp</dimen>
    <dimen name="x134">191.07dp</dimen>
    <dimen name="x135">192.50dp</dimen>
    <dimen name="x136">193.93dp</dimen>
    <dimen name="x137">195.35dp</dimen>
    <dimen name="x138">196.78dp</dimen>
    <dimen name="x139">198.20dp</dimen>
    <dimen name="x140">199.63dp</dimen>
    <dimen name="x141">201.06dp</dimen>
    <dimen name="x142">202.48dp</dimen>
    <dimen name="x143">203.91dp</dimen>
    <dimen name="x144">205.33dp</dimen>
    <dimen name="x145">206.76dp</dimen>
    <dimen name="x146">208.19dp</dimen>
    <dimen name="x147">209.61dp</dimen>
    <dimen name="x148">211.04dp</dimen>
    <dimen name="x149">212.46dp</dimen>
    <dimen name="x150">213.89dp</dimen>
    <dimen name="x151">215.31dp</dimen>
    <dimen name="x152">216.74dp</dimen>
    <dimen name="x153">218.17dp</dimen>
    <dimen name="x154">219.59dp</dimen>
    <dimen name="x155">221.02dp</dimen>
    <dimen name="x156">222.44dp</dimen>
    <dimen name="x157">223.87dp</dimen>
    <dimen name="x158">225.30dp</dimen>
    <dimen name="x159">226.72dp</dimen>
    <dimen name="x160">228.15dp</dimen>
    <dimen name="x161">229.57dp</dimen>
    <dimen name="x162">231.00dp</dimen>
    <dimen name="x163">232.43dp</dimen>
    <dimen name="x164">233.85dp</dimen>
    <dimen name="x165">235.28dp</dimen>
    <dimen name="x166">236.70dp</dimen>
    <dimen name="x167">238.13dp</dimen>
    <dimen name="x168">239.56dp</dimen>
    <dimen name="x169">240.98dp</dimen>
    <dimen name="x170">242.41dp</dimen>
    <dimen name="x171">243.83dp</dimen>
    <dimen name="x172">245.26dp</dimen>
    <dimen name="x173">246.69dp</dimen>
    <dimen name="x174">248.11dp</dimen>
    <dimen name="x175">249.54dp</dimen>
    <dimen name="x176">250.96dp</dimen>
    <dimen name="x177">252.39dp</dimen>
    <dimen name="x178">253.81dp</dimen>
    <dimen name="x179">255.24dp</dimen>
    <dimen name="x180">256.67dp</dimen>
    <dimen name="x181">258.09dp</dimen>
    <dimen name="x182">259.52dp</dimen>
    <dimen name="x183">260.94dp</dimen>
    <dimen name="x184">262.37dp</dimen>
    <dimen name="x185">263.80dp</dimen>
    <dimen name="x186">265.22dp</dimen>
    <dimen name="x187">266.65dp</dimen>
    <dimen name="x188">268.07dp</dimen>
    <dimen name="x189">269.50dp</dimen>
    <dimen name="x190">270.93dp</dimen>
    <dimen name="x191">272.35dp</dimen>
    <dimen name="x192">273.78dp</dimen>
    <dimen name="x193">275.20dp</dimen>
    <dimen name="x194">276.63dp</dimen>
    <dimen name="x195">278.06dp</dimen>
    <dimen name="x196">279.48dp</dimen>
    <dimen name="x197">280.91dp</dimen>
    <dimen name="x198">282.33dp</dimen>
    <dimen name="x199">283.76dp</dimen>
    <dimen name="x200">285.19dp</dimen>
    <dimen name="x201">286.61dp</dimen>
    <dimen name="x202">288.04dp</dimen>
    <dimen name="x203">289.46dp</dimen>
    <dimen name="x204">290.89dp</dimen>
    <dimen name="x205">292.31dp</dimen>
    <dimen name="x206">293.74dp</dimen>
    <dimen name="x207">295.17dp</dimen>
    <dimen name="x208">296.59dp</dimen>
    <dimen name="x209">298.02dp</dimen>
    <dimen name="x210">299.44dp</dimen>
    <dimen name="x211">300.87dp</dimen>
    <dimen name="x212">302.30dp</dimen>
    <dimen name="x213">303.72dp</dimen>
    <dimen name="x214">305.15dp</dimen>
    <dimen name="x215">306.57dp</dimen>
    <dimen name="x216">308.00dp</dimen>
    <dimen name="x217">309.43dp</dimen>
    <dimen name="x218">310.85dp</dimen>
    <dimen name="x219">312.28dp</dimen>
    <dimen name="x220">313.70dp</dimen>
    <dimen name="x221">315.13dp</dimen>
    <dimen name="x222">316.56dp</dimen>
    <dimen name="x223">317.98dp</dimen>
    <dimen name="x224">319.41dp</dimen>
    <dimen name="x225">320.83dp</dimen>
    <dimen name="x226">322.26dp</dimen>
    <dimen name="x227">323.69dp</dimen>
    <dimen name="x228">325.11dp</dimen>
    <dimen name="x229">326.54dp</dimen>
    <dimen name="x230">327.96dp</dimen>
    <dimen name="x231">329.39dp</dimen>
    <dimen name="x232">330.81dp</dimen>
    <dimen name="x233">332.24dp</dimen>
    <dimen name="x234">333.67dp</dimen>
    <dimen name="x235">335.09dp</dimen>
    <dimen name="x236">336.52dp</dimen>
    <dimen name="x237">337.94dp</dimen>
    <dimen name="x238">339.37dp</dimen>
    <dimen name="x239">340.80dp</dimen>
    <dimen name="x240">342.22dp</dimen>
    <dimen name="x241">343.65dp</dimen>
    <dimen name="x242">345.07dp</dimen>
    <dimen name="x243">346.50dp</dimen>
    <dimen name="x244">347.93dp</dimen>
    <dimen name="x245">349.35dp</dimen>
    <dimen name="x246">350.78dp</dimen>
    <dimen name="x247">352.20dp</dimen>
    <dimen name="x248">353.63dp</dimen>
    <dimen name="x249">355.06dp</dimen>
    <dimen name="x250">356.48dp</dimen>
    <dimen name="x251">357.91dp</dimen>
    <dimen name="x252">359.33dp</dimen>
    <dimen name="x253">360.76dp</dimen>
    <dimen name="x254">362.19dp</dimen>
    <dimen name="x255">363.61dp</dimen>
    <dimen name="x256">365.04dp</dimen>
    <dimen name="x257">366.46dp</dimen>
    <dimen name="x258">367.89dp</dimen>
    <dimen name="x259">369.31dp</dimen>
    <dimen name="x260">370.74dp</dimen>
    <dimen name="x261">372.17dp</dimen>
    <dimen name="x262">373.59dp</dimen>
    <dimen name="x263">375.02dp</dimen>
    <dimen name="x264">376.44dp</dimen>
    <dimen name="x265">377.87dp</dimen>
    <dimen name="x266">379.30dp</dimen>
    <dimen name="x267">380.72dp</dimen>
    <dimen name="x268">382.15dp</dimen>
    <dimen name="x269">383.57dp</dimen>
    <dimen name="x270">385.00dp</dimen>
    <dimen name="x271">386.43dp</dimen>
    <dimen name="x272">387.85dp</dimen>
    <dimen name="x273">389.28dp</dimen>
    <dimen name="x274">390.70dp</dimen>
    <dimen name="x275">392.13dp</dimen>
    <dimen name="x276">393.56dp</dimen>
    <dimen name="x277">394.98dp</dimen>
    <dimen name="x278">396.41dp</dimen>
    <dimen name="x279">397.83dp</dimen>
    <dimen name="x280">399.26dp</dimen>
    <dimen name="x281">400.69dp</dimen>
    <dimen name="x282">402.11dp</dimen>
    <dimen name="x283">403.54dp</dimen>
    <dimen name="x284">404.96dp</dimen>
    <dimen name="x285">406.39dp</dimen>
    <dimen name="x286">407.81dp</dimen>
    <dimen name="x287">409.24dp</dimen>
    <dimen name="x288">410.67dp</dimen>
    <dimen name="x289">412.09dp</dimen>
    <dimen name="x290">413.52dp</dimen>
    <dimen name="x291">414.94dp</dimen>
    <dimen name="x292">416.37dp</dimen>
    <dimen name="x293">417.80dp</dimen>
    <dimen name="x294">419.22dp</dimen>
    <dimen name="x295">420.65dp</dimen>
    <dimen name="x296">422.07dp</dimen>
    <dimen name="x297">423.50dp</dimen>
    <dimen name="x298">424.93dp</dimen>
    <dimen name="x299">426.35dp</dimen>
    <dimen name="x300">427.78dp</dimen>
    <dimen name="x301">429.20dp</dimen>
    <dimen name="x302">430.63dp</dimen>
    <dimen name="x303">432.06dp</dimen>
    <dimen name="x304">433.48dp</dimen>
    <dimen name="x305">434.91dp</dimen>
    <dimen name="x306">436.33dp</dimen>
    <dimen name="x307">437.76dp</dimen>
    <dimen name="x308">439.19dp</dimen>
    <dimen name="x309">440.61dp</dimen>
    <dimen name="x310">442.04dp</dimen>
    <dimen name="x311">443.46dp</dimen>
    <dimen name="x312">444.89dp</dimen>
    <dimen name="x313">446.31dp</dimen>
    <dimen name="x314">447.74dp</dimen>
    <dimen name="x315">449.17dp</dimen>
    <dimen name="x316">450.59dp</dimen>
    <dimen name="x317">452.02dp</dimen>
    <dimen name="x318">453.44dp</dimen>
    <dimen name="x319">454.87dp</dimen>
    <dimen name="x320">456.30dp</dimen>
    <dimen name="x321">457.72dp</dimen>
    <dimen name="x322">459.15dp</dimen>
    <dimen name="x323">460.57dp</dimen>
    <dimen name="x324">462.00dp</dimen>
    <dimen name="x325">463.43dp</dimen>
    <dimen name="x326">464.85dp</dimen>
    <dimen name="x327">466.28dp</dimen>
    <dimen name="x328">467.70dp</dimen>
    <dimen name="x329">469.13dp</dimen>
    <dimen name="x330">470.56dp</dimen>
    <dimen name="x331">471.98dp</dimen>
    <dimen name="x332">473.41dp</dimen>
    <dimen name="x333">474.83dp</dimen>
    <dimen name="x334">476.26dp</dimen>
    <dimen name="x335">477.69dp</dimen>
    <dimen name="x336">479.11dp</dimen>
    <dimen name="x337">480.54dp</dimen>
    <dimen name="x338">481.96dp</dimen>
    <dimen name="x339">483.39dp</dimen>
    <dimen name="x340">484.81dp</dimen>
    <dimen name="x341">486.24dp</dimen>
    <dimen name="x342">487.67dp</dimen>
    <dimen name="x343">489.09dp</dimen>
    <dimen name="x344">490.52dp</dimen>
    <dimen name="x345">491.94dp</dimen>
    <dimen name="x346">493.37dp</dimen>
    <dimen name="x347">494.80dp</dimen>
    <dimen name="x348">496.22dp</dimen>
    <dimen name="x349">497.65dp</dimen>
    <dimen name="x350">499.07dp</dimen>
    <dimen name="x351">500.50dp</dimen>
    <dimen name="x352">501.93dp</dimen>
    <dimen name="x353">503.35dp</dimen>
    <dimen name="x354">504.78dp</dimen>
    <dimen name="x355">506.20dp</dimen>
    <dimen name="x356">507.63dp</dimen>
    <dimen name="x357">509.06dp</dimen>
    <dimen name="x358">510.48dp</dimen>
    <dimen name="x359">511.91dp</dimen>
    <dimen name="x360">513.33dp</dimen>
    <dimen name="x361">514.76dp</dimen>
    <dimen name="x362">516.19dp</dimen>
    <dimen name="x363">517.61dp</dimen>
    <dimen name="x364">519.04dp</dimen>
    <dimen name="x365">520.46dp</dimen>
    <dimen name="x366">521.89dp</dimen>
    <dimen name="x367">523.31dp</dimen>
    <dimen name="x368">524.74dp</dimen>
    <dimen name="x369">526.17dp</dimen>
    <dimen name="x370">527.59dp</dimen>
    <dimen name="x371">529.02dp</dimen>
    <dimen name="x372">530.44dp</dimen>
    <dimen name="x373">531.87dp</dimen>
    <dimen name="x374">533.30dp</dimen>
    <dimen name="x375">534.72dp</dimen>
    <dimen name="x376">536.15dp</dimen>
    <dimen name="x377">537.57dp</dimen>
    <dimen name="x378">539.00dp</dimen>
    <dimen name="x379">540.43dp</dimen>
    <dimen name="x380">541.85dp</dimen>
    <dimen name="x381">543.28dp</dimen>
    <dimen name="x382">544.70dp</dimen>
    <dimen name="x383">546.13dp</dimen>
    <dimen name="x384">547.56dp</dimen>
    <dimen name="x385">548.98dp</dimen>
    <dimen name="x386">550.41dp</dimen>
    <dimen name="x387">551.83dp</dimen>
    <dimen name="x388">553.26dp</dimen>
    <dimen name="x389">554.69dp</dimen>
    <dimen name="x390">556.11dp</dimen>
    <dimen name="x391">557.54dp</dimen>
    <dimen name="x392">558.96dp</dimen>
    <dimen name="x393">560.39dp</dimen>
    <dimen name="x394">561.81dp</dimen>
    <dimen name="x395">563.24dp</dimen>
    <dimen name="x396">564.67dp</dimen>
    <dimen name="x397">566.09dp</dimen>
    <dimen name="x398">567.52dp</dimen>
    <dimen name="x399">568.94dp</dimen>
    <dimen name="x400">570.37dp</dimen>
    <dimen name="x401">571.80dp</dimen>
    <dimen name="x402">573.22dp</dimen>
    <dimen name="x403">574.65dp</dimen>
    <dimen name="x404">576.07dp</dimen>
    <dimen name="x405">577.50dp</dimen>
    <dimen name="x406">578.93dp</dimen>
    <dimen name="x407">580.35dp</dimen>
    <dimen name="x408">581.78dp</dimen>
    <dimen name="x409">583.20dp</dimen>
    <dimen name="x410">584.63dp</dimen>
    <dimen name="x411">586.06dp</dimen>
    <dimen name="x412">587.48dp</dimen>
    <dimen name="x413">588.91dp</dimen>
    <dimen name="x414">590.33dp</dimen>
    <dimen name="x415">591.76dp</dimen>
    <dimen name="x416">593.19dp</dimen>
    <dimen name="x417">594.61dp</dimen>
    <dimen name="x418">596.04dp</dimen>
    <dimen name="x419">597.46dp</dimen>
    <dimen name="x420">598.89dp</dimen>
    <dimen name="x421">600.31dp</dimen>
    <dimen name="x422">601.74dp</dimen>
    <dimen name="x423">603.17dp</dimen>
    <dimen name="x424">604.59dp</dimen>
    <dimen name="x425">606.02dp</dimen>
    <dimen name="x426">607.44dp</dimen>
    <dimen name="x427">608.87dp</dimen>
    <dimen name="x428">610.30dp</dimen>
    <dimen name="x429">611.72dp</dimen>
    <dimen name="x430">613.15dp</dimen>
    <dimen name="x431">614.57dp</dimen>
    <dimen name="x432">616.00dp</dimen>
    <dimen name="x433">617.43dp</dimen>
    <dimen name="x434">618.85dp</dimen>
    <dimen name="x435">620.28dp</dimen>
    <dimen name="x436">621.70dp</dimen>
    <dimen name="x437">623.13dp</dimen>
    <dimen name="x438">624.56dp</dimen>
    <dimen name="x439">625.98dp</dimen>
    <dimen name="x440">627.41dp</dimen>
    <dimen name="x441">628.83dp</dimen>
    <dimen name="x442">630.26dp</dimen>
    <dimen name="x443">631.69dp</dimen>
    <dimen name="x444">633.11dp</dimen>
    <dimen name="x445">634.54dp</dimen>
    <dimen name="x446">635.96dp</dimen>
    <dimen name="x447">637.39dp</dimen>
    <dimen name="x448">638.81dp</dimen>
    <dimen name="x449">640.24dp</dimen>
    <dimen name="x450">641.67dp</dimen>
    <dimen name="x451">643.09dp</dimen>
    <dimen name="x452">644.52dp</dimen>
    <dimen name="x453">645.94dp</dimen>
    <dimen name="x454">647.37dp</dimen>
    <dimen name="x455">648.80dp</dimen>
    <dimen name="x456">650.22dp</dimen>
    <dimen name="x457">651.65dp</dimen>
    <dimen name="x458">653.07dp</dimen>
    <dimen name="x459">654.50dp</dimen>
    <dimen name="x460">655.93dp</dimen>
    <dimen name="x461">657.35dp</dimen>
    <dimen name="x462">658.78dp</dimen>
    <dimen name="x463">660.20dp</dimen>
    <dimen name="x464">661.63dp</dimen>
    <dimen name="x465">663.06dp</dimen>
    <dimen name="x466">664.48dp</dimen>
    <dimen name="x467">665.91dp</dimen>
    <dimen name="x468">667.33dp</dimen>
    <dimen name="x469">668.76dp</dimen>
    <dimen name="x470">670.19dp</dimen>
    <dimen name="x471">671.61dp</dimen>
    <dimen name="x472">673.04dp</dimen>
    <dimen name="x473">674.46dp</dimen>
    <dimen name="x474">675.89dp</dimen>
    <dimen name="x475">677.31dp</dimen>
    <dimen name="x476">678.74dp</dimen>
    <dimen name="x477">680.17dp</dimen>
    <dimen name="x478">681.59dp</dimen>
    <dimen name="x479">683.02dp</dimen>
    <dimen name="x480">684.44dp</dimen>
    <dimen name="x481">685.87dp</dimen>
    <dimen name="x482">687.30dp</dimen>
    <dimen name="x483">688.72dp</dimen>
    <dimen name="x484">690.15dp</dimen>
    <dimen name="x485">691.57dp</dimen>
    <dimen name="x486">693.00dp</dimen>
    <dimen name="x487">694.43dp</dimen>
    <dimen name="x488">695.85dp</dimen>
    <dimen name="x489">697.28dp</dimen>
    <dimen name="x490">698.70dp</dimen>
    <dimen name="x491">700.13dp</dimen>
    <dimen name="x492">701.56dp</dimen>
    <dimen name="x493">702.98dp</dimen>
    <dimen name="x494">704.41dp</dimen>
    <dimen name="x495">705.83dp</dimen>
    <dimen name="x496">707.26dp</dimen>
    <dimen name="x497">708.69dp</dimen>
    <dimen name="x498">710.11dp</dimen>
    <dimen name="x499">711.54dp</dimen>
    <dimen name="x500">712.96dp</dimen>
    <dimen name="x501">714.39dp</dimen>
    <dimen name="x502">715.81dp</dimen>
    <dimen name="x503">717.24dp</dimen>
    <dimen name="x504">718.67dp</dimen>
    <dimen name="x505">720.09dp</dimen>
    <dimen name="x506">721.52dp</dimen>
    <dimen name="x507">722.94dp</dimen>
    <dimen name="x508">724.37dp</dimen>
    <dimen name="x509">725.80dp</dimen>
    <dimen name="x510">727.22dp</dimen>
    <dimen name="x511">728.65dp</dimen>
    <dimen name="x512">730.07dp</dimen>
    <dimen name="x513">731.50dp</dimen>
    <dimen name="x514">732.93dp</dimen>
    <dimen name="x515">734.35dp</dimen>
    <dimen name="x516">735.78dp</dimen>
    <dimen name="x517">737.20dp</dimen>
    <dimen name="x518">738.63dp</dimen>
    <dimen name="x519">740.06dp</dimen>
    <dimen name="x520">741.48dp</dimen>
    <dimen name="x521">742.91dp</dimen>
    <dimen name="x522">744.33dp</dimen>
    <dimen name="x523">745.76dp</dimen>
    <dimen name="x524">747.19dp</dimen>
    <dimen name="x525">748.61dp</dimen>
    <dimen name="x526">750.04dp</dimen>
    <dimen name="x527">751.46dp</dimen>
    <dimen name="x528">752.89dp</dimen>
    <dimen name="x529">754.31dp</dimen>
    <dimen name="x530">755.74dp</dimen>
    <dimen name="x531">757.17dp</dimen>
    <dimen name="x532">758.59dp</dimen>
    <dimen name="x533">760.02dp</dimen>
    <dimen name="x534">761.44dp</dimen>
    <dimen name="x535">762.87dp</dimen>
    <dimen name="x536">764.30dp</dimen>
    <dimen name="x537">765.72dp</dimen>
    <dimen name="x538">767.15dp</dimen>
    <dimen name="x539">768.57dp</dimen>
    <dimen name="x540">770.00dp</dimen>
    <dimen name="x541">771.43dp</dimen>
    <dimen name="x542">772.85dp</dimen>
    <dimen name="x543">774.28dp</dimen>
    <dimen name="x544">775.70dp</dimen>
    <dimen name="x545">777.13dp</dimen>
    <dimen name="x546">778.56dp</dimen>
    <dimen name="x547">779.98dp</dimen>
    <dimen name="x548">781.41dp</dimen>
    <dimen name="x549">782.83dp</dimen>
    <dimen name="x550">784.26dp</dimen>
    <dimen name="x551">785.69dp</dimen>
    <dimen name="x552">787.11dp</dimen>
    <dimen name="x553">788.54dp</dimen>
    <dimen name="x554">789.96dp</dimen>
    <dimen name="x555">791.39dp</dimen>
    <dimen name="x556">792.81dp</dimen>
    <dimen name="x557">794.24dp</dimen>
    <dimen name="x558">795.67dp</dimen>
    <dimen name="x559">797.09dp</dimen>
    <dimen name="x560">798.52dp</dimen>
    <dimen name="x561">799.94dp</dimen>
    <dimen name="x562">801.37dp</dimen>
    <dimen name="x563">802.80dp</dimen>
    <dimen name="x564">804.22dp</dimen>
    <dimen name="x565">805.65dp</dimen>
    <dimen name="x566">807.07dp</dimen>
    <dimen name="x567">808.50dp</dimen>
    <dimen name="x568">809.93dp</dimen>
    <dimen name="x569">811.35dp</dimen>
    <dimen name="x570">812.78dp</dimen>
    <dimen name="x571">814.20dp</dimen>
    <dimen name="x572">815.63dp</dimen>
    <dimen name="x573">817.06dp</dimen>
    <dimen name="x574">818.48dp</dimen>
    <dimen name="x575">819.91dp</dimen>
    <dimen name="x576">821.33dp</dimen>
    <dimen name="x577">822.76dp</dimen>
    <dimen name="x578">824.19dp</dimen>
    <dimen name="x579">825.61dp</dimen>
    <dimen name="x580">827.04dp</dimen>
    <dimen name="x581">828.46dp</dimen>
    <dimen name="x582">829.89dp</dimen>
    <dimen name="x583">831.31dp</dimen>
    <dimen name="x584">832.74dp</dimen>
    <dimen name="x585">834.17dp</dimen>
    <dimen name="x586">835.59dp</dimen>
    <dimen name="x587">837.02dp</dimen>
    <dimen name="x588">838.44dp</dimen>
    <dimen name="x589">839.87dp</dimen>
    <dimen name="x590">841.30dp</dimen>
    <dimen name="x591">842.72dp</dimen>
    <dimen name="x592">844.15dp</dimen>
    <dimen name="x593">845.57dp</dimen>
    <dimen name="x594">847.00dp</dimen>
    <dimen name="x595">848.43dp</dimen>
    <dimen name="x596">849.85dp</dimen>
    <dimen name="x597">851.28dp</dimen>
    <dimen name="x598">852.70dp</dimen>
    <dimen name="x599">854.13dp</dimen>
    <dimen name="x600">855.56dp</dimen>
    <dimen name="x601">856.98dp</dimen>
    <dimen name="x602">858.41dp</dimen>
    <dimen name="x603">859.83dp</dimen>
    <dimen name="x604">861.26dp</dimen>
    <dimen name="x605">862.69dp</dimen>
    <dimen name="x606">864.11dp</dimen>
    <dimen name="x607">865.54dp</dimen>
    <dimen name="x608">866.96dp</dimen>
    <dimen name="x609">868.39dp</dimen>
    <dimen name="x610">869.81dp</dimen>
    <dimen name="x611">871.24dp</dimen>
    <dimen name="x612">872.67dp</dimen>
    <dimen name="x613">874.09dp</dimen>
    <dimen name="x614">875.52dp</dimen>
    <dimen name="x615">876.94dp</dimen>
    <dimen name="x616">878.37dp</dimen>
    <dimen name="x617">879.80dp</dimen>
    <dimen name="x618">881.22dp</dimen>
    <dimen name="x619">882.65dp</dimen>
    <dimen name="x620">884.07dp</dimen>
    <dimen name="x621">885.50dp</dimen>
    <dimen name="x622">886.93dp</dimen>
    <dimen name="x623">888.35dp</dimen>
    <dimen name="x624">889.78dp</dimen>
    <dimen name="x625">891.20dp</dimen>
    <dimen name="x626">892.63dp</dimen>
    <dimen name="x627">894.06dp</dimen>
    <dimen name="x628">895.48dp</dimen>
    <dimen name="x629">896.91dp</dimen>
    <dimen name="x630">898.33dp</dimen>
    <dimen name="x631">899.76dp</dimen>
    <dimen name="x632">901.19dp</dimen>
    <dimen name="x633">902.61dp</dimen>
    <dimen name="x634">904.04dp</dimen>
    <dimen name="x635">905.46dp</dimen>
    <dimen name="x636">906.89dp</dimen>
    <dimen name="x637">908.31dp</dimen>
    <dimen name="x638">909.74dp</dimen>
    <dimen name="x639">911.17dp</dimen>
    <dimen name="x640">912.59dp</dimen>
    <dimen name="x641">914.02dp</dimen>
    <dimen name="x642">915.44dp</dimen>
    <dimen name="x643">916.87dp</dimen>
    <dimen name="x644">918.30dp</dimen>
    <dimen name="x645">919.72dp</dimen>
    <dimen name="x646">921.15dp</dimen>
    <dimen name="x647">922.57dp</dimen>
    <dimen name="x648">924.00dp</dimen>
    <dimen name="x649">925.43dp</dimen>
    <dimen name="x650">926.85dp</dimen>
    <dimen name="x651">928.28dp</dimen>
    <dimen name="x652">929.70dp</dimen>
    <dimen name="x653">931.13dp</dimen>
    <dimen name="x654">932.56dp</dimen>
    <dimen name="x655">933.98dp</dimen>
    <dimen name="x656">935.41dp</dimen>
    <dimen name="x657">936.83dp</dimen>
    <dimen name="x658">938.26dp</dimen>
    <dimen name="x659">939.69dp</dimen>
    <dimen name="x660">941.11dp</dimen>
    <dimen name="x661">942.54dp</dimen>
    <dimen name="x662">943.96dp</dimen>
    <dimen name="x663">945.39dp</dimen>
    <dimen name="x664">946.81dp</dimen>
    <dimen name="x665">948.24dp</dimen>
    <dimen name="x666">949.67dp</dimen>
    <dimen name="x667">951.09dp</dimen>
    <dimen name="x668">952.52dp</dimen>
    <dimen name="x669">953.94dp</dimen>
    <dimen name="x670">955.37dp</dimen>
    <dimen name="x671">956.80dp</dimen>
    <dimen name="x672">958.22dp</dimen>
    <dimen name="x673">959.65dp</dimen>
    <dimen name="x674">961.07dp</dimen>
    <dimen name="x675">962.50dp</dimen>
    <dimen name="x676">963.93dp</dimen>
    <dimen name="x677">965.35dp</dimen>
    <dimen name="x678">966.78dp</dimen>
    <dimen name="x679">968.20dp</dimen>
    <dimen name="x680">969.63dp</dimen>
    <dimen name="x681">971.06dp</dimen>
    <dimen name="x682">972.48dp</dimen>
    <dimen name="x683">973.91dp</dimen>
    <dimen name="x684">975.33dp</dimen>
    <dimen name="x685">976.76dp</dimen>
    <dimen name="x686">978.19dp</dimen>
    <dimen name="x687">979.61dp</dimen>
    <dimen name="x688">981.04dp</dimen>
    <dimen name="x689">982.46dp</dimen>
    <dimen name="x690">983.89dp</dimen>
    <dimen name="x691">985.31dp</dimen>
    <dimen name="x692">986.74dp</dimen>
    <dimen name="x693">988.17dp</dimen>
    <dimen name="x694">989.59dp</dimen>
    <dimen name="x695">991.02dp</dimen>
    <dimen name="x696">992.44dp</dimen>
    <dimen name="x697">993.87dp</dimen>
    <dimen name="x698">995.30dp</dimen>
    <dimen name="x699">996.72dp</dimen>
    <dimen name="x700">998.15dp</dimen>
    <dimen name="x701">999.57dp</dimen>
    <dimen name="x702">1001.00dp</dimen>
    <dimen name="x703">1002.43dp</dimen>
    <dimen name="x704">1003.85dp</dimen>
    <dimen name="x705">1005.28dp</dimen>
    <dimen name="x706">1006.70dp</dimen>
    <dimen name="x707">1008.13dp</dimen>
    <dimen name="x708">1009.56dp</dimen>
    <dimen name="x709">1010.98dp</dimen>
    <dimen name="x710">1012.41dp</dimen>
    <dimen name="x711">1013.83dp</dimen>
    <dimen name="x712">1015.26dp</dimen>
    <dimen name="x713">1016.69dp</dimen>
    <dimen name="x714">1018.11dp</dimen>
    <dimen name="x715">1019.54dp</dimen>
    <dimen name="x716">1020.96dp</dimen>
    <dimen name="x717">1022.39dp</dimen>
    <dimen name="x718">1023.81dp</dimen>
    <dimen name="x719">1025.24dp</dimen>
    <dimen name="x720">1026.67dp</dimen>
    <dimen name="x721">1028.09dp</dimen>
    <dimen name="x722">1029.52dp</dimen>
    <dimen name="x723">1030.94dp</dimen>
    <dimen name="x724">1032.37dp</dimen>
    <dimen name="x725">1033.80dp</dimen>
    <dimen name="x726">1035.22dp</dimen>
    <dimen name="x727">1036.65dp</dimen>
    <dimen name="x728">1038.07dp</dimen>
    <dimen name="x729">1039.50dp</dimen>
    <dimen name="x730">1040.93dp</dimen>
    <dimen name="x731">1042.35dp</dimen>
    <dimen name="x732">1043.78dp</dimen>
    <dimen name="x733">1045.20dp</dimen>
    <dimen name="x734">1046.63dp</dimen>
    <dimen name="x735">1048.06dp</dimen>
    <dimen name="x736">1049.48dp</dimen>
    <dimen name="x737">1050.91dp</dimen>
    <dimen name="x738">1052.33dp</dimen>
    <dimen name="x739">1053.76dp</dimen>
    <dimen name="x740">1055.19dp</dimen>
    <dimen name="x741">1056.61dp</dimen>
    <dimen name="x742">1058.04dp</dimen>
    <dimen name="x743">1059.46dp</dimen>
    <dimen name="x744">1060.89dp</dimen>
    <dimen name="x745">1062.31dp</dimen>
    <dimen name="x746">1063.74dp</dimen>
    <dimen name="x747">1065.17dp</dimen>
    <dimen name="x748">1066.59dp</dimen>
    <dimen name="x749">1068.02dp</dimen>
    <dimen name="x750">1069.44dp</dimen>
    <dimen name="x751">1070.87dp</dimen>
    <dimen name="x752">1072.30dp</dimen>
    <dimen name="x753">1073.72dp</dimen>
    <dimen name="x754">1075.15dp</dimen>
    <dimen name="x755">1076.57dp</dimen>
    <dimen name="x756">1078.00dp</dimen>
    <dimen name="x757">1079.43dp</dimen>
    <dimen name="x758">1080.85dp</dimen>
    <dimen name="x759">1082.28dp</dimen>
    <dimen name="x760">1083.70dp</dimen>
    <dimen name="x761">1085.13dp</dimen>
    <dimen name="x762">1086.56dp</dimen>
    <dimen name="x763">1087.98dp</dimen>
    <dimen name="x764">1089.41dp</dimen>
    <dimen name="x765">1090.83dp</dimen>
    <dimen name="x766">1092.26dp</dimen>
    <dimen name="x767">1093.69dp</dimen>
    <dimen name="x768">1095.11dp</dimen>
    <dimen name="x769">1096.54dp</dimen>
    <dimen name="x770">1097.96dp</dimen>
    <dimen name="x771">1099.39dp</dimen>
    <dimen name="x772">1100.81dp</dimen>
    <dimen name="x773">1102.24dp</dimen>
    <dimen name="x774">1103.67dp</dimen>
    <dimen name="x775">1105.09dp</dimen>
    <dimen name="x776">1106.52dp</dimen>
    <dimen name="x777">1107.94dp</dimen>
    <dimen name="x778">1109.37dp</dimen>
    <dimen name="x779">1110.80dp</dimen>
    <dimen name="x780">1112.22dp</dimen>
    <dimen name="x781">1113.65dp</dimen>
    <dimen name="x782">1115.07dp</dimen>
    <dimen name="x783">1116.50dp</dimen>
    <dimen name="x784">1117.93dp</dimen>
    <dimen name="x785">1119.35dp</dimen>
    <dimen name="x786">1120.78dp</dimen>
    <dimen name="x787">1122.20dp</dimen>
    <dimen name="x788">1123.63dp</dimen>
    <dimen name="x789">1125.06dp</dimen>
    <dimen name="x790">1126.48dp</dimen>
    <dimen name="x791">1127.91dp</dimen>
    <dimen name="x792">1129.33dp</dimen>
    <dimen name="x793">1130.76dp</dimen>
    <dimen name="x794">1132.19dp</dimen>
    <dimen name="x795">1133.61dp</dimen>
    <dimen name="x796">1135.04dp</dimen>
    <dimen name="x797">1136.46dp</dimen>
    <dimen name="x798">1137.89dp</dimen>
    <dimen name="x799">1139.31dp</dimen>
    <dimen name="x800">1140.74dp</dimen>
    <dimen name="x801">1142.17dp</dimen>
    <dimen name="x802">1143.59dp</dimen>
    <dimen name="x803">1145.02dp</dimen>
    <dimen name="x804">1146.44dp</dimen>
    <dimen name="x805">1147.87dp</dimen>
    <dimen name="x806">1149.30dp</dimen>
    <dimen name="x807">1150.72dp</dimen>
    <dimen name="x808">1152.15dp</dimen>
    <dimen name="x809">1153.57dp</dimen>
    <dimen name="x810">1155.00dp</dimen>
    <dimen name="x811">1156.43dp</dimen>
    <dimen name="x812">1157.85dp</dimen>
    <dimen name="x813">1159.28dp</dimen>
    <dimen name="x814">1160.70dp</dimen>
    <dimen name="x815">1162.13dp</dimen>
    <dimen name="x816">1163.56dp</dimen>
    <dimen name="x817">1164.98dp</dimen>
    <dimen name="x818">1166.41dp</dimen>
    <dimen name="x819">1167.83dp</dimen>
    <dimen name="x820">1169.26dp</dimen>
    <dimen name="x821">1170.69dp</dimen>
    <dimen name="x822">1172.11dp</dimen>
    <dimen name="x823">1173.54dp</dimen>
    <dimen name="x824">1174.96dp</dimen>
    <dimen name="x825">1176.39dp</dimen>
    <dimen name="x826">1177.81dp</dimen>
    <dimen name="x827">1179.24dp</dimen>
    <dimen name="x828">1180.67dp</dimen>
    <dimen name="x829">1182.09dp</dimen>
    <dimen name="x830">1183.52dp</dimen>
    <dimen name="x831">1184.94dp</dimen>
    <dimen name="x832">1186.37dp</dimen>
    <dimen name="x833">1187.80dp</dimen>
    <dimen name="x834">1189.22dp</dimen>
    <dimen name="x835">1190.65dp</dimen>
    <dimen name="x836">1192.07dp</dimen>
    <dimen name="x837">1193.50dp</dimen>
    <dimen name="x838">1194.93dp</dimen>
    <dimen name="x839">1196.35dp</dimen>
    <dimen name="x840">1197.78dp</dimen>
    <dimen name="x841">1199.20dp</dimen>
    <dimen name="x842">1200.63dp</dimen>
    <dimen name="x843">1202.06dp</dimen>
    <dimen name="x844">1203.48dp</dimen>
    <dimen name="x845">1204.91dp</dimen>
    <dimen name="x846">1206.33dp</dimen>
    <dimen name="x847">1207.76dp</dimen>
    <dimen name="x848">1209.19dp</dimen>
    <dimen name="x849">1210.61dp</dimen>
    <dimen name="x850">1212.04dp</dimen>
    <dimen name="x851">1213.46dp</dimen>
    <dimen name="x852">1214.89dp</dimen>
    <dimen name="x853">1216.31dp</dimen>
    <dimen name="x854">1217.74dp</dimen>
    <dimen name="x855">1219.17dp</dimen>
    <dimen name="x856">1220.59dp</dimen>
    <dimen name="x857">1222.02dp</dimen>
    <dimen name="x858">1223.44dp</dimen>
    <dimen name="x859">1224.87dp</dimen>
    <dimen name="x860">1226.30dp</dimen>
    <dimen name="x861">1227.72dp</dimen>
    <dimen name="x862">1229.15dp</dimen>
    <dimen name="x863">1230.57dp</dimen>
    <dimen name="x864">1232.00dp</dimen>
    <dimen name="x865">1233.43dp</dimen>
    <dimen name="x866">1234.85dp</dimen>
    <dimen name="x867">1236.28dp</dimen>
    <dimen name="x868">1237.70dp</dimen>
    <dimen name="x869">1239.13dp</dimen>
    <dimen name="x870">1240.56dp</dimen>
    <dimen name="x871">1241.98dp</dimen>
    <dimen name="x872">1243.41dp</dimen>
    <dimen name="x873">1244.83dp</dimen>
    <dimen name="x874">1246.26dp</dimen>
    <dimen name="x875">1247.69dp</dimen>
    <dimen name="x876">1249.11dp</dimen>
    <dimen name="x877">1250.54dp</dimen>
    <dimen name="x878">1251.96dp</dimen>
    <dimen name="x879">1253.39dp</dimen>
    <dimen name="x880">1254.81dp</dimen>
    <dimen name="x881">1256.24dp</dimen>
    <dimen name="x882">1257.67dp</dimen>
    <dimen name="x883">1259.09dp</dimen>
    <dimen name="x884">1260.52dp</dimen>
    <dimen name="x885">1261.94dp</dimen>
    <dimen name="x886">1263.37dp</dimen>
    <dimen name="x887">1264.80dp</dimen>
    <dimen name="x888">1266.22dp</dimen>
    <dimen name="x889">1267.65dp</dimen>
    <dimen name="x890">1269.07dp</dimen>
    <dimen name="x891">1270.50dp</dimen>
    <dimen name="x892">1271.93dp</dimen>
    <dimen name="x893">1273.35dp</dimen>
    <dimen name="x894">1274.78dp</dimen>
    <dimen name="x895">1276.20dp</dimen>
    <dimen name="x896">1277.63dp</dimen>
    <dimen name="x897">1279.06dp</dimen>
    <dimen name="x898">1280.48dp</dimen>
    <dimen name="x899">1281.91dp</dimen>
    <dimen name="x900">1283.33dp</dimen>
    <dimen name="x901">1284.76dp</dimen>
    <dimen name="x902">1286.19dp</dimen>
    <dimen name="x903">1287.61dp</dimen>
    <dimen name="x904">1289.04dp</dimen>
    <dimen name="x905">1290.46dp</dimen>
    <dimen name="x906">1291.89dp</dimen>
    <dimen name="x907">1293.31dp</dimen>
    <dimen name="x908">1294.74dp</dimen>
    <dimen name="x909">1296.17dp</dimen>
    <dimen name="x910">1297.59dp</dimen>
    <dimen name="x911">1299.02dp</dimen>
    <dimen name="x912">1300.44dp</dimen>
    <dimen name="x913">1301.87dp</dimen>
    <dimen name="x914">1303.30dp</dimen>
    <dimen name="x915">1304.72dp</dimen>
    <dimen name="x916">1306.15dp</dimen>
    <dimen name="x917">1307.57dp</dimen>
    <dimen name="x918">1309.00dp</dimen>
    <dimen name="x919">1310.43dp</dimen>
    <dimen name="x920">1311.85dp</dimen>
    <dimen name="x921">1313.28dp</dimen>
    <dimen name="x922">1314.70dp</dimen>
    <dimen name="x923">1316.13dp</dimen>
    <dimen name="x924">1317.56dp</dimen>
    <dimen name="x925">1318.98dp</dimen>
    <dimen name="x926">1320.41dp</dimen>
    <dimen name="x927">1321.83dp</dimen>
    <dimen name="x928">1323.26dp</dimen>
    <dimen name="x929">1324.69dp</dimen>
    <dimen name="x930">1326.11dp</dimen>
    <dimen name="x931">1327.54dp</dimen>
    <dimen name="x932">1328.96dp</dimen>
    <dimen name="x933">1330.39dp</dimen>
    <dimen name="x934">1331.81dp</dimen>
    <dimen name="x935">1333.24dp</dimen>
    <dimen name="x936">1334.67dp</dimen>
    <dimen name="x937">1336.09dp</dimen>
    <dimen name="x938">1337.52dp</dimen>
    <dimen name="x939">1338.94dp</dimen>
    <dimen name="x940">1340.37dp</dimen>
    <dimen name="x941">1341.80dp</dimen>
    <dimen name="x942">1343.22dp</dimen>
    <dimen name="x943">1344.65dp</dimen>
    <dimen name="x944">1346.07dp</dimen>
    <dimen name="x945">1347.50dp</dimen>
    <dimen name="x946">1348.93dp</dimen>
    <dimen name="x947">1350.35dp</dimen>
    <dimen name="x948">1351.78dp</dimen>
    <dimen name="x949">1353.20dp</dimen>
    <dimen name="x950">1354.63dp</dimen>
    <dimen name="x951">1356.06dp</dimen>
    <dimen name="x952">1357.48dp</dimen>
    <dimen name="x953">1358.91dp</dimen>
    <dimen name="x954">1360.33dp</dimen>
    <dimen name="x955">1361.76dp</dimen>
    <dimen name="x956">1363.19dp</dimen>
    <dimen name="x957">1364.61dp</dimen>
    <dimen name="x958">1366.04dp</dimen>
    <dimen name="x959">1367.46dp</dimen>
    <dimen name="x960">1368.89dp</dimen>
    <dimen name="x961">1370.31dp</dimen>
    <dimen name="x962">1371.74dp</dimen>
    <dimen name="x963">1373.17dp</dimen>
    <dimen name="x964">1374.59dp</dimen>
    <dimen name="x965">1376.02dp</dimen>
    <dimen name="x966">1377.44dp</dimen>
    <dimen name="x967">1378.87dp</dimen>
    <dimen name="x968">1380.30dp</dimen>
    <dimen name="x969">1381.72dp</dimen>
    <dimen name="x970">1383.15dp</dimen>
    <dimen name="x971">1384.57dp</dimen>
    <dimen name="x972">1386.00dp</dimen>
    <dimen name="x973">1387.43dp</dimen>
    <dimen name="x974">1388.85dp</dimen>
    <dimen name="x975">1390.28dp</dimen>
    <dimen name="x976">1391.70dp</dimen>
    <dimen name="x977">1393.13dp</dimen>
    <dimen name="x978">1394.56dp</dimen>
    <dimen name="x979">1395.98dp</dimen>
    <dimen name="x980">1397.41dp</dimen>
    <dimen name="x981">1398.83dp</dimen>
    <dimen name="x982">1400.26dp</dimen>
    <dimen name="x983">1401.69dp</dimen>
    <dimen name="x984">1403.11dp</dimen>
    <dimen name="x985">1404.54dp</dimen>
    <dimen name="x986">1405.96dp</dimen>
    <dimen name="x987">1407.39dp</dimen>
    <dimen name="x988">1408.81dp</dimen>
    <dimen name="x989">1410.24dp</dimen>
    <dimen name="x990">1411.67dp</dimen>
    <dimen name="x991">1413.09dp</dimen>
    <dimen name="x992">1414.52dp</dimen>
    <dimen name="x993">1415.94dp</dimen>
    <dimen name="x994">1417.37dp</dimen>
    <dimen name="x995">1418.80dp</dimen>
    <dimen name="x996">1420.22dp</dimen>
    <dimen name="x997">1421.65dp</dimen>
    <dimen name="x998">1423.07dp</dimen>
    <dimen name="x999">1424.50dp</dimen>
    <dimen name="x1000">1425.93dp</dimen>
    <dimen name="x1001">1427.35dp</dimen>
    <dimen name="x1002">1428.78dp</dimen>
    <dimen name="x1003">1430.20dp</dimen>
    <dimen name="x1004">1431.63dp</dimen>
    <dimen name="x1005">1433.06dp</dimen>
    <dimen name="x1006">1434.48dp</dimen>
    <dimen name="x1007">1435.91dp</dimen>
    <dimen name="x1008">1437.33dp</dimen>
    <dimen name="x1009">1438.76dp</dimen>
    <dimen name="x1010">1440.19dp</dimen>
    <dimen name="x1011">1441.61dp</dimen>
    <dimen name="x1012">1443.04dp</dimen>
    <dimen name="x1013">1444.46dp</dimen>
    <dimen name="x1014">1445.89dp</dimen>
    <dimen name="x1015">1447.31dp</dimen>
    <dimen name="x1016">1448.74dp</dimen>
    <dimen name="x1017">1450.17dp</dimen>
    <dimen name="x1018">1451.59dp</dimen>
    <dimen name="x1019">1453.02dp</dimen>
    <dimen name="x1020">1454.44dp</dimen>
    <dimen name="x1021">1455.87dp</dimen>
    <dimen name="x1022">1457.30dp</dimen>
    <dimen name="x1023">1458.72dp</dimen>
    <dimen name="x1024">1460.15dp</dimen>
    <dimen name="x1025">1461.57dp</dimen>
    <dimen name="x1026">1463.00dp</dimen>
    <dimen name="x1027">1464.43dp</dimen>
    <dimen name="x1028">1465.85dp</dimen>
    <dimen name="x1029">1467.28dp</dimen>
    <dimen name="x1030">1468.70dp</dimen>
    <dimen name="x1031">1470.13dp</dimen>
    <dimen name="x1032">1471.56dp</dimen>
    <dimen name="x1033">1472.98dp</dimen>
    <dimen name="x1034">1474.41dp</dimen>
    <dimen name="x1035">1475.83dp</dimen>
    <dimen name="x1036">1477.26dp</dimen>
    <dimen name="x1037">1478.69dp</dimen>
    <dimen name="x1038">1480.11dp</dimen>
    <dimen name="x1039">1481.54dp</dimen>
    <dimen name="x1040">1482.96dp</dimen>
    <dimen name="x1041">1484.39dp</dimen>
    <dimen name="x1042">1485.81dp</dimen>
    <dimen name="x1043">1487.24dp</dimen>
    <dimen name="x1044">1488.67dp</dimen>
    <dimen name="x1045">1490.09dp</dimen>
    <dimen name="x1046">1491.52dp</dimen>
    <dimen name="x1047">1492.94dp</dimen>
    <dimen name="x1048">1494.37dp</dimen>
    <dimen name="x1049">1495.80dp</dimen>
    <dimen name="x1050">1497.22dp</dimen>
    <dimen name="x1051">1498.65dp</dimen>
    <dimen name="x1052">1500.07dp</dimen>
    <dimen name="x1053">1501.50dp</dimen>
    <dimen name="x1054">1502.93dp</dimen>
    <dimen name="x1055">1504.35dp</dimen>
    <dimen name="x1056">1505.78dp</dimen>
    <dimen name="x1057">1507.20dp</dimen>
    <dimen name="x1058">1508.63dp</dimen>
    <dimen name="x1059">1510.06dp</dimen>
    <dimen name="x1060">1511.48dp</dimen>
    <dimen name="x1061">1512.91dp</dimen>
    <dimen name="x1062">1514.33dp</dimen>
    <dimen name="x1063">1515.76dp</dimen>
    <dimen name="x1064">1517.19dp</dimen>
    <dimen name="x1065">1518.61dp</dimen>
    <dimen name="x1066">1520.04dp</dimen>
    <dimen name="x1067">1521.46dp</dimen>
    <dimen name="x1068">1522.89dp</dimen>
    <dimen name="x1069">1524.31dp</dimen>
    <dimen name="x1070">1525.74dp</dimen>
    <dimen name="x1071">1527.17dp</dimen>
    <dimen name="x1072">1528.59dp</dimen>
    <dimen name="x1073">1530.02dp</dimen>
    <dimen name="x1074">1531.44dp</dimen>
    <dimen name="x1075">1532.87dp</dimen>
    <dimen name="x1076">1534.30dp</dimen>
    <dimen name="x1077">1535.72dp</dimen>
    <dimen name="x1078">1537.15dp</dimen>
    <dimen name="x1079">1538.57dp</dimen>
    <dimen name="x1080">1540.00dp</dimen>
</resources>