<?xml version="1.0" encoding="utf-8"?>
<resources>
    <string name="sw_dp">1550dp</string>
    <dimen name="x1">1.44dp</dimen>
    <dimen name="x2">2.87dp</dimen>
    <dimen name="x3">4.31dp</dimen>
    <dimen name="x4">5.74dp</dimen>
    <dimen name="x5">7.18dp</dimen>
    <dimen name="x6">8.61dp</dimen>
    <dimen name="x7">10.05dp</dimen>
    <dimen name="x8">11.48dp</dimen>
    <dimen name="x9">12.92dp</dimen>
    <dimen name="x10">14.35dp</dimen>
    <dimen name="x11">15.79dp</dimen>
    <dimen name="x12">17.22dp</dimen>
    <dimen name="x13">18.66dp</dimen>
    <dimen name="x14">20.09dp</dimen>
    <dimen name="x15">21.53dp</dimen>
    <dimen name="x16">22.96dp</dimen>
    <dimen name="x17">24.40dp</dimen>
    <dimen name="x18">25.83dp</dimen>
    <dimen name="x19">27.27dp</dimen>
    <dimen name="x20">28.70dp</dimen>
    <dimen name="x21">30.14dp</dimen>
    <dimen name="x22">31.57dp</dimen>
    <dimen name="x23">33.01dp</dimen>
    <dimen name="x24">34.44dp</dimen>
    <dimen name="x25">35.88dp</dimen>
    <dimen name="x26">37.31dp</dimen>
    <dimen name="x27">38.75dp</dimen>
    <dimen name="x28">40.19dp</dimen>
    <dimen name="x29">41.62dp</dimen>
    <dimen name="x30">43.06dp</dimen>
    <dimen name="x31">44.49dp</dimen>
    <dimen name="x32">45.93dp</dimen>
    <dimen name="x33">47.36dp</dimen>
    <dimen name="x34">48.80dp</dimen>
    <dimen name="x35">50.23dp</dimen>
    <dimen name="x36">51.67dp</dimen>
    <dimen name="x37">53.10dp</dimen>
    <dimen name="x38">54.54dp</dimen>
    <dimen name="x39">55.97dp</dimen>
    <dimen name="x40">57.41dp</dimen>
    <dimen name="x41">58.84dp</dimen>
    <dimen name="x42">60.28dp</dimen>
    <dimen name="x43">61.71dp</dimen>
    <dimen name="x44">63.15dp</dimen>
    <dimen name="x45">64.58dp</dimen>
    <dimen name="x46">66.02dp</dimen>
    <dimen name="x47">67.45dp</dimen>
    <dimen name="x48">68.89dp</dimen>
    <dimen name="x49">70.32dp</dimen>
    <dimen name="x50">71.76dp</dimen>
    <dimen name="x51">73.19dp</dimen>
    <dimen name="x52">74.63dp</dimen>
    <dimen name="x53">76.06dp</dimen>
    <dimen name="x54">77.50dp</dimen>
    <dimen name="x55">78.94dp</dimen>
    <dimen name="x56">80.37dp</dimen>
    <dimen name="x57">81.81dp</dimen>
    <dimen name="x58">83.24dp</dimen>
    <dimen name="x59">84.68dp</dimen>
    <dimen name="x60">86.11dp</dimen>
    <dimen name="x61">87.55dp</dimen>
    <dimen name="x62">88.98dp</dimen>
    <dimen name="x63">90.42dp</dimen>
    <dimen name="x64">91.85dp</dimen>
    <dimen name="x65">93.29dp</dimen>
    <dimen name="x66">94.72dp</dimen>
    <dimen name="x67">96.16dp</dimen>
    <dimen name="x68">97.59dp</dimen>
    <dimen name="x69">99.03dp</dimen>
    <dimen name="x70">100.46dp</dimen>
    <dimen name="x71">101.90dp</dimen>
    <dimen name="x72">103.33dp</dimen>
    <dimen name="x73">104.77dp</dimen>
    <dimen name="x74">106.20dp</dimen>
    <dimen name="x75">107.64dp</dimen>
    <dimen name="x76">109.07dp</dimen>
    <dimen name="x77">110.51dp</dimen>
    <dimen name="x78">111.94dp</dimen>
    <dimen name="x79">113.38dp</dimen>
    <dimen name="x80">114.81dp</dimen>
    <dimen name="x81">116.25dp</dimen>
    <dimen name="x82">117.69dp</dimen>
    <dimen name="x83">119.12dp</dimen>
    <dimen name="x84">120.56dp</dimen>
    <dimen name="x85">121.99dp</dimen>
    <dimen name="x86">123.43dp</dimen>
    <dimen name="x87">124.86dp</dimen>
    <dimen name="x88">126.30dp</dimen>
    <dimen name="x89">127.73dp</dimen>
    <dimen name="x90">129.17dp</dimen>
    <dimen name="x91">130.60dp</dimen>
    <dimen name="x92">132.04dp</dimen>
    <dimen name="x93">133.47dp</dimen>
    <dimen name="x94">134.91dp</dimen>
    <dimen name="x95">136.34dp</dimen>
    <dimen name="x96">137.78dp</dimen>
    <dimen name="x97">139.21dp</dimen>
    <dimen name="x98">140.65dp</dimen>
    <dimen name="x99">142.08dp</dimen>
    <dimen name="x100">143.52dp</dimen>
    <dimen name="x101">144.95dp</dimen>
    <dimen name="x102">146.39dp</dimen>
    <dimen name="x103">147.82dp</dimen>
    <dimen name="x104">149.26dp</dimen>
    <dimen name="x105">150.69dp</dimen>
    <dimen name="x106">152.13dp</dimen>
    <dimen name="x107">153.56dp</dimen>
    <dimen name="x108">155.00dp</dimen>
    <dimen name="x109">156.44dp</dimen>
    <dimen name="x110">157.87dp</dimen>
    <dimen name="x111">159.31dp</dimen>
    <dimen name="x112">160.74dp</dimen>
    <dimen name="x113">162.18dp</dimen>
    <dimen name="x114">163.61dp</dimen>
    <dimen name="x115">165.05dp</dimen>
    <dimen name="x116">166.48dp</dimen>
    <dimen name="x117">167.92dp</dimen>
    <dimen name="x118">169.35dp</dimen>
    <dimen name="x119">170.79dp</dimen>
    <dimen name="x120">172.22dp</dimen>
    <dimen name="x121">173.66dp</dimen>
    <dimen name="x122">175.09dp</dimen>
    <dimen name="x123">176.53dp</dimen>
    <dimen name="x124">177.96dp</dimen>
    <dimen name="x125">179.40dp</dimen>
    <dimen name="x126">180.83dp</dimen>
    <dimen name="x127">182.27dp</dimen>
    <dimen name="x128">183.70dp</dimen>
    <dimen name="x129">185.14dp</dimen>
    <dimen name="x130">186.57dp</dimen>
    <dimen name="x131">188.01dp</dimen>
    <dimen name="x132">189.44dp</dimen>
    <dimen name="x133">190.88dp</dimen>
    <dimen name="x134">192.31dp</dimen>
    <dimen name="x135">193.75dp</dimen>
    <dimen name="x136">195.19dp</dimen>
    <dimen name="x137">196.62dp</dimen>
    <dimen name="x138">198.06dp</dimen>
    <dimen name="x139">199.49dp</dimen>
    <dimen name="x140">200.93dp</dimen>
    <dimen name="x141">202.36dp</dimen>
    <dimen name="x142">203.80dp</dimen>
    <dimen name="x143">205.23dp</dimen>
    <dimen name="x144">206.67dp</dimen>
    <dimen name="x145">208.10dp</dimen>
    <dimen name="x146">209.54dp</dimen>
    <dimen name="x147">210.97dp</dimen>
    <dimen name="x148">212.41dp</dimen>
    <dimen name="x149">213.84dp</dimen>
    <dimen name="x150">215.28dp</dimen>
    <dimen name="x151">216.71dp</dimen>
    <dimen name="x152">218.15dp</dimen>
    <dimen name="x153">219.58dp</dimen>
    <dimen name="x154">221.02dp</dimen>
    <dimen name="x155">222.45dp</dimen>
    <dimen name="x156">223.89dp</dimen>
    <dimen name="x157">225.32dp</dimen>
    <dimen name="x158">226.76dp</dimen>
    <dimen name="x159">228.19dp</dimen>
    <dimen name="x160">229.63dp</dimen>
    <dimen name="x161">231.06dp</dimen>
    <dimen name="x162">232.50dp</dimen>
    <dimen name="x163">233.94dp</dimen>
    <dimen name="x164">235.37dp</dimen>
    <dimen name="x165">236.81dp</dimen>
    <dimen name="x166">238.24dp</dimen>
    <dimen name="x167">239.68dp</dimen>
    <dimen name="x168">241.11dp</dimen>
    <dimen name="x169">242.55dp</dimen>
    <dimen name="x170">243.98dp</dimen>
    <dimen name="x171">245.42dp</dimen>
    <dimen name="x172">246.85dp</dimen>
    <dimen name="x173">248.29dp</dimen>
    <dimen name="x174">249.72dp</dimen>
    <dimen name="x175">251.16dp</dimen>
    <dimen name="x176">252.59dp</dimen>
    <dimen name="x177">254.03dp</dimen>
    <dimen name="x178">255.46dp</dimen>
    <dimen name="x179">256.90dp</dimen>
    <dimen name="x180">258.33dp</dimen>
    <dimen name="x181">259.77dp</dimen>
    <dimen name="x182">261.20dp</dimen>
    <dimen name="x183">262.64dp</dimen>
    <dimen name="x184">264.07dp</dimen>
    <dimen name="x185">265.51dp</dimen>
    <dimen name="x186">266.94dp</dimen>
    <dimen name="x187">268.38dp</dimen>
    <dimen name="x188">269.81dp</dimen>
    <dimen name="x189">271.25dp</dimen>
    <dimen name="x190">272.69dp</dimen>
    <dimen name="x191">274.12dp</dimen>
    <dimen name="x192">275.56dp</dimen>
    <dimen name="x193">276.99dp</dimen>
    <dimen name="x194">278.43dp</dimen>
    <dimen name="x195">279.86dp</dimen>
    <dimen name="x196">281.30dp</dimen>
    <dimen name="x197">282.73dp</dimen>
    <dimen name="x198">284.17dp</dimen>
    <dimen name="x199">285.60dp</dimen>
    <dimen name="x200">287.04dp</dimen>
    <dimen name="x201">288.47dp</dimen>
    <dimen name="x202">289.91dp</dimen>
    <dimen name="x203">291.34dp</dimen>
    <dimen name="x204">292.78dp</dimen>
    <dimen name="x205">294.21dp</dimen>
    <dimen name="x206">295.65dp</dimen>
    <dimen name="x207">297.08dp</dimen>
    <dimen name="x208">298.52dp</dimen>
    <dimen name="x209">299.95dp</dimen>
    <dimen name="x210">301.39dp</dimen>
    <dimen name="x211">302.82dp</dimen>
    <dimen name="x212">304.26dp</dimen>
    <dimen name="x213">305.69dp</dimen>
    <dimen name="x214">307.13dp</dimen>
    <dimen name="x215">308.56dp</dimen>
    <dimen name="x216">310.00dp</dimen>
    <dimen name="x217">311.44dp</dimen>
    <dimen name="x218">312.87dp</dimen>
    <dimen name="x219">314.31dp</dimen>
    <dimen name="x220">315.74dp</dimen>
    <dimen name="x221">317.18dp</dimen>
    <dimen name="x222">318.61dp</dimen>
    <dimen name="x223">320.05dp</dimen>
    <dimen name="x224">321.48dp</dimen>
    <dimen name="x225">322.92dp</dimen>
    <dimen name="x226">324.35dp</dimen>
    <dimen name="x227">325.79dp</dimen>
    <dimen name="x228">327.22dp</dimen>
    <dimen name="x229">328.66dp</dimen>
    <dimen name="x230">330.09dp</dimen>
    <dimen name="x231">331.53dp</dimen>
    <dimen name="x232">332.96dp</dimen>
    <dimen name="x233">334.40dp</dimen>
    <dimen name="x234">335.83dp</dimen>
    <dimen name="x235">337.27dp</dimen>
    <dimen name="x236">338.70dp</dimen>
    <dimen name="x237">340.14dp</dimen>
    <dimen name="x238">341.57dp</dimen>
    <dimen name="x239">343.01dp</dimen>
    <dimen name="x240">344.44dp</dimen>
    <dimen name="x241">345.88dp</dimen>
    <dimen name="x242">347.31dp</dimen>
    <dimen name="x243">348.75dp</dimen>
    <dimen name="x244">350.19dp</dimen>
    <dimen name="x245">351.62dp</dimen>
    <dimen name="x246">353.06dp</dimen>
    <dimen name="x247">354.49dp</dimen>
    <dimen name="x248">355.93dp</dimen>
    <dimen name="x249">357.36dp</dimen>
    <dimen name="x250">358.80dp</dimen>
    <dimen name="x251">360.23dp</dimen>
    <dimen name="x252">361.67dp</dimen>
    <dimen name="x253">363.10dp</dimen>
    <dimen name="x254">364.54dp</dimen>
    <dimen name="x255">365.97dp</dimen>
    <dimen name="x256">367.41dp</dimen>
    <dimen name="x257">368.84dp</dimen>
    <dimen name="x258">370.28dp</dimen>
    <dimen name="x259">371.71dp</dimen>
    <dimen name="x260">373.15dp</dimen>
    <dimen name="x261">374.58dp</dimen>
    <dimen name="x262">376.02dp</dimen>
    <dimen name="x263">377.45dp</dimen>
    <dimen name="x264">378.89dp</dimen>
    <dimen name="x265">380.32dp</dimen>
    <dimen name="x266">381.76dp</dimen>
    <dimen name="x267">383.19dp</dimen>
    <dimen name="x268">384.63dp</dimen>
    <dimen name="x269">386.06dp</dimen>
    <dimen name="x270">387.50dp</dimen>
    <dimen name="x271">388.94dp</dimen>
    <dimen name="x272">390.37dp</dimen>
    <dimen name="x273">391.81dp</dimen>
    <dimen name="x274">393.24dp</dimen>
    <dimen name="x275">394.68dp</dimen>
    <dimen name="x276">396.11dp</dimen>
    <dimen name="x277">397.55dp</dimen>
    <dimen name="x278">398.98dp</dimen>
    <dimen name="x279">400.42dp</dimen>
    <dimen name="x280">401.85dp</dimen>
    <dimen name="x281">403.29dp</dimen>
    <dimen name="x282">404.72dp</dimen>
    <dimen name="x283">406.16dp</dimen>
    <dimen name="x284">407.59dp</dimen>
    <dimen name="x285">409.03dp</dimen>
    <dimen name="x286">410.46dp</dimen>
    <dimen name="x287">411.90dp</dimen>
    <dimen name="x288">413.33dp</dimen>
    <dimen name="x289">414.77dp</dimen>
    <dimen name="x290">416.20dp</dimen>
    <dimen name="x291">417.64dp</dimen>
    <dimen name="x292">419.07dp</dimen>
    <dimen name="x293">420.51dp</dimen>
    <dimen name="x294">421.94dp</dimen>
    <dimen name="x295">423.38dp</dimen>
    <dimen name="x296">424.81dp</dimen>
    <dimen name="x297">426.25dp</dimen>
    <dimen name="x298">427.69dp</dimen>
    <dimen name="x299">429.12dp</dimen>
    <dimen name="x300">430.56dp</dimen>
    <dimen name="x301">431.99dp</dimen>
    <dimen name="x302">433.43dp</dimen>
    <dimen name="x303">434.86dp</dimen>
    <dimen name="x304">436.30dp</dimen>
    <dimen name="x305">437.73dp</dimen>
    <dimen name="x306">439.17dp</dimen>
    <dimen name="x307">440.60dp</dimen>
    <dimen name="x308">442.04dp</dimen>
    <dimen name="x309">443.47dp</dimen>
    <dimen name="x310">444.91dp</dimen>
    <dimen name="x311">446.34dp</dimen>
    <dimen name="x312">447.78dp</dimen>
    <dimen name="x313">449.21dp</dimen>
    <dimen name="x314">450.65dp</dimen>
    <dimen name="x315">452.08dp</dimen>
    <dimen name="x316">453.52dp</dimen>
    <dimen name="x317">454.95dp</dimen>
    <dimen name="x318">456.39dp</dimen>
    <dimen name="x319">457.82dp</dimen>
    <dimen name="x320">459.26dp</dimen>
    <dimen name="x321">460.69dp</dimen>
    <dimen name="x322">462.13dp</dimen>
    <dimen name="x323">463.56dp</dimen>
    <dimen name="x324">465.00dp</dimen>
    <dimen name="x325">466.44dp</dimen>
    <dimen name="x326">467.87dp</dimen>
    <dimen name="x327">469.31dp</dimen>
    <dimen name="x328">470.74dp</dimen>
    <dimen name="x329">472.18dp</dimen>
    <dimen name="x330">473.61dp</dimen>
    <dimen name="x331">475.05dp</dimen>
    <dimen name="x332">476.48dp</dimen>
    <dimen name="x333">477.92dp</dimen>
    <dimen name="x334">479.35dp</dimen>
    <dimen name="x335">480.79dp</dimen>
    <dimen name="x336">482.22dp</dimen>
    <dimen name="x337">483.66dp</dimen>
    <dimen name="x338">485.09dp</dimen>
    <dimen name="x339">486.53dp</dimen>
    <dimen name="x340">487.96dp</dimen>
    <dimen name="x341">489.40dp</dimen>
    <dimen name="x342">490.83dp</dimen>
    <dimen name="x343">492.27dp</dimen>
    <dimen name="x344">493.70dp</dimen>
    <dimen name="x345">495.14dp</dimen>
    <dimen name="x346">496.57dp</dimen>
    <dimen name="x347">498.01dp</dimen>
    <dimen name="x348">499.44dp</dimen>
    <dimen name="x349">500.88dp</dimen>
    <dimen name="x350">502.31dp</dimen>
    <dimen name="x351">503.75dp</dimen>
    <dimen name="x352">505.19dp</dimen>
    <dimen name="x353">506.62dp</dimen>
    <dimen name="x354">508.06dp</dimen>
    <dimen name="x355">509.49dp</dimen>
    <dimen name="x356">510.93dp</dimen>
    <dimen name="x357">512.36dp</dimen>
    <dimen name="x358">513.80dp</dimen>
    <dimen name="x359">515.23dp</dimen>
    <dimen name="x360">516.67dp</dimen>
    <dimen name="x361">518.10dp</dimen>
    <dimen name="x362">519.54dp</dimen>
    <dimen name="x363">520.97dp</dimen>
    <dimen name="x364">522.41dp</dimen>
    <dimen name="x365">523.84dp</dimen>
    <dimen name="x366">525.28dp</dimen>
    <dimen name="x367">526.71dp</dimen>
    <dimen name="x368">528.15dp</dimen>
    <dimen name="x369">529.58dp</dimen>
    <dimen name="x370">531.02dp</dimen>
    <dimen name="x371">532.45dp</dimen>
    <dimen name="x372">533.89dp</dimen>
    <dimen name="x373">535.32dp</dimen>
    <dimen name="x374">536.76dp</dimen>
    <dimen name="x375">538.19dp</dimen>
    <dimen name="x376">539.63dp</dimen>
    <dimen name="x377">541.06dp</dimen>
    <dimen name="x378">542.50dp</dimen>
    <dimen name="x379">543.94dp</dimen>
    <dimen name="x380">545.37dp</dimen>
    <dimen name="x381">546.81dp</dimen>
    <dimen name="x382">548.24dp</dimen>
    <dimen name="x383">549.68dp</dimen>
    <dimen name="x384">551.11dp</dimen>
    <dimen name="x385">552.55dp</dimen>
    <dimen name="x386">553.98dp</dimen>
    <dimen name="x387">555.42dp</dimen>
    <dimen name="x388">556.85dp</dimen>
    <dimen name="x389">558.29dp</dimen>
    <dimen name="x390">559.72dp</dimen>
    <dimen name="x391">561.16dp</dimen>
    <dimen name="x392">562.59dp</dimen>
    <dimen name="x393">564.03dp</dimen>
    <dimen name="x394">565.46dp</dimen>
    <dimen name="x395">566.90dp</dimen>
    <dimen name="x396">568.33dp</dimen>
    <dimen name="x397">569.77dp</dimen>
    <dimen name="x398">571.20dp</dimen>
    <dimen name="x399">572.64dp</dimen>
    <dimen name="x400">574.07dp</dimen>
    <dimen name="x401">575.51dp</dimen>
    <dimen name="x402">576.94dp</dimen>
    <dimen name="x403">578.38dp</dimen>
    <dimen name="x404">579.81dp</dimen>
    <dimen name="x405">581.25dp</dimen>
    <dimen name="x406">582.69dp</dimen>
    <dimen name="x407">584.12dp</dimen>
    <dimen name="x408">585.56dp</dimen>
    <dimen name="x409">586.99dp</dimen>
    <dimen name="x410">588.43dp</dimen>
    <dimen name="x411">589.86dp</dimen>
    <dimen name="x412">591.30dp</dimen>
    <dimen name="x413">592.73dp</dimen>
    <dimen name="x414">594.17dp</dimen>
    <dimen name="x415">595.60dp</dimen>
    <dimen name="x416">597.04dp</dimen>
    <dimen name="x417">598.47dp</dimen>
    <dimen name="x418">599.91dp</dimen>
    <dimen name="x419">601.34dp</dimen>
    <dimen name="x420">602.78dp</dimen>
    <dimen name="x421">604.21dp</dimen>
    <dimen name="x422">605.65dp</dimen>
    <dimen name="x423">607.08dp</dimen>
    <dimen name="x424">608.52dp</dimen>
    <dimen name="x425">609.95dp</dimen>
    <dimen name="x426">611.39dp</dimen>
    <dimen name="x427">612.82dp</dimen>
    <dimen name="x428">614.26dp</dimen>
    <dimen name="x429">615.69dp</dimen>
    <dimen name="x430">617.13dp</dimen>
    <dimen name="x431">618.56dp</dimen>
    <dimen name="x432">620.00dp</dimen>
    <dimen name="x433">621.44dp</dimen>
    <dimen name="x434">622.87dp</dimen>
    <dimen name="x435">624.31dp</dimen>
    <dimen name="x436">625.74dp</dimen>
    <dimen name="x437">627.18dp</dimen>
    <dimen name="x438">628.61dp</dimen>
    <dimen name="x439">630.05dp</dimen>
    <dimen name="x440">631.48dp</dimen>
    <dimen name="x441">632.92dp</dimen>
    <dimen name="x442">634.35dp</dimen>
    <dimen name="x443">635.79dp</dimen>
    <dimen name="x444">637.22dp</dimen>
    <dimen name="x445">638.66dp</dimen>
    <dimen name="x446">640.09dp</dimen>
    <dimen name="x447">641.53dp</dimen>
    <dimen name="x448">642.96dp</dimen>
    <dimen name="x449">644.40dp</dimen>
    <dimen name="x450">645.83dp</dimen>
    <dimen name="x451">647.27dp</dimen>
    <dimen name="x452">648.70dp</dimen>
    <dimen name="x453">650.14dp</dimen>
    <dimen name="x454">651.57dp</dimen>
    <dimen name="x455">653.01dp</dimen>
    <dimen name="x456">654.44dp</dimen>
    <dimen name="x457">655.88dp</dimen>
    <dimen name="x458">657.31dp</dimen>
    <dimen name="x459">658.75dp</dimen>
    <dimen name="x460">660.19dp</dimen>
    <dimen name="x461">661.62dp</dimen>
    <dimen name="x462">663.06dp</dimen>
    <dimen name="x463">664.49dp</dimen>
    <dimen name="x464">665.93dp</dimen>
    <dimen name="x465">667.36dp</dimen>
    <dimen name="x466">668.80dp</dimen>
    <dimen name="x467">670.23dp</dimen>
    <dimen name="x468">671.67dp</dimen>
    <dimen name="x469">673.10dp</dimen>
    <dimen name="x470">674.54dp</dimen>
    <dimen name="x471">675.97dp</dimen>
    <dimen name="x472">677.41dp</dimen>
    <dimen name="x473">678.84dp</dimen>
    <dimen name="x474">680.28dp</dimen>
    <dimen name="x475">681.71dp</dimen>
    <dimen name="x476">683.15dp</dimen>
    <dimen name="x477">684.58dp</dimen>
    <dimen name="x478">686.02dp</dimen>
    <dimen name="x479">687.45dp</dimen>
    <dimen name="x480">688.89dp</dimen>
    <dimen name="x481">690.32dp</dimen>
    <dimen name="x482">691.76dp</dimen>
    <dimen name="x483">693.19dp</dimen>
    <dimen name="x484">694.63dp</dimen>
    <dimen name="x485">696.06dp</dimen>
    <dimen name="x486">697.50dp</dimen>
    <dimen name="x487">698.94dp</dimen>
    <dimen name="x488">700.37dp</dimen>
    <dimen name="x489">701.81dp</dimen>
    <dimen name="x490">703.24dp</dimen>
    <dimen name="x491">704.68dp</dimen>
    <dimen name="x492">706.11dp</dimen>
    <dimen name="x493">707.55dp</dimen>
    <dimen name="x494">708.98dp</dimen>
    <dimen name="x495">710.42dp</dimen>
    <dimen name="x496">711.85dp</dimen>
    <dimen name="x497">713.29dp</dimen>
    <dimen name="x498">714.72dp</dimen>
    <dimen name="x499">716.16dp</dimen>
    <dimen name="x500">717.59dp</dimen>
    <dimen name="x501">719.03dp</dimen>
    <dimen name="x502">720.46dp</dimen>
    <dimen name="x503">721.90dp</dimen>
    <dimen name="x504">723.33dp</dimen>
    <dimen name="x505">724.77dp</dimen>
    <dimen name="x506">726.20dp</dimen>
    <dimen name="x507">727.64dp</dimen>
    <dimen name="x508">729.07dp</dimen>
    <dimen name="x509">730.51dp</dimen>
    <dimen name="x510">731.94dp</dimen>
    <dimen name="x511">733.38dp</dimen>
    <dimen name="x512">734.81dp</dimen>
    <dimen name="x513">736.25dp</dimen>
    <dimen name="x514">737.69dp</dimen>
    <dimen name="x515">739.12dp</dimen>
    <dimen name="x516">740.56dp</dimen>
    <dimen name="x517">741.99dp</dimen>
    <dimen name="x518">743.43dp</dimen>
    <dimen name="x519">744.86dp</dimen>
    <dimen name="x520">746.30dp</dimen>
    <dimen name="x521">747.73dp</dimen>
    <dimen name="x522">749.17dp</dimen>
    <dimen name="x523">750.60dp</dimen>
    <dimen name="x524">752.04dp</dimen>
    <dimen name="x525">753.47dp</dimen>
    <dimen name="x526">754.91dp</dimen>
    <dimen name="x527">756.34dp</dimen>
    <dimen name="x528">757.78dp</dimen>
    <dimen name="x529">759.21dp</dimen>
    <dimen name="x530">760.65dp</dimen>
    <dimen name="x531">762.08dp</dimen>
    <dimen name="x532">763.52dp</dimen>
    <dimen name="x533">764.95dp</dimen>
    <dimen name="x534">766.39dp</dimen>
    <dimen name="x535">767.82dp</dimen>
    <dimen name="x536">769.26dp</dimen>
    <dimen name="x537">770.69dp</dimen>
    <dimen name="x538">772.13dp</dimen>
    <dimen name="x539">773.56dp</dimen>
    <dimen name="x540">775.00dp</dimen>
    <dimen name="x541">776.44dp</dimen>
    <dimen name="x542">777.87dp</dimen>
    <dimen name="x543">779.31dp</dimen>
    <dimen name="x544">780.74dp</dimen>
    <dimen name="x545">782.18dp</dimen>
    <dimen name="x546">783.61dp</dimen>
    <dimen name="x547">785.05dp</dimen>
    <dimen name="x548">786.48dp</dimen>
    <dimen name="x549">787.92dp</dimen>
    <dimen name="x550">789.35dp</dimen>
    <dimen name="x551">790.79dp</dimen>
    <dimen name="x552">792.22dp</dimen>
    <dimen name="x553">793.66dp</dimen>
    <dimen name="x554">795.09dp</dimen>
    <dimen name="x555">796.53dp</dimen>
    <dimen name="x556">797.96dp</dimen>
    <dimen name="x557">799.40dp</dimen>
    <dimen name="x558">800.83dp</dimen>
    <dimen name="x559">802.27dp</dimen>
    <dimen name="x560">803.70dp</dimen>
    <dimen name="x561">805.14dp</dimen>
    <dimen name="x562">806.57dp</dimen>
    <dimen name="x563">808.01dp</dimen>
    <dimen name="x564">809.44dp</dimen>
    <dimen name="x565">810.88dp</dimen>
    <dimen name="x566">812.31dp</dimen>
    <dimen name="x567">813.75dp</dimen>
    <dimen name="x568">815.19dp</dimen>
    <dimen name="x569">816.62dp</dimen>
    <dimen name="x570">818.06dp</dimen>
    <dimen name="x571">819.49dp</dimen>
    <dimen name="x572">820.93dp</dimen>
    <dimen name="x573">822.36dp</dimen>
    <dimen name="x574">823.80dp</dimen>
    <dimen name="x575">825.23dp</dimen>
    <dimen name="x576">826.67dp</dimen>
    <dimen name="x577">828.10dp</dimen>
    <dimen name="x578">829.54dp</dimen>
    <dimen name="x579">830.97dp</dimen>
    <dimen name="x580">832.41dp</dimen>
    <dimen name="x581">833.84dp</dimen>
    <dimen name="x582">835.28dp</dimen>
    <dimen name="x583">836.71dp</dimen>
    <dimen name="x584">838.15dp</dimen>
    <dimen name="x585">839.58dp</dimen>
    <dimen name="x586">841.02dp</dimen>
    <dimen name="x587">842.45dp</dimen>
    <dimen name="x588">843.89dp</dimen>
    <dimen name="x589">845.32dp</dimen>
    <dimen name="x590">846.76dp</dimen>
    <dimen name="x591">848.19dp</dimen>
    <dimen name="x592">849.63dp</dimen>
    <dimen name="x593">851.06dp</dimen>
    <dimen name="x594">852.50dp</dimen>
    <dimen name="x595">853.94dp</dimen>
    <dimen name="x596">855.37dp</dimen>
    <dimen name="x597">856.81dp</dimen>
    <dimen name="x598">858.24dp</dimen>
    <dimen name="x599">859.68dp</dimen>
    <dimen name="x600">861.11dp</dimen>
    <dimen name="x601">862.55dp</dimen>
    <dimen name="x602">863.98dp</dimen>
    <dimen name="x603">865.42dp</dimen>
    <dimen name="x604">866.85dp</dimen>
    <dimen name="x605">868.29dp</dimen>
    <dimen name="x606">869.72dp</dimen>
    <dimen name="x607">871.16dp</dimen>
    <dimen name="x608">872.59dp</dimen>
    <dimen name="x609">874.03dp</dimen>
    <dimen name="x610">875.46dp</dimen>
    <dimen name="x611">876.90dp</dimen>
    <dimen name="x612">878.33dp</dimen>
    <dimen name="x613">879.77dp</dimen>
    <dimen name="x614">881.20dp</dimen>
    <dimen name="x615">882.64dp</dimen>
    <dimen name="x616">884.07dp</dimen>
    <dimen name="x617">885.51dp</dimen>
    <dimen name="x618">886.94dp</dimen>
    <dimen name="x619">888.38dp</dimen>
    <dimen name="x620">889.81dp</dimen>
    <dimen name="x621">891.25dp</dimen>
    <dimen name="x622">892.69dp</dimen>
    <dimen name="x623">894.12dp</dimen>
    <dimen name="x624">895.56dp</dimen>
    <dimen name="x625">896.99dp</dimen>
    <dimen name="x626">898.43dp</dimen>
    <dimen name="x627">899.86dp</dimen>
    <dimen name="x628">901.30dp</dimen>
    <dimen name="x629">902.73dp</dimen>
    <dimen name="x630">904.17dp</dimen>
    <dimen name="x631">905.60dp</dimen>
    <dimen name="x632">907.04dp</dimen>
    <dimen name="x633">908.47dp</dimen>
    <dimen name="x634">909.91dp</dimen>
    <dimen name="x635">911.34dp</dimen>
    <dimen name="x636">912.78dp</dimen>
    <dimen name="x637">914.21dp</dimen>
    <dimen name="x638">915.65dp</dimen>
    <dimen name="x639">917.08dp</dimen>
    <dimen name="x640">918.52dp</dimen>
    <dimen name="x641">919.95dp</dimen>
    <dimen name="x642">921.39dp</dimen>
    <dimen name="x643">922.82dp</dimen>
    <dimen name="x644">924.26dp</dimen>
    <dimen name="x645">925.69dp</dimen>
    <dimen name="x646">927.13dp</dimen>
    <dimen name="x647">928.56dp</dimen>
    <dimen name="x648">930.00dp</dimen>
    <dimen name="x649">931.44dp</dimen>
    <dimen name="x650">932.87dp</dimen>
    <dimen name="x651">934.31dp</dimen>
    <dimen name="x652">935.74dp</dimen>
    <dimen name="x653">937.18dp</dimen>
    <dimen name="x654">938.61dp</dimen>
    <dimen name="x655">940.05dp</dimen>
    <dimen name="x656">941.48dp</dimen>
    <dimen name="x657">942.92dp</dimen>
    <dimen name="x658">944.35dp</dimen>
    <dimen name="x659">945.79dp</dimen>
    <dimen name="x660">947.22dp</dimen>
    <dimen name="x661">948.66dp</dimen>
    <dimen name="x662">950.09dp</dimen>
    <dimen name="x663">951.53dp</dimen>
    <dimen name="x664">952.96dp</dimen>
    <dimen name="x665">954.40dp</dimen>
    <dimen name="x666">955.83dp</dimen>
    <dimen name="x667">957.27dp</dimen>
    <dimen name="x668">958.70dp</dimen>
    <dimen name="x669">960.14dp</dimen>
    <dimen name="x670">961.57dp</dimen>
    <dimen name="x671">963.01dp</dimen>
    <dimen name="x672">964.44dp</dimen>
    <dimen name="x673">965.88dp</dimen>
    <dimen name="x674">967.31dp</dimen>
    <dimen name="x675">968.75dp</dimen>
    <dimen name="x676">970.19dp</dimen>
    <dimen name="x677">971.62dp</dimen>
    <dimen name="x678">973.06dp</dimen>
    <dimen name="x679">974.49dp</dimen>
    <dimen name="x680">975.93dp</dimen>
    <dimen name="x681">977.36dp</dimen>
    <dimen name="x682">978.80dp</dimen>
    <dimen name="x683">980.23dp</dimen>
    <dimen name="x684">981.67dp</dimen>
    <dimen name="x685">983.10dp</dimen>
    <dimen name="x686">984.54dp</dimen>
    <dimen name="x687">985.97dp</dimen>
    <dimen name="x688">987.41dp</dimen>
    <dimen name="x689">988.84dp</dimen>
    <dimen name="x690">990.28dp</dimen>
    <dimen name="x691">991.71dp</dimen>
    <dimen name="x692">993.15dp</dimen>
    <dimen name="x693">994.58dp</dimen>
    <dimen name="x694">996.02dp</dimen>
    <dimen name="x695">997.45dp</dimen>
    <dimen name="x696">998.89dp</dimen>
    <dimen name="x697">1000.32dp</dimen>
    <dimen name="x698">1001.76dp</dimen>
    <dimen name="x699">1003.19dp</dimen>
    <dimen name="x700">1004.63dp</dimen>
    <dimen name="x701">1006.06dp</dimen>
    <dimen name="x702">1007.50dp</dimen>
    <dimen name="x703">1008.94dp</dimen>
    <dimen name="x704">1010.37dp</dimen>
    <dimen name="x705">1011.81dp</dimen>
    <dimen name="x706">1013.24dp</dimen>
    <dimen name="x707">1014.68dp</dimen>
    <dimen name="x708">1016.11dp</dimen>
    <dimen name="x709">1017.55dp</dimen>
    <dimen name="x710">1018.98dp</dimen>
    <dimen name="x711">1020.42dp</dimen>
    <dimen name="x712">1021.85dp</dimen>
    <dimen name="x713">1023.29dp</dimen>
    <dimen name="x714">1024.72dp</dimen>
    <dimen name="x715">1026.16dp</dimen>
    <dimen name="x716">1027.59dp</dimen>
    <dimen name="x717">1029.03dp</dimen>
    <dimen name="x718">1030.46dp</dimen>
    <dimen name="x719">1031.90dp</dimen>
    <dimen name="x720">1033.33dp</dimen>
    <dimen name="x721">1034.77dp</dimen>
    <dimen name="x722">1036.20dp</dimen>
    <dimen name="x723">1037.64dp</dimen>
    <dimen name="x724">1039.07dp</dimen>
    <dimen name="x725">1040.51dp</dimen>
    <dimen name="x726">1041.94dp</dimen>
    <dimen name="x727">1043.38dp</dimen>
    <dimen name="x728">1044.81dp</dimen>
    <dimen name="x729">1046.25dp</dimen>
    <dimen name="x730">1047.69dp</dimen>
    <dimen name="x731">1049.12dp</dimen>
    <dimen name="x732">1050.56dp</dimen>
    <dimen name="x733">1051.99dp</dimen>
    <dimen name="x734">1053.43dp</dimen>
    <dimen name="x735">1054.86dp</dimen>
    <dimen name="x736">1056.30dp</dimen>
    <dimen name="x737">1057.73dp</dimen>
    <dimen name="x738">1059.17dp</dimen>
    <dimen name="x739">1060.60dp</dimen>
    <dimen name="x740">1062.04dp</dimen>
    <dimen name="x741">1063.47dp</dimen>
    <dimen name="x742">1064.91dp</dimen>
    <dimen name="x743">1066.34dp</dimen>
    <dimen name="x744">1067.78dp</dimen>
    <dimen name="x745">1069.21dp</dimen>
    <dimen name="x746">1070.65dp</dimen>
    <dimen name="x747">1072.08dp</dimen>
    <dimen name="x748">1073.52dp</dimen>
    <dimen name="x749">1074.95dp</dimen>
    <dimen name="x750">1076.39dp</dimen>
    <dimen name="x751">1077.82dp</dimen>
    <dimen name="x752">1079.26dp</dimen>
    <dimen name="x753">1080.69dp</dimen>
    <dimen name="x754">1082.13dp</dimen>
    <dimen name="x755">1083.56dp</dimen>
    <dimen name="x756">1085.00dp</dimen>
    <dimen name="x757">1086.44dp</dimen>
    <dimen name="x758">1087.87dp</dimen>
    <dimen name="x759">1089.31dp</dimen>
    <dimen name="x760">1090.74dp</dimen>
    <dimen name="x761">1092.18dp</dimen>
    <dimen name="x762">1093.61dp</dimen>
    <dimen name="x763">1095.05dp</dimen>
    <dimen name="x764">1096.48dp</dimen>
    <dimen name="x765">1097.92dp</dimen>
    <dimen name="x766">1099.35dp</dimen>
    <dimen name="x767">1100.79dp</dimen>
    <dimen name="x768">1102.22dp</dimen>
    <dimen name="x769">1103.66dp</dimen>
    <dimen name="x770">1105.09dp</dimen>
    <dimen name="x771">1106.53dp</dimen>
    <dimen name="x772">1107.96dp</dimen>
    <dimen name="x773">1109.40dp</dimen>
    <dimen name="x774">1110.83dp</dimen>
    <dimen name="x775">1112.27dp</dimen>
    <dimen name="x776">1113.70dp</dimen>
    <dimen name="x777">1115.14dp</dimen>
    <dimen name="x778">1116.57dp</dimen>
    <dimen name="x779">1118.01dp</dimen>
    <dimen name="x780">1119.44dp</dimen>
    <dimen name="x781">1120.88dp</dimen>
    <dimen name="x782">1122.31dp</dimen>
    <dimen name="x783">1123.75dp</dimen>
    <dimen name="x784">1125.19dp</dimen>
    <dimen name="x785">1126.62dp</dimen>
    <dimen name="x786">1128.06dp</dimen>
    <dimen name="x787">1129.49dp</dimen>
    <dimen name="x788">1130.93dp</dimen>
    <dimen name="x789">1132.36dp</dimen>
    <dimen name="x790">1133.80dp</dimen>
    <dimen name="x791">1135.23dp</dimen>
    <dimen name="x792">1136.67dp</dimen>
    <dimen name="x793">1138.10dp</dimen>
    <dimen name="x794">1139.54dp</dimen>
    <dimen name="x795">1140.97dp</dimen>
    <dimen name="x796">1142.41dp</dimen>
    <dimen name="x797">1143.84dp</dimen>
    <dimen name="x798">1145.28dp</dimen>
    <dimen name="x799">1146.71dp</dimen>
    <dimen name="x800">1148.15dp</dimen>
    <dimen name="x801">1149.58dp</dimen>
    <dimen name="x802">1151.02dp</dimen>
    <dimen name="x803">1152.45dp</dimen>
    <dimen name="x804">1153.89dp</dimen>
    <dimen name="x805">1155.32dp</dimen>
    <dimen name="x806">1156.76dp</dimen>
    <dimen name="x807">1158.19dp</dimen>
    <dimen name="x808">1159.63dp</dimen>
    <dimen name="x809">1161.06dp</dimen>
    <dimen name="x810">1162.50dp</dimen>
    <dimen name="x811">1163.94dp</dimen>
    <dimen name="x812">1165.37dp</dimen>
    <dimen name="x813">1166.81dp</dimen>
    <dimen name="x814">1168.24dp</dimen>
    <dimen name="x815">1169.68dp</dimen>
    <dimen name="x816">1171.11dp</dimen>
    <dimen name="x817">1172.55dp</dimen>
    <dimen name="x818">1173.98dp</dimen>
    <dimen name="x819">1175.42dp</dimen>
    <dimen name="x820">1176.85dp</dimen>
    <dimen name="x821">1178.29dp</dimen>
    <dimen name="x822">1179.72dp</dimen>
    <dimen name="x823">1181.16dp</dimen>
    <dimen name="x824">1182.59dp</dimen>
    <dimen name="x825">1184.03dp</dimen>
    <dimen name="x826">1185.46dp</dimen>
    <dimen name="x827">1186.90dp</dimen>
    <dimen name="x828">1188.33dp</dimen>
    <dimen name="x829">1189.77dp</dimen>
    <dimen name="x830">1191.20dp</dimen>
    <dimen name="x831">1192.64dp</dimen>
    <dimen name="x832">1194.07dp</dimen>
    <dimen name="x833">1195.51dp</dimen>
    <dimen name="x834">1196.94dp</dimen>
    <dimen name="x835">1198.38dp</dimen>
    <dimen name="x836">1199.81dp</dimen>
    <dimen name="x837">1201.25dp</dimen>
    <dimen name="x838">1202.69dp</dimen>
    <dimen name="x839">1204.12dp</dimen>
    <dimen name="x840">1205.56dp</dimen>
    <dimen name="x841">1206.99dp</dimen>
    <dimen name="x842">1208.43dp</dimen>
    <dimen name="x843">1209.86dp</dimen>
    <dimen name="x844">1211.30dp</dimen>
    <dimen name="x845">1212.73dp</dimen>
    <dimen name="x846">1214.17dp</dimen>
    <dimen name="x847">1215.60dp</dimen>
    <dimen name="x848">1217.04dp</dimen>
    <dimen name="x849">1218.47dp</dimen>
    <dimen name="x850">1219.91dp</dimen>
    <dimen name="x851">1221.34dp</dimen>
    <dimen name="x852">1222.78dp</dimen>
    <dimen name="x853">1224.21dp</dimen>
    <dimen name="x854">1225.65dp</dimen>
    <dimen name="x855">1227.08dp</dimen>
    <dimen name="x856">1228.52dp</dimen>
    <dimen name="x857">1229.95dp</dimen>
    <dimen name="x858">1231.39dp</dimen>
    <dimen name="x859">1232.82dp</dimen>
    <dimen name="x860">1234.26dp</dimen>
    <dimen name="x861">1235.69dp</dimen>
    <dimen name="x862">1237.13dp</dimen>
    <dimen name="x863">1238.56dp</dimen>
    <dimen name="x864">1240.00dp</dimen>
    <dimen name="x865">1241.44dp</dimen>
    <dimen name="x866">1242.87dp</dimen>
    <dimen name="x867">1244.31dp</dimen>
    <dimen name="x868">1245.74dp</dimen>
    <dimen name="x869">1247.18dp</dimen>
    <dimen name="x870">1248.61dp</dimen>
    <dimen name="x871">1250.05dp</dimen>
    <dimen name="x872">1251.48dp</dimen>
    <dimen name="x873">1252.92dp</dimen>
    <dimen name="x874">1254.35dp</dimen>
    <dimen name="x875">1255.79dp</dimen>
    <dimen name="x876">1257.22dp</dimen>
    <dimen name="x877">1258.66dp</dimen>
    <dimen name="x878">1260.09dp</dimen>
    <dimen name="x879">1261.53dp</dimen>
    <dimen name="x880">1262.96dp</dimen>
    <dimen name="x881">1264.40dp</dimen>
    <dimen name="x882">1265.83dp</dimen>
    <dimen name="x883">1267.27dp</dimen>
    <dimen name="x884">1268.70dp</dimen>
    <dimen name="x885">1270.14dp</dimen>
    <dimen name="x886">1271.57dp</dimen>
    <dimen name="x887">1273.01dp</dimen>
    <dimen name="x888">1274.44dp</dimen>
    <dimen name="x889">1275.88dp</dimen>
    <dimen name="x890">1277.31dp</dimen>
    <dimen name="x891">1278.75dp</dimen>
    <dimen name="x892">1280.19dp</dimen>
    <dimen name="x893">1281.62dp</dimen>
    <dimen name="x894">1283.06dp</dimen>
    <dimen name="x895">1284.49dp</dimen>
    <dimen name="x896">1285.93dp</dimen>
    <dimen name="x897">1287.36dp</dimen>
    <dimen name="x898">1288.80dp</dimen>
    <dimen name="x899">1290.23dp</dimen>
    <dimen name="x900">1291.67dp</dimen>
    <dimen name="x901">1293.10dp</dimen>
    <dimen name="x902">1294.54dp</dimen>
    <dimen name="x903">1295.97dp</dimen>
    <dimen name="x904">1297.41dp</dimen>
    <dimen name="x905">1298.84dp</dimen>
    <dimen name="x906">1300.28dp</dimen>
    <dimen name="x907">1301.71dp</dimen>
    <dimen name="x908">1303.15dp</dimen>
    <dimen name="x909">1304.58dp</dimen>
    <dimen name="x910">1306.02dp</dimen>
    <dimen name="x911">1307.45dp</dimen>
    <dimen name="x912">1308.89dp</dimen>
    <dimen name="x913">1310.32dp</dimen>
    <dimen name="x914">1311.76dp</dimen>
    <dimen name="x915">1313.19dp</dimen>
    <dimen name="x916">1314.63dp</dimen>
    <dimen name="x917">1316.06dp</dimen>
    <dimen name="x918">1317.50dp</dimen>
    <dimen name="x919">1318.94dp</dimen>
    <dimen name="x920">1320.37dp</dimen>
    <dimen name="x921">1321.81dp</dimen>
    <dimen name="x922">1323.24dp</dimen>
    <dimen name="x923">1324.68dp</dimen>
    <dimen name="x924">1326.11dp</dimen>
    <dimen name="x925">1327.55dp</dimen>
    <dimen name="x926">1328.98dp</dimen>
    <dimen name="x927">1330.42dp</dimen>
    <dimen name="x928">1331.85dp</dimen>
    <dimen name="x929">1333.29dp</dimen>
    <dimen name="x930">1334.72dp</dimen>
    <dimen name="x931">1336.16dp</dimen>
    <dimen name="x932">1337.59dp</dimen>
    <dimen name="x933">1339.03dp</dimen>
    <dimen name="x934">1340.46dp</dimen>
    <dimen name="x935">1341.90dp</dimen>
    <dimen name="x936">1343.33dp</dimen>
    <dimen name="x937">1344.77dp</dimen>
    <dimen name="x938">1346.20dp</dimen>
    <dimen name="x939">1347.64dp</dimen>
    <dimen name="x940">1349.07dp</dimen>
    <dimen name="x941">1350.51dp</dimen>
    <dimen name="x942">1351.94dp</dimen>
    <dimen name="x943">1353.38dp</dimen>
    <dimen name="x944">1354.81dp</dimen>
    <dimen name="x945">1356.25dp</dimen>
    <dimen name="x946">1357.69dp</dimen>
    <dimen name="x947">1359.12dp</dimen>
    <dimen name="x948">1360.56dp</dimen>
    <dimen name="x949">1361.99dp</dimen>
    <dimen name="x950">1363.43dp</dimen>
    <dimen name="x951">1364.86dp</dimen>
    <dimen name="x952">1366.30dp</dimen>
    <dimen name="x953">1367.73dp</dimen>
    <dimen name="x954">1369.17dp</dimen>
    <dimen name="x955">1370.60dp</dimen>
    <dimen name="x956">1372.04dp</dimen>
    <dimen name="x957">1373.47dp</dimen>
    <dimen name="x958">1374.91dp</dimen>
    <dimen name="x959">1376.34dp</dimen>
    <dimen name="x960">1377.78dp</dimen>
    <dimen name="x961">1379.21dp</dimen>
    <dimen name="x962">1380.65dp</dimen>
    <dimen name="x963">1382.08dp</dimen>
    <dimen name="x964">1383.52dp</dimen>
    <dimen name="x965">1384.95dp</dimen>
    <dimen name="x966">1386.39dp</dimen>
    <dimen name="x967">1387.82dp</dimen>
    <dimen name="x968">1389.26dp</dimen>
    <dimen name="x969">1390.69dp</dimen>
    <dimen name="x970">1392.13dp</dimen>
    <dimen name="x971">1393.56dp</dimen>
    <dimen name="x972">1395.00dp</dimen>
    <dimen name="x973">1396.44dp</dimen>
    <dimen name="x974">1397.87dp</dimen>
    <dimen name="x975">1399.31dp</dimen>
    <dimen name="x976">1400.74dp</dimen>
    <dimen name="x977">1402.18dp</dimen>
    <dimen name="x978">1403.61dp</dimen>
    <dimen name="x979">1405.05dp</dimen>
    <dimen name="x980">1406.48dp</dimen>
    <dimen name="x981">1407.92dp</dimen>
    <dimen name="x982">1409.35dp</dimen>
    <dimen name="x983">1410.79dp</dimen>
    <dimen name="x984">1412.22dp</dimen>
    <dimen name="x985">1413.66dp</dimen>
    <dimen name="x986">1415.09dp</dimen>
    <dimen name="x987">1416.53dp</dimen>
    <dimen name="x988">1417.96dp</dimen>
    <dimen name="x989">1419.40dp</dimen>
    <dimen name="x990">1420.83dp</dimen>
    <dimen name="x991">1422.27dp</dimen>
    <dimen name="x992">1423.70dp</dimen>
    <dimen name="x993">1425.14dp</dimen>
    <dimen name="x994">1426.57dp</dimen>
    <dimen name="x995">1428.01dp</dimen>
    <dimen name="x996">1429.44dp</dimen>
    <dimen name="x997">1430.88dp</dimen>
    <dimen name="x998">1432.31dp</dimen>
    <dimen name="x999">1433.75dp</dimen>
    <dimen name="x1000">1435.19dp</dimen>
    <dimen name="x1001">1436.62dp</dimen>
    <dimen name="x1002">1438.06dp</dimen>
    <dimen name="x1003">1439.49dp</dimen>
    <dimen name="x1004">1440.93dp</dimen>
    <dimen name="x1005">1442.36dp</dimen>
    <dimen name="x1006">1443.80dp</dimen>
    <dimen name="x1007">1445.23dp</dimen>
    <dimen name="x1008">1446.67dp</dimen>
    <dimen name="x1009">1448.10dp</dimen>
    <dimen name="x1010">1449.54dp</dimen>
    <dimen name="x1011">1450.97dp</dimen>
    <dimen name="x1012">1452.41dp</dimen>
    <dimen name="x1013">1453.84dp</dimen>
    <dimen name="x1014">1455.28dp</dimen>
    <dimen name="x1015">1456.71dp</dimen>
    <dimen name="x1016">1458.15dp</dimen>
    <dimen name="x1017">1459.58dp</dimen>
    <dimen name="x1018">1461.02dp</dimen>
    <dimen name="x1019">1462.45dp</dimen>
    <dimen name="x1020">1463.89dp</dimen>
    <dimen name="x1021">1465.32dp</dimen>
    <dimen name="x1022">1466.76dp</dimen>
    <dimen name="x1023">1468.19dp</dimen>
    <dimen name="x1024">1469.63dp</dimen>
    <dimen name="x1025">1471.06dp</dimen>
    <dimen name="x1026">1472.50dp</dimen>
    <dimen name="x1027">1473.94dp</dimen>
    <dimen name="x1028">1475.37dp</dimen>
    <dimen name="x1029">1476.81dp</dimen>
    <dimen name="x1030">1478.24dp</dimen>
    <dimen name="x1031">1479.68dp</dimen>
    <dimen name="x1032">1481.11dp</dimen>
    <dimen name="x1033">1482.55dp</dimen>
    <dimen name="x1034">1483.98dp</dimen>
    <dimen name="x1035">1485.42dp</dimen>
    <dimen name="x1036">1486.85dp</dimen>
    <dimen name="x1037">1488.29dp</dimen>
    <dimen name="x1038">1489.72dp</dimen>
    <dimen name="x1039">1491.16dp</dimen>
    <dimen name="x1040">1492.59dp</dimen>
    <dimen name="x1041">1494.03dp</dimen>
    <dimen name="x1042">1495.46dp</dimen>
    <dimen name="x1043">1496.90dp</dimen>
    <dimen name="x1044">1498.33dp</dimen>
    <dimen name="x1045">1499.77dp</dimen>
    <dimen name="x1046">1501.20dp</dimen>
    <dimen name="x1047">1502.64dp</dimen>
    <dimen name="x1048">1504.07dp</dimen>
    <dimen name="x1049">1505.51dp</dimen>
    <dimen name="x1050">1506.94dp</dimen>
    <dimen name="x1051">1508.38dp</dimen>
    <dimen name="x1052">1509.81dp</dimen>
    <dimen name="x1053">1511.25dp</dimen>
    <dimen name="x1054">1512.69dp</dimen>
    <dimen name="x1055">1514.12dp</dimen>
    <dimen name="x1056">1515.56dp</dimen>
    <dimen name="x1057">1516.99dp</dimen>
    <dimen name="x1058">1518.43dp</dimen>
    <dimen name="x1059">1519.86dp</dimen>
    <dimen name="x1060">1521.30dp</dimen>
    <dimen name="x1061">1522.73dp</dimen>
    <dimen name="x1062">1524.17dp</dimen>
    <dimen name="x1063">1525.60dp</dimen>
    <dimen name="x1064">1527.04dp</dimen>
    <dimen name="x1065">1528.47dp</dimen>
    <dimen name="x1066">1529.91dp</dimen>
    <dimen name="x1067">1531.34dp</dimen>
    <dimen name="x1068">1532.78dp</dimen>
    <dimen name="x1069">1534.21dp</dimen>
    <dimen name="x1070">1535.65dp</dimen>
    <dimen name="x1071">1537.08dp</dimen>
    <dimen name="x1072">1538.52dp</dimen>
    <dimen name="x1073">1539.95dp</dimen>
    <dimen name="x1074">1541.39dp</dimen>
    <dimen name="x1075">1542.82dp</dimen>
    <dimen name="x1076">1544.26dp</dimen>
    <dimen name="x1077">1545.69dp</dimen>
    <dimen name="x1078">1547.13dp</dimen>
    <dimen name="x1079">1548.56dp</dimen>
    <dimen name="x1080">1550.00dp</dimen>
</resources>