<?xml version="1.0" encoding="utf-8"?>
<resources>
    <string name="sw_dp">1270dp</string>
    <dimen name="x1">1.18dp</dimen>
    <dimen name="x2">2.35dp</dimen>
    <dimen name="x3">3.53dp</dimen>
    <dimen name="x4">4.70dp</dimen>
    <dimen name="x5">5.88dp</dimen>
    <dimen name="x6">7.06dp</dimen>
    <dimen name="x7">8.23dp</dimen>
    <dimen name="x8">9.41dp</dimen>
    <dimen name="x9">10.58dp</dimen>
    <dimen name="x10">11.76dp</dimen>
    <dimen name="x11">12.94dp</dimen>
    <dimen name="x12">14.11dp</dimen>
    <dimen name="x13">15.29dp</dimen>
    <dimen name="x14">16.46dp</dimen>
    <dimen name="x15">17.64dp</dimen>
    <dimen name="x16">18.81dp</dimen>
    <dimen name="x17">19.99dp</dimen>
    <dimen name="x18">21.17dp</dimen>
    <dimen name="x19">22.34dp</dimen>
    <dimen name="x20">23.52dp</dimen>
    <dimen name="x21">24.69dp</dimen>
    <dimen name="x22">25.87dp</dimen>
    <dimen name="x23">27.05dp</dimen>
    <dimen name="x24">28.22dp</dimen>
    <dimen name="x25">29.40dp</dimen>
    <dimen name="x26">30.57dp</dimen>
    <dimen name="x27">31.75dp</dimen>
    <dimen name="x28">32.93dp</dimen>
    <dimen name="x29">34.10dp</dimen>
    <dimen name="x30">35.28dp</dimen>
    <dimen name="x31">36.45dp</dimen>
    <dimen name="x32">37.63dp</dimen>
    <dimen name="x33">38.81dp</dimen>
    <dimen name="x34">39.98dp</dimen>
    <dimen name="x35">41.16dp</dimen>
    <dimen name="x36">42.33dp</dimen>
    <dimen name="x37">43.51dp</dimen>
    <dimen name="x38">44.69dp</dimen>
    <dimen name="x39">45.86dp</dimen>
    <dimen name="x40">47.04dp</dimen>
    <dimen name="x41">48.21dp</dimen>
    <dimen name="x42">49.39dp</dimen>
    <dimen name="x43">50.56dp</dimen>
    <dimen name="x44">51.74dp</dimen>
    <dimen name="x45">52.92dp</dimen>
    <dimen name="x46">54.09dp</dimen>
    <dimen name="x47">55.27dp</dimen>
    <dimen name="x48">56.44dp</dimen>
    <dimen name="x49">57.62dp</dimen>
    <dimen name="x50">58.80dp</dimen>
    <dimen name="x51">59.97dp</dimen>
    <dimen name="x52">61.15dp</dimen>
    <dimen name="x53">62.32dp</dimen>
    <dimen name="x54">63.50dp</dimen>
    <dimen name="x55">64.68dp</dimen>
    <dimen name="x56">65.85dp</dimen>
    <dimen name="x57">67.03dp</dimen>
    <dimen name="x58">68.20dp</dimen>
    <dimen name="x59">69.38dp</dimen>
    <dimen name="x60">70.56dp</dimen>
    <dimen name="x61">71.73dp</dimen>
    <dimen name="x62">72.91dp</dimen>
    <dimen name="x63">74.08dp</dimen>
    <dimen name="x64">75.26dp</dimen>
    <dimen name="x65">76.44dp</dimen>
    <dimen name="x66">77.61dp</dimen>
    <dimen name="x67">78.79dp</dimen>
    <dimen name="x68">79.96dp</dimen>
    <dimen name="x69">81.14dp</dimen>
    <dimen name="x70">82.31dp</dimen>
    <dimen name="x71">83.49dp</dimen>
    <dimen name="x72">84.67dp</dimen>
    <dimen name="x73">85.84dp</dimen>
    <dimen name="x74">87.02dp</dimen>
    <dimen name="x75">88.19dp</dimen>
    <dimen name="x76">89.37dp</dimen>
    <dimen name="x77">90.55dp</dimen>
    <dimen name="x78">91.72dp</dimen>
    <dimen name="x79">92.90dp</dimen>
    <dimen name="x80">94.07dp</dimen>
    <dimen name="x81">95.25dp</dimen>
    <dimen name="x82">96.43dp</dimen>
    <dimen name="x83">97.60dp</dimen>
    <dimen name="x84">98.78dp</dimen>
    <dimen name="x85">99.95dp</dimen>
    <dimen name="x86">101.13dp</dimen>
    <dimen name="x87">102.31dp</dimen>
    <dimen name="x88">103.48dp</dimen>
    <dimen name="x89">104.66dp</dimen>
    <dimen name="x90">105.83dp</dimen>
    <dimen name="x91">107.01dp</dimen>
    <dimen name="x92">108.19dp</dimen>
    <dimen name="x93">109.36dp</dimen>
    <dimen name="x94">110.54dp</dimen>
    <dimen name="x95">111.71dp</dimen>
    <dimen name="x96">112.89dp</dimen>
    <dimen name="x97">114.06dp</dimen>
    <dimen name="x98">115.24dp</dimen>
    <dimen name="x99">116.42dp</dimen>
    <dimen name="x100">117.59dp</dimen>
    <dimen name="x101">118.77dp</dimen>
    <dimen name="x102">119.94dp</dimen>
    <dimen name="x103">121.12dp</dimen>
    <dimen name="x104">122.30dp</dimen>
    <dimen name="x105">123.47dp</dimen>
    <dimen name="x106">124.65dp</dimen>
    <dimen name="x107">125.82dp</dimen>
    <dimen name="x108">127.00dp</dimen>
    <dimen name="x109">128.18dp</dimen>
    <dimen name="x110">129.35dp</dimen>
    <dimen name="x111">130.53dp</dimen>
    <dimen name="x112">131.70dp</dimen>
    <dimen name="x113">132.88dp</dimen>
    <dimen name="x114">134.06dp</dimen>
    <dimen name="x115">135.23dp</dimen>
    <dimen name="x116">136.41dp</dimen>
    <dimen name="x117">137.58dp</dimen>
    <dimen name="x118">138.76dp</dimen>
    <dimen name="x119">139.94dp</dimen>
    <dimen name="x120">141.11dp</dimen>
    <dimen name="x121">142.29dp</dimen>
    <dimen name="x122">143.46dp</dimen>
    <dimen name="x123">144.64dp</dimen>
    <dimen name="x124">145.81dp</dimen>
    <dimen name="x125">146.99dp</dimen>
    <dimen name="x126">148.17dp</dimen>
    <dimen name="x127">149.34dp</dimen>
    <dimen name="x128">150.52dp</dimen>
    <dimen name="x129">151.69dp</dimen>
    <dimen name="x130">152.87dp</dimen>
    <dimen name="x131">154.05dp</dimen>
    <dimen name="x132">155.22dp</dimen>
    <dimen name="x133">156.40dp</dimen>
    <dimen name="x134">157.57dp</dimen>
    <dimen name="x135">158.75dp</dimen>
    <dimen name="x136">159.93dp</dimen>
    <dimen name="x137">161.10dp</dimen>
    <dimen name="x138">162.28dp</dimen>
    <dimen name="x139">163.45dp</dimen>
    <dimen name="x140">164.63dp</dimen>
    <dimen name="x141">165.81dp</dimen>
    <dimen name="x142">166.98dp</dimen>
    <dimen name="x143">168.16dp</dimen>
    <dimen name="x144">169.33dp</dimen>
    <dimen name="x145">170.51dp</dimen>
    <dimen name="x146">171.69dp</dimen>
    <dimen name="x147">172.86dp</dimen>
    <dimen name="x148">174.04dp</dimen>
    <dimen name="x149">175.21dp</dimen>
    <dimen name="x150">176.39dp</dimen>
    <dimen name="x151">177.56dp</dimen>
    <dimen name="x152">178.74dp</dimen>
    <dimen name="x153">179.92dp</dimen>
    <dimen name="x154">181.09dp</dimen>
    <dimen name="x155">182.27dp</dimen>
    <dimen name="x156">183.44dp</dimen>
    <dimen name="x157">184.62dp</dimen>
    <dimen name="x158">185.80dp</dimen>
    <dimen name="x159">186.97dp</dimen>
    <dimen name="x160">188.15dp</dimen>
    <dimen name="x161">189.32dp</dimen>
    <dimen name="x162">190.50dp</dimen>
    <dimen name="x163">191.68dp</dimen>
    <dimen name="x164">192.85dp</dimen>
    <dimen name="x165">194.03dp</dimen>
    <dimen name="x166">195.20dp</dimen>
    <dimen name="x167">196.38dp</dimen>
    <dimen name="x168">197.56dp</dimen>
    <dimen name="x169">198.73dp</dimen>
    <dimen name="x170">199.91dp</dimen>
    <dimen name="x171">201.08dp</dimen>
    <dimen name="x172">202.26dp</dimen>
    <dimen name="x173">203.44dp</dimen>
    <dimen name="x174">204.61dp</dimen>
    <dimen name="x175">205.79dp</dimen>
    <dimen name="x176">206.96dp</dimen>
    <dimen name="x177">208.14dp</dimen>
    <dimen name="x178">209.31dp</dimen>
    <dimen name="x179">210.49dp</dimen>
    <dimen name="x180">211.67dp</dimen>
    <dimen name="x181">212.84dp</dimen>
    <dimen name="x182">214.02dp</dimen>
    <dimen name="x183">215.19dp</dimen>
    <dimen name="x184">216.37dp</dimen>
    <dimen name="x185">217.55dp</dimen>
    <dimen name="x186">218.72dp</dimen>
    <dimen name="x187">219.90dp</dimen>
    <dimen name="x188">221.07dp</dimen>
    <dimen name="x189">222.25dp</dimen>
    <dimen name="x190">223.43dp</dimen>
    <dimen name="x191">224.60dp</dimen>
    <dimen name="x192">225.78dp</dimen>
    <dimen name="x193">226.95dp</dimen>
    <dimen name="x194">228.13dp</dimen>
    <dimen name="x195">229.31dp</dimen>
    <dimen name="x196">230.48dp</dimen>
    <dimen name="x197">231.66dp</dimen>
    <dimen name="x198">232.83dp</dimen>
    <dimen name="x199">234.01dp</dimen>
    <dimen name="x200">235.19dp</dimen>
    <dimen name="x201">236.36dp</dimen>
    <dimen name="x202">237.54dp</dimen>
    <dimen name="x203">238.71dp</dimen>
    <dimen name="x204">239.89dp</dimen>
    <dimen name="x205">241.06dp</dimen>
    <dimen name="x206">242.24dp</dimen>
    <dimen name="x207">243.42dp</dimen>
    <dimen name="x208">244.59dp</dimen>
    <dimen name="x209">245.77dp</dimen>
    <dimen name="x210">246.94dp</dimen>
    <dimen name="x211">248.12dp</dimen>
    <dimen name="x212">249.30dp</dimen>
    <dimen name="x213">250.47dp</dimen>
    <dimen name="x214">251.65dp</dimen>
    <dimen name="x215">252.82dp</dimen>
    <dimen name="x216">254.00dp</dimen>
    <dimen name="x217">255.18dp</dimen>
    <dimen name="x218">256.35dp</dimen>
    <dimen name="x219">257.53dp</dimen>
    <dimen name="x220">258.70dp</dimen>
    <dimen name="x221">259.88dp</dimen>
    <dimen name="x222">261.06dp</dimen>
    <dimen name="x223">262.23dp</dimen>
    <dimen name="x224">263.41dp</dimen>
    <dimen name="x225">264.58dp</dimen>
    <dimen name="x226">265.76dp</dimen>
    <dimen name="x227">266.94dp</dimen>
    <dimen name="x228">268.11dp</dimen>
    <dimen name="x229">269.29dp</dimen>
    <dimen name="x230">270.46dp</dimen>
    <dimen name="x231">271.64dp</dimen>
    <dimen name="x232">272.81dp</dimen>
    <dimen name="x233">273.99dp</dimen>
    <dimen name="x234">275.17dp</dimen>
    <dimen name="x235">276.34dp</dimen>
    <dimen name="x236">277.52dp</dimen>
    <dimen name="x237">278.69dp</dimen>
    <dimen name="x238">279.87dp</dimen>
    <dimen name="x239">281.05dp</dimen>
    <dimen name="x240">282.22dp</dimen>
    <dimen name="x241">283.40dp</dimen>
    <dimen name="x242">284.57dp</dimen>
    <dimen name="x243">285.75dp</dimen>
    <dimen name="x244">286.93dp</dimen>
    <dimen name="x245">288.10dp</dimen>
    <dimen name="x246">289.28dp</dimen>
    <dimen name="x247">290.45dp</dimen>
    <dimen name="x248">291.63dp</dimen>
    <dimen name="x249">292.81dp</dimen>
    <dimen name="x250">293.98dp</dimen>
    <dimen name="x251">295.16dp</dimen>
    <dimen name="x252">296.33dp</dimen>
    <dimen name="x253">297.51dp</dimen>
    <dimen name="x254">298.69dp</dimen>
    <dimen name="x255">299.86dp</dimen>
    <dimen name="x256">301.04dp</dimen>
    <dimen name="x257">302.21dp</dimen>
    <dimen name="x258">303.39dp</dimen>
    <dimen name="x259">304.56dp</dimen>
    <dimen name="x260">305.74dp</dimen>
    <dimen name="x261">306.92dp</dimen>
    <dimen name="x262">308.09dp</dimen>
    <dimen name="x263">309.27dp</dimen>
    <dimen name="x264">310.44dp</dimen>
    <dimen name="x265">311.62dp</dimen>
    <dimen name="x266">312.80dp</dimen>
    <dimen name="x267">313.97dp</dimen>
    <dimen name="x268">315.15dp</dimen>
    <dimen name="x269">316.32dp</dimen>
    <dimen name="x270">317.50dp</dimen>
    <dimen name="x271">318.68dp</dimen>
    <dimen name="x272">319.85dp</dimen>
    <dimen name="x273">321.03dp</dimen>
    <dimen name="x274">322.20dp</dimen>
    <dimen name="x275">323.38dp</dimen>
    <dimen name="x276">324.56dp</dimen>
    <dimen name="x277">325.73dp</dimen>
    <dimen name="x278">326.91dp</dimen>
    <dimen name="x279">328.08dp</dimen>
    <dimen name="x280">329.26dp</dimen>
    <dimen name="x281">330.44dp</dimen>
    <dimen name="x282">331.61dp</dimen>
    <dimen name="x283">332.79dp</dimen>
    <dimen name="x284">333.96dp</dimen>
    <dimen name="x285">335.14dp</dimen>
    <dimen name="x286">336.31dp</dimen>
    <dimen name="x287">337.49dp</dimen>
    <dimen name="x288">338.67dp</dimen>
    <dimen name="x289">339.84dp</dimen>
    <dimen name="x290">341.02dp</dimen>
    <dimen name="x291">342.19dp</dimen>
    <dimen name="x292">343.37dp</dimen>
    <dimen name="x293">344.55dp</dimen>
    <dimen name="x294">345.72dp</dimen>
    <dimen name="x295">346.90dp</dimen>
    <dimen name="x296">348.07dp</dimen>
    <dimen name="x297">349.25dp</dimen>
    <dimen name="x298">350.43dp</dimen>
    <dimen name="x299">351.60dp</dimen>
    <dimen name="x300">352.78dp</dimen>
    <dimen name="x301">353.95dp</dimen>
    <dimen name="x302">355.13dp</dimen>
    <dimen name="x303">356.31dp</dimen>
    <dimen name="x304">357.48dp</dimen>
    <dimen name="x305">358.66dp</dimen>
    <dimen name="x306">359.83dp</dimen>
    <dimen name="x307">361.01dp</dimen>
    <dimen name="x308">362.19dp</dimen>
    <dimen name="x309">363.36dp</dimen>
    <dimen name="x310">364.54dp</dimen>
    <dimen name="x311">365.71dp</dimen>
    <dimen name="x312">366.89dp</dimen>
    <dimen name="x313">368.06dp</dimen>
    <dimen name="x314">369.24dp</dimen>
    <dimen name="x315">370.42dp</dimen>
    <dimen name="x316">371.59dp</dimen>
    <dimen name="x317">372.77dp</dimen>
    <dimen name="x318">373.94dp</dimen>
    <dimen name="x319">375.12dp</dimen>
    <dimen name="x320">376.30dp</dimen>
    <dimen name="x321">377.47dp</dimen>
    <dimen name="x322">378.65dp</dimen>
    <dimen name="x323">379.82dp</dimen>
    <dimen name="x324">381.00dp</dimen>
    <dimen name="x325">382.18dp</dimen>
    <dimen name="x326">383.35dp</dimen>
    <dimen name="x327">384.53dp</dimen>
    <dimen name="x328">385.70dp</dimen>
    <dimen name="x329">386.88dp</dimen>
    <dimen name="x330">388.06dp</dimen>
    <dimen name="x331">389.23dp</dimen>
    <dimen name="x332">390.41dp</dimen>
    <dimen name="x333">391.58dp</dimen>
    <dimen name="x334">392.76dp</dimen>
    <dimen name="x335">393.94dp</dimen>
    <dimen name="x336">395.11dp</dimen>
    <dimen name="x337">396.29dp</dimen>
    <dimen name="x338">397.46dp</dimen>
    <dimen name="x339">398.64dp</dimen>
    <dimen name="x340">399.81dp</dimen>
    <dimen name="x341">400.99dp</dimen>
    <dimen name="x342">402.17dp</dimen>
    <dimen name="x343">403.34dp</dimen>
    <dimen name="x344">404.52dp</dimen>
    <dimen name="x345">405.69dp</dimen>
    <dimen name="x346">406.87dp</dimen>
    <dimen name="x347">408.05dp</dimen>
    <dimen name="x348">409.22dp</dimen>
    <dimen name="x349">410.40dp</dimen>
    <dimen name="x350">411.57dp</dimen>
    <dimen name="x351">412.75dp</dimen>
    <dimen name="x352">413.93dp</dimen>
    <dimen name="x353">415.10dp</dimen>
    <dimen name="x354">416.28dp</dimen>
    <dimen name="x355">417.45dp</dimen>
    <dimen name="x356">418.63dp</dimen>
    <dimen name="x357">419.81dp</dimen>
    <dimen name="x358">420.98dp</dimen>
    <dimen name="x359">422.16dp</dimen>
    <dimen name="x360">423.33dp</dimen>
    <dimen name="x361">424.51dp</dimen>
    <dimen name="x362">425.69dp</dimen>
    <dimen name="x363">426.86dp</dimen>
    <dimen name="x364">428.04dp</dimen>
    <dimen name="x365">429.21dp</dimen>
    <dimen name="x366">430.39dp</dimen>
    <dimen name="x367">431.56dp</dimen>
    <dimen name="x368">432.74dp</dimen>
    <dimen name="x369">433.92dp</dimen>
    <dimen name="x370">435.09dp</dimen>
    <dimen name="x371">436.27dp</dimen>
    <dimen name="x372">437.44dp</dimen>
    <dimen name="x373">438.62dp</dimen>
    <dimen name="x374">439.80dp</dimen>
    <dimen name="x375">440.97dp</dimen>
    <dimen name="x376">442.15dp</dimen>
    <dimen name="x377">443.32dp</dimen>
    <dimen name="x378">444.50dp</dimen>
    <dimen name="x379">445.68dp</dimen>
    <dimen name="x380">446.85dp</dimen>
    <dimen name="x381">448.03dp</dimen>
    <dimen name="x382">449.20dp</dimen>
    <dimen name="x383">450.38dp</dimen>
    <dimen name="x384">451.56dp</dimen>
    <dimen name="x385">452.73dp</dimen>
    <dimen name="x386">453.91dp</dimen>
    <dimen name="x387">455.08dp</dimen>
    <dimen name="x388">456.26dp</dimen>
    <dimen name="x389">457.44dp</dimen>
    <dimen name="x390">458.61dp</dimen>
    <dimen name="x391">459.79dp</dimen>
    <dimen name="x392">460.96dp</dimen>
    <dimen name="x393">462.14dp</dimen>
    <dimen name="x394">463.31dp</dimen>
    <dimen name="x395">464.49dp</dimen>
    <dimen name="x396">465.67dp</dimen>
    <dimen name="x397">466.84dp</dimen>
    <dimen name="x398">468.02dp</dimen>
    <dimen name="x399">469.19dp</dimen>
    <dimen name="x400">470.37dp</dimen>
    <dimen name="x401">471.55dp</dimen>
    <dimen name="x402">472.72dp</dimen>
    <dimen name="x403">473.90dp</dimen>
    <dimen name="x404">475.07dp</dimen>
    <dimen name="x405">476.25dp</dimen>
    <dimen name="x406">477.43dp</dimen>
    <dimen name="x407">478.60dp</dimen>
    <dimen name="x408">479.78dp</dimen>
    <dimen name="x409">480.95dp</dimen>
    <dimen name="x410">482.13dp</dimen>
    <dimen name="x411">483.31dp</dimen>
    <dimen name="x412">484.48dp</dimen>
    <dimen name="x413">485.66dp</dimen>
    <dimen name="x414">486.83dp</dimen>
    <dimen name="x415">488.01dp</dimen>
    <dimen name="x416">489.19dp</dimen>
    <dimen name="x417">490.36dp</dimen>
    <dimen name="x418">491.54dp</dimen>
    <dimen name="x419">492.71dp</dimen>
    <dimen name="x420">493.89dp</dimen>
    <dimen name="x421">495.06dp</dimen>
    <dimen name="x422">496.24dp</dimen>
    <dimen name="x423">497.42dp</dimen>
    <dimen name="x424">498.59dp</dimen>
    <dimen name="x425">499.77dp</dimen>
    <dimen name="x426">500.94dp</dimen>
    <dimen name="x427">502.12dp</dimen>
    <dimen name="x428">503.30dp</dimen>
    <dimen name="x429">504.47dp</dimen>
    <dimen name="x430">505.65dp</dimen>
    <dimen name="x431">506.82dp</dimen>
    <dimen name="x432">508.00dp</dimen>
    <dimen name="x433">509.18dp</dimen>
    <dimen name="x434">510.35dp</dimen>
    <dimen name="x435">511.53dp</dimen>
    <dimen name="x436">512.70dp</dimen>
    <dimen name="x437">513.88dp</dimen>
    <dimen name="x438">515.06dp</dimen>
    <dimen name="x439">516.23dp</dimen>
    <dimen name="x440">517.41dp</dimen>
    <dimen name="x441">518.58dp</dimen>
    <dimen name="x442">519.76dp</dimen>
    <dimen name="x443">520.94dp</dimen>
    <dimen name="x444">522.11dp</dimen>
    <dimen name="x445">523.29dp</dimen>
    <dimen name="x446">524.46dp</dimen>
    <dimen name="x447">525.64dp</dimen>
    <dimen name="x448">526.81dp</dimen>
    <dimen name="x449">527.99dp</dimen>
    <dimen name="x450">529.17dp</dimen>
    <dimen name="x451">530.34dp</dimen>
    <dimen name="x452">531.52dp</dimen>
    <dimen name="x453">532.69dp</dimen>
    <dimen name="x454">533.87dp</dimen>
    <dimen name="x455">535.05dp</dimen>
    <dimen name="x456">536.22dp</dimen>
    <dimen name="x457">537.40dp</dimen>
    <dimen name="x458">538.57dp</dimen>
    <dimen name="x459">539.75dp</dimen>
    <dimen name="x460">540.93dp</dimen>
    <dimen name="x461">542.10dp</dimen>
    <dimen name="x462">543.28dp</dimen>
    <dimen name="x463">544.45dp</dimen>
    <dimen name="x464">545.63dp</dimen>
    <dimen name="x465">546.81dp</dimen>
    <dimen name="x466">547.98dp</dimen>
    <dimen name="x467">549.16dp</dimen>
    <dimen name="x468">550.33dp</dimen>
    <dimen name="x469">551.51dp</dimen>
    <dimen name="x470">552.69dp</dimen>
    <dimen name="x471">553.86dp</dimen>
    <dimen name="x472">555.04dp</dimen>
    <dimen name="x473">556.21dp</dimen>
    <dimen name="x474">557.39dp</dimen>
    <dimen name="x475">558.56dp</dimen>
    <dimen name="x476">559.74dp</dimen>
    <dimen name="x477">560.92dp</dimen>
    <dimen name="x478">562.09dp</dimen>
    <dimen name="x479">563.27dp</dimen>
    <dimen name="x480">564.44dp</dimen>
    <dimen name="x481">565.62dp</dimen>
    <dimen name="x482">566.80dp</dimen>
    <dimen name="x483">567.97dp</dimen>
    <dimen name="x484">569.15dp</dimen>
    <dimen name="x485">570.32dp</dimen>
    <dimen name="x486">571.50dp</dimen>
    <dimen name="x487">572.68dp</dimen>
    <dimen name="x488">573.85dp</dimen>
    <dimen name="x489">575.03dp</dimen>
    <dimen name="x490">576.20dp</dimen>
    <dimen name="x491">577.38dp</dimen>
    <dimen name="x492">578.56dp</dimen>
    <dimen name="x493">579.73dp</dimen>
    <dimen name="x494">580.91dp</dimen>
    <dimen name="x495">582.08dp</dimen>
    <dimen name="x496">583.26dp</dimen>
    <dimen name="x497">584.44dp</dimen>
    <dimen name="x498">585.61dp</dimen>
    <dimen name="x499">586.79dp</dimen>
    <dimen name="x500">587.96dp</dimen>
    <dimen name="x501">589.14dp</dimen>
    <dimen name="x502">590.31dp</dimen>
    <dimen name="x503">591.49dp</dimen>
    <dimen name="x504">592.67dp</dimen>
    <dimen name="x505">593.84dp</dimen>
    <dimen name="x506">595.02dp</dimen>
    <dimen name="x507">596.19dp</dimen>
    <dimen name="x508">597.37dp</dimen>
    <dimen name="x509">598.55dp</dimen>
    <dimen name="x510">599.72dp</dimen>
    <dimen name="x511">600.90dp</dimen>
    <dimen name="x512">602.07dp</dimen>
    <dimen name="x513">603.25dp</dimen>
    <dimen name="x514">604.43dp</dimen>
    <dimen name="x515">605.60dp</dimen>
    <dimen name="x516">606.78dp</dimen>
    <dimen name="x517">607.95dp</dimen>
    <dimen name="x518">609.13dp</dimen>
    <dimen name="x519">610.31dp</dimen>
    <dimen name="x520">611.48dp</dimen>
    <dimen name="x521">612.66dp</dimen>
    <dimen name="x522">613.83dp</dimen>
    <dimen name="x523">615.01dp</dimen>
    <dimen name="x524">616.19dp</dimen>
    <dimen name="x525">617.36dp</dimen>
    <dimen name="x526">618.54dp</dimen>
    <dimen name="x527">619.71dp</dimen>
    <dimen name="x528">620.89dp</dimen>
    <dimen name="x529">622.06dp</dimen>
    <dimen name="x530">623.24dp</dimen>
    <dimen name="x531">624.42dp</dimen>
    <dimen name="x532">625.59dp</dimen>
    <dimen name="x533">626.77dp</dimen>
    <dimen name="x534">627.94dp</dimen>
    <dimen name="x535">629.12dp</dimen>
    <dimen name="x536">630.30dp</dimen>
    <dimen name="x537">631.47dp</dimen>
    <dimen name="x538">632.65dp</dimen>
    <dimen name="x539">633.82dp</dimen>
    <dimen name="x540">635.00dp</dimen>
    <dimen name="x541">636.18dp</dimen>
    <dimen name="x542">637.35dp</dimen>
    <dimen name="x543">638.53dp</dimen>
    <dimen name="x544">639.70dp</dimen>
    <dimen name="x545">640.88dp</dimen>
    <dimen name="x546">642.06dp</dimen>
    <dimen name="x547">643.23dp</dimen>
    <dimen name="x548">644.41dp</dimen>
    <dimen name="x549">645.58dp</dimen>
    <dimen name="x550">646.76dp</dimen>
    <dimen name="x551">647.94dp</dimen>
    <dimen name="x552">649.11dp</dimen>
    <dimen name="x553">650.29dp</dimen>
    <dimen name="x554">651.46dp</dimen>
    <dimen name="x555">652.64dp</dimen>
    <dimen name="x556">653.81dp</dimen>
    <dimen name="x557">654.99dp</dimen>
    <dimen name="x558">656.17dp</dimen>
    <dimen name="x559">657.34dp</dimen>
    <dimen name="x560">658.52dp</dimen>
    <dimen name="x561">659.69dp</dimen>
    <dimen name="x562">660.87dp</dimen>
    <dimen name="x563">662.05dp</dimen>
    <dimen name="x564">663.22dp</dimen>
    <dimen name="x565">664.40dp</dimen>
    <dimen name="x566">665.57dp</dimen>
    <dimen name="x567">666.75dp</dimen>
    <dimen name="x568">667.93dp</dimen>
    <dimen name="x569">669.10dp</dimen>
    <dimen name="x570">670.28dp</dimen>
    <dimen name="x571">671.45dp</dimen>
    <dimen name="x572">672.63dp</dimen>
    <dimen name="x573">673.81dp</dimen>
    <dimen name="x574">674.98dp</dimen>
    <dimen name="x575">676.16dp</dimen>
    <dimen name="x576">677.33dp</dimen>
    <dimen name="x577">678.51dp</dimen>
    <dimen name="x578">679.69dp</dimen>
    <dimen name="x579">680.86dp</dimen>
    <dimen name="x580">682.04dp</dimen>
    <dimen name="x581">683.21dp</dimen>
    <dimen name="x582">684.39dp</dimen>
    <dimen name="x583">685.56dp</dimen>
    <dimen name="x584">686.74dp</dimen>
    <dimen name="x585">687.92dp</dimen>
    <dimen name="x586">689.09dp</dimen>
    <dimen name="x587">690.27dp</dimen>
    <dimen name="x588">691.44dp</dimen>
    <dimen name="x589">692.62dp</dimen>
    <dimen name="x590">693.80dp</dimen>
    <dimen name="x591">694.97dp</dimen>
    <dimen name="x592">696.15dp</dimen>
    <dimen name="x593">697.32dp</dimen>
    <dimen name="x594">698.50dp</dimen>
    <dimen name="x595">699.68dp</dimen>
    <dimen name="x596">700.85dp</dimen>
    <dimen name="x597">702.03dp</dimen>
    <dimen name="x598">703.20dp</dimen>
    <dimen name="x599">704.38dp</dimen>
    <dimen name="x600">705.56dp</dimen>
    <dimen name="x601">706.73dp</dimen>
    <dimen name="x602">707.91dp</dimen>
    <dimen name="x603">709.08dp</dimen>
    <dimen name="x604">710.26dp</dimen>
    <dimen name="x605">711.44dp</dimen>
    <dimen name="x606">712.61dp</dimen>
    <dimen name="x607">713.79dp</dimen>
    <dimen name="x608">714.96dp</dimen>
    <dimen name="x609">716.14dp</dimen>
    <dimen name="x610">717.31dp</dimen>
    <dimen name="x611">718.49dp</dimen>
    <dimen name="x612">719.67dp</dimen>
    <dimen name="x613">720.84dp</dimen>
    <dimen name="x614">722.02dp</dimen>
    <dimen name="x615">723.19dp</dimen>
    <dimen name="x616">724.37dp</dimen>
    <dimen name="x617">725.55dp</dimen>
    <dimen name="x618">726.72dp</dimen>
    <dimen name="x619">727.90dp</dimen>
    <dimen name="x620">729.07dp</dimen>
    <dimen name="x621">730.25dp</dimen>
    <dimen name="x622">731.43dp</dimen>
    <dimen name="x623">732.60dp</dimen>
    <dimen name="x624">733.78dp</dimen>
    <dimen name="x625">734.95dp</dimen>
    <dimen name="x626">736.13dp</dimen>
    <dimen name="x627">737.31dp</dimen>
    <dimen name="x628">738.48dp</dimen>
    <dimen name="x629">739.66dp</dimen>
    <dimen name="x630">740.83dp</dimen>
    <dimen name="x631">742.01dp</dimen>
    <dimen name="x632">743.19dp</dimen>
    <dimen name="x633">744.36dp</dimen>
    <dimen name="x634">745.54dp</dimen>
    <dimen name="x635">746.71dp</dimen>
    <dimen name="x636">747.89dp</dimen>
    <dimen name="x637">749.06dp</dimen>
    <dimen name="x638">750.24dp</dimen>
    <dimen name="x639">751.42dp</dimen>
    <dimen name="x640">752.59dp</dimen>
    <dimen name="x641">753.77dp</dimen>
    <dimen name="x642">754.94dp</dimen>
    <dimen name="x643">756.12dp</dimen>
    <dimen name="x644">757.30dp</dimen>
    <dimen name="x645">758.47dp</dimen>
    <dimen name="x646">759.65dp</dimen>
    <dimen name="x647">760.82dp</dimen>
    <dimen name="x648">762.00dp</dimen>
    <dimen name="x649">763.18dp</dimen>
    <dimen name="x650">764.35dp</dimen>
    <dimen name="x651">765.53dp</dimen>
    <dimen name="x652">766.70dp</dimen>
    <dimen name="x653">767.88dp</dimen>
    <dimen name="x654">769.06dp</dimen>
    <dimen name="x655">770.23dp</dimen>
    <dimen name="x656">771.41dp</dimen>
    <dimen name="x657">772.58dp</dimen>
    <dimen name="x658">773.76dp</dimen>
    <dimen name="x659">774.94dp</dimen>
    <dimen name="x660">776.11dp</dimen>
    <dimen name="x661">777.29dp</dimen>
    <dimen name="x662">778.46dp</dimen>
    <dimen name="x663">779.64dp</dimen>
    <dimen name="x664">780.81dp</dimen>
    <dimen name="x665">781.99dp</dimen>
    <dimen name="x666">783.17dp</dimen>
    <dimen name="x667">784.34dp</dimen>
    <dimen name="x668">785.52dp</dimen>
    <dimen name="x669">786.69dp</dimen>
    <dimen name="x670">787.87dp</dimen>
    <dimen name="x671">789.05dp</dimen>
    <dimen name="x672">790.22dp</dimen>
    <dimen name="x673">791.40dp</dimen>
    <dimen name="x674">792.57dp</dimen>
    <dimen name="x675">793.75dp</dimen>
    <dimen name="x676">794.93dp</dimen>
    <dimen name="x677">796.10dp</dimen>
    <dimen name="x678">797.28dp</dimen>
    <dimen name="x679">798.45dp</dimen>
    <dimen name="x680">799.63dp</dimen>
    <dimen name="x681">800.81dp</dimen>
    <dimen name="x682">801.98dp</dimen>
    <dimen name="x683">803.16dp</dimen>
    <dimen name="x684">804.33dp</dimen>
    <dimen name="x685">805.51dp</dimen>
    <dimen name="x686">806.69dp</dimen>
    <dimen name="x687">807.86dp</dimen>
    <dimen name="x688">809.04dp</dimen>
    <dimen name="x689">810.21dp</dimen>
    <dimen name="x690">811.39dp</dimen>
    <dimen name="x691">812.56dp</dimen>
    <dimen name="x692">813.74dp</dimen>
    <dimen name="x693">814.92dp</dimen>
    <dimen name="x694">816.09dp</dimen>
    <dimen name="x695">817.27dp</dimen>
    <dimen name="x696">818.44dp</dimen>
    <dimen name="x697">819.62dp</dimen>
    <dimen name="x698">820.80dp</dimen>
    <dimen name="x699">821.97dp</dimen>
    <dimen name="x700">823.15dp</dimen>
    <dimen name="x701">824.32dp</dimen>
    <dimen name="x702">825.50dp</dimen>
    <dimen name="x703">826.68dp</dimen>
    <dimen name="x704">827.85dp</dimen>
    <dimen name="x705">829.03dp</dimen>
    <dimen name="x706">830.20dp</dimen>
    <dimen name="x707">831.38dp</dimen>
    <dimen name="x708">832.56dp</dimen>
    <dimen name="x709">833.73dp</dimen>
    <dimen name="x710">834.91dp</dimen>
    <dimen name="x711">836.08dp</dimen>
    <dimen name="x712">837.26dp</dimen>
    <dimen name="x713">838.44dp</dimen>
    <dimen name="x714">839.61dp</dimen>
    <dimen name="x715">840.79dp</dimen>
    <dimen name="x716">841.96dp</dimen>
    <dimen name="x717">843.14dp</dimen>
    <dimen name="x718">844.31dp</dimen>
    <dimen name="x719">845.49dp</dimen>
    <dimen name="x720">846.67dp</dimen>
    <dimen name="x721">847.84dp</dimen>
    <dimen name="x722">849.02dp</dimen>
    <dimen name="x723">850.19dp</dimen>
    <dimen name="x724">851.37dp</dimen>
    <dimen name="x725">852.55dp</dimen>
    <dimen name="x726">853.72dp</dimen>
    <dimen name="x727">854.90dp</dimen>
    <dimen name="x728">856.07dp</dimen>
    <dimen name="x729">857.25dp</dimen>
    <dimen name="x730">858.43dp</dimen>
    <dimen name="x731">859.60dp</dimen>
    <dimen name="x732">860.78dp</dimen>
    <dimen name="x733">861.95dp</dimen>
    <dimen name="x734">863.13dp</dimen>
    <dimen name="x735">864.31dp</dimen>
    <dimen name="x736">865.48dp</dimen>
    <dimen name="x737">866.66dp</dimen>
    <dimen name="x738">867.83dp</dimen>
    <dimen name="x739">869.01dp</dimen>
    <dimen name="x740">870.19dp</dimen>
    <dimen name="x741">871.36dp</dimen>
    <dimen name="x742">872.54dp</dimen>
    <dimen name="x743">873.71dp</dimen>
    <dimen name="x744">874.89dp</dimen>
    <dimen name="x745">876.06dp</dimen>
    <dimen name="x746">877.24dp</dimen>
    <dimen name="x747">878.42dp</dimen>
    <dimen name="x748">879.59dp</dimen>
    <dimen name="x749">880.77dp</dimen>
    <dimen name="x750">881.94dp</dimen>
    <dimen name="x751">883.12dp</dimen>
    <dimen name="x752">884.30dp</dimen>
    <dimen name="x753">885.47dp</dimen>
    <dimen name="x754">886.65dp</dimen>
    <dimen name="x755">887.82dp</dimen>
    <dimen name="x756">889.00dp</dimen>
    <dimen name="x757">890.18dp</dimen>
    <dimen name="x758">891.35dp</dimen>
    <dimen name="x759">892.53dp</dimen>
    <dimen name="x760">893.70dp</dimen>
    <dimen name="x761">894.88dp</dimen>
    <dimen name="x762">896.06dp</dimen>
    <dimen name="x763">897.23dp</dimen>
    <dimen name="x764">898.41dp</dimen>
    <dimen name="x765">899.58dp</dimen>
    <dimen name="x766">900.76dp</dimen>
    <dimen name="x767">901.94dp</dimen>
    <dimen name="x768">903.11dp</dimen>
    <dimen name="x769">904.29dp</dimen>
    <dimen name="x770">905.46dp</dimen>
    <dimen name="x771">906.64dp</dimen>
    <dimen name="x772">907.81dp</dimen>
    <dimen name="x773">908.99dp</dimen>
    <dimen name="x774">910.17dp</dimen>
    <dimen name="x775">911.34dp</dimen>
    <dimen name="x776">912.52dp</dimen>
    <dimen name="x777">913.69dp</dimen>
    <dimen name="x778">914.87dp</dimen>
    <dimen name="x779">916.05dp</dimen>
    <dimen name="x780">917.22dp</dimen>
    <dimen name="x781">918.40dp</dimen>
    <dimen name="x782">919.57dp</dimen>
    <dimen name="x783">920.75dp</dimen>
    <dimen name="x784">921.93dp</dimen>
    <dimen name="x785">923.10dp</dimen>
    <dimen name="x786">924.28dp</dimen>
    <dimen name="x787">925.45dp</dimen>
    <dimen name="x788">926.63dp</dimen>
    <dimen name="x789">927.81dp</dimen>
    <dimen name="x790">928.98dp</dimen>
    <dimen name="x791">930.16dp</dimen>
    <dimen name="x792">931.33dp</dimen>
    <dimen name="x793">932.51dp</dimen>
    <dimen name="x794">933.69dp</dimen>
    <dimen name="x795">934.86dp</dimen>
    <dimen name="x796">936.04dp</dimen>
    <dimen name="x797">937.21dp</dimen>
    <dimen name="x798">938.39dp</dimen>
    <dimen name="x799">939.56dp</dimen>
    <dimen name="x800">940.74dp</dimen>
    <dimen name="x801">941.92dp</dimen>
    <dimen name="x802">943.09dp</dimen>
    <dimen name="x803">944.27dp</dimen>
    <dimen name="x804">945.44dp</dimen>
    <dimen name="x805">946.62dp</dimen>
    <dimen name="x806">947.80dp</dimen>
    <dimen name="x807">948.97dp</dimen>
    <dimen name="x808">950.15dp</dimen>
    <dimen name="x809">951.32dp</dimen>
    <dimen name="x810">952.50dp</dimen>
    <dimen name="x811">953.68dp</dimen>
    <dimen name="x812">954.85dp</dimen>
    <dimen name="x813">956.03dp</dimen>
    <dimen name="x814">957.20dp</dimen>
    <dimen name="x815">958.38dp</dimen>
    <dimen name="x816">959.56dp</dimen>
    <dimen name="x817">960.73dp</dimen>
    <dimen name="x818">961.91dp</dimen>
    <dimen name="x819">963.08dp</dimen>
    <dimen name="x820">964.26dp</dimen>
    <dimen name="x821">965.44dp</dimen>
    <dimen name="x822">966.61dp</dimen>
    <dimen name="x823">967.79dp</dimen>
    <dimen name="x824">968.96dp</dimen>
    <dimen name="x825">970.14dp</dimen>
    <dimen name="x826">971.31dp</dimen>
    <dimen name="x827">972.49dp</dimen>
    <dimen name="x828">973.67dp</dimen>
    <dimen name="x829">974.84dp</dimen>
    <dimen name="x830">976.02dp</dimen>
    <dimen name="x831">977.19dp</dimen>
    <dimen name="x832">978.37dp</dimen>
    <dimen name="x833">979.55dp</dimen>
    <dimen name="x834">980.72dp</dimen>
    <dimen name="x835">981.90dp</dimen>
    <dimen name="x836">983.07dp</dimen>
    <dimen name="x837">984.25dp</dimen>
    <dimen name="x838">985.43dp</dimen>
    <dimen name="x839">986.60dp</dimen>
    <dimen name="x840">987.78dp</dimen>
    <dimen name="x841">988.95dp</dimen>
    <dimen name="x842">990.13dp</dimen>
    <dimen name="x843">991.31dp</dimen>
    <dimen name="x844">992.48dp</dimen>
    <dimen name="x845">993.66dp</dimen>
    <dimen name="x846">994.83dp</dimen>
    <dimen name="x847">996.01dp</dimen>
    <dimen name="x848">997.19dp</dimen>
    <dimen name="x849">998.36dp</dimen>
    <dimen name="x850">999.54dp</dimen>
    <dimen name="x851">1000.71dp</dimen>
    <dimen name="x852">1001.89dp</dimen>
    <dimen name="x853">1003.06dp</dimen>
    <dimen name="x854">1004.24dp</dimen>
    <dimen name="x855">1005.42dp</dimen>
    <dimen name="x856">1006.59dp</dimen>
    <dimen name="x857">1007.77dp</dimen>
    <dimen name="x858">1008.94dp</dimen>
    <dimen name="x859">1010.12dp</dimen>
    <dimen name="x860">1011.30dp</dimen>
    <dimen name="x861">1012.47dp</dimen>
    <dimen name="x862">1013.65dp</dimen>
    <dimen name="x863">1014.82dp</dimen>
    <dimen name="x864">1016.00dp</dimen>
    <dimen name="x865">1017.18dp</dimen>
    <dimen name="x866">1018.35dp</dimen>
    <dimen name="x867">1019.53dp</dimen>
    <dimen name="x868">1020.70dp</dimen>
    <dimen name="x869">1021.88dp</dimen>
    <dimen name="x870">1023.06dp</dimen>
    <dimen name="x871">1024.23dp</dimen>
    <dimen name="x872">1025.41dp</dimen>
    <dimen name="x873">1026.58dp</dimen>
    <dimen name="x874">1027.76dp</dimen>
    <dimen name="x875">1028.94dp</dimen>
    <dimen name="x876">1030.11dp</dimen>
    <dimen name="x877">1031.29dp</dimen>
    <dimen name="x878">1032.46dp</dimen>
    <dimen name="x879">1033.64dp</dimen>
    <dimen name="x880">1034.81dp</dimen>
    <dimen name="x881">1035.99dp</dimen>
    <dimen name="x882">1037.17dp</dimen>
    <dimen name="x883">1038.34dp</dimen>
    <dimen name="x884">1039.52dp</dimen>
    <dimen name="x885">1040.69dp</dimen>
    <dimen name="x886">1041.87dp</dimen>
    <dimen name="x887">1043.05dp</dimen>
    <dimen name="x888">1044.22dp</dimen>
    <dimen name="x889">1045.40dp</dimen>
    <dimen name="x890">1046.57dp</dimen>
    <dimen name="x891">1047.75dp</dimen>
    <dimen name="x892">1048.93dp</dimen>
    <dimen name="x893">1050.10dp</dimen>
    <dimen name="x894">1051.28dp</dimen>
    <dimen name="x895">1052.45dp</dimen>
    <dimen name="x896">1053.63dp</dimen>
    <dimen name="x897">1054.81dp</dimen>
    <dimen name="x898">1055.98dp</dimen>
    <dimen name="x899">1057.16dp</dimen>
    <dimen name="x900">1058.33dp</dimen>
    <dimen name="x901">1059.51dp</dimen>
    <dimen name="x902">1060.69dp</dimen>
    <dimen name="x903">1061.86dp</dimen>
    <dimen name="x904">1063.04dp</dimen>
    <dimen name="x905">1064.21dp</dimen>
    <dimen name="x906">1065.39dp</dimen>
    <dimen name="x907">1066.56dp</dimen>
    <dimen name="x908">1067.74dp</dimen>
    <dimen name="x909">1068.92dp</dimen>
    <dimen name="x910">1070.09dp</dimen>
    <dimen name="x911">1071.27dp</dimen>
    <dimen name="x912">1072.44dp</dimen>
    <dimen name="x913">1073.62dp</dimen>
    <dimen name="x914">1074.80dp</dimen>
    <dimen name="x915">1075.97dp</dimen>
    <dimen name="x916">1077.15dp</dimen>
    <dimen name="x917">1078.32dp</dimen>
    <dimen name="x918">1079.50dp</dimen>
    <dimen name="x919">1080.68dp</dimen>
    <dimen name="x920">1081.85dp</dimen>
    <dimen name="x921">1083.03dp</dimen>
    <dimen name="x922">1084.20dp</dimen>
    <dimen name="x923">1085.38dp</dimen>
    <dimen name="x924">1086.56dp</dimen>
    <dimen name="x925">1087.73dp</dimen>
    <dimen name="x926">1088.91dp</dimen>
    <dimen name="x927">1090.08dp</dimen>
    <dimen name="x928">1091.26dp</dimen>
    <dimen name="x929">1092.44dp</dimen>
    <dimen name="x930">1093.61dp</dimen>
    <dimen name="x931">1094.79dp</dimen>
    <dimen name="x932">1095.96dp</dimen>
    <dimen name="x933">1097.14dp</dimen>
    <dimen name="x934">1098.31dp</dimen>
    <dimen name="x935">1099.49dp</dimen>
    <dimen name="x936">1100.67dp</dimen>
    <dimen name="x937">1101.84dp</dimen>
    <dimen name="x938">1103.02dp</dimen>
    <dimen name="x939">1104.19dp</dimen>
    <dimen name="x940">1105.37dp</dimen>
    <dimen name="x941">1106.55dp</dimen>
    <dimen name="x942">1107.72dp</dimen>
    <dimen name="x943">1108.90dp</dimen>
    <dimen name="x944">1110.07dp</dimen>
    <dimen name="x945">1111.25dp</dimen>
    <dimen name="x946">1112.43dp</dimen>
    <dimen name="x947">1113.60dp</dimen>
    <dimen name="x948">1114.78dp</dimen>
    <dimen name="x949">1115.95dp</dimen>
    <dimen name="x950">1117.13dp</dimen>
    <dimen name="x951">1118.31dp</dimen>
    <dimen name="x952">1119.48dp</dimen>
    <dimen name="x953">1120.66dp</dimen>
    <dimen name="x954">1121.83dp</dimen>
    <dimen name="x955">1123.01dp</dimen>
    <dimen name="x956">1124.19dp</dimen>
    <dimen name="x957">1125.36dp</dimen>
    <dimen name="x958">1126.54dp</dimen>
    <dimen name="x959">1127.71dp</dimen>
    <dimen name="x960">1128.89dp</dimen>
    <dimen name="x961">1130.06dp</dimen>
    <dimen name="x962">1131.24dp</dimen>
    <dimen name="x963">1132.42dp</dimen>
    <dimen name="x964">1133.59dp</dimen>
    <dimen name="x965">1134.77dp</dimen>
    <dimen name="x966">1135.94dp</dimen>
    <dimen name="x967">1137.12dp</dimen>
    <dimen name="x968">1138.30dp</dimen>
    <dimen name="x969">1139.47dp</dimen>
    <dimen name="x970">1140.65dp</dimen>
    <dimen name="x971">1141.82dp</dimen>
    <dimen name="x972">1143.00dp</dimen>
    <dimen name="x973">1144.18dp</dimen>
    <dimen name="x974">1145.35dp</dimen>
    <dimen name="x975">1146.53dp</dimen>
    <dimen name="x976">1147.70dp</dimen>
    <dimen name="x977">1148.88dp</dimen>
    <dimen name="x978">1150.06dp</dimen>
    <dimen name="x979">1151.23dp</dimen>
    <dimen name="x980">1152.41dp</dimen>
    <dimen name="x981">1153.58dp</dimen>
    <dimen name="x982">1154.76dp</dimen>
    <dimen name="x983">1155.94dp</dimen>
    <dimen name="x984">1157.11dp</dimen>
    <dimen name="x985">1158.29dp</dimen>
    <dimen name="x986">1159.46dp</dimen>
    <dimen name="x987">1160.64dp</dimen>
    <dimen name="x988">1161.81dp</dimen>
    <dimen name="x989">1162.99dp</dimen>
    <dimen name="x990">1164.17dp</dimen>
    <dimen name="x991">1165.34dp</dimen>
    <dimen name="x992">1166.52dp</dimen>
    <dimen name="x993">1167.69dp</dimen>
    <dimen name="x994">1168.87dp</dimen>
    <dimen name="x995">1170.05dp</dimen>
    <dimen name="x996">1171.22dp</dimen>
    <dimen name="x997">1172.40dp</dimen>
    <dimen name="x998">1173.57dp</dimen>
    <dimen name="x999">1174.75dp</dimen>
    <dimen name="x1000">1175.93dp</dimen>
    <dimen name="x1001">1177.10dp</dimen>
    <dimen name="x1002">1178.28dp</dimen>
    <dimen name="x1003">1179.45dp</dimen>
    <dimen name="x1004">1180.63dp</dimen>
    <dimen name="x1005">1181.81dp</dimen>
    <dimen name="x1006">1182.98dp</dimen>
    <dimen name="x1007">1184.16dp</dimen>
    <dimen name="x1008">1185.33dp</dimen>
    <dimen name="x1009">1186.51dp</dimen>
    <dimen name="x1010">1187.69dp</dimen>
    <dimen name="x1011">1188.86dp</dimen>
    <dimen name="x1012">1190.04dp</dimen>
    <dimen name="x1013">1191.21dp</dimen>
    <dimen name="x1014">1192.39dp</dimen>
    <dimen name="x1015">1193.56dp</dimen>
    <dimen name="x1016">1194.74dp</dimen>
    <dimen name="x1017">1195.92dp</dimen>
    <dimen name="x1018">1197.09dp</dimen>
    <dimen name="x1019">1198.27dp</dimen>
    <dimen name="x1020">1199.44dp</dimen>
    <dimen name="x1021">1200.62dp</dimen>
    <dimen name="x1022">1201.80dp</dimen>
    <dimen name="x1023">1202.97dp</dimen>
    <dimen name="x1024">1204.15dp</dimen>
    <dimen name="x1025">1205.32dp</dimen>
    <dimen name="x1026">1206.50dp</dimen>
    <dimen name="x1027">1207.68dp</dimen>
    <dimen name="x1028">1208.85dp</dimen>
    <dimen name="x1029">1210.03dp</dimen>
    <dimen name="x1030">1211.20dp</dimen>
    <dimen name="x1031">1212.38dp</dimen>
    <dimen name="x1032">1213.56dp</dimen>
    <dimen name="x1033">1214.73dp</dimen>
    <dimen name="x1034">1215.91dp</dimen>
    <dimen name="x1035">1217.08dp</dimen>
    <dimen name="x1036">1218.26dp</dimen>
    <dimen name="x1037">1219.44dp</dimen>
    <dimen name="x1038">1220.61dp</dimen>
    <dimen name="x1039">1221.79dp</dimen>
    <dimen name="x1040">1222.96dp</dimen>
    <dimen name="x1041">1224.14dp</dimen>
    <dimen name="x1042">1225.31dp</dimen>
    <dimen name="x1043">1226.49dp</dimen>
    <dimen name="x1044">1227.67dp</dimen>
    <dimen name="x1045">1228.84dp</dimen>
    <dimen name="x1046">1230.02dp</dimen>
    <dimen name="x1047">1231.19dp</dimen>
    <dimen name="x1048">1232.37dp</dimen>
    <dimen name="x1049">1233.55dp</dimen>
    <dimen name="x1050">1234.72dp</dimen>
    <dimen name="x1051">1235.90dp</dimen>
    <dimen name="x1052">1237.07dp</dimen>
    <dimen name="x1053">1238.25dp</dimen>
    <dimen name="x1054">1239.43dp</dimen>
    <dimen name="x1055">1240.60dp</dimen>
    <dimen name="x1056">1241.78dp</dimen>
    <dimen name="x1057">1242.95dp</dimen>
    <dimen name="x1058">1244.13dp</dimen>
    <dimen name="x1059">1245.31dp</dimen>
    <dimen name="x1060">1246.48dp</dimen>
    <dimen name="x1061">1247.66dp</dimen>
    <dimen name="x1062">1248.83dp</dimen>
    <dimen name="x1063">1250.01dp</dimen>
    <dimen name="x1064">1251.19dp</dimen>
    <dimen name="x1065">1252.36dp</dimen>
    <dimen name="x1066">1253.54dp</dimen>
    <dimen name="x1067">1254.71dp</dimen>
    <dimen name="x1068">1255.89dp</dimen>
    <dimen name="x1069">1257.06dp</dimen>
    <dimen name="x1070">1258.24dp</dimen>
    <dimen name="x1071">1259.42dp</dimen>
    <dimen name="x1072">1260.59dp</dimen>
    <dimen name="x1073">1261.77dp</dimen>
    <dimen name="x1074">1262.94dp</dimen>
    <dimen name="x1075">1264.12dp</dimen>
    <dimen name="x1076">1265.30dp</dimen>
    <dimen name="x1077">1266.47dp</dimen>
    <dimen name="x1078">1267.65dp</dimen>
    <dimen name="x1079">1268.82dp</dimen>
    <dimen name="x1080">1270.00dp</dimen>
</resources>