<?xml version="1.0" encoding="utf-8"?>
<resources>
    <string name="sw_dp">1570dp</string>
    <dimen name="x1">1.45dp</dimen>
    <dimen name="x2">2.91dp</dimen>
    <dimen name="x3">4.36dp</dimen>
    <dimen name="x4">5.81dp</dimen>
    <dimen name="x5">7.27dp</dimen>
    <dimen name="x6">8.72dp</dimen>
    <dimen name="x7">10.18dp</dimen>
    <dimen name="x8">11.63dp</dimen>
    <dimen name="x9">13.08dp</dimen>
    <dimen name="x10">14.54dp</dimen>
    <dimen name="x11">15.99dp</dimen>
    <dimen name="x12">17.44dp</dimen>
    <dimen name="x13">18.90dp</dimen>
    <dimen name="x14">20.35dp</dimen>
    <dimen name="x15">21.81dp</dimen>
    <dimen name="x16">23.26dp</dimen>
    <dimen name="x17">24.71dp</dimen>
    <dimen name="x18">26.17dp</dimen>
    <dimen name="x19">27.62dp</dimen>
    <dimen name="x20">29.07dp</dimen>
    <dimen name="x21">30.53dp</dimen>
    <dimen name="x22">31.98dp</dimen>
    <dimen name="x23">33.44dp</dimen>
    <dimen name="x24">34.89dp</dimen>
    <dimen name="x25">36.34dp</dimen>
    <dimen name="x26">37.80dp</dimen>
    <dimen name="x27">39.25dp</dimen>
    <dimen name="x28">40.70dp</dimen>
    <dimen name="x29">42.16dp</dimen>
    <dimen name="x30">43.61dp</dimen>
    <dimen name="x31">45.06dp</dimen>
    <dimen name="x32">46.52dp</dimen>
    <dimen name="x33">47.97dp</dimen>
    <dimen name="x34">49.43dp</dimen>
    <dimen name="x35">50.88dp</dimen>
    <dimen name="x36">52.33dp</dimen>
    <dimen name="x37">53.79dp</dimen>
    <dimen name="x38">55.24dp</dimen>
    <dimen name="x39">56.69dp</dimen>
    <dimen name="x40">58.15dp</dimen>
    <dimen name="x41">59.60dp</dimen>
    <dimen name="x42">61.06dp</dimen>
    <dimen name="x43">62.51dp</dimen>
    <dimen name="x44">63.96dp</dimen>
    <dimen name="x45">65.42dp</dimen>
    <dimen name="x46">66.87dp</dimen>
    <dimen name="x47">68.32dp</dimen>
    <dimen name="x48">69.78dp</dimen>
    <dimen name="x49">71.23dp</dimen>
    <dimen name="x50">72.69dp</dimen>
    <dimen name="x51">74.14dp</dimen>
    <dimen name="x52">75.59dp</dimen>
    <dimen name="x53">77.05dp</dimen>
    <dimen name="x54">78.50dp</dimen>
    <dimen name="x55">79.95dp</dimen>
    <dimen name="x56">81.41dp</dimen>
    <dimen name="x57">82.86dp</dimen>
    <dimen name="x58">84.31dp</dimen>
    <dimen name="x59">85.77dp</dimen>
    <dimen name="x60">87.22dp</dimen>
    <dimen name="x61">88.68dp</dimen>
    <dimen name="x62">90.13dp</dimen>
    <dimen name="x63">91.58dp</dimen>
    <dimen name="x64">93.04dp</dimen>
    <dimen name="x65">94.49dp</dimen>
    <dimen name="x66">95.94dp</dimen>
    <dimen name="x67">97.40dp</dimen>
    <dimen name="x68">98.85dp</dimen>
    <dimen name="x69">100.31dp</dimen>
    <dimen name="x70">101.76dp</dimen>
    <dimen name="x71">103.21dp</dimen>
    <dimen name="x72">104.67dp</dimen>
    <dimen name="x73">106.12dp</dimen>
    <dimen name="x74">107.57dp</dimen>
    <dimen name="x75">109.03dp</dimen>
    <dimen name="x76">110.48dp</dimen>
    <dimen name="x77">111.94dp</dimen>
    <dimen name="x78">113.39dp</dimen>
    <dimen name="x79">114.84dp</dimen>
    <dimen name="x80">116.30dp</dimen>
    <dimen name="x81">117.75dp</dimen>
    <dimen name="x82">119.20dp</dimen>
    <dimen name="x83">120.66dp</dimen>
    <dimen name="x84">122.11dp</dimen>
    <dimen name="x85">123.56dp</dimen>
    <dimen name="x86">125.02dp</dimen>
    <dimen name="x87">126.47dp</dimen>
    <dimen name="x88">127.93dp</dimen>
    <dimen name="x89">129.38dp</dimen>
    <dimen name="x90">130.83dp</dimen>
    <dimen name="x91">132.29dp</dimen>
    <dimen name="x92">133.74dp</dimen>
    <dimen name="x93">135.19dp</dimen>
    <dimen name="x94">136.65dp</dimen>
    <dimen name="x95">138.10dp</dimen>
    <dimen name="x96">139.56dp</dimen>
    <dimen name="x97">141.01dp</dimen>
    <dimen name="x98">142.46dp</dimen>
    <dimen name="x99">143.92dp</dimen>
    <dimen name="x100">145.37dp</dimen>
    <dimen name="x101">146.82dp</dimen>
    <dimen name="x102">148.28dp</dimen>
    <dimen name="x103">149.73dp</dimen>
    <dimen name="x104">151.19dp</dimen>
    <dimen name="x105">152.64dp</dimen>
    <dimen name="x106">154.09dp</dimen>
    <dimen name="x107">155.55dp</dimen>
    <dimen name="x108">157.00dp</dimen>
    <dimen name="x109">158.45dp</dimen>
    <dimen name="x110">159.91dp</dimen>
    <dimen name="x111">161.36dp</dimen>
    <dimen name="x112">162.81dp</dimen>
    <dimen name="x113">164.27dp</dimen>
    <dimen name="x114">165.72dp</dimen>
    <dimen name="x115">167.18dp</dimen>
    <dimen name="x116">168.63dp</dimen>
    <dimen name="x117">170.08dp</dimen>
    <dimen name="x118">171.54dp</dimen>
    <dimen name="x119">172.99dp</dimen>
    <dimen name="x120">174.44dp</dimen>
    <dimen name="x121">175.90dp</dimen>
    <dimen name="x122">177.35dp</dimen>
    <dimen name="x123">178.81dp</dimen>
    <dimen name="x124">180.26dp</dimen>
    <dimen name="x125">181.71dp</dimen>
    <dimen name="x126">183.17dp</dimen>
    <dimen name="x127">184.62dp</dimen>
    <dimen name="x128">186.07dp</dimen>
    <dimen name="x129">187.53dp</dimen>
    <dimen name="x130">188.98dp</dimen>
    <dimen name="x131">190.44dp</dimen>
    <dimen name="x132">191.89dp</dimen>
    <dimen name="x133">193.34dp</dimen>
    <dimen name="x134">194.80dp</dimen>
    <dimen name="x135">196.25dp</dimen>
    <dimen name="x136">197.70dp</dimen>
    <dimen name="x137">199.16dp</dimen>
    <dimen name="x138">200.61dp</dimen>
    <dimen name="x139">202.06dp</dimen>
    <dimen name="x140">203.52dp</dimen>
    <dimen name="x141">204.97dp</dimen>
    <dimen name="x142">206.43dp</dimen>
    <dimen name="x143">207.88dp</dimen>
    <dimen name="x144">209.33dp</dimen>
    <dimen name="x145">210.79dp</dimen>
    <dimen name="x146">212.24dp</dimen>
    <dimen name="x147">213.69dp</dimen>
    <dimen name="x148">215.15dp</dimen>
    <dimen name="x149">216.60dp</dimen>
    <dimen name="x150">218.06dp</dimen>
    <dimen name="x151">219.51dp</dimen>
    <dimen name="x152">220.96dp</dimen>
    <dimen name="x153">222.42dp</dimen>
    <dimen name="x154">223.87dp</dimen>
    <dimen name="x155">225.32dp</dimen>
    <dimen name="x156">226.78dp</dimen>
    <dimen name="x157">228.23dp</dimen>
    <dimen name="x158">229.69dp</dimen>
    <dimen name="x159">231.14dp</dimen>
    <dimen name="x160">232.59dp</dimen>
    <dimen name="x161">234.05dp</dimen>
    <dimen name="x162">235.50dp</dimen>
    <dimen name="x163">236.95dp</dimen>
    <dimen name="x164">238.41dp</dimen>
    <dimen name="x165">239.86dp</dimen>
    <dimen name="x166">241.31dp</dimen>
    <dimen name="x167">242.77dp</dimen>
    <dimen name="x168">244.22dp</dimen>
    <dimen name="x169">245.68dp</dimen>
    <dimen name="x170">247.13dp</dimen>
    <dimen name="x171">248.58dp</dimen>
    <dimen name="x172">250.04dp</dimen>
    <dimen name="x173">251.49dp</dimen>
    <dimen name="x174">252.94dp</dimen>
    <dimen name="x175">254.40dp</dimen>
    <dimen name="x176">255.85dp</dimen>
    <dimen name="x177">257.31dp</dimen>
    <dimen name="x178">258.76dp</dimen>
    <dimen name="x179">260.21dp</dimen>
    <dimen name="x180">261.67dp</dimen>
    <dimen name="x181">263.12dp</dimen>
    <dimen name="x182">264.57dp</dimen>
    <dimen name="x183">266.03dp</dimen>
    <dimen name="x184">267.48dp</dimen>
    <dimen name="x185">268.94dp</dimen>
    <dimen name="x186">270.39dp</dimen>
    <dimen name="x187">271.84dp</dimen>
    <dimen name="x188">273.30dp</dimen>
    <dimen name="x189">274.75dp</dimen>
    <dimen name="x190">276.20dp</dimen>
    <dimen name="x191">277.66dp</dimen>
    <dimen name="x192">279.11dp</dimen>
    <dimen name="x193">280.56dp</dimen>
    <dimen name="x194">282.02dp</dimen>
    <dimen name="x195">283.47dp</dimen>
    <dimen name="x196">284.93dp</dimen>
    <dimen name="x197">286.38dp</dimen>
    <dimen name="x198">287.83dp</dimen>
    <dimen name="x199">289.29dp</dimen>
    <dimen name="x200">290.74dp</dimen>
    <dimen name="x201">292.19dp</dimen>
    <dimen name="x202">293.65dp</dimen>
    <dimen name="x203">295.10dp</dimen>
    <dimen name="x204">296.56dp</dimen>
    <dimen name="x205">298.01dp</dimen>
    <dimen name="x206">299.46dp</dimen>
    <dimen name="x207">300.92dp</dimen>
    <dimen name="x208">302.37dp</dimen>
    <dimen name="x209">303.82dp</dimen>
    <dimen name="x210">305.28dp</dimen>
    <dimen name="x211">306.73dp</dimen>
    <dimen name="x212">308.19dp</dimen>
    <dimen name="x213">309.64dp</dimen>
    <dimen name="x214">311.09dp</dimen>
    <dimen name="x215">312.55dp</dimen>
    <dimen name="x216">314.00dp</dimen>
    <dimen name="x217">315.45dp</dimen>
    <dimen name="x218">316.91dp</dimen>
    <dimen name="x219">318.36dp</dimen>
    <dimen name="x220">319.81dp</dimen>
    <dimen name="x221">321.27dp</dimen>
    <dimen name="x222">322.72dp</dimen>
    <dimen name="x223">324.18dp</dimen>
    <dimen name="x224">325.63dp</dimen>
    <dimen name="x225">327.08dp</dimen>
    <dimen name="x226">328.54dp</dimen>
    <dimen name="x227">329.99dp</dimen>
    <dimen name="x228">331.44dp</dimen>
    <dimen name="x229">332.90dp</dimen>
    <dimen name="x230">334.35dp</dimen>
    <dimen name="x231">335.81dp</dimen>
    <dimen name="x232">337.26dp</dimen>
    <dimen name="x233">338.71dp</dimen>
    <dimen name="x234">340.17dp</dimen>
    <dimen name="x235">341.62dp</dimen>
    <dimen name="x236">343.07dp</dimen>
    <dimen name="x237">344.53dp</dimen>
    <dimen name="x238">345.98dp</dimen>
    <dimen name="x239">347.44dp</dimen>
    <dimen name="x240">348.89dp</dimen>
    <dimen name="x241">350.34dp</dimen>
    <dimen name="x242">351.80dp</dimen>
    <dimen name="x243">353.25dp</dimen>
    <dimen name="x244">354.70dp</dimen>
    <dimen name="x245">356.16dp</dimen>
    <dimen name="x246">357.61dp</dimen>
    <dimen name="x247">359.06dp</dimen>
    <dimen name="x248">360.52dp</dimen>
    <dimen name="x249">361.97dp</dimen>
    <dimen name="x250">363.43dp</dimen>
    <dimen name="x251">364.88dp</dimen>
    <dimen name="x252">366.33dp</dimen>
    <dimen name="x253">367.79dp</dimen>
    <dimen name="x254">369.24dp</dimen>
    <dimen name="x255">370.69dp</dimen>
    <dimen name="x256">372.15dp</dimen>
    <dimen name="x257">373.60dp</dimen>
    <dimen name="x258">375.06dp</dimen>
    <dimen name="x259">376.51dp</dimen>
    <dimen name="x260">377.96dp</dimen>
    <dimen name="x261">379.42dp</dimen>
    <dimen name="x262">380.87dp</dimen>
    <dimen name="x263">382.32dp</dimen>
    <dimen name="x264">383.78dp</dimen>
    <dimen name="x265">385.23dp</dimen>
    <dimen name="x266">386.69dp</dimen>
    <dimen name="x267">388.14dp</dimen>
    <dimen name="x268">389.59dp</dimen>
    <dimen name="x269">391.05dp</dimen>
    <dimen name="x270">392.50dp</dimen>
    <dimen name="x271">393.95dp</dimen>
    <dimen name="x272">395.41dp</dimen>
    <dimen name="x273">396.86dp</dimen>
    <dimen name="x274">398.31dp</dimen>
    <dimen name="x275">399.77dp</dimen>
    <dimen name="x276">401.22dp</dimen>
    <dimen name="x277">402.68dp</dimen>
    <dimen name="x278">404.13dp</dimen>
    <dimen name="x279">405.58dp</dimen>
    <dimen name="x280">407.04dp</dimen>
    <dimen name="x281">408.49dp</dimen>
    <dimen name="x282">409.94dp</dimen>
    <dimen name="x283">411.40dp</dimen>
    <dimen name="x284">412.85dp</dimen>
    <dimen name="x285">414.31dp</dimen>
    <dimen name="x286">415.76dp</dimen>
    <dimen name="x287">417.21dp</dimen>
    <dimen name="x288">418.67dp</dimen>
    <dimen name="x289">420.12dp</dimen>
    <dimen name="x290">421.57dp</dimen>
    <dimen name="x291">423.03dp</dimen>
    <dimen name="x292">424.48dp</dimen>
    <dimen name="x293">425.94dp</dimen>
    <dimen name="x294">427.39dp</dimen>
    <dimen name="x295">428.84dp</dimen>
    <dimen name="x296">430.30dp</dimen>
    <dimen name="x297">431.75dp</dimen>
    <dimen name="x298">433.20dp</dimen>
    <dimen name="x299">434.66dp</dimen>
    <dimen name="x300">436.11dp</dimen>
    <dimen name="x301">437.56dp</dimen>
    <dimen name="x302">439.02dp</dimen>
    <dimen name="x303">440.47dp</dimen>
    <dimen name="x304">441.93dp</dimen>
    <dimen name="x305">443.38dp</dimen>
    <dimen name="x306">444.83dp</dimen>
    <dimen name="x307">446.29dp</dimen>
    <dimen name="x308">447.74dp</dimen>
    <dimen name="x309">449.19dp</dimen>
    <dimen name="x310">450.65dp</dimen>
    <dimen name="x311">452.10dp</dimen>
    <dimen name="x312">453.56dp</dimen>
    <dimen name="x313">455.01dp</dimen>
    <dimen name="x314">456.46dp</dimen>
    <dimen name="x315">457.92dp</dimen>
    <dimen name="x316">459.37dp</dimen>
    <dimen name="x317">460.82dp</dimen>
    <dimen name="x318">462.28dp</dimen>
    <dimen name="x319">463.73dp</dimen>
    <dimen name="x320">465.19dp</dimen>
    <dimen name="x321">466.64dp</dimen>
    <dimen name="x322">468.09dp</dimen>
    <dimen name="x323">469.55dp</dimen>
    <dimen name="x324">471.00dp</dimen>
    <dimen name="x325">472.45dp</dimen>
    <dimen name="x326">473.91dp</dimen>
    <dimen name="x327">475.36dp</dimen>
    <dimen name="x328">476.81dp</dimen>
    <dimen name="x329">478.27dp</dimen>
    <dimen name="x330">479.72dp</dimen>
    <dimen name="x331">481.18dp</dimen>
    <dimen name="x332">482.63dp</dimen>
    <dimen name="x333">484.08dp</dimen>
    <dimen name="x334">485.54dp</dimen>
    <dimen name="x335">486.99dp</dimen>
    <dimen name="x336">488.44dp</dimen>
    <dimen name="x337">489.90dp</dimen>
    <dimen name="x338">491.35dp</dimen>
    <dimen name="x339">492.81dp</dimen>
    <dimen name="x340">494.26dp</dimen>
    <dimen name="x341">495.71dp</dimen>
    <dimen name="x342">497.17dp</dimen>
    <dimen name="x343">498.62dp</dimen>
    <dimen name="x344">500.07dp</dimen>
    <dimen name="x345">501.53dp</dimen>
    <dimen name="x346">502.98dp</dimen>
    <dimen name="x347">504.44dp</dimen>
    <dimen name="x348">505.89dp</dimen>
    <dimen name="x349">507.34dp</dimen>
    <dimen name="x350">508.80dp</dimen>
    <dimen name="x351">510.25dp</dimen>
    <dimen name="x352">511.70dp</dimen>
    <dimen name="x353">513.16dp</dimen>
    <dimen name="x354">514.61dp</dimen>
    <dimen name="x355">516.06dp</dimen>
    <dimen name="x356">517.52dp</dimen>
    <dimen name="x357">518.97dp</dimen>
    <dimen name="x358">520.43dp</dimen>
    <dimen name="x359">521.88dp</dimen>
    <dimen name="x360">523.33dp</dimen>
    <dimen name="x361">524.79dp</dimen>
    <dimen name="x362">526.24dp</dimen>
    <dimen name="x363">527.69dp</dimen>
    <dimen name="x364">529.15dp</dimen>
    <dimen name="x365">530.60dp</dimen>
    <dimen name="x366">532.06dp</dimen>
    <dimen name="x367">533.51dp</dimen>
    <dimen name="x368">534.96dp</dimen>
    <dimen name="x369">536.42dp</dimen>
    <dimen name="x370">537.87dp</dimen>
    <dimen name="x371">539.32dp</dimen>
    <dimen name="x372">540.78dp</dimen>
    <dimen name="x373">542.23dp</dimen>
    <dimen name="x374">543.69dp</dimen>
    <dimen name="x375">545.14dp</dimen>
    <dimen name="x376">546.59dp</dimen>
    <dimen name="x377">548.05dp</dimen>
    <dimen name="x378">549.50dp</dimen>
    <dimen name="x379">550.95dp</dimen>
    <dimen name="x380">552.41dp</dimen>
    <dimen name="x381">553.86dp</dimen>
    <dimen name="x382">555.31dp</dimen>
    <dimen name="x383">556.77dp</dimen>
    <dimen name="x384">558.22dp</dimen>
    <dimen name="x385">559.68dp</dimen>
    <dimen name="x386">561.13dp</dimen>
    <dimen name="x387">562.58dp</dimen>
    <dimen name="x388">564.04dp</dimen>
    <dimen name="x389">565.49dp</dimen>
    <dimen name="x390">566.94dp</dimen>
    <dimen name="x391">568.40dp</dimen>
    <dimen name="x392">569.85dp</dimen>
    <dimen name="x393">571.31dp</dimen>
    <dimen name="x394">572.76dp</dimen>
    <dimen name="x395">574.21dp</dimen>
    <dimen name="x396">575.67dp</dimen>
    <dimen name="x397">577.12dp</dimen>
    <dimen name="x398">578.57dp</dimen>
    <dimen name="x399">580.03dp</dimen>
    <dimen name="x400">581.48dp</dimen>
    <dimen name="x401">582.94dp</dimen>
    <dimen name="x402">584.39dp</dimen>
    <dimen name="x403">585.84dp</dimen>
    <dimen name="x404">587.30dp</dimen>
    <dimen name="x405">588.75dp</dimen>
    <dimen name="x406">590.20dp</dimen>
    <dimen name="x407">591.66dp</dimen>
    <dimen name="x408">593.11dp</dimen>
    <dimen name="x409">594.56dp</dimen>
    <dimen name="x410">596.02dp</dimen>
    <dimen name="x411">597.47dp</dimen>
    <dimen name="x412">598.93dp</dimen>
    <dimen name="x413">600.38dp</dimen>
    <dimen name="x414">601.83dp</dimen>
    <dimen name="x415">603.29dp</dimen>
    <dimen name="x416">604.74dp</dimen>
    <dimen name="x417">606.19dp</dimen>
    <dimen name="x418">607.65dp</dimen>
    <dimen name="x419">609.10dp</dimen>
    <dimen name="x420">610.56dp</dimen>
    <dimen name="x421">612.01dp</dimen>
    <dimen name="x422">613.46dp</dimen>
    <dimen name="x423">614.92dp</dimen>
    <dimen name="x424">616.37dp</dimen>
    <dimen name="x425">617.82dp</dimen>
    <dimen name="x426">619.28dp</dimen>
    <dimen name="x427">620.73dp</dimen>
    <dimen name="x428">622.19dp</dimen>
    <dimen name="x429">623.64dp</dimen>
    <dimen name="x430">625.09dp</dimen>
    <dimen name="x431">626.55dp</dimen>
    <dimen name="x432">628.00dp</dimen>
    <dimen name="x433">629.45dp</dimen>
    <dimen name="x434">630.91dp</dimen>
    <dimen name="x435">632.36dp</dimen>
    <dimen name="x436">633.81dp</dimen>
    <dimen name="x437">635.27dp</dimen>
    <dimen name="x438">636.72dp</dimen>
    <dimen name="x439">638.18dp</dimen>
    <dimen name="x440">639.63dp</dimen>
    <dimen name="x441">641.08dp</dimen>
    <dimen name="x442">642.54dp</dimen>
    <dimen name="x443">643.99dp</dimen>
    <dimen name="x444">645.44dp</dimen>
    <dimen name="x445">646.90dp</dimen>
    <dimen name="x446">648.35dp</dimen>
    <dimen name="x447">649.81dp</dimen>
    <dimen name="x448">651.26dp</dimen>
    <dimen name="x449">652.71dp</dimen>
    <dimen name="x450">654.17dp</dimen>
    <dimen name="x451">655.62dp</dimen>
    <dimen name="x452">657.07dp</dimen>
    <dimen name="x453">658.53dp</dimen>
    <dimen name="x454">659.98dp</dimen>
    <dimen name="x455">661.44dp</dimen>
    <dimen name="x456">662.89dp</dimen>
    <dimen name="x457">664.34dp</dimen>
    <dimen name="x458">665.80dp</dimen>
    <dimen name="x459">667.25dp</dimen>
    <dimen name="x460">668.70dp</dimen>
    <dimen name="x461">670.16dp</dimen>
    <dimen name="x462">671.61dp</dimen>
    <dimen name="x463">673.06dp</dimen>
    <dimen name="x464">674.52dp</dimen>
    <dimen name="x465">675.97dp</dimen>
    <dimen name="x466">677.43dp</dimen>
    <dimen name="x467">678.88dp</dimen>
    <dimen name="x468">680.33dp</dimen>
    <dimen name="x469">681.79dp</dimen>
    <dimen name="x470">683.24dp</dimen>
    <dimen name="x471">684.69dp</dimen>
    <dimen name="x472">686.15dp</dimen>
    <dimen name="x473">687.60dp</dimen>
    <dimen name="x474">689.06dp</dimen>
    <dimen name="x475">690.51dp</dimen>
    <dimen name="x476">691.96dp</dimen>
    <dimen name="x477">693.42dp</dimen>
    <dimen name="x478">694.87dp</dimen>
    <dimen name="x479">696.32dp</dimen>
    <dimen name="x480">697.78dp</dimen>
    <dimen name="x481">699.23dp</dimen>
    <dimen name="x482">700.69dp</dimen>
    <dimen name="x483">702.14dp</dimen>
    <dimen name="x484">703.59dp</dimen>
    <dimen name="x485">705.05dp</dimen>
    <dimen name="x486">706.50dp</dimen>
    <dimen name="x487">707.95dp</dimen>
    <dimen name="x488">709.41dp</dimen>
    <dimen name="x489">710.86dp</dimen>
    <dimen name="x490">712.31dp</dimen>
    <dimen name="x491">713.77dp</dimen>
    <dimen name="x492">715.22dp</dimen>
    <dimen name="x493">716.68dp</dimen>
    <dimen name="x494">718.13dp</dimen>
    <dimen name="x495">719.58dp</dimen>
    <dimen name="x496">721.04dp</dimen>
    <dimen name="x497">722.49dp</dimen>
    <dimen name="x498">723.94dp</dimen>
    <dimen name="x499">725.40dp</dimen>
    <dimen name="x500">726.85dp</dimen>
    <dimen name="x501">728.31dp</dimen>
    <dimen name="x502">729.76dp</dimen>
    <dimen name="x503">731.21dp</dimen>
    <dimen name="x504">732.67dp</dimen>
    <dimen name="x505">734.12dp</dimen>
    <dimen name="x506">735.57dp</dimen>
    <dimen name="x507">737.03dp</dimen>
    <dimen name="x508">738.48dp</dimen>
    <dimen name="x509">739.94dp</dimen>
    <dimen name="x510">741.39dp</dimen>
    <dimen name="x511">742.84dp</dimen>
    <dimen name="x512">744.30dp</dimen>
    <dimen name="x513">745.75dp</dimen>
    <dimen name="x514">747.20dp</dimen>
    <dimen name="x515">748.66dp</dimen>
    <dimen name="x516">750.11dp</dimen>
    <dimen name="x517">751.56dp</dimen>
    <dimen name="x518">753.02dp</dimen>
    <dimen name="x519">754.47dp</dimen>
    <dimen name="x520">755.93dp</dimen>
    <dimen name="x521">757.38dp</dimen>
    <dimen name="x522">758.83dp</dimen>
    <dimen name="x523">760.29dp</dimen>
    <dimen name="x524">761.74dp</dimen>
    <dimen name="x525">763.19dp</dimen>
    <dimen name="x526">764.65dp</dimen>
    <dimen name="x527">766.10dp</dimen>
    <dimen name="x528">767.56dp</dimen>
    <dimen name="x529">769.01dp</dimen>
    <dimen name="x530">770.46dp</dimen>
    <dimen name="x531">771.92dp</dimen>
    <dimen name="x532">773.37dp</dimen>
    <dimen name="x533">774.82dp</dimen>
    <dimen name="x534">776.28dp</dimen>
    <dimen name="x535">777.73dp</dimen>
    <dimen name="x536">779.19dp</dimen>
    <dimen name="x537">780.64dp</dimen>
    <dimen name="x538">782.09dp</dimen>
    <dimen name="x539">783.55dp</dimen>
    <dimen name="x540">785.00dp</dimen>
    <dimen name="x541">786.45dp</dimen>
    <dimen name="x542">787.91dp</dimen>
    <dimen name="x543">789.36dp</dimen>
    <dimen name="x544">790.81dp</dimen>
    <dimen name="x545">792.27dp</dimen>
    <dimen name="x546">793.72dp</dimen>
    <dimen name="x547">795.18dp</dimen>
    <dimen name="x548">796.63dp</dimen>
    <dimen name="x549">798.08dp</dimen>
    <dimen name="x550">799.54dp</dimen>
    <dimen name="x551">800.99dp</dimen>
    <dimen name="x552">802.44dp</dimen>
    <dimen name="x553">803.90dp</dimen>
    <dimen name="x554">805.35dp</dimen>
    <dimen name="x555">806.81dp</dimen>
    <dimen name="x556">808.26dp</dimen>
    <dimen name="x557">809.71dp</dimen>
    <dimen name="x558">811.17dp</dimen>
    <dimen name="x559">812.62dp</dimen>
    <dimen name="x560">814.07dp</dimen>
    <dimen name="x561">815.53dp</dimen>
    <dimen name="x562">816.98dp</dimen>
    <dimen name="x563">818.44dp</dimen>
    <dimen name="x564">819.89dp</dimen>
    <dimen name="x565">821.34dp</dimen>
    <dimen name="x566">822.80dp</dimen>
    <dimen name="x567">824.25dp</dimen>
    <dimen name="x568">825.70dp</dimen>
    <dimen name="x569">827.16dp</dimen>
    <dimen name="x570">828.61dp</dimen>
    <dimen name="x571">830.06dp</dimen>
    <dimen name="x572">831.52dp</dimen>
    <dimen name="x573">832.97dp</dimen>
    <dimen name="x574">834.43dp</dimen>
    <dimen name="x575">835.88dp</dimen>
    <dimen name="x576">837.33dp</dimen>
    <dimen name="x577">838.79dp</dimen>
    <dimen name="x578">840.24dp</dimen>
    <dimen name="x579">841.69dp</dimen>
    <dimen name="x580">843.15dp</dimen>
    <dimen name="x581">844.60dp</dimen>
    <dimen name="x582">846.06dp</dimen>
    <dimen name="x583">847.51dp</dimen>
    <dimen name="x584">848.96dp</dimen>
    <dimen name="x585">850.42dp</dimen>
    <dimen name="x586">851.87dp</dimen>
    <dimen name="x587">853.32dp</dimen>
    <dimen name="x588">854.78dp</dimen>
    <dimen name="x589">856.23dp</dimen>
    <dimen name="x590">857.69dp</dimen>
    <dimen name="x591">859.14dp</dimen>
    <dimen name="x592">860.59dp</dimen>
    <dimen name="x593">862.05dp</dimen>
    <dimen name="x594">863.50dp</dimen>
    <dimen name="x595">864.95dp</dimen>
    <dimen name="x596">866.41dp</dimen>
    <dimen name="x597">867.86dp</dimen>
    <dimen name="x598">869.31dp</dimen>
    <dimen name="x599">870.77dp</dimen>
    <dimen name="x600">872.22dp</dimen>
    <dimen name="x601">873.68dp</dimen>
    <dimen name="x602">875.13dp</dimen>
    <dimen name="x603">876.58dp</dimen>
    <dimen name="x604">878.04dp</dimen>
    <dimen name="x605">879.49dp</dimen>
    <dimen name="x606">880.94dp</dimen>
    <dimen name="x607">882.40dp</dimen>
    <dimen name="x608">883.85dp</dimen>
    <dimen name="x609">885.31dp</dimen>
    <dimen name="x610">886.76dp</dimen>
    <dimen name="x611">888.21dp</dimen>
    <dimen name="x612">889.67dp</dimen>
    <dimen name="x613">891.12dp</dimen>
    <dimen name="x614">892.57dp</dimen>
    <dimen name="x615">894.03dp</dimen>
    <dimen name="x616">895.48dp</dimen>
    <dimen name="x617">896.94dp</dimen>
    <dimen name="x618">898.39dp</dimen>
    <dimen name="x619">899.84dp</dimen>
    <dimen name="x620">901.30dp</dimen>
    <dimen name="x621">902.75dp</dimen>
    <dimen name="x622">904.20dp</dimen>
    <dimen name="x623">905.66dp</dimen>
    <dimen name="x624">907.11dp</dimen>
    <dimen name="x625">908.56dp</dimen>
    <dimen name="x626">910.02dp</dimen>
    <dimen name="x627">911.47dp</dimen>
    <dimen name="x628">912.93dp</dimen>
    <dimen name="x629">914.38dp</dimen>
    <dimen name="x630">915.83dp</dimen>
    <dimen name="x631">917.29dp</dimen>
    <dimen name="x632">918.74dp</dimen>
    <dimen name="x633">920.19dp</dimen>
    <dimen name="x634">921.65dp</dimen>
    <dimen name="x635">923.10dp</dimen>
    <dimen name="x636">924.56dp</dimen>
    <dimen name="x637">926.01dp</dimen>
    <dimen name="x638">927.46dp</dimen>
    <dimen name="x639">928.92dp</dimen>
    <dimen name="x640">930.37dp</dimen>
    <dimen name="x641">931.82dp</dimen>
    <dimen name="x642">933.28dp</dimen>
    <dimen name="x643">934.73dp</dimen>
    <dimen name="x644">936.19dp</dimen>
    <dimen name="x645">937.64dp</dimen>
    <dimen name="x646">939.09dp</dimen>
    <dimen name="x647">940.55dp</dimen>
    <dimen name="x648">942.00dp</dimen>
    <dimen name="x649">943.45dp</dimen>
    <dimen name="x650">944.91dp</dimen>
    <dimen name="x651">946.36dp</dimen>
    <dimen name="x652">947.81dp</dimen>
    <dimen name="x653">949.27dp</dimen>
    <dimen name="x654">950.72dp</dimen>
    <dimen name="x655">952.18dp</dimen>
    <dimen name="x656">953.63dp</dimen>
    <dimen name="x657">955.08dp</dimen>
    <dimen name="x658">956.54dp</dimen>
    <dimen name="x659">957.99dp</dimen>
    <dimen name="x660">959.44dp</dimen>
    <dimen name="x661">960.90dp</dimen>
    <dimen name="x662">962.35dp</dimen>
    <dimen name="x663">963.81dp</dimen>
    <dimen name="x664">965.26dp</dimen>
    <dimen name="x665">966.71dp</dimen>
    <dimen name="x666">968.17dp</dimen>
    <dimen name="x667">969.62dp</dimen>
    <dimen name="x668">971.07dp</dimen>
    <dimen name="x669">972.53dp</dimen>
    <dimen name="x670">973.98dp</dimen>
    <dimen name="x671">975.44dp</dimen>
    <dimen name="x672">976.89dp</dimen>
    <dimen name="x673">978.34dp</dimen>
    <dimen name="x674">979.80dp</dimen>
    <dimen name="x675">981.25dp</dimen>
    <dimen name="x676">982.70dp</dimen>
    <dimen name="x677">984.16dp</dimen>
    <dimen name="x678">985.61dp</dimen>
    <dimen name="x679">987.06dp</dimen>
    <dimen name="x680">988.52dp</dimen>
    <dimen name="x681">989.97dp</dimen>
    <dimen name="x682">991.43dp</dimen>
    <dimen name="x683">992.88dp</dimen>
    <dimen name="x684">994.33dp</dimen>
    <dimen name="x685">995.79dp</dimen>
    <dimen name="x686">997.24dp</dimen>
    <dimen name="x687">998.69dp</dimen>
    <dimen name="x688">1000.15dp</dimen>
    <dimen name="x689">1001.60dp</dimen>
    <dimen name="x690">1003.06dp</dimen>
    <dimen name="x691">1004.51dp</dimen>
    <dimen name="x692">1005.96dp</dimen>
    <dimen name="x693">1007.42dp</dimen>
    <dimen name="x694">1008.87dp</dimen>
    <dimen name="x695">1010.32dp</dimen>
    <dimen name="x696">1011.78dp</dimen>
    <dimen name="x697">1013.23dp</dimen>
    <dimen name="x698">1014.69dp</dimen>
    <dimen name="x699">1016.14dp</dimen>
    <dimen name="x700">1017.59dp</dimen>
    <dimen name="x701">1019.05dp</dimen>
    <dimen name="x702">1020.50dp</dimen>
    <dimen name="x703">1021.95dp</dimen>
    <dimen name="x704">1023.41dp</dimen>
    <dimen name="x705">1024.86dp</dimen>
    <dimen name="x706">1026.31dp</dimen>
    <dimen name="x707">1027.77dp</dimen>
    <dimen name="x708">1029.22dp</dimen>
    <dimen name="x709">1030.68dp</dimen>
    <dimen name="x710">1032.13dp</dimen>
    <dimen name="x711">1033.58dp</dimen>
    <dimen name="x712">1035.04dp</dimen>
    <dimen name="x713">1036.49dp</dimen>
    <dimen name="x714">1037.94dp</dimen>
    <dimen name="x715">1039.40dp</dimen>
    <dimen name="x716">1040.85dp</dimen>
    <dimen name="x717">1042.31dp</dimen>
    <dimen name="x718">1043.76dp</dimen>
    <dimen name="x719">1045.21dp</dimen>
    <dimen name="x720">1046.67dp</dimen>
    <dimen name="x721">1048.12dp</dimen>
    <dimen name="x722">1049.57dp</dimen>
    <dimen name="x723">1051.03dp</dimen>
    <dimen name="x724">1052.48dp</dimen>
    <dimen name="x725">1053.94dp</dimen>
    <dimen name="x726">1055.39dp</dimen>
    <dimen name="x727">1056.84dp</dimen>
    <dimen name="x728">1058.30dp</dimen>
    <dimen name="x729">1059.75dp</dimen>
    <dimen name="x730">1061.20dp</dimen>
    <dimen name="x731">1062.66dp</dimen>
    <dimen name="x732">1064.11dp</dimen>
    <dimen name="x733">1065.56dp</dimen>
    <dimen name="x734">1067.02dp</dimen>
    <dimen name="x735">1068.47dp</dimen>
    <dimen name="x736">1069.93dp</dimen>
    <dimen name="x737">1071.38dp</dimen>
    <dimen name="x738">1072.83dp</dimen>
    <dimen name="x739">1074.29dp</dimen>
    <dimen name="x740">1075.74dp</dimen>
    <dimen name="x741">1077.19dp</dimen>
    <dimen name="x742">1078.65dp</dimen>
    <dimen name="x743">1080.10dp</dimen>
    <dimen name="x744">1081.56dp</dimen>
    <dimen name="x745">1083.01dp</dimen>
    <dimen name="x746">1084.46dp</dimen>
    <dimen name="x747">1085.92dp</dimen>
    <dimen name="x748">1087.37dp</dimen>
    <dimen name="x749">1088.82dp</dimen>
    <dimen name="x750">1090.28dp</dimen>
    <dimen name="x751">1091.73dp</dimen>
    <dimen name="x752">1093.19dp</dimen>
    <dimen name="x753">1094.64dp</dimen>
    <dimen name="x754">1096.09dp</dimen>
    <dimen name="x755">1097.55dp</dimen>
    <dimen name="x756">1099.00dp</dimen>
    <dimen name="x757">1100.45dp</dimen>
    <dimen name="x758">1101.91dp</dimen>
    <dimen name="x759">1103.36dp</dimen>
    <dimen name="x760">1104.81dp</dimen>
    <dimen name="x761">1106.27dp</dimen>
    <dimen name="x762">1107.72dp</dimen>
    <dimen name="x763">1109.18dp</dimen>
    <dimen name="x764">1110.63dp</dimen>
    <dimen name="x765">1112.08dp</dimen>
    <dimen name="x766">1113.54dp</dimen>
    <dimen name="x767">1114.99dp</dimen>
    <dimen name="x768">1116.44dp</dimen>
    <dimen name="x769">1117.90dp</dimen>
    <dimen name="x770">1119.35dp</dimen>
    <dimen name="x771">1120.81dp</dimen>
    <dimen name="x772">1122.26dp</dimen>
    <dimen name="x773">1123.71dp</dimen>
    <dimen name="x774">1125.17dp</dimen>
    <dimen name="x775">1126.62dp</dimen>
    <dimen name="x776">1128.07dp</dimen>
    <dimen name="x777">1129.53dp</dimen>
    <dimen name="x778">1130.98dp</dimen>
    <dimen name="x779">1132.44dp</dimen>
    <dimen name="x780">1133.89dp</dimen>
    <dimen name="x781">1135.34dp</dimen>
    <dimen name="x782">1136.80dp</dimen>
    <dimen name="x783">1138.25dp</dimen>
    <dimen name="x784">1139.70dp</dimen>
    <dimen name="x785">1141.16dp</dimen>
    <dimen name="x786">1142.61dp</dimen>
    <dimen name="x787">1144.06dp</dimen>
    <dimen name="x788">1145.52dp</dimen>
    <dimen name="x789">1146.97dp</dimen>
    <dimen name="x790">1148.43dp</dimen>
    <dimen name="x791">1149.88dp</dimen>
    <dimen name="x792">1151.33dp</dimen>
    <dimen name="x793">1152.79dp</dimen>
    <dimen name="x794">1154.24dp</dimen>
    <dimen name="x795">1155.69dp</dimen>
    <dimen name="x796">1157.15dp</dimen>
    <dimen name="x797">1158.60dp</dimen>
    <dimen name="x798">1160.06dp</dimen>
    <dimen name="x799">1161.51dp</dimen>
    <dimen name="x800">1162.96dp</dimen>
    <dimen name="x801">1164.42dp</dimen>
    <dimen name="x802">1165.87dp</dimen>
    <dimen name="x803">1167.32dp</dimen>
    <dimen name="x804">1168.78dp</dimen>
    <dimen name="x805">1170.23dp</dimen>
    <dimen name="x806">1171.69dp</dimen>
    <dimen name="x807">1173.14dp</dimen>
    <dimen name="x808">1174.59dp</dimen>
    <dimen name="x809">1176.05dp</dimen>
    <dimen name="x810">1177.50dp</dimen>
    <dimen name="x811">1178.95dp</dimen>
    <dimen name="x812">1180.41dp</dimen>
    <dimen name="x813">1181.86dp</dimen>
    <dimen name="x814">1183.31dp</dimen>
    <dimen name="x815">1184.77dp</dimen>
    <dimen name="x816">1186.22dp</dimen>
    <dimen name="x817">1187.68dp</dimen>
    <dimen name="x818">1189.13dp</dimen>
    <dimen name="x819">1190.58dp</dimen>
    <dimen name="x820">1192.04dp</dimen>
    <dimen name="x821">1193.49dp</dimen>
    <dimen name="x822">1194.94dp</dimen>
    <dimen name="x823">1196.40dp</dimen>
    <dimen name="x824">1197.85dp</dimen>
    <dimen name="x825">1199.31dp</dimen>
    <dimen name="x826">1200.76dp</dimen>
    <dimen name="x827">1202.21dp</dimen>
    <dimen name="x828">1203.67dp</dimen>
    <dimen name="x829">1205.12dp</dimen>
    <dimen name="x830">1206.57dp</dimen>
    <dimen name="x831">1208.03dp</dimen>
    <dimen name="x832">1209.48dp</dimen>
    <dimen name="x833">1210.94dp</dimen>
    <dimen name="x834">1212.39dp</dimen>
    <dimen name="x835">1213.84dp</dimen>
    <dimen name="x836">1215.30dp</dimen>
    <dimen name="x837">1216.75dp</dimen>
    <dimen name="x838">1218.20dp</dimen>
    <dimen name="x839">1219.66dp</dimen>
    <dimen name="x840">1221.11dp</dimen>
    <dimen name="x841">1222.56dp</dimen>
    <dimen name="x842">1224.02dp</dimen>
    <dimen name="x843">1225.47dp</dimen>
    <dimen name="x844">1226.93dp</dimen>
    <dimen name="x845">1228.38dp</dimen>
    <dimen name="x846">1229.83dp</dimen>
    <dimen name="x847">1231.29dp</dimen>
    <dimen name="x848">1232.74dp</dimen>
    <dimen name="x849">1234.19dp</dimen>
    <dimen name="x850">1235.65dp</dimen>
    <dimen name="x851">1237.10dp</dimen>
    <dimen name="x852">1238.56dp</dimen>
    <dimen name="x853">1240.01dp</dimen>
    <dimen name="x854">1241.46dp</dimen>
    <dimen name="x855">1242.92dp</dimen>
    <dimen name="x856">1244.37dp</dimen>
    <dimen name="x857">1245.82dp</dimen>
    <dimen name="x858">1247.28dp</dimen>
    <dimen name="x859">1248.73dp</dimen>
    <dimen name="x860">1250.19dp</dimen>
    <dimen name="x861">1251.64dp</dimen>
    <dimen name="x862">1253.09dp</dimen>
    <dimen name="x863">1254.55dp</dimen>
    <dimen name="x864">1256.00dp</dimen>
    <dimen name="x865">1257.45dp</dimen>
    <dimen name="x866">1258.91dp</dimen>
    <dimen name="x867">1260.36dp</dimen>
    <dimen name="x868">1261.81dp</dimen>
    <dimen name="x869">1263.27dp</dimen>
    <dimen name="x870">1264.72dp</dimen>
    <dimen name="x871">1266.18dp</dimen>
    <dimen name="x872">1267.63dp</dimen>
    <dimen name="x873">1269.08dp</dimen>
    <dimen name="x874">1270.54dp</dimen>
    <dimen name="x875">1271.99dp</dimen>
    <dimen name="x876">1273.44dp</dimen>
    <dimen name="x877">1274.90dp</dimen>
    <dimen name="x878">1276.35dp</dimen>
    <dimen name="x879">1277.81dp</dimen>
    <dimen name="x880">1279.26dp</dimen>
    <dimen name="x881">1280.71dp</dimen>
    <dimen name="x882">1282.17dp</dimen>
    <dimen name="x883">1283.62dp</dimen>
    <dimen name="x884">1285.07dp</dimen>
    <dimen name="x885">1286.53dp</dimen>
    <dimen name="x886">1287.98dp</dimen>
    <dimen name="x887">1289.44dp</dimen>
    <dimen name="x888">1290.89dp</dimen>
    <dimen name="x889">1292.34dp</dimen>
    <dimen name="x890">1293.80dp</dimen>
    <dimen name="x891">1295.25dp</dimen>
    <dimen name="x892">1296.70dp</dimen>
    <dimen name="x893">1298.16dp</dimen>
    <dimen name="x894">1299.61dp</dimen>
    <dimen name="x895">1301.06dp</dimen>
    <dimen name="x896">1302.52dp</dimen>
    <dimen name="x897">1303.97dp</dimen>
    <dimen name="x898">1305.43dp</dimen>
    <dimen name="x899">1306.88dp</dimen>
    <dimen name="x900">1308.33dp</dimen>
    <dimen name="x901">1309.79dp</dimen>
    <dimen name="x902">1311.24dp</dimen>
    <dimen name="x903">1312.69dp</dimen>
    <dimen name="x904">1314.15dp</dimen>
    <dimen name="x905">1315.60dp</dimen>
    <dimen name="x906">1317.06dp</dimen>
    <dimen name="x907">1318.51dp</dimen>
    <dimen name="x908">1319.96dp</dimen>
    <dimen name="x909">1321.42dp</dimen>
    <dimen name="x910">1322.87dp</dimen>
    <dimen name="x911">1324.32dp</dimen>
    <dimen name="x912">1325.78dp</dimen>
    <dimen name="x913">1327.23dp</dimen>
    <dimen name="x914">1328.69dp</dimen>
    <dimen name="x915">1330.14dp</dimen>
    <dimen name="x916">1331.59dp</dimen>
    <dimen name="x917">1333.05dp</dimen>
    <dimen name="x918">1334.50dp</dimen>
    <dimen name="x919">1335.95dp</dimen>
    <dimen name="x920">1337.41dp</dimen>
    <dimen name="x921">1338.86dp</dimen>
    <dimen name="x922">1340.31dp</dimen>
    <dimen name="x923">1341.77dp</dimen>
    <dimen name="x924">1343.22dp</dimen>
    <dimen name="x925">1344.68dp</dimen>
    <dimen name="x926">1346.13dp</dimen>
    <dimen name="x927">1347.58dp</dimen>
    <dimen name="x928">1349.04dp</dimen>
    <dimen name="x929">1350.49dp</dimen>
    <dimen name="x930">1351.94dp</dimen>
    <dimen name="x931">1353.40dp</dimen>
    <dimen name="x932">1354.85dp</dimen>
    <dimen name="x933">1356.31dp</dimen>
    <dimen name="x934">1357.76dp</dimen>
    <dimen name="x935">1359.21dp</dimen>
    <dimen name="x936">1360.67dp</dimen>
    <dimen name="x937">1362.12dp</dimen>
    <dimen name="x938">1363.57dp</dimen>
    <dimen name="x939">1365.03dp</dimen>
    <dimen name="x940">1366.48dp</dimen>
    <dimen name="x941">1367.94dp</dimen>
    <dimen name="x942">1369.39dp</dimen>
    <dimen name="x943">1370.84dp</dimen>
    <dimen name="x944">1372.30dp</dimen>
    <dimen name="x945">1373.75dp</dimen>
    <dimen name="x946">1375.20dp</dimen>
    <dimen name="x947">1376.66dp</dimen>
    <dimen name="x948">1378.11dp</dimen>
    <dimen name="x949">1379.56dp</dimen>
    <dimen name="x950">1381.02dp</dimen>
    <dimen name="x951">1382.47dp</dimen>
    <dimen name="x952">1383.93dp</dimen>
    <dimen name="x953">1385.38dp</dimen>
    <dimen name="x954">1386.83dp</dimen>
    <dimen name="x955">1388.29dp</dimen>
    <dimen name="x956">1389.74dp</dimen>
    <dimen name="x957">1391.19dp</dimen>
    <dimen name="x958">1392.65dp</dimen>
    <dimen name="x959">1394.10dp</dimen>
    <dimen name="x960">1395.56dp</dimen>
    <dimen name="x961">1397.01dp</dimen>
    <dimen name="x962">1398.46dp</dimen>
    <dimen name="x963">1399.92dp</dimen>
    <dimen name="x964">1401.37dp</dimen>
    <dimen name="x965">1402.82dp</dimen>
    <dimen name="x966">1404.28dp</dimen>
    <dimen name="x967">1405.73dp</dimen>
    <dimen name="x968">1407.19dp</dimen>
    <dimen name="x969">1408.64dp</dimen>
    <dimen name="x970">1410.09dp</dimen>
    <dimen name="x971">1411.55dp</dimen>
    <dimen name="x972">1413.00dp</dimen>
    <dimen name="x973">1414.45dp</dimen>
    <dimen name="x974">1415.91dp</dimen>
    <dimen name="x975">1417.36dp</dimen>
    <dimen name="x976">1418.81dp</dimen>
    <dimen name="x977">1420.27dp</dimen>
    <dimen name="x978">1421.72dp</dimen>
    <dimen name="x979">1423.18dp</dimen>
    <dimen name="x980">1424.63dp</dimen>
    <dimen name="x981">1426.08dp</dimen>
    <dimen name="x982">1427.54dp</dimen>
    <dimen name="x983">1428.99dp</dimen>
    <dimen name="x984">1430.44dp</dimen>
    <dimen name="x985">1431.90dp</dimen>
    <dimen name="x986">1433.35dp</dimen>
    <dimen name="x987">1434.81dp</dimen>
    <dimen name="x988">1436.26dp</dimen>
    <dimen name="x989">1437.71dp</dimen>
    <dimen name="x990">1439.17dp</dimen>
    <dimen name="x991">1440.62dp</dimen>
    <dimen name="x992">1442.07dp</dimen>
    <dimen name="x993">1443.53dp</dimen>
    <dimen name="x994">1444.98dp</dimen>
    <dimen name="x995">1446.44dp</dimen>
    <dimen name="x996">1447.89dp</dimen>
    <dimen name="x997">1449.34dp</dimen>
    <dimen name="x998">1450.80dp</dimen>
    <dimen name="x999">1452.25dp</dimen>
    <dimen name="x1000">1453.70dp</dimen>
    <dimen name="x1001">1455.16dp</dimen>
    <dimen name="x1002">1456.61dp</dimen>
    <dimen name="x1003">1458.06dp</dimen>
    <dimen name="x1004">1459.52dp</dimen>
    <dimen name="x1005">1460.97dp</dimen>
    <dimen name="x1006">1462.43dp</dimen>
    <dimen name="x1007">1463.88dp</dimen>
    <dimen name="x1008">1465.33dp</dimen>
    <dimen name="x1009">1466.79dp</dimen>
    <dimen name="x1010">1468.24dp</dimen>
    <dimen name="x1011">1469.69dp</dimen>
    <dimen name="x1012">1471.15dp</dimen>
    <dimen name="x1013">1472.60dp</dimen>
    <dimen name="x1014">1474.06dp</dimen>
    <dimen name="x1015">1475.51dp</dimen>
    <dimen name="x1016">1476.96dp</dimen>
    <dimen name="x1017">1478.42dp</dimen>
    <dimen name="x1018">1479.87dp</dimen>
    <dimen name="x1019">1481.32dp</dimen>
    <dimen name="x1020">1482.78dp</dimen>
    <dimen name="x1021">1484.23dp</dimen>
    <dimen name="x1022">1485.69dp</dimen>
    <dimen name="x1023">1487.14dp</dimen>
    <dimen name="x1024">1488.59dp</dimen>
    <dimen name="x1025">1490.05dp</dimen>
    <dimen name="x1026">1491.50dp</dimen>
    <dimen name="x1027">1492.95dp</dimen>
    <dimen name="x1028">1494.41dp</dimen>
    <dimen name="x1029">1495.86dp</dimen>
    <dimen name="x1030">1497.31dp</dimen>
    <dimen name="x1031">1498.77dp</dimen>
    <dimen name="x1032">1500.22dp</dimen>
    <dimen name="x1033">1501.68dp</dimen>
    <dimen name="x1034">1503.13dp</dimen>
    <dimen name="x1035">1504.58dp</dimen>
    <dimen name="x1036">1506.04dp</dimen>
    <dimen name="x1037">1507.49dp</dimen>
    <dimen name="x1038">1508.94dp</dimen>
    <dimen name="x1039">1510.40dp</dimen>
    <dimen name="x1040">1511.85dp</dimen>
    <dimen name="x1041">1513.31dp</dimen>
    <dimen name="x1042">1514.76dp</dimen>
    <dimen name="x1043">1516.21dp</dimen>
    <dimen name="x1044">1517.67dp</dimen>
    <dimen name="x1045">1519.12dp</dimen>
    <dimen name="x1046">1520.57dp</dimen>
    <dimen name="x1047">1522.03dp</dimen>
    <dimen name="x1048">1523.48dp</dimen>
    <dimen name="x1049">1524.94dp</dimen>
    <dimen name="x1050">1526.39dp</dimen>
    <dimen name="x1051">1527.84dp</dimen>
    <dimen name="x1052">1529.30dp</dimen>
    <dimen name="x1053">1530.75dp</dimen>
    <dimen name="x1054">1532.20dp</dimen>
    <dimen name="x1055">1533.66dp</dimen>
    <dimen name="x1056">1535.11dp</dimen>
    <dimen name="x1057">1536.56dp</dimen>
    <dimen name="x1058">1538.02dp</dimen>
    <dimen name="x1059">1539.47dp</dimen>
    <dimen name="x1060">1540.93dp</dimen>
    <dimen name="x1061">1542.38dp</dimen>
    <dimen name="x1062">1543.83dp</dimen>
    <dimen name="x1063">1545.29dp</dimen>
    <dimen name="x1064">1546.74dp</dimen>
    <dimen name="x1065">1548.19dp</dimen>
    <dimen name="x1066">1549.65dp</dimen>
    <dimen name="x1067">1551.10dp</dimen>
    <dimen name="x1068">1552.56dp</dimen>
    <dimen name="x1069">1554.01dp</dimen>
    <dimen name="x1070">1555.46dp</dimen>
    <dimen name="x1071">1556.92dp</dimen>
    <dimen name="x1072">1558.37dp</dimen>
    <dimen name="x1073">1559.82dp</dimen>
    <dimen name="x1074">1561.28dp</dimen>
    <dimen name="x1075">1562.73dp</dimen>
    <dimen name="x1076">1564.19dp</dimen>
    <dimen name="x1077">1565.64dp</dimen>
    <dimen name="x1078">1567.09dp</dimen>
    <dimen name="x1079">1568.55dp</dimen>
    <dimen name="x1080">1570.00dp</dimen>
</resources>