<?xml version="1.0" encoding="utf-8"?>
<resources>
    <string name="sw_dp">530dp</string>
    <dimen name="x1">0.49dp</dimen>
    <dimen name="x2">0.98dp</dimen>
    <dimen name="x3">1.47dp</dimen>
    <dimen name="x4">1.96dp</dimen>
    <dimen name="x5">2.45dp</dimen>
    <dimen name="x6">2.94dp</dimen>
    <dimen name="x7">3.44dp</dimen>
    <dimen name="x8">3.93dp</dimen>
    <dimen name="x9">4.42dp</dimen>
    <dimen name="x10">4.91dp</dimen>
    <dimen name="x11">5.40dp</dimen>
    <dimen name="x12">5.89dp</dimen>
    <dimen name="x13">6.38dp</dimen>
    <dimen name="x14">6.87dp</dimen>
    <dimen name="x15">7.36dp</dimen>
    <dimen name="x16">7.85dp</dimen>
    <dimen name="x17">8.34dp</dimen>
    <dimen name="x18">8.83dp</dimen>
    <dimen name="x19">9.32dp</dimen>
    <dimen name="x20">9.81dp</dimen>
    <dimen name="x21">10.31dp</dimen>
    <dimen name="x22">10.80dp</dimen>
    <dimen name="x23">11.29dp</dimen>
    <dimen name="x24">11.78dp</dimen>
    <dimen name="x25">12.27dp</dimen>
    <dimen name="x26">12.76dp</dimen>
    <dimen name="x27">13.25dp</dimen>
    <dimen name="x28">13.74dp</dimen>
    <dimen name="x29">14.23dp</dimen>
    <dimen name="x30">14.72dp</dimen>
    <dimen name="x31">15.21dp</dimen>
    <dimen name="x32">15.70dp</dimen>
    <dimen name="x33">16.19dp</dimen>
    <dimen name="x34">16.69dp</dimen>
    <dimen name="x35">17.18dp</dimen>
    <dimen name="x36">17.67dp</dimen>
    <dimen name="x37">18.16dp</dimen>
    <dimen name="x38">18.65dp</dimen>
    <dimen name="x39">19.14dp</dimen>
    <dimen name="x40">19.63dp</dimen>
    <dimen name="x41">20.12dp</dimen>
    <dimen name="x42">20.61dp</dimen>
    <dimen name="x43">21.10dp</dimen>
    <dimen name="x44">21.59dp</dimen>
    <dimen name="x45">22.08dp</dimen>
    <dimen name="x46">22.57dp</dimen>
    <dimen name="x47">23.06dp</dimen>
    <dimen name="x48">23.56dp</dimen>
    <dimen name="x49">24.05dp</dimen>
    <dimen name="x50">24.54dp</dimen>
    <dimen name="x51">25.03dp</dimen>
    <dimen name="x52">25.52dp</dimen>
    <dimen name="x53">26.01dp</dimen>
    <dimen name="x54">26.50dp</dimen>
    <dimen name="x55">26.99dp</dimen>
    <dimen name="x56">27.48dp</dimen>
    <dimen name="x57">27.97dp</dimen>
    <dimen name="x58">28.46dp</dimen>
    <dimen name="x59">28.95dp</dimen>
    <dimen name="x60">29.44dp</dimen>
    <dimen name="x61">29.94dp</dimen>
    <dimen name="x62">30.43dp</dimen>
    <dimen name="x63">30.92dp</dimen>
    <dimen name="x64">31.41dp</dimen>
    <dimen name="x65">31.90dp</dimen>
    <dimen name="x66">32.39dp</dimen>
    <dimen name="x67">32.88dp</dimen>
    <dimen name="x68">33.37dp</dimen>
    <dimen name="x69">33.86dp</dimen>
    <dimen name="x70">34.35dp</dimen>
    <dimen name="x71">34.84dp</dimen>
    <dimen name="x72">35.33dp</dimen>
    <dimen name="x73">35.82dp</dimen>
    <dimen name="x74">36.31dp</dimen>
    <dimen name="x75">36.81dp</dimen>
    <dimen name="x76">37.30dp</dimen>
    <dimen name="x77">37.79dp</dimen>
    <dimen name="x78">38.28dp</dimen>
    <dimen name="x79">38.77dp</dimen>
    <dimen name="x80">39.26dp</dimen>
    <dimen name="x81">39.75dp</dimen>
    <dimen name="x82">40.24dp</dimen>
    <dimen name="x83">40.73dp</dimen>
    <dimen name="x84">41.22dp</dimen>
    <dimen name="x85">41.71dp</dimen>
    <dimen name="x86">42.20dp</dimen>
    <dimen name="x87">42.69dp</dimen>
    <dimen name="x88">43.19dp</dimen>
    <dimen name="x89">43.68dp</dimen>
    <dimen name="x90">44.17dp</dimen>
    <dimen name="x91">44.66dp</dimen>
    <dimen name="x92">45.15dp</dimen>
    <dimen name="x93">45.64dp</dimen>
    <dimen name="x94">46.13dp</dimen>
    <dimen name="x95">46.62dp</dimen>
    <dimen name="x96">47.11dp</dimen>
    <dimen name="x97">47.60dp</dimen>
    <dimen name="x98">48.09dp</dimen>
    <dimen name="x99">48.58dp</dimen>
    <dimen name="x100">49.07dp</dimen>
    <dimen name="x101">49.56dp</dimen>
    <dimen name="x102">50.06dp</dimen>
    <dimen name="x103">50.55dp</dimen>
    <dimen name="x104">51.04dp</dimen>
    <dimen name="x105">51.53dp</dimen>
    <dimen name="x106">52.02dp</dimen>
    <dimen name="x107">52.51dp</dimen>
    <dimen name="x108">53.00dp</dimen>
    <dimen name="x109">53.49dp</dimen>
    <dimen name="x110">53.98dp</dimen>
    <dimen name="x111">54.47dp</dimen>
    <dimen name="x112">54.96dp</dimen>
    <dimen name="x113">55.45dp</dimen>
    <dimen name="x114">55.94dp</dimen>
    <dimen name="x115">56.44dp</dimen>
    <dimen name="x116">56.93dp</dimen>
    <dimen name="x117">57.42dp</dimen>
    <dimen name="x118">57.91dp</dimen>
    <dimen name="x119">58.40dp</dimen>
    <dimen name="x120">58.89dp</dimen>
    <dimen name="x121">59.38dp</dimen>
    <dimen name="x122">59.87dp</dimen>
    <dimen name="x123">60.36dp</dimen>
    <dimen name="x124">60.85dp</dimen>
    <dimen name="x125">61.34dp</dimen>
    <dimen name="x126">61.83dp</dimen>
    <dimen name="x127">62.32dp</dimen>
    <dimen name="x128">62.81dp</dimen>
    <dimen name="x129">63.31dp</dimen>
    <dimen name="x130">63.80dp</dimen>
    <dimen name="x131">64.29dp</dimen>
    <dimen name="x132">64.78dp</dimen>
    <dimen name="x133">65.27dp</dimen>
    <dimen name="x134">65.76dp</dimen>
    <dimen name="x135">66.25dp</dimen>
    <dimen name="x136">66.74dp</dimen>
    <dimen name="x137">67.23dp</dimen>
    <dimen name="x138">67.72dp</dimen>
    <dimen name="x139">68.21dp</dimen>
    <dimen name="x140">68.70dp</dimen>
    <dimen name="x141">69.19dp</dimen>
    <dimen name="x142">69.69dp</dimen>
    <dimen name="x143">70.18dp</dimen>
    <dimen name="x144">70.67dp</dimen>
    <dimen name="x145">71.16dp</dimen>
    <dimen name="x146">71.65dp</dimen>
    <dimen name="x147">72.14dp</dimen>
    <dimen name="x148">72.63dp</dimen>
    <dimen name="x149">73.12dp</dimen>
    <dimen name="x150">73.61dp</dimen>
    <dimen name="x151">74.10dp</dimen>
    <dimen name="x152">74.59dp</dimen>
    <dimen name="x153">75.08dp</dimen>
    <dimen name="x154">75.57dp</dimen>
    <dimen name="x155">76.06dp</dimen>
    <dimen name="x156">76.56dp</dimen>
    <dimen name="x157">77.05dp</dimen>
    <dimen name="x158">77.54dp</dimen>
    <dimen name="x159">78.03dp</dimen>
    <dimen name="x160">78.52dp</dimen>
    <dimen name="x161">79.01dp</dimen>
    <dimen name="x162">79.50dp</dimen>
    <dimen name="x163">79.99dp</dimen>
    <dimen name="x164">80.48dp</dimen>
    <dimen name="x165">80.97dp</dimen>
    <dimen name="x166">81.46dp</dimen>
    <dimen name="x167">81.95dp</dimen>
    <dimen name="x168">82.44dp</dimen>
    <dimen name="x169">82.94dp</dimen>
    <dimen name="x170">83.43dp</dimen>
    <dimen name="x171">83.92dp</dimen>
    <dimen name="x172">84.41dp</dimen>
    <dimen name="x173">84.90dp</dimen>
    <dimen name="x174">85.39dp</dimen>
    <dimen name="x175">85.88dp</dimen>
    <dimen name="x176">86.37dp</dimen>
    <dimen name="x177">86.86dp</dimen>
    <dimen name="x178">87.35dp</dimen>
    <dimen name="x179">87.84dp</dimen>
    <dimen name="x180">88.33dp</dimen>
    <dimen name="x181">88.82dp</dimen>
    <dimen name="x182">89.31dp</dimen>
    <dimen name="x183">89.81dp</dimen>
    <dimen name="x184">90.30dp</dimen>
    <dimen name="x185">90.79dp</dimen>
    <dimen name="x186">91.28dp</dimen>
    <dimen name="x187">91.77dp</dimen>
    <dimen name="x188">92.26dp</dimen>
    <dimen name="x189">92.75dp</dimen>
    <dimen name="x190">93.24dp</dimen>
    <dimen name="x191">93.73dp</dimen>
    <dimen name="x192">94.22dp</dimen>
    <dimen name="x193">94.71dp</dimen>
    <dimen name="x194">95.20dp</dimen>
    <dimen name="x195">95.69dp</dimen>
    <dimen name="x196">96.19dp</dimen>
    <dimen name="x197">96.68dp</dimen>
    <dimen name="x198">97.17dp</dimen>
    <dimen name="x199">97.66dp</dimen>
    <dimen name="x200">98.15dp</dimen>
    <dimen name="x201">98.64dp</dimen>
    <dimen name="x202">99.13dp</dimen>
    <dimen name="x203">99.62dp</dimen>
    <dimen name="x204">100.11dp</dimen>
    <dimen name="x205">100.60dp</dimen>
    <dimen name="x206">101.09dp</dimen>
    <dimen name="x207">101.58dp</dimen>
    <dimen name="x208">102.07dp</dimen>
    <dimen name="x209">102.56dp</dimen>
    <dimen name="x210">103.06dp</dimen>
    <dimen name="x211">103.55dp</dimen>
    <dimen name="x212">104.04dp</dimen>
    <dimen name="x213">104.53dp</dimen>
    <dimen name="x214">105.02dp</dimen>
    <dimen name="x215">105.51dp</dimen>
    <dimen name="x216">106.00dp</dimen>
    <dimen name="x217">106.49dp</dimen>
    <dimen name="x218">106.98dp</dimen>
    <dimen name="x219">107.47dp</dimen>
    <dimen name="x220">107.96dp</dimen>
    <dimen name="x221">108.45dp</dimen>
    <dimen name="x222">108.94dp</dimen>
    <dimen name="x223">109.44dp</dimen>
    <dimen name="x224">109.93dp</dimen>
    <dimen name="x225">110.42dp</dimen>
    <dimen name="x226">110.91dp</dimen>
    <dimen name="x227">111.40dp</dimen>
    <dimen name="x228">111.89dp</dimen>
    <dimen name="x229">112.38dp</dimen>
    <dimen name="x230">112.87dp</dimen>
    <dimen name="x231">113.36dp</dimen>
    <dimen name="x232">113.85dp</dimen>
    <dimen name="x233">114.34dp</dimen>
    <dimen name="x234">114.83dp</dimen>
    <dimen name="x235">115.32dp</dimen>
    <dimen name="x236">115.81dp</dimen>
    <dimen name="x237">116.31dp</dimen>
    <dimen name="x238">116.80dp</dimen>
    <dimen name="x239">117.29dp</dimen>
    <dimen name="x240">117.78dp</dimen>
    <dimen name="x241">118.27dp</dimen>
    <dimen name="x242">118.76dp</dimen>
    <dimen name="x243">119.25dp</dimen>
    <dimen name="x244">119.74dp</dimen>
    <dimen name="x245">120.23dp</dimen>
    <dimen name="x246">120.72dp</dimen>
    <dimen name="x247">121.21dp</dimen>
    <dimen name="x248">121.70dp</dimen>
    <dimen name="x249">122.19dp</dimen>
    <dimen name="x250">122.69dp</dimen>
    <dimen name="x251">123.18dp</dimen>
    <dimen name="x252">123.67dp</dimen>
    <dimen name="x253">124.16dp</dimen>
    <dimen name="x254">124.65dp</dimen>
    <dimen name="x255">125.14dp</dimen>
    <dimen name="x256">125.63dp</dimen>
    <dimen name="x257">126.12dp</dimen>
    <dimen name="x258">126.61dp</dimen>
    <dimen name="x259">127.10dp</dimen>
    <dimen name="x260">127.59dp</dimen>
    <dimen name="x261">128.08dp</dimen>
    <dimen name="x262">128.57dp</dimen>
    <dimen name="x263">129.06dp</dimen>
    <dimen name="x264">129.56dp</dimen>
    <dimen name="x265">130.05dp</dimen>
    <dimen name="x266">130.54dp</dimen>
    <dimen name="x267">131.03dp</dimen>
    <dimen name="x268">131.52dp</dimen>
    <dimen name="x269">132.01dp</dimen>
    <dimen name="x270">132.50dp</dimen>
    <dimen name="x271">132.99dp</dimen>
    <dimen name="x272">133.48dp</dimen>
    <dimen name="x273">133.97dp</dimen>
    <dimen name="x274">134.46dp</dimen>
    <dimen name="x275">134.95dp</dimen>
    <dimen name="x276">135.44dp</dimen>
    <dimen name="x277">135.94dp</dimen>
    <dimen name="x278">136.43dp</dimen>
    <dimen name="x279">136.92dp</dimen>
    <dimen name="x280">137.41dp</dimen>
    <dimen name="x281">137.90dp</dimen>
    <dimen name="x282">138.39dp</dimen>
    <dimen name="x283">138.88dp</dimen>
    <dimen name="x284">139.37dp</dimen>
    <dimen name="x285">139.86dp</dimen>
    <dimen name="x286">140.35dp</dimen>
    <dimen name="x287">140.84dp</dimen>
    <dimen name="x288">141.33dp</dimen>
    <dimen name="x289">141.82dp</dimen>
    <dimen name="x290">142.31dp</dimen>
    <dimen name="x291">142.81dp</dimen>
    <dimen name="x292">143.30dp</dimen>
    <dimen name="x293">143.79dp</dimen>
    <dimen name="x294">144.28dp</dimen>
    <dimen name="x295">144.77dp</dimen>
    <dimen name="x296">145.26dp</dimen>
    <dimen name="x297">145.75dp</dimen>
    <dimen name="x298">146.24dp</dimen>
    <dimen name="x299">146.73dp</dimen>
    <dimen name="x300">147.22dp</dimen>
    <dimen name="x301">147.71dp</dimen>
    <dimen name="x302">148.20dp</dimen>
    <dimen name="x303">148.69dp</dimen>
    <dimen name="x304">149.19dp</dimen>
    <dimen name="x305">149.68dp</dimen>
    <dimen name="x306">150.17dp</dimen>
    <dimen name="x307">150.66dp</dimen>
    <dimen name="x308">151.15dp</dimen>
    <dimen name="x309">151.64dp</dimen>
    <dimen name="x310">152.13dp</dimen>
    <dimen name="x311">152.62dp</dimen>
    <dimen name="x312">153.11dp</dimen>
    <dimen name="x313">153.60dp</dimen>
    <dimen name="x314">154.09dp</dimen>
    <dimen name="x315">154.58dp</dimen>
    <dimen name="x316">155.07dp</dimen>
    <dimen name="x317">155.56dp</dimen>
    <dimen name="x318">156.06dp</dimen>
    <dimen name="x319">156.55dp</dimen>
    <dimen name="x320">157.04dp</dimen>
    <dimen name="x321">157.53dp</dimen>
    <dimen name="x322">158.02dp</dimen>
    <dimen name="x323">158.51dp</dimen>
    <dimen name="x324">159.00dp</dimen>
    <dimen name="x325">159.49dp</dimen>
    <dimen name="x326">159.98dp</dimen>
    <dimen name="x327">160.47dp</dimen>
    <dimen name="x328">160.96dp</dimen>
    <dimen name="x329">161.45dp</dimen>
    <dimen name="x330">161.94dp</dimen>
    <dimen name="x331">162.44dp</dimen>
    <dimen name="x332">162.93dp</dimen>
    <dimen name="x333">163.42dp</dimen>
    <dimen name="x334">163.91dp</dimen>
    <dimen name="x335">164.40dp</dimen>
    <dimen name="x336">164.89dp</dimen>
    <dimen name="x337">165.38dp</dimen>
    <dimen name="x338">165.87dp</dimen>
    <dimen name="x339">166.36dp</dimen>
    <dimen name="x340">166.85dp</dimen>
    <dimen name="x341">167.34dp</dimen>
    <dimen name="x342">167.83dp</dimen>
    <dimen name="x343">168.32dp</dimen>
    <dimen name="x344">168.81dp</dimen>
    <dimen name="x345">169.31dp</dimen>
    <dimen name="x346">169.80dp</dimen>
    <dimen name="x347">170.29dp</dimen>
    <dimen name="x348">170.78dp</dimen>
    <dimen name="x349">171.27dp</dimen>
    <dimen name="x350">171.76dp</dimen>
    <dimen name="x351">172.25dp</dimen>
    <dimen name="x352">172.74dp</dimen>
    <dimen name="x353">173.23dp</dimen>
    <dimen name="x354">173.72dp</dimen>
    <dimen name="x355">174.21dp</dimen>
    <dimen name="x356">174.70dp</dimen>
    <dimen name="x357">175.19dp</dimen>
    <dimen name="x358">175.69dp</dimen>
    <dimen name="x359">176.18dp</dimen>
    <dimen name="x360">176.67dp</dimen>
    <dimen name="x361">177.16dp</dimen>
    <dimen name="x362">177.65dp</dimen>
    <dimen name="x363">178.14dp</dimen>
    <dimen name="x364">178.63dp</dimen>
    <dimen name="x365">179.12dp</dimen>
    <dimen name="x366">179.61dp</dimen>
    <dimen name="x367">180.10dp</dimen>
    <dimen name="x368">180.59dp</dimen>
    <dimen name="x369">181.08dp</dimen>
    <dimen name="x370">181.57dp</dimen>
    <dimen name="x371">182.06dp</dimen>
    <dimen name="x372">182.56dp</dimen>
    <dimen name="x373">183.05dp</dimen>
    <dimen name="x374">183.54dp</dimen>
    <dimen name="x375">184.03dp</dimen>
    <dimen name="x376">184.52dp</dimen>
    <dimen name="x377">185.01dp</dimen>
    <dimen name="x378">185.50dp</dimen>
    <dimen name="x379">185.99dp</dimen>
    <dimen name="x380">186.48dp</dimen>
    <dimen name="x381">186.97dp</dimen>
    <dimen name="x382">187.46dp</dimen>
    <dimen name="x383">187.95dp</dimen>
    <dimen name="x384">188.44dp</dimen>
    <dimen name="x385">188.94dp</dimen>
    <dimen name="x386">189.43dp</dimen>
    <dimen name="x387">189.92dp</dimen>
    <dimen name="x388">190.41dp</dimen>
    <dimen name="x389">190.90dp</dimen>
    <dimen name="x390">191.39dp</dimen>
    <dimen name="x391">191.88dp</dimen>
    <dimen name="x392">192.37dp</dimen>
    <dimen name="x393">192.86dp</dimen>
    <dimen name="x394">193.35dp</dimen>
    <dimen name="x395">193.84dp</dimen>
    <dimen name="x396">194.33dp</dimen>
    <dimen name="x397">194.82dp</dimen>
    <dimen name="x398">195.31dp</dimen>
    <dimen name="x399">195.81dp</dimen>
    <dimen name="x400">196.30dp</dimen>
    <dimen name="x401">196.79dp</dimen>
    <dimen name="x402">197.28dp</dimen>
    <dimen name="x403">197.77dp</dimen>
    <dimen name="x404">198.26dp</dimen>
    <dimen name="x405">198.75dp</dimen>
    <dimen name="x406">199.24dp</dimen>
    <dimen name="x407">199.73dp</dimen>
    <dimen name="x408">200.22dp</dimen>
    <dimen name="x409">200.71dp</dimen>
    <dimen name="x410">201.20dp</dimen>
    <dimen name="x411">201.69dp</dimen>
    <dimen name="x412">202.19dp</dimen>
    <dimen name="x413">202.68dp</dimen>
    <dimen name="x414">203.17dp</dimen>
    <dimen name="x415">203.66dp</dimen>
    <dimen name="x416">204.15dp</dimen>
    <dimen name="x417">204.64dp</dimen>
    <dimen name="x418">205.13dp</dimen>
    <dimen name="x419">205.62dp</dimen>
    <dimen name="x420">206.11dp</dimen>
    <dimen name="x421">206.60dp</dimen>
    <dimen name="x422">207.09dp</dimen>
    <dimen name="x423">207.58dp</dimen>
    <dimen name="x424">208.07dp</dimen>
    <dimen name="x425">208.56dp</dimen>
    <dimen name="x426">209.06dp</dimen>
    <dimen name="x427">209.55dp</dimen>
    <dimen name="x428">210.04dp</dimen>
    <dimen name="x429">210.53dp</dimen>
    <dimen name="x430">211.02dp</dimen>
    <dimen name="x431">211.51dp</dimen>
    <dimen name="x432">212.00dp</dimen>
    <dimen name="x433">212.49dp</dimen>
    <dimen name="x434">212.98dp</dimen>
    <dimen name="x435">213.47dp</dimen>
    <dimen name="x436">213.96dp</dimen>
    <dimen name="x437">214.45dp</dimen>
    <dimen name="x438">214.94dp</dimen>
    <dimen name="x439">215.44dp</dimen>
    <dimen name="x440">215.93dp</dimen>
    <dimen name="x441">216.42dp</dimen>
    <dimen name="x442">216.91dp</dimen>
    <dimen name="x443">217.40dp</dimen>
    <dimen name="x444">217.89dp</dimen>
    <dimen name="x445">218.38dp</dimen>
    <dimen name="x446">218.87dp</dimen>
    <dimen name="x447">219.36dp</dimen>
    <dimen name="x448">219.85dp</dimen>
    <dimen name="x449">220.34dp</dimen>
    <dimen name="x450">220.83dp</dimen>
    <dimen name="x451">221.32dp</dimen>
    <dimen name="x452">221.81dp</dimen>
    <dimen name="x453">222.31dp</dimen>
    <dimen name="x454">222.80dp</dimen>
    <dimen name="x455">223.29dp</dimen>
    <dimen name="x456">223.78dp</dimen>
    <dimen name="x457">224.27dp</dimen>
    <dimen name="x458">224.76dp</dimen>
    <dimen name="x459">225.25dp</dimen>
    <dimen name="x460">225.74dp</dimen>
    <dimen name="x461">226.23dp</dimen>
    <dimen name="x462">226.72dp</dimen>
    <dimen name="x463">227.21dp</dimen>
    <dimen name="x464">227.70dp</dimen>
    <dimen name="x465">228.19dp</dimen>
    <dimen name="x466">228.69dp</dimen>
    <dimen name="x467">229.18dp</dimen>
    <dimen name="x468">229.67dp</dimen>
    <dimen name="x469">230.16dp</dimen>
    <dimen name="x470">230.65dp</dimen>
    <dimen name="x471">231.14dp</dimen>
    <dimen name="x472">231.63dp</dimen>
    <dimen name="x473">232.12dp</dimen>
    <dimen name="x474">232.61dp</dimen>
    <dimen name="x475">233.10dp</dimen>
    <dimen name="x476">233.59dp</dimen>
    <dimen name="x477">234.08dp</dimen>
    <dimen name="x478">234.57dp</dimen>
    <dimen name="x479">235.06dp</dimen>
    <dimen name="x480">235.56dp</dimen>
    <dimen name="x481">236.05dp</dimen>
    <dimen name="x482">236.54dp</dimen>
    <dimen name="x483">237.03dp</dimen>
    <dimen name="x484">237.52dp</dimen>
    <dimen name="x485">238.01dp</dimen>
    <dimen name="x486">238.50dp</dimen>
    <dimen name="x487">238.99dp</dimen>
    <dimen name="x488">239.48dp</dimen>
    <dimen name="x489">239.97dp</dimen>
    <dimen name="x490">240.46dp</dimen>
    <dimen name="x491">240.95dp</dimen>
    <dimen name="x492">241.44dp</dimen>
    <dimen name="x493">241.94dp</dimen>
    <dimen name="x494">242.43dp</dimen>
    <dimen name="x495">242.92dp</dimen>
    <dimen name="x496">243.41dp</dimen>
    <dimen name="x497">243.90dp</dimen>
    <dimen name="x498">244.39dp</dimen>
    <dimen name="x499">244.88dp</dimen>
    <dimen name="x500">245.37dp</dimen>
    <dimen name="x501">245.86dp</dimen>
    <dimen name="x502">246.35dp</dimen>
    <dimen name="x503">246.84dp</dimen>
    <dimen name="x504">247.33dp</dimen>
    <dimen name="x505">247.82dp</dimen>
    <dimen name="x506">248.31dp</dimen>
    <dimen name="x507">248.81dp</dimen>
    <dimen name="x508">249.30dp</dimen>
    <dimen name="x509">249.79dp</dimen>
    <dimen name="x510">250.28dp</dimen>
    <dimen name="x511">250.77dp</dimen>
    <dimen name="x512">251.26dp</dimen>
    <dimen name="x513">251.75dp</dimen>
    <dimen name="x514">252.24dp</dimen>
    <dimen name="x515">252.73dp</dimen>
    <dimen name="x516">253.22dp</dimen>
    <dimen name="x517">253.71dp</dimen>
    <dimen name="x518">254.20dp</dimen>
    <dimen name="x519">254.69dp</dimen>
    <dimen name="x520">255.19dp</dimen>
    <dimen name="x521">255.68dp</dimen>
    <dimen name="x522">256.17dp</dimen>
    <dimen name="x523">256.66dp</dimen>
    <dimen name="x524">257.15dp</dimen>
    <dimen name="x525">257.64dp</dimen>
    <dimen name="x526">258.13dp</dimen>
    <dimen name="x527">258.62dp</dimen>
    <dimen name="x528">259.11dp</dimen>
    <dimen name="x529">259.60dp</dimen>
    <dimen name="x530">260.09dp</dimen>
    <dimen name="x531">260.58dp</dimen>
    <dimen name="x532">261.07dp</dimen>
    <dimen name="x533">261.56dp</dimen>
    <dimen name="x534">262.06dp</dimen>
    <dimen name="x535">262.55dp</dimen>
    <dimen name="x536">263.04dp</dimen>
    <dimen name="x537">263.53dp</dimen>
    <dimen name="x538">264.02dp</dimen>
    <dimen name="x539">264.51dp</dimen>
    <dimen name="x540">265.00dp</dimen>
    <dimen name="x541">265.49dp</dimen>
    <dimen name="x542">265.98dp</dimen>
    <dimen name="x543">266.47dp</dimen>
    <dimen name="x544">266.96dp</dimen>
    <dimen name="x545">267.45dp</dimen>
    <dimen name="x546">267.94dp</dimen>
    <dimen name="x547">268.44dp</dimen>
    <dimen name="x548">268.93dp</dimen>
    <dimen name="x549">269.42dp</dimen>
    <dimen name="x550">269.91dp</dimen>
    <dimen name="x551">270.40dp</dimen>
    <dimen name="x552">270.89dp</dimen>
    <dimen name="x553">271.38dp</dimen>
    <dimen name="x554">271.87dp</dimen>
    <dimen name="x555">272.36dp</dimen>
    <dimen name="x556">272.85dp</dimen>
    <dimen name="x557">273.34dp</dimen>
    <dimen name="x558">273.83dp</dimen>
    <dimen name="x559">274.32dp</dimen>
    <dimen name="x560">274.81dp</dimen>
    <dimen name="x561">275.31dp</dimen>
    <dimen name="x562">275.80dp</dimen>
    <dimen name="x563">276.29dp</dimen>
    <dimen name="x564">276.78dp</dimen>
    <dimen name="x565">277.27dp</dimen>
    <dimen name="x566">277.76dp</dimen>
    <dimen name="x567">278.25dp</dimen>
    <dimen name="x568">278.74dp</dimen>
    <dimen name="x569">279.23dp</dimen>
    <dimen name="x570">279.72dp</dimen>
    <dimen name="x571">280.21dp</dimen>
    <dimen name="x572">280.70dp</dimen>
    <dimen name="x573">281.19dp</dimen>
    <dimen name="x574">281.69dp</dimen>
    <dimen name="x575">282.18dp</dimen>
    <dimen name="x576">282.67dp</dimen>
    <dimen name="x577">283.16dp</dimen>
    <dimen name="x578">283.65dp</dimen>
    <dimen name="x579">284.14dp</dimen>
    <dimen name="x580">284.63dp</dimen>
    <dimen name="x581">285.12dp</dimen>
    <dimen name="x582">285.61dp</dimen>
    <dimen name="x583">286.10dp</dimen>
    <dimen name="x584">286.59dp</dimen>
    <dimen name="x585">287.08dp</dimen>
    <dimen name="x586">287.57dp</dimen>
    <dimen name="x587">288.06dp</dimen>
    <dimen name="x588">288.56dp</dimen>
    <dimen name="x589">289.05dp</dimen>
    <dimen name="x590">289.54dp</dimen>
    <dimen name="x591">290.03dp</dimen>
    <dimen name="x592">290.52dp</dimen>
    <dimen name="x593">291.01dp</dimen>
    <dimen name="x594">291.50dp</dimen>
    <dimen name="x595">291.99dp</dimen>
    <dimen name="x596">292.48dp</dimen>
    <dimen name="x597">292.97dp</dimen>
    <dimen name="x598">293.46dp</dimen>
    <dimen name="x599">293.95dp</dimen>
    <dimen name="x600">294.44dp</dimen>
    <dimen name="x601">294.94dp</dimen>
    <dimen name="x602">295.43dp</dimen>
    <dimen name="x603">295.92dp</dimen>
    <dimen name="x604">296.41dp</dimen>
    <dimen name="x605">296.90dp</dimen>
    <dimen name="x606">297.39dp</dimen>
    <dimen name="x607">297.88dp</dimen>
    <dimen name="x608">298.37dp</dimen>
    <dimen name="x609">298.86dp</dimen>
    <dimen name="x610">299.35dp</dimen>
    <dimen name="x611">299.84dp</dimen>
    <dimen name="x612">300.33dp</dimen>
    <dimen name="x613">300.82dp</dimen>
    <dimen name="x614">301.31dp</dimen>
    <dimen name="x615">301.81dp</dimen>
    <dimen name="x616">302.30dp</dimen>
    <dimen name="x617">302.79dp</dimen>
    <dimen name="x618">303.28dp</dimen>
    <dimen name="x619">303.77dp</dimen>
    <dimen name="x620">304.26dp</dimen>
    <dimen name="x621">304.75dp</dimen>
    <dimen name="x622">305.24dp</dimen>
    <dimen name="x623">305.73dp</dimen>
    <dimen name="x624">306.22dp</dimen>
    <dimen name="x625">306.71dp</dimen>
    <dimen name="x626">307.20dp</dimen>
    <dimen name="x627">307.69dp</dimen>
    <dimen name="x628">308.19dp</dimen>
    <dimen name="x629">308.68dp</dimen>
    <dimen name="x630">309.17dp</dimen>
    <dimen name="x631">309.66dp</dimen>
    <dimen name="x632">310.15dp</dimen>
    <dimen name="x633">310.64dp</dimen>
    <dimen name="x634">311.13dp</dimen>
    <dimen name="x635">311.62dp</dimen>
    <dimen name="x636">312.11dp</dimen>
    <dimen name="x637">312.60dp</dimen>
    <dimen name="x638">313.09dp</dimen>
    <dimen name="x639">313.58dp</dimen>
    <dimen name="x640">314.07dp</dimen>
    <dimen name="x641">314.56dp</dimen>
    <dimen name="x642">315.06dp</dimen>
    <dimen name="x643">315.55dp</dimen>
    <dimen name="x644">316.04dp</dimen>
    <dimen name="x645">316.53dp</dimen>
    <dimen name="x646">317.02dp</dimen>
    <dimen name="x647">317.51dp</dimen>
    <dimen name="x648">318.00dp</dimen>
    <dimen name="x649">318.49dp</dimen>
    <dimen name="x650">318.98dp</dimen>
    <dimen name="x651">319.47dp</dimen>
    <dimen name="x652">319.96dp</dimen>
    <dimen name="x653">320.45dp</dimen>
    <dimen name="x654">320.94dp</dimen>
    <dimen name="x655">321.44dp</dimen>
    <dimen name="x656">321.93dp</dimen>
    <dimen name="x657">322.42dp</dimen>
    <dimen name="x658">322.91dp</dimen>
    <dimen name="x659">323.40dp</dimen>
    <dimen name="x660">323.89dp</dimen>
    <dimen name="x661">324.38dp</dimen>
    <dimen name="x662">324.87dp</dimen>
    <dimen name="x663">325.36dp</dimen>
    <dimen name="x664">325.85dp</dimen>
    <dimen name="x665">326.34dp</dimen>
    <dimen name="x666">326.83dp</dimen>
    <dimen name="x667">327.32dp</dimen>
    <dimen name="x668">327.81dp</dimen>
    <dimen name="x669">328.31dp</dimen>
    <dimen name="x670">328.80dp</dimen>
    <dimen name="x671">329.29dp</dimen>
    <dimen name="x672">329.78dp</dimen>
    <dimen name="x673">330.27dp</dimen>
    <dimen name="x674">330.76dp</dimen>
    <dimen name="x675">331.25dp</dimen>
    <dimen name="x676">331.74dp</dimen>
    <dimen name="x677">332.23dp</dimen>
    <dimen name="x678">332.72dp</dimen>
    <dimen name="x679">333.21dp</dimen>
    <dimen name="x680">333.70dp</dimen>
    <dimen name="x681">334.19dp</dimen>
    <dimen name="x682">334.69dp</dimen>
    <dimen name="x683">335.18dp</dimen>
    <dimen name="x684">335.67dp</dimen>
    <dimen name="x685">336.16dp</dimen>
    <dimen name="x686">336.65dp</dimen>
    <dimen name="x687">337.14dp</dimen>
    <dimen name="x688">337.63dp</dimen>
    <dimen name="x689">338.12dp</dimen>
    <dimen name="x690">338.61dp</dimen>
    <dimen name="x691">339.10dp</dimen>
    <dimen name="x692">339.59dp</dimen>
    <dimen name="x693">340.08dp</dimen>
    <dimen name="x694">340.57dp</dimen>
    <dimen name="x695">341.06dp</dimen>
    <dimen name="x696">341.56dp</dimen>
    <dimen name="x697">342.05dp</dimen>
    <dimen name="x698">342.54dp</dimen>
    <dimen name="x699">343.03dp</dimen>
    <dimen name="x700">343.52dp</dimen>
    <dimen name="x701">344.01dp</dimen>
    <dimen name="x702">344.50dp</dimen>
    <dimen name="x703">344.99dp</dimen>
    <dimen name="x704">345.48dp</dimen>
    <dimen name="x705">345.97dp</dimen>
    <dimen name="x706">346.46dp</dimen>
    <dimen name="x707">346.95dp</dimen>
    <dimen name="x708">347.44dp</dimen>
    <dimen name="x709">347.94dp</dimen>
    <dimen name="x710">348.43dp</dimen>
    <dimen name="x711">348.92dp</dimen>
    <dimen name="x712">349.41dp</dimen>
    <dimen name="x713">349.90dp</dimen>
    <dimen name="x714">350.39dp</dimen>
    <dimen name="x715">350.88dp</dimen>
    <dimen name="x716">351.37dp</dimen>
    <dimen name="x717">351.86dp</dimen>
    <dimen name="x718">352.35dp</dimen>
    <dimen name="x719">352.84dp</dimen>
    <dimen name="x720">353.33dp</dimen>
    <dimen name="x721">353.82dp</dimen>
    <dimen name="x722">354.31dp</dimen>
    <dimen name="x723">354.81dp</dimen>
    <dimen name="x724">355.30dp</dimen>
    <dimen name="x725">355.79dp</dimen>
    <dimen name="x726">356.28dp</dimen>
    <dimen name="x727">356.77dp</dimen>
    <dimen name="x728">357.26dp</dimen>
    <dimen name="x729">357.75dp</dimen>
    <dimen name="x730">358.24dp</dimen>
    <dimen name="x731">358.73dp</dimen>
    <dimen name="x732">359.22dp</dimen>
    <dimen name="x733">359.71dp</dimen>
    <dimen name="x734">360.20dp</dimen>
    <dimen name="x735">360.69dp</dimen>
    <dimen name="x736">361.19dp</dimen>
    <dimen name="x737">361.68dp</dimen>
    <dimen name="x738">362.17dp</dimen>
    <dimen name="x739">362.66dp</dimen>
    <dimen name="x740">363.15dp</dimen>
    <dimen name="x741">363.64dp</dimen>
    <dimen name="x742">364.13dp</dimen>
    <dimen name="x743">364.62dp</dimen>
    <dimen name="x744">365.11dp</dimen>
    <dimen name="x745">365.60dp</dimen>
    <dimen name="x746">366.09dp</dimen>
    <dimen name="x747">366.58dp</dimen>
    <dimen name="x748">367.07dp</dimen>
    <dimen name="x749">367.56dp</dimen>
    <dimen name="x750">368.06dp</dimen>
    <dimen name="x751">368.55dp</dimen>
    <dimen name="x752">369.04dp</dimen>
    <dimen name="x753">369.53dp</dimen>
    <dimen name="x754">370.02dp</dimen>
    <dimen name="x755">370.51dp</dimen>
    <dimen name="x756">371.00dp</dimen>
    <dimen name="x757">371.49dp</dimen>
    <dimen name="x758">371.98dp</dimen>
    <dimen name="x759">372.47dp</dimen>
    <dimen name="x760">372.96dp</dimen>
    <dimen name="x761">373.45dp</dimen>
    <dimen name="x762">373.94dp</dimen>
    <dimen name="x763">374.44dp</dimen>
    <dimen name="x764">374.93dp</dimen>
    <dimen name="x765">375.42dp</dimen>
    <dimen name="x766">375.91dp</dimen>
    <dimen name="x767">376.40dp</dimen>
    <dimen name="x768">376.89dp</dimen>
    <dimen name="x769">377.38dp</dimen>
    <dimen name="x770">377.87dp</dimen>
    <dimen name="x771">378.36dp</dimen>
    <dimen name="x772">378.85dp</dimen>
    <dimen name="x773">379.34dp</dimen>
    <dimen name="x774">379.83dp</dimen>
    <dimen name="x775">380.32dp</dimen>
    <dimen name="x776">380.81dp</dimen>
    <dimen name="x777">381.31dp</dimen>
    <dimen name="x778">381.80dp</dimen>
    <dimen name="x779">382.29dp</dimen>
    <dimen name="x780">382.78dp</dimen>
    <dimen name="x781">383.27dp</dimen>
    <dimen name="x782">383.76dp</dimen>
    <dimen name="x783">384.25dp</dimen>
    <dimen name="x784">384.74dp</dimen>
    <dimen name="x785">385.23dp</dimen>
    <dimen name="x786">385.72dp</dimen>
    <dimen name="x787">386.21dp</dimen>
    <dimen name="x788">386.70dp</dimen>
    <dimen name="x789">387.19dp</dimen>
    <dimen name="x790">387.69dp</dimen>
    <dimen name="x791">388.18dp</dimen>
    <dimen name="x792">388.67dp</dimen>
    <dimen name="x793">389.16dp</dimen>
    <dimen name="x794">389.65dp</dimen>
    <dimen name="x795">390.14dp</dimen>
    <dimen name="x796">390.63dp</dimen>
    <dimen name="x797">391.12dp</dimen>
    <dimen name="x798">391.61dp</dimen>
    <dimen name="x799">392.10dp</dimen>
    <dimen name="x800">392.59dp</dimen>
    <dimen name="x801">393.08dp</dimen>
    <dimen name="x802">393.57dp</dimen>
    <dimen name="x803">394.06dp</dimen>
    <dimen name="x804">394.56dp</dimen>
    <dimen name="x805">395.05dp</dimen>
    <dimen name="x806">395.54dp</dimen>
    <dimen name="x807">396.03dp</dimen>
    <dimen name="x808">396.52dp</dimen>
    <dimen name="x809">397.01dp</dimen>
    <dimen name="x810">397.50dp</dimen>
    <dimen name="x811">397.99dp</dimen>
    <dimen name="x812">398.48dp</dimen>
    <dimen name="x813">398.97dp</dimen>
    <dimen name="x814">399.46dp</dimen>
    <dimen name="x815">399.95dp</dimen>
    <dimen name="x816">400.44dp</dimen>
    <dimen name="x817">400.94dp</dimen>
    <dimen name="x818">401.43dp</dimen>
    <dimen name="x819">401.92dp</dimen>
    <dimen name="x820">402.41dp</dimen>
    <dimen name="x821">402.90dp</dimen>
    <dimen name="x822">403.39dp</dimen>
    <dimen name="x823">403.88dp</dimen>
    <dimen name="x824">404.37dp</dimen>
    <dimen name="x825">404.86dp</dimen>
    <dimen name="x826">405.35dp</dimen>
    <dimen name="x827">405.84dp</dimen>
    <dimen name="x828">406.33dp</dimen>
    <dimen name="x829">406.82dp</dimen>
    <dimen name="x830">407.31dp</dimen>
    <dimen name="x831">407.81dp</dimen>
    <dimen name="x832">408.30dp</dimen>
    <dimen name="x833">408.79dp</dimen>
    <dimen name="x834">409.28dp</dimen>
    <dimen name="x835">409.77dp</dimen>
    <dimen name="x836">410.26dp</dimen>
    <dimen name="x837">410.75dp</dimen>
    <dimen name="x838">411.24dp</dimen>
    <dimen name="x839">411.73dp</dimen>
    <dimen name="x840">412.22dp</dimen>
    <dimen name="x841">412.71dp</dimen>
    <dimen name="x842">413.20dp</dimen>
    <dimen name="x843">413.69dp</dimen>
    <dimen name="x844">414.19dp</dimen>
    <dimen name="x845">414.68dp</dimen>
    <dimen name="x846">415.17dp</dimen>
    <dimen name="x847">415.66dp</dimen>
    <dimen name="x848">416.15dp</dimen>
    <dimen name="x849">416.64dp</dimen>
    <dimen name="x850">417.13dp</dimen>
    <dimen name="x851">417.62dp</dimen>
    <dimen name="x852">418.11dp</dimen>
    <dimen name="x853">418.60dp</dimen>
    <dimen name="x854">419.09dp</dimen>
    <dimen name="x855">419.58dp</dimen>
    <dimen name="x856">420.07dp</dimen>
    <dimen name="x857">420.56dp</dimen>
    <dimen name="x858">421.06dp</dimen>
    <dimen name="x859">421.55dp</dimen>
    <dimen name="x860">422.04dp</dimen>
    <dimen name="x861">422.53dp</dimen>
    <dimen name="x862">423.02dp</dimen>
    <dimen name="x863">423.51dp</dimen>
    <dimen name="x864">424.00dp</dimen>
    <dimen name="x865">424.49dp</dimen>
    <dimen name="x866">424.98dp</dimen>
    <dimen name="x867">425.47dp</dimen>
    <dimen name="x868">425.96dp</dimen>
    <dimen name="x869">426.45dp</dimen>
    <dimen name="x870">426.94dp</dimen>
    <dimen name="x871">427.44dp</dimen>
    <dimen name="x872">427.93dp</dimen>
    <dimen name="x873">428.42dp</dimen>
    <dimen name="x874">428.91dp</dimen>
    <dimen name="x875">429.40dp</dimen>
    <dimen name="x876">429.89dp</dimen>
    <dimen name="x877">430.38dp</dimen>
    <dimen name="x878">430.87dp</dimen>
    <dimen name="x879">431.36dp</dimen>
    <dimen name="x880">431.85dp</dimen>
    <dimen name="x881">432.34dp</dimen>
    <dimen name="x882">432.83dp</dimen>
    <dimen name="x883">433.32dp</dimen>
    <dimen name="x884">433.81dp</dimen>
    <dimen name="x885">434.31dp</dimen>
    <dimen name="x886">434.80dp</dimen>
    <dimen name="x887">435.29dp</dimen>
    <dimen name="x888">435.78dp</dimen>
    <dimen name="x889">436.27dp</dimen>
    <dimen name="x890">436.76dp</dimen>
    <dimen name="x891">437.25dp</dimen>
    <dimen name="x892">437.74dp</dimen>
    <dimen name="x893">438.23dp</dimen>
    <dimen name="x894">438.72dp</dimen>
    <dimen name="x895">439.21dp</dimen>
    <dimen name="x896">439.70dp</dimen>
    <dimen name="x897">440.19dp</dimen>
    <dimen name="x898">440.69dp</dimen>
    <dimen name="x899">441.18dp</dimen>
    <dimen name="x900">441.67dp</dimen>
    <dimen name="x901">442.16dp</dimen>
    <dimen name="x902">442.65dp</dimen>
    <dimen name="x903">443.14dp</dimen>
    <dimen name="x904">443.63dp</dimen>
    <dimen name="x905">444.12dp</dimen>
    <dimen name="x906">444.61dp</dimen>
    <dimen name="x907">445.10dp</dimen>
    <dimen name="x908">445.59dp</dimen>
    <dimen name="x909">446.08dp</dimen>
    <dimen name="x910">446.57dp</dimen>
    <dimen name="x911">447.06dp</dimen>
    <dimen name="x912">447.56dp</dimen>
    <dimen name="x913">448.05dp</dimen>
    <dimen name="x914">448.54dp</dimen>
    <dimen name="x915">449.03dp</dimen>
    <dimen name="x916">449.52dp</dimen>
    <dimen name="x917">450.01dp</dimen>
    <dimen name="x918">450.50dp</dimen>
    <dimen name="x919">450.99dp</dimen>
    <dimen name="x920">451.48dp</dimen>
    <dimen name="x921">451.97dp</dimen>
    <dimen name="x922">452.46dp</dimen>
    <dimen name="x923">452.95dp</dimen>
    <dimen name="x924">453.44dp</dimen>
    <dimen name="x925">453.94dp</dimen>
    <dimen name="x926">454.43dp</dimen>
    <dimen name="x927">454.92dp</dimen>
    <dimen name="x928">455.41dp</dimen>
    <dimen name="x929">455.90dp</dimen>
    <dimen name="x930">456.39dp</dimen>
    <dimen name="x931">456.88dp</dimen>
    <dimen name="x932">457.37dp</dimen>
    <dimen name="x933">457.86dp</dimen>
    <dimen name="x934">458.35dp</dimen>
    <dimen name="x935">458.84dp</dimen>
    <dimen name="x936">459.33dp</dimen>
    <dimen name="x937">459.82dp</dimen>
    <dimen name="x938">460.31dp</dimen>
    <dimen name="x939">460.81dp</dimen>
    <dimen name="x940">461.30dp</dimen>
    <dimen name="x941">461.79dp</dimen>
    <dimen name="x942">462.28dp</dimen>
    <dimen name="x943">462.77dp</dimen>
    <dimen name="x944">463.26dp</dimen>
    <dimen name="x945">463.75dp</dimen>
    <dimen name="x946">464.24dp</dimen>
    <dimen name="x947">464.73dp</dimen>
    <dimen name="x948">465.22dp</dimen>
    <dimen name="x949">465.71dp</dimen>
    <dimen name="x950">466.20dp</dimen>
    <dimen name="x951">466.69dp</dimen>
    <dimen name="x952">467.19dp</dimen>
    <dimen name="x953">467.68dp</dimen>
    <dimen name="x954">468.17dp</dimen>
    <dimen name="x955">468.66dp</dimen>
    <dimen name="x956">469.15dp</dimen>
    <dimen name="x957">469.64dp</dimen>
    <dimen name="x958">470.13dp</dimen>
    <dimen name="x959">470.62dp</dimen>
    <dimen name="x960">471.11dp</dimen>
    <dimen name="x961">471.60dp</dimen>
    <dimen name="x962">472.09dp</dimen>
    <dimen name="x963">472.58dp</dimen>
    <dimen name="x964">473.07dp</dimen>
    <dimen name="x965">473.56dp</dimen>
    <dimen name="x966">474.06dp</dimen>
    <dimen name="x967">474.55dp</dimen>
    <dimen name="x968">475.04dp</dimen>
    <dimen name="x969">475.53dp</dimen>
    <dimen name="x970">476.02dp</dimen>
    <dimen name="x971">476.51dp</dimen>
    <dimen name="x972">477.00dp</dimen>
    <dimen name="x973">477.49dp</dimen>
    <dimen name="x974">477.98dp</dimen>
    <dimen name="x975">478.47dp</dimen>
    <dimen name="x976">478.96dp</dimen>
    <dimen name="x977">479.45dp</dimen>
    <dimen name="x978">479.94dp</dimen>
    <dimen name="x979">480.44dp</dimen>
    <dimen name="x980">480.93dp</dimen>
    <dimen name="x981">481.42dp</dimen>
    <dimen name="x982">481.91dp</dimen>
    <dimen name="x983">482.40dp</dimen>
    <dimen name="x984">482.89dp</dimen>
    <dimen name="x985">483.38dp</dimen>
    <dimen name="x986">483.87dp</dimen>
    <dimen name="x987">484.36dp</dimen>
    <dimen name="x988">484.85dp</dimen>
    <dimen name="x989">485.34dp</dimen>
    <dimen name="x990">485.83dp</dimen>
    <dimen name="x991">486.32dp</dimen>
    <dimen name="x992">486.81dp</dimen>
    <dimen name="x993">487.31dp</dimen>
    <dimen name="x994">487.80dp</dimen>
    <dimen name="x995">488.29dp</dimen>
    <dimen name="x996">488.78dp</dimen>
    <dimen name="x997">489.27dp</dimen>
    <dimen name="x998">489.76dp</dimen>
    <dimen name="x999">490.25dp</dimen>
    <dimen name="x1000">490.74dp</dimen>
    <dimen name="x1001">491.23dp</dimen>
    <dimen name="x1002">491.72dp</dimen>
    <dimen name="x1003">492.21dp</dimen>
    <dimen name="x1004">492.70dp</dimen>
    <dimen name="x1005">493.19dp</dimen>
    <dimen name="x1006">493.69dp</dimen>
    <dimen name="x1007">494.18dp</dimen>
    <dimen name="x1008">494.67dp</dimen>
    <dimen name="x1009">495.16dp</dimen>
    <dimen name="x1010">495.65dp</dimen>
    <dimen name="x1011">496.14dp</dimen>
    <dimen name="x1012">496.63dp</dimen>
    <dimen name="x1013">497.12dp</dimen>
    <dimen name="x1014">497.61dp</dimen>
    <dimen name="x1015">498.10dp</dimen>
    <dimen name="x1016">498.59dp</dimen>
    <dimen name="x1017">499.08dp</dimen>
    <dimen name="x1018">499.57dp</dimen>
    <dimen name="x1019">500.06dp</dimen>
    <dimen name="x1020">500.56dp</dimen>
    <dimen name="x1021">501.05dp</dimen>
    <dimen name="x1022">501.54dp</dimen>
    <dimen name="x1023">502.03dp</dimen>
    <dimen name="x1024">502.52dp</dimen>
    <dimen name="x1025">503.01dp</dimen>
    <dimen name="x1026">503.50dp</dimen>
    <dimen name="x1027">503.99dp</dimen>
    <dimen name="x1028">504.48dp</dimen>
    <dimen name="x1029">504.97dp</dimen>
    <dimen name="x1030">505.46dp</dimen>
    <dimen name="x1031">505.95dp</dimen>
    <dimen name="x1032">506.44dp</dimen>
    <dimen name="x1033">506.94dp</dimen>
    <dimen name="x1034">507.43dp</dimen>
    <dimen name="x1035">507.92dp</dimen>
    <dimen name="x1036">508.41dp</dimen>
    <dimen name="x1037">508.90dp</dimen>
    <dimen name="x1038">509.39dp</dimen>
    <dimen name="x1039">509.88dp</dimen>
    <dimen name="x1040">510.37dp</dimen>
    <dimen name="x1041">510.86dp</dimen>
    <dimen name="x1042">511.35dp</dimen>
    <dimen name="x1043">511.84dp</dimen>
    <dimen name="x1044">512.33dp</dimen>
    <dimen name="x1045">512.82dp</dimen>
    <dimen name="x1046">513.31dp</dimen>
    <dimen name="x1047">513.81dp</dimen>
    <dimen name="x1048">514.30dp</dimen>
    <dimen name="x1049">514.79dp</dimen>
    <dimen name="x1050">515.28dp</dimen>
    <dimen name="x1051">515.77dp</dimen>
    <dimen name="x1052">516.26dp</dimen>
    <dimen name="x1053">516.75dp</dimen>
    <dimen name="x1054">517.24dp</dimen>
    <dimen name="x1055">517.73dp</dimen>
    <dimen name="x1056">518.22dp</dimen>
    <dimen name="x1057">518.71dp</dimen>
    <dimen name="x1058">519.20dp</dimen>
    <dimen name="x1059">519.69dp</dimen>
    <dimen name="x1060">520.19dp</dimen>
    <dimen name="x1061">520.68dp</dimen>
    <dimen name="x1062">521.17dp</dimen>
    <dimen name="x1063">521.66dp</dimen>
    <dimen name="x1064">522.15dp</dimen>
    <dimen name="x1065">522.64dp</dimen>
    <dimen name="x1066">523.13dp</dimen>
    <dimen name="x1067">523.62dp</dimen>
    <dimen name="x1068">524.11dp</dimen>
    <dimen name="x1069">524.60dp</dimen>
    <dimen name="x1070">525.09dp</dimen>
    <dimen name="x1071">525.58dp</dimen>
    <dimen name="x1072">526.07dp</dimen>
    <dimen name="x1073">526.56dp</dimen>
    <dimen name="x1074">527.06dp</dimen>
    <dimen name="x1075">527.55dp</dimen>
    <dimen name="x1076">528.04dp</dimen>
    <dimen name="x1077">528.53dp</dimen>
    <dimen name="x1078">529.02dp</dimen>
    <dimen name="x1079">529.51dp</dimen>
    <dimen name="x1080">530.00dp</dimen>
</resources>