<?xml version="1.0" encoding="utf-8"?>
<resources>
    <string name="sw_dp">1720dp</string>
    <dimen name="x1">1.59dp</dimen>
    <dimen name="x2">3.19dp</dimen>
    <dimen name="x3">4.78dp</dimen>
    <dimen name="x4">6.37dp</dimen>
    <dimen name="x5">7.96dp</dimen>
    <dimen name="x6">9.56dp</dimen>
    <dimen name="x7">11.15dp</dimen>
    <dimen name="x8">12.74dp</dimen>
    <dimen name="x9">14.33dp</dimen>
    <dimen name="x10">15.93dp</dimen>
    <dimen name="x11">17.52dp</dimen>
    <dimen name="x12">19.11dp</dimen>
    <dimen name="x13">20.70dp</dimen>
    <dimen name="x14">22.30dp</dimen>
    <dimen name="x15">23.89dp</dimen>
    <dimen name="x16">25.48dp</dimen>
    <dimen name="x17">27.07dp</dimen>
    <dimen name="x18">28.67dp</dimen>
    <dimen name="x19">30.26dp</dimen>
    <dimen name="x20">31.85dp</dimen>
    <dimen name="x21">33.44dp</dimen>
    <dimen name="x22">35.04dp</dimen>
    <dimen name="x23">36.63dp</dimen>
    <dimen name="x24">38.22dp</dimen>
    <dimen name="x25">39.81dp</dimen>
    <dimen name="x26">41.41dp</dimen>
    <dimen name="x27">43.00dp</dimen>
    <dimen name="x28">44.59dp</dimen>
    <dimen name="x29">46.19dp</dimen>
    <dimen name="x30">47.78dp</dimen>
    <dimen name="x31">49.37dp</dimen>
    <dimen name="x32">50.96dp</dimen>
    <dimen name="x33">52.56dp</dimen>
    <dimen name="x34">54.15dp</dimen>
    <dimen name="x35">55.74dp</dimen>
    <dimen name="x36">57.33dp</dimen>
    <dimen name="x37">58.93dp</dimen>
    <dimen name="x38">60.52dp</dimen>
    <dimen name="x39">62.11dp</dimen>
    <dimen name="x40">63.70dp</dimen>
    <dimen name="x41">65.30dp</dimen>
    <dimen name="x42">66.89dp</dimen>
    <dimen name="x43">68.48dp</dimen>
    <dimen name="x44">70.07dp</dimen>
    <dimen name="x45">71.67dp</dimen>
    <dimen name="x46">73.26dp</dimen>
    <dimen name="x47">74.85dp</dimen>
    <dimen name="x48">76.44dp</dimen>
    <dimen name="x49">78.04dp</dimen>
    <dimen name="x50">79.63dp</dimen>
    <dimen name="x51">81.22dp</dimen>
    <dimen name="x52">82.81dp</dimen>
    <dimen name="x53">84.41dp</dimen>
    <dimen name="x54">86.00dp</dimen>
    <dimen name="x55">87.59dp</dimen>
    <dimen name="x56">89.19dp</dimen>
    <dimen name="x57">90.78dp</dimen>
    <dimen name="x58">92.37dp</dimen>
    <dimen name="x59">93.96dp</dimen>
    <dimen name="x60">95.56dp</dimen>
    <dimen name="x61">97.15dp</dimen>
    <dimen name="x62">98.74dp</dimen>
    <dimen name="x63">100.33dp</dimen>
    <dimen name="x64">101.93dp</dimen>
    <dimen name="x65">103.52dp</dimen>
    <dimen name="x66">105.11dp</dimen>
    <dimen name="x67">106.70dp</dimen>
    <dimen name="x68">108.30dp</dimen>
    <dimen name="x69">109.89dp</dimen>
    <dimen name="x70">111.48dp</dimen>
    <dimen name="x71">113.07dp</dimen>
    <dimen name="x72">114.67dp</dimen>
    <dimen name="x73">116.26dp</dimen>
    <dimen name="x74">117.85dp</dimen>
    <dimen name="x75">119.44dp</dimen>
    <dimen name="x76">121.04dp</dimen>
    <dimen name="x77">122.63dp</dimen>
    <dimen name="x78">124.22dp</dimen>
    <dimen name="x79">125.81dp</dimen>
    <dimen name="x80">127.41dp</dimen>
    <dimen name="x81">129.00dp</dimen>
    <dimen name="x82">130.59dp</dimen>
    <dimen name="x83">132.19dp</dimen>
    <dimen name="x84">133.78dp</dimen>
    <dimen name="x85">135.37dp</dimen>
    <dimen name="x86">136.96dp</dimen>
    <dimen name="x87">138.56dp</dimen>
    <dimen name="x88">140.15dp</dimen>
    <dimen name="x89">141.74dp</dimen>
    <dimen name="x90">143.33dp</dimen>
    <dimen name="x91">144.93dp</dimen>
    <dimen name="x92">146.52dp</dimen>
    <dimen name="x93">148.11dp</dimen>
    <dimen name="x94">149.70dp</dimen>
    <dimen name="x95">151.30dp</dimen>
    <dimen name="x96">152.89dp</dimen>
    <dimen name="x97">154.48dp</dimen>
    <dimen name="x98">156.07dp</dimen>
    <dimen name="x99">157.67dp</dimen>
    <dimen name="x100">159.26dp</dimen>
    <dimen name="x101">160.85dp</dimen>
    <dimen name="x102">162.44dp</dimen>
    <dimen name="x103">164.04dp</dimen>
    <dimen name="x104">165.63dp</dimen>
    <dimen name="x105">167.22dp</dimen>
    <dimen name="x106">168.81dp</dimen>
    <dimen name="x107">170.41dp</dimen>
    <dimen name="x108">172.00dp</dimen>
    <dimen name="x109">173.59dp</dimen>
    <dimen name="x110">175.19dp</dimen>
    <dimen name="x111">176.78dp</dimen>
    <dimen name="x112">178.37dp</dimen>
    <dimen name="x113">179.96dp</dimen>
    <dimen name="x114">181.56dp</dimen>
    <dimen name="x115">183.15dp</dimen>
    <dimen name="x116">184.74dp</dimen>
    <dimen name="x117">186.33dp</dimen>
    <dimen name="x118">187.93dp</dimen>
    <dimen name="x119">189.52dp</dimen>
    <dimen name="x120">191.11dp</dimen>
    <dimen name="x121">192.70dp</dimen>
    <dimen name="x122">194.30dp</dimen>
    <dimen name="x123">195.89dp</dimen>
    <dimen name="x124">197.48dp</dimen>
    <dimen name="x125">199.07dp</dimen>
    <dimen name="x126">200.67dp</dimen>
    <dimen name="x127">202.26dp</dimen>
    <dimen name="x128">203.85dp</dimen>
    <dimen name="x129">205.44dp</dimen>
    <dimen name="x130">207.04dp</dimen>
    <dimen name="x131">208.63dp</dimen>
    <dimen name="x132">210.22dp</dimen>
    <dimen name="x133">211.81dp</dimen>
    <dimen name="x134">213.41dp</dimen>
    <dimen name="x135">215.00dp</dimen>
    <dimen name="x136">216.59dp</dimen>
    <dimen name="x137">218.19dp</dimen>
    <dimen name="x138">219.78dp</dimen>
    <dimen name="x139">221.37dp</dimen>
    <dimen name="x140">222.96dp</dimen>
    <dimen name="x141">224.56dp</dimen>
    <dimen name="x142">226.15dp</dimen>
    <dimen name="x143">227.74dp</dimen>
    <dimen name="x144">229.33dp</dimen>
    <dimen name="x145">230.93dp</dimen>
    <dimen name="x146">232.52dp</dimen>
    <dimen name="x147">234.11dp</dimen>
    <dimen name="x148">235.70dp</dimen>
    <dimen name="x149">237.30dp</dimen>
    <dimen name="x150">238.89dp</dimen>
    <dimen name="x151">240.48dp</dimen>
    <dimen name="x152">242.07dp</dimen>
    <dimen name="x153">243.67dp</dimen>
    <dimen name="x154">245.26dp</dimen>
    <dimen name="x155">246.85dp</dimen>
    <dimen name="x156">248.44dp</dimen>
    <dimen name="x157">250.04dp</dimen>
    <dimen name="x158">251.63dp</dimen>
    <dimen name="x159">253.22dp</dimen>
    <dimen name="x160">254.81dp</dimen>
    <dimen name="x161">256.41dp</dimen>
    <dimen name="x162">258.00dp</dimen>
    <dimen name="x163">259.59dp</dimen>
    <dimen name="x164">261.19dp</dimen>
    <dimen name="x165">262.78dp</dimen>
    <dimen name="x166">264.37dp</dimen>
    <dimen name="x167">265.96dp</dimen>
    <dimen name="x168">267.56dp</dimen>
    <dimen name="x169">269.15dp</dimen>
    <dimen name="x170">270.74dp</dimen>
    <dimen name="x171">272.33dp</dimen>
    <dimen name="x172">273.93dp</dimen>
    <dimen name="x173">275.52dp</dimen>
    <dimen name="x174">277.11dp</dimen>
    <dimen name="x175">278.70dp</dimen>
    <dimen name="x176">280.30dp</dimen>
    <dimen name="x177">281.89dp</dimen>
    <dimen name="x178">283.48dp</dimen>
    <dimen name="x179">285.07dp</dimen>
    <dimen name="x180">286.67dp</dimen>
    <dimen name="x181">288.26dp</dimen>
    <dimen name="x182">289.85dp</dimen>
    <dimen name="x183">291.44dp</dimen>
    <dimen name="x184">293.04dp</dimen>
    <dimen name="x185">294.63dp</dimen>
    <dimen name="x186">296.22dp</dimen>
    <dimen name="x187">297.81dp</dimen>
    <dimen name="x188">299.41dp</dimen>
    <dimen name="x189">301.00dp</dimen>
    <dimen name="x190">302.59dp</dimen>
    <dimen name="x191">304.19dp</dimen>
    <dimen name="x192">305.78dp</dimen>
    <dimen name="x193">307.37dp</dimen>
    <dimen name="x194">308.96dp</dimen>
    <dimen name="x195">310.56dp</dimen>
    <dimen name="x196">312.15dp</dimen>
    <dimen name="x197">313.74dp</dimen>
    <dimen name="x198">315.33dp</dimen>
    <dimen name="x199">316.93dp</dimen>
    <dimen name="x200">318.52dp</dimen>
    <dimen name="x201">320.11dp</dimen>
    <dimen name="x202">321.70dp</dimen>
    <dimen name="x203">323.30dp</dimen>
    <dimen name="x204">324.89dp</dimen>
    <dimen name="x205">326.48dp</dimen>
    <dimen name="x206">328.07dp</dimen>
    <dimen name="x207">329.67dp</dimen>
    <dimen name="x208">331.26dp</dimen>
    <dimen name="x209">332.85dp</dimen>
    <dimen name="x210">334.44dp</dimen>
    <dimen name="x211">336.04dp</dimen>
    <dimen name="x212">337.63dp</dimen>
    <dimen name="x213">339.22dp</dimen>
    <dimen name="x214">340.81dp</dimen>
    <dimen name="x215">342.41dp</dimen>
    <dimen name="x216">344.00dp</dimen>
    <dimen name="x217">345.59dp</dimen>
    <dimen name="x218">347.19dp</dimen>
    <dimen name="x219">348.78dp</dimen>
    <dimen name="x220">350.37dp</dimen>
    <dimen name="x221">351.96dp</dimen>
    <dimen name="x222">353.56dp</dimen>
    <dimen name="x223">355.15dp</dimen>
    <dimen name="x224">356.74dp</dimen>
    <dimen name="x225">358.33dp</dimen>
    <dimen name="x226">359.93dp</dimen>
    <dimen name="x227">361.52dp</dimen>
    <dimen name="x228">363.11dp</dimen>
    <dimen name="x229">364.70dp</dimen>
    <dimen name="x230">366.30dp</dimen>
    <dimen name="x231">367.89dp</dimen>
    <dimen name="x232">369.48dp</dimen>
    <dimen name="x233">371.07dp</dimen>
    <dimen name="x234">372.67dp</dimen>
    <dimen name="x235">374.26dp</dimen>
    <dimen name="x236">375.85dp</dimen>
    <dimen name="x237">377.44dp</dimen>
    <dimen name="x238">379.04dp</dimen>
    <dimen name="x239">380.63dp</dimen>
    <dimen name="x240">382.22dp</dimen>
    <dimen name="x241">383.81dp</dimen>
    <dimen name="x242">385.41dp</dimen>
    <dimen name="x243">387.00dp</dimen>
    <dimen name="x244">388.59dp</dimen>
    <dimen name="x245">390.19dp</dimen>
    <dimen name="x246">391.78dp</dimen>
    <dimen name="x247">393.37dp</dimen>
    <dimen name="x248">394.96dp</dimen>
    <dimen name="x249">396.56dp</dimen>
    <dimen name="x250">398.15dp</dimen>
    <dimen name="x251">399.74dp</dimen>
    <dimen name="x252">401.33dp</dimen>
    <dimen name="x253">402.93dp</dimen>
    <dimen name="x254">404.52dp</dimen>
    <dimen name="x255">406.11dp</dimen>
    <dimen name="x256">407.70dp</dimen>
    <dimen name="x257">409.30dp</dimen>
    <dimen name="x258">410.89dp</dimen>
    <dimen name="x259">412.48dp</dimen>
    <dimen name="x260">414.07dp</dimen>
    <dimen name="x261">415.67dp</dimen>
    <dimen name="x262">417.26dp</dimen>
    <dimen name="x263">418.85dp</dimen>
    <dimen name="x264">420.44dp</dimen>
    <dimen name="x265">422.04dp</dimen>
    <dimen name="x266">423.63dp</dimen>
    <dimen name="x267">425.22dp</dimen>
    <dimen name="x268">426.81dp</dimen>
    <dimen name="x269">428.41dp</dimen>
    <dimen name="x270">430.00dp</dimen>
    <dimen name="x271">431.59dp</dimen>
    <dimen name="x272">433.19dp</dimen>
    <dimen name="x273">434.78dp</dimen>
    <dimen name="x274">436.37dp</dimen>
    <dimen name="x275">437.96dp</dimen>
    <dimen name="x276">439.56dp</dimen>
    <dimen name="x277">441.15dp</dimen>
    <dimen name="x278">442.74dp</dimen>
    <dimen name="x279">444.33dp</dimen>
    <dimen name="x280">445.93dp</dimen>
    <dimen name="x281">447.52dp</dimen>
    <dimen name="x282">449.11dp</dimen>
    <dimen name="x283">450.70dp</dimen>
    <dimen name="x284">452.30dp</dimen>
    <dimen name="x285">453.89dp</dimen>
    <dimen name="x286">455.48dp</dimen>
    <dimen name="x287">457.07dp</dimen>
    <dimen name="x288">458.67dp</dimen>
    <dimen name="x289">460.26dp</dimen>
    <dimen name="x290">461.85dp</dimen>
    <dimen name="x291">463.44dp</dimen>
    <dimen name="x292">465.04dp</dimen>
    <dimen name="x293">466.63dp</dimen>
    <dimen name="x294">468.22dp</dimen>
    <dimen name="x295">469.81dp</dimen>
    <dimen name="x296">471.41dp</dimen>
    <dimen name="x297">473.00dp</dimen>
    <dimen name="x298">474.59dp</dimen>
    <dimen name="x299">476.19dp</dimen>
    <dimen name="x300">477.78dp</dimen>
    <dimen name="x301">479.37dp</dimen>
    <dimen name="x302">480.96dp</dimen>
    <dimen name="x303">482.56dp</dimen>
    <dimen name="x304">484.15dp</dimen>
    <dimen name="x305">485.74dp</dimen>
    <dimen name="x306">487.33dp</dimen>
    <dimen name="x307">488.93dp</dimen>
    <dimen name="x308">490.52dp</dimen>
    <dimen name="x309">492.11dp</dimen>
    <dimen name="x310">493.70dp</dimen>
    <dimen name="x311">495.30dp</dimen>
    <dimen name="x312">496.89dp</dimen>
    <dimen name="x313">498.48dp</dimen>
    <dimen name="x314">500.07dp</dimen>
    <dimen name="x315">501.67dp</dimen>
    <dimen name="x316">503.26dp</dimen>
    <dimen name="x317">504.85dp</dimen>
    <dimen name="x318">506.44dp</dimen>
    <dimen name="x319">508.04dp</dimen>
    <dimen name="x320">509.63dp</dimen>
    <dimen name="x321">511.22dp</dimen>
    <dimen name="x322">512.81dp</dimen>
    <dimen name="x323">514.41dp</dimen>
    <dimen name="x324">516.00dp</dimen>
    <dimen name="x325">517.59dp</dimen>
    <dimen name="x326">519.19dp</dimen>
    <dimen name="x327">520.78dp</dimen>
    <dimen name="x328">522.37dp</dimen>
    <dimen name="x329">523.96dp</dimen>
    <dimen name="x330">525.56dp</dimen>
    <dimen name="x331">527.15dp</dimen>
    <dimen name="x332">528.74dp</dimen>
    <dimen name="x333">530.33dp</dimen>
    <dimen name="x334">531.93dp</dimen>
    <dimen name="x335">533.52dp</dimen>
    <dimen name="x336">535.11dp</dimen>
    <dimen name="x337">536.70dp</dimen>
    <dimen name="x338">538.30dp</dimen>
    <dimen name="x339">539.89dp</dimen>
    <dimen name="x340">541.48dp</dimen>
    <dimen name="x341">543.07dp</dimen>
    <dimen name="x342">544.67dp</dimen>
    <dimen name="x343">546.26dp</dimen>
    <dimen name="x344">547.85dp</dimen>
    <dimen name="x345">549.44dp</dimen>
    <dimen name="x346">551.04dp</dimen>
    <dimen name="x347">552.63dp</dimen>
    <dimen name="x348">554.22dp</dimen>
    <dimen name="x349">555.81dp</dimen>
    <dimen name="x350">557.41dp</dimen>
    <dimen name="x351">559.00dp</dimen>
    <dimen name="x352">560.59dp</dimen>
    <dimen name="x353">562.19dp</dimen>
    <dimen name="x354">563.78dp</dimen>
    <dimen name="x355">565.37dp</dimen>
    <dimen name="x356">566.96dp</dimen>
    <dimen name="x357">568.56dp</dimen>
    <dimen name="x358">570.15dp</dimen>
    <dimen name="x359">571.74dp</dimen>
    <dimen name="x360">573.33dp</dimen>
    <dimen name="x361">574.93dp</dimen>
    <dimen name="x362">576.52dp</dimen>
    <dimen name="x363">578.11dp</dimen>
    <dimen name="x364">579.70dp</dimen>
    <dimen name="x365">581.30dp</dimen>
    <dimen name="x366">582.89dp</dimen>
    <dimen name="x367">584.48dp</dimen>
    <dimen name="x368">586.07dp</dimen>
    <dimen name="x369">587.67dp</dimen>
    <dimen name="x370">589.26dp</dimen>
    <dimen name="x371">590.85dp</dimen>
    <dimen name="x372">592.44dp</dimen>
    <dimen name="x373">594.04dp</dimen>
    <dimen name="x374">595.63dp</dimen>
    <dimen name="x375">597.22dp</dimen>
    <dimen name="x376">598.81dp</dimen>
    <dimen name="x377">600.41dp</dimen>
    <dimen name="x378">602.00dp</dimen>
    <dimen name="x379">603.59dp</dimen>
    <dimen name="x380">605.19dp</dimen>
    <dimen name="x381">606.78dp</dimen>
    <dimen name="x382">608.37dp</dimen>
    <dimen name="x383">609.96dp</dimen>
    <dimen name="x384">611.56dp</dimen>
    <dimen name="x385">613.15dp</dimen>
    <dimen name="x386">614.74dp</dimen>
    <dimen name="x387">616.33dp</dimen>
    <dimen name="x388">617.93dp</dimen>
    <dimen name="x389">619.52dp</dimen>
    <dimen name="x390">621.11dp</dimen>
    <dimen name="x391">622.70dp</dimen>
    <dimen name="x392">624.30dp</dimen>
    <dimen name="x393">625.89dp</dimen>
    <dimen name="x394">627.48dp</dimen>
    <dimen name="x395">629.07dp</dimen>
    <dimen name="x396">630.67dp</dimen>
    <dimen name="x397">632.26dp</dimen>
    <dimen name="x398">633.85dp</dimen>
    <dimen name="x399">635.44dp</dimen>
    <dimen name="x400">637.04dp</dimen>
    <dimen name="x401">638.63dp</dimen>
    <dimen name="x402">640.22dp</dimen>
    <dimen name="x403">641.81dp</dimen>
    <dimen name="x404">643.41dp</dimen>
    <dimen name="x405">645.00dp</dimen>
    <dimen name="x406">646.59dp</dimen>
    <dimen name="x407">648.19dp</dimen>
    <dimen name="x408">649.78dp</dimen>
    <dimen name="x409">651.37dp</dimen>
    <dimen name="x410">652.96dp</dimen>
    <dimen name="x411">654.56dp</dimen>
    <dimen name="x412">656.15dp</dimen>
    <dimen name="x413">657.74dp</dimen>
    <dimen name="x414">659.33dp</dimen>
    <dimen name="x415">660.93dp</dimen>
    <dimen name="x416">662.52dp</dimen>
    <dimen name="x417">664.11dp</dimen>
    <dimen name="x418">665.70dp</dimen>
    <dimen name="x419">667.30dp</dimen>
    <dimen name="x420">668.89dp</dimen>
    <dimen name="x421">670.48dp</dimen>
    <dimen name="x422">672.07dp</dimen>
    <dimen name="x423">673.67dp</dimen>
    <dimen name="x424">675.26dp</dimen>
    <dimen name="x425">676.85dp</dimen>
    <dimen name="x426">678.44dp</dimen>
    <dimen name="x427">680.04dp</dimen>
    <dimen name="x428">681.63dp</dimen>
    <dimen name="x429">683.22dp</dimen>
    <dimen name="x430">684.81dp</dimen>
    <dimen name="x431">686.41dp</dimen>
    <dimen name="x432">688.00dp</dimen>
    <dimen name="x433">689.59dp</dimen>
    <dimen name="x434">691.19dp</dimen>
    <dimen name="x435">692.78dp</dimen>
    <dimen name="x436">694.37dp</dimen>
    <dimen name="x437">695.96dp</dimen>
    <dimen name="x438">697.56dp</dimen>
    <dimen name="x439">699.15dp</dimen>
    <dimen name="x440">700.74dp</dimen>
    <dimen name="x441">702.33dp</dimen>
    <dimen name="x442">703.93dp</dimen>
    <dimen name="x443">705.52dp</dimen>
    <dimen name="x444">707.11dp</dimen>
    <dimen name="x445">708.70dp</dimen>
    <dimen name="x446">710.30dp</dimen>
    <dimen name="x447">711.89dp</dimen>
    <dimen name="x448">713.48dp</dimen>
    <dimen name="x449">715.07dp</dimen>
    <dimen name="x450">716.67dp</dimen>
    <dimen name="x451">718.26dp</dimen>
    <dimen name="x452">719.85dp</dimen>
    <dimen name="x453">721.44dp</dimen>
    <dimen name="x454">723.04dp</dimen>
    <dimen name="x455">724.63dp</dimen>
    <dimen name="x456">726.22dp</dimen>
    <dimen name="x457">727.81dp</dimen>
    <dimen name="x458">729.41dp</dimen>
    <dimen name="x459">731.00dp</dimen>
    <dimen name="x460">732.59dp</dimen>
    <dimen name="x461">734.19dp</dimen>
    <dimen name="x462">735.78dp</dimen>
    <dimen name="x463">737.37dp</dimen>
    <dimen name="x464">738.96dp</dimen>
    <dimen name="x465">740.56dp</dimen>
    <dimen name="x466">742.15dp</dimen>
    <dimen name="x467">743.74dp</dimen>
    <dimen name="x468">745.33dp</dimen>
    <dimen name="x469">746.93dp</dimen>
    <dimen name="x470">748.52dp</dimen>
    <dimen name="x471">750.11dp</dimen>
    <dimen name="x472">751.70dp</dimen>
    <dimen name="x473">753.30dp</dimen>
    <dimen name="x474">754.89dp</dimen>
    <dimen name="x475">756.48dp</dimen>
    <dimen name="x476">758.07dp</dimen>
    <dimen name="x477">759.67dp</dimen>
    <dimen name="x478">761.26dp</dimen>
    <dimen name="x479">762.85dp</dimen>
    <dimen name="x480">764.44dp</dimen>
    <dimen name="x481">766.04dp</dimen>
    <dimen name="x482">767.63dp</dimen>
    <dimen name="x483">769.22dp</dimen>
    <dimen name="x484">770.81dp</dimen>
    <dimen name="x485">772.41dp</dimen>
    <dimen name="x486">774.00dp</dimen>
    <dimen name="x487">775.59dp</dimen>
    <dimen name="x488">777.19dp</dimen>
    <dimen name="x489">778.78dp</dimen>
    <dimen name="x490">780.37dp</dimen>
    <dimen name="x491">781.96dp</dimen>
    <dimen name="x492">783.56dp</dimen>
    <dimen name="x493">785.15dp</dimen>
    <dimen name="x494">786.74dp</dimen>
    <dimen name="x495">788.33dp</dimen>
    <dimen name="x496">789.93dp</dimen>
    <dimen name="x497">791.52dp</dimen>
    <dimen name="x498">793.11dp</dimen>
    <dimen name="x499">794.70dp</dimen>
    <dimen name="x500">796.30dp</dimen>
    <dimen name="x501">797.89dp</dimen>
    <dimen name="x502">799.48dp</dimen>
    <dimen name="x503">801.07dp</dimen>
    <dimen name="x504">802.67dp</dimen>
    <dimen name="x505">804.26dp</dimen>
    <dimen name="x506">805.85dp</dimen>
    <dimen name="x507">807.44dp</dimen>
    <dimen name="x508">809.04dp</dimen>
    <dimen name="x509">810.63dp</dimen>
    <dimen name="x510">812.22dp</dimen>
    <dimen name="x511">813.81dp</dimen>
    <dimen name="x512">815.41dp</dimen>
    <dimen name="x513">817.00dp</dimen>
    <dimen name="x514">818.59dp</dimen>
    <dimen name="x515">820.19dp</dimen>
    <dimen name="x516">821.78dp</dimen>
    <dimen name="x517">823.37dp</dimen>
    <dimen name="x518">824.96dp</dimen>
    <dimen name="x519">826.56dp</dimen>
    <dimen name="x520">828.15dp</dimen>
    <dimen name="x521">829.74dp</dimen>
    <dimen name="x522">831.33dp</dimen>
    <dimen name="x523">832.93dp</dimen>
    <dimen name="x524">834.52dp</dimen>
    <dimen name="x525">836.11dp</dimen>
    <dimen name="x526">837.70dp</dimen>
    <dimen name="x527">839.30dp</dimen>
    <dimen name="x528">840.89dp</dimen>
    <dimen name="x529">842.48dp</dimen>
    <dimen name="x530">844.07dp</dimen>
    <dimen name="x531">845.67dp</dimen>
    <dimen name="x532">847.26dp</dimen>
    <dimen name="x533">848.85dp</dimen>
    <dimen name="x534">850.44dp</dimen>
    <dimen name="x535">852.04dp</dimen>
    <dimen name="x536">853.63dp</dimen>
    <dimen name="x537">855.22dp</dimen>
    <dimen name="x538">856.81dp</dimen>
    <dimen name="x539">858.41dp</dimen>
    <dimen name="x540">860.00dp</dimen>
    <dimen name="x541">861.59dp</dimen>
    <dimen name="x542">863.19dp</dimen>
    <dimen name="x543">864.78dp</dimen>
    <dimen name="x544">866.37dp</dimen>
    <dimen name="x545">867.96dp</dimen>
    <dimen name="x546">869.56dp</dimen>
    <dimen name="x547">871.15dp</dimen>
    <dimen name="x548">872.74dp</dimen>
    <dimen name="x549">874.33dp</dimen>
    <dimen name="x550">875.93dp</dimen>
    <dimen name="x551">877.52dp</dimen>
    <dimen name="x552">879.11dp</dimen>
    <dimen name="x553">880.70dp</dimen>
    <dimen name="x554">882.30dp</dimen>
    <dimen name="x555">883.89dp</dimen>
    <dimen name="x556">885.48dp</dimen>
    <dimen name="x557">887.07dp</dimen>
    <dimen name="x558">888.67dp</dimen>
    <dimen name="x559">890.26dp</dimen>
    <dimen name="x560">891.85dp</dimen>
    <dimen name="x561">893.44dp</dimen>
    <dimen name="x562">895.04dp</dimen>
    <dimen name="x563">896.63dp</dimen>
    <dimen name="x564">898.22dp</dimen>
    <dimen name="x565">899.81dp</dimen>
    <dimen name="x566">901.41dp</dimen>
    <dimen name="x567">903.00dp</dimen>
    <dimen name="x568">904.59dp</dimen>
    <dimen name="x569">906.19dp</dimen>
    <dimen name="x570">907.78dp</dimen>
    <dimen name="x571">909.37dp</dimen>
    <dimen name="x572">910.96dp</dimen>
    <dimen name="x573">912.56dp</dimen>
    <dimen name="x574">914.15dp</dimen>
    <dimen name="x575">915.74dp</dimen>
    <dimen name="x576">917.33dp</dimen>
    <dimen name="x577">918.93dp</dimen>
    <dimen name="x578">920.52dp</dimen>
    <dimen name="x579">922.11dp</dimen>
    <dimen name="x580">923.70dp</dimen>
    <dimen name="x581">925.30dp</dimen>
    <dimen name="x582">926.89dp</dimen>
    <dimen name="x583">928.48dp</dimen>
    <dimen name="x584">930.07dp</dimen>
    <dimen name="x585">931.67dp</dimen>
    <dimen name="x586">933.26dp</dimen>
    <dimen name="x587">934.85dp</dimen>
    <dimen name="x588">936.44dp</dimen>
    <dimen name="x589">938.04dp</dimen>
    <dimen name="x590">939.63dp</dimen>
    <dimen name="x591">941.22dp</dimen>
    <dimen name="x592">942.81dp</dimen>
    <dimen name="x593">944.41dp</dimen>
    <dimen name="x594">946.00dp</dimen>
    <dimen name="x595">947.59dp</dimen>
    <dimen name="x596">949.19dp</dimen>
    <dimen name="x597">950.78dp</dimen>
    <dimen name="x598">952.37dp</dimen>
    <dimen name="x599">953.96dp</dimen>
    <dimen name="x600">955.56dp</dimen>
    <dimen name="x601">957.15dp</dimen>
    <dimen name="x602">958.74dp</dimen>
    <dimen name="x603">960.33dp</dimen>
    <dimen name="x604">961.93dp</dimen>
    <dimen name="x605">963.52dp</dimen>
    <dimen name="x606">965.11dp</dimen>
    <dimen name="x607">966.70dp</dimen>
    <dimen name="x608">968.30dp</dimen>
    <dimen name="x609">969.89dp</dimen>
    <dimen name="x610">971.48dp</dimen>
    <dimen name="x611">973.07dp</dimen>
    <dimen name="x612">974.67dp</dimen>
    <dimen name="x613">976.26dp</dimen>
    <dimen name="x614">977.85dp</dimen>
    <dimen name="x615">979.44dp</dimen>
    <dimen name="x616">981.04dp</dimen>
    <dimen name="x617">982.63dp</dimen>
    <dimen name="x618">984.22dp</dimen>
    <dimen name="x619">985.81dp</dimen>
    <dimen name="x620">987.41dp</dimen>
    <dimen name="x621">989.00dp</dimen>
    <dimen name="x622">990.59dp</dimen>
    <dimen name="x623">992.19dp</dimen>
    <dimen name="x624">993.78dp</dimen>
    <dimen name="x625">995.37dp</dimen>
    <dimen name="x626">996.96dp</dimen>
    <dimen name="x627">998.56dp</dimen>
    <dimen name="x628">1000.15dp</dimen>
    <dimen name="x629">1001.74dp</dimen>
    <dimen name="x630">1003.33dp</dimen>
    <dimen name="x631">1004.93dp</dimen>
    <dimen name="x632">1006.52dp</dimen>
    <dimen name="x633">1008.11dp</dimen>
    <dimen name="x634">1009.70dp</dimen>
    <dimen name="x635">1011.30dp</dimen>
    <dimen name="x636">1012.89dp</dimen>
    <dimen name="x637">1014.48dp</dimen>
    <dimen name="x638">1016.07dp</dimen>
    <dimen name="x639">1017.67dp</dimen>
    <dimen name="x640">1019.26dp</dimen>
    <dimen name="x641">1020.85dp</dimen>
    <dimen name="x642">1022.44dp</dimen>
    <dimen name="x643">1024.04dp</dimen>
    <dimen name="x644">1025.63dp</dimen>
    <dimen name="x645">1027.22dp</dimen>
    <dimen name="x646">1028.81dp</dimen>
    <dimen name="x647">1030.41dp</dimen>
    <dimen name="x648">1032.00dp</dimen>
    <dimen name="x649">1033.59dp</dimen>
    <dimen name="x650">1035.19dp</dimen>
    <dimen name="x651">1036.78dp</dimen>
    <dimen name="x652">1038.37dp</dimen>
    <dimen name="x653">1039.96dp</dimen>
    <dimen name="x654">1041.56dp</dimen>
    <dimen name="x655">1043.15dp</dimen>
    <dimen name="x656">1044.74dp</dimen>
    <dimen name="x657">1046.33dp</dimen>
    <dimen name="x658">1047.93dp</dimen>
    <dimen name="x659">1049.52dp</dimen>
    <dimen name="x660">1051.11dp</dimen>
    <dimen name="x661">1052.70dp</dimen>
    <dimen name="x662">1054.30dp</dimen>
    <dimen name="x663">1055.89dp</dimen>
    <dimen name="x664">1057.48dp</dimen>
    <dimen name="x665">1059.07dp</dimen>
    <dimen name="x666">1060.67dp</dimen>
    <dimen name="x667">1062.26dp</dimen>
    <dimen name="x668">1063.85dp</dimen>
    <dimen name="x669">1065.44dp</dimen>
    <dimen name="x670">1067.04dp</dimen>
    <dimen name="x671">1068.63dp</dimen>
    <dimen name="x672">1070.22dp</dimen>
    <dimen name="x673">1071.81dp</dimen>
    <dimen name="x674">1073.41dp</dimen>
    <dimen name="x675">1075.00dp</dimen>
    <dimen name="x676">1076.59dp</dimen>
    <dimen name="x677">1078.19dp</dimen>
    <dimen name="x678">1079.78dp</dimen>
    <dimen name="x679">1081.37dp</dimen>
    <dimen name="x680">1082.96dp</dimen>
    <dimen name="x681">1084.56dp</dimen>
    <dimen name="x682">1086.15dp</dimen>
    <dimen name="x683">1087.74dp</dimen>
    <dimen name="x684">1089.33dp</dimen>
    <dimen name="x685">1090.93dp</dimen>
    <dimen name="x686">1092.52dp</dimen>
    <dimen name="x687">1094.11dp</dimen>
    <dimen name="x688">1095.70dp</dimen>
    <dimen name="x689">1097.30dp</dimen>
    <dimen name="x690">1098.89dp</dimen>
    <dimen name="x691">1100.48dp</dimen>
    <dimen name="x692">1102.07dp</dimen>
    <dimen name="x693">1103.67dp</dimen>
    <dimen name="x694">1105.26dp</dimen>
    <dimen name="x695">1106.85dp</dimen>
    <dimen name="x696">1108.44dp</dimen>
    <dimen name="x697">1110.04dp</dimen>
    <dimen name="x698">1111.63dp</dimen>
    <dimen name="x699">1113.22dp</dimen>
    <dimen name="x700">1114.81dp</dimen>
    <dimen name="x701">1116.41dp</dimen>
    <dimen name="x702">1118.00dp</dimen>
    <dimen name="x703">1119.59dp</dimen>
    <dimen name="x704">1121.19dp</dimen>
    <dimen name="x705">1122.78dp</dimen>
    <dimen name="x706">1124.37dp</dimen>
    <dimen name="x707">1125.96dp</dimen>
    <dimen name="x708">1127.56dp</dimen>
    <dimen name="x709">1129.15dp</dimen>
    <dimen name="x710">1130.74dp</dimen>
    <dimen name="x711">1132.33dp</dimen>
    <dimen name="x712">1133.93dp</dimen>
    <dimen name="x713">1135.52dp</dimen>
    <dimen name="x714">1137.11dp</dimen>
    <dimen name="x715">1138.70dp</dimen>
    <dimen name="x716">1140.30dp</dimen>
    <dimen name="x717">1141.89dp</dimen>
    <dimen name="x718">1143.48dp</dimen>
    <dimen name="x719">1145.07dp</dimen>
    <dimen name="x720">1146.67dp</dimen>
    <dimen name="x721">1148.26dp</dimen>
    <dimen name="x722">1149.85dp</dimen>
    <dimen name="x723">1151.44dp</dimen>
    <dimen name="x724">1153.04dp</dimen>
    <dimen name="x725">1154.63dp</dimen>
    <dimen name="x726">1156.22dp</dimen>
    <dimen name="x727">1157.81dp</dimen>
    <dimen name="x728">1159.41dp</dimen>
    <dimen name="x729">1161.00dp</dimen>
    <dimen name="x730">1162.59dp</dimen>
    <dimen name="x731">1164.19dp</dimen>
    <dimen name="x732">1165.78dp</dimen>
    <dimen name="x733">1167.37dp</dimen>
    <dimen name="x734">1168.96dp</dimen>
    <dimen name="x735">1170.56dp</dimen>
    <dimen name="x736">1172.15dp</dimen>
    <dimen name="x737">1173.74dp</dimen>
    <dimen name="x738">1175.33dp</dimen>
    <dimen name="x739">1176.93dp</dimen>
    <dimen name="x740">1178.52dp</dimen>
    <dimen name="x741">1180.11dp</dimen>
    <dimen name="x742">1181.70dp</dimen>
    <dimen name="x743">1183.30dp</dimen>
    <dimen name="x744">1184.89dp</dimen>
    <dimen name="x745">1186.48dp</dimen>
    <dimen name="x746">1188.07dp</dimen>
    <dimen name="x747">1189.67dp</dimen>
    <dimen name="x748">1191.26dp</dimen>
    <dimen name="x749">1192.85dp</dimen>
    <dimen name="x750">1194.44dp</dimen>
    <dimen name="x751">1196.04dp</dimen>
    <dimen name="x752">1197.63dp</dimen>
    <dimen name="x753">1199.22dp</dimen>
    <dimen name="x754">1200.81dp</dimen>
    <dimen name="x755">1202.41dp</dimen>
    <dimen name="x756">1204.00dp</dimen>
    <dimen name="x757">1205.59dp</dimen>
    <dimen name="x758">1207.19dp</dimen>
    <dimen name="x759">1208.78dp</dimen>
    <dimen name="x760">1210.37dp</dimen>
    <dimen name="x761">1211.96dp</dimen>
    <dimen name="x762">1213.56dp</dimen>
    <dimen name="x763">1215.15dp</dimen>
    <dimen name="x764">1216.74dp</dimen>
    <dimen name="x765">1218.33dp</dimen>
    <dimen name="x766">1219.93dp</dimen>
    <dimen name="x767">1221.52dp</dimen>
    <dimen name="x768">1223.11dp</dimen>
    <dimen name="x769">1224.70dp</dimen>
    <dimen name="x770">1226.30dp</dimen>
    <dimen name="x771">1227.89dp</dimen>
    <dimen name="x772">1229.48dp</dimen>
    <dimen name="x773">1231.07dp</dimen>
    <dimen name="x774">1232.67dp</dimen>
    <dimen name="x775">1234.26dp</dimen>
    <dimen name="x776">1235.85dp</dimen>
    <dimen name="x777">1237.44dp</dimen>
    <dimen name="x778">1239.04dp</dimen>
    <dimen name="x779">1240.63dp</dimen>
    <dimen name="x780">1242.22dp</dimen>
    <dimen name="x781">1243.81dp</dimen>
    <dimen name="x782">1245.41dp</dimen>
    <dimen name="x783">1247.00dp</dimen>
    <dimen name="x784">1248.59dp</dimen>
    <dimen name="x785">1250.19dp</dimen>
    <dimen name="x786">1251.78dp</dimen>
    <dimen name="x787">1253.37dp</dimen>
    <dimen name="x788">1254.96dp</dimen>
    <dimen name="x789">1256.56dp</dimen>
    <dimen name="x790">1258.15dp</dimen>
    <dimen name="x791">1259.74dp</dimen>
    <dimen name="x792">1261.33dp</dimen>
    <dimen name="x793">1262.93dp</dimen>
    <dimen name="x794">1264.52dp</dimen>
    <dimen name="x795">1266.11dp</dimen>
    <dimen name="x796">1267.70dp</dimen>
    <dimen name="x797">1269.30dp</dimen>
    <dimen name="x798">1270.89dp</dimen>
    <dimen name="x799">1272.48dp</dimen>
    <dimen name="x800">1274.07dp</dimen>
    <dimen name="x801">1275.67dp</dimen>
    <dimen name="x802">1277.26dp</dimen>
    <dimen name="x803">1278.85dp</dimen>
    <dimen name="x804">1280.44dp</dimen>
    <dimen name="x805">1282.04dp</dimen>
    <dimen name="x806">1283.63dp</dimen>
    <dimen name="x807">1285.22dp</dimen>
    <dimen name="x808">1286.81dp</dimen>
    <dimen name="x809">1288.41dp</dimen>
    <dimen name="x810">1290.00dp</dimen>
    <dimen name="x811">1291.59dp</dimen>
    <dimen name="x812">1293.19dp</dimen>
    <dimen name="x813">1294.78dp</dimen>
    <dimen name="x814">1296.37dp</dimen>
    <dimen name="x815">1297.96dp</dimen>
    <dimen name="x816">1299.56dp</dimen>
    <dimen name="x817">1301.15dp</dimen>
    <dimen name="x818">1302.74dp</dimen>
    <dimen name="x819">1304.33dp</dimen>
    <dimen name="x820">1305.93dp</dimen>
    <dimen name="x821">1307.52dp</dimen>
    <dimen name="x822">1309.11dp</dimen>
    <dimen name="x823">1310.70dp</dimen>
    <dimen name="x824">1312.30dp</dimen>
    <dimen name="x825">1313.89dp</dimen>
    <dimen name="x826">1315.48dp</dimen>
    <dimen name="x827">1317.07dp</dimen>
    <dimen name="x828">1318.67dp</dimen>
    <dimen name="x829">1320.26dp</dimen>
    <dimen name="x830">1321.85dp</dimen>
    <dimen name="x831">1323.44dp</dimen>
    <dimen name="x832">1325.04dp</dimen>
    <dimen name="x833">1326.63dp</dimen>
    <dimen name="x834">1328.22dp</dimen>
    <dimen name="x835">1329.81dp</dimen>
    <dimen name="x836">1331.41dp</dimen>
    <dimen name="x837">1333.00dp</dimen>
    <dimen name="x838">1334.59dp</dimen>
    <dimen name="x839">1336.19dp</dimen>
    <dimen name="x840">1337.78dp</dimen>
    <dimen name="x841">1339.37dp</dimen>
    <dimen name="x842">1340.96dp</dimen>
    <dimen name="x843">1342.56dp</dimen>
    <dimen name="x844">1344.15dp</dimen>
    <dimen name="x845">1345.74dp</dimen>
    <dimen name="x846">1347.33dp</dimen>
    <dimen name="x847">1348.93dp</dimen>
    <dimen name="x848">1350.52dp</dimen>
    <dimen name="x849">1352.11dp</dimen>
    <dimen name="x850">1353.70dp</dimen>
    <dimen name="x851">1355.30dp</dimen>
    <dimen name="x852">1356.89dp</dimen>
    <dimen name="x853">1358.48dp</dimen>
    <dimen name="x854">1360.07dp</dimen>
    <dimen name="x855">1361.67dp</dimen>
    <dimen name="x856">1363.26dp</dimen>
    <dimen name="x857">1364.85dp</dimen>
    <dimen name="x858">1366.44dp</dimen>
    <dimen name="x859">1368.04dp</dimen>
    <dimen name="x860">1369.63dp</dimen>
    <dimen name="x861">1371.22dp</dimen>
    <dimen name="x862">1372.81dp</dimen>
    <dimen name="x863">1374.41dp</dimen>
    <dimen name="x864">1376.00dp</dimen>
    <dimen name="x865">1377.59dp</dimen>
    <dimen name="x866">1379.19dp</dimen>
    <dimen name="x867">1380.78dp</dimen>
    <dimen name="x868">1382.37dp</dimen>
    <dimen name="x869">1383.96dp</dimen>
    <dimen name="x870">1385.56dp</dimen>
    <dimen name="x871">1387.15dp</dimen>
    <dimen name="x872">1388.74dp</dimen>
    <dimen name="x873">1390.33dp</dimen>
    <dimen name="x874">1391.93dp</dimen>
    <dimen name="x875">1393.52dp</dimen>
    <dimen name="x876">1395.11dp</dimen>
    <dimen name="x877">1396.70dp</dimen>
    <dimen name="x878">1398.30dp</dimen>
    <dimen name="x879">1399.89dp</dimen>
    <dimen name="x880">1401.48dp</dimen>
    <dimen name="x881">1403.07dp</dimen>
    <dimen name="x882">1404.67dp</dimen>
    <dimen name="x883">1406.26dp</dimen>
    <dimen name="x884">1407.85dp</dimen>
    <dimen name="x885">1409.44dp</dimen>
    <dimen name="x886">1411.04dp</dimen>
    <dimen name="x887">1412.63dp</dimen>
    <dimen name="x888">1414.22dp</dimen>
    <dimen name="x889">1415.81dp</dimen>
    <dimen name="x890">1417.41dp</dimen>
    <dimen name="x891">1419.00dp</dimen>
    <dimen name="x892">1420.59dp</dimen>
    <dimen name="x893">1422.19dp</dimen>
    <dimen name="x894">1423.78dp</dimen>
    <dimen name="x895">1425.37dp</dimen>
    <dimen name="x896">1426.96dp</dimen>
    <dimen name="x897">1428.56dp</dimen>
    <dimen name="x898">1430.15dp</dimen>
    <dimen name="x899">1431.74dp</dimen>
    <dimen name="x900">1433.33dp</dimen>
    <dimen name="x901">1434.93dp</dimen>
    <dimen name="x902">1436.52dp</dimen>
    <dimen name="x903">1438.11dp</dimen>
    <dimen name="x904">1439.70dp</dimen>
    <dimen name="x905">1441.30dp</dimen>
    <dimen name="x906">1442.89dp</dimen>
    <dimen name="x907">1444.48dp</dimen>
    <dimen name="x908">1446.07dp</dimen>
    <dimen name="x909">1447.67dp</dimen>
    <dimen name="x910">1449.26dp</dimen>
    <dimen name="x911">1450.85dp</dimen>
    <dimen name="x912">1452.44dp</dimen>
    <dimen name="x913">1454.04dp</dimen>
    <dimen name="x914">1455.63dp</dimen>
    <dimen name="x915">1457.22dp</dimen>
    <dimen name="x916">1458.81dp</dimen>
    <dimen name="x917">1460.41dp</dimen>
    <dimen name="x918">1462.00dp</dimen>
    <dimen name="x919">1463.59dp</dimen>
    <dimen name="x920">1465.19dp</dimen>
    <dimen name="x921">1466.78dp</dimen>
    <dimen name="x922">1468.37dp</dimen>
    <dimen name="x923">1469.96dp</dimen>
    <dimen name="x924">1471.56dp</dimen>
    <dimen name="x925">1473.15dp</dimen>
    <dimen name="x926">1474.74dp</dimen>
    <dimen name="x927">1476.33dp</dimen>
    <dimen name="x928">1477.93dp</dimen>
    <dimen name="x929">1479.52dp</dimen>
    <dimen name="x930">1481.11dp</dimen>
    <dimen name="x931">1482.70dp</dimen>
    <dimen name="x932">1484.30dp</dimen>
    <dimen name="x933">1485.89dp</dimen>
    <dimen name="x934">1487.48dp</dimen>
    <dimen name="x935">1489.07dp</dimen>
    <dimen name="x936">1490.67dp</dimen>
    <dimen name="x937">1492.26dp</dimen>
    <dimen name="x938">1493.85dp</dimen>
    <dimen name="x939">1495.44dp</dimen>
    <dimen name="x940">1497.04dp</dimen>
    <dimen name="x941">1498.63dp</dimen>
    <dimen name="x942">1500.22dp</dimen>
    <dimen name="x943">1501.81dp</dimen>
    <dimen name="x944">1503.41dp</dimen>
    <dimen name="x945">1505.00dp</dimen>
    <dimen name="x946">1506.59dp</dimen>
    <dimen name="x947">1508.19dp</dimen>
    <dimen name="x948">1509.78dp</dimen>
    <dimen name="x949">1511.37dp</dimen>
    <dimen name="x950">1512.96dp</dimen>
    <dimen name="x951">1514.56dp</dimen>
    <dimen name="x952">1516.15dp</dimen>
    <dimen name="x953">1517.74dp</dimen>
    <dimen name="x954">1519.33dp</dimen>
    <dimen name="x955">1520.93dp</dimen>
    <dimen name="x956">1522.52dp</dimen>
    <dimen name="x957">1524.11dp</dimen>
    <dimen name="x958">1525.70dp</dimen>
    <dimen name="x959">1527.30dp</dimen>
    <dimen name="x960">1528.89dp</dimen>
    <dimen name="x961">1530.48dp</dimen>
    <dimen name="x962">1532.07dp</dimen>
    <dimen name="x963">1533.67dp</dimen>
    <dimen name="x964">1535.26dp</dimen>
    <dimen name="x965">1536.85dp</dimen>
    <dimen name="x966">1538.44dp</dimen>
    <dimen name="x967">1540.04dp</dimen>
    <dimen name="x968">1541.63dp</dimen>
    <dimen name="x969">1543.22dp</dimen>
    <dimen name="x970">1544.81dp</dimen>
    <dimen name="x971">1546.41dp</dimen>
    <dimen name="x972">1548.00dp</dimen>
    <dimen name="x973">1549.59dp</dimen>
    <dimen name="x974">1551.19dp</dimen>
    <dimen name="x975">1552.78dp</dimen>
    <dimen name="x976">1554.37dp</dimen>
    <dimen name="x977">1555.96dp</dimen>
    <dimen name="x978">1557.56dp</dimen>
    <dimen name="x979">1559.15dp</dimen>
    <dimen name="x980">1560.74dp</dimen>
    <dimen name="x981">1562.33dp</dimen>
    <dimen name="x982">1563.93dp</dimen>
    <dimen name="x983">1565.52dp</dimen>
    <dimen name="x984">1567.11dp</dimen>
    <dimen name="x985">1568.70dp</dimen>
    <dimen name="x986">1570.30dp</dimen>
    <dimen name="x987">1571.89dp</dimen>
    <dimen name="x988">1573.48dp</dimen>
    <dimen name="x989">1575.07dp</dimen>
    <dimen name="x990">1576.67dp</dimen>
    <dimen name="x991">1578.26dp</dimen>
    <dimen name="x992">1579.85dp</dimen>
    <dimen name="x993">1581.44dp</dimen>
    <dimen name="x994">1583.04dp</dimen>
    <dimen name="x995">1584.63dp</dimen>
    <dimen name="x996">1586.22dp</dimen>
    <dimen name="x997">1587.81dp</dimen>
    <dimen name="x998">1589.41dp</dimen>
    <dimen name="x999">1591.00dp</dimen>
    <dimen name="x1000">1592.59dp</dimen>
    <dimen name="x1001">1594.19dp</dimen>
    <dimen name="x1002">1595.78dp</dimen>
    <dimen name="x1003">1597.37dp</dimen>
    <dimen name="x1004">1598.96dp</dimen>
    <dimen name="x1005">1600.56dp</dimen>
    <dimen name="x1006">1602.15dp</dimen>
    <dimen name="x1007">1603.74dp</dimen>
    <dimen name="x1008">1605.33dp</dimen>
    <dimen name="x1009">1606.93dp</dimen>
    <dimen name="x1010">1608.52dp</dimen>
    <dimen name="x1011">1610.11dp</dimen>
    <dimen name="x1012">1611.70dp</dimen>
    <dimen name="x1013">1613.30dp</dimen>
    <dimen name="x1014">1614.89dp</dimen>
    <dimen name="x1015">1616.48dp</dimen>
    <dimen name="x1016">1618.07dp</dimen>
    <dimen name="x1017">1619.67dp</dimen>
    <dimen name="x1018">1621.26dp</dimen>
    <dimen name="x1019">1622.85dp</dimen>
    <dimen name="x1020">1624.44dp</dimen>
    <dimen name="x1021">1626.04dp</dimen>
    <dimen name="x1022">1627.63dp</dimen>
    <dimen name="x1023">1629.22dp</dimen>
    <dimen name="x1024">1630.81dp</dimen>
    <dimen name="x1025">1632.41dp</dimen>
    <dimen name="x1026">1634.00dp</dimen>
    <dimen name="x1027">1635.59dp</dimen>
    <dimen name="x1028">1637.19dp</dimen>
    <dimen name="x1029">1638.78dp</dimen>
    <dimen name="x1030">1640.37dp</dimen>
    <dimen name="x1031">1641.96dp</dimen>
    <dimen name="x1032">1643.56dp</dimen>
    <dimen name="x1033">1645.15dp</dimen>
    <dimen name="x1034">1646.74dp</dimen>
    <dimen name="x1035">1648.33dp</dimen>
    <dimen name="x1036">1649.93dp</dimen>
    <dimen name="x1037">1651.52dp</dimen>
    <dimen name="x1038">1653.11dp</dimen>
    <dimen name="x1039">1654.70dp</dimen>
    <dimen name="x1040">1656.30dp</dimen>
    <dimen name="x1041">1657.89dp</dimen>
    <dimen name="x1042">1659.48dp</dimen>
    <dimen name="x1043">1661.07dp</dimen>
    <dimen name="x1044">1662.67dp</dimen>
    <dimen name="x1045">1664.26dp</dimen>
    <dimen name="x1046">1665.85dp</dimen>
    <dimen name="x1047">1667.44dp</dimen>
    <dimen name="x1048">1669.04dp</dimen>
    <dimen name="x1049">1670.63dp</dimen>
    <dimen name="x1050">1672.22dp</dimen>
    <dimen name="x1051">1673.81dp</dimen>
    <dimen name="x1052">1675.41dp</dimen>
    <dimen name="x1053">1677.00dp</dimen>
    <dimen name="x1054">1678.59dp</dimen>
    <dimen name="x1055">1680.19dp</dimen>
    <dimen name="x1056">1681.78dp</dimen>
    <dimen name="x1057">1683.37dp</dimen>
    <dimen name="x1058">1684.96dp</dimen>
    <dimen name="x1059">1686.56dp</dimen>
    <dimen name="x1060">1688.15dp</dimen>
    <dimen name="x1061">1689.74dp</dimen>
    <dimen name="x1062">1691.33dp</dimen>
    <dimen name="x1063">1692.93dp</dimen>
    <dimen name="x1064">1694.52dp</dimen>
    <dimen name="x1065">1696.11dp</dimen>
    <dimen name="x1066">1697.70dp</dimen>
    <dimen name="x1067">1699.30dp</dimen>
    <dimen name="x1068">1700.89dp</dimen>
    <dimen name="x1069">1702.48dp</dimen>
    <dimen name="x1070">1704.07dp</dimen>
    <dimen name="x1071">1705.67dp</dimen>
    <dimen name="x1072">1707.26dp</dimen>
    <dimen name="x1073">1708.85dp</dimen>
    <dimen name="x1074">1710.44dp</dimen>
    <dimen name="x1075">1712.04dp</dimen>
    <dimen name="x1076">1713.63dp</dimen>
    <dimen name="x1077">1715.22dp</dimen>
    <dimen name="x1078">1716.81dp</dimen>
    <dimen name="x1079">1718.41dp</dimen>
    <dimen name="x1080">1720.00dp</dimen>
</resources>