<?xml version="1.0" encoding="utf-8"?>
<resources>
    <string name="sw_dp">1130dp</string>
    <dimen name="x1">1.05dp</dimen>
    <dimen name="x2">2.09dp</dimen>
    <dimen name="x3">3.14dp</dimen>
    <dimen name="x4">4.19dp</dimen>
    <dimen name="x5">5.23dp</dimen>
    <dimen name="x6">6.28dp</dimen>
    <dimen name="x7">7.32dp</dimen>
    <dimen name="x8">8.37dp</dimen>
    <dimen name="x9">9.42dp</dimen>
    <dimen name="x10">10.46dp</dimen>
    <dimen name="x11">11.51dp</dimen>
    <dimen name="x12">12.56dp</dimen>
    <dimen name="x13">13.60dp</dimen>
    <dimen name="x14">14.65dp</dimen>
    <dimen name="x15">15.69dp</dimen>
    <dimen name="x16">16.74dp</dimen>
    <dimen name="x17">17.79dp</dimen>
    <dimen name="x18">18.83dp</dimen>
    <dimen name="x19">19.88dp</dimen>
    <dimen name="x20">20.93dp</dimen>
    <dimen name="x21">21.97dp</dimen>
    <dimen name="x22">23.02dp</dimen>
    <dimen name="x23">24.06dp</dimen>
    <dimen name="x24">25.11dp</dimen>
    <dimen name="x25">26.16dp</dimen>
    <dimen name="x26">27.20dp</dimen>
    <dimen name="x27">28.25dp</dimen>
    <dimen name="x28">29.30dp</dimen>
    <dimen name="x29">30.34dp</dimen>
    <dimen name="x30">31.39dp</dimen>
    <dimen name="x31">32.44dp</dimen>
    <dimen name="x32">33.48dp</dimen>
    <dimen name="x33">34.53dp</dimen>
    <dimen name="x34">35.57dp</dimen>
    <dimen name="x35">36.62dp</dimen>
    <dimen name="x36">37.67dp</dimen>
    <dimen name="x37">38.71dp</dimen>
    <dimen name="x38">39.76dp</dimen>
    <dimen name="x39">40.81dp</dimen>
    <dimen name="x40">41.85dp</dimen>
    <dimen name="x41">42.90dp</dimen>
    <dimen name="x42">43.94dp</dimen>
    <dimen name="x43">44.99dp</dimen>
    <dimen name="x44">46.04dp</dimen>
    <dimen name="x45">47.08dp</dimen>
    <dimen name="x46">48.13dp</dimen>
    <dimen name="x47">49.18dp</dimen>
    <dimen name="x48">50.22dp</dimen>
    <dimen name="x49">51.27dp</dimen>
    <dimen name="x50">52.31dp</dimen>
    <dimen name="x51">53.36dp</dimen>
    <dimen name="x52">54.41dp</dimen>
    <dimen name="x53">55.45dp</dimen>
    <dimen name="x54">56.50dp</dimen>
    <dimen name="x55">57.55dp</dimen>
    <dimen name="x56">58.59dp</dimen>
    <dimen name="x57">59.64dp</dimen>
    <dimen name="x58">60.69dp</dimen>
    <dimen name="x59">61.73dp</dimen>
    <dimen name="x60">62.78dp</dimen>
    <dimen name="x61">63.82dp</dimen>
    <dimen name="x62">64.87dp</dimen>
    <dimen name="x63">65.92dp</dimen>
    <dimen name="x64">66.96dp</dimen>
    <dimen name="x65">68.01dp</dimen>
    <dimen name="x66">69.06dp</dimen>
    <dimen name="x67">70.10dp</dimen>
    <dimen name="x68">71.15dp</dimen>
    <dimen name="x69">72.19dp</dimen>
    <dimen name="x70">73.24dp</dimen>
    <dimen name="x71">74.29dp</dimen>
    <dimen name="x72">75.33dp</dimen>
    <dimen name="x73">76.38dp</dimen>
    <dimen name="x74">77.43dp</dimen>
    <dimen name="x75">78.47dp</dimen>
    <dimen name="x76">79.52dp</dimen>
    <dimen name="x77">80.56dp</dimen>
    <dimen name="x78">81.61dp</dimen>
    <dimen name="x79">82.66dp</dimen>
    <dimen name="x80">83.70dp</dimen>
    <dimen name="x81">84.75dp</dimen>
    <dimen name="x82">85.80dp</dimen>
    <dimen name="x83">86.84dp</dimen>
    <dimen name="x84">87.89dp</dimen>
    <dimen name="x85">88.94dp</dimen>
    <dimen name="x86">89.98dp</dimen>
    <dimen name="x87">91.03dp</dimen>
    <dimen name="x88">92.07dp</dimen>
    <dimen name="x89">93.12dp</dimen>
    <dimen name="x90">94.17dp</dimen>
    <dimen name="x91">95.21dp</dimen>
    <dimen name="x92">96.26dp</dimen>
    <dimen name="x93">97.31dp</dimen>
    <dimen name="x94">98.35dp</dimen>
    <dimen name="x95">99.40dp</dimen>
    <dimen name="x96">100.44dp</dimen>
    <dimen name="x97">101.49dp</dimen>
    <dimen name="x98">102.54dp</dimen>
    <dimen name="x99">103.58dp</dimen>
    <dimen name="x100">104.63dp</dimen>
    <dimen name="x101">105.68dp</dimen>
    <dimen name="x102">106.72dp</dimen>
    <dimen name="x103">107.77dp</dimen>
    <dimen name="x104">108.81dp</dimen>
    <dimen name="x105">109.86dp</dimen>
    <dimen name="x106">110.91dp</dimen>
    <dimen name="x107">111.95dp</dimen>
    <dimen name="x108">113.00dp</dimen>
    <dimen name="x109">114.05dp</dimen>
    <dimen name="x110">115.09dp</dimen>
    <dimen name="x111">116.14dp</dimen>
    <dimen name="x112">117.19dp</dimen>
    <dimen name="x113">118.23dp</dimen>
    <dimen name="x114">119.28dp</dimen>
    <dimen name="x115">120.32dp</dimen>
    <dimen name="x116">121.37dp</dimen>
    <dimen name="x117">122.42dp</dimen>
    <dimen name="x118">123.46dp</dimen>
    <dimen name="x119">124.51dp</dimen>
    <dimen name="x120">125.56dp</dimen>
    <dimen name="x121">126.60dp</dimen>
    <dimen name="x122">127.65dp</dimen>
    <dimen name="x123">128.69dp</dimen>
    <dimen name="x124">129.74dp</dimen>
    <dimen name="x125">130.79dp</dimen>
    <dimen name="x126">131.83dp</dimen>
    <dimen name="x127">132.88dp</dimen>
    <dimen name="x128">133.93dp</dimen>
    <dimen name="x129">134.97dp</dimen>
    <dimen name="x130">136.02dp</dimen>
    <dimen name="x131">137.06dp</dimen>
    <dimen name="x132">138.11dp</dimen>
    <dimen name="x133">139.16dp</dimen>
    <dimen name="x134">140.20dp</dimen>
    <dimen name="x135">141.25dp</dimen>
    <dimen name="x136">142.30dp</dimen>
    <dimen name="x137">143.34dp</dimen>
    <dimen name="x138">144.39dp</dimen>
    <dimen name="x139">145.44dp</dimen>
    <dimen name="x140">146.48dp</dimen>
    <dimen name="x141">147.53dp</dimen>
    <dimen name="x142">148.57dp</dimen>
    <dimen name="x143">149.62dp</dimen>
    <dimen name="x144">150.67dp</dimen>
    <dimen name="x145">151.71dp</dimen>
    <dimen name="x146">152.76dp</dimen>
    <dimen name="x147">153.81dp</dimen>
    <dimen name="x148">154.85dp</dimen>
    <dimen name="x149">155.90dp</dimen>
    <dimen name="x150">156.94dp</dimen>
    <dimen name="x151">157.99dp</dimen>
    <dimen name="x152">159.04dp</dimen>
    <dimen name="x153">160.08dp</dimen>
    <dimen name="x154">161.13dp</dimen>
    <dimen name="x155">162.18dp</dimen>
    <dimen name="x156">163.22dp</dimen>
    <dimen name="x157">164.27dp</dimen>
    <dimen name="x158">165.31dp</dimen>
    <dimen name="x159">166.36dp</dimen>
    <dimen name="x160">167.41dp</dimen>
    <dimen name="x161">168.45dp</dimen>
    <dimen name="x162">169.50dp</dimen>
    <dimen name="x163">170.55dp</dimen>
    <dimen name="x164">171.59dp</dimen>
    <dimen name="x165">172.64dp</dimen>
    <dimen name="x166">173.69dp</dimen>
    <dimen name="x167">174.73dp</dimen>
    <dimen name="x168">175.78dp</dimen>
    <dimen name="x169">176.82dp</dimen>
    <dimen name="x170">177.87dp</dimen>
    <dimen name="x171">178.92dp</dimen>
    <dimen name="x172">179.96dp</dimen>
    <dimen name="x173">181.01dp</dimen>
    <dimen name="x174">182.06dp</dimen>
    <dimen name="x175">183.10dp</dimen>
    <dimen name="x176">184.15dp</dimen>
    <dimen name="x177">185.19dp</dimen>
    <dimen name="x178">186.24dp</dimen>
    <dimen name="x179">187.29dp</dimen>
    <dimen name="x180">188.33dp</dimen>
    <dimen name="x181">189.38dp</dimen>
    <dimen name="x182">190.43dp</dimen>
    <dimen name="x183">191.47dp</dimen>
    <dimen name="x184">192.52dp</dimen>
    <dimen name="x185">193.56dp</dimen>
    <dimen name="x186">194.61dp</dimen>
    <dimen name="x187">195.66dp</dimen>
    <dimen name="x188">196.70dp</dimen>
    <dimen name="x189">197.75dp</dimen>
    <dimen name="x190">198.80dp</dimen>
    <dimen name="x191">199.84dp</dimen>
    <dimen name="x192">200.89dp</dimen>
    <dimen name="x193">201.94dp</dimen>
    <dimen name="x194">202.98dp</dimen>
    <dimen name="x195">204.03dp</dimen>
    <dimen name="x196">205.07dp</dimen>
    <dimen name="x197">206.12dp</dimen>
    <dimen name="x198">207.17dp</dimen>
    <dimen name="x199">208.21dp</dimen>
    <dimen name="x200">209.26dp</dimen>
    <dimen name="x201">210.31dp</dimen>
    <dimen name="x202">211.35dp</dimen>
    <dimen name="x203">212.40dp</dimen>
    <dimen name="x204">213.44dp</dimen>
    <dimen name="x205">214.49dp</dimen>
    <dimen name="x206">215.54dp</dimen>
    <dimen name="x207">216.58dp</dimen>
    <dimen name="x208">217.63dp</dimen>
    <dimen name="x209">218.68dp</dimen>
    <dimen name="x210">219.72dp</dimen>
    <dimen name="x211">220.77dp</dimen>
    <dimen name="x212">221.81dp</dimen>
    <dimen name="x213">222.86dp</dimen>
    <dimen name="x214">223.91dp</dimen>
    <dimen name="x215">224.95dp</dimen>
    <dimen name="x216">226.00dp</dimen>
    <dimen name="x217">227.05dp</dimen>
    <dimen name="x218">228.09dp</dimen>
    <dimen name="x219">229.14dp</dimen>
    <dimen name="x220">230.19dp</dimen>
    <dimen name="x221">231.23dp</dimen>
    <dimen name="x222">232.28dp</dimen>
    <dimen name="x223">233.32dp</dimen>
    <dimen name="x224">234.37dp</dimen>
    <dimen name="x225">235.42dp</dimen>
    <dimen name="x226">236.46dp</dimen>
    <dimen name="x227">237.51dp</dimen>
    <dimen name="x228">238.56dp</dimen>
    <dimen name="x229">239.60dp</dimen>
    <dimen name="x230">240.65dp</dimen>
    <dimen name="x231">241.69dp</dimen>
    <dimen name="x232">242.74dp</dimen>
    <dimen name="x233">243.79dp</dimen>
    <dimen name="x234">244.83dp</dimen>
    <dimen name="x235">245.88dp</dimen>
    <dimen name="x236">246.93dp</dimen>
    <dimen name="x237">247.97dp</dimen>
    <dimen name="x238">249.02dp</dimen>
    <dimen name="x239">250.06dp</dimen>
    <dimen name="x240">251.11dp</dimen>
    <dimen name="x241">252.16dp</dimen>
    <dimen name="x242">253.20dp</dimen>
    <dimen name="x243">254.25dp</dimen>
    <dimen name="x244">255.30dp</dimen>
    <dimen name="x245">256.34dp</dimen>
    <dimen name="x246">257.39dp</dimen>
    <dimen name="x247">258.44dp</dimen>
    <dimen name="x248">259.48dp</dimen>
    <dimen name="x249">260.53dp</dimen>
    <dimen name="x250">261.57dp</dimen>
    <dimen name="x251">262.62dp</dimen>
    <dimen name="x252">263.67dp</dimen>
    <dimen name="x253">264.71dp</dimen>
    <dimen name="x254">265.76dp</dimen>
    <dimen name="x255">266.81dp</dimen>
    <dimen name="x256">267.85dp</dimen>
    <dimen name="x257">268.90dp</dimen>
    <dimen name="x258">269.94dp</dimen>
    <dimen name="x259">270.99dp</dimen>
    <dimen name="x260">272.04dp</dimen>
    <dimen name="x261">273.08dp</dimen>
    <dimen name="x262">274.13dp</dimen>
    <dimen name="x263">275.18dp</dimen>
    <dimen name="x264">276.22dp</dimen>
    <dimen name="x265">277.27dp</dimen>
    <dimen name="x266">278.31dp</dimen>
    <dimen name="x267">279.36dp</dimen>
    <dimen name="x268">280.41dp</dimen>
    <dimen name="x269">281.45dp</dimen>
    <dimen name="x270">282.50dp</dimen>
    <dimen name="x271">283.55dp</dimen>
    <dimen name="x272">284.59dp</dimen>
    <dimen name="x273">285.64dp</dimen>
    <dimen name="x274">286.69dp</dimen>
    <dimen name="x275">287.73dp</dimen>
    <dimen name="x276">288.78dp</dimen>
    <dimen name="x277">289.82dp</dimen>
    <dimen name="x278">290.87dp</dimen>
    <dimen name="x279">291.92dp</dimen>
    <dimen name="x280">292.96dp</dimen>
    <dimen name="x281">294.01dp</dimen>
    <dimen name="x282">295.06dp</dimen>
    <dimen name="x283">296.10dp</dimen>
    <dimen name="x284">297.15dp</dimen>
    <dimen name="x285">298.19dp</dimen>
    <dimen name="x286">299.24dp</dimen>
    <dimen name="x287">300.29dp</dimen>
    <dimen name="x288">301.33dp</dimen>
    <dimen name="x289">302.38dp</dimen>
    <dimen name="x290">303.43dp</dimen>
    <dimen name="x291">304.47dp</dimen>
    <dimen name="x292">305.52dp</dimen>
    <dimen name="x293">306.56dp</dimen>
    <dimen name="x294">307.61dp</dimen>
    <dimen name="x295">308.66dp</dimen>
    <dimen name="x296">309.70dp</dimen>
    <dimen name="x297">310.75dp</dimen>
    <dimen name="x298">311.80dp</dimen>
    <dimen name="x299">312.84dp</dimen>
    <dimen name="x300">313.89dp</dimen>
    <dimen name="x301">314.94dp</dimen>
    <dimen name="x302">315.98dp</dimen>
    <dimen name="x303">317.03dp</dimen>
    <dimen name="x304">318.07dp</dimen>
    <dimen name="x305">319.12dp</dimen>
    <dimen name="x306">320.17dp</dimen>
    <dimen name="x307">321.21dp</dimen>
    <dimen name="x308">322.26dp</dimen>
    <dimen name="x309">323.31dp</dimen>
    <dimen name="x310">324.35dp</dimen>
    <dimen name="x311">325.40dp</dimen>
    <dimen name="x312">326.44dp</dimen>
    <dimen name="x313">327.49dp</dimen>
    <dimen name="x314">328.54dp</dimen>
    <dimen name="x315">329.58dp</dimen>
    <dimen name="x316">330.63dp</dimen>
    <dimen name="x317">331.68dp</dimen>
    <dimen name="x318">332.72dp</dimen>
    <dimen name="x319">333.77dp</dimen>
    <dimen name="x320">334.81dp</dimen>
    <dimen name="x321">335.86dp</dimen>
    <dimen name="x322">336.91dp</dimen>
    <dimen name="x323">337.95dp</dimen>
    <dimen name="x324">339.00dp</dimen>
    <dimen name="x325">340.05dp</dimen>
    <dimen name="x326">341.09dp</dimen>
    <dimen name="x327">342.14dp</dimen>
    <dimen name="x328">343.19dp</dimen>
    <dimen name="x329">344.23dp</dimen>
    <dimen name="x330">345.28dp</dimen>
    <dimen name="x331">346.32dp</dimen>
    <dimen name="x332">347.37dp</dimen>
    <dimen name="x333">348.42dp</dimen>
    <dimen name="x334">349.46dp</dimen>
    <dimen name="x335">350.51dp</dimen>
    <dimen name="x336">351.56dp</dimen>
    <dimen name="x337">352.60dp</dimen>
    <dimen name="x338">353.65dp</dimen>
    <dimen name="x339">354.69dp</dimen>
    <dimen name="x340">355.74dp</dimen>
    <dimen name="x341">356.79dp</dimen>
    <dimen name="x342">357.83dp</dimen>
    <dimen name="x343">358.88dp</dimen>
    <dimen name="x344">359.93dp</dimen>
    <dimen name="x345">360.97dp</dimen>
    <dimen name="x346">362.02dp</dimen>
    <dimen name="x347">363.06dp</dimen>
    <dimen name="x348">364.11dp</dimen>
    <dimen name="x349">365.16dp</dimen>
    <dimen name="x350">366.20dp</dimen>
    <dimen name="x351">367.25dp</dimen>
    <dimen name="x352">368.30dp</dimen>
    <dimen name="x353">369.34dp</dimen>
    <dimen name="x354">370.39dp</dimen>
    <dimen name="x355">371.44dp</dimen>
    <dimen name="x356">372.48dp</dimen>
    <dimen name="x357">373.53dp</dimen>
    <dimen name="x358">374.57dp</dimen>
    <dimen name="x359">375.62dp</dimen>
    <dimen name="x360">376.67dp</dimen>
    <dimen name="x361">377.71dp</dimen>
    <dimen name="x362">378.76dp</dimen>
    <dimen name="x363">379.81dp</dimen>
    <dimen name="x364">380.85dp</dimen>
    <dimen name="x365">381.90dp</dimen>
    <dimen name="x366">382.94dp</dimen>
    <dimen name="x367">383.99dp</dimen>
    <dimen name="x368">385.04dp</dimen>
    <dimen name="x369">386.08dp</dimen>
    <dimen name="x370">387.13dp</dimen>
    <dimen name="x371">388.18dp</dimen>
    <dimen name="x372">389.22dp</dimen>
    <dimen name="x373">390.27dp</dimen>
    <dimen name="x374">391.31dp</dimen>
    <dimen name="x375">392.36dp</dimen>
    <dimen name="x376">393.41dp</dimen>
    <dimen name="x377">394.45dp</dimen>
    <dimen name="x378">395.50dp</dimen>
    <dimen name="x379">396.55dp</dimen>
    <dimen name="x380">397.59dp</dimen>
    <dimen name="x381">398.64dp</dimen>
    <dimen name="x382">399.69dp</dimen>
    <dimen name="x383">400.73dp</dimen>
    <dimen name="x384">401.78dp</dimen>
    <dimen name="x385">402.82dp</dimen>
    <dimen name="x386">403.87dp</dimen>
    <dimen name="x387">404.92dp</dimen>
    <dimen name="x388">405.96dp</dimen>
    <dimen name="x389">407.01dp</dimen>
    <dimen name="x390">408.06dp</dimen>
    <dimen name="x391">409.10dp</dimen>
    <dimen name="x392">410.15dp</dimen>
    <dimen name="x393">411.19dp</dimen>
    <dimen name="x394">412.24dp</dimen>
    <dimen name="x395">413.29dp</dimen>
    <dimen name="x396">414.33dp</dimen>
    <dimen name="x397">415.38dp</dimen>
    <dimen name="x398">416.43dp</dimen>
    <dimen name="x399">417.47dp</dimen>
    <dimen name="x400">418.52dp</dimen>
    <dimen name="x401">419.56dp</dimen>
    <dimen name="x402">420.61dp</dimen>
    <dimen name="x403">421.66dp</dimen>
    <dimen name="x404">422.70dp</dimen>
    <dimen name="x405">423.75dp</dimen>
    <dimen name="x406">424.80dp</dimen>
    <dimen name="x407">425.84dp</dimen>
    <dimen name="x408">426.89dp</dimen>
    <dimen name="x409">427.94dp</dimen>
    <dimen name="x410">428.98dp</dimen>
    <dimen name="x411">430.03dp</dimen>
    <dimen name="x412">431.07dp</dimen>
    <dimen name="x413">432.12dp</dimen>
    <dimen name="x414">433.17dp</dimen>
    <dimen name="x415">434.21dp</dimen>
    <dimen name="x416">435.26dp</dimen>
    <dimen name="x417">436.31dp</dimen>
    <dimen name="x418">437.35dp</dimen>
    <dimen name="x419">438.40dp</dimen>
    <dimen name="x420">439.44dp</dimen>
    <dimen name="x421">440.49dp</dimen>
    <dimen name="x422">441.54dp</dimen>
    <dimen name="x423">442.58dp</dimen>
    <dimen name="x424">443.63dp</dimen>
    <dimen name="x425">444.68dp</dimen>
    <dimen name="x426">445.72dp</dimen>
    <dimen name="x427">446.77dp</dimen>
    <dimen name="x428">447.81dp</dimen>
    <dimen name="x429">448.86dp</dimen>
    <dimen name="x430">449.91dp</dimen>
    <dimen name="x431">450.95dp</dimen>
    <dimen name="x432">452.00dp</dimen>
    <dimen name="x433">453.05dp</dimen>
    <dimen name="x434">454.09dp</dimen>
    <dimen name="x435">455.14dp</dimen>
    <dimen name="x436">456.19dp</dimen>
    <dimen name="x437">457.23dp</dimen>
    <dimen name="x438">458.28dp</dimen>
    <dimen name="x439">459.32dp</dimen>
    <dimen name="x440">460.37dp</dimen>
    <dimen name="x441">461.42dp</dimen>
    <dimen name="x442">462.46dp</dimen>
    <dimen name="x443">463.51dp</dimen>
    <dimen name="x444">464.56dp</dimen>
    <dimen name="x445">465.60dp</dimen>
    <dimen name="x446">466.65dp</dimen>
    <dimen name="x447">467.69dp</dimen>
    <dimen name="x448">468.74dp</dimen>
    <dimen name="x449">469.79dp</dimen>
    <dimen name="x450">470.83dp</dimen>
    <dimen name="x451">471.88dp</dimen>
    <dimen name="x452">472.93dp</dimen>
    <dimen name="x453">473.97dp</dimen>
    <dimen name="x454">475.02dp</dimen>
    <dimen name="x455">476.06dp</dimen>
    <dimen name="x456">477.11dp</dimen>
    <dimen name="x457">478.16dp</dimen>
    <dimen name="x458">479.20dp</dimen>
    <dimen name="x459">480.25dp</dimen>
    <dimen name="x460">481.30dp</dimen>
    <dimen name="x461">482.34dp</dimen>
    <dimen name="x462">483.39dp</dimen>
    <dimen name="x463">484.44dp</dimen>
    <dimen name="x464">485.48dp</dimen>
    <dimen name="x465">486.53dp</dimen>
    <dimen name="x466">487.57dp</dimen>
    <dimen name="x467">488.62dp</dimen>
    <dimen name="x468">489.67dp</dimen>
    <dimen name="x469">490.71dp</dimen>
    <dimen name="x470">491.76dp</dimen>
    <dimen name="x471">492.81dp</dimen>
    <dimen name="x472">493.85dp</dimen>
    <dimen name="x473">494.90dp</dimen>
    <dimen name="x474">495.94dp</dimen>
    <dimen name="x475">496.99dp</dimen>
    <dimen name="x476">498.04dp</dimen>
    <dimen name="x477">499.08dp</dimen>
    <dimen name="x478">500.13dp</dimen>
    <dimen name="x479">501.18dp</dimen>
    <dimen name="x480">502.22dp</dimen>
    <dimen name="x481">503.27dp</dimen>
    <dimen name="x482">504.31dp</dimen>
    <dimen name="x483">505.36dp</dimen>
    <dimen name="x484">506.41dp</dimen>
    <dimen name="x485">507.45dp</dimen>
    <dimen name="x486">508.50dp</dimen>
    <dimen name="x487">509.55dp</dimen>
    <dimen name="x488">510.59dp</dimen>
    <dimen name="x489">511.64dp</dimen>
    <dimen name="x490">512.69dp</dimen>
    <dimen name="x491">513.73dp</dimen>
    <dimen name="x492">514.78dp</dimen>
    <dimen name="x493">515.82dp</dimen>
    <dimen name="x494">516.87dp</dimen>
    <dimen name="x495">517.92dp</dimen>
    <dimen name="x496">518.96dp</dimen>
    <dimen name="x497">520.01dp</dimen>
    <dimen name="x498">521.06dp</dimen>
    <dimen name="x499">522.10dp</dimen>
    <dimen name="x500">523.15dp</dimen>
    <dimen name="x501">524.19dp</dimen>
    <dimen name="x502">525.24dp</dimen>
    <dimen name="x503">526.29dp</dimen>
    <dimen name="x504">527.33dp</dimen>
    <dimen name="x505">528.38dp</dimen>
    <dimen name="x506">529.43dp</dimen>
    <dimen name="x507">530.47dp</dimen>
    <dimen name="x508">531.52dp</dimen>
    <dimen name="x509">532.56dp</dimen>
    <dimen name="x510">533.61dp</dimen>
    <dimen name="x511">534.66dp</dimen>
    <dimen name="x512">535.70dp</dimen>
    <dimen name="x513">536.75dp</dimen>
    <dimen name="x514">537.80dp</dimen>
    <dimen name="x515">538.84dp</dimen>
    <dimen name="x516">539.89dp</dimen>
    <dimen name="x517">540.94dp</dimen>
    <dimen name="x518">541.98dp</dimen>
    <dimen name="x519">543.03dp</dimen>
    <dimen name="x520">544.07dp</dimen>
    <dimen name="x521">545.12dp</dimen>
    <dimen name="x522">546.17dp</dimen>
    <dimen name="x523">547.21dp</dimen>
    <dimen name="x524">548.26dp</dimen>
    <dimen name="x525">549.31dp</dimen>
    <dimen name="x526">550.35dp</dimen>
    <dimen name="x527">551.40dp</dimen>
    <dimen name="x528">552.44dp</dimen>
    <dimen name="x529">553.49dp</dimen>
    <dimen name="x530">554.54dp</dimen>
    <dimen name="x531">555.58dp</dimen>
    <dimen name="x532">556.63dp</dimen>
    <dimen name="x533">557.68dp</dimen>
    <dimen name="x534">558.72dp</dimen>
    <dimen name="x535">559.77dp</dimen>
    <dimen name="x536">560.81dp</dimen>
    <dimen name="x537">561.86dp</dimen>
    <dimen name="x538">562.91dp</dimen>
    <dimen name="x539">563.95dp</dimen>
    <dimen name="x540">565.00dp</dimen>
    <dimen name="x541">566.05dp</dimen>
    <dimen name="x542">567.09dp</dimen>
    <dimen name="x543">568.14dp</dimen>
    <dimen name="x544">569.19dp</dimen>
    <dimen name="x545">570.23dp</dimen>
    <dimen name="x546">571.28dp</dimen>
    <dimen name="x547">572.32dp</dimen>
    <dimen name="x548">573.37dp</dimen>
    <dimen name="x549">574.42dp</dimen>
    <dimen name="x550">575.46dp</dimen>
    <dimen name="x551">576.51dp</dimen>
    <dimen name="x552">577.56dp</dimen>
    <dimen name="x553">578.60dp</dimen>
    <dimen name="x554">579.65dp</dimen>
    <dimen name="x555">580.69dp</dimen>
    <dimen name="x556">581.74dp</dimen>
    <dimen name="x557">582.79dp</dimen>
    <dimen name="x558">583.83dp</dimen>
    <dimen name="x559">584.88dp</dimen>
    <dimen name="x560">585.93dp</dimen>
    <dimen name="x561">586.97dp</dimen>
    <dimen name="x562">588.02dp</dimen>
    <dimen name="x563">589.06dp</dimen>
    <dimen name="x564">590.11dp</dimen>
    <dimen name="x565">591.16dp</dimen>
    <dimen name="x566">592.20dp</dimen>
    <dimen name="x567">593.25dp</dimen>
    <dimen name="x568">594.30dp</dimen>
    <dimen name="x569">595.34dp</dimen>
    <dimen name="x570">596.39dp</dimen>
    <dimen name="x571">597.44dp</dimen>
    <dimen name="x572">598.48dp</dimen>
    <dimen name="x573">599.53dp</dimen>
    <dimen name="x574">600.57dp</dimen>
    <dimen name="x575">601.62dp</dimen>
    <dimen name="x576">602.67dp</dimen>
    <dimen name="x577">603.71dp</dimen>
    <dimen name="x578">604.76dp</dimen>
    <dimen name="x579">605.81dp</dimen>
    <dimen name="x580">606.85dp</dimen>
    <dimen name="x581">607.90dp</dimen>
    <dimen name="x582">608.94dp</dimen>
    <dimen name="x583">609.99dp</dimen>
    <dimen name="x584">611.04dp</dimen>
    <dimen name="x585">612.08dp</dimen>
    <dimen name="x586">613.13dp</dimen>
    <dimen name="x587">614.18dp</dimen>
    <dimen name="x588">615.22dp</dimen>
    <dimen name="x589">616.27dp</dimen>
    <dimen name="x590">617.31dp</dimen>
    <dimen name="x591">618.36dp</dimen>
    <dimen name="x592">619.41dp</dimen>
    <dimen name="x593">620.45dp</dimen>
    <dimen name="x594">621.50dp</dimen>
    <dimen name="x595">622.55dp</dimen>
    <dimen name="x596">623.59dp</dimen>
    <dimen name="x597">624.64dp</dimen>
    <dimen name="x598">625.69dp</dimen>
    <dimen name="x599">626.73dp</dimen>
    <dimen name="x600">627.78dp</dimen>
    <dimen name="x601">628.82dp</dimen>
    <dimen name="x602">629.87dp</dimen>
    <dimen name="x603">630.92dp</dimen>
    <dimen name="x604">631.96dp</dimen>
    <dimen name="x605">633.01dp</dimen>
    <dimen name="x606">634.06dp</dimen>
    <dimen name="x607">635.10dp</dimen>
    <dimen name="x608">636.15dp</dimen>
    <dimen name="x609">637.19dp</dimen>
    <dimen name="x610">638.24dp</dimen>
    <dimen name="x611">639.29dp</dimen>
    <dimen name="x612">640.33dp</dimen>
    <dimen name="x613">641.38dp</dimen>
    <dimen name="x614">642.43dp</dimen>
    <dimen name="x615">643.47dp</dimen>
    <dimen name="x616">644.52dp</dimen>
    <dimen name="x617">645.56dp</dimen>
    <dimen name="x618">646.61dp</dimen>
    <dimen name="x619">647.66dp</dimen>
    <dimen name="x620">648.70dp</dimen>
    <dimen name="x621">649.75dp</dimen>
    <dimen name="x622">650.80dp</dimen>
    <dimen name="x623">651.84dp</dimen>
    <dimen name="x624">652.89dp</dimen>
    <dimen name="x625">653.94dp</dimen>
    <dimen name="x626">654.98dp</dimen>
    <dimen name="x627">656.03dp</dimen>
    <dimen name="x628">657.07dp</dimen>
    <dimen name="x629">658.12dp</dimen>
    <dimen name="x630">659.17dp</dimen>
    <dimen name="x631">660.21dp</dimen>
    <dimen name="x632">661.26dp</dimen>
    <dimen name="x633">662.31dp</dimen>
    <dimen name="x634">663.35dp</dimen>
    <dimen name="x635">664.40dp</dimen>
    <dimen name="x636">665.44dp</dimen>
    <dimen name="x637">666.49dp</dimen>
    <dimen name="x638">667.54dp</dimen>
    <dimen name="x639">668.58dp</dimen>
    <dimen name="x640">669.63dp</dimen>
    <dimen name="x641">670.68dp</dimen>
    <dimen name="x642">671.72dp</dimen>
    <dimen name="x643">672.77dp</dimen>
    <dimen name="x644">673.81dp</dimen>
    <dimen name="x645">674.86dp</dimen>
    <dimen name="x646">675.91dp</dimen>
    <dimen name="x647">676.95dp</dimen>
    <dimen name="x648">678.00dp</dimen>
    <dimen name="x649">679.05dp</dimen>
    <dimen name="x650">680.09dp</dimen>
    <dimen name="x651">681.14dp</dimen>
    <dimen name="x652">682.19dp</dimen>
    <dimen name="x653">683.23dp</dimen>
    <dimen name="x654">684.28dp</dimen>
    <dimen name="x655">685.32dp</dimen>
    <dimen name="x656">686.37dp</dimen>
    <dimen name="x657">687.42dp</dimen>
    <dimen name="x658">688.46dp</dimen>
    <dimen name="x659">689.51dp</dimen>
    <dimen name="x660">690.56dp</dimen>
    <dimen name="x661">691.60dp</dimen>
    <dimen name="x662">692.65dp</dimen>
    <dimen name="x663">693.69dp</dimen>
    <dimen name="x664">694.74dp</dimen>
    <dimen name="x665">695.79dp</dimen>
    <dimen name="x666">696.83dp</dimen>
    <dimen name="x667">697.88dp</dimen>
    <dimen name="x668">698.93dp</dimen>
    <dimen name="x669">699.97dp</dimen>
    <dimen name="x670">701.02dp</dimen>
    <dimen name="x671">702.06dp</dimen>
    <dimen name="x672">703.11dp</dimen>
    <dimen name="x673">704.16dp</dimen>
    <dimen name="x674">705.20dp</dimen>
    <dimen name="x675">706.25dp</dimen>
    <dimen name="x676">707.30dp</dimen>
    <dimen name="x677">708.34dp</dimen>
    <dimen name="x678">709.39dp</dimen>
    <dimen name="x679">710.44dp</dimen>
    <dimen name="x680">711.48dp</dimen>
    <dimen name="x681">712.53dp</dimen>
    <dimen name="x682">713.57dp</dimen>
    <dimen name="x683">714.62dp</dimen>
    <dimen name="x684">715.67dp</dimen>
    <dimen name="x685">716.71dp</dimen>
    <dimen name="x686">717.76dp</dimen>
    <dimen name="x687">718.81dp</dimen>
    <dimen name="x688">719.85dp</dimen>
    <dimen name="x689">720.90dp</dimen>
    <dimen name="x690">721.94dp</dimen>
    <dimen name="x691">722.99dp</dimen>
    <dimen name="x692">724.04dp</dimen>
    <dimen name="x693">725.08dp</dimen>
    <dimen name="x694">726.13dp</dimen>
    <dimen name="x695">727.18dp</dimen>
    <dimen name="x696">728.22dp</dimen>
    <dimen name="x697">729.27dp</dimen>
    <dimen name="x698">730.31dp</dimen>
    <dimen name="x699">731.36dp</dimen>
    <dimen name="x700">732.41dp</dimen>
    <dimen name="x701">733.45dp</dimen>
    <dimen name="x702">734.50dp</dimen>
    <dimen name="x703">735.55dp</dimen>
    <dimen name="x704">736.59dp</dimen>
    <dimen name="x705">737.64dp</dimen>
    <dimen name="x706">738.69dp</dimen>
    <dimen name="x707">739.73dp</dimen>
    <dimen name="x708">740.78dp</dimen>
    <dimen name="x709">741.82dp</dimen>
    <dimen name="x710">742.87dp</dimen>
    <dimen name="x711">743.92dp</dimen>
    <dimen name="x712">744.96dp</dimen>
    <dimen name="x713">746.01dp</dimen>
    <dimen name="x714">747.06dp</dimen>
    <dimen name="x715">748.10dp</dimen>
    <dimen name="x716">749.15dp</dimen>
    <dimen name="x717">750.19dp</dimen>
    <dimen name="x718">751.24dp</dimen>
    <dimen name="x719">752.29dp</dimen>
    <dimen name="x720">753.33dp</dimen>
    <dimen name="x721">754.38dp</dimen>
    <dimen name="x722">755.43dp</dimen>
    <dimen name="x723">756.47dp</dimen>
    <dimen name="x724">757.52dp</dimen>
    <dimen name="x725">758.56dp</dimen>
    <dimen name="x726">759.61dp</dimen>
    <dimen name="x727">760.66dp</dimen>
    <dimen name="x728">761.70dp</dimen>
    <dimen name="x729">762.75dp</dimen>
    <dimen name="x730">763.80dp</dimen>
    <dimen name="x731">764.84dp</dimen>
    <dimen name="x732">765.89dp</dimen>
    <dimen name="x733">766.94dp</dimen>
    <dimen name="x734">767.98dp</dimen>
    <dimen name="x735">769.03dp</dimen>
    <dimen name="x736">770.07dp</dimen>
    <dimen name="x737">771.12dp</dimen>
    <dimen name="x738">772.17dp</dimen>
    <dimen name="x739">773.21dp</dimen>
    <dimen name="x740">774.26dp</dimen>
    <dimen name="x741">775.31dp</dimen>
    <dimen name="x742">776.35dp</dimen>
    <dimen name="x743">777.40dp</dimen>
    <dimen name="x744">778.44dp</dimen>
    <dimen name="x745">779.49dp</dimen>
    <dimen name="x746">780.54dp</dimen>
    <dimen name="x747">781.58dp</dimen>
    <dimen name="x748">782.63dp</dimen>
    <dimen name="x749">783.68dp</dimen>
    <dimen name="x750">784.72dp</dimen>
    <dimen name="x751">785.77dp</dimen>
    <dimen name="x752">786.81dp</dimen>
    <dimen name="x753">787.86dp</dimen>
    <dimen name="x754">788.91dp</dimen>
    <dimen name="x755">789.95dp</dimen>
    <dimen name="x756">791.00dp</dimen>
    <dimen name="x757">792.05dp</dimen>
    <dimen name="x758">793.09dp</dimen>
    <dimen name="x759">794.14dp</dimen>
    <dimen name="x760">795.19dp</dimen>
    <dimen name="x761">796.23dp</dimen>
    <dimen name="x762">797.28dp</dimen>
    <dimen name="x763">798.32dp</dimen>
    <dimen name="x764">799.37dp</dimen>
    <dimen name="x765">800.42dp</dimen>
    <dimen name="x766">801.46dp</dimen>
    <dimen name="x767">802.51dp</dimen>
    <dimen name="x768">803.56dp</dimen>
    <dimen name="x769">804.60dp</dimen>
    <dimen name="x770">805.65dp</dimen>
    <dimen name="x771">806.69dp</dimen>
    <dimen name="x772">807.74dp</dimen>
    <dimen name="x773">808.79dp</dimen>
    <dimen name="x774">809.83dp</dimen>
    <dimen name="x775">810.88dp</dimen>
    <dimen name="x776">811.93dp</dimen>
    <dimen name="x777">812.97dp</dimen>
    <dimen name="x778">814.02dp</dimen>
    <dimen name="x779">815.06dp</dimen>
    <dimen name="x780">816.11dp</dimen>
    <dimen name="x781">817.16dp</dimen>
    <dimen name="x782">818.20dp</dimen>
    <dimen name="x783">819.25dp</dimen>
    <dimen name="x784">820.30dp</dimen>
    <dimen name="x785">821.34dp</dimen>
    <dimen name="x786">822.39dp</dimen>
    <dimen name="x787">823.44dp</dimen>
    <dimen name="x788">824.48dp</dimen>
    <dimen name="x789">825.53dp</dimen>
    <dimen name="x790">826.57dp</dimen>
    <dimen name="x791">827.62dp</dimen>
    <dimen name="x792">828.67dp</dimen>
    <dimen name="x793">829.71dp</dimen>
    <dimen name="x794">830.76dp</dimen>
    <dimen name="x795">831.81dp</dimen>
    <dimen name="x796">832.85dp</dimen>
    <dimen name="x797">833.90dp</dimen>
    <dimen name="x798">834.94dp</dimen>
    <dimen name="x799">835.99dp</dimen>
    <dimen name="x800">837.04dp</dimen>
    <dimen name="x801">838.08dp</dimen>
    <dimen name="x802">839.13dp</dimen>
    <dimen name="x803">840.18dp</dimen>
    <dimen name="x804">841.22dp</dimen>
    <dimen name="x805">842.27dp</dimen>
    <dimen name="x806">843.31dp</dimen>
    <dimen name="x807">844.36dp</dimen>
    <dimen name="x808">845.41dp</dimen>
    <dimen name="x809">846.45dp</dimen>
    <dimen name="x810">847.50dp</dimen>
    <dimen name="x811">848.55dp</dimen>
    <dimen name="x812">849.59dp</dimen>
    <dimen name="x813">850.64dp</dimen>
    <dimen name="x814">851.69dp</dimen>
    <dimen name="x815">852.73dp</dimen>
    <dimen name="x816">853.78dp</dimen>
    <dimen name="x817">854.82dp</dimen>
    <dimen name="x818">855.87dp</dimen>
    <dimen name="x819">856.92dp</dimen>
    <dimen name="x820">857.96dp</dimen>
    <dimen name="x821">859.01dp</dimen>
    <dimen name="x822">860.06dp</dimen>
    <dimen name="x823">861.10dp</dimen>
    <dimen name="x824">862.15dp</dimen>
    <dimen name="x825">863.19dp</dimen>
    <dimen name="x826">864.24dp</dimen>
    <dimen name="x827">865.29dp</dimen>
    <dimen name="x828">866.33dp</dimen>
    <dimen name="x829">867.38dp</dimen>
    <dimen name="x830">868.43dp</dimen>
    <dimen name="x831">869.47dp</dimen>
    <dimen name="x832">870.52dp</dimen>
    <dimen name="x833">871.56dp</dimen>
    <dimen name="x834">872.61dp</dimen>
    <dimen name="x835">873.66dp</dimen>
    <dimen name="x836">874.70dp</dimen>
    <dimen name="x837">875.75dp</dimen>
    <dimen name="x838">876.80dp</dimen>
    <dimen name="x839">877.84dp</dimen>
    <dimen name="x840">878.89dp</dimen>
    <dimen name="x841">879.94dp</dimen>
    <dimen name="x842">880.98dp</dimen>
    <dimen name="x843">882.03dp</dimen>
    <dimen name="x844">883.07dp</dimen>
    <dimen name="x845">884.12dp</dimen>
    <dimen name="x846">885.17dp</dimen>
    <dimen name="x847">886.21dp</dimen>
    <dimen name="x848">887.26dp</dimen>
    <dimen name="x849">888.31dp</dimen>
    <dimen name="x850">889.35dp</dimen>
    <dimen name="x851">890.40dp</dimen>
    <dimen name="x852">891.44dp</dimen>
    <dimen name="x853">892.49dp</dimen>
    <dimen name="x854">893.54dp</dimen>
    <dimen name="x855">894.58dp</dimen>
    <dimen name="x856">895.63dp</dimen>
    <dimen name="x857">896.68dp</dimen>
    <dimen name="x858">897.72dp</dimen>
    <dimen name="x859">898.77dp</dimen>
    <dimen name="x860">899.81dp</dimen>
    <dimen name="x861">900.86dp</dimen>
    <dimen name="x862">901.91dp</dimen>
    <dimen name="x863">902.95dp</dimen>
    <dimen name="x864">904.00dp</dimen>
    <dimen name="x865">905.05dp</dimen>
    <dimen name="x866">906.09dp</dimen>
    <dimen name="x867">907.14dp</dimen>
    <dimen name="x868">908.19dp</dimen>
    <dimen name="x869">909.23dp</dimen>
    <dimen name="x870">910.28dp</dimen>
    <dimen name="x871">911.32dp</dimen>
    <dimen name="x872">912.37dp</dimen>
    <dimen name="x873">913.42dp</dimen>
    <dimen name="x874">914.46dp</dimen>
    <dimen name="x875">915.51dp</dimen>
    <dimen name="x876">916.56dp</dimen>
    <dimen name="x877">917.60dp</dimen>
    <dimen name="x878">918.65dp</dimen>
    <dimen name="x879">919.69dp</dimen>
    <dimen name="x880">920.74dp</dimen>
    <dimen name="x881">921.79dp</dimen>
    <dimen name="x882">922.83dp</dimen>
    <dimen name="x883">923.88dp</dimen>
    <dimen name="x884">924.93dp</dimen>
    <dimen name="x885">925.97dp</dimen>
    <dimen name="x886">927.02dp</dimen>
    <dimen name="x887">928.06dp</dimen>
    <dimen name="x888">929.11dp</dimen>
    <dimen name="x889">930.16dp</dimen>
    <dimen name="x890">931.20dp</dimen>
    <dimen name="x891">932.25dp</dimen>
    <dimen name="x892">933.30dp</dimen>
    <dimen name="x893">934.34dp</dimen>
    <dimen name="x894">935.39dp</dimen>
    <dimen name="x895">936.44dp</dimen>
    <dimen name="x896">937.48dp</dimen>
    <dimen name="x897">938.53dp</dimen>
    <dimen name="x898">939.57dp</dimen>
    <dimen name="x899">940.62dp</dimen>
    <dimen name="x900">941.67dp</dimen>
    <dimen name="x901">942.71dp</dimen>
    <dimen name="x902">943.76dp</dimen>
    <dimen name="x903">944.81dp</dimen>
    <dimen name="x904">945.85dp</dimen>
    <dimen name="x905">946.90dp</dimen>
    <dimen name="x906">947.94dp</dimen>
    <dimen name="x907">948.99dp</dimen>
    <dimen name="x908">950.04dp</dimen>
    <dimen name="x909">951.08dp</dimen>
    <dimen name="x910">952.13dp</dimen>
    <dimen name="x911">953.18dp</dimen>
    <dimen name="x912">954.22dp</dimen>
    <dimen name="x913">955.27dp</dimen>
    <dimen name="x914">956.31dp</dimen>
    <dimen name="x915">957.36dp</dimen>
    <dimen name="x916">958.41dp</dimen>
    <dimen name="x917">959.45dp</dimen>
    <dimen name="x918">960.50dp</dimen>
    <dimen name="x919">961.55dp</dimen>
    <dimen name="x920">962.59dp</dimen>
    <dimen name="x921">963.64dp</dimen>
    <dimen name="x922">964.69dp</dimen>
    <dimen name="x923">965.73dp</dimen>
    <dimen name="x924">966.78dp</dimen>
    <dimen name="x925">967.82dp</dimen>
    <dimen name="x926">968.87dp</dimen>
    <dimen name="x927">969.92dp</dimen>
    <dimen name="x928">970.96dp</dimen>
    <dimen name="x929">972.01dp</dimen>
    <dimen name="x930">973.06dp</dimen>
    <dimen name="x931">974.10dp</dimen>
    <dimen name="x932">975.15dp</dimen>
    <dimen name="x933">976.19dp</dimen>
    <dimen name="x934">977.24dp</dimen>
    <dimen name="x935">978.29dp</dimen>
    <dimen name="x936">979.33dp</dimen>
    <dimen name="x937">980.38dp</dimen>
    <dimen name="x938">981.43dp</dimen>
    <dimen name="x939">982.47dp</dimen>
    <dimen name="x940">983.52dp</dimen>
    <dimen name="x941">984.56dp</dimen>
    <dimen name="x942">985.61dp</dimen>
    <dimen name="x943">986.66dp</dimen>
    <dimen name="x944">987.70dp</dimen>
    <dimen name="x945">988.75dp</dimen>
    <dimen name="x946">989.80dp</dimen>
    <dimen name="x947">990.84dp</dimen>
    <dimen name="x948">991.89dp</dimen>
    <dimen name="x949">992.94dp</dimen>
    <dimen name="x950">993.98dp</dimen>
    <dimen name="x951">995.03dp</dimen>
    <dimen name="x952">996.07dp</dimen>
    <dimen name="x953">997.12dp</dimen>
    <dimen name="x954">998.17dp</dimen>
    <dimen name="x955">999.21dp</dimen>
    <dimen name="x956">1000.26dp</dimen>
    <dimen name="x957">1001.31dp</dimen>
    <dimen name="x958">1002.35dp</dimen>
    <dimen name="x959">1003.40dp</dimen>
    <dimen name="x960">1004.44dp</dimen>
    <dimen name="x961">1005.49dp</dimen>
    <dimen name="x962">1006.54dp</dimen>
    <dimen name="x963">1007.58dp</dimen>
    <dimen name="x964">1008.63dp</dimen>
    <dimen name="x965">1009.68dp</dimen>
    <dimen name="x966">1010.72dp</dimen>
    <dimen name="x967">1011.77dp</dimen>
    <dimen name="x968">1012.81dp</dimen>
    <dimen name="x969">1013.86dp</dimen>
    <dimen name="x970">1014.91dp</dimen>
    <dimen name="x971">1015.95dp</dimen>
    <dimen name="x972">1017.00dp</dimen>
    <dimen name="x973">1018.05dp</dimen>
    <dimen name="x974">1019.09dp</dimen>
    <dimen name="x975">1020.14dp</dimen>
    <dimen name="x976">1021.19dp</dimen>
    <dimen name="x977">1022.23dp</dimen>
    <dimen name="x978">1023.28dp</dimen>
    <dimen name="x979">1024.32dp</dimen>
    <dimen name="x980">1025.37dp</dimen>
    <dimen name="x981">1026.42dp</dimen>
    <dimen name="x982">1027.46dp</dimen>
    <dimen name="x983">1028.51dp</dimen>
    <dimen name="x984">1029.56dp</dimen>
    <dimen name="x985">1030.60dp</dimen>
    <dimen name="x986">1031.65dp</dimen>
    <dimen name="x987">1032.69dp</dimen>
    <dimen name="x988">1033.74dp</dimen>
    <dimen name="x989">1034.79dp</dimen>
    <dimen name="x990">1035.83dp</dimen>
    <dimen name="x991">1036.88dp</dimen>
    <dimen name="x992">1037.93dp</dimen>
    <dimen name="x993">1038.97dp</dimen>
    <dimen name="x994">1040.02dp</dimen>
    <dimen name="x995">1041.06dp</dimen>
    <dimen name="x996">1042.11dp</dimen>
    <dimen name="x997">1043.16dp</dimen>
    <dimen name="x998">1044.20dp</dimen>
    <dimen name="x999">1045.25dp</dimen>
    <dimen name="x1000">1046.30dp</dimen>
    <dimen name="x1001">1047.34dp</dimen>
    <dimen name="x1002">1048.39dp</dimen>
    <dimen name="x1003">1049.44dp</dimen>
    <dimen name="x1004">1050.48dp</dimen>
    <dimen name="x1005">1051.53dp</dimen>
    <dimen name="x1006">1052.57dp</dimen>
    <dimen name="x1007">1053.62dp</dimen>
    <dimen name="x1008">1054.67dp</dimen>
    <dimen name="x1009">1055.71dp</dimen>
    <dimen name="x1010">1056.76dp</dimen>
    <dimen name="x1011">1057.81dp</dimen>
    <dimen name="x1012">1058.85dp</dimen>
    <dimen name="x1013">1059.90dp</dimen>
    <dimen name="x1014">1060.94dp</dimen>
    <dimen name="x1015">1061.99dp</dimen>
    <dimen name="x1016">1063.04dp</dimen>
    <dimen name="x1017">1064.08dp</dimen>
    <dimen name="x1018">1065.13dp</dimen>
    <dimen name="x1019">1066.18dp</dimen>
    <dimen name="x1020">1067.22dp</dimen>
    <dimen name="x1021">1068.27dp</dimen>
    <dimen name="x1022">1069.31dp</dimen>
    <dimen name="x1023">1070.36dp</dimen>
    <dimen name="x1024">1071.41dp</dimen>
    <dimen name="x1025">1072.45dp</dimen>
    <dimen name="x1026">1073.50dp</dimen>
    <dimen name="x1027">1074.55dp</dimen>
    <dimen name="x1028">1075.59dp</dimen>
    <dimen name="x1029">1076.64dp</dimen>
    <dimen name="x1030">1077.69dp</dimen>
    <dimen name="x1031">1078.73dp</dimen>
    <dimen name="x1032">1079.78dp</dimen>
    <dimen name="x1033">1080.82dp</dimen>
    <dimen name="x1034">1081.87dp</dimen>
    <dimen name="x1035">1082.92dp</dimen>
    <dimen name="x1036">1083.96dp</dimen>
    <dimen name="x1037">1085.01dp</dimen>
    <dimen name="x1038">1086.06dp</dimen>
    <dimen name="x1039">1087.10dp</dimen>
    <dimen name="x1040">1088.15dp</dimen>
    <dimen name="x1041">1089.19dp</dimen>
    <dimen name="x1042">1090.24dp</dimen>
    <dimen name="x1043">1091.29dp</dimen>
    <dimen name="x1044">1092.33dp</dimen>
    <dimen name="x1045">1093.38dp</dimen>
    <dimen name="x1046">1094.43dp</dimen>
    <dimen name="x1047">1095.47dp</dimen>
    <dimen name="x1048">1096.52dp</dimen>
    <dimen name="x1049">1097.56dp</dimen>
    <dimen name="x1050">1098.61dp</dimen>
    <dimen name="x1051">1099.66dp</dimen>
    <dimen name="x1052">1100.70dp</dimen>
    <dimen name="x1053">1101.75dp</dimen>
    <dimen name="x1054">1102.80dp</dimen>
    <dimen name="x1055">1103.84dp</dimen>
    <dimen name="x1056">1104.89dp</dimen>
    <dimen name="x1057">1105.94dp</dimen>
    <dimen name="x1058">1106.98dp</dimen>
    <dimen name="x1059">1108.03dp</dimen>
    <dimen name="x1060">1109.07dp</dimen>
    <dimen name="x1061">1110.12dp</dimen>
    <dimen name="x1062">1111.17dp</dimen>
    <dimen name="x1063">1112.21dp</dimen>
    <dimen name="x1064">1113.26dp</dimen>
    <dimen name="x1065">1114.31dp</dimen>
    <dimen name="x1066">1115.35dp</dimen>
    <dimen name="x1067">1116.40dp</dimen>
    <dimen name="x1068">1117.44dp</dimen>
    <dimen name="x1069">1118.49dp</dimen>
    <dimen name="x1070">1119.54dp</dimen>
    <dimen name="x1071">1120.58dp</dimen>
    <dimen name="x1072">1121.63dp</dimen>
    <dimen name="x1073">1122.68dp</dimen>
    <dimen name="x1074">1123.72dp</dimen>
    <dimen name="x1075">1124.77dp</dimen>
    <dimen name="x1076">1125.81dp</dimen>
    <dimen name="x1077">1126.86dp</dimen>
    <dimen name="x1078">1127.91dp</dimen>
    <dimen name="x1079">1128.95dp</dimen>
    <dimen name="x1080">1130.00dp</dimen>
</resources>