<?xml version="1.0" encoding="utf-8"?>
<resources>
    <string name="sw_dp">510dp</string>
    <dimen name="x1">0.47dp</dimen>
    <dimen name="x2">0.94dp</dimen>
    <dimen name="x3">1.42dp</dimen>
    <dimen name="x4">1.89dp</dimen>
    <dimen name="x5">2.36dp</dimen>
    <dimen name="x6">2.83dp</dimen>
    <dimen name="x7">3.31dp</dimen>
    <dimen name="x8">3.78dp</dimen>
    <dimen name="x9">4.25dp</dimen>
    <dimen name="x10">4.72dp</dimen>
    <dimen name="x11">5.19dp</dimen>
    <dimen name="x12">5.67dp</dimen>
    <dimen name="x13">6.14dp</dimen>
    <dimen name="x14">6.61dp</dimen>
    <dimen name="x15">7.08dp</dimen>
    <dimen name="x16">7.56dp</dimen>
    <dimen name="x17">8.03dp</dimen>
    <dimen name="x18">8.50dp</dimen>
    <dimen name="x19">8.97dp</dimen>
    <dimen name="x20">9.44dp</dimen>
    <dimen name="x21">9.92dp</dimen>
    <dimen name="x22">10.39dp</dimen>
    <dimen name="x23">10.86dp</dimen>
    <dimen name="x24">11.33dp</dimen>
    <dimen name="x25">11.81dp</dimen>
    <dimen name="x26">12.28dp</dimen>
    <dimen name="x27">12.75dp</dimen>
    <dimen name="x28">13.22dp</dimen>
    <dimen name="x29">13.69dp</dimen>
    <dimen name="x30">14.17dp</dimen>
    <dimen name="x31">14.64dp</dimen>
    <dimen name="x32">15.11dp</dimen>
    <dimen name="x33">15.58dp</dimen>
    <dimen name="x34">16.06dp</dimen>
    <dimen name="x35">16.53dp</dimen>
    <dimen name="x36">17.00dp</dimen>
    <dimen name="x37">17.47dp</dimen>
    <dimen name="x38">17.94dp</dimen>
    <dimen name="x39">18.42dp</dimen>
    <dimen name="x40">18.89dp</dimen>
    <dimen name="x41">19.36dp</dimen>
    <dimen name="x42">19.83dp</dimen>
    <dimen name="x43">20.31dp</dimen>
    <dimen name="x44">20.78dp</dimen>
    <dimen name="x45">21.25dp</dimen>
    <dimen name="x46">21.72dp</dimen>
    <dimen name="x47">22.19dp</dimen>
    <dimen name="x48">22.67dp</dimen>
    <dimen name="x49">23.14dp</dimen>
    <dimen name="x50">23.61dp</dimen>
    <dimen name="x51">24.08dp</dimen>
    <dimen name="x52">24.56dp</dimen>
    <dimen name="x53">25.03dp</dimen>
    <dimen name="x54">25.50dp</dimen>
    <dimen name="x55">25.97dp</dimen>
    <dimen name="x56">26.44dp</dimen>
    <dimen name="x57">26.92dp</dimen>
    <dimen name="x58">27.39dp</dimen>
    <dimen name="x59">27.86dp</dimen>
    <dimen name="x60">28.33dp</dimen>
    <dimen name="x61">28.81dp</dimen>
    <dimen name="x62">29.28dp</dimen>
    <dimen name="x63">29.75dp</dimen>
    <dimen name="x64">30.22dp</dimen>
    <dimen name="x65">30.69dp</dimen>
    <dimen name="x66">31.17dp</dimen>
    <dimen name="x67">31.64dp</dimen>
    <dimen name="x68">32.11dp</dimen>
    <dimen name="x69">32.58dp</dimen>
    <dimen name="x70">33.06dp</dimen>
    <dimen name="x71">33.53dp</dimen>
    <dimen name="x72">34.00dp</dimen>
    <dimen name="x73">34.47dp</dimen>
    <dimen name="x74">34.94dp</dimen>
    <dimen name="x75">35.42dp</dimen>
    <dimen name="x76">35.89dp</dimen>
    <dimen name="x77">36.36dp</dimen>
    <dimen name="x78">36.83dp</dimen>
    <dimen name="x79">37.31dp</dimen>
    <dimen name="x80">37.78dp</dimen>
    <dimen name="x81">38.25dp</dimen>
    <dimen name="x82">38.72dp</dimen>
    <dimen name="x83">39.19dp</dimen>
    <dimen name="x84">39.67dp</dimen>
    <dimen name="x85">40.14dp</dimen>
    <dimen name="x86">40.61dp</dimen>
    <dimen name="x87">41.08dp</dimen>
    <dimen name="x88">41.56dp</dimen>
    <dimen name="x89">42.03dp</dimen>
    <dimen name="x90">42.50dp</dimen>
    <dimen name="x91">42.97dp</dimen>
    <dimen name="x92">43.44dp</dimen>
    <dimen name="x93">43.92dp</dimen>
    <dimen name="x94">44.39dp</dimen>
    <dimen name="x95">44.86dp</dimen>
    <dimen name="x96">45.33dp</dimen>
    <dimen name="x97">45.81dp</dimen>
    <dimen name="x98">46.28dp</dimen>
    <dimen name="x99">46.75dp</dimen>
    <dimen name="x100">47.22dp</dimen>
    <dimen name="x101">47.69dp</dimen>
    <dimen name="x102">48.17dp</dimen>
    <dimen name="x103">48.64dp</dimen>
    <dimen name="x104">49.11dp</dimen>
    <dimen name="x105">49.58dp</dimen>
    <dimen name="x106">50.06dp</dimen>
    <dimen name="x107">50.53dp</dimen>
    <dimen name="x108">51.00dp</dimen>
    <dimen name="x109">51.47dp</dimen>
    <dimen name="x110">51.94dp</dimen>
    <dimen name="x111">52.42dp</dimen>
    <dimen name="x112">52.89dp</dimen>
    <dimen name="x113">53.36dp</dimen>
    <dimen name="x114">53.83dp</dimen>
    <dimen name="x115">54.31dp</dimen>
    <dimen name="x116">54.78dp</dimen>
    <dimen name="x117">55.25dp</dimen>
    <dimen name="x118">55.72dp</dimen>
    <dimen name="x119">56.19dp</dimen>
    <dimen name="x120">56.67dp</dimen>
    <dimen name="x121">57.14dp</dimen>
    <dimen name="x122">57.61dp</dimen>
    <dimen name="x123">58.08dp</dimen>
    <dimen name="x124">58.56dp</dimen>
    <dimen name="x125">59.03dp</dimen>
    <dimen name="x126">59.50dp</dimen>
    <dimen name="x127">59.97dp</dimen>
    <dimen name="x128">60.44dp</dimen>
    <dimen name="x129">60.92dp</dimen>
    <dimen name="x130">61.39dp</dimen>
    <dimen name="x131">61.86dp</dimen>
    <dimen name="x132">62.33dp</dimen>
    <dimen name="x133">62.81dp</dimen>
    <dimen name="x134">63.28dp</dimen>
    <dimen name="x135">63.75dp</dimen>
    <dimen name="x136">64.22dp</dimen>
    <dimen name="x137">64.69dp</dimen>
    <dimen name="x138">65.17dp</dimen>
    <dimen name="x139">65.64dp</dimen>
    <dimen name="x140">66.11dp</dimen>
    <dimen name="x141">66.58dp</dimen>
    <dimen name="x142">67.06dp</dimen>
    <dimen name="x143">67.53dp</dimen>
    <dimen name="x144">68.00dp</dimen>
    <dimen name="x145">68.47dp</dimen>
    <dimen name="x146">68.94dp</dimen>
    <dimen name="x147">69.42dp</dimen>
    <dimen name="x148">69.89dp</dimen>
    <dimen name="x149">70.36dp</dimen>
    <dimen name="x150">70.83dp</dimen>
    <dimen name="x151">71.31dp</dimen>
    <dimen name="x152">71.78dp</dimen>
    <dimen name="x153">72.25dp</dimen>
    <dimen name="x154">72.72dp</dimen>
    <dimen name="x155">73.19dp</dimen>
    <dimen name="x156">73.67dp</dimen>
    <dimen name="x157">74.14dp</dimen>
    <dimen name="x158">74.61dp</dimen>
    <dimen name="x159">75.08dp</dimen>
    <dimen name="x160">75.56dp</dimen>
    <dimen name="x161">76.03dp</dimen>
    <dimen name="x162">76.50dp</dimen>
    <dimen name="x163">76.97dp</dimen>
    <dimen name="x164">77.44dp</dimen>
    <dimen name="x165">77.92dp</dimen>
    <dimen name="x166">78.39dp</dimen>
    <dimen name="x167">78.86dp</dimen>
    <dimen name="x168">79.33dp</dimen>
    <dimen name="x169">79.81dp</dimen>
    <dimen name="x170">80.28dp</dimen>
    <dimen name="x171">80.75dp</dimen>
    <dimen name="x172">81.22dp</dimen>
    <dimen name="x173">81.69dp</dimen>
    <dimen name="x174">82.17dp</dimen>
    <dimen name="x175">82.64dp</dimen>
    <dimen name="x176">83.11dp</dimen>
    <dimen name="x177">83.58dp</dimen>
    <dimen name="x178">84.06dp</dimen>
    <dimen name="x179">84.53dp</dimen>
    <dimen name="x180">85.00dp</dimen>
    <dimen name="x181">85.47dp</dimen>
    <dimen name="x182">85.94dp</dimen>
    <dimen name="x183">86.42dp</dimen>
    <dimen name="x184">86.89dp</dimen>
    <dimen name="x185">87.36dp</dimen>
    <dimen name="x186">87.83dp</dimen>
    <dimen name="x187">88.31dp</dimen>
    <dimen name="x188">88.78dp</dimen>
    <dimen name="x189">89.25dp</dimen>
    <dimen name="x190">89.72dp</dimen>
    <dimen name="x191">90.19dp</dimen>
    <dimen name="x192">90.67dp</dimen>
    <dimen name="x193">91.14dp</dimen>
    <dimen name="x194">91.61dp</dimen>
    <dimen name="x195">92.08dp</dimen>
    <dimen name="x196">92.56dp</dimen>
    <dimen name="x197">93.03dp</dimen>
    <dimen name="x198">93.50dp</dimen>
    <dimen name="x199">93.97dp</dimen>
    <dimen name="x200">94.44dp</dimen>
    <dimen name="x201">94.92dp</dimen>
    <dimen name="x202">95.39dp</dimen>
    <dimen name="x203">95.86dp</dimen>
    <dimen name="x204">96.33dp</dimen>
    <dimen name="x205">96.81dp</dimen>
    <dimen name="x206">97.28dp</dimen>
    <dimen name="x207">97.75dp</dimen>
    <dimen name="x208">98.22dp</dimen>
    <dimen name="x209">98.69dp</dimen>
    <dimen name="x210">99.17dp</dimen>
    <dimen name="x211">99.64dp</dimen>
    <dimen name="x212">100.11dp</dimen>
    <dimen name="x213">100.58dp</dimen>
    <dimen name="x214">101.06dp</dimen>
    <dimen name="x215">101.53dp</dimen>
    <dimen name="x216">102.00dp</dimen>
    <dimen name="x217">102.47dp</dimen>
    <dimen name="x218">102.94dp</dimen>
    <dimen name="x219">103.42dp</dimen>
    <dimen name="x220">103.89dp</dimen>
    <dimen name="x221">104.36dp</dimen>
    <dimen name="x222">104.83dp</dimen>
    <dimen name="x223">105.31dp</dimen>
    <dimen name="x224">105.78dp</dimen>
    <dimen name="x225">106.25dp</dimen>
    <dimen name="x226">106.72dp</dimen>
    <dimen name="x227">107.19dp</dimen>
    <dimen name="x228">107.67dp</dimen>
    <dimen name="x229">108.14dp</dimen>
    <dimen name="x230">108.61dp</dimen>
    <dimen name="x231">109.08dp</dimen>
    <dimen name="x232">109.56dp</dimen>
    <dimen name="x233">110.03dp</dimen>
    <dimen name="x234">110.50dp</dimen>
    <dimen name="x235">110.97dp</dimen>
    <dimen name="x236">111.44dp</dimen>
    <dimen name="x237">111.92dp</dimen>
    <dimen name="x238">112.39dp</dimen>
    <dimen name="x239">112.86dp</dimen>
    <dimen name="x240">113.33dp</dimen>
    <dimen name="x241">113.81dp</dimen>
    <dimen name="x242">114.28dp</dimen>
    <dimen name="x243">114.75dp</dimen>
    <dimen name="x244">115.22dp</dimen>
    <dimen name="x245">115.69dp</dimen>
    <dimen name="x246">116.17dp</dimen>
    <dimen name="x247">116.64dp</dimen>
    <dimen name="x248">117.11dp</dimen>
    <dimen name="x249">117.58dp</dimen>
    <dimen name="x250">118.06dp</dimen>
    <dimen name="x251">118.53dp</dimen>
    <dimen name="x252">119.00dp</dimen>
    <dimen name="x253">119.47dp</dimen>
    <dimen name="x254">119.94dp</dimen>
    <dimen name="x255">120.42dp</dimen>
    <dimen name="x256">120.89dp</dimen>
    <dimen name="x257">121.36dp</dimen>
    <dimen name="x258">121.83dp</dimen>
    <dimen name="x259">122.31dp</dimen>
    <dimen name="x260">122.78dp</dimen>
    <dimen name="x261">123.25dp</dimen>
    <dimen name="x262">123.72dp</dimen>
    <dimen name="x263">124.19dp</dimen>
    <dimen name="x264">124.67dp</dimen>
    <dimen name="x265">125.14dp</dimen>
    <dimen name="x266">125.61dp</dimen>
    <dimen name="x267">126.08dp</dimen>
    <dimen name="x268">126.56dp</dimen>
    <dimen name="x269">127.03dp</dimen>
    <dimen name="x270">127.50dp</dimen>
    <dimen name="x271">127.97dp</dimen>
    <dimen name="x272">128.44dp</dimen>
    <dimen name="x273">128.92dp</dimen>
    <dimen name="x274">129.39dp</dimen>
    <dimen name="x275">129.86dp</dimen>
    <dimen name="x276">130.33dp</dimen>
    <dimen name="x277">130.81dp</dimen>
    <dimen name="x278">131.28dp</dimen>
    <dimen name="x279">131.75dp</dimen>
    <dimen name="x280">132.22dp</dimen>
    <dimen name="x281">132.69dp</dimen>
    <dimen name="x282">133.17dp</dimen>
    <dimen name="x283">133.64dp</dimen>
    <dimen name="x284">134.11dp</dimen>
    <dimen name="x285">134.58dp</dimen>
    <dimen name="x286">135.06dp</dimen>
    <dimen name="x287">135.53dp</dimen>
    <dimen name="x288">136.00dp</dimen>
    <dimen name="x289">136.47dp</dimen>
    <dimen name="x290">136.94dp</dimen>
    <dimen name="x291">137.42dp</dimen>
    <dimen name="x292">137.89dp</dimen>
    <dimen name="x293">138.36dp</dimen>
    <dimen name="x294">138.83dp</dimen>
    <dimen name="x295">139.31dp</dimen>
    <dimen name="x296">139.78dp</dimen>
    <dimen name="x297">140.25dp</dimen>
    <dimen name="x298">140.72dp</dimen>
    <dimen name="x299">141.19dp</dimen>
    <dimen name="x300">141.67dp</dimen>
    <dimen name="x301">142.14dp</dimen>
    <dimen name="x302">142.61dp</dimen>
    <dimen name="x303">143.08dp</dimen>
    <dimen name="x304">143.56dp</dimen>
    <dimen name="x305">144.03dp</dimen>
    <dimen name="x306">144.50dp</dimen>
    <dimen name="x307">144.97dp</dimen>
    <dimen name="x308">145.44dp</dimen>
    <dimen name="x309">145.92dp</dimen>
    <dimen name="x310">146.39dp</dimen>
    <dimen name="x311">146.86dp</dimen>
    <dimen name="x312">147.33dp</dimen>
    <dimen name="x313">147.81dp</dimen>
    <dimen name="x314">148.28dp</dimen>
    <dimen name="x315">148.75dp</dimen>
    <dimen name="x316">149.22dp</dimen>
    <dimen name="x317">149.69dp</dimen>
    <dimen name="x318">150.17dp</dimen>
    <dimen name="x319">150.64dp</dimen>
    <dimen name="x320">151.11dp</dimen>
    <dimen name="x321">151.58dp</dimen>
    <dimen name="x322">152.06dp</dimen>
    <dimen name="x323">152.53dp</dimen>
    <dimen name="x324">153.00dp</dimen>
    <dimen name="x325">153.47dp</dimen>
    <dimen name="x326">153.94dp</dimen>
    <dimen name="x327">154.42dp</dimen>
    <dimen name="x328">154.89dp</dimen>
    <dimen name="x329">155.36dp</dimen>
    <dimen name="x330">155.83dp</dimen>
    <dimen name="x331">156.31dp</dimen>
    <dimen name="x332">156.78dp</dimen>
    <dimen name="x333">157.25dp</dimen>
    <dimen name="x334">157.72dp</dimen>
    <dimen name="x335">158.19dp</dimen>
    <dimen name="x336">158.67dp</dimen>
    <dimen name="x337">159.14dp</dimen>
    <dimen name="x338">159.61dp</dimen>
    <dimen name="x339">160.08dp</dimen>
    <dimen name="x340">160.56dp</dimen>
    <dimen name="x341">161.03dp</dimen>
    <dimen name="x342">161.50dp</dimen>
    <dimen name="x343">161.97dp</dimen>
    <dimen name="x344">162.44dp</dimen>
    <dimen name="x345">162.92dp</dimen>
    <dimen name="x346">163.39dp</dimen>
    <dimen name="x347">163.86dp</dimen>
    <dimen name="x348">164.33dp</dimen>
    <dimen name="x349">164.81dp</dimen>
    <dimen name="x350">165.28dp</dimen>
    <dimen name="x351">165.75dp</dimen>
    <dimen name="x352">166.22dp</dimen>
    <dimen name="x353">166.69dp</dimen>
    <dimen name="x354">167.17dp</dimen>
    <dimen name="x355">167.64dp</dimen>
    <dimen name="x356">168.11dp</dimen>
    <dimen name="x357">168.58dp</dimen>
    <dimen name="x358">169.06dp</dimen>
    <dimen name="x359">169.53dp</dimen>
    <dimen name="x360">170.00dp</dimen>
    <dimen name="x361">170.47dp</dimen>
    <dimen name="x362">170.94dp</dimen>
    <dimen name="x363">171.42dp</dimen>
    <dimen name="x364">171.89dp</dimen>
    <dimen name="x365">172.36dp</dimen>
    <dimen name="x366">172.83dp</dimen>
    <dimen name="x367">173.31dp</dimen>
    <dimen name="x368">173.78dp</dimen>
    <dimen name="x369">174.25dp</dimen>
    <dimen name="x370">174.72dp</dimen>
    <dimen name="x371">175.19dp</dimen>
    <dimen name="x372">175.67dp</dimen>
    <dimen name="x373">176.14dp</dimen>
    <dimen name="x374">176.61dp</dimen>
    <dimen name="x375">177.08dp</dimen>
    <dimen name="x376">177.56dp</dimen>
    <dimen name="x377">178.03dp</dimen>
    <dimen name="x378">178.50dp</dimen>
    <dimen name="x379">178.97dp</dimen>
    <dimen name="x380">179.44dp</dimen>
    <dimen name="x381">179.92dp</dimen>
    <dimen name="x382">180.39dp</dimen>
    <dimen name="x383">180.86dp</dimen>
    <dimen name="x384">181.33dp</dimen>
    <dimen name="x385">181.81dp</dimen>
    <dimen name="x386">182.28dp</dimen>
    <dimen name="x387">182.75dp</dimen>
    <dimen name="x388">183.22dp</dimen>
    <dimen name="x389">183.69dp</dimen>
    <dimen name="x390">184.17dp</dimen>
    <dimen name="x391">184.64dp</dimen>
    <dimen name="x392">185.11dp</dimen>
    <dimen name="x393">185.58dp</dimen>
    <dimen name="x394">186.06dp</dimen>
    <dimen name="x395">186.53dp</dimen>
    <dimen name="x396">187.00dp</dimen>
    <dimen name="x397">187.47dp</dimen>
    <dimen name="x398">187.94dp</dimen>
    <dimen name="x399">188.42dp</dimen>
    <dimen name="x400">188.89dp</dimen>
    <dimen name="x401">189.36dp</dimen>
    <dimen name="x402">189.83dp</dimen>
    <dimen name="x403">190.31dp</dimen>
    <dimen name="x404">190.78dp</dimen>
    <dimen name="x405">191.25dp</dimen>
    <dimen name="x406">191.72dp</dimen>
    <dimen name="x407">192.19dp</dimen>
    <dimen name="x408">192.67dp</dimen>
    <dimen name="x409">193.14dp</dimen>
    <dimen name="x410">193.61dp</dimen>
    <dimen name="x411">194.08dp</dimen>
    <dimen name="x412">194.56dp</dimen>
    <dimen name="x413">195.03dp</dimen>
    <dimen name="x414">195.50dp</dimen>
    <dimen name="x415">195.97dp</dimen>
    <dimen name="x416">196.44dp</dimen>
    <dimen name="x417">196.92dp</dimen>
    <dimen name="x418">197.39dp</dimen>
    <dimen name="x419">197.86dp</dimen>
    <dimen name="x420">198.33dp</dimen>
    <dimen name="x421">198.81dp</dimen>
    <dimen name="x422">199.28dp</dimen>
    <dimen name="x423">199.75dp</dimen>
    <dimen name="x424">200.22dp</dimen>
    <dimen name="x425">200.69dp</dimen>
    <dimen name="x426">201.17dp</dimen>
    <dimen name="x427">201.64dp</dimen>
    <dimen name="x428">202.11dp</dimen>
    <dimen name="x429">202.58dp</dimen>
    <dimen name="x430">203.06dp</dimen>
    <dimen name="x431">203.53dp</dimen>
    <dimen name="x432">204.00dp</dimen>
    <dimen name="x433">204.47dp</dimen>
    <dimen name="x434">204.94dp</dimen>
    <dimen name="x435">205.42dp</dimen>
    <dimen name="x436">205.89dp</dimen>
    <dimen name="x437">206.36dp</dimen>
    <dimen name="x438">206.83dp</dimen>
    <dimen name="x439">207.31dp</dimen>
    <dimen name="x440">207.78dp</dimen>
    <dimen name="x441">208.25dp</dimen>
    <dimen name="x442">208.72dp</dimen>
    <dimen name="x443">209.19dp</dimen>
    <dimen name="x444">209.67dp</dimen>
    <dimen name="x445">210.14dp</dimen>
    <dimen name="x446">210.61dp</dimen>
    <dimen name="x447">211.08dp</dimen>
    <dimen name="x448">211.56dp</dimen>
    <dimen name="x449">212.03dp</dimen>
    <dimen name="x450">212.50dp</dimen>
    <dimen name="x451">212.97dp</dimen>
    <dimen name="x452">213.44dp</dimen>
    <dimen name="x453">213.92dp</dimen>
    <dimen name="x454">214.39dp</dimen>
    <dimen name="x455">214.86dp</dimen>
    <dimen name="x456">215.33dp</dimen>
    <dimen name="x457">215.81dp</dimen>
    <dimen name="x458">216.28dp</dimen>
    <dimen name="x459">216.75dp</dimen>
    <dimen name="x460">217.22dp</dimen>
    <dimen name="x461">217.69dp</dimen>
    <dimen name="x462">218.17dp</dimen>
    <dimen name="x463">218.64dp</dimen>
    <dimen name="x464">219.11dp</dimen>
    <dimen name="x465">219.58dp</dimen>
    <dimen name="x466">220.06dp</dimen>
    <dimen name="x467">220.53dp</dimen>
    <dimen name="x468">221.00dp</dimen>
    <dimen name="x469">221.47dp</dimen>
    <dimen name="x470">221.94dp</dimen>
    <dimen name="x471">222.42dp</dimen>
    <dimen name="x472">222.89dp</dimen>
    <dimen name="x473">223.36dp</dimen>
    <dimen name="x474">223.83dp</dimen>
    <dimen name="x475">224.31dp</dimen>
    <dimen name="x476">224.78dp</dimen>
    <dimen name="x477">225.25dp</dimen>
    <dimen name="x478">225.72dp</dimen>
    <dimen name="x479">226.19dp</dimen>
    <dimen name="x480">226.67dp</dimen>
    <dimen name="x481">227.14dp</dimen>
    <dimen name="x482">227.61dp</dimen>
    <dimen name="x483">228.08dp</dimen>
    <dimen name="x484">228.56dp</dimen>
    <dimen name="x485">229.03dp</dimen>
    <dimen name="x486">229.50dp</dimen>
    <dimen name="x487">229.97dp</dimen>
    <dimen name="x488">230.44dp</dimen>
    <dimen name="x489">230.92dp</dimen>
    <dimen name="x490">231.39dp</dimen>
    <dimen name="x491">231.86dp</dimen>
    <dimen name="x492">232.33dp</dimen>
    <dimen name="x493">232.81dp</dimen>
    <dimen name="x494">233.28dp</dimen>
    <dimen name="x495">233.75dp</dimen>
    <dimen name="x496">234.22dp</dimen>
    <dimen name="x497">234.69dp</dimen>
    <dimen name="x498">235.17dp</dimen>
    <dimen name="x499">235.64dp</dimen>
    <dimen name="x500">236.11dp</dimen>
    <dimen name="x501">236.58dp</dimen>
    <dimen name="x502">237.06dp</dimen>
    <dimen name="x503">237.53dp</dimen>
    <dimen name="x504">238.00dp</dimen>
    <dimen name="x505">238.47dp</dimen>
    <dimen name="x506">238.94dp</dimen>
    <dimen name="x507">239.42dp</dimen>
    <dimen name="x508">239.89dp</dimen>
    <dimen name="x509">240.36dp</dimen>
    <dimen name="x510">240.83dp</dimen>
    <dimen name="x511">241.31dp</dimen>
    <dimen name="x512">241.78dp</dimen>
    <dimen name="x513">242.25dp</dimen>
    <dimen name="x514">242.72dp</dimen>
    <dimen name="x515">243.19dp</dimen>
    <dimen name="x516">243.67dp</dimen>
    <dimen name="x517">244.14dp</dimen>
    <dimen name="x518">244.61dp</dimen>
    <dimen name="x519">245.08dp</dimen>
    <dimen name="x520">245.56dp</dimen>
    <dimen name="x521">246.03dp</dimen>
    <dimen name="x522">246.50dp</dimen>
    <dimen name="x523">246.97dp</dimen>
    <dimen name="x524">247.44dp</dimen>
    <dimen name="x525">247.92dp</dimen>
    <dimen name="x526">248.39dp</dimen>
    <dimen name="x527">248.86dp</dimen>
    <dimen name="x528">249.33dp</dimen>
    <dimen name="x529">249.81dp</dimen>
    <dimen name="x530">250.28dp</dimen>
    <dimen name="x531">250.75dp</dimen>
    <dimen name="x532">251.22dp</dimen>
    <dimen name="x533">251.69dp</dimen>
    <dimen name="x534">252.17dp</dimen>
    <dimen name="x535">252.64dp</dimen>
    <dimen name="x536">253.11dp</dimen>
    <dimen name="x537">253.58dp</dimen>
    <dimen name="x538">254.06dp</dimen>
    <dimen name="x539">254.53dp</dimen>
    <dimen name="x540">255.00dp</dimen>
    <dimen name="x541">255.47dp</dimen>
    <dimen name="x542">255.94dp</dimen>
    <dimen name="x543">256.42dp</dimen>
    <dimen name="x544">256.89dp</dimen>
    <dimen name="x545">257.36dp</dimen>
    <dimen name="x546">257.83dp</dimen>
    <dimen name="x547">258.31dp</dimen>
    <dimen name="x548">258.78dp</dimen>
    <dimen name="x549">259.25dp</dimen>
    <dimen name="x550">259.72dp</dimen>
    <dimen name="x551">260.19dp</dimen>
    <dimen name="x552">260.67dp</dimen>
    <dimen name="x553">261.14dp</dimen>
    <dimen name="x554">261.61dp</dimen>
    <dimen name="x555">262.08dp</dimen>
    <dimen name="x556">262.56dp</dimen>
    <dimen name="x557">263.03dp</dimen>
    <dimen name="x558">263.50dp</dimen>
    <dimen name="x559">263.97dp</dimen>
    <dimen name="x560">264.44dp</dimen>
    <dimen name="x561">264.92dp</dimen>
    <dimen name="x562">265.39dp</dimen>
    <dimen name="x563">265.86dp</dimen>
    <dimen name="x564">266.33dp</dimen>
    <dimen name="x565">266.81dp</dimen>
    <dimen name="x566">267.28dp</dimen>
    <dimen name="x567">267.75dp</dimen>
    <dimen name="x568">268.22dp</dimen>
    <dimen name="x569">268.69dp</dimen>
    <dimen name="x570">269.17dp</dimen>
    <dimen name="x571">269.64dp</dimen>
    <dimen name="x572">270.11dp</dimen>
    <dimen name="x573">270.58dp</dimen>
    <dimen name="x574">271.06dp</dimen>
    <dimen name="x575">271.53dp</dimen>
    <dimen name="x576">272.00dp</dimen>
    <dimen name="x577">272.47dp</dimen>
    <dimen name="x578">272.94dp</dimen>
    <dimen name="x579">273.42dp</dimen>
    <dimen name="x580">273.89dp</dimen>
    <dimen name="x581">274.36dp</dimen>
    <dimen name="x582">274.83dp</dimen>
    <dimen name="x583">275.31dp</dimen>
    <dimen name="x584">275.78dp</dimen>
    <dimen name="x585">276.25dp</dimen>
    <dimen name="x586">276.72dp</dimen>
    <dimen name="x587">277.19dp</dimen>
    <dimen name="x588">277.67dp</dimen>
    <dimen name="x589">278.14dp</dimen>
    <dimen name="x590">278.61dp</dimen>
    <dimen name="x591">279.08dp</dimen>
    <dimen name="x592">279.56dp</dimen>
    <dimen name="x593">280.03dp</dimen>
    <dimen name="x594">280.50dp</dimen>
    <dimen name="x595">280.97dp</dimen>
    <dimen name="x596">281.44dp</dimen>
    <dimen name="x597">281.92dp</dimen>
    <dimen name="x598">282.39dp</dimen>
    <dimen name="x599">282.86dp</dimen>
    <dimen name="x600">283.33dp</dimen>
    <dimen name="x601">283.81dp</dimen>
    <dimen name="x602">284.28dp</dimen>
    <dimen name="x603">284.75dp</dimen>
    <dimen name="x604">285.22dp</dimen>
    <dimen name="x605">285.69dp</dimen>
    <dimen name="x606">286.17dp</dimen>
    <dimen name="x607">286.64dp</dimen>
    <dimen name="x608">287.11dp</dimen>
    <dimen name="x609">287.58dp</dimen>
    <dimen name="x610">288.06dp</dimen>
    <dimen name="x611">288.53dp</dimen>
    <dimen name="x612">289.00dp</dimen>
    <dimen name="x613">289.47dp</dimen>
    <dimen name="x614">289.94dp</dimen>
    <dimen name="x615">290.42dp</dimen>
    <dimen name="x616">290.89dp</dimen>
    <dimen name="x617">291.36dp</dimen>
    <dimen name="x618">291.83dp</dimen>
    <dimen name="x619">292.31dp</dimen>
    <dimen name="x620">292.78dp</dimen>
    <dimen name="x621">293.25dp</dimen>
    <dimen name="x622">293.72dp</dimen>
    <dimen name="x623">294.19dp</dimen>
    <dimen name="x624">294.67dp</dimen>
    <dimen name="x625">295.14dp</dimen>
    <dimen name="x626">295.61dp</dimen>
    <dimen name="x627">296.08dp</dimen>
    <dimen name="x628">296.56dp</dimen>
    <dimen name="x629">297.03dp</dimen>
    <dimen name="x630">297.50dp</dimen>
    <dimen name="x631">297.97dp</dimen>
    <dimen name="x632">298.44dp</dimen>
    <dimen name="x633">298.92dp</dimen>
    <dimen name="x634">299.39dp</dimen>
    <dimen name="x635">299.86dp</dimen>
    <dimen name="x636">300.33dp</dimen>
    <dimen name="x637">300.81dp</dimen>
    <dimen name="x638">301.28dp</dimen>
    <dimen name="x639">301.75dp</dimen>
    <dimen name="x640">302.22dp</dimen>
    <dimen name="x641">302.69dp</dimen>
    <dimen name="x642">303.17dp</dimen>
    <dimen name="x643">303.64dp</dimen>
    <dimen name="x644">304.11dp</dimen>
    <dimen name="x645">304.58dp</dimen>
    <dimen name="x646">305.06dp</dimen>
    <dimen name="x647">305.53dp</dimen>
    <dimen name="x648">306.00dp</dimen>
    <dimen name="x649">306.47dp</dimen>
    <dimen name="x650">306.94dp</dimen>
    <dimen name="x651">307.42dp</dimen>
    <dimen name="x652">307.89dp</dimen>
    <dimen name="x653">308.36dp</dimen>
    <dimen name="x654">308.83dp</dimen>
    <dimen name="x655">309.31dp</dimen>
    <dimen name="x656">309.78dp</dimen>
    <dimen name="x657">310.25dp</dimen>
    <dimen name="x658">310.72dp</dimen>
    <dimen name="x659">311.19dp</dimen>
    <dimen name="x660">311.67dp</dimen>
    <dimen name="x661">312.14dp</dimen>
    <dimen name="x662">312.61dp</dimen>
    <dimen name="x663">313.08dp</dimen>
    <dimen name="x664">313.56dp</dimen>
    <dimen name="x665">314.03dp</dimen>
    <dimen name="x666">314.50dp</dimen>
    <dimen name="x667">314.97dp</dimen>
    <dimen name="x668">315.44dp</dimen>
    <dimen name="x669">315.92dp</dimen>
    <dimen name="x670">316.39dp</dimen>
    <dimen name="x671">316.86dp</dimen>
    <dimen name="x672">317.33dp</dimen>
    <dimen name="x673">317.81dp</dimen>
    <dimen name="x674">318.28dp</dimen>
    <dimen name="x675">318.75dp</dimen>
    <dimen name="x676">319.22dp</dimen>
    <dimen name="x677">319.69dp</dimen>
    <dimen name="x678">320.17dp</dimen>
    <dimen name="x679">320.64dp</dimen>
    <dimen name="x680">321.11dp</dimen>
    <dimen name="x681">321.58dp</dimen>
    <dimen name="x682">322.06dp</dimen>
    <dimen name="x683">322.53dp</dimen>
    <dimen name="x684">323.00dp</dimen>
    <dimen name="x685">323.47dp</dimen>
    <dimen name="x686">323.94dp</dimen>
    <dimen name="x687">324.42dp</dimen>
    <dimen name="x688">324.89dp</dimen>
    <dimen name="x689">325.36dp</dimen>
    <dimen name="x690">325.83dp</dimen>
    <dimen name="x691">326.31dp</dimen>
    <dimen name="x692">326.78dp</dimen>
    <dimen name="x693">327.25dp</dimen>
    <dimen name="x694">327.72dp</dimen>
    <dimen name="x695">328.19dp</dimen>
    <dimen name="x696">328.67dp</dimen>
    <dimen name="x697">329.14dp</dimen>
    <dimen name="x698">329.61dp</dimen>
    <dimen name="x699">330.08dp</dimen>
    <dimen name="x700">330.56dp</dimen>
    <dimen name="x701">331.03dp</dimen>
    <dimen name="x702">331.50dp</dimen>
    <dimen name="x703">331.97dp</dimen>
    <dimen name="x704">332.44dp</dimen>
    <dimen name="x705">332.92dp</dimen>
    <dimen name="x706">333.39dp</dimen>
    <dimen name="x707">333.86dp</dimen>
    <dimen name="x708">334.33dp</dimen>
    <dimen name="x709">334.81dp</dimen>
    <dimen name="x710">335.28dp</dimen>
    <dimen name="x711">335.75dp</dimen>
    <dimen name="x712">336.22dp</dimen>
    <dimen name="x713">336.69dp</dimen>
    <dimen name="x714">337.17dp</dimen>
    <dimen name="x715">337.64dp</dimen>
    <dimen name="x716">338.11dp</dimen>
    <dimen name="x717">338.58dp</dimen>
    <dimen name="x718">339.06dp</dimen>
    <dimen name="x719">339.53dp</dimen>
    <dimen name="x720">340.00dp</dimen>
    <dimen name="x721">340.47dp</dimen>
    <dimen name="x722">340.94dp</dimen>
    <dimen name="x723">341.42dp</dimen>
    <dimen name="x724">341.89dp</dimen>
    <dimen name="x725">342.36dp</dimen>
    <dimen name="x726">342.83dp</dimen>
    <dimen name="x727">343.31dp</dimen>
    <dimen name="x728">343.78dp</dimen>
    <dimen name="x729">344.25dp</dimen>
    <dimen name="x730">344.72dp</dimen>
    <dimen name="x731">345.19dp</dimen>
    <dimen name="x732">345.67dp</dimen>
    <dimen name="x733">346.14dp</dimen>
    <dimen name="x734">346.61dp</dimen>
    <dimen name="x735">347.08dp</dimen>
    <dimen name="x736">347.56dp</dimen>
    <dimen name="x737">348.03dp</dimen>
    <dimen name="x738">348.50dp</dimen>
    <dimen name="x739">348.97dp</dimen>
    <dimen name="x740">349.44dp</dimen>
    <dimen name="x741">349.92dp</dimen>
    <dimen name="x742">350.39dp</dimen>
    <dimen name="x743">350.86dp</dimen>
    <dimen name="x744">351.33dp</dimen>
    <dimen name="x745">351.81dp</dimen>
    <dimen name="x746">352.28dp</dimen>
    <dimen name="x747">352.75dp</dimen>
    <dimen name="x748">353.22dp</dimen>
    <dimen name="x749">353.69dp</dimen>
    <dimen name="x750">354.17dp</dimen>
    <dimen name="x751">354.64dp</dimen>
    <dimen name="x752">355.11dp</dimen>
    <dimen name="x753">355.58dp</dimen>
    <dimen name="x754">356.06dp</dimen>
    <dimen name="x755">356.53dp</dimen>
    <dimen name="x756">357.00dp</dimen>
    <dimen name="x757">357.47dp</dimen>
    <dimen name="x758">357.94dp</dimen>
    <dimen name="x759">358.42dp</dimen>
    <dimen name="x760">358.89dp</dimen>
    <dimen name="x761">359.36dp</dimen>
    <dimen name="x762">359.83dp</dimen>
    <dimen name="x763">360.31dp</dimen>
    <dimen name="x764">360.78dp</dimen>
    <dimen name="x765">361.25dp</dimen>
    <dimen name="x766">361.72dp</dimen>
    <dimen name="x767">362.19dp</dimen>
    <dimen name="x768">362.67dp</dimen>
    <dimen name="x769">363.14dp</dimen>
    <dimen name="x770">363.61dp</dimen>
    <dimen name="x771">364.08dp</dimen>
    <dimen name="x772">364.56dp</dimen>
    <dimen name="x773">365.03dp</dimen>
    <dimen name="x774">365.50dp</dimen>
    <dimen name="x775">365.97dp</dimen>
    <dimen name="x776">366.44dp</dimen>
    <dimen name="x777">366.92dp</dimen>
    <dimen name="x778">367.39dp</dimen>
    <dimen name="x779">367.86dp</dimen>
    <dimen name="x780">368.33dp</dimen>
    <dimen name="x781">368.81dp</dimen>
    <dimen name="x782">369.28dp</dimen>
    <dimen name="x783">369.75dp</dimen>
    <dimen name="x784">370.22dp</dimen>
    <dimen name="x785">370.69dp</dimen>
    <dimen name="x786">371.17dp</dimen>
    <dimen name="x787">371.64dp</dimen>
    <dimen name="x788">372.11dp</dimen>
    <dimen name="x789">372.58dp</dimen>
    <dimen name="x790">373.06dp</dimen>
    <dimen name="x791">373.53dp</dimen>
    <dimen name="x792">374.00dp</dimen>
    <dimen name="x793">374.47dp</dimen>
    <dimen name="x794">374.94dp</dimen>
    <dimen name="x795">375.42dp</dimen>
    <dimen name="x796">375.89dp</dimen>
    <dimen name="x797">376.36dp</dimen>
    <dimen name="x798">376.83dp</dimen>
    <dimen name="x799">377.31dp</dimen>
    <dimen name="x800">377.78dp</dimen>
    <dimen name="x801">378.25dp</dimen>
    <dimen name="x802">378.72dp</dimen>
    <dimen name="x803">379.19dp</dimen>
    <dimen name="x804">379.67dp</dimen>
    <dimen name="x805">380.14dp</dimen>
    <dimen name="x806">380.61dp</dimen>
    <dimen name="x807">381.08dp</dimen>
    <dimen name="x808">381.56dp</dimen>
    <dimen name="x809">382.03dp</dimen>
    <dimen name="x810">382.50dp</dimen>
    <dimen name="x811">382.97dp</dimen>
    <dimen name="x812">383.44dp</dimen>
    <dimen name="x813">383.92dp</dimen>
    <dimen name="x814">384.39dp</dimen>
    <dimen name="x815">384.86dp</dimen>
    <dimen name="x816">385.33dp</dimen>
    <dimen name="x817">385.81dp</dimen>
    <dimen name="x818">386.28dp</dimen>
    <dimen name="x819">386.75dp</dimen>
    <dimen name="x820">387.22dp</dimen>
    <dimen name="x821">387.69dp</dimen>
    <dimen name="x822">388.17dp</dimen>
    <dimen name="x823">388.64dp</dimen>
    <dimen name="x824">389.11dp</dimen>
    <dimen name="x825">389.58dp</dimen>
    <dimen name="x826">390.06dp</dimen>
    <dimen name="x827">390.53dp</dimen>
    <dimen name="x828">391.00dp</dimen>
    <dimen name="x829">391.47dp</dimen>
    <dimen name="x830">391.94dp</dimen>
    <dimen name="x831">392.42dp</dimen>
    <dimen name="x832">392.89dp</dimen>
    <dimen name="x833">393.36dp</dimen>
    <dimen name="x834">393.83dp</dimen>
    <dimen name="x835">394.31dp</dimen>
    <dimen name="x836">394.78dp</dimen>
    <dimen name="x837">395.25dp</dimen>
    <dimen name="x838">395.72dp</dimen>
    <dimen name="x839">396.19dp</dimen>
    <dimen name="x840">396.67dp</dimen>
    <dimen name="x841">397.14dp</dimen>
    <dimen name="x842">397.61dp</dimen>
    <dimen name="x843">398.08dp</dimen>
    <dimen name="x844">398.56dp</dimen>
    <dimen name="x845">399.03dp</dimen>
    <dimen name="x846">399.50dp</dimen>
    <dimen name="x847">399.97dp</dimen>
    <dimen name="x848">400.44dp</dimen>
    <dimen name="x849">400.92dp</dimen>
    <dimen name="x850">401.39dp</dimen>
    <dimen name="x851">401.86dp</dimen>
    <dimen name="x852">402.33dp</dimen>
    <dimen name="x853">402.81dp</dimen>
    <dimen name="x854">403.28dp</dimen>
    <dimen name="x855">403.75dp</dimen>
    <dimen name="x856">404.22dp</dimen>
    <dimen name="x857">404.69dp</dimen>
    <dimen name="x858">405.17dp</dimen>
    <dimen name="x859">405.64dp</dimen>
    <dimen name="x860">406.11dp</dimen>
    <dimen name="x861">406.58dp</dimen>
    <dimen name="x862">407.06dp</dimen>
    <dimen name="x863">407.53dp</dimen>
    <dimen name="x864">408.00dp</dimen>
    <dimen name="x865">408.47dp</dimen>
    <dimen name="x866">408.94dp</dimen>
    <dimen name="x867">409.42dp</dimen>
    <dimen name="x868">409.89dp</dimen>
    <dimen name="x869">410.36dp</dimen>
    <dimen name="x870">410.83dp</dimen>
    <dimen name="x871">411.31dp</dimen>
    <dimen name="x872">411.78dp</dimen>
    <dimen name="x873">412.25dp</dimen>
    <dimen name="x874">412.72dp</dimen>
    <dimen name="x875">413.19dp</dimen>
    <dimen name="x876">413.67dp</dimen>
    <dimen name="x877">414.14dp</dimen>
    <dimen name="x878">414.61dp</dimen>
    <dimen name="x879">415.08dp</dimen>
    <dimen name="x880">415.56dp</dimen>
    <dimen name="x881">416.03dp</dimen>
    <dimen name="x882">416.50dp</dimen>
    <dimen name="x883">416.97dp</dimen>
    <dimen name="x884">417.44dp</dimen>
    <dimen name="x885">417.92dp</dimen>
    <dimen name="x886">418.39dp</dimen>
    <dimen name="x887">418.86dp</dimen>
    <dimen name="x888">419.33dp</dimen>
    <dimen name="x889">419.81dp</dimen>
    <dimen name="x890">420.28dp</dimen>
    <dimen name="x891">420.75dp</dimen>
    <dimen name="x892">421.22dp</dimen>
    <dimen name="x893">421.69dp</dimen>
    <dimen name="x894">422.17dp</dimen>
    <dimen name="x895">422.64dp</dimen>
    <dimen name="x896">423.11dp</dimen>
    <dimen name="x897">423.58dp</dimen>
    <dimen name="x898">424.06dp</dimen>
    <dimen name="x899">424.53dp</dimen>
    <dimen name="x900">425.00dp</dimen>
    <dimen name="x901">425.47dp</dimen>
    <dimen name="x902">425.94dp</dimen>
    <dimen name="x903">426.42dp</dimen>
    <dimen name="x904">426.89dp</dimen>
    <dimen name="x905">427.36dp</dimen>
    <dimen name="x906">427.83dp</dimen>
    <dimen name="x907">428.31dp</dimen>
    <dimen name="x908">428.78dp</dimen>
    <dimen name="x909">429.25dp</dimen>
    <dimen name="x910">429.72dp</dimen>
    <dimen name="x911">430.19dp</dimen>
    <dimen name="x912">430.67dp</dimen>
    <dimen name="x913">431.14dp</dimen>
    <dimen name="x914">431.61dp</dimen>
    <dimen name="x915">432.08dp</dimen>
    <dimen name="x916">432.56dp</dimen>
    <dimen name="x917">433.03dp</dimen>
    <dimen name="x918">433.50dp</dimen>
    <dimen name="x919">433.97dp</dimen>
    <dimen name="x920">434.44dp</dimen>
    <dimen name="x921">434.92dp</dimen>
    <dimen name="x922">435.39dp</dimen>
    <dimen name="x923">435.86dp</dimen>
    <dimen name="x924">436.33dp</dimen>
    <dimen name="x925">436.81dp</dimen>
    <dimen name="x926">437.28dp</dimen>
    <dimen name="x927">437.75dp</dimen>
    <dimen name="x928">438.22dp</dimen>
    <dimen name="x929">438.69dp</dimen>
    <dimen name="x930">439.17dp</dimen>
    <dimen name="x931">439.64dp</dimen>
    <dimen name="x932">440.11dp</dimen>
    <dimen name="x933">440.58dp</dimen>
    <dimen name="x934">441.06dp</dimen>
    <dimen name="x935">441.53dp</dimen>
    <dimen name="x936">442.00dp</dimen>
    <dimen name="x937">442.47dp</dimen>
    <dimen name="x938">442.94dp</dimen>
    <dimen name="x939">443.42dp</dimen>
    <dimen name="x940">443.89dp</dimen>
    <dimen name="x941">444.36dp</dimen>
    <dimen name="x942">444.83dp</dimen>
    <dimen name="x943">445.31dp</dimen>
    <dimen name="x944">445.78dp</dimen>
    <dimen name="x945">446.25dp</dimen>
    <dimen name="x946">446.72dp</dimen>
    <dimen name="x947">447.19dp</dimen>
    <dimen name="x948">447.67dp</dimen>
    <dimen name="x949">448.14dp</dimen>
    <dimen name="x950">448.61dp</dimen>
    <dimen name="x951">449.08dp</dimen>
    <dimen name="x952">449.56dp</dimen>
    <dimen name="x953">450.03dp</dimen>
    <dimen name="x954">450.50dp</dimen>
    <dimen name="x955">450.97dp</dimen>
    <dimen name="x956">451.44dp</dimen>
    <dimen name="x957">451.92dp</dimen>
    <dimen name="x958">452.39dp</dimen>
    <dimen name="x959">452.86dp</dimen>
    <dimen name="x960">453.33dp</dimen>
    <dimen name="x961">453.81dp</dimen>
    <dimen name="x962">454.28dp</dimen>
    <dimen name="x963">454.75dp</dimen>
    <dimen name="x964">455.22dp</dimen>
    <dimen name="x965">455.69dp</dimen>
    <dimen name="x966">456.17dp</dimen>
    <dimen name="x967">456.64dp</dimen>
    <dimen name="x968">457.11dp</dimen>
    <dimen name="x969">457.58dp</dimen>
    <dimen name="x970">458.06dp</dimen>
    <dimen name="x971">458.53dp</dimen>
    <dimen name="x972">459.00dp</dimen>
    <dimen name="x973">459.47dp</dimen>
    <dimen name="x974">459.94dp</dimen>
    <dimen name="x975">460.42dp</dimen>
    <dimen name="x976">460.89dp</dimen>
    <dimen name="x977">461.36dp</dimen>
    <dimen name="x978">461.83dp</dimen>
    <dimen name="x979">462.31dp</dimen>
    <dimen name="x980">462.78dp</dimen>
    <dimen name="x981">463.25dp</dimen>
    <dimen name="x982">463.72dp</dimen>
    <dimen name="x983">464.19dp</dimen>
    <dimen name="x984">464.67dp</dimen>
    <dimen name="x985">465.14dp</dimen>
    <dimen name="x986">465.61dp</dimen>
    <dimen name="x987">466.08dp</dimen>
    <dimen name="x988">466.56dp</dimen>
    <dimen name="x989">467.03dp</dimen>
    <dimen name="x990">467.50dp</dimen>
    <dimen name="x991">467.97dp</dimen>
    <dimen name="x992">468.44dp</dimen>
    <dimen name="x993">468.92dp</dimen>
    <dimen name="x994">469.39dp</dimen>
    <dimen name="x995">469.86dp</dimen>
    <dimen name="x996">470.33dp</dimen>
    <dimen name="x997">470.81dp</dimen>
    <dimen name="x998">471.28dp</dimen>
    <dimen name="x999">471.75dp</dimen>
    <dimen name="x1000">472.22dp</dimen>
    <dimen name="x1001">472.69dp</dimen>
    <dimen name="x1002">473.17dp</dimen>
    <dimen name="x1003">473.64dp</dimen>
    <dimen name="x1004">474.11dp</dimen>
    <dimen name="x1005">474.58dp</dimen>
    <dimen name="x1006">475.06dp</dimen>
    <dimen name="x1007">475.53dp</dimen>
    <dimen name="x1008">476.00dp</dimen>
    <dimen name="x1009">476.47dp</dimen>
    <dimen name="x1010">476.94dp</dimen>
    <dimen name="x1011">477.42dp</dimen>
    <dimen name="x1012">477.89dp</dimen>
    <dimen name="x1013">478.36dp</dimen>
    <dimen name="x1014">478.83dp</dimen>
    <dimen name="x1015">479.31dp</dimen>
    <dimen name="x1016">479.78dp</dimen>
    <dimen name="x1017">480.25dp</dimen>
    <dimen name="x1018">480.72dp</dimen>
    <dimen name="x1019">481.19dp</dimen>
    <dimen name="x1020">481.67dp</dimen>
    <dimen name="x1021">482.14dp</dimen>
    <dimen name="x1022">482.61dp</dimen>
    <dimen name="x1023">483.08dp</dimen>
    <dimen name="x1024">483.56dp</dimen>
    <dimen name="x1025">484.03dp</dimen>
    <dimen name="x1026">484.50dp</dimen>
    <dimen name="x1027">484.97dp</dimen>
    <dimen name="x1028">485.44dp</dimen>
    <dimen name="x1029">485.92dp</dimen>
    <dimen name="x1030">486.39dp</dimen>
    <dimen name="x1031">486.86dp</dimen>
    <dimen name="x1032">487.33dp</dimen>
    <dimen name="x1033">487.81dp</dimen>
    <dimen name="x1034">488.28dp</dimen>
    <dimen name="x1035">488.75dp</dimen>
    <dimen name="x1036">489.22dp</dimen>
    <dimen name="x1037">489.69dp</dimen>
    <dimen name="x1038">490.17dp</dimen>
    <dimen name="x1039">490.64dp</dimen>
    <dimen name="x1040">491.11dp</dimen>
    <dimen name="x1041">491.58dp</dimen>
    <dimen name="x1042">492.06dp</dimen>
    <dimen name="x1043">492.53dp</dimen>
    <dimen name="x1044">493.00dp</dimen>
    <dimen name="x1045">493.47dp</dimen>
    <dimen name="x1046">493.94dp</dimen>
    <dimen name="x1047">494.42dp</dimen>
    <dimen name="x1048">494.89dp</dimen>
    <dimen name="x1049">495.36dp</dimen>
    <dimen name="x1050">495.83dp</dimen>
    <dimen name="x1051">496.31dp</dimen>
    <dimen name="x1052">496.78dp</dimen>
    <dimen name="x1053">497.25dp</dimen>
    <dimen name="x1054">497.72dp</dimen>
    <dimen name="x1055">498.19dp</dimen>
    <dimen name="x1056">498.67dp</dimen>
    <dimen name="x1057">499.14dp</dimen>
    <dimen name="x1058">499.61dp</dimen>
    <dimen name="x1059">500.08dp</dimen>
    <dimen name="x1060">500.56dp</dimen>
    <dimen name="x1061">501.03dp</dimen>
    <dimen name="x1062">501.50dp</dimen>
    <dimen name="x1063">501.97dp</dimen>
    <dimen name="x1064">502.44dp</dimen>
    <dimen name="x1065">502.92dp</dimen>
    <dimen name="x1066">503.39dp</dimen>
    <dimen name="x1067">503.86dp</dimen>
    <dimen name="x1068">504.33dp</dimen>
    <dimen name="x1069">504.81dp</dimen>
    <dimen name="x1070">505.28dp</dimen>
    <dimen name="x1071">505.75dp</dimen>
    <dimen name="x1072">506.22dp</dimen>
    <dimen name="x1073">506.69dp</dimen>
    <dimen name="x1074">507.17dp</dimen>
    <dimen name="x1075">507.64dp</dimen>
    <dimen name="x1076">508.11dp</dimen>
    <dimen name="x1077">508.58dp</dimen>
    <dimen name="x1078">509.06dp</dimen>
    <dimen name="x1079">509.53dp</dimen>
    <dimen name="x1080">510.00dp</dimen>
</resources>