<?xml version="1.0" encoding="utf-8"?>
<resources>
    <string name="sw_dp">1790dp</string>
    <dimen name="x1">1.66dp</dimen>
    <dimen name="x2">3.31dp</dimen>
    <dimen name="x3">4.97dp</dimen>
    <dimen name="x4">6.63dp</dimen>
    <dimen name="x5">8.29dp</dimen>
    <dimen name="x6">9.94dp</dimen>
    <dimen name="x7">11.60dp</dimen>
    <dimen name="x8">13.26dp</dimen>
    <dimen name="x9">14.92dp</dimen>
    <dimen name="x10">16.57dp</dimen>
    <dimen name="x11">18.23dp</dimen>
    <dimen name="x12">19.89dp</dimen>
    <dimen name="x13">21.55dp</dimen>
    <dimen name="x14">23.20dp</dimen>
    <dimen name="x15">24.86dp</dimen>
    <dimen name="x16">26.52dp</dimen>
    <dimen name="x17">28.18dp</dimen>
    <dimen name="x18">29.83dp</dimen>
    <dimen name="x19">31.49dp</dimen>
    <dimen name="x20">33.15dp</dimen>
    <dimen name="x21">34.81dp</dimen>
    <dimen name="x22">36.46dp</dimen>
    <dimen name="x23">38.12dp</dimen>
    <dimen name="x24">39.78dp</dimen>
    <dimen name="x25">41.44dp</dimen>
    <dimen name="x26">43.09dp</dimen>
    <dimen name="x27">44.75dp</dimen>
    <dimen name="x28">46.41dp</dimen>
    <dimen name="x29">48.06dp</dimen>
    <dimen name="x30">49.72dp</dimen>
    <dimen name="x31">51.38dp</dimen>
    <dimen name="x32">53.04dp</dimen>
    <dimen name="x33">54.69dp</dimen>
    <dimen name="x34">56.35dp</dimen>
    <dimen name="x35">58.01dp</dimen>
    <dimen name="x36">59.67dp</dimen>
    <dimen name="x37">61.32dp</dimen>
    <dimen name="x38">62.98dp</dimen>
    <dimen name="x39">64.64dp</dimen>
    <dimen name="x40">66.30dp</dimen>
    <dimen name="x41">67.95dp</dimen>
    <dimen name="x42">69.61dp</dimen>
    <dimen name="x43">71.27dp</dimen>
    <dimen name="x44">72.93dp</dimen>
    <dimen name="x45">74.58dp</dimen>
    <dimen name="x46">76.24dp</dimen>
    <dimen name="x47">77.90dp</dimen>
    <dimen name="x48">79.56dp</dimen>
    <dimen name="x49">81.21dp</dimen>
    <dimen name="x50">82.87dp</dimen>
    <dimen name="x51">84.53dp</dimen>
    <dimen name="x52">86.19dp</dimen>
    <dimen name="x53">87.84dp</dimen>
    <dimen name="x54">89.50dp</dimen>
    <dimen name="x55">91.16dp</dimen>
    <dimen name="x56">92.81dp</dimen>
    <dimen name="x57">94.47dp</dimen>
    <dimen name="x58">96.13dp</dimen>
    <dimen name="x59">97.79dp</dimen>
    <dimen name="x60">99.44dp</dimen>
    <dimen name="x61">101.10dp</dimen>
    <dimen name="x62">102.76dp</dimen>
    <dimen name="x63">104.42dp</dimen>
    <dimen name="x64">106.07dp</dimen>
    <dimen name="x65">107.73dp</dimen>
    <dimen name="x66">109.39dp</dimen>
    <dimen name="x67">111.05dp</dimen>
    <dimen name="x68">112.70dp</dimen>
    <dimen name="x69">114.36dp</dimen>
    <dimen name="x70">116.02dp</dimen>
    <dimen name="x71">117.68dp</dimen>
    <dimen name="x72">119.33dp</dimen>
    <dimen name="x73">120.99dp</dimen>
    <dimen name="x74">122.65dp</dimen>
    <dimen name="x75">124.31dp</dimen>
    <dimen name="x76">125.96dp</dimen>
    <dimen name="x77">127.62dp</dimen>
    <dimen name="x78">129.28dp</dimen>
    <dimen name="x79">130.94dp</dimen>
    <dimen name="x80">132.59dp</dimen>
    <dimen name="x81">134.25dp</dimen>
    <dimen name="x82">135.91dp</dimen>
    <dimen name="x83">137.56dp</dimen>
    <dimen name="x84">139.22dp</dimen>
    <dimen name="x85">140.88dp</dimen>
    <dimen name="x86">142.54dp</dimen>
    <dimen name="x87">144.19dp</dimen>
    <dimen name="x88">145.85dp</dimen>
    <dimen name="x89">147.51dp</dimen>
    <dimen name="x90">149.17dp</dimen>
    <dimen name="x91">150.82dp</dimen>
    <dimen name="x92">152.48dp</dimen>
    <dimen name="x93">154.14dp</dimen>
    <dimen name="x94">155.80dp</dimen>
    <dimen name="x95">157.45dp</dimen>
    <dimen name="x96">159.11dp</dimen>
    <dimen name="x97">160.77dp</dimen>
    <dimen name="x98">162.43dp</dimen>
    <dimen name="x99">164.08dp</dimen>
    <dimen name="x100">165.74dp</dimen>
    <dimen name="x101">167.40dp</dimen>
    <dimen name="x102">169.06dp</dimen>
    <dimen name="x103">170.71dp</dimen>
    <dimen name="x104">172.37dp</dimen>
    <dimen name="x105">174.03dp</dimen>
    <dimen name="x106">175.69dp</dimen>
    <dimen name="x107">177.34dp</dimen>
    <dimen name="x108">179.00dp</dimen>
    <dimen name="x109">180.66dp</dimen>
    <dimen name="x110">182.31dp</dimen>
    <dimen name="x111">183.97dp</dimen>
    <dimen name="x112">185.63dp</dimen>
    <dimen name="x113">187.29dp</dimen>
    <dimen name="x114">188.94dp</dimen>
    <dimen name="x115">190.60dp</dimen>
    <dimen name="x116">192.26dp</dimen>
    <dimen name="x117">193.92dp</dimen>
    <dimen name="x118">195.57dp</dimen>
    <dimen name="x119">197.23dp</dimen>
    <dimen name="x120">198.89dp</dimen>
    <dimen name="x121">200.55dp</dimen>
    <dimen name="x122">202.20dp</dimen>
    <dimen name="x123">203.86dp</dimen>
    <dimen name="x124">205.52dp</dimen>
    <dimen name="x125">207.18dp</dimen>
    <dimen name="x126">208.83dp</dimen>
    <dimen name="x127">210.49dp</dimen>
    <dimen name="x128">212.15dp</dimen>
    <dimen name="x129">213.81dp</dimen>
    <dimen name="x130">215.46dp</dimen>
    <dimen name="x131">217.12dp</dimen>
    <dimen name="x132">218.78dp</dimen>
    <dimen name="x133">220.44dp</dimen>
    <dimen name="x134">222.09dp</dimen>
    <dimen name="x135">223.75dp</dimen>
    <dimen name="x136">225.41dp</dimen>
    <dimen name="x137">227.06dp</dimen>
    <dimen name="x138">228.72dp</dimen>
    <dimen name="x139">230.38dp</dimen>
    <dimen name="x140">232.04dp</dimen>
    <dimen name="x141">233.69dp</dimen>
    <dimen name="x142">235.35dp</dimen>
    <dimen name="x143">237.01dp</dimen>
    <dimen name="x144">238.67dp</dimen>
    <dimen name="x145">240.32dp</dimen>
    <dimen name="x146">241.98dp</dimen>
    <dimen name="x147">243.64dp</dimen>
    <dimen name="x148">245.30dp</dimen>
    <dimen name="x149">246.95dp</dimen>
    <dimen name="x150">248.61dp</dimen>
    <dimen name="x151">250.27dp</dimen>
    <dimen name="x152">251.93dp</dimen>
    <dimen name="x153">253.58dp</dimen>
    <dimen name="x154">255.24dp</dimen>
    <dimen name="x155">256.90dp</dimen>
    <dimen name="x156">258.56dp</dimen>
    <dimen name="x157">260.21dp</dimen>
    <dimen name="x158">261.87dp</dimen>
    <dimen name="x159">263.53dp</dimen>
    <dimen name="x160">265.19dp</dimen>
    <dimen name="x161">266.84dp</dimen>
    <dimen name="x162">268.50dp</dimen>
    <dimen name="x163">270.16dp</dimen>
    <dimen name="x164">271.81dp</dimen>
    <dimen name="x165">273.47dp</dimen>
    <dimen name="x166">275.13dp</dimen>
    <dimen name="x167">276.79dp</dimen>
    <dimen name="x168">278.44dp</dimen>
    <dimen name="x169">280.10dp</dimen>
    <dimen name="x170">281.76dp</dimen>
    <dimen name="x171">283.42dp</dimen>
    <dimen name="x172">285.07dp</dimen>
    <dimen name="x173">286.73dp</dimen>
    <dimen name="x174">288.39dp</dimen>
    <dimen name="x175">290.05dp</dimen>
    <dimen name="x176">291.70dp</dimen>
    <dimen name="x177">293.36dp</dimen>
    <dimen name="x178">295.02dp</dimen>
    <dimen name="x179">296.68dp</dimen>
    <dimen name="x180">298.33dp</dimen>
    <dimen name="x181">299.99dp</dimen>
    <dimen name="x182">301.65dp</dimen>
    <dimen name="x183">303.31dp</dimen>
    <dimen name="x184">304.96dp</dimen>
    <dimen name="x185">306.62dp</dimen>
    <dimen name="x186">308.28dp</dimen>
    <dimen name="x187">309.94dp</dimen>
    <dimen name="x188">311.59dp</dimen>
    <dimen name="x189">313.25dp</dimen>
    <dimen name="x190">314.91dp</dimen>
    <dimen name="x191">316.56dp</dimen>
    <dimen name="x192">318.22dp</dimen>
    <dimen name="x193">319.88dp</dimen>
    <dimen name="x194">321.54dp</dimen>
    <dimen name="x195">323.19dp</dimen>
    <dimen name="x196">324.85dp</dimen>
    <dimen name="x197">326.51dp</dimen>
    <dimen name="x198">328.17dp</dimen>
    <dimen name="x199">329.82dp</dimen>
    <dimen name="x200">331.48dp</dimen>
    <dimen name="x201">333.14dp</dimen>
    <dimen name="x202">334.80dp</dimen>
    <dimen name="x203">336.45dp</dimen>
    <dimen name="x204">338.11dp</dimen>
    <dimen name="x205">339.77dp</dimen>
    <dimen name="x206">341.43dp</dimen>
    <dimen name="x207">343.08dp</dimen>
    <dimen name="x208">344.74dp</dimen>
    <dimen name="x209">346.40dp</dimen>
    <dimen name="x210">348.06dp</dimen>
    <dimen name="x211">349.71dp</dimen>
    <dimen name="x212">351.37dp</dimen>
    <dimen name="x213">353.03dp</dimen>
    <dimen name="x214">354.69dp</dimen>
    <dimen name="x215">356.34dp</dimen>
    <dimen name="x216">358.00dp</dimen>
    <dimen name="x217">359.66dp</dimen>
    <dimen name="x218">361.31dp</dimen>
    <dimen name="x219">362.97dp</dimen>
    <dimen name="x220">364.63dp</dimen>
    <dimen name="x221">366.29dp</dimen>
    <dimen name="x222">367.94dp</dimen>
    <dimen name="x223">369.60dp</dimen>
    <dimen name="x224">371.26dp</dimen>
    <dimen name="x225">372.92dp</dimen>
    <dimen name="x226">374.57dp</dimen>
    <dimen name="x227">376.23dp</dimen>
    <dimen name="x228">377.89dp</dimen>
    <dimen name="x229">379.55dp</dimen>
    <dimen name="x230">381.20dp</dimen>
    <dimen name="x231">382.86dp</dimen>
    <dimen name="x232">384.52dp</dimen>
    <dimen name="x233">386.18dp</dimen>
    <dimen name="x234">387.83dp</dimen>
    <dimen name="x235">389.49dp</dimen>
    <dimen name="x236">391.15dp</dimen>
    <dimen name="x237">392.81dp</dimen>
    <dimen name="x238">394.46dp</dimen>
    <dimen name="x239">396.12dp</dimen>
    <dimen name="x240">397.78dp</dimen>
    <dimen name="x241">399.44dp</dimen>
    <dimen name="x242">401.09dp</dimen>
    <dimen name="x243">402.75dp</dimen>
    <dimen name="x244">404.41dp</dimen>
    <dimen name="x245">406.06dp</dimen>
    <dimen name="x246">407.72dp</dimen>
    <dimen name="x247">409.38dp</dimen>
    <dimen name="x248">411.04dp</dimen>
    <dimen name="x249">412.69dp</dimen>
    <dimen name="x250">414.35dp</dimen>
    <dimen name="x251">416.01dp</dimen>
    <dimen name="x252">417.67dp</dimen>
    <dimen name="x253">419.32dp</dimen>
    <dimen name="x254">420.98dp</dimen>
    <dimen name="x255">422.64dp</dimen>
    <dimen name="x256">424.30dp</dimen>
    <dimen name="x257">425.95dp</dimen>
    <dimen name="x258">427.61dp</dimen>
    <dimen name="x259">429.27dp</dimen>
    <dimen name="x260">430.93dp</dimen>
    <dimen name="x261">432.58dp</dimen>
    <dimen name="x262">434.24dp</dimen>
    <dimen name="x263">435.90dp</dimen>
    <dimen name="x264">437.56dp</dimen>
    <dimen name="x265">439.21dp</dimen>
    <dimen name="x266">440.87dp</dimen>
    <dimen name="x267">442.53dp</dimen>
    <dimen name="x268">444.19dp</dimen>
    <dimen name="x269">445.84dp</dimen>
    <dimen name="x270">447.50dp</dimen>
    <dimen name="x271">449.16dp</dimen>
    <dimen name="x272">450.81dp</dimen>
    <dimen name="x273">452.47dp</dimen>
    <dimen name="x274">454.13dp</dimen>
    <dimen name="x275">455.79dp</dimen>
    <dimen name="x276">457.44dp</dimen>
    <dimen name="x277">459.10dp</dimen>
    <dimen name="x278">460.76dp</dimen>
    <dimen name="x279">462.42dp</dimen>
    <dimen name="x280">464.07dp</dimen>
    <dimen name="x281">465.73dp</dimen>
    <dimen name="x282">467.39dp</dimen>
    <dimen name="x283">469.05dp</dimen>
    <dimen name="x284">470.70dp</dimen>
    <dimen name="x285">472.36dp</dimen>
    <dimen name="x286">474.02dp</dimen>
    <dimen name="x287">475.68dp</dimen>
    <dimen name="x288">477.33dp</dimen>
    <dimen name="x289">478.99dp</dimen>
    <dimen name="x290">480.65dp</dimen>
    <dimen name="x291">482.31dp</dimen>
    <dimen name="x292">483.96dp</dimen>
    <dimen name="x293">485.62dp</dimen>
    <dimen name="x294">487.28dp</dimen>
    <dimen name="x295">488.94dp</dimen>
    <dimen name="x296">490.59dp</dimen>
    <dimen name="x297">492.25dp</dimen>
    <dimen name="x298">493.91dp</dimen>
    <dimen name="x299">495.56dp</dimen>
    <dimen name="x300">497.22dp</dimen>
    <dimen name="x301">498.88dp</dimen>
    <dimen name="x302">500.54dp</dimen>
    <dimen name="x303">502.19dp</dimen>
    <dimen name="x304">503.85dp</dimen>
    <dimen name="x305">505.51dp</dimen>
    <dimen name="x306">507.17dp</dimen>
    <dimen name="x307">508.82dp</dimen>
    <dimen name="x308">510.48dp</dimen>
    <dimen name="x309">512.14dp</dimen>
    <dimen name="x310">513.80dp</dimen>
    <dimen name="x311">515.45dp</dimen>
    <dimen name="x312">517.11dp</dimen>
    <dimen name="x313">518.77dp</dimen>
    <dimen name="x314">520.43dp</dimen>
    <dimen name="x315">522.08dp</dimen>
    <dimen name="x316">523.74dp</dimen>
    <dimen name="x317">525.40dp</dimen>
    <dimen name="x318">527.06dp</dimen>
    <dimen name="x319">528.71dp</dimen>
    <dimen name="x320">530.37dp</dimen>
    <dimen name="x321">532.03dp</dimen>
    <dimen name="x322">533.69dp</dimen>
    <dimen name="x323">535.34dp</dimen>
    <dimen name="x324">537.00dp</dimen>
    <dimen name="x325">538.66dp</dimen>
    <dimen name="x326">540.31dp</dimen>
    <dimen name="x327">541.97dp</dimen>
    <dimen name="x328">543.63dp</dimen>
    <dimen name="x329">545.29dp</dimen>
    <dimen name="x330">546.94dp</dimen>
    <dimen name="x331">548.60dp</dimen>
    <dimen name="x332">550.26dp</dimen>
    <dimen name="x333">551.92dp</dimen>
    <dimen name="x334">553.57dp</dimen>
    <dimen name="x335">555.23dp</dimen>
    <dimen name="x336">556.89dp</dimen>
    <dimen name="x337">558.55dp</dimen>
    <dimen name="x338">560.20dp</dimen>
    <dimen name="x339">561.86dp</dimen>
    <dimen name="x340">563.52dp</dimen>
    <dimen name="x341">565.18dp</dimen>
    <dimen name="x342">566.83dp</dimen>
    <dimen name="x343">568.49dp</dimen>
    <dimen name="x344">570.15dp</dimen>
    <dimen name="x345">571.81dp</dimen>
    <dimen name="x346">573.46dp</dimen>
    <dimen name="x347">575.12dp</dimen>
    <dimen name="x348">576.78dp</dimen>
    <dimen name="x349">578.44dp</dimen>
    <dimen name="x350">580.09dp</dimen>
    <dimen name="x351">581.75dp</dimen>
    <dimen name="x352">583.41dp</dimen>
    <dimen name="x353">585.06dp</dimen>
    <dimen name="x354">586.72dp</dimen>
    <dimen name="x355">588.38dp</dimen>
    <dimen name="x356">590.04dp</dimen>
    <dimen name="x357">591.69dp</dimen>
    <dimen name="x358">593.35dp</dimen>
    <dimen name="x359">595.01dp</dimen>
    <dimen name="x360">596.67dp</dimen>
    <dimen name="x361">598.32dp</dimen>
    <dimen name="x362">599.98dp</dimen>
    <dimen name="x363">601.64dp</dimen>
    <dimen name="x364">603.30dp</dimen>
    <dimen name="x365">604.95dp</dimen>
    <dimen name="x366">606.61dp</dimen>
    <dimen name="x367">608.27dp</dimen>
    <dimen name="x368">609.93dp</dimen>
    <dimen name="x369">611.58dp</dimen>
    <dimen name="x370">613.24dp</dimen>
    <dimen name="x371">614.90dp</dimen>
    <dimen name="x372">616.56dp</dimen>
    <dimen name="x373">618.21dp</dimen>
    <dimen name="x374">619.87dp</dimen>
    <dimen name="x375">621.53dp</dimen>
    <dimen name="x376">623.19dp</dimen>
    <dimen name="x377">624.84dp</dimen>
    <dimen name="x378">626.50dp</dimen>
    <dimen name="x379">628.16dp</dimen>
    <dimen name="x380">629.81dp</dimen>
    <dimen name="x381">631.47dp</dimen>
    <dimen name="x382">633.13dp</dimen>
    <dimen name="x383">634.79dp</dimen>
    <dimen name="x384">636.44dp</dimen>
    <dimen name="x385">638.10dp</dimen>
    <dimen name="x386">639.76dp</dimen>
    <dimen name="x387">641.42dp</dimen>
    <dimen name="x388">643.07dp</dimen>
    <dimen name="x389">644.73dp</dimen>
    <dimen name="x390">646.39dp</dimen>
    <dimen name="x391">648.05dp</dimen>
    <dimen name="x392">649.70dp</dimen>
    <dimen name="x393">651.36dp</dimen>
    <dimen name="x394">653.02dp</dimen>
    <dimen name="x395">654.68dp</dimen>
    <dimen name="x396">656.33dp</dimen>
    <dimen name="x397">657.99dp</dimen>
    <dimen name="x398">659.65dp</dimen>
    <dimen name="x399">661.31dp</dimen>
    <dimen name="x400">662.96dp</dimen>
    <dimen name="x401">664.62dp</dimen>
    <dimen name="x402">666.28dp</dimen>
    <dimen name="x403">667.94dp</dimen>
    <dimen name="x404">669.59dp</dimen>
    <dimen name="x405">671.25dp</dimen>
    <dimen name="x406">672.91dp</dimen>
    <dimen name="x407">674.56dp</dimen>
    <dimen name="x408">676.22dp</dimen>
    <dimen name="x409">677.88dp</dimen>
    <dimen name="x410">679.54dp</dimen>
    <dimen name="x411">681.19dp</dimen>
    <dimen name="x412">682.85dp</dimen>
    <dimen name="x413">684.51dp</dimen>
    <dimen name="x414">686.17dp</dimen>
    <dimen name="x415">687.82dp</dimen>
    <dimen name="x416">689.48dp</dimen>
    <dimen name="x417">691.14dp</dimen>
    <dimen name="x418">692.80dp</dimen>
    <dimen name="x419">694.45dp</dimen>
    <dimen name="x420">696.11dp</dimen>
    <dimen name="x421">697.77dp</dimen>
    <dimen name="x422">699.43dp</dimen>
    <dimen name="x423">701.08dp</dimen>
    <dimen name="x424">702.74dp</dimen>
    <dimen name="x425">704.40dp</dimen>
    <dimen name="x426">706.06dp</dimen>
    <dimen name="x427">707.71dp</dimen>
    <dimen name="x428">709.37dp</dimen>
    <dimen name="x429">711.03dp</dimen>
    <dimen name="x430">712.69dp</dimen>
    <dimen name="x431">714.34dp</dimen>
    <dimen name="x432">716.00dp</dimen>
    <dimen name="x433">717.66dp</dimen>
    <dimen name="x434">719.31dp</dimen>
    <dimen name="x435">720.97dp</dimen>
    <dimen name="x436">722.63dp</dimen>
    <dimen name="x437">724.29dp</dimen>
    <dimen name="x438">725.94dp</dimen>
    <dimen name="x439">727.60dp</dimen>
    <dimen name="x440">729.26dp</dimen>
    <dimen name="x441">730.92dp</dimen>
    <dimen name="x442">732.57dp</dimen>
    <dimen name="x443">734.23dp</dimen>
    <dimen name="x444">735.89dp</dimen>
    <dimen name="x445">737.55dp</dimen>
    <dimen name="x446">739.20dp</dimen>
    <dimen name="x447">740.86dp</dimen>
    <dimen name="x448">742.52dp</dimen>
    <dimen name="x449">744.18dp</dimen>
    <dimen name="x450">745.83dp</dimen>
    <dimen name="x451">747.49dp</dimen>
    <dimen name="x452">749.15dp</dimen>
    <dimen name="x453">750.81dp</dimen>
    <dimen name="x454">752.46dp</dimen>
    <dimen name="x455">754.12dp</dimen>
    <dimen name="x456">755.78dp</dimen>
    <dimen name="x457">757.44dp</dimen>
    <dimen name="x458">759.09dp</dimen>
    <dimen name="x459">760.75dp</dimen>
    <dimen name="x460">762.41dp</dimen>
    <dimen name="x461">764.06dp</dimen>
    <dimen name="x462">765.72dp</dimen>
    <dimen name="x463">767.38dp</dimen>
    <dimen name="x464">769.04dp</dimen>
    <dimen name="x465">770.69dp</dimen>
    <dimen name="x466">772.35dp</dimen>
    <dimen name="x467">774.01dp</dimen>
    <dimen name="x468">775.67dp</dimen>
    <dimen name="x469">777.32dp</dimen>
    <dimen name="x470">778.98dp</dimen>
    <dimen name="x471">780.64dp</dimen>
    <dimen name="x472">782.30dp</dimen>
    <dimen name="x473">783.95dp</dimen>
    <dimen name="x474">785.61dp</dimen>
    <dimen name="x475">787.27dp</dimen>
    <dimen name="x476">788.93dp</dimen>
    <dimen name="x477">790.58dp</dimen>
    <dimen name="x478">792.24dp</dimen>
    <dimen name="x479">793.90dp</dimen>
    <dimen name="x480">795.56dp</dimen>
    <dimen name="x481">797.21dp</dimen>
    <dimen name="x482">798.87dp</dimen>
    <dimen name="x483">800.53dp</dimen>
    <dimen name="x484">802.19dp</dimen>
    <dimen name="x485">803.84dp</dimen>
    <dimen name="x486">805.50dp</dimen>
    <dimen name="x487">807.16dp</dimen>
    <dimen name="x488">808.81dp</dimen>
    <dimen name="x489">810.47dp</dimen>
    <dimen name="x490">812.13dp</dimen>
    <dimen name="x491">813.79dp</dimen>
    <dimen name="x492">815.44dp</dimen>
    <dimen name="x493">817.10dp</dimen>
    <dimen name="x494">818.76dp</dimen>
    <dimen name="x495">820.42dp</dimen>
    <dimen name="x496">822.07dp</dimen>
    <dimen name="x497">823.73dp</dimen>
    <dimen name="x498">825.39dp</dimen>
    <dimen name="x499">827.05dp</dimen>
    <dimen name="x500">828.70dp</dimen>
    <dimen name="x501">830.36dp</dimen>
    <dimen name="x502">832.02dp</dimen>
    <dimen name="x503">833.68dp</dimen>
    <dimen name="x504">835.33dp</dimen>
    <dimen name="x505">836.99dp</dimen>
    <dimen name="x506">838.65dp</dimen>
    <dimen name="x507">840.31dp</dimen>
    <dimen name="x508">841.96dp</dimen>
    <dimen name="x509">843.62dp</dimen>
    <dimen name="x510">845.28dp</dimen>
    <dimen name="x511">846.94dp</dimen>
    <dimen name="x512">848.59dp</dimen>
    <dimen name="x513">850.25dp</dimen>
    <dimen name="x514">851.91dp</dimen>
    <dimen name="x515">853.56dp</dimen>
    <dimen name="x516">855.22dp</dimen>
    <dimen name="x517">856.88dp</dimen>
    <dimen name="x518">858.54dp</dimen>
    <dimen name="x519">860.19dp</dimen>
    <dimen name="x520">861.85dp</dimen>
    <dimen name="x521">863.51dp</dimen>
    <dimen name="x522">865.17dp</dimen>
    <dimen name="x523">866.82dp</dimen>
    <dimen name="x524">868.48dp</dimen>
    <dimen name="x525">870.14dp</dimen>
    <dimen name="x526">871.80dp</dimen>
    <dimen name="x527">873.45dp</dimen>
    <dimen name="x528">875.11dp</dimen>
    <dimen name="x529">876.77dp</dimen>
    <dimen name="x530">878.43dp</dimen>
    <dimen name="x531">880.08dp</dimen>
    <dimen name="x532">881.74dp</dimen>
    <dimen name="x533">883.40dp</dimen>
    <dimen name="x534">885.06dp</dimen>
    <dimen name="x535">886.71dp</dimen>
    <dimen name="x536">888.37dp</dimen>
    <dimen name="x537">890.03dp</dimen>
    <dimen name="x538">891.69dp</dimen>
    <dimen name="x539">893.34dp</dimen>
    <dimen name="x540">895.00dp</dimen>
    <dimen name="x541">896.66dp</dimen>
    <dimen name="x542">898.31dp</dimen>
    <dimen name="x543">899.97dp</dimen>
    <dimen name="x544">901.63dp</dimen>
    <dimen name="x545">903.29dp</dimen>
    <dimen name="x546">904.94dp</dimen>
    <dimen name="x547">906.60dp</dimen>
    <dimen name="x548">908.26dp</dimen>
    <dimen name="x549">909.92dp</dimen>
    <dimen name="x550">911.57dp</dimen>
    <dimen name="x551">913.23dp</dimen>
    <dimen name="x552">914.89dp</dimen>
    <dimen name="x553">916.55dp</dimen>
    <dimen name="x554">918.20dp</dimen>
    <dimen name="x555">919.86dp</dimen>
    <dimen name="x556">921.52dp</dimen>
    <dimen name="x557">923.18dp</dimen>
    <dimen name="x558">924.83dp</dimen>
    <dimen name="x559">926.49dp</dimen>
    <dimen name="x560">928.15dp</dimen>
    <dimen name="x561">929.81dp</dimen>
    <dimen name="x562">931.46dp</dimen>
    <dimen name="x563">933.12dp</dimen>
    <dimen name="x564">934.78dp</dimen>
    <dimen name="x565">936.44dp</dimen>
    <dimen name="x566">938.09dp</dimen>
    <dimen name="x567">939.75dp</dimen>
    <dimen name="x568">941.41dp</dimen>
    <dimen name="x569">943.06dp</dimen>
    <dimen name="x570">944.72dp</dimen>
    <dimen name="x571">946.38dp</dimen>
    <dimen name="x572">948.04dp</dimen>
    <dimen name="x573">949.69dp</dimen>
    <dimen name="x574">951.35dp</dimen>
    <dimen name="x575">953.01dp</dimen>
    <dimen name="x576">954.67dp</dimen>
    <dimen name="x577">956.32dp</dimen>
    <dimen name="x578">957.98dp</dimen>
    <dimen name="x579">959.64dp</dimen>
    <dimen name="x580">961.30dp</dimen>
    <dimen name="x581">962.95dp</dimen>
    <dimen name="x582">964.61dp</dimen>
    <dimen name="x583">966.27dp</dimen>
    <dimen name="x584">967.93dp</dimen>
    <dimen name="x585">969.58dp</dimen>
    <dimen name="x586">971.24dp</dimen>
    <dimen name="x587">972.90dp</dimen>
    <dimen name="x588">974.56dp</dimen>
    <dimen name="x589">976.21dp</dimen>
    <dimen name="x590">977.87dp</dimen>
    <dimen name="x591">979.53dp</dimen>
    <dimen name="x592">981.19dp</dimen>
    <dimen name="x593">982.84dp</dimen>
    <dimen name="x594">984.50dp</dimen>
    <dimen name="x595">986.16dp</dimen>
    <dimen name="x596">987.81dp</dimen>
    <dimen name="x597">989.47dp</dimen>
    <dimen name="x598">991.13dp</dimen>
    <dimen name="x599">992.79dp</dimen>
    <dimen name="x600">994.44dp</dimen>
    <dimen name="x601">996.10dp</dimen>
    <dimen name="x602">997.76dp</dimen>
    <dimen name="x603">999.42dp</dimen>
    <dimen name="x604">1001.07dp</dimen>
    <dimen name="x605">1002.73dp</dimen>
    <dimen name="x606">1004.39dp</dimen>
    <dimen name="x607">1006.05dp</dimen>
    <dimen name="x608">1007.70dp</dimen>
    <dimen name="x609">1009.36dp</dimen>
    <dimen name="x610">1011.02dp</dimen>
    <dimen name="x611">1012.68dp</dimen>
    <dimen name="x612">1014.33dp</dimen>
    <dimen name="x613">1015.99dp</dimen>
    <dimen name="x614">1017.65dp</dimen>
    <dimen name="x615">1019.31dp</dimen>
    <dimen name="x616">1020.96dp</dimen>
    <dimen name="x617">1022.62dp</dimen>
    <dimen name="x618">1024.28dp</dimen>
    <dimen name="x619">1025.94dp</dimen>
    <dimen name="x620">1027.59dp</dimen>
    <dimen name="x621">1029.25dp</dimen>
    <dimen name="x622">1030.91dp</dimen>
    <dimen name="x623">1032.56dp</dimen>
    <dimen name="x624">1034.22dp</dimen>
    <dimen name="x625">1035.88dp</dimen>
    <dimen name="x626">1037.54dp</dimen>
    <dimen name="x627">1039.19dp</dimen>
    <dimen name="x628">1040.85dp</dimen>
    <dimen name="x629">1042.51dp</dimen>
    <dimen name="x630">1044.17dp</dimen>
    <dimen name="x631">1045.82dp</dimen>
    <dimen name="x632">1047.48dp</dimen>
    <dimen name="x633">1049.14dp</dimen>
    <dimen name="x634">1050.80dp</dimen>
    <dimen name="x635">1052.45dp</dimen>
    <dimen name="x636">1054.11dp</dimen>
    <dimen name="x637">1055.77dp</dimen>
    <dimen name="x638">1057.43dp</dimen>
    <dimen name="x639">1059.08dp</dimen>
    <dimen name="x640">1060.74dp</dimen>
    <dimen name="x641">1062.40dp</dimen>
    <dimen name="x642">1064.06dp</dimen>
    <dimen name="x643">1065.71dp</dimen>
    <dimen name="x644">1067.37dp</dimen>
    <dimen name="x645">1069.03dp</dimen>
    <dimen name="x646">1070.69dp</dimen>
    <dimen name="x647">1072.34dp</dimen>
    <dimen name="x648">1074.00dp</dimen>
    <dimen name="x649">1075.66dp</dimen>
    <dimen name="x650">1077.31dp</dimen>
    <dimen name="x651">1078.97dp</dimen>
    <dimen name="x652">1080.63dp</dimen>
    <dimen name="x653">1082.29dp</dimen>
    <dimen name="x654">1083.94dp</dimen>
    <dimen name="x655">1085.60dp</dimen>
    <dimen name="x656">1087.26dp</dimen>
    <dimen name="x657">1088.92dp</dimen>
    <dimen name="x658">1090.57dp</dimen>
    <dimen name="x659">1092.23dp</dimen>
    <dimen name="x660">1093.89dp</dimen>
    <dimen name="x661">1095.55dp</dimen>
    <dimen name="x662">1097.20dp</dimen>
    <dimen name="x663">1098.86dp</dimen>
    <dimen name="x664">1100.52dp</dimen>
    <dimen name="x665">1102.18dp</dimen>
    <dimen name="x666">1103.83dp</dimen>
    <dimen name="x667">1105.49dp</dimen>
    <dimen name="x668">1107.15dp</dimen>
    <dimen name="x669">1108.81dp</dimen>
    <dimen name="x670">1110.46dp</dimen>
    <dimen name="x671">1112.12dp</dimen>
    <dimen name="x672">1113.78dp</dimen>
    <dimen name="x673">1115.44dp</dimen>
    <dimen name="x674">1117.09dp</dimen>
    <dimen name="x675">1118.75dp</dimen>
    <dimen name="x676">1120.41dp</dimen>
    <dimen name="x677">1122.06dp</dimen>
    <dimen name="x678">1123.72dp</dimen>
    <dimen name="x679">1125.38dp</dimen>
    <dimen name="x680">1127.04dp</dimen>
    <dimen name="x681">1128.69dp</dimen>
    <dimen name="x682">1130.35dp</dimen>
    <dimen name="x683">1132.01dp</dimen>
    <dimen name="x684">1133.67dp</dimen>
    <dimen name="x685">1135.32dp</dimen>
    <dimen name="x686">1136.98dp</dimen>
    <dimen name="x687">1138.64dp</dimen>
    <dimen name="x688">1140.30dp</dimen>
    <dimen name="x689">1141.95dp</dimen>
    <dimen name="x690">1143.61dp</dimen>
    <dimen name="x691">1145.27dp</dimen>
    <dimen name="x692">1146.93dp</dimen>
    <dimen name="x693">1148.58dp</dimen>
    <dimen name="x694">1150.24dp</dimen>
    <dimen name="x695">1151.90dp</dimen>
    <dimen name="x696">1153.56dp</dimen>
    <dimen name="x697">1155.21dp</dimen>
    <dimen name="x698">1156.87dp</dimen>
    <dimen name="x699">1158.53dp</dimen>
    <dimen name="x700">1160.19dp</dimen>
    <dimen name="x701">1161.84dp</dimen>
    <dimen name="x702">1163.50dp</dimen>
    <dimen name="x703">1165.16dp</dimen>
    <dimen name="x704">1166.81dp</dimen>
    <dimen name="x705">1168.47dp</dimen>
    <dimen name="x706">1170.13dp</dimen>
    <dimen name="x707">1171.79dp</dimen>
    <dimen name="x708">1173.44dp</dimen>
    <dimen name="x709">1175.10dp</dimen>
    <dimen name="x710">1176.76dp</dimen>
    <dimen name="x711">1178.42dp</dimen>
    <dimen name="x712">1180.07dp</dimen>
    <dimen name="x713">1181.73dp</dimen>
    <dimen name="x714">1183.39dp</dimen>
    <dimen name="x715">1185.05dp</dimen>
    <dimen name="x716">1186.70dp</dimen>
    <dimen name="x717">1188.36dp</dimen>
    <dimen name="x718">1190.02dp</dimen>
    <dimen name="x719">1191.68dp</dimen>
    <dimen name="x720">1193.33dp</dimen>
    <dimen name="x721">1194.99dp</dimen>
    <dimen name="x722">1196.65dp</dimen>
    <dimen name="x723">1198.31dp</dimen>
    <dimen name="x724">1199.96dp</dimen>
    <dimen name="x725">1201.62dp</dimen>
    <dimen name="x726">1203.28dp</dimen>
    <dimen name="x727">1204.94dp</dimen>
    <dimen name="x728">1206.59dp</dimen>
    <dimen name="x729">1208.25dp</dimen>
    <dimen name="x730">1209.91dp</dimen>
    <dimen name="x731">1211.56dp</dimen>
    <dimen name="x732">1213.22dp</dimen>
    <dimen name="x733">1214.88dp</dimen>
    <dimen name="x734">1216.54dp</dimen>
    <dimen name="x735">1218.19dp</dimen>
    <dimen name="x736">1219.85dp</dimen>
    <dimen name="x737">1221.51dp</dimen>
    <dimen name="x738">1223.17dp</dimen>
    <dimen name="x739">1224.82dp</dimen>
    <dimen name="x740">1226.48dp</dimen>
    <dimen name="x741">1228.14dp</dimen>
    <dimen name="x742">1229.80dp</dimen>
    <dimen name="x743">1231.45dp</dimen>
    <dimen name="x744">1233.11dp</dimen>
    <dimen name="x745">1234.77dp</dimen>
    <dimen name="x746">1236.43dp</dimen>
    <dimen name="x747">1238.08dp</dimen>
    <dimen name="x748">1239.74dp</dimen>
    <dimen name="x749">1241.40dp</dimen>
    <dimen name="x750">1243.06dp</dimen>
    <dimen name="x751">1244.71dp</dimen>
    <dimen name="x752">1246.37dp</dimen>
    <dimen name="x753">1248.03dp</dimen>
    <dimen name="x754">1249.69dp</dimen>
    <dimen name="x755">1251.34dp</dimen>
    <dimen name="x756">1253.00dp</dimen>
    <dimen name="x757">1254.66dp</dimen>
    <dimen name="x758">1256.31dp</dimen>
    <dimen name="x759">1257.97dp</dimen>
    <dimen name="x760">1259.63dp</dimen>
    <dimen name="x761">1261.29dp</dimen>
    <dimen name="x762">1262.94dp</dimen>
    <dimen name="x763">1264.60dp</dimen>
    <dimen name="x764">1266.26dp</dimen>
    <dimen name="x765">1267.92dp</dimen>
    <dimen name="x766">1269.57dp</dimen>
    <dimen name="x767">1271.23dp</dimen>
    <dimen name="x768">1272.89dp</dimen>
    <dimen name="x769">1274.55dp</dimen>
    <dimen name="x770">1276.20dp</dimen>
    <dimen name="x771">1277.86dp</dimen>
    <dimen name="x772">1279.52dp</dimen>
    <dimen name="x773">1281.18dp</dimen>
    <dimen name="x774">1282.83dp</dimen>
    <dimen name="x775">1284.49dp</dimen>
    <dimen name="x776">1286.15dp</dimen>
    <dimen name="x777">1287.81dp</dimen>
    <dimen name="x778">1289.46dp</dimen>
    <dimen name="x779">1291.12dp</dimen>
    <dimen name="x780">1292.78dp</dimen>
    <dimen name="x781">1294.44dp</dimen>
    <dimen name="x782">1296.09dp</dimen>
    <dimen name="x783">1297.75dp</dimen>
    <dimen name="x784">1299.41dp</dimen>
    <dimen name="x785">1301.06dp</dimen>
    <dimen name="x786">1302.72dp</dimen>
    <dimen name="x787">1304.38dp</dimen>
    <dimen name="x788">1306.04dp</dimen>
    <dimen name="x789">1307.69dp</dimen>
    <dimen name="x790">1309.35dp</dimen>
    <dimen name="x791">1311.01dp</dimen>
    <dimen name="x792">1312.67dp</dimen>
    <dimen name="x793">1314.32dp</dimen>
    <dimen name="x794">1315.98dp</dimen>
    <dimen name="x795">1317.64dp</dimen>
    <dimen name="x796">1319.30dp</dimen>
    <dimen name="x797">1320.95dp</dimen>
    <dimen name="x798">1322.61dp</dimen>
    <dimen name="x799">1324.27dp</dimen>
    <dimen name="x800">1325.93dp</dimen>
    <dimen name="x801">1327.58dp</dimen>
    <dimen name="x802">1329.24dp</dimen>
    <dimen name="x803">1330.90dp</dimen>
    <dimen name="x804">1332.56dp</dimen>
    <dimen name="x805">1334.21dp</dimen>
    <dimen name="x806">1335.87dp</dimen>
    <dimen name="x807">1337.53dp</dimen>
    <dimen name="x808">1339.19dp</dimen>
    <dimen name="x809">1340.84dp</dimen>
    <dimen name="x810">1342.50dp</dimen>
    <dimen name="x811">1344.16dp</dimen>
    <dimen name="x812">1345.81dp</dimen>
    <dimen name="x813">1347.47dp</dimen>
    <dimen name="x814">1349.13dp</dimen>
    <dimen name="x815">1350.79dp</dimen>
    <dimen name="x816">1352.44dp</dimen>
    <dimen name="x817">1354.10dp</dimen>
    <dimen name="x818">1355.76dp</dimen>
    <dimen name="x819">1357.42dp</dimen>
    <dimen name="x820">1359.07dp</dimen>
    <dimen name="x821">1360.73dp</dimen>
    <dimen name="x822">1362.39dp</dimen>
    <dimen name="x823">1364.05dp</dimen>
    <dimen name="x824">1365.70dp</dimen>
    <dimen name="x825">1367.36dp</dimen>
    <dimen name="x826">1369.02dp</dimen>
    <dimen name="x827">1370.68dp</dimen>
    <dimen name="x828">1372.33dp</dimen>
    <dimen name="x829">1373.99dp</dimen>
    <dimen name="x830">1375.65dp</dimen>
    <dimen name="x831">1377.31dp</dimen>
    <dimen name="x832">1378.96dp</dimen>
    <dimen name="x833">1380.62dp</dimen>
    <dimen name="x834">1382.28dp</dimen>
    <dimen name="x835">1383.94dp</dimen>
    <dimen name="x836">1385.59dp</dimen>
    <dimen name="x837">1387.25dp</dimen>
    <dimen name="x838">1388.91dp</dimen>
    <dimen name="x839">1390.56dp</dimen>
    <dimen name="x840">1392.22dp</dimen>
    <dimen name="x841">1393.88dp</dimen>
    <dimen name="x842">1395.54dp</dimen>
    <dimen name="x843">1397.19dp</dimen>
    <dimen name="x844">1398.85dp</dimen>
    <dimen name="x845">1400.51dp</dimen>
    <dimen name="x846">1402.17dp</dimen>
    <dimen name="x847">1403.82dp</dimen>
    <dimen name="x848">1405.48dp</dimen>
    <dimen name="x849">1407.14dp</dimen>
    <dimen name="x850">1408.80dp</dimen>
    <dimen name="x851">1410.45dp</dimen>
    <dimen name="x852">1412.11dp</dimen>
    <dimen name="x853">1413.77dp</dimen>
    <dimen name="x854">1415.43dp</dimen>
    <dimen name="x855">1417.08dp</dimen>
    <dimen name="x856">1418.74dp</dimen>
    <dimen name="x857">1420.40dp</dimen>
    <dimen name="x858">1422.06dp</dimen>
    <dimen name="x859">1423.71dp</dimen>
    <dimen name="x860">1425.37dp</dimen>
    <dimen name="x861">1427.03dp</dimen>
    <dimen name="x862">1428.69dp</dimen>
    <dimen name="x863">1430.34dp</dimen>
    <dimen name="x864">1432.00dp</dimen>
    <dimen name="x865">1433.66dp</dimen>
    <dimen name="x866">1435.31dp</dimen>
    <dimen name="x867">1436.97dp</dimen>
    <dimen name="x868">1438.63dp</dimen>
    <dimen name="x869">1440.29dp</dimen>
    <dimen name="x870">1441.94dp</dimen>
    <dimen name="x871">1443.60dp</dimen>
    <dimen name="x872">1445.26dp</dimen>
    <dimen name="x873">1446.92dp</dimen>
    <dimen name="x874">1448.57dp</dimen>
    <dimen name="x875">1450.23dp</dimen>
    <dimen name="x876">1451.89dp</dimen>
    <dimen name="x877">1453.55dp</dimen>
    <dimen name="x878">1455.20dp</dimen>
    <dimen name="x879">1456.86dp</dimen>
    <dimen name="x880">1458.52dp</dimen>
    <dimen name="x881">1460.18dp</dimen>
    <dimen name="x882">1461.83dp</dimen>
    <dimen name="x883">1463.49dp</dimen>
    <dimen name="x884">1465.15dp</dimen>
    <dimen name="x885">1466.81dp</dimen>
    <dimen name="x886">1468.46dp</dimen>
    <dimen name="x887">1470.12dp</dimen>
    <dimen name="x888">1471.78dp</dimen>
    <dimen name="x889">1473.44dp</dimen>
    <dimen name="x890">1475.09dp</dimen>
    <dimen name="x891">1476.75dp</dimen>
    <dimen name="x892">1478.41dp</dimen>
    <dimen name="x893">1480.06dp</dimen>
    <dimen name="x894">1481.72dp</dimen>
    <dimen name="x895">1483.38dp</dimen>
    <dimen name="x896">1485.04dp</dimen>
    <dimen name="x897">1486.69dp</dimen>
    <dimen name="x898">1488.35dp</dimen>
    <dimen name="x899">1490.01dp</dimen>
    <dimen name="x900">1491.67dp</dimen>
    <dimen name="x901">1493.32dp</dimen>
    <dimen name="x902">1494.98dp</dimen>
    <dimen name="x903">1496.64dp</dimen>
    <dimen name="x904">1498.30dp</dimen>
    <dimen name="x905">1499.95dp</dimen>
    <dimen name="x906">1501.61dp</dimen>
    <dimen name="x907">1503.27dp</dimen>
    <dimen name="x908">1504.93dp</dimen>
    <dimen name="x909">1506.58dp</dimen>
    <dimen name="x910">1508.24dp</dimen>
    <dimen name="x911">1509.90dp</dimen>
    <dimen name="x912">1511.56dp</dimen>
    <dimen name="x913">1513.21dp</dimen>
    <dimen name="x914">1514.87dp</dimen>
    <dimen name="x915">1516.53dp</dimen>
    <dimen name="x916">1518.19dp</dimen>
    <dimen name="x917">1519.84dp</dimen>
    <dimen name="x918">1521.50dp</dimen>
    <dimen name="x919">1523.16dp</dimen>
    <dimen name="x920">1524.81dp</dimen>
    <dimen name="x921">1526.47dp</dimen>
    <dimen name="x922">1528.13dp</dimen>
    <dimen name="x923">1529.79dp</dimen>
    <dimen name="x924">1531.44dp</dimen>
    <dimen name="x925">1533.10dp</dimen>
    <dimen name="x926">1534.76dp</dimen>
    <dimen name="x927">1536.42dp</dimen>
    <dimen name="x928">1538.07dp</dimen>
    <dimen name="x929">1539.73dp</dimen>
    <dimen name="x930">1541.39dp</dimen>
    <dimen name="x931">1543.05dp</dimen>
    <dimen name="x932">1544.70dp</dimen>
    <dimen name="x933">1546.36dp</dimen>
    <dimen name="x934">1548.02dp</dimen>
    <dimen name="x935">1549.68dp</dimen>
    <dimen name="x936">1551.33dp</dimen>
    <dimen name="x937">1552.99dp</dimen>
    <dimen name="x938">1554.65dp</dimen>
    <dimen name="x939">1556.31dp</dimen>
    <dimen name="x940">1557.96dp</dimen>
    <dimen name="x941">1559.62dp</dimen>
    <dimen name="x942">1561.28dp</dimen>
    <dimen name="x943">1562.94dp</dimen>
    <dimen name="x944">1564.59dp</dimen>
    <dimen name="x945">1566.25dp</dimen>
    <dimen name="x946">1567.91dp</dimen>
    <dimen name="x947">1569.56dp</dimen>
    <dimen name="x948">1571.22dp</dimen>
    <dimen name="x949">1572.88dp</dimen>
    <dimen name="x950">1574.54dp</dimen>
    <dimen name="x951">1576.19dp</dimen>
    <dimen name="x952">1577.85dp</dimen>
    <dimen name="x953">1579.51dp</dimen>
    <dimen name="x954">1581.17dp</dimen>
    <dimen name="x955">1582.82dp</dimen>
    <dimen name="x956">1584.48dp</dimen>
    <dimen name="x957">1586.14dp</dimen>
    <dimen name="x958">1587.80dp</dimen>
    <dimen name="x959">1589.45dp</dimen>
    <dimen name="x960">1591.11dp</dimen>
    <dimen name="x961">1592.77dp</dimen>
    <dimen name="x962">1594.43dp</dimen>
    <dimen name="x963">1596.08dp</dimen>
    <dimen name="x964">1597.74dp</dimen>
    <dimen name="x965">1599.40dp</dimen>
    <dimen name="x966">1601.06dp</dimen>
    <dimen name="x967">1602.71dp</dimen>
    <dimen name="x968">1604.37dp</dimen>
    <dimen name="x969">1606.03dp</dimen>
    <dimen name="x970">1607.69dp</dimen>
    <dimen name="x971">1609.34dp</dimen>
    <dimen name="x972">1611.00dp</dimen>
    <dimen name="x973">1612.66dp</dimen>
    <dimen name="x974">1614.31dp</dimen>
    <dimen name="x975">1615.97dp</dimen>
    <dimen name="x976">1617.63dp</dimen>
    <dimen name="x977">1619.29dp</dimen>
    <dimen name="x978">1620.94dp</dimen>
    <dimen name="x979">1622.60dp</dimen>
    <dimen name="x980">1624.26dp</dimen>
    <dimen name="x981">1625.92dp</dimen>
    <dimen name="x982">1627.57dp</dimen>
    <dimen name="x983">1629.23dp</dimen>
    <dimen name="x984">1630.89dp</dimen>
    <dimen name="x985">1632.55dp</dimen>
    <dimen name="x986">1634.20dp</dimen>
    <dimen name="x987">1635.86dp</dimen>
    <dimen name="x988">1637.52dp</dimen>
    <dimen name="x989">1639.18dp</dimen>
    <dimen name="x990">1640.83dp</dimen>
    <dimen name="x991">1642.49dp</dimen>
    <dimen name="x992">1644.15dp</dimen>
    <dimen name="x993">1645.81dp</dimen>
    <dimen name="x994">1647.46dp</dimen>
    <dimen name="x995">1649.12dp</dimen>
    <dimen name="x996">1650.78dp</dimen>
    <dimen name="x997">1652.44dp</dimen>
    <dimen name="x998">1654.09dp</dimen>
    <dimen name="x999">1655.75dp</dimen>
    <dimen name="x1000">1657.41dp</dimen>
    <dimen name="x1001">1659.06dp</dimen>
    <dimen name="x1002">1660.72dp</dimen>
    <dimen name="x1003">1662.38dp</dimen>
    <dimen name="x1004">1664.04dp</dimen>
    <dimen name="x1005">1665.69dp</dimen>
    <dimen name="x1006">1667.35dp</dimen>
    <dimen name="x1007">1669.01dp</dimen>
    <dimen name="x1008">1670.67dp</dimen>
    <dimen name="x1009">1672.32dp</dimen>
    <dimen name="x1010">1673.98dp</dimen>
    <dimen name="x1011">1675.64dp</dimen>
    <dimen name="x1012">1677.30dp</dimen>
    <dimen name="x1013">1678.95dp</dimen>
    <dimen name="x1014">1680.61dp</dimen>
    <dimen name="x1015">1682.27dp</dimen>
    <dimen name="x1016">1683.93dp</dimen>
    <dimen name="x1017">1685.58dp</dimen>
    <dimen name="x1018">1687.24dp</dimen>
    <dimen name="x1019">1688.90dp</dimen>
    <dimen name="x1020">1690.56dp</dimen>
    <dimen name="x1021">1692.21dp</dimen>
    <dimen name="x1022">1693.87dp</dimen>
    <dimen name="x1023">1695.53dp</dimen>
    <dimen name="x1024">1697.19dp</dimen>
    <dimen name="x1025">1698.84dp</dimen>
    <dimen name="x1026">1700.50dp</dimen>
    <dimen name="x1027">1702.16dp</dimen>
    <dimen name="x1028">1703.81dp</dimen>
    <dimen name="x1029">1705.47dp</dimen>
    <dimen name="x1030">1707.13dp</dimen>
    <dimen name="x1031">1708.79dp</dimen>
    <dimen name="x1032">1710.44dp</dimen>
    <dimen name="x1033">1712.10dp</dimen>
    <dimen name="x1034">1713.76dp</dimen>
    <dimen name="x1035">1715.42dp</dimen>
    <dimen name="x1036">1717.07dp</dimen>
    <dimen name="x1037">1718.73dp</dimen>
    <dimen name="x1038">1720.39dp</dimen>
    <dimen name="x1039">1722.05dp</dimen>
    <dimen name="x1040">1723.70dp</dimen>
    <dimen name="x1041">1725.36dp</dimen>
    <dimen name="x1042">1727.02dp</dimen>
    <dimen name="x1043">1728.68dp</dimen>
    <dimen name="x1044">1730.33dp</dimen>
    <dimen name="x1045">1731.99dp</dimen>
    <dimen name="x1046">1733.65dp</dimen>
    <dimen name="x1047">1735.31dp</dimen>
    <dimen name="x1048">1736.96dp</dimen>
    <dimen name="x1049">1738.62dp</dimen>
    <dimen name="x1050">1740.28dp</dimen>
    <dimen name="x1051">1741.94dp</dimen>
    <dimen name="x1052">1743.59dp</dimen>
    <dimen name="x1053">1745.25dp</dimen>
    <dimen name="x1054">1746.91dp</dimen>
    <dimen name="x1055">1748.56dp</dimen>
    <dimen name="x1056">1750.22dp</dimen>
    <dimen name="x1057">1751.88dp</dimen>
    <dimen name="x1058">1753.54dp</dimen>
    <dimen name="x1059">1755.19dp</dimen>
    <dimen name="x1060">1756.85dp</dimen>
    <dimen name="x1061">1758.51dp</dimen>
    <dimen name="x1062">1760.17dp</dimen>
    <dimen name="x1063">1761.82dp</dimen>
    <dimen name="x1064">1763.48dp</dimen>
    <dimen name="x1065">1765.14dp</dimen>
    <dimen name="x1066">1766.80dp</dimen>
    <dimen name="x1067">1768.45dp</dimen>
    <dimen name="x1068">1770.11dp</dimen>
    <dimen name="x1069">1771.77dp</dimen>
    <dimen name="x1070">1773.43dp</dimen>
    <dimen name="x1071">1775.08dp</dimen>
    <dimen name="x1072">1776.74dp</dimen>
    <dimen name="x1073">1778.40dp</dimen>
    <dimen name="x1074">1780.06dp</dimen>
    <dimen name="x1075">1781.71dp</dimen>
    <dimen name="x1076">1783.37dp</dimen>
    <dimen name="x1077">1785.03dp</dimen>
    <dimen name="x1078">1786.69dp</dimen>
    <dimen name="x1079">1788.34dp</dimen>
    <dimen name="x1080">1790.00dp</dimen>
</resources>