<?xml version="1.0" encoding="utf-8"?>
<resources>
    <string name="sw_dp">940dp</string>
    <dimen name="x1">0.87dp</dimen>
    <dimen name="x2">1.74dp</dimen>
    <dimen name="x3">2.61dp</dimen>
    <dimen name="x4">3.48dp</dimen>
    <dimen name="x5">4.35dp</dimen>
    <dimen name="x6">5.22dp</dimen>
    <dimen name="x7">6.09dp</dimen>
    <dimen name="x8">6.96dp</dimen>
    <dimen name="x9">7.83dp</dimen>
    <dimen name="x10">8.70dp</dimen>
    <dimen name="x11">9.57dp</dimen>
    <dimen name="x12">10.44dp</dimen>
    <dimen name="x13">11.31dp</dimen>
    <dimen name="x14">12.19dp</dimen>
    <dimen name="x15">13.06dp</dimen>
    <dimen name="x16">13.93dp</dimen>
    <dimen name="x17">14.80dp</dimen>
    <dimen name="x18">15.67dp</dimen>
    <dimen name="x19">16.54dp</dimen>
    <dimen name="x20">17.41dp</dimen>
    <dimen name="x21">18.28dp</dimen>
    <dimen name="x22">19.15dp</dimen>
    <dimen name="x23">20.02dp</dimen>
    <dimen name="x24">20.89dp</dimen>
    <dimen name="x25">21.76dp</dimen>
    <dimen name="x26">22.63dp</dimen>
    <dimen name="x27">23.50dp</dimen>
    <dimen name="x28">24.37dp</dimen>
    <dimen name="x29">25.24dp</dimen>
    <dimen name="x30">26.11dp</dimen>
    <dimen name="x31">26.98dp</dimen>
    <dimen name="x32">27.85dp</dimen>
    <dimen name="x33">28.72dp</dimen>
    <dimen name="x34">29.59dp</dimen>
    <dimen name="x35">30.46dp</dimen>
    <dimen name="x36">31.33dp</dimen>
    <dimen name="x37">32.20dp</dimen>
    <dimen name="x38">33.07dp</dimen>
    <dimen name="x39">33.94dp</dimen>
    <dimen name="x40">34.81dp</dimen>
    <dimen name="x41">35.69dp</dimen>
    <dimen name="x42">36.56dp</dimen>
    <dimen name="x43">37.43dp</dimen>
    <dimen name="x44">38.30dp</dimen>
    <dimen name="x45">39.17dp</dimen>
    <dimen name="x46">40.04dp</dimen>
    <dimen name="x47">40.91dp</dimen>
    <dimen name="x48">41.78dp</dimen>
    <dimen name="x49">42.65dp</dimen>
    <dimen name="x50">43.52dp</dimen>
    <dimen name="x51">44.39dp</dimen>
    <dimen name="x52">45.26dp</dimen>
    <dimen name="x53">46.13dp</dimen>
    <dimen name="x54">47.00dp</dimen>
    <dimen name="x55">47.87dp</dimen>
    <dimen name="x56">48.74dp</dimen>
    <dimen name="x57">49.61dp</dimen>
    <dimen name="x58">50.48dp</dimen>
    <dimen name="x59">51.35dp</dimen>
    <dimen name="x60">52.22dp</dimen>
    <dimen name="x61">53.09dp</dimen>
    <dimen name="x62">53.96dp</dimen>
    <dimen name="x63">54.83dp</dimen>
    <dimen name="x64">55.70dp</dimen>
    <dimen name="x65">56.57dp</dimen>
    <dimen name="x66">57.44dp</dimen>
    <dimen name="x67">58.31dp</dimen>
    <dimen name="x68">59.19dp</dimen>
    <dimen name="x69">60.06dp</dimen>
    <dimen name="x70">60.93dp</dimen>
    <dimen name="x71">61.80dp</dimen>
    <dimen name="x72">62.67dp</dimen>
    <dimen name="x73">63.54dp</dimen>
    <dimen name="x74">64.41dp</dimen>
    <dimen name="x75">65.28dp</dimen>
    <dimen name="x76">66.15dp</dimen>
    <dimen name="x77">67.02dp</dimen>
    <dimen name="x78">67.89dp</dimen>
    <dimen name="x79">68.76dp</dimen>
    <dimen name="x80">69.63dp</dimen>
    <dimen name="x81">70.50dp</dimen>
    <dimen name="x82">71.37dp</dimen>
    <dimen name="x83">72.24dp</dimen>
    <dimen name="x84">73.11dp</dimen>
    <dimen name="x85">73.98dp</dimen>
    <dimen name="x86">74.85dp</dimen>
    <dimen name="x87">75.72dp</dimen>
    <dimen name="x88">76.59dp</dimen>
    <dimen name="x89">77.46dp</dimen>
    <dimen name="x90">78.33dp</dimen>
    <dimen name="x91">79.20dp</dimen>
    <dimen name="x92">80.07dp</dimen>
    <dimen name="x93">80.94dp</dimen>
    <dimen name="x94">81.81dp</dimen>
    <dimen name="x95">82.69dp</dimen>
    <dimen name="x96">83.56dp</dimen>
    <dimen name="x97">84.43dp</dimen>
    <dimen name="x98">85.30dp</dimen>
    <dimen name="x99">86.17dp</dimen>
    <dimen name="x100">87.04dp</dimen>
    <dimen name="x101">87.91dp</dimen>
    <dimen name="x102">88.78dp</dimen>
    <dimen name="x103">89.65dp</dimen>
    <dimen name="x104">90.52dp</dimen>
    <dimen name="x105">91.39dp</dimen>
    <dimen name="x106">92.26dp</dimen>
    <dimen name="x107">93.13dp</dimen>
    <dimen name="x108">94.00dp</dimen>
    <dimen name="x109">94.87dp</dimen>
    <dimen name="x110">95.74dp</dimen>
    <dimen name="x111">96.61dp</dimen>
    <dimen name="x112">97.48dp</dimen>
    <dimen name="x113">98.35dp</dimen>
    <dimen name="x114">99.22dp</dimen>
    <dimen name="x115">100.09dp</dimen>
    <dimen name="x116">100.96dp</dimen>
    <dimen name="x117">101.83dp</dimen>
    <dimen name="x118">102.70dp</dimen>
    <dimen name="x119">103.57dp</dimen>
    <dimen name="x120">104.44dp</dimen>
    <dimen name="x121">105.31dp</dimen>
    <dimen name="x122">106.19dp</dimen>
    <dimen name="x123">107.06dp</dimen>
    <dimen name="x124">107.93dp</dimen>
    <dimen name="x125">108.80dp</dimen>
    <dimen name="x126">109.67dp</dimen>
    <dimen name="x127">110.54dp</dimen>
    <dimen name="x128">111.41dp</dimen>
    <dimen name="x129">112.28dp</dimen>
    <dimen name="x130">113.15dp</dimen>
    <dimen name="x131">114.02dp</dimen>
    <dimen name="x132">114.89dp</dimen>
    <dimen name="x133">115.76dp</dimen>
    <dimen name="x134">116.63dp</dimen>
    <dimen name="x135">117.50dp</dimen>
    <dimen name="x136">118.37dp</dimen>
    <dimen name="x137">119.24dp</dimen>
    <dimen name="x138">120.11dp</dimen>
    <dimen name="x139">120.98dp</dimen>
    <dimen name="x140">121.85dp</dimen>
    <dimen name="x141">122.72dp</dimen>
    <dimen name="x142">123.59dp</dimen>
    <dimen name="x143">124.46dp</dimen>
    <dimen name="x144">125.33dp</dimen>
    <dimen name="x145">126.20dp</dimen>
    <dimen name="x146">127.07dp</dimen>
    <dimen name="x147">127.94dp</dimen>
    <dimen name="x148">128.81dp</dimen>
    <dimen name="x149">129.69dp</dimen>
    <dimen name="x150">130.56dp</dimen>
    <dimen name="x151">131.43dp</dimen>
    <dimen name="x152">132.30dp</dimen>
    <dimen name="x153">133.17dp</dimen>
    <dimen name="x154">134.04dp</dimen>
    <dimen name="x155">134.91dp</dimen>
    <dimen name="x156">135.78dp</dimen>
    <dimen name="x157">136.65dp</dimen>
    <dimen name="x158">137.52dp</dimen>
    <dimen name="x159">138.39dp</dimen>
    <dimen name="x160">139.26dp</dimen>
    <dimen name="x161">140.13dp</dimen>
    <dimen name="x162">141.00dp</dimen>
    <dimen name="x163">141.87dp</dimen>
    <dimen name="x164">142.74dp</dimen>
    <dimen name="x165">143.61dp</dimen>
    <dimen name="x166">144.48dp</dimen>
    <dimen name="x167">145.35dp</dimen>
    <dimen name="x168">146.22dp</dimen>
    <dimen name="x169">147.09dp</dimen>
    <dimen name="x170">147.96dp</dimen>
    <dimen name="x171">148.83dp</dimen>
    <dimen name="x172">149.70dp</dimen>
    <dimen name="x173">150.57dp</dimen>
    <dimen name="x174">151.44dp</dimen>
    <dimen name="x175">152.31dp</dimen>
    <dimen name="x176">153.19dp</dimen>
    <dimen name="x177">154.06dp</dimen>
    <dimen name="x178">154.93dp</dimen>
    <dimen name="x179">155.80dp</dimen>
    <dimen name="x180">156.67dp</dimen>
    <dimen name="x181">157.54dp</dimen>
    <dimen name="x182">158.41dp</dimen>
    <dimen name="x183">159.28dp</dimen>
    <dimen name="x184">160.15dp</dimen>
    <dimen name="x185">161.02dp</dimen>
    <dimen name="x186">161.89dp</dimen>
    <dimen name="x187">162.76dp</dimen>
    <dimen name="x188">163.63dp</dimen>
    <dimen name="x189">164.50dp</dimen>
    <dimen name="x190">165.37dp</dimen>
    <dimen name="x191">166.24dp</dimen>
    <dimen name="x192">167.11dp</dimen>
    <dimen name="x193">167.98dp</dimen>
    <dimen name="x194">168.85dp</dimen>
    <dimen name="x195">169.72dp</dimen>
    <dimen name="x196">170.59dp</dimen>
    <dimen name="x197">171.46dp</dimen>
    <dimen name="x198">172.33dp</dimen>
    <dimen name="x199">173.20dp</dimen>
    <dimen name="x200">174.07dp</dimen>
    <dimen name="x201">174.94dp</dimen>
    <dimen name="x202">175.81dp</dimen>
    <dimen name="x203">176.69dp</dimen>
    <dimen name="x204">177.56dp</dimen>
    <dimen name="x205">178.43dp</dimen>
    <dimen name="x206">179.30dp</dimen>
    <dimen name="x207">180.17dp</dimen>
    <dimen name="x208">181.04dp</dimen>
    <dimen name="x209">181.91dp</dimen>
    <dimen name="x210">182.78dp</dimen>
    <dimen name="x211">183.65dp</dimen>
    <dimen name="x212">184.52dp</dimen>
    <dimen name="x213">185.39dp</dimen>
    <dimen name="x214">186.26dp</dimen>
    <dimen name="x215">187.13dp</dimen>
    <dimen name="x216">188.00dp</dimen>
    <dimen name="x217">188.87dp</dimen>
    <dimen name="x218">189.74dp</dimen>
    <dimen name="x219">190.61dp</dimen>
    <dimen name="x220">191.48dp</dimen>
    <dimen name="x221">192.35dp</dimen>
    <dimen name="x222">193.22dp</dimen>
    <dimen name="x223">194.09dp</dimen>
    <dimen name="x224">194.96dp</dimen>
    <dimen name="x225">195.83dp</dimen>
    <dimen name="x226">196.70dp</dimen>
    <dimen name="x227">197.57dp</dimen>
    <dimen name="x228">198.44dp</dimen>
    <dimen name="x229">199.31dp</dimen>
    <dimen name="x230">200.19dp</dimen>
    <dimen name="x231">201.06dp</dimen>
    <dimen name="x232">201.93dp</dimen>
    <dimen name="x233">202.80dp</dimen>
    <dimen name="x234">203.67dp</dimen>
    <dimen name="x235">204.54dp</dimen>
    <dimen name="x236">205.41dp</dimen>
    <dimen name="x237">206.28dp</dimen>
    <dimen name="x238">207.15dp</dimen>
    <dimen name="x239">208.02dp</dimen>
    <dimen name="x240">208.89dp</dimen>
    <dimen name="x241">209.76dp</dimen>
    <dimen name="x242">210.63dp</dimen>
    <dimen name="x243">211.50dp</dimen>
    <dimen name="x244">212.37dp</dimen>
    <dimen name="x245">213.24dp</dimen>
    <dimen name="x246">214.11dp</dimen>
    <dimen name="x247">214.98dp</dimen>
    <dimen name="x248">215.85dp</dimen>
    <dimen name="x249">216.72dp</dimen>
    <dimen name="x250">217.59dp</dimen>
    <dimen name="x251">218.46dp</dimen>
    <dimen name="x252">219.33dp</dimen>
    <dimen name="x253">220.20dp</dimen>
    <dimen name="x254">221.07dp</dimen>
    <dimen name="x255">221.94dp</dimen>
    <dimen name="x256">222.81dp</dimen>
    <dimen name="x257">223.69dp</dimen>
    <dimen name="x258">224.56dp</dimen>
    <dimen name="x259">225.43dp</dimen>
    <dimen name="x260">226.30dp</dimen>
    <dimen name="x261">227.17dp</dimen>
    <dimen name="x262">228.04dp</dimen>
    <dimen name="x263">228.91dp</dimen>
    <dimen name="x264">229.78dp</dimen>
    <dimen name="x265">230.65dp</dimen>
    <dimen name="x266">231.52dp</dimen>
    <dimen name="x267">232.39dp</dimen>
    <dimen name="x268">233.26dp</dimen>
    <dimen name="x269">234.13dp</dimen>
    <dimen name="x270">235.00dp</dimen>
    <dimen name="x271">235.87dp</dimen>
    <dimen name="x272">236.74dp</dimen>
    <dimen name="x273">237.61dp</dimen>
    <dimen name="x274">238.48dp</dimen>
    <dimen name="x275">239.35dp</dimen>
    <dimen name="x276">240.22dp</dimen>
    <dimen name="x277">241.09dp</dimen>
    <dimen name="x278">241.96dp</dimen>
    <dimen name="x279">242.83dp</dimen>
    <dimen name="x280">243.70dp</dimen>
    <dimen name="x281">244.57dp</dimen>
    <dimen name="x282">245.44dp</dimen>
    <dimen name="x283">246.31dp</dimen>
    <dimen name="x284">247.19dp</dimen>
    <dimen name="x285">248.06dp</dimen>
    <dimen name="x286">248.93dp</dimen>
    <dimen name="x287">249.80dp</dimen>
    <dimen name="x288">250.67dp</dimen>
    <dimen name="x289">251.54dp</dimen>
    <dimen name="x290">252.41dp</dimen>
    <dimen name="x291">253.28dp</dimen>
    <dimen name="x292">254.15dp</dimen>
    <dimen name="x293">255.02dp</dimen>
    <dimen name="x294">255.89dp</dimen>
    <dimen name="x295">256.76dp</dimen>
    <dimen name="x296">257.63dp</dimen>
    <dimen name="x297">258.50dp</dimen>
    <dimen name="x298">259.37dp</dimen>
    <dimen name="x299">260.24dp</dimen>
    <dimen name="x300">261.11dp</dimen>
    <dimen name="x301">261.98dp</dimen>
    <dimen name="x302">262.85dp</dimen>
    <dimen name="x303">263.72dp</dimen>
    <dimen name="x304">264.59dp</dimen>
    <dimen name="x305">265.46dp</dimen>
    <dimen name="x306">266.33dp</dimen>
    <dimen name="x307">267.20dp</dimen>
    <dimen name="x308">268.07dp</dimen>
    <dimen name="x309">268.94dp</dimen>
    <dimen name="x310">269.81dp</dimen>
    <dimen name="x311">270.69dp</dimen>
    <dimen name="x312">271.56dp</dimen>
    <dimen name="x313">272.43dp</dimen>
    <dimen name="x314">273.30dp</dimen>
    <dimen name="x315">274.17dp</dimen>
    <dimen name="x316">275.04dp</dimen>
    <dimen name="x317">275.91dp</dimen>
    <dimen name="x318">276.78dp</dimen>
    <dimen name="x319">277.65dp</dimen>
    <dimen name="x320">278.52dp</dimen>
    <dimen name="x321">279.39dp</dimen>
    <dimen name="x322">280.26dp</dimen>
    <dimen name="x323">281.13dp</dimen>
    <dimen name="x324">282.00dp</dimen>
    <dimen name="x325">282.87dp</dimen>
    <dimen name="x326">283.74dp</dimen>
    <dimen name="x327">284.61dp</dimen>
    <dimen name="x328">285.48dp</dimen>
    <dimen name="x329">286.35dp</dimen>
    <dimen name="x330">287.22dp</dimen>
    <dimen name="x331">288.09dp</dimen>
    <dimen name="x332">288.96dp</dimen>
    <dimen name="x333">289.83dp</dimen>
    <dimen name="x334">290.70dp</dimen>
    <dimen name="x335">291.57dp</dimen>
    <dimen name="x336">292.44dp</dimen>
    <dimen name="x337">293.31dp</dimen>
    <dimen name="x338">294.19dp</dimen>
    <dimen name="x339">295.06dp</dimen>
    <dimen name="x340">295.93dp</dimen>
    <dimen name="x341">296.80dp</dimen>
    <dimen name="x342">297.67dp</dimen>
    <dimen name="x343">298.54dp</dimen>
    <dimen name="x344">299.41dp</dimen>
    <dimen name="x345">300.28dp</dimen>
    <dimen name="x346">301.15dp</dimen>
    <dimen name="x347">302.02dp</dimen>
    <dimen name="x348">302.89dp</dimen>
    <dimen name="x349">303.76dp</dimen>
    <dimen name="x350">304.63dp</dimen>
    <dimen name="x351">305.50dp</dimen>
    <dimen name="x352">306.37dp</dimen>
    <dimen name="x353">307.24dp</dimen>
    <dimen name="x354">308.11dp</dimen>
    <dimen name="x355">308.98dp</dimen>
    <dimen name="x356">309.85dp</dimen>
    <dimen name="x357">310.72dp</dimen>
    <dimen name="x358">311.59dp</dimen>
    <dimen name="x359">312.46dp</dimen>
    <dimen name="x360">313.33dp</dimen>
    <dimen name="x361">314.20dp</dimen>
    <dimen name="x362">315.07dp</dimen>
    <dimen name="x363">315.94dp</dimen>
    <dimen name="x364">316.81dp</dimen>
    <dimen name="x365">317.69dp</dimen>
    <dimen name="x366">318.56dp</dimen>
    <dimen name="x367">319.43dp</dimen>
    <dimen name="x368">320.30dp</dimen>
    <dimen name="x369">321.17dp</dimen>
    <dimen name="x370">322.04dp</dimen>
    <dimen name="x371">322.91dp</dimen>
    <dimen name="x372">323.78dp</dimen>
    <dimen name="x373">324.65dp</dimen>
    <dimen name="x374">325.52dp</dimen>
    <dimen name="x375">326.39dp</dimen>
    <dimen name="x376">327.26dp</dimen>
    <dimen name="x377">328.13dp</dimen>
    <dimen name="x378">329.00dp</dimen>
    <dimen name="x379">329.87dp</dimen>
    <dimen name="x380">330.74dp</dimen>
    <dimen name="x381">331.61dp</dimen>
    <dimen name="x382">332.48dp</dimen>
    <dimen name="x383">333.35dp</dimen>
    <dimen name="x384">334.22dp</dimen>
    <dimen name="x385">335.09dp</dimen>
    <dimen name="x386">335.96dp</dimen>
    <dimen name="x387">336.83dp</dimen>
    <dimen name="x388">337.70dp</dimen>
    <dimen name="x389">338.57dp</dimen>
    <dimen name="x390">339.44dp</dimen>
    <dimen name="x391">340.31dp</dimen>
    <dimen name="x392">341.19dp</dimen>
    <dimen name="x393">342.06dp</dimen>
    <dimen name="x394">342.93dp</dimen>
    <dimen name="x395">343.80dp</dimen>
    <dimen name="x396">344.67dp</dimen>
    <dimen name="x397">345.54dp</dimen>
    <dimen name="x398">346.41dp</dimen>
    <dimen name="x399">347.28dp</dimen>
    <dimen name="x400">348.15dp</dimen>
    <dimen name="x401">349.02dp</dimen>
    <dimen name="x402">349.89dp</dimen>
    <dimen name="x403">350.76dp</dimen>
    <dimen name="x404">351.63dp</dimen>
    <dimen name="x405">352.50dp</dimen>
    <dimen name="x406">353.37dp</dimen>
    <dimen name="x407">354.24dp</dimen>
    <dimen name="x408">355.11dp</dimen>
    <dimen name="x409">355.98dp</dimen>
    <dimen name="x410">356.85dp</dimen>
    <dimen name="x411">357.72dp</dimen>
    <dimen name="x412">358.59dp</dimen>
    <dimen name="x413">359.46dp</dimen>
    <dimen name="x414">360.33dp</dimen>
    <dimen name="x415">361.20dp</dimen>
    <dimen name="x416">362.07dp</dimen>
    <dimen name="x417">362.94dp</dimen>
    <dimen name="x418">363.81dp</dimen>
    <dimen name="x419">364.69dp</dimen>
    <dimen name="x420">365.56dp</dimen>
    <dimen name="x421">366.43dp</dimen>
    <dimen name="x422">367.30dp</dimen>
    <dimen name="x423">368.17dp</dimen>
    <dimen name="x424">369.04dp</dimen>
    <dimen name="x425">369.91dp</dimen>
    <dimen name="x426">370.78dp</dimen>
    <dimen name="x427">371.65dp</dimen>
    <dimen name="x428">372.52dp</dimen>
    <dimen name="x429">373.39dp</dimen>
    <dimen name="x430">374.26dp</dimen>
    <dimen name="x431">375.13dp</dimen>
    <dimen name="x432">376.00dp</dimen>
    <dimen name="x433">376.87dp</dimen>
    <dimen name="x434">377.74dp</dimen>
    <dimen name="x435">378.61dp</dimen>
    <dimen name="x436">379.48dp</dimen>
    <dimen name="x437">380.35dp</dimen>
    <dimen name="x438">381.22dp</dimen>
    <dimen name="x439">382.09dp</dimen>
    <dimen name="x440">382.96dp</dimen>
    <dimen name="x441">383.83dp</dimen>
    <dimen name="x442">384.70dp</dimen>
    <dimen name="x443">385.57dp</dimen>
    <dimen name="x444">386.44dp</dimen>
    <dimen name="x445">387.31dp</dimen>
    <dimen name="x446">388.19dp</dimen>
    <dimen name="x447">389.06dp</dimen>
    <dimen name="x448">389.93dp</dimen>
    <dimen name="x449">390.80dp</dimen>
    <dimen name="x450">391.67dp</dimen>
    <dimen name="x451">392.54dp</dimen>
    <dimen name="x452">393.41dp</dimen>
    <dimen name="x453">394.28dp</dimen>
    <dimen name="x454">395.15dp</dimen>
    <dimen name="x455">396.02dp</dimen>
    <dimen name="x456">396.89dp</dimen>
    <dimen name="x457">397.76dp</dimen>
    <dimen name="x458">398.63dp</dimen>
    <dimen name="x459">399.50dp</dimen>
    <dimen name="x460">400.37dp</dimen>
    <dimen name="x461">401.24dp</dimen>
    <dimen name="x462">402.11dp</dimen>
    <dimen name="x463">402.98dp</dimen>
    <dimen name="x464">403.85dp</dimen>
    <dimen name="x465">404.72dp</dimen>
    <dimen name="x466">405.59dp</dimen>
    <dimen name="x467">406.46dp</dimen>
    <dimen name="x468">407.33dp</dimen>
    <dimen name="x469">408.20dp</dimen>
    <dimen name="x470">409.07dp</dimen>
    <dimen name="x471">409.94dp</dimen>
    <dimen name="x472">410.81dp</dimen>
    <dimen name="x473">411.69dp</dimen>
    <dimen name="x474">412.56dp</dimen>
    <dimen name="x475">413.43dp</dimen>
    <dimen name="x476">414.30dp</dimen>
    <dimen name="x477">415.17dp</dimen>
    <dimen name="x478">416.04dp</dimen>
    <dimen name="x479">416.91dp</dimen>
    <dimen name="x480">417.78dp</dimen>
    <dimen name="x481">418.65dp</dimen>
    <dimen name="x482">419.52dp</dimen>
    <dimen name="x483">420.39dp</dimen>
    <dimen name="x484">421.26dp</dimen>
    <dimen name="x485">422.13dp</dimen>
    <dimen name="x486">423.00dp</dimen>
    <dimen name="x487">423.87dp</dimen>
    <dimen name="x488">424.74dp</dimen>
    <dimen name="x489">425.61dp</dimen>
    <dimen name="x490">426.48dp</dimen>
    <dimen name="x491">427.35dp</dimen>
    <dimen name="x492">428.22dp</dimen>
    <dimen name="x493">429.09dp</dimen>
    <dimen name="x494">429.96dp</dimen>
    <dimen name="x495">430.83dp</dimen>
    <dimen name="x496">431.70dp</dimen>
    <dimen name="x497">432.57dp</dimen>
    <dimen name="x498">433.44dp</dimen>
    <dimen name="x499">434.31dp</dimen>
    <dimen name="x500">435.19dp</dimen>
    <dimen name="x501">436.06dp</dimen>
    <dimen name="x502">436.93dp</dimen>
    <dimen name="x503">437.80dp</dimen>
    <dimen name="x504">438.67dp</dimen>
    <dimen name="x505">439.54dp</dimen>
    <dimen name="x506">440.41dp</dimen>
    <dimen name="x507">441.28dp</dimen>
    <dimen name="x508">442.15dp</dimen>
    <dimen name="x509">443.02dp</dimen>
    <dimen name="x510">443.89dp</dimen>
    <dimen name="x511">444.76dp</dimen>
    <dimen name="x512">445.63dp</dimen>
    <dimen name="x513">446.50dp</dimen>
    <dimen name="x514">447.37dp</dimen>
    <dimen name="x515">448.24dp</dimen>
    <dimen name="x516">449.11dp</dimen>
    <dimen name="x517">449.98dp</dimen>
    <dimen name="x518">450.85dp</dimen>
    <dimen name="x519">451.72dp</dimen>
    <dimen name="x520">452.59dp</dimen>
    <dimen name="x521">453.46dp</dimen>
    <dimen name="x522">454.33dp</dimen>
    <dimen name="x523">455.20dp</dimen>
    <dimen name="x524">456.07dp</dimen>
    <dimen name="x525">456.94dp</dimen>
    <dimen name="x526">457.81dp</dimen>
    <dimen name="x527">458.69dp</dimen>
    <dimen name="x528">459.56dp</dimen>
    <dimen name="x529">460.43dp</dimen>
    <dimen name="x530">461.30dp</dimen>
    <dimen name="x531">462.17dp</dimen>
    <dimen name="x532">463.04dp</dimen>
    <dimen name="x533">463.91dp</dimen>
    <dimen name="x534">464.78dp</dimen>
    <dimen name="x535">465.65dp</dimen>
    <dimen name="x536">466.52dp</dimen>
    <dimen name="x537">467.39dp</dimen>
    <dimen name="x538">468.26dp</dimen>
    <dimen name="x539">469.13dp</dimen>
    <dimen name="x540">470.00dp</dimen>
    <dimen name="x541">470.87dp</dimen>
    <dimen name="x542">471.74dp</dimen>
    <dimen name="x543">472.61dp</dimen>
    <dimen name="x544">473.48dp</dimen>
    <dimen name="x545">474.35dp</dimen>
    <dimen name="x546">475.22dp</dimen>
    <dimen name="x547">476.09dp</dimen>
    <dimen name="x548">476.96dp</dimen>
    <dimen name="x549">477.83dp</dimen>
    <dimen name="x550">478.70dp</dimen>
    <dimen name="x551">479.57dp</dimen>
    <dimen name="x552">480.44dp</dimen>
    <dimen name="x553">481.31dp</dimen>
    <dimen name="x554">482.19dp</dimen>
    <dimen name="x555">483.06dp</dimen>
    <dimen name="x556">483.93dp</dimen>
    <dimen name="x557">484.80dp</dimen>
    <dimen name="x558">485.67dp</dimen>
    <dimen name="x559">486.54dp</dimen>
    <dimen name="x560">487.41dp</dimen>
    <dimen name="x561">488.28dp</dimen>
    <dimen name="x562">489.15dp</dimen>
    <dimen name="x563">490.02dp</dimen>
    <dimen name="x564">490.89dp</dimen>
    <dimen name="x565">491.76dp</dimen>
    <dimen name="x566">492.63dp</dimen>
    <dimen name="x567">493.50dp</dimen>
    <dimen name="x568">494.37dp</dimen>
    <dimen name="x569">495.24dp</dimen>
    <dimen name="x570">496.11dp</dimen>
    <dimen name="x571">496.98dp</dimen>
    <dimen name="x572">497.85dp</dimen>
    <dimen name="x573">498.72dp</dimen>
    <dimen name="x574">499.59dp</dimen>
    <dimen name="x575">500.46dp</dimen>
    <dimen name="x576">501.33dp</dimen>
    <dimen name="x577">502.20dp</dimen>
    <dimen name="x578">503.07dp</dimen>
    <dimen name="x579">503.94dp</dimen>
    <dimen name="x580">504.81dp</dimen>
    <dimen name="x581">505.69dp</dimen>
    <dimen name="x582">506.56dp</dimen>
    <dimen name="x583">507.43dp</dimen>
    <dimen name="x584">508.30dp</dimen>
    <dimen name="x585">509.17dp</dimen>
    <dimen name="x586">510.04dp</dimen>
    <dimen name="x587">510.91dp</dimen>
    <dimen name="x588">511.78dp</dimen>
    <dimen name="x589">512.65dp</dimen>
    <dimen name="x590">513.52dp</dimen>
    <dimen name="x591">514.39dp</dimen>
    <dimen name="x592">515.26dp</dimen>
    <dimen name="x593">516.13dp</dimen>
    <dimen name="x594">517.00dp</dimen>
    <dimen name="x595">517.87dp</dimen>
    <dimen name="x596">518.74dp</dimen>
    <dimen name="x597">519.61dp</dimen>
    <dimen name="x598">520.48dp</dimen>
    <dimen name="x599">521.35dp</dimen>
    <dimen name="x600">522.22dp</dimen>
    <dimen name="x601">523.09dp</dimen>
    <dimen name="x602">523.96dp</dimen>
    <dimen name="x603">524.83dp</dimen>
    <dimen name="x604">525.70dp</dimen>
    <dimen name="x605">526.57dp</dimen>
    <dimen name="x606">527.44dp</dimen>
    <dimen name="x607">528.31dp</dimen>
    <dimen name="x608">529.19dp</dimen>
    <dimen name="x609">530.06dp</dimen>
    <dimen name="x610">530.93dp</dimen>
    <dimen name="x611">531.80dp</dimen>
    <dimen name="x612">532.67dp</dimen>
    <dimen name="x613">533.54dp</dimen>
    <dimen name="x614">534.41dp</dimen>
    <dimen name="x615">535.28dp</dimen>
    <dimen name="x616">536.15dp</dimen>
    <dimen name="x617">537.02dp</dimen>
    <dimen name="x618">537.89dp</dimen>
    <dimen name="x619">538.76dp</dimen>
    <dimen name="x620">539.63dp</dimen>
    <dimen name="x621">540.50dp</dimen>
    <dimen name="x622">541.37dp</dimen>
    <dimen name="x623">542.24dp</dimen>
    <dimen name="x624">543.11dp</dimen>
    <dimen name="x625">543.98dp</dimen>
    <dimen name="x626">544.85dp</dimen>
    <dimen name="x627">545.72dp</dimen>
    <dimen name="x628">546.59dp</dimen>
    <dimen name="x629">547.46dp</dimen>
    <dimen name="x630">548.33dp</dimen>
    <dimen name="x631">549.20dp</dimen>
    <dimen name="x632">550.07dp</dimen>
    <dimen name="x633">550.94dp</dimen>
    <dimen name="x634">551.81dp</dimen>
    <dimen name="x635">552.69dp</dimen>
    <dimen name="x636">553.56dp</dimen>
    <dimen name="x637">554.43dp</dimen>
    <dimen name="x638">555.30dp</dimen>
    <dimen name="x639">556.17dp</dimen>
    <dimen name="x640">557.04dp</dimen>
    <dimen name="x641">557.91dp</dimen>
    <dimen name="x642">558.78dp</dimen>
    <dimen name="x643">559.65dp</dimen>
    <dimen name="x644">560.52dp</dimen>
    <dimen name="x645">561.39dp</dimen>
    <dimen name="x646">562.26dp</dimen>
    <dimen name="x647">563.13dp</dimen>
    <dimen name="x648">564.00dp</dimen>
    <dimen name="x649">564.87dp</dimen>
    <dimen name="x650">565.74dp</dimen>
    <dimen name="x651">566.61dp</dimen>
    <dimen name="x652">567.48dp</dimen>
    <dimen name="x653">568.35dp</dimen>
    <dimen name="x654">569.22dp</dimen>
    <dimen name="x655">570.09dp</dimen>
    <dimen name="x656">570.96dp</dimen>
    <dimen name="x657">571.83dp</dimen>
    <dimen name="x658">572.70dp</dimen>
    <dimen name="x659">573.57dp</dimen>
    <dimen name="x660">574.44dp</dimen>
    <dimen name="x661">575.31dp</dimen>
    <dimen name="x662">576.19dp</dimen>
    <dimen name="x663">577.06dp</dimen>
    <dimen name="x664">577.93dp</dimen>
    <dimen name="x665">578.80dp</dimen>
    <dimen name="x666">579.67dp</dimen>
    <dimen name="x667">580.54dp</dimen>
    <dimen name="x668">581.41dp</dimen>
    <dimen name="x669">582.28dp</dimen>
    <dimen name="x670">583.15dp</dimen>
    <dimen name="x671">584.02dp</dimen>
    <dimen name="x672">584.89dp</dimen>
    <dimen name="x673">585.76dp</dimen>
    <dimen name="x674">586.63dp</dimen>
    <dimen name="x675">587.50dp</dimen>
    <dimen name="x676">588.37dp</dimen>
    <dimen name="x677">589.24dp</dimen>
    <dimen name="x678">590.11dp</dimen>
    <dimen name="x679">590.98dp</dimen>
    <dimen name="x680">591.85dp</dimen>
    <dimen name="x681">592.72dp</dimen>
    <dimen name="x682">593.59dp</dimen>
    <dimen name="x683">594.46dp</dimen>
    <dimen name="x684">595.33dp</dimen>
    <dimen name="x685">596.20dp</dimen>
    <dimen name="x686">597.07dp</dimen>
    <dimen name="x687">597.94dp</dimen>
    <dimen name="x688">598.81dp</dimen>
    <dimen name="x689">599.69dp</dimen>
    <dimen name="x690">600.56dp</dimen>
    <dimen name="x691">601.43dp</dimen>
    <dimen name="x692">602.30dp</dimen>
    <dimen name="x693">603.17dp</dimen>
    <dimen name="x694">604.04dp</dimen>
    <dimen name="x695">604.91dp</dimen>
    <dimen name="x696">605.78dp</dimen>
    <dimen name="x697">606.65dp</dimen>
    <dimen name="x698">607.52dp</dimen>
    <dimen name="x699">608.39dp</dimen>
    <dimen name="x700">609.26dp</dimen>
    <dimen name="x701">610.13dp</dimen>
    <dimen name="x702">611.00dp</dimen>
    <dimen name="x703">611.87dp</dimen>
    <dimen name="x704">612.74dp</dimen>
    <dimen name="x705">613.61dp</dimen>
    <dimen name="x706">614.48dp</dimen>
    <dimen name="x707">615.35dp</dimen>
    <dimen name="x708">616.22dp</dimen>
    <dimen name="x709">617.09dp</dimen>
    <dimen name="x710">617.96dp</dimen>
    <dimen name="x711">618.83dp</dimen>
    <dimen name="x712">619.70dp</dimen>
    <dimen name="x713">620.57dp</dimen>
    <dimen name="x714">621.44dp</dimen>
    <dimen name="x715">622.31dp</dimen>
    <dimen name="x716">623.19dp</dimen>
    <dimen name="x717">624.06dp</dimen>
    <dimen name="x718">624.93dp</dimen>
    <dimen name="x719">625.80dp</dimen>
    <dimen name="x720">626.67dp</dimen>
    <dimen name="x721">627.54dp</dimen>
    <dimen name="x722">628.41dp</dimen>
    <dimen name="x723">629.28dp</dimen>
    <dimen name="x724">630.15dp</dimen>
    <dimen name="x725">631.02dp</dimen>
    <dimen name="x726">631.89dp</dimen>
    <dimen name="x727">632.76dp</dimen>
    <dimen name="x728">633.63dp</dimen>
    <dimen name="x729">634.50dp</dimen>
    <dimen name="x730">635.37dp</dimen>
    <dimen name="x731">636.24dp</dimen>
    <dimen name="x732">637.11dp</dimen>
    <dimen name="x733">637.98dp</dimen>
    <dimen name="x734">638.85dp</dimen>
    <dimen name="x735">639.72dp</dimen>
    <dimen name="x736">640.59dp</dimen>
    <dimen name="x737">641.46dp</dimen>
    <dimen name="x738">642.33dp</dimen>
    <dimen name="x739">643.20dp</dimen>
    <dimen name="x740">644.07dp</dimen>
    <dimen name="x741">644.94dp</dimen>
    <dimen name="x742">645.81dp</dimen>
    <dimen name="x743">646.69dp</dimen>
    <dimen name="x744">647.56dp</dimen>
    <dimen name="x745">648.43dp</dimen>
    <dimen name="x746">649.30dp</dimen>
    <dimen name="x747">650.17dp</dimen>
    <dimen name="x748">651.04dp</dimen>
    <dimen name="x749">651.91dp</dimen>
    <dimen name="x750">652.78dp</dimen>
    <dimen name="x751">653.65dp</dimen>
    <dimen name="x752">654.52dp</dimen>
    <dimen name="x753">655.39dp</dimen>
    <dimen name="x754">656.26dp</dimen>
    <dimen name="x755">657.13dp</dimen>
    <dimen name="x756">658.00dp</dimen>
    <dimen name="x757">658.87dp</dimen>
    <dimen name="x758">659.74dp</dimen>
    <dimen name="x759">660.61dp</dimen>
    <dimen name="x760">661.48dp</dimen>
    <dimen name="x761">662.35dp</dimen>
    <dimen name="x762">663.22dp</dimen>
    <dimen name="x763">664.09dp</dimen>
    <dimen name="x764">664.96dp</dimen>
    <dimen name="x765">665.83dp</dimen>
    <dimen name="x766">666.70dp</dimen>
    <dimen name="x767">667.57dp</dimen>
    <dimen name="x768">668.44dp</dimen>
    <dimen name="x769">669.31dp</dimen>
    <dimen name="x770">670.19dp</dimen>
    <dimen name="x771">671.06dp</dimen>
    <dimen name="x772">671.93dp</dimen>
    <dimen name="x773">672.80dp</dimen>
    <dimen name="x774">673.67dp</dimen>
    <dimen name="x775">674.54dp</dimen>
    <dimen name="x776">675.41dp</dimen>
    <dimen name="x777">676.28dp</dimen>
    <dimen name="x778">677.15dp</dimen>
    <dimen name="x779">678.02dp</dimen>
    <dimen name="x780">678.89dp</dimen>
    <dimen name="x781">679.76dp</dimen>
    <dimen name="x782">680.63dp</dimen>
    <dimen name="x783">681.50dp</dimen>
    <dimen name="x784">682.37dp</dimen>
    <dimen name="x785">683.24dp</dimen>
    <dimen name="x786">684.11dp</dimen>
    <dimen name="x787">684.98dp</dimen>
    <dimen name="x788">685.85dp</dimen>
    <dimen name="x789">686.72dp</dimen>
    <dimen name="x790">687.59dp</dimen>
    <dimen name="x791">688.46dp</dimen>
    <dimen name="x792">689.33dp</dimen>
    <dimen name="x793">690.20dp</dimen>
    <dimen name="x794">691.07dp</dimen>
    <dimen name="x795">691.94dp</dimen>
    <dimen name="x796">692.81dp</dimen>
    <dimen name="x797">693.69dp</dimen>
    <dimen name="x798">694.56dp</dimen>
    <dimen name="x799">695.43dp</dimen>
    <dimen name="x800">696.30dp</dimen>
    <dimen name="x801">697.17dp</dimen>
    <dimen name="x802">698.04dp</dimen>
    <dimen name="x803">698.91dp</dimen>
    <dimen name="x804">699.78dp</dimen>
    <dimen name="x805">700.65dp</dimen>
    <dimen name="x806">701.52dp</dimen>
    <dimen name="x807">702.39dp</dimen>
    <dimen name="x808">703.26dp</dimen>
    <dimen name="x809">704.13dp</dimen>
    <dimen name="x810">705.00dp</dimen>
    <dimen name="x811">705.87dp</dimen>
    <dimen name="x812">706.74dp</dimen>
    <dimen name="x813">707.61dp</dimen>
    <dimen name="x814">708.48dp</dimen>
    <dimen name="x815">709.35dp</dimen>
    <dimen name="x816">710.22dp</dimen>
    <dimen name="x817">711.09dp</dimen>
    <dimen name="x818">711.96dp</dimen>
    <dimen name="x819">712.83dp</dimen>
    <dimen name="x820">713.70dp</dimen>
    <dimen name="x821">714.57dp</dimen>
    <dimen name="x822">715.44dp</dimen>
    <dimen name="x823">716.31dp</dimen>
    <dimen name="x824">717.19dp</dimen>
    <dimen name="x825">718.06dp</dimen>
    <dimen name="x826">718.93dp</dimen>
    <dimen name="x827">719.80dp</dimen>
    <dimen name="x828">720.67dp</dimen>
    <dimen name="x829">721.54dp</dimen>
    <dimen name="x830">722.41dp</dimen>
    <dimen name="x831">723.28dp</dimen>
    <dimen name="x832">724.15dp</dimen>
    <dimen name="x833">725.02dp</dimen>
    <dimen name="x834">725.89dp</dimen>
    <dimen name="x835">726.76dp</dimen>
    <dimen name="x836">727.63dp</dimen>
    <dimen name="x837">728.50dp</dimen>
    <dimen name="x838">729.37dp</dimen>
    <dimen name="x839">730.24dp</dimen>
    <dimen name="x840">731.11dp</dimen>
    <dimen name="x841">731.98dp</dimen>
    <dimen name="x842">732.85dp</dimen>
    <dimen name="x843">733.72dp</dimen>
    <dimen name="x844">734.59dp</dimen>
    <dimen name="x845">735.46dp</dimen>
    <dimen name="x846">736.33dp</dimen>
    <dimen name="x847">737.20dp</dimen>
    <dimen name="x848">738.07dp</dimen>
    <dimen name="x849">738.94dp</dimen>
    <dimen name="x850">739.81dp</dimen>
    <dimen name="x851">740.69dp</dimen>
    <dimen name="x852">741.56dp</dimen>
    <dimen name="x853">742.43dp</dimen>
    <dimen name="x854">743.30dp</dimen>
    <dimen name="x855">744.17dp</dimen>
    <dimen name="x856">745.04dp</dimen>
    <dimen name="x857">745.91dp</dimen>
    <dimen name="x858">746.78dp</dimen>
    <dimen name="x859">747.65dp</dimen>
    <dimen name="x860">748.52dp</dimen>
    <dimen name="x861">749.39dp</dimen>
    <dimen name="x862">750.26dp</dimen>
    <dimen name="x863">751.13dp</dimen>
    <dimen name="x864">752.00dp</dimen>
    <dimen name="x865">752.87dp</dimen>
    <dimen name="x866">753.74dp</dimen>
    <dimen name="x867">754.61dp</dimen>
    <dimen name="x868">755.48dp</dimen>
    <dimen name="x869">756.35dp</dimen>
    <dimen name="x870">757.22dp</dimen>
    <dimen name="x871">758.09dp</dimen>
    <dimen name="x872">758.96dp</dimen>
    <dimen name="x873">759.83dp</dimen>
    <dimen name="x874">760.70dp</dimen>
    <dimen name="x875">761.57dp</dimen>
    <dimen name="x876">762.44dp</dimen>
    <dimen name="x877">763.31dp</dimen>
    <dimen name="x878">764.19dp</dimen>
    <dimen name="x879">765.06dp</dimen>
    <dimen name="x880">765.93dp</dimen>
    <dimen name="x881">766.80dp</dimen>
    <dimen name="x882">767.67dp</dimen>
    <dimen name="x883">768.54dp</dimen>
    <dimen name="x884">769.41dp</dimen>
    <dimen name="x885">770.28dp</dimen>
    <dimen name="x886">771.15dp</dimen>
    <dimen name="x887">772.02dp</dimen>
    <dimen name="x888">772.89dp</dimen>
    <dimen name="x889">773.76dp</dimen>
    <dimen name="x890">774.63dp</dimen>
    <dimen name="x891">775.50dp</dimen>
    <dimen name="x892">776.37dp</dimen>
    <dimen name="x893">777.24dp</dimen>
    <dimen name="x894">778.11dp</dimen>
    <dimen name="x895">778.98dp</dimen>
    <dimen name="x896">779.85dp</dimen>
    <dimen name="x897">780.72dp</dimen>
    <dimen name="x898">781.59dp</dimen>
    <dimen name="x899">782.46dp</dimen>
    <dimen name="x900">783.33dp</dimen>
    <dimen name="x901">784.20dp</dimen>
    <dimen name="x902">785.07dp</dimen>
    <dimen name="x903">785.94dp</dimen>
    <dimen name="x904">786.81dp</dimen>
    <dimen name="x905">787.69dp</dimen>
    <dimen name="x906">788.56dp</dimen>
    <dimen name="x907">789.43dp</dimen>
    <dimen name="x908">790.30dp</dimen>
    <dimen name="x909">791.17dp</dimen>
    <dimen name="x910">792.04dp</dimen>
    <dimen name="x911">792.91dp</dimen>
    <dimen name="x912">793.78dp</dimen>
    <dimen name="x913">794.65dp</dimen>
    <dimen name="x914">795.52dp</dimen>
    <dimen name="x915">796.39dp</dimen>
    <dimen name="x916">797.26dp</dimen>
    <dimen name="x917">798.13dp</dimen>
    <dimen name="x918">799.00dp</dimen>
    <dimen name="x919">799.87dp</dimen>
    <dimen name="x920">800.74dp</dimen>
    <dimen name="x921">801.61dp</dimen>
    <dimen name="x922">802.48dp</dimen>
    <dimen name="x923">803.35dp</dimen>
    <dimen name="x924">804.22dp</dimen>
    <dimen name="x925">805.09dp</dimen>
    <dimen name="x926">805.96dp</dimen>
    <dimen name="x927">806.83dp</dimen>
    <dimen name="x928">807.70dp</dimen>
    <dimen name="x929">808.57dp</dimen>
    <dimen name="x930">809.44dp</dimen>
    <dimen name="x931">810.31dp</dimen>
    <dimen name="x932">811.19dp</dimen>
    <dimen name="x933">812.06dp</dimen>
    <dimen name="x934">812.93dp</dimen>
    <dimen name="x935">813.80dp</dimen>
    <dimen name="x936">814.67dp</dimen>
    <dimen name="x937">815.54dp</dimen>
    <dimen name="x938">816.41dp</dimen>
    <dimen name="x939">817.28dp</dimen>
    <dimen name="x940">818.15dp</dimen>
    <dimen name="x941">819.02dp</dimen>
    <dimen name="x942">819.89dp</dimen>
    <dimen name="x943">820.76dp</dimen>
    <dimen name="x944">821.63dp</dimen>
    <dimen name="x945">822.50dp</dimen>
    <dimen name="x946">823.37dp</dimen>
    <dimen name="x947">824.24dp</dimen>
    <dimen name="x948">825.11dp</dimen>
    <dimen name="x949">825.98dp</dimen>
    <dimen name="x950">826.85dp</dimen>
    <dimen name="x951">827.72dp</dimen>
    <dimen name="x952">828.59dp</dimen>
    <dimen name="x953">829.46dp</dimen>
    <dimen name="x954">830.33dp</dimen>
    <dimen name="x955">831.20dp</dimen>
    <dimen name="x956">832.07dp</dimen>
    <dimen name="x957">832.94dp</dimen>
    <dimen name="x958">833.81dp</dimen>
    <dimen name="x959">834.69dp</dimen>
    <dimen name="x960">835.56dp</dimen>
    <dimen name="x961">836.43dp</dimen>
    <dimen name="x962">837.30dp</dimen>
    <dimen name="x963">838.17dp</dimen>
    <dimen name="x964">839.04dp</dimen>
    <dimen name="x965">839.91dp</dimen>
    <dimen name="x966">840.78dp</dimen>
    <dimen name="x967">841.65dp</dimen>
    <dimen name="x968">842.52dp</dimen>
    <dimen name="x969">843.39dp</dimen>
    <dimen name="x970">844.26dp</dimen>
    <dimen name="x971">845.13dp</dimen>
    <dimen name="x972">846.00dp</dimen>
    <dimen name="x973">846.87dp</dimen>
    <dimen name="x974">847.74dp</dimen>
    <dimen name="x975">848.61dp</dimen>
    <dimen name="x976">849.48dp</dimen>
    <dimen name="x977">850.35dp</dimen>
    <dimen name="x978">851.22dp</dimen>
    <dimen name="x979">852.09dp</dimen>
    <dimen name="x980">852.96dp</dimen>
    <dimen name="x981">853.83dp</dimen>
    <dimen name="x982">854.70dp</dimen>
    <dimen name="x983">855.57dp</dimen>
    <dimen name="x984">856.44dp</dimen>
    <dimen name="x985">857.31dp</dimen>
    <dimen name="x986">858.19dp</dimen>
    <dimen name="x987">859.06dp</dimen>
    <dimen name="x988">859.93dp</dimen>
    <dimen name="x989">860.80dp</dimen>
    <dimen name="x990">861.67dp</dimen>
    <dimen name="x991">862.54dp</dimen>
    <dimen name="x992">863.41dp</dimen>
    <dimen name="x993">864.28dp</dimen>
    <dimen name="x994">865.15dp</dimen>
    <dimen name="x995">866.02dp</dimen>
    <dimen name="x996">866.89dp</dimen>
    <dimen name="x997">867.76dp</dimen>
    <dimen name="x998">868.63dp</dimen>
    <dimen name="x999">869.50dp</dimen>
    <dimen name="x1000">870.37dp</dimen>
    <dimen name="x1001">871.24dp</dimen>
    <dimen name="x1002">872.11dp</dimen>
    <dimen name="x1003">872.98dp</dimen>
    <dimen name="x1004">873.85dp</dimen>
    <dimen name="x1005">874.72dp</dimen>
    <dimen name="x1006">875.59dp</dimen>
    <dimen name="x1007">876.46dp</dimen>
    <dimen name="x1008">877.33dp</dimen>
    <dimen name="x1009">878.20dp</dimen>
    <dimen name="x1010">879.07dp</dimen>
    <dimen name="x1011">879.94dp</dimen>
    <dimen name="x1012">880.81dp</dimen>
    <dimen name="x1013">881.69dp</dimen>
    <dimen name="x1014">882.56dp</dimen>
    <dimen name="x1015">883.43dp</dimen>
    <dimen name="x1016">884.30dp</dimen>
    <dimen name="x1017">885.17dp</dimen>
    <dimen name="x1018">886.04dp</dimen>
    <dimen name="x1019">886.91dp</dimen>
    <dimen name="x1020">887.78dp</dimen>
    <dimen name="x1021">888.65dp</dimen>
    <dimen name="x1022">889.52dp</dimen>
    <dimen name="x1023">890.39dp</dimen>
    <dimen name="x1024">891.26dp</dimen>
    <dimen name="x1025">892.13dp</dimen>
    <dimen name="x1026">893.00dp</dimen>
    <dimen name="x1027">893.87dp</dimen>
    <dimen name="x1028">894.74dp</dimen>
    <dimen name="x1029">895.61dp</dimen>
    <dimen name="x1030">896.48dp</dimen>
    <dimen name="x1031">897.35dp</dimen>
    <dimen name="x1032">898.22dp</dimen>
    <dimen name="x1033">899.09dp</dimen>
    <dimen name="x1034">899.96dp</dimen>
    <dimen name="x1035">900.83dp</dimen>
    <dimen name="x1036">901.70dp</dimen>
    <dimen name="x1037">902.57dp</dimen>
    <dimen name="x1038">903.44dp</dimen>
    <dimen name="x1039">904.31dp</dimen>
    <dimen name="x1040">905.19dp</dimen>
    <dimen name="x1041">906.06dp</dimen>
    <dimen name="x1042">906.93dp</dimen>
    <dimen name="x1043">907.80dp</dimen>
    <dimen name="x1044">908.67dp</dimen>
    <dimen name="x1045">909.54dp</dimen>
    <dimen name="x1046">910.41dp</dimen>
    <dimen name="x1047">911.28dp</dimen>
    <dimen name="x1048">912.15dp</dimen>
    <dimen name="x1049">913.02dp</dimen>
    <dimen name="x1050">913.89dp</dimen>
    <dimen name="x1051">914.76dp</dimen>
    <dimen name="x1052">915.63dp</dimen>
    <dimen name="x1053">916.50dp</dimen>
    <dimen name="x1054">917.37dp</dimen>
    <dimen name="x1055">918.24dp</dimen>
    <dimen name="x1056">919.11dp</dimen>
    <dimen name="x1057">919.98dp</dimen>
    <dimen name="x1058">920.85dp</dimen>
    <dimen name="x1059">921.72dp</dimen>
    <dimen name="x1060">922.59dp</dimen>
    <dimen name="x1061">923.46dp</dimen>
    <dimen name="x1062">924.33dp</dimen>
    <dimen name="x1063">925.20dp</dimen>
    <dimen name="x1064">926.07dp</dimen>
    <dimen name="x1065">926.94dp</dimen>
    <dimen name="x1066">927.81dp</dimen>
    <dimen name="x1067">928.69dp</dimen>
    <dimen name="x1068">929.56dp</dimen>
    <dimen name="x1069">930.43dp</dimen>
    <dimen name="x1070">931.30dp</dimen>
    <dimen name="x1071">932.17dp</dimen>
    <dimen name="x1072">933.04dp</dimen>
    <dimen name="x1073">933.91dp</dimen>
    <dimen name="x1074">934.78dp</dimen>
    <dimen name="x1075">935.65dp</dimen>
    <dimen name="x1076">936.52dp</dimen>
    <dimen name="x1077">937.39dp</dimen>
    <dimen name="x1078">938.26dp</dimen>
    <dimen name="x1079">939.13dp</dimen>
    <dimen name="x1080">940.00dp</dimen>
</resources>