<?xml version="1.0" encoding="utf-8"?>
<resources>
    <string name="sw_dp">780dp</string>
    <dimen name="x1">0.72dp</dimen>
    <dimen name="x2">1.44dp</dimen>
    <dimen name="x3">2.17dp</dimen>
    <dimen name="x4">2.89dp</dimen>
    <dimen name="x5">3.61dp</dimen>
    <dimen name="x6">4.33dp</dimen>
    <dimen name="x7">5.06dp</dimen>
    <dimen name="x8">5.78dp</dimen>
    <dimen name="x9">6.50dp</dimen>
    <dimen name="x10">7.22dp</dimen>
    <dimen name="x11">7.94dp</dimen>
    <dimen name="x12">8.67dp</dimen>
    <dimen name="x13">9.39dp</dimen>
    <dimen name="x14">10.11dp</dimen>
    <dimen name="x15">10.83dp</dimen>
    <dimen name="x16">11.56dp</dimen>
    <dimen name="x17">12.28dp</dimen>
    <dimen name="x18">13.00dp</dimen>
    <dimen name="x19">13.72dp</dimen>
    <dimen name="x20">14.44dp</dimen>
    <dimen name="x21">15.17dp</dimen>
    <dimen name="x22">15.89dp</dimen>
    <dimen name="x23">16.61dp</dimen>
    <dimen name="x24">17.33dp</dimen>
    <dimen name="x25">18.06dp</dimen>
    <dimen name="x26">18.78dp</dimen>
    <dimen name="x27">19.50dp</dimen>
    <dimen name="x28">20.22dp</dimen>
    <dimen name="x29">20.94dp</dimen>
    <dimen name="x30">21.67dp</dimen>
    <dimen name="x31">22.39dp</dimen>
    <dimen name="x32">23.11dp</dimen>
    <dimen name="x33">23.83dp</dimen>
    <dimen name="x34">24.56dp</dimen>
    <dimen name="x35">25.28dp</dimen>
    <dimen name="x36">26.00dp</dimen>
    <dimen name="x37">26.72dp</dimen>
    <dimen name="x38">27.44dp</dimen>
    <dimen name="x39">28.17dp</dimen>
    <dimen name="x40">28.89dp</dimen>
    <dimen name="x41">29.61dp</dimen>
    <dimen name="x42">30.33dp</dimen>
    <dimen name="x43">31.06dp</dimen>
    <dimen name="x44">31.78dp</dimen>
    <dimen name="x45">32.50dp</dimen>
    <dimen name="x46">33.22dp</dimen>
    <dimen name="x47">33.94dp</dimen>
    <dimen name="x48">34.67dp</dimen>
    <dimen name="x49">35.39dp</dimen>
    <dimen name="x50">36.11dp</dimen>
    <dimen name="x51">36.83dp</dimen>
    <dimen name="x52">37.56dp</dimen>
    <dimen name="x53">38.28dp</dimen>
    <dimen name="x54">39.00dp</dimen>
    <dimen name="x55">39.72dp</dimen>
    <dimen name="x56">40.44dp</dimen>
    <dimen name="x57">41.17dp</dimen>
    <dimen name="x58">41.89dp</dimen>
    <dimen name="x59">42.61dp</dimen>
    <dimen name="x60">43.33dp</dimen>
    <dimen name="x61">44.06dp</dimen>
    <dimen name="x62">44.78dp</dimen>
    <dimen name="x63">45.50dp</dimen>
    <dimen name="x64">46.22dp</dimen>
    <dimen name="x65">46.94dp</dimen>
    <dimen name="x66">47.67dp</dimen>
    <dimen name="x67">48.39dp</dimen>
    <dimen name="x68">49.11dp</dimen>
    <dimen name="x69">49.83dp</dimen>
    <dimen name="x70">50.56dp</dimen>
    <dimen name="x71">51.28dp</dimen>
    <dimen name="x72">52.00dp</dimen>
    <dimen name="x73">52.72dp</dimen>
    <dimen name="x74">53.44dp</dimen>
    <dimen name="x75">54.17dp</dimen>
    <dimen name="x76">54.89dp</dimen>
    <dimen name="x77">55.61dp</dimen>
    <dimen name="x78">56.33dp</dimen>
    <dimen name="x79">57.06dp</dimen>
    <dimen name="x80">57.78dp</dimen>
    <dimen name="x81">58.50dp</dimen>
    <dimen name="x82">59.22dp</dimen>
    <dimen name="x83">59.94dp</dimen>
    <dimen name="x84">60.67dp</dimen>
    <dimen name="x85">61.39dp</dimen>
    <dimen name="x86">62.11dp</dimen>
    <dimen name="x87">62.83dp</dimen>
    <dimen name="x88">63.56dp</dimen>
    <dimen name="x89">64.28dp</dimen>
    <dimen name="x90">65.00dp</dimen>
    <dimen name="x91">65.72dp</dimen>
    <dimen name="x92">66.44dp</dimen>
    <dimen name="x93">67.17dp</dimen>
    <dimen name="x94">67.89dp</dimen>
    <dimen name="x95">68.61dp</dimen>
    <dimen name="x96">69.33dp</dimen>
    <dimen name="x97">70.06dp</dimen>
    <dimen name="x98">70.78dp</dimen>
    <dimen name="x99">71.50dp</dimen>
    <dimen name="x100">72.22dp</dimen>
    <dimen name="x101">72.94dp</dimen>
    <dimen name="x102">73.67dp</dimen>
    <dimen name="x103">74.39dp</dimen>
    <dimen name="x104">75.11dp</dimen>
    <dimen name="x105">75.83dp</dimen>
    <dimen name="x106">76.56dp</dimen>
    <dimen name="x107">77.28dp</dimen>
    <dimen name="x108">78.00dp</dimen>
    <dimen name="x109">78.72dp</dimen>
    <dimen name="x110">79.44dp</dimen>
    <dimen name="x111">80.17dp</dimen>
    <dimen name="x112">80.89dp</dimen>
    <dimen name="x113">81.61dp</dimen>
    <dimen name="x114">82.33dp</dimen>
    <dimen name="x115">83.06dp</dimen>
    <dimen name="x116">83.78dp</dimen>
    <dimen name="x117">84.50dp</dimen>
    <dimen name="x118">85.22dp</dimen>
    <dimen name="x119">85.94dp</dimen>
    <dimen name="x120">86.67dp</dimen>
    <dimen name="x121">87.39dp</dimen>
    <dimen name="x122">88.11dp</dimen>
    <dimen name="x123">88.83dp</dimen>
    <dimen name="x124">89.56dp</dimen>
    <dimen name="x125">90.28dp</dimen>
    <dimen name="x126">91.00dp</dimen>
    <dimen name="x127">91.72dp</dimen>
    <dimen name="x128">92.44dp</dimen>
    <dimen name="x129">93.17dp</dimen>
    <dimen name="x130">93.89dp</dimen>
    <dimen name="x131">94.61dp</dimen>
    <dimen name="x132">95.33dp</dimen>
    <dimen name="x133">96.06dp</dimen>
    <dimen name="x134">96.78dp</dimen>
    <dimen name="x135">97.50dp</dimen>
    <dimen name="x136">98.22dp</dimen>
    <dimen name="x137">98.94dp</dimen>
    <dimen name="x138">99.67dp</dimen>
    <dimen name="x139">100.39dp</dimen>
    <dimen name="x140">101.11dp</dimen>
    <dimen name="x141">101.83dp</dimen>
    <dimen name="x142">102.56dp</dimen>
    <dimen name="x143">103.28dp</dimen>
    <dimen name="x144">104.00dp</dimen>
    <dimen name="x145">104.72dp</dimen>
    <dimen name="x146">105.44dp</dimen>
    <dimen name="x147">106.17dp</dimen>
    <dimen name="x148">106.89dp</dimen>
    <dimen name="x149">107.61dp</dimen>
    <dimen name="x150">108.33dp</dimen>
    <dimen name="x151">109.06dp</dimen>
    <dimen name="x152">109.78dp</dimen>
    <dimen name="x153">110.50dp</dimen>
    <dimen name="x154">111.22dp</dimen>
    <dimen name="x155">111.94dp</dimen>
    <dimen name="x156">112.67dp</dimen>
    <dimen name="x157">113.39dp</dimen>
    <dimen name="x158">114.11dp</dimen>
    <dimen name="x159">114.83dp</dimen>
    <dimen name="x160">115.56dp</dimen>
    <dimen name="x161">116.28dp</dimen>
    <dimen name="x162">117.00dp</dimen>
    <dimen name="x163">117.72dp</dimen>
    <dimen name="x164">118.44dp</dimen>
    <dimen name="x165">119.17dp</dimen>
    <dimen name="x166">119.89dp</dimen>
    <dimen name="x167">120.61dp</dimen>
    <dimen name="x168">121.33dp</dimen>
    <dimen name="x169">122.06dp</dimen>
    <dimen name="x170">122.78dp</dimen>
    <dimen name="x171">123.50dp</dimen>
    <dimen name="x172">124.22dp</dimen>
    <dimen name="x173">124.94dp</dimen>
    <dimen name="x174">125.67dp</dimen>
    <dimen name="x175">126.39dp</dimen>
    <dimen name="x176">127.11dp</dimen>
    <dimen name="x177">127.83dp</dimen>
    <dimen name="x178">128.56dp</dimen>
    <dimen name="x179">129.28dp</dimen>
    <dimen name="x180">130.00dp</dimen>
    <dimen name="x181">130.72dp</dimen>
    <dimen name="x182">131.44dp</dimen>
    <dimen name="x183">132.17dp</dimen>
    <dimen name="x184">132.89dp</dimen>
    <dimen name="x185">133.61dp</dimen>
    <dimen name="x186">134.33dp</dimen>
    <dimen name="x187">135.06dp</dimen>
    <dimen name="x188">135.78dp</dimen>
    <dimen name="x189">136.50dp</dimen>
    <dimen name="x190">137.22dp</dimen>
    <dimen name="x191">137.94dp</dimen>
    <dimen name="x192">138.67dp</dimen>
    <dimen name="x193">139.39dp</dimen>
    <dimen name="x194">140.11dp</dimen>
    <dimen name="x195">140.83dp</dimen>
    <dimen name="x196">141.56dp</dimen>
    <dimen name="x197">142.28dp</dimen>
    <dimen name="x198">143.00dp</dimen>
    <dimen name="x199">143.72dp</dimen>
    <dimen name="x200">144.44dp</dimen>
    <dimen name="x201">145.17dp</dimen>
    <dimen name="x202">145.89dp</dimen>
    <dimen name="x203">146.61dp</dimen>
    <dimen name="x204">147.33dp</dimen>
    <dimen name="x205">148.06dp</dimen>
    <dimen name="x206">148.78dp</dimen>
    <dimen name="x207">149.50dp</dimen>
    <dimen name="x208">150.22dp</dimen>
    <dimen name="x209">150.94dp</dimen>
    <dimen name="x210">151.67dp</dimen>
    <dimen name="x211">152.39dp</dimen>
    <dimen name="x212">153.11dp</dimen>
    <dimen name="x213">153.83dp</dimen>
    <dimen name="x214">154.56dp</dimen>
    <dimen name="x215">155.28dp</dimen>
    <dimen name="x216">156.00dp</dimen>
    <dimen name="x217">156.72dp</dimen>
    <dimen name="x218">157.44dp</dimen>
    <dimen name="x219">158.17dp</dimen>
    <dimen name="x220">158.89dp</dimen>
    <dimen name="x221">159.61dp</dimen>
    <dimen name="x222">160.33dp</dimen>
    <dimen name="x223">161.06dp</dimen>
    <dimen name="x224">161.78dp</dimen>
    <dimen name="x225">162.50dp</dimen>
    <dimen name="x226">163.22dp</dimen>
    <dimen name="x227">163.94dp</dimen>
    <dimen name="x228">164.67dp</dimen>
    <dimen name="x229">165.39dp</dimen>
    <dimen name="x230">166.11dp</dimen>
    <dimen name="x231">166.83dp</dimen>
    <dimen name="x232">167.56dp</dimen>
    <dimen name="x233">168.28dp</dimen>
    <dimen name="x234">169.00dp</dimen>
    <dimen name="x235">169.72dp</dimen>
    <dimen name="x236">170.44dp</dimen>
    <dimen name="x237">171.17dp</dimen>
    <dimen name="x238">171.89dp</dimen>
    <dimen name="x239">172.61dp</dimen>
    <dimen name="x240">173.33dp</dimen>
    <dimen name="x241">174.06dp</dimen>
    <dimen name="x242">174.78dp</dimen>
    <dimen name="x243">175.50dp</dimen>
    <dimen name="x244">176.22dp</dimen>
    <dimen name="x245">176.94dp</dimen>
    <dimen name="x246">177.67dp</dimen>
    <dimen name="x247">178.39dp</dimen>
    <dimen name="x248">179.11dp</dimen>
    <dimen name="x249">179.83dp</dimen>
    <dimen name="x250">180.56dp</dimen>
    <dimen name="x251">181.28dp</dimen>
    <dimen name="x252">182.00dp</dimen>
    <dimen name="x253">182.72dp</dimen>
    <dimen name="x254">183.44dp</dimen>
    <dimen name="x255">184.17dp</dimen>
    <dimen name="x256">184.89dp</dimen>
    <dimen name="x257">185.61dp</dimen>
    <dimen name="x258">186.33dp</dimen>
    <dimen name="x259">187.06dp</dimen>
    <dimen name="x260">187.78dp</dimen>
    <dimen name="x261">188.50dp</dimen>
    <dimen name="x262">189.22dp</dimen>
    <dimen name="x263">189.94dp</dimen>
    <dimen name="x264">190.67dp</dimen>
    <dimen name="x265">191.39dp</dimen>
    <dimen name="x266">192.11dp</dimen>
    <dimen name="x267">192.83dp</dimen>
    <dimen name="x268">193.56dp</dimen>
    <dimen name="x269">194.28dp</dimen>
    <dimen name="x270">195.00dp</dimen>
    <dimen name="x271">195.72dp</dimen>
    <dimen name="x272">196.44dp</dimen>
    <dimen name="x273">197.17dp</dimen>
    <dimen name="x274">197.89dp</dimen>
    <dimen name="x275">198.61dp</dimen>
    <dimen name="x276">199.33dp</dimen>
    <dimen name="x277">200.06dp</dimen>
    <dimen name="x278">200.78dp</dimen>
    <dimen name="x279">201.50dp</dimen>
    <dimen name="x280">202.22dp</dimen>
    <dimen name="x281">202.94dp</dimen>
    <dimen name="x282">203.67dp</dimen>
    <dimen name="x283">204.39dp</dimen>
    <dimen name="x284">205.11dp</dimen>
    <dimen name="x285">205.83dp</dimen>
    <dimen name="x286">206.56dp</dimen>
    <dimen name="x287">207.28dp</dimen>
    <dimen name="x288">208.00dp</dimen>
    <dimen name="x289">208.72dp</dimen>
    <dimen name="x290">209.44dp</dimen>
    <dimen name="x291">210.17dp</dimen>
    <dimen name="x292">210.89dp</dimen>
    <dimen name="x293">211.61dp</dimen>
    <dimen name="x294">212.33dp</dimen>
    <dimen name="x295">213.06dp</dimen>
    <dimen name="x296">213.78dp</dimen>
    <dimen name="x297">214.50dp</dimen>
    <dimen name="x298">215.22dp</dimen>
    <dimen name="x299">215.94dp</dimen>
    <dimen name="x300">216.67dp</dimen>
    <dimen name="x301">217.39dp</dimen>
    <dimen name="x302">218.11dp</dimen>
    <dimen name="x303">218.83dp</dimen>
    <dimen name="x304">219.56dp</dimen>
    <dimen name="x305">220.28dp</dimen>
    <dimen name="x306">221.00dp</dimen>
    <dimen name="x307">221.72dp</dimen>
    <dimen name="x308">222.44dp</dimen>
    <dimen name="x309">223.17dp</dimen>
    <dimen name="x310">223.89dp</dimen>
    <dimen name="x311">224.61dp</dimen>
    <dimen name="x312">225.33dp</dimen>
    <dimen name="x313">226.06dp</dimen>
    <dimen name="x314">226.78dp</dimen>
    <dimen name="x315">227.50dp</dimen>
    <dimen name="x316">228.22dp</dimen>
    <dimen name="x317">228.94dp</dimen>
    <dimen name="x318">229.67dp</dimen>
    <dimen name="x319">230.39dp</dimen>
    <dimen name="x320">231.11dp</dimen>
    <dimen name="x321">231.83dp</dimen>
    <dimen name="x322">232.56dp</dimen>
    <dimen name="x323">233.28dp</dimen>
    <dimen name="x324">234.00dp</dimen>
    <dimen name="x325">234.72dp</dimen>
    <dimen name="x326">235.44dp</dimen>
    <dimen name="x327">236.17dp</dimen>
    <dimen name="x328">236.89dp</dimen>
    <dimen name="x329">237.61dp</dimen>
    <dimen name="x330">238.33dp</dimen>
    <dimen name="x331">239.06dp</dimen>
    <dimen name="x332">239.78dp</dimen>
    <dimen name="x333">240.50dp</dimen>
    <dimen name="x334">241.22dp</dimen>
    <dimen name="x335">241.94dp</dimen>
    <dimen name="x336">242.67dp</dimen>
    <dimen name="x337">243.39dp</dimen>
    <dimen name="x338">244.11dp</dimen>
    <dimen name="x339">244.83dp</dimen>
    <dimen name="x340">245.56dp</dimen>
    <dimen name="x341">246.28dp</dimen>
    <dimen name="x342">247.00dp</dimen>
    <dimen name="x343">247.72dp</dimen>
    <dimen name="x344">248.44dp</dimen>
    <dimen name="x345">249.17dp</dimen>
    <dimen name="x346">249.89dp</dimen>
    <dimen name="x347">250.61dp</dimen>
    <dimen name="x348">251.33dp</dimen>
    <dimen name="x349">252.06dp</dimen>
    <dimen name="x350">252.78dp</dimen>
    <dimen name="x351">253.50dp</dimen>
    <dimen name="x352">254.22dp</dimen>
    <dimen name="x353">254.94dp</dimen>
    <dimen name="x354">255.67dp</dimen>
    <dimen name="x355">256.39dp</dimen>
    <dimen name="x356">257.11dp</dimen>
    <dimen name="x357">257.83dp</dimen>
    <dimen name="x358">258.56dp</dimen>
    <dimen name="x359">259.28dp</dimen>
    <dimen name="x360">260.00dp</dimen>
    <dimen name="x361">260.72dp</dimen>
    <dimen name="x362">261.44dp</dimen>
    <dimen name="x363">262.17dp</dimen>
    <dimen name="x364">262.89dp</dimen>
    <dimen name="x365">263.61dp</dimen>
    <dimen name="x366">264.33dp</dimen>
    <dimen name="x367">265.06dp</dimen>
    <dimen name="x368">265.78dp</dimen>
    <dimen name="x369">266.50dp</dimen>
    <dimen name="x370">267.22dp</dimen>
    <dimen name="x371">267.94dp</dimen>
    <dimen name="x372">268.67dp</dimen>
    <dimen name="x373">269.39dp</dimen>
    <dimen name="x374">270.11dp</dimen>
    <dimen name="x375">270.83dp</dimen>
    <dimen name="x376">271.56dp</dimen>
    <dimen name="x377">272.28dp</dimen>
    <dimen name="x378">273.00dp</dimen>
    <dimen name="x379">273.72dp</dimen>
    <dimen name="x380">274.44dp</dimen>
    <dimen name="x381">275.17dp</dimen>
    <dimen name="x382">275.89dp</dimen>
    <dimen name="x383">276.61dp</dimen>
    <dimen name="x384">277.33dp</dimen>
    <dimen name="x385">278.06dp</dimen>
    <dimen name="x386">278.78dp</dimen>
    <dimen name="x387">279.50dp</dimen>
    <dimen name="x388">280.22dp</dimen>
    <dimen name="x389">280.94dp</dimen>
    <dimen name="x390">281.67dp</dimen>
    <dimen name="x391">282.39dp</dimen>
    <dimen name="x392">283.11dp</dimen>
    <dimen name="x393">283.83dp</dimen>
    <dimen name="x394">284.56dp</dimen>
    <dimen name="x395">285.28dp</dimen>
    <dimen name="x396">286.00dp</dimen>
    <dimen name="x397">286.72dp</dimen>
    <dimen name="x398">287.44dp</dimen>
    <dimen name="x399">288.17dp</dimen>
    <dimen name="x400">288.89dp</dimen>
    <dimen name="x401">289.61dp</dimen>
    <dimen name="x402">290.33dp</dimen>
    <dimen name="x403">291.06dp</dimen>
    <dimen name="x404">291.78dp</dimen>
    <dimen name="x405">292.50dp</dimen>
    <dimen name="x406">293.22dp</dimen>
    <dimen name="x407">293.94dp</dimen>
    <dimen name="x408">294.67dp</dimen>
    <dimen name="x409">295.39dp</dimen>
    <dimen name="x410">296.11dp</dimen>
    <dimen name="x411">296.83dp</dimen>
    <dimen name="x412">297.56dp</dimen>
    <dimen name="x413">298.28dp</dimen>
    <dimen name="x414">299.00dp</dimen>
    <dimen name="x415">299.72dp</dimen>
    <dimen name="x416">300.44dp</dimen>
    <dimen name="x417">301.17dp</dimen>
    <dimen name="x418">301.89dp</dimen>
    <dimen name="x419">302.61dp</dimen>
    <dimen name="x420">303.33dp</dimen>
    <dimen name="x421">304.06dp</dimen>
    <dimen name="x422">304.78dp</dimen>
    <dimen name="x423">305.50dp</dimen>
    <dimen name="x424">306.22dp</dimen>
    <dimen name="x425">306.94dp</dimen>
    <dimen name="x426">307.67dp</dimen>
    <dimen name="x427">308.39dp</dimen>
    <dimen name="x428">309.11dp</dimen>
    <dimen name="x429">309.83dp</dimen>
    <dimen name="x430">310.56dp</dimen>
    <dimen name="x431">311.28dp</dimen>
    <dimen name="x432">312.00dp</dimen>
    <dimen name="x433">312.72dp</dimen>
    <dimen name="x434">313.44dp</dimen>
    <dimen name="x435">314.17dp</dimen>
    <dimen name="x436">314.89dp</dimen>
    <dimen name="x437">315.61dp</dimen>
    <dimen name="x438">316.33dp</dimen>
    <dimen name="x439">317.06dp</dimen>
    <dimen name="x440">317.78dp</dimen>
    <dimen name="x441">318.50dp</dimen>
    <dimen name="x442">319.22dp</dimen>
    <dimen name="x443">319.94dp</dimen>
    <dimen name="x444">320.67dp</dimen>
    <dimen name="x445">321.39dp</dimen>
    <dimen name="x446">322.11dp</dimen>
    <dimen name="x447">322.83dp</dimen>
    <dimen name="x448">323.56dp</dimen>
    <dimen name="x449">324.28dp</dimen>
    <dimen name="x450">325.00dp</dimen>
    <dimen name="x451">325.72dp</dimen>
    <dimen name="x452">326.44dp</dimen>
    <dimen name="x453">327.17dp</dimen>
    <dimen name="x454">327.89dp</dimen>
    <dimen name="x455">328.61dp</dimen>
    <dimen name="x456">329.33dp</dimen>
    <dimen name="x457">330.06dp</dimen>
    <dimen name="x458">330.78dp</dimen>
    <dimen name="x459">331.50dp</dimen>
    <dimen name="x460">332.22dp</dimen>
    <dimen name="x461">332.94dp</dimen>
    <dimen name="x462">333.67dp</dimen>
    <dimen name="x463">334.39dp</dimen>
    <dimen name="x464">335.11dp</dimen>
    <dimen name="x465">335.83dp</dimen>
    <dimen name="x466">336.56dp</dimen>
    <dimen name="x467">337.28dp</dimen>
    <dimen name="x468">338.00dp</dimen>
    <dimen name="x469">338.72dp</dimen>
    <dimen name="x470">339.44dp</dimen>
    <dimen name="x471">340.17dp</dimen>
    <dimen name="x472">340.89dp</dimen>
    <dimen name="x473">341.61dp</dimen>
    <dimen name="x474">342.33dp</dimen>
    <dimen name="x475">343.06dp</dimen>
    <dimen name="x476">343.78dp</dimen>
    <dimen name="x477">344.50dp</dimen>
    <dimen name="x478">345.22dp</dimen>
    <dimen name="x479">345.94dp</dimen>
    <dimen name="x480">346.67dp</dimen>
    <dimen name="x481">347.39dp</dimen>
    <dimen name="x482">348.11dp</dimen>
    <dimen name="x483">348.83dp</dimen>
    <dimen name="x484">349.56dp</dimen>
    <dimen name="x485">350.28dp</dimen>
    <dimen name="x486">351.00dp</dimen>
    <dimen name="x487">351.72dp</dimen>
    <dimen name="x488">352.44dp</dimen>
    <dimen name="x489">353.17dp</dimen>
    <dimen name="x490">353.89dp</dimen>
    <dimen name="x491">354.61dp</dimen>
    <dimen name="x492">355.33dp</dimen>
    <dimen name="x493">356.06dp</dimen>
    <dimen name="x494">356.78dp</dimen>
    <dimen name="x495">357.50dp</dimen>
    <dimen name="x496">358.22dp</dimen>
    <dimen name="x497">358.94dp</dimen>
    <dimen name="x498">359.67dp</dimen>
    <dimen name="x499">360.39dp</dimen>
    <dimen name="x500">361.11dp</dimen>
    <dimen name="x501">361.83dp</dimen>
    <dimen name="x502">362.56dp</dimen>
    <dimen name="x503">363.28dp</dimen>
    <dimen name="x504">364.00dp</dimen>
    <dimen name="x505">364.72dp</dimen>
    <dimen name="x506">365.44dp</dimen>
    <dimen name="x507">366.17dp</dimen>
    <dimen name="x508">366.89dp</dimen>
    <dimen name="x509">367.61dp</dimen>
    <dimen name="x510">368.33dp</dimen>
    <dimen name="x511">369.06dp</dimen>
    <dimen name="x512">369.78dp</dimen>
    <dimen name="x513">370.50dp</dimen>
    <dimen name="x514">371.22dp</dimen>
    <dimen name="x515">371.94dp</dimen>
    <dimen name="x516">372.67dp</dimen>
    <dimen name="x517">373.39dp</dimen>
    <dimen name="x518">374.11dp</dimen>
    <dimen name="x519">374.83dp</dimen>
    <dimen name="x520">375.56dp</dimen>
    <dimen name="x521">376.28dp</dimen>
    <dimen name="x522">377.00dp</dimen>
    <dimen name="x523">377.72dp</dimen>
    <dimen name="x524">378.44dp</dimen>
    <dimen name="x525">379.17dp</dimen>
    <dimen name="x526">379.89dp</dimen>
    <dimen name="x527">380.61dp</dimen>
    <dimen name="x528">381.33dp</dimen>
    <dimen name="x529">382.06dp</dimen>
    <dimen name="x530">382.78dp</dimen>
    <dimen name="x531">383.50dp</dimen>
    <dimen name="x532">384.22dp</dimen>
    <dimen name="x533">384.94dp</dimen>
    <dimen name="x534">385.67dp</dimen>
    <dimen name="x535">386.39dp</dimen>
    <dimen name="x536">387.11dp</dimen>
    <dimen name="x537">387.83dp</dimen>
    <dimen name="x538">388.56dp</dimen>
    <dimen name="x539">389.28dp</dimen>
    <dimen name="x540">390.00dp</dimen>
    <dimen name="x541">390.72dp</dimen>
    <dimen name="x542">391.44dp</dimen>
    <dimen name="x543">392.17dp</dimen>
    <dimen name="x544">392.89dp</dimen>
    <dimen name="x545">393.61dp</dimen>
    <dimen name="x546">394.33dp</dimen>
    <dimen name="x547">395.06dp</dimen>
    <dimen name="x548">395.78dp</dimen>
    <dimen name="x549">396.50dp</dimen>
    <dimen name="x550">397.22dp</dimen>
    <dimen name="x551">397.94dp</dimen>
    <dimen name="x552">398.67dp</dimen>
    <dimen name="x553">399.39dp</dimen>
    <dimen name="x554">400.11dp</dimen>
    <dimen name="x555">400.83dp</dimen>
    <dimen name="x556">401.56dp</dimen>
    <dimen name="x557">402.28dp</dimen>
    <dimen name="x558">403.00dp</dimen>
    <dimen name="x559">403.72dp</dimen>
    <dimen name="x560">404.44dp</dimen>
    <dimen name="x561">405.17dp</dimen>
    <dimen name="x562">405.89dp</dimen>
    <dimen name="x563">406.61dp</dimen>
    <dimen name="x564">407.33dp</dimen>
    <dimen name="x565">408.06dp</dimen>
    <dimen name="x566">408.78dp</dimen>
    <dimen name="x567">409.50dp</dimen>
    <dimen name="x568">410.22dp</dimen>
    <dimen name="x569">410.94dp</dimen>
    <dimen name="x570">411.67dp</dimen>
    <dimen name="x571">412.39dp</dimen>
    <dimen name="x572">413.11dp</dimen>
    <dimen name="x573">413.83dp</dimen>
    <dimen name="x574">414.56dp</dimen>
    <dimen name="x575">415.28dp</dimen>
    <dimen name="x576">416.00dp</dimen>
    <dimen name="x577">416.72dp</dimen>
    <dimen name="x578">417.44dp</dimen>
    <dimen name="x579">418.17dp</dimen>
    <dimen name="x580">418.89dp</dimen>
    <dimen name="x581">419.61dp</dimen>
    <dimen name="x582">420.33dp</dimen>
    <dimen name="x583">421.06dp</dimen>
    <dimen name="x584">421.78dp</dimen>
    <dimen name="x585">422.50dp</dimen>
    <dimen name="x586">423.22dp</dimen>
    <dimen name="x587">423.94dp</dimen>
    <dimen name="x588">424.67dp</dimen>
    <dimen name="x589">425.39dp</dimen>
    <dimen name="x590">426.11dp</dimen>
    <dimen name="x591">426.83dp</dimen>
    <dimen name="x592">427.56dp</dimen>
    <dimen name="x593">428.28dp</dimen>
    <dimen name="x594">429.00dp</dimen>
    <dimen name="x595">429.72dp</dimen>
    <dimen name="x596">430.44dp</dimen>
    <dimen name="x597">431.17dp</dimen>
    <dimen name="x598">431.89dp</dimen>
    <dimen name="x599">432.61dp</dimen>
    <dimen name="x600">433.33dp</dimen>
    <dimen name="x601">434.06dp</dimen>
    <dimen name="x602">434.78dp</dimen>
    <dimen name="x603">435.50dp</dimen>
    <dimen name="x604">436.22dp</dimen>
    <dimen name="x605">436.94dp</dimen>
    <dimen name="x606">437.67dp</dimen>
    <dimen name="x607">438.39dp</dimen>
    <dimen name="x608">439.11dp</dimen>
    <dimen name="x609">439.83dp</dimen>
    <dimen name="x610">440.56dp</dimen>
    <dimen name="x611">441.28dp</dimen>
    <dimen name="x612">442.00dp</dimen>
    <dimen name="x613">442.72dp</dimen>
    <dimen name="x614">443.44dp</dimen>
    <dimen name="x615">444.17dp</dimen>
    <dimen name="x616">444.89dp</dimen>
    <dimen name="x617">445.61dp</dimen>
    <dimen name="x618">446.33dp</dimen>
    <dimen name="x619">447.06dp</dimen>
    <dimen name="x620">447.78dp</dimen>
    <dimen name="x621">448.50dp</dimen>
    <dimen name="x622">449.22dp</dimen>
    <dimen name="x623">449.94dp</dimen>
    <dimen name="x624">450.67dp</dimen>
    <dimen name="x625">451.39dp</dimen>
    <dimen name="x626">452.11dp</dimen>
    <dimen name="x627">452.83dp</dimen>
    <dimen name="x628">453.56dp</dimen>
    <dimen name="x629">454.28dp</dimen>
    <dimen name="x630">455.00dp</dimen>
    <dimen name="x631">455.72dp</dimen>
    <dimen name="x632">456.44dp</dimen>
    <dimen name="x633">457.17dp</dimen>
    <dimen name="x634">457.89dp</dimen>
    <dimen name="x635">458.61dp</dimen>
    <dimen name="x636">459.33dp</dimen>
    <dimen name="x637">460.06dp</dimen>
    <dimen name="x638">460.78dp</dimen>
    <dimen name="x639">461.50dp</dimen>
    <dimen name="x640">462.22dp</dimen>
    <dimen name="x641">462.94dp</dimen>
    <dimen name="x642">463.67dp</dimen>
    <dimen name="x643">464.39dp</dimen>
    <dimen name="x644">465.11dp</dimen>
    <dimen name="x645">465.83dp</dimen>
    <dimen name="x646">466.56dp</dimen>
    <dimen name="x647">467.28dp</dimen>
    <dimen name="x648">468.00dp</dimen>
    <dimen name="x649">468.72dp</dimen>
    <dimen name="x650">469.44dp</dimen>
    <dimen name="x651">470.17dp</dimen>
    <dimen name="x652">470.89dp</dimen>
    <dimen name="x653">471.61dp</dimen>
    <dimen name="x654">472.33dp</dimen>
    <dimen name="x655">473.06dp</dimen>
    <dimen name="x656">473.78dp</dimen>
    <dimen name="x657">474.50dp</dimen>
    <dimen name="x658">475.22dp</dimen>
    <dimen name="x659">475.94dp</dimen>
    <dimen name="x660">476.67dp</dimen>
    <dimen name="x661">477.39dp</dimen>
    <dimen name="x662">478.11dp</dimen>
    <dimen name="x663">478.83dp</dimen>
    <dimen name="x664">479.56dp</dimen>
    <dimen name="x665">480.28dp</dimen>
    <dimen name="x666">481.00dp</dimen>
    <dimen name="x667">481.72dp</dimen>
    <dimen name="x668">482.44dp</dimen>
    <dimen name="x669">483.17dp</dimen>
    <dimen name="x670">483.89dp</dimen>
    <dimen name="x671">484.61dp</dimen>
    <dimen name="x672">485.33dp</dimen>
    <dimen name="x673">486.06dp</dimen>
    <dimen name="x674">486.78dp</dimen>
    <dimen name="x675">487.50dp</dimen>
    <dimen name="x676">488.22dp</dimen>
    <dimen name="x677">488.94dp</dimen>
    <dimen name="x678">489.67dp</dimen>
    <dimen name="x679">490.39dp</dimen>
    <dimen name="x680">491.11dp</dimen>
    <dimen name="x681">491.83dp</dimen>
    <dimen name="x682">492.56dp</dimen>
    <dimen name="x683">493.28dp</dimen>
    <dimen name="x684">494.00dp</dimen>
    <dimen name="x685">494.72dp</dimen>
    <dimen name="x686">495.44dp</dimen>
    <dimen name="x687">496.17dp</dimen>
    <dimen name="x688">496.89dp</dimen>
    <dimen name="x689">497.61dp</dimen>
    <dimen name="x690">498.33dp</dimen>
    <dimen name="x691">499.06dp</dimen>
    <dimen name="x692">499.78dp</dimen>
    <dimen name="x693">500.50dp</dimen>
    <dimen name="x694">501.22dp</dimen>
    <dimen name="x695">501.94dp</dimen>
    <dimen name="x696">502.67dp</dimen>
    <dimen name="x697">503.39dp</dimen>
    <dimen name="x698">504.11dp</dimen>
    <dimen name="x699">504.83dp</dimen>
    <dimen name="x700">505.56dp</dimen>
    <dimen name="x701">506.28dp</dimen>
    <dimen name="x702">507.00dp</dimen>
    <dimen name="x703">507.72dp</dimen>
    <dimen name="x704">508.44dp</dimen>
    <dimen name="x705">509.17dp</dimen>
    <dimen name="x706">509.89dp</dimen>
    <dimen name="x707">510.61dp</dimen>
    <dimen name="x708">511.33dp</dimen>
    <dimen name="x709">512.06dp</dimen>
    <dimen name="x710">512.78dp</dimen>
    <dimen name="x711">513.50dp</dimen>
    <dimen name="x712">514.22dp</dimen>
    <dimen name="x713">514.94dp</dimen>
    <dimen name="x714">515.67dp</dimen>
    <dimen name="x715">516.39dp</dimen>
    <dimen name="x716">517.11dp</dimen>
    <dimen name="x717">517.83dp</dimen>
    <dimen name="x718">518.56dp</dimen>
    <dimen name="x719">519.28dp</dimen>
    <dimen name="x720">520.00dp</dimen>
    <dimen name="x721">520.72dp</dimen>
    <dimen name="x722">521.44dp</dimen>
    <dimen name="x723">522.17dp</dimen>
    <dimen name="x724">522.89dp</dimen>
    <dimen name="x725">523.61dp</dimen>
    <dimen name="x726">524.33dp</dimen>
    <dimen name="x727">525.06dp</dimen>
    <dimen name="x728">525.78dp</dimen>
    <dimen name="x729">526.50dp</dimen>
    <dimen name="x730">527.22dp</dimen>
    <dimen name="x731">527.94dp</dimen>
    <dimen name="x732">528.67dp</dimen>
    <dimen name="x733">529.39dp</dimen>
    <dimen name="x734">530.11dp</dimen>
    <dimen name="x735">530.83dp</dimen>
    <dimen name="x736">531.56dp</dimen>
    <dimen name="x737">532.28dp</dimen>
    <dimen name="x738">533.00dp</dimen>
    <dimen name="x739">533.72dp</dimen>
    <dimen name="x740">534.44dp</dimen>
    <dimen name="x741">535.17dp</dimen>
    <dimen name="x742">535.89dp</dimen>
    <dimen name="x743">536.61dp</dimen>
    <dimen name="x744">537.33dp</dimen>
    <dimen name="x745">538.06dp</dimen>
    <dimen name="x746">538.78dp</dimen>
    <dimen name="x747">539.50dp</dimen>
    <dimen name="x748">540.22dp</dimen>
    <dimen name="x749">540.94dp</dimen>
    <dimen name="x750">541.67dp</dimen>
    <dimen name="x751">542.39dp</dimen>
    <dimen name="x752">543.11dp</dimen>
    <dimen name="x753">543.83dp</dimen>
    <dimen name="x754">544.56dp</dimen>
    <dimen name="x755">545.28dp</dimen>
    <dimen name="x756">546.00dp</dimen>
    <dimen name="x757">546.72dp</dimen>
    <dimen name="x758">547.44dp</dimen>
    <dimen name="x759">548.17dp</dimen>
    <dimen name="x760">548.89dp</dimen>
    <dimen name="x761">549.61dp</dimen>
    <dimen name="x762">550.33dp</dimen>
    <dimen name="x763">551.06dp</dimen>
    <dimen name="x764">551.78dp</dimen>
    <dimen name="x765">552.50dp</dimen>
    <dimen name="x766">553.22dp</dimen>
    <dimen name="x767">553.94dp</dimen>
    <dimen name="x768">554.67dp</dimen>
    <dimen name="x769">555.39dp</dimen>
    <dimen name="x770">556.11dp</dimen>
    <dimen name="x771">556.83dp</dimen>
    <dimen name="x772">557.56dp</dimen>
    <dimen name="x773">558.28dp</dimen>
    <dimen name="x774">559.00dp</dimen>
    <dimen name="x775">559.72dp</dimen>
    <dimen name="x776">560.44dp</dimen>
    <dimen name="x777">561.17dp</dimen>
    <dimen name="x778">561.89dp</dimen>
    <dimen name="x779">562.61dp</dimen>
    <dimen name="x780">563.33dp</dimen>
    <dimen name="x781">564.06dp</dimen>
    <dimen name="x782">564.78dp</dimen>
    <dimen name="x783">565.50dp</dimen>
    <dimen name="x784">566.22dp</dimen>
    <dimen name="x785">566.94dp</dimen>
    <dimen name="x786">567.67dp</dimen>
    <dimen name="x787">568.39dp</dimen>
    <dimen name="x788">569.11dp</dimen>
    <dimen name="x789">569.83dp</dimen>
    <dimen name="x790">570.56dp</dimen>
    <dimen name="x791">571.28dp</dimen>
    <dimen name="x792">572.00dp</dimen>
    <dimen name="x793">572.72dp</dimen>
    <dimen name="x794">573.44dp</dimen>
    <dimen name="x795">574.17dp</dimen>
    <dimen name="x796">574.89dp</dimen>
    <dimen name="x797">575.61dp</dimen>
    <dimen name="x798">576.33dp</dimen>
    <dimen name="x799">577.06dp</dimen>
    <dimen name="x800">577.78dp</dimen>
    <dimen name="x801">578.50dp</dimen>
    <dimen name="x802">579.22dp</dimen>
    <dimen name="x803">579.94dp</dimen>
    <dimen name="x804">580.67dp</dimen>
    <dimen name="x805">581.39dp</dimen>
    <dimen name="x806">582.11dp</dimen>
    <dimen name="x807">582.83dp</dimen>
    <dimen name="x808">583.56dp</dimen>
    <dimen name="x809">584.28dp</dimen>
    <dimen name="x810">585.00dp</dimen>
    <dimen name="x811">585.72dp</dimen>
    <dimen name="x812">586.44dp</dimen>
    <dimen name="x813">587.17dp</dimen>
    <dimen name="x814">587.89dp</dimen>
    <dimen name="x815">588.61dp</dimen>
    <dimen name="x816">589.33dp</dimen>
    <dimen name="x817">590.06dp</dimen>
    <dimen name="x818">590.78dp</dimen>
    <dimen name="x819">591.50dp</dimen>
    <dimen name="x820">592.22dp</dimen>
    <dimen name="x821">592.94dp</dimen>
    <dimen name="x822">593.67dp</dimen>
    <dimen name="x823">594.39dp</dimen>
    <dimen name="x824">595.11dp</dimen>
    <dimen name="x825">595.83dp</dimen>
    <dimen name="x826">596.56dp</dimen>
    <dimen name="x827">597.28dp</dimen>
    <dimen name="x828">598.00dp</dimen>
    <dimen name="x829">598.72dp</dimen>
    <dimen name="x830">599.44dp</dimen>
    <dimen name="x831">600.17dp</dimen>
    <dimen name="x832">600.89dp</dimen>
    <dimen name="x833">601.61dp</dimen>
    <dimen name="x834">602.33dp</dimen>
    <dimen name="x835">603.06dp</dimen>
    <dimen name="x836">603.78dp</dimen>
    <dimen name="x837">604.50dp</dimen>
    <dimen name="x838">605.22dp</dimen>
    <dimen name="x839">605.94dp</dimen>
    <dimen name="x840">606.67dp</dimen>
    <dimen name="x841">607.39dp</dimen>
    <dimen name="x842">608.11dp</dimen>
    <dimen name="x843">608.83dp</dimen>
    <dimen name="x844">609.56dp</dimen>
    <dimen name="x845">610.28dp</dimen>
    <dimen name="x846">611.00dp</dimen>
    <dimen name="x847">611.72dp</dimen>
    <dimen name="x848">612.44dp</dimen>
    <dimen name="x849">613.17dp</dimen>
    <dimen name="x850">613.89dp</dimen>
    <dimen name="x851">614.61dp</dimen>
    <dimen name="x852">615.33dp</dimen>
    <dimen name="x853">616.06dp</dimen>
    <dimen name="x854">616.78dp</dimen>
    <dimen name="x855">617.50dp</dimen>
    <dimen name="x856">618.22dp</dimen>
    <dimen name="x857">618.94dp</dimen>
    <dimen name="x858">619.67dp</dimen>
    <dimen name="x859">620.39dp</dimen>
    <dimen name="x860">621.11dp</dimen>
    <dimen name="x861">621.83dp</dimen>
    <dimen name="x862">622.56dp</dimen>
    <dimen name="x863">623.28dp</dimen>
    <dimen name="x864">624.00dp</dimen>
    <dimen name="x865">624.72dp</dimen>
    <dimen name="x866">625.44dp</dimen>
    <dimen name="x867">626.17dp</dimen>
    <dimen name="x868">626.89dp</dimen>
    <dimen name="x869">627.61dp</dimen>
    <dimen name="x870">628.33dp</dimen>
    <dimen name="x871">629.06dp</dimen>
    <dimen name="x872">629.78dp</dimen>
    <dimen name="x873">630.50dp</dimen>
    <dimen name="x874">631.22dp</dimen>
    <dimen name="x875">631.94dp</dimen>
    <dimen name="x876">632.67dp</dimen>
    <dimen name="x877">633.39dp</dimen>
    <dimen name="x878">634.11dp</dimen>
    <dimen name="x879">634.83dp</dimen>
    <dimen name="x880">635.56dp</dimen>
    <dimen name="x881">636.28dp</dimen>
    <dimen name="x882">637.00dp</dimen>
    <dimen name="x883">637.72dp</dimen>
    <dimen name="x884">638.44dp</dimen>
    <dimen name="x885">639.17dp</dimen>
    <dimen name="x886">639.89dp</dimen>
    <dimen name="x887">640.61dp</dimen>
    <dimen name="x888">641.33dp</dimen>
    <dimen name="x889">642.06dp</dimen>
    <dimen name="x890">642.78dp</dimen>
    <dimen name="x891">643.50dp</dimen>
    <dimen name="x892">644.22dp</dimen>
    <dimen name="x893">644.94dp</dimen>
    <dimen name="x894">645.67dp</dimen>
    <dimen name="x895">646.39dp</dimen>
    <dimen name="x896">647.11dp</dimen>
    <dimen name="x897">647.83dp</dimen>
    <dimen name="x898">648.56dp</dimen>
    <dimen name="x899">649.28dp</dimen>
    <dimen name="x900">650.00dp</dimen>
    <dimen name="x901">650.72dp</dimen>
    <dimen name="x902">651.44dp</dimen>
    <dimen name="x903">652.17dp</dimen>
    <dimen name="x904">652.89dp</dimen>
    <dimen name="x905">653.61dp</dimen>
    <dimen name="x906">654.33dp</dimen>
    <dimen name="x907">655.06dp</dimen>
    <dimen name="x908">655.78dp</dimen>
    <dimen name="x909">656.50dp</dimen>
    <dimen name="x910">657.22dp</dimen>
    <dimen name="x911">657.94dp</dimen>
    <dimen name="x912">658.67dp</dimen>
    <dimen name="x913">659.39dp</dimen>
    <dimen name="x914">660.11dp</dimen>
    <dimen name="x915">660.83dp</dimen>
    <dimen name="x916">661.56dp</dimen>
    <dimen name="x917">662.28dp</dimen>
    <dimen name="x918">663.00dp</dimen>
    <dimen name="x919">663.72dp</dimen>
    <dimen name="x920">664.44dp</dimen>
    <dimen name="x921">665.17dp</dimen>
    <dimen name="x922">665.89dp</dimen>
    <dimen name="x923">666.61dp</dimen>
    <dimen name="x924">667.33dp</dimen>
    <dimen name="x925">668.06dp</dimen>
    <dimen name="x926">668.78dp</dimen>
    <dimen name="x927">669.50dp</dimen>
    <dimen name="x928">670.22dp</dimen>
    <dimen name="x929">670.94dp</dimen>
    <dimen name="x930">671.67dp</dimen>
    <dimen name="x931">672.39dp</dimen>
    <dimen name="x932">673.11dp</dimen>
    <dimen name="x933">673.83dp</dimen>
    <dimen name="x934">674.56dp</dimen>
    <dimen name="x935">675.28dp</dimen>
    <dimen name="x936">676.00dp</dimen>
    <dimen name="x937">676.72dp</dimen>
    <dimen name="x938">677.44dp</dimen>
    <dimen name="x939">678.17dp</dimen>
    <dimen name="x940">678.89dp</dimen>
    <dimen name="x941">679.61dp</dimen>
    <dimen name="x942">680.33dp</dimen>
    <dimen name="x943">681.06dp</dimen>
    <dimen name="x944">681.78dp</dimen>
    <dimen name="x945">682.50dp</dimen>
    <dimen name="x946">683.22dp</dimen>
    <dimen name="x947">683.94dp</dimen>
    <dimen name="x948">684.67dp</dimen>
    <dimen name="x949">685.39dp</dimen>
    <dimen name="x950">686.11dp</dimen>
    <dimen name="x951">686.83dp</dimen>
    <dimen name="x952">687.56dp</dimen>
    <dimen name="x953">688.28dp</dimen>
    <dimen name="x954">689.00dp</dimen>
    <dimen name="x955">689.72dp</dimen>
    <dimen name="x956">690.44dp</dimen>
    <dimen name="x957">691.17dp</dimen>
    <dimen name="x958">691.89dp</dimen>
    <dimen name="x959">692.61dp</dimen>
    <dimen name="x960">693.33dp</dimen>
    <dimen name="x961">694.06dp</dimen>
    <dimen name="x962">694.78dp</dimen>
    <dimen name="x963">695.50dp</dimen>
    <dimen name="x964">696.22dp</dimen>
    <dimen name="x965">696.94dp</dimen>
    <dimen name="x966">697.67dp</dimen>
    <dimen name="x967">698.39dp</dimen>
    <dimen name="x968">699.11dp</dimen>
    <dimen name="x969">699.83dp</dimen>
    <dimen name="x970">700.56dp</dimen>
    <dimen name="x971">701.28dp</dimen>
    <dimen name="x972">702.00dp</dimen>
    <dimen name="x973">702.72dp</dimen>
    <dimen name="x974">703.44dp</dimen>
    <dimen name="x975">704.17dp</dimen>
    <dimen name="x976">704.89dp</dimen>
    <dimen name="x977">705.61dp</dimen>
    <dimen name="x978">706.33dp</dimen>
    <dimen name="x979">707.06dp</dimen>
    <dimen name="x980">707.78dp</dimen>
    <dimen name="x981">708.50dp</dimen>
    <dimen name="x982">709.22dp</dimen>
    <dimen name="x983">709.94dp</dimen>
    <dimen name="x984">710.67dp</dimen>
    <dimen name="x985">711.39dp</dimen>
    <dimen name="x986">712.11dp</dimen>
    <dimen name="x987">712.83dp</dimen>
    <dimen name="x988">713.56dp</dimen>
    <dimen name="x989">714.28dp</dimen>
    <dimen name="x990">715.00dp</dimen>
    <dimen name="x991">715.72dp</dimen>
    <dimen name="x992">716.44dp</dimen>
    <dimen name="x993">717.17dp</dimen>
    <dimen name="x994">717.89dp</dimen>
    <dimen name="x995">718.61dp</dimen>
    <dimen name="x996">719.33dp</dimen>
    <dimen name="x997">720.06dp</dimen>
    <dimen name="x998">720.78dp</dimen>
    <dimen name="x999">721.50dp</dimen>
    <dimen name="x1000">722.22dp</dimen>
    <dimen name="x1001">722.94dp</dimen>
    <dimen name="x1002">723.67dp</dimen>
    <dimen name="x1003">724.39dp</dimen>
    <dimen name="x1004">725.11dp</dimen>
    <dimen name="x1005">725.83dp</dimen>
    <dimen name="x1006">726.56dp</dimen>
    <dimen name="x1007">727.28dp</dimen>
    <dimen name="x1008">728.00dp</dimen>
    <dimen name="x1009">728.72dp</dimen>
    <dimen name="x1010">729.44dp</dimen>
    <dimen name="x1011">730.17dp</dimen>
    <dimen name="x1012">730.89dp</dimen>
    <dimen name="x1013">731.61dp</dimen>
    <dimen name="x1014">732.33dp</dimen>
    <dimen name="x1015">733.06dp</dimen>
    <dimen name="x1016">733.78dp</dimen>
    <dimen name="x1017">734.50dp</dimen>
    <dimen name="x1018">735.22dp</dimen>
    <dimen name="x1019">735.94dp</dimen>
    <dimen name="x1020">736.67dp</dimen>
    <dimen name="x1021">737.39dp</dimen>
    <dimen name="x1022">738.11dp</dimen>
    <dimen name="x1023">738.83dp</dimen>
    <dimen name="x1024">739.56dp</dimen>
    <dimen name="x1025">740.28dp</dimen>
    <dimen name="x1026">741.00dp</dimen>
    <dimen name="x1027">741.72dp</dimen>
    <dimen name="x1028">742.44dp</dimen>
    <dimen name="x1029">743.17dp</dimen>
    <dimen name="x1030">743.89dp</dimen>
    <dimen name="x1031">744.61dp</dimen>
    <dimen name="x1032">745.33dp</dimen>
    <dimen name="x1033">746.06dp</dimen>
    <dimen name="x1034">746.78dp</dimen>
    <dimen name="x1035">747.50dp</dimen>
    <dimen name="x1036">748.22dp</dimen>
    <dimen name="x1037">748.94dp</dimen>
    <dimen name="x1038">749.67dp</dimen>
    <dimen name="x1039">750.39dp</dimen>
    <dimen name="x1040">751.11dp</dimen>
    <dimen name="x1041">751.83dp</dimen>
    <dimen name="x1042">752.56dp</dimen>
    <dimen name="x1043">753.28dp</dimen>
    <dimen name="x1044">754.00dp</dimen>
    <dimen name="x1045">754.72dp</dimen>
    <dimen name="x1046">755.44dp</dimen>
    <dimen name="x1047">756.17dp</dimen>
    <dimen name="x1048">756.89dp</dimen>
    <dimen name="x1049">757.61dp</dimen>
    <dimen name="x1050">758.33dp</dimen>
    <dimen name="x1051">759.06dp</dimen>
    <dimen name="x1052">759.78dp</dimen>
    <dimen name="x1053">760.50dp</dimen>
    <dimen name="x1054">761.22dp</dimen>
    <dimen name="x1055">761.94dp</dimen>
    <dimen name="x1056">762.67dp</dimen>
    <dimen name="x1057">763.39dp</dimen>
    <dimen name="x1058">764.11dp</dimen>
    <dimen name="x1059">764.83dp</dimen>
    <dimen name="x1060">765.56dp</dimen>
    <dimen name="x1061">766.28dp</dimen>
    <dimen name="x1062">767.00dp</dimen>
    <dimen name="x1063">767.72dp</dimen>
    <dimen name="x1064">768.44dp</dimen>
    <dimen name="x1065">769.17dp</dimen>
    <dimen name="x1066">769.89dp</dimen>
    <dimen name="x1067">770.61dp</dimen>
    <dimen name="x1068">771.33dp</dimen>
    <dimen name="x1069">772.06dp</dimen>
    <dimen name="x1070">772.78dp</dimen>
    <dimen name="x1071">773.50dp</dimen>
    <dimen name="x1072">774.22dp</dimen>
    <dimen name="x1073">774.94dp</dimen>
    <dimen name="x1074">775.67dp</dimen>
    <dimen name="x1075">776.39dp</dimen>
    <dimen name="x1076">777.11dp</dimen>
    <dimen name="x1077">777.83dp</dimen>
    <dimen name="x1078">778.56dp</dimen>
    <dimen name="x1079">779.28dp</dimen>
    <dimen name="x1080">780.00dp</dimen>
</resources>