<?xml version="1.0" encoding="utf-8"?>
<resources>
    <string name="sw_dp">840dp</string>
    <dimen name="x1">0.78dp</dimen>
    <dimen name="x2">1.56dp</dimen>
    <dimen name="x3">2.33dp</dimen>
    <dimen name="x4">3.11dp</dimen>
    <dimen name="x5">3.89dp</dimen>
    <dimen name="x6">4.67dp</dimen>
    <dimen name="x7">5.44dp</dimen>
    <dimen name="x8">6.22dp</dimen>
    <dimen name="x9">7.00dp</dimen>
    <dimen name="x10">7.78dp</dimen>
    <dimen name="x11">8.56dp</dimen>
    <dimen name="x12">9.33dp</dimen>
    <dimen name="x13">10.11dp</dimen>
    <dimen name="x14">10.89dp</dimen>
    <dimen name="x15">11.67dp</dimen>
    <dimen name="x16">12.44dp</dimen>
    <dimen name="x17">13.22dp</dimen>
    <dimen name="x18">14.00dp</dimen>
    <dimen name="x19">14.78dp</dimen>
    <dimen name="x20">15.56dp</dimen>
    <dimen name="x21">16.33dp</dimen>
    <dimen name="x22">17.11dp</dimen>
    <dimen name="x23">17.89dp</dimen>
    <dimen name="x24">18.67dp</dimen>
    <dimen name="x25">19.44dp</dimen>
    <dimen name="x26">20.22dp</dimen>
    <dimen name="x27">21.00dp</dimen>
    <dimen name="x28">21.78dp</dimen>
    <dimen name="x29">22.56dp</dimen>
    <dimen name="x30">23.33dp</dimen>
    <dimen name="x31">24.11dp</dimen>
    <dimen name="x32">24.89dp</dimen>
    <dimen name="x33">25.67dp</dimen>
    <dimen name="x34">26.44dp</dimen>
    <dimen name="x35">27.22dp</dimen>
    <dimen name="x36">28.00dp</dimen>
    <dimen name="x37">28.78dp</dimen>
    <dimen name="x38">29.56dp</dimen>
    <dimen name="x39">30.33dp</dimen>
    <dimen name="x40">31.11dp</dimen>
    <dimen name="x41">31.89dp</dimen>
    <dimen name="x42">32.67dp</dimen>
    <dimen name="x43">33.44dp</dimen>
    <dimen name="x44">34.22dp</dimen>
    <dimen name="x45">35.00dp</dimen>
    <dimen name="x46">35.78dp</dimen>
    <dimen name="x47">36.56dp</dimen>
    <dimen name="x48">37.33dp</dimen>
    <dimen name="x49">38.11dp</dimen>
    <dimen name="x50">38.89dp</dimen>
    <dimen name="x51">39.67dp</dimen>
    <dimen name="x52">40.44dp</dimen>
    <dimen name="x53">41.22dp</dimen>
    <dimen name="x54">42.00dp</dimen>
    <dimen name="x55">42.78dp</dimen>
    <dimen name="x56">43.56dp</dimen>
    <dimen name="x57">44.33dp</dimen>
    <dimen name="x58">45.11dp</dimen>
    <dimen name="x59">45.89dp</dimen>
    <dimen name="x60">46.67dp</dimen>
    <dimen name="x61">47.44dp</dimen>
    <dimen name="x62">48.22dp</dimen>
    <dimen name="x63">49.00dp</dimen>
    <dimen name="x64">49.78dp</dimen>
    <dimen name="x65">50.56dp</dimen>
    <dimen name="x66">51.33dp</dimen>
    <dimen name="x67">52.11dp</dimen>
    <dimen name="x68">52.89dp</dimen>
    <dimen name="x69">53.67dp</dimen>
    <dimen name="x70">54.44dp</dimen>
    <dimen name="x71">55.22dp</dimen>
    <dimen name="x72">56.00dp</dimen>
    <dimen name="x73">56.78dp</dimen>
    <dimen name="x74">57.56dp</dimen>
    <dimen name="x75">58.33dp</dimen>
    <dimen name="x76">59.11dp</dimen>
    <dimen name="x77">59.89dp</dimen>
    <dimen name="x78">60.67dp</dimen>
    <dimen name="x79">61.44dp</dimen>
    <dimen name="x80">62.22dp</dimen>
    <dimen name="x81">63.00dp</dimen>
    <dimen name="x82">63.78dp</dimen>
    <dimen name="x83">64.56dp</dimen>
    <dimen name="x84">65.33dp</dimen>
    <dimen name="x85">66.11dp</dimen>
    <dimen name="x86">66.89dp</dimen>
    <dimen name="x87">67.67dp</dimen>
    <dimen name="x88">68.44dp</dimen>
    <dimen name="x89">69.22dp</dimen>
    <dimen name="x90">70.00dp</dimen>
    <dimen name="x91">70.78dp</dimen>
    <dimen name="x92">71.56dp</dimen>
    <dimen name="x93">72.33dp</dimen>
    <dimen name="x94">73.11dp</dimen>
    <dimen name="x95">73.89dp</dimen>
    <dimen name="x96">74.67dp</dimen>
    <dimen name="x97">75.44dp</dimen>
    <dimen name="x98">76.22dp</dimen>
    <dimen name="x99">77.00dp</dimen>
    <dimen name="x100">77.78dp</dimen>
    <dimen name="x101">78.56dp</dimen>
    <dimen name="x102">79.33dp</dimen>
    <dimen name="x103">80.11dp</dimen>
    <dimen name="x104">80.89dp</dimen>
    <dimen name="x105">81.67dp</dimen>
    <dimen name="x106">82.44dp</dimen>
    <dimen name="x107">83.22dp</dimen>
    <dimen name="x108">84.00dp</dimen>
    <dimen name="x109">84.78dp</dimen>
    <dimen name="x110">85.56dp</dimen>
    <dimen name="x111">86.33dp</dimen>
    <dimen name="x112">87.11dp</dimen>
    <dimen name="x113">87.89dp</dimen>
    <dimen name="x114">88.67dp</dimen>
    <dimen name="x115">89.44dp</dimen>
    <dimen name="x116">90.22dp</dimen>
    <dimen name="x117">91.00dp</dimen>
    <dimen name="x118">91.78dp</dimen>
    <dimen name="x119">92.56dp</dimen>
    <dimen name="x120">93.33dp</dimen>
    <dimen name="x121">94.11dp</dimen>
    <dimen name="x122">94.89dp</dimen>
    <dimen name="x123">95.67dp</dimen>
    <dimen name="x124">96.44dp</dimen>
    <dimen name="x125">97.22dp</dimen>
    <dimen name="x126">98.00dp</dimen>
    <dimen name="x127">98.78dp</dimen>
    <dimen name="x128">99.56dp</dimen>
    <dimen name="x129">100.33dp</dimen>
    <dimen name="x130">101.11dp</dimen>
    <dimen name="x131">101.89dp</dimen>
    <dimen name="x132">102.67dp</dimen>
    <dimen name="x133">103.44dp</dimen>
    <dimen name="x134">104.22dp</dimen>
    <dimen name="x135">105.00dp</dimen>
    <dimen name="x136">105.78dp</dimen>
    <dimen name="x137">106.56dp</dimen>
    <dimen name="x138">107.33dp</dimen>
    <dimen name="x139">108.11dp</dimen>
    <dimen name="x140">108.89dp</dimen>
    <dimen name="x141">109.67dp</dimen>
    <dimen name="x142">110.44dp</dimen>
    <dimen name="x143">111.22dp</dimen>
    <dimen name="x144">112.00dp</dimen>
    <dimen name="x145">112.78dp</dimen>
    <dimen name="x146">113.56dp</dimen>
    <dimen name="x147">114.33dp</dimen>
    <dimen name="x148">115.11dp</dimen>
    <dimen name="x149">115.89dp</dimen>
    <dimen name="x150">116.67dp</dimen>
    <dimen name="x151">117.44dp</dimen>
    <dimen name="x152">118.22dp</dimen>
    <dimen name="x153">119.00dp</dimen>
    <dimen name="x154">119.78dp</dimen>
    <dimen name="x155">120.56dp</dimen>
    <dimen name="x156">121.33dp</dimen>
    <dimen name="x157">122.11dp</dimen>
    <dimen name="x158">122.89dp</dimen>
    <dimen name="x159">123.67dp</dimen>
    <dimen name="x160">124.44dp</dimen>
    <dimen name="x161">125.22dp</dimen>
    <dimen name="x162">126.00dp</dimen>
    <dimen name="x163">126.78dp</dimen>
    <dimen name="x164">127.56dp</dimen>
    <dimen name="x165">128.33dp</dimen>
    <dimen name="x166">129.11dp</dimen>
    <dimen name="x167">129.89dp</dimen>
    <dimen name="x168">130.67dp</dimen>
    <dimen name="x169">131.44dp</dimen>
    <dimen name="x170">132.22dp</dimen>
    <dimen name="x171">133.00dp</dimen>
    <dimen name="x172">133.78dp</dimen>
    <dimen name="x173">134.56dp</dimen>
    <dimen name="x174">135.33dp</dimen>
    <dimen name="x175">136.11dp</dimen>
    <dimen name="x176">136.89dp</dimen>
    <dimen name="x177">137.67dp</dimen>
    <dimen name="x178">138.44dp</dimen>
    <dimen name="x179">139.22dp</dimen>
    <dimen name="x180">140.00dp</dimen>
    <dimen name="x181">140.78dp</dimen>
    <dimen name="x182">141.56dp</dimen>
    <dimen name="x183">142.33dp</dimen>
    <dimen name="x184">143.11dp</dimen>
    <dimen name="x185">143.89dp</dimen>
    <dimen name="x186">144.67dp</dimen>
    <dimen name="x187">145.44dp</dimen>
    <dimen name="x188">146.22dp</dimen>
    <dimen name="x189">147.00dp</dimen>
    <dimen name="x190">147.78dp</dimen>
    <dimen name="x191">148.56dp</dimen>
    <dimen name="x192">149.33dp</dimen>
    <dimen name="x193">150.11dp</dimen>
    <dimen name="x194">150.89dp</dimen>
    <dimen name="x195">151.67dp</dimen>
    <dimen name="x196">152.44dp</dimen>
    <dimen name="x197">153.22dp</dimen>
    <dimen name="x198">154.00dp</dimen>
    <dimen name="x199">154.78dp</dimen>
    <dimen name="x200">155.56dp</dimen>
    <dimen name="x201">156.33dp</dimen>
    <dimen name="x202">157.11dp</dimen>
    <dimen name="x203">157.89dp</dimen>
    <dimen name="x204">158.67dp</dimen>
    <dimen name="x205">159.44dp</dimen>
    <dimen name="x206">160.22dp</dimen>
    <dimen name="x207">161.00dp</dimen>
    <dimen name="x208">161.78dp</dimen>
    <dimen name="x209">162.56dp</dimen>
    <dimen name="x210">163.33dp</dimen>
    <dimen name="x211">164.11dp</dimen>
    <dimen name="x212">164.89dp</dimen>
    <dimen name="x213">165.67dp</dimen>
    <dimen name="x214">166.44dp</dimen>
    <dimen name="x215">167.22dp</dimen>
    <dimen name="x216">168.00dp</dimen>
    <dimen name="x217">168.78dp</dimen>
    <dimen name="x218">169.56dp</dimen>
    <dimen name="x219">170.33dp</dimen>
    <dimen name="x220">171.11dp</dimen>
    <dimen name="x221">171.89dp</dimen>
    <dimen name="x222">172.67dp</dimen>
    <dimen name="x223">173.44dp</dimen>
    <dimen name="x224">174.22dp</dimen>
    <dimen name="x225">175.00dp</dimen>
    <dimen name="x226">175.78dp</dimen>
    <dimen name="x227">176.56dp</dimen>
    <dimen name="x228">177.33dp</dimen>
    <dimen name="x229">178.11dp</dimen>
    <dimen name="x230">178.89dp</dimen>
    <dimen name="x231">179.67dp</dimen>
    <dimen name="x232">180.44dp</dimen>
    <dimen name="x233">181.22dp</dimen>
    <dimen name="x234">182.00dp</dimen>
    <dimen name="x235">182.78dp</dimen>
    <dimen name="x236">183.56dp</dimen>
    <dimen name="x237">184.33dp</dimen>
    <dimen name="x238">185.11dp</dimen>
    <dimen name="x239">185.89dp</dimen>
    <dimen name="x240">186.67dp</dimen>
    <dimen name="x241">187.44dp</dimen>
    <dimen name="x242">188.22dp</dimen>
    <dimen name="x243">189.00dp</dimen>
    <dimen name="x244">189.78dp</dimen>
    <dimen name="x245">190.56dp</dimen>
    <dimen name="x246">191.33dp</dimen>
    <dimen name="x247">192.11dp</dimen>
    <dimen name="x248">192.89dp</dimen>
    <dimen name="x249">193.67dp</dimen>
    <dimen name="x250">194.44dp</dimen>
    <dimen name="x251">195.22dp</dimen>
    <dimen name="x252">196.00dp</dimen>
    <dimen name="x253">196.78dp</dimen>
    <dimen name="x254">197.56dp</dimen>
    <dimen name="x255">198.33dp</dimen>
    <dimen name="x256">199.11dp</dimen>
    <dimen name="x257">199.89dp</dimen>
    <dimen name="x258">200.67dp</dimen>
    <dimen name="x259">201.44dp</dimen>
    <dimen name="x260">202.22dp</dimen>
    <dimen name="x261">203.00dp</dimen>
    <dimen name="x262">203.78dp</dimen>
    <dimen name="x263">204.56dp</dimen>
    <dimen name="x264">205.33dp</dimen>
    <dimen name="x265">206.11dp</dimen>
    <dimen name="x266">206.89dp</dimen>
    <dimen name="x267">207.67dp</dimen>
    <dimen name="x268">208.44dp</dimen>
    <dimen name="x269">209.22dp</dimen>
    <dimen name="x270">210.00dp</dimen>
    <dimen name="x271">210.78dp</dimen>
    <dimen name="x272">211.56dp</dimen>
    <dimen name="x273">212.33dp</dimen>
    <dimen name="x274">213.11dp</dimen>
    <dimen name="x275">213.89dp</dimen>
    <dimen name="x276">214.67dp</dimen>
    <dimen name="x277">215.44dp</dimen>
    <dimen name="x278">216.22dp</dimen>
    <dimen name="x279">217.00dp</dimen>
    <dimen name="x280">217.78dp</dimen>
    <dimen name="x281">218.56dp</dimen>
    <dimen name="x282">219.33dp</dimen>
    <dimen name="x283">220.11dp</dimen>
    <dimen name="x284">220.89dp</dimen>
    <dimen name="x285">221.67dp</dimen>
    <dimen name="x286">222.44dp</dimen>
    <dimen name="x287">223.22dp</dimen>
    <dimen name="x288">224.00dp</dimen>
    <dimen name="x289">224.78dp</dimen>
    <dimen name="x290">225.56dp</dimen>
    <dimen name="x291">226.33dp</dimen>
    <dimen name="x292">227.11dp</dimen>
    <dimen name="x293">227.89dp</dimen>
    <dimen name="x294">228.67dp</dimen>
    <dimen name="x295">229.44dp</dimen>
    <dimen name="x296">230.22dp</dimen>
    <dimen name="x297">231.00dp</dimen>
    <dimen name="x298">231.78dp</dimen>
    <dimen name="x299">232.56dp</dimen>
    <dimen name="x300">233.33dp</dimen>
    <dimen name="x301">234.11dp</dimen>
    <dimen name="x302">234.89dp</dimen>
    <dimen name="x303">235.67dp</dimen>
    <dimen name="x304">236.44dp</dimen>
    <dimen name="x305">237.22dp</dimen>
    <dimen name="x306">238.00dp</dimen>
    <dimen name="x307">238.78dp</dimen>
    <dimen name="x308">239.56dp</dimen>
    <dimen name="x309">240.33dp</dimen>
    <dimen name="x310">241.11dp</dimen>
    <dimen name="x311">241.89dp</dimen>
    <dimen name="x312">242.67dp</dimen>
    <dimen name="x313">243.44dp</dimen>
    <dimen name="x314">244.22dp</dimen>
    <dimen name="x315">245.00dp</dimen>
    <dimen name="x316">245.78dp</dimen>
    <dimen name="x317">246.56dp</dimen>
    <dimen name="x318">247.33dp</dimen>
    <dimen name="x319">248.11dp</dimen>
    <dimen name="x320">248.89dp</dimen>
    <dimen name="x321">249.67dp</dimen>
    <dimen name="x322">250.44dp</dimen>
    <dimen name="x323">251.22dp</dimen>
    <dimen name="x324">252.00dp</dimen>
    <dimen name="x325">252.78dp</dimen>
    <dimen name="x326">253.56dp</dimen>
    <dimen name="x327">254.33dp</dimen>
    <dimen name="x328">255.11dp</dimen>
    <dimen name="x329">255.89dp</dimen>
    <dimen name="x330">256.67dp</dimen>
    <dimen name="x331">257.44dp</dimen>
    <dimen name="x332">258.22dp</dimen>
    <dimen name="x333">259.00dp</dimen>
    <dimen name="x334">259.78dp</dimen>
    <dimen name="x335">260.56dp</dimen>
    <dimen name="x336">261.33dp</dimen>
    <dimen name="x337">262.11dp</dimen>
    <dimen name="x338">262.89dp</dimen>
    <dimen name="x339">263.67dp</dimen>
    <dimen name="x340">264.44dp</dimen>
    <dimen name="x341">265.22dp</dimen>
    <dimen name="x342">266.00dp</dimen>
    <dimen name="x343">266.78dp</dimen>
    <dimen name="x344">267.56dp</dimen>
    <dimen name="x345">268.33dp</dimen>
    <dimen name="x346">269.11dp</dimen>
    <dimen name="x347">269.89dp</dimen>
    <dimen name="x348">270.67dp</dimen>
    <dimen name="x349">271.44dp</dimen>
    <dimen name="x350">272.22dp</dimen>
    <dimen name="x351">273.00dp</dimen>
    <dimen name="x352">273.78dp</dimen>
    <dimen name="x353">274.56dp</dimen>
    <dimen name="x354">275.33dp</dimen>
    <dimen name="x355">276.11dp</dimen>
    <dimen name="x356">276.89dp</dimen>
    <dimen name="x357">277.67dp</dimen>
    <dimen name="x358">278.44dp</dimen>
    <dimen name="x359">279.22dp</dimen>
    <dimen name="x360">280.00dp</dimen>
    <dimen name="x361">280.78dp</dimen>
    <dimen name="x362">281.56dp</dimen>
    <dimen name="x363">282.33dp</dimen>
    <dimen name="x364">283.11dp</dimen>
    <dimen name="x365">283.89dp</dimen>
    <dimen name="x366">284.67dp</dimen>
    <dimen name="x367">285.44dp</dimen>
    <dimen name="x368">286.22dp</dimen>
    <dimen name="x369">287.00dp</dimen>
    <dimen name="x370">287.78dp</dimen>
    <dimen name="x371">288.56dp</dimen>
    <dimen name="x372">289.33dp</dimen>
    <dimen name="x373">290.11dp</dimen>
    <dimen name="x374">290.89dp</dimen>
    <dimen name="x375">291.67dp</dimen>
    <dimen name="x376">292.44dp</dimen>
    <dimen name="x377">293.22dp</dimen>
    <dimen name="x378">294.00dp</dimen>
    <dimen name="x379">294.78dp</dimen>
    <dimen name="x380">295.56dp</dimen>
    <dimen name="x381">296.33dp</dimen>
    <dimen name="x382">297.11dp</dimen>
    <dimen name="x383">297.89dp</dimen>
    <dimen name="x384">298.67dp</dimen>
    <dimen name="x385">299.44dp</dimen>
    <dimen name="x386">300.22dp</dimen>
    <dimen name="x387">301.00dp</dimen>
    <dimen name="x388">301.78dp</dimen>
    <dimen name="x389">302.56dp</dimen>
    <dimen name="x390">303.33dp</dimen>
    <dimen name="x391">304.11dp</dimen>
    <dimen name="x392">304.89dp</dimen>
    <dimen name="x393">305.67dp</dimen>
    <dimen name="x394">306.44dp</dimen>
    <dimen name="x395">307.22dp</dimen>
    <dimen name="x396">308.00dp</dimen>
    <dimen name="x397">308.78dp</dimen>
    <dimen name="x398">309.56dp</dimen>
    <dimen name="x399">310.33dp</dimen>
    <dimen name="x400">311.11dp</dimen>
    <dimen name="x401">311.89dp</dimen>
    <dimen name="x402">312.67dp</dimen>
    <dimen name="x403">313.44dp</dimen>
    <dimen name="x404">314.22dp</dimen>
    <dimen name="x405">315.00dp</dimen>
    <dimen name="x406">315.78dp</dimen>
    <dimen name="x407">316.56dp</dimen>
    <dimen name="x408">317.33dp</dimen>
    <dimen name="x409">318.11dp</dimen>
    <dimen name="x410">318.89dp</dimen>
    <dimen name="x411">319.67dp</dimen>
    <dimen name="x412">320.44dp</dimen>
    <dimen name="x413">321.22dp</dimen>
    <dimen name="x414">322.00dp</dimen>
    <dimen name="x415">322.78dp</dimen>
    <dimen name="x416">323.56dp</dimen>
    <dimen name="x417">324.33dp</dimen>
    <dimen name="x418">325.11dp</dimen>
    <dimen name="x419">325.89dp</dimen>
    <dimen name="x420">326.67dp</dimen>
    <dimen name="x421">327.44dp</dimen>
    <dimen name="x422">328.22dp</dimen>
    <dimen name="x423">329.00dp</dimen>
    <dimen name="x424">329.78dp</dimen>
    <dimen name="x425">330.56dp</dimen>
    <dimen name="x426">331.33dp</dimen>
    <dimen name="x427">332.11dp</dimen>
    <dimen name="x428">332.89dp</dimen>
    <dimen name="x429">333.67dp</dimen>
    <dimen name="x430">334.44dp</dimen>
    <dimen name="x431">335.22dp</dimen>
    <dimen name="x432">336.00dp</dimen>
    <dimen name="x433">336.78dp</dimen>
    <dimen name="x434">337.56dp</dimen>
    <dimen name="x435">338.33dp</dimen>
    <dimen name="x436">339.11dp</dimen>
    <dimen name="x437">339.89dp</dimen>
    <dimen name="x438">340.67dp</dimen>
    <dimen name="x439">341.44dp</dimen>
    <dimen name="x440">342.22dp</dimen>
    <dimen name="x441">343.00dp</dimen>
    <dimen name="x442">343.78dp</dimen>
    <dimen name="x443">344.56dp</dimen>
    <dimen name="x444">345.33dp</dimen>
    <dimen name="x445">346.11dp</dimen>
    <dimen name="x446">346.89dp</dimen>
    <dimen name="x447">347.67dp</dimen>
    <dimen name="x448">348.44dp</dimen>
    <dimen name="x449">349.22dp</dimen>
    <dimen name="x450">350.00dp</dimen>
    <dimen name="x451">350.78dp</dimen>
    <dimen name="x452">351.56dp</dimen>
    <dimen name="x453">352.33dp</dimen>
    <dimen name="x454">353.11dp</dimen>
    <dimen name="x455">353.89dp</dimen>
    <dimen name="x456">354.67dp</dimen>
    <dimen name="x457">355.44dp</dimen>
    <dimen name="x458">356.22dp</dimen>
    <dimen name="x459">357.00dp</dimen>
    <dimen name="x460">357.78dp</dimen>
    <dimen name="x461">358.56dp</dimen>
    <dimen name="x462">359.33dp</dimen>
    <dimen name="x463">360.11dp</dimen>
    <dimen name="x464">360.89dp</dimen>
    <dimen name="x465">361.67dp</dimen>
    <dimen name="x466">362.44dp</dimen>
    <dimen name="x467">363.22dp</dimen>
    <dimen name="x468">364.00dp</dimen>
    <dimen name="x469">364.78dp</dimen>
    <dimen name="x470">365.56dp</dimen>
    <dimen name="x471">366.33dp</dimen>
    <dimen name="x472">367.11dp</dimen>
    <dimen name="x473">367.89dp</dimen>
    <dimen name="x474">368.67dp</dimen>
    <dimen name="x475">369.44dp</dimen>
    <dimen name="x476">370.22dp</dimen>
    <dimen name="x477">371.00dp</dimen>
    <dimen name="x478">371.78dp</dimen>
    <dimen name="x479">372.56dp</dimen>
    <dimen name="x480">373.33dp</dimen>
    <dimen name="x481">374.11dp</dimen>
    <dimen name="x482">374.89dp</dimen>
    <dimen name="x483">375.67dp</dimen>
    <dimen name="x484">376.44dp</dimen>
    <dimen name="x485">377.22dp</dimen>
    <dimen name="x486">378.00dp</dimen>
    <dimen name="x487">378.78dp</dimen>
    <dimen name="x488">379.56dp</dimen>
    <dimen name="x489">380.33dp</dimen>
    <dimen name="x490">381.11dp</dimen>
    <dimen name="x491">381.89dp</dimen>
    <dimen name="x492">382.67dp</dimen>
    <dimen name="x493">383.44dp</dimen>
    <dimen name="x494">384.22dp</dimen>
    <dimen name="x495">385.00dp</dimen>
    <dimen name="x496">385.78dp</dimen>
    <dimen name="x497">386.56dp</dimen>
    <dimen name="x498">387.33dp</dimen>
    <dimen name="x499">388.11dp</dimen>
    <dimen name="x500">388.89dp</dimen>
    <dimen name="x501">389.67dp</dimen>
    <dimen name="x502">390.44dp</dimen>
    <dimen name="x503">391.22dp</dimen>
    <dimen name="x504">392.00dp</dimen>
    <dimen name="x505">392.78dp</dimen>
    <dimen name="x506">393.56dp</dimen>
    <dimen name="x507">394.33dp</dimen>
    <dimen name="x508">395.11dp</dimen>
    <dimen name="x509">395.89dp</dimen>
    <dimen name="x510">396.67dp</dimen>
    <dimen name="x511">397.44dp</dimen>
    <dimen name="x512">398.22dp</dimen>
    <dimen name="x513">399.00dp</dimen>
    <dimen name="x514">399.78dp</dimen>
    <dimen name="x515">400.56dp</dimen>
    <dimen name="x516">401.33dp</dimen>
    <dimen name="x517">402.11dp</dimen>
    <dimen name="x518">402.89dp</dimen>
    <dimen name="x519">403.67dp</dimen>
    <dimen name="x520">404.44dp</dimen>
    <dimen name="x521">405.22dp</dimen>
    <dimen name="x522">406.00dp</dimen>
    <dimen name="x523">406.78dp</dimen>
    <dimen name="x524">407.56dp</dimen>
    <dimen name="x525">408.33dp</dimen>
    <dimen name="x526">409.11dp</dimen>
    <dimen name="x527">409.89dp</dimen>
    <dimen name="x528">410.67dp</dimen>
    <dimen name="x529">411.44dp</dimen>
    <dimen name="x530">412.22dp</dimen>
    <dimen name="x531">413.00dp</dimen>
    <dimen name="x532">413.78dp</dimen>
    <dimen name="x533">414.56dp</dimen>
    <dimen name="x534">415.33dp</dimen>
    <dimen name="x535">416.11dp</dimen>
    <dimen name="x536">416.89dp</dimen>
    <dimen name="x537">417.67dp</dimen>
    <dimen name="x538">418.44dp</dimen>
    <dimen name="x539">419.22dp</dimen>
    <dimen name="x540">420.00dp</dimen>
    <dimen name="x541">420.78dp</dimen>
    <dimen name="x542">421.56dp</dimen>
    <dimen name="x543">422.33dp</dimen>
    <dimen name="x544">423.11dp</dimen>
    <dimen name="x545">423.89dp</dimen>
    <dimen name="x546">424.67dp</dimen>
    <dimen name="x547">425.44dp</dimen>
    <dimen name="x548">426.22dp</dimen>
    <dimen name="x549">427.00dp</dimen>
    <dimen name="x550">427.78dp</dimen>
    <dimen name="x551">428.56dp</dimen>
    <dimen name="x552">429.33dp</dimen>
    <dimen name="x553">430.11dp</dimen>
    <dimen name="x554">430.89dp</dimen>
    <dimen name="x555">431.67dp</dimen>
    <dimen name="x556">432.44dp</dimen>
    <dimen name="x557">433.22dp</dimen>
    <dimen name="x558">434.00dp</dimen>
    <dimen name="x559">434.78dp</dimen>
    <dimen name="x560">435.56dp</dimen>
    <dimen name="x561">436.33dp</dimen>
    <dimen name="x562">437.11dp</dimen>
    <dimen name="x563">437.89dp</dimen>
    <dimen name="x564">438.67dp</dimen>
    <dimen name="x565">439.44dp</dimen>
    <dimen name="x566">440.22dp</dimen>
    <dimen name="x567">441.00dp</dimen>
    <dimen name="x568">441.78dp</dimen>
    <dimen name="x569">442.56dp</dimen>
    <dimen name="x570">443.33dp</dimen>
    <dimen name="x571">444.11dp</dimen>
    <dimen name="x572">444.89dp</dimen>
    <dimen name="x573">445.67dp</dimen>
    <dimen name="x574">446.44dp</dimen>
    <dimen name="x575">447.22dp</dimen>
    <dimen name="x576">448.00dp</dimen>
    <dimen name="x577">448.78dp</dimen>
    <dimen name="x578">449.56dp</dimen>
    <dimen name="x579">450.33dp</dimen>
    <dimen name="x580">451.11dp</dimen>
    <dimen name="x581">451.89dp</dimen>
    <dimen name="x582">452.67dp</dimen>
    <dimen name="x583">453.44dp</dimen>
    <dimen name="x584">454.22dp</dimen>
    <dimen name="x585">455.00dp</dimen>
    <dimen name="x586">455.78dp</dimen>
    <dimen name="x587">456.56dp</dimen>
    <dimen name="x588">457.33dp</dimen>
    <dimen name="x589">458.11dp</dimen>
    <dimen name="x590">458.89dp</dimen>
    <dimen name="x591">459.67dp</dimen>
    <dimen name="x592">460.44dp</dimen>
    <dimen name="x593">461.22dp</dimen>
    <dimen name="x594">462.00dp</dimen>
    <dimen name="x595">462.78dp</dimen>
    <dimen name="x596">463.56dp</dimen>
    <dimen name="x597">464.33dp</dimen>
    <dimen name="x598">465.11dp</dimen>
    <dimen name="x599">465.89dp</dimen>
    <dimen name="x600">466.67dp</dimen>
    <dimen name="x601">467.44dp</dimen>
    <dimen name="x602">468.22dp</dimen>
    <dimen name="x603">469.00dp</dimen>
    <dimen name="x604">469.78dp</dimen>
    <dimen name="x605">470.56dp</dimen>
    <dimen name="x606">471.33dp</dimen>
    <dimen name="x607">472.11dp</dimen>
    <dimen name="x608">472.89dp</dimen>
    <dimen name="x609">473.67dp</dimen>
    <dimen name="x610">474.44dp</dimen>
    <dimen name="x611">475.22dp</dimen>
    <dimen name="x612">476.00dp</dimen>
    <dimen name="x613">476.78dp</dimen>
    <dimen name="x614">477.56dp</dimen>
    <dimen name="x615">478.33dp</dimen>
    <dimen name="x616">479.11dp</dimen>
    <dimen name="x617">479.89dp</dimen>
    <dimen name="x618">480.67dp</dimen>
    <dimen name="x619">481.44dp</dimen>
    <dimen name="x620">482.22dp</dimen>
    <dimen name="x621">483.00dp</dimen>
    <dimen name="x622">483.78dp</dimen>
    <dimen name="x623">484.56dp</dimen>
    <dimen name="x624">485.33dp</dimen>
    <dimen name="x625">486.11dp</dimen>
    <dimen name="x626">486.89dp</dimen>
    <dimen name="x627">487.67dp</dimen>
    <dimen name="x628">488.44dp</dimen>
    <dimen name="x629">489.22dp</dimen>
    <dimen name="x630">490.00dp</dimen>
    <dimen name="x631">490.78dp</dimen>
    <dimen name="x632">491.56dp</dimen>
    <dimen name="x633">492.33dp</dimen>
    <dimen name="x634">493.11dp</dimen>
    <dimen name="x635">493.89dp</dimen>
    <dimen name="x636">494.67dp</dimen>
    <dimen name="x637">495.44dp</dimen>
    <dimen name="x638">496.22dp</dimen>
    <dimen name="x639">497.00dp</dimen>
    <dimen name="x640">497.78dp</dimen>
    <dimen name="x641">498.56dp</dimen>
    <dimen name="x642">499.33dp</dimen>
    <dimen name="x643">500.11dp</dimen>
    <dimen name="x644">500.89dp</dimen>
    <dimen name="x645">501.67dp</dimen>
    <dimen name="x646">502.44dp</dimen>
    <dimen name="x647">503.22dp</dimen>
    <dimen name="x648">504.00dp</dimen>
    <dimen name="x649">504.78dp</dimen>
    <dimen name="x650">505.56dp</dimen>
    <dimen name="x651">506.33dp</dimen>
    <dimen name="x652">507.11dp</dimen>
    <dimen name="x653">507.89dp</dimen>
    <dimen name="x654">508.67dp</dimen>
    <dimen name="x655">509.44dp</dimen>
    <dimen name="x656">510.22dp</dimen>
    <dimen name="x657">511.00dp</dimen>
    <dimen name="x658">511.78dp</dimen>
    <dimen name="x659">512.56dp</dimen>
    <dimen name="x660">513.33dp</dimen>
    <dimen name="x661">514.11dp</dimen>
    <dimen name="x662">514.89dp</dimen>
    <dimen name="x663">515.67dp</dimen>
    <dimen name="x664">516.44dp</dimen>
    <dimen name="x665">517.22dp</dimen>
    <dimen name="x666">518.00dp</dimen>
    <dimen name="x667">518.78dp</dimen>
    <dimen name="x668">519.56dp</dimen>
    <dimen name="x669">520.33dp</dimen>
    <dimen name="x670">521.11dp</dimen>
    <dimen name="x671">521.89dp</dimen>
    <dimen name="x672">522.67dp</dimen>
    <dimen name="x673">523.44dp</dimen>
    <dimen name="x674">524.22dp</dimen>
    <dimen name="x675">525.00dp</dimen>
    <dimen name="x676">525.78dp</dimen>
    <dimen name="x677">526.56dp</dimen>
    <dimen name="x678">527.33dp</dimen>
    <dimen name="x679">528.11dp</dimen>
    <dimen name="x680">528.89dp</dimen>
    <dimen name="x681">529.67dp</dimen>
    <dimen name="x682">530.44dp</dimen>
    <dimen name="x683">531.22dp</dimen>
    <dimen name="x684">532.00dp</dimen>
    <dimen name="x685">532.78dp</dimen>
    <dimen name="x686">533.56dp</dimen>
    <dimen name="x687">534.33dp</dimen>
    <dimen name="x688">535.11dp</dimen>
    <dimen name="x689">535.89dp</dimen>
    <dimen name="x690">536.67dp</dimen>
    <dimen name="x691">537.44dp</dimen>
    <dimen name="x692">538.22dp</dimen>
    <dimen name="x693">539.00dp</dimen>
    <dimen name="x694">539.78dp</dimen>
    <dimen name="x695">540.56dp</dimen>
    <dimen name="x696">541.33dp</dimen>
    <dimen name="x697">542.11dp</dimen>
    <dimen name="x698">542.89dp</dimen>
    <dimen name="x699">543.67dp</dimen>
    <dimen name="x700">544.44dp</dimen>
    <dimen name="x701">545.22dp</dimen>
    <dimen name="x702">546.00dp</dimen>
    <dimen name="x703">546.78dp</dimen>
    <dimen name="x704">547.56dp</dimen>
    <dimen name="x705">548.33dp</dimen>
    <dimen name="x706">549.11dp</dimen>
    <dimen name="x707">549.89dp</dimen>
    <dimen name="x708">550.67dp</dimen>
    <dimen name="x709">551.44dp</dimen>
    <dimen name="x710">552.22dp</dimen>
    <dimen name="x711">553.00dp</dimen>
    <dimen name="x712">553.78dp</dimen>
    <dimen name="x713">554.56dp</dimen>
    <dimen name="x714">555.33dp</dimen>
    <dimen name="x715">556.11dp</dimen>
    <dimen name="x716">556.89dp</dimen>
    <dimen name="x717">557.67dp</dimen>
    <dimen name="x718">558.44dp</dimen>
    <dimen name="x719">559.22dp</dimen>
    <dimen name="x720">560.00dp</dimen>
    <dimen name="x721">560.78dp</dimen>
    <dimen name="x722">561.56dp</dimen>
    <dimen name="x723">562.33dp</dimen>
    <dimen name="x724">563.11dp</dimen>
    <dimen name="x725">563.89dp</dimen>
    <dimen name="x726">564.67dp</dimen>
    <dimen name="x727">565.44dp</dimen>
    <dimen name="x728">566.22dp</dimen>
    <dimen name="x729">567.00dp</dimen>
    <dimen name="x730">567.78dp</dimen>
    <dimen name="x731">568.56dp</dimen>
    <dimen name="x732">569.33dp</dimen>
    <dimen name="x733">570.11dp</dimen>
    <dimen name="x734">570.89dp</dimen>
    <dimen name="x735">571.67dp</dimen>
    <dimen name="x736">572.44dp</dimen>
    <dimen name="x737">573.22dp</dimen>
    <dimen name="x738">574.00dp</dimen>
    <dimen name="x739">574.78dp</dimen>
    <dimen name="x740">575.56dp</dimen>
    <dimen name="x741">576.33dp</dimen>
    <dimen name="x742">577.11dp</dimen>
    <dimen name="x743">577.89dp</dimen>
    <dimen name="x744">578.67dp</dimen>
    <dimen name="x745">579.44dp</dimen>
    <dimen name="x746">580.22dp</dimen>
    <dimen name="x747">581.00dp</dimen>
    <dimen name="x748">581.78dp</dimen>
    <dimen name="x749">582.56dp</dimen>
    <dimen name="x750">583.33dp</dimen>
    <dimen name="x751">584.11dp</dimen>
    <dimen name="x752">584.89dp</dimen>
    <dimen name="x753">585.67dp</dimen>
    <dimen name="x754">586.44dp</dimen>
    <dimen name="x755">587.22dp</dimen>
    <dimen name="x756">588.00dp</dimen>
    <dimen name="x757">588.78dp</dimen>
    <dimen name="x758">589.56dp</dimen>
    <dimen name="x759">590.33dp</dimen>
    <dimen name="x760">591.11dp</dimen>
    <dimen name="x761">591.89dp</dimen>
    <dimen name="x762">592.67dp</dimen>
    <dimen name="x763">593.44dp</dimen>
    <dimen name="x764">594.22dp</dimen>
    <dimen name="x765">595.00dp</dimen>
    <dimen name="x766">595.78dp</dimen>
    <dimen name="x767">596.56dp</dimen>
    <dimen name="x768">597.33dp</dimen>
    <dimen name="x769">598.11dp</dimen>
    <dimen name="x770">598.89dp</dimen>
    <dimen name="x771">599.67dp</dimen>
    <dimen name="x772">600.44dp</dimen>
    <dimen name="x773">601.22dp</dimen>
    <dimen name="x774">602.00dp</dimen>
    <dimen name="x775">602.78dp</dimen>
    <dimen name="x776">603.56dp</dimen>
    <dimen name="x777">604.33dp</dimen>
    <dimen name="x778">605.11dp</dimen>
    <dimen name="x779">605.89dp</dimen>
    <dimen name="x780">606.67dp</dimen>
    <dimen name="x781">607.44dp</dimen>
    <dimen name="x782">608.22dp</dimen>
    <dimen name="x783">609.00dp</dimen>
    <dimen name="x784">609.78dp</dimen>
    <dimen name="x785">610.56dp</dimen>
    <dimen name="x786">611.33dp</dimen>
    <dimen name="x787">612.11dp</dimen>
    <dimen name="x788">612.89dp</dimen>
    <dimen name="x789">613.67dp</dimen>
    <dimen name="x790">614.44dp</dimen>
    <dimen name="x791">615.22dp</dimen>
    <dimen name="x792">616.00dp</dimen>
    <dimen name="x793">616.78dp</dimen>
    <dimen name="x794">617.56dp</dimen>
    <dimen name="x795">618.33dp</dimen>
    <dimen name="x796">619.11dp</dimen>
    <dimen name="x797">619.89dp</dimen>
    <dimen name="x798">620.67dp</dimen>
    <dimen name="x799">621.44dp</dimen>
    <dimen name="x800">622.22dp</dimen>
    <dimen name="x801">623.00dp</dimen>
    <dimen name="x802">623.78dp</dimen>
    <dimen name="x803">624.56dp</dimen>
    <dimen name="x804">625.33dp</dimen>
    <dimen name="x805">626.11dp</dimen>
    <dimen name="x806">626.89dp</dimen>
    <dimen name="x807">627.67dp</dimen>
    <dimen name="x808">628.44dp</dimen>
    <dimen name="x809">629.22dp</dimen>
    <dimen name="x810">630.00dp</dimen>
    <dimen name="x811">630.78dp</dimen>
    <dimen name="x812">631.56dp</dimen>
    <dimen name="x813">632.33dp</dimen>
    <dimen name="x814">633.11dp</dimen>
    <dimen name="x815">633.89dp</dimen>
    <dimen name="x816">634.67dp</dimen>
    <dimen name="x817">635.44dp</dimen>
    <dimen name="x818">636.22dp</dimen>
    <dimen name="x819">637.00dp</dimen>
    <dimen name="x820">637.78dp</dimen>
    <dimen name="x821">638.56dp</dimen>
    <dimen name="x822">639.33dp</dimen>
    <dimen name="x823">640.11dp</dimen>
    <dimen name="x824">640.89dp</dimen>
    <dimen name="x825">641.67dp</dimen>
    <dimen name="x826">642.44dp</dimen>
    <dimen name="x827">643.22dp</dimen>
    <dimen name="x828">644.00dp</dimen>
    <dimen name="x829">644.78dp</dimen>
    <dimen name="x830">645.56dp</dimen>
    <dimen name="x831">646.33dp</dimen>
    <dimen name="x832">647.11dp</dimen>
    <dimen name="x833">647.89dp</dimen>
    <dimen name="x834">648.67dp</dimen>
    <dimen name="x835">649.44dp</dimen>
    <dimen name="x836">650.22dp</dimen>
    <dimen name="x837">651.00dp</dimen>
    <dimen name="x838">651.78dp</dimen>
    <dimen name="x839">652.56dp</dimen>
    <dimen name="x840">653.33dp</dimen>
    <dimen name="x841">654.11dp</dimen>
    <dimen name="x842">654.89dp</dimen>
    <dimen name="x843">655.67dp</dimen>
    <dimen name="x844">656.44dp</dimen>
    <dimen name="x845">657.22dp</dimen>
    <dimen name="x846">658.00dp</dimen>
    <dimen name="x847">658.78dp</dimen>
    <dimen name="x848">659.56dp</dimen>
    <dimen name="x849">660.33dp</dimen>
    <dimen name="x850">661.11dp</dimen>
    <dimen name="x851">661.89dp</dimen>
    <dimen name="x852">662.67dp</dimen>
    <dimen name="x853">663.44dp</dimen>
    <dimen name="x854">664.22dp</dimen>
    <dimen name="x855">665.00dp</dimen>
    <dimen name="x856">665.78dp</dimen>
    <dimen name="x857">666.56dp</dimen>
    <dimen name="x858">667.33dp</dimen>
    <dimen name="x859">668.11dp</dimen>
    <dimen name="x860">668.89dp</dimen>
    <dimen name="x861">669.67dp</dimen>
    <dimen name="x862">670.44dp</dimen>
    <dimen name="x863">671.22dp</dimen>
    <dimen name="x864">672.00dp</dimen>
    <dimen name="x865">672.78dp</dimen>
    <dimen name="x866">673.56dp</dimen>
    <dimen name="x867">674.33dp</dimen>
    <dimen name="x868">675.11dp</dimen>
    <dimen name="x869">675.89dp</dimen>
    <dimen name="x870">676.67dp</dimen>
    <dimen name="x871">677.44dp</dimen>
    <dimen name="x872">678.22dp</dimen>
    <dimen name="x873">679.00dp</dimen>
    <dimen name="x874">679.78dp</dimen>
    <dimen name="x875">680.56dp</dimen>
    <dimen name="x876">681.33dp</dimen>
    <dimen name="x877">682.11dp</dimen>
    <dimen name="x878">682.89dp</dimen>
    <dimen name="x879">683.67dp</dimen>
    <dimen name="x880">684.44dp</dimen>
    <dimen name="x881">685.22dp</dimen>
    <dimen name="x882">686.00dp</dimen>
    <dimen name="x883">686.78dp</dimen>
    <dimen name="x884">687.56dp</dimen>
    <dimen name="x885">688.33dp</dimen>
    <dimen name="x886">689.11dp</dimen>
    <dimen name="x887">689.89dp</dimen>
    <dimen name="x888">690.67dp</dimen>
    <dimen name="x889">691.44dp</dimen>
    <dimen name="x890">692.22dp</dimen>
    <dimen name="x891">693.00dp</dimen>
    <dimen name="x892">693.78dp</dimen>
    <dimen name="x893">694.56dp</dimen>
    <dimen name="x894">695.33dp</dimen>
    <dimen name="x895">696.11dp</dimen>
    <dimen name="x896">696.89dp</dimen>
    <dimen name="x897">697.67dp</dimen>
    <dimen name="x898">698.44dp</dimen>
    <dimen name="x899">699.22dp</dimen>
    <dimen name="x900">700.00dp</dimen>
    <dimen name="x901">700.78dp</dimen>
    <dimen name="x902">701.56dp</dimen>
    <dimen name="x903">702.33dp</dimen>
    <dimen name="x904">703.11dp</dimen>
    <dimen name="x905">703.89dp</dimen>
    <dimen name="x906">704.67dp</dimen>
    <dimen name="x907">705.44dp</dimen>
    <dimen name="x908">706.22dp</dimen>
    <dimen name="x909">707.00dp</dimen>
    <dimen name="x910">707.78dp</dimen>
    <dimen name="x911">708.56dp</dimen>
    <dimen name="x912">709.33dp</dimen>
    <dimen name="x913">710.11dp</dimen>
    <dimen name="x914">710.89dp</dimen>
    <dimen name="x915">711.67dp</dimen>
    <dimen name="x916">712.44dp</dimen>
    <dimen name="x917">713.22dp</dimen>
    <dimen name="x918">714.00dp</dimen>
    <dimen name="x919">714.78dp</dimen>
    <dimen name="x920">715.56dp</dimen>
    <dimen name="x921">716.33dp</dimen>
    <dimen name="x922">717.11dp</dimen>
    <dimen name="x923">717.89dp</dimen>
    <dimen name="x924">718.67dp</dimen>
    <dimen name="x925">719.44dp</dimen>
    <dimen name="x926">720.22dp</dimen>
    <dimen name="x927">721.00dp</dimen>
    <dimen name="x928">721.78dp</dimen>
    <dimen name="x929">722.56dp</dimen>
    <dimen name="x930">723.33dp</dimen>
    <dimen name="x931">724.11dp</dimen>
    <dimen name="x932">724.89dp</dimen>
    <dimen name="x933">725.67dp</dimen>
    <dimen name="x934">726.44dp</dimen>
    <dimen name="x935">727.22dp</dimen>
    <dimen name="x936">728.00dp</dimen>
    <dimen name="x937">728.78dp</dimen>
    <dimen name="x938">729.56dp</dimen>
    <dimen name="x939">730.33dp</dimen>
    <dimen name="x940">731.11dp</dimen>
    <dimen name="x941">731.89dp</dimen>
    <dimen name="x942">732.67dp</dimen>
    <dimen name="x943">733.44dp</dimen>
    <dimen name="x944">734.22dp</dimen>
    <dimen name="x945">735.00dp</dimen>
    <dimen name="x946">735.78dp</dimen>
    <dimen name="x947">736.56dp</dimen>
    <dimen name="x948">737.33dp</dimen>
    <dimen name="x949">738.11dp</dimen>
    <dimen name="x950">738.89dp</dimen>
    <dimen name="x951">739.67dp</dimen>
    <dimen name="x952">740.44dp</dimen>
    <dimen name="x953">741.22dp</dimen>
    <dimen name="x954">742.00dp</dimen>
    <dimen name="x955">742.78dp</dimen>
    <dimen name="x956">743.56dp</dimen>
    <dimen name="x957">744.33dp</dimen>
    <dimen name="x958">745.11dp</dimen>
    <dimen name="x959">745.89dp</dimen>
    <dimen name="x960">746.67dp</dimen>
    <dimen name="x961">747.44dp</dimen>
    <dimen name="x962">748.22dp</dimen>
    <dimen name="x963">749.00dp</dimen>
    <dimen name="x964">749.78dp</dimen>
    <dimen name="x965">750.56dp</dimen>
    <dimen name="x966">751.33dp</dimen>
    <dimen name="x967">752.11dp</dimen>
    <dimen name="x968">752.89dp</dimen>
    <dimen name="x969">753.67dp</dimen>
    <dimen name="x970">754.44dp</dimen>
    <dimen name="x971">755.22dp</dimen>
    <dimen name="x972">756.00dp</dimen>
    <dimen name="x973">756.78dp</dimen>
    <dimen name="x974">757.56dp</dimen>
    <dimen name="x975">758.33dp</dimen>
    <dimen name="x976">759.11dp</dimen>
    <dimen name="x977">759.89dp</dimen>
    <dimen name="x978">760.67dp</dimen>
    <dimen name="x979">761.44dp</dimen>
    <dimen name="x980">762.22dp</dimen>
    <dimen name="x981">763.00dp</dimen>
    <dimen name="x982">763.78dp</dimen>
    <dimen name="x983">764.56dp</dimen>
    <dimen name="x984">765.33dp</dimen>
    <dimen name="x985">766.11dp</dimen>
    <dimen name="x986">766.89dp</dimen>
    <dimen name="x987">767.67dp</dimen>
    <dimen name="x988">768.44dp</dimen>
    <dimen name="x989">769.22dp</dimen>
    <dimen name="x990">770.00dp</dimen>
    <dimen name="x991">770.78dp</dimen>
    <dimen name="x992">771.56dp</dimen>
    <dimen name="x993">772.33dp</dimen>
    <dimen name="x994">773.11dp</dimen>
    <dimen name="x995">773.89dp</dimen>
    <dimen name="x996">774.67dp</dimen>
    <dimen name="x997">775.44dp</dimen>
    <dimen name="x998">776.22dp</dimen>
    <dimen name="x999">777.00dp</dimen>
    <dimen name="x1000">777.78dp</dimen>
    <dimen name="x1001">778.56dp</dimen>
    <dimen name="x1002">779.33dp</dimen>
    <dimen name="x1003">780.11dp</dimen>
    <dimen name="x1004">780.89dp</dimen>
    <dimen name="x1005">781.67dp</dimen>
    <dimen name="x1006">782.44dp</dimen>
    <dimen name="x1007">783.22dp</dimen>
    <dimen name="x1008">784.00dp</dimen>
    <dimen name="x1009">784.78dp</dimen>
    <dimen name="x1010">785.56dp</dimen>
    <dimen name="x1011">786.33dp</dimen>
    <dimen name="x1012">787.11dp</dimen>
    <dimen name="x1013">787.89dp</dimen>
    <dimen name="x1014">788.67dp</dimen>
    <dimen name="x1015">789.44dp</dimen>
    <dimen name="x1016">790.22dp</dimen>
    <dimen name="x1017">791.00dp</dimen>
    <dimen name="x1018">791.78dp</dimen>
    <dimen name="x1019">792.56dp</dimen>
    <dimen name="x1020">793.33dp</dimen>
    <dimen name="x1021">794.11dp</dimen>
    <dimen name="x1022">794.89dp</dimen>
    <dimen name="x1023">795.67dp</dimen>
    <dimen name="x1024">796.44dp</dimen>
    <dimen name="x1025">797.22dp</dimen>
    <dimen name="x1026">798.00dp</dimen>
    <dimen name="x1027">798.78dp</dimen>
    <dimen name="x1028">799.56dp</dimen>
    <dimen name="x1029">800.33dp</dimen>
    <dimen name="x1030">801.11dp</dimen>
    <dimen name="x1031">801.89dp</dimen>
    <dimen name="x1032">802.67dp</dimen>
    <dimen name="x1033">803.44dp</dimen>
    <dimen name="x1034">804.22dp</dimen>
    <dimen name="x1035">805.00dp</dimen>
    <dimen name="x1036">805.78dp</dimen>
    <dimen name="x1037">806.56dp</dimen>
    <dimen name="x1038">807.33dp</dimen>
    <dimen name="x1039">808.11dp</dimen>
    <dimen name="x1040">808.89dp</dimen>
    <dimen name="x1041">809.67dp</dimen>
    <dimen name="x1042">810.44dp</dimen>
    <dimen name="x1043">811.22dp</dimen>
    <dimen name="x1044">812.00dp</dimen>
    <dimen name="x1045">812.78dp</dimen>
    <dimen name="x1046">813.56dp</dimen>
    <dimen name="x1047">814.33dp</dimen>
    <dimen name="x1048">815.11dp</dimen>
    <dimen name="x1049">815.89dp</dimen>
    <dimen name="x1050">816.67dp</dimen>
    <dimen name="x1051">817.44dp</dimen>
    <dimen name="x1052">818.22dp</dimen>
    <dimen name="x1053">819.00dp</dimen>
    <dimen name="x1054">819.78dp</dimen>
    <dimen name="x1055">820.56dp</dimen>
    <dimen name="x1056">821.33dp</dimen>
    <dimen name="x1057">822.11dp</dimen>
    <dimen name="x1058">822.89dp</dimen>
    <dimen name="x1059">823.67dp</dimen>
    <dimen name="x1060">824.44dp</dimen>
    <dimen name="x1061">825.22dp</dimen>
    <dimen name="x1062">826.00dp</dimen>
    <dimen name="x1063">826.78dp</dimen>
    <dimen name="x1064">827.56dp</dimen>
    <dimen name="x1065">828.33dp</dimen>
    <dimen name="x1066">829.11dp</dimen>
    <dimen name="x1067">829.89dp</dimen>
    <dimen name="x1068">830.67dp</dimen>
    <dimen name="x1069">831.44dp</dimen>
    <dimen name="x1070">832.22dp</dimen>
    <dimen name="x1071">833.00dp</dimen>
    <dimen name="x1072">833.78dp</dimen>
    <dimen name="x1073">834.56dp</dimen>
    <dimen name="x1074">835.33dp</dimen>
    <dimen name="x1075">836.11dp</dimen>
    <dimen name="x1076">836.89dp</dimen>
    <dimen name="x1077">837.67dp</dimen>
    <dimen name="x1078">838.44dp</dimen>
    <dimen name="x1079">839.22dp</dimen>
    <dimen name="x1080">840.00dp</dimen>
</resources>