<?xml version="1.0" encoding="utf-8"?>
<resources>
    <string name="sw_dp">1830dp</string>
    <dimen name="x1">1.69dp</dimen>
    <dimen name="x2">3.39dp</dimen>
    <dimen name="x3">5.08dp</dimen>
    <dimen name="x4">6.78dp</dimen>
    <dimen name="x5">8.47dp</dimen>
    <dimen name="x6">10.17dp</dimen>
    <dimen name="x7">11.86dp</dimen>
    <dimen name="x8">13.56dp</dimen>
    <dimen name="x9">15.25dp</dimen>
    <dimen name="x10">16.94dp</dimen>
    <dimen name="x11">18.64dp</dimen>
    <dimen name="x12">20.33dp</dimen>
    <dimen name="x13">22.03dp</dimen>
    <dimen name="x14">23.72dp</dimen>
    <dimen name="x15">25.42dp</dimen>
    <dimen name="x16">27.11dp</dimen>
    <dimen name="x17">28.81dp</dimen>
    <dimen name="x18">30.50dp</dimen>
    <dimen name="x19">32.19dp</dimen>
    <dimen name="x20">33.89dp</dimen>
    <dimen name="x21">35.58dp</dimen>
    <dimen name="x22">37.28dp</dimen>
    <dimen name="x23">38.97dp</dimen>
    <dimen name="x24">40.67dp</dimen>
    <dimen name="x25">42.36dp</dimen>
    <dimen name="x26">44.06dp</dimen>
    <dimen name="x27">45.75dp</dimen>
    <dimen name="x28">47.44dp</dimen>
    <dimen name="x29">49.14dp</dimen>
    <dimen name="x30">50.83dp</dimen>
    <dimen name="x31">52.53dp</dimen>
    <dimen name="x32">54.22dp</dimen>
    <dimen name="x33">55.92dp</dimen>
    <dimen name="x34">57.61dp</dimen>
    <dimen name="x35">59.31dp</dimen>
    <dimen name="x36">61.00dp</dimen>
    <dimen name="x37">62.69dp</dimen>
    <dimen name="x38">64.39dp</dimen>
    <dimen name="x39">66.08dp</dimen>
    <dimen name="x40">67.78dp</dimen>
    <dimen name="x41">69.47dp</dimen>
    <dimen name="x42">71.17dp</dimen>
    <dimen name="x43">72.86dp</dimen>
    <dimen name="x44">74.56dp</dimen>
    <dimen name="x45">76.25dp</dimen>
    <dimen name="x46">77.94dp</dimen>
    <dimen name="x47">79.64dp</dimen>
    <dimen name="x48">81.33dp</dimen>
    <dimen name="x49">83.03dp</dimen>
    <dimen name="x50">84.72dp</dimen>
    <dimen name="x51">86.42dp</dimen>
    <dimen name="x52">88.11dp</dimen>
    <dimen name="x53">89.81dp</dimen>
    <dimen name="x54">91.50dp</dimen>
    <dimen name="x55">93.19dp</dimen>
    <dimen name="x56">94.89dp</dimen>
    <dimen name="x57">96.58dp</dimen>
    <dimen name="x58">98.28dp</dimen>
    <dimen name="x59">99.97dp</dimen>
    <dimen name="x60">101.67dp</dimen>
    <dimen name="x61">103.36dp</dimen>
    <dimen name="x62">105.06dp</dimen>
    <dimen name="x63">106.75dp</dimen>
    <dimen name="x64">108.44dp</dimen>
    <dimen name="x65">110.14dp</dimen>
    <dimen name="x66">111.83dp</dimen>
    <dimen name="x67">113.53dp</dimen>
    <dimen name="x68">115.22dp</dimen>
    <dimen name="x69">116.92dp</dimen>
    <dimen name="x70">118.61dp</dimen>
    <dimen name="x71">120.31dp</dimen>
    <dimen name="x72">122.00dp</dimen>
    <dimen name="x73">123.69dp</dimen>
    <dimen name="x74">125.39dp</dimen>
    <dimen name="x75">127.08dp</dimen>
    <dimen name="x76">128.78dp</dimen>
    <dimen name="x77">130.47dp</dimen>
    <dimen name="x78">132.17dp</dimen>
    <dimen name="x79">133.86dp</dimen>
    <dimen name="x80">135.56dp</dimen>
    <dimen name="x81">137.25dp</dimen>
    <dimen name="x82">138.94dp</dimen>
    <dimen name="x83">140.64dp</dimen>
    <dimen name="x84">142.33dp</dimen>
    <dimen name="x85">144.03dp</dimen>
    <dimen name="x86">145.72dp</dimen>
    <dimen name="x87">147.42dp</dimen>
    <dimen name="x88">149.11dp</dimen>
    <dimen name="x89">150.81dp</dimen>
    <dimen name="x90">152.50dp</dimen>
    <dimen name="x91">154.19dp</dimen>
    <dimen name="x92">155.89dp</dimen>
    <dimen name="x93">157.58dp</dimen>
    <dimen name="x94">159.28dp</dimen>
    <dimen name="x95">160.97dp</dimen>
    <dimen name="x96">162.67dp</dimen>
    <dimen name="x97">164.36dp</dimen>
    <dimen name="x98">166.06dp</dimen>
    <dimen name="x99">167.75dp</dimen>
    <dimen name="x100">169.44dp</dimen>
    <dimen name="x101">171.14dp</dimen>
    <dimen name="x102">172.83dp</dimen>
    <dimen name="x103">174.53dp</dimen>
    <dimen name="x104">176.22dp</dimen>
    <dimen name="x105">177.92dp</dimen>
    <dimen name="x106">179.61dp</dimen>
    <dimen name="x107">181.31dp</dimen>
    <dimen name="x108">183.00dp</dimen>
    <dimen name="x109">184.69dp</dimen>
    <dimen name="x110">186.39dp</dimen>
    <dimen name="x111">188.08dp</dimen>
    <dimen name="x112">189.78dp</dimen>
    <dimen name="x113">191.47dp</dimen>
    <dimen name="x114">193.17dp</dimen>
    <dimen name="x115">194.86dp</dimen>
    <dimen name="x116">196.56dp</dimen>
    <dimen name="x117">198.25dp</dimen>
    <dimen name="x118">199.94dp</dimen>
    <dimen name="x119">201.64dp</dimen>
    <dimen name="x120">203.33dp</dimen>
    <dimen name="x121">205.03dp</dimen>
    <dimen name="x122">206.72dp</dimen>
    <dimen name="x123">208.42dp</dimen>
    <dimen name="x124">210.11dp</dimen>
    <dimen name="x125">211.81dp</dimen>
    <dimen name="x126">213.50dp</dimen>
    <dimen name="x127">215.19dp</dimen>
    <dimen name="x128">216.89dp</dimen>
    <dimen name="x129">218.58dp</dimen>
    <dimen name="x130">220.28dp</dimen>
    <dimen name="x131">221.97dp</dimen>
    <dimen name="x132">223.67dp</dimen>
    <dimen name="x133">225.36dp</dimen>
    <dimen name="x134">227.06dp</dimen>
    <dimen name="x135">228.75dp</dimen>
    <dimen name="x136">230.44dp</dimen>
    <dimen name="x137">232.14dp</dimen>
    <dimen name="x138">233.83dp</dimen>
    <dimen name="x139">235.53dp</dimen>
    <dimen name="x140">237.22dp</dimen>
    <dimen name="x141">238.92dp</dimen>
    <dimen name="x142">240.61dp</dimen>
    <dimen name="x143">242.31dp</dimen>
    <dimen name="x144">244.00dp</dimen>
    <dimen name="x145">245.69dp</dimen>
    <dimen name="x146">247.39dp</dimen>
    <dimen name="x147">249.08dp</dimen>
    <dimen name="x148">250.78dp</dimen>
    <dimen name="x149">252.47dp</dimen>
    <dimen name="x150">254.17dp</dimen>
    <dimen name="x151">255.86dp</dimen>
    <dimen name="x152">257.56dp</dimen>
    <dimen name="x153">259.25dp</dimen>
    <dimen name="x154">260.94dp</dimen>
    <dimen name="x155">262.64dp</dimen>
    <dimen name="x156">264.33dp</dimen>
    <dimen name="x157">266.03dp</dimen>
    <dimen name="x158">267.72dp</dimen>
    <dimen name="x159">269.42dp</dimen>
    <dimen name="x160">271.11dp</dimen>
    <dimen name="x161">272.81dp</dimen>
    <dimen name="x162">274.50dp</dimen>
    <dimen name="x163">276.19dp</dimen>
    <dimen name="x164">277.89dp</dimen>
    <dimen name="x165">279.58dp</dimen>
    <dimen name="x166">281.28dp</dimen>
    <dimen name="x167">282.97dp</dimen>
    <dimen name="x168">284.67dp</dimen>
    <dimen name="x169">286.36dp</dimen>
    <dimen name="x170">288.06dp</dimen>
    <dimen name="x171">289.75dp</dimen>
    <dimen name="x172">291.44dp</dimen>
    <dimen name="x173">293.14dp</dimen>
    <dimen name="x174">294.83dp</dimen>
    <dimen name="x175">296.53dp</dimen>
    <dimen name="x176">298.22dp</dimen>
    <dimen name="x177">299.92dp</dimen>
    <dimen name="x178">301.61dp</dimen>
    <dimen name="x179">303.31dp</dimen>
    <dimen name="x180">305.00dp</dimen>
    <dimen name="x181">306.69dp</dimen>
    <dimen name="x182">308.39dp</dimen>
    <dimen name="x183">310.08dp</dimen>
    <dimen name="x184">311.78dp</dimen>
    <dimen name="x185">313.47dp</dimen>
    <dimen name="x186">315.17dp</dimen>
    <dimen name="x187">316.86dp</dimen>
    <dimen name="x188">318.56dp</dimen>
    <dimen name="x189">320.25dp</dimen>
    <dimen name="x190">321.94dp</dimen>
    <dimen name="x191">323.64dp</dimen>
    <dimen name="x192">325.33dp</dimen>
    <dimen name="x193">327.03dp</dimen>
    <dimen name="x194">328.72dp</dimen>
    <dimen name="x195">330.42dp</dimen>
    <dimen name="x196">332.11dp</dimen>
    <dimen name="x197">333.81dp</dimen>
    <dimen name="x198">335.50dp</dimen>
    <dimen name="x199">337.19dp</dimen>
    <dimen name="x200">338.89dp</dimen>
    <dimen name="x201">340.58dp</dimen>
    <dimen name="x202">342.28dp</dimen>
    <dimen name="x203">343.97dp</dimen>
    <dimen name="x204">345.67dp</dimen>
    <dimen name="x205">347.36dp</dimen>
    <dimen name="x206">349.06dp</dimen>
    <dimen name="x207">350.75dp</dimen>
    <dimen name="x208">352.44dp</dimen>
    <dimen name="x209">354.14dp</dimen>
    <dimen name="x210">355.83dp</dimen>
    <dimen name="x211">357.53dp</dimen>
    <dimen name="x212">359.22dp</dimen>
    <dimen name="x213">360.92dp</dimen>
    <dimen name="x214">362.61dp</dimen>
    <dimen name="x215">364.31dp</dimen>
    <dimen name="x216">366.00dp</dimen>
    <dimen name="x217">367.69dp</dimen>
    <dimen name="x218">369.39dp</dimen>
    <dimen name="x219">371.08dp</dimen>
    <dimen name="x220">372.78dp</dimen>
    <dimen name="x221">374.47dp</dimen>
    <dimen name="x222">376.17dp</dimen>
    <dimen name="x223">377.86dp</dimen>
    <dimen name="x224">379.56dp</dimen>
    <dimen name="x225">381.25dp</dimen>
    <dimen name="x226">382.94dp</dimen>
    <dimen name="x227">384.64dp</dimen>
    <dimen name="x228">386.33dp</dimen>
    <dimen name="x229">388.03dp</dimen>
    <dimen name="x230">389.72dp</dimen>
    <dimen name="x231">391.42dp</dimen>
    <dimen name="x232">393.11dp</dimen>
    <dimen name="x233">394.81dp</dimen>
    <dimen name="x234">396.50dp</dimen>
    <dimen name="x235">398.19dp</dimen>
    <dimen name="x236">399.89dp</dimen>
    <dimen name="x237">401.58dp</dimen>
    <dimen name="x238">403.28dp</dimen>
    <dimen name="x239">404.97dp</dimen>
    <dimen name="x240">406.67dp</dimen>
    <dimen name="x241">408.36dp</dimen>
    <dimen name="x242">410.06dp</dimen>
    <dimen name="x243">411.75dp</dimen>
    <dimen name="x244">413.44dp</dimen>
    <dimen name="x245">415.14dp</dimen>
    <dimen name="x246">416.83dp</dimen>
    <dimen name="x247">418.53dp</dimen>
    <dimen name="x248">420.22dp</dimen>
    <dimen name="x249">421.92dp</dimen>
    <dimen name="x250">423.61dp</dimen>
    <dimen name="x251">425.31dp</dimen>
    <dimen name="x252">427.00dp</dimen>
    <dimen name="x253">428.69dp</dimen>
    <dimen name="x254">430.39dp</dimen>
    <dimen name="x255">432.08dp</dimen>
    <dimen name="x256">433.78dp</dimen>
    <dimen name="x257">435.47dp</dimen>
    <dimen name="x258">437.17dp</dimen>
    <dimen name="x259">438.86dp</dimen>
    <dimen name="x260">440.56dp</dimen>
    <dimen name="x261">442.25dp</dimen>
    <dimen name="x262">443.94dp</dimen>
    <dimen name="x263">445.64dp</dimen>
    <dimen name="x264">447.33dp</dimen>
    <dimen name="x265">449.03dp</dimen>
    <dimen name="x266">450.72dp</dimen>
    <dimen name="x267">452.42dp</dimen>
    <dimen name="x268">454.11dp</dimen>
    <dimen name="x269">455.81dp</dimen>
    <dimen name="x270">457.50dp</dimen>
    <dimen name="x271">459.19dp</dimen>
    <dimen name="x272">460.89dp</dimen>
    <dimen name="x273">462.58dp</dimen>
    <dimen name="x274">464.28dp</dimen>
    <dimen name="x275">465.97dp</dimen>
    <dimen name="x276">467.67dp</dimen>
    <dimen name="x277">469.36dp</dimen>
    <dimen name="x278">471.06dp</dimen>
    <dimen name="x279">472.75dp</dimen>
    <dimen name="x280">474.44dp</dimen>
    <dimen name="x281">476.14dp</dimen>
    <dimen name="x282">477.83dp</dimen>
    <dimen name="x283">479.53dp</dimen>
    <dimen name="x284">481.22dp</dimen>
    <dimen name="x285">482.92dp</dimen>
    <dimen name="x286">484.61dp</dimen>
    <dimen name="x287">486.31dp</dimen>
    <dimen name="x288">488.00dp</dimen>
    <dimen name="x289">489.69dp</dimen>
    <dimen name="x290">491.39dp</dimen>
    <dimen name="x291">493.08dp</dimen>
    <dimen name="x292">494.78dp</dimen>
    <dimen name="x293">496.47dp</dimen>
    <dimen name="x294">498.17dp</dimen>
    <dimen name="x295">499.86dp</dimen>
    <dimen name="x296">501.56dp</dimen>
    <dimen name="x297">503.25dp</dimen>
    <dimen name="x298">504.94dp</dimen>
    <dimen name="x299">506.64dp</dimen>
    <dimen name="x300">508.33dp</dimen>
    <dimen name="x301">510.03dp</dimen>
    <dimen name="x302">511.72dp</dimen>
    <dimen name="x303">513.42dp</dimen>
    <dimen name="x304">515.11dp</dimen>
    <dimen name="x305">516.81dp</dimen>
    <dimen name="x306">518.50dp</dimen>
    <dimen name="x307">520.19dp</dimen>
    <dimen name="x308">521.89dp</dimen>
    <dimen name="x309">523.58dp</dimen>
    <dimen name="x310">525.28dp</dimen>
    <dimen name="x311">526.97dp</dimen>
    <dimen name="x312">528.67dp</dimen>
    <dimen name="x313">530.36dp</dimen>
    <dimen name="x314">532.06dp</dimen>
    <dimen name="x315">533.75dp</dimen>
    <dimen name="x316">535.44dp</dimen>
    <dimen name="x317">537.14dp</dimen>
    <dimen name="x318">538.83dp</dimen>
    <dimen name="x319">540.53dp</dimen>
    <dimen name="x320">542.22dp</dimen>
    <dimen name="x321">543.92dp</dimen>
    <dimen name="x322">545.61dp</dimen>
    <dimen name="x323">547.31dp</dimen>
    <dimen name="x324">549.00dp</dimen>
    <dimen name="x325">550.69dp</dimen>
    <dimen name="x326">552.39dp</dimen>
    <dimen name="x327">554.08dp</dimen>
    <dimen name="x328">555.78dp</dimen>
    <dimen name="x329">557.47dp</dimen>
    <dimen name="x330">559.17dp</dimen>
    <dimen name="x331">560.86dp</dimen>
    <dimen name="x332">562.56dp</dimen>
    <dimen name="x333">564.25dp</dimen>
    <dimen name="x334">565.94dp</dimen>
    <dimen name="x335">567.64dp</dimen>
    <dimen name="x336">569.33dp</dimen>
    <dimen name="x337">571.03dp</dimen>
    <dimen name="x338">572.72dp</dimen>
    <dimen name="x339">574.42dp</dimen>
    <dimen name="x340">576.11dp</dimen>
    <dimen name="x341">577.81dp</dimen>
    <dimen name="x342">579.50dp</dimen>
    <dimen name="x343">581.19dp</dimen>
    <dimen name="x344">582.89dp</dimen>
    <dimen name="x345">584.58dp</dimen>
    <dimen name="x346">586.28dp</dimen>
    <dimen name="x347">587.97dp</dimen>
    <dimen name="x348">589.67dp</dimen>
    <dimen name="x349">591.36dp</dimen>
    <dimen name="x350">593.06dp</dimen>
    <dimen name="x351">594.75dp</dimen>
    <dimen name="x352">596.44dp</dimen>
    <dimen name="x353">598.14dp</dimen>
    <dimen name="x354">599.83dp</dimen>
    <dimen name="x355">601.53dp</dimen>
    <dimen name="x356">603.22dp</dimen>
    <dimen name="x357">604.92dp</dimen>
    <dimen name="x358">606.61dp</dimen>
    <dimen name="x359">608.31dp</dimen>
    <dimen name="x360">610.00dp</dimen>
    <dimen name="x361">611.69dp</dimen>
    <dimen name="x362">613.39dp</dimen>
    <dimen name="x363">615.08dp</dimen>
    <dimen name="x364">616.78dp</dimen>
    <dimen name="x365">618.47dp</dimen>
    <dimen name="x366">620.17dp</dimen>
    <dimen name="x367">621.86dp</dimen>
    <dimen name="x368">623.56dp</dimen>
    <dimen name="x369">625.25dp</dimen>
    <dimen name="x370">626.94dp</dimen>
    <dimen name="x371">628.64dp</dimen>
    <dimen name="x372">630.33dp</dimen>
    <dimen name="x373">632.03dp</dimen>
    <dimen name="x374">633.72dp</dimen>
    <dimen name="x375">635.42dp</dimen>
    <dimen name="x376">637.11dp</dimen>
    <dimen name="x377">638.81dp</dimen>
    <dimen name="x378">640.50dp</dimen>
    <dimen name="x379">642.19dp</dimen>
    <dimen name="x380">643.89dp</dimen>
    <dimen name="x381">645.58dp</dimen>
    <dimen name="x382">647.28dp</dimen>
    <dimen name="x383">648.97dp</dimen>
    <dimen name="x384">650.67dp</dimen>
    <dimen name="x385">652.36dp</dimen>
    <dimen name="x386">654.06dp</dimen>
    <dimen name="x387">655.75dp</dimen>
    <dimen name="x388">657.44dp</dimen>
    <dimen name="x389">659.14dp</dimen>
    <dimen name="x390">660.83dp</dimen>
    <dimen name="x391">662.53dp</dimen>
    <dimen name="x392">664.22dp</dimen>
    <dimen name="x393">665.92dp</dimen>
    <dimen name="x394">667.61dp</dimen>
    <dimen name="x395">669.31dp</dimen>
    <dimen name="x396">671.00dp</dimen>
    <dimen name="x397">672.69dp</dimen>
    <dimen name="x398">674.39dp</dimen>
    <dimen name="x399">676.08dp</dimen>
    <dimen name="x400">677.78dp</dimen>
    <dimen name="x401">679.47dp</dimen>
    <dimen name="x402">681.17dp</dimen>
    <dimen name="x403">682.86dp</dimen>
    <dimen name="x404">684.56dp</dimen>
    <dimen name="x405">686.25dp</dimen>
    <dimen name="x406">687.94dp</dimen>
    <dimen name="x407">689.64dp</dimen>
    <dimen name="x408">691.33dp</dimen>
    <dimen name="x409">693.03dp</dimen>
    <dimen name="x410">694.72dp</dimen>
    <dimen name="x411">696.42dp</dimen>
    <dimen name="x412">698.11dp</dimen>
    <dimen name="x413">699.81dp</dimen>
    <dimen name="x414">701.50dp</dimen>
    <dimen name="x415">703.19dp</dimen>
    <dimen name="x416">704.89dp</dimen>
    <dimen name="x417">706.58dp</dimen>
    <dimen name="x418">708.28dp</dimen>
    <dimen name="x419">709.97dp</dimen>
    <dimen name="x420">711.67dp</dimen>
    <dimen name="x421">713.36dp</dimen>
    <dimen name="x422">715.06dp</dimen>
    <dimen name="x423">716.75dp</dimen>
    <dimen name="x424">718.44dp</dimen>
    <dimen name="x425">720.14dp</dimen>
    <dimen name="x426">721.83dp</dimen>
    <dimen name="x427">723.53dp</dimen>
    <dimen name="x428">725.22dp</dimen>
    <dimen name="x429">726.92dp</dimen>
    <dimen name="x430">728.61dp</dimen>
    <dimen name="x431">730.31dp</dimen>
    <dimen name="x432">732.00dp</dimen>
    <dimen name="x433">733.69dp</dimen>
    <dimen name="x434">735.39dp</dimen>
    <dimen name="x435">737.08dp</dimen>
    <dimen name="x436">738.78dp</dimen>
    <dimen name="x437">740.47dp</dimen>
    <dimen name="x438">742.17dp</dimen>
    <dimen name="x439">743.86dp</dimen>
    <dimen name="x440">745.56dp</dimen>
    <dimen name="x441">747.25dp</dimen>
    <dimen name="x442">748.94dp</dimen>
    <dimen name="x443">750.64dp</dimen>
    <dimen name="x444">752.33dp</dimen>
    <dimen name="x445">754.03dp</dimen>
    <dimen name="x446">755.72dp</dimen>
    <dimen name="x447">757.42dp</dimen>
    <dimen name="x448">759.11dp</dimen>
    <dimen name="x449">760.81dp</dimen>
    <dimen name="x450">762.50dp</dimen>
    <dimen name="x451">764.19dp</dimen>
    <dimen name="x452">765.89dp</dimen>
    <dimen name="x453">767.58dp</dimen>
    <dimen name="x454">769.28dp</dimen>
    <dimen name="x455">770.97dp</dimen>
    <dimen name="x456">772.67dp</dimen>
    <dimen name="x457">774.36dp</dimen>
    <dimen name="x458">776.06dp</dimen>
    <dimen name="x459">777.75dp</dimen>
    <dimen name="x460">779.44dp</dimen>
    <dimen name="x461">781.14dp</dimen>
    <dimen name="x462">782.83dp</dimen>
    <dimen name="x463">784.53dp</dimen>
    <dimen name="x464">786.22dp</dimen>
    <dimen name="x465">787.92dp</dimen>
    <dimen name="x466">789.61dp</dimen>
    <dimen name="x467">791.31dp</dimen>
    <dimen name="x468">793.00dp</dimen>
    <dimen name="x469">794.69dp</dimen>
    <dimen name="x470">796.39dp</dimen>
    <dimen name="x471">798.08dp</dimen>
    <dimen name="x472">799.78dp</dimen>
    <dimen name="x473">801.47dp</dimen>
    <dimen name="x474">803.17dp</dimen>
    <dimen name="x475">804.86dp</dimen>
    <dimen name="x476">806.56dp</dimen>
    <dimen name="x477">808.25dp</dimen>
    <dimen name="x478">809.94dp</dimen>
    <dimen name="x479">811.64dp</dimen>
    <dimen name="x480">813.33dp</dimen>
    <dimen name="x481">815.03dp</dimen>
    <dimen name="x482">816.72dp</dimen>
    <dimen name="x483">818.42dp</dimen>
    <dimen name="x484">820.11dp</dimen>
    <dimen name="x485">821.81dp</dimen>
    <dimen name="x486">823.50dp</dimen>
    <dimen name="x487">825.19dp</dimen>
    <dimen name="x488">826.89dp</dimen>
    <dimen name="x489">828.58dp</dimen>
    <dimen name="x490">830.28dp</dimen>
    <dimen name="x491">831.97dp</dimen>
    <dimen name="x492">833.67dp</dimen>
    <dimen name="x493">835.36dp</dimen>
    <dimen name="x494">837.06dp</dimen>
    <dimen name="x495">838.75dp</dimen>
    <dimen name="x496">840.44dp</dimen>
    <dimen name="x497">842.14dp</dimen>
    <dimen name="x498">843.83dp</dimen>
    <dimen name="x499">845.53dp</dimen>
    <dimen name="x500">847.22dp</dimen>
    <dimen name="x501">848.92dp</dimen>
    <dimen name="x502">850.61dp</dimen>
    <dimen name="x503">852.31dp</dimen>
    <dimen name="x504">854.00dp</dimen>
    <dimen name="x505">855.69dp</dimen>
    <dimen name="x506">857.39dp</dimen>
    <dimen name="x507">859.08dp</dimen>
    <dimen name="x508">860.78dp</dimen>
    <dimen name="x509">862.47dp</dimen>
    <dimen name="x510">864.17dp</dimen>
    <dimen name="x511">865.86dp</dimen>
    <dimen name="x512">867.56dp</dimen>
    <dimen name="x513">869.25dp</dimen>
    <dimen name="x514">870.94dp</dimen>
    <dimen name="x515">872.64dp</dimen>
    <dimen name="x516">874.33dp</dimen>
    <dimen name="x517">876.03dp</dimen>
    <dimen name="x518">877.72dp</dimen>
    <dimen name="x519">879.42dp</dimen>
    <dimen name="x520">881.11dp</dimen>
    <dimen name="x521">882.81dp</dimen>
    <dimen name="x522">884.50dp</dimen>
    <dimen name="x523">886.19dp</dimen>
    <dimen name="x524">887.89dp</dimen>
    <dimen name="x525">889.58dp</dimen>
    <dimen name="x526">891.28dp</dimen>
    <dimen name="x527">892.97dp</dimen>
    <dimen name="x528">894.67dp</dimen>
    <dimen name="x529">896.36dp</dimen>
    <dimen name="x530">898.06dp</dimen>
    <dimen name="x531">899.75dp</dimen>
    <dimen name="x532">901.44dp</dimen>
    <dimen name="x533">903.14dp</dimen>
    <dimen name="x534">904.83dp</dimen>
    <dimen name="x535">906.53dp</dimen>
    <dimen name="x536">908.22dp</dimen>
    <dimen name="x537">909.92dp</dimen>
    <dimen name="x538">911.61dp</dimen>
    <dimen name="x539">913.31dp</dimen>
    <dimen name="x540">915.00dp</dimen>
    <dimen name="x541">916.69dp</dimen>
    <dimen name="x542">918.39dp</dimen>
    <dimen name="x543">920.08dp</dimen>
    <dimen name="x544">921.78dp</dimen>
    <dimen name="x545">923.47dp</dimen>
    <dimen name="x546">925.17dp</dimen>
    <dimen name="x547">926.86dp</dimen>
    <dimen name="x548">928.56dp</dimen>
    <dimen name="x549">930.25dp</dimen>
    <dimen name="x550">931.94dp</dimen>
    <dimen name="x551">933.64dp</dimen>
    <dimen name="x552">935.33dp</dimen>
    <dimen name="x553">937.03dp</dimen>
    <dimen name="x554">938.72dp</dimen>
    <dimen name="x555">940.42dp</dimen>
    <dimen name="x556">942.11dp</dimen>
    <dimen name="x557">943.81dp</dimen>
    <dimen name="x558">945.50dp</dimen>
    <dimen name="x559">947.19dp</dimen>
    <dimen name="x560">948.89dp</dimen>
    <dimen name="x561">950.58dp</dimen>
    <dimen name="x562">952.28dp</dimen>
    <dimen name="x563">953.97dp</dimen>
    <dimen name="x564">955.67dp</dimen>
    <dimen name="x565">957.36dp</dimen>
    <dimen name="x566">959.06dp</dimen>
    <dimen name="x567">960.75dp</dimen>
    <dimen name="x568">962.44dp</dimen>
    <dimen name="x569">964.14dp</dimen>
    <dimen name="x570">965.83dp</dimen>
    <dimen name="x571">967.53dp</dimen>
    <dimen name="x572">969.22dp</dimen>
    <dimen name="x573">970.92dp</dimen>
    <dimen name="x574">972.61dp</dimen>
    <dimen name="x575">974.31dp</dimen>
    <dimen name="x576">976.00dp</dimen>
    <dimen name="x577">977.69dp</dimen>
    <dimen name="x578">979.39dp</dimen>
    <dimen name="x579">981.08dp</dimen>
    <dimen name="x580">982.78dp</dimen>
    <dimen name="x581">984.47dp</dimen>
    <dimen name="x582">986.17dp</dimen>
    <dimen name="x583">987.86dp</dimen>
    <dimen name="x584">989.56dp</dimen>
    <dimen name="x585">991.25dp</dimen>
    <dimen name="x586">992.94dp</dimen>
    <dimen name="x587">994.64dp</dimen>
    <dimen name="x588">996.33dp</dimen>
    <dimen name="x589">998.03dp</dimen>
    <dimen name="x590">999.72dp</dimen>
    <dimen name="x591">1001.42dp</dimen>
    <dimen name="x592">1003.11dp</dimen>
    <dimen name="x593">1004.81dp</dimen>
    <dimen name="x594">1006.50dp</dimen>
    <dimen name="x595">1008.19dp</dimen>
    <dimen name="x596">1009.89dp</dimen>
    <dimen name="x597">1011.58dp</dimen>
    <dimen name="x598">1013.28dp</dimen>
    <dimen name="x599">1014.97dp</dimen>
    <dimen name="x600">1016.67dp</dimen>
    <dimen name="x601">1018.36dp</dimen>
    <dimen name="x602">1020.06dp</dimen>
    <dimen name="x603">1021.75dp</dimen>
    <dimen name="x604">1023.44dp</dimen>
    <dimen name="x605">1025.14dp</dimen>
    <dimen name="x606">1026.83dp</dimen>
    <dimen name="x607">1028.53dp</dimen>
    <dimen name="x608">1030.22dp</dimen>
    <dimen name="x609">1031.92dp</dimen>
    <dimen name="x610">1033.61dp</dimen>
    <dimen name="x611">1035.31dp</dimen>
    <dimen name="x612">1037.00dp</dimen>
    <dimen name="x613">1038.69dp</dimen>
    <dimen name="x614">1040.39dp</dimen>
    <dimen name="x615">1042.08dp</dimen>
    <dimen name="x616">1043.78dp</dimen>
    <dimen name="x617">1045.47dp</dimen>
    <dimen name="x618">1047.17dp</dimen>
    <dimen name="x619">1048.86dp</dimen>
    <dimen name="x620">1050.56dp</dimen>
    <dimen name="x621">1052.25dp</dimen>
    <dimen name="x622">1053.94dp</dimen>
    <dimen name="x623">1055.64dp</dimen>
    <dimen name="x624">1057.33dp</dimen>
    <dimen name="x625">1059.03dp</dimen>
    <dimen name="x626">1060.72dp</dimen>
    <dimen name="x627">1062.42dp</dimen>
    <dimen name="x628">1064.11dp</dimen>
    <dimen name="x629">1065.81dp</dimen>
    <dimen name="x630">1067.50dp</dimen>
    <dimen name="x631">1069.19dp</dimen>
    <dimen name="x632">1070.89dp</dimen>
    <dimen name="x633">1072.58dp</dimen>
    <dimen name="x634">1074.28dp</dimen>
    <dimen name="x635">1075.97dp</dimen>
    <dimen name="x636">1077.67dp</dimen>
    <dimen name="x637">1079.36dp</dimen>
    <dimen name="x638">1081.06dp</dimen>
    <dimen name="x639">1082.75dp</dimen>
    <dimen name="x640">1084.44dp</dimen>
    <dimen name="x641">1086.14dp</dimen>
    <dimen name="x642">1087.83dp</dimen>
    <dimen name="x643">1089.53dp</dimen>
    <dimen name="x644">1091.22dp</dimen>
    <dimen name="x645">1092.92dp</dimen>
    <dimen name="x646">1094.61dp</dimen>
    <dimen name="x647">1096.31dp</dimen>
    <dimen name="x648">1098.00dp</dimen>
    <dimen name="x649">1099.69dp</dimen>
    <dimen name="x650">1101.39dp</dimen>
    <dimen name="x651">1103.08dp</dimen>
    <dimen name="x652">1104.78dp</dimen>
    <dimen name="x653">1106.47dp</dimen>
    <dimen name="x654">1108.17dp</dimen>
    <dimen name="x655">1109.86dp</dimen>
    <dimen name="x656">1111.56dp</dimen>
    <dimen name="x657">1113.25dp</dimen>
    <dimen name="x658">1114.94dp</dimen>
    <dimen name="x659">1116.64dp</dimen>
    <dimen name="x660">1118.33dp</dimen>
    <dimen name="x661">1120.03dp</dimen>
    <dimen name="x662">1121.72dp</dimen>
    <dimen name="x663">1123.42dp</dimen>
    <dimen name="x664">1125.11dp</dimen>
    <dimen name="x665">1126.81dp</dimen>
    <dimen name="x666">1128.50dp</dimen>
    <dimen name="x667">1130.19dp</dimen>
    <dimen name="x668">1131.89dp</dimen>
    <dimen name="x669">1133.58dp</dimen>
    <dimen name="x670">1135.28dp</dimen>
    <dimen name="x671">1136.97dp</dimen>
    <dimen name="x672">1138.67dp</dimen>
    <dimen name="x673">1140.36dp</dimen>
    <dimen name="x674">1142.06dp</dimen>
    <dimen name="x675">1143.75dp</dimen>
    <dimen name="x676">1145.44dp</dimen>
    <dimen name="x677">1147.14dp</dimen>
    <dimen name="x678">1148.83dp</dimen>
    <dimen name="x679">1150.53dp</dimen>
    <dimen name="x680">1152.22dp</dimen>
    <dimen name="x681">1153.92dp</dimen>
    <dimen name="x682">1155.61dp</dimen>
    <dimen name="x683">1157.31dp</dimen>
    <dimen name="x684">1159.00dp</dimen>
    <dimen name="x685">1160.69dp</dimen>
    <dimen name="x686">1162.39dp</dimen>
    <dimen name="x687">1164.08dp</dimen>
    <dimen name="x688">1165.78dp</dimen>
    <dimen name="x689">1167.47dp</dimen>
    <dimen name="x690">1169.17dp</dimen>
    <dimen name="x691">1170.86dp</dimen>
    <dimen name="x692">1172.56dp</dimen>
    <dimen name="x693">1174.25dp</dimen>
    <dimen name="x694">1175.94dp</dimen>
    <dimen name="x695">1177.64dp</dimen>
    <dimen name="x696">1179.33dp</dimen>
    <dimen name="x697">1181.03dp</dimen>
    <dimen name="x698">1182.72dp</dimen>
    <dimen name="x699">1184.42dp</dimen>
    <dimen name="x700">1186.11dp</dimen>
    <dimen name="x701">1187.81dp</dimen>
    <dimen name="x702">1189.50dp</dimen>
    <dimen name="x703">1191.19dp</dimen>
    <dimen name="x704">1192.89dp</dimen>
    <dimen name="x705">1194.58dp</dimen>
    <dimen name="x706">1196.28dp</dimen>
    <dimen name="x707">1197.97dp</dimen>
    <dimen name="x708">1199.67dp</dimen>
    <dimen name="x709">1201.36dp</dimen>
    <dimen name="x710">1203.06dp</dimen>
    <dimen name="x711">1204.75dp</dimen>
    <dimen name="x712">1206.44dp</dimen>
    <dimen name="x713">1208.14dp</dimen>
    <dimen name="x714">1209.83dp</dimen>
    <dimen name="x715">1211.53dp</dimen>
    <dimen name="x716">1213.22dp</dimen>
    <dimen name="x717">1214.92dp</dimen>
    <dimen name="x718">1216.61dp</dimen>
    <dimen name="x719">1218.31dp</dimen>
    <dimen name="x720">1220.00dp</dimen>
    <dimen name="x721">1221.69dp</dimen>
    <dimen name="x722">1223.39dp</dimen>
    <dimen name="x723">1225.08dp</dimen>
    <dimen name="x724">1226.78dp</dimen>
    <dimen name="x725">1228.47dp</dimen>
    <dimen name="x726">1230.17dp</dimen>
    <dimen name="x727">1231.86dp</dimen>
    <dimen name="x728">1233.56dp</dimen>
    <dimen name="x729">1235.25dp</dimen>
    <dimen name="x730">1236.94dp</dimen>
    <dimen name="x731">1238.64dp</dimen>
    <dimen name="x732">1240.33dp</dimen>
    <dimen name="x733">1242.03dp</dimen>
    <dimen name="x734">1243.72dp</dimen>
    <dimen name="x735">1245.42dp</dimen>
    <dimen name="x736">1247.11dp</dimen>
    <dimen name="x737">1248.81dp</dimen>
    <dimen name="x738">1250.50dp</dimen>
    <dimen name="x739">1252.19dp</dimen>
    <dimen name="x740">1253.89dp</dimen>
    <dimen name="x741">1255.58dp</dimen>
    <dimen name="x742">1257.28dp</dimen>
    <dimen name="x743">1258.97dp</dimen>
    <dimen name="x744">1260.67dp</dimen>
    <dimen name="x745">1262.36dp</dimen>
    <dimen name="x746">1264.06dp</dimen>
    <dimen name="x747">1265.75dp</dimen>
    <dimen name="x748">1267.44dp</dimen>
    <dimen name="x749">1269.14dp</dimen>
    <dimen name="x750">1270.83dp</dimen>
    <dimen name="x751">1272.53dp</dimen>
    <dimen name="x752">1274.22dp</dimen>
    <dimen name="x753">1275.92dp</dimen>
    <dimen name="x754">1277.61dp</dimen>
    <dimen name="x755">1279.31dp</dimen>
    <dimen name="x756">1281.00dp</dimen>
    <dimen name="x757">1282.69dp</dimen>
    <dimen name="x758">1284.39dp</dimen>
    <dimen name="x759">1286.08dp</dimen>
    <dimen name="x760">1287.78dp</dimen>
    <dimen name="x761">1289.47dp</dimen>
    <dimen name="x762">1291.17dp</dimen>
    <dimen name="x763">1292.86dp</dimen>
    <dimen name="x764">1294.56dp</dimen>
    <dimen name="x765">1296.25dp</dimen>
    <dimen name="x766">1297.94dp</dimen>
    <dimen name="x767">1299.64dp</dimen>
    <dimen name="x768">1301.33dp</dimen>
    <dimen name="x769">1303.03dp</dimen>
    <dimen name="x770">1304.72dp</dimen>
    <dimen name="x771">1306.42dp</dimen>
    <dimen name="x772">1308.11dp</dimen>
    <dimen name="x773">1309.81dp</dimen>
    <dimen name="x774">1311.50dp</dimen>
    <dimen name="x775">1313.19dp</dimen>
    <dimen name="x776">1314.89dp</dimen>
    <dimen name="x777">1316.58dp</dimen>
    <dimen name="x778">1318.28dp</dimen>
    <dimen name="x779">1319.97dp</dimen>
    <dimen name="x780">1321.67dp</dimen>
    <dimen name="x781">1323.36dp</dimen>
    <dimen name="x782">1325.06dp</dimen>
    <dimen name="x783">1326.75dp</dimen>
    <dimen name="x784">1328.44dp</dimen>
    <dimen name="x785">1330.14dp</dimen>
    <dimen name="x786">1331.83dp</dimen>
    <dimen name="x787">1333.53dp</dimen>
    <dimen name="x788">1335.22dp</dimen>
    <dimen name="x789">1336.92dp</dimen>
    <dimen name="x790">1338.61dp</dimen>
    <dimen name="x791">1340.31dp</dimen>
    <dimen name="x792">1342.00dp</dimen>
    <dimen name="x793">1343.69dp</dimen>
    <dimen name="x794">1345.39dp</dimen>
    <dimen name="x795">1347.08dp</dimen>
    <dimen name="x796">1348.78dp</dimen>
    <dimen name="x797">1350.47dp</dimen>
    <dimen name="x798">1352.17dp</dimen>
    <dimen name="x799">1353.86dp</dimen>
    <dimen name="x800">1355.56dp</dimen>
    <dimen name="x801">1357.25dp</dimen>
    <dimen name="x802">1358.94dp</dimen>
    <dimen name="x803">1360.64dp</dimen>
    <dimen name="x804">1362.33dp</dimen>
    <dimen name="x805">1364.03dp</dimen>
    <dimen name="x806">1365.72dp</dimen>
    <dimen name="x807">1367.42dp</dimen>
    <dimen name="x808">1369.11dp</dimen>
    <dimen name="x809">1370.81dp</dimen>
    <dimen name="x810">1372.50dp</dimen>
    <dimen name="x811">1374.19dp</dimen>
    <dimen name="x812">1375.89dp</dimen>
    <dimen name="x813">1377.58dp</dimen>
    <dimen name="x814">1379.28dp</dimen>
    <dimen name="x815">1380.97dp</dimen>
    <dimen name="x816">1382.67dp</dimen>
    <dimen name="x817">1384.36dp</dimen>
    <dimen name="x818">1386.06dp</dimen>
    <dimen name="x819">1387.75dp</dimen>
    <dimen name="x820">1389.44dp</dimen>
    <dimen name="x821">1391.14dp</dimen>
    <dimen name="x822">1392.83dp</dimen>
    <dimen name="x823">1394.53dp</dimen>
    <dimen name="x824">1396.22dp</dimen>
    <dimen name="x825">1397.92dp</dimen>
    <dimen name="x826">1399.61dp</dimen>
    <dimen name="x827">1401.31dp</dimen>
    <dimen name="x828">1403.00dp</dimen>
    <dimen name="x829">1404.69dp</dimen>
    <dimen name="x830">1406.39dp</dimen>
    <dimen name="x831">1408.08dp</dimen>
    <dimen name="x832">1409.78dp</dimen>
    <dimen name="x833">1411.47dp</dimen>
    <dimen name="x834">1413.17dp</dimen>
    <dimen name="x835">1414.86dp</dimen>
    <dimen name="x836">1416.56dp</dimen>
    <dimen name="x837">1418.25dp</dimen>
    <dimen name="x838">1419.94dp</dimen>
    <dimen name="x839">1421.64dp</dimen>
    <dimen name="x840">1423.33dp</dimen>
    <dimen name="x841">1425.03dp</dimen>
    <dimen name="x842">1426.72dp</dimen>
    <dimen name="x843">1428.42dp</dimen>
    <dimen name="x844">1430.11dp</dimen>
    <dimen name="x845">1431.81dp</dimen>
    <dimen name="x846">1433.50dp</dimen>
    <dimen name="x847">1435.19dp</dimen>
    <dimen name="x848">1436.89dp</dimen>
    <dimen name="x849">1438.58dp</dimen>
    <dimen name="x850">1440.28dp</dimen>
    <dimen name="x851">1441.97dp</dimen>
    <dimen name="x852">1443.67dp</dimen>
    <dimen name="x853">1445.36dp</dimen>
    <dimen name="x854">1447.06dp</dimen>
    <dimen name="x855">1448.75dp</dimen>
    <dimen name="x856">1450.44dp</dimen>
    <dimen name="x857">1452.14dp</dimen>
    <dimen name="x858">1453.83dp</dimen>
    <dimen name="x859">1455.53dp</dimen>
    <dimen name="x860">1457.22dp</dimen>
    <dimen name="x861">1458.92dp</dimen>
    <dimen name="x862">1460.61dp</dimen>
    <dimen name="x863">1462.31dp</dimen>
    <dimen name="x864">1464.00dp</dimen>
    <dimen name="x865">1465.69dp</dimen>
    <dimen name="x866">1467.39dp</dimen>
    <dimen name="x867">1469.08dp</dimen>
    <dimen name="x868">1470.78dp</dimen>
    <dimen name="x869">1472.47dp</dimen>
    <dimen name="x870">1474.17dp</dimen>
    <dimen name="x871">1475.86dp</dimen>
    <dimen name="x872">1477.56dp</dimen>
    <dimen name="x873">1479.25dp</dimen>
    <dimen name="x874">1480.94dp</dimen>
    <dimen name="x875">1482.64dp</dimen>
    <dimen name="x876">1484.33dp</dimen>
    <dimen name="x877">1486.03dp</dimen>
    <dimen name="x878">1487.72dp</dimen>
    <dimen name="x879">1489.42dp</dimen>
    <dimen name="x880">1491.11dp</dimen>
    <dimen name="x881">1492.81dp</dimen>
    <dimen name="x882">1494.50dp</dimen>
    <dimen name="x883">1496.19dp</dimen>
    <dimen name="x884">1497.89dp</dimen>
    <dimen name="x885">1499.58dp</dimen>
    <dimen name="x886">1501.28dp</dimen>
    <dimen name="x887">1502.97dp</dimen>
    <dimen name="x888">1504.67dp</dimen>
    <dimen name="x889">1506.36dp</dimen>
    <dimen name="x890">1508.06dp</dimen>
    <dimen name="x891">1509.75dp</dimen>
    <dimen name="x892">1511.44dp</dimen>
    <dimen name="x893">1513.14dp</dimen>
    <dimen name="x894">1514.83dp</dimen>
    <dimen name="x895">1516.53dp</dimen>
    <dimen name="x896">1518.22dp</dimen>
    <dimen name="x897">1519.92dp</dimen>
    <dimen name="x898">1521.61dp</dimen>
    <dimen name="x899">1523.31dp</dimen>
    <dimen name="x900">1525.00dp</dimen>
    <dimen name="x901">1526.69dp</dimen>
    <dimen name="x902">1528.39dp</dimen>
    <dimen name="x903">1530.08dp</dimen>
    <dimen name="x904">1531.78dp</dimen>
    <dimen name="x905">1533.47dp</dimen>
    <dimen name="x906">1535.17dp</dimen>
    <dimen name="x907">1536.86dp</dimen>
    <dimen name="x908">1538.56dp</dimen>
    <dimen name="x909">1540.25dp</dimen>
    <dimen name="x910">1541.94dp</dimen>
    <dimen name="x911">1543.64dp</dimen>
    <dimen name="x912">1545.33dp</dimen>
    <dimen name="x913">1547.03dp</dimen>
    <dimen name="x914">1548.72dp</dimen>
    <dimen name="x915">1550.42dp</dimen>
    <dimen name="x916">1552.11dp</dimen>
    <dimen name="x917">1553.81dp</dimen>
    <dimen name="x918">1555.50dp</dimen>
    <dimen name="x919">1557.19dp</dimen>
    <dimen name="x920">1558.89dp</dimen>
    <dimen name="x921">1560.58dp</dimen>
    <dimen name="x922">1562.28dp</dimen>
    <dimen name="x923">1563.97dp</dimen>
    <dimen name="x924">1565.67dp</dimen>
    <dimen name="x925">1567.36dp</dimen>
    <dimen name="x926">1569.06dp</dimen>
    <dimen name="x927">1570.75dp</dimen>
    <dimen name="x928">1572.44dp</dimen>
    <dimen name="x929">1574.14dp</dimen>
    <dimen name="x930">1575.83dp</dimen>
    <dimen name="x931">1577.53dp</dimen>
    <dimen name="x932">1579.22dp</dimen>
    <dimen name="x933">1580.92dp</dimen>
    <dimen name="x934">1582.61dp</dimen>
    <dimen name="x935">1584.31dp</dimen>
    <dimen name="x936">1586.00dp</dimen>
    <dimen name="x937">1587.69dp</dimen>
    <dimen name="x938">1589.39dp</dimen>
    <dimen name="x939">1591.08dp</dimen>
    <dimen name="x940">1592.78dp</dimen>
    <dimen name="x941">1594.47dp</dimen>
    <dimen name="x942">1596.17dp</dimen>
    <dimen name="x943">1597.86dp</dimen>
    <dimen name="x944">1599.56dp</dimen>
    <dimen name="x945">1601.25dp</dimen>
    <dimen name="x946">1602.94dp</dimen>
    <dimen name="x947">1604.64dp</dimen>
    <dimen name="x948">1606.33dp</dimen>
    <dimen name="x949">1608.03dp</dimen>
    <dimen name="x950">1609.72dp</dimen>
    <dimen name="x951">1611.42dp</dimen>
    <dimen name="x952">1613.11dp</dimen>
    <dimen name="x953">1614.81dp</dimen>
    <dimen name="x954">1616.50dp</dimen>
    <dimen name="x955">1618.19dp</dimen>
    <dimen name="x956">1619.89dp</dimen>
    <dimen name="x957">1621.58dp</dimen>
    <dimen name="x958">1623.28dp</dimen>
    <dimen name="x959">1624.97dp</dimen>
    <dimen name="x960">1626.67dp</dimen>
    <dimen name="x961">1628.36dp</dimen>
    <dimen name="x962">1630.06dp</dimen>
    <dimen name="x963">1631.75dp</dimen>
    <dimen name="x964">1633.44dp</dimen>
    <dimen name="x965">1635.14dp</dimen>
    <dimen name="x966">1636.83dp</dimen>
    <dimen name="x967">1638.53dp</dimen>
    <dimen name="x968">1640.22dp</dimen>
    <dimen name="x969">1641.92dp</dimen>
    <dimen name="x970">1643.61dp</dimen>
    <dimen name="x971">1645.31dp</dimen>
    <dimen name="x972">1647.00dp</dimen>
    <dimen name="x973">1648.69dp</dimen>
    <dimen name="x974">1650.39dp</dimen>
    <dimen name="x975">1652.08dp</dimen>
    <dimen name="x976">1653.78dp</dimen>
    <dimen name="x977">1655.47dp</dimen>
    <dimen name="x978">1657.17dp</dimen>
    <dimen name="x979">1658.86dp</dimen>
    <dimen name="x980">1660.56dp</dimen>
    <dimen name="x981">1662.25dp</dimen>
    <dimen name="x982">1663.94dp</dimen>
    <dimen name="x983">1665.64dp</dimen>
    <dimen name="x984">1667.33dp</dimen>
    <dimen name="x985">1669.03dp</dimen>
    <dimen name="x986">1670.72dp</dimen>
    <dimen name="x987">1672.42dp</dimen>
    <dimen name="x988">1674.11dp</dimen>
    <dimen name="x989">1675.81dp</dimen>
    <dimen name="x990">1677.50dp</dimen>
    <dimen name="x991">1679.19dp</dimen>
    <dimen name="x992">1680.89dp</dimen>
    <dimen name="x993">1682.58dp</dimen>
    <dimen name="x994">1684.28dp</dimen>
    <dimen name="x995">1685.97dp</dimen>
    <dimen name="x996">1687.67dp</dimen>
    <dimen name="x997">1689.36dp</dimen>
    <dimen name="x998">1691.06dp</dimen>
    <dimen name="x999">1692.75dp</dimen>
    <dimen name="x1000">1694.44dp</dimen>
    <dimen name="x1001">1696.14dp</dimen>
    <dimen name="x1002">1697.83dp</dimen>
    <dimen name="x1003">1699.53dp</dimen>
    <dimen name="x1004">1701.22dp</dimen>
    <dimen name="x1005">1702.92dp</dimen>
    <dimen name="x1006">1704.61dp</dimen>
    <dimen name="x1007">1706.31dp</dimen>
    <dimen name="x1008">1708.00dp</dimen>
    <dimen name="x1009">1709.69dp</dimen>
    <dimen name="x1010">1711.39dp</dimen>
    <dimen name="x1011">1713.08dp</dimen>
    <dimen name="x1012">1714.78dp</dimen>
    <dimen name="x1013">1716.47dp</dimen>
    <dimen name="x1014">1718.17dp</dimen>
    <dimen name="x1015">1719.86dp</dimen>
    <dimen name="x1016">1721.56dp</dimen>
    <dimen name="x1017">1723.25dp</dimen>
    <dimen name="x1018">1724.94dp</dimen>
    <dimen name="x1019">1726.64dp</dimen>
    <dimen name="x1020">1728.33dp</dimen>
    <dimen name="x1021">1730.03dp</dimen>
    <dimen name="x1022">1731.72dp</dimen>
    <dimen name="x1023">1733.42dp</dimen>
    <dimen name="x1024">1735.11dp</dimen>
    <dimen name="x1025">1736.81dp</dimen>
    <dimen name="x1026">1738.50dp</dimen>
    <dimen name="x1027">1740.19dp</dimen>
    <dimen name="x1028">1741.89dp</dimen>
    <dimen name="x1029">1743.58dp</dimen>
    <dimen name="x1030">1745.28dp</dimen>
    <dimen name="x1031">1746.97dp</dimen>
    <dimen name="x1032">1748.67dp</dimen>
    <dimen name="x1033">1750.36dp</dimen>
    <dimen name="x1034">1752.06dp</dimen>
    <dimen name="x1035">1753.75dp</dimen>
    <dimen name="x1036">1755.44dp</dimen>
    <dimen name="x1037">1757.14dp</dimen>
    <dimen name="x1038">1758.83dp</dimen>
    <dimen name="x1039">1760.53dp</dimen>
    <dimen name="x1040">1762.22dp</dimen>
    <dimen name="x1041">1763.92dp</dimen>
    <dimen name="x1042">1765.61dp</dimen>
    <dimen name="x1043">1767.31dp</dimen>
    <dimen name="x1044">1769.00dp</dimen>
    <dimen name="x1045">1770.69dp</dimen>
    <dimen name="x1046">1772.39dp</dimen>
    <dimen name="x1047">1774.08dp</dimen>
    <dimen name="x1048">1775.78dp</dimen>
    <dimen name="x1049">1777.47dp</dimen>
    <dimen name="x1050">1779.17dp</dimen>
    <dimen name="x1051">1780.86dp</dimen>
    <dimen name="x1052">1782.56dp</dimen>
    <dimen name="x1053">1784.25dp</dimen>
    <dimen name="x1054">1785.94dp</dimen>
    <dimen name="x1055">1787.64dp</dimen>
    <dimen name="x1056">1789.33dp</dimen>
    <dimen name="x1057">1791.03dp</dimen>
    <dimen name="x1058">1792.72dp</dimen>
    <dimen name="x1059">1794.42dp</dimen>
    <dimen name="x1060">1796.11dp</dimen>
    <dimen name="x1061">1797.81dp</dimen>
    <dimen name="x1062">1799.50dp</dimen>
    <dimen name="x1063">1801.19dp</dimen>
    <dimen name="x1064">1802.89dp</dimen>
    <dimen name="x1065">1804.58dp</dimen>
    <dimen name="x1066">1806.28dp</dimen>
    <dimen name="x1067">1807.97dp</dimen>
    <dimen name="x1068">1809.67dp</dimen>
    <dimen name="x1069">1811.36dp</dimen>
    <dimen name="x1070">1813.06dp</dimen>
    <dimen name="x1071">1814.75dp</dimen>
    <dimen name="x1072">1816.44dp</dimen>
    <dimen name="x1073">1818.14dp</dimen>
    <dimen name="x1074">1819.83dp</dimen>
    <dimen name="x1075">1821.53dp</dimen>
    <dimen name="x1076">1823.22dp</dimen>
    <dimen name="x1077">1824.92dp</dimen>
    <dimen name="x1078">1826.61dp</dimen>
    <dimen name="x1079">1828.31dp</dimen>
    <dimen name="x1080">1830.00dp</dimen>
</resources>