<?xml version="1.0" encoding="utf-8"?>
<resources>
    <string name="sw_dp">1680dp</string>
    <dimen name="x1">1.56dp</dimen>
    <dimen name="x2">3.11dp</dimen>
    <dimen name="x3">4.67dp</dimen>
    <dimen name="x4">6.22dp</dimen>
    <dimen name="x5">7.78dp</dimen>
    <dimen name="x6">9.33dp</dimen>
    <dimen name="x7">10.89dp</dimen>
    <dimen name="x8">12.44dp</dimen>
    <dimen name="x9">14.00dp</dimen>
    <dimen name="x10">15.56dp</dimen>
    <dimen name="x11">17.11dp</dimen>
    <dimen name="x12">18.67dp</dimen>
    <dimen name="x13">20.22dp</dimen>
    <dimen name="x14">21.78dp</dimen>
    <dimen name="x15">23.33dp</dimen>
    <dimen name="x16">24.89dp</dimen>
    <dimen name="x17">26.44dp</dimen>
    <dimen name="x18">28.00dp</dimen>
    <dimen name="x19">29.56dp</dimen>
    <dimen name="x20">31.11dp</dimen>
    <dimen name="x21">32.67dp</dimen>
    <dimen name="x22">34.22dp</dimen>
    <dimen name="x23">35.78dp</dimen>
    <dimen name="x24">37.33dp</dimen>
    <dimen name="x25">38.89dp</dimen>
    <dimen name="x26">40.44dp</dimen>
    <dimen name="x27">42.00dp</dimen>
    <dimen name="x28">43.56dp</dimen>
    <dimen name="x29">45.11dp</dimen>
    <dimen name="x30">46.67dp</dimen>
    <dimen name="x31">48.22dp</dimen>
    <dimen name="x32">49.78dp</dimen>
    <dimen name="x33">51.33dp</dimen>
    <dimen name="x34">52.89dp</dimen>
    <dimen name="x35">54.44dp</dimen>
    <dimen name="x36">56.00dp</dimen>
    <dimen name="x37">57.56dp</dimen>
    <dimen name="x38">59.11dp</dimen>
    <dimen name="x39">60.67dp</dimen>
    <dimen name="x40">62.22dp</dimen>
    <dimen name="x41">63.78dp</dimen>
    <dimen name="x42">65.33dp</dimen>
    <dimen name="x43">66.89dp</dimen>
    <dimen name="x44">68.44dp</dimen>
    <dimen name="x45">70.00dp</dimen>
    <dimen name="x46">71.56dp</dimen>
    <dimen name="x47">73.11dp</dimen>
    <dimen name="x48">74.67dp</dimen>
    <dimen name="x49">76.22dp</dimen>
    <dimen name="x50">77.78dp</dimen>
    <dimen name="x51">79.33dp</dimen>
    <dimen name="x52">80.89dp</dimen>
    <dimen name="x53">82.44dp</dimen>
    <dimen name="x54">84.00dp</dimen>
    <dimen name="x55">85.56dp</dimen>
    <dimen name="x56">87.11dp</dimen>
    <dimen name="x57">88.67dp</dimen>
    <dimen name="x58">90.22dp</dimen>
    <dimen name="x59">91.78dp</dimen>
    <dimen name="x60">93.33dp</dimen>
    <dimen name="x61">94.89dp</dimen>
    <dimen name="x62">96.44dp</dimen>
    <dimen name="x63">98.00dp</dimen>
    <dimen name="x64">99.56dp</dimen>
    <dimen name="x65">101.11dp</dimen>
    <dimen name="x66">102.67dp</dimen>
    <dimen name="x67">104.22dp</dimen>
    <dimen name="x68">105.78dp</dimen>
    <dimen name="x69">107.33dp</dimen>
    <dimen name="x70">108.89dp</dimen>
    <dimen name="x71">110.44dp</dimen>
    <dimen name="x72">112.00dp</dimen>
    <dimen name="x73">113.56dp</dimen>
    <dimen name="x74">115.11dp</dimen>
    <dimen name="x75">116.67dp</dimen>
    <dimen name="x76">118.22dp</dimen>
    <dimen name="x77">119.78dp</dimen>
    <dimen name="x78">121.33dp</dimen>
    <dimen name="x79">122.89dp</dimen>
    <dimen name="x80">124.44dp</dimen>
    <dimen name="x81">126.00dp</dimen>
    <dimen name="x82">127.56dp</dimen>
    <dimen name="x83">129.11dp</dimen>
    <dimen name="x84">130.67dp</dimen>
    <dimen name="x85">132.22dp</dimen>
    <dimen name="x86">133.78dp</dimen>
    <dimen name="x87">135.33dp</dimen>
    <dimen name="x88">136.89dp</dimen>
    <dimen name="x89">138.44dp</dimen>
    <dimen name="x90">140.00dp</dimen>
    <dimen name="x91">141.56dp</dimen>
    <dimen name="x92">143.11dp</dimen>
    <dimen name="x93">144.67dp</dimen>
    <dimen name="x94">146.22dp</dimen>
    <dimen name="x95">147.78dp</dimen>
    <dimen name="x96">149.33dp</dimen>
    <dimen name="x97">150.89dp</dimen>
    <dimen name="x98">152.44dp</dimen>
    <dimen name="x99">154.00dp</dimen>
    <dimen name="x100">155.56dp</dimen>
    <dimen name="x101">157.11dp</dimen>
    <dimen name="x102">158.67dp</dimen>
    <dimen name="x103">160.22dp</dimen>
    <dimen name="x104">161.78dp</dimen>
    <dimen name="x105">163.33dp</dimen>
    <dimen name="x106">164.89dp</dimen>
    <dimen name="x107">166.44dp</dimen>
    <dimen name="x108">168.00dp</dimen>
    <dimen name="x109">169.56dp</dimen>
    <dimen name="x110">171.11dp</dimen>
    <dimen name="x111">172.67dp</dimen>
    <dimen name="x112">174.22dp</dimen>
    <dimen name="x113">175.78dp</dimen>
    <dimen name="x114">177.33dp</dimen>
    <dimen name="x115">178.89dp</dimen>
    <dimen name="x116">180.44dp</dimen>
    <dimen name="x117">182.00dp</dimen>
    <dimen name="x118">183.56dp</dimen>
    <dimen name="x119">185.11dp</dimen>
    <dimen name="x120">186.67dp</dimen>
    <dimen name="x121">188.22dp</dimen>
    <dimen name="x122">189.78dp</dimen>
    <dimen name="x123">191.33dp</dimen>
    <dimen name="x124">192.89dp</dimen>
    <dimen name="x125">194.44dp</dimen>
    <dimen name="x126">196.00dp</dimen>
    <dimen name="x127">197.56dp</dimen>
    <dimen name="x128">199.11dp</dimen>
    <dimen name="x129">200.67dp</dimen>
    <dimen name="x130">202.22dp</dimen>
    <dimen name="x131">203.78dp</dimen>
    <dimen name="x132">205.33dp</dimen>
    <dimen name="x133">206.89dp</dimen>
    <dimen name="x134">208.44dp</dimen>
    <dimen name="x135">210.00dp</dimen>
    <dimen name="x136">211.56dp</dimen>
    <dimen name="x137">213.11dp</dimen>
    <dimen name="x138">214.67dp</dimen>
    <dimen name="x139">216.22dp</dimen>
    <dimen name="x140">217.78dp</dimen>
    <dimen name="x141">219.33dp</dimen>
    <dimen name="x142">220.89dp</dimen>
    <dimen name="x143">222.44dp</dimen>
    <dimen name="x144">224.00dp</dimen>
    <dimen name="x145">225.56dp</dimen>
    <dimen name="x146">227.11dp</dimen>
    <dimen name="x147">228.67dp</dimen>
    <dimen name="x148">230.22dp</dimen>
    <dimen name="x149">231.78dp</dimen>
    <dimen name="x150">233.33dp</dimen>
    <dimen name="x151">234.89dp</dimen>
    <dimen name="x152">236.44dp</dimen>
    <dimen name="x153">238.00dp</dimen>
    <dimen name="x154">239.56dp</dimen>
    <dimen name="x155">241.11dp</dimen>
    <dimen name="x156">242.67dp</dimen>
    <dimen name="x157">244.22dp</dimen>
    <dimen name="x158">245.78dp</dimen>
    <dimen name="x159">247.33dp</dimen>
    <dimen name="x160">248.89dp</dimen>
    <dimen name="x161">250.44dp</dimen>
    <dimen name="x162">252.00dp</dimen>
    <dimen name="x163">253.56dp</dimen>
    <dimen name="x164">255.11dp</dimen>
    <dimen name="x165">256.67dp</dimen>
    <dimen name="x166">258.22dp</dimen>
    <dimen name="x167">259.78dp</dimen>
    <dimen name="x168">261.33dp</dimen>
    <dimen name="x169">262.89dp</dimen>
    <dimen name="x170">264.44dp</dimen>
    <dimen name="x171">266.00dp</dimen>
    <dimen name="x172">267.56dp</dimen>
    <dimen name="x173">269.11dp</dimen>
    <dimen name="x174">270.67dp</dimen>
    <dimen name="x175">272.22dp</dimen>
    <dimen name="x176">273.78dp</dimen>
    <dimen name="x177">275.33dp</dimen>
    <dimen name="x178">276.89dp</dimen>
    <dimen name="x179">278.44dp</dimen>
    <dimen name="x180">280.00dp</dimen>
    <dimen name="x181">281.56dp</dimen>
    <dimen name="x182">283.11dp</dimen>
    <dimen name="x183">284.67dp</dimen>
    <dimen name="x184">286.22dp</dimen>
    <dimen name="x185">287.78dp</dimen>
    <dimen name="x186">289.33dp</dimen>
    <dimen name="x187">290.89dp</dimen>
    <dimen name="x188">292.44dp</dimen>
    <dimen name="x189">294.00dp</dimen>
    <dimen name="x190">295.56dp</dimen>
    <dimen name="x191">297.11dp</dimen>
    <dimen name="x192">298.67dp</dimen>
    <dimen name="x193">300.22dp</dimen>
    <dimen name="x194">301.78dp</dimen>
    <dimen name="x195">303.33dp</dimen>
    <dimen name="x196">304.89dp</dimen>
    <dimen name="x197">306.44dp</dimen>
    <dimen name="x198">308.00dp</dimen>
    <dimen name="x199">309.56dp</dimen>
    <dimen name="x200">311.11dp</dimen>
    <dimen name="x201">312.67dp</dimen>
    <dimen name="x202">314.22dp</dimen>
    <dimen name="x203">315.78dp</dimen>
    <dimen name="x204">317.33dp</dimen>
    <dimen name="x205">318.89dp</dimen>
    <dimen name="x206">320.44dp</dimen>
    <dimen name="x207">322.00dp</dimen>
    <dimen name="x208">323.56dp</dimen>
    <dimen name="x209">325.11dp</dimen>
    <dimen name="x210">326.67dp</dimen>
    <dimen name="x211">328.22dp</dimen>
    <dimen name="x212">329.78dp</dimen>
    <dimen name="x213">331.33dp</dimen>
    <dimen name="x214">332.89dp</dimen>
    <dimen name="x215">334.44dp</dimen>
    <dimen name="x216">336.00dp</dimen>
    <dimen name="x217">337.56dp</dimen>
    <dimen name="x218">339.11dp</dimen>
    <dimen name="x219">340.67dp</dimen>
    <dimen name="x220">342.22dp</dimen>
    <dimen name="x221">343.78dp</dimen>
    <dimen name="x222">345.33dp</dimen>
    <dimen name="x223">346.89dp</dimen>
    <dimen name="x224">348.44dp</dimen>
    <dimen name="x225">350.00dp</dimen>
    <dimen name="x226">351.56dp</dimen>
    <dimen name="x227">353.11dp</dimen>
    <dimen name="x228">354.67dp</dimen>
    <dimen name="x229">356.22dp</dimen>
    <dimen name="x230">357.78dp</dimen>
    <dimen name="x231">359.33dp</dimen>
    <dimen name="x232">360.89dp</dimen>
    <dimen name="x233">362.44dp</dimen>
    <dimen name="x234">364.00dp</dimen>
    <dimen name="x235">365.56dp</dimen>
    <dimen name="x236">367.11dp</dimen>
    <dimen name="x237">368.67dp</dimen>
    <dimen name="x238">370.22dp</dimen>
    <dimen name="x239">371.78dp</dimen>
    <dimen name="x240">373.33dp</dimen>
    <dimen name="x241">374.89dp</dimen>
    <dimen name="x242">376.44dp</dimen>
    <dimen name="x243">378.00dp</dimen>
    <dimen name="x244">379.56dp</dimen>
    <dimen name="x245">381.11dp</dimen>
    <dimen name="x246">382.67dp</dimen>
    <dimen name="x247">384.22dp</dimen>
    <dimen name="x248">385.78dp</dimen>
    <dimen name="x249">387.33dp</dimen>
    <dimen name="x250">388.89dp</dimen>
    <dimen name="x251">390.44dp</dimen>
    <dimen name="x252">392.00dp</dimen>
    <dimen name="x253">393.56dp</dimen>
    <dimen name="x254">395.11dp</dimen>
    <dimen name="x255">396.67dp</dimen>
    <dimen name="x256">398.22dp</dimen>
    <dimen name="x257">399.78dp</dimen>
    <dimen name="x258">401.33dp</dimen>
    <dimen name="x259">402.89dp</dimen>
    <dimen name="x260">404.44dp</dimen>
    <dimen name="x261">406.00dp</dimen>
    <dimen name="x262">407.56dp</dimen>
    <dimen name="x263">409.11dp</dimen>
    <dimen name="x264">410.67dp</dimen>
    <dimen name="x265">412.22dp</dimen>
    <dimen name="x266">413.78dp</dimen>
    <dimen name="x267">415.33dp</dimen>
    <dimen name="x268">416.89dp</dimen>
    <dimen name="x269">418.44dp</dimen>
    <dimen name="x270">420.00dp</dimen>
    <dimen name="x271">421.56dp</dimen>
    <dimen name="x272">423.11dp</dimen>
    <dimen name="x273">424.67dp</dimen>
    <dimen name="x274">426.22dp</dimen>
    <dimen name="x275">427.78dp</dimen>
    <dimen name="x276">429.33dp</dimen>
    <dimen name="x277">430.89dp</dimen>
    <dimen name="x278">432.44dp</dimen>
    <dimen name="x279">434.00dp</dimen>
    <dimen name="x280">435.56dp</dimen>
    <dimen name="x281">437.11dp</dimen>
    <dimen name="x282">438.67dp</dimen>
    <dimen name="x283">440.22dp</dimen>
    <dimen name="x284">441.78dp</dimen>
    <dimen name="x285">443.33dp</dimen>
    <dimen name="x286">444.89dp</dimen>
    <dimen name="x287">446.44dp</dimen>
    <dimen name="x288">448.00dp</dimen>
    <dimen name="x289">449.56dp</dimen>
    <dimen name="x290">451.11dp</dimen>
    <dimen name="x291">452.67dp</dimen>
    <dimen name="x292">454.22dp</dimen>
    <dimen name="x293">455.78dp</dimen>
    <dimen name="x294">457.33dp</dimen>
    <dimen name="x295">458.89dp</dimen>
    <dimen name="x296">460.44dp</dimen>
    <dimen name="x297">462.00dp</dimen>
    <dimen name="x298">463.56dp</dimen>
    <dimen name="x299">465.11dp</dimen>
    <dimen name="x300">466.67dp</dimen>
    <dimen name="x301">468.22dp</dimen>
    <dimen name="x302">469.78dp</dimen>
    <dimen name="x303">471.33dp</dimen>
    <dimen name="x304">472.89dp</dimen>
    <dimen name="x305">474.44dp</dimen>
    <dimen name="x306">476.00dp</dimen>
    <dimen name="x307">477.56dp</dimen>
    <dimen name="x308">479.11dp</dimen>
    <dimen name="x309">480.67dp</dimen>
    <dimen name="x310">482.22dp</dimen>
    <dimen name="x311">483.78dp</dimen>
    <dimen name="x312">485.33dp</dimen>
    <dimen name="x313">486.89dp</dimen>
    <dimen name="x314">488.44dp</dimen>
    <dimen name="x315">490.00dp</dimen>
    <dimen name="x316">491.56dp</dimen>
    <dimen name="x317">493.11dp</dimen>
    <dimen name="x318">494.67dp</dimen>
    <dimen name="x319">496.22dp</dimen>
    <dimen name="x320">497.78dp</dimen>
    <dimen name="x321">499.33dp</dimen>
    <dimen name="x322">500.89dp</dimen>
    <dimen name="x323">502.44dp</dimen>
    <dimen name="x324">504.00dp</dimen>
    <dimen name="x325">505.56dp</dimen>
    <dimen name="x326">507.11dp</dimen>
    <dimen name="x327">508.67dp</dimen>
    <dimen name="x328">510.22dp</dimen>
    <dimen name="x329">511.78dp</dimen>
    <dimen name="x330">513.33dp</dimen>
    <dimen name="x331">514.89dp</dimen>
    <dimen name="x332">516.44dp</dimen>
    <dimen name="x333">518.00dp</dimen>
    <dimen name="x334">519.56dp</dimen>
    <dimen name="x335">521.11dp</dimen>
    <dimen name="x336">522.67dp</dimen>
    <dimen name="x337">524.22dp</dimen>
    <dimen name="x338">525.78dp</dimen>
    <dimen name="x339">527.33dp</dimen>
    <dimen name="x340">528.89dp</dimen>
    <dimen name="x341">530.44dp</dimen>
    <dimen name="x342">532.00dp</dimen>
    <dimen name="x343">533.56dp</dimen>
    <dimen name="x344">535.11dp</dimen>
    <dimen name="x345">536.67dp</dimen>
    <dimen name="x346">538.22dp</dimen>
    <dimen name="x347">539.78dp</dimen>
    <dimen name="x348">541.33dp</dimen>
    <dimen name="x349">542.89dp</dimen>
    <dimen name="x350">544.44dp</dimen>
    <dimen name="x351">546.00dp</dimen>
    <dimen name="x352">547.56dp</dimen>
    <dimen name="x353">549.11dp</dimen>
    <dimen name="x354">550.67dp</dimen>
    <dimen name="x355">552.22dp</dimen>
    <dimen name="x356">553.78dp</dimen>
    <dimen name="x357">555.33dp</dimen>
    <dimen name="x358">556.89dp</dimen>
    <dimen name="x359">558.44dp</dimen>
    <dimen name="x360">560.00dp</dimen>
    <dimen name="x361">561.56dp</dimen>
    <dimen name="x362">563.11dp</dimen>
    <dimen name="x363">564.67dp</dimen>
    <dimen name="x364">566.22dp</dimen>
    <dimen name="x365">567.78dp</dimen>
    <dimen name="x366">569.33dp</dimen>
    <dimen name="x367">570.89dp</dimen>
    <dimen name="x368">572.44dp</dimen>
    <dimen name="x369">574.00dp</dimen>
    <dimen name="x370">575.56dp</dimen>
    <dimen name="x371">577.11dp</dimen>
    <dimen name="x372">578.67dp</dimen>
    <dimen name="x373">580.22dp</dimen>
    <dimen name="x374">581.78dp</dimen>
    <dimen name="x375">583.33dp</dimen>
    <dimen name="x376">584.89dp</dimen>
    <dimen name="x377">586.44dp</dimen>
    <dimen name="x378">588.00dp</dimen>
    <dimen name="x379">589.56dp</dimen>
    <dimen name="x380">591.11dp</dimen>
    <dimen name="x381">592.67dp</dimen>
    <dimen name="x382">594.22dp</dimen>
    <dimen name="x383">595.78dp</dimen>
    <dimen name="x384">597.33dp</dimen>
    <dimen name="x385">598.89dp</dimen>
    <dimen name="x386">600.44dp</dimen>
    <dimen name="x387">602.00dp</dimen>
    <dimen name="x388">603.56dp</dimen>
    <dimen name="x389">605.11dp</dimen>
    <dimen name="x390">606.67dp</dimen>
    <dimen name="x391">608.22dp</dimen>
    <dimen name="x392">609.78dp</dimen>
    <dimen name="x393">611.33dp</dimen>
    <dimen name="x394">612.89dp</dimen>
    <dimen name="x395">614.44dp</dimen>
    <dimen name="x396">616.00dp</dimen>
    <dimen name="x397">617.56dp</dimen>
    <dimen name="x398">619.11dp</dimen>
    <dimen name="x399">620.67dp</dimen>
    <dimen name="x400">622.22dp</dimen>
    <dimen name="x401">623.78dp</dimen>
    <dimen name="x402">625.33dp</dimen>
    <dimen name="x403">626.89dp</dimen>
    <dimen name="x404">628.44dp</dimen>
    <dimen name="x405">630.00dp</dimen>
    <dimen name="x406">631.56dp</dimen>
    <dimen name="x407">633.11dp</dimen>
    <dimen name="x408">634.67dp</dimen>
    <dimen name="x409">636.22dp</dimen>
    <dimen name="x410">637.78dp</dimen>
    <dimen name="x411">639.33dp</dimen>
    <dimen name="x412">640.89dp</dimen>
    <dimen name="x413">642.44dp</dimen>
    <dimen name="x414">644.00dp</dimen>
    <dimen name="x415">645.56dp</dimen>
    <dimen name="x416">647.11dp</dimen>
    <dimen name="x417">648.67dp</dimen>
    <dimen name="x418">650.22dp</dimen>
    <dimen name="x419">651.78dp</dimen>
    <dimen name="x420">653.33dp</dimen>
    <dimen name="x421">654.89dp</dimen>
    <dimen name="x422">656.44dp</dimen>
    <dimen name="x423">658.00dp</dimen>
    <dimen name="x424">659.56dp</dimen>
    <dimen name="x425">661.11dp</dimen>
    <dimen name="x426">662.67dp</dimen>
    <dimen name="x427">664.22dp</dimen>
    <dimen name="x428">665.78dp</dimen>
    <dimen name="x429">667.33dp</dimen>
    <dimen name="x430">668.89dp</dimen>
    <dimen name="x431">670.44dp</dimen>
    <dimen name="x432">672.00dp</dimen>
    <dimen name="x433">673.56dp</dimen>
    <dimen name="x434">675.11dp</dimen>
    <dimen name="x435">676.67dp</dimen>
    <dimen name="x436">678.22dp</dimen>
    <dimen name="x437">679.78dp</dimen>
    <dimen name="x438">681.33dp</dimen>
    <dimen name="x439">682.89dp</dimen>
    <dimen name="x440">684.44dp</dimen>
    <dimen name="x441">686.00dp</dimen>
    <dimen name="x442">687.56dp</dimen>
    <dimen name="x443">689.11dp</dimen>
    <dimen name="x444">690.67dp</dimen>
    <dimen name="x445">692.22dp</dimen>
    <dimen name="x446">693.78dp</dimen>
    <dimen name="x447">695.33dp</dimen>
    <dimen name="x448">696.89dp</dimen>
    <dimen name="x449">698.44dp</dimen>
    <dimen name="x450">700.00dp</dimen>
    <dimen name="x451">701.56dp</dimen>
    <dimen name="x452">703.11dp</dimen>
    <dimen name="x453">704.67dp</dimen>
    <dimen name="x454">706.22dp</dimen>
    <dimen name="x455">707.78dp</dimen>
    <dimen name="x456">709.33dp</dimen>
    <dimen name="x457">710.89dp</dimen>
    <dimen name="x458">712.44dp</dimen>
    <dimen name="x459">714.00dp</dimen>
    <dimen name="x460">715.56dp</dimen>
    <dimen name="x461">717.11dp</dimen>
    <dimen name="x462">718.67dp</dimen>
    <dimen name="x463">720.22dp</dimen>
    <dimen name="x464">721.78dp</dimen>
    <dimen name="x465">723.33dp</dimen>
    <dimen name="x466">724.89dp</dimen>
    <dimen name="x467">726.44dp</dimen>
    <dimen name="x468">728.00dp</dimen>
    <dimen name="x469">729.56dp</dimen>
    <dimen name="x470">731.11dp</dimen>
    <dimen name="x471">732.67dp</dimen>
    <dimen name="x472">734.22dp</dimen>
    <dimen name="x473">735.78dp</dimen>
    <dimen name="x474">737.33dp</dimen>
    <dimen name="x475">738.89dp</dimen>
    <dimen name="x476">740.44dp</dimen>
    <dimen name="x477">742.00dp</dimen>
    <dimen name="x478">743.56dp</dimen>
    <dimen name="x479">745.11dp</dimen>
    <dimen name="x480">746.67dp</dimen>
    <dimen name="x481">748.22dp</dimen>
    <dimen name="x482">749.78dp</dimen>
    <dimen name="x483">751.33dp</dimen>
    <dimen name="x484">752.89dp</dimen>
    <dimen name="x485">754.44dp</dimen>
    <dimen name="x486">756.00dp</dimen>
    <dimen name="x487">757.56dp</dimen>
    <dimen name="x488">759.11dp</dimen>
    <dimen name="x489">760.67dp</dimen>
    <dimen name="x490">762.22dp</dimen>
    <dimen name="x491">763.78dp</dimen>
    <dimen name="x492">765.33dp</dimen>
    <dimen name="x493">766.89dp</dimen>
    <dimen name="x494">768.44dp</dimen>
    <dimen name="x495">770.00dp</dimen>
    <dimen name="x496">771.56dp</dimen>
    <dimen name="x497">773.11dp</dimen>
    <dimen name="x498">774.67dp</dimen>
    <dimen name="x499">776.22dp</dimen>
    <dimen name="x500">777.78dp</dimen>
    <dimen name="x501">779.33dp</dimen>
    <dimen name="x502">780.89dp</dimen>
    <dimen name="x503">782.44dp</dimen>
    <dimen name="x504">784.00dp</dimen>
    <dimen name="x505">785.56dp</dimen>
    <dimen name="x506">787.11dp</dimen>
    <dimen name="x507">788.67dp</dimen>
    <dimen name="x508">790.22dp</dimen>
    <dimen name="x509">791.78dp</dimen>
    <dimen name="x510">793.33dp</dimen>
    <dimen name="x511">794.89dp</dimen>
    <dimen name="x512">796.44dp</dimen>
    <dimen name="x513">798.00dp</dimen>
    <dimen name="x514">799.56dp</dimen>
    <dimen name="x515">801.11dp</dimen>
    <dimen name="x516">802.67dp</dimen>
    <dimen name="x517">804.22dp</dimen>
    <dimen name="x518">805.78dp</dimen>
    <dimen name="x519">807.33dp</dimen>
    <dimen name="x520">808.89dp</dimen>
    <dimen name="x521">810.44dp</dimen>
    <dimen name="x522">812.00dp</dimen>
    <dimen name="x523">813.56dp</dimen>
    <dimen name="x524">815.11dp</dimen>
    <dimen name="x525">816.67dp</dimen>
    <dimen name="x526">818.22dp</dimen>
    <dimen name="x527">819.78dp</dimen>
    <dimen name="x528">821.33dp</dimen>
    <dimen name="x529">822.89dp</dimen>
    <dimen name="x530">824.44dp</dimen>
    <dimen name="x531">826.00dp</dimen>
    <dimen name="x532">827.56dp</dimen>
    <dimen name="x533">829.11dp</dimen>
    <dimen name="x534">830.67dp</dimen>
    <dimen name="x535">832.22dp</dimen>
    <dimen name="x536">833.78dp</dimen>
    <dimen name="x537">835.33dp</dimen>
    <dimen name="x538">836.89dp</dimen>
    <dimen name="x539">838.44dp</dimen>
    <dimen name="x540">840.00dp</dimen>
    <dimen name="x541">841.56dp</dimen>
    <dimen name="x542">843.11dp</dimen>
    <dimen name="x543">844.67dp</dimen>
    <dimen name="x544">846.22dp</dimen>
    <dimen name="x545">847.78dp</dimen>
    <dimen name="x546">849.33dp</dimen>
    <dimen name="x547">850.89dp</dimen>
    <dimen name="x548">852.44dp</dimen>
    <dimen name="x549">854.00dp</dimen>
    <dimen name="x550">855.56dp</dimen>
    <dimen name="x551">857.11dp</dimen>
    <dimen name="x552">858.67dp</dimen>
    <dimen name="x553">860.22dp</dimen>
    <dimen name="x554">861.78dp</dimen>
    <dimen name="x555">863.33dp</dimen>
    <dimen name="x556">864.89dp</dimen>
    <dimen name="x557">866.44dp</dimen>
    <dimen name="x558">868.00dp</dimen>
    <dimen name="x559">869.56dp</dimen>
    <dimen name="x560">871.11dp</dimen>
    <dimen name="x561">872.67dp</dimen>
    <dimen name="x562">874.22dp</dimen>
    <dimen name="x563">875.78dp</dimen>
    <dimen name="x564">877.33dp</dimen>
    <dimen name="x565">878.89dp</dimen>
    <dimen name="x566">880.44dp</dimen>
    <dimen name="x567">882.00dp</dimen>
    <dimen name="x568">883.56dp</dimen>
    <dimen name="x569">885.11dp</dimen>
    <dimen name="x570">886.67dp</dimen>
    <dimen name="x571">888.22dp</dimen>
    <dimen name="x572">889.78dp</dimen>
    <dimen name="x573">891.33dp</dimen>
    <dimen name="x574">892.89dp</dimen>
    <dimen name="x575">894.44dp</dimen>
    <dimen name="x576">896.00dp</dimen>
    <dimen name="x577">897.56dp</dimen>
    <dimen name="x578">899.11dp</dimen>
    <dimen name="x579">900.67dp</dimen>
    <dimen name="x580">902.22dp</dimen>
    <dimen name="x581">903.78dp</dimen>
    <dimen name="x582">905.33dp</dimen>
    <dimen name="x583">906.89dp</dimen>
    <dimen name="x584">908.44dp</dimen>
    <dimen name="x585">910.00dp</dimen>
    <dimen name="x586">911.56dp</dimen>
    <dimen name="x587">913.11dp</dimen>
    <dimen name="x588">914.67dp</dimen>
    <dimen name="x589">916.22dp</dimen>
    <dimen name="x590">917.78dp</dimen>
    <dimen name="x591">919.33dp</dimen>
    <dimen name="x592">920.89dp</dimen>
    <dimen name="x593">922.44dp</dimen>
    <dimen name="x594">924.00dp</dimen>
    <dimen name="x595">925.56dp</dimen>
    <dimen name="x596">927.11dp</dimen>
    <dimen name="x597">928.67dp</dimen>
    <dimen name="x598">930.22dp</dimen>
    <dimen name="x599">931.78dp</dimen>
    <dimen name="x600">933.33dp</dimen>
    <dimen name="x601">934.89dp</dimen>
    <dimen name="x602">936.44dp</dimen>
    <dimen name="x603">938.00dp</dimen>
    <dimen name="x604">939.56dp</dimen>
    <dimen name="x605">941.11dp</dimen>
    <dimen name="x606">942.67dp</dimen>
    <dimen name="x607">944.22dp</dimen>
    <dimen name="x608">945.78dp</dimen>
    <dimen name="x609">947.33dp</dimen>
    <dimen name="x610">948.89dp</dimen>
    <dimen name="x611">950.44dp</dimen>
    <dimen name="x612">952.00dp</dimen>
    <dimen name="x613">953.56dp</dimen>
    <dimen name="x614">955.11dp</dimen>
    <dimen name="x615">956.67dp</dimen>
    <dimen name="x616">958.22dp</dimen>
    <dimen name="x617">959.78dp</dimen>
    <dimen name="x618">961.33dp</dimen>
    <dimen name="x619">962.89dp</dimen>
    <dimen name="x620">964.44dp</dimen>
    <dimen name="x621">966.00dp</dimen>
    <dimen name="x622">967.56dp</dimen>
    <dimen name="x623">969.11dp</dimen>
    <dimen name="x624">970.67dp</dimen>
    <dimen name="x625">972.22dp</dimen>
    <dimen name="x626">973.78dp</dimen>
    <dimen name="x627">975.33dp</dimen>
    <dimen name="x628">976.89dp</dimen>
    <dimen name="x629">978.44dp</dimen>
    <dimen name="x630">980.00dp</dimen>
    <dimen name="x631">981.56dp</dimen>
    <dimen name="x632">983.11dp</dimen>
    <dimen name="x633">984.67dp</dimen>
    <dimen name="x634">986.22dp</dimen>
    <dimen name="x635">987.78dp</dimen>
    <dimen name="x636">989.33dp</dimen>
    <dimen name="x637">990.89dp</dimen>
    <dimen name="x638">992.44dp</dimen>
    <dimen name="x639">994.00dp</dimen>
    <dimen name="x640">995.56dp</dimen>
    <dimen name="x641">997.11dp</dimen>
    <dimen name="x642">998.67dp</dimen>
    <dimen name="x643">1000.22dp</dimen>
    <dimen name="x644">1001.78dp</dimen>
    <dimen name="x645">1003.33dp</dimen>
    <dimen name="x646">1004.89dp</dimen>
    <dimen name="x647">1006.44dp</dimen>
    <dimen name="x648">1008.00dp</dimen>
    <dimen name="x649">1009.56dp</dimen>
    <dimen name="x650">1011.11dp</dimen>
    <dimen name="x651">1012.67dp</dimen>
    <dimen name="x652">1014.22dp</dimen>
    <dimen name="x653">1015.78dp</dimen>
    <dimen name="x654">1017.33dp</dimen>
    <dimen name="x655">1018.89dp</dimen>
    <dimen name="x656">1020.44dp</dimen>
    <dimen name="x657">1022.00dp</dimen>
    <dimen name="x658">1023.56dp</dimen>
    <dimen name="x659">1025.11dp</dimen>
    <dimen name="x660">1026.67dp</dimen>
    <dimen name="x661">1028.22dp</dimen>
    <dimen name="x662">1029.78dp</dimen>
    <dimen name="x663">1031.33dp</dimen>
    <dimen name="x664">1032.89dp</dimen>
    <dimen name="x665">1034.44dp</dimen>
    <dimen name="x666">1036.00dp</dimen>
    <dimen name="x667">1037.56dp</dimen>
    <dimen name="x668">1039.11dp</dimen>
    <dimen name="x669">1040.67dp</dimen>
    <dimen name="x670">1042.22dp</dimen>
    <dimen name="x671">1043.78dp</dimen>
    <dimen name="x672">1045.33dp</dimen>
    <dimen name="x673">1046.89dp</dimen>
    <dimen name="x674">1048.44dp</dimen>
    <dimen name="x675">1050.00dp</dimen>
    <dimen name="x676">1051.56dp</dimen>
    <dimen name="x677">1053.11dp</dimen>
    <dimen name="x678">1054.67dp</dimen>
    <dimen name="x679">1056.22dp</dimen>
    <dimen name="x680">1057.78dp</dimen>
    <dimen name="x681">1059.33dp</dimen>
    <dimen name="x682">1060.89dp</dimen>
    <dimen name="x683">1062.44dp</dimen>
    <dimen name="x684">1064.00dp</dimen>
    <dimen name="x685">1065.56dp</dimen>
    <dimen name="x686">1067.11dp</dimen>
    <dimen name="x687">1068.67dp</dimen>
    <dimen name="x688">1070.22dp</dimen>
    <dimen name="x689">1071.78dp</dimen>
    <dimen name="x690">1073.33dp</dimen>
    <dimen name="x691">1074.89dp</dimen>
    <dimen name="x692">1076.44dp</dimen>
    <dimen name="x693">1078.00dp</dimen>
    <dimen name="x694">1079.56dp</dimen>
    <dimen name="x695">1081.11dp</dimen>
    <dimen name="x696">1082.67dp</dimen>
    <dimen name="x697">1084.22dp</dimen>
    <dimen name="x698">1085.78dp</dimen>
    <dimen name="x699">1087.33dp</dimen>
    <dimen name="x700">1088.89dp</dimen>
    <dimen name="x701">1090.44dp</dimen>
    <dimen name="x702">1092.00dp</dimen>
    <dimen name="x703">1093.56dp</dimen>
    <dimen name="x704">1095.11dp</dimen>
    <dimen name="x705">1096.67dp</dimen>
    <dimen name="x706">1098.22dp</dimen>
    <dimen name="x707">1099.78dp</dimen>
    <dimen name="x708">1101.33dp</dimen>
    <dimen name="x709">1102.89dp</dimen>
    <dimen name="x710">1104.44dp</dimen>
    <dimen name="x711">1106.00dp</dimen>
    <dimen name="x712">1107.56dp</dimen>
    <dimen name="x713">1109.11dp</dimen>
    <dimen name="x714">1110.67dp</dimen>
    <dimen name="x715">1112.22dp</dimen>
    <dimen name="x716">1113.78dp</dimen>
    <dimen name="x717">1115.33dp</dimen>
    <dimen name="x718">1116.89dp</dimen>
    <dimen name="x719">1118.44dp</dimen>
    <dimen name="x720">1120.00dp</dimen>
    <dimen name="x721">1121.56dp</dimen>
    <dimen name="x722">1123.11dp</dimen>
    <dimen name="x723">1124.67dp</dimen>
    <dimen name="x724">1126.22dp</dimen>
    <dimen name="x725">1127.78dp</dimen>
    <dimen name="x726">1129.33dp</dimen>
    <dimen name="x727">1130.89dp</dimen>
    <dimen name="x728">1132.44dp</dimen>
    <dimen name="x729">1134.00dp</dimen>
    <dimen name="x730">1135.56dp</dimen>
    <dimen name="x731">1137.11dp</dimen>
    <dimen name="x732">1138.67dp</dimen>
    <dimen name="x733">1140.22dp</dimen>
    <dimen name="x734">1141.78dp</dimen>
    <dimen name="x735">1143.33dp</dimen>
    <dimen name="x736">1144.89dp</dimen>
    <dimen name="x737">1146.44dp</dimen>
    <dimen name="x738">1148.00dp</dimen>
    <dimen name="x739">1149.56dp</dimen>
    <dimen name="x740">1151.11dp</dimen>
    <dimen name="x741">1152.67dp</dimen>
    <dimen name="x742">1154.22dp</dimen>
    <dimen name="x743">1155.78dp</dimen>
    <dimen name="x744">1157.33dp</dimen>
    <dimen name="x745">1158.89dp</dimen>
    <dimen name="x746">1160.44dp</dimen>
    <dimen name="x747">1162.00dp</dimen>
    <dimen name="x748">1163.56dp</dimen>
    <dimen name="x749">1165.11dp</dimen>
    <dimen name="x750">1166.67dp</dimen>
    <dimen name="x751">1168.22dp</dimen>
    <dimen name="x752">1169.78dp</dimen>
    <dimen name="x753">1171.33dp</dimen>
    <dimen name="x754">1172.89dp</dimen>
    <dimen name="x755">1174.44dp</dimen>
    <dimen name="x756">1176.00dp</dimen>
    <dimen name="x757">1177.56dp</dimen>
    <dimen name="x758">1179.11dp</dimen>
    <dimen name="x759">1180.67dp</dimen>
    <dimen name="x760">1182.22dp</dimen>
    <dimen name="x761">1183.78dp</dimen>
    <dimen name="x762">1185.33dp</dimen>
    <dimen name="x763">1186.89dp</dimen>
    <dimen name="x764">1188.44dp</dimen>
    <dimen name="x765">1190.00dp</dimen>
    <dimen name="x766">1191.56dp</dimen>
    <dimen name="x767">1193.11dp</dimen>
    <dimen name="x768">1194.67dp</dimen>
    <dimen name="x769">1196.22dp</dimen>
    <dimen name="x770">1197.78dp</dimen>
    <dimen name="x771">1199.33dp</dimen>
    <dimen name="x772">1200.89dp</dimen>
    <dimen name="x773">1202.44dp</dimen>
    <dimen name="x774">1204.00dp</dimen>
    <dimen name="x775">1205.56dp</dimen>
    <dimen name="x776">1207.11dp</dimen>
    <dimen name="x777">1208.67dp</dimen>
    <dimen name="x778">1210.22dp</dimen>
    <dimen name="x779">1211.78dp</dimen>
    <dimen name="x780">1213.33dp</dimen>
    <dimen name="x781">1214.89dp</dimen>
    <dimen name="x782">1216.44dp</dimen>
    <dimen name="x783">1218.00dp</dimen>
    <dimen name="x784">1219.56dp</dimen>
    <dimen name="x785">1221.11dp</dimen>
    <dimen name="x786">1222.67dp</dimen>
    <dimen name="x787">1224.22dp</dimen>
    <dimen name="x788">1225.78dp</dimen>
    <dimen name="x789">1227.33dp</dimen>
    <dimen name="x790">1228.89dp</dimen>
    <dimen name="x791">1230.44dp</dimen>
    <dimen name="x792">1232.00dp</dimen>
    <dimen name="x793">1233.56dp</dimen>
    <dimen name="x794">1235.11dp</dimen>
    <dimen name="x795">1236.67dp</dimen>
    <dimen name="x796">1238.22dp</dimen>
    <dimen name="x797">1239.78dp</dimen>
    <dimen name="x798">1241.33dp</dimen>
    <dimen name="x799">1242.89dp</dimen>
    <dimen name="x800">1244.44dp</dimen>
    <dimen name="x801">1246.00dp</dimen>
    <dimen name="x802">1247.56dp</dimen>
    <dimen name="x803">1249.11dp</dimen>
    <dimen name="x804">1250.67dp</dimen>
    <dimen name="x805">1252.22dp</dimen>
    <dimen name="x806">1253.78dp</dimen>
    <dimen name="x807">1255.33dp</dimen>
    <dimen name="x808">1256.89dp</dimen>
    <dimen name="x809">1258.44dp</dimen>
    <dimen name="x810">1260.00dp</dimen>
    <dimen name="x811">1261.56dp</dimen>
    <dimen name="x812">1263.11dp</dimen>
    <dimen name="x813">1264.67dp</dimen>
    <dimen name="x814">1266.22dp</dimen>
    <dimen name="x815">1267.78dp</dimen>
    <dimen name="x816">1269.33dp</dimen>
    <dimen name="x817">1270.89dp</dimen>
    <dimen name="x818">1272.44dp</dimen>
    <dimen name="x819">1274.00dp</dimen>
    <dimen name="x820">1275.56dp</dimen>
    <dimen name="x821">1277.11dp</dimen>
    <dimen name="x822">1278.67dp</dimen>
    <dimen name="x823">1280.22dp</dimen>
    <dimen name="x824">1281.78dp</dimen>
    <dimen name="x825">1283.33dp</dimen>
    <dimen name="x826">1284.89dp</dimen>
    <dimen name="x827">1286.44dp</dimen>
    <dimen name="x828">1288.00dp</dimen>
    <dimen name="x829">1289.56dp</dimen>
    <dimen name="x830">1291.11dp</dimen>
    <dimen name="x831">1292.67dp</dimen>
    <dimen name="x832">1294.22dp</dimen>
    <dimen name="x833">1295.78dp</dimen>
    <dimen name="x834">1297.33dp</dimen>
    <dimen name="x835">1298.89dp</dimen>
    <dimen name="x836">1300.44dp</dimen>
    <dimen name="x837">1302.00dp</dimen>
    <dimen name="x838">1303.56dp</dimen>
    <dimen name="x839">1305.11dp</dimen>
    <dimen name="x840">1306.67dp</dimen>
    <dimen name="x841">1308.22dp</dimen>
    <dimen name="x842">1309.78dp</dimen>
    <dimen name="x843">1311.33dp</dimen>
    <dimen name="x844">1312.89dp</dimen>
    <dimen name="x845">1314.44dp</dimen>
    <dimen name="x846">1316.00dp</dimen>
    <dimen name="x847">1317.56dp</dimen>
    <dimen name="x848">1319.11dp</dimen>
    <dimen name="x849">1320.67dp</dimen>
    <dimen name="x850">1322.22dp</dimen>
    <dimen name="x851">1323.78dp</dimen>
    <dimen name="x852">1325.33dp</dimen>
    <dimen name="x853">1326.89dp</dimen>
    <dimen name="x854">1328.44dp</dimen>
    <dimen name="x855">1330.00dp</dimen>
    <dimen name="x856">1331.56dp</dimen>
    <dimen name="x857">1333.11dp</dimen>
    <dimen name="x858">1334.67dp</dimen>
    <dimen name="x859">1336.22dp</dimen>
    <dimen name="x860">1337.78dp</dimen>
    <dimen name="x861">1339.33dp</dimen>
    <dimen name="x862">1340.89dp</dimen>
    <dimen name="x863">1342.44dp</dimen>
    <dimen name="x864">1344.00dp</dimen>
    <dimen name="x865">1345.56dp</dimen>
    <dimen name="x866">1347.11dp</dimen>
    <dimen name="x867">1348.67dp</dimen>
    <dimen name="x868">1350.22dp</dimen>
    <dimen name="x869">1351.78dp</dimen>
    <dimen name="x870">1353.33dp</dimen>
    <dimen name="x871">1354.89dp</dimen>
    <dimen name="x872">1356.44dp</dimen>
    <dimen name="x873">1358.00dp</dimen>
    <dimen name="x874">1359.56dp</dimen>
    <dimen name="x875">1361.11dp</dimen>
    <dimen name="x876">1362.67dp</dimen>
    <dimen name="x877">1364.22dp</dimen>
    <dimen name="x878">1365.78dp</dimen>
    <dimen name="x879">1367.33dp</dimen>
    <dimen name="x880">1368.89dp</dimen>
    <dimen name="x881">1370.44dp</dimen>
    <dimen name="x882">1372.00dp</dimen>
    <dimen name="x883">1373.56dp</dimen>
    <dimen name="x884">1375.11dp</dimen>
    <dimen name="x885">1376.67dp</dimen>
    <dimen name="x886">1378.22dp</dimen>
    <dimen name="x887">1379.78dp</dimen>
    <dimen name="x888">1381.33dp</dimen>
    <dimen name="x889">1382.89dp</dimen>
    <dimen name="x890">1384.44dp</dimen>
    <dimen name="x891">1386.00dp</dimen>
    <dimen name="x892">1387.56dp</dimen>
    <dimen name="x893">1389.11dp</dimen>
    <dimen name="x894">1390.67dp</dimen>
    <dimen name="x895">1392.22dp</dimen>
    <dimen name="x896">1393.78dp</dimen>
    <dimen name="x897">1395.33dp</dimen>
    <dimen name="x898">1396.89dp</dimen>
    <dimen name="x899">1398.44dp</dimen>
    <dimen name="x900">1400.00dp</dimen>
    <dimen name="x901">1401.56dp</dimen>
    <dimen name="x902">1403.11dp</dimen>
    <dimen name="x903">1404.67dp</dimen>
    <dimen name="x904">1406.22dp</dimen>
    <dimen name="x905">1407.78dp</dimen>
    <dimen name="x906">1409.33dp</dimen>
    <dimen name="x907">1410.89dp</dimen>
    <dimen name="x908">1412.44dp</dimen>
    <dimen name="x909">1414.00dp</dimen>
    <dimen name="x910">1415.56dp</dimen>
    <dimen name="x911">1417.11dp</dimen>
    <dimen name="x912">1418.67dp</dimen>
    <dimen name="x913">1420.22dp</dimen>
    <dimen name="x914">1421.78dp</dimen>
    <dimen name="x915">1423.33dp</dimen>
    <dimen name="x916">1424.89dp</dimen>
    <dimen name="x917">1426.44dp</dimen>
    <dimen name="x918">1428.00dp</dimen>
    <dimen name="x919">1429.56dp</dimen>
    <dimen name="x920">1431.11dp</dimen>
    <dimen name="x921">1432.67dp</dimen>
    <dimen name="x922">1434.22dp</dimen>
    <dimen name="x923">1435.78dp</dimen>
    <dimen name="x924">1437.33dp</dimen>
    <dimen name="x925">1438.89dp</dimen>
    <dimen name="x926">1440.44dp</dimen>
    <dimen name="x927">1442.00dp</dimen>
    <dimen name="x928">1443.56dp</dimen>
    <dimen name="x929">1445.11dp</dimen>
    <dimen name="x930">1446.67dp</dimen>
    <dimen name="x931">1448.22dp</dimen>
    <dimen name="x932">1449.78dp</dimen>
    <dimen name="x933">1451.33dp</dimen>
    <dimen name="x934">1452.89dp</dimen>
    <dimen name="x935">1454.44dp</dimen>
    <dimen name="x936">1456.00dp</dimen>
    <dimen name="x937">1457.56dp</dimen>
    <dimen name="x938">1459.11dp</dimen>
    <dimen name="x939">1460.67dp</dimen>
    <dimen name="x940">1462.22dp</dimen>
    <dimen name="x941">1463.78dp</dimen>
    <dimen name="x942">1465.33dp</dimen>
    <dimen name="x943">1466.89dp</dimen>
    <dimen name="x944">1468.44dp</dimen>
    <dimen name="x945">1470.00dp</dimen>
    <dimen name="x946">1471.56dp</dimen>
    <dimen name="x947">1473.11dp</dimen>
    <dimen name="x948">1474.67dp</dimen>
    <dimen name="x949">1476.22dp</dimen>
    <dimen name="x950">1477.78dp</dimen>
    <dimen name="x951">1479.33dp</dimen>
    <dimen name="x952">1480.89dp</dimen>
    <dimen name="x953">1482.44dp</dimen>
    <dimen name="x954">1484.00dp</dimen>
    <dimen name="x955">1485.56dp</dimen>
    <dimen name="x956">1487.11dp</dimen>
    <dimen name="x957">1488.67dp</dimen>
    <dimen name="x958">1490.22dp</dimen>
    <dimen name="x959">1491.78dp</dimen>
    <dimen name="x960">1493.33dp</dimen>
    <dimen name="x961">1494.89dp</dimen>
    <dimen name="x962">1496.44dp</dimen>
    <dimen name="x963">1498.00dp</dimen>
    <dimen name="x964">1499.56dp</dimen>
    <dimen name="x965">1501.11dp</dimen>
    <dimen name="x966">1502.67dp</dimen>
    <dimen name="x967">1504.22dp</dimen>
    <dimen name="x968">1505.78dp</dimen>
    <dimen name="x969">1507.33dp</dimen>
    <dimen name="x970">1508.89dp</dimen>
    <dimen name="x971">1510.44dp</dimen>
    <dimen name="x972">1512.00dp</dimen>
    <dimen name="x973">1513.56dp</dimen>
    <dimen name="x974">1515.11dp</dimen>
    <dimen name="x975">1516.67dp</dimen>
    <dimen name="x976">1518.22dp</dimen>
    <dimen name="x977">1519.78dp</dimen>
    <dimen name="x978">1521.33dp</dimen>
    <dimen name="x979">1522.89dp</dimen>
    <dimen name="x980">1524.44dp</dimen>
    <dimen name="x981">1526.00dp</dimen>
    <dimen name="x982">1527.56dp</dimen>
    <dimen name="x983">1529.11dp</dimen>
    <dimen name="x984">1530.67dp</dimen>
    <dimen name="x985">1532.22dp</dimen>
    <dimen name="x986">1533.78dp</dimen>
    <dimen name="x987">1535.33dp</dimen>
    <dimen name="x988">1536.89dp</dimen>
    <dimen name="x989">1538.44dp</dimen>
    <dimen name="x990">1540.00dp</dimen>
    <dimen name="x991">1541.56dp</dimen>
    <dimen name="x992">1543.11dp</dimen>
    <dimen name="x993">1544.67dp</dimen>
    <dimen name="x994">1546.22dp</dimen>
    <dimen name="x995">1547.78dp</dimen>
    <dimen name="x996">1549.33dp</dimen>
    <dimen name="x997">1550.89dp</dimen>
    <dimen name="x998">1552.44dp</dimen>
    <dimen name="x999">1554.00dp</dimen>
    <dimen name="x1000">1555.56dp</dimen>
    <dimen name="x1001">1557.11dp</dimen>
    <dimen name="x1002">1558.67dp</dimen>
    <dimen name="x1003">1560.22dp</dimen>
    <dimen name="x1004">1561.78dp</dimen>
    <dimen name="x1005">1563.33dp</dimen>
    <dimen name="x1006">1564.89dp</dimen>
    <dimen name="x1007">1566.44dp</dimen>
    <dimen name="x1008">1568.00dp</dimen>
    <dimen name="x1009">1569.56dp</dimen>
    <dimen name="x1010">1571.11dp</dimen>
    <dimen name="x1011">1572.67dp</dimen>
    <dimen name="x1012">1574.22dp</dimen>
    <dimen name="x1013">1575.78dp</dimen>
    <dimen name="x1014">1577.33dp</dimen>
    <dimen name="x1015">1578.89dp</dimen>
    <dimen name="x1016">1580.44dp</dimen>
    <dimen name="x1017">1582.00dp</dimen>
    <dimen name="x1018">1583.56dp</dimen>
    <dimen name="x1019">1585.11dp</dimen>
    <dimen name="x1020">1586.67dp</dimen>
    <dimen name="x1021">1588.22dp</dimen>
    <dimen name="x1022">1589.78dp</dimen>
    <dimen name="x1023">1591.33dp</dimen>
    <dimen name="x1024">1592.89dp</dimen>
    <dimen name="x1025">1594.44dp</dimen>
    <dimen name="x1026">1596.00dp</dimen>
    <dimen name="x1027">1597.56dp</dimen>
    <dimen name="x1028">1599.11dp</dimen>
    <dimen name="x1029">1600.67dp</dimen>
    <dimen name="x1030">1602.22dp</dimen>
    <dimen name="x1031">1603.78dp</dimen>
    <dimen name="x1032">1605.33dp</dimen>
    <dimen name="x1033">1606.89dp</dimen>
    <dimen name="x1034">1608.44dp</dimen>
    <dimen name="x1035">1610.00dp</dimen>
    <dimen name="x1036">1611.56dp</dimen>
    <dimen name="x1037">1613.11dp</dimen>
    <dimen name="x1038">1614.67dp</dimen>
    <dimen name="x1039">1616.22dp</dimen>
    <dimen name="x1040">1617.78dp</dimen>
    <dimen name="x1041">1619.33dp</dimen>
    <dimen name="x1042">1620.89dp</dimen>
    <dimen name="x1043">1622.44dp</dimen>
    <dimen name="x1044">1624.00dp</dimen>
    <dimen name="x1045">1625.56dp</dimen>
    <dimen name="x1046">1627.11dp</dimen>
    <dimen name="x1047">1628.67dp</dimen>
    <dimen name="x1048">1630.22dp</dimen>
    <dimen name="x1049">1631.78dp</dimen>
    <dimen name="x1050">1633.33dp</dimen>
    <dimen name="x1051">1634.89dp</dimen>
    <dimen name="x1052">1636.44dp</dimen>
    <dimen name="x1053">1638.00dp</dimen>
    <dimen name="x1054">1639.56dp</dimen>
    <dimen name="x1055">1641.11dp</dimen>
    <dimen name="x1056">1642.67dp</dimen>
    <dimen name="x1057">1644.22dp</dimen>
    <dimen name="x1058">1645.78dp</dimen>
    <dimen name="x1059">1647.33dp</dimen>
    <dimen name="x1060">1648.89dp</dimen>
    <dimen name="x1061">1650.44dp</dimen>
    <dimen name="x1062">1652.00dp</dimen>
    <dimen name="x1063">1653.56dp</dimen>
    <dimen name="x1064">1655.11dp</dimen>
    <dimen name="x1065">1656.67dp</dimen>
    <dimen name="x1066">1658.22dp</dimen>
    <dimen name="x1067">1659.78dp</dimen>
    <dimen name="x1068">1661.33dp</dimen>
    <dimen name="x1069">1662.89dp</dimen>
    <dimen name="x1070">1664.44dp</dimen>
    <dimen name="x1071">1666.00dp</dimen>
    <dimen name="x1072">1667.56dp</dimen>
    <dimen name="x1073">1669.11dp</dimen>
    <dimen name="x1074">1670.67dp</dimen>
    <dimen name="x1075">1672.22dp</dimen>
    <dimen name="x1076">1673.78dp</dimen>
    <dimen name="x1077">1675.33dp</dimen>
    <dimen name="x1078">1676.89dp</dimen>
    <dimen name="x1079">1678.44dp</dimen>
    <dimen name="x1080">1680.00dp</dimen>
</resources>