<?xml version="1.0" encoding="utf-8"?>
<resources>
    <string name="sw_dp">600dp</string>
    <dimen name="x1">0.56dp</dimen>
    <dimen name="x2">1.11dp</dimen>
    <dimen name="x3">1.67dp</dimen>
    <dimen name="x4">2.22dp</dimen>
    <dimen name="x5">2.78dp</dimen>
    <dimen name="x6">3.33dp</dimen>
    <dimen name="x7">3.89dp</dimen>
    <dimen name="x8">4.44dp</dimen>
    <dimen name="x9">5.00dp</dimen>
    <dimen name="x10">5.56dp</dimen>
    <dimen name="x11">6.11dp</dimen>
    <dimen name="x12">6.67dp</dimen>
    <dimen name="x13">7.22dp</dimen>
    <dimen name="x14">7.78dp</dimen>
    <dimen name="x15">8.33dp</dimen>
    <dimen name="x16">8.89dp</dimen>
    <dimen name="x17">9.44dp</dimen>
    <dimen name="x18">10.00dp</dimen>
    <dimen name="x19">10.56dp</dimen>
    <dimen name="x20">11.11dp</dimen>
    <dimen name="x21">11.67dp</dimen>
    <dimen name="x22">12.22dp</dimen>
    <dimen name="x23">12.78dp</dimen>
    <dimen name="x24">13.33dp</dimen>
    <dimen name="x25">13.89dp</dimen>
    <dimen name="x26">14.44dp</dimen>
    <dimen name="x27">15.00dp</dimen>
    <dimen name="x28">15.56dp</dimen>
    <dimen name="x29">16.11dp</dimen>
    <dimen name="x30">16.67dp</dimen>
    <dimen name="x31">17.22dp</dimen>
    <dimen name="x32">17.78dp</dimen>
    <dimen name="x33">18.33dp</dimen>
    <dimen name="x34">18.89dp</dimen>
    <dimen name="x35">19.44dp</dimen>
    <dimen name="x36">20.00dp</dimen>
    <dimen name="x37">20.56dp</dimen>
    <dimen name="x38">21.11dp</dimen>
    <dimen name="x39">21.67dp</dimen>
    <dimen name="x40">22.22dp</dimen>
    <dimen name="x41">22.78dp</dimen>
    <dimen name="x42">23.33dp</dimen>
    <dimen name="x43">23.89dp</dimen>
    <dimen name="x44">24.44dp</dimen>
    <dimen name="x45">25.00dp</dimen>
    <dimen name="x46">25.56dp</dimen>
    <dimen name="x47">26.11dp</dimen>
    <dimen name="x48">26.67dp</dimen>
    <dimen name="x49">27.22dp</dimen>
    <dimen name="x50">27.78dp</dimen>
    <dimen name="x51">28.33dp</dimen>
    <dimen name="x52">28.89dp</dimen>
    <dimen name="x53">29.44dp</dimen>
    <dimen name="x54">30.00dp</dimen>
    <dimen name="x55">30.56dp</dimen>
    <dimen name="x56">31.11dp</dimen>
    <dimen name="x57">31.67dp</dimen>
    <dimen name="x58">32.22dp</dimen>
    <dimen name="x59">32.78dp</dimen>
    <dimen name="x60">33.33dp</dimen>
    <dimen name="x61">33.89dp</dimen>
    <dimen name="x62">34.44dp</dimen>
    <dimen name="x63">35.00dp</dimen>
    <dimen name="x64">35.56dp</dimen>
    <dimen name="x65">36.11dp</dimen>
    <dimen name="x66">36.67dp</dimen>
    <dimen name="x67">37.22dp</dimen>
    <dimen name="x68">37.78dp</dimen>
    <dimen name="x69">38.33dp</dimen>
    <dimen name="x70">38.89dp</dimen>
    <dimen name="x71">39.44dp</dimen>
    <dimen name="x72">40.00dp</dimen>
    <dimen name="x73">40.56dp</dimen>
    <dimen name="x74">41.11dp</dimen>
    <dimen name="x75">41.67dp</dimen>
    <dimen name="x76">42.22dp</dimen>
    <dimen name="x77">42.78dp</dimen>
    <dimen name="x78">43.33dp</dimen>
    <dimen name="x79">43.89dp</dimen>
    <dimen name="x80">44.44dp</dimen>
    <dimen name="x81">45.00dp</dimen>
    <dimen name="x82">45.56dp</dimen>
    <dimen name="x83">46.11dp</dimen>
    <dimen name="x84">46.67dp</dimen>
    <dimen name="x85">47.22dp</dimen>
    <dimen name="x86">47.78dp</dimen>
    <dimen name="x87">48.33dp</dimen>
    <dimen name="x88">48.89dp</dimen>
    <dimen name="x89">49.44dp</dimen>
    <dimen name="x90">50.00dp</dimen>
    <dimen name="x91">50.56dp</dimen>
    <dimen name="x92">51.11dp</dimen>
    <dimen name="x93">51.67dp</dimen>
    <dimen name="x94">52.22dp</dimen>
    <dimen name="x95">52.78dp</dimen>
    <dimen name="x96">53.33dp</dimen>
    <dimen name="x97">53.89dp</dimen>
    <dimen name="x98">54.44dp</dimen>
    <dimen name="x99">55.00dp</dimen>
    <dimen name="x100">55.56dp</dimen>
    <dimen name="x101">56.11dp</dimen>
    <dimen name="x102">56.67dp</dimen>
    <dimen name="x103">57.22dp</dimen>
    <dimen name="x104">57.78dp</dimen>
    <dimen name="x105">58.33dp</dimen>
    <dimen name="x106">58.89dp</dimen>
    <dimen name="x107">59.44dp</dimen>
    <dimen name="x108">60.00dp</dimen>
    <dimen name="x109">60.56dp</dimen>
    <dimen name="x110">61.11dp</dimen>
    <dimen name="x111">61.67dp</dimen>
    <dimen name="x112">62.22dp</dimen>
    <dimen name="x113">62.78dp</dimen>
    <dimen name="x114">63.33dp</dimen>
    <dimen name="x115">63.89dp</dimen>
    <dimen name="x116">64.44dp</dimen>
    <dimen name="x117">65.00dp</dimen>
    <dimen name="x118">65.56dp</dimen>
    <dimen name="x119">66.11dp</dimen>
    <dimen name="x120">66.67dp</dimen>
    <dimen name="x121">67.22dp</dimen>
    <dimen name="x122">67.78dp</dimen>
    <dimen name="x123">68.33dp</dimen>
    <dimen name="x124">68.89dp</dimen>
    <dimen name="x125">69.44dp</dimen>
    <dimen name="x126">70.00dp</dimen>
    <dimen name="x127">70.56dp</dimen>
    <dimen name="x128">71.11dp</dimen>
    <dimen name="x129">71.67dp</dimen>
    <dimen name="x130">72.22dp</dimen>
    <dimen name="x131">72.78dp</dimen>
    <dimen name="x132">73.33dp</dimen>
    <dimen name="x133">73.89dp</dimen>
    <dimen name="x134">74.44dp</dimen>
    <dimen name="x135">75.00dp</dimen>
    <dimen name="x136">75.56dp</dimen>
    <dimen name="x137">76.11dp</dimen>
    <dimen name="x138">76.67dp</dimen>
    <dimen name="x139">77.22dp</dimen>
    <dimen name="x140">77.78dp</dimen>
    <dimen name="x141">78.33dp</dimen>
    <dimen name="x142">78.89dp</dimen>
    <dimen name="x143">79.44dp</dimen>
    <dimen name="x144">80.00dp</dimen>
    <dimen name="x145">80.56dp</dimen>
    <dimen name="x146">81.11dp</dimen>
    <dimen name="x147">81.67dp</dimen>
    <dimen name="x148">82.22dp</dimen>
    <dimen name="x149">82.78dp</dimen>
    <dimen name="x150">83.33dp</dimen>
    <dimen name="x151">83.89dp</dimen>
    <dimen name="x152">84.44dp</dimen>
    <dimen name="x153">85.00dp</dimen>
    <dimen name="x154">85.56dp</dimen>
    <dimen name="x155">86.11dp</dimen>
    <dimen name="x156">86.67dp</dimen>
    <dimen name="x157">87.22dp</dimen>
    <dimen name="x158">87.78dp</dimen>
    <dimen name="x159">88.33dp</dimen>
    <dimen name="x160">88.89dp</dimen>
    <dimen name="x161">89.44dp</dimen>
    <dimen name="x162">90.00dp</dimen>
    <dimen name="x163">90.56dp</dimen>
    <dimen name="x164">91.11dp</dimen>
    <dimen name="x165">91.67dp</dimen>
    <dimen name="x166">92.22dp</dimen>
    <dimen name="x167">92.78dp</dimen>
    <dimen name="x168">93.33dp</dimen>
    <dimen name="x169">93.89dp</dimen>
    <dimen name="x170">94.44dp</dimen>
    <dimen name="x171">95.00dp</dimen>
    <dimen name="x172">95.56dp</dimen>
    <dimen name="x173">96.11dp</dimen>
    <dimen name="x174">96.67dp</dimen>
    <dimen name="x175">97.22dp</dimen>
    <dimen name="x176">97.78dp</dimen>
    <dimen name="x177">98.33dp</dimen>
    <dimen name="x178">98.89dp</dimen>
    <dimen name="x179">99.44dp</dimen>
    <dimen name="x180">100.00dp</dimen>
    <dimen name="x181">100.56dp</dimen>
    <dimen name="x182">101.11dp</dimen>
    <dimen name="x183">101.67dp</dimen>
    <dimen name="x184">102.22dp</dimen>
    <dimen name="x185">102.78dp</dimen>
    <dimen name="x186">103.33dp</dimen>
    <dimen name="x187">103.89dp</dimen>
    <dimen name="x188">104.44dp</dimen>
    <dimen name="x189">105.00dp</dimen>
    <dimen name="x190">105.56dp</dimen>
    <dimen name="x191">106.11dp</dimen>
    <dimen name="x192">106.67dp</dimen>
    <dimen name="x193">107.22dp</dimen>
    <dimen name="x194">107.78dp</dimen>
    <dimen name="x195">108.33dp</dimen>
    <dimen name="x196">108.89dp</dimen>
    <dimen name="x197">109.44dp</dimen>
    <dimen name="x198">110.00dp</dimen>
    <dimen name="x199">110.56dp</dimen>
    <dimen name="x200">111.11dp</dimen>
    <dimen name="x201">111.67dp</dimen>
    <dimen name="x202">112.22dp</dimen>
    <dimen name="x203">112.78dp</dimen>
    <dimen name="x204">113.33dp</dimen>
    <dimen name="x205">113.89dp</dimen>
    <dimen name="x206">114.44dp</dimen>
    <dimen name="x207">115.00dp</dimen>
    <dimen name="x208">115.56dp</dimen>
    <dimen name="x209">116.11dp</dimen>
    <dimen name="x210">116.67dp</dimen>
    <dimen name="x211">117.22dp</dimen>
    <dimen name="x212">117.78dp</dimen>
    <dimen name="x213">118.33dp</dimen>
    <dimen name="x214">118.89dp</dimen>
    <dimen name="x215">119.44dp</dimen>
    <dimen name="x216">120.00dp</dimen>
    <dimen name="x217">120.56dp</dimen>
    <dimen name="x218">121.11dp</dimen>
    <dimen name="x219">121.67dp</dimen>
    <dimen name="x220">122.22dp</dimen>
    <dimen name="x221">122.78dp</dimen>
    <dimen name="x222">123.33dp</dimen>
    <dimen name="x223">123.89dp</dimen>
    <dimen name="x224">124.44dp</dimen>
    <dimen name="x225">125.00dp</dimen>
    <dimen name="x226">125.56dp</dimen>
    <dimen name="x227">126.11dp</dimen>
    <dimen name="x228">126.67dp</dimen>
    <dimen name="x229">127.22dp</dimen>
    <dimen name="x230">127.78dp</dimen>
    <dimen name="x231">128.33dp</dimen>
    <dimen name="x232">128.89dp</dimen>
    <dimen name="x233">129.44dp</dimen>
    <dimen name="x234">130.00dp</dimen>
    <dimen name="x235">130.56dp</dimen>
    <dimen name="x236">131.11dp</dimen>
    <dimen name="x237">131.67dp</dimen>
    <dimen name="x238">132.22dp</dimen>
    <dimen name="x239">132.78dp</dimen>
    <dimen name="x240">133.33dp</dimen>
    <dimen name="x241">133.89dp</dimen>
    <dimen name="x242">134.44dp</dimen>
    <dimen name="x243">135.00dp</dimen>
    <dimen name="x244">135.56dp</dimen>
    <dimen name="x245">136.11dp</dimen>
    <dimen name="x246">136.67dp</dimen>
    <dimen name="x247">137.22dp</dimen>
    <dimen name="x248">137.78dp</dimen>
    <dimen name="x249">138.33dp</dimen>
    <dimen name="x250">138.89dp</dimen>
    <dimen name="x251">139.44dp</dimen>
    <dimen name="x252">140.00dp</dimen>
    <dimen name="x253">140.56dp</dimen>
    <dimen name="x254">141.11dp</dimen>
    <dimen name="x255">141.67dp</dimen>
    <dimen name="x256">142.22dp</dimen>
    <dimen name="x257">142.78dp</dimen>
    <dimen name="x258">143.33dp</dimen>
    <dimen name="x259">143.89dp</dimen>
    <dimen name="x260">144.44dp</dimen>
    <dimen name="x261">145.00dp</dimen>
    <dimen name="x262">145.56dp</dimen>
    <dimen name="x263">146.11dp</dimen>
    <dimen name="x264">146.67dp</dimen>
    <dimen name="x265">147.22dp</dimen>
    <dimen name="x266">147.78dp</dimen>
    <dimen name="x267">148.33dp</dimen>
    <dimen name="x268">148.89dp</dimen>
    <dimen name="x269">149.44dp</dimen>
    <dimen name="x270">150.00dp</dimen>
    <dimen name="x271">150.56dp</dimen>
    <dimen name="x272">151.11dp</dimen>
    <dimen name="x273">151.67dp</dimen>
    <dimen name="x274">152.22dp</dimen>
    <dimen name="x275">152.78dp</dimen>
    <dimen name="x276">153.33dp</dimen>
    <dimen name="x277">153.89dp</dimen>
    <dimen name="x278">154.44dp</dimen>
    <dimen name="x279">155.00dp</dimen>
    <dimen name="x280">155.56dp</dimen>
    <dimen name="x281">156.11dp</dimen>
    <dimen name="x282">156.67dp</dimen>
    <dimen name="x283">157.22dp</dimen>
    <dimen name="x284">157.78dp</dimen>
    <dimen name="x285">158.33dp</dimen>
    <dimen name="x286">158.89dp</dimen>
    <dimen name="x287">159.44dp</dimen>
    <dimen name="x288">160.00dp</dimen>
    <dimen name="x289">160.56dp</dimen>
    <dimen name="x290">161.11dp</dimen>
    <dimen name="x291">161.67dp</dimen>
    <dimen name="x292">162.22dp</dimen>
    <dimen name="x293">162.78dp</dimen>
    <dimen name="x294">163.33dp</dimen>
    <dimen name="x295">163.89dp</dimen>
    <dimen name="x296">164.44dp</dimen>
    <dimen name="x297">165.00dp</dimen>
    <dimen name="x298">165.56dp</dimen>
    <dimen name="x299">166.11dp</dimen>
    <dimen name="x300">166.67dp</dimen>
    <dimen name="x301">167.22dp</dimen>
    <dimen name="x302">167.78dp</dimen>
    <dimen name="x303">168.33dp</dimen>
    <dimen name="x304">168.89dp</dimen>
    <dimen name="x305">169.44dp</dimen>
    <dimen name="x306">170.00dp</dimen>
    <dimen name="x307">170.56dp</dimen>
    <dimen name="x308">171.11dp</dimen>
    <dimen name="x309">171.67dp</dimen>
    <dimen name="x310">172.22dp</dimen>
    <dimen name="x311">172.78dp</dimen>
    <dimen name="x312">173.33dp</dimen>
    <dimen name="x313">173.89dp</dimen>
    <dimen name="x314">174.44dp</dimen>
    <dimen name="x315">175.00dp</dimen>
    <dimen name="x316">175.56dp</dimen>
    <dimen name="x317">176.11dp</dimen>
    <dimen name="x318">176.67dp</dimen>
    <dimen name="x319">177.22dp</dimen>
    <dimen name="x320">177.78dp</dimen>
    <dimen name="x321">178.33dp</dimen>
    <dimen name="x322">178.89dp</dimen>
    <dimen name="x323">179.44dp</dimen>
    <dimen name="x324">180.00dp</dimen>
    <dimen name="x325">180.56dp</dimen>
    <dimen name="x326">181.11dp</dimen>
    <dimen name="x327">181.67dp</dimen>
    <dimen name="x328">182.22dp</dimen>
    <dimen name="x329">182.78dp</dimen>
    <dimen name="x330">183.33dp</dimen>
    <dimen name="x331">183.89dp</dimen>
    <dimen name="x332">184.44dp</dimen>
    <dimen name="x333">185.00dp</dimen>
    <dimen name="x334">185.56dp</dimen>
    <dimen name="x335">186.11dp</dimen>
    <dimen name="x336">186.67dp</dimen>
    <dimen name="x337">187.22dp</dimen>
    <dimen name="x338">187.78dp</dimen>
    <dimen name="x339">188.33dp</dimen>
    <dimen name="x340">188.89dp</dimen>
    <dimen name="x341">189.44dp</dimen>
    <dimen name="x342">190.00dp</dimen>
    <dimen name="x343">190.56dp</dimen>
    <dimen name="x344">191.11dp</dimen>
    <dimen name="x345">191.67dp</dimen>
    <dimen name="x346">192.22dp</dimen>
    <dimen name="x347">192.78dp</dimen>
    <dimen name="x348">193.33dp</dimen>
    <dimen name="x349">193.89dp</dimen>
    <dimen name="x350">194.44dp</dimen>
    <dimen name="x351">195.00dp</dimen>
    <dimen name="x352">195.56dp</dimen>
    <dimen name="x353">196.11dp</dimen>
    <dimen name="x354">196.67dp</dimen>
    <dimen name="x355">197.22dp</dimen>
    <dimen name="x356">197.78dp</dimen>
    <dimen name="x357">198.33dp</dimen>
    <dimen name="x358">198.89dp</dimen>
    <dimen name="x359">199.44dp</dimen>
    <dimen name="x360">200.00dp</dimen>
    <dimen name="x361">200.56dp</dimen>
    <dimen name="x362">201.11dp</dimen>
    <dimen name="x363">201.67dp</dimen>
    <dimen name="x364">202.22dp</dimen>
    <dimen name="x365">202.78dp</dimen>
    <dimen name="x366">203.33dp</dimen>
    <dimen name="x367">203.89dp</dimen>
    <dimen name="x368">204.44dp</dimen>
    <dimen name="x369">205.00dp</dimen>
    <dimen name="x370">205.56dp</dimen>
    <dimen name="x371">206.11dp</dimen>
    <dimen name="x372">206.67dp</dimen>
    <dimen name="x373">207.22dp</dimen>
    <dimen name="x374">207.78dp</dimen>
    <dimen name="x375">208.33dp</dimen>
    <dimen name="x376">208.89dp</dimen>
    <dimen name="x377">209.44dp</dimen>
    <dimen name="x378">210.00dp</dimen>
    <dimen name="x379">210.56dp</dimen>
    <dimen name="x380">211.11dp</dimen>
    <dimen name="x381">211.67dp</dimen>
    <dimen name="x382">212.22dp</dimen>
    <dimen name="x383">212.78dp</dimen>
    <dimen name="x384">213.33dp</dimen>
    <dimen name="x385">213.89dp</dimen>
    <dimen name="x386">214.44dp</dimen>
    <dimen name="x387">215.00dp</dimen>
    <dimen name="x388">215.56dp</dimen>
    <dimen name="x389">216.11dp</dimen>
    <dimen name="x390">216.67dp</dimen>
    <dimen name="x391">217.22dp</dimen>
    <dimen name="x392">217.78dp</dimen>
    <dimen name="x393">218.33dp</dimen>
    <dimen name="x394">218.89dp</dimen>
    <dimen name="x395">219.44dp</dimen>
    <dimen name="x396">220.00dp</dimen>
    <dimen name="x397">220.56dp</dimen>
    <dimen name="x398">221.11dp</dimen>
    <dimen name="x399">221.67dp</dimen>
    <dimen name="x400">222.22dp</dimen>
    <dimen name="x401">222.78dp</dimen>
    <dimen name="x402">223.33dp</dimen>
    <dimen name="x403">223.89dp</dimen>
    <dimen name="x404">224.44dp</dimen>
    <dimen name="x405">225.00dp</dimen>
    <dimen name="x406">225.56dp</dimen>
    <dimen name="x407">226.11dp</dimen>
    <dimen name="x408">226.67dp</dimen>
    <dimen name="x409">227.22dp</dimen>
    <dimen name="x410">227.78dp</dimen>
    <dimen name="x411">228.33dp</dimen>
    <dimen name="x412">228.89dp</dimen>
    <dimen name="x413">229.44dp</dimen>
    <dimen name="x414">230.00dp</dimen>
    <dimen name="x415">230.56dp</dimen>
    <dimen name="x416">231.11dp</dimen>
    <dimen name="x417">231.67dp</dimen>
    <dimen name="x418">232.22dp</dimen>
    <dimen name="x419">232.78dp</dimen>
    <dimen name="x420">233.33dp</dimen>
    <dimen name="x421">233.89dp</dimen>
    <dimen name="x422">234.44dp</dimen>
    <dimen name="x423">235.00dp</dimen>
    <dimen name="x424">235.56dp</dimen>
    <dimen name="x425">236.11dp</dimen>
    <dimen name="x426">236.67dp</dimen>
    <dimen name="x427">237.22dp</dimen>
    <dimen name="x428">237.78dp</dimen>
    <dimen name="x429">238.33dp</dimen>
    <dimen name="x430">238.89dp</dimen>
    <dimen name="x431">239.44dp</dimen>
    <dimen name="x432">240.00dp</dimen>
    <dimen name="x433">240.56dp</dimen>
    <dimen name="x434">241.11dp</dimen>
    <dimen name="x435">241.67dp</dimen>
    <dimen name="x436">242.22dp</dimen>
    <dimen name="x437">242.78dp</dimen>
    <dimen name="x438">243.33dp</dimen>
    <dimen name="x439">243.89dp</dimen>
    <dimen name="x440">244.44dp</dimen>
    <dimen name="x441">245.00dp</dimen>
    <dimen name="x442">245.56dp</dimen>
    <dimen name="x443">246.11dp</dimen>
    <dimen name="x444">246.67dp</dimen>
    <dimen name="x445">247.22dp</dimen>
    <dimen name="x446">247.78dp</dimen>
    <dimen name="x447">248.33dp</dimen>
    <dimen name="x448">248.89dp</dimen>
    <dimen name="x449">249.44dp</dimen>
    <dimen name="x450">250.00dp</dimen>
    <dimen name="x451">250.56dp</dimen>
    <dimen name="x452">251.11dp</dimen>
    <dimen name="x453">251.67dp</dimen>
    <dimen name="x454">252.22dp</dimen>
    <dimen name="x455">252.78dp</dimen>
    <dimen name="x456">253.33dp</dimen>
    <dimen name="x457">253.89dp</dimen>
    <dimen name="x458">254.44dp</dimen>
    <dimen name="x459">255.00dp</dimen>
    <dimen name="x460">255.56dp</dimen>
    <dimen name="x461">256.11dp</dimen>
    <dimen name="x462">256.67dp</dimen>
    <dimen name="x463">257.22dp</dimen>
    <dimen name="x464">257.78dp</dimen>
    <dimen name="x465">258.33dp</dimen>
    <dimen name="x466">258.89dp</dimen>
    <dimen name="x467">259.44dp</dimen>
    <dimen name="x468">260.00dp</dimen>
    <dimen name="x469">260.56dp</dimen>
    <dimen name="x470">261.11dp</dimen>
    <dimen name="x471">261.67dp</dimen>
    <dimen name="x472">262.22dp</dimen>
    <dimen name="x473">262.78dp</dimen>
    <dimen name="x474">263.33dp</dimen>
    <dimen name="x475">263.89dp</dimen>
    <dimen name="x476">264.44dp</dimen>
    <dimen name="x477">265.00dp</dimen>
    <dimen name="x478">265.56dp</dimen>
    <dimen name="x479">266.11dp</dimen>
    <dimen name="x480">266.67dp</dimen>
    <dimen name="x481">267.22dp</dimen>
    <dimen name="x482">267.78dp</dimen>
    <dimen name="x483">268.33dp</dimen>
    <dimen name="x484">268.89dp</dimen>
    <dimen name="x485">269.44dp</dimen>
    <dimen name="x486">270.00dp</dimen>
    <dimen name="x487">270.56dp</dimen>
    <dimen name="x488">271.11dp</dimen>
    <dimen name="x489">271.67dp</dimen>
    <dimen name="x490">272.22dp</dimen>
    <dimen name="x491">272.78dp</dimen>
    <dimen name="x492">273.33dp</dimen>
    <dimen name="x493">273.89dp</dimen>
    <dimen name="x494">274.44dp</dimen>
    <dimen name="x495">275.00dp</dimen>
    <dimen name="x496">275.56dp</dimen>
    <dimen name="x497">276.11dp</dimen>
    <dimen name="x498">276.67dp</dimen>
    <dimen name="x499">277.22dp</dimen>
    <dimen name="x500">277.78dp</dimen>
    <dimen name="x501">278.33dp</dimen>
    <dimen name="x502">278.89dp</dimen>
    <dimen name="x503">279.44dp</dimen>
    <dimen name="x504">280.00dp</dimen>
    <dimen name="x505">280.56dp</dimen>
    <dimen name="x506">281.11dp</dimen>
    <dimen name="x507">281.67dp</dimen>
    <dimen name="x508">282.22dp</dimen>
    <dimen name="x509">282.78dp</dimen>
    <dimen name="x510">283.33dp</dimen>
    <dimen name="x511">283.89dp</dimen>
    <dimen name="x512">284.44dp</dimen>
    <dimen name="x513">285.00dp</dimen>
    <dimen name="x514">285.56dp</dimen>
    <dimen name="x515">286.11dp</dimen>
    <dimen name="x516">286.67dp</dimen>
    <dimen name="x517">287.22dp</dimen>
    <dimen name="x518">287.78dp</dimen>
    <dimen name="x519">288.33dp</dimen>
    <dimen name="x520">288.89dp</dimen>
    <dimen name="x521">289.44dp</dimen>
    <dimen name="x522">290.00dp</dimen>
    <dimen name="x523">290.56dp</dimen>
    <dimen name="x524">291.11dp</dimen>
    <dimen name="x525">291.67dp</dimen>
    <dimen name="x526">292.22dp</dimen>
    <dimen name="x527">292.78dp</dimen>
    <dimen name="x528">293.33dp</dimen>
    <dimen name="x529">293.89dp</dimen>
    <dimen name="x530">294.44dp</dimen>
    <dimen name="x531">295.00dp</dimen>
    <dimen name="x532">295.56dp</dimen>
    <dimen name="x533">296.11dp</dimen>
    <dimen name="x534">296.67dp</dimen>
    <dimen name="x535">297.22dp</dimen>
    <dimen name="x536">297.78dp</dimen>
    <dimen name="x537">298.33dp</dimen>
    <dimen name="x538">298.89dp</dimen>
    <dimen name="x539">299.44dp</dimen>
    <dimen name="x540">300.00dp</dimen>
    <dimen name="x541">300.56dp</dimen>
    <dimen name="x542">301.11dp</dimen>
    <dimen name="x543">301.67dp</dimen>
    <dimen name="x544">302.22dp</dimen>
    <dimen name="x545">302.78dp</dimen>
    <dimen name="x546">303.33dp</dimen>
    <dimen name="x547">303.89dp</dimen>
    <dimen name="x548">304.44dp</dimen>
    <dimen name="x549">305.00dp</dimen>
    <dimen name="x550">305.56dp</dimen>
    <dimen name="x551">306.11dp</dimen>
    <dimen name="x552">306.67dp</dimen>
    <dimen name="x553">307.22dp</dimen>
    <dimen name="x554">307.78dp</dimen>
    <dimen name="x555">308.33dp</dimen>
    <dimen name="x556">308.89dp</dimen>
    <dimen name="x557">309.44dp</dimen>
    <dimen name="x558">310.00dp</dimen>
    <dimen name="x559">310.56dp</dimen>
    <dimen name="x560">311.11dp</dimen>
    <dimen name="x561">311.67dp</dimen>
    <dimen name="x562">312.22dp</dimen>
    <dimen name="x563">312.78dp</dimen>
    <dimen name="x564">313.33dp</dimen>
    <dimen name="x565">313.89dp</dimen>
    <dimen name="x566">314.44dp</dimen>
    <dimen name="x567">315.00dp</dimen>
    <dimen name="x568">315.56dp</dimen>
    <dimen name="x569">316.11dp</dimen>
    <dimen name="x570">316.67dp</dimen>
    <dimen name="x571">317.22dp</dimen>
    <dimen name="x572">317.78dp</dimen>
    <dimen name="x573">318.33dp</dimen>
    <dimen name="x574">318.89dp</dimen>
    <dimen name="x575">319.44dp</dimen>
    <dimen name="x576">320.00dp</dimen>
    <dimen name="x577">320.56dp</dimen>
    <dimen name="x578">321.11dp</dimen>
    <dimen name="x579">321.67dp</dimen>
    <dimen name="x580">322.22dp</dimen>
    <dimen name="x581">322.78dp</dimen>
    <dimen name="x582">323.33dp</dimen>
    <dimen name="x583">323.89dp</dimen>
    <dimen name="x584">324.44dp</dimen>
    <dimen name="x585">325.00dp</dimen>
    <dimen name="x586">325.56dp</dimen>
    <dimen name="x587">326.11dp</dimen>
    <dimen name="x588">326.67dp</dimen>
    <dimen name="x589">327.22dp</dimen>
    <dimen name="x590">327.78dp</dimen>
    <dimen name="x591">328.33dp</dimen>
    <dimen name="x592">328.89dp</dimen>
    <dimen name="x593">329.44dp</dimen>
    <dimen name="x594">330.00dp</dimen>
    <dimen name="x595">330.56dp</dimen>
    <dimen name="x596">331.11dp</dimen>
    <dimen name="x597">331.67dp</dimen>
    <dimen name="x598">332.22dp</dimen>
    <dimen name="x599">332.78dp</dimen>
    <dimen name="x600">333.33dp</dimen>
    <dimen name="x601">333.89dp</dimen>
    <dimen name="x602">334.44dp</dimen>
    <dimen name="x603">335.00dp</dimen>
    <dimen name="x604">335.56dp</dimen>
    <dimen name="x605">336.11dp</dimen>
    <dimen name="x606">336.67dp</dimen>
    <dimen name="x607">337.22dp</dimen>
    <dimen name="x608">337.78dp</dimen>
    <dimen name="x609">338.33dp</dimen>
    <dimen name="x610">338.89dp</dimen>
    <dimen name="x611">339.44dp</dimen>
    <dimen name="x612">340.00dp</dimen>
    <dimen name="x613">340.56dp</dimen>
    <dimen name="x614">341.11dp</dimen>
    <dimen name="x615">341.67dp</dimen>
    <dimen name="x616">342.22dp</dimen>
    <dimen name="x617">342.78dp</dimen>
    <dimen name="x618">343.33dp</dimen>
    <dimen name="x619">343.89dp</dimen>
    <dimen name="x620">344.44dp</dimen>
    <dimen name="x621">345.00dp</dimen>
    <dimen name="x622">345.56dp</dimen>
    <dimen name="x623">346.11dp</dimen>
    <dimen name="x624">346.67dp</dimen>
    <dimen name="x625">347.22dp</dimen>
    <dimen name="x626">347.78dp</dimen>
    <dimen name="x627">348.33dp</dimen>
    <dimen name="x628">348.89dp</dimen>
    <dimen name="x629">349.44dp</dimen>
    <dimen name="x630">350.00dp</dimen>
    <dimen name="x631">350.56dp</dimen>
    <dimen name="x632">351.11dp</dimen>
    <dimen name="x633">351.67dp</dimen>
    <dimen name="x634">352.22dp</dimen>
    <dimen name="x635">352.78dp</dimen>
    <dimen name="x636">353.33dp</dimen>
    <dimen name="x637">353.89dp</dimen>
    <dimen name="x638">354.44dp</dimen>
    <dimen name="x639">355.00dp</dimen>
    <dimen name="x640">355.56dp</dimen>
    <dimen name="x641">356.11dp</dimen>
    <dimen name="x642">356.67dp</dimen>
    <dimen name="x643">357.22dp</dimen>
    <dimen name="x644">357.78dp</dimen>
    <dimen name="x645">358.33dp</dimen>
    <dimen name="x646">358.89dp</dimen>
    <dimen name="x647">359.44dp</dimen>
    <dimen name="x648">360.00dp</dimen>
    <dimen name="x649">360.56dp</dimen>
    <dimen name="x650">361.11dp</dimen>
    <dimen name="x651">361.67dp</dimen>
    <dimen name="x652">362.22dp</dimen>
    <dimen name="x653">362.78dp</dimen>
    <dimen name="x654">363.33dp</dimen>
    <dimen name="x655">363.89dp</dimen>
    <dimen name="x656">364.44dp</dimen>
    <dimen name="x657">365.00dp</dimen>
    <dimen name="x658">365.56dp</dimen>
    <dimen name="x659">366.11dp</dimen>
    <dimen name="x660">366.67dp</dimen>
    <dimen name="x661">367.22dp</dimen>
    <dimen name="x662">367.78dp</dimen>
    <dimen name="x663">368.33dp</dimen>
    <dimen name="x664">368.89dp</dimen>
    <dimen name="x665">369.44dp</dimen>
    <dimen name="x666">370.00dp</dimen>
    <dimen name="x667">370.56dp</dimen>
    <dimen name="x668">371.11dp</dimen>
    <dimen name="x669">371.67dp</dimen>
    <dimen name="x670">372.22dp</dimen>
    <dimen name="x671">372.78dp</dimen>
    <dimen name="x672">373.33dp</dimen>
    <dimen name="x673">373.89dp</dimen>
    <dimen name="x674">374.44dp</dimen>
    <dimen name="x675">375.00dp</dimen>
    <dimen name="x676">375.56dp</dimen>
    <dimen name="x677">376.11dp</dimen>
    <dimen name="x678">376.67dp</dimen>
    <dimen name="x679">377.22dp</dimen>
    <dimen name="x680">377.78dp</dimen>
    <dimen name="x681">378.33dp</dimen>
    <dimen name="x682">378.89dp</dimen>
    <dimen name="x683">379.44dp</dimen>
    <dimen name="x684">380.00dp</dimen>
    <dimen name="x685">380.56dp</dimen>
    <dimen name="x686">381.11dp</dimen>
    <dimen name="x687">381.67dp</dimen>
    <dimen name="x688">382.22dp</dimen>
    <dimen name="x689">382.78dp</dimen>
    <dimen name="x690">383.33dp</dimen>
    <dimen name="x691">383.89dp</dimen>
    <dimen name="x692">384.44dp</dimen>
    <dimen name="x693">385.00dp</dimen>
    <dimen name="x694">385.56dp</dimen>
    <dimen name="x695">386.11dp</dimen>
    <dimen name="x696">386.67dp</dimen>
    <dimen name="x697">387.22dp</dimen>
    <dimen name="x698">387.78dp</dimen>
    <dimen name="x699">388.33dp</dimen>
    <dimen name="x700">388.89dp</dimen>
    <dimen name="x701">389.44dp</dimen>
    <dimen name="x702">390.00dp</dimen>
    <dimen name="x703">390.56dp</dimen>
    <dimen name="x704">391.11dp</dimen>
    <dimen name="x705">391.67dp</dimen>
    <dimen name="x706">392.22dp</dimen>
    <dimen name="x707">392.78dp</dimen>
    <dimen name="x708">393.33dp</dimen>
    <dimen name="x709">393.89dp</dimen>
    <dimen name="x710">394.44dp</dimen>
    <dimen name="x711">395.00dp</dimen>
    <dimen name="x712">395.56dp</dimen>
    <dimen name="x713">396.11dp</dimen>
    <dimen name="x714">396.67dp</dimen>
    <dimen name="x715">397.22dp</dimen>
    <dimen name="x716">397.78dp</dimen>
    <dimen name="x717">398.33dp</dimen>
    <dimen name="x718">398.89dp</dimen>
    <dimen name="x719">399.44dp</dimen>
    <dimen name="x720">400.00dp</dimen>
    <dimen name="x721">400.56dp</dimen>
    <dimen name="x722">401.11dp</dimen>
    <dimen name="x723">401.67dp</dimen>
    <dimen name="x724">402.22dp</dimen>
    <dimen name="x725">402.78dp</dimen>
    <dimen name="x726">403.33dp</dimen>
    <dimen name="x727">403.89dp</dimen>
    <dimen name="x728">404.44dp</dimen>
    <dimen name="x729">405.00dp</dimen>
    <dimen name="x730">405.56dp</dimen>
    <dimen name="x731">406.11dp</dimen>
    <dimen name="x732">406.67dp</dimen>
    <dimen name="x733">407.22dp</dimen>
    <dimen name="x734">407.78dp</dimen>
    <dimen name="x735">408.33dp</dimen>
    <dimen name="x736">408.89dp</dimen>
    <dimen name="x737">409.44dp</dimen>
    <dimen name="x738">410.00dp</dimen>
    <dimen name="x739">410.56dp</dimen>
    <dimen name="x740">411.11dp</dimen>
    <dimen name="x741">411.67dp</dimen>
    <dimen name="x742">412.22dp</dimen>
    <dimen name="x743">412.78dp</dimen>
    <dimen name="x744">413.33dp</dimen>
    <dimen name="x745">413.89dp</dimen>
    <dimen name="x746">414.44dp</dimen>
    <dimen name="x747">415.00dp</dimen>
    <dimen name="x748">415.56dp</dimen>
    <dimen name="x749">416.11dp</dimen>
    <dimen name="x750">416.67dp</dimen>
    <dimen name="x751">417.22dp</dimen>
    <dimen name="x752">417.78dp</dimen>
    <dimen name="x753">418.33dp</dimen>
    <dimen name="x754">418.89dp</dimen>
    <dimen name="x755">419.44dp</dimen>
    <dimen name="x756">420.00dp</dimen>
    <dimen name="x757">420.56dp</dimen>
    <dimen name="x758">421.11dp</dimen>
    <dimen name="x759">421.67dp</dimen>
    <dimen name="x760">422.22dp</dimen>
    <dimen name="x761">422.78dp</dimen>
    <dimen name="x762">423.33dp</dimen>
    <dimen name="x763">423.89dp</dimen>
    <dimen name="x764">424.44dp</dimen>
    <dimen name="x765">425.00dp</dimen>
    <dimen name="x766">425.56dp</dimen>
    <dimen name="x767">426.11dp</dimen>
    <dimen name="x768">426.67dp</dimen>
    <dimen name="x769">427.22dp</dimen>
    <dimen name="x770">427.78dp</dimen>
    <dimen name="x771">428.33dp</dimen>
    <dimen name="x772">428.89dp</dimen>
    <dimen name="x773">429.44dp</dimen>
    <dimen name="x774">430.00dp</dimen>
    <dimen name="x775">430.56dp</dimen>
    <dimen name="x776">431.11dp</dimen>
    <dimen name="x777">431.67dp</dimen>
    <dimen name="x778">432.22dp</dimen>
    <dimen name="x779">432.78dp</dimen>
    <dimen name="x780">433.33dp</dimen>
    <dimen name="x781">433.89dp</dimen>
    <dimen name="x782">434.44dp</dimen>
    <dimen name="x783">435.00dp</dimen>
    <dimen name="x784">435.56dp</dimen>
    <dimen name="x785">436.11dp</dimen>
    <dimen name="x786">436.67dp</dimen>
    <dimen name="x787">437.22dp</dimen>
    <dimen name="x788">437.78dp</dimen>
    <dimen name="x789">438.33dp</dimen>
    <dimen name="x790">438.89dp</dimen>
    <dimen name="x791">439.44dp</dimen>
    <dimen name="x792">440.00dp</dimen>
    <dimen name="x793">440.56dp</dimen>
    <dimen name="x794">441.11dp</dimen>
    <dimen name="x795">441.67dp</dimen>
    <dimen name="x796">442.22dp</dimen>
    <dimen name="x797">442.78dp</dimen>
    <dimen name="x798">443.33dp</dimen>
    <dimen name="x799">443.89dp</dimen>
    <dimen name="x800">444.44dp</dimen>
    <dimen name="x801">445.00dp</dimen>
    <dimen name="x802">445.56dp</dimen>
    <dimen name="x803">446.11dp</dimen>
    <dimen name="x804">446.67dp</dimen>
    <dimen name="x805">447.22dp</dimen>
    <dimen name="x806">447.78dp</dimen>
    <dimen name="x807">448.33dp</dimen>
    <dimen name="x808">448.89dp</dimen>
    <dimen name="x809">449.44dp</dimen>
    <dimen name="x810">450.00dp</dimen>
    <dimen name="x811">450.56dp</dimen>
    <dimen name="x812">451.11dp</dimen>
    <dimen name="x813">451.67dp</dimen>
    <dimen name="x814">452.22dp</dimen>
    <dimen name="x815">452.78dp</dimen>
    <dimen name="x816">453.33dp</dimen>
    <dimen name="x817">453.89dp</dimen>
    <dimen name="x818">454.44dp</dimen>
    <dimen name="x819">455.00dp</dimen>
    <dimen name="x820">455.56dp</dimen>
    <dimen name="x821">456.11dp</dimen>
    <dimen name="x822">456.67dp</dimen>
    <dimen name="x823">457.22dp</dimen>
    <dimen name="x824">457.78dp</dimen>
    <dimen name="x825">458.33dp</dimen>
    <dimen name="x826">458.89dp</dimen>
    <dimen name="x827">459.44dp</dimen>
    <dimen name="x828">460.00dp</dimen>
    <dimen name="x829">460.56dp</dimen>
    <dimen name="x830">461.11dp</dimen>
    <dimen name="x831">461.67dp</dimen>
    <dimen name="x832">462.22dp</dimen>
    <dimen name="x833">462.78dp</dimen>
    <dimen name="x834">463.33dp</dimen>
    <dimen name="x835">463.89dp</dimen>
    <dimen name="x836">464.44dp</dimen>
    <dimen name="x837">465.00dp</dimen>
    <dimen name="x838">465.56dp</dimen>
    <dimen name="x839">466.11dp</dimen>
    <dimen name="x840">466.67dp</dimen>
    <dimen name="x841">467.22dp</dimen>
    <dimen name="x842">467.78dp</dimen>
    <dimen name="x843">468.33dp</dimen>
    <dimen name="x844">468.89dp</dimen>
    <dimen name="x845">469.44dp</dimen>
    <dimen name="x846">470.00dp</dimen>
    <dimen name="x847">470.56dp</dimen>
    <dimen name="x848">471.11dp</dimen>
    <dimen name="x849">471.67dp</dimen>
    <dimen name="x850">472.22dp</dimen>
    <dimen name="x851">472.78dp</dimen>
    <dimen name="x852">473.33dp</dimen>
    <dimen name="x853">473.89dp</dimen>
    <dimen name="x854">474.44dp</dimen>
    <dimen name="x855">475.00dp</dimen>
    <dimen name="x856">475.56dp</dimen>
    <dimen name="x857">476.11dp</dimen>
    <dimen name="x858">476.67dp</dimen>
    <dimen name="x859">477.22dp</dimen>
    <dimen name="x860">477.78dp</dimen>
    <dimen name="x861">478.33dp</dimen>
    <dimen name="x862">478.89dp</dimen>
    <dimen name="x863">479.44dp</dimen>
    <dimen name="x864">480.00dp</dimen>
    <dimen name="x865">480.56dp</dimen>
    <dimen name="x866">481.11dp</dimen>
    <dimen name="x867">481.67dp</dimen>
    <dimen name="x868">482.22dp</dimen>
    <dimen name="x869">482.78dp</dimen>
    <dimen name="x870">483.33dp</dimen>
    <dimen name="x871">483.89dp</dimen>
    <dimen name="x872">484.44dp</dimen>
    <dimen name="x873">485.00dp</dimen>
    <dimen name="x874">485.56dp</dimen>
    <dimen name="x875">486.11dp</dimen>
    <dimen name="x876">486.67dp</dimen>
    <dimen name="x877">487.22dp</dimen>
    <dimen name="x878">487.78dp</dimen>
    <dimen name="x879">488.33dp</dimen>
    <dimen name="x880">488.89dp</dimen>
    <dimen name="x881">489.44dp</dimen>
    <dimen name="x882">490.00dp</dimen>
    <dimen name="x883">490.56dp</dimen>
    <dimen name="x884">491.11dp</dimen>
    <dimen name="x885">491.67dp</dimen>
    <dimen name="x886">492.22dp</dimen>
    <dimen name="x887">492.78dp</dimen>
    <dimen name="x888">493.33dp</dimen>
    <dimen name="x889">493.89dp</dimen>
    <dimen name="x890">494.44dp</dimen>
    <dimen name="x891">495.00dp</dimen>
    <dimen name="x892">495.56dp</dimen>
    <dimen name="x893">496.11dp</dimen>
    <dimen name="x894">496.67dp</dimen>
    <dimen name="x895">497.22dp</dimen>
    <dimen name="x896">497.78dp</dimen>
    <dimen name="x897">498.33dp</dimen>
    <dimen name="x898">498.89dp</dimen>
    <dimen name="x899">499.44dp</dimen>
    <dimen name="x900">500.00dp</dimen>
    <dimen name="x901">500.56dp</dimen>
    <dimen name="x902">501.11dp</dimen>
    <dimen name="x903">501.67dp</dimen>
    <dimen name="x904">502.22dp</dimen>
    <dimen name="x905">502.78dp</dimen>
    <dimen name="x906">503.33dp</dimen>
    <dimen name="x907">503.89dp</dimen>
    <dimen name="x908">504.44dp</dimen>
    <dimen name="x909">505.00dp</dimen>
    <dimen name="x910">505.56dp</dimen>
    <dimen name="x911">506.11dp</dimen>
    <dimen name="x912">506.67dp</dimen>
    <dimen name="x913">507.22dp</dimen>
    <dimen name="x914">507.78dp</dimen>
    <dimen name="x915">508.33dp</dimen>
    <dimen name="x916">508.89dp</dimen>
    <dimen name="x917">509.44dp</dimen>
    <dimen name="x918">510.00dp</dimen>
    <dimen name="x919">510.56dp</dimen>
    <dimen name="x920">511.11dp</dimen>
    <dimen name="x921">511.67dp</dimen>
    <dimen name="x922">512.22dp</dimen>
    <dimen name="x923">512.78dp</dimen>
    <dimen name="x924">513.33dp</dimen>
    <dimen name="x925">513.89dp</dimen>
    <dimen name="x926">514.44dp</dimen>
    <dimen name="x927">515.00dp</dimen>
    <dimen name="x928">515.56dp</dimen>
    <dimen name="x929">516.11dp</dimen>
    <dimen name="x930">516.67dp</dimen>
    <dimen name="x931">517.22dp</dimen>
    <dimen name="x932">517.78dp</dimen>
    <dimen name="x933">518.33dp</dimen>
    <dimen name="x934">518.89dp</dimen>
    <dimen name="x935">519.44dp</dimen>
    <dimen name="x936">520.00dp</dimen>
    <dimen name="x937">520.56dp</dimen>
    <dimen name="x938">521.11dp</dimen>
    <dimen name="x939">521.67dp</dimen>
    <dimen name="x940">522.22dp</dimen>
    <dimen name="x941">522.78dp</dimen>
    <dimen name="x942">523.33dp</dimen>
    <dimen name="x943">523.89dp</dimen>
    <dimen name="x944">524.44dp</dimen>
    <dimen name="x945">525.00dp</dimen>
    <dimen name="x946">525.56dp</dimen>
    <dimen name="x947">526.11dp</dimen>
    <dimen name="x948">526.67dp</dimen>
    <dimen name="x949">527.22dp</dimen>
    <dimen name="x950">527.78dp</dimen>
    <dimen name="x951">528.33dp</dimen>
    <dimen name="x952">528.89dp</dimen>
    <dimen name="x953">529.44dp</dimen>
    <dimen name="x954">530.00dp</dimen>
    <dimen name="x955">530.56dp</dimen>
    <dimen name="x956">531.11dp</dimen>
    <dimen name="x957">531.67dp</dimen>
    <dimen name="x958">532.22dp</dimen>
    <dimen name="x959">532.78dp</dimen>
    <dimen name="x960">533.33dp</dimen>
    <dimen name="x961">533.89dp</dimen>
    <dimen name="x962">534.44dp</dimen>
    <dimen name="x963">535.00dp</dimen>
    <dimen name="x964">535.56dp</dimen>
    <dimen name="x965">536.11dp</dimen>
    <dimen name="x966">536.67dp</dimen>
    <dimen name="x967">537.22dp</dimen>
    <dimen name="x968">537.78dp</dimen>
    <dimen name="x969">538.33dp</dimen>
    <dimen name="x970">538.89dp</dimen>
    <dimen name="x971">539.44dp</dimen>
    <dimen name="x972">540.00dp</dimen>
    <dimen name="x973">540.56dp</dimen>
    <dimen name="x974">541.11dp</dimen>
    <dimen name="x975">541.67dp</dimen>
    <dimen name="x976">542.22dp</dimen>
    <dimen name="x977">542.78dp</dimen>
    <dimen name="x978">543.33dp</dimen>
    <dimen name="x979">543.89dp</dimen>
    <dimen name="x980">544.44dp</dimen>
    <dimen name="x981">545.00dp</dimen>
    <dimen name="x982">545.56dp</dimen>
    <dimen name="x983">546.11dp</dimen>
    <dimen name="x984">546.67dp</dimen>
    <dimen name="x985">547.22dp</dimen>
    <dimen name="x986">547.78dp</dimen>
    <dimen name="x987">548.33dp</dimen>
    <dimen name="x988">548.89dp</dimen>
    <dimen name="x989">549.44dp</dimen>
    <dimen name="x990">550.00dp</dimen>
    <dimen name="x991">550.56dp</dimen>
    <dimen name="x992">551.11dp</dimen>
    <dimen name="x993">551.67dp</dimen>
    <dimen name="x994">552.22dp</dimen>
    <dimen name="x995">552.78dp</dimen>
    <dimen name="x996">553.33dp</dimen>
    <dimen name="x997">553.89dp</dimen>
    <dimen name="x998">554.44dp</dimen>
    <dimen name="x999">555.00dp</dimen>
    <dimen name="x1000">555.56dp</dimen>
    <dimen name="x1001">556.11dp</dimen>
    <dimen name="x1002">556.67dp</dimen>
    <dimen name="x1003">557.22dp</dimen>
    <dimen name="x1004">557.78dp</dimen>
    <dimen name="x1005">558.33dp</dimen>
    <dimen name="x1006">558.89dp</dimen>
    <dimen name="x1007">559.44dp</dimen>
    <dimen name="x1008">560.00dp</dimen>
    <dimen name="x1009">560.56dp</dimen>
    <dimen name="x1010">561.11dp</dimen>
    <dimen name="x1011">561.67dp</dimen>
    <dimen name="x1012">562.22dp</dimen>
    <dimen name="x1013">562.78dp</dimen>
    <dimen name="x1014">563.33dp</dimen>
    <dimen name="x1015">563.89dp</dimen>
    <dimen name="x1016">564.44dp</dimen>
    <dimen name="x1017">565.00dp</dimen>
    <dimen name="x1018">565.56dp</dimen>
    <dimen name="x1019">566.11dp</dimen>
    <dimen name="x1020">566.67dp</dimen>
    <dimen name="x1021">567.22dp</dimen>
    <dimen name="x1022">567.78dp</dimen>
    <dimen name="x1023">568.33dp</dimen>
    <dimen name="x1024">568.89dp</dimen>
    <dimen name="x1025">569.44dp</dimen>
    <dimen name="x1026">570.00dp</dimen>
    <dimen name="x1027">570.56dp</dimen>
    <dimen name="x1028">571.11dp</dimen>
    <dimen name="x1029">571.67dp</dimen>
    <dimen name="x1030">572.22dp</dimen>
    <dimen name="x1031">572.78dp</dimen>
    <dimen name="x1032">573.33dp</dimen>
    <dimen name="x1033">573.89dp</dimen>
    <dimen name="x1034">574.44dp</dimen>
    <dimen name="x1035">575.00dp</dimen>
    <dimen name="x1036">575.56dp</dimen>
    <dimen name="x1037">576.11dp</dimen>
    <dimen name="x1038">576.67dp</dimen>
    <dimen name="x1039">577.22dp</dimen>
    <dimen name="x1040">577.78dp</dimen>
    <dimen name="x1041">578.33dp</dimen>
    <dimen name="x1042">578.89dp</dimen>
    <dimen name="x1043">579.44dp</dimen>
    <dimen name="x1044">580.00dp</dimen>
    <dimen name="x1045">580.56dp</dimen>
    <dimen name="x1046">581.11dp</dimen>
    <dimen name="x1047">581.67dp</dimen>
    <dimen name="x1048">582.22dp</dimen>
    <dimen name="x1049">582.78dp</dimen>
    <dimen name="x1050">583.33dp</dimen>
    <dimen name="x1051">583.89dp</dimen>
    <dimen name="x1052">584.44dp</dimen>
    <dimen name="x1053">585.00dp</dimen>
    <dimen name="x1054">585.56dp</dimen>
    <dimen name="x1055">586.11dp</dimen>
    <dimen name="x1056">586.67dp</dimen>
    <dimen name="x1057">587.22dp</dimen>
    <dimen name="x1058">587.78dp</dimen>
    <dimen name="x1059">588.33dp</dimen>
    <dimen name="x1060">588.89dp</dimen>
    <dimen name="x1061">589.44dp</dimen>
    <dimen name="x1062">590.00dp</dimen>
    <dimen name="x1063">590.56dp</dimen>
    <dimen name="x1064">591.11dp</dimen>
    <dimen name="x1065">591.67dp</dimen>
    <dimen name="x1066">592.22dp</dimen>
    <dimen name="x1067">592.78dp</dimen>
    <dimen name="x1068">593.33dp</dimen>
    <dimen name="x1069">593.89dp</dimen>
    <dimen name="x1070">594.44dp</dimen>
    <dimen name="x1071">595.00dp</dimen>
    <dimen name="x1072">595.56dp</dimen>
    <dimen name="x1073">596.11dp</dimen>
    <dimen name="x1074">596.67dp</dimen>
    <dimen name="x1075">597.22dp</dimen>
    <dimen name="x1076">597.78dp</dimen>
    <dimen name="x1077">598.33dp</dimen>
    <dimen name="x1078">598.89dp</dimen>
    <dimen name="x1079">599.44dp</dimen>
    <dimen name="x1080">600.00dp</dimen>
</resources>