<?xml version="1.0" encoding="utf-8"?>
<resources>
    <string name="sw_dp">560dp</string>
    <dimen name="x1">0.52dp</dimen>
    <dimen name="x2">1.04dp</dimen>
    <dimen name="x3">1.56dp</dimen>
    <dimen name="x4">2.07dp</dimen>
    <dimen name="x5">2.59dp</dimen>
    <dimen name="x6">3.11dp</dimen>
    <dimen name="x7">3.63dp</dimen>
    <dimen name="x8">4.15dp</dimen>
    <dimen name="x9">4.67dp</dimen>
    <dimen name="x10">5.19dp</dimen>
    <dimen name="x11">5.70dp</dimen>
    <dimen name="x12">6.22dp</dimen>
    <dimen name="x13">6.74dp</dimen>
    <dimen name="x14">7.26dp</dimen>
    <dimen name="x15">7.78dp</dimen>
    <dimen name="x16">8.30dp</dimen>
    <dimen name="x17">8.81dp</dimen>
    <dimen name="x18">9.33dp</dimen>
    <dimen name="x19">9.85dp</dimen>
    <dimen name="x20">10.37dp</dimen>
    <dimen name="x21">10.89dp</dimen>
    <dimen name="x22">11.41dp</dimen>
    <dimen name="x23">11.93dp</dimen>
    <dimen name="x24">12.44dp</dimen>
    <dimen name="x25">12.96dp</dimen>
    <dimen name="x26">13.48dp</dimen>
    <dimen name="x27">14.00dp</dimen>
    <dimen name="x28">14.52dp</dimen>
    <dimen name="x29">15.04dp</dimen>
    <dimen name="x30">15.56dp</dimen>
    <dimen name="x31">16.07dp</dimen>
    <dimen name="x32">16.59dp</dimen>
    <dimen name="x33">17.11dp</dimen>
    <dimen name="x34">17.63dp</dimen>
    <dimen name="x35">18.15dp</dimen>
    <dimen name="x36">18.67dp</dimen>
    <dimen name="x37">19.19dp</dimen>
    <dimen name="x38">19.70dp</dimen>
    <dimen name="x39">20.22dp</dimen>
    <dimen name="x40">20.74dp</dimen>
    <dimen name="x41">21.26dp</dimen>
    <dimen name="x42">21.78dp</dimen>
    <dimen name="x43">22.30dp</dimen>
    <dimen name="x44">22.81dp</dimen>
    <dimen name="x45">23.33dp</dimen>
    <dimen name="x46">23.85dp</dimen>
    <dimen name="x47">24.37dp</dimen>
    <dimen name="x48">24.89dp</dimen>
    <dimen name="x49">25.41dp</dimen>
    <dimen name="x50">25.93dp</dimen>
    <dimen name="x51">26.44dp</dimen>
    <dimen name="x52">26.96dp</dimen>
    <dimen name="x53">27.48dp</dimen>
    <dimen name="x54">28.00dp</dimen>
    <dimen name="x55">28.52dp</dimen>
    <dimen name="x56">29.04dp</dimen>
    <dimen name="x57">29.56dp</dimen>
    <dimen name="x58">30.07dp</dimen>
    <dimen name="x59">30.59dp</dimen>
    <dimen name="x60">31.11dp</dimen>
    <dimen name="x61">31.63dp</dimen>
    <dimen name="x62">32.15dp</dimen>
    <dimen name="x63">32.67dp</dimen>
    <dimen name="x64">33.19dp</dimen>
    <dimen name="x65">33.70dp</dimen>
    <dimen name="x66">34.22dp</dimen>
    <dimen name="x67">34.74dp</dimen>
    <dimen name="x68">35.26dp</dimen>
    <dimen name="x69">35.78dp</dimen>
    <dimen name="x70">36.30dp</dimen>
    <dimen name="x71">36.81dp</dimen>
    <dimen name="x72">37.33dp</dimen>
    <dimen name="x73">37.85dp</dimen>
    <dimen name="x74">38.37dp</dimen>
    <dimen name="x75">38.89dp</dimen>
    <dimen name="x76">39.41dp</dimen>
    <dimen name="x77">39.93dp</dimen>
    <dimen name="x78">40.44dp</dimen>
    <dimen name="x79">40.96dp</dimen>
    <dimen name="x80">41.48dp</dimen>
    <dimen name="x81">42.00dp</dimen>
    <dimen name="x82">42.52dp</dimen>
    <dimen name="x83">43.04dp</dimen>
    <dimen name="x84">43.56dp</dimen>
    <dimen name="x85">44.07dp</dimen>
    <dimen name="x86">44.59dp</dimen>
    <dimen name="x87">45.11dp</dimen>
    <dimen name="x88">45.63dp</dimen>
    <dimen name="x89">46.15dp</dimen>
    <dimen name="x90">46.67dp</dimen>
    <dimen name="x91">47.19dp</dimen>
    <dimen name="x92">47.70dp</dimen>
    <dimen name="x93">48.22dp</dimen>
    <dimen name="x94">48.74dp</dimen>
    <dimen name="x95">49.26dp</dimen>
    <dimen name="x96">49.78dp</dimen>
    <dimen name="x97">50.30dp</dimen>
    <dimen name="x98">50.81dp</dimen>
    <dimen name="x99">51.33dp</dimen>
    <dimen name="x100">51.85dp</dimen>
    <dimen name="x101">52.37dp</dimen>
    <dimen name="x102">52.89dp</dimen>
    <dimen name="x103">53.41dp</dimen>
    <dimen name="x104">53.93dp</dimen>
    <dimen name="x105">54.44dp</dimen>
    <dimen name="x106">54.96dp</dimen>
    <dimen name="x107">55.48dp</dimen>
    <dimen name="x108">56.00dp</dimen>
    <dimen name="x109">56.52dp</dimen>
    <dimen name="x110">57.04dp</dimen>
    <dimen name="x111">57.56dp</dimen>
    <dimen name="x112">58.07dp</dimen>
    <dimen name="x113">58.59dp</dimen>
    <dimen name="x114">59.11dp</dimen>
    <dimen name="x115">59.63dp</dimen>
    <dimen name="x116">60.15dp</dimen>
    <dimen name="x117">60.67dp</dimen>
    <dimen name="x118">61.19dp</dimen>
    <dimen name="x119">61.70dp</dimen>
    <dimen name="x120">62.22dp</dimen>
    <dimen name="x121">62.74dp</dimen>
    <dimen name="x122">63.26dp</dimen>
    <dimen name="x123">63.78dp</dimen>
    <dimen name="x124">64.30dp</dimen>
    <dimen name="x125">64.81dp</dimen>
    <dimen name="x126">65.33dp</dimen>
    <dimen name="x127">65.85dp</dimen>
    <dimen name="x128">66.37dp</dimen>
    <dimen name="x129">66.89dp</dimen>
    <dimen name="x130">67.41dp</dimen>
    <dimen name="x131">67.93dp</dimen>
    <dimen name="x132">68.44dp</dimen>
    <dimen name="x133">68.96dp</dimen>
    <dimen name="x134">69.48dp</dimen>
    <dimen name="x135">70.00dp</dimen>
    <dimen name="x136">70.52dp</dimen>
    <dimen name="x137">71.04dp</dimen>
    <dimen name="x138">71.56dp</dimen>
    <dimen name="x139">72.07dp</dimen>
    <dimen name="x140">72.59dp</dimen>
    <dimen name="x141">73.11dp</dimen>
    <dimen name="x142">73.63dp</dimen>
    <dimen name="x143">74.15dp</dimen>
    <dimen name="x144">74.67dp</dimen>
    <dimen name="x145">75.19dp</dimen>
    <dimen name="x146">75.70dp</dimen>
    <dimen name="x147">76.22dp</dimen>
    <dimen name="x148">76.74dp</dimen>
    <dimen name="x149">77.26dp</dimen>
    <dimen name="x150">77.78dp</dimen>
    <dimen name="x151">78.30dp</dimen>
    <dimen name="x152">78.81dp</dimen>
    <dimen name="x153">79.33dp</dimen>
    <dimen name="x154">79.85dp</dimen>
    <dimen name="x155">80.37dp</dimen>
    <dimen name="x156">80.89dp</dimen>
    <dimen name="x157">81.41dp</dimen>
    <dimen name="x158">81.93dp</dimen>
    <dimen name="x159">82.44dp</dimen>
    <dimen name="x160">82.96dp</dimen>
    <dimen name="x161">83.48dp</dimen>
    <dimen name="x162">84.00dp</dimen>
    <dimen name="x163">84.52dp</dimen>
    <dimen name="x164">85.04dp</dimen>
    <dimen name="x165">85.56dp</dimen>
    <dimen name="x166">86.07dp</dimen>
    <dimen name="x167">86.59dp</dimen>
    <dimen name="x168">87.11dp</dimen>
    <dimen name="x169">87.63dp</dimen>
    <dimen name="x170">88.15dp</dimen>
    <dimen name="x171">88.67dp</dimen>
    <dimen name="x172">89.19dp</dimen>
    <dimen name="x173">89.70dp</dimen>
    <dimen name="x174">90.22dp</dimen>
    <dimen name="x175">90.74dp</dimen>
    <dimen name="x176">91.26dp</dimen>
    <dimen name="x177">91.78dp</dimen>
    <dimen name="x178">92.30dp</dimen>
    <dimen name="x179">92.81dp</dimen>
    <dimen name="x180">93.33dp</dimen>
    <dimen name="x181">93.85dp</dimen>
    <dimen name="x182">94.37dp</dimen>
    <dimen name="x183">94.89dp</dimen>
    <dimen name="x184">95.41dp</dimen>
    <dimen name="x185">95.93dp</dimen>
    <dimen name="x186">96.44dp</dimen>
    <dimen name="x187">96.96dp</dimen>
    <dimen name="x188">97.48dp</dimen>
    <dimen name="x189">98.00dp</dimen>
    <dimen name="x190">98.52dp</dimen>
    <dimen name="x191">99.04dp</dimen>
    <dimen name="x192">99.56dp</dimen>
    <dimen name="x193">100.07dp</dimen>
    <dimen name="x194">100.59dp</dimen>
    <dimen name="x195">101.11dp</dimen>
    <dimen name="x196">101.63dp</dimen>
    <dimen name="x197">102.15dp</dimen>
    <dimen name="x198">102.67dp</dimen>
    <dimen name="x199">103.19dp</dimen>
    <dimen name="x200">103.70dp</dimen>
    <dimen name="x201">104.22dp</dimen>
    <dimen name="x202">104.74dp</dimen>
    <dimen name="x203">105.26dp</dimen>
    <dimen name="x204">105.78dp</dimen>
    <dimen name="x205">106.30dp</dimen>
    <dimen name="x206">106.81dp</dimen>
    <dimen name="x207">107.33dp</dimen>
    <dimen name="x208">107.85dp</dimen>
    <dimen name="x209">108.37dp</dimen>
    <dimen name="x210">108.89dp</dimen>
    <dimen name="x211">109.41dp</dimen>
    <dimen name="x212">109.93dp</dimen>
    <dimen name="x213">110.44dp</dimen>
    <dimen name="x214">110.96dp</dimen>
    <dimen name="x215">111.48dp</dimen>
    <dimen name="x216">112.00dp</dimen>
    <dimen name="x217">112.52dp</dimen>
    <dimen name="x218">113.04dp</dimen>
    <dimen name="x219">113.56dp</dimen>
    <dimen name="x220">114.07dp</dimen>
    <dimen name="x221">114.59dp</dimen>
    <dimen name="x222">115.11dp</dimen>
    <dimen name="x223">115.63dp</dimen>
    <dimen name="x224">116.15dp</dimen>
    <dimen name="x225">116.67dp</dimen>
    <dimen name="x226">117.19dp</dimen>
    <dimen name="x227">117.70dp</dimen>
    <dimen name="x228">118.22dp</dimen>
    <dimen name="x229">118.74dp</dimen>
    <dimen name="x230">119.26dp</dimen>
    <dimen name="x231">119.78dp</dimen>
    <dimen name="x232">120.30dp</dimen>
    <dimen name="x233">120.81dp</dimen>
    <dimen name="x234">121.33dp</dimen>
    <dimen name="x235">121.85dp</dimen>
    <dimen name="x236">122.37dp</dimen>
    <dimen name="x237">122.89dp</dimen>
    <dimen name="x238">123.41dp</dimen>
    <dimen name="x239">123.93dp</dimen>
    <dimen name="x240">124.44dp</dimen>
    <dimen name="x241">124.96dp</dimen>
    <dimen name="x242">125.48dp</dimen>
    <dimen name="x243">126.00dp</dimen>
    <dimen name="x244">126.52dp</dimen>
    <dimen name="x245">127.04dp</dimen>
    <dimen name="x246">127.56dp</dimen>
    <dimen name="x247">128.07dp</dimen>
    <dimen name="x248">128.59dp</dimen>
    <dimen name="x249">129.11dp</dimen>
    <dimen name="x250">129.63dp</dimen>
    <dimen name="x251">130.15dp</dimen>
    <dimen name="x252">130.67dp</dimen>
    <dimen name="x253">131.19dp</dimen>
    <dimen name="x254">131.70dp</dimen>
    <dimen name="x255">132.22dp</dimen>
    <dimen name="x256">132.74dp</dimen>
    <dimen name="x257">133.26dp</dimen>
    <dimen name="x258">133.78dp</dimen>
    <dimen name="x259">134.30dp</dimen>
    <dimen name="x260">134.81dp</dimen>
    <dimen name="x261">135.33dp</dimen>
    <dimen name="x262">135.85dp</dimen>
    <dimen name="x263">136.37dp</dimen>
    <dimen name="x264">136.89dp</dimen>
    <dimen name="x265">137.41dp</dimen>
    <dimen name="x266">137.93dp</dimen>
    <dimen name="x267">138.44dp</dimen>
    <dimen name="x268">138.96dp</dimen>
    <dimen name="x269">139.48dp</dimen>
    <dimen name="x270">140.00dp</dimen>
    <dimen name="x271">140.52dp</dimen>
    <dimen name="x272">141.04dp</dimen>
    <dimen name="x273">141.56dp</dimen>
    <dimen name="x274">142.07dp</dimen>
    <dimen name="x275">142.59dp</dimen>
    <dimen name="x276">143.11dp</dimen>
    <dimen name="x277">143.63dp</dimen>
    <dimen name="x278">144.15dp</dimen>
    <dimen name="x279">144.67dp</dimen>
    <dimen name="x280">145.19dp</dimen>
    <dimen name="x281">145.70dp</dimen>
    <dimen name="x282">146.22dp</dimen>
    <dimen name="x283">146.74dp</dimen>
    <dimen name="x284">147.26dp</dimen>
    <dimen name="x285">147.78dp</dimen>
    <dimen name="x286">148.30dp</dimen>
    <dimen name="x287">148.81dp</dimen>
    <dimen name="x288">149.33dp</dimen>
    <dimen name="x289">149.85dp</dimen>
    <dimen name="x290">150.37dp</dimen>
    <dimen name="x291">150.89dp</dimen>
    <dimen name="x292">151.41dp</dimen>
    <dimen name="x293">151.93dp</dimen>
    <dimen name="x294">152.44dp</dimen>
    <dimen name="x295">152.96dp</dimen>
    <dimen name="x296">153.48dp</dimen>
    <dimen name="x297">154.00dp</dimen>
    <dimen name="x298">154.52dp</dimen>
    <dimen name="x299">155.04dp</dimen>
    <dimen name="x300">155.56dp</dimen>
    <dimen name="x301">156.07dp</dimen>
    <dimen name="x302">156.59dp</dimen>
    <dimen name="x303">157.11dp</dimen>
    <dimen name="x304">157.63dp</dimen>
    <dimen name="x305">158.15dp</dimen>
    <dimen name="x306">158.67dp</dimen>
    <dimen name="x307">159.19dp</dimen>
    <dimen name="x308">159.70dp</dimen>
    <dimen name="x309">160.22dp</dimen>
    <dimen name="x310">160.74dp</dimen>
    <dimen name="x311">161.26dp</dimen>
    <dimen name="x312">161.78dp</dimen>
    <dimen name="x313">162.30dp</dimen>
    <dimen name="x314">162.81dp</dimen>
    <dimen name="x315">163.33dp</dimen>
    <dimen name="x316">163.85dp</dimen>
    <dimen name="x317">164.37dp</dimen>
    <dimen name="x318">164.89dp</dimen>
    <dimen name="x319">165.41dp</dimen>
    <dimen name="x320">165.93dp</dimen>
    <dimen name="x321">166.44dp</dimen>
    <dimen name="x322">166.96dp</dimen>
    <dimen name="x323">167.48dp</dimen>
    <dimen name="x324">168.00dp</dimen>
    <dimen name="x325">168.52dp</dimen>
    <dimen name="x326">169.04dp</dimen>
    <dimen name="x327">169.56dp</dimen>
    <dimen name="x328">170.07dp</dimen>
    <dimen name="x329">170.59dp</dimen>
    <dimen name="x330">171.11dp</dimen>
    <dimen name="x331">171.63dp</dimen>
    <dimen name="x332">172.15dp</dimen>
    <dimen name="x333">172.67dp</dimen>
    <dimen name="x334">173.19dp</dimen>
    <dimen name="x335">173.70dp</dimen>
    <dimen name="x336">174.22dp</dimen>
    <dimen name="x337">174.74dp</dimen>
    <dimen name="x338">175.26dp</dimen>
    <dimen name="x339">175.78dp</dimen>
    <dimen name="x340">176.30dp</dimen>
    <dimen name="x341">176.81dp</dimen>
    <dimen name="x342">177.33dp</dimen>
    <dimen name="x343">177.85dp</dimen>
    <dimen name="x344">178.37dp</dimen>
    <dimen name="x345">178.89dp</dimen>
    <dimen name="x346">179.41dp</dimen>
    <dimen name="x347">179.93dp</dimen>
    <dimen name="x348">180.44dp</dimen>
    <dimen name="x349">180.96dp</dimen>
    <dimen name="x350">181.48dp</dimen>
    <dimen name="x351">182.00dp</dimen>
    <dimen name="x352">182.52dp</dimen>
    <dimen name="x353">183.04dp</dimen>
    <dimen name="x354">183.56dp</dimen>
    <dimen name="x355">184.07dp</dimen>
    <dimen name="x356">184.59dp</dimen>
    <dimen name="x357">185.11dp</dimen>
    <dimen name="x358">185.63dp</dimen>
    <dimen name="x359">186.15dp</dimen>
    <dimen name="x360">186.67dp</dimen>
    <dimen name="x361">187.19dp</dimen>
    <dimen name="x362">187.70dp</dimen>
    <dimen name="x363">188.22dp</dimen>
    <dimen name="x364">188.74dp</dimen>
    <dimen name="x365">189.26dp</dimen>
    <dimen name="x366">189.78dp</dimen>
    <dimen name="x367">190.30dp</dimen>
    <dimen name="x368">190.81dp</dimen>
    <dimen name="x369">191.33dp</dimen>
    <dimen name="x370">191.85dp</dimen>
    <dimen name="x371">192.37dp</dimen>
    <dimen name="x372">192.89dp</dimen>
    <dimen name="x373">193.41dp</dimen>
    <dimen name="x374">193.93dp</dimen>
    <dimen name="x375">194.44dp</dimen>
    <dimen name="x376">194.96dp</dimen>
    <dimen name="x377">195.48dp</dimen>
    <dimen name="x378">196.00dp</dimen>
    <dimen name="x379">196.52dp</dimen>
    <dimen name="x380">197.04dp</dimen>
    <dimen name="x381">197.56dp</dimen>
    <dimen name="x382">198.07dp</dimen>
    <dimen name="x383">198.59dp</dimen>
    <dimen name="x384">199.11dp</dimen>
    <dimen name="x385">199.63dp</dimen>
    <dimen name="x386">200.15dp</dimen>
    <dimen name="x387">200.67dp</dimen>
    <dimen name="x388">201.19dp</dimen>
    <dimen name="x389">201.70dp</dimen>
    <dimen name="x390">202.22dp</dimen>
    <dimen name="x391">202.74dp</dimen>
    <dimen name="x392">203.26dp</dimen>
    <dimen name="x393">203.78dp</dimen>
    <dimen name="x394">204.30dp</dimen>
    <dimen name="x395">204.81dp</dimen>
    <dimen name="x396">205.33dp</dimen>
    <dimen name="x397">205.85dp</dimen>
    <dimen name="x398">206.37dp</dimen>
    <dimen name="x399">206.89dp</dimen>
    <dimen name="x400">207.41dp</dimen>
    <dimen name="x401">207.93dp</dimen>
    <dimen name="x402">208.44dp</dimen>
    <dimen name="x403">208.96dp</dimen>
    <dimen name="x404">209.48dp</dimen>
    <dimen name="x405">210.00dp</dimen>
    <dimen name="x406">210.52dp</dimen>
    <dimen name="x407">211.04dp</dimen>
    <dimen name="x408">211.56dp</dimen>
    <dimen name="x409">212.07dp</dimen>
    <dimen name="x410">212.59dp</dimen>
    <dimen name="x411">213.11dp</dimen>
    <dimen name="x412">213.63dp</dimen>
    <dimen name="x413">214.15dp</dimen>
    <dimen name="x414">214.67dp</dimen>
    <dimen name="x415">215.19dp</dimen>
    <dimen name="x416">215.70dp</dimen>
    <dimen name="x417">216.22dp</dimen>
    <dimen name="x418">216.74dp</dimen>
    <dimen name="x419">217.26dp</dimen>
    <dimen name="x420">217.78dp</dimen>
    <dimen name="x421">218.30dp</dimen>
    <dimen name="x422">218.81dp</dimen>
    <dimen name="x423">219.33dp</dimen>
    <dimen name="x424">219.85dp</dimen>
    <dimen name="x425">220.37dp</dimen>
    <dimen name="x426">220.89dp</dimen>
    <dimen name="x427">221.41dp</dimen>
    <dimen name="x428">221.93dp</dimen>
    <dimen name="x429">222.44dp</dimen>
    <dimen name="x430">222.96dp</dimen>
    <dimen name="x431">223.48dp</dimen>
    <dimen name="x432">224.00dp</dimen>
    <dimen name="x433">224.52dp</dimen>
    <dimen name="x434">225.04dp</dimen>
    <dimen name="x435">225.56dp</dimen>
    <dimen name="x436">226.07dp</dimen>
    <dimen name="x437">226.59dp</dimen>
    <dimen name="x438">227.11dp</dimen>
    <dimen name="x439">227.63dp</dimen>
    <dimen name="x440">228.15dp</dimen>
    <dimen name="x441">228.67dp</dimen>
    <dimen name="x442">229.19dp</dimen>
    <dimen name="x443">229.70dp</dimen>
    <dimen name="x444">230.22dp</dimen>
    <dimen name="x445">230.74dp</dimen>
    <dimen name="x446">231.26dp</dimen>
    <dimen name="x447">231.78dp</dimen>
    <dimen name="x448">232.30dp</dimen>
    <dimen name="x449">232.81dp</dimen>
    <dimen name="x450">233.33dp</dimen>
    <dimen name="x451">233.85dp</dimen>
    <dimen name="x452">234.37dp</dimen>
    <dimen name="x453">234.89dp</dimen>
    <dimen name="x454">235.41dp</dimen>
    <dimen name="x455">235.93dp</dimen>
    <dimen name="x456">236.44dp</dimen>
    <dimen name="x457">236.96dp</dimen>
    <dimen name="x458">237.48dp</dimen>
    <dimen name="x459">238.00dp</dimen>
    <dimen name="x460">238.52dp</dimen>
    <dimen name="x461">239.04dp</dimen>
    <dimen name="x462">239.56dp</dimen>
    <dimen name="x463">240.07dp</dimen>
    <dimen name="x464">240.59dp</dimen>
    <dimen name="x465">241.11dp</dimen>
    <dimen name="x466">241.63dp</dimen>
    <dimen name="x467">242.15dp</dimen>
    <dimen name="x468">242.67dp</dimen>
    <dimen name="x469">243.19dp</dimen>
    <dimen name="x470">243.70dp</dimen>
    <dimen name="x471">244.22dp</dimen>
    <dimen name="x472">244.74dp</dimen>
    <dimen name="x473">245.26dp</dimen>
    <dimen name="x474">245.78dp</dimen>
    <dimen name="x475">246.30dp</dimen>
    <dimen name="x476">246.81dp</dimen>
    <dimen name="x477">247.33dp</dimen>
    <dimen name="x478">247.85dp</dimen>
    <dimen name="x479">248.37dp</dimen>
    <dimen name="x480">248.89dp</dimen>
    <dimen name="x481">249.41dp</dimen>
    <dimen name="x482">249.93dp</dimen>
    <dimen name="x483">250.44dp</dimen>
    <dimen name="x484">250.96dp</dimen>
    <dimen name="x485">251.48dp</dimen>
    <dimen name="x486">252.00dp</dimen>
    <dimen name="x487">252.52dp</dimen>
    <dimen name="x488">253.04dp</dimen>
    <dimen name="x489">253.56dp</dimen>
    <dimen name="x490">254.07dp</dimen>
    <dimen name="x491">254.59dp</dimen>
    <dimen name="x492">255.11dp</dimen>
    <dimen name="x493">255.63dp</dimen>
    <dimen name="x494">256.15dp</dimen>
    <dimen name="x495">256.67dp</dimen>
    <dimen name="x496">257.19dp</dimen>
    <dimen name="x497">257.70dp</dimen>
    <dimen name="x498">258.22dp</dimen>
    <dimen name="x499">258.74dp</dimen>
    <dimen name="x500">259.26dp</dimen>
    <dimen name="x501">259.78dp</dimen>
    <dimen name="x502">260.30dp</dimen>
    <dimen name="x503">260.81dp</dimen>
    <dimen name="x504">261.33dp</dimen>
    <dimen name="x505">261.85dp</dimen>
    <dimen name="x506">262.37dp</dimen>
    <dimen name="x507">262.89dp</dimen>
    <dimen name="x508">263.41dp</dimen>
    <dimen name="x509">263.93dp</dimen>
    <dimen name="x510">264.44dp</dimen>
    <dimen name="x511">264.96dp</dimen>
    <dimen name="x512">265.48dp</dimen>
    <dimen name="x513">266.00dp</dimen>
    <dimen name="x514">266.52dp</dimen>
    <dimen name="x515">267.04dp</dimen>
    <dimen name="x516">267.56dp</dimen>
    <dimen name="x517">268.07dp</dimen>
    <dimen name="x518">268.59dp</dimen>
    <dimen name="x519">269.11dp</dimen>
    <dimen name="x520">269.63dp</dimen>
    <dimen name="x521">270.15dp</dimen>
    <dimen name="x522">270.67dp</dimen>
    <dimen name="x523">271.19dp</dimen>
    <dimen name="x524">271.70dp</dimen>
    <dimen name="x525">272.22dp</dimen>
    <dimen name="x526">272.74dp</dimen>
    <dimen name="x527">273.26dp</dimen>
    <dimen name="x528">273.78dp</dimen>
    <dimen name="x529">274.30dp</dimen>
    <dimen name="x530">274.81dp</dimen>
    <dimen name="x531">275.33dp</dimen>
    <dimen name="x532">275.85dp</dimen>
    <dimen name="x533">276.37dp</dimen>
    <dimen name="x534">276.89dp</dimen>
    <dimen name="x535">277.41dp</dimen>
    <dimen name="x536">277.93dp</dimen>
    <dimen name="x537">278.44dp</dimen>
    <dimen name="x538">278.96dp</dimen>
    <dimen name="x539">279.48dp</dimen>
    <dimen name="x540">280.00dp</dimen>
    <dimen name="x541">280.52dp</dimen>
    <dimen name="x542">281.04dp</dimen>
    <dimen name="x543">281.56dp</dimen>
    <dimen name="x544">282.07dp</dimen>
    <dimen name="x545">282.59dp</dimen>
    <dimen name="x546">283.11dp</dimen>
    <dimen name="x547">283.63dp</dimen>
    <dimen name="x548">284.15dp</dimen>
    <dimen name="x549">284.67dp</dimen>
    <dimen name="x550">285.19dp</dimen>
    <dimen name="x551">285.70dp</dimen>
    <dimen name="x552">286.22dp</dimen>
    <dimen name="x553">286.74dp</dimen>
    <dimen name="x554">287.26dp</dimen>
    <dimen name="x555">287.78dp</dimen>
    <dimen name="x556">288.30dp</dimen>
    <dimen name="x557">288.81dp</dimen>
    <dimen name="x558">289.33dp</dimen>
    <dimen name="x559">289.85dp</dimen>
    <dimen name="x560">290.37dp</dimen>
    <dimen name="x561">290.89dp</dimen>
    <dimen name="x562">291.41dp</dimen>
    <dimen name="x563">291.93dp</dimen>
    <dimen name="x564">292.44dp</dimen>
    <dimen name="x565">292.96dp</dimen>
    <dimen name="x566">293.48dp</dimen>
    <dimen name="x567">294.00dp</dimen>
    <dimen name="x568">294.52dp</dimen>
    <dimen name="x569">295.04dp</dimen>
    <dimen name="x570">295.56dp</dimen>
    <dimen name="x571">296.07dp</dimen>
    <dimen name="x572">296.59dp</dimen>
    <dimen name="x573">297.11dp</dimen>
    <dimen name="x574">297.63dp</dimen>
    <dimen name="x575">298.15dp</dimen>
    <dimen name="x576">298.67dp</dimen>
    <dimen name="x577">299.19dp</dimen>
    <dimen name="x578">299.70dp</dimen>
    <dimen name="x579">300.22dp</dimen>
    <dimen name="x580">300.74dp</dimen>
    <dimen name="x581">301.26dp</dimen>
    <dimen name="x582">301.78dp</dimen>
    <dimen name="x583">302.30dp</dimen>
    <dimen name="x584">302.81dp</dimen>
    <dimen name="x585">303.33dp</dimen>
    <dimen name="x586">303.85dp</dimen>
    <dimen name="x587">304.37dp</dimen>
    <dimen name="x588">304.89dp</dimen>
    <dimen name="x589">305.41dp</dimen>
    <dimen name="x590">305.93dp</dimen>
    <dimen name="x591">306.44dp</dimen>
    <dimen name="x592">306.96dp</dimen>
    <dimen name="x593">307.48dp</dimen>
    <dimen name="x594">308.00dp</dimen>
    <dimen name="x595">308.52dp</dimen>
    <dimen name="x596">309.04dp</dimen>
    <dimen name="x597">309.56dp</dimen>
    <dimen name="x598">310.07dp</dimen>
    <dimen name="x599">310.59dp</dimen>
    <dimen name="x600">311.11dp</dimen>
    <dimen name="x601">311.63dp</dimen>
    <dimen name="x602">312.15dp</dimen>
    <dimen name="x603">312.67dp</dimen>
    <dimen name="x604">313.19dp</dimen>
    <dimen name="x605">313.70dp</dimen>
    <dimen name="x606">314.22dp</dimen>
    <dimen name="x607">314.74dp</dimen>
    <dimen name="x608">315.26dp</dimen>
    <dimen name="x609">315.78dp</dimen>
    <dimen name="x610">316.30dp</dimen>
    <dimen name="x611">316.81dp</dimen>
    <dimen name="x612">317.33dp</dimen>
    <dimen name="x613">317.85dp</dimen>
    <dimen name="x614">318.37dp</dimen>
    <dimen name="x615">318.89dp</dimen>
    <dimen name="x616">319.41dp</dimen>
    <dimen name="x617">319.93dp</dimen>
    <dimen name="x618">320.44dp</dimen>
    <dimen name="x619">320.96dp</dimen>
    <dimen name="x620">321.48dp</dimen>
    <dimen name="x621">322.00dp</dimen>
    <dimen name="x622">322.52dp</dimen>
    <dimen name="x623">323.04dp</dimen>
    <dimen name="x624">323.56dp</dimen>
    <dimen name="x625">324.07dp</dimen>
    <dimen name="x626">324.59dp</dimen>
    <dimen name="x627">325.11dp</dimen>
    <dimen name="x628">325.63dp</dimen>
    <dimen name="x629">326.15dp</dimen>
    <dimen name="x630">326.67dp</dimen>
    <dimen name="x631">327.19dp</dimen>
    <dimen name="x632">327.70dp</dimen>
    <dimen name="x633">328.22dp</dimen>
    <dimen name="x634">328.74dp</dimen>
    <dimen name="x635">329.26dp</dimen>
    <dimen name="x636">329.78dp</dimen>
    <dimen name="x637">330.30dp</dimen>
    <dimen name="x638">330.81dp</dimen>
    <dimen name="x639">331.33dp</dimen>
    <dimen name="x640">331.85dp</dimen>
    <dimen name="x641">332.37dp</dimen>
    <dimen name="x642">332.89dp</dimen>
    <dimen name="x643">333.41dp</dimen>
    <dimen name="x644">333.93dp</dimen>
    <dimen name="x645">334.44dp</dimen>
    <dimen name="x646">334.96dp</dimen>
    <dimen name="x647">335.48dp</dimen>
    <dimen name="x648">336.00dp</dimen>
    <dimen name="x649">336.52dp</dimen>
    <dimen name="x650">337.04dp</dimen>
    <dimen name="x651">337.56dp</dimen>
    <dimen name="x652">338.07dp</dimen>
    <dimen name="x653">338.59dp</dimen>
    <dimen name="x654">339.11dp</dimen>
    <dimen name="x655">339.63dp</dimen>
    <dimen name="x656">340.15dp</dimen>
    <dimen name="x657">340.67dp</dimen>
    <dimen name="x658">341.19dp</dimen>
    <dimen name="x659">341.70dp</dimen>
    <dimen name="x660">342.22dp</dimen>
    <dimen name="x661">342.74dp</dimen>
    <dimen name="x662">343.26dp</dimen>
    <dimen name="x663">343.78dp</dimen>
    <dimen name="x664">344.30dp</dimen>
    <dimen name="x665">344.81dp</dimen>
    <dimen name="x666">345.33dp</dimen>
    <dimen name="x667">345.85dp</dimen>
    <dimen name="x668">346.37dp</dimen>
    <dimen name="x669">346.89dp</dimen>
    <dimen name="x670">347.41dp</dimen>
    <dimen name="x671">347.93dp</dimen>
    <dimen name="x672">348.44dp</dimen>
    <dimen name="x673">348.96dp</dimen>
    <dimen name="x674">349.48dp</dimen>
    <dimen name="x675">350.00dp</dimen>
    <dimen name="x676">350.52dp</dimen>
    <dimen name="x677">351.04dp</dimen>
    <dimen name="x678">351.56dp</dimen>
    <dimen name="x679">352.07dp</dimen>
    <dimen name="x680">352.59dp</dimen>
    <dimen name="x681">353.11dp</dimen>
    <dimen name="x682">353.63dp</dimen>
    <dimen name="x683">354.15dp</dimen>
    <dimen name="x684">354.67dp</dimen>
    <dimen name="x685">355.19dp</dimen>
    <dimen name="x686">355.70dp</dimen>
    <dimen name="x687">356.22dp</dimen>
    <dimen name="x688">356.74dp</dimen>
    <dimen name="x689">357.26dp</dimen>
    <dimen name="x690">357.78dp</dimen>
    <dimen name="x691">358.30dp</dimen>
    <dimen name="x692">358.81dp</dimen>
    <dimen name="x693">359.33dp</dimen>
    <dimen name="x694">359.85dp</dimen>
    <dimen name="x695">360.37dp</dimen>
    <dimen name="x696">360.89dp</dimen>
    <dimen name="x697">361.41dp</dimen>
    <dimen name="x698">361.93dp</dimen>
    <dimen name="x699">362.44dp</dimen>
    <dimen name="x700">362.96dp</dimen>
    <dimen name="x701">363.48dp</dimen>
    <dimen name="x702">364.00dp</dimen>
    <dimen name="x703">364.52dp</dimen>
    <dimen name="x704">365.04dp</dimen>
    <dimen name="x705">365.56dp</dimen>
    <dimen name="x706">366.07dp</dimen>
    <dimen name="x707">366.59dp</dimen>
    <dimen name="x708">367.11dp</dimen>
    <dimen name="x709">367.63dp</dimen>
    <dimen name="x710">368.15dp</dimen>
    <dimen name="x711">368.67dp</dimen>
    <dimen name="x712">369.19dp</dimen>
    <dimen name="x713">369.70dp</dimen>
    <dimen name="x714">370.22dp</dimen>
    <dimen name="x715">370.74dp</dimen>
    <dimen name="x716">371.26dp</dimen>
    <dimen name="x717">371.78dp</dimen>
    <dimen name="x718">372.30dp</dimen>
    <dimen name="x719">372.81dp</dimen>
    <dimen name="x720">373.33dp</dimen>
    <dimen name="x721">373.85dp</dimen>
    <dimen name="x722">374.37dp</dimen>
    <dimen name="x723">374.89dp</dimen>
    <dimen name="x724">375.41dp</dimen>
    <dimen name="x725">375.93dp</dimen>
    <dimen name="x726">376.44dp</dimen>
    <dimen name="x727">376.96dp</dimen>
    <dimen name="x728">377.48dp</dimen>
    <dimen name="x729">378.00dp</dimen>
    <dimen name="x730">378.52dp</dimen>
    <dimen name="x731">379.04dp</dimen>
    <dimen name="x732">379.56dp</dimen>
    <dimen name="x733">380.07dp</dimen>
    <dimen name="x734">380.59dp</dimen>
    <dimen name="x735">381.11dp</dimen>
    <dimen name="x736">381.63dp</dimen>
    <dimen name="x737">382.15dp</dimen>
    <dimen name="x738">382.67dp</dimen>
    <dimen name="x739">383.19dp</dimen>
    <dimen name="x740">383.70dp</dimen>
    <dimen name="x741">384.22dp</dimen>
    <dimen name="x742">384.74dp</dimen>
    <dimen name="x743">385.26dp</dimen>
    <dimen name="x744">385.78dp</dimen>
    <dimen name="x745">386.30dp</dimen>
    <dimen name="x746">386.81dp</dimen>
    <dimen name="x747">387.33dp</dimen>
    <dimen name="x748">387.85dp</dimen>
    <dimen name="x749">388.37dp</dimen>
    <dimen name="x750">388.89dp</dimen>
    <dimen name="x751">389.41dp</dimen>
    <dimen name="x752">389.93dp</dimen>
    <dimen name="x753">390.44dp</dimen>
    <dimen name="x754">390.96dp</dimen>
    <dimen name="x755">391.48dp</dimen>
    <dimen name="x756">392.00dp</dimen>
    <dimen name="x757">392.52dp</dimen>
    <dimen name="x758">393.04dp</dimen>
    <dimen name="x759">393.56dp</dimen>
    <dimen name="x760">394.07dp</dimen>
    <dimen name="x761">394.59dp</dimen>
    <dimen name="x762">395.11dp</dimen>
    <dimen name="x763">395.63dp</dimen>
    <dimen name="x764">396.15dp</dimen>
    <dimen name="x765">396.67dp</dimen>
    <dimen name="x766">397.19dp</dimen>
    <dimen name="x767">397.70dp</dimen>
    <dimen name="x768">398.22dp</dimen>
    <dimen name="x769">398.74dp</dimen>
    <dimen name="x770">399.26dp</dimen>
    <dimen name="x771">399.78dp</dimen>
    <dimen name="x772">400.30dp</dimen>
    <dimen name="x773">400.81dp</dimen>
    <dimen name="x774">401.33dp</dimen>
    <dimen name="x775">401.85dp</dimen>
    <dimen name="x776">402.37dp</dimen>
    <dimen name="x777">402.89dp</dimen>
    <dimen name="x778">403.41dp</dimen>
    <dimen name="x779">403.93dp</dimen>
    <dimen name="x780">404.44dp</dimen>
    <dimen name="x781">404.96dp</dimen>
    <dimen name="x782">405.48dp</dimen>
    <dimen name="x783">406.00dp</dimen>
    <dimen name="x784">406.52dp</dimen>
    <dimen name="x785">407.04dp</dimen>
    <dimen name="x786">407.56dp</dimen>
    <dimen name="x787">408.07dp</dimen>
    <dimen name="x788">408.59dp</dimen>
    <dimen name="x789">409.11dp</dimen>
    <dimen name="x790">409.63dp</dimen>
    <dimen name="x791">410.15dp</dimen>
    <dimen name="x792">410.67dp</dimen>
    <dimen name="x793">411.19dp</dimen>
    <dimen name="x794">411.70dp</dimen>
    <dimen name="x795">412.22dp</dimen>
    <dimen name="x796">412.74dp</dimen>
    <dimen name="x797">413.26dp</dimen>
    <dimen name="x798">413.78dp</dimen>
    <dimen name="x799">414.30dp</dimen>
    <dimen name="x800">414.81dp</dimen>
    <dimen name="x801">415.33dp</dimen>
    <dimen name="x802">415.85dp</dimen>
    <dimen name="x803">416.37dp</dimen>
    <dimen name="x804">416.89dp</dimen>
    <dimen name="x805">417.41dp</dimen>
    <dimen name="x806">417.93dp</dimen>
    <dimen name="x807">418.44dp</dimen>
    <dimen name="x808">418.96dp</dimen>
    <dimen name="x809">419.48dp</dimen>
    <dimen name="x810">420.00dp</dimen>
    <dimen name="x811">420.52dp</dimen>
    <dimen name="x812">421.04dp</dimen>
    <dimen name="x813">421.56dp</dimen>
    <dimen name="x814">422.07dp</dimen>
    <dimen name="x815">422.59dp</dimen>
    <dimen name="x816">423.11dp</dimen>
    <dimen name="x817">423.63dp</dimen>
    <dimen name="x818">424.15dp</dimen>
    <dimen name="x819">424.67dp</dimen>
    <dimen name="x820">425.19dp</dimen>
    <dimen name="x821">425.70dp</dimen>
    <dimen name="x822">426.22dp</dimen>
    <dimen name="x823">426.74dp</dimen>
    <dimen name="x824">427.26dp</dimen>
    <dimen name="x825">427.78dp</dimen>
    <dimen name="x826">428.30dp</dimen>
    <dimen name="x827">428.81dp</dimen>
    <dimen name="x828">429.33dp</dimen>
    <dimen name="x829">429.85dp</dimen>
    <dimen name="x830">430.37dp</dimen>
    <dimen name="x831">430.89dp</dimen>
    <dimen name="x832">431.41dp</dimen>
    <dimen name="x833">431.93dp</dimen>
    <dimen name="x834">432.44dp</dimen>
    <dimen name="x835">432.96dp</dimen>
    <dimen name="x836">433.48dp</dimen>
    <dimen name="x837">434.00dp</dimen>
    <dimen name="x838">434.52dp</dimen>
    <dimen name="x839">435.04dp</dimen>
    <dimen name="x840">435.56dp</dimen>
    <dimen name="x841">436.07dp</dimen>
    <dimen name="x842">436.59dp</dimen>
    <dimen name="x843">437.11dp</dimen>
    <dimen name="x844">437.63dp</dimen>
    <dimen name="x845">438.15dp</dimen>
    <dimen name="x846">438.67dp</dimen>
    <dimen name="x847">439.19dp</dimen>
    <dimen name="x848">439.70dp</dimen>
    <dimen name="x849">440.22dp</dimen>
    <dimen name="x850">440.74dp</dimen>
    <dimen name="x851">441.26dp</dimen>
    <dimen name="x852">441.78dp</dimen>
    <dimen name="x853">442.30dp</dimen>
    <dimen name="x854">442.81dp</dimen>
    <dimen name="x855">443.33dp</dimen>
    <dimen name="x856">443.85dp</dimen>
    <dimen name="x857">444.37dp</dimen>
    <dimen name="x858">444.89dp</dimen>
    <dimen name="x859">445.41dp</dimen>
    <dimen name="x860">445.93dp</dimen>
    <dimen name="x861">446.44dp</dimen>
    <dimen name="x862">446.96dp</dimen>
    <dimen name="x863">447.48dp</dimen>
    <dimen name="x864">448.00dp</dimen>
    <dimen name="x865">448.52dp</dimen>
    <dimen name="x866">449.04dp</dimen>
    <dimen name="x867">449.56dp</dimen>
    <dimen name="x868">450.07dp</dimen>
    <dimen name="x869">450.59dp</dimen>
    <dimen name="x870">451.11dp</dimen>
    <dimen name="x871">451.63dp</dimen>
    <dimen name="x872">452.15dp</dimen>
    <dimen name="x873">452.67dp</dimen>
    <dimen name="x874">453.19dp</dimen>
    <dimen name="x875">453.70dp</dimen>
    <dimen name="x876">454.22dp</dimen>
    <dimen name="x877">454.74dp</dimen>
    <dimen name="x878">455.26dp</dimen>
    <dimen name="x879">455.78dp</dimen>
    <dimen name="x880">456.30dp</dimen>
    <dimen name="x881">456.81dp</dimen>
    <dimen name="x882">457.33dp</dimen>
    <dimen name="x883">457.85dp</dimen>
    <dimen name="x884">458.37dp</dimen>
    <dimen name="x885">458.89dp</dimen>
    <dimen name="x886">459.41dp</dimen>
    <dimen name="x887">459.93dp</dimen>
    <dimen name="x888">460.44dp</dimen>
    <dimen name="x889">460.96dp</dimen>
    <dimen name="x890">461.48dp</dimen>
    <dimen name="x891">462.00dp</dimen>
    <dimen name="x892">462.52dp</dimen>
    <dimen name="x893">463.04dp</dimen>
    <dimen name="x894">463.56dp</dimen>
    <dimen name="x895">464.07dp</dimen>
    <dimen name="x896">464.59dp</dimen>
    <dimen name="x897">465.11dp</dimen>
    <dimen name="x898">465.63dp</dimen>
    <dimen name="x899">466.15dp</dimen>
    <dimen name="x900">466.67dp</dimen>
    <dimen name="x901">467.19dp</dimen>
    <dimen name="x902">467.70dp</dimen>
    <dimen name="x903">468.22dp</dimen>
    <dimen name="x904">468.74dp</dimen>
    <dimen name="x905">469.26dp</dimen>
    <dimen name="x906">469.78dp</dimen>
    <dimen name="x907">470.30dp</dimen>
    <dimen name="x908">470.81dp</dimen>
    <dimen name="x909">471.33dp</dimen>
    <dimen name="x910">471.85dp</dimen>
    <dimen name="x911">472.37dp</dimen>
    <dimen name="x912">472.89dp</dimen>
    <dimen name="x913">473.41dp</dimen>
    <dimen name="x914">473.93dp</dimen>
    <dimen name="x915">474.44dp</dimen>
    <dimen name="x916">474.96dp</dimen>
    <dimen name="x917">475.48dp</dimen>
    <dimen name="x918">476.00dp</dimen>
    <dimen name="x919">476.52dp</dimen>
    <dimen name="x920">477.04dp</dimen>
    <dimen name="x921">477.56dp</dimen>
    <dimen name="x922">478.07dp</dimen>
    <dimen name="x923">478.59dp</dimen>
    <dimen name="x924">479.11dp</dimen>
    <dimen name="x925">479.63dp</dimen>
    <dimen name="x926">480.15dp</dimen>
    <dimen name="x927">480.67dp</dimen>
    <dimen name="x928">481.19dp</dimen>
    <dimen name="x929">481.70dp</dimen>
    <dimen name="x930">482.22dp</dimen>
    <dimen name="x931">482.74dp</dimen>
    <dimen name="x932">483.26dp</dimen>
    <dimen name="x933">483.78dp</dimen>
    <dimen name="x934">484.30dp</dimen>
    <dimen name="x935">484.81dp</dimen>
    <dimen name="x936">485.33dp</dimen>
    <dimen name="x937">485.85dp</dimen>
    <dimen name="x938">486.37dp</dimen>
    <dimen name="x939">486.89dp</dimen>
    <dimen name="x940">487.41dp</dimen>
    <dimen name="x941">487.93dp</dimen>
    <dimen name="x942">488.44dp</dimen>
    <dimen name="x943">488.96dp</dimen>
    <dimen name="x944">489.48dp</dimen>
    <dimen name="x945">490.00dp</dimen>
    <dimen name="x946">490.52dp</dimen>
    <dimen name="x947">491.04dp</dimen>
    <dimen name="x948">491.56dp</dimen>
    <dimen name="x949">492.07dp</dimen>
    <dimen name="x950">492.59dp</dimen>
    <dimen name="x951">493.11dp</dimen>
    <dimen name="x952">493.63dp</dimen>
    <dimen name="x953">494.15dp</dimen>
    <dimen name="x954">494.67dp</dimen>
    <dimen name="x955">495.19dp</dimen>
    <dimen name="x956">495.70dp</dimen>
    <dimen name="x957">496.22dp</dimen>
    <dimen name="x958">496.74dp</dimen>
    <dimen name="x959">497.26dp</dimen>
    <dimen name="x960">497.78dp</dimen>
    <dimen name="x961">498.30dp</dimen>
    <dimen name="x962">498.81dp</dimen>
    <dimen name="x963">499.33dp</dimen>
    <dimen name="x964">499.85dp</dimen>
    <dimen name="x965">500.37dp</dimen>
    <dimen name="x966">500.89dp</dimen>
    <dimen name="x967">501.41dp</dimen>
    <dimen name="x968">501.93dp</dimen>
    <dimen name="x969">502.44dp</dimen>
    <dimen name="x970">502.96dp</dimen>
    <dimen name="x971">503.48dp</dimen>
    <dimen name="x972">504.00dp</dimen>
    <dimen name="x973">504.52dp</dimen>
    <dimen name="x974">505.04dp</dimen>
    <dimen name="x975">505.56dp</dimen>
    <dimen name="x976">506.07dp</dimen>
    <dimen name="x977">506.59dp</dimen>
    <dimen name="x978">507.11dp</dimen>
    <dimen name="x979">507.63dp</dimen>
    <dimen name="x980">508.15dp</dimen>
    <dimen name="x981">508.67dp</dimen>
    <dimen name="x982">509.19dp</dimen>
    <dimen name="x983">509.70dp</dimen>
    <dimen name="x984">510.22dp</dimen>
    <dimen name="x985">510.74dp</dimen>
    <dimen name="x986">511.26dp</dimen>
    <dimen name="x987">511.78dp</dimen>
    <dimen name="x988">512.30dp</dimen>
    <dimen name="x989">512.81dp</dimen>
    <dimen name="x990">513.33dp</dimen>
    <dimen name="x991">513.85dp</dimen>
    <dimen name="x992">514.37dp</dimen>
    <dimen name="x993">514.89dp</dimen>
    <dimen name="x994">515.41dp</dimen>
    <dimen name="x995">515.93dp</dimen>
    <dimen name="x996">516.44dp</dimen>
    <dimen name="x997">516.96dp</dimen>
    <dimen name="x998">517.48dp</dimen>
    <dimen name="x999">518.00dp</dimen>
    <dimen name="x1000">518.52dp</dimen>
    <dimen name="x1001">519.04dp</dimen>
    <dimen name="x1002">519.56dp</dimen>
    <dimen name="x1003">520.07dp</dimen>
    <dimen name="x1004">520.59dp</dimen>
    <dimen name="x1005">521.11dp</dimen>
    <dimen name="x1006">521.63dp</dimen>
    <dimen name="x1007">522.15dp</dimen>
    <dimen name="x1008">522.67dp</dimen>
    <dimen name="x1009">523.19dp</dimen>
    <dimen name="x1010">523.70dp</dimen>
    <dimen name="x1011">524.22dp</dimen>
    <dimen name="x1012">524.74dp</dimen>
    <dimen name="x1013">525.26dp</dimen>
    <dimen name="x1014">525.78dp</dimen>
    <dimen name="x1015">526.30dp</dimen>
    <dimen name="x1016">526.81dp</dimen>
    <dimen name="x1017">527.33dp</dimen>
    <dimen name="x1018">527.85dp</dimen>
    <dimen name="x1019">528.37dp</dimen>
    <dimen name="x1020">528.89dp</dimen>
    <dimen name="x1021">529.41dp</dimen>
    <dimen name="x1022">529.93dp</dimen>
    <dimen name="x1023">530.44dp</dimen>
    <dimen name="x1024">530.96dp</dimen>
    <dimen name="x1025">531.48dp</dimen>
    <dimen name="x1026">532.00dp</dimen>
    <dimen name="x1027">532.52dp</dimen>
    <dimen name="x1028">533.04dp</dimen>
    <dimen name="x1029">533.56dp</dimen>
    <dimen name="x1030">534.07dp</dimen>
    <dimen name="x1031">534.59dp</dimen>
    <dimen name="x1032">535.11dp</dimen>
    <dimen name="x1033">535.63dp</dimen>
    <dimen name="x1034">536.15dp</dimen>
    <dimen name="x1035">536.67dp</dimen>
    <dimen name="x1036">537.19dp</dimen>
    <dimen name="x1037">537.70dp</dimen>
    <dimen name="x1038">538.22dp</dimen>
    <dimen name="x1039">538.74dp</dimen>
    <dimen name="x1040">539.26dp</dimen>
    <dimen name="x1041">539.78dp</dimen>
    <dimen name="x1042">540.30dp</dimen>
    <dimen name="x1043">540.81dp</dimen>
    <dimen name="x1044">541.33dp</dimen>
    <dimen name="x1045">541.85dp</dimen>
    <dimen name="x1046">542.37dp</dimen>
    <dimen name="x1047">542.89dp</dimen>
    <dimen name="x1048">543.41dp</dimen>
    <dimen name="x1049">543.93dp</dimen>
    <dimen name="x1050">544.44dp</dimen>
    <dimen name="x1051">544.96dp</dimen>
    <dimen name="x1052">545.48dp</dimen>
    <dimen name="x1053">546.00dp</dimen>
    <dimen name="x1054">546.52dp</dimen>
    <dimen name="x1055">547.04dp</dimen>
    <dimen name="x1056">547.56dp</dimen>
    <dimen name="x1057">548.07dp</dimen>
    <dimen name="x1058">548.59dp</dimen>
    <dimen name="x1059">549.11dp</dimen>
    <dimen name="x1060">549.63dp</dimen>
    <dimen name="x1061">550.15dp</dimen>
    <dimen name="x1062">550.67dp</dimen>
    <dimen name="x1063">551.19dp</dimen>
    <dimen name="x1064">551.70dp</dimen>
    <dimen name="x1065">552.22dp</dimen>
    <dimen name="x1066">552.74dp</dimen>
    <dimen name="x1067">553.26dp</dimen>
    <dimen name="x1068">553.78dp</dimen>
    <dimen name="x1069">554.30dp</dimen>
    <dimen name="x1070">554.81dp</dimen>
    <dimen name="x1071">555.33dp</dimen>
    <dimen name="x1072">555.85dp</dimen>
    <dimen name="x1073">556.37dp</dimen>
    <dimen name="x1074">556.89dp</dimen>
    <dimen name="x1075">557.41dp</dimen>
    <dimen name="x1076">557.93dp</dimen>
    <dimen name="x1077">558.44dp</dimen>
    <dimen name="x1078">558.96dp</dimen>
    <dimen name="x1079">559.48dp</dimen>
    <dimen name="x1080">560.00dp</dimen>
</resources>