<?xml version="1.0" encoding="utf-8"?>
<resources>
    <string name="sw_dp">1530dp</string>
    <dimen name="x1">1.42dp</dimen>
    <dimen name="x2">2.83dp</dimen>
    <dimen name="x3">4.25dp</dimen>
    <dimen name="x4">5.67dp</dimen>
    <dimen name="x5">7.08dp</dimen>
    <dimen name="x6">8.50dp</dimen>
    <dimen name="x7">9.92dp</dimen>
    <dimen name="x8">11.33dp</dimen>
    <dimen name="x9">12.75dp</dimen>
    <dimen name="x10">14.17dp</dimen>
    <dimen name="x11">15.58dp</dimen>
    <dimen name="x12">17.00dp</dimen>
    <dimen name="x13">18.42dp</dimen>
    <dimen name="x14">19.83dp</dimen>
    <dimen name="x15">21.25dp</dimen>
    <dimen name="x16">22.67dp</dimen>
    <dimen name="x17">24.08dp</dimen>
    <dimen name="x18">25.50dp</dimen>
    <dimen name="x19">26.92dp</dimen>
    <dimen name="x20">28.33dp</dimen>
    <dimen name="x21">29.75dp</dimen>
    <dimen name="x22">31.17dp</dimen>
    <dimen name="x23">32.58dp</dimen>
    <dimen name="x24">34.00dp</dimen>
    <dimen name="x25">35.42dp</dimen>
    <dimen name="x26">36.83dp</dimen>
    <dimen name="x27">38.25dp</dimen>
    <dimen name="x28">39.67dp</dimen>
    <dimen name="x29">41.08dp</dimen>
    <dimen name="x30">42.50dp</dimen>
    <dimen name="x31">43.92dp</dimen>
    <dimen name="x32">45.33dp</dimen>
    <dimen name="x33">46.75dp</dimen>
    <dimen name="x34">48.17dp</dimen>
    <dimen name="x35">49.58dp</dimen>
    <dimen name="x36">51.00dp</dimen>
    <dimen name="x37">52.42dp</dimen>
    <dimen name="x38">53.83dp</dimen>
    <dimen name="x39">55.25dp</dimen>
    <dimen name="x40">56.67dp</dimen>
    <dimen name="x41">58.08dp</dimen>
    <dimen name="x42">59.50dp</dimen>
    <dimen name="x43">60.92dp</dimen>
    <dimen name="x44">62.33dp</dimen>
    <dimen name="x45">63.75dp</dimen>
    <dimen name="x46">65.17dp</dimen>
    <dimen name="x47">66.58dp</dimen>
    <dimen name="x48">68.00dp</dimen>
    <dimen name="x49">69.42dp</dimen>
    <dimen name="x50">70.83dp</dimen>
    <dimen name="x51">72.25dp</dimen>
    <dimen name="x52">73.67dp</dimen>
    <dimen name="x53">75.08dp</dimen>
    <dimen name="x54">76.50dp</dimen>
    <dimen name="x55">77.92dp</dimen>
    <dimen name="x56">79.33dp</dimen>
    <dimen name="x57">80.75dp</dimen>
    <dimen name="x58">82.17dp</dimen>
    <dimen name="x59">83.58dp</dimen>
    <dimen name="x60">85.00dp</dimen>
    <dimen name="x61">86.42dp</dimen>
    <dimen name="x62">87.83dp</dimen>
    <dimen name="x63">89.25dp</dimen>
    <dimen name="x64">90.67dp</dimen>
    <dimen name="x65">92.08dp</dimen>
    <dimen name="x66">93.50dp</dimen>
    <dimen name="x67">94.92dp</dimen>
    <dimen name="x68">96.33dp</dimen>
    <dimen name="x69">97.75dp</dimen>
    <dimen name="x70">99.17dp</dimen>
    <dimen name="x71">100.58dp</dimen>
    <dimen name="x72">102.00dp</dimen>
    <dimen name="x73">103.42dp</dimen>
    <dimen name="x74">104.83dp</dimen>
    <dimen name="x75">106.25dp</dimen>
    <dimen name="x76">107.67dp</dimen>
    <dimen name="x77">109.08dp</dimen>
    <dimen name="x78">110.50dp</dimen>
    <dimen name="x79">111.92dp</dimen>
    <dimen name="x80">113.33dp</dimen>
    <dimen name="x81">114.75dp</dimen>
    <dimen name="x82">116.17dp</dimen>
    <dimen name="x83">117.58dp</dimen>
    <dimen name="x84">119.00dp</dimen>
    <dimen name="x85">120.42dp</dimen>
    <dimen name="x86">121.83dp</dimen>
    <dimen name="x87">123.25dp</dimen>
    <dimen name="x88">124.67dp</dimen>
    <dimen name="x89">126.08dp</dimen>
    <dimen name="x90">127.50dp</dimen>
    <dimen name="x91">128.92dp</dimen>
    <dimen name="x92">130.33dp</dimen>
    <dimen name="x93">131.75dp</dimen>
    <dimen name="x94">133.17dp</dimen>
    <dimen name="x95">134.58dp</dimen>
    <dimen name="x96">136.00dp</dimen>
    <dimen name="x97">137.42dp</dimen>
    <dimen name="x98">138.83dp</dimen>
    <dimen name="x99">140.25dp</dimen>
    <dimen name="x100">141.67dp</dimen>
    <dimen name="x101">143.08dp</dimen>
    <dimen name="x102">144.50dp</dimen>
    <dimen name="x103">145.92dp</dimen>
    <dimen name="x104">147.33dp</dimen>
    <dimen name="x105">148.75dp</dimen>
    <dimen name="x106">150.17dp</dimen>
    <dimen name="x107">151.58dp</dimen>
    <dimen name="x108">153.00dp</dimen>
    <dimen name="x109">154.42dp</dimen>
    <dimen name="x110">155.83dp</dimen>
    <dimen name="x111">157.25dp</dimen>
    <dimen name="x112">158.67dp</dimen>
    <dimen name="x113">160.08dp</dimen>
    <dimen name="x114">161.50dp</dimen>
    <dimen name="x115">162.92dp</dimen>
    <dimen name="x116">164.33dp</dimen>
    <dimen name="x117">165.75dp</dimen>
    <dimen name="x118">167.17dp</dimen>
    <dimen name="x119">168.58dp</dimen>
    <dimen name="x120">170.00dp</dimen>
    <dimen name="x121">171.42dp</dimen>
    <dimen name="x122">172.83dp</dimen>
    <dimen name="x123">174.25dp</dimen>
    <dimen name="x124">175.67dp</dimen>
    <dimen name="x125">177.08dp</dimen>
    <dimen name="x126">178.50dp</dimen>
    <dimen name="x127">179.92dp</dimen>
    <dimen name="x128">181.33dp</dimen>
    <dimen name="x129">182.75dp</dimen>
    <dimen name="x130">184.17dp</dimen>
    <dimen name="x131">185.58dp</dimen>
    <dimen name="x132">187.00dp</dimen>
    <dimen name="x133">188.42dp</dimen>
    <dimen name="x134">189.83dp</dimen>
    <dimen name="x135">191.25dp</dimen>
    <dimen name="x136">192.67dp</dimen>
    <dimen name="x137">194.08dp</dimen>
    <dimen name="x138">195.50dp</dimen>
    <dimen name="x139">196.92dp</dimen>
    <dimen name="x140">198.33dp</dimen>
    <dimen name="x141">199.75dp</dimen>
    <dimen name="x142">201.17dp</dimen>
    <dimen name="x143">202.58dp</dimen>
    <dimen name="x144">204.00dp</dimen>
    <dimen name="x145">205.42dp</dimen>
    <dimen name="x146">206.83dp</dimen>
    <dimen name="x147">208.25dp</dimen>
    <dimen name="x148">209.67dp</dimen>
    <dimen name="x149">211.08dp</dimen>
    <dimen name="x150">212.50dp</dimen>
    <dimen name="x151">213.92dp</dimen>
    <dimen name="x152">215.33dp</dimen>
    <dimen name="x153">216.75dp</dimen>
    <dimen name="x154">218.17dp</dimen>
    <dimen name="x155">219.58dp</dimen>
    <dimen name="x156">221.00dp</dimen>
    <dimen name="x157">222.42dp</dimen>
    <dimen name="x158">223.83dp</dimen>
    <dimen name="x159">225.25dp</dimen>
    <dimen name="x160">226.67dp</dimen>
    <dimen name="x161">228.08dp</dimen>
    <dimen name="x162">229.50dp</dimen>
    <dimen name="x163">230.92dp</dimen>
    <dimen name="x164">232.33dp</dimen>
    <dimen name="x165">233.75dp</dimen>
    <dimen name="x166">235.17dp</dimen>
    <dimen name="x167">236.58dp</dimen>
    <dimen name="x168">238.00dp</dimen>
    <dimen name="x169">239.42dp</dimen>
    <dimen name="x170">240.83dp</dimen>
    <dimen name="x171">242.25dp</dimen>
    <dimen name="x172">243.67dp</dimen>
    <dimen name="x173">245.08dp</dimen>
    <dimen name="x174">246.50dp</dimen>
    <dimen name="x175">247.92dp</dimen>
    <dimen name="x176">249.33dp</dimen>
    <dimen name="x177">250.75dp</dimen>
    <dimen name="x178">252.17dp</dimen>
    <dimen name="x179">253.58dp</dimen>
    <dimen name="x180">255.00dp</dimen>
    <dimen name="x181">256.42dp</dimen>
    <dimen name="x182">257.83dp</dimen>
    <dimen name="x183">259.25dp</dimen>
    <dimen name="x184">260.67dp</dimen>
    <dimen name="x185">262.08dp</dimen>
    <dimen name="x186">263.50dp</dimen>
    <dimen name="x187">264.92dp</dimen>
    <dimen name="x188">266.33dp</dimen>
    <dimen name="x189">267.75dp</dimen>
    <dimen name="x190">269.17dp</dimen>
    <dimen name="x191">270.58dp</dimen>
    <dimen name="x192">272.00dp</dimen>
    <dimen name="x193">273.42dp</dimen>
    <dimen name="x194">274.83dp</dimen>
    <dimen name="x195">276.25dp</dimen>
    <dimen name="x196">277.67dp</dimen>
    <dimen name="x197">279.08dp</dimen>
    <dimen name="x198">280.50dp</dimen>
    <dimen name="x199">281.92dp</dimen>
    <dimen name="x200">283.33dp</dimen>
    <dimen name="x201">284.75dp</dimen>
    <dimen name="x202">286.17dp</dimen>
    <dimen name="x203">287.58dp</dimen>
    <dimen name="x204">289.00dp</dimen>
    <dimen name="x205">290.42dp</dimen>
    <dimen name="x206">291.83dp</dimen>
    <dimen name="x207">293.25dp</dimen>
    <dimen name="x208">294.67dp</dimen>
    <dimen name="x209">296.08dp</dimen>
    <dimen name="x210">297.50dp</dimen>
    <dimen name="x211">298.92dp</dimen>
    <dimen name="x212">300.33dp</dimen>
    <dimen name="x213">301.75dp</dimen>
    <dimen name="x214">303.17dp</dimen>
    <dimen name="x215">304.58dp</dimen>
    <dimen name="x216">306.00dp</dimen>
    <dimen name="x217">307.42dp</dimen>
    <dimen name="x218">308.83dp</dimen>
    <dimen name="x219">310.25dp</dimen>
    <dimen name="x220">311.67dp</dimen>
    <dimen name="x221">313.08dp</dimen>
    <dimen name="x222">314.50dp</dimen>
    <dimen name="x223">315.92dp</dimen>
    <dimen name="x224">317.33dp</dimen>
    <dimen name="x225">318.75dp</dimen>
    <dimen name="x226">320.17dp</dimen>
    <dimen name="x227">321.58dp</dimen>
    <dimen name="x228">323.00dp</dimen>
    <dimen name="x229">324.42dp</dimen>
    <dimen name="x230">325.83dp</dimen>
    <dimen name="x231">327.25dp</dimen>
    <dimen name="x232">328.67dp</dimen>
    <dimen name="x233">330.08dp</dimen>
    <dimen name="x234">331.50dp</dimen>
    <dimen name="x235">332.92dp</dimen>
    <dimen name="x236">334.33dp</dimen>
    <dimen name="x237">335.75dp</dimen>
    <dimen name="x238">337.17dp</dimen>
    <dimen name="x239">338.58dp</dimen>
    <dimen name="x240">340.00dp</dimen>
    <dimen name="x241">341.42dp</dimen>
    <dimen name="x242">342.83dp</dimen>
    <dimen name="x243">344.25dp</dimen>
    <dimen name="x244">345.67dp</dimen>
    <dimen name="x245">347.08dp</dimen>
    <dimen name="x246">348.50dp</dimen>
    <dimen name="x247">349.92dp</dimen>
    <dimen name="x248">351.33dp</dimen>
    <dimen name="x249">352.75dp</dimen>
    <dimen name="x250">354.17dp</dimen>
    <dimen name="x251">355.58dp</dimen>
    <dimen name="x252">357.00dp</dimen>
    <dimen name="x253">358.42dp</dimen>
    <dimen name="x254">359.83dp</dimen>
    <dimen name="x255">361.25dp</dimen>
    <dimen name="x256">362.67dp</dimen>
    <dimen name="x257">364.08dp</dimen>
    <dimen name="x258">365.50dp</dimen>
    <dimen name="x259">366.92dp</dimen>
    <dimen name="x260">368.33dp</dimen>
    <dimen name="x261">369.75dp</dimen>
    <dimen name="x262">371.17dp</dimen>
    <dimen name="x263">372.58dp</dimen>
    <dimen name="x264">374.00dp</dimen>
    <dimen name="x265">375.42dp</dimen>
    <dimen name="x266">376.83dp</dimen>
    <dimen name="x267">378.25dp</dimen>
    <dimen name="x268">379.67dp</dimen>
    <dimen name="x269">381.08dp</dimen>
    <dimen name="x270">382.50dp</dimen>
    <dimen name="x271">383.92dp</dimen>
    <dimen name="x272">385.33dp</dimen>
    <dimen name="x273">386.75dp</dimen>
    <dimen name="x274">388.17dp</dimen>
    <dimen name="x275">389.58dp</dimen>
    <dimen name="x276">391.00dp</dimen>
    <dimen name="x277">392.42dp</dimen>
    <dimen name="x278">393.83dp</dimen>
    <dimen name="x279">395.25dp</dimen>
    <dimen name="x280">396.67dp</dimen>
    <dimen name="x281">398.08dp</dimen>
    <dimen name="x282">399.50dp</dimen>
    <dimen name="x283">400.92dp</dimen>
    <dimen name="x284">402.33dp</dimen>
    <dimen name="x285">403.75dp</dimen>
    <dimen name="x286">405.17dp</dimen>
    <dimen name="x287">406.58dp</dimen>
    <dimen name="x288">408.00dp</dimen>
    <dimen name="x289">409.42dp</dimen>
    <dimen name="x290">410.83dp</dimen>
    <dimen name="x291">412.25dp</dimen>
    <dimen name="x292">413.67dp</dimen>
    <dimen name="x293">415.08dp</dimen>
    <dimen name="x294">416.50dp</dimen>
    <dimen name="x295">417.92dp</dimen>
    <dimen name="x296">419.33dp</dimen>
    <dimen name="x297">420.75dp</dimen>
    <dimen name="x298">422.17dp</dimen>
    <dimen name="x299">423.58dp</dimen>
    <dimen name="x300">425.00dp</dimen>
    <dimen name="x301">426.42dp</dimen>
    <dimen name="x302">427.83dp</dimen>
    <dimen name="x303">429.25dp</dimen>
    <dimen name="x304">430.67dp</dimen>
    <dimen name="x305">432.08dp</dimen>
    <dimen name="x306">433.50dp</dimen>
    <dimen name="x307">434.92dp</dimen>
    <dimen name="x308">436.33dp</dimen>
    <dimen name="x309">437.75dp</dimen>
    <dimen name="x310">439.17dp</dimen>
    <dimen name="x311">440.58dp</dimen>
    <dimen name="x312">442.00dp</dimen>
    <dimen name="x313">443.42dp</dimen>
    <dimen name="x314">444.83dp</dimen>
    <dimen name="x315">446.25dp</dimen>
    <dimen name="x316">447.67dp</dimen>
    <dimen name="x317">449.08dp</dimen>
    <dimen name="x318">450.50dp</dimen>
    <dimen name="x319">451.92dp</dimen>
    <dimen name="x320">453.33dp</dimen>
    <dimen name="x321">454.75dp</dimen>
    <dimen name="x322">456.17dp</dimen>
    <dimen name="x323">457.58dp</dimen>
    <dimen name="x324">459.00dp</dimen>
    <dimen name="x325">460.42dp</dimen>
    <dimen name="x326">461.83dp</dimen>
    <dimen name="x327">463.25dp</dimen>
    <dimen name="x328">464.67dp</dimen>
    <dimen name="x329">466.08dp</dimen>
    <dimen name="x330">467.50dp</dimen>
    <dimen name="x331">468.92dp</dimen>
    <dimen name="x332">470.33dp</dimen>
    <dimen name="x333">471.75dp</dimen>
    <dimen name="x334">473.17dp</dimen>
    <dimen name="x335">474.58dp</dimen>
    <dimen name="x336">476.00dp</dimen>
    <dimen name="x337">477.42dp</dimen>
    <dimen name="x338">478.83dp</dimen>
    <dimen name="x339">480.25dp</dimen>
    <dimen name="x340">481.67dp</dimen>
    <dimen name="x341">483.08dp</dimen>
    <dimen name="x342">484.50dp</dimen>
    <dimen name="x343">485.92dp</dimen>
    <dimen name="x344">487.33dp</dimen>
    <dimen name="x345">488.75dp</dimen>
    <dimen name="x346">490.17dp</dimen>
    <dimen name="x347">491.58dp</dimen>
    <dimen name="x348">493.00dp</dimen>
    <dimen name="x349">494.42dp</dimen>
    <dimen name="x350">495.83dp</dimen>
    <dimen name="x351">497.25dp</dimen>
    <dimen name="x352">498.67dp</dimen>
    <dimen name="x353">500.08dp</dimen>
    <dimen name="x354">501.50dp</dimen>
    <dimen name="x355">502.92dp</dimen>
    <dimen name="x356">504.33dp</dimen>
    <dimen name="x357">505.75dp</dimen>
    <dimen name="x358">507.17dp</dimen>
    <dimen name="x359">508.58dp</dimen>
    <dimen name="x360">510.00dp</dimen>
    <dimen name="x361">511.42dp</dimen>
    <dimen name="x362">512.83dp</dimen>
    <dimen name="x363">514.25dp</dimen>
    <dimen name="x364">515.67dp</dimen>
    <dimen name="x365">517.08dp</dimen>
    <dimen name="x366">518.50dp</dimen>
    <dimen name="x367">519.92dp</dimen>
    <dimen name="x368">521.33dp</dimen>
    <dimen name="x369">522.75dp</dimen>
    <dimen name="x370">524.17dp</dimen>
    <dimen name="x371">525.58dp</dimen>
    <dimen name="x372">527.00dp</dimen>
    <dimen name="x373">528.42dp</dimen>
    <dimen name="x374">529.83dp</dimen>
    <dimen name="x375">531.25dp</dimen>
    <dimen name="x376">532.67dp</dimen>
    <dimen name="x377">534.08dp</dimen>
    <dimen name="x378">535.50dp</dimen>
    <dimen name="x379">536.92dp</dimen>
    <dimen name="x380">538.33dp</dimen>
    <dimen name="x381">539.75dp</dimen>
    <dimen name="x382">541.17dp</dimen>
    <dimen name="x383">542.58dp</dimen>
    <dimen name="x384">544.00dp</dimen>
    <dimen name="x385">545.42dp</dimen>
    <dimen name="x386">546.83dp</dimen>
    <dimen name="x387">548.25dp</dimen>
    <dimen name="x388">549.67dp</dimen>
    <dimen name="x389">551.08dp</dimen>
    <dimen name="x390">552.50dp</dimen>
    <dimen name="x391">553.92dp</dimen>
    <dimen name="x392">555.33dp</dimen>
    <dimen name="x393">556.75dp</dimen>
    <dimen name="x394">558.17dp</dimen>
    <dimen name="x395">559.58dp</dimen>
    <dimen name="x396">561.00dp</dimen>
    <dimen name="x397">562.42dp</dimen>
    <dimen name="x398">563.83dp</dimen>
    <dimen name="x399">565.25dp</dimen>
    <dimen name="x400">566.67dp</dimen>
    <dimen name="x401">568.08dp</dimen>
    <dimen name="x402">569.50dp</dimen>
    <dimen name="x403">570.92dp</dimen>
    <dimen name="x404">572.33dp</dimen>
    <dimen name="x405">573.75dp</dimen>
    <dimen name="x406">575.17dp</dimen>
    <dimen name="x407">576.58dp</dimen>
    <dimen name="x408">578.00dp</dimen>
    <dimen name="x409">579.42dp</dimen>
    <dimen name="x410">580.83dp</dimen>
    <dimen name="x411">582.25dp</dimen>
    <dimen name="x412">583.67dp</dimen>
    <dimen name="x413">585.08dp</dimen>
    <dimen name="x414">586.50dp</dimen>
    <dimen name="x415">587.92dp</dimen>
    <dimen name="x416">589.33dp</dimen>
    <dimen name="x417">590.75dp</dimen>
    <dimen name="x418">592.17dp</dimen>
    <dimen name="x419">593.58dp</dimen>
    <dimen name="x420">595.00dp</dimen>
    <dimen name="x421">596.42dp</dimen>
    <dimen name="x422">597.83dp</dimen>
    <dimen name="x423">599.25dp</dimen>
    <dimen name="x424">600.67dp</dimen>
    <dimen name="x425">602.08dp</dimen>
    <dimen name="x426">603.50dp</dimen>
    <dimen name="x427">604.92dp</dimen>
    <dimen name="x428">606.33dp</dimen>
    <dimen name="x429">607.75dp</dimen>
    <dimen name="x430">609.17dp</dimen>
    <dimen name="x431">610.58dp</dimen>
    <dimen name="x432">612.00dp</dimen>
    <dimen name="x433">613.42dp</dimen>
    <dimen name="x434">614.83dp</dimen>
    <dimen name="x435">616.25dp</dimen>
    <dimen name="x436">617.67dp</dimen>
    <dimen name="x437">619.08dp</dimen>
    <dimen name="x438">620.50dp</dimen>
    <dimen name="x439">621.92dp</dimen>
    <dimen name="x440">623.33dp</dimen>
    <dimen name="x441">624.75dp</dimen>
    <dimen name="x442">626.17dp</dimen>
    <dimen name="x443">627.58dp</dimen>
    <dimen name="x444">629.00dp</dimen>
    <dimen name="x445">630.42dp</dimen>
    <dimen name="x446">631.83dp</dimen>
    <dimen name="x447">633.25dp</dimen>
    <dimen name="x448">634.67dp</dimen>
    <dimen name="x449">636.08dp</dimen>
    <dimen name="x450">637.50dp</dimen>
    <dimen name="x451">638.92dp</dimen>
    <dimen name="x452">640.33dp</dimen>
    <dimen name="x453">641.75dp</dimen>
    <dimen name="x454">643.17dp</dimen>
    <dimen name="x455">644.58dp</dimen>
    <dimen name="x456">646.00dp</dimen>
    <dimen name="x457">647.42dp</dimen>
    <dimen name="x458">648.83dp</dimen>
    <dimen name="x459">650.25dp</dimen>
    <dimen name="x460">651.67dp</dimen>
    <dimen name="x461">653.08dp</dimen>
    <dimen name="x462">654.50dp</dimen>
    <dimen name="x463">655.92dp</dimen>
    <dimen name="x464">657.33dp</dimen>
    <dimen name="x465">658.75dp</dimen>
    <dimen name="x466">660.17dp</dimen>
    <dimen name="x467">661.58dp</dimen>
    <dimen name="x468">663.00dp</dimen>
    <dimen name="x469">664.42dp</dimen>
    <dimen name="x470">665.83dp</dimen>
    <dimen name="x471">667.25dp</dimen>
    <dimen name="x472">668.67dp</dimen>
    <dimen name="x473">670.08dp</dimen>
    <dimen name="x474">671.50dp</dimen>
    <dimen name="x475">672.92dp</dimen>
    <dimen name="x476">674.33dp</dimen>
    <dimen name="x477">675.75dp</dimen>
    <dimen name="x478">677.17dp</dimen>
    <dimen name="x479">678.58dp</dimen>
    <dimen name="x480">680.00dp</dimen>
    <dimen name="x481">681.42dp</dimen>
    <dimen name="x482">682.83dp</dimen>
    <dimen name="x483">684.25dp</dimen>
    <dimen name="x484">685.67dp</dimen>
    <dimen name="x485">687.08dp</dimen>
    <dimen name="x486">688.50dp</dimen>
    <dimen name="x487">689.92dp</dimen>
    <dimen name="x488">691.33dp</dimen>
    <dimen name="x489">692.75dp</dimen>
    <dimen name="x490">694.17dp</dimen>
    <dimen name="x491">695.58dp</dimen>
    <dimen name="x492">697.00dp</dimen>
    <dimen name="x493">698.42dp</dimen>
    <dimen name="x494">699.83dp</dimen>
    <dimen name="x495">701.25dp</dimen>
    <dimen name="x496">702.67dp</dimen>
    <dimen name="x497">704.08dp</dimen>
    <dimen name="x498">705.50dp</dimen>
    <dimen name="x499">706.92dp</dimen>
    <dimen name="x500">708.33dp</dimen>
    <dimen name="x501">709.75dp</dimen>
    <dimen name="x502">711.17dp</dimen>
    <dimen name="x503">712.58dp</dimen>
    <dimen name="x504">714.00dp</dimen>
    <dimen name="x505">715.42dp</dimen>
    <dimen name="x506">716.83dp</dimen>
    <dimen name="x507">718.25dp</dimen>
    <dimen name="x508">719.67dp</dimen>
    <dimen name="x509">721.08dp</dimen>
    <dimen name="x510">722.50dp</dimen>
    <dimen name="x511">723.92dp</dimen>
    <dimen name="x512">725.33dp</dimen>
    <dimen name="x513">726.75dp</dimen>
    <dimen name="x514">728.17dp</dimen>
    <dimen name="x515">729.58dp</dimen>
    <dimen name="x516">731.00dp</dimen>
    <dimen name="x517">732.42dp</dimen>
    <dimen name="x518">733.83dp</dimen>
    <dimen name="x519">735.25dp</dimen>
    <dimen name="x520">736.67dp</dimen>
    <dimen name="x521">738.08dp</dimen>
    <dimen name="x522">739.50dp</dimen>
    <dimen name="x523">740.92dp</dimen>
    <dimen name="x524">742.33dp</dimen>
    <dimen name="x525">743.75dp</dimen>
    <dimen name="x526">745.17dp</dimen>
    <dimen name="x527">746.58dp</dimen>
    <dimen name="x528">748.00dp</dimen>
    <dimen name="x529">749.42dp</dimen>
    <dimen name="x530">750.83dp</dimen>
    <dimen name="x531">752.25dp</dimen>
    <dimen name="x532">753.67dp</dimen>
    <dimen name="x533">755.08dp</dimen>
    <dimen name="x534">756.50dp</dimen>
    <dimen name="x535">757.92dp</dimen>
    <dimen name="x536">759.33dp</dimen>
    <dimen name="x537">760.75dp</dimen>
    <dimen name="x538">762.17dp</dimen>
    <dimen name="x539">763.58dp</dimen>
    <dimen name="x540">765.00dp</dimen>
    <dimen name="x541">766.42dp</dimen>
    <dimen name="x542">767.83dp</dimen>
    <dimen name="x543">769.25dp</dimen>
    <dimen name="x544">770.67dp</dimen>
    <dimen name="x545">772.08dp</dimen>
    <dimen name="x546">773.50dp</dimen>
    <dimen name="x547">774.92dp</dimen>
    <dimen name="x548">776.33dp</dimen>
    <dimen name="x549">777.75dp</dimen>
    <dimen name="x550">779.17dp</dimen>
    <dimen name="x551">780.58dp</dimen>
    <dimen name="x552">782.00dp</dimen>
    <dimen name="x553">783.42dp</dimen>
    <dimen name="x554">784.83dp</dimen>
    <dimen name="x555">786.25dp</dimen>
    <dimen name="x556">787.67dp</dimen>
    <dimen name="x557">789.08dp</dimen>
    <dimen name="x558">790.50dp</dimen>
    <dimen name="x559">791.92dp</dimen>
    <dimen name="x560">793.33dp</dimen>
    <dimen name="x561">794.75dp</dimen>
    <dimen name="x562">796.17dp</dimen>
    <dimen name="x563">797.58dp</dimen>
    <dimen name="x564">799.00dp</dimen>
    <dimen name="x565">800.42dp</dimen>
    <dimen name="x566">801.83dp</dimen>
    <dimen name="x567">803.25dp</dimen>
    <dimen name="x568">804.67dp</dimen>
    <dimen name="x569">806.08dp</dimen>
    <dimen name="x570">807.50dp</dimen>
    <dimen name="x571">808.92dp</dimen>
    <dimen name="x572">810.33dp</dimen>
    <dimen name="x573">811.75dp</dimen>
    <dimen name="x574">813.17dp</dimen>
    <dimen name="x575">814.58dp</dimen>
    <dimen name="x576">816.00dp</dimen>
    <dimen name="x577">817.42dp</dimen>
    <dimen name="x578">818.83dp</dimen>
    <dimen name="x579">820.25dp</dimen>
    <dimen name="x580">821.67dp</dimen>
    <dimen name="x581">823.08dp</dimen>
    <dimen name="x582">824.50dp</dimen>
    <dimen name="x583">825.92dp</dimen>
    <dimen name="x584">827.33dp</dimen>
    <dimen name="x585">828.75dp</dimen>
    <dimen name="x586">830.17dp</dimen>
    <dimen name="x587">831.58dp</dimen>
    <dimen name="x588">833.00dp</dimen>
    <dimen name="x589">834.42dp</dimen>
    <dimen name="x590">835.83dp</dimen>
    <dimen name="x591">837.25dp</dimen>
    <dimen name="x592">838.67dp</dimen>
    <dimen name="x593">840.08dp</dimen>
    <dimen name="x594">841.50dp</dimen>
    <dimen name="x595">842.92dp</dimen>
    <dimen name="x596">844.33dp</dimen>
    <dimen name="x597">845.75dp</dimen>
    <dimen name="x598">847.17dp</dimen>
    <dimen name="x599">848.58dp</dimen>
    <dimen name="x600">850.00dp</dimen>
    <dimen name="x601">851.42dp</dimen>
    <dimen name="x602">852.83dp</dimen>
    <dimen name="x603">854.25dp</dimen>
    <dimen name="x604">855.67dp</dimen>
    <dimen name="x605">857.08dp</dimen>
    <dimen name="x606">858.50dp</dimen>
    <dimen name="x607">859.92dp</dimen>
    <dimen name="x608">861.33dp</dimen>
    <dimen name="x609">862.75dp</dimen>
    <dimen name="x610">864.17dp</dimen>
    <dimen name="x611">865.58dp</dimen>
    <dimen name="x612">867.00dp</dimen>
    <dimen name="x613">868.42dp</dimen>
    <dimen name="x614">869.83dp</dimen>
    <dimen name="x615">871.25dp</dimen>
    <dimen name="x616">872.67dp</dimen>
    <dimen name="x617">874.08dp</dimen>
    <dimen name="x618">875.50dp</dimen>
    <dimen name="x619">876.92dp</dimen>
    <dimen name="x620">878.33dp</dimen>
    <dimen name="x621">879.75dp</dimen>
    <dimen name="x622">881.17dp</dimen>
    <dimen name="x623">882.58dp</dimen>
    <dimen name="x624">884.00dp</dimen>
    <dimen name="x625">885.42dp</dimen>
    <dimen name="x626">886.83dp</dimen>
    <dimen name="x627">888.25dp</dimen>
    <dimen name="x628">889.67dp</dimen>
    <dimen name="x629">891.08dp</dimen>
    <dimen name="x630">892.50dp</dimen>
    <dimen name="x631">893.92dp</dimen>
    <dimen name="x632">895.33dp</dimen>
    <dimen name="x633">896.75dp</dimen>
    <dimen name="x634">898.17dp</dimen>
    <dimen name="x635">899.58dp</dimen>
    <dimen name="x636">901.00dp</dimen>
    <dimen name="x637">902.42dp</dimen>
    <dimen name="x638">903.83dp</dimen>
    <dimen name="x639">905.25dp</dimen>
    <dimen name="x640">906.67dp</dimen>
    <dimen name="x641">908.08dp</dimen>
    <dimen name="x642">909.50dp</dimen>
    <dimen name="x643">910.92dp</dimen>
    <dimen name="x644">912.33dp</dimen>
    <dimen name="x645">913.75dp</dimen>
    <dimen name="x646">915.17dp</dimen>
    <dimen name="x647">916.58dp</dimen>
    <dimen name="x648">918.00dp</dimen>
    <dimen name="x649">919.42dp</dimen>
    <dimen name="x650">920.83dp</dimen>
    <dimen name="x651">922.25dp</dimen>
    <dimen name="x652">923.67dp</dimen>
    <dimen name="x653">925.08dp</dimen>
    <dimen name="x654">926.50dp</dimen>
    <dimen name="x655">927.92dp</dimen>
    <dimen name="x656">929.33dp</dimen>
    <dimen name="x657">930.75dp</dimen>
    <dimen name="x658">932.17dp</dimen>
    <dimen name="x659">933.58dp</dimen>
    <dimen name="x660">935.00dp</dimen>
    <dimen name="x661">936.42dp</dimen>
    <dimen name="x662">937.83dp</dimen>
    <dimen name="x663">939.25dp</dimen>
    <dimen name="x664">940.67dp</dimen>
    <dimen name="x665">942.08dp</dimen>
    <dimen name="x666">943.50dp</dimen>
    <dimen name="x667">944.92dp</dimen>
    <dimen name="x668">946.33dp</dimen>
    <dimen name="x669">947.75dp</dimen>
    <dimen name="x670">949.17dp</dimen>
    <dimen name="x671">950.58dp</dimen>
    <dimen name="x672">952.00dp</dimen>
    <dimen name="x673">953.42dp</dimen>
    <dimen name="x674">954.83dp</dimen>
    <dimen name="x675">956.25dp</dimen>
    <dimen name="x676">957.67dp</dimen>
    <dimen name="x677">959.08dp</dimen>
    <dimen name="x678">960.50dp</dimen>
    <dimen name="x679">961.92dp</dimen>
    <dimen name="x680">963.33dp</dimen>
    <dimen name="x681">964.75dp</dimen>
    <dimen name="x682">966.17dp</dimen>
    <dimen name="x683">967.58dp</dimen>
    <dimen name="x684">969.00dp</dimen>
    <dimen name="x685">970.42dp</dimen>
    <dimen name="x686">971.83dp</dimen>
    <dimen name="x687">973.25dp</dimen>
    <dimen name="x688">974.67dp</dimen>
    <dimen name="x689">976.08dp</dimen>
    <dimen name="x690">977.50dp</dimen>
    <dimen name="x691">978.92dp</dimen>
    <dimen name="x692">980.33dp</dimen>
    <dimen name="x693">981.75dp</dimen>
    <dimen name="x694">983.17dp</dimen>
    <dimen name="x695">984.58dp</dimen>
    <dimen name="x696">986.00dp</dimen>
    <dimen name="x697">987.42dp</dimen>
    <dimen name="x698">988.83dp</dimen>
    <dimen name="x699">990.25dp</dimen>
    <dimen name="x700">991.67dp</dimen>
    <dimen name="x701">993.08dp</dimen>
    <dimen name="x702">994.50dp</dimen>
    <dimen name="x703">995.92dp</dimen>
    <dimen name="x704">997.33dp</dimen>
    <dimen name="x705">998.75dp</dimen>
    <dimen name="x706">1000.17dp</dimen>
    <dimen name="x707">1001.58dp</dimen>
    <dimen name="x708">1003.00dp</dimen>
    <dimen name="x709">1004.42dp</dimen>
    <dimen name="x710">1005.83dp</dimen>
    <dimen name="x711">1007.25dp</dimen>
    <dimen name="x712">1008.67dp</dimen>
    <dimen name="x713">1010.08dp</dimen>
    <dimen name="x714">1011.50dp</dimen>
    <dimen name="x715">1012.92dp</dimen>
    <dimen name="x716">1014.33dp</dimen>
    <dimen name="x717">1015.75dp</dimen>
    <dimen name="x718">1017.17dp</dimen>
    <dimen name="x719">1018.58dp</dimen>
    <dimen name="x720">1020.00dp</dimen>
    <dimen name="x721">1021.42dp</dimen>
    <dimen name="x722">1022.83dp</dimen>
    <dimen name="x723">1024.25dp</dimen>
    <dimen name="x724">1025.67dp</dimen>
    <dimen name="x725">1027.08dp</dimen>
    <dimen name="x726">1028.50dp</dimen>
    <dimen name="x727">1029.92dp</dimen>
    <dimen name="x728">1031.33dp</dimen>
    <dimen name="x729">1032.75dp</dimen>
    <dimen name="x730">1034.17dp</dimen>
    <dimen name="x731">1035.58dp</dimen>
    <dimen name="x732">1037.00dp</dimen>
    <dimen name="x733">1038.42dp</dimen>
    <dimen name="x734">1039.83dp</dimen>
    <dimen name="x735">1041.25dp</dimen>
    <dimen name="x736">1042.67dp</dimen>
    <dimen name="x737">1044.08dp</dimen>
    <dimen name="x738">1045.50dp</dimen>
    <dimen name="x739">1046.92dp</dimen>
    <dimen name="x740">1048.33dp</dimen>
    <dimen name="x741">1049.75dp</dimen>
    <dimen name="x742">1051.17dp</dimen>
    <dimen name="x743">1052.58dp</dimen>
    <dimen name="x744">1054.00dp</dimen>
    <dimen name="x745">1055.42dp</dimen>
    <dimen name="x746">1056.83dp</dimen>
    <dimen name="x747">1058.25dp</dimen>
    <dimen name="x748">1059.67dp</dimen>
    <dimen name="x749">1061.08dp</dimen>
    <dimen name="x750">1062.50dp</dimen>
    <dimen name="x751">1063.92dp</dimen>
    <dimen name="x752">1065.33dp</dimen>
    <dimen name="x753">1066.75dp</dimen>
    <dimen name="x754">1068.17dp</dimen>
    <dimen name="x755">1069.58dp</dimen>
    <dimen name="x756">1071.00dp</dimen>
    <dimen name="x757">1072.42dp</dimen>
    <dimen name="x758">1073.83dp</dimen>
    <dimen name="x759">1075.25dp</dimen>
    <dimen name="x760">1076.67dp</dimen>
    <dimen name="x761">1078.08dp</dimen>
    <dimen name="x762">1079.50dp</dimen>
    <dimen name="x763">1080.92dp</dimen>
    <dimen name="x764">1082.33dp</dimen>
    <dimen name="x765">1083.75dp</dimen>
    <dimen name="x766">1085.17dp</dimen>
    <dimen name="x767">1086.58dp</dimen>
    <dimen name="x768">1088.00dp</dimen>
    <dimen name="x769">1089.42dp</dimen>
    <dimen name="x770">1090.83dp</dimen>
    <dimen name="x771">1092.25dp</dimen>
    <dimen name="x772">1093.67dp</dimen>
    <dimen name="x773">1095.08dp</dimen>
    <dimen name="x774">1096.50dp</dimen>
    <dimen name="x775">1097.92dp</dimen>
    <dimen name="x776">1099.33dp</dimen>
    <dimen name="x777">1100.75dp</dimen>
    <dimen name="x778">1102.17dp</dimen>
    <dimen name="x779">1103.58dp</dimen>
    <dimen name="x780">1105.00dp</dimen>
    <dimen name="x781">1106.42dp</dimen>
    <dimen name="x782">1107.83dp</dimen>
    <dimen name="x783">1109.25dp</dimen>
    <dimen name="x784">1110.67dp</dimen>
    <dimen name="x785">1112.08dp</dimen>
    <dimen name="x786">1113.50dp</dimen>
    <dimen name="x787">1114.92dp</dimen>
    <dimen name="x788">1116.33dp</dimen>
    <dimen name="x789">1117.75dp</dimen>
    <dimen name="x790">1119.17dp</dimen>
    <dimen name="x791">1120.58dp</dimen>
    <dimen name="x792">1122.00dp</dimen>
    <dimen name="x793">1123.42dp</dimen>
    <dimen name="x794">1124.83dp</dimen>
    <dimen name="x795">1126.25dp</dimen>
    <dimen name="x796">1127.67dp</dimen>
    <dimen name="x797">1129.08dp</dimen>
    <dimen name="x798">1130.50dp</dimen>
    <dimen name="x799">1131.92dp</dimen>
    <dimen name="x800">1133.33dp</dimen>
    <dimen name="x801">1134.75dp</dimen>
    <dimen name="x802">1136.17dp</dimen>
    <dimen name="x803">1137.58dp</dimen>
    <dimen name="x804">1139.00dp</dimen>
    <dimen name="x805">1140.42dp</dimen>
    <dimen name="x806">1141.83dp</dimen>
    <dimen name="x807">1143.25dp</dimen>
    <dimen name="x808">1144.67dp</dimen>
    <dimen name="x809">1146.08dp</dimen>
    <dimen name="x810">1147.50dp</dimen>
    <dimen name="x811">1148.92dp</dimen>
    <dimen name="x812">1150.33dp</dimen>
    <dimen name="x813">1151.75dp</dimen>
    <dimen name="x814">1153.17dp</dimen>
    <dimen name="x815">1154.58dp</dimen>
    <dimen name="x816">1156.00dp</dimen>
    <dimen name="x817">1157.42dp</dimen>
    <dimen name="x818">1158.83dp</dimen>
    <dimen name="x819">1160.25dp</dimen>
    <dimen name="x820">1161.67dp</dimen>
    <dimen name="x821">1163.08dp</dimen>
    <dimen name="x822">1164.50dp</dimen>
    <dimen name="x823">1165.92dp</dimen>
    <dimen name="x824">1167.33dp</dimen>
    <dimen name="x825">1168.75dp</dimen>
    <dimen name="x826">1170.17dp</dimen>
    <dimen name="x827">1171.58dp</dimen>
    <dimen name="x828">1173.00dp</dimen>
    <dimen name="x829">1174.42dp</dimen>
    <dimen name="x830">1175.83dp</dimen>
    <dimen name="x831">1177.25dp</dimen>
    <dimen name="x832">1178.67dp</dimen>
    <dimen name="x833">1180.08dp</dimen>
    <dimen name="x834">1181.50dp</dimen>
    <dimen name="x835">1182.92dp</dimen>
    <dimen name="x836">1184.33dp</dimen>
    <dimen name="x837">1185.75dp</dimen>
    <dimen name="x838">1187.17dp</dimen>
    <dimen name="x839">1188.58dp</dimen>
    <dimen name="x840">1190.00dp</dimen>
    <dimen name="x841">1191.42dp</dimen>
    <dimen name="x842">1192.83dp</dimen>
    <dimen name="x843">1194.25dp</dimen>
    <dimen name="x844">1195.67dp</dimen>
    <dimen name="x845">1197.08dp</dimen>
    <dimen name="x846">1198.50dp</dimen>
    <dimen name="x847">1199.92dp</dimen>
    <dimen name="x848">1201.33dp</dimen>
    <dimen name="x849">1202.75dp</dimen>
    <dimen name="x850">1204.17dp</dimen>
    <dimen name="x851">1205.58dp</dimen>
    <dimen name="x852">1207.00dp</dimen>
    <dimen name="x853">1208.42dp</dimen>
    <dimen name="x854">1209.83dp</dimen>
    <dimen name="x855">1211.25dp</dimen>
    <dimen name="x856">1212.67dp</dimen>
    <dimen name="x857">1214.08dp</dimen>
    <dimen name="x858">1215.50dp</dimen>
    <dimen name="x859">1216.92dp</dimen>
    <dimen name="x860">1218.33dp</dimen>
    <dimen name="x861">1219.75dp</dimen>
    <dimen name="x862">1221.17dp</dimen>
    <dimen name="x863">1222.58dp</dimen>
    <dimen name="x864">1224.00dp</dimen>
    <dimen name="x865">1225.42dp</dimen>
    <dimen name="x866">1226.83dp</dimen>
    <dimen name="x867">1228.25dp</dimen>
    <dimen name="x868">1229.67dp</dimen>
    <dimen name="x869">1231.08dp</dimen>
    <dimen name="x870">1232.50dp</dimen>
    <dimen name="x871">1233.92dp</dimen>
    <dimen name="x872">1235.33dp</dimen>
    <dimen name="x873">1236.75dp</dimen>
    <dimen name="x874">1238.17dp</dimen>
    <dimen name="x875">1239.58dp</dimen>
    <dimen name="x876">1241.00dp</dimen>
    <dimen name="x877">1242.42dp</dimen>
    <dimen name="x878">1243.83dp</dimen>
    <dimen name="x879">1245.25dp</dimen>
    <dimen name="x880">1246.67dp</dimen>
    <dimen name="x881">1248.08dp</dimen>
    <dimen name="x882">1249.50dp</dimen>
    <dimen name="x883">1250.92dp</dimen>
    <dimen name="x884">1252.33dp</dimen>
    <dimen name="x885">1253.75dp</dimen>
    <dimen name="x886">1255.17dp</dimen>
    <dimen name="x887">1256.58dp</dimen>
    <dimen name="x888">1258.00dp</dimen>
    <dimen name="x889">1259.42dp</dimen>
    <dimen name="x890">1260.83dp</dimen>
    <dimen name="x891">1262.25dp</dimen>
    <dimen name="x892">1263.67dp</dimen>
    <dimen name="x893">1265.08dp</dimen>
    <dimen name="x894">1266.50dp</dimen>
    <dimen name="x895">1267.92dp</dimen>
    <dimen name="x896">1269.33dp</dimen>
    <dimen name="x897">1270.75dp</dimen>
    <dimen name="x898">1272.17dp</dimen>
    <dimen name="x899">1273.58dp</dimen>
    <dimen name="x900">1275.00dp</dimen>
    <dimen name="x901">1276.42dp</dimen>
    <dimen name="x902">1277.83dp</dimen>
    <dimen name="x903">1279.25dp</dimen>
    <dimen name="x904">1280.67dp</dimen>
    <dimen name="x905">1282.08dp</dimen>
    <dimen name="x906">1283.50dp</dimen>
    <dimen name="x907">1284.92dp</dimen>
    <dimen name="x908">1286.33dp</dimen>
    <dimen name="x909">1287.75dp</dimen>
    <dimen name="x910">1289.17dp</dimen>
    <dimen name="x911">1290.58dp</dimen>
    <dimen name="x912">1292.00dp</dimen>
    <dimen name="x913">1293.42dp</dimen>
    <dimen name="x914">1294.83dp</dimen>
    <dimen name="x915">1296.25dp</dimen>
    <dimen name="x916">1297.67dp</dimen>
    <dimen name="x917">1299.08dp</dimen>
    <dimen name="x918">1300.50dp</dimen>
    <dimen name="x919">1301.92dp</dimen>
    <dimen name="x920">1303.33dp</dimen>
    <dimen name="x921">1304.75dp</dimen>
    <dimen name="x922">1306.17dp</dimen>
    <dimen name="x923">1307.58dp</dimen>
    <dimen name="x924">1309.00dp</dimen>
    <dimen name="x925">1310.42dp</dimen>
    <dimen name="x926">1311.83dp</dimen>
    <dimen name="x927">1313.25dp</dimen>
    <dimen name="x928">1314.67dp</dimen>
    <dimen name="x929">1316.08dp</dimen>
    <dimen name="x930">1317.50dp</dimen>
    <dimen name="x931">1318.92dp</dimen>
    <dimen name="x932">1320.33dp</dimen>
    <dimen name="x933">1321.75dp</dimen>
    <dimen name="x934">1323.17dp</dimen>
    <dimen name="x935">1324.58dp</dimen>
    <dimen name="x936">1326.00dp</dimen>
    <dimen name="x937">1327.42dp</dimen>
    <dimen name="x938">1328.83dp</dimen>
    <dimen name="x939">1330.25dp</dimen>
    <dimen name="x940">1331.67dp</dimen>
    <dimen name="x941">1333.08dp</dimen>
    <dimen name="x942">1334.50dp</dimen>
    <dimen name="x943">1335.92dp</dimen>
    <dimen name="x944">1337.33dp</dimen>
    <dimen name="x945">1338.75dp</dimen>
    <dimen name="x946">1340.17dp</dimen>
    <dimen name="x947">1341.58dp</dimen>
    <dimen name="x948">1343.00dp</dimen>
    <dimen name="x949">1344.42dp</dimen>
    <dimen name="x950">1345.83dp</dimen>
    <dimen name="x951">1347.25dp</dimen>
    <dimen name="x952">1348.67dp</dimen>
    <dimen name="x953">1350.08dp</dimen>
    <dimen name="x954">1351.50dp</dimen>
    <dimen name="x955">1352.92dp</dimen>
    <dimen name="x956">1354.33dp</dimen>
    <dimen name="x957">1355.75dp</dimen>
    <dimen name="x958">1357.17dp</dimen>
    <dimen name="x959">1358.58dp</dimen>
    <dimen name="x960">1360.00dp</dimen>
    <dimen name="x961">1361.42dp</dimen>
    <dimen name="x962">1362.83dp</dimen>
    <dimen name="x963">1364.25dp</dimen>
    <dimen name="x964">1365.67dp</dimen>
    <dimen name="x965">1367.08dp</dimen>
    <dimen name="x966">1368.50dp</dimen>
    <dimen name="x967">1369.92dp</dimen>
    <dimen name="x968">1371.33dp</dimen>
    <dimen name="x969">1372.75dp</dimen>
    <dimen name="x970">1374.17dp</dimen>
    <dimen name="x971">1375.58dp</dimen>
    <dimen name="x972">1377.00dp</dimen>
    <dimen name="x973">1378.42dp</dimen>
    <dimen name="x974">1379.83dp</dimen>
    <dimen name="x975">1381.25dp</dimen>
    <dimen name="x976">1382.67dp</dimen>
    <dimen name="x977">1384.08dp</dimen>
    <dimen name="x978">1385.50dp</dimen>
    <dimen name="x979">1386.92dp</dimen>
    <dimen name="x980">1388.33dp</dimen>
    <dimen name="x981">1389.75dp</dimen>
    <dimen name="x982">1391.17dp</dimen>
    <dimen name="x983">1392.58dp</dimen>
    <dimen name="x984">1394.00dp</dimen>
    <dimen name="x985">1395.42dp</dimen>
    <dimen name="x986">1396.83dp</dimen>
    <dimen name="x987">1398.25dp</dimen>
    <dimen name="x988">1399.67dp</dimen>
    <dimen name="x989">1401.08dp</dimen>
    <dimen name="x990">1402.50dp</dimen>
    <dimen name="x991">1403.92dp</dimen>
    <dimen name="x992">1405.33dp</dimen>
    <dimen name="x993">1406.75dp</dimen>
    <dimen name="x994">1408.17dp</dimen>
    <dimen name="x995">1409.58dp</dimen>
    <dimen name="x996">1411.00dp</dimen>
    <dimen name="x997">1412.42dp</dimen>
    <dimen name="x998">1413.83dp</dimen>
    <dimen name="x999">1415.25dp</dimen>
    <dimen name="x1000">1416.67dp</dimen>
    <dimen name="x1001">1418.08dp</dimen>
    <dimen name="x1002">1419.50dp</dimen>
    <dimen name="x1003">1420.92dp</dimen>
    <dimen name="x1004">1422.33dp</dimen>
    <dimen name="x1005">1423.75dp</dimen>
    <dimen name="x1006">1425.17dp</dimen>
    <dimen name="x1007">1426.58dp</dimen>
    <dimen name="x1008">1428.00dp</dimen>
    <dimen name="x1009">1429.42dp</dimen>
    <dimen name="x1010">1430.83dp</dimen>
    <dimen name="x1011">1432.25dp</dimen>
    <dimen name="x1012">1433.67dp</dimen>
    <dimen name="x1013">1435.08dp</dimen>
    <dimen name="x1014">1436.50dp</dimen>
    <dimen name="x1015">1437.92dp</dimen>
    <dimen name="x1016">1439.33dp</dimen>
    <dimen name="x1017">1440.75dp</dimen>
    <dimen name="x1018">1442.17dp</dimen>
    <dimen name="x1019">1443.58dp</dimen>
    <dimen name="x1020">1445.00dp</dimen>
    <dimen name="x1021">1446.42dp</dimen>
    <dimen name="x1022">1447.83dp</dimen>
    <dimen name="x1023">1449.25dp</dimen>
    <dimen name="x1024">1450.67dp</dimen>
    <dimen name="x1025">1452.08dp</dimen>
    <dimen name="x1026">1453.50dp</dimen>
    <dimen name="x1027">1454.92dp</dimen>
    <dimen name="x1028">1456.33dp</dimen>
    <dimen name="x1029">1457.75dp</dimen>
    <dimen name="x1030">1459.17dp</dimen>
    <dimen name="x1031">1460.58dp</dimen>
    <dimen name="x1032">1462.00dp</dimen>
    <dimen name="x1033">1463.42dp</dimen>
    <dimen name="x1034">1464.83dp</dimen>
    <dimen name="x1035">1466.25dp</dimen>
    <dimen name="x1036">1467.67dp</dimen>
    <dimen name="x1037">1469.08dp</dimen>
    <dimen name="x1038">1470.50dp</dimen>
    <dimen name="x1039">1471.92dp</dimen>
    <dimen name="x1040">1473.33dp</dimen>
    <dimen name="x1041">1474.75dp</dimen>
    <dimen name="x1042">1476.17dp</dimen>
    <dimen name="x1043">1477.58dp</dimen>
    <dimen name="x1044">1479.00dp</dimen>
    <dimen name="x1045">1480.42dp</dimen>
    <dimen name="x1046">1481.83dp</dimen>
    <dimen name="x1047">1483.25dp</dimen>
    <dimen name="x1048">1484.67dp</dimen>
    <dimen name="x1049">1486.08dp</dimen>
    <dimen name="x1050">1487.50dp</dimen>
    <dimen name="x1051">1488.92dp</dimen>
    <dimen name="x1052">1490.33dp</dimen>
    <dimen name="x1053">1491.75dp</dimen>
    <dimen name="x1054">1493.17dp</dimen>
    <dimen name="x1055">1494.58dp</dimen>
    <dimen name="x1056">1496.00dp</dimen>
    <dimen name="x1057">1497.42dp</dimen>
    <dimen name="x1058">1498.83dp</dimen>
    <dimen name="x1059">1500.25dp</dimen>
    <dimen name="x1060">1501.67dp</dimen>
    <dimen name="x1061">1503.08dp</dimen>
    <dimen name="x1062">1504.50dp</dimen>
    <dimen name="x1063">1505.92dp</dimen>
    <dimen name="x1064">1507.33dp</dimen>
    <dimen name="x1065">1508.75dp</dimen>
    <dimen name="x1066">1510.17dp</dimen>
    <dimen name="x1067">1511.58dp</dimen>
    <dimen name="x1068">1513.00dp</dimen>
    <dimen name="x1069">1514.42dp</dimen>
    <dimen name="x1070">1515.83dp</dimen>
    <dimen name="x1071">1517.25dp</dimen>
    <dimen name="x1072">1518.67dp</dimen>
    <dimen name="x1073">1520.08dp</dimen>
    <dimen name="x1074">1521.50dp</dimen>
    <dimen name="x1075">1522.92dp</dimen>
    <dimen name="x1076">1524.33dp</dimen>
    <dimen name="x1077">1525.75dp</dimen>
    <dimen name="x1078">1527.17dp</dimen>
    <dimen name="x1079">1528.58dp</dimen>
    <dimen name="x1080">1530.00dp</dimen>
</resources>