<?xml version="1.0" encoding="utf-8"?>
<resources>
    <string name="sw_dp">1420dp</string>
    <dimen name="x1">1.31dp</dimen>
    <dimen name="x2">2.63dp</dimen>
    <dimen name="x3">3.94dp</dimen>
    <dimen name="x4">5.26dp</dimen>
    <dimen name="x5">6.57dp</dimen>
    <dimen name="x6">7.89dp</dimen>
    <dimen name="x7">9.20dp</dimen>
    <dimen name="x8">10.52dp</dimen>
    <dimen name="x9">11.83dp</dimen>
    <dimen name="x10">13.15dp</dimen>
    <dimen name="x11">14.46dp</dimen>
    <dimen name="x12">15.78dp</dimen>
    <dimen name="x13">17.09dp</dimen>
    <dimen name="x14">18.41dp</dimen>
    <dimen name="x15">19.72dp</dimen>
    <dimen name="x16">21.04dp</dimen>
    <dimen name="x17">22.35dp</dimen>
    <dimen name="x18">23.67dp</dimen>
    <dimen name="x19">24.98dp</dimen>
    <dimen name="x20">26.30dp</dimen>
    <dimen name="x21">27.61dp</dimen>
    <dimen name="x22">28.93dp</dimen>
    <dimen name="x23">30.24dp</dimen>
    <dimen name="x24">31.56dp</dimen>
    <dimen name="x25">32.87dp</dimen>
    <dimen name="x26">34.19dp</dimen>
    <dimen name="x27">35.50dp</dimen>
    <dimen name="x28">36.81dp</dimen>
    <dimen name="x29">38.13dp</dimen>
    <dimen name="x30">39.44dp</dimen>
    <dimen name="x31">40.76dp</dimen>
    <dimen name="x32">42.07dp</dimen>
    <dimen name="x33">43.39dp</dimen>
    <dimen name="x34">44.70dp</dimen>
    <dimen name="x35">46.02dp</dimen>
    <dimen name="x36">47.33dp</dimen>
    <dimen name="x37">48.65dp</dimen>
    <dimen name="x38">49.96dp</dimen>
    <dimen name="x39">51.28dp</dimen>
    <dimen name="x40">52.59dp</dimen>
    <dimen name="x41">53.91dp</dimen>
    <dimen name="x42">55.22dp</dimen>
    <dimen name="x43">56.54dp</dimen>
    <dimen name="x44">57.85dp</dimen>
    <dimen name="x45">59.17dp</dimen>
    <dimen name="x46">60.48dp</dimen>
    <dimen name="x47">61.80dp</dimen>
    <dimen name="x48">63.11dp</dimen>
    <dimen name="x49">64.43dp</dimen>
    <dimen name="x50">65.74dp</dimen>
    <dimen name="x51">67.06dp</dimen>
    <dimen name="x52">68.37dp</dimen>
    <dimen name="x53">69.69dp</dimen>
    <dimen name="x54">71.00dp</dimen>
    <dimen name="x55">72.31dp</dimen>
    <dimen name="x56">73.63dp</dimen>
    <dimen name="x57">74.94dp</dimen>
    <dimen name="x58">76.26dp</dimen>
    <dimen name="x59">77.57dp</dimen>
    <dimen name="x60">78.89dp</dimen>
    <dimen name="x61">80.20dp</dimen>
    <dimen name="x62">81.52dp</dimen>
    <dimen name="x63">82.83dp</dimen>
    <dimen name="x64">84.15dp</dimen>
    <dimen name="x65">85.46dp</dimen>
    <dimen name="x66">86.78dp</dimen>
    <dimen name="x67">88.09dp</dimen>
    <dimen name="x68">89.41dp</dimen>
    <dimen name="x69">90.72dp</dimen>
    <dimen name="x70">92.04dp</dimen>
    <dimen name="x71">93.35dp</dimen>
    <dimen name="x72">94.67dp</dimen>
    <dimen name="x73">95.98dp</dimen>
    <dimen name="x74">97.30dp</dimen>
    <dimen name="x75">98.61dp</dimen>
    <dimen name="x76">99.93dp</dimen>
    <dimen name="x77">101.24dp</dimen>
    <dimen name="x78">102.56dp</dimen>
    <dimen name="x79">103.87dp</dimen>
    <dimen name="x80">105.19dp</dimen>
    <dimen name="x81">106.50dp</dimen>
    <dimen name="x82">107.81dp</dimen>
    <dimen name="x83">109.13dp</dimen>
    <dimen name="x84">110.44dp</dimen>
    <dimen name="x85">111.76dp</dimen>
    <dimen name="x86">113.07dp</dimen>
    <dimen name="x87">114.39dp</dimen>
    <dimen name="x88">115.70dp</dimen>
    <dimen name="x89">117.02dp</dimen>
    <dimen name="x90">118.33dp</dimen>
    <dimen name="x91">119.65dp</dimen>
    <dimen name="x92">120.96dp</dimen>
    <dimen name="x93">122.28dp</dimen>
    <dimen name="x94">123.59dp</dimen>
    <dimen name="x95">124.91dp</dimen>
    <dimen name="x96">126.22dp</dimen>
    <dimen name="x97">127.54dp</dimen>
    <dimen name="x98">128.85dp</dimen>
    <dimen name="x99">130.17dp</dimen>
    <dimen name="x100">131.48dp</dimen>
    <dimen name="x101">132.80dp</dimen>
    <dimen name="x102">134.11dp</dimen>
    <dimen name="x103">135.43dp</dimen>
    <dimen name="x104">136.74dp</dimen>
    <dimen name="x105">138.06dp</dimen>
    <dimen name="x106">139.37dp</dimen>
    <dimen name="x107">140.69dp</dimen>
    <dimen name="x108">142.00dp</dimen>
    <dimen name="x109">143.31dp</dimen>
    <dimen name="x110">144.63dp</dimen>
    <dimen name="x111">145.94dp</dimen>
    <dimen name="x112">147.26dp</dimen>
    <dimen name="x113">148.57dp</dimen>
    <dimen name="x114">149.89dp</dimen>
    <dimen name="x115">151.20dp</dimen>
    <dimen name="x116">152.52dp</dimen>
    <dimen name="x117">153.83dp</dimen>
    <dimen name="x118">155.15dp</dimen>
    <dimen name="x119">156.46dp</dimen>
    <dimen name="x120">157.78dp</dimen>
    <dimen name="x121">159.09dp</dimen>
    <dimen name="x122">160.41dp</dimen>
    <dimen name="x123">161.72dp</dimen>
    <dimen name="x124">163.04dp</dimen>
    <dimen name="x125">164.35dp</dimen>
    <dimen name="x126">165.67dp</dimen>
    <dimen name="x127">166.98dp</dimen>
    <dimen name="x128">168.30dp</dimen>
    <dimen name="x129">169.61dp</dimen>
    <dimen name="x130">170.93dp</dimen>
    <dimen name="x131">172.24dp</dimen>
    <dimen name="x132">173.56dp</dimen>
    <dimen name="x133">174.87dp</dimen>
    <dimen name="x134">176.19dp</dimen>
    <dimen name="x135">177.50dp</dimen>
    <dimen name="x136">178.81dp</dimen>
    <dimen name="x137">180.13dp</dimen>
    <dimen name="x138">181.44dp</dimen>
    <dimen name="x139">182.76dp</dimen>
    <dimen name="x140">184.07dp</dimen>
    <dimen name="x141">185.39dp</dimen>
    <dimen name="x142">186.70dp</dimen>
    <dimen name="x143">188.02dp</dimen>
    <dimen name="x144">189.33dp</dimen>
    <dimen name="x145">190.65dp</dimen>
    <dimen name="x146">191.96dp</dimen>
    <dimen name="x147">193.28dp</dimen>
    <dimen name="x148">194.59dp</dimen>
    <dimen name="x149">195.91dp</dimen>
    <dimen name="x150">197.22dp</dimen>
    <dimen name="x151">198.54dp</dimen>
    <dimen name="x152">199.85dp</dimen>
    <dimen name="x153">201.17dp</dimen>
    <dimen name="x154">202.48dp</dimen>
    <dimen name="x155">203.80dp</dimen>
    <dimen name="x156">205.11dp</dimen>
    <dimen name="x157">206.43dp</dimen>
    <dimen name="x158">207.74dp</dimen>
    <dimen name="x159">209.06dp</dimen>
    <dimen name="x160">210.37dp</dimen>
    <dimen name="x161">211.69dp</dimen>
    <dimen name="x162">213.00dp</dimen>
    <dimen name="x163">214.31dp</dimen>
    <dimen name="x164">215.63dp</dimen>
    <dimen name="x165">216.94dp</dimen>
    <dimen name="x166">218.26dp</dimen>
    <dimen name="x167">219.57dp</dimen>
    <dimen name="x168">220.89dp</dimen>
    <dimen name="x169">222.20dp</dimen>
    <dimen name="x170">223.52dp</dimen>
    <dimen name="x171">224.83dp</dimen>
    <dimen name="x172">226.15dp</dimen>
    <dimen name="x173">227.46dp</dimen>
    <dimen name="x174">228.78dp</dimen>
    <dimen name="x175">230.09dp</dimen>
    <dimen name="x176">231.41dp</dimen>
    <dimen name="x177">232.72dp</dimen>
    <dimen name="x178">234.04dp</dimen>
    <dimen name="x179">235.35dp</dimen>
    <dimen name="x180">236.67dp</dimen>
    <dimen name="x181">237.98dp</dimen>
    <dimen name="x182">239.30dp</dimen>
    <dimen name="x183">240.61dp</dimen>
    <dimen name="x184">241.93dp</dimen>
    <dimen name="x185">243.24dp</dimen>
    <dimen name="x186">244.56dp</dimen>
    <dimen name="x187">245.87dp</dimen>
    <dimen name="x188">247.19dp</dimen>
    <dimen name="x189">248.50dp</dimen>
    <dimen name="x190">249.81dp</dimen>
    <dimen name="x191">251.13dp</dimen>
    <dimen name="x192">252.44dp</dimen>
    <dimen name="x193">253.76dp</dimen>
    <dimen name="x194">255.07dp</dimen>
    <dimen name="x195">256.39dp</dimen>
    <dimen name="x196">257.70dp</dimen>
    <dimen name="x197">259.02dp</dimen>
    <dimen name="x198">260.33dp</dimen>
    <dimen name="x199">261.65dp</dimen>
    <dimen name="x200">262.96dp</dimen>
    <dimen name="x201">264.28dp</dimen>
    <dimen name="x202">265.59dp</dimen>
    <dimen name="x203">266.91dp</dimen>
    <dimen name="x204">268.22dp</dimen>
    <dimen name="x205">269.54dp</dimen>
    <dimen name="x206">270.85dp</dimen>
    <dimen name="x207">272.17dp</dimen>
    <dimen name="x208">273.48dp</dimen>
    <dimen name="x209">274.80dp</dimen>
    <dimen name="x210">276.11dp</dimen>
    <dimen name="x211">277.43dp</dimen>
    <dimen name="x212">278.74dp</dimen>
    <dimen name="x213">280.06dp</dimen>
    <dimen name="x214">281.37dp</dimen>
    <dimen name="x215">282.69dp</dimen>
    <dimen name="x216">284.00dp</dimen>
    <dimen name="x217">285.31dp</dimen>
    <dimen name="x218">286.63dp</dimen>
    <dimen name="x219">287.94dp</dimen>
    <dimen name="x220">289.26dp</dimen>
    <dimen name="x221">290.57dp</dimen>
    <dimen name="x222">291.89dp</dimen>
    <dimen name="x223">293.20dp</dimen>
    <dimen name="x224">294.52dp</dimen>
    <dimen name="x225">295.83dp</dimen>
    <dimen name="x226">297.15dp</dimen>
    <dimen name="x227">298.46dp</dimen>
    <dimen name="x228">299.78dp</dimen>
    <dimen name="x229">301.09dp</dimen>
    <dimen name="x230">302.41dp</dimen>
    <dimen name="x231">303.72dp</dimen>
    <dimen name="x232">305.04dp</dimen>
    <dimen name="x233">306.35dp</dimen>
    <dimen name="x234">307.67dp</dimen>
    <dimen name="x235">308.98dp</dimen>
    <dimen name="x236">310.30dp</dimen>
    <dimen name="x237">311.61dp</dimen>
    <dimen name="x238">312.93dp</dimen>
    <dimen name="x239">314.24dp</dimen>
    <dimen name="x240">315.56dp</dimen>
    <dimen name="x241">316.87dp</dimen>
    <dimen name="x242">318.19dp</dimen>
    <dimen name="x243">319.50dp</dimen>
    <dimen name="x244">320.81dp</dimen>
    <dimen name="x245">322.13dp</dimen>
    <dimen name="x246">323.44dp</dimen>
    <dimen name="x247">324.76dp</dimen>
    <dimen name="x248">326.07dp</dimen>
    <dimen name="x249">327.39dp</dimen>
    <dimen name="x250">328.70dp</dimen>
    <dimen name="x251">330.02dp</dimen>
    <dimen name="x252">331.33dp</dimen>
    <dimen name="x253">332.65dp</dimen>
    <dimen name="x254">333.96dp</dimen>
    <dimen name="x255">335.28dp</dimen>
    <dimen name="x256">336.59dp</dimen>
    <dimen name="x257">337.91dp</dimen>
    <dimen name="x258">339.22dp</dimen>
    <dimen name="x259">340.54dp</dimen>
    <dimen name="x260">341.85dp</dimen>
    <dimen name="x261">343.17dp</dimen>
    <dimen name="x262">344.48dp</dimen>
    <dimen name="x263">345.80dp</dimen>
    <dimen name="x264">347.11dp</dimen>
    <dimen name="x265">348.43dp</dimen>
    <dimen name="x266">349.74dp</dimen>
    <dimen name="x267">351.06dp</dimen>
    <dimen name="x268">352.37dp</dimen>
    <dimen name="x269">353.69dp</dimen>
    <dimen name="x270">355.00dp</dimen>
    <dimen name="x271">356.31dp</dimen>
    <dimen name="x272">357.63dp</dimen>
    <dimen name="x273">358.94dp</dimen>
    <dimen name="x274">360.26dp</dimen>
    <dimen name="x275">361.57dp</dimen>
    <dimen name="x276">362.89dp</dimen>
    <dimen name="x277">364.20dp</dimen>
    <dimen name="x278">365.52dp</dimen>
    <dimen name="x279">366.83dp</dimen>
    <dimen name="x280">368.15dp</dimen>
    <dimen name="x281">369.46dp</dimen>
    <dimen name="x282">370.78dp</dimen>
    <dimen name="x283">372.09dp</dimen>
    <dimen name="x284">373.41dp</dimen>
    <dimen name="x285">374.72dp</dimen>
    <dimen name="x286">376.04dp</dimen>
    <dimen name="x287">377.35dp</dimen>
    <dimen name="x288">378.67dp</dimen>
    <dimen name="x289">379.98dp</dimen>
    <dimen name="x290">381.30dp</dimen>
    <dimen name="x291">382.61dp</dimen>
    <dimen name="x292">383.93dp</dimen>
    <dimen name="x293">385.24dp</dimen>
    <dimen name="x294">386.56dp</dimen>
    <dimen name="x295">387.87dp</dimen>
    <dimen name="x296">389.19dp</dimen>
    <dimen name="x297">390.50dp</dimen>
    <dimen name="x298">391.81dp</dimen>
    <dimen name="x299">393.13dp</dimen>
    <dimen name="x300">394.44dp</dimen>
    <dimen name="x301">395.76dp</dimen>
    <dimen name="x302">397.07dp</dimen>
    <dimen name="x303">398.39dp</dimen>
    <dimen name="x304">399.70dp</dimen>
    <dimen name="x305">401.02dp</dimen>
    <dimen name="x306">402.33dp</dimen>
    <dimen name="x307">403.65dp</dimen>
    <dimen name="x308">404.96dp</dimen>
    <dimen name="x309">406.28dp</dimen>
    <dimen name="x310">407.59dp</dimen>
    <dimen name="x311">408.91dp</dimen>
    <dimen name="x312">410.22dp</dimen>
    <dimen name="x313">411.54dp</dimen>
    <dimen name="x314">412.85dp</dimen>
    <dimen name="x315">414.17dp</dimen>
    <dimen name="x316">415.48dp</dimen>
    <dimen name="x317">416.80dp</dimen>
    <dimen name="x318">418.11dp</dimen>
    <dimen name="x319">419.43dp</dimen>
    <dimen name="x320">420.74dp</dimen>
    <dimen name="x321">422.06dp</dimen>
    <dimen name="x322">423.37dp</dimen>
    <dimen name="x323">424.69dp</dimen>
    <dimen name="x324">426.00dp</dimen>
    <dimen name="x325">427.31dp</dimen>
    <dimen name="x326">428.63dp</dimen>
    <dimen name="x327">429.94dp</dimen>
    <dimen name="x328">431.26dp</dimen>
    <dimen name="x329">432.57dp</dimen>
    <dimen name="x330">433.89dp</dimen>
    <dimen name="x331">435.20dp</dimen>
    <dimen name="x332">436.52dp</dimen>
    <dimen name="x333">437.83dp</dimen>
    <dimen name="x334">439.15dp</dimen>
    <dimen name="x335">440.46dp</dimen>
    <dimen name="x336">441.78dp</dimen>
    <dimen name="x337">443.09dp</dimen>
    <dimen name="x338">444.41dp</dimen>
    <dimen name="x339">445.72dp</dimen>
    <dimen name="x340">447.04dp</dimen>
    <dimen name="x341">448.35dp</dimen>
    <dimen name="x342">449.67dp</dimen>
    <dimen name="x343">450.98dp</dimen>
    <dimen name="x344">452.30dp</dimen>
    <dimen name="x345">453.61dp</dimen>
    <dimen name="x346">454.93dp</dimen>
    <dimen name="x347">456.24dp</dimen>
    <dimen name="x348">457.56dp</dimen>
    <dimen name="x349">458.87dp</dimen>
    <dimen name="x350">460.19dp</dimen>
    <dimen name="x351">461.50dp</dimen>
    <dimen name="x352">462.81dp</dimen>
    <dimen name="x353">464.13dp</dimen>
    <dimen name="x354">465.44dp</dimen>
    <dimen name="x355">466.76dp</dimen>
    <dimen name="x356">468.07dp</dimen>
    <dimen name="x357">469.39dp</dimen>
    <dimen name="x358">470.70dp</dimen>
    <dimen name="x359">472.02dp</dimen>
    <dimen name="x360">473.33dp</dimen>
    <dimen name="x361">474.65dp</dimen>
    <dimen name="x362">475.96dp</dimen>
    <dimen name="x363">477.28dp</dimen>
    <dimen name="x364">478.59dp</dimen>
    <dimen name="x365">479.91dp</dimen>
    <dimen name="x366">481.22dp</dimen>
    <dimen name="x367">482.54dp</dimen>
    <dimen name="x368">483.85dp</dimen>
    <dimen name="x369">485.17dp</dimen>
    <dimen name="x370">486.48dp</dimen>
    <dimen name="x371">487.80dp</dimen>
    <dimen name="x372">489.11dp</dimen>
    <dimen name="x373">490.43dp</dimen>
    <dimen name="x374">491.74dp</dimen>
    <dimen name="x375">493.06dp</dimen>
    <dimen name="x376">494.37dp</dimen>
    <dimen name="x377">495.69dp</dimen>
    <dimen name="x378">497.00dp</dimen>
    <dimen name="x379">498.31dp</dimen>
    <dimen name="x380">499.63dp</dimen>
    <dimen name="x381">500.94dp</dimen>
    <dimen name="x382">502.26dp</dimen>
    <dimen name="x383">503.57dp</dimen>
    <dimen name="x384">504.89dp</dimen>
    <dimen name="x385">506.20dp</dimen>
    <dimen name="x386">507.52dp</dimen>
    <dimen name="x387">508.83dp</dimen>
    <dimen name="x388">510.15dp</dimen>
    <dimen name="x389">511.46dp</dimen>
    <dimen name="x390">512.78dp</dimen>
    <dimen name="x391">514.09dp</dimen>
    <dimen name="x392">515.41dp</dimen>
    <dimen name="x393">516.72dp</dimen>
    <dimen name="x394">518.04dp</dimen>
    <dimen name="x395">519.35dp</dimen>
    <dimen name="x396">520.67dp</dimen>
    <dimen name="x397">521.98dp</dimen>
    <dimen name="x398">523.30dp</dimen>
    <dimen name="x399">524.61dp</dimen>
    <dimen name="x400">525.93dp</dimen>
    <dimen name="x401">527.24dp</dimen>
    <dimen name="x402">528.56dp</dimen>
    <dimen name="x403">529.87dp</dimen>
    <dimen name="x404">531.19dp</dimen>
    <dimen name="x405">532.50dp</dimen>
    <dimen name="x406">533.81dp</dimen>
    <dimen name="x407">535.13dp</dimen>
    <dimen name="x408">536.44dp</dimen>
    <dimen name="x409">537.76dp</dimen>
    <dimen name="x410">539.07dp</dimen>
    <dimen name="x411">540.39dp</dimen>
    <dimen name="x412">541.70dp</dimen>
    <dimen name="x413">543.02dp</dimen>
    <dimen name="x414">544.33dp</dimen>
    <dimen name="x415">545.65dp</dimen>
    <dimen name="x416">546.96dp</dimen>
    <dimen name="x417">548.28dp</dimen>
    <dimen name="x418">549.59dp</dimen>
    <dimen name="x419">550.91dp</dimen>
    <dimen name="x420">552.22dp</dimen>
    <dimen name="x421">553.54dp</dimen>
    <dimen name="x422">554.85dp</dimen>
    <dimen name="x423">556.17dp</dimen>
    <dimen name="x424">557.48dp</dimen>
    <dimen name="x425">558.80dp</dimen>
    <dimen name="x426">560.11dp</dimen>
    <dimen name="x427">561.43dp</dimen>
    <dimen name="x428">562.74dp</dimen>
    <dimen name="x429">564.06dp</dimen>
    <dimen name="x430">565.37dp</dimen>
    <dimen name="x431">566.69dp</dimen>
    <dimen name="x432">568.00dp</dimen>
    <dimen name="x433">569.31dp</dimen>
    <dimen name="x434">570.63dp</dimen>
    <dimen name="x435">571.94dp</dimen>
    <dimen name="x436">573.26dp</dimen>
    <dimen name="x437">574.57dp</dimen>
    <dimen name="x438">575.89dp</dimen>
    <dimen name="x439">577.20dp</dimen>
    <dimen name="x440">578.52dp</dimen>
    <dimen name="x441">579.83dp</dimen>
    <dimen name="x442">581.15dp</dimen>
    <dimen name="x443">582.46dp</dimen>
    <dimen name="x444">583.78dp</dimen>
    <dimen name="x445">585.09dp</dimen>
    <dimen name="x446">586.41dp</dimen>
    <dimen name="x447">587.72dp</dimen>
    <dimen name="x448">589.04dp</dimen>
    <dimen name="x449">590.35dp</dimen>
    <dimen name="x450">591.67dp</dimen>
    <dimen name="x451">592.98dp</dimen>
    <dimen name="x452">594.30dp</dimen>
    <dimen name="x453">595.61dp</dimen>
    <dimen name="x454">596.93dp</dimen>
    <dimen name="x455">598.24dp</dimen>
    <dimen name="x456">599.56dp</dimen>
    <dimen name="x457">600.87dp</dimen>
    <dimen name="x458">602.19dp</dimen>
    <dimen name="x459">603.50dp</dimen>
    <dimen name="x460">604.81dp</dimen>
    <dimen name="x461">606.13dp</dimen>
    <dimen name="x462">607.44dp</dimen>
    <dimen name="x463">608.76dp</dimen>
    <dimen name="x464">610.07dp</dimen>
    <dimen name="x465">611.39dp</dimen>
    <dimen name="x466">612.70dp</dimen>
    <dimen name="x467">614.02dp</dimen>
    <dimen name="x468">615.33dp</dimen>
    <dimen name="x469">616.65dp</dimen>
    <dimen name="x470">617.96dp</dimen>
    <dimen name="x471">619.28dp</dimen>
    <dimen name="x472">620.59dp</dimen>
    <dimen name="x473">621.91dp</dimen>
    <dimen name="x474">623.22dp</dimen>
    <dimen name="x475">624.54dp</dimen>
    <dimen name="x476">625.85dp</dimen>
    <dimen name="x477">627.17dp</dimen>
    <dimen name="x478">628.48dp</dimen>
    <dimen name="x479">629.80dp</dimen>
    <dimen name="x480">631.11dp</dimen>
    <dimen name="x481">632.43dp</dimen>
    <dimen name="x482">633.74dp</dimen>
    <dimen name="x483">635.06dp</dimen>
    <dimen name="x484">636.37dp</dimen>
    <dimen name="x485">637.69dp</dimen>
    <dimen name="x486">639.00dp</dimen>
    <dimen name="x487">640.31dp</dimen>
    <dimen name="x488">641.63dp</dimen>
    <dimen name="x489">642.94dp</dimen>
    <dimen name="x490">644.26dp</dimen>
    <dimen name="x491">645.57dp</dimen>
    <dimen name="x492">646.89dp</dimen>
    <dimen name="x493">648.20dp</dimen>
    <dimen name="x494">649.52dp</dimen>
    <dimen name="x495">650.83dp</dimen>
    <dimen name="x496">652.15dp</dimen>
    <dimen name="x497">653.46dp</dimen>
    <dimen name="x498">654.78dp</dimen>
    <dimen name="x499">656.09dp</dimen>
    <dimen name="x500">657.41dp</dimen>
    <dimen name="x501">658.72dp</dimen>
    <dimen name="x502">660.04dp</dimen>
    <dimen name="x503">661.35dp</dimen>
    <dimen name="x504">662.67dp</dimen>
    <dimen name="x505">663.98dp</dimen>
    <dimen name="x506">665.30dp</dimen>
    <dimen name="x507">666.61dp</dimen>
    <dimen name="x508">667.93dp</dimen>
    <dimen name="x509">669.24dp</dimen>
    <dimen name="x510">670.56dp</dimen>
    <dimen name="x511">671.87dp</dimen>
    <dimen name="x512">673.19dp</dimen>
    <dimen name="x513">674.50dp</dimen>
    <dimen name="x514">675.81dp</dimen>
    <dimen name="x515">677.13dp</dimen>
    <dimen name="x516">678.44dp</dimen>
    <dimen name="x517">679.76dp</dimen>
    <dimen name="x518">681.07dp</dimen>
    <dimen name="x519">682.39dp</dimen>
    <dimen name="x520">683.70dp</dimen>
    <dimen name="x521">685.02dp</dimen>
    <dimen name="x522">686.33dp</dimen>
    <dimen name="x523">687.65dp</dimen>
    <dimen name="x524">688.96dp</dimen>
    <dimen name="x525">690.28dp</dimen>
    <dimen name="x526">691.59dp</dimen>
    <dimen name="x527">692.91dp</dimen>
    <dimen name="x528">694.22dp</dimen>
    <dimen name="x529">695.54dp</dimen>
    <dimen name="x530">696.85dp</dimen>
    <dimen name="x531">698.17dp</dimen>
    <dimen name="x532">699.48dp</dimen>
    <dimen name="x533">700.80dp</dimen>
    <dimen name="x534">702.11dp</dimen>
    <dimen name="x535">703.43dp</dimen>
    <dimen name="x536">704.74dp</dimen>
    <dimen name="x537">706.06dp</dimen>
    <dimen name="x538">707.37dp</dimen>
    <dimen name="x539">708.69dp</dimen>
    <dimen name="x540">710.00dp</dimen>
    <dimen name="x541">711.31dp</dimen>
    <dimen name="x542">712.63dp</dimen>
    <dimen name="x543">713.94dp</dimen>
    <dimen name="x544">715.26dp</dimen>
    <dimen name="x545">716.57dp</dimen>
    <dimen name="x546">717.89dp</dimen>
    <dimen name="x547">719.20dp</dimen>
    <dimen name="x548">720.52dp</dimen>
    <dimen name="x549">721.83dp</dimen>
    <dimen name="x550">723.15dp</dimen>
    <dimen name="x551">724.46dp</dimen>
    <dimen name="x552">725.78dp</dimen>
    <dimen name="x553">727.09dp</dimen>
    <dimen name="x554">728.41dp</dimen>
    <dimen name="x555">729.72dp</dimen>
    <dimen name="x556">731.04dp</dimen>
    <dimen name="x557">732.35dp</dimen>
    <dimen name="x558">733.67dp</dimen>
    <dimen name="x559">734.98dp</dimen>
    <dimen name="x560">736.30dp</dimen>
    <dimen name="x561">737.61dp</dimen>
    <dimen name="x562">738.93dp</dimen>
    <dimen name="x563">740.24dp</dimen>
    <dimen name="x564">741.56dp</dimen>
    <dimen name="x565">742.87dp</dimen>
    <dimen name="x566">744.19dp</dimen>
    <dimen name="x567">745.50dp</dimen>
    <dimen name="x568">746.81dp</dimen>
    <dimen name="x569">748.13dp</dimen>
    <dimen name="x570">749.44dp</dimen>
    <dimen name="x571">750.76dp</dimen>
    <dimen name="x572">752.07dp</dimen>
    <dimen name="x573">753.39dp</dimen>
    <dimen name="x574">754.70dp</dimen>
    <dimen name="x575">756.02dp</dimen>
    <dimen name="x576">757.33dp</dimen>
    <dimen name="x577">758.65dp</dimen>
    <dimen name="x578">759.96dp</dimen>
    <dimen name="x579">761.28dp</dimen>
    <dimen name="x580">762.59dp</dimen>
    <dimen name="x581">763.91dp</dimen>
    <dimen name="x582">765.22dp</dimen>
    <dimen name="x583">766.54dp</dimen>
    <dimen name="x584">767.85dp</dimen>
    <dimen name="x585">769.17dp</dimen>
    <dimen name="x586">770.48dp</dimen>
    <dimen name="x587">771.80dp</dimen>
    <dimen name="x588">773.11dp</dimen>
    <dimen name="x589">774.43dp</dimen>
    <dimen name="x590">775.74dp</dimen>
    <dimen name="x591">777.06dp</dimen>
    <dimen name="x592">778.37dp</dimen>
    <dimen name="x593">779.69dp</dimen>
    <dimen name="x594">781.00dp</dimen>
    <dimen name="x595">782.31dp</dimen>
    <dimen name="x596">783.63dp</dimen>
    <dimen name="x597">784.94dp</dimen>
    <dimen name="x598">786.26dp</dimen>
    <dimen name="x599">787.57dp</dimen>
    <dimen name="x600">788.89dp</dimen>
    <dimen name="x601">790.20dp</dimen>
    <dimen name="x602">791.52dp</dimen>
    <dimen name="x603">792.83dp</dimen>
    <dimen name="x604">794.15dp</dimen>
    <dimen name="x605">795.46dp</dimen>
    <dimen name="x606">796.78dp</dimen>
    <dimen name="x607">798.09dp</dimen>
    <dimen name="x608">799.41dp</dimen>
    <dimen name="x609">800.72dp</dimen>
    <dimen name="x610">802.04dp</dimen>
    <dimen name="x611">803.35dp</dimen>
    <dimen name="x612">804.67dp</dimen>
    <dimen name="x613">805.98dp</dimen>
    <dimen name="x614">807.30dp</dimen>
    <dimen name="x615">808.61dp</dimen>
    <dimen name="x616">809.93dp</dimen>
    <dimen name="x617">811.24dp</dimen>
    <dimen name="x618">812.56dp</dimen>
    <dimen name="x619">813.87dp</dimen>
    <dimen name="x620">815.19dp</dimen>
    <dimen name="x621">816.50dp</dimen>
    <dimen name="x622">817.81dp</dimen>
    <dimen name="x623">819.13dp</dimen>
    <dimen name="x624">820.44dp</dimen>
    <dimen name="x625">821.76dp</dimen>
    <dimen name="x626">823.07dp</dimen>
    <dimen name="x627">824.39dp</dimen>
    <dimen name="x628">825.70dp</dimen>
    <dimen name="x629">827.02dp</dimen>
    <dimen name="x630">828.33dp</dimen>
    <dimen name="x631">829.65dp</dimen>
    <dimen name="x632">830.96dp</dimen>
    <dimen name="x633">832.28dp</dimen>
    <dimen name="x634">833.59dp</dimen>
    <dimen name="x635">834.91dp</dimen>
    <dimen name="x636">836.22dp</dimen>
    <dimen name="x637">837.54dp</dimen>
    <dimen name="x638">838.85dp</dimen>
    <dimen name="x639">840.17dp</dimen>
    <dimen name="x640">841.48dp</dimen>
    <dimen name="x641">842.80dp</dimen>
    <dimen name="x642">844.11dp</dimen>
    <dimen name="x643">845.43dp</dimen>
    <dimen name="x644">846.74dp</dimen>
    <dimen name="x645">848.06dp</dimen>
    <dimen name="x646">849.37dp</dimen>
    <dimen name="x647">850.69dp</dimen>
    <dimen name="x648">852.00dp</dimen>
    <dimen name="x649">853.31dp</dimen>
    <dimen name="x650">854.63dp</dimen>
    <dimen name="x651">855.94dp</dimen>
    <dimen name="x652">857.26dp</dimen>
    <dimen name="x653">858.57dp</dimen>
    <dimen name="x654">859.89dp</dimen>
    <dimen name="x655">861.20dp</dimen>
    <dimen name="x656">862.52dp</dimen>
    <dimen name="x657">863.83dp</dimen>
    <dimen name="x658">865.15dp</dimen>
    <dimen name="x659">866.46dp</dimen>
    <dimen name="x660">867.78dp</dimen>
    <dimen name="x661">869.09dp</dimen>
    <dimen name="x662">870.41dp</dimen>
    <dimen name="x663">871.72dp</dimen>
    <dimen name="x664">873.04dp</dimen>
    <dimen name="x665">874.35dp</dimen>
    <dimen name="x666">875.67dp</dimen>
    <dimen name="x667">876.98dp</dimen>
    <dimen name="x668">878.30dp</dimen>
    <dimen name="x669">879.61dp</dimen>
    <dimen name="x670">880.93dp</dimen>
    <dimen name="x671">882.24dp</dimen>
    <dimen name="x672">883.56dp</dimen>
    <dimen name="x673">884.87dp</dimen>
    <dimen name="x674">886.19dp</dimen>
    <dimen name="x675">887.50dp</dimen>
    <dimen name="x676">888.81dp</dimen>
    <dimen name="x677">890.13dp</dimen>
    <dimen name="x678">891.44dp</dimen>
    <dimen name="x679">892.76dp</dimen>
    <dimen name="x680">894.07dp</dimen>
    <dimen name="x681">895.39dp</dimen>
    <dimen name="x682">896.70dp</dimen>
    <dimen name="x683">898.02dp</dimen>
    <dimen name="x684">899.33dp</dimen>
    <dimen name="x685">900.65dp</dimen>
    <dimen name="x686">901.96dp</dimen>
    <dimen name="x687">903.28dp</dimen>
    <dimen name="x688">904.59dp</dimen>
    <dimen name="x689">905.91dp</dimen>
    <dimen name="x690">907.22dp</dimen>
    <dimen name="x691">908.54dp</dimen>
    <dimen name="x692">909.85dp</dimen>
    <dimen name="x693">911.17dp</dimen>
    <dimen name="x694">912.48dp</dimen>
    <dimen name="x695">913.80dp</dimen>
    <dimen name="x696">915.11dp</dimen>
    <dimen name="x697">916.43dp</dimen>
    <dimen name="x698">917.74dp</dimen>
    <dimen name="x699">919.06dp</dimen>
    <dimen name="x700">920.37dp</dimen>
    <dimen name="x701">921.69dp</dimen>
    <dimen name="x702">923.00dp</dimen>
    <dimen name="x703">924.31dp</dimen>
    <dimen name="x704">925.63dp</dimen>
    <dimen name="x705">926.94dp</dimen>
    <dimen name="x706">928.26dp</dimen>
    <dimen name="x707">929.57dp</dimen>
    <dimen name="x708">930.89dp</dimen>
    <dimen name="x709">932.20dp</dimen>
    <dimen name="x710">933.52dp</dimen>
    <dimen name="x711">934.83dp</dimen>
    <dimen name="x712">936.15dp</dimen>
    <dimen name="x713">937.46dp</dimen>
    <dimen name="x714">938.78dp</dimen>
    <dimen name="x715">940.09dp</dimen>
    <dimen name="x716">941.41dp</dimen>
    <dimen name="x717">942.72dp</dimen>
    <dimen name="x718">944.04dp</dimen>
    <dimen name="x719">945.35dp</dimen>
    <dimen name="x720">946.67dp</dimen>
    <dimen name="x721">947.98dp</dimen>
    <dimen name="x722">949.30dp</dimen>
    <dimen name="x723">950.61dp</dimen>
    <dimen name="x724">951.93dp</dimen>
    <dimen name="x725">953.24dp</dimen>
    <dimen name="x726">954.56dp</dimen>
    <dimen name="x727">955.87dp</dimen>
    <dimen name="x728">957.19dp</dimen>
    <dimen name="x729">958.50dp</dimen>
    <dimen name="x730">959.81dp</dimen>
    <dimen name="x731">961.13dp</dimen>
    <dimen name="x732">962.44dp</dimen>
    <dimen name="x733">963.76dp</dimen>
    <dimen name="x734">965.07dp</dimen>
    <dimen name="x735">966.39dp</dimen>
    <dimen name="x736">967.70dp</dimen>
    <dimen name="x737">969.02dp</dimen>
    <dimen name="x738">970.33dp</dimen>
    <dimen name="x739">971.65dp</dimen>
    <dimen name="x740">972.96dp</dimen>
    <dimen name="x741">974.28dp</dimen>
    <dimen name="x742">975.59dp</dimen>
    <dimen name="x743">976.91dp</dimen>
    <dimen name="x744">978.22dp</dimen>
    <dimen name="x745">979.54dp</dimen>
    <dimen name="x746">980.85dp</dimen>
    <dimen name="x747">982.17dp</dimen>
    <dimen name="x748">983.48dp</dimen>
    <dimen name="x749">984.80dp</dimen>
    <dimen name="x750">986.11dp</dimen>
    <dimen name="x751">987.43dp</dimen>
    <dimen name="x752">988.74dp</dimen>
    <dimen name="x753">990.06dp</dimen>
    <dimen name="x754">991.37dp</dimen>
    <dimen name="x755">992.69dp</dimen>
    <dimen name="x756">994.00dp</dimen>
    <dimen name="x757">995.31dp</dimen>
    <dimen name="x758">996.63dp</dimen>
    <dimen name="x759">997.94dp</dimen>
    <dimen name="x760">999.26dp</dimen>
    <dimen name="x761">1000.57dp</dimen>
    <dimen name="x762">1001.89dp</dimen>
    <dimen name="x763">1003.20dp</dimen>
    <dimen name="x764">1004.52dp</dimen>
    <dimen name="x765">1005.83dp</dimen>
    <dimen name="x766">1007.15dp</dimen>
    <dimen name="x767">1008.46dp</dimen>
    <dimen name="x768">1009.78dp</dimen>
    <dimen name="x769">1011.09dp</dimen>
    <dimen name="x770">1012.41dp</dimen>
    <dimen name="x771">1013.72dp</dimen>
    <dimen name="x772">1015.04dp</dimen>
    <dimen name="x773">1016.35dp</dimen>
    <dimen name="x774">1017.67dp</dimen>
    <dimen name="x775">1018.98dp</dimen>
    <dimen name="x776">1020.30dp</dimen>
    <dimen name="x777">1021.61dp</dimen>
    <dimen name="x778">1022.93dp</dimen>
    <dimen name="x779">1024.24dp</dimen>
    <dimen name="x780">1025.56dp</dimen>
    <dimen name="x781">1026.87dp</dimen>
    <dimen name="x782">1028.19dp</dimen>
    <dimen name="x783">1029.50dp</dimen>
    <dimen name="x784">1030.81dp</dimen>
    <dimen name="x785">1032.13dp</dimen>
    <dimen name="x786">1033.44dp</dimen>
    <dimen name="x787">1034.76dp</dimen>
    <dimen name="x788">1036.07dp</dimen>
    <dimen name="x789">1037.39dp</dimen>
    <dimen name="x790">1038.70dp</dimen>
    <dimen name="x791">1040.02dp</dimen>
    <dimen name="x792">1041.33dp</dimen>
    <dimen name="x793">1042.65dp</dimen>
    <dimen name="x794">1043.96dp</dimen>
    <dimen name="x795">1045.28dp</dimen>
    <dimen name="x796">1046.59dp</dimen>
    <dimen name="x797">1047.91dp</dimen>
    <dimen name="x798">1049.22dp</dimen>
    <dimen name="x799">1050.54dp</dimen>
    <dimen name="x800">1051.85dp</dimen>
    <dimen name="x801">1053.17dp</dimen>
    <dimen name="x802">1054.48dp</dimen>
    <dimen name="x803">1055.80dp</dimen>
    <dimen name="x804">1057.11dp</dimen>
    <dimen name="x805">1058.43dp</dimen>
    <dimen name="x806">1059.74dp</dimen>
    <dimen name="x807">1061.06dp</dimen>
    <dimen name="x808">1062.37dp</dimen>
    <dimen name="x809">1063.69dp</dimen>
    <dimen name="x810">1065.00dp</dimen>
    <dimen name="x811">1066.31dp</dimen>
    <dimen name="x812">1067.63dp</dimen>
    <dimen name="x813">1068.94dp</dimen>
    <dimen name="x814">1070.26dp</dimen>
    <dimen name="x815">1071.57dp</dimen>
    <dimen name="x816">1072.89dp</dimen>
    <dimen name="x817">1074.20dp</dimen>
    <dimen name="x818">1075.52dp</dimen>
    <dimen name="x819">1076.83dp</dimen>
    <dimen name="x820">1078.15dp</dimen>
    <dimen name="x821">1079.46dp</dimen>
    <dimen name="x822">1080.78dp</dimen>
    <dimen name="x823">1082.09dp</dimen>
    <dimen name="x824">1083.41dp</dimen>
    <dimen name="x825">1084.72dp</dimen>
    <dimen name="x826">1086.04dp</dimen>
    <dimen name="x827">1087.35dp</dimen>
    <dimen name="x828">1088.67dp</dimen>
    <dimen name="x829">1089.98dp</dimen>
    <dimen name="x830">1091.30dp</dimen>
    <dimen name="x831">1092.61dp</dimen>
    <dimen name="x832">1093.93dp</dimen>
    <dimen name="x833">1095.24dp</dimen>
    <dimen name="x834">1096.56dp</dimen>
    <dimen name="x835">1097.87dp</dimen>
    <dimen name="x836">1099.19dp</dimen>
    <dimen name="x837">1100.50dp</dimen>
    <dimen name="x838">1101.81dp</dimen>
    <dimen name="x839">1103.13dp</dimen>
    <dimen name="x840">1104.44dp</dimen>
    <dimen name="x841">1105.76dp</dimen>
    <dimen name="x842">1107.07dp</dimen>
    <dimen name="x843">1108.39dp</dimen>
    <dimen name="x844">1109.70dp</dimen>
    <dimen name="x845">1111.02dp</dimen>
    <dimen name="x846">1112.33dp</dimen>
    <dimen name="x847">1113.65dp</dimen>
    <dimen name="x848">1114.96dp</dimen>
    <dimen name="x849">1116.28dp</dimen>
    <dimen name="x850">1117.59dp</dimen>
    <dimen name="x851">1118.91dp</dimen>
    <dimen name="x852">1120.22dp</dimen>
    <dimen name="x853">1121.54dp</dimen>
    <dimen name="x854">1122.85dp</dimen>
    <dimen name="x855">1124.17dp</dimen>
    <dimen name="x856">1125.48dp</dimen>
    <dimen name="x857">1126.80dp</dimen>
    <dimen name="x858">1128.11dp</dimen>
    <dimen name="x859">1129.43dp</dimen>
    <dimen name="x860">1130.74dp</dimen>
    <dimen name="x861">1132.06dp</dimen>
    <dimen name="x862">1133.37dp</dimen>
    <dimen name="x863">1134.69dp</dimen>
    <dimen name="x864">1136.00dp</dimen>
    <dimen name="x865">1137.31dp</dimen>
    <dimen name="x866">1138.63dp</dimen>
    <dimen name="x867">1139.94dp</dimen>
    <dimen name="x868">1141.26dp</dimen>
    <dimen name="x869">1142.57dp</dimen>
    <dimen name="x870">1143.89dp</dimen>
    <dimen name="x871">1145.20dp</dimen>
    <dimen name="x872">1146.52dp</dimen>
    <dimen name="x873">1147.83dp</dimen>
    <dimen name="x874">1149.15dp</dimen>
    <dimen name="x875">1150.46dp</dimen>
    <dimen name="x876">1151.78dp</dimen>
    <dimen name="x877">1153.09dp</dimen>
    <dimen name="x878">1154.41dp</dimen>
    <dimen name="x879">1155.72dp</dimen>
    <dimen name="x880">1157.04dp</dimen>
    <dimen name="x881">1158.35dp</dimen>
    <dimen name="x882">1159.67dp</dimen>
    <dimen name="x883">1160.98dp</dimen>
    <dimen name="x884">1162.30dp</dimen>
    <dimen name="x885">1163.61dp</dimen>
    <dimen name="x886">1164.93dp</dimen>
    <dimen name="x887">1166.24dp</dimen>
    <dimen name="x888">1167.56dp</dimen>
    <dimen name="x889">1168.87dp</dimen>
    <dimen name="x890">1170.19dp</dimen>
    <dimen name="x891">1171.50dp</dimen>
    <dimen name="x892">1172.81dp</dimen>
    <dimen name="x893">1174.13dp</dimen>
    <dimen name="x894">1175.44dp</dimen>
    <dimen name="x895">1176.76dp</dimen>
    <dimen name="x896">1178.07dp</dimen>
    <dimen name="x897">1179.39dp</dimen>
    <dimen name="x898">1180.70dp</dimen>
    <dimen name="x899">1182.02dp</dimen>
    <dimen name="x900">1183.33dp</dimen>
    <dimen name="x901">1184.65dp</dimen>
    <dimen name="x902">1185.96dp</dimen>
    <dimen name="x903">1187.28dp</dimen>
    <dimen name="x904">1188.59dp</dimen>
    <dimen name="x905">1189.91dp</dimen>
    <dimen name="x906">1191.22dp</dimen>
    <dimen name="x907">1192.54dp</dimen>
    <dimen name="x908">1193.85dp</dimen>
    <dimen name="x909">1195.17dp</dimen>
    <dimen name="x910">1196.48dp</dimen>
    <dimen name="x911">1197.80dp</dimen>
    <dimen name="x912">1199.11dp</dimen>
    <dimen name="x913">1200.43dp</dimen>
    <dimen name="x914">1201.74dp</dimen>
    <dimen name="x915">1203.06dp</dimen>
    <dimen name="x916">1204.37dp</dimen>
    <dimen name="x917">1205.69dp</dimen>
    <dimen name="x918">1207.00dp</dimen>
    <dimen name="x919">1208.31dp</dimen>
    <dimen name="x920">1209.63dp</dimen>
    <dimen name="x921">1210.94dp</dimen>
    <dimen name="x922">1212.26dp</dimen>
    <dimen name="x923">1213.57dp</dimen>
    <dimen name="x924">1214.89dp</dimen>
    <dimen name="x925">1216.20dp</dimen>
    <dimen name="x926">1217.52dp</dimen>
    <dimen name="x927">1218.83dp</dimen>
    <dimen name="x928">1220.15dp</dimen>
    <dimen name="x929">1221.46dp</dimen>
    <dimen name="x930">1222.78dp</dimen>
    <dimen name="x931">1224.09dp</dimen>
    <dimen name="x932">1225.41dp</dimen>
    <dimen name="x933">1226.72dp</dimen>
    <dimen name="x934">1228.04dp</dimen>
    <dimen name="x935">1229.35dp</dimen>
    <dimen name="x936">1230.67dp</dimen>
    <dimen name="x937">1231.98dp</dimen>
    <dimen name="x938">1233.30dp</dimen>
    <dimen name="x939">1234.61dp</dimen>
    <dimen name="x940">1235.93dp</dimen>
    <dimen name="x941">1237.24dp</dimen>
    <dimen name="x942">1238.56dp</dimen>
    <dimen name="x943">1239.87dp</dimen>
    <dimen name="x944">1241.19dp</dimen>
    <dimen name="x945">1242.50dp</dimen>
    <dimen name="x946">1243.81dp</dimen>
    <dimen name="x947">1245.13dp</dimen>
    <dimen name="x948">1246.44dp</dimen>
    <dimen name="x949">1247.76dp</dimen>
    <dimen name="x950">1249.07dp</dimen>
    <dimen name="x951">1250.39dp</dimen>
    <dimen name="x952">1251.70dp</dimen>
    <dimen name="x953">1253.02dp</dimen>
    <dimen name="x954">1254.33dp</dimen>
    <dimen name="x955">1255.65dp</dimen>
    <dimen name="x956">1256.96dp</dimen>
    <dimen name="x957">1258.28dp</dimen>
    <dimen name="x958">1259.59dp</dimen>
    <dimen name="x959">1260.91dp</dimen>
    <dimen name="x960">1262.22dp</dimen>
    <dimen name="x961">1263.54dp</dimen>
    <dimen name="x962">1264.85dp</dimen>
    <dimen name="x963">1266.17dp</dimen>
    <dimen name="x964">1267.48dp</dimen>
    <dimen name="x965">1268.80dp</dimen>
    <dimen name="x966">1270.11dp</dimen>
    <dimen name="x967">1271.43dp</dimen>
    <dimen name="x968">1272.74dp</dimen>
    <dimen name="x969">1274.06dp</dimen>
    <dimen name="x970">1275.37dp</dimen>
    <dimen name="x971">1276.69dp</dimen>
    <dimen name="x972">1278.00dp</dimen>
    <dimen name="x973">1279.31dp</dimen>
    <dimen name="x974">1280.63dp</dimen>
    <dimen name="x975">1281.94dp</dimen>
    <dimen name="x976">1283.26dp</dimen>
    <dimen name="x977">1284.57dp</dimen>
    <dimen name="x978">1285.89dp</dimen>
    <dimen name="x979">1287.20dp</dimen>
    <dimen name="x980">1288.52dp</dimen>
    <dimen name="x981">1289.83dp</dimen>
    <dimen name="x982">1291.15dp</dimen>
    <dimen name="x983">1292.46dp</dimen>
    <dimen name="x984">1293.78dp</dimen>
    <dimen name="x985">1295.09dp</dimen>
    <dimen name="x986">1296.41dp</dimen>
    <dimen name="x987">1297.72dp</dimen>
    <dimen name="x988">1299.04dp</dimen>
    <dimen name="x989">1300.35dp</dimen>
    <dimen name="x990">1301.67dp</dimen>
    <dimen name="x991">1302.98dp</dimen>
    <dimen name="x992">1304.30dp</dimen>
    <dimen name="x993">1305.61dp</dimen>
    <dimen name="x994">1306.93dp</dimen>
    <dimen name="x995">1308.24dp</dimen>
    <dimen name="x996">1309.56dp</dimen>
    <dimen name="x997">1310.87dp</dimen>
    <dimen name="x998">1312.19dp</dimen>
    <dimen name="x999">1313.50dp</dimen>
    <dimen name="x1000">1314.81dp</dimen>
    <dimen name="x1001">1316.13dp</dimen>
    <dimen name="x1002">1317.44dp</dimen>
    <dimen name="x1003">1318.76dp</dimen>
    <dimen name="x1004">1320.07dp</dimen>
    <dimen name="x1005">1321.39dp</dimen>
    <dimen name="x1006">1322.70dp</dimen>
    <dimen name="x1007">1324.02dp</dimen>
    <dimen name="x1008">1325.33dp</dimen>
    <dimen name="x1009">1326.65dp</dimen>
    <dimen name="x1010">1327.96dp</dimen>
    <dimen name="x1011">1329.28dp</dimen>
    <dimen name="x1012">1330.59dp</dimen>
    <dimen name="x1013">1331.91dp</dimen>
    <dimen name="x1014">1333.22dp</dimen>
    <dimen name="x1015">1334.54dp</dimen>
    <dimen name="x1016">1335.85dp</dimen>
    <dimen name="x1017">1337.17dp</dimen>
    <dimen name="x1018">1338.48dp</dimen>
    <dimen name="x1019">1339.80dp</dimen>
    <dimen name="x1020">1341.11dp</dimen>
    <dimen name="x1021">1342.43dp</dimen>
    <dimen name="x1022">1343.74dp</dimen>
    <dimen name="x1023">1345.06dp</dimen>
    <dimen name="x1024">1346.37dp</dimen>
    <dimen name="x1025">1347.69dp</dimen>
    <dimen name="x1026">1349.00dp</dimen>
    <dimen name="x1027">1350.31dp</dimen>
    <dimen name="x1028">1351.63dp</dimen>
    <dimen name="x1029">1352.94dp</dimen>
    <dimen name="x1030">1354.26dp</dimen>
    <dimen name="x1031">1355.57dp</dimen>
    <dimen name="x1032">1356.89dp</dimen>
    <dimen name="x1033">1358.20dp</dimen>
    <dimen name="x1034">1359.52dp</dimen>
    <dimen name="x1035">1360.83dp</dimen>
    <dimen name="x1036">1362.15dp</dimen>
    <dimen name="x1037">1363.46dp</dimen>
    <dimen name="x1038">1364.78dp</dimen>
    <dimen name="x1039">1366.09dp</dimen>
    <dimen name="x1040">1367.41dp</dimen>
    <dimen name="x1041">1368.72dp</dimen>
    <dimen name="x1042">1370.04dp</dimen>
    <dimen name="x1043">1371.35dp</dimen>
    <dimen name="x1044">1372.67dp</dimen>
    <dimen name="x1045">1373.98dp</dimen>
    <dimen name="x1046">1375.30dp</dimen>
    <dimen name="x1047">1376.61dp</dimen>
    <dimen name="x1048">1377.93dp</dimen>
    <dimen name="x1049">1379.24dp</dimen>
    <dimen name="x1050">1380.56dp</dimen>
    <dimen name="x1051">1381.87dp</dimen>
    <dimen name="x1052">1383.19dp</dimen>
    <dimen name="x1053">1384.50dp</dimen>
    <dimen name="x1054">1385.81dp</dimen>
    <dimen name="x1055">1387.13dp</dimen>
    <dimen name="x1056">1388.44dp</dimen>
    <dimen name="x1057">1389.76dp</dimen>
    <dimen name="x1058">1391.07dp</dimen>
    <dimen name="x1059">1392.39dp</dimen>
    <dimen name="x1060">1393.70dp</dimen>
    <dimen name="x1061">1395.02dp</dimen>
    <dimen name="x1062">1396.33dp</dimen>
    <dimen name="x1063">1397.65dp</dimen>
    <dimen name="x1064">1398.96dp</dimen>
    <dimen name="x1065">1400.28dp</dimen>
    <dimen name="x1066">1401.59dp</dimen>
    <dimen name="x1067">1402.91dp</dimen>
    <dimen name="x1068">1404.22dp</dimen>
    <dimen name="x1069">1405.54dp</dimen>
    <dimen name="x1070">1406.85dp</dimen>
    <dimen name="x1071">1408.17dp</dimen>
    <dimen name="x1072">1409.48dp</dimen>
    <dimen name="x1073">1410.80dp</dimen>
    <dimen name="x1074">1412.11dp</dimen>
    <dimen name="x1075">1413.43dp</dimen>
    <dimen name="x1076">1414.74dp</dimen>
    <dimen name="x1077">1416.06dp</dimen>
    <dimen name="x1078">1417.37dp</dimen>
    <dimen name="x1079">1418.69dp</dimen>
    <dimen name="x1080">1420.00dp</dimen>
</resources>