<?xml version="1.0" encoding="utf-8"?>
<resources>
    <string name="sw_dp">1350dp</string>
    <dimen name="x1">1.25dp</dimen>
    <dimen name="x2">2.50dp</dimen>
    <dimen name="x3">3.75dp</dimen>
    <dimen name="x4">5.00dp</dimen>
    <dimen name="x5">6.25dp</dimen>
    <dimen name="x6">7.50dp</dimen>
    <dimen name="x7">8.75dp</dimen>
    <dimen name="x8">10.00dp</dimen>
    <dimen name="x9">11.25dp</dimen>
    <dimen name="x10">12.50dp</dimen>
    <dimen name="x11">13.75dp</dimen>
    <dimen name="x12">15.00dp</dimen>
    <dimen name="x13">16.25dp</dimen>
    <dimen name="x14">17.50dp</dimen>
    <dimen name="x15">18.75dp</dimen>
    <dimen name="x16">20.00dp</dimen>
    <dimen name="x17">21.25dp</dimen>
    <dimen name="x18">22.50dp</dimen>
    <dimen name="x19">23.75dp</dimen>
    <dimen name="x20">25.00dp</dimen>
    <dimen name="x21">26.25dp</dimen>
    <dimen name="x22">27.50dp</dimen>
    <dimen name="x23">28.75dp</dimen>
    <dimen name="x24">30.00dp</dimen>
    <dimen name="x25">31.25dp</dimen>
    <dimen name="x26">32.50dp</dimen>
    <dimen name="x27">33.75dp</dimen>
    <dimen name="x28">35.00dp</dimen>
    <dimen name="x29">36.25dp</dimen>
    <dimen name="x30">37.50dp</dimen>
    <dimen name="x31">38.75dp</dimen>
    <dimen name="x32">40.00dp</dimen>
    <dimen name="x33">41.25dp</dimen>
    <dimen name="x34">42.50dp</dimen>
    <dimen name="x35">43.75dp</dimen>
    <dimen name="x36">45.00dp</dimen>
    <dimen name="x37">46.25dp</dimen>
    <dimen name="x38">47.50dp</dimen>
    <dimen name="x39">48.75dp</dimen>
    <dimen name="x40">50.00dp</dimen>
    <dimen name="x41">51.25dp</dimen>
    <dimen name="x42">52.50dp</dimen>
    <dimen name="x43">53.75dp</dimen>
    <dimen name="x44">55.00dp</dimen>
    <dimen name="x45">56.25dp</dimen>
    <dimen name="x46">57.50dp</dimen>
    <dimen name="x47">58.75dp</dimen>
    <dimen name="x48">60.00dp</dimen>
    <dimen name="x49">61.25dp</dimen>
    <dimen name="x50">62.50dp</dimen>
    <dimen name="x51">63.75dp</dimen>
    <dimen name="x52">65.00dp</dimen>
    <dimen name="x53">66.25dp</dimen>
    <dimen name="x54">67.50dp</dimen>
    <dimen name="x55">68.75dp</dimen>
    <dimen name="x56">70.00dp</dimen>
    <dimen name="x57">71.25dp</dimen>
    <dimen name="x58">72.50dp</dimen>
    <dimen name="x59">73.75dp</dimen>
    <dimen name="x60">75.00dp</dimen>
    <dimen name="x61">76.25dp</dimen>
    <dimen name="x62">77.50dp</dimen>
    <dimen name="x63">78.75dp</dimen>
    <dimen name="x64">80.00dp</dimen>
    <dimen name="x65">81.25dp</dimen>
    <dimen name="x66">82.50dp</dimen>
    <dimen name="x67">83.75dp</dimen>
    <dimen name="x68">85.00dp</dimen>
    <dimen name="x69">86.25dp</dimen>
    <dimen name="x70">87.50dp</dimen>
    <dimen name="x71">88.75dp</dimen>
    <dimen name="x72">90.00dp</dimen>
    <dimen name="x73">91.25dp</dimen>
    <dimen name="x74">92.50dp</dimen>
    <dimen name="x75">93.75dp</dimen>
    <dimen name="x76">95.00dp</dimen>
    <dimen name="x77">96.25dp</dimen>
    <dimen name="x78">97.50dp</dimen>
    <dimen name="x79">98.75dp</dimen>
    <dimen name="x80">100.00dp</dimen>
    <dimen name="x81">101.25dp</dimen>
    <dimen name="x82">102.50dp</dimen>
    <dimen name="x83">103.75dp</dimen>
    <dimen name="x84">105.00dp</dimen>
    <dimen name="x85">106.25dp</dimen>
    <dimen name="x86">107.50dp</dimen>
    <dimen name="x87">108.75dp</dimen>
    <dimen name="x88">110.00dp</dimen>
    <dimen name="x89">111.25dp</dimen>
    <dimen name="x90">112.50dp</dimen>
    <dimen name="x91">113.75dp</dimen>
    <dimen name="x92">115.00dp</dimen>
    <dimen name="x93">116.25dp</dimen>
    <dimen name="x94">117.50dp</dimen>
    <dimen name="x95">118.75dp</dimen>
    <dimen name="x96">120.00dp</dimen>
    <dimen name="x97">121.25dp</dimen>
    <dimen name="x98">122.50dp</dimen>
    <dimen name="x99">123.75dp</dimen>
    <dimen name="x100">125.00dp</dimen>
    <dimen name="x101">126.25dp</dimen>
    <dimen name="x102">127.50dp</dimen>
    <dimen name="x103">128.75dp</dimen>
    <dimen name="x104">130.00dp</dimen>
    <dimen name="x105">131.25dp</dimen>
    <dimen name="x106">132.50dp</dimen>
    <dimen name="x107">133.75dp</dimen>
    <dimen name="x108">135.00dp</dimen>
    <dimen name="x109">136.25dp</dimen>
    <dimen name="x110">137.50dp</dimen>
    <dimen name="x111">138.75dp</dimen>
    <dimen name="x112">140.00dp</dimen>
    <dimen name="x113">141.25dp</dimen>
    <dimen name="x114">142.50dp</dimen>
    <dimen name="x115">143.75dp</dimen>
    <dimen name="x116">145.00dp</dimen>
    <dimen name="x117">146.25dp</dimen>
    <dimen name="x118">147.50dp</dimen>
    <dimen name="x119">148.75dp</dimen>
    <dimen name="x120">150.00dp</dimen>
    <dimen name="x121">151.25dp</dimen>
    <dimen name="x122">152.50dp</dimen>
    <dimen name="x123">153.75dp</dimen>
    <dimen name="x124">155.00dp</dimen>
    <dimen name="x125">156.25dp</dimen>
    <dimen name="x126">157.50dp</dimen>
    <dimen name="x127">158.75dp</dimen>
    <dimen name="x128">160.00dp</dimen>
    <dimen name="x129">161.25dp</dimen>
    <dimen name="x130">162.50dp</dimen>
    <dimen name="x131">163.75dp</dimen>
    <dimen name="x132">165.00dp</dimen>
    <dimen name="x133">166.25dp</dimen>
    <dimen name="x134">167.50dp</dimen>
    <dimen name="x135">168.75dp</dimen>
    <dimen name="x136">170.00dp</dimen>
    <dimen name="x137">171.25dp</dimen>
    <dimen name="x138">172.50dp</dimen>
    <dimen name="x139">173.75dp</dimen>
    <dimen name="x140">175.00dp</dimen>
    <dimen name="x141">176.25dp</dimen>
    <dimen name="x142">177.50dp</dimen>
    <dimen name="x143">178.75dp</dimen>
    <dimen name="x144">180.00dp</dimen>
    <dimen name="x145">181.25dp</dimen>
    <dimen name="x146">182.50dp</dimen>
    <dimen name="x147">183.75dp</dimen>
    <dimen name="x148">185.00dp</dimen>
    <dimen name="x149">186.25dp</dimen>
    <dimen name="x150">187.50dp</dimen>
    <dimen name="x151">188.75dp</dimen>
    <dimen name="x152">190.00dp</dimen>
    <dimen name="x153">191.25dp</dimen>
    <dimen name="x154">192.50dp</dimen>
    <dimen name="x155">193.75dp</dimen>
    <dimen name="x156">195.00dp</dimen>
    <dimen name="x157">196.25dp</dimen>
    <dimen name="x158">197.50dp</dimen>
    <dimen name="x159">198.75dp</dimen>
    <dimen name="x160">200.00dp</dimen>
    <dimen name="x161">201.25dp</dimen>
    <dimen name="x162">202.50dp</dimen>
    <dimen name="x163">203.75dp</dimen>
    <dimen name="x164">205.00dp</dimen>
    <dimen name="x165">206.25dp</dimen>
    <dimen name="x166">207.50dp</dimen>
    <dimen name="x167">208.75dp</dimen>
    <dimen name="x168">210.00dp</dimen>
    <dimen name="x169">211.25dp</dimen>
    <dimen name="x170">212.50dp</dimen>
    <dimen name="x171">213.75dp</dimen>
    <dimen name="x172">215.00dp</dimen>
    <dimen name="x173">216.25dp</dimen>
    <dimen name="x174">217.50dp</dimen>
    <dimen name="x175">218.75dp</dimen>
    <dimen name="x176">220.00dp</dimen>
    <dimen name="x177">221.25dp</dimen>
    <dimen name="x178">222.50dp</dimen>
    <dimen name="x179">223.75dp</dimen>
    <dimen name="x180">225.00dp</dimen>
    <dimen name="x181">226.25dp</dimen>
    <dimen name="x182">227.50dp</dimen>
    <dimen name="x183">228.75dp</dimen>
    <dimen name="x184">230.00dp</dimen>
    <dimen name="x185">231.25dp</dimen>
    <dimen name="x186">232.50dp</dimen>
    <dimen name="x187">233.75dp</dimen>
    <dimen name="x188">235.00dp</dimen>
    <dimen name="x189">236.25dp</dimen>
    <dimen name="x190">237.50dp</dimen>
    <dimen name="x191">238.75dp</dimen>
    <dimen name="x192">240.00dp</dimen>
    <dimen name="x193">241.25dp</dimen>
    <dimen name="x194">242.50dp</dimen>
    <dimen name="x195">243.75dp</dimen>
    <dimen name="x196">245.00dp</dimen>
    <dimen name="x197">246.25dp</dimen>
    <dimen name="x198">247.50dp</dimen>
    <dimen name="x199">248.75dp</dimen>
    <dimen name="x200">250.00dp</dimen>
    <dimen name="x201">251.25dp</dimen>
    <dimen name="x202">252.50dp</dimen>
    <dimen name="x203">253.75dp</dimen>
    <dimen name="x204">255.00dp</dimen>
    <dimen name="x205">256.25dp</dimen>
    <dimen name="x206">257.50dp</dimen>
    <dimen name="x207">258.75dp</dimen>
    <dimen name="x208">260.00dp</dimen>
    <dimen name="x209">261.25dp</dimen>
    <dimen name="x210">262.50dp</dimen>
    <dimen name="x211">263.75dp</dimen>
    <dimen name="x212">265.00dp</dimen>
    <dimen name="x213">266.25dp</dimen>
    <dimen name="x214">267.50dp</dimen>
    <dimen name="x215">268.75dp</dimen>
    <dimen name="x216">270.00dp</dimen>
    <dimen name="x217">271.25dp</dimen>
    <dimen name="x218">272.50dp</dimen>
    <dimen name="x219">273.75dp</dimen>
    <dimen name="x220">275.00dp</dimen>
    <dimen name="x221">276.25dp</dimen>
    <dimen name="x222">277.50dp</dimen>
    <dimen name="x223">278.75dp</dimen>
    <dimen name="x224">280.00dp</dimen>
    <dimen name="x225">281.25dp</dimen>
    <dimen name="x226">282.50dp</dimen>
    <dimen name="x227">283.75dp</dimen>
    <dimen name="x228">285.00dp</dimen>
    <dimen name="x229">286.25dp</dimen>
    <dimen name="x230">287.50dp</dimen>
    <dimen name="x231">288.75dp</dimen>
    <dimen name="x232">290.00dp</dimen>
    <dimen name="x233">291.25dp</dimen>
    <dimen name="x234">292.50dp</dimen>
    <dimen name="x235">293.75dp</dimen>
    <dimen name="x236">295.00dp</dimen>
    <dimen name="x237">296.25dp</dimen>
    <dimen name="x238">297.50dp</dimen>
    <dimen name="x239">298.75dp</dimen>
    <dimen name="x240">300.00dp</dimen>
    <dimen name="x241">301.25dp</dimen>
    <dimen name="x242">302.50dp</dimen>
    <dimen name="x243">303.75dp</dimen>
    <dimen name="x244">305.00dp</dimen>
    <dimen name="x245">306.25dp</dimen>
    <dimen name="x246">307.50dp</dimen>
    <dimen name="x247">308.75dp</dimen>
    <dimen name="x248">310.00dp</dimen>
    <dimen name="x249">311.25dp</dimen>
    <dimen name="x250">312.50dp</dimen>
    <dimen name="x251">313.75dp</dimen>
    <dimen name="x252">315.00dp</dimen>
    <dimen name="x253">316.25dp</dimen>
    <dimen name="x254">317.50dp</dimen>
    <dimen name="x255">318.75dp</dimen>
    <dimen name="x256">320.00dp</dimen>
    <dimen name="x257">321.25dp</dimen>
    <dimen name="x258">322.50dp</dimen>
    <dimen name="x259">323.75dp</dimen>
    <dimen name="x260">325.00dp</dimen>
    <dimen name="x261">326.25dp</dimen>
    <dimen name="x262">327.50dp</dimen>
    <dimen name="x263">328.75dp</dimen>
    <dimen name="x264">330.00dp</dimen>
    <dimen name="x265">331.25dp</dimen>
    <dimen name="x266">332.50dp</dimen>
    <dimen name="x267">333.75dp</dimen>
    <dimen name="x268">335.00dp</dimen>
    <dimen name="x269">336.25dp</dimen>
    <dimen name="x270">337.50dp</dimen>
    <dimen name="x271">338.75dp</dimen>
    <dimen name="x272">340.00dp</dimen>
    <dimen name="x273">341.25dp</dimen>
    <dimen name="x274">342.50dp</dimen>
    <dimen name="x275">343.75dp</dimen>
    <dimen name="x276">345.00dp</dimen>
    <dimen name="x277">346.25dp</dimen>
    <dimen name="x278">347.50dp</dimen>
    <dimen name="x279">348.75dp</dimen>
    <dimen name="x280">350.00dp</dimen>
    <dimen name="x281">351.25dp</dimen>
    <dimen name="x282">352.50dp</dimen>
    <dimen name="x283">353.75dp</dimen>
    <dimen name="x284">355.00dp</dimen>
    <dimen name="x285">356.25dp</dimen>
    <dimen name="x286">357.50dp</dimen>
    <dimen name="x287">358.75dp</dimen>
    <dimen name="x288">360.00dp</dimen>
    <dimen name="x289">361.25dp</dimen>
    <dimen name="x290">362.50dp</dimen>
    <dimen name="x291">363.75dp</dimen>
    <dimen name="x292">365.00dp</dimen>
    <dimen name="x293">366.25dp</dimen>
    <dimen name="x294">367.50dp</dimen>
    <dimen name="x295">368.75dp</dimen>
    <dimen name="x296">370.00dp</dimen>
    <dimen name="x297">371.25dp</dimen>
    <dimen name="x298">372.50dp</dimen>
    <dimen name="x299">373.75dp</dimen>
    <dimen name="x300">375.00dp</dimen>
    <dimen name="x301">376.25dp</dimen>
    <dimen name="x302">377.50dp</dimen>
    <dimen name="x303">378.75dp</dimen>
    <dimen name="x304">380.00dp</dimen>
    <dimen name="x305">381.25dp</dimen>
    <dimen name="x306">382.50dp</dimen>
    <dimen name="x307">383.75dp</dimen>
    <dimen name="x308">385.00dp</dimen>
    <dimen name="x309">386.25dp</dimen>
    <dimen name="x310">387.50dp</dimen>
    <dimen name="x311">388.75dp</dimen>
    <dimen name="x312">390.00dp</dimen>
    <dimen name="x313">391.25dp</dimen>
    <dimen name="x314">392.50dp</dimen>
    <dimen name="x315">393.75dp</dimen>
    <dimen name="x316">395.00dp</dimen>
    <dimen name="x317">396.25dp</dimen>
    <dimen name="x318">397.50dp</dimen>
    <dimen name="x319">398.75dp</dimen>
    <dimen name="x320">400.00dp</dimen>
    <dimen name="x321">401.25dp</dimen>
    <dimen name="x322">402.50dp</dimen>
    <dimen name="x323">403.75dp</dimen>
    <dimen name="x324">405.00dp</dimen>
    <dimen name="x325">406.25dp</dimen>
    <dimen name="x326">407.50dp</dimen>
    <dimen name="x327">408.75dp</dimen>
    <dimen name="x328">410.00dp</dimen>
    <dimen name="x329">411.25dp</dimen>
    <dimen name="x330">412.50dp</dimen>
    <dimen name="x331">413.75dp</dimen>
    <dimen name="x332">415.00dp</dimen>
    <dimen name="x333">416.25dp</dimen>
    <dimen name="x334">417.50dp</dimen>
    <dimen name="x335">418.75dp</dimen>
    <dimen name="x336">420.00dp</dimen>
    <dimen name="x337">421.25dp</dimen>
    <dimen name="x338">422.50dp</dimen>
    <dimen name="x339">423.75dp</dimen>
    <dimen name="x340">425.00dp</dimen>
    <dimen name="x341">426.25dp</dimen>
    <dimen name="x342">427.50dp</dimen>
    <dimen name="x343">428.75dp</dimen>
    <dimen name="x344">430.00dp</dimen>
    <dimen name="x345">431.25dp</dimen>
    <dimen name="x346">432.50dp</dimen>
    <dimen name="x347">433.75dp</dimen>
    <dimen name="x348">435.00dp</dimen>
    <dimen name="x349">436.25dp</dimen>
    <dimen name="x350">437.50dp</dimen>
    <dimen name="x351">438.75dp</dimen>
    <dimen name="x352">440.00dp</dimen>
    <dimen name="x353">441.25dp</dimen>
    <dimen name="x354">442.50dp</dimen>
    <dimen name="x355">443.75dp</dimen>
    <dimen name="x356">445.00dp</dimen>
    <dimen name="x357">446.25dp</dimen>
    <dimen name="x358">447.50dp</dimen>
    <dimen name="x359">448.75dp</dimen>
    <dimen name="x360">450.00dp</dimen>
    <dimen name="x361">451.25dp</dimen>
    <dimen name="x362">452.50dp</dimen>
    <dimen name="x363">453.75dp</dimen>
    <dimen name="x364">455.00dp</dimen>
    <dimen name="x365">456.25dp</dimen>
    <dimen name="x366">457.50dp</dimen>
    <dimen name="x367">458.75dp</dimen>
    <dimen name="x368">460.00dp</dimen>
    <dimen name="x369">461.25dp</dimen>
    <dimen name="x370">462.50dp</dimen>
    <dimen name="x371">463.75dp</dimen>
    <dimen name="x372">465.00dp</dimen>
    <dimen name="x373">466.25dp</dimen>
    <dimen name="x374">467.50dp</dimen>
    <dimen name="x375">468.75dp</dimen>
    <dimen name="x376">470.00dp</dimen>
    <dimen name="x377">471.25dp</dimen>
    <dimen name="x378">472.50dp</dimen>
    <dimen name="x379">473.75dp</dimen>
    <dimen name="x380">475.00dp</dimen>
    <dimen name="x381">476.25dp</dimen>
    <dimen name="x382">477.50dp</dimen>
    <dimen name="x383">478.75dp</dimen>
    <dimen name="x384">480.00dp</dimen>
    <dimen name="x385">481.25dp</dimen>
    <dimen name="x386">482.50dp</dimen>
    <dimen name="x387">483.75dp</dimen>
    <dimen name="x388">485.00dp</dimen>
    <dimen name="x389">486.25dp</dimen>
    <dimen name="x390">487.50dp</dimen>
    <dimen name="x391">488.75dp</dimen>
    <dimen name="x392">490.00dp</dimen>
    <dimen name="x393">491.25dp</dimen>
    <dimen name="x394">492.50dp</dimen>
    <dimen name="x395">493.75dp</dimen>
    <dimen name="x396">495.00dp</dimen>
    <dimen name="x397">496.25dp</dimen>
    <dimen name="x398">497.50dp</dimen>
    <dimen name="x399">498.75dp</dimen>
    <dimen name="x400">500.00dp</dimen>
    <dimen name="x401">501.25dp</dimen>
    <dimen name="x402">502.50dp</dimen>
    <dimen name="x403">503.75dp</dimen>
    <dimen name="x404">505.00dp</dimen>
    <dimen name="x405">506.25dp</dimen>
    <dimen name="x406">507.50dp</dimen>
    <dimen name="x407">508.75dp</dimen>
    <dimen name="x408">510.00dp</dimen>
    <dimen name="x409">511.25dp</dimen>
    <dimen name="x410">512.50dp</dimen>
    <dimen name="x411">513.75dp</dimen>
    <dimen name="x412">515.00dp</dimen>
    <dimen name="x413">516.25dp</dimen>
    <dimen name="x414">517.50dp</dimen>
    <dimen name="x415">518.75dp</dimen>
    <dimen name="x416">520.00dp</dimen>
    <dimen name="x417">521.25dp</dimen>
    <dimen name="x418">522.50dp</dimen>
    <dimen name="x419">523.75dp</dimen>
    <dimen name="x420">525.00dp</dimen>
    <dimen name="x421">526.25dp</dimen>
    <dimen name="x422">527.50dp</dimen>
    <dimen name="x423">528.75dp</dimen>
    <dimen name="x424">530.00dp</dimen>
    <dimen name="x425">531.25dp</dimen>
    <dimen name="x426">532.50dp</dimen>
    <dimen name="x427">533.75dp</dimen>
    <dimen name="x428">535.00dp</dimen>
    <dimen name="x429">536.25dp</dimen>
    <dimen name="x430">537.50dp</dimen>
    <dimen name="x431">538.75dp</dimen>
    <dimen name="x432">540.00dp</dimen>
    <dimen name="x433">541.25dp</dimen>
    <dimen name="x434">542.50dp</dimen>
    <dimen name="x435">543.75dp</dimen>
    <dimen name="x436">545.00dp</dimen>
    <dimen name="x437">546.25dp</dimen>
    <dimen name="x438">547.50dp</dimen>
    <dimen name="x439">548.75dp</dimen>
    <dimen name="x440">550.00dp</dimen>
    <dimen name="x441">551.25dp</dimen>
    <dimen name="x442">552.50dp</dimen>
    <dimen name="x443">553.75dp</dimen>
    <dimen name="x444">555.00dp</dimen>
    <dimen name="x445">556.25dp</dimen>
    <dimen name="x446">557.50dp</dimen>
    <dimen name="x447">558.75dp</dimen>
    <dimen name="x448">560.00dp</dimen>
    <dimen name="x449">561.25dp</dimen>
    <dimen name="x450">562.50dp</dimen>
    <dimen name="x451">563.75dp</dimen>
    <dimen name="x452">565.00dp</dimen>
    <dimen name="x453">566.25dp</dimen>
    <dimen name="x454">567.50dp</dimen>
    <dimen name="x455">568.75dp</dimen>
    <dimen name="x456">570.00dp</dimen>
    <dimen name="x457">571.25dp</dimen>
    <dimen name="x458">572.50dp</dimen>
    <dimen name="x459">573.75dp</dimen>
    <dimen name="x460">575.00dp</dimen>
    <dimen name="x461">576.25dp</dimen>
    <dimen name="x462">577.50dp</dimen>
    <dimen name="x463">578.75dp</dimen>
    <dimen name="x464">580.00dp</dimen>
    <dimen name="x465">581.25dp</dimen>
    <dimen name="x466">582.50dp</dimen>
    <dimen name="x467">583.75dp</dimen>
    <dimen name="x468">585.00dp</dimen>
    <dimen name="x469">586.25dp</dimen>
    <dimen name="x470">587.50dp</dimen>
    <dimen name="x471">588.75dp</dimen>
    <dimen name="x472">590.00dp</dimen>
    <dimen name="x473">591.25dp</dimen>
    <dimen name="x474">592.50dp</dimen>
    <dimen name="x475">593.75dp</dimen>
    <dimen name="x476">595.00dp</dimen>
    <dimen name="x477">596.25dp</dimen>
    <dimen name="x478">597.50dp</dimen>
    <dimen name="x479">598.75dp</dimen>
    <dimen name="x480">600.00dp</dimen>
    <dimen name="x481">601.25dp</dimen>
    <dimen name="x482">602.50dp</dimen>
    <dimen name="x483">603.75dp</dimen>
    <dimen name="x484">605.00dp</dimen>
    <dimen name="x485">606.25dp</dimen>
    <dimen name="x486">607.50dp</dimen>
    <dimen name="x487">608.75dp</dimen>
    <dimen name="x488">610.00dp</dimen>
    <dimen name="x489">611.25dp</dimen>
    <dimen name="x490">612.50dp</dimen>
    <dimen name="x491">613.75dp</dimen>
    <dimen name="x492">615.00dp</dimen>
    <dimen name="x493">616.25dp</dimen>
    <dimen name="x494">617.50dp</dimen>
    <dimen name="x495">618.75dp</dimen>
    <dimen name="x496">620.00dp</dimen>
    <dimen name="x497">621.25dp</dimen>
    <dimen name="x498">622.50dp</dimen>
    <dimen name="x499">623.75dp</dimen>
    <dimen name="x500">625.00dp</dimen>
    <dimen name="x501">626.25dp</dimen>
    <dimen name="x502">627.50dp</dimen>
    <dimen name="x503">628.75dp</dimen>
    <dimen name="x504">630.00dp</dimen>
    <dimen name="x505">631.25dp</dimen>
    <dimen name="x506">632.50dp</dimen>
    <dimen name="x507">633.75dp</dimen>
    <dimen name="x508">635.00dp</dimen>
    <dimen name="x509">636.25dp</dimen>
    <dimen name="x510">637.50dp</dimen>
    <dimen name="x511">638.75dp</dimen>
    <dimen name="x512">640.00dp</dimen>
    <dimen name="x513">641.25dp</dimen>
    <dimen name="x514">642.50dp</dimen>
    <dimen name="x515">643.75dp</dimen>
    <dimen name="x516">645.00dp</dimen>
    <dimen name="x517">646.25dp</dimen>
    <dimen name="x518">647.50dp</dimen>
    <dimen name="x519">648.75dp</dimen>
    <dimen name="x520">650.00dp</dimen>
    <dimen name="x521">651.25dp</dimen>
    <dimen name="x522">652.50dp</dimen>
    <dimen name="x523">653.75dp</dimen>
    <dimen name="x524">655.00dp</dimen>
    <dimen name="x525">656.25dp</dimen>
    <dimen name="x526">657.50dp</dimen>
    <dimen name="x527">658.75dp</dimen>
    <dimen name="x528">660.00dp</dimen>
    <dimen name="x529">661.25dp</dimen>
    <dimen name="x530">662.50dp</dimen>
    <dimen name="x531">663.75dp</dimen>
    <dimen name="x532">665.00dp</dimen>
    <dimen name="x533">666.25dp</dimen>
    <dimen name="x534">667.50dp</dimen>
    <dimen name="x535">668.75dp</dimen>
    <dimen name="x536">670.00dp</dimen>
    <dimen name="x537">671.25dp</dimen>
    <dimen name="x538">672.50dp</dimen>
    <dimen name="x539">673.75dp</dimen>
    <dimen name="x540">675.00dp</dimen>
    <dimen name="x541">676.25dp</dimen>
    <dimen name="x542">677.50dp</dimen>
    <dimen name="x543">678.75dp</dimen>
    <dimen name="x544">680.00dp</dimen>
    <dimen name="x545">681.25dp</dimen>
    <dimen name="x546">682.50dp</dimen>
    <dimen name="x547">683.75dp</dimen>
    <dimen name="x548">685.00dp</dimen>
    <dimen name="x549">686.25dp</dimen>
    <dimen name="x550">687.50dp</dimen>
    <dimen name="x551">688.75dp</dimen>
    <dimen name="x552">690.00dp</dimen>
    <dimen name="x553">691.25dp</dimen>
    <dimen name="x554">692.50dp</dimen>
    <dimen name="x555">693.75dp</dimen>
    <dimen name="x556">695.00dp</dimen>
    <dimen name="x557">696.25dp</dimen>
    <dimen name="x558">697.50dp</dimen>
    <dimen name="x559">698.75dp</dimen>
    <dimen name="x560">700.00dp</dimen>
    <dimen name="x561">701.25dp</dimen>
    <dimen name="x562">702.50dp</dimen>
    <dimen name="x563">703.75dp</dimen>
    <dimen name="x564">705.00dp</dimen>
    <dimen name="x565">706.25dp</dimen>
    <dimen name="x566">707.50dp</dimen>
    <dimen name="x567">708.75dp</dimen>
    <dimen name="x568">710.00dp</dimen>
    <dimen name="x569">711.25dp</dimen>
    <dimen name="x570">712.50dp</dimen>
    <dimen name="x571">713.75dp</dimen>
    <dimen name="x572">715.00dp</dimen>
    <dimen name="x573">716.25dp</dimen>
    <dimen name="x574">717.50dp</dimen>
    <dimen name="x575">718.75dp</dimen>
    <dimen name="x576">720.00dp</dimen>
    <dimen name="x577">721.25dp</dimen>
    <dimen name="x578">722.50dp</dimen>
    <dimen name="x579">723.75dp</dimen>
    <dimen name="x580">725.00dp</dimen>
    <dimen name="x581">726.25dp</dimen>
    <dimen name="x582">727.50dp</dimen>
    <dimen name="x583">728.75dp</dimen>
    <dimen name="x584">730.00dp</dimen>
    <dimen name="x585">731.25dp</dimen>
    <dimen name="x586">732.50dp</dimen>
    <dimen name="x587">733.75dp</dimen>
    <dimen name="x588">735.00dp</dimen>
    <dimen name="x589">736.25dp</dimen>
    <dimen name="x590">737.50dp</dimen>
    <dimen name="x591">738.75dp</dimen>
    <dimen name="x592">740.00dp</dimen>
    <dimen name="x593">741.25dp</dimen>
    <dimen name="x594">742.50dp</dimen>
    <dimen name="x595">743.75dp</dimen>
    <dimen name="x596">745.00dp</dimen>
    <dimen name="x597">746.25dp</dimen>
    <dimen name="x598">747.50dp</dimen>
    <dimen name="x599">748.75dp</dimen>
    <dimen name="x600">750.00dp</dimen>
    <dimen name="x601">751.25dp</dimen>
    <dimen name="x602">752.50dp</dimen>
    <dimen name="x603">753.75dp</dimen>
    <dimen name="x604">755.00dp</dimen>
    <dimen name="x605">756.25dp</dimen>
    <dimen name="x606">757.50dp</dimen>
    <dimen name="x607">758.75dp</dimen>
    <dimen name="x608">760.00dp</dimen>
    <dimen name="x609">761.25dp</dimen>
    <dimen name="x610">762.50dp</dimen>
    <dimen name="x611">763.75dp</dimen>
    <dimen name="x612">765.00dp</dimen>
    <dimen name="x613">766.25dp</dimen>
    <dimen name="x614">767.50dp</dimen>
    <dimen name="x615">768.75dp</dimen>
    <dimen name="x616">770.00dp</dimen>
    <dimen name="x617">771.25dp</dimen>
    <dimen name="x618">772.50dp</dimen>
    <dimen name="x619">773.75dp</dimen>
    <dimen name="x620">775.00dp</dimen>
    <dimen name="x621">776.25dp</dimen>
    <dimen name="x622">777.50dp</dimen>
    <dimen name="x623">778.75dp</dimen>
    <dimen name="x624">780.00dp</dimen>
    <dimen name="x625">781.25dp</dimen>
    <dimen name="x626">782.50dp</dimen>
    <dimen name="x627">783.75dp</dimen>
    <dimen name="x628">785.00dp</dimen>
    <dimen name="x629">786.25dp</dimen>
    <dimen name="x630">787.50dp</dimen>
    <dimen name="x631">788.75dp</dimen>
    <dimen name="x632">790.00dp</dimen>
    <dimen name="x633">791.25dp</dimen>
    <dimen name="x634">792.50dp</dimen>
    <dimen name="x635">793.75dp</dimen>
    <dimen name="x636">795.00dp</dimen>
    <dimen name="x637">796.25dp</dimen>
    <dimen name="x638">797.50dp</dimen>
    <dimen name="x639">798.75dp</dimen>
    <dimen name="x640">800.00dp</dimen>
    <dimen name="x641">801.25dp</dimen>
    <dimen name="x642">802.50dp</dimen>
    <dimen name="x643">803.75dp</dimen>
    <dimen name="x644">805.00dp</dimen>
    <dimen name="x645">806.25dp</dimen>
    <dimen name="x646">807.50dp</dimen>
    <dimen name="x647">808.75dp</dimen>
    <dimen name="x648">810.00dp</dimen>
    <dimen name="x649">811.25dp</dimen>
    <dimen name="x650">812.50dp</dimen>
    <dimen name="x651">813.75dp</dimen>
    <dimen name="x652">815.00dp</dimen>
    <dimen name="x653">816.25dp</dimen>
    <dimen name="x654">817.50dp</dimen>
    <dimen name="x655">818.75dp</dimen>
    <dimen name="x656">820.00dp</dimen>
    <dimen name="x657">821.25dp</dimen>
    <dimen name="x658">822.50dp</dimen>
    <dimen name="x659">823.75dp</dimen>
    <dimen name="x660">825.00dp</dimen>
    <dimen name="x661">826.25dp</dimen>
    <dimen name="x662">827.50dp</dimen>
    <dimen name="x663">828.75dp</dimen>
    <dimen name="x664">830.00dp</dimen>
    <dimen name="x665">831.25dp</dimen>
    <dimen name="x666">832.50dp</dimen>
    <dimen name="x667">833.75dp</dimen>
    <dimen name="x668">835.00dp</dimen>
    <dimen name="x669">836.25dp</dimen>
    <dimen name="x670">837.50dp</dimen>
    <dimen name="x671">838.75dp</dimen>
    <dimen name="x672">840.00dp</dimen>
    <dimen name="x673">841.25dp</dimen>
    <dimen name="x674">842.50dp</dimen>
    <dimen name="x675">843.75dp</dimen>
    <dimen name="x676">845.00dp</dimen>
    <dimen name="x677">846.25dp</dimen>
    <dimen name="x678">847.50dp</dimen>
    <dimen name="x679">848.75dp</dimen>
    <dimen name="x680">850.00dp</dimen>
    <dimen name="x681">851.25dp</dimen>
    <dimen name="x682">852.50dp</dimen>
    <dimen name="x683">853.75dp</dimen>
    <dimen name="x684">855.00dp</dimen>
    <dimen name="x685">856.25dp</dimen>
    <dimen name="x686">857.50dp</dimen>
    <dimen name="x687">858.75dp</dimen>
    <dimen name="x688">860.00dp</dimen>
    <dimen name="x689">861.25dp</dimen>
    <dimen name="x690">862.50dp</dimen>
    <dimen name="x691">863.75dp</dimen>
    <dimen name="x692">865.00dp</dimen>
    <dimen name="x693">866.25dp</dimen>
    <dimen name="x694">867.50dp</dimen>
    <dimen name="x695">868.75dp</dimen>
    <dimen name="x696">870.00dp</dimen>
    <dimen name="x697">871.25dp</dimen>
    <dimen name="x698">872.50dp</dimen>
    <dimen name="x699">873.75dp</dimen>
    <dimen name="x700">875.00dp</dimen>
    <dimen name="x701">876.25dp</dimen>
    <dimen name="x702">877.50dp</dimen>
    <dimen name="x703">878.75dp</dimen>
    <dimen name="x704">880.00dp</dimen>
    <dimen name="x705">881.25dp</dimen>
    <dimen name="x706">882.50dp</dimen>
    <dimen name="x707">883.75dp</dimen>
    <dimen name="x708">885.00dp</dimen>
    <dimen name="x709">886.25dp</dimen>
    <dimen name="x710">887.50dp</dimen>
    <dimen name="x711">888.75dp</dimen>
    <dimen name="x712">890.00dp</dimen>
    <dimen name="x713">891.25dp</dimen>
    <dimen name="x714">892.50dp</dimen>
    <dimen name="x715">893.75dp</dimen>
    <dimen name="x716">895.00dp</dimen>
    <dimen name="x717">896.25dp</dimen>
    <dimen name="x718">897.50dp</dimen>
    <dimen name="x719">898.75dp</dimen>
    <dimen name="x720">900.00dp</dimen>
    <dimen name="x721">901.25dp</dimen>
    <dimen name="x722">902.50dp</dimen>
    <dimen name="x723">903.75dp</dimen>
    <dimen name="x724">905.00dp</dimen>
    <dimen name="x725">906.25dp</dimen>
    <dimen name="x726">907.50dp</dimen>
    <dimen name="x727">908.75dp</dimen>
    <dimen name="x728">910.00dp</dimen>
    <dimen name="x729">911.25dp</dimen>
    <dimen name="x730">912.50dp</dimen>
    <dimen name="x731">913.75dp</dimen>
    <dimen name="x732">915.00dp</dimen>
    <dimen name="x733">916.25dp</dimen>
    <dimen name="x734">917.50dp</dimen>
    <dimen name="x735">918.75dp</dimen>
    <dimen name="x736">920.00dp</dimen>
    <dimen name="x737">921.25dp</dimen>
    <dimen name="x738">922.50dp</dimen>
    <dimen name="x739">923.75dp</dimen>
    <dimen name="x740">925.00dp</dimen>
    <dimen name="x741">926.25dp</dimen>
    <dimen name="x742">927.50dp</dimen>
    <dimen name="x743">928.75dp</dimen>
    <dimen name="x744">930.00dp</dimen>
    <dimen name="x745">931.25dp</dimen>
    <dimen name="x746">932.50dp</dimen>
    <dimen name="x747">933.75dp</dimen>
    <dimen name="x748">935.00dp</dimen>
    <dimen name="x749">936.25dp</dimen>
    <dimen name="x750">937.50dp</dimen>
    <dimen name="x751">938.75dp</dimen>
    <dimen name="x752">940.00dp</dimen>
    <dimen name="x753">941.25dp</dimen>
    <dimen name="x754">942.50dp</dimen>
    <dimen name="x755">943.75dp</dimen>
    <dimen name="x756">945.00dp</dimen>
    <dimen name="x757">946.25dp</dimen>
    <dimen name="x758">947.50dp</dimen>
    <dimen name="x759">948.75dp</dimen>
    <dimen name="x760">950.00dp</dimen>
    <dimen name="x761">951.25dp</dimen>
    <dimen name="x762">952.50dp</dimen>
    <dimen name="x763">953.75dp</dimen>
    <dimen name="x764">955.00dp</dimen>
    <dimen name="x765">956.25dp</dimen>
    <dimen name="x766">957.50dp</dimen>
    <dimen name="x767">958.75dp</dimen>
    <dimen name="x768">960.00dp</dimen>
    <dimen name="x769">961.25dp</dimen>
    <dimen name="x770">962.50dp</dimen>
    <dimen name="x771">963.75dp</dimen>
    <dimen name="x772">965.00dp</dimen>
    <dimen name="x773">966.25dp</dimen>
    <dimen name="x774">967.50dp</dimen>
    <dimen name="x775">968.75dp</dimen>
    <dimen name="x776">970.00dp</dimen>
    <dimen name="x777">971.25dp</dimen>
    <dimen name="x778">972.50dp</dimen>
    <dimen name="x779">973.75dp</dimen>
    <dimen name="x780">975.00dp</dimen>
    <dimen name="x781">976.25dp</dimen>
    <dimen name="x782">977.50dp</dimen>
    <dimen name="x783">978.75dp</dimen>
    <dimen name="x784">980.00dp</dimen>
    <dimen name="x785">981.25dp</dimen>
    <dimen name="x786">982.50dp</dimen>
    <dimen name="x787">983.75dp</dimen>
    <dimen name="x788">985.00dp</dimen>
    <dimen name="x789">986.25dp</dimen>
    <dimen name="x790">987.50dp</dimen>
    <dimen name="x791">988.75dp</dimen>
    <dimen name="x792">990.00dp</dimen>
    <dimen name="x793">991.25dp</dimen>
    <dimen name="x794">992.50dp</dimen>
    <dimen name="x795">993.75dp</dimen>
    <dimen name="x796">995.00dp</dimen>
    <dimen name="x797">996.25dp</dimen>
    <dimen name="x798">997.50dp</dimen>
    <dimen name="x799">998.75dp</dimen>
    <dimen name="x800">1000.00dp</dimen>
    <dimen name="x801">1001.25dp</dimen>
    <dimen name="x802">1002.50dp</dimen>
    <dimen name="x803">1003.75dp</dimen>
    <dimen name="x804">1005.00dp</dimen>
    <dimen name="x805">1006.25dp</dimen>
    <dimen name="x806">1007.50dp</dimen>
    <dimen name="x807">1008.75dp</dimen>
    <dimen name="x808">1010.00dp</dimen>
    <dimen name="x809">1011.25dp</dimen>
    <dimen name="x810">1012.50dp</dimen>
    <dimen name="x811">1013.75dp</dimen>
    <dimen name="x812">1015.00dp</dimen>
    <dimen name="x813">1016.25dp</dimen>
    <dimen name="x814">1017.50dp</dimen>
    <dimen name="x815">1018.75dp</dimen>
    <dimen name="x816">1020.00dp</dimen>
    <dimen name="x817">1021.25dp</dimen>
    <dimen name="x818">1022.50dp</dimen>
    <dimen name="x819">1023.75dp</dimen>
    <dimen name="x820">1025.00dp</dimen>
    <dimen name="x821">1026.25dp</dimen>
    <dimen name="x822">1027.50dp</dimen>
    <dimen name="x823">1028.75dp</dimen>
    <dimen name="x824">1030.00dp</dimen>
    <dimen name="x825">1031.25dp</dimen>
    <dimen name="x826">1032.50dp</dimen>
    <dimen name="x827">1033.75dp</dimen>
    <dimen name="x828">1035.00dp</dimen>
    <dimen name="x829">1036.25dp</dimen>
    <dimen name="x830">1037.50dp</dimen>
    <dimen name="x831">1038.75dp</dimen>
    <dimen name="x832">1040.00dp</dimen>
    <dimen name="x833">1041.25dp</dimen>
    <dimen name="x834">1042.50dp</dimen>
    <dimen name="x835">1043.75dp</dimen>
    <dimen name="x836">1045.00dp</dimen>
    <dimen name="x837">1046.25dp</dimen>
    <dimen name="x838">1047.50dp</dimen>
    <dimen name="x839">1048.75dp</dimen>
    <dimen name="x840">1050.00dp</dimen>
    <dimen name="x841">1051.25dp</dimen>
    <dimen name="x842">1052.50dp</dimen>
    <dimen name="x843">1053.75dp</dimen>
    <dimen name="x844">1055.00dp</dimen>
    <dimen name="x845">1056.25dp</dimen>
    <dimen name="x846">1057.50dp</dimen>
    <dimen name="x847">1058.75dp</dimen>
    <dimen name="x848">1060.00dp</dimen>
    <dimen name="x849">1061.25dp</dimen>
    <dimen name="x850">1062.50dp</dimen>
    <dimen name="x851">1063.75dp</dimen>
    <dimen name="x852">1065.00dp</dimen>
    <dimen name="x853">1066.25dp</dimen>
    <dimen name="x854">1067.50dp</dimen>
    <dimen name="x855">1068.75dp</dimen>
    <dimen name="x856">1070.00dp</dimen>
    <dimen name="x857">1071.25dp</dimen>
    <dimen name="x858">1072.50dp</dimen>
    <dimen name="x859">1073.75dp</dimen>
    <dimen name="x860">1075.00dp</dimen>
    <dimen name="x861">1076.25dp</dimen>
    <dimen name="x862">1077.50dp</dimen>
    <dimen name="x863">1078.75dp</dimen>
    <dimen name="x864">1080.00dp</dimen>
    <dimen name="x865">1081.25dp</dimen>
    <dimen name="x866">1082.50dp</dimen>
    <dimen name="x867">1083.75dp</dimen>
    <dimen name="x868">1085.00dp</dimen>
    <dimen name="x869">1086.25dp</dimen>
    <dimen name="x870">1087.50dp</dimen>
    <dimen name="x871">1088.75dp</dimen>
    <dimen name="x872">1090.00dp</dimen>
    <dimen name="x873">1091.25dp</dimen>
    <dimen name="x874">1092.50dp</dimen>
    <dimen name="x875">1093.75dp</dimen>
    <dimen name="x876">1095.00dp</dimen>
    <dimen name="x877">1096.25dp</dimen>
    <dimen name="x878">1097.50dp</dimen>
    <dimen name="x879">1098.75dp</dimen>
    <dimen name="x880">1100.00dp</dimen>
    <dimen name="x881">1101.25dp</dimen>
    <dimen name="x882">1102.50dp</dimen>
    <dimen name="x883">1103.75dp</dimen>
    <dimen name="x884">1105.00dp</dimen>
    <dimen name="x885">1106.25dp</dimen>
    <dimen name="x886">1107.50dp</dimen>
    <dimen name="x887">1108.75dp</dimen>
    <dimen name="x888">1110.00dp</dimen>
    <dimen name="x889">1111.25dp</dimen>
    <dimen name="x890">1112.50dp</dimen>
    <dimen name="x891">1113.75dp</dimen>
    <dimen name="x892">1115.00dp</dimen>
    <dimen name="x893">1116.25dp</dimen>
    <dimen name="x894">1117.50dp</dimen>
    <dimen name="x895">1118.75dp</dimen>
    <dimen name="x896">1120.00dp</dimen>
    <dimen name="x897">1121.25dp</dimen>
    <dimen name="x898">1122.50dp</dimen>
    <dimen name="x899">1123.75dp</dimen>
    <dimen name="x900">1125.00dp</dimen>
    <dimen name="x901">1126.25dp</dimen>
    <dimen name="x902">1127.50dp</dimen>
    <dimen name="x903">1128.75dp</dimen>
    <dimen name="x904">1130.00dp</dimen>
    <dimen name="x905">1131.25dp</dimen>
    <dimen name="x906">1132.50dp</dimen>
    <dimen name="x907">1133.75dp</dimen>
    <dimen name="x908">1135.00dp</dimen>
    <dimen name="x909">1136.25dp</dimen>
    <dimen name="x910">1137.50dp</dimen>
    <dimen name="x911">1138.75dp</dimen>
    <dimen name="x912">1140.00dp</dimen>
    <dimen name="x913">1141.25dp</dimen>
    <dimen name="x914">1142.50dp</dimen>
    <dimen name="x915">1143.75dp</dimen>
    <dimen name="x916">1145.00dp</dimen>
    <dimen name="x917">1146.25dp</dimen>
    <dimen name="x918">1147.50dp</dimen>
    <dimen name="x919">1148.75dp</dimen>
    <dimen name="x920">1150.00dp</dimen>
    <dimen name="x921">1151.25dp</dimen>
    <dimen name="x922">1152.50dp</dimen>
    <dimen name="x923">1153.75dp</dimen>
    <dimen name="x924">1155.00dp</dimen>
    <dimen name="x925">1156.25dp</dimen>
    <dimen name="x926">1157.50dp</dimen>
    <dimen name="x927">1158.75dp</dimen>
    <dimen name="x928">1160.00dp</dimen>
    <dimen name="x929">1161.25dp</dimen>
    <dimen name="x930">1162.50dp</dimen>
    <dimen name="x931">1163.75dp</dimen>
    <dimen name="x932">1165.00dp</dimen>
    <dimen name="x933">1166.25dp</dimen>
    <dimen name="x934">1167.50dp</dimen>
    <dimen name="x935">1168.75dp</dimen>
    <dimen name="x936">1170.00dp</dimen>
    <dimen name="x937">1171.25dp</dimen>
    <dimen name="x938">1172.50dp</dimen>
    <dimen name="x939">1173.75dp</dimen>
    <dimen name="x940">1175.00dp</dimen>
    <dimen name="x941">1176.25dp</dimen>
    <dimen name="x942">1177.50dp</dimen>
    <dimen name="x943">1178.75dp</dimen>
    <dimen name="x944">1180.00dp</dimen>
    <dimen name="x945">1181.25dp</dimen>
    <dimen name="x946">1182.50dp</dimen>
    <dimen name="x947">1183.75dp</dimen>
    <dimen name="x948">1185.00dp</dimen>
    <dimen name="x949">1186.25dp</dimen>
    <dimen name="x950">1187.50dp</dimen>
    <dimen name="x951">1188.75dp</dimen>
    <dimen name="x952">1190.00dp</dimen>
    <dimen name="x953">1191.25dp</dimen>
    <dimen name="x954">1192.50dp</dimen>
    <dimen name="x955">1193.75dp</dimen>
    <dimen name="x956">1195.00dp</dimen>
    <dimen name="x957">1196.25dp</dimen>
    <dimen name="x958">1197.50dp</dimen>
    <dimen name="x959">1198.75dp</dimen>
    <dimen name="x960">1200.00dp</dimen>
    <dimen name="x961">1201.25dp</dimen>
    <dimen name="x962">1202.50dp</dimen>
    <dimen name="x963">1203.75dp</dimen>
    <dimen name="x964">1205.00dp</dimen>
    <dimen name="x965">1206.25dp</dimen>
    <dimen name="x966">1207.50dp</dimen>
    <dimen name="x967">1208.75dp</dimen>
    <dimen name="x968">1210.00dp</dimen>
    <dimen name="x969">1211.25dp</dimen>
    <dimen name="x970">1212.50dp</dimen>
    <dimen name="x971">1213.75dp</dimen>
    <dimen name="x972">1215.00dp</dimen>
    <dimen name="x973">1216.25dp</dimen>
    <dimen name="x974">1217.50dp</dimen>
    <dimen name="x975">1218.75dp</dimen>
    <dimen name="x976">1220.00dp</dimen>
    <dimen name="x977">1221.25dp</dimen>
    <dimen name="x978">1222.50dp</dimen>
    <dimen name="x979">1223.75dp</dimen>
    <dimen name="x980">1225.00dp</dimen>
    <dimen name="x981">1226.25dp</dimen>
    <dimen name="x982">1227.50dp</dimen>
    <dimen name="x983">1228.75dp</dimen>
    <dimen name="x984">1230.00dp</dimen>
    <dimen name="x985">1231.25dp</dimen>
    <dimen name="x986">1232.50dp</dimen>
    <dimen name="x987">1233.75dp</dimen>
    <dimen name="x988">1235.00dp</dimen>
    <dimen name="x989">1236.25dp</dimen>
    <dimen name="x990">1237.50dp</dimen>
    <dimen name="x991">1238.75dp</dimen>
    <dimen name="x992">1240.00dp</dimen>
    <dimen name="x993">1241.25dp</dimen>
    <dimen name="x994">1242.50dp</dimen>
    <dimen name="x995">1243.75dp</dimen>
    <dimen name="x996">1245.00dp</dimen>
    <dimen name="x997">1246.25dp</dimen>
    <dimen name="x998">1247.50dp</dimen>
    <dimen name="x999">1248.75dp</dimen>
    <dimen name="x1000">1250.00dp</dimen>
    <dimen name="x1001">1251.25dp</dimen>
    <dimen name="x1002">1252.50dp</dimen>
    <dimen name="x1003">1253.75dp</dimen>
    <dimen name="x1004">1255.00dp</dimen>
    <dimen name="x1005">1256.25dp</dimen>
    <dimen name="x1006">1257.50dp</dimen>
    <dimen name="x1007">1258.75dp</dimen>
    <dimen name="x1008">1260.00dp</dimen>
    <dimen name="x1009">1261.25dp</dimen>
    <dimen name="x1010">1262.50dp</dimen>
    <dimen name="x1011">1263.75dp</dimen>
    <dimen name="x1012">1265.00dp</dimen>
    <dimen name="x1013">1266.25dp</dimen>
    <dimen name="x1014">1267.50dp</dimen>
    <dimen name="x1015">1268.75dp</dimen>
    <dimen name="x1016">1270.00dp</dimen>
    <dimen name="x1017">1271.25dp</dimen>
    <dimen name="x1018">1272.50dp</dimen>
    <dimen name="x1019">1273.75dp</dimen>
    <dimen name="x1020">1275.00dp</dimen>
    <dimen name="x1021">1276.25dp</dimen>
    <dimen name="x1022">1277.50dp</dimen>
    <dimen name="x1023">1278.75dp</dimen>
    <dimen name="x1024">1280.00dp</dimen>
    <dimen name="x1025">1281.25dp</dimen>
    <dimen name="x1026">1282.50dp</dimen>
    <dimen name="x1027">1283.75dp</dimen>
    <dimen name="x1028">1285.00dp</dimen>
    <dimen name="x1029">1286.25dp</dimen>
    <dimen name="x1030">1287.50dp</dimen>
    <dimen name="x1031">1288.75dp</dimen>
    <dimen name="x1032">1290.00dp</dimen>
    <dimen name="x1033">1291.25dp</dimen>
    <dimen name="x1034">1292.50dp</dimen>
    <dimen name="x1035">1293.75dp</dimen>
    <dimen name="x1036">1295.00dp</dimen>
    <dimen name="x1037">1296.25dp</dimen>
    <dimen name="x1038">1297.50dp</dimen>
    <dimen name="x1039">1298.75dp</dimen>
    <dimen name="x1040">1300.00dp</dimen>
    <dimen name="x1041">1301.25dp</dimen>
    <dimen name="x1042">1302.50dp</dimen>
    <dimen name="x1043">1303.75dp</dimen>
    <dimen name="x1044">1305.00dp</dimen>
    <dimen name="x1045">1306.25dp</dimen>
    <dimen name="x1046">1307.50dp</dimen>
    <dimen name="x1047">1308.75dp</dimen>
    <dimen name="x1048">1310.00dp</dimen>
    <dimen name="x1049">1311.25dp</dimen>
    <dimen name="x1050">1312.50dp</dimen>
    <dimen name="x1051">1313.75dp</dimen>
    <dimen name="x1052">1315.00dp</dimen>
    <dimen name="x1053">1316.25dp</dimen>
    <dimen name="x1054">1317.50dp</dimen>
    <dimen name="x1055">1318.75dp</dimen>
    <dimen name="x1056">1320.00dp</dimen>
    <dimen name="x1057">1321.25dp</dimen>
    <dimen name="x1058">1322.50dp</dimen>
    <dimen name="x1059">1323.75dp</dimen>
    <dimen name="x1060">1325.00dp</dimen>
    <dimen name="x1061">1326.25dp</dimen>
    <dimen name="x1062">1327.50dp</dimen>
    <dimen name="x1063">1328.75dp</dimen>
    <dimen name="x1064">1330.00dp</dimen>
    <dimen name="x1065">1331.25dp</dimen>
    <dimen name="x1066">1332.50dp</dimen>
    <dimen name="x1067">1333.75dp</dimen>
    <dimen name="x1068">1335.00dp</dimen>
    <dimen name="x1069">1336.25dp</dimen>
    <dimen name="x1070">1337.50dp</dimen>
    <dimen name="x1071">1338.75dp</dimen>
    <dimen name="x1072">1340.00dp</dimen>
    <dimen name="x1073">1341.25dp</dimen>
    <dimen name="x1074">1342.50dp</dimen>
    <dimen name="x1075">1343.75dp</dimen>
    <dimen name="x1076">1345.00dp</dimen>
    <dimen name="x1077">1346.25dp</dimen>
    <dimen name="x1078">1347.50dp</dimen>
    <dimen name="x1079">1348.75dp</dimen>
    <dimen name="x1080">1350.00dp</dimen>
</resources>