<?xml version="1.0" encoding="utf-8"?>
<resources>
    <string name="sw_dp">390dp</string>
    <dimen name="x1">0.36dp</dimen>
    <dimen name="x2">0.72dp</dimen>
    <dimen name="x3">1.08dp</dimen>
    <dimen name="x4">1.44dp</dimen>
    <dimen name="x5">1.81dp</dimen>
    <dimen name="x6">2.17dp</dimen>
    <dimen name="x7">2.53dp</dimen>
    <dimen name="x8">2.89dp</dimen>
    <dimen name="x9">3.25dp</dimen>
    <dimen name="x10">3.61dp</dimen>
    <dimen name="x11">3.97dp</dimen>
    <dimen name="x12">4.33dp</dimen>
    <dimen name="x13">4.69dp</dimen>
    <dimen name="x14">5.06dp</dimen>
    <dimen name="x15">5.42dp</dimen>
    <dimen name="x16">5.78dp</dimen>
    <dimen name="x17">6.14dp</dimen>
    <dimen name="x18">6.50dp</dimen>
    <dimen name="x19">6.86dp</dimen>
    <dimen name="x20">7.22dp</dimen>
    <dimen name="x21">7.58dp</dimen>
    <dimen name="x22">7.94dp</dimen>
    <dimen name="x23">8.31dp</dimen>
    <dimen name="x24">8.67dp</dimen>
    <dimen name="x25">9.03dp</dimen>
    <dimen name="x26">9.39dp</dimen>
    <dimen name="x27">9.75dp</dimen>
    <dimen name="x28">10.11dp</dimen>
    <dimen name="x29">10.47dp</dimen>
    <dimen name="x30">10.83dp</dimen>
    <dimen name="x31">11.19dp</dimen>
    <dimen name="x32">11.56dp</dimen>
    <dimen name="x33">11.92dp</dimen>
    <dimen name="x34">12.28dp</dimen>
    <dimen name="x35">12.64dp</dimen>
    <dimen name="x36">13.00dp</dimen>
    <dimen name="x37">13.36dp</dimen>
    <dimen name="x38">13.72dp</dimen>
    <dimen name="x39">14.08dp</dimen>
    <dimen name="x40">14.44dp</dimen>
    <dimen name="x41">14.81dp</dimen>
    <dimen name="x42">15.17dp</dimen>
    <dimen name="x43">15.53dp</dimen>
    <dimen name="x44">15.89dp</dimen>
    <dimen name="x45">16.25dp</dimen>
    <dimen name="x46">16.61dp</dimen>
    <dimen name="x47">16.97dp</dimen>
    <dimen name="x48">17.33dp</dimen>
    <dimen name="x49">17.69dp</dimen>
    <dimen name="x50">18.06dp</dimen>
    <dimen name="x51">18.42dp</dimen>
    <dimen name="x52">18.78dp</dimen>
    <dimen name="x53">19.14dp</dimen>
    <dimen name="x54">19.50dp</dimen>
    <dimen name="x55">19.86dp</dimen>
    <dimen name="x56">20.22dp</dimen>
    <dimen name="x57">20.58dp</dimen>
    <dimen name="x58">20.94dp</dimen>
    <dimen name="x59">21.31dp</dimen>
    <dimen name="x60">21.67dp</dimen>
    <dimen name="x61">22.03dp</dimen>
    <dimen name="x62">22.39dp</dimen>
    <dimen name="x63">22.75dp</dimen>
    <dimen name="x64">23.11dp</dimen>
    <dimen name="x65">23.47dp</dimen>
    <dimen name="x66">23.83dp</dimen>
    <dimen name="x67">24.19dp</dimen>
    <dimen name="x68">24.56dp</dimen>
    <dimen name="x69">24.92dp</dimen>
    <dimen name="x70">25.28dp</dimen>
    <dimen name="x71">25.64dp</dimen>
    <dimen name="x72">26.00dp</dimen>
    <dimen name="x73">26.36dp</dimen>
    <dimen name="x74">26.72dp</dimen>
    <dimen name="x75">27.08dp</dimen>
    <dimen name="x76">27.44dp</dimen>
    <dimen name="x77">27.81dp</dimen>
    <dimen name="x78">28.17dp</dimen>
    <dimen name="x79">28.53dp</dimen>
    <dimen name="x80">28.89dp</dimen>
    <dimen name="x81">29.25dp</dimen>
    <dimen name="x82">29.61dp</dimen>
    <dimen name="x83">29.97dp</dimen>
    <dimen name="x84">30.33dp</dimen>
    <dimen name="x85">30.69dp</dimen>
    <dimen name="x86">31.06dp</dimen>
    <dimen name="x87">31.42dp</dimen>
    <dimen name="x88">31.78dp</dimen>
    <dimen name="x89">32.14dp</dimen>
    <dimen name="x90">32.50dp</dimen>
    <dimen name="x91">32.86dp</dimen>
    <dimen name="x92">33.22dp</dimen>
    <dimen name="x93">33.58dp</dimen>
    <dimen name="x94">33.94dp</dimen>
    <dimen name="x95">34.31dp</dimen>
    <dimen name="x96">34.67dp</dimen>
    <dimen name="x97">35.03dp</dimen>
    <dimen name="x98">35.39dp</dimen>
    <dimen name="x99">35.75dp</dimen>
    <dimen name="x100">36.11dp</dimen>
    <dimen name="x101">36.47dp</dimen>
    <dimen name="x102">36.83dp</dimen>
    <dimen name="x103">37.19dp</dimen>
    <dimen name="x104">37.56dp</dimen>
    <dimen name="x105">37.92dp</dimen>
    <dimen name="x106">38.28dp</dimen>
    <dimen name="x107">38.64dp</dimen>
    <dimen name="x108">39.00dp</dimen>
    <dimen name="x109">39.36dp</dimen>
    <dimen name="x110">39.72dp</dimen>
    <dimen name="x111">40.08dp</dimen>
    <dimen name="x112">40.44dp</dimen>
    <dimen name="x113">40.81dp</dimen>
    <dimen name="x114">41.17dp</dimen>
    <dimen name="x115">41.53dp</dimen>
    <dimen name="x116">41.89dp</dimen>
    <dimen name="x117">42.25dp</dimen>
    <dimen name="x118">42.61dp</dimen>
    <dimen name="x119">42.97dp</dimen>
    <dimen name="x120">43.33dp</dimen>
    <dimen name="x121">43.69dp</dimen>
    <dimen name="x122">44.06dp</dimen>
    <dimen name="x123">44.42dp</dimen>
    <dimen name="x124">44.78dp</dimen>
    <dimen name="x125">45.14dp</dimen>
    <dimen name="x126">45.50dp</dimen>
    <dimen name="x127">45.86dp</dimen>
    <dimen name="x128">46.22dp</dimen>
    <dimen name="x129">46.58dp</dimen>
    <dimen name="x130">46.94dp</dimen>
    <dimen name="x131">47.31dp</dimen>
    <dimen name="x132">47.67dp</dimen>
    <dimen name="x133">48.03dp</dimen>
    <dimen name="x134">48.39dp</dimen>
    <dimen name="x135">48.75dp</dimen>
    <dimen name="x136">49.11dp</dimen>
    <dimen name="x137">49.47dp</dimen>
    <dimen name="x138">49.83dp</dimen>
    <dimen name="x139">50.19dp</dimen>
    <dimen name="x140">50.56dp</dimen>
    <dimen name="x141">50.92dp</dimen>
    <dimen name="x142">51.28dp</dimen>
    <dimen name="x143">51.64dp</dimen>
    <dimen name="x144">52.00dp</dimen>
    <dimen name="x145">52.36dp</dimen>
    <dimen name="x146">52.72dp</dimen>
    <dimen name="x147">53.08dp</dimen>
    <dimen name="x148">53.44dp</dimen>
    <dimen name="x149">53.81dp</dimen>
    <dimen name="x150">54.17dp</dimen>
    <dimen name="x151">54.53dp</dimen>
    <dimen name="x152">54.89dp</dimen>
    <dimen name="x153">55.25dp</dimen>
    <dimen name="x154">55.61dp</dimen>
    <dimen name="x155">55.97dp</dimen>
    <dimen name="x156">56.33dp</dimen>
    <dimen name="x157">56.69dp</dimen>
    <dimen name="x158">57.06dp</dimen>
    <dimen name="x159">57.42dp</dimen>
    <dimen name="x160">57.78dp</dimen>
    <dimen name="x161">58.14dp</dimen>
    <dimen name="x162">58.50dp</dimen>
    <dimen name="x163">58.86dp</dimen>
    <dimen name="x164">59.22dp</dimen>
    <dimen name="x165">59.58dp</dimen>
    <dimen name="x166">59.94dp</dimen>
    <dimen name="x167">60.31dp</dimen>
    <dimen name="x168">60.67dp</dimen>
    <dimen name="x169">61.03dp</dimen>
    <dimen name="x170">61.39dp</dimen>
    <dimen name="x171">61.75dp</dimen>
    <dimen name="x172">62.11dp</dimen>
    <dimen name="x173">62.47dp</dimen>
    <dimen name="x174">62.83dp</dimen>
    <dimen name="x175">63.19dp</dimen>
    <dimen name="x176">63.56dp</dimen>
    <dimen name="x177">63.92dp</dimen>
    <dimen name="x178">64.28dp</dimen>
    <dimen name="x179">64.64dp</dimen>
    <dimen name="x180">65.00dp</dimen>
    <dimen name="x181">65.36dp</dimen>
    <dimen name="x182">65.72dp</dimen>
    <dimen name="x183">66.08dp</dimen>
    <dimen name="x184">66.44dp</dimen>
    <dimen name="x185">66.81dp</dimen>
    <dimen name="x186">67.17dp</dimen>
    <dimen name="x187">67.53dp</dimen>
    <dimen name="x188">67.89dp</dimen>
    <dimen name="x189">68.25dp</dimen>
    <dimen name="x190">68.61dp</dimen>
    <dimen name="x191">68.97dp</dimen>
    <dimen name="x192">69.33dp</dimen>
    <dimen name="x193">69.69dp</dimen>
    <dimen name="x194">70.06dp</dimen>
    <dimen name="x195">70.42dp</dimen>
    <dimen name="x196">70.78dp</dimen>
    <dimen name="x197">71.14dp</dimen>
    <dimen name="x198">71.50dp</dimen>
    <dimen name="x199">71.86dp</dimen>
    <dimen name="x200">72.22dp</dimen>
    <dimen name="x201">72.58dp</dimen>
    <dimen name="x202">72.94dp</dimen>
    <dimen name="x203">73.31dp</dimen>
    <dimen name="x204">73.67dp</dimen>
    <dimen name="x205">74.03dp</dimen>
    <dimen name="x206">74.39dp</dimen>
    <dimen name="x207">74.75dp</dimen>
    <dimen name="x208">75.11dp</dimen>
    <dimen name="x209">75.47dp</dimen>
    <dimen name="x210">75.83dp</dimen>
    <dimen name="x211">76.19dp</dimen>
    <dimen name="x212">76.56dp</dimen>
    <dimen name="x213">76.92dp</dimen>
    <dimen name="x214">77.28dp</dimen>
    <dimen name="x215">77.64dp</dimen>
    <dimen name="x216">78.00dp</dimen>
    <dimen name="x217">78.36dp</dimen>
    <dimen name="x218">78.72dp</dimen>
    <dimen name="x219">79.08dp</dimen>
    <dimen name="x220">79.44dp</dimen>
    <dimen name="x221">79.81dp</dimen>
    <dimen name="x222">80.17dp</dimen>
    <dimen name="x223">80.53dp</dimen>
    <dimen name="x224">80.89dp</dimen>
    <dimen name="x225">81.25dp</dimen>
    <dimen name="x226">81.61dp</dimen>
    <dimen name="x227">81.97dp</dimen>
    <dimen name="x228">82.33dp</dimen>
    <dimen name="x229">82.69dp</dimen>
    <dimen name="x230">83.06dp</dimen>
    <dimen name="x231">83.42dp</dimen>
    <dimen name="x232">83.78dp</dimen>
    <dimen name="x233">84.14dp</dimen>
    <dimen name="x234">84.50dp</dimen>
    <dimen name="x235">84.86dp</dimen>
    <dimen name="x236">85.22dp</dimen>
    <dimen name="x237">85.58dp</dimen>
    <dimen name="x238">85.94dp</dimen>
    <dimen name="x239">86.31dp</dimen>
    <dimen name="x240">86.67dp</dimen>
    <dimen name="x241">87.03dp</dimen>
    <dimen name="x242">87.39dp</dimen>
    <dimen name="x243">87.75dp</dimen>
    <dimen name="x244">88.11dp</dimen>
    <dimen name="x245">88.47dp</dimen>
    <dimen name="x246">88.83dp</dimen>
    <dimen name="x247">89.19dp</dimen>
    <dimen name="x248">89.56dp</dimen>
    <dimen name="x249">89.92dp</dimen>
    <dimen name="x250">90.28dp</dimen>
    <dimen name="x251">90.64dp</dimen>
    <dimen name="x252">91.00dp</dimen>
    <dimen name="x253">91.36dp</dimen>
    <dimen name="x254">91.72dp</dimen>
    <dimen name="x255">92.08dp</dimen>
    <dimen name="x256">92.44dp</dimen>
    <dimen name="x257">92.81dp</dimen>
    <dimen name="x258">93.17dp</dimen>
    <dimen name="x259">93.53dp</dimen>
    <dimen name="x260">93.89dp</dimen>
    <dimen name="x261">94.25dp</dimen>
    <dimen name="x262">94.61dp</dimen>
    <dimen name="x263">94.97dp</dimen>
    <dimen name="x264">95.33dp</dimen>
    <dimen name="x265">95.69dp</dimen>
    <dimen name="x266">96.06dp</dimen>
    <dimen name="x267">96.42dp</dimen>
    <dimen name="x268">96.78dp</dimen>
    <dimen name="x269">97.14dp</dimen>
    <dimen name="x270">97.50dp</dimen>
    <dimen name="x271">97.86dp</dimen>
    <dimen name="x272">98.22dp</dimen>
    <dimen name="x273">98.58dp</dimen>
    <dimen name="x274">98.94dp</dimen>
    <dimen name="x275">99.31dp</dimen>
    <dimen name="x276">99.67dp</dimen>
    <dimen name="x277">100.03dp</dimen>
    <dimen name="x278">100.39dp</dimen>
    <dimen name="x279">100.75dp</dimen>
    <dimen name="x280">101.11dp</dimen>
    <dimen name="x281">101.47dp</dimen>
    <dimen name="x282">101.83dp</dimen>
    <dimen name="x283">102.19dp</dimen>
    <dimen name="x284">102.56dp</dimen>
    <dimen name="x285">102.92dp</dimen>
    <dimen name="x286">103.28dp</dimen>
    <dimen name="x287">103.64dp</dimen>
    <dimen name="x288">104.00dp</dimen>
    <dimen name="x289">104.36dp</dimen>
    <dimen name="x290">104.72dp</dimen>
    <dimen name="x291">105.08dp</dimen>
    <dimen name="x292">105.44dp</dimen>
    <dimen name="x293">105.81dp</dimen>
    <dimen name="x294">106.17dp</dimen>
    <dimen name="x295">106.53dp</dimen>
    <dimen name="x296">106.89dp</dimen>
    <dimen name="x297">107.25dp</dimen>
    <dimen name="x298">107.61dp</dimen>
    <dimen name="x299">107.97dp</dimen>
    <dimen name="x300">108.33dp</dimen>
    <dimen name="x301">108.69dp</dimen>
    <dimen name="x302">109.06dp</dimen>
    <dimen name="x303">109.42dp</dimen>
    <dimen name="x304">109.78dp</dimen>
    <dimen name="x305">110.14dp</dimen>
    <dimen name="x306">110.50dp</dimen>
    <dimen name="x307">110.86dp</dimen>
    <dimen name="x308">111.22dp</dimen>
    <dimen name="x309">111.58dp</dimen>
    <dimen name="x310">111.94dp</dimen>
    <dimen name="x311">112.31dp</dimen>
    <dimen name="x312">112.67dp</dimen>
    <dimen name="x313">113.03dp</dimen>
    <dimen name="x314">113.39dp</dimen>
    <dimen name="x315">113.75dp</dimen>
    <dimen name="x316">114.11dp</dimen>
    <dimen name="x317">114.47dp</dimen>
    <dimen name="x318">114.83dp</dimen>
    <dimen name="x319">115.19dp</dimen>
    <dimen name="x320">115.56dp</dimen>
    <dimen name="x321">115.92dp</dimen>
    <dimen name="x322">116.28dp</dimen>
    <dimen name="x323">116.64dp</dimen>
    <dimen name="x324">117.00dp</dimen>
    <dimen name="x325">117.36dp</dimen>
    <dimen name="x326">117.72dp</dimen>
    <dimen name="x327">118.08dp</dimen>
    <dimen name="x328">118.44dp</dimen>
    <dimen name="x329">118.81dp</dimen>
    <dimen name="x330">119.17dp</dimen>
    <dimen name="x331">119.53dp</dimen>
    <dimen name="x332">119.89dp</dimen>
    <dimen name="x333">120.25dp</dimen>
    <dimen name="x334">120.61dp</dimen>
    <dimen name="x335">120.97dp</dimen>
    <dimen name="x336">121.33dp</dimen>
    <dimen name="x337">121.69dp</dimen>
    <dimen name="x338">122.06dp</dimen>
    <dimen name="x339">122.42dp</dimen>
    <dimen name="x340">122.78dp</dimen>
    <dimen name="x341">123.14dp</dimen>
    <dimen name="x342">123.50dp</dimen>
    <dimen name="x343">123.86dp</dimen>
    <dimen name="x344">124.22dp</dimen>
    <dimen name="x345">124.58dp</dimen>
    <dimen name="x346">124.94dp</dimen>
    <dimen name="x347">125.31dp</dimen>
    <dimen name="x348">125.67dp</dimen>
    <dimen name="x349">126.03dp</dimen>
    <dimen name="x350">126.39dp</dimen>
    <dimen name="x351">126.75dp</dimen>
    <dimen name="x352">127.11dp</dimen>
    <dimen name="x353">127.47dp</dimen>
    <dimen name="x354">127.83dp</dimen>
    <dimen name="x355">128.19dp</dimen>
    <dimen name="x356">128.56dp</dimen>
    <dimen name="x357">128.92dp</dimen>
    <dimen name="x358">129.28dp</dimen>
    <dimen name="x359">129.64dp</dimen>
    <dimen name="x360">130.00dp</dimen>
    <dimen name="x361">130.36dp</dimen>
    <dimen name="x362">130.72dp</dimen>
    <dimen name="x363">131.08dp</dimen>
    <dimen name="x364">131.44dp</dimen>
    <dimen name="x365">131.81dp</dimen>
    <dimen name="x366">132.17dp</dimen>
    <dimen name="x367">132.53dp</dimen>
    <dimen name="x368">132.89dp</dimen>
    <dimen name="x369">133.25dp</dimen>
    <dimen name="x370">133.61dp</dimen>
    <dimen name="x371">133.97dp</dimen>
    <dimen name="x372">134.33dp</dimen>
    <dimen name="x373">134.69dp</dimen>
    <dimen name="x374">135.06dp</dimen>
    <dimen name="x375">135.42dp</dimen>
    <dimen name="x376">135.78dp</dimen>
    <dimen name="x377">136.14dp</dimen>
    <dimen name="x378">136.50dp</dimen>
    <dimen name="x379">136.86dp</dimen>
    <dimen name="x380">137.22dp</dimen>
    <dimen name="x381">137.58dp</dimen>
    <dimen name="x382">137.94dp</dimen>
    <dimen name="x383">138.31dp</dimen>
    <dimen name="x384">138.67dp</dimen>
    <dimen name="x385">139.03dp</dimen>
    <dimen name="x386">139.39dp</dimen>
    <dimen name="x387">139.75dp</dimen>
    <dimen name="x388">140.11dp</dimen>
    <dimen name="x389">140.47dp</dimen>
    <dimen name="x390">140.83dp</dimen>
    <dimen name="x391">141.19dp</dimen>
    <dimen name="x392">141.56dp</dimen>
    <dimen name="x393">141.92dp</dimen>
    <dimen name="x394">142.28dp</dimen>
    <dimen name="x395">142.64dp</dimen>
    <dimen name="x396">143.00dp</dimen>
    <dimen name="x397">143.36dp</dimen>
    <dimen name="x398">143.72dp</dimen>
    <dimen name="x399">144.08dp</dimen>
    <dimen name="x400">144.44dp</dimen>
    <dimen name="x401">144.81dp</dimen>
    <dimen name="x402">145.17dp</dimen>
    <dimen name="x403">145.53dp</dimen>
    <dimen name="x404">145.89dp</dimen>
    <dimen name="x405">146.25dp</dimen>
    <dimen name="x406">146.61dp</dimen>
    <dimen name="x407">146.97dp</dimen>
    <dimen name="x408">147.33dp</dimen>
    <dimen name="x409">147.69dp</dimen>
    <dimen name="x410">148.06dp</dimen>
    <dimen name="x411">148.42dp</dimen>
    <dimen name="x412">148.78dp</dimen>
    <dimen name="x413">149.14dp</dimen>
    <dimen name="x414">149.50dp</dimen>
    <dimen name="x415">149.86dp</dimen>
    <dimen name="x416">150.22dp</dimen>
    <dimen name="x417">150.58dp</dimen>
    <dimen name="x418">150.94dp</dimen>
    <dimen name="x419">151.31dp</dimen>
    <dimen name="x420">151.67dp</dimen>
    <dimen name="x421">152.03dp</dimen>
    <dimen name="x422">152.39dp</dimen>
    <dimen name="x423">152.75dp</dimen>
    <dimen name="x424">153.11dp</dimen>
    <dimen name="x425">153.47dp</dimen>
    <dimen name="x426">153.83dp</dimen>
    <dimen name="x427">154.19dp</dimen>
    <dimen name="x428">154.56dp</dimen>
    <dimen name="x429">154.92dp</dimen>
    <dimen name="x430">155.28dp</dimen>
    <dimen name="x431">155.64dp</dimen>
    <dimen name="x432">156.00dp</dimen>
    <dimen name="x433">156.36dp</dimen>
    <dimen name="x434">156.72dp</dimen>
    <dimen name="x435">157.08dp</dimen>
    <dimen name="x436">157.44dp</dimen>
    <dimen name="x437">157.81dp</dimen>
    <dimen name="x438">158.17dp</dimen>
    <dimen name="x439">158.53dp</dimen>
    <dimen name="x440">158.89dp</dimen>
    <dimen name="x441">159.25dp</dimen>
    <dimen name="x442">159.61dp</dimen>
    <dimen name="x443">159.97dp</dimen>
    <dimen name="x444">160.33dp</dimen>
    <dimen name="x445">160.69dp</dimen>
    <dimen name="x446">161.06dp</dimen>
    <dimen name="x447">161.42dp</dimen>
    <dimen name="x448">161.78dp</dimen>
    <dimen name="x449">162.14dp</dimen>
    <dimen name="x450">162.50dp</dimen>
    <dimen name="x451">162.86dp</dimen>
    <dimen name="x452">163.22dp</dimen>
    <dimen name="x453">163.58dp</dimen>
    <dimen name="x454">163.94dp</dimen>
    <dimen name="x455">164.31dp</dimen>
    <dimen name="x456">164.67dp</dimen>
    <dimen name="x457">165.03dp</dimen>
    <dimen name="x458">165.39dp</dimen>
    <dimen name="x459">165.75dp</dimen>
    <dimen name="x460">166.11dp</dimen>
    <dimen name="x461">166.47dp</dimen>
    <dimen name="x462">166.83dp</dimen>
    <dimen name="x463">167.19dp</dimen>
    <dimen name="x464">167.56dp</dimen>
    <dimen name="x465">167.92dp</dimen>
    <dimen name="x466">168.28dp</dimen>
    <dimen name="x467">168.64dp</dimen>
    <dimen name="x468">169.00dp</dimen>
    <dimen name="x469">169.36dp</dimen>
    <dimen name="x470">169.72dp</dimen>
    <dimen name="x471">170.08dp</dimen>
    <dimen name="x472">170.44dp</dimen>
    <dimen name="x473">170.81dp</dimen>
    <dimen name="x474">171.17dp</dimen>
    <dimen name="x475">171.53dp</dimen>
    <dimen name="x476">171.89dp</dimen>
    <dimen name="x477">172.25dp</dimen>
    <dimen name="x478">172.61dp</dimen>
    <dimen name="x479">172.97dp</dimen>
    <dimen name="x480">173.33dp</dimen>
    <dimen name="x481">173.69dp</dimen>
    <dimen name="x482">174.06dp</dimen>
    <dimen name="x483">174.42dp</dimen>
    <dimen name="x484">174.78dp</dimen>
    <dimen name="x485">175.14dp</dimen>
    <dimen name="x486">175.50dp</dimen>
    <dimen name="x487">175.86dp</dimen>
    <dimen name="x488">176.22dp</dimen>
    <dimen name="x489">176.58dp</dimen>
    <dimen name="x490">176.94dp</dimen>
    <dimen name="x491">177.31dp</dimen>
    <dimen name="x492">177.67dp</dimen>
    <dimen name="x493">178.03dp</dimen>
    <dimen name="x494">178.39dp</dimen>
    <dimen name="x495">178.75dp</dimen>
    <dimen name="x496">179.11dp</dimen>
    <dimen name="x497">179.47dp</dimen>
    <dimen name="x498">179.83dp</dimen>
    <dimen name="x499">180.19dp</dimen>
    <dimen name="x500">180.56dp</dimen>
    <dimen name="x501">180.92dp</dimen>
    <dimen name="x502">181.28dp</dimen>
    <dimen name="x503">181.64dp</dimen>
    <dimen name="x504">182.00dp</dimen>
    <dimen name="x505">182.36dp</dimen>
    <dimen name="x506">182.72dp</dimen>
    <dimen name="x507">183.08dp</dimen>
    <dimen name="x508">183.44dp</dimen>
    <dimen name="x509">183.81dp</dimen>
    <dimen name="x510">184.17dp</dimen>
    <dimen name="x511">184.53dp</dimen>
    <dimen name="x512">184.89dp</dimen>
    <dimen name="x513">185.25dp</dimen>
    <dimen name="x514">185.61dp</dimen>
    <dimen name="x515">185.97dp</dimen>
    <dimen name="x516">186.33dp</dimen>
    <dimen name="x517">186.69dp</dimen>
    <dimen name="x518">187.06dp</dimen>
    <dimen name="x519">187.42dp</dimen>
    <dimen name="x520">187.78dp</dimen>
    <dimen name="x521">188.14dp</dimen>
    <dimen name="x522">188.50dp</dimen>
    <dimen name="x523">188.86dp</dimen>
    <dimen name="x524">189.22dp</dimen>
    <dimen name="x525">189.58dp</dimen>
    <dimen name="x526">189.94dp</dimen>
    <dimen name="x527">190.31dp</dimen>
    <dimen name="x528">190.67dp</dimen>
    <dimen name="x529">191.03dp</dimen>
    <dimen name="x530">191.39dp</dimen>
    <dimen name="x531">191.75dp</dimen>
    <dimen name="x532">192.11dp</dimen>
    <dimen name="x533">192.47dp</dimen>
    <dimen name="x534">192.83dp</dimen>
    <dimen name="x535">193.19dp</dimen>
    <dimen name="x536">193.56dp</dimen>
    <dimen name="x537">193.92dp</dimen>
    <dimen name="x538">194.28dp</dimen>
    <dimen name="x539">194.64dp</dimen>
    <dimen name="x540">195.00dp</dimen>
    <dimen name="x541">195.36dp</dimen>
    <dimen name="x542">195.72dp</dimen>
    <dimen name="x543">196.08dp</dimen>
    <dimen name="x544">196.44dp</dimen>
    <dimen name="x545">196.81dp</dimen>
    <dimen name="x546">197.17dp</dimen>
    <dimen name="x547">197.53dp</dimen>
    <dimen name="x548">197.89dp</dimen>
    <dimen name="x549">198.25dp</dimen>
    <dimen name="x550">198.61dp</dimen>
    <dimen name="x551">198.97dp</dimen>
    <dimen name="x552">199.33dp</dimen>
    <dimen name="x553">199.69dp</dimen>
    <dimen name="x554">200.06dp</dimen>
    <dimen name="x555">200.42dp</dimen>
    <dimen name="x556">200.78dp</dimen>
    <dimen name="x557">201.14dp</dimen>
    <dimen name="x558">201.50dp</dimen>
    <dimen name="x559">201.86dp</dimen>
    <dimen name="x560">202.22dp</dimen>
    <dimen name="x561">202.58dp</dimen>
    <dimen name="x562">202.94dp</dimen>
    <dimen name="x563">203.31dp</dimen>
    <dimen name="x564">203.67dp</dimen>
    <dimen name="x565">204.03dp</dimen>
    <dimen name="x566">204.39dp</dimen>
    <dimen name="x567">204.75dp</dimen>
    <dimen name="x568">205.11dp</dimen>
    <dimen name="x569">205.47dp</dimen>
    <dimen name="x570">205.83dp</dimen>
    <dimen name="x571">206.19dp</dimen>
    <dimen name="x572">206.56dp</dimen>
    <dimen name="x573">206.92dp</dimen>
    <dimen name="x574">207.28dp</dimen>
    <dimen name="x575">207.64dp</dimen>
    <dimen name="x576">208.00dp</dimen>
    <dimen name="x577">208.36dp</dimen>
    <dimen name="x578">208.72dp</dimen>
    <dimen name="x579">209.08dp</dimen>
    <dimen name="x580">209.44dp</dimen>
    <dimen name="x581">209.81dp</dimen>
    <dimen name="x582">210.17dp</dimen>
    <dimen name="x583">210.53dp</dimen>
    <dimen name="x584">210.89dp</dimen>
    <dimen name="x585">211.25dp</dimen>
    <dimen name="x586">211.61dp</dimen>
    <dimen name="x587">211.97dp</dimen>
    <dimen name="x588">212.33dp</dimen>
    <dimen name="x589">212.69dp</dimen>
    <dimen name="x590">213.06dp</dimen>
    <dimen name="x591">213.42dp</dimen>
    <dimen name="x592">213.78dp</dimen>
    <dimen name="x593">214.14dp</dimen>
    <dimen name="x594">214.50dp</dimen>
    <dimen name="x595">214.86dp</dimen>
    <dimen name="x596">215.22dp</dimen>
    <dimen name="x597">215.58dp</dimen>
    <dimen name="x598">215.94dp</dimen>
    <dimen name="x599">216.31dp</dimen>
    <dimen name="x600">216.67dp</dimen>
    <dimen name="x601">217.03dp</dimen>
    <dimen name="x602">217.39dp</dimen>
    <dimen name="x603">217.75dp</dimen>
    <dimen name="x604">218.11dp</dimen>
    <dimen name="x605">218.47dp</dimen>
    <dimen name="x606">218.83dp</dimen>
    <dimen name="x607">219.19dp</dimen>
    <dimen name="x608">219.56dp</dimen>
    <dimen name="x609">219.92dp</dimen>
    <dimen name="x610">220.28dp</dimen>
    <dimen name="x611">220.64dp</dimen>
    <dimen name="x612">221.00dp</dimen>
    <dimen name="x613">221.36dp</dimen>
    <dimen name="x614">221.72dp</dimen>
    <dimen name="x615">222.08dp</dimen>
    <dimen name="x616">222.44dp</dimen>
    <dimen name="x617">222.81dp</dimen>
    <dimen name="x618">223.17dp</dimen>
    <dimen name="x619">223.53dp</dimen>
    <dimen name="x620">223.89dp</dimen>
    <dimen name="x621">224.25dp</dimen>
    <dimen name="x622">224.61dp</dimen>
    <dimen name="x623">224.97dp</dimen>
    <dimen name="x624">225.33dp</dimen>
    <dimen name="x625">225.69dp</dimen>
    <dimen name="x626">226.06dp</dimen>
    <dimen name="x627">226.42dp</dimen>
    <dimen name="x628">226.78dp</dimen>
    <dimen name="x629">227.14dp</dimen>
    <dimen name="x630">227.50dp</dimen>
    <dimen name="x631">227.86dp</dimen>
    <dimen name="x632">228.22dp</dimen>
    <dimen name="x633">228.58dp</dimen>
    <dimen name="x634">228.94dp</dimen>
    <dimen name="x635">229.31dp</dimen>
    <dimen name="x636">229.67dp</dimen>
    <dimen name="x637">230.03dp</dimen>
    <dimen name="x638">230.39dp</dimen>
    <dimen name="x639">230.75dp</dimen>
    <dimen name="x640">231.11dp</dimen>
    <dimen name="x641">231.47dp</dimen>
    <dimen name="x642">231.83dp</dimen>
    <dimen name="x643">232.19dp</dimen>
    <dimen name="x644">232.56dp</dimen>
    <dimen name="x645">232.92dp</dimen>
    <dimen name="x646">233.28dp</dimen>
    <dimen name="x647">233.64dp</dimen>
    <dimen name="x648">234.00dp</dimen>
    <dimen name="x649">234.36dp</dimen>
    <dimen name="x650">234.72dp</dimen>
    <dimen name="x651">235.08dp</dimen>
    <dimen name="x652">235.44dp</dimen>
    <dimen name="x653">235.81dp</dimen>
    <dimen name="x654">236.17dp</dimen>
    <dimen name="x655">236.53dp</dimen>
    <dimen name="x656">236.89dp</dimen>
    <dimen name="x657">237.25dp</dimen>
    <dimen name="x658">237.61dp</dimen>
    <dimen name="x659">237.97dp</dimen>
    <dimen name="x660">238.33dp</dimen>
    <dimen name="x661">238.69dp</dimen>
    <dimen name="x662">239.06dp</dimen>
    <dimen name="x663">239.42dp</dimen>
    <dimen name="x664">239.78dp</dimen>
    <dimen name="x665">240.14dp</dimen>
    <dimen name="x666">240.50dp</dimen>
    <dimen name="x667">240.86dp</dimen>
    <dimen name="x668">241.22dp</dimen>
    <dimen name="x669">241.58dp</dimen>
    <dimen name="x670">241.94dp</dimen>
    <dimen name="x671">242.31dp</dimen>
    <dimen name="x672">242.67dp</dimen>
    <dimen name="x673">243.03dp</dimen>
    <dimen name="x674">243.39dp</dimen>
    <dimen name="x675">243.75dp</dimen>
    <dimen name="x676">244.11dp</dimen>
    <dimen name="x677">244.47dp</dimen>
    <dimen name="x678">244.83dp</dimen>
    <dimen name="x679">245.19dp</dimen>
    <dimen name="x680">245.56dp</dimen>
    <dimen name="x681">245.92dp</dimen>
    <dimen name="x682">246.28dp</dimen>
    <dimen name="x683">246.64dp</dimen>
    <dimen name="x684">247.00dp</dimen>
    <dimen name="x685">247.36dp</dimen>
    <dimen name="x686">247.72dp</dimen>
    <dimen name="x687">248.08dp</dimen>
    <dimen name="x688">248.44dp</dimen>
    <dimen name="x689">248.81dp</dimen>
    <dimen name="x690">249.17dp</dimen>
    <dimen name="x691">249.53dp</dimen>
    <dimen name="x692">249.89dp</dimen>
    <dimen name="x693">250.25dp</dimen>
    <dimen name="x694">250.61dp</dimen>
    <dimen name="x695">250.97dp</dimen>
    <dimen name="x696">251.33dp</dimen>
    <dimen name="x697">251.69dp</dimen>
    <dimen name="x698">252.06dp</dimen>
    <dimen name="x699">252.42dp</dimen>
    <dimen name="x700">252.78dp</dimen>
    <dimen name="x701">253.14dp</dimen>
    <dimen name="x702">253.50dp</dimen>
    <dimen name="x703">253.86dp</dimen>
    <dimen name="x704">254.22dp</dimen>
    <dimen name="x705">254.58dp</dimen>
    <dimen name="x706">254.94dp</dimen>
    <dimen name="x707">255.31dp</dimen>
    <dimen name="x708">255.67dp</dimen>
    <dimen name="x709">256.03dp</dimen>
    <dimen name="x710">256.39dp</dimen>
    <dimen name="x711">256.75dp</dimen>
    <dimen name="x712">257.11dp</dimen>
    <dimen name="x713">257.47dp</dimen>
    <dimen name="x714">257.83dp</dimen>
    <dimen name="x715">258.19dp</dimen>
    <dimen name="x716">258.56dp</dimen>
    <dimen name="x717">258.92dp</dimen>
    <dimen name="x718">259.28dp</dimen>
    <dimen name="x719">259.64dp</dimen>
    <dimen name="x720">260.00dp</dimen>
    <dimen name="x721">260.36dp</dimen>
    <dimen name="x722">260.72dp</dimen>
    <dimen name="x723">261.08dp</dimen>
    <dimen name="x724">261.44dp</dimen>
    <dimen name="x725">261.81dp</dimen>
    <dimen name="x726">262.17dp</dimen>
    <dimen name="x727">262.53dp</dimen>
    <dimen name="x728">262.89dp</dimen>
    <dimen name="x729">263.25dp</dimen>
    <dimen name="x730">263.61dp</dimen>
    <dimen name="x731">263.97dp</dimen>
    <dimen name="x732">264.33dp</dimen>
    <dimen name="x733">264.69dp</dimen>
    <dimen name="x734">265.06dp</dimen>
    <dimen name="x735">265.42dp</dimen>
    <dimen name="x736">265.78dp</dimen>
    <dimen name="x737">266.14dp</dimen>
    <dimen name="x738">266.50dp</dimen>
    <dimen name="x739">266.86dp</dimen>
    <dimen name="x740">267.22dp</dimen>
    <dimen name="x741">267.58dp</dimen>
    <dimen name="x742">267.94dp</dimen>
    <dimen name="x743">268.31dp</dimen>
    <dimen name="x744">268.67dp</dimen>
    <dimen name="x745">269.03dp</dimen>
    <dimen name="x746">269.39dp</dimen>
    <dimen name="x747">269.75dp</dimen>
    <dimen name="x748">270.11dp</dimen>
    <dimen name="x749">270.47dp</dimen>
    <dimen name="x750">270.83dp</dimen>
    <dimen name="x751">271.19dp</dimen>
    <dimen name="x752">271.56dp</dimen>
    <dimen name="x753">271.92dp</dimen>
    <dimen name="x754">272.28dp</dimen>
    <dimen name="x755">272.64dp</dimen>
    <dimen name="x756">273.00dp</dimen>
    <dimen name="x757">273.36dp</dimen>
    <dimen name="x758">273.72dp</dimen>
    <dimen name="x759">274.08dp</dimen>
    <dimen name="x760">274.44dp</dimen>
    <dimen name="x761">274.81dp</dimen>
    <dimen name="x762">275.17dp</dimen>
    <dimen name="x763">275.53dp</dimen>
    <dimen name="x764">275.89dp</dimen>
    <dimen name="x765">276.25dp</dimen>
    <dimen name="x766">276.61dp</dimen>
    <dimen name="x767">276.97dp</dimen>
    <dimen name="x768">277.33dp</dimen>
    <dimen name="x769">277.69dp</dimen>
    <dimen name="x770">278.06dp</dimen>
    <dimen name="x771">278.42dp</dimen>
    <dimen name="x772">278.78dp</dimen>
    <dimen name="x773">279.14dp</dimen>
    <dimen name="x774">279.50dp</dimen>
    <dimen name="x775">279.86dp</dimen>
    <dimen name="x776">280.22dp</dimen>
    <dimen name="x777">280.58dp</dimen>
    <dimen name="x778">280.94dp</dimen>
    <dimen name="x779">281.31dp</dimen>
    <dimen name="x780">281.67dp</dimen>
    <dimen name="x781">282.03dp</dimen>
    <dimen name="x782">282.39dp</dimen>
    <dimen name="x783">282.75dp</dimen>
    <dimen name="x784">283.11dp</dimen>
    <dimen name="x785">283.47dp</dimen>
    <dimen name="x786">283.83dp</dimen>
    <dimen name="x787">284.19dp</dimen>
    <dimen name="x788">284.56dp</dimen>
    <dimen name="x789">284.92dp</dimen>
    <dimen name="x790">285.28dp</dimen>
    <dimen name="x791">285.64dp</dimen>
    <dimen name="x792">286.00dp</dimen>
    <dimen name="x793">286.36dp</dimen>
    <dimen name="x794">286.72dp</dimen>
    <dimen name="x795">287.08dp</dimen>
    <dimen name="x796">287.44dp</dimen>
    <dimen name="x797">287.81dp</dimen>
    <dimen name="x798">288.17dp</dimen>
    <dimen name="x799">288.53dp</dimen>
    <dimen name="x800">288.89dp</dimen>
    <dimen name="x801">289.25dp</dimen>
    <dimen name="x802">289.61dp</dimen>
    <dimen name="x803">289.97dp</dimen>
    <dimen name="x804">290.33dp</dimen>
    <dimen name="x805">290.69dp</dimen>
    <dimen name="x806">291.06dp</dimen>
    <dimen name="x807">291.42dp</dimen>
    <dimen name="x808">291.78dp</dimen>
    <dimen name="x809">292.14dp</dimen>
    <dimen name="x810">292.50dp</dimen>
    <dimen name="x811">292.86dp</dimen>
    <dimen name="x812">293.22dp</dimen>
    <dimen name="x813">293.58dp</dimen>
    <dimen name="x814">293.94dp</dimen>
    <dimen name="x815">294.31dp</dimen>
    <dimen name="x816">294.67dp</dimen>
    <dimen name="x817">295.03dp</dimen>
    <dimen name="x818">295.39dp</dimen>
    <dimen name="x819">295.75dp</dimen>
    <dimen name="x820">296.11dp</dimen>
    <dimen name="x821">296.47dp</dimen>
    <dimen name="x822">296.83dp</dimen>
    <dimen name="x823">297.19dp</dimen>
    <dimen name="x824">297.56dp</dimen>
    <dimen name="x825">297.92dp</dimen>
    <dimen name="x826">298.28dp</dimen>
    <dimen name="x827">298.64dp</dimen>
    <dimen name="x828">299.00dp</dimen>
    <dimen name="x829">299.36dp</dimen>
    <dimen name="x830">299.72dp</dimen>
    <dimen name="x831">300.08dp</dimen>
    <dimen name="x832">300.44dp</dimen>
    <dimen name="x833">300.81dp</dimen>
    <dimen name="x834">301.17dp</dimen>
    <dimen name="x835">301.53dp</dimen>
    <dimen name="x836">301.89dp</dimen>
    <dimen name="x837">302.25dp</dimen>
    <dimen name="x838">302.61dp</dimen>
    <dimen name="x839">302.97dp</dimen>
    <dimen name="x840">303.33dp</dimen>
    <dimen name="x841">303.69dp</dimen>
    <dimen name="x842">304.06dp</dimen>
    <dimen name="x843">304.42dp</dimen>
    <dimen name="x844">304.78dp</dimen>
    <dimen name="x845">305.14dp</dimen>
    <dimen name="x846">305.50dp</dimen>
    <dimen name="x847">305.86dp</dimen>
    <dimen name="x848">306.22dp</dimen>
    <dimen name="x849">306.58dp</dimen>
    <dimen name="x850">306.94dp</dimen>
    <dimen name="x851">307.31dp</dimen>
    <dimen name="x852">307.67dp</dimen>
    <dimen name="x853">308.03dp</dimen>
    <dimen name="x854">308.39dp</dimen>
    <dimen name="x855">308.75dp</dimen>
    <dimen name="x856">309.11dp</dimen>
    <dimen name="x857">309.47dp</dimen>
    <dimen name="x858">309.83dp</dimen>
    <dimen name="x859">310.19dp</dimen>
    <dimen name="x860">310.56dp</dimen>
    <dimen name="x861">310.92dp</dimen>
    <dimen name="x862">311.28dp</dimen>
    <dimen name="x863">311.64dp</dimen>
    <dimen name="x864">312.00dp</dimen>
    <dimen name="x865">312.36dp</dimen>
    <dimen name="x866">312.72dp</dimen>
    <dimen name="x867">313.08dp</dimen>
    <dimen name="x868">313.44dp</dimen>
    <dimen name="x869">313.81dp</dimen>
    <dimen name="x870">314.17dp</dimen>
    <dimen name="x871">314.53dp</dimen>
    <dimen name="x872">314.89dp</dimen>
    <dimen name="x873">315.25dp</dimen>
    <dimen name="x874">315.61dp</dimen>
    <dimen name="x875">315.97dp</dimen>
    <dimen name="x876">316.33dp</dimen>
    <dimen name="x877">316.69dp</dimen>
    <dimen name="x878">317.06dp</dimen>
    <dimen name="x879">317.42dp</dimen>
    <dimen name="x880">317.78dp</dimen>
    <dimen name="x881">318.14dp</dimen>
    <dimen name="x882">318.50dp</dimen>
    <dimen name="x883">318.86dp</dimen>
    <dimen name="x884">319.22dp</dimen>
    <dimen name="x885">319.58dp</dimen>
    <dimen name="x886">319.94dp</dimen>
    <dimen name="x887">320.31dp</dimen>
    <dimen name="x888">320.67dp</dimen>
    <dimen name="x889">321.03dp</dimen>
    <dimen name="x890">321.39dp</dimen>
    <dimen name="x891">321.75dp</dimen>
    <dimen name="x892">322.11dp</dimen>
    <dimen name="x893">322.47dp</dimen>
    <dimen name="x894">322.83dp</dimen>
    <dimen name="x895">323.19dp</dimen>
    <dimen name="x896">323.56dp</dimen>
    <dimen name="x897">323.92dp</dimen>
    <dimen name="x898">324.28dp</dimen>
    <dimen name="x899">324.64dp</dimen>
    <dimen name="x900">325.00dp</dimen>
    <dimen name="x901">325.36dp</dimen>
    <dimen name="x902">325.72dp</dimen>
    <dimen name="x903">326.08dp</dimen>
    <dimen name="x904">326.44dp</dimen>
    <dimen name="x905">326.81dp</dimen>
    <dimen name="x906">327.17dp</dimen>
    <dimen name="x907">327.53dp</dimen>
    <dimen name="x908">327.89dp</dimen>
    <dimen name="x909">328.25dp</dimen>
    <dimen name="x910">328.61dp</dimen>
    <dimen name="x911">328.97dp</dimen>
    <dimen name="x912">329.33dp</dimen>
    <dimen name="x913">329.69dp</dimen>
    <dimen name="x914">330.06dp</dimen>
    <dimen name="x915">330.42dp</dimen>
    <dimen name="x916">330.78dp</dimen>
    <dimen name="x917">331.14dp</dimen>
    <dimen name="x918">331.50dp</dimen>
    <dimen name="x919">331.86dp</dimen>
    <dimen name="x920">332.22dp</dimen>
    <dimen name="x921">332.58dp</dimen>
    <dimen name="x922">332.94dp</dimen>
    <dimen name="x923">333.31dp</dimen>
    <dimen name="x924">333.67dp</dimen>
    <dimen name="x925">334.03dp</dimen>
    <dimen name="x926">334.39dp</dimen>
    <dimen name="x927">334.75dp</dimen>
    <dimen name="x928">335.11dp</dimen>
    <dimen name="x929">335.47dp</dimen>
    <dimen name="x930">335.83dp</dimen>
    <dimen name="x931">336.19dp</dimen>
    <dimen name="x932">336.56dp</dimen>
    <dimen name="x933">336.92dp</dimen>
    <dimen name="x934">337.28dp</dimen>
    <dimen name="x935">337.64dp</dimen>
    <dimen name="x936">338.00dp</dimen>
    <dimen name="x937">338.36dp</dimen>
    <dimen name="x938">338.72dp</dimen>
    <dimen name="x939">339.08dp</dimen>
    <dimen name="x940">339.44dp</dimen>
    <dimen name="x941">339.81dp</dimen>
    <dimen name="x942">340.17dp</dimen>
    <dimen name="x943">340.53dp</dimen>
    <dimen name="x944">340.89dp</dimen>
    <dimen name="x945">341.25dp</dimen>
    <dimen name="x946">341.61dp</dimen>
    <dimen name="x947">341.97dp</dimen>
    <dimen name="x948">342.33dp</dimen>
    <dimen name="x949">342.69dp</dimen>
    <dimen name="x950">343.06dp</dimen>
    <dimen name="x951">343.42dp</dimen>
    <dimen name="x952">343.78dp</dimen>
    <dimen name="x953">344.14dp</dimen>
    <dimen name="x954">344.50dp</dimen>
    <dimen name="x955">344.86dp</dimen>
    <dimen name="x956">345.22dp</dimen>
    <dimen name="x957">345.58dp</dimen>
    <dimen name="x958">345.94dp</dimen>
    <dimen name="x959">346.31dp</dimen>
    <dimen name="x960">346.67dp</dimen>
    <dimen name="x961">347.03dp</dimen>
    <dimen name="x962">347.39dp</dimen>
    <dimen name="x963">347.75dp</dimen>
    <dimen name="x964">348.11dp</dimen>
    <dimen name="x965">348.47dp</dimen>
    <dimen name="x966">348.83dp</dimen>
    <dimen name="x967">349.19dp</dimen>
    <dimen name="x968">349.56dp</dimen>
    <dimen name="x969">349.92dp</dimen>
    <dimen name="x970">350.28dp</dimen>
    <dimen name="x971">350.64dp</dimen>
    <dimen name="x972">351.00dp</dimen>
    <dimen name="x973">351.36dp</dimen>
    <dimen name="x974">351.72dp</dimen>
    <dimen name="x975">352.08dp</dimen>
    <dimen name="x976">352.44dp</dimen>
    <dimen name="x977">352.81dp</dimen>
    <dimen name="x978">353.17dp</dimen>
    <dimen name="x979">353.53dp</dimen>
    <dimen name="x980">353.89dp</dimen>
    <dimen name="x981">354.25dp</dimen>
    <dimen name="x982">354.61dp</dimen>
    <dimen name="x983">354.97dp</dimen>
    <dimen name="x984">355.33dp</dimen>
    <dimen name="x985">355.69dp</dimen>
    <dimen name="x986">356.06dp</dimen>
    <dimen name="x987">356.42dp</dimen>
    <dimen name="x988">356.78dp</dimen>
    <dimen name="x989">357.14dp</dimen>
    <dimen name="x990">357.50dp</dimen>
    <dimen name="x991">357.86dp</dimen>
    <dimen name="x992">358.22dp</dimen>
    <dimen name="x993">358.58dp</dimen>
    <dimen name="x994">358.94dp</dimen>
    <dimen name="x995">359.31dp</dimen>
    <dimen name="x996">359.67dp</dimen>
    <dimen name="x997">360.03dp</dimen>
    <dimen name="x998">360.39dp</dimen>
    <dimen name="x999">360.75dp</dimen>
    <dimen name="x1000">361.11dp</dimen>
    <dimen name="x1001">361.47dp</dimen>
    <dimen name="x1002">361.83dp</dimen>
    <dimen name="x1003">362.19dp</dimen>
    <dimen name="x1004">362.56dp</dimen>
    <dimen name="x1005">362.92dp</dimen>
    <dimen name="x1006">363.28dp</dimen>
    <dimen name="x1007">363.64dp</dimen>
    <dimen name="x1008">364.00dp</dimen>
    <dimen name="x1009">364.36dp</dimen>
    <dimen name="x1010">364.72dp</dimen>
    <dimen name="x1011">365.08dp</dimen>
    <dimen name="x1012">365.44dp</dimen>
    <dimen name="x1013">365.81dp</dimen>
    <dimen name="x1014">366.17dp</dimen>
    <dimen name="x1015">366.53dp</dimen>
    <dimen name="x1016">366.89dp</dimen>
    <dimen name="x1017">367.25dp</dimen>
    <dimen name="x1018">367.61dp</dimen>
    <dimen name="x1019">367.97dp</dimen>
    <dimen name="x1020">368.33dp</dimen>
    <dimen name="x1021">368.69dp</dimen>
    <dimen name="x1022">369.06dp</dimen>
    <dimen name="x1023">369.42dp</dimen>
    <dimen name="x1024">369.78dp</dimen>
    <dimen name="x1025">370.14dp</dimen>
    <dimen name="x1026">370.50dp</dimen>
    <dimen name="x1027">370.86dp</dimen>
    <dimen name="x1028">371.22dp</dimen>
    <dimen name="x1029">371.58dp</dimen>
    <dimen name="x1030">371.94dp</dimen>
    <dimen name="x1031">372.31dp</dimen>
    <dimen name="x1032">372.67dp</dimen>
    <dimen name="x1033">373.03dp</dimen>
    <dimen name="x1034">373.39dp</dimen>
    <dimen name="x1035">373.75dp</dimen>
    <dimen name="x1036">374.11dp</dimen>
    <dimen name="x1037">374.47dp</dimen>
    <dimen name="x1038">374.83dp</dimen>
    <dimen name="x1039">375.19dp</dimen>
    <dimen name="x1040">375.56dp</dimen>
    <dimen name="x1041">375.92dp</dimen>
    <dimen name="x1042">376.28dp</dimen>
    <dimen name="x1043">376.64dp</dimen>
    <dimen name="x1044">377.00dp</dimen>
    <dimen name="x1045">377.36dp</dimen>
    <dimen name="x1046">377.72dp</dimen>
    <dimen name="x1047">378.08dp</dimen>
    <dimen name="x1048">378.44dp</dimen>
    <dimen name="x1049">378.81dp</dimen>
    <dimen name="x1050">379.17dp</dimen>
    <dimen name="x1051">379.53dp</dimen>
    <dimen name="x1052">379.89dp</dimen>
    <dimen name="x1053">380.25dp</dimen>
    <dimen name="x1054">380.61dp</dimen>
    <dimen name="x1055">380.97dp</dimen>
    <dimen name="x1056">381.33dp</dimen>
    <dimen name="x1057">381.69dp</dimen>
    <dimen name="x1058">382.06dp</dimen>
    <dimen name="x1059">382.42dp</dimen>
    <dimen name="x1060">382.78dp</dimen>
    <dimen name="x1061">383.14dp</dimen>
    <dimen name="x1062">383.50dp</dimen>
    <dimen name="x1063">383.86dp</dimen>
    <dimen name="x1064">384.22dp</dimen>
    <dimen name="x1065">384.58dp</dimen>
    <dimen name="x1066">384.94dp</dimen>
    <dimen name="x1067">385.31dp</dimen>
    <dimen name="x1068">385.67dp</dimen>
    <dimen name="x1069">386.03dp</dimen>
    <dimen name="x1070">386.39dp</dimen>
    <dimen name="x1071">386.75dp</dimen>
    <dimen name="x1072">387.11dp</dimen>
    <dimen name="x1073">387.47dp</dimen>
    <dimen name="x1074">387.83dp</dimen>
    <dimen name="x1075">388.19dp</dimen>
    <dimen name="x1076">388.56dp</dimen>
    <dimen name="x1077">388.92dp</dimen>
    <dimen name="x1078">389.28dp</dimen>
    <dimen name="x1079">389.64dp</dimen>
    <dimen name="x1080">390.00dp</dimen>
</resources>