<?xml version="1.0" encoding="utf-8"?>
<resources>
    <string name="sw_dp">1600dp</string>
    <dimen name="x1">1.48dp</dimen>
    <dimen name="x2">2.96dp</dimen>
    <dimen name="x3">4.44dp</dimen>
    <dimen name="x4">5.93dp</dimen>
    <dimen name="x5">7.41dp</dimen>
    <dimen name="x6">8.89dp</dimen>
    <dimen name="x7">10.37dp</dimen>
    <dimen name="x8">11.85dp</dimen>
    <dimen name="x9">13.33dp</dimen>
    <dimen name="x10">14.81dp</dimen>
    <dimen name="x11">16.30dp</dimen>
    <dimen name="x12">17.78dp</dimen>
    <dimen name="x13">19.26dp</dimen>
    <dimen name="x14">20.74dp</dimen>
    <dimen name="x15">22.22dp</dimen>
    <dimen name="x16">23.70dp</dimen>
    <dimen name="x17">25.19dp</dimen>
    <dimen name="x18">26.67dp</dimen>
    <dimen name="x19">28.15dp</dimen>
    <dimen name="x20">29.63dp</dimen>
    <dimen name="x21">31.11dp</dimen>
    <dimen name="x22">32.59dp</dimen>
    <dimen name="x23">34.07dp</dimen>
    <dimen name="x24">35.56dp</dimen>
    <dimen name="x25">37.04dp</dimen>
    <dimen name="x26">38.52dp</dimen>
    <dimen name="x27">40.00dp</dimen>
    <dimen name="x28">41.48dp</dimen>
    <dimen name="x29">42.96dp</dimen>
    <dimen name="x30">44.44dp</dimen>
    <dimen name="x31">45.93dp</dimen>
    <dimen name="x32">47.41dp</dimen>
    <dimen name="x33">48.89dp</dimen>
    <dimen name="x34">50.37dp</dimen>
    <dimen name="x35">51.85dp</dimen>
    <dimen name="x36">53.33dp</dimen>
    <dimen name="x37">54.81dp</dimen>
    <dimen name="x38">56.30dp</dimen>
    <dimen name="x39">57.78dp</dimen>
    <dimen name="x40">59.26dp</dimen>
    <dimen name="x41">60.74dp</dimen>
    <dimen name="x42">62.22dp</dimen>
    <dimen name="x43">63.70dp</dimen>
    <dimen name="x44">65.19dp</dimen>
    <dimen name="x45">66.67dp</dimen>
    <dimen name="x46">68.15dp</dimen>
    <dimen name="x47">69.63dp</dimen>
    <dimen name="x48">71.11dp</dimen>
    <dimen name="x49">72.59dp</dimen>
    <dimen name="x50">74.07dp</dimen>
    <dimen name="x51">75.56dp</dimen>
    <dimen name="x52">77.04dp</dimen>
    <dimen name="x53">78.52dp</dimen>
    <dimen name="x54">80.00dp</dimen>
    <dimen name="x55">81.48dp</dimen>
    <dimen name="x56">82.96dp</dimen>
    <dimen name="x57">84.44dp</dimen>
    <dimen name="x58">85.93dp</dimen>
    <dimen name="x59">87.41dp</dimen>
    <dimen name="x60">88.89dp</dimen>
    <dimen name="x61">90.37dp</dimen>
    <dimen name="x62">91.85dp</dimen>
    <dimen name="x63">93.33dp</dimen>
    <dimen name="x64">94.81dp</dimen>
    <dimen name="x65">96.30dp</dimen>
    <dimen name="x66">97.78dp</dimen>
    <dimen name="x67">99.26dp</dimen>
    <dimen name="x68">100.74dp</dimen>
    <dimen name="x69">102.22dp</dimen>
    <dimen name="x70">103.70dp</dimen>
    <dimen name="x71">105.19dp</dimen>
    <dimen name="x72">106.67dp</dimen>
    <dimen name="x73">108.15dp</dimen>
    <dimen name="x74">109.63dp</dimen>
    <dimen name="x75">111.11dp</dimen>
    <dimen name="x76">112.59dp</dimen>
    <dimen name="x77">114.07dp</dimen>
    <dimen name="x78">115.56dp</dimen>
    <dimen name="x79">117.04dp</dimen>
    <dimen name="x80">118.52dp</dimen>
    <dimen name="x81">120.00dp</dimen>
    <dimen name="x82">121.48dp</dimen>
    <dimen name="x83">122.96dp</dimen>
    <dimen name="x84">124.44dp</dimen>
    <dimen name="x85">125.93dp</dimen>
    <dimen name="x86">127.41dp</dimen>
    <dimen name="x87">128.89dp</dimen>
    <dimen name="x88">130.37dp</dimen>
    <dimen name="x89">131.85dp</dimen>
    <dimen name="x90">133.33dp</dimen>
    <dimen name="x91">134.81dp</dimen>
    <dimen name="x92">136.30dp</dimen>
    <dimen name="x93">137.78dp</dimen>
    <dimen name="x94">139.26dp</dimen>
    <dimen name="x95">140.74dp</dimen>
    <dimen name="x96">142.22dp</dimen>
    <dimen name="x97">143.70dp</dimen>
    <dimen name="x98">145.19dp</dimen>
    <dimen name="x99">146.67dp</dimen>
    <dimen name="x100">148.15dp</dimen>
    <dimen name="x101">149.63dp</dimen>
    <dimen name="x102">151.11dp</dimen>
    <dimen name="x103">152.59dp</dimen>
    <dimen name="x104">154.07dp</dimen>
    <dimen name="x105">155.56dp</dimen>
    <dimen name="x106">157.04dp</dimen>
    <dimen name="x107">158.52dp</dimen>
    <dimen name="x108">160.00dp</dimen>
    <dimen name="x109">161.48dp</dimen>
    <dimen name="x110">162.96dp</dimen>
    <dimen name="x111">164.44dp</dimen>
    <dimen name="x112">165.93dp</dimen>
    <dimen name="x113">167.41dp</dimen>
    <dimen name="x114">168.89dp</dimen>
    <dimen name="x115">170.37dp</dimen>
    <dimen name="x116">171.85dp</dimen>
    <dimen name="x117">173.33dp</dimen>
    <dimen name="x118">174.81dp</dimen>
    <dimen name="x119">176.30dp</dimen>
    <dimen name="x120">177.78dp</dimen>
    <dimen name="x121">179.26dp</dimen>
    <dimen name="x122">180.74dp</dimen>
    <dimen name="x123">182.22dp</dimen>
    <dimen name="x124">183.70dp</dimen>
    <dimen name="x125">185.19dp</dimen>
    <dimen name="x126">186.67dp</dimen>
    <dimen name="x127">188.15dp</dimen>
    <dimen name="x128">189.63dp</dimen>
    <dimen name="x129">191.11dp</dimen>
    <dimen name="x130">192.59dp</dimen>
    <dimen name="x131">194.07dp</dimen>
    <dimen name="x132">195.56dp</dimen>
    <dimen name="x133">197.04dp</dimen>
    <dimen name="x134">198.52dp</dimen>
    <dimen name="x135">200.00dp</dimen>
    <dimen name="x136">201.48dp</dimen>
    <dimen name="x137">202.96dp</dimen>
    <dimen name="x138">204.44dp</dimen>
    <dimen name="x139">205.93dp</dimen>
    <dimen name="x140">207.41dp</dimen>
    <dimen name="x141">208.89dp</dimen>
    <dimen name="x142">210.37dp</dimen>
    <dimen name="x143">211.85dp</dimen>
    <dimen name="x144">213.33dp</dimen>
    <dimen name="x145">214.81dp</dimen>
    <dimen name="x146">216.30dp</dimen>
    <dimen name="x147">217.78dp</dimen>
    <dimen name="x148">219.26dp</dimen>
    <dimen name="x149">220.74dp</dimen>
    <dimen name="x150">222.22dp</dimen>
    <dimen name="x151">223.70dp</dimen>
    <dimen name="x152">225.19dp</dimen>
    <dimen name="x153">226.67dp</dimen>
    <dimen name="x154">228.15dp</dimen>
    <dimen name="x155">229.63dp</dimen>
    <dimen name="x156">231.11dp</dimen>
    <dimen name="x157">232.59dp</dimen>
    <dimen name="x158">234.07dp</dimen>
    <dimen name="x159">235.56dp</dimen>
    <dimen name="x160">237.04dp</dimen>
    <dimen name="x161">238.52dp</dimen>
    <dimen name="x162">240.00dp</dimen>
    <dimen name="x163">241.48dp</dimen>
    <dimen name="x164">242.96dp</dimen>
    <dimen name="x165">244.44dp</dimen>
    <dimen name="x166">245.93dp</dimen>
    <dimen name="x167">247.41dp</dimen>
    <dimen name="x168">248.89dp</dimen>
    <dimen name="x169">250.37dp</dimen>
    <dimen name="x170">251.85dp</dimen>
    <dimen name="x171">253.33dp</dimen>
    <dimen name="x172">254.81dp</dimen>
    <dimen name="x173">256.30dp</dimen>
    <dimen name="x174">257.78dp</dimen>
    <dimen name="x175">259.26dp</dimen>
    <dimen name="x176">260.74dp</dimen>
    <dimen name="x177">262.22dp</dimen>
    <dimen name="x178">263.70dp</dimen>
    <dimen name="x179">265.19dp</dimen>
    <dimen name="x180">266.67dp</dimen>
    <dimen name="x181">268.15dp</dimen>
    <dimen name="x182">269.63dp</dimen>
    <dimen name="x183">271.11dp</dimen>
    <dimen name="x184">272.59dp</dimen>
    <dimen name="x185">274.07dp</dimen>
    <dimen name="x186">275.56dp</dimen>
    <dimen name="x187">277.04dp</dimen>
    <dimen name="x188">278.52dp</dimen>
    <dimen name="x189">280.00dp</dimen>
    <dimen name="x190">281.48dp</dimen>
    <dimen name="x191">282.96dp</dimen>
    <dimen name="x192">284.44dp</dimen>
    <dimen name="x193">285.93dp</dimen>
    <dimen name="x194">287.41dp</dimen>
    <dimen name="x195">288.89dp</dimen>
    <dimen name="x196">290.37dp</dimen>
    <dimen name="x197">291.85dp</dimen>
    <dimen name="x198">293.33dp</dimen>
    <dimen name="x199">294.81dp</dimen>
    <dimen name="x200">296.30dp</dimen>
    <dimen name="x201">297.78dp</dimen>
    <dimen name="x202">299.26dp</dimen>
    <dimen name="x203">300.74dp</dimen>
    <dimen name="x204">302.22dp</dimen>
    <dimen name="x205">303.70dp</dimen>
    <dimen name="x206">305.19dp</dimen>
    <dimen name="x207">306.67dp</dimen>
    <dimen name="x208">308.15dp</dimen>
    <dimen name="x209">309.63dp</dimen>
    <dimen name="x210">311.11dp</dimen>
    <dimen name="x211">312.59dp</dimen>
    <dimen name="x212">314.07dp</dimen>
    <dimen name="x213">315.56dp</dimen>
    <dimen name="x214">317.04dp</dimen>
    <dimen name="x215">318.52dp</dimen>
    <dimen name="x216">320.00dp</dimen>
    <dimen name="x217">321.48dp</dimen>
    <dimen name="x218">322.96dp</dimen>
    <dimen name="x219">324.44dp</dimen>
    <dimen name="x220">325.93dp</dimen>
    <dimen name="x221">327.41dp</dimen>
    <dimen name="x222">328.89dp</dimen>
    <dimen name="x223">330.37dp</dimen>
    <dimen name="x224">331.85dp</dimen>
    <dimen name="x225">333.33dp</dimen>
    <dimen name="x226">334.81dp</dimen>
    <dimen name="x227">336.30dp</dimen>
    <dimen name="x228">337.78dp</dimen>
    <dimen name="x229">339.26dp</dimen>
    <dimen name="x230">340.74dp</dimen>
    <dimen name="x231">342.22dp</dimen>
    <dimen name="x232">343.70dp</dimen>
    <dimen name="x233">345.19dp</dimen>
    <dimen name="x234">346.67dp</dimen>
    <dimen name="x235">348.15dp</dimen>
    <dimen name="x236">349.63dp</dimen>
    <dimen name="x237">351.11dp</dimen>
    <dimen name="x238">352.59dp</dimen>
    <dimen name="x239">354.07dp</dimen>
    <dimen name="x240">355.56dp</dimen>
    <dimen name="x241">357.04dp</dimen>
    <dimen name="x242">358.52dp</dimen>
    <dimen name="x243">360.00dp</dimen>
    <dimen name="x244">361.48dp</dimen>
    <dimen name="x245">362.96dp</dimen>
    <dimen name="x246">364.44dp</dimen>
    <dimen name="x247">365.93dp</dimen>
    <dimen name="x248">367.41dp</dimen>
    <dimen name="x249">368.89dp</dimen>
    <dimen name="x250">370.37dp</dimen>
    <dimen name="x251">371.85dp</dimen>
    <dimen name="x252">373.33dp</dimen>
    <dimen name="x253">374.81dp</dimen>
    <dimen name="x254">376.30dp</dimen>
    <dimen name="x255">377.78dp</dimen>
    <dimen name="x256">379.26dp</dimen>
    <dimen name="x257">380.74dp</dimen>
    <dimen name="x258">382.22dp</dimen>
    <dimen name="x259">383.70dp</dimen>
    <dimen name="x260">385.19dp</dimen>
    <dimen name="x261">386.67dp</dimen>
    <dimen name="x262">388.15dp</dimen>
    <dimen name="x263">389.63dp</dimen>
    <dimen name="x264">391.11dp</dimen>
    <dimen name="x265">392.59dp</dimen>
    <dimen name="x266">394.07dp</dimen>
    <dimen name="x267">395.56dp</dimen>
    <dimen name="x268">397.04dp</dimen>
    <dimen name="x269">398.52dp</dimen>
    <dimen name="x270">400.00dp</dimen>
    <dimen name="x271">401.48dp</dimen>
    <dimen name="x272">402.96dp</dimen>
    <dimen name="x273">404.44dp</dimen>
    <dimen name="x274">405.93dp</dimen>
    <dimen name="x275">407.41dp</dimen>
    <dimen name="x276">408.89dp</dimen>
    <dimen name="x277">410.37dp</dimen>
    <dimen name="x278">411.85dp</dimen>
    <dimen name="x279">413.33dp</dimen>
    <dimen name="x280">414.81dp</dimen>
    <dimen name="x281">416.30dp</dimen>
    <dimen name="x282">417.78dp</dimen>
    <dimen name="x283">419.26dp</dimen>
    <dimen name="x284">420.74dp</dimen>
    <dimen name="x285">422.22dp</dimen>
    <dimen name="x286">423.70dp</dimen>
    <dimen name="x287">425.19dp</dimen>
    <dimen name="x288">426.67dp</dimen>
    <dimen name="x289">428.15dp</dimen>
    <dimen name="x290">429.63dp</dimen>
    <dimen name="x291">431.11dp</dimen>
    <dimen name="x292">432.59dp</dimen>
    <dimen name="x293">434.07dp</dimen>
    <dimen name="x294">435.56dp</dimen>
    <dimen name="x295">437.04dp</dimen>
    <dimen name="x296">438.52dp</dimen>
    <dimen name="x297">440.00dp</dimen>
    <dimen name="x298">441.48dp</dimen>
    <dimen name="x299">442.96dp</dimen>
    <dimen name="x300">444.44dp</dimen>
    <dimen name="x301">445.93dp</dimen>
    <dimen name="x302">447.41dp</dimen>
    <dimen name="x303">448.89dp</dimen>
    <dimen name="x304">450.37dp</dimen>
    <dimen name="x305">451.85dp</dimen>
    <dimen name="x306">453.33dp</dimen>
    <dimen name="x307">454.81dp</dimen>
    <dimen name="x308">456.30dp</dimen>
    <dimen name="x309">457.78dp</dimen>
    <dimen name="x310">459.26dp</dimen>
    <dimen name="x311">460.74dp</dimen>
    <dimen name="x312">462.22dp</dimen>
    <dimen name="x313">463.70dp</dimen>
    <dimen name="x314">465.19dp</dimen>
    <dimen name="x315">466.67dp</dimen>
    <dimen name="x316">468.15dp</dimen>
    <dimen name="x317">469.63dp</dimen>
    <dimen name="x318">471.11dp</dimen>
    <dimen name="x319">472.59dp</dimen>
    <dimen name="x320">474.07dp</dimen>
    <dimen name="x321">475.56dp</dimen>
    <dimen name="x322">477.04dp</dimen>
    <dimen name="x323">478.52dp</dimen>
    <dimen name="x324">480.00dp</dimen>
    <dimen name="x325">481.48dp</dimen>
    <dimen name="x326">482.96dp</dimen>
    <dimen name="x327">484.44dp</dimen>
    <dimen name="x328">485.93dp</dimen>
    <dimen name="x329">487.41dp</dimen>
    <dimen name="x330">488.89dp</dimen>
    <dimen name="x331">490.37dp</dimen>
    <dimen name="x332">491.85dp</dimen>
    <dimen name="x333">493.33dp</dimen>
    <dimen name="x334">494.81dp</dimen>
    <dimen name="x335">496.30dp</dimen>
    <dimen name="x336">497.78dp</dimen>
    <dimen name="x337">499.26dp</dimen>
    <dimen name="x338">500.74dp</dimen>
    <dimen name="x339">502.22dp</dimen>
    <dimen name="x340">503.70dp</dimen>
    <dimen name="x341">505.19dp</dimen>
    <dimen name="x342">506.67dp</dimen>
    <dimen name="x343">508.15dp</dimen>
    <dimen name="x344">509.63dp</dimen>
    <dimen name="x345">511.11dp</dimen>
    <dimen name="x346">512.59dp</dimen>
    <dimen name="x347">514.07dp</dimen>
    <dimen name="x348">515.56dp</dimen>
    <dimen name="x349">517.04dp</dimen>
    <dimen name="x350">518.52dp</dimen>
    <dimen name="x351">520.00dp</dimen>
    <dimen name="x352">521.48dp</dimen>
    <dimen name="x353">522.96dp</dimen>
    <dimen name="x354">524.44dp</dimen>
    <dimen name="x355">525.93dp</dimen>
    <dimen name="x356">527.41dp</dimen>
    <dimen name="x357">528.89dp</dimen>
    <dimen name="x358">530.37dp</dimen>
    <dimen name="x359">531.85dp</dimen>
    <dimen name="x360">533.33dp</dimen>
    <dimen name="x361">534.81dp</dimen>
    <dimen name="x362">536.30dp</dimen>
    <dimen name="x363">537.78dp</dimen>
    <dimen name="x364">539.26dp</dimen>
    <dimen name="x365">540.74dp</dimen>
    <dimen name="x366">542.22dp</dimen>
    <dimen name="x367">543.70dp</dimen>
    <dimen name="x368">545.19dp</dimen>
    <dimen name="x369">546.67dp</dimen>
    <dimen name="x370">548.15dp</dimen>
    <dimen name="x371">549.63dp</dimen>
    <dimen name="x372">551.11dp</dimen>
    <dimen name="x373">552.59dp</dimen>
    <dimen name="x374">554.07dp</dimen>
    <dimen name="x375">555.56dp</dimen>
    <dimen name="x376">557.04dp</dimen>
    <dimen name="x377">558.52dp</dimen>
    <dimen name="x378">560.00dp</dimen>
    <dimen name="x379">561.48dp</dimen>
    <dimen name="x380">562.96dp</dimen>
    <dimen name="x381">564.44dp</dimen>
    <dimen name="x382">565.93dp</dimen>
    <dimen name="x383">567.41dp</dimen>
    <dimen name="x384">568.89dp</dimen>
    <dimen name="x385">570.37dp</dimen>
    <dimen name="x386">571.85dp</dimen>
    <dimen name="x387">573.33dp</dimen>
    <dimen name="x388">574.81dp</dimen>
    <dimen name="x389">576.30dp</dimen>
    <dimen name="x390">577.78dp</dimen>
    <dimen name="x391">579.26dp</dimen>
    <dimen name="x392">580.74dp</dimen>
    <dimen name="x393">582.22dp</dimen>
    <dimen name="x394">583.70dp</dimen>
    <dimen name="x395">585.19dp</dimen>
    <dimen name="x396">586.67dp</dimen>
    <dimen name="x397">588.15dp</dimen>
    <dimen name="x398">589.63dp</dimen>
    <dimen name="x399">591.11dp</dimen>
    <dimen name="x400">592.59dp</dimen>
    <dimen name="x401">594.07dp</dimen>
    <dimen name="x402">595.56dp</dimen>
    <dimen name="x403">597.04dp</dimen>
    <dimen name="x404">598.52dp</dimen>
    <dimen name="x405">600.00dp</dimen>
    <dimen name="x406">601.48dp</dimen>
    <dimen name="x407">602.96dp</dimen>
    <dimen name="x408">604.44dp</dimen>
    <dimen name="x409">605.93dp</dimen>
    <dimen name="x410">607.41dp</dimen>
    <dimen name="x411">608.89dp</dimen>
    <dimen name="x412">610.37dp</dimen>
    <dimen name="x413">611.85dp</dimen>
    <dimen name="x414">613.33dp</dimen>
    <dimen name="x415">614.81dp</dimen>
    <dimen name="x416">616.30dp</dimen>
    <dimen name="x417">617.78dp</dimen>
    <dimen name="x418">619.26dp</dimen>
    <dimen name="x419">620.74dp</dimen>
    <dimen name="x420">622.22dp</dimen>
    <dimen name="x421">623.70dp</dimen>
    <dimen name="x422">625.19dp</dimen>
    <dimen name="x423">626.67dp</dimen>
    <dimen name="x424">628.15dp</dimen>
    <dimen name="x425">629.63dp</dimen>
    <dimen name="x426">631.11dp</dimen>
    <dimen name="x427">632.59dp</dimen>
    <dimen name="x428">634.07dp</dimen>
    <dimen name="x429">635.56dp</dimen>
    <dimen name="x430">637.04dp</dimen>
    <dimen name="x431">638.52dp</dimen>
    <dimen name="x432">640.00dp</dimen>
    <dimen name="x433">641.48dp</dimen>
    <dimen name="x434">642.96dp</dimen>
    <dimen name="x435">644.44dp</dimen>
    <dimen name="x436">645.93dp</dimen>
    <dimen name="x437">647.41dp</dimen>
    <dimen name="x438">648.89dp</dimen>
    <dimen name="x439">650.37dp</dimen>
    <dimen name="x440">651.85dp</dimen>
    <dimen name="x441">653.33dp</dimen>
    <dimen name="x442">654.81dp</dimen>
    <dimen name="x443">656.30dp</dimen>
    <dimen name="x444">657.78dp</dimen>
    <dimen name="x445">659.26dp</dimen>
    <dimen name="x446">660.74dp</dimen>
    <dimen name="x447">662.22dp</dimen>
    <dimen name="x448">663.70dp</dimen>
    <dimen name="x449">665.19dp</dimen>
    <dimen name="x450">666.67dp</dimen>
    <dimen name="x451">668.15dp</dimen>
    <dimen name="x452">669.63dp</dimen>
    <dimen name="x453">671.11dp</dimen>
    <dimen name="x454">672.59dp</dimen>
    <dimen name="x455">674.07dp</dimen>
    <dimen name="x456">675.56dp</dimen>
    <dimen name="x457">677.04dp</dimen>
    <dimen name="x458">678.52dp</dimen>
    <dimen name="x459">680.00dp</dimen>
    <dimen name="x460">681.48dp</dimen>
    <dimen name="x461">682.96dp</dimen>
    <dimen name="x462">684.44dp</dimen>
    <dimen name="x463">685.93dp</dimen>
    <dimen name="x464">687.41dp</dimen>
    <dimen name="x465">688.89dp</dimen>
    <dimen name="x466">690.37dp</dimen>
    <dimen name="x467">691.85dp</dimen>
    <dimen name="x468">693.33dp</dimen>
    <dimen name="x469">694.81dp</dimen>
    <dimen name="x470">696.30dp</dimen>
    <dimen name="x471">697.78dp</dimen>
    <dimen name="x472">699.26dp</dimen>
    <dimen name="x473">700.74dp</dimen>
    <dimen name="x474">702.22dp</dimen>
    <dimen name="x475">703.70dp</dimen>
    <dimen name="x476">705.19dp</dimen>
    <dimen name="x477">706.67dp</dimen>
    <dimen name="x478">708.15dp</dimen>
    <dimen name="x479">709.63dp</dimen>
    <dimen name="x480">711.11dp</dimen>
    <dimen name="x481">712.59dp</dimen>
    <dimen name="x482">714.07dp</dimen>
    <dimen name="x483">715.56dp</dimen>
    <dimen name="x484">717.04dp</dimen>
    <dimen name="x485">718.52dp</dimen>
    <dimen name="x486">720.00dp</dimen>
    <dimen name="x487">721.48dp</dimen>
    <dimen name="x488">722.96dp</dimen>
    <dimen name="x489">724.44dp</dimen>
    <dimen name="x490">725.93dp</dimen>
    <dimen name="x491">727.41dp</dimen>
    <dimen name="x492">728.89dp</dimen>
    <dimen name="x493">730.37dp</dimen>
    <dimen name="x494">731.85dp</dimen>
    <dimen name="x495">733.33dp</dimen>
    <dimen name="x496">734.81dp</dimen>
    <dimen name="x497">736.30dp</dimen>
    <dimen name="x498">737.78dp</dimen>
    <dimen name="x499">739.26dp</dimen>
    <dimen name="x500">740.74dp</dimen>
    <dimen name="x501">742.22dp</dimen>
    <dimen name="x502">743.70dp</dimen>
    <dimen name="x503">745.19dp</dimen>
    <dimen name="x504">746.67dp</dimen>
    <dimen name="x505">748.15dp</dimen>
    <dimen name="x506">749.63dp</dimen>
    <dimen name="x507">751.11dp</dimen>
    <dimen name="x508">752.59dp</dimen>
    <dimen name="x509">754.07dp</dimen>
    <dimen name="x510">755.56dp</dimen>
    <dimen name="x511">757.04dp</dimen>
    <dimen name="x512">758.52dp</dimen>
    <dimen name="x513">760.00dp</dimen>
    <dimen name="x514">761.48dp</dimen>
    <dimen name="x515">762.96dp</dimen>
    <dimen name="x516">764.44dp</dimen>
    <dimen name="x517">765.93dp</dimen>
    <dimen name="x518">767.41dp</dimen>
    <dimen name="x519">768.89dp</dimen>
    <dimen name="x520">770.37dp</dimen>
    <dimen name="x521">771.85dp</dimen>
    <dimen name="x522">773.33dp</dimen>
    <dimen name="x523">774.81dp</dimen>
    <dimen name="x524">776.30dp</dimen>
    <dimen name="x525">777.78dp</dimen>
    <dimen name="x526">779.26dp</dimen>
    <dimen name="x527">780.74dp</dimen>
    <dimen name="x528">782.22dp</dimen>
    <dimen name="x529">783.70dp</dimen>
    <dimen name="x530">785.19dp</dimen>
    <dimen name="x531">786.67dp</dimen>
    <dimen name="x532">788.15dp</dimen>
    <dimen name="x533">789.63dp</dimen>
    <dimen name="x534">791.11dp</dimen>
    <dimen name="x535">792.59dp</dimen>
    <dimen name="x536">794.07dp</dimen>
    <dimen name="x537">795.56dp</dimen>
    <dimen name="x538">797.04dp</dimen>
    <dimen name="x539">798.52dp</dimen>
    <dimen name="x540">800.00dp</dimen>
    <dimen name="x541">801.48dp</dimen>
    <dimen name="x542">802.96dp</dimen>
    <dimen name="x543">804.44dp</dimen>
    <dimen name="x544">805.93dp</dimen>
    <dimen name="x545">807.41dp</dimen>
    <dimen name="x546">808.89dp</dimen>
    <dimen name="x547">810.37dp</dimen>
    <dimen name="x548">811.85dp</dimen>
    <dimen name="x549">813.33dp</dimen>
    <dimen name="x550">814.81dp</dimen>
    <dimen name="x551">816.30dp</dimen>
    <dimen name="x552">817.78dp</dimen>
    <dimen name="x553">819.26dp</dimen>
    <dimen name="x554">820.74dp</dimen>
    <dimen name="x555">822.22dp</dimen>
    <dimen name="x556">823.70dp</dimen>
    <dimen name="x557">825.19dp</dimen>
    <dimen name="x558">826.67dp</dimen>
    <dimen name="x559">828.15dp</dimen>
    <dimen name="x560">829.63dp</dimen>
    <dimen name="x561">831.11dp</dimen>
    <dimen name="x562">832.59dp</dimen>
    <dimen name="x563">834.07dp</dimen>
    <dimen name="x564">835.56dp</dimen>
    <dimen name="x565">837.04dp</dimen>
    <dimen name="x566">838.52dp</dimen>
    <dimen name="x567">840.00dp</dimen>
    <dimen name="x568">841.48dp</dimen>
    <dimen name="x569">842.96dp</dimen>
    <dimen name="x570">844.44dp</dimen>
    <dimen name="x571">845.93dp</dimen>
    <dimen name="x572">847.41dp</dimen>
    <dimen name="x573">848.89dp</dimen>
    <dimen name="x574">850.37dp</dimen>
    <dimen name="x575">851.85dp</dimen>
    <dimen name="x576">853.33dp</dimen>
    <dimen name="x577">854.81dp</dimen>
    <dimen name="x578">856.30dp</dimen>
    <dimen name="x579">857.78dp</dimen>
    <dimen name="x580">859.26dp</dimen>
    <dimen name="x581">860.74dp</dimen>
    <dimen name="x582">862.22dp</dimen>
    <dimen name="x583">863.70dp</dimen>
    <dimen name="x584">865.19dp</dimen>
    <dimen name="x585">866.67dp</dimen>
    <dimen name="x586">868.15dp</dimen>
    <dimen name="x587">869.63dp</dimen>
    <dimen name="x588">871.11dp</dimen>
    <dimen name="x589">872.59dp</dimen>
    <dimen name="x590">874.07dp</dimen>
    <dimen name="x591">875.56dp</dimen>
    <dimen name="x592">877.04dp</dimen>
    <dimen name="x593">878.52dp</dimen>
    <dimen name="x594">880.00dp</dimen>
    <dimen name="x595">881.48dp</dimen>
    <dimen name="x596">882.96dp</dimen>
    <dimen name="x597">884.44dp</dimen>
    <dimen name="x598">885.93dp</dimen>
    <dimen name="x599">887.41dp</dimen>
    <dimen name="x600">888.89dp</dimen>
    <dimen name="x601">890.37dp</dimen>
    <dimen name="x602">891.85dp</dimen>
    <dimen name="x603">893.33dp</dimen>
    <dimen name="x604">894.81dp</dimen>
    <dimen name="x605">896.30dp</dimen>
    <dimen name="x606">897.78dp</dimen>
    <dimen name="x607">899.26dp</dimen>
    <dimen name="x608">900.74dp</dimen>
    <dimen name="x609">902.22dp</dimen>
    <dimen name="x610">903.70dp</dimen>
    <dimen name="x611">905.19dp</dimen>
    <dimen name="x612">906.67dp</dimen>
    <dimen name="x613">908.15dp</dimen>
    <dimen name="x614">909.63dp</dimen>
    <dimen name="x615">911.11dp</dimen>
    <dimen name="x616">912.59dp</dimen>
    <dimen name="x617">914.07dp</dimen>
    <dimen name="x618">915.56dp</dimen>
    <dimen name="x619">917.04dp</dimen>
    <dimen name="x620">918.52dp</dimen>
    <dimen name="x621">920.00dp</dimen>
    <dimen name="x622">921.48dp</dimen>
    <dimen name="x623">922.96dp</dimen>
    <dimen name="x624">924.44dp</dimen>
    <dimen name="x625">925.93dp</dimen>
    <dimen name="x626">927.41dp</dimen>
    <dimen name="x627">928.89dp</dimen>
    <dimen name="x628">930.37dp</dimen>
    <dimen name="x629">931.85dp</dimen>
    <dimen name="x630">933.33dp</dimen>
    <dimen name="x631">934.81dp</dimen>
    <dimen name="x632">936.30dp</dimen>
    <dimen name="x633">937.78dp</dimen>
    <dimen name="x634">939.26dp</dimen>
    <dimen name="x635">940.74dp</dimen>
    <dimen name="x636">942.22dp</dimen>
    <dimen name="x637">943.70dp</dimen>
    <dimen name="x638">945.19dp</dimen>
    <dimen name="x639">946.67dp</dimen>
    <dimen name="x640">948.15dp</dimen>
    <dimen name="x641">949.63dp</dimen>
    <dimen name="x642">951.11dp</dimen>
    <dimen name="x643">952.59dp</dimen>
    <dimen name="x644">954.07dp</dimen>
    <dimen name="x645">955.56dp</dimen>
    <dimen name="x646">957.04dp</dimen>
    <dimen name="x647">958.52dp</dimen>
    <dimen name="x648">960.00dp</dimen>
    <dimen name="x649">961.48dp</dimen>
    <dimen name="x650">962.96dp</dimen>
    <dimen name="x651">964.44dp</dimen>
    <dimen name="x652">965.93dp</dimen>
    <dimen name="x653">967.41dp</dimen>
    <dimen name="x654">968.89dp</dimen>
    <dimen name="x655">970.37dp</dimen>
    <dimen name="x656">971.85dp</dimen>
    <dimen name="x657">973.33dp</dimen>
    <dimen name="x658">974.81dp</dimen>
    <dimen name="x659">976.30dp</dimen>
    <dimen name="x660">977.78dp</dimen>
    <dimen name="x661">979.26dp</dimen>
    <dimen name="x662">980.74dp</dimen>
    <dimen name="x663">982.22dp</dimen>
    <dimen name="x664">983.70dp</dimen>
    <dimen name="x665">985.19dp</dimen>
    <dimen name="x666">986.67dp</dimen>
    <dimen name="x667">988.15dp</dimen>
    <dimen name="x668">989.63dp</dimen>
    <dimen name="x669">991.11dp</dimen>
    <dimen name="x670">992.59dp</dimen>
    <dimen name="x671">994.07dp</dimen>
    <dimen name="x672">995.56dp</dimen>
    <dimen name="x673">997.04dp</dimen>
    <dimen name="x674">998.52dp</dimen>
    <dimen name="x675">1000.00dp</dimen>
    <dimen name="x676">1001.48dp</dimen>
    <dimen name="x677">1002.96dp</dimen>
    <dimen name="x678">1004.44dp</dimen>
    <dimen name="x679">1005.93dp</dimen>
    <dimen name="x680">1007.41dp</dimen>
    <dimen name="x681">1008.89dp</dimen>
    <dimen name="x682">1010.37dp</dimen>
    <dimen name="x683">1011.85dp</dimen>
    <dimen name="x684">1013.33dp</dimen>
    <dimen name="x685">1014.81dp</dimen>
    <dimen name="x686">1016.30dp</dimen>
    <dimen name="x687">1017.78dp</dimen>
    <dimen name="x688">1019.26dp</dimen>
    <dimen name="x689">1020.74dp</dimen>
    <dimen name="x690">1022.22dp</dimen>
    <dimen name="x691">1023.70dp</dimen>
    <dimen name="x692">1025.19dp</dimen>
    <dimen name="x693">1026.67dp</dimen>
    <dimen name="x694">1028.15dp</dimen>
    <dimen name="x695">1029.63dp</dimen>
    <dimen name="x696">1031.11dp</dimen>
    <dimen name="x697">1032.59dp</dimen>
    <dimen name="x698">1034.07dp</dimen>
    <dimen name="x699">1035.56dp</dimen>
    <dimen name="x700">1037.04dp</dimen>
    <dimen name="x701">1038.52dp</dimen>
    <dimen name="x702">1040.00dp</dimen>
    <dimen name="x703">1041.48dp</dimen>
    <dimen name="x704">1042.96dp</dimen>
    <dimen name="x705">1044.44dp</dimen>
    <dimen name="x706">1045.93dp</dimen>
    <dimen name="x707">1047.41dp</dimen>
    <dimen name="x708">1048.89dp</dimen>
    <dimen name="x709">1050.37dp</dimen>
    <dimen name="x710">1051.85dp</dimen>
    <dimen name="x711">1053.33dp</dimen>
    <dimen name="x712">1054.81dp</dimen>
    <dimen name="x713">1056.30dp</dimen>
    <dimen name="x714">1057.78dp</dimen>
    <dimen name="x715">1059.26dp</dimen>
    <dimen name="x716">1060.74dp</dimen>
    <dimen name="x717">1062.22dp</dimen>
    <dimen name="x718">1063.70dp</dimen>
    <dimen name="x719">1065.19dp</dimen>
    <dimen name="x720">1066.67dp</dimen>
    <dimen name="x721">1068.15dp</dimen>
    <dimen name="x722">1069.63dp</dimen>
    <dimen name="x723">1071.11dp</dimen>
    <dimen name="x724">1072.59dp</dimen>
    <dimen name="x725">1074.07dp</dimen>
    <dimen name="x726">1075.56dp</dimen>
    <dimen name="x727">1077.04dp</dimen>
    <dimen name="x728">1078.52dp</dimen>
    <dimen name="x729">1080.00dp</dimen>
    <dimen name="x730">1081.48dp</dimen>
    <dimen name="x731">1082.96dp</dimen>
    <dimen name="x732">1084.44dp</dimen>
    <dimen name="x733">1085.93dp</dimen>
    <dimen name="x734">1087.41dp</dimen>
    <dimen name="x735">1088.89dp</dimen>
    <dimen name="x736">1090.37dp</dimen>
    <dimen name="x737">1091.85dp</dimen>
    <dimen name="x738">1093.33dp</dimen>
    <dimen name="x739">1094.81dp</dimen>
    <dimen name="x740">1096.30dp</dimen>
    <dimen name="x741">1097.78dp</dimen>
    <dimen name="x742">1099.26dp</dimen>
    <dimen name="x743">1100.74dp</dimen>
    <dimen name="x744">1102.22dp</dimen>
    <dimen name="x745">1103.70dp</dimen>
    <dimen name="x746">1105.19dp</dimen>
    <dimen name="x747">1106.67dp</dimen>
    <dimen name="x748">1108.15dp</dimen>
    <dimen name="x749">1109.63dp</dimen>
    <dimen name="x750">1111.11dp</dimen>
    <dimen name="x751">1112.59dp</dimen>
    <dimen name="x752">1114.07dp</dimen>
    <dimen name="x753">1115.56dp</dimen>
    <dimen name="x754">1117.04dp</dimen>
    <dimen name="x755">1118.52dp</dimen>
    <dimen name="x756">1120.00dp</dimen>
    <dimen name="x757">1121.48dp</dimen>
    <dimen name="x758">1122.96dp</dimen>
    <dimen name="x759">1124.44dp</dimen>
    <dimen name="x760">1125.93dp</dimen>
    <dimen name="x761">1127.41dp</dimen>
    <dimen name="x762">1128.89dp</dimen>
    <dimen name="x763">1130.37dp</dimen>
    <dimen name="x764">1131.85dp</dimen>
    <dimen name="x765">1133.33dp</dimen>
    <dimen name="x766">1134.81dp</dimen>
    <dimen name="x767">1136.30dp</dimen>
    <dimen name="x768">1137.78dp</dimen>
    <dimen name="x769">1139.26dp</dimen>
    <dimen name="x770">1140.74dp</dimen>
    <dimen name="x771">1142.22dp</dimen>
    <dimen name="x772">1143.70dp</dimen>
    <dimen name="x773">1145.19dp</dimen>
    <dimen name="x774">1146.67dp</dimen>
    <dimen name="x775">1148.15dp</dimen>
    <dimen name="x776">1149.63dp</dimen>
    <dimen name="x777">1151.11dp</dimen>
    <dimen name="x778">1152.59dp</dimen>
    <dimen name="x779">1154.07dp</dimen>
    <dimen name="x780">1155.56dp</dimen>
    <dimen name="x781">1157.04dp</dimen>
    <dimen name="x782">1158.52dp</dimen>
    <dimen name="x783">1160.00dp</dimen>
    <dimen name="x784">1161.48dp</dimen>
    <dimen name="x785">1162.96dp</dimen>
    <dimen name="x786">1164.44dp</dimen>
    <dimen name="x787">1165.93dp</dimen>
    <dimen name="x788">1167.41dp</dimen>
    <dimen name="x789">1168.89dp</dimen>
    <dimen name="x790">1170.37dp</dimen>
    <dimen name="x791">1171.85dp</dimen>
    <dimen name="x792">1173.33dp</dimen>
    <dimen name="x793">1174.81dp</dimen>
    <dimen name="x794">1176.30dp</dimen>
    <dimen name="x795">1177.78dp</dimen>
    <dimen name="x796">1179.26dp</dimen>
    <dimen name="x797">1180.74dp</dimen>
    <dimen name="x798">1182.22dp</dimen>
    <dimen name="x799">1183.70dp</dimen>
    <dimen name="x800">1185.19dp</dimen>
    <dimen name="x801">1186.67dp</dimen>
    <dimen name="x802">1188.15dp</dimen>
    <dimen name="x803">1189.63dp</dimen>
    <dimen name="x804">1191.11dp</dimen>
    <dimen name="x805">1192.59dp</dimen>
    <dimen name="x806">1194.07dp</dimen>
    <dimen name="x807">1195.56dp</dimen>
    <dimen name="x808">1197.04dp</dimen>
    <dimen name="x809">1198.52dp</dimen>
    <dimen name="x810">1200.00dp</dimen>
    <dimen name="x811">1201.48dp</dimen>
    <dimen name="x812">1202.96dp</dimen>
    <dimen name="x813">1204.44dp</dimen>
    <dimen name="x814">1205.93dp</dimen>
    <dimen name="x815">1207.41dp</dimen>
    <dimen name="x816">1208.89dp</dimen>
    <dimen name="x817">1210.37dp</dimen>
    <dimen name="x818">1211.85dp</dimen>
    <dimen name="x819">1213.33dp</dimen>
    <dimen name="x820">1214.81dp</dimen>
    <dimen name="x821">1216.30dp</dimen>
    <dimen name="x822">1217.78dp</dimen>
    <dimen name="x823">1219.26dp</dimen>
    <dimen name="x824">1220.74dp</dimen>
    <dimen name="x825">1222.22dp</dimen>
    <dimen name="x826">1223.70dp</dimen>
    <dimen name="x827">1225.19dp</dimen>
    <dimen name="x828">1226.67dp</dimen>
    <dimen name="x829">1228.15dp</dimen>
    <dimen name="x830">1229.63dp</dimen>
    <dimen name="x831">1231.11dp</dimen>
    <dimen name="x832">1232.59dp</dimen>
    <dimen name="x833">1234.07dp</dimen>
    <dimen name="x834">1235.56dp</dimen>
    <dimen name="x835">1237.04dp</dimen>
    <dimen name="x836">1238.52dp</dimen>
    <dimen name="x837">1240.00dp</dimen>
    <dimen name="x838">1241.48dp</dimen>
    <dimen name="x839">1242.96dp</dimen>
    <dimen name="x840">1244.44dp</dimen>
    <dimen name="x841">1245.93dp</dimen>
    <dimen name="x842">1247.41dp</dimen>
    <dimen name="x843">1248.89dp</dimen>
    <dimen name="x844">1250.37dp</dimen>
    <dimen name="x845">1251.85dp</dimen>
    <dimen name="x846">1253.33dp</dimen>
    <dimen name="x847">1254.81dp</dimen>
    <dimen name="x848">1256.30dp</dimen>
    <dimen name="x849">1257.78dp</dimen>
    <dimen name="x850">1259.26dp</dimen>
    <dimen name="x851">1260.74dp</dimen>
    <dimen name="x852">1262.22dp</dimen>
    <dimen name="x853">1263.70dp</dimen>
    <dimen name="x854">1265.19dp</dimen>
    <dimen name="x855">1266.67dp</dimen>
    <dimen name="x856">1268.15dp</dimen>
    <dimen name="x857">1269.63dp</dimen>
    <dimen name="x858">1271.11dp</dimen>
    <dimen name="x859">1272.59dp</dimen>
    <dimen name="x860">1274.07dp</dimen>
    <dimen name="x861">1275.56dp</dimen>
    <dimen name="x862">1277.04dp</dimen>
    <dimen name="x863">1278.52dp</dimen>
    <dimen name="x864">1280.00dp</dimen>
    <dimen name="x865">1281.48dp</dimen>
    <dimen name="x866">1282.96dp</dimen>
    <dimen name="x867">1284.44dp</dimen>
    <dimen name="x868">1285.93dp</dimen>
    <dimen name="x869">1287.41dp</dimen>
    <dimen name="x870">1288.89dp</dimen>
    <dimen name="x871">1290.37dp</dimen>
    <dimen name="x872">1291.85dp</dimen>
    <dimen name="x873">1293.33dp</dimen>
    <dimen name="x874">1294.81dp</dimen>
    <dimen name="x875">1296.30dp</dimen>
    <dimen name="x876">1297.78dp</dimen>
    <dimen name="x877">1299.26dp</dimen>
    <dimen name="x878">1300.74dp</dimen>
    <dimen name="x879">1302.22dp</dimen>
    <dimen name="x880">1303.70dp</dimen>
    <dimen name="x881">1305.19dp</dimen>
    <dimen name="x882">1306.67dp</dimen>
    <dimen name="x883">1308.15dp</dimen>
    <dimen name="x884">1309.63dp</dimen>
    <dimen name="x885">1311.11dp</dimen>
    <dimen name="x886">1312.59dp</dimen>
    <dimen name="x887">1314.07dp</dimen>
    <dimen name="x888">1315.56dp</dimen>
    <dimen name="x889">1317.04dp</dimen>
    <dimen name="x890">1318.52dp</dimen>
    <dimen name="x891">1320.00dp</dimen>
    <dimen name="x892">1321.48dp</dimen>
    <dimen name="x893">1322.96dp</dimen>
    <dimen name="x894">1324.44dp</dimen>
    <dimen name="x895">1325.93dp</dimen>
    <dimen name="x896">1327.41dp</dimen>
    <dimen name="x897">1328.89dp</dimen>
    <dimen name="x898">1330.37dp</dimen>
    <dimen name="x899">1331.85dp</dimen>
    <dimen name="x900">1333.33dp</dimen>
    <dimen name="x901">1334.81dp</dimen>
    <dimen name="x902">1336.30dp</dimen>
    <dimen name="x903">1337.78dp</dimen>
    <dimen name="x904">1339.26dp</dimen>
    <dimen name="x905">1340.74dp</dimen>
    <dimen name="x906">1342.22dp</dimen>
    <dimen name="x907">1343.70dp</dimen>
    <dimen name="x908">1345.19dp</dimen>
    <dimen name="x909">1346.67dp</dimen>
    <dimen name="x910">1348.15dp</dimen>
    <dimen name="x911">1349.63dp</dimen>
    <dimen name="x912">1351.11dp</dimen>
    <dimen name="x913">1352.59dp</dimen>
    <dimen name="x914">1354.07dp</dimen>
    <dimen name="x915">1355.56dp</dimen>
    <dimen name="x916">1357.04dp</dimen>
    <dimen name="x917">1358.52dp</dimen>
    <dimen name="x918">1360.00dp</dimen>
    <dimen name="x919">1361.48dp</dimen>
    <dimen name="x920">1362.96dp</dimen>
    <dimen name="x921">1364.44dp</dimen>
    <dimen name="x922">1365.93dp</dimen>
    <dimen name="x923">1367.41dp</dimen>
    <dimen name="x924">1368.89dp</dimen>
    <dimen name="x925">1370.37dp</dimen>
    <dimen name="x926">1371.85dp</dimen>
    <dimen name="x927">1373.33dp</dimen>
    <dimen name="x928">1374.81dp</dimen>
    <dimen name="x929">1376.30dp</dimen>
    <dimen name="x930">1377.78dp</dimen>
    <dimen name="x931">1379.26dp</dimen>
    <dimen name="x932">1380.74dp</dimen>
    <dimen name="x933">1382.22dp</dimen>
    <dimen name="x934">1383.70dp</dimen>
    <dimen name="x935">1385.19dp</dimen>
    <dimen name="x936">1386.67dp</dimen>
    <dimen name="x937">1388.15dp</dimen>
    <dimen name="x938">1389.63dp</dimen>
    <dimen name="x939">1391.11dp</dimen>
    <dimen name="x940">1392.59dp</dimen>
    <dimen name="x941">1394.07dp</dimen>
    <dimen name="x942">1395.56dp</dimen>
    <dimen name="x943">1397.04dp</dimen>
    <dimen name="x944">1398.52dp</dimen>
    <dimen name="x945">1400.00dp</dimen>
    <dimen name="x946">1401.48dp</dimen>
    <dimen name="x947">1402.96dp</dimen>
    <dimen name="x948">1404.44dp</dimen>
    <dimen name="x949">1405.93dp</dimen>
    <dimen name="x950">1407.41dp</dimen>
    <dimen name="x951">1408.89dp</dimen>
    <dimen name="x952">1410.37dp</dimen>
    <dimen name="x953">1411.85dp</dimen>
    <dimen name="x954">1413.33dp</dimen>
    <dimen name="x955">1414.81dp</dimen>
    <dimen name="x956">1416.30dp</dimen>
    <dimen name="x957">1417.78dp</dimen>
    <dimen name="x958">1419.26dp</dimen>
    <dimen name="x959">1420.74dp</dimen>
    <dimen name="x960">1422.22dp</dimen>
    <dimen name="x961">1423.70dp</dimen>
    <dimen name="x962">1425.19dp</dimen>
    <dimen name="x963">1426.67dp</dimen>
    <dimen name="x964">1428.15dp</dimen>
    <dimen name="x965">1429.63dp</dimen>
    <dimen name="x966">1431.11dp</dimen>
    <dimen name="x967">1432.59dp</dimen>
    <dimen name="x968">1434.07dp</dimen>
    <dimen name="x969">1435.56dp</dimen>
    <dimen name="x970">1437.04dp</dimen>
    <dimen name="x971">1438.52dp</dimen>
    <dimen name="x972">1440.00dp</dimen>
    <dimen name="x973">1441.48dp</dimen>
    <dimen name="x974">1442.96dp</dimen>
    <dimen name="x975">1444.44dp</dimen>
    <dimen name="x976">1445.93dp</dimen>
    <dimen name="x977">1447.41dp</dimen>
    <dimen name="x978">1448.89dp</dimen>
    <dimen name="x979">1450.37dp</dimen>
    <dimen name="x980">1451.85dp</dimen>
    <dimen name="x981">1453.33dp</dimen>
    <dimen name="x982">1454.81dp</dimen>
    <dimen name="x983">1456.30dp</dimen>
    <dimen name="x984">1457.78dp</dimen>
    <dimen name="x985">1459.26dp</dimen>
    <dimen name="x986">1460.74dp</dimen>
    <dimen name="x987">1462.22dp</dimen>
    <dimen name="x988">1463.70dp</dimen>
    <dimen name="x989">1465.19dp</dimen>
    <dimen name="x990">1466.67dp</dimen>
    <dimen name="x991">1468.15dp</dimen>
    <dimen name="x992">1469.63dp</dimen>
    <dimen name="x993">1471.11dp</dimen>
    <dimen name="x994">1472.59dp</dimen>
    <dimen name="x995">1474.07dp</dimen>
    <dimen name="x996">1475.56dp</dimen>
    <dimen name="x997">1477.04dp</dimen>
    <dimen name="x998">1478.52dp</dimen>
    <dimen name="x999">1480.00dp</dimen>
    <dimen name="x1000">1481.48dp</dimen>
    <dimen name="x1001">1482.96dp</dimen>
    <dimen name="x1002">1484.44dp</dimen>
    <dimen name="x1003">1485.93dp</dimen>
    <dimen name="x1004">1487.41dp</dimen>
    <dimen name="x1005">1488.89dp</dimen>
    <dimen name="x1006">1490.37dp</dimen>
    <dimen name="x1007">1491.85dp</dimen>
    <dimen name="x1008">1493.33dp</dimen>
    <dimen name="x1009">1494.81dp</dimen>
    <dimen name="x1010">1496.30dp</dimen>
    <dimen name="x1011">1497.78dp</dimen>
    <dimen name="x1012">1499.26dp</dimen>
    <dimen name="x1013">1500.74dp</dimen>
    <dimen name="x1014">1502.22dp</dimen>
    <dimen name="x1015">1503.70dp</dimen>
    <dimen name="x1016">1505.19dp</dimen>
    <dimen name="x1017">1506.67dp</dimen>
    <dimen name="x1018">1508.15dp</dimen>
    <dimen name="x1019">1509.63dp</dimen>
    <dimen name="x1020">1511.11dp</dimen>
    <dimen name="x1021">1512.59dp</dimen>
    <dimen name="x1022">1514.07dp</dimen>
    <dimen name="x1023">1515.56dp</dimen>
    <dimen name="x1024">1517.04dp</dimen>
    <dimen name="x1025">1518.52dp</dimen>
    <dimen name="x1026">1520.00dp</dimen>
    <dimen name="x1027">1521.48dp</dimen>
    <dimen name="x1028">1522.96dp</dimen>
    <dimen name="x1029">1524.44dp</dimen>
    <dimen name="x1030">1525.93dp</dimen>
    <dimen name="x1031">1527.41dp</dimen>
    <dimen name="x1032">1528.89dp</dimen>
    <dimen name="x1033">1530.37dp</dimen>
    <dimen name="x1034">1531.85dp</dimen>
    <dimen name="x1035">1533.33dp</dimen>
    <dimen name="x1036">1534.81dp</dimen>
    <dimen name="x1037">1536.30dp</dimen>
    <dimen name="x1038">1537.78dp</dimen>
    <dimen name="x1039">1539.26dp</dimen>
    <dimen name="x1040">1540.74dp</dimen>
    <dimen name="x1041">1542.22dp</dimen>
    <dimen name="x1042">1543.70dp</dimen>
    <dimen name="x1043">1545.19dp</dimen>
    <dimen name="x1044">1546.67dp</dimen>
    <dimen name="x1045">1548.15dp</dimen>
    <dimen name="x1046">1549.63dp</dimen>
    <dimen name="x1047">1551.11dp</dimen>
    <dimen name="x1048">1552.59dp</dimen>
    <dimen name="x1049">1554.07dp</dimen>
    <dimen name="x1050">1555.56dp</dimen>
    <dimen name="x1051">1557.04dp</dimen>
    <dimen name="x1052">1558.52dp</dimen>
    <dimen name="x1053">1560.00dp</dimen>
    <dimen name="x1054">1561.48dp</dimen>
    <dimen name="x1055">1562.96dp</dimen>
    <dimen name="x1056">1564.44dp</dimen>
    <dimen name="x1057">1565.93dp</dimen>
    <dimen name="x1058">1567.41dp</dimen>
    <dimen name="x1059">1568.89dp</dimen>
    <dimen name="x1060">1570.37dp</dimen>
    <dimen name="x1061">1571.85dp</dimen>
    <dimen name="x1062">1573.33dp</dimen>
    <dimen name="x1063">1574.81dp</dimen>
    <dimen name="x1064">1576.30dp</dimen>
    <dimen name="x1065">1577.78dp</dimen>
    <dimen name="x1066">1579.26dp</dimen>
    <dimen name="x1067">1580.74dp</dimen>
    <dimen name="x1068">1582.22dp</dimen>
    <dimen name="x1069">1583.70dp</dimen>
    <dimen name="x1070">1585.19dp</dimen>
    <dimen name="x1071">1586.67dp</dimen>
    <dimen name="x1072">1588.15dp</dimen>
    <dimen name="x1073">1589.63dp</dimen>
    <dimen name="x1074">1591.11dp</dimen>
    <dimen name="x1075">1592.59dp</dimen>
    <dimen name="x1076">1594.07dp</dimen>
    <dimen name="x1077">1595.56dp</dimen>
    <dimen name="x1078">1597.04dp</dimen>
    <dimen name="x1079">1598.52dp</dimen>
    <dimen name="x1080">1600.00dp</dimen>
</resources>