<?xml version="1.0" encoding="utf-8"?>
<resources>
    <string name="sw_dp">1900dp</string>
    <dimen name="x1">1.76dp</dimen>
    <dimen name="x2">3.52dp</dimen>
    <dimen name="x3">5.28dp</dimen>
    <dimen name="x4">7.04dp</dimen>
    <dimen name="x5">8.80dp</dimen>
    <dimen name="x6">10.56dp</dimen>
    <dimen name="x7">12.31dp</dimen>
    <dimen name="x8">14.07dp</dimen>
    <dimen name="x9">15.83dp</dimen>
    <dimen name="x10">17.59dp</dimen>
    <dimen name="x11">19.35dp</dimen>
    <dimen name="x12">21.11dp</dimen>
    <dimen name="x13">22.87dp</dimen>
    <dimen name="x14">24.63dp</dimen>
    <dimen name="x15">26.39dp</dimen>
    <dimen name="x16">28.15dp</dimen>
    <dimen name="x17">29.91dp</dimen>
    <dimen name="x18">31.67dp</dimen>
    <dimen name="x19">33.43dp</dimen>
    <dimen name="x20">35.19dp</dimen>
    <dimen name="x21">36.94dp</dimen>
    <dimen name="x22">38.70dp</dimen>
    <dimen name="x23">40.46dp</dimen>
    <dimen name="x24">42.22dp</dimen>
    <dimen name="x25">43.98dp</dimen>
    <dimen name="x26">45.74dp</dimen>
    <dimen name="x27">47.50dp</dimen>
    <dimen name="x28">49.26dp</dimen>
    <dimen name="x29">51.02dp</dimen>
    <dimen name="x30">52.78dp</dimen>
    <dimen name="x31">54.54dp</dimen>
    <dimen name="x32">56.30dp</dimen>
    <dimen name="x33">58.06dp</dimen>
    <dimen name="x34">59.81dp</dimen>
    <dimen name="x35">61.57dp</dimen>
    <dimen name="x36">63.33dp</dimen>
    <dimen name="x37">65.09dp</dimen>
    <dimen name="x38">66.85dp</dimen>
    <dimen name="x39">68.61dp</dimen>
    <dimen name="x40">70.37dp</dimen>
    <dimen name="x41">72.13dp</dimen>
    <dimen name="x42">73.89dp</dimen>
    <dimen name="x43">75.65dp</dimen>
    <dimen name="x44">77.41dp</dimen>
    <dimen name="x45">79.17dp</dimen>
    <dimen name="x46">80.93dp</dimen>
    <dimen name="x47">82.69dp</dimen>
    <dimen name="x48">84.44dp</dimen>
    <dimen name="x49">86.20dp</dimen>
    <dimen name="x50">87.96dp</dimen>
    <dimen name="x51">89.72dp</dimen>
    <dimen name="x52">91.48dp</dimen>
    <dimen name="x53">93.24dp</dimen>
    <dimen name="x54">95.00dp</dimen>
    <dimen name="x55">96.76dp</dimen>
    <dimen name="x56">98.52dp</dimen>
    <dimen name="x57">100.28dp</dimen>
    <dimen name="x58">102.04dp</dimen>
    <dimen name="x59">103.80dp</dimen>
    <dimen name="x60">105.56dp</dimen>
    <dimen name="x61">107.31dp</dimen>
    <dimen name="x62">109.07dp</dimen>
    <dimen name="x63">110.83dp</dimen>
    <dimen name="x64">112.59dp</dimen>
    <dimen name="x65">114.35dp</dimen>
    <dimen name="x66">116.11dp</dimen>
    <dimen name="x67">117.87dp</dimen>
    <dimen name="x68">119.63dp</dimen>
    <dimen name="x69">121.39dp</dimen>
    <dimen name="x70">123.15dp</dimen>
    <dimen name="x71">124.91dp</dimen>
    <dimen name="x72">126.67dp</dimen>
    <dimen name="x73">128.43dp</dimen>
    <dimen name="x74">130.19dp</dimen>
    <dimen name="x75">131.94dp</dimen>
    <dimen name="x76">133.70dp</dimen>
    <dimen name="x77">135.46dp</dimen>
    <dimen name="x78">137.22dp</dimen>
    <dimen name="x79">138.98dp</dimen>
    <dimen name="x80">140.74dp</dimen>
    <dimen name="x81">142.50dp</dimen>
    <dimen name="x82">144.26dp</dimen>
    <dimen name="x83">146.02dp</dimen>
    <dimen name="x84">147.78dp</dimen>
    <dimen name="x85">149.54dp</dimen>
    <dimen name="x86">151.30dp</dimen>
    <dimen name="x87">153.06dp</dimen>
    <dimen name="x88">154.81dp</dimen>
    <dimen name="x89">156.57dp</dimen>
    <dimen name="x90">158.33dp</dimen>
    <dimen name="x91">160.09dp</dimen>
    <dimen name="x92">161.85dp</dimen>
    <dimen name="x93">163.61dp</dimen>
    <dimen name="x94">165.37dp</dimen>
    <dimen name="x95">167.13dp</dimen>
    <dimen name="x96">168.89dp</dimen>
    <dimen name="x97">170.65dp</dimen>
    <dimen name="x98">172.41dp</dimen>
    <dimen name="x99">174.17dp</dimen>
    <dimen name="x100">175.93dp</dimen>
    <dimen name="x101">177.69dp</dimen>
    <dimen name="x102">179.44dp</dimen>
    <dimen name="x103">181.20dp</dimen>
    <dimen name="x104">182.96dp</dimen>
    <dimen name="x105">184.72dp</dimen>
    <dimen name="x106">186.48dp</dimen>
    <dimen name="x107">188.24dp</dimen>
    <dimen name="x108">190.00dp</dimen>
    <dimen name="x109">191.76dp</dimen>
    <dimen name="x110">193.52dp</dimen>
    <dimen name="x111">195.28dp</dimen>
    <dimen name="x112">197.04dp</dimen>
    <dimen name="x113">198.80dp</dimen>
    <dimen name="x114">200.56dp</dimen>
    <dimen name="x115">202.31dp</dimen>
    <dimen name="x116">204.07dp</dimen>
    <dimen name="x117">205.83dp</dimen>
    <dimen name="x118">207.59dp</dimen>
    <dimen name="x119">209.35dp</dimen>
    <dimen name="x120">211.11dp</dimen>
    <dimen name="x121">212.87dp</dimen>
    <dimen name="x122">214.63dp</dimen>
    <dimen name="x123">216.39dp</dimen>
    <dimen name="x124">218.15dp</dimen>
    <dimen name="x125">219.91dp</dimen>
    <dimen name="x126">221.67dp</dimen>
    <dimen name="x127">223.43dp</dimen>
    <dimen name="x128">225.19dp</dimen>
    <dimen name="x129">226.94dp</dimen>
    <dimen name="x130">228.70dp</dimen>
    <dimen name="x131">230.46dp</dimen>
    <dimen name="x132">232.22dp</dimen>
    <dimen name="x133">233.98dp</dimen>
    <dimen name="x134">235.74dp</dimen>
    <dimen name="x135">237.50dp</dimen>
    <dimen name="x136">239.26dp</dimen>
    <dimen name="x137">241.02dp</dimen>
    <dimen name="x138">242.78dp</dimen>
    <dimen name="x139">244.54dp</dimen>
    <dimen name="x140">246.30dp</dimen>
    <dimen name="x141">248.06dp</dimen>
    <dimen name="x142">249.81dp</dimen>
    <dimen name="x143">251.57dp</dimen>
    <dimen name="x144">253.33dp</dimen>
    <dimen name="x145">255.09dp</dimen>
    <dimen name="x146">256.85dp</dimen>
    <dimen name="x147">258.61dp</dimen>
    <dimen name="x148">260.37dp</dimen>
    <dimen name="x149">262.13dp</dimen>
    <dimen name="x150">263.89dp</dimen>
    <dimen name="x151">265.65dp</dimen>
    <dimen name="x152">267.41dp</dimen>
    <dimen name="x153">269.17dp</dimen>
    <dimen name="x154">270.93dp</dimen>
    <dimen name="x155">272.69dp</dimen>
    <dimen name="x156">274.44dp</dimen>
    <dimen name="x157">276.20dp</dimen>
    <dimen name="x158">277.96dp</dimen>
    <dimen name="x159">279.72dp</dimen>
    <dimen name="x160">281.48dp</dimen>
    <dimen name="x161">283.24dp</dimen>
    <dimen name="x162">285.00dp</dimen>
    <dimen name="x163">286.76dp</dimen>
    <dimen name="x164">288.52dp</dimen>
    <dimen name="x165">290.28dp</dimen>
    <dimen name="x166">292.04dp</dimen>
    <dimen name="x167">293.80dp</dimen>
    <dimen name="x168">295.56dp</dimen>
    <dimen name="x169">297.31dp</dimen>
    <dimen name="x170">299.07dp</dimen>
    <dimen name="x171">300.83dp</dimen>
    <dimen name="x172">302.59dp</dimen>
    <dimen name="x173">304.35dp</dimen>
    <dimen name="x174">306.11dp</dimen>
    <dimen name="x175">307.87dp</dimen>
    <dimen name="x176">309.63dp</dimen>
    <dimen name="x177">311.39dp</dimen>
    <dimen name="x178">313.15dp</dimen>
    <dimen name="x179">314.91dp</dimen>
    <dimen name="x180">316.67dp</dimen>
    <dimen name="x181">318.43dp</dimen>
    <dimen name="x182">320.19dp</dimen>
    <dimen name="x183">321.94dp</dimen>
    <dimen name="x184">323.70dp</dimen>
    <dimen name="x185">325.46dp</dimen>
    <dimen name="x186">327.22dp</dimen>
    <dimen name="x187">328.98dp</dimen>
    <dimen name="x188">330.74dp</dimen>
    <dimen name="x189">332.50dp</dimen>
    <dimen name="x190">334.26dp</dimen>
    <dimen name="x191">336.02dp</dimen>
    <dimen name="x192">337.78dp</dimen>
    <dimen name="x193">339.54dp</dimen>
    <dimen name="x194">341.30dp</dimen>
    <dimen name="x195">343.06dp</dimen>
    <dimen name="x196">344.81dp</dimen>
    <dimen name="x197">346.57dp</dimen>
    <dimen name="x198">348.33dp</dimen>
    <dimen name="x199">350.09dp</dimen>
    <dimen name="x200">351.85dp</dimen>
    <dimen name="x201">353.61dp</dimen>
    <dimen name="x202">355.37dp</dimen>
    <dimen name="x203">357.13dp</dimen>
    <dimen name="x204">358.89dp</dimen>
    <dimen name="x205">360.65dp</dimen>
    <dimen name="x206">362.41dp</dimen>
    <dimen name="x207">364.17dp</dimen>
    <dimen name="x208">365.93dp</dimen>
    <dimen name="x209">367.69dp</dimen>
    <dimen name="x210">369.44dp</dimen>
    <dimen name="x211">371.20dp</dimen>
    <dimen name="x212">372.96dp</dimen>
    <dimen name="x213">374.72dp</dimen>
    <dimen name="x214">376.48dp</dimen>
    <dimen name="x215">378.24dp</dimen>
    <dimen name="x216">380.00dp</dimen>
    <dimen name="x217">381.76dp</dimen>
    <dimen name="x218">383.52dp</dimen>
    <dimen name="x219">385.28dp</dimen>
    <dimen name="x220">387.04dp</dimen>
    <dimen name="x221">388.80dp</dimen>
    <dimen name="x222">390.56dp</dimen>
    <dimen name="x223">392.31dp</dimen>
    <dimen name="x224">394.07dp</dimen>
    <dimen name="x225">395.83dp</dimen>
    <dimen name="x226">397.59dp</dimen>
    <dimen name="x227">399.35dp</dimen>
    <dimen name="x228">401.11dp</dimen>
    <dimen name="x229">402.87dp</dimen>
    <dimen name="x230">404.63dp</dimen>
    <dimen name="x231">406.39dp</dimen>
    <dimen name="x232">408.15dp</dimen>
    <dimen name="x233">409.91dp</dimen>
    <dimen name="x234">411.67dp</dimen>
    <dimen name="x235">413.43dp</dimen>
    <dimen name="x236">415.19dp</dimen>
    <dimen name="x237">416.94dp</dimen>
    <dimen name="x238">418.70dp</dimen>
    <dimen name="x239">420.46dp</dimen>
    <dimen name="x240">422.22dp</dimen>
    <dimen name="x241">423.98dp</dimen>
    <dimen name="x242">425.74dp</dimen>
    <dimen name="x243">427.50dp</dimen>
    <dimen name="x244">429.26dp</dimen>
    <dimen name="x245">431.02dp</dimen>
    <dimen name="x246">432.78dp</dimen>
    <dimen name="x247">434.54dp</dimen>
    <dimen name="x248">436.30dp</dimen>
    <dimen name="x249">438.06dp</dimen>
    <dimen name="x250">439.81dp</dimen>
    <dimen name="x251">441.57dp</dimen>
    <dimen name="x252">443.33dp</dimen>
    <dimen name="x253">445.09dp</dimen>
    <dimen name="x254">446.85dp</dimen>
    <dimen name="x255">448.61dp</dimen>
    <dimen name="x256">450.37dp</dimen>
    <dimen name="x257">452.13dp</dimen>
    <dimen name="x258">453.89dp</dimen>
    <dimen name="x259">455.65dp</dimen>
    <dimen name="x260">457.41dp</dimen>
    <dimen name="x261">459.17dp</dimen>
    <dimen name="x262">460.93dp</dimen>
    <dimen name="x263">462.69dp</dimen>
    <dimen name="x264">464.44dp</dimen>
    <dimen name="x265">466.20dp</dimen>
    <dimen name="x266">467.96dp</dimen>
    <dimen name="x267">469.72dp</dimen>
    <dimen name="x268">471.48dp</dimen>
    <dimen name="x269">473.24dp</dimen>
    <dimen name="x270">475.00dp</dimen>
    <dimen name="x271">476.76dp</dimen>
    <dimen name="x272">478.52dp</dimen>
    <dimen name="x273">480.28dp</dimen>
    <dimen name="x274">482.04dp</dimen>
    <dimen name="x275">483.80dp</dimen>
    <dimen name="x276">485.56dp</dimen>
    <dimen name="x277">487.31dp</dimen>
    <dimen name="x278">489.07dp</dimen>
    <dimen name="x279">490.83dp</dimen>
    <dimen name="x280">492.59dp</dimen>
    <dimen name="x281">494.35dp</dimen>
    <dimen name="x282">496.11dp</dimen>
    <dimen name="x283">497.87dp</dimen>
    <dimen name="x284">499.63dp</dimen>
    <dimen name="x285">501.39dp</dimen>
    <dimen name="x286">503.15dp</dimen>
    <dimen name="x287">504.91dp</dimen>
    <dimen name="x288">506.67dp</dimen>
    <dimen name="x289">508.43dp</dimen>
    <dimen name="x290">510.19dp</dimen>
    <dimen name="x291">511.94dp</dimen>
    <dimen name="x292">513.70dp</dimen>
    <dimen name="x293">515.46dp</dimen>
    <dimen name="x294">517.22dp</dimen>
    <dimen name="x295">518.98dp</dimen>
    <dimen name="x296">520.74dp</dimen>
    <dimen name="x297">522.50dp</dimen>
    <dimen name="x298">524.26dp</dimen>
    <dimen name="x299">526.02dp</dimen>
    <dimen name="x300">527.78dp</dimen>
    <dimen name="x301">529.54dp</dimen>
    <dimen name="x302">531.30dp</dimen>
    <dimen name="x303">533.06dp</dimen>
    <dimen name="x304">534.81dp</dimen>
    <dimen name="x305">536.57dp</dimen>
    <dimen name="x306">538.33dp</dimen>
    <dimen name="x307">540.09dp</dimen>
    <dimen name="x308">541.85dp</dimen>
    <dimen name="x309">543.61dp</dimen>
    <dimen name="x310">545.37dp</dimen>
    <dimen name="x311">547.13dp</dimen>
    <dimen name="x312">548.89dp</dimen>
    <dimen name="x313">550.65dp</dimen>
    <dimen name="x314">552.41dp</dimen>
    <dimen name="x315">554.17dp</dimen>
    <dimen name="x316">555.93dp</dimen>
    <dimen name="x317">557.69dp</dimen>
    <dimen name="x318">559.44dp</dimen>
    <dimen name="x319">561.20dp</dimen>
    <dimen name="x320">562.96dp</dimen>
    <dimen name="x321">564.72dp</dimen>
    <dimen name="x322">566.48dp</dimen>
    <dimen name="x323">568.24dp</dimen>
    <dimen name="x324">570.00dp</dimen>
    <dimen name="x325">571.76dp</dimen>
    <dimen name="x326">573.52dp</dimen>
    <dimen name="x327">575.28dp</dimen>
    <dimen name="x328">577.04dp</dimen>
    <dimen name="x329">578.80dp</dimen>
    <dimen name="x330">580.56dp</dimen>
    <dimen name="x331">582.31dp</dimen>
    <dimen name="x332">584.07dp</dimen>
    <dimen name="x333">585.83dp</dimen>
    <dimen name="x334">587.59dp</dimen>
    <dimen name="x335">589.35dp</dimen>
    <dimen name="x336">591.11dp</dimen>
    <dimen name="x337">592.87dp</dimen>
    <dimen name="x338">594.63dp</dimen>
    <dimen name="x339">596.39dp</dimen>
    <dimen name="x340">598.15dp</dimen>
    <dimen name="x341">599.91dp</dimen>
    <dimen name="x342">601.67dp</dimen>
    <dimen name="x343">603.43dp</dimen>
    <dimen name="x344">605.19dp</dimen>
    <dimen name="x345">606.94dp</dimen>
    <dimen name="x346">608.70dp</dimen>
    <dimen name="x347">610.46dp</dimen>
    <dimen name="x348">612.22dp</dimen>
    <dimen name="x349">613.98dp</dimen>
    <dimen name="x350">615.74dp</dimen>
    <dimen name="x351">617.50dp</dimen>
    <dimen name="x352">619.26dp</dimen>
    <dimen name="x353">621.02dp</dimen>
    <dimen name="x354">622.78dp</dimen>
    <dimen name="x355">624.54dp</dimen>
    <dimen name="x356">626.30dp</dimen>
    <dimen name="x357">628.06dp</dimen>
    <dimen name="x358">629.81dp</dimen>
    <dimen name="x359">631.57dp</dimen>
    <dimen name="x360">633.33dp</dimen>
    <dimen name="x361">635.09dp</dimen>
    <dimen name="x362">636.85dp</dimen>
    <dimen name="x363">638.61dp</dimen>
    <dimen name="x364">640.37dp</dimen>
    <dimen name="x365">642.13dp</dimen>
    <dimen name="x366">643.89dp</dimen>
    <dimen name="x367">645.65dp</dimen>
    <dimen name="x368">647.41dp</dimen>
    <dimen name="x369">649.17dp</dimen>
    <dimen name="x370">650.93dp</dimen>
    <dimen name="x371">652.69dp</dimen>
    <dimen name="x372">654.44dp</dimen>
    <dimen name="x373">656.20dp</dimen>
    <dimen name="x374">657.96dp</dimen>
    <dimen name="x375">659.72dp</dimen>
    <dimen name="x376">661.48dp</dimen>
    <dimen name="x377">663.24dp</dimen>
    <dimen name="x378">665.00dp</dimen>
    <dimen name="x379">666.76dp</dimen>
    <dimen name="x380">668.52dp</dimen>
    <dimen name="x381">670.28dp</dimen>
    <dimen name="x382">672.04dp</dimen>
    <dimen name="x383">673.80dp</dimen>
    <dimen name="x384">675.56dp</dimen>
    <dimen name="x385">677.31dp</dimen>
    <dimen name="x386">679.07dp</dimen>
    <dimen name="x387">680.83dp</dimen>
    <dimen name="x388">682.59dp</dimen>
    <dimen name="x389">684.35dp</dimen>
    <dimen name="x390">686.11dp</dimen>
    <dimen name="x391">687.87dp</dimen>
    <dimen name="x392">689.63dp</dimen>
    <dimen name="x393">691.39dp</dimen>
    <dimen name="x394">693.15dp</dimen>
    <dimen name="x395">694.91dp</dimen>
    <dimen name="x396">696.67dp</dimen>
    <dimen name="x397">698.43dp</dimen>
    <dimen name="x398">700.19dp</dimen>
    <dimen name="x399">701.94dp</dimen>
    <dimen name="x400">703.70dp</dimen>
    <dimen name="x401">705.46dp</dimen>
    <dimen name="x402">707.22dp</dimen>
    <dimen name="x403">708.98dp</dimen>
    <dimen name="x404">710.74dp</dimen>
    <dimen name="x405">712.50dp</dimen>
    <dimen name="x406">714.26dp</dimen>
    <dimen name="x407">716.02dp</dimen>
    <dimen name="x408">717.78dp</dimen>
    <dimen name="x409">719.54dp</dimen>
    <dimen name="x410">721.30dp</dimen>
    <dimen name="x411">723.06dp</dimen>
    <dimen name="x412">724.81dp</dimen>
    <dimen name="x413">726.57dp</dimen>
    <dimen name="x414">728.33dp</dimen>
    <dimen name="x415">730.09dp</dimen>
    <dimen name="x416">731.85dp</dimen>
    <dimen name="x417">733.61dp</dimen>
    <dimen name="x418">735.37dp</dimen>
    <dimen name="x419">737.13dp</dimen>
    <dimen name="x420">738.89dp</dimen>
    <dimen name="x421">740.65dp</dimen>
    <dimen name="x422">742.41dp</dimen>
    <dimen name="x423">744.17dp</dimen>
    <dimen name="x424">745.93dp</dimen>
    <dimen name="x425">747.69dp</dimen>
    <dimen name="x426">749.44dp</dimen>
    <dimen name="x427">751.20dp</dimen>
    <dimen name="x428">752.96dp</dimen>
    <dimen name="x429">754.72dp</dimen>
    <dimen name="x430">756.48dp</dimen>
    <dimen name="x431">758.24dp</dimen>
    <dimen name="x432">760.00dp</dimen>
    <dimen name="x433">761.76dp</dimen>
    <dimen name="x434">763.52dp</dimen>
    <dimen name="x435">765.28dp</dimen>
    <dimen name="x436">767.04dp</dimen>
    <dimen name="x437">768.80dp</dimen>
    <dimen name="x438">770.56dp</dimen>
    <dimen name="x439">772.31dp</dimen>
    <dimen name="x440">774.07dp</dimen>
    <dimen name="x441">775.83dp</dimen>
    <dimen name="x442">777.59dp</dimen>
    <dimen name="x443">779.35dp</dimen>
    <dimen name="x444">781.11dp</dimen>
    <dimen name="x445">782.87dp</dimen>
    <dimen name="x446">784.63dp</dimen>
    <dimen name="x447">786.39dp</dimen>
    <dimen name="x448">788.15dp</dimen>
    <dimen name="x449">789.91dp</dimen>
    <dimen name="x450">791.67dp</dimen>
    <dimen name="x451">793.43dp</dimen>
    <dimen name="x452">795.19dp</dimen>
    <dimen name="x453">796.94dp</dimen>
    <dimen name="x454">798.70dp</dimen>
    <dimen name="x455">800.46dp</dimen>
    <dimen name="x456">802.22dp</dimen>
    <dimen name="x457">803.98dp</dimen>
    <dimen name="x458">805.74dp</dimen>
    <dimen name="x459">807.50dp</dimen>
    <dimen name="x460">809.26dp</dimen>
    <dimen name="x461">811.02dp</dimen>
    <dimen name="x462">812.78dp</dimen>
    <dimen name="x463">814.54dp</dimen>
    <dimen name="x464">816.30dp</dimen>
    <dimen name="x465">818.06dp</dimen>
    <dimen name="x466">819.81dp</dimen>
    <dimen name="x467">821.57dp</dimen>
    <dimen name="x468">823.33dp</dimen>
    <dimen name="x469">825.09dp</dimen>
    <dimen name="x470">826.85dp</dimen>
    <dimen name="x471">828.61dp</dimen>
    <dimen name="x472">830.37dp</dimen>
    <dimen name="x473">832.13dp</dimen>
    <dimen name="x474">833.89dp</dimen>
    <dimen name="x475">835.65dp</dimen>
    <dimen name="x476">837.41dp</dimen>
    <dimen name="x477">839.17dp</dimen>
    <dimen name="x478">840.93dp</dimen>
    <dimen name="x479">842.69dp</dimen>
    <dimen name="x480">844.44dp</dimen>
    <dimen name="x481">846.20dp</dimen>
    <dimen name="x482">847.96dp</dimen>
    <dimen name="x483">849.72dp</dimen>
    <dimen name="x484">851.48dp</dimen>
    <dimen name="x485">853.24dp</dimen>
    <dimen name="x486">855.00dp</dimen>
    <dimen name="x487">856.76dp</dimen>
    <dimen name="x488">858.52dp</dimen>
    <dimen name="x489">860.28dp</dimen>
    <dimen name="x490">862.04dp</dimen>
    <dimen name="x491">863.80dp</dimen>
    <dimen name="x492">865.56dp</dimen>
    <dimen name="x493">867.31dp</dimen>
    <dimen name="x494">869.07dp</dimen>
    <dimen name="x495">870.83dp</dimen>
    <dimen name="x496">872.59dp</dimen>
    <dimen name="x497">874.35dp</dimen>
    <dimen name="x498">876.11dp</dimen>
    <dimen name="x499">877.87dp</dimen>
    <dimen name="x500">879.63dp</dimen>
    <dimen name="x501">881.39dp</dimen>
    <dimen name="x502">883.15dp</dimen>
    <dimen name="x503">884.91dp</dimen>
    <dimen name="x504">886.67dp</dimen>
    <dimen name="x505">888.43dp</dimen>
    <dimen name="x506">890.19dp</dimen>
    <dimen name="x507">891.94dp</dimen>
    <dimen name="x508">893.70dp</dimen>
    <dimen name="x509">895.46dp</dimen>
    <dimen name="x510">897.22dp</dimen>
    <dimen name="x511">898.98dp</dimen>
    <dimen name="x512">900.74dp</dimen>
    <dimen name="x513">902.50dp</dimen>
    <dimen name="x514">904.26dp</dimen>
    <dimen name="x515">906.02dp</dimen>
    <dimen name="x516">907.78dp</dimen>
    <dimen name="x517">909.54dp</dimen>
    <dimen name="x518">911.30dp</dimen>
    <dimen name="x519">913.06dp</dimen>
    <dimen name="x520">914.81dp</dimen>
    <dimen name="x521">916.57dp</dimen>
    <dimen name="x522">918.33dp</dimen>
    <dimen name="x523">920.09dp</dimen>
    <dimen name="x524">921.85dp</dimen>
    <dimen name="x525">923.61dp</dimen>
    <dimen name="x526">925.37dp</dimen>
    <dimen name="x527">927.13dp</dimen>
    <dimen name="x528">928.89dp</dimen>
    <dimen name="x529">930.65dp</dimen>
    <dimen name="x530">932.41dp</dimen>
    <dimen name="x531">934.17dp</dimen>
    <dimen name="x532">935.93dp</dimen>
    <dimen name="x533">937.69dp</dimen>
    <dimen name="x534">939.44dp</dimen>
    <dimen name="x535">941.20dp</dimen>
    <dimen name="x536">942.96dp</dimen>
    <dimen name="x537">944.72dp</dimen>
    <dimen name="x538">946.48dp</dimen>
    <dimen name="x539">948.24dp</dimen>
    <dimen name="x540">950.00dp</dimen>
    <dimen name="x541">951.76dp</dimen>
    <dimen name="x542">953.52dp</dimen>
    <dimen name="x543">955.28dp</dimen>
    <dimen name="x544">957.04dp</dimen>
    <dimen name="x545">958.80dp</dimen>
    <dimen name="x546">960.56dp</dimen>
    <dimen name="x547">962.31dp</dimen>
    <dimen name="x548">964.07dp</dimen>
    <dimen name="x549">965.83dp</dimen>
    <dimen name="x550">967.59dp</dimen>
    <dimen name="x551">969.35dp</dimen>
    <dimen name="x552">971.11dp</dimen>
    <dimen name="x553">972.87dp</dimen>
    <dimen name="x554">974.63dp</dimen>
    <dimen name="x555">976.39dp</dimen>
    <dimen name="x556">978.15dp</dimen>
    <dimen name="x557">979.91dp</dimen>
    <dimen name="x558">981.67dp</dimen>
    <dimen name="x559">983.43dp</dimen>
    <dimen name="x560">985.19dp</dimen>
    <dimen name="x561">986.94dp</dimen>
    <dimen name="x562">988.70dp</dimen>
    <dimen name="x563">990.46dp</dimen>
    <dimen name="x564">992.22dp</dimen>
    <dimen name="x565">993.98dp</dimen>
    <dimen name="x566">995.74dp</dimen>
    <dimen name="x567">997.50dp</dimen>
    <dimen name="x568">999.26dp</dimen>
    <dimen name="x569">1001.02dp</dimen>
    <dimen name="x570">1002.78dp</dimen>
    <dimen name="x571">1004.54dp</dimen>
    <dimen name="x572">1006.30dp</dimen>
    <dimen name="x573">1008.06dp</dimen>
    <dimen name="x574">1009.81dp</dimen>
    <dimen name="x575">1011.57dp</dimen>
    <dimen name="x576">1013.33dp</dimen>
    <dimen name="x577">1015.09dp</dimen>
    <dimen name="x578">1016.85dp</dimen>
    <dimen name="x579">1018.61dp</dimen>
    <dimen name="x580">1020.37dp</dimen>
    <dimen name="x581">1022.13dp</dimen>
    <dimen name="x582">1023.89dp</dimen>
    <dimen name="x583">1025.65dp</dimen>
    <dimen name="x584">1027.41dp</dimen>
    <dimen name="x585">1029.17dp</dimen>
    <dimen name="x586">1030.93dp</dimen>
    <dimen name="x587">1032.69dp</dimen>
    <dimen name="x588">1034.44dp</dimen>
    <dimen name="x589">1036.20dp</dimen>
    <dimen name="x590">1037.96dp</dimen>
    <dimen name="x591">1039.72dp</dimen>
    <dimen name="x592">1041.48dp</dimen>
    <dimen name="x593">1043.24dp</dimen>
    <dimen name="x594">1045.00dp</dimen>
    <dimen name="x595">1046.76dp</dimen>
    <dimen name="x596">1048.52dp</dimen>
    <dimen name="x597">1050.28dp</dimen>
    <dimen name="x598">1052.04dp</dimen>
    <dimen name="x599">1053.80dp</dimen>
    <dimen name="x600">1055.56dp</dimen>
    <dimen name="x601">1057.31dp</dimen>
    <dimen name="x602">1059.07dp</dimen>
    <dimen name="x603">1060.83dp</dimen>
    <dimen name="x604">1062.59dp</dimen>
    <dimen name="x605">1064.35dp</dimen>
    <dimen name="x606">1066.11dp</dimen>
    <dimen name="x607">1067.87dp</dimen>
    <dimen name="x608">1069.63dp</dimen>
    <dimen name="x609">1071.39dp</dimen>
    <dimen name="x610">1073.15dp</dimen>
    <dimen name="x611">1074.91dp</dimen>
    <dimen name="x612">1076.67dp</dimen>
    <dimen name="x613">1078.43dp</dimen>
    <dimen name="x614">1080.19dp</dimen>
    <dimen name="x615">1081.94dp</dimen>
    <dimen name="x616">1083.70dp</dimen>
    <dimen name="x617">1085.46dp</dimen>
    <dimen name="x618">1087.22dp</dimen>
    <dimen name="x619">1088.98dp</dimen>
    <dimen name="x620">1090.74dp</dimen>
    <dimen name="x621">1092.50dp</dimen>
    <dimen name="x622">1094.26dp</dimen>
    <dimen name="x623">1096.02dp</dimen>
    <dimen name="x624">1097.78dp</dimen>
    <dimen name="x625">1099.54dp</dimen>
    <dimen name="x626">1101.30dp</dimen>
    <dimen name="x627">1103.06dp</dimen>
    <dimen name="x628">1104.81dp</dimen>
    <dimen name="x629">1106.57dp</dimen>
    <dimen name="x630">1108.33dp</dimen>
    <dimen name="x631">1110.09dp</dimen>
    <dimen name="x632">1111.85dp</dimen>
    <dimen name="x633">1113.61dp</dimen>
    <dimen name="x634">1115.37dp</dimen>
    <dimen name="x635">1117.13dp</dimen>
    <dimen name="x636">1118.89dp</dimen>
    <dimen name="x637">1120.65dp</dimen>
    <dimen name="x638">1122.41dp</dimen>
    <dimen name="x639">1124.17dp</dimen>
    <dimen name="x640">1125.93dp</dimen>
    <dimen name="x641">1127.69dp</dimen>
    <dimen name="x642">1129.44dp</dimen>
    <dimen name="x643">1131.20dp</dimen>
    <dimen name="x644">1132.96dp</dimen>
    <dimen name="x645">1134.72dp</dimen>
    <dimen name="x646">1136.48dp</dimen>
    <dimen name="x647">1138.24dp</dimen>
    <dimen name="x648">1140.00dp</dimen>
    <dimen name="x649">1141.76dp</dimen>
    <dimen name="x650">1143.52dp</dimen>
    <dimen name="x651">1145.28dp</dimen>
    <dimen name="x652">1147.04dp</dimen>
    <dimen name="x653">1148.80dp</dimen>
    <dimen name="x654">1150.56dp</dimen>
    <dimen name="x655">1152.31dp</dimen>
    <dimen name="x656">1154.07dp</dimen>
    <dimen name="x657">1155.83dp</dimen>
    <dimen name="x658">1157.59dp</dimen>
    <dimen name="x659">1159.35dp</dimen>
    <dimen name="x660">1161.11dp</dimen>
    <dimen name="x661">1162.87dp</dimen>
    <dimen name="x662">1164.63dp</dimen>
    <dimen name="x663">1166.39dp</dimen>
    <dimen name="x664">1168.15dp</dimen>
    <dimen name="x665">1169.91dp</dimen>
    <dimen name="x666">1171.67dp</dimen>
    <dimen name="x667">1173.43dp</dimen>
    <dimen name="x668">1175.19dp</dimen>
    <dimen name="x669">1176.94dp</dimen>
    <dimen name="x670">1178.70dp</dimen>
    <dimen name="x671">1180.46dp</dimen>
    <dimen name="x672">1182.22dp</dimen>
    <dimen name="x673">1183.98dp</dimen>
    <dimen name="x674">1185.74dp</dimen>
    <dimen name="x675">1187.50dp</dimen>
    <dimen name="x676">1189.26dp</dimen>
    <dimen name="x677">1191.02dp</dimen>
    <dimen name="x678">1192.78dp</dimen>
    <dimen name="x679">1194.54dp</dimen>
    <dimen name="x680">1196.30dp</dimen>
    <dimen name="x681">1198.06dp</dimen>
    <dimen name="x682">1199.81dp</dimen>
    <dimen name="x683">1201.57dp</dimen>
    <dimen name="x684">1203.33dp</dimen>
    <dimen name="x685">1205.09dp</dimen>
    <dimen name="x686">1206.85dp</dimen>
    <dimen name="x687">1208.61dp</dimen>
    <dimen name="x688">1210.37dp</dimen>
    <dimen name="x689">1212.13dp</dimen>
    <dimen name="x690">1213.89dp</dimen>
    <dimen name="x691">1215.65dp</dimen>
    <dimen name="x692">1217.41dp</dimen>
    <dimen name="x693">1219.17dp</dimen>
    <dimen name="x694">1220.93dp</dimen>
    <dimen name="x695">1222.69dp</dimen>
    <dimen name="x696">1224.44dp</dimen>
    <dimen name="x697">1226.20dp</dimen>
    <dimen name="x698">1227.96dp</dimen>
    <dimen name="x699">1229.72dp</dimen>
    <dimen name="x700">1231.48dp</dimen>
    <dimen name="x701">1233.24dp</dimen>
    <dimen name="x702">1235.00dp</dimen>
    <dimen name="x703">1236.76dp</dimen>
    <dimen name="x704">1238.52dp</dimen>
    <dimen name="x705">1240.28dp</dimen>
    <dimen name="x706">1242.04dp</dimen>
    <dimen name="x707">1243.80dp</dimen>
    <dimen name="x708">1245.56dp</dimen>
    <dimen name="x709">1247.31dp</dimen>
    <dimen name="x710">1249.07dp</dimen>
    <dimen name="x711">1250.83dp</dimen>
    <dimen name="x712">1252.59dp</dimen>
    <dimen name="x713">1254.35dp</dimen>
    <dimen name="x714">1256.11dp</dimen>
    <dimen name="x715">1257.87dp</dimen>
    <dimen name="x716">1259.63dp</dimen>
    <dimen name="x717">1261.39dp</dimen>
    <dimen name="x718">1263.15dp</dimen>
    <dimen name="x719">1264.91dp</dimen>
    <dimen name="x720">1266.67dp</dimen>
    <dimen name="x721">1268.43dp</dimen>
    <dimen name="x722">1270.19dp</dimen>
    <dimen name="x723">1271.94dp</dimen>
    <dimen name="x724">1273.70dp</dimen>
    <dimen name="x725">1275.46dp</dimen>
    <dimen name="x726">1277.22dp</dimen>
    <dimen name="x727">1278.98dp</dimen>
    <dimen name="x728">1280.74dp</dimen>
    <dimen name="x729">1282.50dp</dimen>
    <dimen name="x730">1284.26dp</dimen>
    <dimen name="x731">1286.02dp</dimen>
    <dimen name="x732">1287.78dp</dimen>
    <dimen name="x733">1289.54dp</dimen>
    <dimen name="x734">1291.30dp</dimen>
    <dimen name="x735">1293.06dp</dimen>
    <dimen name="x736">1294.81dp</dimen>
    <dimen name="x737">1296.57dp</dimen>
    <dimen name="x738">1298.33dp</dimen>
    <dimen name="x739">1300.09dp</dimen>
    <dimen name="x740">1301.85dp</dimen>
    <dimen name="x741">1303.61dp</dimen>
    <dimen name="x742">1305.37dp</dimen>
    <dimen name="x743">1307.13dp</dimen>
    <dimen name="x744">1308.89dp</dimen>
    <dimen name="x745">1310.65dp</dimen>
    <dimen name="x746">1312.41dp</dimen>
    <dimen name="x747">1314.17dp</dimen>
    <dimen name="x748">1315.93dp</dimen>
    <dimen name="x749">1317.69dp</dimen>
    <dimen name="x750">1319.44dp</dimen>
    <dimen name="x751">1321.20dp</dimen>
    <dimen name="x752">1322.96dp</dimen>
    <dimen name="x753">1324.72dp</dimen>
    <dimen name="x754">1326.48dp</dimen>
    <dimen name="x755">1328.24dp</dimen>
    <dimen name="x756">1330.00dp</dimen>
    <dimen name="x757">1331.76dp</dimen>
    <dimen name="x758">1333.52dp</dimen>
    <dimen name="x759">1335.28dp</dimen>
    <dimen name="x760">1337.04dp</dimen>
    <dimen name="x761">1338.80dp</dimen>
    <dimen name="x762">1340.56dp</dimen>
    <dimen name="x763">1342.31dp</dimen>
    <dimen name="x764">1344.07dp</dimen>
    <dimen name="x765">1345.83dp</dimen>
    <dimen name="x766">1347.59dp</dimen>
    <dimen name="x767">1349.35dp</dimen>
    <dimen name="x768">1351.11dp</dimen>
    <dimen name="x769">1352.87dp</dimen>
    <dimen name="x770">1354.63dp</dimen>
    <dimen name="x771">1356.39dp</dimen>
    <dimen name="x772">1358.15dp</dimen>
    <dimen name="x773">1359.91dp</dimen>
    <dimen name="x774">1361.67dp</dimen>
    <dimen name="x775">1363.43dp</dimen>
    <dimen name="x776">1365.19dp</dimen>
    <dimen name="x777">1366.94dp</dimen>
    <dimen name="x778">1368.70dp</dimen>
    <dimen name="x779">1370.46dp</dimen>
    <dimen name="x780">1372.22dp</dimen>
    <dimen name="x781">1373.98dp</dimen>
    <dimen name="x782">1375.74dp</dimen>
    <dimen name="x783">1377.50dp</dimen>
    <dimen name="x784">1379.26dp</dimen>
    <dimen name="x785">1381.02dp</dimen>
    <dimen name="x786">1382.78dp</dimen>
    <dimen name="x787">1384.54dp</dimen>
    <dimen name="x788">1386.30dp</dimen>
    <dimen name="x789">1388.06dp</dimen>
    <dimen name="x790">1389.81dp</dimen>
    <dimen name="x791">1391.57dp</dimen>
    <dimen name="x792">1393.33dp</dimen>
    <dimen name="x793">1395.09dp</dimen>
    <dimen name="x794">1396.85dp</dimen>
    <dimen name="x795">1398.61dp</dimen>
    <dimen name="x796">1400.37dp</dimen>
    <dimen name="x797">1402.13dp</dimen>
    <dimen name="x798">1403.89dp</dimen>
    <dimen name="x799">1405.65dp</dimen>
    <dimen name="x800">1407.41dp</dimen>
    <dimen name="x801">1409.17dp</dimen>
    <dimen name="x802">1410.93dp</dimen>
    <dimen name="x803">1412.69dp</dimen>
    <dimen name="x804">1414.44dp</dimen>
    <dimen name="x805">1416.20dp</dimen>
    <dimen name="x806">1417.96dp</dimen>
    <dimen name="x807">1419.72dp</dimen>
    <dimen name="x808">1421.48dp</dimen>
    <dimen name="x809">1423.24dp</dimen>
    <dimen name="x810">1425.00dp</dimen>
    <dimen name="x811">1426.76dp</dimen>
    <dimen name="x812">1428.52dp</dimen>
    <dimen name="x813">1430.28dp</dimen>
    <dimen name="x814">1432.04dp</dimen>
    <dimen name="x815">1433.80dp</dimen>
    <dimen name="x816">1435.56dp</dimen>
    <dimen name="x817">1437.31dp</dimen>
    <dimen name="x818">1439.07dp</dimen>
    <dimen name="x819">1440.83dp</dimen>
    <dimen name="x820">1442.59dp</dimen>
    <dimen name="x821">1444.35dp</dimen>
    <dimen name="x822">1446.11dp</dimen>
    <dimen name="x823">1447.87dp</dimen>
    <dimen name="x824">1449.63dp</dimen>
    <dimen name="x825">1451.39dp</dimen>
    <dimen name="x826">1453.15dp</dimen>
    <dimen name="x827">1454.91dp</dimen>
    <dimen name="x828">1456.67dp</dimen>
    <dimen name="x829">1458.43dp</dimen>
    <dimen name="x830">1460.19dp</dimen>
    <dimen name="x831">1461.94dp</dimen>
    <dimen name="x832">1463.70dp</dimen>
    <dimen name="x833">1465.46dp</dimen>
    <dimen name="x834">1467.22dp</dimen>
    <dimen name="x835">1468.98dp</dimen>
    <dimen name="x836">1470.74dp</dimen>
    <dimen name="x837">1472.50dp</dimen>
    <dimen name="x838">1474.26dp</dimen>
    <dimen name="x839">1476.02dp</dimen>
    <dimen name="x840">1477.78dp</dimen>
    <dimen name="x841">1479.54dp</dimen>
    <dimen name="x842">1481.30dp</dimen>
    <dimen name="x843">1483.06dp</dimen>
    <dimen name="x844">1484.81dp</dimen>
    <dimen name="x845">1486.57dp</dimen>
    <dimen name="x846">1488.33dp</dimen>
    <dimen name="x847">1490.09dp</dimen>
    <dimen name="x848">1491.85dp</dimen>
    <dimen name="x849">1493.61dp</dimen>
    <dimen name="x850">1495.37dp</dimen>
    <dimen name="x851">1497.13dp</dimen>
    <dimen name="x852">1498.89dp</dimen>
    <dimen name="x853">1500.65dp</dimen>
    <dimen name="x854">1502.41dp</dimen>
    <dimen name="x855">1504.17dp</dimen>
    <dimen name="x856">1505.93dp</dimen>
    <dimen name="x857">1507.69dp</dimen>
    <dimen name="x858">1509.44dp</dimen>
    <dimen name="x859">1511.20dp</dimen>
    <dimen name="x860">1512.96dp</dimen>
    <dimen name="x861">1514.72dp</dimen>
    <dimen name="x862">1516.48dp</dimen>
    <dimen name="x863">1518.24dp</dimen>
    <dimen name="x864">1520.00dp</dimen>
    <dimen name="x865">1521.76dp</dimen>
    <dimen name="x866">1523.52dp</dimen>
    <dimen name="x867">1525.28dp</dimen>
    <dimen name="x868">1527.04dp</dimen>
    <dimen name="x869">1528.80dp</dimen>
    <dimen name="x870">1530.56dp</dimen>
    <dimen name="x871">1532.31dp</dimen>
    <dimen name="x872">1534.07dp</dimen>
    <dimen name="x873">1535.83dp</dimen>
    <dimen name="x874">1537.59dp</dimen>
    <dimen name="x875">1539.35dp</dimen>
    <dimen name="x876">1541.11dp</dimen>
    <dimen name="x877">1542.87dp</dimen>
    <dimen name="x878">1544.63dp</dimen>
    <dimen name="x879">1546.39dp</dimen>
    <dimen name="x880">1548.15dp</dimen>
    <dimen name="x881">1549.91dp</dimen>
    <dimen name="x882">1551.67dp</dimen>
    <dimen name="x883">1553.43dp</dimen>
    <dimen name="x884">1555.19dp</dimen>
    <dimen name="x885">1556.94dp</dimen>
    <dimen name="x886">1558.70dp</dimen>
    <dimen name="x887">1560.46dp</dimen>
    <dimen name="x888">1562.22dp</dimen>
    <dimen name="x889">1563.98dp</dimen>
    <dimen name="x890">1565.74dp</dimen>
    <dimen name="x891">1567.50dp</dimen>
    <dimen name="x892">1569.26dp</dimen>
    <dimen name="x893">1571.02dp</dimen>
    <dimen name="x894">1572.78dp</dimen>
    <dimen name="x895">1574.54dp</dimen>
    <dimen name="x896">1576.30dp</dimen>
    <dimen name="x897">1578.06dp</dimen>
    <dimen name="x898">1579.81dp</dimen>
    <dimen name="x899">1581.57dp</dimen>
    <dimen name="x900">1583.33dp</dimen>
    <dimen name="x901">1585.09dp</dimen>
    <dimen name="x902">1586.85dp</dimen>
    <dimen name="x903">1588.61dp</dimen>
    <dimen name="x904">1590.37dp</dimen>
    <dimen name="x905">1592.13dp</dimen>
    <dimen name="x906">1593.89dp</dimen>
    <dimen name="x907">1595.65dp</dimen>
    <dimen name="x908">1597.41dp</dimen>
    <dimen name="x909">1599.17dp</dimen>
    <dimen name="x910">1600.93dp</dimen>
    <dimen name="x911">1602.69dp</dimen>
    <dimen name="x912">1604.44dp</dimen>
    <dimen name="x913">1606.20dp</dimen>
    <dimen name="x914">1607.96dp</dimen>
    <dimen name="x915">1609.72dp</dimen>
    <dimen name="x916">1611.48dp</dimen>
    <dimen name="x917">1613.24dp</dimen>
    <dimen name="x918">1615.00dp</dimen>
    <dimen name="x919">1616.76dp</dimen>
    <dimen name="x920">1618.52dp</dimen>
    <dimen name="x921">1620.28dp</dimen>
    <dimen name="x922">1622.04dp</dimen>
    <dimen name="x923">1623.80dp</dimen>
    <dimen name="x924">1625.56dp</dimen>
    <dimen name="x925">1627.31dp</dimen>
    <dimen name="x926">1629.07dp</dimen>
    <dimen name="x927">1630.83dp</dimen>
    <dimen name="x928">1632.59dp</dimen>
    <dimen name="x929">1634.35dp</dimen>
    <dimen name="x930">1636.11dp</dimen>
    <dimen name="x931">1637.87dp</dimen>
    <dimen name="x932">1639.63dp</dimen>
    <dimen name="x933">1641.39dp</dimen>
    <dimen name="x934">1643.15dp</dimen>
    <dimen name="x935">1644.91dp</dimen>
    <dimen name="x936">1646.67dp</dimen>
    <dimen name="x937">1648.43dp</dimen>
    <dimen name="x938">1650.19dp</dimen>
    <dimen name="x939">1651.94dp</dimen>
    <dimen name="x940">1653.70dp</dimen>
    <dimen name="x941">1655.46dp</dimen>
    <dimen name="x942">1657.22dp</dimen>
    <dimen name="x943">1658.98dp</dimen>
    <dimen name="x944">1660.74dp</dimen>
    <dimen name="x945">1662.50dp</dimen>
    <dimen name="x946">1664.26dp</dimen>
    <dimen name="x947">1666.02dp</dimen>
    <dimen name="x948">1667.78dp</dimen>
    <dimen name="x949">1669.54dp</dimen>
    <dimen name="x950">1671.30dp</dimen>
    <dimen name="x951">1673.06dp</dimen>
    <dimen name="x952">1674.81dp</dimen>
    <dimen name="x953">1676.57dp</dimen>
    <dimen name="x954">1678.33dp</dimen>
    <dimen name="x955">1680.09dp</dimen>
    <dimen name="x956">1681.85dp</dimen>
    <dimen name="x957">1683.61dp</dimen>
    <dimen name="x958">1685.37dp</dimen>
    <dimen name="x959">1687.13dp</dimen>
    <dimen name="x960">1688.89dp</dimen>
    <dimen name="x961">1690.65dp</dimen>
    <dimen name="x962">1692.41dp</dimen>
    <dimen name="x963">1694.17dp</dimen>
    <dimen name="x964">1695.93dp</dimen>
    <dimen name="x965">1697.69dp</dimen>
    <dimen name="x966">1699.44dp</dimen>
    <dimen name="x967">1701.20dp</dimen>
    <dimen name="x968">1702.96dp</dimen>
    <dimen name="x969">1704.72dp</dimen>
    <dimen name="x970">1706.48dp</dimen>
    <dimen name="x971">1708.24dp</dimen>
    <dimen name="x972">1710.00dp</dimen>
    <dimen name="x973">1711.76dp</dimen>
    <dimen name="x974">1713.52dp</dimen>
    <dimen name="x975">1715.28dp</dimen>
    <dimen name="x976">1717.04dp</dimen>
    <dimen name="x977">1718.80dp</dimen>
    <dimen name="x978">1720.56dp</dimen>
    <dimen name="x979">1722.31dp</dimen>
    <dimen name="x980">1724.07dp</dimen>
    <dimen name="x981">1725.83dp</dimen>
    <dimen name="x982">1727.59dp</dimen>
    <dimen name="x983">1729.35dp</dimen>
    <dimen name="x984">1731.11dp</dimen>
    <dimen name="x985">1732.87dp</dimen>
    <dimen name="x986">1734.63dp</dimen>
    <dimen name="x987">1736.39dp</dimen>
    <dimen name="x988">1738.15dp</dimen>
    <dimen name="x989">1739.91dp</dimen>
    <dimen name="x990">1741.67dp</dimen>
    <dimen name="x991">1743.43dp</dimen>
    <dimen name="x992">1745.19dp</dimen>
    <dimen name="x993">1746.94dp</dimen>
    <dimen name="x994">1748.70dp</dimen>
    <dimen name="x995">1750.46dp</dimen>
    <dimen name="x996">1752.22dp</dimen>
    <dimen name="x997">1753.98dp</dimen>
    <dimen name="x998">1755.74dp</dimen>
    <dimen name="x999">1757.50dp</dimen>
    <dimen name="x1000">1759.26dp</dimen>
    <dimen name="x1001">1761.02dp</dimen>
    <dimen name="x1002">1762.78dp</dimen>
    <dimen name="x1003">1764.54dp</dimen>
    <dimen name="x1004">1766.30dp</dimen>
    <dimen name="x1005">1768.06dp</dimen>
    <dimen name="x1006">1769.81dp</dimen>
    <dimen name="x1007">1771.57dp</dimen>
    <dimen name="x1008">1773.33dp</dimen>
    <dimen name="x1009">1775.09dp</dimen>
    <dimen name="x1010">1776.85dp</dimen>
    <dimen name="x1011">1778.61dp</dimen>
    <dimen name="x1012">1780.37dp</dimen>
    <dimen name="x1013">1782.13dp</dimen>
    <dimen name="x1014">1783.89dp</dimen>
    <dimen name="x1015">1785.65dp</dimen>
    <dimen name="x1016">1787.41dp</dimen>
    <dimen name="x1017">1789.17dp</dimen>
    <dimen name="x1018">1790.93dp</dimen>
    <dimen name="x1019">1792.69dp</dimen>
    <dimen name="x1020">1794.44dp</dimen>
    <dimen name="x1021">1796.20dp</dimen>
    <dimen name="x1022">1797.96dp</dimen>
    <dimen name="x1023">1799.72dp</dimen>
    <dimen name="x1024">1801.48dp</dimen>
    <dimen name="x1025">1803.24dp</dimen>
    <dimen name="x1026">1805.00dp</dimen>
    <dimen name="x1027">1806.76dp</dimen>
    <dimen name="x1028">1808.52dp</dimen>
    <dimen name="x1029">1810.28dp</dimen>
    <dimen name="x1030">1812.04dp</dimen>
    <dimen name="x1031">1813.80dp</dimen>
    <dimen name="x1032">1815.56dp</dimen>
    <dimen name="x1033">1817.31dp</dimen>
    <dimen name="x1034">1819.07dp</dimen>
    <dimen name="x1035">1820.83dp</dimen>
    <dimen name="x1036">1822.59dp</dimen>
    <dimen name="x1037">1824.35dp</dimen>
    <dimen name="x1038">1826.11dp</dimen>
    <dimen name="x1039">1827.87dp</dimen>
    <dimen name="x1040">1829.63dp</dimen>
    <dimen name="x1041">1831.39dp</dimen>
    <dimen name="x1042">1833.15dp</dimen>
    <dimen name="x1043">1834.91dp</dimen>
    <dimen name="x1044">1836.67dp</dimen>
    <dimen name="x1045">1838.43dp</dimen>
    <dimen name="x1046">1840.19dp</dimen>
    <dimen name="x1047">1841.94dp</dimen>
    <dimen name="x1048">1843.70dp</dimen>
    <dimen name="x1049">1845.46dp</dimen>
    <dimen name="x1050">1847.22dp</dimen>
    <dimen name="x1051">1848.98dp</dimen>
    <dimen name="x1052">1850.74dp</dimen>
    <dimen name="x1053">1852.50dp</dimen>
    <dimen name="x1054">1854.26dp</dimen>
    <dimen name="x1055">1856.02dp</dimen>
    <dimen name="x1056">1857.78dp</dimen>
    <dimen name="x1057">1859.54dp</dimen>
    <dimen name="x1058">1861.30dp</dimen>
    <dimen name="x1059">1863.06dp</dimen>
    <dimen name="x1060">1864.81dp</dimen>
    <dimen name="x1061">1866.57dp</dimen>
    <dimen name="x1062">1868.33dp</dimen>
    <dimen name="x1063">1870.09dp</dimen>
    <dimen name="x1064">1871.85dp</dimen>
    <dimen name="x1065">1873.61dp</dimen>
    <dimen name="x1066">1875.37dp</dimen>
    <dimen name="x1067">1877.13dp</dimen>
    <dimen name="x1068">1878.89dp</dimen>
    <dimen name="x1069">1880.65dp</dimen>
    <dimen name="x1070">1882.41dp</dimen>
    <dimen name="x1071">1884.17dp</dimen>
    <dimen name="x1072">1885.93dp</dimen>
    <dimen name="x1073">1887.69dp</dimen>
    <dimen name="x1074">1889.44dp</dimen>
    <dimen name="x1075">1891.20dp</dimen>
    <dimen name="x1076">1892.96dp</dimen>
    <dimen name="x1077">1894.72dp</dimen>
    <dimen name="x1078">1896.48dp</dimen>
    <dimen name="x1079">1898.24dp</dimen>
    <dimen name="x1080">1900.00dp</dimen>
</resources>