<?xml version="1.0" encoding="utf-8"?>
<resources>
    <string name="sw_dp">1030dp</string>
    <dimen name="x1">0.95dp</dimen>
    <dimen name="x2">1.91dp</dimen>
    <dimen name="x3">2.86dp</dimen>
    <dimen name="x4">3.81dp</dimen>
    <dimen name="x5">4.77dp</dimen>
    <dimen name="x6">5.72dp</dimen>
    <dimen name="x7">6.68dp</dimen>
    <dimen name="x8">7.63dp</dimen>
    <dimen name="x9">8.58dp</dimen>
    <dimen name="x10">9.54dp</dimen>
    <dimen name="x11">10.49dp</dimen>
    <dimen name="x12">11.44dp</dimen>
    <dimen name="x13">12.40dp</dimen>
    <dimen name="x14">13.35dp</dimen>
    <dimen name="x15">14.31dp</dimen>
    <dimen name="x16">15.26dp</dimen>
    <dimen name="x17">16.21dp</dimen>
    <dimen name="x18">17.17dp</dimen>
    <dimen name="x19">18.12dp</dimen>
    <dimen name="x20">19.07dp</dimen>
    <dimen name="x21">20.03dp</dimen>
    <dimen name="x22">20.98dp</dimen>
    <dimen name="x23">21.94dp</dimen>
    <dimen name="x24">22.89dp</dimen>
    <dimen name="x25">23.84dp</dimen>
    <dimen name="x26">24.80dp</dimen>
    <dimen name="x27">25.75dp</dimen>
    <dimen name="x28">26.70dp</dimen>
    <dimen name="x29">27.66dp</dimen>
    <dimen name="x30">28.61dp</dimen>
    <dimen name="x31">29.56dp</dimen>
    <dimen name="x32">30.52dp</dimen>
    <dimen name="x33">31.47dp</dimen>
    <dimen name="x34">32.43dp</dimen>
    <dimen name="x35">33.38dp</dimen>
    <dimen name="x36">34.33dp</dimen>
    <dimen name="x37">35.29dp</dimen>
    <dimen name="x38">36.24dp</dimen>
    <dimen name="x39">37.19dp</dimen>
    <dimen name="x40">38.15dp</dimen>
    <dimen name="x41">39.10dp</dimen>
    <dimen name="x42">40.06dp</dimen>
    <dimen name="x43">41.01dp</dimen>
    <dimen name="x44">41.96dp</dimen>
    <dimen name="x45">42.92dp</dimen>
    <dimen name="x46">43.87dp</dimen>
    <dimen name="x47">44.82dp</dimen>
    <dimen name="x48">45.78dp</dimen>
    <dimen name="x49">46.73dp</dimen>
    <dimen name="x50">47.69dp</dimen>
    <dimen name="x51">48.64dp</dimen>
    <dimen name="x52">49.59dp</dimen>
    <dimen name="x53">50.55dp</dimen>
    <dimen name="x54">51.50dp</dimen>
    <dimen name="x55">52.45dp</dimen>
    <dimen name="x56">53.41dp</dimen>
    <dimen name="x57">54.36dp</dimen>
    <dimen name="x58">55.31dp</dimen>
    <dimen name="x59">56.27dp</dimen>
    <dimen name="x60">57.22dp</dimen>
    <dimen name="x61">58.18dp</dimen>
    <dimen name="x62">59.13dp</dimen>
    <dimen name="x63">60.08dp</dimen>
    <dimen name="x64">61.04dp</dimen>
    <dimen name="x65">61.99dp</dimen>
    <dimen name="x66">62.94dp</dimen>
    <dimen name="x67">63.90dp</dimen>
    <dimen name="x68">64.85dp</dimen>
    <dimen name="x69">65.81dp</dimen>
    <dimen name="x70">66.76dp</dimen>
    <dimen name="x71">67.71dp</dimen>
    <dimen name="x72">68.67dp</dimen>
    <dimen name="x73">69.62dp</dimen>
    <dimen name="x74">70.57dp</dimen>
    <dimen name="x75">71.53dp</dimen>
    <dimen name="x76">72.48dp</dimen>
    <dimen name="x77">73.44dp</dimen>
    <dimen name="x78">74.39dp</dimen>
    <dimen name="x79">75.34dp</dimen>
    <dimen name="x80">76.30dp</dimen>
    <dimen name="x81">77.25dp</dimen>
    <dimen name="x82">78.20dp</dimen>
    <dimen name="x83">79.16dp</dimen>
    <dimen name="x84">80.11dp</dimen>
    <dimen name="x85">81.06dp</dimen>
    <dimen name="x86">82.02dp</dimen>
    <dimen name="x87">82.97dp</dimen>
    <dimen name="x88">83.93dp</dimen>
    <dimen name="x89">84.88dp</dimen>
    <dimen name="x90">85.83dp</dimen>
    <dimen name="x91">86.79dp</dimen>
    <dimen name="x92">87.74dp</dimen>
    <dimen name="x93">88.69dp</dimen>
    <dimen name="x94">89.65dp</dimen>
    <dimen name="x95">90.60dp</dimen>
    <dimen name="x96">91.56dp</dimen>
    <dimen name="x97">92.51dp</dimen>
    <dimen name="x98">93.46dp</dimen>
    <dimen name="x99">94.42dp</dimen>
    <dimen name="x100">95.37dp</dimen>
    <dimen name="x101">96.32dp</dimen>
    <dimen name="x102">97.28dp</dimen>
    <dimen name="x103">98.23dp</dimen>
    <dimen name="x104">99.19dp</dimen>
    <dimen name="x105">100.14dp</dimen>
    <dimen name="x106">101.09dp</dimen>
    <dimen name="x107">102.05dp</dimen>
    <dimen name="x108">103.00dp</dimen>
    <dimen name="x109">103.95dp</dimen>
    <dimen name="x110">104.91dp</dimen>
    <dimen name="x111">105.86dp</dimen>
    <dimen name="x112">106.81dp</dimen>
    <dimen name="x113">107.77dp</dimen>
    <dimen name="x114">108.72dp</dimen>
    <dimen name="x115">109.68dp</dimen>
    <dimen name="x116">110.63dp</dimen>
    <dimen name="x117">111.58dp</dimen>
    <dimen name="x118">112.54dp</dimen>
    <dimen name="x119">113.49dp</dimen>
    <dimen name="x120">114.44dp</dimen>
    <dimen name="x121">115.40dp</dimen>
    <dimen name="x122">116.35dp</dimen>
    <dimen name="x123">117.31dp</dimen>
    <dimen name="x124">118.26dp</dimen>
    <dimen name="x125">119.21dp</dimen>
    <dimen name="x126">120.17dp</dimen>
    <dimen name="x127">121.12dp</dimen>
    <dimen name="x128">122.07dp</dimen>
    <dimen name="x129">123.03dp</dimen>
    <dimen name="x130">123.98dp</dimen>
    <dimen name="x131">124.94dp</dimen>
    <dimen name="x132">125.89dp</dimen>
    <dimen name="x133">126.84dp</dimen>
    <dimen name="x134">127.80dp</dimen>
    <dimen name="x135">128.75dp</dimen>
    <dimen name="x136">129.70dp</dimen>
    <dimen name="x137">130.66dp</dimen>
    <dimen name="x138">131.61dp</dimen>
    <dimen name="x139">132.56dp</dimen>
    <dimen name="x140">133.52dp</dimen>
    <dimen name="x141">134.47dp</dimen>
    <dimen name="x142">135.43dp</dimen>
    <dimen name="x143">136.38dp</dimen>
    <dimen name="x144">137.33dp</dimen>
    <dimen name="x145">138.29dp</dimen>
    <dimen name="x146">139.24dp</dimen>
    <dimen name="x147">140.19dp</dimen>
    <dimen name="x148">141.15dp</dimen>
    <dimen name="x149">142.10dp</dimen>
    <dimen name="x150">143.06dp</dimen>
    <dimen name="x151">144.01dp</dimen>
    <dimen name="x152">144.96dp</dimen>
    <dimen name="x153">145.92dp</dimen>
    <dimen name="x154">146.87dp</dimen>
    <dimen name="x155">147.82dp</dimen>
    <dimen name="x156">148.78dp</dimen>
    <dimen name="x157">149.73dp</dimen>
    <dimen name="x158">150.69dp</dimen>
    <dimen name="x159">151.64dp</dimen>
    <dimen name="x160">152.59dp</dimen>
    <dimen name="x161">153.55dp</dimen>
    <dimen name="x162">154.50dp</dimen>
    <dimen name="x163">155.45dp</dimen>
    <dimen name="x164">156.41dp</dimen>
    <dimen name="x165">157.36dp</dimen>
    <dimen name="x166">158.31dp</dimen>
    <dimen name="x167">159.27dp</dimen>
    <dimen name="x168">160.22dp</dimen>
    <dimen name="x169">161.18dp</dimen>
    <dimen name="x170">162.13dp</dimen>
    <dimen name="x171">163.08dp</dimen>
    <dimen name="x172">164.04dp</dimen>
    <dimen name="x173">164.99dp</dimen>
    <dimen name="x174">165.94dp</dimen>
    <dimen name="x175">166.90dp</dimen>
    <dimen name="x176">167.85dp</dimen>
    <dimen name="x177">168.81dp</dimen>
    <dimen name="x178">169.76dp</dimen>
    <dimen name="x179">170.71dp</dimen>
    <dimen name="x180">171.67dp</dimen>
    <dimen name="x181">172.62dp</dimen>
    <dimen name="x182">173.57dp</dimen>
    <dimen name="x183">174.53dp</dimen>
    <dimen name="x184">175.48dp</dimen>
    <dimen name="x185">176.44dp</dimen>
    <dimen name="x186">177.39dp</dimen>
    <dimen name="x187">178.34dp</dimen>
    <dimen name="x188">179.30dp</dimen>
    <dimen name="x189">180.25dp</dimen>
    <dimen name="x190">181.20dp</dimen>
    <dimen name="x191">182.16dp</dimen>
    <dimen name="x192">183.11dp</dimen>
    <dimen name="x193">184.06dp</dimen>
    <dimen name="x194">185.02dp</dimen>
    <dimen name="x195">185.97dp</dimen>
    <dimen name="x196">186.93dp</dimen>
    <dimen name="x197">187.88dp</dimen>
    <dimen name="x198">188.83dp</dimen>
    <dimen name="x199">189.79dp</dimen>
    <dimen name="x200">190.74dp</dimen>
    <dimen name="x201">191.69dp</dimen>
    <dimen name="x202">192.65dp</dimen>
    <dimen name="x203">193.60dp</dimen>
    <dimen name="x204">194.56dp</dimen>
    <dimen name="x205">195.51dp</dimen>
    <dimen name="x206">196.46dp</dimen>
    <dimen name="x207">197.42dp</dimen>
    <dimen name="x208">198.37dp</dimen>
    <dimen name="x209">199.32dp</dimen>
    <dimen name="x210">200.28dp</dimen>
    <dimen name="x211">201.23dp</dimen>
    <dimen name="x212">202.19dp</dimen>
    <dimen name="x213">203.14dp</dimen>
    <dimen name="x214">204.09dp</dimen>
    <dimen name="x215">205.05dp</dimen>
    <dimen name="x216">206.00dp</dimen>
    <dimen name="x217">206.95dp</dimen>
    <dimen name="x218">207.91dp</dimen>
    <dimen name="x219">208.86dp</dimen>
    <dimen name="x220">209.81dp</dimen>
    <dimen name="x221">210.77dp</dimen>
    <dimen name="x222">211.72dp</dimen>
    <dimen name="x223">212.68dp</dimen>
    <dimen name="x224">213.63dp</dimen>
    <dimen name="x225">214.58dp</dimen>
    <dimen name="x226">215.54dp</dimen>
    <dimen name="x227">216.49dp</dimen>
    <dimen name="x228">217.44dp</dimen>
    <dimen name="x229">218.40dp</dimen>
    <dimen name="x230">219.35dp</dimen>
    <dimen name="x231">220.31dp</dimen>
    <dimen name="x232">221.26dp</dimen>
    <dimen name="x233">222.21dp</dimen>
    <dimen name="x234">223.17dp</dimen>
    <dimen name="x235">224.12dp</dimen>
    <dimen name="x236">225.07dp</dimen>
    <dimen name="x237">226.03dp</dimen>
    <dimen name="x238">226.98dp</dimen>
    <dimen name="x239">227.94dp</dimen>
    <dimen name="x240">228.89dp</dimen>
    <dimen name="x241">229.84dp</dimen>
    <dimen name="x242">230.80dp</dimen>
    <dimen name="x243">231.75dp</dimen>
    <dimen name="x244">232.70dp</dimen>
    <dimen name="x245">233.66dp</dimen>
    <dimen name="x246">234.61dp</dimen>
    <dimen name="x247">235.56dp</dimen>
    <dimen name="x248">236.52dp</dimen>
    <dimen name="x249">237.47dp</dimen>
    <dimen name="x250">238.43dp</dimen>
    <dimen name="x251">239.38dp</dimen>
    <dimen name="x252">240.33dp</dimen>
    <dimen name="x253">241.29dp</dimen>
    <dimen name="x254">242.24dp</dimen>
    <dimen name="x255">243.19dp</dimen>
    <dimen name="x256">244.15dp</dimen>
    <dimen name="x257">245.10dp</dimen>
    <dimen name="x258">246.06dp</dimen>
    <dimen name="x259">247.01dp</dimen>
    <dimen name="x260">247.96dp</dimen>
    <dimen name="x261">248.92dp</dimen>
    <dimen name="x262">249.87dp</dimen>
    <dimen name="x263">250.82dp</dimen>
    <dimen name="x264">251.78dp</dimen>
    <dimen name="x265">252.73dp</dimen>
    <dimen name="x266">253.69dp</dimen>
    <dimen name="x267">254.64dp</dimen>
    <dimen name="x268">255.59dp</dimen>
    <dimen name="x269">256.55dp</dimen>
    <dimen name="x270">257.50dp</dimen>
    <dimen name="x271">258.45dp</dimen>
    <dimen name="x272">259.41dp</dimen>
    <dimen name="x273">260.36dp</dimen>
    <dimen name="x274">261.31dp</dimen>
    <dimen name="x275">262.27dp</dimen>
    <dimen name="x276">263.22dp</dimen>
    <dimen name="x277">264.18dp</dimen>
    <dimen name="x278">265.13dp</dimen>
    <dimen name="x279">266.08dp</dimen>
    <dimen name="x280">267.04dp</dimen>
    <dimen name="x281">267.99dp</dimen>
    <dimen name="x282">268.94dp</dimen>
    <dimen name="x283">269.90dp</dimen>
    <dimen name="x284">270.85dp</dimen>
    <dimen name="x285">271.81dp</dimen>
    <dimen name="x286">272.76dp</dimen>
    <dimen name="x287">273.71dp</dimen>
    <dimen name="x288">274.67dp</dimen>
    <dimen name="x289">275.62dp</dimen>
    <dimen name="x290">276.57dp</dimen>
    <dimen name="x291">277.53dp</dimen>
    <dimen name="x292">278.48dp</dimen>
    <dimen name="x293">279.44dp</dimen>
    <dimen name="x294">280.39dp</dimen>
    <dimen name="x295">281.34dp</dimen>
    <dimen name="x296">282.30dp</dimen>
    <dimen name="x297">283.25dp</dimen>
    <dimen name="x298">284.20dp</dimen>
    <dimen name="x299">285.16dp</dimen>
    <dimen name="x300">286.11dp</dimen>
    <dimen name="x301">287.06dp</dimen>
    <dimen name="x302">288.02dp</dimen>
    <dimen name="x303">288.97dp</dimen>
    <dimen name="x304">289.93dp</dimen>
    <dimen name="x305">290.88dp</dimen>
    <dimen name="x306">291.83dp</dimen>
    <dimen name="x307">292.79dp</dimen>
    <dimen name="x308">293.74dp</dimen>
    <dimen name="x309">294.69dp</dimen>
    <dimen name="x310">295.65dp</dimen>
    <dimen name="x311">296.60dp</dimen>
    <dimen name="x312">297.56dp</dimen>
    <dimen name="x313">298.51dp</dimen>
    <dimen name="x314">299.46dp</dimen>
    <dimen name="x315">300.42dp</dimen>
    <dimen name="x316">301.37dp</dimen>
    <dimen name="x317">302.32dp</dimen>
    <dimen name="x318">303.28dp</dimen>
    <dimen name="x319">304.23dp</dimen>
    <dimen name="x320">305.19dp</dimen>
    <dimen name="x321">306.14dp</dimen>
    <dimen name="x322">307.09dp</dimen>
    <dimen name="x323">308.05dp</dimen>
    <dimen name="x324">309.00dp</dimen>
    <dimen name="x325">309.95dp</dimen>
    <dimen name="x326">310.91dp</dimen>
    <dimen name="x327">311.86dp</dimen>
    <dimen name="x328">312.81dp</dimen>
    <dimen name="x329">313.77dp</dimen>
    <dimen name="x330">314.72dp</dimen>
    <dimen name="x331">315.68dp</dimen>
    <dimen name="x332">316.63dp</dimen>
    <dimen name="x333">317.58dp</dimen>
    <dimen name="x334">318.54dp</dimen>
    <dimen name="x335">319.49dp</dimen>
    <dimen name="x336">320.44dp</dimen>
    <dimen name="x337">321.40dp</dimen>
    <dimen name="x338">322.35dp</dimen>
    <dimen name="x339">323.31dp</dimen>
    <dimen name="x340">324.26dp</dimen>
    <dimen name="x341">325.21dp</dimen>
    <dimen name="x342">326.17dp</dimen>
    <dimen name="x343">327.12dp</dimen>
    <dimen name="x344">328.07dp</dimen>
    <dimen name="x345">329.03dp</dimen>
    <dimen name="x346">329.98dp</dimen>
    <dimen name="x347">330.94dp</dimen>
    <dimen name="x348">331.89dp</dimen>
    <dimen name="x349">332.84dp</dimen>
    <dimen name="x350">333.80dp</dimen>
    <dimen name="x351">334.75dp</dimen>
    <dimen name="x352">335.70dp</dimen>
    <dimen name="x353">336.66dp</dimen>
    <dimen name="x354">337.61dp</dimen>
    <dimen name="x355">338.56dp</dimen>
    <dimen name="x356">339.52dp</dimen>
    <dimen name="x357">340.47dp</dimen>
    <dimen name="x358">341.43dp</dimen>
    <dimen name="x359">342.38dp</dimen>
    <dimen name="x360">343.33dp</dimen>
    <dimen name="x361">344.29dp</dimen>
    <dimen name="x362">345.24dp</dimen>
    <dimen name="x363">346.19dp</dimen>
    <dimen name="x364">347.15dp</dimen>
    <dimen name="x365">348.10dp</dimen>
    <dimen name="x366">349.06dp</dimen>
    <dimen name="x367">350.01dp</dimen>
    <dimen name="x368">350.96dp</dimen>
    <dimen name="x369">351.92dp</dimen>
    <dimen name="x370">352.87dp</dimen>
    <dimen name="x371">353.82dp</dimen>
    <dimen name="x372">354.78dp</dimen>
    <dimen name="x373">355.73dp</dimen>
    <dimen name="x374">356.69dp</dimen>
    <dimen name="x375">357.64dp</dimen>
    <dimen name="x376">358.59dp</dimen>
    <dimen name="x377">359.55dp</dimen>
    <dimen name="x378">360.50dp</dimen>
    <dimen name="x379">361.45dp</dimen>
    <dimen name="x380">362.41dp</dimen>
    <dimen name="x381">363.36dp</dimen>
    <dimen name="x382">364.31dp</dimen>
    <dimen name="x383">365.27dp</dimen>
    <dimen name="x384">366.22dp</dimen>
    <dimen name="x385">367.18dp</dimen>
    <dimen name="x386">368.13dp</dimen>
    <dimen name="x387">369.08dp</dimen>
    <dimen name="x388">370.04dp</dimen>
    <dimen name="x389">370.99dp</dimen>
    <dimen name="x390">371.94dp</dimen>
    <dimen name="x391">372.90dp</dimen>
    <dimen name="x392">373.85dp</dimen>
    <dimen name="x393">374.81dp</dimen>
    <dimen name="x394">375.76dp</dimen>
    <dimen name="x395">376.71dp</dimen>
    <dimen name="x396">377.67dp</dimen>
    <dimen name="x397">378.62dp</dimen>
    <dimen name="x398">379.57dp</dimen>
    <dimen name="x399">380.53dp</dimen>
    <dimen name="x400">381.48dp</dimen>
    <dimen name="x401">382.44dp</dimen>
    <dimen name="x402">383.39dp</dimen>
    <dimen name="x403">384.34dp</dimen>
    <dimen name="x404">385.30dp</dimen>
    <dimen name="x405">386.25dp</dimen>
    <dimen name="x406">387.20dp</dimen>
    <dimen name="x407">388.16dp</dimen>
    <dimen name="x408">389.11dp</dimen>
    <dimen name="x409">390.06dp</dimen>
    <dimen name="x410">391.02dp</dimen>
    <dimen name="x411">391.97dp</dimen>
    <dimen name="x412">392.93dp</dimen>
    <dimen name="x413">393.88dp</dimen>
    <dimen name="x414">394.83dp</dimen>
    <dimen name="x415">395.79dp</dimen>
    <dimen name="x416">396.74dp</dimen>
    <dimen name="x417">397.69dp</dimen>
    <dimen name="x418">398.65dp</dimen>
    <dimen name="x419">399.60dp</dimen>
    <dimen name="x420">400.56dp</dimen>
    <dimen name="x421">401.51dp</dimen>
    <dimen name="x422">402.46dp</dimen>
    <dimen name="x423">403.42dp</dimen>
    <dimen name="x424">404.37dp</dimen>
    <dimen name="x425">405.32dp</dimen>
    <dimen name="x426">406.28dp</dimen>
    <dimen name="x427">407.23dp</dimen>
    <dimen name="x428">408.19dp</dimen>
    <dimen name="x429">409.14dp</dimen>
    <dimen name="x430">410.09dp</dimen>
    <dimen name="x431">411.05dp</dimen>
    <dimen name="x432">412.00dp</dimen>
    <dimen name="x433">412.95dp</dimen>
    <dimen name="x434">413.91dp</dimen>
    <dimen name="x435">414.86dp</dimen>
    <dimen name="x436">415.81dp</dimen>
    <dimen name="x437">416.77dp</dimen>
    <dimen name="x438">417.72dp</dimen>
    <dimen name="x439">418.68dp</dimen>
    <dimen name="x440">419.63dp</dimen>
    <dimen name="x441">420.58dp</dimen>
    <dimen name="x442">421.54dp</dimen>
    <dimen name="x443">422.49dp</dimen>
    <dimen name="x444">423.44dp</dimen>
    <dimen name="x445">424.40dp</dimen>
    <dimen name="x446">425.35dp</dimen>
    <dimen name="x447">426.31dp</dimen>
    <dimen name="x448">427.26dp</dimen>
    <dimen name="x449">428.21dp</dimen>
    <dimen name="x450">429.17dp</dimen>
    <dimen name="x451">430.12dp</dimen>
    <dimen name="x452">431.07dp</dimen>
    <dimen name="x453">432.03dp</dimen>
    <dimen name="x454">432.98dp</dimen>
    <dimen name="x455">433.94dp</dimen>
    <dimen name="x456">434.89dp</dimen>
    <dimen name="x457">435.84dp</dimen>
    <dimen name="x458">436.80dp</dimen>
    <dimen name="x459">437.75dp</dimen>
    <dimen name="x460">438.70dp</dimen>
    <dimen name="x461">439.66dp</dimen>
    <dimen name="x462">440.61dp</dimen>
    <dimen name="x463">441.56dp</dimen>
    <dimen name="x464">442.52dp</dimen>
    <dimen name="x465">443.47dp</dimen>
    <dimen name="x466">444.43dp</dimen>
    <dimen name="x467">445.38dp</dimen>
    <dimen name="x468">446.33dp</dimen>
    <dimen name="x469">447.29dp</dimen>
    <dimen name="x470">448.24dp</dimen>
    <dimen name="x471">449.19dp</dimen>
    <dimen name="x472">450.15dp</dimen>
    <dimen name="x473">451.10dp</dimen>
    <dimen name="x474">452.06dp</dimen>
    <dimen name="x475">453.01dp</dimen>
    <dimen name="x476">453.96dp</dimen>
    <dimen name="x477">454.92dp</dimen>
    <dimen name="x478">455.87dp</dimen>
    <dimen name="x479">456.82dp</dimen>
    <dimen name="x480">457.78dp</dimen>
    <dimen name="x481">458.73dp</dimen>
    <dimen name="x482">459.69dp</dimen>
    <dimen name="x483">460.64dp</dimen>
    <dimen name="x484">461.59dp</dimen>
    <dimen name="x485">462.55dp</dimen>
    <dimen name="x486">463.50dp</dimen>
    <dimen name="x487">464.45dp</dimen>
    <dimen name="x488">465.41dp</dimen>
    <dimen name="x489">466.36dp</dimen>
    <dimen name="x490">467.31dp</dimen>
    <dimen name="x491">468.27dp</dimen>
    <dimen name="x492">469.22dp</dimen>
    <dimen name="x493">470.18dp</dimen>
    <dimen name="x494">471.13dp</dimen>
    <dimen name="x495">472.08dp</dimen>
    <dimen name="x496">473.04dp</dimen>
    <dimen name="x497">473.99dp</dimen>
    <dimen name="x498">474.94dp</dimen>
    <dimen name="x499">475.90dp</dimen>
    <dimen name="x500">476.85dp</dimen>
    <dimen name="x501">477.81dp</dimen>
    <dimen name="x502">478.76dp</dimen>
    <dimen name="x503">479.71dp</dimen>
    <dimen name="x504">480.67dp</dimen>
    <dimen name="x505">481.62dp</dimen>
    <dimen name="x506">482.57dp</dimen>
    <dimen name="x507">483.53dp</dimen>
    <dimen name="x508">484.48dp</dimen>
    <dimen name="x509">485.44dp</dimen>
    <dimen name="x510">486.39dp</dimen>
    <dimen name="x511">487.34dp</dimen>
    <dimen name="x512">488.30dp</dimen>
    <dimen name="x513">489.25dp</dimen>
    <dimen name="x514">490.20dp</dimen>
    <dimen name="x515">491.16dp</dimen>
    <dimen name="x516">492.11dp</dimen>
    <dimen name="x517">493.06dp</dimen>
    <dimen name="x518">494.02dp</dimen>
    <dimen name="x519">494.97dp</dimen>
    <dimen name="x520">495.93dp</dimen>
    <dimen name="x521">496.88dp</dimen>
    <dimen name="x522">497.83dp</dimen>
    <dimen name="x523">498.79dp</dimen>
    <dimen name="x524">499.74dp</dimen>
    <dimen name="x525">500.69dp</dimen>
    <dimen name="x526">501.65dp</dimen>
    <dimen name="x527">502.60dp</dimen>
    <dimen name="x528">503.56dp</dimen>
    <dimen name="x529">504.51dp</dimen>
    <dimen name="x530">505.46dp</dimen>
    <dimen name="x531">506.42dp</dimen>
    <dimen name="x532">507.37dp</dimen>
    <dimen name="x533">508.32dp</dimen>
    <dimen name="x534">509.28dp</dimen>
    <dimen name="x535">510.23dp</dimen>
    <dimen name="x536">511.19dp</dimen>
    <dimen name="x537">512.14dp</dimen>
    <dimen name="x538">513.09dp</dimen>
    <dimen name="x539">514.05dp</dimen>
    <dimen name="x540">515.00dp</dimen>
    <dimen name="x541">515.95dp</dimen>
    <dimen name="x542">516.91dp</dimen>
    <dimen name="x543">517.86dp</dimen>
    <dimen name="x544">518.81dp</dimen>
    <dimen name="x545">519.77dp</dimen>
    <dimen name="x546">520.72dp</dimen>
    <dimen name="x547">521.68dp</dimen>
    <dimen name="x548">522.63dp</dimen>
    <dimen name="x549">523.58dp</dimen>
    <dimen name="x550">524.54dp</dimen>
    <dimen name="x551">525.49dp</dimen>
    <dimen name="x552">526.44dp</dimen>
    <dimen name="x553">527.40dp</dimen>
    <dimen name="x554">528.35dp</dimen>
    <dimen name="x555">529.31dp</dimen>
    <dimen name="x556">530.26dp</dimen>
    <dimen name="x557">531.21dp</dimen>
    <dimen name="x558">532.17dp</dimen>
    <dimen name="x559">533.12dp</dimen>
    <dimen name="x560">534.07dp</dimen>
    <dimen name="x561">535.03dp</dimen>
    <dimen name="x562">535.98dp</dimen>
    <dimen name="x563">536.94dp</dimen>
    <dimen name="x564">537.89dp</dimen>
    <dimen name="x565">538.84dp</dimen>
    <dimen name="x566">539.80dp</dimen>
    <dimen name="x567">540.75dp</dimen>
    <dimen name="x568">541.70dp</dimen>
    <dimen name="x569">542.66dp</dimen>
    <dimen name="x570">543.61dp</dimen>
    <dimen name="x571">544.56dp</dimen>
    <dimen name="x572">545.52dp</dimen>
    <dimen name="x573">546.47dp</dimen>
    <dimen name="x574">547.43dp</dimen>
    <dimen name="x575">548.38dp</dimen>
    <dimen name="x576">549.33dp</dimen>
    <dimen name="x577">550.29dp</dimen>
    <dimen name="x578">551.24dp</dimen>
    <dimen name="x579">552.19dp</dimen>
    <dimen name="x580">553.15dp</dimen>
    <dimen name="x581">554.10dp</dimen>
    <dimen name="x582">555.06dp</dimen>
    <dimen name="x583">556.01dp</dimen>
    <dimen name="x584">556.96dp</dimen>
    <dimen name="x585">557.92dp</dimen>
    <dimen name="x586">558.87dp</dimen>
    <dimen name="x587">559.82dp</dimen>
    <dimen name="x588">560.78dp</dimen>
    <dimen name="x589">561.73dp</dimen>
    <dimen name="x590">562.69dp</dimen>
    <dimen name="x591">563.64dp</dimen>
    <dimen name="x592">564.59dp</dimen>
    <dimen name="x593">565.55dp</dimen>
    <dimen name="x594">566.50dp</dimen>
    <dimen name="x595">567.45dp</dimen>
    <dimen name="x596">568.41dp</dimen>
    <dimen name="x597">569.36dp</dimen>
    <dimen name="x598">570.31dp</dimen>
    <dimen name="x599">571.27dp</dimen>
    <dimen name="x600">572.22dp</dimen>
    <dimen name="x601">573.18dp</dimen>
    <dimen name="x602">574.13dp</dimen>
    <dimen name="x603">575.08dp</dimen>
    <dimen name="x604">576.04dp</dimen>
    <dimen name="x605">576.99dp</dimen>
    <dimen name="x606">577.94dp</dimen>
    <dimen name="x607">578.90dp</dimen>
    <dimen name="x608">579.85dp</dimen>
    <dimen name="x609">580.81dp</dimen>
    <dimen name="x610">581.76dp</dimen>
    <dimen name="x611">582.71dp</dimen>
    <dimen name="x612">583.67dp</dimen>
    <dimen name="x613">584.62dp</dimen>
    <dimen name="x614">585.57dp</dimen>
    <dimen name="x615">586.53dp</dimen>
    <dimen name="x616">587.48dp</dimen>
    <dimen name="x617">588.44dp</dimen>
    <dimen name="x618">589.39dp</dimen>
    <dimen name="x619">590.34dp</dimen>
    <dimen name="x620">591.30dp</dimen>
    <dimen name="x621">592.25dp</dimen>
    <dimen name="x622">593.20dp</dimen>
    <dimen name="x623">594.16dp</dimen>
    <dimen name="x624">595.11dp</dimen>
    <dimen name="x625">596.06dp</dimen>
    <dimen name="x626">597.02dp</dimen>
    <dimen name="x627">597.97dp</dimen>
    <dimen name="x628">598.93dp</dimen>
    <dimen name="x629">599.88dp</dimen>
    <dimen name="x630">600.83dp</dimen>
    <dimen name="x631">601.79dp</dimen>
    <dimen name="x632">602.74dp</dimen>
    <dimen name="x633">603.69dp</dimen>
    <dimen name="x634">604.65dp</dimen>
    <dimen name="x635">605.60dp</dimen>
    <dimen name="x636">606.56dp</dimen>
    <dimen name="x637">607.51dp</dimen>
    <dimen name="x638">608.46dp</dimen>
    <dimen name="x639">609.42dp</dimen>
    <dimen name="x640">610.37dp</dimen>
    <dimen name="x641">611.32dp</dimen>
    <dimen name="x642">612.28dp</dimen>
    <dimen name="x643">613.23dp</dimen>
    <dimen name="x644">614.19dp</dimen>
    <dimen name="x645">615.14dp</dimen>
    <dimen name="x646">616.09dp</dimen>
    <dimen name="x647">617.05dp</dimen>
    <dimen name="x648">618.00dp</dimen>
    <dimen name="x649">618.95dp</dimen>
    <dimen name="x650">619.91dp</dimen>
    <dimen name="x651">620.86dp</dimen>
    <dimen name="x652">621.81dp</dimen>
    <dimen name="x653">622.77dp</dimen>
    <dimen name="x654">623.72dp</dimen>
    <dimen name="x655">624.68dp</dimen>
    <dimen name="x656">625.63dp</dimen>
    <dimen name="x657">626.58dp</dimen>
    <dimen name="x658">627.54dp</dimen>
    <dimen name="x659">628.49dp</dimen>
    <dimen name="x660">629.44dp</dimen>
    <dimen name="x661">630.40dp</dimen>
    <dimen name="x662">631.35dp</dimen>
    <dimen name="x663">632.31dp</dimen>
    <dimen name="x664">633.26dp</dimen>
    <dimen name="x665">634.21dp</dimen>
    <dimen name="x666">635.17dp</dimen>
    <dimen name="x667">636.12dp</dimen>
    <dimen name="x668">637.07dp</dimen>
    <dimen name="x669">638.03dp</dimen>
    <dimen name="x670">638.98dp</dimen>
    <dimen name="x671">639.94dp</dimen>
    <dimen name="x672">640.89dp</dimen>
    <dimen name="x673">641.84dp</dimen>
    <dimen name="x674">642.80dp</dimen>
    <dimen name="x675">643.75dp</dimen>
    <dimen name="x676">644.70dp</dimen>
    <dimen name="x677">645.66dp</dimen>
    <dimen name="x678">646.61dp</dimen>
    <dimen name="x679">647.56dp</dimen>
    <dimen name="x680">648.52dp</dimen>
    <dimen name="x681">649.47dp</dimen>
    <dimen name="x682">650.43dp</dimen>
    <dimen name="x683">651.38dp</dimen>
    <dimen name="x684">652.33dp</dimen>
    <dimen name="x685">653.29dp</dimen>
    <dimen name="x686">654.24dp</dimen>
    <dimen name="x687">655.19dp</dimen>
    <dimen name="x688">656.15dp</dimen>
    <dimen name="x689">657.10dp</dimen>
    <dimen name="x690">658.06dp</dimen>
    <dimen name="x691">659.01dp</dimen>
    <dimen name="x692">659.96dp</dimen>
    <dimen name="x693">660.92dp</dimen>
    <dimen name="x694">661.87dp</dimen>
    <dimen name="x695">662.82dp</dimen>
    <dimen name="x696">663.78dp</dimen>
    <dimen name="x697">664.73dp</dimen>
    <dimen name="x698">665.69dp</dimen>
    <dimen name="x699">666.64dp</dimen>
    <dimen name="x700">667.59dp</dimen>
    <dimen name="x701">668.55dp</dimen>
    <dimen name="x702">669.50dp</dimen>
    <dimen name="x703">670.45dp</dimen>
    <dimen name="x704">671.41dp</dimen>
    <dimen name="x705">672.36dp</dimen>
    <dimen name="x706">673.31dp</dimen>
    <dimen name="x707">674.27dp</dimen>
    <dimen name="x708">675.22dp</dimen>
    <dimen name="x709">676.18dp</dimen>
    <dimen name="x710">677.13dp</dimen>
    <dimen name="x711">678.08dp</dimen>
    <dimen name="x712">679.04dp</dimen>
    <dimen name="x713">679.99dp</dimen>
    <dimen name="x714">680.94dp</dimen>
    <dimen name="x715">681.90dp</dimen>
    <dimen name="x716">682.85dp</dimen>
    <dimen name="x717">683.81dp</dimen>
    <dimen name="x718">684.76dp</dimen>
    <dimen name="x719">685.71dp</dimen>
    <dimen name="x720">686.67dp</dimen>
    <dimen name="x721">687.62dp</dimen>
    <dimen name="x722">688.57dp</dimen>
    <dimen name="x723">689.53dp</dimen>
    <dimen name="x724">690.48dp</dimen>
    <dimen name="x725">691.44dp</dimen>
    <dimen name="x726">692.39dp</dimen>
    <dimen name="x727">693.34dp</dimen>
    <dimen name="x728">694.30dp</dimen>
    <dimen name="x729">695.25dp</dimen>
    <dimen name="x730">696.20dp</dimen>
    <dimen name="x731">697.16dp</dimen>
    <dimen name="x732">698.11dp</dimen>
    <dimen name="x733">699.06dp</dimen>
    <dimen name="x734">700.02dp</dimen>
    <dimen name="x735">700.97dp</dimen>
    <dimen name="x736">701.93dp</dimen>
    <dimen name="x737">702.88dp</dimen>
    <dimen name="x738">703.83dp</dimen>
    <dimen name="x739">704.79dp</dimen>
    <dimen name="x740">705.74dp</dimen>
    <dimen name="x741">706.69dp</dimen>
    <dimen name="x742">707.65dp</dimen>
    <dimen name="x743">708.60dp</dimen>
    <dimen name="x744">709.56dp</dimen>
    <dimen name="x745">710.51dp</dimen>
    <dimen name="x746">711.46dp</dimen>
    <dimen name="x747">712.42dp</dimen>
    <dimen name="x748">713.37dp</dimen>
    <dimen name="x749">714.32dp</dimen>
    <dimen name="x750">715.28dp</dimen>
    <dimen name="x751">716.23dp</dimen>
    <dimen name="x752">717.19dp</dimen>
    <dimen name="x753">718.14dp</dimen>
    <dimen name="x754">719.09dp</dimen>
    <dimen name="x755">720.05dp</dimen>
    <dimen name="x756">721.00dp</dimen>
    <dimen name="x757">721.95dp</dimen>
    <dimen name="x758">722.91dp</dimen>
    <dimen name="x759">723.86dp</dimen>
    <dimen name="x760">724.81dp</dimen>
    <dimen name="x761">725.77dp</dimen>
    <dimen name="x762">726.72dp</dimen>
    <dimen name="x763">727.68dp</dimen>
    <dimen name="x764">728.63dp</dimen>
    <dimen name="x765">729.58dp</dimen>
    <dimen name="x766">730.54dp</dimen>
    <dimen name="x767">731.49dp</dimen>
    <dimen name="x768">732.44dp</dimen>
    <dimen name="x769">733.40dp</dimen>
    <dimen name="x770">734.35dp</dimen>
    <dimen name="x771">735.31dp</dimen>
    <dimen name="x772">736.26dp</dimen>
    <dimen name="x773">737.21dp</dimen>
    <dimen name="x774">738.17dp</dimen>
    <dimen name="x775">739.12dp</dimen>
    <dimen name="x776">740.07dp</dimen>
    <dimen name="x777">741.03dp</dimen>
    <dimen name="x778">741.98dp</dimen>
    <dimen name="x779">742.94dp</dimen>
    <dimen name="x780">743.89dp</dimen>
    <dimen name="x781">744.84dp</dimen>
    <dimen name="x782">745.80dp</dimen>
    <dimen name="x783">746.75dp</dimen>
    <dimen name="x784">747.70dp</dimen>
    <dimen name="x785">748.66dp</dimen>
    <dimen name="x786">749.61dp</dimen>
    <dimen name="x787">750.56dp</dimen>
    <dimen name="x788">751.52dp</dimen>
    <dimen name="x789">752.47dp</dimen>
    <dimen name="x790">753.43dp</dimen>
    <dimen name="x791">754.38dp</dimen>
    <dimen name="x792">755.33dp</dimen>
    <dimen name="x793">756.29dp</dimen>
    <dimen name="x794">757.24dp</dimen>
    <dimen name="x795">758.19dp</dimen>
    <dimen name="x796">759.15dp</dimen>
    <dimen name="x797">760.10dp</dimen>
    <dimen name="x798">761.06dp</dimen>
    <dimen name="x799">762.01dp</dimen>
    <dimen name="x800">762.96dp</dimen>
    <dimen name="x801">763.92dp</dimen>
    <dimen name="x802">764.87dp</dimen>
    <dimen name="x803">765.82dp</dimen>
    <dimen name="x804">766.78dp</dimen>
    <dimen name="x805">767.73dp</dimen>
    <dimen name="x806">768.69dp</dimen>
    <dimen name="x807">769.64dp</dimen>
    <dimen name="x808">770.59dp</dimen>
    <dimen name="x809">771.55dp</dimen>
    <dimen name="x810">772.50dp</dimen>
    <dimen name="x811">773.45dp</dimen>
    <dimen name="x812">774.41dp</dimen>
    <dimen name="x813">775.36dp</dimen>
    <dimen name="x814">776.31dp</dimen>
    <dimen name="x815">777.27dp</dimen>
    <dimen name="x816">778.22dp</dimen>
    <dimen name="x817">779.18dp</dimen>
    <dimen name="x818">780.13dp</dimen>
    <dimen name="x819">781.08dp</dimen>
    <dimen name="x820">782.04dp</dimen>
    <dimen name="x821">782.99dp</dimen>
    <dimen name="x822">783.94dp</dimen>
    <dimen name="x823">784.90dp</dimen>
    <dimen name="x824">785.85dp</dimen>
    <dimen name="x825">786.81dp</dimen>
    <dimen name="x826">787.76dp</dimen>
    <dimen name="x827">788.71dp</dimen>
    <dimen name="x828">789.67dp</dimen>
    <dimen name="x829">790.62dp</dimen>
    <dimen name="x830">791.57dp</dimen>
    <dimen name="x831">792.53dp</dimen>
    <dimen name="x832">793.48dp</dimen>
    <dimen name="x833">794.44dp</dimen>
    <dimen name="x834">795.39dp</dimen>
    <dimen name="x835">796.34dp</dimen>
    <dimen name="x836">797.30dp</dimen>
    <dimen name="x837">798.25dp</dimen>
    <dimen name="x838">799.20dp</dimen>
    <dimen name="x839">800.16dp</dimen>
    <dimen name="x840">801.11dp</dimen>
    <dimen name="x841">802.06dp</dimen>
    <dimen name="x842">803.02dp</dimen>
    <dimen name="x843">803.97dp</dimen>
    <dimen name="x844">804.93dp</dimen>
    <dimen name="x845">805.88dp</dimen>
    <dimen name="x846">806.83dp</dimen>
    <dimen name="x847">807.79dp</dimen>
    <dimen name="x848">808.74dp</dimen>
    <dimen name="x849">809.69dp</dimen>
    <dimen name="x850">810.65dp</dimen>
    <dimen name="x851">811.60dp</dimen>
    <dimen name="x852">812.56dp</dimen>
    <dimen name="x853">813.51dp</dimen>
    <dimen name="x854">814.46dp</dimen>
    <dimen name="x855">815.42dp</dimen>
    <dimen name="x856">816.37dp</dimen>
    <dimen name="x857">817.32dp</dimen>
    <dimen name="x858">818.28dp</dimen>
    <dimen name="x859">819.23dp</dimen>
    <dimen name="x860">820.19dp</dimen>
    <dimen name="x861">821.14dp</dimen>
    <dimen name="x862">822.09dp</dimen>
    <dimen name="x863">823.05dp</dimen>
    <dimen name="x864">824.00dp</dimen>
    <dimen name="x865">824.95dp</dimen>
    <dimen name="x866">825.91dp</dimen>
    <dimen name="x867">826.86dp</dimen>
    <dimen name="x868">827.81dp</dimen>
    <dimen name="x869">828.77dp</dimen>
    <dimen name="x870">829.72dp</dimen>
    <dimen name="x871">830.68dp</dimen>
    <dimen name="x872">831.63dp</dimen>
    <dimen name="x873">832.58dp</dimen>
    <dimen name="x874">833.54dp</dimen>
    <dimen name="x875">834.49dp</dimen>
    <dimen name="x876">835.44dp</dimen>
    <dimen name="x877">836.40dp</dimen>
    <dimen name="x878">837.35dp</dimen>
    <dimen name="x879">838.31dp</dimen>
    <dimen name="x880">839.26dp</dimen>
    <dimen name="x881">840.21dp</dimen>
    <dimen name="x882">841.17dp</dimen>
    <dimen name="x883">842.12dp</dimen>
    <dimen name="x884">843.07dp</dimen>
    <dimen name="x885">844.03dp</dimen>
    <dimen name="x886">844.98dp</dimen>
    <dimen name="x887">845.94dp</dimen>
    <dimen name="x888">846.89dp</dimen>
    <dimen name="x889">847.84dp</dimen>
    <dimen name="x890">848.80dp</dimen>
    <dimen name="x891">849.75dp</dimen>
    <dimen name="x892">850.70dp</dimen>
    <dimen name="x893">851.66dp</dimen>
    <dimen name="x894">852.61dp</dimen>
    <dimen name="x895">853.56dp</dimen>
    <dimen name="x896">854.52dp</dimen>
    <dimen name="x897">855.47dp</dimen>
    <dimen name="x898">856.43dp</dimen>
    <dimen name="x899">857.38dp</dimen>
    <dimen name="x900">858.33dp</dimen>
    <dimen name="x901">859.29dp</dimen>
    <dimen name="x902">860.24dp</dimen>
    <dimen name="x903">861.19dp</dimen>
    <dimen name="x904">862.15dp</dimen>
    <dimen name="x905">863.10dp</dimen>
    <dimen name="x906">864.06dp</dimen>
    <dimen name="x907">865.01dp</dimen>
    <dimen name="x908">865.96dp</dimen>
    <dimen name="x909">866.92dp</dimen>
    <dimen name="x910">867.87dp</dimen>
    <dimen name="x911">868.82dp</dimen>
    <dimen name="x912">869.78dp</dimen>
    <dimen name="x913">870.73dp</dimen>
    <dimen name="x914">871.69dp</dimen>
    <dimen name="x915">872.64dp</dimen>
    <dimen name="x916">873.59dp</dimen>
    <dimen name="x917">874.55dp</dimen>
    <dimen name="x918">875.50dp</dimen>
    <dimen name="x919">876.45dp</dimen>
    <dimen name="x920">877.41dp</dimen>
    <dimen name="x921">878.36dp</dimen>
    <dimen name="x922">879.31dp</dimen>
    <dimen name="x923">880.27dp</dimen>
    <dimen name="x924">881.22dp</dimen>
    <dimen name="x925">882.18dp</dimen>
    <dimen name="x926">883.13dp</dimen>
    <dimen name="x927">884.08dp</dimen>
    <dimen name="x928">885.04dp</dimen>
    <dimen name="x929">885.99dp</dimen>
    <dimen name="x930">886.94dp</dimen>
    <dimen name="x931">887.90dp</dimen>
    <dimen name="x932">888.85dp</dimen>
    <dimen name="x933">889.81dp</dimen>
    <dimen name="x934">890.76dp</dimen>
    <dimen name="x935">891.71dp</dimen>
    <dimen name="x936">892.67dp</dimen>
    <dimen name="x937">893.62dp</dimen>
    <dimen name="x938">894.57dp</dimen>
    <dimen name="x939">895.53dp</dimen>
    <dimen name="x940">896.48dp</dimen>
    <dimen name="x941">897.44dp</dimen>
    <dimen name="x942">898.39dp</dimen>
    <dimen name="x943">899.34dp</dimen>
    <dimen name="x944">900.30dp</dimen>
    <dimen name="x945">901.25dp</dimen>
    <dimen name="x946">902.20dp</dimen>
    <dimen name="x947">903.16dp</dimen>
    <dimen name="x948">904.11dp</dimen>
    <dimen name="x949">905.06dp</dimen>
    <dimen name="x950">906.02dp</dimen>
    <dimen name="x951">906.97dp</dimen>
    <dimen name="x952">907.93dp</dimen>
    <dimen name="x953">908.88dp</dimen>
    <dimen name="x954">909.83dp</dimen>
    <dimen name="x955">910.79dp</dimen>
    <dimen name="x956">911.74dp</dimen>
    <dimen name="x957">912.69dp</dimen>
    <dimen name="x958">913.65dp</dimen>
    <dimen name="x959">914.60dp</dimen>
    <dimen name="x960">915.56dp</dimen>
    <dimen name="x961">916.51dp</dimen>
    <dimen name="x962">917.46dp</dimen>
    <dimen name="x963">918.42dp</dimen>
    <dimen name="x964">919.37dp</dimen>
    <dimen name="x965">920.32dp</dimen>
    <dimen name="x966">921.28dp</dimen>
    <dimen name="x967">922.23dp</dimen>
    <dimen name="x968">923.19dp</dimen>
    <dimen name="x969">924.14dp</dimen>
    <dimen name="x970">925.09dp</dimen>
    <dimen name="x971">926.05dp</dimen>
    <dimen name="x972">927.00dp</dimen>
    <dimen name="x973">927.95dp</dimen>
    <dimen name="x974">928.91dp</dimen>
    <dimen name="x975">929.86dp</dimen>
    <dimen name="x976">930.81dp</dimen>
    <dimen name="x977">931.77dp</dimen>
    <dimen name="x978">932.72dp</dimen>
    <dimen name="x979">933.68dp</dimen>
    <dimen name="x980">934.63dp</dimen>
    <dimen name="x981">935.58dp</dimen>
    <dimen name="x982">936.54dp</dimen>
    <dimen name="x983">937.49dp</dimen>
    <dimen name="x984">938.44dp</dimen>
    <dimen name="x985">939.40dp</dimen>
    <dimen name="x986">940.35dp</dimen>
    <dimen name="x987">941.31dp</dimen>
    <dimen name="x988">942.26dp</dimen>
    <dimen name="x989">943.21dp</dimen>
    <dimen name="x990">944.17dp</dimen>
    <dimen name="x991">945.12dp</dimen>
    <dimen name="x992">946.07dp</dimen>
    <dimen name="x993">947.03dp</dimen>
    <dimen name="x994">947.98dp</dimen>
    <dimen name="x995">948.94dp</dimen>
    <dimen name="x996">949.89dp</dimen>
    <dimen name="x997">950.84dp</dimen>
    <dimen name="x998">951.80dp</dimen>
    <dimen name="x999">952.75dp</dimen>
    <dimen name="x1000">953.70dp</dimen>
    <dimen name="x1001">954.66dp</dimen>
    <dimen name="x1002">955.61dp</dimen>
    <dimen name="x1003">956.56dp</dimen>
    <dimen name="x1004">957.52dp</dimen>
    <dimen name="x1005">958.47dp</dimen>
    <dimen name="x1006">959.43dp</dimen>
    <dimen name="x1007">960.38dp</dimen>
    <dimen name="x1008">961.33dp</dimen>
    <dimen name="x1009">962.29dp</dimen>
    <dimen name="x1010">963.24dp</dimen>
    <dimen name="x1011">964.19dp</dimen>
    <dimen name="x1012">965.15dp</dimen>
    <dimen name="x1013">966.10dp</dimen>
    <dimen name="x1014">967.06dp</dimen>
    <dimen name="x1015">968.01dp</dimen>
    <dimen name="x1016">968.96dp</dimen>
    <dimen name="x1017">969.92dp</dimen>
    <dimen name="x1018">970.87dp</dimen>
    <dimen name="x1019">971.82dp</dimen>
    <dimen name="x1020">972.78dp</dimen>
    <dimen name="x1021">973.73dp</dimen>
    <dimen name="x1022">974.69dp</dimen>
    <dimen name="x1023">975.64dp</dimen>
    <dimen name="x1024">976.59dp</dimen>
    <dimen name="x1025">977.55dp</dimen>
    <dimen name="x1026">978.50dp</dimen>
    <dimen name="x1027">979.45dp</dimen>
    <dimen name="x1028">980.41dp</dimen>
    <dimen name="x1029">981.36dp</dimen>
    <dimen name="x1030">982.31dp</dimen>
    <dimen name="x1031">983.27dp</dimen>
    <dimen name="x1032">984.22dp</dimen>
    <dimen name="x1033">985.18dp</dimen>
    <dimen name="x1034">986.13dp</dimen>
    <dimen name="x1035">987.08dp</dimen>
    <dimen name="x1036">988.04dp</dimen>
    <dimen name="x1037">988.99dp</dimen>
    <dimen name="x1038">989.94dp</dimen>
    <dimen name="x1039">990.90dp</dimen>
    <dimen name="x1040">991.85dp</dimen>
    <dimen name="x1041">992.81dp</dimen>
    <dimen name="x1042">993.76dp</dimen>
    <dimen name="x1043">994.71dp</dimen>
    <dimen name="x1044">995.67dp</dimen>
    <dimen name="x1045">996.62dp</dimen>
    <dimen name="x1046">997.57dp</dimen>
    <dimen name="x1047">998.53dp</dimen>
    <dimen name="x1048">999.48dp</dimen>
    <dimen name="x1049">1000.44dp</dimen>
    <dimen name="x1050">1001.39dp</dimen>
    <dimen name="x1051">1002.34dp</dimen>
    <dimen name="x1052">1003.30dp</dimen>
    <dimen name="x1053">1004.25dp</dimen>
    <dimen name="x1054">1005.20dp</dimen>
    <dimen name="x1055">1006.16dp</dimen>
    <dimen name="x1056">1007.11dp</dimen>
    <dimen name="x1057">1008.06dp</dimen>
    <dimen name="x1058">1009.02dp</dimen>
    <dimen name="x1059">1009.97dp</dimen>
    <dimen name="x1060">1010.93dp</dimen>
    <dimen name="x1061">1011.88dp</dimen>
    <dimen name="x1062">1012.83dp</dimen>
    <dimen name="x1063">1013.79dp</dimen>
    <dimen name="x1064">1014.74dp</dimen>
    <dimen name="x1065">1015.69dp</dimen>
    <dimen name="x1066">1016.65dp</dimen>
    <dimen name="x1067">1017.60dp</dimen>
    <dimen name="x1068">1018.56dp</dimen>
    <dimen name="x1069">1019.51dp</dimen>
    <dimen name="x1070">1020.46dp</dimen>
    <dimen name="x1071">1021.42dp</dimen>
    <dimen name="x1072">1022.37dp</dimen>
    <dimen name="x1073">1023.32dp</dimen>
    <dimen name="x1074">1024.28dp</dimen>
    <dimen name="x1075">1025.23dp</dimen>
    <dimen name="x1076">1026.19dp</dimen>
    <dimen name="x1077">1027.14dp</dimen>
    <dimen name="x1078">1028.09dp</dimen>
    <dimen name="x1079">1029.05dp</dimen>
    <dimen name="x1080">1030.00dp</dimen>
</resources>