<?xml version="1.0" encoding="utf-8"?>
<resources>
    <string name="sw_dp">380dp</string>
    <dimen name="x1">0.35dp</dimen>
    <dimen name="x2">0.70dp</dimen>
    <dimen name="x3">1.06dp</dimen>
    <dimen name="x4">1.41dp</dimen>
    <dimen name="x5">1.76dp</dimen>
    <dimen name="x6">2.11dp</dimen>
    <dimen name="x7">2.46dp</dimen>
    <dimen name="x8">2.81dp</dimen>
    <dimen name="x9">3.17dp</dimen>
    <dimen name="x10">3.52dp</dimen>
    <dimen name="x11">3.87dp</dimen>
    <dimen name="x12">4.22dp</dimen>
    <dimen name="x13">4.57dp</dimen>
    <dimen name="x14">4.93dp</dimen>
    <dimen name="x15">5.28dp</dimen>
    <dimen name="x16">5.63dp</dimen>
    <dimen name="x17">5.98dp</dimen>
    <dimen name="x18">6.33dp</dimen>
    <dimen name="x19">6.69dp</dimen>
    <dimen name="x20">7.04dp</dimen>
    <dimen name="x21">7.39dp</dimen>
    <dimen name="x22">7.74dp</dimen>
    <dimen name="x23">8.09dp</dimen>
    <dimen name="x24">8.44dp</dimen>
    <dimen name="x25">8.80dp</dimen>
    <dimen name="x26">9.15dp</dimen>
    <dimen name="x27">9.50dp</dimen>
    <dimen name="x28">9.85dp</dimen>
    <dimen name="x29">10.20dp</dimen>
    <dimen name="x30">10.56dp</dimen>
    <dimen name="x31">10.91dp</dimen>
    <dimen name="x32">11.26dp</dimen>
    <dimen name="x33">11.61dp</dimen>
    <dimen name="x34">11.96dp</dimen>
    <dimen name="x35">12.31dp</dimen>
    <dimen name="x36">12.67dp</dimen>
    <dimen name="x37">13.02dp</dimen>
    <dimen name="x38">13.37dp</dimen>
    <dimen name="x39">13.72dp</dimen>
    <dimen name="x40">14.07dp</dimen>
    <dimen name="x41">14.43dp</dimen>
    <dimen name="x42">14.78dp</dimen>
    <dimen name="x43">15.13dp</dimen>
    <dimen name="x44">15.48dp</dimen>
    <dimen name="x45">15.83dp</dimen>
    <dimen name="x46">16.19dp</dimen>
    <dimen name="x47">16.54dp</dimen>
    <dimen name="x48">16.89dp</dimen>
    <dimen name="x49">17.24dp</dimen>
    <dimen name="x50">17.59dp</dimen>
    <dimen name="x51">17.94dp</dimen>
    <dimen name="x52">18.30dp</dimen>
    <dimen name="x53">18.65dp</dimen>
    <dimen name="x54">19.00dp</dimen>
    <dimen name="x55">19.35dp</dimen>
    <dimen name="x56">19.70dp</dimen>
    <dimen name="x57">20.06dp</dimen>
    <dimen name="x58">20.41dp</dimen>
    <dimen name="x59">20.76dp</dimen>
    <dimen name="x60">21.11dp</dimen>
    <dimen name="x61">21.46dp</dimen>
    <dimen name="x62">21.81dp</dimen>
    <dimen name="x63">22.17dp</dimen>
    <dimen name="x64">22.52dp</dimen>
    <dimen name="x65">22.87dp</dimen>
    <dimen name="x66">23.22dp</dimen>
    <dimen name="x67">23.57dp</dimen>
    <dimen name="x68">23.93dp</dimen>
    <dimen name="x69">24.28dp</dimen>
    <dimen name="x70">24.63dp</dimen>
    <dimen name="x71">24.98dp</dimen>
    <dimen name="x72">25.33dp</dimen>
    <dimen name="x73">25.69dp</dimen>
    <dimen name="x74">26.04dp</dimen>
    <dimen name="x75">26.39dp</dimen>
    <dimen name="x76">26.74dp</dimen>
    <dimen name="x77">27.09dp</dimen>
    <dimen name="x78">27.44dp</dimen>
    <dimen name="x79">27.80dp</dimen>
    <dimen name="x80">28.15dp</dimen>
    <dimen name="x81">28.50dp</dimen>
    <dimen name="x82">28.85dp</dimen>
    <dimen name="x83">29.20dp</dimen>
    <dimen name="x84">29.56dp</dimen>
    <dimen name="x85">29.91dp</dimen>
    <dimen name="x86">30.26dp</dimen>
    <dimen name="x87">30.61dp</dimen>
    <dimen name="x88">30.96dp</dimen>
    <dimen name="x89">31.31dp</dimen>
    <dimen name="x90">31.67dp</dimen>
    <dimen name="x91">32.02dp</dimen>
    <dimen name="x92">32.37dp</dimen>
    <dimen name="x93">32.72dp</dimen>
    <dimen name="x94">33.07dp</dimen>
    <dimen name="x95">33.43dp</dimen>
    <dimen name="x96">33.78dp</dimen>
    <dimen name="x97">34.13dp</dimen>
    <dimen name="x98">34.48dp</dimen>
    <dimen name="x99">34.83dp</dimen>
    <dimen name="x100">35.19dp</dimen>
    <dimen name="x101">35.54dp</dimen>
    <dimen name="x102">35.89dp</dimen>
    <dimen name="x103">36.24dp</dimen>
    <dimen name="x104">36.59dp</dimen>
    <dimen name="x105">36.94dp</dimen>
    <dimen name="x106">37.30dp</dimen>
    <dimen name="x107">37.65dp</dimen>
    <dimen name="x108">38.00dp</dimen>
    <dimen name="x109">38.35dp</dimen>
    <dimen name="x110">38.70dp</dimen>
    <dimen name="x111">39.06dp</dimen>
    <dimen name="x112">39.41dp</dimen>
    <dimen name="x113">39.76dp</dimen>
    <dimen name="x114">40.11dp</dimen>
    <dimen name="x115">40.46dp</dimen>
    <dimen name="x116">40.81dp</dimen>
    <dimen name="x117">41.17dp</dimen>
    <dimen name="x118">41.52dp</dimen>
    <dimen name="x119">41.87dp</dimen>
    <dimen name="x120">42.22dp</dimen>
    <dimen name="x121">42.57dp</dimen>
    <dimen name="x122">42.93dp</dimen>
    <dimen name="x123">43.28dp</dimen>
    <dimen name="x124">43.63dp</dimen>
    <dimen name="x125">43.98dp</dimen>
    <dimen name="x126">44.33dp</dimen>
    <dimen name="x127">44.69dp</dimen>
    <dimen name="x128">45.04dp</dimen>
    <dimen name="x129">45.39dp</dimen>
    <dimen name="x130">45.74dp</dimen>
    <dimen name="x131">46.09dp</dimen>
    <dimen name="x132">46.44dp</dimen>
    <dimen name="x133">46.80dp</dimen>
    <dimen name="x134">47.15dp</dimen>
    <dimen name="x135">47.50dp</dimen>
    <dimen name="x136">47.85dp</dimen>
    <dimen name="x137">48.20dp</dimen>
    <dimen name="x138">48.56dp</dimen>
    <dimen name="x139">48.91dp</dimen>
    <dimen name="x140">49.26dp</dimen>
    <dimen name="x141">49.61dp</dimen>
    <dimen name="x142">49.96dp</dimen>
    <dimen name="x143">50.31dp</dimen>
    <dimen name="x144">50.67dp</dimen>
    <dimen name="x145">51.02dp</dimen>
    <dimen name="x146">51.37dp</dimen>
    <dimen name="x147">51.72dp</dimen>
    <dimen name="x148">52.07dp</dimen>
    <dimen name="x149">52.43dp</dimen>
    <dimen name="x150">52.78dp</dimen>
    <dimen name="x151">53.13dp</dimen>
    <dimen name="x152">53.48dp</dimen>
    <dimen name="x153">53.83dp</dimen>
    <dimen name="x154">54.19dp</dimen>
    <dimen name="x155">54.54dp</dimen>
    <dimen name="x156">54.89dp</dimen>
    <dimen name="x157">55.24dp</dimen>
    <dimen name="x158">55.59dp</dimen>
    <dimen name="x159">55.94dp</dimen>
    <dimen name="x160">56.30dp</dimen>
    <dimen name="x161">56.65dp</dimen>
    <dimen name="x162">57.00dp</dimen>
    <dimen name="x163">57.35dp</dimen>
    <dimen name="x164">57.70dp</dimen>
    <dimen name="x165">58.06dp</dimen>
    <dimen name="x166">58.41dp</dimen>
    <dimen name="x167">58.76dp</dimen>
    <dimen name="x168">59.11dp</dimen>
    <dimen name="x169">59.46dp</dimen>
    <dimen name="x170">59.81dp</dimen>
    <dimen name="x171">60.17dp</dimen>
    <dimen name="x172">60.52dp</dimen>
    <dimen name="x173">60.87dp</dimen>
    <dimen name="x174">61.22dp</dimen>
    <dimen name="x175">61.57dp</dimen>
    <dimen name="x176">61.93dp</dimen>
    <dimen name="x177">62.28dp</dimen>
    <dimen name="x178">62.63dp</dimen>
    <dimen name="x179">62.98dp</dimen>
    <dimen name="x180">63.33dp</dimen>
    <dimen name="x181">63.69dp</dimen>
    <dimen name="x182">64.04dp</dimen>
    <dimen name="x183">64.39dp</dimen>
    <dimen name="x184">64.74dp</dimen>
    <dimen name="x185">65.09dp</dimen>
    <dimen name="x186">65.44dp</dimen>
    <dimen name="x187">65.80dp</dimen>
    <dimen name="x188">66.15dp</dimen>
    <dimen name="x189">66.50dp</dimen>
    <dimen name="x190">66.85dp</dimen>
    <dimen name="x191">67.20dp</dimen>
    <dimen name="x192">67.56dp</dimen>
    <dimen name="x193">67.91dp</dimen>
    <dimen name="x194">68.26dp</dimen>
    <dimen name="x195">68.61dp</dimen>
    <dimen name="x196">68.96dp</dimen>
    <dimen name="x197">69.31dp</dimen>
    <dimen name="x198">69.67dp</dimen>
    <dimen name="x199">70.02dp</dimen>
    <dimen name="x200">70.37dp</dimen>
    <dimen name="x201">70.72dp</dimen>
    <dimen name="x202">71.07dp</dimen>
    <dimen name="x203">71.43dp</dimen>
    <dimen name="x204">71.78dp</dimen>
    <dimen name="x205">72.13dp</dimen>
    <dimen name="x206">72.48dp</dimen>
    <dimen name="x207">72.83dp</dimen>
    <dimen name="x208">73.19dp</dimen>
    <dimen name="x209">73.54dp</dimen>
    <dimen name="x210">73.89dp</dimen>
    <dimen name="x211">74.24dp</dimen>
    <dimen name="x212">74.59dp</dimen>
    <dimen name="x213">74.94dp</dimen>
    <dimen name="x214">75.30dp</dimen>
    <dimen name="x215">75.65dp</dimen>
    <dimen name="x216">76.00dp</dimen>
    <dimen name="x217">76.35dp</dimen>
    <dimen name="x218">76.70dp</dimen>
    <dimen name="x219">77.06dp</dimen>
    <dimen name="x220">77.41dp</dimen>
    <dimen name="x221">77.76dp</dimen>
    <dimen name="x222">78.11dp</dimen>
    <dimen name="x223">78.46dp</dimen>
    <dimen name="x224">78.81dp</dimen>
    <dimen name="x225">79.17dp</dimen>
    <dimen name="x226">79.52dp</dimen>
    <dimen name="x227">79.87dp</dimen>
    <dimen name="x228">80.22dp</dimen>
    <dimen name="x229">80.57dp</dimen>
    <dimen name="x230">80.93dp</dimen>
    <dimen name="x231">81.28dp</dimen>
    <dimen name="x232">81.63dp</dimen>
    <dimen name="x233">81.98dp</dimen>
    <dimen name="x234">82.33dp</dimen>
    <dimen name="x235">82.69dp</dimen>
    <dimen name="x236">83.04dp</dimen>
    <dimen name="x237">83.39dp</dimen>
    <dimen name="x238">83.74dp</dimen>
    <dimen name="x239">84.09dp</dimen>
    <dimen name="x240">84.44dp</dimen>
    <dimen name="x241">84.80dp</dimen>
    <dimen name="x242">85.15dp</dimen>
    <dimen name="x243">85.50dp</dimen>
    <dimen name="x244">85.85dp</dimen>
    <dimen name="x245">86.20dp</dimen>
    <dimen name="x246">86.56dp</dimen>
    <dimen name="x247">86.91dp</dimen>
    <dimen name="x248">87.26dp</dimen>
    <dimen name="x249">87.61dp</dimen>
    <dimen name="x250">87.96dp</dimen>
    <dimen name="x251">88.31dp</dimen>
    <dimen name="x252">88.67dp</dimen>
    <dimen name="x253">89.02dp</dimen>
    <dimen name="x254">89.37dp</dimen>
    <dimen name="x255">89.72dp</dimen>
    <dimen name="x256">90.07dp</dimen>
    <dimen name="x257">90.43dp</dimen>
    <dimen name="x258">90.78dp</dimen>
    <dimen name="x259">91.13dp</dimen>
    <dimen name="x260">91.48dp</dimen>
    <dimen name="x261">91.83dp</dimen>
    <dimen name="x262">92.19dp</dimen>
    <dimen name="x263">92.54dp</dimen>
    <dimen name="x264">92.89dp</dimen>
    <dimen name="x265">93.24dp</dimen>
    <dimen name="x266">93.59dp</dimen>
    <dimen name="x267">93.94dp</dimen>
    <dimen name="x268">94.30dp</dimen>
    <dimen name="x269">94.65dp</dimen>
    <dimen name="x270">95.00dp</dimen>
    <dimen name="x271">95.35dp</dimen>
    <dimen name="x272">95.70dp</dimen>
    <dimen name="x273">96.06dp</dimen>
    <dimen name="x274">96.41dp</dimen>
    <dimen name="x275">96.76dp</dimen>
    <dimen name="x276">97.11dp</dimen>
    <dimen name="x277">97.46dp</dimen>
    <dimen name="x278">97.81dp</dimen>
    <dimen name="x279">98.17dp</dimen>
    <dimen name="x280">98.52dp</dimen>
    <dimen name="x281">98.87dp</dimen>
    <dimen name="x282">99.22dp</dimen>
    <dimen name="x283">99.57dp</dimen>
    <dimen name="x284">99.93dp</dimen>
    <dimen name="x285">100.28dp</dimen>
    <dimen name="x286">100.63dp</dimen>
    <dimen name="x287">100.98dp</dimen>
    <dimen name="x288">101.33dp</dimen>
    <dimen name="x289">101.69dp</dimen>
    <dimen name="x290">102.04dp</dimen>
    <dimen name="x291">102.39dp</dimen>
    <dimen name="x292">102.74dp</dimen>
    <dimen name="x293">103.09dp</dimen>
    <dimen name="x294">103.44dp</dimen>
    <dimen name="x295">103.80dp</dimen>
    <dimen name="x296">104.15dp</dimen>
    <dimen name="x297">104.50dp</dimen>
    <dimen name="x298">104.85dp</dimen>
    <dimen name="x299">105.20dp</dimen>
    <dimen name="x300">105.56dp</dimen>
    <dimen name="x301">105.91dp</dimen>
    <dimen name="x302">106.26dp</dimen>
    <dimen name="x303">106.61dp</dimen>
    <dimen name="x304">106.96dp</dimen>
    <dimen name="x305">107.31dp</dimen>
    <dimen name="x306">107.67dp</dimen>
    <dimen name="x307">108.02dp</dimen>
    <dimen name="x308">108.37dp</dimen>
    <dimen name="x309">108.72dp</dimen>
    <dimen name="x310">109.07dp</dimen>
    <dimen name="x311">109.43dp</dimen>
    <dimen name="x312">109.78dp</dimen>
    <dimen name="x313">110.13dp</dimen>
    <dimen name="x314">110.48dp</dimen>
    <dimen name="x315">110.83dp</dimen>
    <dimen name="x316">111.19dp</dimen>
    <dimen name="x317">111.54dp</dimen>
    <dimen name="x318">111.89dp</dimen>
    <dimen name="x319">112.24dp</dimen>
    <dimen name="x320">112.59dp</dimen>
    <dimen name="x321">112.94dp</dimen>
    <dimen name="x322">113.30dp</dimen>
    <dimen name="x323">113.65dp</dimen>
    <dimen name="x324">114.00dp</dimen>
    <dimen name="x325">114.35dp</dimen>
    <dimen name="x326">114.70dp</dimen>
    <dimen name="x327">115.06dp</dimen>
    <dimen name="x328">115.41dp</dimen>
    <dimen name="x329">115.76dp</dimen>
    <dimen name="x330">116.11dp</dimen>
    <dimen name="x331">116.46dp</dimen>
    <dimen name="x332">116.81dp</dimen>
    <dimen name="x333">117.17dp</dimen>
    <dimen name="x334">117.52dp</dimen>
    <dimen name="x335">117.87dp</dimen>
    <dimen name="x336">118.22dp</dimen>
    <dimen name="x337">118.57dp</dimen>
    <dimen name="x338">118.93dp</dimen>
    <dimen name="x339">119.28dp</dimen>
    <dimen name="x340">119.63dp</dimen>
    <dimen name="x341">119.98dp</dimen>
    <dimen name="x342">120.33dp</dimen>
    <dimen name="x343">120.69dp</dimen>
    <dimen name="x344">121.04dp</dimen>
    <dimen name="x345">121.39dp</dimen>
    <dimen name="x346">121.74dp</dimen>
    <dimen name="x347">122.09dp</dimen>
    <dimen name="x348">122.44dp</dimen>
    <dimen name="x349">122.80dp</dimen>
    <dimen name="x350">123.15dp</dimen>
    <dimen name="x351">123.50dp</dimen>
    <dimen name="x352">123.85dp</dimen>
    <dimen name="x353">124.20dp</dimen>
    <dimen name="x354">124.56dp</dimen>
    <dimen name="x355">124.91dp</dimen>
    <dimen name="x356">125.26dp</dimen>
    <dimen name="x357">125.61dp</dimen>
    <dimen name="x358">125.96dp</dimen>
    <dimen name="x359">126.31dp</dimen>
    <dimen name="x360">126.67dp</dimen>
    <dimen name="x361">127.02dp</dimen>
    <dimen name="x362">127.37dp</dimen>
    <dimen name="x363">127.72dp</dimen>
    <dimen name="x364">128.07dp</dimen>
    <dimen name="x365">128.43dp</dimen>
    <dimen name="x366">128.78dp</dimen>
    <dimen name="x367">129.13dp</dimen>
    <dimen name="x368">129.48dp</dimen>
    <dimen name="x369">129.83dp</dimen>
    <dimen name="x370">130.19dp</dimen>
    <dimen name="x371">130.54dp</dimen>
    <dimen name="x372">130.89dp</dimen>
    <dimen name="x373">131.24dp</dimen>
    <dimen name="x374">131.59dp</dimen>
    <dimen name="x375">131.94dp</dimen>
    <dimen name="x376">132.30dp</dimen>
    <dimen name="x377">132.65dp</dimen>
    <dimen name="x378">133.00dp</dimen>
    <dimen name="x379">133.35dp</dimen>
    <dimen name="x380">133.70dp</dimen>
    <dimen name="x381">134.06dp</dimen>
    <dimen name="x382">134.41dp</dimen>
    <dimen name="x383">134.76dp</dimen>
    <dimen name="x384">135.11dp</dimen>
    <dimen name="x385">135.46dp</dimen>
    <dimen name="x386">135.81dp</dimen>
    <dimen name="x387">136.17dp</dimen>
    <dimen name="x388">136.52dp</dimen>
    <dimen name="x389">136.87dp</dimen>
    <dimen name="x390">137.22dp</dimen>
    <dimen name="x391">137.57dp</dimen>
    <dimen name="x392">137.93dp</dimen>
    <dimen name="x393">138.28dp</dimen>
    <dimen name="x394">138.63dp</dimen>
    <dimen name="x395">138.98dp</dimen>
    <dimen name="x396">139.33dp</dimen>
    <dimen name="x397">139.69dp</dimen>
    <dimen name="x398">140.04dp</dimen>
    <dimen name="x399">140.39dp</dimen>
    <dimen name="x400">140.74dp</dimen>
    <dimen name="x401">141.09dp</dimen>
    <dimen name="x402">141.44dp</dimen>
    <dimen name="x403">141.80dp</dimen>
    <dimen name="x404">142.15dp</dimen>
    <dimen name="x405">142.50dp</dimen>
    <dimen name="x406">142.85dp</dimen>
    <dimen name="x407">143.20dp</dimen>
    <dimen name="x408">143.56dp</dimen>
    <dimen name="x409">143.91dp</dimen>
    <dimen name="x410">144.26dp</dimen>
    <dimen name="x411">144.61dp</dimen>
    <dimen name="x412">144.96dp</dimen>
    <dimen name="x413">145.31dp</dimen>
    <dimen name="x414">145.67dp</dimen>
    <dimen name="x415">146.02dp</dimen>
    <dimen name="x416">146.37dp</dimen>
    <dimen name="x417">146.72dp</dimen>
    <dimen name="x418">147.07dp</dimen>
    <dimen name="x419">147.43dp</dimen>
    <dimen name="x420">147.78dp</dimen>
    <dimen name="x421">148.13dp</dimen>
    <dimen name="x422">148.48dp</dimen>
    <dimen name="x423">148.83dp</dimen>
    <dimen name="x424">149.19dp</dimen>
    <dimen name="x425">149.54dp</dimen>
    <dimen name="x426">149.89dp</dimen>
    <dimen name="x427">150.24dp</dimen>
    <dimen name="x428">150.59dp</dimen>
    <dimen name="x429">150.94dp</dimen>
    <dimen name="x430">151.30dp</dimen>
    <dimen name="x431">151.65dp</dimen>
    <dimen name="x432">152.00dp</dimen>
    <dimen name="x433">152.35dp</dimen>
    <dimen name="x434">152.70dp</dimen>
    <dimen name="x435">153.06dp</dimen>
    <dimen name="x436">153.41dp</dimen>
    <dimen name="x437">153.76dp</dimen>
    <dimen name="x438">154.11dp</dimen>
    <dimen name="x439">154.46dp</dimen>
    <dimen name="x440">154.81dp</dimen>
    <dimen name="x441">155.17dp</dimen>
    <dimen name="x442">155.52dp</dimen>
    <dimen name="x443">155.87dp</dimen>
    <dimen name="x444">156.22dp</dimen>
    <dimen name="x445">156.57dp</dimen>
    <dimen name="x446">156.93dp</dimen>
    <dimen name="x447">157.28dp</dimen>
    <dimen name="x448">157.63dp</dimen>
    <dimen name="x449">157.98dp</dimen>
    <dimen name="x450">158.33dp</dimen>
    <dimen name="x451">158.69dp</dimen>
    <dimen name="x452">159.04dp</dimen>
    <dimen name="x453">159.39dp</dimen>
    <dimen name="x454">159.74dp</dimen>
    <dimen name="x455">160.09dp</dimen>
    <dimen name="x456">160.44dp</dimen>
    <dimen name="x457">160.80dp</dimen>
    <dimen name="x458">161.15dp</dimen>
    <dimen name="x459">161.50dp</dimen>
    <dimen name="x460">161.85dp</dimen>
    <dimen name="x461">162.20dp</dimen>
    <dimen name="x462">162.56dp</dimen>
    <dimen name="x463">162.91dp</dimen>
    <dimen name="x464">163.26dp</dimen>
    <dimen name="x465">163.61dp</dimen>
    <dimen name="x466">163.96dp</dimen>
    <dimen name="x467">164.31dp</dimen>
    <dimen name="x468">164.67dp</dimen>
    <dimen name="x469">165.02dp</dimen>
    <dimen name="x470">165.37dp</dimen>
    <dimen name="x471">165.72dp</dimen>
    <dimen name="x472">166.07dp</dimen>
    <dimen name="x473">166.43dp</dimen>
    <dimen name="x474">166.78dp</dimen>
    <dimen name="x475">167.13dp</dimen>
    <dimen name="x476">167.48dp</dimen>
    <dimen name="x477">167.83dp</dimen>
    <dimen name="x478">168.19dp</dimen>
    <dimen name="x479">168.54dp</dimen>
    <dimen name="x480">168.89dp</dimen>
    <dimen name="x481">169.24dp</dimen>
    <dimen name="x482">169.59dp</dimen>
    <dimen name="x483">169.94dp</dimen>
    <dimen name="x484">170.30dp</dimen>
    <dimen name="x485">170.65dp</dimen>
    <dimen name="x486">171.00dp</dimen>
    <dimen name="x487">171.35dp</dimen>
    <dimen name="x488">171.70dp</dimen>
    <dimen name="x489">172.06dp</dimen>
    <dimen name="x490">172.41dp</dimen>
    <dimen name="x491">172.76dp</dimen>
    <dimen name="x492">173.11dp</dimen>
    <dimen name="x493">173.46dp</dimen>
    <dimen name="x494">173.81dp</dimen>
    <dimen name="x495">174.17dp</dimen>
    <dimen name="x496">174.52dp</dimen>
    <dimen name="x497">174.87dp</dimen>
    <dimen name="x498">175.22dp</dimen>
    <dimen name="x499">175.57dp</dimen>
    <dimen name="x500">175.93dp</dimen>
    <dimen name="x501">176.28dp</dimen>
    <dimen name="x502">176.63dp</dimen>
    <dimen name="x503">176.98dp</dimen>
    <dimen name="x504">177.33dp</dimen>
    <dimen name="x505">177.69dp</dimen>
    <dimen name="x506">178.04dp</dimen>
    <dimen name="x507">178.39dp</dimen>
    <dimen name="x508">178.74dp</dimen>
    <dimen name="x509">179.09dp</dimen>
    <dimen name="x510">179.44dp</dimen>
    <dimen name="x511">179.80dp</dimen>
    <dimen name="x512">180.15dp</dimen>
    <dimen name="x513">180.50dp</dimen>
    <dimen name="x514">180.85dp</dimen>
    <dimen name="x515">181.20dp</dimen>
    <dimen name="x516">181.56dp</dimen>
    <dimen name="x517">181.91dp</dimen>
    <dimen name="x518">182.26dp</dimen>
    <dimen name="x519">182.61dp</dimen>
    <dimen name="x520">182.96dp</dimen>
    <dimen name="x521">183.31dp</dimen>
    <dimen name="x522">183.67dp</dimen>
    <dimen name="x523">184.02dp</dimen>
    <dimen name="x524">184.37dp</dimen>
    <dimen name="x525">184.72dp</dimen>
    <dimen name="x526">185.07dp</dimen>
    <dimen name="x527">185.43dp</dimen>
    <dimen name="x528">185.78dp</dimen>
    <dimen name="x529">186.13dp</dimen>
    <dimen name="x530">186.48dp</dimen>
    <dimen name="x531">186.83dp</dimen>
    <dimen name="x532">187.19dp</dimen>
    <dimen name="x533">187.54dp</dimen>
    <dimen name="x534">187.89dp</dimen>
    <dimen name="x535">188.24dp</dimen>
    <dimen name="x536">188.59dp</dimen>
    <dimen name="x537">188.94dp</dimen>
    <dimen name="x538">189.30dp</dimen>
    <dimen name="x539">189.65dp</dimen>
    <dimen name="x540">190.00dp</dimen>
    <dimen name="x541">190.35dp</dimen>
    <dimen name="x542">190.70dp</dimen>
    <dimen name="x543">191.06dp</dimen>
    <dimen name="x544">191.41dp</dimen>
    <dimen name="x545">191.76dp</dimen>
    <dimen name="x546">192.11dp</dimen>
    <dimen name="x547">192.46dp</dimen>
    <dimen name="x548">192.81dp</dimen>
    <dimen name="x549">193.17dp</dimen>
    <dimen name="x550">193.52dp</dimen>
    <dimen name="x551">193.87dp</dimen>
    <dimen name="x552">194.22dp</dimen>
    <dimen name="x553">194.57dp</dimen>
    <dimen name="x554">194.93dp</dimen>
    <dimen name="x555">195.28dp</dimen>
    <dimen name="x556">195.63dp</dimen>
    <dimen name="x557">195.98dp</dimen>
    <dimen name="x558">196.33dp</dimen>
    <dimen name="x559">196.69dp</dimen>
    <dimen name="x560">197.04dp</dimen>
    <dimen name="x561">197.39dp</dimen>
    <dimen name="x562">197.74dp</dimen>
    <dimen name="x563">198.09dp</dimen>
    <dimen name="x564">198.44dp</dimen>
    <dimen name="x565">198.80dp</dimen>
    <dimen name="x566">199.15dp</dimen>
    <dimen name="x567">199.50dp</dimen>
    <dimen name="x568">199.85dp</dimen>
    <dimen name="x569">200.20dp</dimen>
    <dimen name="x570">200.56dp</dimen>
    <dimen name="x571">200.91dp</dimen>
    <dimen name="x572">201.26dp</dimen>
    <dimen name="x573">201.61dp</dimen>
    <dimen name="x574">201.96dp</dimen>
    <dimen name="x575">202.31dp</dimen>
    <dimen name="x576">202.67dp</dimen>
    <dimen name="x577">203.02dp</dimen>
    <dimen name="x578">203.37dp</dimen>
    <dimen name="x579">203.72dp</dimen>
    <dimen name="x580">204.07dp</dimen>
    <dimen name="x581">204.43dp</dimen>
    <dimen name="x582">204.78dp</dimen>
    <dimen name="x583">205.13dp</dimen>
    <dimen name="x584">205.48dp</dimen>
    <dimen name="x585">205.83dp</dimen>
    <dimen name="x586">206.19dp</dimen>
    <dimen name="x587">206.54dp</dimen>
    <dimen name="x588">206.89dp</dimen>
    <dimen name="x589">207.24dp</dimen>
    <dimen name="x590">207.59dp</dimen>
    <dimen name="x591">207.94dp</dimen>
    <dimen name="x592">208.30dp</dimen>
    <dimen name="x593">208.65dp</dimen>
    <dimen name="x594">209.00dp</dimen>
    <dimen name="x595">209.35dp</dimen>
    <dimen name="x596">209.70dp</dimen>
    <dimen name="x597">210.06dp</dimen>
    <dimen name="x598">210.41dp</dimen>
    <dimen name="x599">210.76dp</dimen>
    <dimen name="x600">211.11dp</dimen>
    <dimen name="x601">211.46dp</dimen>
    <dimen name="x602">211.81dp</dimen>
    <dimen name="x603">212.17dp</dimen>
    <dimen name="x604">212.52dp</dimen>
    <dimen name="x605">212.87dp</dimen>
    <dimen name="x606">213.22dp</dimen>
    <dimen name="x607">213.57dp</dimen>
    <dimen name="x608">213.93dp</dimen>
    <dimen name="x609">214.28dp</dimen>
    <dimen name="x610">214.63dp</dimen>
    <dimen name="x611">214.98dp</dimen>
    <dimen name="x612">215.33dp</dimen>
    <dimen name="x613">215.69dp</dimen>
    <dimen name="x614">216.04dp</dimen>
    <dimen name="x615">216.39dp</dimen>
    <dimen name="x616">216.74dp</dimen>
    <dimen name="x617">217.09dp</dimen>
    <dimen name="x618">217.44dp</dimen>
    <dimen name="x619">217.80dp</dimen>
    <dimen name="x620">218.15dp</dimen>
    <dimen name="x621">218.50dp</dimen>
    <dimen name="x622">218.85dp</dimen>
    <dimen name="x623">219.20dp</dimen>
    <dimen name="x624">219.56dp</dimen>
    <dimen name="x625">219.91dp</dimen>
    <dimen name="x626">220.26dp</dimen>
    <dimen name="x627">220.61dp</dimen>
    <dimen name="x628">220.96dp</dimen>
    <dimen name="x629">221.31dp</dimen>
    <dimen name="x630">221.67dp</dimen>
    <dimen name="x631">222.02dp</dimen>
    <dimen name="x632">222.37dp</dimen>
    <dimen name="x633">222.72dp</dimen>
    <dimen name="x634">223.07dp</dimen>
    <dimen name="x635">223.43dp</dimen>
    <dimen name="x636">223.78dp</dimen>
    <dimen name="x637">224.13dp</dimen>
    <dimen name="x638">224.48dp</dimen>
    <dimen name="x639">224.83dp</dimen>
    <dimen name="x640">225.19dp</dimen>
    <dimen name="x641">225.54dp</dimen>
    <dimen name="x642">225.89dp</dimen>
    <dimen name="x643">226.24dp</dimen>
    <dimen name="x644">226.59dp</dimen>
    <dimen name="x645">226.94dp</dimen>
    <dimen name="x646">227.30dp</dimen>
    <dimen name="x647">227.65dp</dimen>
    <dimen name="x648">228.00dp</dimen>
    <dimen name="x649">228.35dp</dimen>
    <dimen name="x650">228.70dp</dimen>
    <dimen name="x651">229.06dp</dimen>
    <dimen name="x652">229.41dp</dimen>
    <dimen name="x653">229.76dp</dimen>
    <dimen name="x654">230.11dp</dimen>
    <dimen name="x655">230.46dp</dimen>
    <dimen name="x656">230.81dp</dimen>
    <dimen name="x657">231.17dp</dimen>
    <dimen name="x658">231.52dp</dimen>
    <dimen name="x659">231.87dp</dimen>
    <dimen name="x660">232.22dp</dimen>
    <dimen name="x661">232.57dp</dimen>
    <dimen name="x662">232.93dp</dimen>
    <dimen name="x663">233.28dp</dimen>
    <dimen name="x664">233.63dp</dimen>
    <dimen name="x665">233.98dp</dimen>
    <dimen name="x666">234.33dp</dimen>
    <dimen name="x667">234.69dp</dimen>
    <dimen name="x668">235.04dp</dimen>
    <dimen name="x669">235.39dp</dimen>
    <dimen name="x670">235.74dp</dimen>
    <dimen name="x671">236.09dp</dimen>
    <dimen name="x672">236.44dp</dimen>
    <dimen name="x673">236.80dp</dimen>
    <dimen name="x674">237.15dp</dimen>
    <dimen name="x675">237.50dp</dimen>
    <dimen name="x676">237.85dp</dimen>
    <dimen name="x677">238.20dp</dimen>
    <dimen name="x678">238.56dp</dimen>
    <dimen name="x679">238.91dp</dimen>
    <dimen name="x680">239.26dp</dimen>
    <dimen name="x681">239.61dp</dimen>
    <dimen name="x682">239.96dp</dimen>
    <dimen name="x683">240.31dp</dimen>
    <dimen name="x684">240.67dp</dimen>
    <dimen name="x685">241.02dp</dimen>
    <dimen name="x686">241.37dp</dimen>
    <dimen name="x687">241.72dp</dimen>
    <dimen name="x688">242.07dp</dimen>
    <dimen name="x689">242.43dp</dimen>
    <dimen name="x690">242.78dp</dimen>
    <dimen name="x691">243.13dp</dimen>
    <dimen name="x692">243.48dp</dimen>
    <dimen name="x693">243.83dp</dimen>
    <dimen name="x694">244.19dp</dimen>
    <dimen name="x695">244.54dp</dimen>
    <dimen name="x696">244.89dp</dimen>
    <dimen name="x697">245.24dp</dimen>
    <dimen name="x698">245.59dp</dimen>
    <dimen name="x699">245.94dp</dimen>
    <dimen name="x700">246.30dp</dimen>
    <dimen name="x701">246.65dp</dimen>
    <dimen name="x702">247.00dp</dimen>
    <dimen name="x703">247.35dp</dimen>
    <dimen name="x704">247.70dp</dimen>
    <dimen name="x705">248.06dp</dimen>
    <dimen name="x706">248.41dp</dimen>
    <dimen name="x707">248.76dp</dimen>
    <dimen name="x708">249.11dp</dimen>
    <dimen name="x709">249.46dp</dimen>
    <dimen name="x710">249.81dp</dimen>
    <dimen name="x711">250.17dp</dimen>
    <dimen name="x712">250.52dp</dimen>
    <dimen name="x713">250.87dp</dimen>
    <dimen name="x714">251.22dp</dimen>
    <dimen name="x715">251.57dp</dimen>
    <dimen name="x716">251.93dp</dimen>
    <dimen name="x717">252.28dp</dimen>
    <dimen name="x718">252.63dp</dimen>
    <dimen name="x719">252.98dp</dimen>
    <dimen name="x720">253.33dp</dimen>
    <dimen name="x721">253.69dp</dimen>
    <dimen name="x722">254.04dp</dimen>
    <dimen name="x723">254.39dp</dimen>
    <dimen name="x724">254.74dp</dimen>
    <dimen name="x725">255.09dp</dimen>
    <dimen name="x726">255.44dp</dimen>
    <dimen name="x727">255.80dp</dimen>
    <dimen name="x728">256.15dp</dimen>
    <dimen name="x729">256.50dp</dimen>
    <dimen name="x730">256.85dp</dimen>
    <dimen name="x731">257.20dp</dimen>
    <dimen name="x732">257.56dp</dimen>
    <dimen name="x733">257.91dp</dimen>
    <dimen name="x734">258.26dp</dimen>
    <dimen name="x735">258.61dp</dimen>
    <dimen name="x736">258.96dp</dimen>
    <dimen name="x737">259.31dp</dimen>
    <dimen name="x738">259.67dp</dimen>
    <dimen name="x739">260.02dp</dimen>
    <dimen name="x740">260.37dp</dimen>
    <dimen name="x741">260.72dp</dimen>
    <dimen name="x742">261.07dp</dimen>
    <dimen name="x743">261.43dp</dimen>
    <dimen name="x744">261.78dp</dimen>
    <dimen name="x745">262.13dp</dimen>
    <dimen name="x746">262.48dp</dimen>
    <dimen name="x747">262.83dp</dimen>
    <dimen name="x748">263.19dp</dimen>
    <dimen name="x749">263.54dp</dimen>
    <dimen name="x750">263.89dp</dimen>
    <dimen name="x751">264.24dp</dimen>
    <dimen name="x752">264.59dp</dimen>
    <dimen name="x753">264.94dp</dimen>
    <dimen name="x754">265.30dp</dimen>
    <dimen name="x755">265.65dp</dimen>
    <dimen name="x756">266.00dp</dimen>
    <dimen name="x757">266.35dp</dimen>
    <dimen name="x758">266.70dp</dimen>
    <dimen name="x759">267.06dp</dimen>
    <dimen name="x760">267.41dp</dimen>
    <dimen name="x761">267.76dp</dimen>
    <dimen name="x762">268.11dp</dimen>
    <dimen name="x763">268.46dp</dimen>
    <dimen name="x764">268.81dp</dimen>
    <dimen name="x765">269.17dp</dimen>
    <dimen name="x766">269.52dp</dimen>
    <dimen name="x767">269.87dp</dimen>
    <dimen name="x768">270.22dp</dimen>
    <dimen name="x769">270.57dp</dimen>
    <dimen name="x770">270.93dp</dimen>
    <dimen name="x771">271.28dp</dimen>
    <dimen name="x772">271.63dp</dimen>
    <dimen name="x773">271.98dp</dimen>
    <dimen name="x774">272.33dp</dimen>
    <dimen name="x775">272.69dp</dimen>
    <dimen name="x776">273.04dp</dimen>
    <dimen name="x777">273.39dp</dimen>
    <dimen name="x778">273.74dp</dimen>
    <dimen name="x779">274.09dp</dimen>
    <dimen name="x780">274.44dp</dimen>
    <dimen name="x781">274.80dp</dimen>
    <dimen name="x782">275.15dp</dimen>
    <dimen name="x783">275.50dp</dimen>
    <dimen name="x784">275.85dp</dimen>
    <dimen name="x785">276.20dp</dimen>
    <dimen name="x786">276.56dp</dimen>
    <dimen name="x787">276.91dp</dimen>
    <dimen name="x788">277.26dp</dimen>
    <dimen name="x789">277.61dp</dimen>
    <dimen name="x790">277.96dp</dimen>
    <dimen name="x791">278.31dp</dimen>
    <dimen name="x792">278.67dp</dimen>
    <dimen name="x793">279.02dp</dimen>
    <dimen name="x794">279.37dp</dimen>
    <dimen name="x795">279.72dp</dimen>
    <dimen name="x796">280.07dp</dimen>
    <dimen name="x797">280.43dp</dimen>
    <dimen name="x798">280.78dp</dimen>
    <dimen name="x799">281.13dp</dimen>
    <dimen name="x800">281.48dp</dimen>
    <dimen name="x801">281.83dp</dimen>
    <dimen name="x802">282.19dp</dimen>
    <dimen name="x803">282.54dp</dimen>
    <dimen name="x804">282.89dp</dimen>
    <dimen name="x805">283.24dp</dimen>
    <dimen name="x806">283.59dp</dimen>
    <dimen name="x807">283.94dp</dimen>
    <dimen name="x808">284.30dp</dimen>
    <dimen name="x809">284.65dp</dimen>
    <dimen name="x810">285.00dp</dimen>
    <dimen name="x811">285.35dp</dimen>
    <dimen name="x812">285.70dp</dimen>
    <dimen name="x813">286.06dp</dimen>
    <dimen name="x814">286.41dp</dimen>
    <dimen name="x815">286.76dp</dimen>
    <dimen name="x816">287.11dp</dimen>
    <dimen name="x817">287.46dp</dimen>
    <dimen name="x818">287.81dp</dimen>
    <dimen name="x819">288.17dp</dimen>
    <dimen name="x820">288.52dp</dimen>
    <dimen name="x821">288.87dp</dimen>
    <dimen name="x822">289.22dp</dimen>
    <dimen name="x823">289.57dp</dimen>
    <dimen name="x824">289.93dp</dimen>
    <dimen name="x825">290.28dp</dimen>
    <dimen name="x826">290.63dp</dimen>
    <dimen name="x827">290.98dp</dimen>
    <dimen name="x828">291.33dp</dimen>
    <dimen name="x829">291.69dp</dimen>
    <dimen name="x830">292.04dp</dimen>
    <dimen name="x831">292.39dp</dimen>
    <dimen name="x832">292.74dp</dimen>
    <dimen name="x833">293.09dp</dimen>
    <dimen name="x834">293.44dp</dimen>
    <dimen name="x835">293.80dp</dimen>
    <dimen name="x836">294.15dp</dimen>
    <dimen name="x837">294.50dp</dimen>
    <dimen name="x838">294.85dp</dimen>
    <dimen name="x839">295.20dp</dimen>
    <dimen name="x840">295.56dp</dimen>
    <dimen name="x841">295.91dp</dimen>
    <dimen name="x842">296.26dp</dimen>
    <dimen name="x843">296.61dp</dimen>
    <dimen name="x844">296.96dp</dimen>
    <dimen name="x845">297.31dp</dimen>
    <dimen name="x846">297.67dp</dimen>
    <dimen name="x847">298.02dp</dimen>
    <dimen name="x848">298.37dp</dimen>
    <dimen name="x849">298.72dp</dimen>
    <dimen name="x850">299.07dp</dimen>
    <dimen name="x851">299.43dp</dimen>
    <dimen name="x852">299.78dp</dimen>
    <dimen name="x853">300.13dp</dimen>
    <dimen name="x854">300.48dp</dimen>
    <dimen name="x855">300.83dp</dimen>
    <dimen name="x856">301.19dp</dimen>
    <dimen name="x857">301.54dp</dimen>
    <dimen name="x858">301.89dp</dimen>
    <dimen name="x859">302.24dp</dimen>
    <dimen name="x860">302.59dp</dimen>
    <dimen name="x861">302.94dp</dimen>
    <dimen name="x862">303.30dp</dimen>
    <dimen name="x863">303.65dp</dimen>
    <dimen name="x864">304.00dp</dimen>
    <dimen name="x865">304.35dp</dimen>
    <dimen name="x866">304.70dp</dimen>
    <dimen name="x867">305.06dp</dimen>
    <dimen name="x868">305.41dp</dimen>
    <dimen name="x869">305.76dp</dimen>
    <dimen name="x870">306.11dp</dimen>
    <dimen name="x871">306.46dp</dimen>
    <dimen name="x872">306.81dp</dimen>
    <dimen name="x873">307.17dp</dimen>
    <dimen name="x874">307.52dp</dimen>
    <dimen name="x875">307.87dp</dimen>
    <dimen name="x876">308.22dp</dimen>
    <dimen name="x877">308.57dp</dimen>
    <dimen name="x878">308.93dp</dimen>
    <dimen name="x879">309.28dp</dimen>
    <dimen name="x880">309.63dp</dimen>
    <dimen name="x881">309.98dp</dimen>
    <dimen name="x882">310.33dp</dimen>
    <dimen name="x883">310.69dp</dimen>
    <dimen name="x884">311.04dp</dimen>
    <dimen name="x885">311.39dp</dimen>
    <dimen name="x886">311.74dp</dimen>
    <dimen name="x887">312.09dp</dimen>
    <dimen name="x888">312.44dp</dimen>
    <dimen name="x889">312.80dp</dimen>
    <dimen name="x890">313.15dp</dimen>
    <dimen name="x891">313.50dp</dimen>
    <dimen name="x892">313.85dp</dimen>
    <dimen name="x893">314.20dp</dimen>
    <dimen name="x894">314.56dp</dimen>
    <dimen name="x895">314.91dp</dimen>
    <dimen name="x896">315.26dp</dimen>
    <dimen name="x897">315.61dp</dimen>
    <dimen name="x898">315.96dp</dimen>
    <dimen name="x899">316.31dp</dimen>
    <dimen name="x900">316.67dp</dimen>
    <dimen name="x901">317.02dp</dimen>
    <dimen name="x902">317.37dp</dimen>
    <dimen name="x903">317.72dp</dimen>
    <dimen name="x904">318.07dp</dimen>
    <dimen name="x905">318.43dp</dimen>
    <dimen name="x906">318.78dp</dimen>
    <dimen name="x907">319.13dp</dimen>
    <dimen name="x908">319.48dp</dimen>
    <dimen name="x909">319.83dp</dimen>
    <dimen name="x910">320.19dp</dimen>
    <dimen name="x911">320.54dp</dimen>
    <dimen name="x912">320.89dp</dimen>
    <dimen name="x913">321.24dp</dimen>
    <dimen name="x914">321.59dp</dimen>
    <dimen name="x915">321.94dp</dimen>
    <dimen name="x916">322.30dp</dimen>
    <dimen name="x917">322.65dp</dimen>
    <dimen name="x918">323.00dp</dimen>
    <dimen name="x919">323.35dp</dimen>
    <dimen name="x920">323.70dp</dimen>
    <dimen name="x921">324.06dp</dimen>
    <dimen name="x922">324.41dp</dimen>
    <dimen name="x923">324.76dp</dimen>
    <dimen name="x924">325.11dp</dimen>
    <dimen name="x925">325.46dp</dimen>
    <dimen name="x926">325.81dp</dimen>
    <dimen name="x927">326.17dp</dimen>
    <dimen name="x928">326.52dp</dimen>
    <dimen name="x929">326.87dp</dimen>
    <dimen name="x930">327.22dp</dimen>
    <dimen name="x931">327.57dp</dimen>
    <dimen name="x932">327.93dp</dimen>
    <dimen name="x933">328.28dp</dimen>
    <dimen name="x934">328.63dp</dimen>
    <dimen name="x935">328.98dp</dimen>
    <dimen name="x936">329.33dp</dimen>
    <dimen name="x937">329.69dp</dimen>
    <dimen name="x938">330.04dp</dimen>
    <dimen name="x939">330.39dp</dimen>
    <dimen name="x940">330.74dp</dimen>
    <dimen name="x941">331.09dp</dimen>
    <dimen name="x942">331.44dp</dimen>
    <dimen name="x943">331.80dp</dimen>
    <dimen name="x944">332.15dp</dimen>
    <dimen name="x945">332.50dp</dimen>
    <dimen name="x946">332.85dp</dimen>
    <dimen name="x947">333.20dp</dimen>
    <dimen name="x948">333.56dp</dimen>
    <dimen name="x949">333.91dp</dimen>
    <dimen name="x950">334.26dp</dimen>
    <dimen name="x951">334.61dp</dimen>
    <dimen name="x952">334.96dp</dimen>
    <dimen name="x953">335.31dp</dimen>
    <dimen name="x954">335.67dp</dimen>
    <dimen name="x955">336.02dp</dimen>
    <dimen name="x956">336.37dp</dimen>
    <dimen name="x957">336.72dp</dimen>
    <dimen name="x958">337.07dp</dimen>
    <dimen name="x959">337.43dp</dimen>
    <dimen name="x960">337.78dp</dimen>
    <dimen name="x961">338.13dp</dimen>
    <dimen name="x962">338.48dp</dimen>
    <dimen name="x963">338.83dp</dimen>
    <dimen name="x964">339.19dp</dimen>
    <dimen name="x965">339.54dp</dimen>
    <dimen name="x966">339.89dp</dimen>
    <dimen name="x967">340.24dp</dimen>
    <dimen name="x968">340.59dp</dimen>
    <dimen name="x969">340.94dp</dimen>
    <dimen name="x970">341.30dp</dimen>
    <dimen name="x971">341.65dp</dimen>
    <dimen name="x972">342.00dp</dimen>
    <dimen name="x973">342.35dp</dimen>
    <dimen name="x974">342.70dp</dimen>
    <dimen name="x975">343.06dp</dimen>
    <dimen name="x976">343.41dp</dimen>
    <dimen name="x977">343.76dp</dimen>
    <dimen name="x978">344.11dp</dimen>
    <dimen name="x979">344.46dp</dimen>
    <dimen name="x980">344.81dp</dimen>
    <dimen name="x981">345.17dp</dimen>
    <dimen name="x982">345.52dp</dimen>
    <dimen name="x983">345.87dp</dimen>
    <dimen name="x984">346.22dp</dimen>
    <dimen name="x985">346.57dp</dimen>
    <dimen name="x986">346.93dp</dimen>
    <dimen name="x987">347.28dp</dimen>
    <dimen name="x988">347.63dp</dimen>
    <dimen name="x989">347.98dp</dimen>
    <dimen name="x990">348.33dp</dimen>
    <dimen name="x991">348.69dp</dimen>
    <dimen name="x992">349.04dp</dimen>
    <dimen name="x993">349.39dp</dimen>
    <dimen name="x994">349.74dp</dimen>
    <dimen name="x995">350.09dp</dimen>
    <dimen name="x996">350.44dp</dimen>
    <dimen name="x997">350.80dp</dimen>
    <dimen name="x998">351.15dp</dimen>
    <dimen name="x999">351.50dp</dimen>
    <dimen name="x1000">351.85dp</dimen>
    <dimen name="x1001">352.20dp</dimen>
    <dimen name="x1002">352.56dp</dimen>
    <dimen name="x1003">352.91dp</dimen>
    <dimen name="x1004">353.26dp</dimen>
    <dimen name="x1005">353.61dp</dimen>
    <dimen name="x1006">353.96dp</dimen>
    <dimen name="x1007">354.31dp</dimen>
    <dimen name="x1008">354.67dp</dimen>
    <dimen name="x1009">355.02dp</dimen>
    <dimen name="x1010">355.37dp</dimen>
    <dimen name="x1011">355.72dp</dimen>
    <dimen name="x1012">356.07dp</dimen>
    <dimen name="x1013">356.43dp</dimen>
    <dimen name="x1014">356.78dp</dimen>
    <dimen name="x1015">357.13dp</dimen>
    <dimen name="x1016">357.48dp</dimen>
    <dimen name="x1017">357.83dp</dimen>
    <dimen name="x1018">358.19dp</dimen>
    <dimen name="x1019">358.54dp</dimen>
    <dimen name="x1020">358.89dp</dimen>
    <dimen name="x1021">359.24dp</dimen>
    <dimen name="x1022">359.59dp</dimen>
    <dimen name="x1023">359.94dp</dimen>
    <dimen name="x1024">360.30dp</dimen>
    <dimen name="x1025">360.65dp</dimen>
    <dimen name="x1026">361.00dp</dimen>
    <dimen name="x1027">361.35dp</dimen>
    <dimen name="x1028">361.70dp</dimen>
    <dimen name="x1029">362.06dp</dimen>
    <dimen name="x1030">362.41dp</dimen>
    <dimen name="x1031">362.76dp</dimen>
    <dimen name="x1032">363.11dp</dimen>
    <dimen name="x1033">363.46dp</dimen>
    <dimen name="x1034">363.81dp</dimen>
    <dimen name="x1035">364.17dp</dimen>
    <dimen name="x1036">364.52dp</dimen>
    <dimen name="x1037">364.87dp</dimen>
    <dimen name="x1038">365.22dp</dimen>
    <dimen name="x1039">365.57dp</dimen>
    <dimen name="x1040">365.93dp</dimen>
    <dimen name="x1041">366.28dp</dimen>
    <dimen name="x1042">366.63dp</dimen>
    <dimen name="x1043">366.98dp</dimen>
    <dimen name="x1044">367.33dp</dimen>
    <dimen name="x1045">367.69dp</dimen>
    <dimen name="x1046">368.04dp</dimen>
    <dimen name="x1047">368.39dp</dimen>
    <dimen name="x1048">368.74dp</dimen>
    <dimen name="x1049">369.09dp</dimen>
    <dimen name="x1050">369.44dp</dimen>
    <dimen name="x1051">369.80dp</dimen>
    <dimen name="x1052">370.15dp</dimen>
    <dimen name="x1053">370.50dp</dimen>
    <dimen name="x1054">370.85dp</dimen>
    <dimen name="x1055">371.20dp</dimen>
    <dimen name="x1056">371.56dp</dimen>
    <dimen name="x1057">371.91dp</dimen>
    <dimen name="x1058">372.26dp</dimen>
    <dimen name="x1059">372.61dp</dimen>
    <dimen name="x1060">372.96dp</dimen>
    <dimen name="x1061">373.31dp</dimen>
    <dimen name="x1062">373.67dp</dimen>
    <dimen name="x1063">374.02dp</dimen>
    <dimen name="x1064">374.37dp</dimen>
    <dimen name="x1065">374.72dp</dimen>
    <dimen name="x1066">375.07dp</dimen>
    <dimen name="x1067">375.43dp</dimen>
    <dimen name="x1068">375.78dp</dimen>
    <dimen name="x1069">376.13dp</dimen>
    <dimen name="x1070">376.48dp</dimen>
    <dimen name="x1071">376.83dp</dimen>
    <dimen name="x1072">377.19dp</dimen>
    <dimen name="x1073">377.54dp</dimen>
    <dimen name="x1074">377.89dp</dimen>
    <dimen name="x1075">378.24dp</dimen>
    <dimen name="x1076">378.59dp</dimen>
    <dimen name="x1077">378.94dp</dimen>
    <dimen name="x1078">379.30dp</dimen>
    <dimen name="x1079">379.65dp</dimen>
    <dimen name="x1080">380.00dp</dimen>
</resources>