<?xml version="1.0" encoding="utf-8"?>
<resources>
    <string name="sw_dp">1110dp</string>
    <dimen name="x1">1.03dp</dimen>
    <dimen name="x2">2.06dp</dimen>
    <dimen name="x3">3.08dp</dimen>
    <dimen name="x4">4.11dp</dimen>
    <dimen name="x5">5.14dp</dimen>
    <dimen name="x6">6.17dp</dimen>
    <dimen name="x7">7.19dp</dimen>
    <dimen name="x8">8.22dp</dimen>
    <dimen name="x9">9.25dp</dimen>
    <dimen name="x10">10.28dp</dimen>
    <dimen name="x11">11.31dp</dimen>
    <dimen name="x12">12.33dp</dimen>
    <dimen name="x13">13.36dp</dimen>
    <dimen name="x14">14.39dp</dimen>
    <dimen name="x15">15.42dp</dimen>
    <dimen name="x16">16.44dp</dimen>
    <dimen name="x17">17.47dp</dimen>
    <dimen name="x18">18.50dp</dimen>
    <dimen name="x19">19.53dp</dimen>
    <dimen name="x20">20.56dp</dimen>
    <dimen name="x21">21.58dp</dimen>
    <dimen name="x22">22.61dp</dimen>
    <dimen name="x23">23.64dp</dimen>
    <dimen name="x24">24.67dp</dimen>
    <dimen name="x25">25.69dp</dimen>
    <dimen name="x26">26.72dp</dimen>
    <dimen name="x27">27.75dp</dimen>
    <dimen name="x28">28.78dp</dimen>
    <dimen name="x29">29.81dp</dimen>
    <dimen name="x30">30.83dp</dimen>
    <dimen name="x31">31.86dp</dimen>
    <dimen name="x32">32.89dp</dimen>
    <dimen name="x33">33.92dp</dimen>
    <dimen name="x34">34.94dp</dimen>
    <dimen name="x35">35.97dp</dimen>
    <dimen name="x36">37.00dp</dimen>
    <dimen name="x37">38.03dp</dimen>
    <dimen name="x38">39.06dp</dimen>
    <dimen name="x39">40.08dp</dimen>
    <dimen name="x40">41.11dp</dimen>
    <dimen name="x41">42.14dp</dimen>
    <dimen name="x42">43.17dp</dimen>
    <dimen name="x43">44.19dp</dimen>
    <dimen name="x44">45.22dp</dimen>
    <dimen name="x45">46.25dp</dimen>
    <dimen name="x46">47.28dp</dimen>
    <dimen name="x47">48.31dp</dimen>
    <dimen name="x48">49.33dp</dimen>
    <dimen name="x49">50.36dp</dimen>
    <dimen name="x50">51.39dp</dimen>
    <dimen name="x51">52.42dp</dimen>
    <dimen name="x52">53.44dp</dimen>
    <dimen name="x53">54.47dp</dimen>
    <dimen name="x54">55.50dp</dimen>
    <dimen name="x55">56.53dp</dimen>
    <dimen name="x56">57.56dp</dimen>
    <dimen name="x57">58.58dp</dimen>
    <dimen name="x58">59.61dp</dimen>
    <dimen name="x59">60.64dp</dimen>
    <dimen name="x60">61.67dp</dimen>
    <dimen name="x61">62.69dp</dimen>
    <dimen name="x62">63.72dp</dimen>
    <dimen name="x63">64.75dp</dimen>
    <dimen name="x64">65.78dp</dimen>
    <dimen name="x65">66.81dp</dimen>
    <dimen name="x66">67.83dp</dimen>
    <dimen name="x67">68.86dp</dimen>
    <dimen name="x68">69.89dp</dimen>
    <dimen name="x69">70.92dp</dimen>
    <dimen name="x70">71.94dp</dimen>
    <dimen name="x71">72.97dp</dimen>
    <dimen name="x72">74.00dp</dimen>
    <dimen name="x73">75.03dp</dimen>
    <dimen name="x74">76.06dp</dimen>
    <dimen name="x75">77.08dp</dimen>
    <dimen name="x76">78.11dp</dimen>
    <dimen name="x77">79.14dp</dimen>
    <dimen name="x78">80.17dp</dimen>
    <dimen name="x79">81.19dp</dimen>
    <dimen name="x80">82.22dp</dimen>
    <dimen name="x81">83.25dp</dimen>
    <dimen name="x82">84.28dp</dimen>
    <dimen name="x83">85.31dp</dimen>
    <dimen name="x84">86.33dp</dimen>
    <dimen name="x85">87.36dp</dimen>
    <dimen name="x86">88.39dp</dimen>
    <dimen name="x87">89.42dp</dimen>
    <dimen name="x88">90.44dp</dimen>
    <dimen name="x89">91.47dp</dimen>
    <dimen name="x90">92.50dp</dimen>
    <dimen name="x91">93.53dp</dimen>
    <dimen name="x92">94.56dp</dimen>
    <dimen name="x93">95.58dp</dimen>
    <dimen name="x94">96.61dp</dimen>
    <dimen name="x95">97.64dp</dimen>
    <dimen name="x96">98.67dp</dimen>
    <dimen name="x97">99.69dp</dimen>
    <dimen name="x98">100.72dp</dimen>
    <dimen name="x99">101.75dp</dimen>
    <dimen name="x100">102.78dp</dimen>
    <dimen name="x101">103.81dp</dimen>
    <dimen name="x102">104.83dp</dimen>
    <dimen name="x103">105.86dp</dimen>
    <dimen name="x104">106.89dp</dimen>
    <dimen name="x105">107.92dp</dimen>
    <dimen name="x106">108.94dp</dimen>
    <dimen name="x107">109.97dp</dimen>
    <dimen name="x108">111.00dp</dimen>
    <dimen name="x109">112.03dp</dimen>
    <dimen name="x110">113.06dp</dimen>
    <dimen name="x111">114.08dp</dimen>
    <dimen name="x112">115.11dp</dimen>
    <dimen name="x113">116.14dp</dimen>
    <dimen name="x114">117.17dp</dimen>
    <dimen name="x115">118.19dp</dimen>
    <dimen name="x116">119.22dp</dimen>
    <dimen name="x117">120.25dp</dimen>
    <dimen name="x118">121.28dp</dimen>
    <dimen name="x119">122.31dp</dimen>
    <dimen name="x120">123.33dp</dimen>
    <dimen name="x121">124.36dp</dimen>
    <dimen name="x122">125.39dp</dimen>
    <dimen name="x123">126.42dp</dimen>
    <dimen name="x124">127.44dp</dimen>
    <dimen name="x125">128.47dp</dimen>
    <dimen name="x126">129.50dp</dimen>
    <dimen name="x127">130.53dp</dimen>
    <dimen name="x128">131.56dp</dimen>
    <dimen name="x129">132.58dp</dimen>
    <dimen name="x130">133.61dp</dimen>
    <dimen name="x131">134.64dp</dimen>
    <dimen name="x132">135.67dp</dimen>
    <dimen name="x133">136.69dp</dimen>
    <dimen name="x134">137.72dp</dimen>
    <dimen name="x135">138.75dp</dimen>
    <dimen name="x136">139.78dp</dimen>
    <dimen name="x137">140.81dp</dimen>
    <dimen name="x138">141.83dp</dimen>
    <dimen name="x139">142.86dp</dimen>
    <dimen name="x140">143.89dp</dimen>
    <dimen name="x141">144.92dp</dimen>
    <dimen name="x142">145.94dp</dimen>
    <dimen name="x143">146.97dp</dimen>
    <dimen name="x144">148.00dp</dimen>
    <dimen name="x145">149.03dp</dimen>
    <dimen name="x146">150.06dp</dimen>
    <dimen name="x147">151.08dp</dimen>
    <dimen name="x148">152.11dp</dimen>
    <dimen name="x149">153.14dp</dimen>
    <dimen name="x150">154.17dp</dimen>
    <dimen name="x151">155.19dp</dimen>
    <dimen name="x152">156.22dp</dimen>
    <dimen name="x153">157.25dp</dimen>
    <dimen name="x154">158.28dp</dimen>
    <dimen name="x155">159.31dp</dimen>
    <dimen name="x156">160.33dp</dimen>
    <dimen name="x157">161.36dp</dimen>
    <dimen name="x158">162.39dp</dimen>
    <dimen name="x159">163.42dp</dimen>
    <dimen name="x160">164.44dp</dimen>
    <dimen name="x161">165.47dp</dimen>
    <dimen name="x162">166.50dp</dimen>
    <dimen name="x163">167.53dp</dimen>
    <dimen name="x164">168.56dp</dimen>
    <dimen name="x165">169.58dp</dimen>
    <dimen name="x166">170.61dp</dimen>
    <dimen name="x167">171.64dp</dimen>
    <dimen name="x168">172.67dp</dimen>
    <dimen name="x169">173.69dp</dimen>
    <dimen name="x170">174.72dp</dimen>
    <dimen name="x171">175.75dp</dimen>
    <dimen name="x172">176.78dp</dimen>
    <dimen name="x173">177.81dp</dimen>
    <dimen name="x174">178.83dp</dimen>
    <dimen name="x175">179.86dp</dimen>
    <dimen name="x176">180.89dp</dimen>
    <dimen name="x177">181.92dp</dimen>
    <dimen name="x178">182.94dp</dimen>
    <dimen name="x179">183.97dp</dimen>
    <dimen name="x180">185.00dp</dimen>
    <dimen name="x181">186.03dp</dimen>
    <dimen name="x182">187.06dp</dimen>
    <dimen name="x183">188.08dp</dimen>
    <dimen name="x184">189.11dp</dimen>
    <dimen name="x185">190.14dp</dimen>
    <dimen name="x186">191.17dp</dimen>
    <dimen name="x187">192.19dp</dimen>
    <dimen name="x188">193.22dp</dimen>
    <dimen name="x189">194.25dp</dimen>
    <dimen name="x190">195.28dp</dimen>
    <dimen name="x191">196.31dp</dimen>
    <dimen name="x192">197.33dp</dimen>
    <dimen name="x193">198.36dp</dimen>
    <dimen name="x194">199.39dp</dimen>
    <dimen name="x195">200.42dp</dimen>
    <dimen name="x196">201.44dp</dimen>
    <dimen name="x197">202.47dp</dimen>
    <dimen name="x198">203.50dp</dimen>
    <dimen name="x199">204.53dp</dimen>
    <dimen name="x200">205.56dp</dimen>
    <dimen name="x201">206.58dp</dimen>
    <dimen name="x202">207.61dp</dimen>
    <dimen name="x203">208.64dp</dimen>
    <dimen name="x204">209.67dp</dimen>
    <dimen name="x205">210.69dp</dimen>
    <dimen name="x206">211.72dp</dimen>
    <dimen name="x207">212.75dp</dimen>
    <dimen name="x208">213.78dp</dimen>
    <dimen name="x209">214.81dp</dimen>
    <dimen name="x210">215.83dp</dimen>
    <dimen name="x211">216.86dp</dimen>
    <dimen name="x212">217.89dp</dimen>
    <dimen name="x213">218.92dp</dimen>
    <dimen name="x214">219.94dp</dimen>
    <dimen name="x215">220.97dp</dimen>
    <dimen name="x216">222.00dp</dimen>
    <dimen name="x217">223.03dp</dimen>
    <dimen name="x218">224.06dp</dimen>
    <dimen name="x219">225.08dp</dimen>
    <dimen name="x220">226.11dp</dimen>
    <dimen name="x221">227.14dp</dimen>
    <dimen name="x222">228.17dp</dimen>
    <dimen name="x223">229.19dp</dimen>
    <dimen name="x224">230.22dp</dimen>
    <dimen name="x225">231.25dp</dimen>
    <dimen name="x226">232.28dp</dimen>
    <dimen name="x227">233.31dp</dimen>
    <dimen name="x228">234.33dp</dimen>
    <dimen name="x229">235.36dp</dimen>
    <dimen name="x230">236.39dp</dimen>
    <dimen name="x231">237.42dp</dimen>
    <dimen name="x232">238.44dp</dimen>
    <dimen name="x233">239.47dp</dimen>
    <dimen name="x234">240.50dp</dimen>
    <dimen name="x235">241.53dp</dimen>
    <dimen name="x236">242.56dp</dimen>
    <dimen name="x237">243.58dp</dimen>
    <dimen name="x238">244.61dp</dimen>
    <dimen name="x239">245.64dp</dimen>
    <dimen name="x240">246.67dp</dimen>
    <dimen name="x241">247.69dp</dimen>
    <dimen name="x242">248.72dp</dimen>
    <dimen name="x243">249.75dp</dimen>
    <dimen name="x244">250.78dp</dimen>
    <dimen name="x245">251.81dp</dimen>
    <dimen name="x246">252.83dp</dimen>
    <dimen name="x247">253.86dp</dimen>
    <dimen name="x248">254.89dp</dimen>
    <dimen name="x249">255.92dp</dimen>
    <dimen name="x250">256.94dp</dimen>
    <dimen name="x251">257.97dp</dimen>
    <dimen name="x252">259.00dp</dimen>
    <dimen name="x253">260.03dp</dimen>
    <dimen name="x254">261.06dp</dimen>
    <dimen name="x255">262.08dp</dimen>
    <dimen name="x256">263.11dp</dimen>
    <dimen name="x257">264.14dp</dimen>
    <dimen name="x258">265.17dp</dimen>
    <dimen name="x259">266.19dp</dimen>
    <dimen name="x260">267.22dp</dimen>
    <dimen name="x261">268.25dp</dimen>
    <dimen name="x262">269.28dp</dimen>
    <dimen name="x263">270.31dp</dimen>
    <dimen name="x264">271.33dp</dimen>
    <dimen name="x265">272.36dp</dimen>
    <dimen name="x266">273.39dp</dimen>
    <dimen name="x267">274.42dp</dimen>
    <dimen name="x268">275.44dp</dimen>
    <dimen name="x269">276.47dp</dimen>
    <dimen name="x270">277.50dp</dimen>
    <dimen name="x271">278.53dp</dimen>
    <dimen name="x272">279.56dp</dimen>
    <dimen name="x273">280.58dp</dimen>
    <dimen name="x274">281.61dp</dimen>
    <dimen name="x275">282.64dp</dimen>
    <dimen name="x276">283.67dp</dimen>
    <dimen name="x277">284.69dp</dimen>
    <dimen name="x278">285.72dp</dimen>
    <dimen name="x279">286.75dp</dimen>
    <dimen name="x280">287.78dp</dimen>
    <dimen name="x281">288.81dp</dimen>
    <dimen name="x282">289.83dp</dimen>
    <dimen name="x283">290.86dp</dimen>
    <dimen name="x284">291.89dp</dimen>
    <dimen name="x285">292.92dp</dimen>
    <dimen name="x286">293.94dp</dimen>
    <dimen name="x287">294.97dp</dimen>
    <dimen name="x288">296.00dp</dimen>
    <dimen name="x289">297.03dp</dimen>
    <dimen name="x290">298.06dp</dimen>
    <dimen name="x291">299.08dp</dimen>
    <dimen name="x292">300.11dp</dimen>
    <dimen name="x293">301.14dp</dimen>
    <dimen name="x294">302.17dp</dimen>
    <dimen name="x295">303.19dp</dimen>
    <dimen name="x296">304.22dp</dimen>
    <dimen name="x297">305.25dp</dimen>
    <dimen name="x298">306.28dp</dimen>
    <dimen name="x299">307.31dp</dimen>
    <dimen name="x300">308.33dp</dimen>
    <dimen name="x301">309.36dp</dimen>
    <dimen name="x302">310.39dp</dimen>
    <dimen name="x303">311.42dp</dimen>
    <dimen name="x304">312.44dp</dimen>
    <dimen name="x305">313.47dp</dimen>
    <dimen name="x306">314.50dp</dimen>
    <dimen name="x307">315.53dp</dimen>
    <dimen name="x308">316.56dp</dimen>
    <dimen name="x309">317.58dp</dimen>
    <dimen name="x310">318.61dp</dimen>
    <dimen name="x311">319.64dp</dimen>
    <dimen name="x312">320.67dp</dimen>
    <dimen name="x313">321.69dp</dimen>
    <dimen name="x314">322.72dp</dimen>
    <dimen name="x315">323.75dp</dimen>
    <dimen name="x316">324.78dp</dimen>
    <dimen name="x317">325.81dp</dimen>
    <dimen name="x318">326.83dp</dimen>
    <dimen name="x319">327.86dp</dimen>
    <dimen name="x320">328.89dp</dimen>
    <dimen name="x321">329.92dp</dimen>
    <dimen name="x322">330.94dp</dimen>
    <dimen name="x323">331.97dp</dimen>
    <dimen name="x324">333.00dp</dimen>
    <dimen name="x325">334.03dp</dimen>
    <dimen name="x326">335.06dp</dimen>
    <dimen name="x327">336.08dp</dimen>
    <dimen name="x328">337.11dp</dimen>
    <dimen name="x329">338.14dp</dimen>
    <dimen name="x330">339.17dp</dimen>
    <dimen name="x331">340.19dp</dimen>
    <dimen name="x332">341.22dp</dimen>
    <dimen name="x333">342.25dp</dimen>
    <dimen name="x334">343.28dp</dimen>
    <dimen name="x335">344.31dp</dimen>
    <dimen name="x336">345.33dp</dimen>
    <dimen name="x337">346.36dp</dimen>
    <dimen name="x338">347.39dp</dimen>
    <dimen name="x339">348.42dp</dimen>
    <dimen name="x340">349.44dp</dimen>
    <dimen name="x341">350.47dp</dimen>
    <dimen name="x342">351.50dp</dimen>
    <dimen name="x343">352.53dp</dimen>
    <dimen name="x344">353.56dp</dimen>
    <dimen name="x345">354.58dp</dimen>
    <dimen name="x346">355.61dp</dimen>
    <dimen name="x347">356.64dp</dimen>
    <dimen name="x348">357.67dp</dimen>
    <dimen name="x349">358.69dp</dimen>
    <dimen name="x350">359.72dp</dimen>
    <dimen name="x351">360.75dp</dimen>
    <dimen name="x352">361.78dp</dimen>
    <dimen name="x353">362.81dp</dimen>
    <dimen name="x354">363.83dp</dimen>
    <dimen name="x355">364.86dp</dimen>
    <dimen name="x356">365.89dp</dimen>
    <dimen name="x357">366.92dp</dimen>
    <dimen name="x358">367.94dp</dimen>
    <dimen name="x359">368.97dp</dimen>
    <dimen name="x360">370.00dp</dimen>
    <dimen name="x361">371.03dp</dimen>
    <dimen name="x362">372.06dp</dimen>
    <dimen name="x363">373.08dp</dimen>
    <dimen name="x364">374.11dp</dimen>
    <dimen name="x365">375.14dp</dimen>
    <dimen name="x366">376.17dp</dimen>
    <dimen name="x367">377.19dp</dimen>
    <dimen name="x368">378.22dp</dimen>
    <dimen name="x369">379.25dp</dimen>
    <dimen name="x370">380.28dp</dimen>
    <dimen name="x371">381.31dp</dimen>
    <dimen name="x372">382.33dp</dimen>
    <dimen name="x373">383.36dp</dimen>
    <dimen name="x374">384.39dp</dimen>
    <dimen name="x375">385.42dp</dimen>
    <dimen name="x376">386.44dp</dimen>
    <dimen name="x377">387.47dp</dimen>
    <dimen name="x378">388.50dp</dimen>
    <dimen name="x379">389.53dp</dimen>
    <dimen name="x380">390.56dp</dimen>
    <dimen name="x381">391.58dp</dimen>
    <dimen name="x382">392.61dp</dimen>
    <dimen name="x383">393.64dp</dimen>
    <dimen name="x384">394.67dp</dimen>
    <dimen name="x385">395.69dp</dimen>
    <dimen name="x386">396.72dp</dimen>
    <dimen name="x387">397.75dp</dimen>
    <dimen name="x388">398.78dp</dimen>
    <dimen name="x389">399.81dp</dimen>
    <dimen name="x390">400.83dp</dimen>
    <dimen name="x391">401.86dp</dimen>
    <dimen name="x392">402.89dp</dimen>
    <dimen name="x393">403.92dp</dimen>
    <dimen name="x394">404.94dp</dimen>
    <dimen name="x395">405.97dp</dimen>
    <dimen name="x396">407.00dp</dimen>
    <dimen name="x397">408.03dp</dimen>
    <dimen name="x398">409.06dp</dimen>
    <dimen name="x399">410.08dp</dimen>
    <dimen name="x400">411.11dp</dimen>
    <dimen name="x401">412.14dp</dimen>
    <dimen name="x402">413.17dp</dimen>
    <dimen name="x403">414.19dp</dimen>
    <dimen name="x404">415.22dp</dimen>
    <dimen name="x405">416.25dp</dimen>
    <dimen name="x406">417.28dp</dimen>
    <dimen name="x407">418.31dp</dimen>
    <dimen name="x408">419.33dp</dimen>
    <dimen name="x409">420.36dp</dimen>
    <dimen name="x410">421.39dp</dimen>
    <dimen name="x411">422.42dp</dimen>
    <dimen name="x412">423.44dp</dimen>
    <dimen name="x413">424.47dp</dimen>
    <dimen name="x414">425.50dp</dimen>
    <dimen name="x415">426.53dp</dimen>
    <dimen name="x416">427.56dp</dimen>
    <dimen name="x417">428.58dp</dimen>
    <dimen name="x418">429.61dp</dimen>
    <dimen name="x419">430.64dp</dimen>
    <dimen name="x420">431.67dp</dimen>
    <dimen name="x421">432.69dp</dimen>
    <dimen name="x422">433.72dp</dimen>
    <dimen name="x423">434.75dp</dimen>
    <dimen name="x424">435.78dp</dimen>
    <dimen name="x425">436.81dp</dimen>
    <dimen name="x426">437.83dp</dimen>
    <dimen name="x427">438.86dp</dimen>
    <dimen name="x428">439.89dp</dimen>
    <dimen name="x429">440.92dp</dimen>
    <dimen name="x430">441.94dp</dimen>
    <dimen name="x431">442.97dp</dimen>
    <dimen name="x432">444.00dp</dimen>
    <dimen name="x433">445.03dp</dimen>
    <dimen name="x434">446.06dp</dimen>
    <dimen name="x435">447.08dp</dimen>
    <dimen name="x436">448.11dp</dimen>
    <dimen name="x437">449.14dp</dimen>
    <dimen name="x438">450.17dp</dimen>
    <dimen name="x439">451.19dp</dimen>
    <dimen name="x440">452.22dp</dimen>
    <dimen name="x441">453.25dp</dimen>
    <dimen name="x442">454.28dp</dimen>
    <dimen name="x443">455.31dp</dimen>
    <dimen name="x444">456.33dp</dimen>
    <dimen name="x445">457.36dp</dimen>
    <dimen name="x446">458.39dp</dimen>
    <dimen name="x447">459.42dp</dimen>
    <dimen name="x448">460.44dp</dimen>
    <dimen name="x449">461.47dp</dimen>
    <dimen name="x450">462.50dp</dimen>
    <dimen name="x451">463.53dp</dimen>
    <dimen name="x452">464.56dp</dimen>
    <dimen name="x453">465.58dp</dimen>
    <dimen name="x454">466.61dp</dimen>
    <dimen name="x455">467.64dp</dimen>
    <dimen name="x456">468.67dp</dimen>
    <dimen name="x457">469.69dp</dimen>
    <dimen name="x458">470.72dp</dimen>
    <dimen name="x459">471.75dp</dimen>
    <dimen name="x460">472.78dp</dimen>
    <dimen name="x461">473.81dp</dimen>
    <dimen name="x462">474.83dp</dimen>
    <dimen name="x463">475.86dp</dimen>
    <dimen name="x464">476.89dp</dimen>
    <dimen name="x465">477.92dp</dimen>
    <dimen name="x466">478.94dp</dimen>
    <dimen name="x467">479.97dp</dimen>
    <dimen name="x468">481.00dp</dimen>
    <dimen name="x469">482.03dp</dimen>
    <dimen name="x470">483.06dp</dimen>
    <dimen name="x471">484.08dp</dimen>
    <dimen name="x472">485.11dp</dimen>
    <dimen name="x473">486.14dp</dimen>
    <dimen name="x474">487.17dp</dimen>
    <dimen name="x475">488.19dp</dimen>
    <dimen name="x476">489.22dp</dimen>
    <dimen name="x477">490.25dp</dimen>
    <dimen name="x478">491.28dp</dimen>
    <dimen name="x479">492.31dp</dimen>
    <dimen name="x480">493.33dp</dimen>
    <dimen name="x481">494.36dp</dimen>
    <dimen name="x482">495.39dp</dimen>
    <dimen name="x483">496.42dp</dimen>
    <dimen name="x484">497.44dp</dimen>
    <dimen name="x485">498.47dp</dimen>
    <dimen name="x486">499.50dp</dimen>
    <dimen name="x487">500.53dp</dimen>
    <dimen name="x488">501.56dp</dimen>
    <dimen name="x489">502.58dp</dimen>
    <dimen name="x490">503.61dp</dimen>
    <dimen name="x491">504.64dp</dimen>
    <dimen name="x492">505.67dp</dimen>
    <dimen name="x493">506.69dp</dimen>
    <dimen name="x494">507.72dp</dimen>
    <dimen name="x495">508.75dp</dimen>
    <dimen name="x496">509.78dp</dimen>
    <dimen name="x497">510.81dp</dimen>
    <dimen name="x498">511.83dp</dimen>
    <dimen name="x499">512.86dp</dimen>
    <dimen name="x500">513.89dp</dimen>
    <dimen name="x501">514.92dp</dimen>
    <dimen name="x502">515.94dp</dimen>
    <dimen name="x503">516.97dp</dimen>
    <dimen name="x504">518.00dp</dimen>
    <dimen name="x505">519.03dp</dimen>
    <dimen name="x506">520.06dp</dimen>
    <dimen name="x507">521.08dp</dimen>
    <dimen name="x508">522.11dp</dimen>
    <dimen name="x509">523.14dp</dimen>
    <dimen name="x510">524.17dp</dimen>
    <dimen name="x511">525.19dp</dimen>
    <dimen name="x512">526.22dp</dimen>
    <dimen name="x513">527.25dp</dimen>
    <dimen name="x514">528.28dp</dimen>
    <dimen name="x515">529.31dp</dimen>
    <dimen name="x516">530.33dp</dimen>
    <dimen name="x517">531.36dp</dimen>
    <dimen name="x518">532.39dp</dimen>
    <dimen name="x519">533.42dp</dimen>
    <dimen name="x520">534.44dp</dimen>
    <dimen name="x521">535.47dp</dimen>
    <dimen name="x522">536.50dp</dimen>
    <dimen name="x523">537.53dp</dimen>
    <dimen name="x524">538.56dp</dimen>
    <dimen name="x525">539.58dp</dimen>
    <dimen name="x526">540.61dp</dimen>
    <dimen name="x527">541.64dp</dimen>
    <dimen name="x528">542.67dp</dimen>
    <dimen name="x529">543.69dp</dimen>
    <dimen name="x530">544.72dp</dimen>
    <dimen name="x531">545.75dp</dimen>
    <dimen name="x532">546.78dp</dimen>
    <dimen name="x533">547.81dp</dimen>
    <dimen name="x534">548.83dp</dimen>
    <dimen name="x535">549.86dp</dimen>
    <dimen name="x536">550.89dp</dimen>
    <dimen name="x537">551.92dp</dimen>
    <dimen name="x538">552.94dp</dimen>
    <dimen name="x539">553.97dp</dimen>
    <dimen name="x540">555.00dp</dimen>
    <dimen name="x541">556.03dp</dimen>
    <dimen name="x542">557.06dp</dimen>
    <dimen name="x543">558.08dp</dimen>
    <dimen name="x544">559.11dp</dimen>
    <dimen name="x545">560.14dp</dimen>
    <dimen name="x546">561.17dp</dimen>
    <dimen name="x547">562.19dp</dimen>
    <dimen name="x548">563.22dp</dimen>
    <dimen name="x549">564.25dp</dimen>
    <dimen name="x550">565.28dp</dimen>
    <dimen name="x551">566.31dp</dimen>
    <dimen name="x552">567.33dp</dimen>
    <dimen name="x553">568.36dp</dimen>
    <dimen name="x554">569.39dp</dimen>
    <dimen name="x555">570.42dp</dimen>
    <dimen name="x556">571.44dp</dimen>
    <dimen name="x557">572.47dp</dimen>
    <dimen name="x558">573.50dp</dimen>
    <dimen name="x559">574.53dp</dimen>
    <dimen name="x560">575.56dp</dimen>
    <dimen name="x561">576.58dp</dimen>
    <dimen name="x562">577.61dp</dimen>
    <dimen name="x563">578.64dp</dimen>
    <dimen name="x564">579.67dp</dimen>
    <dimen name="x565">580.69dp</dimen>
    <dimen name="x566">581.72dp</dimen>
    <dimen name="x567">582.75dp</dimen>
    <dimen name="x568">583.78dp</dimen>
    <dimen name="x569">584.81dp</dimen>
    <dimen name="x570">585.83dp</dimen>
    <dimen name="x571">586.86dp</dimen>
    <dimen name="x572">587.89dp</dimen>
    <dimen name="x573">588.92dp</dimen>
    <dimen name="x574">589.94dp</dimen>
    <dimen name="x575">590.97dp</dimen>
    <dimen name="x576">592.00dp</dimen>
    <dimen name="x577">593.03dp</dimen>
    <dimen name="x578">594.06dp</dimen>
    <dimen name="x579">595.08dp</dimen>
    <dimen name="x580">596.11dp</dimen>
    <dimen name="x581">597.14dp</dimen>
    <dimen name="x582">598.17dp</dimen>
    <dimen name="x583">599.19dp</dimen>
    <dimen name="x584">600.22dp</dimen>
    <dimen name="x585">601.25dp</dimen>
    <dimen name="x586">602.28dp</dimen>
    <dimen name="x587">603.31dp</dimen>
    <dimen name="x588">604.33dp</dimen>
    <dimen name="x589">605.36dp</dimen>
    <dimen name="x590">606.39dp</dimen>
    <dimen name="x591">607.42dp</dimen>
    <dimen name="x592">608.44dp</dimen>
    <dimen name="x593">609.47dp</dimen>
    <dimen name="x594">610.50dp</dimen>
    <dimen name="x595">611.53dp</dimen>
    <dimen name="x596">612.56dp</dimen>
    <dimen name="x597">613.58dp</dimen>
    <dimen name="x598">614.61dp</dimen>
    <dimen name="x599">615.64dp</dimen>
    <dimen name="x600">616.67dp</dimen>
    <dimen name="x601">617.69dp</dimen>
    <dimen name="x602">618.72dp</dimen>
    <dimen name="x603">619.75dp</dimen>
    <dimen name="x604">620.78dp</dimen>
    <dimen name="x605">621.81dp</dimen>
    <dimen name="x606">622.83dp</dimen>
    <dimen name="x607">623.86dp</dimen>
    <dimen name="x608">624.89dp</dimen>
    <dimen name="x609">625.92dp</dimen>
    <dimen name="x610">626.94dp</dimen>
    <dimen name="x611">627.97dp</dimen>
    <dimen name="x612">629.00dp</dimen>
    <dimen name="x613">630.03dp</dimen>
    <dimen name="x614">631.06dp</dimen>
    <dimen name="x615">632.08dp</dimen>
    <dimen name="x616">633.11dp</dimen>
    <dimen name="x617">634.14dp</dimen>
    <dimen name="x618">635.17dp</dimen>
    <dimen name="x619">636.19dp</dimen>
    <dimen name="x620">637.22dp</dimen>
    <dimen name="x621">638.25dp</dimen>
    <dimen name="x622">639.28dp</dimen>
    <dimen name="x623">640.31dp</dimen>
    <dimen name="x624">641.33dp</dimen>
    <dimen name="x625">642.36dp</dimen>
    <dimen name="x626">643.39dp</dimen>
    <dimen name="x627">644.42dp</dimen>
    <dimen name="x628">645.44dp</dimen>
    <dimen name="x629">646.47dp</dimen>
    <dimen name="x630">647.50dp</dimen>
    <dimen name="x631">648.53dp</dimen>
    <dimen name="x632">649.56dp</dimen>
    <dimen name="x633">650.58dp</dimen>
    <dimen name="x634">651.61dp</dimen>
    <dimen name="x635">652.64dp</dimen>
    <dimen name="x636">653.67dp</dimen>
    <dimen name="x637">654.69dp</dimen>
    <dimen name="x638">655.72dp</dimen>
    <dimen name="x639">656.75dp</dimen>
    <dimen name="x640">657.78dp</dimen>
    <dimen name="x641">658.81dp</dimen>
    <dimen name="x642">659.83dp</dimen>
    <dimen name="x643">660.86dp</dimen>
    <dimen name="x644">661.89dp</dimen>
    <dimen name="x645">662.92dp</dimen>
    <dimen name="x646">663.94dp</dimen>
    <dimen name="x647">664.97dp</dimen>
    <dimen name="x648">666.00dp</dimen>
    <dimen name="x649">667.03dp</dimen>
    <dimen name="x650">668.06dp</dimen>
    <dimen name="x651">669.08dp</dimen>
    <dimen name="x652">670.11dp</dimen>
    <dimen name="x653">671.14dp</dimen>
    <dimen name="x654">672.17dp</dimen>
    <dimen name="x655">673.19dp</dimen>
    <dimen name="x656">674.22dp</dimen>
    <dimen name="x657">675.25dp</dimen>
    <dimen name="x658">676.28dp</dimen>
    <dimen name="x659">677.31dp</dimen>
    <dimen name="x660">678.33dp</dimen>
    <dimen name="x661">679.36dp</dimen>
    <dimen name="x662">680.39dp</dimen>
    <dimen name="x663">681.42dp</dimen>
    <dimen name="x664">682.44dp</dimen>
    <dimen name="x665">683.47dp</dimen>
    <dimen name="x666">684.50dp</dimen>
    <dimen name="x667">685.53dp</dimen>
    <dimen name="x668">686.56dp</dimen>
    <dimen name="x669">687.58dp</dimen>
    <dimen name="x670">688.61dp</dimen>
    <dimen name="x671">689.64dp</dimen>
    <dimen name="x672">690.67dp</dimen>
    <dimen name="x673">691.69dp</dimen>
    <dimen name="x674">692.72dp</dimen>
    <dimen name="x675">693.75dp</dimen>
    <dimen name="x676">694.78dp</dimen>
    <dimen name="x677">695.81dp</dimen>
    <dimen name="x678">696.83dp</dimen>
    <dimen name="x679">697.86dp</dimen>
    <dimen name="x680">698.89dp</dimen>
    <dimen name="x681">699.92dp</dimen>
    <dimen name="x682">700.94dp</dimen>
    <dimen name="x683">701.97dp</dimen>
    <dimen name="x684">703.00dp</dimen>
    <dimen name="x685">704.03dp</dimen>
    <dimen name="x686">705.06dp</dimen>
    <dimen name="x687">706.08dp</dimen>
    <dimen name="x688">707.11dp</dimen>
    <dimen name="x689">708.14dp</dimen>
    <dimen name="x690">709.17dp</dimen>
    <dimen name="x691">710.19dp</dimen>
    <dimen name="x692">711.22dp</dimen>
    <dimen name="x693">712.25dp</dimen>
    <dimen name="x694">713.28dp</dimen>
    <dimen name="x695">714.31dp</dimen>
    <dimen name="x696">715.33dp</dimen>
    <dimen name="x697">716.36dp</dimen>
    <dimen name="x698">717.39dp</dimen>
    <dimen name="x699">718.42dp</dimen>
    <dimen name="x700">719.44dp</dimen>
    <dimen name="x701">720.47dp</dimen>
    <dimen name="x702">721.50dp</dimen>
    <dimen name="x703">722.53dp</dimen>
    <dimen name="x704">723.56dp</dimen>
    <dimen name="x705">724.58dp</dimen>
    <dimen name="x706">725.61dp</dimen>
    <dimen name="x707">726.64dp</dimen>
    <dimen name="x708">727.67dp</dimen>
    <dimen name="x709">728.69dp</dimen>
    <dimen name="x710">729.72dp</dimen>
    <dimen name="x711">730.75dp</dimen>
    <dimen name="x712">731.78dp</dimen>
    <dimen name="x713">732.81dp</dimen>
    <dimen name="x714">733.83dp</dimen>
    <dimen name="x715">734.86dp</dimen>
    <dimen name="x716">735.89dp</dimen>
    <dimen name="x717">736.92dp</dimen>
    <dimen name="x718">737.94dp</dimen>
    <dimen name="x719">738.97dp</dimen>
    <dimen name="x720">740.00dp</dimen>
    <dimen name="x721">741.03dp</dimen>
    <dimen name="x722">742.06dp</dimen>
    <dimen name="x723">743.08dp</dimen>
    <dimen name="x724">744.11dp</dimen>
    <dimen name="x725">745.14dp</dimen>
    <dimen name="x726">746.17dp</dimen>
    <dimen name="x727">747.19dp</dimen>
    <dimen name="x728">748.22dp</dimen>
    <dimen name="x729">749.25dp</dimen>
    <dimen name="x730">750.28dp</dimen>
    <dimen name="x731">751.31dp</dimen>
    <dimen name="x732">752.33dp</dimen>
    <dimen name="x733">753.36dp</dimen>
    <dimen name="x734">754.39dp</dimen>
    <dimen name="x735">755.42dp</dimen>
    <dimen name="x736">756.44dp</dimen>
    <dimen name="x737">757.47dp</dimen>
    <dimen name="x738">758.50dp</dimen>
    <dimen name="x739">759.53dp</dimen>
    <dimen name="x740">760.56dp</dimen>
    <dimen name="x741">761.58dp</dimen>
    <dimen name="x742">762.61dp</dimen>
    <dimen name="x743">763.64dp</dimen>
    <dimen name="x744">764.67dp</dimen>
    <dimen name="x745">765.69dp</dimen>
    <dimen name="x746">766.72dp</dimen>
    <dimen name="x747">767.75dp</dimen>
    <dimen name="x748">768.78dp</dimen>
    <dimen name="x749">769.81dp</dimen>
    <dimen name="x750">770.83dp</dimen>
    <dimen name="x751">771.86dp</dimen>
    <dimen name="x752">772.89dp</dimen>
    <dimen name="x753">773.92dp</dimen>
    <dimen name="x754">774.94dp</dimen>
    <dimen name="x755">775.97dp</dimen>
    <dimen name="x756">777.00dp</dimen>
    <dimen name="x757">778.03dp</dimen>
    <dimen name="x758">779.06dp</dimen>
    <dimen name="x759">780.08dp</dimen>
    <dimen name="x760">781.11dp</dimen>
    <dimen name="x761">782.14dp</dimen>
    <dimen name="x762">783.17dp</dimen>
    <dimen name="x763">784.19dp</dimen>
    <dimen name="x764">785.22dp</dimen>
    <dimen name="x765">786.25dp</dimen>
    <dimen name="x766">787.28dp</dimen>
    <dimen name="x767">788.31dp</dimen>
    <dimen name="x768">789.33dp</dimen>
    <dimen name="x769">790.36dp</dimen>
    <dimen name="x770">791.39dp</dimen>
    <dimen name="x771">792.42dp</dimen>
    <dimen name="x772">793.44dp</dimen>
    <dimen name="x773">794.47dp</dimen>
    <dimen name="x774">795.50dp</dimen>
    <dimen name="x775">796.53dp</dimen>
    <dimen name="x776">797.56dp</dimen>
    <dimen name="x777">798.58dp</dimen>
    <dimen name="x778">799.61dp</dimen>
    <dimen name="x779">800.64dp</dimen>
    <dimen name="x780">801.67dp</dimen>
    <dimen name="x781">802.69dp</dimen>
    <dimen name="x782">803.72dp</dimen>
    <dimen name="x783">804.75dp</dimen>
    <dimen name="x784">805.78dp</dimen>
    <dimen name="x785">806.81dp</dimen>
    <dimen name="x786">807.83dp</dimen>
    <dimen name="x787">808.86dp</dimen>
    <dimen name="x788">809.89dp</dimen>
    <dimen name="x789">810.92dp</dimen>
    <dimen name="x790">811.94dp</dimen>
    <dimen name="x791">812.97dp</dimen>
    <dimen name="x792">814.00dp</dimen>
    <dimen name="x793">815.03dp</dimen>
    <dimen name="x794">816.06dp</dimen>
    <dimen name="x795">817.08dp</dimen>
    <dimen name="x796">818.11dp</dimen>
    <dimen name="x797">819.14dp</dimen>
    <dimen name="x798">820.17dp</dimen>
    <dimen name="x799">821.19dp</dimen>
    <dimen name="x800">822.22dp</dimen>
    <dimen name="x801">823.25dp</dimen>
    <dimen name="x802">824.28dp</dimen>
    <dimen name="x803">825.31dp</dimen>
    <dimen name="x804">826.33dp</dimen>
    <dimen name="x805">827.36dp</dimen>
    <dimen name="x806">828.39dp</dimen>
    <dimen name="x807">829.42dp</dimen>
    <dimen name="x808">830.44dp</dimen>
    <dimen name="x809">831.47dp</dimen>
    <dimen name="x810">832.50dp</dimen>
    <dimen name="x811">833.53dp</dimen>
    <dimen name="x812">834.56dp</dimen>
    <dimen name="x813">835.58dp</dimen>
    <dimen name="x814">836.61dp</dimen>
    <dimen name="x815">837.64dp</dimen>
    <dimen name="x816">838.67dp</dimen>
    <dimen name="x817">839.69dp</dimen>
    <dimen name="x818">840.72dp</dimen>
    <dimen name="x819">841.75dp</dimen>
    <dimen name="x820">842.78dp</dimen>
    <dimen name="x821">843.81dp</dimen>
    <dimen name="x822">844.83dp</dimen>
    <dimen name="x823">845.86dp</dimen>
    <dimen name="x824">846.89dp</dimen>
    <dimen name="x825">847.92dp</dimen>
    <dimen name="x826">848.94dp</dimen>
    <dimen name="x827">849.97dp</dimen>
    <dimen name="x828">851.00dp</dimen>
    <dimen name="x829">852.03dp</dimen>
    <dimen name="x830">853.06dp</dimen>
    <dimen name="x831">854.08dp</dimen>
    <dimen name="x832">855.11dp</dimen>
    <dimen name="x833">856.14dp</dimen>
    <dimen name="x834">857.17dp</dimen>
    <dimen name="x835">858.19dp</dimen>
    <dimen name="x836">859.22dp</dimen>
    <dimen name="x837">860.25dp</dimen>
    <dimen name="x838">861.28dp</dimen>
    <dimen name="x839">862.31dp</dimen>
    <dimen name="x840">863.33dp</dimen>
    <dimen name="x841">864.36dp</dimen>
    <dimen name="x842">865.39dp</dimen>
    <dimen name="x843">866.42dp</dimen>
    <dimen name="x844">867.44dp</dimen>
    <dimen name="x845">868.47dp</dimen>
    <dimen name="x846">869.50dp</dimen>
    <dimen name="x847">870.53dp</dimen>
    <dimen name="x848">871.56dp</dimen>
    <dimen name="x849">872.58dp</dimen>
    <dimen name="x850">873.61dp</dimen>
    <dimen name="x851">874.64dp</dimen>
    <dimen name="x852">875.67dp</dimen>
    <dimen name="x853">876.69dp</dimen>
    <dimen name="x854">877.72dp</dimen>
    <dimen name="x855">878.75dp</dimen>
    <dimen name="x856">879.78dp</dimen>
    <dimen name="x857">880.81dp</dimen>
    <dimen name="x858">881.83dp</dimen>
    <dimen name="x859">882.86dp</dimen>
    <dimen name="x860">883.89dp</dimen>
    <dimen name="x861">884.92dp</dimen>
    <dimen name="x862">885.94dp</dimen>
    <dimen name="x863">886.97dp</dimen>
    <dimen name="x864">888.00dp</dimen>
    <dimen name="x865">889.03dp</dimen>
    <dimen name="x866">890.06dp</dimen>
    <dimen name="x867">891.08dp</dimen>
    <dimen name="x868">892.11dp</dimen>
    <dimen name="x869">893.14dp</dimen>
    <dimen name="x870">894.17dp</dimen>
    <dimen name="x871">895.19dp</dimen>
    <dimen name="x872">896.22dp</dimen>
    <dimen name="x873">897.25dp</dimen>
    <dimen name="x874">898.28dp</dimen>
    <dimen name="x875">899.31dp</dimen>
    <dimen name="x876">900.33dp</dimen>
    <dimen name="x877">901.36dp</dimen>
    <dimen name="x878">902.39dp</dimen>
    <dimen name="x879">903.42dp</dimen>
    <dimen name="x880">904.44dp</dimen>
    <dimen name="x881">905.47dp</dimen>
    <dimen name="x882">906.50dp</dimen>
    <dimen name="x883">907.53dp</dimen>
    <dimen name="x884">908.56dp</dimen>
    <dimen name="x885">909.58dp</dimen>
    <dimen name="x886">910.61dp</dimen>
    <dimen name="x887">911.64dp</dimen>
    <dimen name="x888">912.67dp</dimen>
    <dimen name="x889">913.69dp</dimen>
    <dimen name="x890">914.72dp</dimen>
    <dimen name="x891">915.75dp</dimen>
    <dimen name="x892">916.78dp</dimen>
    <dimen name="x893">917.81dp</dimen>
    <dimen name="x894">918.83dp</dimen>
    <dimen name="x895">919.86dp</dimen>
    <dimen name="x896">920.89dp</dimen>
    <dimen name="x897">921.92dp</dimen>
    <dimen name="x898">922.94dp</dimen>
    <dimen name="x899">923.97dp</dimen>
    <dimen name="x900">925.00dp</dimen>
    <dimen name="x901">926.03dp</dimen>
    <dimen name="x902">927.06dp</dimen>
    <dimen name="x903">928.08dp</dimen>
    <dimen name="x904">929.11dp</dimen>
    <dimen name="x905">930.14dp</dimen>
    <dimen name="x906">931.17dp</dimen>
    <dimen name="x907">932.19dp</dimen>
    <dimen name="x908">933.22dp</dimen>
    <dimen name="x909">934.25dp</dimen>
    <dimen name="x910">935.28dp</dimen>
    <dimen name="x911">936.31dp</dimen>
    <dimen name="x912">937.33dp</dimen>
    <dimen name="x913">938.36dp</dimen>
    <dimen name="x914">939.39dp</dimen>
    <dimen name="x915">940.42dp</dimen>
    <dimen name="x916">941.44dp</dimen>
    <dimen name="x917">942.47dp</dimen>
    <dimen name="x918">943.50dp</dimen>
    <dimen name="x919">944.53dp</dimen>
    <dimen name="x920">945.56dp</dimen>
    <dimen name="x921">946.58dp</dimen>
    <dimen name="x922">947.61dp</dimen>
    <dimen name="x923">948.64dp</dimen>
    <dimen name="x924">949.67dp</dimen>
    <dimen name="x925">950.69dp</dimen>
    <dimen name="x926">951.72dp</dimen>
    <dimen name="x927">952.75dp</dimen>
    <dimen name="x928">953.78dp</dimen>
    <dimen name="x929">954.81dp</dimen>
    <dimen name="x930">955.83dp</dimen>
    <dimen name="x931">956.86dp</dimen>
    <dimen name="x932">957.89dp</dimen>
    <dimen name="x933">958.92dp</dimen>
    <dimen name="x934">959.94dp</dimen>
    <dimen name="x935">960.97dp</dimen>
    <dimen name="x936">962.00dp</dimen>
    <dimen name="x937">963.03dp</dimen>
    <dimen name="x938">964.06dp</dimen>
    <dimen name="x939">965.08dp</dimen>
    <dimen name="x940">966.11dp</dimen>
    <dimen name="x941">967.14dp</dimen>
    <dimen name="x942">968.17dp</dimen>
    <dimen name="x943">969.19dp</dimen>
    <dimen name="x944">970.22dp</dimen>
    <dimen name="x945">971.25dp</dimen>
    <dimen name="x946">972.28dp</dimen>
    <dimen name="x947">973.31dp</dimen>
    <dimen name="x948">974.33dp</dimen>
    <dimen name="x949">975.36dp</dimen>
    <dimen name="x950">976.39dp</dimen>
    <dimen name="x951">977.42dp</dimen>
    <dimen name="x952">978.44dp</dimen>
    <dimen name="x953">979.47dp</dimen>
    <dimen name="x954">980.50dp</dimen>
    <dimen name="x955">981.53dp</dimen>
    <dimen name="x956">982.56dp</dimen>
    <dimen name="x957">983.58dp</dimen>
    <dimen name="x958">984.61dp</dimen>
    <dimen name="x959">985.64dp</dimen>
    <dimen name="x960">986.67dp</dimen>
    <dimen name="x961">987.69dp</dimen>
    <dimen name="x962">988.72dp</dimen>
    <dimen name="x963">989.75dp</dimen>
    <dimen name="x964">990.78dp</dimen>
    <dimen name="x965">991.81dp</dimen>
    <dimen name="x966">992.83dp</dimen>
    <dimen name="x967">993.86dp</dimen>
    <dimen name="x968">994.89dp</dimen>
    <dimen name="x969">995.92dp</dimen>
    <dimen name="x970">996.94dp</dimen>
    <dimen name="x971">997.97dp</dimen>
    <dimen name="x972">999.00dp</dimen>
    <dimen name="x973">1000.03dp</dimen>
    <dimen name="x974">1001.06dp</dimen>
    <dimen name="x975">1002.08dp</dimen>
    <dimen name="x976">1003.11dp</dimen>
    <dimen name="x977">1004.14dp</dimen>
    <dimen name="x978">1005.17dp</dimen>
    <dimen name="x979">1006.19dp</dimen>
    <dimen name="x980">1007.22dp</dimen>
    <dimen name="x981">1008.25dp</dimen>
    <dimen name="x982">1009.28dp</dimen>
    <dimen name="x983">1010.31dp</dimen>
    <dimen name="x984">1011.33dp</dimen>
    <dimen name="x985">1012.36dp</dimen>
    <dimen name="x986">1013.39dp</dimen>
    <dimen name="x987">1014.42dp</dimen>
    <dimen name="x988">1015.44dp</dimen>
    <dimen name="x989">1016.47dp</dimen>
    <dimen name="x990">1017.50dp</dimen>
    <dimen name="x991">1018.53dp</dimen>
    <dimen name="x992">1019.56dp</dimen>
    <dimen name="x993">1020.58dp</dimen>
    <dimen name="x994">1021.61dp</dimen>
    <dimen name="x995">1022.64dp</dimen>
    <dimen name="x996">1023.67dp</dimen>
    <dimen name="x997">1024.69dp</dimen>
    <dimen name="x998">1025.72dp</dimen>
    <dimen name="x999">1026.75dp</dimen>
    <dimen name="x1000">1027.78dp</dimen>
    <dimen name="x1001">1028.81dp</dimen>
    <dimen name="x1002">1029.83dp</dimen>
    <dimen name="x1003">1030.86dp</dimen>
    <dimen name="x1004">1031.89dp</dimen>
    <dimen name="x1005">1032.92dp</dimen>
    <dimen name="x1006">1033.94dp</dimen>
    <dimen name="x1007">1034.97dp</dimen>
    <dimen name="x1008">1036.00dp</dimen>
    <dimen name="x1009">1037.03dp</dimen>
    <dimen name="x1010">1038.06dp</dimen>
    <dimen name="x1011">1039.08dp</dimen>
    <dimen name="x1012">1040.11dp</dimen>
    <dimen name="x1013">1041.14dp</dimen>
    <dimen name="x1014">1042.17dp</dimen>
    <dimen name="x1015">1043.19dp</dimen>
    <dimen name="x1016">1044.22dp</dimen>
    <dimen name="x1017">1045.25dp</dimen>
    <dimen name="x1018">1046.28dp</dimen>
    <dimen name="x1019">1047.31dp</dimen>
    <dimen name="x1020">1048.33dp</dimen>
    <dimen name="x1021">1049.36dp</dimen>
    <dimen name="x1022">1050.39dp</dimen>
    <dimen name="x1023">1051.42dp</dimen>
    <dimen name="x1024">1052.44dp</dimen>
    <dimen name="x1025">1053.47dp</dimen>
    <dimen name="x1026">1054.50dp</dimen>
    <dimen name="x1027">1055.53dp</dimen>
    <dimen name="x1028">1056.56dp</dimen>
    <dimen name="x1029">1057.58dp</dimen>
    <dimen name="x1030">1058.61dp</dimen>
    <dimen name="x1031">1059.64dp</dimen>
    <dimen name="x1032">1060.67dp</dimen>
    <dimen name="x1033">1061.69dp</dimen>
    <dimen name="x1034">1062.72dp</dimen>
    <dimen name="x1035">1063.75dp</dimen>
    <dimen name="x1036">1064.78dp</dimen>
    <dimen name="x1037">1065.81dp</dimen>
    <dimen name="x1038">1066.83dp</dimen>
    <dimen name="x1039">1067.86dp</dimen>
    <dimen name="x1040">1068.89dp</dimen>
    <dimen name="x1041">1069.92dp</dimen>
    <dimen name="x1042">1070.94dp</dimen>
    <dimen name="x1043">1071.97dp</dimen>
    <dimen name="x1044">1073.00dp</dimen>
    <dimen name="x1045">1074.03dp</dimen>
    <dimen name="x1046">1075.06dp</dimen>
    <dimen name="x1047">1076.08dp</dimen>
    <dimen name="x1048">1077.11dp</dimen>
    <dimen name="x1049">1078.14dp</dimen>
    <dimen name="x1050">1079.17dp</dimen>
    <dimen name="x1051">1080.19dp</dimen>
    <dimen name="x1052">1081.22dp</dimen>
    <dimen name="x1053">1082.25dp</dimen>
    <dimen name="x1054">1083.28dp</dimen>
    <dimen name="x1055">1084.31dp</dimen>
    <dimen name="x1056">1085.33dp</dimen>
    <dimen name="x1057">1086.36dp</dimen>
    <dimen name="x1058">1087.39dp</dimen>
    <dimen name="x1059">1088.42dp</dimen>
    <dimen name="x1060">1089.44dp</dimen>
    <dimen name="x1061">1090.47dp</dimen>
    <dimen name="x1062">1091.50dp</dimen>
    <dimen name="x1063">1092.53dp</dimen>
    <dimen name="x1064">1093.56dp</dimen>
    <dimen name="x1065">1094.58dp</dimen>
    <dimen name="x1066">1095.61dp</dimen>
    <dimen name="x1067">1096.64dp</dimen>
    <dimen name="x1068">1097.67dp</dimen>
    <dimen name="x1069">1098.69dp</dimen>
    <dimen name="x1070">1099.72dp</dimen>
    <dimen name="x1071">1100.75dp</dimen>
    <dimen name="x1072">1101.78dp</dimen>
    <dimen name="x1073">1102.81dp</dimen>
    <dimen name="x1074">1103.83dp</dimen>
    <dimen name="x1075">1104.86dp</dimen>
    <dimen name="x1076">1105.89dp</dimen>
    <dimen name="x1077">1106.92dp</dimen>
    <dimen name="x1078">1107.94dp</dimen>
    <dimen name="x1079">1108.97dp</dimen>
    <dimen name="x1080">1110.00dp</dimen>
</resources>