<?xml version="1.0" encoding="utf-8"?>
<resources>
    <string name="sw_dp">1500dp</string>
    <dimen name="x1">1.39dp</dimen>
    <dimen name="x2">2.78dp</dimen>
    <dimen name="x3">4.17dp</dimen>
    <dimen name="x4">5.56dp</dimen>
    <dimen name="x5">6.94dp</dimen>
    <dimen name="x6">8.33dp</dimen>
    <dimen name="x7">9.72dp</dimen>
    <dimen name="x8">11.11dp</dimen>
    <dimen name="x9">12.50dp</dimen>
    <dimen name="x10">13.89dp</dimen>
    <dimen name="x11">15.28dp</dimen>
    <dimen name="x12">16.67dp</dimen>
    <dimen name="x13">18.06dp</dimen>
    <dimen name="x14">19.44dp</dimen>
    <dimen name="x15">20.83dp</dimen>
    <dimen name="x16">22.22dp</dimen>
    <dimen name="x17">23.61dp</dimen>
    <dimen name="x18">25.00dp</dimen>
    <dimen name="x19">26.39dp</dimen>
    <dimen name="x20">27.78dp</dimen>
    <dimen name="x21">29.17dp</dimen>
    <dimen name="x22">30.56dp</dimen>
    <dimen name="x23">31.94dp</dimen>
    <dimen name="x24">33.33dp</dimen>
    <dimen name="x25">34.72dp</dimen>
    <dimen name="x26">36.11dp</dimen>
    <dimen name="x27">37.50dp</dimen>
    <dimen name="x28">38.89dp</dimen>
    <dimen name="x29">40.28dp</dimen>
    <dimen name="x30">41.67dp</dimen>
    <dimen name="x31">43.06dp</dimen>
    <dimen name="x32">44.44dp</dimen>
    <dimen name="x33">45.83dp</dimen>
    <dimen name="x34">47.22dp</dimen>
    <dimen name="x35">48.61dp</dimen>
    <dimen name="x36">50.00dp</dimen>
    <dimen name="x37">51.39dp</dimen>
    <dimen name="x38">52.78dp</dimen>
    <dimen name="x39">54.17dp</dimen>
    <dimen name="x40">55.56dp</dimen>
    <dimen name="x41">56.94dp</dimen>
    <dimen name="x42">58.33dp</dimen>
    <dimen name="x43">59.72dp</dimen>
    <dimen name="x44">61.11dp</dimen>
    <dimen name="x45">62.50dp</dimen>
    <dimen name="x46">63.89dp</dimen>
    <dimen name="x47">65.28dp</dimen>
    <dimen name="x48">66.67dp</dimen>
    <dimen name="x49">68.06dp</dimen>
    <dimen name="x50">69.44dp</dimen>
    <dimen name="x51">70.83dp</dimen>
    <dimen name="x52">72.22dp</dimen>
    <dimen name="x53">73.61dp</dimen>
    <dimen name="x54">75.00dp</dimen>
    <dimen name="x55">76.39dp</dimen>
    <dimen name="x56">77.78dp</dimen>
    <dimen name="x57">79.17dp</dimen>
    <dimen name="x58">80.56dp</dimen>
    <dimen name="x59">81.94dp</dimen>
    <dimen name="x60">83.33dp</dimen>
    <dimen name="x61">84.72dp</dimen>
    <dimen name="x62">86.11dp</dimen>
    <dimen name="x63">87.50dp</dimen>
    <dimen name="x64">88.89dp</dimen>
    <dimen name="x65">90.28dp</dimen>
    <dimen name="x66">91.67dp</dimen>
    <dimen name="x67">93.06dp</dimen>
    <dimen name="x68">94.44dp</dimen>
    <dimen name="x69">95.83dp</dimen>
    <dimen name="x70">97.22dp</dimen>
    <dimen name="x71">98.61dp</dimen>
    <dimen name="x72">100.00dp</dimen>
    <dimen name="x73">101.39dp</dimen>
    <dimen name="x74">102.78dp</dimen>
    <dimen name="x75">104.17dp</dimen>
    <dimen name="x76">105.56dp</dimen>
    <dimen name="x77">106.94dp</dimen>
    <dimen name="x78">108.33dp</dimen>
    <dimen name="x79">109.72dp</dimen>
    <dimen name="x80">111.11dp</dimen>
    <dimen name="x81">112.50dp</dimen>
    <dimen name="x82">113.89dp</dimen>
    <dimen name="x83">115.28dp</dimen>
    <dimen name="x84">116.67dp</dimen>
    <dimen name="x85">118.06dp</dimen>
    <dimen name="x86">119.44dp</dimen>
    <dimen name="x87">120.83dp</dimen>
    <dimen name="x88">122.22dp</dimen>
    <dimen name="x89">123.61dp</dimen>
    <dimen name="x90">125.00dp</dimen>
    <dimen name="x91">126.39dp</dimen>
    <dimen name="x92">127.78dp</dimen>
    <dimen name="x93">129.17dp</dimen>
    <dimen name="x94">130.56dp</dimen>
    <dimen name="x95">131.94dp</dimen>
    <dimen name="x96">133.33dp</dimen>
    <dimen name="x97">134.72dp</dimen>
    <dimen name="x98">136.11dp</dimen>
    <dimen name="x99">137.50dp</dimen>
    <dimen name="x100">138.89dp</dimen>
    <dimen name="x101">140.28dp</dimen>
    <dimen name="x102">141.67dp</dimen>
    <dimen name="x103">143.06dp</dimen>
    <dimen name="x104">144.44dp</dimen>
    <dimen name="x105">145.83dp</dimen>
    <dimen name="x106">147.22dp</dimen>
    <dimen name="x107">148.61dp</dimen>
    <dimen name="x108">150.00dp</dimen>
    <dimen name="x109">151.39dp</dimen>
    <dimen name="x110">152.78dp</dimen>
    <dimen name="x111">154.17dp</dimen>
    <dimen name="x112">155.56dp</dimen>
    <dimen name="x113">156.94dp</dimen>
    <dimen name="x114">158.33dp</dimen>
    <dimen name="x115">159.72dp</dimen>
    <dimen name="x116">161.11dp</dimen>
    <dimen name="x117">162.50dp</dimen>
    <dimen name="x118">163.89dp</dimen>
    <dimen name="x119">165.28dp</dimen>
    <dimen name="x120">166.67dp</dimen>
    <dimen name="x121">168.06dp</dimen>
    <dimen name="x122">169.44dp</dimen>
    <dimen name="x123">170.83dp</dimen>
    <dimen name="x124">172.22dp</dimen>
    <dimen name="x125">173.61dp</dimen>
    <dimen name="x126">175.00dp</dimen>
    <dimen name="x127">176.39dp</dimen>
    <dimen name="x128">177.78dp</dimen>
    <dimen name="x129">179.17dp</dimen>
    <dimen name="x130">180.56dp</dimen>
    <dimen name="x131">181.94dp</dimen>
    <dimen name="x132">183.33dp</dimen>
    <dimen name="x133">184.72dp</dimen>
    <dimen name="x134">186.11dp</dimen>
    <dimen name="x135">187.50dp</dimen>
    <dimen name="x136">188.89dp</dimen>
    <dimen name="x137">190.28dp</dimen>
    <dimen name="x138">191.67dp</dimen>
    <dimen name="x139">193.06dp</dimen>
    <dimen name="x140">194.44dp</dimen>
    <dimen name="x141">195.83dp</dimen>
    <dimen name="x142">197.22dp</dimen>
    <dimen name="x143">198.61dp</dimen>
    <dimen name="x144">200.00dp</dimen>
    <dimen name="x145">201.39dp</dimen>
    <dimen name="x146">202.78dp</dimen>
    <dimen name="x147">204.17dp</dimen>
    <dimen name="x148">205.56dp</dimen>
    <dimen name="x149">206.94dp</dimen>
    <dimen name="x150">208.33dp</dimen>
    <dimen name="x151">209.72dp</dimen>
    <dimen name="x152">211.11dp</dimen>
    <dimen name="x153">212.50dp</dimen>
    <dimen name="x154">213.89dp</dimen>
    <dimen name="x155">215.28dp</dimen>
    <dimen name="x156">216.67dp</dimen>
    <dimen name="x157">218.06dp</dimen>
    <dimen name="x158">219.44dp</dimen>
    <dimen name="x159">220.83dp</dimen>
    <dimen name="x160">222.22dp</dimen>
    <dimen name="x161">223.61dp</dimen>
    <dimen name="x162">225.00dp</dimen>
    <dimen name="x163">226.39dp</dimen>
    <dimen name="x164">227.78dp</dimen>
    <dimen name="x165">229.17dp</dimen>
    <dimen name="x166">230.56dp</dimen>
    <dimen name="x167">231.94dp</dimen>
    <dimen name="x168">233.33dp</dimen>
    <dimen name="x169">234.72dp</dimen>
    <dimen name="x170">236.11dp</dimen>
    <dimen name="x171">237.50dp</dimen>
    <dimen name="x172">238.89dp</dimen>
    <dimen name="x173">240.28dp</dimen>
    <dimen name="x174">241.67dp</dimen>
    <dimen name="x175">243.06dp</dimen>
    <dimen name="x176">244.44dp</dimen>
    <dimen name="x177">245.83dp</dimen>
    <dimen name="x178">247.22dp</dimen>
    <dimen name="x179">248.61dp</dimen>
    <dimen name="x180">250.00dp</dimen>
    <dimen name="x181">251.39dp</dimen>
    <dimen name="x182">252.78dp</dimen>
    <dimen name="x183">254.17dp</dimen>
    <dimen name="x184">255.56dp</dimen>
    <dimen name="x185">256.94dp</dimen>
    <dimen name="x186">258.33dp</dimen>
    <dimen name="x187">259.72dp</dimen>
    <dimen name="x188">261.11dp</dimen>
    <dimen name="x189">262.50dp</dimen>
    <dimen name="x190">263.89dp</dimen>
    <dimen name="x191">265.28dp</dimen>
    <dimen name="x192">266.67dp</dimen>
    <dimen name="x193">268.06dp</dimen>
    <dimen name="x194">269.44dp</dimen>
    <dimen name="x195">270.83dp</dimen>
    <dimen name="x196">272.22dp</dimen>
    <dimen name="x197">273.61dp</dimen>
    <dimen name="x198">275.00dp</dimen>
    <dimen name="x199">276.39dp</dimen>
    <dimen name="x200">277.78dp</dimen>
    <dimen name="x201">279.17dp</dimen>
    <dimen name="x202">280.56dp</dimen>
    <dimen name="x203">281.94dp</dimen>
    <dimen name="x204">283.33dp</dimen>
    <dimen name="x205">284.72dp</dimen>
    <dimen name="x206">286.11dp</dimen>
    <dimen name="x207">287.50dp</dimen>
    <dimen name="x208">288.89dp</dimen>
    <dimen name="x209">290.28dp</dimen>
    <dimen name="x210">291.67dp</dimen>
    <dimen name="x211">293.06dp</dimen>
    <dimen name="x212">294.44dp</dimen>
    <dimen name="x213">295.83dp</dimen>
    <dimen name="x214">297.22dp</dimen>
    <dimen name="x215">298.61dp</dimen>
    <dimen name="x216">300.00dp</dimen>
    <dimen name="x217">301.39dp</dimen>
    <dimen name="x218">302.78dp</dimen>
    <dimen name="x219">304.17dp</dimen>
    <dimen name="x220">305.56dp</dimen>
    <dimen name="x221">306.94dp</dimen>
    <dimen name="x222">308.33dp</dimen>
    <dimen name="x223">309.72dp</dimen>
    <dimen name="x224">311.11dp</dimen>
    <dimen name="x225">312.50dp</dimen>
    <dimen name="x226">313.89dp</dimen>
    <dimen name="x227">315.28dp</dimen>
    <dimen name="x228">316.67dp</dimen>
    <dimen name="x229">318.06dp</dimen>
    <dimen name="x230">319.44dp</dimen>
    <dimen name="x231">320.83dp</dimen>
    <dimen name="x232">322.22dp</dimen>
    <dimen name="x233">323.61dp</dimen>
    <dimen name="x234">325.00dp</dimen>
    <dimen name="x235">326.39dp</dimen>
    <dimen name="x236">327.78dp</dimen>
    <dimen name="x237">329.17dp</dimen>
    <dimen name="x238">330.56dp</dimen>
    <dimen name="x239">331.94dp</dimen>
    <dimen name="x240">333.33dp</dimen>
    <dimen name="x241">334.72dp</dimen>
    <dimen name="x242">336.11dp</dimen>
    <dimen name="x243">337.50dp</dimen>
    <dimen name="x244">338.89dp</dimen>
    <dimen name="x245">340.28dp</dimen>
    <dimen name="x246">341.67dp</dimen>
    <dimen name="x247">343.06dp</dimen>
    <dimen name="x248">344.44dp</dimen>
    <dimen name="x249">345.83dp</dimen>
    <dimen name="x250">347.22dp</dimen>
    <dimen name="x251">348.61dp</dimen>
    <dimen name="x252">350.00dp</dimen>
    <dimen name="x253">351.39dp</dimen>
    <dimen name="x254">352.78dp</dimen>
    <dimen name="x255">354.17dp</dimen>
    <dimen name="x256">355.56dp</dimen>
    <dimen name="x257">356.94dp</dimen>
    <dimen name="x258">358.33dp</dimen>
    <dimen name="x259">359.72dp</dimen>
    <dimen name="x260">361.11dp</dimen>
    <dimen name="x261">362.50dp</dimen>
    <dimen name="x262">363.89dp</dimen>
    <dimen name="x263">365.28dp</dimen>
    <dimen name="x264">366.67dp</dimen>
    <dimen name="x265">368.06dp</dimen>
    <dimen name="x266">369.44dp</dimen>
    <dimen name="x267">370.83dp</dimen>
    <dimen name="x268">372.22dp</dimen>
    <dimen name="x269">373.61dp</dimen>
    <dimen name="x270">375.00dp</dimen>
    <dimen name="x271">376.39dp</dimen>
    <dimen name="x272">377.78dp</dimen>
    <dimen name="x273">379.17dp</dimen>
    <dimen name="x274">380.56dp</dimen>
    <dimen name="x275">381.94dp</dimen>
    <dimen name="x276">383.33dp</dimen>
    <dimen name="x277">384.72dp</dimen>
    <dimen name="x278">386.11dp</dimen>
    <dimen name="x279">387.50dp</dimen>
    <dimen name="x280">388.89dp</dimen>
    <dimen name="x281">390.28dp</dimen>
    <dimen name="x282">391.67dp</dimen>
    <dimen name="x283">393.06dp</dimen>
    <dimen name="x284">394.44dp</dimen>
    <dimen name="x285">395.83dp</dimen>
    <dimen name="x286">397.22dp</dimen>
    <dimen name="x287">398.61dp</dimen>
    <dimen name="x288">400.00dp</dimen>
    <dimen name="x289">401.39dp</dimen>
    <dimen name="x290">402.78dp</dimen>
    <dimen name="x291">404.17dp</dimen>
    <dimen name="x292">405.56dp</dimen>
    <dimen name="x293">406.94dp</dimen>
    <dimen name="x294">408.33dp</dimen>
    <dimen name="x295">409.72dp</dimen>
    <dimen name="x296">411.11dp</dimen>
    <dimen name="x297">412.50dp</dimen>
    <dimen name="x298">413.89dp</dimen>
    <dimen name="x299">415.28dp</dimen>
    <dimen name="x300">416.67dp</dimen>
    <dimen name="x301">418.06dp</dimen>
    <dimen name="x302">419.44dp</dimen>
    <dimen name="x303">420.83dp</dimen>
    <dimen name="x304">422.22dp</dimen>
    <dimen name="x305">423.61dp</dimen>
    <dimen name="x306">425.00dp</dimen>
    <dimen name="x307">426.39dp</dimen>
    <dimen name="x308">427.78dp</dimen>
    <dimen name="x309">429.17dp</dimen>
    <dimen name="x310">430.56dp</dimen>
    <dimen name="x311">431.94dp</dimen>
    <dimen name="x312">433.33dp</dimen>
    <dimen name="x313">434.72dp</dimen>
    <dimen name="x314">436.11dp</dimen>
    <dimen name="x315">437.50dp</dimen>
    <dimen name="x316">438.89dp</dimen>
    <dimen name="x317">440.28dp</dimen>
    <dimen name="x318">441.67dp</dimen>
    <dimen name="x319">443.06dp</dimen>
    <dimen name="x320">444.44dp</dimen>
    <dimen name="x321">445.83dp</dimen>
    <dimen name="x322">447.22dp</dimen>
    <dimen name="x323">448.61dp</dimen>
    <dimen name="x324">450.00dp</dimen>
    <dimen name="x325">451.39dp</dimen>
    <dimen name="x326">452.78dp</dimen>
    <dimen name="x327">454.17dp</dimen>
    <dimen name="x328">455.56dp</dimen>
    <dimen name="x329">456.94dp</dimen>
    <dimen name="x330">458.33dp</dimen>
    <dimen name="x331">459.72dp</dimen>
    <dimen name="x332">461.11dp</dimen>
    <dimen name="x333">462.50dp</dimen>
    <dimen name="x334">463.89dp</dimen>
    <dimen name="x335">465.28dp</dimen>
    <dimen name="x336">466.67dp</dimen>
    <dimen name="x337">468.06dp</dimen>
    <dimen name="x338">469.44dp</dimen>
    <dimen name="x339">470.83dp</dimen>
    <dimen name="x340">472.22dp</dimen>
    <dimen name="x341">473.61dp</dimen>
    <dimen name="x342">475.00dp</dimen>
    <dimen name="x343">476.39dp</dimen>
    <dimen name="x344">477.78dp</dimen>
    <dimen name="x345">479.17dp</dimen>
    <dimen name="x346">480.56dp</dimen>
    <dimen name="x347">481.94dp</dimen>
    <dimen name="x348">483.33dp</dimen>
    <dimen name="x349">484.72dp</dimen>
    <dimen name="x350">486.11dp</dimen>
    <dimen name="x351">487.50dp</dimen>
    <dimen name="x352">488.89dp</dimen>
    <dimen name="x353">490.28dp</dimen>
    <dimen name="x354">491.67dp</dimen>
    <dimen name="x355">493.06dp</dimen>
    <dimen name="x356">494.44dp</dimen>
    <dimen name="x357">495.83dp</dimen>
    <dimen name="x358">497.22dp</dimen>
    <dimen name="x359">498.61dp</dimen>
    <dimen name="x360">500.00dp</dimen>
    <dimen name="x361">501.39dp</dimen>
    <dimen name="x362">502.78dp</dimen>
    <dimen name="x363">504.17dp</dimen>
    <dimen name="x364">505.56dp</dimen>
    <dimen name="x365">506.94dp</dimen>
    <dimen name="x366">508.33dp</dimen>
    <dimen name="x367">509.72dp</dimen>
    <dimen name="x368">511.11dp</dimen>
    <dimen name="x369">512.50dp</dimen>
    <dimen name="x370">513.89dp</dimen>
    <dimen name="x371">515.28dp</dimen>
    <dimen name="x372">516.67dp</dimen>
    <dimen name="x373">518.06dp</dimen>
    <dimen name="x374">519.44dp</dimen>
    <dimen name="x375">520.83dp</dimen>
    <dimen name="x376">522.22dp</dimen>
    <dimen name="x377">523.61dp</dimen>
    <dimen name="x378">525.00dp</dimen>
    <dimen name="x379">526.39dp</dimen>
    <dimen name="x380">527.78dp</dimen>
    <dimen name="x381">529.17dp</dimen>
    <dimen name="x382">530.56dp</dimen>
    <dimen name="x383">531.94dp</dimen>
    <dimen name="x384">533.33dp</dimen>
    <dimen name="x385">534.72dp</dimen>
    <dimen name="x386">536.11dp</dimen>
    <dimen name="x387">537.50dp</dimen>
    <dimen name="x388">538.89dp</dimen>
    <dimen name="x389">540.28dp</dimen>
    <dimen name="x390">541.67dp</dimen>
    <dimen name="x391">543.06dp</dimen>
    <dimen name="x392">544.44dp</dimen>
    <dimen name="x393">545.83dp</dimen>
    <dimen name="x394">547.22dp</dimen>
    <dimen name="x395">548.61dp</dimen>
    <dimen name="x396">550.00dp</dimen>
    <dimen name="x397">551.39dp</dimen>
    <dimen name="x398">552.78dp</dimen>
    <dimen name="x399">554.17dp</dimen>
    <dimen name="x400">555.56dp</dimen>
    <dimen name="x401">556.94dp</dimen>
    <dimen name="x402">558.33dp</dimen>
    <dimen name="x403">559.72dp</dimen>
    <dimen name="x404">561.11dp</dimen>
    <dimen name="x405">562.50dp</dimen>
    <dimen name="x406">563.89dp</dimen>
    <dimen name="x407">565.28dp</dimen>
    <dimen name="x408">566.67dp</dimen>
    <dimen name="x409">568.06dp</dimen>
    <dimen name="x410">569.44dp</dimen>
    <dimen name="x411">570.83dp</dimen>
    <dimen name="x412">572.22dp</dimen>
    <dimen name="x413">573.61dp</dimen>
    <dimen name="x414">575.00dp</dimen>
    <dimen name="x415">576.39dp</dimen>
    <dimen name="x416">577.78dp</dimen>
    <dimen name="x417">579.17dp</dimen>
    <dimen name="x418">580.56dp</dimen>
    <dimen name="x419">581.94dp</dimen>
    <dimen name="x420">583.33dp</dimen>
    <dimen name="x421">584.72dp</dimen>
    <dimen name="x422">586.11dp</dimen>
    <dimen name="x423">587.50dp</dimen>
    <dimen name="x424">588.89dp</dimen>
    <dimen name="x425">590.28dp</dimen>
    <dimen name="x426">591.67dp</dimen>
    <dimen name="x427">593.06dp</dimen>
    <dimen name="x428">594.44dp</dimen>
    <dimen name="x429">595.83dp</dimen>
    <dimen name="x430">597.22dp</dimen>
    <dimen name="x431">598.61dp</dimen>
    <dimen name="x432">600.00dp</dimen>
    <dimen name="x433">601.39dp</dimen>
    <dimen name="x434">602.78dp</dimen>
    <dimen name="x435">604.17dp</dimen>
    <dimen name="x436">605.56dp</dimen>
    <dimen name="x437">606.94dp</dimen>
    <dimen name="x438">608.33dp</dimen>
    <dimen name="x439">609.72dp</dimen>
    <dimen name="x440">611.11dp</dimen>
    <dimen name="x441">612.50dp</dimen>
    <dimen name="x442">613.89dp</dimen>
    <dimen name="x443">615.28dp</dimen>
    <dimen name="x444">616.67dp</dimen>
    <dimen name="x445">618.06dp</dimen>
    <dimen name="x446">619.44dp</dimen>
    <dimen name="x447">620.83dp</dimen>
    <dimen name="x448">622.22dp</dimen>
    <dimen name="x449">623.61dp</dimen>
    <dimen name="x450">625.00dp</dimen>
    <dimen name="x451">626.39dp</dimen>
    <dimen name="x452">627.78dp</dimen>
    <dimen name="x453">629.17dp</dimen>
    <dimen name="x454">630.56dp</dimen>
    <dimen name="x455">631.94dp</dimen>
    <dimen name="x456">633.33dp</dimen>
    <dimen name="x457">634.72dp</dimen>
    <dimen name="x458">636.11dp</dimen>
    <dimen name="x459">637.50dp</dimen>
    <dimen name="x460">638.89dp</dimen>
    <dimen name="x461">640.28dp</dimen>
    <dimen name="x462">641.67dp</dimen>
    <dimen name="x463">643.06dp</dimen>
    <dimen name="x464">644.44dp</dimen>
    <dimen name="x465">645.83dp</dimen>
    <dimen name="x466">647.22dp</dimen>
    <dimen name="x467">648.61dp</dimen>
    <dimen name="x468">650.00dp</dimen>
    <dimen name="x469">651.39dp</dimen>
    <dimen name="x470">652.78dp</dimen>
    <dimen name="x471">654.17dp</dimen>
    <dimen name="x472">655.56dp</dimen>
    <dimen name="x473">656.94dp</dimen>
    <dimen name="x474">658.33dp</dimen>
    <dimen name="x475">659.72dp</dimen>
    <dimen name="x476">661.11dp</dimen>
    <dimen name="x477">662.50dp</dimen>
    <dimen name="x478">663.89dp</dimen>
    <dimen name="x479">665.28dp</dimen>
    <dimen name="x480">666.67dp</dimen>
    <dimen name="x481">668.06dp</dimen>
    <dimen name="x482">669.44dp</dimen>
    <dimen name="x483">670.83dp</dimen>
    <dimen name="x484">672.22dp</dimen>
    <dimen name="x485">673.61dp</dimen>
    <dimen name="x486">675.00dp</dimen>
    <dimen name="x487">676.39dp</dimen>
    <dimen name="x488">677.78dp</dimen>
    <dimen name="x489">679.17dp</dimen>
    <dimen name="x490">680.56dp</dimen>
    <dimen name="x491">681.94dp</dimen>
    <dimen name="x492">683.33dp</dimen>
    <dimen name="x493">684.72dp</dimen>
    <dimen name="x494">686.11dp</dimen>
    <dimen name="x495">687.50dp</dimen>
    <dimen name="x496">688.89dp</dimen>
    <dimen name="x497">690.28dp</dimen>
    <dimen name="x498">691.67dp</dimen>
    <dimen name="x499">693.06dp</dimen>
    <dimen name="x500">694.44dp</dimen>
    <dimen name="x501">695.83dp</dimen>
    <dimen name="x502">697.22dp</dimen>
    <dimen name="x503">698.61dp</dimen>
    <dimen name="x504">700.00dp</dimen>
    <dimen name="x505">701.39dp</dimen>
    <dimen name="x506">702.78dp</dimen>
    <dimen name="x507">704.17dp</dimen>
    <dimen name="x508">705.56dp</dimen>
    <dimen name="x509">706.94dp</dimen>
    <dimen name="x510">708.33dp</dimen>
    <dimen name="x511">709.72dp</dimen>
    <dimen name="x512">711.11dp</dimen>
    <dimen name="x513">712.50dp</dimen>
    <dimen name="x514">713.89dp</dimen>
    <dimen name="x515">715.28dp</dimen>
    <dimen name="x516">716.67dp</dimen>
    <dimen name="x517">718.06dp</dimen>
    <dimen name="x518">719.44dp</dimen>
    <dimen name="x519">720.83dp</dimen>
    <dimen name="x520">722.22dp</dimen>
    <dimen name="x521">723.61dp</dimen>
    <dimen name="x522">725.00dp</dimen>
    <dimen name="x523">726.39dp</dimen>
    <dimen name="x524">727.78dp</dimen>
    <dimen name="x525">729.17dp</dimen>
    <dimen name="x526">730.56dp</dimen>
    <dimen name="x527">731.94dp</dimen>
    <dimen name="x528">733.33dp</dimen>
    <dimen name="x529">734.72dp</dimen>
    <dimen name="x530">736.11dp</dimen>
    <dimen name="x531">737.50dp</dimen>
    <dimen name="x532">738.89dp</dimen>
    <dimen name="x533">740.28dp</dimen>
    <dimen name="x534">741.67dp</dimen>
    <dimen name="x535">743.06dp</dimen>
    <dimen name="x536">744.44dp</dimen>
    <dimen name="x537">745.83dp</dimen>
    <dimen name="x538">747.22dp</dimen>
    <dimen name="x539">748.61dp</dimen>
    <dimen name="x540">750.00dp</dimen>
    <dimen name="x541">751.39dp</dimen>
    <dimen name="x542">752.78dp</dimen>
    <dimen name="x543">754.17dp</dimen>
    <dimen name="x544">755.56dp</dimen>
    <dimen name="x545">756.94dp</dimen>
    <dimen name="x546">758.33dp</dimen>
    <dimen name="x547">759.72dp</dimen>
    <dimen name="x548">761.11dp</dimen>
    <dimen name="x549">762.50dp</dimen>
    <dimen name="x550">763.89dp</dimen>
    <dimen name="x551">765.28dp</dimen>
    <dimen name="x552">766.67dp</dimen>
    <dimen name="x553">768.06dp</dimen>
    <dimen name="x554">769.44dp</dimen>
    <dimen name="x555">770.83dp</dimen>
    <dimen name="x556">772.22dp</dimen>
    <dimen name="x557">773.61dp</dimen>
    <dimen name="x558">775.00dp</dimen>
    <dimen name="x559">776.39dp</dimen>
    <dimen name="x560">777.78dp</dimen>
    <dimen name="x561">779.17dp</dimen>
    <dimen name="x562">780.56dp</dimen>
    <dimen name="x563">781.94dp</dimen>
    <dimen name="x564">783.33dp</dimen>
    <dimen name="x565">784.72dp</dimen>
    <dimen name="x566">786.11dp</dimen>
    <dimen name="x567">787.50dp</dimen>
    <dimen name="x568">788.89dp</dimen>
    <dimen name="x569">790.28dp</dimen>
    <dimen name="x570">791.67dp</dimen>
    <dimen name="x571">793.06dp</dimen>
    <dimen name="x572">794.44dp</dimen>
    <dimen name="x573">795.83dp</dimen>
    <dimen name="x574">797.22dp</dimen>
    <dimen name="x575">798.61dp</dimen>
    <dimen name="x576">800.00dp</dimen>
    <dimen name="x577">801.39dp</dimen>
    <dimen name="x578">802.78dp</dimen>
    <dimen name="x579">804.17dp</dimen>
    <dimen name="x580">805.56dp</dimen>
    <dimen name="x581">806.94dp</dimen>
    <dimen name="x582">808.33dp</dimen>
    <dimen name="x583">809.72dp</dimen>
    <dimen name="x584">811.11dp</dimen>
    <dimen name="x585">812.50dp</dimen>
    <dimen name="x586">813.89dp</dimen>
    <dimen name="x587">815.28dp</dimen>
    <dimen name="x588">816.67dp</dimen>
    <dimen name="x589">818.06dp</dimen>
    <dimen name="x590">819.44dp</dimen>
    <dimen name="x591">820.83dp</dimen>
    <dimen name="x592">822.22dp</dimen>
    <dimen name="x593">823.61dp</dimen>
    <dimen name="x594">825.00dp</dimen>
    <dimen name="x595">826.39dp</dimen>
    <dimen name="x596">827.78dp</dimen>
    <dimen name="x597">829.17dp</dimen>
    <dimen name="x598">830.56dp</dimen>
    <dimen name="x599">831.94dp</dimen>
    <dimen name="x600">833.33dp</dimen>
    <dimen name="x601">834.72dp</dimen>
    <dimen name="x602">836.11dp</dimen>
    <dimen name="x603">837.50dp</dimen>
    <dimen name="x604">838.89dp</dimen>
    <dimen name="x605">840.28dp</dimen>
    <dimen name="x606">841.67dp</dimen>
    <dimen name="x607">843.06dp</dimen>
    <dimen name="x608">844.44dp</dimen>
    <dimen name="x609">845.83dp</dimen>
    <dimen name="x610">847.22dp</dimen>
    <dimen name="x611">848.61dp</dimen>
    <dimen name="x612">850.00dp</dimen>
    <dimen name="x613">851.39dp</dimen>
    <dimen name="x614">852.78dp</dimen>
    <dimen name="x615">854.17dp</dimen>
    <dimen name="x616">855.56dp</dimen>
    <dimen name="x617">856.94dp</dimen>
    <dimen name="x618">858.33dp</dimen>
    <dimen name="x619">859.72dp</dimen>
    <dimen name="x620">861.11dp</dimen>
    <dimen name="x621">862.50dp</dimen>
    <dimen name="x622">863.89dp</dimen>
    <dimen name="x623">865.28dp</dimen>
    <dimen name="x624">866.67dp</dimen>
    <dimen name="x625">868.06dp</dimen>
    <dimen name="x626">869.44dp</dimen>
    <dimen name="x627">870.83dp</dimen>
    <dimen name="x628">872.22dp</dimen>
    <dimen name="x629">873.61dp</dimen>
    <dimen name="x630">875.00dp</dimen>
    <dimen name="x631">876.39dp</dimen>
    <dimen name="x632">877.78dp</dimen>
    <dimen name="x633">879.17dp</dimen>
    <dimen name="x634">880.56dp</dimen>
    <dimen name="x635">881.94dp</dimen>
    <dimen name="x636">883.33dp</dimen>
    <dimen name="x637">884.72dp</dimen>
    <dimen name="x638">886.11dp</dimen>
    <dimen name="x639">887.50dp</dimen>
    <dimen name="x640">888.89dp</dimen>
    <dimen name="x641">890.28dp</dimen>
    <dimen name="x642">891.67dp</dimen>
    <dimen name="x643">893.06dp</dimen>
    <dimen name="x644">894.44dp</dimen>
    <dimen name="x645">895.83dp</dimen>
    <dimen name="x646">897.22dp</dimen>
    <dimen name="x647">898.61dp</dimen>
    <dimen name="x648">900.00dp</dimen>
    <dimen name="x649">901.39dp</dimen>
    <dimen name="x650">902.78dp</dimen>
    <dimen name="x651">904.17dp</dimen>
    <dimen name="x652">905.56dp</dimen>
    <dimen name="x653">906.94dp</dimen>
    <dimen name="x654">908.33dp</dimen>
    <dimen name="x655">909.72dp</dimen>
    <dimen name="x656">911.11dp</dimen>
    <dimen name="x657">912.50dp</dimen>
    <dimen name="x658">913.89dp</dimen>
    <dimen name="x659">915.28dp</dimen>
    <dimen name="x660">916.67dp</dimen>
    <dimen name="x661">918.06dp</dimen>
    <dimen name="x662">919.44dp</dimen>
    <dimen name="x663">920.83dp</dimen>
    <dimen name="x664">922.22dp</dimen>
    <dimen name="x665">923.61dp</dimen>
    <dimen name="x666">925.00dp</dimen>
    <dimen name="x667">926.39dp</dimen>
    <dimen name="x668">927.78dp</dimen>
    <dimen name="x669">929.17dp</dimen>
    <dimen name="x670">930.56dp</dimen>
    <dimen name="x671">931.94dp</dimen>
    <dimen name="x672">933.33dp</dimen>
    <dimen name="x673">934.72dp</dimen>
    <dimen name="x674">936.11dp</dimen>
    <dimen name="x675">937.50dp</dimen>
    <dimen name="x676">938.89dp</dimen>
    <dimen name="x677">940.28dp</dimen>
    <dimen name="x678">941.67dp</dimen>
    <dimen name="x679">943.06dp</dimen>
    <dimen name="x680">944.44dp</dimen>
    <dimen name="x681">945.83dp</dimen>
    <dimen name="x682">947.22dp</dimen>
    <dimen name="x683">948.61dp</dimen>
    <dimen name="x684">950.00dp</dimen>
    <dimen name="x685">951.39dp</dimen>
    <dimen name="x686">952.78dp</dimen>
    <dimen name="x687">954.17dp</dimen>
    <dimen name="x688">955.56dp</dimen>
    <dimen name="x689">956.94dp</dimen>
    <dimen name="x690">958.33dp</dimen>
    <dimen name="x691">959.72dp</dimen>
    <dimen name="x692">961.11dp</dimen>
    <dimen name="x693">962.50dp</dimen>
    <dimen name="x694">963.89dp</dimen>
    <dimen name="x695">965.28dp</dimen>
    <dimen name="x696">966.67dp</dimen>
    <dimen name="x697">968.06dp</dimen>
    <dimen name="x698">969.44dp</dimen>
    <dimen name="x699">970.83dp</dimen>
    <dimen name="x700">972.22dp</dimen>
    <dimen name="x701">973.61dp</dimen>
    <dimen name="x702">975.00dp</dimen>
    <dimen name="x703">976.39dp</dimen>
    <dimen name="x704">977.78dp</dimen>
    <dimen name="x705">979.17dp</dimen>
    <dimen name="x706">980.56dp</dimen>
    <dimen name="x707">981.94dp</dimen>
    <dimen name="x708">983.33dp</dimen>
    <dimen name="x709">984.72dp</dimen>
    <dimen name="x710">986.11dp</dimen>
    <dimen name="x711">987.50dp</dimen>
    <dimen name="x712">988.89dp</dimen>
    <dimen name="x713">990.28dp</dimen>
    <dimen name="x714">991.67dp</dimen>
    <dimen name="x715">993.06dp</dimen>
    <dimen name="x716">994.44dp</dimen>
    <dimen name="x717">995.83dp</dimen>
    <dimen name="x718">997.22dp</dimen>
    <dimen name="x719">998.61dp</dimen>
    <dimen name="x720">1000.00dp</dimen>
    <dimen name="x721">1001.39dp</dimen>
    <dimen name="x722">1002.78dp</dimen>
    <dimen name="x723">1004.17dp</dimen>
    <dimen name="x724">1005.56dp</dimen>
    <dimen name="x725">1006.94dp</dimen>
    <dimen name="x726">1008.33dp</dimen>
    <dimen name="x727">1009.72dp</dimen>
    <dimen name="x728">1011.11dp</dimen>
    <dimen name="x729">1012.50dp</dimen>
    <dimen name="x730">1013.89dp</dimen>
    <dimen name="x731">1015.28dp</dimen>
    <dimen name="x732">1016.67dp</dimen>
    <dimen name="x733">1018.06dp</dimen>
    <dimen name="x734">1019.44dp</dimen>
    <dimen name="x735">1020.83dp</dimen>
    <dimen name="x736">1022.22dp</dimen>
    <dimen name="x737">1023.61dp</dimen>
    <dimen name="x738">1025.00dp</dimen>
    <dimen name="x739">1026.39dp</dimen>
    <dimen name="x740">1027.78dp</dimen>
    <dimen name="x741">1029.17dp</dimen>
    <dimen name="x742">1030.56dp</dimen>
    <dimen name="x743">1031.94dp</dimen>
    <dimen name="x744">1033.33dp</dimen>
    <dimen name="x745">1034.72dp</dimen>
    <dimen name="x746">1036.11dp</dimen>
    <dimen name="x747">1037.50dp</dimen>
    <dimen name="x748">1038.89dp</dimen>
    <dimen name="x749">1040.28dp</dimen>
    <dimen name="x750">1041.67dp</dimen>
    <dimen name="x751">1043.06dp</dimen>
    <dimen name="x752">1044.44dp</dimen>
    <dimen name="x753">1045.83dp</dimen>
    <dimen name="x754">1047.22dp</dimen>
    <dimen name="x755">1048.61dp</dimen>
    <dimen name="x756">1050.00dp</dimen>
    <dimen name="x757">1051.39dp</dimen>
    <dimen name="x758">1052.78dp</dimen>
    <dimen name="x759">1054.17dp</dimen>
    <dimen name="x760">1055.56dp</dimen>
    <dimen name="x761">1056.94dp</dimen>
    <dimen name="x762">1058.33dp</dimen>
    <dimen name="x763">1059.72dp</dimen>
    <dimen name="x764">1061.11dp</dimen>
    <dimen name="x765">1062.50dp</dimen>
    <dimen name="x766">1063.89dp</dimen>
    <dimen name="x767">1065.28dp</dimen>
    <dimen name="x768">1066.67dp</dimen>
    <dimen name="x769">1068.06dp</dimen>
    <dimen name="x770">1069.44dp</dimen>
    <dimen name="x771">1070.83dp</dimen>
    <dimen name="x772">1072.22dp</dimen>
    <dimen name="x773">1073.61dp</dimen>
    <dimen name="x774">1075.00dp</dimen>
    <dimen name="x775">1076.39dp</dimen>
    <dimen name="x776">1077.78dp</dimen>
    <dimen name="x777">1079.17dp</dimen>
    <dimen name="x778">1080.56dp</dimen>
    <dimen name="x779">1081.94dp</dimen>
    <dimen name="x780">1083.33dp</dimen>
    <dimen name="x781">1084.72dp</dimen>
    <dimen name="x782">1086.11dp</dimen>
    <dimen name="x783">1087.50dp</dimen>
    <dimen name="x784">1088.89dp</dimen>
    <dimen name="x785">1090.28dp</dimen>
    <dimen name="x786">1091.67dp</dimen>
    <dimen name="x787">1093.06dp</dimen>
    <dimen name="x788">1094.44dp</dimen>
    <dimen name="x789">1095.83dp</dimen>
    <dimen name="x790">1097.22dp</dimen>
    <dimen name="x791">1098.61dp</dimen>
    <dimen name="x792">1100.00dp</dimen>
    <dimen name="x793">1101.39dp</dimen>
    <dimen name="x794">1102.78dp</dimen>
    <dimen name="x795">1104.17dp</dimen>
    <dimen name="x796">1105.56dp</dimen>
    <dimen name="x797">1106.94dp</dimen>
    <dimen name="x798">1108.33dp</dimen>
    <dimen name="x799">1109.72dp</dimen>
    <dimen name="x800">1111.11dp</dimen>
    <dimen name="x801">1112.50dp</dimen>
    <dimen name="x802">1113.89dp</dimen>
    <dimen name="x803">1115.28dp</dimen>
    <dimen name="x804">1116.67dp</dimen>
    <dimen name="x805">1118.06dp</dimen>
    <dimen name="x806">1119.44dp</dimen>
    <dimen name="x807">1120.83dp</dimen>
    <dimen name="x808">1122.22dp</dimen>
    <dimen name="x809">1123.61dp</dimen>
    <dimen name="x810">1125.00dp</dimen>
    <dimen name="x811">1126.39dp</dimen>
    <dimen name="x812">1127.78dp</dimen>
    <dimen name="x813">1129.17dp</dimen>
    <dimen name="x814">1130.56dp</dimen>
    <dimen name="x815">1131.94dp</dimen>
    <dimen name="x816">1133.33dp</dimen>
    <dimen name="x817">1134.72dp</dimen>
    <dimen name="x818">1136.11dp</dimen>
    <dimen name="x819">1137.50dp</dimen>
    <dimen name="x820">1138.89dp</dimen>
    <dimen name="x821">1140.28dp</dimen>
    <dimen name="x822">1141.67dp</dimen>
    <dimen name="x823">1143.06dp</dimen>
    <dimen name="x824">1144.44dp</dimen>
    <dimen name="x825">1145.83dp</dimen>
    <dimen name="x826">1147.22dp</dimen>
    <dimen name="x827">1148.61dp</dimen>
    <dimen name="x828">1150.00dp</dimen>
    <dimen name="x829">1151.39dp</dimen>
    <dimen name="x830">1152.78dp</dimen>
    <dimen name="x831">1154.17dp</dimen>
    <dimen name="x832">1155.56dp</dimen>
    <dimen name="x833">1156.94dp</dimen>
    <dimen name="x834">1158.33dp</dimen>
    <dimen name="x835">1159.72dp</dimen>
    <dimen name="x836">1161.11dp</dimen>
    <dimen name="x837">1162.50dp</dimen>
    <dimen name="x838">1163.89dp</dimen>
    <dimen name="x839">1165.28dp</dimen>
    <dimen name="x840">1166.67dp</dimen>
    <dimen name="x841">1168.06dp</dimen>
    <dimen name="x842">1169.44dp</dimen>
    <dimen name="x843">1170.83dp</dimen>
    <dimen name="x844">1172.22dp</dimen>
    <dimen name="x845">1173.61dp</dimen>
    <dimen name="x846">1175.00dp</dimen>
    <dimen name="x847">1176.39dp</dimen>
    <dimen name="x848">1177.78dp</dimen>
    <dimen name="x849">1179.17dp</dimen>
    <dimen name="x850">1180.56dp</dimen>
    <dimen name="x851">1181.94dp</dimen>
    <dimen name="x852">1183.33dp</dimen>
    <dimen name="x853">1184.72dp</dimen>
    <dimen name="x854">1186.11dp</dimen>
    <dimen name="x855">1187.50dp</dimen>
    <dimen name="x856">1188.89dp</dimen>
    <dimen name="x857">1190.28dp</dimen>
    <dimen name="x858">1191.67dp</dimen>
    <dimen name="x859">1193.06dp</dimen>
    <dimen name="x860">1194.44dp</dimen>
    <dimen name="x861">1195.83dp</dimen>
    <dimen name="x862">1197.22dp</dimen>
    <dimen name="x863">1198.61dp</dimen>
    <dimen name="x864">1200.00dp</dimen>
    <dimen name="x865">1201.39dp</dimen>
    <dimen name="x866">1202.78dp</dimen>
    <dimen name="x867">1204.17dp</dimen>
    <dimen name="x868">1205.56dp</dimen>
    <dimen name="x869">1206.94dp</dimen>
    <dimen name="x870">1208.33dp</dimen>
    <dimen name="x871">1209.72dp</dimen>
    <dimen name="x872">1211.11dp</dimen>
    <dimen name="x873">1212.50dp</dimen>
    <dimen name="x874">1213.89dp</dimen>
    <dimen name="x875">1215.28dp</dimen>
    <dimen name="x876">1216.67dp</dimen>
    <dimen name="x877">1218.06dp</dimen>
    <dimen name="x878">1219.44dp</dimen>
    <dimen name="x879">1220.83dp</dimen>
    <dimen name="x880">1222.22dp</dimen>
    <dimen name="x881">1223.61dp</dimen>
    <dimen name="x882">1225.00dp</dimen>
    <dimen name="x883">1226.39dp</dimen>
    <dimen name="x884">1227.78dp</dimen>
    <dimen name="x885">1229.17dp</dimen>
    <dimen name="x886">1230.56dp</dimen>
    <dimen name="x887">1231.94dp</dimen>
    <dimen name="x888">1233.33dp</dimen>
    <dimen name="x889">1234.72dp</dimen>
    <dimen name="x890">1236.11dp</dimen>
    <dimen name="x891">1237.50dp</dimen>
    <dimen name="x892">1238.89dp</dimen>
    <dimen name="x893">1240.28dp</dimen>
    <dimen name="x894">1241.67dp</dimen>
    <dimen name="x895">1243.06dp</dimen>
    <dimen name="x896">1244.44dp</dimen>
    <dimen name="x897">1245.83dp</dimen>
    <dimen name="x898">1247.22dp</dimen>
    <dimen name="x899">1248.61dp</dimen>
    <dimen name="x900">1250.00dp</dimen>
    <dimen name="x901">1251.39dp</dimen>
    <dimen name="x902">1252.78dp</dimen>
    <dimen name="x903">1254.17dp</dimen>
    <dimen name="x904">1255.56dp</dimen>
    <dimen name="x905">1256.94dp</dimen>
    <dimen name="x906">1258.33dp</dimen>
    <dimen name="x907">1259.72dp</dimen>
    <dimen name="x908">1261.11dp</dimen>
    <dimen name="x909">1262.50dp</dimen>
    <dimen name="x910">1263.89dp</dimen>
    <dimen name="x911">1265.28dp</dimen>
    <dimen name="x912">1266.67dp</dimen>
    <dimen name="x913">1268.06dp</dimen>
    <dimen name="x914">1269.44dp</dimen>
    <dimen name="x915">1270.83dp</dimen>
    <dimen name="x916">1272.22dp</dimen>
    <dimen name="x917">1273.61dp</dimen>
    <dimen name="x918">1275.00dp</dimen>
    <dimen name="x919">1276.39dp</dimen>
    <dimen name="x920">1277.78dp</dimen>
    <dimen name="x921">1279.17dp</dimen>
    <dimen name="x922">1280.56dp</dimen>
    <dimen name="x923">1281.94dp</dimen>
    <dimen name="x924">1283.33dp</dimen>
    <dimen name="x925">1284.72dp</dimen>
    <dimen name="x926">1286.11dp</dimen>
    <dimen name="x927">1287.50dp</dimen>
    <dimen name="x928">1288.89dp</dimen>
    <dimen name="x929">1290.28dp</dimen>
    <dimen name="x930">1291.67dp</dimen>
    <dimen name="x931">1293.06dp</dimen>
    <dimen name="x932">1294.44dp</dimen>
    <dimen name="x933">1295.83dp</dimen>
    <dimen name="x934">1297.22dp</dimen>
    <dimen name="x935">1298.61dp</dimen>
    <dimen name="x936">1300.00dp</dimen>
    <dimen name="x937">1301.39dp</dimen>
    <dimen name="x938">1302.78dp</dimen>
    <dimen name="x939">1304.17dp</dimen>
    <dimen name="x940">1305.56dp</dimen>
    <dimen name="x941">1306.94dp</dimen>
    <dimen name="x942">1308.33dp</dimen>
    <dimen name="x943">1309.72dp</dimen>
    <dimen name="x944">1311.11dp</dimen>
    <dimen name="x945">1312.50dp</dimen>
    <dimen name="x946">1313.89dp</dimen>
    <dimen name="x947">1315.28dp</dimen>
    <dimen name="x948">1316.67dp</dimen>
    <dimen name="x949">1318.06dp</dimen>
    <dimen name="x950">1319.44dp</dimen>
    <dimen name="x951">1320.83dp</dimen>
    <dimen name="x952">1322.22dp</dimen>
    <dimen name="x953">1323.61dp</dimen>
    <dimen name="x954">1325.00dp</dimen>
    <dimen name="x955">1326.39dp</dimen>
    <dimen name="x956">1327.78dp</dimen>
    <dimen name="x957">1329.17dp</dimen>
    <dimen name="x958">1330.56dp</dimen>
    <dimen name="x959">1331.94dp</dimen>
    <dimen name="x960">1333.33dp</dimen>
    <dimen name="x961">1334.72dp</dimen>
    <dimen name="x962">1336.11dp</dimen>
    <dimen name="x963">1337.50dp</dimen>
    <dimen name="x964">1338.89dp</dimen>
    <dimen name="x965">1340.28dp</dimen>
    <dimen name="x966">1341.67dp</dimen>
    <dimen name="x967">1343.06dp</dimen>
    <dimen name="x968">1344.44dp</dimen>
    <dimen name="x969">1345.83dp</dimen>
    <dimen name="x970">1347.22dp</dimen>
    <dimen name="x971">1348.61dp</dimen>
    <dimen name="x972">1350.00dp</dimen>
    <dimen name="x973">1351.39dp</dimen>
    <dimen name="x974">1352.78dp</dimen>
    <dimen name="x975">1354.17dp</dimen>
    <dimen name="x976">1355.56dp</dimen>
    <dimen name="x977">1356.94dp</dimen>
    <dimen name="x978">1358.33dp</dimen>
    <dimen name="x979">1359.72dp</dimen>
    <dimen name="x980">1361.11dp</dimen>
    <dimen name="x981">1362.50dp</dimen>
    <dimen name="x982">1363.89dp</dimen>
    <dimen name="x983">1365.28dp</dimen>
    <dimen name="x984">1366.67dp</dimen>
    <dimen name="x985">1368.06dp</dimen>
    <dimen name="x986">1369.44dp</dimen>
    <dimen name="x987">1370.83dp</dimen>
    <dimen name="x988">1372.22dp</dimen>
    <dimen name="x989">1373.61dp</dimen>
    <dimen name="x990">1375.00dp</dimen>
    <dimen name="x991">1376.39dp</dimen>
    <dimen name="x992">1377.78dp</dimen>
    <dimen name="x993">1379.17dp</dimen>
    <dimen name="x994">1380.56dp</dimen>
    <dimen name="x995">1381.94dp</dimen>
    <dimen name="x996">1383.33dp</dimen>
    <dimen name="x997">1384.72dp</dimen>
    <dimen name="x998">1386.11dp</dimen>
    <dimen name="x999">1387.50dp</dimen>
    <dimen name="x1000">1388.89dp</dimen>
    <dimen name="x1001">1390.28dp</dimen>
    <dimen name="x1002">1391.67dp</dimen>
    <dimen name="x1003">1393.06dp</dimen>
    <dimen name="x1004">1394.44dp</dimen>
    <dimen name="x1005">1395.83dp</dimen>
    <dimen name="x1006">1397.22dp</dimen>
    <dimen name="x1007">1398.61dp</dimen>
    <dimen name="x1008">1400.00dp</dimen>
    <dimen name="x1009">1401.39dp</dimen>
    <dimen name="x1010">1402.78dp</dimen>
    <dimen name="x1011">1404.17dp</dimen>
    <dimen name="x1012">1405.56dp</dimen>
    <dimen name="x1013">1406.94dp</dimen>
    <dimen name="x1014">1408.33dp</dimen>
    <dimen name="x1015">1409.72dp</dimen>
    <dimen name="x1016">1411.11dp</dimen>
    <dimen name="x1017">1412.50dp</dimen>
    <dimen name="x1018">1413.89dp</dimen>
    <dimen name="x1019">1415.28dp</dimen>
    <dimen name="x1020">1416.67dp</dimen>
    <dimen name="x1021">1418.06dp</dimen>
    <dimen name="x1022">1419.44dp</dimen>
    <dimen name="x1023">1420.83dp</dimen>
    <dimen name="x1024">1422.22dp</dimen>
    <dimen name="x1025">1423.61dp</dimen>
    <dimen name="x1026">1425.00dp</dimen>
    <dimen name="x1027">1426.39dp</dimen>
    <dimen name="x1028">1427.78dp</dimen>
    <dimen name="x1029">1429.17dp</dimen>
    <dimen name="x1030">1430.56dp</dimen>
    <dimen name="x1031">1431.94dp</dimen>
    <dimen name="x1032">1433.33dp</dimen>
    <dimen name="x1033">1434.72dp</dimen>
    <dimen name="x1034">1436.11dp</dimen>
    <dimen name="x1035">1437.50dp</dimen>
    <dimen name="x1036">1438.89dp</dimen>
    <dimen name="x1037">1440.28dp</dimen>
    <dimen name="x1038">1441.67dp</dimen>
    <dimen name="x1039">1443.06dp</dimen>
    <dimen name="x1040">1444.44dp</dimen>
    <dimen name="x1041">1445.83dp</dimen>
    <dimen name="x1042">1447.22dp</dimen>
    <dimen name="x1043">1448.61dp</dimen>
    <dimen name="x1044">1450.00dp</dimen>
    <dimen name="x1045">1451.39dp</dimen>
    <dimen name="x1046">1452.78dp</dimen>
    <dimen name="x1047">1454.17dp</dimen>
    <dimen name="x1048">1455.56dp</dimen>
    <dimen name="x1049">1456.94dp</dimen>
    <dimen name="x1050">1458.33dp</dimen>
    <dimen name="x1051">1459.72dp</dimen>
    <dimen name="x1052">1461.11dp</dimen>
    <dimen name="x1053">1462.50dp</dimen>
    <dimen name="x1054">1463.89dp</dimen>
    <dimen name="x1055">1465.28dp</dimen>
    <dimen name="x1056">1466.67dp</dimen>
    <dimen name="x1057">1468.06dp</dimen>
    <dimen name="x1058">1469.44dp</dimen>
    <dimen name="x1059">1470.83dp</dimen>
    <dimen name="x1060">1472.22dp</dimen>
    <dimen name="x1061">1473.61dp</dimen>
    <dimen name="x1062">1475.00dp</dimen>
    <dimen name="x1063">1476.39dp</dimen>
    <dimen name="x1064">1477.78dp</dimen>
    <dimen name="x1065">1479.17dp</dimen>
    <dimen name="x1066">1480.56dp</dimen>
    <dimen name="x1067">1481.94dp</dimen>
    <dimen name="x1068">1483.33dp</dimen>
    <dimen name="x1069">1484.72dp</dimen>
    <dimen name="x1070">1486.11dp</dimen>
    <dimen name="x1071">1487.50dp</dimen>
    <dimen name="x1072">1488.89dp</dimen>
    <dimen name="x1073">1490.28dp</dimen>
    <dimen name="x1074">1491.67dp</dimen>
    <dimen name="x1075">1493.06dp</dimen>
    <dimen name="x1076">1494.44dp</dimen>
    <dimen name="x1077">1495.83dp</dimen>
    <dimen name="x1078">1497.22dp</dimen>
    <dimen name="x1079">1498.61dp</dimen>
    <dimen name="x1080">1500.00dp</dimen>
</resources>