<?xml version="1.0" encoding="utf-8"?>
<resources>
    <string name="sw_dp">1070dp</string>
    <dimen name="x1">0.99dp</dimen>
    <dimen name="x2">1.98dp</dimen>
    <dimen name="x3">2.97dp</dimen>
    <dimen name="x4">3.96dp</dimen>
    <dimen name="x5">4.95dp</dimen>
    <dimen name="x6">5.94dp</dimen>
    <dimen name="x7">6.94dp</dimen>
    <dimen name="x8">7.93dp</dimen>
    <dimen name="x9">8.92dp</dimen>
    <dimen name="x10">9.91dp</dimen>
    <dimen name="x11">10.90dp</dimen>
    <dimen name="x12">11.89dp</dimen>
    <dimen name="x13">12.88dp</dimen>
    <dimen name="x14">13.87dp</dimen>
    <dimen name="x15">14.86dp</dimen>
    <dimen name="x16">15.85dp</dimen>
    <dimen name="x17">16.84dp</dimen>
    <dimen name="x18">17.83dp</dimen>
    <dimen name="x19">18.82dp</dimen>
    <dimen name="x20">19.81dp</dimen>
    <dimen name="x21">20.81dp</dimen>
    <dimen name="x22">21.80dp</dimen>
    <dimen name="x23">22.79dp</dimen>
    <dimen name="x24">23.78dp</dimen>
    <dimen name="x25">24.77dp</dimen>
    <dimen name="x26">25.76dp</dimen>
    <dimen name="x27">26.75dp</dimen>
    <dimen name="x28">27.74dp</dimen>
    <dimen name="x29">28.73dp</dimen>
    <dimen name="x30">29.72dp</dimen>
    <dimen name="x31">30.71dp</dimen>
    <dimen name="x32">31.70dp</dimen>
    <dimen name="x33">32.69dp</dimen>
    <dimen name="x34">33.69dp</dimen>
    <dimen name="x35">34.68dp</dimen>
    <dimen name="x36">35.67dp</dimen>
    <dimen name="x37">36.66dp</dimen>
    <dimen name="x38">37.65dp</dimen>
    <dimen name="x39">38.64dp</dimen>
    <dimen name="x40">39.63dp</dimen>
    <dimen name="x41">40.62dp</dimen>
    <dimen name="x42">41.61dp</dimen>
    <dimen name="x43">42.60dp</dimen>
    <dimen name="x44">43.59dp</dimen>
    <dimen name="x45">44.58dp</dimen>
    <dimen name="x46">45.57dp</dimen>
    <dimen name="x47">46.56dp</dimen>
    <dimen name="x48">47.56dp</dimen>
    <dimen name="x49">48.55dp</dimen>
    <dimen name="x50">49.54dp</dimen>
    <dimen name="x51">50.53dp</dimen>
    <dimen name="x52">51.52dp</dimen>
    <dimen name="x53">52.51dp</dimen>
    <dimen name="x54">53.50dp</dimen>
    <dimen name="x55">54.49dp</dimen>
    <dimen name="x56">55.48dp</dimen>
    <dimen name="x57">56.47dp</dimen>
    <dimen name="x58">57.46dp</dimen>
    <dimen name="x59">58.45dp</dimen>
    <dimen name="x60">59.44dp</dimen>
    <dimen name="x61">60.44dp</dimen>
    <dimen name="x62">61.43dp</dimen>
    <dimen name="x63">62.42dp</dimen>
    <dimen name="x64">63.41dp</dimen>
    <dimen name="x65">64.40dp</dimen>
    <dimen name="x66">65.39dp</dimen>
    <dimen name="x67">66.38dp</dimen>
    <dimen name="x68">67.37dp</dimen>
    <dimen name="x69">68.36dp</dimen>
    <dimen name="x70">69.35dp</dimen>
    <dimen name="x71">70.34dp</dimen>
    <dimen name="x72">71.33dp</dimen>
    <dimen name="x73">72.32dp</dimen>
    <dimen name="x74">73.31dp</dimen>
    <dimen name="x75">74.31dp</dimen>
    <dimen name="x76">75.30dp</dimen>
    <dimen name="x77">76.29dp</dimen>
    <dimen name="x78">77.28dp</dimen>
    <dimen name="x79">78.27dp</dimen>
    <dimen name="x80">79.26dp</dimen>
    <dimen name="x81">80.25dp</dimen>
    <dimen name="x82">81.24dp</dimen>
    <dimen name="x83">82.23dp</dimen>
    <dimen name="x84">83.22dp</dimen>
    <dimen name="x85">84.21dp</dimen>
    <dimen name="x86">85.20dp</dimen>
    <dimen name="x87">86.19dp</dimen>
    <dimen name="x88">87.19dp</dimen>
    <dimen name="x89">88.18dp</dimen>
    <dimen name="x90">89.17dp</dimen>
    <dimen name="x91">90.16dp</dimen>
    <dimen name="x92">91.15dp</dimen>
    <dimen name="x93">92.14dp</dimen>
    <dimen name="x94">93.13dp</dimen>
    <dimen name="x95">94.12dp</dimen>
    <dimen name="x96">95.11dp</dimen>
    <dimen name="x97">96.10dp</dimen>
    <dimen name="x98">97.09dp</dimen>
    <dimen name="x99">98.08dp</dimen>
    <dimen name="x100">99.07dp</dimen>
    <dimen name="x101">100.06dp</dimen>
    <dimen name="x102">101.06dp</dimen>
    <dimen name="x103">102.05dp</dimen>
    <dimen name="x104">103.04dp</dimen>
    <dimen name="x105">104.03dp</dimen>
    <dimen name="x106">105.02dp</dimen>
    <dimen name="x107">106.01dp</dimen>
    <dimen name="x108">107.00dp</dimen>
    <dimen name="x109">107.99dp</dimen>
    <dimen name="x110">108.98dp</dimen>
    <dimen name="x111">109.97dp</dimen>
    <dimen name="x112">110.96dp</dimen>
    <dimen name="x113">111.95dp</dimen>
    <dimen name="x114">112.94dp</dimen>
    <dimen name="x115">113.94dp</dimen>
    <dimen name="x116">114.93dp</dimen>
    <dimen name="x117">115.92dp</dimen>
    <dimen name="x118">116.91dp</dimen>
    <dimen name="x119">117.90dp</dimen>
    <dimen name="x120">118.89dp</dimen>
    <dimen name="x121">119.88dp</dimen>
    <dimen name="x122">120.87dp</dimen>
    <dimen name="x123">121.86dp</dimen>
    <dimen name="x124">122.85dp</dimen>
    <dimen name="x125">123.84dp</dimen>
    <dimen name="x126">124.83dp</dimen>
    <dimen name="x127">125.82dp</dimen>
    <dimen name="x128">126.81dp</dimen>
    <dimen name="x129">127.81dp</dimen>
    <dimen name="x130">128.80dp</dimen>
    <dimen name="x131">129.79dp</dimen>
    <dimen name="x132">130.78dp</dimen>
    <dimen name="x133">131.77dp</dimen>
    <dimen name="x134">132.76dp</dimen>
    <dimen name="x135">133.75dp</dimen>
    <dimen name="x136">134.74dp</dimen>
    <dimen name="x137">135.73dp</dimen>
    <dimen name="x138">136.72dp</dimen>
    <dimen name="x139">137.71dp</dimen>
    <dimen name="x140">138.70dp</dimen>
    <dimen name="x141">139.69dp</dimen>
    <dimen name="x142">140.69dp</dimen>
    <dimen name="x143">141.68dp</dimen>
    <dimen name="x144">142.67dp</dimen>
    <dimen name="x145">143.66dp</dimen>
    <dimen name="x146">144.65dp</dimen>
    <dimen name="x147">145.64dp</dimen>
    <dimen name="x148">146.63dp</dimen>
    <dimen name="x149">147.62dp</dimen>
    <dimen name="x150">148.61dp</dimen>
    <dimen name="x151">149.60dp</dimen>
    <dimen name="x152">150.59dp</dimen>
    <dimen name="x153">151.58dp</dimen>
    <dimen name="x154">152.57dp</dimen>
    <dimen name="x155">153.56dp</dimen>
    <dimen name="x156">154.56dp</dimen>
    <dimen name="x157">155.55dp</dimen>
    <dimen name="x158">156.54dp</dimen>
    <dimen name="x159">157.53dp</dimen>
    <dimen name="x160">158.52dp</dimen>
    <dimen name="x161">159.51dp</dimen>
    <dimen name="x162">160.50dp</dimen>
    <dimen name="x163">161.49dp</dimen>
    <dimen name="x164">162.48dp</dimen>
    <dimen name="x165">163.47dp</dimen>
    <dimen name="x166">164.46dp</dimen>
    <dimen name="x167">165.45dp</dimen>
    <dimen name="x168">166.44dp</dimen>
    <dimen name="x169">167.44dp</dimen>
    <dimen name="x170">168.43dp</dimen>
    <dimen name="x171">169.42dp</dimen>
    <dimen name="x172">170.41dp</dimen>
    <dimen name="x173">171.40dp</dimen>
    <dimen name="x174">172.39dp</dimen>
    <dimen name="x175">173.38dp</dimen>
    <dimen name="x176">174.37dp</dimen>
    <dimen name="x177">175.36dp</dimen>
    <dimen name="x178">176.35dp</dimen>
    <dimen name="x179">177.34dp</dimen>
    <dimen name="x180">178.33dp</dimen>
    <dimen name="x181">179.32dp</dimen>
    <dimen name="x182">180.31dp</dimen>
    <dimen name="x183">181.31dp</dimen>
    <dimen name="x184">182.30dp</dimen>
    <dimen name="x185">183.29dp</dimen>
    <dimen name="x186">184.28dp</dimen>
    <dimen name="x187">185.27dp</dimen>
    <dimen name="x188">186.26dp</dimen>
    <dimen name="x189">187.25dp</dimen>
    <dimen name="x190">188.24dp</dimen>
    <dimen name="x191">189.23dp</dimen>
    <dimen name="x192">190.22dp</dimen>
    <dimen name="x193">191.21dp</dimen>
    <dimen name="x194">192.20dp</dimen>
    <dimen name="x195">193.19dp</dimen>
    <dimen name="x196">194.19dp</dimen>
    <dimen name="x197">195.18dp</dimen>
    <dimen name="x198">196.17dp</dimen>
    <dimen name="x199">197.16dp</dimen>
    <dimen name="x200">198.15dp</dimen>
    <dimen name="x201">199.14dp</dimen>
    <dimen name="x202">200.13dp</dimen>
    <dimen name="x203">201.12dp</dimen>
    <dimen name="x204">202.11dp</dimen>
    <dimen name="x205">203.10dp</dimen>
    <dimen name="x206">204.09dp</dimen>
    <dimen name="x207">205.08dp</dimen>
    <dimen name="x208">206.07dp</dimen>
    <dimen name="x209">207.06dp</dimen>
    <dimen name="x210">208.06dp</dimen>
    <dimen name="x211">209.05dp</dimen>
    <dimen name="x212">210.04dp</dimen>
    <dimen name="x213">211.03dp</dimen>
    <dimen name="x214">212.02dp</dimen>
    <dimen name="x215">213.01dp</dimen>
    <dimen name="x216">214.00dp</dimen>
    <dimen name="x217">214.99dp</dimen>
    <dimen name="x218">215.98dp</dimen>
    <dimen name="x219">216.97dp</dimen>
    <dimen name="x220">217.96dp</dimen>
    <dimen name="x221">218.95dp</dimen>
    <dimen name="x222">219.94dp</dimen>
    <dimen name="x223">220.94dp</dimen>
    <dimen name="x224">221.93dp</dimen>
    <dimen name="x225">222.92dp</dimen>
    <dimen name="x226">223.91dp</dimen>
    <dimen name="x227">224.90dp</dimen>
    <dimen name="x228">225.89dp</dimen>
    <dimen name="x229">226.88dp</dimen>
    <dimen name="x230">227.87dp</dimen>
    <dimen name="x231">228.86dp</dimen>
    <dimen name="x232">229.85dp</dimen>
    <dimen name="x233">230.84dp</dimen>
    <dimen name="x234">231.83dp</dimen>
    <dimen name="x235">232.82dp</dimen>
    <dimen name="x236">233.81dp</dimen>
    <dimen name="x237">234.81dp</dimen>
    <dimen name="x238">235.80dp</dimen>
    <dimen name="x239">236.79dp</dimen>
    <dimen name="x240">237.78dp</dimen>
    <dimen name="x241">238.77dp</dimen>
    <dimen name="x242">239.76dp</dimen>
    <dimen name="x243">240.75dp</dimen>
    <dimen name="x244">241.74dp</dimen>
    <dimen name="x245">242.73dp</dimen>
    <dimen name="x246">243.72dp</dimen>
    <dimen name="x247">244.71dp</dimen>
    <dimen name="x248">245.70dp</dimen>
    <dimen name="x249">246.69dp</dimen>
    <dimen name="x250">247.69dp</dimen>
    <dimen name="x251">248.68dp</dimen>
    <dimen name="x252">249.67dp</dimen>
    <dimen name="x253">250.66dp</dimen>
    <dimen name="x254">251.65dp</dimen>
    <dimen name="x255">252.64dp</dimen>
    <dimen name="x256">253.63dp</dimen>
    <dimen name="x257">254.62dp</dimen>
    <dimen name="x258">255.61dp</dimen>
    <dimen name="x259">256.60dp</dimen>
    <dimen name="x260">257.59dp</dimen>
    <dimen name="x261">258.58dp</dimen>
    <dimen name="x262">259.57dp</dimen>
    <dimen name="x263">260.56dp</dimen>
    <dimen name="x264">261.56dp</dimen>
    <dimen name="x265">262.55dp</dimen>
    <dimen name="x266">263.54dp</dimen>
    <dimen name="x267">264.53dp</dimen>
    <dimen name="x268">265.52dp</dimen>
    <dimen name="x269">266.51dp</dimen>
    <dimen name="x270">267.50dp</dimen>
    <dimen name="x271">268.49dp</dimen>
    <dimen name="x272">269.48dp</dimen>
    <dimen name="x273">270.47dp</dimen>
    <dimen name="x274">271.46dp</dimen>
    <dimen name="x275">272.45dp</dimen>
    <dimen name="x276">273.44dp</dimen>
    <dimen name="x277">274.44dp</dimen>
    <dimen name="x278">275.43dp</dimen>
    <dimen name="x279">276.42dp</dimen>
    <dimen name="x280">277.41dp</dimen>
    <dimen name="x281">278.40dp</dimen>
    <dimen name="x282">279.39dp</dimen>
    <dimen name="x283">280.38dp</dimen>
    <dimen name="x284">281.37dp</dimen>
    <dimen name="x285">282.36dp</dimen>
    <dimen name="x286">283.35dp</dimen>
    <dimen name="x287">284.34dp</dimen>
    <dimen name="x288">285.33dp</dimen>
    <dimen name="x289">286.32dp</dimen>
    <dimen name="x290">287.31dp</dimen>
    <dimen name="x291">288.31dp</dimen>
    <dimen name="x292">289.30dp</dimen>
    <dimen name="x293">290.29dp</dimen>
    <dimen name="x294">291.28dp</dimen>
    <dimen name="x295">292.27dp</dimen>
    <dimen name="x296">293.26dp</dimen>
    <dimen name="x297">294.25dp</dimen>
    <dimen name="x298">295.24dp</dimen>
    <dimen name="x299">296.23dp</dimen>
    <dimen name="x300">297.22dp</dimen>
    <dimen name="x301">298.21dp</dimen>
    <dimen name="x302">299.20dp</dimen>
    <dimen name="x303">300.19dp</dimen>
    <dimen name="x304">301.19dp</dimen>
    <dimen name="x305">302.18dp</dimen>
    <dimen name="x306">303.17dp</dimen>
    <dimen name="x307">304.16dp</dimen>
    <dimen name="x308">305.15dp</dimen>
    <dimen name="x309">306.14dp</dimen>
    <dimen name="x310">307.13dp</dimen>
    <dimen name="x311">308.12dp</dimen>
    <dimen name="x312">309.11dp</dimen>
    <dimen name="x313">310.10dp</dimen>
    <dimen name="x314">311.09dp</dimen>
    <dimen name="x315">312.08dp</dimen>
    <dimen name="x316">313.07dp</dimen>
    <dimen name="x317">314.06dp</dimen>
    <dimen name="x318">315.06dp</dimen>
    <dimen name="x319">316.05dp</dimen>
    <dimen name="x320">317.04dp</dimen>
    <dimen name="x321">318.03dp</dimen>
    <dimen name="x322">319.02dp</dimen>
    <dimen name="x323">320.01dp</dimen>
    <dimen name="x324">321.00dp</dimen>
    <dimen name="x325">321.99dp</dimen>
    <dimen name="x326">322.98dp</dimen>
    <dimen name="x327">323.97dp</dimen>
    <dimen name="x328">324.96dp</dimen>
    <dimen name="x329">325.95dp</dimen>
    <dimen name="x330">326.94dp</dimen>
    <dimen name="x331">327.94dp</dimen>
    <dimen name="x332">328.93dp</dimen>
    <dimen name="x333">329.92dp</dimen>
    <dimen name="x334">330.91dp</dimen>
    <dimen name="x335">331.90dp</dimen>
    <dimen name="x336">332.89dp</dimen>
    <dimen name="x337">333.88dp</dimen>
    <dimen name="x338">334.87dp</dimen>
    <dimen name="x339">335.86dp</dimen>
    <dimen name="x340">336.85dp</dimen>
    <dimen name="x341">337.84dp</dimen>
    <dimen name="x342">338.83dp</dimen>
    <dimen name="x343">339.82dp</dimen>
    <dimen name="x344">340.81dp</dimen>
    <dimen name="x345">341.81dp</dimen>
    <dimen name="x346">342.80dp</dimen>
    <dimen name="x347">343.79dp</dimen>
    <dimen name="x348">344.78dp</dimen>
    <dimen name="x349">345.77dp</dimen>
    <dimen name="x350">346.76dp</dimen>
    <dimen name="x351">347.75dp</dimen>
    <dimen name="x352">348.74dp</dimen>
    <dimen name="x353">349.73dp</dimen>
    <dimen name="x354">350.72dp</dimen>
    <dimen name="x355">351.71dp</dimen>
    <dimen name="x356">352.70dp</dimen>
    <dimen name="x357">353.69dp</dimen>
    <dimen name="x358">354.69dp</dimen>
    <dimen name="x359">355.68dp</dimen>
    <dimen name="x360">356.67dp</dimen>
    <dimen name="x361">357.66dp</dimen>
    <dimen name="x362">358.65dp</dimen>
    <dimen name="x363">359.64dp</dimen>
    <dimen name="x364">360.63dp</dimen>
    <dimen name="x365">361.62dp</dimen>
    <dimen name="x366">362.61dp</dimen>
    <dimen name="x367">363.60dp</dimen>
    <dimen name="x368">364.59dp</dimen>
    <dimen name="x369">365.58dp</dimen>
    <dimen name="x370">366.57dp</dimen>
    <dimen name="x371">367.56dp</dimen>
    <dimen name="x372">368.56dp</dimen>
    <dimen name="x373">369.55dp</dimen>
    <dimen name="x374">370.54dp</dimen>
    <dimen name="x375">371.53dp</dimen>
    <dimen name="x376">372.52dp</dimen>
    <dimen name="x377">373.51dp</dimen>
    <dimen name="x378">374.50dp</dimen>
    <dimen name="x379">375.49dp</dimen>
    <dimen name="x380">376.48dp</dimen>
    <dimen name="x381">377.47dp</dimen>
    <dimen name="x382">378.46dp</dimen>
    <dimen name="x383">379.45dp</dimen>
    <dimen name="x384">380.44dp</dimen>
    <dimen name="x385">381.44dp</dimen>
    <dimen name="x386">382.43dp</dimen>
    <dimen name="x387">383.42dp</dimen>
    <dimen name="x388">384.41dp</dimen>
    <dimen name="x389">385.40dp</dimen>
    <dimen name="x390">386.39dp</dimen>
    <dimen name="x391">387.38dp</dimen>
    <dimen name="x392">388.37dp</dimen>
    <dimen name="x393">389.36dp</dimen>
    <dimen name="x394">390.35dp</dimen>
    <dimen name="x395">391.34dp</dimen>
    <dimen name="x396">392.33dp</dimen>
    <dimen name="x397">393.32dp</dimen>
    <dimen name="x398">394.31dp</dimen>
    <dimen name="x399">395.31dp</dimen>
    <dimen name="x400">396.30dp</dimen>
    <dimen name="x401">397.29dp</dimen>
    <dimen name="x402">398.28dp</dimen>
    <dimen name="x403">399.27dp</dimen>
    <dimen name="x404">400.26dp</dimen>
    <dimen name="x405">401.25dp</dimen>
    <dimen name="x406">402.24dp</dimen>
    <dimen name="x407">403.23dp</dimen>
    <dimen name="x408">404.22dp</dimen>
    <dimen name="x409">405.21dp</dimen>
    <dimen name="x410">406.20dp</dimen>
    <dimen name="x411">407.19dp</dimen>
    <dimen name="x412">408.19dp</dimen>
    <dimen name="x413">409.18dp</dimen>
    <dimen name="x414">410.17dp</dimen>
    <dimen name="x415">411.16dp</dimen>
    <dimen name="x416">412.15dp</dimen>
    <dimen name="x417">413.14dp</dimen>
    <dimen name="x418">414.13dp</dimen>
    <dimen name="x419">415.12dp</dimen>
    <dimen name="x420">416.11dp</dimen>
    <dimen name="x421">417.10dp</dimen>
    <dimen name="x422">418.09dp</dimen>
    <dimen name="x423">419.08dp</dimen>
    <dimen name="x424">420.07dp</dimen>
    <dimen name="x425">421.06dp</dimen>
    <dimen name="x426">422.06dp</dimen>
    <dimen name="x427">423.05dp</dimen>
    <dimen name="x428">424.04dp</dimen>
    <dimen name="x429">425.03dp</dimen>
    <dimen name="x430">426.02dp</dimen>
    <dimen name="x431">427.01dp</dimen>
    <dimen name="x432">428.00dp</dimen>
    <dimen name="x433">428.99dp</dimen>
    <dimen name="x434">429.98dp</dimen>
    <dimen name="x435">430.97dp</dimen>
    <dimen name="x436">431.96dp</dimen>
    <dimen name="x437">432.95dp</dimen>
    <dimen name="x438">433.94dp</dimen>
    <dimen name="x439">434.94dp</dimen>
    <dimen name="x440">435.93dp</dimen>
    <dimen name="x441">436.92dp</dimen>
    <dimen name="x442">437.91dp</dimen>
    <dimen name="x443">438.90dp</dimen>
    <dimen name="x444">439.89dp</dimen>
    <dimen name="x445">440.88dp</dimen>
    <dimen name="x446">441.87dp</dimen>
    <dimen name="x447">442.86dp</dimen>
    <dimen name="x448">443.85dp</dimen>
    <dimen name="x449">444.84dp</dimen>
    <dimen name="x450">445.83dp</dimen>
    <dimen name="x451">446.82dp</dimen>
    <dimen name="x452">447.81dp</dimen>
    <dimen name="x453">448.81dp</dimen>
    <dimen name="x454">449.80dp</dimen>
    <dimen name="x455">450.79dp</dimen>
    <dimen name="x456">451.78dp</dimen>
    <dimen name="x457">452.77dp</dimen>
    <dimen name="x458">453.76dp</dimen>
    <dimen name="x459">454.75dp</dimen>
    <dimen name="x460">455.74dp</dimen>
    <dimen name="x461">456.73dp</dimen>
    <dimen name="x462">457.72dp</dimen>
    <dimen name="x463">458.71dp</dimen>
    <dimen name="x464">459.70dp</dimen>
    <dimen name="x465">460.69dp</dimen>
    <dimen name="x466">461.69dp</dimen>
    <dimen name="x467">462.68dp</dimen>
    <dimen name="x468">463.67dp</dimen>
    <dimen name="x469">464.66dp</dimen>
    <dimen name="x470">465.65dp</dimen>
    <dimen name="x471">466.64dp</dimen>
    <dimen name="x472">467.63dp</dimen>
    <dimen name="x473">468.62dp</dimen>
    <dimen name="x474">469.61dp</dimen>
    <dimen name="x475">470.60dp</dimen>
    <dimen name="x476">471.59dp</dimen>
    <dimen name="x477">472.58dp</dimen>
    <dimen name="x478">473.57dp</dimen>
    <dimen name="x479">474.56dp</dimen>
    <dimen name="x480">475.56dp</dimen>
    <dimen name="x481">476.55dp</dimen>
    <dimen name="x482">477.54dp</dimen>
    <dimen name="x483">478.53dp</dimen>
    <dimen name="x484">479.52dp</dimen>
    <dimen name="x485">480.51dp</dimen>
    <dimen name="x486">481.50dp</dimen>
    <dimen name="x487">482.49dp</dimen>
    <dimen name="x488">483.48dp</dimen>
    <dimen name="x489">484.47dp</dimen>
    <dimen name="x490">485.46dp</dimen>
    <dimen name="x491">486.45dp</dimen>
    <dimen name="x492">487.44dp</dimen>
    <dimen name="x493">488.44dp</dimen>
    <dimen name="x494">489.43dp</dimen>
    <dimen name="x495">490.42dp</dimen>
    <dimen name="x496">491.41dp</dimen>
    <dimen name="x497">492.40dp</dimen>
    <dimen name="x498">493.39dp</dimen>
    <dimen name="x499">494.38dp</dimen>
    <dimen name="x500">495.37dp</dimen>
    <dimen name="x501">496.36dp</dimen>
    <dimen name="x502">497.35dp</dimen>
    <dimen name="x503">498.34dp</dimen>
    <dimen name="x504">499.33dp</dimen>
    <dimen name="x505">500.32dp</dimen>
    <dimen name="x506">501.31dp</dimen>
    <dimen name="x507">502.31dp</dimen>
    <dimen name="x508">503.30dp</dimen>
    <dimen name="x509">504.29dp</dimen>
    <dimen name="x510">505.28dp</dimen>
    <dimen name="x511">506.27dp</dimen>
    <dimen name="x512">507.26dp</dimen>
    <dimen name="x513">508.25dp</dimen>
    <dimen name="x514">509.24dp</dimen>
    <dimen name="x515">510.23dp</dimen>
    <dimen name="x516">511.22dp</dimen>
    <dimen name="x517">512.21dp</dimen>
    <dimen name="x518">513.20dp</dimen>
    <dimen name="x519">514.19dp</dimen>
    <dimen name="x520">515.19dp</dimen>
    <dimen name="x521">516.18dp</dimen>
    <dimen name="x522">517.17dp</dimen>
    <dimen name="x523">518.16dp</dimen>
    <dimen name="x524">519.15dp</dimen>
    <dimen name="x525">520.14dp</dimen>
    <dimen name="x526">521.13dp</dimen>
    <dimen name="x527">522.12dp</dimen>
    <dimen name="x528">523.11dp</dimen>
    <dimen name="x529">524.10dp</dimen>
    <dimen name="x530">525.09dp</dimen>
    <dimen name="x531">526.08dp</dimen>
    <dimen name="x532">527.07dp</dimen>
    <dimen name="x533">528.06dp</dimen>
    <dimen name="x534">529.06dp</dimen>
    <dimen name="x535">530.05dp</dimen>
    <dimen name="x536">531.04dp</dimen>
    <dimen name="x537">532.03dp</dimen>
    <dimen name="x538">533.02dp</dimen>
    <dimen name="x539">534.01dp</dimen>
    <dimen name="x540">535.00dp</dimen>
    <dimen name="x541">535.99dp</dimen>
    <dimen name="x542">536.98dp</dimen>
    <dimen name="x543">537.97dp</dimen>
    <dimen name="x544">538.96dp</dimen>
    <dimen name="x545">539.95dp</dimen>
    <dimen name="x546">540.94dp</dimen>
    <dimen name="x547">541.94dp</dimen>
    <dimen name="x548">542.93dp</dimen>
    <dimen name="x549">543.92dp</dimen>
    <dimen name="x550">544.91dp</dimen>
    <dimen name="x551">545.90dp</dimen>
    <dimen name="x552">546.89dp</dimen>
    <dimen name="x553">547.88dp</dimen>
    <dimen name="x554">548.87dp</dimen>
    <dimen name="x555">549.86dp</dimen>
    <dimen name="x556">550.85dp</dimen>
    <dimen name="x557">551.84dp</dimen>
    <dimen name="x558">552.83dp</dimen>
    <dimen name="x559">553.82dp</dimen>
    <dimen name="x560">554.81dp</dimen>
    <dimen name="x561">555.81dp</dimen>
    <dimen name="x562">556.80dp</dimen>
    <dimen name="x563">557.79dp</dimen>
    <dimen name="x564">558.78dp</dimen>
    <dimen name="x565">559.77dp</dimen>
    <dimen name="x566">560.76dp</dimen>
    <dimen name="x567">561.75dp</dimen>
    <dimen name="x568">562.74dp</dimen>
    <dimen name="x569">563.73dp</dimen>
    <dimen name="x570">564.72dp</dimen>
    <dimen name="x571">565.71dp</dimen>
    <dimen name="x572">566.70dp</dimen>
    <dimen name="x573">567.69dp</dimen>
    <dimen name="x574">568.69dp</dimen>
    <dimen name="x575">569.68dp</dimen>
    <dimen name="x576">570.67dp</dimen>
    <dimen name="x577">571.66dp</dimen>
    <dimen name="x578">572.65dp</dimen>
    <dimen name="x579">573.64dp</dimen>
    <dimen name="x580">574.63dp</dimen>
    <dimen name="x581">575.62dp</dimen>
    <dimen name="x582">576.61dp</dimen>
    <dimen name="x583">577.60dp</dimen>
    <dimen name="x584">578.59dp</dimen>
    <dimen name="x585">579.58dp</dimen>
    <dimen name="x586">580.57dp</dimen>
    <dimen name="x587">581.56dp</dimen>
    <dimen name="x588">582.56dp</dimen>
    <dimen name="x589">583.55dp</dimen>
    <dimen name="x590">584.54dp</dimen>
    <dimen name="x591">585.53dp</dimen>
    <dimen name="x592">586.52dp</dimen>
    <dimen name="x593">587.51dp</dimen>
    <dimen name="x594">588.50dp</dimen>
    <dimen name="x595">589.49dp</dimen>
    <dimen name="x596">590.48dp</dimen>
    <dimen name="x597">591.47dp</dimen>
    <dimen name="x598">592.46dp</dimen>
    <dimen name="x599">593.45dp</dimen>
    <dimen name="x600">594.44dp</dimen>
    <dimen name="x601">595.44dp</dimen>
    <dimen name="x602">596.43dp</dimen>
    <dimen name="x603">597.42dp</dimen>
    <dimen name="x604">598.41dp</dimen>
    <dimen name="x605">599.40dp</dimen>
    <dimen name="x606">600.39dp</dimen>
    <dimen name="x607">601.38dp</dimen>
    <dimen name="x608">602.37dp</dimen>
    <dimen name="x609">603.36dp</dimen>
    <dimen name="x610">604.35dp</dimen>
    <dimen name="x611">605.34dp</dimen>
    <dimen name="x612">606.33dp</dimen>
    <dimen name="x613">607.32dp</dimen>
    <dimen name="x614">608.31dp</dimen>
    <dimen name="x615">609.31dp</dimen>
    <dimen name="x616">610.30dp</dimen>
    <dimen name="x617">611.29dp</dimen>
    <dimen name="x618">612.28dp</dimen>
    <dimen name="x619">613.27dp</dimen>
    <dimen name="x620">614.26dp</dimen>
    <dimen name="x621">615.25dp</dimen>
    <dimen name="x622">616.24dp</dimen>
    <dimen name="x623">617.23dp</dimen>
    <dimen name="x624">618.22dp</dimen>
    <dimen name="x625">619.21dp</dimen>
    <dimen name="x626">620.20dp</dimen>
    <dimen name="x627">621.19dp</dimen>
    <dimen name="x628">622.19dp</dimen>
    <dimen name="x629">623.18dp</dimen>
    <dimen name="x630">624.17dp</dimen>
    <dimen name="x631">625.16dp</dimen>
    <dimen name="x632">626.15dp</dimen>
    <dimen name="x633">627.14dp</dimen>
    <dimen name="x634">628.13dp</dimen>
    <dimen name="x635">629.12dp</dimen>
    <dimen name="x636">630.11dp</dimen>
    <dimen name="x637">631.10dp</dimen>
    <dimen name="x638">632.09dp</dimen>
    <dimen name="x639">633.08dp</dimen>
    <dimen name="x640">634.07dp</dimen>
    <dimen name="x641">635.06dp</dimen>
    <dimen name="x642">636.06dp</dimen>
    <dimen name="x643">637.05dp</dimen>
    <dimen name="x644">638.04dp</dimen>
    <dimen name="x645">639.03dp</dimen>
    <dimen name="x646">640.02dp</dimen>
    <dimen name="x647">641.01dp</dimen>
    <dimen name="x648">642.00dp</dimen>
    <dimen name="x649">642.99dp</dimen>
    <dimen name="x650">643.98dp</dimen>
    <dimen name="x651">644.97dp</dimen>
    <dimen name="x652">645.96dp</dimen>
    <dimen name="x653">646.95dp</dimen>
    <dimen name="x654">647.94dp</dimen>
    <dimen name="x655">648.94dp</dimen>
    <dimen name="x656">649.93dp</dimen>
    <dimen name="x657">650.92dp</dimen>
    <dimen name="x658">651.91dp</dimen>
    <dimen name="x659">652.90dp</dimen>
    <dimen name="x660">653.89dp</dimen>
    <dimen name="x661">654.88dp</dimen>
    <dimen name="x662">655.87dp</dimen>
    <dimen name="x663">656.86dp</dimen>
    <dimen name="x664">657.85dp</dimen>
    <dimen name="x665">658.84dp</dimen>
    <dimen name="x666">659.83dp</dimen>
    <dimen name="x667">660.82dp</dimen>
    <dimen name="x668">661.81dp</dimen>
    <dimen name="x669">662.81dp</dimen>
    <dimen name="x670">663.80dp</dimen>
    <dimen name="x671">664.79dp</dimen>
    <dimen name="x672">665.78dp</dimen>
    <dimen name="x673">666.77dp</dimen>
    <dimen name="x674">667.76dp</dimen>
    <dimen name="x675">668.75dp</dimen>
    <dimen name="x676">669.74dp</dimen>
    <dimen name="x677">670.73dp</dimen>
    <dimen name="x678">671.72dp</dimen>
    <dimen name="x679">672.71dp</dimen>
    <dimen name="x680">673.70dp</dimen>
    <dimen name="x681">674.69dp</dimen>
    <dimen name="x682">675.69dp</dimen>
    <dimen name="x683">676.68dp</dimen>
    <dimen name="x684">677.67dp</dimen>
    <dimen name="x685">678.66dp</dimen>
    <dimen name="x686">679.65dp</dimen>
    <dimen name="x687">680.64dp</dimen>
    <dimen name="x688">681.63dp</dimen>
    <dimen name="x689">682.62dp</dimen>
    <dimen name="x690">683.61dp</dimen>
    <dimen name="x691">684.60dp</dimen>
    <dimen name="x692">685.59dp</dimen>
    <dimen name="x693">686.58dp</dimen>
    <dimen name="x694">687.57dp</dimen>
    <dimen name="x695">688.56dp</dimen>
    <dimen name="x696">689.56dp</dimen>
    <dimen name="x697">690.55dp</dimen>
    <dimen name="x698">691.54dp</dimen>
    <dimen name="x699">692.53dp</dimen>
    <dimen name="x700">693.52dp</dimen>
    <dimen name="x701">694.51dp</dimen>
    <dimen name="x702">695.50dp</dimen>
    <dimen name="x703">696.49dp</dimen>
    <dimen name="x704">697.48dp</dimen>
    <dimen name="x705">698.47dp</dimen>
    <dimen name="x706">699.46dp</dimen>
    <dimen name="x707">700.45dp</dimen>
    <dimen name="x708">701.44dp</dimen>
    <dimen name="x709">702.44dp</dimen>
    <dimen name="x710">703.43dp</dimen>
    <dimen name="x711">704.42dp</dimen>
    <dimen name="x712">705.41dp</dimen>
    <dimen name="x713">706.40dp</dimen>
    <dimen name="x714">707.39dp</dimen>
    <dimen name="x715">708.38dp</dimen>
    <dimen name="x716">709.37dp</dimen>
    <dimen name="x717">710.36dp</dimen>
    <dimen name="x718">711.35dp</dimen>
    <dimen name="x719">712.34dp</dimen>
    <dimen name="x720">713.33dp</dimen>
    <dimen name="x721">714.32dp</dimen>
    <dimen name="x722">715.31dp</dimen>
    <dimen name="x723">716.31dp</dimen>
    <dimen name="x724">717.30dp</dimen>
    <dimen name="x725">718.29dp</dimen>
    <dimen name="x726">719.28dp</dimen>
    <dimen name="x727">720.27dp</dimen>
    <dimen name="x728">721.26dp</dimen>
    <dimen name="x729">722.25dp</dimen>
    <dimen name="x730">723.24dp</dimen>
    <dimen name="x731">724.23dp</dimen>
    <dimen name="x732">725.22dp</dimen>
    <dimen name="x733">726.21dp</dimen>
    <dimen name="x734">727.20dp</dimen>
    <dimen name="x735">728.19dp</dimen>
    <dimen name="x736">729.19dp</dimen>
    <dimen name="x737">730.18dp</dimen>
    <dimen name="x738">731.17dp</dimen>
    <dimen name="x739">732.16dp</dimen>
    <dimen name="x740">733.15dp</dimen>
    <dimen name="x741">734.14dp</dimen>
    <dimen name="x742">735.13dp</dimen>
    <dimen name="x743">736.12dp</dimen>
    <dimen name="x744">737.11dp</dimen>
    <dimen name="x745">738.10dp</dimen>
    <dimen name="x746">739.09dp</dimen>
    <dimen name="x747">740.08dp</dimen>
    <dimen name="x748">741.07dp</dimen>
    <dimen name="x749">742.06dp</dimen>
    <dimen name="x750">743.06dp</dimen>
    <dimen name="x751">744.05dp</dimen>
    <dimen name="x752">745.04dp</dimen>
    <dimen name="x753">746.03dp</dimen>
    <dimen name="x754">747.02dp</dimen>
    <dimen name="x755">748.01dp</dimen>
    <dimen name="x756">749.00dp</dimen>
    <dimen name="x757">749.99dp</dimen>
    <dimen name="x758">750.98dp</dimen>
    <dimen name="x759">751.97dp</dimen>
    <dimen name="x760">752.96dp</dimen>
    <dimen name="x761">753.95dp</dimen>
    <dimen name="x762">754.94dp</dimen>
    <dimen name="x763">755.94dp</dimen>
    <dimen name="x764">756.93dp</dimen>
    <dimen name="x765">757.92dp</dimen>
    <dimen name="x766">758.91dp</dimen>
    <dimen name="x767">759.90dp</dimen>
    <dimen name="x768">760.89dp</dimen>
    <dimen name="x769">761.88dp</dimen>
    <dimen name="x770">762.87dp</dimen>
    <dimen name="x771">763.86dp</dimen>
    <dimen name="x772">764.85dp</dimen>
    <dimen name="x773">765.84dp</dimen>
    <dimen name="x774">766.83dp</dimen>
    <dimen name="x775">767.82dp</dimen>
    <dimen name="x776">768.81dp</dimen>
    <dimen name="x777">769.81dp</dimen>
    <dimen name="x778">770.80dp</dimen>
    <dimen name="x779">771.79dp</dimen>
    <dimen name="x780">772.78dp</dimen>
    <dimen name="x781">773.77dp</dimen>
    <dimen name="x782">774.76dp</dimen>
    <dimen name="x783">775.75dp</dimen>
    <dimen name="x784">776.74dp</dimen>
    <dimen name="x785">777.73dp</dimen>
    <dimen name="x786">778.72dp</dimen>
    <dimen name="x787">779.71dp</dimen>
    <dimen name="x788">780.70dp</dimen>
    <dimen name="x789">781.69dp</dimen>
    <dimen name="x790">782.69dp</dimen>
    <dimen name="x791">783.68dp</dimen>
    <dimen name="x792">784.67dp</dimen>
    <dimen name="x793">785.66dp</dimen>
    <dimen name="x794">786.65dp</dimen>
    <dimen name="x795">787.64dp</dimen>
    <dimen name="x796">788.63dp</dimen>
    <dimen name="x797">789.62dp</dimen>
    <dimen name="x798">790.61dp</dimen>
    <dimen name="x799">791.60dp</dimen>
    <dimen name="x800">792.59dp</dimen>
    <dimen name="x801">793.58dp</dimen>
    <dimen name="x802">794.57dp</dimen>
    <dimen name="x803">795.56dp</dimen>
    <dimen name="x804">796.56dp</dimen>
    <dimen name="x805">797.55dp</dimen>
    <dimen name="x806">798.54dp</dimen>
    <dimen name="x807">799.53dp</dimen>
    <dimen name="x808">800.52dp</dimen>
    <dimen name="x809">801.51dp</dimen>
    <dimen name="x810">802.50dp</dimen>
    <dimen name="x811">803.49dp</dimen>
    <dimen name="x812">804.48dp</dimen>
    <dimen name="x813">805.47dp</dimen>
    <dimen name="x814">806.46dp</dimen>
    <dimen name="x815">807.45dp</dimen>
    <dimen name="x816">808.44dp</dimen>
    <dimen name="x817">809.44dp</dimen>
    <dimen name="x818">810.43dp</dimen>
    <dimen name="x819">811.42dp</dimen>
    <dimen name="x820">812.41dp</dimen>
    <dimen name="x821">813.40dp</dimen>
    <dimen name="x822">814.39dp</dimen>
    <dimen name="x823">815.38dp</dimen>
    <dimen name="x824">816.37dp</dimen>
    <dimen name="x825">817.36dp</dimen>
    <dimen name="x826">818.35dp</dimen>
    <dimen name="x827">819.34dp</dimen>
    <dimen name="x828">820.33dp</dimen>
    <dimen name="x829">821.32dp</dimen>
    <dimen name="x830">822.31dp</dimen>
    <dimen name="x831">823.31dp</dimen>
    <dimen name="x832">824.30dp</dimen>
    <dimen name="x833">825.29dp</dimen>
    <dimen name="x834">826.28dp</dimen>
    <dimen name="x835">827.27dp</dimen>
    <dimen name="x836">828.26dp</dimen>
    <dimen name="x837">829.25dp</dimen>
    <dimen name="x838">830.24dp</dimen>
    <dimen name="x839">831.23dp</dimen>
    <dimen name="x840">832.22dp</dimen>
    <dimen name="x841">833.21dp</dimen>
    <dimen name="x842">834.20dp</dimen>
    <dimen name="x843">835.19dp</dimen>
    <dimen name="x844">836.19dp</dimen>
    <dimen name="x845">837.18dp</dimen>
    <dimen name="x846">838.17dp</dimen>
    <dimen name="x847">839.16dp</dimen>
    <dimen name="x848">840.15dp</dimen>
    <dimen name="x849">841.14dp</dimen>
    <dimen name="x850">842.13dp</dimen>
    <dimen name="x851">843.12dp</dimen>
    <dimen name="x852">844.11dp</dimen>
    <dimen name="x853">845.10dp</dimen>
    <dimen name="x854">846.09dp</dimen>
    <dimen name="x855">847.08dp</dimen>
    <dimen name="x856">848.07dp</dimen>
    <dimen name="x857">849.06dp</dimen>
    <dimen name="x858">850.06dp</dimen>
    <dimen name="x859">851.05dp</dimen>
    <dimen name="x860">852.04dp</dimen>
    <dimen name="x861">853.03dp</dimen>
    <dimen name="x862">854.02dp</dimen>
    <dimen name="x863">855.01dp</dimen>
    <dimen name="x864">856.00dp</dimen>
    <dimen name="x865">856.99dp</dimen>
    <dimen name="x866">857.98dp</dimen>
    <dimen name="x867">858.97dp</dimen>
    <dimen name="x868">859.96dp</dimen>
    <dimen name="x869">860.95dp</dimen>
    <dimen name="x870">861.94dp</dimen>
    <dimen name="x871">862.94dp</dimen>
    <dimen name="x872">863.93dp</dimen>
    <dimen name="x873">864.92dp</dimen>
    <dimen name="x874">865.91dp</dimen>
    <dimen name="x875">866.90dp</dimen>
    <dimen name="x876">867.89dp</dimen>
    <dimen name="x877">868.88dp</dimen>
    <dimen name="x878">869.87dp</dimen>
    <dimen name="x879">870.86dp</dimen>
    <dimen name="x880">871.85dp</dimen>
    <dimen name="x881">872.84dp</dimen>
    <dimen name="x882">873.83dp</dimen>
    <dimen name="x883">874.82dp</dimen>
    <dimen name="x884">875.81dp</dimen>
    <dimen name="x885">876.81dp</dimen>
    <dimen name="x886">877.80dp</dimen>
    <dimen name="x887">878.79dp</dimen>
    <dimen name="x888">879.78dp</dimen>
    <dimen name="x889">880.77dp</dimen>
    <dimen name="x890">881.76dp</dimen>
    <dimen name="x891">882.75dp</dimen>
    <dimen name="x892">883.74dp</dimen>
    <dimen name="x893">884.73dp</dimen>
    <dimen name="x894">885.72dp</dimen>
    <dimen name="x895">886.71dp</dimen>
    <dimen name="x896">887.70dp</dimen>
    <dimen name="x897">888.69dp</dimen>
    <dimen name="x898">889.69dp</dimen>
    <dimen name="x899">890.68dp</dimen>
    <dimen name="x900">891.67dp</dimen>
    <dimen name="x901">892.66dp</dimen>
    <dimen name="x902">893.65dp</dimen>
    <dimen name="x903">894.64dp</dimen>
    <dimen name="x904">895.63dp</dimen>
    <dimen name="x905">896.62dp</dimen>
    <dimen name="x906">897.61dp</dimen>
    <dimen name="x907">898.60dp</dimen>
    <dimen name="x908">899.59dp</dimen>
    <dimen name="x909">900.58dp</dimen>
    <dimen name="x910">901.57dp</dimen>
    <dimen name="x911">902.56dp</dimen>
    <dimen name="x912">903.56dp</dimen>
    <dimen name="x913">904.55dp</dimen>
    <dimen name="x914">905.54dp</dimen>
    <dimen name="x915">906.53dp</dimen>
    <dimen name="x916">907.52dp</dimen>
    <dimen name="x917">908.51dp</dimen>
    <dimen name="x918">909.50dp</dimen>
    <dimen name="x919">910.49dp</dimen>
    <dimen name="x920">911.48dp</dimen>
    <dimen name="x921">912.47dp</dimen>
    <dimen name="x922">913.46dp</dimen>
    <dimen name="x923">914.45dp</dimen>
    <dimen name="x924">915.44dp</dimen>
    <dimen name="x925">916.44dp</dimen>
    <dimen name="x926">917.43dp</dimen>
    <dimen name="x927">918.42dp</dimen>
    <dimen name="x928">919.41dp</dimen>
    <dimen name="x929">920.40dp</dimen>
    <dimen name="x930">921.39dp</dimen>
    <dimen name="x931">922.38dp</dimen>
    <dimen name="x932">923.37dp</dimen>
    <dimen name="x933">924.36dp</dimen>
    <dimen name="x934">925.35dp</dimen>
    <dimen name="x935">926.34dp</dimen>
    <dimen name="x936">927.33dp</dimen>
    <dimen name="x937">928.32dp</dimen>
    <dimen name="x938">929.31dp</dimen>
    <dimen name="x939">930.31dp</dimen>
    <dimen name="x940">931.30dp</dimen>
    <dimen name="x941">932.29dp</dimen>
    <dimen name="x942">933.28dp</dimen>
    <dimen name="x943">934.27dp</dimen>
    <dimen name="x944">935.26dp</dimen>
    <dimen name="x945">936.25dp</dimen>
    <dimen name="x946">937.24dp</dimen>
    <dimen name="x947">938.23dp</dimen>
    <dimen name="x948">939.22dp</dimen>
    <dimen name="x949">940.21dp</dimen>
    <dimen name="x950">941.20dp</dimen>
    <dimen name="x951">942.19dp</dimen>
    <dimen name="x952">943.19dp</dimen>
    <dimen name="x953">944.18dp</dimen>
    <dimen name="x954">945.17dp</dimen>
    <dimen name="x955">946.16dp</dimen>
    <dimen name="x956">947.15dp</dimen>
    <dimen name="x957">948.14dp</dimen>
    <dimen name="x958">949.13dp</dimen>
    <dimen name="x959">950.12dp</dimen>
    <dimen name="x960">951.11dp</dimen>
    <dimen name="x961">952.10dp</dimen>
    <dimen name="x962">953.09dp</dimen>
    <dimen name="x963">954.08dp</dimen>
    <dimen name="x964">955.07dp</dimen>
    <dimen name="x965">956.06dp</dimen>
    <dimen name="x966">957.06dp</dimen>
    <dimen name="x967">958.05dp</dimen>
    <dimen name="x968">959.04dp</dimen>
    <dimen name="x969">960.03dp</dimen>
    <dimen name="x970">961.02dp</dimen>
    <dimen name="x971">962.01dp</dimen>
    <dimen name="x972">963.00dp</dimen>
    <dimen name="x973">963.99dp</dimen>
    <dimen name="x974">964.98dp</dimen>
    <dimen name="x975">965.97dp</dimen>
    <dimen name="x976">966.96dp</dimen>
    <dimen name="x977">967.95dp</dimen>
    <dimen name="x978">968.94dp</dimen>
    <dimen name="x979">969.94dp</dimen>
    <dimen name="x980">970.93dp</dimen>
    <dimen name="x981">971.92dp</dimen>
    <dimen name="x982">972.91dp</dimen>
    <dimen name="x983">973.90dp</dimen>
    <dimen name="x984">974.89dp</dimen>
    <dimen name="x985">975.88dp</dimen>
    <dimen name="x986">976.87dp</dimen>
    <dimen name="x987">977.86dp</dimen>
    <dimen name="x988">978.85dp</dimen>
    <dimen name="x989">979.84dp</dimen>
    <dimen name="x990">980.83dp</dimen>
    <dimen name="x991">981.82dp</dimen>
    <dimen name="x992">982.81dp</dimen>
    <dimen name="x993">983.81dp</dimen>
    <dimen name="x994">984.80dp</dimen>
    <dimen name="x995">985.79dp</dimen>
    <dimen name="x996">986.78dp</dimen>
    <dimen name="x997">987.77dp</dimen>
    <dimen name="x998">988.76dp</dimen>
    <dimen name="x999">989.75dp</dimen>
    <dimen name="x1000">990.74dp</dimen>
    <dimen name="x1001">991.73dp</dimen>
    <dimen name="x1002">992.72dp</dimen>
    <dimen name="x1003">993.71dp</dimen>
    <dimen name="x1004">994.70dp</dimen>
    <dimen name="x1005">995.69dp</dimen>
    <dimen name="x1006">996.69dp</dimen>
    <dimen name="x1007">997.68dp</dimen>
    <dimen name="x1008">998.67dp</dimen>
    <dimen name="x1009">999.66dp</dimen>
    <dimen name="x1010">1000.65dp</dimen>
    <dimen name="x1011">1001.64dp</dimen>
    <dimen name="x1012">1002.63dp</dimen>
    <dimen name="x1013">1003.62dp</dimen>
    <dimen name="x1014">1004.61dp</dimen>
    <dimen name="x1015">1005.60dp</dimen>
    <dimen name="x1016">1006.59dp</dimen>
    <dimen name="x1017">1007.58dp</dimen>
    <dimen name="x1018">1008.57dp</dimen>
    <dimen name="x1019">1009.56dp</dimen>
    <dimen name="x1020">1010.56dp</dimen>
    <dimen name="x1021">1011.55dp</dimen>
    <dimen name="x1022">1012.54dp</dimen>
    <dimen name="x1023">1013.53dp</dimen>
    <dimen name="x1024">1014.52dp</dimen>
    <dimen name="x1025">1015.51dp</dimen>
    <dimen name="x1026">1016.50dp</dimen>
    <dimen name="x1027">1017.49dp</dimen>
    <dimen name="x1028">1018.48dp</dimen>
    <dimen name="x1029">1019.47dp</dimen>
    <dimen name="x1030">1020.46dp</dimen>
    <dimen name="x1031">1021.45dp</dimen>
    <dimen name="x1032">1022.44dp</dimen>
    <dimen name="x1033">1023.44dp</dimen>
    <dimen name="x1034">1024.43dp</dimen>
    <dimen name="x1035">1025.42dp</dimen>
    <dimen name="x1036">1026.41dp</dimen>
    <dimen name="x1037">1027.40dp</dimen>
    <dimen name="x1038">1028.39dp</dimen>
    <dimen name="x1039">1029.38dp</dimen>
    <dimen name="x1040">1030.37dp</dimen>
    <dimen name="x1041">1031.36dp</dimen>
    <dimen name="x1042">1032.35dp</dimen>
    <dimen name="x1043">1033.34dp</dimen>
    <dimen name="x1044">1034.33dp</dimen>
    <dimen name="x1045">1035.32dp</dimen>
    <dimen name="x1046">1036.31dp</dimen>
    <dimen name="x1047">1037.31dp</dimen>
    <dimen name="x1048">1038.30dp</dimen>
    <dimen name="x1049">1039.29dp</dimen>
    <dimen name="x1050">1040.28dp</dimen>
    <dimen name="x1051">1041.27dp</dimen>
    <dimen name="x1052">1042.26dp</dimen>
    <dimen name="x1053">1043.25dp</dimen>
    <dimen name="x1054">1044.24dp</dimen>
    <dimen name="x1055">1045.23dp</dimen>
    <dimen name="x1056">1046.22dp</dimen>
    <dimen name="x1057">1047.21dp</dimen>
    <dimen name="x1058">1048.20dp</dimen>
    <dimen name="x1059">1049.19dp</dimen>
    <dimen name="x1060">1050.19dp</dimen>
    <dimen name="x1061">1051.18dp</dimen>
    <dimen name="x1062">1052.17dp</dimen>
    <dimen name="x1063">1053.16dp</dimen>
    <dimen name="x1064">1054.15dp</dimen>
    <dimen name="x1065">1055.14dp</dimen>
    <dimen name="x1066">1056.13dp</dimen>
    <dimen name="x1067">1057.12dp</dimen>
    <dimen name="x1068">1058.11dp</dimen>
    <dimen name="x1069">1059.10dp</dimen>
    <dimen name="x1070">1060.09dp</dimen>
    <dimen name="x1071">1061.08dp</dimen>
    <dimen name="x1072">1062.07dp</dimen>
    <dimen name="x1073">1063.06dp</dimen>
    <dimen name="x1074">1064.06dp</dimen>
    <dimen name="x1075">1065.05dp</dimen>
    <dimen name="x1076">1066.04dp</dimen>
    <dimen name="x1077">1067.03dp</dimen>
    <dimen name="x1078">1068.02dp</dimen>
    <dimen name="x1079">1069.01dp</dimen>
    <dimen name="x1080">1070.00dp</dimen>
</resources>