<?xml version="1.0" encoding="utf-8"?>
<resources>
    <string name="sw_dp">1880dp</string>
    <dimen name="x1">1.74dp</dimen>
    <dimen name="x2">3.48dp</dimen>
    <dimen name="x3">5.22dp</dimen>
    <dimen name="x4">6.96dp</dimen>
    <dimen name="x5">8.70dp</dimen>
    <dimen name="x6">10.44dp</dimen>
    <dimen name="x7">12.19dp</dimen>
    <dimen name="x8">13.93dp</dimen>
    <dimen name="x9">15.67dp</dimen>
    <dimen name="x10">17.41dp</dimen>
    <dimen name="x11">19.15dp</dimen>
    <dimen name="x12">20.89dp</dimen>
    <dimen name="x13">22.63dp</dimen>
    <dimen name="x14">24.37dp</dimen>
    <dimen name="x15">26.11dp</dimen>
    <dimen name="x16">27.85dp</dimen>
    <dimen name="x17">29.59dp</dimen>
    <dimen name="x18">31.33dp</dimen>
    <dimen name="x19">33.07dp</dimen>
    <dimen name="x20">34.81dp</dimen>
    <dimen name="x21">36.56dp</dimen>
    <dimen name="x22">38.30dp</dimen>
    <dimen name="x23">40.04dp</dimen>
    <dimen name="x24">41.78dp</dimen>
    <dimen name="x25">43.52dp</dimen>
    <dimen name="x26">45.26dp</dimen>
    <dimen name="x27">47.00dp</dimen>
    <dimen name="x28">48.74dp</dimen>
    <dimen name="x29">50.48dp</dimen>
    <dimen name="x30">52.22dp</dimen>
    <dimen name="x31">53.96dp</dimen>
    <dimen name="x32">55.70dp</dimen>
    <dimen name="x33">57.44dp</dimen>
    <dimen name="x34">59.19dp</dimen>
    <dimen name="x35">60.93dp</dimen>
    <dimen name="x36">62.67dp</dimen>
    <dimen name="x37">64.41dp</dimen>
    <dimen name="x38">66.15dp</dimen>
    <dimen name="x39">67.89dp</dimen>
    <dimen name="x40">69.63dp</dimen>
    <dimen name="x41">71.37dp</dimen>
    <dimen name="x42">73.11dp</dimen>
    <dimen name="x43">74.85dp</dimen>
    <dimen name="x44">76.59dp</dimen>
    <dimen name="x45">78.33dp</dimen>
    <dimen name="x46">80.07dp</dimen>
    <dimen name="x47">81.81dp</dimen>
    <dimen name="x48">83.56dp</dimen>
    <dimen name="x49">85.30dp</dimen>
    <dimen name="x50">87.04dp</dimen>
    <dimen name="x51">88.78dp</dimen>
    <dimen name="x52">90.52dp</dimen>
    <dimen name="x53">92.26dp</dimen>
    <dimen name="x54">94.00dp</dimen>
    <dimen name="x55">95.74dp</dimen>
    <dimen name="x56">97.48dp</dimen>
    <dimen name="x57">99.22dp</dimen>
    <dimen name="x58">100.96dp</dimen>
    <dimen name="x59">102.70dp</dimen>
    <dimen name="x60">104.44dp</dimen>
    <dimen name="x61">106.19dp</dimen>
    <dimen name="x62">107.93dp</dimen>
    <dimen name="x63">109.67dp</dimen>
    <dimen name="x64">111.41dp</dimen>
    <dimen name="x65">113.15dp</dimen>
    <dimen name="x66">114.89dp</dimen>
    <dimen name="x67">116.63dp</dimen>
    <dimen name="x68">118.37dp</dimen>
    <dimen name="x69">120.11dp</dimen>
    <dimen name="x70">121.85dp</dimen>
    <dimen name="x71">123.59dp</dimen>
    <dimen name="x72">125.33dp</dimen>
    <dimen name="x73">127.07dp</dimen>
    <dimen name="x74">128.81dp</dimen>
    <dimen name="x75">130.56dp</dimen>
    <dimen name="x76">132.30dp</dimen>
    <dimen name="x77">134.04dp</dimen>
    <dimen name="x78">135.78dp</dimen>
    <dimen name="x79">137.52dp</dimen>
    <dimen name="x80">139.26dp</dimen>
    <dimen name="x81">141.00dp</dimen>
    <dimen name="x82">142.74dp</dimen>
    <dimen name="x83">144.48dp</dimen>
    <dimen name="x84">146.22dp</dimen>
    <dimen name="x85">147.96dp</dimen>
    <dimen name="x86">149.70dp</dimen>
    <dimen name="x87">151.44dp</dimen>
    <dimen name="x88">153.19dp</dimen>
    <dimen name="x89">154.93dp</dimen>
    <dimen name="x90">156.67dp</dimen>
    <dimen name="x91">158.41dp</dimen>
    <dimen name="x92">160.15dp</dimen>
    <dimen name="x93">161.89dp</dimen>
    <dimen name="x94">163.63dp</dimen>
    <dimen name="x95">165.37dp</dimen>
    <dimen name="x96">167.11dp</dimen>
    <dimen name="x97">168.85dp</dimen>
    <dimen name="x98">170.59dp</dimen>
    <dimen name="x99">172.33dp</dimen>
    <dimen name="x100">174.07dp</dimen>
    <dimen name="x101">175.81dp</dimen>
    <dimen name="x102">177.56dp</dimen>
    <dimen name="x103">179.30dp</dimen>
    <dimen name="x104">181.04dp</dimen>
    <dimen name="x105">182.78dp</dimen>
    <dimen name="x106">184.52dp</dimen>
    <dimen name="x107">186.26dp</dimen>
    <dimen name="x108">188.00dp</dimen>
    <dimen name="x109">189.74dp</dimen>
    <dimen name="x110">191.48dp</dimen>
    <dimen name="x111">193.22dp</dimen>
    <dimen name="x112">194.96dp</dimen>
    <dimen name="x113">196.70dp</dimen>
    <dimen name="x114">198.44dp</dimen>
    <dimen name="x115">200.19dp</dimen>
    <dimen name="x116">201.93dp</dimen>
    <dimen name="x117">203.67dp</dimen>
    <dimen name="x118">205.41dp</dimen>
    <dimen name="x119">207.15dp</dimen>
    <dimen name="x120">208.89dp</dimen>
    <dimen name="x121">210.63dp</dimen>
    <dimen name="x122">212.37dp</dimen>
    <dimen name="x123">214.11dp</dimen>
    <dimen name="x124">215.85dp</dimen>
    <dimen name="x125">217.59dp</dimen>
    <dimen name="x126">219.33dp</dimen>
    <dimen name="x127">221.07dp</dimen>
    <dimen name="x128">222.81dp</dimen>
    <dimen name="x129">224.56dp</dimen>
    <dimen name="x130">226.30dp</dimen>
    <dimen name="x131">228.04dp</dimen>
    <dimen name="x132">229.78dp</dimen>
    <dimen name="x133">231.52dp</dimen>
    <dimen name="x134">233.26dp</dimen>
    <dimen name="x135">235.00dp</dimen>
    <dimen name="x136">236.74dp</dimen>
    <dimen name="x137">238.48dp</dimen>
    <dimen name="x138">240.22dp</dimen>
    <dimen name="x139">241.96dp</dimen>
    <dimen name="x140">243.70dp</dimen>
    <dimen name="x141">245.44dp</dimen>
    <dimen name="x142">247.19dp</dimen>
    <dimen name="x143">248.93dp</dimen>
    <dimen name="x144">250.67dp</dimen>
    <dimen name="x145">252.41dp</dimen>
    <dimen name="x146">254.15dp</dimen>
    <dimen name="x147">255.89dp</dimen>
    <dimen name="x148">257.63dp</dimen>
    <dimen name="x149">259.37dp</dimen>
    <dimen name="x150">261.11dp</dimen>
    <dimen name="x151">262.85dp</dimen>
    <dimen name="x152">264.59dp</dimen>
    <dimen name="x153">266.33dp</dimen>
    <dimen name="x154">268.07dp</dimen>
    <dimen name="x155">269.81dp</dimen>
    <dimen name="x156">271.56dp</dimen>
    <dimen name="x157">273.30dp</dimen>
    <dimen name="x158">275.04dp</dimen>
    <dimen name="x159">276.78dp</dimen>
    <dimen name="x160">278.52dp</dimen>
    <dimen name="x161">280.26dp</dimen>
    <dimen name="x162">282.00dp</dimen>
    <dimen name="x163">283.74dp</dimen>
    <dimen name="x164">285.48dp</dimen>
    <dimen name="x165">287.22dp</dimen>
    <dimen name="x166">288.96dp</dimen>
    <dimen name="x167">290.70dp</dimen>
    <dimen name="x168">292.44dp</dimen>
    <dimen name="x169">294.19dp</dimen>
    <dimen name="x170">295.93dp</dimen>
    <dimen name="x171">297.67dp</dimen>
    <dimen name="x172">299.41dp</dimen>
    <dimen name="x173">301.15dp</dimen>
    <dimen name="x174">302.89dp</dimen>
    <dimen name="x175">304.63dp</dimen>
    <dimen name="x176">306.37dp</dimen>
    <dimen name="x177">308.11dp</dimen>
    <dimen name="x178">309.85dp</dimen>
    <dimen name="x179">311.59dp</dimen>
    <dimen name="x180">313.33dp</dimen>
    <dimen name="x181">315.07dp</dimen>
    <dimen name="x182">316.81dp</dimen>
    <dimen name="x183">318.56dp</dimen>
    <dimen name="x184">320.30dp</dimen>
    <dimen name="x185">322.04dp</dimen>
    <dimen name="x186">323.78dp</dimen>
    <dimen name="x187">325.52dp</dimen>
    <dimen name="x188">327.26dp</dimen>
    <dimen name="x189">329.00dp</dimen>
    <dimen name="x190">330.74dp</dimen>
    <dimen name="x191">332.48dp</dimen>
    <dimen name="x192">334.22dp</dimen>
    <dimen name="x193">335.96dp</dimen>
    <dimen name="x194">337.70dp</dimen>
    <dimen name="x195">339.44dp</dimen>
    <dimen name="x196">341.19dp</dimen>
    <dimen name="x197">342.93dp</dimen>
    <dimen name="x198">344.67dp</dimen>
    <dimen name="x199">346.41dp</dimen>
    <dimen name="x200">348.15dp</dimen>
    <dimen name="x201">349.89dp</dimen>
    <dimen name="x202">351.63dp</dimen>
    <dimen name="x203">353.37dp</dimen>
    <dimen name="x204">355.11dp</dimen>
    <dimen name="x205">356.85dp</dimen>
    <dimen name="x206">358.59dp</dimen>
    <dimen name="x207">360.33dp</dimen>
    <dimen name="x208">362.07dp</dimen>
    <dimen name="x209">363.81dp</dimen>
    <dimen name="x210">365.56dp</dimen>
    <dimen name="x211">367.30dp</dimen>
    <dimen name="x212">369.04dp</dimen>
    <dimen name="x213">370.78dp</dimen>
    <dimen name="x214">372.52dp</dimen>
    <dimen name="x215">374.26dp</dimen>
    <dimen name="x216">376.00dp</dimen>
    <dimen name="x217">377.74dp</dimen>
    <dimen name="x218">379.48dp</dimen>
    <dimen name="x219">381.22dp</dimen>
    <dimen name="x220">382.96dp</dimen>
    <dimen name="x221">384.70dp</dimen>
    <dimen name="x222">386.44dp</dimen>
    <dimen name="x223">388.19dp</dimen>
    <dimen name="x224">389.93dp</dimen>
    <dimen name="x225">391.67dp</dimen>
    <dimen name="x226">393.41dp</dimen>
    <dimen name="x227">395.15dp</dimen>
    <dimen name="x228">396.89dp</dimen>
    <dimen name="x229">398.63dp</dimen>
    <dimen name="x230">400.37dp</dimen>
    <dimen name="x231">402.11dp</dimen>
    <dimen name="x232">403.85dp</dimen>
    <dimen name="x233">405.59dp</dimen>
    <dimen name="x234">407.33dp</dimen>
    <dimen name="x235">409.07dp</dimen>
    <dimen name="x236">410.81dp</dimen>
    <dimen name="x237">412.56dp</dimen>
    <dimen name="x238">414.30dp</dimen>
    <dimen name="x239">416.04dp</dimen>
    <dimen name="x240">417.78dp</dimen>
    <dimen name="x241">419.52dp</dimen>
    <dimen name="x242">421.26dp</dimen>
    <dimen name="x243">423.00dp</dimen>
    <dimen name="x244">424.74dp</dimen>
    <dimen name="x245">426.48dp</dimen>
    <dimen name="x246">428.22dp</dimen>
    <dimen name="x247">429.96dp</dimen>
    <dimen name="x248">431.70dp</dimen>
    <dimen name="x249">433.44dp</dimen>
    <dimen name="x250">435.19dp</dimen>
    <dimen name="x251">436.93dp</dimen>
    <dimen name="x252">438.67dp</dimen>
    <dimen name="x253">440.41dp</dimen>
    <dimen name="x254">442.15dp</dimen>
    <dimen name="x255">443.89dp</dimen>
    <dimen name="x256">445.63dp</dimen>
    <dimen name="x257">447.37dp</dimen>
    <dimen name="x258">449.11dp</dimen>
    <dimen name="x259">450.85dp</dimen>
    <dimen name="x260">452.59dp</dimen>
    <dimen name="x261">454.33dp</dimen>
    <dimen name="x262">456.07dp</dimen>
    <dimen name="x263">457.81dp</dimen>
    <dimen name="x264">459.56dp</dimen>
    <dimen name="x265">461.30dp</dimen>
    <dimen name="x266">463.04dp</dimen>
    <dimen name="x267">464.78dp</dimen>
    <dimen name="x268">466.52dp</dimen>
    <dimen name="x269">468.26dp</dimen>
    <dimen name="x270">470.00dp</dimen>
    <dimen name="x271">471.74dp</dimen>
    <dimen name="x272">473.48dp</dimen>
    <dimen name="x273">475.22dp</dimen>
    <dimen name="x274">476.96dp</dimen>
    <dimen name="x275">478.70dp</dimen>
    <dimen name="x276">480.44dp</dimen>
    <dimen name="x277">482.19dp</dimen>
    <dimen name="x278">483.93dp</dimen>
    <dimen name="x279">485.67dp</dimen>
    <dimen name="x280">487.41dp</dimen>
    <dimen name="x281">489.15dp</dimen>
    <dimen name="x282">490.89dp</dimen>
    <dimen name="x283">492.63dp</dimen>
    <dimen name="x284">494.37dp</dimen>
    <dimen name="x285">496.11dp</dimen>
    <dimen name="x286">497.85dp</dimen>
    <dimen name="x287">499.59dp</dimen>
    <dimen name="x288">501.33dp</dimen>
    <dimen name="x289">503.07dp</dimen>
    <dimen name="x290">504.81dp</dimen>
    <dimen name="x291">506.56dp</dimen>
    <dimen name="x292">508.30dp</dimen>
    <dimen name="x293">510.04dp</dimen>
    <dimen name="x294">511.78dp</dimen>
    <dimen name="x295">513.52dp</dimen>
    <dimen name="x296">515.26dp</dimen>
    <dimen name="x297">517.00dp</dimen>
    <dimen name="x298">518.74dp</dimen>
    <dimen name="x299">520.48dp</dimen>
    <dimen name="x300">522.22dp</dimen>
    <dimen name="x301">523.96dp</dimen>
    <dimen name="x302">525.70dp</dimen>
    <dimen name="x303">527.44dp</dimen>
    <dimen name="x304">529.19dp</dimen>
    <dimen name="x305">530.93dp</dimen>
    <dimen name="x306">532.67dp</dimen>
    <dimen name="x307">534.41dp</dimen>
    <dimen name="x308">536.15dp</dimen>
    <dimen name="x309">537.89dp</dimen>
    <dimen name="x310">539.63dp</dimen>
    <dimen name="x311">541.37dp</dimen>
    <dimen name="x312">543.11dp</dimen>
    <dimen name="x313">544.85dp</dimen>
    <dimen name="x314">546.59dp</dimen>
    <dimen name="x315">548.33dp</dimen>
    <dimen name="x316">550.07dp</dimen>
    <dimen name="x317">551.81dp</dimen>
    <dimen name="x318">553.56dp</dimen>
    <dimen name="x319">555.30dp</dimen>
    <dimen name="x320">557.04dp</dimen>
    <dimen name="x321">558.78dp</dimen>
    <dimen name="x322">560.52dp</dimen>
    <dimen name="x323">562.26dp</dimen>
    <dimen name="x324">564.00dp</dimen>
    <dimen name="x325">565.74dp</dimen>
    <dimen name="x326">567.48dp</dimen>
    <dimen name="x327">569.22dp</dimen>
    <dimen name="x328">570.96dp</dimen>
    <dimen name="x329">572.70dp</dimen>
    <dimen name="x330">574.44dp</dimen>
    <dimen name="x331">576.19dp</dimen>
    <dimen name="x332">577.93dp</dimen>
    <dimen name="x333">579.67dp</dimen>
    <dimen name="x334">581.41dp</dimen>
    <dimen name="x335">583.15dp</dimen>
    <dimen name="x336">584.89dp</dimen>
    <dimen name="x337">586.63dp</dimen>
    <dimen name="x338">588.37dp</dimen>
    <dimen name="x339">590.11dp</dimen>
    <dimen name="x340">591.85dp</dimen>
    <dimen name="x341">593.59dp</dimen>
    <dimen name="x342">595.33dp</dimen>
    <dimen name="x343">597.07dp</dimen>
    <dimen name="x344">598.81dp</dimen>
    <dimen name="x345">600.56dp</dimen>
    <dimen name="x346">602.30dp</dimen>
    <dimen name="x347">604.04dp</dimen>
    <dimen name="x348">605.78dp</dimen>
    <dimen name="x349">607.52dp</dimen>
    <dimen name="x350">609.26dp</dimen>
    <dimen name="x351">611.00dp</dimen>
    <dimen name="x352">612.74dp</dimen>
    <dimen name="x353">614.48dp</dimen>
    <dimen name="x354">616.22dp</dimen>
    <dimen name="x355">617.96dp</dimen>
    <dimen name="x356">619.70dp</dimen>
    <dimen name="x357">621.44dp</dimen>
    <dimen name="x358">623.19dp</dimen>
    <dimen name="x359">624.93dp</dimen>
    <dimen name="x360">626.67dp</dimen>
    <dimen name="x361">628.41dp</dimen>
    <dimen name="x362">630.15dp</dimen>
    <dimen name="x363">631.89dp</dimen>
    <dimen name="x364">633.63dp</dimen>
    <dimen name="x365">635.37dp</dimen>
    <dimen name="x366">637.11dp</dimen>
    <dimen name="x367">638.85dp</dimen>
    <dimen name="x368">640.59dp</dimen>
    <dimen name="x369">642.33dp</dimen>
    <dimen name="x370">644.07dp</dimen>
    <dimen name="x371">645.81dp</dimen>
    <dimen name="x372">647.56dp</dimen>
    <dimen name="x373">649.30dp</dimen>
    <dimen name="x374">651.04dp</dimen>
    <dimen name="x375">652.78dp</dimen>
    <dimen name="x376">654.52dp</dimen>
    <dimen name="x377">656.26dp</dimen>
    <dimen name="x378">658.00dp</dimen>
    <dimen name="x379">659.74dp</dimen>
    <dimen name="x380">661.48dp</dimen>
    <dimen name="x381">663.22dp</dimen>
    <dimen name="x382">664.96dp</dimen>
    <dimen name="x383">666.70dp</dimen>
    <dimen name="x384">668.44dp</dimen>
    <dimen name="x385">670.19dp</dimen>
    <dimen name="x386">671.93dp</dimen>
    <dimen name="x387">673.67dp</dimen>
    <dimen name="x388">675.41dp</dimen>
    <dimen name="x389">677.15dp</dimen>
    <dimen name="x390">678.89dp</dimen>
    <dimen name="x391">680.63dp</dimen>
    <dimen name="x392">682.37dp</dimen>
    <dimen name="x393">684.11dp</dimen>
    <dimen name="x394">685.85dp</dimen>
    <dimen name="x395">687.59dp</dimen>
    <dimen name="x396">689.33dp</dimen>
    <dimen name="x397">691.07dp</dimen>
    <dimen name="x398">692.81dp</dimen>
    <dimen name="x399">694.56dp</dimen>
    <dimen name="x400">696.30dp</dimen>
    <dimen name="x401">698.04dp</dimen>
    <dimen name="x402">699.78dp</dimen>
    <dimen name="x403">701.52dp</dimen>
    <dimen name="x404">703.26dp</dimen>
    <dimen name="x405">705.00dp</dimen>
    <dimen name="x406">706.74dp</dimen>
    <dimen name="x407">708.48dp</dimen>
    <dimen name="x408">710.22dp</dimen>
    <dimen name="x409">711.96dp</dimen>
    <dimen name="x410">713.70dp</dimen>
    <dimen name="x411">715.44dp</dimen>
    <dimen name="x412">717.19dp</dimen>
    <dimen name="x413">718.93dp</dimen>
    <dimen name="x414">720.67dp</dimen>
    <dimen name="x415">722.41dp</dimen>
    <dimen name="x416">724.15dp</dimen>
    <dimen name="x417">725.89dp</dimen>
    <dimen name="x418">727.63dp</dimen>
    <dimen name="x419">729.37dp</dimen>
    <dimen name="x420">731.11dp</dimen>
    <dimen name="x421">732.85dp</dimen>
    <dimen name="x422">734.59dp</dimen>
    <dimen name="x423">736.33dp</dimen>
    <dimen name="x424">738.07dp</dimen>
    <dimen name="x425">739.81dp</dimen>
    <dimen name="x426">741.56dp</dimen>
    <dimen name="x427">743.30dp</dimen>
    <dimen name="x428">745.04dp</dimen>
    <dimen name="x429">746.78dp</dimen>
    <dimen name="x430">748.52dp</dimen>
    <dimen name="x431">750.26dp</dimen>
    <dimen name="x432">752.00dp</dimen>
    <dimen name="x433">753.74dp</dimen>
    <dimen name="x434">755.48dp</dimen>
    <dimen name="x435">757.22dp</dimen>
    <dimen name="x436">758.96dp</dimen>
    <dimen name="x437">760.70dp</dimen>
    <dimen name="x438">762.44dp</dimen>
    <dimen name="x439">764.19dp</dimen>
    <dimen name="x440">765.93dp</dimen>
    <dimen name="x441">767.67dp</dimen>
    <dimen name="x442">769.41dp</dimen>
    <dimen name="x443">771.15dp</dimen>
    <dimen name="x444">772.89dp</dimen>
    <dimen name="x445">774.63dp</dimen>
    <dimen name="x446">776.37dp</dimen>
    <dimen name="x447">778.11dp</dimen>
    <dimen name="x448">779.85dp</dimen>
    <dimen name="x449">781.59dp</dimen>
    <dimen name="x450">783.33dp</dimen>
    <dimen name="x451">785.07dp</dimen>
    <dimen name="x452">786.81dp</dimen>
    <dimen name="x453">788.56dp</dimen>
    <dimen name="x454">790.30dp</dimen>
    <dimen name="x455">792.04dp</dimen>
    <dimen name="x456">793.78dp</dimen>
    <dimen name="x457">795.52dp</dimen>
    <dimen name="x458">797.26dp</dimen>
    <dimen name="x459">799.00dp</dimen>
    <dimen name="x460">800.74dp</dimen>
    <dimen name="x461">802.48dp</dimen>
    <dimen name="x462">804.22dp</dimen>
    <dimen name="x463">805.96dp</dimen>
    <dimen name="x464">807.70dp</dimen>
    <dimen name="x465">809.44dp</dimen>
    <dimen name="x466">811.19dp</dimen>
    <dimen name="x467">812.93dp</dimen>
    <dimen name="x468">814.67dp</dimen>
    <dimen name="x469">816.41dp</dimen>
    <dimen name="x470">818.15dp</dimen>
    <dimen name="x471">819.89dp</dimen>
    <dimen name="x472">821.63dp</dimen>
    <dimen name="x473">823.37dp</dimen>
    <dimen name="x474">825.11dp</dimen>
    <dimen name="x475">826.85dp</dimen>
    <dimen name="x476">828.59dp</dimen>
    <dimen name="x477">830.33dp</dimen>
    <dimen name="x478">832.07dp</dimen>
    <dimen name="x479">833.81dp</dimen>
    <dimen name="x480">835.56dp</dimen>
    <dimen name="x481">837.30dp</dimen>
    <dimen name="x482">839.04dp</dimen>
    <dimen name="x483">840.78dp</dimen>
    <dimen name="x484">842.52dp</dimen>
    <dimen name="x485">844.26dp</dimen>
    <dimen name="x486">846.00dp</dimen>
    <dimen name="x487">847.74dp</dimen>
    <dimen name="x488">849.48dp</dimen>
    <dimen name="x489">851.22dp</dimen>
    <dimen name="x490">852.96dp</dimen>
    <dimen name="x491">854.70dp</dimen>
    <dimen name="x492">856.44dp</dimen>
    <dimen name="x493">858.19dp</dimen>
    <dimen name="x494">859.93dp</dimen>
    <dimen name="x495">861.67dp</dimen>
    <dimen name="x496">863.41dp</dimen>
    <dimen name="x497">865.15dp</dimen>
    <dimen name="x498">866.89dp</dimen>
    <dimen name="x499">868.63dp</dimen>
    <dimen name="x500">870.37dp</dimen>
    <dimen name="x501">872.11dp</dimen>
    <dimen name="x502">873.85dp</dimen>
    <dimen name="x503">875.59dp</dimen>
    <dimen name="x504">877.33dp</dimen>
    <dimen name="x505">879.07dp</dimen>
    <dimen name="x506">880.81dp</dimen>
    <dimen name="x507">882.56dp</dimen>
    <dimen name="x508">884.30dp</dimen>
    <dimen name="x509">886.04dp</dimen>
    <dimen name="x510">887.78dp</dimen>
    <dimen name="x511">889.52dp</dimen>
    <dimen name="x512">891.26dp</dimen>
    <dimen name="x513">893.00dp</dimen>
    <dimen name="x514">894.74dp</dimen>
    <dimen name="x515">896.48dp</dimen>
    <dimen name="x516">898.22dp</dimen>
    <dimen name="x517">899.96dp</dimen>
    <dimen name="x518">901.70dp</dimen>
    <dimen name="x519">903.44dp</dimen>
    <dimen name="x520">905.19dp</dimen>
    <dimen name="x521">906.93dp</dimen>
    <dimen name="x522">908.67dp</dimen>
    <dimen name="x523">910.41dp</dimen>
    <dimen name="x524">912.15dp</dimen>
    <dimen name="x525">913.89dp</dimen>
    <dimen name="x526">915.63dp</dimen>
    <dimen name="x527">917.37dp</dimen>
    <dimen name="x528">919.11dp</dimen>
    <dimen name="x529">920.85dp</dimen>
    <dimen name="x530">922.59dp</dimen>
    <dimen name="x531">924.33dp</dimen>
    <dimen name="x532">926.07dp</dimen>
    <dimen name="x533">927.81dp</dimen>
    <dimen name="x534">929.56dp</dimen>
    <dimen name="x535">931.30dp</dimen>
    <dimen name="x536">933.04dp</dimen>
    <dimen name="x537">934.78dp</dimen>
    <dimen name="x538">936.52dp</dimen>
    <dimen name="x539">938.26dp</dimen>
    <dimen name="x540">940.00dp</dimen>
    <dimen name="x541">941.74dp</dimen>
    <dimen name="x542">943.48dp</dimen>
    <dimen name="x543">945.22dp</dimen>
    <dimen name="x544">946.96dp</dimen>
    <dimen name="x545">948.70dp</dimen>
    <dimen name="x546">950.44dp</dimen>
    <dimen name="x547">952.19dp</dimen>
    <dimen name="x548">953.93dp</dimen>
    <dimen name="x549">955.67dp</dimen>
    <dimen name="x550">957.41dp</dimen>
    <dimen name="x551">959.15dp</dimen>
    <dimen name="x552">960.89dp</dimen>
    <dimen name="x553">962.63dp</dimen>
    <dimen name="x554">964.37dp</dimen>
    <dimen name="x555">966.11dp</dimen>
    <dimen name="x556">967.85dp</dimen>
    <dimen name="x557">969.59dp</dimen>
    <dimen name="x558">971.33dp</dimen>
    <dimen name="x559">973.07dp</dimen>
    <dimen name="x560">974.81dp</dimen>
    <dimen name="x561">976.56dp</dimen>
    <dimen name="x562">978.30dp</dimen>
    <dimen name="x563">980.04dp</dimen>
    <dimen name="x564">981.78dp</dimen>
    <dimen name="x565">983.52dp</dimen>
    <dimen name="x566">985.26dp</dimen>
    <dimen name="x567">987.00dp</dimen>
    <dimen name="x568">988.74dp</dimen>
    <dimen name="x569">990.48dp</dimen>
    <dimen name="x570">992.22dp</dimen>
    <dimen name="x571">993.96dp</dimen>
    <dimen name="x572">995.70dp</dimen>
    <dimen name="x573">997.44dp</dimen>
    <dimen name="x574">999.19dp</dimen>
    <dimen name="x575">1000.93dp</dimen>
    <dimen name="x576">1002.67dp</dimen>
    <dimen name="x577">1004.41dp</dimen>
    <dimen name="x578">1006.15dp</dimen>
    <dimen name="x579">1007.89dp</dimen>
    <dimen name="x580">1009.63dp</dimen>
    <dimen name="x581">1011.37dp</dimen>
    <dimen name="x582">1013.11dp</dimen>
    <dimen name="x583">1014.85dp</dimen>
    <dimen name="x584">1016.59dp</dimen>
    <dimen name="x585">1018.33dp</dimen>
    <dimen name="x586">1020.07dp</dimen>
    <dimen name="x587">1021.81dp</dimen>
    <dimen name="x588">1023.56dp</dimen>
    <dimen name="x589">1025.30dp</dimen>
    <dimen name="x590">1027.04dp</dimen>
    <dimen name="x591">1028.78dp</dimen>
    <dimen name="x592">1030.52dp</dimen>
    <dimen name="x593">1032.26dp</dimen>
    <dimen name="x594">1034.00dp</dimen>
    <dimen name="x595">1035.74dp</dimen>
    <dimen name="x596">1037.48dp</dimen>
    <dimen name="x597">1039.22dp</dimen>
    <dimen name="x598">1040.96dp</dimen>
    <dimen name="x599">1042.70dp</dimen>
    <dimen name="x600">1044.44dp</dimen>
    <dimen name="x601">1046.19dp</dimen>
    <dimen name="x602">1047.93dp</dimen>
    <dimen name="x603">1049.67dp</dimen>
    <dimen name="x604">1051.41dp</dimen>
    <dimen name="x605">1053.15dp</dimen>
    <dimen name="x606">1054.89dp</dimen>
    <dimen name="x607">1056.63dp</dimen>
    <dimen name="x608">1058.37dp</dimen>
    <dimen name="x609">1060.11dp</dimen>
    <dimen name="x610">1061.85dp</dimen>
    <dimen name="x611">1063.59dp</dimen>
    <dimen name="x612">1065.33dp</dimen>
    <dimen name="x613">1067.07dp</dimen>
    <dimen name="x614">1068.81dp</dimen>
    <dimen name="x615">1070.56dp</dimen>
    <dimen name="x616">1072.30dp</dimen>
    <dimen name="x617">1074.04dp</dimen>
    <dimen name="x618">1075.78dp</dimen>
    <dimen name="x619">1077.52dp</dimen>
    <dimen name="x620">1079.26dp</dimen>
    <dimen name="x621">1081.00dp</dimen>
    <dimen name="x622">1082.74dp</dimen>
    <dimen name="x623">1084.48dp</dimen>
    <dimen name="x624">1086.22dp</dimen>
    <dimen name="x625">1087.96dp</dimen>
    <dimen name="x626">1089.70dp</dimen>
    <dimen name="x627">1091.44dp</dimen>
    <dimen name="x628">1093.19dp</dimen>
    <dimen name="x629">1094.93dp</dimen>
    <dimen name="x630">1096.67dp</dimen>
    <dimen name="x631">1098.41dp</dimen>
    <dimen name="x632">1100.15dp</dimen>
    <dimen name="x633">1101.89dp</dimen>
    <dimen name="x634">1103.63dp</dimen>
    <dimen name="x635">1105.37dp</dimen>
    <dimen name="x636">1107.11dp</dimen>
    <dimen name="x637">1108.85dp</dimen>
    <dimen name="x638">1110.59dp</dimen>
    <dimen name="x639">1112.33dp</dimen>
    <dimen name="x640">1114.07dp</dimen>
    <dimen name="x641">1115.81dp</dimen>
    <dimen name="x642">1117.56dp</dimen>
    <dimen name="x643">1119.30dp</dimen>
    <dimen name="x644">1121.04dp</dimen>
    <dimen name="x645">1122.78dp</dimen>
    <dimen name="x646">1124.52dp</dimen>
    <dimen name="x647">1126.26dp</dimen>
    <dimen name="x648">1128.00dp</dimen>
    <dimen name="x649">1129.74dp</dimen>
    <dimen name="x650">1131.48dp</dimen>
    <dimen name="x651">1133.22dp</dimen>
    <dimen name="x652">1134.96dp</dimen>
    <dimen name="x653">1136.70dp</dimen>
    <dimen name="x654">1138.44dp</dimen>
    <dimen name="x655">1140.19dp</dimen>
    <dimen name="x656">1141.93dp</dimen>
    <dimen name="x657">1143.67dp</dimen>
    <dimen name="x658">1145.41dp</dimen>
    <dimen name="x659">1147.15dp</dimen>
    <dimen name="x660">1148.89dp</dimen>
    <dimen name="x661">1150.63dp</dimen>
    <dimen name="x662">1152.37dp</dimen>
    <dimen name="x663">1154.11dp</dimen>
    <dimen name="x664">1155.85dp</dimen>
    <dimen name="x665">1157.59dp</dimen>
    <dimen name="x666">1159.33dp</dimen>
    <dimen name="x667">1161.07dp</dimen>
    <dimen name="x668">1162.81dp</dimen>
    <dimen name="x669">1164.56dp</dimen>
    <dimen name="x670">1166.30dp</dimen>
    <dimen name="x671">1168.04dp</dimen>
    <dimen name="x672">1169.78dp</dimen>
    <dimen name="x673">1171.52dp</dimen>
    <dimen name="x674">1173.26dp</dimen>
    <dimen name="x675">1175.00dp</dimen>
    <dimen name="x676">1176.74dp</dimen>
    <dimen name="x677">1178.48dp</dimen>
    <dimen name="x678">1180.22dp</dimen>
    <dimen name="x679">1181.96dp</dimen>
    <dimen name="x680">1183.70dp</dimen>
    <dimen name="x681">1185.44dp</dimen>
    <dimen name="x682">1187.19dp</dimen>
    <dimen name="x683">1188.93dp</dimen>
    <dimen name="x684">1190.67dp</dimen>
    <dimen name="x685">1192.41dp</dimen>
    <dimen name="x686">1194.15dp</dimen>
    <dimen name="x687">1195.89dp</dimen>
    <dimen name="x688">1197.63dp</dimen>
    <dimen name="x689">1199.37dp</dimen>
    <dimen name="x690">1201.11dp</dimen>
    <dimen name="x691">1202.85dp</dimen>
    <dimen name="x692">1204.59dp</dimen>
    <dimen name="x693">1206.33dp</dimen>
    <dimen name="x694">1208.07dp</dimen>
    <dimen name="x695">1209.81dp</dimen>
    <dimen name="x696">1211.56dp</dimen>
    <dimen name="x697">1213.30dp</dimen>
    <dimen name="x698">1215.04dp</dimen>
    <dimen name="x699">1216.78dp</dimen>
    <dimen name="x700">1218.52dp</dimen>
    <dimen name="x701">1220.26dp</dimen>
    <dimen name="x702">1222.00dp</dimen>
    <dimen name="x703">1223.74dp</dimen>
    <dimen name="x704">1225.48dp</dimen>
    <dimen name="x705">1227.22dp</dimen>
    <dimen name="x706">1228.96dp</dimen>
    <dimen name="x707">1230.70dp</dimen>
    <dimen name="x708">1232.44dp</dimen>
    <dimen name="x709">1234.19dp</dimen>
    <dimen name="x710">1235.93dp</dimen>
    <dimen name="x711">1237.67dp</dimen>
    <dimen name="x712">1239.41dp</dimen>
    <dimen name="x713">1241.15dp</dimen>
    <dimen name="x714">1242.89dp</dimen>
    <dimen name="x715">1244.63dp</dimen>
    <dimen name="x716">1246.37dp</dimen>
    <dimen name="x717">1248.11dp</dimen>
    <dimen name="x718">1249.85dp</dimen>
    <dimen name="x719">1251.59dp</dimen>
    <dimen name="x720">1253.33dp</dimen>
    <dimen name="x721">1255.07dp</dimen>
    <dimen name="x722">1256.81dp</dimen>
    <dimen name="x723">1258.56dp</dimen>
    <dimen name="x724">1260.30dp</dimen>
    <dimen name="x725">1262.04dp</dimen>
    <dimen name="x726">1263.78dp</dimen>
    <dimen name="x727">1265.52dp</dimen>
    <dimen name="x728">1267.26dp</dimen>
    <dimen name="x729">1269.00dp</dimen>
    <dimen name="x730">1270.74dp</dimen>
    <dimen name="x731">1272.48dp</dimen>
    <dimen name="x732">1274.22dp</dimen>
    <dimen name="x733">1275.96dp</dimen>
    <dimen name="x734">1277.70dp</dimen>
    <dimen name="x735">1279.44dp</dimen>
    <dimen name="x736">1281.19dp</dimen>
    <dimen name="x737">1282.93dp</dimen>
    <dimen name="x738">1284.67dp</dimen>
    <dimen name="x739">1286.41dp</dimen>
    <dimen name="x740">1288.15dp</dimen>
    <dimen name="x741">1289.89dp</dimen>
    <dimen name="x742">1291.63dp</dimen>
    <dimen name="x743">1293.37dp</dimen>
    <dimen name="x744">1295.11dp</dimen>
    <dimen name="x745">1296.85dp</dimen>
    <dimen name="x746">1298.59dp</dimen>
    <dimen name="x747">1300.33dp</dimen>
    <dimen name="x748">1302.07dp</dimen>
    <dimen name="x749">1303.81dp</dimen>
    <dimen name="x750">1305.56dp</dimen>
    <dimen name="x751">1307.30dp</dimen>
    <dimen name="x752">1309.04dp</dimen>
    <dimen name="x753">1310.78dp</dimen>
    <dimen name="x754">1312.52dp</dimen>
    <dimen name="x755">1314.26dp</dimen>
    <dimen name="x756">1316.00dp</dimen>
    <dimen name="x757">1317.74dp</dimen>
    <dimen name="x758">1319.48dp</dimen>
    <dimen name="x759">1321.22dp</dimen>
    <dimen name="x760">1322.96dp</dimen>
    <dimen name="x761">1324.70dp</dimen>
    <dimen name="x762">1326.44dp</dimen>
    <dimen name="x763">1328.19dp</dimen>
    <dimen name="x764">1329.93dp</dimen>
    <dimen name="x765">1331.67dp</dimen>
    <dimen name="x766">1333.41dp</dimen>
    <dimen name="x767">1335.15dp</dimen>
    <dimen name="x768">1336.89dp</dimen>
    <dimen name="x769">1338.63dp</dimen>
    <dimen name="x770">1340.37dp</dimen>
    <dimen name="x771">1342.11dp</dimen>
    <dimen name="x772">1343.85dp</dimen>
    <dimen name="x773">1345.59dp</dimen>
    <dimen name="x774">1347.33dp</dimen>
    <dimen name="x775">1349.07dp</dimen>
    <dimen name="x776">1350.81dp</dimen>
    <dimen name="x777">1352.56dp</dimen>
    <dimen name="x778">1354.30dp</dimen>
    <dimen name="x779">1356.04dp</dimen>
    <dimen name="x780">1357.78dp</dimen>
    <dimen name="x781">1359.52dp</dimen>
    <dimen name="x782">1361.26dp</dimen>
    <dimen name="x783">1363.00dp</dimen>
    <dimen name="x784">1364.74dp</dimen>
    <dimen name="x785">1366.48dp</dimen>
    <dimen name="x786">1368.22dp</dimen>
    <dimen name="x787">1369.96dp</dimen>
    <dimen name="x788">1371.70dp</dimen>
    <dimen name="x789">1373.44dp</dimen>
    <dimen name="x790">1375.19dp</dimen>
    <dimen name="x791">1376.93dp</dimen>
    <dimen name="x792">1378.67dp</dimen>
    <dimen name="x793">1380.41dp</dimen>
    <dimen name="x794">1382.15dp</dimen>
    <dimen name="x795">1383.89dp</dimen>
    <dimen name="x796">1385.63dp</dimen>
    <dimen name="x797">1387.37dp</dimen>
    <dimen name="x798">1389.11dp</dimen>
    <dimen name="x799">1390.85dp</dimen>
    <dimen name="x800">1392.59dp</dimen>
    <dimen name="x801">1394.33dp</dimen>
    <dimen name="x802">1396.07dp</dimen>
    <dimen name="x803">1397.81dp</dimen>
    <dimen name="x804">1399.56dp</dimen>
    <dimen name="x805">1401.30dp</dimen>
    <dimen name="x806">1403.04dp</dimen>
    <dimen name="x807">1404.78dp</dimen>
    <dimen name="x808">1406.52dp</dimen>
    <dimen name="x809">1408.26dp</dimen>
    <dimen name="x810">1410.00dp</dimen>
    <dimen name="x811">1411.74dp</dimen>
    <dimen name="x812">1413.48dp</dimen>
    <dimen name="x813">1415.22dp</dimen>
    <dimen name="x814">1416.96dp</dimen>
    <dimen name="x815">1418.70dp</dimen>
    <dimen name="x816">1420.44dp</dimen>
    <dimen name="x817">1422.19dp</dimen>
    <dimen name="x818">1423.93dp</dimen>
    <dimen name="x819">1425.67dp</dimen>
    <dimen name="x820">1427.41dp</dimen>
    <dimen name="x821">1429.15dp</dimen>
    <dimen name="x822">1430.89dp</dimen>
    <dimen name="x823">1432.63dp</dimen>
    <dimen name="x824">1434.37dp</dimen>
    <dimen name="x825">1436.11dp</dimen>
    <dimen name="x826">1437.85dp</dimen>
    <dimen name="x827">1439.59dp</dimen>
    <dimen name="x828">1441.33dp</dimen>
    <dimen name="x829">1443.07dp</dimen>
    <dimen name="x830">1444.81dp</dimen>
    <dimen name="x831">1446.56dp</dimen>
    <dimen name="x832">1448.30dp</dimen>
    <dimen name="x833">1450.04dp</dimen>
    <dimen name="x834">1451.78dp</dimen>
    <dimen name="x835">1453.52dp</dimen>
    <dimen name="x836">1455.26dp</dimen>
    <dimen name="x837">1457.00dp</dimen>
    <dimen name="x838">1458.74dp</dimen>
    <dimen name="x839">1460.48dp</dimen>
    <dimen name="x840">1462.22dp</dimen>
    <dimen name="x841">1463.96dp</dimen>
    <dimen name="x842">1465.70dp</dimen>
    <dimen name="x843">1467.44dp</dimen>
    <dimen name="x844">1469.19dp</dimen>
    <dimen name="x845">1470.93dp</dimen>
    <dimen name="x846">1472.67dp</dimen>
    <dimen name="x847">1474.41dp</dimen>
    <dimen name="x848">1476.15dp</dimen>
    <dimen name="x849">1477.89dp</dimen>
    <dimen name="x850">1479.63dp</dimen>
    <dimen name="x851">1481.37dp</dimen>
    <dimen name="x852">1483.11dp</dimen>
    <dimen name="x853">1484.85dp</dimen>
    <dimen name="x854">1486.59dp</dimen>
    <dimen name="x855">1488.33dp</dimen>
    <dimen name="x856">1490.07dp</dimen>
    <dimen name="x857">1491.81dp</dimen>
    <dimen name="x858">1493.56dp</dimen>
    <dimen name="x859">1495.30dp</dimen>
    <dimen name="x860">1497.04dp</dimen>
    <dimen name="x861">1498.78dp</dimen>
    <dimen name="x862">1500.52dp</dimen>
    <dimen name="x863">1502.26dp</dimen>
    <dimen name="x864">1504.00dp</dimen>
    <dimen name="x865">1505.74dp</dimen>
    <dimen name="x866">1507.48dp</dimen>
    <dimen name="x867">1509.22dp</dimen>
    <dimen name="x868">1510.96dp</dimen>
    <dimen name="x869">1512.70dp</dimen>
    <dimen name="x870">1514.44dp</dimen>
    <dimen name="x871">1516.19dp</dimen>
    <dimen name="x872">1517.93dp</dimen>
    <dimen name="x873">1519.67dp</dimen>
    <dimen name="x874">1521.41dp</dimen>
    <dimen name="x875">1523.15dp</dimen>
    <dimen name="x876">1524.89dp</dimen>
    <dimen name="x877">1526.63dp</dimen>
    <dimen name="x878">1528.37dp</dimen>
    <dimen name="x879">1530.11dp</dimen>
    <dimen name="x880">1531.85dp</dimen>
    <dimen name="x881">1533.59dp</dimen>
    <dimen name="x882">1535.33dp</dimen>
    <dimen name="x883">1537.07dp</dimen>
    <dimen name="x884">1538.81dp</dimen>
    <dimen name="x885">1540.56dp</dimen>
    <dimen name="x886">1542.30dp</dimen>
    <dimen name="x887">1544.04dp</dimen>
    <dimen name="x888">1545.78dp</dimen>
    <dimen name="x889">1547.52dp</dimen>
    <dimen name="x890">1549.26dp</dimen>
    <dimen name="x891">1551.00dp</dimen>
    <dimen name="x892">1552.74dp</dimen>
    <dimen name="x893">1554.48dp</dimen>
    <dimen name="x894">1556.22dp</dimen>
    <dimen name="x895">1557.96dp</dimen>
    <dimen name="x896">1559.70dp</dimen>
    <dimen name="x897">1561.44dp</dimen>
    <dimen name="x898">1563.19dp</dimen>
    <dimen name="x899">1564.93dp</dimen>
    <dimen name="x900">1566.67dp</dimen>
    <dimen name="x901">1568.41dp</dimen>
    <dimen name="x902">1570.15dp</dimen>
    <dimen name="x903">1571.89dp</dimen>
    <dimen name="x904">1573.63dp</dimen>
    <dimen name="x905">1575.37dp</dimen>
    <dimen name="x906">1577.11dp</dimen>
    <dimen name="x907">1578.85dp</dimen>
    <dimen name="x908">1580.59dp</dimen>
    <dimen name="x909">1582.33dp</dimen>
    <dimen name="x910">1584.07dp</dimen>
    <dimen name="x911">1585.81dp</dimen>
    <dimen name="x912">1587.56dp</dimen>
    <dimen name="x913">1589.30dp</dimen>
    <dimen name="x914">1591.04dp</dimen>
    <dimen name="x915">1592.78dp</dimen>
    <dimen name="x916">1594.52dp</dimen>
    <dimen name="x917">1596.26dp</dimen>
    <dimen name="x918">1598.00dp</dimen>
    <dimen name="x919">1599.74dp</dimen>
    <dimen name="x920">1601.48dp</dimen>
    <dimen name="x921">1603.22dp</dimen>
    <dimen name="x922">1604.96dp</dimen>
    <dimen name="x923">1606.70dp</dimen>
    <dimen name="x924">1608.44dp</dimen>
    <dimen name="x925">1610.19dp</dimen>
    <dimen name="x926">1611.93dp</dimen>
    <dimen name="x927">1613.67dp</dimen>
    <dimen name="x928">1615.41dp</dimen>
    <dimen name="x929">1617.15dp</dimen>
    <dimen name="x930">1618.89dp</dimen>
    <dimen name="x931">1620.63dp</dimen>
    <dimen name="x932">1622.37dp</dimen>
    <dimen name="x933">1624.11dp</dimen>
    <dimen name="x934">1625.85dp</dimen>
    <dimen name="x935">1627.59dp</dimen>
    <dimen name="x936">1629.33dp</dimen>
    <dimen name="x937">1631.07dp</dimen>
    <dimen name="x938">1632.81dp</dimen>
    <dimen name="x939">1634.56dp</dimen>
    <dimen name="x940">1636.30dp</dimen>
    <dimen name="x941">1638.04dp</dimen>
    <dimen name="x942">1639.78dp</dimen>
    <dimen name="x943">1641.52dp</dimen>
    <dimen name="x944">1643.26dp</dimen>
    <dimen name="x945">1645.00dp</dimen>
    <dimen name="x946">1646.74dp</dimen>
    <dimen name="x947">1648.48dp</dimen>
    <dimen name="x948">1650.22dp</dimen>
    <dimen name="x949">1651.96dp</dimen>
    <dimen name="x950">1653.70dp</dimen>
    <dimen name="x951">1655.44dp</dimen>
    <dimen name="x952">1657.19dp</dimen>
    <dimen name="x953">1658.93dp</dimen>
    <dimen name="x954">1660.67dp</dimen>
    <dimen name="x955">1662.41dp</dimen>
    <dimen name="x956">1664.15dp</dimen>
    <dimen name="x957">1665.89dp</dimen>
    <dimen name="x958">1667.63dp</dimen>
    <dimen name="x959">1669.37dp</dimen>
    <dimen name="x960">1671.11dp</dimen>
    <dimen name="x961">1672.85dp</dimen>
    <dimen name="x962">1674.59dp</dimen>
    <dimen name="x963">1676.33dp</dimen>
    <dimen name="x964">1678.07dp</dimen>
    <dimen name="x965">1679.81dp</dimen>
    <dimen name="x966">1681.56dp</dimen>
    <dimen name="x967">1683.30dp</dimen>
    <dimen name="x968">1685.04dp</dimen>
    <dimen name="x969">1686.78dp</dimen>
    <dimen name="x970">1688.52dp</dimen>
    <dimen name="x971">1690.26dp</dimen>
    <dimen name="x972">1692.00dp</dimen>
    <dimen name="x973">1693.74dp</dimen>
    <dimen name="x974">1695.48dp</dimen>
    <dimen name="x975">1697.22dp</dimen>
    <dimen name="x976">1698.96dp</dimen>
    <dimen name="x977">1700.70dp</dimen>
    <dimen name="x978">1702.44dp</dimen>
    <dimen name="x979">1704.19dp</dimen>
    <dimen name="x980">1705.93dp</dimen>
    <dimen name="x981">1707.67dp</dimen>
    <dimen name="x982">1709.41dp</dimen>
    <dimen name="x983">1711.15dp</dimen>
    <dimen name="x984">1712.89dp</dimen>
    <dimen name="x985">1714.63dp</dimen>
    <dimen name="x986">1716.37dp</dimen>
    <dimen name="x987">1718.11dp</dimen>
    <dimen name="x988">1719.85dp</dimen>
    <dimen name="x989">1721.59dp</dimen>
    <dimen name="x990">1723.33dp</dimen>
    <dimen name="x991">1725.07dp</dimen>
    <dimen name="x992">1726.81dp</dimen>
    <dimen name="x993">1728.56dp</dimen>
    <dimen name="x994">1730.30dp</dimen>
    <dimen name="x995">1732.04dp</dimen>
    <dimen name="x996">1733.78dp</dimen>
    <dimen name="x997">1735.52dp</dimen>
    <dimen name="x998">1737.26dp</dimen>
    <dimen name="x999">1739.00dp</dimen>
    <dimen name="x1000">1740.74dp</dimen>
    <dimen name="x1001">1742.48dp</dimen>
    <dimen name="x1002">1744.22dp</dimen>
    <dimen name="x1003">1745.96dp</dimen>
    <dimen name="x1004">1747.70dp</dimen>
    <dimen name="x1005">1749.44dp</dimen>
    <dimen name="x1006">1751.19dp</dimen>
    <dimen name="x1007">1752.93dp</dimen>
    <dimen name="x1008">1754.67dp</dimen>
    <dimen name="x1009">1756.41dp</dimen>
    <dimen name="x1010">1758.15dp</dimen>
    <dimen name="x1011">1759.89dp</dimen>
    <dimen name="x1012">1761.63dp</dimen>
    <dimen name="x1013">1763.37dp</dimen>
    <dimen name="x1014">1765.11dp</dimen>
    <dimen name="x1015">1766.85dp</dimen>
    <dimen name="x1016">1768.59dp</dimen>
    <dimen name="x1017">1770.33dp</dimen>
    <dimen name="x1018">1772.07dp</dimen>
    <dimen name="x1019">1773.81dp</dimen>
    <dimen name="x1020">1775.56dp</dimen>
    <dimen name="x1021">1777.30dp</dimen>
    <dimen name="x1022">1779.04dp</dimen>
    <dimen name="x1023">1780.78dp</dimen>
    <dimen name="x1024">1782.52dp</dimen>
    <dimen name="x1025">1784.26dp</dimen>
    <dimen name="x1026">1786.00dp</dimen>
    <dimen name="x1027">1787.74dp</dimen>
    <dimen name="x1028">1789.48dp</dimen>
    <dimen name="x1029">1791.22dp</dimen>
    <dimen name="x1030">1792.96dp</dimen>
    <dimen name="x1031">1794.70dp</dimen>
    <dimen name="x1032">1796.44dp</dimen>
    <dimen name="x1033">1798.19dp</dimen>
    <dimen name="x1034">1799.93dp</dimen>
    <dimen name="x1035">1801.67dp</dimen>
    <dimen name="x1036">1803.41dp</dimen>
    <dimen name="x1037">1805.15dp</dimen>
    <dimen name="x1038">1806.89dp</dimen>
    <dimen name="x1039">1808.63dp</dimen>
    <dimen name="x1040">1810.37dp</dimen>
    <dimen name="x1041">1812.11dp</dimen>
    <dimen name="x1042">1813.85dp</dimen>
    <dimen name="x1043">1815.59dp</dimen>
    <dimen name="x1044">1817.33dp</dimen>
    <dimen name="x1045">1819.07dp</dimen>
    <dimen name="x1046">1820.81dp</dimen>
    <dimen name="x1047">1822.56dp</dimen>
    <dimen name="x1048">1824.30dp</dimen>
    <dimen name="x1049">1826.04dp</dimen>
    <dimen name="x1050">1827.78dp</dimen>
    <dimen name="x1051">1829.52dp</dimen>
    <dimen name="x1052">1831.26dp</dimen>
    <dimen name="x1053">1833.00dp</dimen>
    <dimen name="x1054">1834.74dp</dimen>
    <dimen name="x1055">1836.48dp</dimen>
    <dimen name="x1056">1838.22dp</dimen>
    <dimen name="x1057">1839.96dp</dimen>
    <dimen name="x1058">1841.70dp</dimen>
    <dimen name="x1059">1843.44dp</dimen>
    <dimen name="x1060">1845.19dp</dimen>
    <dimen name="x1061">1846.93dp</dimen>
    <dimen name="x1062">1848.67dp</dimen>
    <dimen name="x1063">1850.41dp</dimen>
    <dimen name="x1064">1852.15dp</dimen>
    <dimen name="x1065">1853.89dp</dimen>
    <dimen name="x1066">1855.63dp</dimen>
    <dimen name="x1067">1857.37dp</dimen>
    <dimen name="x1068">1859.11dp</dimen>
    <dimen name="x1069">1860.85dp</dimen>
    <dimen name="x1070">1862.59dp</dimen>
    <dimen name="x1071">1864.33dp</dimen>
    <dimen name="x1072">1866.07dp</dimen>
    <dimen name="x1073">1867.81dp</dimen>
    <dimen name="x1074">1869.56dp</dimen>
    <dimen name="x1075">1871.30dp</dimen>
    <dimen name="x1076">1873.04dp</dimen>
    <dimen name="x1077">1874.78dp</dimen>
    <dimen name="x1078">1876.52dp</dimen>
    <dimen name="x1079">1878.26dp</dimen>
    <dimen name="x1080">1880.00dp</dimen>
</resources>