<?xml version="1.0" encoding="utf-8"?>
<resources>
    <string name="sw_dp">1870dp</string>
    <dimen name="x1">1.73dp</dimen>
    <dimen name="x2">3.46dp</dimen>
    <dimen name="x3">5.19dp</dimen>
    <dimen name="x4">6.93dp</dimen>
    <dimen name="x5">8.66dp</dimen>
    <dimen name="x6">10.39dp</dimen>
    <dimen name="x7">12.12dp</dimen>
    <dimen name="x8">13.85dp</dimen>
    <dimen name="x9">15.58dp</dimen>
    <dimen name="x10">17.31dp</dimen>
    <dimen name="x11">19.05dp</dimen>
    <dimen name="x12">20.78dp</dimen>
    <dimen name="x13">22.51dp</dimen>
    <dimen name="x14">24.24dp</dimen>
    <dimen name="x15">25.97dp</dimen>
    <dimen name="x16">27.70dp</dimen>
    <dimen name="x17">29.44dp</dimen>
    <dimen name="x18">31.17dp</dimen>
    <dimen name="x19">32.90dp</dimen>
    <dimen name="x20">34.63dp</dimen>
    <dimen name="x21">36.36dp</dimen>
    <dimen name="x22">38.09dp</dimen>
    <dimen name="x23">39.82dp</dimen>
    <dimen name="x24">41.56dp</dimen>
    <dimen name="x25">43.29dp</dimen>
    <dimen name="x26">45.02dp</dimen>
    <dimen name="x27">46.75dp</dimen>
    <dimen name="x28">48.48dp</dimen>
    <dimen name="x29">50.21dp</dimen>
    <dimen name="x30">51.94dp</dimen>
    <dimen name="x31">53.68dp</dimen>
    <dimen name="x32">55.41dp</dimen>
    <dimen name="x33">57.14dp</dimen>
    <dimen name="x34">58.87dp</dimen>
    <dimen name="x35">60.60dp</dimen>
    <dimen name="x36">62.33dp</dimen>
    <dimen name="x37">64.06dp</dimen>
    <dimen name="x38">65.80dp</dimen>
    <dimen name="x39">67.53dp</dimen>
    <dimen name="x40">69.26dp</dimen>
    <dimen name="x41">70.99dp</dimen>
    <dimen name="x42">72.72dp</dimen>
    <dimen name="x43">74.45dp</dimen>
    <dimen name="x44">76.19dp</dimen>
    <dimen name="x45">77.92dp</dimen>
    <dimen name="x46">79.65dp</dimen>
    <dimen name="x47">81.38dp</dimen>
    <dimen name="x48">83.11dp</dimen>
    <dimen name="x49">84.84dp</dimen>
    <dimen name="x50">86.57dp</dimen>
    <dimen name="x51">88.31dp</dimen>
    <dimen name="x52">90.04dp</dimen>
    <dimen name="x53">91.77dp</dimen>
    <dimen name="x54">93.50dp</dimen>
    <dimen name="x55">95.23dp</dimen>
    <dimen name="x56">96.96dp</dimen>
    <dimen name="x57">98.69dp</dimen>
    <dimen name="x58">100.43dp</dimen>
    <dimen name="x59">102.16dp</dimen>
    <dimen name="x60">103.89dp</dimen>
    <dimen name="x61">105.62dp</dimen>
    <dimen name="x62">107.35dp</dimen>
    <dimen name="x63">109.08dp</dimen>
    <dimen name="x64">110.81dp</dimen>
    <dimen name="x65">112.55dp</dimen>
    <dimen name="x66">114.28dp</dimen>
    <dimen name="x67">116.01dp</dimen>
    <dimen name="x68">117.74dp</dimen>
    <dimen name="x69">119.47dp</dimen>
    <dimen name="x70">121.20dp</dimen>
    <dimen name="x71">122.94dp</dimen>
    <dimen name="x72">124.67dp</dimen>
    <dimen name="x73">126.40dp</dimen>
    <dimen name="x74">128.13dp</dimen>
    <dimen name="x75">129.86dp</dimen>
    <dimen name="x76">131.59dp</dimen>
    <dimen name="x77">133.32dp</dimen>
    <dimen name="x78">135.06dp</dimen>
    <dimen name="x79">136.79dp</dimen>
    <dimen name="x80">138.52dp</dimen>
    <dimen name="x81">140.25dp</dimen>
    <dimen name="x82">141.98dp</dimen>
    <dimen name="x83">143.71dp</dimen>
    <dimen name="x84">145.44dp</dimen>
    <dimen name="x85">147.18dp</dimen>
    <dimen name="x86">148.91dp</dimen>
    <dimen name="x87">150.64dp</dimen>
    <dimen name="x88">152.37dp</dimen>
    <dimen name="x89">154.10dp</dimen>
    <dimen name="x90">155.83dp</dimen>
    <dimen name="x91">157.56dp</dimen>
    <dimen name="x92">159.30dp</dimen>
    <dimen name="x93">161.03dp</dimen>
    <dimen name="x94">162.76dp</dimen>
    <dimen name="x95">164.49dp</dimen>
    <dimen name="x96">166.22dp</dimen>
    <dimen name="x97">167.95dp</dimen>
    <dimen name="x98">169.69dp</dimen>
    <dimen name="x99">171.42dp</dimen>
    <dimen name="x100">173.15dp</dimen>
    <dimen name="x101">174.88dp</dimen>
    <dimen name="x102">176.61dp</dimen>
    <dimen name="x103">178.34dp</dimen>
    <dimen name="x104">180.07dp</dimen>
    <dimen name="x105">181.81dp</dimen>
    <dimen name="x106">183.54dp</dimen>
    <dimen name="x107">185.27dp</dimen>
    <dimen name="x108">187.00dp</dimen>
    <dimen name="x109">188.73dp</dimen>
    <dimen name="x110">190.46dp</dimen>
    <dimen name="x111">192.19dp</dimen>
    <dimen name="x112">193.93dp</dimen>
    <dimen name="x113">195.66dp</dimen>
    <dimen name="x114">197.39dp</dimen>
    <dimen name="x115">199.12dp</dimen>
    <dimen name="x116">200.85dp</dimen>
    <dimen name="x117">202.58dp</dimen>
    <dimen name="x118">204.31dp</dimen>
    <dimen name="x119">206.05dp</dimen>
    <dimen name="x120">207.78dp</dimen>
    <dimen name="x121">209.51dp</dimen>
    <dimen name="x122">211.24dp</dimen>
    <dimen name="x123">212.97dp</dimen>
    <dimen name="x124">214.70dp</dimen>
    <dimen name="x125">216.44dp</dimen>
    <dimen name="x126">218.17dp</dimen>
    <dimen name="x127">219.90dp</dimen>
    <dimen name="x128">221.63dp</dimen>
    <dimen name="x129">223.36dp</dimen>
    <dimen name="x130">225.09dp</dimen>
    <dimen name="x131">226.82dp</dimen>
    <dimen name="x132">228.56dp</dimen>
    <dimen name="x133">230.29dp</dimen>
    <dimen name="x134">232.02dp</dimen>
    <dimen name="x135">233.75dp</dimen>
    <dimen name="x136">235.48dp</dimen>
    <dimen name="x137">237.21dp</dimen>
    <dimen name="x138">238.94dp</dimen>
    <dimen name="x139">240.68dp</dimen>
    <dimen name="x140">242.41dp</dimen>
    <dimen name="x141">244.14dp</dimen>
    <dimen name="x142">245.87dp</dimen>
    <dimen name="x143">247.60dp</dimen>
    <dimen name="x144">249.33dp</dimen>
    <dimen name="x145">251.06dp</dimen>
    <dimen name="x146">252.80dp</dimen>
    <dimen name="x147">254.53dp</dimen>
    <dimen name="x148">256.26dp</dimen>
    <dimen name="x149">257.99dp</dimen>
    <dimen name="x150">259.72dp</dimen>
    <dimen name="x151">261.45dp</dimen>
    <dimen name="x152">263.19dp</dimen>
    <dimen name="x153">264.92dp</dimen>
    <dimen name="x154">266.65dp</dimen>
    <dimen name="x155">268.38dp</dimen>
    <dimen name="x156">270.11dp</dimen>
    <dimen name="x157">271.84dp</dimen>
    <dimen name="x158">273.57dp</dimen>
    <dimen name="x159">275.31dp</dimen>
    <dimen name="x160">277.04dp</dimen>
    <dimen name="x161">278.77dp</dimen>
    <dimen name="x162">280.50dp</dimen>
    <dimen name="x163">282.23dp</dimen>
    <dimen name="x164">283.96dp</dimen>
    <dimen name="x165">285.69dp</dimen>
    <dimen name="x166">287.43dp</dimen>
    <dimen name="x167">289.16dp</dimen>
    <dimen name="x168">290.89dp</dimen>
    <dimen name="x169">292.62dp</dimen>
    <dimen name="x170">294.35dp</dimen>
    <dimen name="x171">296.08dp</dimen>
    <dimen name="x172">297.81dp</dimen>
    <dimen name="x173">299.55dp</dimen>
    <dimen name="x174">301.28dp</dimen>
    <dimen name="x175">303.01dp</dimen>
    <dimen name="x176">304.74dp</dimen>
    <dimen name="x177">306.47dp</dimen>
    <dimen name="x178">308.20dp</dimen>
    <dimen name="x179">309.94dp</dimen>
    <dimen name="x180">311.67dp</dimen>
    <dimen name="x181">313.40dp</dimen>
    <dimen name="x182">315.13dp</dimen>
    <dimen name="x183">316.86dp</dimen>
    <dimen name="x184">318.59dp</dimen>
    <dimen name="x185">320.32dp</dimen>
    <dimen name="x186">322.06dp</dimen>
    <dimen name="x187">323.79dp</dimen>
    <dimen name="x188">325.52dp</dimen>
    <dimen name="x189">327.25dp</dimen>
    <dimen name="x190">328.98dp</dimen>
    <dimen name="x191">330.71dp</dimen>
    <dimen name="x192">332.44dp</dimen>
    <dimen name="x193">334.18dp</dimen>
    <dimen name="x194">335.91dp</dimen>
    <dimen name="x195">337.64dp</dimen>
    <dimen name="x196">339.37dp</dimen>
    <dimen name="x197">341.10dp</dimen>
    <dimen name="x198">342.83dp</dimen>
    <dimen name="x199">344.56dp</dimen>
    <dimen name="x200">346.30dp</dimen>
    <dimen name="x201">348.03dp</dimen>
    <dimen name="x202">349.76dp</dimen>
    <dimen name="x203">351.49dp</dimen>
    <dimen name="x204">353.22dp</dimen>
    <dimen name="x205">354.95dp</dimen>
    <dimen name="x206">356.69dp</dimen>
    <dimen name="x207">358.42dp</dimen>
    <dimen name="x208">360.15dp</dimen>
    <dimen name="x209">361.88dp</dimen>
    <dimen name="x210">363.61dp</dimen>
    <dimen name="x211">365.34dp</dimen>
    <dimen name="x212">367.07dp</dimen>
    <dimen name="x213">368.81dp</dimen>
    <dimen name="x214">370.54dp</dimen>
    <dimen name="x215">372.27dp</dimen>
    <dimen name="x216">374.00dp</dimen>
    <dimen name="x217">375.73dp</dimen>
    <dimen name="x218">377.46dp</dimen>
    <dimen name="x219">379.19dp</dimen>
    <dimen name="x220">380.93dp</dimen>
    <dimen name="x221">382.66dp</dimen>
    <dimen name="x222">384.39dp</dimen>
    <dimen name="x223">386.12dp</dimen>
    <dimen name="x224">387.85dp</dimen>
    <dimen name="x225">389.58dp</dimen>
    <dimen name="x226">391.31dp</dimen>
    <dimen name="x227">393.05dp</dimen>
    <dimen name="x228">394.78dp</dimen>
    <dimen name="x229">396.51dp</dimen>
    <dimen name="x230">398.24dp</dimen>
    <dimen name="x231">399.97dp</dimen>
    <dimen name="x232">401.70dp</dimen>
    <dimen name="x233">403.44dp</dimen>
    <dimen name="x234">405.17dp</dimen>
    <dimen name="x235">406.90dp</dimen>
    <dimen name="x236">408.63dp</dimen>
    <dimen name="x237">410.36dp</dimen>
    <dimen name="x238">412.09dp</dimen>
    <dimen name="x239">413.82dp</dimen>
    <dimen name="x240">415.56dp</dimen>
    <dimen name="x241">417.29dp</dimen>
    <dimen name="x242">419.02dp</dimen>
    <dimen name="x243">420.75dp</dimen>
    <dimen name="x244">422.48dp</dimen>
    <dimen name="x245">424.21dp</dimen>
    <dimen name="x246">425.94dp</dimen>
    <dimen name="x247">427.68dp</dimen>
    <dimen name="x248">429.41dp</dimen>
    <dimen name="x249">431.14dp</dimen>
    <dimen name="x250">432.87dp</dimen>
    <dimen name="x251">434.60dp</dimen>
    <dimen name="x252">436.33dp</dimen>
    <dimen name="x253">438.06dp</dimen>
    <dimen name="x254">439.80dp</dimen>
    <dimen name="x255">441.53dp</dimen>
    <dimen name="x256">443.26dp</dimen>
    <dimen name="x257">444.99dp</dimen>
    <dimen name="x258">446.72dp</dimen>
    <dimen name="x259">448.45dp</dimen>
    <dimen name="x260">450.19dp</dimen>
    <dimen name="x261">451.92dp</dimen>
    <dimen name="x262">453.65dp</dimen>
    <dimen name="x263">455.38dp</dimen>
    <dimen name="x264">457.11dp</dimen>
    <dimen name="x265">458.84dp</dimen>
    <dimen name="x266">460.57dp</dimen>
    <dimen name="x267">462.31dp</dimen>
    <dimen name="x268">464.04dp</dimen>
    <dimen name="x269">465.77dp</dimen>
    <dimen name="x270">467.50dp</dimen>
    <dimen name="x271">469.23dp</dimen>
    <dimen name="x272">470.96dp</dimen>
    <dimen name="x273">472.69dp</dimen>
    <dimen name="x274">474.43dp</dimen>
    <dimen name="x275">476.16dp</dimen>
    <dimen name="x276">477.89dp</dimen>
    <dimen name="x277">479.62dp</dimen>
    <dimen name="x278">481.35dp</dimen>
    <dimen name="x279">483.08dp</dimen>
    <dimen name="x280">484.81dp</dimen>
    <dimen name="x281">486.55dp</dimen>
    <dimen name="x282">488.28dp</dimen>
    <dimen name="x283">490.01dp</dimen>
    <dimen name="x284">491.74dp</dimen>
    <dimen name="x285">493.47dp</dimen>
    <dimen name="x286">495.20dp</dimen>
    <dimen name="x287">496.94dp</dimen>
    <dimen name="x288">498.67dp</dimen>
    <dimen name="x289">500.40dp</dimen>
    <dimen name="x290">502.13dp</dimen>
    <dimen name="x291">503.86dp</dimen>
    <dimen name="x292">505.59dp</dimen>
    <dimen name="x293">507.32dp</dimen>
    <dimen name="x294">509.06dp</dimen>
    <dimen name="x295">510.79dp</dimen>
    <dimen name="x296">512.52dp</dimen>
    <dimen name="x297">514.25dp</dimen>
    <dimen name="x298">515.98dp</dimen>
    <dimen name="x299">517.71dp</dimen>
    <dimen name="x300">519.44dp</dimen>
    <dimen name="x301">521.18dp</dimen>
    <dimen name="x302">522.91dp</dimen>
    <dimen name="x303">524.64dp</dimen>
    <dimen name="x304">526.37dp</dimen>
    <dimen name="x305">528.10dp</dimen>
    <dimen name="x306">529.83dp</dimen>
    <dimen name="x307">531.56dp</dimen>
    <dimen name="x308">533.30dp</dimen>
    <dimen name="x309">535.03dp</dimen>
    <dimen name="x310">536.76dp</dimen>
    <dimen name="x311">538.49dp</dimen>
    <dimen name="x312">540.22dp</dimen>
    <dimen name="x313">541.95dp</dimen>
    <dimen name="x314">543.69dp</dimen>
    <dimen name="x315">545.42dp</dimen>
    <dimen name="x316">547.15dp</dimen>
    <dimen name="x317">548.88dp</dimen>
    <dimen name="x318">550.61dp</dimen>
    <dimen name="x319">552.34dp</dimen>
    <dimen name="x320">554.07dp</dimen>
    <dimen name="x321">555.81dp</dimen>
    <dimen name="x322">557.54dp</dimen>
    <dimen name="x323">559.27dp</dimen>
    <dimen name="x324">561.00dp</dimen>
    <dimen name="x325">562.73dp</dimen>
    <dimen name="x326">564.46dp</dimen>
    <dimen name="x327">566.19dp</dimen>
    <dimen name="x328">567.93dp</dimen>
    <dimen name="x329">569.66dp</dimen>
    <dimen name="x330">571.39dp</dimen>
    <dimen name="x331">573.12dp</dimen>
    <dimen name="x332">574.85dp</dimen>
    <dimen name="x333">576.58dp</dimen>
    <dimen name="x334">578.31dp</dimen>
    <dimen name="x335">580.05dp</dimen>
    <dimen name="x336">581.78dp</dimen>
    <dimen name="x337">583.51dp</dimen>
    <dimen name="x338">585.24dp</dimen>
    <dimen name="x339">586.97dp</dimen>
    <dimen name="x340">588.70dp</dimen>
    <dimen name="x341">590.44dp</dimen>
    <dimen name="x342">592.17dp</dimen>
    <dimen name="x343">593.90dp</dimen>
    <dimen name="x344">595.63dp</dimen>
    <dimen name="x345">597.36dp</dimen>
    <dimen name="x346">599.09dp</dimen>
    <dimen name="x347">600.82dp</dimen>
    <dimen name="x348">602.56dp</dimen>
    <dimen name="x349">604.29dp</dimen>
    <dimen name="x350">606.02dp</dimen>
    <dimen name="x351">607.75dp</dimen>
    <dimen name="x352">609.48dp</dimen>
    <dimen name="x353">611.21dp</dimen>
    <dimen name="x354">612.94dp</dimen>
    <dimen name="x355">614.68dp</dimen>
    <dimen name="x356">616.41dp</dimen>
    <dimen name="x357">618.14dp</dimen>
    <dimen name="x358">619.87dp</dimen>
    <dimen name="x359">621.60dp</dimen>
    <dimen name="x360">623.33dp</dimen>
    <dimen name="x361">625.06dp</dimen>
    <dimen name="x362">626.80dp</dimen>
    <dimen name="x363">628.53dp</dimen>
    <dimen name="x364">630.26dp</dimen>
    <dimen name="x365">631.99dp</dimen>
    <dimen name="x366">633.72dp</dimen>
    <dimen name="x367">635.45dp</dimen>
    <dimen name="x368">637.19dp</dimen>
    <dimen name="x369">638.92dp</dimen>
    <dimen name="x370">640.65dp</dimen>
    <dimen name="x371">642.38dp</dimen>
    <dimen name="x372">644.11dp</dimen>
    <dimen name="x373">645.84dp</dimen>
    <dimen name="x374">647.57dp</dimen>
    <dimen name="x375">649.31dp</dimen>
    <dimen name="x376">651.04dp</dimen>
    <dimen name="x377">652.77dp</dimen>
    <dimen name="x378">654.50dp</dimen>
    <dimen name="x379">656.23dp</dimen>
    <dimen name="x380">657.96dp</dimen>
    <dimen name="x381">659.69dp</dimen>
    <dimen name="x382">661.43dp</dimen>
    <dimen name="x383">663.16dp</dimen>
    <dimen name="x384">664.89dp</dimen>
    <dimen name="x385">666.62dp</dimen>
    <dimen name="x386">668.35dp</dimen>
    <dimen name="x387">670.08dp</dimen>
    <dimen name="x388">671.81dp</dimen>
    <dimen name="x389">673.55dp</dimen>
    <dimen name="x390">675.28dp</dimen>
    <dimen name="x391">677.01dp</dimen>
    <dimen name="x392">678.74dp</dimen>
    <dimen name="x393">680.47dp</dimen>
    <dimen name="x394">682.20dp</dimen>
    <dimen name="x395">683.94dp</dimen>
    <dimen name="x396">685.67dp</dimen>
    <dimen name="x397">687.40dp</dimen>
    <dimen name="x398">689.13dp</dimen>
    <dimen name="x399">690.86dp</dimen>
    <dimen name="x400">692.59dp</dimen>
    <dimen name="x401">694.32dp</dimen>
    <dimen name="x402">696.06dp</dimen>
    <dimen name="x403">697.79dp</dimen>
    <dimen name="x404">699.52dp</dimen>
    <dimen name="x405">701.25dp</dimen>
    <dimen name="x406">702.98dp</dimen>
    <dimen name="x407">704.71dp</dimen>
    <dimen name="x408">706.44dp</dimen>
    <dimen name="x409">708.18dp</dimen>
    <dimen name="x410">709.91dp</dimen>
    <dimen name="x411">711.64dp</dimen>
    <dimen name="x412">713.37dp</dimen>
    <dimen name="x413">715.10dp</dimen>
    <dimen name="x414">716.83dp</dimen>
    <dimen name="x415">718.56dp</dimen>
    <dimen name="x416">720.30dp</dimen>
    <dimen name="x417">722.03dp</dimen>
    <dimen name="x418">723.76dp</dimen>
    <dimen name="x419">725.49dp</dimen>
    <dimen name="x420">727.22dp</dimen>
    <dimen name="x421">728.95dp</dimen>
    <dimen name="x422">730.69dp</dimen>
    <dimen name="x423">732.42dp</dimen>
    <dimen name="x424">734.15dp</dimen>
    <dimen name="x425">735.88dp</dimen>
    <dimen name="x426">737.61dp</dimen>
    <dimen name="x427">739.34dp</dimen>
    <dimen name="x428">741.07dp</dimen>
    <dimen name="x429">742.81dp</dimen>
    <dimen name="x430">744.54dp</dimen>
    <dimen name="x431">746.27dp</dimen>
    <dimen name="x432">748.00dp</dimen>
    <dimen name="x433">749.73dp</dimen>
    <dimen name="x434">751.46dp</dimen>
    <dimen name="x435">753.19dp</dimen>
    <dimen name="x436">754.93dp</dimen>
    <dimen name="x437">756.66dp</dimen>
    <dimen name="x438">758.39dp</dimen>
    <dimen name="x439">760.12dp</dimen>
    <dimen name="x440">761.85dp</dimen>
    <dimen name="x441">763.58dp</dimen>
    <dimen name="x442">765.31dp</dimen>
    <dimen name="x443">767.05dp</dimen>
    <dimen name="x444">768.78dp</dimen>
    <dimen name="x445">770.51dp</dimen>
    <dimen name="x446">772.24dp</dimen>
    <dimen name="x447">773.97dp</dimen>
    <dimen name="x448">775.70dp</dimen>
    <dimen name="x449">777.44dp</dimen>
    <dimen name="x450">779.17dp</dimen>
    <dimen name="x451">780.90dp</dimen>
    <dimen name="x452">782.63dp</dimen>
    <dimen name="x453">784.36dp</dimen>
    <dimen name="x454">786.09dp</dimen>
    <dimen name="x455">787.82dp</dimen>
    <dimen name="x456">789.56dp</dimen>
    <dimen name="x457">791.29dp</dimen>
    <dimen name="x458">793.02dp</dimen>
    <dimen name="x459">794.75dp</dimen>
    <dimen name="x460">796.48dp</dimen>
    <dimen name="x461">798.21dp</dimen>
    <dimen name="x462">799.94dp</dimen>
    <dimen name="x463">801.68dp</dimen>
    <dimen name="x464">803.41dp</dimen>
    <dimen name="x465">805.14dp</dimen>
    <dimen name="x466">806.87dp</dimen>
    <dimen name="x467">808.60dp</dimen>
    <dimen name="x468">810.33dp</dimen>
    <dimen name="x469">812.06dp</dimen>
    <dimen name="x470">813.80dp</dimen>
    <dimen name="x471">815.53dp</dimen>
    <dimen name="x472">817.26dp</dimen>
    <dimen name="x473">818.99dp</dimen>
    <dimen name="x474">820.72dp</dimen>
    <dimen name="x475">822.45dp</dimen>
    <dimen name="x476">824.19dp</dimen>
    <dimen name="x477">825.92dp</dimen>
    <dimen name="x478">827.65dp</dimen>
    <dimen name="x479">829.38dp</dimen>
    <dimen name="x480">831.11dp</dimen>
    <dimen name="x481">832.84dp</dimen>
    <dimen name="x482">834.57dp</dimen>
    <dimen name="x483">836.31dp</dimen>
    <dimen name="x484">838.04dp</dimen>
    <dimen name="x485">839.77dp</dimen>
    <dimen name="x486">841.50dp</dimen>
    <dimen name="x487">843.23dp</dimen>
    <dimen name="x488">844.96dp</dimen>
    <dimen name="x489">846.69dp</dimen>
    <dimen name="x490">848.43dp</dimen>
    <dimen name="x491">850.16dp</dimen>
    <dimen name="x492">851.89dp</dimen>
    <dimen name="x493">853.62dp</dimen>
    <dimen name="x494">855.35dp</dimen>
    <dimen name="x495">857.08dp</dimen>
    <dimen name="x496">858.81dp</dimen>
    <dimen name="x497">860.55dp</dimen>
    <dimen name="x498">862.28dp</dimen>
    <dimen name="x499">864.01dp</dimen>
    <dimen name="x500">865.74dp</dimen>
    <dimen name="x501">867.47dp</dimen>
    <dimen name="x502">869.20dp</dimen>
    <dimen name="x503">870.94dp</dimen>
    <dimen name="x504">872.67dp</dimen>
    <dimen name="x505">874.40dp</dimen>
    <dimen name="x506">876.13dp</dimen>
    <dimen name="x507">877.86dp</dimen>
    <dimen name="x508">879.59dp</dimen>
    <dimen name="x509">881.32dp</dimen>
    <dimen name="x510">883.06dp</dimen>
    <dimen name="x511">884.79dp</dimen>
    <dimen name="x512">886.52dp</dimen>
    <dimen name="x513">888.25dp</dimen>
    <dimen name="x514">889.98dp</dimen>
    <dimen name="x515">891.71dp</dimen>
    <dimen name="x516">893.44dp</dimen>
    <dimen name="x517">895.18dp</dimen>
    <dimen name="x518">896.91dp</dimen>
    <dimen name="x519">898.64dp</dimen>
    <dimen name="x520">900.37dp</dimen>
    <dimen name="x521">902.10dp</dimen>
    <dimen name="x522">903.83dp</dimen>
    <dimen name="x523">905.56dp</dimen>
    <dimen name="x524">907.30dp</dimen>
    <dimen name="x525">909.03dp</dimen>
    <dimen name="x526">910.76dp</dimen>
    <dimen name="x527">912.49dp</dimen>
    <dimen name="x528">914.22dp</dimen>
    <dimen name="x529">915.95dp</dimen>
    <dimen name="x530">917.69dp</dimen>
    <dimen name="x531">919.42dp</dimen>
    <dimen name="x532">921.15dp</dimen>
    <dimen name="x533">922.88dp</dimen>
    <dimen name="x534">924.61dp</dimen>
    <dimen name="x535">926.34dp</dimen>
    <dimen name="x536">928.07dp</dimen>
    <dimen name="x537">929.81dp</dimen>
    <dimen name="x538">931.54dp</dimen>
    <dimen name="x539">933.27dp</dimen>
    <dimen name="x540">935.00dp</dimen>
    <dimen name="x541">936.73dp</dimen>
    <dimen name="x542">938.46dp</dimen>
    <dimen name="x543">940.19dp</dimen>
    <dimen name="x544">941.93dp</dimen>
    <dimen name="x545">943.66dp</dimen>
    <dimen name="x546">945.39dp</dimen>
    <dimen name="x547">947.12dp</dimen>
    <dimen name="x548">948.85dp</dimen>
    <dimen name="x549">950.58dp</dimen>
    <dimen name="x550">952.31dp</dimen>
    <dimen name="x551">954.05dp</dimen>
    <dimen name="x552">955.78dp</dimen>
    <dimen name="x553">957.51dp</dimen>
    <dimen name="x554">959.24dp</dimen>
    <dimen name="x555">960.97dp</dimen>
    <dimen name="x556">962.70dp</dimen>
    <dimen name="x557">964.44dp</dimen>
    <dimen name="x558">966.17dp</dimen>
    <dimen name="x559">967.90dp</dimen>
    <dimen name="x560">969.63dp</dimen>
    <dimen name="x561">971.36dp</dimen>
    <dimen name="x562">973.09dp</dimen>
    <dimen name="x563">974.82dp</dimen>
    <dimen name="x564">976.56dp</dimen>
    <dimen name="x565">978.29dp</dimen>
    <dimen name="x566">980.02dp</dimen>
    <dimen name="x567">981.75dp</dimen>
    <dimen name="x568">983.48dp</dimen>
    <dimen name="x569">985.21dp</dimen>
    <dimen name="x570">986.94dp</dimen>
    <dimen name="x571">988.68dp</dimen>
    <dimen name="x572">990.41dp</dimen>
    <dimen name="x573">992.14dp</dimen>
    <dimen name="x574">993.87dp</dimen>
    <dimen name="x575">995.60dp</dimen>
    <dimen name="x576">997.33dp</dimen>
    <dimen name="x577">999.06dp</dimen>
    <dimen name="x578">1000.80dp</dimen>
    <dimen name="x579">1002.53dp</dimen>
    <dimen name="x580">1004.26dp</dimen>
    <dimen name="x581">1005.99dp</dimen>
    <dimen name="x582">1007.72dp</dimen>
    <dimen name="x583">1009.45dp</dimen>
    <dimen name="x584">1011.19dp</dimen>
    <dimen name="x585">1012.92dp</dimen>
    <dimen name="x586">1014.65dp</dimen>
    <dimen name="x587">1016.38dp</dimen>
    <dimen name="x588">1018.11dp</dimen>
    <dimen name="x589">1019.84dp</dimen>
    <dimen name="x590">1021.57dp</dimen>
    <dimen name="x591">1023.31dp</dimen>
    <dimen name="x592">1025.04dp</dimen>
    <dimen name="x593">1026.77dp</dimen>
    <dimen name="x594">1028.50dp</dimen>
    <dimen name="x595">1030.23dp</dimen>
    <dimen name="x596">1031.96dp</dimen>
    <dimen name="x597">1033.69dp</dimen>
    <dimen name="x598">1035.43dp</dimen>
    <dimen name="x599">1037.16dp</dimen>
    <dimen name="x600">1038.89dp</dimen>
    <dimen name="x601">1040.62dp</dimen>
    <dimen name="x602">1042.35dp</dimen>
    <dimen name="x603">1044.08dp</dimen>
    <dimen name="x604">1045.81dp</dimen>
    <dimen name="x605">1047.55dp</dimen>
    <dimen name="x606">1049.28dp</dimen>
    <dimen name="x607">1051.01dp</dimen>
    <dimen name="x608">1052.74dp</dimen>
    <dimen name="x609">1054.47dp</dimen>
    <dimen name="x610">1056.20dp</dimen>
    <dimen name="x611">1057.94dp</dimen>
    <dimen name="x612">1059.67dp</dimen>
    <dimen name="x613">1061.40dp</dimen>
    <dimen name="x614">1063.13dp</dimen>
    <dimen name="x615">1064.86dp</dimen>
    <dimen name="x616">1066.59dp</dimen>
    <dimen name="x617">1068.32dp</dimen>
    <dimen name="x618">1070.06dp</dimen>
    <dimen name="x619">1071.79dp</dimen>
    <dimen name="x620">1073.52dp</dimen>
    <dimen name="x621">1075.25dp</dimen>
    <dimen name="x622">1076.98dp</dimen>
    <dimen name="x623">1078.71dp</dimen>
    <dimen name="x624">1080.44dp</dimen>
    <dimen name="x625">1082.18dp</dimen>
    <dimen name="x626">1083.91dp</dimen>
    <dimen name="x627">1085.64dp</dimen>
    <dimen name="x628">1087.37dp</dimen>
    <dimen name="x629">1089.10dp</dimen>
    <dimen name="x630">1090.83dp</dimen>
    <dimen name="x631">1092.56dp</dimen>
    <dimen name="x632">1094.30dp</dimen>
    <dimen name="x633">1096.03dp</dimen>
    <dimen name="x634">1097.76dp</dimen>
    <dimen name="x635">1099.49dp</dimen>
    <dimen name="x636">1101.22dp</dimen>
    <dimen name="x637">1102.95dp</dimen>
    <dimen name="x638">1104.69dp</dimen>
    <dimen name="x639">1106.42dp</dimen>
    <dimen name="x640">1108.15dp</dimen>
    <dimen name="x641">1109.88dp</dimen>
    <dimen name="x642">1111.61dp</dimen>
    <dimen name="x643">1113.34dp</dimen>
    <dimen name="x644">1115.07dp</dimen>
    <dimen name="x645">1116.81dp</dimen>
    <dimen name="x646">1118.54dp</dimen>
    <dimen name="x647">1120.27dp</dimen>
    <dimen name="x648">1122.00dp</dimen>
    <dimen name="x649">1123.73dp</dimen>
    <dimen name="x650">1125.46dp</dimen>
    <dimen name="x651">1127.19dp</dimen>
    <dimen name="x652">1128.93dp</dimen>
    <dimen name="x653">1130.66dp</dimen>
    <dimen name="x654">1132.39dp</dimen>
    <dimen name="x655">1134.12dp</dimen>
    <dimen name="x656">1135.85dp</dimen>
    <dimen name="x657">1137.58dp</dimen>
    <dimen name="x658">1139.31dp</dimen>
    <dimen name="x659">1141.05dp</dimen>
    <dimen name="x660">1142.78dp</dimen>
    <dimen name="x661">1144.51dp</dimen>
    <dimen name="x662">1146.24dp</dimen>
    <dimen name="x663">1147.97dp</dimen>
    <dimen name="x664">1149.70dp</dimen>
    <dimen name="x665">1151.44dp</dimen>
    <dimen name="x666">1153.17dp</dimen>
    <dimen name="x667">1154.90dp</dimen>
    <dimen name="x668">1156.63dp</dimen>
    <dimen name="x669">1158.36dp</dimen>
    <dimen name="x670">1160.09dp</dimen>
    <dimen name="x671">1161.82dp</dimen>
    <dimen name="x672">1163.56dp</dimen>
    <dimen name="x673">1165.29dp</dimen>
    <dimen name="x674">1167.02dp</dimen>
    <dimen name="x675">1168.75dp</dimen>
    <dimen name="x676">1170.48dp</dimen>
    <dimen name="x677">1172.21dp</dimen>
    <dimen name="x678">1173.94dp</dimen>
    <dimen name="x679">1175.68dp</dimen>
    <dimen name="x680">1177.41dp</dimen>
    <dimen name="x681">1179.14dp</dimen>
    <dimen name="x682">1180.87dp</dimen>
    <dimen name="x683">1182.60dp</dimen>
    <dimen name="x684">1184.33dp</dimen>
    <dimen name="x685">1186.06dp</dimen>
    <dimen name="x686">1187.80dp</dimen>
    <dimen name="x687">1189.53dp</dimen>
    <dimen name="x688">1191.26dp</dimen>
    <dimen name="x689">1192.99dp</dimen>
    <dimen name="x690">1194.72dp</dimen>
    <dimen name="x691">1196.45dp</dimen>
    <dimen name="x692">1198.19dp</dimen>
    <dimen name="x693">1199.92dp</dimen>
    <dimen name="x694">1201.65dp</dimen>
    <dimen name="x695">1203.38dp</dimen>
    <dimen name="x696">1205.11dp</dimen>
    <dimen name="x697">1206.84dp</dimen>
    <dimen name="x698">1208.57dp</dimen>
    <dimen name="x699">1210.31dp</dimen>
    <dimen name="x700">1212.04dp</dimen>
    <dimen name="x701">1213.77dp</dimen>
    <dimen name="x702">1215.50dp</dimen>
    <dimen name="x703">1217.23dp</dimen>
    <dimen name="x704">1218.96dp</dimen>
    <dimen name="x705">1220.69dp</dimen>
    <dimen name="x706">1222.43dp</dimen>
    <dimen name="x707">1224.16dp</dimen>
    <dimen name="x708">1225.89dp</dimen>
    <dimen name="x709">1227.62dp</dimen>
    <dimen name="x710">1229.35dp</dimen>
    <dimen name="x711">1231.08dp</dimen>
    <dimen name="x712">1232.81dp</dimen>
    <dimen name="x713">1234.55dp</dimen>
    <dimen name="x714">1236.28dp</dimen>
    <dimen name="x715">1238.01dp</dimen>
    <dimen name="x716">1239.74dp</dimen>
    <dimen name="x717">1241.47dp</dimen>
    <dimen name="x718">1243.20dp</dimen>
    <dimen name="x719">1244.94dp</dimen>
    <dimen name="x720">1246.67dp</dimen>
    <dimen name="x721">1248.40dp</dimen>
    <dimen name="x722">1250.13dp</dimen>
    <dimen name="x723">1251.86dp</dimen>
    <dimen name="x724">1253.59dp</dimen>
    <dimen name="x725">1255.32dp</dimen>
    <dimen name="x726">1257.06dp</dimen>
    <dimen name="x727">1258.79dp</dimen>
    <dimen name="x728">1260.52dp</dimen>
    <dimen name="x729">1262.25dp</dimen>
    <dimen name="x730">1263.98dp</dimen>
    <dimen name="x731">1265.71dp</dimen>
    <dimen name="x732">1267.44dp</dimen>
    <dimen name="x733">1269.18dp</dimen>
    <dimen name="x734">1270.91dp</dimen>
    <dimen name="x735">1272.64dp</dimen>
    <dimen name="x736">1274.37dp</dimen>
    <dimen name="x737">1276.10dp</dimen>
    <dimen name="x738">1277.83dp</dimen>
    <dimen name="x739">1279.56dp</dimen>
    <dimen name="x740">1281.30dp</dimen>
    <dimen name="x741">1283.03dp</dimen>
    <dimen name="x742">1284.76dp</dimen>
    <dimen name="x743">1286.49dp</dimen>
    <dimen name="x744">1288.22dp</dimen>
    <dimen name="x745">1289.95dp</dimen>
    <dimen name="x746">1291.69dp</dimen>
    <dimen name="x747">1293.42dp</dimen>
    <dimen name="x748">1295.15dp</dimen>
    <dimen name="x749">1296.88dp</dimen>
    <dimen name="x750">1298.61dp</dimen>
    <dimen name="x751">1300.34dp</dimen>
    <dimen name="x752">1302.07dp</dimen>
    <dimen name="x753">1303.81dp</dimen>
    <dimen name="x754">1305.54dp</dimen>
    <dimen name="x755">1307.27dp</dimen>
    <dimen name="x756">1309.00dp</dimen>
    <dimen name="x757">1310.73dp</dimen>
    <dimen name="x758">1312.46dp</dimen>
    <dimen name="x759">1314.19dp</dimen>
    <dimen name="x760">1315.93dp</dimen>
    <dimen name="x761">1317.66dp</dimen>
    <dimen name="x762">1319.39dp</dimen>
    <dimen name="x763">1321.12dp</dimen>
    <dimen name="x764">1322.85dp</dimen>
    <dimen name="x765">1324.58dp</dimen>
    <dimen name="x766">1326.31dp</dimen>
    <dimen name="x767">1328.05dp</dimen>
    <dimen name="x768">1329.78dp</dimen>
    <dimen name="x769">1331.51dp</dimen>
    <dimen name="x770">1333.24dp</dimen>
    <dimen name="x771">1334.97dp</dimen>
    <dimen name="x772">1336.70dp</dimen>
    <dimen name="x773">1338.44dp</dimen>
    <dimen name="x774">1340.17dp</dimen>
    <dimen name="x775">1341.90dp</dimen>
    <dimen name="x776">1343.63dp</dimen>
    <dimen name="x777">1345.36dp</dimen>
    <dimen name="x778">1347.09dp</dimen>
    <dimen name="x779">1348.82dp</dimen>
    <dimen name="x780">1350.56dp</dimen>
    <dimen name="x781">1352.29dp</dimen>
    <dimen name="x782">1354.02dp</dimen>
    <dimen name="x783">1355.75dp</dimen>
    <dimen name="x784">1357.48dp</dimen>
    <dimen name="x785">1359.21dp</dimen>
    <dimen name="x786">1360.94dp</dimen>
    <dimen name="x787">1362.68dp</dimen>
    <dimen name="x788">1364.41dp</dimen>
    <dimen name="x789">1366.14dp</dimen>
    <dimen name="x790">1367.87dp</dimen>
    <dimen name="x791">1369.60dp</dimen>
    <dimen name="x792">1371.33dp</dimen>
    <dimen name="x793">1373.06dp</dimen>
    <dimen name="x794">1374.80dp</dimen>
    <dimen name="x795">1376.53dp</dimen>
    <dimen name="x796">1378.26dp</dimen>
    <dimen name="x797">1379.99dp</dimen>
    <dimen name="x798">1381.72dp</dimen>
    <dimen name="x799">1383.45dp</dimen>
    <dimen name="x800">1385.19dp</dimen>
    <dimen name="x801">1386.92dp</dimen>
    <dimen name="x802">1388.65dp</dimen>
    <dimen name="x803">1390.38dp</dimen>
    <dimen name="x804">1392.11dp</dimen>
    <dimen name="x805">1393.84dp</dimen>
    <dimen name="x806">1395.57dp</dimen>
    <dimen name="x807">1397.31dp</dimen>
    <dimen name="x808">1399.04dp</dimen>
    <dimen name="x809">1400.77dp</dimen>
    <dimen name="x810">1402.50dp</dimen>
    <dimen name="x811">1404.23dp</dimen>
    <dimen name="x812">1405.96dp</dimen>
    <dimen name="x813">1407.69dp</dimen>
    <dimen name="x814">1409.43dp</dimen>
    <dimen name="x815">1411.16dp</dimen>
    <dimen name="x816">1412.89dp</dimen>
    <dimen name="x817">1414.62dp</dimen>
    <dimen name="x818">1416.35dp</dimen>
    <dimen name="x819">1418.08dp</dimen>
    <dimen name="x820">1419.81dp</dimen>
    <dimen name="x821">1421.55dp</dimen>
    <dimen name="x822">1423.28dp</dimen>
    <dimen name="x823">1425.01dp</dimen>
    <dimen name="x824">1426.74dp</dimen>
    <dimen name="x825">1428.47dp</dimen>
    <dimen name="x826">1430.20dp</dimen>
    <dimen name="x827">1431.94dp</dimen>
    <dimen name="x828">1433.67dp</dimen>
    <dimen name="x829">1435.40dp</dimen>
    <dimen name="x830">1437.13dp</dimen>
    <dimen name="x831">1438.86dp</dimen>
    <dimen name="x832">1440.59dp</dimen>
    <dimen name="x833">1442.32dp</dimen>
    <dimen name="x834">1444.06dp</dimen>
    <dimen name="x835">1445.79dp</dimen>
    <dimen name="x836">1447.52dp</dimen>
    <dimen name="x837">1449.25dp</dimen>
    <dimen name="x838">1450.98dp</dimen>
    <dimen name="x839">1452.71dp</dimen>
    <dimen name="x840">1454.44dp</dimen>
    <dimen name="x841">1456.18dp</dimen>
    <dimen name="x842">1457.91dp</dimen>
    <dimen name="x843">1459.64dp</dimen>
    <dimen name="x844">1461.37dp</dimen>
    <dimen name="x845">1463.10dp</dimen>
    <dimen name="x846">1464.83dp</dimen>
    <dimen name="x847">1466.56dp</dimen>
    <dimen name="x848">1468.30dp</dimen>
    <dimen name="x849">1470.03dp</dimen>
    <dimen name="x850">1471.76dp</dimen>
    <dimen name="x851">1473.49dp</dimen>
    <dimen name="x852">1475.22dp</dimen>
    <dimen name="x853">1476.95dp</dimen>
    <dimen name="x854">1478.69dp</dimen>
    <dimen name="x855">1480.42dp</dimen>
    <dimen name="x856">1482.15dp</dimen>
    <dimen name="x857">1483.88dp</dimen>
    <dimen name="x858">1485.61dp</dimen>
    <dimen name="x859">1487.34dp</dimen>
    <dimen name="x860">1489.07dp</dimen>
    <dimen name="x861">1490.81dp</dimen>
    <dimen name="x862">1492.54dp</dimen>
    <dimen name="x863">1494.27dp</dimen>
    <dimen name="x864">1496.00dp</dimen>
    <dimen name="x865">1497.73dp</dimen>
    <dimen name="x866">1499.46dp</dimen>
    <dimen name="x867">1501.19dp</dimen>
    <dimen name="x868">1502.93dp</dimen>
    <dimen name="x869">1504.66dp</dimen>
    <dimen name="x870">1506.39dp</dimen>
    <dimen name="x871">1508.12dp</dimen>
    <dimen name="x872">1509.85dp</dimen>
    <dimen name="x873">1511.58dp</dimen>
    <dimen name="x874">1513.31dp</dimen>
    <dimen name="x875">1515.05dp</dimen>
    <dimen name="x876">1516.78dp</dimen>
    <dimen name="x877">1518.51dp</dimen>
    <dimen name="x878">1520.24dp</dimen>
    <dimen name="x879">1521.97dp</dimen>
    <dimen name="x880">1523.70dp</dimen>
    <dimen name="x881">1525.44dp</dimen>
    <dimen name="x882">1527.17dp</dimen>
    <dimen name="x883">1528.90dp</dimen>
    <dimen name="x884">1530.63dp</dimen>
    <dimen name="x885">1532.36dp</dimen>
    <dimen name="x886">1534.09dp</dimen>
    <dimen name="x887">1535.82dp</dimen>
    <dimen name="x888">1537.56dp</dimen>
    <dimen name="x889">1539.29dp</dimen>
    <dimen name="x890">1541.02dp</dimen>
    <dimen name="x891">1542.75dp</dimen>
    <dimen name="x892">1544.48dp</dimen>
    <dimen name="x893">1546.21dp</dimen>
    <dimen name="x894">1547.94dp</dimen>
    <dimen name="x895">1549.68dp</dimen>
    <dimen name="x896">1551.41dp</dimen>
    <dimen name="x897">1553.14dp</dimen>
    <dimen name="x898">1554.87dp</dimen>
    <dimen name="x899">1556.60dp</dimen>
    <dimen name="x900">1558.33dp</dimen>
    <dimen name="x901">1560.06dp</dimen>
    <dimen name="x902">1561.80dp</dimen>
    <dimen name="x903">1563.53dp</dimen>
    <dimen name="x904">1565.26dp</dimen>
    <dimen name="x905">1566.99dp</dimen>
    <dimen name="x906">1568.72dp</dimen>
    <dimen name="x907">1570.45dp</dimen>
    <dimen name="x908">1572.19dp</dimen>
    <dimen name="x909">1573.92dp</dimen>
    <dimen name="x910">1575.65dp</dimen>
    <dimen name="x911">1577.38dp</dimen>
    <dimen name="x912">1579.11dp</dimen>
    <dimen name="x913">1580.84dp</dimen>
    <dimen name="x914">1582.57dp</dimen>
    <dimen name="x915">1584.31dp</dimen>
    <dimen name="x916">1586.04dp</dimen>
    <dimen name="x917">1587.77dp</dimen>
    <dimen name="x918">1589.50dp</dimen>
    <dimen name="x919">1591.23dp</dimen>
    <dimen name="x920">1592.96dp</dimen>
    <dimen name="x921">1594.69dp</dimen>
    <dimen name="x922">1596.43dp</dimen>
    <dimen name="x923">1598.16dp</dimen>
    <dimen name="x924">1599.89dp</dimen>
    <dimen name="x925">1601.62dp</dimen>
    <dimen name="x926">1603.35dp</dimen>
    <dimen name="x927">1605.08dp</dimen>
    <dimen name="x928">1606.81dp</dimen>
    <dimen name="x929">1608.55dp</dimen>
    <dimen name="x930">1610.28dp</dimen>
    <dimen name="x931">1612.01dp</dimen>
    <dimen name="x932">1613.74dp</dimen>
    <dimen name="x933">1615.47dp</dimen>
    <dimen name="x934">1617.20dp</dimen>
    <dimen name="x935">1618.94dp</dimen>
    <dimen name="x936">1620.67dp</dimen>
    <dimen name="x937">1622.40dp</dimen>
    <dimen name="x938">1624.13dp</dimen>
    <dimen name="x939">1625.86dp</dimen>
    <dimen name="x940">1627.59dp</dimen>
    <dimen name="x941">1629.32dp</dimen>
    <dimen name="x942">1631.06dp</dimen>
    <dimen name="x943">1632.79dp</dimen>
    <dimen name="x944">1634.52dp</dimen>
    <dimen name="x945">1636.25dp</dimen>
    <dimen name="x946">1637.98dp</dimen>
    <dimen name="x947">1639.71dp</dimen>
    <dimen name="x948">1641.44dp</dimen>
    <dimen name="x949">1643.18dp</dimen>
    <dimen name="x950">1644.91dp</dimen>
    <dimen name="x951">1646.64dp</dimen>
    <dimen name="x952">1648.37dp</dimen>
    <dimen name="x953">1650.10dp</dimen>
    <dimen name="x954">1651.83dp</dimen>
    <dimen name="x955">1653.56dp</dimen>
    <dimen name="x956">1655.30dp</dimen>
    <dimen name="x957">1657.03dp</dimen>
    <dimen name="x958">1658.76dp</dimen>
    <dimen name="x959">1660.49dp</dimen>
    <dimen name="x960">1662.22dp</dimen>
    <dimen name="x961">1663.95dp</dimen>
    <dimen name="x962">1665.69dp</dimen>
    <dimen name="x963">1667.42dp</dimen>
    <dimen name="x964">1669.15dp</dimen>
    <dimen name="x965">1670.88dp</dimen>
    <dimen name="x966">1672.61dp</dimen>
    <dimen name="x967">1674.34dp</dimen>
    <dimen name="x968">1676.07dp</dimen>
    <dimen name="x969">1677.81dp</dimen>
    <dimen name="x970">1679.54dp</dimen>
    <dimen name="x971">1681.27dp</dimen>
    <dimen name="x972">1683.00dp</dimen>
    <dimen name="x973">1684.73dp</dimen>
    <dimen name="x974">1686.46dp</dimen>
    <dimen name="x975">1688.19dp</dimen>
    <dimen name="x976">1689.93dp</dimen>
    <dimen name="x977">1691.66dp</dimen>
    <dimen name="x978">1693.39dp</dimen>
    <dimen name="x979">1695.12dp</dimen>
    <dimen name="x980">1696.85dp</dimen>
    <dimen name="x981">1698.58dp</dimen>
    <dimen name="x982">1700.31dp</dimen>
    <dimen name="x983">1702.05dp</dimen>
    <dimen name="x984">1703.78dp</dimen>
    <dimen name="x985">1705.51dp</dimen>
    <dimen name="x986">1707.24dp</dimen>
    <dimen name="x987">1708.97dp</dimen>
    <dimen name="x988">1710.70dp</dimen>
    <dimen name="x989">1712.44dp</dimen>
    <dimen name="x990">1714.17dp</dimen>
    <dimen name="x991">1715.90dp</dimen>
    <dimen name="x992">1717.63dp</dimen>
    <dimen name="x993">1719.36dp</dimen>
    <dimen name="x994">1721.09dp</dimen>
    <dimen name="x995">1722.82dp</dimen>
    <dimen name="x996">1724.56dp</dimen>
    <dimen name="x997">1726.29dp</dimen>
    <dimen name="x998">1728.02dp</dimen>
    <dimen name="x999">1729.75dp</dimen>
    <dimen name="x1000">1731.48dp</dimen>
    <dimen name="x1001">1733.21dp</dimen>
    <dimen name="x1002">1734.94dp</dimen>
    <dimen name="x1003">1736.68dp</dimen>
    <dimen name="x1004">1738.41dp</dimen>
    <dimen name="x1005">1740.14dp</dimen>
    <dimen name="x1006">1741.87dp</dimen>
    <dimen name="x1007">1743.60dp</dimen>
    <dimen name="x1008">1745.33dp</dimen>
    <dimen name="x1009">1747.06dp</dimen>
    <dimen name="x1010">1748.80dp</dimen>
    <dimen name="x1011">1750.53dp</dimen>
    <dimen name="x1012">1752.26dp</dimen>
    <dimen name="x1013">1753.99dp</dimen>
    <dimen name="x1014">1755.72dp</dimen>
    <dimen name="x1015">1757.45dp</dimen>
    <dimen name="x1016">1759.19dp</dimen>
    <dimen name="x1017">1760.92dp</dimen>
    <dimen name="x1018">1762.65dp</dimen>
    <dimen name="x1019">1764.38dp</dimen>
    <dimen name="x1020">1766.11dp</dimen>
    <dimen name="x1021">1767.84dp</dimen>
    <dimen name="x1022">1769.57dp</dimen>
    <dimen name="x1023">1771.31dp</dimen>
    <dimen name="x1024">1773.04dp</dimen>
    <dimen name="x1025">1774.77dp</dimen>
    <dimen name="x1026">1776.50dp</dimen>
    <dimen name="x1027">1778.23dp</dimen>
    <dimen name="x1028">1779.96dp</dimen>
    <dimen name="x1029">1781.69dp</dimen>
    <dimen name="x1030">1783.43dp</dimen>
    <dimen name="x1031">1785.16dp</dimen>
    <dimen name="x1032">1786.89dp</dimen>
    <dimen name="x1033">1788.62dp</dimen>
    <dimen name="x1034">1790.35dp</dimen>
    <dimen name="x1035">1792.08dp</dimen>
    <dimen name="x1036">1793.81dp</dimen>
    <dimen name="x1037">1795.55dp</dimen>
    <dimen name="x1038">1797.28dp</dimen>
    <dimen name="x1039">1799.01dp</dimen>
    <dimen name="x1040">1800.74dp</dimen>
    <dimen name="x1041">1802.47dp</dimen>
    <dimen name="x1042">1804.20dp</dimen>
    <dimen name="x1043">1805.94dp</dimen>
    <dimen name="x1044">1807.67dp</dimen>
    <dimen name="x1045">1809.40dp</dimen>
    <dimen name="x1046">1811.13dp</dimen>
    <dimen name="x1047">1812.86dp</dimen>
    <dimen name="x1048">1814.59dp</dimen>
    <dimen name="x1049">1816.32dp</dimen>
    <dimen name="x1050">1818.06dp</dimen>
    <dimen name="x1051">1819.79dp</dimen>
    <dimen name="x1052">1821.52dp</dimen>
    <dimen name="x1053">1823.25dp</dimen>
    <dimen name="x1054">1824.98dp</dimen>
    <dimen name="x1055">1826.71dp</dimen>
    <dimen name="x1056">1828.44dp</dimen>
    <dimen name="x1057">1830.18dp</dimen>
    <dimen name="x1058">1831.91dp</dimen>
    <dimen name="x1059">1833.64dp</dimen>
    <dimen name="x1060">1835.37dp</dimen>
    <dimen name="x1061">1837.10dp</dimen>
    <dimen name="x1062">1838.83dp</dimen>
    <dimen name="x1063">1840.56dp</dimen>
    <dimen name="x1064">1842.30dp</dimen>
    <dimen name="x1065">1844.03dp</dimen>
    <dimen name="x1066">1845.76dp</dimen>
    <dimen name="x1067">1847.49dp</dimen>
    <dimen name="x1068">1849.22dp</dimen>
    <dimen name="x1069">1850.95dp</dimen>
    <dimen name="x1070">1852.69dp</dimen>
    <dimen name="x1071">1854.42dp</dimen>
    <dimen name="x1072">1856.15dp</dimen>
    <dimen name="x1073">1857.88dp</dimen>
    <dimen name="x1074">1859.61dp</dimen>
    <dimen name="x1075">1861.34dp</dimen>
    <dimen name="x1076">1863.07dp</dimen>
    <dimen name="x1077">1864.81dp</dimen>
    <dimen name="x1078">1866.54dp</dimen>
    <dimen name="x1079">1868.27dp</dimen>
    <dimen name="x1080">1870.00dp</dimen>
</resources>