<?xml version="1.0" encoding="utf-8"?>
<resources>
    <string name="sw_dp">1190dp</string>
    <dimen name="x1">1.10dp</dimen>
    <dimen name="x2">2.20dp</dimen>
    <dimen name="x3">3.31dp</dimen>
    <dimen name="x4">4.41dp</dimen>
    <dimen name="x5">5.51dp</dimen>
    <dimen name="x6">6.61dp</dimen>
    <dimen name="x7">7.71dp</dimen>
    <dimen name="x8">8.81dp</dimen>
    <dimen name="x9">9.92dp</dimen>
    <dimen name="x10">11.02dp</dimen>
    <dimen name="x11">12.12dp</dimen>
    <dimen name="x12">13.22dp</dimen>
    <dimen name="x13">14.32dp</dimen>
    <dimen name="x14">15.43dp</dimen>
    <dimen name="x15">16.53dp</dimen>
    <dimen name="x16">17.63dp</dimen>
    <dimen name="x17">18.73dp</dimen>
    <dimen name="x18">19.83dp</dimen>
    <dimen name="x19">20.94dp</dimen>
    <dimen name="x20">22.04dp</dimen>
    <dimen name="x21">23.14dp</dimen>
    <dimen name="x22">24.24dp</dimen>
    <dimen name="x23">25.34dp</dimen>
    <dimen name="x24">26.44dp</dimen>
    <dimen name="x25">27.55dp</dimen>
    <dimen name="x26">28.65dp</dimen>
    <dimen name="x27">29.75dp</dimen>
    <dimen name="x28">30.85dp</dimen>
    <dimen name="x29">31.95dp</dimen>
    <dimen name="x30">33.06dp</dimen>
    <dimen name="x31">34.16dp</dimen>
    <dimen name="x32">35.26dp</dimen>
    <dimen name="x33">36.36dp</dimen>
    <dimen name="x34">37.46dp</dimen>
    <dimen name="x35">38.56dp</dimen>
    <dimen name="x36">39.67dp</dimen>
    <dimen name="x37">40.77dp</dimen>
    <dimen name="x38">41.87dp</dimen>
    <dimen name="x39">42.97dp</dimen>
    <dimen name="x40">44.07dp</dimen>
    <dimen name="x41">45.18dp</dimen>
    <dimen name="x42">46.28dp</dimen>
    <dimen name="x43">47.38dp</dimen>
    <dimen name="x44">48.48dp</dimen>
    <dimen name="x45">49.58dp</dimen>
    <dimen name="x46">50.69dp</dimen>
    <dimen name="x47">51.79dp</dimen>
    <dimen name="x48">52.89dp</dimen>
    <dimen name="x49">53.99dp</dimen>
    <dimen name="x50">55.09dp</dimen>
    <dimen name="x51">56.19dp</dimen>
    <dimen name="x52">57.30dp</dimen>
    <dimen name="x53">58.40dp</dimen>
    <dimen name="x54">59.50dp</dimen>
    <dimen name="x55">60.60dp</dimen>
    <dimen name="x56">61.70dp</dimen>
    <dimen name="x57">62.81dp</dimen>
    <dimen name="x58">63.91dp</dimen>
    <dimen name="x59">65.01dp</dimen>
    <dimen name="x60">66.11dp</dimen>
    <dimen name="x61">67.21dp</dimen>
    <dimen name="x62">68.31dp</dimen>
    <dimen name="x63">69.42dp</dimen>
    <dimen name="x64">70.52dp</dimen>
    <dimen name="x65">71.62dp</dimen>
    <dimen name="x66">72.72dp</dimen>
    <dimen name="x67">73.82dp</dimen>
    <dimen name="x68">74.93dp</dimen>
    <dimen name="x69">76.03dp</dimen>
    <dimen name="x70">77.13dp</dimen>
    <dimen name="x71">78.23dp</dimen>
    <dimen name="x72">79.33dp</dimen>
    <dimen name="x73">80.44dp</dimen>
    <dimen name="x74">81.54dp</dimen>
    <dimen name="x75">82.64dp</dimen>
    <dimen name="x76">83.74dp</dimen>
    <dimen name="x77">84.84dp</dimen>
    <dimen name="x78">85.94dp</dimen>
    <dimen name="x79">87.05dp</dimen>
    <dimen name="x80">88.15dp</dimen>
    <dimen name="x81">89.25dp</dimen>
    <dimen name="x82">90.35dp</dimen>
    <dimen name="x83">91.45dp</dimen>
    <dimen name="x84">92.56dp</dimen>
    <dimen name="x85">93.66dp</dimen>
    <dimen name="x86">94.76dp</dimen>
    <dimen name="x87">95.86dp</dimen>
    <dimen name="x88">96.96dp</dimen>
    <dimen name="x89">98.06dp</dimen>
    <dimen name="x90">99.17dp</dimen>
    <dimen name="x91">100.27dp</dimen>
    <dimen name="x92">101.37dp</dimen>
    <dimen name="x93">102.47dp</dimen>
    <dimen name="x94">103.57dp</dimen>
    <dimen name="x95">104.68dp</dimen>
    <dimen name="x96">105.78dp</dimen>
    <dimen name="x97">106.88dp</dimen>
    <dimen name="x98">107.98dp</dimen>
    <dimen name="x99">109.08dp</dimen>
    <dimen name="x100">110.19dp</dimen>
    <dimen name="x101">111.29dp</dimen>
    <dimen name="x102">112.39dp</dimen>
    <dimen name="x103">113.49dp</dimen>
    <dimen name="x104">114.59dp</dimen>
    <dimen name="x105">115.69dp</dimen>
    <dimen name="x106">116.80dp</dimen>
    <dimen name="x107">117.90dp</dimen>
    <dimen name="x108">119.00dp</dimen>
    <dimen name="x109">120.10dp</dimen>
    <dimen name="x110">121.20dp</dimen>
    <dimen name="x111">122.31dp</dimen>
    <dimen name="x112">123.41dp</dimen>
    <dimen name="x113">124.51dp</dimen>
    <dimen name="x114">125.61dp</dimen>
    <dimen name="x115">126.71dp</dimen>
    <dimen name="x116">127.81dp</dimen>
    <dimen name="x117">128.92dp</dimen>
    <dimen name="x118">130.02dp</dimen>
    <dimen name="x119">131.12dp</dimen>
    <dimen name="x120">132.22dp</dimen>
    <dimen name="x121">133.32dp</dimen>
    <dimen name="x122">134.43dp</dimen>
    <dimen name="x123">135.53dp</dimen>
    <dimen name="x124">136.63dp</dimen>
    <dimen name="x125">137.73dp</dimen>
    <dimen name="x126">138.83dp</dimen>
    <dimen name="x127">139.94dp</dimen>
    <dimen name="x128">141.04dp</dimen>
    <dimen name="x129">142.14dp</dimen>
    <dimen name="x130">143.24dp</dimen>
    <dimen name="x131">144.34dp</dimen>
    <dimen name="x132">145.44dp</dimen>
    <dimen name="x133">146.55dp</dimen>
    <dimen name="x134">147.65dp</dimen>
    <dimen name="x135">148.75dp</dimen>
    <dimen name="x136">149.85dp</dimen>
    <dimen name="x137">150.95dp</dimen>
    <dimen name="x138">152.06dp</dimen>
    <dimen name="x139">153.16dp</dimen>
    <dimen name="x140">154.26dp</dimen>
    <dimen name="x141">155.36dp</dimen>
    <dimen name="x142">156.46dp</dimen>
    <dimen name="x143">157.56dp</dimen>
    <dimen name="x144">158.67dp</dimen>
    <dimen name="x145">159.77dp</dimen>
    <dimen name="x146">160.87dp</dimen>
    <dimen name="x147">161.97dp</dimen>
    <dimen name="x148">163.07dp</dimen>
    <dimen name="x149">164.18dp</dimen>
    <dimen name="x150">165.28dp</dimen>
    <dimen name="x151">166.38dp</dimen>
    <dimen name="x152">167.48dp</dimen>
    <dimen name="x153">168.58dp</dimen>
    <dimen name="x154">169.69dp</dimen>
    <dimen name="x155">170.79dp</dimen>
    <dimen name="x156">171.89dp</dimen>
    <dimen name="x157">172.99dp</dimen>
    <dimen name="x158">174.09dp</dimen>
    <dimen name="x159">175.19dp</dimen>
    <dimen name="x160">176.30dp</dimen>
    <dimen name="x161">177.40dp</dimen>
    <dimen name="x162">178.50dp</dimen>
    <dimen name="x163">179.60dp</dimen>
    <dimen name="x164">180.70dp</dimen>
    <dimen name="x165">181.81dp</dimen>
    <dimen name="x166">182.91dp</dimen>
    <dimen name="x167">184.01dp</dimen>
    <dimen name="x168">185.11dp</dimen>
    <dimen name="x169">186.21dp</dimen>
    <dimen name="x170">187.31dp</dimen>
    <dimen name="x171">188.42dp</dimen>
    <dimen name="x172">189.52dp</dimen>
    <dimen name="x173">190.62dp</dimen>
    <dimen name="x174">191.72dp</dimen>
    <dimen name="x175">192.82dp</dimen>
    <dimen name="x176">193.93dp</dimen>
    <dimen name="x177">195.03dp</dimen>
    <dimen name="x178">196.13dp</dimen>
    <dimen name="x179">197.23dp</dimen>
    <dimen name="x180">198.33dp</dimen>
    <dimen name="x181">199.44dp</dimen>
    <dimen name="x182">200.54dp</dimen>
    <dimen name="x183">201.64dp</dimen>
    <dimen name="x184">202.74dp</dimen>
    <dimen name="x185">203.84dp</dimen>
    <dimen name="x186">204.94dp</dimen>
    <dimen name="x187">206.05dp</dimen>
    <dimen name="x188">207.15dp</dimen>
    <dimen name="x189">208.25dp</dimen>
    <dimen name="x190">209.35dp</dimen>
    <dimen name="x191">210.45dp</dimen>
    <dimen name="x192">211.56dp</dimen>
    <dimen name="x193">212.66dp</dimen>
    <dimen name="x194">213.76dp</dimen>
    <dimen name="x195">214.86dp</dimen>
    <dimen name="x196">215.96dp</dimen>
    <dimen name="x197">217.06dp</dimen>
    <dimen name="x198">218.17dp</dimen>
    <dimen name="x199">219.27dp</dimen>
    <dimen name="x200">220.37dp</dimen>
    <dimen name="x201">221.47dp</dimen>
    <dimen name="x202">222.57dp</dimen>
    <dimen name="x203">223.68dp</dimen>
    <dimen name="x204">224.78dp</dimen>
    <dimen name="x205">225.88dp</dimen>
    <dimen name="x206">226.98dp</dimen>
    <dimen name="x207">228.08dp</dimen>
    <dimen name="x208">229.19dp</dimen>
    <dimen name="x209">230.29dp</dimen>
    <dimen name="x210">231.39dp</dimen>
    <dimen name="x211">232.49dp</dimen>
    <dimen name="x212">233.59dp</dimen>
    <dimen name="x213">234.69dp</dimen>
    <dimen name="x214">235.80dp</dimen>
    <dimen name="x215">236.90dp</dimen>
    <dimen name="x216">238.00dp</dimen>
    <dimen name="x217">239.10dp</dimen>
    <dimen name="x218">240.20dp</dimen>
    <dimen name="x219">241.31dp</dimen>
    <dimen name="x220">242.41dp</dimen>
    <dimen name="x221">243.51dp</dimen>
    <dimen name="x222">244.61dp</dimen>
    <dimen name="x223">245.71dp</dimen>
    <dimen name="x224">246.81dp</dimen>
    <dimen name="x225">247.92dp</dimen>
    <dimen name="x226">249.02dp</dimen>
    <dimen name="x227">250.12dp</dimen>
    <dimen name="x228">251.22dp</dimen>
    <dimen name="x229">252.32dp</dimen>
    <dimen name="x230">253.43dp</dimen>
    <dimen name="x231">254.53dp</dimen>
    <dimen name="x232">255.63dp</dimen>
    <dimen name="x233">256.73dp</dimen>
    <dimen name="x234">257.83dp</dimen>
    <dimen name="x235">258.94dp</dimen>
    <dimen name="x236">260.04dp</dimen>
    <dimen name="x237">261.14dp</dimen>
    <dimen name="x238">262.24dp</dimen>
    <dimen name="x239">263.34dp</dimen>
    <dimen name="x240">264.44dp</dimen>
    <dimen name="x241">265.55dp</dimen>
    <dimen name="x242">266.65dp</dimen>
    <dimen name="x243">267.75dp</dimen>
    <dimen name="x244">268.85dp</dimen>
    <dimen name="x245">269.95dp</dimen>
    <dimen name="x246">271.06dp</dimen>
    <dimen name="x247">272.16dp</dimen>
    <dimen name="x248">273.26dp</dimen>
    <dimen name="x249">274.36dp</dimen>
    <dimen name="x250">275.46dp</dimen>
    <dimen name="x251">276.56dp</dimen>
    <dimen name="x252">277.67dp</dimen>
    <dimen name="x253">278.77dp</dimen>
    <dimen name="x254">279.87dp</dimen>
    <dimen name="x255">280.97dp</dimen>
    <dimen name="x256">282.07dp</dimen>
    <dimen name="x257">283.18dp</dimen>
    <dimen name="x258">284.28dp</dimen>
    <dimen name="x259">285.38dp</dimen>
    <dimen name="x260">286.48dp</dimen>
    <dimen name="x261">287.58dp</dimen>
    <dimen name="x262">288.69dp</dimen>
    <dimen name="x263">289.79dp</dimen>
    <dimen name="x264">290.89dp</dimen>
    <dimen name="x265">291.99dp</dimen>
    <dimen name="x266">293.09dp</dimen>
    <dimen name="x267">294.19dp</dimen>
    <dimen name="x268">295.30dp</dimen>
    <dimen name="x269">296.40dp</dimen>
    <dimen name="x270">297.50dp</dimen>
    <dimen name="x271">298.60dp</dimen>
    <dimen name="x272">299.70dp</dimen>
    <dimen name="x273">300.81dp</dimen>
    <dimen name="x274">301.91dp</dimen>
    <dimen name="x275">303.01dp</dimen>
    <dimen name="x276">304.11dp</dimen>
    <dimen name="x277">305.21dp</dimen>
    <dimen name="x278">306.31dp</dimen>
    <dimen name="x279">307.42dp</dimen>
    <dimen name="x280">308.52dp</dimen>
    <dimen name="x281">309.62dp</dimen>
    <dimen name="x282">310.72dp</dimen>
    <dimen name="x283">311.82dp</dimen>
    <dimen name="x284">312.93dp</dimen>
    <dimen name="x285">314.03dp</dimen>
    <dimen name="x286">315.13dp</dimen>
    <dimen name="x287">316.23dp</dimen>
    <dimen name="x288">317.33dp</dimen>
    <dimen name="x289">318.44dp</dimen>
    <dimen name="x290">319.54dp</dimen>
    <dimen name="x291">320.64dp</dimen>
    <dimen name="x292">321.74dp</dimen>
    <dimen name="x293">322.84dp</dimen>
    <dimen name="x294">323.94dp</dimen>
    <dimen name="x295">325.05dp</dimen>
    <dimen name="x296">326.15dp</dimen>
    <dimen name="x297">327.25dp</dimen>
    <dimen name="x298">328.35dp</dimen>
    <dimen name="x299">329.45dp</dimen>
    <dimen name="x300">330.56dp</dimen>
    <dimen name="x301">331.66dp</dimen>
    <dimen name="x302">332.76dp</dimen>
    <dimen name="x303">333.86dp</dimen>
    <dimen name="x304">334.96dp</dimen>
    <dimen name="x305">336.06dp</dimen>
    <dimen name="x306">337.17dp</dimen>
    <dimen name="x307">338.27dp</dimen>
    <dimen name="x308">339.37dp</dimen>
    <dimen name="x309">340.47dp</dimen>
    <dimen name="x310">341.57dp</dimen>
    <dimen name="x311">342.68dp</dimen>
    <dimen name="x312">343.78dp</dimen>
    <dimen name="x313">344.88dp</dimen>
    <dimen name="x314">345.98dp</dimen>
    <dimen name="x315">347.08dp</dimen>
    <dimen name="x316">348.19dp</dimen>
    <dimen name="x317">349.29dp</dimen>
    <dimen name="x318">350.39dp</dimen>
    <dimen name="x319">351.49dp</dimen>
    <dimen name="x320">352.59dp</dimen>
    <dimen name="x321">353.69dp</dimen>
    <dimen name="x322">354.80dp</dimen>
    <dimen name="x323">355.90dp</dimen>
    <dimen name="x324">357.00dp</dimen>
    <dimen name="x325">358.10dp</dimen>
    <dimen name="x326">359.20dp</dimen>
    <dimen name="x327">360.31dp</dimen>
    <dimen name="x328">361.41dp</dimen>
    <dimen name="x329">362.51dp</dimen>
    <dimen name="x330">363.61dp</dimen>
    <dimen name="x331">364.71dp</dimen>
    <dimen name="x332">365.81dp</dimen>
    <dimen name="x333">366.92dp</dimen>
    <dimen name="x334">368.02dp</dimen>
    <dimen name="x335">369.12dp</dimen>
    <dimen name="x336">370.22dp</dimen>
    <dimen name="x337">371.32dp</dimen>
    <dimen name="x338">372.43dp</dimen>
    <dimen name="x339">373.53dp</dimen>
    <dimen name="x340">374.63dp</dimen>
    <dimen name="x341">375.73dp</dimen>
    <dimen name="x342">376.83dp</dimen>
    <dimen name="x343">377.94dp</dimen>
    <dimen name="x344">379.04dp</dimen>
    <dimen name="x345">380.14dp</dimen>
    <dimen name="x346">381.24dp</dimen>
    <dimen name="x347">382.34dp</dimen>
    <dimen name="x348">383.44dp</dimen>
    <dimen name="x349">384.55dp</dimen>
    <dimen name="x350">385.65dp</dimen>
    <dimen name="x351">386.75dp</dimen>
    <dimen name="x352">387.85dp</dimen>
    <dimen name="x353">388.95dp</dimen>
    <dimen name="x354">390.06dp</dimen>
    <dimen name="x355">391.16dp</dimen>
    <dimen name="x356">392.26dp</dimen>
    <dimen name="x357">393.36dp</dimen>
    <dimen name="x358">394.46dp</dimen>
    <dimen name="x359">395.56dp</dimen>
    <dimen name="x360">396.67dp</dimen>
    <dimen name="x361">397.77dp</dimen>
    <dimen name="x362">398.87dp</dimen>
    <dimen name="x363">399.97dp</dimen>
    <dimen name="x364">401.07dp</dimen>
    <dimen name="x365">402.18dp</dimen>
    <dimen name="x366">403.28dp</dimen>
    <dimen name="x367">404.38dp</dimen>
    <dimen name="x368">405.48dp</dimen>
    <dimen name="x369">406.58dp</dimen>
    <dimen name="x370">407.69dp</dimen>
    <dimen name="x371">408.79dp</dimen>
    <dimen name="x372">409.89dp</dimen>
    <dimen name="x373">410.99dp</dimen>
    <dimen name="x374">412.09dp</dimen>
    <dimen name="x375">413.19dp</dimen>
    <dimen name="x376">414.30dp</dimen>
    <dimen name="x377">415.40dp</dimen>
    <dimen name="x378">416.50dp</dimen>
    <dimen name="x379">417.60dp</dimen>
    <dimen name="x380">418.70dp</dimen>
    <dimen name="x381">419.81dp</dimen>
    <dimen name="x382">420.91dp</dimen>
    <dimen name="x383">422.01dp</dimen>
    <dimen name="x384">423.11dp</dimen>
    <dimen name="x385">424.21dp</dimen>
    <dimen name="x386">425.31dp</dimen>
    <dimen name="x387">426.42dp</dimen>
    <dimen name="x388">427.52dp</dimen>
    <dimen name="x389">428.62dp</dimen>
    <dimen name="x390">429.72dp</dimen>
    <dimen name="x391">430.82dp</dimen>
    <dimen name="x392">431.93dp</dimen>
    <dimen name="x393">433.03dp</dimen>
    <dimen name="x394">434.13dp</dimen>
    <dimen name="x395">435.23dp</dimen>
    <dimen name="x396">436.33dp</dimen>
    <dimen name="x397">437.44dp</dimen>
    <dimen name="x398">438.54dp</dimen>
    <dimen name="x399">439.64dp</dimen>
    <dimen name="x400">440.74dp</dimen>
    <dimen name="x401">441.84dp</dimen>
    <dimen name="x402">442.94dp</dimen>
    <dimen name="x403">444.05dp</dimen>
    <dimen name="x404">445.15dp</dimen>
    <dimen name="x405">446.25dp</dimen>
    <dimen name="x406">447.35dp</dimen>
    <dimen name="x407">448.45dp</dimen>
    <dimen name="x408">449.56dp</dimen>
    <dimen name="x409">450.66dp</dimen>
    <dimen name="x410">451.76dp</dimen>
    <dimen name="x411">452.86dp</dimen>
    <dimen name="x412">453.96dp</dimen>
    <dimen name="x413">455.06dp</dimen>
    <dimen name="x414">456.17dp</dimen>
    <dimen name="x415">457.27dp</dimen>
    <dimen name="x416">458.37dp</dimen>
    <dimen name="x417">459.47dp</dimen>
    <dimen name="x418">460.57dp</dimen>
    <dimen name="x419">461.68dp</dimen>
    <dimen name="x420">462.78dp</dimen>
    <dimen name="x421">463.88dp</dimen>
    <dimen name="x422">464.98dp</dimen>
    <dimen name="x423">466.08dp</dimen>
    <dimen name="x424">467.19dp</dimen>
    <dimen name="x425">468.29dp</dimen>
    <dimen name="x426">469.39dp</dimen>
    <dimen name="x427">470.49dp</dimen>
    <dimen name="x428">471.59dp</dimen>
    <dimen name="x429">472.69dp</dimen>
    <dimen name="x430">473.80dp</dimen>
    <dimen name="x431">474.90dp</dimen>
    <dimen name="x432">476.00dp</dimen>
    <dimen name="x433">477.10dp</dimen>
    <dimen name="x434">478.20dp</dimen>
    <dimen name="x435">479.31dp</dimen>
    <dimen name="x436">480.41dp</dimen>
    <dimen name="x437">481.51dp</dimen>
    <dimen name="x438">482.61dp</dimen>
    <dimen name="x439">483.71dp</dimen>
    <dimen name="x440">484.81dp</dimen>
    <dimen name="x441">485.92dp</dimen>
    <dimen name="x442">487.02dp</dimen>
    <dimen name="x443">488.12dp</dimen>
    <dimen name="x444">489.22dp</dimen>
    <dimen name="x445">490.32dp</dimen>
    <dimen name="x446">491.43dp</dimen>
    <dimen name="x447">492.53dp</dimen>
    <dimen name="x448">493.63dp</dimen>
    <dimen name="x449">494.73dp</dimen>
    <dimen name="x450">495.83dp</dimen>
    <dimen name="x451">496.94dp</dimen>
    <dimen name="x452">498.04dp</dimen>
    <dimen name="x453">499.14dp</dimen>
    <dimen name="x454">500.24dp</dimen>
    <dimen name="x455">501.34dp</dimen>
    <dimen name="x456">502.44dp</dimen>
    <dimen name="x457">503.55dp</dimen>
    <dimen name="x458">504.65dp</dimen>
    <dimen name="x459">505.75dp</dimen>
    <dimen name="x460">506.85dp</dimen>
    <dimen name="x461">507.95dp</dimen>
    <dimen name="x462">509.06dp</dimen>
    <dimen name="x463">510.16dp</dimen>
    <dimen name="x464">511.26dp</dimen>
    <dimen name="x465">512.36dp</dimen>
    <dimen name="x466">513.46dp</dimen>
    <dimen name="x467">514.56dp</dimen>
    <dimen name="x468">515.67dp</dimen>
    <dimen name="x469">516.77dp</dimen>
    <dimen name="x470">517.87dp</dimen>
    <dimen name="x471">518.97dp</dimen>
    <dimen name="x472">520.07dp</dimen>
    <dimen name="x473">521.18dp</dimen>
    <dimen name="x474">522.28dp</dimen>
    <dimen name="x475">523.38dp</dimen>
    <dimen name="x476">524.48dp</dimen>
    <dimen name="x477">525.58dp</dimen>
    <dimen name="x478">526.69dp</dimen>
    <dimen name="x479">527.79dp</dimen>
    <dimen name="x480">528.89dp</dimen>
    <dimen name="x481">529.99dp</dimen>
    <dimen name="x482">531.09dp</dimen>
    <dimen name="x483">532.19dp</dimen>
    <dimen name="x484">533.30dp</dimen>
    <dimen name="x485">534.40dp</dimen>
    <dimen name="x486">535.50dp</dimen>
    <dimen name="x487">536.60dp</dimen>
    <dimen name="x488">537.70dp</dimen>
    <dimen name="x489">538.81dp</dimen>
    <dimen name="x490">539.91dp</dimen>
    <dimen name="x491">541.01dp</dimen>
    <dimen name="x492">542.11dp</dimen>
    <dimen name="x493">543.21dp</dimen>
    <dimen name="x494">544.31dp</dimen>
    <dimen name="x495">545.42dp</dimen>
    <dimen name="x496">546.52dp</dimen>
    <dimen name="x497">547.62dp</dimen>
    <dimen name="x498">548.72dp</dimen>
    <dimen name="x499">549.82dp</dimen>
    <dimen name="x500">550.93dp</dimen>
    <dimen name="x501">552.03dp</dimen>
    <dimen name="x502">553.13dp</dimen>
    <dimen name="x503">554.23dp</dimen>
    <dimen name="x504">555.33dp</dimen>
    <dimen name="x505">556.44dp</dimen>
    <dimen name="x506">557.54dp</dimen>
    <dimen name="x507">558.64dp</dimen>
    <dimen name="x508">559.74dp</dimen>
    <dimen name="x509">560.84dp</dimen>
    <dimen name="x510">561.94dp</dimen>
    <dimen name="x511">563.05dp</dimen>
    <dimen name="x512">564.15dp</dimen>
    <dimen name="x513">565.25dp</dimen>
    <dimen name="x514">566.35dp</dimen>
    <dimen name="x515">567.45dp</dimen>
    <dimen name="x516">568.56dp</dimen>
    <dimen name="x517">569.66dp</dimen>
    <dimen name="x518">570.76dp</dimen>
    <dimen name="x519">571.86dp</dimen>
    <dimen name="x520">572.96dp</dimen>
    <dimen name="x521">574.06dp</dimen>
    <dimen name="x522">575.17dp</dimen>
    <dimen name="x523">576.27dp</dimen>
    <dimen name="x524">577.37dp</dimen>
    <dimen name="x525">578.47dp</dimen>
    <dimen name="x526">579.57dp</dimen>
    <dimen name="x527">580.68dp</dimen>
    <dimen name="x528">581.78dp</dimen>
    <dimen name="x529">582.88dp</dimen>
    <dimen name="x530">583.98dp</dimen>
    <dimen name="x531">585.08dp</dimen>
    <dimen name="x532">586.19dp</dimen>
    <dimen name="x533">587.29dp</dimen>
    <dimen name="x534">588.39dp</dimen>
    <dimen name="x535">589.49dp</dimen>
    <dimen name="x536">590.59dp</dimen>
    <dimen name="x537">591.69dp</dimen>
    <dimen name="x538">592.80dp</dimen>
    <dimen name="x539">593.90dp</dimen>
    <dimen name="x540">595.00dp</dimen>
    <dimen name="x541">596.10dp</dimen>
    <dimen name="x542">597.20dp</dimen>
    <dimen name="x543">598.31dp</dimen>
    <dimen name="x544">599.41dp</dimen>
    <dimen name="x545">600.51dp</dimen>
    <dimen name="x546">601.61dp</dimen>
    <dimen name="x547">602.71dp</dimen>
    <dimen name="x548">603.81dp</dimen>
    <dimen name="x549">604.92dp</dimen>
    <dimen name="x550">606.02dp</dimen>
    <dimen name="x551">607.12dp</dimen>
    <dimen name="x552">608.22dp</dimen>
    <dimen name="x553">609.32dp</dimen>
    <dimen name="x554">610.43dp</dimen>
    <dimen name="x555">611.53dp</dimen>
    <dimen name="x556">612.63dp</dimen>
    <dimen name="x557">613.73dp</dimen>
    <dimen name="x558">614.83dp</dimen>
    <dimen name="x559">615.94dp</dimen>
    <dimen name="x560">617.04dp</dimen>
    <dimen name="x561">618.14dp</dimen>
    <dimen name="x562">619.24dp</dimen>
    <dimen name="x563">620.34dp</dimen>
    <dimen name="x564">621.44dp</dimen>
    <dimen name="x565">622.55dp</dimen>
    <dimen name="x566">623.65dp</dimen>
    <dimen name="x567">624.75dp</dimen>
    <dimen name="x568">625.85dp</dimen>
    <dimen name="x569">626.95dp</dimen>
    <dimen name="x570">628.06dp</dimen>
    <dimen name="x571">629.16dp</dimen>
    <dimen name="x572">630.26dp</dimen>
    <dimen name="x573">631.36dp</dimen>
    <dimen name="x574">632.46dp</dimen>
    <dimen name="x575">633.56dp</dimen>
    <dimen name="x576">634.67dp</dimen>
    <dimen name="x577">635.77dp</dimen>
    <dimen name="x578">636.87dp</dimen>
    <dimen name="x579">637.97dp</dimen>
    <dimen name="x580">639.07dp</dimen>
    <dimen name="x581">640.18dp</dimen>
    <dimen name="x582">641.28dp</dimen>
    <dimen name="x583">642.38dp</dimen>
    <dimen name="x584">643.48dp</dimen>
    <dimen name="x585">644.58dp</dimen>
    <dimen name="x586">645.69dp</dimen>
    <dimen name="x587">646.79dp</dimen>
    <dimen name="x588">647.89dp</dimen>
    <dimen name="x589">648.99dp</dimen>
    <dimen name="x590">650.09dp</dimen>
    <dimen name="x591">651.19dp</dimen>
    <dimen name="x592">652.30dp</dimen>
    <dimen name="x593">653.40dp</dimen>
    <dimen name="x594">654.50dp</dimen>
    <dimen name="x595">655.60dp</dimen>
    <dimen name="x596">656.70dp</dimen>
    <dimen name="x597">657.81dp</dimen>
    <dimen name="x598">658.91dp</dimen>
    <dimen name="x599">660.01dp</dimen>
    <dimen name="x600">661.11dp</dimen>
    <dimen name="x601">662.21dp</dimen>
    <dimen name="x602">663.31dp</dimen>
    <dimen name="x603">664.42dp</dimen>
    <dimen name="x604">665.52dp</dimen>
    <dimen name="x605">666.62dp</dimen>
    <dimen name="x606">667.72dp</dimen>
    <dimen name="x607">668.82dp</dimen>
    <dimen name="x608">669.93dp</dimen>
    <dimen name="x609">671.03dp</dimen>
    <dimen name="x610">672.13dp</dimen>
    <dimen name="x611">673.23dp</dimen>
    <dimen name="x612">674.33dp</dimen>
    <dimen name="x613">675.44dp</dimen>
    <dimen name="x614">676.54dp</dimen>
    <dimen name="x615">677.64dp</dimen>
    <dimen name="x616">678.74dp</dimen>
    <dimen name="x617">679.84dp</dimen>
    <dimen name="x618">680.94dp</dimen>
    <dimen name="x619">682.05dp</dimen>
    <dimen name="x620">683.15dp</dimen>
    <dimen name="x621">684.25dp</dimen>
    <dimen name="x622">685.35dp</dimen>
    <dimen name="x623">686.45dp</dimen>
    <dimen name="x624">687.56dp</dimen>
    <dimen name="x625">688.66dp</dimen>
    <dimen name="x626">689.76dp</dimen>
    <dimen name="x627">690.86dp</dimen>
    <dimen name="x628">691.96dp</dimen>
    <dimen name="x629">693.06dp</dimen>
    <dimen name="x630">694.17dp</dimen>
    <dimen name="x631">695.27dp</dimen>
    <dimen name="x632">696.37dp</dimen>
    <dimen name="x633">697.47dp</dimen>
    <dimen name="x634">698.57dp</dimen>
    <dimen name="x635">699.68dp</dimen>
    <dimen name="x636">700.78dp</dimen>
    <dimen name="x637">701.88dp</dimen>
    <dimen name="x638">702.98dp</dimen>
    <dimen name="x639">704.08dp</dimen>
    <dimen name="x640">705.19dp</dimen>
    <dimen name="x641">706.29dp</dimen>
    <dimen name="x642">707.39dp</dimen>
    <dimen name="x643">708.49dp</dimen>
    <dimen name="x644">709.59dp</dimen>
    <dimen name="x645">710.69dp</dimen>
    <dimen name="x646">711.80dp</dimen>
    <dimen name="x647">712.90dp</dimen>
    <dimen name="x648">714.00dp</dimen>
    <dimen name="x649">715.10dp</dimen>
    <dimen name="x650">716.20dp</dimen>
    <dimen name="x651">717.31dp</dimen>
    <dimen name="x652">718.41dp</dimen>
    <dimen name="x653">719.51dp</dimen>
    <dimen name="x654">720.61dp</dimen>
    <dimen name="x655">721.71dp</dimen>
    <dimen name="x656">722.81dp</dimen>
    <dimen name="x657">723.92dp</dimen>
    <dimen name="x658">725.02dp</dimen>
    <dimen name="x659">726.12dp</dimen>
    <dimen name="x660">727.22dp</dimen>
    <dimen name="x661">728.32dp</dimen>
    <dimen name="x662">729.43dp</dimen>
    <dimen name="x663">730.53dp</dimen>
    <dimen name="x664">731.63dp</dimen>
    <dimen name="x665">732.73dp</dimen>
    <dimen name="x666">733.83dp</dimen>
    <dimen name="x667">734.94dp</dimen>
    <dimen name="x668">736.04dp</dimen>
    <dimen name="x669">737.14dp</dimen>
    <dimen name="x670">738.24dp</dimen>
    <dimen name="x671">739.34dp</dimen>
    <dimen name="x672">740.44dp</dimen>
    <dimen name="x673">741.55dp</dimen>
    <dimen name="x674">742.65dp</dimen>
    <dimen name="x675">743.75dp</dimen>
    <dimen name="x676">744.85dp</dimen>
    <dimen name="x677">745.95dp</dimen>
    <dimen name="x678">747.06dp</dimen>
    <dimen name="x679">748.16dp</dimen>
    <dimen name="x680">749.26dp</dimen>
    <dimen name="x681">750.36dp</dimen>
    <dimen name="x682">751.46dp</dimen>
    <dimen name="x683">752.56dp</dimen>
    <dimen name="x684">753.67dp</dimen>
    <dimen name="x685">754.77dp</dimen>
    <dimen name="x686">755.87dp</dimen>
    <dimen name="x687">756.97dp</dimen>
    <dimen name="x688">758.07dp</dimen>
    <dimen name="x689">759.18dp</dimen>
    <dimen name="x690">760.28dp</dimen>
    <dimen name="x691">761.38dp</dimen>
    <dimen name="x692">762.48dp</dimen>
    <dimen name="x693">763.58dp</dimen>
    <dimen name="x694">764.69dp</dimen>
    <dimen name="x695">765.79dp</dimen>
    <dimen name="x696">766.89dp</dimen>
    <dimen name="x697">767.99dp</dimen>
    <dimen name="x698">769.09dp</dimen>
    <dimen name="x699">770.19dp</dimen>
    <dimen name="x700">771.30dp</dimen>
    <dimen name="x701">772.40dp</dimen>
    <dimen name="x702">773.50dp</dimen>
    <dimen name="x703">774.60dp</dimen>
    <dimen name="x704">775.70dp</dimen>
    <dimen name="x705">776.81dp</dimen>
    <dimen name="x706">777.91dp</dimen>
    <dimen name="x707">779.01dp</dimen>
    <dimen name="x708">780.11dp</dimen>
    <dimen name="x709">781.21dp</dimen>
    <dimen name="x710">782.31dp</dimen>
    <dimen name="x711">783.42dp</dimen>
    <dimen name="x712">784.52dp</dimen>
    <dimen name="x713">785.62dp</dimen>
    <dimen name="x714">786.72dp</dimen>
    <dimen name="x715">787.82dp</dimen>
    <dimen name="x716">788.93dp</dimen>
    <dimen name="x717">790.03dp</dimen>
    <dimen name="x718">791.13dp</dimen>
    <dimen name="x719">792.23dp</dimen>
    <dimen name="x720">793.33dp</dimen>
    <dimen name="x721">794.44dp</dimen>
    <dimen name="x722">795.54dp</dimen>
    <dimen name="x723">796.64dp</dimen>
    <dimen name="x724">797.74dp</dimen>
    <dimen name="x725">798.84dp</dimen>
    <dimen name="x726">799.94dp</dimen>
    <dimen name="x727">801.05dp</dimen>
    <dimen name="x728">802.15dp</dimen>
    <dimen name="x729">803.25dp</dimen>
    <dimen name="x730">804.35dp</dimen>
    <dimen name="x731">805.45dp</dimen>
    <dimen name="x732">806.56dp</dimen>
    <dimen name="x733">807.66dp</dimen>
    <dimen name="x734">808.76dp</dimen>
    <dimen name="x735">809.86dp</dimen>
    <dimen name="x736">810.96dp</dimen>
    <dimen name="x737">812.06dp</dimen>
    <dimen name="x738">813.17dp</dimen>
    <dimen name="x739">814.27dp</dimen>
    <dimen name="x740">815.37dp</dimen>
    <dimen name="x741">816.47dp</dimen>
    <dimen name="x742">817.57dp</dimen>
    <dimen name="x743">818.68dp</dimen>
    <dimen name="x744">819.78dp</dimen>
    <dimen name="x745">820.88dp</dimen>
    <dimen name="x746">821.98dp</dimen>
    <dimen name="x747">823.08dp</dimen>
    <dimen name="x748">824.19dp</dimen>
    <dimen name="x749">825.29dp</dimen>
    <dimen name="x750">826.39dp</dimen>
    <dimen name="x751">827.49dp</dimen>
    <dimen name="x752">828.59dp</dimen>
    <dimen name="x753">829.69dp</dimen>
    <dimen name="x754">830.80dp</dimen>
    <dimen name="x755">831.90dp</dimen>
    <dimen name="x756">833.00dp</dimen>
    <dimen name="x757">834.10dp</dimen>
    <dimen name="x758">835.20dp</dimen>
    <dimen name="x759">836.31dp</dimen>
    <dimen name="x760">837.41dp</dimen>
    <dimen name="x761">838.51dp</dimen>
    <dimen name="x762">839.61dp</dimen>
    <dimen name="x763">840.71dp</dimen>
    <dimen name="x764">841.81dp</dimen>
    <dimen name="x765">842.92dp</dimen>
    <dimen name="x766">844.02dp</dimen>
    <dimen name="x767">845.12dp</dimen>
    <dimen name="x768">846.22dp</dimen>
    <dimen name="x769">847.32dp</dimen>
    <dimen name="x770">848.43dp</dimen>
    <dimen name="x771">849.53dp</dimen>
    <dimen name="x772">850.63dp</dimen>
    <dimen name="x773">851.73dp</dimen>
    <dimen name="x774">852.83dp</dimen>
    <dimen name="x775">853.94dp</dimen>
    <dimen name="x776">855.04dp</dimen>
    <dimen name="x777">856.14dp</dimen>
    <dimen name="x778">857.24dp</dimen>
    <dimen name="x779">858.34dp</dimen>
    <dimen name="x780">859.44dp</dimen>
    <dimen name="x781">860.55dp</dimen>
    <dimen name="x782">861.65dp</dimen>
    <dimen name="x783">862.75dp</dimen>
    <dimen name="x784">863.85dp</dimen>
    <dimen name="x785">864.95dp</dimen>
    <dimen name="x786">866.06dp</dimen>
    <dimen name="x787">867.16dp</dimen>
    <dimen name="x788">868.26dp</dimen>
    <dimen name="x789">869.36dp</dimen>
    <dimen name="x790">870.46dp</dimen>
    <dimen name="x791">871.56dp</dimen>
    <dimen name="x792">872.67dp</dimen>
    <dimen name="x793">873.77dp</dimen>
    <dimen name="x794">874.87dp</dimen>
    <dimen name="x795">875.97dp</dimen>
    <dimen name="x796">877.07dp</dimen>
    <dimen name="x797">878.18dp</dimen>
    <dimen name="x798">879.28dp</dimen>
    <dimen name="x799">880.38dp</dimen>
    <dimen name="x800">881.48dp</dimen>
    <dimen name="x801">882.58dp</dimen>
    <dimen name="x802">883.69dp</dimen>
    <dimen name="x803">884.79dp</dimen>
    <dimen name="x804">885.89dp</dimen>
    <dimen name="x805">886.99dp</dimen>
    <dimen name="x806">888.09dp</dimen>
    <dimen name="x807">889.19dp</dimen>
    <dimen name="x808">890.30dp</dimen>
    <dimen name="x809">891.40dp</dimen>
    <dimen name="x810">892.50dp</dimen>
    <dimen name="x811">893.60dp</dimen>
    <dimen name="x812">894.70dp</dimen>
    <dimen name="x813">895.81dp</dimen>
    <dimen name="x814">896.91dp</dimen>
    <dimen name="x815">898.01dp</dimen>
    <dimen name="x816">899.11dp</dimen>
    <dimen name="x817">900.21dp</dimen>
    <dimen name="x818">901.31dp</dimen>
    <dimen name="x819">902.42dp</dimen>
    <dimen name="x820">903.52dp</dimen>
    <dimen name="x821">904.62dp</dimen>
    <dimen name="x822">905.72dp</dimen>
    <dimen name="x823">906.82dp</dimen>
    <dimen name="x824">907.93dp</dimen>
    <dimen name="x825">909.03dp</dimen>
    <dimen name="x826">910.13dp</dimen>
    <dimen name="x827">911.23dp</dimen>
    <dimen name="x828">912.33dp</dimen>
    <dimen name="x829">913.44dp</dimen>
    <dimen name="x830">914.54dp</dimen>
    <dimen name="x831">915.64dp</dimen>
    <dimen name="x832">916.74dp</dimen>
    <dimen name="x833">917.84dp</dimen>
    <dimen name="x834">918.94dp</dimen>
    <dimen name="x835">920.05dp</dimen>
    <dimen name="x836">921.15dp</dimen>
    <dimen name="x837">922.25dp</dimen>
    <dimen name="x838">923.35dp</dimen>
    <dimen name="x839">924.45dp</dimen>
    <dimen name="x840">925.56dp</dimen>
    <dimen name="x841">926.66dp</dimen>
    <dimen name="x842">927.76dp</dimen>
    <dimen name="x843">928.86dp</dimen>
    <dimen name="x844">929.96dp</dimen>
    <dimen name="x845">931.06dp</dimen>
    <dimen name="x846">932.17dp</dimen>
    <dimen name="x847">933.27dp</dimen>
    <dimen name="x848">934.37dp</dimen>
    <dimen name="x849">935.47dp</dimen>
    <dimen name="x850">936.57dp</dimen>
    <dimen name="x851">937.68dp</dimen>
    <dimen name="x852">938.78dp</dimen>
    <dimen name="x853">939.88dp</dimen>
    <dimen name="x854">940.98dp</dimen>
    <dimen name="x855">942.08dp</dimen>
    <dimen name="x856">943.19dp</dimen>
    <dimen name="x857">944.29dp</dimen>
    <dimen name="x858">945.39dp</dimen>
    <dimen name="x859">946.49dp</dimen>
    <dimen name="x860">947.59dp</dimen>
    <dimen name="x861">948.69dp</dimen>
    <dimen name="x862">949.80dp</dimen>
    <dimen name="x863">950.90dp</dimen>
    <dimen name="x864">952.00dp</dimen>
    <dimen name="x865">953.10dp</dimen>
    <dimen name="x866">954.20dp</dimen>
    <dimen name="x867">955.31dp</dimen>
    <dimen name="x868">956.41dp</dimen>
    <dimen name="x869">957.51dp</dimen>
    <dimen name="x870">958.61dp</dimen>
    <dimen name="x871">959.71dp</dimen>
    <dimen name="x872">960.81dp</dimen>
    <dimen name="x873">961.92dp</dimen>
    <dimen name="x874">963.02dp</dimen>
    <dimen name="x875">964.12dp</dimen>
    <dimen name="x876">965.22dp</dimen>
    <dimen name="x877">966.32dp</dimen>
    <dimen name="x878">967.43dp</dimen>
    <dimen name="x879">968.53dp</dimen>
    <dimen name="x880">969.63dp</dimen>
    <dimen name="x881">970.73dp</dimen>
    <dimen name="x882">971.83dp</dimen>
    <dimen name="x883">972.94dp</dimen>
    <dimen name="x884">974.04dp</dimen>
    <dimen name="x885">975.14dp</dimen>
    <dimen name="x886">976.24dp</dimen>
    <dimen name="x887">977.34dp</dimen>
    <dimen name="x888">978.44dp</dimen>
    <dimen name="x889">979.55dp</dimen>
    <dimen name="x890">980.65dp</dimen>
    <dimen name="x891">981.75dp</dimen>
    <dimen name="x892">982.85dp</dimen>
    <dimen name="x893">983.95dp</dimen>
    <dimen name="x894">985.06dp</dimen>
    <dimen name="x895">986.16dp</dimen>
    <dimen name="x896">987.26dp</dimen>
    <dimen name="x897">988.36dp</dimen>
    <dimen name="x898">989.46dp</dimen>
    <dimen name="x899">990.56dp</dimen>
    <dimen name="x900">991.67dp</dimen>
    <dimen name="x901">992.77dp</dimen>
    <dimen name="x902">993.87dp</dimen>
    <dimen name="x903">994.97dp</dimen>
    <dimen name="x904">996.07dp</dimen>
    <dimen name="x905">997.18dp</dimen>
    <dimen name="x906">998.28dp</dimen>
    <dimen name="x907">999.38dp</dimen>
    <dimen name="x908">1000.48dp</dimen>
    <dimen name="x909">1001.58dp</dimen>
    <dimen name="x910">1002.69dp</dimen>
    <dimen name="x911">1003.79dp</dimen>
    <dimen name="x912">1004.89dp</dimen>
    <dimen name="x913">1005.99dp</dimen>
    <dimen name="x914">1007.09dp</dimen>
    <dimen name="x915">1008.19dp</dimen>
    <dimen name="x916">1009.30dp</dimen>
    <dimen name="x917">1010.40dp</dimen>
    <dimen name="x918">1011.50dp</dimen>
    <dimen name="x919">1012.60dp</dimen>
    <dimen name="x920">1013.70dp</dimen>
    <dimen name="x921">1014.81dp</dimen>
    <dimen name="x922">1015.91dp</dimen>
    <dimen name="x923">1017.01dp</dimen>
    <dimen name="x924">1018.11dp</dimen>
    <dimen name="x925">1019.21dp</dimen>
    <dimen name="x926">1020.31dp</dimen>
    <dimen name="x927">1021.42dp</dimen>
    <dimen name="x928">1022.52dp</dimen>
    <dimen name="x929">1023.62dp</dimen>
    <dimen name="x930">1024.72dp</dimen>
    <dimen name="x931">1025.82dp</dimen>
    <dimen name="x932">1026.93dp</dimen>
    <dimen name="x933">1028.03dp</dimen>
    <dimen name="x934">1029.13dp</dimen>
    <dimen name="x935">1030.23dp</dimen>
    <dimen name="x936">1031.33dp</dimen>
    <dimen name="x937">1032.44dp</dimen>
    <dimen name="x938">1033.54dp</dimen>
    <dimen name="x939">1034.64dp</dimen>
    <dimen name="x940">1035.74dp</dimen>
    <dimen name="x941">1036.84dp</dimen>
    <dimen name="x942">1037.94dp</dimen>
    <dimen name="x943">1039.05dp</dimen>
    <dimen name="x944">1040.15dp</dimen>
    <dimen name="x945">1041.25dp</dimen>
    <dimen name="x946">1042.35dp</dimen>
    <dimen name="x947">1043.45dp</dimen>
    <dimen name="x948">1044.56dp</dimen>
    <dimen name="x949">1045.66dp</dimen>
    <dimen name="x950">1046.76dp</dimen>
    <dimen name="x951">1047.86dp</dimen>
    <dimen name="x952">1048.96dp</dimen>
    <dimen name="x953">1050.06dp</dimen>
    <dimen name="x954">1051.17dp</dimen>
    <dimen name="x955">1052.27dp</dimen>
    <dimen name="x956">1053.37dp</dimen>
    <dimen name="x957">1054.47dp</dimen>
    <dimen name="x958">1055.57dp</dimen>
    <dimen name="x959">1056.68dp</dimen>
    <dimen name="x960">1057.78dp</dimen>
    <dimen name="x961">1058.88dp</dimen>
    <dimen name="x962">1059.98dp</dimen>
    <dimen name="x963">1061.08dp</dimen>
    <dimen name="x964">1062.19dp</dimen>
    <dimen name="x965">1063.29dp</dimen>
    <dimen name="x966">1064.39dp</dimen>
    <dimen name="x967">1065.49dp</dimen>
    <dimen name="x968">1066.59dp</dimen>
    <dimen name="x969">1067.69dp</dimen>
    <dimen name="x970">1068.80dp</dimen>
    <dimen name="x971">1069.90dp</dimen>
    <dimen name="x972">1071.00dp</dimen>
    <dimen name="x973">1072.10dp</dimen>
    <dimen name="x974">1073.20dp</dimen>
    <dimen name="x975">1074.31dp</dimen>
    <dimen name="x976">1075.41dp</dimen>
    <dimen name="x977">1076.51dp</dimen>
    <dimen name="x978">1077.61dp</dimen>
    <dimen name="x979">1078.71dp</dimen>
    <dimen name="x980">1079.81dp</dimen>
    <dimen name="x981">1080.92dp</dimen>
    <dimen name="x982">1082.02dp</dimen>
    <dimen name="x983">1083.12dp</dimen>
    <dimen name="x984">1084.22dp</dimen>
    <dimen name="x985">1085.32dp</dimen>
    <dimen name="x986">1086.43dp</dimen>
    <dimen name="x987">1087.53dp</dimen>
    <dimen name="x988">1088.63dp</dimen>
    <dimen name="x989">1089.73dp</dimen>
    <dimen name="x990">1090.83dp</dimen>
    <dimen name="x991">1091.94dp</dimen>
    <dimen name="x992">1093.04dp</dimen>
    <dimen name="x993">1094.14dp</dimen>
    <dimen name="x994">1095.24dp</dimen>
    <dimen name="x995">1096.34dp</dimen>
    <dimen name="x996">1097.44dp</dimen>
    <dimen name="x997">1098.55dp</dimen>
    <dimen name="x998">1099.65dp</dimen>
    <dimen name="x999">1100.75dp</dimen>
    <dimen name="x1000">1101.85dp</dimen>
    <dimen name="x1001">1102.95dp</dimen>
    <dimen name="x1002">1104.06dp</dimen>
    <dimen name="x1003">1105.16dp</dimen>
    <dimen name="x1004">1106.26dp</dimen>
    <dimen name="x1005">1107.36dp</dimen>
    <dimen name="x1006">1108.46dp</dimen>
    <dimen name="x1007">1109.56dp</dimen>
    <dimen name="x1008">1110.67dp</dimen>
    <dimen name="x1009">1111.77dp</dimen>
    <dimen name="x1010">1112.87dp</dimen>
    <dimen name="x1011">1113.97dp</dimen>
    <dimen name="x1012">1115.07dp</dimen>
    <dimen name="x1013">1116.18dp</dimen>
    <dimen name="x1014">1117.28dp</dimen>
    <dimen name="x1015">1118.38dp</dimen>
    <dimen name="x1016">1119.48dp</dimen>
    <dimen name="x1017">1120.58dp</dimen>
    <dimen name="x1018">1121.69dp</dimen>
    <dimen name="x1019">1122.79dp</dimen>
    <dimen name="x1020">1123.89dp</dimen>
    <dimen name="x1021">1124.99dp</dimen>
    <dimen name="x1022">1126.09dp</dimen>
    <dimen name="x1023">1127.19dp</dimen>
    <dimen name="x1024">1128.30dp</dimen>
    <dimen name="x1025">1129.40dp</dimen>
    <dimen name="x1026">1130.50dp</dimen>
    <dimen name="x1027">1131.60dp</dimen>
    <dimen name="x1028">1132.70dp</dimen>
    <dimen name="x1029">1133.81dp</dimen>
    <dimen name="x1030">1134.91dp</dimen>
    <dimen name="x1031">1136.01dp</dimen>
    <dimen name="x1032">1137.11dp</dimen>
    <dimen name="x1033">1138.21dp</dimen>
    <dimen name="x1034">1139.31dp</dimen>
    <dimen name="x1035">1140.42dp</dimen>
    <dimen name="x1036">1141.52dp</dimen>
    <dimen name="x1037">1142.62dp</dimen>
    <dimen name="x1038">1143.72dp</dimen>
    <dimen name="x1039">1144.82dp</dimen>
    <dimen name="x1040">1145.93dp</dimen>
    <dimen name="x1041">1147.03dp</dimen>
    <dimen name="x1042">1148.13dp</dimen>
    <dimen name="x1043">1149.23dp</dimen>
    <dimen name="x1044">1150.33dp</dimen>
    <dimen name="x1045">1151.44dp</dimen>
    <dimen name="x1046">1152.54dp</dimen>
    <dimen name="x1047">1153.64dp</dimen>
    <dimen name="x1048">1154.74dp</dimen>
    <dimen name="x1049">1155.84dp</dimen>
    <dimen name="x1050">1156.94dp</dimen>
    <dimen name="x1051">1158.05dp</dimen>
    <dimen name="x1052">1159.15dp</dimen>
    <dimen name="x1053">1160.25dp</dimen>
    <dimen name="x1054">1161.35dp</dimen>
    <dimen name="x1055">1162.45dp</dimen>
    <dimen name="x1056">1163.56dp</dimen>
    <dimen name="x1057">1164.66dp</dimen>
    <dimen name="x1058">1165.76dp</dimen>
    <dimen name="x1059">1166.86dp</dimen>
    <dimen name="x1060">1167.96dp</dimen>
    <dimen name="x1061">1169.06dp</dimen>
    <dimen name="x1062">1170.17dp</dimen>
    <dimen name="x1063">1171.27dp</dimen>
    <dimen name="x1064">1172.37dp</dimen>
    <dimen name="x1065">1173.47dp</dimen>
    <dimen name="x1066">1174.57dp</dimen>
    <dimen name="x1067">1175.68dp</dimen>
    <dimen name="x1068">1176.78dp</dimen>
    <dimen name="x1069">1177.88dp</dimen>
    <dimen name="x1070">1178.98dp</dimen>
    <dimen name="x1071">1180.08dp</dimen>
    <dimen name="x1072">1181.19dp</dimen>
    <dimen name="x1073">1182.29dp</dimen>
    <dimen name="x1074">1183.39dp</dimen>
    <dimen name="x1075">1184.49dp</dimen>
    <dimen name="x1076">1185.59dp</dimen>
    <dimen name="x1077">1186.69dp</dimen>
    <dimen name="x1078">1187.80dp</dimen>
    <dimen name="x1079">1188.90dp</dimen>
    <dimen name="x1080">1190.00dp</dimen>
</resources>