<?xml version="1.0" encoding="utf-8"?>
<resources>
    <string name="sw_dp">870dp</string>
    <dimen name="x1">0.81dp</dimen>
    <dimen name="x2">1.61dp</dimen>
    <dimen name="x3">2.42dp</dimen>
    <dimen name="x4">3.22dp</dimen>
    <dimen name="x5">4.03dp</dimen>
    <dimen name="x6">4.83dp</dimen>
    <dimen name="x7">5.64dp</dimen>
    <dimen name="x8">6.44dp</dimen>
    <dimen name="x9">7.25dp</dimen>
    <dimen name="x10">8.06dp</dimen>
    <dimen name="x11">8.86dp</dimen>
    <dimen name="x12">9.67dp</dimen>
    <dimen name="x13">10.47dp</dimen>
    <dimen name="x14">11.28dp</dimen>
    <dimen name="x15">12.08dp</dimen>
    <dimen name="x16">12.89dp</dimen>
    <dimen name="x17">13.69dp</dimen>
    <dimen name="x18">14.50dp</dimen>
    <dimen name="x19">15.31dp</dimen>
    <dimen name="x20">16.11dp</dimen>
    <dimen name="x21">16.92dp</dimen>
    <dimen name="x22">17.72dp</dimen>
    <dimen name="x23">18.53dp</dimen>
    <dimen name="x24">19.33dp</dimen>
    <dimen name="x25">20.14dp</dimen>
    <dimen name="x26">20.94dp</dimen>
    <dimen name="x27">21.75dp</dimen>
    <dimen name="x28">22.56dp</dimen>
    <dimen name="x29">23.36dp</dimen>
    <dimen name="x30">24.17dp</dimen>
    <dimen name="x31">24.97dp</dimen>
    <dimen name="x32">25.78dp</dimen>
    <dimen name="x33">26.58dp</dimen>
    <dimen name="x34">27.39dp</dimen>
    <dimen name="x35">28.19dp</dimen>
    <dimen name="x36">29.00dp</dimen>
    <dimen name="x37">29.81dp</dimen>
    <dimen name="x38">30.61dp</dimen>
    <dimen name="x39">31.42dp</dimen>
    <dimen name="x40">32.22dp</dimen>
    <dimen name="x41">33.03dp</dimen>
    <dimen name="x42">33.83dp</dimen>
    <dimen name="x43">34.64dp</dimen>
    <dimen name="x44">35.44dp</dimen>
    <dimen name="x45">36.25dp</dimen>
    <dimen name="x46">37.06dp</dimen>
    <dimen name="x47">37.86dp</dimen>
    <dimen name="x48">38.67dp</dimen>
    <dimen name="x49">39.47dp</dimen>
    <dimen name="x50">40.28dp</dimen>
    <dimen name="x51">41.08dp</dimen>
    <dimen name="x52">41.89dp</dimen>
    <dimen name="x53">42.69dp</dimen>
    <dimen name="x54">43.50dp</dimen>
    <dimen name="x55">44.31dp</dimen>
    <dimen name="x56">45.11dp</dimen>
    <dimen name="x57">45.92dp</dimen>
    <dimen name="x58">46.72dp</dimen>
    <dimen name="x59">47.53dp</dimen>
    <dimen name="x60">48.33dp</dimen>
    <dimen name="x61">49.14dp</dimen>
    <dimen name="x62">49.94dp</dimen>
    <dimen name="x63">50.75dp</dimen>
    <dimen name="x64">51.56dp</dimen>
    <dimen name="x65">52.36dp</dimen>
    <dimen name="x66">53.17dp</dimen>
    <dimen name="x67">53.97dp</dimen>
    <dimen name="x68">54.78dp</dimen>
    <dimen name="x69">55.58dp</dimen>
    <dimen name="x70">56.39dp</dimen>
    <dimen name="x71">57.19dp</dimen>
    <dimen name="x72">58.00dp</dimen>
    <dimen name="x73">58.81dp</dimen>
    <dimen name="x74">59.61dp</dimen>
    <dimen name="x75">60.42dp</dimen>
    <dimen name="x76">61.22dp</dimen>
    <dimen name="x77">62.03dp</dimen>
    <dimen name="x78">62.83dp</dimen>
    <dimen name="x79">63.64dp</dimen>
    <dimen name="x80">64.44dp</dimen>
    <dimen name="x81">65.25dp</dimen>
    <dimen name="x82">66.06dp</dimen>
    <dimen name="x83">66.86dp</dimen>
    <dimen name="x84">67.67dp</dimen>
    <dimen name="x85">68.47dp</dimen>
    <dimen name="x86">69.28dp</dimen>
    <dimen name="x87">70.08dp</dimen>
    <dimen name="x88">70.89dp</dimen>
    <dimen name="x89">71.69dp</dimen>
    <dimen name="x90">72.50dp</dimen>
    <dimen name="x91">73.31dp</dimen>
    <dimen name="x92">74.11dp</dimen>
    <dimen name="x93">74.92dp</dimen>
    <dimen name="x94">75.72dp</dimen>
    <dimen name="x95">76.53dp</dimen>
    <dimen name="x96">77.33dp</dimen>
    <dimen name="x97">78.14dp</dimen>
    <dimen name="x98">78.94dp</dimen>
    <dimen name="x99">79.75dp</dimen>
    <dimen name="x100">80.56dp</dimen>
    <dimen name="x101">81.36dp</dimen>
    <dimen name="x102">82.17dp</dimen>
    <dimen name="x103">82.97dp</dimen>
    <dimen name="x104">83.78dp</dimen>
    <dimen name="x105">84.58dp</dimen>
    <dimen name="x106">85.39dp</dimen>
    <dimen name="x107">86.19dp</dimen>
    <dimen name="x108">87.00dp</dimen>
    <dimen name="x109">87.81dp</dimen>
    <dimen name="x110">88.61dp</dimen>
    <dimen name="x111">89.42dp</dimen>
    <dimen name="x112">90.22dp</dimen>
    <dimen name="x113">91.03dp</dimen>
    <dimen name="x114">91.83dp</dimen>
    <dimen name="x115">92.64dp</dimen>
    <dimen name="x116">93.44dp</dimen>
    <dimen name="x117">94.25dp</dimen>
    <dimen name="x118">95.06dp</dimen>
    <dimen name="x119">95.86dp</dimen>
    <dimen name="x120">96.67dp</dimen>
    <dimen name="x121">97.47dp</dimen>
    <dimen name="x122">98.28dp</dimen>
    <dimen name="x123">99.08dp</dimen>
    <dimen name="x124">99.89dp</dimen>
    <dimen name="x125">100.69dp</dimen>
    <dimen name="x126">101.50dp</dimen>
    <dimen name="x127">102.31dp</dimen>
    <dimen name="x128">103.11dp</dimen>
    <dimen name="x129">103.92dp</dimen>
    <dimen name="x130">104.72dp</dimen>
    <dimen name="x131">105.53dp</dimen>
    <dimen name="x132">106.33dp</dimen>
    <dimen name="x133">107.14dp</dimen>
    <dimen name="x134">107.94dp</dimen>
    <dimen name="x135">108.75dp</dimen>
    <dimen name="x136">109.56dp</dimen>
    <dimen name="x137">110.36dp</dimen>
    <dimen name="x138">111.17dp</dimen>
    <dimen name="x139">111.97dp</dimen>
    <dimen name="x140">112.78dp</dimen>
    <dimen name="x141">113.58dp</dimen>
    <dimen name="x142">114.39dp</dimen>
    <dimen name="x143">115.19dp</dimen>
    <dimen name="x144">116.00dp</dimen>
    <dimen name="x145">116.81dp</dimen>
    <dimen name="x146">117.61dp</dimen>
    <dimen name="x147">118.42dp</dimen>
    <dimen name="x148">119.22dp</dimen>
    <dimen name="x149">120.03dp</dimen>
    <dimen name="x150">120.83dp</dimen>
    <dimen name="x151">121.64dp</dimen>
    <dimen name="x152">122.44dp</dimen>
    <dimen name="x153">123.25dp</dimen>
    <dimen name="x154">124.06dp</dimen>
    <dimen name="x155">124.86dp</dimen>
    <dimen name="x156">125.67dp</dimen>
    <dimen name="x157">126.47dp</dimen>
    <dimen name="x158">127.28dp</dimen>
    <dimen name="x159">128.08dp</dimen>
    <dimen name="x160">128.89dp</dimen>
    <dimen name="x161">129.69dp</dimen>
    <dimen name="x162">130.50dp</dimen>
    <dimen name="x163">131.31dp</dimen>
    <dimen name="x164">132.11dp</dimen>
    <dimen name="x165">132.92dp</dimen>
    <dimen name="x166">133.72dp</dimen>
    <dimen name="x167">134.53dp</dimen>
    <dimen name="x168">135.33dp</dimen>
    <dimen name="x169">136.14dp</dimen>
    <dimen name="x170">136.94dp</dimen>
    <dimen name="x171">137.75dp</dimen>
    <dimen name="x172">138.56dp</dimen>
    <dimen name="x173">139.36dp</dimen>
    <dimen name="x174">140.17dp</dimen>
    <dimen name="x175">140.97dp</dimen>
    <dimen name="x176">141.78dp</dimen>
    <dimen name="x177">142.58dp</dimen>
    <dimen name="x178">143.39dp</dimen>
    <dimen name="x179">144.19dp</dimen>
    <dimen name="x180">145.00dp</dimen>
    <dimen name="x181">145.81dp</dimen>
    <dimen name="x182">146.61dp</dimen>
    <dimen name="x183">147.42dp</dimen>
    <dimen name="x184">148.22dp</dimen>
    <dimen name="x185">149.03dp</dimen>
    <dimen name="x186">149.83dp</dimen>
    <dimen name="x187">150.64dp</dimen>
    <dimen name="x188">151.44dp</dimen>
    <dimen name="x189">152.25dp</dimen>
    <dimen name="x190">153.06dp</dimen>
    <dimen name="x191">153.86dp</dimen>
    <dimen name="x192">154.67dp</dimen>
    <dimen name="x193">155.47dp</dimen>
    <dimen name="x194">156.28dp</dimen>
    <dimen name="x195">157.08dp</dimen>
    <dimen name="x196">157.89dp</dimen>
    <dimen name="x197">158.69dp</dimen>
    <dimen name="x198">159.50dp</dimen>
    <dimen name="x199">160.31dp</dimen>
    <dimen name="x200">161.11dp</dimen>
    <dimen name="x201">161.92dp</dimen>
    <dimen name="x202">162.72dp</dimen>
    <dimen name="x203">163.53dp</dimen>
    <dimen name="x204">164.33dp</dimen>
    <dimen name="x205">165.14dp</dimen>
    <dimen name="x206">165.94dp</dimen>
    <dimen name="x207">166.75dp</dimen>
    <dimen name="x208">167.56dp</dimen>
    <dimen name="x209">168.36dp</dimen>
    <dimen name="x210">169.17dp</dimen>
    <dimen name="x211">169.97dp</dimen>
    <dimen name="x212">170.78dp</dimen>
    <dimen name="x213">171.58dp</dimen>
    <dimen name="x214">172.39dp</dimen>
    <dimen name="x215">173.19dp</dimen>
    <dimen name="x216">174.00dp</dimen>
    <dimen name="x217">174.81dp</dimen>
    <dimen name="x218">175.61dp</dimen>
    <dimen name="x219">176.42dp</dimen>
    <dimen name="x220">177.22dp</dimen>
    <dimen name="x221">178.03dp</dimen>
    <dimen name="x222">178.83dp</dimen>
    <dimen name="x223">179.64dp</dimen>
    <dimen name="x224">180.44dp</dimen>
    <dimen name="x225">181.25dp</dimen>
    <dimen name="x226">182.06dp</dimen>
    <dimen name="x227">182.86dp</dimen>
    <dimen name="x228">183.67dp</dimen>
    <dimen name="x229">184.47dp</dimen>
    <dimen name="x230">185.28dp</dimen>
    <dimen name="x231">186.08dp</dimen>
    <dimen name="x232">186.89dp</dimen>
    <dimen name="x233">187.69dp</dimen>
    <dimen name="x234">188.50dp</dimen>
    <dimen name="x235">189.31dp</dimen>
    <dimen name="x236">190.11dp</dimen>
    <dimen name="x237">190.92dp</dimen>
    <dimen name="x238">191.72dp</dimen>
    <dimen name="x239">192.53dp</dimen>
    <dimen name="x240">193.33dp</dimen>
    <dimen name="x241">194.14dp</dimen>
    <dimen name="x242">194.94dp</dimen>
    <dimen name="x243">195.75dp</dimen>
    <dimen name="x244">196.56dp</dimen>
    <dimen name="x245">197.36dp</dimen>
    <dimen name="x246">198.17dp</dimen>
    <dimen name="x247">198.97dp</dimen>
    <dimen name="x248">199.78dp</dimen>
    <dimen name="x249">200.58dp</dimen>
    <dimen name="x250">201.39dp</dimen>
    <dimen name="x251">202.19dp</dimen>
    <dimen name="x252">203.00dp</dimen>
    <dimen name="x253">203.81dp</dimen>
    <dimen name="x254">204.61dp</dimen>
    <dimen name="x255">205.42dp</dimen>
    <dimen name="x256">206.22dp</dimen>
    <dimen name="x257">207.03dp</dimen>
    <dimen name="x258">207.83dp</dimen>
    <dimen name="x259">208.64dp</dimen>
    <dimen name="x260">209.44dp</dimen>
    <dimen name="x261">210.25dp</dimen>
    <dimen name="x262">211.06dp</dimen>
    <dimen name="x263">211.86dp</dimen>
    <dimen name="x264">212.67dp</dimen>
    <dimen name="x265">213.47dp</dimen>
    <dimen name="x266">214.28dp</dimen>
    <dimen name="x267">215.08dp</dimen>
    <dimen name="x268">215.89dp</dimen>
    <dimen name="x269">216.69dp</dimen>
    <dimen name="x270">217.50dp</dimen>
    <dimen name="x271">218.31dp</dimen>
    <dimen name="x272">219.11dp</dimen>
    <dimen name="x273">219.92dp</dimen>
    <dimen name="x274">220.72dp</dimen>
    <dimen name="x275">221.53dp</dimen>
    <dimen name="x276">222.33dp</dimen>
    <dimen name="x277">223.14dp</dimen>
    <dimen name="x278">223.94dp</dimen>
    <dimen name="x279">224.75dp</dimen>
    <dimen name="x280">225.56dp</dimen>
    <dimen name="x281">226.36dp</dimen>
    <dimen name="x282">227.17dp</dimen>
    <dimen name="x283">227.97dp</dimen>
    <dimen name="x284">228.78dp</dimen>
    <dimen name="x285">229.58dp</dimen>
    <dimen name="x286">230.39dp</dimen>
    <dimen name="x287">231.19dp</dimen>
    <dimen name="x288">232.00dp</dimen>
    <dimen name="x289">232.81dp</dimen>
    <dimen name="x290">233.61dp</dimen>
    <dimen name="x291">234.42dp</dimen>
    <dimen name="x292">235.22dp</dimen>
    <dimen name="x293">236.03dp</dimen>
    <dimen name="x294">236.83dp</dimen>
    <dimen name="x295">237.64dp</dimen>
    <dimen name="x296">238.44dp</dimen>
    <dimen name="x297">239.25dp</dimen>
    <dimen name="x298">240.06dp</dimen>
    <dimen name="x299">240.86dp</dimen>
    <dimen name="x300">241.67dp</dimen>
    <dimen name="x301">242.47dp</dimen>
    <dimen name="x302">243.28dp</dimen>
    <dimen name="x303">244.08dp</dimen>
    <dimen name="x304">244.89dp</dimen>
    <dimen name="x305">245.69dp</dimen>
    <dimen name="x306">246.50dp</dimen>
    <dimen name="x307">247.31dp</dimen>
    <dimen name="x308">248.11dp</dimen>
    <dimen name="x309">248.92dp</dimen>
    <dimen name="x310">249.72dp</dimen>
    <dimen name="x311">250.53dp</dimen>
    <dimen name="x312">251.33dp</dimen>
    <dimen name="x313">252.14dp</dimen>
    <dimen name="x314">252.94dp</dimen>
    <dimen name="x315">253.75dp</dimen>
    <dimen name="x316">254.56dp</dimen>
    <dimen name="x317">255.36dp</dimen>
    <dimen name="x318">256.17dp</dimen>
    <dimen name="x319">256.97dp</dimen>
    <dimen name="x320">257.78dp</dimen>
    <dimen name="x321">258.58dp</dimen>
    <dimen name="x322">259.39dp</dimen>
    <dimen name="x323">260.19dp</dimen>
    <dimen name="x324">261.00dp</dimen>
    <dimen name="x325">261.81dp</dimen>
    <dimen name="x326">262.61dp</dimen>
    <dimen name="x327">263.42dp</dimen>
    <dimen name="x328">264.22dp</dimen>
    <dimen name="x329">265.03dp</dimen>
    <dimen name="x330">265.83dp</dimen>
    <dimen name="x331">266.64dp</dimen>
    <dimen name="x332">267.44dp</dimen>
    <dimen name="x333">268.25dp</dimen>
    <dimen name="x334">269.06dp</dimen>
    <dimen name="x335">269.86dp</dimen>
    <dimen name="x336">270.67dp</dimen>
    <dimen name="x337">271.47dp</dimen>
    <dimen name="x338">272.28dp</dimen>
    <dimen name="x339">273.08dp</dimen>
    <dimen name="x340">273.89dp</dimen>
    <dimen name="x341">274.69dp</dimen>
    <dimen name="x342">275.50dp</dimen>
    <dimen name="x343">276.31dp</dimen>
    <dimen name="x344">277.11dp</dimen>
    <dimen name="x345">277.92dp</dimen>
    <dimen name="x346">278.72dp</dimen>
    <dimen name="x347">279.53dp</dimen>
    <dimen name="x348">280.33dp</dimen>
    <dimen name="x349">281.14dp</dimen>
    <dimen name="x350">281.94dp</dimen>
    <dimen name="x351">282.75dp</dimen>
    <dimen name="x352">283.56dp</dimen>
    <dimen name="x353">284.36dp</dimen>
    <dimen name="x354">285.17dp</dimen>
    <dimen name="x355">285.97dp</dimen>
    <dimen name="x356">286.78dp</dimen>
    <dimen name="x357">287.58dp</dimen>
    <dimen name="x358">288.39dp</dimen>
    <dimen name="x359">289.19dp</dimen>
    <dimen name="x360">290.00dp</dimen>
    <dimen name="x361">290.81dp</dimen>
    <dimen name="x362">291.61dp</dimen>
    <dimen name="x363">292.42dp</dimen>
    <dimen name="x364">293.22dp</dimen>
    <dimen name="x365">294.03dp</dimen>
    <dimen name="x366">294.83dp</dimen>
    <dimen name="x367">295.64dp</dimen>
    <dimen name="x368">296.44dp</dimen>
    <dimen name="x369">297.25dp</dimen>
    <dimen name="x370">298.06dp</dimen>
    <dimen name="x371">298.86dp</dimen>
    <dimen name="x372">299.67dp</dimen>
    <dimen name="x373">300.47dp</dimen>
    <dimen name="x374">301.28dp</dimen>
    <dimen name="x375">302.08dp</dimen>
    <dimen name="x376">302.89dp</dimen>
    <dimen name="x377">303.69dp</dimen>
    <dimen name="x378">304.50dp</dimen>
    <dimen name="x379">305.31dp</dimen>
    <dimen name="x380">306.11dp</dimen>
    <dimen name="x381">306.92dp</dimen>
    <dimen name="x382">307.72dp</dimen>
    <dimen name="x383">308.53dp</dimen>
    <dimen name="x384">309.33dp</dimen>
    <dimen name="x385">310.14dp</dimen>
    <dimen name="x386">310.94dp</dimen>
    <dimen name="x387">311.75dp</dimen>
    <dimen name="x388">312.56dp</dimen>
    <dimen name="x389">313.36dp</dimen>
    <dimen name="x390">314.17dp</dimen>
    <dimen name="x391">314.97dp</dimen>
    <dimen name="x392">315.78dp</dimen>
    <dimen name="x393">316.58dp</dimen>
    <dimen name="x394">317.39dp</dimen>
    <dimen name="x395">318.19dp</dimen>
    <dimen name="x396">319.00dp</dimen>
    <dimen name="x397">319.81dp</dimen>
    <dimen name="x398">320.61dp</dimen>
    <dimen name="x399">321.42dp</dimen>
    <dimen name="x400">322.22dp</dimen>
    <dimen name="x401">323.03dp</dimen>
    <dimen name="x402">323.83dp</dimen>
    <dimen name="x403">324.64dp</dimen>
    <dimen name="x404">325.44dp</dimen>
    <dimen name="x405">326.25dp</dimen>
    <dimen name="x406">327.06dp</dimen>
    <dimen name="x407">327.86dp</dimen>
    <dimen name="x408">328.67dp</dimen>
    <dimen name="x409">329.47dp</dimen>
    <dimen name="x410">330.28dp</dimen>
    <dimen name="x411">331.08dp</dimen>
    <dimen name="x412">331.89dp</dimen>
    <dimen name="x413">332.69dp</dimen>
    <dimen name="x414">333.50dp</dimen>
    <dimen name="x415">334.31dp</dimen>
    <dimen name="x416">335.11dp</dimen>
    <dimen name="x417">335.92dp</dimen>
    <dimen name="x418">336.72dp</dimen>
    <dimen name="x419">337.53dp</dimen>
    <dimen name="x420">338.33dp</dimen>
    <dimen name="x421">339.14dp</dimen>
    <dimen name="x422">339.94dp</dimen>
    <dimen name="x423">340.75dp</dimen>
    <dimen name="x424">341.56dp</dimen>
    <dimen name="x425">342.36dp</dimen>
    <dimen name="x426">343.17dp</dimen>
    <dimen name="x427">343.97dp</dimen>
    <dimen name="x428">344.78dp</dimen>
    <dimen name="x429">345.58dp</dimen>
    <dimen name="x430">346.39dp</dimen>
    <dimen name="x431">347.19dp</dimen>
    <dimen name="x432">348.00dp</dimen>
    <dimen name="x433">348.81dp</dimen>
    <dimen name="x434">349.61dp</dimen>
    <dimen name="x435">350.42dp</dimen>
    <dimen name="x436">351.22dp</dimen>
    <dimen name="x437">352.03dp</dimen>
    <dimen name="x438">352.83dp</dimen>
    <dimen name="x439">353.64dp</dimen>
    <dimen name="x440">354.44dp</dimen>
    <dimen name="x441">355.25dp</dimen>
    <dimen name="x442">356.06dp</dimen>
    <dimen name="x443">356.86dp</dimen>
    <dimen name="x444">357.67dp</dimen>
    <dimen name="x445">358.47dp</dimen>
    <dimen name="x446">359.28dp</dimen>
    <dimen name="x447">360.08dp</dimen>
    <dimen name="x448">360.89dp</dimen>
    <dimen name="x449">361.69dp</dimen>
    <dimen name="x450">362.50dp</dimen>
    <dimen name="x451">363.31dp</dimen>
    <dimen name="x452">364.11dp</dimen>
    <dimen name="x453">364.92dp</dimen>
    <dimen name="x454">365.72dp</dimen>
    <dimen name="x455">366.53dp</dimen>
    <dimen name="x456">367.33dp</dimen>
    <dimen name="x457">368.14dp</dimen>
    <dimen name="x458">368.94dp</dimen>
    <dimen name="x459">369.75dp</dimen>
    <dimen name="x460">370.56dp</dimen>
    <dimen name="x461">371.36dp</dimen>
    <dimen name="x462">372.17dp</dimen>
    <dimen name="x463">372.97dp</dimen>
    <dimen name="x464">373.78dp</dimen>
    <dimen name="x465">374.58dp</dimen>
    <dimen name="x466">375.39dp</dimen>
    <dimen name="x467">376.19dp</dimen>
    <dimen name="x468">377.00dp</dimen>
    <dimen name="x469">377.81dp</dimen>
    <dimen name="x470">378.61dp</dimen>
    <dimen name="x471">379.42dp</dimen>
    <dimen name="x472">380.22dp</dimen>
    <dimen name="x473">381.03dp</dimen>
    <dimen name="x474">381.83dp</dimen>
    <dimen name="x475">382.64dp</dimen>
    <dimen name="x476">383.44dp</dimen>
    <dimen name="x477">384.25dp</dimen>
    <dimen name="x478">385.06dp</dimen>
    <dimen name="x479">385.86dp</dimen>
    <dimen name="x480">386.67dp</dimen>
    <dimen name="x481">387.47dp</dimen>
    <dimen name="x482">388.28dp</dimen>
    <dimen name="x483">389.08dp</dimen>
    <dimen name="x484">389.89dp</dimen>
    <dimen name="x485">390.69dp</dimen>
    <dimen name="x486">391.50dp</dimen>
    <dimen name="x487">392.31dp</dimen>
    <dimen name="x488">393.11dp</dimen>
    <dimen name="x489">393.92dp</dimen>
    <dimen name="x490">394.72dp</dimen>
    <dimen name="x491">395.53dp</dimen>
    <dimen name="x492">396.33dp</dimen>
    <dimen name="x493">397.14dp</dimen>
    <dimen name="x494">397.94dp</dimen>
    <dimen name="x495">398.75dp</dimen>
    <dimen name="x496">399.56dp</dimen>
    <dimen name="x497">400.36dp</dimen>
    <dimen name="x498">401.17dp</dimen>
    <dimen name="x499">401.97dp</dimen>
    <dimen name="x500">402.78dp</dimen>
    <dimen name="x501">403.58dp</dimen>
    <dimen name="x502">404.39dp</dimen>
    <dimen name="x503">405.19dp</dimen>
    <dimen name="x504">406.00dp</dimen>
    <dimen name="x505">406.81dp</dimen>
    <dimen name="x506">407.61dp</dimen>
    <dimen name="x507">408.42dp</dimen>
    <dimen name="x508">409.22dp</dimen>
    <dimen name="x509">410.03dp</dimen>
    <dimen name="x510">410.83dp</dimen>
    <dimen name="x511">411.64dp</dimen>
    <dimen name="x512">412.44dp</dimen>
    <dimen name="x513">413.25dp</dimen>
    <dimen name="x514">414.06dp</dimen>
    <dimen name="x515">414.86dp</dimen>
    <dimen name="x516">415.67dp</dimen>
    <dimen name="x517">416.47dp</dimen>
    <dimen name="x518">417.28dp</dimen>
    <dimen name="x519">418.08dp</dimen>
    <dimen name="x520">418.89dp</dimen>
    <dimen name="x521">419.69dp</dimen>
    <dimen name="x522">420.50dp</dimen>
    <dimen name="x523">421.31dp</dimen>
    <dimen name="x524">422.11dp</dimen>
    <dimen name="x525">422.92dp</dimen>
    <dimen name="x526">423.72dp</dimen>
    <dimen name="x527">424.53dp</dimen>
    <dimen name="x528">425.33dp</dimen>
    <dimen name="x529">426.14dp</dimen>
    <dimen name="x530">426.94dp</dimen>
    <dimen name="x531">427.75dp</dimen>
    <dimen name="x532">428.56dp</dimen>
    <dimen name="x533">429.36dp</dimen>
    <dimen name="x534">430.17dp</dimen>
    <dimen name="x535">430.97dp</dimen>
    <dimen name="x536">431.78dp</dimen>
    <dimen name="x537">432.58dp</dimen>
    <dimen name="x538">433.39dp</dimen>
    <dimen name="x539">434.19dp</dimen>
    <dimen name="x540">435.00dp</dimen>
    <dimen name="x541">435.81dp</dimen>
    <dimen name="x542">436.61dp</dimen>
    <dimen name="x543">437.42dp</dimen>
    <dimen name="x544">438.22dp</dimen>
    <dimen name="x545">439.03dp</dimen>
    <dimen name="x546">439.83dp</dimen>
    <dimen name="x547">440.64dp</dimen>
    <dimen name="x548">441.44dp</dimen>
    <dimen name="x549">442.25dp</dimen>
    <dimen name="x550">443.06dp</dimen>
    <dimen name="x551">443.86dp</dimen>
    <dimen name="x552">444.67dp</dimen>
    <dimen name="x553">445.47dp</dimen>
    <dimen name="x554">446.28dp</dimen>
    <dimen name="x555">447.08dp</dimen>
    <dimen name="x556">447.89dp</dimen>
    <dimen name="x557">448.69dp</dimen>
    <dimen name="x558">449.50dp</dimen>
    <dimen name="x559">450.31dp</dimen>
    <dimen name="x560">451.11dp</dimen>
    <dimen name="x561">451.92dp</dimen>
    <dimen name="x562">452.72dp</dimen>
    <dimen name="x563">453.53dp</dimen>
    <dimen name="x564">454.33dp</dimen>
    <dimen name="x565">455.14dp</dimen>
    <dimen name="x566">455.94dp</dimen>
    <dimen name="x567">456.75dp</dimen>
    <dimen name="x568">457.56dp</dimen>
    <dimen name="x569">458.36dp</dimen>
    <dimen name="x570">459.17dp</dimen>
    <dimen name="x571">459.97dp</dimen>
    <dimen name="x572">460.78dp</dimen>
    <dimen name="x573">461.58dp</dimen>
    <dimen name="x574">462.39dp</dimen>
    <dimen name="x575">463.19dp</dimen>
    <dimen name="x576">464.00dp</dimen>
    <dimen name="x577">464.81dp</dimen>
    <dimen name="x578">465.61dp</dimen>
    <dimen name="x579">466.42dp</dimen>
    <dimen name="x580">467.22dp</dimen>
    <dimen name="x581">468.03dp</dimen>
    <dimen name="x582">468.83dp</dimen>
    <dimen name="x583">469.64dp</dimen>
    <dimen name="x584">470.44dp</dimen>
    <dimen name="x585">471.25dp</dimen>
    <dimen name="x586">472.06dp</dimen>
    <dimen name="x587">472.86dp</dimen>
    <dimen name="x588">473.67dp</dimen>
    <dimen name="x589">474.47dp</dimen>
    <dimen name="x590">475.28dp</dimen>
    <dimen name="x591">476.08dp</dimen>
    <dimen name="x592">476.89dp</dimen>
    <dimen name="x593">477.69dp</dimen>
    <dimen name="x594">478.50dp</dimen>
    <dimen name="x595">479.31dp</dimen>
    <dimen name="x596">480.11dp</dimen>
    <dimen name="x597">480.92dp</dimen>
    <dimen name="x598">481.72dp</dimen>
    <dimen name="x599">482.53dp</dimen>
    <dimen name="x600">483.33dp</dimen>
    <dimen name="x601">484.14dp</dimen>
    <dimen name="x602">484.94dp</dimen>
    <dimen name="x603">485.75dp</dimen>
    <dimen name="x604">486.56dp</dimen>
    <dimen name="x605">487.36dp</dimen>
    <dimen name="x606">488.17dp</dimen>
    <dimen name="x607">488.97dp</dimen>
    <dimen name="x608">489.78dp</dimen>
    <dimen name="x609">490.58dp</dimen>
    <dimen name="x610">491.39dp</dimen>
    <dimen name="x611">492.19dp</dimen>
    <dimen name="x612">493.00dp</dimen>
    <dimen name="x613">493.81dp</dimen>
    <dimen name="x614">494.61dp</dimen>
    <dimen name="x615">495.42dp</dimen>
    <dimen name="x616">496.22dp</dimen>
    <dimen name="x617">497.03dp</dimen>
    <dimen name="x618">497.83dp</dimen>
    <dimen name="x619">498.64dp</dimen>
    <dimen name="x620">499.44dp</dimen>
    <dimen name="x621">500.25dp</dimen>
    <dimen name="x622">501.06dp</dimen>
    <dimen name="x623">501.86dp</dimen>
    <dimen name="x624">502.67dp</dimen>
    <dimen name="x625">503.47dp</dimen>
    <dimen name="x626">504.28dp</dimen>
    <dimen name="x627">505.08dp</dimen>
    <dimen name="x628">505.89dp</dimen>
    <dimen name="x629">506.69dp</dimen>
    <dimen name="x630">507.50dp</dimen>
    <dimen name="x631">508.31dp</dimen>
    <dimen name="x632">509.11dp</dimen>
    <dimen name="x633">509.92dp</dimen>
    <dimen name="x634">510.72dp</dimen>
    <dimen name="x635">511.53dp</dimen>
    <dimen name="x636">512.33dp</dimen>
    <dimen name="x637">513.14dp</dimen>
    <dimen name="x638">513.94dp</dimen>
    <dimen name="x639">514.75dp</dimen>
    <dimen name="x640">515.56dp</dimen>
    <dimen name="x641">516.36dp</dimen>
    <dimen name="x642">517.17dp</dimen>
    <dimen name="x643">517.97dp</dimen>
    <dimen name="x644">518.78dp</dimen>
    <dimen name="x645">519.58dp</dimen>
    <dimen name="x646">520.39dp</dimen>
    <dimen name="x647">521.19dp</dimen>
    <dimen name="x648">522.00dp</dimen>
    <dimen name="x649">522.81dp</dimen>
    <dimen name="x650">523.61dp</dimen>
    <dimen name="x651">524.42dp</dimen>
    <dimen name="x652">525.22dp</dimen>
    <dimen name="x653">526.03dp</dimen>
    <dimen name="x654">526.83dp</dimen>
    <dimen name="x655">527.64dp</dimen>
    <dimen name="x656">528.44dp</dimen>
    <dimen name="x657">529.25dp</dimen>
    <dimen name="x658">530.06dp</dimen>
    <dimen name="x659">530.86dp</dimen>
    <dimen name="x660">531.67dp</dimen>
    <dimen name="x661">532.47dp</dimen>
    <dimen name="x662">533.28dp</dimen>
    <dimen name="x663">534.08dp</dimen>
    <dimen name="x664">534.89dp</dimen>
    <dimen name="x665">535.69dp</dimen>
    <dimen name="x666">536.50dp</dimen>
    <dimen name="x667">537.31dp</dimen>
    <dimen name="x668">538.11dp</dimen>
    <dimen name="x669">538.92dp</dimen>
    <dimen name="x670">539.72dp</dimen>
    <dimen name="x671">540.53dp</dimen>
    <dimen name="x672">541.33dp</dimen>
    <dimen name="x673">542.14dp</dimen>
    <dimen name="x674">542.94dp</dimen>
    <dimen name="x675">543.75dp</dimen>
    <dimen name="x676">544.56dp</dimen>
    <dimen name="x677">545.36dp</dimen>
    <dimen name="x678">546.17dp</dimen>
    <dimen name="x679">546.97dp</dimen>
    <dimen name="x680">547.78dp</dimen>
    <dimen name="x681">548.58dp</dimen>
    <dimen name="x682">549.39dp</dimen>
    <dimen name="x683">550.19dp</dimen>
    <dimen name="x684">551.00dp</dimen>
    <dimen name="x685">551.81dp</dimen>
    <dimen name="x686">552.61dp</dimen>
    <dimen name="x687">553.42dp</dimen>
    <dimen name="x688">554.22dp</dimen>
    <dimen name="x689">555.03dp</dimen>
    <dimen name="x690">555.83dp</dimen>
    <dimen name="x691">556.64dp</dimen>
    <dimen name="x692">557.44dp</dimen>
    <dimen name="x693">558.25dp</dimen>
    <dimen name="x694">559.06dp</dimen>
    <dimen name="x695">559.86dp</dimen>
    <dimen name="x696">560.67dp</dimen>
    <dimen name="x697">561.47dp</dimen>
    <dimen name="x698">562.28dp</dimen>
    <dimen name="x699">563.08dp</dimen>
    <dimen name="x700">563.89dp</dimen>
    <dimen name="x701">564.69dp</dimen>
    <dimen name="x702">565.50dp</dimen>
    <dimen name="x703">566.31dp</dimen>
    <dimen name="x704">567.11dp</dimen>
    <dimen name="x705">567.92dp</dimen>
    <dimen name="x706">568.72dp</dimen>
    <dimen name="x707">569.53dp</dimen>
    <dimen name="x708">570.33dp</dimen>
    <dimen name="x709">571.14dp</dimen>
    <dimen name="x710">571.94dp</dimen>
    <dimen name="x711">572.75dp</dimen>
    <dimen name="x712">573.56dp</dimen>
    <dimen name="x713">574.36dp</dimen>
    <dimen name="x714">575.17dp</dimen>
    <dimen name="x715">575.97dp</dimen>
    <dimen name="x716">576.78dp</dimen>
    <dimen name="x717">577.58dp</dimen>
    <dimen name="x718">578.39dp</dimen>
    <dimen name="x719">579.19dp</dimen>
    <dimen name="x720">580.00dp</dimen>
    <dimen name="x721">580.81dp</dimen>
    <dimen name="x722">581.61dp</dimen>
    <dimen name="x723">582.42dp</dimen>
    <dimen name="x724">583.22dp</dimen>
    <dimen name="x725">584.03dp</dimen>
    <dimen name="x726">584.83dp</dimen>
    <dimen name="x727">585.64dp</dimen>
    <dimen name="x728">586.44dp</dimen>
    <dimen name="x729">587.25dp</dimen>
    <dimen name="x730">588.06dp</dimen>
    <dimen name="x731">588.86dp</dimen>
    <dimen name="x732">589.67dp</dimen>
    <dimen name="x733">590.47dp</dimen>
    <dimen name="x734">591.28dp</dimen>
    <dimen name="x735">592.08dp</dimen>
    <dimen name="x736">592.89dp</dimen>
    <dimen name="x737">593.69dp</dimen>
    <dimen name="x738">594.50dp</dimen>
    <dimen name="x739">595.31dp</dimen>
    <dimen name="x740">596.11dp</dimen>
    <dimen name="x741">596.92dp</dimen>
    <dimen name="x742">597.72dp</dimen>
    <dimen name="x743">598.53dp</dimen>
    <dimen name="x744">599.33dp</dimen>
    <dimen name="x745">600.14dp</dimen>
    <dimen name="x746">600.94dp</dimen>
    <dimen name="x747">601.75dp</dimen>
    <dimen name="x748">602.56dp</dimen>
    <dimen name="x749">603.36dp</dimen>
    <dimen name="x750">604.17dp</dimen>
    <dimen name="x751">604.97dp</dimen>
    <dimen name="x752">605.78dp</dimen>
    <dimen name="x753">606.58dp</dimen>
    <dimen name="x754">607.39dp</dimen>
    <dimen name="x755">608.19dp</dimen>
    <dimen name="x756">609.00dp</dimen>
    <dimen name="x757">609.81dp</dimen>
    <dimen name="x758">610.61dp</dimen>
    <dimen name="x759">611.42dp</dimen>
    <dimen name="x760">612.22dp</dimen>
    <dimen name="x761">613.03dp</dimen>
    <dimen name="x762">613.83dp</dimen>
    <dimen name="x763">614.64dp</dimen>
    <dimen name="x764">615.44dp</dimen>
    <dimen name="x765">616.25dp</dimen>
    <dimen name="x766">617.06dp</dimen>
    <dimen name="x767">617.86dp</dimen>
    <dimen name="x768">618.67dp</dimen>
    <dimen name="x769">619.47dp</dimen>
    <dimen name="x770">620.28dp</dimen>
    <dimen name="x771">621.08dp</dimen>
    <dimen name="x772">621.89dp</dimen>
    <dimen name="x773">622.69dp</dimen>
    <dimen name="x774">623.50dp</dimen>
    <dimen name="x775">624.31dp</dimen>
    <dimen name="x776">625.11dp</dimen>
    <dimen name="x777">625.92dp</dimen>
    <dimen name="x778">626.72dp</dimen>
    <dimen name="x779">627.53dp</dimen>
    <dimen name="x780">628.33dp</dimen>
    <dimen name="x781">629.14dp</dimen>
    <dimen name="x782">629.94dp</dimen>
    <dimen name="x783">630.75dp</dimen>
    <dimen name="x784">631.56dp</dimen>
    <dimen name="x785">632.36dp</dimen>
    <dimen name="x786">633.17dp</dimen>
    <dimen name="x787">633.97dp</dimen>
    <dimen name="x788">634.78dp</dimen>
    <dimen name="x789">635.58dp</dimen>
    <dimen name="x790">636.39dp</dimen>
    <dimen name="x791">637.19dp</dimen>
    <dimen name="x792">638.00dp</dimen>
    <dimen name="x793">638.81dp</dimen>
    <dimen name="x794">639.61dp</dimen>
    <dimen name="x795">640.42dp</dimen>
    <dimen name="x796">641.22dp</dimen>
    <dimen name="x797">642.03dp</dimen>
    <dimen name="x798">642.83dp</dimen>
    <dimen name="x799">643.64dp</dimen>
    <dimen name="x800">644.44dp</dimen>
    <dimen name="x801">645.25dp</dimen>
    <dimen name="x802">646.06dp</dimen>
    <dimen name="x803">646.86dp</dimen>
    <dimen name="x804">647.67dp</dimen>
    <dimen name="x805">648.47dp</dimen>
    <dimen name="x806">649.28dp</dimen>
    <dimen name="x807">650.08dp</dimen>
    <dimen name="x808">650.89dp</dimen>
    <dimen name="x809">651.69dp</dimen>
    <dimen name="x810">652.50dp</dimen>
    <dimen name="x811">653.31dp</dimen>
    <dimen name="x812">654.11dp</dimen>
    <dimen name="x813">654.92dp</dimen>
    <dimen name="x814">655.72dp</dimen>
    <dimen name="x815">656.53dp</dimen>
    <dimen name="x816">657.33dp</dimen>
    <dimen name="x817">658.14dp</dimen>
    <dimen name="x818">658.94dp</dimen>
    <dimen name="x819">659.75dp</dimen>
    <dimen name="x820">660.56dp</dimen>
    <dimen name="x821">661.36dp</dimen>
    <dimen name="x822">662.17dp</dimen>
    <dimen name="x823">662.97dp</dimen>
    <dimen name="x824">663.78dp</dimen>
    <dimen name="x825">664.58dp</dimen>
    <dimen name="x826">665.39dp</dimen>
    <dimen name="x827">666.19dp</dimen>
    <dimen name="x828">667.00dp</dimen>
    <dimen name="x829">667.81dp</dimen>
    <dimen name="x830">668.61dp</dimen>
    <dimen name="x831">669.42dp</dimen>
    <dimen name="x832">670.22dp</dimen>
    <dimen name="x833">671.03dp</dimen>
    <dimen name="x834">671.83dp</dimen>
    <dimen name="x835">672.64dp</dimen>
    <dimen name="x836">673.44dp</dimen>
    <dimen name="x837">674.25dp</dimen>
    <dimen name="x838">675.06dp</dimen>
    <dimen name="x839">675.86dp</dimen>
    <dimen name="x840">676.67dp</dimen>
    <dimen name="x841">677.47dp</dimen>
    <dimen name="x842">678.28dp</dimen>
    <dimen name="x843">679.08dp</dimen>
    <dimen name="x844">679.89dp</dimen>
    <dimen name="x845">680.69dp</dimen>
    <dimen name="x846">681.50dp</dimen>
    <dimen name="x847">682.31dp</dimen>
    <dimen name="x848">683.11dp</dimen>
    <dimen name="x849">683.92dp</dimen>
    <dimen name="x850">684.72dp</dimen>
    <dimen name="x851">685.53dp</dimen>
    <dimen name="x852">686.33dp</dimen>
    <dimen name="x853">687.14dp</dimen>
    <dimen name="x854">687.94dp</dimen>
    <dimen name="x855">688.75dp</dimen>
    <dimen name="x856">689.56dp</dimen>
    <dimen name="x857">690.36dp</dimen>
    <dimen name="x858">691.17dp</dimen>
    <dimen name="x859">691.97dp</dimen>
    <dimen name="x860">692.78dp</dimen>
    <dimen name="x861">693.58dp</dimen>
    <dimen name="x862">694.39dp</dimen>
    <dimen name="x863">695.19dp</dimen>
    <dimen name="x864">696.00dp</dimen>
    <dimen name="x865">696.81dp</dimen>
    <dimen name="x866">697.61dp</dimen>
    <dimen name="x867">698.42dp</dimen>
    <dimen name="x868">699.22dp</dimen>
    <dimen name="x869">700.03dp</dimen>
    <dimen name="x870">700.83dp</dimen>
    <dimen name="x871">701.64dp</dimen>
    <dimen name="x872">702.44dp</dimen>
    <dimen name="x873">703.25dp</dimen>
    <dimen name="x874">704.06dp</dimen>
    <dimen name="x875">704.86dp</dimen>
    <dimen name="x876">705.67dp</dimen>
    <dimen name="x877">706.47dp</dimen>
    <dimen name="x878">707.28dp</dimen>
    <dimen name="x879">708.08dp</dimen>
    <dimen name="x880">708.89dp</dimen>
    <dimen name="x881">709.69dp</dimen>
    <dimen name="x882">710.50dp</dimen>
    <dimen name="x883">711.31dp</dimen>
    <dimen name="x884">712.11dp</dimen>
    <dimen name="x885">712.92dp</dimen>
    <dimen name="x886">713.72dp</dimen>
    <dimen name="x887">714.53dp</dimen>
    <dimen name="x888">715.33dp</dimen>
    <dimen name="x889">716.14dp</dimen>
    <dimen name="x890">716.94dp</dimen>
    <dimen name="x891">717.75dp</dimen>
    <dimen name="x892">718.56dp</dimen>
    <dimen name="x893">719.36dp</dimen>
    <dimen name="x894">720.17dp</dimen>
    <dimen name="x895">720.97dp</dimen>
    <dimen name="x896">721.78dp</dimen>
    <dimen name="x897">722.58dp</dimen>
    <dimen name="x898">723.39dp</dimen>
    <dimen name="x899">724.19dp</dimen>
    <dimen name="x900">725.00dp</dimen>
    <dimen name="x901">725.81dp</dimen>
    <dimen name="x902">726.61dp</dimen>
    <dimen name="x903">727.42dp</dimen>
    <dimen name="x904">728.22dp</dimen>
    <dimen name="x905">729.03dp</dimen>
    <dimen name="x906">729.83dp</dimen>
    <dimen name="x907">730.64dp</dimen>
    <dimen name="x908">731.44dp</dimen>
    <dimen name="x909">732.25dp</dimen>
    <dimen name="x910">733.06dp</dimen>
    <dimen name="x911">733.86dp</dimen>
    <dimen name="x912">734.67dp</dimen>
    <dimen name="x913">735.47dp</dimen>
    <dimen name="x914">736.28dp</dimen>
    <dimen name="x915">737.08dp</dimen>
    <dimen name="x916">737.89dp</dimen>
    <dimen name="x917">738.69dp</dimen>
    <dimen name="x918">739.50dp</dimen>
    <dimen name="x919">740.31dp</dimen>
    <dimen name="x920">741.11dp</dimen>
    <dimen name="x921">741.92dp</dimen>
    <dimen name="x922">742.72dp</dimen>
    <dimen name="x923">743.53dp</dimen>
    <dimen name="x924">744.33dp</dimen>
    <dimen name="x925">745.14dp</dimen>
    <dimen name="x926">745.94dp</dimen>
    <dimen name="x927">746.75dp</dimen>
    <dimen name="x928">747.56dp</dimen>
    <dimen name="x929">748.36dp</dimen>
    <dimen name="x930">749.17dp</dimen>
    <dimen name="x931">749.97dp</dimen>
    <dimen name="x932">750.78dp</dimen>
    <dimen name="x933">751.58dp</dimen>
    <dimen name="x934">752.39dp</dimen>
    <dimen name="x935">753.19dp</dimen>
    <dimen name="x936">754.00dp</dimen>
    <dimen name="x937">754.81dp</dimen>
    <dimen name="x938">755.61dp</dimen>
    <dimen name="x939">756.42dp</dimen>
    <dimen name="x940">757.22dp</dimen>
    <dimen name="x941">758.03dp</dimen>
    <dimen name="x942">758.83dp</dimen>
    <dimen name="x943">759.64dp</dimen>
    <dimen name="x944">760.44dp</dimen>
    <dimen name="x945">761.25dp</dimen>
    <dimen name="x946">762.06dp</dimen>
    <dimen name="x947">762.86dp</dimen>
    <dimen name="x948">763.67dp</dimen>
    <dimen name="x949">764.47dp</dimen>
    <dimen name="x950">765.28dp</dimen>
    <dimen name="x951">766.08dp</dimen>
    <dimen name="x952">766.89dp</dimen>
    <dimen name="x953">767.69dp</dimen>
    <dimen name="x954">768.50dp</dimen>
    <dimen name="x955">769.31dp</dimen>
    <dimen name="x956">770.11dp</dimen>
    <dimen name="x957">770.92dp</dimen>
    <dimen name="x958">771.72dp</dimen>
    <dimen name="x959">772.53dp</dimen>
    <dimen name="x960">773.33dp</dimen>
    <dimen name="x961">774.14dp</dimen>
    <dimen name="x962">774.94dp</dimen>
    <dimen name="x963">775.75dp</dimen>
    <dimen name="x964">776.56dp</dimen>
    <dimen name="x965">777.36dp</dimen>
    <dimen name="x966">778.17dp</dimen>
    <dimen name="x967">778.97dp</dimen>
    <dimen name="x968">779.78dp</dimen>
    <dimen name="x969">780.58dp</dimen>
    <dimen name="x970">781.39dp</dimen>
    <dimen name="x971">782.19dp</dimen>
    <dimen name="x972">783.00dp</dimen>
    <dimen name="x973">783.81dp</dimen>
    <dimen name="x974">784.61dp</dimen>
    <dimen name="x975">785.42dp</dimen>
    <dimen name="x976">786.22dp</dimen>
    <dimen name="x977">787.03dp</dimen>
    <dimen name="x978">787.83dp</dimen>
    <dimen name="x979">788.64dp</dimen>
    <dimen name="x980">789.44dp</dimen>
    <dimen name="x981">790.25dp</dimen>
    <dimen name="x982">791.06dp</dimen>
    <dimen name="x983">791.86dp</dimen>
    <dimen name="x984">792.67dp</dimen>
    <dimen name="x985">793.47dp</dimen>
    <dimen name="x986">794.28dp</dimen>
    <dimen name="x987">795.08dp</dimen>
    <dimen name="x988">795.89dp</dimen>
    <dimen name="x989">796.69dp</dimen>
    <dimen name="x990">797.50dp</dimen>
    <dimen name="x991">798.31dp</dimen>
    <dimen name="x992">799.11dp</dimen>
    <dimen name="x993">799.92dp</dimen>
    <dimen name="x994">800.72dp</dimen>
    <dimen name="x995">801.53dp</dimen>
    <dimen name="x996">802.33dp</dimen>
    <dimen name="x997">803.14dp</dimen>
    <dimen name="x998">803.94dp</dimen>
    <dimen name="x999">804.75dp</dimen>
    <dimen name="x1000">805.56dp</dimen>
    <dimen name="x1001">806.36dp</dimen>
    <dimen name="x1002">807.17dp</dimen>
    <dimen name="x1003">807.97dp</dimen>
    <dimen name="x1004">808.78dp</dimen>
    <dimen name="x1005">809.58dp</dimen>
    <dimen name="x1006">810.39dp</dimen>
    <dimen name="x1007">811.19dp</dimen>
    <dimen name="x1008">812.00dp</dimen>
    <dimen name="x1009">812.81dp</dimen>
    <dimen name="x1010">813.61dp</dimen>
    <dimen name="x1011">814.42dp</dimen>
    <dimen name="x1012">815.22dp</dimen>
    <dimen name="x1013">816.03dp</dimen>
    <dimen name="x1014">816.83dp</dimen>
    <dimen name="x1015">817.64dp</dimen>
    <dimen name="x1016">818.44dp</dimen>
    <dimen name="x1017">819.25dp</dimen>
    <dimen name="x1018">820.06dp</dimen>
    <dimen name="x1019">820.86dp</dimen>
    <dimen name="x1020">821.67dp</dimen>
    <dimen name="x1021">822.47dp</dimen>
    <dimen name="x1022">823.28dp</dimen>
    <dimen name="x1023">824.08dp</dimen>
    <dimen name="x1024">824.89dp</dimen>
    <dimen name="x1025">825.69dp</dimen>
    <dimen name="x1026">826.50dp</dimen>
    <dimen name="x1027">827.31dp</dimen>
    <dimen name="x1028">828.11dp</dimen>
    <dimen name="x1029">828.92dp</dimen>
    <dimen name="x1030">829.72dp</dimen>
    <dimen name="x1031">830.53dp</dimen>
    <dimen name="x1032">831.33dp</dimen>
    <dimen name="x1033">832.14dp</dimen>
    <dimen name="x1034">832.94dp</dimen>
    <dimen name="x1035">833.75dp</dimen>
    <dimen name="x1036">834.56dp</dimen>
    <dimen name="x1037">835.36dp</dimen>
    <dimen name="x1038">836.17dp</dimen>
    <dimen name="x1039">836.97dp</dimen>
    <dimen name="x1040">837.78dp</dimen>
    <dimen name="x1041">838.58dp</dimen>
    <dimen name="x1042">839.39dp</dimen>
    <dimen name="x1043">840.19dp</dimen>
    <dimen name="x1044">841.00dp</dimen>
    <dimen name="x1045">841.81dp</dimen>
    <dimen name="x1046">842.61dp</dimen>
    <dimen name="x1047">843.42dp</dimen>
    <dimen name="x1048">844.22dp</dimen>
    <dimen name="x1049">845.03dp</dimen>
    <dimen name="x1050">845.83dp</dimen>
    <dimen name="x1051">846.64dp</dimen>
    <dimen name="x1052">847.44dp</dimen>
    <dimen name="x1053">848.25dp</dimen>
    <dimen name="x1054">849.06dp</dimen>
    <dimen name="x1055">849.86dp</dimen>
    <dimen name="x1056">850.67dp</dimen>
    <dimen name="x1057">851.47dp</dimen>
    <dimen name="x1058">852.28dp</dimen>
    <dimen name="x1059">853.08dp</dimen>
    <dimen name="x1060">853.89dp</dimen>
    <dimen name="x1061">854.69dp</dimen>
    <dimen name="x1062">855.50dp</dimen>
    <dimen name="x1063">856.31dp</dimen>
    <dimen name="x1064">857.11dp</dimen>
    <dimen name="x1065">857.92dp</dimen>
    <dimen name="x1066">858.72dp</dimen>
    <dimen name="x1067">859.53dp</dimen>
    <dimen name="x1068">860.33dp</dimen>
    <dimen name="x1069">861.14dp</dimen>
    <dimen name="x1070">861.94dp</dimen>
    <dimen name="x1071">862.75dp</dimen>
    <dimen name="x1072">863.56dp</dimen>
    <dimen name="x1073">864.36dp</dimen>
    <dimen name="x1074">865.17dp</dimen>
    <dimen name="x1075">865.97dp</dimen>
    <dimen name="x1076">866.78dp</dimen>
    <dimen name="x1077">867.58dp</dimen>
    <dimen name="x1078">868.39dp</dimen>
    <dimen name="x1079">869.19dp</dimen>
    <dimen name="x1080">870.00dp</dimen>
</resources>