<?xml version="1.0" encoding="utf-8"?>
<resources>
    <string name="sw_dp">1730dp</string>
    <dimen name="x1">1.60dp</dimen>
    <dimen name="x2">3.20dp</dimen>
    <dimen name="x3">4.81dp</dimen>
    <dimen name="x4">6.41dp</dimen>
    <dimen name="x5">8.01dp</dimen>
    <dimen name="x6">9.61dp</dimen>
    <dimen name="x7">11.21dp</dimen>
    <dimen name="x8">12.81dp</dimen>
    <dimen name="x9">14.42dp</dimen>
    <dimen name="x10">16.02dp</dimen>
    <dimen name="x11">17.62dp</dimen>
    <dimen name="x12">19.22dp</dimen>
    <dimen name="x13">20.82dp</dimen>
    <dimen name="x14">22.43dp</dimen>
    <dimen name="x15">24.03dp</dimen>
    <dimen name="x16">25.63dp</dimen>
    <dimen name="x17">27.23dp</dimen>
    <dimen name="x18">28.83dp</dimen>
    <dimen name="x19">30.44dp</dimen>
    <dimen name="x20">32.04dp</dimen>
    <dimen name="x21">33.64dp</dimen>
    <dimen name="x22">35.24dp</dimen>
    <dimen name="x23">36.84dp</dimen>
    <dimen name="x24">38.44dp</dimen>
    <dimen name="x25">40.05dp</dimen>
    <dimen name="x26">41.65dp</dimen>
    <dimen name="x27">43.25dp</dimen>
    <dimen name="x28">44.85dp</dimen>
    <dimen name="x29">46.45dp</dimen>
    <dimen name="x30">48.06dp</dimen>
    <dimen name="x31">49.66dp</dimen>
    <dimen name="x32">51.26dp</dimen>
    <dimen name="x33">52.86dp</dimen>
    <dimen name="x34">54.46dp</dimen>
    <dimen name="x35">56.06dp</dimen>
    <dimen name="x36">57.67dp</dimen>
    <dimen name="x37">59.27dp</dimen>
    <dimen name="x38">60.87dp</dimen>
    <dimen name="x39">62.47dp</dimen>
    <dimen name="x40">64.07dp</dimen>
    <dimen name="x41">65.68dp</dimen>
    <dimen name="x42">67.28dp</dimen>
    <dimen name="x43">68.88dp</dimen>
    <dimen name="x44">70.48dp</dimen>
    <dimen name="x45">72.08dp</dimen>
    <dimen name="x46">73.69dp</dimen>
    <dimen name="x47">75.29dp</dimen>
    <dimen name="x48">76.89dp</dimen>
    <dimen name="x49">78.49dp</dimen>
    <dimen name="x50">80.09dp</dimen>
    <dimen name="x51">81.69dp</dimen>
    <dimen name="x52">83.30dp</dimen>
    <dimen name="x53">84.90dp</dimen>
    <dimen name="x54">86.50dp</dimen>
    <dimen name="x55">88.10dp</dimen>
    <dimen name="x56">89.70dp</dimen>
    <dimen name="x57">91.31dp</dimen>
    <dimen name="x58">92.91dp</dimen>
    <dimen name="x59">94.51dp</dimen>
    <dimen name="x60">96.11dp</dimen>
    <dimen name="x61">97.71dp</dimen>
    <dimen name="x62">99.31dp</dimen>
    <dimen name="x63">100.92dp</dimen>
    <dimen name="x64">102.52dp</dimen>
    <dimen name="x65">104.12dp</dimen>
    <dimen name="x66">105.72dp</dimen>
    <dimen name="x67">107.32dp</dimen>
    <dimen name="x68">108.93dp</dimen>
    <dimen name="x69">110.53dp</dimen>
    <dimen name="x70">112.13dp</dimen>
    <dimen name="x71">113.73dp</dimen>
    <dimen name="x72">115.33dp</dimen>
    <dimen name="x73">116.94dp</dimen>
    <dimen name="x74">118.54dp</dimen>
    <dimen name="x75">120.14dp</dimen>
    <dimen name="x76">121.74dp</dimen>
    <dimen name="x77">123.34dp</dimen>
    <dimen name="x78">124.94dp</dimen>
    <dimen name="x79">126.55dp</dimen>
    <dimen name="x80">128.15dp</dimen>
    <dimen name="x81">129.75dp</dimen>
    <dimen name="x82">131.35dp</dimen>
    <dimen name="x83">132.95dp</dimen>
    <dimen name="x84">134.56dp</dimen>
    <dimen name="x85">136.16dp</dimen>
    <dimen name="x86">137.76dp</dimen>
    <dimen name="x87">139.36dp</dimen>
    <dimen name="x88">140.96dp</dimen>
    <dimen name="x89">142.56dp</dimen>
    <dimen name="x90">144.17dp</dimen>
    <dimen name="x91">145.77dp</dimen>
    <dimen name="x92">147.37dp</dimen>
    <dimen name="x93">148.97dp</dimen>
    <dimen name="x94">150.57dp</dimen>
    <dimen name="x95">152.18dp</dimen>
    <dimen name="x96">153.78dp</dimen>
    <dimen name="x97">155.38dp</dimen>
    <dimen name="x98">156.98dp</dimen>
    <dimen name="x99">158.58dp</dimen>
    <dimen name="x100">160.19dp</dimen>
    <dimen name="x101">161.79dp</dimen>
    <dimen name="x102">163.39dp</dimen>
    <dimen name="x103">164.99dp</dimen>
    <dimen name="x104">166.59dp</dimen>
    <dimen name="x105">168.19dp</dimen>
    <dimen name="x106">169.80dp</dimen>
    <dimen name="x107">171.40dp</dimen>
    <dimen name="x108">173.00dp</dimen>
    <dimen name="x109">174.60dp</dimen>
    <dimen name="x110">176.20dp</dimen>
    <dimen name="x111">177.81dp</dimen>
    <dimen name="x112">179.41dp</dimen>
    <dimen name="x113">181.01dp</dimen>
    <dimen name="x114">182.61dp</dimen>
    <dimen name="x115">184.21dp</dimen>
    <dimen name="x116">185.81dp</dimen>
    <dimen name="x117">187.42dp</dimen>
    <dimen name="x118">189.02dp</dimen>
    <dimen name="x119">190.62dp</dimen>
    <dimen name="x120">192.22dp</dimen>
    <dimen name="x121">193.82dp</dimen>
    <dimen name="x122">195.43dp</dimen>
    <dimen name="x123">197.03dp</dimen>
    <dimen name="x124">198.63dp</dimen>
    <dimen name="x125">200.23dp</dimen>
    <dimen name="x126">201.83dp</dimen>
    <dimen name="x127">203.44dp</dimen>
    <dimen name="x128">205.04dp</dimen>
    <dimen name="x129">206.64dp</dimen>
    <dimen name="x130">208.24dp</dimen>
    <dimen name="x131">209.84dp</dimen>
    <dimen name="x132">211.44dp</dimen>
    <dimen name="x133">213.05dp</dimen>
    <dimen name="x134">214.65dp</dimen>
    <dimen name="x135">216.25dp</dimen>
    <dimen name="x136">217.85dp</dimen>
    <dimen name="x137">219.45dp</dimen>
    <dimen name="x138">221.06dp</dimen>
    <dimen name="x139">222.66dp</dimen>
    <dimen name="x140">224.26dp</dimen>
    <dimen name="x141">225.86dp</dimen>
    <dimen name="x142">227.46dp</dimen>
    <dimen name="x143">229.06dp</dimen>
    <dimen name="x144">230.67dp</dimen>
    <dimen name="x145">232.27dp</dimen>
    <dimen name="x146">233.87dp</dimen>
    <dimen name="x147">235.47dp</dimen>
    <dimen name="x148">237.07dp</dimen>
    <dimen name="x149">238.68dp</dimen>
    <dimen name="x150">240.28dp</dimen>
    <dimen name="x151">241.88dp</dimen>
    <dimen name="x152">243.48dp</dimen>
    <dimen name="x153">245.08dp</dimen>
    <dimen name="x154">246.69dp</dimen>
    <dimen name="x155">248.29dp</dimen>
    <dimen name="x156">249.89dp</dimen>
    <dimen name="x157">251.49dp</dimen>
    <dimen name="x158">253.09dp</dimen>
    <dimen name="x159">254.69dp</dimen>
    <dimen name="x160">256.30dp</dimen>
    <dimen name="x161">257.90dp</dimen>
    <dimen name="x162">259.50dp</dimen>
    <dimen name="x163">261.10dp</dimen>
    <dimen name="x164">262.70dp</dimen>
    <dimen name="x165">264.31dp</dimen>
    <dimen name="x166">265.91dp</dimen>
    <dimen name="x167">267.51dp</dimen>
    <dimen name="x168">269.11dp</dimen>
    <dimen name="x169">270.71dp</dimen>
    <dimen name="x170">272.31dp</dimen>
    <dimen name="x171">273.92dp</dimen>
    <dimen name="x172">275.52dp</dimen>
    <dimen name="x173">277.12dp</dimen>
    <dimen name="x174">278.72dp</dimen>
    <dimen name="x175">280.32dp</dimen>
    <dimen name="x176">281.93dp</dimen>
    <dimen name="x177">283.53dp</dimen>
    <dimen name="x178">285.13dp</dimen>
    <dimen name="x179">286.73dp</dimen>
    <dimen name="x180">288.33dp</dimen>
    <dimen name="x181">289.94dp</dimen>
    <dimen name="x182">291.54dp</dimen>
    <dimen name="x183">293.14dp</dimen>
    <dimen name="x184">294.74dp</dimen>
    <dimen name="x185">296.34dp</dimen>
    <dimen name="x186">297.94dp</dimen>
    <dimen name="x187">299.55dp</dimen>
    <dimen name="x188">301.15dp</dimen>
    <dimen name="x189">302.75dp</dimen>
    <dimen name="x190">304.35dp</dimen>
    <dimen name="x191">305.95dp</dimen>
    <dimen name="x192">307.56dp</dimen>
    <dimen name="x193">309.16dp</dimen>
    <dimen name="x194">310.76dp</dimen>
    <dimen name="x195">312.36dp</dimen>
    <dimen name="x196">313.96dp</dimen>
    <dimen name="x197">315.56dp</dimen>
    <dimen name="x198">317.17dp</dimen>
    <dimen name="x199">318.77dp</dimen>
    <dimen name="x200">320.37dp</dimen>
    <dimen name="x201">321.97dp</dimen>
    <dimen name="x202">323.57dp</dimen>
    <dimen name="x203">325.18dp</dimen>
    <dimen name="x204">326.78dp</dimen>
    <dimen name="x205">328.38dp</dimen>
    <dimen name="x206">329.98dp</dimen>
    <dimen name="x207">331.58dp</dimen>
    <dimen name="x208">333.19dp</dimen>
    <dimen name="x209">334.79dp</dimen>
    <dimen name="x210">336.39dp</dimen>
    <dimen name="x211">337.99dp</dimen>
    <dimen name="x212">339.59dp</dimen>
    <dimen name="x213">341.19dp</dimen>
    <dimen name="x214">342.80dp</dimen>
    <dimen name="x215">344.40dp</dimen>
    <dimen name="x216">346.00dp</dimen>
    <dimen name="x217">347.60dp</dimen>
    <dimen name="x218">349.20dp</dimen>
    <dimen name="x219">350.81dp</dimen>
    <dimen name="x220">352.41dp</dimen>
    <dimen name="x221">354.01dp</dimen>
    <dimen name="x222">355.61dp</dimen>
    <dimen name="x223">357.21dp</dimen>
    <dimen name="x224">358.81dp</dimen>
    <dimen name="x225">360.42dp</dimen>
    <dimen name="x226">362.02dp</dimen>
    <dimen name="x227">363.62dp</dimen>
    <dimen name="x228">365.22dp</dimen>
    <dimen name="x229">366.82dp</dimen>
    <dimen name="x230">368.43dp</dimen>
    <dimen name="x231">370.03dp</dimen>
    <dimen name="x232">371.63dp</dimen>
    <dimen name="x233">373.23dp</dimen>
    <dimen name="x234">374.83dp</dimen>
    <dimen name="x235">376.44dp</dimen>
    <dimen name="x236">378.04dp</dimen>
    <dimen name="x237">379.64dp</dimen>
    <dimen name="x238">381.24dp</dimen>
    <dimen name="x239">382.84dp</dimen>
    <dimen name="x240">384.44dp</dimen>
    <dimen name="x241">386.05dp</dimen>
    <dimen name="x242">387.65dp</dimen>
    <dimen name="x243">389.25dp</dimen>
    <dimen name="x244">390.85dp</dimen>
    <dimen name="x245">392.45dp</dimen>
    <dimen name="x246">394.06dp</dimen>
    <dimen name="x247">395.66dp</dimen>
    <dimen name="x248">397.26dp</dimen>
    <dimen name="x249">398.86dp</dimen>
    <dimen name="x250">400.46dp</dimen>
    <dimen name="x251">402.06dp</dimen>
    <dimen name="x252">403.67dp</dimen>
    <dimen name="x253">405.27dp</dimen>
    <dimen name="x254">406.87dp</dimen>
    <dimen name="x255">408.47dp</dimen>
    <dimen name="x256">410.07dp</dimen>
    <dimen name="x257">411.68dp</dimen>
    <dimen name="x258">413.28dp</dimen>
    <dimen name="x259">414.88dp</dimen>
    <dimen name="x260">416.48dp</dimen>
    <dimen name="x261">418.08dp</dimen>
    <dimen name="x262">419.69dp</dimen>
    <dimen name="x263">421.29dp</dimen>
    <dimen name="x264">422.89dp</dimen>
    <dimen name="x265">424.49dp</dimen>
    <dimen name="x266">426.09dp</dimen>
    <dimen name="x267">427.69dp</dimen>
    <dimen name="x268">429.30dp</dimen>
    <dimen name="x269">430.90dp</dimen>
    <dimen name="x270">432.50dp</dimen>
    <dimen name="x271">434.10dp</dimen>
    <dimen name="x272">435.70dp</dimen>
    <dimen name="x273">437.31dp</dimen>
    <dimen name="x274">438.91dp</dimen>
    <dimen name="x275">440.51dp</dimen>
    <dimen name="x276">442.11dp</dimen>
    <dimen name="x277">443.71dp</dimen>
    <dimen name="x278">445.31dp</dimen>
    <dimen name="x279">446.92dp</dimen>
    <dimen name="x280">448.52dp</dimen>
    <dimen name="x281">450.12dp</dimen>
    <dimen name="x282">451.72dp</dimen>
    <dimen name="x283">453.32dp</dimen>
    <dimen name="x284">454.93dp</dimen>
    <dimen name="x285">456.53dp</dimen>
    <dimen name="x286">458.13dp</dimen>
    <dimen name="x287">459.73dp</dimen>
    <dimen name="x288">461.33dp</dimen>
    <dimen name="x289">462.94dp</dimen>
    <dimen name="x290">464.54dp</dimen>
    <dimen name="x291">466.14dp</dimen>
    <dimen name="x292">467.74dp</dimen>
    <dimen name="x293">469.34dp</dimen>
    <dimen name="x294">470.94dp</dimen>
    <dimen name="x295">472.55dp</dimen>
    <dimen name="x296">474.15dp</dimen>
    <dimen name="x297">475.75dp</dimen>
    <dimen name="x298">477.35dp</dimen>
    <dimen name="x299">478.95dp</dimen>
    <dimen name="x300">480.56dp</dimen>
    <dimen name="x301">482.16dp</dimen>
    <dimen name="x302">483.76dp</dimen>
    <dimen name="x303">485.36dp</dimen>
    <dimen name="x304">486.96dp</dimen>
    <dimen name="x305">488.56dp</dimen>
    <dimen name="x306">490.17dp</dimen>
    <dimen name="x307">491.77dp</dimen>
    <dimen name="x308">493.37dp</dimen>
    <dimen name="x309">494.97dp</dimen>
    <dimen name="x310">496.57dp</dimen>
    <dimen name="x311">498.18dp</dimen>
    <dimen name="x312">499.78dp</dimen>
    <dimen name="x313">501.38dp</dimen>
    <dimen name="x314">502.98dp</dimen>
    <dimen name="x315">504.58dp</dimen>
    <dimen name="x316">506.19dp</dimen>
    <dimen name="x317">507.79dp</dimen>
    <dimen name="x318">509.39dp</dimen>
    <dimen name="x319">510.99dp</dimen>
    <dimen name="x320">512.59dp</dimen>
    <dimen name="x321">514.19dp</dimen>
    <dimen name="x322">515.80dp</dimen>
    <dimen name="x323">517.40dp</dimen>
    <dimen name="x324">519.00dp</dimen>
    <dimen name="x325">520.60dp</dimen>
    <dimen name="x326">522.20dp</dimen>
    <dimen name="x327">523.81dp</dimen>
    <dimen name="x328">525.41dp</dimen>
    <dimen name="x329">527.01dp</dimen>
    <dimen name="x330">528.61dp</dimen>
    <dimen name="x331">530.21dp</dimen>
    <dimen name="x332">531.81dp</dimen>
    <dimen name="x333">533.42dp</dimen>
    <dimen name="x334">535.02dp</dimen>
    <dimen name="x335">536.62dp</dimen>
    <dimen name="x336">538.22dp</dimen>
    <dimen name="x337">539.82dp</dimen>
    <dimen name="x338">541.43dp</dimen>
    <dimen name="x339">543.03dp</dimen>
    <dimen name="x340">544.63dp</dimen>
    <dimen name="x341">546.23dp</dimen>
    <dimen name="x342">547.83dp</dimen>
    <dimen name="x343">549.44dp</dimen>
    <dimen name="x344">551.04dp</dimen>
    <dimen name="x345">552.64dp</dimen>
    <dimen name="x346">554.24dp</dimen>
    <dimen name="x347">555.84dp</dimen>
    <dimen name="x348">557.44dp</dimen>
    <dimen name="x349">559.05dp</dimen>
    <dimen name="x350">560.65dp</dimen>
    <dimen name="x351">562.25dp</dimen>
    <dimen name="x352">563.85dp</dimen>
    <dimen name="x353">565.45dp</dimen>
    <dimen name="x354">567.06dp</dimen>
    <dimen name="x355">568.66dp</dimen>
    <dimen name="x356">570.26dp</dimen>
    <dimen name="x357">571.86dp</dimen>
    <dimen name="x358">573.46dp</dimen>
    <dimen name="x359">575.06dp</dimen>
    <dimen name="x360">576.67dp</dimen>
    <dimen name="x361">578.27dp</dimen>
    <dimen name="x362">579.87dp</dimen>
    <dimen name="x363">581.47dp</dimen>
    <dimen name="x364">583.07dp</dimen>
    <dimen name="x365">584.68dp</dimen>
    <dimen name="x366">586.28dp</dimen>
    <dimen name="x367">587.88dp</dimen>
    <dimen name="x368">589.48dp</dimen>
    <dimen name="x369">591.08dp</dimen>
    <dimen name="x370">592.69dp</dimen>
    <dimen name="x371">594.29dp</dimen>
    <dimen name="x372">595.89dp</dimen>
    <dimen name="x373">597.49dp</dimen>
    <dimen name="x374">599.09dp</dimen>
    <dimen name="x375">600.69dp</dimen>
    <dimen name="x376">602.30dp</dimen>
    <dimen name="x377">603.90dp</dimen>
    <dimen name="x378">605.50dp</dimen>
    <dimen name="x379">607.10dp</dimen>
    <dimen name="x380">608.70dp</dimen>
    <dimen name="x381">610.31dp</dimen>
    <dimen name="x382">611.91dp</dimen>
    <dimen name="x383">613.51dp</dimen>
    <dimen name="x384">615.11dp</dimen>
    <dimen name="x385">616.71dp</dimen>
    <dimen name="x386">618.31dp</dimen>
    <dimen name="x387">619.92dp</dimen>
    <dimen name="x388">621.52dp</dimen>
    <dimen name="x389">623.12dp</dimen>
    <dimen name="x390">624.72dp</dimen>
    <dimen name="x391">626.32dp</dimen>
    <dimen name="x392">627.93dp</dimen>
    <dimen name="x393">629.53dp</dimen>
    <dimen name="x394">631.13dp</dimen>
    <dimen name="x395">632.73dp</dimen>
    <dimen name="x396">634.33dp</dimen>
    <dimen name="x397">635.94dp</dimen>
    <dimen name="x398">637.54dp</dimen>
    <dimen name="x399">639.14dp</dimen>
    <dimen name="x400">640.74dp</dimen>
    <dimen name="x401">642.34dp</dimen>
    <dimen name="x402">643.94dp</dimen>
    <dimen name="x403">645.55dp</dimen>
    <dimen name="x404">647.15dp</dimen>
    <dimen name="x405">648.75dp</dimen>
    <dimen name="x406">650.35dp</dimen>
    <dimen name="x407">651.95dp</dimen>
    <dimen name="x408">653.56dp</dimen>
    <dimen name="x409">655.16dp</dimen>
    <dimen name="x410">656.76dp</dimen>
    <dimen name="x411">658.36dp</dimen>
    <dimen name="x412">659.96dp</dimen>
    <dimen name="x413">661.56dp</dimen>
    <dimen name="x414">663.17dp</dimen>
    <dimen name="x415">664.77dp</dimen>
    <dimen name="x416">666.37dp</dimen>
    <dimen name="x417">667.97dp</dimen>
    <dimen name="x418">669.57dp</dimen>
    <dimen name="x419">671.18dp</dimen>
    <dimen name="x420">672.78dp</dimen>
    <dimen name="x421">674.38dp</dimen>
    <dimen name="x422">675.98dp</dimen>
    <dimen name="x423">677.58dp</dimen>
    <dimen name="x424">679.19dp</dimen>
    <dimen name="x425">680.79dp</dimen>
    <dimen name="x426">682.39dp</dimen>
    <dimen name="x427">683.99dp</dimen>
    <dimen name="x428">685.59dp</dimen>
    <dimen name="x429">687.19dp</dimen>
    <dimen name="x430">688.80dp</dimen>
    <dimen name="x431">690.40dp</dimen>
    <dimen name="x432">692.00dp</dimen>
    <dimen name="x433">693.60dp</dimen>
    <dimen name="x434">695.20dp</dimen>
    <dimen name="x435">696.81dp</dimen>
    <dimen name="x436">698.41dp</dimen>
    <dimen name="x437">700.01dp</dimen>
    <dimen name="x438">701.61dp</dimen>
    <dimen name="x439">703.21dp</dimen>
    <dimen name="x440">704.81dp</dimen>
    <dimen name="x441">706.42dp</dimen>
    <dimen name="x442">708.02dp</dimen>
    <dimen name="x443">709.62dp</dimen>
    <dimen name="x444">711.22dp</dimen>
    <dimen name="x445">712.82dp</dimen>
    <dimen name="x446">714.43dp</dimen>
    <dimen name="x447">716.03dp</dimen>
    <dimen name="x448">717.63dp</dimen>
    <dimen name="x449">719.23dp</dimen>
    <dimen name="x450">720.83dp</dimen>
    <dimen name="x451">722.44dp</dimen>
    <dimen name="x452">724.04dp</dimen>
    <dimen name="x453">725.64dp</dimen>
    <dimen name="x454">727.24dp</dimen>
    <dimen name="x455">728.84dp</dimen>
    <dimen name="x456">730.44dp</dimen>
    <dimen name="x457">732.05dp</dimen>
    <dimen name="x458">733.65dp</dimen>
    <dimen name="x459">735.25dp</dimen>
    <dimen name="x460">736.85dp</dimen>
    <dimen name="x461">738.45dp</dimen>
    <dimen name="x462">740.06dp</dimen>
    <dimen name="x463">741.66dp</dimen>
    <dimen name="x464">743.26dp</dimen>
    <dimen name="x465">744.86dp</dimen>
    <dimen name="x466">746.46dp</dimen>
    <dimen name="x467">748.06dp</dimen>
    <dimen name="x468">749.67dp</dimen>
    <dimen name="x469">751.27dp</dimen>
    <dimen name="x470">752.87dp</dimen>
    <dimen name="x471">754.47dp</dimen>
    <dimen name="x472">756.07dp</dimen>
    <dimen name="x473">757.68dp</dimen>
    <dimen name="x474">759.28dp</dimen>
    <dimen name="x475">760.88dp</dimen>
    <dimen name="x476">762.48dp</dimen>
    <dimen name="x477">764.08dp</dimen>
    <dimen name="x478">765.69dp</dimen>
    <dimen name="x479">767.29dp</dimen>
    <dimen name="x480">768.89dp</dimen>
    <dimen name="x481">770.49dp</dimen>
    <dimen name="x482">772.09dp</dimen>
    <dimen name="x483">773.69dp</dimen>
    <dimen name="x484">775.30dp</dimen>
    <dimen name="x485">776.90dp</dimen>
    <dimen name="x486">778.50dp</dimen>
    <dimen name="x487">780.10dp</dimen>
    <dimen name="x488">781.70dp</dimen>
    <dimen name="x489">783.31dp</dimen>
    <dimen name="x490">784.91dp</dimen>
    <dimen name="x491">786.51dp</dimen>
    <dimen name="x492">788.11dp</dimen>
    <dimen name="x493">789.71dp</dimen>
    <dimen name="x494">791.31dp</dimen>
    <dimen name="x495">792.92dp</dimen>
    <dimen name="x496">794.52dp</dimen>
    <dimen name="x497">796.12dp</dimen>
    <dimen name="x498">797.72dp</dimen>
    <dimen name="x499">799.32dp</dimen>
    <dimen name="x500">800.93dp</dimen>
    <dimen name="x501">802.53dp</dimen>
    <dimen name="x502">804.13dp</dimen>
    <dimen name="x503">805.73dp</dimen>
    <dimen name="x504">807.33dp</dimen>
    <dimen name="x505">808.94dp</dimen>
    <dimen name="x506">810.54dp</dimen>
    <dimen name="x507">812.14dp</dimen>
    <dimen name="x508">813.74dp</dimen>
    <dimen name="x509">815.34dp</dimen>
    <dimen name="x510">816.94dp</dimen>
    <dimen name="x511">818.55dp</dimen>
    <dimen name="x512">820.15dp</dimen>
    <dimen name="x513">821.75dp</dimen>
    <dimen name="x514">823.35dp</dimen>
    <dimen name="x515">824.95dp</dimen>
    <dimen name="x516">826.56dp</dimen>
    <dimen name="x517">828.16dp</dimen>
    <dimen name="x518">829.76dp</dimen>
    <dimen name="x519">831.36dp</dimen>
    <dimen name="x520">832.96dp</dimen>
    <dimen name="x521">834.56dp</dimen>
    <dimen name="x522">836.17dp</dimen>
    <dimen name="x523">837.77dp</dimen>
    <dimen name="x524">839.37dp</dimen>
    <dimen name="x525">840.97dp</dimen>
    <dimen name="x526">842.57dp</dimen>
    <dimen name="x527">844.18dp</dimen>
    <dimen name="x528">845.78dp</dimen>
    <dimen name="x529">847.38dp</dimen>
    <dimen name="x530">848.98dp</dimen>
    <dimen name="x531">850.58dp</dimen>
    <dimen name="x532">852.19dp</dimen>
    <dimen name="x533">853.79dp</dimen>
    <dimen name="x534">855.39dp</dimen>
    <dimen name="x535">856.99dp</dimen>
    <dimen name="x536">858.59dp</dimen>
    <dimen name="x537">860.19dp</dimen>
    <dimen name="x538">861.80dp</dimen>
    <dimen name="x539">863.40dp</dimen>
    <dimen name="x540">865.00dp</dimen>
    <dimen name="x541">866.60dp</dimen>
    <dimen name="x542">868.20dp</dimen>
    <dimen name="x543">869.81dp</dimen>
    <dimen name="x544">871.41dp</dimen>
    <dimen name="x545">873.01dp</dimen>
    <dimen name="x546">874.61dp</dimen>
    <dimen name="x547">876.21dp</dimen>
    <dimen name="x548">877.81dp</dimen>
    <dimen name="x549">879.42dp</dimen>
    <dimen name="x550">881.02dp</dimen>
    <dimen name="x551">882.62dp</dimen>
    <dimen name="x552">884.22dp</dimen>
    <dimen name="x553">885.82dp</dimen>
    <dimen name="x554">887.43dp</dimen>
    <dimen name="x555">889.03dp</dimen>
    <dimen name="x556">890.63dp</dimen>
    <dimen name="x557">892.23dp</dimen>
    <dimen name="x558">893.83dp</dimen>
    <dimen name="x559">895.44dp</dimen>
    <dimen name="x560">897.04dp</dimen>
    <dimen name="x561">898.64dp</dimen>
    <dimen name="x562">900.24dp</dimen>
    <dimen name="x563">901.84dp</dimen>
    <dimen name="x564">903.44dp</dimen>
    <dimen name="x565">905.05dp</dimen>
    <dimen name="x566">906.65dp</dimen>
    <dimen name="x567">908.25dp</dimen>
    <dimen name="x568">909.85dp</dimen>
    <dimen name="x569">911.45dp</dimen>
    <dimen name="x570">913.06dp</dimen>
    <dimen name="x571">914.66dp</dimen>
    <dimen name="x572">916.26dp</dimen>
    <dimen name="x573">917.86dp</dimen>
    <dimen name="x574">919.46dp</dimen>
    <dimen name="x575">921.06dp</dimen>
    <dimen name="x576">922.67dp</dimen>
    <dimen name="x577">924.27dp</dimen>
    <dimen name="x578">925.87dp</dimen>
    <dimen name="x579">927.47dp</dimen>
    <dimen name="x580">929.07dp</dimen>
    <dimen name="x581">930.68dp</dimen>
    <dimen name="x582">932.28dp</dimen>
    <dimen name="x583">933.88dp</dimen>
    <dimen name="x584">935.48dp</dimen>
    <dimen name="x585">937.08dp</dimen>
    <dimen name="x586">938.69dp</dimen>
    <dimen name="x587">940.29dp</dimen>
    <dimen name="x588">941.89dp</dimen>
    <dimen name="x589">943.49dp</dimen>
    <dimen name="x590">945.09dp</dimen>
    <dimen name="x591">946.69dp</dimen>
    <dimen name="x592">948.30dp</dimen>
    <dimen name="x593">949.90dp</dimen>
    <dimen name="x594">951.50dp</dimen>
    <dimen name="x595">953.10dp</dimen>
    <dimen name="x596">954.70dp</dimen>
    <dimen name="x597">956.31dp</dimen>
    <dimen name="x598">957.91dp</dimen>
    <dimen name="x599">959.51dp</dimen>
    <dimen name="x600">961.11dp</dimen>
    <dimen name="x601">962.71dp</dimen>
    <dimen name="x602">964.31dp</dimen>
    <dimen name="x603">965.92dp</dimen>
    <dimen name="x604">967.52dp</dimen>
    <dimen name="x605">969.12dp</dimen>
    <dimen name="x606">970.72dp</dimen>
    <dimen name="x607">972.32dp</dimen>
    <dimen name="x608">973.93dp</dimen>
    <dimen name="x609">975.53dp</dimen>
    <dimen name="x610">977.13dp</dimen>
    <dimen name="x611">978.73dp</dimen>
    <dimen name="x612">980.33dp</dimen>
    <dimen name="x613">981.94dp</dimen>
    <dimen name="x614">983.54dp</dimen>
    <dimen name="x615">985.14dp</dimen>
    <dimen name="x616">986.74dp</dimen>
    <dimen name="x617">988.34dp</dimen>
    <dimen name="x618">989.94dp</dimen>
    <dimen name="x619">991.55dp</dimen>
    <dimen name="x620">993.15dp</dimen>
    <dimen name="x621">994.75dp</dimen>
    <dimen name="x622">996.35dp</dimen>
    <dimen name="x623">997.95dp</dimen>
    <dimen name="x624">999.56dp</dimen>
    <dimen name="x625">1001.16dp</dimen>
    <dimen name="x626">1002.76dp</dimen>
    <dimen name="x627">1004.36dp</dimen>
    <dimen name="x628">1005.96dp</dimen>
    <dimen name="x629">1007.56dp</dimen>
    <dimen name="x630">1009.17dp</dimen>
    <dimen name="x631">1010.77dp</dimen>
    <dimen name="x632">1012.37dp</dimen>
    <dimen name="x633">1013.97dp</dimen>
    <dimen name="x634">1015.57dp</dimen>
    <dimen name="x635">1017.18dp</dimen>
    <dimen name="x636">1018.78dp</dimen>
    <dimen name="x637">1020.38dp</dimen>
    <dimen name="x638">1021.98dp</dimen>
    <dimen name="x639">1023.58dp</dimen>
    <dimen name="x640">1025.19dp</dimen>
    <dimen name="x641">1026.79dp</dimen>
    <dimen name="x642">1028.39dp</dimen>
    <dimen name="x643">1029.99dp</dimen>
    <dimen name="x644">1031.59dp</dimen>
    <dimen name="x645">1033.19dp</dimen>
    <dimen name="x646">1034.80dp</dimen>
    <dimen name="x647">1036.40dp</dimen>
    <dimen name="x648">1038.00dp</dimen>
    <dimen name="x649">1039.60dp</dimen>
    <dimen name="x650">1041.20dp</dimen>
    <dimen name="x651">1042.81dp</dimen>
    <dimen name="x652">1044.41dp</dimen>
    <dimen name="x653">1046.01dp</dimen>
    <dimen name="x654">1047.61dp</dimen>
    <dimen name="x655">1049.21dp</dimen>
    <dimen name="x656">1050.81dp</dimen>
    <dimen name="x657">1052.42dp</dimen>
    <dimen name="x658">1054.02dp</dimen>
    <dimen name="x659">1055.62dp</dimen>
    <dimen name="x660">1057.22dp</dimen>
    <dimen name="x661">1058.82dp</dimen>
    <dimen name="x662">1060.43dp</dimen>
    <dimen name="x663">1062.03dp</dimen>
    <dimen name="x664">1063.63dp</dimen>
    <dimen name="x665">1065.23dp</dimen>
    <dimen name="x666">1066.83dp</dimen>
    <dimen name="x667">1068.44dp</dimen>
    <dimen name="x668">1070.04dp</dimen>
    <dimen name="x669">1071.64dp</dimen>
    <dimen name="x670">1073.24dp</dimen>
    <dimen name="x671">1074.84dp</dimen>
    <dimen name="x672">1076.44dp</dimen>
    <dimen name="x673">1078.05dp</dimen>
    <dimen name="x674">1079.65dp</dimen>
    <dimen name="x675">1081.25dp</dimen>
    <dimen name="x676">1082.85dp</dimen>
    <dimen name="x677">1084.45dp</dimen>
    <dimen name="x678">1086.06dp</dimen>
    <dimen name="x679">1087.66dp</dimen>
    <dimen name="x680">1089.26dp</dimen>
    <dimen name="x681">1090.86dp</dimen>
    <dimen name="x682">1092.46dp</dimen>
    <dimen name="x683">1094.06dp</dimen>
    <dimen name="x684">1095.67dp</dimen>
    <dimen name="x685">1097.27dp</dimen>
    <dimen name="x686">1098.87dp</dimen>
    <dimen name="x687">1100.47dp</dimen>
    <dimen name="x688">1102.07dp</dimen>
    <dimen name="x689">1103.68dp</dimen>
    <dimen name="x690">1105.28dp</dimen>
    <dimen name="x691">1106.88dp</dimen>
    <dimen name="x692">1108.48dp</dimen>
    <dimen name="x693">1110.08dp</dimen>
    <dimen name="x694">1111.69dp</dimen>
    <dimen name="x695">1113.29dp</dimen>
    <dimen name="x696">1114.89dp</dimen>
    <dimen name="x697">1116.49dp</dimen>
    <dimen name="x698">1118.09dp</dimen>
    <dimen name="x699">1119.69dp</dimen>
    <dimen name="x700">1121.30dp</dimen>
    <dimen name="x701">1122.90dp</dimen>
    <dimen name="x702">1124.50dp</dimen>
    <dimen name="x703">1126.10dp</dimen>
    <dimen name="x704">1127.70dp</dimen>
    <dimen name="x705">1129.31dp</dimen>
    <dimen name="x706">1130.91dp</dimen>
    <dimen name="x707">1132.51dp</dimen>
    <dimen name="x708">1134.11dp</dimen>
    <dimen name="x709">1135.71dp</dimen>
    <dimen name="x710">1137.31dp</dimen>
    <dimen name="x711">1138.92dp</dimen>
    <dimen name="x712">1140.52dp</dimen>
    <dimen name="x713">1142.12dp</dimen>
    <dimen name="x714">1143.72dp</dimen>
    <dimen name="x715">1145.32dp</dimen>
    <dimen name="x716">1146.93dp</dimen>
    <dimen name="x717">1148.53dp</dimen>
    <dimen name="x718">1150.13dp</dimen>
    <dimen name="x719">1151.73dp</dimen>
    <dimen name="x720">1153.33dp</dimen>
    <dimen name="x721">1154.94dp</dimen>
    <dimen name="x722">1156.54dp</dimen>
    <dimen name="x723">1158.14dp</dimen>
    <dimen name="x724">1159.74dp</dimen>
    <dimen name="x725">1161.34dp</dimen>
    <dimen name="x726">1162.94dp</dimen>
    <dimen name="x727">1164.55dp</dimen>
    <dimen name="x728">1166.15dp</dimen>
    <dimen name="x729">1167.75dp</dimen>
    <dimen name="x730">1169.35dp</dimen>
    <dimen name="x731">1170.95dp</dimen>
    <dimen name="x732">1172.56dp</dimen>
    <dimen name="x733">1174.16dp</dimen>
    <dimen name="x734">1175.76dp</dimen>
    <dimen name="x735">1177.36dp</dimen>
    <dimen name="x736">1178.96dp</dimen>
    <dimen name="x737">1180.56dp</dimen>
    <dimen name="x738">1182.17dp</dimen>
    <dimen name="x739">1183.77dp</dimen>
    <dimen name="x740">1185.37dp</dimen>
    <dimen name="x741">1186.97dp</dimen>
    <dimen name="x742">1188.57dp</dimen>
    <dimen name="x743">1190.18dp</dimen>
    <dimen name="x744">1191.78dp</dimen>
    <dimen name="x745">1193.38dp</dimen>
    <dimen name="x746">1194.98dp</dimen>
    <dimen name="x747">1196.58dp</dimen>
    <dimen name="x748">1198.19dp</dimen>
    <dimen name="x749">1199.79dp</dimen>
    <dimen name="x750">1201.39dp</dimen>
    <dimen name="x751">1202.99dp</dimen>
    <dimen name="x752">1204.59dp</dimen>
    <dimen name="x753">1206.19dp</dimen>
    <dimen name="x754">1207.80dp</dimen>
    <dimen name="x755">1209.40dp</dimen>
    <dimen name="x756">1211.00dp</dimen>
    <dimen name="x757">1212.60dp</dimen>
    <dimen name="x758">1214.20dp</dimen>
    <dimen name="x759">1215.81dp</dimen>
    <dimen name="x760">1217.41dp</dimen>
    <dimen name="x761">1219.01dp</dimen>
    <dimen name="x762">1220.61dp</dimen>
    <dimen name="x763">1222.21dp</dimen>
    <dimen name="x764">1223.81dp</dimen>
    <dimen name="x765">1225.42dp</dimen>
    <dimen name="x766">1227.02dp</dimen>
    <dimen name="x767">1228.62dp</dimen>
    <dimen name="x768">1230.22dp</dimen>
    <dimen name="x769">1231.82dp</dimen>
    <dimen name="x770">1233.43dp</dimen>
    <dimen name="x771">1235.03dp</dimen>
    <dimen name="x772">1236.63dp</dimen>
    <dimen name="x773">1238.23dp</dimen>
    <dimen name="x774">1239.83dp</dimen>
    <dimen name="x775">1241.44dp</dimen>
    <dimen name="x776">1243.04dp</dimen>
    <dimen name="x777">1244.64dp</dimen>
    <dimen name="x778">1246.24dp</dimen>
    <dimen name="x779">1247.84dp</dimen>
    <dimen name="x780">1249.44dp</dimen>
    <dimen name="x781">1251.05dp</dimen>
    <dimen name="x782">1252.65dp</dimen>
    <dimen name="x783">1254.25dp</dimen>
    <dimen name="x784">1255.85dp</dimen>
    <dimen name="x785">1257.45dp</dimen>
    <dimen name="x786">1259.06dp</dimen>
    <dimen name="x787">1260.66dp</dimen>
    <dimen name="x788">1262.26dp</dimen>
    <dimen name="x789">1263.86dp</dimen>
    <dimen name="x790">1265.46dp</dimen>
    <dimen name="x791">1267.06dp</dimen>
    <dimen name="x792">1268.67dp</dimen>
    <dimen name="x793">1270.27dp</dimen>
    <dimen name="x794">1271.87dp</dimen>
    <dimen name="x795">1273.47dp</dimen>
    <dimen name="x796">1275.07dp</dimen>
    <dimen name="x797">1276.68dp</dimen>
    <dimen name="x798">1278.28dp</dimen>
    <dimen name="x799">1279.88dp</dimen>
    <dimen name="x800">1281.48dp</dimen>
    <dimen name="x801">1283.08dp</dimen>
    <dimen name="x802">1284.69dp</dimen>
    <dimen name="x803">1286.29dp</dimen>
    <dimen name="x804">1287.89dp</dimen>
    <dimen name="x805">1289.49dp</dimen>
    <dimen name="x806">1291.09dp</dimen>
    <dimen name="x807">1292.69dp</dimen>
    <dimen name="x808">1294.30dp</dimen>
    <dimen name="x809">1295.90dp</dimen>
    <dimen name="x810">1297.50dp</dimen>
    <dimen name="x811">1299.10dp</dimen>
    <dimen name="x812">1300.70dp</dimen>
    <dimen name="x813">1302.31dp</dimen>
    <dimen name="x814">1303.91dp</dimen>
    <dimen name="x815">1305.51dp</dimen>
    <dimen name="x816">1307.11dp</dimen>
    <dimen name="x817">1308.71dp</dimen>
    <dimen name="x818">1310.31dp</dimen>
    <dimen name="x819">1311.92dp</dimen>
    <dimen name="x820">1313.52dp</dimen>
    <dimen name="x821">1315.12dp</dimen>
    <dimen name="x822">1316.72dp</dimen>
    <dimen name="x823">1318.32dp</dimen>
    <dimen name="x824">1319.93dp</dimen>
    <dimen name="x825">1321.53dp</dimen>
    <dimen name="x826">1323.13dp</dimen>
    <dimen name="x827">1324.73dp</dimen>
    <dimen name="x828">1326.33dp</dimen>
    <dimen name="x829">1327.94dp</dimen>
    <dimen name="x830">1329.54dp</dimen>
    <dimen name="x831">1331.14dp</dimen>
    <dimen name="x832">1332.74dp</dimen>
    <dimen name="x833">1334.34dp</dimen>
    <dimen name="x834">1335.94dp</dimen>
    <dimen name="x835">1337.55dp</dimen>
    <dimen name="x836">1339.15dp</dimen>
    <dimen name="x837">1340.75dp</dimen>
    <dimen name="x838">1342.35dp</dimen>
    <dimen name="x839">1343.95dp</dimen>
    <dimen name="x840">1345.56dp</dimen>
    <dimen name="x841">1347.16dp</dimen>
    <dimen name="x842">1348.76dp</dimen>
    <dimen name="x843">1350.36dp</dimen>
    <dimen name="x844">1351.96dp</dimen>
    <dimen name="x845">1353.56dp</dimen>
    <dimen name="x846">1355.17dp</dimen>
    <dimen name="x847">1356.77dp</dimen>
    <dimen name="x848">1358.37dp</dimen>
    <dimen name="x849">1359.97dp</dimen>
    <dimen name="x850">1361.57dp</dimen>
    <dimen name="x851">1363.18dp</dimen>
    <dimen name="x852">1364.78dp</dimen>
    <dimen name="x853">1366.38dp</dimen>
    <dimen name="x854">1367.98dp</dimen>
    <dimen name="x855">1369.58dp</dimen>
    <dimen name="x856">1371.19dp</dimen>
    <dimen name="x857">1372.79dp</dimen>
    <dimen name="x858">1374.39dp</dimen>
    <dimen name="x859">1375.99dp</dimen>
    <dimen name="x860">1377.59dp</dimen>
    <dimen name="x861">1379.19dp</dimen>
    <dimen name="x862">1380.80dp</dimen>
    <dimen name="x863">1382.40dp</dimen>
    <dimen name="x864">1384.00dp</dimen>
    <dimen name="x865">1385.60dp</dimen>
    <dimen name="x866">1387.20dp</dimen>
    <dimen name="x867">1388.81dp</dimen>
    <dimen name="x868">1390.41dp</dimen>
    <dimen name="x869">1392.01dp</dimen>
    <dimen name="x870">1393.61dp</dimen>
    <dimen name="x871">1395.21dp</dimen>
    <dimen name="x872">1396.81dp</dimen>
    <dimen name="x873">1398.42dp</dimen>
    <dimen name="x874">1400.02dp</dimen>
    <dimen name="x875">1401.62dp</dimen>
    <dimen name="x876">1403.22dp</dimen>
    <dimen name="x877">1404.82dp</dimen>
    <dimen name="x878">1406.43dp</dimen>
    <dimen name="x879">1408.03dp</dimen>
    <dimen name="x880">1409.63dp</dimen>
    <dimen name="x881">1411.23dp</dimen>
    <dimen name="x882">1412.83dp</dimen>
    <dimen name="x883">1414.44dp</dimen>
    <dimen name="x884">1416.04dp</dimen>
    <dimen name="x885">1417.64dp</dimen>
    <dimen name="x886">1419.24dp</dimen>
    <dimen name="x887">1420.84dp</dimen>
    <dimen name="x888">1422.44dp</dimen>
    <dimen name="x889">1424.05dp</dimen>
    <dimen name="x890">1425.65dp</dimen>
    <dimen name="x891">1427.25dp</dimen>
    <dimen name="x892">1428.85dp</dimen>
    <dimen name="x893">1430.45dp</dimen>
    <dimen name="x894">1432.06dp</dimen>
    <dimen name="x895">1433.66dp</dimen>
    <dimen name="x896">1435.26dp</dimen>
    <dimen name="x897">1436.86dp</dimen>
    <dimen name="x898">1438.46dp</dimen>
    <dimen name="x899">1440.06dp</dimen>
    <dimen name="x900">1441.67dp</dimen>
    <dimen name="x901">1443.27dp</dimen>
    <dimen name="x902">1444.87dp</dimen>
    <dimen name="x903">1446.47dp</dimen>
    <dimen name="x904">1448.07dp</dimen>
    <dimen name="x905">1449.68dp</dimen>
    <dimen name="x906">1451.28dp</dimen>
    <dimen name="x907">1452.88dp</dimen>
    <dimen name="x908">1454.48dp</dimen>
    <dimen name="x909">1456.08dp</dimen>
    <dimen name="x910">1457.69dp</dimen>
    <dimen name="x911">1459.29dp</dimen>
    <dimen name="x912">1460.89dp</dimen>
    <dimen name="x913">1462.49dp</dimen>
    <dimen name="x914">1464.09dp</dimen>
    <dimen name="x915">1465.69dp</dimen>
    <dimen name="x916">1467.30dp</dimen>
    <dimen name="x917">1468.90dp</dimen>
    <dimen name="x918">1470.50dp</dimen>
    <dimen name="x919">1472.10dp</dimen>
    <dimen name="x920">1473.70dp</dimen>
    <dimen name="x921">1475.31dp</dimen>
    <dimen name="x922">1476.91dp</dimen>
    <dimen name="x923">1478.51dp</dimen>
    <dimen name="x924">1480.11dp</dimen>
    <dimen name="x925">1481.71dp</dimen>
    <dimen name="x926">1483.31dp</dimen>
    <dimen name="x927">1484.92dp</dimen>
    <dimen name="x928">1486.52dp</dimen>
    <dimen name="x929">1488.12dp</dimen>
    <dimen name="x930">1489.72dp</dimen>
    <dimen name="x931">1491.32dp</dimen>
    <dimen name="x932">1492.93dp</dimen>
    <dimen name="x933">1494.53dp</dimen>
    <dimen name="x934">1496.13dp</dimen>
    <dimen name="x935">1497.73dp</dimen>
    <dimen name="x936">1499.33dp</dimen>
    <dimen name="x937">1500.94dp</dimen>
    <dimen name="x938">1502.54dp</dimen>
    <dimen name="x939">1504.14dp</dimen>
    <dimen name="x940">1505.74dp</dimen>
    <dimen name="x941">1507.34dp</dimen>
    <dimen name="x942">1508.94dp</dimen>
    <dimen name="x943">1510.55dp</dimen>
    <dimen name="x944">1512.15dp</dimen>
    <dimen name="x945">1513.75dp</dimen>
    <dimen name="x946">1515.35dp</dimen>
    <dimen name="x947">1516.95dp</dimen>
    <dimen name="x948">1518.56dp</dimen>
    <dimen name="x949">1520.16dp</dimen>
    <dimen name="x950">1521.76dp</dimen>
    <dimen name="x951">1523.36dp</dimen>
    <dimen name="x952">1524.96dp</dimen>
    <dimen name="x953">1526.56dp</dimen>
    <dimen name="x954">1528.17dp</dimen>
    <dimen name="x955">1529.77dp</dimen>
    <dimen name="x956">1531.37dp</dimen>
    <dimen name="x957">1532.97dp</dimen>
    <dimen name="x958">1534.57dp</dimen>
    <dimen name="x959">1536.18dp</dimen>
    <dimen name="x960">1537.78dp</dimen>
    <dimen name="x961">1539.38dp</dimen>
    <dimen name="x962">1540.98dp</dimen>
    <dimen name="x963">1542.58dp</dimen>
    <dimen name="x964">1544.19dp</dimen>
    <dimen name="x965">1545.79dp</dimen>
    <dimen name="x966">1547.39dp</dimen>
    <dimen name="x967">1548.99dp</dimen>
    <dimen name="x968">1550.59dp</dimen>
    <dimen name="x969">1552.19dp</dimen>
    <dimen name="x970">1553.80dp</dimen>
    <dimen name="x971">1555.40dp</dimen>
    <dimen name="x972">1557.00dp</dimen>
    <dimen name="x973">1558.60dp</dimen>
    <dimen name="x974">1560.20dp</dimen>
    <dimen name="x975">1561.81dp</dimen>
    <dimen name="x976">1563.41dp</dimen>
    <dimen name="x977">1565.01dp</dimen>
    <dimen name="x978">1566.61dp</dimen>
    <dimen name="x979">1568.21dp</dimen>
    <dimen name="x980">1569.81dp</dimen>
    <dimen name="x981">1571.42dp</dimen>
    <dimen name="x982">1573.02dp</dimen>
    <dimen name="x983">1574.62dp</dimen>
    <dimen name="x984">1576.22dp</dimen>
    <dimen name="x985">1577.82dp</dimen>
    <dimen name="x986">1579.43dp</dimen>
    <dimen name="x987">1581.03dp</dimen>
    <dimen name="x988">1582.63dp</dimen>
    <dimen name="x989">1584.23dp</dimen>
    <dimen name="x990">1585.83dp</dimen>
    <dimen name="x991">1587.44dp</dimen>
    <dimen name="x992">1589.04dp</dimen>
    <dimen name="x993">1590.64dp</dimen>
    <dimen name="x994">1592.24dp</dimen>
    <dimen name="x995">1593.84dp</dimen>
    <dimen name="x996">1595.44dp</dimen>
    <dimen name="x997">1597.05dp</dimen>
    <dimen name="x998">1598.65dp</dimen>
    <dimen name="x999">1600.25dp</dimen>
    <dimen name="x1000">1601.85dp</dimen>
    <dimen name="x1001">1603.45dp</dimen>
    <dimen name="x1002">1605.06dp</dimen>
    <dimen name="x1003">1606.66dp</dimen>
    <dimen name="x1004">1608.26dp</dimen>
    <dimen name="x1005">1609.86dp</dimen>
    <dimen name="x1006">1611.46dp</dimen>
    <dimen name="x1007">1613.06dp</dimen>
    <dimen name="x1008">1614.67dp</dimen>
    <dimen name="x1009">1616.27dp</dimen>
    <dimen name="x1010">1617.87dp</dimen>
    <dimen name="x1011">1619.47dp</dimen>
    <dimen name="x1012">1621.07dp</dimen>
    <dimen name="x1013">1622.68dp</dimen>
    <dimen name="x1014">1624.28dp</dimen>
    <dimen name="x1015">1625.88dp</dimen>
    <dimen name="x1016">1627.48dp</dimen>
    <dimen name="x1017">1629.08dp</dimen>
    <dimen name="x1018">1630.69dp</dimen>
    <dimen name="x1019">1632.29dp</dimen>
    <dimen name="x1020">1633.89dp</dimen>
    <dimen name="x1021">1635.49dp</dimen>
    <dimen name="x1022">1637.09dp</dimen>
    <dimen name="x1023">1638.69dp</dimen>
    <dimen name="x1024">1640.30dp</dimen>
    <dimen name="x1025">1641.90dp</dimen>
    <dimen name="x1026">1643.50dp</dimen>
    <dimen name="x1027">1645.10dp</dimen>
    <dimen name="x1028">1646.70dp</dimen>
    <dimen name="x1029">1648.31dp</dimen>
    <dimen name="x1030">1649.91dp</dimen>
    <dimen name="x1031">1651.51dp</dimen>
    <dimen name="x1032">1653.11dp</dimen>
    <dimen name="x1033">1654.71dp</dimen>
    <dimen name="x1034">1656.31dp</dimen>
    <dimen name="x1035">1657.92dp</dimen>
    <dimen name="x1036">1659.52dp</dimen>
    <dimen name="x1037">1661.12dp</dimen>
    <dimen name="x1038">1662.72dp</dimen>
    <dimen name="x1039">1664.32dp</dimen>
    <dimen name="x1040">1665.93dp</dimen>
    <dimen name="x1041">1667.53dp</dimen>
    <dimen name="x1042">1669.13dp</dimen>
    <dimen name="x1043">1670.73dp</dimen>
    <dimen name="x1044">1672.33dp</dimen>
    <dimen name="x1045">1673.94dp</dimen>
    <dimen name="x1046">1675.54dp</dimen>
    <dimen name="x1047">1677.14dp</dimen>
    <dimen name="x1048">1678.74dp</dimen>
    <dimen name="x1049">1680.34dp</dimen>
    <dimen name="x1050">1681.94dp</dimen>
    <dimen name="x1051">1683.55dp</dimen>
    <dimen name="x1052">1685.15dp</dimen>
    <dimen name="x1053">1686.75dp</dimen>
    <dimen name="x1054">1688.35dp</dimen>
    <dimen name="x1055">1689.95dp</dimen>
    <dimen name="x1056">1691.56dp</dimen>
    <dimen name="x1057">1693.16dp</dimen>
    <dimen name="x1058">1694.76dp</dimen>
    <dimen name="x1059">1696.36dp</dimen>
    <dimen name="x1060">1697.96dp</dimen>
    <dimen name="x1061">1699.56dp</dimen>
    <dimen name="x1062">1701.17dp</dimen>
    <dimen name="x1063">1702.77dp</dimen>
    <dimen name="x1064">1704.37dp</dimen>
    <dimen name="x1065">1705.97dp</dimen>
    <dimen name="x1066">1707.57dp</dimen>
    <dimen name="x1067">1709.18dp</dimen>
    <dimen name="x1068">1710.78dp</dimen>
    <dimen name="x1069">1712.38dp</dimen>
    <dimen name="x1070">1713.98dp</dimen>
    <dimen name="x1071">1715.58dp</dimen>
    <dimen name="x1072">1717.19dp</dimen>
    <dimen name="x1073">1718.79dp</dimen>
    <dimen name="x1074">1720.39dp</dimen>
    <dimen name="x1075">1721.99dp</dimen>
    <dimen name="x1076">1723.59dp</dimen>
    <dimen name="x1077">1725.19dp</dimen>
    <dimen name="x1078">1726.80dp</dimen>
    <dimen name="x1079">1728.40dp</dimen>
    <dimen name="x1080">1730.00dp</dimen>
</resources>