<?xml version="1.0" encoding="utf-8"?>
<resources>
    <string name="sw_dp">1670dp</string>
    <dimen name="x1">1.55dp</dimen>
    <dimen name="x2">3.09dp</dimen>
    <dimen name="x3">4.64dp</dimen>
    <dimen name="x4">6.19dp</dimen>
    <dimen name="x5">7.73dp</dimen>
    <dimen name="x6">9.28dp</dimen>
    <dimen name="x7">10.82dp</dimen>
    <dimen name="x8">12.37dp</dimen>
    <dimen name="x9">13.92dp</dimen>
    <dimen name="x10">15.46dp</dimen>
    <dimen name="x11">17.01dp</dimen>
    <dimen name="x12">18.56dp</dimen>
    <dimen name="x13">20.10dp</dimen>
    <dimen name="x14">21.65dp</dimen>
    <dimen name="x15">23.19dp</dimen>
    <dimen name="x16">24.74dp</dimen>
    <dimen name="x17">26.29dp</dimen>
    <dimen name="x18">27.83dp</dimen>
    <dimen name="x19">29.38dp</dimen>
    <dimen name="x20">30.93dp</dimen>
    <dimen name="x21">32.47dp</dimen>
    <dimen name="x22">34.02dp</dimen>
    <dimen name="x23">35.56dp</dimen>
    <dimen name="x24">37.11dp</dimen>
    <dimen name="x25">38.66dp</dimen>
    <dimen name="x26">40.20dp</dimen>
    <dimen name="x27">41.75dp</dimen>
    <dimen name="x28">43.30dp</dimen>
    <dimen name="x29">44.84dp</dimen>
    <dimen name="x30">46.39dp</dimen>
    <dimen name="x31">47.94dp</dimen>
    <dimen name="x32">49.48dp</dimen>
    <dimen name="x33">51.03dp</dimen>
    <dimen name="x34">52.57dp</dimen>
    <dimen name="x35">54.12dp</dimen>
    <dimen name="x36">55.67dp</dimen>
    <dimen name="x37">57.21dp</dimen>
    <dimen name="x38">58.76dp</dimen>
    <dimen name="x39">60.31dp</dimen>
    <dimen name="x40">61.85dp</dimen>
    <dimen name="x41">63.40dp</dimen>
    <dimen name="x42">64.94dp</dimen>
    <dimen name="x43">66.49dp</dimen>
    <dimen name="x44">68.04dp</dimen>
    <dimen name="x45">69.58dp</dimen>
    <dimen name="x46">71.13dp</dimen>
    <dimen name="x47">72.68dp</dimen>
    <dimen name="x48">74.22dp</dimen>
    <dimen name="x49">75.77dp</dimen>
    <dimen name="x50">77.31dp</dimen>
    <dimen name="x51">78.86dp</dimen>
    <dimen name="x52">80.41dp</dimen>
    <dimen name="x53">81.95dp</dimen>
    <dimen name="x54">83.50dp</dimen>
    <dimen name="x55">85.05dp</dimen>
    <dimen name="x56">86.59dp</dimen>
    <dimen name="x57">88.14dp</dimen>
    <dimen name="x58">89.69dp</dimen>
    <dimen name="x59">91.23dp</dimen>
    <dimen name="x60">92.78dp</dimen>
    <dimen name="x61">94.32dp</dimen>
    <dimen name="x62">95.87dp</dimen>
    <dimen name="x63">97.42dp</dimen>
    <dimen name="x64">98.96dp</dimen>
    <dimen name="x65">100.51dp</dimen>
    <dimen name="x66">102.06dp</dimen>
    <dimen name="x67">103.60dp</dimen>
    <dimen name="x68">105.15dp</dimen>
    <dimen name="x69">106.69dp</dimen>
    <dimen name="x70">108.24dp</dimen>
    <dimen name="x71">109.79dp</dimen>
    <dimen name="x72">111.33dp</dimen>
    <dimen name="x73">112.88dp</dimen>
    <dimen name="x74">114.43dp</dimen>
    <dimen name="x75">115.97dp</dimen>
    <dimen name="x76">117.52dp</dimen>
    <dimen name="x77">119.06dp</dimen>
    <dimen name="x78">120.61dp</dimen>
    <dimen name="x79">122.16dp</dimen>
    <dimen name="x80">123.70dp</dimen>
    <dimen name="x81">125.25dp</dimen>
    <dimen name="x82">126.80dp</dimen>
    <dimen name="x83">128.34dp</dimen>
    <dimen name="x84">129.89dp</dimen>
    <dimen name="x85">131.44dp</dimen>
    <dimen name="x86">132.98dp</dimen>
    <dimen name="x87">134.53dp</dimen>
    <dimen name="x88">136.07dp</dimen>
    <dimen name="x89">137.62dp</dimen>
    <dimen name="x90">139.17dp</dimen>
    <dimen name="x91">140.71dp</dimen>
    <dimen name="x92">142.26dp</dimen>
    <dimen name="x93">143.81dp</dimen>
    <dimen name="x94">145.35dp</dimen>
    <dimen name="x95">146.90dp</dimen>
    <dimen name="x96">148.44dp</dimen>
    <dimen name="x97">149.99dp</dimen>
    <dimen name="x98">151.54dp</dimen>
    <dimen name="x99">153.08dp</dimen>
    <dimen name="x100">154.63dp</dimen>
    <dimen name="x101">156.18dp</dimen>
    <dimen name="x102">157.72dp</dimen>
    <dimen name="x103">159.27dp</dimen>
    <dimen name="x104">160.81dp</dimen>
    <dimen name="x105">162.36dp</dimen>
    <dimen name="x106">163.91dp</dimen>
    <dimen name="x107">165.45dp</dimen>
    <dimen name="x108">167.00dp</dimen>
    <dimen name="x109">168.55dp</dimen>
    <dimen name="x110">170.09dp</dimen>
    <dimen name="x111">171.64dp</dimen>
    <dimen name="x112">173.19dp</dimen>
    <dimen name="x113">174.73dp</dimen>
    <dimen name="x114">176.28dp</dimen>
    <dimen name="x115">177.82dp</dimen>
    <dimen name="x116">179.37dp</dimen>
    <dimen name="x117">180.92dp</dimen>
    <dimen name="x118">182.46dp</dimen>
    <dimen name="x119">184.01dp</dimen>
    <dimen name="x120">185.56dp</dimen>
    <dimen name="x121">187.10dp</dimen>
    <dimen name="x122">188.65dp</dimen>
    <dimen name="x123">190.19dp</dimen>
    <dimen name="x124">191.74dp</dimen>
    <dimen name="x125">193.29dp</dimen>
    <dimen name="x126">194.83dp</dimen>
    <dimen name="x127">196.38dp</dimen>
    <dimen name="x128">197.93dp</dimen>
    <dimen name="x129">199.47dp</dimen>
    <dimen name="x130">201.02dp</dimen>
    <dimen name="x131">202.56dp</dimen>
    <dimen name="x132">204.11dp</dimen>
    <dimen name="x133">205.66dp</dimen>
    <dimen name="x134">207.20dp</dimen>
    <dimen name="x135">208.75dp</dimen>
    <dimen name="x136">210.30dp</dimen>
    <dimen name="x137">211.84dp</dimen>
    <dimen name="x138">213.39dp</dimen>
    <dimen name="x139">214.94dp</dimen>
    <dimen name="x140">216.48dp</dimen>
    <dimen name="x141">218.03dp</dimen>
    <dimen name="x142">219.57dp</dimen>
    <dimen name="x143">221.12dp</dimen>
    <dimen name="x144">222.67dp</dimen>
    <dimen name="x145">224.21dp</dimen>
    <dimen name="x146">225.76dp</dimen>
    <dimen name="x147">227.31dp</dimen>
    <dimen name="x148">228.85dp</dimen>
    <dimen name="x149">230.40dp</dimen>
    <dimen name="x150">231.94dp</dimen>
    <dimen name="x151">233.49dp</dimen>
    <dimen name="x152">235.04dp</dimen>
    <dimen name="x153">236.58dp</dimen>
    <dimen name="x154">238.13dp</dimen>
    <dimen name="x155">239.68dp</dimen>
    <dimen name="x156">241.22dp</dimen>
    <dimen name="x157">242.77dp</dimen>
    <dimen name="x158">244.31dp</dimen>
    <dimen name="x159">245.86dp</dimen>
    <dimen name="x160">247.41dp</dimen>
    <dimen name="x161">248.95dp</dimen>
    <dimen name="x162">250.50dp</dimen>
    <dimen name="x163">252.05dp</dimen>
    <dimen name="x164">253.59dp</dimen>
    <dimen name="x165">255.14dp</dimen>
    <dimen name="x166">256.69dp</dimen>
    <dimen name="x167">258.23dp</dimen>
    <dimen name="x168">259.78dp</dimen>
    <dimen name="x169">261.32dp</dimen>
    <dimen name="x170">262.87dp</dimen>
    <dimen name="x171">264.42dp</dimen>
    <dimen name="x172">265.96dp</dimen>
    <dimen name="x173">267.51dp</dimen>
    <dimen name="x174">269.06dp</dimen>
    <dimen name="x175">270.60dp</dimen>
    <dimen name="x176">272.15dp</dimen>
    <dimen name="x177">273.69dp</dimen>
    <dimen name="x178">275.24dp</dimen>
    <dimen name="x179">276.79dp</dimen>
    <dimen name="x180">278.33dp</dimen>
    <dimen name="x181">279.88dp</dimen>
    <dimen name="x182">281.43dp</dimen>
    <dimen name="x183">282.97dp</dimen>
    <dimen name="x184">284.52dp</dimen>
    <dimen name="x185">286.06dp</dimen>
    <dimen name="x186">287.61dp</dimen>
    <dimen name="x187">289.16dp</dimen>
    <dimen name="x188">290.70dp</dimen>
    <dimen name="x189">292.25dp</dimen>
    <dimen name="x190">293.80dp</dimen>
    <dimen name="x191">295.34dp</dimen>
    <dimen name="x192">296.89dp</dimen>
    <dimen name="x193">298.44dp</dimen>
    <dimen name="x194">299.98dp</dimen>
    <dimen name="x195">301.53dp</dimen>
    <dimen name="x196">303.07dp</dimen>
    <dimen name="x197">304.62dp</dimen>
    <dimen name="x198">306.17dp</dimen>
    <dimen name="x199">307.71dp</dimen>
    <dimen name="x200">309.26dp</dimen>
    <dimen name="x201">310.81dp</dimen>
    <dimen name="x202">312.35dp</dimen>
    <dimen name="x203">313.90dp</dimen>
    <dimen name="x204">315.44dp</dimen>
    <dimen name="x205">316.99dp</dimen>
    <dimen name="x206">318.54dp</dimen>
    <dimen name="x207">320.08dp</dimen>
    <dimen name="x208">321.63dp</dimen>
    <dimen name="x209">323.18dp</dimen>
    <dimen name="x210">324.72dp</dimen>
    <dimen name="x211">326.27dp</dimen>
    <dimen name="x212">327.81dp</dimen>
    <dimen name="x213">329.36dp</dimen>
    <dimen name="x214">330.91dp</dimen>
    <dimen name="x215">332.45dp</dimen>
    <dimen name="x216">334.00dp</dimen>
    <dimen name="x217">335.55dp</dimen>
    <dimen name="x218">337.09dp</dimen>
    <dimen name="x219">338.64dp</dimen>
    <dimen name="x220">340.19dp</dimen>
    <dimen name="x221">341.73dp</dimen>
    <dimen name="x222">343.28dp</dimen>
    <dimen name="x223">344.82dp</dimen>
    <dimen name="x224">346.37dp</dimen>
    <dimen name="x225">347.92dp</dimen>
    <dimen name="x226">349.46dp</dimen>
    <dimen name="x227">351.01dp</dimen>
    <dimen name="x228">352.56dp</dimen>
    <dimen name="x229">354.10dp</dimen>
    <dimen name="x230">355.65dp</dimen>
    <dimen name="x231">357.19dp</dimen>
    <dimen name="x232">358.74dp</dimen>
    <dimen name="x233">360.29dp</dimen>
    <dimen name="x234">361.83dp</dimen>
    <dimen name="x235">363.38dp</dimen>
    <dimen name="x236">364.93dp</dimen>
    <dimen name="x237">366.47dp</dimen>
    <dimen name="x238">368.02dp</dimen>
    <dimen name="x239">369.56dp</dimen>
    <dimen name="x240">371.11dp</dimen>
    <dimen name="x241">372.66dp</dimen>
    <dimen name="x242">374.20dp</dimen>
    <dimen name="x243">375.75dp</dimen>
    <dimen name="x244">377.30dp</dimen>
    <dimen name="x245">378.84dp</dimen>
    <dimen name="x246">380.39dp</dimen>
    <dimen name="x247">381.94dp</dimen>
    <dimen name="x248">383.48dp</dimen>
    <dimen name="x249">385.03dp</dimen>
    <dimen name="x250">386.57dp</dimen>
    <dimen name="x251">388.12dp</dimen>
    <dimen name="x252">389.67dp</dimen>
    <dimen name="x253">391.21dp</dimen>
    <dimen name="x254">392.76dp</dimen>
    <dimen name="x255">394.31dp</dimen>
    <dimen name="x256">395.85dp</dimen>
    <dimen name="x257">397.40dp</dimen>
    <dimen name="x258">398.94dp</dimen>
    <dimen name="x259">400.49dp</dimen>
    <dimen name="x260">402.04dp</dimen>
    <dimen name="x261">403.58dp</dimen>
    <dimen name="x262">405.13dp</dimen>
    <dimen name="x263">406.68dp</dimen>
    <dimen name="x264">408.22dp</dimen>
    <dimen name="x265">409.77dp</dimen>
    <dimen name="x266">411.31dp</dimen>
    <dimen name="x267">412.86dp</dimen>
    <dimen name="x268">414.41dp</dimen>
    <dimen name="x269">415.95dp</dimen>
    <dimen name="x270">417.50dp</dimen>
    <dimen name="x271">419.05dp</dimen>
    <dimen name="x272">420.59dp</dimen>
    <dimen name="x273">422.14dp</dimen>
    <dimen name="x274">423.69dp</dimen>
    <dimen name="x275">425.23dp</dimen>
    <dimen name="x276">426.78dp</dimen>
    <dimen name="x277">428.32dp</dimen>
    <dimen name="x278">429.87dp</dimen>
    <dimen name="x279">431.42dp</dimen>
    <dimen name="x280">432.96dp</dimen>
    <dimen name="x281">434.51dp</dimen>
    <dimen name="x282">436.06dp</dimen>
    <dimen name="x283">437.60dp</dimen>
    <dimen name="x284">439.15dp</dimen>
    <dimen name="x285">440.69dp</dimen>
    <dimen name="x286">442.24dp</dimen>
    <dimen name="x287">443.79dp</dimen>
    <dimen name="x288">445.33dp</dimen>
    <dimen name="x289">446.88dp</dimen>
    <dimen name="x290">448.43dp</dimen>
    <dimen name="x291">449.97dp</dimen>
    <dimen name="x292">451.52dp</dimen>
    <dimen name="x293">453.06dp</dimen>
    <dimen name="x294">454.61dp</dimen>
    <dimen name="x295">456.16dp</dimen>
    <dimen name="x296">457.70dp</dimen>
    <dimen name="x297">459.25dp</dimen>
    <dimen name="x298">460.80dp</dimen>
    <dimen name="x299">462.34dp</dimen>
    <dimen name="x300">463.89dp</dimen>
    <dimen name="x301">465.44dp</dimen>
    <dimen name="x302">466.98dp</dimen>
    <dimen name="x303">468.53dp</dimen>
    <dimen name="x304">470.07dp</dimen>
    <dimen name="x305">471.62dp</dimen>
    <dimen name="x306">473.17dp</dimen>
    <dimen name="x307">474.71dp</dimen>
    <dimen name="x308">476.26dp</dimen>
    <dimen name="x309">477.81dp</dimen>
    <dimen name="x310">479.35dp</dimen>
    <dimen name="x311">480.90dp</dimen>
    <dimen name="x312">482.44dp</dimen>
    <dimen name="x313">483.99dp</dimen>
    <dimen name="x314">485.54dp</dimen>
    <dimen name="x315">487.08dp</dimen>
    <dimen name="x316">488.63dp</dimen>
    <dimen name="x317">490.18dp</dimen>
    <dimen name="x318">491.72dp</dimen>
    <dimen name="x319">493.27dp</dimen>
    <dimen name="x320">494.81dp</dimen>
    <dimen name="x321">496.36dp</dimen>
    <dimen name="x322">497.91dp</dimen>
    <dimen name="x323">499.45dp</dimen>
    <dimen name="x324">501.00dp</dimen>
    <dimen name="x325">502.55dp</dimen>
    <dimen name="x326">504.09dp</dimen>
    <dimen name="x327">505.64dp</dimen>
    <dimen name="x328">507.19dp</dimen>
    <dimen name="x329">508.73dp</dimen>
    <dimen name="x330">510.28dp</dimen>
    <dimen name="x331">511.82dp</dimen>
    <dimen name="x332">513.37dp</dimen>
    <dimen name="x333">514.92dp</dimen>
    <dimen name="x334">516.46dp</dimen>
    <dimen name="x335">518.01dp</dimen>
    <dimen name="x336">519.56dp</dimen>
    <dimen name="x337">521.10dp</dimen>
    <dimen name="x338">522.65dp</dimen>
    <dimen name="x339">524.19dp</dimen>
    <dimen name="x340">525.74dp</dimen>
    <dimen name="x341">527.29dp</dimen>
    <dimen name="x342">528.83dp</dimen>
    <dimen name="x343">530.38dp</dimen>
    <dimen name="x344">531.93dp</dimen>
    <dimen name="x345">533.47dp</dimen>
    <dimen name="x346">535.02dp</dimen>
    <dimen name="x347">536.56dp</dimen>
    <dimen name="x348">538.11dp</dimen>
    <dimen name="x349">539.66dp</dimen>
    <dimen name="x350">541.20dp</dimen>
    <dimen name="x351">542.75dp</dimen>
    <dimen name="x352">544.30dp</dimen>
    <dimen name="x353">545.84dp</dimen>
    <dimen name="x354">547.39dp</dimen>
    <dimen name="x355">548.94dp</dimen>
    <dimen name="x356">550.48dp</dimen>
    <dimen name="x357">552.03dp</dimen>
    <dimen name="x358">553.57dp</dimen>
    <dimen name="x359">555.12dp</dimen>
    <dimen name="x360">556.67dp</dimen>
    <dimen name="x361">558.21dp</dimen>
    <dimen name="x362">559.76dp</dimen>
    <dimen name="x363">561.31dp</dimen>
    <dimen name="x364">562.85dp</dimen>
    <dimen name="x365">564.40dp</dimen>
    <dimen name="x366">565.94dp</dimen>
    <dimen name="x367">567.49dp</dimen>
    <dimen name="x368">569.04dp</dimen>
    <dimen name="x369">570.58dp</dimen>
    <dimen name="x370">572.13dp</dimen>
    <dimen name="x371">573.68dp</dimen>
    <dimen name="x372">575.22dp</dimen>
    <dimen name="x373">576.77dp</dimen>
    <dimen name="x374">578.31dp</dimen>
    <dimen name="x375">579.86dp</dimen>
    <dimen name="x376">581.41dp</dimen>
    <dimen name="x377">582.95dp</dimen>
    <dimen name="x378">584.50dp</dimen>
    <dimen name="x379">586.05dp</dimen>
    <dimen name="x380">587.59dp</dimen>
    <dimen name="x381">589.14dp</dimen>
    <dimen name="x382">590.69dp</dimen>
    <dimen name="x383">592.23dp</dimen>
    <dimen name="x384">593.78dp</dimen>
    <dimen name="x385">595.32dp</dimen>
    <dimen name="x386">596.87dp</dimen>
    <dimen name="x387">598.42dp</dimen>
    <dimen name="x388">599.96dp</dimen>
    <dimen name="x389">601.51dp</dimen>
    <dimen name="x390">603.06dp</dimen>
    <dimen name="x391">604.60dp</dimen>
    <dimen name="x392">606.15dp</dimen>
    <dimen name="x393">607.69dp</dimen>
    <dimen name="x394">609.24dp</dimen>
    <dimen name="x395">610.79dp</dimen>
    <dimen name="x396">612.33dp</dimen>
    <dimen name="x397">613.88dp</dimen>
    <dimen name="x398">615.43dp</dimen>
    <dimen name="x399">616.97dp</dimen>
    <dimen name="x400">618.52dp</dimen>
    <dimen name="x401">620.06dp</dimen>
    <dimen name="x402">621.61dp</dimen>
    <dimen name="x403">623.16dp</dimen>
    <dimen name="x404">624.70dp</dimen>
    <dimen name="x405">626.25dp</dimen>
    <dimen name="x406">627.80dp</dimen>
    <dimen name="x407">629.34dp</dimen>
    <dimen name="x408">630.89dp</dimen>
    <dimen name="x409">632.44dp</dimen>
    <dimen name="x410">633.98dp</dimen>
    <dimen name="x411">635.53dp</dimen>
    <dimen name="x412">637.07dp</dimen>
    <dimen name="x413">638.62dp</dimen>
    <dimen name="x414">640.17dp</dimen>
    <dimen name="x415">641.71dp</dimen>
    <dimen name="x416">643.26dp</dimen>
    <dimen name="x417">644.81dp</dimen>
    <dimen name="x418">646.35dp</dimen>
    <dimen name="x419">647.90dp</dimen>
    <dimen name="x420">649.44dp</dimen>
    <dimen name="x421">650.99dp</dimen>
    <dimen name="x422">652.54dp</dimen>
    <dimen name="x423">654.08dp</dimen>
    <dimen name="x424">655.63dp</dimen>
    <dimen name="x425">657.18dp</dimen>
    <dimen name="x426">658.72dp</dimen>
    <dimen name="x427">660.27dp</dimen>
    <dimen name="x428">661.81dp</dimen>
    <dimen name="x429">663.36dp</dimen>
    <dimen name="x430">664.91dp</dimen>
    <dimen name="x431">666.45dp</dimen>
    <dimen name="x432">668.00dp</dimen>
    <dimen name="x433">669.55dp</dimen>
    <dimen name="x434">671.09dp</dimen>
    <dimen name="x435">672.64dp</dimen>
    <dimen name="x436">674.19dp</dimen>
    <dimen name="x437">675.73dp</dimen>
    <dimen name="x438">677.28dp</dimen>
    <dimen name="x439">678.82dp</dimen>
    <dimen name="x440">680.37dp</dimen>
    <dimen name="x441">681.92dp</dimen>
    <dimen name="x442">683.46dp</dimen>
    <dimen name="x443">685.01dp</dimen>
    <dimen name="x444">686.56dp</dimen>
    <dimen name="x445">688.10dp</dimen>
    <dimen name="x446">689.65dp</dimen>
    <dimen name="x447">691.19dp</dimen>
    <dimen name="x448">692.74dp</dimen>
    <dimen name="x449">694.29dp</dimen>
    <dimen name="x450">695.83dp</dimen>
    <dimen name="x451">697.38dp</dimen>
    <dimen name="x452">698.93dp</dimen>
    <dimen name="x453">700.47dp</dimen>
    <dimen name="x454">702.02dp</dimen>
    <dimen name="x455">703.56dp</dimen>
    <dimen name="x456">705.11dp</dimen>
    <dimen name="x457">706.66dp</dimen>
    <dimen name="x458">708.20dp</dimen>
    <dimen name="x459">709.75dp</dimen>
    <dimen name="x460">711.30dp</dimen>
    <dimen name="x461">712.84dp</dimen>
    <dimen name="x462">714.39dp</dimen>
    <dimen name="x463">715.94dp</dimen>
    <dimen name="x464">717.48dp</dimen>
    <dimen name="x465">719.03dp</dimen>
    <dimen name="x466">720.57dp</dimen>
    <dimen name="x467">722.12dp</dimen>
    <dimen name="x468">723.67dp</dimen>
    <dimen name="x469">725.21dp</dimen>
    <dimen name="x470">726.76dp</dimen>
    <dimen name="x471">728.31dp</dimen>
    <dimen name="x472">729.85dp</dimen>
    <dimen name="x473">731.40dp</dimen>
    <dimen name="x474">732.94dp</dimen>
    <dimen name="x475">734.49dp</dimen>
    <dimen name="x476">736.04dp</dimen>
    <dimen name="x477">737.58dp</dimen>
    <dimen name="x478">739.13dp</dimen>
    <dimen name="x479">740.68dp</dimen>
    <dimen name="x480">742.22dp</dimen>
    <dimen name="x481">743.77dp</dimen>
    <dimen name="x482">745.31dp</dimen>
    <dimen name="x483">746.86dp</dimen>
    <dimen name="x484">748.41dp</dimen>
    <dimen name="x485">749.95dp</dimen>
    <dimen name="x486">751.50dp</dimen>
    <dimen name="x487">753.05dp</dimen>
    <dimen name="x488">754.59dp</dimen>
    <dimen name="x489">756.14dp</dimen>
    <dimen name="x490">757.69dp</dimen>
    <dimen name="x491">759.23dp</dimen>
    <dimen name="x492">760.78dp</dimen>
    <dimen name="x493">762.32dp</dimen>
    <dimen name="x494">763.87dp</dimen>
    <dimen name="x495">765.42dp</dimen>
    <dimen name="x496">766.96dp</dimen>
    <dimen name="x497">768.51dp</dimen>
    <dimen name="x498">770.06dp</dimen>
    <dimen name="x499">771.60dp</dimen>
    <dimen name="x500">773.15dp</dimen>
    <dimen name="x501">774.69dp</dimen>
    <dimen name="x502">776.24dp</dimen>
    <dimen name="x503">777.79dp</dimen>
    <dimen name="x504">779.33dp</dimen>
    <dimen name="x505">780.88dp</dimen>
    <dimen name="x506">782.43dp</dimen>
    <dimen name="x507">783.97dp</dimen>
    <dimen name="x508">785.52dp</dimen>
    <dimen name="x509">787.06dp</dimen>
    <dimen name="x510">788.61dp</dimen>
    <dimen name="x511">790.16dp</dimen>
    <dimen name="x512">791.70dp</dimen>
    <dimen name="x513">793.25dp</dimen>
    <dimen name="x514">794.80dp</dimen>
    <dimen name="x515">796.34dp</dimen>
    <dimen name="x516">797.89dp</dimen>
    <dimen name="x517">799.44dp</dimen>
    <dimen name="x518">800.98dp</dimen>
    <dimen name="x519">802.53dp</dimen>
    <dimen name="x520">804.07dp</dimen>
    <dimen name="x521">805.62dp</dimen>
    <dimen name="x522">807.17dp</dimen>
    <dimen name="x523">808.71dp</dimen>
    <dimen name="x524">810.26dp</dimen>
    <dimen name="x525">811.81dp</dimen>
    <dimen name="x526">813.35dp</dimen>
    <dimen name="x527">814.90dp</dimen>
    <dimen name="x528">816.44dp</dimen>
    <dimen name="x529">817.99dp</dimen>
    <dimen name="x530">819.54dp</dimen>
    <dimen name="x531">821.08dp</dimen>
    <dimen name="x532">822.63dp</dimen>
    <dimen name="x533">824.18dp</dimen>
    <dimen name="x534">825.72dp</dimen>
    <dimen name="x535">827.27dp</dimen>
    <dimen name="x536">828.81dp</dimen>
    <dimen name="x537">830.36dp</dimen>
    <dimen name="x538">831.91dp</dimen>
    <dimen name="x539">833.45dp</dimen>
    <dimen name="x540">835.00dp</dimen>
    <dimen name="x541">836.55dp</dimen>
    <dimen name="x542">838.09dp</dimen>
    <dimen name="x543">839.64dp</dimen>
    <dimen name="x544">841.19dp</dimen>
    <dimen name="x545">842.73dp</dimen>
    <dimen name="x546">844.28dp</dimen>
    <dimen name="x547">845.82dp</dimen>
    <dimen name="x548">847.37dp</dimen>
    <dimen name="x549">848.92dp</dimen>
    <dimen name="x550">850.46dp</dimen>
    <dimen name="x551">852.01dp</dimen>
    <dimen name="x552">853.56dp</dimen>
    <dimen name="x553">855.10dp</dimen>
    <dimen name="x554">856.65dp</dimen>
    <dimen name="x555">858.19dp</dimen>
    <dimen name="x556">859.74dp</dimen>
    <dimen name="x557">861.29dp</dimen>
    <dimen name="x558">862.83dp</dimen>
    <dimen name="x559">864.38dp</dimen>
    <dimen name="x560">865.93dp</dimen>
    <dimen name="x561">867.47dp</dimen>
    <dimen name="x562">869.02dp</dimen>
    <dimen name="x563">870.56dp</dimen>
    <dimen name="x564">872.11dp</dimen>
    <dimen name="x565">873.66dp</dimen>
    <dimen name="x566">875.20dp</dimen>
    <dimen name="x567">876.75dp</dimen>
    <dimen name="x568">878.30dp</dimen>
    <dimen name="x569">879.84dp</dimen>
    <dimen name="x570">881.39dp</dimen>
    <dimen name="x571">882.94dp</dimen>
    <dimen name="x572">884.48dp</dimen>
    <dimen name="x573">886.03dp</dimen>
    <dimen name="x574">887.57dp</dimen>
    <dimen name="x575">889.12dp</dimen>
    <dimen name="x576">890.67dp</dimen>
    <dimen name="x577">892.21dp</dimen>
    <dimen name="x578">893.76dp</dimen>
    <dimen name="x579">895.31dp</dimen>
    <dimen name="x580">896.85dp</dimen>
    <dimen name="x581">898.40dp</dimen>
    <dimen name="x582">899.94dp</dimen>
    <dimen name="x583">901.49dp</dimen>
    <dimen name="x584">903.04dp</dimen>
    <dimen name="x585">904.58dp</dimen>
    <dimen name="x586">906.13dp</dimen>
    <dimen name="x587">907.68dp</dimen>
    <dimen name="x588">909.22dp</dimen>
    <dimen name="x589">910.77dp</dimen>
    <dimen name="x590">912.31dp</dimen>
    <dimen name="x591">913.86dp</dimen>
    <dimen name="x592">915.41dp</dimen>
    <dimen name="x593">916.95dp</dimen>
    <dimen name="x594">918.50dp</dimen>
    <dimen name="x595">920.05dp</dimen>
    <dimen name="x596">921.59dp</dimen>
    <dimen name="x597">923.14dp</dimen>
    <dimen name="x598">924.69dp</dimen>
    <dimen name="x599">926.23dp</dimen>
    <dimen name="x600">927.78dp</dimen>
    <dimen name="x601">929.32dp</dimen>
    <dimen name="x602">930.87dp</dimen>
    <dimen name="x603">932.42dp</dimen>
    <dimen name="x604">933.96dp</dimen>
    <dimen name="x605">935.51dp</dimen>
    <dimen name="x606">937.06dp</dimen>
    <dimen name="x607">938.60dp</dimen>
    <dimen name="x608">940.15dp</dimen>
    <dimen name="x609">941.69dp</dimen>
    <dimen name="x610">943.24dp</dimen>
    <dimen name="x611">944.79dp</dimen>
    <dimen name="x612">946.33dp</dimen>
    <dimen name="x613">947.88dp</dimen>
    <dimen name="x614">949.43dp</dimen>
    <dimen name="x615">950.97dp</dimen>
    <dimen name="x616">952.52dp</dimen>
    <dimen name="x617">954.06dp</dimen>
    <dimen name="x618">955.61dp</dimen>
    <dimen name="x619">957.16dp</dimen>
    <dimen name="x620">958.70dp</dimen>
    <dimen name="x621">960.25dp</dimen>
    <dimen name="x622">961.80dp</dimen>
    <dimen name="x623">963.34dp</dimen>
    <dimen name="x624">964.89dp</dimen>
    <dimen name="x625">966.44dp</dimen>
    <dimen name="x626">967.98dp</dimen>
    <dimen name="x627">969.53dp</dimen>
    <dimen name="x628">971.07dp</dimen>
    <dimen name="x629">972.62dp</dimen>
    <dimen name="x630">974.17dp</dimen>
    <dimen name="x631">975.71dp</dimen>
    <dimen name="x632">977.26dp</dimen>
    <dimen name="x633">978.81dp</dimen>
    <dimen name="x634">980.35dp</dimen>
    <dimen name="x635">981.90dp</dimen>
    <dimen name="x636">983.44dp</dimen>
    <dimen name="x637">984.99dp</dimen>
    <dimen name="x638">986.54dp</dimen>
    <dimen name="x639">988.08dp</dimen>
    <dimen name="x640">989.63dp</dimen>
    <dimen name="x641">991.18dp</dimen>
    <dimen name="x642">992.72dp</dimen>
    <dimen name="x643">994.27dp</dimen>
    <dimen name="x644">995.81dp</dimen>
    <dimen name="x645">997.36dp</dimen>
    <dimen name="x646">998.91dp</dimen>
    <dimen name="x647">1000.45dp</dimen>
    <dimen name="x648">1002.00dp</dimen>
    <dimen name="x649">1003.55dp</dimen>
    <dimen name="x650">1005.09dp</dimen>
    <dimen name="x651">1006.64dp</dimen>
    <dimen name="x652">1008.19dp</dimen>
    <dimen name="x653">1009.73dp</dimen>
    <dimen name="x654">1011.28dp</dimen>
    <dimen name="x655">1012.82dp</dimen>
    <dimen name="x656">1014.37dp</dimen>
    <dimen name="x657">1015.92dp</dimen>
    <dimen name="x658">1017.46dp</dimen>
    <dimen name="x659">1019.01dp</dimen>
    <dimen name="x660">1020.56dp</dimen>
    <dimen name="x661">1022.10dp</dimen>
    <dimen name="x662">1023.65dp</dimen>
    <dimen name="x663">1025.19dp</dimen>
    <dimen name="x664">1026.74dp</dimen>
    <dimen name="x665">1028.29dp</dimen>
    <dimen name="x666">1029.83dp</dimen>
    <dimen name="x667">1031.38dp</dimen>
    <dimen name="x668">1032.93dp</dimen>
    <dimen name="x669">1034.47dp</dimen>
    <dimen name="x670">1036.02dp</dimen>
    <dimen name="x671">1037.56dp</dimen>
    <dimen name="x672">1039.11dp</dimen>
    <dimen name="x673">1040.66dp</dimen>
    <dimen name="x674">1042.20dp</dimen>
    <dimen name="x675">1043.75dp</dimen>
    <dimen name="x676">1045.30dp</dimen>
    <dimen name="x677">1046.84dp</dimen>
    <dimen name="x678">1048.39dp</dimen>
    <dimen name="x679">1049.94dp</dimen>
    <dimen name="x680">1051.48dp</dimen>
    <dimen name="x681">1053.03dp</dimen>
    <dimen name="x682">1054.57dp</dimen>
    <dimen name="x683">1056.12dp</dimen>
    <dimen name="x684">1057.67dp</dimen>
    <dimen name="x685">1059.21dp</dimen>
    <dimen name="x686">1060.76dp</dimen>
    <dimen name="x687">1062.31dp</dimen>
    <dimen name="x688">1063.85dp</dimen>
    <dimen name="x689">1065.40dp</dimen>
    <dimen name="x690">1066.94dp</dimen>
    <dimen name="x691">1068.49dp</dimen>
    <dimen name="x692">1070.04dp</dimen>
    <dimen name="x693">1071.58dp</dimen>
    <dimen name="x694">1073.13dp</dimen>
    <dimen name="x695">1074.68dp</dimen>
    <dimen name="x696">1076.22dp</dimen>
    <dimen name="x697">1077.77dp</dimen>
    <dimen name="x698">1079.31dp</dimen>
    <dimen name="x699">1080.86dp</dimen>
    <dimen name="x700">1082.41dp</dimen>
    <dimen name="x701">1083.95dp</dimen>
    <dimen name="x702">1085.50dp</dimen>
    <dimen name="x703">1087.05dp</dimen>
    <dimen name="x704">1088.59dp</dimen>
    <dimen name="x705">1090.14dp</dimen>
    <dimen name="x706">1091.69dp</dimen>
    <dimen name="x707">1093.23dp</dimen>
    <dimen name="x708">1094.78dp</dimen>
    <dimen name="x709">1096.32dp</dimen>
    <dimen name="x710">1097.87dp</dimen>
    <dimen name="x711">1099.42dp</dimen>
    <dimen name="x712">1100.96dp</dimen>
    <dimen name="x713">1102.51dp</dimen>
    <dimen name="x714">1104.06dp</dimen>
    <dimen name="x715">1105.60dp</dimen>
    <dimen name="x716">1107.15dp</dimen>
    <dimen name="x717">1108.69dp</dimen>
    <dimen name="x718">1110.24dp</dimen>
    <dimen name="x719">1111.79dp</dimen>
    <dimen name="x720">1113.33dp</dimen>
    <dimen name="x721">1114.88dp</dimen>
    <dimen name="x722">1116.43dp</dimen>
    <dimen name="x723">1117.97dp</dimen>
    <dimen name="x724">1119.52dp</dimen>
    <dimen name="x725">1121.06dp</dimen>
    <dimen name="x726">1122.61dp</dimen>
    <dimen name="x727">1124.16dp</dimen>
    <dimen name="x728">1125.70dp</dimen>
    <dimen name="x729">1127.25dp</dimen>
    <dimen name="x730">1128.80dp</dimen>
    <dimen name="x731">1130.34dp</dimen>
    <dimen name="x732">1131.89dp</dimen>
    <dimen name="x733">1133.44dp</dimen>
    <dimen name="x734">1134.98dp</dimen>
    <dimen name="x735">1136.53dp</dimen>
    <dimen name="x736">1138.07dp</dimen>
    <dimen name="x737">1139.62dp</dimen>
    <dimen name="x738">1141.17dp</dimen>
    <dimen name="x739">1142.71dp</dimen>
    <dimen name="x740">1144.26dp</dimen>
    <dimen name="x741">1145.81dp</dimen>
    <dimen name="x742">1147.35dp</dimen>
    <dimen name="x743">1148.90dp</dimen>
    <dimen name="x744">1150.44dp</dimen>
    <dimen name="x745">1151.99dp</dimen>
    <dimen name="x746">1153.54dp</dimen>
    <dimen name="x747">1155.08dp</dimen>
    <dimen name="x748">1156.63dp</dimen>
    <dimen name="x749">1158.18dp</dimen>
    <dimen name="x750">1159.72dp</dimen>
    <dimen name="x751">1161.27dp</dimen>
    <dimen name="x752">1162.81dp</dimen>
    <dimen name="x753">1164.36dp</dimen>
    <dimen name="x754">1165.91dp</dimen>
    <dimen name="x755">1167.45dp</dimen>
    <dimen name="x756">1169.00dp</dimen>
    <dimen name="x757">1170.55dp</dimen>
    <dimen name="x758">1172.09dp</dimen>
    <dimen name="x759">1173.64dp</dimen>
    <dimen name="x760">1175.19dp</dimen>
    <dimen name="x761">1176.73dp</dimen>
    <dimen name="x762">1178.28dp</dimen>
    <dimen name="x763">1179.82dp</dimen>
    <dimen name="x764">1181.37dp</dimen>
    <dimen name="x765">1182.92dp</dimen>
    <dimen name="x766">1184.46dp</dimen>
    <dimen name="x767">1186.01dp</dimen>
    <dimen name="x768">1187.56dp</dimen>
    <dimen name="x769">1189.10dp</dimen>
    <dimen name="x770">1190.65dp</dimen>
    <dimen name="x771">1192.19dp</dimen>
    <dimen name="x772">1193.74dp</dimen>
    <dimen name="x773">1195.29dp</dimen>
    <dimen name="x774">1196.83dp</dimen>
    <dimen name="x775">1198.38dp</dimen>
    <dimen name="x776">1199.93dp</dimen>
    <dimen name="x777">1201.47dp</dimen>
    <dimen name="x778">1203.02dp</dimen>
    <dimen name="x779">1204.56dp</dimen>
    <dimen name="x780">1206.11dp</dimen>
    <dimen name="x781">1207.66dp</dimen>
    <dimen name="x782">1209.20dp</dimen>
    <dimen name="x783">1210.75dp</dimen>
    <dimen name="x784">1212.30dp</dimen>
    <dimen name="x785">1213.84dp</dimen>
    <dimen name="x786">1215.39dp</dimen>
    <dimen name="x787">1216.94dp</dimen>
    <dimen name="x788">1218.48dp</dimen>
    <dimen name="x789">1220.03dp</dimen>
    <dimen name="x790">1221.57dp</dimen>
    <dimen name="x791">1223.12dp</dimen>
    <dimen name="x792">1224.67dp</dimen>
    <dimen name="x793">1226.21dp</dimen>
    <dimen name="x794">1227.76dp</dimen>
    <dimen name="x795">1229.31dp</dimen>
    <dimen name="x796">1230.85dp</dimen>
    <dimen name="x797">1232.40dp</dimen>
    <dimen name="x798">1233.94dp</dimen>
    <dimen name="x799">1235.49dp</dimen>
    <dimen name="x800">1237.04dp</dimen>
    <dimen name="x801">1238.58dp</dimen>
    <dimen name="x802">1240.13dp</dimen>
    <dimen name="x803">1241.68dp</dimen>
    <dimen name="x804">1243.22dp</dimen>
    <dimen name="x805">1244.77dp</dimen>
    <dimen name="x806">1246.31dp</dimen>
    <dimen name="x807">1247.86dp</dimen>
    <dimen name="x808">1249.41dp</dimen>
    <dimen name="x809">1250.95dp</dimen>
    <dimen name="x810">1252.50dp</dimen>
    <dimen name="x811">1254.05dp</dimen>
    <dimen name="x812">1255.59dp</dimen>
    <dimen name="x813">1257.14dp</dimen>
    <dimen name="x814">1258.69dp</dimen>
    <dimen name="x815">1260.23dp</dimen>
    <dimen name="x816">1261.78dp</dimen>
    <dimen name="x817">1263.32dp</dimen>
    <dimen name="x818">1264.87dp</dimen>
    <dimen name="x819">1266.42dp</dimen>
    <dimen name="x820">1267.96dp</dimen>
    <dimen name="x821">1269.51dp</dimen>
    <dimen name="x822">1271.06dp</dimen>
    <dimen name="x823">1272.60dp</dimen>
    <dimen name="x824">1274.15dp</dimen>
    <dimen name="x825">1275.69dp</dimen>
    <dimen name="x826">1277.24dp</dimen>
    <dimen name="x827">1278.79dp</dimen>
    <dimen name="x828">1280.33dp</dimen>
    <dimen name="x829">1281.88dp</dimen>
    <dimen name="x830">1283.43dp</dimen>
    <dimen name="x831">1284.97dp</dimen>
    <dimen name="x832">1286.52dp</dimen>
    <dimen name="x833">1288.06dp</dimen>
    <dimen name="x834">1289.61dp</dimen>
    <dimen name="x835">1291.16dp</dimen>
    <dimen name="x836">1292.70dp</dimen>
    <dimen name="x837">1294.25dp</dimen>
    <dimen name="x838">1295.80dp</dimen>
    <dimen name="x839">1297.34dp</dimen>
    <dimen name="x840">1298.89dp</dimen>
    <dimen name="x841">1300.44dp</dimen>
    <dimen name="x842">1301.98dp</dimen>
    <dimen name="x843">1303.53dp</dimen>
    <dimen name="x844">1305.07dp</dimen>
    <dimen name="x845">1306.62dp</dimen>
    <dimen name="x846">1308.17dp</dimen>
    <dimen name="x847">1309.71dp</dimen>
    <dimen name="x848">1311.26dp</dimen>
    <dimen name="x849">1312.81dp</dimen>
    <dimen name="x850">1314.35dp</dimen>
    <dimen name="x851">1315.90dp</dimen>
    <dimen name="x852">1317.44dp</dimen>
    <dimen name="x853">1318.99dp</dimen>
    <dimen name="x854">1320.54dp</dimen>
    <dimen name="x855">1322.08dp</dimen>
    <dimen name="x856">1323.63dp</dimen>
    <dimen name="x857">1325.18dp</dimen>
    <dimen name="x858">1326.72dp</dimen>
    <dimen name="x859">1328.27dp</dimen>
    <dimen name="x860">1329.81dp</dimen>
    <dimen name="x861">1331.36dp</dimen>
    <dimen name="x862">1332.91dp</dimen>
    <dimen name="x863">1334.45dp</dimen>
    <dimen name="x864">1336.00dp</dimen>
    <dimen name="x865">1337.55dp</dimen>
    <dimen name="x866">1339.09dp</dimen>
    <dimen name="x867">1340.64dp</dimen>
    <dimen name="x868">1342.19dp</dimen>
    <dimen name="x869">1343.73dp</dimen>
    <dimen name="x870">1345.28dp</dimen>
    <dimen name="x871">1346.82dp</dimen>
    <dimen name="x872">1348.37dp</dimen>
    <dimen name="x873">1349.92dp</dimen>
    <dimen name="x874">1351.46dp</dimen>
    <dimen name="x875">1353.01dp</dimen>
    <dimen name="x876">1354.56dp</dimen>
    <dimen name="x877">1356.10dp</dimen>
    <dimen name="x878">1357.65dp</dimen>
    <dimen name="x879">1359.19dp</dimen>
    <dimen name="x880">1360.74dp</dimen>
    <dimen name="x881">1362.29dp</dimen>
    <dimen name="x882">1363.83dp</dimen>
    <dimen name="x883">1365.38dp</dimen>
    <dimen name="x884">1366.93dp</dimen>
    <dimen name="x885">1368.47dp</dimen>
    <dimen name="x886">1370.02dp</dimen>
    <dimen name="x887">1371.56dp</dimen>
    <dimen name="x888">1373.11dp</dimen>
    <dimen name="x889">1374.66dp</dimen>
    <dimen name="x890">1376.20dp</dimen>
    <dimen name="x891">1377.75dp</dimen>
    <dimen name="x892">1379.30dp</dimen>
    <dimen name="x893">1380.84dp</dimen>
    <dimen name="x894">1382.39dp</dimen>
    <dimen name="x895">1383.94dp</dimen>
    <dimen name="x896">1385.48dp</dimen>
    <dimen name="x897">1387.03dp</dimen>
    <dimen name="x898">1388.57dp</dimen>
    <dimen name="x899">1390.12dp</dimen>
    <dimen name="x900">1391.67dp</dimen>
    <dimen name="x901">1393.21dp</dimen>
    <dimen name="x902">1394.76dp</dimen>
    <dimen name="x903">1396.31dp</dimen>
    <dimen name="x904">1397.85dp</dimen>
    <dimen name="x905">1399.40dp</dimen>
    <dimen name="x906">1400.94dp</dimen>
    <dimen name="x907">1402.49dp</dimen>
    <dimen name="x908">1404.04dp</dimen>
    <dimen name="x909">1405.58dp</dimen>
    <dimen name="x910">1407.13dp</dimen>
    <dimen name="x911">1408.68dp</dimen>
    <dimen name="x912">1410.22dp</dimen>
    <dimen name="x913">1411.77dp</dimen>
    <dimen name="x914">1413.31dp</dimen>
    <dimen name="x915">1414.86dp</dimen>
    <dimen name="x916">1416.41dp</dimen>
    <dimen name="x917">1417.95dp</dimen>
    <dimen name="x918">1419.50dp</dimen>
    <dimen name="x919">1421.05dp</dimen>
    <dimen name="x920">1422.59dp</dimen>
    <dimen name="x921">1424.14dp</dimen>
    <dimen name="x922">1425.69dp</dimen>
    <dimen name="x923">1427.23dp</dimen>
    <dimen name="x924">1428.78dp</dimen>
    <dimen name="x925">1430.32dp</dimen>
    <dimen name="x926">1431.87dp</dimen>
    <dimen name="x927">1433.42dp</dimen>
    <dimen name="x928">1434.96dp</dimen>
    <dimen name="x929">1436.51dp</dimen>
    <dimen name="x930">1438.06dp</dimen>
    <dimen name="x931">1439.60dp</dimen>
    <dimen name="x932">1441.15dp</dimen>
    <dimen name="x933">1442.69dp</dimen>
    <dimen name="x934">1444.24dp</dimen>
    <dimen name="x935">1445.79dp</dimen>
    <dimen name="x936">1447.33dp</dimen>
    <dimen name="x937">1448.88dp</dimen>
    <dimen name="x938">1450.43dp</dimen>
    <dimen name="x939">1451.97dp</dimen>
    <dimen name="x940">1453.52dp</dimen>
    <dimen name="x941">1455.06dp</dimen>
    <dimen name="x942">1456.61dp</dimen>
    <dimen name="x943">1458.16dp</dimen>
    <dimen name="x944">1459.70dp</dimen>
    <dimen name="x945">1461.25dp</dimen>
    <dimen name="x946">1462.80dp</dimen>
    <dimen name="x947">1464.34dp</dimen>
    <dimen name="x948">1465.89dp</dimen>
    <dimen name="x949">1467.44dp</dimen>
    <dimen name="x950">1468.98dp</dimen>
    <dimen name="x951">1470.53dp</dimen>
    <dimen name="x952">1472.07dp</dimen>
    <dimen name="x953">1473.62dp</dimen>
    <dimen name="x954">1475.17dp</dimen>
    <dimen name="x955">1476.71dp</dimen>
    <dimen name="x956">1478.26dp</dimen>
    <dimen name="x957">1479.81dp</dimen>
    <dimen name="x958">1481.35dp</dimen>
    <dimen name="x959">1482.90dp</dimen>
    <dimen name="x960">1484.44dp</dimen>
    <dimen name="x961">1485.99dp</dimen>
    <dimen name="x962">1487.54dp</dimen>
    <dimen name="x963">1489.08dp</dimen>
    <dimen name="x964">1490.63dp</dimen>
    <dimen name="x965">1492.18dp</dimen>
    <dimen name="x966">1493.72dp</dimen>
    <dimen name="x967">1495.27dp</dimen>
    <dimen name="x968">1496.81dp</dimen>
    <dimen name="x969">1498.36dp</dimen>
    <dimen name="x970">1499.91dp</dimen>
    <dimen name="x971">1501.45dp</dimen>
    <dimen name="x972">1503.00dp</dimen>
    <dimen name="x973">1504.55dp</dimen>
    <dimen name="x974">1506.09dp</dimen>
    <dimen name="x975">1507.64dp</dimen>
    <dimen name="x976">1509.19dp</dimen>
    <dimen name="x977">1510.73dp</dimen>
    <dimen name="x978">1512.28dp</dimen>
    <dimen name="x979">1513.82dp</dimen>
    <dimen name="x980">1515.37dp</dimen>
    <dimen name="x981">1516.92dp</dimen>
    <dimen name="x982">1518.46dp</dimen>
    <dimen name="x983">1520.01dp</dimen>
    <dimen name="x984">1521.56dp</dimen>
    <dimen name="x985">1523.10dp</dimen>
    <dimen name="x986">1524.65dp</dimen>
    <dimen name="x987">1526.19dp</dimen>
    <dimen name="x988">1527.74dp</dimen>
    <dimen name="x989">1529.29dp</dimen>
    <dimen name="x990">1530.83dp</dimen>
    <dimen name="x991">1532.38dp</dimen>
    <dimen name="x992">1533.93dp</dimen>
    <dimen name="x993">1535.47dp</dimen>
    <dimen name="x994">1537.02dp</dimen>
    <dimen name="x995">1538.56dp</dimen>
    <dimen name="x996">1540.11dp</dimen>
    <dimen name="x997">1541.66dp</dimen>
    <dimen name="x998">1543.20dp</dimen>
    <dimen name="x999">1544.75dp</dimen>
    <dimen name="x1000">1546.30dp</dimen>
    <dimen name="x1001">1547.84dp</dimen>
    <dimen name="x1002">1549.39dp</dimen>
    <dimen name="x1003">1550.94dp</dimen>
    <dimen name="x1004">1552.48dp</dimen>
    <dimen name="x1005">1554.03dp</dimen>
    <dimen name="x1006">1555.57dp</dimen>
    <dimen name="x1007">1557.12dp</dimen>
    <dimen name="x1008">1558.67dp</dimen>
    <dimen name="x1009">1560.21dp</dimen>
    <dimen name="x1010">1561.76dp</dimen>
    <dimen name="x1011">1563.31dp</dimen>
    <dimen name="x1012">1564.85dp</dimen>
    <dimen name="x1013">1566.40dp</dimen>
    <dimen name="x1014">1567.94dp</dimen>
    <dimen name="x1015">1569.49dp</dimen>
    <dimen name="x1016">1571.04dp</dimen>
    <dimen name="x1017">1572.58dp</dimen>
    <dimen name="x1018">1574.13dp</dimen>
    <dimen name="x1019">1575.68dp</dimen>
    <dimen name="x1020">1577.22dp</dimen>
    <dimen name="x1021">1578.77dp</dimen>
    <dimen name="x1022">1580.31dp</dimen>
    <dimen name="x1023">1581.86dp</dimen>
    <dimen name="x1024">1583.41dp</dimen>
    <dimen name="x1025">1584.95dp</dimen>
    <dimen name="x1026">1586.50dp</dimen>
    <dimen name="x1027">1588.05dp</dimen>
    <dimen name="x1028">1589.59dp</dimen>
    <dimen name="x1029">1591.14dp</dimen>
    <dimen name="x1030">1592.69dp</dimen>
    <dimen name="x1031">1594.23dp</dimen>
    <dimen name="x1032">1595.78dp</dimen>
    <dimen name="x1033">1597.32dp</dimen>
    <dimen name="x1034">1598.87dp</dimen>
    <dimen name="x1035">1600.42dp</dimen>
    <dimen name="x1036">1601.96dp</dimen>
    <dimen name="x1037">1603.51dp</dimen>
    <dimen name="x1038">1605.06dp</dimen>
    <dimen name="x1039">1606.60dp</dimen>
    <dimen name="x1040">1608.15dp</dimen>
    <dimen name="x1041">1609.69dp</dimen>
    <dimen name="x1042">1611.24dp</dimen>
    <dimen name="x1043">1612.79dp</dimen>
    <dimen name="x1044">1614.33dp</dimen>
    <dimen name="x1045">1615.88dp</dimen>
    <dimen name="x1046">1617.43dp</dimen>
    <dimen name="x1047">1618.97dp</dimen>
    <dimen name="x1048">1620.52dp</dimen>
    <dimen name="x1049">1622.06dp</dimen>
    <dimen name="x1050">1623.61dp</dimen>
    <dimen name="x1051">1625.16dp</dimen>
    <dimen name="x1052">1626.70dp</dimen>
    <dimen name="x1053">1628.25dp</dimen>
    <dimen name="x1054">1629.80dp</dimen>
    <dimen name="x1055">1631.34dp</dimen>
    <dimen name="x1056">1632.89dp</dimen>
    <dimen name="x1057">1634.44dp</dimen>
    <dimen name="x1058">1635.98dp</dimen>
    <dimen name="x1059">1637.53dp</dimen>
    <dimen name="x1060">1639.07dp</dimen>
    <dimen name="x1061">1640.62dp</dimen>
    <dimen name="x1062">1642.17dp</dimen>
    <dimen name="x1063">1643.71dp</dimen>
    <dimen name="x1064">1645.26dp</dimen>
    <dimen name="x1065">1646.81dp</dimen>
    <dimen name="x1066">1648.35dp</dimen>
    <dimen name="x1067">1649.90dp</dimen>
    <dimen name="x1068">1651.44dp</dimen>
    <dimen name="x1069">1652.99dp</dimen>
    <dimen name="x1070">1654.54dp</dimen>
    <dimen name="x1071">1656.08dp</dimen>
    <dimen name="x1072">1657.63dp</dimen>
    <dimen name="x1073">1659.18dp</dimen>
    <dimen name="x1074">1660.72dp</dimen>
    <dimen name="x1075">1662.27dp</dimen>
    <dimen name="x1076">1663.81dp</dimen>
    <dimen name="x1077">1665.36dp</dimen>
    <dimen name="x1078">1666.91dp</dimen>
    <dimen name="x1079">1668.45dp</dimen>
    <dimen name="x1080">1670.00dp</dimen>
</resources>