<?xml version="1.0" encoding="utf-8"?>
<resources>
    <string name="sw_dp">1710dp</string>
    <dimen name="x1">1.58dp</dimen>
    <dimen name="x2">3.17dp</dimen>
    <dimen name="x3">4.75dp</dimen>
    <dimen name="x4">6.33dp</dimen>
    <dimen name="x5">7.92dp</dimen>
    <dimen name="x6">9.50dp</dimen>
    <dimen name="x7">11.08dp</dimen>
    <dimen name="x8">12.67dp</dimen>
    <dimen name="x9">14.25dp</dimen>
    <dimen name="x10">15.83dp</dimen>
    <dimen name="x11">17.42dp</dimen>
    <dimen name="x12">19.00dp</dimen>
    <dimen name="x13">20.58dp</dimen>
    <dimen name="x14">22.17dp</dimen>
    <dimen name="x15">23.75dp</dimen>
    <dimen name="x16">25.33dp</dimen>
    <dimen name="x17">26.92dp</dimen>
    <dimen name="x18">28.50dp</dimen>
    <dimen name="x19">30.08dp</dimen>
    <dimen name="x20">31.67dp</dimen>
    <dimen name="x21">33.25dp</dimen>
    <dimen name="x22">34.83dp</dimen>
    <dimen name="x23">36.42dp</dimen>
    <dimen name="x24">38.00dp</dimen>
    <dimen name="x25">39.58dp</dimen>
    <dimen name="x26">41.17dp</dimen>
    <dimen name="x27">42.75dp</dimen>
    <dimen name="x28">44.33dp</dimen>
    <dimen name="x29">45.92dp</dimen>
    <dimen name="x30">47.50dp</dimen>
    <dimen name="x31">49.08dp</dimen>
    <dimen name="x32">50.67dp</dimen>
    <dimen name="x33">52.25dp</dimen>
    <dimen name="x34">53.83dp</dimen>
    <dimen name="x35">55.42dp</dimen>
    <dimen name="x36">57.00dp</dimen>
    <dimen name="x37">58.58dp</dimen>
    <dimen name="x38">60.17dp</dimen>
    <dimen name="x39">61.75dp</dimen>
    <dimen name="x40">63.33dp</dimen>
    <dimen name="x41">64.92dp</dimen>
    <dimen name="x42">66.50dp</dimen>
    <dimen name="x43">68.08dp</dimen>
    <dimen name="x44">69.67dp</dimen>
    <dimen name="x45">71.25dp</dimen>
    <dimen name="x46">72.83dp</dimen>
    <dimen name="x47">74.42dp</dimen>
    <dimen name="x48">76.00dp</dimen>
    <dimen name="x49">77.58dp</dimen>
    <dimen name="x50">79.17dp</dimen>
    <dimen name="x51">80.75dp</dimen>
    <dimen name="x52">82.33dp</dimen>
    <dimen name="x53">83.92dp</dimen>
    <dimen name="x54">85.50dp</dimen>
    <dimen name="x55">87.08dp</dimen>
    <dimen name="x56">88.67dp</dimen>
    <dimen name="x57">90.25dp</dimen>
    <dimen name="x58">91.83dp</dimen>
    <dimen name="x59">93.42dp</dimen>
    <dimen name="x60">95.00dp</dimen>
    <dimen name="x61">96.58dp</dimen>
    <dimen name="x62">98.17dp</dimen>
    <dimen name="x63">99.75dp</dimen>
    <dimen name="x64">101.33dp</dimen>
    <dimen name="x65">102.92dp</dimen>
    <dimen name="x66">104.50dp</dimen>
    <dimen name="x67">106.08dp</dimen>
    <dimen name="x68">107.67dp</dimen>
    <dimen name="x69">109.25dp</dimen>
    <dimen name="x70">110.83dp</dimen>
    <dimen name="x71">112.42dp</dimen>
    <dimen name="x72">114.00dp</dimen>
    <dimen name="x73">115.58dp</dimen>
    <dimen name="x74">117.17dp</dimen>
    <dimen name="x75">118.75dp</dimen>
    <dimen name="x76">120.33dp</dimen>
    <dimen name="x77">121.92dp</dimen>
    <dimen name="x78">123.50dp</dimen>
    <dimen name="x79">125.08dp</dimen>
    <dimen name="x80">126.67dp</dimen>
    <dimen name="x81">128.25dp</dimen>
    <dimen name="x82">129.83dp</dimen>
    <dimen name="x83">131.42dp</dimen>
    <dimen name="x84">133.00dp</dimen>
    <dimen name="x85">134.58dp</dimen>
    <dimen name="x86">136.17dp</dimen>
    <dimen name="x87">137.75dp</dimen>
    <dimen name="x88">139.33dp</dimen>
    <dimen name="x89">140.92dp</dimen>
    <dimen name="x90">142.50dp</dimen>
    <dimen name="x91">144.08dp</dimen>
    <dimen name="x92">145.67dp</dimen>
    <dimen name="x93">147.25dp</dimen>
    <dimen name="x94">148.83dp</dimen>
    <dimen name="x95">150.42dp</dimen>
    <dimen name="x96">152.00dp</dimen>
    <dimen name="x97">153.58dp</dimen>
    <dimen name="x98">155.17dp</dimen>
    <dimen name="x99">156.75dp</dimen>
    <dimen name="x100">158.33dp</dimen>
    <dimen name="x101">159.92dp</dimen>
    <dimen name="x102">161.50dp</dimen>
    <dimen name="x103">163.08dp</dimen>
    <dimen name="x104">164.67dp</dimen>
    <dimen name="x105">166.25dp</dimen>
    <dimen name="x106">167.83dp</dimen>
    <dimen name="x107">169.42dp</dimen>
    <dimen name="x108">171.00dp</dimen>
    <dimen name="x109">172.58dp</dimen>
    <dimen name="x110">174.17dp</dimen>
    <dimen name="x111">175.75dp</dimen>
    <dimen name="x112">177.33dp</dimen>
    <dimen name="x113">178.92dp</dimen>
    <dimen name="x114">180.50dp</dimen>
    <dimen name="x115">182.08dp</dimen>
    <dimen name="x116">183.67dp</dimen>
    <dimen name="x117">185.25dp</dimen>
    <dimen name="x118">186.83dp</dimen>
    <dimen name="x119">188.42dp</dimen>
    <dimen name="x120">190.00dp</dimen>
    <dimen name="x121">191.58dp</dimen>
    <dimen name="x122">193.17dp</dimen>
    <dimen name="x123">194.75dp</dimen>
    <dimen name="x124">196.33dp</dimen>
    <dimen name="x125">197.92dp</dimen>
    <dimen name="x126">199.50dp</dimen>
    <dimen name="x127">201.08dp</dimen>
    <dimen name="x128">202.67dp</dimen>
    <dimen name="x129">204.25dp</dimen>
    <dimen name="x130">205.83dp</dimen>
    <dimen name="x131">207.42dp</dimen>
    <dimen name="x132">209.00dp</dimen>
    <dimen name="x133">210.58dp</dimen>
    <dimen name="x134">212.17dp</dimen>
    <dimen name="x135">213.75dp</dimen>
    <dimen name="x136">215.33dp</dimen>
    <dimen name="x137">216.92dp</dimen>
    <dimen name="x138">218.50dp</dimen>
    <dimen name="x139">220.08dp</dimen>
    <dimen name="x140">221.67dp</dimen>
    <dimen name="x141">223.25dp</dimen>
    <dimen name="x142">224.83dp</dimen>
    <dimen name="x143">226.42dp</dimen>
    <dimen name="x144">228.00dp</dimen>
    <dimen name="x145">229.58dp</dimen>
    <dimen name="x146">231.17dp</dimen>
    <dimen name="x147">232.75dp</dimen>
    <dimen name="x148">234.33dp</dimen>
    <dimen name="x149">235.92dp</dimen>
    <dimen name="x150">237.50dp</dimen>
    <dimen name="x151">239.08dp</dimen>
    <dimen name="x152">240.67dp</dimen>
    <dimen name="x153">242.25dp</dimen>
    <dimen name="x154">243.83dp</dimen>
    <dimen name="x155">245.42dp</dimen>
    <dimen name="x156">247.00dp</dimen>
    <dimen name="x157">248.58dp</dimen>
    <dimen name="x158">250.17dp</dimen>
    <dimen name="x159">251.75dp</dimen>
    <dimen name="x160">253.33dp</dimen>
    <dimen name="x161">254.92dp</dimen>
    <dimen name="x162">256.50dp</dimen>
    <dimen name="x163">258.08dp</dimen>
    <dimen name="x164">259.67dp</dimen>
    <dimen name="x165">261.25dp</dimen>
    <dimen name="x166">262.83dp</dimen>
    <dimen name="x167">264.42dp</dimen>
    <dimen name="x168">266.00dp</dimen>
    <dimen name="x169">267.58dp</dimen>
    <dimen name="x170">269.17dp</dimen>
    <dimen name="x171">270.75dp</dimen>
    <dimen name="x172">272.33dp</dimen>
    <dimen name="x173">273.92dp</dimen>
    <dimen name="x174">275.50dp</dimen>
    <dimen name="x175">277.08dp</dimen>
    <dimen name="x176">278.67dp</dimen>
    <dimen name="x177">280.25dp</dimen>
    <dimen name="x178">281.83dp</dimen>
    <dimen name="x179">283.42dp</dimen>
    <dimen name="x180">285.00dp</dimen>
    <dimen name="x181">286.58dp</dimen>
    <dimen name="x182">288.17dp</dimen>
    <dimen name="x183">289.75dp</dimen>
    <dimen name="x184">291.33dp</dimen>
    <dimen name="x185">292.92dp</dimen>
    <dimen name="x186">294.50dp</dimen>
    <dimen name="x187">296.08dp</dimen>
    <dimen name="x188">297.67dp</dimen>
    <dimen name="x189">299.25dp</dimen>
    <dimen name="x190">300.83dp</dimen>
    <dimen name="x191">302.42dp</dimen>
    <dimen name="x192">304.00dp</dimen>
    <dimen name="x193">305.58dp</dimen>
    <dimen name="x194">307.17dp</dimen>
    <dimen name="x195">308.75dp</dimen>
    <dimen name="x196">310.33dp</dimen>
    <dimen name="x197">311.92dp</dimen>
    <dimen name="x198">313.50dp</dimen>
    <dimen name="x199">315.08dp</dimen>
    <dimen name="x200">316.67dp</dimen>
    <dimen name="x201">318.25dp</dimen>
    <dimen name="x202">319.83dp</dimen>
    <dimen name="x203">321.42dp</dimen>
    <dimen name="x204">323.00dp</dimen>
    <dimen name="x205">324.58dp</dimen>
    <dimen name="x206">326.17dp</dimen>
    <dimen name="x207">327.75dp</dimen>
    <dimen name="x208">329.33dp</dimen>
    <dimen name="x209">330.92dp</dimen>
    <dimen name="x210">332.50dp</dimen>
    <dimen name="x211">334.08dp</dimen>
    <dimen name="x212">335.67dp</dimen>
    <dimen name="x213">337.25dp</dimen>
    <dimen name="x214">338.83dp</dimen>
    <dimen name="x215">340.42dp</dimen>
    <dimen name="x216">342.00dp</dimen>
    <dimen name="x217">343.58dp</dimen>
    <dimen name="x218">345.17dp</dimen>
    <dimen name="x219">346.75dp</dimen>
    <dimen name="x220">348.33dp</dimen>
    <dimen name="x221">349.92dp</dimen>
    <dimen name="x222">351.50dp</dimen>
    <dimen name="x223">353.08dp</dimen>
    <dimen name="x224">354.67dp</dimen>
    <dimen name="x225">356.25dp</dimen>
    <dimen name="x226">357.83dp</dimen>
    <dimen name="x227">359.42dp</dimen>
    <dimen name="x228">361.00dp</dimen>
    <dimen name="x229">362.58dp</dimen>
    <dimen name="x230">364.17dp</dimen>
    <dimen name="x231">365.75dp</dimen>
    <dimen name="x232">367.33dp</dimen>
    <dimen name="x233">368.92dp</dimen>
    <dimen name="x234">370.50dp</dimen>
    <dimen name="x235">372.08dp</dimen>
    <dimen name="x236">373.67dp</dimen>
    <dimen name="x237">375.25dp</dimen>
    <dimen name="x238">376.83dp</dimen>
    <dimen name="x239">378.42dp</dimen>
    <dimen name="x240">380.00dp</dimen>
    <dimen name="x241">381.58dp</dimen>
    <dimen name="x242">383.17dp</dimen>
    <dimen name="x243">384.75dp</dimen>
    <dimen name="x244">386.33dp</dimen>
    <dimen name="x245">387.92dp</dimen>
    <dimen name="x246">389.50dp</dimen>
    <dimen name="x247">391.08dp</dimen>
    <dimen name="x248">392.67dp</dimen>
    <dimen name="x249">394.25dp</dimen>
    <dimen name="x250">395.83dp</dimen>
    <dimen name="x251">397.42dp</dimen>
    <dimen name="x252">399.00dp</dimen>
    <dimen name="x253">400.58dp</dimen>
    <dimen name="x254">402.17dp</dimen>
    <dimen name="x255">403.75dp</dimen>
    <dimen name="x256">405.33dp</dimen>
    <dimen name="x257">406.92dp</dimen>
    <dimen name="x258">408.50dp</dimen>
    <dimen name="x259">410.08dp</dimen>
    <dimen name="x260">411.67dp</dimen>
    <dimen name="x261">413.25dp</dimen>
    <dimen name="x262">414.83dp</dimen>
    <dimen name="x263">416.42dp</dimen>
    <dimen name="x264">418.00dp</dimen>
    <dimen name="x265">419.58dp</dimen>
    <dimen name="x266">421.17dp</dimen>
    <dimen name="x267">422.75dp</dimen>
    <dimen name="x268">424.33dp</dimen>
    <dimen name="x269">425.92dp</dimen>
    <dimen name="x270">427.50dp</dimen>
    <dimen name="x271">429.08dp</dimen>
    <dimen name="x272">430.67dp</dimen>
    <dimen name="x273">432.25dp</dimen>
    <dimen name="x274">433.83dp</dimen>
    <dimen name="x275">435.42dp</dimen>
    <dimen name="x276">437.00dp</dimen>
    <dimen name="x277">438.58dp</dimen>
    <dimen name="x278">440.17dp</dimen>
    <dimen name="x279">441.75dp</dimen>
    <dimen name="x280">443.33dp</dimen>
    <dimen name="x281">444.92dp</dimen>
    <dimen name="x282">446.50dp</dimen>
    <dimen name="x283">448.08dp</dimen>
    <dimen name="x284">449.67dp</dimen>
    <dimen name="x285">451.25dp</dimen>
    <dimen name="x286">452.83dp</dimen>
    <dimen name="x287">454.42dp</dimen>
    <dimen name="x288">456.00dp</dimen>
    <dimen name="x289">457.58dp</dimen>
    <dimen name="x290">459.17dp</dimen>
    <dimen name="x291">460.75dp</dimen>
    <dimen name="x292">462.33dp</dimen>
    <dimen name="x293">463.92dp</dimen>
    <dimen name="x294">465.50dp</dimen>
    <dimen name="x295">467.08dp</dimen>
    <dimen name="x296">468.67dp</dimen>
    <dimen name="x297">470.25dp</dimen>
    <dimen name="x298">471.83dp</dimen>
    <dimen name="x299">473.42dp</dimen>
    <dimen name="x300">475.00dp</dimen>
    <dimen name="x301">476.58dp</dimen>
    <dimen name="x302">478.17dp</dimen>
    <dimen name="x303">479.75dp</dimen>
    <dimen name="x304">481.33dp</dimen>
    <dimen name="x305">482.92dp</dimen>
    <dimen name="x306">484.50dp</dimen>
    <dimen name="x307">486.08dp</dimen>
    <dimen name="x308">487.67dp</dimen>
    <dimen name="x309">489.25dp</dimen>
    <dimen name="x310">490.83dp</dimen>
    <dimen name="x311">492.42dp</dimen>
    <dimen name="x312">494.00dp</dimen>
    <dimen name="x313">495.58dp</dimen>
    <dimen name="x314">497.17dp</dimen>
    <dimen name="x315">498.75dp</dimen>
    <dimen name="x316">500.33dp</dimen>
    <dimen name="x317">501.92dp</dimen>
    <dimen name="x318">503.50dp</dimen>
    <dimen name="x319">505.08dp</dimen>
    <dimen name="x320">506.67dp</dimen>
    <dimen name="x321">508.25dp</dimen>
    <dimen name="x322">509.83dp</dimen>
    <dimen name="x323">511.42dp</dimen>
    <dimen name="x324">513.00dp</dimen>
    <dimen name="x325">514.58dp</dimen>
    <dimen name="x326">516.17dp</dimen>
    <dimen name="x327">517.75dp</dimen>
    <dimen name="x328">519.33dp</dimen>
    <dimen name="x329">520.92dp</dimen>
    <dimen name="x330">522.50dp</dimen>
    <dimen name="x331">524.08dp</dimen>
    <dimen name="x332">525.67dp</dimen>
    <dimen name="x333">527.25dp</dimen>
    <dimen name="x334">528.83dp</dimen>
    <dimen name="x335">530.42dp</dimen>
    <dimen name="x336">532.00dp</dimen>
    <dimen name="x337">533.58dp</dimen>
    <dimen name="x338">535.17dp</dimen>
    <dimen name="x339">536.75dp</dimen>
    <dimen name="x340">538.33dp</dimen>
    <dimen name="x341">539.92dp</dimen>
    <dimen name="x342">541.50dp</dimen>
    <dimen name="x343">543.08dp</dimen>
    <dimen name="x344">544.67dp</dimen>
    <dimen name="x345">546.25dp</dimen>
    <dimen name="x346">547.83dp</dimen>
    <dimen name="x347">549.42dp</dimen>
    <dimen name="x348">551.00dp</dimen>
    <dimen name="x349">552.58dp</dimen>
    <dimen name="x350">554.17dp</dimen>
    <dimen name="x351">555.75dp</dimen>
    <dimen name="x352">557.33dp</dimen>
    <dimen name="x353">558.92dp</dimen>
    <dimen name="x354">560.50dp</dimen>
    <dimen name="x355">562.08dp</dimen>
    <dimen name="x356">563.67dp</dimen>
    <dimen name="x357">565.25dp</dimen>
    <dimen name="x358">566.83dp</dimen>
    <dimen name="x359">568.42dp</dimen>
    <dimen name="x360">570.00dp</dimen>
    <dimen name="x361">571.58dp</dimen>
    <dimen name="x362">573.17dp</dimen>
    <dimen name="x363">574.75dp</dimen>
    <dimen name="x364">576.33dp</dimen>
    <dimen name="x365">577.92dp</dimen>
    <dimen name="x366">579.50dp</dimen>
    <dimen name="x367">581.08dp</dimen>
    <dimen name="x368">582.67dp</dimen>
    <dimen name="x369">584.25dp</dimen>
    <dimen name="x370">585.83dp</dimen>
    <dimen name="x371">587.42dp</dimen>
    <dimen name="x372">589.00dp</dimen>
    <dimen name="x373">590.58dp</dimen>
    <dimen name="x374">592.17dp</dimen>
    <dimen name="x375">593.75dp</dimen>
    <dimen name="x376">595.33dp</dimen>
    <dimen name="x377">596.92dp</dimen>
    <dimen name="x378">598.50dp</dimen>
    <dimen name="x379">600.08dp</dimen>
    <dimen name="x380">601.67dp</dimen>
    <dimen name="x381">603.25dp</dimen>
    <dimen name="x382">604.83dp</dimen>
    <dimen name="x383">606.42dp</dimen>
    <dimen name="x384">608.00dp</dimen>
    <dimen name="x385">609.58dp</dimen>
    <dimen name="x386">611.17dp</dimen>
    <dimen name="x387">612.75dp</dimen>
    <dimen name="x388">614.33dp</dimen>
    <dimen name="x389">615.92dp</dimen>
    <dimen name="x390">617.50dp</dimen>
    <dimen name="x391">619.08dp</dimen>
    <dimen name="x392">620.67dp</dimen>
    <dimen name="x393">622.25dp</dimen>
    <dimen name="x394">623.83dp</dimen>
    <dimen name="x395">625.42dp</dimen>
    <dimen name="x396">627.00dp</dimen>
    <dimen name="x397">628.58dp</dimen>
    <dimen name="x398">630.17dp</dimen>
    <dimen name="x399">631.75dp</dimen>
    <dimen name="x400">633.33dp</dimen>
    <dimen name="x401">634.92dp</dimen>
    <dimen name="x402">636.50dp</dimen>
    <dimen name="x403">638.08dp</dimen>
    <dimen name="x404">639.67dp</dimen>
    <dimen name="x405">641.25dp</dimen>
    <dimen name="x406">642.83dp</dimen>
    <dimen name="x407">644.42dp</dimen>
    <dimen name="x408">646.00dp</dimen>
    <dimen name="x409">647.58dp</dimen>
    <dimen name="x410">649.17dp</dimen>
    <dimen name="x411">650.75dp</dimen>
    <dimen name="x412">652.33dp</dimen>
    <dimen name="x413">653.92dp</dimen>
    <dimen name="x414">655.50dp</dimen>
    <dimen name="x415">657.08dp</dimen>
    <dimen name="x416">658.67dp</dimen>
    <dimen name="x417">660.25dp</dimen>
    <dimen name="x418">661.83dp</dimen>
    <dimen name="x419">663.42dp</dimen>
    <dimen name="x420">665.00dp</dimen>
    <dimen name="x421">666.58dp</dimen>
    <dimen name="x422">668.17dp</dimen>
    <dimen name="x423">669.75dp</dimen>
    <dimen name="x424">671.33dp</dimen>
    <dimen name="x425">672.92dp</dimen>
    <dimen name="x426">674.50dp</dimen>
    <dimen name="x427">676.08dp</dimen>
    <dimen name="x428">677.67dp</dimen>
    <dimen name="x429">679.25dp</dimen>
    <dimen name="x430">680.83dp</dimen>
    <dimen name="x431">682.42dp</dimen>
    <dimen name="x432">684.00dp</dimen>
    <dimen name="x433">685.58dp</dimen>
    <dimen name="x434">687.17dp</dimen>
    <dimen name="x435">688.75dp</dimen>
    <dimen name="x436">690.33dp</dimen>
    <dimen name="x437">691.92dp</dimen>
    <dimen name="x438">693.50dp</dimen>
    <dimen name="x439">695.08dp</dimen>
    <dimen name="x440">696.67dp</dimen>
    <dimen name="x441">698.25dp</dimen>
    <dimen name="x442">699.83dp</dimen>
    <dimen name="x443">701.42dp</dimen>
    <dimen name="x444">703.00dp</dimen>
    <dimen name="x445">704.58dp</dimen>
    <dimen name="x446">706.17dp</dimen>
    <dimen name="x447">707.75dp</dimen>
    <dimen name="x448">709.33dp</dimen>
    <dimen name="x449">710.92dp</dimen>
    <dimen name="x450">712.50dp</dimen>
    <dimen name="x451">714.08dp</dimen>
    <dimen name="x452">715.67dp</dimen>
    <dimen name="x453">717.25dp</dimen>
    <dimen name="x454">718.83dp</dimen>
    <dimen name="x455">720.42dp</dimen>
    <dimen name="x456">722.00dp</dimen>
    <dimen name="x457">723.58dp</dimen>
    <dimen name="x458">725.17dp</dimen>
    <dimen name="x459">726.75dp</dimen>
    <dimen name="x460">728.33dp</dimen>
    <dimen name="x461">729.92dp</dimen>
    <dimen name="x462">731.50dp</dimen>
    <dimen name="x463">733.08dp</dimen>
    <dimen name="x464">734.67dp</dimen>
    <dimen name="x465">736.25dp</dimen>
    <dimen name="x466">737.83dp</dimen>
    <dimen name="x467">739.42dp</dimen>
    <dimen name="x468">741.00dp</dimen>
    <dimen name="x469">742.58dp</dimen>
    <dimen name="x470">744.17dp</dimen>
    <dimen name="x471">745.75dp</dimen>
    <dimen name="x472">747.33dp</dimen>
    <dimen name="x473">748.92dp</dimen>
    <dimen name="x474">750.50dp</dimen>
    <dimen name="x475">752.08dp</dimen>
    <dimen name="x476">753.67dp</dimen>
    <dimen name="x477">755.25dp</dimen>
    <dimen name="x478">756.83dp</dimen>
    <dimen name="x479">758.42dp</dimen>
    <dimen name="x480">760.00dp</dimen>
    <dimen name="x481">761.58dp</dimen>
    <dimen name="x482">763.17dp</dimen>
    <dimen name="x483">764.75dp</dimen>
    <dimen name="x484">766.33dp</dimen>
    <dimen name="x485">767.92dp</dimen>
    <dimen name="x486">769.50dp</dimen>
    <dimen name="x487">771.08dp</dimen>
    <dimen name="x488">772.67dp</dimen>
    <dimen name="x489">774.25dp</dimen>
    <dimen name="x490">775.83dp</dimen>
    <dimen name="x491">777.42dp</dimen>
    <dimen name="x492">779.00dp</dimen>
    <dimen name="x493">780.58dp</dimen>
    <dimen name="x494">782.17dp</dimen>
    <dimen name="x495">783.75dp</dimen>
    <dimen name="x496">785.33dp</dimen>
    <dimen name="x497">786.92dp</dimen>
    <dimen name="x498">788.50dp</dimen>
    <dimen name="x499">790.08dp</dimen>
    <dimen name="x500">791.67dp</dimen>
    <dimen name="x501">793.25dp</dimen>
    <dimen name="x502">794.83dp</dimen>
    <dimen name="x503">796.42dp</dimen>
    <dimen name="x504">798.00dp</dimen>
    <dimen name="x505">799.58dp</dimen>
    <dimen name="x506">801.17dp</dimen>
    <dimen name="x507">802.75dp</dimen>
    <dimen name="x508">804.33dp</dimen>
    <dimen name="x509">805.92dp</dimen>
    <dimen name="x510">807.50dp</dimen>
    <dimen name="x511">809.08dp</dimen>
    <dimen name="x512">810.67dp</dimen>
    <dimen name="x513">812.25dp</dimen>
    <dimen name="x514">813.83dp</dimen>
    <dimen name="x515">815.42dp</dimen>
    <dimen name="x516">817.00dp</dimen>
    <dimen name="x517">818.58dp</dimen>
    <dimen name="x518">820.17dp</dimen>
    <dimen name="x519">821.75dp</dimen>
    <dimen name="x520">823.33dp</dimen>
    <dimen name="x521">824.92dp</dimen>
    <dimen name="x522">826.50dp</dimen>
    <dimen name="x523">828.08dp</dimen>
    <dimen name="x524">829.67dp</dimen>
    <dimen name="x525">831.25dp</dimen>
    <dimen name="x526">832.83dp</dimen>
    <dimen name="x527">834.42dp</dimen>
    <dimen name="x528">836.00dp</dimen>
    <dimen name="x529">837.58dp</dimen>
    <dimen name="x530">839.17dp</dimen>
    <dimen name="x531">840.75dp</dimen>
    <dimen name="x532">842.33dp</dimen>
    <dimen name="x533">843.92dp</dimen>
    <dimen name="x534">845.50dp</dimen>
    <dimen name="x535">847.08dp</dimen>
    <dimen name="x536">848.67dp</dimen>
    <dimen name="x537">850.25dp</dimen>
    <dimen name="x538">851.83dp</dimen>
    <dimen name="x539">853.42dp</dimen>
    <dimen name="x540">855.00dp</dimen>
    <dimen name="x541">856.58dp</dimen>
    <dimen name="x542">858.17dp</dimen>
    <dimen name="x543">859.75dp</dimen>
    <dimen name="x544">861.33dp</dimen>
    <dimen name="x545">862.92dp</dimen>
    <dimen name="x546">864.50dp</dimen>
    <dimen name="x547">866.08dp</dimen>
    <dimen name="x548">867.67dp</dimen>
    <dimen name="x549">869.25dp</dimen>
    <dimen name="x550">870.83dp</dimen>
    <dimen name="x551">872.42dp</dimen>
    <dimen name="x552">874.00dp</dimen>
    <dimen name="x553">875.58dp</dimen>
    <dimen name="x554">877.17dp</dimen>
    <dimen name="x555">878.75dp</dimen>
    <dimen name="x556">880.33dp</dimen>
    <dimen name="x557">881.92dp</dimen>
    <dimen name="x558">883.50dp</dimen>
    <dimen name="x559">885.08dp</dimen>
    <dimen name="x560">886.67dp</dimen>
    <dimen name="x561">888.25dp</dimen>
    <dimen name="x562">889.83dp</dimen>
    <dimen name="x563">891.42dp</dimen>
    <dimen name="x564">893.00dp</dimen>
    <dimen name="x565">894.58dp</dimen>
    <dimen name="x566">896.17dp</dimen>
    <dimen name="x567">897.75dp</dimen>
    <dimen name="x568">899.33dp</dimen>
    <dimen name="x569">900.92dp</dimen>
    <dimen name="x570">902.50dp</dimen>
    <dimen name="x571">904.08dp</dimen>
    <dimen name="x572">905.67dp</dimen>
    <dimen name="x573">907.25dp</dimen>
    <dimen name="x574">908.83dp</dimen>
    <dimen name="x575">910.42dp</dimen>
    <dimen name="x576">912.00dp</dimen>
    <dimen name="x577">913.58dp</dimen>
    <dimen name="x578">915.17dp</dimen>
    <dimen name="x579">916.75dp</dimen>
    <dimen name="x580">918.33dp</dimen>
    <dimen name="x581">919.92dp</dimen>
    <dimen name="x582">921.50dp</dimen>
    <dimen name="x583">923.08dp</dimen>
    <dimen name="x584">924.67dp</dimen>
    <dimen name="x585">926.25dp</dimen>
    <dimen name="x586">927.83dp</dimen>
    <dimen name="x587">929.42dp</dimen>
    <dimen name="x588">931.00dp</dimen>
    <dimen name="x589">932.58dp</dimen>
    <dimen name="x590">934.17dp</dimen>
    <dimen name="x591">935.75dp</dimen>
    <dimen name="x592">937.33dp</dimen>
    <dimen name="x593">938.92dp</dimen>
    <dimen name="x594">940.50dp</dimen>
    <dimen name="x595">942.08dp</dimen>
    <dimen name="x596">943.67dp</dimen>
    <dimen name="x597">945.25dp</dimen>
    <dimen name="x598">946.83dp</dimen>
    <dimen name="x599">948.42dp</dimen>
    <dimen name="x600">950.00dp</dimen>
    <dimen name="x601">951.58dp</dimen>
    <dimen name="x602">953.17dp</dimen>
    <dimen name="x603">954.75dp</dimen>
    <dimen name="x604">956.33dp</dimen>
    <dimen name="x605">957.92dp</dimen>
    <dimen name="x606">959.50dp</dimen>
    <dimen name="x607">961.08dp</dimen>
    <dimen name="x608">962.67dp</dimen>
    <dimen name="x609">964.25dp</dimen>
    <dimen name="x610">965.83dp</dimen>
    <dimen name="x611">967.42dp</dimen>
    <dimen name="x612">969.00dp</dimen>
    <dimen name="x613">970.58dp</dimen>
    <dimen name="x614">972.17dp</dimen>
    <dimen name="x615">973.75dp</dimen>
    <dimen name="x616">975.33dp</dimen>
    <dimen name="x617">976.92dp</dimen>
    <dimen name="x618">978.50dp</dimen>
    <dimen name="x619">980.08dp</dimen>
    <dimen name="x620">981.67dp</dimen>
    <dimen name="x621">983.25dp</dimen>
    <dimen name="x622">984.83dp</dimen>
    <dimen name="x623">986.42dp</dimen>
    <dimen name="x624">988.00dp</dimen>
    <dimen name="x625">989.58dp</dimen>
    <dimen name="x626">991.17dp</dimen>
    <dimen name="x627">992.75dp</dimen>
    <dimen name="x628">994.33dp</dimen>
    <dimen name="x629">995.92dp</dimen>
    <dimen name="x630">997.50dp</dimen>
    <dimen name="x631">999.08dp</dimen>
    <dimen name="x632">1000.67dp</dimen>
    <dimen name="x633">1002.25dp</dimen>
    <dimen name="x634">1003.83dp</dimen>
    <dimen name="x635">1005.42dp</dimen>
    <dimen name="x636">1007.00dp</dimen>
    <dimen name="x637">1008.58dp</dimen>
    <dimen name="x638">1010.17dp</dimen>
    <dimen name="x639">1011.75dp</dimen>
    <dimen name="x640">1013.33dp</dimen>
    <dimen name="x641">1014.92dp</dimen>
    <dimen name="x642">1016.50dp</dimen>
    <dimen name="x643">1018.08dp</dimen>
    <dimen name="x644">1019.67dp</dimen>
    <dimen name="x645">1021.25dp</dimen>
    <dimen name="x646">1022.83dp</dimen>
    <dimen name="x647">1024.42dp</dimen>
    <dimen name="x648">1026.00dp</dimen>
    <dimen name="x649">1027.58dp</dimen>
    <dimen name="x650">1029.17dp</dimen>
    <dimen name="x651">1030.75dp</dimen>
    <dimen name="x652">1032.33dp</dimen>
    <dimen name="x653">1033.92dp</dimen>
    <dimen name="x654">1035.50dp</dimen>
    <dimen name="x655">1037.08dp</dimen>
    <dimen name="x656">1038.67dp</dimen>
    <dimen name="x657">1040.25dp</dimen>
    <dimen name="x658">1041.83dp</dimen>
    <dimen name="x659">1043.42dp</dimen>
    <dimen name="x660">1045.00dp</dimen>
    <dimen name="x661">1046.58dp</dimen>
    <dimen name="x662">1048.17dp</dimen>
    <dimen name="x663">1049.75dp</dimen>
    <dimen name="x664">1051.33dp</dimen>
    <dimen name="x665">1052.92dp</dimen>
    <dimen name="x666">1054.50dp</dimen>
    <dimen name="x667">1056.08dp</dimen>
    <dimen name="x668">1057.67dp</dimen>
    <dimen name="x669">1059.25dp</dimen>
    <dimen name="x670">1060.83dp</dimen>
    <dimen name="x671">1062.42dp</dimen>
    <dimen name="x672">1064.00dp</dimen>
    <dimen name="x673">1065.58dp</dimen>
    <dimen name="x674">1067.17dp</dimen>
    <dimen name="x675">1068.75dp</dimen>
    <dimen name="x676">1070.33dp</dimen>
    <dimen name="x677">1071.92dp</dimen>
    <dimen name="x678">1073.50dp</dimen>
    <dimen name="x679">1075.08dp</dimen>
    <dimen name="x680">1076.67dp</dimen>
    <dimen name="x681">1078.25dp</dimen>
    <dimen name="x682">1079.83dp</dimen>
    <dimen name="x683">1081.42dp</dimen>
    <dimen name="x684">1083.00dp</dimen>
    <dimen name="x685">1084.58dp</dimen>
    <dimen name="x686">1086.17dp</dimen>
    <dimen name="x687">1087.75dp</dimen>
    <dimen name="x688">1089.33dp</dimen>
    <dimen name="x689">1090.92dp</dimen>
    <dimen name="x690">1092.50dp</dimen>
    <dimen name="x691">1094.08dp</dimen>
    <dimen name="x692">1095.67dp</dimen>
    <dimen name="x693">1097.25dp</dimen>
    <dimen name="x694">1098.83dp</dimen>
    <dimen name="x695">1100.42dp</dimen>
    <dimen name="x696">1102.00dp</dimen>
    <dimen name="x697">1103.58dp</dimen>
    <dimen name="x698">1105.17dp</dimen>
    <dimen name="x699">1106.75dp</dimen>
    <dimen name="x700">1108.33dp</dimen>
    <dimen name="x701">1109.92dp</dimen>
    <dimen name="x702">1111.50dp</dimen>
    <dimen name="x703">1113.08dp</dimen>
    <dimen name="x704">1114.67dp</dimen>
    <dimen name="x705">1116.25dp</dimen>
    <dimen name="x706">1117.83dp</dimen>
    <dimen name="x707">1119.42dp</dimen>
    <dimen name="x708">1121.00dp</dimen>
    <dimen name="x709">1122.58dp</dimen>
    <dimen name="x710">1124.17dp</dimen>
    <dimen name="x711">1125.75dp</dimen>
    <dimen name="x712">1127.33dp</dimen>
    <dimen name="x713">1128.92dp</dimen>
    <dimen name="x714">1130.50dp</dimen>
    <dimen name="x715">1132.08dp</dimen>
    <dimen name="x716">1133.67dp</dimen>
    <dimen name="x717">1135.25dp</dimen>
    <dimen name="x718">1136.83dp</dimen>
    <dimen name="x719">1138.42dp</dimen>
    <dimen name="x720">1140.00dp</dimen>
    <dimen name="x721">1141.58dp</dimen>
    <dimen name="x722">1143.17dp</dimen>
    <dimen name="x723">1144.75dp</dimen>
    <dimen name="x724">1146.33dp</dimen>
    <dimen name="x725">1147.92dp</dimen>
    <dimen name="x726">1149.50dp</dimen>
    <dimen name="x727">1151.08dp</dimen>
    <dimen name="x728">1152.67dp</dimen>
    <dimen name="x729">1154.25dp</dimen>
    <dimen name="x730">1155.83dp</dimen>
    <dimen name="x731">1157.42dp</dimen>
    <dimen name="x732">1159.00dp</dimen>
    <dimen name="x733">1160.58dp</dimen>
    <dimen name="x734">1162.17dp</dimen>
    <dimen name="x735">1163.75dp</dimen>
    <dimen name="x736">1165.33dp</dimen>
    <dimen name="x737">1166.92dp</dimen>
    <dimen name="x738">1168.50dp</dimen>
    <dimen name="x739">1170.08dp</dimen>
    <dimen name="x740">1171.67dp</dimen>
    <dimen name="x741">1173.25dp</dimen>
    <dimen name="x742">1174.83dp</dimen>
    <dimen name="x743">1176.42dp</dimen>
    <dimen name="x744">1178.00dp</dimen>
    <dimen name="x745">1179.58dp</dimen>
    <dimen name="x746">1181.17dp</dimen>
    <dimen name="x747">1182.75dp</dimen>
    <dimen name="x748">1184.33dp</dimen>
    <dimen name="x749">1185.92dp</dimen>
    <dimen name="x750">1187.50dp</dimen>
    <dimen name="x751">1189.08dp</dimen>
    <dimen name="x752">1190.67dp</dimen>
    <dimen name="x753">1192.25dp</dimen>
    <dimen name="x754">1193.83dp</dimen>
    <dimen name="x755">1195.42dp</dimen>
    <dimen name="x756">1197.00dp</dimen>
    <dimen name="x757">1198.58dp</dimen>
    <dimen name="x758">1200.17dp</dimen>
    <dimen name="x759">1201.75dp</dimen>
    <dimen name="x760">1203.33dp</dimen>
    <dimen name="x761">1204.92dp</dimen>
    <dimen name="x762">1206.50dp</dimen>
    <dimen name="x763">1208.08dp</dimen>
    <dimen name="x764">1209.67dp</dimen>
    <dimen name="x765">1211.25dp</dimen>
    <dimen name="x766">1212.83dp</dimen>
    <dimen name="x767">1214.42dp</dimen>
    <dimen name="x768">1216.00dp</dimen>
    <dimen name="x769">1217.58dp</dimen>
    <dimen name="x770">1219.17dp</dimen>
    <dimen name="x771">1220.75dp</dimen>
    <dimen name="x772">1222.33dp</dimen>
    <dimen name="x773">1223.92dp</dimen>
    <dimen name="x774">1225.50dp</dimen>
    <dimen name="x775">1227.08dp</dimen>
    <dimen name="x776">1228.67dp</dimen>
    <dimen name="x777">1230.25dp</dimen>
    <dimen name="x778">1231.83dp</dimen>
    <dimen name="x779">1233.42dp</dimen>
    <dimen name="x780">1235.00dp</dimen>
    <dimen name="x781">1236.58dp</dimen>
    <dimen name="x782">1238.17dp</dimen>
    <dimen name="x783">1239.75dp</dimen>
    <dimen name="x784">1241.33dp</dimen>
    <dimen name="x785">1242.92dp</dimen>
    <dimen name="x786">1244.50dp</dimen>
    <dimen name="x787">1246.08dp</dimen>
    <dimen name="x788">1247.67dp</dimen>
    <dimen name="x789">1249.25dp</dimen>
    <dimen name="x790">1250.83dp</dimen>
    <dimen name="x791">1252.42dp</dimen>
    <dimen name="x792">1254.00dp</dimen>
    <dimen name="x793">1255.58dp</dimen>
    <dimen name="x794">1257.17dp</dimen>
    <dimen name="x795">1258.75dp</dimen>
    <dimen name="x796">1260.33dp</dimen>
    <dimen name="x797">1261.92dp</dimen>
    <dimen name="x798">1263.50dp</dimen>
    <dimen name="x799">1265.08dp</dimen>
    <dimen name="x800">1266.67dp</dimen>
    <dimen name="x801">1268.25dp</dimen>
    <dimen name="x802">1269.83dp</dimen>
    <dimen name="x803">1271.42dp</dimen>
    <dimen name="x804">1273.00dp</dimen>
    <dimen name="x805">1274.58dp</dimen>
    <dimen name="x806">1276.17dp</dimen>
    <dimen name="x807">1277.75dp</dimen>
    <dimen name="x808">1279.33dp</dimen>
    <dimen name="x809">1280.92dp</dimen>
    <dimen name="x810">1282.50dp</dimen>
    <dimen name="x811">1284.08dp</dimen>
    <dimen name="x812">1285.67dp</dimen>
    <dimen name="x813">1287.25dp</dimen>
    <dimen name="x814">1288.83dp</dimen>
    <dimen name="x815">1290.42dp</dimen>
    <dimen name="x816">1292.00dp</dimen>
    <dimen name="x817">1293.58dp</dimen>
    <dimen name="x818">1295.17dp</dimen>
    <dimen name="x819">1296.75dp</dimen>
    <dimen name="x820">1298.33dp</dimen>
    <dimen name="x821">1299.92dp</dimen>
    <dimen name="x822">1301.50dp</dimen>
    <dimen name="x823">1303.08dp</dimen>
    <dimen name="x824">1304.67dp</dimen>
    <dimen name="x825">1306.25dp</dimen>
    <dimen name="x826">1307.83dp</dimen>
    <dimen name="x827">1309.42dp</dimen>
    <dimen name="x828">1311.00dp</dimen>
    <dimen name="x829">1312.58dp</dimen>
    <dimen name="x830">1314.17dp</dimen>
    <dimen name="x831">1315.75dp</dimen>
    <dimen name="x832">1317.33dp</dimen>
    <dimen name="x833">1318.92dp</dimen>
    <dimen name="x834">1320.50dp</dimen>
    <dimen name="x835">1322.08dp</dimen>
    <dimen name="x836">1323.67dp</dimen>
    <dimen name="x837">1325.25dp</dimen>
    <dimen name="x838">1326.83dp</dimen>
    <dimen name="x839">1328.42dp</dimen>
    <dimen name="x840">1330.00dp</dimen>
    <dimen name="x841">1331.58dp</dimen>
    <dimen name="x842">1333.17dp</dimen>
    <dimen name="x843">1334.75dp</dimen>
    <dimen name="x844">1336.33dp</dimen>
    <dimen name="x845">1337.92dp</dimen>
    <dimen name="x846">1339.50dp</dimen>
    <dimen name="x847">1341.08dp</dimen>
    <dimen name="x848">1342.67dp</dimen>
    <dimen name="x849">1344.25dp</dimen>
    <dimen name="x850">1345.83dp</dimen>
    <dimen name="x851">1347.42dp</dimen>
    <dimen name="x852">1349.00dp</dimen>
    <dimen name="x853">1350.58dp</dimen>
    <dimen name="x854">1352.17dp</dimen>
    <dimen name="x855">1353.75dp</dimen>
    <dimen name="x856">1355.33dp</dimen>
    <dimen name="x857">1356.92dp</dimen>
    <dimen name="x858">1358.50dp</dimen>
    <dimen name="x859">1360.08dp</dimen>
    <dimen name="x860">1361.67dp</dimen>
    <dimen name="x861">1363.25dp</dimen>
    <dimen name="x862">1364.83dp</dimen>
    <dimen name="x863">1366.42dp</dimen>
    <dimen name="x864">1368.00dp</dimen>
    <dimen name="x865">1369.58dp</dimen>
    <dimen name="x866">1371.17dp</dimen>
    <dimen name="x867">1372.75dp</dimen>
    <dimen name="x868">1374.33dp</dimen>
    <dimen name="x869">1375.92dp</dimen>
    <dimen name="x870">1377.50dp</dimen>
    <dimen name="x871">1379.08dp</dimen>
    <dimen name="x872">1380.67dp</dimen>
    <dimen name="x873">1382.25dp</dimen>
    <dimen name="x874">1383.83dp</dimen>
    <dimen name="x875">1385.42dp</dimen>
    <dimen name="x876">1387.00dp</dimen>
    <dimen name="x877">1388.58dp</dimen>
    <dimen name="x878">1390.17dp</dimen>
    <dimen name="x879">1391.75dp</dimen>
    <dimen name="x880">1393.33dp</dimen>
    <dimen name="x881">1394.92dp</dimen>
    <dimen name="x882">1396.50dp</dimen>
    <dimen name="x883">1398.08dp</dimen>
    <dimen name="x884">1399.67dp</dimen>
    <dimen name="x885">1401.25dp</dimen>
    <dimen name="x886">1402.83dp</dimen>
    <dimen name="x887">1404.42dp</dimen>
    <dimen name="x888">1406.00dp</dimen>
    <dimen name="x889">1407.58dp</dimen>
    <dimen name="x890">1409.17dp</dimen>
    <dimen name="x891">1410.75dp</dimen>
    <dimen name="x892">1412.33dp</dimen>
    <dimen name="x893">1413.92dp</dimen>
    <dimen name="x894">1415.50dp</dimen>
    <dimen name="x895">1417.08dp</dimen>
    <dimen name="x896">1418.67dp</dimen>
    <dimen name="x897">1420.25dp</dimen>
    <dimen name="x898">1421.83dp</dimen>
    <dimen name="x899">1423.42dp</dimen>
    <dimen name="x900">1425.00dp</dimen>
    <dimen name="x901">1426.58dp</dimen>
    <dimen name="x902">1428.17dp</dimen>
    <dimen name="x903">1429.75dp</dimen>
    <dimen name="x904">1431.33dp</dimen>
    <dimen name="x905">1432.92dp</dimen>
    <dimen name="x906">1434.50dp</dimen>
    <dimen name="x907">1436.08dp</dimen>
    <dimen name="x908">1437.67dp</dimen>
    <dimen name="x909">1439.25dp</dimen>
    <dimen name="x910">1440.83dp</dimen>
    <dimen name="x911">1442.42dp</dimen>
    <dimen name="x912">1444.00dp</dimen>
    <dimen name="x913">1445.58dp</dimen>
    <dimen name="x914">1447.17dp</dimen>
    <dimen name="x915">1448.75dp</dimen>
    <dimen name="x916">1450.33dp</dimen>
    <dimen name="x917">1451.92dp</dimen>
    <dimen name="x918">1453.50dp</dimen>
    <dimen name="x919">1455.08dp</dimen>
    <dimen name="x920">1456.67dp</dimen>
    <dimen name="x921">1458.25dp</dimen>
    <dimen name="x922">1459.83dp</dimen>
    <dimen name="x923">1461.42dp</dimen>
    <dimen name="x924">1463.00dp</dimen>
    <dimen name="x925">1464.58dp</dimen>
    <dimen name="x926">1466.17dp</dimen>
    <dimen name="x927">1467.75dp</dimen>
    <dimen name="x928">1469.33dp</dimen>
    <dimen name="x929">1470.92dp</dimen>
    <dimen name="x930">1472.50dp</dimen>
    <dimen name="x931">1474.08dp</dimen>
    <dimen name="x932">1475.67dp</dimen>
    <dimen name="x933">1477.25dp</dimen>
    <dimen name="x934">1478.83dp</dimen>
    <dimen name="x935">1480.42dp</dimen>
    <dimen name="x936">1482.00dp</dimen>
    <dimen name="x937">1483.58dp</dimen>
    <dimen name="x938">1485.17dp</dimen>
    <dimen name="x939">1486.75dp</dimen>
    <dimen name="x940">1488.33dp</dimen>
    <dimen name="x941">1489.92dp</dimen>
    <dimen name="x942">1491.50dp</dimen>
    <dimen name="x943">1493.08dp</dimen>
    <dimen name="x944">1494.67dp</dimen>
    <dimen name="x945">1496.25dp</dimen>
    <dimen name="x946">1497.83dp</dimen>
    <dimen name="x947">1499.42dp</dimen>
    <dimen name="x948">1501.00dp</dimen>
    <dimen name="x949">1502.58dp</dimen>
    <dimen name="x950">1504.17dp</dimen>
    <dimen name="x951">1505.75dp</dimen>
    <dimen name="x952">1507.33dp</dimen>
    <dimen name="x953">1508.92dp</dimen>
    <dimen name="x954">1510.50dp</dimen>
    <dimen name="x955">1512.08dp</dimen>
    <dimen name="x956">1513.67dp</dimen>
    <dimen name="x957">1515.25dp</dimen>
    <dimen name="x958">1516.83dp</dimen>
    <dimen name="x959">1518.42dp</dimen>
    <dimen name="x960">1520.00dp</dimen>
    <dimen name="x961">1521.58dp</dimen>
    <dimen name="x962">1523.17dp</dimen>
    <dimen name="x963">1524.75dp</dimen>
    <dimen name="x964">1526.33dp</dimen>
    <dimen name="x965">1527.92dp</dimen>
    <dimen name="x966">1529.50dp</dimen>
    <dimen name="x967">1531.08dp</dimen>
    <dimen name="x968">1532.67dp</dimen>
    <dimen name="x969">1534.25dp</dimen>
    <dimen name="x970">1535.83dp</dimen>
    <dimen name="x971">1537.42dp</dimen>
    <dimen name="x972">1539.00dp</dimen>
    <dimen name="x973">1540.58dp</dimen>
    <dimen name="x974">1542.17dp</dimen>
    <dimen name="x975">1543.75dp</dimen>
    <dimen name="x976">1545.33dp</dimen>
    <dimen name="x977">1546.92dp</dimen>
    <dimen name="x978">1548.50dp</dimen>
    <dimen name="x979">1550.08dp</dimen>
    <dimen name="x980">1551.67dp</dimen>
    <dimen name="x981">1553.25dp</dimen>
    <dimen name="x982">1554.83dp</dimen>
    <dimen name="x983">1556.42dp</dimen>
    <dimen name="x984">1558.00dp</dimen>
    <dimen name="x985">1559.58dp</dimen>
    <dimen name="x986">1561.17dp</dimen>
    <dimen name="x987">1562.75dp</dimen>
    <dimen name="x988">1564.33dp</dimen>
    <dimen name="x989">1565.92dp</dimen>
    <dimen name="x990">1567.50dp</dimen>
    <dimen name="x991">1569.08dp</dimen>
    <dimen name="x992">1570.67dp</dimen>
    <dimen name="x993">1572.25dp</dimen>
    <dimen name="x994">1573.83dp</dimen>
    <dimen name="x995">1575.42dp</dimen>
    <dimen name="x996">1577.00dp</dimen>
    <dimen name="x997">1578.58dp</dimen>
    <dimen name="x998">1580.17dp</dimen>
    <dimen name="x999">1581.75dp</dimen>
    <dimen name="x1000">1583.33dp</dimen>
    <dimen name="x1001">1584.92dp</dimen>
    <dimen name="x1002">1586.50dp</dimen>
    <dimen name="x1003">1588.08dp</dimen>
    <dimen name="x1004">1589.67dp</dimen>
    <dimen name="x1005">1591.25dp</dimen>
    <dimen name="x1006">1592.83dp</dimen>
    <dimen name="x1007">1594.42dp</dimen>
    <dimen name="x1008">1596.00dp</dimen>
    <dimen name="x1009">1597.58dp</dimen>
    <dimen name="x1010">1599.17dp</dimen>
    <dimen name="x1011">1600.75dp</dimen>
    <dimen name="x1012">1602.33dp</dimen>
    <dimen name="x1013">1603.92dp</dimen>
    <dimen name="x1014">1605.50dp</dimen>
    <dimen name="x1015">1607.08dp</dimen>
    <dimen name="x1016">1608.67dp</dimen>
    <dimen name="x1017">1610.25dp</dimen>
    <dimen name="x1018">1611.83dp</dimen>
    <dimen name="x1019">1613.42dp</dimen>
    <dimen name="x1020">1615.00dp</dimen>
    <dimen name="x1021">1616.58dp</dimen>
    <dimen name="x1022">1618.17dp</dimen>
    <dimen name="x1023">1619.75dp</dimen>
    <dimen name="x1024">1621.33dp</dimen>
    <dimen name="x1025">1622.92dp</dimen>
    <dimen name="x1026">1624.50dp</dimen>
    <dimen name="x1027">1626.08dp</dimen>
    <dimen name="x1028">1627.67dp</dimen>
    <dimen name="x1029">1629.25dp</dimen>
    <dimen name="x1030">1630.83dp</dimen>
    <dimen name="x1031">1632.42dp</dimen>
    <dimen name="x1032">1634.00dp</dimen>
    <dimen name="x1033">1635.58dp</dimen>
    <dimen name="x1034">1637.17dp</dimen>
    <dimen name="x1035">1638.75dp</dimen>
    <dimen name="x1036">1640.33dp</dimen>
    <dimen name="x1037">1641.92dp</dimen>
    <dimen name="x1038">1643.50dp</dimen>
    <dimen name="x1039">1645.08dp</dimen>
    <dimen name="x1040">1646.67dp</dimen>
    <dimen name="x1041">1648.25dp</dimen>
    <dimen name="x1042">1649.83dp</dimen>
    <dimen name="x1043">1651.42dp</dimen>
    <dimen name="x1044">1653.00dp</dimen>
    <dimen name="x1045">1654.58dp</dimen>
    <dimen name="x1046">1656.17dp</dimen>
    <dimen name="x1047">1657.75dp</dimen>
    <dimen name="x1048">1659.33dp</dimen>
    <dimen name="x1049">1660.92dp</dimen>
    <dimen name="x1050">1662.50dp</dimen>
    <dimen name="x1051">1664.08dp</dimen>
    <dimen name="x1052">1665.67dp</dimen>
    <dimen name="x1053">1667.25dp</dimen>
    <dimen name="x1054">1668.83dp</dimen>
    <dimen name="x1055">1670.42dp</dimen>
    <dimen name="x1056">1672.00dp</dimen>
    <dimen name="x1057">1673.58dp</dimen>
    <dimen name="x1058">1675.17dp</dimen>
    <dimen name="x1059">1676.75dp</dimen>
    <dimen name="x1060">1678.33dp</dimen>
    <dimen name="x1061">1679.92dp</dimen>
    <dimen name="x1062">1681.50dp</dimen>
    <dimen name="x1063">1683.08dp</dimen>
    <dimen name="x1064">1684.67dp</dimen>
    <dimen name="x1065">1686.25dp</dimen>
    <dimen name="x1066">1687.83dp</dimen>
    <dimen name="x1067">1689.42dp</dimen>
    <dimen name="x1068">1691.00dp</dimen>
    <dimen name="x1069">1692.58dp</dimen>
    <dimen name="x1070">1694.17dp</dimen>
    <dimen name="x1071">1695.75dp</dimen>
    <dimen name="x1072">1697.33dp</dimen>
    <dimen name="x1073">1698.92dp</dimen>
    <dimen name="x1074">1700.50dp</dimen>
    <dimen name="x1075">1702.08dp</dimen>
    <dimen name="x1076">1703.67dp</dimen>
    <dimen name="x1077">1705.25dp</dimen>
    <dimen name="x1078">1706.83dp</dimen>
    <dimen name="x1079">1708.42dp</dimen>
    <dimen name="x1080">1710.00dp</dimen>
</resources>