<?xml version="1.0" encoding="utf-8"?>
<resources>
    <string name="sw_dp">450dp</string>
    <dimen name="x1">0.42dp</dimen>
    <dimen name="x2">0.83dp</dimen>
    <dimen name="x3">1.25dp</dimen>
    <dimen name="x4">1.67dp</dimen>
    <dimen name="x5">2.08dp</dimen>
    <dimen name="x6">2.50dp</dimen>
    <dimen name="x7">2.92dp</dimen>
    <dimen name="x8">3.33dp</dimen>
    <dimen name="x9">3.75dp</dimen>
    <dimen name="x10">4.17dp</dimen>
    <dimen name="x11">4.58dp</dimen>
    <dimen name="x12">5.00dp</dimen>
    <dimen name="x13">5.42dp</dimen>
    <dimen name="x14">5.83dp</dimen>
    <dimen name="x15">6.25dp</dimen>
    <dimen name="x16">6.67dp</dimen>
    <dimen name="x17">7.08dp</dimen>
    <dimen name="x18">7.50dp</dimen>
    <dimen name="x19">7.92dp</dimen>
    <dimen name="x20">8.33dp</dimen>
    <dimen name="x21">8.75dp</dimen>
    <dimen name="x22">9.17dp</dimen>
    <dimen name="x23">9.58dp</dimen>
    <dimen name="x24">10.00dp</dimen>
    <dimen name="x25">10.42dp</dimen>
    <dimen name="x26">10.83dp</dimen>
    <dimen name="x27">11.25dp</dimen>
    <dimen name="x28">11.67dp</dimen>
    <dimen name="x29">12.08dp</dimen>
    <dimen name="x30">12.50dp</dimen>
    <dimen name="x31">12.92dp</dimen>
    <dimen name="x32">13.33dp</dimen>
    <dimen name="x33">13.75dp</dimen>
    <dimen name="x34">14.17dp</dimen>
    <dimen name="x35">14.58dp</dimen>
    <dimen name="x36">15.00dp</dimen>
    <dimen name="x37">15.42dp</dimen>
    <dimen name="x38">15.83dp</dimen>
    <dimen name="x39">16.25dp</dimen>
    <dimen name="x40">16.67dp</dimen>
    <dimen name="x41">17.08dp</dimen>
    <dimen name="x42">17.50dp</dimen>
    <dimen name="x43">17.92dp</dimen>
    <dimen name="x44">18.33dp</dimen>
    <dimen name="x45">18.75dp</dimen>
    <dimen name="x46">19.17dp</dimen>
    <dimen name="x47">19.58dp</dimen>
    <dimen name="x48">20.00dp</dimen>
    <dimen name="x49">20.42dp</dimen>
    <dimen name="x50">20.83dp</dimen>
    <dimen name="x51">21.25dp</dimen>
    <dimen name="x52">21.67dp</dimen>
    <dimen name="x53">22.08dp</dimen>
    <dimen name="x54">22.50dp</dimen>
    <dimen name="x55">22.92dp</dimen>
    <dimen name="x56">23.33dp</dimen>
    <dimen name="x57">23.75dp</dimen>
    <dimen name="x58">24.17dp</dimen>
    <dimen name="x59">24.58dp</dimen>
    <dimen name="x60">25.00dp</dimen>
    <dimen name="x61">25.42dp</dimen>
    <dimen name="x62">25.83dp</dimen>
    <dimen name="x63">26.25dp</dimen>
    <dimen name="x64">26.67dp</dimen>
    <dimen name="x65">27.08dp</dimen>
    <dimen name="x66">27.50dp</dimen>
    <dimen name="x67">27.92dp</dimen>
    <dimen name="x68">28.33dp</dimen>
    <dimen name="x69">28.75dp</dimen>
    <dimen name="x70">29.17dp</dimen>
    <dimen name="x71">29.58dp</dimen>
    <dimen name="x72">30.00dp</dimen>
    <dimen name="x73">30.42dp</dimen>
    <dimen name="x74">30.83dp</dimen>
    <dimen name="x75">31.25dp</dimen>
    <dimen name="x76">31.67dp</dimen>
    <dimen name="x77">32.08dp</dimen>
    <dimen name="x78">32.50dp</dimen>
    <dimen name="x79">32.92dp</dimen>
    <dimen name="x80">33.33dp</dimen>
    <dimen name="x81">33.75dp</dimen>
    <dimen name="x82">34.17dp</dimen>
    <dimen name="x83">34.58dp</dimen>
    <dimen name="x84">35.00dp</dimen>
    <dimen name="x85">35.42dp</dimen>
    <dimen name="x86">35.83dp</dimen>
    <dimen name="x87">36.25dp</dimen>
    <dimen name="x88">36.67dp</dimen>
    <dimen name="x89">37.08dp</dimen>
    <dimen name="x90">37.50dp</dimen>
    <dimen name="x91">37.92dp</dimen>
    <dimen name="x92">38.33dp</dimen>
    <dimen name="x93">38.75dp</dimen>
    <dimen name="x94">39.17dp</dimen>
    <dimen name="x95">39.58dp</dimen>
    <dimen name="x96">40.00dp</dimen>
    <dimen name="x97">40.42dp</dimen>
    <dimen name="x98">40.83dp</dimen>
    <dimen name="x99">41.25dp</dimen>
    <dimen name="x100">41.67dp</dimen>
    <dimen name="x101">42.08dp</dimen>
    <dimen name="x102">42.50dp</dimen>
    <dimen name="x103">42.92dp</dimen>
    <dimen name="x104">43.33dp</dimen>
    <dimen name="x105">43.75dp</dimen>
    <dimen name="x106">44.17dp</dimen>
    <dimen name="x107">44.58dp</dimen>
    <dimen name="x108">45.00dp</dimen>
    <dimen name="x109">45.42dp</dimen>
    <dimen name="x110">45.83dp</dimen>
    <dimen name="x111">46.25dp</dimen>
    <dimen name="x112">46.67dp</dimen>
    <dimen name="x113">47.08dp</dimen>
    <dimen name="x114">47.50dp</dimen>
    <dimen name="x115">47.92dp</dimen>
    <dimen name="x116">48.33dp</dimen>
    <dimen name="x117">48.75dp</dimen>
    <dimen name="x118">49.17dp</dimen>
    <dimen name="x119">49.58dp</dimen>
    <dimen name="x120">50.00dp</dimen>
    <dimen name="x121">50.42dp</dimen>
    <dimen name="x122">50.83dp</dimen>
    <dimen name="x123">51.25dp</dimen>
    <dimen name="x124">51.67dp</dimen>
    <dimen name="x125">52.08dp</dimen>
    <dimen name="x126">52.50dp</dimen>
    <dimen name="x127">52.92dp</dimen>
    <dimen name="x128">53.33dp</dimen>
    <dimen name="x129">53.75dp</dimen>
    <dimen name="x130">54.17dp</dimen>
    <dimen name="x131">54.58dp</dimen>
    <dimen name="x132">55.00dp</dimen>
    <dimen name="x133">55.42dp</dimen>
    <dimen name="x134">55.83dp</dimen>
    <dimen name="x135">56.25dp</dimen>
    <dimen name="x136">56.67dp</dimen>
    <dimen name="x137">57.08dp</dimen>
    <dimen name="x138">57.50dp</dimen>
    <dimen name="x139">57.92dp</dimen>
    <dimen name="x140">58.33dp</dimen>
    <dimen name="x141">58.75dp</dimen>
    <dimen name="x142">59.17dp</dimen>
    <dimen name="x143">59.58dp</dimen>
    <dimen name="x144">60.00dp</dimen>
    <dimen name="x145">60.42dp</dimen>
    <dimen name="x146">60.83dp</dimen>
    <dimen name="x147">61.25dp</dimen>
    <dimen name="x148">61.67dp</dimen>
    <dimen name="x149">62.08dp</dimen>
    <dimen name="x150">62.50dp</dimen>
    <dimen name="x151">62.92dp</dimen>
    <dimen name="x152">63.33dp</dimen>
    <dimen name="x153">63.75dp</dimen>
    <dimen name="x154">64.17dp</dimen>
    <dimen name="x155">64.58dp</dimen>
    <dimen name="x156">65.00dp</dimen>
    <dimen name="x157">65.42dp</dimen>
    <dimen name="x158">65.83dp</dimen>
    <dimen name="x159">66.25dp</dimen>
    <dimen name="x160">66.67dp</dimen>
    <dimen name="x161">67.08dp</dimen>
    <dimen name="x162">67.50dp</dimen>
    <dimen name="x163">67.92dp</dimen>
    <dimen name="x164">68.33dp</dimen>
    <dimen name="x165">68.75dp</dimen>
    <dimen name="x166">69.17dp</dimen>
    <dimen name="x167">69.58dp</dimen>
    <dimen name="x168">70.00dp</dimen>
    <dimen name="x169">70.42dp</dimen>
    <dimen name="x170">70.83dp</dimen>
    <dimen name="x171">71.25dp</dimen>
    <dimen name="x172">71.67dp</dimen>
    <dimen name="x173">72.08dp</dimen>
    <dimen name="x174">72.50dp</dimen>
    <dimen name="x175">72.92dp</dimen>
    <dimen name="x176">73.33dp</dimen>
    <dimen name="x177">73.75dp</dimen>
    <dimen name="x178">74.17dp</dimen>
    <dimen name="x179">74.58dp</dimen>
    <dimen name="x180">75.00dp</dimen>
    <dimen name="x181">75.42dp</dimen>
    <dimen name="x182">75.83dp</dimen>
    <dimen name="x183">76.25dp</dimen>
    <dimen name="x184">76.67dp</dimen>
    <dimen name="x185">77.08dp</dimen>
    <dimen name="x186">77.50dp</dimen>
    <dimen name="x187">77.92dp</dimen>
    <dimen name="x188">78.33dp</dimen>
    <dimen name="x189">78.75dp</dimen>
    <dimen name="x190">79.17dp</dimen>
    <dimen name="x191">79.58dp</dimen>
    <dimen name="x192">80.00dp</dimen>
    <dimen name="x193">80.42dp</dimen>
    <dimen name="x194">80.83dp</dimen>
    <dimen name="x195">81.25dp</dimen>
    <dimen name="x196">81.67dp</dimen>
    <dimen name="x197">82.08dp</dimen>
    <dimen name="x198">82.50dp</dimen>
    <dimen name="x199">82.92dp</dimen>
    <dimen name="x200">83.33dp</dimen>
    <dimen name="x201">83.75dp</dimen>
    <dimen name="x202">84.17dp</dimen>
    <dimen name="x203">84.58dp</dimen>
    <dimen name="x204">85.00dp</dimen>
    <dimen name="x205">85.42dp</dimen>
    <dimen name="x206">85.83dp</dimen>
    <dimen name="x207">86.25dp</dimen>
    <dimen name="x208">86.67dp</dimen>
    <dimen name="x209">87.08dp</dimen>
    <dimen name="x210">87.50dp</dimen>
    <dimen name="x211">87.92dp</dimen>
    <dimen name="x212">88.33dp</dimen>
    <dimen name="x213">88.75dp</dimen>
    <dimen name="x214">89.17dp</dimen>
    <dimen name="x215">89.58dp</dimen>
    <dimen name="x216">90.00dp</dimen>
    <dimen name="x217">90.42dp</dimen>
    <dimen name="x218">90.83dp</dimen>
    <dimen name="x219">91.25dp</dimen>
    <dimen name="x220">91.67dp</dimen>
    <dimen name="x221">92.08dp</dimen>
    <dimen name="x222">92.50dp</dimen>
    <dimen name="x223">92.92dp</dimen>
    <dimen name="x224">93.33dp</dimen>
    <dimen name="x225">93.75dp</dimen>
    <dimen name="x226">94.17dp</dimen>
    <dimen name="x227">94.58dp</dimen>
    <dimen name="x228">95.00dp</dimen>
    <dimen name="x229">95.42dp</dimen>
    <dimen name="x230">95.83dp</dimen>
    <dimen name="x231">96.25dp</dimen>
    <dimen name="x232">96.67dp</dimen>
    <dimen name="x233">97.08dp</dimen>
    <dimen name="x234">97.50dp</dimen>
    <dimen name="x235">97.92dp</dimen>
    <dimen name="x236">98.33dp</dimen>
    <dimen name="x237">98.75dp</dimen>
    <dimen name="x238">99.17dp</dimen>
    <dimen name="x239">99.58dp</dimen>
    <dimen name="x240">100.00dp</dimen>
    <dimen name="x241">100.42dp</dimen>
    <dimen name="x242">100.83dp</dimen>
    <dimen name="x243">101.25dp</dimen>
    <dimen name="x244">101.67dp</dimen>
    <dimen name="x245">102.08dp</dimen>
    <dimen name="x246">102.50dp</dimen>
    <dimen name="x247">102.92dp</dimen>
    <dimen name="x248">103.33dp</dimen>
    <dimen name="x249">103.75dp</dimen>
    <dimen name="x250">104.17dp</dimen>
    <dimen name="x251">104.58dp</dimen>
    <dimen name="x252">105.00dp</dimen>
    <dimen name="x253">105.42dp</dimen>
    <dimen name="x254">105.83dp</dimen>
    <dimen name="x255">106.25dp</dimen>
    <dimen name="x256">106.67dp</dimen>
    <dimen name="x257">107.08dp</dimen>
    <dimen name="x258">107.50dp</dimen>
    <dimen name="x259">107.92dp</dimen>
    <dimen name="x260">108.33dp</dimen>
    <dimen name="x261">108.75dp</dimen>
    <dimen name="x262">109.17dp</dimen>
    <dimen name="x263">109.58dp</dimen>
    <dimen name="x264">110.00dp</dimen>
    <dimen name="x265">110.42dp</dimen>
    <dimen name="x266">110.83dp</dimen>
    <dimen name="x267">111.25dp</dimen>
    <dimen name="x268">111.67dp</dimen>
    <dimen name="x269">112.08dp</dimen>
    <dimen name="x270">112.50dp</dimen>
    <dimen name="x271">112.92dp</dimen>
    <dimen name="x272">113.33dp</dimen>
    <dimen name="x273">113.75dp</dimen>
    <dimen name="x274">114.17dp</dimen>
    <dimen name="x275">114.58dp</dimen>
    <dimen name="x276">115.00dp</dimen>
    <dimen name="x277">115.42dp</dimen>
    <dimen name="x278">115.83dp</dimen>
    <dimen name="x279">116.25dp</dimen>
    <dimen name="x280">116.67dp</dimen>
    <dimen name="x281">117.08dp</dimen>
    <dimen name="x282">117.50dp</dimen>
    <dimen name="x283">117.92dp</dimen>
    <dimen name="x284">118.33dp</dimen>
    <dimen name="x285">118.75dp</dimen>
    <dimen name="x286">119.17dp</dimen>
    <dimen name="x287">119.58dp</dimen>
    <dimen name="x288">120.00dp</dimen>
    <dimen name="x289">120.42dp</dimen>
    <dimen name="x290">120.83dp</dimen>
    <dimen name="x291">121.25dp</dimen>
    <dimen name="x292">121.67dp</dimen>
    <dimen name="x293">122.08dp</dimen>
    <dimen name="x294">122.50dp</dimen>
    <dimen name="x295">122.92dp</dimen>
    <dimen name="x296">123.33dp</dimen>
    <dimen name="x297">123.75dp</dimen>
    <dimen name="x298">124.17dp</dimen>
    <dimen name="x299">124.58dp</dimen>
    <dimen name="x300">125.00dp</dimen>
    <dimen name="x301">125.42dp</dimen>
    <dimen name="x302">125.83dp</dimen>
    <dimen name="x303">126.25dp</dimen>
    <dimen name="x304">126.67dp</dimen>
    <dimen name="x305">127.08dp</dimen>
    <dimen name="x306">127.50dp</dimen>
    <dimen name="x307">127.92dp</dimen>
    <dimen name="x308">128.33dp</dimen>
    <dimen name="x309">128.75dp</dimen>
    <dimen name="x310">129.17dp</dimen>
    <dimen name="x311">129.58dp</dimen>
    <dimen name="x312">130.00dp</dimen>
    <dimen name="x313">130.42dp</dimen>
    <dimen name="x314">130.83dp</dimen>
    <dimen name="x315">131.25dp</dimen>
    <dimen name="x316">131.67dp</dimen>
    <dimen name="x317">132.08dp</dimen>
    <dimen name="x318">132.50dp</dimen>
    <dimen name="x319">132.92dp</dimen>
    <dimen name="x320">133.33dp</dimen>
    <dimen name="x321">133.75dp</dimen>
    <dimen name="x322">134.17dp</dimen>
    <dimen name="x323">134.58dp</dimen>
    <dimen name="x324">135.00dp</dimen>
    <dimen name="x325">135.42dp</dimen>
    <dimen name="x326">135.83dp</dimen>
    <dimen name="x327">136.25dp</dimen>
    <dimen name="x328">136.67dp</dimen>
    <dimen name="x329">137.08dp</dimen>
    <dimen name="x330">137.50dp</dimen>
    <dimen name="x331">137.92dp</dimen>
    <dimen name="x332">138.33dp</dimen>
    <dimen name="x333">138.75dp</dimen>
    <dimen name="x334">139.17dp</dimen>
    <dimen name="x335">139.58dp</dimen>
    <dimen name="x336">140.00dp</dimen>
    <dimen name="x337">140.42dp</dimen>
    <dimen name="x338">140.83dp</dimen>
    <dimen name="x339">141.25dp</dimen>
    <dimen name="x340">141.67dp</dimen>
    <dimen name="x341">142.08dp</dimen>
    <dimen name="x342">142.50dp</dimen>
    <dimen name="x343">142.92dp</dimen>
    <dimen name="x344">143.33dp</dimen>
    <dimen name="x345">143.75dp</dimen>
    <dimen name="x346">144.17dp</dimen>
    <dimen name="x347">144.58dp</dimen>
    <dimen name="x348">145.00dp</dimen>
    <dimen name="x349">145.42dp</dimen>
    <dimen name="x350">145.83dp</dimen>
    <dimen name="x351">146.25dp</dimen>
    <dimen name="x352">146.67dp</dimen>
    <dimen name="x353">147.08dp</dimen>
    <dimen name="x354">147.50dp</dimen>
    <dimen name="x355">147.92dp</dimen>
    <dimen name="x356">148.33dp</dimen>
    <dimen name="x357">148.75dp</dimen>
    <dimen name="x358">149.17dp</dimen>
    <dimen name="x359">149.58dp</dimen>
    <dimen name="x360">150.00dp</dimen>
    <dimen name="x361">150.42dp</dimen>
    <dimen name="x362">150.83dp</dimen>
    <dimen name="x363">151.25dp</dimen>
    <dimen name="x364">151.67dp</dimen>
    <dimen name="x365">152.08dp</dimen>
    <dimen name="x366">152.50dp</dimen>
    <dimen name="x367">152.92dp</dimen>
    <dimen name="x368">153.33dp</dimen>
    <dimen name="x369">153.75dp</dimen>
    <dimen name="x370">154.17dp</dimen>
    <dimen name="x371">154.58dp</dimen>
    <dimen name="x372">155.00dp</dimen>
    <dimen name="x373">155.42dp</dimen>
    <dimen name="x374">155.83dp</dimen>
    <dimen name="x375">156.25dp</dimen>
    <dimen name="x376">156.67dp</dimen>
    <dimen name="x377">157.08dp</dimen>
    <dimen name="x378">157.50dp</dimen>
    <dimen name="x379">157.92dp</dimen>
    <dimen name="x380">158.33dp</dimen>
    <dimen name="x381">158.75dp</dimen>
    <dimen name="x382">159.17dp</dimen>
    <dimen name="x383">159.58dp</dimen>
    <dimen name="x384">160.00dp</dimen>
    <dimen name="x385">160.42dp</dimen>
    <dimen name="x386">160.83dp</dimen>
    <dimen name="x387">161.25dp</dimen>
    <dimen name="x388">161.67dp</dimen>
    <dimen name="x389">162.08dp</dimen>
    <dimen name="x390">162.50dp</dimen>
    <dimen name="x391">162.92dp</dimen>
    <dimen name="x392">163.33dp</dimen>
    <dimen name="x393">163.75dp</dimen>
    <dimen name="x394">164.17dp</dimen>
    <dimen name="x395">164.58dp</dimen>
    <dimen name="x396">165.00dp</dimen>
    <dimen name="x397">165.42dp</dimen>
    <dimen name="x398">165.83dp</dimen>
    <dimen name="x399">166.25dp</dimen>
    <dimen name="x400">166.67dp</dimen>
    <dimen name="x401">167.08dp</dimen>
    <dimen name="x402">167.50dp</dimen>
    <dimen name="x403">167.92dp</dimen>
    <dimen name="x404">168.33dp</dimen>
    <dimen name="x405">168.75dp</dimen>
    <dimen name="x406">169.17dp</dimen>
    <dimen name="x407">169.58dp</dimen>
    <dimen name="x408">170.00dp</dimen>
    <dimen name="x409">170.42dp</dimen>
    <dimen name="x410">170.83dp</dimen>
    <dimen name="x411">171.25dp</dimen>
    <dimen name="x412">171.67dp</dimen>
    <dimen name="x413">172.08dp</dimen>
    <dimen name="x414">172.50dp</dimen>
    <dimen name="x415">172.92dp</dimen>
    <dimen name="x416">173.33dp</dimen>
    <dimen name="x417">173.75dp</dimen>
    <dimen name="x418">174.17dp</dimen>
    <dimen name="x419">174.58dp</dimen>
    <dimen name="x420">175.00dp</dimen>
    <dimen name="x421">175.42dp</dimen>
    <dimen name="x422">175.83dp</dimen>
    <dimen name="x423">176.25dp</dimen>
    <dimen name="x424">176.67dp</dimen>
    <dimen name="x425">177.08dp</dimen>
    <dimen name="x426">177.50dp</dimen>
    <dimen name="x427">177.92dp</dimen>
    <dimen name="x428">178.33dp</dimen>
    <dimen name="x429">178.75dp</dimen>
    <dimen name="x430">179.17dp</dimen>
    <dimen name="x431">179.58dp</dimen>
    <dimen name="x432">180.00dp</dimen>
    <dimen name="x433">180.42dp</dimen>
    <dimen name="x434">180.83dp</dimen>
    <dimen name="x435">181.25dp</dimen>
    <dimen name="x436">181.67dp</dimen>
    <dimen name="x437">182.08dp</dimen>
    <dimen name="x438">182.50dp</dimen>
    <dimen name="x439">182.92dp</dimen>
    <dimen name="x440">183.33dp</dimen>
    <dimen name="x441">183.75dp</dimen>
    <dimen name="x442">184.17dp</dimen>
    <dimen name="x443">184.58dp</dimen>
    <dimen name="x444">185.00dp</dimen>
    <dimen name="x445">185.42dp</dimen>
    <dimen name="x446">185.83dp</dimen>
    <dimen name="x447">186.25dp</dimen>
    <dimen name="x448">186.67dp</dimen>
    <dimen name="x449">187.08dp</dimen>
    <dimen name="x450">187.50dp</dimen>
    <dimen name="x451">187.92dp</dimen>
    <dimen name="x452">188.33dp</dimen>
    <dimen name="x453">188.75dp</dimen>
    <dimen name="x454">189.17dp</dimen>
    <dimen name="x455">189.58dp</dimen>
    <dimen name="x456">190.00dp</dimen>
    <dimen name="x457">190.42dp</dimen>
    <dimen name="x458">190.83dp</dimen>
    <dimen name="x459">191.25dp</dimen>
    <dimen name="x460">191.67dp</dimen>
    <dimen name="x461">192.08dp</dimen>
    <dimen name="x462">192.50dp</dimen>
    <dimen name="x463">192.92dp</dimen>
    <dimen name="x464">193.33dp</dimen>
    <dimen name="x465">193.75dp</dimen>
    <dimen name="x466">194.17dp</dimen>
    <dimen name="x467">194.58dp</dimen>
    <dimen name="x468">195.00dp</dimen>
    <dimen name="x469">195.42dp</dimen>
    <dimen name="x470">195.83dp</dimen>
    <dimen name="x471">196.25dp</dimen>
    <dimen name="x472">196.67dp</dimen>
    <dimen name="x473">197.08dp</dimen>
    <dimen name="x474">197.50dp</dimen>
    <dimen name="x475">197.92dp</dimen>
    <dimen name="x476">198.33dp</dimen>
    <dimen name="x477">198.75dp</dimen>
    <dimen name="x478">199.17dp</dimen>
    <dimen name="x479">199.58dp</dimen>
    <dimen name="x480">200.00dp</dimen>
    <dimen name="x481">200.42dp</dimen>
    <dimen name="x482">200.83dp</dimen>
    <dimen name="x483">201.25dp</dimen>
    <dimen name="x484">201.67dp</dimen>
    <dimen name="x485">202.08dp</dimen>
    <dimen name="x486">202.50dp</dimen>
    <dimen name="x487">202.92dp</dimen>
    <dimen name="x488">203.33dp</dimen>
    <dimen name="x489">203.75dp</dimen>
    <dimen name="x490">204.17dp</dimen>
    <dimen name="x491">204.58dp</dimen>
    <dimen name="x492">205.00dp</dimen>
    <dimen name="x493">205.42dp</dimen>
    <dimen name="x494">205.83dp</dimen>
    <dimen name="x495">206.25dp</dimen>
    <dimen name="x496">206.67dp</dimen>
    <dimen name="x497">207.08dp</dimen>
    <dimen name="x498">207.50dp</dimen>
    <dimen name="x499">207.92dp</dimen>
    <dimen name="x500">208.33dp</dimen>
    <dimen name="x501">208.75dp</dimen>
    <dimen name="x502">209.17dp</dimen>
    <dimen name="x503">209.58dp</dimen>
    <dimen name="x504">210.00dp</dimen>
    <dimen name="x505">210.42dp</dimen>
    <dimen name="x506">210.83dp</dimen>
    <dimen name="x507">211.25dp</dimen>
    <dimen name="x508">211.67dp</dimen>
    <dimen name="x509">212.08dp</dimen>
    <dimen name="x510">212.50dp</dimen>
    <dimen name="x511">212.92dp</dimen>
    <dimen name="x512">213.33dp</dimen>
    <dimen name="x513">213.75dp</dimen>
    <dimen name="x514">214.17dp</dimen>
    <dimen name="x515">214.58dp</dimen>
    <dimen name="x516">215.00dp</dimen>
    <dimen name="x517">215.42dp</dimen>
    <dimen name="x518">215.83dp</dimen>
    <dimen name="x519">216.25dp</dimen>
    <dimen name="x520">216.67dp</dimen>
    <dimen name="x521">217.08dp</dimen>
    <dimen name="x522">217.50dp</dimen>
    <dimen name="x523">217.92dp</dimen>
    <dimen name="x524">218.33dp</dimen>
    <dimen name="x525">218.75dp</dimen>
    <dimen name="x526">219.17dp</dimen>
    <dimen name="x527">219.58dp</dimen>
    <dimen name="x528">220.00dp</dimen>
    <dimen name="x529">220.42dp</dimen>
    <dimen name="x530">220.83dp</dimen>
    <dimen name="x531">221.25dp</dimen>
    <dimen name="x532">221.67dp</dimen>
    <dimen name="x533">222.08dp</dimen>
    <dimen name="x534">222.50dp</dimen>
    <dimen name="x535">222.92dp</dimen>
    <dimen name="x536">223.33dp</dimen>
    <dimen name="x537">223.75dp</dimen>
    <dimen name="x538">224.17dp</dimen>
    <dimen name="x539">224.58dp</dimen>
    <dimen name="x540">225.00dp</dimen>
    <dimen name="x541">225.42dp</dimen>
    <dimen name="x542">225.83dp</dimen>
    <dimen name="x543">226.25dp</dimen>
    <dimen name="x544">226.67dp</dimen>
    <dimen name="x545">227.08dp</dimen>
    <dimen name="x546">227.50dp</dimen>
    <dimen name="x547">227.92dp</dimen>
    <dimen name="x548">228.33dp</dimen>
    <dimen name="x549">228.75dp</dimen>
    <dimen name="x550">229.17dp</dimen>
    <dimen name="x551">229.58dp</dimen>
    <dimen name="x552">230.00dp</dimen>
    <dimen name="x553">230.42dp</dimen>
    <dimen name="x554">230.83dp</dimen>
    <dimen name="x555">231.25dp</dimen>
    <dimen name="x556">231.67dp</dimen>
    <dimen name="x557">232.08dp</dimen>
    <dimen name="x558">232.50dp</dimen>
    <dimen name="x559">232.92dp</dimen>
    <dimen name="x560">233.33dp</dimen>
    <dimen name="x561">233.75dp</dimen>
    <dimen name="x562">234.17dp</dimen>
    <dimen name="x563">234.58dp</dimen>
    <dimen name="x564">235.00dp</dimen>
    <dimen name="x565">235.42dp</dimen>
    <dimen name="x566">235.83dp</dimen>
    <dimen name="x567">236.25dp</dimen>
    <dimen name="x568">236.67dp</dimen>
    <dimen name="x569">237.08dp</dimen>
    <dimen name="x570">237.50dp</dimen>
    <dimen name="x571">237.92dp</dimen>
    <dimen name="x572">238.33dp</dimen>
    <dimen name="x573">238.75dp</dimen>
    <dimen name="x574">239.17dp</dimen>
    <dimen name="x575">239.58dp</dimen>
    <dimen name="x576">240.00dp</dimen>
    <dimen name="x577">240.42dp</dimen>
    <dimen name="x578">240.83dp</dimen>
    <dimen name="x579">241.25dp</dimen>
    <dimen name="x580">241.67dp</dimen>
    <dimen name="x581">242.08dp</dimen>
    <dimen name="x582">242.50dp</dimen>
    <dimen name="x583">242.92dp</dimen>
    <dimen name="x584">243.33dp</dimen>
    <dimen name="x585">243.75dp</dimen>
    <dimen name="x586">244.17dp</dimen>
    <dimen name="x587">244.58dp</dimen>
    <dimen name="x588">245.00dp</dimen>
    <dimen name="x589">245.42dp</dimen>
    <dimen name="x590">245.83dp</dimen>
    <dimen name="x591">246.25dp</dimen>
    <dimen name="x592">246.67dp</dimen>
    <dimen name="x593">247.08dp</dimen>
    <dimen name="x594">247.50dp</dimen>
    <dimen name="x595">247.92dp</dimen>
    <dimen name="x596">248.33dp</dimen>
    <dimen name="x597">248.75dp</dimen>
    <dimen name="x598">249.17dp</dimen>
    <dimen name="x599">249.58dp</dimen>
    <dimen name="x600">250.00dp</dimen>
    <dimen name="x601">250.42dp</dimen>
    <dimen name="x602">250.83dp</dimen>
    <dimen name="x603">251.25dp</dimen>
    <dimen name="x604">251.67dp</dimen>
    <dimen name="x605">252.08dp</dimen>
    <dimen name="x606">252.50dp</dimen>
    <dimen name="x607">252.92dp</dimen>
    <dimen name="x608">253.33dp</dimen>
    <dimen name="x609">253.75dp</dimen>
    <dimen name="x610">254.17dp</dimen>
    <dimen name="x611">254.58dp</dimen>
    <dimen name="x612">255.00dp</dimen>
    <dimen name="x613">255.42dp</dimen>
    <dimen name="x614">255.83dp</dimen>
    <dimen name="x615">256.25dp</dimen>
    <dimen name="x616">256.67dp</dimen>
    <dimen name="x617">257.08dp</dimen>
    <dimen name="x618">257.50dp</dimen>
    <dimen name="x619">257.92dp</dimen>
    <dimen name="x620">258.33dp</dimen>
    <dimen name="x621">258.75dp</dimen>
    <dimen name="x622">259.17dp</dimen>
    <dimen name="x623">259.58dp</dimen>
    <dimen name="x624">260.00dp</dimen>
    <dimen name="x625">260.42dp</dimen>
    <dimen name="x626">260.83dp</dimen>
    <dimen name="x627">261.25dp</dimen>
    <dimen name="x628">261.67dp</dimen>
    <dimen name="x629">262.08dp</dimen>
    <dimen name="x630">262.50dp</dimen>
    <dimen name="x631">262.92dp</dimen>
    <dimen name="x632">263.33dp</dimen>
    <dimen name="x633">263.75dp</dimen>
    <dimen name="x634">264.17dp</dimen>
    <dimen name="x635">264.58dp</dimen>
    <dimen name="x636">265.00dp</dimen>
    <dimen name="x637">265.42dp</dimen>
    <dimen name="x638">265.83dp</dimen>
    <dimen name="x639">266.25dp</dimen>
    <dimen name="x640">266.67dp</dimen>
    <dimen name="x641">267.08dp</dimen>
    <dimen name="x642">267.50dp</dimen>
    <dimen name="x643">267.92dp</dimen>
    <dimen name="x644">268.33dp</dimen>
    <dimen name="x645">268.75dp</dimen>
    <dimen name="x646">269.17dp</dimen>
    <dimen name="x647">269.58dp</dimen>
    <dimen name="x648">270.00dp</dimen>
    <dimen name="x649">270.42dp</dimen>
    <dimen name="x650">270.83dp</dimen>
    <dimen name="x651">271.25dp</dimen>
    <dimen name="x652">271.67dp</dimen>
    <dimen name="x653">272.08dp</dimen>
    <dimen name="x654">272.50dp</dimen>
    <dimen name="x655">272.92dp</dimen>
    <dimen name="x656">273.33dp</dimen>
    <dimen name="x657">273.75dp</dimen>
    <dimen name="x658">274.17dp</dimen>
    <dimen name="x659">274.58dp</dimen>
    <dimen name="x660">275.00dp</dimen>
    <dimen name="x661">275.42dp</dimen>
    <dimen name="x662">275.83dp</dimen>
    <dimen name="x663">276.25dp</dimen>
    <dimen name="x664">276.67dp</dimen>
    <dimen name="x665">277.08dp</dimen>
    <dimen name="x666">277.50dp</dimen>
    <dimen name="x667">277.92dp</dimen>
    <dimen name="x668">278.33dp</dimen>
    <dimen name="x669">278.75dp</dimen>
    <dimen name="x670">279.17dp</dimen>
    <dimen name="x671">279.58dp</dimen>
    <dimen name="x672">280.00dp</dimen>
    <dimen name="x673">280.42dp</dimen>
    <dimen name="x674">280.83dp</dimen>
    <dimen name="x675">281.25dp</dimen>
    <dimen name="x676">281.67dp</dimen>
    <dimen name="x677">282.08dp</dimen>
    <dimen name="x678">282.50dp</dimen>
    <dimen name="x679">282.92dp</dimen>
    <dimen name="x680">283.33dp</dimen>
    <dimen name="x681">283.75dp</dimen>
    <dimen name="x682">284.17dp</dimen>
    <dimen name="x683">284.58dp</dimen>
    <dimen name="x684">285.00dp</dimen>
    <dimen name="x685">285.42dp</dimen>
    <dimen name="x686">285.83dp</dimen>
    <dimen name="x687">286.25dp</dimen>
    <dimen name="x688">286.67dp</dimen>
    <dimen name="x689">287.08dp</dimen>
    <dimen name="x690">287.50dp</dimen>
    <dimen name="x691">287.92dp</dimen>
    <dimen name="x692">288.33dp</dimen>
    <dimen name="x693">288.75dp</dimen>
    <dimen name="x694">289.17dp</dimen>
    <dimen name="x695">289.58dp</dimen>
    <dimen name="x696">290.00dp</dimen>
    <dimen name="x697">290.42dp</dimen>
    <dimen name="x698">290.83dp</dimen>
    <dimen name="x699">291.25dp</dimen>
    <dimen name="x700">291.67dp</dimen>
    <dimen name="x701">292.08dp</dimen>
    <dimen name="x702">292.50dp</dimen>
    <dimen name="x703">292.92dp</dimen>
    <dimen name="x704">293.33dp</dimen>
    <dimen name="x705">293.75dp</dimen>
    <dimen name="x706">294.17dp</dimen>
    <dimen name="x707">294.58dp</dimen>
    <dimen name="x708">295.00dp</dimen>
    <dimen name="x709">295.42dp</dimen>
    <dimen name="x710">295.83dp</dimen>
    <dimen name="x711">296.25dp</dimen>
    <dimen name="x712">296.67dp</dimen>
    <dimen name="x713">297.08dp</dimen>
    <dimen name="x714">297.50dp</dimen>
    <dimen name="x715">297.92dp</dimen>
    <dimen name="x716">298.33dp</dimen>
    <dimen name="x717">298.75dp</dimen>
    <dimen name="x718">299.17dp</dimen>
    <dimen name="x719">299.58dp</dimen>
    <dimen name="x720">300.00dp</dimen>
    <dimen name="x721">300.42dp</dimen>
    <dimen name="x722">300.83dp</dimen>
    <dimen name="x723">301.25dp</dimen>
    <dimen name="x724">301.67dp</dimen>
    <dimen name="x725">302.08dp</dimen>
    <dimen name="x726">302.50dp</dimen>
    <dimen name="x727">302.92dp</dimen>
    <dimen name="x728">303.33dp</dimen>
    <dimen name="x729">303.75dp</dimen>
    <dimen name="x730">304.17dp</dimen>
    <dimen name="x731">304.58dp</dimen>
    <dimen name="x732">305.00dp</dimen>
    <dimen name="x733">305.42dp</dimen>
    <dimen name="x734">305.83dp</dimen>
    <dimen name="x735">306.25dp</dimen>
    <dimen name="x736">306.67dp</dimen>
    <dimen name="x737">307.08dp</dimen>
    <dimen name="x738">307.50dp</dimen>
    <dimen name="x739">307.92dp</dimen>
    <dimen name="x740">308.33dp</dimen>
    <dimen name="x741">308.75dp</dimen>
    <dimen name="x742">309.17dp</dimen>
    <dimen name="x743">309.58dp</dimen>
    <dimen name="x744">310.00dp</dimen>
    <dimen name="x745">310.42dp</dimen>
    <dimen name="x746">310.83dp</dimen>
    <dimen name="x747">311.25dp</dimen>
    <dimen name="x748">311.67dp</dimen>
    <dimen name="x749">312.08dp</dimen>
    <dimen name="x750">312.50dp</dimen>
    <dimen name="x751">312.92dp</dimen>
    <dimen name="x752">313.33dp</dimen>
    <dimen name="x753">313.75dp</dimen>
    <dimen name="x754">314.17dp</dimen>
    <dimen name="x755">314.58dp</dimen>
    <dimen name="x756">315.00dp</dimen>
    <dimen name="x757">315.42dp</dimen>
    <dimen name="x758">315.83dp</dimen>
    <dimen name="x759">316.25dp</dimen>
    <dimen name="x760">316.67dp</dimen>
    <dimen name="x761">317.08dp</dimen>
    <dimen name="x762">317.50dp</dimen>
    <dimen name="x763">317.92dp</dimen>
    <dimen name="x764">318.33dp</dimen>
    <dimen name="x765">318.75dp</dimen>
    <dimen name="x766">319.17dp</dimen>
    <dimen name="x767">319.58dp</dimen>
    <dimen name="x768">320.00dp</dimen>
    <dimen name="x769">320.42dp</dimen>
    <dimen name="x770">320.83dp</dimen>
    <dimen name="x771">321.25dp</dimen>
    <dimen name="x772">321.67dp</dimen>
    <dimen name="x773">322.08dp</dimen>
    <dimen name="x774">322.50dp</dimen>
    <dimen name="x775">322.92dp</dimen>
    <dimen name="x776">323.33dp</dimen>
    <dimen name="x777">323.75dp</dimen>
    <dimen name="x778">324.17dp</dimen>
    <dimen name="x779">324.58dp</dimen>
    <dimen name="x780">325.00dp</dimen>
    <dimen name="x781">325.42dp</dimen>
    <dimen name="x782">325.83dp</dimen>
    <dimen name="x783">326.25dp</dimen>
    <dimen name="x784">326.67dp</dimen>
    <dimen name="x785">327.08dp</dimen>
    <dimen name="x786">327.50dp</dimen>
    <dimen name="x787">327.92dp</dimen>
    <dimen name="x788">328.33dp</dimen>
    <dimen name="x789">328.75dp</dimen>
    <dimen name="x790">329.17dp</dimen>
    <dimen name="x791">329.58dp</dimen>
    <dimen name="x792">330.00dp</dimen>
    <dimen name="x793">330.42dp</dimen>
    <dimen name="x794">330.83dp</dimen>
    <dimen name="x795">331.25dp</dimen>
    <dimen name="x796">331.67dp</dimen>
    <dimen name="x797">332.08dp</dimen>
    <dimen name="x798">332.50dp</dimen>
    <dimen name="x799">332.92dp</dimen>
    <dimen name="x800">333.33dp</dimen>
    <dimen name="x801">333.75dp</dimen>
    <dimen name="x802">334.17dp</dimen>
    <dimen name="x803">334.58dp</dimen>
    <dimen name="x804">335.00dp</dimen>
    <dimen name="x805">335.42dp</dimen>
    <dimen name="x806">335.83dp</dimen>
    <dimen name="x807">336.25dp</dimen>
    <dimen name="x808">336.67dp</dimen>
    <dimen name="x809">337.08dp</dimen>
    <dimen name="x810">337.50dp</dimen>
    <dimen name="x811">337.92dp</dimen>
    <dimen name="x812">338.33dp</dimen>
    <dimen name="x813">338.75dp</dimen>
    <dimen name="x814">339.17dp</dimen>
    <dimen name="x815">339.58dp</dimen>
    <dimen name="x816">340.00dp</dimen>
    <dimen name="x817">340.42dp</dimen>
    <dimen name="x818">340.83dp</dimen>
    <dimen name="x819">341.25dp</dimen>
    <dimen name="x820">341.67dp</dimen>
    <dimen name="x821">342.08dp</dimen>
    <dimen name="x822">342.50dp</dimen>
    <dimen name="x823">342.92dp</dimen>
    <dimen name="x824">343.33dp</dimen>
    <dimen name="x825">343.75dp</dimen>
    <dimen name="x826">344.17dp</dimen>
    <dimen name="x827">344.58dp</dimen>
    <dimen name="x828">345.00dp</dimen>
    <dimen name="x829">345.42dp</dimen>
    <dimen name="x830">345.83dp</dimen>
    <dimen name="x831">346.25dp</dimen>
    <dimen name="x832">346.67dp</dimen>
    <dimen name="x833">347.08dp</dimen>
    <dimen name="x834">347.50dp</dimen>
    <dimen name="x835">347.92dp</dimen>
    <dimen name="x836">348.33dp</dimen>
    <dimen name="x837">348.75dp</dimen>
    <dimen name="x838">349.17dp</dimen>
    <dimen name="x839">349.58dp</dimen>
    <dimen name="x840">350.00dp</dimen>
    <dimen name="x841">350.42dp</dimen>
    <dimen name="x842">350.83dp</dimen>
    <dimen name="x843">351.25dp</dimen>
    <dimen name="x844">351.67dp</dimen>
    <dimen name="x845">352.08dp</dimen>
    <dimen name="x846">352.50dp</dimen>
    <dimen name="x847">352.92dp</dimen>
    <dimen name="x848">353.33dp</dimen>
    <dimen name="x849">353.75dp</dimen>
    <dimen name="x850">354.17dp</dimen>
    <dimen name="x851">354.58dp</dimen>
    <dimen name="x852">355.00dp</dimen>
    <dimen name="x853">355.42dp</dimen>
    <dimen name="x854">355.83dp</dimen>
    <dimen name="x855">356.25dp</dimen>
    <dimen name="x856">356.67dp</dimen>
    <dimen name="x857">357.08dp</dimen>
    <dimen name="x858">357.50dp</dimen>
    <dimen name="x859">357.92dp</dimen>
    <dimen name="x860">358.33dp</dimen>
    <dimen name="x861">358.75dp</dimen>
    <dimen name="x862">359.17dp</dimen>
    <dimen name="x863">359.58dp</dimen>
    <dimen name="x864">360.00dp</dimen>
    <dimen name="x865">360.42dp</dimen>
    <dimen name="x866">360.83dp</dimen>
    <dimen name="x867">361.25dp</dimen>
    <dimen name="x868">361.67dp</dimen>
    <dimen name="x869">362.08dp</dimen>
    <dimen name="x870">362.50dp</dimen>
    <dimen name="x871">362.92dp</dimen>
    <dimen name="x872">363.33dp</dimen>
    <dimen name="x873">363.75dp</dimen>
    <dimen name="x874">364.17dp</dimen>
    <dimen name="x875">364.58dp</dimen>
    <dimen name="x876">365.00dp</dimen>
    <dimen name="x877">365.42dp</dimen>
    <dimen name="x878">365.83dp</dimen>
    <dimen name="x879">366.25dp</dimen>
    <dimen name="x880">366.67dp</dimen>
    <dimen name="x881">367.08dp</dimen>
    <dimen name="x882">367.50dp</dimen>
    <dimen name="x883">367.92dp</dimen>
    <dimen name="x884">368.33dp</dimen>
    <dimen name="x885">368.75dp</dimen>
    <dimen name="x886">369.17dp</dimen>
    <dimen name="x887">369.58dp</dimen>
    <dimen name="x888">370.00dp</dimen>
    <dimen name="x889">370.42dp</dimen>
    <dimen name="x890">370.83dp</dimen>
    <dimen name="x891">371.25dp</dimen>
    <dimen name="x892">371.67dp</dimen>
    <dimen name="x893">372.08dp</dimen>
    <dimen name="x894">372.50dp</dimen>
    <dimen name="x895">372.92dp</dimen>
    <dimen name="x896">373.33dp</dimen>
    <dimen name="x897">373.75dp</dimen>
    <dimen name="x898">374.17dp</dimen>
    <dimen name="x899">374.58dp</dimen>
    <dimen name="x900">375.00dp</dimen>
    <dimen name="x901">375.42dp</dimen>
    <dimen name="x902">375.83dp</dimen>
    <dimen name="x903">376.25dp</dimen>
    <dimen name="x904">376.67dp</dimen>
    <dimen name="x905">377.08dp</dimen>
    <dimen name="x906">377.50dp</dimen>
    <dimen name="x907">377.92dp</dimen>
    <dimen name="x908">378.33dp</dimen>
    <dimen name="x909">378.75dp</dimen>
    <dimen name="x910">379.17dp</dimen>
    <dimen name="x911">379.58dp</dimen>
    <dimen name="x912">380.00dp</dimen>
    <dimen name="x913">380.42dp</dimen>
    <dimen name="x914">380.83dp</dimen>
    <dimen name="x915">381.25dp</dimen>
    <dimen name="x916">381.67dp</dimen>
    <dimen name="x917">382.08dp</dimen>
    <dimen name="x918">382.50dp</dimen>
    <dimen name="x919">382.92dp</dimen>
    <dimen name="x920">383.33dp</dimen>
    <dimen name="x921">383.75dp</dimen>
    <dimen name="x922">384.17dp</dimen>
    <dimen name="x923">384.58dp</dimen>
    <dimen name="x924">385.00dp</dimen>
    <dimen name="x925">385.42dp</dimen>
    <dimen name="x926">385.83dp</dimen>
    <dimen name="x927">386.25dp</dimen>
    <dimen name="x928">386.67dp</dimen>
    <dimen name="x929">387.08dp</dimen>
    <dimen name="x930">387.50dp</dimen>
    <dimen name="x931">387.92dp</dimen>
    <dimen name="x932">388.33dp</dimen>
    <dimen name="x933">388.75dp</dimen>
    <dimen name="x934">389.17dp</dimen>
    <dimen name="x935">389.58dp</dimen>
    <dimen name="x936">390.00dp</dimen>
    <dimen name="x937">390.42dp</dimen>
    <dimen name="x938">390.83dp</dimen>
    <dimen name="x939">391.25dp</dimen>
    <dimen name="x940">391.67dp</dimen>
    <dimen name="x941">392.08dp</dimen>
    <dimen name="x942">392.50dp</dimen>
    <dimen name="x943">392.92dp</dimen>
    <dimen name="x944">393.33dp</dimen>
    <dimen name="x945">393.75dp</dimen>
    <dimen name="x946">394.17dp</dimen>
    <dimen name="x947">394.58dp</dimen>
    <dimen name="x948">395.00dp</dimen>
    <dimen name="x949">395.42dp</dimen>
    <dimen name="x950">395.83dp</dimen>
    <dimen name="x951">396.25dp</dimen>
    <dimen name="x952">396.67dp</dimen>
    <dimen name="x953">397.08dp</dimen>
    <dimen name="x954">397.50dp</dimen>
    <dimen name="x955">397.92dp</dimen>
    <dimen name="x956">398.33dp</dimen>
    <dimen name="x957">398.75dp</dimen>
    <dimen name="x958">399.17dp</dimen>
    <dimen name="x959">399.58dp</dimen>
    <dimen name="x960">400.00dp</dimen>
    <dimen name="x961">400.42dp</dimen>
    <dimen name="x962">400.83dp</dimen>
    <dimen name="x963">401.25dp</dimen>
    <dimen name="x964">401.67dp</dimen>
    <dimen name="x965">402.08dp</dimen>
    <dimen name="x966">402.50dp</dimen>
    <dimen name="x967">402.92dp</dimen>
    <dimen name="x968">403.33dp</dimen>
    <dimen name="x969">403.75dp</dimen>
    <dimen name="x970">404.17dp</dimen>
    <dimen name="x971">404.58dp</dimen>
    <dimen name="x972">405.00dp</dimen>
    <dimen name="x973">405.42dp</dimen>
    <dimen name="x974">405.83dp</dimen>
    <dimen name="x975">406.25dp</dimen>
    <dimen name="x976">406.67dp</dimen>
    <dimen name="x977">407.08dp</dimen>
    <dimen name="x978">407.50dp</dimen>
    <dimen name="x979">407.92dp</dimen>
    <dimen name="x980">408.33dp</dimen>
    <dimen name="x981">408.75dp</dimen>
    <dimen name="x982">409.17dp</dimen>
    <dimen name="x983">409.58dp</dimen>
    <dimen name="x984">410.00dp</dimen>
    <dimen name="x985">410.42dp</dimen>
    <dimen name="x986">410.83dp</dimen>
    <dimen name="x987">411.25dp</dimen>
    <dimen name="x988">411.67dp</dimen>
    <dimen name="x989">412.08dp</dimen>
    <dimen name="x990">412.50dp</dimen>
    <dimen name="x991">412.92dp</dimen>
    <dimen name="x992">413.33dp</dimen>
    <dimen name="x993">413.75dp</dimen>
    <dimen name="x994">414.17dp</dimen>
    <dimen name="x995">414.58dp</dimen>
    <dimen name="x996">415.00dp</dimen>
    <dimen name="x997">415.42dp</dimen>
    <dimen name="x998">415.83dp</dimen>
    <dimen name="x999">416.25dp</dimen>
    <dimen name="x1000">416.67dp</dimen>
    <dimen name="x1001">417.08dp</dimen>
    <dimen name="x1002">417.50dp</dimen>
    <dimen name="x1003">417.92dp</dimen>
    <dimen name="x1004">418.33dp</dimen>
    <dimen name="x1005">418.75dp</dimen>
    <dimen name="x1006">419.17dp</dimen>
    <dimen name="x1007">419.58dp</dimen>
    <dimen name="x1008">420.00dp</dimen>
    <dimen name="x1009">420.42dp</dimen>
    <dimen name="x1010">420.83dp</dimen>
    <dimen name="x1011">421.25dp</dimen>
    <dimen name="x1012">421.67dp</dimen>
    <dimen name="x1013">422.08dp</dimen>
    <dimen name="x1014">422.50dp</dimen>
    <dimen name="x1015">422.92dp</dimen>
    <dimen name="x1016">423.33dp</dimen>
    <dimen name="x1017">423.75dp</dimen>
    <dimen name="x1018">424.17dp</dimen>
    <dimen name="x1019">424.58dp</dimen>
    <dimen name="x1020">425.00dp</dimen>
    <dimen name="x1021">425.42dp</dimen>
    <dimen name="x1022">425.83dp</dimen>
    <dimen name="x1023">426.25dp</dimen>
    <dimen name="x1024">426.67dp</dimen>
    <dimen name="x1025">427.08dp</dimen>
    <dimen name="x1026">427.50dp</dimen>
    <dimen name="x1027">427.92dp</dimen>
    <dimen name="x1028">428.33dp</dimen>
    <dimen name="x1029">428.75dp</dimen>
    <dimen name="x1030">429.17dp</dimen>
    <dimen name="x1031">429.58dp</dimen>
    <dimen name="x1032">430.00dp</dimen>
    <dimen name="x1033">430.42dp</dimen>
    <dimen name="x1034">430.83dp</dimen>
    <dimen name="x1035">431.25dp</dimen>
    <dimen name="x1036">431.67dp</dimen>
    <dimen name="x1037">432.08dp</dimen>
    <dimen name="x1038">432.50dp</dimen>
    <dimen name="x1039">432.92dp</dimen>
    <dimen name="x1040">433.33dp</dimen>
    <dimen name="x1041">433.75dp</dimen>
    <dimen name="x1042">434.17dp</dimen>
    <dimen name="x1043">434.58dp</dimen>
    <dimen name="x1044">435.00dp</dimen>
    <dimen name="x1045">435.42dp</dimen>
    <dimen name="x1046">435.83dp</dimen>
    <dimen name="x1047">436.25dp</dimen>
    <dimen name="x1048">436.67dp</dimen>
    <dimen name="x1049">437.08dp</dimen>
    <dimen name="x1050">437.50dp</dimen>
    <dimen name="x1051">437.92dp</dimen>
    <dimen name="x1052">438.33dp</dimen>
    <dimen name="x1053">438.75dp</dimen>
    <dimen name="x1054">439.17dp</dimen>
    <dimen name="x1055">439.58dp</dimen>
    <dimen name="x1056">440.00dp</dimen>
    <dimen name="x1057">440.42dp</dimen>
    <dimen name="x1058">440.83dp</dimen>
    <dimen name="x1059">441.25dp</dimen>
    <dimen name="x1060">441.67dp</dimen>
    <dimen name="x1061">442.08dp</dimen>
    <dimen name="x1062">442.50dp</dimen>
    <dimen name="x1063">442.92dp</dimen>
    <dimen name="x1064">443.33dp</dimen>
    <dimen name="x1065">443.75dp</dimen>
    <dimen name="x1066">444.17dp</dimen>
    <dimen name="x1067">444.58dp</dimen>
    <dimen name="x1068">445.00dp</dimen>
    <dimen name="x1069">445.42dp</dimen>
    <dimen name="x1070">445.83dp</dimen>
    <dimen name="x1071">446.25dp</dimen>
    <dimen name="x1072">446.67dp</dimen>
    <dimen name="x1073">447.08dp</dimen>
    <dimen name="x1074">447.50dp</dimen>
    <dimen name="x1075">447.92dp</dimen>
    <dimen name="x1076">448.33dp</dimen>
    <dimen name="x1077">448.75dp</dimen>
    <dimen name="x1078">449.17dp</dimen>
    <dimen name="x1079">449.58dp</dimen>
    <dimen name="x1080">450.00dp</dimen>
</resources>