<?xml version="1.0" encoding="utf-8"?>
<resources>
    <string name="sw_dp">970dp</string>
    <dimen name="x1">0.90dp</dimen>
    <dimen name="x2">1.80dp</dimen>
    <dimen name="x3">2.69dp</dimen>
    <dimen name="x4">3.59dp</dimen>
    <dimen name="x5">4.49dp</dimen>
    <dimen name="x6">5.39dp</dimen>
    <dimen name="x7">6.29dp</dimen>
    <dimen name="x8">7.19dp</dimen>
    <dimen name="x9">8.08dp</dimen>
    <dimen name="x10">8.98dp</dimen>
    <dimen name="x11">9.88dp</dimen>
    <dimen name="x12">10.78dp</dimen>
    <dimen name="x13">11.68dp</dimen>
    <dimen name="x14">12.57dp</dimen>
    <dimen name="x15">13.47dp</dimen>
    <dimen name="x16">14.37dp</dimen>
    <dimen name="x17">15.27dp</dimen>
    <dimen name="x18">16.17dp</dimen>
    <dimen name="x19">17.06dp</dimen>
    <dimen name="x20">17.96dp</dimen>
    <dimen name="x21">18.86dp</dimen>
    <dimen name="x22">19.76dp</dimen>
    <dimen name="x23">20.66dp</dimen>
    <dimen name="x24">21.56dp</dimen>
    <dimen name="x25">22.45dp</dimen>
    <dimen name="x26">23.35dp</dimen>
    <dimen name="x27">24.25dp</dimen>
    <dimen name="x28">25.15dp</dimen>
    <dimen name="x29">26.05dp</dimen>
    <dimen name="x30">26.94dp</dimen>
    <dimen name="x31">27.84dp</dimen>
    <dimen name="x32">28.74dp</dimen>
    <dimen name="x33">29.64dp</dimen>
    <dimen name="x34">30.54dp</dimen>
    <dimen name="x35">31.44dp</dimen>
    <dimen name="x36">32.33dp</dimen>
    <dimen name="x37">33.23dp</dimen>
    <dimen name="x38">34.13dp</dimen>
    <dimen name="x39">35.03dp</dimen>
    <dimen name="x40">35.93dp</dimen>
    <dimen name="x41">36.82dp</dimen>
    <dimen name="x42">37.72dp</dimen>
    <dimen name="x43">38.62dp</dimen>
    <dimen name="x44">39.52dp</dimen>
    <dimen name="x45">40.42dp</dimen>
    <dimen name="x46">41.31dp</dimen>
    <dimen name="x47">42.21dp</dimen>
    <dimen name="x48">43.11dp</dimen>
    <dimen name="x49">44.01dp</dimen>
    <dimen name="x50">44.91dp</dimen>
    <dimen name="x51">45.81dp</dimen>
    <dimen name="x52">46.70dp</dimen>
    <dimen name="x53">47.60dp</dimen>
    <dimen name="x54">48.50dp</dimen>
    <dimen name="x55">49.40dp</dimen>
    <dimen name="x56">50.30dp</dimen>
    <dimen name="x57">51.19dp</dimen>
    <dimen name="x58">52.09dp</dimen>
    <dimen name="x59">52.99dp</dimen>
    <dimen name="x60">53.89dp</dimen>
    <dimen name="x61">54.79dp</dimen>
    <dimen name="x62">55.69dp</dimen>
    <dimen name="x63">56.58dp</dimen>
    <dimen name="x64">57.48dp</dimen>
    <dimen name="x65">58.38dp</dimen>
    <dimen name="x66">59.28dp</dimen>
    <dimen name="x67">60.18dp</dimen>
    <dimen name="x68">61.07dp</dimen>
    <dimen name="x69">61.97dp</dimen>
    <dimen name="x70">62.87dp</dimen>
    <dimen name="x71">63.77dp</dimen>
    <dimen name="x72">64.67dp</dimen>
    <dimen name="x73">65.56dp</dimen>
    <dimen name="x74">66.46dp</dimen>
    <dimen name="x75">67.36dp</dimen>
    <dimen name="x76">68.26dp</dimen>
    <dimen name="x77">69.16dp</dimen>
    <dimen name="x78">70.06dp</dimen>
    <dimen name="x79">70.95dp</dimen>
    <dimen name="x80">71.85dp</dimen>
    <dimen name="x81">72.75dp</dimen>
    <dimen name="x82">73.65dp</dimen>
    <dimen name="x83">74.55dp</dimen>
    <dimen name="x84">75.44dp</dimen>
    <dimen name="x85">76.34dp</dimen>
    <dimen name="x86">77.24dp</dimen>
    <dimen name="x87">78.14dp</dimen>
    <dimen name="x88">79.04dp</dimen>
    <dimen name="x89">79.94dp</dimen>
    <dimen name="x90">80.83dp</dimen>
    <dimen name="x91">81.73dp</dimen>
    <dimen name="x92">82.63dp</dimen>
    <dimen name="x93">83.53dp</dimen>
    <dimen name="x94">84.43dp</dimen>
    <dimen name="x95">85.32dp</dimen>
    <dimen name="x96">86.22dp</dimen>
    <dimen name="x97">87.12dp</dimen>
    <dimen name="x98">88.02dp</dimen>
    <dimen name="x99">88.92dp</dimen>
    <dimen name="x100">89.81dp</dimen>
    <dimen name="x101">90.71dp</dimen>
    <dimen name="x102">91.61dp</dimen>
    <dimen name="x103">92.51dp</dimen>
    <dimen name="x104">93.41dp</dimen>
    <dimen name="x105">94.31dp</dimen>
    <dimen name="x106">95.20dp</dimen>
    <dimen name="x107">96.10dp</dimen>
    <dimen name="x108">97.00dp</dimen>
    <dimen name="x109">97.90dp</dimen>
    <dimen name="x110">98.80dp</dimen>
    <dimen name="x111">99.69dp</dimen>
    <dimen name="x112">100.59dp</dimen>
    <dimen name="x113">101.49dp</dimen>
    <dimen name="x114">102.39dp</dimen>
    <dimen name="x115">103.29dp</dimen>
    <dimen name="x116">104.19dp</dimen>
    <dimen name="x117">105.08dp</dimen>
    <dimen name="x118">105.98dp</dimen>
    <dimen name="x119">106.88dp</dimen>
    <dimen name="x120">107.78dp</dimen>
    <dimen name="x121">108.68dp</dimen>
    <dimen name="x122">109.57dp</dimen>
    <dimen name="x123">110.47dp</dimen>
    <dimen name="x124">111.37dp</dimen>
    <dimen name="x125">112.27dp</dimen>
    <dimen name="x126">113.17dp</dimen>
    <dimen name="x127">114.06dp</dimen>
    <dimen name="x128">114.96dp</dimen>
    <dimen name="x129">115.86dp</dimen>
    <dimen name="x130">116.76dp</dimen>
    <dimen name="x131">117.66dp</dimen>
    <dimen name="x132">118.56dp</dimen>
    <dimen name="x133">119.45dp</dimen>
    <dimen name="x134">120.35dp</dimen>
    <dimen name="x135">121.25dp</dimen>
    <dimen name="x136">122.15dp</dimen>
    <dimen name="x137">123.05dp</dimen>
    <dimen name="x138">123.94dp</dimen>
    <dimen name="x139">124.84dp</dimen>
    <dimen name="x140">125.74dp</dimen>
    <dimen name="x141">126.64dp</dimen>
    <dimen name="x142">127.54dp</dimen>
    <dimen name="x143">128.44dp</dimen>
    <dimen name="x144">129.33dp</dimen>
    <dimen name="x145">130.23dp</dimen>
    <dimen name="x146">131.13dp</dimen>
    <dimen name="x147">132.03dp</dimen>
    <dimen name="x148">132.93dp</dimen>
    <dimen name="x149">133.82dp</dimen>
    <dimen name="x150">134.72dp</dimen>
    <dimen name="x151">135.62dp</dimen>
    <dimen name="x152">136.52dp</dimen>
    <dimen name="x153">137.42dp</dimen>
    <dimen name="x154">138.31dp</dimen>
    <dimen name="x155">139.21dp</dimen>
    <dimen name="x156">140.11dp</dimen>
    <dimen name="x157">141.01dp</dimen>
    <dimen name="x158">141.91dp</dimen>
    <dimen name="x159">142.81dp</dimen>
    <dimen name="x160">143.70dp</dimen>
    <dimen name="x161">144.60dp</dimen>
    <dimen name="x162">145.50dp</dimen>
    <dimen name="x163">146.40dp</dimen>
    <dimen name="x164">147.30dp</dimen>
    <dimen name="x165">148.19dp</dimen>
    <dimen name="x166">149.09dp</dimen>
    <dimen name="x167">149.99dp</dimen>
    <dimen name="x168">150.89dp</dimen>
    <dimen name="x169">151.79dp</dimen>
    <dimen name="x170">152.69dp</dimen>
    <dimen name="x171">153.58dp</dimen>
    <dimen name="x172">154.48dp</dimen>
    <dimen name="x173">155.38dp</dimen>
    <dimen name="x174">156.28dp</dimen>
    <dimen name="x175">157.18dp</dimen>
    <dimen name="x176">158.07dp</dimen>
    <dimen name="x177">158.97dp</dimen>
    <dimen name="x178">159.87dp</dimen>
    <dimen name="x179">160.77dp</dimen>
    <dimen name="x180">161.67dp</dimen>
    <dimen name="x181">162.56dp</dimen>
    <dimen name="x182">163.46dp</dimen>
    <dimen name="x183">164.36dp</dimen>
    <dimen name="x184">165.26dp</dimen>
    <dimen name="x185">166.16dp</dimen>
    <dimen name="x186">167.06dp</dimen>
    <dimen name="x187">167.95dp</dimen>
    <dimen name="x188">168.85dp</dimen>
    <dimen name="x189">169.75dp</dimen>
    <dimen name="x190">170.65dp</dimen>
    <dimen name="x191">171.55dp</dimen>
    <dimen name="x192">172.44dp</dimen>
    <dimen name="x193">173.34dp</dimen>
    <dimen name="x194">174.24dp</dimen>
    <dimen name="x195">175.14dp</dimen>
    <dimen name="x196">176.04dp</dimen>
    <dimen name="x197">176.94dp</dimen>
    <dimen name="x198">177.83dp</dimen>
    <dimen name="x199">178.73dp</dimen>
    <dimen name="x200">179.63dp</dimen>
    <dimen name="x201">180.53dp</dimen>
    <dimen name="x202">181.43dp</dimen>
    <dimen name="x203">182.32dp</dimen>
    <dimen name="x204">183.22dp</dimen>
    <dimen name="x205">184.12dp</dimen>
    <dimen name="x206">185.02dp</dimen>
    <dimen name="x207">185.92dp</dimen>
    <dimen name="x208">186.81dp</dimen>
    <dimen name="x209">187.71dp</dimen>
    <dimen name="x210">188.61dp</dimen>
    <dimen name="x211">189.51dp</dimen>
    <dimen name="x212">190.41dp</dimen>
    <dimen name="x213">191.31dp</dimen>
    <dimen name="x214">192.20dp</dimen>
    <dimen name="x215">193.10dp</dimen>
    <dimen name="x216">194.00dp</dimen>
    <dimen name="x217">194.90dp</dimen>
    <dimen name="x218">195.80dp</dimen>
    <dimen name="x219">196.69dp</dimen>
    <dimen name="x220">197.59dp</dimen>
    <dimen name="x221">198.49dp</dimen>
    <dimen name="x222">199.39dp</dimen>
    <dimen name="x223">200.29dp</dimen>
    <dimen name="x224">201.19dp</dimen>
    <dimen name="x225">202.08dp</dimen>
    <dimen name="x226">202.98dp</dimen>
    <dimen name="x227">203.88dp</dimen>
    <dimen name="x228">204.78dp</dimen>
    <dimen name="x229">205.68dp</dimen>
    <dimen name="x230">206.57dp</dimen>
    <dimen name="x231">207.47dp</dimen>
    <dimen name="x232">208.37dp</dimen>
    <dimen name="x233">209.27dp</dimen>
    <dimen name="x234">210.17dp</dimen>
    <dimen name="x235">211.06dp</dimen>
    <dimen name="x236">211.96dp</dimen>
    <dimen name="x237">212.86dp</dimen>
    <dimen name="x238">213.76dp</dimen>
    <dimen name="x239">214.66dp</dimen>
    <dimen name="x240">215.56dp</dimen>
    <dimen name="x241">216.45dp</dimen>
    <dimen name="x242">217.35dp</dimen>
    <dimen name="x243">218.25dp</dimen>
    <dimen name="x244">219.15dp</dimen>
    <dimen name="x245">220.05dp</dimen>
    <dimen name="x246">220.94dp</dimen>
    <dimen name="x247">221.84dp</dimen>
    <dimen name="x248">222.74dp</dimen>
    <dimen name="x249">223.64dp</dimen>
    <dimen name="x250">224.54dp</dimen>
    <dimen name="x251">225.44dp</dimen>
    <dimen name="x252">226.33dp</dimen>
    <dimen name="x253">227.23dp</dimen>
    <dimen name="x254">228.13dp</dimen>
    <dimen name="x255">229.03dp</dimen>
    <dimen name="x256">229.93dp</dimen>
    <dimen name="x257">230.82dp</dimen>
    <dimen name="x258">231.72dp</dimen>
    <dimen name="x259">232.62dp</dimen>
    <dimen name="x260">233.52dp</dimen>
    <dimen name="x261">234.42dp</dimen>
    <dimen name="x262">235.31dp</dimen>
    <dimen name="x263">236.21dp</dimen>
    <dimen name="x264">237.11dp</dimen>
    <dimen name="x265">238.01dp</dimen>
    <dimen name="x266">238.91dp</dimen>
    <dimen name="x267">239.81dp</dimen>
    <dimen name="x268">240.70dp</dimen>
    <dimen name="x269">241.60dp</dimen>
    <dimen name="x270">242.50dp</dimen>
    <dimen name="x271">243.40dp</dimen>
    <dimen name="x272">244.30dp</dimen>
    <dimen name="x273">245.19dp</dimen>
    <dimen name="x274">246.09dp</dimen>
    <dimen name="x275">246.99dp</dimen>
    <dimen name="x276">247.89dp</dimen>
    <dimen name="x277">248.79dp</dimen>
    <dimen name="x278">249.69dp</dimen>
    <dimen name="x279">250.58dp</dimen>
    <dimen name="x280">251.48dp</dimen>
    <dimen name="x281">252.38dp</dimen>
    <dimen name="x282">253.28dp</dimen>
    <dimen name="x283">254.18dp</dimen>
    <dimen name="x284">255.07dp</dimen>
    <dimen name="x285">255.97dp</dimen>
    <dimen name="x286">256.87dp</dimen>
    <dimen name="x287">257.77dp</dimen>
    <dimen name="x288">258.67dp</dimen>
    <dimen name="x289">259.56dp</dimen>
    <dimen name="x290">260.46dp</dimen>
    <dimen name="x291">261.36dp</dimen>
    <dimen name="x292">262.26dp</dimen>
    <dimen name="x293">263.16dp</dimen>
    <dimen name="x294">264.06dp</dimen>
    <dimen name="x295">264.95dp</dimen>
    <dimen name="x296">265.85dp</dimen>
    <dimen name="x297">266.75dp</dimen>
    <dimen name="x298">267.65dp</dimen>
    <dimen name="x299">268.55dp</dimen>
    <dimen name="x300">269.44dp</dimen>
    <dimen name="x301">270.34dp</dimen>
    <dimen name="x302">271.24dp</dimen>
    <dimen name="x303">272.14dp</dimen>
    <dimen name="x304">273.04dp</dimen>
    <dimen name="x305">273.94dp</dimen>
    <dimen name="x306">274.83dp</dimen>
    <dimen name="x307">275.73dp</dimen>
    <dimen name="x308">276.63dp</dimen>
    <dimen name="x309">277.53dp</dimen>
    <dimen name="x310">278.43dp</dimen>
    <dimen name="x311">279.32dp</dimen>
    <dimen name="x312">280.22dp</dimen>
    <dimen name="x313">281.12dp</dimen>
    <dimen name="x314">282.02dp</dimen>
    <dimen name="x315">282.92dp</dimen>
    <dimen name="x316">283.81dp</dimen>
    <dimen name="x317">284.71dp</dimen>
    <dimen name="x318">285.61dp</dimen>
    <dimen name="x319">286.51dp</dimen>
    <dimen name="x320">287.41dp</dimen>
    <dimen name="x321">288.31dp</dimen>
    <dimen name="x322">289.20dp</dimen>
    <dimen name="x323">290.10dp</dimen>
    <dimen name="x324">291.00dp</dimen>
    <dimen name="x325">291.90dp</dimen>
    <dimen name="x326">292.80dp</dimen>
    <dimen name="x327">293.69dp</dimen>
    <dimen name="x328">294.59dp</dimen>
    <dimen name="x329">295.49dp</dimen>
    <dimen name="x330">296.39dp</dimen>
    <dimen name="x331">297.29dp</dimen>
    <dimen name="x332">298.19dp</dimen>
    <dimen name="x333">299.08dp</dimen>
    <dimen name="x334">299.98dp</dimen>
    <dimen name="x335">300.88dp</dimen>
    <dimen name="x336">301.78dp</dimen>
    <dimen name="x337">302.68dp</dimen>
    <dimen name="x338">303.57dp</dimen>
    <dimen name="x339">304.47dp</dimen>
    <dimen name="x340">305.37dp</dimen>
    <dimen name="x341">306.27dp</dimen>
    <dimen name="x342">307.17dp</dimen>
    <dimen name="x343">308.06dp</dimen>
    <dimen name="x344">308.96dp</dimen>
    <dimen name="x345">309.86dp</dimen>
    <dimen name="x346">310.76dp</dimen>
    <dimen name="x347">311.66dp</dimen>
    <dimen name="x348">312.56dp</dimen>
    <dimen name="x349">313.45dp</dimen>
    <dimen name="x350">314.35dp</dimen>
    <dimen name="x351">315.25dp</dimen>
    <dimen name="x352">316.15dp</dimen>
    <dimen name="x353">317.05dp</dimen>
    <dimen name="x354">317.94dp</dimen>
    <dimen name="x355">318.84dp</dimen>
    <dimen name="x356">319.74dp</dimen>
    <dimen name="x357">320.64dp</dimen>
    <dimen name="x358">321.54dp</dimen>
    <dimen name="x359">322.44dp</dimen>
    <dimen name="x360">323.33dp</dimen>
    <dimen name="x361">324.23dp</dimen>
    <dimen name="x362">325.13dp</dimen>
    <dimen name="x363">326.03dp</dimen>
    <dimen name="x364">326.93dp</dimen>
    <dimen name="x365">327.82dp</dimen>
    <dimen name="x366">328.72dp</dimen>
    <dimen name="x367">329.62dp</dimen>
    <dimen name="x368">330.52dp</dimen>
    <dimen name="x369">331.42dp</dimen>
    <dimen name="x370">332.31dp</dimen>
    <dimen name="x371">333.21dp</dimen>
    <dimen name="x372">334.11dp</dimen>
    <dimen name="x373">335.01dp</dimen>
    <dimen name="x374">335.91dp</dimen>
    <dimen name="x375">336.81dp</dimen>
    <dimen name="x376">337.70dp</dimen>
    <dimen name="x377">338.60dp</dimen>
    <dimen name="x378">339.50dp</dimen>
    <dimen name="x379">340.40dp</dimen>
    <dimen name="x380">341.30dp</dimen>
    <dimen name="x381">342.19dp</dimen>
    <dimen name="x382">343.09dp</dimen>
    <dimen name="x383">343.99dp</dimen>
    <dimen name="x384">344.89dp</dimen>
    <dimen name="x385">345.79dp</dimen>
    <dimen name="x386">346.69dp</dimen>
    <dimen name="x387">347.58dp</dimen>
    <dimen name="x388">348.48dp</dimen>
    <dimen name="x389">349.38dp</dimen>
    <dimen name="x390">350.28dp</dimen>
    <dimen name="x391">351.18dp</dimen>
    <dimen name="x392">352.07dp</dimen>
    <dimen name="x393">352.97dp</dimen>
    <dimen name="x394">353.87dp</dimen>
    <dimen name="x395">354.77dp</dimen>
    <dimen name="x396">355.67dp</dimen>
    <dimen name="x397">356.56dp</dimen>
    <dimen name="x398">357.46dp</dimen>
    <dimen name="x399">358.36dp</dimen>
    <dimen name="x400">359.26dp</dimen>
    <dimen name="x401">360.16dp</dimen>
    <dimen name="x402">361.06dp</dimen>
    <dimen name="x403">361.95dp</dimen>
    <dimen name="x404">362.85dp</dimen>
    <dimen name="x405">363.75dp</dimen>
    <dimen name="x406">364.65dp</dimen>
    <dimen name="x407">365.55dp</dimen>
    <dimen name="x408">366.44dp</dimen>
    <dimen name="x409">367.34dp</dimen>
    <dimen name="x410">368.24dp</dimen>
    <dimen name="x411">369.14dp</dimen>
    <dimen name="x412">370.04dp</dimen>
    <dimen name="x413">370.94dp</dimen>
    <dimen name="x414">371.83dp</dimen>
    <dimen name="x415">372.73dp</dimen>
    <dimen name="x416">373.63dp</dimen>
    <dimen name="x417">374.53dp</dimen>
    <dimen name="x418">375.43dp</dimen>
    <dimen name="x419">376.32dp</dimen>
    <dimen name="x420">377.22dp</dimen>
    <dimen name="x421">378.12dp</dimen>
    <dimen name="x422">379.02dp</dimen>
    <dimen name="x423">379.92dp</dimen>
    <dimen name="x424">380.81dp</dimen>
    <dimen name="x425">381.71dp</dimen>
    <dimen name="x426">382.61dp</dimen>
    <dimen name="x427">383.51dp</dimen>
    <dimen name="x428">384.41dp</dimen>
    <dimen name="x429">385.31dp</dimen>
    <dimen name="x430">386.20dp</dimen>
    <dimen name="x431">387.10dp</dimen>
    <dimen name="x432">388.00dp</dimen>
    <dimen name="x433">388.90dp</dimen>
    <dimen name="x434">389.80dp</dimen>
    <dimen name="x435">390.69dp</dimen>
    <dimen name="x436">391.59dp</dimen>
    <dimen name="x437">392.49dp</dimen>
    <dimen name="x438">393.39dp</dimen>
    <dimen name="x439">394.29dp</dimen>
    <dimen name="x440">395.19dp</dimen>
    <dimen name="x441">396.08dp</dimen>
    <dimen name="x442">396.98dp</dimen>
    <dimen name="x443">397.88dp</dimen>
    <dimen name="x444">398.78dp</dimen>
    <dimen name="x445">399.68dp</dimen>
    <dimen name="x446">400.57dp</dimen>
    <dimen name="x447">401.47dp</dimen>
    <dimen name="x448">402.37dp</dimen>
    <dimen name="x449">403.27dp</dimen>
    <dimen name="x450">404.17dp</dimen>
    <dimen name="x451">405.06dp</dimen>
    <dimen name="x452">405.96dp</dimen>
    <dimen name="x453">406.86dp</dimen>
    <dimen name="x454">407.76dp</dimen>
    <dimen name="x455">408.66dp</dimen>
    <dimen name="x456">409.56dp</dimen>
    <dimen name="x457">410.45dp</dimen>
    <dimen name="x458">411.35dp</dimen>
    <dimen name="x459">412.25dp</dimen>
    <dimen name="x460">413.15dp</dimen>
    <dimen name="x461">414.05dp</dimen>
    <dimen name="x462">414.94dp</dimen>
    <dimen name="x463">415.84dp</dimen>
    <dimen name="x464">416.74dp</dimen>
    <dimen name="x465">417.64dp</dimen>
    <dimen name="x466">418.54dp</dimen>
    <dimen name="x467">419.44dp</dimen>
    <dimen name="x468">420.33dp</dimen>
    <dimen name="x469">421.23dp</dimen>
    <dimen name="x470">422.13dp</dimen>
    <dimen name="x471">423.03dp</dimen>
    <dimen name="x472">423.93dp</dimen>
    <dimen name="x473">424.82dp</dimen>
    <dimen name="x474">425.72dp</dimen>
    <dimen name="x475">426.62dp</dimen>
    <dimen name="x476">427.52dp</dimen>
    <dimen name="x477">428.42dp</dimen>
    <dimen name="x478">429.31dp</dimen>
    <dimen name="x479">430.21dp</dimen>
    <dimen name="x480">431.11dp</dimen>
    <dimen name="x481">432.01dp</dimen>
    <dimen name="x482">432.91dp</dimen>
    <dimen name="x483">433.81dp</dimen>
    <dimen name="x484">434.70dp</dimen>
    <dimen name="x485">435.60dp</dimen>
    <dimen name="x486">436.50dp</dimen>
    <dimen name="x487">437.40dp</dimen>
    <dimen name="x488">438.30dp</dimen>
    <dimen name="x489">439.19dp</dimen>
    <dimen name="x490">440.09dp</dimen>
    <dimen name="x491">440.99dp</dimen>
    <dimen name="x492">441.89dp</dimen>
    <dimen name="x493">442.79dp</dimen>
    <dimen name="x494">443.69dp</dimen>
    <dimen name="x495">444.58dp</dimen>
    <dimen name="x496">445.48dp</dimen>
    <dimen name="x497">446.38dp</dimen>
    <dimen name="x498">447.28dp</dimen>
    <dimen name="x499">448.18dp</dimen>
    <dimen name="x500">449.07dp</dimen>
    <dimen name="x501">449.97dp</dimen>
    <dimen name="x502">450.87dp</dimen>
    <dimen name="x503">451.77dp</dimen>
    <dimen name="x504">452.67dp</dimen>
    <dimen name="x505">453.56dp</dimen>
    <dimen name="x506">454.46dp</dimen>
    <dimen name="x507">455.36dp</dimen>
    <dimen name="x508">456.26dp</dimen>
    <dimen name="x509">457.16dp</dimen>
    <dimen name="x510">458.06dp</dimen>
    <dimen name="x511">458.95dp</dimen>
    <dimen name="x512">459.85dp</dimen>
    <dimen name="x513">460.75dp</dimen>
    <dimen name="x514">461.65dp</dimen>
    <dimen name="x515">462.55dp</dimen>
    <dimen name="x516">463.44dp</dimen>
    <dimen name="x517">464.34dp</dimen>
    <dimen name="x518">465.24dp</dimen>
    <dimen name="x519">466.14dp</dimen>
    <dimen name="x520">467.04dp</dimen>
    <dimen name="x521">467.94dp</dimen>
    <dimen name="x522">468.83dp</dimen>
    <dimen name="x523">469.73dp</dimen>
    <dimen name="x524">470.63dp</dimen>
    <dimen name="x525">471.53dp</dimen>
    <dimen name="x526">472.43dp</dimen>
    <dimen name="x527">473.32dp</dimen>
    <dimen name="x528">474.22dp</dimen>
    <dimen name="x529">475.12dp</dimen>
    <dimen name="x530">476.02dp</dimen>
    <dimen name="x531">476.92dp</dimen>
    <dimen name="x532">477.81dp</dimen>
    <dimen name="x533">478.71dp</dimen>
    <dimen name="x534">479.61dp</dimen>
    <dimen name="x535">480.51dp</dimen>
    <dimen name="x536">481.41dp</dimen>
    <dimen name="x537">482.31dp</dimen>
    <dimen name="x538">483.20dp</dimen>
    <dimen name="x539">484.10dp</dimen>
    <dimen name="x540">485.00dp</dimen>
    <dimen name="x541">485.90dp</dimen>
    <dimen name="x542">486.80dp</dimen>
    <dimen name="x543">487.69dp</dimen>
    <dimen name="x544">488.59dp</dimen>
    <dimen name="x545">489.49dp</dimen>
    <dimen name="x546">490.39dp</dimen>
    <dimen name="x547">491.29dp</dimen>
    <dimen name="x548">492.19dp</dimen>
    <dimen name="x549">493.08dp</dimen>
    <dimen name="x550">493.98dp</dimen>
    <dimen name="x551">494.88dp</dimen>
    <dimen name="x552">495.78dp</dimen>
    <dimen name="x553">496.68dp</dimen>
    <dimen name="x554">497.57dp</dimen>
    <dimen name="x555">498.47dp</dimen>
    <dimen name="x556">499.37dp</dimen>
    <dimen name="x557">500.27dp</dimen>
    <dimen name="x558">501.17dp</dimen>
    <dimen name="x559">502.06dp</dimen>
    <dimen name="x560">502.96dp</dimen>
    <dimen name="x561">503.86dp</dimen>
    <dimen name="x562">504.76dp</dimen>
    <dimen name="x563">505.66dp</dimen>
    <dimen name="x564">506.56dp</dimen>
    <dimen name="x565">507.45dp</dimen>
    <dimen name="x566">508.35dp</dimen>
    <dimen name="x567">509.25dp</dimen>
    <dimen name="x568">510.15dp</dimen>
    <dimen name="x569">511.05dp</dimen>
    <dimen name="x570">511.94dp</dimen>
    <dimen name="x571">512.84dp</dimen>
    <dimen name="x572">513.74dp</dimen>
    <dimen name="x573">514.64dp</dimen>
    <dimen name="x574">515.54dp</dimen>
    <dimen name="x575">516.44dp</dimen>
    <dimen name="x576">517.33dp</dimen>
    <dimen name="x577">518.23dp</dimen>
    <dimen name="x578">519.13dp</dimen>
    <dimen name="x579">520.03dp</dimen>
    <dimen name="x580">520.93dp</dimen>
    <dimen name="x581">521.82dp</dimen>
    <dimen name="x582">522.72dp</dimen>
    <dimen name="x583">523.62dp</dimen>
    <dimen name="x584">524.52dp</dimen>
    <dimen name="x585">525.42dp</dimen>
    <dimen name="x586">526.31dp</dimen>
    <dimen name="x587">527.21dp</dimen>
    <dimen name="x588">528.11dp</dimen>
    <dimen name="x589">529.01dp</dimen>
    <dimen name="x590">529.91dp</dimen>
    <dimen name="x591">530.81dp</dimen>
    <dimen name="x592">531.70dp</dimen>
    <dimen name="x593">532.60dp</dimen>
    <dimen name="x594">533.50dp</dimen>
    <dimen name="x595">534.40dp</dimen>
    <dimen name="x596">535.30dp</dimen>
    <dimen name="x597">536.19dp</dimen>
    <dimen name="x598">537.09dp</dimen>
    <dimen name="x599">537.99dp</dimen>
    <dimen name="x600">538.89dp</dimen>
    <dimen name="x601">539.79dp</dimen>
    <dimen name="x602">540.69dp</dimen>
    <dimen name="x603">541.58dp</dimen>
    <dimen name="x604">542.48dp</dimen>
    <dimen name="x605">543.38dp</dimen>
    <dimen name="x606">544.28dp</dimen>
    <dimen name="x607">545.18dp</dimen>
    <dimen name="x608">546.07dp</dimen>
    <dimen name="x609">546.97dp</dimen>
    <dimen name="x610">547.87dp</dimen>
    <dimen name="x611">548.77dp</dimen>
    <dimen name="x612">549.67dp</dimen>
    <dimen name="x613">550.56dp</dimen>
    <dimen name="x614">551.46dp</dimen>
    <dimen name="x615">552.36dp</dimen>
    <dimen name="x616">553.26dp</dimen>
    <dimen name="x617">554.16dp</dimen>
    <dimen name="x618">555.06dp</dimen>
    <dimen name="x619">555.95dp</dimen>
    <dimen name="x620">556.85dp</dimen>
    <dimen name="x621">557.75dp</dimen>
    <dimen name="x622">558.65dp</dimen>
    <dimen name="x623">559.55dp</dimen>
    <dimen name="x624">560.44dp</dimen>
    <dimen name="x625">561.34dp</dimen>
    <dimen name="x626">562.24dp</dimen>
    <dimen name="x627">563.14dp</dimen>
    <dimen name="x628">564.04dp</dimen>
    <dimen name="x629">564.94dp</dimen>
    <dimen name="x630">565.83dp</dimen>
    <dimen name="x631">566.73dp</dimen>
    <dimen name="x632">567.63dp</dimen>
    <dimen name="x633">568.53dp</dimen>
    <dimen name="x634">569.43dp</dimen>
    <dimen name="x635">570.32dp</dimen>
    <dimen name="x636">571.22dp</dimen>
    <dimen name="x637">572.12dp</dimen>
    <dimen name="x638">573.02dp</dimen>
    <dimen name="x639">573.92dp</dimen>
    <dimen name="x640">574.81dp</dimen>
    <dimen name="x641">575.71dp</dimen>
    <dimen name="x642">576.61dp</dimen>
    <dimen name="x643">577.51dp</dimen>
    <dimen name="x644">578.41dp</dimen>
    <dimen name="x645">579.31dp</dimen>
    <dimen name="x646">580.20dp</dimen>
    <dimen name="x647">581.10dp</dimen>
    <dimen name="x648">582.00dp</dimen>
    <dimen name="x649">582.90dp</dimen>
    <dimen name="x650">583.80dp</dimen>
    <dimen name="x651">584.69dp</dimen>
    <dimen name="x652">585.59dp</dimen>
    <dimen name="x653">586.49dp</dimen>
    <dimen name="x654">587.39dp</dimen>
    <dimen name="x655">588.29dp</dimen>
    <dimen name="x656">589.19dp</dimen>
    <dimen name="x657">590.08dp</dimen>
    <dimen name="x658">590.98dp</dimen>
    <dimen name="x659">591.88dp</dimen>
    <dimen name="x660">592.78dp</dimen>
    <dimen name="x661">593.68dp</dimen>
    <dimen name="x662">594.57dp</dimen>
    <dimen name="x663">595.47dp</dimen>
    <dimen name="x664">596.37dp</dimen>
    <dimen name="x665">597.27dp</dimen>
    <dimen name="x666">598.17dp</dimen>
    <dimen name="x667">599.06dp</dimen>
    <dimen name="x668">599.96dp</dimen>
    <dimen name="x669">600.86dp</dimen>
    <dimen name="x670">601.76dp</dimen>
    <dimen name="x671">602.66dp</dimen>
    <dimen name="x672">603.56dp</dimen>
    <dimen name="x673">604.45dp</dimen>
    <dimen name="x674">605.35dp</dimen>
    <dimen name="x675">606.25dp</dimen>
    <dimen name="x676">607.15dp</dimen>
    <dimen name="x677">608.05dp</dimen>
    <dimen name="x678">608.94dp</dimen>
    <dimen name="x679">609.84dp</dimen>
    <dimen name="x680">610.74dp</dimen>
    <dimen name="x681">611.64dp</dimen>
    <dimen name="x682">612.54dp</dimen>
    <dimen name="x683">613.44dp</dimen>
    <dimen name="x684">614.33dp</dimen>
    <dimen name="x685">615.23dp</dimen>
    <dimen name="x686">616.13dp</dimen>
    <dimen name="x687">617.03dp</dimen>
    <dimen name="x688">617.93dp</dimen>
    <dimen name="x689">618.82dp</dimen>
    <dimen name="x690">619.72dp</dimen>
    <dimen name="x691">620.62dp</dimen>
    <dimen name="x692">621.52dp</dimen>
    <dimen name="x693">622.42dp</dimen>
    <dimen name="x694">623.31dp</dimen>
    <dimen name="x695">624.21dp</dimen>
    <dimen name="x696">625.11dp</dimen>
    <dimen name="x697">626.01dp</dimen>
    <dimen name="x698">626.91dp</dimen>
    <dimen name="x699">627.81dp</dimen>
    <dimen name="x700">628.70dp</dimen>
    <dimen name="x701">629.60dp</dimen>
    <dimen name="x702">630.50dp</dimen>
    <dimen name="x703">631.40dp</dimen>
    <dimen name="x704">632.30dp</dimen>
    <dimen name="x705">633.19dp</dimen>
    <dimen name="x706">634.09dp</dimen>
    <dimen name="x707">634.99dp</dimen>
    <dimen name="x708">635.89dp</dimen>
    <dimen name="x709">636.79dp</dimen>
    <dimen name="x710">637.69dp</dimen>
    <dimen name="x711">638.58dp</dimen>
    <dimen name="x712">639.48dp</dimen>
    <dimen name="x713">640.38dp</dimen>
    <dimen name="x714">641.28dp</dimen>
    <dimen name="x715">642.18dp</dimen>
    <dimen name="x716">643.07dp</dimen>
    <dimen name="x717">643.97dp</dimen>
    <dimen name="x718">644.87dp</dimen>
    <dimen name="x719">645.77dp</dimen>
    <dimen name="x720">646.67dp</dimen>
    <dimen name="x721">647.56dp</dimen>
    <dimen name="x722">648.46dp</dimen>
    <dimen name="x723">649.36dp</dimen>
    <dimen name="x724">650.26dp</dimen>
    <dimen name="x725">651.16dp</dimen>
    <dimen name="x726">652.06dp</dimen>
    <dimen name="x727">652.95dp</dimen>
    <dimen name="x728">653.85dp</dimen>
    <dimen name="x729">654.75dp</dimen>
    <dimen name="x730">655.65dp</dimen>
    <dimen name="x731">656.55dp</dimen>
    <dimen name="x732">657.44dp</dimen>
    <dimen name="x733">658.34dp</dimen>
    <dimen name="x734">659.24dp</dimen>
    <dimen name="x735">660.14dp</dimen>
    <dimen name="x736">661.04dp</dimen>
    <dimen name="x737">661.94dp</dimen>
    <dimen name="x738">662.83dp</dimen>
    <dimen name="x739">663.73dp</dimen>
    <dimen name="x740">664.63dp</dimen>
    <dimen name="x741">665.53dp</dimen>
    <dimen name="x742">666.43dp</dimen>
    <dimen name="x743">667.32dp</dimen>
    <dimen name="x744">668.22dp</dimen>
    <dimen name="x745">669.12dp</dimen>
    <dimen name="x746">670.02dp</dimen>
    <dimen name="x747">670.92dp</dimen>
    <dimen name="x748">671.81dp</dimen>
    <dimen name="x749">672.71dp</dimen>
    <dimen name="x750">673.61dp</dimen>
    <dimen name="x751">674.51dp</dimen>
    <dimen name="x752">675.41dp</dimen>
    <dimen name="x753">676.31dp</dimen>
    <dimen name="x754">677.20dp</dimen>
    <dimen name="x755">678.10dp</dimen>
    <dimen name="x756">679.00dp</dimen>
    <dimen name="x757">679.90dp</dimen>
    <dimen name="x758">680.80dp</dimen>
    <dimen name="x759">681.69dp</dimen>
    <dimen name="x760">682.59dp</dimen>
    <dimen name="x761">683.49dp</dimen>
    <dimen name="x762">684.39dp</dimen>
    <dimen name="x763">685.29dp</dimen>
    <dimen name="x764">686.19dp</dimen>
    <dimen name="x765">687.08dp</dimen>
    <dimen name="x766">687.98dp</dimen>
    <dimen name="x767">688.88dp</dimen>
    <dimen name="x768">689.78dp</dimen>
    <dimen name="x769">690.68dp</dimen>
    <dimen name="x770">691.57dp</dimen>
    <dimen name="x771">692.47dp</dimen>
    <dimen name="x772">693.37dp</dimen>
    <dimen name="x773">694.27dp</dimen>
    <dimen name="x774">695.17dp</dimen>
    <dimen name="x775">696.06dp</dimen>
    <dimen name="x776">696.96dp</dimen>
    <dimen name="x777">697.86dp</dimen>
    <dimen name="x778">698.76dp</dimen>
    <dimen name="x779">699.66dp</dimen>
    <dimen name="x780">700.56dp</dimen>
    <dimen name="x781">701.45dp</dimen>
    <dimen name="x782">702.35dp</dimen>
    <dimen name="x783">703.25dp</dimen>
    <dimen name="x784">704.15dp</dimen>
    <dimen name="x785">705.05dp</dimen>
    <dimen name="x786">705.94dp</dimen>
    <dimen name="x787">706.84dp</dimen>
    <dimen name="x788">707.74dp</dimen>
    <dimen name="x789">708.64dp</dimen>
    <dimen name="x790">709.54dp</dimen>
    <dimen name="x791">710.44dp</dimen>
    <dimen name="x792">711.33dp</dimen>
    <dimen name="x793">712.23dp</dimen>
    <dimen name="x794">713.13dp</dimen>
    <dimen name="x795">714.03dp</dimen>
    <dimen name="x796">714.93dp</dimen>
    <dimen name="x797">715.82dp</dimen>
    <dimen name="x798">716.72dp</dimen>
    <dimen name="x799">717.62dp</dimen>
    <dimen name="x800">718.52dp</dimen>
    <dimen name="x801">719.42dp</dimen>
    <dimen name="x802">720.31dp</dimen>
    <dimen name="x803">721.21dp</dimen>
    <dimen name="x804">722.11dp</dimen>
    <dimen name="x805">723.01dp</dimen>
    <dimen name="x806">723.91dp</dimen>
    <dimen name="x807">724.81dp</dimen>
    <dimen name="x808">725.70dp</dimen>
    <dimen name="x809">726.60dp</dimen>
    <dimen name="x810">727.50dp</dimen>
    <dimen name="x811">728.40dp</dimen>
    <dimen name="x812">729.30dp</dimen>
    <dimen name="x813">730.19dp</dimen>
    <dimen name="x814">731.09dp</dimen>
    <dimen name="x815">731.99dp</dimen>
    <dimen name="x816">732.89dp</dimen>
    <dimen name="x817">733.79dp</dimen>
    <dimen name="x818">734.69dp</dimen>
    <dimen name="x819">735.58dp</dimen>
    <dimen name="x820">736.48dp</dimen>
    <dimen name="x821">737.38dp</dimen>
    <dimen name="x822">738.28dp</dimen>
    <dimen name="x823">739.18dp</dimen>
    <dimen name="x824">740.07dp</dimen>
    <dimen name="x825">740.97dp</dimen>
    <dimen name="x826">741.87dp</dimen>
    <dimen name="x827">742.77dp</dimen>
    <dimen name="x828">743.67dp</dimen>
    <dimen name="x829">744.56dp</dimen>
    <dimen name="x830">745.46dp</dimen>
    <dimen name="x831">746.36dp</dimen>
    <dimen name="x832">747.26dp</dimen>
    <dimen name="x833">748.16dp</dimen>
    <dimen name="x834">749.06dp</dimen>
    <dimen name="x835">749.95dp</dimen>
    <dimen name="x836">750.85dp</dimen>
    <dimen name="x837">751.75dp</dimen>
    <dimen name="x838">752.65dp</dimen>
    <dimen name="x839">753.55dp</dimen>
    <dimen name="x840">754.44dp</dimen>
    <dimen name="x841">755.34dp</dimen>
    <dimen name="x842">756.24dp</dimen>
    <dimen name="x843">757.14dp</dimen>
    <dimen name="x844">758.04dp</dimen>
    <dimen name="x845">758.94dp</dimen>
    <dimen name="x846">759.83dp</dimen>
    <dimen name="x847">760.73dp</dimen>
    <dimen name="x848">761.63dp</dimen>
    <dimen name="x849">762.53dp</dimen>
    <dimen name="x850">763.43dp</dimen>
    <dimen name="x851">764.32dp</dimen>
    <dimen name="x852">765.22dp</dimen>
    <dimen name="x853">766.12dp</dimen>
    <dimen name="x854">767.02dp</dimen>
    <dimen name="x855">767.92dp</dimen>
    <dimen name="x856">768.81dp</dimen>
    <dimen name="x857">769.71dp</dimen>
    <dimen name="x858">770.61dp</dimen>
    <dimen name="x859">771.51dp</dimen>
    <dimen name="x860">772.41dp</dimen>
    <dimen name="x861">773.31dp</dimen>
    <dimen name="x862">774.20dp</dimen>
    <dimen name="x863">775.10dp</dimen>
    <dimen name="x864">776.00dp</dimen>
    <dimen name="x865">776.90dp</dimen>
    <dimen name="x866">777.80dp</dimen>
    <dimen name="x867">778.69dp</dimen>
    <dimen name="x868">779.59dp</dimen>
    <dimen name="x869">780.49dp</dimen>
    <dimen name="x870">781.39dp</dimen>
    <dimen name="x871">782.29dp</dimen>
    <dimen name="x872">783.19dp</dimen>
    <dimen name="x873">784.08dp</dimen>
    <dimen name="x874">784.98dp</dimen>
    <dimen name="x875">785.88dp</dimen>
    <dimen name="x876">786.78dp</dimen>
    <dimen name="x877">787.68dp</dimen>
    <dimen name="x878">788.57dp</dimen>
    <dimen name="x879">789.47dp</dimen>
    <dimen name="x880">790.37dp</dimen>
    <dimen name="x881">791.27dp</dimen>
    <dimen name="x882">792.17dp</dimen>
    <dimen name="x883">793.06dp</dimen>
    <dimen name="x884">793.96dp</dimen>
    <dimen name="x885">794.86dp</dimen>
    <dimen name="x886">795.76dp</dimen>
    <dimen name="x887">796.66dp</dimen>
    <dimen name="x888">797.56dp</dimen>
    <dimen name="x889">798.45dp</dimen>
    <dimen name="x890">799.35dp</dimen>
    <dimen name="x891">800.25dp</dimen>
    <dimen name="x892">801.15dp</dimen>
    <dimen name="x893">802.05dp</dimen>
    <dimen name="x894">802.94dp</dimen>
    <dimen name="x895">803.84dp</dimen>
    <dimen name="x896">804.74dp</dimen>
    <dimen name="x897">805.64dp</dimen>
    <dimen name="x898">806.54dp</dimen>
    <dimen name="x899">807.44dp</dimen>
    <dimen name="x900">808.33dp</dimen>
    <dimen name="x901">809.23dp</dimen>
    <dimen name="x902">810.13dp</dimen>
    <dimen name="x903">811.03dp</dimen>
    <dimen name="x904">811.93dp</dimen>
    <dimen name="x905">812.82dp</dimen>
    <dimen name="x906">813.72dp</dimen>
    <dimen name="x907">814.62dp</dimen>
    <dimen name="x908">815.52dp</dimen>
    <dimen name="x909">816.42dp</dimen>
    <dimen name="x910">817.31dp</dimen>
    <dimen name="x911">818.21dp</dimen>
    <dimen name="x912">819.11dp</dimen>
    <dimen name="x913">820.01dp</dimen>
    <dimen name="x914">820.91dp</dimen>
    <dimen name="x915">821.81dp</dimen>
    <dimen name="x916">822.70dp</dimen>
    <dimen name="x917">823.60dp</dimen>
    <dimen name="x918">824.50dp</dimen>
    <dimen name="x919">825.40dp</dimen>
    <dimen name="x920">826.30dp</dimen>
    <dimen name="x921">827.19dp</dimen>
    <dimen name="x922">828.09dp</dimen>
    <dimen name="x923">828.99dp</dimen>
    <dimen name="x924">829.89dp</dimen>
    <dimen name="x925">830.79dp</dimen>
    <dimen name="x926">831.69dp</dimen>
    <dimen name="x927">832.58dp</dimen>
    <dimen name="x928">833.48dp</dimen>
    <dimen name="x929">834.38dp</dimen>
    <dimen name="x930">835.28dp</dimen>
    <dimen name="x931">836.18dp</dimen>
    <dimen name="x932">837.07dp</dimen>
    <dimen name="x933">837.97dp</dimen>
    <dimen name="x934">838.87dp</dimen>
    <dimen name="x935">839.77dp</dimen>
    <dimen name="x936">840.67dp</dimen>
    <dimen name="x937">841.56dp</dimen>
    <dimen name="x938">842.46dp</dimen>
    <dimen name="x939">843.36dp</dimen>
    <dimen name="x940">844.26dp</dimen>
    <dimen name="x941">845.16dp</dimen>
    <dimen name="x942">846.06dp</dimen>
    <dimen name="x943">846.95dp</dimen>
    <dimen name="x944">847.85dp</dimen>
    <dimen name="x945">848.75dp</dimen>
    <dimen name="x946">849.65dp</dimen>
    <dimen name="x947">850.55dp</dimen>
    <dimen name="x948">851.44dp</dimen>
    <dimen name="x949">852.34dp</dimen>
    <dimen name="x950">853.24dp</dimen>
    <dimen name="x951">854.14dp</dimen>
    <dimen name="x952">855.04dp</dimen>
    <dimen name="x953">855.94dp</dimen>
    <dimen name="x954">856.83dp</dimen>
    <dimen name="x955">857.73dp</dimen>
    <dimen name="x956">858.63dp</dimen>
    <dimen name="x957">859.53dp</dimen>
    <dimen name="x958">860.43dp</dimen>
    <dimen name="x959">861.32dp</dimen>
    <dimen name="x960">862.22dp</dimen>
    <dimen name="x961">863.12dp</dimen>
    <dimen name="x962">864.02dp</dimen>
    <dimen name="x963">864.92dp</dimen>
    <dimen name="x964">865.81dp</dimen>
    <dimen name="x965">866.71dp</dimen>
    <dimen name="x966">867.61dp</dimen>
    <dimen name="x967">868.51dp</dimen>
    <dimen name="x968">869.41dp</dimen>
    <dimen name="x969">870.31dp</dimen>
    <dimen name="x970">871.20dp</dimen>
    <dimen name="x971">872.10dp</dimen>
    <dimen name="x972">873.00dp</dimen>
    <dimen name="x973">873.90dp</dimen>
    <dimen name="x974">874.80dp</dimen>
    <dimen name="x975">875.69dp</dimen>
    <dimen name="x976">876.59dp</dimen>
    <dimen name="x977">877.49dp</dimen>
    <dimen name="x978">878.39dp</dimen>
    <dimen name="x979">879.29dp</dimen>
    <dimen name="x980">880.19dp</dimen>
    <dimen name="x981">881.08dp</dimen>
    <dimen name="x982">881.98dp</dimen>
    <dimen name="x983">882.88dp</dimen>
    <dimen name="x984">883.78dp</dimen>
    <dimen name="x985">884.68dp</dimen>
    <dimen name="x986">885.57dp</dimen>
    <dimen name="x987">886.47dp</dimen>
    <dimen name="x988">887.37dp</dimen>
    <dimen name="x989">888.27dp</dimen>
    <dimen name="x990">889.17dp</dimen>
    <dimen name="x991">890.06dp</dimen>
    <dimen name="x992">890.96dp</dimen>
    <dimen name="x993">891.86dp</dimen>
    <dimen name="x994">892.76dp</dimen>
    <dimen name="x995">893.66dp</dimen>
    <dimen name="x996">894.56dp</dimen>
    <dimen name="x997">895.45dp</dimen>
    <dimen name="x998">896.35dp</dimen>
    <dimen name="x999">897.25dp</dimen>
    <dimen name="x1000">898.15dp</dimen>
    <dimen name="x1001">899.05dp</dimen>
    <dimen name="x1002">899.94dp</dimen>
    <dimen name="x1003">900.84dp</dimen>
    <dimen name="x1004">901.74dp</dimen>
    <dimen name="x1005">902.64dp</dimen>
    <dimen name="x1006">903.54dp</dimen>
    <dimen name="x1007">904.44dp</dimen>
    <dimen name="x1008">905.33dp</dimen>
    <dimen name="x1009">906.23dp</dimen>
    <dimen name="x1010">907.13dp</dimen>
    <dimen name="x1011">908.03dp</dimen>
    <dimen name="x1012">908.93dp</dimen>
    <dimen name="x1013">909.82dp</dimen>
    <dimen name="x1014">910.72dp</dimen>
    <dimen name="x1015">911.62dp</dimen>
    <dimen name="x1016">912.52dp</dimen>
    <dimen name="x1017">913.42dp</dimen>
    <dimen name="x1018">914.31dp</dimen>
    <dimen name="x1019">915.21dp</dimen>
    <dimen name="x1020">916.11dp</dimen>
    <dimen name="x1021">917.01dp</dimen>
    <dimen name="x1022">917.91dp</dimen>
    <dimen name="x1023">918.81dp</dimen>
    <dimen name="x1024">919.70dp</dimen>
    <dimen name="x1025">920.60dp</dimen>
    <dimen name="x1026">921.50dp</dimen>
    <dimen name="x1027">922.40dp</dimen>
    <dimen name="x1028">923.30dp</dimen>
    <dimen name="x1029">924.19dp</dimen>
    <dimen name="x1030">925.09dp</dimen>
    <dimen name="x1031">925.99dp</dimen>
    <dimen name="x1032">926.89dp</dimen>
    <dimen name="x1033">927.79dp</dimen>
    <dimen name="x1034">928.69dp</dimen>
    <dimen name="x1035">929.58dp</dimen>
    <dimen name="x1036">930.48dp</dimen>
    <dimen name="x1037">931.38dp</dimen>
    <dimen name="x1038">932.28dp</dimen>
    <dimen name="x1039">933.18dp</dimen>
    <dimen name="x1040">934.07dp</dimen>
    <dimen name="x1041">934.97dp</dimen>
    <dimen name="x1042">935.87dp</dimen>
    <dimen name="x1043">936.77dp</dimen>
    <dimen name="x1044">937.67dp</dimen>
    <dimen name="x1045">938.56dp</dimen>
    <dimen name="x1046">939.46dp</dimen>
    <dimen name="x1047">940.36dp</dimen>
    <dimen name="x1048">941.26dp</dimen>
    <dimen name="x1049">942.16dp</dimen>
    <dimen name="x1050">943.06dp</dimen>
    <dimen name="x1051">943.95dp</dimen>
    <dimen name="x1052">944.85dp</dimen>
    <dimen name="x1053">945.75dp</dimen>
    <dimen name="x1054">946.65dp</dimen>
    <dimen name="x1055">947.55dp</dimen>
    <dimen name="x1056">948.44dp</dimen>
    <dimen name="x1057">949.34dp</dimen>
    <dimen name="x1058">950.24dp</dimen>
    <dimen name="x1059">951.14dp</dimen>
    <dimen name="x1060">952.04dp</dimen>
    <dimen name="x1061">952.94dp</dimen>
    <dimen name="x1062">953.83dp</dimen>
    <dimen name="x1063">954.73dp</dimen>
    <dimen name="x1064">955.63dp</dimen>
    <dimen name="x1065">956.53dp</dimen>
    <dimen name="x1066">957.43dp</dimen>
    <dimen name="x1067">958.32dp</dimen>
    <dimen name="x1068">959.22dp</dimen>
    <dimen name="x1069">960.12dp</dimen>
    <dimen name="x1070">961.02dp</dimen>
    <dimen name="x1071">961.92dp</dimen>
    <dimen name="x1072">962.81dp</dimen>
    <dimen name="x1073">963.71dp</dimen>
    <dimen name="x1074">964.61dp</dimen>
    <dimen name="x1075">965.51dp</dimen>
    <dimen name="x1076">966.41dp</dimen>
    <dimen name="x1077">967.31dp</dimen>
    <dimen name="x1078">968.20dp</dimen>
    <dimen name="x1079">969.10dp</dimen>
    <dimen name="x1080">970.00dp</dimen>
</resources>