<?xml version="1.0" encoding="utf-8"?>
<resources>
    <string name="sw_dp">980dp</string>
    <dimen name="x1">0.91dp</dimen>
    <dimen name="x2">1.81dp</dimen>
    <dimen name="x3">2.72dp</dimen>
    <dimen name="x4">3.63dp</dimen>
    <dimen name="x5">4.54dp</dimen>
    <dimen name="x6">5.44dp</dimen>
    <dimen name="x7">6.35dp</dimen>
    <dimen name="x8">7.26dp</dimen>
    <dimen name="x9">8.17dp</dimen>
    <dimen name="x10">9.07dp</dimen>
    <dimen name="x11">9.98dp</dimen>
    <dimen name="x12">10.89dp</dimen>
    <dimen name="x13">11.80dp</dimen>
    <dimen name="x14">12.70dp</dimen>
    <dimen name="x15">13.61dp</dimen>
    <dimen name="x16">14.52dp</dimen>
    <dimen name="x17">15.43dp</dimen>
    <dimen name="x18">16.33dp</dimen>
    <dimen name="x19">17.24dp</dimen>
    <dimen name="x20">18.15dp</dimen>
    <dimen name="x21">19.06dp</dimen>
    <dimen name="x22">19.96dp</dimen>
    <dimen name="x23">20.87dp</dimen>
    <dimen name="x24">21.78dp</dimen>
    <dimen name="x25">22.69dp</dimen>
    <dimen name="x26">23.59dp</dimen>
    <dimen name="x27">24.50dp</dimen>
    <dimen name="x28">25.41dp</dimen>
    <dimen name="x29">26.31dp</dimen>
    <dimen name="x30">27.22dp</dimen>
    <dimen name="x31">28.13dp</dimen>
    <dimen name="x32">29.04dp</dimen>
    <dimen name="x33">29.94dp</dimen>
    <dimen name="x34">30.85dp</dimen>
    <dimen name="x35">31.76dp</dimen>
    <dimen name="x36">32.67dp</dimen>
    <dimen name="x37">33.57dp</dimen>
    <dimen name="x38">34.48dp</dimen>
    <dimen name="x39">35.39dp</dimen>
    <dimen name="x40">36.30dp</dimen>
    <dimen name="x41">37.20dp</dimen>
    <dimen name="x42">38.11dp</dimen>
    <dimen name="x43">39.02dp</dimen>
    <dimen name="x44">39.93dp</dimen>
    <dimen name="x45">40.83dp</dimen>
    <dimen name="x46">41.74dp</dimen>
    <dimen name="x47">42.65dp</dimen>
    <dimen name="x48">43.56dp</dimen>
    <dimen name="x49">44.46dp</dimen>
    <dimen name="x50">45.37dp</dimen>
    <dimen name="x51">46.28dp</dimen>
    <dimen name="x52">47.19dp</dimen>
    <dimen name="x53">48.09dp</dimen>
    <dimen name="x54">49.00dp</dimen>
    <dimen name="x55">49.91dp</dimen>
    <dimen name="x56">50.81dp</dimen>
    <dimen name="x57">51.72dp</dimen>
    <dimen name="x58">52.63dp</dimen>
    <dimen name="x59">53.54dp</dimen>
    <dimen name="x60">54.44dp</dimen>
    <dimen name="x61">55.35dp</dimen>
    <dimen name="x62">56.26dp</dimen>
    <dimen name="x63">57.17dp</dimen>
    <dimen name="x64">58.07dp</dimen>
    <dimen name="x65">58.98dp</dimen>
    <dimen name="x66">59.89dp</dimen>
    <dimen name="x67">60.80dp</dimen>
    <dimen name="x68">61.70dp</dimen>
    <dimen name="x69">62.61dp</dimen>
    <dimen name="x70">63.52dp</dimen>
    <dimen name="x71">64.43dp</dimen>
    <dimen name="x72">65.33dp</dimen>
    <dimen name="x73">66.24dp</dimen>
    <dimen name="x74">67.15dp</dimen>
    <dimen name="x75">68.06dp</dimen>
    <dimen name="x76">68.96dp</dimen>
    <dimen name="x77">69.87dp</dimen>
    <dimen name="x78">70.78dp</dimen>
    <dimen name="x79">71.69dp</dimen>
    <dimen name="x80">72.59dp</dimen>
    <dimen name="x81">73.50dp</dimen>
    <dimen name="x82">74.41dp</dimen>
    <dimen name="x83">75.31dp</dimen>
    <dimen name="x84">76.22dp</dimen>
    <dimen name="x85">77.13dp</dimen>
    <dimen name="x86">78.04dp</dimen>
    <dimen name="x87">78.94dp</dimen>
    <dimen name="x88">79.85dp</dimen>
    <dimen name="x89">80.76dp</dimen>
    <dimen name="x90">81.67dp</dimen>
    <dimen name="x91">82.57dp</dimen>
    <dimen name="x92">83.48dp</dimen>
    <dimen name="x93">84.39dp</dimen>
    <dimen name="x94">85.30dp</dimen>
    <dimen name="x95">86.20dp</dimen>
    <dimen name="x96">87.11dp</dimen>
    <dimen name="x97">88.02dp</dimen>
    <dimen name="x98">88.93dp</dimen>
    <dimen name="x99">89.83dp</dimen>
    <dimen name="x100">90.74dp</dimen>
    <dimen name="x101">91.65dp</dimen>
    <dimen name="x102">92.56dp</dimen>
    <dimen name="x103">93.46dp</dimen>
    <dimen name="x104">94.37dp</dimen>
    <dimen name="x105">95.28dp</dimen>
    <dimen name="x106">96.19dp</dimen>
    <dimen name="x107">97.09dp</dimen>
    <dimen name="x108">98.00dp</dimen>
    <dimen name="x109">98.91dp</dimen>
    <dimen name="x110">99.81dp</dimen>
    <dimen name="x111">100.72dp</dimen>
    <dimen name="x112">101.63dp</dimen>
    <dimen name="x113">102.54dp</dimen>
    <dimen name="x114">103.44dp</dimen>
    <dimen name="x115">104.35dp</dimen>
    <dimen name="x116">105.26dp</dimen>
    <dimen name="x117">106.17dp</dimen>
    <dimen name="x118">107.07dp</dimen>
    <dimen name="x119">107.98dp</dimen>
    <dimen name="x120">108.89dp</dimen>
    <dimen name="x121">109.80dp</dimen>
    <dimen name="x122">110.70dp</dimen>
    <dimen name="x123">111.61dp</dimen>
    <dimen name="x124">112.52dp</dimen>
    <dimen name="x125">113.43dp</dimen>
    <dimen name="x126">114.33dp</dimen>
    <dimen name="x127">115.24dp</dimen>
    <dimen name="x128">116.15dp</dimen>
    <dimen name="x129">117.06dp</dimen>
    <dimen name="x130">117.96dp</dimen>
    <dimen name="x131">118.87dp</dimen>
    <dimen name="x132">119.78dp</dimen>
    <dimen name="x133">120.69dp</dimen>
    <dimen name="x134">121.59dp</dimen>
    <dimen name="x135">122.50dp</dimen>
    <dimen name="x136">123.41dp</dimen>
    <dimen name="x137">124.31dp</dimen>
    <dimen name="x138">125.22dp</dimen>
    <dimen name="x139">126.13dp</dimen>
    <dimen name="x140">127.04dp</dimen>
    <dimen name="x141">127.94dp</dimen>
    <dimen name="x142">128.85dp</dimen>
    <dimen name="x143">129.76dp</dimen>
    <dimen name="x144">130.67dp</dimen>
    <dimen name="x145">131.57dp</dimen>
    <dimen name="x146">132.48dp</dimen>
    <dimen name="x147">133.39dp</dimen>
    <dimen name="x148">134.30dp</dimen>
    <dimen name="x149">135.20dp</dimen>
    <dimen name="x150">136.11dp</dimen>
    <dimen name="x151">137.02dp</dimen>
    <dimen name="x152">137.93dp</dimen>
    <dimen name="x153">138.83dp</dimen>
    <dimen name="x154">139.74dp</dimen>
    <dimen name="x155">140.65dp</dimen>
    <dimen name="x156">141.56dp</dimen>
    <dimen name="x157">142.46dp</dimen>
    <dimen name="x158">143.37dp</dimen>
    <dimen name="x159">144.28dp</dimen>
    <dimen name="x160">145.19dp</dimen>
    <dimen name="x161">146.09dp</dimen>
    <dimen name="x162">147.00dp</dimen>
    <dimen name="x163">147.91dp</dimen>
    <dimen name="x164">148.81dp</dimen>
    <dimen name="x165">149.72dp</dimen>
    <dimen name="x166">150.63dp</dimen>
    <dimen name="x167">151.54dp</dimen>
    <dimen name="x168">152.44dp</dimen>
    <dimen name="x169">153.35dp</dimen>
    <dimen name="x170">154.26dp</dimen>
    <dimen name="x171">155.17dp</dimen>
    <dimen name="x172">156.07dp</dimen>
    <dimen name="x173">156.98dp</dimen>
    <dimen name="x174">157.89dp</dimen>
    <dimen name="x175">158.80dp</dimen>
    <dimen name="x176">159.70dp</dimen>
    <dimen name="x177">160.61dp</dimen>
    <dimen name="x178">161.52dp</dimen>
    <dimen name="x179">162.43dp</dimen>
    <dimen name="x180">163.33dp</dimen>
    <dimen name="x181">164.24dp</dimen>
    <dimen name="x182">165.15dp</dimen>
    <dimen name="x183">166.06dp</dimen>
    <dimen name="x184">166.96dp</dimen>
    <dimen name="x185">167.87dp</dimen>
    <dimen name="x186">168.78dp</dimen>
    <dimen name="x187">169.69dp</dimen>
    <dimen name="x188">170.59dp</dimen>
    <dimen name="x189">171.50dp</dimen>
    <dimen name="x190">172.41dp</dimen>
    <dimen name="x191">173.31dp</dimen>
    <dimen name="x192">174.22dp</dimen>
    <dimen name="x193">175.13dp</dimen>
    <dimen name="x194">176.04dp</dimen>
    <dimen name="x195">176.94dp</dimen>
    <dimen name="x196">177.85dp</dimen>
    <dimen name="x197">178.76dp</dimen>
    <dimen name="x198">179.67dp</dimen>
    <dimen name="x199">180.57dp</dimen>
    <dimen name="x200">181.48dp</dimen>
    <dimen name="x201">182.39dp</dimen>
    <dimen name="x202">183.30dp</dimen>
    <dimen name="x203">184.20dp</dimen>
    <dimen name="x204">185.11dp</dimen>
    <dimen name="x205">186.02dp</dimen>
    <dimen name="x206">186.93dp</dimen>
    <dimen name="x207">187.83dp</dimen>
    <dimen name="x208">188.74dp</dimen>
    <dimen name="x209">189.65dp</dimen>
    <dimen name="x210">190.56dp</dimen>
    <dimen name="x211">191.46dp</dimen>
    <dimen name="x212">192.37dp</dimen>
    <dimen name="x213">193.28dp</dimen>
    <dimen name="x214">194.19dp</dimen>
    <dimen name="x215">195.09dp</dimen>
    <dimen name="x216">196.00dp</dimen>
    <dimen name="x217">196.91dp</dimen>
    <dimen name="x218">197.81dp</dimen>
    <dimen name="x219">198.72dp</dimen>
    <dimen name="x220">199.63dp</dimen>
    <dimen name="x221">200.54dp</dimen>
    <dimen name="x222">201.44dp</dimen>
    <dimen name="x223">202.35dp</dimen>
    <dimen name="x224">203.26dp</dimen>
    <dimen name="x225">204.17dp</dimen>
    <dimen name="x226">205.07dp</dimen>
    <dimen name="x227">205.98dp</dimen>
    <dimen name="x228">206.89dp</dimen>
    <dimen name="x229">207.80dp</dimen>
    <dimen name="x230">208.70dp</dimen>
    <dimen name="x231">209.61dp</dimen>
    <dimen name="x232">210.52dp</dimen>
    <dimen name="x233">211.43dp</dimen>
    <dimen name="x234">212.33dp</dimen>
    <dimen name="x235">213.24dp</dimen>
    <dimen name="x236">214.15dp</dimen>
    <dimen name="x237">215.06dp</dimen>
    <dimen name="x238">215.96dp</dimen>
    <dimen name="x239">216.87dp</dimen>
    <dimen name="x240">217.78dp</dimen>
    <dimen name="x241">218.69dp</dimen>
    <dimen name="x242">219.59dp</dimen>
    <dimen name="x243">220.50dp</dimen>
    <dimen name="x244">221.41dp</dimen>
    <dimen name="x245">222.31dp</dimen>
    <dimen name="x246">223.22dp</dimen>
    <dimen name="x247">224.13dp</dimen>
    <dimen name="x248">225.04dp</dimen>
    <dimen name="x249">225.94dp</dimen>
    <dimen name="x250">226.85dp</dimen>
    <dimen name="x251">227.76dp</dimen>
    <dimen name="x252">228.67dp</dimen>
    <dimen name="x253">229.57dp</dimen>
    <dimen name="x254">230.48dp</dimen>
    <dimen name="x255">231.39dp</dimen>
    <dimen name="x256">232.30dp</dimen>
    <dimen name="x257">233.20dp</dimen>
    <dimen name="x258">234.11dp</dimen>
    <dimen name="x259">235.02dp</dimen>
    <dimen name="x260">235.93dp</dimen>
    <dimen name="x261">236.83dp</dimen>
    <dimen name="x262">237.74dp</dimen>
    <dimen name="x263">238.65dp</dimen>
    <dimen name="x264">239.56dp</dimen>
    <dimen name="x265">240.46dp</dimen>
    <dimen name="x266">241.37dp</dimen>
    <dimen name="x267">242.28dp</dimen>
    <dimen name="x268">243.19dp</dimen>
    <dimen name="x269">244.09dp</dimen>
    <dimen name="x270">245.00dp</dimen>
    <dimen name="x271">245.91dp</dimen>
    <dimen name="x272">246.81dp</dimen>
    <dimen name="x273">247.72dp</dimen>
    <dimen name="x274">248.63dp</dimen>
    <dimen name="x275">249.54dp</dimen>
    <dimen name="x276">250.44dp</dimen>
    <dimen name="x277">251.35dp</dimen>
    <dimen name="x278">252.26dp</dimen>
    <dimen name="x279">253.17dp</dimen>
    <dimen name="x280">254.07dp</dimen>
    <dimen name="x281">254.98dp</dimen>
    <dimen name="x282">255.89dp</dimen>
    <dimen name="x283">256.80dp</dimen>
    <dimen name="x284">257.70dp</dimen>
    <dimen name="x285">258.61dp</dimen>
    <dimen name="x286">259.52dp</dimen>
    <dimen name="x287">260.43dp</dimen>
    <dimen name="x288">261.33dp</dimen>
    <dimen name="x289">262.24dp</dimen>
    <dimen name="x290">263.15dp</dimen>
    <dimen name="x291">264.06dp</dimen>
    <dimen name="x292">264.96dp</dimen>
    <dimen name="x293">265.87dp</dimen>
    <dimen name="x294">266.78dp</dimen>
    <dimen name="x295">267.69dp</dimen>
    <dimen name="x296">268.59dp</dimen>
    <dimen name="x297">269.50dp</dimen>
    <dimen name="x298">270.41dp</dimen>
    <dimen name="x299">271.31dp</dimen>
    <dimen name="x300">272.22dp</dimen>
    <dimen name="x301">273.13dp</dimen>
    <dimen name="x302">274.04dp</dimen>
    <dimen name="x303">274.94dp</dimen>
    <dimen name="x304">275.85dp</dimen>
    <dimen name="x305">276.76dp</dimen>
    <dimen name="x306">277.67dp</dimen>
    <dimen name="x307">278.57dp</dimen>
    <dimen name="x308">279.48dp</dimen>
    <dimen name="x309">280.39dp</dimen>
    <dimen name="x310">281.30dp</dimen>
    <dimen name="x311">282.20dp</dimen>
    <dimen name="x312">283.11dp</dimen>
    <dimen name="x313">284.02dp</dimen>
    <dimen name="x314">284.93dp</dimen>
    <dimen name="x315">285.83dp</dimen>
    <dimen name="x316">286.74dp</dimen>
    <dimen name="x317">287.65dp</dimen>
    <dimen name="x318">288.56dp</dimen>
    <dimen name="x319">289.46dp</dimen>
    <dimen name="x320">290.37dp</dimen>
    <dimen name="x321">291.28dp</dimen>
    <dimen name="x322">292.19dp</dimen>
    <dimen name="x323">293.09dp</dimen>
    <dimen name="x324">294.00dp</dimen>
    <dimen name="x325">294.91dp</dimen>
    <dimen name="x326">295.81dp</dimen>
    <dimen name="x327">296.72dp</dimen>
    <dimen name="x328">297.63dp</dimen>
    <dimen name="x329">298.54dp</dimen>
    <dimen name="x330">299.44dp</dimen>
    <dimen name="x331">300.35dp</dimen>
    <dimen name="x332">301.26dp</dimen>
    <dimen name="x333">302.17dp</dimen>
    <dimen name="x334">303.07dp</dimen>
    <dimen name="x335">303.98dp</dimen>
    <dimen name="x336">304.89dp</dimen>
    <dimen name="x337">305.80dp</dimen>
    <dimen name="x338">306.70dp</dimen>
    <dimen name="x339">307.61dp</dimen>
    <dimen name="x340">308.52dp</dimen>
    <dimen name="x341">309.43dp</dimen>
    <dimen name="x342">310.33dp</dimen>
    <dimen name="x343">311.24dp</dimen>
    <dimen name="x344">312.15dp</dimen>
    <dimen name="x345">313.06dp</dimen>
    <dimen name="x346">313.96dp</dimen>
    <dimen name="x347">314.87dp</dimen>
    <dimen name="x348">315.78dp</dimen>
    <dimen name="x349">316.69dp</dimen>
    <dimen name="x350">317.59dp</dimen>
    <dimen name="x351">318.50dp</dimen>
    <dimen name="x352">319.41dp</dimen>
    <dimen name="x353">320.31dp</dimen>
    <dimen name="x354">321.22dp</dimen>
    <dimen name="x355">322.13dp</dimen>
    <dimen name="x356">323.04dp</dimen>
    <dimen name="x357">323.94dp</dimen>
    <dimen name="x358">324.85dp</dimen>
    <dimen name="x359">325.76dp</dimen>
    <dimen name="x360">326.67dp</dimen>
    <dimen name="x361">327.57dp</dimen>
    <dimen name="x362">328.48dp</dimen>
    <dimen name="x363">329.39dp</dimen>
    <dimen name="x364">330.30dp</dimen>
    <dimen name="x365">331.20dp</dimen>
    <dimen name="x366">332.11dp</dimen>
    <dimen name="x367">333.02dp</dimen>
    <dimen name="x368">333.93dp</dimen>
    <dimen name="x369">334.83dp</dimen>
    <dimen name="x370">335.74dp</dimen>
    <dimen name="x371">336.65dp</dimen>
    <dimen name="x372">337.56dp</dimen>
    <dimen name="x373">338.46dp</dimen>
    <dimen name="x374">339.37dp</dimen>
    <dimen name="x375">340.28dp</dimen>
    <dimen name="x376">341.19dp</dimen>
    <dimen name="x377">342.09dp</dimen>
    <dimen name="x378">343.00dp</dimen>
    <dimen name="x379">343.91dp</dimen>
    <dimen name="x380">344.81dp</dimen>
    <dimen name="x381">345.72dp</dimen>
    <dimen name="x382">346.63dp</dimen>
    <dimen name="x383">347.54dp</dimen>
    <dimen name="x384">348.44dp</dimen>
    <dimen name="x385">349.35dp</dimen>
    <dimen name="x386">350.26dp</dimen>
    <dimen name="x387">351.17dp</dimen>
    <dimen name="x388">352.07dp</dimen>
    <dimen name="x389">352.98dp</dimen>
    <dimen name="x390">353.89dp</dimen>
    <dimen name="x391">354.80dp</dimen>
    <dimen name="x392">355.70dp</dimen>
    <dimen name="x393">356.61dp</dimen>
    <dimen name="x394">357.52dp</dimen>
    <dimen name="x395">358.43dp</dimen>
    <dimen name="x396">359.33dp</dimen>
    <dimen name="x397">360.24dp</dimen>
    <dimen name="x398">361.15dp</dimen>
    <dimen name="x399">362.06dp</dimen>
    <dimen name="x400">362.96dp</dimen>
    <dimen name="x401">363.87dp</dimen>
    <dimen name="x402">364.78dp</dimen>
    <dimen name="x403">365.69dp</dimen>
    <dimen name="x404">366.59dp</dimen>
    <dimen name="x405">367.50dp</dimen>
    <dimen name="x406">368.41dp</dimen>
    <dimen name="x407">369.31dp</dimen>
    <dimen name="x408">370.22dp</dimen>
    <dimen name="x409">371.13dp</dimen>
    <dimen name="x410">372.04dp</dimen>
    <dimen name="x411">372.94dp</dimen>
    <dimen name="x412">373.85dp</dimen>
    <dimen name="x413">374.76dp</dimen>
    <dimen name="x414">375.67dp</dimen>
    <dimen name="x415">376.57dp</dimen>
    <dimen name="x416">377.48dp</dimen>
    <dimen name="x417">378.39dp</dimen>
    <dimen name="x418">379.30dp</dimen>
    <dimen name="x419">380.20dp</dimen>
    <dimen name="x420">381.11dp</dimen>
    <dimen name="x421">382.02dp</dimen>
    <dimen name="x422">382.93dp</dimen>
    <dimen name="x423">383.83dp</dimen>
    <dimen name="x424">384.74dp</dimen>
    <dimen name="x425">385.65dp</dimen>
    <dimen name="x426">386.56dp</dimen>
    <dimen name="x427">387.46dp</dimen>
    <dimen name="x428">388.37dp</dimen>
    <dimen name="x429">389.28dp</dimen>
    <dimen name="x430">390.19dp</dimen>
    <dimen name="x431">391.09dp</dimen>
    <dimen name="x432">392.00dp</dimen>
    <dimen name="x433">392.91dp</dimen>
    <dimen name="x434">393.81dp</dimen>
    <dimen name="x435">394.72dp</dimen>
    <dimen name="x436">395.63dp</dimen>
    <dimen name="x437">396.54dp</dimen>
    <dimen name="x438">397.44dp</dimen>
    <dimen name="x439">398.35dp</dimen>
    <dimen name="x440">399.26dp</dimen>
    <dimen name="x441">400.17dp</dimen>
    <dimen name="x442">401.07dp</dimen>
    <dimen name="x443">401.98dp</dimen>
    <dimen name="x444">402.89dp</dimen>
    <dimen name="x445">403.80dp</dimen>
    <dimen name="x446">404.70dp</dimen>
    <dimen name="x447">405.61dp</dimen>
    <dimen name="x448">406.52dp</dimen>
    <dimen name="x449">407.43dp</dimen>
    <dimen name="x450">408.33dp</dimen>
    <dimen name="x451">409.24dp</dimen>
    <dimen name="x452">410.15dp</dimen>
    <dimen name="x453">411.06dp</dimen>
    <dimen name="x454">411.96dp</dimen>
    <dimen name="x455">412.87dp</dimen>
    <dimen name="x456">413.78dp</dimen>
    <dimen name="x457">414.69dp</dimen>
    <dimen name="x458">415.59dp</dimen>
    <dimen name="x459">416.50dp</dimen>
    <dimen name="x460">417.41dp</dimen>
    <dimen name="x461">418.31dp</dimen>
    <dimen name="x462">419.22dp</dimen>
    <dimen name="x463">420.13dp</dimen>
    <dimen name="x464">421.04dp</dimen>
    <dimen name="x465">421.94dp</dimen>
    <dimen name="x466">422.85dp</dimen>
    <dimen name="x467">423.76dp</dimen>
    <dimen name="x468">424.67dp</dimen>
    <dimen name="x469">425.57dp</dimen>
    <dimen name="x470">426.48dp</dimen>
    <dimen name="x471">427.39dp</dimen>
    <dimen name="x472">428.30dp</dimen>
    <dimen name="x473">429.20dp</dimen>
    <dimen name="x474">430.11dp</dimen>
    <dimen name="x475">431.02dp</dimen>
    <dimen name="x476">431.93dp</dimen>
    <dimen name="x477">432.83dp</dimen>
    <dimen name="x478">433.74dp</dimen>
    <dimen name="x479">434.65dp</dimen>
    <dimen name="x480">435.56dp</dimen>
    <dimen name="x481">436.46dp</dimen>
    <dimen name="x482">437.37dp</dimen>
    <dimen name="x483">438.28dp</dimen>
    <dimen name="x484">439.19dp</dimen>
    <dimen name="x485">440.09dp</dimen>
    <dimen name="x486">441.00dp</dimen>
    <dimen name="x487">441.91dp</dimen>
    <dimen name="x488">442.81dp</dimen>
    <dimen name="x489">443.72dp</dimen>
    <dimen name="x490">444.63dp</dimen>
    <dimen name="x491">445.54dp</dimen>
    <dimen name="x492">446.44dp</dimen>
    <dimen name="x493">447.35dp</dimen>
    <dimen name="x494">448.26dp</dimen>
    <dimen name="x495">449.17dp</dimen>
    <dimen name="x496">450.07dp</dimen>
    <dimen name="x497">450.98dp</dimen>
    <dimen name="x498">451.89dp</dimen>
    <dimen name="x499">452.80dp</dimen>
    <dimen name="x500">453.70dp</dimen>
    <dimen name="x501">454.61dp</dimen>
    <dimen name="x502">455.52dp</dimen>
    <dimen name="x503">456.43dp</dimen>
    <dimen name="x504">457.33dp</dimen>
    <dimen name="x505">458.24dp</dimen>
    <dimen name="x506">459.15dp</dimen>
    <dimen name="x507">460.06dp</dimen>
    <dimen name="x508">460.96dp</dimen>
    <dimen name="x509">461.87dp</dimen>
    <dimen name="x510">462.78dp</dimen>
    <dimen name="x511">463.69dp</dimen>
    <dimen name="x512">464.59dp</dimen>
    <dimen name="x513">465.50dp</dimen>
    <dimen name="x514">466.41dp</dimen>
    <dimen name="x515">467.31dp</dimen>
    <dimen name="x516">468.22dp</dimen>
    <dimen name="x517">469.13dp</dimen>
    <dimen name="x518">470.04dp</dimen>
    <dimen name="x519">470.94dp</dimen>
    <dimen name="x520">471.85dp</dimen>
    <dimen name="x521">472.76dp</dimen>
    <dimen name="x522">473.67dp</dimen>
    <dimen name="x523">474.57dp</dimen>
    <dimen name="x524">475.48dp</dimen>
    <dimen name="x525">476.39dp</dimen>
    <dimen name="x526">477.30dp</dimen>
    <dimen name="x527">478.20dp</dimen>
    <dimen name="x528">479.11dp</dimen>
    <dimen name="x529">480.02dp</dimen>
    <dimen name="x530">480.93dp</dimen>
    <dimen name="x531">481.83dp</dimen>
    <dimen name="x532">482.74dp</dimen>
    <dimen name="x533">483.65dp</dimen>
    <dimen name="x534">484.56dp</dimen>
    <dimen name="x535">485.46dp</dimen>
    <dimen name="x536">486.37dp</dimen>
    <dimen name="x537">487.28dp</dimen>
    <dimen name="x538">488.19dp</dimen>
    <dimen name="x539">489.09dp</dimen>
    <dimen name="x540">490.00dp</dimen>
    <dimen name="x541">490.91dp</dimen>
    <dimen name="x542">491.81dp</dimen>
    <dimen name="x543">492.72dp</dimen>
    <dimen name="x544">493.63dp</dimen>
    <dimen name="x545">494.54dp</dimen>
    <dimen name="x546">495.44dp</dimen>
    <dimen name="x547">496.35dp</dimen>
    <dimen name="x548">497.26dp</dimen>
    <dimen name="x549">498.17dp</dimen>
    <dimen name="x550">499.07dp</dimen>
    <dimen name="x551">499.98dp</dimen>
    <dimen name="x552">500.89dp</dimen>
    <dimen name="x553">501.80dp</dimen>
    <dimen name="x554">502.70dp</dimen>
    <dimen name="x555">503.61dp</dimen>
    <dimen name="x556">504.52dp</dimen>
    <dimen name="x557">505.43dp</dimen>
    <dimen name="x558">506.33dp</dimen>
    <dimen name="x559">507.24dp</dimen>
    <dimen name="x560">508.15dp</dimen>
    <dimen name="x561">509.06dp</dimen>
    <dimen name="x562">509.96dp</dimen>
    <dimen name="x563">510.87dp</dimen>
    <dimen name="x564">511.78dp</dimen>
    <dimen name="x565">512.69dp</dimen>
    <dimen name="x566">513.59dp</dimen>
    <dimen name="x567">514.50dp</dimen>
    <dimen name="x568">515.41dp</dimen>
    <dimen name="x569">516.31dp</dimen>
    <dimen name="x570">517.22dp</dimen>
    <dimen name="x571">518.13dp</dimen>
    <dimen name="x572">519.04dp</dimen>
    <dimen name="x573">519.94dp</dimen>
    <dimen name="x574">520.85dp</dimen>
    <dimen name="x575">521.76dp</dimen>
    <dimen name="x576">522.67dp</dimen>
    <dimen name="x577">523.57dp</dimen>
    <dimen name="x578">524.48dp</dimen>
    <dimen name="x579">525.39dp</dimen>
    <dimen name="x580">526.30dp</dimen>
    <dimen name="x581">527.20dp</dimen>
    <dimen name="x582">528.11dp</dimen>
    <dimen name="x583">529.02dp</dimen>
    <dimen name="x584">529.93dp</dimen>
    <dimen name="x585">530.83dp</dimen>
    <dimen name="x586">531.74dp</dimen>
    <dimen name="x587">532.65dp</dimen>
    <dimen name="x588">533.56dp</dimen>
    <dimen name="x589">534.46dp</dimen>
    <dimen name="x590">535.37dp</dimen>
    <dimen name="x591">536.28dp</dimen>
    <dimen name="x592">537.19dp</dimen>
    <dimen name="x593">538.09dp</dimen>
    <dimen name="x594">539.00dp</dimen>
    <dimen name="x595">539.91dp</dimen>
    <dimen name="x596">540.81dp</dimen>
    <dimen name="x597">541.72dp</dimen>
    <dimen name="x598">542.63dp</dimen>
    <dimen name="x599">543.54dp</dimen>
    <dimen name="x600">544.44dp</dimen>
    <dimen name="x601">545.35dp</dimen>
    <dimen name="x602">546.26dp</dimen>
    <dimen name="x603">547.17dp</dimen>
    <dimen name="x604">548.07dp</dimen>
    <dimen name="x605">548.98dp</dimen>
    <dimen name="x606">549.89dp</dimen>
    <dimen name="x607">550.80dp</dimen>
    <dimen name="x608">551.70dp</dimen>
    <dimen name="x609">552.61dp</dimen>
    <dimen name="x610">553.52dp</dimen>
    <dimen name="x611">554.43dp</dimen>
    <dimen name="x612">555.33dp</dimen>
    <dimen name="x613">556.24dp</dimen>
    <dimen name="x614">557.15dp</dimen>
    <dimen name="x615">558.06dp</dimen>
    <dimen name="x616">558.96dp</dimen>
    <dimen name="x617">559.87dp</dimen>
    <dimen name="x618">560.78dp</dimen>
    <dimen name="x619">561.69dp</dimen>
    <dimen name="x620">562.59dp</dimen>
    <dimen name="x621">563.50dp</dimen>
    <dimen name="x622">564.41dp</dimen>
    <dimen name="x623">565.31dp</dimen>
    <dimen name="x624">566.22dp</dimen>
    <dimen name="x625">567.13dp</dimen>
    <dimen name="x626">568.04dp</dimen>
    <dimen name="x627">568.94dp</dimen>
    <dimen name="x628">569.85dp</dimen>
    <dimen name="x629">570.76dp</dimen>
    <dimen name="x630">571.67dp</dimen>
    <dimen name="x631">572.57dp</dimen>
    <dimen name="x632">573.48dp</dimen>
    <dimen name="x633">574.39dp</dimen>
    <dimen name="x634">575.30dp</dimen>
    <dimen name="x635">576.20dp</dimen>
    <dimen name="x636">577.11dp</dimen>
    <dimen name="x637">578.02dp</dimen>
    <dimen name="x638">578.93dp</dimen>
    <dimen name="x639">579.83dp</dimen>
    <dimen name="x640">580.74dp</dimen>
    <dimen name="x641">581.65dp</dimen>
    <dimen name="x642">582.56dp</dimen>
    <dimen name="x643">583.46dp</dimen>
    <dimen name="x644">584.37dp</dimen>
    <dimen name="x645">585.28dp</dimen>
    <dimen name="x646">586.19dp</dimen>
    <dimen name="x647">587.09dp</dimen>
    <dimen name="x648">588.00dp</dimen>
    <dimen name="x649">588.91dp</dimen>
    <dimen name="x650">589.81dp</dimen>
    <dimen name="x651">590.72dp</dimen>
    <dimen name="x652">591.63dp</dimen>
    <dimen name="x653">592.54dp</dimen>
    <dimen name="x654">593.44dp</dimen>
    <dimen name="x655">594.35dp</dimen>
    <dimen name="x656">595.26dp</dimen>
    <dimen name="x657">596.17dp</dimen>
    <dimen name="x658">597.07dp</dimen>
    <dimen name="x659">597.98dp</dimen>
    <dimen name="x660">598.89dp</dimen>
    <dimen name="x661">599.80dp</dimen>
    <dimen name="x662">600.70dp</dimen>
    <dimen name="x663">601.61dp</dimen>
    <dimen name="x664">602.52dp</dimen>
    <dimen name="x665">603.43dp</dimen>
    <dimen name="x666">604.33dp</dimen>
    <dimen name="x667">605.24dp</dimen>
    <dimen name="x668">606.15dp</dimen>
    <dimen name="x669">607.06dp</dimen>
    <dimen name="x670">607.96dp</dimen>
    <dimen name="x671">608.87dp</dimen>
    <dimen name="x672">609.78dp</dimen>
    <dimen name="x673">610.69dp</dimen>
    <dimen name="x674">611.59dp</dimen>
    <dimen name="x675">612.50dp</dimen>
    <dimen name="x676">613.41dp</dimen>
    <dimen name="x677">614.31dp</dimen>
    <dimen name="x678">615.22dp</dimen>
    <dimen name="x679">616.13dp</dimen>
    <dimen name="x680">617.04dp</dimen>
    <dimen name="x681">617.94dp</dimen>
    <dimen name="x682">618.85dp</dimen>
    <dimen name="x683">619.76dp</dimen>
    <dimen name="x684">620.67dp</dimen>
    <dimen name="x685">621.57dp</dimen>
    <dimen name="x686">622.48dp</dimen>
    <dimen name="x687">623.39dp</dimen>
    <dimen name="x688">624.30dp</dimen>
    <dimen name="x689">625.20dp</dimen>
    <dimen name="x690">626.11dp</dimen>
    <dimen name="x691">627.02dp</dimen>
    <dimen name="x692">627.93dp</dimen>
    <dimen name="x693">628.83dp</dimen>
    <dimen name="x694">629.74dp</dimen>
    <dimen name="x695">630.65dp</dimen>
    <dimen name="x696">631.56dp</dimen>
    <dimen name="x697">632.46dp</dimen>
    <dimen name="x698">633.37dp</dimen>
    <dimen name="x699">634.28dp</dimen>
    <dimen name="x700">635.19dp</dimen>
    <dimen name="x701">636.09dp</dimen>
    <dimen name="x702">637.00dp</dimen>
    <dimen name="x703">637.91dp</dimen>
    <dimen name="x704">638.81dp</dimen>
    <dimen name="x705">639.72dp</dimen>
    <dimen name="x706">640.63dp</dimen>
    <dimen name="x707">641.54dp</dimen>
    <dimen name="x708">642.44dp</dimen>
    <dimen name="x709">643.35dp</dimen>
    <dimen name="x710">644.26dp</dimen>
    <dimen name="x711">645.17dp</dimen>
    <dimen name="x712">646.07dp</dimen>
    <dimen name="x713">646.98dp</dimen>
    <dimen name="x714">647.89dp</dimen>
    <dimen name="x715">648.80dp</dimen>
    <dimen name="x716">649.70dp</dimen>
    <dimen name="x717">650.61dp</dimen>
    <dimen name="x718">651.52dp</dimen>
    <dimen name="x719">652.43dp</dimen>
    <dimen name="x720">653.33dp</dimen>
    <dimen name="x721">654.24dp</dimen>
    <dimen name="x722">655.15dp</dimen>
    <dimen name="x723">656.06dp</dimen>
    <dimen name="x724">656.96dp</dimen>
    <dimen name="x725">657.87dp</dimen>
    <dimen name="x726">658.78dp</dimen>
    <dimen name="x727">659.69dp</dimen>
    <dimen name="x728">660.59dp</dimen>
    <dimen name="x729">661.50dp</dimen>
    <dimen name="x730">662.41dp</dimen>
    <dimen name="x731">663.31dp</dimen>
    <dimen name="x732">664.22dp</dimen>
    <dimen name="x733">665.13dp</dimen>
    <dimen name="x734">666.04dp</dimen>
    <dimen name="x735">666.94dp</dimen>
    <dimen name="x736">667.85dp</dimen>
    <dimen name="x737">668.76dp</dimen>
    <dimen name="x738">669.67dp</dimen>
    <dimen name="x739">670.57dp</dimen>
    <dimen name="x740">671.48dp</dimen>
    <dimen name="x741">672.39dp</dimen>
    <dimen name="x742">673.30dp</dimen>
    <dimen name="x743">674.20dp</dimen>
    <dimen name="x744">675.11dp</dimen>
    <dimen name="x745">676.02dp</dimen>
    <dimen name="x746">676.93dp</dimen>
    <dimen name="x747">677.83dp</dimen>
    <dimen name="x748">678.74dp</dimen>
    <dimen name="x749">679.65dp</dimen>
    <dimen name="x750">680.56dp</dimen>
    <dimen name="x751">681.46dp</dimen>
    <dimen name="x752">682.37dp</dimen>
    <dimen name="x753">683.28dp</dimen>
    <dimen name="x754">684.19dp</dimen>
    <dimen name="x755">685.09dp</dimen>
    <dimen name="x756">686.00dp</dimen>
    <dimen name="x757">686.91dp</dimen>
    <dimen name="x758">687.81dp</dimen>
    <dimen name="x759">688.72dp</dimen>
    <dimen name="x760">689.63dp</dimen>
    <dimen name="x761">690.54dp</dimen>
    <dimen name="x762">691.44dp</dimen>
    <dimen name="x763">692.35dp</dimen>
    <dimen name="x764">693.26dp</dimen>
    <dimen name="x765">694.17dp</dimen>
    <dimen name="x766">695.07dp</dimen>
    <dimen name="x767">695.98dp</dimen>
    <dimen name="x768">696.89dp</dimen>
    <dimen name="x769">697.80dp</dimen>
    <dimen name="x770">698.70dp</dimen>
    <dimen name="x771">699.61dp</dimen>
    <dimen name="x772">700.52dp</dimen>
    <dimen name="x773">701.43dp</dimen>
    <dimen name="x774">702.33dp</dimen>
    <dimen name="x775">703.24dp</dimen>
    <dimen name="x776">704.15dp</dimen>
    <dimen name="x777">705.06dp</dimen>
    <dimen name="x778">705.96dp</dimen>
    <dimen name="x779">706.87dp</dimen>
    <dimen name="x780">707.78dp</dimen>
    <dimen name="x781">708.69dp</dimen>
    <dimen name="x782">709.59dp</dimen>
    <dimen name="x783">710.50dp</dimen>
    <dimen name="x784">711.41dp</dimen>
    <dimen name="x785">712.31dp</dimen>
    <dimen name="x786">713.22dp</dimen>
    <dimen name="x787">714.13dp</dimen>
    <dimen name="x788">715.04dp</dimen>
    <dimen name="x789">715.94dp</dimen>
    <dimen name="x790">716.85dp</dimen>
    <dimen name="x791">717.76dp</dimen>
    <dimen name="x792">718.67dp</dimen>
    <dimen name="x793">719.57dp</dimen>
    <dimen name="x794">720.48dp</dimen>
    <dimen name="x795">721.39dp</dimen>
    <dimen name="x796">722.30dp</dimen>
    <dimen name="x797">723.20dp</dimen>
    <dimen name="x798">724.11dp</dimen>
    <dimen name="x799">725.02dp</dimen>
    <dimen name="x800">725.93dp</dimen>
    <dimen name="x801">726.83dp</dimen>
    <dimen name="x802">727.74dp</dimen>
    <dimen name="x803">728.65dp</dimen>
    <dimen name="x804">729.56dp</dimen>
    <dimen name="x805">730.46dp</dimen>
    <dimen name="x806">731.37dp</dimen>
    <dimen name="x807">732.28dp</dimen>
    <dimen name="x808">733.19dp</dimen>
    <dimen name="x809">734.09dp</dimen>
    <dimen name="x810">735.00dp</dimen>
    <dimen name="x811">735.91dp</dimen>
    <dimen name="x812">736.81dp</dimen>
    <dimen name="x813">737.72dp</dimen>
    <dimen name="x814">738.63dp</dimen>
    <dimen name="x815">739.54dp</dimen>
    <dimen name="x816">740.44dp</dimen>
    <dimen name="x817">741.35dp</dimen>
    <dimen name="x818">742.26dp</dimen>
    <dimen name="x819">743.17dp</dimen>
    <dimen name="x820">744.07dp</dimen>
    <dimen name="x821">744.98dp</dimen>
    <dimen name="x822">745.89dp</dimen>
    <dimen name="x823">746.80dp</dimen>
    <dimen name="x824">747.70dp</dimen>
    <dimen name="x825">748.61dp</dimen>
    <dimen name="x826">749.52dp</dimen>
    <dimen name="x827">750.43dp</dimen>
    <dimen name="x828">751.33dp</dimen>
    <dimen name="x829">752.24dp</dimen>
    <dimen name="x830">753.15dp</dimen>
    <dimen name="x831">754.06dp</dimen>
    <dimen name="x832">754.96dp</dimen>
    <dimen name="x833">755.87dp</dimen>
    <dimen name="x834">756.78dp</dimen>
    <dimen name="x835">757.69dp</dimen>
    <dimen name="x836">758.59dp</dimen>
    <dimen name="x837">759.50dp</dimen>
    <dimen name="x838">760.41dp</dimen>
    <dimen name="x839">761.31dp</dimen>
    <dimen name="x840">762.22dp</dimen>
    <dimen name="x841">763.13dp</dimen>
    <dimen name="x842">764.04dp</dimen>
    <dimen name="x843">764.94dp</dimen>
    <dimen name="x844">765.85dp</dimen>
    <dimen name="x845">766.76dp</dimen>
    <dimen name="x846">767.67dp</dimen>
    <dimen name="x847">768.57dp</dimen>
    <dimen name="x848">769.48dp</dimen>
    <dimen name="x849">770.39dp</dimen>
    <dimen name="x850">771.30dp</dimen>
    <dimen name="x851">772.20dp</dimen>
    <dimen name="x852">773.11dp</dimen>
    <dimen name="x853">774.02dp</dimen>
    <dimen name="x854">774.93dp</dimen>
    <dimen name="x855">775.83dp</dimen>
    <dimen name="x856">776.74dp</dimen>
    <dimen name="x857">777.65dp</dimen>
    <dimen name="x858">778.56dp</dimen>
    <dimen name="x859">779.46dp</dimen>
    <dimen name="x860">780.37dp</dimen>
    <dimen name="x861">781.28dp</dimen>
    <dimen name="x862">782.19dp</dimen>
    <dimen name="x863">783.09dp</dimen>
    <dimen name="x864">784.00dp</dimen>
    <dimen name="x865">784.91dp</dimen>
    <dimen name="x866">785.81dp</dimen>
    <dimen name="x867">786.72dp</dimen>
    <dimen name="x868">787.63dp</dimen>
    <dimen name="x869">788.54dp</dimen>
    <dimen name="x870">789.44dp</dimen>
    <dimen name="x871">790.35dp</dimen>
    <dimen name="x872">791.26dp</dimen>
    <dimen name="x873">792.17dp</dimen>
    <dimen name="x874">793.07dp</dimen>
    <dimen name="x875">793.98dp</dimen>
    <dimen name="x876">794.89dp</dimen>
    <dimen name="x877">795.80dp</dimen>
    <dimen name="x878">796.70dp</dimen>
    <dimen name="x879">797.61dp</dimen>
    <dimen name="x880">798.52dp</dimen>
    <dimen name="x881">799.43dp</dimen>
    <dimen name="x882">800.33dp</dimen>
    <dimen name="x883">801.24dp</dimen>
    <dimen name="x884">802.15dp</dimen>
    <dimen name="x885">803.06dp</dimen>
    <dimen name="x886">803.96dp</dimen>
    <dimen name="x887">804.87dp</dimen>
    <dimen name="x888">805.78dp</dimen>
    <dimen name="x889">806.69dp</dimen>
    <dimen name="x890">807.59dp</dimen>
    <dimen name="x891">808.50dp</dimen>
    <dimen name="x892">809.41dp</dimen>
    <dimen name="x893">810.31dp</dimen>
    <dimen name="x894">811.22dp</dimen>
    <dimen name="x895">812.13dp</dimen>
    <dimen name="x896">813.04dp</dimen>
    <dimen name="x897">813.94dp</dimen>
    <dimen name="x898">814.85dp</dimen>
    <dimen name="x899">815.76dp</dimen>
    <dimen name="x900">816.67dp</dimen>
    <dimen name="x901">817.57dp</dimen>
    <dimen name="x902">818.48dp</dimen>
    <dimen name="x903">819.39dp</dimen>
    <dimen name="x904">820.30dp</dimen>
    <dimen name="x905">821.20dp</dimen>
    <dimen name="x906">822.11dp</dimen>
    <dimen name="x907">823.02dp</dimen>
    <dimen name="x908">823.93dp</dimen>
    <dimen name="x909">824.83dp</dimen>
    <dimen name="x910">825.74dp</dimen>
    <dimen name="x911">826.65dp</dimen>
    <dimen name="x912">827.56dp</dimen>
    <dimen name="x913">828.46dp</dimen>
    <dimen name="x914">829.37dp</dimen>
    <dimen name="x915">830.28dp</dimen>
    <dimen name="x916">831.19dp</dimen>
    <dimen name="x917">832.09dp</dimen>
    <dimen name="x918">833.00dp</dimen>
    <dimen name="x919">833.91dp</dimen>
    <dimen name="x920">834.81dp</dimen>
    <dimen name="x921">835.72dp</dimen>
    <dimen name="x922">836.63dp</dimen>
    <dimen name="x923">837.54dp</dimen>
    <dimen name="x924">838.44dp</dimen>
    <dimen name="x925">839.35dp</dimen>
    <dimen name="x926">840.26dp</dimen>
    <dimen name="x927">841.17dp</dimen>
    <dimen name="x928">842.07dp</dimen>
    <dimen name="x929">842.98dp</dimen>
    <dimen name="x930">843.89dp</dimen>
    <dimen name="x931">844.80dp</dimen>
    <dimen name="x932">845.70dp</dimen>
    <dimen name="x933">846.61dp</dimen>
    <dimen name="x934">847.52dp</dimen>
    <dimen name="x935">848.43dp</dimen>
    <dimen name="x936">849.33dp</dimen>
    <dimen name="x937">850.24dp</dimen>
    <dimen name="x938">851.15dp</dimen>
    <dimen name="x939">852.06dp</dimen>
    <dimen name="x940">852.96dp</dimen>
    <dimen name="x941">853.87dp</dimen>
    <dimen name="x942">854.78dp</dimen>
    <dimen name="x943">855.69dp</dimen>
    <dimen name="x944">856.59dp</dimen>
    <dimen name="x945">857.50dp</dimen>
    <dimen name="x946">858.41dp</dimen>
    <dimen name="x947">859.31dp</dimen>
    <dimen name="x948">860.22dp</dimen>
    <dimen name="x949">861.13dp</dimen>
    <dimen name="x950">862.04dp</dimen>
    <dimen name="x951">862.94dp</dimen>
    <dimen name="x952">863.85dp</dimen>
    <dimen name="x953">864.76dp</dimen>
    <dimen name="x954">865.67dp</dimen>
    <dimen name="x955">866.57dp</dimen>
    <dimen name="x956">867.48dp</dimen>
    <dimen name="x957">868.39dp</dimen>
    <dimen name="x958">869.30dp</dimen>
    <dimen name="x959">870.20dp</dimen>
    <dimen name="x960">871.11dp</dimen>
    <dimen name="x961">872.02dp</dimen>
    <dimen name="x962">872.93dp</dimen>
    <dimen name="x963">873.83dp</dimen>
    <dimen name="x964">874.74dp</dimen>
    <dimen name="x965">875.65dp</dimen>
    <dimen name="x966">876.56dp</dimen>
    <dimen name="x967">877.46dp</dimen>
    <dimen name="x968">878.37dp</dimen>
    <dimen name="x969">879.28dp</dimen>
    <dimen name="x970">880.19dp</dimen>
    <dimen name="x971">881.09dp</dimen>
    <dimen name="x972">882.00dp</dimen>
    <dimen name="x973">882.91dp</dimen>
    <dimen name="x974">883.81dp</dimen>
    <dimen name="x975">884.72dp</dimen>
    <dimen name="x976">885.63dp</dimen>
    <dimen name="x977">886.54dp</dimen>
    <dimen name="x978">887.44dp</dimen>
    <dimen name="x979">888.35dp</dimen>
    <dimen name="x980">889.26dp</dimen>
    <dimen name="x981">890.17dp</dimen>
    <dimen name="x982">891.07dp</dimen>
    <dimen name="x983">891.98dp</dimen>
    <dimen name="x984">892.89dp</dimen>
    <dimen name="x985">893.80dp</dimen>
    <dimen name="x986">894.70dp</dimen>
    <dimen name="x987">895.61dp</dimen>
    <dimen name="x988">896.52dp</dimen>
    <dimen name="x989">897.43dp</dimen>
    <dimen name="x990">898.33dp</dimen>
    <dimen name="x991">899.24dp</dimen>
    <dimen name="x992">900.15dp</dimen>
    <dimen name="x993">901.06dp</dimen>
    <dimen name="x994">901.96dp</dimen>
    <dimen name="x995">902.87dp</dimen>
    <dimen name="x996">903.78dp</dimen>
    <dimen name="x997">904.69dp</dimen>
    <dimen name="x998">905.59dp</dimen>
    <dimen name="x999">906.50dp</dimen>
    <dimen name="x1000">907.41dp</dimen>
    <dimen name="x1001">908.31dp</dimen>
    <dimen name="x1002">909.22dp</dimen>
    <dimen name="x1003">910.13dp</dimen>
    <dimen name="x1004">911.04dp</dimen>
    <dimen name="x1005">911.94dp</dimen>
    <dimen name="x1006">912.85dp</dimen>
    <dimen name="x1007">913.76dp</dimen>
    <dimen name="x1008">914.67dp</dimen>
    <dimen name="x1009">915.57dp</dimen>
    <dimen name="x1010">916.48dp</dimen>
    <dimen name="x1011">917.39dp</dimen>
    <dimen name="x1012">918.30dp</dimen>
    <dimen name="x1013">919.20dp</dimen>
    <dimen name="x1014">920.11dp</dimen>
    <dimen name="x1015">921.02dp</dimen>
    <dimen name="x1016">921.93dp</dimen>
    <dimen name="x1017">922.83dp</dimen>
    <dimen name="x1018">923.74dp</dimen>
    <dimen name="x1019">924.65dp</dimen>
    <dimen name="x1020">925.56dp</dimen>
    <dimen name="x1021">926.46dp</dimen>
    <dimen name="x1022">927.37dp</dimen>
    <dimen name="x1023">928.28dp</dimen>
    <dimen name="x1024">929.19dp</dimen>
    <dimen name="x1025">930.09dp</dimen>
    <dimen name="x1026">931.00dp</dimen>
    <dimen name="x1027">931.91dp</dimen>
    <dimen name="x1028">932.81dp</dimen>
    <dimen name="x1029">933.72dp</dimen>
    <dimen name="x1030">934.63dp</dimen>
    <dimen name="x1031">935.54dp</dimen>
    <dimen name="x1032">936.44dp</dimen>
    <dimen name="x1033">937.35dp</dimen>
    <dimen name="x1034">938.26dp</dimen>
    <dimen name="x1035">939.17dp</dimen>
    <dimen name="x1036">940.07dp</dimen>
    <dimen name="x1037">940.98dp</dimen>
    <dimen name="x1038">941.89dp</dimen>
    <dimen name="x1039">942.80dp</dimen>
    <dimen name="x1040">943.70dp</dimen>
    <dimen name="x1041">944.61dp</dimen>
    <dimen name="x1042">945.52dp</dimen>
    <dimen name="x1043">946.43dp</dimen>
    <dimen name="x1044">947.33dp</dimen>
    <dimen name="x1045">948.24dp</dimen>
    <dimen name="x1046">949.15dp</dimen>
    <dimen name="x1047">950.06dp</dimen>
    <dimen name="x1048">950.96dp</dimen>
    <dimen name="x1049">951.87dp</dimen>
    <dimen name="x1050">952.78dp</dimen>
    <dimen name="x1051">953.69dp</dimen>
    <dimen name="x1052">954.59dp</dimen>
    <dimen name="x1053">955.50dp</dimen>
    <dimen name="x1054">956.41dp</dimen>
    <dimen name="x1055">957.31dp</dimen>
    <dimen name="x1056">958.22dp</dimen>
    <dimen name="x1057">959.13dp</dimen>
    <dimen name="x1058">960.04dp</dimen>
    <dimen name="x1059">960.94dp</dimen>
    <dimen name="x1060">961.85dp</dimen>
    <dimen name="x1061">962.76dp</dimen>
    <dimen name="x1062">963.67dp</dimen>
    <dimen name="x1063">964.57dp</dimen>
    <dimen name="x1064">965.48dp</dimen>
    <dimen name="x1065">966.39dp</dimen>
    <dimen name="x1066">967.30dp</dimen>
    <dimen name="x1067">968.20dp</dimen>
    <dimen name="x1068">969.11dp</dimen>
    <dimen name="x1069">970.02dp</dimen>
    <dimen name="x1070">970.93dp</dimen>
    <dimen name="x1071">971.83dp</dimen>
    <dimen name="x1072">972.74dp</dimen>
    <dimen name="x1073">973.65dp</dimen>
    <dimen name="x1074">974.56dp</dimen>
    <dimen name="x1075">975.46dp</dimen>
    <dimen name="x1076">976.37dp</dimen>
    <dimen name="x1077">977.28dp</dimen>
    <dimen name="x1078">978.19dp</dimen>
    <dimen name="x1079">979.09dp</dimen>
    <dimen name="x1080">980.00dp</dimen>
</resources>