<?xml version="1.0" encoding="utf-8"?>
<resources>
    <string name="sw_dp">1220dp</string>
    <dimen name="x1">1.13dp</dimen>
    <dimen name="x2">2.26dp</dimen>
    <dimen name="x3">3.39dp</dimen>
    <dimen name="x4">4.52dp</dimen>
    <dimen name="x5">5.65dp</dimen>
    <dimen name="x6">6.78dp</dimen>
    <dimen name="x7">7.91dp</dimen>
    <dimen name="x8">9.04dp</dimen>
    <dimen name="x9">10.17dp</dimen>
    <dimen name="x10">11.30dp</dimen>
    <dimen name="x11">12.43dp</dimen>
    <dimen name="x12">13.56dp</dimen>
    <dimen name="x13">14.69dp</dimen>
    <dimen name="x14">15.81dp</dimen>
    <dimen name="x15">16.94dp</dimen>
    <dimen name="x16">18.07dp</dimen>
    <dimen name="x17">19.20dp</dimen>
    <dimen name="x18">20.33dp</dimen>
    <dimen name="x19">21.46dp</dimen>
    <dimen name="x20">22.59dp</dimen>
    <dimen name="x21">23.72dp</dimen>
    <dimen name="x22">24.85dp</dimen>
    <dimen name="x23">25.98dp</dimen>
    <dimen name="x24">27.11dp</dimen>
    <dimen name="x25">28.24dp</dimen>
    <dimen name="x26">29.37dp</dimen>
    <dimen name="x27">30.50dp</dimen>
    <dimen name="x28">31.63dp</dimen>
    <dimen name="x29">32.76dp</dimen>
    <dimen name="x30">33.89dp</dimen>
    <dimen name="x31">35.02dp</dimen>
    <dimen name="x32">36.15dp</dimen>
    <dimen name="x33">37.28dp</dimen>
    <dimen name="x34">38.41dp</dimen>
    <dimen name="x35">39.54dp</dimen>
    <dimen name="x36">40.67dp</dimen>
    <dimen name="x37">41.80dp</dimen>
    <dimen name="x38">42.93dp</dimen>
    <dimen name="x39">44.06dp</dimen>
    <dimen name="x40">45.19dp</dimen>
    <dimen name="x41">46.31dp</dimen>
    <dimen name="x42">47.44dp</dimen>
    <dimen name="x43">48.57dp</dimen>
    <dimen name="x44">49.70dp</dimen>
    <dimen name="x45">50.83dp</dimen>
    <dimen name="x46">51.96dp</dimen>
    <dimen name="x47">53.09dp</dimen>
    <dimen name="x48">54.22dp</dimen>
    <dimen name="x49">55.35dp</dimen>
    <dimen name="x50">56.48dp</dimen>
    <dimen name="x51">57.61dp</dimen>
    <dimen name="x52">58.74dp</dimen>
    <dimen name="x53">59.87dp</dimen>
    <dimen name="x54">61.00dp</dimen>
    <dimen name="x55">62.13dp</dimen>
    <dimen name="x56">63.26dp</dimen>
    <dimen name="x57">64.39dp</dimen>
    <dimen name="x58">65.52dp</dimen>
    <dimen name="x59">66.65dp</dimen>
    <dimen name="x60">67.78dp</dimen>
    <dimen name="x61">68.91dp</dimen>
    <dimen name="x62">70.04dp</dimen>
    <dimen name="x63">71.17dp</dimen>
    <dimen name="x64">72.30dp</dimen>
    <dimen name="x65">73.43dp</dimen>
    <dimen name="x66">74.56dp</dimen>
    <dimen name="x67">75.69dp</dimen>
    <dimen name="x68">76.81dp</dimen>
    <dimen name="x69">77.94dp</dimen>
    <dimen name="x70">79.07dp</dimen>
    <dimen name="x71">80.20dp</dimen>
    <dimen name="x72">81.33dp</dimen>
    <dimen name="x73">82.46dp</dimen>
    <dimen name="x74">83.59dp</dimen>
    <dimen name="x75">84.72dp</dimen>
    <dimen name="x76">85.85dp</dimen>
    <dimen name="x77">86.98dp</dimen>
    <dimen name="x78">88.11dp</dimen>
    <dimen name="x79">89.24dp</dimen>
    <dimen name="x80">90.37dp</dimen>
    <dimen name="x81">91.50dp</dimen>
    <dimen name="x82">92.63dp</dimen>
    <dimen name="x83">93.76dp</dimen>
    <dimen name="x84">94.89dp</dimen>
    <dimen name="x85">96.02dp</dimen>
    <dimen name="x86">97.15dp</dimen>
    <dimen name="x87">98.28dp</dimen>
    <dimen name="x88">99.41dp</dimen>
    <dimen name="x89">100.54dp</dimen>
    <dimen name="x90">101.67dp</dimen>
    <dimen name="x91">102.80dp</dimen>
    <dimen name="x92">103.93dp</dimen>
    <dimen name="x93">105.06dp</dimen>
    <dimen name="x94">106.19dp</dimen>
    <dimen name="x95">107.31dp</dimen>
    <dimen name="x96">108.44dp</dimen>
    <dimen name="x97">109.57dp</dimen>
    <dimen name="x98">110.70dp</dimen>
    <dimen name="x99">111.83dp</dimen>
    <dimen name="x100">112.96dp</dimen>
    <dimen name="x101">114.09dp</dimen>
    <dimen name="x102">115.22dp</dimen>
    <dimen name="x103">116.35dp</dimen>
    <dimen name="x104">117.48dp</dimen>
    <dimen name="x105">118.61dp</dimen>
    <dimen name="x106">119.74dp</dimen>
    <dimen name="x107">120.87dp</dimen>
    <dimen name="x108">122.00dp</dimen>
    <dimen name="x109">123.13dp</dimen>
    <dimen name="x110">124.26dp</dimen>
    <dimen name="x111">125.39dp</dimen>
    <dimen name="x112">126.52dp</dimen>
    <dimen name="x113">127.65dp</dimen>
    <dimen name="x114">128.78dp</dimen>
    <dimen name="x115">129.91dp</dimen>
    <dimen name="x116">131.04dp</dimen>
    <dimen name="x117">132.17dp</dimen>
    <dimen name="x118">133.30dp</dimen>
    <dimen name="x119">134.43dp</dimen>
    <dimen name="x120">135.56dp</dimen>
    <dimen name="x121">136.69dp</dimen>
    <dimen name="x122">137.81dp</dimen>
    <dimen name="x123">138.94dp</dimen>
    <dimen name="x124">140.07dp</dimen>
    <dimen name="x125">141.20dp</dimen>
    <dimen name="x126">142.33dp</dimen>
    <dimen name="x127">143.46dp</dimen>
    <dimen name="x128">144.59dp</dimen>
    <dimen name="x129">145.72dp</dimen>
    <dimen name="x130">146.85dp</dimen>
    <dimen name="x131">147.98dp</dimen>
    <dimen name="x132">149.11dp</dimen>
    <dimen name="x133">150.24dp</dimen>
    <dimen name="x134">151.37dp</dimen>
    <dimen name="x135">152.50dp</dimen>
    <dimen name="x136">153.63dp</dimen>
    <dimen name="x137">154.76dp</dimen>
    <dimen name="x138">155.89dp</dimen>
    <dimen name="x139">157.02dp</dimen>
    <dimen name="x140">158.15dp</dimen>
    <dimen name="x141">159.28dp</dimen>
    <dimen name="x142">160.41dp</dimen>
    <dimen name="x143">161.54dp</dimen>
    <dimen name="x144">162.67dp</dimen>
    <dimen name="x145">163.80dp</dimen>
    <dimen name="x146">164.93dp</dimen>
    <dimen name="x147">166.06dp</dimen>
    <dimen name="x148">167.19dp</dimen>
    <dimen name="x149">168.31dp</dimen>
    <dimen name="x150">169.44dp</dimen>
    <dimen name="x151">170.57dp</dimen>
    <dimen name="x152">171.70dp</dimen>
    <dimen name="x153">172.83dp</dimen>
    <dimen name="x154">173.96dp</dimen>
    <dimen name="x155">175.09dp</dimen>
    <dimen name="x156">176.22dp</dimen>
    <dimen name="x157">177.35dp</dimen>
    <dimen name="x158">178.48dp</dimen>
    <dimen name="x159">179.61dp</dimen>
    <dimen name="x160">180.74dp</dimen>
    <dimen name="x161">181.87dp</dimen>
    <dimen name="x162">183.00dp</dimen>
    <dimen name="x163">184.13dp</dimen>
    <dimen name="x164">185.26dp</dimen>
    <dimen name="x165">186.39dp</dimen>
    <dimen name="x166">187.52dp</dimen>
    <dimen name="x167">188.65dp</dimen>
    <dimen name="x168">189.78dp</dimen>
    <dimen name="x169">190.91dp</dimen>
    <dimen name="x170">192.04dp</dimen>
    <dimen name="x171">193.17dp</dimen>
    <dimen name="x172">194.30dp</dimen>
    <dimen name="x173">195.43dp</dimen>
    <dimen name="x174">196.56dp</dimen>
    <dimen name="x175">197.69dp</dimen>
    <dimen name="x176">198.81dp</dimen>
    <dimen name="x177">199.94dp</dimen>
    <dimen name="x178">201.07dp</dimen>
    <dimen name="x179">202.20dp</dimen>
    <dimen name="x180">203.33dp</dimen>
    <dimen name="x181">204.46dp</dimen>
    <dimen name="x182">205.59dp</dimen>
    <dimen name="x183">206.72dp</dimen>
    <dimen name="x184">207.85dp</dimen>
    <dimen name="x185">208.98dp</dimen>
    <dimen name="x186">210.11dp</dimen>
    <dimen name="x187">211.24dp</dimen>
    <dimen name="x188">212.37dp</dimen>
    <dimen name="x189">213.50dp</dimen>
    <dimen name="x190">214.63dp</dimen>
    <dimen name="x191">215.76dp</dimen>
    <dimen name="x192">216.89dp</dimen>
    <dimen name="x193">218.02dp</dimen>
    <dimen name="x194">219.15dp</dimen>
    <dimen name="x195">220.28dp</dimen>
    <dimen name="x196">221.41dp</dimen>
    <dimen name="x197">222.54dp</dimen>
    <dimen name="x198">223.67dp</dimen>
    <dimen name="x199">224.80dp</dimen>
    <dimen name="x200">225.93dp</dimen>
    <dimen name="x201">227.06dp</dimen>
    <dimen name="x202">228.19dp</dimen>
    <dimen name="x203">229.31dp</dimen>
    <dimen name="x204">230.44dp</dimen>
    <dimen name="x205">231.57dp</dimen>
    <dimen name="x206">232.70dp</dimen>
    <dimen name="x207">233.83dp</dimen>
    <dimen name="x208">234.96dp</dimen>
    <dimen name="x209">236.09dp</dimen>
    <dimen name="x210">237.22dp</dimen>
    <dimen name="x211">238.35dp</dimen>
    <dimen name="x212">239.48dp</dimen>
    <dimen name="x213">240.61dp</dimen>
    <dimen name="x214">241.74dp</dimen>
    <dimen name="x215">242.87dp</dimen>
    <dimen name="x216">244.00dp</dimen>
    <dimen name="x217">245.13dp</dimen>
    <dimen name="x218">246.26dp</dimen>
    <dimen name="x219">247.39dp</dimen>
    <dimen name="x220">248.52dp</dimen>
    <dimen name="x221">249.65dp</dimen>
    <dimen name="x222">250.78dp</dimen>
    <dimen name="x223">251.91dp</dimen>
    <dimen name="x224">253.04dp</dimen>
    <dimen name="x225">254.17dp</dimen>
    <dimen name="x226">255.30dp</dimen>
    <dimen name="x227">256.43dp</dimen>
    <dimen name="x228">257.56dp</dimen>
    <dimen name="x229">258.69dp</dimen>
    <dimen name="x230">259.81dp</dimen>
    <dimen name="x231">260.94dp</dimen>
    <dimen name="x232">262.07dp</dimen>
    <dimen name="x233">263.20dp</dimen>
    <dimen name="x234">264.33dp</dimen>
    <dimen name="x235">265.46dp</dimen>
    <dimen name="x236">266.59dp</dimen>
    <dimen name="x237">267.72dp</dimen>
    <dimen name="x238">268.85dp</dimen>
    <dimen name="x239">269.98dp</dimen>
    <dimen name="x240">271.11dp</dimen>
    <dimen name="x241">272.24dp</dimen>
    <dimen name="x242">273.37dp</dimen>
    <dimen name="x243">274.50dp</dimen>
    <dimen name="x244">275.63dp</dimen>
    <dimen name="x245">276.76dp</dimen>
    <dimen name="x246">277.89dp</dimen>
    <dimen name="x247">279.02dp</dimen>
    <dimen name="x248">280.15dp</dimen>
    <dimen name="x249">281.28dp</dimen>
    <dimen name="x250">282.41dp</dimen>
    <dimen name="x251">283.54dp</dimen>
    <dimen name="x252">284.67dp</dimen>
    <dimen name="x253">285.80dp</dimen>
    <dimen name="x254">286.93dp</dimen>
    <dimen name="x255">288.06dp</dimen>
    <dimen name="x256">289.19dp</dimen>
    <dimen name="x257">290.31dp</dimen>
    <dimen name="x258">291.44dp</dimen>
    <dimen name="x259">292.57dp</dimen>
    <dimen name="x260">293.70dp</dimen>
    <dimen name="x261">294.83dp</dimen>
    <dimen name="x262">295.96dp</dimen>
    <dimen name="x263">297.09dp</dimen>
    <dimen name="x264">298.22dp</dimen>
    <dimen name="x265">299.35dp</dimen>
    <dimen name="x266">300.48dp</dimen>
    <dimen name="x267">301.61dp</dimen>
    <dimen name="x268">302.74dp</dimen>
    <dimen name="x269">303.87dp</dimen>
    <dimen name="x270">305.00dp</dimen>
    <dimen name="x271">306.13dp</dimen>
    <dimen name="x272">307.26dp</dimen>
    <dimen name="x273">308.39dp</dimen>
    <dimen name="x274">309.52dp</dimen>
    <dimen name="x275">310.65dp</dimen>
    <dimen name="x276">311.78dp</dimen>
    <dimen name="x277">312.91dp</dimen>
    <dimen name="x278">314.04dp</dimen>
    <dimen name="x279">315.17dp</dimen>
    <dimen name="x280">316.30dp</dimen>
    <dimen name="x281">317.43dp</dimen>
    <dimen name="x282">318.56dp</dimen>
    <dimen name="x283">319.69dp</dimen>
    <dimen name="x284">320.81dp</dimen>
    <dimen name="x285">321.94dp</dimen>
    <dimen name="x286">323.07dp</dimen>
    <dimen name="x287">324.20dp</dimen>
    <dimen name="x288">325.33dp</dimen>
    <dimen name="x289">326.46dp</dimen>
    <dimen name="x290">327.59dp</dimen>
    <dimen name="x291">328.72dp</dimen>
    <dimen name="x292">329.85dp</dimen>
    <dimen name="x293">330.98dp</dimen>
    <dimen name="x294">332.11dp</dimen>
    <dimen name="x295">333.24dp</dimen>
    <dimen name="x296">334.37dp</dimen>
    <dimen name="x297">335.50dp</dimen>
    <dimen name="x298">336.63dp</dimen>
    <dimen name="x299">337.76dp</dimen>
    <dimen name="x300">338.89dp</dimen>
    <dimen name="x301">340.02dp</dimen>
    <dimen name="x302">341.15dp</dimen>
    <dimen name="x303">342.28dp</dimen>
    <dimen name="x304">343.41dp</dimen>
    <dimen name="x305">344.54dp</dimen>
    <dimen name="x306">345.67dp</dimen>
    <dimen name="x307">346.80dp</dimen>
    <dimen name="x308">347.93dp</dimen>
    <dimen name="x309">349.06dp</dimen>
    <dimen name="x310">350.19dp</dimen>
    <dimen name="x311">351.31dp</dimen>
    <dimen name="x312">352.44dp</dimen>
    <dimen name="x313">353.57dp</dimen>
    <dimen name="x314">354.70dp</dimen>
    <dimen name="x315">355.83dp</dimen>
    <dimen name="x316">356.96dp</dimen>
    <dimen name="x317">358.09dp</dimen>
    <dimen name="x318">359.22dp</dimen>
    <dimen name="x319">360.35dp</dimen>
    <dimen name="x320">361.48dp</dimen>
    <dimen name="x321">362.61dp</dimen>
    <dimen name="x322">363.74dp</dimen>
    <dimen name="x323">364.87dp</dimen>
    <dimen name="x324">366.00dp</dimen>
    <dimen name="x325">367.13dp</dimen>
    <dimen name="x326">368.26dp</dimen>
    <dimen name="x327">369.39dp</dimen>
    <dimen name="x328">370.52dp</dimen>
    <dimen name="x329">371.65dp</dimen>
    <dimen name="x330">372.78dp</dimen>
    <dimen name="x331">373.91dp</dimen>
    <dimen name="x332">375.04dp</dimen>
    <dimen name="x333">376.17dp</dimen>
    <dimen name="x334">377.30dp</dimen>
    <dimen name="x335">378.43dp</dimen>
    <dimen name="x336">379.56dp</dimen>
    <dimen name="x337">380.69dp</dimen>
    <dimen name="x338">381.81dp</dimen>
    <dimen name="x339">382.94dp</dimen>
    <dimen name="x340">384.07dp</dimen>
    <dimen name="x341">385.20dp</dimen>
    <dimen name="x342">386.33dp</dimen>
    <dimen name="x343">387.46dp</dimen>
    <dimen name="x344">388.59dp</dimen>
    <dimen name="x345">389.72dp</dimen>
    <dimen name="x346">390.85dp</dimen>
    <dimen name="x347">391.98dp</dimen>
    <dimen name="x348">393.11dp</dimen>
    <dimen name="x349">394.24dp</dimen>
    <dimen name="x350">395.37dp</dimen>
    <dimen name="x351">396.50dp</dimen>
    <dimen name="x352">397.63dp</dimen>
    <dimen name="x353">398.76dp</dimen>
    <dimen name="x354">399.89dp</dimen>
    <dimen name="x355">401.02dp</dimen>
    <dimen name="x356">402.15dp</dimen>
    <dimen name="x357">403.28dp</dimen>
    <dimen name="x358">404.41dp</dimen>
    <dimen name="x359">405.54dp</dimen>
    <dimen name="x360">406.67dp</dimen>
    <dimen name="x361">407.80dp</dimen>
    <dimen name="x362">408.93dp</dimen>
    <dimen name="x363">410.06dp</dimen>
    <dimen name="x364">411.19dp</dimen>
    <dimen name="x365">412.31dp</dimen>
    <dimen name="x366">413.44dp</dimen>
    <dimen name="x367">414.57dp</dimen>
    <dimen name="x368">415.70dp</dimen>
    <dimen name="x369">416.83dp</dimen>
    <dimen name="x370">417.96dp</dimen>
    <dimen name="x371">419.09dp</dimen>
    <dimen name="x372">420.22dp</dimen>
    <dimen name="x373">421.35dp</dimen>
    <dimen name="x374">422.48dp</dimen>
    <dimen name="x375">423.61dp</dimen>
    <dimen name="x376">424.74dp</dimen>
    <dimen name="x377">425.87dp</dimen>
    <dimen name="x378">427.00dp</dimen>
    <dimen name="x379">428.13dp</dimen>
    <dimen name="x380">429.26dp</dimen>
    <dimen name="x381">430.39dp</dimen>
    <dimen name="x382">431.52dp</dimen>
    <dimen name="x383">432.65dp</dimen>
    <dimen name="x384">433.78dp</dimen>
    <dimen name="x385">434.91dp</dimen>
    <dimen name="x386">436.04dp</dimen>
    <dimen name="x387">437.17dp</dimen>
    <dimen name="x388">438.30dp</dimen>
    <dimen name="x389">439.43dp</dimen>
    <dimen name="x390">440.56dp</dimen>
    <dimen name="x391">441.69dp</dimen>
    <dimen name="x392">442.81dp</dimen>
    <dimen name="x393">443.94dp</dimen>
    <dimen name="x394">445.07dp</dimen>
    <dimen name="x395">446.20dp</dimen>
    <dimen name="x396">447.33dp</dimen>
    <dimen name="x397">448.46dp</dimen>
    <dimen name="x398">449.59dp</dimen>
    <dimen name="x399">450.72dp</dimen>
    <dimen name="x400">451.85dp</dimen>
    <dimen name="x401">452.98dp</dimen>
    <dimen name="x402">454.11dp</dimen>
    <dimen name="x403">455.24dp</dimen>
    <dimen name="x404">456.37dp</dimen>
    <dimen name="x405">457.50dp</dimen>
    <dimen name="x406">458.63dp</dimen>
    <dimen name="x407">459.76dp</dimen>
    <dimen name="x408">460.89dp</dimen>
    <dimen name="x409">462.02dp</dimen>
    <dimen name="x410">463.15dp</dimen>
    <dimen name="x411">464.28dp</dimen>
    <dimen name="x412">465.41dp</dimen>
    <dimen name="x413">466.54dp</dimen>
    <dimen name="x414">467.67dp</dimen>
    <dimen name="x415">468.80dp</dimen>
    <dimen name="x416">469.93dp</dimen>
    <dimen name="x417">471.06dp</dimen>
    <dimen name="x418">472.19dp</dimen>
    <dimen name="x419">473.31dp</dimen>
    <dimen name="x420">474.44dp</dimen>
    <dimen name="x421">475.57dp</dimen>
    <dimen name="x422">476.70dp</dimen>
    <dimen name="x423">477.83dp</dimen>
    <dimen name="x424">478.96dp</dimen>
    <dimen name="x425">480.09dp</dimen>
    <dimen name="x426">481.22dp</dimen>
    <dimen name="x427">482.35dp</dimen>
    <dimen name="x428">483.48dp</dimen>
    <dimen name="x429">484.61dp</dimen>
    <dimen name="x430">485.74dp</dimen>
    <dimen name="x431">486.87dp</dimen>
    <dimen name="x432">488.00dp</dimen>
    <dimen name="x433">489.13dp</dimen>
    <dimen name="x434">490.26dp</dimen>
    <dimen name="x435">491.39dp</dimen>
    <dimen name="x436">492.52dp</dimen>
    <dimen name="x437">493.65dp</dimen>
    <dimen name="x438">494.78dp</dimen>
    <dimen name="x439">495.91dp</dimen>
    <dimen name="x440">497.04dp</dimen>
    <dimen name="x441">498.17dp</dimen>
    <dimen name="x442">499.30dp</dimen>
    <dimen name="x443">500.43dp</dimen>
    <dimen name="x444">501.56dp</dimen>
    <dimen name="x445">502.69dp</dimen>
    <dimen name="x446">503.81dp</dimen>
    <dimen name="x447">504.94dp</dimen>
    <dimen name="x448">506.07dp</dimen>
    <dimen name="x449">507.20dp</dimen>
    <dimen name="x450">508.33dp</dimen>
    <dimen name="x451">509.46dp</dimen>
    <dimen name="x452">510.59dp</dimen>
    <dimen name="x453">511.72dp</dimen>
    <dimen name="x454">512.85dp</dimen>
    <dimen name="x455">513.98dp</dimen>
    <dimen name="x456">515.11dp</dimen>
    <dimen name="x457">516.24dp</dimen>
    <dimen name="x458">517.37dp</dimen>
    <dimen name="x459">518.50dp</dimen>
    <dimen name="x460">519.63dp</dimen>
    <dimen name="x461">520.76dp</dimen>
    <dimen name="x462">521.89dp</dimen>
    <dimen name="x463">523.02dp</dimen>
    <dimen name="x464">524.15dp</dimen>
    <dimen name="x465">525.28dp</dimen>
    <dimen name="x466">526.41dp</dimen>
    <dimen name="x467">527.54dp</dimen>
    <dimen name="x468">528.67dp</dimen>
    <dimen name="x469">529.80dp</dimen>
    <dimen name="x470">530.93dp</dimen>
    <dimen name="x471">532.06dp</dimen>
    <dimen name="x472">533.19dp</dimen>
    <dimen name="x473">534.31dp</dimen>
    <dimen name="x474">535.44dp</dimen>
    <dimen name="x475">536.57dp</dimen>
    <dimen name="x476">537.70dp</dimen>
    <dimen name="x477">538.83dp</dimen>
    <dimen name="x478">539.96dp</dimen>
    <dimen name="x479">541.09dp</dimen>
    <dimen name="x480">542.22dp</dimen>
    <dimen name="x481">543.35dp</dimen>
    <dimen name="x482">544.48dp</dimen>
    <dimen name="x483">545.61dp</dimen>
    <dimen name="x484">546.74dp</dimen>
    <dimen name="x485">547.87dp</dimen>
    <dimen name="x486">549.00dp</dimen>
    <dimen name="x487">550.13dp</dimen>
    <dimen name="x488">551.26dp</dimen>
    <dimen name="x489">552.39dp</dimen>
    <dimen name="x490">553.52dp</dimen>
    <dimen name="x491">554.65dp</dimen>
    <dimen name="x492">555.78dp</dimen>
    <dimen name="x493">556.91dp</dimen>
    <dimen name="x494">558.04dp</dimen>
    <dimen name="x495">559.17dp</dimen>
    <dimen name="x496">560.30dp</dimen>
    <dimen name="x497">561.43dp</dimen>
    <dimen name="x498">562.56dp</dimen>
    <dimen name="x499">563.69dp</dimen>
    <dimen name="x500">564.81dp</dimen>
    <dimen name="x501">565.94dp</dimen>
    <dimen name="x502">567.07dp</dimen>
    <dimen name="x503">568.20dp</dimen>
    <dimen name="x504">569.33dp</dimen>
    <dimen name="x505">570.46dp</dimen>
    <dimen name="x506">571.59dp</dimen>
    <dimen name="x507">572.72dp</dimen>
    <dimen name="x508">573.85dp</dimen>
    <dimen name="x509">574.98dp</dimen>
    <dimen name="x510">576.11dp</dimen>
    <dimen name="x511">577.24dp</dimen>
    <dimen name="x512">578.37dp</dimen>
    <dimen name="x513">579.50dp</dimen>
    <dimen name="x514">580.63dp</dimen>
    <dimen name="x515">581.76dp</dimen>
    <dimen name="x516">582.89dp</dimen>
    <dimen name="x517">584.02dp</dimen>
    <dimen name="x518">585.15dp</dimen>
    <dimen name="x519">586.28dp</dimen>
    <dimen name="x520">587.41dp</dimen>
    <dimen name="x521">588.54dp</dimen>
    <dimen name="x522">589.67dp</dimen>
    <dimen name="x523">590.80dp</dimen>
    <dimen name="x524">591.93dp</dimen>
    <dimen name="x525">593.06dp</dimen>
    <dimen name="x526">594.19dp</dimen>
    <dimen name="x527">595.31dp</dimen>
    <dimen name="x528">596.44dp</dimen>
    <dimen name="x529">597.57dp</dimen>
    <dimen name="x530">598.70dp</dimen>
    <dimen name="x531">599.83dp</dimen>
    <dimen name="x532">600.96dp</dimen>
    <dimen name="x533">602.09dp</dimen>
    <dimen name="x534">603.22dp</dimen>
    <dimen name="x535">604.35dp</dimen>
    <dimen name="x536">605.48dp</dimen>
    <dimen name="x537">606.61dp</dimen>
    <dimen name="x538">607.74dp</dimen>
    <dimen name="x539">608.87dp</dimen>
    <dimen name="x540">610.00dp</dimen>
    <dimen name="x541">611.13dp</dimen>
    <dimen name="x542">612.26dp</dimen>
    <dimen name="x543">613.39dp</dimen>
    <dimen name="x544">614.52dp</dimen>
    <dimen name="x545">615.65dp</dimen>
    <dimen name="x546">616.78dp</dimen>
    <dimen name="x547">617.91dp</dimen>
    <dimen name="x548">619.04dp</dimen>
    <dimen name="x549">620.17dp</dimen>
    <dimen name="x550">621.30dp</dimen>
    <dimen name="x551">622.43dp</dimen>
    <dimen name="x552">623.56dp</dimen>
    <dimen name="x553">624.69dp</dimen>
    <dimen name="x554">625.81dp</dimen>
    <dimen name="x555">626.94dp</dimen>
    <dimen name="x556">628.07dp</dimen>
    <dimen name="x557">629.20dp</dimen>
    <dimen name="x558">630.33dp</dimen>
    <dimen name="x559">631.46dp</dimen>
    <dimen name="x560">632.59dp</dimen>
    <dimen name="x561">633.72dp</dimen>
    <dimen name="x562">634.85dp</dimen>
    <dimen name="x563">635.98dp</dimen>
    <dimen name="x564">637.11dp</dimen>
    <dimen name="x565">638.24dp</dimen>
    <dimen name="x566">639.37dp</dimen>
    <dimen name="x567">640.50dp</dimen>
    <dimen name="x568">641.63dp</dimen>
    <dimen name="x569">642.76dp</dimen>
    <dimen name="x570">643.89dp</dimen>
    <dimen name="x571">645.02dp</dimen>
    <dimen name="x572">646.15dp</dimen>
    <dimen name="x573">647.28dp</dimen>
    <dimen name="x574">648.41dp</dimen>
    <dimen name="x575">649.54dp</dimen>
    <dimen name="x576">650.67dp</dimen>
    <dimen name="x577">651.80dp</dimen>
    <dimen name="x578">652.93dp</dimen>
    <dimen name="x579">654.06dp</dimen>
    <dimen name="x580">655.19dp</dimen>
    <dimen name="x581">656.31dp</dimen>
    <dimen name="x582">657.44dp</dimen>
    <dimen name="x583">658.57dp</dimen>
    <dimen name="x584">659.70dp</dimen>
    <dimen name="x585">660.83dp</dimen>
    <dimen name="x586">661.96dp</dimen>
    <dimen name="x587">663.09dp</dimen>
    <dimen name="x588">664.22dp</dimen>
    <dimen name="x589">665.35dp</dimen>
    <dimen name="x590">666.48dp</dimen>
    <dimen name="x591">667.61dp</dimen>
    <dimen name="x592">668.74dp</dimen>
    <dimen name="x593">669.87dp</dimen>
    <dimen name="x594">671.00dp</dimen>
    <dimen name="x595">672.13dp</dimen>
    <dimen name="x596">673.26dp</dimen>
    <dimen name="x597">674.39dp</dimen>
    <dimen name="x598">675.52dp</dimen>
    <dimen name="x599">676.65dp</dimen>
    <dimen name="x600">677.78dp</dimen>
    <dimen name="x601">678.91dp</dimen>
    <dimen name="x602">680.04dp</dimen>
    <dimen name="x603">681.17dp</dimen>
    <dimen name="x604">682.30dp</dimen>
    <dimen name="x605">683.43dp</dimen>
    <dimen name="x606">684.56dp</dimen>
    <dimen name="x607">685.69dp</dimen>
    <dimen name="x608">686.81dp</dimen>
    <dimen name="x609">687.94dp</dimen>
    <dimen name="x610">689.07dp</dimen>
    <dimen name="x611">690.20dp</dimen>
    <dimen name="x612">691.33dp</dimen>
    <dimen name="x613">692.46dp</dimen>
    <dimen name="x614">693.59dp</dimen>
    <dimen name="x615">694.72dp</dimen>
    <dimen name="x616">695.85dp</dimen>
    <dimen name="x617">696.98dp</dimen>
    <dimen name="x618">698.11dp</dimen>
    <dimen name="x619">699.24dp</dimen>
    <dimen name="x620">700.37dp</dimen>
    <dimen name="x621">701.50dp</dimen>
    <dimen name="x622">702.63dp</dimen>
    <dimen name="x623">703.76dp</dimen>
    <dimen name="x624">704.89dp</dimen>
    <dimen name="x625">706.02dp</dimen>
    <dimen name="x626">707.15dp</dimen>
    <dimen name="x627">708.28dp</dimen>
    <dimen name="x628">709.41dp</dimen>
    <dimen name="x629">710.54dp</dimen>
    <dimen name="x630">711.67dp</dimen>
    <dimen name="x631">712.80dp</dimen>
    <dimen name="x632">713.93dp</dimen>
    <dimen name="x633">715.06dp</dimen>
    <dimen name="x634">716.19dp</dimen>
    <dimen name="x635">717.31dp</dimen>
    <dimen name="x636">718.44dp</dimen>
    <dimen name="x637">719.57dp</dimen>
    <dimen name="x638">720.70dp</dimen>
    <dimen name="x639">721.83dp</dimen>
    <dimen name="x640">722.96dp</dimen>
    <dimen name="x641">724.09dp</dimen>
    <dimen name="x642">725.22dp</dimen>
    <dimen name="x643">726.35dp</dimen>
    <dimen name="x644">727.48dp</dimen>
    <dimen name="x645">728.61dp</dimen>
    <dimen name="x646">729.74dp</dimen>
    <dimen name="x647">730.87dp</dimen>
    <dimen name="x648">732.00dp</dimen>
    <dimen name="x649">733.13dp</dimen>
    <dimen name="x650">734.26dp</dimen>
    <dimen name="x651">735.39dp</dimen>
    <dimen name="x652">736.52dp</dimen>
    <dimen name="x653">737.65dp</dimen>
    <dimen name="x654">738.78dp</dimen>
    <dimen name="x655">739.91dp</dimen>
    <dimen name="x656">741.04dp</dimen>
    <dimen name="x657">742.17dp</dimen>
    <dimen name="x658">743.30dp</dimen>
    <dimen name="x659">744.43dp</dimen>
    <dimen name="x660">745.56dp</dimen>
    <dimen name="x661">746.69dp</dimen>
    <dimen name="x662">747.81dp</dimen>
    <dimen name="x663">748.94dp</dimen>
    <dimen name="x664">750.07dp</dimen>
    <dimen name="x665">751.20dp</dimen>
    <dimen name="x666">752.33dp</dimen>
    <dimen name="x667">753.46dp</dimen>
    <dimen name="x668">754.59dp</dimen>
    <dimen name="x669">755.72dp</dimen>
    <dimen name="x670">756.85dp</dimen>
    <dimen name="x671">757.98dp</dimen>
    <dimen name="x672">759.11dp</dimen>
    <dimen name="x673">760.24dp</dimen>
    <dimen name="x674">761.37dp</dimen>
    <dimen name="x675">762.50dp</dimen>
    <dimen name="x676">763.63dp</dimen>
    <dimen name="x677">764.76dp</dimen>
    <dimen name="x678">765.89dp</dimen>
    <dimen name="x679">767.02dp</dimen>
    <dimen name="x680">768.15dp</dimen>
    <dimen name="x681">769.28dp</dimen>
    <dimen name="x682">770.41dp</dimen>
    <dimen name="x683">771.54dp</dimen>
    <dimen name="x684">772.67dp</dimen>
    <dimen name="x685">773.80dp</dimen>
    <dimen name="x686">774.93dp</dimen>
    <dimen name="x687">776.06dp</dimen>
    <dimen name="x688">777.19dp</dimen>
    <dimen name="x689">778.31dp</dimen>
    <dimen name="x690">779.44dp</dimen>
    <dimen name="x691">780.57dp</dimen>
    <dimen name="x692">781.70dp</dimen>
    <dimen name="x693">782.83dp</dimen>
    <dimen name="x694">783.96dp</dimen>
    <dimen name="x695">785.09dp</dimen>
    <dimen name="x696">786.22dp</dimen>
    <dimen name="x697">787.35dp</dimen>
    <dimen name="x698">788.48dp</dimen>
    <dimen name="x699">789.61dp</dimen>
    <dimen name="x700">790.74dp</dimen>
    <dimen name="x701">791.87dp</dimen>
    <dimen name="x702">793.00dp</dimen>
    <dimen name="x703">794.13dp</dimen>
    <dimen name="x704">795.26dp</dimen>
    <dimen name="x705">796.39dp</dimen>
    <dimen name="x706">797.52dp</dimen>
    <dimen name="x707">798.65dp</dimen>
    <dimen name="x708">799.78dp</dimen>
    <dimen name="x709">800.91dp</dimen>
    <dimen name="x710">802.04dp</dimen>
    <dimen name="x711">803.17dp</dimen>
    <dimen name="x712">804.30dp</dimen>
    <dimen name="x713">805.43dp</dimen>
    <dimen name="x714">806.56dp</dimen>
    <dimen name="x715">807.69dp</dimen>
    <dimen name="x716">808.81dp</dimen>
    <dimen name="x717">809.94dp</dimen>
    <dimen name="x718">811.07dp</dimen>
    <dimen name="x719">812.20dp</dimen>
    <dimen name="x720">813.33dp</dimen>
    <dimen name="x721">814.46dp</dimen>
    <dimen name="x722">815.59dp</dimen>
    <dimen name="x723">816.72dp</dimen>
    <dimen name="x724">817.85dp</dimen>
    <dimen name="x725">818.98dp</dimen>
    <dimen name="x726">820.11dp</dimen>
    <dimen name="x727">821.24dp</dimen>
    <dimen name="x728">822.37dp</dimen>
    <dimen name="x729">823.50dp</dimen>
    <dimen name="x730">824.63dp</dimen>
    <dimen name="x731">825.76dp</dimen>
    <dimen name="x732">826.89dp</dimen>
    <dimen name="x733">828.02dp</dimen>
    <dimen name="x734">829.15dp</dimen>
    <dimen name="x735">830.28dp</dimen>
    <dimen name="x736">831.41dp</dimen>
    <dimen name="x737">832.54dp</dimen>
    <dimen name="x738">833.67dp</dimen>
    <dimen name="x739">834.80dp</dimen>
    <dimen name="x740">835.93dp</dimen>
    <dimen name="x741">837.06dp</dimen>
    <dimen name="x742">838.19dp</dimen>
    <dimen name="x743">839.31dp</dimen>
    <dimen name="x744">840.44dp</dimen>
    <dimen name="x745">841.57dp</dimen>
    <dimen name="x746">842.70dp</dimen>
    <dimen name="x747">843.83dp</dimen>
    <dimen name="x748">844.96dp</dimen>
    <dimen name="x749">846.09dp</dimen>
    <dimen name="x750">847.22dp</dimen>
    <dimen name="x751">848.35dp</dimen>
    <dimen name="x752">849.48dp</dimen>
    <dimen name="x753">850.61dp</dimen>
    <dimen name="x754">851.74dp</dimen>
    <dimen name="x755">852.87dp</dimen>
    <dimen name="x756">854.00dp</dimen>
    <dimen name="x757">855.13dp</dimen>
    <dimen name="x758">856.26dp</dimen>
    <dimen name="x759">857.39dp</dimen>
    <dimen name="x760">858.52dp</dimen>
    <dimen name="x761">859.65dp</dimen>
    <dimen name="x762">860.78dp</dimen>
    <dimen name="x763">861.91dp</dimen>
    <dimen name="x764">863.04dp</dimen>
    <dimen name="x765">864.17dp</dimen>
    <dimen name="x766">865.30dp</dimen>
    <dimen name="x767">866.43dp</dimen>
    <dimen name="x768">867.56dp</dimen>
    <dimen name="x769">868.69dp</dimen>
    <dimen name="x770">869.81dp</dimen>
    <dimen name="x771">870.94dp</dimen>
    <dimen name="x772">872.07dp</dimen>
    <dimen name="x773">873.20dp</dimen>
    <dimen name="x774">874.33dp</dimen>
    <dimen name="x775">875.46dp</dimen>
    <dimen name="x776">876.59dp</dimen>
    <dimen name="x777">877.72dp</dimen>
    <dimen name="x778">878.85dp</dimen>
    <dimen name="x779">879.98dp</dimen>
    <dimen name="x780">881.11dp</dimen>
    <dimen name="x781">882.24dp</dimen>
    <dimen name="x782">883.37dp</dimen>
    <dimen name="x783">884.50dp</dimen>
    <dimen name="x784">885.63dp</dimen>
    <dimen name="x785">886.76dp</dimen>
    <dimen name="x786">887.89dp</dimen>
    <dimen name="x787">889.02dp</dimen>
    <dimen name="x788">890.15dp</dimen>
    <dimen name="x789">891.28dp</dimen>
    <dimen name="x790">892.41dp</dimen>
    <dimen name="x791">893.54dp</dimen>
    <dimen name="x792">894.67dp</dimen>
    <dimen name="x793">895.80dp</dimen>
    <dimen name="x794">896.93dp</dimen>
    <dimen name="x795">898.06dp</dimen>
    <dimen name="x796">899.19dp</dimen>
    <dimen name="x797">900.31dp</dimen>
    <dimen name="x798">901.44dp</dimen>
    <dimen name="x799">902.57dp</dimen>
    <dimen name="x800">903.70dp</dimen>
    <dimen name="x801">904.83dp</dimen>
    <dimen name="x802">905.96dp</dimen>
    <dimen name="x803">907.09dp</dimen>
    <dimen name="x804">908.22dp</dimen>
    <dimen name="x805">909.35dp</dimen>
    <dimen name="x806">910.48dp</dimen>
    <dimen name="x807">911.61dp</dimen>
    <dimen name="x808">912.74dp</dimen>
    <dimen name="x809">913.87dp</dimen>
    <dimen name="x810">915.00dp</dimen>
    <dimen name="x811">916.13dp</dimen>
    <dimen name="x812">917.26dp</dimen>
    <dimen name="x813">918.39dp</dimen>
    <dimen name="x814">919.52dp</dimen>
    <dimen name="x815">920.65dp</dimen>
    <dimen name="x816">921.78dp</dimen>
    <dimen name="x817">922.91dp</dimen>
    <dimen name="x818">924.04dp</dimen>
    <dimen name="x819">925.17dp</dimen>
    <dimen name="x820">926.30dp</dimen>
    <dimen name="x821">927.43dp</dimen>
    <dimen name="x822">928.56dp</dimen>
    <dimen name="x823">929.69dp</dimen>
    <dimen name="x824">930.81dp</dimen>
    <dimen name="x825">931.94dp</dimen>
    <dimen name="x826">933.07dp</dimen>
    <dimen name="x827">934.20dp</dimen>
    <dimen name="x828">935.33dp</dimen>
    <dimen name="x829">936.46dp</dimen>
    <dimen name="x830">937.59dp</dimen>
    <dimen name="x831">938.72dp</dimen>
    <dimen name="x832">939.85dp</dimen>
    <dimen name="x833">940.98dp</dimen>
    <dimen name="x834">942.11dp</dimen>
    <dimen name="x835">943.24dp</dimen>
    <dimen name="x836">944.37dp</dimen>
    <dimen name="x837">945.50dp</dimen>
    <dimen name="x838">946.63dp</dimen>
    <dimen name="x839">947.76dp</dimen>
    <dimen name="x840">948.89dp</dimen>
    <dimen name="x841">950.02dp</dimen>
    <dimen name="x842">951.15dp</dimen>
    <dimen name="x843">952.28dp</dimen>
    <dimen name="x844">953.41dp</dimen>
    <dimen name="x845">954.54dp</dimen>
    <dimen name="x846">955.67dp</dimen>
    <dimen name="x847">956.80dp</dimen>
    <dimen name="x848">957.93dp</dimen>
    <dimen name="x849">959.06dp</dimen>
    <dimen name="x850">960.19dp</dimen>
    <dimen name="x851">961.31dp</dimen>
    <dimen name="x852">962.44dp</dimen>
    <dimen name="x853">963.57dp</dimen>
    <dimen name="x854">964.70dp</dimen>
    <dimen name="x855">965.83dp</dimen>
    <dimen name="x856">966.96dp</dimen>
    <dimen name="x857">968.09dp</dimen>
    <dimen name="x858">969.22dp</dimen>
    <dimen name="x859">970.35dp</dimen>
    <dimen name="x860">971.48dp</dimen>
    <dimen name="x861">972.61dp</dimen>
    <dimen name="x862">973.74dp</dimen>
    <dimen name="x863">974.87dp</dimen>
    <dimen name="x864">976.00dp</dimen>
    <dimen name="x865">977.13dp</dimen>
    <dimen name="x866">978.26dp</dimen>
    <dimen name="x867">979.39dp</dimen>
    <dimen name="x868">980.52dp</dimen>
    <dimen name="x869">981.65dp</dimen>
    <dimen name="x870">982.78dp</dimen>
    <dimen name="x871">983.91dp</dimen>
    <dimen name="x872">985.04dp</dimen>
    <dimen name="x873">986.17dp</dimen>
    <dimen name="x874">987.30dp</dimen>
    <dimen name="x875">988.43dp</dimen>
    <dimen name="x876">989.56dp</dimen>
    <dimen name="x877">990.69dp</dimen>
    <dimen name="x878">991.81dp</dimen>
    <dimen name="x879">992.94dp</dimen>
    <dimen name="x880">994.07dp</dimen>
    <dimen name="x881">995.20dp</dimen>
    <dimen name="x882">996.33dp</dimen>
    <dimen name="x883">997.46dp</dimen>
    <dimen name="x884">998.59dp</dimen>
    <dimen name="x885">999.72dp</dimen>
    <dimen name="x886">1000.85dp</dimen>
    <dimen name="x887">1001.98dp</dimen>
    <dimen name="x888">1003.11dp</dimen>
    <dimen name="x889">1004.24dp</dimen>
    <dimen name="x890">1005.37dp</dimen>
    <dimen name="x891">1006.50dp</dimen>
    <dimen name="x892">1007.63dp</dimen>
    <dimen name="x893">1008.76dp</dimen>
    <dimen name="x894">1009.89dp</dimen>
    <dimen name="x895">1011.02dp</dimen>
    <dimen name="x896">1012.15dp</dimen>
    <dimen name="x897">1013.28dp</dimen>
    <dimen name="x898">1014.41dp</dimen>
    <dimen name="x899">1015.54dp</dimen>
    <dimen name="x900">1016.67dp</dimen>
    <dimen name="x901">1017.80dp</dimen>
    <dimen name="x902">1018.93dp</dimen>
    <dimen name="x903">1020.06dp</dimen>
    <dimen name="x904">1021.19dp</dimen>
    <dimen name="x905">1022.31dp</dimen>
    <dimen name="x906">1023.44dp</dimen>
    <dimen name="x907">1024.57dp</dimen>
    <dimen name="x908">1025.70dp</dimen>
    <dimen name="x909">1026.83dp</dimen>
    <dimen name="x910">1027.96dp</dimen>
    <dimen name="x911">1029.09dp</dimen>
    <dimen name="x912">1030.22dp</dimen>
    <dimen name="x913">1031.35dp</dimen>
    <dimen name="x914">1032.48dp</dimen>
    <dimen name="x915">1033.61dp</dimen>
    <dimen name="x916">1034.74dp</dimen>
    <dimen name="x917">1035.87dp</dimen>
    <dimen name="x918">1037.00dp</dimen>
    <dimen name="x919">1038.13dp</dimen>
    <dimen name="x920">1039.26dp</dimen>
    <dimen name="x921">1040.39dp</dimen>
    <dimen name="x922">1041.52dp</dimen>
    <dimen name="x923">1042.65dp</dimen>
    <dimen name="x924">1043.78dp</dimen>
    <dimen name="x925">1044.91dp</dimen>
    <dimen name="x926">1046.04dp</dimen>
    <dimen name="x927">1047.17dp</dimen>
    <dimen name="x928">1048.30dp</dimen>
    <dimen name="x929">1049.43dp</dimen>
    <dimen name="x930">1050.56dp</dimen>
    <dimen name="x931">1051.69dp</dimen>
    <dimen name="x932">1052.81dp</dimen>
    <dimen name="x933">1053.94dp</dimen>
    <dimen name="x934">1055.07dp</dimen>
    <dimen name="x935">1056.20dp</dimen>
    <dimen name="x936">1057.33dp</dimen>
    <dimen name="x937">1058.46dp</dimen>
    <dimen name="x938">1059.59dp</dimen>
    <dimen name="x939">1060.72dp</dimen>
    <dimen name="x940">1061.85dp</dimen>
    <dimen name="x941">1062.98dp</dimen>
    <dimen name="x942">1064.11dp</dimen>
    <dimen name="x943">1065.24dp</dimen>
    <dimen name="x944">1066.37dp</dimen>
    <dimen name="x945">1067.50dp</dimen>
    <dimen name="x946">1068.63dp</dimen>
    <dimen name="x947">1069.76dp</dimen>
    <dimen name="x948">1070.89dp</dimen>
    <dimen name="x949">1072.02dp</dimen>
    <dimen name="x950">1073.15dp</dimen>
    <dimen name="x951">1074.28dp</dimen>
    <dimen name="x952">1075.41dp</dimen>
    <dimen name="x953">1076.54dp</dimen>
    <dimen name="x954">1077.67dp</dimen>
    <dimen name="x955">1078.80dp</dimen>
    <dimen name="x956">1079.93dp</dimen>
    <dimen name="x957">1081.06dp</dimen>
    <dimen name="x958">1082.19dp</dimen>
    <dimen name="x959">1083.31dp</dimen>
    <dimen name="x960">1084.44dp</dimen>
    <dimen name="x961">1085.57dp</dimen>
    <dimen name="x962">1086.70dp</dimen>
    <dimen name="x963">1087.83dp</dimen>
    <dimen name="x964">1088.96dp</dimen>
    <dimen name="x965">1090.09dp</dimen>
    <dimen name="x966">1091.22dp</dimen>
    <dimen name="x967">1092.35dp</dimen>
    <dimen name="x968">1093.48dp</dimen>
    <dimen name="x969">1094.61dp</dimen>
    <dimen name="x970">1095.74dp</dimen>
    <dimen name="x971">1096.87dp</dimen>
    <dimen name="x972">1098.00dp</dimen>
    <dimen name="x973">1099.13dp</dimen>
    <dimen name="x974">1100.26dp</dimen>
    <dimen name="x975">1101.39dp</dimen>
    <dimen name="x976">1102.52dp</dimen>
    <dimen name="x977">1103.65dp</dimen>
    <dimen name="x978">1104.78dp</dimen>
    <dimen name="x979">1105.91dp</dimen>
    <dimen name="x980">1107.04dp</dimen>
    <dimen name="x981">1108.17dp</dimen>
    <dimen name="x982">1109.30dp</dimen>
    <dimen name="x983">1110.43dp</dimen>
    <dimen name="x984">1111.56dp</dimen>
    <dimen name="x985">1112.69dp</dimen>
    <dimen name="x986">1113.81dp</dimen>
    <dimen name="x987">1114.94dp</dimen>
    <dimen name="x988">1116.07dp</dimen>
    <dimen name="x989">1117.20dp</dimen>
    <dimen name="x990">1118.33dp</dimen>
    <dimen name="x991">1119.46dp</dimen>
    <dimen name="x992">1120.59dp</dimen>
    <dimen name="x993">1121.72dp</dimen>
    <dimen name="x994">1122.85dp</dimen>
    <dimen name="x995">1123.98dp</dimen>
    <dimen name="x996">1125.11dp</dimen>
    <dimen name="x997">1126.24dp</dimen>
    <dimen name="x998">1127.37dp</dimen>
    <dimen name="x999">1128.50dp</dimen>
    <dimen name="x1000">1129.63dp</dimen>
    <dimen name="x1001">1130.76dp</dimen>
    <dimen name="x1002">1131.89dp</dimen>
    <dimen name="x1003">1133.02dp</dimen>
    <dimen name="x1004">1134.15dp</dimen>
    <dimen name="x1005">1135.28dp</dimen>
    <dimen name="x1006">1136.41dp</dimen>
    <dimen name="x1007">1137.54dp</dimen>
    <dimen name="x1008">1138.67dp</dimen>
    <dimen name="x1009">1139.80dp</dimen>
    <dimen name="x1010">1140.93dp</dimen>
    <dimen name="x1011">1142.06dp</dimen>
    <dimen name="x1012">1143.19dp</dimen>
    <dimen name="x1013">1144.31dp</dimen>
    <dimen name="x1014">1145.44dp</dimen>
    <dimen name="x1015">1146.57dp</dimen>
    <dimen name="x1016">1147.70dp</dimen>
    <dimen name="x1017">1148.83dp</dimen>
    <dimen name="x1018">1149.96dp</dimen>
    <dimen name="x1019">1151.09dp</dimen>
    <dimen name="x1020">1152.22dp</dimen>
    <dimen name="x1021">1153.35dp</dimen>
    <dimen name="x1022">1154.48dp</dimen>
    <dimen name="x1023">1155.61dp</dimen>
    <dimen name="x1024">1156.74dp</dimen>
    <dimen name="x1025">1157.87dp</dimen>
    <dimen name="x1026">1159.00dp</dimen>
    <dimen name="x1027">1160.13dp</dimen>
    <dimen name="x1028">1161.26dp</dimen>
    <dimen name="x1029">1162.39dp</dimen>
    <dimen name="x1030">1163.52dp</dimen>
    <dimen name="x1031">1164.65dp</dimen>
    <dimen name="x1032">1165.78dp</dimen>
    <dimen name="x1033">1166.91dp</dimen>
    <dimen name="x1034">1168.04dp</dimen>
    <dimen name="x1035">1169.17dp</dimen>
    <dimen name="x1036">1170.30dp</dimen>
    <dimen name="x1037">1171.43dp</dimen>
    <dimen name="x1038">1172.56dp</dimen>
    <dimen name="x1039">1173.69dp</dimen>
    <dimen name="x1040">1174.81dp</dimen>
    <dimen name="x1041">1175.94dp</dimen>
    <dimen name="x1042">1177.07dp</dimen>
    <dimen name="x1043">1178.20dp</dimen>
    <dimen name="x1044">1179.33dp</dimen>
    <dimen name="x1045">1180.46dp</dimen>
    <dimen name="x1046">1181.59dp</dimen>
    <dimen name="x1047">1182.72dp</dimen>
    <dimen name="x1048">1183.85dp</dimen>
    <dimen name="x1049">1184.98dp</dimen>
    <dimen name="x1050">1186.11dp</dimen>
    <dimen name="x1051">1187.24dp</dimen>
    <dimen name="x1052">1188.37dp</dimen>
    <dimen name="x1053">1189.50dp</dimen>
    <dimen name="x1054">1190.63dp</dimen>
    <dimen name="x1055">1191.76dp</dimen>
    <dimen name="x1056">1192.89dp</dimen>
    <dimen name="x1057">1194.02dp</dimen>
    <dimen name="x1058">1195.15dp</dimen>
    <dimen name="x1059">1196.28dp</dimen>
    <dimen name="x1060">1197.41dp</dimen>
    <dimen name="x1061">1198.54dp</dimen>
    <dimen name="x1062">1199.67dp</dimen>
    <dimen name="x1063">1200.80dp</dimen>
    <dimen name="x1064">1201.93dp</dimen>
    <dimen name="x1065">1203.06dp</dimen>
    <dimen name="x1066">1204.19dp</dimen>
    <dimen name="x1067">1205.31dp</dimen>
    <dimen name="x1068">1206.44dp</dimen>
    <dimen name="x1069">1207.57dp</dimen>
    <dimen name="x1070">1208.70dp</dimen>
    <dimen name="x1071">1209.83dp</dimen>
    <dimen name="x1072">1210.96dp</dimen>
    <dimen name="x1073">1212.09dp</dimen>
    <dimen name="x1074">1213.22dp</dimen>
    <dimen name="x1075">1214.35dp</dimen>
    <dimen name="x1076">1215.48dp</dimen>
    <dimen name="x1077">1216.61dp</dimen>
    <dimen name="x1078">1217.74dp</dimen>
    <dimen name="x1079">1218.87dp</dimen>
    <dimen name="x1080">1220.00dp</dimen>
</resources>