<?xml version="1.0" encoding="utf-8"?>
<resources>
    <string name="sw_dp">1850dp</string>
    <dimen name="x1">1.71dp</dimen>
    <dimen name="x2">3.43dp</dimen>
    <dimen name="x3">5.14dp</dimen>
    <dimen name="x4">6.85dp</dimen>
    <dimen name="x5">8.56dp</dimen>
    <dimen name="x6">10.28dp</dimen>
    <dimen name="x7">11.99dp</dimen>
    <dimen name="x8">13.70dp</dimen>
    <dimen name="x9">15.42dp</dimen>
    <dimen name="x10">17.13dp</dimen>
    <dimen name="x11">18.84dp</dimen>
    <dimen name="x12">20.56dp</dimen>
    <dimen name="x13">22.27dp</dimen>
    <dimen name="x14">23.98dp</dimen>
    <dimen name="x15">25.69dp</dimen>
    <dimen name="x16">27.41dp</dimen>
    <dimen name="x17">29.12dp</dimen>
    <dimen name="x18">30.83dp</dimen>
    <dimen name="x19">32.55dp</dimen>
    <dimen name="x20">34.26dp</dimen>
    <dimen name="x21">35.97dp</dimen>
    <dimen name="x22">37.69dp</dimen>
    <dimen name="x23">39.40dp</dimen>
    <dimen name="x24">41.11dp</dimen>
    <dimen name="x25">42.82dp</dimen>
    <dimen name="x26">44.54dp</dimen>
    <dimen name="x27">46.25dp</dimen>
    <dimen name="x28">47.96dp</dimen>
    <dimen name="x29">49.68dp</dimen>
    <dimen name="x30">51.39dp</dimen>
    <dimen name="x31">53.10dp</dimen>
    <dimen name="x32">54.81dp</dimen>
    <dimen name="x33">56.53dp</dimen>
    <dimen name="x34">58.24dp</dimen>
    <dimen name="x35">59.95dp</dimen>
    <dimen name="x36">61.67dp</dimen>
    <dimen name="x37">63.38dp</dimen>
    <dimen name="x38">65.09dp</dimen>
    <dimen name="x39">66.81dp</dimen>
    <dimen name="x40">68.52dp</dimen>
    <dimen name="x41">70.23dp</dimen>
    <dimen name="x42">71.94dp</dimen>
    <dimen name="x43">73.66dp</dimen>
    <dimen name="x44">75.37dp</dimen>
    <dimen name="x45">77.08dp</dimen>
    <dimen name="x46">78.80dp</dimen>
    <dimen name="x47">80.51dp</dimen>
    <dimen name="x48">82.22dp</dimen>
    <dimen name="x49">83.94dp</dimen>
    <dimen name="x50">85.65dp</dimen>
    <dimen name="x51">87.36dp</dimen>
    <dimen name="x52">89.07dp</dimen>
    <dimen name="x53">90.79dp</dimen>
    <dimen name="x54">92.50dp</dimen>
    <dimen name="x55">94.21dp</dimen>
    <dimen name="x56">95.93dp</dimen>
    <dimen name="x57">97.64dp</dimen>
    <dimen name="x58">99.35dp</dimen>
    <dimen name="x59">101.06dp</dimen>
    <dimen name="x60">102.78dp</dimen>
    <dimen name="x61">104.49dp</dimen>
    <dimen name="x62">106.20dp</dimen>
    <dimen name="x63">107.92dp</dimen>
    <dimen name="x64">109.63dp</dimen>
    <dimen name="x65">111.34dp</dimen>
    <dimen name="x66">113.06dp</dimen>
    <dimen name="x67">114.77dp</dimen>
    <dimen name="x68">116.48dp</dimen>
    <dimen name="x69">118.19dp</dimen>
    <dimen name="x70">119.91dp</dimen>
    <dimen name="x71">121.62dp</dimen>
    <dimen name="x72">123.33dp</dimen>
    <dimen name="x73">125.05dp</dimen>
    <dimen name="x74">126.76dp</dimen>
    <dimen name="x75">128.47dp</dimen>
    <dimen name="x76">130.19dp</dimen>
    <dimen name="x77">131.90dp</dimen>
    <dimen name="x78">133.61dp</dimen>
    <dimen name="x79">135.32dp</dimen>
    <dimen name="x80">137.04dp</dimen>
    <dimen name="x81">138.75dp</dimen>
    <dimen name="x82">140.46dp</dimen>
    <dimen name="x83">142.18dp</dimen>
    <dimen name="x84">143.89dp</dimen>
    <dimen name="x85">145.60dp</dimen>
    <dimen name="x86">147.31dp</dimen>
    <dimen name="x87">149.03dp</dimen>
    <dimen name="x88">150.74dp</dimen>
    <dimen name="x89">152.45dp</dimen>
    <dimen name="x90">154.17dp</dimen>
    <dimen name="x91">155.88dp</dimen>
    <dimen name="x92">157.59dp</dimen>
    <dimen name="x93">159.31dp</dimen>
    <dimen name="x94">161.02dp</dimen>
    <dimen name="x95">162.73dp</dimen>
    <dimen name="x96">164.44dp</dimen>
    <dimen name="x97">166.16dp</dimen>
    <dimen name="x98">167.87dp</dimen>
    <dimen name="x99">169.58dp</dimen>
    <dimen name="x100">171.30dp</dimen>
    <dimen name="x101">173.01dp</dimen>
    <dimen name="x102">174.72dp</dimen>
    <dimen name="x103">176.44dp</dimen>
    <dimen name="x104">178.15dp</dimen>
    <dimen name="x105">179.86dp</dimen>
    <dimen name="x106">181.57dp</dimen>
    <dimen name="x107">183.29dp</dimen>
    <dimen name="x108">185.00dp</dimen>
    <dimen name="x109">186.71dp</dimen>
    <dimen name="x110">188.43dp</dimen>
    <dimen name="x111">190.14dp</dimen>
    <dimen name="x112">191.85dp</dimen>
    <dimen name="x113">193.56dp</dimen>
    <dimen name="x114">195.28dp</dimen>
    <dimen name="x115">196.99dp</dimen>
    <dimen name="x116">198.70dp</dimen>
    <dimen name="x117">200.42dp</dimen>
    <dimen name="x118">202.13dp</dimen>
    <dimen name="x119">203.84dp</dimen>
    <dimen name="x120">205.56dp</dimen>
    <dimen name="x121">207.27dp</dimen>
    <dimen name="x122">208.98dp</dimen>
    <dimen name="x123">210.69dp</dimen>
    <dimen name="x124">212.41dp</dimen>
    <dimen name="x125">214.12dp</dimen>
    <dimen name="x126">215.83dp</dimen>
    <dimen name="x127">217.55dp</dimen>
    <dimen name="x128">219.26dp</dimen>
    <dimen name="x129">220.97dp</dimen>
    <dimen name="x130">222.69dp</dimen>
    <dimen name="x131">224.40dp</dimen>
    <dimen name="x132">226.11dp</dimen>
    <dimen name="x133">227.82dp</dimen>
    <dimen name="x134">229.54dp</dimen>
    <dimen name="x135">231.25dp</dimen>
    <dimen name="x136">232.96dp</dimen>
    <dimen name="x137">234.68dp</dimen>
    <dimen name="x138">236.39dp</dimen>
    <dimen name="x139">238.10dp</dimen>
    <dimen name="x140">239.81dp</dimen>
    <dimen name="x141">241.53dp</dimen>
    <dimen name="x142">243.24dp</dimen>
    <dimen name="x143">244.95dp</dimen>
    <dimen name="x144">246.67dp</dimen>
    <dimen name="x145">248.38dp</dimen>
    <dimen name="x146">250.09dp</dimen>
    <dimen name="x147">251.81dp</dimen>
    <dimen name="x148">253.52dp</dimen>
    <dimen name="x149">255.23dp</dimen>
    <dimen name="x150">256.94dp</dimen>
    <dimen name="x151">258.66dp</dimen>
    <dimen name="x152">260.37dp</dimen>
    <dimen name="x153">262.08dp</dimen>
    <dimen name="x154">263.80dp</dimen>
    <dimen name="x155">265.51dp</dimen>
    <dimen name="x156">267.22dp</dimen>
    <dimen name="x157">268.94dp</dimen>
    <dimen name="x158">270.65dp</dimen>
    <dimen name="x159">272.36dp</dimen>
    <dimen name="x160">274.07dp</dimen>
    <dimen name="x161">275.79dp</dimen>
    <dimen name="x162">277.50dp</dimen>
    <dimen name="x163">279.21dp</dimen>
    <dimen name="x164">280.93dp</dimen>
    <dimen name="x165">282.64dp</dimen>
    <dimen name="x166">284.35dp</dimen>
    <dimen name="x167">286.06dp</dimen>
    <dimen name="x168">287.78dp</dimen>
    <dimen name="x169">289.49dp</dimen>
    <dimen name="x170">291.20dp</dimen>
    <dimen name="x171">292.92dp</dimen>
    <dimen name="x172">294.63dp</dimen>
    <dimen name="x173">296.34dp</dimen>
    <dimen name="x174">298.06dp</dimen>
    <dimen name="x175">299.77dp</dimen>
    <dimen name="x176">301.48dp</dimen>
    <dimen name="x177">303.19dp</dimen>
    <dimen name="x178">304.91dp</dimen>
    <dimen name="x179">306.62dp</dimen>
    <dimen name="x180">308.33dp</dimen>
    <dimen name="x181">310.05dp</dimen>
    <dimen name="x182">311.76dp</dimen>
    <dimen name="x183">313.47dp</dimen>
    <dimen name="x184">315.19dp</dimen>
    <dimen name="x185">316.90dp</dimen>
    <dimen name="x186">318.61dp</dimen>
    <dimen name="x187">320.32dp</dimen>
    <dimen name="x188">322.04dp</dimen>
    <dimen name="x189">323.75dp</dimen>
    <dimen name="x190">325.46dp</dimen>
    <dimen name="x191">327.18dp</dimen>
    <dimen name="x192">328.89dp</dimen>
    <dimen name="x193">330.60dp</dimen>
    <dimen name="x194">332.31dp</dimen>
    <dimen name="x195">334.03dp</dimen>
    <dimen name="x196">335.74dp</dimen>
    <dimen name="x197">337.45dp</dimen>
    <dimen name="x198">339.17dp</dimen>
    <dimen name="x199">340.88dp</dimen>
    <dimen name="x200">342.59dp</dimen>
    <dimen name="x201">344.31dp</dimen>
    <dimen name="x202">346.02dp</dimen>
    <dimen name="x203">347.73dp</dimen>
    <dimen name="x204">349.44dp</dimen>
    <dimen name="x205">351.16dp</dimen>
    <dimen name="x206">352.87dp</dimen>
    <dimen name="x207">354.58dp</dimen>
    <dimen name="x208">356.30dp</dimen>
    <dimen name="x209">358.01dp</dimen>
    <dimen name="x210">359.72dp</dimen>
    <dimen name="x211">361.44dp</dimen>
    <dimen name="x212">363.15dp</dimen>
    <dimen name="x213">364.86dp</dimen>
    <dimen name="x214">366.57dp</dimen>
    <dimen name="x215">368.29dp</dimen>
    <dimen name="x216">370.00dp</dimen>
    <dimen name="x217">371.71dp</dimen>
    <dimen name="x218">373.43dp</dimen>
    <dimen name="x219">375.14dp</dimen>
    <dimen name="x220">376.85dp</dimen>
    <dimen name="x221">378.56dp</dimen>
    <dimen name="x222">380.28dp</dimen>
    <dimen name="x223">381.99dp</dimen>
    <dimen name="x224">383.70dp</dimen>
    <dimen name="x225">385.42dp</dimen>
    <dimen name="x226">387.13dp</dimen>
    <dimen name="x227">388.84dp</dimen>
    <dimen name="x228">390.56dp</dimen>
    <dimen name="x229">392.27dp</dimen>
    <dimen name="x230">393.98dp</dimen>
    <dimen name="x231">395.69dp</dimen>
    <dimen name="x232">397.41dp</dimen>
    <dimen name="x233">399.12dp</dimen>
    <dimen name="x234">400.83dp</dimen>
    <dimen name="x235">402.55dp</dimen>
    <dimen name="x236">404.26dp</dimen>
    <dimen name="x237">405.97dp</dimen>
    <dimen name="x238">407.69dp</dimen>
    <dimen name="x239">409.40dp</dimen>
    <dimen name="x240">411.11dp</dimen>
    <dimen name="x241">412.82dp</dimen>
    <dimen name="x242">414.54dp</dimen>
    <dimen name="x243">416.25dp</dimen>
    <dimen name="x244">417.96dp</dimen>
    <dimen name="x245">419.68dp</dimen>
    <dimen name="x246">421.39dp</dimen>
    <dimen name="x247">423.10dp</dimen>
    <dimen name="x248">424.81dp</dimen>
    <dimen name="x249">426.53dp</dimen>
    <dimen name="x250">428.24dp</dimen>
    <dimen name="x251">429.95dp</dimen>
    <dimen name="x252">431.67dp</dimen>
    <dimen name="x253">433.38dp</dimen>
    <dimen name="x254">435.09dp</dimen>
    <dimen name="x255">436.81dp</dimen>
    <dimen name="x256">438.52dp</dimen>
    <dimen name="x257">440.23dp</dimen>
    <dimen name="x258">441.94dp</dimen>
    <dimen name="x259">443.66dp</dimen>
    <dimen name="x260">445.37dp</dimen>
    <dimen name="x261">447.08dp</dimen>
    <dimen name="x262">448.80dp</dimen>
    <dimen name="x263">450.51dp</dimen>
    <dimen name="x264">452.22dp</dimen>
    <dimen name="x265">453.94dp</dimen>
    <dimen name="x266">455.65dp</dimen>
    <dimen name="x267">457.36dp</dimen>
    <dimen name="x268">459.07dp</dimen>
    <dimen name="x269">460.79dp</dimen>
    <dimen name="x270">462.50dp</dimen>
    <dimen name="x271">464.21dp</dimen>
    <dimen name="x272">465.93dp</dimen>
    <dimen name="x273">467.64dp</dimen>
    <dimen name="x274">469.35dp</dimen>
    <dimen name="x275">471.06dp</dimen>
    <dimen name="x276">472.78dp</dimen>
    <dimen name="x277">474.49dp</dimen>
    <dimen name="x278">476.20dp</dimen>
    <dimen name="x279">477.92dp</dimen>
    <dimen name="x280">479.63dp</dimen>
    <dimen name="x281">481.34dp</dimen>
    <dimen name="x282">483.06dp</dimen>
    <dimen name="x283">484.77dp</dimen>
    <dimen name="x284">486.48dp</dimen>
    <dimen name="x285">488.19dp</dimen>
    <dimen name="x286">489.91dp</dimen>
    <dimen name="x287">491.62dp</dimen>
    <dimen name="x288">493.33dp</dimen>
    <dimen name="x289">495.05dp</dimen>
    <dimen name="x290">496.76dp</dimen>
    <dimen name="x291">498.47dp</dimen>
    <dimen name="x292">500.19dp</dimen>
    <dimen name="x293">501.90dp</dimen>
    <dimen name="x294">503.61dp</dimen>
    <dimen name="x295">505.32dp</dimen>
    <dimen name="x296">507.04dp</dimen>
    <dimen name="x297">508.75dp</dimen>
    <dimen name="x298">510.46dp</dimen>
    <dimen name="x299">512.18dp</dimen>
    <dimen name="x300">513.89dp</dimen>
    <dimen name="x301">515.60dp</dimen>
    <dimen name="x302">517.31dp</dimen>
    <dimen name="x303">519.03dp</dimen>
    <dimen name="x304">520.74dp</dimen>
    <dimen name="x305">522.45dp</dimen>
    <dimen name="x306">524.17dp</dimen>
    <dimen name="x307">525.88dp</dimen>
    <dimen name="x308">527.59dp</dimen>
    <dimen name="x309">529.31dp</dimen>
    <dimen name="x310">531.02dp</dimen>
    <dimen name="x311">532.73dp</dimen>
    <dimen name="x312">534.44dp</dimen>
    <dimen name="x313">536.16dp</dimen>
    <dimen name="x314">537.87dp</dimen>
    <dimen name="x315">539.58dp</dimen>
    <dimen name="x316">541.30dp</dimen>
    <dimen name="x317">543.01dp</dimen>
    <dimen name="x318">544.72dp</dimen>
    <dimen name="x319">546.44dp</dimen>
    <dimen name="x320">548.15dp</dimen>
    <dimen name="x321">549.86dp</dimen>
    <dimen name="x322">551.57dp</dimen>
    <dimen name="x323">553.29dp</dimen>
    <dimen name="x324">555.00dp</dimen>
    <dimen name="x325">556.71dp</dimen>
    <dimen name="x326">558.43dp</dimen>
    <dimen name="x327">560.14dp</dimen>
    <dimen name="x328">561.85dp</dimen>
    <dimen name="x329">563.56dp</dimen>
    <dimen name="x330">565.28dp</dimen>
    <dimen name="x331">566.99dp</dimen>
    <dimen name="x332">568.70dp</dimen>
    <dimen name="x333">570.42dp</dimen>
    <dimen name="x334">572.13dp</dimen>
    <dimen name="x335">573.84dp</dimen>
    <dimen name="x336">575.56dp</dimen>
    <dimen name="x337">577.27dp</dimen>
    <dimen name="x338">578.98dp</dimen>
    <dimen name="x339">580.69dp</dimen>
    <dimen name="x340">582.41dp</dimen>
    <dimen name="x341">584.12dp</dimen>
    <dimen name="x342">585.83dp</dimen>
    <dimen name="x343">587.55dp</dimen>
    <dimen name="x344">589.26dp</dimen>
    <dimen name="x345">590.97dp</dimen>
    <dimen name="x346">592.69dp</dimen>
    <dimen name="x347">594.40dp</dimen>
    <dimen name="x348">596.11dp</dimen>
    <dimen name="x349">597.82dp</dimen>
    <dimen name="x350">599.54dp</dimen>
    <dimen name="x351">601.25dp</dimen>
    <dimen name="x352">602.96dp</dimen>
    <dimen name="x353">604.68dp</dimen>
    <dimen name="x354">606.39dp</dimen>
    <dimen name="x355">608.10dp</dimen>
    <dimen name="x356">609.81dp</dimen>
    <dimen name="x357">611.53dp</dimen>
    <dimen name="x358">613.24dp</dimen>
    <dimen name="x359">614.95dp</dimen>
    <dimen name="x360">616.67dp</dimen>
    <dimen name="x361">618.38dp</dimen>
    <dimen name="x362">620.09dp</dimen>
    <dimen name="x363">621.81dp</dimen>
    <dimen name="x364">623.52dp</dimen>
    <dimen name="x365">625.23dp</dimen>
    <dimen name="x366">626.94dp</dimen>
    <dimen name="x367">628.66dp</dimen>
    <dimen name="x368">630.37dp</dimen>
    <dimen name="x369">632.08dp</dimen>
    <dimen name="x370">633.80dp</dimen>
    <dimen name="x371">635.51dp</dimen>
    <dimen name="x372">637.22dp</dimen>
    <dimen name="x373">638.94dp</dimen>
    <dimen name="x374">640.65dp</dimen>
    <dimen name="x375">642.36dp</dimen>
    <dimen name="x376">644.07dp</dimen>
    <dimen name="x377">645.79dp</dimen>
    <dimen name="x378">647.50dp</dimen>
    <dimen name="x379">649.21dp</dimen>
    <dimen name="x380">650.93dp</dimen>
    <dimen name="x381">652.64dp</dimen>
    <dimen name="x382">654.35dp</dimen>
    <dimen name="x383">656.06dp</dimen>
    <dimen name="x384">657.78dp</dimen>
    <dimen name="x385">659.49dp</dimen>
    <dimen name="x386">661.20dp</dimen>
    <dimen name="x387">662.92dp</dimen>
    <dimen name="x388">664.63dp</dimen>
    <dimen name="x389">666.34dp</dimen>
    <dimen name="x390">668.06dp</dimen>
    <dimen name="x391">669.77dp</dimen>
    <dimen name="x392">671.48dp</dimen>
    <dimen name="x393">673.19dp</dimen>
    <dimen name="x394">674.91dp</dimen>
    <dimen name="x395">676.62dp</dimen>
    <dimen name="x396">678.33dp</dimen>
    <dimen name="x397">680.05dp</dimen>
    <dimen name="x398">681.76dp</dimen>
    <dimen name="x399">683.47dp</dimen>
    <dimen name="x400">685.19dp</dimen>
    <dimen name="x401">686.90dp</dimen>
    <dimen name="x402">688.61dp</dimen>
    <dimen name="x403">690.32dp</dimen>
    <dimen name="x404">692.04dp</dimen>
    <dimen name="x405">693.75dp</dimen>
    <dimen name="x406">695.46dp</dimen>
    <dimen name="x407">697.18dp</dimen>
    <dimen name="x408">698.89dp</dimen>
    <dimen name="x409">700.60dp</dimen>
    <dimen name="x410">702.31dp</dimen>
    <dimen name="x411">704.03dp</dimen>
    <dimen name="x412">705.74dp</dimen>
    <dimen name="x413">707.45dp</dimen>
    <dimen name="x414">709.17dp</dimen>
    <dimen name="x415">710.88dp</dimen>
    <dimen name="x416">712.59dp</dimen>
    <dimen name="x417">714.31dp</dimen>
    <dimen name="x418">716.02dp</dimen>
    <dimen name="x419">717.73dp</dimen>
    <dimen name="x420">719.44dp</dimen>
    <dimen name="x421">721.16dp</dimen>
    <dimen name="x422">722.87dp</dimen>
    <dimen name="x423">724.58dp</dimen>
    <dimen name="x424">726.30dp</dimen>
    <dimen name="x425">728.01dp</dimen>
    <dimen name="x426">729.72dp</dimen>
    <dimen name="x427">731.44dp</dimen>
    <dimen name="x428">733.15dp</dimen>
    <dimen name="x429">734.86dp</dimen>
    <dimen name="x430">736.57dp</dimen>
    <dimen name="x431">738.29dp</dimen>
    <dimen name="x432">740.00dp</dimen>
    <dimen name="x433">741.71dp</dimen>
    <dimen name="x434">743.43dp</dimen>
    <dimen name="x435">745.14dp</dimen>
    <dimen name="x436">746.85dp</dimen>
    <dimen name="x437">748.56dp</dimen>
    <dimen name="x438">750.28dp</dimen>
    <dimen name="x439">751.99dp</dimen>
    <dimen name="x440">753.70dp</dimen>
    <dimen name="x441">755.42dp</dimen>
    <dimen name="x442">757.13dp</dimen>
    <dimen name="x443">758.84dp</dimen>
    <dimen name="x444">760.56dp</dimen>
    <dimen name="x445">762.27dp</dimen>
    <dimen name="x446">763.98dp</dimen>
    <dimen name="x447">765.69dp</dimen>
    <dimen name="x448">767.41dp</dimen>
    <dimen name="x449">769.12dp</dimen>
    <dimen name="x450">770.83dp</dimen>
    <dimen name="x451">772.55dp</dimen>
    <dimen name="x452">774.26dp</dimen>
    <dimen name="x453">775.97dp</dimen>
    <dimen name="x454">777.69dp</dimen>
    <dimen name="x455">779.40dp</dimen>
    <dimen name="x456">781.11dp</dimen>
    <dimen name="x457">782.82dp</dimen>
    <dimen name="x458">784.54dp</dimen>
    <dimen name="x459">786.25dp</dimen>
    <dimen name="x460">787.96dp</dimen>
    <dimen name="x461">789.68dp</dimen>
    <dimen name="x462">791.39dp</dimen>
    <dimen name="x463">793.10dp</dimen>
    <dimen name="x464">794.81dp</dimen>
    <dimen name="x465">796.53dp</dimen>
    <dimen name="x466">798.24dp</dimen>
    <dimen name="x467">799.95dp</dimen>
    <dimen name="x468">801.67dp</dimen>
    <dimen name="x469">803.38dp</dimen>
    <dimen name="x470">805.09dp</dimen>
    <dimen name="x471">806.81dp</dimen>
    <dimen name="x472">808.52dp</dimen>
    <dimen name="x473">810.23dp</dimen>
    <dimen name="x474">811.94dp</dimen>
    <dimen name="x475">813.66dp</dimen>
    <dimen name="x476">815.37dp</dimen>
    <dimen name="x477">817.08dp</dimen>
    <dimen name="x478">818.80dp</dimen>
    <dimen name="x479">820.51dp</dimen>
    <dimen name="x480">822.22dp</dimen>
    <dimen name="x481">823.94dp</dimen>
    <dimen name="x482">825.65dp</dimen>
    <dimen name="x483">827.36dp</dimen>
    <dimen name="x484">829.07dp</dimen>
    <dimen name="x485">830.79dp</dimen>
    <dimen name="x486">832.50dp</dimen>
    <dimen name="x487">834.21dp</dimen>
    <dimen name="x488">835.93dp</dimen>
    <dimen name="x489">837.64dp</dimen>
    <dimen name="x490">839.35dp</dimen>
    <dimen name="x491">841.06dp</dimen>
    <dimen name="x492">842.78dp</dimen>
    <dimen name="x493">844.49dp</dimen>
    <dimen name="x494">846.20dp</dimen>
    <dimen name="x495">847.92dp</dimen>
    <dimen name="x496">849.63dp</dimen>
    <dimen name="x497">851.34dp</dimen>
    <dimen name="x498">853.06dp</dimen>
    <dimen name="x499">854.77dp</dimen>
    <dimen name="x500">856.48dp</dimen>
    <dimen name="x501">858.19dp</dimen>
    <dimen name="x502">859.91dp</dimen>
    <dimen name="x503">861.62dp</dimen>
    <dimen name="x504">863.33dp</dimen>
    <dimen name="x505">865.05dp</dimen>
    <dimen name="x506">866.76dp</dimen>
    <dimen name="x507">868.47dp</dimen>
    <dimen name="x508">870.19dp</dimen>
    <dimen name="x509">871.90dp</dimen>
    <dimen name="x510">873.61dp</dimen>
    <dimen name="x511">875.32dp</dimen>
    <dimen name="x512">877.04dp</dimen>
    <dimen name="x513">878.75dp</dimen>
    <dimen name="x514">880.46dp</dimen>
    <dimen name="x515">882.18dp</dimen>
    <dimen name="x516">883.89dp</dimen>
    <dimen name="x517">885.60dp</dimen>
    <dimen name="x518">887.31dp</dimen>
    <dimen name="x519">889.03dp</dimen>
    <dimen name="x520">890.74dp</dimen>
    <dimen name="x521">892.45dp</dimen>
    <dimen name="x522">894.17dp</dimen>
    <dimen name="x523">895.88dp</dimen>
    <dimen name="x524">897.59dp</dimen>
    <dimen name="x525">899.31dp</dimen>
    <dimen name="x526">901.02dp</dimen>
    <dimen name="x527">902.73dp</dimen>
    <dimen name="x528">904.44dp</dimen>
    <dimen name="x529">906.16dp</dimen>
    <dimen name="x530">907.87dp</dimen>
    <dimen name="x531">909.58dp</dimen>
    <dimen name="x532">911.30dp</dimen>
    <dimen name="x533">913.01dp</dimen>
    <dimen name="x534">914.72dp</dimen>
    <dimen name="x535">916.44dp</dimen>
    <dimen name="x536">918.15dp</dimen>
    <dimen name="x537">919.86dp</dimen>
    <dimen name="x538">921.57dp</dimen>
    <dimen name="x539">923.29dp</dimen>
    <dimen name="x540">925.00dp</dimen>
    <dimen name="x541">926.71dp</dimen>
    <dimen name="x542">928.43dp</dimen>
    <dimen name="x543">930.14dp</dimen>
    <dimen name="x544">931.85dp</dimen>
    <dimen name="x545">933.56dp</dimen>
    <dimen name="x546">935.28dp</dimen>
    <dimen name="x547">936.99dp</dimen>
    <dimen name="x548">938.70dp</dimen>
    <dimen name="x549">940.42dp</dimen>
    <dimen name="x550">942.13dp</dimen>
    <dimen name="x551">943.84dp</dimen>
    <dimen name="x552">945.56dp</dimen>
    <dimen name="x553">947.27dp</dimen>
    <dimen name="x554">948.98dp</dimen>
    <dimen name="x555">950.69dp</dimen>
    <dimen name="x556">952.41dp</dimen>
    <dimen name="x557">954.12dp</dimen>
    <dimen name="x558">955.83dp</dimen>
    <dimen name="x559">957.55dp</dimen>
    <dimen name="x560">959.26dp</dimen>
    <dimen name="x561">960.97dp</dimen>
    <dimen name="x562">962.69dp</dimen>
    <dimen name="x563">964.40dp</dimen>
    <dimen name="x564">966.11dp</dimen>
    <dimen name="x565">967.82dp</dimen>
    <dimen name="x566">969.54dp</dimen>
    <dimen name="x567">971.25dp</dimen>
    <dimen name="x568">972.96dp</dimen>
    <dimen name="x569">974.68dp</dimen>
    <dimen name="x570">976.39dp</dimen>
    <dimen name="x571">978.10dp</dimen>
    <dimen name="x572">979.81dp</dimen>
    <dimen name="x573">981.53dp</dimen>
    <dimen name="x574">983.24dp</dimen>
    <dimen name="x575">984.95dp</dimen>
    <dimen name="x576">986.67dp</dimen>
    <dimen name="x577">988.38dp</dimen>
    <dimen name="x578">990.09dp</dimen>
    <dimen name="x579">991.81dp</dimen>
    <dimen name="x580">993.52dp</dimen>
    <dimen name="x581">995.23dp</dimen>
    <dimen name="x582">996.94dp</dimen>
    <dimen name="x583">998.66dp</dimen>
    <dimen name="x584">1000.37dp</dimen>
    <dimen name="x585">1002.08dp</dimen>
    <dimen name="x586">1003.80dp</dimen>
    <dimen name="x587">1005.51dp</dimen>
    <dimen name="x588">1007.22dp</dimen>
    <dimen name="x589">1008.94dp</dimen>
    <dimen name="x590">1010.65dp</dimen>
    <dimen name="x591">1012.36dp</dimen>
    <dimen name="x592">1014.07dp</dimen>
    <dimen name="x593">1015.79dp</dimen>
    <dimen name="x594">1017.50dp</dimen>
    <dimen name="x595">1019.21dp</dimen>
    <dimen name="x596">1020.93dp</dimen>
    <dimen name="x597">1022.64dp</dimen>
    <dimen name="x598">1024.35dp</dimen>
    <dimen name="x599">1026.06dp</dimen>
    <dimen name="x600">1027.78dp</dimen>
    <dimen name="x601">1029.49dp</dimen>
    <dimen name="x602">1031.20dp</dimen>
    <dimen name="x603">1032.92dp</dimen>
    <dimen name="x604">1034.63dp</dimen>
    <dimen name="x605">1036.34dp</dimen>
    <dimen name="x606">1038.06dp</dimen>
    <dimen name="x607">1039.77dp</dimen>
    <dimen name="x608">1041.48dp</dimen>
    <dimen name="x609">1043.19dp</dimen>
    <dimen name="x610">1044.91dp</dimen>
    <dimen name="x611">1046.62dp</dimen>
    <dimen name="x612">1048.33dp</dimen>
    <dimen name="x613">1050.05dp</dimen>
    <dimen name="x614">1051.76dp</dimen>
    <dimen name="x615">1053.47dp</dimen>
    <dimen name="x616">1055.19dp</dimen>
    <dimen name="x617">1056.90dp</dimen>
    <dimen name="x618">1058.61dp</dimen>
    <dimen name="x619">1060.32dp</dimen>
    <dimen name="x620">1062.04dp</dimen>
    <dimen name="x621">1063.75dp</dimen>
    <dimen name="x622">1065.46dp</dimen>
    <dimen name="x623">1067.18dp</dimen>
    <dimen name="x624">1068.89dp</dimen>
    <dimen name="x625">1070.60dp</dimen>
    <dimen name="x626">1072.31dp</dimen>
    <dimen name="x627">1074.03dp</dimen>
    <dimen name="x628">1075.74dp</dimen>
    <dimen name="x629">1077.45dp</dimen>
    <dimen name="x630">1079.17dp</dimen>
    <dimen name="x631">1080.88dp</dimen>
    <dimen name="x632">1082.59dp</dimen>
    <dimen name="x633">1084.31dp</dimen>
    <dimen name="x634">1086.02dp</dimen>
    <dimen name="x635">1087.73dp</dimen>
    <dimen name="x636">1089.44dp</dimen>
    <dimen name="x637">1091.16dp</dimen>
    <dimen name="x638">1092.87dp</dimen>
    <dimen name="x639">1094.58dp</dimen>
    <dimen name="x640">1096.30dp</dimen>
    <dimen name="x641">1098.01dp</dimen>
    <dimen name="x642">1099.72dp</dimen>
    <dimen name="x643">1101.44dp</dimen>
    <dimen name="x644">1103.15dp</dimen>
    <dimen name="x645">1104.86dp</dimen>
    <dimen name="x646">1106.57dp</dimen>
    <dimen name="x647">1108.29dp</dimen>
    <dimen name="x648">1110.00dp</dimen>
    <dimen name="x649">1111.71dp</dimen>
    <dimen name="x650">1113.43dp</dimen>
    <dimen name="x651">1115.14dp</dimen>
    <dimen name="x652">1116.85dp</dimen>
    <dimen name="x653">1118.56dp</dimen>
    <dimen name="x654">1120.28dp</dimen>
    <dimen name="x655">1121.99dp</dimen>
    <dimen name="x656">1123.70dp</dimen>
    <dimen name="x657">1125.42dp</dimen>
    <dimen name="x658">1127.13dp</dimen>
    <dimen name="x659">1128.84dp</dimen>
    <dimen name="x660">1130.56dp</dimen>
    <dimen name="x661">1132.27dp</dimen>
    <dimen name="x662">1133.98dp</dimen>
    <dimen name="x663">1135.69dp</dimen>
    <dimen name="x664">1137.41dp</dimen>
    <dimen name="x665">1139.12dp</dimen>
    <dimen name="x666">1140.83dp</dimen>
    <dimen name="x667">1142.55dp</dimen>
    <dimen name="x668">1144.26dp</dimen>
    <dimen name="x669">1145.97dp</dimen>
    <dimen name="x670">1147.69dp</dimen>
    <dimen name="x671">1149.40dp</dimen>
    <dimen name="x672">1151.11dp</dimen>
    <dimen name="x673">1152.82dp</dimen>
    <dimen name="x674">1154.54dp</dimen>
    <dimen name="x675">1156.25dp</dimen>
    <dimen name="x676">1157.96dp</dimen>
    <dimen name="x677">1159.68dp</dimen>
    <dimen name="x678">1161.39dp</dimen>
    <dimen name="x679">1163.10dp</dimen>
    <dimen name="x680">1164.81dp</dimen>
    <dimen name="x681">1166.53dp</dimen>
    <dimen name="x682">1168.24dp</dimen>
    <dimen name="x683">1169.95dp</dimen>
    <dimen name="x684">1171.67dp</dimen>
    <dimen name="x685">1173.38dp</dimen>
    <dimen name="x686">1175.09dp</dimen>
    <dimen name="x687">1176.81dp</dimen>
    <dimen name="x688">1178.52dp</dimen>
    <dimen name="x689">1180.23dp</dimen>
    <dimen name="x690">1181.94dp</dimen>
    <dimen name="x691">1183.66dp</dimen>
    <dimen name="x692">1185.37dp</dimen>
    <dimen name="x693">1187.08dp</dimen>
    <dimen name="x694">1188.80dp</dimen>
    <dimen name="x695">1190.51dp</dimen>
    <dimen name="x696">1192.22dp</dimen>
    <dimen name="x697">1193.94dp</dimen>
    <dimen name="x698">1195.65dp</dimen>
    <dimen name="x699">1197.36dp</dimen>
    <dimen name="x700">1199.07dp</dimen>
    <dimen name="x701">1200.79dp</dimen>
    <dimen name="x702">1202.50dp</dimen>
    <dimen name="x703">1204.21dp</dimen>
    <dimen name="x704">1205.93dp</dimen>
    <dimen name="x705">1207.64dp</dimen>
    <dimen name="x706">1209.35dp</dimen>
    <dimen name="x707">1211.06dp</dimen>
    <dimen name="x708">1212.78dp</dimen>
    <dimen name="x709">1214.49dp</dimen>
    <dimen name="x710">1216.20dp</dimen>
    <dimen name="x711">1217.92dp</dimen>
    <dimen name="x712">1219.63dp</dimen>
    <dimen name="x713">1221.34dp</dimen>
    <dimen name="x714">1223.06dp</dimen>
    <dimen name="x715">1224.77dp</dimen>
    <dimen name="x716">1226.48dp</dimen>
    <dimen name="x717">1228.19dp</dimen>
    <dimen name="x718">1229.91dp</dimen>
    <dimen name="x719">1231.62dp</dimen>
    <dimen name="x720">1233.33dp</dimen>
    <dimen name="x721">1235.05dp</dimen>
    <dimen name="x722">1236.76dp</dimen>
    <dimen name="x723">1238.47dp</dimen>
    <dimen name="x724">1240.19dp</dimen>
    <dimen name="x725">1241.90dp</dimen>
    <dimen name="x726">1243.61dp</dimen>
    <dimen name="x727">1245.32dp</dimen>
    <dimen name="x728">1247.04dp</dimen>
    <dimen name="x729">1248.75dp</dimen>
    <dimen name="x730">1250.46dp</dimen>
    <dimen name="x731">1252.18dp</dimen>
    <dimen name="x732">1253.89dp</dimen>
    <dimen name="x733">1255.60dp</dimen>
    <dimen name="x734">1257.31dp</dimen>
    <dimen name="x735">1259.03dp</dimen>
    <dimen name="x736">1260.74dp</dimen>
    <dimen name="x737">1262.45dp</dimen>
    <dimen name="x738">1264.17dp</dimen>
    <dimen name="x739">1265.88dp</dimen>
    <dimen name="x740">1267.59dp</dimen>
    <dimen name="x741">1269.31dp</dimen>
    <dimen name="x742">1271.02dp</dimen>
    <dimen name="x743">1272.73dp</dimen>
    <dimen name="x744">1274.44dp</dimen>
    <dimen name="x745">1276.16dp</dimen>
    <dimen name="x746">1277.87dp</dimen>
    <dimen name="x747">1279.58dp</dimen>
    <dimen name="x748">1281.30dp</dimen>
    <dimen name="x749">1283.01dp</dimen>
    <dimen name="x750">1284.72dp</dimen>
    <dimen name="x751">1286.44dp</dimen>
    <dimen name="x752">1288.15dp</dimen>
    <dimen name="x753">1289.86dp</dimen>
    <dimen name="x754">1291.57dp</dimen>
    <dimen name="x755">1293.29dp</dimen>
    <dimen name="x756">1295.00dp</dimen>
    <dimen name="x757">1296.71dp</dimen>
    <dimen name="x758">1298.43dp</dimen>
    <dimen name="x759">1300.14dp</dimen>
    <dimen name="x760">1301.85dp</dimen>
    <dimen name="x761">1303.56dp</dimen>
    <dimen name="x762">1305.28dp</dimen>
    <dimen name="x763">1306.99dp</dimen>
    <dimen name="x764">1308.70dp</dimen>
    <dimen name="x765">1310.42dp</dimen>
    <dimen name="x766">1312.13dp</dimen>
    <dimen name="x767">1313.84dp</dimen>
    <dimen name="x768">1315.56dp</dimen>
    <dimen name="x769">1317.27dp</dimen>
    <dimen name="x770">1318.98dp</dimen>
    <dimen name="x771">1320.69dp</dimen>
    <dimen name="x772">1322.41dp</dimen>
    <dimen name="x773">1324.12dp</dimen>
    <dimen name="x774">1325.83dp</dimen>
    <dimen name="x775">1327.55dp</dimen>
    <dimen name="x776">1329.26dp</dimen>
    <dimen name="x777">1330.97dp</dimen>
    <dimen name="x778">1332.69dp</dimen>
    <dimen name="x779">1334.40dp</dimen>
    <dimen name="x780">1336.11dp</dimen>
    <dimen name="x781">1337.82dp</dimen>
    <dimen name="x782">1339.54dp</dimen>
    <dimen name="x783">1341.25dp</dimen>
    <dimen name="x784">1342.96dp</dimen>
    <dimen name="x785">1344.68dp</dimen>
    <dimen name="x786">1346.39dp</dimen>
    <dimen name="x787">1348.10dp</dimen>
    <dimen name="x788">1349.81dp</dimen>
    <dimen name="x789">1351.53dp</dimen>
    <dimen name="x790">1353.24dp</dimen>
    <dimen name="x791">1354.95dp</dimen>
    <dimen name="x792">1356.67dp</dimen>
    <dimen name="x793">1358.38dp</dimen>
    <dimen name="x794">1360.09dp</dimen>
    <dimen name="x795">1361.81dp</dimen>
    <dimen name="x796">1363.52dp</dimen>
    <dimen name="x797">1365.23dp</dimen>
    <dimen name="x798">1366.94dp</dimen>
    <dimen name="x799">1368.66dp</dimen>
    <dimen name="x800">1370.37dp</dimen>
    <dimen name="x801">1372.08dp</dimen>
    <dimen name="x802">1373.80dp</dimen>
    <dimen name="x803">1375.51dp</dimen>
    <dimen name="x804">1377.22dp</dimen>
    <dimen name="x805">1378.94dp</dimen>
    <dimen name="x806">1380.65dp</dimen>
    <dimen name="x807">1382.36dp</dimen>
    <dimen name="x808">1384.07dp</dimen>
    <dimen name="x809">1385.79dp</dimen>
    <dimen name="x810">1387.50dp</dimen>
    <dimen name="x811">1389.21dp</dimen>
    <dimen name="x812">1390.93dp</dimen>
    <dimen name="x813">1392.64dp</dimen>
    <dimen name="x814">1394.35dp</dimen>
    <dimen name="x815">1396.06dp</dimen>
    <dimen name="x816">1397.78dp</dimen>
    <dimen name="x817">1399.49dp</dimen>
    <dimen name="x818">1401.20dp</dimen>
    <dimen name="x819">1402.92dp</dimen>
    <dimen name="x820">1404.63dp</dimen>
    <dimen name="x821">1406.34dp</dimen>
    <dimen name="x822">1408.06dp</dimen>
    <dimen name="x823">1409.77dp</dimen>
    <dimen name="x824">1411.48dp</dimen>
    <dimen name="x825">1413.19dp</dimen>
    <dimen name="x826">1414.91dp</dimen>
    <dimen name="x827">1416.62dp</dimen>
    <dimen name="x828">1418.33dp</dimen>
    <dimen name="x829">1420.05dp</dimen>
    <dimen name="x830">1421.76dp</dimen>
    <dimen name="x831">1423.47dp</dimen>
    <dimen name="x832">1425.19dp</dimen>
    <dimen name="x833">1426.90dp</dimen>
    <dimen name="x834">1428.61dp</dimen>
    <dimen name="x835">1430.32dp</dimen>
    <dimen name="x836">1432.04dp</dimen>
    <dimen name="x837">1433.75dp</dimen>
    <dimen name="x838">1435.46dp</dimen>
    <dimen name="x839">1437.18dp</dimen>
    <dimen name="x840">1438.89dp</dimen>
    <dimen name="x841">1440.60dp</dimen>
    <dimen name="x842">1442.31dp</dimen>
    <dimen name="x843">1444.03dp</dimen>
    <dimen name="x844">1445.74dp</dimen>
    <dimen name="x845">1447.45dp</dimen>
    <dimen name="x846">1449.17dp</dimen>
    <dimen name="x847">1450.88dp</dimen>
    <dimen name="x848">1452.59dp</dimen>
    <dimen name="x849">1454.31dp</dimen>
    <dimen name="x850">1456.02dp</dimen>
    <dimen name="x851">1457.73dp</dimen>
    <dimen name="x852">1459.44dp</dimen>
    <dimen name="x853">1461.16dp</dimen>
    <dimen name="x854">1462.87dp</dimen>
    <dimen name="x855">1464.58dp</dimen>
    <dimen name="x856">1466.30dp</dimen>
    <dimen name="x857">1468.01dp</dimen>
    <dimen name="x858">1469.72dp</dimen>
    <dimen name="x859">1471.44dp</dimen>
    <dimen name="x860">1473.15dp</dimen>
    <dimen name="x861">1474.86dp</dimen>
    <dimen name="x862">1476.57dp</dimen>
    <dimen name="x863">1478.29dp</dimen>
    <dimen name="x864">1480.00dp</dimen>
    <dimen name="x865">1481.71dp</dimen>
    <dimen name="x866">1483.43dp</dimen>
    <dimen name="x867">1485.14dp</dimen>
    <dimen name="x868">1486.85dp</dimen>
    <dimen name="x869">1488.56dp</dimen>
    <dimen name="x870">1490.28dp</dimen>
    <dimen name="x871">1491.99dp</dimen>
    <dimen name="x872">1493.70dp</dimen>
    <dimen name="x873">1495.42dp</dimen>
    <dimen name="x874">1497.13dp</dimen>
    <dimen name="x875">1498.84dp</dimen>
    <dimen name="x876">1500.56dp</dimen>
    <dimen name="x877">1502.27dp</dimen>
    <dimen name="x878">1503.98dp</dimen>
    <dimen name="x879">1505.69dp</dimen>
    <dimen name="x880">1507.41dp</dimen>
    <dimen name="x881">1509.12dp</dimen>
    <dimen name="x882">1510.83dp</dimen>
    <dimen name="x883">1512.55dp</dimen>
    <dimen name="x884">1514.26dp</dimen>
    <dimen name="x885">1515.97dp</dimen>
    <dimen name="x886">1517.69dp</dimen>
    <dimen name="x887">1519.40dp</dimen>
    <dimen name="x888">1521.11dp</dimen>
    <dimen name="x889">1522.82dp</dimen>
    <dimen name="x890">1524.54dp</dimen>
    <dimen name="x891">1526.25dp</dimen>
    <dimen name="x892">1527.96dp</dimen>
    <dimen name="x893">1529.68dp</dimen>
    <dimen name="x894">1531.39dp</dimen>
    <dimen name="x895">1533.10dp</dimen>
    <dimen name="x896">1534.81dp</dimen>
    <dimen name="x897">1536.53dp</dimen>
    <dimen name="x898">1538.24dp</dimen>
    <dimen name="x899">1539.95dp</dimen>
    <dimen name="x900">1541.67dp</dimen>
    <dimen name="x901">1543.38dp</dimen>
    <dimen name="x902">1545.09dp</dimen>
    <dimen name="x903">1546.81dp</dimen>
    <dimen name="x904">1548.52dp</dimen>
    <dimen name="x905">1550.23dp</dimen>
    <dimen name="x906">1551.94dp</dimen>
    <dimen name="x907">1553.66dp</dimen>
    <dimen name="x908">1555.37dp</dimen>
    <dimen name="x909">1557.08dp</dimen>
    <dimen name="x910">1558.80dp</dimen>
    <dimen name="x911">1560.51dp</dimen>
    <dimen name="x912">1562.22dp</dimen>
    <dimen name="x913">1563.94dp</dimen>
    <dimen name="x914">1565.65dp</dimen>
    <dimen name="x915">1567.36dp</dimen>
    <dimen name="x916">1569.07dp</dimen>
    <dimen name="x917">1570.79dp</dimen>
    <dimen name="x918">1572.50dp</dimen>
    <dimen name="x919">1574.21dp</dimen>
    <dimen name="x920">1575.93dp</dimen>
    <dimen name="x921">1577.64dp</dimen>
    <dimen name="x922">1579.35dp</dimen>
    <dimen name="x923">1581.06dp</dimen>
    <dimen name="x924">1582.78dp</dimen>
    <dimen name="x925">1584.49dp</dimen>
    <dimen name="x926">1586.20dp</dimen>
    <dimen name="x927">1587.92dp</dimen>
    <dimen name="x928">1589.63dp</dimen>
    <dimen name="x929">1591.34dp</dimen>
    <dimen name="x930">1593.06dp</dimen>
    <dimen name="x931">1594.77dp</dimen>
    <dimen name="x932">1596.48dp</dimen>
    <dimen name="x933">1598.19dp</dimen>
    <dimen name="x934">1599.91dp</dimen>
    <dimen name="x935">1601.62dp</dimen>
    <dimen name="x936">1603.33dp</dimen>
    <dimen name="x937">1605.05dp</dimen>
    <dimen name="x938">1606.76dp</dimen>
    <dimen name="x939">1608.47dp</dimen>
    <dimen name="x940">1610.19dp</dimen>
    <dimen name="x941">1611.90dp</dimen>
    <dimen name="x942">1613.61dp</dimen>
    <dimen name="x943">1615.32dp</dimen>
    <dimen name="x944">1617.04dp</dimen>
    <dimen name="x945">1618.75dp</dimen>
    <dimen name="x946">1620.46dp</dimen>
    <dimen name="x947">1622.18dp</dimen>
    <dimen name="x948">1623.89dp</dimen>
    <dimen name="x949">1625.60dp</dimen>
    <dimen name="x950">1627.31dp</dimen>
    <dimen name="x951">1629.03dp</dimen>
    <dimen name="x952">1630.74dp</dimen>
    <dimen name="x953">1632.45dp</dimen>
    <dimen name="x954">1634.17dp</dimen>
    <dimen name="x955">1635.88dp</dimen>
    <dimen name="x956">1637.59dp</dimen>
    <dimen name="x957">1639.31dp</dimen>
    <dimen name="x958">1641.02dp</dimen>
    <dimen name="x959">1642.73dp</dimen>
    <dimen name="x960">1644.44dp</dimen>
    <dimen name="x961">1646.16dp</dimen>
    <dimen name="x962">1647.87dp</dimen>
    <dimen name="x963">1649.58dp</dimen>
    <dimen name="x964">1651.30dp</dimen>
    <dimen name="x965">1653.01dp</dimen>
    <dimen name="x966">1654.72dp</dimen>
    <dimen name="x967">1656.44dp</dimen>
    <dimen name="x968">1658.15dp</dimen>
    <dimen name="x969">1659.86dp</dimen>
    <dimen name="x970">1661.57dp</dimen>
    <dimen name="x971">1663.29dp</dimen>
    <dimen name="x972">1665.00dp</dimen>
    <dimen name="x973">1666.71dp</dimen>
    <dimen name="x974">1668.43dp</dimen>
    <dimen name="x975">1670.14dp</dimen>
    <dimen name="x976">1671.85dp</dimen>
    <dimen name="x977">1673.56dp</dimen>
    <dimen name="x978">1675.28dp</dimen>
    <dimen name="x979">1676.99dp</dimen>
    <dimen name="x980">1678.70dp</dimen>
    <dimen name="x981">1680.42dp</dimen>
    <dimen name="x982">1682.13dp</dimen>
    <dimen name="x983">1683.84dp</dimen>
    <dimen name="x984">1685.56dp</dimen>
    <dimen name="x985">1687.27dp</dimen>
    <dimen name="x986">1688.98dp</dimen>
    <dimen name="x987">1690.69dp</dimen>
    <dimen name="x988">1692.41dp</dimen>
    <dimen name="x989">1694.12dp</dimen>
    <dimen name="x990">1695.83dp</dimen>
    <dimen name="x991">1697.55dp</dimen>
    <dimen name="x992">1699.26dp</dimen>
    <dimen name="x993">1700.97dp</dimen>
    <dimen name="x994">1702.69dp</dimen>
    <dimen name="x995">1704.40dp</dimen>
    <dimen name="x996">1706.11dp</dimen>
    <dimen name="x997">1707.82dp</dimen>
    <dimen name="x998">1709.54dp</dimen>
    <dimen name="x999">1711.25dp</dimen>
    <dimen name="x1000">1712.96dp</dimen>
    <dimen name="x1001">1714.68dp</dimen>
    <dimen name="x1002">1716.39dp</dimen>
    <dimen name="x1003">1718.10dp</dimen>
    <dimen name="x1004">1719.81dp</dimen>
    <dimen name="x1005">1721.53dp</dimen>
    <dimen name="x1006">1723.24dp</dimen>
    <dimen name="x1007">1724.95dp</dimen>
    <dimen name="x1008">1726.67dp</dimen>
    <dimen name="x1009">1728.38dp</dimen>
    <dimen name="x1010">1730.09dp</dimen>
    <dimen name="x1011">1731.81dp</dimen>
    <dimen name="x1012">1733.52dp</dimen>
    <dimen name="x1013">1735.23dp</dimen>
    <dimen name="x1014">1736.94dp</dimen>
    <dimen name="x1015">1738.66dp</dimen>
    <dimen name="x1016">1740.37dp</dimen>
    <dimen name="x1017">1742.08dp</dimen>
    <dimen name="x1018">1743.80dp</dimen>
    <dimen name="x1019">1745.51dp</dimen>
    <dimen name="x1020">1747.22dp</dimen>
    <dimen name="x1021">1748.94dp</dimen>
    <dimen name="x1022">1750.65dp</dimen>
    <dimen name="x1023">1752.36dp</dimen>
    <dimen name="x1024">1754.07dp</dimen>
    <dimen name="x1025">1755.79dp</dimen>
    <dimen name="x1026">1757.50dp</dimen>
    <dimen name="x1027">1759.21dp</dimen>
    <dimen name="x1028">1760.93dp</dimen>
    <dimen name="x1029">1762.64dp</dimen>
    <dimen name="x1030">1764.35dp</dimen>
    <dimen name="x1031">1766.06dp</dimen>
    <dimen name="x1032">1767.78dp</dimen>
    <dimen name="x1033">1769.49dp</dimen>
    <dimen name="x1034">1771.20dp</dimen>
    <dimen name="x1035">1772.92dp</dimen>
    <dimen name="x1036">1774.63dp</dimen>
    <dimen name="x1037">1776.34dp</dimen>
    <dimen name="x1038">1778.06dp</dimen>
    <dimen name="x1039">1779.77dp</dimen>
    <dimen name="x1040">1781.48dp</dimen>
    <dimen name="x1041">1783.19dp</dimen>
    <dimen name="x1042">1784.91dp</dimen>
    <dimen name="x1043">1786.62dp</dimen>
    <dimen name="x1044">1788.33dp</dimen>
    <dimen name="x1045">1790.05dp</dimen>
    <dimen name="x1046">1791.76dp</dimen>
    <dimen name="x1047">1793.47dp</dimen>
    <dimen name="x1048">1795.19dp</dimen>
    <dimen name="x1049">1796.90dp</dimen>
    <dimen name="x1050">1798.61dp</dimen>
    <dimen name="x1051">1800.32dp</dimen>
    <dimen name="x1052">1802.04dp</dimen>
    <dimen name="x1053">1803.75dp</dimen>
    <dimen name="x1054">1805.46dp</dimen>
    <dimen name="x1055">1807.18dp</dimen>
    <dimen name="x1056">1808.89dp</dimen>
    <dimen name="x1057">1810.60dp</dimen>
    <dimen name="x1058">1812.31dp</dimen>
    <dimen name="x1059">1814.03dp</dimen>
    <dimen name="x1060">1815.74dp</dimen>
    <dimen name="x1061">1817.45dp</dimen>
    <dimen name="x1062">1819.17dp</dimen>
    <dimen name="x1063">1820.88dp</dimen>
    <dimen name="x1064">1822.59dp</dimen>
    <dimen name="x1065">1824.31dp</dimen>
    <dimen name="x1066">1826.02dp</dimen>
    <dimen name="x1067">1827.73dp</dimen>
    <dimen name="x1068">1829.44dp</dimen>
    <dimen name="x1069">1831.16dp</dimen>
    <dimen name="x1070">1832.87dp</dimen>
    <dimen name="x1071">1834.58dp</dimen>
    <dimen name="x1072">1836.30dp</dimen>
    <dimen name="x1073">1838.01dp</dimen>
    <dimen name="x1074">1839.72dp</dimen>
    <dimen name="x1075">1841.44dp</dimen>
    <dimen name="x1076">1843.15dp</dimen>
    <dimen name="x1077">1844.86dp</dimen>
    <dimen name="x1078">1846.57dp</dimen>
    <dimen name="x1079">1848.29dp</dimen>
    <dimen name="x1080">1850.00dp</dimen>
</resources>