<?xml version="1.0" encoding="utf-8"?>
<resources>
    <string name="sw_dp">1210dp</string>
    <dimen name="x1">1.12dp</dimen>
    <dimen name="x2">2.24dp</dimen>
    <dimen name="x3">3.36dp</dimen>
    <dimen name="x4">4.48dp</dimen>
    <dimen name="x5">5.60dp</dimen>
    <dimen name="x6">6.72dp</dimen>
    <dimen name="x7">7.84dp</dimen>
    <dimen name="x8">8.96dp</dimen>
    <dimen name="x9">10.08dp</dimen>
    <dimen name="x10">11.20dp</dimen>
    <dimen name="x11">12.32dp</dimen>
    <dimen name="x12">13.44dp</dimen>
    <dimen name="x13">14.56dp</dimen>
    <dimen name="x14">15.69dp</dimen>
    <dimen name="x15">16.81dp</dimen>
    <dimen name="x16">17.93dp</dimen>
    <dimen name="x17">19.05dp</dimen>
    <dimen name="x18">20.17dp</dimen>
    <dimen name="x19">21.29dp</dimen>
    <dimen name="x20">22.41dp</dimen>
    <dimen name="x21">23.53dp</dimen>
    <dimen name="x22">24.65dp</dimen>
    <dimen name="x23">25.77dp</dimen>
    <dimen name="x24">26.89dp</dimen>
    <dimen name="x25">28.01dp</dimen>
    <dimen name="x26">29.13dp</dimen>
    <dimen name="x27">30.25dp</dimen>
    <dimen name="x28">31.37dp</dimen>
    <dimen name="x29">32.49dp</dimen>
    <dimen name="x30">33.61dp</dimen>
    <dimen name="x31">34.73dp</dimen>
    <dimen name="x32">35.85dp</dimen>
    <dimen name="x33">36.97dp</dimen>
    <dimen name="x34">38.09dp</dimen>
    <dimen name="x35">39.21dp</dimen>
    <dimen name="x36">40.33dp</dimen>
    <dimen name="x37">41.45dp</dimen>
    <dimen name="x38">42.57dp</dimen>
    <dimen name="x39">43.69dp</dimen>
    <dimen name="x40">44.81dp</dimen>
    <dimen name="x41">45.94dp</dimen>
    <dimen name="x42">47.06dp</dimen>
    <dimen name="x43">48.18dp</dimen>
    <dimen name="x44">49.30dp</dimen>
    <dimen name="x45">50.42dp</dimen>
    <dimen name="x46">51.54dp</dimen>
    <dimen name="x47">52.66dp</dimen>
    <dimen name="x48">53.78dp</dimen>
    <dimen name="x49">54.90dp</dimen>
    <dimen name="x50">56.02dp</dimen>
    <dimen name="x51">57.14dp</dimen>
    <dimen name="x52">58.26dp</dimen>
    <dimen name="x53">59.38dp</dimen>
    <dimen name="x54">60.50dp</dimen>
    <dimen name="x55">61.62dp</dimen>
    <dimen name="x56">62.74dp</dimen>
    <dimen name="x57">63.86dp</dimen>
    <dimen name="x58">64.98dp</dimen>
    <dimen name="x59">66.10dp</dimen>
    <dimen name="x60">67.22dp</dimen>
    <dimen name="x61">68.34dp</dimen>
    <dimen name="x62">69.46dp</dimen>
    <dimen name="x63">70.58dp</dimen>
    <dimen name="x64">71.70dp</dimen>
    <dimen name="x65">72.82dp</dimen>
    <dimen name="x66">73.94dp</dimen>
    <dimen name="x67">75.06dp</dimen>
    <dimen name="x68">76.19dp</dimen>
    <dimen name="x69">77.31dp</dimen>
    <dimen name="x70">78.43dp</dimen>
    <dimen name="x71">79.55dp</dimen>
    <dimen name="x72">80.67dp</dimen>
    <dimen name="x73">81.79dp</dimen>
    <dimen name="x74">82.91dp</dimen>
    <dimen name="x75">84.03dp</dimen>
    <dimen name="x76">85.15dp</dimen>
    <dimen name="x77">86.27dp</dimen>
    <dimen name="x78">87.39dp</dimen>
    <dimen name="x79">88.51dp</dimen>
    <dimen name="x80">89.63dp</dimen>
    <dimen name="x81">90.75dp</dimen>
    <dimen name="x82">91.87dp</dimen>
    <dimen name="x83">92.99dp</dimen>
    <dimen name="x84">94.11dp</dimen>
    <dimen name="x85">95.23dp</dimen>
    <dimen name="x86">96.35dp</dimen>
    <dimen name="x87">97.47dp</dimen>
    <dimen name="x88">98.59dp</dimen>
    <dimen name="x89">99.71dp</dimen>
    <dimen name="x90">100.83dp</dimen>
    <dimen name="x91">101.95dp</dimen>
    <dimen name="x92">103.07dp</dimen>
    <dimen name="x93">104.19dp</dimen>
    <dimen name="x94">105.31dp</dimen>
    <dimen name="x95">106.44dp</dimen>
    <dimen name="x96">107.56dp</dimen>
    <dimen name="x97">108.68dp</dimen>
    <dimen name="x98">109.80dp</dimen>
    <dimen name="x99">110.92dp</dimen>
    <dimen name="x100">112.04dp</dimen>
    <dimen name="x101">113.16dp</dimen>
    <dimen name="x102">114.28dp</dimen>
    <dimen name="x103">115.40dp</dimen>
    <dimen name="x104">116.52dp</dimen>
    <dimen name="x105">117.64dp</dimen>
    <dimen name="x106">118.76dp</dimen>
    <dimen name="x107">119.88dp</dimen>
    <dimen name="x108">121.00dp</dimen>
    <dimen name="x109">122.12dp</dimen>
    <dimen name="x110">123.24dp</dimen>
    <dimen name="x111">124.36dp</dimen>
    <dimen name="x112">125.48dp</dimen>
    <dimen name="x113">126.60dp</dimen>
    <dimen name="x114">127.72dp</dimen>
    <dimen name="x115">128.84dp</dimen>
    <dimen name="x116">129.96dp</dimen>
    <dimen name="x117">131.08dp</dimen>
    <dimen name="x118">132.20dp</dimen>
    <dimen name="x119">133.32dp</dimen>
    <dimen name="x120">134.44dp</dimen>
    <dimen name="x121">135.56dp</dimen>
    <dimen name="x122">136.69dp</dimen>
    <dimen name="x123">137.81dp</dimen>
    <dimen name="x124">138.93dp</dimen>
    <dimen name="x125">140.05dp</dimen>
    <dimen name="x126">141.17dp</dimen>
    <dimen name="x127">142.29dp</dimen>
    <dimen name="x128">143.41dp</dimen>
    <dimen name="x129">144.53dp</dimen>
    <dimen name="x130">145.65dp</dimen>
    <dimen name="x131">146.77dp</dimen>
    <dimen name="x132">147.89dp</dimen>
    <dimen name="x133">149.01dp</dimen>
    <dimen name="x134">150.13dp</dimen>
    <dimen name="x135">151.25dp</dimen>
    <dimen name="x136">152.37dp</dimen>
    <dimen name="x137">153.49dp</dimen>
    <dimen name="x138">154.61dp</dimen>
    <dimen name="x139">155.73dp</dimen>
    <dimen name="x140">156.85dp</dimen>
    <dimen name="x141">157.97dp</dimen>
    <dimen name="x142">159.09dp</dimen>
    <dimen name="x143">160.21dp</dimen>
    <dimen name="x144">161.33dp</dimen>
    <dimen name="x145">162.45dp</dimen>
    <dimen name="x146">163.57dp</dimen>
    <dimen name="x147">164.69dp</dimen>
    <dimen name="x148">165.81dp</dimen>
    <dimen name="x149">166.94dp</dimen>
    <dimen name="x150">168.06dp</dimen>
    <dimen name="x151">169.18dp</dimen>
    <dimen name="x152">170.30dp</dimen>
    <dimen name="x153">171.42dp</dimen>
    <dimen name="x154">172.54dp</dimen>
    <dimen name="x155">173.66dp</dimen>
    <dimen name="x156">174.78dp</dimen>
    <dimen name="x157">175.90dp</dimen>
    <dimen name="x158">177.02dp</dimen>
    <dimen name="x159">178.14dp</dimen>
    <dimen name="x160">179.26dp</dimen>
    <dimen name="x161">180.38dp</dimen>
    <dimen name="x162">181.50dp</dimen>
    <dimen name="x163">182.62dp</dimen>
    <dimen name="x164">183.74dp</dimen>
    <dimen name="x165">184.86dp</dimen>
    <dimen name="x166">185.98dp</dimen>
    <dimen name="x167">187.10dp</dimen>
    <dimen name="x168">188.22dp</dimen>
    <dimen name="x169">189.34dp</dimen>
    <dimen name="x170">190.46dp</dimen>
    <dimen name="x171">191.58dp</dimen>
    <dimen name="x172">192.70dp</dimen>
    <dimen name="x173">193.82dp</dimen>
    <dimen name="x174">194.94dp</dimen>
    <dimen name="x175">196.06dp</dimen>
    <dimen name="x176">197.19dp</dimen>
    <dimen name="x177">198.31dp</dimen>
    <dimen name="x178">199.43dp</dimen>
    <dimen name="x179">200.55dp</dimen>
    <dimen name="x180">201.67dp</dimen>
    <dimen name="x181">202.79dp</dimen>
    <dimen name="x182">203.91dp</dimen>
    <dimen name="x183">205.03dp</dimen>
    <dimen name="x184">206.15dp</dimen>
    <dimen name="x185">207.27dp</dimen>
    <dimen name="x186">208.39dp</dimen>
    <dimen name="x187">209.51dp</dimen>
    <dimen name="x188">210.63dp</dimen>
    <dimen name="x189">211.75dp</dimen>
    <dimen name="x190">212.87dp</dimen>
    <dimen name="x191">213.99dp</dimen>
    <dimen name="x192">215.11dp</dimen>
    <dimen name="x193">216.23dp</dimen>
    <dimen name="x194">217.35dp</dimen>
    <dimen name="x195">218.47dp</dimen>
    <dimen name="x196">219.59dp</dimen>
    <dimen name="x197">220.71dp</dimen>
    <dimen name="x198">221.83dp</dimen>
    <dimen name="x199">222.95dp</dimen>
    <dimen name="x200">224.07dp</dimen>
    <dimen name="x201">225.19dp</dimen>
    <dimen name="x202">226.31dp</dimen>
    <dimen name="x203">227.44dp</dimen>
    <dimen name="x204">228.56dp</dimen>
    <dimen name="x205">229.68dp</dimen>
    <dimen name="x206">230.80dp</dimen>
    <dimen name="x207">231.92dp</dimen>
    <dimen name="x208">233.04dp</dimen>
    <dimen name="x209">234.16dp</dimen>
    <dimen name="x210">235.28dp</dimen>
    <dimen name="x211">236.40dp</dimen>
    <dimen name="x212">237.52dp</dimen>
    <dimen name="x213">238.64dp</dimen>
    <dimen name="x214">239.76dp</dimen>
    <dimen name="x215">240.88dp</dimen>
    <dimen name="x216">242.00dp</dimen>
    <dimen name="x217">243.12dp</dimen>
    <dimen name="x218">244.24dp</dimen>
    <dimen name="x219">245.36dp</dimen>
    <dimen name="x220">246.48dp</dimen>
    <dimen name="x221">247.60dp</dimen>
    <dimen name="x222">248.72dp</dimen>
    <dimen name="x223">249.84dp</dimen>
    <dimen name="x224">250.96dp</dimen>
    <dimen name="x225">252.08dp</dimen>
    <dimen name="x226">253.20dp</dimen>
    <dimen name="x227">254.32dp</dimen>
    <dimen name="x228">255.44dp</dimen>
    <dimen name="x229">256.56dp</dimen>
    <dimen name="x230">257.69dp</dimen>
    <dimen name="x231">258.81dp</dimen>
    <dimen name="x232">259.93dp</dimen>
    <dimen name="x233">261.05dp</dimen>
    <dimen name="x234">262.17dp</dimen>
    <dimen name="x235">263.29dp</dimen>
    <dimen name="x236">264.41dp</dimen>
    <dimen name="x237">265.53dp</dimen>
    <dimen name="x238">266.65dp</dimen>
    <dimen name="x239">267.77dp</dimen>
    <dimen name="x240">268.89dp</dimen>
    <dimen name="x241">270.01dp</dimen>
    <dimen name="x242">271.13dp</dimen>
    <dimen name="x243">272.25dp</dimen>
    <dimen name="x244">273.37dp</dimen>
    <dimen name="x245">274.49dp</dimen>
    <dimen name="x246">275.61dp</dimen>
    <dimen name="x247">276.73dp</dimen>
    <dimen name="x248">277.85dp</dimen>
    <dimen name="x249">278.97dp</dimen>
    <dimen name="x250">280.09dp</dimen>
    <dimen name="x251">281.21dp</dimen>
    <dimen name="x252">282.33dp</dimen>
    <dimen name="x253">283.45dp</dimen>
    <dimen name="x254">284.57dp</dimen>
    <dimen name="x255">285.69dp</dimen>
    <dimen name="x256">286.81dp</dimen>
    <dimen name="x257">287.94dp</dimen>
    <dimen name="x258">289.06dp</dimen>
    <dimen name="x259">290.18dp</dimen>
    <dimen name="x260">291.30dp</dimen>
    <dimen name="x261">292.42dp</dimen>
    <dimen name="x262">293.54dp</dimen>
    <dimen name="x263">294.66dp</dimen>
    <dimen name="x264">295.78dp</dimen>
    <dimen name="x265">296.90dp</dimen>
    <dimen name="x266">298.02dp</dimen>
    <dimen name="x267">299.14dp</dimen>
    <dimen name="x268">300.26dp</dimen>
    <dimen name="x269">301.38dp</dimen>
    <dimen name="x270">302.50dp</dimen>
    <dimen name="x271">303.62dp</dimen>
    <dimen name="x272">304.74dp</dimen>
    <dimen name="x273">305.86dp</dimen>
    <dimen name="x274">306.98dp</dimen>
    <dimen name="x275">308.10dp</dimen>
    <dimen name="x276">309.22dp</dimen>
    <dimen name="x277">310.34dp</dimen>
    <dimen name="x278">311.46dp</dimen>
    <dimen name="x279">312.58dp</dimen>
    <dimen name="x280">313.70dp</dimen>
    <dimen name="x281">314.82dp</dimen>
    <dimen name="x282">315.94dp</dimen>
    <dimen name="x283">317.06dp</dimen>
    <dimen name="x284">318.19dp</dimen>
    <dimen name="x285">319.31dp</dimen>
    <dimen name="x286">320.43dp</dimen>
    <dimen name="x287">321.55dp</dimen>
    <dimen name="x288">322.67dp</dimen>
    <dimen name="x289">323.79dp</dimen>
    <dimen name="x290">324.91dp</dimen>
    <dimen name="x291">326.03dp</dimen>
    <dimen name="x292">327.15dp</dimen>
    <dimen name="x293">328.27dp</dimen>
    <dimen name="x294">329.39dp</dimen>
    <dimen name="x295">330.51dp</dimen>
    <dimen name="x296">331.63dp</dimen>
    <dimen name="x297">332.75dp</dimen>
    <dimen name="x298">333.87dp</dimen>
    <dimen name="x299">334.99dp</dimen>
    <dimen name="x300">336.11dp</dimen>
    <dimen name="x301">337.23dp</dimen>
    <dimen name="x302">338.35dp</dimen>
    <dimen name="x303">339.47dp</dimen>
    <dimen name="x304">340.59dp</dimen>
    <dimen name="x305">341.71dp</dimen>
    <dimen name="x306">342.83dp</dimen>
    <dimen name="x307">343.95dp</dimen>
    <dimen name="x308">345.07dp</dimen>
    <dimen name="x309">346.19dp</dimen>
    <dimen name="x310">347.31dp</dimen>
    <dimen name="x311">348.44dp</dimen>
    <dimen name="x312">349.56dp</dimen>
    <dimen name="x313">350.68dp</dimen>
    <dimen name="x314">351.80dp</dimen>
    <dimen name="x315">352.92dp</dimen>
    <dimen name="x316">354.04dp</dimen>
    <dimen name="x317">355.16dp</dimen>
    <dimen name="x318">356.28dp</dimen>
    <dimen name="x319">357.40dp</dimen>
    <dimen name="x320">358.52dp</dimen>
    <dimen name="x321">359.64dp</dimen>
    <dimen name="x322">360.76dp</dimen>
    <dimen name="x323">361.88dp</dimen>
    <dimen name="x324">363.00dp</dimen>
    <dimen name="x325">364.12dp</dimen>
    <dimen name="x326">365.24dp</dimen>
    <dimen name="x327">366.36dp</dimen>
    <dimen name="x328">367.48dp</dimen>
    <dimen name="x329">368.60dp</dimen>
    <dimen name="x330">369.72dp</dimen>
    <dimen name="x331">370.84dp</dimen>
    <dimen name="x332">371.96dp</dimen>
    <dimen name="x333">373.08dp</dimen>
    <dimen name="x334">374.20dp</dimen>
    <dimen name="x335">375.32dp</dimen>
    <dimen name="x336">376.44dp</dimen>
    <dimen name="x337">377.56dp</dimen>
    <dimen name="x338">378.69dp</dimen>
    <dimen name="x339">379.81dp</dimen>
    <dimen name="x340">380.93dp</dimen>
    <dimen name="x341">382.05dp</dimen>
    <dimen name="x342">383.17dp</dimen>
    <dimen name="x343">384.29dp</dimen>
    <dimen name="x344">385.41dp</dimen>
    <dimen name="x345">386.53dp</dimen>
    <dimen name="x346">387.65dp</dimen>
    <dimen name="x347">388.77dp</dimen>
    <dimen name="x348">389.89dp</dimen>
    <dimen name="x349">391.01dp</dimen>
    <dimen name="x350">392.13dp</dimen>
    <dimen name="x351">393.25dp</dimen>
    <dimen name="x352">394.37dp</dimen>
    <dimen name="x353">395.49dp</dimen>
    <dimen name="x354">396.61dp</dimen>
    <dimen name="x355">397.73dp</dimen>
    <dimen name="x356">398.85dp</dimen>
    <dimen name="x357">399.97dp</dimen>
    <dimen name="x358">401.09dp</dimen>
    <dimen name="x359">402.21dp</dimen>
    <dimen name="x360">403.33dp</dimen>
    <dimen name="x361">404.45dp</dimen>
    <dimen name="x362">405.57dp</dimen>
    <dimen name="x363">406.69dp</dimen>
    <dimen name="x364">407.81dp</dimen>
    <dimen name="x365">408.94dp</dimen>
    <dimen name="x366">410.06dp</dimen>
    <dimen name="x367">411.18dp</dimen>
    <dimen name="x368">412.30dp</dimen>
    <dimen name="x369">413.42dp</dimen>
    <dimen name="x370">414.54dp</dimen>
    <dimen name="x371">415.66dp</dimen>
    <dimen name="x372">416.78dp</dimen>
    <dimen name="x373">417.90dp</dimen>
    <dimen name="x374">419.02dp</dimen>
    <dimen name="x375">420.14dp</dimen>
    <dimen name="x376">421.26dp</dimen>
    <dimen name="x377">422.38dp</dimen>
    <dimen name="x378">423.50dp</dimen>
    <dimen name="x379">424.62dp</dimen>
    <dimen name="x380">425.74dp</dimen>
    <dimen name="x381">426.86dp</dimen>
    <dimen name="x382">427.98dp</dimen>
    <dimen name="x383">429.10dp</dimen>
    <dimen name="x384">430.22dp</dimen>
    <dimen name="x385">431.34dp</dimen>
    <dimen name="x386">432.46dp</dimen>
    <dimen name="x387">433.58dp</dimen>
    <dimen name="x388">434.70dp</dimen>
    <dimen name="x389">435.82dp</dimen>
    <dimen name="x390">436.94dp</dimen>
    <dimen name="x391">438.06dp</dimen>
    <dimen name="x392">439.19dp</dimen>
    <dimen name="x393">440.31dp</dimen>
    <dimen name="x394">441.43dp</dimen>
    <dimen name="x395">442.55dp</dimen>
    <dimen name="x396">443.67dp</dimen>
    <dimen name="x397">444.79dp</dimen>
    <dimen name="x398">445.91dp</dimen>
    <dimen name="x399">447.03dp</dimen>
    <dimen name="x400">448.15dp</dimen>
    <dimen name="x401">449.27dp</dimen>
    <dimen name="x402">450.39dp</dimen>
    <dimen name="x403">451.51dp</dimen>
    <dimen name="x404">452.63dp</dimen>
    <dimen name="x405">453.75dp</dimen>
    <dimen name="x406">454.87dp</dimen>
    <dimen name="x407">455.99dp</dimen>
    <dimen name="x408">457.11dp</dimen>
    <dimen name="x409">458.23dp</dimen>
    <dimen name="x410">459.35dp</dimen>
    <dimen name="x411">460.47dp</dimen>
    <dimen name="x412">461.59dp</dimen>
    <dimen name="x413">462.71dp</dimen>
    <dimen name="x414">463.83dp</dimen>
    <dimen name="x415">464.95dp</dimen>
    <dimen name="x416">466.07dp</dimen>
    <dimen name="x417">467.19dp</dimen>
    <dimen name="x418">468.31dp</dimen>
    <dimen name="x419">469.44dp</dimen>
    <dimen name="x420">470.56dp</dimen>
    <dimen name="x421">471.68dp</dimen>
    <dimen name="x422">472.80dp</dimen>
    <dimen name="x423">473.92dp</dimen>
    <dimen name="x424">475.04dp</dimen>
    <dimen name="x425">476.16dp</dimen>
    <dimen name="x426">477.28dp</dimen>
    <dimen name="x427">478.40dp</dimen>
    <dimen name="x428">479.52dp</dimen>
    <dimen name="x429">480.64dp</dimen>
    <dimen name="x430">481.76dp</dimen>
    <dimen name="x431">482.88dp</dimen>
    <dimen name="x432">484.00dp</dimen>
    <dimen name="x433">485.12dp</dimen>
    <dimen name="x434">486.24dp</dimen>
    <dimen name="x435">487.36dp</dimen>
    <dimen name="x436">488.48dp</dimen>
    <dimen name="x437">489.60dp</dimen>
    <dimen name="x438">490.72dp</dimen>
    <dimen name="x439">491.84dp</dimen>
    <dimen name="x440">492.96dp</dimen>
    <dimen name="x441">494.08dp</dimen>
    <dimen name="x442">495.20dp</dimen>
    <dimen name="x443">496.32dp</dimen>
    <dimen name="x444">497.44dp</dimen>
    <dimen name="x445">498.56dp</dimen>
    <dimen name="x446">499.69dp</dimen>
    <dimen name="x447">500.81dp</dimen>
    <dimen name="x448">501.93dp</dimen>
    <dimen name="x449">503.05dp</dimen>
    <dimen name="x450">504.17dp</dimen>
    <dimen name="x451">505.29dp</dimen>
    <dimen name="x452">506.41dp</dimen>
    <dimen name="x453">507.53dp</dimen>
    <dimen name="x454">508.65dp</dimen>
    <dimen name="x455">509.77dp</dimen>
    <dimen name="x456">510.89dp</dimen>
    <dimen name="x457">512.01dp</dimen>
    <dimen name="x458">513.13dp</dimen>
    <dimen name="x459">514.25dp</dimen>
    <dimen name="x460">515.37dp</dimen>
    <dimen name="x461">516.49dp</dimen>
    <dimen name="x462">517.61dp</dimen>
    <dimen name="x463">518.73dp</dimen>
    <dimen name="x464">519.85dp</dimen>
    <dimen name="x465">520.97dp</dimen>
    <dimen name="x466">522.09dp</dimen>
    <dimen name="x467">523.21dp</dimen>
    <dimen name="x468">524.33dp</dimen>
    <dimen name="x469">525.45dp</dimen>
    <dimen name="x470">526.57dp</dimen>
    <dimen name="x471">527.69dp</dimen>
    <dimen name="x472">528.81dp</dimen>
    <dimen name="x473">529.94dp</dimen>
    <dimen name="x474">531.06dp</dimen>
    <dimen name="x475">532.18dp</dimen>
    <dimen name="x476">533.30dp</dimen>
    <dimen name="x477">534.42dp</dimen>
    <dimen name="x478">535.54dp</dimen>
    <dimen name="x479">536.66dp</dimen>
    <dimen name="x480">537.78dp</dimen>
    <dimen name="x481">538.90dp</dimen>
    <dimen name="x482">540.02dp</dimen>
    <dimen name="x483">541.14dp</dimen>
    <dimen name="x484">542.26dp</dimen>
    <dimen name="x485">543.38dp</dimen>
    <dimen name="x486">544.50dp</dimen>
    <dimen name="x487">545.62dp</dimen>
    <dimen name="x488">546.74dp</dimen>
    <dimen name="x489">547.86dp</dimen>
    <dimen name="x490">548.98dp</dimen>
    <dimen name="x491">550.10dp</dimen>
    <dimen name="x492">551.22dp</dimen>
    <dimen name="x493">552.34dp</dimen>
    <dimen name="x494">553.46dp</dimen>
    <dimen name="x495">554.58dp</dimen>
    <dimen name="x496">555.70dp</dimen>
    <dimen name="x497">556.82dp</dimen>
    <dimen name="x498">557.94dp</dimen>
    <dimen name="x499">559.06dp</dimen>
    <dimen name="x500">560.19dp</dimen>
    <dimen name="x501">561.31dp</dimen>
    <dimen name="x502">562.43dp</dimen>
    <dimen name="x503">563.55dp</dimen>
    <dimen name="x504">564.67dp</dimen>
    <dimen name="x505">565.79dp</dimen>
    <dimen name="x506">566.91dp</dimen>
    <dimen name="x507">568.03dp</dimen>
    <dimen name="x508">569.15dp</dimen>
    <dimen name="x509">570.27dp</dimen>
    <dimen name="x510">571.39dp</dimen>
    <dimen name="x511">572.51dp</dimen>
    <dimen name="x512">573.63dp</dimen>
    <dimen name="x513">574.75dp</dimen>
    <dimen name="x514">575.87dp</dimen>
    <dimen name="x515">576.99dp</dimen>
    <dimen name="x516">578.11dp</dimen>
    <dimen name="x517">579.23dp</dimen>
    <dimen name="x518">580.35dp</dimen>
    <dimen name="x519">581.47dp</dimen>
    <dimen name="x520">582.59dp</dimen>
    <dimen name="x521">583.71dp</dimen>
    <dimen name="x522">584.83dp</dimen>
    <dimen name="x523">585.95dp</dimen>
    <dimen name="x524">587.07dp</dimen>
    <dimen name="x525">588.19dp</dimen>
    <dimen name="x526">589.31dp</dimen>
    <dimen name="x527">590.44dp</dimen>
    <dimen name="x528">591.56dp</dimen>
    <dimen name="x529">592.68dp</dimen>
    <dimen name="x530">593.80dp</dimen>
    <dimen name="x531">594.92dp</dimen>
    <dimen name="x532">596.04dp</dimen>
    <dimen name="x533">597.16dp</dimen>
    <dimen name="x534">598.28dp</dimen>
    <dimen name="x535">599.40dp</dimen>
    <dimen name="x536">600.52dp</dimen>
    <dimen name="x537">601.64dp</dimen>
    <dimen name="x538">602.76dp</dimen>
    <dimen name="x539">603.88dp</dimen>
    <dimen name="x540">605.00dp</dimen>
    <dimen name="x541">606.12dp</dimen>
    <dimen name="x542">607.24dp</dimen>
    <dimen name="x543">608.36dp</dimen>
    <dimen name="x544">609.48dp</dimen>
    <dimen name="x545">610.60dp</dimen>
    <dimen name="x546">611.72dp</dimen>
    <dimen name="x547">612.84dp</dimen>
    <dimen name="x548">613.96dp</dimen>
    <dimen name="x549">615.08dp</dimen>
    <dimen name="x550">616.20dp</dimen>
    <dimen name="x551">617.32dp</dimen>
    <dimen name="x552">618.44dp</dimen>
    <dimen name="x553">619.56dp</dimen>
    <dimen name="x554">620.69dp</dimen>
    <dimen name="x555">621.81dp</dimen>
    <dimen name="x556">622.93dp</dimen>
    <dimen name="x557">624.05dp</dimen>
    <dimen name="x558">625.17dp</dimen>
    <dimen name="x559">626.29dp</dimen>
    <dimen name="x560">627.41dp</dimen>
    <dimen name="x561">628.53dp</dimen>
    <dimen name="x562">629.65dp</dimen>
    <dimen name="x563">630.77dp</dimen>
    <dimen name="x564">631.89dp</dimen>
    <dimen name="x565">633.01dp</dimen>
    <dimen name="x566">634.13dp</dimen>
    <dimen name="x567">635.25dp</dimen>
    <dimen name="x568">636.37dp</dimen>
    <dimen name="x569">637.49dp</dimen>
    <dimen name="x570">638.61dp</dimen>
    <dimen name="x571">639.73dp</dimen>
    <dimen name="x572">640.85dp</dimen>
    <dimen name="x573">641.97dp</dimen>
    <dimen name="x574">643.09dp</dimen>
    <dimen name="x575">644.21dp</dimen>
    <dimen name="x576">645.33dp</dimen>
    <dimen name="x577">646.45dp</dimen>
    <dimen name="x578">647.57dp</dimen>
    <dimen name="x579">648.69dp</dimen>
    <dimen name="x580">649.81dp</dimen>
    <dimen name="x581">650.94dp</dimen>
    <dimen name="x582">652.06dp</dimen>
    <dimen name="x583">653.18dp</dimen>
    <dimen name="x584">654.30dp</dimen>
    <dimen name="x585">655.42dp</dimen>
    <dimen name="x586">656.54dp</dimen>
    <dimen name="x587">657.66dp</dimen>
    <dimen name="x588">658.78dp</dimen>
    <dimen name="x589">659.90dp</dimen>
    <dimen name="x590">661.02dp</dimen>
    <dimen name="x591">662.14dp</dimen>
    <dimen name="x592">663.26dp</dimen>
    <dimen name="x593">664.38dp</dimen>
    <dimen name="x594">665.50dp</dimen>
    <dimen name="x595">666.62dp</dimen>
    <dimen name="x596">667.74dp</dimen>
    <dimen name="x597">668.86dp</dimen>
    <dimen name="x598">669.98dp</dimen>
    <dimen name="x599">671.10dp</dimen>
    <dimen name="x600">672.22dp</dimen>
    <dimen name="x601">673.34dp</dimen>
    <dimen name="x602">674.46dp</dimen>
    <dimen name="x603">675.58dp</dimen>
    <dimen name="x604">676.70dp</dimen>
    <dimen name="x605">677.82dp</dimen>
    <dimen name="x606">678.94dp</dimen>
    <dimen name="x607">680.06dp</dimen>
    <dimen name="x608">681.19dp</dimen>
    <dimen name="x609">682.31dp</dimen>
    <dimen name="x610">683.43dp</dimen>
    <dimen name="x611">684.55dp</dimen>
    <dimen name="x612">685.67dp</dimen>
    <dimen name="x613">686.79dp</dimen>
    <dimen name="x614">687.91dp</dimen>
    <dimen name="x615">689.03dp</dimen>
    <dimen name="x616">690.15dp</dimen>
    <dimen name="x617">691.27dp</dimen>
    <dimen name="x618">692.39dp</dimen>
    <dimen name="x619">693.51dp</dimen>
    <dimen name="x620">694.63dp</dimen>
    <dimen name="x621">695.75dp</dimen>
    <dimen name="x622">696.87dp</dimen>
    <dimen name="x623">697.99dp</dimen>
    <dimen name="x624">699.11dp</dimen>
    <dimen name="x625">700.23dp</dimen>
    <dimen name="x626">701.35dp</dimen>
    <dimen name="x627">702.47dp</dimen>
    <dimen name="x628">703.59dp</dimen>
    <dimen name="x629">704.71dp</dimen>
    <dimen name="x630">705.83dp</dimen>
    <dimen name="x631">706.95dp</dimen>
    <dimen name="x632">708.07dp</dimen>
    <dimen name="x633">709.19dp</dimen>
    <dimen name="x634">710.31dp</dimen>
    <dimen name="x635">711.44dp</dimen>
    <dimen name="x636">712.56dp</dimen>
    <dimen name="x637">713.68dp</dimen>
    <dimen name="x638">714.80dp</dimen>
    <dimen name="x639">715.92dp</dimen>
    <dimen name="x640">717.04dp</dimen>
    <dimen name="x641">718.16dp</dimen>
    <dimen name="x642">719.28dp</dimen>
    <dimen name="x643">720.40dp</dimen>
    <dimen name="x644">721.52dp</dimen>
    <dimen name="x645">722.64dp</dimen>
    <dimen name="x646">723.76dp</dimen>
    <dimen name="x647">724.88dp</dimen>
    <dimen name="x648">726.00dp</dimen>
    <dimen name="x649">727.12dp</dimen>
    <dimen name="x650">728.24dp</dimen>
    <dimen name="x651">729.36dp</dimen>
    <dimen name="x652">730.48dp</dimen>
    <dimen name="x653">731.60dp</dimen>
    <dimen name="x654">732.72dp</dimen>
    <dimen name="x655">733.84dp</dimen>
    <dimen name="x656">734.96dp</dimen>
    <dimen name="x657">736.08dp</dimen>
    <dimen name="x658">737.20dp</dimen>
    <dimen name="x659">738.32dp</dimen>
    <dimen name="x660">739.44dp</dimen>
    <dimen name="x661">740.56dp</dimen>
    <dimen name="x662">741.69dp</dimen>
    <dimen name="x663">742.81dp</dimen>
    <dimen name="x664">743.93dp</dimen>
    <dimen name="x665">745.05dp</dimen>
    <dimen name="x666">746.17dp</dimen>
    <dimen name="x667">747.29dp</dimen>
    <dimen name="x668">748.41dp</dimen>
    <dimen name="x669">749.53dp</dimen>
    <dimen name="x670">750.65dp</dimen>
    <dimen name="x671">751.77dp</dimen>
    <dimen name="x672">752.89dp</dimen>
    <dimen name="x673">754.01dp</dimen>
    <dimen name="x674">755.13dp</dimen>
    <dimen name="x675">756.25dp</dimen>
    <dimen name="x676">757.37dp</dimen>
    <dimen name="x677">758.49dp</dimen>
    <dimen name="x678">759.61dp</dimen>
    <dimen name="x679">760.73dp</dimen>
    <dimen name="x680">761.85dp</dimen>
    <dimen name="x681">762.97dp</dimen>
    <dimen name="x682">764.09dp</dimen>
    <dimen name="x683">765.21dp</dimen>
    <dimen name="x684">766.33dp</dimen>
    <dimen name="x685">767.45dp</dimen>
    <dimen name="x686">768.57dp</dimen>
    <dimen name="x687">769.69dp</dimen>
    <dimen name="x688">770.81dp</dimen>
    <dimen name="x689">771.94dp</dimen>
    <dimen name="x690">773.06dp</dimen>
    <dimen name="x691">774.18dp</dimen>
    <dimen name="x692">775.30dp</dimen>
    <dimen name="x693">776.42dp</dimen>
    <dimen name="x694">777.54dp</dimen>
    <dimen name="x695">778.66dp</dimen>
    <dimen name="x696">779.78dp</dimen>
    <dimen name="x697">780.90dp</dimen>
    <dimen name="x698">782.02dp</dimen>
    <dimen name="x699">783.14dp</dimen>
    <dimen name="x700">784.26dp</dimen>
    <dimen name="x701">785.38dp</dimen>
    <dimen name="x702">786.50dp</dimen>
    <dimen name="x703">787.62dp</dimen>
    <dimen name="x704">788.74dp</dimen>
    <dimen name="x705">789.86dp</dimen>
    <dimen name="x706">790.98dp</dimen>
    <dimen name="x707">792.10dp</dimen>
    <dimen name="x708">793.22dp</dimen>
    <dimen name="x709">794.34dp</dimen>
    <dimen name="x710">795.46dp</dimen>
    <dimen name="x711">796.58dp</dimen>
    <dimen name="x712">797.70dp</dimen>
    <dimen name="x713">798.82dp</dimen>
    <dimen name="x714">799.94dp</dimen>
    <dimen name="x715">801.06dp</dimen>
    <dimen name="x716">802.19dp</dimen>
    <dimen name="x717">803.31dp</dimen>
    <dimen name="x718">804.43dp</dimen>
    <dimen name="x719">805.55dp</dimen>
    <dimen name="x720">806.67dp</dimen>
    <dimen name="x721">807.79dp</dimen>
    <dimen name="x722">808.91dp</dimen>
    <dimen name="x723">810.03dp</dimen>
    <dimen name="x724">811.15dp</dimen>
    <dimen name="x725">812.27dp</dimen>
    <dimen name="x726">813.39dp</dimen>
    <dimen name="x727">814.51dp</dimen>
    <dimen name="x728">815.63dp</dimen>
    <dimen name="x729">816.75dp</dimen>
    <dimen name="x730">817.87dp</dimen>
    <dimen name="x731">818.99dp</dimen>
    <dimen name="x732">820.11dp</dimen>
    <dimen name="x733">821.23dp</dimen>
    <dimen name="x734">822.35dp</dimen>
    <dimen name="x735">823.47dp</dimen>
    <dimen name="x736">824.59dp</dimen>
    <dimen name="x737">825.71dp</dimen>
    <dimen name="x738">826.83dp</dimen>
    <dimen name="x739">827.95dp</dimen>
    <dimen name="x740">829.07dp</dimen>
    <dimen name="x741">830.19dp</dimen>
    <dimen name="x742">831.31dp</dimen>
    <dimen name="x743">832.44dp</dimen>
    <dimen name="x744">833.56dp</dimen>
    <dimen name="x745">834.68dp</dimen>
    <dimen name="x746">835.80dp</dimen>
    <dimen name="x747">836.92dp</dimen>
    <dimen name="x748">838.04dp</dimen>
    <dimen name="x749">839.16dp</dimen>
    <dimen name="x750">840.28dp</dimen>
    <dimen name="x751">841.40dp</dimen>
    <dimen name="x752">842.52dp</dimen>
    <dimen name="x753">843.64dp</dimen>
    <dimen name="x754">844.76dp</dimen>
    <dimen name="x755">845.88dp</dimen>
    <dimen name="x756">847.00dp</dimen>
    <dimen name="x757">848.12dp</dimen>
    <dimen name="x758">849.24dp</dimen>
    <dimen name="x759">850.36dp</dimen>
    <dimen name="x760">851.48dp</dimen>
    <dimen name="x761">852.60dp</dimen>
    <dimen name="x762">853.72dp</dimen>
    <dimen name="x763">854.84dp</dimen>
    <dimen name="x764">855.96dp</dimen>
    <dimen name="x765">857.08dp</dimen>
    <dimen name="x766">858.20dp</dimen>
    <dimen name="x767">859.32dp</dimen>
    <dimen name="x768">860.44dp</dimen>
    <dimen name="x769">861.56dp</dimen>
    <dimen name="x770">862.69dp</dimen>
    <dimen name="x771">863.81dp</dimen>
    <dimen name="x772">864.93dp</dimen>
    <dimen name="x773">866.05dp</dimen>
    <dimen name="x774">867.17dp</dimen>
    <dimen name="x775">868.29dp</dimen>
    <dimen name="x776">869.41dp</dimen>
    <dimen name="x777">870.53dp</dimen>
    <dimen name="x778">871.65dp</dimen>
    <dimen name="x779">872.77dp</dimen>
    <dimen name="x780">873.89dp</dimen>
    <dimen name="x781">875.01dp</dimen>
    <dimen name="x782">876.13dp</dimen>
    <dimen name="x783">877.25dp</dimen>
    <dimen name="x784">878.37dp</dimen>
    <dimen name="x785">879.49dp</dimen>
    <dimen name="x786">880.61dp</dimen>
    <dimen name="x787">881.73dp</dimen>
    <dimen name="x788">882.85dp</dimen>
    <dimen name="x789">883.97dp</dimen>
    <dimen name="x790">885.09dp</dimen>
    <dimen name="x791">886.21dp</dimen>
    <dimen name="x792">887.33dp</dimen>
    <dimen name="x793">888.45dp</dimen>
    <dimen name="x794">889.57dp</dimen>
    <dimen name="x795">890.69dp</dimen>
    <dimen name="x796">891.81dp</dimen>
    <dimen name="x797">892.94dp</dimen>
    <dimen name="x798">894.06dp</dimen>
    <dimen name="x799">895.18dp</dimen>
    <dimen name="x800">896.30dp</dimen>
    <dimen name="x801">897.42dp</dimen>
    <dimen name="x802">898.54dp</dimen>
    <dimen name="x803">899.66dp</dimen>
    <dimen name="x804">900.78dp</dimen>
    <dimen name="x805">901.90dp</dimen>
    <dimen name="x806">903.02dp</dimen>
    <dimen name="x807">904.14dp</dimen>
    <dimen name="x808">905.26dp</dimen>
    <dimen name="x809">906.38dp</dimen>
    <dimen name="x810">907.50dp</dimen>
    <dimen name="x811">908.62dp</dimen>
    <dimen name="x812">909.74dp</dimen>
    <dimen name="x813">910.86dp</dimen>
    <dimen name="x814">911.98dp</dimen>
    <dimen name="x815">913.10dp</dimen>
    <dimen name="x816">914.22dp</dimen>
    <dimen name="x817">915.34dp</dimen>
    <dimen name="x818">916.46dp</dimen>
    <dimen name="x819">917.58dp</dimen>
    <dimen name="x820">918.70dp</dimen>
    <dimen name="x821">919.82dp</dimen>
    <dimen name="x822">920.94dp</dimen>
    <dimen name="x823">922.06dp</dimen>
    <dimen name="x824">923.19dp</dimen>
    <dimen name="x825">924.31dp</dimen>
    <dimen name="x826">925.43dp</dimen>
    <dimen name="x827">926.55dp</dimen>
    <dimen name="x828">927.67dp</dimen>
    <dimen name="x829">928.79dp</dimen>
    <dimen name="x830">929.91dp</dimen>
    <dimen name="x831">931.03dp</dimen>
    <dimen name="x832">932.15dp</dimen>
    <dimen name="x833">933.27dp</dimen>
    <dimen name="x834">934.39dp</dimen>
    <dimen name="x835">935.51dp</dimen>
    <dimen name="x836">936.63dp</dimen>
    <dimen name="x837">937.75dp</dimen>
    <dimen name="x838">938.87dp</dimen>
    <dimen name="x839">939.99dp</dimen>
    <dimen name="x840">941.11dp</dimen>
    <dimen name="x841">942.23dp</dimen>
    <dimen name="x842">943.35dp</dimen>
    <dimen name="x843">944.47dp</dimen>
    <dimen name="x844">945.59dp</dimen>
    <dimen name="x845">946.71dp</dimen>
    <dimen name="x846">947.83dp</dimen>
    <dimen name="x847">948.95dp</dimen>
    <dimen name="x848">950.07dp</dimen>
    <dimen name="x849">951.19dp</dimen>
    <dimen name="x850">952.31dp</dimen>
    <dimen name="x851">953.44dp</dimen>
    <dimen name="x852">954.56dp</dimen>
    <dimen name="x853">955.68dp</dimen>
    <dimen name="x854">956.80dp</dimen>
    <dimen name="x855">957.92dp</dimen>
    <dimen name="x856">959.04dp</dimen>
    <dimen name="x857">960.16dp</dimen>
    <dimen name="x858">961.28dp</dimen>
    <dimen name="x859">962.40dp</dimen>
    <dimen name="x860">963.52dp</dimen>
    <dimen name="x861">964.64dp</dimen>
    <dimen name="x862">965.76dp</dimen>
    <dimen name="x863">966.88dp</dimen>
    <dimen name="x864">968.00dp</dimen>
    <dimen name="x865">969.12dp</dimen>
    <dimen name="x866">970.24dp</dimen>
    <dimen name="x867">971.36dp</dimen>
    <dimen name="x868">972.48dp</dimen>
    <dimen name="x869">973.60dp</dimen>
    <dimen name="x870">974.72dp</dimen>
    <dimen name="x871">975.84dp</dimen>
    <dimen name="x872">976.96dp</dimen>
    <dimen name="x873">978.08dp</dimen>
    <dimen name="x874">979.20dp</dimen>
    <dimen name="x875">980.32dp</dimen>
    <dimen name="x876">981.44dp</dimen>
    <dimen name="x877">982.56dp</dimen>
    <dimen name="x878">983.69dp</dimen>
    <dimen name="x879">984.81dp</dimen>
    <dimen name="x880">985.93dp</dimen>
    <dimen name="x881">987.05dp</dimen>
    <dimen name="x882">988.17dp</dimen>
    <dimen name="x883">989.29dp</dimen>
    <dimen name="x884">990.41dp</dimen>
    <dimen name="x885">991.53dp</dimen>
    <dimen name="x886">992.65dp</dimen>
    <dimen name="x887">993.77dp</dimen>
    <dimen name="x888">994.89dp</dimen>
    <dimen name="x889">996.01dp</dimen>
    <dimen name="x890">997.13dp</dimen>
    <dimen name="x891">998.25dp</dimen>
    <dimen name="x892">999.37dp</dimen>
    <dimen name="x893">1000.49dp</dimen>
    <dimen name="x894">1001.61dp</dimen>
    <dimen name="x895">1002.73dp</dimen>
    <dimen name="x896">1003.85dp</dimen>
    <dimen name="x897">1004.97dp</dimen>
    <dimen name="x898">1006.09dp</dimen>
    <dimen name="x899">1007.21dp</dimen>
    <dimen name="x900">1008.33dp</dimen>
    <dimen name="x901">1009.45dp</dimen>
    <dimen name="x902">1010.57dp</dimen>
    <dimen name="x903">1011.69dp</dimen>
    <dimen name="x904">1012.81dp</dimen>
    <dimen name="x905">1013.94dp</dimen>
    <dimen name="x906">1015.06dp</dimen>
    <dimen name="x907">1016.18dp</dimen>
    <dimen name="x908">1017.30dp</dimen>
    <dimen name="x909">1018.42dp</dimen>
    <dimen name="x910">1019.54dp</dimen>
    <dimen name="x911">1020.66dp</dimen>
    <dimen name="x912">1021.78dp</dimen>
    <dimen name="x913">1022.90dp</dimen>
    <dimen name="x914">1024.02dp</dimen>
    <dimen name="x915">1025.14dp</dimen>
    <dimen name="x916">1026.26dp</dimen>
    <dimen name="x917">1027.38dp</dimen>
    <dimen name="x918">1028.50dp</dimen>
    <dimen name="x919">1029.62dp</dimen>
    <dimen name="x920">1030.74dp</dimen>
    <dimen name="x921">1031.86dp</dimen>
    <dimen name="x922">1032.98dp</dimen>
    <dimen name="x923">1034.10dp</dimen>
    <dimen name="x924">1035.22dp</dimen>
    <dimen name="x925">1036.34dp</dimen>
    <dimen name="x926">1037.46dp</dimen>
    <dimen name="x927">1038.58dp</dimen>
    <dimen name="x928">1039.70dp</dimen>
    <dimen name="x929">1040.82dp</dimen>
    <dimen name="x930">1041.94dp</dimen>
    <dimen name="x931">1043.06dp</dimen>
    <dimen name="x932">1044.19dp</dimen>
    <dimen name="x933">1045.31dp</dimen>
    <dimen name="x934">1046.43dp</dimen>
    <dimen name="x935">1047.55dp</dimen>
    <dimen name="x936">1048.67dp</dimen>
    <dimen name="x937">1049.79dp</dimen>
    <dimen name="x938">1050.91dp</dimen>
    <dimen name="x939">1052.03dp</dimen>
    <dimen name="x940">1053.15dp</dimen>
    <dimen name="x941">1054.27dp</dimen>
    <dimen name="x942">1055.39dp</dimen>
    <dimen name="x943">1056.51dp</dimen>
    <dimen name="x944">1057.63dp</dimen>
    <dimen name="x945">1058.75dp</dimen>
    <dimen name="x946">1059.87dp</dimen>
    <dimen name="x947">1060.99dp</dimen>
    <dimen name="x948">1062.11dp</dimen>
    <dimen name="x949">1063.23dp</dimen>
    <dimen name="x950">1064.35dp</dimen>
    <dimen name="x951">1065.47dp</dimen>
    <dimen name="x952">1066.59dp</dimen>
    <dimen name="x953">1067.71dp</dimen>
    <dimen name="x954">1068.83dp</dimen>
    <dimen name="x955">1069.95dp</dimen>
    <dimen name="x956">1071.07dp</dimen>
    <dimen name="x957">1072.19dp</dimen>
    <dimen name="x958">1073.31dp</dimen>
    <dimen name="x959">1074.44dp</dimen>
    <dimen name="x960">1075.56dp</dimen>
    <dimen name="x961">1076.68dp</dimen>
    <dimen name="x962">1077.80dp</dimen>
    <dimen name="x963">1078.92dp</dimen>
    <dimen name="x964">1080.04dp</dimen>
    <dimen name="x965">1081.16dp</dimen>
    <dimen name="x966">1082.28dp</dimen>
    <dimen name="x967">1083.40dp</dimen>
    <dimen name="x968">1084.52dp</dimen>
    <dimen name="x969">1085.64dp</dimen>
    <dimen name="x970">1086.76dp</dimen>
    <dimen name="x971">1087.88dp</dimen>
    <dimen name="x972">1089.00dp</dimen>
    <dimen name="x973">1090.12dp</dimen>
    <dimen name="x974">1091.24dp</dimen>
    <dimen name="x975">1092.36dp</dimen>
    <dimen name="x976">1093.48dp</dimen>
    <dimen name="x977">1094.60dp</dimen>
    <dimen name="x978">1095.72dp</dimen>
    <dimen name="x979">1096.84dp</dimen>
    <dimen name="x980">1097.96dp</dimen>
    <dimen name="x981">1099.08dp</dimen>
    <dimen name="x982">1100.20dp</dimen>
    <dimen name="x983">1101.32dp</dimen>
    <dimen name="x984">1102.44dp</dimen>
    <dimen name="x985">1103.56dp</dimen>
    <dimen name="x986">1104.69dp</dimen>
    <dimen name="x987">1105.81dp</dimen>
    <dimen name="x988">1106.93dp</dimen>
    <dimen name="x989">1108.05dp</dimen>
    <dimen name="x990">1109.17dp</dimen>
    <dimen name="x991">1110.29dp</dimen>
    <dimen name="x992">1111.41dp</dimen>
    <dimen name="x993">1112.53dp</dimen>
    <dimen name="x994">1113.65dp</dimen>
    <dimen name="x995">1114.77dp</dimen>
    <dimen name="x996">1115.89dp</dimen>
    <dimen name="x997">1117.01dp</dimen>
    <dimen name="x998">1118.13dp</dimen>
    <dimen name="x999">1119.25dp</dimen>
    <dimen name="x1000">1120.37dp</dimen>
    <dimen name="x1001">1121.49dp</dimen>
    <dimen name="x1002">1122.61dp</dimen>
    <dimen name="x1003">1123.73dp</dimen>
    <dimen name="x1004">1124.85dp</dimen>
    <dimen name="x1005">1125.97dp</dimen>
    <dimen name="x1006">1127.09dp</dimen>
    <dimen name="x1007">1128.21dp</dimen>
    <dimen name="x1008">1129.33dp</dimen>
    <dimen name="x1009">1130.45dp</dimen>
    <dimen name="x1010">1131.57dp</dimen>
    <dimen name="x1011">1132.69dp</dimen>
    <dimen name="x1012">1133.81dp</dimen>
    <dimen name="x1013">1134.94dp</dimen>
    <dimen name="x1014">1136.06dp</dimen>
    <dimen name="x1015">1137.18dp</dimen>
    <dimen name="x1016">1138.30dp</dimen>
    <dimen name="x1017">1139.42dp</dimen>
    <dimen name="x1018">1140.54dp</dimen>
    <dimen name="x1019">1141.66dp</dimen>
    <dimen name="x1020">1142.78dp</dimen>
    <dimen name="x1021">1143.90dp</dimen>
    <dimen name="x1022">1145.02dp</dimen>
    <dimen name="x1023">1146.14dp</dimen>
    <dimen name="x1024">1147.26dp</dimen>
    <dimen name="x1025">1148.38dp</dimen>
    <dimen name="x1026">1149.50dp</dimen>
    <dimen name="x1027">1150.62dp</dimen>
    <dimen name="x1028">1151.74dp</dimen>
    <dimen name="x1029">1152.86dp</dimen>
    <dimen name="x1030">1153.98dp</dimen>
    <dimen name="x1031">1155.10dp</dimen>
    <dimen name="x1032">1156.22dp</dimen>
    <dimen name="x1033">1157.34dp</dimen>
    <dimen name="x1034">1158.46dp</dimen>
    <dimen name="x1035">1159.58dp</dimen>
    <dimen name="x1036">1160.70dp</dimen>
    <dimen name="x1037">1161.82dp</dimen>
    <dimen name="x1038">1162.94dp</dimen>
    <dimen name="x1039">1164.06dp</dimen>
    <dimen name="x1040">1165.19dp</dimen>
    <dimen name="x1041">1166.31dp</dimen>
    <dimen name="x1042">1167.43dp</dimen>
    <dimen name="x1043">1168.55dp</dimen>
    <dimen name="x1044">1169.67dp</dimen>
    <dimen name="x1045">1170.79dp</dimen>
    <dimen name="x1046">1171.91dp</dimen>
    <dimen name="x1047">1173.03dp</dimen>
    <dimen name="x1048">1174.15dp</dimen>
    <dimen name="x1049">1175.27dp</dimen>
    <dimen name="x1050">1176.39dp</dimen>
    <dimen name="x1051">1177.51dp</dimen>
    <dimen name="x1052">1178.63dp</dimen>
    <dimen name="x1053">1179.75dp</dimen>
    <dimen name="x1054">1180.87dp</dimen>
    <dimen name="x1055">1181.99dp</dimen>
    <dimen name="x1056">1183.11dp</dimen>
    <dimen name="x1057">1184.23dp</dimen>
    <dimen name="x1058">1185.35dp</dimen>
    <dimen name="x1059">1186.47dp</dimen>
    <dimen name="x1060">1187.59dp</dimen>
    <dimen name="x1061">1188.71dp</dimen>
    <dimen name="x1062">1189.83dp</dimen>
    <dimen name="x1063">1190.95dp</dimen>
    <dimen name="x1064">1192.07dp</dimen>
    <dimen name="x1065">1193.19dp</dimen>
    <dimen name="x1066">1194.31dp</dimen>
    <dimen name="x1067">1195.44dp</dimen>
    <dimen name="x1068">1196.56dp</dimen>
    <dimen name="x1069">1197.68dp</dimen>
    <dimen name="x1070">1198.80dp</dimen>
    <dimen name="x1071">1199.92dp</dimen>
    <dimen name="x1072">1201.04dp</dimen>
    <dimen name="x1073">1202.16dp</dimen>
    <dimen name="x1074">1203.28dp</dimen>
    <dimen name="x1075">1204.40dp</dimen>
    <dimen name="x1076">1205.52dp</dimen>
    <dimen name="x1077">1206.64dp</dimen>
    <dimen name="x1078">1207.76dp</dimen>
    <dimen name="x1079">1208.88dp</dimen>
    <dimen name="x1080">1210.00dp</dimen>
</resources>