<?xml version="1.0" encoding="utf-8"?>
<resources>
    <string name="sw_dp">790dp</string>
    <dimen name="x1">0.73dp</dimen>
    <dimen name="x2">1.46dp</dimen>
    <dimen name="x3">2.19dp</dimen>
    <dimen name="x4">2.93dp</dimen>
    <dimen name="x5">3.66dp</dimen>
    <dimen name="x6">4.39dp</dimen>
    <dimen name="x7">5.12dp</dimen>
    <dimen name="x8">5.85dp</dimen>
    <dimen name="x9">6.58dp</dimen>
    <dimen name="x10">7.31dp</dimen>
    <dimen name="x11">8.05dp</dimen>
    <dimen name="x12">8.78dp</dimen>
    <dimen name="x13">9.51dp</dimen>
    <dimen name="x14">10.24dp</dimen>
    <dimen name="x15">10.97dp</dimen>
    <dimen name="x16">11.70dp</dimen>
    <dimen name="x17">12.44dp</dimen>
    <dimen name="x18">13.17dp</dimen>
    <dimen name="x19">13.90dp</dimen>
    <dimen name="x20">14.63dp</dimen>
    <dimen name="x21">15.36dp</dimen>
    <dimen name="x22">16.09dp</dimen>
    <dimen name="x23">16.82dp</dimen>
    <dimen name="x24">17.56dp</dimen>
    <dimen name="x25">18.29dp</dimen>
    <dimen name="x26">19.02dp</dimen>
    <dimen name="x27">19.75dp</dimen>
    <dimen name="x28">20.48dp</dimen>
    <dimen name="x29">21.21dp</dimen>
    <dimen name="x30">21.94dp</dimen>
    <dimen name="x31">22.68dp</dimen>
    <dimen name="x32">23.41dp</dimen>
    <dimen name="x33">24.14dp</dimen>
    <dimen name="x34">24.87dp</dimen>
    <dimen name="x35">25.60dp</dimen>
    <dimen name="x36">26.33dp</dimen>
    <dimen name="x37">27.06dp</dimen>
    <dimen name="x38">27.80dp</dimen>
    <dimen name="x39">28.53dp</dimen>
    <dimen name="x40">29.26dp</dimen>
    <dimen name="x41">29.99dp</dimen>
    <dimen name="x42">30.72dp</dimen>
    <dimen name="x43">31.45dp</dimen>
    <dimen name="x44">32.19dp</dimen>
    <dimen name="x45">32.92dp</dimen>
    <dimen name="x46">33.65dp</dimen>
    <dimen name="x47">34.38dp</dimen>
    <dimen name="x48">35.11dp</dimen>
    <dimen name="x49">35.84dp</dimen>
    <dimen name="x50">36.57dp</dimen>
    <dimen name="x51">37.31dp</dimen>
    <dimen name="x52">38.04dp</dimen>
    <dimen name="x53">38.77dp</dimen>
    <dimen name="x54">39.50dp</dimen>
    <dimen name="x55">40.23dp</dimen>
    <dimen name="x56">40.96dp</dimen>
    <dimen name="x57">41.69dp</dimen>
    <dimen name="x58">42.43dp</dimen>
    <dimen name="x59">43.16dp</dimen>
    <dimen name="x60">43.89dp</dimen>
    <dimen name="x61">44.62dp</dimen>
    <dimen name="x62">45.35dp</dimen>
    <dimen name="x63">46.08dp</dimen>
    <dimen name="x64">46.81dp</dimen>
    <dimen name="x65">47.55dp</dimen>
    <dimen name="x66">48.28dp</dimen>
    <dimen name="x67">49.01dp</dimen>
    <dimen name="x68">49.74dp</dimen>
    <dimen name="x69">50.47dp</dimen>
    <dimen name="x70">51.20dp</dimen>
    <dimen name="x71">51.94dp</dimen>
    <dimen name="x72">52.67dp</dimen>
    <dimen name="x73">53.40dp</dimen>
    <dimen name="x74">54.13dp</dimen>
    <dimen name="x75">54.86dp</dimen>
    <dimen name="x76">55.59dp</dimen>
    <dimen name="x77">56.32dp</dimen>
    <dimen name="x78">57.06dp</dimen>
    <dimen name="x79">57.79dp</dimen>
    <dimen name="x80">58.52dp</dimen>
    <dimen name="x81">59.25dp</dimen>
    <dimen name="x82">59.98dp</dimen>
    <dimen name="x83">60.71dp</dimen>
    <dimen name="x84">61.44dp</dimen>
    <dimen name="x85">62.18dp</dimen>
    <dimen name="x86">62.91dp</dimen>
    <dimen name="x87">63.64dp</dimen>
    <dimen name="x88">64.37dp</dimen>
    <dimen name="x89">65.10dp</dimen>
    <dimen name="x90">65.83dp</dimen>
    <dimen name="x91">66.56dp</dimen>
    <dimen name="x92">67.30dp</dimen>
    <dimen name="x93">68.03dp</dimen>
    <dimen name="x94">68.76dp</dimen>
    <dimen name="x95">69.49dp</dimen>
    <dimen name="x96">70.22dp</dimen>
    <dimen name="x97">70.95dp</dimen>
    <dimen name="x98">71.69dp</dimen>
    <dimen name="x99">72.42dp</dimen>
    <dimen name="x100">73.15dp</dimen>
    <dimen name="x101">73.88dp</dimen>
    <dimen name="x102">74.61dp</dimen>
    <dimen name="x103">75.34dp</dimen>
    <dimen name="x104">76.07dp</dimen>
    <dimen name="x105">76.81dp</dimen>
    <dimen name="x106">77.54dp</dimen>
    <dimen name="x107">78.27dp</dimen>
    <dimen name="x108">79.00dp</dimen>
    <dimen name="x109">79.73dp</dimen>
    <dimen name="x110">80.46dp</dimen>
    <dimen name="x111">81.19dp</dimen>
    <dimen name="x112">81.93dp</dimen>
    <dimen name="x113">82.66dp</dimen>
    <dimen name="x114">83.39dp</dimen>
    <dimen name="x115">84.12dp</dimen>
    <dimen name="x116">84.85dp</dimen>
    <dimen name="x117">85.58dp</dimen>
    <dimen name="x118">86.31dp</dimen>
    <dimen name="x119">87.05dp</dimen>
    <dimen name="x120">87.78dp</dimen>
    <dimen name="x121">88.51dp</dimen>
    <dimen name="x122">89.24dp</dimen>
    <dimen name="x123">89.97dp</dimen>
    <dimen name="x124">90.70dp</dimen>
    <dimen name="x125">91.44dp</dimen>
    <dimen name="x126">92.17dp</dimen>
    <dimen name="x127">92.90dp</dimen>
    <dimen name="x128">93.63dp</dimen>
    <dimen name="x129">94.36dp</dimen>
    <dimen name="x130">95.09dp</dimen>
    <dimen name="x131">95.82dp</dimen>
    <dimen name="x132">96.56dp</dimen>
    <dimen name="x133">97.29dp</dimen>
    <dimen name="x134">98.02dp</dimen>
    <dimen name="x135">98.75dp</dimen>
    <dimen name="x136">99.48dp</dimen>
    <dimen name="x137">100.21dp</dimen>
    <dimen name="x138">100.94dp</dimen>
    <dimen name="x139">101.68dp</dimen>
    <dimen name="x140">102.41dp</dimen>
    <dimen name="x141">103.14dp</dimen>
    <dimen name="x142">103.87dp</dimen>
    <dimen name="x143">104.60dp</dimen>
    <dimen name="x144">105.33dp</dimen>
    <dimen name="x145">106.06dp</dimen>
    <dimen name="x146">106.80dp</dimen>
    <dimen name="x147">107.53dp</dimen>
    <dimen name="x148">108.26dp</dimen>
    <dimen name="x149">108.99dp</dimen>
    <dimen name="x150">109.72dp</dimen>
    <dimen name="x151">110.45dp</dimen>
    <dimen name="x152">111.19dp</dimen>
    <dimen name="x153">111.92dp</dimen>
    <dimen name="x154">112.65dp</dimen>
    <dimen name="x155">113.38dp</dimen>
    <dimen name="x156">114.11dp</dimen>
    <dimen name="x157">114.84dp</dimen>
    <dimen name="x158">115.57dp</dimen>
    <dimen name="x159">116.31dp</dimen>
    <dimen name="x160">117.04dp</dimen>
    <dimen name="x161">117.77dp</dimen>
    <dimen name="x162">118.50dp</dimen>
    <dimen name="x163">119.23dp</dimen>
    <dimen name="x164">119.96dp</dimen>
    <dimen name="x165">120.69dp</dimen>
    <dimen name="x166">121.43dp</dimen>
    <dimen name="x167">122.16dp</dimen>
    <dimen name="x168">122.89dp</dimen>
    <dimen name="x169">123.62dp</dimen>
    <dimen name="x170">124.35dp</dimen>
    <dimen name="x171">125.08dp</dimen>
    <dimen name="x172">125.81dp</dimen>
    <dimen name="x173">126.55dp</dimen>
    <dimen name="x174">127.28dp</dimen>
    <dimen name="x175">128.01dp</dimen>
    <dimen name="x176">128.74dp</dimen>
    <dimen name="x177">129.47dp</dimen>
    <dimen name="x178">130.20dp</dimen>
    <dimen name="x179">130.94dp</dimen>
    <dimen name="x180">131.67dp</dimen>
    <dimen name="x181">132.40dp</dimen>
    <dimen name="x182">133.13dp</dimen>
    <dimen name="x183">133.86dp</dimen>
    <dimen name="x184">134.59dp</dimen>
    <dimen name="x185">135.32dp</dimen>
    <dimen name="x186">136.06dp</dimen>
    <dimen name="x187">136.79dp</dimen>
    <dimen name="x188">137.52dp</dimen>
    <dimen name="x189">138.25dp</dimen>
    <dimen name="x190">138.98dp</dimen>
    <dimen name="x191">139.71dp</dimen>
    <dimen name="x192">140.44dp</dimen>
    <dimen name="x193">141.18dp</dimen>
    <dimen name="x194">141.91dp</dimen>
    <dimen name="x195">142.64dp</dimen>
    <dimen name="x196">143.37dp</dimen>
    <dimen name="x197">144.10dp</dimen>
    <dimen name="x198">144.83dp</dimen>
    <dimen name="x199">145.56dp</dimen>
    <dimen name="x200">146.30dp</dimen>
    <dimen name="x201">147.03dp</dimen>
    <dimen name="x202">147.76dp</dimen>
    <dimen name="x203">148.49dp</dimen>
    <dimen name="x204">149.22dp</dimen>
    <dimen name="x205">149.95dp</dimen>
    <dimen name="x206">150.69dp</dimen>
    <dimen name="x207">151.42dp</dimen>
    <dimen name="x208">152.15dp</dimen>
    <dimen name="x209">152.88dp</dimen>
    <dimen name="x210">153.61dp</dimen>
    <dimen name="x211">154.34dp</dimen>
    <dimen name="x212">155.07dp</dimen>
    <dimen name="x213">155.81dp</dimen>
    <dimen name="x214">156.54dp</dimen>
    <dimen name="x215">157.27dp</dimen>
    <dimen name="x216">158.00dp</dimen>
    <dimen name="x217">158.73dp</dimen>
    <dimen name="x218">159.46dp</dimen>
    <dimen name="x219">160.19dp</dimen>
    <dimen name="x220">160.93dp</dimen>
    <dimen name="x221">161.66dp</dimen>
    <dimen name="x222">162.39dp</dimen>
    <dimen name="x223">163.12dp</dimen>
    <dimen name="x224">163.85dp</dimen>
    <dimen name="x225">164.58dp</dimen>
    <dimen name="x226">165.31dp</dimen>
    <dimen name="x227">166.05dp</dimen>
    <dimen name="x228">166.78dp</dimen>
    <dimen name="x229">167.51dp</dimen>
    <dimen name="x230">168.24dp</dimen>
    <dimen name="x231">168.97dp</dimen>
    <dimen name="x232">169.70dp</dimen>
    <dimen name="x233">170.44dp</dimen>
    <dimen name="x234">171.17dp</dimen>
    <dimen name="x235">171.90dp</dimen>
    <dimen name="x236">172.63dp</dimen>
    <dimen name="x237">173.36dp</dimen>
    <dimen name="x238">174.09dp</dimen>
    <dimen name="x239">174.82dp</dimen>
    <dimen name="x240">175.56dp</dimen>
    <dimen name="x241">176.29dp</dimen>
    <dimen name="x242">177.02dp</dimen>
    <dimen name="x243">177.75dp</dimen>
    <dimen name="x244">178.48dp</dimen>
    <dimen name="x245">179.21dp</dimen>
    <dimen name="x246">179.94dp</dimen>
    <dimen name="x247">180.68dp</dimen>
    <dimen name="x248">181.41dp</dimen>
    <dimen name="x249">182.14dp</dimen>
    <dimen name="x250">182.87dp</dimen>
    <dimen name="x251">183.60dp</dimen>
    <dimen name="x252">184.33dp</dimen>
    <dimen name="x253">185.06dp</dimen>
    <dimen name="x254">185.80dp</dimen>
    <dimen name="x255">186.53dp</dimen>
    <dimen name="x256">187.26dp</dimen>
    <dimen name="x257">187.99dp</dimen>
    <dimen name="x258">188.72dp</dimen>
    <dimen name="x259">189.45dp</dimen>
    <dimen name="x260">190.19dp</dimen>
    <dimen name="x261">190.92dp</dimen>
    <dimen name="x262">191.65dp</dimen>
    <dimen name="x263">192.38dp</dimen>
    <dimen name="x264">193.11dp</dimen>
    <dimen name="x265">193.84dp</dimen>
    <dimen name="x266">194.57dp</dimen>
    <dimen name="x267">195.31dp</dimen>
    <dimen name="x268">196.04dp</dimen>
    <dimen name="x269">196.77dp</dimen>
    <dimen name="x270">197.50dp</dimen>
    <dimen name="x271">198.23dp</dimen>
    <dimen name="x272">198.96dp</dimen>
    <dimen name="x273">199.69dp</dimen>
    <dimen name="x274">200.43dp</dimen>
    <dimen name="x275">201.16dp</dimen>
    <dimen name="x276">201.89dp</dimen>
    <dimen name="x277">202.62dp</dimen>
    <dimen name="x278">203.35dp</dimen>
    <dimen name="x279">204.08dp</dimen>
    <dimen name="x280">204.81dp</dimen>
    <dimen name="x281">205.55dp</dimen>
    <dimen name="x282">206.28dp</dimen>
    <dimen name="x283">207.01dp</dimen>
    <dimen name="x284">207.74dp</dimen>
    <dimen name="x285">208.47dp</dimen>
    <dimen name="x286">209.20dp</dimen>
    <dimen name="x287">209.94dp</dimen>
    <dimen name="x288">210.67dp</dimen>
    <dimen name="x289">211.40dp</dimen>
    <dimen name="x290">212.13dp</dimen>
    <dimen name="x291">212.86dp</dimen>
    <dimen name="x292">213.59dp</dimen>
    <dimen name="x293">214.32dp</dimen>
    <dimen name="x294">215.06dp</dimen>
    <dimen name="x295">215.79dp</dimen>
    <dimen name="x296">216.52dp</dimen>
    <dimen name="x297">217.25dp</dimen>
    <dimen name="x298">217.98dp</dimen>
    <dimen name="x299">218.71dp</dimen>
    <dimen name="x300">219.44dp</dimen>
    <dimen name="x301">220.18dp</dimen>
    <dimen name="x302">220.91dp</dimen>
    <dimen name="x303">221.64dp</dimen>
    <dimen name="x304">222.37dp</dimen>
    <dimen name="x305">223.10dp</dimen>
    <dimen name="x306">223.83dp</dimen>
    <dimen name="x307">224.56dp</dimen>
    <dimen name="x308">225.30dp</dimen>
    <dimen name="x309">226.03dp</dimen>
    <dimen name="x310">226.76dp</dimen>
    <dimen name="x311">227.49dp</dimen>
    <dimen name="x312">228.22dp</dimen>
    <dimen name="x313">228.95dp</dimen>
    <dimen name="x314">229.69dp</dimen>
    <dimen name="x315">230.42dp</dimen>
    <dimen name="x316">231.15dp</dimen>
    <dimen name="x317">231.88dp</dimen>
    <dimen name="x318">232.61dp</dimen>
    <dimen name="x319">233.34dp</dimen>
    <dimen name="x320">234.07dp</dimen>
    <dimen name="x321">234.81dp</dimen>
    <dimen name="x322">235.54dp</dimen>
    <dimen name="x323">236.27dp</dimen>
    <dimen name="x324">237.00dp</dimen>
    <dimen name="x325">237.73dp</dimen>
    <dimen name="x326">238.46dp</dimen>
    <dimen name="x327">239.19dp</dimen>
    <dimen name="x328">239.93dp</dimen>
    <dimen name="x329">240.66dp</dimen>
    <dimen name="x330">241.39dp</dimen>
    <dimen name="x331">242.12dp</dimen>
    <dimen name="x332">242.85dp</dimen>
    <dimen name="x333">243.58dp</dimen>
    <dimen name="x334">244.31dp</dimen>
    <dimen name="x335">245.05dp</dimen>
    <dimen name="x336">245.78dp</dimen>
    <dimen name="x337">246.51dp</dimen>
    <dimen name="x338">247.24dp</dimen>
    <dimen name="x339">247.97dp</dimen>
    <dimen name="x340">248.70dp</dimen>
    <dimen name="x341">249.44dp</dimen>
    <dimen name="x342">250.17dp</dimen>
    <dimen name="x343">250.90dp</dimen>
    <dimen name="x344">251.63dp</dimen>
    <dimen name="x345">252.36dp</dimen>
    <dimen name="x346">253.09dp</dimen>
    <dimen name="x347">253.82dp</dimen>
    <dimen name="x348">254.56dp</dimen>
    <dimen name="x349">255.29dp</dimen>
    <dimen name="x350">256.02dp</dimen>
    <dimen name="x351">256.75dp</dimen>
    <dimen name="x352">257.48dp</dimen>
    <dimen name="x353">258.21dp</dimen>
    <dimen name="x354">258.94dp</dimen>
    <dimen name="x355">259.68dp</dimen>
    <dimen name="x356">260.41dp</dimen>
    <dimen name="x357">261.14dp</dimen>
    <dimen name="x358">261.87dp</dimen>
    <dimen name="x359">262.60dp</dimen>
    <dimen name="x360">263.33dp</dimen>
    <dimen name="x361">264.06dp</dimen>
    <dimen name="x362">264.80dp</dimen>
    <dimen name="x363">265.53dp</dimen>
    <dimen name="x364">266.26dp</dimen>
    <dimen name="x365">266.99dp</dimen>
    <dimen name="x366">267.72dp</dimen>
    <dimen name="x367">268.45dp</dimen>
    <dimen name="x368">269.19dp</dimen>
    <dimen name="x369">269.92dp</dimen>
    <dimen name="x370">270.65dp</dimen>
    <dimen name="x371">271.38dp</dimen>
    <dimen name="x372">272.11dp</dimen>
    <dimen name="x373">272.84dp</dimen>
    <dimen name="x374">273.57dp</dimen>
    <dimen name="x375">274.31dp</dimen>
    <dimen name="x376">275.04dp</dimen>
    <dimen name="x377">275.77dp</dimen>
    <dimen name="x378">276.50dp</dimen>
    <dimen name="x379">277.23dp</dimen>
    <dimen name="x380">277.96dp</dimen>
    <dimen name="x381">278.69dp</dimen>
    <dimen name="x382">279.43dp</dimen>
    <dimen name="x383">280.16dp</dimen>
    <dimen name="x384">280.89dp</dimen>
    <dimen name="x385">281.62dp</dimen>
    <dimen name="x386">282.35dp</dimen>
    <dimen name="x387">283.08dp</dimen>
    <dimen name="x388">283.81dp</dimen>
    <dimen name="x389">284.55dp</dimen>
    <dimen name="x390">285.28dp</dimen>
    <dimen name="x391">286.01dp</dimen>
    <dimen name="x392">286.74dp</dimen>
    <dimen name="x393">287.47dp</dimen>
    <dimen name="x394">288.20dp</dimen>
    <dimen name="x395">288.94dp</dimen>
    <dimen name="x396">289.67dp</dimen>
    <dimen name="x397">290.40dp</dimen>
    <dimen name="x398">291.13dp</dimen>
    <dimen name="x399">291.86dp</dimen>
    <dimen name="x400">292.59dp</dimen>
    <dimen name="x401">293.32dp</dimen>
    <dimen name="x402">294.06dp</dimen>
    <dimen name="x403">294.79dp</dimen>
    <dimen name="x404">295.52dp</dimen>
    <dimen name="x405">296.25dp</dimen>
    <dimen name="x406">296.98dp</dimen>
    <dimen name="x407">297.71dp</dimen>
    <dimen name="x408">298.44dp</dimen>
    <dimen name="x409">299.18dp</dimen>
    <dimen name="x410">299.91dp</dimen>
    <dimen name="x411">300.64dp</dimen>
    <dimen name="x412">301.37dp</dimen>
    <dimen name="x413">302.10dp</dimen>
    <dimen name="x414">302.83dp</dimen>
    <dimen name="x415">303.56dp</dimen>
    <dimen name="x416">304.30dp</dimen>
    <dimen name="x417">305.03dp</dimen>
    <dimen name="x418">305.76dp</dimen>
    <dimen name="x419">306.49dp</dimen>
    <dimen name="x420">307.22dp</dimen>
    <dimen name="x421">307.95dp</dimen>
    <dimen name="x422">308.69dp</dimen>
    <dimen name="x423">309.42dp</dimen>
    <dimen name="x424">310.15dp</dimen>
    <dimen name="x425">310.88dp</dimen>
    <dimen name="x426">311.61dp</dimen>
    <dimen name="x427">312.34dp</dimen>
    <dimen name="x428">313.07dp</dimen>
    <dimen name="x429">313.81dp</dimen>
    <dimen name="x430">314.54dp</dimen>
    <dimen name="x431">315.27dp</dimen>
    <dimen name="x432">316.00dp</dimen>
    <dimen name="x433">316.73dp</dimen>
    <dimen name="x434">317.46dp</dimen>
    <dimen name="x435">318.19dp</dimen>
    <dimen name="x436">318.93dp</dimen>
    <dimen name="x437">319.66dp</dimen>
    <dimen name="x438">320.39dp</dimen>
    <dimen name="x439">321.12dp</dimen>
    <dimen name="x440">321.85dp</dimen>
    <dimen name="x441">322.58dp</dimen>
    <dimen name="x442">323.31dp</dimen>
    <dimen name="x443">324.05dp</dimen>
    <dimen name="x444">324.78dp</dimen>
    <dimen name="x445">325.51dp</dimen>
    <dimen name="x446">326.24dp</dimen>
    <dimen name="x447">326.97dp</dimen>
    <dimen name="x448">327.70dp</dimen>
    <dimen name="x449">328.44dp</dimen>
    <dimen name="x450">329.17dp</dimen>
    <dimen name="x451">329.90dp</dimen>
    <dimen name="x452">330.63dp</dimen>
    <dimen name="x453">331.36dp</dimen>
    <dimen name="x454">332.09dp</dimen>
    <dimen name="x455">332.82dp</dimen>
    <dimen name="x456">333.56dp</dimen>
    <dimen name="x457">334.29dp</dimen>
    <dimen name="x458">335.02dp</dimen>
    <dimen name="x459">335.75dp</dimen>
    <dimen name="x460">336.48dp</dimen>
    <dimen name="x461">337.21dp</dimen>
    <dimen name="x462">337.94dp</dimen>
    <dimen name="x463">338.68dp</dimen>
    <dimen name="x464">339.41dp</dimen>
    <dimen name="x465">340.14dp</dimen>
    <dimen name="x466">340.87dp</dimen>
    <dimen name="x467">341.60dp</dimen>
    <dimen name="x468">342.33dp</dimen>
    <dimen name="x469">343.06dp</dimen>
    <dimen name="x470">343.80dp</dimen>
    <dimen name="x471">344.53dp</dimen>
    <dimen name="x472">345.26dp</dimen>
    <dimen name="x473">345.99dp</dimen>
    <dimen name="x474">346.72dp</dimen>
    <dimen name="x475">347.45dp</dimen>
    <dimen name="x476">348.19dp</dimen>
    <dimen name="x477">348.92dp</dimen>
    <dimen name="x478">349.65dp</dimen>
    <dimen name="x479">350.38dp</dimen>
    <dimen name="x480">351.11dp</dimen>
    <dimen name="x481">351.84dp</dimen>
    <dimen name="x482">352.57dp</dimen>
    <dimen name="x483">353.31dp</dimen>
    <dimen name="x484">354.04dp</dimen>
    <dimen name="x485">354.77dp</dimen>
    <dimen name="x486">355.50dp</dimen>
    <dimen name="x487">356.23dp</dimen>
    <dimen name="x488">356.96dp</dimen>
    <dimen name="x489">357.69dp</dimen>
    <dimen name="x490">358.43dp</dimen>
    <dimen name="x491">359.16dp</dimen>
    <dimen name="x492">359.89dp</dimen>
    <dimen name="x493">360.62dp</dimen>
    <dimen name="x494">361.35dp</dimen>
    <dimen name="x495">362.08dp</dimen>
    <dimen name="x496">362.81dp</dimen>
    <dimen name="x497">363.55dp</dimen>
    <dimen name="x498">364.28dp</dimen>
    <dimen name="x499">365.01dp</dimen>
    <dimen name="x500">365.74dp</dimen>
    <dimen name="x501">366.47dp</dimen>
    <dimen name="x502">367.20dp</dimen>
    <dimen name="x503">367.94dp</dimen>
    <dimen name="x504">368.67dp</dimen>
    <dimen name="x505">369.40dp</dimen>
    <dimen name="x506">370.13dp</dimen>
    <dimen name="x507">370.86dp</dimen>
    <dimen name="x508">371.59dp</dimen>
    <dimen name="x509">372.32dp</dimen>
    <dimen name="x510">373.06dp</dimen>
    <dimen name="x511">373.79dp</dimen>
    <dimen name="x512">374.52dp</dimen>
    <dimen name="x513">375.25dp</dimen>
    <dimen name="x514">375.98dp</dimen>
    <dimen name="x515">376.71dp</dimen>
    <dimen name="x516">377.44dp</dimen>
    <dimen name="x517">378.18dp</dimen>
    <dimen name="x518">378.91dp</dimen>
    <dimen name="x519">379.64dp</dimen>
    <dimen name="x520">380.37dp</dimen>
    <dimen name="x521">381.10dp</dimen>
    <dimen name="x522">381.83dp</dimen>
    <dimen name="x523">382.56dp</dimen>
    <dimen name="x524">383.30dp</dimen>
    <dimen name="x525">384.03dp</dimen>
    <dimen name="x526">384.76dp</dimen>
    <dimen name="x527">385.49dp</dimen>
    <dimen name="x528">386.22dp</dimen>
    <dimen name="x529">386.95dp</dimen>
    <dimen name="x530">387.69dp</dimen>
    <dimen name="x531">388.42dp</dimen>
    <dimen name="x532">389.15dp</dimen>
    <dimen name="x533">389.88dp</dimen>
    <dimen name="x534">390.61dp</dimen>
    <dimen name="x535">391.34dp</dimen>
    <dimen name="x536">392.07dp</dimen>
    <dimen name="x537">392.81dp</dimen>
    <dimen name="x538">393.54dp</dimen>
    <dimen name="x539">394.27dp</dimen>
    <dimen name="x540">395.00dp</dimen>
    <dimen name="x541">395.73dp</dimen>
    <dimen name="x542">396.46dp</dimen>
    <dimen name="x543">397.19dp</dimen>
    <dimen name="x544">397.93dp</dimen>
    <dimen name="x545">398.66dp</dimen>
    <dimen name="x546">399.39dp</dimen>
    <dimen name="x547">400.12dp</dimen>
    <dimen name="x548">400.85dp</dimen>
    <dimen name="x549">401.58dp</dimen>
    <dimen name="x550">402.31dp</dimen>
    <dimen name="x551">403.05dp</dimen>
    <dimen name="x552">403.78dp</dimen>
    <dimen name="x553">404.51dp</dimen>
    <dimen name="x554">405.24dp</dimen>
    <dimen name="x555">405.97dp</dimen>
    <dimen name="x556">406.70dp</dimen>
    <dimen name="x557">407.44dp</dimen>
    <dimen name="x558">408.17dp</dimen>
    <dimen name="x559">408.90dp</dimen>
    <dimen name="x560">409.63dp</dimen>
    <dimen name="x561">410.36dp</dimen>
    <dimen name="x562">411.09dp</dimen>
    <dimen name="x563">411.82dp</dimen>
    <dimen name="x564">412.56dp</dimen>
    <dimen name="x565">413.29dp</dimen>
    <dimen name="x566">414.02dp</dimen>
    <dimen name="x567">414.75dp</dimen>
    <dimen name="x568">415.48dp</dimen>
    <dimen name="x569">416.21dp</dimen>
    <dimen name="x570">416.94dp</dimen>
    <dimen name="x571">417.68dp</dimen>
    <dimen name="x572">418.41dp</dimen>
    <dimen name="x573">419.14dp</dimen>
    <dimen name="x574">419.87dp</dimen>
    <dimen name="x575">420.60dp</dimen>
    <dimen name="x576">421.33dp</dimen>
    <dimen name="x577">422.06dp</dimen>
    <dimen name="x578">422.80dp</dimen>
    <dimen name="x579">423.53dp</dimen>
    <dimen name="x580">424.26dp</dimen>
    <dimen name="x581">424.99dp</dimen>
    <dimen name="x582">425.72dp</dimen>
    <dimen name="x583">426.45dp</dimen>
    <dimen name="x584">427.19dp</dimen>
    <dimen name="x585">427.92dp</dimen>
    <dimen name="x586">428.65dp</dimen>
    <dimen name="x587">429.38dp</dimen>
    <dimen name="x588">430.11dp</dimen>
    <dimen name="x589">430.84dp</dimen>
    <dimen name="x590">431.57dp</dimen>
    <dimen name="x591">432.31dp</dimen>
    <dimen name="x592">433.04dp</dimen>
    <dimen name="x593">433.77dp</dimen>
    <dimen name="x594">434.50dp</dimen>
    <dimen name="x595">435.23dp</dimen>
    <dimen name="x596">435.96dp</dimen>
    <dimen name="x597">436.69dp</dimen>
    <dimen name="x598">437.43dp</dimen>
    <dimen name="x599">438.16dp</dimen>
    <dimen name="x600">438.89dp</dimen>
    <dimen name="x601">439.62dp</dimen>
    <dimen name="x602">440.35dp</dimen>
    <dimen name="x603">441.08dp</dimen>
    <dimen name="x604">441.81dp</dimen>
    <dimen name="x605">442.55dp</dimen>
    <dimen name="x606">443.28dp</dimen>
    <dimen name="x607">444.01dp</dimen>
    <dimen name="x608">444.74dp</dimen>
    <dimen name="x609">445.47dp</dimen>
    <dimen name="x610">446.20dp</dimen>
    <dimen name="x611">446.94dp</dimen>
    <dimen name="x612">447.67dp</dimen>
    <dimen name="x613">448.40dp</dimen>
    <dimen name="x614">449.13dp</dimen>
    <dimen name="x615">449.86dp</dimen>
    <dimen name="x616">450.59dp</dimen>
    <dimen name="x617">451.32dp</dimen>
    <dimen name="x618">452.06dp</dimen>
    <dimen name="x619">452.79dp</dimen>
    <dimen name="x620">453.52dp</dimen>
    <dimen name="x621">454.25dp</dimen>
    <dimen name="x622">454.98dp</dimen>
    <dimen name="x623">455.71dp</dimen>
    <dimen name="x624">456.44dp</dimen>
    <dimen name="x625">457.18dp</dimen>
    <dimen name="x626">457.91dp</dimen>
    <dimen name="x627">458.64dp</dimen>
    <dimen name="x628">459.37dp</dimen>
    <dimen name="x629">460.10dp</dimen>
    <dimen name="x630">460.83dp</dimen>
    <dimen name="x631">461.56dp</dimen>
    <dimen name="x632">462.30dp</dimen>
    <dimen name="x633">463.03dp</dimen>
    <dimen name="x634">463.76dp</dimen>
    <dimen name="x635">464.49dp</dimen>
    <dimen name="x636">465.22dp</dimen>
    <dimen name="x637">465.95dp</dimen>
    <dimen name="x638">466.69dp</dimen>
    <dimen name="x639">467.42dp</dimen>
    <dimen name="x640">468.15dp</dimen>
    <dimen name="x641">468.88dp</dimen>
    <dimen name="x642">469.61dp</dimen>
    <dimen name="x643">470.34dp</dimen>
    <dimen name="x644">471.07dp</dimen>
    <dimen name="x645">471.81dp</dimen>
    <dimen name="x646">472.54dp</dimen>
    <dimen name="x647">473.27dp</dimen>
    <dimen name="x648">474.00dp</dimen>
    <dimen name="x649">474.73dp</dimen>
    <dimen name="x650">475.46dp</dimen>
    <dimen name="x651">476.19dp</dimen>
    <dimen name="x652">476.93dp</dimen>
    <dimen name="x653">477.66dp</dimen>
    <dimen name="x654">478.39dp</dimen>
    <dimen name="x655">479.12dp</dimen>
    <dimen name="x656">479.85dp</dimen>
    <dimen name="x657">480.58dp</dimen>
    <dimen name="x658">481.31dp</dimen>
    <dimen name="x659">482.05dp</dimen>
    <dimen name="x660">482.78dp</dimen>
    <dimen name="x661">483.51dp</dimen>
    <dimen name="x662">484.24dp</dimen>
    <dimen name="x663">484.97dp</dimen>
    <dimen name="x664">485.70dp</dimen>
    <dimen name="x665">486.44dp</dimen>
    <dimen name="x666">487.17dp</dimen>
    <dimen name="x667">487.90dp</dimen>
    <dimen name="x668">488.63dp</dimen>
    <dimen name="x669">489.36dp</dimen>
    <dimen name="x670">490.09dp</dimen>
    <dimen name="x671">490.82dp</dimen>
    <dimen name="x672">491.56dp</dimen>
    <dimen name="x673">492.29dp</dimen>
    <dimen name="x674">493.02dp</dimen>
    <dimen name="x675">493.75dp</dimen>
    <dimen name="x676">494.48dp</dimen>
    <dimen name="x677">495.21dp</dimen>
    <dimen name="x678">495.94dp</dimen>
    <dimen name="x679">496.68dp</dimen>
    <dimen name="x680">497.41dp</dimen>
    <dimen name="x681">498.14dp</dimen>
    <dimen name="x682">498.87dp</dimen>
    <dimen name="x683">499.60dp</dimen>
    <dimen name="x684">500.33dp</dimen>
    <dimen name="x685">501.06dp</dimen>
    <dimen name="x686">501.80dp</dimen>
    <dimen name="x687">502.53dp</dimen>
    <dimen name="x688">503.26dp</dimen>
    <dimen name="x689">503.99dp</dimen>
    <dimen name="x690">504.72dp</dimen>
    <dimen name="x691">505.45dp</dimen>
    <dimen name="x692">506.19dp</dimen>
    <dimen name="x693">506.92dp</dimen>
    <dimen name="x694">507.65dp</dimen>
    <dimen name="x695">508.38dp</dimen>
    <dimen name="x696">509.11dp</dimen>
    <dimen name="x697">509.84dp</dimen>
    <dimen name="x698">510.57dp</dimen>
    <dimen name="x699">511.31dp</dimen>
    <dimen name="x700">512.04dp</dimen>
    <dimen name="x701">512.77dp</dimen>
    <dimen name="x702">513.50dp</dimen>
    <dimen name="x703">514.23dp</dimen>
    <dimen name="x704">514.96dp</dimen>
    <dimen name="x705">515.69dp</dimen>
    <dimen name="x706">516.43dp</dimen>
    <dimen name="x707">517.16dp</dimen>
    <dimen name="x708">517.89dp</dimen>
    <dimen name="x709">518.62dp</dimen>
    <dimen name="x710">519.35dp</dimen>
    <dimen name="x711">520.08dp</dimen>
    <dimen name="x712">520.81dp</dimen>
    <dimen name="x713">521.55dp</dimen>
    <dimen name="x714">522.28dp</dimen>
    <dimen name="x715">523.01dp</dimen>
    <dimen name="x716">523.74dp</dimen>
    <dimen name="x717">524.47dp</dimen>
    <dimen name="x718">525.20dp</dimen>
    <dimen name="x719">525.94dp</dimen>
    <dimen name="x720">526.67dp</dimen>
    <dimen name="x721">527.40dp</dimen>
    <dimen name="x722">528.13dp</dimen>
    <dimen name="x723">528.86dp</dimen>
    <dimen name="x724">529.59dp</dimen>
    <dimen name="x725">530.32dp</dimen>
    <dimen name="x726">531.06dp</dimen>
    <dimen name="x727">531.79dp</dimen>
    <dimen name="x728">532.52dp</dimen>
    <dimen name="x729">533.25dp</dimen>
    <dimen name="x730">533.98dp</dimen>
    <dimen name="x731">534.71dp</dimen>
    <dimen name="x732">535.44dp</dimen>
    <dimen name="x733">536.18dp</dimen>
    <dimen name="x734">536.91dp</dimen>
    <dimen name="x735">537.64dp</dimen>
    <dimen name="x736">538.37dp</dimen>
    <dimen name="x737">539.10dp</dimen>
    <dimen name="x738">539.83dp</dimen>
    <dimen name="x739">540.56dp</dimen>
    <dimen name="x740">541.30dp</dimen>
    <dimen name="x741">542.03dp</dimen>
    <dimen name="x742">542.76dp</dimen>
    <dimen name="x743">543.49dp</dimen>
    <dimen name="x744">544.22dp</dimen>
    <dimen name="x745">544.95dp</dimen>
    <dimen name="x746">545.69dp</dimen>
    <dimen name="x747">546.42dp</dimen>
    <dimen name="x748">547.15dp</dimen>
    <dimen name="x749">547.88dp</dimen>
    <dimen name="x750">548.61dp</dimen>
    <dimen name="x751">549.34dp</dimen>
    <dimen name="x752">550.07dp</dimen>
    <dimen name="x753">550.81dp</dimen>
    <dimen name="x754">551.54dp</dimen>
    <dimen name="x755">552.27dp</dimen>
    <dimen name="x756">553.00dp</dimen>
    <dimen name="x757">553.73dp</dimen>
    <dimen name="x758">554.46dp</dimen>
    <dimen name="x759">555.19dp</dimen>
    <dimen name="x760">555.93dp</dimen>
    <dimen name="x761">556.66dp</dimen>
    <dimen name="x762">557.39dp</dimen>
    <dimen name="x763">558.12dp</dimen>
    <dimen name="x764">558.85dp</dimen>
    <dimen name="x765">559.58dp</dimen>
    <dimen name="x766">560.31dp</dimen>
    <dimen name="x767">561.05dp</dimen>
    <dimen name="x768">561.78dp</dimen>
    <dimen name="x769">562.51dp</dimen>
    <dimen name="x770">563.24dp</dimen>
    <dimen name="x771">563.97dp</dimen>
    <dimen name="x772">564.70dp</dimen>
    <dimen name="x773">565.44dp</dimen>
    <dimen name="x774">566.17dp</dimen>
    <dimen name="x775">566.90dp</dimen>
    <dimen name="x776">567.63dp</dimen>
    <dimen name="x777">568.36dp</dimen>
    <dimen name="x778">569.09dp</dimen>
    <dimen name="x779">569.82dp</dimen>
    <dimen name="x780">570.56dp</dimen>
    <dimen name="x781">571.29dp</dimen>
    <dimen name="x782">572.02dp</dimen>
    <dimen name="x783">572.75dp</dimen>
    <dimen name="x784">573.48dp</dimen>
    <dimen name="x785">574.21dp</dimen>
    <dimen name="x786">574.94dp</dimen>
    <dimen name="x787">575.68dp</dimen>
    <dimen name="x788">576.41dp</dimen>
    <dimen name="x789">577.14dp</dimen>
    <dimen name="x790">577.87dp</dimen>
    <dimen name="x791">578.60dp</dimen>
    <dimen name="x792">579.33dp</dimen>
    <dimen name="x793">580.06dp</dimen>
    <dimen name="x794">580.80dp</dimen>
    <dimen name="x795">581.53dp</dimen>
    <dimen name="x796">582.26dp</dimen>
    <dimen name="x797">582.99dp</dimen>
    <dimen name="x798">583.72dp</dimen>
    <dimen name="x799">584.45dp</dimen>
    <dimen name="x800">585.19dp</dimen>
    <dimen name="x801">585.92dp</dimen>
    <dimen name="x802">586.65dp</dimen>
    <dimen name="x803">587.38dp</dimen>
    <dimen name="x804">588.11dp</dimen>
    <dimen name="x805">588.84dp</dimen>
    <dimen name="x806">589.57dp</dimen>
    <dimen name="x807">590.31dp</dimen>
    <dimen name="x808">591.04dp</dimen>
    <dimen name="x809">591.77dp</dimen>
    <dimen name="x810">592.50dp</dimen>
    <dimen name="x811">593.23dp</dimen>
    <dimen name="x812">593.96dp</dimen>
    <dimen name="x813">594.69dp</dimen>
    <dimen name="x814">595.43dp</dimen>
    <dimen name="x815">596.16dp</dimen>
    <dimen name="x816">596.89dp</dimen>
    <dimen name="x817">597.62dp</dimen>
    <dimen name="x818">598.35dp</dimen>
    <dimen name="x819">599.08dp</dimen>
    <dimen name="x820">599.81dp</dimen>
    <dimen name="x821">600.55dp</dimen>
    <dimen name="x822">601.28dp</dimen>
    <dimen name="x823">602.01dp</dimen>
    <dimen name="x824">602.74dp</dimen>
    <dimen name="x825">603.47dp</dimen>
    <dimen name="x826">604.20dp</dimen>
    <dimen name="x827">604.94dp</dimen>
    <dimen name="x828">605.67dp</dimen>
    <dimen name="x829">606.40dp</dimen>
    <dimen name="x830">607.13dp</dimen>
    <dimen name="x831">607.86dp</dimen>
    <dimen name="x832">608.59dp</dimen>
    <dimen name="x833">609.32dp</dimen>
    <dimen name="x834">610.06dp</dimen>
    <dimen name="x835">610.79dp</dimen>
    <dimen name="x836">611.52dp</dimen>
    <dimen name="x837">612.25dp</dimen>
    <dimen name="x838">612.98dp</dimen>
    <dimen name="x839">613.71dp</dimen>
    <dimen name="x840">614.44dp</dimen>
    <dimen name="x841">615.18dp</dimen>
    <dimen name="x842">615.91dp</dimen>
    <dimen name="x843">616.64dp</dimen>
    <dimen name="x844">617.37dp</dimen>
    <dimen name="x845">618.10dp</dimen>
    <dimen name="x846">618.83dp</dimen>
    <dimen name="x847">619.56dp</dimen>
    <dimen name="x848">620.30dp</dimen>
    <dimen name="x849">621.03dp</dimen>
    <dimen name="x850">621.76dp</dimen>
    <dimen name="x851">622.49dp</dimen>
    <dimen name="x852">623.22dp</dimen>
    <dimen name="x853">623.95dp</dimen>
    <dimen name="x854">624.69dp</dimen>
    <dimen name="x855">625.42dp</dimen>
    <dimen name="x856">626.15dp</dimen>
    <dimen name="x857">626.88dp</dimen>
    <dimen name="x858">627.61dp</dimen>
    <dimen name="x859">628.34dp</dimen>
    <dimen name="x860">629.07dp</dimen>
    <dimen name="x861">629.81dp</dimen>
    <dimen name="x862">630.54dp</dimen>
    <dimen name="x863">631.27dp</dimen>
    <dimen name="x864">632.00dp</dimen>
    <dimen name="x865">632.73dp</dimen>
    <dimen name="x866">633.46dp</dimen>
    <dimen name="x867">634.19dp</dimen>
    <dimen name="x868">634.93dp</dimen>
    <dimen name="x869">635.66dp</dimen>
    <dimen name="x870">636.39dp</dimen>
    <dimen name="x871">637.12dp</dimen>
    <dimen name="x872">637.85dp</dimen>
    <dimen name="x873">638.58dp</dimen>
    <dimen name="x874">639.31dp</dimen>
    <dimen name="x875">640.05dp</dimen>
    <dimen name="x876">640.78dp</dimen>
    <dimen name="x877">641.51dp</dimen>
    <dimen name="x878">642.24dp</dimen>
    <dimen name="x879">642.97dp</dimen>
    <dimen name="x880">643.70dp</dimen>
    <dimen name="x881">644.44dp</dimen>
    <dimen name="x882">645.17dp</dimen>
    <dimen name="x883">645.90dp</dimen>
    <dimen name="x884">646.63dp</dimen>
    <dimen name="x885">647.36dp</dimen>
    <dimen name="x886">648.09dp</dimen>
    <dimen name="x887">648.82dp</dimen>
    <dimen name="x888">649.56dp</dimen>
    <dimen name="x889">650.29dp</dimen>
    <dimen name="x890">651.02dp</dimen>
    <dimen name="x891">651.75dp</dimen>
    <dimen name="x892">652.48dp</dimen>
    <dimen name="x893">653.21dp</dimen>
    <dimen name="x894">653.94dp</dimen>
    <dimen name="x895">654.68dp</dimen>
    <dimen name="x896">655.41dp</dimen>
    <dimen name="x897">656.14dp</dimen>
    <dimen name="x898">656.87dp</dimen>
    <dimen name="x899">657.60dp</dimen>
    <dimen name="x900">658.33dp</dimen>
    <dimen name="x901">659.06dp</dimen>
    <dimen name="x902">659.80dp</dimen>
    <dimen name="x903">660.53dp</dimen>
    <dimen name="x904">661.26dp</dimen>
    <dimen name="x905">661.99dp</dimen>
    <dimen name="x906">662.72dp</dimen>
    <dimen name="x907">663.45dp</dimen>
    <dimen name="x908">664.19dp</dimen>
    <dimen name="x909">664.92dp</dimen>
    <dimen name="x910">665.65dp</dimen>
    <dimen name="x911">666.38dp</dimen>
    <dimen name="x912">667.11dp</dimen>
    <dimen name="x913">667.84dp</dimen>
    <dimen name="x914">668.57dp</dimen>
    <dimen name="x915">669.31dp</dimen>
    <dimen name="x916">670.04dp</dimen>
    <dimen name="x917">670.77dp</dimen>
    <dimen name="x918">671.50dp</dimen>
    <dimen name="x919">672.23dp</dimen>
    <dimen name="x920">672.96dp</dimen>
    <dimen name="x921">673.69dp</dimen>
    <dimen name="x922">674.43dp</dimen>
    <dimen name="x923">675.16dp</dimen>
    <dimen name="x924">675.89dp</dimen>
    <dimen name="x925">676.62dp</dimen>
    <dimen name="x926">677.35dp</dimen>
    <dimen name="x927">678.08dp</dimen>
    <dimen name="x928">678.81dp</dimen>
    <dimen name="x929">679.55dp</dimen>
    <dimen name="x930">680.28dp</dimen>
    <dimen name="x931">681.01dp</dimen>
    <dimen name="x932">681.74dp</dimen>
    <dimen name="x933">682.47dp</dimen>
    <dimen name="x934">683.20dp</dimen>
    <dimen name="x935">683.94dp</dimen>
    <dimen name="x936">684.67dp</dimen>
    <dimen name="x937">685.40dp</dimen>
    <dimen name="x938">686.13dp</dimen>
    <dimen name="x939">686.86dp</dimen>
    <dimen name="x940">687.59dp</dimen>
    <dimen name="x941">688.32dp</dimen>
    <dimen name="x942">689.06dp</dimen>
    <dimen name="x943">689.79dp</dimen>
    <dimen name="x944">690.52dp</dimen>
    <dimen name="x945">691.25dp</dimen>
    <dimen name="x946">691.98dp</dimen>
    <dimen name="x947">692.71dp</dimen>
    <dimen name="x948">693.44dp</dimen>
    <dimen name="x949">694.18dp</dimen>
    <dimen name="x950">694.91dp</dimen>
    <dimen name="x951">695.64dp</dimen>
    <dimen name="x952">696.37dp</dimen>
    <dimen name="x953">697.10dp</dimen>
    <dimen name="x954">697.83dp</dimen>
    <dimen name="x955">698.56dp</dimen>
    <dimen name="x956">699.30dp</dimen>
    <dimen name="x957">700.03dp</dimen>
    <dimen name="x958">700.76dp</dimen>
    <dimen name="x959">701.49dp</dimen>
    <dimen name="x960">702.22dp</dimen>
    <dimen name="x961">702.95dp</dimen>
    <dimen name="x962">703.69dp</dimen>
    <dimen name="x963">704.42dp</dimen>
    <dimen name="x964">705.15dp</dimen>
    <dimen name="x965">705.88dp</dimen>
    <dimen name="x966">706.61dp</dimen>
    <dimen name="x967">707.34dp</dimen>
    <dimen name="x968">708.07dp</dimen>
    <dimen name="x969">708.81dp</dimen>
    <dimen name="x970">709.54dp</dimen>
    <dimen name="x971">710.27dp</dimen>
    <dimen name="x972">711.00dp</dimen>
    <dimen name="x973">711.73dp</dimen>
    <dimen name="x974">712.46dp</dimen>
    <dimen name="x975">713.19dp</dimen>
    <dimen name="x976">713.93dp</dimen>
    <dimen name="x977">714.66dp</dimen>
    <dimen name="x978">715.39dp</dimen>
    <dimen name="x979">716.12dp</dimen>
    <dimen name="x980">716.85dp</dimen>
    <dimen name="x981">717.58dp</dimen>
    <dimen name="x982">718.31dp</dimen>
    <dimen name="x983">719.05dp</dimen>
    <dimen name="x984">719.78dp</dimen>
    <dimen name="x985">720.51dp</dimen>
    <dimen name="x986">721.24dp</dimen>
    <dimen name="x987">721.97dp</dimen>
    <dimen name="x988">722.70dp</dimen>
    <dimen name="x989">723.44dp</dimen>
    <dimen name="x990">724.17dp</dimen>
    <dimen name="x991">724.90dp</dimen>
    <dimen name="x992">725.63dp</dimen>
    <dimen name="x993">726.36dp</dimen>
    <dimen name="x994">727.09dp</dimen>
    <dimen name="x995">727.82dp</dimen>
    <dimen name="x996">728.56dp</dimen>
    <dimen name="x997">729.29dp</dimen>
    <dimen name="x998">730.02dp</dimen>
    <dimen name="x999">730.75dp</dimen>
    <dimen name="x1000">731.48dp</dimen>
    <dimen name="x1001">732.21dp</dimen>
    <dimen name="x1002">732.94dp</dimen>
    <dimen name="x1003">733.68dp</dimen>
    <dimen name="x1004">734.41dp</dimen>
    <dimen name="x1005">735.14dp</dimen>
    <dimen name="x1006">735.87dp</dimen>
    <dimen name="x1007">736.60dp</dimen>
    <dimen name="x1008">737.33dp</dimen>
    <dimen name="x1009">738.06dp</dimen>
    <dimen name="x1010">738.80dp</dimen>
    <dimen name="x1011">739.53dp</dimen>
    <dimen name="x1012">740.26dp</dimen>
    <dimen name="x1013">740.99dp</dimen>
    <dimen name="x1014">741.72dp</dimen>
    <dimen name="x1015">742.45dp</dimen>
    <dimen name="x1016">743.19dp</dimen>
    <dimen name="x1017">743.92dp</dimen>
    <dimen name="x1018">744.65dp</dimen>
    <dimen name="x1019">745.38dp</dimen>
    <dimen name="x1020">746.11dp</dimen>
    <dimen name="x1021">746.84dp</dimen>
    <dimen name="x1022">747.57dp</dimen>
    <dimen name="x1023">748.31dp</dimen>
    <dimen name="x1024">749.04dp</dimen>
    <dimen name="x1025">749.77dp</dimen>
    <dimen name="x1026">750.50dp</dimen>
    <dimen name="x1027">751.23dp</dimen>
    <dimen name="x1028">751.96dp</dimen>
    <dimen name="x1029">752.69dp</dimen>
    <dimen name="x1030">753.43dp</dimen>
    <dimen name="x1031">754.16dp</dimen>
    <dimen name="x1032">754.89dp</dimen>
    <dimen name="x1033">755.62dp</dimen>
    <dimen name="x1034">756.35dp</dimen>
    <dimen name="x1035">757.08dp</dimen>
    <dimen name="x1036">757.81dp</dimen>
    <dimen name="x1037">758.55dp</dimen>
    <dimen name="x1038">759.28dp</dimen>
    <dimen name="x1039">760.01dp</dimen>
    <dimen name="x1040">760.74dp</dimen>
    <dimen name="x1041">761.47dp</dimen>
    <dimen name="x1042">762.20dp</dimen>
    <dimen name="x1043">762.94dp</dimen>
    <dimen name="x1044">763.67dp</dimen>
    <dimen name="x1045">764.40dp</dimen>
    <dimen name="x1046">765.13dp</dimen>
    <dimen name="x1047">765.86dp</dimen>
    <dimen name="x1048">766.59dp</dimen>
    <dimen name="x1049">767.32dp</dimen>
    <dimen name="x1050">768.06dp</dimen>
    <dimen name="x1051">768.79dp</dimen>
    <dimen name="x1052">769.52dp</dimen>
    <dimen name="x1053">770.25dp</dimen>
    <dimen name="x1054">770.98dp</dimen>
    <dimen name="x1055">771.71dp</dimen>
    <dimen name="x1056">772.44dp</dimen>
    <dimen name="x1057">773.18dp</dimen>
    <dimen name="x1058">773.91dp</dimen>
    <dimen name="x1059">774.64dp</dimen>
    <dimen name="x1060">775.37dp</dimen>
    <dimen name="x1061">776.10dp</dimen>
    <dimen name="x1062">776.83dp</dimen>
    <dimen name="x1063">777.56dp</dimen>
    <dimen name="x1064">778.30dp</dimen>
    <dimen name="x1065">779.03dp</dimen>
    <dimen name="x1066">779.76dp</dimen>
    <dimen name="x1067">780.49dp</dimen>
    <dimen name="x1068">781.22dp</dimen>
    <dimen name="x1069">781.95dp</dimen>
    <dimen name="x1070">782.69dp</dimen>
    <dimen name="x1071">783.42dp</dimen>
    <dimen name="x1072">784.15dp</dimen>
    <dimen name="x1073">784.88dp</dimen>
    <dimen name="x1074">785.61dp</dimen>
    <dimen name="x1075">786.34dp</dimen>
    <dimen name="x1076">787.07dp</dimen>
    <dimen name="x1077">787.81dp</dimen>
    <dimen name="x1078">788.54dp</dimen>
    <dimen name="x1079">789.27dp</dimen>
    <dimen name="x1080">790.00dp</dimen>
</resources>