<?xml version="1.0" encoding="utf-8"?>
<resources>
    <string name="sw_dp">1800dp</string>
    <dimen name="x1">1.67dp</dimen>
    <dimen name="x2">3.33dp</dimen>
    <dimen name="x3">5.00dp</dimen>
    <dimen name="x4">6.67dp</dimen>
    <dimen name="x5">8.33dp</dimen>
    <dimen name="x6">10.00dp</dimen>
    <dimen name="x7">11.67dp</dimen>
    <dimen name="x8">13.33dp</dimen>
    <dimen name="x9">15.00dp</dimen>
    <dimen name="x10">16.67dp</dimen>
    <dimen name="x11">18.33dp</dimen>
    <dimen name="x12">20.00dp</dimen>
    <dimen name="x13">21.67dp</dimen>
    <dimen name="x14">23.33dp</dimen>
    <dimen name="x15">25.00dp</dimen>
    <dimen name="x16">26.67dp</dimen>
    <dimen name="x17">28.33dp</dimen>
    <dimen name="x18">30.00dp</dimen>
    <dimen name="x19">31.67dp</dimen>
    <dimen name="x20">33.33dp</dimen>
    <dimen name="x21">35.00dp</dimen>
    <dimen name="x22">36.67dp</dimen>
    <dimen name="x23">38.33dp</dimen>
    <dimen name="x24">40.00dp</dimen>
    <dimen name="x25">41.67dp</dimen>
    <dimen name="x26">43.33dp</dimen>
    <dimen name="x27">45.00dp</dimen>
    <dimen name="x28">46.67dp</dimen>
    <dimen name="x29">48.33dp</dimen>
    <dimen name="x30">50.00dp</dimen>
    <dimen name="x31">51.67dp</dimen>
    <dimen name="x32">53.33dp</dimen>
    <dimen name="x33">55.00dp</dimen>
    <dimen name="x34">56.67dp</dimen>
    <dimen name="x35">58.33dp</dimen>
    <dimen name="x36">60.00dp</dimen>
    <dimen name="x37">61.67dp</dimen>
    <dimen name="x38">63.33dp</dimen>
    <dimen name="x39">65.00dp</dimen>
    <dimen name="x40">66.67dp</dimen>
    <dimen name="x41">68.33dp</dimen>
    <dimen name="x42">70.00dp</dimen>
    <dimen name="x43">71.67dp</dimen>
    <dimen name="x44">73.33dp</dimen>
    <dimen name="x45">75.00dp</dimen>
    <dimen name="x46">76.67dp</dimen>
    <dimen name="x47">78.33dp</dimen>
    <dimen name="x48">80.00dp</dimen>
    <dimen name="x49">81.67dp</dimen>
    <dimen name="x50">83.33dp</dimen>
    <dimen name="x51">85.00dp</dimen>
    <dimen name="x52">86.67dp</dimen>
    <dimen name="x53">88.33dp</dimen>
    <dimen name="x54">90.00dp</dimen>
    <dimen name="x55">91.67dp</dimen>
    <dimen name="x56">93.33dp</dimen>
    <dimen name="x57">95.00dp</dimen>
    <dimen name="x58">96.67dp</dimen>
    <dimen name="x59">98.33dp</dimen>
    <dimen name="x60">100.00dp</dimen>
    <dimen name="x61">101.67dp</dimen>
    <dimen name="x62">103.33dp</dimen>
    <dimen name="x63">105.00dp</dimen>
    <dimen name="x64">106.67dp</dimen>
    <dimen name="x65">108.33dp</dimen>
    <dimen name="x66">110.00dp</dimen>
    <dimen name="x67">111.67dp</dimen>
    <dimen name="x68">113.33dp</dimen>
    <dimen name="x69">115.00dp</dimen>
    <dimen name="x70">116.67dp</dimen>
    <dimen name="x71">118.33dp</dimen>
    <dimen name="x72">120.00dp</dimen>
    <dimen name="x73">121.67dp</dimen>
    <dimen name="x74">123.33dp</dimen>
    <dimen name="x75">125.00dp</dimen>
    <dimen name="x76">126.67dp</dimen>
    <dimen name="x77">128.33dp</dimen>
    <dimen name="x78">130.00dp</dimen>
    <dimen name="x79">131.67dp</dimen>
    <dimen name="x80">133.33dp</dimen>
    <dimen name="x81">135.00dp</dimen>
    <dimen name="x82">136.67dp</dimen>
    <dimen name="x83">138.33dp</dimen>
    <dimen name="x84">140.00dp</dimen>
    <dimen name="x85">141.67dp</dimen>
    <dimen name="x86">143.33dp</dimen>
    <dimen name="x87">145.00dp</dimen>
    <dimen name="x88">146.67dp</dimen>
    <dimen name="x89">148.33dp</dimen>
    <dimen name="x90">150.00dp</dimen>
    <dimen name="x91">151.67dp</dimen>
    <dimen name="x92">153.33dp</dimen>
    <dimen name="x93">155.00dp</dimen>
    <dimen name="x94">156.67dp</dimen>
    <dimen name="x95">158.33dp</dimen>
    <dimen name="x96">160.00dp</dimen>
    <dimen name="x97">161.67dp</dimen>
    <dimen name="x98">163.33dp</dimen>
    <dimen name="x99">165.00dp</dimen>
    <dimen name="x100">166.67dp</dimen>
    <dimen name="x101">168.33dp</dimen>
    <dimen name="x102">170.00dp</dimen>
    <dimen name="x103">171.67dp</dimen>
    <dimen name="x104">173.33dp</dimen>
    <dimen name="x105">175.00dp</dimen>
    <dimen name="x106">176.67dp</dimen>
    <dimen name="x107">178.33dp</dimen>
    <dimen name="x108">180.00dp</dimen>
    <dimen name="x109">181.67dp</dimen>
    <dimen name="x110">183.33dp</dimen>
    <dimen name="x111">185.00dp</dimen>
    <dimen name="x112">186.67dp</dimen>
    <dimen name="x113">188.33dp</dimen>
    <dimen name="x114">190.00dp</dimen>
    <dimen name="x115">191.67dp</dimen>
    <dimen name="x116">193.33dp</dimen>
    <dimen name="x117">195.00dp</dimen>
    <dimen name="x118">196.67dp</dimen>
    <dimen name="x119">198.33dp</dimen>
    <dimen name="x120">200.00dp</dimen>
    <dimen name="x121">201.67dp</dimen>
    <dimen name="x122">203.33dp</dimen>
    <dimen name="x123">205.00dp</dimen>
    <dimen name="x124">206.67dp</dimen>
    <dimen name="x125">208.33dp</dimen>
    <dimen name="x126">210.00dp</dimen>
    <dimen name="x127">211.67dp</dimen>
    <dimen name="x128">213.33dp</dimen>
    <dimen name="x129">215.00dp</dimen>
    <dimen name="x130">216.67dp</dimen>
    <dimen name="x131">218.33dp</dimen>
    <dimen name="x132">220.00dp</dimen>
    <dimen name="x133">221.67dp</dimen>
    <dimen name="x134">223.33dp</dimen>
    <dimen name="x135">225.00dp</dimen>
    <dimen name="x136">226.67dp</dimen>
    <dimen name="x137">228.33dp</dimen>
    <dimen name="x138">230.00dp</dimen>
    <dimen name="x139">231.67dp</dimen>
    <dimen name="x140">233.33dp</dimen>
    <dimen name="x141">235.00dp</dimen>
    <dimen name="x142">236.67dp</dimen>
    <dimen name="x143">238.33dp</dimen>
    <dimen name="x144">240.00dp</dimen>
    <dimen name="x145">241.67dp</dimen>
    <dimen name="x146">243.33dp</dimen>
    <dimen name="x147">245.00dp</dimen>
    <dimen name="x148">246.67dp</dimen>
    <dimen name="x149">248.33dp</dimen>
    <dimen name="x150">250.00dp</dimen>
    <dimen name="x151">251.67dp</dimen>
    <dimen name="x152">253.33dp</dimen>
    <dimen name="x153">255.00dp</dimen>
    <dimen name="x154">256.67dp</dimen>
    <dimen name="x155">258.33dp</dimen>
    <dimen name="x156">260.00dp</dimen>
    <dimen name="x157">261.67dp</dimen>
    <dimen name="x158">263.33dp</dimen>
    <dimen name="x159">265.00dp</dimen>
    <dimen name="x160">266.67dp</dimen>
    <dimen name="x161">268.33dp</dimen>
    <dimen name="x162">270.00dp</dimen>
    <dimen name="x163">271.67dp</dimen>
    <dimen name="x164">273.33dp</dimen>
    <dimen name="x165">275.00dp</dimen>
    <dimen name="x166">276.67dp</dimen>
    <dimen name="x167">278.33dp</dimen>
    <dimen name="x168">280.00dp</dimen>
    <dimen name="x169">281.67dp</dimen>
    <dimen name="x170">283.33dp</dimen>
    <dimen name="x171">285.00dp</dimen>
    <dimen name="x172">286.67dp</dimen>
    <dimen name="x173">288.33dp</dimen>
    <dimen name="x174">290.00dp</dimen>
    <dimen name="x175">291.67dp</dimen>
    <dimen name="x176">293.33dp</dimen>
    <dimen name="x177">295.00dp</dimen>
    <dimen name="x178">296.67dp</dimen>
    <dimen name="x179">298.33dp</dimen>
    <dimen name="x180">300.00dp</dimen>
    <dimen name="x181">301.67dp</dimen>
    <dimen name="x182">303.33dp</dimen>
    <dimen name="x183">305.00dp</dimen>
    <dimen name="x184">306.67dp</dimen>
    <dimen name="x185">308.33dp</dimen>
    <dimen name="x186">310.00dp</dimen>
    <dimen name="x187">311.67dp</dimen>
    <dimen name="x188">313.33dp</dimen>
    <dimen name="x189">315.00dp</dimen>
    <dimen name="x190">316.67dp</dimen>
    <dimen name="x191">318.33dp</dimen>
    <dimen name="x192">320.00dp</dimen>
    <dimen name="x193">321.67dp</dimen>
    <dimen name="x194">323.33dp</dimen>
    <dimen name="x195">325.00dp</dimen>
    <dimen name="x196">326.67dp</dimen>
    <dimen name="x197">328.33dp</dimen>
    <dimen name="x198">330.00dp</dimen>
    <dimen name="x199">331.67dp</dimen>
    <dimen name="x200">333.33dp</dimen>
    <dimen name="x201">335.00dp</dimen>
    <dimen name="x202">336.67dp</dimen>
    <dimen name="x203">338.33dp</dimen>
    <dimen name="x204">340.00dp</dimen>
    <dimen name="x205">341.67dp</dimen>
    <dimen name="x206">343.33dp</dimen>
    <dimen name="x207">345.00dp</dimen>
    <dimen name="x208">346.67dp</dimen>
    <dimen name="x209">348.33dp</dimen>
    <dimen name="x210">350.00dp</dimen>
    <dimen name="x211">351.67dp</dimen>
    <dimen name="x212">353.33dp</dimen>
    <dimen name="x213">355.00dp</dimen>
    <dimen name="x214">356.67dp</dimen>
    <dimen name="x215">358.33dp</dimen>
    <dimen name="x216">360.00dp</dimen>
    <dimen name="x217">361.67dp</dimen>
    <dimen name="x218">363.33dp</dimen>
    <dimen name="x219">365.00dp</dimen>
    <dimen name="x220">366.67dp</dimen>
    <dimen name="x221">368.33dp</dimen>
    <dimen name="x222">370.00dp</dimen>
    <dimen name="x223">371.67dp</dimen>
    <dimen name="x224">373.33dp</dimen>
    <dimen name="x225">375.00dp</dimen>
    <dimen name="x226">376.67dp</dimen>
    <dimen name="x227">378.33dp</dimen>
    <dimen name="x228">380.00dp</dimen>
    <dimen name="x229">381.67dp</dimen>
    <dimen name="x230">383.33dp</dimen>
    <dimen name="x231">385.00dp</dimen>
    <dimen name="x232">386.67dp</dimen>
    <dimen name="x233">388.33dp</dimen>
    <dimen name="x234">390.00dp</dimen>
    <dimen name="x235">391.67dp</dimen>
    <dimen name="x236">393.33dp</dimen>
    <dimen name="x237">395.00dp</dimen>
    <dimen name="x238">396.67dp</dimen>
    <dimen name="x239">398.33dp</dimen>
    <dimen name="x240">400.00dp</dimen>
    <dimen name="x241">401.67dp</dimen>
    <dimen name="x242">403.33dp</dimen>
    <dimen name="x243">405.00dp</dimen>
    <dimen name="x244">406.67dp</dimen>
    <dimen name="x245">408.33dp</dimen>
    <dimen name="x246">410.00dp</dimen>
    <dimen name="x247">411.67dp</dimen>
    <dimen name="x248">413.33dp</dimen>
    <dimen name="x249">415.00dp</dimen>
    <dimen name="x250">416.67dp</dimen>
    <dimen name="x251">418.33dp</dimen>
    <dimen name="x252">420.00dp</dimen>
    <dimen name="x253">421.67dp</dimen>
    <dimen name="x254">423.33dp</dimen>
    <dimen name="x255">425.00dp</dimen>
    <dimen name="x256">426.67dp</dimen>
    <dimen name="x257">428.33dp</dimen>
    <dimen name="x258">430.00dp</dimen>
    <dimen name="x259">431.67dp</dimen>
    <dimen name="x260">433.33dp</dimen>
    <dimen name="x261">435.00dp</dimen>
    <dimen name="x262">436.67dp</dimen>
    <dimen name="x263">438.33dp</dimen>
    <dimen name="x264">440.00dp</dimen>
    <dimen name="x265">441.67dp</dimen>
    <dimen name="x266">443.33dp</dimen>
    <dimen name="x267">445.00dp</dimen>
    <dimen name="x268">446.67dp</dimen>
    <dimen name="x269">448.33dp</dimen>
    <dimen name="x270">450.00dp</dimen>
    <dimen name="x271">451.67dp</dimen>
    <dimen name="x272">453.33dp</dimen>
    <dimen name="x273">455.00dp</dimen>
    <dimen name="x274">456.67dp</dimen>
    <dimen name="x275">458.33dp</dimen>
    <dimen name="x276">460.00dp</dimen>
    <dimen name="x277">461.67dp</dimen>
    <dimen name="x278">463.33dp</dimen>
    <dimen name="x279">465.00dp</dimen>
    <dimen name="x280">466.67dp</dimen>
    <dimen name="x281">468.33dp</dimen>
    <dimen name="x282">470.00dp</dimen>
    <dimen name="x283">471.67dp</dimen>
    <dimen name="x284">473.33dp</dimen>
    <dimen name="x285">475.00dp</dimen>
    <dimen name="x286">476.67dp</dimen>
    <dimen name="x287">478.33dp</dimen>
    <dimen name="x288">480.00dp</dimen>
    <dimen name="x289">481.67dp</dimen>
    <dimen name="x290">483.33dp</dimen>
    <dimen name="x291">485.00dp</dimen>
    <dimen name="x292">486.67dp</dimen>
    <dimen name="x293">488.33dp</dimen>
    <dimen name="x294">490.00dp</dimen>
    <dimen name="x295">491.67dp</dimen>
    <dimen name="x296">493.33dp</dimen>
    <dimen name="x297">495.00dp</dimen>
    <dimen name="x298">496.67dp</dimen>
    <dimen name="x299">498.33dp</dimen>
    <dimen name="x300">500.00dp</dimen>
    <dimen name="x301">501.67dp</dimen>
    <dimen name="x302">503.33dp</dimen>
    <dimen name="x303">505.00dp</dimen>
    <dimen name="x304">506.67dp</dimen>
    <dimen name="x305">508.33dp</dimen>
    <dimen name="x306">510.00dp</dimen>
    <dimen name="x307">511.67dp</dimen>
    <dimen name="x308">513.33dp</dimen>
    <dimen name="x309">515.00dp</dimen>
    <dimen name="x310">516.67dp</dimen>
    <dimen name="x311">518.33dp</dimen>
    <dimen name="x312">520.00dp</dimen>
    <dimen name="x313">521.67dp</dimen>
    <dimen name="x314">523.33dp</dimen>
    <dimen name="x315">525.00dp</dimen>
    <dimen name="x316">526.67dp</dimen>
    <dimen name="x317">528.33dp</dimen>
    <dimen name="x318">530.00dp</dimen>
    <dimen name="x319">531.67dp</dimen>
    <dimen name="x320">533.33dp</dimen>
    <dimen name="x321">535.00dp</dimen>
    <dimen name="x322">536.67dp</dimen>
    <dimen name="x323">538.33dp</dimen>
    <dimen name="x324">540.00dp</dimen>
    <dimen name="x325">541.67dp</dimen>
    <dimen name="x326">543.33dp</dimen>
    <dimen name="x327">545.00dp</dimen>
    <dimen name="x328">546.67dp</dimen>
    <dimen name="x329">548.33dp</dimen>
    <dimen name="x330">550.00dp</dimen>
    <dimen name="x331">551.67dp</dimen>
    <dimen name="x332">553.33dp</dimen>
    <dimen name="x333">555.00dp</dimen>
    <dimen name="x334">556.67dp</dimen>
    <dimen name="x335">558.33dp</dimen>
    <dimen name="x336">560.00dp</dimen>
    <dimen name="x337">561.67dp</dimen>
    <dimen name="x338">563.33dp</dimen>
    <dimen name="x339">565.00dp</dimen>
    <dimen name="x340">566.67dp</dimen>
    <dimen name="x341">568.33dp</dimen>
    <dimen name="x342">570.00dp</dimen>
    <dimen name="x343">571.67dp</dimen>
    <dimen name="x344">573.33dp</dimen>
    <dimen name="x345">575.00dp</dimen>
    <dimen name="x346">576.67dp</dimen>
    <dimen name="x347">578.33dp</dimen>
    <dimen name="x348">580.00dp</dimen>
    <dimen name="x349">581.67dp</dimen>
    <dimen name="x350">583.33dp</dimen>
    <dimen name="x351">585.00dp</dimen>
    <dimen name="x352">586.67dp</dimen>
    <dimen name="x353">588.33dp</dimen>
    <dimen name="x354">590.00dp</dimen>
    <dimen name="x355">591.67dp</dimen>
    <dimen name="x356">593.33dp</dimen>
    <dimen name="x357">595.00dp</dimen>
    <dimen name="x358">596.67dp</dimen>
    <dimen name="x359">598.33dp</dimen>
    <dimen name="x360">600.00dp</dimen>
    <dimen name="x361">601.67dp</dimen>
    <dimen name="x362">603.33dp</dimen>
    <dimen name="x363">605.00dp</dimen>
    <dimen name="x364">606.67dp</dimen>
    <dimen name="x365">608.33dp</dimen>
    <dimen name="x366">610.00dp</dimen>
    <dimen name="x367">611.67dp</dimen>
    <dimen name="x368">613.33dp</dimen>
    <dimen name="x369">615.00dp</dimen>
    <dimen name="x370">616.67dp</dimen>
    <dimen name="x371">618.33dp</dimen>
    <dimen name="x372">620.00dp</dimen>
    <dimen name="x373">621.67dp</dimen>
    <dimen name="x374">623.33dp</dimen>
    <dimen name="x375">625.00dp</dimen>
    <dimen name="x376">626.67dp</dimen>
    <dimen name="x377">628.33dp</dimen>
    <dimen name="x378">630.00dp</dimen>
    <dimen name="x379">631.67dp</dimen>
    <dimen name="x380">633.33dp</dimen>
    <dimen name="x381">635.00dp</dimen>
    <dimen name="x382">636.67dp</dimen>
    <dimen name="x383">638.33dp</dimen>
    <dimen name="x384">640.00dp</dimen>
    <dimen name="x385">641.67dp</dimen>
    <dimen name="x386">643.33dp</dimen>
    <dimen name="x387">645.00dp</dimen>
    <dimen name="x388">646.67dp</dimen>
    <dimen name="x389">648.33dp</dimen>
    <dimen name="x390">650.00dp</dimen>
    <dimen name="x391">651.67dp</dimen>
    <dimen name="x392">653.33dp</dimen>
    <dimen name="x393">655.00dp</dimen>
    <dimen name="x394">656.67dp</dimen>
    <dimen name="x395">658.33dp</dimen>
    <dimen name="x396">660.00dp</dimen>
    <dimen name="x397">661.67dp</dimen>
    <dimen name="x398">663.33dp</dimen>
    <dimen name="x399">665.00dp</dimen>
    <dimen name="x400">666.67dp</dimen>
    <dimen name="x401">668.33dp</dimen>
    <dimen name="x402">670.00dp</dimen>
    <dimen name="x403">671.67dp</dimen>
    <dimen name="x404">673.33dp</dimen>
    <dimen name="x405">675.00dp</dimen>
    <dimen name="x406">676.67dp</dimen>
    <dimen name="x407">678.33dp</dimen>
    <dimen name="x408">680.00dp</dimen>
    <dimen name="x409">681.67dp</dimen>
    <dimen name="x410">683.33dp</dimen>
    <dimen name="x411">685.00dp</dimen>
    <dimen name="x412">686.67dp</dimen>
    <dimen name="x413">688.33dp</dimen>
    <dimen name="x414">690.00dp</dimen>
    <dimen name="x415">691.67dp</dimen>
    <dimen name="x416">693.33dp</dimen>
    <dimen name="x417">695.00dp</dimen>
    <dimen name="x418">696.67dp</dimen>
    <dimen name="x419">698.33dp</dimen>
    <dimen name="x420">700.00dp</dimen>
    <dimen name="x421">701.67dp</dimen>
    <dimen name="x422">703.33dp</dimen>
    <dimen name="x423">705.00dp</dimen>
    <dimen name="x424">706.67dp</dimen>
    <dimen name="x425">708.33dp</dimen>
    <dimen name="x426">710.00dp</dimen>
    <dimen name="x427">711.67dp</dimen>
    <dimen name="x428">713.33dp</dimen>
    <dimen name="x429">715.00dp</dimen>
    <dimen name="x430">716.67dp</dimen>
    <dimen name="x431">718.33dp</dimen>
    <dimen name="x432">720.00dp</dimen>
    <dimen name="x433">721.67dp</dimen>
    <dimen name="x434">723.33dp</dimen>
    <dimen name="x435">725.00dp</dimen>
    <dimen name="x436">726.67dp</dimen>
    <dimen name="x437">728.33dp</dimen>
    <dimen name="x438">730.00dp</dimen>
    <dimen name="x439">731.67dp</dimen>
    <dimen name="x440">733.33dp</dimen>
    <dimen name="x441">735.00dp</dimen>
    <dimen name="x442">736.67dp</dimen>
    <dimen name="x443">738.33dp</dimen>
    <dimen name="x444">740.00dp</dimen>
    <dimen name="x445">741.67dp</dimen>
    <dimen name="x446">743.33dp</dimen>
    <dimen name="x447">745.00dp</dimen>
    <dimen name="x448">746.67dp</dimen>
    <dimen name="x449">748.33dp</dimen>
    <dimen name="x450">750.00dp</dimen>
    <dimen name="x451">751.67dp</dimen>
    <dimen name="x452">753.33dp</dimen>
    <dimen name="x453">755.00dp</dimen>
    <dimen name="x454">756.67dp</dimen>
    <dimen name="x455">758.33dp</dimen>
    <dimen name="x456">760.00dp</dimen>
    <dimen name="x457">761.67dp</dimen>
    <dimen name="x458">763.33dp</dimen>
    <dimen name="x459">765.00dp</dimen>
    <dimen name="x460">766.67dp</dimen>
    <dimen name="x461">768.33dp</dimen>
    <dimen name="x462">770.00dp</dimen>
    <dimen name="x463">771.67dp</dimen>
    <dimen name="x464">773.33dp</dimen>
    <dimen name="x465">775.00dp</dimen>
    <dimen name="x466">776.67dp</dimen>
    <dimen name="x467">778.33dp</dimen>
    <dimen name="x468">780.00dp</dimen>
    <dimen name="x469">781.67dp</dimen>
    <dimen name="x470">783.33dp</dimen>
    <dimen name="x471">785.00dp</dimen>
    <dimen name="x472">786.67dp</dimen>
    <dimen name="x473">788.33dp</dimen>
    <dimen name="x474">790.00dp</dimen>
    <dimen name="x475">791.67dp</dimen>
    <dimen name="x476">793.33dp</dimen>
    <dimen name="x477">795.00dp</dimen>
    <dimen name="x478">796.67dp</dimen>
    <dimen name="x479">798.33dp</dimen>
    <dimen name="x480">800.00dp</dimen>
    <dimen name="x481">801.67dp</dimen>
    <dimen name="x482">803.33dp</dimen>
    <dimen name="x483">805.00dp</dimen>
    <dimen name="x484">806.67dp</dimen>
    <dimen name="x485">808.33dp</dimen>
    <dimen name="x486">810.00dp</dimen>
    <dimen name="x487">811.67dp</dimen>
    <dimen name="x488">813.33dp</dimen>
    <dimen name="x489">815.00dp</dimen>
    <dimen name="x490">816.67dp</dimen>
    <dimen name="x491">818.33dp</dimen>
    <dimen name="x492">820.00dp</dimen>
    <dimen name="x493">821.67dp</dimen>
    <dimen name="x494">823.33dp</dimen>
    <dimen name="x495">825.00dp</dimen>
    <dimen name="x496">826.67dp</dimen>
    <dimen name="x497">828.33dp</dimen>
    <dimen name="x498">830.00dp</dimen>
    <dimen name="x499">831.67dp</dimen>
    <dimen name="x500">833.33dp</dimen>
    <dimen name="x501">835.00dp</dimen>
    <dimen name="x502">836.67dp</dimen>
    <dimen name="x503">838.33dp</dimen>
    <dimen name="x504">840.00dp</dimen>
    <dimen name="x505">841.67dp</dimen>
    <dimen name="x506">843.33dp</dimen>
    <dimen name="x507">845.00dp</dimen>
    <dimen name="x508">846.67dp</dimen>
    <dimen name="x509">848.33dp</dimen>
    <dimen name="x510">850.00dp</dimen>
    <dimen name="x511">851.67dp</dimen>
    <dimen name="x512">853.33dp</dimen>
    <dimen name="x513">855.00dp</dimen>
    <dimen name="x514">856.67dp</dimen>
    <dimen name="x515">858.33dp</dimen>
    <dimen name="x516">860.00dp</dimen>
    <dimen name="x517">861.67dp</dimen>
    <dimen name="x518">863.33dp</dimen>
    <dimen name="x519">865.00dp</dimen>
    <dimen name="x520">866.67dp</dimen>
    <dimen name="x521">868.33dp</dimen>
    <dimen name="x522">870.00dp</dimen>
    <dimen name="x523">871.67dp</dimen>
    <dimen name="x524">873.33dp</dimen>
    <dimen name="x525">875.00dp</dimen>
    <dimen name="x526">876.67dp</dimen>
    <dimen name="x527">878.33dp</dimen>
    <dimen name="x528">880.00dp</dimen>
    <dimen name="x529">881.67dp</dimen>
    <dimen name="x530">883.33dp</dimen>
    <dimen name="x531">885.00dp</dimen>
    <dimen name="x532">886.67dp</dimen>
    <dimen name="x533">888.33dp</dimen>
    <dimen name="x534">890.00dp</dimen>
    <dimen name="x535">891.67dp</dimen>
    <dimen name="x536">893.33dp</dimen>
    <dimen name="x537">895.00dp</dimen>
    <dimen name="x538">896.67dp</dimen>
    <dimen name="x539">898.33dp</dimen>
    <dimen name="x540">900.00dp</dimen>
    <dimen name="x541">901.67dp</dimen>
    <dimen name="x542">903.33dp</dimen>
    <dimen name="x543">905.00dp</dimen>
    <dimen name="x544">906.67dp</dimen>
    <dimen name="x545">908.33dp</dimen>
    <dimen name="x546">910.00dp</dimen>
    <dimen name="x547">911.67dp</dimen>
    <dimen name="x548">913.33dp</dimen>
    <dimen name="x549">915.00dp</dimen>
    <dimen name="x550">916.67dp</dimen>
    <dimen name="x551">918.33dp</dimen>
    <dimen name="x552">920.00dp</dimen>
    <dimen name="x553">921.67dp</dimen>
    <dimen name="x554">923.33dp</dimen>
    <dimen name="x555">925.00dp</dimen>
    <dimen name="x556">926.67dp</dimen>
    <dimen name="x557">928.33dp</dimen>
    <dimen name="x558">930.00dp</dimen>
    <dimen name="x559">931.67dp</dimen>
    <dimen name="x560">933.33dp</dimen>
    <dimen name="x561">935.00dp</dimen>
    <dimen name="x562">936.67dp</dimen>
    <dimen name="x563">938.33dp</dimen>
    <dimen name="x564">940.00dp</dimen>
    <dimen name="x565">941.67dp</dimen>
    <dimen name="x566">943.33dp</dimen>
    <dimen name="x567">945.00dp</dimen>
    <dimen name="x568">946.67dp</dimen>
    <dimen name="x569">948.33dp</dimen>
    <dimen name="x570">950.00dp</dimen>
    <dimen name="x571">951.67dp</dimen>
    <dimen name="x572">953.33dp</dimen>
    <dimen name="x573">955.00dp</dimen>
    <dimen name="x574">956.67dp</dimen>
    <dimen name="x575">958.33dp</dimen>
    <dimen name="x576">960.00dp</dimen>
    <dimen name="x577">961.67dp</dimen>
    <dimen name="x578">963.33dp</dimen>
    <dimen name="x579">965.00dp</dimen>
    <dimen name="x580">966.67dp</dimen>
    <dimen name="x581">968.33dp</dimen>
    <dimen name="x582">970.00dp</dimen>
    <dimen name="x583">971.67dp</dimen>
    <dimen name="x584">973.33dp</dimen>
    <dimen name="x585">975.00dp</dimen>
    <dimen name="x586">976.67dp</dimen>
    <dimen name="x587">978.33dp</dimen>
    <dimen name="x588">980.00dp</dimen>
    <dimen name="x589">981.67dp</dimen>
    <dimen name="x590">983.33dp</dimen>
    <dimen name="x591">985.00dp</dimen>
    <dimen name="x592">986.67dp</dimen>
    <dimen name="x593">988.33dp</dimen>
    <dimen name="x594">990.00dp</dimen>
    <dimen name="x595">991.67dp</dimen>
    <dimen name="x596">993.33dp</dimen>
    <dimen name="x597">995.00dp</dimen>
    <dimen name="x598">996.67dp</dimen>
    <dimen name="x599">998.33dp</dimen>
    <dimen name="x600">1000.00dp</dimen>
    <dimen name="x601">1001.67dp</dimen>
    <dimen name="x602">1003.33dp</dimen>
    <dimen name="x603">1005.00dp</dimen>
    <dimen name="x604">1006.67dp</dimen>
    <dimen name="x605">1008.33dp</dimen>
    <dimen name="x606">1010.00dp</dimen>
    <dimen name="x607">1011.67dp</dimen>
    <dimen name="x608">1013.33dp</dimen>
    <dimen name="x609">1015.00dp</dimen>
    <dimen name="x610">1016.67dp</dimen>
    <dimen name="x611">1018.33dp</dimen>
    <dimen name="x612">1020.00dp</dimen>
    <dimen name="x613">1021.67dp</dimen>
    <dimen name="x614">1023.33dp</dimen>
    <dimen name="x615">1025.00dp</dimen>
    <dimen name="x616">1026.67dp</dimen>
    <dimen name="x617">1028.33dp</dimen>
    <dimen name="x618">1030.00dp</dimen>
    <dimen name="x619">1031.67dp</dimen>
    <dimen name="x620">1033.33dp</dimen>
    <dimen name="x621">1035.00dp</dimen>
    <dimen name="x622">1036.67dp</dimen>
    <dimen name="x623">1038.33dp</dimen>
    <dimen name="x624">1040.00dp</dimen>
    <dimen name="x625">1041.67dp</dimen>
    <dimen name="x626">1043.33dp</dimen>
    <dimen name="x627">1045.00dp</dimen>
    <dimen name="x628">1046.67dp</dimen>
    <dimen name="x629">1048.33dp</dimen>
    <dimen name="x630">1050.00dp</dimen>
    <dimen name="x631">1051.67dp</dimen>
    <dimen name="x632">1053.33dp</dimen>
    <dimen name="x633">1055.00dp</dimen>
    <dimen name="x634">1056.67dp</dimen>
    <dimen name="x635">1058.33dp</dimen>
    <dimen name="x636">1060.00dp</dimen>
    <dimen name="x637">1061.67dp</dimen>
    <dimen name="x638">1063.33dp</dimen>
    <dimen name="x639">1065.00dp</dimen>
    <dimen name="x640">1066.67dp</dimen>
    <dimen name="x641">1068.33dp</dimen>
    <dimen name="x642">1070.00dp</dimen>
    <dimen name="x643">1071.67dp</dimen>
    <dimen name="x644">1073.33dp</dimen>
    <dimen name="x645">1075.00dp</dimen>
    <dimen name="x646">1076.67dp</dimen>
    <dimen name="x647">1078.33dp</dimen>
    <dimen name="x648">1080.00dp</dimen>
    <dimen name="x649">1081.67dp</dimen>
    <dimen name="x650">1083.33dp</dimen>
    <dimen name="x651">1085.00dp</dimen>
    <dimen name="x652">1086.67dp</dimen>
    <dimen name="x653">1088.33dp</dimen>
    <dimen name="x654">1090.00dp</dimen>
    <dimen name="x655">1091.67dp</dimen>
    <dimen name="x656">1093.33dp</dimen>
    <dimen name="x657">1095.00dp</dimen>
    <dimen name="x658">1096.67dp</dimen>
    <dimen name="x659">1098.33dp</dimen>
    <dimen name="x660">1100.00dp</dimen>
    <dimen name="x661">1101.67dp</dimen>
    <dimen name="x662">1103.33dp</dimen>
    <dimen name="x663">1105.00dp</dimen>
    <dimen name="x664">1106.67dp</dimen>
    <dimen name="x665">1108.33dp</dimen>
    <dimen name="x666">1110.00dp</dimen>
    <dimen name="x667">1111.67dp</dimen>
    <dimen name="x668">1113.33dp</dimen>
    <dimen name="x669">1115.00dp</dimen>
    <dimen name="x670">1116.67dp</dimen>
    <dimen name="x671">1118.33dp</dimen>
    <dimen name="x672">1120.00dp</dimen>
    <dimen name="x673">1121.67dp</dimen>
    <dimen name="x674">1123.33dp</dimen>
    <dimen name="x675">1125.00dp</dimen>
    <dimen name="x676">1126.67dp</dimen>
    <dimen name="x677">1128.33dp</dimen>
    <dimen name="x678">1130.00dp</dimen>
    <dimen name="x679">1131.67dp</dimen>
    <dimen name="x680">1133.33dp</dimen>
    <dimen name="x681">1135.00dp</dimen>
    <dimen name="x682">1136.67dp</dimen>
    <dimen name="x683">1138.33dp</dimen>
    <dimen name="x684">1140.00dp</dimen>
    <dimen name="x685">1141.67dp</dimen>
    <dimen name="x686">1143.33dp</dimen>
    <dimen name="x687">1145.00dp</dimen>
    <dimen name="x688">1146.67dp</dimen>
    <dimen name="x689">1148.33dp</dimen>
    <dimen name="x690">1150.00dp</dimen>
    <dimen name="x691">1151.67dp</dimen>
    <dimen name="x692">1153.33dp</dimen>
    <dimen name="x693">1155.00dp</dimen>
    <dimen name="x694">1156.67dp</dimen>
    <dimen name="x695">1158.33dp</dimen>
    <dimen name="x696">1160.00dp</dimen>
    <dimen name="x697">1161.67dp</dimen>
    <dimen name="x698">1163.33dp</dimen>
    <dimen name="x699">1165.00dp</dimen>
    <dimen name="x700">1166.67dp</dimen>
    <dimen name="x701">1168.33dp</dimen>
    <dimen name="x702">1170.00dp</dimen>
    <dimen name="x703">1171.67dp</dimen>
    <dimen name="x704">1173.33dp</dimen>
    <dimen name="x705">1175.00dp</dimen>
    <dimen name="x706">1176.67dp</dimen>
    <dimen name="x707">1178.33dp</dimen>
    <dimen name="x708">1180.00dp</dimen>
    <dimen name="x709">1181.67dp</dimen>
    <dimen name="x710">1183.33dp</dimen>
    <dimen name="x711">1185.00dp</dimen>
    <dimen name="x712">1186.67dp</dimen>
    <dimen name="x713">1188.33dp</dimen>
    <dimen name="x714">1190.00dp</dimen>
    <dimen name="x715">1191.67dp</dimen>
    <dimen name="x716">1193.33dp</dimen>
    <dimen name="x717">1195.00dp</dimen>
    <dimen name="x718">1196.67dp</dimen>
    <dimen name="x719">1198.33dp</dimen>
    <dimen name="x720">1200.00dp</dimen>
    <dimen name="x721">1201.67dp</dimen>
    <dimen name="x722">1203.33dp</dimen>
    <dimen name="x723">1205.00dp</dimen>
    <dimen name="x724">1206.67dp</dimen>
    <dimen name="x725">1208.33dp</dimen>
    <dimen name="x726">1210.00dp</dimen>
    <dimen name="x727">1211.67dp</dimen>
    <dimen name="x728">1213.33dp</dimen>
    <dimen name="x729">1215.00dp</dimen>
    <dimen name="x730">1216.67dp</dimen>
    <dimen name="x731">1218.33dp</dimen>
    <dimen name="x732">1220.00dp</dimen>
    <dimen name="x733">1221.67dp</dimen>
    <dimen name="x734">1223.33dp</dimen>
    <dimen name="x735">1225.00dp</dimen>
    <dimen name="x736">1226.67dp</dimen>
    <dimen name="x737">1228.33dp</dimen>
    <dimen name="x738">1230.00dp</dimen>
    <dimen name="x739">1231.67dp</dimen>
    <dimen name="x740">1233.33dp</dimen>
    <dimen name="x741">1235.00dp</dimen>
    <dimen name="x742">1236.67dp</dimen>
    <dimen name="x743">1238.33dp</dimen>
    <dimen name="x744">1240.00dp</dimen>
    <dimen name="x745">1241.67dp</dimen>
    <dimen name="x746">1243.33dp</dimen>
    <dimen name="x747">1245.00dp</dimen>
    <dimen name="x748">1246.67dp</dimen>
    <dimen name="x749">1248.33dp</dimen>
    <dimen name="x750">1250.00dp</dimen>
    <dimen name="x751">1251.67dp</dimen>
    <dimen name="x752">1253.33dp</dimen>
    <dimen name="x753">1255.00dp</dimen>
    <dimen name="x754">1256.67dp</dimen>
    <dimen name="x755">1258.33dp</dimen>
    <dimen name="x756">1260.00dp</dimen>
    <dimen name="x757">1261.67dp</dimen>
    <dimen name="x758">1263.33dp</dimen>
    <dimen name="x759">1265.00dp</dimen>
    <dimen name="x760">1266.67dp</dimen>
    <dimen name="x761">1268.33dp</dimen>
    <dimen name="x762">1270.00dp</dimen>
    <dimen name="x763">1271.67dp</dimen>
    <dimen name="x764">1273.33dp</dimen>
    <dimen name="x765">1275.00dp</dimen>
    <dimen name="x766">1276.67dp</dimen>
    <dimen name="x767">1278.33dp</dimen>
    <dimen name="x768">1280.00dp</dimen>
    <dimen name="x769">1281.67dp</dimen>
    <dimen name="x770">1283.33dp</dimen>
    <dimen name="x771">1285.00dp</dimen>
    <dimen name="x772">1286.67dp</dimen>
    <dimen name="x773">1288.33dp</dimen>
    <dimen name="x774">1290.00dp</dimen>
    <dimen name="x775">1291.67dp</dimen>
    <dimen name="x776">1293.33dp</dimen>
    <dimen name="x777">1295.00dp</dimen>
    <dimen name="x778">1296.67dp</dimen>
    <dimen name="x779">1298.33dp</dimen>
    <dimen name="x780">1300.00dp</dimen>
    <dimen name="x781">1301.67dp</dimen>
    <dimen name="x782">1303.33dp</dimen>
    <dimen name="x783">1305.00dp</dimen>
    <dimen name="x784">1306.67dp</dimen>
    <dimen name="x785">1308.33dp</dimen>
    <dimen name="x786">1310.00dp</dimen>
    <dimen name="x787">1311.67dp</dimen>
    <dimen name="x788">1313.33dp</dimen>
    <dimen name="x789">1315.00dp</dimen>
    <dimen name="x790">1316.67dp</dimen>
    <dimen name="x791">1318.33dp</dimen>
    <dimen name="x792">1320.00dp</dimen>
    <dimen name="x793">1321.67dp</dimen>
    <dimen name="x794">1323.33dp</dimen>
    <dimen name="x795">1325.00dp</dimen>
    <dimen name="x796">1326.67dp</dimen>
    <dimen name="x797">1328.33dp</dimen>
    <dimen name="x798">1330.00dp</dimen>
    <dimen name="x799">1331.67dp</dimen>
    <dimen name="x800">1333.33dp</dimen>
    <dimen name="x801">1335.00dp</dimen>
    <dimen name="x802">1336.67dp</dimen>
    <dimen name="x803">1338.33dp</dimen>
    <dimen name="x804">1340.00dp</dimen>
    <dimen name="x805">1341.67dp</dimen>
    <dimen name="x806">1343.33dp</dimen>
    <dimen name="x807">1345.00dp</dimen>
    <dimen name="x808">1346.67dp</dimen>
    <dimen name="x809">1348.33dp</dimen>
    <dimen name="x810">1350.00dp</dimen>
    <dimen name="x811">1351.67dp</dimen>
    <dimen name="x812">1353.33dp</dimen>
    <dimen name="x813">1355.00dp</dimen>
    <dimen name="x814">1356.67dp</dimen>
    <dimen name="x815">1358.33dp</dimen>
    <dimen name="x816">1360.00dp</dimen>
    <dimen name="x817">1361.67dp</dimen>
    <dimen name="x818">1363.33dp</dimen>
    <dimen name="x819">1365.00dp</dimen>
    <dimen name="x820">1366.67dp</dimen>
    <dimen name="x821">1368.33dp</dimen>
    <dimen name="x822">1370.00dp</dimen>
    <dimen name="x823">1371.67dp</dimen>
    <dimen name="x824">1373.33dp</dimen>
    <dimen name="x825">1375.00dp</dimen>
    <dimen name="x826">1376.67dp</dimen>
    <dimen name="x827">1378.33dp</dimen>
    <dimen name="x828">1380.00dp</dimen>
    <dimen name="x829">1381.67dp</dimen>
    <dimen name="x830">1383.33dp</dimen>
    <dimen name="x831">1385.00dp</dimen>
    <dimen name="x832">1386.67dp</dimen>
    <dimen name="x833">1388.33dp</dimen>
    <dimen name="x834">1390.00dp</dimen>
    <dimen name="x835">1391.67dp</dimen>
    <dimen name="x836">1393.33dp</dimen>
    <dimen name="x837">1395.00dp</dimen>
    <dimen name="x838">1396.67dp</dimen>
    <dimen name="x839">1398.33dp</dimen>
    <dimen name="x840">1400.00dp</dimen>
    <dimen name="x841">1401.67dp</dimen>
    <dimen name="x842">1403.33dp</dimen>
    <dimen name="x843">1405.00dp</dimen>
    <dimen name="x844">1406.67dp</dimen>
    <dimen name="x845">1408.33dp</dimen>
    <dimen name="x846">1410.00dp</dimen>
    <dimen name="x847">1411.67dp</dimen>
    <dimen name="x848">1413.33dp</dimen>
    <dimen name="x849">1415.00dp</dimen>
    <dimen name="x850">1416.67dp</dimen>
    <dimen name="x851">1418.33dp</dimen>
    <dimen name="x852">1420.00dp</dimen>
    <dimen name="x853">1421.67dp</dimen>
    <dimen name="x854">1423.33dp</dimen>
    <dimen name="x855">1425.00dp</dimen>
    <dimen name="x856">1426.67dp</dimen>
    <dimen name="x857">1428.33dp</dimen>
    <dimen name="x858">1430.00dp</dimen>
    <dimen name="x859">1431.67dp</dimen>
    <dimen name="x860">1433.33dp</dimen>
    <dimen name="x861">1435.00dp</dimen>
    <dimen name="x862">1436.67dp</dimen>
    <dimen name="x863">1438.33dp</dimen>
    <dimen name="x864">1440.00dp</dimen>
    <dimen name="x865">1441.67dp</dimen>
    <dimen name="x866">1443.33dp</dimen>
    <dimen name="x867">1445.00dp</dimen>
    <dimen name="x868">1446.67dp</dimen>
    <dimen name="x869">1448.33dp</dimen>
    <dimen name="x870">1450.00dp</dimen>
    <dimen name="x871">1451.67dp</dimen>
    <dimen name="x872">1453.33dp</dimen>
    <dimen name="x873">1455.00dp</dimen>
    <dimen name="x874">1456.67dp</dimen>
    <dimen name="x875">1458.33dp</dimen>
    <dimen name="x876">1460.00dp</dimen>
    <dimen name="x877">1461.67dp</dimen>
    <dimen name="x878">1463.33dp</dimen>
    <dimen name="x879">1465.00dp</dimen>
    <dimen name="x880">1466.67dp</dimen>
    <dimen name="x881">1468.33dp</dimen>
    <dimen name="x882">1470.00dp</dimen>
    <dimen name="x883">1471.67dp</dimen>
    <dimen name="x884">1473.33dp</dimen>
    <dimen name="x885">1475.00dp</dimen>
    <dimen name="x886">1476.67dp</dimen>
    <dimen name="x887">1478.33dp</dimen>
    <dimen name="x888">1480.00dp</dimen>
    <dimen name="x889">1481.67dp</dimen>
    <dimen name="x890">1483.33dp</dimen>
    <dimen name="x891">1485.00dp</dimen>
    <dimen name="x892">1486.67dp</dimen>
    <dimen name="x893">1488.33dp</dimen>
    <dimen name="x894">1490.00dp</dimen>
    <dimen name="x895">1491.67dp</dimen>
    <dimen name="x896">1493.33dp</dimen>
    <dimen name="x897">1495.00dp</dimen>
    <dimen name="x898">1496.67dp</dimen>
    <dimen name="x899">1498.33dp</dimen>
    <dimen name="x900">1500.00dp</dimen>
    <dimen name="x901">1501.67dp</dimen>
    <dimen name="x902">1503.33dp</dimen>
    <dimen name="x903">1505.00dp</dimen>
    <dimen name="x904">1506.67dp</dimen>
    <dimen name="x905">1508.33dp</dimen>
    <dimen name="x906">1510.00dp</dimen>
    <dimen name="x907">1511.67dp</dimen>
    <dimen name="x908">1513.33dp</dimen>
    <dimen name="x909">1515.00dp</dimen>
    <dimen name="x910">1516.67dp</dimen>
    <dimen name="x911">1518.33dp</dimen>
    <dimen name="x912">1520.00dp</dimen>
    <dimen name="x913">1521.67dp</dimen>
    <dimen name="x914">1523.33dp</dimen>
    <dimen name="x915">1525.00dp</dimen>
    <dimen name="x916">1526.67dp</dimen>
    <dimen name="x917">1528.33dp</dimen>
    <dimen name="x918">1530.00dp</dimen>
    <dimen name="x919">1531.67dp</dimen>
    <dimen name="x920">1533.33dp</dimen>
    <dimen name="x921">1535.00dp</dimen>
    <dimen name="x922">1536.67dp</dimen>
    <dimen name="x923">1538.33dp</dimen>
    <dimen name="x924">1540.00dp</dimen>
    <dimen name="x925">1541.67dp</dimen>
    <dimen name="x926">1543.33dp</dimen>
    <dimen name="x927">1545.00dp</dimen>
    <dimen name="x928">1546.67dp</dimen>
    <dimen name="x929">1548.33dp</dimen>
    <dimen name="x930">1550.00dp</dimen>
    <dimen name="x931">1551.67dp</dimen>
    <dimen name="x932">1553.33dp</dimen>
    <dimen name="x933">1555.00dp</dimen>
    <dimen name="x934">1556.67dp</dimen>
    <dimen name="x935">1558.33dp</dimen>
    <dimen name="x936">1560.00dp</dimen>
    <dimen name="x937">1561.67dp</dimen>
    <dimen name="x938">1563.33dp</dimen>
    <dimen name="x939">1565.00dp</dimen>
    <dimen name="x940">1566.67dp</dimen>
    <dimen name="x941">1568.33dp</dimen>
    <dimen name="x942">1570.00dp</dimen>
    <dimen name="x943">1571.67dp</dimen>
    <dimen name="x944">1573.33dp</dimen>
    <dimen name="x945">1575.00dp</dimen>
    <dimen name="x946">1576.67dp</dimen>
    <dimen name="x947">1578.33dp</dimen>
    <dimen name="x948">1580.00dp</dimen>
    <dimen name="x949">1581.67dp</dimen>
    <dimen name="x950">1583.33dp</dimen>
    <dimen name="x951">1585.00dp</dimen>
    <dimen name="x952">1586.67dp</dimen>
    <dimen name="x953">1588.33dp</dimen>
    <dimen name="x954">1590.00dp</dimen>
    <dimen name="x955">1591.67dp</dimen>
    <dimen name="x956">1593.33dp</dimen>
    <dimen name="x957">1595.00dp</dimen>
    <dimen name="x958">1596.67dp</dimen>
    <dimen name="x959">1598.33dp</dimen>
    <dimen name="x960">1600.00dp</dimen>
    <dimen name="x961">1601.67dp</dimen>
    <dimen name="x962">1603.33dp</dimen>
    <dimen name="x963">1605.00dp</dimen>
    <dimen name="x964">1606.67dp</dimen>
    <dimen name="x965">1608.33dp</dimen>
    <dimen name="x966">1610.00dp</dimen>
    <dimen name="x967">1611.67dp</dimen>
    <dimen name="x968">1613.33dp</dimen>
    <dimen name="x969">1615.00dp</dimen>
    <dimen name="x970">1616.67dp</dimen>
    <dimen name="x971">1618.33dp</dimen>
    <dimen name="x972">1620.00dp</dimen>
    <dimen name="x973">1621.67dp</dimen>
    <dimen name="x974">1623.33dp</dimen>
    <dimen name="x975">1625.00dp</dimen>
    <dimen name="x976">1626.67dp</dimen>
    <dimen name="x977">1628.33dp</dimen>
    <dimen name="x978">1630.00dp</dimen>
    <dimen name="x979">1631.67dp</dimen>
    <dimen name="x980">1633.33dp</dimen>
    <dimen name="x981">1635.00dp</dimen>
    <dimen name="x982">1636.67dp</dimen>
    <dimen name="x983">1638.33dp</dimen>
    <dimen name="x984">1640.00dp</dimen>
    <dimen name="x985">1641.67dp</dimen>
    <dimen name="x986">1643.33dp</dimen>
    <dimen name="x987">1645.00dp</dimen>
    <dimen name="x988">1646.67dp</dimen>
    <dimen name="x989">1648.33dp</dimen>
    <dimen name="x990">1650.00dp</dimen>
    <dimen name="x991">1651.67dp</dimen>
    <dimen name="x992">1653.33dp</dimen>
    <dimen name="x993">1655.00dp</dimen>
    <dimen name="x994">1656.67dp</dimen>
    <dimen name="x995">1658.33dp</dimen>
    <dimen name="x996">1660.00dp</dimen>
    <dimen name="x997">1661.67dp</dimen>
    <dimen name="x998">1663.33dp</dimen>
    <dimen name="x999">1665.00dp</dimen>
    <dimen name="x1000">1666.67dp</dimen>
    <dimen name="x1001">1668.33dp</dimen>
    <dimen name="x1002">1670.00dp</dimen>
    <dimen name="x1003">1671.67dp</dimen>
    <dimen name="x1004">1673.33dp</dimen>
    <dimen name="x1005">1675.00dp</dimen>
    <dimen name="x1006">1676.67dp</dimen>
    <dimen name="x1007">1678.33dp</dimen>
    <dimen name="x1008">1680.00dp</dimen>
    <dimen name="x1009">1681.67dp</dimen>
    <dimen name="x1010">1683.33dp</dimen>
    <dimen name="x1011">1685.00dp</dimen>
    <dimen name="x1012">1686.67dp</dimen>
    <dimen name="x1013">1688.33dp</dimen>
    <dimen name="x1014">1690.00dp</dimen>
    <dimen name="x1015">1691.67dp</dimen>
    <dimen name="x1016">1693.33dp</dimen>
    <dimen name="x1017">1695.00dp</dimen>
    <dimen name="x1018">1696.67dp</dimen>
    <dimen name="x1019">1698.33dp</dimen>
    <dimen name="x1020">1700.00dp</dimen>
    <dimen name="x1021">1701.67dp</dimen>
    <dimen name="x1022">1703.33dp</dimen>
    <dimen name="x1023">1705.00dp</dimen>
    <dimen name="x1024">1706.67dp</dimen>
    <dimen name="x1025">1708.33dp</dimen>
    <dimen name="x1026">1710.00dp</dimen>
    <dimen name="x1027">1711.67dp</dimen>
    <dimen name="x1028">1713.33dp</dimen>
    <dimen name="x1029">1715.00dp</dimen>
    <dimen name="x1030">1716.67dp</dimen>
    <dimen name="x1031">1718.33dp</dimen>
    <dimen name="x1032">1720.00dp</dimen>
    <dimen name="x1033">1721.67dp</dimen>
    <dimen name="x1034">1723.33dp</dimen>
    <dimen name="x1035">1725.00dp</dimen>
    <dimen name="x1036">1726.67dp</dimen>
    <dimen name="x1037">1728.33dp</dimen>
    <dimen name="x1038">1730.00dp</dimen>
    <dimen name="x1039">1731.67dp</dimen>
    <dimen name="x1040">1733.33dp</dimen>
    <dimen name="x1041">1735.00dp</dimen>
    <dimen name="x1042">1736.67dp</dimen>
    <dimen name="x1043">1738.33dp</dimen>
    <dimen name="x1044">1740.00dp</dimen>
    <dimen name="x1045">1741.67dp</dimen>
    <dimen name="x1046">1743.33dp</dimen>
    <dimen name="x1047">1745.00dp</dimen>
    <dimen name="x1048">1746.67dp</dimen>
    <dimen name="x1049">1748.33dp</dimen>
    <dimen name="x1050">1750.00dp</dimen>
    <dimen name="x1051">1751.67dp</dimen>
    <dimen name="x1052">1753.33dp</dimen>
    <dimen name="x1053">1755.00dp</dimen>
    <dimen name="x1054">1756.67dp</dimen>
    <dimen name="x1055">1758.33dp</dimen>
    <dimen name="x1056">1760.00dp</dimen>
    <dimen name="x1057">1761.67dp</dimen>
    <dimen name="x1058">1763.33dp</dimen>
    <dimen name="x1059">1765.00dp</dimen>
    <dimen name="x1060">1766.67dp</dimen>
    <dimen name="x1061">1768.33dp</dimen>
    <dimen name="x1062">1770.00dp</dimen>
    <dimen name="x1063">1771.67dp</dimen>
    <dimen name="x1064">1773.33dp</dimen>
    <dimen name="x1065">1775.00dp</dimen>
    <dimen name="x1066">1776.67dp</dimen>
    <dimen name="x1067">1778.33dp</dimen>
    <dimen name="x1068">1780.00dp</dimen>
    <dimen name="x1069">1781.67dp</dimen>
    <dimen name="x1070">1783.33dp</dimen>
    <dimen name="x1071">1785.00dp</dimen>
    <dimen name="x1072">1786.67dp</dimen>
    <dimen name="x1073">1788.33dp</dimen>
    <dimen name="x1074">1790.00dp</dimen>
    <dimen name="x1075">1791.67dp</dimen>
    <dimen name="x1076">1793.33dp</dimen>
    <dimen name="x1077">1795.00dp</dimen>
    <dimen name="x1078">1796.67dp</dimen>
    <dimen name="x1079">1798.33dp</dimen>
    <dimen name="x1080">1800.00dp</dimen>
</resources>