<?xml version="1.0" encoding="utf-8"?>
<resources>
    <string name="sw_dp">1430dp</string>
    <dimen name="x1">1.32dp</dimen>
    <dimen name="x2">2.65dp</dimen>
    <dimen name="x3">3.97dp</dimen>
    <dimen name="x4">5.30dp</dimen>
    <dimen name="x5">6.62dp</dimen>
    <dimen name="x6">7.94dp</dimen>
    <dimen name="x7">9.27dp</dimen>
    <dimen name="x8">10.59dp</dimen>
    <dimen name="x9">11.92dp</dimen>
    <dimen name="x10">13.24dp</dimen>
    <dimen name="x11">14.56dp</dimen>
    <dimen name="x12">15.89dp</dimen>
    <dimen name="x13">17.21dp</dimen>
    <dimen name="x14">18.54dp</dimen>
    <dimen name="x15">19.86dp</dimen>
    <dimen name="x16">21.19dp</dimen>
    <dimen name="x17">22.51dp</dimen>
    <dimen name="x18">23.83dp</dimen>
    <dimen name="x19">25.16dp</dimen>
    <dimen name="x20">26.48dp</dimen>
    <dimen name="x21">27.81dp</dimen>
    <dimen name="x22">29.13dp</dimen>
    <dimen name="x23">30.45dp</dimen>
    <dimen name="x24">31.78dp</dimen>
    <dimen name="x25">33.10dp</dimen>
    <dimen name="x26">34.43dp</dimen>
    <dimen name="x27">35.75dp</dimen>
    <dimen name="x28">37.07dp</dimen>
    <dimen name="x29">38.40dp</dimen>
    <dimen name="x30">39.72dp</dimen>
    <dimen name="x31">41.05dp</dimen>
    <dimen name="x32">42.37dp</dimen>
    <dimen name="x33">43.69dp</dimen>
    <dimen name="x34">45.02dp</dimen>
    <dimen name="x35">46.34dp</dimen>
    <dimen name="x36">47.67dp</dimen>
    <dimen name="x37">48.99dp</dimen>
    <dimen name="x38">50.31dp</dimen>
    <dimen name="x39">51.64dp</dimen>
    <dimen name="x40">52.96dp</dimen>
    <dimen name="x41">54.29dp</dimen>
    <dimen name="x42">55.61dp</dimen>
    <dimen name="x43">56.94dp</dimen>
    <dimen name="x44">58.26dp</dimen>
    <dimen name="x45">59.58dp</dimen>
    <dimen name="x46">60.91dp</dimen>
    <dimen name="x47">62.23dp</dimen>
    <dimen name="x48">63.56dp</dimen>
    <dimen name="x49">64.88dp</dimen>
    <dimen name="x50">66.20dp</dimen>
    <dimen name="x51">67.53dp</dimen>
    <dimen name="x52">68.85dp</dimen>
    <dimen name="x53">70.18dp</dimen>
    <dimen name="x54">71.50dp</dimen>
    <dimen name="x55">72.82dp</dimen>
    <dimen name="x56">74.15dp</dimen>
    <dimen name="x57">75.47dp</dimen>
    <dimen name="x58">76.80dp</dimen>
    <dimen name="x59">78.12dp</dimen>
    <dimen name="x60">79.44dp</dimen>
    <dimen name="x61">80.77dp</dimen>
    <dimen name="x62">82.09dp</dimen>
    <dimen name="x63">83.42dp</dimen>
    <dimen name="x64">84.74dp</dimen>
    <dimen name="x65">86.06dp</dimen>
    <dimen name="x66">87.39dp</dimen>
    <dimen name="x67">88.71dp</dimen>
    <dimen name="x68">90.04dp</dimen>
    <dimen name="x69">91.36dp</dimen>
    <dimen name="x70">92.69dp</dimen>
    <dimen name="x71">94.01dp</dimen>
    <dimen name="x72">95.33dp</dimen>
    <dimen name="x73">96.66dp</dimen>
    <dimen name="x74">97.98dp</dimen>
    <dimen name="x75">99.31dp</dimen>
    <dimen name="x76">100.63dp</dimen>
    <dimen name="x77">101.95dp</dimen>
    <dimen name="x78">103.28dp</dimen>
    <dimen name="x79">104.60dp</dimen>
    <dimen name="x80">105.93dp</dimen>
    <dimen name="x81">107.25dp</dimen>
    <dimen name="x82">108.57dp</dimen>
    <dimen name="x83">109.90dp</dimen>
    <dimen name="x84">111.22dp</dimen>
    <dimen name="x85">112.55dp</dimen>
    <dimen name="x86">113.87dp</dimen>
    <dimen name="x87">115.19dp</dimen>
    <dimen name="x88">116.52dp</dimen>
    <dimen name="x89">117.84dp</dimen>
    <dimen name="x90">119.17dp</dimen>
    <dimen name="x91">120.49dp</dimen>
    <dimen name="x92">121.81dp</dimen>
    <dimen name="x93">123.14dp</dimen>
    <dimen name="x94">124.46dp</dimen>
    <dimen name="x95">125.79dp</dimen>
    <dimen name="x96">127.11dp</dimen>
    <dimen name="x97">128.44dp</dimen>
    <dimen name="x98">129.76dp</dimen>
    <dimen name="x99">131.08dp</dimen>
    <dimen name="x100">132.41dp</dimen>
    <dimen name="x101">133.73dp</dimen>
    <dimen name="x102">135.06dp</dimen>
    <dimen name="x103">136.38dp</dimen>
    <dimen name="x104">137.70dp</dimen>
    <dimen name="x105">139.03dp</dimen>
    <dimen name="x106">140.35dp</dimen>
    <dimen name="x107">141.68dp</dimen>
    <dimen name="x108">143.00dp</dimen>
    <dimen name="x109">144.32dp</dimen>
    <dimen name="x110">145.65dp</dimen>
    <dimen name="x111">146.97dp</dimen>
    <dimen name="x112">148.30dp</dimen>
    <dimen name="x113">149.62dp</dimen>
    <dimen name="x114">150.94dp</dimen>
    <dimen name="x115">152.27dp</dimen>
    <dimen name="x116">153.59dp</dimen>
    <dimen name="x117">154.92dp</dimen>
    <dimen name="x118">156.24dp</dimen>
    <dimen name="x119">157.56dp</dimen>
    <dimen name="x120">158.89dp</dimen>
    <dimen name="x121">160.21dp</dimen>
    <dimen name="x122">161.54dp</dimen>
    <dimen name="x123">162.86dp</dimen>
    <dimen name="x124">164.19dp</dimen>
    <dimen name="x125">165.51dp</dimen>
    <dimen name="x126">166.83dp</dimen>
    <dimen name="x127">168.16dp</dimen>
    <dimen name="x128">169.48dp</dimen>
    <dimen name="x129">170.81dp</dimen>
    <dimen name="x130">172.13dp</dimen>
    <dimen name="x131">173.45dp</dimen>
    <dimen name="x132">174.78dp</dimen>
    <dimen name="x133">176.10dp</dimen>
    <dimen name="x134">177.43dp</dimen>
    <dimen name="x135">178.75dp</dimen>
    <dimen name="x136">180.07dp</dimen>
    <dimen name="x137">181.40dp</dimen>
    <dimen name="x138">182.72dp</dimen>
    <dimen name="x139">184.05dp</dimen>
    <dimen name="x140">185.37dp</dimen>
    <dimen name="x141">186.69dp</dimen>
    <dimen name="x142">188.02dp</dimen>
    <dimen name="x143">189.34dp</dimen>
    <dimen name="x144">190.67dp</dimen>
    <dimen name="x145">191.99dp</dimen>
    <dimen name="x146">193.31dp</dimen>
    <dimen name="x147">194.64dp</dimen>
    <dimen name="x148">195.96dp</dimen>
    <dimen name="x149">197.29dp</dimen>
    <dimen name="x150">198.61dp</dimen>
    <dimen name="x151">199.94dp</dimen>
    <dimen name="x152">201.26dp</dimen>
    <dimen name="x153">202.58dp</dimen>
    <dimen name="x154">203.91dp</dimen>
    <dimen name="x155">205.23dp</dimen>
    <dimen name="x156">206.56dp</dimen>
    <dimen name="x157">207.88dp</dimen>
    <dimen name="x158">209.20dp</dimen>
    <dimen name="x159">210.53dp</dimen>
    <dimen name="x160">211.85dp</dimen>
    <dimen name="x161">213.18dp</dimen>
    <dimen name="x162">214.50dp</dimen>
    <dimen name="x163">215.82dp</dimen>
    <dimen name="x164">217.15dp</dimen>
    <dimen name="x165">218.47dp</dimen>
    <dimen name="x166">219.80dp</dimen>
    <dimen name="x167">221.12dp</dimen>
    <dimen name="x168">222.44dp</dimen>
    <dimen name="x169">223.77dp</dimen>
    <dimen name="x170">225.09dp</dimen>
    <dimen name="x171">226.42dp</dimen>
    <dimen name="x172">227.74dp</dimen>
    <dimen name="x173">229.06dp</dimen>
    <dimen name="x174">230.39dp</dimen>
    <dimen name="x175">231.71dp</dimen>
    <dimen name="x176">233.04dp</dimen>
    <dimen name="x177">234.36dp</dimen>
    <dimen name="x178">235.69dp</dimen>
    <dimen name="x179">237.01dp</dimen>
    <dimen name="x180">238.33dp</dimen>
    <dimen name="x181">239.66dp</dimen>
    <dimen name="x182">240.98dp</dimen>
    <dimen name="x183">242.31dp</dimen>
    <dimen name="x184">243.63dp</dimen>
    <dimen name="x185">244.95dp</dimen>
    <dimen name="x186">246.28dp</dimen>
    <dimen name="x187">247.60dp</dimen>
    <dimen name="x188">248.93dp</dimen>
    <dimen name="x189">250.25dp</dimen>
    <dimen name="x190">251.57dp</dimen>
    <dimen name="x191">252.90dp</dimen>
    <dimen name="x192">254.22dp</dimen>
    <dimen name="x193">255.55dp</dimen>
    <dimen name="x194">256.87dp</dimen>
    <dimen name="x195">258.19dp</dimen>
    <dimen name="x196">259.52dp</dimen>
    <dimen name="x197">260.84dp</dimen>
    <dimen name="x198">262.17dp</dimen>
    <dimen name="x199">263.49dp</dimen>
    <dimen name="x200">264.81dp</dimen>
    <dimen name="x201">266.14dp</dimen>
    <dimen name="x202">267.46dp</dimen>
    <dimen name="x203">268.79dp</dimen>
    <dimen name="x204">270.11dp</dimen>
    <dimen name="x205">271.44dp</dimen>
    <dimen name="x206">272.76dp</dimen>
    <dimen name="x207">274.08dp</dimen>
    <dimen name="x208">275.41dp</dimen>
    <dimen name="x209">276.73dp</dimen>
    <dimen name="x210">278.06dp</dimen>
    <dimen name="x211">279.38dp</dimen>
    <dimen name="x212">280.70dp</dimen>
    <dimen name="x213">282.03dp</dimen>
    <dimen name="x214">283.35dp</dimen>
    <dimen name="x215">284.68dp</dimen>
    <dimen name="x216">286.00dp</dimen>
    <dimen name="x217">287.32dp</dimen>
    <dimen name="x218">288.65dp</dimen>
    <dimen name="x219">289.97dp</dimen>
    <dimen name="x220">291.30dp</dimen>
    <dimen name="x221">292.62dp</dimen>
    <dimen name="x222">293.94dp</dimen>
    <dimen name="x223">295.27dp</dimen>
    <dimen name="x224">296.59dp</dimen>
    <dimen name="x225">297.92dp</dimen>
    <dimen name="x226">299.24dp</dimen>
    <dimen name="x227">300.56dp</dimen>
    <dimen name="x228">301.89dp</dimen>
    <dimen name="x229">303.21dp</dimen>
    <dimen name="x230">304.54dp</dimen>
    <dimen name="x231">305.86dp</dimen>
    <dimen name="x232">307.19dp</dimen>
    <dimen name="x233">308.51dp</dimen>
    <dimen name="x234">309.83dp</dimen>
    <dimen name="x235">311.16dp</dimen>
    <dimen name="x236">312.48dp</dimen>
    <dimen name="x237">313.81dp</dimen>
    <dimen name="x238">315.13dp</dimen>
    <dimen name="x239">316.45dp</dimen>
    <dimen name="x240">317.78dp</dimen>
    <dimen name="x241">319.10dp</dimen>
    <dimen name="x242">320.43dp</dimen>
    <dimen name="x243">321.75dp</dimen>
    <dimen name="x244">323.07dp</dimen>
    <dimen name="x245">324.40dp</dimen>
    <dimen name="x246">325.72dp</dimen>
    <dimen name="x247">327.05dp</dimen>
    <dimen name="x248">328.37dp</dimen>
    <dimen name="x249">329.69dp</dimen>
    <dimen name="x250">331.02dp</dimen>
    <dimen name="x251">332.34dp</dimen>
    <dimen name="x252">333.67dp</dimen>
    <dimen name="x253">334.99dp</dimen>
    <dimen name="x254">336.31dp</dimen>
    <dimen name="x255">337.64dp</dimen>
    <dimen name="x256">338.96dp</dimen>
    <dimen name="x257">340.29dp</dimen>
    <dimen name="x258">341.61dp</dimen>
    <dimen name="x259">342.94dp</dimen>
    <dimen name="x260">344.26dp</dimen>
    <dimen name="x261">345.58dp</dimen>
    <dimen name="x262">346.91dp</dimen>
    <dimen name="x263">348.23dp</dimen>
    <dimen name="x264">349.56dp</dimen>
    <dimen name="x265">350.88dp</dimen>
    <dimen name="x266">352.20dp</dimen>
    <dimen name="x267">353.53dp</dimen>
    <dimen name="x268">354.85dp</dimen>
    <dimen name="x269">356.18dp</dimen>
    <dimen name="x270">357.50dp</dimen>
    <dimen name="x271">358.82dp</dimen>
    <dimen name="x272">360.15dp</dimen>
    <dimen name="x273">361.47dp</dimen>
    <dimen name="x274">362.80dp</dimen>
    <dimen name="x275">364.12dp</dimen>
    <dimen name="x276">365.44dp</dimen>
    <dimen name="x277">366.77dp</dimen>
    <dimen name="x278">368.09dp</dimen>
    <dimen name="x279">369.42dp</dimen>
    <dimen name="x280">370.74dp</dimen>
    <dimen name="x281">372.06dp</dimen>
    <dimen name="x282">373.39dp</dimen>
    <dimen name="x283">374.71dp</dimen>
    <dimen name="x284">376.04dp</dimen>
    <dimen name="x285">377.36dp</dimen>
    <dimen name="x286">378.69dp</dimen>
    <dimen name="x287">380.01dp</dimen>
    <dimen name="x288">381.33dp</dimen>
    <dimen name="x289">382.66dp</dimen>
    <dimen name="x290">383.98dp</dimen>
    <dimen name="x291">385.31dp</dimen>
    <dimen name="x292">386.63dp</dimen>
    <dimen name="x293">387.95dp</dimen>
    <dimen name="x294">389.28dp</dimen>
    <dimen name="x295">390.60dp</dimen>
    <dimen name="x296">391.93dp</dimen>
    <dimen name="x297">393.25dp</dimen>
    <dimen name="x298">394.57dp</dimen>
    <dimen name="x299">395.90dp</dimen>
    <dimen name="x300">397.22dp</dimen>
    <dimen name="x301">398.55dp</dimen>
    <dimen name="x302">399.87dp</dimen>
    <dimen name="x303">401.19dp</dimen>
    <dimen name="x304">402.52dp</dimen>
    <dimen name="x305">403.84dp</dimen>
    <dimen name="x306">405.17dp</dimen>
    <dimen name="x307">406.49dp</dimen>
    <dimen name="x308">407.81dp</dimen>
    <dimen name="x309">409.14dp</dimen>
    <dimen name="x310">410.46dp</dimen>
    <dimen name="x311">411.79dp</dimen>
    <dimen name="x312">413.11dp</dimen>
    <dimen name="x313">414.44dp</dimen>
    <dimen name="x314">415.76dp</dimen>
    <dimen name="x315">417.08dp</dimen>
    <dimen name="x316">418.41dp</dimen>
    <dimen name="x317">419.73dp</dimen>
    <dimen name="x318">421.06dp</dimen>
    <dimen name="x319">422.38dp</dimen>
    <dimen name="x320">423.70dp</dimen>
    <dimen name="x321">425.03dp</dimen>
    <dimen name="x322">426.35dp</dimen>
    <dimen name="x323">427.68dp</dimen>
    <dimen name="x324">429.00dp</dimen>
    <dimen name="x325">430.32dp</dimen>
    <dimen name="x326">431.65dp</dimen>
    <dimen name="x327">432.97dp</dimen>
    <dimen name="x328">434.30dp</dimen>
    <dimen name="x329">435.62dp</dimen>
    <dimen name="x330">436.94dp</dimen>
    <dimen name="x331">438.27dp</dimen>
    <dimen name="x332">439.59dp</dimen>
    <dimen name="x333">440.92dp</dimen>
    <dimen name="x334">442.24dp</dimen>
    <dimen name="x335">443.56dp</dimen>
    <dimen name="x336">444.89dp</dimen>
    <dimen name="x337">446.21dp</dimen>
    <dimen name="x338">447.54dp</dimen>
    <dimen name="x339">448.86dp</dimen>
    <dimen name="x340">450.19dp</dimen>
    <dimen name="x341">451.51dp</dimen>
    <dimen name="x342">452.83dp</dimen>
    <dimen name="x343">454.16dp</dimen>
    <dimen name="x344">455.48dp</dimen>
    <dimen name="x345">456.81dp</dimen>
    <dimen name="x346">458.13dp</dimen>
    <dimen name="x347">459.45dp</dimen>
    <dimen name="x348">460.78dp</dimen>
    <dimen name="x349">462.10dp</dimen>
    <dimen name="x350">463.43dp</dimen>
    <dimen name="x351">464.75dp</dimen>
    <dimen name="x352">466.07dp</dimen>
    <dimen name="x353">467.40dp</dimen>
    <dimen name="x354">468.72dp</dimen>
    <dimen name="x355">470.05dp</dimen>
    <dimen name="x356">471.37dp</dimen>
    <dimen name="x357">472.69dp</dimen>
    <dimen name="x358">474.02dp</dimen>
    <dimen name="x359">475.34dp</dimen>
    <dimen name="x360">476.67dp</dimen>
    <dimen name="x361">477.99dp</dimen>
    <dimen name="x362">479.31dp</dimen>
    <dimen name="x363">480.64dp</dimen>
    <dimen name="x364">481.96dp</dimen>
    <dimen name="x365">483.29dp</dimen>
    <dimen name="x366">484.61dp</dimen>
    <dimen name="x367">485.94dp</dimen>
    <dimen name="x368">487.26dp</dimen>
    <dimen name="x369">488.58dp</dimen>
    <dimen name="x370">489.91dp</dimen>
    <dimen name="x371">491.23dp</dimen>
    <dimen name="x372">492.56dp</dimen>
    <dimen name="x373">493.88dp</dimen>
    <dimen name="x374">495.20dp</dimen>
    <dimen name="x375">496.53dp</dimen>
    <dimen name="x376">497.85dp</dimen>
    <dimen name="x377">499.18dp</dimen>
    <dimen name="x378">500.50dp</dimen>
    <dimen name="x379">501.82dp</dimen>
    <dimen name="x380">503.15dp</dimen>
    <dimen name="x381">504.47dp</dimen>
    <dimen name="x382">505.80dp</dimen>
    <dimen name="x383">507.12dp</dimen>
    <dimen name="x384">508.44dp</dimen>
    <dimen name="x385">509.77dp</dimen>
    <dimen name="x386">511.09dp</dimen>
    <dimen name="x387">512.42dp</dimen>
    <dimen name="x388">513.74dp</dimen>
    <dimen name="x389">515.06dp</dimen>
    <dimen name="x390">516.39dp</dimen>
    <dimen name="x391">517.71dp</dimen>
    <dimen name="x392">519.04dp</dimen>
    <dimen name="x393">520.36dp</dimen>
    <dimen name="x394">521.69dp</dimen>
    <dimen name="x395">523.01dp</dimen>
    <dimen name="x396">524.33dp</dimen>
    <dimen name="x397">525.66dp</dimen>
    <dimen name="x398">526.98dp</dimen>
    <dimen name="x399">528.31dp</dimen>
    <dimen name="x400">529.63dp</dimen>
    <dimen name="x401">530.95dp</dimen>
    <dimen name="x402">532.28dp</dimen>
    <dimen name="x403">533.60dp</dimen>
    <dimen name="x404">534.93dp</dimen>
    <dimen name="x405">536.25dp</dimen>
    <dimen name="x406">537.57dp</dimen>
    <dimen name="x407">538.90dp</dimen>
    <dimen name="x408">540.22dp</dimen>
    <dimen name="x409">541.55dp</dimen>
    <dimen name="x410">542.87dp</dimen>
    <dimen name="x411">544.19dp</dimen>
    <dimen name="x412">545.52dp</dimen>
    <dimen name="x413">546.84dp</dimen>
    <dimen name="x414">548.17dp</dimen>
    <dimen name="x415">549.49dp</dimen>
    <dimen name="x416">550.81dp</dimen>
    <dimen name="x417">552.14dp</dimen>
    <dimen name="x418">553.46dp</dimen>
    <dimen name="x419">554.79dp</dimen>
    <dimen name="x420">556.11dp</dimen>
    <dimen name="x421">557.44dp</dimen>
    <dimen name="x422">558.76dp</dimen>
    <dimen name="x423">560.08dp</dimen>
    <dimen name="x424">561.41dp</dimen>
    <dimen name="x425">562.73dp</dimen>
    <dimen name="x426">564.06dp</dimen>
    <dimen name="x427">565.38dp</dimen>
    <dimen name="x428">566.70dp</dimen>
    <dimen name="x429">568.03dp</dimen>
    <dimen name="x430">569.35dp</dimen>
    <dimen name="x431">570.68dp</dimen>
    <dimen name="x432">572.00dp</dimen>
    <dimen name="x433">573.32dp</dimen>
    <dimen name="x434">574.65dp</dimen>
    <dimen name="x435">575.97dp</dimen>
    <dimen name="x436">577.30dp</dimen>
    <dimen name="x437">578.62dp</dimen>
    <dimen name="x438">579.94dp</dimen>
    <dimen name="x439">581.27dp</dimen>
    <dimen name="x440">582.59dp</dimen>
    <dimen name="x441">583.92dp</dimen>
    <dimen name="x442">585.24dp</dimen>
    <dimen name="x443">586.56dp</dimen>
    <dimen name="x444">587.89dp</dimen>
    <dimen name="x445">589.21dp</dimen>
    <dimen name="x446">590.54dp</dimen>
    <dimen name="x447">591.86dp</dimen>
    <dimen name="x448">593.19dp</dimen>
    <dimen name="x449">594.51dp</dimen>
    <dimen name="x450">595.83dp</dimen>
    <dimen name="x451">597.16dp</dimen>
    <dimen name="x452">598.48dp</dimen>
    <dimen name="x453">599.81dp</dimen>
    <dimen name="x454">601.13dp</dimen>
    <dimen name="x455">602.45dp</dimen>
    <dimen name="x456">603.78dp</dimen>
    <dimen name="x457">605.10dp</dimen>
    <dimen name="x458">606.43dp</dimen>
    <dimen name="x459">607.75dp</dimen>
    <dimen name="x460">609.07dp</dimen>
    <dimen name="x461">610.40dp</dimen>
    <dimen name="x462">611.72dp</dimen>
    <dimen name="x463">613.05dp</dimen>
    <dimen name="x464">614.37dp</dimen>
    <dimen name="x465">615.69dp</dimen>
    <dimen name="x466">617.02dp</dimen>
    <dimen name="x467">618.34dp</dimen>
    <dimen name="x468">619.67dp</dimen>
    <dimen name="x469">620.99dp</dimen>
    <dimen name="x470">622.31dp</dimen>
    <dimen name="x471">623.64dp</dimen>
    <dimen name="x472">624.96dp</dimen>
    <dimen name="x473">626.29dp</dimen>
    <dimen name="x474">627.61dp</dimen>
    <dimen name="x475">628.94dp</dimen>
    <dimen name="x476">630.26dp</dimen>
    <dimen name="x477">631.58dp</dimen>
    <dimen name="x478">632.91dp</dimen>
    <dimen name="x479">634.23dp</dimen>
    <dimen name="x480">635.56dp</dimen>
    <dimen name="x481">636.88dp</dimen>
    <dimen name="x482">638.20dp</dimen>
    <dimen name="x483">639.53dp</dimen>
    <dimen name="x484">640.85dp</dimen>
    <dimen name="x485">642.18dp</dimen>
    <dimen name="x486">643.50dp</dimen>
    <dimen name="x487">644.82dp</dimen>
    <dimen name="x488">646.15dp</dimen>
    <dimen name="x489">647.47dp</dimen>
    <dimen name="x490">648.80dp</dimen>
    <dimen name="x491">650.12dp</dimen>
    <dimen name="x492">651.44dp</dimen>
    <dimen name="x493">652.77dp</dimen>
    <dimen name="x494">654.09dp</dimen>
    <dimen name="x495">655.42dp</dimen>
    <dimen name="x496">656.74dp</dimen>
    <dimen name="x497">658.06dp</dimen>
    <dimen name="x498">659.39dp</dimen>
    <dimen name="x499">660.71dp</dimen>
    <dimen name="x500">662.04dp</dimen>
    <dimen name="x501">663.36dp</dimen>
    <dimen name="x502">664.69dp</dimen>
    <dimen name="x503">666.01dp</dimen>
    <dimen name="x504">667.33dp</dimen>
    <dimen name="x505">668.66dp</dimen>
    <dimen name="x506">669.98dp</dimen>
    <dimen name="x507">671.31dp</dimen>
    <dimen name="x508">672.63dp</dimen>
    <dimen name="x509">673.95dp</dimen>
    <dimen name="x510">675.28dp</dimen>
    <dimen name="x511">676.60dp</dimen>
    <dimen name="x512">677.93dp</dimen>
    <dimen name="x513">679.25dp</dimen>
    <dimen name="x514">680.57dp</dimen>
    <dimen name="x515">681.90dp</dimen>
    <dimen name="x516">683.22dp</dimen>
    <dimen name="x517">684.55dp</dimen>
    <dimen name="x518">685.87dp</dimen>
    <dimen name="x519">687.19dp</dimen>
    <dimen name="x520">688.52dp</dimen>
    <dimen name="x521">689.84dp</dimen>
    <dimen name="x522">691.17dp</dimen>
    <dimen name="x523">692.49dp</dimen>
    <dimen name="x524">693.81dp</dimen>
    <dimen name="x525">695.14dp</dimen>
    <dimen name="x526">696.46dp</dimen>
    <dimen name="x527">697.79dp</dimen>
    <dimen name="x528">699.11dp</dimen>
    <dimen name="x529">700.44dp</dimen>
    <dimen name="x530">701.76dp</dimen>
    <dimen name="x531">703.08dp</dimen>
    <dimen name="x532">704.41dp</dimen>
    <dimen name="x533">705.73dp</dimen>
    <dimen name="x534">707.06dp</dimen>
    <dimen name="x535">708.38dp</dimen>
    <dimen name="x536">709.70dp</dimen>
    <dimen name="x537">711.03dp</dimen>
    <dimen name="x538">712.35dp</dimen>
    <dimen name="x539">713.68dp</dimen>
    <dimen name="x540">715.00dp</dimen>
    <dimen name="x541">716.32dp</dimen>
    <dimen name="x542">717.65dp</dimen>
    <dimen name="x543">718.97dp</dimen>
    <dimen name="x544">720.30dp</dimen>
    <dimen name="x545">721.62dp</dimen>
    <dimen name="x546">722.94dp</dimen>
    <dimen name="x547">724.27dp</dimen>
    <dimen name="x548">725.59dp</dimen>
    <dimen name="x549">726.92dp</dimen>
    <dimen name="x550">728.24dp</dimen>
    <dimen name="x551">729.56dp</dimen>
    <dimen name="x552">730.89dp</dimen>
    <dimen name="x553">732.21dp</dimen>
    <dimen name="x554">733.54dp</dimen>
    <dimen name="x555">734.86dp</dimen>
    <dimen name="x556">736.19dp</dimen>
    <dimen name="x557">737.51dp</dimen>
    <dimen name="x558">738.83dp</dimen>
    <dimen name="x559">740.16dp</dimen>
    <dimen name="x560">741.48dp</dimen>
    <dimen name="x561">742.81dp</dimen>
    <dimen name="x562">744.13dp</dimen>
    <dimen name="x563">745.45dp</dimen>
    <dimen name="x564">746.78dp</dimen>
    <dimen name="x565">748.10dp</dimen>
    <dimen name="x566">749.43dp</dimen>
    <dimen name="x567">750.75dp</dimen>
    <dimen name="x568">752.07dp</dimen>
    <dimen name="x569">753.40dp</dimen>
    <dimen name="x570">754.72dp</dimen>
    <dimen name="x571">756.05dp</dimen>
    <dimen name="x572">757.37dp</dimen>
    <dimen name="x573">758.69dp</dimen>
    <dimen name="x574">760.02dp</dimen>
    <dimen name="x575">761.34dp</dimen>
    <dimen name="x576">762.67dp</dimen>
    <dimen name="x577">763.99dp</dimen>
    <dimen name="x578">765.31dp</dimen>
    <dimen name="x579">766.64dp</dimen>
    <dimen name="x580">767.96dp</dimen>
    <dimen name="x581">769.29dp</dimen>
    <dimen name="x582">770.61dp</dimen>
    <dimen name="x583">771.94dp</dimen>
    <dimen name="x584">773.26dp</dimen>
    <dimen name="x585">774.58dp</dimen>
    <dimen name="x586">775.91dp</dimen>
    <dimen name="x587">777.23dp</dimen>
    <dimen name="x588">778.56dp</dimen>
    <dimen name="x589">779.88dp</dimen>
    <dimen name="x590">781.20dp</dimen>
    <dimen name="x591">782.53dp</dimen>
    <dimen name="x592">783.85dp</dimen>
    <dimen name="x593">785.18dp</dimen>
    <dimen name="x594">786.50dp</dimen>
    <dimen name="x595">787.82dp</dimen>
    <dimen name="x596">789.15dp</dimen>
    <dimen name="x597">790.47dp</dimen>
    <dimen name="x598">791.80dp</dimen>
    <dimen name="x599">793.12dp</dimen>
    <dimen name="x600">794.44dp</dimen>
    <dimen name="x601">795.77dp</dimen>
    <dimen name="x602">797.09dp</dimen>
    <dimen name="x603">798.42dp</dimen>
    <dimen name="x604">799.74dp</dimen>
    <dimen name="x605">801.06dp</dimen>
    <dimen name="x606">802.39dp</dimen>
    <dimen name="x607">803.71dp</dimen>
    <dimen name="x608">805.04dp</dimen>
    <dimen name="x609">806.36dp</dimen>
    <dimen name="x610">807.69dp</dimen>
    <dimen name="x611">809.01dp</dimen>
    <dimen name="x612">810.33dp</dimen>
    <dimen name="x613">811.66dp</dimen>
    <dimen name="x614">812.98dp</dimen>
    <dimen name="x615">814.31dp</dimen>
    <dimen name="x616">815.63dp</dimen>
    <dimen name="x617">816.95dp</dimen>
    <dimen name="x618">818.28dp</dimen>
    <dimen name="x619">819.60dp</dimen>
    <dimen name="x620">820.93dp</dimen>
    <dimen name="x621">822.25dp</dimen>
    <dimen name="x622">823.57dp</dimen>
    <dimen name="x623">824.90dp</dimen>
    <dimen name="x624">826.22dp</dimen>
    <dimen name="x625">827.55dp</dimen>
    <dimen name="x626">828.87dp</dimen>
    <dimen name="x627">830.19dp</dimen>
    <dimen name="x628">831.52dp</dimen>
    <dimen name="x629">832.84dp</dimen>
    <dimen name="x630">834.17dp</dimen>
    <dimen name="x631">835.49dp</dimen>
    <dimen name="x632">836.81dp</dimen>
    <dimen name="x633">838.14dp</dimen>
    <dimen name="x634">839.46dp</dimen>
    <dimen name="x635">840.79dp</dimen>
    <dimen name="x636">842.11dp</dimen>
    <dimen name="x637">843.44dp</dimen>
    <dimen name="x638">844.76dp</dimen>
    <dimen name="x639">846.08dp</dimen>
    <dimen name="x640">847.41dp</dimen>
    <dimen name="x641">848.73dp</dimen>
    <dimen name="x642">850.06dp</dimen>
    <dimen name="x643">851.38dp</dimen>
    <dimen name="x644">852.70dp</dimen>
    <dimen name="x645">854.03dp</dimen>
    <dimen name="x646">855.35dp</dimen>
    <dimen name="x647">856.68dp</dimen>
    <dimen name="x648">858.00dp</dimen>
    <dimen name="x649">859.32dp</dimen>
    <dimen name="x650">860.65dp</dimen>
    <dimen name="x651">861.97dp</dimen>
    <dimen name="x652">863.30dp</dimen>
    <dimen name="x653">864.62dp</dimen>
    <dimen name="x654">865.94dp</dimen>
    <dimen name="x655">867.27dp</dimen>
    <dimen name="x656">868.59dp</dimen>
    <dimen name="x657">869.92dp</dimen>
    <dimen name="x658">871.24dp</dimen>
    <dimen name="x659">872.56dp</dimen>
    <dimen name="x660">873.89dp</dimen>
    <dimen name="x661">875.21dp</dimen>
    <dimen name="x662">876.54dp</dimen>
    <dimen name="x663">877.86dp</dimen>
    <dimen name="x664">879.19dp</dimen>
    <dimen name="x665">880.51dp</dimen>
    <dimen name="x666">881.83dp</dimen>
    <dimen name="x667">883.16dp</dimen>
    <dimen name="x668">884.48dp</dimen>
    <dimen name="x669">885.81dp</dimen>
    <dimen name="x670">887.13dp</dimen>
    <dimen name="x671">888.45dp</dimen>
    <dimen name="x672">889.78dp</dimen>
    <dimen name="x673">891.10dp</dimen>
    <dimen name="x674">892.43dp</dimen>
    <dimen name="x675">893.75dp</dimen>
    <dimen name="x676">895.07dp</dimen>
    <dimen name="x677">896.40dp</dimen>
    <dimen name="x678">897.72dp</dimen>
    <dimen name="x679">899.05dp</dimen>
    <dimen name="x680">900.37dp</dimen>
    <dimen name="x681">901.69dp</dimen>
    <dimen name="x682">903.02dp</dimen>
    <dimen name="x683">904.34dp</dimen>
    <dimen name="x684">905.67dp</dimen>
    <dimen name="x685">906.99dp</dimen>
    <dimen name="x686">908.31dp</dimen>
    <dimen name="x687">909.64dp</dimen>
    <dimen name="x688">910.96dp</dimen>
    <dimen name="x689">912.29dp</dimen>
    <dimen name="x690">913.61dp</dimen>
    <dimen name="x691">914.94dp</dimen>
    <dimen name="x692">916.26dp</dimen>
    <dimen name="x693">917.58dp</dimen>
    <dimen name="x694">918.91dp</dimen>
    <dimen name="x695">920.23dp</dimen>
    <dimen name="x696">921.56dp</dimen>
    <dimen name="x697">922.88dp</dimen>
    <dimen name="x698">924.20dp</dimen>
    <dimen name="x699">925.53dp</dimen>
    <dimen name="x700">926.85dp</dimen>
    <dimen name="x701">928.18dp</dimen>
    <dimen name="x702">929.50dp</dimen>
    <dimen name="x703">930.82dp</dimen>
    <dimen name="x704">932.15dp</dimen>
    <dimen name="x705">933.47dp</dimen>
    <dimen name="x706">934.80dp</dimen>
    <dimen name="x707">936.12dp</dimen>
    <dimen name="x708">937.44dp</dimen>
    <dimen name="x709">938.77dp</dimen>
    <dimen name="x710">940.09dp</dimen>
    <dimen name="x711">941.42dp</dimen>
    <dimen name="x712">942.74dp</dimen>
    <dimen name="x713">944.06dp</dimen>
    <dimen name="x714">945.39dp</dimen>
    <dimen name="x715">946.71dp</dimen>
    <dimen name="x716">948.04dp</dimen>
    <dimen name="x717">949.36dp</dimen>
    <dimen name="x718">950.69dp</dimen>
    <dimen name="x719">952.01dp</dimen>
    <dimen name="x720">953.33dp</dimen>
    <dimen name="x721">954.66dp</dimen>
    <dimen name="x722">955.98dp</dimen>
    <dimen name="x723">957.31dp</dimen>
    <dimen name="x724">958.63dp</dimen>
    <dimen name="x725">959.95dp</dimen>
    <dimen name="x726">961.28dp</dimen>
    <dimen name="x727">962.60dp</dimen>
    <dimen name="x728">963.93dp</dimen>
    <dimen name="x729">965.25dp</dimen>
    <dimen name="x730">966.57dp</dimen>
    <dimen name="x731">967.90dp</dimen>
    <dimen name="x732">969.22dp</dimen>
    <dimen name="x733">970.55dp</dimen>
    <dimen name="x734">971.87dp</dimen>
    <dimen name="x735">973.19dp</dimen>
    <dimen name="x736">974.52dp</dimen>
    <dimen name="x737">975.84dp</dimen>
    <dimen name="x738">977.17dp</dimen>
    <dimen name="x739">978.49dp</dimen>
    <dimen name="x740">979.81dp</dimen>
    <dimen name="x741">981.14dp</dimen>
    <dimen name="x742">982.46dp</dimen>
    <dimen name="x743">983.79dp</dimen>
    <dimen name="x744">985.11dp</dimen>
    <dimen name="x745">986.44dp</dimen>
    <dimen name="x746">987.76dp</dimen>
    <dimen name="x747">989.08dp</dimen>
    <dimen name="x748">990.41dp</dimen>
    <dimen name="x749">991.73dp</dimen>
    <dimen name="x750">993.06dp</dimen>
    <dimen name="x751">994.38dp</dimen>
    <dimen name="x752">995.70dp</dimen>
    <dimen name="x753">997.03dp</dimen>
    <dimen name="x754">998.35dp</dimen>
    <dimen name="x755">999.68dp</dimen>
    <dimen name="x756">1001.00dp</dimen>
    <dimen name="x757">1002.32dp</dimen>
    <dimen name="x758">1003.65dp</dimen>
    <dimen name="x759">1004.97dp</dimen>
    <dimen name="x760">1006.30dp</dimen>
    <dimen name="x761">1007.62dp</dimen>
    <dimen name="x762">1008.94dp</dimen>
    <dimen name="x763">1010.27dp</dimen>
    <dimen name="x764">1011.59dp</dimen>
    <dimen name="x765">1012.92dp</dimen>
    <dimen name="x766">1014.24dp</dimen>
    <dimen name="x767">1015.56dp</dimen>
    <dimen name="x768">1016.89dp</dimen>
    <dimen name="x769">1018.21dp</dimen>
    <dimen name="x770">1019.54dp</dimen>
    <dimen name="x771">1020.86dp</dimen>
    <dimen name="x772">1022.19dp</dimen>
    <dimen name="x773">1023.51dp</dimen>
    <dimen name="x774">1024.83dp</dimen>
    <dimen name="x775">1026.16dp</dimen>
    <dimen name="x776">1027.48dp</dimen>
    <dimen name="x777">1028.81dp</dimen>
    <dimen name="x778">1030.13dp</dimen>
    <dimen name="x779">1031.45dp</dimen>
    <dimen name="x780">1032.78dp</dimen>
    <dimen name="x781">1034.10dp</dimen>
    <dimen name="x782">1035.43dp</dimen>
    <dimen name="x783">1036.75dp</dimen>
    <dimen name="x784">1038.07dp</dimen>
    <dimen name="x785">1039.40dp</dimen>
    <dimen name="x786">1040.72dp</dimen>
    <dimen name="x787">1042.05dp</dimen>
    <dimen name="x788">1043.37dp</dimen>
    <dimen name="x789">1044.69dp</dimen>
    <dimen name="x790">1046.02dp</dimen>
    <dimen name="x791">1047.34dp</dimen>
    <dimen name="x792">1048.67dp</dimen>
    <dimen name="x793">1049.99dp</dimen>
    <dimen name="x794">1051.31dp</dimen>
    <dimen name="x795">1052.64dp</dimen>
    <dimen name="x796">1053.96dp</dimen>
    <dimen name="x797">1055.29dp</dimen>
    <dimen name="x798">1056.61dp</dimen>
    <dimen name="x799">1057.94dp</dimen>
    <dimen name="x800">1059.26dp</dimen>
    <dimen name="x801">1060.58dp</dimen>
    <dimen name="x802">1061.91dp</dimen>
    <dimen name="x803">1063.23dp</dimen>
    <dimen name="x804">1064.56dp</dimen>
    <dimen name="x805">1065.88dp</dimen>
    <dimen name="x806">1067.20dp</dimen>
    <dimen name="x807">1068.53dp</dimen>
    <dimen name="x808">1069.85dp</dimen>
    <dimen name="x809">1071.18dp</dimen>
    <dimen name="x810">1072.50dp</dimen>
    <dimen name="x811">1073.82dp</dimen>
    <dimen name="x812">1075.15dp</dimen>
    <dimen name="x813">1076.47dp</dimen>
    <dimen name="x814">1077.80dp</dimen>
    <dimen name="x815">1079.12dp</dimen>
    <dimen name="x816">1080.44dp</dimen>
    <dimen name="x817">1081.77dp</dimen>
    <dimen name="x818">1083.09dp</dimen>
    <dimen name="x819">1084.42dp</dimen>
    <dimen name="x820">1085.74dp</dimen>
    <dimen name="x821">1087.06dp</dimen>
    <dimen name="x822">1088.39dp</dimen>
    <dimen name="x823">1089.71dp</dimen>
    <dimen name="x824">1091.04dp</dimen>
    <dimen name="x825">1092.36dp</dimen>
    <dimen name="x826">1093.69dp</dimen>
    <dimen name="x827">1095.01dp</dimen>
    <dimen name="x828">1096.33dp</dimen>
    <dimen name="x829">1097.66dp</dimen>
    <dimen name="x830">1098.98dp</dimen>
    <dimen name="x831">1100.31dp</dimen>
    <dimen name="x832">1101.63dp</dimen>
    <dimen name="x833">1102.95dp</dimen>
    <dimen name="x834">1104.28dp</dimen>
    <dimen name="x835">1105.60dp</dimen>
    <dimen name="x836">1106.93dp</dimen>
    <dimen name="x837">1108.25dp</dimen>
    <dimen name="x838">1109.57dp</dimen>
    <dimen name="x839">1110.90dp</dimen>
    <dimen name="x840">1112.22dp</dimen>
    <dimen name="x841">1113.55dp</dimen>
    <dimen name="x842">1114.87dp</dimen>
    <dimen name="x843">1116.19dp</dimen>
    <dimen name="x844">1117.52dp</dimen>
    <dimen name="x845">1118.84dp</dimen>
    <dimen name="x846">1120.17dp</dimen>
    <dimen name="x847">1121.49dp</dimen>
    <dimen name="x848">1122.81dp</dimen>
    <dimen name="x849">1124.14dp</dimen>
    <dimen name="x850">1125.46dp</dimen>
    <dimen name="x851">1126.79dp</dimen>
    <dimen name="x852">1128.11dp</dimen>
    <dimen name="x853">1129.44dp</dimen>
    <dimen name="x854">1130.76dp</dimen>
    <dimen name="x855">1132.08dp</dimen>
    <dimen name="x856">1133.41dp</dimen>
    <dimen name="x857">1134.73dp</dimen>
    <dimen name="x858">1136.06dp</dimen>
    <dimen name="x859">1137.38dp</dimen>
    <dimen name="x860">1138.70dp</dimen>
    <dimen name="x861">1140.03dp</dimen>
    <dimen name="x862">1141.35dp</dimen>
    <dimen name="x863">1142.68dp</dimen>
    <dimen name="x864">1144.00dp</dimen>
    <dimen name="x865">1145.32dp</dimen>
    <dimen name="x866">1146.65dp</dimen>
    <dimen name="x867">1147.97dp</dimen>
    <dimen name="x868">1149.30dp</dimen>
    <dimen name="x869">1150.62dp</dimen>
    <dimen name="x870">1151.94dp</dimen>
    <dimen name="x871">1153.27dp</dimen>
    <dimen name="x872">1154.59dp</dimen>
    <dimen name="x873">1155.92dp</dimen>
    <dimen name="x874">1157.24dp</dimen>
    <dimen name="x875">1158.56dp</dimen>
    <dimen name="x876">1159.89dp</dimen>
    <dimen name="x877">1161.21dp</dimen>
    <dimen name="x878">1162.54dp</dimen>
    <dimen name="x879">1163.86dp</dimen>
    <dimen name="x880">1165.19dp</dimen>
    <dimen name="x881">1166.51dp</dimen>
    <dimen name="x882">1167.83dp</dimen>
    <dimen name="x883">1169.16dp</dimen>
    <dimen name="x884">1170.48dp</dimen>
    <dimen name="x885">1171.81dp</dimen>
    <dimen name="x886">1173.13dp</dimen>
    <dimen name="x887">1174.45dp</dimen>
    <dimen name="x888">1175.78dp</dimen>
    <dimen name="x889">1177.10dp</dimen>
    <dimen name="x890">1178.43dp</dimen>
    <dimen name="x891">1179.75dp</dimen>
    <dimen name="x892">1181.07dp</dimen>
    <dimen name="x893">1182.40dp</dimen>
    <dimen name="x894">1183.72dp</dimen>
    <dimen name="x895">1185.05dp</dimen>
    <dimen name="x896">1186.37dp</dimen>
    <dimen name="x897">1187.69dp</dimen>
    <dimen name="x898">1189.02dp</dimen>
    <dimen name="x899">1190.34dp</dimen>
    <dimen name="x900">1191.67dp</dimen>
    <dimen name="x901">1192.99dp</dimen>
    <dimen name="x902">1194.31dp</dimen>
    <dimen name="x903">1195.64dp</dimen>
    <dimen name="x904">1196.96dp</dimen>
    <dimen name="x905">1198.29dp</dimen>
    <dimen name="x906">1199.61dp</dimen>
    <dimen name="x907">1200.94dp</dimen>
    <dimen name="x908">1202.26dp</dimen>
    <dimen name="x909">1203.58dp</dimen>
    <dimen name="x910">1204.91dp</dimen>
    <dimen name="x911">1206.23dp</dimen>
    <dimen name="x912">1207.56dp</dimen>
    <dimen name="x913">1208.88dp</dimen>
    <dimen name="x914">1210.20dp</dimen>
    <dimen name="x915">1211.53dp</dimen>
    <dimen name="x916">1212.85dp</dimen>
    <dimen name="x917">1214.18dp</dimen>
    <dimen name="x918">1215.50dp</dimen>
    <dimen name="x919">1216.82dp</dimen>
    <dimen name="x920">1218.15dp</dimen>
    <dimen name="x921">1219.47dp</dimen>
    <dimen name="x922">1220.80dp</dimen>
    <dimen name="x923">1222.12dp</dimen>
    <dimen name="x924">1223.44dp</dimen>
    <dimen name="x925">1224.77dp</dimen>
    <dimen name="x926">1226.09dp</dimen>
    <dimen name="x927">1227.42dp</dimen>
    <dimen name="x928">1228.74dp</dimen>
    <dimen name="x929">1230.06dp</dimen>
    <dimen name="x930">1231.39dp</dimen>
    <dimen name="x931">1232.71dp</dimen>
    <dimen name="x932">1234.04dp</dimen>
    <dimen name="x933">1235.36dp</dimen>
    <dimen name="x934">1236.69dp</dimen>
    <dimen name="x935">1238.01dp</dimen>
    <dimen name="x936">1239.33dp</dimen>
    <dimen name="x937">1240.66dp</dimen>
    <dimen name="x938">1241.98dp</dimen>
    <dimen name="x939">1243.31dp</dimen>
    <dimen name="x940">1244.63dp</dimen>
    <dimen name="x941">1245.95dp</dimen>
    <dimen name="x942">1247.28dp</dimen>
    <dimen name="x943">1248.60dp</dimen>
    <dimen name="x944">1249.93dp</dimen>
    <dimen name="x945">1251.25dp</dimen>
    <dimen name="x946">1252.57dp</dimen>
    <dimen name="x947">1253.90dp</dimen>
    <dimen name="x948">1255.22dp</dimen>
    <dimen name="x949">1256.55dp</dimen>
    <dimen name="x950">1257.87dp</dimen>
    <dimen name="x951">1259.19dp</dimen>
    <dimen name="x952">1260.52dp</dimen>
    <dimen name="x953">1261.84dp</dimen>
    <dimen name="x954">1263.17dp</dimen>
    <dimen name="x955">1264.49dp</dimen>
    <dimen name="x956">1265.81dp</dimen>
    <dimen name="x957">1267.14dp</dimen>
    <dimen name="x958">1268.46dp</dimen>
    <dimen name="x959">1269.79dp</dimen>
    <dimen name="x960">1271.11dp</dimen>
    <dimen name="x961">1272.44dp</dimen>
    <dimen name="x962">1273.76dp</dimen>
    <dimen name="x963">1275.08dp</dimen>
    <dimen name="x964">1276.41dp</dimen>
    <dimen name="x965">1277.73dp</dimen>
    <dimen name="x966">1279.06dp</dimen>
    <dimen name="x967">1280.38dp</dimen>
    <dimen name="x968">1281.70dp</dimen>
    <dimen name="x969">1283.03dp</dimen>
    <dimen name="x970">1284.35dp</dimen>
    <dimen name="x971">1285.68dp</dimen>
    <dimen name="x972">1287.00dp</dimen>
    <dimen name="x973">1288.32dp</dimen>
    <dimen name="x974">1289.65dp</dimen>
    <dimen name="x975">1290.97dp</dimen>
    <dimen name="x976">1292.30dp</dimen>
    <dimen name="x977">1293.62dp</dimen>
    <dimen name="x978">1294.94dp</dimen>
    <dimen name="x979">1296.27dp</dimen>
    <dimen name="x980">1297.59dp</dimen>
    <dimen name="x981">1298.92dp</dimen>
    <dimen name="x982">1300.24dp</dimen>
    <dimen name="x983">1301.56dp</dimen>
    <dimen name="x984">1302.89dp</dimen>
    <dimen name="x985">1304.21dp</dimen>
    <dimen name="x986">1305.54dp</dimen>
    <dimen name="x987">1306.86dp</dimen>
    <dimen name="x988">1308.19dp</dimen>
    <dimen name="x989">1309.51dp</dimen>
    <dimen name="x990">1310.83dp</dimen>
    <dimen name="x991">1312.16dp</dimen>
    <dimen name="x992">1313.48dp</dimen>
    <dimen name="x993">1314.81dp</dimen>
    <dimen name="x994">1316.13dp</dimen>
    <dimen name="x995">1317.45dp</dimen>
    <dimen name="x996">1318.78dp</dimen>
    <dimen name="x997">1320.10dp</dimen>
    <dimen name="x998">1321.43dp</dimen>
    <dimen name="x999">1322.75dp</dimen>
    <dimen name="x1000">1324.07dp</dimen>
    <dimen name="x1001">1325.40dp</dimen>
    <dimen name="x1002">1326.72dp</dimen>
    <dimen name="x1003">1328.05dp</dimen>
    <dimen name="x1004">1329.37dp</dimen>
    <dimen name="x1005">1330.69dp</dimen>
    <dimen name="x1006">1332.02dp</dimen>
    <dimen name="x1007">1333.34dp</dimen>
    <dimen name="x1008">1334.67dp</dimen>
    <dimen name="x1009">1335.99dp</dimen>
    <dimen name="x1010">1337.31dp</dimen>
    <dimen name="x1011">1338.64dp</dimen>
    <dimen name="x1012">1339.96dp</dimen>
    <dimen name="x1013">1341.29dp</dimen>
    <dimen name="x1014">1342.61dp</dimen>
    <dimen name="x1015">1343.94dp</dimen>
    <dimen name="x1016">1345.26dp</dimen>
    <dimen name="x1017">1346.58dp</dimen>
    <dimen name="x1018">1347.91dp</dimen>
    <dimen name="x1019">1349.23dp</dimen>
    <dimen name="x1020">1350.56dp</dimen>
    <dimen name="x1021">1351.88dp</dimen>
    <dimen name="x1022">1353.20dp</dimen>
    <dimen name="x1023">1354.53dp</dimen>
    <dimen name="x1024">1355.85dp</dimen>
    <dimen name="x1025">1357.18dp</dimen>
    <dimen name="x1026">1358.50dp</dimen>
    <dimen name="x1027">1359.82dp</dimen>
    <dimen name="x1028">1361.15dp</dimen>
    <dimen name="x1029">1362.47dp</dimen>
    <dimen name="x1030">1363.80dp</dimen>
    <dimen name="x1031">1365.12dp</dimen>
    <dimen name="x1032">1366.44dp</dimen>
    <dimen name="x1033">1367.77dp</dimen>
    <dimen name="x1034">1369.09dp</dimen>
    <dimen name="x1035">1370.42dp</dimen>
    <dimen name="x1036">1371.74dp</dimen>
    <dimen name="x1037">1373.06dp</dimen>
    <dimen name="x1038">1374.39dp</dimen>
    <dimen name="x1039">1375.71dp</dimen>
    <dimen name="x1040">1377.04dp</dimen>
    <dimen name="x1041">1378.36dp</dimen>
    <dimen name="x1042">1379.69dp</dimen>
    <dimen name="x1043">1381.01dp</dimen>
    <dimen name="x1044">1382.33dp</dimen>
    <dimen name="x1045">1383.66dp</dimen>
    <dimen name="x1046">1384.98dp</dimen>
    <dimen name="x1047">1386.31dp</dimen>
    <dimen name="x1048">1387.63dp</dimen>
    <dimen name="x1049">1388.95dp</dimen>
    <dimen name="x1050">1390.28dp</dimen>
    <dimen name="x1051">1391.60dp</dimen>
    <dimen name="x1052">1392.93dp</dimen>
    <dimen name="x1053">1394.25dp</dimen>
    <dimen name="x1054">1395.57dp</dimen>
    <dimen name="x1055">1396.90dp</dimen>
    <dimen name="x1056">1398.22dp</dimen>
    <dimen name="x1057">1399.55dp</dimen>
    <dimen name="x1058">1400.87dp</dimen>
    <dimen name="x1059">1402.19dp</dimen>
    <dimen name="x1060">1403.52dp</dimen>
    <dimen name="x1061">1404.84dp</dimen>
    <dimen name="x1062">1406.17dp</dimen>
    <dimen name="x1063">1407.49dp</dimen>
    <dimen name="x1064">1408.81dp</dimen>
    <dimen name="x1065">1410.14dp</dimen>
    <dimen name="x1066">1411.46dp</dimen>
    <dimen name="x1067">1412.79dp</dimen>
    <dimen name="x1068">1414.11dp</dimen>
    <dimen name="x1069">1415.44dp</dimen>
    <dimen name="x1070">1416.76dp</dimen>
    <dimen name="x1071">1418.08dp</dimen>
    <dimen name="x1072">1419.41dp</dimen>
    <dimen name="x1073">1420.73dp</dimen>
    <dimen name="x1074">1422.06dp</dimen>
    <dimen name="x1075">1423.38dp</dimen>
    <dimen name="x1076">1424.70dp</dimen>
    <dimen name="x1077">1426.03dp</dimen>
    <dimen name="x1078">1427.35dp</dimen>
    <dimen name="x1079">1428.68dp</dimen>
    <dimen name="x1080">1430.00dp</dimen>
</resources>