<?xml version="1.0" encoding="utf-8"?>
<resources>
    <string name="sw_dp">740dp</string>
    <dimen name="x1">0.69dp</dimen>
    <dimen name="x2">1.37dp</dimen>
    <dimen name="x3">2.06dp</dimen>
    <dimen name="x4">2.74dp</dimen>
    <dimen name="x5">3.43dp</dimen>
    <dimen name="x6">4.11dp</dimen>
    <dimen name="x7">4.80dp</dimen>
    <dimen name="x8">5.48dp</dimen>
    <dimen name="x9">6.17dp</dimen>
    <dimen name="x10">6.85dp</dimen>
    <dimen name="x11">7.54dp</dimen>
    <dimen name="x12">8.22dp</dimen>
    <dimen name="x13">8.91dp</dimen>
    <dimen name="x14">9.59dp</dimen>
    <dimen name="x15">10.28dp</dimen>
    <dimen name="x16">10.96dp</dimen>
    <dimen name="x17">11.65dp</dimen>
    <dimen name="x18">12.33dp</dimen>
    <dimen name="x19">13.02dp</dimen>
    <dimen name="x20">13.70dp</dimen>
    <dimen name="x21">14.39dp</dimen>
    <dimen name="x22">15.07dp</dimen>
    <dimen name="x23">15.76dp</dimen>
    <dimen name="x24">16.44dp</dimen>
    <dimen name="x25">17.13dp</dimen>
    <dimen name="x26">17.81dp</dimen>
    <dimen name="x27">18.50dp</dimen>
    <dimen name="x28">19.19dp</dimen>
    <dimen name="x29">19.87dp</dimen>
    <dimen name="x30">20.56dp</dimen>
    <dimen name="x31">21.24dp</dimen>
    <dimen name="x32">21.93dp</dimen>
    <dimen name="x33">22.61dp</dimen>
    <dimen name="x34">23.30dp</dimen>
    <dimen name="x35">23.98dp</dimen>
    <dimen name="x36">24.67dp</dimen>
    <dimen name="x37">25.35dp</dimen>
    <dimen name="x38">26.04dp</dimen>
    <dimen name="x39">26.72dp</dimen>
    <dimen name="x40">27.41dp</dimen>
    <dimen name="x41">28.09dp</dimen>
    <dimen name="x42">28.78dp</dimen>
    <dimen name="x43">29.46dp</dimen>
    <dimen name="x44">30.15dp</dimen>
    <dimen name="x45">30.83dp</dimen>
    <dimen name="x46">31.52dp</dimen>
    <dimen name="x47">32.20dp</dimen>
    <dimen name="x48">32.89dp</dimen>
    <dimen name="x49">33.57dp</dimen>
    <dimen name="x50">34.26dp</dimen>
    <dimen name="x51">34.94dp</dimen>
    <dimen name="x52">35.63dp</dimen>
    <dimen name="x53">36.31dp</dimen>
    <dimen name="x54">37.00dp</dimen>
    <dimen name="x55">37.69dp</dimen>
    <dimen name="x56">38.37dp</dimen>
    <dimen name="x57">39.06dp</dimen>
    <dimen name="x58">39.74dp</dimen>
    <dimen name="x59">40.43dp</dimen>
    <dimen name="x60">41.11dp</dimen>
    <dimen name="x61">41.80dp</dimen>
    <dimen name="x62">42.48dp</dimen>
    <dimen name="x63">43.17dp</dimen>
    <dimen name="x64">43.85dp</dimen>
    <dimen name="x65">44.54dp</dimen>
    <dimen name="x66">45.22dp</dimen>
    <dimen name="x67">45.91dp</dimen>
    <dimen name="x68">46.59dp</dimen>
    <dimen name="x69">47.28dp</dimen>
    <dimen name="x70">47.96dp</dimen>
    <dimen name="x71">48.65dp</dimen>
    <dimen name="x72">49.33dp</dimen>
    <dimen name="x73">50.02dp</dimen>
    <dimen name="x74">50.70dp</dimen>
    <dimen name="x75">51.39dp</dimen>
    <dimen name="x76">52.07dp</dimen>
    <dimen name="x77">52.76dp</dimen>
    <dimen name="x78">53.44dp</dimen>
    <dimen name="x79">54.13dp</dimen>
    <dimen name="x80">54.81dp</dimen>
    <dimen name="x81">55.50dp</dimen>
    <dimen name="x82">56.19dp</dimen>
    <dimen name="x83">56.87dp</dimen>
    <dimen name="x84">57.56dp</dimen>
    <dimen name="x85">58.24dp</dimen>
    <dimen name="x86">58.93dp</dimen>
    <dimen name="x87">59.61dp</dimen>
    <dimen name="x88">60.30dp</dimen>
    <dimen name="x89">60.98dp</dimen>
    <dimen name="x90">61.67dp</dimen>
    <dimen name="x91">62.35dp</dimen>
    <dimen name="x92">63.04dp</dimen>
    <dimen name="x93">63.72dp</dimen>
    <dimen name="x94">64.41dp</dimen>
    <dimen name="x95">65.09dp</dimen>
    <dimen name="x96">65.78dp</dimen>
    <dimen name="x97">66.46dp</dimen>
    <dimen name="x98">67.15dp</dimen>
    <dimen name="x99">67.83dp</dimen>
    <dimen name="x100">68.52dp</dimen>
    <dimen name="x101">69.20dp</dimen>
    <dimen name="x102">69.89dp</dimen>
    <dimen name="x103">70.57dp</dimen>
    <dimen name="x104">71.26dp</dimen>
    <dimen name="x105">71.94dp</dimen>
    <dimen name="x106">72.63dp</dimen>
    <dimen name="x107">73.31dp</dimen>
    <dimen name="x108">74.00dp</dimen>
    <dimen name="x109">74.69dp</dimen>
    <dimen name="x110">75.37dp</dimen>
    <dimen name="x111">76.06dp</dimen>
    <dimen name="x112">76.74dp</dimen>
    <dimen name="x113">77.43dp</dimen>
    <dimen name="x114">78.11dp</dimen>
    <dimen name="x115">78.80dp</dimen>
    <dimen name="x116">79.48dp</dimen>
    <dimen name="x117">80.17dp</dimen>
    <dimen name="x118">80.85dp</dimen>
    <dimen name="x119">81.54dp</dimen>
    <dimen name="x120">82.22dp</dimen>
    <dimen name="x121">82.91dp</dimen>
    <dimen name="x122">83.59dp</dimen>
    <dimen name="x123">84.28dp</dimen>
    <dimen name="x124">84.96dp</dimen>
    <dimen name="x125">85.65dp</dimen>
    <dimen name="x126">86.33dp</dimen>
    <dimen name="x127">87.02dp</dimen>
    <dimen name="x128">87.70dp</dimen>
    <dimen name="x129">88.39dp</dimen>
    <dimen name="x130">89.07dp</dimen>
    <dimen name="x131">89.76dp</dimen>
    <dimen name="x132">90.44dp</dimen>
    <dimen name="x133">91.13dp</dimen>
    <dimen name="x134">91.81dp</dimen>
    <dimen name="x135">92.50dp</dimen>
    <dimen name="x136">93.19dp</dimen>
    <dimen name="x137">93.87dp</dimen>
    <dimen name="x138">94.56dp</dimen>
    <dimen name="x139">95.24dp</dimen>
    <dimen name="x140">95.93dp</dimen>
    <dimen name="x141">96.61dp</dimen>
    <dimen name="x142">97.30dp</dimen>
    <dimen name="x143">97.98dp</dimen>
    <dimen name="x144">98.67dp</dimen>
    <dimen name="x145">99.35dp</dimen>
    <dimen name="x146">100.04dp</dimen>
    <dimen name="x147">100.72dp</dimen>
    <dimen name="x148">101.41dp</dimen>
    <dimen name="x149">102.09dp</dimen>
    <dimen name="x150">102.78dp</dimen>
    <dimen name="x151">103.46dp</dimen>
    <dimen name="x152">104.15dp</dimen>
    <dimen name="x153">104.83dp</dimen>
    <dimen name="x154">105.52dp</dimen>
    <dimen name="x155">106.20dp</dimen>
    <dimen name="x156">106.89dp</dimen>
    <dimen name="x157">107.57dp</dimen>
    <dimen name="x158">108.26dp</dimen>
    <dimen name="x159">108.94dp</dimen>
    <dimen name="x160">109.63dp</dimen>
    <dimen name="x161">110.31dp</dimen>
    <dimen name="x162">111.00dp</dimen>
    <dimen name="x163">111.69dp</dimen>
    <dimen name="x164">112.37dp</dimen>
    <dimen name="x165">113.06dp</dimen>
    <dimen name="x166">113.74dp</dimen>
    <dimen name="x167">114.43dp</dimen>
    <dimen name="x168">115.11dp</dimen>
    <dimen name="x169">115.80dp</dimen>
    <dimen name="x170">116.48dp</dimen>
    <dimen name="x171">117.17dp</dimen>
    <dimen name="x172">117.85dp</dimen>
    <dimen name="x173">118.54dp</dimen>
    <dimen name="x174">119.22dp</dimen>
    <dimen name="x175">119.91dp</dimen>
    <dimen name="x176">120.59dp</dimen>
    <dimen name="x177">121.28dp</dimen>
    <dimen name="x178">121.96dp</dimen>
    <dimen name="x179">122.65dp</dimen>
    <dimen name="x180">123.33dp</dimen>
    <dimen name="x181">124.02dp</dimen>
    <dimen name="x182">124.70dp</dimen>
    <dimen name="x183">125.39dp</dimen>
    <dimen name="x184">126.07dp</dimen>
    <dimen name="x185">126.76dp</dimen>
    <dimen name="x186">127.44dp</dimen>
    <dimen name="x187">128.13dp</dimen>
    <dimen name="x188">128.81dp</dimen>
    <dimen name="x189">129.50dp</dimen>
    <dimen name="x190">130.19dp</dimen>
    <dimen name="x191">130.87dp</dimen>
    <dimen name="x192">131.56dp</dimen>
    <dimen name="x193">132.24dp</dimen>
    <dimen name="x194">132.93dp</dimen>
    <dimen name="x195">133.61dp</dimen>
    <dimen name="x196">134.30dp</dimen>
    <dimen name="x197">134.98dp</dimen>
    <dimen name="x198">135.67dp</dimen>
    <dimen name="x199">136.35dp</dimen>
    <dimen name="x200">137.04dp</dimen>
    <dimen name="x201">137.72dp</dimen>
    <dimen name="x202">138.41dp</dimen>
    <dimen name="x203">139.09dp</dimen>
    <dimen name="x204">139.78dp</dimen>
    <dimen name="x205">140.46dp</dimen>
    <dimen name="x206">141.15dp</dimen>
    <dimen name="x207">141.83dp</dimen>
    <dimen name="x208">142.52dp</dimen>
    <dimen name="x209">143.20dp</dimen>
    <dimen name="x210">143.89dp</dimen>
    <dimen name="x211">144.57dp</dimen>
    <dimen name="x212">145.26dp</dimen>
    <dimen name="x213">145.94dp</dimen>
    <dimen name="x214">146.63dp</dimen>
    <dimen name="x215">147.31dp</dimen>
    <dimen name="x216">148.00dp</dimen>
    <dimen name="x217">148.69dp</dimen>
    <dimen name="x218">149.37dp</dimen>
    <dimen name="x219">150.06dp</dimen>
    <dimen name="x220">150.74dp</dimen>
    <dimen name="x221">151.43dp</dimen>
    <dimen name="x222">152.11dp</dimen>
    <dimen name="x223">152.80dp</dimen>
    <dimen name="x224">153.48dp</dimen>
    <dimen name="x225">154.17dp</dimen>
    <dimen name="x226">154.85dp</dimen>
    <dimen name="x227">155.54dp</dimen>
    <dimen name="x228">156.22dp</dimen>
    <dimen name="x229">156.91dp</dimen>
    <dimen name="x230">157.59dp</dimen>
    <dimen name="x231">158.28dp</dimen>
    <dimen name="x232">158.96dp</dimen>
    <dimen name="x233">159.65dp</dimen>
    <dimen name="x234">160.33dp</dimen>
    <dimen name="x235">161.02dp</dimen>
    <dimen name="x236">161.70dp</dimen>
    <dimen name="x237">162.39dp</dimen>
    <dimen name="x238">163.07dp</dimen>
    <dimen name="x239">163.76dp</dimen>
    <dimen name="x240">164.44dp</dimen>
    <dimen name="x241">165.13dp</dimen>
    <dimen name="x242">165.81dp</dimen>
    <dimen name="x243">166.50dp</dimen>
    <dimen name="x244">167.19dp</dimen>
    <dimen name="x245">167.87dp</dimen>
    <dimen name="x246">168.56dp</dimen>
    <dimen name="x247">169.24dp</dimen>
    <dimen name="x248">169.93dp</dimen>
    <dimen name="x249">170.61dp</dimen>
    <dimen name="x250">171.30dp</dimen>
    <dimen name="x251">171.98dp</dimen>
    <dimen name="x252">172.67dp</dimen>
    <dimen name="x253">173.35dp</dimen>
    <dimen name="x254">174.04dp</dimen>
    <dimen name="x255">174.72dp</dimen>
    <dimen name="x256">175.41dp</dimen>
    <dimen name="x257">176.09dp</dimen>
    <dimen name="x258">176.78dp</dimen>
    <dimen name="x259">177.46dp</dimen>
    <dimen name="x260">178.15dp</dimen>
    <dimen name="x261">178.83dp</dimen>
    <dimen name="x262">179.52dp</dimen>
    <dimen name="x263">180.20dp</dimen>
    <dimen name="x264">180.89dp</dimen>
    <dimen name="x265">181.57dp</dimen>
    <dimen name="x266">182.26dp</dimen>
    <dimen name="x267">182.94dp</dimen>
    <dimen name="x268">183.63dp</dimen>
    <dimen name="x269">184.31dp</dimen>
    <dimen name="x270">185.00dp</dimen>
    <dimen name="x271">185.69dp</dimen>
    <dimen name="x272">186.37dp</dimen>
    <dimen name="x273">187.06dp</dimen>
    <dimen name="x274">187.74dp</dimen>
    <dimen name="x275">188.43dp</dimen>
    <dimen name="x276">189.11dp</dimen>
    <dimen name="x277">189.80dp</dimen>
    <dimen name="x278">190.48dp</dimen>
    <dimen name="x279">191.17dp</dimen>
    <dimen name="x280">191.85dp</dimen>
    <dimen name="x281">192.54dp</dimen>
    <dimen name="x282">193.22dp</dimen>
    <dimen name="x283">193.91dp</dimen>
    <dimen name="x284">194.59dp</dimen>
    <dimen name="x285">195.28dp</dimen>
    <dimen name="x286">195.96dp</dimen>
    <dimen name="x287">196.65dp</dimen>
    <dimen name="x288">197.33dp</dimen>
    <dimen name="x289">198.02dp</dimen>
    <dimen name="x290">198.70dp</dimen>
    <dimen name="x291">199.39dp</dimen>
    <dimen name="x292">200.07dp</dimen>
    <dimen name="x293">200.76dp</dimen>
    <dimen name="x294">201.44dp</dimen>
    <dimen name="x295">202.13dp</dimen>
    <dimen name="x296">202.81dp</dimen>
    <dimen name="x297">203.50dp</dimen>
    <dimen name="x298">204.19dp</dimen>
    <dimen name="x299">204.87dp</dimen>
    <dimen name="x300">205.56dp</dimen>
    <dimen name="x301">206.24dp</dimen>
    <dimen name="x302">206.93dp</dimen>
    <dimen name="x303">207.61dp</dimen>
    <dimen name="x304">208.30dp</dimen>
    <dimen name="x305">208.98dp</dimen>
    <dimen name="x306">209.67dp</dimen>
    <dimen name="x307">210.35dp</dimen>
    <dimen name="x308">211.04dp</dimen>
    <dimen name="x309">211.72dp</dimen>
    <dimen name="x310">212.41dp</dimen>
    <dimen name="x311">213.09dp</dimen>
    <dimen name="x312">213.78dp</dimen>
    <dimen name="x313">214.46dp</dimen>
    <dimen name="x314">215.15dp</dimen>
    <dimen name="x315">215.83dp</dimen>
    <dimen name="x316">216.52dp</dimen>
    <dimen name="x317">217.20dp</dimen>
    <dimen name="x318">217.89dp</dimen>
    <dimen name="x319">218.57dp</dimen>
    <dimen name="x320">219.26dp</dimen>
    <dimen name="x321">219.94dp</dimen>
    <dimen name="x322">220.63dp</dimen>
    <dimen name="x323">221.31dp</dimen>
    <dimen name="x324">222.00dp</dimen>
    <dimen name="x325">222.69dp</dimen>
    <dimen name="x326">223.37dp</dimen>
    <dimen name="x327">224.06dp</dimen>
    <dimen name="x328">224.74dp</dimen>
    <dimen name="x329">225.43dp</dimen>
    <dimen name="x330">226.11dp</dimen>
    <dimen name="x331">226.80dp</dimen>
    <dimen name="x332">227.48dp</dimen>
    <dimen name="x333">228.17dp</dimen>
    <dimen name="x334">228.85dp</dimen>
    <dimen name="x335">229.54dp</dimen>
    <dimen name="x336">230.22dp</dimen>
    <dimen name="x337">230.91dp</dimen>
    <dimen name="x338">231.59dp</dimen>
    <dimen name="x339">232.28dp</dimen>
    <dimen name="x340">232.96dp</dimen>
    <dimen name="x341">233.65dp</dimen>
    <dimen name="x342">234.33dp</dimen>
    <dimen name="x343">235.02dp</dimen>
    <dimen name="x344">235.70dp</dimen>
    <dimen name="x345">236.39dp</dimen>
    <dimen name="x346">237.07dp</dimen>
    <dimen name="x347">237.76dp</dimen>
    <dimen name="x348">238.44dp</dimen>
    <dimen name="x349">239.13dp</dimen>
    <dimen name="x350">239.81dp</dimen>
    <dimen name="x351">240.50dp</dimen>
    <dimen name="x352">241.19dp</dimen>
    <dimen name="x353">241.87dp</dimen>
    <dimen name="x354">242.56dp</dimen>
    <dimen name="x355">243.24dp</dimen>
    <dimen name="x356">243.93dp</dimen>
    <dimen name="x357">244.61dp</dimen>
    <dimen name="x358">245.30dp</dimen>
    <dimen name="x359">245.98dp</dimen>
    <dimen name="x360">246.67dp</dimen>
    <dimen name="x361">247.35dp</dimen>
    <dimen name="x362">248.04dp</dimen>
    <dimen name="x363">248.72dp</dimen>
    <dimen name="x364">249.41dp</dimen>
    <dimen name="x365">250.09dp</dimen>
    <dimen name="x366">250.78dp</dimen>
    <dimen name="x367">251.46dp</dimen>
    <dimen name="x368">252.15dp</dimen>
    <dimen name="x369">252.83dp</dimen>
    <dimen name="x370">253.52dp</dimen>
    <dimen name="x371">254.20dp</dimen>
    <dimen name="x372">254.89dp</dimen>
    <dimen name="x373">255.57dp</dimen>
    <dimen name="x374">256.26dp</dimen>
    <dimen name="x375">256.94dp</dimen>
    <dimen name="x376">257.63dp</dimen>
    <dimen name="x377">258.31dp</dimen>
    <dimen name="x378">259.00dp</dimen>
    <dimen name="x379">259.69dp</dimen>
    <dimen name="x380">260.37dp</dimen>
    <dimen name="x381">261.06dp</dimen>
    <dimen name="x382">261.74dp</dimen>
    <dimen name="x383">262.43dp</dimen>
    <dimen name="x384">263.11dp</dimen>
    <dimen name="x385">263.80dp</dimen>
    <dimen name="x386">264.48dp</dimen>
    <dimen name="x387">265.17dp</dimen>
    <dimen name="x388">265.85dp</dimen>
    <dimen name="x389">266.54dp</dimen>
    <dimen name="x390">267.22dp</dimen>
    <dimen name="x391">267.91dp</dimen>
    <dimen name="x392">268.59dp</dimen>
    <dimen name="x393">269.28dp</dimen>
    <dimen name="x394">269.96dp</dimen>
    <dimen name="x395">270.65dp</dimen>
    <dimen name="x396">271.33dp</dimen>
    <dimen name="x397">272.02dp</dimen>
    <dimen name="x398">272.70dp</dimen>
    <dimen name="x399">273.39dp</dimen>
    <dimen name="x400">274.07dp</dimen>
    <dimen name="x401">274.76dp</dimen>
    <dimen name="x402">275.44dp</dimen>
    <dimen name="x403">276.13dp</dimen>
    <dimen name="x404">276.81dp</dimen>
    <dimen name="x405">277.50dp</dimen>
    <dimen name="x406">278.19dp</dimen>
    <dimen name="x407">278.87dp</dimen>
    <dimen name="x408">279.56dp</dimen>
    <dimen name="x409">280.24dp</dimen>
    <dimen name="x410">280.93dp</dimen>
    <dimen name="x411">281.61dp</dimen>
    <dimen name="x412">282.30dp</dimen>
    <dimen name="x413">282.98dp</dimen>
    <dimen name="x414">283.67dp</dimen>
    <dimen name="x415">284.35dp</dimen>
    <dimen name="x416">285.04dp</dimen>
    <dimen name="x417">285.72dp</dimen>
    <dimen name="x418">286.41dp</dimen>
    <dimen name="x419">287.09dp</dimen>
    <dimen name="x420">287.78dp</dimen>
    <dimen name="x421">288.46dp</dimen>
    <dimen name="x422">289.15dp</dimen>
    <dimen name="x423">289.83dp</dimen>
    <dimen name="x424">290.52dp</dimen>
    <dimen name="x425">291.20dp</dimen>
    <dimen name="x426">291.89dp</dimen>
    <dimen name="x427">292.57dp</dimen>
    <dimen name="x428">293.26dp</dimen>
    <dimen name="x429">293.94dp</dimen>
    <dimen name="x430">294.63dp</dimen>
    <dimen name="x431">295.31dp</dimen>
    <dimen name="x432">296.00dp</dimen>
    <dimen name="x433">296.69dp</dimen>
    <dimen name="x434">297.37dp</dimen>
    <dimen name="x435">298.06dp</dimen>
    <dimen name="x436">298.74dp</dimen>
    <dimen name="x437">299.43dp</dimen>
    <dimen name="x438">300.11dp</dimen>
    <dimen name="x439">300.80dp</dimen>
    <dimen name="x440">301.48dp</dimen>
    <dimen name="x441">302.17dp</dimen>
    <dimen name="x442">302.85dp</dimen>
    <dimen name="x443">303.54dp</dimen>
    <dimen name="x444">304.22dp</dimen>
    <dimen name="x445">304.91dp</dimen>
    <dimen name="x446">305.59dp</dimen>
    <dimen name="x447">306.28dp</dimen>
    <dimen name="x448">306.96dp</dimen>
    <dimen name="x449">307.65dp</dimen>
    <dimen name="x450">308.33dp</dimen>
    <dimen name="x451">309.02dp</dimen>
    <dimen name="x452">309.70dp</dimen>
    <dimen name="x453">310.39dp</dimen>
    <dimen name="x454">311.07dp</dimen>
    <dimen name="x455">311.76dp</dimen>
    <dimen name="x456">312.44dp</dimen>
    <dimen name="x457">313.13dp</dimen>
    <dimen name="x458">313.81dp</dimen>
    <dimen name="x459">314.50dp</dimen>
    <dimen name="x460">315.19dp</dimen>
    <dimen name="x461">315.87dp</dimen>
    <dimen name="x462">316.56dp</dimen>
    <dimen name="x463">317.24dp</dimen>
    <dimen name="x464">317.93dp</dimen>
    <dimen name="x465">318.61dp</dimen>
    <dimen name="x466">319.30dp</dimen>
    <dimen name="x467">319.98dp</dimen>
    <dimen name="x468">320.67dp</dimen>
    <dimen name="x469">321.35dp</dimen>
    <dimen name="x470">322.04dp</dimen>
    <dimen name="x471">322.72dp</dimen>
    <dimen name="x472">323.41dp</dimen>
    <dimen name="x473">324.09dp</dimen>
    <dimen name="x474">324.78dp</dimen>
    <dimen name="x475">325.46dp</dimen>
    <dimen name="x476">326.15dp</dimen>
    <dimen name="x477">326.83dp</dimen>
    <dimen name="x478">327.52dp</dimen>
    <dimen name="x479">328.20dp</dimen>
    <dimen name="x480">328.89dp</dimen>
    <dimen name="x481">329.57dp</dimen>
    <dimen name="x482">330.26dp</dimen>
    <dimen name="x483">330.94dp</dimen>
    <dimen name="x484">331.63dp</dimen>
    <dimen name="x485">332.31dp</dimen>
    <dimen name="x486">333.00dp</dimen>
    <dimen name="x487">333.69dp</dimen>
    <dimen name="x488">334.37dp</dimen>
    <dimen name="x489">335.06dp</dimen>
    <dimen name="x490">335.74dp</dimen>
    <dimen name="x491">336.43dp</dimen>
    <dimen name="x492">337.11dp</dimen>
    <dimen name="x493">337.80dp</dimen>
    <dimen name="x494">338.48dp</dimen>
    <dimen name="x495">339.17dp</dimen>
    <dimen name="x496">339.85dp</dimen>
    <dimen name="x497">340.54dp</dimen>
    <dimen name="x498">341.22dp</dimen>
    <dimen name="x499">341.91dp</dimen>
    <dimen name="x500">342.59dp</dimen>
    <dimen name="x501">343.28dp</dimen>
    <dimen name="x502">343.96dp</dimen>
    <dimen name="x503">344.65dp</dimen>
    <dimen name="x504">345.33dp</dimen>
    <dimen name="x505">346.02dp</dimen>
    <dimen name="x506">346.70dp</dimen>
    <dimen name="x507">347.39dp</dimen>
    <dimen name="x508">348.07dp</dimen>
    <dimen name="x509">348.76dp</dimen>
    <dimen name="x510">349.44dp</dimen>
    <dimen name="x511">350.13dp</dimen>
    <dimen name="x512">350.81dp</dimen>
    <dimen name="x513">351.50dp</dimen>
    <dimen name="x514">352.19dp</dimen>
    <dimen name="x515">352.87dp</dimen>
    <dimen name="x516">353.56dp</dimen>
    <dimen name="x517">354.24dp</dimen>
    <dimen name="x518">354.93dp</dimen>
    <dimen name="x519">355.61dp</dimen>
    <dimen name="x520">356.30dp</dimen>
    <dimen name="x521">356.98dp</dimen>
    <dimen name="x522">357.67dp</dimen>
    <dimen name="x523">358.35dp</dimen>
    <dimen name="x524">359.04dp</dimen>
    <dimen name="x525">359.72dp</dimen>
    <dimen name="x526">360.41dp</dimen>
    <dimen name="x527">361.09dp</dimen>
    <dimen name="x528">361.78dp</dimen>
    <dimen name="x529">362.46dp</dimen>
    <dimen name="x530">363.15dp</dimen>
    <dimen name="x531">363.83dp</dimen>
    <dimen name="x532">364.52dp</dimen>
    <dimen name="x533">365.20dp</dimen>
    <dimen name="x534">365.89dp</dimen>
    <dimen name="x535">366.57dp</dimen>
    <dimen name="x536">367.26dp</dimen>
    <dimen name="x537">367.94dp</dimen>
    <dimen name="x538">368.63dp</dimen>
    <dimen name="x539">369.31dp</dimen>
    <dimen name="x540">370.00dp</dimen>
    <dimen name="x541">370.69dp</dimen>
    <dimen name="x542">371.37dp</dimen>
    <dimen name="x543">372.06dp</dimen>
    <dimen name="x544">372.74dp</dimen>
    <dimen name="x545">373.43dp</dimen>
    <dimen name="x546">374.11dp</dimen>
    <dimen name="x547">374.80dp</dimen>
    <dimen name="x548">375.48dp</dimen>
    <dimen name="x549">376.17dp</dimen>
    <dimen name="x550">376.85dp</dimen>
    <dimen name="x551">377.54dp</dimen>
    <dimen name="x552">378.22dp</dimen>
    <dimen name="x553">378.91dp</dimen>
    <dimen name="x554">379.59dp</dimen>
    <dimen name="x555">380.28dp</dimen>
    <dimen name="x556">380.96dp</dimen>
    <dimen name="x557">381.65dp</dimen>
    <dimen name="x558">382.33dp</dimen>
    <dimen name="x559">383.02dp</dimen>
    <dimen name="x560">383.70dp</dimen>
    <dimen name="x561">384.39dp</dimen>
    <dimen name="x562">385.07dp</dimen>
    <dimen name="x563">385.76dp</dimen>
    <dimen name="x564">386.44dp</dimen>
    <dimen name="x565">387.13dp</dimen>
    <dimen name="x566">387.81dp</dimen>
    <dimen name="x567">388.50dp</dimen>
    <dimen name="x568">389.19dp</dimen>
    <dimen name="x569">389.87dp</dimen>
    <dimen name="x570">390.56dp</dimen>
    <dimen name="x571">391.24dp</dimen>
    <dimen name="x572">391.93dp</dimen>
    <dimen name="x573">392.61dp</dimen>
    <dimen name="x574">393.30dp</dimen>
    <dimen name="x575">393.98dp</dimen>
    <dimen name="x576">394.67dp</dimen>
    <dimen name="x577">395.35dp</dimen>
    <dimen name="x578">396.04dp</dimen>
    <dimen name="x579">396.72dp</dimen>
    <dimen name="x580">397.41dp</dimen>
    <dimen name="x581">398.09dp</dimen>
    <dimen name="x582">398.78dp</dimen>
    <dimen name="x583">399.46dp</dimen>
    <dimen name="x584">400.15dp</dimen>
    <dimen name="x585">400.83dp</dimen>
    <dimen name="x586">401.52dp</dimen>
    <dimen name="x587">402.20dp</dimen>
    <dimen name="x588">402.89dp</dimen>
    <dimen name="x589">403.57dp</dimen>
    <dimen name="x590">404.26dp</dimen>
    <dimen name="x591">404.94dp</dimen>
    <dimen name="x592">405.63dp</dimen>
    <dimen name="x593">406.31dp</dimen>
    <dimen name="x594">407.00dp</dimen>
    <dimen name="x595">407.69dp</dimen>
    <dimen name="x596">408.37dp</dimen>
    <dimen name="x597">409.06dp</dimen>
    <dimen name="x598">409.74dp</dimen>
    <dimen name="x599">410.43dp</dimen>
    <dimen name="x600">411.11dp</dimen>
    <dimen name="x601">411.80dp</dimen>
    <dimen name="x602">412.48dp</dimen>
    <dimen name="x603">413.17dp</dimen>
    <dimen name="x604">413.85dp</dimen>
    <dimen name="x605">414.54dp</dimen>
    <dimen name="x606">415.22dp</dimen>
    <dimen name="x607">415.91dp</dimen>
    <dimen name="x608">416.59dp</dimen>
    <dimen name="x609">417.28dp</dimen>
    <dimen name="x610">417.96dp</dimen>
    <dimen name="x611">418.65dp</dimen>
    <dimen name="x612">419.33dp</dimen>
    <dimen name="x613">420.02dp</dimen>
    <dimen name="x614">420.70dp</dimen>
    <dimen name="x615">421.39dp</dimen>
    <dimen name="x616">422.07dp</dimen>
    <dimen name="x617">422.76dp</dimen>
    <dimen name="x618">423.44dp</dimen>
    <dimen name="x619">424.13dp</dimen>
    <dimen name="x620">424.81dp</dimen>
    <dimen name="x621">425.50dp</dimen>
    <dimen name="x622">426.19dp</dimen>
    <dimen name="x623">426.87dp</dimen>
    <dimen name="x624">427.56dp</dimen>
    <dimen name="x625">428.24dp</dimen>
    <dimen name="x626">428.93dp</dimen>
    <dimen name="x627">429.61dp</dimen>
    <dimen name="x628">430.30dp</dimen>
    <dimen name="x629">430.98dp</dimen>
    <dimen name="x630">431.67dp</dimen>
    <dimen name="x631">432.35dp</dimen>
    <dimen name="x632">433.04dp</dimen>
    <dimen name="x633">433.72dp</dimen>
    <dimen name="x634">434.41dp</dimen>
    <dimen name="x635">435.09dp</dimen>
    <dimen name="x636">435.78dp</dimen>
    <dimen name="x637">436.46dp</dimen>
    <dimen name="x638">437.15dp</dimen>
    <dimen name="x639">437.83dp</dimen>
    <dimen name="x640">438.52dp</dimen>
    <dimen name="x641">439.20dp</dimen>
    <dimen name="x642">439.89dp</dimen>
    <dimen name="x643">440.57dp</dimen>
    <dimen name="x644">441.26dp</dimen>
    <dimen name="x645">441.94dp</dimen>
    <dimen name="x646">442.63dp</dimen>
    <dimen name="x647">443.31dp</dimen>
    <dimen name="x648">444.00dp</dimen>
    <dimen name="x649">444.69dp</dimen>
    <dimen name="x650">445.37dp</dimen>
    <dimen name="x651">446.06dp</dimen>
    <dimen name="x652">446.74dp</dimen>
    <dimen name="x653">447.43dp</dimen>
    <dimen name="x654">448.11dp</dimen>
    <dimen name="x655">448.80dp</dimen>
    <dimen name="x656">449.48dp</dimen>
    <dimen name="x657">450.17dp</dimen>
    <dimen name="x658">450.85dp</dimen>
    <dimen name="x659">451.54dp</dimen>
    <dimen name="x660">452.22dp</dimen>
    <dimen name="x661">452.91dp</dimen>
    <dimen name="x662">453.59dp</dimen>
    <dimen name="x663">454.28dp</dimen>
    <dimen name="x664">454.96dp</dimen>
    <dimen name="x665">455.65dp</dimen>
    <dimen name="x666">456.33dp</dimen>
    <dimen name="x667">457.02dp</dimen>
    <dimen name="x668">457.70dp</dimen>
    <dimen name="x669">458.39dp</dimen>
    <dimen name="x670">459.07dp</dimen>
    <dimen name="x671">459.76dp</dimen>
    <dimen name="x672">460.44dp</dimen>
    <dimen name="x673">461.13dp</dimen>
    <dimen name="x674">461.81dp</dimen>
    <dimen name="x675">462.50dp</dimen>
    <dimen name="x676">463.19dp</dimen>
    <dimen name="x677">463.87dp</dimen>
    <dimen name="x678">464.56dp</dimen>
    <dimen name="x679">465.24dp</dimen>
    <dimen name="x680">465.93dp</dimen>
    <dimen name="x681">466.61dp</dimen>
    <dimen name="x682">467.30dp</dimen>
    <dimen name="x683">467.98dp</dimen>
    <dimen name="x684">468.67dp</dimen>
    <dimen name="x685">469.35dp</dimen>
    <dimen name="x686">470.04dp</dimen>
    <dimen name="x687">470.72dp</dimen>
    <dimen name="x688">471.41dp</dimen>
    <dimen name="x689">472.09dp</dimen>
    <dimen name="x690">472.78dp</dimen>
    <dimen name="x691">473.46dp</dimen>
    <dimen name="x692">474.15dp</dimen>
    <dimen name="x693">474.83dp</dimen>
    <dimen name="x694">475.52dp</dimen>
    <dimen name="x695">476.20dp</dimen>
    <dimen name="x696">476.89dp</dimen>
    <dimen name="x697">477.57dp</dimen>
    <dimen name="x698">478.26dp</dimen>
    <dimen name="x699">478.94dp</dimen>
    <dimen name="x700">479.63dp</dimen>
    <dimen name="x701">480.31dp</dimen>
    <dimen name="x702">481.00dp</dimen>
    <dimen name="x703">481.69dp</dimen>
    <dimen name="x704">482.37dp</dimen>
    <dimen name="x705">483.06dp</dimen>
    <dimen name="x706">483.74dp</dimen>
    <dimen name="x707">484.43dp</dimen>
    <dimen name="x708">485.11dp</dimen>
    <dimen name="x709">485.80dp</dimen>
    <dimen name="x710">486.48dp</dimen>
    <dimen name="x711">487.17dp</dimen>
    <dimen name="x712">487.85dp</dimen>
    <dimen name="x713">488.54dp</dimen>
    <dimen name="x714">489.22dp</dimen>
    <dimen name="x715">489.91dp</dimen>
    <dimen name="x716">490.59dp</dimen>
    <dimen name="x717">491.28dp</dimen>
    <dimen name="x718">491.96dp</dimen>
    <dimen name="x719">492.65dp</dimen>
    <dimen name="x720">493.33dp</dimen>
    <dimen name="x721">494.02dp</dimen>
    <dimen name="x722">494.70dp</dimen>
    <dimen name="x723">495.39dp</dimen>
    <dimen name="x724">496.07dp</dimen>
    <dimen name="x725">496.76dp</dimen>
    <dimen name="x726">497.44dp</dimen>
    <dimen name="x727">498.13dp</dimen>
    <dimen name="x728">498.81dp</dimen>
    <dimen name="x729">499.50dp</dimen>
    <dimen name="x730">500.19dp</dimen>
    <dimen name="x731">500.87dp</dimen>
    <dimen name="x732">501.56dp</dimen>
    <dimen name="x733">502.24dp</dimen>
    <dimen name="x734">502.93dp</dimen>
    <dimen name="x735">503.61dp</dimen>
    <dimen name="x736">504.30dp</dimen>
    <dimen name="x737">504.98dp</dimen>
    <dimen name="x738">505.67dp</dimen>
    <dimen name="x739">506.35dp</dimen>
    <dimen name="x740">507.04dp</dimen>
    <dimen name="x741">507.72dp</dimen>
    <dimen name="x742">508.41dp</dimen>
    <dimen name="x743">509.09dp</dimen>
    <dimen name="x744">509.78dp</dimen>
    <dimen name="x745">510.46dp</dimen>
    <dimen name="x746">511.15dp</dimen>
    <dimen name="x747">511.83dp</dimen>
    <dimen name="x748">512.52dp</dimen>
    <dimen name="x749">513.20dp</dimen>
    <dimen name="x750">513.89dp</dimen>
    <dimen name="x751">514.57dp</dimen>
    <dimen name="x752">515.26dp</dimen>
    <dimen name="x753">515.94dp</dimen>
    <dimen name="x754">516.63dp</dimen>
    <dimen name="x755">517.31dp</dimen>
    <dimen name="x756">518.00dp</dimen>
    <dimen name="x757">518.69dp</dimen>
    <dimen name="x758">519.37dp</dimen>
    <dimen name="x759">520.06dp</dimen>
    <dimen name="x760">520.74dp</dimen>
    <dimen name="x761">521.43dp</dimen>
    <dimen name="x762">522.11dp</dimen>
    <dimen name="x763">522.80dp</dimen>
    <dimen name="x764">523.48dp</dimen>
    <dimen name="x765">524.17dp</dimen>
    <dimen name="x766">524.85dp</dimen>
    <dimen name="x767">525.54dp</dimen>
    <dimen name="x768">526.22dp</dimen>
    <dimen name="x769">526.91dp</dimen>
    <dimen name="x770">527.59dp</dimen>
    <dimen name="x771">528.28dp</dimen>
    <dimen name="x772">528.96dp</dimen>
    <dimen name="x773">529.65dp</dimen>
    <dimen name="x774">530.33dp</dimen>
    <dimen name="x775">531.02dp</dimen>
    <dimen name="x776">531.70dp</dimen>
    <dimen name="x777">532.39dp</dimen>
    <dimen name="x778">533.07dp</dimen>
    <dimen name="x779">533.76dp</dimen>
    <dimen name="x780">534.44dp</dimen>
    <dimen name="x781">535.13dp</dimen>
    <dimen name="x782">535.81dp</dimen>
    <dimen name="x783">536.50dp</dimen>
    <dimen name="x784">537.19dp</dimen>
    <dimen name="x785">537.87dp</dimen>
    <dimen name="x786">538.56dp</dimen>
    <dimen name="x787">539.24dp</dimen>
    <dimen name="x788">539.93dp</dimen>
    <dimen name="x789">540.61dp</dimen>
    <dimen name="x790">541.30dp</dimen>
    <dimen name="x791">541.98dp</dimen>
    <dimen name="x792">542.67dp</dimen>
    <dimen name="x793">543.35dp</dimen>
    <dimen name="x794">544.04dp</dimen>
    <dimen name="x795">544.72dp</dimen>
    <dimen name="x796">545.41dp</dimen>
    <dimen name="x797">546.09dp</dimen>
    <dimen name="x798">546.78dp</dimen>
    <dimen name="x799">547.46dp</dimen>
    <dimen name="x800">548.15dp</dimen>
    <dimen name="x801">548.83dp</dimen>
    <dimen name="x802">549.52dp</dimen>
    <dimen name="x803">550.20dp</dimen>
    <dimen name="x804">550.89dp</dimen>
    <dimen name="x805">551.57dp</dimen>
    <dimen name="x806">552.26dp</dimen>
    <dimen name="x807">552.94dp</dimen>
    <dimen name="x808">553.63dp</dimen>
    <dimen name="x809">554.31dp</dimen>
    <dimen name="x810">555.00dp</dimen>
    <dimen name="x811">555.69dp</dimen>
    <dimen name="x812">556.37dp</dimen>
    <dimen name="x813">557.06dp</dimen>
    <dimen name="x814">557.74dp</dimen>
    <dimen name="x815">558.43dp</dimen>
    <dimen name="x816">559.11dp</dimen>
    <dimen name="x817">559.80dp</dimen>
    <dimen name="x818">560.48dp</dimen>
    <dimen name="x819">561.17dp</dimen>
    <dimen name="x820">561.85dp</dimen>
    <dimen name="x821">562.54dp</dimen>
    <dimen name="x822">563.22dp</dimen>
    <dimen name="x823">563.91dp</dimen>
    <dimen name="x824">564.59dp</dimen>
    <dimen name="x825">565.28dp</dimen>
    <dimen name="x826">565.96dp</dimen>
    <dimen name="x827">566.65dp</dimen>
    <dimen name="x828">567.33dp</dimen>
    <dimen name="x829">568.02dp</dimen>
    <dimen name="x830">568.70dp</dimen>
    <dimen name="x831">569.39dp</dimen>
    <dimen name="x832">570.07dp</dimen>
    <dimen name="x833">570.76dp</dimen>
    <dimen name="x834">571.44dp</dimen>
    <dimen name="x835">572.13dp</dimen>
    <dimen name="x836">572.81dp</dimen>
    <dimen name="x837">573.50dp</dimen>
    <dimen name="x838">574.19dp</dimen>
    <dimen name="x839">574.87dp</dimen>
    <dimen name="x840">575.56dp</dimen>
    <dimen name="x841">576.24dp</dimen>
    <dimen name="x842">576.93dp</dimen>
    <dimen name="x843">577.61dp</dimen>
    <dimen name="x844">578.30dp</dimen>
    <dimen name="x845">578.98dp</dimen>
    <dimen name="x846">579.67dp</dimen>
    <dimen name="x847">580.35dp</dimen>
    <dimen name="x848">581.04dp</dimen>
    <dimen name="x849">581.72dp</dimen>
    <dimen name="x850">582.41dp</dimen>
    <dimen name="x851">583.09dp</dimen>
    <dimen name="x852">583.78dp</dimen>
    <dimen name="x853">584.46dp</dimen>
    <dimen name="x854">585.15dp</dimen>
    <dimen name="x855">585.83dp</dimen>
    <dimen name="x856">586.52dp</dimen>
    <dimen name="x857">587.20dp</dimen>
    <dimen name="x858">587.89dp</dimen>
    <dimen name="x859">588.57dp</dimen>
    <dimen name="x860">589.26dp</dimen>
    <dimen name="x861">589.94dp</dimen>
    <dimen name="x862">590.63dp</dimen>
    <dimen name="x863">591.31dp</dimen>
    <dimen name="x864">592.00dp</dimen>
    <dimen name="x865">592.69dp</dimen>
    <dimen name="x866">593.37dp</dimen>
    <dimen name="x867">594.06dp</dimen>
    <dimen name="x868">594.74dp</dimen>
    <dimen name="x869">595.43dp</dimen>
    <dimen name="x870">596.11dp</dimen>
    <dimen name="x871">596.80dp</dimen>
    <dimen name="x872">597.48dp</dimen>
    <dimen name="x873">598.17dp</dimen>
    <dimen name="x874">598.85dp</dimen>
    <dimen name="x875">599.54dp</dimen>
    <dimen name="x876">600.22dp</dimen>
    <dimen name="x877">600.91dp</dimen>
    <dimen name="x878">601.59dp</dimen>
    <dimen name="x879">602.28dp</dimen>
    <dimen name="x880">602.96dp</dimen>
    <dimen name="x881">603.65dp</dimen>
    <dimen name="x882">604.33dp</dimen>
    <dimen name="x883">605.02dp</dimen>
    <dimen name="x884">605.70dp</dimen>
    <dimen name="x885">606.39dp</dimen>
    <dimen name="x886">607.07dp</dimen>
    <dimen name="x887">607.76dp</dimen>
    <dimen name="x888">608.44dp</dimen>
    <dimen name="x889">609.13dp</dimen>
    <dimen name="x890">609.81dp</dimen>
    <dimen name="x891">610.50dp</dimen>
    <dimen name="x892">611.19dp</dimen>
    <dimen name="x893">611.87dp</dimen>
    <dimen name="x894">612.56dp</dimen>
    <dimen name="x895">613.24dp</dimen>
    <dimen name="x896">613.93dp</dimen>
    <dimen name="x897">614.61dp</dimen>
    <dimen name="x898">615.30dp</dimen>
    <dimen name="x899">615.98dp</dimen>
    <dimen name="x900">616.67dp</dimen>
    <dimen name="x901">617.35dp</dimen>
    <dimen name="x902">618.04dp</dimen>
    <dimen name="x903">618.72dp</dimen>
    <dimen name="x904">619.41dp</dimen>
    <dimen name="x905">620.09dp</dimen>
    <dimen name="x906">620.78dp</dimen>
    <dimen name="x907">621.46dp</dimen>
    <dimen name="x908">622.15dp</dimen>
    <dimen name="x909">622.83dp</dimen>
    <dimen name="x910">623.52dp</dimen>
    <dimen name="x911">624.20dp</dimen>
    <dimen name="x912">624.89dp</dimen>
    <dimen name="x913">625.57dp</dimen>
    <dimen name="x914">626.26dp</dimen>
    <dimen name="x915">626.94dp</dimen>
    <dimen name="x916">627.63dp</dimen>
    <dimen name="x917">628.31dp</dimen>
    <dimen name="x918">629.00dp</dimen>
    <dimen name="x919">629.69dp</dimen>
    <dimen name="x920">630.37dp</dimen>
    <dimen name="x921">631.06dp</dimen>
    <dimen name="x922">631.74dp</dimen>
    <dimen name="x923">632.43dp</dimen>
    <dimen name="x924">633.11dp</dimen>
    <dimen name="x925">633.80dp</dimen>
    <dimen name="x926">634.48dp</dimen>
    <dimen name="x927">635.17dp</dimen>
    <dimen name="x928">635.85dp</dimen>
    <dimen name="x929">636.54dp</dimen>
    <dimen name="x930">637.22dp</dimen>
    <dimen name="x931">637.91dp</dimen>
    <dimen name="x932">638.59dp</dimen>
    <dimen name="x933">639.28dp</dimen>
    <dimen name="x934">639.96dp</dimen>
    <dimen name="x935">640.65dp</dimen>
    <dimen name="x936">641.33dp</dimen>
    <dimen name="x937">642.02dp</dimen>
    <dimen name="x938">642.70dp</dimen>
    <dimen name="x939">643.39dp</dimen>
    <dimen name="x940">644.07dp</dimen>
    <dimen name="x941">644.76dp</dimen>
    <dimen name="x942">645.44dp</dimen>
    <dimen name="x943">646.13dp</dimen>
    <dimen name="x944">646.81dp</dimen>
    <dimen name="x945">647.50dp</dimen>
    <dimen name="x946">648.19dp</dimen>
    <dimen name="x947">648.87dp</dimen>
    <dimen name="x948">649.56dp</dimen>
    <dimen name="x949">650.24dp</dimen>
    <dimen name="x950">650.93dp</dimen>
    <dimen name="x951">651.61dp</dimen>
    <dimen name="x952">652.30dp</dimen>
    <dimen name="x953">652.98dp</dimen>
    <dimen name="x954">653.67dp</dimen>
    <dimen name="x955">654.35dp</dimen>
    <dimen name="x956">655.04dp</dimen>
    <dimen name="x957">655.72dp</dimen>
    <dimen name="x958">656.41dp</dimen>
    <dimen name="x959">657.09dp</dimen>
    <dimen name="x960">657.78dp</dimen>
    <dimen name="x961">658.46dp</dimen>
    <dimen name="x962">659.15dp</dimen>
    <dimen name="x963">659.83dp</dimen>
    <dimen name="x964">660.52dp</dimen>
    <dimen name="x965">661.20dp</dimen>
    <dimen name="x966">661.89dp</dimen>
    <dimen name="x967">662.57dp</dimen>
    <dimen name="x968">663.26dp</dimen>
    <dimen name="x969">663.94dp</dimen>
    <dimen name="x970">664.63dp</dimen>
    <dimen name="x971">665.31dp</dimen>
    <dimen name="x972">666.00dp</dimen>
    <dimen name="x973">666.69dp</dimen>
    <dimen name="x974">667.37dp</dimen>
    <dimen name="x975">668.06dp</dimen>
    <dimen name="x976">668.74dp</dimen>
    <dimen name="x977">669.43dp</dimen>
    <dimen name="x978">670.11dp</dimen>
    <dimen name="x979">670.80dp</dimen>
    <dimen name="x980">671.48dp</dimen>
    <dimen name="x981">672.17dp</dimen>
    <dimen name="x982">672.85dp</dimen>
    <dimen name="x983">673.54dp</dimen>
    <dimen name="x984">674.22dp</dimen>
    <dimen name="x985">674.91dp</dimen>
    <dimen name="x986">675.59dp</dimen>
    <dimen name="x987">676.28dp</dimen>
    <dimen name="x988">676.96dp</dimen>
    <dimen name="x989">677.65dp</dimen>
    <dimen name="x990">678.33dp</dimen>
    <dimen name="x991">679.02dp</dimen>
    <dimen name="x992">679.70dp</dimen>
    <dimen name="x993">680.39dp</dimen>
    <dimen name="x994">681.07dp</dimen>
    <dimen name="x995">681.76dp</dimen>
    <dimen name="x996">682.44dp</dimen>
    <dimen name="x997">683.13dp</dimen>
    <dimen name="x998">683.81dp</dimen>
    <dimen name="x999">684.50dp</dimen>
    <dimen name="x1000">685.19dp</dimen>
    <dimen name="x1001">685.87dp</dimen>
    <dimen name="x1002">686.56dp</dimen>
    <dimen name="x1003">687.24dp</dimen>
    <dimen name="x1004">687.93dp</dimen>
    <dimen name="x1005">688.61dp</dimen>
    <dimen name="x1006">689.30dp</dimen>
    <dimen name="x1007">689.98dp</dimen>
    <dimen name="x1008">690.67dp</dimen>
    <dimen name="x1009">691.35dp</dimen>
    <dimen name="x1010">692.04dp</dimen>
    <dimen name="x1011">692.72dp</dimen>
    <dimen name="x1012">693.41dp</dimen>
    <dimen name="x1013">694.09dp</dimen>
    <dimen name="x1014">694.78dp</dimen>
    <dimen name="x1015">695.46dp</dimen>
    <dimen name="x1016">696.15dp</dimen>
    <dimen name="x1017">696.83dp</dimen>
    <dimen name="x1018">697.52dp</dimen>
    <dimen name="x1019">698.20dp</dimen>
    <dimen name="x1020">698.89dp</dimen>
    <dimen name="x1021">699.57dp</dimen>
    <dimen name="x1022">700.26dp</dimen>
    <dimen name="x1023">700.94dp</dimen>
    <dimen name="x1024">701.63dp</dimen>
    <dimen name="x1025">702.31dp</dimen>
    <dimen name="x1026">703.00dp</dimen>
    <dimen name="x1027">703.69dp</dimen>
    <dimen name="x1028">704.37dp</dimen>
    <dimen name="x1029">705.06dp</dimen>
    <dimen name="x1030">705.74dp</dimen>
    <dimen name="x1031">706.43dp</dimen>
    <dimen name="x1032">707.11dp</dimen>
    <dimen name="x1033">707.80dp</dimen>
    <dimen name="x1034">708.48dp</dimen>
    <dimen name="x1035">709.17dp</dimen>
    <dimen name="x1036">709.85dp</dimen>
    <dimen name="x1037">710.54dp</dimen>
    <dimen name="x1038">711.22dp</dimen>
    <dimen name="x1039">711.91dp</dimen>
    <dimen name="x1040">712.59dp</dimen>
    <dimen name="x1041">713.28dp</dimen>
    <dimen name="x1042">713.96dp</dimen>
    <dimen name="x1043">714.65dp</dimen>
    <dimen name="x1044">715.33dp</dimen>
    <dimen name="x1045">716.02dp</dimen>
    <dimen name="x1046">716.70dp</dimen>
    <dimen name="x1047">717.39dp</dimen>
    <dimen name="x1048">718.07dp</dimen>
    <dimen name="x1049">718.76dp</dimen>
    <dimen name="x1050">719.44dp</dimen>
    <dimen name="x1051">720.13dp</dimen>
    <dimen name="x1052">720.81dp</dimen>
    <dimen name="x1053">721.50dp</dimen>
    <dimen name="x1054">722.19dp</dimen>
    <dimen name="x1055">722.87dp</dimen>
    <dimen name="x1056">723.56dp</dimen>
    <dimen name="x1057">724.24dp</dimen>
    <dimen name="x1058">724.93dp</dimen>
    <dimen name="x1059">725.61dp</dimen>
    <dimen name="x1060">726.30dp</dimen>
    <dimen name="x1061">726.98dp</dimen>
    <dimen name="x1062">727.67dp</dimen>
    <dimen name="x1063">728.35dp</dimen>
    <dimen name="x1064">729.04dp</dimen>
    <dimen name="x1065">729.72dp</dimen>
    <dimen name="x1066">730.41dp</dimen>
    <dimen name="x1067">731.09dp</dimen>
    <dimen name="x1068">731.78dp</dimen>
    <dimen name="x1069">732.46dp</dimen>
    <dimen name="x1070">733.15dp</dimen>
    <dimen name="x1071">733.83dp</dimen>
    <dimen name="x1072">734.52dp</dimen>
    <dimen name="x1073">735.20dp</dimen>
    <dimen name="x1074">735.89dp</dimen>
    <dimen name="x1075">736.57dp</dimen>
    <dimen name="x1076">737.26dp</dimen>
    <dimen name="x1077">737.94dp</dimen>
    <dimen name="x1078">738.63dp</dimen>
    <dimen name="x1079">739.31dp</dimen>
    <dimen name="x1080">740.00dp</dimen>
</resources>