<?xml version="1.0" encoding="utf-8"?>
<resources>
    <string name="sw_dp">1620dp</string>
    <dimen name="x1">1.50dp</dimen>
    <dimen name="x2">3.00dp</dimen>
    <dimen name="x3">4.50dp</dimen>
    <dimen name="x4">6.00dp</dimen>
    <dimen name="x5">7.50dp</dimen>
    <dimen name="x6">9.00dp</dimen>
    <dimen name="x7">10.50dp</dimen>
    <dimen name="x8">12.00dp</dimen>
    <dimen name="x9">13.50dp</dimen>
    <dimen name="x10">15.00dp</dimen>
    <dimen name="x11">16.50dp</dimen>
    <dimen name="x12">18.00dp</dimen>
    <dimen name="x13">19.50dp</dimen>
    <dimen name="x14">21.00dp</dimen>
    <dimen name="x15">22.50dp</dimen>
    <dimen name="x16">24.00dp</dimen>
    <dimen name="x17">25.50dp</dimen>
    <dimen name="x18">27.00dp</dimen>
    <dimen name="x19">28.50dp</dimen>
    <dimen name="x20">30.00dp</dimen>
    <dimen name="x21">31.50dp</dimen>
    <dimen name="x22">33.00dp</dimen>
    <dimen name="x23">34.50dp</dimen>
    <dimen name="x24">36.00dp</dimen>
    <dimen name="x25">37.50dp</dimen>
    <dimen name="x26">39.00dp</dimen>
    <dimen name="x27">40.50dp</dimen>
    <dimen name="x28">42.00dp</dimen>
    <dimen name="x29">43.50dp</dimen>
    <dimen name="x30">45.00dp</dimen>
    <dimen name="x31">46.50dp</dimen>
    <dimen name="x32">48.00dp</dimen>
    <dimen name="x33">49.50dp</dimen>
    <dimen name="x34">51.00dp</dimen>
    <dimen name="x35">52.50dp</dimen>
    <dimen name="x36">54.00dp</dimen>
    <dimen name="x37">55.50dp</dimen>
    <dimen name="x38">57.00dp</dimen>
    <dimen name="x39">58.50dp</dimen>
    <dimen name="x40">60.00dp</dimen>
    <dimen name="x41">61.50dp</dimen>
    <dimen name="x42">63.00dp</dimen>
    <dimen name="x43">64.50dp</dimen>
    <dimen name="x44">66.00dp</dimen>
    <dimen name="x45">67.50dp</dimen>
    <dimen name="x46">69.00dp</dimen>
    <dimen name="x47">70.50dp</dimen>
    <dimen name="x48">72.00dp</dimen>
    <dimen name="x49">73.50dp</dimen>
    <dimen name="x50">75.00dp</dimen>
    <dimen name="x51">76.50dp</dimen>
    <dimen name="x52">78.00dp</dimen>
    <dimen name="x53">79.50dp</dimen>
    <dimen name="x54">81.00dp</dimen>
    <dimen name="x55">82.50dp</dimen>
    <dimen name="x56">84.00dp</dimen>
    <dimen name="x57">85.50dp</dimen>
    <dimen name="x58">87.00dp</dimen>
    <dimen name="x59">88.50dp</dimen>
    <dimen name="x60">90.00dp</dimen>
    <dimen name="x61">91.50dp</dimen>
    <dimen name="x62">93.00dp</dimen>
    <dimen name="x63">94.50dp</dimen>
    <dimen name="x64">96.00dp</dimen>
    <dimen name="x65">97.50dp</dimen>
    <dimen name="x66">99.00dp</dimen>
    <dimen name="x67">100.50dp</dimen>
    <dimen name="x68">102.00dp</dimen>
    <dimen name="x69">103.50dp</dimen>
    <dimen name="x70">105.00dp</dimen>
    <dimen name="x71">106.50dp</dimen>
    <dimen name="x72">108.00dp</dimen>
    <dimen name="x73">109.50dp</dimen>
    <dimen name="x74">111.00dp</dimen>
    <dimen name="x75">112.50dp</dimen>
    <dimen name="x76">114.00dp</dimen>
    <dimen name="x77">115.50dp</dimen>
    <dimen name="x78">117.00dp</dimen>
    <dimen name="x79">118.50dp</dimen>
    <dimen name="x80">120.00dp</dimen>
    <dimen name="x81">121.50dp</dimen>
    <dimen name="x82">123.00dp</dimen>
    <dimen name="x83">124.50dp</dimen>
    <dimen name="x84">126.00dp</dimen>
    <dimen name="x85">127.50dp</dimen>
    <dimen name="x86">129.00dp</dimen>
    <dimen name="x87">130.50dp</dimen>
    <dimen name="x88">132.00dp</dimen>
    <dimen name="x89">133.50dp</dimen>
    <dimen name="x90">135.00dp</dimen>
    <dimen name="x91">136.50dp</dimen>
    <dimen name="x92">138.00dp</dimen>
    <dimen name="x93">139.50dp</dimen>
    <dimen name="x94">141.00dp</dimen>
    <dimen name="x95">142.50dp</dimen>
    <dimen name="x96">144.00dp</dimen>
    <dimen name="x97">145.50dp</dimen>
    <dimen name="x98">147.00dp</dimen>
    <dimen name="x99">148.50dp</dimen>
    <dimen name="x100">150.00dp</dimen>
    <dimen name="x101">151.50dp</dimen>
    <dimen name="x102">153.00dp</dimen>
    <dimen name="x103">154.50dp</dimen>
    <dimen name="x104">156.00dp</dimen>
    <dimen name="x105">157.50dp</dimen>
    <dimen name="x106">159.00dp</dimen>
    <dimen name="x107">160.50dp</dimen>
    <dimen name="x108">162.00dp</dimen>
    <dimen name="x109">163.50dp</dimen>
    <dimen name="x110">165.00dp</dimen>
    <dimen name="x111">166.50dp</dimen>
    <dimen name="x112">168.00dp</dimen>
    <dimen name="x113">169.50dp</dimen>
    <dimen name="x114">171.00dp</dimen>
    <dimen name="x115">172.50dp</dimen>
    <dimen name="x116">174.00dp</dimen>
    <dimen name="x117">175.50dp</dimen>
    <dimen name="x118">177.00dp</dimen>
    <dimen name="x119">178.50dp</dimen>
    <dimen name="x120">180.00dp</dimen>
    <dimen name="x121">181.50dp</dimen>
    <dimen name="x122">183.00dp</dimen>
    <dimen name="x123">184.50dp</dimen>
    <dimen name="x124">186.00dp</dimen>
    <dimen name="x125">187.50dp</dimen>
    <dimen name="x126">189.00dp</dimen>
    <dimen name="x127">190.50dp</dimen>
    <dimen name="x128">192.00dp</dimen>
    <dimen name="x129">193.50dp</dimen>
    <dimen name="x130">195.00dp</dimen>
    <dimen name="x131">196.50dp</dimen>
    <dimen name="x132">198.00dp</dimen>
    <dimen name="x133">199.50dp</dimen>
    <dimen name="x134">201.00dp</dimen>
    <dimen name="x135">202.50dp</dimen>
    <dimen name="x136">204.00dp</dimen>
    <dimen name="x137">205.50dp</dimen>
    <dimen name="x138">207.00dp</dimen>
    <dimen name="x139">208.50dp</dimen>
    <dimen name="x140">210.00dp</dimen>
    <dimen name="x141">211.50dp</dimen>
    <dimen name="x142">213.00dp</dimen>
    <dimen name="x143">214.50dp</dimen>
    <dimen name="x144">216.00dp</dimen>
    <dimen name="x145">217.50dp</dimen>
    <dimen name="x146">219.00dp</dimen>
    <dimen name="x147">220.50dp</dimen>
    <dimen name="x148">222.00dp</dimen>
    <dimen name="x149">223.50dp</dimen>
    <dimen name="x150">225.00dp</dimen>
    <dimen name="x151">226.50dp</dimen>
    <dimen name="x152">228.00dp</dimen>
    <dimen name="x153">229.50dp</dimen>
    <dimen name="x154">231.00dp</dimen>
    <dimen name="x155">232.50dp</dimen>
    <dimen name="x156">234.00dp</dimen>
    <dimen name="x157">235.50dp</dimen>
    <dimen name="x158">237.00dp</dimen>
    <dimen name="x159">238.50dp</dimen>
    <dimen name="x160">240.00dp</dimen>
    <dimen name="x161">241.50dp</dimen>
    <dimen name="x162">243.00dp</dimen>
    <dimen name="x163">244.50dp</dimen>
    <dimen name="x164">246.00dp</dimen>
    <dimen name="x165">247.50dp</dimen>
    <dimen name="x166">249.00dp</dimen>
    <dimen name="x167">250.50dp</dimen>
    <dimen name="x168">252.00dp</dimen>
    <dimen name="x169">253.50dp</dimen>
    <dimen name="x170">255.00dp</dimen>
    <dimen name="x171">256.50dp</dimen>
    <dimen name="x172">258.00dp</dimen>
    <dimen name="x173">259.50dp</dimen>
    <dimen name="x174">261.00dp</dimen>
    <dimen name="x175">262.50dp</dimen>
    <dimen name="x176">264.00dp</dimen>
    <dimen name="x177">265.50dp</dimen>
    <dimen name="x178">267.00dp</dimen>
    <dimen name="x179">268.50dp</dimen>
    <dimen name="x180">270.00dp</dimen>
    <dimen name="x181">271.50dp</dimen>
    <dimen name="x182">273.00dp</dimen>
    <dimen name="x183">274.50dp</dimen>
    <dimen name="x184">276.00dp</dimen>
    <dimen name="x185">277.50dp</dimen>
    <dimen name="x186">279.00dp</dimen>
    <dimen name="x187">280.50dp</dimen>
    <dimen name="x188">282.00dp</dimen>
    <dimen name="x189">283.50dp</dimen>
    <dimen name="x190">285.00dp</dimen>
    <dimen name="x191">286.50dp</dimen>
    <dimen name="x192">288.00dp</dimen>
    <dimen name="x193">289.50dp</dimen>
    <dimen name="x194">291.00dp</dimen>
    <dimen name="x195">292.50dp</dimen>
    <dimen name="x196">294.00dp</dimen>
    <dimen name="x197">295.50dp</dimen>
    <dimen name="x198">297.00dp</dimen>
    <dimen name="x199">298.50dp</dimen>
    <dimen name="x200">300.00dp</dimen>
    <dimen name="x201">301.50dp</dimen>
    <dimen name="x202">303.00dp</dimen>
    <dimen name="x203">304.50dp</dimen>
    <dimen name="x204">306.00dp</dimen>
    <dimen name="x205">307.50dp</dimen>
    <dimen name="x206">309.00dp</dimen>
    <dimen name="x207">310.50dp</dimen>
    <dimen name="x208">312.00dp</dimen>
    <dimen name="x209">313.50dp</dimen>
    <dimen name="x210">315.00dp</dimen>
    <dimen name="x211">316.50dp</dimen>
    <dimen name="x212">318.00dp</dimen>
    <dimen name="x213">319.50dp</dimen>
    <dimen name="x214">321.00dp</dimen>
    <dimen name="x215">322.50dp</dimen>
    <dimen name="x216">324.00dp</dimen>
    <dimen name="x217">325.50dp</dimen>
    <dimen name="x218">327.00dp</dimen>
    <dimen name="x219">328.50dp</dimen>
    <dimen name="x220">330.00dp</dimen>
    <dimen name="x221">331.50dp</dimen>
    <dimen name="x222">333.00dp</dimen>
    <dimen name="x223">334.50dp</dimen>
    <dimen name="x224">336.00dp</dimen>
    <dimen name="x225">337.50dp</dimen>
    <dimen name="x226">339.00dp</dimen>
    <dimen name="x227">340.50dp</dimen>
    <dimen name="x228">342.00dp</dimen>
    <dimen name="x229">343.50dp</dimen>
    <dimen name="x230">345.00dp</dimen>
    <dimen name="x231">346.50dp</dimen>
    <dimen name="x232">348.00dp</dimen>
    <dimen name="x233">349.50dp</dimen>
    <dimen name="x234">351.00dp</dimen>
    <dimen name="x235">352.50dp</dimen>
    <dimen name="x236">354.00dp</dimen>
    <dimen name="x237">355.50dp</dimen>
    <dimen name="x238">357.00dp</dimen>
    <dimen name="x239">358.50dp</dimen>
    <dimen name="x240">360.00dp</dimen>
    <dimen name="x241">361.50dp</dimen>
    <dimen name="x242">363.00dp</dimen>
    <dimen name="x243">364.50dp</dimen>
    <dimen name="x244">366.00dp</dimen>
    <dimen name="x245">367.50dp</dimen>
    <dimen name="x246">369.00dp</dimen>
    <dimen name="x247">370.50dp</dimen>
    <dimen name="x248">372.00dp</dimen>
    <dimen name="x249">373.50dp</dimen>
    <dimen name="x250">375.00dp</dimen>
    <dimen name="x251">376.50dp</dimen>
    <dimen name="x252">378.00dp</dimen>
    <dimen name="x253">379.50dp</dimen>
    <dimen name="x254">381.00dp</dimen>
    <dimen name="x255">382.50dp</dimen>
    <dimen name="x256">384.00dp</dimen>
    <dimen name="x257">385.50dp</dimen>
    <dimen name="x258">387.00dp</dimen>
    <dimen name="x259">388.50dp</dimen>
    <dimen name="x260">390.00dp</dimen>
    <dimen name="x261">391.50dp</dimen>
    <dimen name="x262">393.00dp</dimen>
    <dimen name="x263">394.50dp</dimen>
    <dimen name="x264">396.00dp</dimen>
    <dimen name="x265">397.50dp</dimen>
    <dimen name="x266">399.00dp</dimen>
    <dimen name="x267">400.50dp</dimen>
    <dimen name="x268">402.00dp</dimen>
    <dimen name="x269">403.50dp</dimen>
    <dimen name="x270">405.00dp</dimen>
    <dimen name="x271">406.50dp</dimen>
    <dimen name="x272">408.00dp</dimen>
    <dimen name="x273">409.50dp</dimen>
    <dimen name="x274">411.00dp</dimen>
    <dimen name="x275">412.50dp</dimen>
    <dimen name="x276">414.00dp</dimen>
    <dimen name="x277">415.50dp</dimen>
    <dimen name="x278">417.00dp</dimen>
    <dimen name="x279">418.50dp</dimen>
    <dimen name="x280">420.00dp</dimen>
    <dimen name="x281">421.50dp</dimen>
    <dimen name="x282">423.00dp</dimen>
    <dimen name="x283">424.50dp</dimen>
    <dimen name="x284">426.00dp</dimen>
    <dimen name="x285">427.50dp</dimen>
    <dimen name="x286">429.00dp</dimen>
    <dimen name="x287">430.50dp</dimen>
    <dimen name="x288">432.00dp</dimen>
    <dimen name="x289">433.50dp</dimen>
    <dimen name="x290">435.00dp</dimen>
    <dimen name="x291">436.50dp</dimen>
    <dimen name="x292">438.00dp</dimen>
    <dimen name="x293">439.50dp</dimen>
    <dimen name="x294">441.00dp</dimen>
    <dimen name="x295">442.50dp</dimen>
    <dimen name="x296">444.00dp</dimen>
    <dimen name="x297">445.50dp</dimen>
    <dimen name="x298">447.00dp</dimen>
    <dimen name="x299">448.50dp</dimen>
    <dimen name="x300">450.00dp</dimen>
    <dimen name="x301">451.50dp</dimen>
    <dimen name="x302">453.00dp</dimen>
    <dimen name="x303">454.50dp</dimen>
    <dimen name="x304">456.00dp</dimen>
    <dimen name="x305">457.50dp</dimen>
    <dimen name="x306">459.00dp</dimen>
    <dimen name="x307">460.50dp</dimen>
    <dimen name="x308">462.00dp</dimen>
    <dimen name="x309">463.50dp</dimen>
    <dimen name="x310">465.00dp</dimen>
    <dimen name="x311">466.50dp</dimen>
    <dimen name="x312">468.00dp</dimen>
    <dimen name="x313">469.50dp</dimen>
    <dimen name="x314">471.00dp</dimen>
    <dimen name="x315">472.50dp</dimen>
    <dimen name="x316">474.00dp</dimen>
    <dimen name="x317">475.50dp</dimen>
    <dimen name="x318">477.00dp</dimen>
    <dimen name="x319">478.50dp</dimen>
    <dimen name="x320">480.00dp</dimen>
    <dimen name="x321">481.50dp</dimen>
    <dimen name="x322">483.00dp</dimen>
    <dimen name="x323">484.50dp</dimen>
    <dimen name="x324">486.00dp</dimen>
    <dimen name="x325">487.50dp</dimen>
    <dimen name="x326">489.00dp</dimen>
    <dimen name="x327">490.50dp</dimen>
    <dimen name="x328">492.00dp</dimen>
    <dimen name="x329">493.50dp</dimen>
    <dimen name="x330">495.00dp</dimen>
    <dimen name="x331">496.50dp</dimen>
    <dimen name="x332">498.00dp</dimen>
    <dimen name="x333">499.50dp</dimen>
    <dimen name="x334">501.00dp</dimen>
    <dimen name="x335">502.50dp</dimen>
    <dimen name="x336">504.00dp</dimen>
    <dimen name="x337">505.50dp</dimen>
    <dimen name="x338">507.00dp</dimen>
    <dimen name="x339">508.50dp</dimen>
    <dimen name="x340">510.00dp</dimen>
    <dimen name="x341">511.50dp</dimen>
    <dimen name="x342">513.00dp</dimen>
    <dimen name="x343">514.50dp</dimen>
    <dimen name="x344">516.00dp</dimen>
    <dimen name="x345">517.50dp</dimen>
    <dimen name="x346">519.00dp</dimen>
    <dimen name="x347">520.50dp</dimen>
    <dimen name="x348">522.00dp</dimen>
    <dimen name="x349">523.50dp</dimen>
    <dimen name="x350">525.00dp</dimen>
    <dimen name="x351">526.50dp</dimen>
    <dimen name="x352">528.00dp</dimen>
    <dimen name="x353">529.50dp</dimen>
    <dimen name="x354">531.00dp</dimen>
    <dimen name="x355">532.50dp</dimen>
    <dimen name="x356">534.00dp</dimen>
    <dimen name="x357">535.50dp</dimen>
    <dimen name="x358">537.00dp</dimen>
    <dimen name="x359">538.50dp</dimen>
    <dimen name="x360">540.00dp</dimen>
    <dimen name="x361">541.50dp</dimen>
    <dimen name="x362">543.00dp</dimen>
    <dimen name="x363">544.50dp</dimen>
    <dimen name="x364">546.00dp</dimen>
    <dimen name="x365">547.50dp</dimen>
    <dimen name="x366">549.00dp</dimen>
    <dimen name="x367">550.50dp</dimen>
    <dimen name="x368">552.00dp</dimen>
    <dimen name="x369">553.50dp</dimen>
    <dimen name="x370">555.00dp</dimen>
    <dimen name="x371">556.50dp</dimen>
    <dimen name="x372">558.00dp</dimen>
    <dimen name="x373">559.50dp</dimen>
    <dimen name="x374">561.00dp</dimen>
    <dimen name="x375">562.50dp</dimen>
    <dimen name="x376">564.00dp</dimen>
    <dimen name="x377">565.50dp</dimen>
    <dimen name="x378">567.00dp</dimen>
    <dimen name="x379">568.50dp</dimen>
    <dimen name="x380">570.00dp</dimen>
    <dimen name="x381">571.50dp</dimen>
    <dimen name="x382">573.00dp</dimen>
    <dimen name="x383">574.50dp</dimen>
    <dimen name="x384">576.00dp</dimen>
    <dimen name="x385">577.50dp</dimen>
    <dimen name="x386">579.00dp</dimen>
    <dimen name="x387">580.50dp</dimen>
    <dimen name="x388">582.00dp</dimen>
    <dimen name="x389">583.50dp</dimen>
    <dimen name="x390">585.00dp</dimen>
    <dimen name="x391">586.50dp</dimen>
    <dimen name="x392">588.00dp</dimen>
    <dimen name="x393">589.50dp</dimen>
    <dimen name="x394">591.00dp</dimen>
    <dimen name="x395">592.50dp</dimen>
    <dimen name="x396">594.00dp</dimen>
    <dimen name="x397">595.50dp</dimen>
    <dimen name="x398">597.00dp</dimen>
    <dimen name="x399">598.50dp</dimen>
    <dimen name="x400">600.00dp</dimen>
    <dimen name="x401">601.50dp</dimen>
    <dimen name="x402">603.00dp</dimen>
    <dimen name="x403">604.50dp</dimen>
    <dimen name="x404">606.00dp</dimen>
    <dimen name="x405">607.50dp</dimen>
    <dimen name="x406">609.00dp</dimen>
    <dimen name="x407">610.50dp</dimen>
    <dimen name="x408">612.00dp</dimen>
    <dimen name="x409">613.50dp</dimen>
    <dimen name="x410">615.00dp</dimen>
    <dimen name="x411">616.50dp</dimen>
    <dimen name="x412">618.00dp</dimen>
    <dimen name="x413">619.50dp</dimen>
    <dimen name="x414">621.00dp</dimen>
    <dimen name="x415">622.50dp</dimen>
    <dimen name="x416">624.00dp</dimen>
    <dimen name="x417">625.50dp</dimen>
    <dimen name="x418">627.00dp</dimen>
    <dimen name="x419">628.50dp</dimen>
    <dimen name="x420">630.00dp</dimen>
    <dimen name="x421">631.50dp</dimen>
    <dimen name="x422">633.00dp</dimen>
    <dimen name="x423">634.50dp</dimen>
    <dimen name="x424">636.00dp</dimen>
    <dimen name="x425">637.50dp</dimen>
    <dimen name="x426">639.00dp</dimen>
    <dimen name="x427">640.50dp</dimen>
    <dimen name="x428">642.00dp</dimen>
    <dimen name="x429">643.50dp</dimen>
    <dimen name="x430">645.00dp</dimen>
    <dimen name="x431">646.50dp</dimen>
    <dimen name="x432">648.00dp</dimen>
    <dimen name="x433">649.50dp</dimen>
    <dimen name="x434">651.00dp</dimen>
    <dimen name="x435">652.50dp</dimen>
    <dimen name="x436">654.00dp</dimen>
    <dimen name="x437">655.50dp</dimen>
    <dimen name="x438">657.00dp</dimen>
    <dimen name="x439">658.50dp</dimen>
    <dimen name="x440">660.00dp</dimen>
    <dimen name="x441">661.50dp</dimen>
    <dimen name="x442">663.00dp</dimen>
    <dimen name="x443">664.50dp</dimen>
    <dimen name="x444">666.00dp</dimen>
    <dimen name="x445">667.50dp</dimen>
    <dimen name="x446">669.00dp</dimen>
    <dimen name="x447">670.50dp</dimen>
    <dimen name="x448">672.00dp</dimen>
    <dimen name="x449">673.50dp</dimen>
    <dimen name="x450">675.00dp</dimen>
    <dimen name="x451">676.50dp</dimen>
    <dimen name="x452">678.00dp</dimen>
    <dimen name="x453">679.50dp</dimen>
    <dimen name="x454">681.00dp</dimen>
    <dimen name="x455">682.50dp</dimen>
    <dimen name="x456">684.00dp</dimen>
    <dimen name="x457">685.50dp</dimen>
    <dimen name="x458">687.00dp</dimen>
    <dimen name="x459">688.50dp</dimen>
    <dimen name="x460">690.00dp</dimen>
    <dimen name="x461">691.50dp</dimen>
    <dimen name="x462">693.00dp</dimen>
    <dimen name="x463">694.50dp</dimen>
    <dimen name="x464">696.00dp</dimen>
    <dimen name="x465">697.50dp</dimen>
    <dimen name="x466">699.00dp</dimen>
    <dimen name="x467">700.50dp</dimen>
    <dimen name="x468">702.00dp</dimen>
    <dimen name="x469">703.50dp</dimen>
    <dimen name="x470">705.00dp</dimen>
    <dimen name="x471">706.50dp</dimen>
    <dimen name="x472">708.00dp</dimen>
    <dimen name="x473">709.50dp</dimen>
    <dimen name="x474">711.00dp</dimen>
    <dimen name="x475">712.50dp</dimen>
    <dimen name="x476">714.00dp</dimen>
    <dimen name="x477">715.50dp</dimen>
    <dimen name="x478">717.00dp</dimen>
    <dimen name="x479">718.50dp</dimen>
    <dimen name="x480">720.00dp</dimen>
    <dimen name="x481">721.50dp</dimen>
    <dimen name="x482">723.00dp</dimen>
    <dimen name="x483">724.50dp</dimen>
    <dimen name="x484">726.00dp</dimen>
    <dimen name="x485">727.50dp</dimen>
    <dimen name="x486">729.00dp</dimen>
    <dimen name="x487">730.50dp</dimen>
    <dimen name="x488">732.00dp</dimen>
    <dimen name="x489">733.50dp</dimen>
    <dimen name="x490">735.00dp</dimen>
    <dimen name="x491">736.50dp</dimen>
    <dimen name="x492">738.00dp</dimen>
    <dimen name="x493">739.50dp</dimen>
    <dimen name="x494">741.00dp</dimen>
    <dimen name="x495">742.50dp</dimen>
    <dimen name="x496">744.00dp</dimen>
    <dimen name="x497">745.50dp</dimen>
    <dimen name="x498">747.00dp</dimen>
    <dimen name="x499">748.50dp</dimen>
    <dimen name="x500">750.00dp</dimen>
    <dimen name="x501">751.50dp</dimen>
    <dimen name="x502">753.00dp</dimen>
    <dimen name="x503">754.50dp</dimen>
    <dimen name="x504">756.00dp</dimen>
    <dimen name="x505">757.50dp</dimen>
    <dimen name="x506">759.00dp</dimen>
    <dimen name="x507">760.50dp</dimen>
    <dimen name="x508">762.00dp</dimen>
    <dimen name="x509">763.50dp</dimen>
    <dimen name="x510">765.00dp</dimen>
    <dimen name="x511">766.50dp</dimen>
    <dimen name="x512">768.00dp</dimen>
    <dimen name="x513">769.50dp</dimen>
    <dimen name="x514">771.00dp</dimen>
    <dimen name="x515">772.50dp</dimen>
    <dimen name="x516">774.00dp</dimen>
    <dimen name="x517">775.50dp</dimen>
    <dimen name="x518">777.00dp</dimen>
    <dimen name="x519">778.50dp</dimen>
    <dimen name="x520">780.00dp</dimen>
    <dimen name="x521">781.50dp</dimen>
    <dimen name="x522">783.00dp</dimen>
    <dimen name="x523">784.50dp</dimen>
    <dimen name="x524">786.00dp</dimen>
    <dimen name="x525">787.50dp</dimen>
    <dimen name="x526">789.00dp</dimen>
    <dimen name="x527">790.50dp</dimen>
    <dimen name="x528">792.00dp</dimen>
    <dimen name="x529">793.50dp</dimen>
    <dimen name="x530">795.00dp</dimen>
    <dimen name="x531">796.50dp</dimen>
    <dimen name="x532">798.00dp</dimen>
    <dimen name="x533">799.50dp</dimen>
    <dimen name="x534">801.00dp</dimen>
    <dimen name="x535">802.50dp</dimen>
    <dimen name="x536">804.00dp</dimen>
    <dimen name="x537">805.50dp</dimen>
    <dimen name="x538">807.00dp</dimen>
    <dimen name="x539">808.50dp</dimen>
    <dimen name="x540">810.00dp</dimen>
    <dimen name="x541">811.50dp</dimen>
    <dimen name="x542">813.00dp</dimen>
    <dimen name="x543">814.50dp</dimen>
    <dimen name="x544">816.00dp</dimen>
    <dimen name="x545">817.50dp</dimen>
    <dimen name="x546">819.00dp</dimen>
    <dimen name="x547">820.50dp</dimen>
    <dimen name="x548">822.00dp</dimen>
    <dimen name="x549">823.50dp</dimen>
    <dimen name="x550">825.00dp</dimen>
    <dimen name="x551">826.50dp</dimen>
    <dimen name="x552">828.00dp</dimen>
    <dimen name="x553">829.50dp</dimen>
    <dimen name="x554">831.00dp</dimen>
    <dimen name="x555">832.50dp</dimen>
    <dimen name="x556">834.00dp</dimen>
    <dimen name="x557">835.50dp</dimen>
    <dimen name="x558">837.00dp</dimen>
    <dimen name="x559">838.50dp</dimen>
    <dimen name="x560">840.00dp</dimen>
    <dimen name="x561">841.50dp</dimen>
    <dimen name="x562">843.00dp</dimen>
    <dimen name="x563">844.50dp</dimen>
    <dimen name="x564">846.00dp</dimen>
    <dimen name="x565">847.50dp</dimen>
    <dimen name="x566">849.00dp</dimen>
    <dimen name="x567">850.50dp</dimen>
    <dimen name="x568">852.00dp</dimen>
    <dimen name="x569">853.50dp</dimen>
    <dimen name="x570">855.00dp</dimen>
    <dimen name="x571">856.50dp</dimen>
    <dimen name="x572">858.00dp</dimen>
    <dimen name="x573">859.50dp</dimen>
    <dimen name="x574">861.00dp</dimen>
    <dimen name="x575">862.50dp</dimen>
    <dimen name="x576">864.00dp</dimen>
    <dimen name="x577">865.50dp</dimen>
    <dimen name="x578">867.00dp</dimen>
    <dimen name="x579">868.50dp</dimen>
    <dimen name="x580">870.00dp</dimen>
    <dimen name="x581">871.50dp</dimen>
    <dimen name="x582">873.00dp</dimen>
    <dimen name="x583">874.50dp</dimen>
    <dimen name="x584">876.00dp</dimen>
    <dimen name="x585">877.50dp</dimen>
    <dimen name="x586">879.00dp</dimen>
    <dimen name="x587">880.50dp</dimen>
    <dimen name="x588">882.00dp</dimen>
    <dimen name="x589">883.50dp</dimen>
    <dimen name="x590">885.00dp</dimen>
    <dimen name="x591">886.50dp</dimen>
    <dimen name="x592">888.00dp</dimen>
    <dimen name="x593">889.50dp</dimen>
    <dimen name="x594">891.00dp</dimen>
    <dimen name="x595">892.50dp</dimen>
    <dimen name="x596">894.00dp</dimen>
    <dimen name="x597">895.50dp</dimen>
    <dimen name="x598">897.00dp</dimen>
    <dimen name="x599">898.50dp</dimen>
    <dimen name="x600">900.00dp</dimen>
    <dimen name="x601">901.50dp</dimen>
    <dimen name="x602">903.00dp</dimen>
    <dimen name="x603">904.50dp</dimen>
    <dimen name="x604">906.00dp</dimen>
    <dimen name="x605">907.50dp</dimen>
    <dimen name="x606">909.00dp</dimen>
    <dimen name="x607">910.50dp</dimen>
    <dimen name="x608">912.00dp</dimen>
    <dimen name="x609">913.50dp</dimen>
    <dimen name="x610">915.00dp</dimen>
    <dimen name="x611">916.50dp</dimen>
    <dimen name="x612">918.00dp</dimen>
    <dimen name="x613">919.50dp</dimen>
    <dimen name="x614">921.00dp</dimen>
    <dimen name="x615">922.50dp</dimen>
    <dimen name="x616">924.00dp</dimen>
    <dimen name="x617">925.50dp</dimen>
    <dimen name="x618">927.00dp</dimen>
    <dimen name="x619">928.50dp</dimen>
    <dimen name="x620">930.00dp</dimen>
    <dimen name="x621">931.50dp</dimen>
    <dimen name="x622">933.00dp</dimen>
    <dimen name="x623">934.50dp</dimen>
    <dimen name="x624">936.00dp</dimen>
    <dimen name="x625">937.50dp</dimen>
    <dimen name="x626">939.00dp</dimen>
    <dimen name="x627">940.50dp</dimen>
    <dimen name="x628">942.00dp</dimen>
    <dimen name="x629">943.50dp</dimen>
    <dimen name="x630">945.00dp</dimen>
    <dimen name="x631">946.50dp</dimen>
    <dimen name="x632">948.00dp</dimen>
    <dimen name="x633">949.50dp</dimen>
    <dimen name="x634">951.00dp</dimen>
    <dimen name="x635">952.50dp</dimen>
    <dimen name="x636">954.00dp</dimen>
    <dimen name="x637">955.50dp</dimen>
    <dimen name="x638">957.00dp</dimen>
    <dimen name="x639">958.50dp</dimen>
    <dimen name="x640">960.00dp</dimen>
    <dimen name="x641">961.50dp</dimen>
    <dimen name="x642">963.00dp</dimen>
    <dimen name="x643">964.50dp</dimen>
    <dimen name="x644">966.00dp</dimen>
    <dimen name="x645">967.50dp</dimen>
    <dimen name="x646">969.00dp</dimen>
    <dimen name="x647">970.50dp</dimen>
    <dimen name="x648">972.00dp</dimen>
    <dimen name="x649">973.50dp</dimen>
    <dimen name="x650">975.00dp</dimen>
    <dimen name="x651">976.50dp</dimen>
    <dimen name="x652">978.00dp</dimen>
    <dimen name="x653">979.50dp</dimen>
    <dimen name="x654">981.00dp</dimen>
    <dimen name="x655">982.50dp</dimen>
    <dimen name="x656">984.00dp</dimen>
    <dimen name="x657">985.50dp</dimen>
    <dimen name="x658">987.00dp</dimen>
    <dimen name="x659">988.50dp</dimen>
    <dimen name="x660">990.00dp</dimen>
    <dimen name="x661">991.50dp</dimen>
    <dimen name="x662">993.00dp</dimen>
    <dimen name="x663">994.50dp</dimen>
    <dimen name="x664">996.00dp</dimen>
    <dimen name="x665">997.50dp</dimen>
    <dimen name="x666">999.00dp</dimen>
    <dimen name="x667">1000.50dp</dimen>
    <dimen name="x668">1002.00dp</dimen>
    <dimen name="x669">1003.50dp</dimen>
    <dimen name="x670">1005.00dp</dimen>
    <dimen name="x671">1006.50dp</dimen>
    <dimen name="x672">1008.00dp</dimen>
    <dimen name="x673">1009.50dp</dimen>
    <dimen name="x674">1011.00dp</dimen>
    <dimen name="x675">1012.50dp</dimen>
    <dimen name="x676">1014.00dp</dimen>
    <dimen name="x677">1015.50dp</dimen>
    <dimen name="x678">1017.00dp</dimen>
    <dimen name="x679">1018.50dp</dimen>
    <dimen name="x680">1020.00dp</dimen>
    <dimen name="x681">1021.50dp</dimen>
    <dimen name="x682">1023.00dp</dimen>
    <dimen name="x683">1024.50dp</dimen>
    <dimen name="x684">1026.00dp</dimen>
    <dimen name="x685">1027.50dp</dimen>
    <dimen name="x686">1029.00dp</dimen>
    <dimen name="x687">1030.50dp</dimen>
    <dimen name="x688">1032.00dp</dimen>
    <dimen name="x689">1033.50dp</dimen>
    <dimen name="x690">1035.00dp</dimen>
    <dimen name="x691">1036.50dp</dimen>
    <dimen name="x692">1038.00dp</dimen>
    <dimen name="x693">1039.50dp</dimen>
    <dimen name="x694">1041.00dp</dimen>
    <dimen name="x695">1042.50dp</dimen>
    <dimen name="x696">1044.00dp</dimen>
    <dimen name="x697">1045.50dp</dimen>
    <dimen name="x698">1047.00dp</dimen>
    <dimen name="x699">1048.50dp</dimen>
    <dimen name="x700">1050.00dp</dimen>
    <dimen name="x701">1051.50dp</dimen>
    <dimen name="x702">1053.00dp</dimen>
    <dimen name="x703">1054.50dp</dimen>
    <dimen name="x704">1056.00dp</dimen>
    <dimen name="x705">1057.50dp</dimen>
    <dimen name="x706">1059.00dp</dimen>
    <dimen name="x707">1060.50dp</dimen>
    <dimen name="x708">1062.00dp</dimen>
    <dimen name="x709">1063.50dp</dimen>
    <dimen name="x710">1065.00dp</dimen>
    <dimen name="x711">1066.50dp</dimen>
    <dimen name="x712">1068.00dp</dimen>
    <dimen name="x713">1069.50dp</dimen>
    <dimen name="x714">1071.00dp</dimen>
    <dimen name="x715">1072.50dp</dimen>
    <dimen name="x716">1074.00dp</dimen>
    <dimen name="x717">1075.50dp</dimen>
    <dimen name="x718">1077.00dp</dimen>
    <dimen name="x719">1078.50dp</dimen>
    <dimen name="x720">1080.00dp</dimen>
    <dimen name="x721">1081.50dp</dimen>
    <dimen name="x722">1083.00dp</dimen>
    <dimen name="x723">1084.50dp</dimen>
    <dimen name="x724">1086.00dp</dimen>
    <dimen name="x725">1087.50dp</dimen>
    <dimen name="x726">1089.00dp</dimen>
    <dimen name="x727">1090.50dp</dimen>
    <dimen name="x728">1092.00dp</dimen>
    <dimen name="x729">1093.50dp</dimen>
    <dimen name="x730">1095.00dp</dimen>
    <dimen name="x731">1096.50dp</dimen>
    <dimen name="x732">1098.00dp</dimen>
    <dimen name="x733">1099.50dp</dimen>
    <dimen name="x734">1101.00dp</dimen>
    <dimen name="x735">1102.50dp</dimen>
    <dimen name="x736">1104.00dp</dimen>
    <dimen name="x737">1105.50dp</dimen>
    <dimen name="x738">1107.00dp</dimen>
    <dimen name="x739">1108.50dp</dimen>
    <dimen name="x740">1110.00dp</dimen>
    <dimen name="x741">1111.50dp</dimen>
    <dimen name="x742">1113.00dp</dimen>
    <dimen name="x743">1114.50dp</dimen>
    <dimen name="x744">1116.00dp</dimen>
    <dimen name="x745">1117.50dp</dimen>
    <dimen name="x746">1119.00dp</dimen>
    <dimen name="x747">1120.50dp</dimen>
    <dimen name="x748">1122.00dp</dimen>
    <dimen name="x749">1123.50dp</dimen>
    <dimen name="x750">1125.00dp</dimen>
    <dimen name="x751">1126.50dp</dimen>
    <dimen name="x752">1128.00dp</dimen>
    <dimen name="x753">1129.50dp</dimen>
    <dimen name="x754">1131.00dp</dimen>
    <dimen name="x755">1132.50dp</dimen>
    <dimen name="x756">1134.00dp</dimen>
    <dimen name="x757">1135.50dp</dimen>
    <dimen name="x758">1137.00dp</dimen>
    <dimen name="x759">1138.50dp</dimen>
    <dimen name="x760">1140.00dp</dimen>
    <dimen name="x761">1141.50dp</dimen>
    <dimen name="x762">1143.00dp</dimen>
    <dimen name="x763">1144.50dp</dimen>
    <dimen name="x764">1146.00dp</dimen>
    <dimen name="x765">1147.50dp</dimen>
    <dimen name="x766">1149.00dp</dimen>
    <dimen name="x767">1150.50dp</dimen>
    <dimen name="x768">1152.00dp</dimen>
    <dimen name="x769">1153.50dp</dimen>
    <dimen name="x770">1155.00dp</dimen>
    <dimen name="x771">1156.50dp</dimen>
    <dimen name="x772">1158.00dp</dimen>
    <dimen name="x773">1159.50dp</dimen>
    <dimen name="x774">1161.00dp</dimen>
    <dimen name="x775">1162.50dp</dimen>
    <dimen name="x776">1164.00dp</dimen>
    <dimen name="x777">1165.50dp</dimen>
    <dimen name="x778">1167.00dp</dimen>
    <dimen name="x779">1168.50dp</dimen>
    <dimen name="x780">1170.00dp</dimen>
    <dimen name="x781">1171.50dp</dimen>
    <dimen name="x782">1173.00dp</dimen>
    <dimen name="x783">1174.50dp</dimen>
    <dimen name="x784">1176.00dp</dimen>
    <dimen name="x785">1177.50dp</dimen>
    <dimen name="x786">1179.00dp</dimen>
    <dimen name="x787">1180.50dp</dimen>
    <dimen name="x788">1182.00dp</dimen>
    <dimen name="x789">1183.50dp</dimen>
    <dimen name="x790">1185.00dp</dimen>
    <dimen name="x791">1186.50dp</dimen>
    <dimen name="x792">1188.00dp</dimen>
    <dimen name="x793">1189.50dp</dimen>
    <dimen name="x794">1191.00dp</dimen>
    <dimen name="x795">1192.50dp</dimen>
    <dimen name="x796">1194.00dp</dimen>
    <dimen name="x797">1195.50dp</dimen>
    <dimen name="x798">1197.00dp</dimen>
    <dimen name="x799">1198.50dp</dimen>
    <dimen name="x800">1200.00dp</dimen>
    <dimen name="x801">1201.50dp</dimen>
    <dimen name="x802">1203.00dp</dimen>
    <dimen name="x803">1204.50dp</dimen>
    <dimen name="x804">1206.00dp</dimen>
    <dimen name="x805">1207.50dp</dimen>
    <dimen name="x806">1209.00dp</dimen>
    <dimen name="x807">1210.50dp</dimen>
    <dimen name="x808">1212.00dp</dimen>
    <dimen name="x809">1213.50dp</dimen>
    <dimen name="x810">1215.00dp</dimen>
    <dimen name="x811">1216.50dp</dimen>
    <dimen name="x812">1218.00dp</dimen>
    <dimen name="x813">1219.50dp</dimen>
    <dimen name="x814">1221.00dp</dimen>
    <dimen name="x815">1222.50dp</dimen>
    <dimen name="x816">1224.00dp</dimen>
    <dimen name="x817">1225.50dp</dimen>
    <dimen name="x818">1227.00dp</dimen>
    <dimen name="x819">1228.50dp</dimen>
    <dimen name="x820">1230.00dp</dimen>
    <dimen name="x821">1231.50dp</dimen>
    <dimen name="x822">1233.00dp</dimen>
    <dimen name="x823">1234.50dp</dimen>
    <dimen name="x824">1236.00dp</dimen>
    <dimen name="x825">1237.50dp</dimen>
    <dimen name="x826">1239.00dp</dimen>
    <dimen name="x827">1240.50dp</dimen>
    <dimen name="x828">1242.00dp</dimen>
    <dimen name="x829">1243.50dp</dimen>
    <dimen name="x830">1245.00dp</dimen>
    <dimen name="x831">1246.50dp</dimen>
    <dimen name="x832">1248.00dp</dimen>
    <dimen name="x833">1249.50dp</dimen>
    <dimen name="x834">1251.00dp</dimen>
    <dimen name="x835">1252.50dp</dimen>
    <dimen name="x836">1254.00dp</dimen>
    <dimen name="x837">1255.50dp</dimen>
    <dimen name="x838">1257.00dp</dimen>
    <dimen name="x839">1258.50dp</dimen>
    <dimen name="x840">1260.00dp</dimen>
    <dimen name="x841">1261.50dp</dimen>
    <dimen name="x842">1263.00dp</dimen>
    <dimen name="x843">1264.50dp</dimen>
    <dimen name="x844">1266.00dp</dimen>
    <dimen name="x845">1267.50dp</dimen>
    <dimen name="x846">1269.00dp</dimen>
    <dimen name="x847">1270.50dp</dimen>
    <dimen name="x848">1272.00dp</dimen>
    <dimen name="x849">1273.50dp</dimen>
    <dimen name="x850">1275.00dp</dimen>
    <dimen name="x851">1276.50dp</dimen>
    <dimen name="x852">1278.00dp</dimen>
    <dimen name="x853">1279.50dp</dimen>
    <dimen name="x854">1281.00dp</dimen>
    <dimen name="x855">1282.50dp</dimen>
    <dimen name="x856">1284.00dp</dimen>
    <dimen name="x857">1285.50dp</dimen>
    <dimen name="x858">1287.00dp</dimen>
    <dimen name="x859">1288.50dp</dimen>
    <dimen name="x860">1290.00dp</dimen>
    <dimen name="x861">1291.50dp</dimen>
    <dimen name="x862">1293.00dp</dimen>
    <dimen name="x863">1294.50dp</dimen>
    <dimen name="x864">1296.00dp</dimen>
    <dimen name="x865">1297.50dp</dimen>
    <dimen name="x866">1299.00dp</dimen>
    <dimen name="x867">1300.50dp</dimen>
    <dimen name="x868">1302.00dp</dimen>
    <dimen name="x869">1303.50dp</dimen>
    <dimen name="x870">1305.00dp</dimen>
    <dimen name="x871">1306.50dp</dimen>
    <dimen name="x872">1308.00dp</dimen>
    <dimen name="x873">1309.50dp</dimen>
    <dimen name="x874">1311.00dp</dimen>
    <dimen name="x875">1312.50dp</dimen>
    <dimen name="x876">1314.00dp</dimen>
    <dimen name="x877">1315.50dp</dimen>
    <dimen name="x878">1317.00dp</dimen>
    <dimen name="x879">1318.50dp</dimen>
    <dimen name="x880">1320.00dp</dimen>
    <dimen name="x881">1321.50dp</dimen>
    <dimen name="x882">1323.00dp</dimen>
    <dimen name="x883">1324.50dp</dimen>
    <dimen name="x884">1326.00dp</dimen>
    <dimen name="x885">1327.50dp</dimen>
    <dimen name="x886">1329.00dp</dimen>
    <dimen name="x887">1330.50dp</dimen>
    <dimen name="x888">1332.00dp</dimen>
    <dimen name="x889">1333.50dp</dimen>
    <dimen name="x890">1335.00dp</dimen>
    <dimen name="x891">1336.50dp</dimen>
    <dimen name="x892">1338.00dp</dimen>
    <dimen name="x893">1339.50dp</dimen>
    <dimen name="x894">1341.00dp</dimen>
    <dimen name="x895">1342.50dp</dimen>
    <dimen name="x896">1344.00dp</dimen>
    <dimen name="x897">1345.50dp</dimen>
    <dimen name="x898">1347.00dp</dimen>
    <dimen name="x899">1348.50dp</dimen>
    <dimen name="x900">1350.00dp</dimen>
    <dimen name="x901">1351.50dp</dimen>
    <dimen name="x902">1353.00dp</dimen>
    <dimen name="x903">1354.50dp</dimen>
    <dimen name="x904">1356.00dp</dimen>
    <dimen name="x905">1357.50dp</dimen>
    <dimen name="x906">1359.00dp</dimen>
    <dimen name="x907">1360.50dp</dimen>
    <dimen name="x908">1362.00dp</dimen>
    <dimen name="x909">1363.50dp</dimen>
    <dimen name="x910">1365.00dp</dimen>
    <dimen name="x911">1366.50dp</dimen>
    <dimen name="x912">1368.00dp</dimen>
    <dimen name="x913">1369.50dp</dimen>
    <dimen name="x914">1371.00dp</dimen>
    <dimen name="x915">1372.50dp</dimen>
    <dimen name="x916">1374.00dp</dimen>
    <dimen name="x917">1375.50dp</dimen>
    <dimen name="x918">1377.00dp</dimen>
    <dimen name="x919">1378.50dp</dimen>
    <dimen name="x920">1380.00dp</dimen>
    <dimen name="x921">1381.50dp</dimen>
    <dimen name="x922">1383.00dp</dimen>
    <dimen name="x923">1384.50dp</dimen>
    <dimen name="x924">1386.00dp</dimen>
    <dimen name="x925">1387.50dp</dimen>
    <dimen name="x926">1389.00dp</dimen>
    <dimen name="x927">1390.50dp</dimen>
    <dimen name="x928">1392.00dp</dimen>
    <dimen name="x929">1393.50dp</dimen>
    <dimen name="x930">1395.00dp</dimen>
    <dimen name="x931">1396.50dp</dimen>
    <dimen name="x932">1398.00dp</dimen>
    <dimen name="x933">1399.50dp</dimen>
    <dimen name="x934">1401.00dp</dimen>
    <dimen name="x935">1402.50dp</dimen>
    <dimen name="x936">1404.00dp</dimen>
    <dimen name="x937">1405.50dp</dimen>
    <dimen name="x938">1407.00dp</dimen>
    <dimen name="x939">1408.50dp</dimen>
    <dimen name="x940">1410.00dp</dimen>
    <dimen name="x941">1411.50dp</dimen>
    <dimen name="x942">1413.00dp</dimen>
    <dimen name="x943">1414.50dp</dimen>
    <dimen name="x944">1416.00dp</dimen>
    <dimen name="x945">1417.50dp</dimen>
    <dimen name="x946">1419.00dp</dimen>
    <dimen name="x947">1420.50dp</dimen>
    <dimen name="x948">1422.00dp</dimen>
    <dimen name="x949">1423.50dp</dimen>
    <dimen name="x950">1425.00dp</dimen>
    <dimen name="x951">1426.50dp</dimen>
    <dimen name="x952">1428.00dp</dimen>
    <dimen name="x953">1429.50dp</dimen>
    <dimen name="x954">1431.00dp</dimen>
    <dimen name="x955">1432.50dp</dimen>
    <dimen name="x956">1434.00dp</dimen>
    <dimen name="x957">1435.50dp</dimen>
    <dimen name="x958">1437.00dp</dimen>
    <dimen name="x959">1438.50dp</dimen>
    <dimen name="x960">1440.00dp</dimen>
    <dimen name="x961">1441.50dp</dimen>
    <dimen name="x962">1443.00dp</dimen>
    <dimen name="x963">1444.50dp</dimen>
    <dimen name="x964">1446.00dp</dimen>
    <dimen name="x965">1447.50dp</dimen>
    <dimen name="x966">1449.00dp</dimen>
    <dimen name="x967">1450.50dp</dimen>
    <dimen name="x968">1452.00dp</dimen>
    <dimen name="x969">1453.50dp</dimen>
    <dimen name="x970">1455.00dp</dimen>
    <dimen name="x971">1456.50dp</dimen>
    <dimen name="x972">1458.00dp</dimen>
    <dimen name="x973">1459.50dp</dimen>
    <dimen name="x974">1461.00dp</dimen>
    <dimen name="x975">1462.50dp</dimen>
    <dimen name="x976">1464.00dp</dimen>
    <dimen name="x977">1465.50dp</dimen>
    <dimen name="x978">1467.00dp</dimen>
    <dimen name="x979">1468.50dp</dimen>
    <dimen name="x980">1470.00dp</dimen>
    <dimen name="x981">1471.50dp</dimen>
    <dimen name="x982">1473.00dp</dimen>
    <dimen name="x983">1474.50dp</dimen>
    <dimen name="x984">1476.00dp</dimen>
    <dimen name="x985">1477.50dp</dimen>
    <dimen name="x986">1479.00dp</dimen>
    <dimen name="x987">1480.50dp</dimen>
    <dimen name="x988">1482.00dp</dimen>
    <dimen name="x989">1483.50dp</dimen>
    <dimen name="x990">1485.00dp</dimen>
    <dimen name="x991">1486.50dp</dimen>
    <dimen name="x992">1488.00dp</dimen>
    <dimen name="x993">1489.50dp</dimen>
    <dimen name="x994">1491.00dp</dimen>
    <dimen name="x995">1492.50dp</dimen>
    <dimen name="x996">1494.00dp</dimen>
    <dimen name="x997">1495.50dp</dimen>
    <dimen name="x998">1497.00dp</dimen>
    <dimen name="x999">1498.50dp</dimen>
    <dimen name="x1000">1500.00dp</dimen>
    <dimen name="x1001">1501.50dp</dimen>
    <dimen name="x1002">1503.00dp</dimen>
    <dimen name="x1003">1504.50dp</dimen>
    <dimen name="x1004">1506.00dp</dimen>
    <dimen name="x1005">1507.50dp</dimen>
    <dimen name="x1006">1509.00dp</dimen>
    <dimen name="x1007">1510.50dp</dimen>
    <dimen name="x1008">1512.00dp</dimen>
    <dimen name="x1009">1513.50dp</dimen>
    <dimen name="x1010">1515.00dp</dimen>
    <dimen name="x1011">1516.50dp</dimen>
    <dimen name="x1012">1518.00dp</dimen>
    <dimen name="x1013">1519.50dp</dimen>
    <dimen name="x1014">1521.00dp</dimen>
    <dimen name="x1015">1522.50dp</dimen>
    <dimen name="x1016">1524.00dp</dimen>
    <dimen name="x1017">1525.50dp</dimen>
    <dimen name="x1018">1527.00dp</dimen>
    <dimen name="x1019">1528.50dp</dimen>
    <dimen name="x1020">1530.00dp</dimen>
    <dimen name="x1021">1531.50dp</dimen>
    <dimen name="x1022">1533.00dp</dimen>
    <dimen name="x1023">1534.50dp</dimen>
    <dimen name="x1024">1536.00dp</dimen>
    <dimen name="x1025">1537.50dp</dimen>
    <dimen name="x1026">1539.00dp</dimen>
    <dimen name="x1027">1540.50dp</dimen>
    <dimen name="x1028">1542.00dp</dimen>
    <dimen name="x1029">1543.50dp</dimen>
    <dimen name="x1030">1545.00dp</dimen>
    <dimen name="x1031">1546.50dp</dimen>
    <dimen name="x1032">1548.00dp</dimen>
    <dimen name="x1033">1549.50dp</dimen>
    <dimen name="x1034">1551.00dp</dimen>
    <dimen name="x1035">1552.50dp</dimen>
    <dimen name="x1036">1554.00dp</dimen>
    <dimen name="x1037">1555.50dp</dimen>
    <dimen name="x1038">1557.00dp</dimen>
    <dimen name="x1039">1558.50dp</dimen>
    <dimen name="x1040">1560.00dp</dimen>
    <dimen name="x1041">1561.50dp</dimen>
    <dimen name="x1042">1563.00dp</dimen>
    <dimen name="x1043">1564.50dp</dimen>
    <dimen name="x1044">1566.00dp</dimen>
    <dimen name="x1045">1567.50dp</dimen>
    <dimen name="x1046">1569.00dp</dimen>
    <dimen name="x1047">1570.50dp</dimen>
    <dimen name="x1048">1572.00dp</dimen>
    <dimen name="x1049">1573.50dp</dimen>
    <dimen name="x1050">1575.00dp</dimen>
    <dimen name="x1051">1576.50dp</dimen>
    <dimen name="x1052">1578.00dp</dimen>
    <dimen name="x1053">1579.50dp</dimen>
    <dimen name="x1054">1581.00dp</dimen>
    <dimen name="x1055">1582.50dp</dimen>
    <dimen name="x1056">1584.00dp</dimen>
    <dimen name="x1057">1585.50dp</dimen>
    <dimen name="x1058">1587.00dp</dimen>
    <dimen name="x1059">1588.50dp</dimen>
    <dimen name="x1060">1590.00dp</dimen>
    <dimen name="x1061">1591.50dp</dimen>
    <dimen name="x1062">1593.00dp</dimen>
    <dimen name="x1063">1594.50dp</dimen>
    <dimen name="x1064">1596.00dp</dimen>
    <dimen name="x1065">1597.50dp</dimen>
    <dimen name="x1066">1599.00dp</dimen>
    <dimen name="x1067">1600.50dp</dimen>
    <dimen name="x1068">1602.00dp</dimen>
    <dimen name="x1069">1603.50dp</dimen>
    <dimen name="x1070">1605.00dp</dimen>
    <dimen name="x1071">1606.50dp</dimen>
    <dimen name="x1072">1608.00dp</dimen>
    <dimen name="x1073">1609.50dp</dimen>
    <dimen name="x1074">1611.00dp</dimen>
    <dimen name="x1075">1612.50dp</dimen>
    <dimen name="x1076">1614.00dp</dimen>
    <dimen name="x1077">1615.50dp</dimen>
    <dimen name="x1078">1617.00dp</dimen>
    <dimen name="x1079">1618.50dp</dimen>
    <dimen name="x1080">1620.00dp</dimen>
</resources>