<?xml version="1.0" encoding="utf-8"?>
<resources>
    <string name="sw_dp">880dp</string>
    <dimen name="x1">0.81dp</dimen>
    <dimen name="x2">1.63dp</dimen>
    <dimen name="x3">2.44dp</dimen>
    <dimen name="x4">3.26dp</dimen>
    <dimen name="x5">4.07dp</dimen>
    <dimen name="x6">4.89dp</dimen>
    <dimen name="x7">5.70dp</dimen>
    <dimen name="x8">6.52dp</dimen>
    <dimen name="x9">7.33dp</dimen>
    <dimen name="x10">8.15dp</dimen>
    <dimen name="x11">8.96dp</dimen>
    <dimen name="x12">9.78dp</dimen>
    <dimen name="x13">10.59dp</dimen>
    <dimen name="x14">11.41dp</dimen>
    <dimen name="x15">12.22dp</dimen>
    <dimen name="x16">13.04dp</dimen>
    <dimen name="x17">13.85dp</dimen>
    <dimen name="x18">14.67dp</dimen>
    <dimen name="x19">15.48dp</dimen>
    <dimen name="x20">16.30dp</dimen>
    <dimen name="x21">17.11dp</dimen>
    <dimen name="x22">17.93dp</dimen>
    <dimen name="x23">18.74dp</dimen>
    <dimen name="x24">19.56dp</dimen>
    <dimen name="x25">20.37dp</dimen>
    <dimen name="x26">21.19dp</dimen>
    <dimen name="x27">22.00dp</dimen>
    <dimen name="x28">22.81dp</dimen>
    <dimen name="x29">23.63dp</dimen>
    <dimen name="x30">24.44dp</dimen>
    <dimen name="x31">25.26dp</dimen>
    <dimen name="x32">26.07dp</dimen>
    <dimen name="x33">26.89dp</dimen>
    <dimen name="x34">27.70dp</dimen>
    <dimen name="x35">28.52dp</dimen>
    <dimen name="x36">29.33dp</dimen>
    <dimen name="x37">30.15dp</dimen>
    <dimen name="x38">30.96dp</dimen>
    <dimen name="x39">31.78dp</dimen>
    <dimen name="x40">32.59dp</dimen>
    <dimen name="x41">33.41dp</dimen>
    <dimen name="x42">34.22dp</dimen>
    <dimen name="x43">35.04dp</dimen>
    <dimen name="x44">35.85dp</dimen>
    <dimen name="x45">36.67dp</dimen>
    <dimen name="x46">37.48dp</dimen>
    <dimen name="x47">38.30dp</dimen>
    <dimen name="x48">39.11dp</dimen>
    <dimen name="x49">39.93dp</dimen>
    <dimen name="x50">40.74dp</dimen>
    <dimen name="x51">41.56dp</dimen>
    <dimen name="x52">42.37dp</dimen>
    <dimen name="x53">43.19dp</dimen>
    <dimen name="x54">44.00dp</dimen>
    <dimen name="x55">44.81dp</dimen>
    <dimen name="x56">45.63dp</dimen>
    <dimen name="x57">46.44dp</dimen>
    <dimen name="x58">47.26dp</dimen>
    <dimen name="x59">48.07dp</dimen>
    <dimen name="x60">48.89dp</dimen>
    <dimen name="x61">49.70dp</dimen>
    <dimen name="x62">50.52dp</dimen>
    <dimen name="x63">51.33dp</dimen>
    <dimen name="x64">52.15dp</dimen>
    <dimen name="x65">52.96dp</dimen>
    <dimen name="x66">53.78dp</dimen>
    <dimen name="x67">54.59dp</dimen>
    <dimen name="x68">55.41dp</dimen>
    <dimen name="x69">56.22dp</dimen>
    <dimen name="x70">57.04dp</dimen>
    <dimen name="x71">57.85dp</dimen>
    <dimen name="x72">58.67dp</dimen>
    <dimen name="x73">59.48dp</dimen>
    <dimen name="x74">60.30dp</dimen>
    <dimen name="x75">61.11dp</dimen>
    <dimen name="x76">61.93dp</dimen>
    <dimen name="x77">62.74dp</dimen>
    <dimen name="x78">63.56dp</dimen>
    <dimen name="x79">64.37dp</dimen>
    <dimen name="x80">65.19dp</dimen>
    <dimen name="x81">66.00dp</dimen>
    <dimen name="x82">66.81dp</dimen>
    <dimen name="x83">67.63dp</dimen>
    <dimen name="x84">68.44dp</dimen>
    <dimen name="x85">69.26dp</dimen>
    <dimen name="x86">70.07dp</dimen>
    <dimen name="x87">70.89dp</dimen>
    <dimen name="x88">71.70dp</dimen>
    <dimen name="x89">72.52dp</dimen>
    <dimen name="x90">73.33dp</dimen>
    <dimen name="x91">74.15dp</dimen>
    <dimen name="x92">74.96dp</dimen>
    <dimen name="x93">75.78dp</dimen>
    <dimen name="x94">76.59dp</dimen>
    <dimen name="x95">77.41dp</dimen>
    <dimen name="x96">78.22dp</dimen>
    <dimen name="x97">79.04dp</dimen>
    <dimen name="x98">79.85dp</dimen>
    <dimen name="x99">80.67dp</dimen>
    <dimen name="x100">81.48dp</dimen>
    <dimen name="x101">82.30dp</dimen>
    <dimen name="x102">83.11dp</dimen>
    <dimen name="x103">83.93dp</dimen>
    <dimen name="x104">84.74dp</dimen>
    <dimen name="x105">85.56dp</dimen>
    <dimen name="x106">86.37dp</dimen>
    <dimen name="x107">87.19dp</dimen>
    <dimen name="x108">88.00dp</dimen>
    <dimen name="x109">88.81dp</dimen>
    <dimen name="x110">89.63dp</dimen>
    <dimen name="x111">90.44dp</dimen>
    <dimen name="x112">91.26dp</dimen>
    <dimen name="x113">92.07dp</dimen>
    <dimen name="x114">92.89dp</dimen>
    <dimen name="x115">93.70dp</dimen>
    <dimen name="x116">94.52dp</dimen>
    <dimen name="x117">95.33dp</dimen>
    <dimen name="x118">96.15dp</dimen>
    <dimen name="x119">96.96dp</dimen>
    <dimen name="x120">97.78dp</dimen>
    <dimen name="x121">98.59dp</dimen>
    <dimen name="x122">99.41dp</dimen>
    <dimen name="x123">100.22dp</dimen>
    <dimen name="x124">101.04dp</dimen>
    <dimen name="x125">101.85dp</dimen>
    <dimen name="x126">102.67dp</dimen>
    <dimen name="x127">103.48dp</dimen>
    <dimen name="x128">104.30dp</dimen>
    <dimen name="x129">105.11dp</dimen>
    <dimen name="x130">105.93dp</dimen>
    <dimen name="x131">106.74dp</dimen>
    <dimen name="x132">107.56dp</dimen>
    <dimen name="x133">108.37dp</dimen>
    <dimen name="x134">109.19dp</dimen>
    <dimen name="x135">110.00dp</dimen>
    <dimen name="x136">110.81dp</dimen>
    <dimen name="x137">111.63dp</dimen>
    <dimen name="x138">112.44dp</dimen>
    <dimen name="x139">113.26dp</dimen>
    <dimen name="x140">114.07dp</dimen>
    <dimen name="x141">114.89dp</dimen>
    <dimen name="x142">115.70dp</dimen>
    <dimen name="x143">116.52dp</dimen>
    <dimen name="x144">117.33dp</dimen>
    <dimen name="x145">118.15dp</dimen>
    <dimen name="x146">118.96dp</dimen>
    <dimen name="x147">119.78dp</dimen>
    <dimen name="x148">120.59dp</dimen>
    <dimen name="x149">121.41dp</dimen>
    <dimen name="x150">122.22dp</dimen>
    <dimen name="x151">123.04dp</dimen>
    <dimen name="x152">123.85dp</dimen>
    <dimen name="x153">124.67dp</dimen>
    <dimen name="x154">125.48dp</dimen>
    <dimen name="x155">126.30dp</dimen>
    <dimen name="x156">127.11dp</dimen>
    <dimen name="x157">127.93dp</dimen>
    <dimen name="x158">128.74dp</dimen>
    <dimen name="x159">129.56dp</dimen>
    <dimen name="x160">130.37dp</dimen>
    <dimen name="x161">131.19dp</dimen>
    <dimen name="x162">132.00dp</dimen>
    <dimen name="x163">132.81dp</dimen>
    <dimen name="x164">133.63dp</dimen>
    <dimen name="x165">134.44dp</dimen>
    <dimen name="x166">135.26dp</dimen>
    <dimen name="x167">136.07dp</dimen>
    <dimen name="x168">136.89dp</dimen>
    <dimen name="x169">137.70dp</dimen>
    <dimen name="x170">138.52dp</dimen>
    <dimen name="x171">139.33dp</dimen>
    <dimen name="x172">140.15dp</dimen>
    <dimen name="x173">140.96dp</dimen>
    <dimen name="x174">141.78dp</dimen>
    <dimen name="x175">142.59dp</dimen>
    <dimen name="x176">143.41dp</dimen>
    <dimen name="x177">144.22dp</dimen>
    <dimen name="x178">145.04dp</dimen>
    <dimen name="x179">145.85dp</dimen>
    <dimen name="x180">146.67dp</dimen>
    <dimen name="x181">147.48dp</dimen>
    <dimen name="x182">148.30dp</dimen>
    <dimen name="x183">149.11dp</dimen>
    <dimen name="x184">149.93dp</dimen>
    <dimen name="x185">150.74dp</dimen>
    <dimen name="x186">151.56dp</dimen>
    <dimen name="x187">152.37dp</dimen>
    <dimen name="x188">153.19dp</dimen>
    <dimen name="x189">154.00dp</dimen>
    <dimen name="x190">154.81dp</dimen>
    <dimen name="x191">155.63dp</dimen>
    <dimen name="x192">156.44dp</dimen>
    <dimen name="x193">157.26dp</dimen>
    <dimen name="x194">158.07dp</dimen>
    <dimen name="x195">158.89dp</dimen>
    <dimen name="x196">159.70dp</dimen>
    <dimen name="x197">160.52dp</dimen>
    <dimen name="x198">161.33dp</dimen>
    <dimen name="x199">162.15dp</dimen>
    <dimen name="x200">162.96dp</dimen>
    <dimen name="x201">163.78dp</dimen>
    <dimen name="x202">164.59dp</dimen>
    <dimen name="x203">165.41dp</dimen>
    <dimen name="x204">166.22dp</dimen>
    <dimen name="x205">167.04dp</dimen>
    <dimen name="x206">167.85dp</dimen>
    <dimen name="x207">168.67dp</dimen>
    <dimen name="x208">169.48dp</dimen>
    <dimen name="x209">170.30dp</dimen>
    <dimen name="x210">171.11dp</dimen>
    <dimen name="x211">171.93dp</dimen>
    <dimen name="x212">172.74dp</dimen>
    <dimen name="x213">173.56dp</dimen>
    <dimen name="x214">174.37dp</dimen>
    <dimen name="x215">175.19dp</dimen>
    <dimen name="x216">176.00dp</dimen>
    <dimen name="x217">176.81dp</dimen>
    <dimen name="x218">177.63dp</dimen>
    <dimen name="x219">178.44dp</dimen>
    <dimen name="x220">179.26dp</dimen>
    <dimen name="x221">180.07dp</dimen>
    <dimen name="x222">180.89dp</dimen>
    <dimen name="x223">181.70dp</dimen>
    <dimen name="x224">182.52dp</dimen>
    <dimen name="x225">183.33dp</dimen>
    <dimen name="x226">184.15dp</dimen>
    <dimen name="x227">184.96dp</dimen>
    <dimen name="x228">185.78dp</dimen>
    <dimen name="x229">186.59dp</dimen>
    <dimen name="x230">187.41dp</dimen>
    <dimen name="x231">188.22dp</dimen>
    <dimen name="x232">189.04dp</dimen>
    <dimen name="x233">189.85dp</dimen>
    <dimen name="x234">190.67dp</dimen>
    <dimen name="x235">191.48dp</dimen>
    <dimen name="x236">192.30dp</dimen>
    <dimen name="x237">193.11dp</dimen>
    <dimen name="x238">193.93dp</dimen>
    <dimen name="x239">194.74dp</dimen>
    <dimen name="x240">195.56dp</dimen>
    <dimen name="x241">196.37dp</dimen>
    <dimen name="x242">197.19dp</dimen>
    <dimen name="x243">198.00dp</dimen>
    <dimen name="x244">198.81dp</dimen>
    <dimen name="x245">199.63dp</dimen>
    <dimen name="x246">200.44dp</dimen>
    <dimen name="x247">201.26dp</dimen>
    <dimen name="x248">202.07dp</dimen>
    <dimen name="x249">202.89dp</dimen>
    <dimen name="x250">203.70dp</dimen>
    <dimen name="x251">204.52dp</dimen>
    <dimen name="x252">205.33dp</dimen>
    <dimen name="x253">206.15dp</dimen>
    <dimen name="x254">206.96dp</dimen>
    <dimen name="x255">207.78dp</dimen>
    <dimen name="x256">208.59dp</dimen>
    <dimen name="x257">209.41dp</dimen>
    <dimen name="x258">210.22dp</dimen>
    <dimen name="x259">211.04dp</dimen>
    <dimen name="x260">211.85dp</dimen>
    <dimen name="x261">212.67dp</dimen>
    <dimen name="x262">213.48dp</dimen>
    <dimen name="x263">214.30dp</dimen>
    <dimen name="x264">215.11dp</dimen>
    <dimen name="x265">215.93dp</dimen>
    <dimen name="x266">216.74dp</dimen>
    <dimen name="x267">217.56dp</dimen>
    <dimen name="x268">218.37dp</dimen>
    <dimen name="x269">219.19dp</dimen>
    <dimen name="x270">220.00dp</dimen>
    <dimen name="x271">220.81dp</dimen>
    <dimen name="x272">221.63dp</dimen>
    <dimen name="x273">222.44dp</dimen>
    <dimen name="x274">223.26dp</dimen>
    <dimen name="x275">224.07dp</dimen>
    <dimen name="x276">224.89dp</dimen>
    <dimen name="x277">225.70dp</dimen>
    <dimen name="x278">226.52dp</dimen>
    <dimen name="x279">227.33dp</dimen>
    <dimen name="x280">228.15dp</dimen>
    <dimen name="x281">228.96dp</dimen>
    <dimen name="x282">229.78dp</dimen>
    <dimen name="x283">230.59dp</dimen>
    <dimen name="x284">231.41dp</dimen>
    <dimen name="x285">232.22dp</dimen>
    <dimen name="x286">233.04dp</dimen>
    <dimen name="x287">233.85dp</dimen>
    <dimen name="x288">234.67dp</dimen>
    <dimen name="x289">235.48dp</dimen>
    <dimen name="x290">236.30dp</dimen>
    <dimen name="x291">237.11dp</dimen>
    <dimen name="x292">237.93dp</dimen>
    <dimen name="x293">238.74dp</dimen>
    <dimen name="x294">239.56dp</dimen>
    <dimen name="x295">240.37dp</dimen>
    <dimen name="x296">241.19dp</dimen>
    <dimen name="x297">242.00dp</dimen>
    <dimen name="x298">242.81dp</dimen>
    <dimen name="x299">243.63dp</dimen>
    <dimen name="x300">244.44dp</dimen>
    <dimen name="x301">245.26dp</dimen>
    <dimen name="x302">246.07dp</dimen>
    <dimen name="x303">246.89dp</dimen>
    <dimen name="x304">247.70dp</dimen>
    <dimen name="x305">248.52dp</dimen>
    <dimen name="x306">249.33dp</dimen>
    <dimen name="x307">250.15dp</dimen>
    <dimen name="x308">250.96dp</dimen>
    <dimen name="x309">251.78dp</dimen>
    <dimen name="x310">252.59dp</dimen>
    <dimen name="x311">253.41dp</dimen>
    <dimen name="x312">254.22dp</dimen>
    <dimen name="x313">255.04dp</dimen>
    <dimen name="x314">255.85dp</dimen>
    <dimen name="x315">256.67dp</dimen>
    <dimen name="x316">257.48dp</dimen>
    <dimen name="x317">258.30dp</dimen>
    <dimen name="x318">259.11dp</dimen>
    <dimen name="x319">259.93dp</dimen>
    <dimen name="x320">260.74dp</dimen>
    <dimen name="x321">261.56dp</dimen>
    <dimen name="x322">262.37dp</dimen>
    <dimen name="x323">263.19dp</dimen>
    <dimen name="x324">264.00dp</dimen>
    <dimen name="x325">264.81dp</dimen>
    <dimen name="x326">265.63dp</dimen>
    <dimen name="x327">266.44dp</dimen>
    <dimen name="x328">267.26dp</dimen>
    <dimen name="x329">268.07dp</dimen>
    <dimen name="x330">268.89dp</dimen>
    <dimen name="x331">269.70dp</dimen>
    <dimen name="x332">270.52dp</dimen>
    <dimen name="x333">271.33dp</dimen>
    <dimen name="x334">272.15dp</dimen>
    <dimen name="x335">272.96dp</dimen>
    <dimen name="x336">273.78dp</dimen>
    <dimen name="x337">274.59dp</dimen>
    <dimen name="x338">275.41dp</dimen>
    <dimen name="x339">276.22dp</dimen>
    <dimen name="x340">277.04dp</dimen>
    <dimen name="x341">277.85dp</dimen>
    <dimen name="x342">278.67dp</dimen>
    <dimen name="x343">279.48dp</dimen>
    <dimen name="x344">280.30dp</dimen>
    <dimen name="x345">281.11dp</dimen>
    <dimen name="x346">281.93dp</dimen>
    <dimen name="x347">282.74dp</dimen>
    <dimen name="x348">283.56dp</dimen>
    <dimen name="x349">284.37dp</dimen>
    <dimen name="x350">285.19dp</dimen>
    <dimen name="x351">286.00dp</dimen>
    <dimen name="x352">286.81dp</dimen>
    <dimen name="x353">287.63dp</dimen>
    <dimen name="x354">288.44dp</dimen>
    <dimen name="x355">289.26dp</dimen>
    <dimen name="x356">290.07dp</dimen>
    <dimen name="x357">290.89dp</dimen>
    <dimen name="x358">291.70dp</dimen>
    <dimen name="x359">292.52dp</dimen>
    <dimen name="x360">293.33dp</dimen>
    <dimen name="x361">294.15dp</dimen>
    <dimen name="x362">294.96dp</dimen>
    <dimen name="x363">295.78dp</dimen>
    <dimen name="x364">296.59dp</dimen>
    <dimen name="x365">297.41dp</dimen>
    <dimen name="x366">298.22dp</dimen>
    <dimen name="x367">299.04dp</dimen>
    <dimen name="x368">299.85dp</dimen>
    <dimen name="x369">300.67dp</dimen>
    <dimen name="x370">301.48dp</dimen>
    <dimen name="x371">302.30dp</dimen>
    <dimen name="x372">303.11dp</dimen>
    <dimen name="x373">303.93dp</dimen>
    <dimen name="x374">304.74dp</dimen>
    <dimen name="x375">305.56dp</dimen>
    <dimen name="x376">306.37dp</dimen>
    <dimen name="x377">307.19dp</dimen>
    <dimen name="x378">308.00dp</dimen>
    <dimen name="x379">308.81dp</dimen>
    <dimen name="x380">309.63dp</dimen>
    <dimen name="x381">310.44dp</dimen>
    <dimen name="x382">311.26dp</dimen>
    <dimen name="x383">312.07dp</dimen>
    <dimen name="x384">312.89dp</dimen>
    <dimen name="x385">313.70dp</dimen>
    <dimen name="x386">314.52dp</dimen>
    <dimen name="x387">315.33dp</dimen>
    <dimen name="x388">316.15dp</dimen>
    <dimen name="x389">316.96dp</dimen>
    <dimen name="x390">317.78dp</dimen>
    <dimen name="x391">318.59dp</dimen>
    <dimen name="x392">319.41dp</dimen>
    <dimen name="x393">320.22dp</dimen>
    <dimen name="x394">321.04dp</dimen>
    <dimen name="x395">321.85dp</dimen>
    <dimen name="x396">322.67dp</dimen>
    <dimen name="x397">323.48dp</dimen>
    <dimen name="x398">324.30dp</dimen>
    <dimen name="x399">325.11dp</dimen>
    <dimen name="x400">325.93dp</dimen>
    <dimen name="x401">326.74dp</dimen>
    <dimen name="x402">327.56dp</dimen>
    <dimen name="x403">328.37dp</dimen>
    <dimen name="x404">329.19dp</dimen>
    <dimen name="x405">330.00dp</dimen>
    <dimen name="x406">330.81dp</dimen>
    <dimen name="x407">331.63dp</dimen>
    <dimen name="x408">332.44dp</dimen>
    <dimen name="x409">333.26dp</dimen>
    <dimen name="x410">334.07dp</dimen>
    <dimen name="x411">334.89dp</dimen>
    <dimen name="x412">335.70dp</dimen>
    <dimen name="x413">336.52dp</dimen>
    <dimen name="x414">337.33dp</dimen>
    <dimen name="x415">338.15dp</dimen>
    <dimen name="x416">338.96dp</dimen>
    <dimen name="x417">339.78dp</dimen>
    <dimen name="x418">340.59dp</dimen>
    <dimen name="x419">341.41dp</dimen>
    <dimen name="x420">342.22dp</dimen>
    <dimen name="x421">343.04dp</dimen>
    <dimen name="x422">343.85dp</dimen>
    <dimen name="x423">344.67dp</dimen>
    <dimen name="x424">345.48dp</dimen>
    <dimen name="x425">346.30dp</dimen>
    <dimen name="x426">347.11dp</dimen>
    <dimen name="x427">347.93dp</dimen>
    <dimen name="x428">348.74dp</dimen>
    <dimen name="x429">349.56dp</dimen>
    <dimen name="x430">350.37dp</dimen>
    <dimen name="x431">351.19dp</dimen>
    <dimen name="x432">352.00dp</dimen>
    <dimen name="x433">352.81dp</dimen>
    <dimen name="x434">353.63dp</dimen>
    <dimen name="x435">354.44dp</dimen>
    <dimen name="x436">355.26dp</dimen>
    <dimen name="x437">356.07dp</dimen>
    <dimen name="x438">356.89dp</dimen>
    <dimen name="x439">357.70dp</dimen>
    <dimen name="x440">358.52dp</dimen>
    <dimen name="x441">359.33dp</dimen>
    <dimen name="x442">360.15dp</dimen>
    <dimen name="x443">360.96dp</dimen>
    <dimen name="x444">361.78dp</dimen>
    <dimen name="x445">362.59dp</dimen>
    <dimen name="x446">363.41dp</dimen>
    <dimen name="x447">364.22dp</dimen>
    <dimen name="x448">365.04dp</dimen>
    <dimen name="x449">365.85dp</dimen>
    <dimen name="x450">366.67dp</dimen>
    <dimen name="x451">367.48dp</dimen>
    <dimen name="x452">368.30dp</dimen>
    <dimen name="x453">369.11dp</dimen>
    <dimen name="x454">369.93dp</dimen>
    <dimen name="x455">370.74dp</dimen>
    <dimen name="x456">371.56dp</dimen>
    <dimen name="x457">372.37dp</dimen>
    <dimen name="x458">373.19dp</dimen>
    <dimen name="x459">374.00dp</dimen>
    <dimen name="x460">374.81dp</dimen>
    <dimen name="x461">375.63dp</dimen>
    <dimen name="x462">376.44dp</dimen>
    <dimen name="x463">377.26dp</dimen>
    <dimen name="x464">378.07dp</dimen>
    <dimen name="x465">378.89dp</dimen>
    <dimen name="x466">379.70dp</dimen>
    <dimen name="x467">380.52dp</dimen>
    <dimen name="x468">381.33dp</dimen>
    <dimen name="x469">382.15dp</dimen>
    <dimen name="x470">382.96dp</dimen>
    <dimen name="x471">383.78dp</dimen>
    <dimen name="x472">384.59dp</dimen>
    <dimen name="x473">385.41dp</dimen>
    <dimen name="x474">386.22dp</dimen>
    <dimen name="x475">387.04dp</dimen>
    <dimen name="x476">387.85dp</dimen>
    <dimen name="x477">388.67dp</dimen>
    <dimen name="x478">389.48dp</dimen>
    <dimen name="x479">390.30dp</dimen>
    <dimen name="x480">391.11dp</dimen>
    <dimen name="x481">391.93dp</dimen>
    <dimen name="x482">392.74dp</dimen>
    <dimen name="x483">393.56dp</dimen>
    <dimen name="x484">394.37dp</dimen>
    <dimen name="x485">395.19dp</dimen>
    <dimen name="x486">396.00dp</dimen>
    <dimen name="x487">396.81dp</dimen>
    <dimen name="x488">397.63dp</dimen>
    <dimen name="x489">398.44dp</dimen>
    <dimen name="x490">399.26dp</dimen>
    <dimen name="x491">400.07dp</dimen>
    <dimen name="x492">400.89dp</dimen>
    <dimen name="x493">401.70dp</dimen>
    <dimen name="x494">402.52dp</dimen>
    <dimen name="x495">403.33dp</dimen>
    <dimen name="x496">404.15dp</dimen>
    <dimen name="x497">404.96dp</dimen>
    <dimen name="x498">405.78dp</dimen>
    <dimen name="x499">406.59dp</dimen>
    <dimen name="x500">407.41dp</dimen>
    <dimen name="x501">408.22dp</dimen>
    <dimen name="x502">409.04dp</dimen>
    <dimen name="x503">409.85dp</dimen>
    <dimen name="x504">410.67dp</dimen>
    <dimen name="x505">411.48dp</dimen>
    <dimen name="x506">412.30dp</dimen>
    <dimen name="x507">413.11dp</dimen>
    <dimen name="x508">413.93dp</dimen>
    <dimen name="x509">414.74dp</dimen>
    <dimen name="x510">415.56dp</dimen>
    <dimen name="x511">416.37dp</dimen>
    <dimen name="x512">417.19dp</dimen>
    <dimen name="x513">418.00dp</dimen>
    <dimen name="x514">418.81dp</dimen>
    <dimen name="x515">419.63dp</dimen>
    <dimen name="x516">420.44dp</dimen>
    <dimen name="x517">421.26dp</dimen>
    <dimen name="x518">422.07dp</dimen>
    <dimen name="x519">422.89dp</dimen>
    <dimen name="x520">423.70dp</dimen>
    <dimen name="x521">424.52dp</dimen>
    <dimen name="x522">425.33dp</dimen>
    <dimen name="x523">426.15dp</dimen>
    <dimen name="x524">426.96dp</dimen>
    <dimen name="x525">427.78dp</dimen>
    <dimen name="x526">428.59dp</dimen>
    <dimen name="x527">429.41dp</dimen>
    <dimen name="x528">430.22dp</dimen>
    <dimen name="x529">431.04dp</dimen>
    <dimen name="x530">431.85dp</dimen>
    <dimen name="x531">432.67dp</dimen>
    <dimen name="x532">433.48dp</dimen>
    <dimen name="x533">434.30dp</dimen>
    <dimen name="x534">435.11dp</dimen>
    <dimen name="x535">435.93dp</dimen>
    <dimen name="x536">436.74dp</dimen>
    <dimen name="x537">437.56dp</dimen>
    <dimen name="x538">438.37dp</dimen>
    <dimen name="x539">439.19dp</dimen>
    <dimen name="x540">440.00dp</dimen>
    <dimen name="x541">440.81dp</dimen>
    <dimen name="x542">441.63dp</dimen>
    <dimen name="x543">442.44dp</dimen>
    <dimen name="x544">443.26dp</dimen>
    <dimen name="x545">444.07dp</dimen>
    <dimen name="x546">444.89dp</dimen>
    <dimen name="x547">445.70dp</dimen>
    <dimen name="x548">446.52dp</dimen>
    <dimen name="x549">447.33dp</dimen>
    <dimen name="x550">448.15dp</dimen>
    <dimen name="x551">448.96dp</dimen>
    <dimen name="x552">449.78dp</dimen>
    <dimen name="x553">450.59dp</dimen>
    <dimen name="x554">451.41dp</dimen>
    <dimen name="x555">452.22dp</dimen>
    <dimen name="x556">453.04dp</dimen>
    <dimen name="x557">453.85dp</dimen>
    <dimen name="x558">454.67dp</dimen>
    <dimen name="x559">455.48dp</dimen>
    <dimen name="x560">456.30dp</dimen>
    <dimen name="x561">457.11dp</dimen>
    <dimen name="x562">457.93dp</dimen>
    <dimen name="x563">458.74dp</dimen>
    <dimen name="x564">459.56dp</dimen>
    <dimen name="x565">460.37dp</dimen>
    <dimen name="x566">461.19dp</dimen>
    <dimen name="x567">462.00dp</dimen>
    <dimen name="x568">462.81dp</dimen>
    <dimen name="x569">463.63dp</dimen>
    <dimen name="x570">464.44dp</dimen>
    <dimen name="x571">465.26dp</dimen>
    <dimen name="x572">466.07dp</dimen>
    <dimen name="x573">466.89dp</dimen>
    <dimen name="x574">467.70dp</dimen>
    <dimen name="x575">468.52dp</dimen>
    <dimen name="x576">469.33dp</dimen>
    <dimen name="x577">470.15dp</dimen>
    <dimen name="x578">470.96dp</dimen>
    <dimen name="x579">471.78dp</dimen>
    <dimen name="x580">472.59dp</dimen>
    <dimen name="x581">473.41dp</dimen>
    <dimen name="x582">474.22dp</dimen>
    <dimen name="x583">475.04dp</dimen>
    <dimen name="x584">475.85dp</dimen>
    <dimen name="x585">476.67dp</dimen>
    <dimen name="x586">477.48dp</dimen>
    <dimen name="x587">478.30dp</dimen>
    <dimen name="x588">479.11dp</dimen>
    <dimen name="x589">479.93dp</dimen>
    <dimen name="x590">480.74dp</dimen>
    <dimen name="x591">481.56dp</dimen>
    <dimen name="x592">482.37dp</dimen>
    <dimen name="x593">483.19dp</dimen>
    <dimen name="x594">484.00dp</dimen>
    <dimen name="x595">484.81dp</dimen>
    <dimen name="x596">485.63dp</dimen>
    <dimen name="x597">486.44dp</dimen>
    <dimen name="x598">487.26dp</dimen>
    <dimen name="x599">488.07dp</dimen>
    <dimen name="x600">488.89dp</dimen>
    <dimen name="x601">489.70dp</dimen>
    <dimen name="x602">490.52dp</dimen>
    <dimen name="x603">491.33dp</dimen>
    <dimen name="x604">492.15dp</dimen>
    <dimen name="x605">492.96dp</dimen>
    <dimen name="x606">493.78dp</dimen>
    <dimen name="x607">494.59dp</dimen>
    <dimen name="x608">495.41dp</dimen>
    <dimen name="x609">496.22dp</dimen>
    <dimen name="x610">497.04dp</dimen>
    <dimen name="x611">497.85dp</dimen>
    <dimen name="x612">498.67dp</dimen>
    <dimen name="x613">499.48dp</dimen>
    <dimen name="x614">500.30dp</dimen>
    <dimen name="x615">501.11dp</dimen>
    <dimen name="x616">501.93dp</dimen>
    <dimen name="x617">502.74dp</dimen>
    <dimen name="x618">503.56dp</dimen>
    <dimen name="x619">504.37dp</dimen>
    <dimen name="x620">505.19dp</dimen>
    <dimen name="x621">506.00dp</dimen>
    <dimen name="x622">506.81dp</dimen>
    <dimen name="x623">507.63dp</dimen>
    <dimen name="x624">508.44dp</dimen>
    <dimen name="x625">509.26dp</dimen>
    <dimen name="x626">510.07dp</dimen>
    <dimen name="x627">510.89dp</dimen>
    <dimen name="x628">511.70dp</dimen>
    <dimen name="x629">512.52dp</dimen>
    <dimen name="x630">513.33dp</dimen>
    <dimen name="x631">514.15dp</dimen>
    <dimen name="x632">514.96dp</dimen>
    <dimen name="x633">515.78dp</dimen>
    <dimen name="x634">516.59dp</dimen>
    <dimen name="x635">517.41dp</dimen>
    <dimen name="x636">518.22dp</dimen>
    <dimen name="x637">519.04dp</dimen>
    <dimen name="x638">519.85dp</dimen>
    <dimen name="x639">520.67dp</dimen>
    <dimen name="x640">521.48dp</dimen>
    <dimen name="x641">522.30dp</dimen>
    <dimen name="x642">523.11dp</dimen>
    <dimen name="x643">523.93dp</dimen>
    <dimen name="x644">524.74dp</dimen>
    <dimen name="x645">525.56dp</dimen>
    <dimen name="x646">526.37dp</dimen>
    <dimen name="x647">527.19dp</dimen>
    <dimen name="x648">528.00dp</dimen>
    <dimen name="x649">528.81dp</dimen>
    <dimen name="x650">529.63dp</dimen>
    <dimen name="x651">530.44dp</dimen>
    <dimen name="x652">531.26dp</dimen>
    <dimen name="x653">532.07dp</dimen>
    <dimen name="x654">532.89dp</dimen>
    <dimen name="x655">533.70dp</dimen>
    <dimen name="x656">534.52dp</dimen>
    <dimen name="x657">535.33dp</dimen>
    <dimen name="x658">536.15dp</dimen>
    <dimen name="x659">536.96dp</dimen>
    <dimen name="x660">537.78dp</dimen>
    <dimen name="x661">538.59dp</dimen>
    <dimen name="x662">539.41dp</dimen>
    <dimen name="x663">540.22dp</dimen>
    <dimen name="x664">541.04dp</dimen>
    <dimen name="x665">541.85dp</dimen>
    <dimen name="x666">542.67dp</dimen>
    <dimen name="x667">543.48dp</dimen>
    <dimen name="x668">544.30dp</dimen>
    <dimen name="x669">545.11dp</dimen>
    <dimen name="x670">545.93dp</dimen>
    <dimen name="x671">546.74dp</dimen>
    <dimen name="x672">547.56dp</dimen>
    <dimen name="x673">548.37dp</dimen>
    <dimen name="x674">549.19dp</dimen>
    <dimen name="x675">550.00dp</dimen>
    <dimen name="x676">550.81dp</dimen>
    <dimen name="x677">551.63dp</dimen>
    <dimen name="x678">552.44dp</dimen>
    <dimen name="x679">553.26dp</dimen>
    <dimen name="x680">554.07dp</dimen>
    <dimen name="x681">554.89dp</dimen>
    <dimen name="x682">555.70dp</dimen>
    <dimen name="x683">556.52dp</dimen>
    <dimen name="x684">557.33dp</dimen>
    <dimen name="x685">558.15dp</dimen>
    <dimen name="x686">558.96dp</dimen>
    <dimen name="x687">559.78dp</dimen>
    <dimen name="x688">560.59dp</dimen>
    <dimen name="x689">561.41dp</dimen>
    <dimen name="x690">562.22dp</dimen>
    <dimen name="x691">563.04dp</dimen>
    <dimen name="x692">563.85dp</dimen>
    <dimen name="x693">564.67dp</dimen>
    <dimen name="x694">565.48dp</dimen>
    <dimen name="x695">566.30dp</dimen>
    <dimen name="x696">567.11dp</dimen>
    <dimen name="x697">567.93dp</dimen>
    <dimen name="x698">568.74dp</dimen>
    <dimen name="x699">569.56dp</dimen>
    <dimen name="x700">570.37dp</dimen>
    <dimen name="x701">571.19dp</dimen>
    <dimen name="x702">572.00dp</dimen>
    <dimen name="x703">572.81dp</dimen>
    <dimen name="x704">573.63dp</dimen>
    <dimen name="x705">574.44dp</dimen>
    <dimen name="x706">575.26dp</dimen>
    <dimen name="x707">576.07dp</dimen>
    <dimen name="x708">576.89dp</dimen>
    <dimen name="x709">577.70dp</dimen>
    <dimen name="x710">578.52dp</dimen>
    <dimen name="x711">579.33dp</dimen>
    <dimen name="x712">580.15dp</dimen>
    <dimen name="x713">580.96dp</dimen>
    <dimen name="x714">581.78dp</dimen>
    <dimen name="x715">582.59dp</dimen>
    <dimen name="x716">583.41dp</dimen>
    <dimen name="x717">584.22dp</dimen>
    <dimen name="x718">585.04dp</dimen>
    <dimen name="x719">585.85dp</dimen>
    <dimen name="x720">586.67dp</dimen>
    <dimen name="x721">587.48dp</dimen>
    <dimen name="x722">588.30dp</dimen>
    <dimen name="x723">589.11dp</dimen>
    <dimen name="x724">589.93dp</dimen>
    <dimen name="x725">590.74dp</dimen>
    <dimen name="x726">591.56dp</dimen>
    <dimen name="x727">592.37dp</dimen>
    <dimen name="x728">593.19dp</dimen>
    <dimen name="x729">594.00dp</dimen>
    <dimen name="x730">594.81dp</dimen>
    <dimen name="x731">595.63dp</dimen>
    <dimen name="x732">596.44dp</dimen>
    <dimen name="x733">597.26dp</dimen>
    <dimen name="x734">598.07dp</dimen>
    <dimen name="x735">598.89dp</dimen>
    <dimen name="x736">599.70dp</dimen>
    <dimen name="x737">600.52dp</dimen>
    <dimen name="x738">601.33dp</dimen>
    <dimen name="x739">602.15dp</dimen>
    <dimen name="x740">602.96dp</dimen>
    <dimen name="x741">603.78dp</dimen>
    <dimen name="x742">604.59dp</dimen>
    <dimen name="x743">605.41dp</dimen>
    <dimen name="x744">606.22dp</dimen>
    <dimen name="x745">607.04dp</dimen>
    <dimen name="x746">607.85dp</dimen>
    <dimen name="x747">608.67dp</dimen>
    <dimen name="x748">609.48dp</dimen>
    <dimen name="x749">610.30dp</dimen>
    <dimen name="x750">611.11dp</dimen>
    <dimen name="x751">611.93dp</dimen>
    <dimen name="x752">612.74dp</dimen>
    <dimen name="x753">613.56dp</dimen>
    <dimen name="x754">614.37dp</dimen>
    <dimen name="x755">615.19dp</dimen>
    <dimen name="x756">616.00dp</dimen>
    <dimen name="x757">616.81dp</dimen>
    <dimen name="x758">617.63dp</dimen>
    <dimen name="x759">618.44dp</dimen>
    <dimen name="x760">619.26dp</dimen>
    <dimen name="x761">620.07dp</dimen>
    <dimen name="x762">620.89dp</dimen>
    <dimen name="x763">621.70dp</dimen>
    <dimen name="x764">622.52dp</dimen>
    <dimen name="x765">623.33dp</dimen>
    <dimen name="x766">624.15dp</dimen>
    <dimen name="x767">624.96dp</dimen>
    <dimen name="x768">625.78dp</dimen>
    <dimen name="x769">626.59dp</dimen>
    <dimen name="x770">627.41dp</dimen>
    <dimen name="x771">628.22dp</dimen>
    <dimen name="x772">629.04dp</dimen>
    <dimen name="x773">629.85dp</dimen>
    <dimen name="x774">630.67dp</dimen>
    <dimen name="x775">631.48dp</dimen>
    <dimen name="x776">632.30dp</dimen>
    <dimen name="x777">633.11dp</dimen>
    <dimen name="x778">633.93dp</dimen>
    <dimen name="x779">634.74dp</dimen>
    <dimen name="x780">635.56dp</dimen>
    <dimen name="x781">636.37dp</dimen>
    <dimen name="x782">637.19dp</dimen>
    <dimen name="x783">638.00dp</dimen>
    <dimen name="x784">638.81dp</dimen>
    <dimen name="x785">639.63dp</dimen>
    <dimen name="x786">640.44dp</dimen>
    <dimen name="x787">641.26dp</dimen>
    <dimen name="x788">642.07dp</dimen>
    <dimen name="x789">642.89dp</dimen>
    <dimen name="x790">643.70dp</dimen>
    <dimen name="x791">644.52dp</dimen>
    <dimen name="x792">645.33dp</dimen>
    <dimen name="x793">646.15dp</dimen>
    <dimen name="x794">646.96dp</dimen>
    <dimen name="x795">647.78dp</dimen>
    <dimen name="x796">648.59dp</dimen>
    <dimen name="x797">649.41dp</dimen>
    <dimen name="x798">650.22dp</dimen>
    <dimen name="x799">651.04dp</dimen>
    <dimen name="x800">651.85dp</dimen>
    <dimen name="x801">652.67dp</dimen>
    <dimen name="x802">653.48dp</dimen>
    <dimen name="x803">654.30dp</dimen>
    <dimen name="x804">655.11dp</dimen>
    <dimen name="x805">655.93dp</dimen>
    <dimen name="x806">656.74dp</dimen>
    <dimen name="x807">657.56dp</dimen>
    <dimen name="x808">658.37dp</dimen>
    <dimen name="x809">659.19dp</dimen>
    <dimen name="x810">660.00dp</dimen>
    <dimen name="x811">660.81dp</dimen>
    <dimen name="x812">661.63dp</dimen>
    <dimen name="x813">662.44dp</dimen>
    <dimen name="x814">663.26dp</dimen>
    <dimen name="x815">664.07dp</dimen>
    <dimen name="x816">664.89dp</dimen>
    <dimen name="x817">665.70dp</dimen>
    <dimen name="x818">666.52dp</dimen>
    <dimen name="x819">667.33dp</dimen>
    <dimen name="x820">668.15dp</dimen>
    <dimen name="x821">668.96dp</dimen>
    <dimen name="x822">669.78dp</dimen>
    <dimen name="x823">670.59dp</dimen>
    <dimen name="x824">671.41dp</dimen>
    <dimen name="x825">672.22dp</dimen>
    <dimen name="x826">673.04dp</dimen>
    <dimen name="x827">673.85dp</dimen>
    <dimen name="x828">674.67dp</dimen>
    <dimen name="x829">675.48dp</dimen>
    <dimen name="x830">676.30dp</dimen>
    <dimen name="x831">677.11dp</dimen>
    <dimen name="x832">677.93dp</dimen>
    <dimen name="x833">678.74dp</dimen>
    <dimen name="x834">679.56dp</dimen>
    <dimen name="x835">680.37dp</dimen>
    <dimen name="x836">681.19dp</dimen>
    <dimen name="x837">682.00dp</dimen>
    <dimen name="x838">682.81dp</dimen>
    <dimen name="x839">683.63dp</dimen>
    <dimen name="x840">684.44dp</dimen>
    <dimen name="x841">685.26dp</dimen>
    <dimen name="x842">686.07dp</dimen>
    <dimen name="x843">686.89dp</dimen>
    <dimen name="x844">687.70dp</dimen>
    <dimen name="x845">688.52dp</dimen>
    <dimen name="x846">689.33dp</dimen>
    <dimen name="x847">690.15dp</dimen>
    <dimen name="x848">690.96dp</dimen>
    <dimen name="x849">691.78dp</dimen>
    <dimen name="x850">692.59dp</dimen>
    <dimen name="x851">693.41dp</dimen>
    <dimen name="x852">694.22dp</dimen>
    <dimen name="x853">695.04dp</dimen>
    <dimen name="x854">695.85dp</dimen>
    <dimen name="x855">696.67dp</dimen>
    <dimen name="x856">697.48dp</dimen>
    <dimen name="x857">698.30dp</dimen>
    <dimen name="x858">699.11dp</dimen>
    <dimen name="x859">699.93dp</dimen>
    <dimen name="x860">700.74dp</dimen>
    <dimen name="x861">701.56dp</dimen>
    <dimen name="x862">702.37dp</dimen>
    <dimen name="x863">703.19dp</dimen>
    <dimen name="x864">704.00dp</dimen>
    <dimen name="x865">704.81dp</dimen>
    <dimen name="x866">705.63dp</dimen>
    <dimen name="x867">706.44dp</dimen>
    <dimen name="x868">707.26dp</dimen>
    <dimen name="x869">708.07dp</dimen>
    <dimen name="x870">708.89dp</dimen>
    <dimen name="x871">709.70dp</dimen>
    <dimen name="x872">710.52dp</dimen>
    <dimen name="x873">711.33dp</dimen>
    <dimen name="x874">712.15dp</dimen>
    <dimen name="x875">712.96dp</dimen>
    <dimen name="x876">713.78dp</dimen>
    <dimen name="x877">714.59dp</dimen>
    <dimen name="x878">715.41dp</dimen>
    <dimen name="x879">716.22dp</dimen>
    <dimen name="x880">717.04dp</dimen>
    <dimen name="x881">717.85dp</dimen>
    <dimen name="x882">718.67dp</dimen>
    <dimen name="x883">719.48dp</dimen>
    <dimen name="x884">720.30dp</dimen>
    <dimen name="x885">721.11dp</dimen>
    <dimen name="x886">721.93dp</dimen>
    <dimen name="x887">722.74dp</dimen>
    <dimen name="x888">723.56dp</dimen>
    <dimen name="x889">724.37dp</dimen>
    <dimen name="x890">725.19dp</dimen>
    <dimen name="x891">726.00dp</dimen>
    <dimen name="x892">726.81dp</dimen>
    <dimen name="x893">727.63dp</dimen>
    <dimen name="x894">728.44dp</dimen>
    <dimen name="x895">729.26dp</dimen>
    <dimen name="x896">730.07dp</dimen>
    <dimen name="x897">730.89dp</dimen>
    <dimen name="x898">731.70dp</dimen>
    <dimen name="x899">732.52dp</dimen>
    <dimen name="x900">733.33dp</dimen>
    <dimen name="x901">734.15dp</dimen>
    <dimen name="x902">734.96dp</dimen>
    <dimen name="x903">735.78dp</dimen>
    <dimen name="x904">736.59dp</dimen>
    <dimen name="x905">737.41dp</dimen>
    <dimen name="x906">738.22dp</dimen>
    <dimen name="x907">739.04dp</dimen>
    <dimen name="x908">739.85dp</dimen>
    <dimen name="x909">740.67dp</dimen>
    <dimen name="x910">741.48dp</dimen>
    <dimen name="x911">742.30dp</dimen>
    <dimen name="x912">743.11dp</dimen>
    <dimen name="x913">743.93dp</dimen>
    <dimen name="x914">744.74dp</dimen>
    <dimen name="x915">745.56dp</dimen>
    <dimen name="x916">746.37dp</dimen>
    <dimen name="x917">747.19dp</dimen>
    <dimen name="x918">748.00dp</dimen>
    <dimen name="x919">748.81dp</dimen>
    <dimen name="x920">749.63dp</dimen>
    <dimen name="x921">750.44dp</dimen>
    <dimen name="x922">751.26dp</dimen>
    <dimen name="x923">752.07dp</dimen>
    <dimen name="x924">752.89dp</dimen>
    <dimen name="x925">753.70dp</dimen>
    <dimen name="x926">754.52dp</dimen>
    <dimen name="x927">755.33dp</dimen>
    <dimen name="x928">756.15dp</dimen>
    <dimen name="x929">756.96dp</dimen>
    <dimen name="x930">757.78dp</dimen>
    <dimen name="x931">758.59dp</dimen>
    <dimen name="x932">759.41dp</dimen>
    <dimen name="x933">760.22dp</dimen>
    <dimen name="x934">761.04dp</dimen>
    <dimen name="x935">761.85dp</dimen>
    <dimen name="x936">762.67dp</dimen>
    <dimen name="x937">763.48dp</dimen>
    <dimen name="x938">764.30dp</dimen>
    <dimen name="x939">765.11dp</dimen>
    <dimen name="x940">765.93dp</dimen>
    <dimen name="x941">766.74dp</dimen>
    <dimen name="x942">767.56dp</dimen>
    <dimen name="x943">768.37dp</dimen>
    <dimen name="x944">769.19dp</dimen>
    <dimen name="x945">770.00dp</dimen>
    <dimen name="x946">770.81dp</dimen>
    <dimen name="x947">771.63dp</dimen>
    <dimen name="x948">772.44dp</dimen>
    <dimen name="x949">773.26dp</dimen>
    <dimen name="x950">774.07dp</dimen>
    <dimen name="x951">774.89dp</dimen>
    <dimen name="x952">775.70dp</dimen>
    <dimen name="x953">776.52dp</dimen>
    <dimen name="x954">777.33dp</dimen>
    <dimen name="x955">778.15dp</dimen>
    <dimen name="x956">778.96dp</dimen>
    <dimen name="x957">779.78dp</dimen>
    <dimen name="x958">780.59dp</dimen>
    <dimen name="x959">781.41dp</dimen>
    <dimen name="x960">782.22dp</dimen>
    <dimen name="x961">783.04dp</dimen>
    <dimen name="x962">783.85dp</dimen>
    <dimen name="x963">784.67dp</dimen>
    <dimen name="x964">785.48dp</dimen>
    <dimen name="x965">786.30dp</dimen>
    <dimen name="x966">787.11dp</dimen>
    <dimen name="x967">787.93dp</dimen>
    <dimen name="x968">788.74dp</dimen>
    <dimen name="x969">789.56dp</dimen>
    <dimen name="x970">790.37dp</dimen>
    <dimen name="x971">791.19dp</dimen>
    <dimen name="x972">792.00dp</dimen>
    <dimen name="x973">792.81dp</dimen>
    <dimen name="x974">793.63dp</dimen>
    <dimen name="x975">794.44dp</dimen>
    <dimen name="x976">795.26dp</dimen>
    <dimen name="x977">796.07dp</dimen>
    <dimen name="x978">796.89dp</dimen>
    <dimen name="x979">797.70dp</dimen>
    <dimen name="x980">798.52dp</dimen>
    <dimen name="x981">799.33dp</dimen>
    <dimen name="x982">800.15dp</dimen>
    <dimen name="x983">800.96dp</dimen>
    <dimen name="x984">801.78dp</dimen>
    <dimen name="x985">802.59dp</dimen>
    <dimen name="x986">803.41dp</dimen>
    <dimen name="x987">804.22dp</dimen>
    <dimen name="x988">805.04dp</dimen>
    <dimen name="x989">805.85dp</dimen>
    <dimen name="x990">806.67dp</dimen>
    <dimen name="x991">807.48dp</dimen>
    <dimen name="x992">808.30dp</dimen>
    <dimen name="x993">809.11dp</dimen>
    <dimen name="x994">809.93dp</dimen>
    <dimen name="x995">810.74dp</dimen>
    <dimen name="x996">811.56dp</dimen>
    <dimen name="x997">812.37dp</dimen>
    <dimen name="x998">813.19dp</dimen>
    <dimen name="x999">814.00dp</dimen>
    <dimen name="x1000">814.81dp</dimen>
    <dimen name="x1001">815.63dp</dimen>
    <dimen name="x1002">816.44dp</dimen>
    <dimen name="x1003">817.26dp</dimen>
    <dimen name="x1004">818.07dp</dimen>
    <dimen name="x1005">818.89dp</dimen>
    <dimen name="x1006">819.70dp</dimen>
    <dimen name="x1007">820.52dp</dimen>
    <dimen name="x1008">821.33dp</dimen>
    <dimen name="x1009">822.15dp</dimen>
    <dimen name="x1010">822.96dp</dimen>
    <dimen name="x1011">823.78dp</dimen>
    <dimen name="x1012">824.59dp</dimen>
    <dimen name="x1013">825.41dp</dimen>
    <dimen name="x1014">826.22dp</dimen>
    <dimen name="x1015">827.04dp</dimen>
    <dimen name="x1016">827.85dp</dimen>
    <dimen name="x1017">828.67dp</dimen>
    <dimen name="x1018">829.48dp</dimen>
    <dimen name="x1019">830.30dp</dimen>
    <dimen name="x1020">831.11dp</dimen>
    <dimen name="x1021">831.93dp</dimen>
    <dimen name="x1022">832.74dp</dimen>
    <dimen name="x1023">833.56dp</dimen>
    <dimen name="x1024">834.37dp</dimen>
    <dimen name="x1025">835.19dp</dimen>
    <dimen name="x1026">836.00dp</dimen>
    <dimen name="x1027">836.81dp</dimen>
    <dimen name="x1028">837.63dp</dimen>
    <dimen name="x1029">838.44dp</dimen>
    <dimen name="x1030">839.26dp</dimen>
    <dimen name="x1031">840.07dp</dimen>
    <dimen name="x1032">840.89dp</dimen>
    <dimen name="x1033">841.70dp</dimen>
    <dimen name="x1034">842.52dp</dimen>
    <dimen name="x1035">843.33dp</dimen>
    <dimen name="x1036">844.15dp</dimen>
    <dimen name="x1037">844.96dp</dimen>
    <dimen name="x1038">845.78dp</dimen>
    <dimen name="x1039">846.59dp</dimen>
    <dimen name="x1040">847.41dp</dimen>
    <dimen name="x1041">848.22dp</dimen>
    <dimen name="x1042">849.04dp</dimen>
    <dimen name="x1043">849.85dp</dimen>
    <dimen name="x1044">850.67dp</dimen>
    <dimen name="x1045">851.48dp</dimen>
    <dimen name="x1046">852.30dp</dimen>
    <dimen name="x1047">853.11dp</dimen>
    <dimen name="x1048">853.93dp</dimen>
    <dimen name="x1049">854.74dp</dimen>
    <dimen name="x1050">855.56dp</dimen>
    <dimen name="x1051">856.37dp</dimen>
    <dimen name="x1052">857.19dp</dimen>
    <dimen name="x1053">858.00dp</dimen>
    <dimen name="x1054">858.81dp</dimen>
    <dimen name="x1055">859.63dp</dimen>
    <dimen name="x1056">860.44dp</dimen>
    <dimen name="x1057">861.26dp</dimen>
    <dimen name="x1058">862.07dp</dimen>
    <dimen name="x1059">862.89dp</dimen>
    <dimen name="x1060">863.70dp</dimen>
    <dimen name="x1061">864.52dp</dimen>
    <dimen name="x1062">865.33dp</dimen>
    <dimen name="x1063">866.15dp</dimen>
    <dimen name="x1064">866.96dp</dimen>
    <dimen name="x1065">867.78dp</dimen>
    <dimen name="x1066">868.59dp</dimen>
    <dimen name="x1067">869.41dp</dimen>
    <dimen name="x1068">870.22dp</dimen>
    <dimen name="x1069">871.04dp</dimen>
    <dimen name="x1070">871.85dp</dimen>
    <dimen name="x1071">872.67dp</dimen>
    <dimen name="x1072">873.48dp</dimen>
    <dimen name="x1073">874.30dp</dimen>
    <dimen name="x1074">875.11dp</dimen>
    <dimen name="x1075">875.93dp</dimen>
    <dimen name="x1076">876.74dp</dimen>
    <dimen name="x1077">877.56dp</dimen>
    <dimen name="x1078">878.37dp</dimen>
    <dimen name="x1079">879.19dp</dimen>
    <dimen name="x1080">880.00dp</dimen>
</resources>