<?xml version="1.0" encoding="utf-8"?>
<resources>
    <string name="sw_dp">1750dp</string>
    <dimen name="x1">1.62dp</dimen>
    <dimen name="x2">3.24dp</dimen>
    <dimen name="x3">4.86dp</dimen>
    <dimen name="x4">6.48dp</dimen>
    <dimen name="x5">8.10dp</dimen>
    <dimen name="x6">9.72dp</dimen>
    <dimen name="x7">11.34dp</dimen>
    <dimen name="x8">12.96dp</dimen>
    <dimen name="x9">14.58dp</dimen>
    <dimen name="x10">16.20dp</dimen>
    <dimen name="x11">17.82dp</dimen>
    <dimen name="x12">19.44dp</dimen>
    <dimen name="x13">21.06dp</dimen>
    <dimen name="x14">22.69dp</dimen>
    <dimen name="x15">24.31dp</dimen>
    <dimen name="x16">25.93dp</dimen>
    <dimen name="x17">27.55dp</dimen>
    <dimen name="x18">29.17dp</dimen>
    <dimen name="x19">30.79dp</dimen>
    <dimen name="x20">32.41dp</dimen>
    <dimen name="x21">34.03dp</dimen>
    <dimen name="x22">35.65dp</dimen>
    <dimen name="x23">37.27dp</dimen>
    <dimen name="x24">38.89dp</dimen>
    <dimen name="x25">40.51dp</dimen>
    <dimen name="x26">42.13dp</dimen>
    <dimen name="x27">43.75dp</dimen>
    <dimen name="x28">45.37dp</dimen>
    <dimen name="x29">46.99dp</dimen>
    <dimen name="x30">48.61dp</dimen>
    <dimen name="x31">50.23dp</dimen>
    <dimen name="x32">51.85dp</dimen>
    <dimen name="x33">53.47dp</dimen>
    <dimen name="x34">55.09dp</dimen>
    <dimen name="x35">56.71dp</dimen>
    <dimen name="x36">58.33dp</dimen>
    <dimen name="x37">59.95dp</dimen>
    <dimen name="x38">61.57dp</dimen>
    <dimen name="x39">63.19dp</dimen>
    <dimen name="x40">64.81dp</dimen>
    <dimen name="x41">66.44dp</dimen>
    <dimen name="x42">68.06dp</dimen>
    <dimen name="x43">69.68dp</dimen>
    <dimen name="x44">71.30dp</dimen>
    <dimen name="x45">72.92dp</dimen>
    <dimen name="x46">74.54dp</dimen>
    <dimen name="x47">76.16dp</dimen>
    <dimen name="x48">77.78dp</dimen>
    <dimen name="x49">79.40dp</dimen>
    <dimen name="x50">81.02dp</dimen>
    <dimen name="x51">82.64dp</dimen>
    <dimen name="x52">84.26dp</dimen>
    <dimen name="x53">85.88dp</dimen>
    <dimen name="x54">87.50dp</dimen>
    <dimen name="x55">89.12dp</dimen>
    <dimen name="x56">90.74dp</dimen>
    <dimen name="x57">92.36dp</dimen>
    <dimen name="x58">93.98dp</dimen>
    <dimen name="x59">95.60dp</dimen>
    <dimen name="x60">97.22dp</dimen>
    <dimen name="x61">98.84dp</dimen>
    <dimen name="x62">100.46dp</dimen>
    <dimen name="x63">102.08dp</dimen>
    <dimen name="x64">103.70dp</dimen>
    <dimen name="x65">105.32dp</dimen>
    <dimen name="x66">106.94dp</dimen>
    <dimen name="x67">108.56dp</dimen>
    <dimen name="x68">110.19dp</dimen>
    <dimen name="x69">111.81dp</dimen>
    <dimen name="x70">113.43dp</dimen>
    <dimen name="x71">115.05dp</dimen>
    <dimen name="x72">116.67dp</dimen>
    <dimen name="x73">118.29dp</dimen>
    <dimen name="x74">119.91dp</dimen>
    <dimen name="x75">121.53dp</dimen>
    <dimen name="x76">123.15dp</dimen>
    <dimen name="x77">124.77dp</dimen>
    <dimen name="x78">126.39dp</dimen>
    <dimen name="x79">128.01dp</dimen>
    <dimen name="x80">129.63dp</dimen>
    <dimen name="x81">131.25dp</dimen>
    <dimen name="x82">132.87dp</dimen>
    <dimen name="x83">134.49dp</dimen>
    <dimen name="x84">136.11dp</dimen>
    <dimen name="x85">137.73dp</dimen>
    <dimen name="x86">139.35dp</dimen>
    <dimen name="x87">140.97dp</dimen>
    <dimen name="x88">142.59dp</dimen>
    <dimen name="x89">144.21dp</dimen>
    <dimen name="x90">145.83dp</dimen>
    <dimen name="x91">147.45dp</dimen>
    <dimen name="x92">149.07dp</dimen>
    <dimen name="x93">150.69dp</dimen>
    <dimen name="x94">152.31dp</dimen>
    <dimen name="x95">153.94dp</dimen>
    <dimen name="x96">155.56dp</dimen>
    <dimen name="x97">157.18dp</dimen>
    <dimen name="x98">158.80dp</dimen>
    <dimen name="x99">160.42dp</dimen>
    <dimen name="x100">162.04dp</dimen>
    <dimen name="x101">163.66dp</dimen>
    <dimen name="x102">165.28dp</dimen>
    <dimen name="x103">166.90dp</dimen>
    <dimen name="x104">168.52dp</dimen>
    <dimen name="x105">170.14dp</dimen>
    <dimen name="x106">171.76dp</dimen>
    <dimen name="x107">173.38dp</dimen>
    <dimen name="x108">175.00dp</dimen>
    <dimen name="x109">176.62dp</dimen>
    <dimen name="x110">178.24dp</dimen>
    <dimen name="x111">179.86dp</dimen>
    <dimen name="x112">181.48dp</dimen>
    <dimen name="x113">183.10dp</dimen>
    <dimen name="x114">184.72dp</dimen>
    <dimen name="x115">186.34dp</dimen>
    <dimen name="x116">187.96dp</dimen>
    <dimen name="x117">189.58dp</dimen>
    <dimen name="x118">191.20dp</dimen>
    <dimen name="x119">192.82dp</dimen>
    <dimen name="x120">194.44dp</dimen>
    <dimen name="x121">196.06dp</dimen>
    <dimen name="x122">197.69dp</dimen>
    <dimen name="x123">199.31dp</dimen>
    <dimen name="x124">200.93dp</dimen>
    <dimen name="x125">202.55dp</dimen>
    <dimen name="x126">204.17dp</dimen>
    <dimen name="x127">205.79dp</dimen>
    <dimen name="x128">207.41dp</dimen>
    <dimen name="x129">209.03dp</dimen>
    <dimen name="x130">210.65dp</dimen>
    <dimen name="x131">212.27dp</dimen>
    <dimen name="x132">213.89dp</dimen>
    <dimen name="x133">215.51dp</dimen>
    <dimen name="x134">217.13dp</dimen>
    <dimen name="x135">218.75dp</dimen>
    <dimen name="x136">220.37dp</dimen>
    <dimen name="x137">221.99dp</dimen>
    <dimen name="x138">223.61dp</dimen>
    <dimen name="x139">225.23dp</dimen>
    <dimen name="x140">226.85dp</dimen>
    <dimen name="x141">228.47dp</dimen>
    <dimen name="x142">230.09dp</dimen>
    <dimen name="x143">231.71dp</dimen>
    <dimen name="x144">233.33dp</dimen>
    <dimen name="x145">234.95dp</dimen>
    <dimen name="x146">236.57dp</dimen>
    <dimen name="x147">238.19dp</dimen>
    <dimen name="x148">239.81dp</dimen>
    <dimen name="x149">241.44dp</dimen>
    <dimen name="x150">243.06dp</dimen>
    <dimen name="x151">244.68dp</dimen>
    <dimen name="x152">246.30dp</dimen>
    <dimen name="x153">247.92dp</dimen>
    <dimen name="x154">249.54dp</dimen>
    <dimen name="x155">251.16dp</dimen>
    <dimen name="x156">252.78dp</dimen>
    <dimen name="x157">254.40dp</dimen>
    <dimen name="x158">256.02dp</dimen>
    <dimen name="x159">257.64dp</dimen>
    <dimen name="x160">259.26dp</dimen>
    <dimen name="x161">260.88dp</dimen>
    <dimen name="x162">262.50dp</dimen>
    <dimen name="x163">264.12dp</dimen>
    <dimen name="x164">265.74dp</dimen>
    <dimen name="x165">267.36dp</dimen>
    <dimen name="x166">268.98dp</dimen>
    <dimen name="x167">270.60dp</dimen>
    <dimen name="x168">272.22dp</dimen>
    <dimen name="x169">273.84dp</dimen>
    <dimen name="x170">275.46dp</dimen>
    <dimen name="x171">277.08dp</dimen>
    <dimen name="x172">278.70dp</dimen>
    <dimen name="x173">280.32dp</dimen>
    <dimen name="x174">281.94dp</dimen>
    <dimen name="x175">283.56dp</dimen>
    <dimen name="x176">285.19dp</dimen>
    <dimen name="x177">286.81dp</dimen>
    <dimen name="x178">288.43dp</dimen>
    <dimen name="x179">290.05dp</dimen>
    <dimen name="x180">291.67dp</dimen>
    <dimen name="x181">293.29dp</dimen>
    <dimen name="x182">294.91dp</dimen>
    <dimen name="x183">296.53dp</dimen>
    <dimen name="x184">298.15dp</dimen>
    <dimen name="x185">299.77dp</dimen>
    <dimen name="x186">301.39dp</dimen>
    <dimen name="x187">303.01dp</dimen>
    <dimen name="x188">304.63dp</dimen>
    <dimen name="x189">306.25dp</dimen>
    <dimen name="x190">307.87dp</dimen>
    <dimen name="x191">309.49dp</dimen>
    <dimen name="x192">311.11dp</dimen>
    <dimen name="x193">312.73dp</dimen>
    <dimen name="x194">314.35dp</dimen>
    <dimen name="x195">315.97dp</dimen>
    <dimen name="x196">317.59dp</dimen>
    <dimen name="x197">319.21dp</dimen>
    <dimen name="x198">320.83dp</dimen>
    <dimen name="x199">322.45dp</dimen>
    <dimen name="x200">324.07dp</dimen>
    <dimen name="x201">325.69dp</dimen>
    <dimen name="x202">327.31dp</dimen>
    <dimen name="x203">328.94dp</dimen>
    <dimen name="x204">330.56dp</dimen>
    <dimen name="x205">332.18dp</dimen>
    <dimen name="x206">333.80dp</dimen>
    <dimen name="x207">335.42dp</dimen>
    <dimen name="x208">337.04dp</dimen>
    <dimen name="x209">338.66dp</dimen>
    <dimen name="x210">340.28dp</dimen>
    <dimen name="x211">341.90dp</dimen>
    <dimen name="x212">343.52dp</dimen>
    <dimen name="x213">345.14dp</dimen>
    <dimen name="x214">346.76dp</dimen>
    <dimen name="x215">348.38dp</dimen>
    <dimen name="x216">350.00dp</dimen>
    <dimen name="x217">351.62dp</dimen>
    <dimen name="x218">353.24dp</dimen>
    <dimen name="x219">354.86dp</dimen>
    <dimen name="x220">356.48dp</dimen>
    <dimen name="x221">358.10dp</dimen>
    <dimen name="x222">359.72dp</dimen>
    <dimen name="x223">361.34dp</dimen>
    <dimen name="x224">362.96dp</dimen>
    <dimen name="x225">364.58dp</dimen>
    <dimen name="x226">366.20dp</dimen>
    <dimen name="x227">367.82dp</dimen>
    <dimen name="x228">369.44dp</dimen>
    <dimen name="x229">371.06dp</dimen>
    <dimen name="x230">372.69dp</dimen>
    <dimen name="x231">374.31dp</dimen>
    <dimen name="x232">375.93dp</dimen>
    <dimen name="x233">377.55dp</dimen>
    <dimen name="x234">379.17dp</dimen>
    <dimen name="x235">380.79dp</dimen>
    <dimen name="x236">382.41dp</dimen>
    <dimen name="x237">384.03dp</dimen>
    <dimen name="x238">385.65dp</dimen>
    <dimen name="x239">387.27dp</dimen>
    <dimen name="x240">388.89dp</dimen>
    <dimen name="x241">390.51dp</dimen>
    <dimen name="x242">392.13dp</dimen>
    <dimen name="x243">393.75dp</dimen>
    <dimen name="x244">395.37dp</dimen>
    <dimen name="x245">396.99dp</dimen>
    <dimen name="x246">398.61dp</dimen>
    <dimen name="x247">400.23dp</dimen>
    <dimen name="x248">401.85dp</dimen>
    <dimen name="x249">403.47dp</dimen>
    <dimen name="x250">405.09dp</dimen>
    <dimen name="x251">406.71dp</dimen>
    <dimen name="x252">408.33dp</dimen>
    <dimen name="x253">409.95dp</dimen>
    <dimen name="x254">411.57dp</dimen>
    <dimen name="x255">413.19dp</dimen>
    <dimen name="x256">414.81dp</dimen>
    <dimen name="x257">416.44dp</dimen>
    <dimen name="x258">418.06dp</dimen>
    <dimen name="x259">419.68dp</dimen>
    <dimen name="x260">421.30dp</dimen>
    <dimen name="x261">422.92dp</dimen>
    <dimen name="x262">424.54dp</dimen>
    <dimen name="x263">426.16dp</dimen>
    <dimen name="x264">427.78dp</dimen>
    <dimen name="x265">429.40dp</dimen>
    <dimen name="x266">431.02dp</dimen>
    <dimen name="x267">432.64dp</dimen>
    <dimen name="x268">434.26dp</dimen>
    <dimen name="x269">435.88dp</dimen>
    <dimen name="x270">437.50dp</dimen>
    <dimen name="x271">439.12dp</dimen>
    <dimen name="x272">440.74dp</dimen>
    <dimen name="x273">442.36dp</dimen>
    <dimen name="x274">443.98dp</dimen>
    <dimen name="x275">445.60dp</dimen>
    <dimen name="x276">447.22dp</dimen>
    <dimen name="x277">448.84dp</dimen>
    <dimen name="x278">450.46dp</dimen>
    <dimen name="x279">452.08dp</dimen>
    <dimen name="x280">453.70dp</dimen>
    <dimen name="x281">455.32dp</dimen>
    <dimen name="x282">456.94dp</dimen>
    <dimen name="x283">458.56dp</dimen>
    <dimen name="x284">460.19dp</dimen>
    <dimen name="x285">461.81dp</dimen>
    <dimen name="x286">463.43dp</dimen>
    <dimen name="x287">465.05dp</dimen>
    <dimen name="x288">466.67dp</dimen>
    <dimen name="x289">468.29dp</dimen>
    <dimen name="x290">469.91dp</dimen>
    <dimen name="x291">471.53dp</dimen>
    <dimen name="x292">473.15dp</dimen>
    <dimen name="x293">474.77dp</dimen>
    <dimen name="x294">476.39dp</dimen>
    <dimen name="x295">478.01dp</dimen>
    <dimen name="x296">479.63dp</dimen>
    <dimen name="x297">481.25dp</dimen>
    <dimen name="x298">482.87dp</dimen>
    <dimen name="x299">484.49dp</dimen>
    <dimen name="x300">486.11dp</dimen>
    <dimen name="x301">487.73dp</dimen>
    <dimen name="x302">489.35dp</dimen>
    <dimen name="x303">490.97dp</dimen>
    <dimen name="x304">492.59dp</dimen>
    <dimen name="x305">494.21dp</dimen>
    <dimen name="x306">495.83dp</dimen>
    <dimen name="x307">497.45dp</dimen>
    <dimen name="x308">499.07dp</dimen>
    <dimen name="x309">500.69dp</dimen>
    <dimen name="x310">502.31dp</dimen>
    <dimen name="x311">503.94dp</dimen>
    <dimen name="x312">505.56dp</dimen>
    <dimen name="x313">507.18dp</dimen>
    <dimen name="x314">508.80dp</dimen>
    <dimen name="x315">510.42dp</dimen>
    <dimen name="x316">512.04dp</dimen>
    <dimen name="x317">513.66dp</dimen>
    <dimen name="x318">515.28dp</dimen>
    <dimen name="x319">516.90dp</dimen>
    <dimen name="x320">518.52dp</dimen>
    <dimen name="x321">520.14dp</dimen>
    <dimen name="x322">521.76dp</dimen>
    <dimen name="x323">523.38dp</dimen>
    <dimen name="x324">525.00dp</dimen>
    <dimen name="x325">526.62dp</dimen>
    <dimen name="x326">528.24dp</dimen>
    <dimen name="x327">529.86dp</dimen>
    <dimen name="x328">531.48dp</dimen>
    <dimen name="x329">533.10dp</dimen>
    <dimen name="x330">534.72dp</dimen>
    <dimen name="x331">536.34dp</dimen>
    <dimen name="x332">537.96dp</dimen>
    <dimen name="x333">539.58dp</dimen>
    <dimen name="x334">541.20dp</dimen>
    <dimen name="x335">542.82dp</dimen>
    <dimen name="x336">544.44dp</dimen>
    <dimen name="x337">546.06dp</dimen>
    <dimen name="x338">547.69dp</dimen>
    <dimen name="x339">549.31dp</dimen>
    <dimen name="x340">550.93dp</dimen>
    <dimen name="x341">552.55dp</dimen>
    <dimen name="x342">554.17dp</dimen>
    <dimen name="x343">555.79dp</dimen>
    <dimen name="x344">557.41dp</dimen>
    <dimen name="x345">559.03dp</dimen>
    <dimen name="x346">560.65dp</dimen>
    <dimen name="x347">562.27dp</dimen>
    <dimen name="x348">563.89dp</dimen>
    <dimen name="x349">565.51dp</dimen>
    <dimen name="x350">567.13dp</dimen>
    <dimen name="x351">568.75dp</dimen>
    <dimen name="x352">570.37dp</dimen>
    <dimen name="x353">571.99dp</dimen>
    <dimen name="x354">573.61dp</dimen>
    <dimen name="x355">575.23dp</dimen>
    <dimen name="x356">576.85dp</dimen>
    <dimen name="x357">578.47dp</dimen>
    <dimen name="x358">580.09dp</dimen>
    <dimen name="x359">581.71dp</dimen>
    <dimen name="x360">583.33dp</dimen>
    <dimen name="x361">584.95dp</dimen>
    <dimen name="x362">586.57dp</dimen>
    <dimen name="x363">588.19dp</dimen>
    <dimen name="x364">589.81dp</dimen>
    <dimen name="x365">591.44dp</dimen>
    <dimen name="x366">593.06dp</dimen>
    <dimen name="x367">594.68dp</dimen>
    <dimen name="x368">596.30dp</dimen>
    <dimen name="x369">597.92dp</dimen>
    <dimen name="x370">599.54dp</dimen>
    <dimen name="x371">601.16dp</dimen>
    <dimen name="x372">602.78dp</dimen>
    <dimen name="x373">604.40dp</dimen>
    <dimen name="x374">606.02dp</dimen>
    <dimen name="x375">607.64dp</dimen>
    <dimen name="x376">609.26dp</dimen>
    <dimen name="x377">610.88dp</dimen>
    <dimen name="x378">612.50dp</dimen>
    <dimen name="x379">614.12dp</dimen>
    <dimen name="x380">615.74dp</dimen>
    <dimen name="x381">617.36dp</dimen>
    <dimen name="x382">618.98dp</dimen>
    <dimen name="x383">620.60dp</dimen>
    <dimen name="x384">622.22dp</dimen>
    <dimen name="x385">623.84dp</dimen>
    <dimen name="x386">625.46dp</dimen>
    <dimen name="x387">627.08dp</dimen>
    <dimen name="x388">628.70dp</dimen>
    <dimen name="x389">630.32dp</dimen>
    <dimen name="x390">631.94dp</dimen>
    <dimen name="x391">633.56dp</dimen>
    <dimen name="x392">635.19dp</dimen>
    <dimen name="x393">636.81dp</dimen>
    <dimen name="x394">638.43dp</dimen>
    <dimen name="x395">640.05dp</dimen>
    <dimen name="x396">641.67dp</dimen>
    <dimen name="x397">643.29dp</dimen>
    <dimen name="x398">644.91dp</dimen>
    <dimen name="x399">646.53dp</dimen>
    <dimen name="x400">648.15dp</dimen>
    <dimen name="x401">649.77dp</dimen>
    <dimen name="x402">651.39dp</dimen>
    <dimen name="x403">653.01dp</dimen>
    <dimen name="x404">654.63dp</dimen>
    <dimen name="x405">656.25dp</dimen>
    <dimen name="x406">657.87dp</dimen>
    <dimen name="x407">659.49dp</dimen>
    <dimen name="x408">661.11dp</dimen>
    <dimen name="x409">662.73dp</dimen>
    <dimen name="x410">664.35dp</dimen>
    <dimen name="x411">665.97dp</dimen>
    <dimen name="x412">667.59dp</dimen>
    <dimen name="x413">669.21dp</dimen>
    <dimen name="x414">670.83dp</dimen>
    <dimen name="x415">672.45dp</dimen>
    <dimen name="x416">674.07dp</dimen>
    <dimen name="x417">675.69dp</dimen>
    <dimen name="x418">677.31dp</dimen>
    <dimen name="x419">678.94dp</dimen>
    <dimen name="x420">680.56dp</dimen>
    <dimen name="x421">682.18dp</dimen>
    <dimen name="x422">683.80dp</dimen>
    <dimen name="x423">685.42dp</dimen>
    <dimen name="x424">687.04dp</dimen>
    <dimen name="x425">688.66dp</dimen>
    <dimen name="x426">690.28dp</dimen>
    <dimen name="x427">691.90dp</dimen>
    <dimen name="x428">693.52dp</dimen>
    <dimen name="x429">695.14dp</dimen>
    <dimen name="x430">696.76dp</dimen>
    <dimen name="x431">698.38dp</dimen>
    <dimen name="x432">700.00dp</dimen>
    <dimen name="x433">701.62dp</dimen>
    <dimen name="x434">703.24dp</dimen>
    <dimen name="x435">704.86dp</dimen>
    <dimen name="x436">706.48dp</dimen>
    <dimen name="x437">708.10dp</dimen>
    <dimen name="x438">709.72dp</dimen>
    <dimen name="x439">711.34dp</dimen>
    <dimen name="x440">712.96dp</dimen>
    <dimen name="x441">714.58dp</dimen>
    <dimen name="x442">716.20dp</dimen>
    <dimen name="x443">717.82dp</dimen>
    <dimen name="x444">719.44dp</dimen>
    <dimen name="x445">721.06dp</dimen>
    <dimen name="x446">722.69dp</dimen>
    <dimen name="x447">724.31dp</dimen>
    <dimen name="x448">725.93dp</dimen>
    <dimen name="x449">727.55dp</dimen>
    <dimen name="x450">729.17dp</dimen>
    <dimen name="x451">730.79dp</dimen>
    <dimen name="x452">732.41dp</dimen>
    <dimen name="x453">734.03dp</dimen>
    <dimen name="x454">735.65dp</dimen>
    <dimen name="x455">737.27dp</dimen>
    <dimen name="x456">738.89dp</dimen>
    <dimen name="x457">740.51dp</dimen>
    <dimen name="x458">742.13dp</dimen>
    <dimen name="x459">743.75dp</dimen>
    <dimen name="x460">745.37dp</dimen>
    <dimen name="x461">746.99dp</dimen>
    <dimen name="x462">748.61dp</dimen>
    <dimen name="x463">750.23dp</dimen>
    <dimen name="x464">751.85dp</dimen>
    <dimen name="x465">753.47dp</dimen>
    <dimen name="x466">755.09dp</dimen>
    <dimen name="x467">756.71dp</dimen>
    <dimen name="x468">758.33dp</dimen>
    <dimen name="x469">759.95dp</dimen>
    <dimen name="x470">761.57dp</dimen>
    <dimen name="x471">763.19dp</dimen>
    <dimen name="x472">764.81dp</dimen>
    <dimen name="x473">766.44dp</dimen>
    <dimen name="x474">768.06dp</dimen>
    <dimen name="x475">769.68dp</dimen>
    <dimen name="x476">771.30dp</dimen>
    <dimen name="x477">772.92dp</dimen>
    <dimen name="x478">774.54dp</dimen>
    <dimen name="x479">776.16dp</dimen>
    <dimen name="x480">777.78dp</dimen>
    <dimen name="x481">779.40dp</dimen>
    <dimen name="x482">781.02dp</dimen>
    <dimen name="x483">782.64dp</dimen>
    <dimen name="x484">784.26dp</dimen>
    <dimen name="x485">785.88dp</dimen>
    <dimen name="x486">787.50dp</dimen>
    <dimen name="x487">789.12dp</dimen>
    <dimen name="x488">790.74dp</dimen>
    <dimen name="x489">792.36dp</dimen>
    <dimen name="x490">793.98dp</dimen>
    <dimen name="x491">795.60dp</dimen>
    <dimen name="x492">797.22dp</dimen>
    <dimen name="x493">798.84dp</dimen>
    <dimen name="x494">800.46dp</dimen>
    <dimen name="x495">802.08dp</dimen>
    <dimen name="x496">803.70dp</dimen>
    <dimen name="x497">805.32dp</dimen>
    <dimen name="x498">806.94dp</dimen>
    <dimen name="x499">808.56dp</dimen>
    <dimen name="x500">810.19dp</dimen>
    <dimen name="x501">811.81dp</dimen>
    <dimen name="x502">813.43dp</dimen>
    <dimen name="x503">815.05dp</dimen>
    <dimen name="x504">816.67dp</dimen>
    <dimen name="x505">818.29dp</dimen>
    <dimen name="x506">819.91dp</dimen>
    <dimen name="x507">821.53dp</dimen>
    <dimen name="x508">823.15dp</dimen>
    <dimen name="x509">824.77dp</dimen>
    <dimen name="x510">826.39dp</dimen>
    <dimen name="x511">828.01dp</dimen>
    <dimen name="x512">829.63dp</dimen>
    <dimen name="x513">831.25dp</dimen>
    <dimen name="x514">832.87dp</dimen>
    <dimen name="x515">834.49dp</dimen>
    <dimen name="x516">836.11dp</dimen>
    <dimen name="x517">837.73dp</dimen>
    <dimen name="x518">839.35dp</dimen>
    <dimen name="x519">840.97dp</dimen>
    <dimen name="x520">842.59dp</dimen>
    <dimen name="x521">844.21dp</dimen>
    <dimen name="x522">845.83dp</dimen>
    <dimen name="x523">847.45dp</dimen>
    <dimen name="x524">849.07dp</dimen>
    <dimen name="x525">850.69dp</dimen>
    <dimen name="x526">852.31dp</dimen>
    <dimen name="x527">853.94dp</dimen>
    <dimen name="x528">855.56dp</dimen>
    <dimen name="x529">857.18dp</dimen>
    <dimen name="x530">858.80dp</dimen>
    <dimen name="x531">860.42dp</dimen>
    <dimen name="x532">862.04dp</dimen>
    <dimen name="x533">863.66dp</dimen>
    <dimen name="x534">865.28dp</dimen>
    <dimen name="x535">866.90dp</dimen>
    <dimen name="x536">868.52dp</dimen>
    <dimen name="x537">870.14dp</dimen>
    <dimen name="x538">871.76dp</dimen>
    <dimen name="x539">873.38dp</dimen>
    <dimen name="x540">875.00dp</dimen>
    <dimen name="x541">876.62dp</dimen>
    <dimen name="x542">878.24dp</dimen>
    <dimen name="x543">879.86dp</dimen>
    <dimen name="x544">881.48dp</dimen>
    <dimen name="x545">883.10dp</dimen>
    <dimen name="x546">884.72dp</dimen>
    <dimen name="x547">886.34dp</dimen>
    <dimen name="x548">887.96dp</dimen>
    <dimen name="x549">889.58dp</dimen>
    <dimen name="x550">891.20dp</dimen>
    <dimen name="x551">892.82dp</dimen>
    <dimen name="x552">894.44dp</dimen>
    <dimen name="x553">896.06dp</dimen>
    <dimen name="x554">897.69dp</dimen>
    <dimen name="x555">899.31dp</dimen>
    <dimen name="x556">900.93dp</dimen>
    <dimen name="x557">902.55dp</dimen>
    <dimen name="x558">904.17dp</dimen>
    <dimen name="x559">905.79dp</dimen>
    <dimen name="x560">907.41dp</dimen>
    <dimen name="x561">909.03dp</dimen>
    <dimen name="x562">910.65dp</dimen>
    <dimen name="x563">912.27dp</dimen>
    <dimen name="x564">913.89dp</dimen>
    <dimen name="x565">915.51dp</dimen>
    <dimen name="x566">917.13dp</dimen>
    <dimen name="x567">918.75dp</dimen>
    <dimen name="x568">920.37dp</dimen>
    <dimen name="x569">921.99dp</dimen>
    <dimen name="x570">923.61dp</dimen>
    <dimen name="x571">925.23dp</dimen>
    <dimen name="x572">926.85dp</dimen>
    <dimen name="x573">928.47dp</dimen>
    <dimen name="x574">930.09dp</dimen>
    <dimen name="x575">931.71dp</dimen>
    <dimen name="x576">933.33dp</dimen>
    <dimen name="x577">934.95dp</dimen>
    <dimen name="x578">936.57dp</dimen>
    <dimen name="x579">938.19dp</dimen>
    <dimen name="x580">939.81dp</dimen>
    <dimen name="x581">941.44dp</dimen>
    <dimen name="x582">943.06dp</dimen>
    <dimen name="x583">944.68dp</dimen>
    <dimen name="x584">946.30dp</dimen>
    <dimen name="x585">947.92dp</dimen>
    <dimen name="x586">949.54dp</dimen>
    <dimen name="x587">951.16dp</dimen>
    <dimen name="x588">952.78dp</dimen>
    <dimen name="x589">954.40dp</dimen>
    <dimen name="x590">956.02dp</dimen>
    <dimen name="x591">957.64dp</dimen>
    <dimen name="x592">959.26dp</dimen>
    <dimen name="x593">960.88dp</dimen>
    <dimen name="x594">962.50dp</dimen>
    <dimen name="x595">964.12dp</dimen>
    <dimen name="x596">965.74dp</dimen>
    <dimen name="x597">967.36dp</dimen>
    <dimen name="x598">968.98dp</dimen>
    <dimen name="x599">970.60dp</dimen>
    <dimen name="x600">972.22dp</dimen>
    <dimen name="x601">973.84dp</dimen>
    <dimen name="x602">975.46dp</dimen>
    <dimen name="x603">977.08dp</dimen>
    <dimen name="x604">978.70dp</dimen>
    <dimen name="x605">980.32dp</dimen>
    <dimen name="x606">981.94dp</dimen>
    <dimen name="x607">983.56dp</dimen>
    <dimen name="x608">985.19dp</dimen>
    <dimen name="x609">986.81dp</dimen>
    <dimen name="x610">988.43dp</dimen>
    <dimen name="x611">990.05dp</dimen>
    <dimen name="x612">991.67dp</dimen>
    <dimen name="x613">993.29dp</dimen>
    <dimen name="x614">994.91dp</dimen>
    <dimen name="x615">996.53dp</dimen>
    <dimen name="x616">998.15dp</dimen>
    <dimen name="x617">999.77dp</dimen>
    <dimen name="x618">1001.39dp</dimen>
    <dimen name="x619">1003.01dp</dimen>
    <dimen name="x620">1004.63dp</dimen>
    <dimen name="x621">1006.25dp</dimen>
    <dimen name="x622">1007.87dp</dimen>
    <dimen name="x623">1009.49dp</dimen>
    <dimen name="x624">1011.11dp</dimen>
    <dimen name="x625">1012.73dp</dimen>
    <dimen name="x626">1014.35dp</dimen>
    <dimen name="x627">1015.97dp</dimen>
    <dimen name="x628">1017.59dp</dimen>
    <dimen name="x629">1019.21dp</dimen>
    <dimen name="x630">1020.83dp</dimen>
    <dimen name="x631">1022.45dp</dimen>
    <dimen name="x632">1024.07dp</dimen>
    <dimen name="x633">1025.69dp</dimen>
    <dimen name="x634">1027.31dp</dimen>
    <dimen name="x635">1028.94dp</dimen>
    <dimen name="x636">1030.56dp</dimen>
    <dimen name="x637">1032.18dp</dimen>
    <dimen name="x638">1033.80dp</dimen>
    <dimen name="x639">1035.42dp</dimen>
    <dimen name="x640">1037.04dp</dimen>
    <dimen name="x641">1038.66dp</dimen>
    <dimen name="x642">1040.28dp</dimen>
    <dimen name="x643">1041.90dp</dimen>
    <dimen name="x644">1043.52dp</dimen>
    <dimen name="x645">1045.14dp</dimen>
    <dimen name="x646">1046.76dp</dimen>
    <dimen name="x647">1048.38dp</dimen>
    <dimen name="x648">1050.00dp</dimen>
    <dimen name="x649">1051.62dp</dimen>
    <dimen name="x650">1053.24dp</dimen>
    <dimen name="x651">1054.86dp</dimen>
    <dimen name="x652">1056.48dp</dimen>
    <dimen name="x653">1058.10dp</dimen>
    <dimen name="x654">1059.72dp</dimen>
    <dimen name="x655">1061.34dp</dimen>
    <dimen name="x656">1062.96dp</dimen>
    <dimen name="x657">1064.58dp</dimen>
    <dimen name="x658">1066.20dp</dimen>
    <dimen name="x659">1067.82dp</dimen>
    <dimen name="x660">1069.44dp</dimen>
    <dimen name="x661">1071.06dp</dimen>
    <dimen name="x662">1072.69dp</dimen>
    <dimen name="x663">1074.31dp</dimen>
    <dimen name="x664">1075.93dp</dimen>
    <dimen name="x665">1077.55dp</dimen>
    <dimen name="x666">1079.17dp</dimen>
    <dimen name="x667">1080.79dp</dimen>
    <dimen name="x668">1082.41dp</dimen>
    <dimen name="x669">1084.03dp</dimen>
    <dimen name="x670">1085.65dp</dimen>
    <dimen name="x671">1087.27dp</dimen>
    <dimen name="x672">1088.89dp</dimen>
    <dimen name="x673">1090.51dp</dimen>
    <dimen name="x674">1092.13dp</dimen>
    <dimen name="x675">1093.75dp</dimen>
    <dimen name="x676">1095.37dp</dimen>
    <dimen name="x677">1096.99dp</dimen>
    <dimen name="x678">1098.61dp</dimen>
    <dimen name="x679">1100.23dp</dimen>
    <dimen name="x680">1101.85dp</dimen>
    <dimen name="x681">1103.47dp</dimen>
    <dimen name="x682">1105.09dp</dimen>
    <dimen name="x683">1106.71dp</dimen>
    <dimen name="x684">1108.33dp</dimen>
    <dimen name="x685">1109.95dp</dimen>
    <dimen name="x686">1111.57dp</dimen>
    <dimen name="x687">1113.19dp</dimen>
    <dimen name="x688">1114.81dp</dimen>
    <dimen name="x689">1116.44dp</dimen>
    <dimen name="x690">1118.06dp</dimen>
    <dimen name="x691">1119.68dp</dimen>
    <dimen name="x692">1121.30dp</dimen>
    <dimen name="x693">1122.92dp</dimen>
    <dimen name="x694">1124.54dp</dimen>
    <dimen name="x695">1126.16dp</dimen>
    <dimen name="x696">1127.78dp</dimen>
    <dimen name="x697">1129.40dp</dimen>
    <dimen name="x698">1131.02dp</dimen>
    <dimen name="x699">1132.64dp</dimen>
    <dimen name="x700">1134.26dp</dimen>
    <dimen name="x701">1135.88dp</dimen>
    <dimen name="x702">1137.50dp</dimen>
    <dimen name="x703">1139.12dp</dimen>
    <dimen name="x704">1140.74dp</dimen>
    <dimen name="x705">1142.36dp</dimen>
    <dimen name="x706">1143.98dp</dimen>
    <dimen name="x707">1145.60dp</dimen>
    <dimen name="x708">1147.22dp</dimen>
    <dimen name="x709">1148.84dp</dimen>
    <dimen name="x710">1150.46dp</dimen>
    <dimen name="x711">1152.08dp</dimen>
    <dimen name="x712">1153.70dp</dimen>
    <dimen name="x713">1155.32dp</dimen>
    <dimen name="x714">1156.94dp</dimen>
    <dimen name="x715">1158.56dp</dimen>
    <dimen name="x716">1160.19dp</dimen>
    <dimen name="x717">1161.81dp</dimen>
    <dimen name="x718">1163.43dp</dimen>
    <dimen name="x719">1165.05dp</dimen>
    <dimen name="x720">1166.67dp</dimen>
    <dimen name="x721">1168.29dp</dimen>
    <dimen name="x722">1169.91dp</dimen>
    <dimen name="x723">1171.53dp</dimen>
    <dimen name="x724">1173.15dp</dimen>
    <dimen name="x725">1174.77dp</dimen>
    <dimen name="x726">1176.39dp</dimen>
    <dimen name="x727">1178.01dp</dimen>
    <dimen name="x728">1179.63dp</dimen>
    <dimen name="x729">1181.25dp</dimen>
    <dimen name="x730">1182.87dp</dimen>
    <dimen name="x731">1184.49dp</dimen>
    <dimen name="x732">1186.11dp</dimen>
    <dimen name="x733">1187.73dp</dimen>
    <dimen name="x734">1189.35dp</dimen>
    <dimen name="x735">1190.97dp</dimen>
    <dimen name="x736">1192.59dp</dimen>
    <dimen name="x737">1194.21dp</dimen>
    <dimen name="x738">1195.83dp</dimen>
    <dimen name="x739">1197.45dp</dimen>
    <dimen name="x740">1199.07dp</dimen>
    <dimen name="x741">1200.69dp</dimen>
    <dimen name="x742">1202.31dp</dimen>
    <dimen name="x743">1203.94dp</dimen>
    <dimen name="x744">1205.56dp</dimen>
    <dimen name="x745">1207.18dp</dimen>
    <dimen name="x746">1208.80dp</dimen>
    <dimen name="x747">1210.42dp</dimen>
    <dimen name="x748">1212.04dp</dimen>
    <dimen name="x749">1213.66dp</dimen>
    <dimen name="x750">1215.28dp</dimen>
    <dimen name="x751">1216.90dp</dimen>
    <dimen name="x752">1218.52dp</dimen>
    <dimen name="x753">1220.14dp</dimen>
    <dimen name="x754">1221.76dp</dimen>
    <dimen name="x755">1223.38dp</dimen>
    <dimen name="x756">1225.00dp</dimen>
    <dimen name="x757">1226.62dp</dimen>
    <dimen name="x758">1228.24dp</dimen>
    <dimen name="x759">1229.86dp</dimen>
    <dimen name="x760">1231.48dp</dimen>
    <dimen name="x761">1233.10dp</dimen>
    <dimen name="x762">1234.72dp</dimen>
    <dimen name="x763">1236.34dp</dimen>
    <dimen name="x764">1237.96dp</dimen>
    <dimen name="x765">1239.58dp</dimen>
    <dimen name="x766">1241.20dp</dimen>
    <dimen name="x767">1242.82dp</dimen>
    <dimen name="x768">1244.44dp</dimen>
    <dimen name="x769">1246.06dp</dimen>
    <dimen name="x770">1247.69dp</dimen>
    <dimen name="x771">1249.31dp</dimen>
    <dimen name="x772">1250.93dp</dimen>
    <dimen name="x773">1252.55dp</dimen>
    <dimen name="x774">1254.17dp</dimen>
    <dimen name="x775">1255.79dp</dimen>
    <dimen name="x776">1257.41dp</dimen>
    <dimen name="x777">1259.03dp</dimen>
    <dimen name="x778">1260.65dp</dimen>
    <dimen name="x779">1262.27dp</dimen>
    <dimen name="x780">1263.89dp</dimen>
    <dimen name="x781">1265.51dp</dimen>
    <dimen name="x782">1267.13dp</dimen>
    <dimen name="x783">1268.75dp</dimen>
    <dimen name="x784">1270.37dp</dimen>
    <dimen name="x785">1271.99dp</dimen>
    <dimen name="x786">1273.61dp</dimen>
    <dimen name="x787">1275.23dp</dimen>
    <dimen name="x788">1276.85dp</dimen>
    <dimen name="x789">1278.47dp</dimen>
    <dimen name="x790">1280.09dp</dimen>
    <dimen name="x791">1281.71dp</dimen>
    <dimen name="x792">1283.33dp</dimen>
    <dimen name="x793">1284.95dp</dimen>
    <dimen name="x794">1286.57dp</dimen>
    <dimen name="x795">1288.19dp</dimen>
    <dimen name="x796">1289.81dp</dimen>
    <dimen name="x797">1291.44dp</dimen>
    <dimen name="x798">1293.06dp</dimen>
    <dimen name="x799">1294.68dp</dimen>
    <dimen name="x800">1296.30dp</dimen>
    <dimen name="x801">1297.92dp</dimen>
    <dimen name="x802">1299.54dp</dimen>
    <dimen name="x803">1301.16dp</dimen>
    <dimen name="x804">1302.78dp</dimen>
    <dimen name="x805">1304.40dp</dimen>
    <dimen name="x806">1306.02dp</dimen>
    <dimen name="x807">1307.64dp</dimen>
    <dimen name="x808">1309.26dp</dimen>
    <dimen name="x809">1310.88dp</dimen>
    <dimen name="x810">1312.50dp</dimen>
    <dimen name="x811">1314.12dp</dimen>
    <dimen name="x812">1315.74dp</dimen>
    <dimen name="x813">1317.36dp</dimen>
    <dimen name="x814">1318.98dp</dimen>
    <dimen name="x815">1320.60dp</dimen>
    <dimen name="x816">1322.22dp</dimen>
    <dimen name="x817">1323.84dp</dimen>
    <dimen name="x818">1325.46dp</dimen>
    <dimen name="x819">1327.08dp</dimen>
    <dimen name="x820">1328.70dp</dimen>
    <dimen name="x821">1330.32dp</dimen>
    <dimen name="x822">1331.94dp</dimen>
    <dimen name="x823">1333.56dp</dimen>
    <dimen name="x824">1335.19dp</dimen>
    <dimen name="x825">1336.81dp</dimen>
    <dimen name="x826">1338.43dp</dimen>
    <dimen name="x827">1340.05dp</dimen>
    <dimen name="x828">1341.67dp</dimen>
    <dimen name="x829">1343.29dp</dimen>
    <dimen name="x830">1344.91dp</dimen>
    <dimen name="x831">1346.53dp</dimen>
    <dimen name="x832">1348.15dp</dimen>
    <dimen name="x833">1349.77dp</dimen>
    <dimen name="x834">1351.39dp</dimen>
    <dimen name="x835">1353.01dp</dimen>
    <dimen name="x836">1354.63dp</dimen>
    <dimen name="x837">1356.25dp</dimen>
    <dimen name="x838">1357.87dp</dimen>
    <dimen name="x839">1359.49dp</dimen>
    <dimen name="x840">1361.11dp</dimen>
    <dimen name="x841">1362.73dp</dimen>
    <dimen name="x842">1364.35dp</dimen>
    <dimen name="x843">1365.97dp</dimen>
    <dimen name="x844">1367.59dp</dimen>
    <dimen name="x845">1369.21dp</dimen>
    <dimen name="x846">1370.83dp</dimen>
    <dimen name="x847">1372.45dp</dimen>
    <dimen name="x848">1374.07dp</dimen>
    <dimen name="x849">1375.69dp</dimen>
    <dimen name="x850">1377.31dp</dimen>
    <dimen name="x851">1378.94dp</dimen>
    <dimen name="x852">1380.56dp</dimen>
    <dimen name="x853">1382.18dp</dimen>
    <dimen name="x854">1383.80dp</dimen>
    <dimen name="x855">1385.42dp</dimen>
    <dimen name="x856">1387.04dp</dimen>
    <dimen name="x857">1388.66dp</dimen>
    <dimen name="x858">1390.28dp</dimen>
    <dimen name="x859">1391.90dp</dimen>
    <dimen name="x860">1393.52dp</dimen>
    <dimen name="x861">1395.14dp</dimen>
    <dimen name="x862">1396.76dp</dimen>
    <dimen name="x863">1398.38dp</dimen>
    <dimen name="x864">1400.00dp</dimen>
    <dimen name="x865">1401.62dp</dimen>
    <dimen name="x866">1403.24dp</dimen>
    <dimen name="x867">1404.86dp</dimen>
    <dimen name="x868">1406.48dp</dimen>
    <dimen name="x869">1408.10dp</dimen>
    <dimen name="x870">1409.72dp</dimen>
    <dimen name="x871">1411.34dp</dimen>
    <dimen name="x872">1412.96dp</dimen>
    <dimen name="x873">1414.58dp</dimen>
    <dimen name="x874">1416.20dp</dimen>
    <dimen name="x875">1417.82dp</dimen>
    <dimen name="x876">1419.44dp</dimen>
    <dimen name="x877">1421.06dp</dimen>
    <dimen name="x878">1422.69dp</dimen>
    <dimen name="x879">1424.31dp</dimen>
    <dimen name="x880">1425.93dp</dimen>
    <dimen name="x881">1427.55dp</dimen>
    <dimen name="x882">1429.17dp</dimen>
    <dimen name="x883">1430.79dp</dimen>
    <dimen name="x884">1432.41dp</dimen>
    <dimen name="x885">1434.03dp</dimen>
    <dimen name="x886">1435.65dp</dimen>
    <dimen name="x887">1437.27dp</dimen>
    <dimen name="x888">1438.89dp</dimen>
    <dimen name="x889">1440.51dp</dimen>
    <dimen name="x890">1442.13dp</dimen>
    <dimen name="x891">1443.75dp</dimen>
    <dimen name="x892">1445.37dp</dimen>
    <dimen name="x893">1446.99dp</dimen>
    <dimen name="x894">1448.61dp</dimen>
    <dimen name="x895">1450.23dp</dimen>
    <dimen name="x896">1451.85dp</dimen>
    <dimen name="x897">1453.47dp</dimen>
    <dimen name="x898">1455.09dp</dimen>
    <dimen name="x899">1456.71dp</dimen>
    <dimen name="x900">1458.33dp</dimen>
    <dimen name="x901">1459.95dp</dimen>
    <dimen name="x902">1461.57dp</dimen>
    <dimen name="x903">1463.19dp</dimen>
    <dimen name="x904">1464.81dp</dimen>
    <dimen name="x905">1466.44dp</dimen>
    <dimen name="x906">1468.06dp</dimen>
    <dimen name="x907">1469.68dp</dimen>
    <dimen name="x908">1471.30dp</dimen>
    <dimen name="x909">1472.92dp</dimen>
    <dimen name="x910">1474.54dp</dimen>
    <dimen name="x911">1476.16dp</dimen>
    <dimen name="x912">1477.78dp</dimen>
    <dimen name="x913">1479.40dp</dimen>
    <dimen name="x914">1481.02dp</dimen>
    <dimen name="x915">1482.64dp</dimen>
    <dimen name="x916">1484.26dp</dimen>
    <dimen name="x917">1485.88dp</dimen>
    <dimen name="x918">1487.50dp</dimen>
    <dimen name="x919">1489.12dp</dimen>
    <dimen name="x920">1490.74dp</dimen>
    <dimen name="x921">1492.36dp</dimen>
    <dimen name="x922">1493.98dp</dimen>
    <dimen name="x923">1495.60dp</dimen>
    <dimen name="x924">1497.22dp</dimen>
    <dimen name="x925">1498.84dp</dimen>
    <dimen name="x926">1500.46dp</dimen>
    <dimen name="x927">1502.08dp</dimen>
    <dimen name="x928">1503.70dp</dimen>
    <dimen name="x929">1505.32dp</dimen>
    <dimen name="x930">1506.94dp</dimen>
    <dimen name="x931">1508.56dp</dimen>
    <dimen name="x932">1510.19dp</dimen>
    <dimen name="x933">1511.81dp</dimen>
    <dimen name="x934">1513.43dp</dimen>
    <dimen name="x935">1515.05dp</dimen>
    <dimen name="x936">1516.67dp</dimen>
    <dimen name="x937">1518.29dp</dimen>
    <dimen name="x938">1519.91dp</dimen>
    <dimen name="x939">1521.53dp</dimen>
    <dimen name="x940">1523.15dp</dimen>
    <dimen name="x941">1524.77dp</dimen>
    <dimen name="x942">1526.39dp</dimen>
    <dimen name="x943">1528.01dp</dimen>
    <dimen name="x944">1529.63dp</dimen>
    <dimen name="x945">1531.25dp</dimen>
    <dimen name="x946">1532.87dp</dimen>
    <dimen name="x947">1534.49dp</dimen>
    <dimen name="x948">1536.11dp</dimen>
    <dimen name="x949">1537.73dp</dimen>
    <dimen name="x950">1539.35dp</dimen>
    <dimen name="x951">1540.97dp</dimen>
    <dimen name="x952">1542.59dp</dimen>
    <dimen name="x953">1544.21dp</dimen>
    <dimen name="x954">1545.83dp</dimen>
    <dimen name="x955">1547.45dp</dimen>
    <dimen name="x956">1549.07dp</dimen>
    <dimen name="x957">1550.69dp</dimen>
    <dimen name="x958">1552.31dp</dimen>
    <dimen name="x959">1553.94dp</dimen>
    <dimen name="x960">1555.56dp</dimen>
    <dimen name="x961">1557.18dp</dimen>
    <dimen name="x962">1558.80dp</dimen>
    <dimen name="x963">1560.42dp</dimen>
    <dimen name="x964">1562.04dp</dimen>
    <dimen name="x965">1563.66dp</dimen>
    <dimen name="x966">1565.28dp</dimen>
    <dimen name="x967">1566.90dp</dimen>
    <dimen name="x968">1568.52dp</dimen>
    <dimen name="x969">1570.14dp</dimen>
    <dimen name="x970">1571.76dp</dimen>
    <dimen name="x971">1573.38dp</dimen>
    <dimen name="x972">1575.00dp</dimen>
    <dimen name="x973">1576.62dp</dimen>
    <dimen name="x974">1578.24dp</dimen>
    <dimen name="x975">1579.86dp</dimen>
    <dimen name="x976">1581.48dp</dimen>
    <dimen name="x977">1583.10dp</dimen>
    <dimen name="x978">1584.72dp</dimen>
    <dimen name="x979">1586.34dp</dimen>
    <dimen name="x980">1587.96dp</dimen>
    <dimen name="x981">1589.58dp</dimen>
    <dimen name="x982">1591.20dp</dimen>
    <dimen name="x983">1592.82dp</dimen>
    <dimen name="x984">1594.44dp</dimen>
    <dimen name="x985">1596.06dp</dimen>
    <dimen name="x986">1597.69dp</dimen>
    <dimen name="x987">1599.31dp</dimen>
    <dimen name="x988">1600.93dp</dimen>
    <dimen name="x989">1602.55dp</dimen>
    <dimen name="x990">1604.17dp</dimen>
    <dimen name="x991">1605.79dp</dimen>
    <dimen name="x992">1607.41dp</dimen>
    <dimen name="x993">1609.03dp</dimen>
    <dimen name="x994">1610.65dp</dimen>
    <dimen name="x995">1612.27dp</dimen>
    <dimen name="x996">1613.89dp</dimen>
    <dimen name="x997">1615.51dp</dimen>
    <dimen name="x998">1617.13dp</dimen>
    <dimen name="x999">1618.75dp</dimen>
    <dimen name="x1000">1620.37dp</dimen>
    <dimen name="x1001">1621.99dp</dimen>
    <dimen name="x1002">1623.61dp</dimen>
    <dimen name="x1003">1625.23dp</dimen>
    <dimen name="x1004">1626.85dp</dimen>
    <dimen name="x1005">1628.47dp</dimen>
    <dimen name="x1006">1630.09dp</dimen>
    <dimen name="x1007">1631.71dp</dimen>
    <dimen name="x1008">1633.33dp</dimen>
    <dimen name="x1009">1634.95dp</dimen>
    <dimen name="x1010">1636.57dp</dimen>
    <dimen name="x1011">1638.19dp</dimen>
    <dimen name="x1012">1639.81dp</dimen>
    <dimen name="x1013">1641.44dp</dimen>
    <dimen name="x1014">1643.06dp</dimen>
    <dimen name="x1015">1644.68dp</dimen>
    <dimen name="x1016">1646.30dp</dimen>
    <dimen name="x1017">1647.92dp</dimen>
    <dimen name="x1018">1649.54dp</dimen>
    <dimen name="x1019">1651.16dp</dimen>
    <dimen name="x1020">1652.78dp</dimen>
    <dimen name="x1021">1654.40dp</dimen>
    <dimen name="x1022">1656.02dp</dimen>
    <dimen name="x1023">1657.64dp</dimen>
    <dimen name="x1024">1659.26dp</dimen>
    <dimen name="x1025">1660.88dp</dimen>
    <dimen name="x1026">1662.50dp</dimen>
    <dimen name="x1027">1664.12dp</dimen>
    <dimen name="x1028">1665.74dp</dimen>
    <dimen name="x1029">1667.36dp</dimen>
    <dimen name="x1030">1668.98dp</dimen>
    <dimen name="x1031">1670.60dp</dimen>
    <dimen name="x1032">1672.22dp</dimen>
    <dimen name="x1033">1673.84dp</dimen>
    <dimen name="x1034">1675.46dp</dimen>
    <dimen name="x1035">1677.08dp</dimen>
    <dimen name="x1036">1678.70dp</dimen>
    <dimen name="x1037">1680.32dp</dimen>
    <dimen name="x1038">1681.94dp</dimen>
    <dimen name="x1039">1683.56dp</dimen>
    <dimen name="x1040">1685.19dp</dimen>
    <dimen name="x1041">1686.81dp</dimen>
    <dimen name="x1042">1688.43dp</dimen>
    <dimen name="x1043">1690.05dp</dimen>
    <dimen name="x1044">1691.67dp</dimen>
    <dimen name="x1045">1693.29dp</dimen>
    <dimen name="x1046">1694.91dp</dimen>
    <dimen name="x1047">1696.53dp</dimen>
    <dimen name="x1048">1698.15dp</dimen>
    <dimen name="x1049">1699.77dp</dimen>
    <dimen name="x1050">1701.39dp</dimen>
    <dimen name="x1051">1703.01dp</dimen>
    <dimen name="x1052">1704.63dp</dimen>
    <dimen name="x1053">1706.25dp</dimen>
    <dimen name="x1054">1707.87dp</dimen>
    <dimen name="x1055">1709.49dp</dimen>
    <dimen name="x1056">1711.11dp</dimen>
    <dimen name="x1057">1712.73dp</dimen>
    <dimen name="x1058">1714.35dp</dimen>
    <dimen name="x1059">1715.97dp</dimen>
    <dimen name="x1060">1717.59dp</dimen>
    <dimen name="x1061">1719.21dp</dimen>
    <dimen name="x1062">1720.83dp</dimen>
    <dimen name="x1063">1722.45dp</dimen>
    <dimen name="x1064">1724.07dp</dimen>
    <dimen name="x1065">1725.69dp</dimen>
    <dimen name="x1066">1727.31dp</dimen>
    <dimen name="x1067">1728.94dp</dimen>
    <dimen name="x1068">1730.56dp</dimen>
    <dimen name="x1069">1732.18dp</dimen>
    <dimen name="x1070">1733.80dp</dimen>
    <dimen name="x1071">1735.42dp</dimen>
    <dimen name="x1072">1737.04dp</dimen>
    <dimen name="x1073">1738.66dp</dimen>
    <dimen name="x1074">1740.28dp</dimen>
    <dimen name="x1075">1741.90dp</dimen>
    <dimen name="x1076">1743.52dp</dimen>
    <dimen name="x1077">1745.14dp</dimen>
    <dimen name="x1078">1746.76dp</dimen>
    <dimen name="x1079">1748.38dp</dimen>
    <dimen name="x1080">1750.00dp</dimen>
</resources>