<?xml version="1.0" encoding="utf-8"?>
<resources>
    <string name="sw_dp">1040dp</string>
    <dimen name="x1">0.96dp</dimen>
    <dimen name="x2">1.93dp</dimen>
    <dimen name="x3">2.89dp</dimen>
    <dimen name="x4">3.85dp</dimen>
    <dimen name="x5">4.81dp</dimen>
    <dimen name="x6">5.78dp</dimen>
    <dimen name="x7">6.74dp</dimen>
    <dimen name="x8">7.70dp</dimen>
    <dimen name="x9">8.67dp</dimen>
    <dimen name="x10">9.63dp</dimen>
    <dimen name="x11">10.59dp</dimen>
    <dimen name="x12">11.56dp</dimen>
    <dimen name="x13">12.52dp</dimen>
    <dimen name="x14">13.48dp</dimen>
    <dimen name="x15">14.44dp</dimen>
    <dimen name="x16">15.41dp</dimen>
    <dimen name="x17">16.37dp</dimen>
    <dimen name="x18">17.33dp</dimen>
    <dimen name="x19">18.30dp</dimen>
    <dimen name="x20">19.26dp</dimen>
    <dimen name="x21">20.22dp</dimen>
    <dimen name="x22">21.19dp</dimen>
    <dimen name="x23">22.15dp</dimen>
    <dimen name="x24">23.11dp</dimen>
    <dimen name="x25">24.07dp</dimen>
    <dimen name="x26">25.04dp</dimen>
    <dimen name="x27">26.00dp</dimen>
    <dimen name="x28">26.96dp</dimen>
    <dimen name="x29">27.93dp</dimen>
    <dimen name="x30">28.89dp</dimen>
    <dimen name="x31">29.85dp</dimen>
    <dimen name="x32">30.81dp</dimen>
    <dimen name="x33">31.78dp</dimen>
    <dimen name="x34">32.74dp</dimen>
    <dimen name="x35">33.70dp</dimen>
    <dimen name="x36">34.67dp</dimen>
    <dimen name="x37">35.63dp</dimen>
    <dimen name="x38">36.59dp</dimen>
    <dimen name="x39">37.56dp</dimen>
    <dimen name="x40">38.52dp</dimen>
    <dimen name="x41">39.48dp</dimen>
    <dimen name="x42">40.44dp</dimen>
    <dimen name="x43">41.41dp</dimen>
    <dimen name="x44">42.37dp</dimen>
    <dimen name="x45">43.33dp</dimen>
    <dimen name="x46">44.30dp</dimen>
    <dimen name="x47">45.26dp</dimen>
    <dimen name="x48">46.22dp</dimen>
    <dimen name="x49">47.19dp</dimen>
    <dimen name="x50">48.15dp</dimen>
    <dimen name="x51">49.11dp</dimen>
    <dimen name="x52">50.07dp</dimen>
    <dimen name="x53">51.04dp</dimen>
    <dimen name="x54">52.00dp</dimen>
    <dimen name="x55">52.96dp</dimen>
    <dimen name="x56">53.93dp</dimen>
    <dimen name="x57">54.89dp</dimen>
    <dimen name="x58">55.85dp</dimen>
    <dimen name="x59">56.81dp</dimen>
    <dimen name="x60">57.78dp</dimen>
    <dimen name="x61">58.74dp</dimen>
    <dimen name="x62">59.70dp</dimen>
    <dimen name="x63">60.67dp</dimen>
    <dimen name="x64">61.63dp</dimen>
    <dimen name="x65">62.59dp</dimen>
    <dimen name="x66">63.56dp</dimen>
    <dimen name="x67">64.52dp</dimen>
    <dimen name="x68">65.48dp</dimen>
    <dimen name="x69">66.44dp</dimen>
    <dimen name="x70">67.41dp</dimen>
    <dimen name="x71">68.37dp</dimen>
    <dimen name="x72">69.33dp</dimen>
    <dimen name="x73">70.30dp</dimen>
    <dimen name="x74">71.26dp</dimen>
    <dimen name="x75">72.22dp</dimen>
    <dimen name="x76">73.19dp</dimen>
    <dimen name="x77">74.15dp</dimen>
    <dimen name="x78">75.11dp</dimen>
    <dimen name="x79">76.07dp</dimen>
    <dimen name="x80">77.04dp</dimen>
    <dimen name="x81">78.00dp</dimen>
    <dimen name="x82">78.96dp</dimen>
    <dimen name="x83">79.93dp</dimen>
    <dimen name="x84">80.89dp</dimen>
    <dimen name="x85">81.85dp</dimen>
    <dimen name="x86">82.81dp</dimen>
    <dimen name="x87">83.78dp</dimen>
    <dimen name="x88">84.74dp</dimen>
    <dimen name="x89">85.70dp</dimen>
    <dimen name="x90">86.67dp</dimen>
    <dimen name="x91">87.63dp</dimen>
    <dimen name="x92">88.59dp</dimen>
    <dimen name="x93">89.56dp</dimen>
    <dimen name="x94">90.52dp</dimen>
    <dimen name="x95">91.48dp</dimen>
    <dimen name="x96">92.44dp</dimen>
    <dimen name="x97">93.41dp</dimen>
    <dimen name="x98">94.37dp</dimen>
    <dimen name="x99">95.33dp</dimen>
    <dimen name="x100">96.30dp</dimen>
    <dimen name="x101">97.26dp</dimen>
    <dimen name="x102">98.22dp</dimen>
    <dimen name="x103">99.19dp</dimen>
    <dimen name="x104">100.15dp</dimen>
    <dimen name="x105">101.11dp</dimen>
    <dimen name="x106">102.07dp</dimen>
    <dimen name="x107">103.04dp</dimen>
    <dimen name="x108">104.00dp</dimen>
    <dimen name="x109">104.96dp</dimen>
    <dimen name="x110">105.93dp</dimen>
    <dimen name="x111">106.89dp</dimen>
    <dimen name="x112">107.85dp</dimen>
    <dimen name="x113">108.81dp</dimen>
    <dimen name="x114">109.78dp</dimen>
    <dimen name="x115">110.74dp</dimen>
    <dimen name="x116">111.70dp</dimen>
    <dimen name="x117">112.67dp</dimen>
    <dimen name="x118">113.63dp</dimen>
    <dimen name="x119">114.59dp</dimen>
    <dimen name="x120">115.56dp</dimen>
    <dimen name="x121">116.52dp</dimen>
    <dimen name="x122">117.48dp</dimen>
    <dimen name="x123">118.44dp</dimen>
    <dimen name="x124">119.41dp</dimen>
    <dimen name="x125">120.37dp</dimen>
    <dimen name="x126">121.33dp</dimen>
    <dimen name="x127">122.30dp</dimen>
    <dimen name="x128">123.26dp</dimen>
    <dimen name="x129">124.22dp</dimen>
    <dimen name="x130">125.19dp</dimen>
    <dimen name="x131">126.15dp</dimen>
    <dimen name="x132">127.11dp</dimen>
    <dimen name="x133">128.07dp</dimen>
    <dimen name="x134">129.04dp</dimen>
    <dimen name="x135">130.00dp</dimen>
    <dimen name="x136">130.96dp</dimen>
    <dimen name="x137">131.93dp</dimen>
    <dimen name="x138">132.89dp</dimen>
    <dimen name="x139">133.85dp</dimen>
    <dimen name="x140">134.81dp</dimen>
    <dimen name="x141">135.78dp</dimen>
    <dimen name="x142">136.74dp</dimen>
    <dimen name="x143">137.70dp</dimen>
    <dimen name="x144">138.67dp</dimen>
    <dimen name="x145">139.63dp</dimen>
    <dimen name="x146">140.59dp</dimen>
    <dimen name="x147">141.56dp</dimen>
    <dimen name="x148">142.52dp</dimen>
    <dimen name="x149">143.48dp</dimen>
    <dimen name="x150">144.44dp</dimen>
    <dimen name="x151">145.41dp</dimen>
    <dimen name="x152">146.37dp</dimen>
    <dimen name="x153">147.33dp</dimen>
    <dimen name="x154">148.30dp</dimen>
    <dimen name="x155">149.26dp</dimen>
    <dimen name="x156">150.22dp</dimen>
    <dimen name="x157">151.19dp</dimen>
    <dimen name="x158">152.15dp</dimen>
    <dimen name="x159">153.11dp</dimen>
    <dimen name="x160">154.07dp</dimen>
    <dimen name="x161">155.04dp</dimen>
    <dimen name="x162">156.00dp</dimen>
    <dimen name="x163">156.96dp</dimen>
    <dimen name="x164">157.93dp</dimen>
    <dimen name="x165">158.89dp</dimen>
    <dimen name="x166">159.85dp</dimen>
    <dimen name="x167">160.81dp</dimen>
    <dimen name="x168">161.78dp</dimen>
    <dimen name="x169">162.74dp</dimen>
    <dimen name="x170">163.70dp</dimen>
    <dimen name="x171">164.67dp</dimen>
    <dimen name="x172">165.63dp</dimen>
    <dimen name="x173">166.59dp</dimen>
    <dimen name="x174">167.56dp</dimen>
    <dimen name="x175">168.52dp</dimen>
    <dimen name="x176">169.48dp</dimen>
    <dimen name="x177">170.44dp</dimen>
    <dimen name="x178">171.41dp</dimen>
    <dimen name="x179">172.37dp</dimen>
    <dimen name="x180">173.33dp</dimen>
    <dimen name="x181">174.30dp</dimen>
    <dimen name="x182">175.26dp</dimen>
    <dimen name="x183">176.22dp</dimen>
    <dimen name="x184">177.19dp</dimen>
    <dimen name="x185">178.15dp</dimen>
    <dimen name="x186">179.11dp</dimen>
    <dimen name="x187">180.07dp</dimen>
    <dimen name="x188">181.04dp</dimen>
    <dimen name="x189">182.00dp</dimen>
    <dimen name="x190">182.96dp</dimen>
    <dimen name="x191">183.93dp</dimen>
    <dimen name="x192">184.89dp</dimen>
    <dimen name="x193">185.85dp</dimen>
    <dimen name="x194">186.81dp</dimen>
    <dimen name="x195">187.78dp</dimen>
    <dimen name="x196">188.74dp</dimen>
    <dimen name="x197">189.70dp</dimen>
    <dimen name="x198">190.67dp</dimen>
    <dimen name="x199">191.63dp</dimen>
    <dimen name="x200">192.59dp</dimen>
    <dimen name="x201">193.56dp</dimen>
    <dimen name="x202">194.52dp</dimen>
    <dimen name="x203">195.48dp</dimen>
    <dimen name="x204">196.44dp</dimen>
    <dimen name="x205">197.41dp</dimen>
    <dimen name="x206">198.37dp</dimen>
    <dimen name="x207">199.33dp</dimen>
    <dimen name="x208">200.30dp</dimen>
    <dimen name="x209">201.26dp</dimen>
    <dimen name="x210">202.22dp</dimen>
    <dimen name="x211">203.19dp</dimen>
    <dimen name="x212">204.15dp</dimen>
    <dimen name="x213">205.11dp</dimen>
    <dimen name="x214">206.07dp</dimen>
    <dimen name="x215">207.04dp</dimen>
    <dimen name="x216">208.00dp</dimen>
    <dimen name="x217">208.96dp</dimen>
    <dimen name="x218">209.93dp</dimen>
    <dimen name="x219">210.89dp</dimen>
    <dimen name="x220">211.85dp</dimen>
    <dimen name="x221">212.81dp</dimen>
    <dimen name="x222">213.78dp</dimen>
    <dimen name="x223">214.74dp</dimen>
    <dimen name="x224">215.70dp</dimen>
    <dimen name="x225">216.67dp</dimen>
    <dimen name="x226">217.63dp</dimen>
    <dimen name="x227">218.59dp</dimen>
    <dimen name="x228">219.56dp</dimen>
    <dimen name="x229">220.52dp</dimen>
    <dimen name="x230">221.48dp</dimen>
    <dimen name="x231">222.44dp</dimen>
    <dimen name="x232">223.41dp</dimen>
    <dimen name="x233">224.37dp</dimen>
    <dimen name="x234">225.33dp</dimen>
    <dimen name="x235">226.30dp</dimen>
    <dimen name="x236">227.26dp</dimen>
    <dimen name="x237">228.22dp</dimen>
    <dimen name="x238">229.19dp</dimen>
    <dimen name="x239">230.15dp</dimen>
    <dimen name="x240">231.11dp</dimen>
    <dimen name="x241">232.07dp</dimen>
    <dimen name="x242">233.04dp</dimen>
    <dimen name="x243">234.00dp</dimen>
    <dimen name="x244">234.96dp</dimen>
    <dimen name="x245">235.93dp</dimen>
    <dimen name="x246">236.89dp</dimen>
    <dimen name="x247">237.85dp</dimen>
    <dimen name="x248">238.81dp</dimen>
    <dimen name="x249">239.78dp</dimen>
    <dimen name="x250">240.74dp</dimen>
    <dimen name="x251">241.70dp</dimen>
    <dimen name="x252">242.67dp</dimen>
    <dimen name="x253">243.63dp</dimen>
    <dimen name="x254">244.59dp</dimen>
    <dimen name="x255">245.56dp</dimen>
    <dimen name="x256">246.52dp</dimen>
    <dimen name="x257">247.48dp</dimen>
    <dimen name="x258">248.44dp</dimen>
    <dimen name="x259">249.41dp</dimen>
    <dimen name="x260">250.37dp</dimen>
    <dimen name="x261">251.33dp</dimen>
    <dimen name="x262">252.30dp</dimen>
    <dimen name="x263">253.26dp</dimen>
    <dimen name="x264">254.22dp</dimen>
    <dimen name="x265">255.19dp</dimen>
    <dimen name="x266">256.15dp</dimen>
    <dimen name="x267">257.11dp</dimen>
    <dimen name="x268">258.07dp</dimen>
    <dimen name="x269">259.04dp</dimen>
    <dimen name="x270">260.00dp</dimen>
    <dimen name="x271">260.96dp</dimen>
    <dimen name="x272">261.93dp</dimen>
    <dimen name="x273">262.89dp</dimen>
    <dimen name="x274">263.85dp</dimen>
    <dimen name="x275">264.81dp</dimen>
    <dimen name="x276">265.78dp</dimen>
    <dimen name="x277">266.74dp</dimen>
    <dimen name="x278">267.70dp</dimen>
    <dimen name="x279">268.67dp</dimen>
    <dimen name="x280">269.63dp</dimen>
    <dimen name="x281">270.59dp</dimen>
    <dimen name="x282">271.56dp</dimen>
    <dimen name="x283">272.52dp</dimen>
    <dimen name="x284">273.48dp</dimen>
    <dimen name="x285">274.44dp</dimen>
    <dimen name="x286">275.41dp</dimen>
    <dimen name="x287">276.37dp</dimen>
    <dimen name="x288">277.33dp</dimen>
    <dimen name="x289">278.30dp</dimen>
    <dimen name="x290">279.26dp</dimen>
    <dimen name="x291">280.22dp</dimen>
    <dimen name="x292">281.19dp</dimen>
    <dimen name="x293">282.15dp</dimen>
    <dimen name="x294">283.11dp</dimen>
    <dimen name="x295">284.07dp</dimen>
    <dimen name="x296">285.04dp</dimen>
    <dimen name="x297">286.00dp</dimen>
    <dimen name="x298">286.96dp</dimen>
    <dimen name="x299">287.93dp</dimen>
    <dimen name="x300">288.89dp</dimen>
    <dimen name="x301">289.85dp</dimen>
    <dimen name="x302">290.81dp</dimen>
    <dimen name="x303">291.78dp</dimen>
    <dimen name="x304">292.74dp</dimen>
    <dimen name="x305">293.70dp</dimen>
    <dimen name="x306">294.67dp</dimen>
    <dimen name="x307">295.63dp</dimen>
    <dimen name="x308">296.59dp</dimen>
    <dimen name="x309">297.56dp</dimen>
    <dimen name="x310">298.52dp</dimen>
    <dimen name="x311">299.48dp</dimen>
    <dimen name="x312">300.44dp</dimen>
    <dimen name="x313">301.41dp</dimen>
    <dimen name="x314">302.37dp</dimen>
    <dimen name="x315">303.33dp</dimen>
    <dimen name="x316">304.30dp</dimen>
    <dimen name="x317">305.26dp</dimen>
    <dimen name="x318">306.22dp</dimen>
    <dimen name="x319">307.19dp</dimen>
    <dimen name="x320">308.15dp</dimen>
    <dimen name="x321">309.11dp</dimen>
    <dimen name="x322">310.07dp</dimen>
    <dimen name="x323">311.04dp</dimen>
    <dimen name="x324">312.00dp</dimen>
    <dimen name="x325">312.96dp</dimen>
    <dimen name="x326">313.93dp</dimen>
    <dimen name="x327">314.89dp</dimen>
    <dimen name="x328">315.85dp</dimen>
    <dimen name="x329">316.81dp</dimen>
    <dimen name="x330">317.78dp</dimen>
    <dimen name="x331">318.74dp</dimen>
    <dimen name="x332">319.70dp</dimen>
    <dimen name="x333">320.67dp</dimen>
    <dimen name="x334">321.63dp</dimen>
    <dimen name="x335">322.59dp</dimen>
    <dimen name="x336">323.56dp</dimen>
    <dimen name="x337">324.52dp</dimen>
    <dimen name="x338">325.48dp</dimen>
    <dimen name="x339">326.44dp</dimen>
    <dimen name="x340">327.41dp</dimen>
    <dimen name="x341">328.37dp</dimen>
    <dimen name="x342">329.33dp</dimen>
    <dimen name="x343">330.30dp</dimen>
    <dimen name="x344">331.26dp</dimen>
    <dimen name="x345">332.22dp</dimen>
    <dimen name="x346">333.19dp</dimen>
    <dimen name="x347">334.15dp</dimen>
    <dimen name="x348">335.11dp</dimen>
    <dimen name="x349">336.07dp</dimen>
    <dimen name="x350">337.04dp</dimen>
    <dimen name="x351">338.00dp</dimen>
    <dimen name="x352">338.96dp</dimen>
    <dimen name="x353">339.93dp</dimen>
    <dimen name="x354">340.89dp</dimen>
    <dimen name="x355">341.85dp</dimen>
    <dimen name="x356">342.81dp</dimen>
    <dimen name="x357">343.78dp</dimen>
    <dimen name="x358">344.74dp</dimen>
    <dimen name="x359">345.70dp</dimen>
    <dimen name="x360">346.67dp</dimen>
    <dimen name="x361">347.63dp</dimen>
    <dimen name="x362">348.59dp</dimen>
    <dimen name="x363">349.56dp</dimen>
    <dimen name="x364">350.52dp</dimen>
    <dimen name="x365">351.48dp</dimen>
    <dimen name="x366">352.44dp</dimen>
    <dimen name="x367">353.41dp</dimen>
    <dimen name="x368">354.37dp</dimen>
    <dimen name="x369">355.33dp</dimen>
    <dimen name="x370">356.30dp</dimen>
    <dimen name="x371">357.26dp</dimen>
    <dimen name="x372">358.22dp</dimen>
    <dimen name="x373">359.19dp</dimen>
    <dimen name="x374">360.15dp</dimen>
    <dimen name="x375">361.11dp</dimen>
    <dimen name="x376">362.07dp</dimen>
    <dimen name="x377">363.04dp</dimen>
    <dimen name="x378">364.00dp</dimen>
    <dimen name="x379">364.96dp</dimen>
    <dimen name="x380">365.93dp</dimen>
    <dimen name="x381">366.89dp</dimen>
    <dimen name="x382">367.85dp</dimen>
    <dimen name="x383">368.81dp</dimen>
    <dimen name="x384">369.78dp</dimen>
    <dimen name="x385">370.74dp</dimen>
    <dimen name="x386">371.70dp</dimen>
    <dimen name="x387">372.67dp</dimen>
    <dimen name="x388">373.63dp</dimen>
    <dimen name="x389">374.59dp</dimen>
    <dimen name="x390">375.56dp</dimen>
    <dimen name="x391">376.52dp</dimen>
    <dimen name="x392">377.48dp</dimen>
    <dimen name="x393">378.44dp</dimen>
    <dimen name="x394">379.41dp</dimen>
    <dimen name="x395">380.37dp</dimen>
    <dimen name="x396">381.33dp</dimen>
    <dimen name="x397">382.30dp</dimen>
    <dimen name="x398">383.26dp</dimen>
    <dimen name="x399">384.22dp</dimen>
    <dimen name="x400">385.19dp</dimen>
    <dimen name="x401">386.15dp</dimen>
    <dimen name="x402">387.11dp</dimen>
    <dimen name="x403">388.07dp</dimen>
    <dimen name="x404">389.04dp</dimen>
    <dimen name="x405">390.00dp</dimen>
    <dimen name="x406">390.96dp</dimen>
    <dimen name="x407">391.93dp</dimen>
    <dimen name="x408">392.89dp</dimen>
    <dimen name="x409">393.85dp</dimen>
    <dimen name="x410">394.81dp</dimen>
    <dimen name="x411">395.78dp</dimen>
    <dimen name="x412">396.74dp</dimen>
    <dimen name="x413">397.70dp</dimen>
    <dimen name="x414">398.67dp</dimen>
    <dimen name="x415">399.63dp</dimen>
    <dimen name="x416">400.59dp</dimen>
    <dimen name="x417">401.56dp</dimen>
    <dimen name="x418">402.52dp</dimen>
    <dimen name="x419">403.48dp</dimen>
    <dimen name="x420">404.44dp</dimen>
    <dimen name="x421">405.41dp</dimen>
    <dimen name="x422">406.37dp</dimen>
    <dimen name="x423">407.33dp</dimen>
    <dimen name="x424">408.30dp</dimen>
    <dimen name="x425">409.26dp</dimen>
    <dimen name="x426">410.22dp</dimen>
    <dimen name="x427">411.19dp</dimen>
    <dimen name="x428">412.15dp</dimen>
    <dimen name="x429">413.11dp</dimen>
    <dimen name="x430">414.07dp</dimen>
    <dimen name="x431">415.04dp</dimen>
    <dimen name="x432">416.00dp</dimen>
    <dimen name="x433">416.96dp</dimen>
    <dimen name="x434">417.93dp</dimen>
    <dimen name="x435">418.89dp</dimen>
    <dimen name="x436">419.85dp</dimen>
    <dimen name="x437">420.81dp</dimen>
    <dimen name="x438">421.78dp</dimen>
    <dimen name="x439">422.74dp</dimen>
    <dimen name="x440">423.70dp</dimen>
    <dimen name="x441">424.67dp</dimen>
    <dimen name="x442">425.63dp</dimen>
    <dimen name="x443">426.59dp</dimen>
    <dimen name="x444">427.56dp</dimen>
    <dimen name="x445">428.52dp</dimen>
    <dimen name="x446">429.48dp</dimen>
    <dimen name="x447">430.44dp</dimen>
    <dimen name="x448">431.41dp</dimen>
    <dimen name="x449">432.37dp</dimen>
    <dimen name="x450">433.33dp</dimen>
    <dimen name="x451">434.30dp</dimen>
    <dimen name="x452">435.26dp</dimen>
    <dimen name="x453">436.22dp</dimen>
    <dimen name="x454">437.19dp</dimen>
    <dimen name="x455">438.15dp</dimen>
    <dimen name="x456">439.11dp</dimen>
    <dimen name="x457">440.07dp</dimen>
    <dimen name="x458">441.04dp</dimen>
    <dimen name="x459">442.00dp</dimen>
    <dimen name="x460">442.96dp</dimen>
    <dimen name="x461">443.93dp</dimen>
    <dimen name="x462">444.89dp</dimen>
    <dimen name="x463">445.85dp</dimen>
    <dimen name="x464">446.81dp</dimen>
    <dimen name="x465">447.78dp</dimen>
    <dimen name="x466">448.74dp</dimen>
    <dimen name="x467">449.70dp</dimen>
    <dimen name="x468">450.67dp</dimen>
    <dimen name="x469">451.63dp</dimen>
    <dimen name="x470">452.59dp</dimen>
    <dimen name="x471">453.56dp</dimen>
    <dimen name="x472">454.52dp</dimen>
    <dimen name="x473">455.48dp</dimen>
    <dimen name="x474">456.44dp</dimen>
    <dimen name="x475">457.41dp</dimen>
    <dimen name="x476">458.37dp</dimen>
    <dimen name="x477">459.33dp</dimen>
    <dimen name="x478">460.30dp</dimen>
    <dimen name="x479">461.26dp</dimen>
    <dimen name="x480">462.22dp</dimen>
    <dimen name="x481">463.19dp</dimen>
    <dimen name="x482">464.15dp</dimen>
    <dimen name="x483">465.11dp</dimen>
    <dimen name="x484">466.07dp</dimen>
    <dimen name="x485">467.04dp</dimen>
    <dimen name="x486">468.00dp</dimen>
    <dimen name="x487">468.96dp</dimen>
    <dimen name="x488">469.93dp</dimen>
    <dimen name="x489">470.89dp</dimen>
    <dimen name="x490">471.85dp</dimen>
    <dimen name="x491">472.81dp</dimen>
    <dimen name="x492">473.78dp</dimen>
    <dimen name="x493">474.74dp</dimen>
    <dimen name="x494">475.70dp</dimen>
    <dimen name="x495">476.67dp</dimen>
    <dimen name="x496">477.63dp</dimen>
    <dimen name="x497">478.59dp</dimen>
    <dimen name="x498">479.56dp</dimen>
    <dimen name="x499">480.52dp</dimen>
    <dimen name="x500">481.48dp</dimen>
    <dimen name="x501">482.44dp</dimen>
    <dimen name="x502">483.41dp</dimen>
    <dimen name="x503">484.37dp</dimen>
    <dimen name="x504">485.33dp</dimen>
    <dimen name="x505">486.30dp</dimen>
    <dimen name="x506">487.26dp</dimen>
    <dimen name="x507">488.22dp</dimen>
    <dimen name="x508">489.19dp</dimen>
    <dimen name="x509">490.15dp</dimen>
    <dimen name="x510">491.11dp</dimen>
    <dimen name="x511">492.07dp</dimen>
    <dimen name="x512">493.04dp</dimen>
    <dimen name="x513">494.00dp</dimen>
    <dimen name="x514">494.96dp</dimen>
    <dimen name="x515">495.93dp</dimen>
    <dimen name="x516">496.89dp</dimen>
    <dimen name="x517">497.85dp</dimen>
    <dimen name="x518">498.81dp</dimen>
    <dimen name="x519">499.78dp</dimen>
    <dimen name="x520">500.74dp</dimen>
    <dimen name="x521">501.70dp</dimen>
    <dimen name="x522">502.67dp</dimen>
    <dimen name="x523">503.63dp</dimen>
    <dimen name="x524">504.59dp</dimen>
    <dimen name="x525">505.56dp</dimen>
    <dimen name="x526">506.52dp</dimen>
    <dimen name="x527">507.48dp</dimen>
    <dimen name="x528">508.44dp</dimen>
    <dimen name="x529">509.41dp</dimen>
    <dimen name="x530">510.37dp</dimen>
    <dimen name="x531">511.33dp</dimen>
    <dimen name="x532">512.30dp</dimen>
    <dimen name="x533">513.26dp</dimen>
    <dimen name="x534">514.22dp</dimen>
    <dimen name="x535">515.19dp</dimen>
    <dimen name="x536">516.15dp</dimen>
    <dimen name="x537">517.11dp</dimen>
    <dimen name="x538">518.07dp</dimen>
    <dimen name="x539">519.04dp</dimen>
    <dimen name="x540">520.00dp</dimen>
    <dimen name="x541">520.96dp</dimen>
    <dimen name="x542">521.93dp</dimen>
    <dimen name="x543">522.89dp</dimen>
    <dimen name="x544">523.85dp</dimen>
    <dimen name="x545">524.81dp</dimen>
    <dimen name="x546">525.78dp</dimen>
    <dimen name="x547">526.74dp</dimen>
    <dimen name="x548">527.70dp</dimen>
    <dimen name="x549">528.67dp</dimen>
    <dimen name="x550">529.63dp</dimen>
    <dimen name="x551">530.59dp</dimen>
    <dimen name="x552">531.56dp</dimen>
    <dimen name="x553">532.52dp</dimen>
    <dimen name="x554">533.48dp</dimen>
    <dimen name="x555">534.44dp</dimen>
    <dimen name="x556">535.41dp</dimen>
    <dimen name="x557">536.37dp</dimen>
    <dimen name="x558">537.33dp</dimen>
    <dimen name="x559">538.30dp</dimen>
    <dimen name="x560">539.26dp</dimen>
    <dimen name="x561">540.22dp</dimen>
    <dimen name="x562">541.19dp</dimen>
    <dimen name="x563">542.15dp</dimen>
    <dimen name="x564">543.11dp</dimen>
    <dimen name="x565">544.07dp</dimen>
    <dimen name="x566">545.04dp</dimen>
    <dimen name="x567">546.00dp</dimen>
    <dimen name="x568">546.96dp</dimen>
    <dimen name="x569">547.93dp</dimen>
    <dimen name="x570">548.89dp</dimen>
    <dimen name="x571">549.85dp</dimen>
    <dimen name="x572">550.81dp</dimen>
    <dimen name="x573">551.78dp</dimen>
    <dimen name="x574">552.74dp</dimen>
    <dimen name="x575">553.70dp</dimen>
    <dimen name="x576">554.67dp</dimen>
    <dimen name="x577">555.63dp</dimen>
    <dimen name="x578">556.59dp</dimen>
    <dimen name="x579">557.56dp</dimen>
    <dimen name="x580">558.52dp</dimen>
    <dimen name="x581">559.48dp</dimen>
    <dimen name="x582">560.44dp</dimen>
    <dimen name="x583">561.41dp</dimen>
    <dimen name="x584">562.37dp</dimen>
    <dimen name="x585">563.33dp</dimen>
    <dimen name="x586">564.30dp</dimen>
    <dimen name="x587">565.26dp</dimen>
    <dimen name="x588">566.22dp</dimen>
    <dimen name="x589">567.19dp</dimen>
    <dimen name="x590">568.15dp</dimen>
    <dimen name="x591">569.11dp</dimen>
    <dimen name="x592">570.07dp</dimen>
    <dimen name="x593">571.04dp</dimen>
    <dimen name="x594">572.00dp</dimen>
    <dimen name="x595">572.96dp</dimen>
    <dimen name="x596">573.93dp</dimen>
    <dimen name="x597">574.89dp</dimen>
    <dimen name="x598">575.85dp</dimen>
    <dimen name="x599">576.81dp</dimen>
    <dimen name="x600">577.78dp</dimen>
    <dimen name="x601">578.74dp</dimen>
    <dimen name="x602">579.70dp</dimen>
    <dimen name="x603">580.67dp</dimen>
    <dimen name="x604">581.63dp</dimen>
    <dimen name="x605">582.59dp</dimen>
    <dimen name="x606">583.56dp</dimen>
    <dimen name="x607">584.52dp</dimen>
    <dimen name="x608">585.48dp</dimen>
    <dimen name="x609">586.44dp</dimen>
    <dimen name="x610">587.41dp</dimen>
    <dimen name="x611">588.37dp</dimen>
    <dimen name="x612">589.33dp</dimen>
    <dimen name="x613">590.30dp</dimen>
    <dimen name="x614">591.26dp</dimen>
    <dimen name="x615">592.22dp</dimen>
    <dimen name="x616">593.19dp</dimen>
    <dimen name="x617">594.15dp</dimen>
    <dimen name="x618">595.11dp</dimen>
    <dimen name="x619">596.07dp</dimen>
    <dimen name="x620">597.04dp</dimen>
    <dimen name="x621">598.00dp</dimen>
    <dimen name="x622">598.96dp</dimen>
    <dimen name="x623">599.93dp</dimen>
    <dimen name="x624">600.89dp</dimen>
    <dimen name="x625">601.85dp</dimen>
    <dimen name="x626">602.81dp</dimen>
    <dimen name="x627">603.78dp</dimen>
    <dimen name="x628">604.74dp</dimen>
    <dimen name="x629">605.70dp</dimen>
    <dimen name="x630">606.67dp</dimen>
    <dimen name="x631">607.63dp</dimen>
    <dimen name="x632">608.59dp</dimen>
    <dimen name="x633">609.56dp</dimen>
    <dimen name="x634">610.52dp</dimen>
    <dimen name="x635">611.48dp</dimen>
    <dimen name="x636">612.44dp</dimen>
    <dimen name="x637">613.41dp</dimen>
    <dimen name="x638">614.37dp</dimen>
    <dimen name="x639">615.33dp</dimen>
    <dimen name="x640">616.30dp</dimen>
    <dimen name="x641">617.26dp</dimen>
    <dimen name="x642">618.22dp</dimen>
    <dimen name="x643">619.19dp</dimen>
    <dimen name="x644">620.15dp</dimen>
    <dimen name="x645">621.11dp</dimen>
    <dimen name="x646">622.07dp</dimen>
    <dimen name="x647">623.04dp</dimen>
    <dimen name="x648">624.00dp</dimen>
    <dimen name="x649">624.96dp</dimen>
    <dimen name="x650">625.93dp</dimen>
    <dimen name="x651">626.89dp</dimen>
    <dimen name="x652">627.85dp</dimen>
    <dimen name="x653">628.81dp</dimen>
    <dimen name="x654">629.78dp</dimen>
    <dimen name="x655">630.74dp</dimen>
    <dimen name="x656">631.70dp</dimen>
    <dimen name="x657">632.67dp</dimen>
    <dimen name="x658">633.63dp</dimen>
    <dimen name="x659">634.59dp</dimen>
    <dimen name="x660">635.56dp</dimen>
    <dimen name="x661">636.52dp</dimen>
    <dimen name="x662">637.48dp</dimen>
    <dimen name="x663">638.44dp</dimen>
    <dimen name="x664">639.41dp</dimen>
    <dimen name="x665">640.37dp</dimen>
    <dimen name="x666">641.33dp</dimen>
    <dimen name="x667">642.30dp</dimen>
    <dimen name="x668">643.26dp</dimen>
    <dimen name="x669">644.22dp</dimen>
    <dimen name="x670">645.19dp</dimen>
    <dimen name="x671">646.15dp</dimen>
    <dimen name="x672">647.11dp</dimen>
    <dimen name="x673">648.07dp</dimen>
    <dimen name="x674">649.04dp</dimen>
    <dimen name="x675">650.00dp</dimen>
    <dimen name="x676">650.96dp</dimen>
    <dimen name="x677">651.93dp</dimen>
    <dimen name="x678">652.89dp</dimen>
    <dimen name="x679">653.85dp</dimen>
    <dimen name="x680">654.81dp</dimen>
    <dimen name="x681">655.78dp</dimen>
    <dimen name="x682">656.74dp</dimen>
    <dimen name="x683">657.70dp</dimen>
    <dimen name="x684">658.67dp</dimen>
    <dimen name="x685">659.63dp</dimen>
    <dimen name="x686">660.59dp</dimen>
    <dimen name="x687">661.56dp</dimen>
    <dimen name="x688">662.52dp</dimen>
    <dimen name="x689">663.48dp</dimen>
    <dimen name="x690">664.44dp</dimen>
    <dimen name="x691">665.41dp</dimen>
    <dimen name="x692">666.37dp</dimen>
    <dimen name="x693">667.33dp</dimen>
    <dimen name="x694">668.30dp</dimen>
    <dimen name="x695">669.26dp</dimen>
    <dimen name="x696">670.22dp</dimen>
    <dimen name="x697">671.19dp</dimen>
    <dimen name="x698">672.15dp</dimen>
    <dimen name="x699">673.11dp</dimen>
    <dimen name="x700">674.07dp</dimen>
    <dimen name="x701">675.04dp</dimen>
    <dimen name="x702">676.00dp</dimen>
    <dimen name="x703">676.96dp</dimen>
    <dimen name="x704">677.93dp</dimen>
    <dimen name="x705">678.89dp</dimen>
    <dimen name="x706">679.85dp</dimen>
    <dimen name="x707">680.81dp</dimen>
    <dimen name="x708">681.78dp</dimen>
    <dimen name="x709">682.74dp</dimen>
    <dimen name="x710">683.70dp</dimen>
    <dimen name="x711">684.67dp</dimen>
    <dimen name="x712">685.63dp</dimen>
    <dimen name="x713">686.59dp</dimen>
    <dimen name="x714">687.56dp</dimen>
    <dimen name="x715">688.52dp</dimen>
    <dimen name="x716">689.48dp</dimen>
    <dimen name="x717">690.44dp</dimen>
    <dimen name="x718">691.41dp</dimen>
    <dimen name="x719">692.37dp</dimen>
    <dimen name="x720">693.33dp</dimen>
    <dimen name="x721">694.30dp</dimen>
    <dimen name="x722">695.26dp</dimen>
    <dimen name="x723">696.22dp</dimen>
    <dimen name="x724">697.19dp</dimen>
    <dimen name="x725">698.15dp</dimen>
    <dimen name="x726">699.11dp</dimen>
    <dimen name="x727">700.07dp</dimen>
    <dimen name="x728">701.04dp</dimen>
    <dimen name="x729">702.00dp</dimen>
    <dimen name="x730">702.96dp</dimen>
    <dimen name="x731">703.93dp</dimen>
    <dimen name="x732">704.89dp</dimen>
    <dimen name="x733">705.85dp</dimen>
    <dimen name="x734">706.81dp</dimen>
    <dimen name="x735">707.78dp</dimen>
    <dimen name="x736">708.74dp</dimen>
    <dimen name="x737">709.70dp</dimen>
    <dimen name="x738">710.67dp</dimen>
    <dimen name="x739">711.63dp</dimen>
    <dimen name="x740">712.59dp</dimen>
    <dimen name="x741">713.56dp</dimen>
    <dimen name="x742">714.52dp</dimen>
    <dimen name="x743">715.48dp</dimen>
    <dimen name="x744">716.44dp</dimen>
    <dimen name="x745">717.41dp</dimen>
    <dimen name="x746">718.37dp</dimen>
    <dimen name="x747">719.33dp</dimen>
    <dimen name="x748">720.30dp</dimen>
    <dimen name="x749">721.26dp</dimen>
    <dimen name="x750">722.22dp</dimen>
    <dimen name="x751">723.19dp</dimen>
    <dimen name="x752">724.15dp</dimen>
    <dimen name="x753">725.11dp</dimen>
    <dimen name="x754">726.07dp</dimen>
    <dimen name="x755">727.04dp</dimen>
    <dimen name="x756">728.00dp</dimen>
    <dimen name="x757">728.96dp</dimen>
    <dimen name="x758">729.93dp</dimen>
    <dimen name="x759">730.89dp</dimen>
    <dimen name="x760">731.85dp</dimen>
    <dimen name="x761">732.81dp</dimen>
    <dimen name="x762">733.78dp</dimen>
    <dimen name="x763">734.74dp</dimen>
    <dimen name="x764">735.70dp</dimen>
    <dimen name="x765">736.67dp</dimen>
    <dimen name="x766">737.63dp</dimen>
    <dimen name="x767">738.59dp</dimen>
    <dimen name="x768">739.56dp</dimen>
    <dimen name="x769">740.52dp</dimen>
    <dimen name="x770">741.48dp</dimen>
    <dimen name="x771">742.44dp</dimen>
    <dimen name="x772">743.41dp</dimen>
    <dimen name="x773">744.37dp</dimen>
    <dimen name="x774">745.33dp</dimen>
    <dimen name="x775">746.30dp</dimen>
    <dimen name="x776">747.26dp</dimen>
    <dimen name="x777">748.22dp</dimen>
    <dimen name="x778">749.19dp</dimen>
    <dimen name="x779">750.15dp</dimen>
    <dimen name="x780">751.11dp</dimen>
    <dimen name="x781">752.07dp</dimen>
    <dimen name="x782">753.04dp</dimen>
    <dimen name="x783">754.00dp</dimen>
    <dimen name="x784">754.96dp</dimen>
    <dimen name="x785">755.93dp</dimen>
    <dimen name="x786">756.89dp</dimen>
    <dimen name="x787">757.85dp</dimen>
    <dimen name="x788">758.81dp</dimen>
    <dimen name="x789">759.78dp</dimen>
    <dimen name="x790">760.74dp</dimen>
    <dimen name="x791">761.70dp</dimen>
    <dimen name="x792">762.67dp</dimen>
    <dimen name="x793">763.63dp</dimen>
    <dimen name="x794">764.59dp</dimen>
    <dimen name="x795">765.56dp</dimen>
    <dimen name="x796">766.52dp</dimen>
    <dimen name="x797">767.48dp</dimen>
    <dimen name="x798">768.44dp</dimen>
    <dimen name="x799">769.41dp</dimen>
    <dimen name="x800">770.37dp</dimen>
    <dimen name="x801">771.33dp</dimen>
    <dimen name="x802">772.30dp</dimen>
    <dimen name="x803">773.26dp</dimen>
    <dimen name="x804">774.22dp</dimen>
    <dimen name="x805">775.19dp</dimen>
    <dimen name="x806">776.15dp</dimen>
    <dimen name="x807">777.11dp</dimen>
    <dimen name="x808">778.07dp</dimen>
    <dimen name="x809">779.04dp</dimen>
    <dimen name="x810">780.00dp</dimen>
    <dimen name="x811">780.96dp</dimen>
    <dimen name="x812">781.93dp</dimen>
    <dimen name="x813">782.89dp</dimen>
    <dimen name="x814">783.85dp</dimen>
    <dimen name="x815">784.81dp</dimen>
    <dimen name="x816">785.78dp</dimen>
    <dimen name="x817">786.74dp</dimen>
    <dimen name="x818">787.70dp</dimen>
    <dimen name="x819">788.67dp</dimen>
    <dimen name="x820">789.63dp</dimen>
    <dimen name="x821">790.59dp</dimen>
    <dimen name="x822">791.56dp</dimen>
    <dimen name="x823">792.52dp</dimen>
    <dimen name="x824">793.48dp</dimen>
    <dimen name="x825">794.44dp</dimen>
    <dimen name="x826">795.41dp</dimen>
    <dimen name="x827">796.37dp</dimen>
    <dimen name="x828">797.33dp</dimen>
    <dimen name="x829">798.30dp</dimen>
    <dimen name="x830">799.26dp</dimen>
    <dimen name="x831">800.22dp</dimen>
    <dimen name="x832">801.19dp</dimen>
    <dimen name="x833">802.15dp</dimen>
    <dimen name="x834">803.11dp</dimen>
    <dimen name="x835">804.07dp</dimen>
    <dimen name="x836">805.04dp</dimen>
    <dimen name="x837">806.00dp</dimen>
    <dimen name="x838">806.96dp</dimen>
    <dimen name="x839">807.93dp</dimen>
    <dimen name="x840">808.89dp</dimen>
    <dimen name="x841">809.85dp</dimen>
    <dimen name="x842">810.81dp</dimen>
    <dimen name="x843">811.78dp</dimen>
    <dimen name="x844">812.74dp</dimen>
    <dimen name="x845">813.70dp</dimen>
    <dimen name="x846">814.67dp</dimen>
    <dimen name="x847">815.63dp</dimen>
    <dimen name="x848">816.59dp</dimen>
    <dimen name="x849">817.56dp</dimen>
    <dimen name="x850">818.52dp</dimen>
    <dimen name="x851">819.48dp</dimen>
    <dimen name="x852">820.44dp</dimen>
    <dimen name="x853">821.41dp</dimen>
    <dimen name="x854">822.37dp</dimen>
    <dimen name="x855">823.33dp</dimen>
    <dimen name="x856">824.30dp</dimen>
    <dimen name="x857">825.26dp</dimen>
    <dimen name="x858">826.22dp</dimen>
    <dimen name="x859">827.19dp</dimen>
    <dimen name="x860">828.15dp</dimen>
    <dimen name="x861">829.11dp</dimen>
    <dimen name="x862">830.07dp</dimen>
    <dimen name="x863">831.04dp</dimen>
    <dimen name="x864">832.00dp</dimen>
    <dimen name="x865">832.96dp</dimen>
    <dimen name="x866">833.93dp</dimen>
    <dimen name="x867">834.89dp</dimen>
    <dimen name="x868">835.85dp</dimen>
    <dimen name="x869">836.81dp</dimen>
    <dimen name="x870">837.78dp</dimen>
    <dimen name="x871">838.74dp</dimen>
    <dimen name="x872">839.70dp</dimen>
    <dimen name="x873">840.67dp</dimen>
    <dimen name="x874">841.63dp</dimen>
    <dimen name="x875">842.59dp</dimen>
    <dimen name="x876">843.56dp</dimen>
    <dimen name="x877">844.52dp</dimen>
    <dimen name="x878">845.48dp</dimen>
    <dimen name="x879">846.44dp</dimen>
    <dimen name="x880">847.41dp</dimen>
    <dimen name="x881">848.37dp</dimen>
    <dimen name="x882">849.33dp</dimen>
    <dimen name="x883">850.30dp</dimen>
    <dimen name="x884">851.26dp</dimen>
    <dimen name="x885">852.22dp</dimen>
    <dimen name="x886">853.19dp</dimen>
    <dimen name="x887">854.15dp</dimen>
    <dimen name="x888">855.11dp</dimen>
    <dimen name="x889">856.07dp</dimen>
    <dimen name="x890">857.04dp</dimen>
    <dimen name="x891">858.00dp</dimen>
    <dimen name="x892">858.96dp</dimen>
    <dimen name="x893">859.93dp</dimen>
    <dimen name="x894">860.89dp</dimen>
    <dimen name="x895">861.85dp</dimen>
    <dimen name="x896">862.81dp</dimen>
    <dimen name="x897">863.78dp</dimen>
    <dimen name="x898">864.74dp</dimen>
    <dimen name="x899">865.70dp</dimen>
    <dimen name="x900">866.67dp</dimen>
    <dimen name="x901">867.63dp</dimen>
    <dimen name="x902">868.59dp</dimen>
    <dimen name="x903">869.56dp</dimen>
    <dimen name="x904">870.52dp</dimen>
    <dimen name="x905">871.48dp</dimen>
    <dimen name="x906">872.44dp</dimen>
    <dimen name="x907">873.41dp</dimen>
    <dimen name="x908">874.37dp</dimen>
    <dimen name="x909">875.33dp</dimen>
    <dimen name="x910">876.30dp</dimen>
    <dimen name="x911">877.26dp</dimen>
    <dimen name="x912">878.22dp</dimen>
    <dimen name="x913">879.19dp</dimen>
    <dimen name="x914">880.15dp</dimen>
    <dimen name="x915">881.11dp</dimen>
    <dimen name="x916">882.07dp</dimen>
    <dimen name="x917">883.04dp</dimen>
    <dimen name="x918">884.00dp</dimen>
    <dimen name="x919">884.96dp</dimen>
    <dimen name="x920">885.93dp</dimen>
    <dimen name="x921">886.89dp</dimen>
    <dimen name="x922">887.85dp</dimen>
    <dimen name="x923">888.81dp</dimen>
    <dimen name="x924">889.78dp</dimen>
    <dimen name="x925">890.74dp</dimen>
    <dimen name="x926">891.70dp</dimen>
    <dimen name="x927">892.67dp</dimen>
    <dimen name="x928">893.63dp</dimen>
    <dimen name="x929">894.59dp</dimen>
    <dimen name="x930">895.56dp</dimen>
    <dimen name="x931">896.52dp</dimen>
    <dimen name="x932">897.48dp</dimen>
    <dimen name="x933">898.44dp</dimen>
    <dimen name="x934">899.41dp</dimen>
    <dimen name="x935">900.37dp</dimen>
    <dimen name="x936">901.33dp</dimen>
    <dimen name="x937">902.30dp</dimen>
    <dimen name="x938">903.26dp</dimen>
    <dimen name="x939">904.22dp</dimen>
    <dimen name="x940">905.19dp</dimen>
    <dimen name="x941">906.15dp</dimen>
    <dimen name="x942">907.11dp</dimen>
    <dimen name="x943">908.07dp</dimen>
    <dimen name="x944">909.04dp</dimen>
    <dimen name="x945">910.00dp</dimen>
    <dimen name="x946">910.96dp</dimen>
    <dimen name="x947">911.93dp</dimen>
    <dimen name="x948">912.89dp</dimen>
    <dimen name="x949">913.85dp</dimen>
    <dimen name="x950">914.81dp</dimen>
    <dimen name="x951">915.78dp</dimen>
    <dimen name="x952">916.74dp</dimen>
    <dimen name="x953">917.70dp</dimen>
    <dimen name="x954">918.67dp</dimen>
    <dimen name="x955">919.63dp</dimen>
    <dimen name="x956">920.59dp</dimen>
    <dimen name="x957">921.56dp</dimen>
    <dimen name="x958">922.52dp</dimen>
    <dimen name="x959">923.48dp</dimen>
    <dimen name="x960">924.44dp</dimen>
    <dimen name="x961">925.41dp</dimen>
    <dimen name="x962">926.37dp</dimen>
    <dimen name="x963">927.33dp</dimen>
    <dimen name="x964">928.30dp</dimen>
    <dimen name="x965">929.26dp</dimen>
    <dimen name="x966">930.22dp</dimen>
    <dimen name="x967">931.19dp</dimen>
    <dimen name="x968">932.15dp</dimen>
    <dimen name="x969">933.11dp</dimen>
    <dimen name="x970">934.07dp</dimen>
    <dimen name="x971">935.04dp</dimen>
    <dimen name="x972">936.00dp</dimen>
    <dimen name="x973">936.96dp</dimen>
    <dimen name="x974">937.93dp</dimen>
    <dimen name="x975">938.89dp</dimen>
    <dimen name="x976">939.85dp</dimen>
    <dimen name="x977">940.81dp</dimen>
    <dimen name="x978">941.78dp</dimen>
    <dimen name="x979">942.74dp</dimen>
    <dimen name="x980">943.70dp</dimen>
    <dimen name="x981">944.67dp</dimen>
    <dimen name="x982">945.63dp</dimen>
    <dimen name="x983">946.59dp</dimen>
    <dimen name="x984">947.56dp</dimen>
    <dimen name="x985">948.52dp</dimen>
    <dimen name="x986">949.48dp</dimen>
    <dimen name="x987">950.44dp</dimen>
    <dimen name="x988">951.41dp</dimen>
    <dimen name="x989">952.37dp</dimen>
    <dimen name="x990">953.33dp</dimen>
    <dimen name="x991">954.30dp</dimen>
    <dimen name="x992">955.26dp</dimen>
    <dimen name="x993">956.22dp</dimen>
    <dimen name="x994">957.19dp</dimen>
    <dimen name="x995">958.15dp</dimen>
    <dimen name="x996">959.11dp</dimen>
    <dimen name="x997">960.07dp</dimen>
    <dimen name="x998">961.04dp</dimen>
    <dimen name="x999">962.00dp</dimen>
    <dimen name="x1000">962.96dp</dimen>
    <dimen name="x1001">963.93dp</dimen>
    <dimen name="x1002">964.89dp</dimen>
    <dimen name="x1003">965.85dp</dimen>
    <dimen name="x1004">966.81dp</dimen>
    <dimen name="x1005">967.78dp</dimen>
    <dimen name="x1006">968.74dp</dimen>
    <dimen name="x1007">969.70dp</dimen>
    <dimen name="x1008">970.67dp</dimen>
    <dimen name="x1009">971.63dp</dimen>
    <dimen name="x1010">972.59dp</dimen>
    <dimen name="x1011">973.56dp</dimen>
    <dimen name="x1012">974.52dp</dimen>
    <dimen name="x1013">975.48dp</dimen>
    <dimen name="x1014">976.44dp</dimen>
    <dimen name="x1015">977.41dp</dimen>
    <dimen name="x1016">978.37dp</dimen>
    <dimen name="x1017">979.33dp</dimen>
    <dimen name="x1018">980.30dp</dimen>
    <dimen name="x1019">981.26dp</dimen>
    <dimen name="x1020">982.22dp</dimen>
    <dimen name="x1021">983.19dp</dimen>
    <dimen name="x1022">984.15dp</dimen>
    <dimen name="x1023">985.11dp</dimen>
    <dimen name="x1024">986.07dp</dimen>
    <dimen name="x1025">987.04dp</dimen>
    <dimen name="x1026">988.00dp</dimen>
    <dimen name="x1027">988.96dp</dimen>
    <dimen name="x1028">989.93dp</dimen>
    <dimen name="x1029">990.89dp</dimen>
    <dimen name="x1030">991.85dp</dimen>
    <dimen name="x1031">992.81dp</dimen>
    <dimen name="x1032">993.78dp</dimen>
    <dimen name="x1033">994.74dp</dimen>
    <dimen name="x1034">995.70dp</dimen>
    <dimen name="x1035">996.67dp</dimen>
    <dimen name="x1036">997.63dp</dimen>
    <dimen name="x1037">998.59dp</dimen>
    <dimen name="x1038">999.56dp</dimen>
    <dimen name="x1039">1000.52dp</dimen>
    <dimen name="x1040">1001.48dp</dimen>
    <dimen name="x1041">1002.44dp</dimen>
    <dimen name="x1042">1003.41dp</dimen>
    <dimen name="x1043">1004.37dp</dimen>
    <dimen name="x1044">1005.33dp</dimen>
    <dimen name="x1045">1006.30dp</dimen>
    <dimen name="x1046">1007.26dp</dimen>
    <dimen name="x1047">1008.22dp</dimen>
    <dimen name="x1048">1009.19dp</dimen>
    <dimen name="x1049">1010.15dp</dimen>
    <dimen name="x1050">1011.11dp</dimen>
    <dimen name="x1051">1012.07dp</dimen>
    <dimen name="x1052">1013.04dp</dimen>
    <dimen name="x1053">1014.00dp</dimen>
    <dimen name="x1054">1014.96dp</dimen>
    <dimen name="x1055">1015.93dp</dimen>
    <dimen name="x1056">1016.89dp</dimen>
    <dimen name="x1057">1017.85dp</dimen>
    <dimen name="x1058">1018.81dp</dimen>
    <dimen name="x1059">1019.78dp</dimen>
    <dimen name="x1060">1020.74dp</dimen>
    <dimen name="x1061">1021.70dp</dimen>
    <dimen name="x1062">1022.67dp</dimen>
    <dimen name="x1063">1023.63dp</dimen>
    <dimen name="x1064">1024.59dp</dimen>
    <dimen name="x1065">1025.56dp</dimen>
    <dimen name="x1066">1026.52dp</dimen>
    <dimen name="x1067">1027.48dp</dimen>
    <dimen name="x1068">1028.44dp</dimen>
    <dimen name="x1069">1029.41dp</dimen>
    <dimen name="x1070">1030.37dp</dimen>
    <dimen name="x1071">1031.33dp</dimen>
    <dimen name="x1072">1032.30dp</dimen>
    <dimen name="x1073">1033.26dp</dimen>
    <dimen name="x1074">1034.22dp</dimen>
    <dimen name="x1075">1035.19dp</dimen>
    <dimen name="x1076">1036.15dp</dimen>
    <dimen name="x1077">1037.11dp</dimen>
    <dimen name="x1078">1038.07dp</dimen>
    <dimen name="x1079">1039.04dp</dimen>
    <dimen name="x1080">1040.00dp</dimen>
</resources>