<?xml version="1.0" encoding="utf-8"?>
<resources>
    <string name="sw_dp">1150dp</string>
    <dimen name="x1">1.06dp</dimen>
    <dimen name="x2">2.13dp</dimen>
    <dimen name="x3">3.19dp</dimen>
    <dimen name="x4">4.26dp</dimen>
    <dimen name="x5">5.32dp</dimen>
    <dimen name="x6">6.39dp</dimen>
    <dimen name="x7">7.45dp</dimen>
    <dimen name="x8">8.52dp</dimen>
    <dimen name="x9">9.58dp</dimen>
    <dimen name="x10">10.65dp</dimen>
    <dimen name="x11">11.71dp</dimen>
    <dimen name="x12">12.78dp</dimen>
    <dimen name="x13">13.84dp</dimen>
    <dimen name="x14">14.91dp</dimen>
    <dimen name="x15">15.97dp</dimen>
    <dimen name="x16">17.04dp</dimen>
    <dimen name="x17">18.10dp</dimen>
    <dimen name="x18">19.17dp</dimen>
    <dimen name="x19">20.23dp</dimen>
    <dimen name="x20">21.30dp</dimen>
    <dimen name="x21">22.36dp</dimen>
    <dimen name="x22">23.43dp</dimen>
    <dimen name="x23">24.49dp</dimen>
    <dimen name="x24">25.56dp</dimen>
    <dimen name="x25">26.62dp</dimen>
    <dimen name="x26">27.69dp</dimen>
    <dimen name="x27">28.75dp</dimen>
    <dimen name="x28">29.81dp</dimen>
    <dimen name="x29">30.88dp</dimen>
    <dimen name="x30">31.94dp</dimen>
    <dimen name="x31">33.01dp</dimen>
    <dimen name="x32">34.07dp</dimen>
    <dimen name="x33">35.14dp</dimen>
    <dimen name="x34">36.20dp</dimen>
    <dimen name="x35">37.27dp</dimen>
    <dimen name="x36">38.33dp</dimen>
    <dimen name="x37">39.40dp</dimen>
    <dimen name="x38">40.46dp</dimen>
    <dimen name="x39">41.53dp</dimen>
    <dimen name="x40">42.59dp</dimen>
    <dimen name="x41">43.66dp</dimen>
    <dimen name="x42">44.72dp</dimen>
    <dimen name="x43">45.79dp</dimen>
    <dimen name="x44">46.85dp</dimen>
    <dimen name="x45">47.92dp</dimen>
    <dimen name="x46">48.98dp</dimen>
    <dimen name="x47">50.05dp</dimen>
    <dimen name="x48">51.11dp</dimen>
    <dimen name="x49">52.18dp</dimen>
    <dimen name="x50">53.24dp</dimen>
    <dimen name="x51">54.31dp</dimen>
    <dimen name="x52">55.37dp</dimen>
    <dimen name="x53">56.44dp</dimen>
    <dimen name="x54">57.50dp</dimen>
    <dimen name="x55">58.56dp</dimen>
    <dimen name="x56">59.63dp</dimen>
    <dimen name="x57">60.69dp</dimen>
    <dimen name="x58">61.76dp</dimen>
    <dimen name="x59">62.82dp</dimen>
    <dimen name="x60">63.89dp</dimen>
    <dimen name="x61">64.95dp</dimen>
    <dimen name="x62">66.02dp</dimen>
    <dimen name="x63">67.08dp</dimen>
    <dimen name="x64">68.15dp</dimen>
    <dimen name="x65">69.21dp</dimen>
    <dimen name="x66">70.28dp</dimen>
    <dimen name="x67">71.34dp</dimen>
    <dimen name="x68">72.41dp</dimen>
    <dimen name="x69">73.47dp</dimen>
    <dimen name="x70">74.54dp</dimen>
    <dimen name="x71">75.60dp</dimen>
    <dimen name="x72">76.67dp</dimen>
    <dimen name="x73">77.73dp</dimen>
    <dimen name="x74">78.80dp</dimen>
    <dimen name="x75">79.86dp</dimen>
    <dimen name="x76">80.93dp</dimen>
    <dimen name="x77">81.99dp</dimen>
    <dimen name="x78">83.06dp</dimen>
    <dimen name="x79">84.12dp</dimen>
    <dimen name="x80">85.19dp</dimen>
    <dimen name="x81">86.25dp</dimen>
    <dimen name="x82">87.31dp</dimen>
    <dimen name="x83">88.38dp</dimen>
    <dimen name="x84">89.44dp</dimen>
    <dimen name="x85">90.51dp</dimen>
    <dimen name="x86">91.57dp</dimen>
    <dimen name="x87">92.64dp</dimen>
    <dimen name="x88">93.70dp</dimen>
    <dimen name="x89">94.77dp</dimen>
    <dimen name="x90">95.83dp</dimen>
    <dimen name="x91">96.90dp</dimen>
    <dimen name="x92">97.96dp</dimen>
    <dimen name="x93">99.03dp</dimen>
    <dimen name="x94">100.09dp</dimen>
    <dimen name="x95">101.16dp</dimen>
    <dimen name="x96">102.22dp</dimen>
    <dimen name="x97">103.29dp</dimen>
    <dimen name="x98">104.35dp</dimen>
    <dimen name="x99">105.42dp</dimen>
    <dimen name="x100">106.48dp</dimen>
    <dimen name="x101">107.55dp</dimen>
    <dimen name="x102">108.61dp</dimen>
    <dimen name="x103">109.68dp</dimen>
    <dimen name="x104">110.74dp</dimen>
    <dimen name="x105">111.81dp</dimen>
    <dimen name="x106">112.87dp</dimen>
    <dimen name="x107">113.94dp</dimen>
    <dimen name="x108">115.00dp</dimen>
    <dimen name="x109">116.06dp</dimen>
    <dimen name="x110">117.13dp</dimen>
    <dimen name="x111">118.19dp</dimen>
    <dimen name="x112">119.26dp</dimen>
    <dimen name="x113">120.32dp</dimen>
    <dimen name="x114">121.39dp</dimen>
    <dimen name="x115">122.45dp</dimen>
    <dimen name="x116">123.52dp</dimen>
    <dimen name="x117">124.58dp</dimen>
    <dimen name="x118">125.65dp</dimen>
    <dimen name="x119">126.71dp</dimen>
    <dimen name="x120">127.78dp</dimen>
    <dimen name="x121">128.84dp</dimen>
    <dimen name="x122">129.91dp</dimen>
    <dimen name="x123">130.97dp</dimen>
    <dimen name="x124">132.04dp</dimen>
    <dimen name="x125">133.10dp</dimen>
    <dimen name="x126">134.17dp</dimen>
    <dimen name="x127">135.23dp</dimen>
    <dimen name="x128">136.30dp</dimen>
    <dimen name="x129">137.36dp</dimen>
    <dimen name="x130">138.43dp</dimen>
    <dimen name="x131">139.49dp</dimen>
    <dimen name="x132">140.56dp</dimen>
    <dimen name="x133">141.62dp</dimen>
    <dimen name="x134">142.69dp</dimen>
    <dimen name="x135">143.75dp</dimen>
    <dimen name="x136">144.81dp</dimen>
    <dimen name="x137">145.88dp</dimen>
    <dimen name="x138">146.94dp</dimen>
    <dimen name="x139">148.01dp</dimen>
    <dimen name="x140">149.07dp</dimen>
    <dimen name="x141">150.14dp</dimen>
    <dimen name="x142">151.20dp</dimen>
    <dimen name="x143">152.27dp</dimen>
    <dimen name="x144">153.33dp</dimen>
    <dimen name="x145">154.40dp</dimen>
    <dimen name="x146">155.46dp</dimen>
    <dimen name="x147">156.53dp</dimen>
    <dimen name="x148">157.59dp</dimen>
    <dimen name="x149">158.66dp</dimen>
    <dimen name="x150">159.72dp</dimen>
    <dimen name="x151">160.79dp</dimen>
    <dimen name="x152">161.85dp</dimen>
    <dimen name="x153">162.92dp</dimen>
    <dimen name="x154">163.98dp</dimen>
    <dimen name="x155">165.05dp</dimen>
    <dimen name="x156">166.11dp</dimen>
    <dimen name="x157">167.18dp</dimen>
    <dimen name="x158">168.24dp</dimen>
    <dimen name="x159">169.31dp</dimen>
    <dimen name="x160">170.37dp</dimen>
    <dimen name="x161">171.44dp</dimen>
    <dimen name="x162">172.50dp</dimen>
    <dimen name="x163">173.56dp</dimen>
    <dimen name="x164">174.63dp</dimen>
    <dimen name="x165">175.69dp</dimen>
    <dimen name="x166">176.76dp</dimen>
    <dimen name="x167">177.82dp</dimen>
    <dimen name="x168">178.89dp</dimen>
    <dimen name="x169">179.95dp</dimen>
    <dimen name="x170">181.02dp</dimen>
    <dimen name="x171">182.08dp</dimen>
    <dimen name="x172">183.15dp</dimen>
    <dimen name="x173">184.21dp</dimen>
    <dimen name="x174">185.28dp</dimen>
    <dimen name="x175">186.34dp</dimen>
    <dimen name="x176">187.41dp</dimen>
    <dimen name="x177">188.47dp</dimen>
    <dimen name="x178">189.54dp</dimen>
    <dimen name="x179">190.60dp</dimen>
    <dimen name="x180">191.67dp</dimen>
    <dimen name="x181">192.73dp</dimen>
    <dimen name="x182">193.80dp</dimen>
    <dimen name="x183">194.86dp</dimen>
    <dimen name="x184">195.93dp</dimen>
    <dimen name="x185">196.99dp</dimen>
    <dimen name="x186">198.06dp</dimen>
    <dimen name="x187">199.12dp</dimen>
    <dimen name="x188">200.19dp</dimen>
    <dimen name="x189">201.25dp</dimen>
    <dimen name="x190">202.31dp</dimen>
    <dimen name="x191">203.38dp</dimen>
    <dimen name="x192">204.44dp</dimen>
    <dimen name="x193">205.51dp</dimen>
    <dimen name="x194">206.57dp</dimen>
    <dimen name="x195">207.64dp</dimen>
    <dimen name="x196">208.70dp</dimen>
    <dimen name="x197">209.77dp</dimen>
    <dimen name="x198">210.83dp</dimen>
    <dimen name="x199">211.90dp</dimen>
    <dimen name="x200">212.96dp</dimen>
    <dimen name="x201">214.03dp</dimen>
    <dimen name="x202">215.09dp</dimen>
    <dimen name="x203">216.16dp</dimen>
    <dimen name="x204">217.22dp</dimen>
    <dimen name="x205">218.29dp</dimen>
    <dimen name="x206">219.35dp</dimen>
    <dimen name="x207">220.42dp</dimen>
    <dimen name="x208">221.48dp</dimen>
    <dimen name="x209">222.55dp</dimen>
    <dimen name="x210">223.61dp</dimen>
    <dimen name="x211">224.68dp</dimen>
    <dimen name="x212">225.74dp</dimen>
    <dimen name="x213">226.81dp</dimen>
    <dimen name="x214">227.87dp</dimen>
    <dimen name="x215">228.94dp</dimen>
    <dimen name="x216">230.00dp</dimen>
    <dimen name="x217">231.06dp</dimen>
    <dimen name="x218">232.13dp</dimen>
    <dimen name="x219">233.19dp</dimen>
    <dimen name="x220">234.26dp</dimen>
    <dimen name="x221">235.32dp</dimen>
    <dimen name="x222">236.39dp</dimen>
    <dimen name="x223">237.45dp</dimen>
    <dimen name="x224">238.52dp</dimen>
    <dimen name="x225">239.58dp</dimen>
    <dimen name="x226">240.65dp</dimen>
    <dimen name="x227">241.71dp</dimen>
    <dimen name="x228">242.78dp</dimen>
    <dimen name="x229">243.84dp</dimen>
    <dimen name="x230">244.91dp</dimen>
    <dimen name="x231">245.97dp</dimen>
    <dimen name="x232">247.04dp</dimen>
    <dimen name="x233">248.10dp</dimen>
    <dimen name="x234">249.17dp</dimen>
    <dimen name="x235">250.23dp</dimen>
    <dimen name="x236">251.30dp</dimen>
    <dimen name="x237">252.36dp</dimen>
    <dimen name="x238">253.43dp</dimen>
    <dimen name="x239">254.49dp</dimen>
    <dimen name="x240">255.56dp</dimen>
    <dimen name="x241">256.62dp</dimen>
    <dimen name="x242">257.69dp</dimen>
    <dimen name="x243">258.75dp</dimen>
    <dimen name="x244">259.81dp</dimen>
    <dimen name="x245">260.88dp</dimen>
    <dimen name="x246">261.94dp</dimen>
    <dimen name="x247">263.01dp</dimen>
    <dimen name="x248">264.07dp</dimen>
    <dimen name="x249">265.14dp</dimen>
    <dimen name="x250">266.20dp</dimen>
    <dimen name="x251">267.27dp</dimen>
    <dimen name="x252">268.33dp</dimen>
    <dimen name="x253">269.40dp</dimen>
    <dimen name="x254">270.46dp</dimen>
    <dimen name="x255">271.53dp</dimen>
    <dimen name="x256">272.59dp</dimen>
    <dimen name="x257">273.66dp</dimen>
    <dimen name="x258">274.72dp</dimen>
    <dimen name="x259">275.79dp</dimen>
    <dimen name="x260">276.85dp</dimen>
    <dimen name="x261">277.92dp</dimen>
    <dimen name="x262">278.98dp</dimen>
    <dimen name="x263">280.05dp</dimen>
    <dimen name="x264">281.11dp</dimen>
    <dimen name="x265">282.18dp</dimen>
    <dimen name="x266">283.24dp</dimen>
    <dimen name="x267">284.31dp</dimen>
    <dimen name="x268">285.37dp</dimen>
    <dimen name="x269">286.44dp</dimen>
    <dimen name="x270">287.50dp</dimen>
    <dimen name="x271">288.56dp</dimen>
    <dimen name="x272">289.63dp</dimen>
    <dimen name="x273">290.69dp</dimen>
    <dimen name="x274">291.76dp</dimen>
    <dimen name="x275">292.82dp</dimen>
    <dimen name="x276">293.89dp</dimen>
    <dimen name="x277">294.95dp</dimen>
    <dimen name="x278">296.02dp</dimen>
    <dimen name="x279">297.08dp</dimen>
    <dimen name="x280">298.15dp</dimen>
    <dimen name="x281">299.21dp</dimen>
    <dimen name="x282">300.28dp</dimen>
    <dimen name="x283">301.34dp</dimen>
    <dimen name="x284">302.41dp</dimen>
    <dimen name="x285">303.47dp</dimen>
    <dimen name="x286">304.54dp</dimen>
    <dimen name="x287">305.60dp</dimen>
    <dimen name="x288">306.67dp</dimen>
    <dimen name="x289">307.73dp</dimen>
    <dimen name="x290">308.80dp</dimen>
    <dimen name="x291">309.86dp</dimen>
    <dimen name="x292">310.93dp</dimen>
    <dimen name="x293">311.99dp</dimen>
    <dimen name="x294">313.06dp</dimen>
    <dimen name="x295">314.12dp</dimen>
    <dimen name="x296">315.19dp</dimen>
    <dimen name="x297">316.25dp</dimen>
    <dimen name="x298">317.31dp</dimen>
    <dimen name="x299">318.38dp</dimen>
    <dimen name="x300">319.44dp</dimen>
    <dimen name="x301">320.51dp</dimen>
    <dimen name="x302">321.57dp</dimen>
    <dimen name="x303">322.64dp</dimen>
    <dimen name="x304">323.70dp</dimen>
    <dimen name="x305">324.77dp</dimen>
    <dimen name="x306">325.83dp</dimen>
    <dimen name="x307">326.90dp</dimen>
    <dimen name="x308">327.96dp</dimen>
    <dimen name="x309">329.03dp</dimen>
    <dimen name="x310">330.09dp</dimen>
    <dimen name="x311">331.16dp</dimen>
    <dimen name="x312">332.22dp</dimen>
    <dimen name="x313">333.29dp</dimen>
    <dimen name="x314">334.35dp</dimen>
    <dimen name="x315">335.42dp</dimen>
    <dimen name="x316">336.48dp</dimen>
    <dimen name="x317">337.55dp</dimen>
    <dimen name="x318">338.61dp</dimen>
    <dimen name="x319">339.68dp</dimen>
    <dimen name="x320">340.74dp</dimen>
    <dimen name="x321">341.81dp</dimen>
    <dimen name="x322">342.87dp</dimen>
    <dimen name="x323">343.94dp</dimen>
    <dimen name="x324">345.00dp</dimen>
    <dimen name="x325">346.06dp</dimen>
    <dimen name="x326">347.13dp</dimen>
    <dimen name="x327">348.19dp</dimen>
    <dimen name="x328">349.26dp</dimen>
    <dimen name="x329">350.32dp</dimen>
    <dimen name="x330">351.39dp</dimen>
    <dimen name="x331">352.45dp</dimen>
    <dimen name="x332">353.52dp</dimen>
    <dimen name="x333">354.58dp</dimen>
    <dimen name="x334">355.65dp</dimen>
    <dimen name="x335">356.71dp</dimen>
    <dimen name="x336">357.78dp</dimen>
    <dimen name="x337">358.84dp</dimen>
    <dimen name="x338">359.91dp</dimen>
    <dimen name="x339">360.97dp</dimen>
    <dimen name="x340">362.04dp</dimen>
    <dimen name="x341">363.10dp</dimen>
    <dimen name="x342">364.17dp</dimen>
    <dimen name="x343">365.23dp</dimen>
    <dimen name="x344">366.30dp</dimen>
    <dimen name="x345">367.36dp</dimen>
    <dimen name="x346">368.43dp</dimen>
    <dimen name="x347">369.49dp</dimen>
    <dimen name="x348">370.56dp</dimen>
    <dimen name="x349">371.62dp</dimen>
    <dimen name="x350">372.69dp</dimen>
    <dimen name="x351">373.75dp</dimen>
    <dimen name="x352">374.81dp</dimen>
    <dimen name="x353">375.88dp</dimen>
    <dimen name="x354">376.94dp</dimen>
    <dimen name="x355">378.01dp</dimen>
    <dimen name="x356">379.07dp</dimen>
    <dimen name="x357">380.14dp</dimen>
    <dimen name="x358">381.20dp</dimen>
    <dimen name="x359">382.27dp</dimen>
    <dimen name="x360">383.33dp</dimen>
    <dimen name="x361">384.40dp</dimen>
    <dimen name="x362">385.46dp</dimen>
    <dimen name="x363">386.53dp</dimen>
    <dimen name="x364">387.59dp</dimen>
    <dimen name="x365">388.66dp</dimen>
    <dimen name="x366">389.72dp</dimen>
    <dimen name="x367">390.79dp</dimen>
    <dimen name="x368">391.85dp</dimen>
    <dimen name="x369">392.92dp</dimen>
    <dimen name="x370">393.98dp</dimen>
    <dimen name="x371">395.05dp</dimen>
    <dimen name="x372">396.11dp</dimen>
    <dimen name="x373">397.18dp</dimen>
    <dimen name="x374">398.24dp</dimen>
    <dimen name="x375">399.31dp</dimen>
    <dimen name="x376">400.37dp</dimen>
    <dimen name="x377">401.44dp</dimen>
    <dimen name="x378">402.50dp</dimen>
    <dimen name="x379">403.56dp</dimen>
    <dimen name="x380">404.63dp</dimen>
    <dimen name="x381">405.69dp</dimen>
    <dimen name="x382">406.76dp</dimen>
    <dimen name="x383">407.82dp</dimen>
    <dimen name="x384">408.89dp</dimen>
    <dimen name="x385">409.95dp</dimen>
    <dimen name="x386">411.02dp</dimen>
    <dimen name="x387">412.08dp</dimen>
    <dimen name="x388">413.15dp</dimen>
    <dimen name="x389">414.21dp</dimen>
    <dimen name="x390">415.28dp</dimen>
    <dimen name="x391">416.34dp</dimen>
    <dimen name="x392">417.41dp</dimen>
    <dimen name="x393">418.47dp</dimen>
    <dimen name="x394">419.54dp</dimen>
    <dimen name="x395">420.60dp</dimen>
    <dimen name="x396">421.67dp</dimen>
    <dimen name="x397">422.73dp</dimen>
    <dimen name="x398">423.80dp</dimen>
    <dimen name="x399">424.86dp</dimen>
    <dimen name="x400">425.93dp</dimen>
    <dimen name="x401">426.99dp</dimen>
    <dimen name="x402">428.06dp</dimen>
    <dimen name="x403">429.12dp</dimen>
    <dimen name="x404">430.19dp</dimen>
    <dimen name="x405">431.25dp</dimen>
    <dimen name="x406">432.31dp</dimen>
    <dimen name="x407">433.38dp</dimen>
    <dimen name="x408">434.44dp</dimen>
    <dimen name="x409">435.51dp</dimen>
    <dimen name="x410">436.57dp</dimen>
    <dimen name="x411">437.64dp</dimen>
    <dimen name="x412">438.70dp</dimen>
    <dimen name="x413">439.77dp</dimen>
    <dimen name="x414">440.83dp</dimen>
    <dimen name="x415">441.90dp</dimen>
    <dimen name="x416">442.96dp</dimen>
    <dimen name="x417">444.03dp</dimen>
    <dimen name="x418">445.09dp</dimen>
    <dimen name="x419">446.16dp</dimen>
    <dimen name="x420">447.22dp</dimen>
    <dimen name="x421">448.29dp</dimen>
    <dimen name="x422">449.35dp</dimen>
    <dimen name="x423">450.42dp</dimen>
    <dimen name="x424">451.48dp</dimen>
    <dimen name="x425">452.55dp</dimen>
    <dimen name="x426">453.61dp</dimen>
    <dimen name="x427">454.68dp</dimen>
    <dimen name="x428">455.74dp</dimen>
    <dimen name="x429">456.81dp</dimen>
    <dimen name="x430">457.87dp</dimen>
    <dimen name="x431">458.94dp</dimen>
    <dimen name="x432">460.00dp</dimen>
    <dimen name="x433">461.06dp</dimen>
    <dimen name="x434">462.13dp</dimen>
    <dimen name="x435">463.19dp</dimen>
    <dimen name="x436">464.26dp</dimen>
    <dimen name="x437">465.32dp</dimen>
    <dimen name="x438">466.39dp</dimen>
    <dimen name="x439">467.45dp</dimen>
    <dimen name="x440">468.52dp</dimen>
    <dimen name="x441">469.58dp</dimen>
    <dimen name="x442">470.65dp</dimen>
    <dimen name="x443">471.71dp</dimen>
    <dimen name="x444">472.78dp</dimen>
    <dimen name="x445">473.84dp</dimen>
    <dimen name="x446">474.91dp</dimen>
    <dimen name="x447">475.97dp</dimen>
    <dimen name="x448">477.04dp</dimen>
    <dimen name="x449">478.10dp</dimen>
    <dimen name="x450">479.17dp</dimen>
    <dimen name="x451">480.23dp</dimen>
    <dimen name="x452">481.30dp</dimen>
    <dimen name="x453">482.36dp</dimen>
    <dimen name="x454">483.43dp</dimen>
    <dimen name="x455">484.49dp</dimen>
    <dimen name="x456">485.56dp</dimen>
    <dimen name="x457">486.62dp</dimen>
    <dimen name="x458">487.69dp</dimen>
    <dimen name="x459">488.75dp</dimen>
    <dimen name="x460">489.81dp</dimen>
    <dimen name="x461">490.88dp</dimen>
    <dimen name="x462">491.94dp</dimen>
    <dimen name="x463">493.01dp</dimen>
    <dimen name="x464">494.07dp</dimen>
    <dimen name="x465">495.14dp</dimen>
    <dimen name="x466">496.20dp</dimen>
    <dimen name="x467">497.27dp</dimen>
    <dimen name="x468">498.33dp</dimen>
    <dimen name="x469">499.40dp</dimen>
    <dimen name="x470">500.46dp</dimen>
    <dimen name="x471">501.53dp</dimen>
    <dimen name="x472">502.59dp</dimen>
    <dimen name="x473">503.66dp</dimen>
    <dimen name="x474">504.72dp</dimen>
    <dimen name="x475">505.79dp</dimen>
    <dimen name="x476">506.85dp</dimen>
    <dimen name="x477">507.92dp</dimen>
    <dimen name="x478">508.98dp</dimen>
    <dimen name="x479">510.05dp</dimen>
    <dimen name="x480">511.11dp</dimen>
    <dimen name="x481">512.18dp</dimen>
    <dimen name="x482">513.24dp</dimen>
    <dimen name="x483">514.31dp</dimen>
    <dimen name="x484">515.37dp</dimen>
    <dimen name="x485">516.44dp</dimen>
    <dimen name="x486">517.50dp</dimen>
    <dimen name="x487">518.56dp</dimen>
    <dimen name="x488">519.63dp</dimen>
    <dimen name="x489">520.69dp</dimen>
    <dimen name="x490">521.76dp</dimen>
    <dimen name="x491">522.82dp</dimen>
    <dimen name="x492">523.89dp</dimen>
    <dimen name="x493">524.95dp</dimen>
    <dimen name="x494">526.02dp</dimen>
    <dimen name="x495">527.08dp</dimen>
    <dimen name="x496">528.15dp</dimen>
    <dimen name="x497">529.21dp</dimen>
    <dimen name="x498">530.28dp</dimen>
    <dimen name="x499">531.34dp</dimen>
    <dimen name="x500">532.41dp</dimen>
    <dimen name="x501">533.47dp</dimen>
    <dimen name="x502">534.54dp</dimen>
    <dimen name="x503">535.60dp</dimen>
    <dimen name="x504">536.67dp</dimen>
    <dimen name="x505">537.73dp</dimen>
    <dimen name="x506">538.80dp</dimen>
    <dimen name="x507">539.86dp</dimen>
    <dimen name="x508">540.93dp</dimen>
    <dimen name="x509">541.99dp</dimen>
    <dimen name="x510">543.06dp</dimen>
    <dimen name="x511">544.12dp</dimen>
    <dimen name="x512">545.19dp</dimen>
    <dimen name="x513">546.25dp</dimen>
    <dimen name="x514">547.31dp</dimen>
    <dimen name="x515">548.38dp</dimen>
    <dimen name="x516">549.44dp</dimen>
    <dimen name="x517">550.51dp</dimen>
    <dimen name="x518">551.57dp</dimen>
    <dimen name="x519">552.64dp</dimen>
    <dimen name="x520">553.70dp</dimen>
    <dimen name="x521">554.77dp</dimen>
    <dimen name="x522">555.83dp</dimen>
    <dimen name="x523">556.90dp</dimen>
    <dimen name="x524">557.96dp</dimen>
    <dimen name="x525">559.03dp</dimen>
    <dimen name="x526">560.09dp</dimen>
    <dimen name="x527">561.16dp</dimen>
    <dimen name="x528">562.22dp</dimen>
    <dimen name="x529">563.29dp</dimen>
    <dimen name="x530">564.35dp</dimen>
    <dimen name="x531">565.42dp</dimen>
    <dimen name="x532">566.48dp</dimen>
    <dimen name="x533">567.55dp</dimen>
    <dimen name="x534">568.61dp</dimen>
    <dimen name="x535">569.68dp</dimen>
    <dimen name="x536">570.74dp</dimen>
    <dimen name="x537">571.81dp</dimen>
    <dimen name="x538">572.87dp</dimen>
    <dimen name="x539">573.94dp</dimen>
    <dimen name="x540">575.00dp</dimen>
    <dimen name="x541">576.06dp</dimen>
    <dimen name="x542">577.13dp</dimen>
    <dimen name="x543">578.19dp</dimen>
    <dimen name="x544">579.26dp</dimen>
    <dimen name="x545">580.32dp</dimen>
    <dimen name="x546">581.39dp</dimen>
    <dimen name="x547">582.45dp</dimen>
    <dimen name="x548">583.52dp</dimen>
    <dimen name="x549">584.58dp</dimen>
    <dimen name="x550">585.65dp</dimen>
    <dimen name="x551">586.71dp</dimen>
    <dimen name="x552">587.78dp</dimen>
    <dimen name="x553">588.84dp</dimen>
    <dimen name="x554">589.91dp</dimen>
    <dimen name="x555">590.97dp</dimen>
    <dimen name="x556">592.04dp</dimen>
    <dimen name="x557">593.10dp</dimen>
    <dimen name="x558">594.17dp</dimen>
    <dimen name="x559">595.23dp</dimen>
    <dimen name="x560">596.30dp</dimen>
    <dimen name="x561">597.36dp</dimen>
    <dimen name="x562">598.43dp</dimen>
    <dimen name="x563">599.49dp</dimen>
    <dimen name="x564">600.56dp</dimen>
    <dimen name="x565">601.62dp</dimen>
    <dimen name="x566">602.69dp</dimen>
    <dimen name="x567">603.75dp</dimen>
    <dimen name="x568">604.81dp</dimen>
    <dimen name="x569">605.88dp</dimen>
    <dimen name="x570">606.94dp</dimen>
    <dimen name="x571">608.01dp</dimen>
    <dimen name="x572">609.07dp</dimen>
    <dimen name="x573">610.14dp</dimen>
    <dimen name="x574">611.20dp</dimen>
    <dimen name="x575">612.27dp</dimen>
    <dimen name="x576">613.33dp</dimen>
    <dimen name="x577">614.40dp</dimen>
    <dimen name="x578">615.46dp</dimen>
    <dimen name="x579">616.53dp</dimen>
    <dimen name="x580">617.59dp</dimen>
    <dimen name="x581">618.66dp</dimen>
    <dimen name="x582">619.72dp</dimen>
    <dimen name="x583">620.79dp</dimen>
    <dimen name="x584">621.85dp</dimen>
    <dimen name="x585">622.92dp</dimen>
    <dimen name="x586">623.98dp</dimen>
    <dimen name="x587">625.05dp</dimen>
    <dimen name="x588">626.11dp</dimen>
    <dimen name="x589">627.18dp</dimen>
    <dimen name="x590">628.24dp</dimen>
    <dimen name="x591">629.31dp</dimen>
    <dimen name="x592">630.37dp</dimen>
    <dimen name="x593">631.44dp</dimen>
    <dimen name="x594">632.50dp</dimen>
    <dimen name="x595">633.56dp</dimen>
    <dimen name="x596">634.63dp</dimen>
    <dimen name="x597">635.69dp</dimen>
    <dimen name="x598">636.76dp</dimen>
    <dimen name="x599">637.82dp</dimen>
    <dimen name="x600">638.89dp</dimen>
    <dimen name="x601">639.95dp</dimen>
    <dimen name="x602">641.02dp</dimen>
    <dimen name="x603">642.08dp</dimen>
    <dimen name="x604">643.15dp</dimen>
    <dimen name="x605">644.21dp</dimen>
    <dimen name="x606">645.28dp</dimen>
    <dimen name="x607">646.34dp</dimen>
    <dimen name="x608">647.41dp</dimen>
    <dimen name="x609">648.47dp</dimen>
    <dimen name="x610">649.54dp</dimen>
    <dimen name="x611">650.60dp</dimen>
    <dimen name="x612">651.67dp</dimen>
    <dimen name="x613">652.73dp</dimen>
    <dimen name="x614">653.80dp</dimen>
    <dimen name="x615">654.86dp</dimen>
    <dimen name="x616">655.93dp</dimen>
    <dimen name="x617">656.99dp</dimen>
    <dimen name="x618">658.06dp</dimen>
    <dimen name="x619">659.12dp</dimen>
    <dimen name="x620">660.19dp</dimen>
    <dimen name="x621">661.25dp</dimen>
    <dimen name="x622">662.31dp</dimen>
    <dimen name="x623">663.38dp</dimen>
    <dimen name="x624">664.44dp</dimen>
    <dimen name="x625">665.51dp</dimen>
    <dimen name="x626">666.57dp</dimen>
    <dimen name="x627">667.64dp</dimen>
    <dimen name="x628">668.70dp</dimen>
    <dimen name="x629">669.77dp</dimen>
    <dimen name="x630">670.83dp</dimen>
    <dimen name="x631">671.90dp</dimen>
    <dimen name="x632">672.96dp</dimen>
    <dimen name="x633">674.03dp</dimen>
    <dimen name="x634">675.09dp</dimen>
    <dimen name="x635">676.16dp</dimen>
    <dimen name="x636">677.22dp</dimen>
    <dimen name="x637">678.29dp</dimen>
    <dimen name="x638">679.35dp</dimen>
    <dimen name="x639">680.42dp</dimen>
    <dimen name="x640">681.48dp</dimen>
    <dimen name="x641">682.55dp</dimen>
    <dimen name="x642">683.61dp</dimen>
    <dimen name="x643">684.68dp</dimen>
    <dimen name="x644">685.74dp</dimen>
    <dimen name="x645">686.81dp</dimen>
    <dimen name="x646">687.87dp</dimen>
    <dimen name="x647">688.94dp</dimen>
    <dimen name="x648">690.00dp</dimen>
    <dimen name="x649">691.06dp</dimen>
    <dimen name="x650">692.13dp</dimen>
    <dimen name="x651">693.19dp</dimen>
    <dimen name="x652">694.26dp</dimen>
    <dimen name="x653">695.32dp</dimen>
    <dimen name="x654">696.39dp</dimen>
    <dimen name="x655">697.45dp</dimen>
    <dimen name="x656">698.52dp</dimen>
    <dimen name="x657">699.58dp</dimen>
    <dimen name="x658">700.65dp</dimen>
    <dimen name="x659">701.71dp</dimen>
    <dimen name="x660">702.78dp</dimen>
    <dimen name="x661">703.84dp</dimen>
    <dimen name="x662">704.91dp</dimen>
    <dimen name="x663">705.97dp</dimen>
    <dimen name="x664">707.04dp</dimen>
    <dimen name="x665">708.10dp</dimen>
    <dimen name="x666">709.17dp</dimen>
    <dimen name="x667">710.23dp</dimen>
    <dimen name="x668">711.30dp</dimen>
    <dimen name="x669">712.36dp</dimen>
    <dimen name="x670">713.43dp</dimen>
    <dimen name="x671">714.49dp</dimen>
    <dimen name="x672">715.56dp</dimen>
    <dimen name="x673">716.62dp</dimen>
    <dimen name="x674">717.69dp</dimen>
    <dimen name="x675">718.75dp</dimen>
    <dimen name="x676">719.81dp</dimen>
    <dimen name="x677">720.88dp</dimen>
    <dimen name="x678">721.94dp</dimen>
    <dimen name="x679">723.01dp</dimen>
    <dimen name="x680">724.07dp</dimen>
    <dimen name="x681">725.14dp</dimen>
    <dimen name="x682">726.20dp</dimen>
    <dimen name="x683">727.27dp</dimen>
    <dimen name="x684">728.33dp</dimen>
    <dimen name="x685">729.40dp</dimen>
    <dimen name="x686">730.46dp</dimen>
    <dimen name="x687">731.53dp</dimen>
    <dimen name="x688">732.59dp</dimen>
    <dimen name="x689">733.66dp</dimen>
    <dimen name="x690">734.72dp</dimen>
    <dimen name="x691">735.79dp</dimen>
    <dimen name="x692">736.85dp</dimen>
    <dimen name="x693">737.92dp</dimen>
    <dimen name="x694">738.98dp</dimen>
    <dimen name="x695">740.05dp</dimen>
    <dimen name="x696">741.11dp</dimen>
    <dimen name="x697">742.18dp</dimen>
    <dimen name="x698">743.24dp</dimen>
    <dimen name="x699">744.31dp</dimen>
    <dimen name="x700">745.37dp</dimen>
    <dimen name="x701">746.44dp</dimen>
    <dimen name="x702">747.50dp</dimen>
    <dimen name="x703">748.56dp</dimen>
    <dimen name="x704">749.63dp</dimen>
    <dimen name="x705">750.69dp</dimen>
    <dimen name="x706">751.76dp</dimen>
    <dimen name="x707">752.82dp</dimen>
    <dimen name="x708">753.89dp</dimen>
    <dimen name="x709">754.95dp</dimen>
    <dimen name="x710">756.02dp</dimen>
    <dimen name="x711">757.08dp</dimen>
    <dimen name="x712">758.15dp</dimen>
    <dimen name="x713">759.21dp</dimen>
    <dimen name="x714">760.28dp</dimen>
    <dimen name="x715">761.34dp</dimen>
    <dimen name="x716">762.41dp</dimen>
    <dimen name="x717">763.47dp</dimen>
    <dimen name="x718">764.54dp</dimen>
    <dimen name="x719">765.60dp</dimen>
    <dimen name="x720">766.67dp</dimen>
    <dimen name="x721">767.73dp</dimen>
    <dimen name="x722">768.80dp</dimen>
    <dimen name="x723">769.86dp</dimen>
    <dimen name="x724">770.93dp</dimen>
    <dimen name="x725">771.99dp</dimen>
    <dimen name="x726">773.06dp</dimen>
    <dimen name="x727">774.12dp</dimen>
    <dimen name="x728">775.19dp</dimen>
    <dimen name="x729">776.25dp</dimen>
    <dimen name="x730">777.31dp</dimen>
    <dimen name="x731">778.38dp</dimen>
    <dimen name="x732">779.44dp</dimen>
    <dimen name="x733">780.51dp</dimen>
    <dimen name="x734">781.57dp</dimen>
    <dimen name="x735">782.64dp</dimen>
    <dimen name="x736">783.70dp</dimen>
    <dimen name="x737">784.77dp</dimen>
    <dimen name="x738">785.83dp</dimen>
    <dimen name="x739">786.90dp</dimen>
    <dimen name="x740">787.96dp</dimen>
    <dimen name="x741">789.03dp</dimen>
    <dimen name="x742">790.09dp</dimen>
    <dimen name="x743">791.16dp</dimen>
    <dimen name="x744">792.22dp</dimen>
    <dimen name="x745">793.29dp</dimen>
    <dimen name="x746">794.35dp</dimen>
    <dimen name="x747">795.42dp</dimen>
    <dimen name="x748">796.48dp</dimen>
    <dimen name="x749">797.55dp</dimen>
    <dimen name="x750">798.61dp</dimen>
    <dimen name="x751">799.68dp</dimen>
    <dimen name="x752">800.74dp</dimen>
    <dimen name="x753">801.81dp</dimen>
    <dimen name="x754">802.87dp</dimen>
    <dimen name="x755">803.94dp</dimen>
    <dimen name="x756">805.00dp</dimen>
    <dimen name="x757">806.06dp</dimen>
    <dimen name="x758">807.13dp</dimen>
    <dimen name="x759">808.19dp</dimen>
    <dimen name="x760">809.26dp</dimen>
    <dimen name="x761">810.32dp</dimen>
    <dimen name="x762">811.39dp</dimen>
    <dimen name="x763">812.45dp</dimen>
    <dimen name="x764">813.52dp</dimen>
    <dimen name="x765">814.58dp</dimen>
    <dimen name="x766">815.65dp</dimen>
    <dimen name="x767">816.71dp</dimen>
    <dimen name="x768">817.78dp</dimen>
    <dimen name="x769">818.84dp</dimen>
    <dimen name="x770">819.91dp</dimen>
    <dimen name="x771">820.97dp</dimen>
    <dimen name="x772">822.04dp</dimen>
    <dimen name="x773">823.10dp</dimen>
    <dimen name="x774">824.17dp</dimen>
    <dimen name="x775">825.23dp</dimen>
    <dimen name="x776">826.30dp</dimen>
    <dimen name="x777">827.36dp</dimen>
    <dimen name="x778">828.43dp</dimen>
    <dimen name="x779">829.49dp</dimen>
    <dimen name="x780">830.56dp</dimen>
    <dimen name="x781">831.62dp</dimen>
    <dimen name="x782">832.69dp</dimen>
    <dimen name="x783">833.75dp</dimen>
    <dimen name="x784">834.81dp</dimen>
    <dimen name="x785">835.88dp</dimen>
    <dimen name="x786">836.94dp</dimen>
    <dimen name="x787">838.01dp</dimen>
    <dimen name="x788">839.07dp</dimen>
    <dimen name="x789">840.14dp</dimen>
    <dimen name="x790">841.20dp</dimen>
    <dimen name="x791">842.27dp</dimen>
    <dimen name="x792">843.33dp</dimen>
    <dimen name="x793">844.40dp</dimen>
    <dimen name="x794">845.46dp</dimen>
    <dimen name="x795">846.53dp</dimen>
    <dimen name="x796">847.59dp</dimen>
    <dimen name="x797">848.66dp</dimen>
    <dimen name="x798">849.72dp</dimen>
    <dimen name="x799">850.79dp</dimen>
    <dimen name="x800">851.85dp</dimen>
    <dimen name="x801">852.92dp</dimen>
    <dimen name="x802">853.98dp</dimen>
    <dimen name="x803">855.05dp</dimen>
    <dimen name="x804">856.11dp</dimen>
    <dimen name="x805">857.18dp</dimen>
    <dimen name="x806">858.24dp</dimen>
    <dimen name="x807">859.31dp</dimen>
    <dimen name="x808">860.37dp</dimen>
    <dimen name="x809">861.44dp</dimen>
    <dimen name="x810">862.50dp</dimen>
    <dimen name="x811">863.56dp</dimen>
    <dimen name="x812">864.63dp</dimen>
    <dimen name="x813">865.69dp</dimen>
    <dimen name="x814">866.76dp</dimen>
    <dimen name="x815">867.82dp</dimen>
    <dimen name="x816">868.89dp</dimen>
    <dimen name="x817">869.95dp</dimen>
    <dimen name="x818">871.02dp</dimen>
    <dimen name="x819">872.08dp</dimen>
    <dimen name="x820">873.15dp</dimen>
    <dimen name="x821">874.21dp</dimen>
    <dimen name="x822">875.28dp</dimen>
    <dimen name="x823">876.34dp</dimen>
    <dimen name="x824">877.41dp</dimen>
    <dimen name="x825">878.47dp</dimen>
    <dimen name="x826">879.54dp</dimen>
    <dimen name="x827">880.60dp</dimen>
    <dimen name="x828">881.67dp</dimen>
    <dimen name="x829">882.73dp</dimen>
    <dimen name="x830">883.80dp</dimen>
    <dimen name="x831">884.86dp</dimen>
    <dimen name="x832">885.93dp</dimen>
    <dimen name="x833">886.99dp</dimen>
    <dimen name="x834">888.06dp</dimen>
    <dimen name="x835">889.12dp</dimen>
    <dimen name="x836">890.19dp</dimen>
    <dimen name="x837">891.25dp</dimen>
    <dimen name="x838">892.31dp</dimen>
    <dimen name="x839">893.38dp</dimen>
    <dimen name="x840">894.44dp</dimen>
    <dimen name="x841">895.51dp</dimen>
    <dimen name="x842">896.57dp</dimen>
    <dimen name="x843">897.64dp</dimen>
    <dimen name="x844">898.70dp</dimen>
    <dimen name="x845">899.77dp</dimen>
    <dimen name="x846">900.83dp</dimen>
    <dimen name="x847">901.90dp</dimen>
    <dimen name="x848">902.96dp</dimen>
    <dimen name="x849">904.03dp</dimen>
    <dimen name="x850">905.09dp</dimen>
    <dimen name="x851">906.16dp</dimen>
    <dimen name="x852">907.22dp</dimen>
    <dimen name="x853">908.29dp</dimen>
    <dimen name="x854">909.35dp</dimen>
    <dimen name="x855">910.42dp</dimen>
    <dimen name="x856">911.48dp</dimen>
    <dimen name="x857">912.55dp</dimen>
    <dimen name="x858">913.61dp</dimen>
    <dimen name="x859">914.68dp</dimen>
    <dimen name="x860">915.74dp</dimen>
    <dimen name="x861">916.81dp</dimen>
    <dimen name="x862">917.87dp</dimen>
    <dimen name="x863">918.94dp</dimen>
    <dimen name="x864">920.00dp</dimen>
    <dimen name="x865">921.06dp</dimen>
    <dimen name="x866">922.13dp</dimen>
    <dimen name="x867">923.19dp</dimen>
    <dimen name="x868">924.26dp</dimen>
    <dimen name="x869">925.32dp</dimen>
    <dimen name="x870">926.39dp</dimen>
    <dimen name="x871">927.45dp</dimen>
    <dimen name="x872">928.52dp</dimen>
    <dimen name="x873">929.58dp</dimen>
    <dimen name="x874">930.65dp</dimen>
    <dimen name="x875">931.71dp</dimen>
    <dimen name="x876">932.78dp</dimen>
    <dimen name="x877">933.84dp</dimen>
    <dimen name="x878">934.91dp</dimen>
    <dimen name="x879">935.97dp</dimen>
    <dimen name="x880">937.04dp</dimen>
    <dimen name="x881">938.10dp</dimen>
    <dimen name="x882">939.17dp</dimen>
    <dimen name="x883">940.23dp</dimen>
    <dimen name="x884">941.30dp</dimen>
    <dimen name="x885">942.36dp</dimen>
    <dimen name="x886">943.43dp</dimen>
    <dimen name="x887">944.49dp</dimen>
    <dimen name="x888">945.56dp</dimen>
    <dimen name="x889">946.62dp</dimen>
    <dimen name="x890">947.69dp</dimen>
    <dimen name="x891">948.75dp</dimen>
    <dimen name="x892">949.81dp</dimen>
    <dimen name="x893">950.88dp</dimen>
    <dimen name="x894">951.94dp</dimen>
    <dimen name="x895">953.01dp</dimen>
    <dimen name="x896">954.07dp</dimen>
    <dimen name="x897">955.14dp</dimen>
    <dimen name="x898">956.20dp</dimen>
    <dimen name="x899">957.27dp</dimen>
    <dimen name="x900">958.33dp</dimen>
    <dimen name="x901">959.40dp</dimen>
    <dimen name="x902">960.46dp</dimen>
    <dimen name="x903">961.53dp</dimen>
    <dimen name="x904">962.59dp</dimen>
    <dimen name="x905">963.66dp</dimen>
    <dimen name="x906">964.72dp</dimen>
    <dimen name="x907">965.79dp</dimen>
    <dimen name="x908">966.85dp</dimen>
    <dimen name="x909">967.92dp</dimen>
    <dimen name="x910">968.98dp</dimen>
    <dimen name="x911">970.05dp</dimen>
    <dimen name="x912">971.11dp</dimen>
    <dimen name="x913">972.18dp</dimen>
    <dimen name="x914">973.24dp</dimen>
    <dimen name="x915">974.31dp</dimen>
    <dimen name="x916">975.37dp</dimen>
    <dimen name="x917">976.44dp</dimen>
    <dimen name="x918">977.50dp</dimen>
    <dimen name="x919">978.56dp</dimen>
    <dimen name="x920">979.63dp</dimen>
    <dimen name="x921">980.69dp</dimen>
    <dimen name="x922">981.76dp</dimen>
    <dimen name="x923">982.82dp</dimen>
    <dimen name="x924">983.89dp</dimen>
    <dimen name="x925">984.95dp</dimen>
    <dimen name="x926">986.02dp</dimen>
    <dimen name="x927">987.08dp</dimen>
    <dimen name="x928">988.15dp</dimen>
    <dimen name="x929">989.21dp</dimen>
    <dimen name="x930">990.28dp</dimen>
    <dimen name="x931">991.34dp</dimen>
    <dimen name="x932">992.41dp</dimen>
    <dimen name="x933">993.47dp</dimen>
    <dimen name="x934">994.54dp</dimen>
    <dimen name="x935">995.60dp</dimen>
    <dimen name="x936">996.67dp</dimen>
    <dimen name="x937">997.73dp</dimen>
    <dimen name="x938">998.80dp</dimen>
    <dimen name="x939">999.86dp</dimen>
    <dimen name="x940">1000.93dp</dimen>
    <dimen name="x941">1001.99dp</dimen>
    <dimen name="x942">1003.06dp</dimen>
    <dimen name="x943">1004.12dp</dimen>
    <dimen name="x944">1005.19dp</dimen>
    <dimen name="x945">1006.25dp</dimen>
    <dimen name="x946">1007.31dp</dimen>
    <dimen name="x947">1008.38dp</dimen>
    <dimen name="x948">1009.44dp</dimen>
    <dimen name="x949">1010.51dp</dimen>
    <dimen name="x950">1011.57dp</dimen>
    <dimen name="x951">1012.64dp</dimen>
    <dimen name="x952">1013.70dp</dimen>
    <dimen name="x953">1014.77dp</dimen>
    <dimen name="x954">1015.83dp</dimen>
    <dimen name="x955">1016.90dp</dimen>
    <dimen name="x956">1017.96dp</dimen>
    <dimen name="x957">1019.03dp</dimen>
    <dimen name="x958">1020.09dp</dimen>
    <dimen name="x959">1021.16dp</dimen>
    <dimen name="x960">1022.22dp</dimen>
    <dimen name="x961">1023.29dp</dimen>
    <dimen name="x962">1024.35dp</dimen>
    <dimen name="x963">1025.42dp</dimen>
    <dimen name="x964">1026.48dp</dimen>
    <dimen name="x965">1027.55dp</dimen>
    <dimen name="x966">1028.61dp</dimen>
    <dimen name="x967">1029.68dp</dimen>
    <dimen name="x968">1030.74dp</dimen>
    <dimen name="x969">1031.81dp</dimen>
    <dimen name="x970">1032.87dp</dimen>
    <dimen name="x971">1033.94dp</dimen>
    <dimen name="x972">1035.00dp</dimen>
    <dimen name="x973">1036.06dp</dimen>
    <dimen name="x974">1037.13dp</dimen>
    <dimen name="x975">1038.19dp</dimen>
    <dimen name="x976">1039.26dp</dimen>
    <dimen name="x977">1040.32dp</dimen>
    <dimen name="x978">1041.39dp</dimen>
    <dimen name="x979">1042.45dp</dimen>
    <dimen name="x980">1043.52dp</dimen>
    <dimen name="x981">1044.58dp</dimen>
    <dimen name="x982">1045.65dp</dimen>
    <dimen name="x983">1046.71dp</dimen>
    <dimen name="x984">1047.78dp</dimen>
    <dimen name="x985">1048.84dp</dimen>
    <dimen name="x986">1049.91dp</dimen>
    <dimen name="x987">1050.97dp</dimen>
    <dimen name="x988">1052.04dp</dimen>
    <dimen name="x989">1053.10dp</dimen>
    <dimen name="x990">1054.17dp</dimen>
    <dimen name="x991">1055.23dp</dimen>
    <dimen name="x992">1056.30dp</dimen>
    <dimen name="x993">1057.36dp</dimen>
    <dimen name="x994">1058.43dp</dimen>
    <dimen name="x995">1059.49dp</dimen>
    <dimen name="x996">1060.56dp</dimen>
    <dimen name="x997">1061.62dp</dimen>
    <dimen name="x998">1062.69dp</dimen>
    <dimen name="x999">1063.75dp</dimen>
    <dimen name="x1000">1064.81dp</dimen>
    <dimen name="x1001">1065.88dp</dimen>
    <dimen name="x1002">1066.94dp</dimen>
    <dimen name="x1003">1068.01dp</dimen>
    <dimen name="x1004">1069.07dp</dimen>
    <dimen name="x1005">1070.14dp</dimen>
    <dimen name="x1006">1071.20dp</dimen>
    <dimen name="x1007">1072.27dp</dimen>
    <dimen name="x1008">1073.33dp</dimen>
    <dimen name="x1009">1074.40dp</dimen>
    <dimen name="x1010">1075.46dp</dimen>
    <dimen name="x1011">1076.53dp</dimen>
    <dimen name="x1012">1077.59dp</dimen>
    <dimen name="x1013">1078.66dp</dimen>
    <dimen name="x1014">1079.72dp</dimen>
    <dimen name="x1015">1080.79dp</dimen>
    <dimen name="x1016">1081.85dp</dimen>
    <dimen name="x1017">1082.92dp</dimen>
    <dimen name="x1018">1083.98dp</dimen>
    <dimen name="x1019">1085.05dp</dimen>
    <dimen name="x1020">1086.11dp</dimen>
    <dimen name="x1021">1087.18dp</dimen>
    <dimen name="x1022">1088.24dp</dimen>
    <dimen name="x1023">1089.31dp</dimen>
    <dimen name="x1024">1090.37dp</dimen>
    <dimen name="x1025">1091.44dp</dimen>
    <dimen name="x1026">1092.50dp</dimen>
    <dimen name="x1027">1093.56dp</dimen>
    <dimen name="x1028">1094.63dp</dimen>
    <dimen name="x1029">1095.69dp</dimen>
    <dimen name="x1030">1096.76dp</dimen>
    <dimen name="x1031">1097.82dp</dimen>
    <dimen name="x1032">1098.89dp</dimen>
    <dimen name="x1033">1099.95dp</dimen>
    <dimen name="x1034">1101.02dp</dimen>
    <dimen name="x1035">1102.08dp</dimen>
    <dimen name="x1036">1103.15dp</dimen>
    <dimen name="x1037">1104.21dp</dimen>
    <dimen name="x1038">1105.28dp</dimen>
    <dimen name="x1039">1106.34dp</dimen>
    <dimen name="x1040">1107.41dp</dimen>
    <dimen name="x1041">1108.47dp</dimen>
    <dimen name="x1042">1109.54dp</dimen>
    <dimen name="x1043">1110.60dp</dimen>
    <dimen name="x1044">1111.67dp</dimen>
    <dimen name="x1045">1112.73dp</dimen>
    <dimen name="x1046">1113.80dp</dimen>
    <dimen name="x1047">1114.86dp</dimen>
    <dimen name="x1048">1115.93dp</dimen>
    <dimen name="x1049">1116.99dp</dimen>
    <dimen name="x1050">1118.06dp</dimen>
    <dimen name="x1051">1119.12dp</dimen>
    <dimen name="x1052">1120.19dp</dimen>
    <dimen name="x1053">1121.25dp</dimen>
    <dimen name="x1054">1122.31dp</dimen>
    <dimen name="x1055">1123.38dp</dimen>
    <dimen name="x1056">1124.44dp</dimen>
    <dimen name="x1057">1125.51dp</dimen>
    <dimen name="x1058">1126.57dp</dimen>
    <dimen name="x1059">1127.64dp</dimen>
    <dimen name="x1060">1128.70dp</dimen>
    <dimen name="x1061">1129.77dp</dimen>
    <dimen name="x1062">1130.83dp</dimen>
    <dimen name="x1063">1131.90dp</dimen>
    <dimen name="x1064">1132.96dp</dimen>
    <dimen name="x1065">1134.03dp</dimen>
    <dimen name="x1066">1135.09dp</dimen>
    <dimen name="x1067">1136.16dp</dimen>
    <dimen name="x1068">1137.22dp</dimen>
    <dimen name="x1069">1138.29dp</dimen>
    <dimen name="x1070">1139.35dp</dimen>
    <dimen name="x1071">1140.42dp</dimen>
    <dimen name="x1072">1141.48dp</dimen>
    <dimen name="x1073">1142.55dp</dimen>
    <dimen name="x1074">1143.61dp</dimen>
    <dimen name="x1075">1144.68dp</dimen>
    <dimen name="x1076">1145.74dp</dimen>
    <dimen name="x1077">1146.81dp</dimen>
    <dimen name="x1078">1147.87dp</dimen>
    <dimen name="x1079">1148.94dp</dimen>
    <dimen name="x1080">1150.00dp</dimen>
</resources>