<?xml version="1.0" encoding="utf-8"?>
<resources>
    <string name="sw_dp">580dp</string>
    <dimen name="x1">0.54dp</dimen>
    <dimen name="x2">1.07dp</dimen>
    <dimen name="x3">1.61dp</dimen>
    <dimen name="x4">2.15dp</dimen>
    <dimen name="x5">2.69dp</dimen>
    <dimen name="x6">3.22dp</dimen>
    <dimen name="x7">3.76dp</dimen>
    <dimen name="x8">4.30dp</dimen>
    <dimen name="x9">4.83dp</dimen>
    <dimen name="x10">5.37dp</dimen>
    <dimen name="x11">5.91dp</dimen>
    <dimen name="x12">6.44dp</dimen>
    <dimen name="x13">6.98dp</dimen>
    <dimen name="x14">7.52dp</dimen>
    <dimen name="x15">8.06dp</dimen>
    <dimen name="x16">8.59dp</dimen>
    <dimen name="x17">9.13dp</dimen>
    <dimen name="x18">9.67dp</dimen>
    <dimen name="x19">10.20dp</dimen>
    <dimen name="x20">10.74dp</dimen>
    <dimen name="x21">11.28dp</dimen>
    <dimen name="x22">11.81dp</dimen>
    <dimen name="x23">12.35dp</dimen>
    <dimen name="x24">12.89dp</dimen>
    <dimen name="x25">13.43dp</dimen>
    <dimen name="x26">13.96dp</dimen>
    <dimen name="x27">14.50dp</dimen>
    <dimen name="x28">15.04dp</dimen>
    <dimen name="x29">15.57dp</dimen>
    <dimen name="x30">16.11dp</dimen>
    <dimen name="x31">16.65dp</dimen>
    <dimen name="x32">17.19dp</dimen>
    <dimen name="x33">17.72dp</dimen>
    <dimen name="x34">18.26dp</dimen>
    <dimen name="x35">18.80dp</dimen>
    <dimen name="x36">19.33dp</dimen>
    <dimen name="x37">19.87dp</dimen>
    <dimen name="x38">20.41dp</dimen>
    <dimen name="x39">20.94dp</dimen>
    <dimen name="x40">21.48dp</dimen>
    <dimen name="x41">22.02dp</dimen>
    <dimen name="x42">22.56dp</dimen>
    <dimen name="x43">23.09dp</dimen>
    <dimen name="x44">23.63dp</dimen>
    <dimen name="x45">24.17dp</dimen>
    <dimen name="x46">24.70dp</dimen>
    <dimen name="x47">25.24dp</dimen>
    <dimen name="x48">25.78dp</dimen>
    <dimen name="x49">26.31dp</dimen>
    <dimen name="x50">26.85dp</dimen>
    <dimen name="x51">27.39dp</dimen>
    <dimen name="x52">27.93dp</dimen>
    <dimen name="x53">28.46dp</dimen>
    <dimen name="x54">29.00dp</dimen>
    <dimen name="x55">29.54dp</dimen>
    <dimen name="x56">30.07dp</dimen>
    <dimen name="x57">30.61dp</dimen>
    <dimen name="x58">31.15dp</dimen>
    <dimen name="x59">31.69dp</dimen>
    <dimen name="x60">32.22dp</dimen>
    <dimen name="x61">32.76dp</dimen>
    <dimen name="x62">33.30dp</dimen>
    <dimen name="x63">33.83dp</dimen>
    <dimen name="x64">34.37dp</dimen>
    <dimen name="x65">34.91dp</dimen>
    <dimen name="x66">35.44dp</dimen>
    <dimen name="x67">35.98dp</dimen>
    <dimen name="x68">36.52dp</dimen>
    <dimen name="x69">37.06dp</dimen>
    <dimen name="x70">37.59dp</dimen>
    <dimen name="x71">38.13dp</dimen>
    <dimen name="x72">38.67dp</dimen>
    <dimen name="x73">39.20dp</dimen>
    <dimen name="x74">39.74dp</dimen>
    <dimen name="x75">40.28dp</dimen>
    <dimen name="x76">40.81dp</dimen>
    <dimen name="x77">41.35dp</dimen>
    <dimen name="x78">41.89dp</dimen>
    <dimen name="x79">42.43dp</dimen>
    <dimen name="x80">42.96dp</dimen>
    <dimen name="x81">43.50dp</dimen>
    <dimen name="x82">44.04dp</dimen>
    <dimen name="x83">44.57dp</dimen>
    <dimen name="x84">45.11dp</dimen>
    <dimen name="x85">45.65dp</dimen>
    <dimen name="x86">46.19dp</dimen>
    <dimen name="x87">46.72dp</dimen>
    <dimen name="x88">47.26dp</dimen>
    <dimen name="x89">47.80dp</dimen>
    <dimen name="x90">48.33dp</dimen>
    <dimen name="x91">48.87dp</dimen>
    <dimen name="x92">49.41dp</dimen>
    <dimen name="x93">49.94dp</dimen>
    <dimen name="x94">50.48dp</dimen>
    <dimen name="x95">51.02dp</dimen>
    <dimen name="x96">51.56dp</dimen>
    <dimen name="x97">52.09dp</dimen>
    <dimen name="x98">52.63dp</dimen>
    <dimen name="x99">53.17dp</dimen>
    <dimen name="x100">53.70dp</dimen>
    <dimen name="x101">54.24dp</dimen>
    <dimen name="x102">54.78dp</dimen>
    <dimen name="x103">55.31dp</dimen>
    <dimen name="x104">55.85dp</dimen>
    <dimen name="x105">56.39dp</dimen>
    <dimen name="x106">56.93dp</dimen>
    <dimen name="x107">57.46dp</dimen>
    <dimen name="x108">58.00dp</dimen>
    <dimen name="x109">58.54dp</dimen>
    <dimen name="x110">59.07dp</dimen>
    <dimen name="x111">59.61dp</dimen>
    <dimen name="x112">60.15dp</dimen>
    <dimen name="x113">60.69dp</dimen>
    <dimen name="x114">61.22dp</dimen>
    <dimen name="x115">61.76dp</dimen>
    <dimen name="x116">62.30dp</dimen>
    <dimen name="x117">62.83dp</dimen>
    <dimen name="x118">63.37dp</dimen>
    <dimen name="x119">63.91dp</dimen>
    <dimen name="x120">64.44dp</dimen>
    <dimen name="x121">64.98dp</dimen>
    <dimen name="x122">65.52dp</dimen>
    <dimen name="x123">66.06dp</dimen>
    <dimen name="x124">66.59dp</dimen>
    <dimen name="x125">67.13dp</dimen>
    <dimen name="x126">67.67dp</dimen>
    <dimen name="x127">68.20dp</dimen>
    <dimen name="x128">68.74dp</dimen>
    <dimen name="x129">69.28dp</dimen>
    <dimen name="x130">69.81dp</dimen>
    <dimen name="x131">70.35dp</dimen>
    <dimen name="x132">70.89dp</dimen>
    <dimen name="x133">71.43dp</dimen>
    <dimen name="x134">71.96dp</dimen>
    <dimen name="x135">72.50dp</dimen>
    <dimen name="x136">73.04dp</dimen>
    <dimen name="x137">73.57dp</dimen>
    <dimen name="x138">74.11dp</dimen>
    <dimen name="x139">74.65dp</dimen>
    <dimen name="x140">75.19dp</dimen>
    <dimen name="x141">75.72dp</dimen>
    <dimen name="x142">76.26dp</dimen>
    <dimen name="x143">76.80dp</dimen>
    <dimen name="x144">77.33dp</dimen>
    <dimen name="x145">77.87dp</dimen>
    <dimen name="x146">78.41dp</dimen>
    <dimen name="x147">78.94dp</dimen>
    <dimen name="x148">79.48dp</dimen>
    <dimen name="x149">80.02dp</dimen>
    <dimen name="x150">80.56dp</dimen>
    <dimen name="x151">81.09dp</dimen>
    <dimen name="x152">81.63dp</dimen>
    <dimen name="x153">82.17dp</dimen>
    <dimen name="x154">82.70dp</dimen>
    <dimen name="x155">83.24dp</dimen>
    <dimen name="x156">83.78dp</dimen>
    <dimen name="x157">84.31dp</dimen>
    <dimen name="x158">84.85dp</dimen>
    <dimen name="x159">85.39dp</dimen>
    <dimen name="x160">85.93dp</dimen>
    <dimen name="x161">86.46dp</dimen>
    <dimen name="x162">87.00dp</dimen>
    <dimen name="x163">87.54dp</dimen>
    <dimen name="x164">88.07dp</dimen>
    <dimen name="x165">88.61dp</dimen>
    <dimen name="x166">89.15dp</dimen>
    <dimen name="x167">89.69dp</dimen>
    <dimen name="x168">90.22dp</dimen>
    <dimen name="x169">90.76dp</dimen>
    <dimen name="x170">91.30dp</dimen>
    <dimen name="x171">91.83dp</dimen>
    <dimen name="x172">92.37dp</dimen>
    <dimen name="x173">92.91dp</dimen>
    <dimen name="x174">93.44dp</dimen>
    <dimen name="x175">93.98dp</dimen>
    <dimen name="x176">94.52dp</dimen>
    <dimen name="x177">95.06dp</dimen>
    <dimen name="x178">95.59dp</dimen>
    <dimen name="x179">96.13dp</dimen>
    <dimen name="x180">96.67dp</dimen>
    <dimen name="x181">97.20dp</dimen>
    <dimen name="x182">97.74dp</dimen>
    <dimen name="x183">98.28dp</dimen>
    <dimen name="x184">98.81dp</dimen>
    <dimen name="x185">99.35dp</dimen>
    <dimen name="x186">99.89dp</dimen>
    <dimen name="x187">100.43dp</dimen>
    <dimen name="x188">100.96dp</dimen>
    <dimen name="x189">101.50dp</dimen>
    <dimen name="x190">102.04dp</dimen>
    <dimen name="x191">102.57dp</dimen>
    <dimen name="x192">103.11dp</dimen>
    <dimen name="x193">103.65dp</dimen>
    <dimen name="x194">104.19dp</dimen>
    <dimen name="x195">104.72dp</dimen>
    <dimen name="x196">105.26dp</dimen>
    <dimen name="x197">105.80dp</dimen>
    <dimen name="x198">106.33dp</dimen>
    <dimen name="x199">106.87dp</dimen>
    <dimen name="x200">107.41dp</dimen>
    <dimen name="x201">107.94dp</dimen>
    <dimen name="x202">108.48dp</dimen>
    <dimen name="x203">109.02dp</dimen>
    <dimen name="x204">109.56dp</dimen>
    <dimen name="x205">110.09dp</dimen>
    <dimen name="x206">110.63dp</dimen>
    <dimen name="x207">111.17dp</dimen>
    <dimen name="x208">111.70dp</dimen>
    <dimen name="x209">112.24dp</dimen>
    <dimen name="x210">112.78dp</dimen>
    <dimen name="x211">113.31dp</dimen>
    <dimen name="x212">113.85dp</dimen>
    <dimen name="x213">114.39dp</dimen>
    <dimen name="x214">114.93dp</dimen>
    <dimen name="x215">115.46dp</dimen>
    <dimen name="x216">116.00dp</dimen>
    <dimen name="x217">116.54dp</dimen>
    <dimen name="x218">117.07dp</dimen>
    <dimen name="x219">117.61dp</dimen>
    <dimen name="x220">118.15dp</dimen>
    <dimen name="x221">118.69dp</dimen>
    <dimen name="x222">119.22dp</dimen>
    <dimen name="x223">119.76dp</dimen>
    <dimen name="x224">120.30dp</dimen>
    <dimen name="x225">120.83dp</dimen>
    <dimen name="x226">121.37dp</dimen>
    <dimen name="x227">121.91dp</dimen>
    <dimen name="x228">122.44dp</dimen>
    <dimen name="x229">122.98dp</dimen>
    <dimen name="x230">123.52dp</dimen>
    <dimen name="x231">124.06dp</dimen>
    <dimen name="x232">124.59dp</dimen>
    <dimen name="x233">125.13dp</dimen>
    <dimen name="x234">125.67dp</dimen>
    <dimen name="x235">126.20dp</dimen>
    <dimen name="x236">126.74dp</dimen>
    <dimen name="x237">127.28dp</dimen>
    <dimen name="x238">127.81dp</dimen>
    <dimen name="x239">128.35dp</dimen>
    <dimen name="x240">128.89dp</dimen>
    <dimen name="x241">129.43dp</dimen>
    <dimen name="x242">129.96dp</dimen>
    <dimen name="x243">130.50dp</dimen>
    <dimen name="x244">131.04dp</dimen>
    <dimen name="x245">131.57dp</dimen>
    <dimen name="x246">132.11dp</dimen>
    <dimen name="x247">132.65dp</dimen>
    <dimen name="x248">133.19dp</dimen>
    <dimen name="x249">133.72dp</dimen>
    <dimen name="x250">134.26dp</dimen>
    <dimen name="x251">134.80dp</dimen>
    <dimen name="x252">135.33dp</dimen>
    <dimen name="x253">135.87dp</dimen>
    <dimen name="x254">136.41dp</dimen>
    <dimen name="x255">136.94dp</dimen>
    <dimen name="x256">137.48dp</dimen>
    <dimen name="x257">138.02dp</dimen>
    <dimen name="x258">138.56dp</dimen>
    <dimen name="x259">139.09dp</dimen>
    <dimen name="x260">139.63dp</dimen>
    <dimen name="x261">140.17dp</dimen>
    <dimen name="x262">140.70dp</dimen>
    <dimen name="x263">141.24dp</dimen>
    <dimen name="x264">141.78dp</dimen>
    <dimen name="x265">142.31dp</dimen>
    <dimen name="x266">142.85dp</dimen>
    <dimen name="x267">143.39dp</dimen>
    <dimen name="x268">143.93dp</dimen>
    <dimen name="x269">144.46dp</dimen>
    <dimen name="x270">145.00dp</dimen>
    <dimen name="x271">145.54dp</dimen>
    <dimen name="x272">146.07dp</dimen>
    <dimen name="x273">146.61dp</dimen>
    <dimen name="x274">147.15dp</dimen>
    <dimen name="x275">147.69dp</dimen>
    <dimen name="x276">148.22dp</dimen>
    <dimen name="x277">148.76dp</dimen>
    <dimen name="x278">149.30dp</dimen>
    <dimen name="x279">149.83dp</dimen>
    <dimen name="x280">150.37dp</dimen>
    <dimen name="x281">150.91dp</dimen>
    <dimen name="x282">151.44dp</dimen>
    <dimen name="x283">151.98dp</dimen>
    <dimen name="x284">152.52dp</dimen>
    <dimen name="x285">153.06dp</dimen>
    <dimen name="x286">153.59dp</dimen>
    <dimen name="x287">154.13dp</dimen>
    <dimen name="x288">154.67dp</dimen>
    <dimen name="x289">155.20dp</dimen>
    <dimen name="x290">155.74dp</dimen>
    <dimen name="x291">156.28dp</dimen>
    <dimen name="x292">156.81dp</dimen>
    <dimen name="x293">157.35dp</dimen>
    <dimen name="x294">157.89dp</dimen>
    <dimen name="x295">158.43dp</dimen>
    <dimen name="x296">158.96dp</dimen>
    <dimen name="x297">159.50dp</dimen>
    <dimen name="x298">160.04dp</dimen>
    <dimen name="x299">160.57dp</dimen>
    <dimen name="x300">161.11dp</dimen>
    <dimen name="x301">161.65dp</dimen>
    <dimen name="x302">162.19dp</dimen>
    <dimen name="x303">162.72dp</dimen>
    <dimen name="x304">163.26dp</dimen>
    <dimen name="x305">163.80dp</dimen>
    <dimen name="x306">164.33dp</dimen>
    <dimen name="x307">164.87dp</dimen>
    <dimen name="x308">165.41dp</dimen>
    <dimen name="x309">165.94dp</dimen>
    <dimen name="x310">166.48dp</dimen>
    <dimen name="x311">167.02dp</dimen>
    <dimen name="x312">167.56dp</dimen>
    <dimen name="x313">168.09dp</dimen>
    <dimen name="x314">168.63dp</dimen>
    <dimen name="x315">169.17dp</dimen>
    <dimen name="x316">169.70dp</dimen>
    <dimen name="x317">170.24dp</dimen>
    <dimen name="x318">170.78dp</dimen>
    <dimen name="x319">171.31dp</dimen>
    <dimen name="x320">171.85dp</dimen>
    <dimen name="x321">172.39dp</dimen>
    <dimen name="x322">172.93dp</dimen>
    <dimen name="x323">173.46dp</dimen>
    <dimen name="x324">174.00dp</dimen>
    <dimen name="x325">174.54dp</dimen>
    <dimen name="x326">175.07dp</dimen>
    <dimen name="x327">175.61dp</dimen>
    <dimen name="x328">176.15dp</dimen>
    <dimen name="x329">176.69dp</dimen>
    <dimen name="x330">177.22dp</dimen>
    <dimen name="x331">177.76dp</dimen>
    <dimen name="x332">178.30dp</dimen>
    <dimen name="x333">178.83dp</dimen>
    <dimen name="x334">179.37dp</dimen>
    <dimen name="x335">179.91dp</dimen>
    <dimen name="x336">180.44dp</dimen>
    <dimen name="x337">180.98dp</dimen>
    <dimen name="x338">181.52dp</dimen>
    <dimen name="x339">182.06dp</dimen>
    <dimen name="x340">182.59dp</dimen>
    <dimen name="x341">183.13dp</dimen>
    <dimen name="x342">183.67dp</dimen>
    <dimen name="x343">184.20dp</dimen>
    <dimen name="x344">184.74dp</dimen>
    <dimen name="x345">185.28dp</dimen>
    <dimen name="x346">185.81dp</dimen>
    <dimen name="x347">186.35dp</dimen>
    <dimen name="x348">186.89dp</dimen>
    <dimen name="x349">187.43dp</dimen>
    <dimen name="x350">187.96dp</dimen>
    <dimen name="x351">188.50dp</dimen>
    <dimen name="x352">189.04dp</dimen>
    <dimen name="x353">189.57dp</dimen>
    <dimen name="x354">190.11dp</dimen>
    <dimen name="x355">190.65dp</dimen>
    <dimen name="x356">191.19dp</dimen>
    <dimen name="x357">191.72dp</dimen>
    <dimen name="x358">192.26dp</dimen>
    <dimen name="x359">192.80dp</dimen>
    <dimen name="x360">193.33dp</dimen>
    <dimen name="x361">193.87dp</dimen>
    <dimen name="x362">194.41dp</dimen>
    <dimen name="x363">194.94dp</dimen>
    <dimen name="x364">195.48dp</dimen>
    <dimen name="x365">196.02dp</dimen>
    <dimen name="x366">196.56dp</dimen>
    <dimen name="x367">197.09dp</dimen>
    <dimen name="x368">197.63dp</dimen>
    <dimen name="x369">198.17dp</dimen>
    <dimen name="x370">198.70dp</dimen>
    <dimen name="x371">199.24dp</dimen>
    <dimen name="x372">199.78dp</dimen>
    <dimen name="x373">200.31dp</dimen>
    <dimen name="x374">200.85dp</dimen>
    <dimen name="x375">201.39dp</dimen>
    <dimen name="x376">201.93dp</dimen>
    <dimen name="x377">202.46dp</dimen>
    <dimen name="x378">203.00dp</dimen>
    <dimen name="x379">203.54dp</dimen>
    <dimen name="x380">204.07dp</dimen>
    <dimen name="x381">204.61dp</dimen>
    <dimen name="x382">205.15dp</dimen>
    <dimen name="x383">205.69dp</dimen>
    <dimen name="x384">206.22dp</dimen>
    <dimen name="x385">206.76dp</dimen>
    <dimen name="x386">207.30dp</dimen>
    <dimen name="x387">207.83dp</dimen>
    <dimen name="x388">208.37dp</dimen>
    <dimen name="x389">208.91dp</dimen>
    <dimen name="x390">209.44dp</dimen>
    <dimen name="x391">209.98dp</dimen>
    <dimen name="x392">210.52dp</dimen>
    <dimen name="x393">211.06dp</dimen>
    <dimen name="x394">211.59dp</dimen>
    <dimen name="x395">212.13dp</dimen>
    <dimen name="x396">212.67dp</dimen>
    <dimen name="x397">213.20dp</dimen>
    <dimen name="x398">213.74dp</dimen>
    <dimen name="x399">214.28dp</dimen>
    <dimen name="x400">214.81dp</dimen>
    <dimen name="x401">215.35dp</dimen>
    <dimen name="x402">215.89dp</dimen>
    <dimen name="x403">216.43dp</dimen>
    <dimen name="x404">216.96dp</dimen>
    <dimen name="x405">217.50dp</dimen>
    <dimen name="x406">218.04dp</dimen>
    <dimen name="x407">218.57dp</dimen>
    <dimen name="x408">219.11dp</dimen>
    <dimen name="x409">219.65dp</dimen>
    <dimen name="x410">220.19dp</dimen>
    <dimen name="x411">220.72dp</dimen>
    <dimen name="x412">221.26dp</dimen>
    <dimen name="x413">221.80dp</dimen>
    <dimen name="x414">222.33dp</dimen>
    <dimen name="x415">222.87dp</dimen>
    <dimen name="x416">223.41dp</dimen>
    <dimen name="x417">223.94dp</dimen>
    <dimen name="x418">224.48dp</dimen>
    <dimen name="x419">225.02dp</dimen>
    <dimen name="x420">225.56dp</dimen>
    <dimen name="x421">226.09dp</dimen>
    <dimen name="x422">226.63dp</dimen>
    <dimen name="x423">227.17dp</dimen>
    <dimen name="x424">227.70dp</dimen>
    <dimen name="x425">228.24dp</dimen>
    <dimen name="x426">228.78dp</dimen>
    <dimen name="x427">229.31dp</dimen>
    <dimen name="x428">229.85dp</dimen>
    <dimen name="x429">230.39dp</dimen>
    <dimen name="x430">230.93dp</dimen>
    <dimen name="x431">231.46dp</dimen>
    <dimen name="x432">232.00dp</dimen>
    <dimen name="x433">232.54dp</dimen>
    <dimen name="x434">233.07dp</dimen>
    <dimen name="x435">233.61dp</dimen>
    <dimen name="x436">234.15dp</dimen>
    <dimen name="x437">234.69dp</dimen>
    <dimen name="x438">235.22dp</dimen>
    <dimen name="x439">235.76dp</dimen>
    <dimen name="x440">236.30dp</dimen>
    <dimen name="x441">236.83dp</dimen>
    <dimen name="x442">237.37dp</dimen>
    <dimen name="x443">237.91dp</dimen>
    <dimen name="x444">238.44dp</dimen>
    <dimen name="x445">238.98dp</dimen>
    <dimen name="x446">239.52dp</dimen>
    <dimen name="x447">240.06dp</dimen>
    <dimen name="x448">240.59dp</dimen>
    <dimen name="x449">241.13dp</dimen>
    <dimen name="x450">241.67dp</dimen>
    <dimen name="x451">242.20dp</dimen>
    <dimen name="x452">242.74dp</dimen>
    <dimen name="x453">243.28dp</dimen>
    <dimen name="x454">243.81dp</dimen>
    <dimen name="x455">244.35dp</dimen>
    <dimen name="x456">244.89dp</dimen>
    <dimen name="x457">245.43dp</dimen>
    <dimen name="x458">245.96dp</dimen>
    <dimen name="x459">246.50dp</dimen>
    <dimen name="x460">247.04dp</dimen>
    <dimen name="x461">247.57dp</dimen>
    <dimen name="x462">248.11dp</dimen>
    <dimen name="x463">248.65dp</dimen>
    <dimen name="x464">249.19dp</dimen>
    <dimen name="x465">249.72dp</dimen>
    <dimen name="x466">250.26dp</dimen>
    <dimen name="x467">250.80dp</dimen>
    <dimen name="x468">251.33dp</dimen>
    <dimen name="x469">251.87dp</dimen>
    <dimen name="x470">252.41dp</dimen>
    <dimen name="x471">252.94dp</dimen>
    <dimen name="x472">253.48dp</dimen>
    <dimen name="x473">254.02dp</dimen>
    <dimen name="x474">254.56dp</dimen>
    <dimen name="x475">255.09dp</dimen>
    <dimen name="x476">255.63dp</dimen>
    <dimen name="x477">256.17dp</dimen>
    <dimen name="x478">256.70dp</dimen>
    <dimen name="x479">257.24dp</dimen>
    <dimen name="x480">257.78dp</dimen>
    <dimen name="x481">258.31dp</dimen>
    <dimen name="x482">258.85dp</dimen>
    <dimen name="x483">259.39dp</dimen>
    <dimen name="x484">259.93dp</dimen>
    <dimen name="x485">260.46dp</dimen>
    <dimen name="x486">261.00dp</dimen>
    <dimen name="x487">261.54dp</dimen>
    <dimen name="x488">262.07dp</dimen>
    <dimen name="x489">262.61dp</dimen>
    <dimen name="x490">263.15dp</dimen>
    <dimen name="x491">263.69dp</dimen>
    <dimen name="x492">264.22dp</dimen>
    <dimen name="x493">264.76dp</dimen>
    <dimen name="x494">265.30dp</dimen>
    <dimen name="x495">265.83dp</dimen>
    <dimen name="x496">266.37dp</dimen>
    <dimen name="x497">266.91dp</dimen>
    <dimen name="x498">267.44dp</dimen>
    <dimen name="x499">267.98dp</dimen>
    <dimen name="x500">268.52dp</dimen>
    <dimen name="x501">269.06dp</dimen>
    <dimen name="x502">269.59dp</dimen>
    <dimen name="x503">270.13dp</dimen>
    <dimen name="x504">270.67dp</dimen>
    <dimen name="x505">271.20dp</dimen>
    <dimen name="x506">271.74dp</dimen>
    <dimen name="x507">272.28dp</dimen>
    <dimen name="x508">272.81dp</dimen>
    <dimen name="x509">273.35dp</dimen>
    <dimen name="x510">273.89dp</dimen>
    <dimen name="x511">274.43dp</dimen>
    <dimen name="x512">274.96dp</dimen>
    <dimen name="x513">275.50dp</dimen>
    <dimen name="x514">276.04dp</dimen>
    <dimen name="x515">276.57dp</dimen>
    <dimen name="x516">277.11dp</dimen>
    <dimen name="x517">277.65dp</dimen>
    <dimen name="x518">278.19dp</dimen>
    <dimen name="x519">278.72dp</dimen>
    <dimen name="x520">279.26dp</dimen>
    <dimen name="x521">279.80dp</dimen>
    <dimen name="x522">280.33dp</dimen>
    <dimen name="x523">280.87dp</dimen>
    <dimen name="x524">281.41dp</dimen>
    <dimen name="x525">281.94dp</dimen>
    <dimen name="x526">282.48dp</dimen>
    <dimen name="x527">283.02dp</dimen>
    <dimen name="x528">283.56dp</dimen>
    <dimen name="x529">284.09dp</dimen>
    <dimen name="x530">284.63dp</dimen>
    <dimen name="x531">285.17dp</dimen>
    <dimen name="x532">285.70dp</dimen>
    <dimen name="x533">286.24dp</dimen>
    <dimen name="x534">286.78dp</dimen>
    <dimen name="x535">287.31dp</dimen>
    <dimen name="x536">287.85dp</dimen>
    <dimen name="x537">288.39dp</dimen>
    <dimen name="x538">288.93dp</dimen>
    <dimen name="x539">289.46dp</dimen>
    <dimen name="x540">290.00dp</dimen>
    <dimen name="x541">290.54dp</dimen>
    <dimen name="x542">291.07dp</dimen>
    <dimen name="x543">291.61dp</dimen>
    <dimen name="x544">292.15dp</dimen>
    <dimen name="x545">292.69dp</dimen>
    <dimen name="x546">293.22dp</dimen>
    <dimen name="x547">293.76dp</dimen>
    <dimen name="x548">294.30dp</dimen>
    <dimen name="x549">294.83dp</dimen>
    <dimen name="x550">295.37dp</dimen>
    <dimen name="x551">295.91dp</dimen>
    <dimen name="x552">296.44dp</dimen>
    <dimen name="x553">296.98dp</dimen>
    <dimen name="x554">297.52dp</dimen>
    <dimen name="x555">298.06dp</dimen>
    <dimen name="x556">298.59dp</dimen>
    <dimen name="x557">299.13dp</dimen>
    <dimen name="x558">299.67dp</dimen>
    <dimen name="x559">300.20dp</dimen>
    <dimen name="x560">300.74dp</dimen>
    <dimen name="x561">301.28dp</dimen>
    <dimen name="x562">301.81dp</dimen>
    <dimen name="x563">302.35dp</dimen>
    <dimen name="x564">302.89dp</dimen>
    <dimen name="x565">303.43dp</dimen>
    <dimen name="x566">303.96dp</dimen>
    <dimen name="x567">304.50dp</dimen>
    <dimen name="x568">305.04dp</dimen>
    <dimen name="x569">305.57dp</dimen>
    <dimen name="x570">306.11dp</dimen>
    <dimen name="x571">306.65dp</dimen>
    <dimen name="x572">307.19dp</dimen>
    <dimen name="x573">307.72dp</dimen>
    <dimen name="x574">308.26dp</dimen>
    <dimen name="x575">308.80dp</dimen>
    <dimen name="x576">309.33dp</dimen>
    <dimen name="x577">309.87dp</dimen>
    <dimen name="x578">310.41dp</dimen>
    <dimen name="x579">310.94dp</dimen>
    <dimen name="x580">311.48dp</dimen>
    <dimen name="x581">312.02dp</dimen>
    <dimen name="x582">312.56dp</dimen>
    <dimen name="x583">313.09dp</dimen>
    <dimen name="x584">313.63dp</dimen>
    <dimen name="x585">314.17dp</dimen>
    <dimen name="x586">314.70dp</dimen>
    <dimen name="x587">315.24dp</dimen>
    <dimen name="x588">315.78dp</dimen>
    <dimen name="x589">316.31dp</dimen>
    <dimen name="x590">316.85dp</dimen>
    <dimen name="x591">317.39dp</dimen>
    <dimen name="x592">317.93dp</dimen>
    <dimen name="x593">318.46dp</dimen>
    <dimen name="x594">319.00dp</dimen>
    <dimen name="x595">319.54dp</dimen>
    <dimen name="x596">320.07dp</dimen>
    <dimen name="x597">320.61dp</dimen>
    <dimen name="x598">321.15dp</dimen>
    <dimen name="x599">321.69dp</dimen>
    <dimen name="x600">322.22dp</dimen>
    <dimen name="x601">322.76dp</dimen>
    <dimen name="x602">323.30dp</dimen>
    <dimen name="x603">323.83dp</dimen>
    <dimen name="x604">324.37dp</dimen>
    <dimen name="x605">324.91dp</dimen>
    <dimen name="x606">325.44dp</dimen>
    <dimen name="x607">325.98dp</dimen>
    <dimen name="x608">326.52dp</dimen>
    <dimen name="x609">327.06dp</dimen>
    <dimen name="x610">327.59dp</dimen>
    <dimen name="x611">328.13dp</dimen>
    <dimen name="x612">328.67dp</dimen>
    <dimen name="x613">329.20dp</dimen>
    <dimen name="x614">329.74dp</dimen>
    <dimen name="x615">330.28dp</dimen>
    <dimen name="x616">330.81dp</dimen>
    <dimen name="x617">331.35dp</dimen>
    <dimen name="x618">331.89dp</dimen>
    <dimen name="x619">332.43dp</dimen>
    <dimen name="x620">332.96dp</dimen>
    <dimen name="x621">333.50dp</dimen>
    <dimen name="x622">334.04dp</dimen>
    <dimen name="x623">334.57dp</dimen>
    <dimen name="x624">335.11dp</dimen>
    <dimen name="x625">335.65dp</dimen>
    <dimen name="x626">336.19dp</dimen>
    <dimen name="x627">336.72dp</dimen>
    <dimen name="x628">337.26dp</dimen>
    <dimen name="x629">337.80dp</dimen>
    <dimen name="x630">338.33dp</dimen>
    <dimen name="x631">338.87dp</dimen>
    <dimen name="x632">339.41dp</dimen>
    <dimen name="x633">339.94dp</dimen>
    <dimen name="x634">340.48dp</dimen>
    <dimen name="x635">341.02dp</dimen>
    <dimen name="x636">341.56dp</dimen>
    <dimen name="x637">342.09dp</dimen>
    <dimen name="x638">342.63dp</dimen>
    <dimen name="x639">343.17dp</dimen>
    <dimen name="x640">343.70dp</dimen>
    <dimen name="x641">344.24dp</dimen>
    <dimen name="x642">344.78dp</dimen>
    <dimen name="x643">345.31dp</dimen>
    <dimen name="x644">345.85dp</dimen>
    <dimen name="x645">346.39dp</dimen>
    <dimen name="x646">346.93dp</dimen>
    <dimen name="x647">347.46dp</dimen>
    <dimen name="x648">348.00dp</dimen>
    <dimen name="x649">348.54dp</dimen>
    <dimen name="x650">349.07dp</dimen>
    <dimen name="x651">349.61dp</dimen>
    <dimen name="x652">350.15dp</dimen>
    <dimen name="x653">350.69dp</dimen>
    <dimen name="x654">351.22dp</dimen>
    <dimen name="x655">351.76dp</dimen>
    <dimen name="x656">352.30dp</dimen>
    <dimen name="x657">352.83dp</dimen>
    <dimen name="x658">353.37dp</dimen>
    <dimen name="x659">353.91dp</dimen>
    <dimen name="x660">354.44dp</dimen>
    <dimen name="x661">354.98dp</dimen>
    <dimen name="x662">355.52dp</dimen>
    <dimen name="x663">356.06dp</dimen>
    <dimen name="x664">356.59dp</dimen>
    <dimen name="x665">357.13dp</dimen>
    <dimen name="x666">357.67dp</dimen>
    <dimen name="x667">358.20dp</dimen>
    <dimen name="x668">358.74dp</dimen>
    <dimen name="x669">359.28dp</dimen>
    <dimen name="x670">359.81dp</dimen>
    <dimen name="x671">360.35dp</dimen>
    <dimen name="x672">360.89dp</dimen>
    <dimen name="x673">361.43dp</dimen>
    <dimen name="x674">361.96dp</dimen>
    <dimen name="x675">362.50dp</dimen>
    <dimen name="x676">363.04dp</dimen>
    <dimen name="x677">363.57dp</dimen>
    <dimen name="x678">364.11dp</dimen>
    <dimen name="x679">364.65dp</dimen>
    <dimen name="x680">365.19dp</dimen>
    <dimen name="x681">365.72dp</dimen>
    <dimen name="x682">366.26dp</dimen>
    <dimen name="x683">366.80dp</dimen>
    <dimen name="x684">367.33dp</dimen>
    <dimen name="x685">367.87dp</dimen>
    <dimen name="x686">368.41dp</dimen>
    <dimen name="x687">368.94dp</dimen>
    <dimen name="x688">369.48dp</dimen>
    <dimen name="x689">370.02dp</dimen>
    <dimen name="x690">370.56dp</dimen>
    <dimen name="x691">371.09dp</dimen>
    <dimen name="x692">371.63dp</dimen>
    <dimen name="x693">372.17dp</dimen>
    <dimen name="x694">372.70dp</dimen>
    <dimen name="x695">373.24dp</dimen>
    <dimen name="x696">373.78dp</dimen>
    <dimen name="x697">374.31dp</dimen>
    <dimen name="x698">374.85dp</dimen>
    <dimen name="x699">375.39dp</dimen>
    <dimen name="x700">375.93dp</dimen>
    <dimen name="x701">376.46dp</dimen>
    <dimen name="x702">377.00dp</dimen>
    <dimen name="x703">377.54dp</dimen>
    <dimen name="x704">378.07dp</dimen>
    <dimen name="x705">378.61dp</dimen>
    <dimen name="x706">379.15dp</dimen>
    <dimen name="x707">379.69dp</dimen>
    <dimen name="x708">380.22dp</dimen>
    <dimen name="x709">380.76dp</dimen>
    <dimen name="x710">381.30dp</dimen>
    <dimen name="x711">381.83dp</dimen>
    <dimen name="x712">382.37dp</dimen>
    <dimen name="x713">382.91dp</dimen>
    <dimen name="x714">383.44dp</dimen>
    <dimen name="x715">383.98dp</dimen>
    <dimen name="x716">384.52dp</dimen>
    <dimen name="x717">385.06dp</dimen>
    <dimen name="x718">385.59dp</dimen>
    <dimen name="x719">386.13dp</dimen>
    <dimen name="x720">386.67dp</dimen>
    <dimen name="x721">387.20dp</dimen>
    <dimen name="x722">387.74dp</dimen>
    <dimen name="x723">388.28dp</dimen>
    <dimen name="x724">388.81dp</dimen>
    <dimen name="x725">389.35dp</dimen>
    <dimen name="x726">389.89dp</dimen>
    <dimen name="x727">390.43dp</dimen>
    <dimen name="x728">390.96dp</dimen>
    <dimen name="x729">391.50dp</dimen>
    <dimen name="x730">392.04dp</dimen>
    <dimen name="x731">392.57dp</dimen>
    <dimen name="x732">393.11dp</dimen>
    <dimen name="x733">393.65dp</dimen>
    <dimen name="x734">394.19dp</dimen>
    <dimen name="x735">394.72dp</dimen>
    <dimen name="x736">395.26dp</dimen>
    <dimen name="x737">395.80dp</dimen>
    <dimen name="x738">396.33dp</dimen>
    <dimen name="x739">396.87dp</dimen>
    <dimen name="x740">397.41dp</dimen>
    <dimen name="x741">397.94dp</dimen>
    <dimen name="x742">398.48dp</dimen>
    <dimen name="x743">399.02dp</dimen>
    <dimen name="x744">399.56dp</dimen>
    <dimen name="x745">400.09dp</dimen>
    <dimen name="x746">400.63dp</dimen>
    <dimen name="x747">401.17dp</dimen>
    <dimen name="x748">401.70dp</dimen>
    <dimen name="x749">402.24dp</dimen>
    <dimen name="x750">402.78dp</dimen>
    <dimen name="x751">403.31dp</dimen>
    <dimen name="x752">403.85dp</dimen>
    <dimen name="x753">404.39dp</dimen>
    <dimen name="x754">404.93dp</dimen>
    <dimen name="x755">405.46dp</dimen>
    <dimen name="x756">406.00dp</dimen>
    <dimen name="x757">406.54dp</dimen>
    <dimen name="x758">407.07dp</dimen>
    <dimen name="x759">407.61dp</dimen>
    <dimen name="x760">408.15dp</dimen>
    <dimen name="x761">408.69dp</dimen>
    <dimen name="x762">409.22dp</dimen>
    <dimen name="x763">409.76dp</dimen>
    <dimen name="x764">410.30dp</dimen>
    <dimen name="x765">410.83dp</dimen>
    <dimen name="x766">411.37dp</dimen>
    <dimen name="x767">411.91dp</dimen>
    <dimen name="x768">412.44dp</dimen>
    <dimen name="x769">412.98dp</dimen>
    <dimen name="x770">413.52dp</dimen>
    <dimen name="x771">414.06dp</dimen>
    <dimen name="x772">414.59dp</dimen>
    <dimen name="x773">415.13dp</dimen>
    <dimen name="x774">415.67dp</dimen>
    <dimen name="x775">416.20dp</dimen>
    <dimen name="x776">416.74dp</dimen>
    <dimen name="x777">417.28dp</dimen>
    <dimen name="x778">417.81dp</dimen>
    <dimen name="x779">418.35dp</dimen>
    <dimen name="x780">418.89dp</dimen>
    <dimen name="x781">419.43dp</dimen>
    <dimen name="x782">419.96dp</dimen>
    <dimen name="x783">420.50dp</dimen>
    <dimen name="x784">421.04dp</dimen>
    <dimen name="x785">421.57dp</dimen>
    <dimen name="x786">422.11dp</dimen>
    <dimen name="x787">422.65dp</dimen>
    <dimen name="x788">423.19dp</dimen>
    <dimen name="x789">423.72dp</dimen>
    <dimen name="x790">424.26dp</dimen>
    <dimen name="x791">424.80dp</dimen>
    <dimen name="x792">425.33dp</dimen>
    <dimen name="x793">425.87dp</dimen>
    <dimen name="x794">426.41dp</dimen>
    <dimen name="x795">426.94dp</dimen>
    <dimen name="x796">427.48dp</dimen>
    <dimen name="x797">428.02dp</dimen>
    <dimen name="x798">428.56dp</dimen>
    <dimen name="x799">429.09dp</dimen>
    <dimen name="x800">429.63dp</dimen>
    <dimen name="x801">430.17dp</dimen>
    <dimen name="x802">430.70dp</dimen>
    <dimen name="x803">431.24dp</dimen>
    <dimen name="x804">431.78dp</dimen>
    <dimen name="x805">432.31dp</dimen>
    <dimen name="x806">432.85dp</dimen>
    <dimen name="x807">433.39dp</dimen>
    <dimen name="x808">433.93dp</dimen>
    <dimen name="x809">434.46dp</dimen>
    <dimen name="x810">435.00dp</dimen>
    <dimen name="x811">435.54dp</dimen>
    <dimen name="x812">436.07dp</dimen>
    <dimen name="x813">436.61dp</dimen>
    <dimen name="x814">437.15dp</dimen>
    <dimen name="x815">437.69dp</dimen>
    <dimen name="x816">438.22dp</dimen>
    <dimen name="x817">438.76dp</dimen>
    <dimen name="x818">439.30dp</dimen>
    <dimen name="x819">439.83dp</dimen>
    <dimen name="x820">440.37dp</dimen>
    <dimen name="x821">440.91dp</dimen>
    <dimen name="x822">441.44dp</dimen>
    <dimen name="x823">441.98dp</dimen>
    <dimen name="x824">442.52dp</dimen>
    <dimen name="x825">443.06dp</dimen>
    <dimen name="x826">443.59dp</dimen>
    <dimen name="x827">444.13dp</dimen>
    <dimen name="x828">444.67dp</dimen>
    <dimen name="x829">445.20dp</dimen>
    <dimen name="x830">445.74dp</dimen>
    <dimen name="x831">446.28dp</dimen>
    <dimen name="x832">446.81dp</dimen>
    <dimen name="x833">447.35dp</dimen>
    <dimen name="x834">447.89dp</dimen>
    <dimen name="x835">448.43dp</dimen>
    <dimen name="x836">448.96dp</dimen>
    <dimen name="x837">449.50dp</dimen>
    <dimen name="x838">450.04dp</dimen>
    <dimen name="x839">450.57dp</dimen>
    <dimen name="x840">451.11dp</dimen>
    <dimen name="x841">451.65dp</dimen>
    <dimen name="x842">452.19dp</dimen>
    <dimen name="x843">452.72dp</dimen>
    <dimen name="x844">453.26dp</dimen>
    <dimen name="x845">453.80dp</dimen>
    <dimen name="x846">454.33dp</dimen>
    <dimen name="x847">454.87dp</dimen>
    <dimen name="x848">455.41dp</dimen>
    <dimen name="x849">455.94dp</dimen>
    <dimen name="x850">456.48dp</dimen>
    <dimen name="x851">457.02dp</dimen>
    <dimen name="x852">457.56dp</dimen>
    <dimen name="x853">458.09dp</dimen>
    <dimen name="x854">458.63dp</dimen>
    <dimen name="x855">459.17dp</dimen>
    <dimen name="x856">459.70dp</dimen>
    <dimen name="x857">460.24dp</dimen>
    <dimen name="x858">460.78dp</dimen>
    <dimen name="x859">461.31dp</dimen>
    <dimen name="x860">461.85dp</dimen>
    <dimen name="x861">462.39dp</dimen>
    <dimen name="x862">462.93dp</dimen>
    <dimen name="x863">463.46dp</dimen>
    <dimen name="x864">464.00dp</dimen>
    <dimen name="x865">464.54dp</dimen>
    <dimen name="x866">465.07dp</dimen>
    <dimen name="x867">465.61dp</dimen>
    <dimen name="x868">466.15dp</dimen>
    <dimen name="x869">466.69dp</dimen>
    <dimen name="x870">467.22dp</dimen>
    <dimen name="x871">467.76dp</dimen>
    <dimen name="x872">468.30dp</dimen>
    <dimen name="x873">468.83dp</dimen>
    <dimen name="x874">469.37dp</dimen>
    <dimen name="x875">469.91dp</dimen>
    <dimen name="x876">470.44dp</dimen>
    <dimen name="x877">470.98dp</dimen>
    <dimen name="x878">471.52dp</dimen>
    <dimen name="x879">472.06dp</dimen>
    <dimen name="x880">472.59dp</dimen>
    <dimen name="x881">473.13dp</dimen>
    <dimen name="x882">473.67dp</dimen>
    <dimen name="x883">474.20dp</dimen>
    <dimen name="x884">474.74dp</dimen>
    <dimen name="x885">475.28dp</dimen>
    <dimen name="x886">475.81dp</dimen>
    <dimen name="x887">476.35dp</dimen>
    <dimen name="x888">476.89dp</dimen>
    <dimen name="x889">477.43dp</dimen>
    <dimen name="x890">477.96dp</dimen>
    <dimen name="x891">478.50dp</dimen>
    <dimen name="x892">479.04dp</dimen>
    <dimen name="x893">479.57dp</dimen>
    <dimen name="x894">480.11dp</dimen>
    <dimen name="x895">480.65dp</dimen>
    <dimen name="x896">481.19dp</dimen>
    <dimen name="x897">481.72dp</dimen>
    <dimen name="x898">482.26dp</dimen>
    <dimen name="x899">482.80dp</dimen>
    <dimen name="x900">483.33dp</dimen>
    <dimen name="x901">483.87dp</dimen>
    <dimen name="x902">484.41dp</dimen>
    <dimen name="x903">484.94dp</dimen>
    <dimen name="x904">485.48dp</dimen>
    <dimen name="x905">486.02dp</dimen>
    <dimen name="x906">486.56dp</dimen>
    <dimen name="x907">487.09dp</dimen>
    <dimen name="x908">487.63dp</dimen>
    <dimen name="x909">488.17dp</dimen>
    <dimen name="x910">488.70dp</dimen>
    <dimen name="x911">489.24dp</dimen>
    <dimen name="x912">489.78dp</dimen>
    <dimen name="x913">490.31dp</dimen>
    <dimen name="x914">490.85dp</dimen>
    <dimen name="x915">491.39dp</dimen>
    <dimen name="x916">491.93dp</dimen>
    <dimen name="x917">492.46dp</dimen>
    <dimen name="x918">493.00dp</dimen>
    <dimen name="x919">493.54dp</dimen>
    <dimen name="x920">494.07dp</dimen>
    <dimen name="x921">494.61dp</dimen>
    <dimen name="x922">495.15dp</dimen>
    <dimen name="x923">495.69dp</dimen>
    <dimen name="x924">496.22dp</dimen>
    <dimen name="x925">496.76dp</dimen>
    <dimen name="x926">497.30dp</dimen>
    <dimen name="x927">497.83dp</dimen>
    <dimen name="x928">498.37dp</dimen>
    <dimen name="x929">498.91dp</dimen>
    <dimen name="x930">499.44dp</dimen>
    <dimen name="x931">499.98dp</dimen>
    <dimen name="x932">500.52dp</dimen>
    <dimen name="x933">501.06dp</dimen>
    <dimen name="x934">501.59dp</dimen>
    <dimen name="x935">502.13dp</dimen>
    <dimen name="x936">502.67dp</dimen>
    <dimen name="x937">503.20dp</dimen>
    <dimen name="x938">503.74dp</dimen>
    <dimen name="x939">504.28dp</dimen>
    <dimen name="x940">504.81dp</dimen>
    <dimen name="x941">505.35dp</dimen>
    <dimen name="x942">505.89dp</dimen>
    <dimen name="x943">506.43dp</dimen>
    <dimen name="x944">506.96dp</dimen>
    <dimen name="x945">507.50dp</dimen>
    <dimen name="x946">508.04dp</dimen>
    <dimen name="x947">508.57dp</dimen>
    <dimen name="x948">509.11dp</dimen>
    <dimen name="x949">509.65dp</dimen>
    <dimen name="x950">510.19dp</dimen>
    <dimen name="x951">510.72dp</dimen>
    <dimen name="x952">511.26dp</dimen>
    <dimen name="x953">511.80dp</dimen>
    <dimen name="x954">512.33dp</dimen>
    <dimen name="x955">512.87dp</dimen>
    <dimen name="x956">513.41dp</dimen>
    <dimen name="x957">513.94dp</dimen>
    <dimen name="x958">514.48dp</dimen>
    <dimen name="x959">515.02dp</dimen>
    <dimen name="x960">515.56dp</dimen>
    <dimen name="x961">516.09dp</dimen>
    <dimen name="x962">516.63dp</dimen>
    <dimen name="x963">517.17dp</dimen>
    <dimen name="x964">517.70dp</dimen>
    <dimen name="x965">518.24dp</dimen>
    <dimen name="x966">518.78dp</dimen>
    <dimen name="x967">519.31dp</dimen>
    <dimen name="x968">519.85dp</dimen>
    <dimen name="x969">520.39dp</dimen>
    <dimen name="x970">520.93dp</dimen>
    <dimen name="x971">521.46dp</dimen>
    <dimen name="x972">522.00dp</dimen>
    <dimen name="x973">522.54dp</dimen>
    <dimen name="x974">523.07dp</dimen>
    <dimen name="x975">523.61dp</dimen>
    <dimen name="x976">524.15dp</dimen>
    <dimen name="x977">524.69dp</dimen>
    <dimen name="x978">525.22dp</dimen>
    <dimen name="x979">525.76dp</dimen>
    <dimen name="x980">526.30dp</dimen>
    <dimen name="x981">526.83dp</dimen>
    <dimen name="x982">527.37dp</dimen>
    <dimen name="x983">527.91dp</dimen>
    <dimen name="x984">528.44dp</dimen>
    <dimen name="x985">528.98dp</dimen>
    <dimen name="x986">529.52dp</dimen>
    <dimen name="x987">530.06dp</dimen>
    <dimen name="x988">530.59dp</dimen>
    <dimen name="x989">531.13dp</dimen>
    <dimen name="x990">531.67dp</dimen>
    <dimen name="x991">532.20dp</dimen>
    <dimen name="x992">532.74dp</dimen>
    <dimen name="x993">533.28dp</dimen>
    <dimen name="x994">533.81dp</dimen>
    <dimen name="x995">534.35dp</dimen>
    <dimen name="x996">534.89dp</dimen>
    <dimen name="x997">535.43dp</dimen>
    <dimen name="x998">535.96dp</dimen>
    <dimen name="x999">536.50dp</dimen>
    <dimen name="x1000">537.04dp</dimen>
    <dimen name="x1001">537.57dp</dimen>
    <dimen name="x1002">538.11dp</dimen>
    <dimen name="x1003">538.65dp</dimen>
    <dimen name="x1004">539.19dp</dimen>
    <dimen name="x1005">539.72dp</dimen>
    <dimen name="x1006">540.26dp</dimen>
    <dimen name="x1007">540.80dp</dimen>
    <dimen name="x1008">541.33dp</dimen>
    <dimen name="x1009">541.87dp</dimen>
    <dimen name="x1010">542.41dp</dimen>
    <dimen name="x1011">542.94dp</dimen>
    <dimen name="x1012">543.48dp</dimen>
    <dimen name="x1013">544.02dp</dimen>
    <dimen name="x1014">544.56dp</dimen>
    <dimen name="x1015">545.09dp</dimen>
    <dimen name="x1016">545.63dp</dimen>
    <dimen name="x1017">546.17dp</dimen>
    <dimen name="x1018">546.70dp</dimen>
    <dimen name="x1019">547.24dp</dimen>
    <dimen name="x1020">547.78dp</dimen>
    <dimen name="x1021">548.31dp</dimen>
    <dimen name="x1022">548.85dp</dimen>
    <dimen name="x1023">549.39dp</dimen>
    <dimen name="x1024">549.93dp</dimen>
    <dimen name="x1025">550.46dp</dimen>
    <dimen name="x1026">551.00dp</dimen>
    <dimen name="x1027">551.54dp</dimen>
    <dimen name="x1028">552.07dp</dimen>
    <dimen name="x1029">552.61dp</dimen>
    <dimen name="x1030">553.15dp</dimen>
    <dimen name="x1031">553.69dp</dimen>
    <dimen name="x1032">554.22dp</dimen>
    <dimen name="x1033">554.76dp</dimen>
    <dimen name="x1034">555.30dp</dimen>
    <dimen name="x1035">555.83dp</dimen>
    <dimen name="x1036">556.37dp</dimen>
    <dimen name="x1037">556.91dp</dimen>
    <dimen name="x1038">557.44dp</dimen>
    <dimen name="x1039">557.98dp</dimen>
    <dimen name="x1040">558.52dp</dimen>
    <dimen name="x1041">559.06dp</dimen>
    <dimen name="x1042">559.59dp</dimen>
    <dimen name="x1043">560.13dp</dimen>
    <dimen name="x1044">560.67dp</dimen>
    <dimen name="x1045">561.20dp</dimen>
    <dimen name="x1046">561.74dp</dimen>
    <dimen name="x1047">562.28dp</dimen>
    <dimen name="x1048">562.81dp</dimen>
    <dimen name="x1049">563.35dp</dimen>
    <dimen name="x1050">563.89dp</dimen>
    <dimen name="x1051">564.43dp</dimen>
    <dimen name="x1052">564.96dp</dimen>
    <dimen name="x1053">565.50dp</dimen>
    <dimen name="x1054">566.04dp</dimen>
    <dimen name="x1055">566.57dp</dimen>
    <dimen name="x1056">567.11dp</dimen>
    <dimen name="x1057">567.65dp</dimen>
    <dimen name="x1058">568.19dp</dimen>
    <dimen name="x1059">568.72dp</dimen>
    <dimen name="x1060">569.26dp</dimen>
    <dimen name="x1061">569.80dp</dimen>
    <dimen name="x1062">570.33dp</dimen>
    <dimen name="x1063">570.87dp</dimen>
    <dimen name="x1064">571.41dp</dimen>
    <dimen name="x1065">571.94dp</dimen>
    <dimen name="x1066">572.48dp</dimen>
    <dimen name="x1067">573.02dp</dimen>
    <dimen name="x1068">573.56dp</dimen>
    <dimen name="x1069">574.09dp</dimen>
    <dimen name="x1070">574.63dp</dimen>
    <dimen name="x1071">575.17dp</dimen>
    <dimen name="x1072">575.70dp</dimen>
    <dimen name="x1073">576.24dp</dimen>
    <dimen name="x1074">576.78dp</dimen>
    <dimen name="x1075">577.31dp</dimen>
    <dimen name="x1076">577.85dp</dimen>
    <dimen name="x1077">578.39dp</dimen>
    <dimen name="x1078">578.93dp</dimen>
    <dimen name="x1079">579.46dp</dimen>
    <dimen name="x1080">580.00dp</dimen>
</resources>