<?xml version="1.0" encoding="utf-8"?>
<resources>
    <string name="sw_dp">410dp</string>
    <dimen name="x1">0.38dp</dimen>
    <dimen name="x2">0.76dp</dimen>
    <dimen name="x3">1.14dp</dimen>
    <dimen name="x4">1.52dp</dimen>
    <dimen name="x5">1.90dp</dimen>
    <dimen name="x6">2.28dp</dimen>
    <dimen name="x7">2.66dp</dimen>
    <dimen name="x8">3.04dp</dimen>
    <dimen name="x9">3.42dp</dimen>
    <dimen name="x10">3.80dp</dimen>
    <dimen name="x11">4.18dp</dimen>
    <dimen name="x12">4.56dp</dimen>
    <dimen name="x13">4.94dp</dimen>
    <dimen name="x14">5.31dp</dimen>
    <dimen name="x15">5.69dp</dimen>
    <dimen name="x16">6.07dp</dimen>
    <dimen name="x17">6.45dp</dimen>
    <dimen name="x18">6.83dp</dimen>
    <dimen name="x19">7.21dp</dimen>
    <dimen name="x20">7.59dp</dimen>
    <dimen name="x21">7.97dp</dimen>
    <dimen name="x22">8.35dp</dimen>
    <dimen name="x23">8.73dp</dimen>
    <dimen name="x24">9.11dp</dimen>
    <dimen name="x25">9.49dp</dimen>
    <dimen name="x26">9.87dp</dimen>
    <dimen name="x27">10.25dp</dimen>
    <dimen name="x28">10.63dp</dimen>
    <dimen name="x29">11.01dp</dimen>
    <dimen name="x30">11.39dp</dimen>
    <dimen name="x31">11.77dp</dimen>
    <dimen name="x32">12.15dp</dimen>
    <dimen name="x33">12.53dp</dimen>
    <dimen name="x34">12.91dp</dimen>
    <dimen name="x35">13.29dp</dimen>
    <dimen name="x36">13.67dp</dimen>
    <dimen name="x37">14.05dp</dimen>
    <dimen name="x38">14.43dp</dimen>
    <dimen name="x39">14.81dp</dimen>
    <dimen name="x40">15.19dp</dimen>
    <dimen name="x41">15.56dp</dimen>
    <dimen name="x42">15.94dp</dimen>
    <dimen name="x43">16.32dp</dimen>
    <dimen name="x44">16.70dp</dimen>
    <dimen name="x45">17.08dp</dimen>
    <dimen name="x46">17.46dp</dimen>
    <dimen name="x47">17.84dp</dimen>
    <dimen name="x48">18.22dp</dimen>
    <dimen name="x49">18.60dp</dimen>
    <dimen name="x50">18.98dp</dimen>
    <dimen name="x51">19.36dp</dimen>
    <dimen name="x52">19.74dp</dimen>
    <dimen name="x53">20.12dp</dimen>
    <dimen name="x54">20.50dp</dimen>
    <dimen name="x55">20.88dp</dimen>
    <dimen name="x56">21.26dp</dimen>
    <dimen name="x57">21.64dp</dimen>
    <dimen name="x58">22.02dp</dimen>
    <dimen name="x59">22.40dp</dimen>
    <dimen name="x60">22.78dp</dimen>
    <dimen name="x61">23.16dp</dimen>
    <dimen name="x62">23.54dp</dimen>
    <dimen name="x63">23.92dp</dimen>
    <dimen name="x64">24.30dp</dimen>
    <dimen name="x65">24.68dp</dimen>
    <dimen name="x66">25.06dp</dimen>
    <dimen name="x67">25.44dp</dimen>
    <dimen name="x68">25.81dp</dimen>
    <dimen name="x69">26.19dp</dimen>
    <dimen name="x70">26.57dp</dimen>
    <dimen name="x71">26.95dp</dimen>
    <dimen name="x72">27.33dp</dimen>
    <dimen name="x73">27.71dp</dimen>
    <dimen name="x74">28.09dp</dimen>
    <dimen name="x75">28.47dp</dimen>
    <dimen name="x76">28.85dp</dimen>
    <dimen name="x77">29.23dp</dimen>
    <dimen name="x78">29.61dp</dimen>
    <dimen name="x79">29.99dp</dimen>
    <dimen name="x80">30.37dp</dimen>
    <dimen name="x81">30.75dp</dimen>
    <dimen name="x82">31.13dp</dimen>
    <dimen name="x83">31.51dp</dimen>
    <dimen name="x84">31.89dp</dimen>
    <dimen name="x85">32.27dp</dimen>
    <dimen name="x86">32.65dp</dimen>
    <dimen name="x87">33.03dp</dimen>
    <dimen name="x88">33.41dp</dimen>
    <dimen name="x89">33.79dp</dimen>
    <dimen name="x90">34.17dp</dimen>
    <dimen name="x91">34.55dp</dimen>
    <dimen name="x92">34.93dp</dimen>
    <dimen name="x93">35.31dp</dimen>
    <dimen name="x94">35.69dp</dimen>
    <dimen name="x95">36.06dp</dimen>
    <dimen name="x96">36.44dp</dimen>
    <dimen name="x97">36.82dp</dimen>
    <dimen name="x98">37.20dp</dimen>
    <dimen name="x99">37.58dp</dimen>
    <dimen name="x100">37.96dp</dimen>
    <dimen name="x101">38.34dp</dimen>
    <dimen name="x102">38.72dp</dimen>
    <dimen name="x103">39.10dp</dimen>
    <dimen name="x104">39.48dp</dimen>
    <dimen name="x105">39.86dp</dimen>
    <dimen name="x106">40.24dp</dimen>
    <dimen name="x107">40.62dp</dimen>
    <dimen name="x108">41.00dp</dimen>
    <dimen name="x109">41.38dp</dimen>
    <dimen name="x110">41.76dp</dimen>
    <dimen name="x111">42.14dp</dimen>
    <dimen name="x112">42.52dp</dimen>
    <dimen name="x113">42.90dp</dimen>
    <dimen name="x114">43.28dp</dimen>
    <dimen name="x115">43.66dp</dimen>
    <dimen name="x116">44.04dp</dimen>
    <dimen name="x117">44.42dp</dimen>
    <dimen name="x118">44.80dp</dimen>
    <dimen name="x119">45.18dp</dimen>
    <dimen name="x120">45.56dp</dimen>
    <dimen name="x121">45.94dp</dimen>
    <dimen name="x122">46.31dp</dimen>
    <dimen name="x123">46.69dp</dimen>
    <dimen name="x124">47.07dp</dimen>
    <dimen name="x125">47.45dp</dimen>
    <dimen name="x126">47.83dp</dimen>
    <dimen name="x127">48.21dp</dimen>
    <dimen name="x128">48.59dp</dimen>
    <dimen name="x129">48.97dp</dimen>
    <dimen name="x130">49.35dp</dimen>
    <dimen name="x131">49.73dp</dimen>
    <dimen name="x132">50.11dp</dimen>
    <dimen name="x133">50.49dp</dimen>
    <dimen name="x134">50.87dp</dimen>
    <dimen name="x135">51.25dp</dimen>
    <dimen name="x136">51.63dp</dimen>
    <dimen name="x137">52.01dp</dimen>
    <dimen name="x138">52.39dp</dimen>
    <dimen name="x139">52.77dp</dimen>
    <dimen name="x140">53.15dp</dimen>
    <dimen name="x141">53.53dp</dimen>
    <dimen name="x142">53.91dp</dimen>
    <dimen name="x143">54.29dp</dimen>
    <dimen name="x144">54.67dp</dimen>
    <dimen name="x145">55.05dp</dimen>
    <dimen name="x146">55.43dp</dimen>
    <dimen name="x147">55.81dp</dimen>
    <dimen name="x148">56.19dp</dimen>
    <dimen name="x149">56.56dp</dimen>
    <dimen name="x150">56.94dp</dimen>
    <dimen name="x151">57.32dp</dimen>
    <dimen name="x152">57.70dp</dimen>
    <dimen name="x153">58.08dp</dimen>
    <dimen name="x154">58.46dp</dimen>
    <dimen name="x155">58.84dp</dimen>
    <dimen name="x156">59.22dp</dimen>
    <dimen name="x157">59.60dp</dimen>
    <dimen name="x158">59.98dp</dimen>
    <dimen name="x159">60.36dp</dimen>
    <dimen name="x160">60.74dp</dimen>
    <dimen name="x161">61.12dp</dimen>
    <dimen name="x162">61.50dp</dimen>
    <dimen name="x163">61.88dp</dimen>
    <dimen name="x164">62.26dp</dimen>
    <dimen name="x165">62.64dp</dimen>
    <dimen name="x166">63.02dp</dimen>
    <dimen name="x167">63.40dp</dimen>
    <dimen name="x168">63.78dp</dimen>
    <dimen name="x169">64.16dp</dimen>
    <dimen name="x170">64.54dp</dimen>
    <dimen name="x171">64.92dp</dimen>
    <dimen name="x172">65.30dp</dimen>
    <dimen name="x173">65.68dp</dimen>
    <dimen name="x174">66.06dp</dimen>
    <dimen name="x175">66.44dp</dimen>
    <dimen name="x176">66.81dp</dimen>
    <dimen name="x177">67.19dp</dimen>
    <dimen name="x178">67.57dp</dimen>
    <dimen name="x179">67.95dp</dimen>
    <dimen name="x180">68.33dp</dimen>
    <dimen name="x181">68.71dp</dimen>
    <dimen name="x182">69.09dp</dimen>
    <dimen name="x183">69.47dp</dimen>
    <dimen name="x184">69.85dp</dimen>
    <dimen name="x185">70.23dp</dimen>
    <dimen name="x186">70.61dp</dimen>
    <dimen name="x187">70.99dp</dimen>
    <dimen name="x188">71.37dp</dimen>
    <dimen name="x189">71.75dp</dimen>
    <dimen name="x190">72.13dp</dimen>
    <dimen name="x191">72.51dp</dimen>
    <dimen name="x192">72.89dp</dimen>
    <dimen name="x193">73.27dp</dimen>
    <dimen name="x194">73.65dp</dimen>
    <dimen name="x195">74.03dp</dimen>
    <dimen name="x196">74.41dp</dimen>
    <dimen name="x197">74.79dp</dimen>
    <dimen name="x198">75.17dp</dimen>
    <dimen name="x199">75.55dp</dimen>
    <dimen name="x200">75.93dp</dimen>
    <dimen name="x201">76.31dp</dimen>
    <dimen name="x202">76.69dp</dimen>
    <dimen name="x203">77.06dp</dimen>
    <dimen name="x204">77.44dp</dimen>
    <dimen name="x205">77.82dp</dimen>
    <dimen name="x206">78.20dp</dimen>
    <dimen name="x207">78.58dp</dimen>
    <dimen name="x208">78.96dp</dimen>
    <dimen name="x209">79.34dp</dimen>
    <dimen name="x210">79.72dp</dimen>
    <dimen name="x211">80.10dp</dimen>
    <dimen name="x212">80.48dp</dimen>
    <dimen name="x213">80.86dp</dimen>
    <dimen name="x214">81.24dp</dimen>
    <dimen name="x215">81.62dp</dimen>
    <dimen name="x216">82.00dp</dimen>
    <dimen name="x217">82.38dp</dimen>
    <dimen name="x218">82.76dp</dimen>
    <dimen name="x219">83.14dp</dimen>
    <dimen name="x220">83.52dp</dimen>
    <dimen name="x221">83.90dp</dimen>
    <dimen name="x222">84.28dp</dimen>
    <dimen name="x223">84.66dp</dimen>
    <dimen name="x224">85.04dp</dimen>
    <dimen name="x225">85.42dp</dimen>
    <dimen name="x226">85.80dp</dimen>
    <dimen name="x227">86.18dp</dimen>
    <dimen name="x228">86.56dp</dimen>
    <dimen name="x229">86.94dp</dimen>
    <dimen name="x230">87.31dp</dimen>
    <dimen name="x231">87.69dp</dimen>
    <dimen name="x232">88.07dp</dimen>
    <dimen name="x233">88.45dp</dimen>
    <dimen name="x234">88.83dp</dimen>
    <dimen name="x235">89.21dp</dimen>
    <dimen name="x236">89.59dp</dimen>
    <dimen name="x237">89.97dp</dimen>
    <dimen name="x238">90.35dp</dimen>
    <dimen name="x239">90.73dp</dimen>
    <dimen name="x240">91.11dp</dimen>
    <dimen name="x241">91.49dp</dimen>
    <dimen name="x242">91.87dp</dimen>
    <dimen name="x243">92.25dp</dimen>
    <dimen name="x244">92.63dp</dimen>
    <dimen name="x245">93.01dp</dimen>
    <dimen name="x246">93.39dp</dimen>
    <dimen name="x247">93.77dp</dimen>
    <dimen name="x248">94.15dp</dimen>
    <dimen name="x249">94.53dp</dimen>
    <dimen name="x250">94.91dp</dimen>
    <dimen name="x251">95.29dp</dimen>
    <dimen name="x252">95.67dp</dimen>
    <dimen name="x253">96.05dp</dimen>
    <dimen name="x254">96.43dp</dimen>
    <dimen name="x255">96.81dp</dimen>
    <dimen name="x256">97.19dp</dimen>
    <dimen name="x257">97.56dp</dimen>
    <dimen name="x258">97.94dp</dimen>
    <dimen name="x259">98.32dp</dimen>
    <dimen name="x260">98.70dp</dimen>
    <dimen name="x261">99.08dp</dimen>
    <dimen name="x262">99.46dp</dimen>
    <dimen name="x263">99.84dp</dimen>
    <dimen name="x264">100.22dp</dimen>
    <dimen name="x265">100.60dp</dimen>
    <dimen name="x266">100.98dp</dimen>
    <dimen name="x267">101.36dp</dimen>
    <dimen name="x268">101.74dp</dimen>
    <dimen name="x269">102.12dp</dimen>
    <dimen name="x270">102.50dp</dimen>
    <dimen name="x271">102.88dp</dimen>
    <dimen name="x272">103.26dp</dimen>
    <dimen name="x273">103.64dp</dimen>
    <dimen name="x274">104.02dp</dimen>
    <dimen name="x275">104.40dp</dimen>
    <dimen name="x276">104.78dp</dimen>
    <dimen name="x277">105.16dp</dimen>
    <dimen name="x278">105.54dp</dimen>
    <dimen name="x279">105.92dp</dimen>
    <dimen name="x280">106.30dp</dimen>
    <dimen name="x281">106.68dp</dimen>
    <dimen name="x282">107.06dp</dimen>
    <dimen name="x283">107.44dp</dimen>
    <dimen name="x284">107.81dp</dimen>
    <dimen name="x285">108.19dp</dimen>
    <dimen name="x286">108.57dp</dimen>
    <dimen name="x287">108.95dp</dimen>
    <dimen name="x288">109.33dp</dimen>
    <dimen name="x289">109.71dp</dimen>
    <dimen name="x290">110.09dp</dimen>
    <dimen name="x291">110.47dp</dimen>
    <dimen name="x292">110.85dp</dimen>
    <dimen name="x293">111.23dp</dimen>
    <dimen name="x294">111.61dp</dimen>
    <dimen name="x295">111.99dp</dimen>
    <dimen name="x296">112.37dp</dimen>
    <dimen name="x297">112.75dp</dimen>
    <dimen name="x298">113.13dp</dimen>
    <dimen name="x299">113.51dp</dimen>
    <dimen name="x300">113.89dp</dimen>
    <dimen name="x301">114.27dp</dimen>
    <dimen name="x302">114.65dp</dimen>
    <dimen name="x303">115.03dp</dimen>
    <dimen name="x304">115.41dp</dimen>
    <dimen name="x305">115.79dp</dimen>
    <dimen name="x306">116.17dp</dimen>
    <dimen name="x307">116.55dp</dimen>
    <dimen name="x308">116.93dp</dimen>
    <dimen name="x309">117.31dp</dimen>
    <dimen name="x310">117.69dp</dimen>
    <dimen name="x311">118.06dp</dimen>
    <dimen name="x312">118.44dp</dimen>
    <dimen name="x313">118.82dp</dimen>
    <dimen name="x314">119.20dp</dimen>
    <dimen name="x315">119.58dp</dimen>
    <dimen name="x316">119.96dp</dimen>
    <dimen name="x317">120.34dp</dimen>
    <dimen name="x318">120.72dp</dimen>
    <dimen name="x319">121.10dp</dimen>
    <dimen name="x320">121.48dp</dimen>
    <dimen name="x321">121.86dp</dimen>
    <dimen name="x322">122.24dp</dimen>
    <dimen name="x323">122.62dp</dimen>
    <dimen name="x324">123.00dp</dimen>
    <dimen name="x325">123.38dp</dimen>
    <dimen name="x326">123.76dp</dimen>
    <dimen name="x327">124.14dp</dimen>
    <dimen name="x328">124.52dp</dimen>
    <dimen name="x329">124.90dp</dimen>
    <dimen name="x330">125.28dp</dimen>
    <dimen name="x331">125.66dp</dimen>
    <dimen name="x332">126.04dp</dimen>
    <dimen name="x333">126.42dp</dimen>
    <dimen name="x334">126.80dp</dimen>
    <dimen name="x335">127.18dp</dimen>
    <dimen name="x336">127.56dp</dimen>
    <dimen name="x337">127.94dp</dimen>
    <dimen name="x338">128.31dp</dimen>
    <dimen name="x339">128.69dp</dimen>
    <dimen name="x340">129.07dp</dimen>
    <dimen name="x341">129.45dp</dimen>
    <dimen name="x342">129.83dp</dimen>
    <dimen name="x343">130.21dp</dimen>
    <dimen name="x344">130.59dp</dimen>
    <dimen name="x345">130.97dp</dimen>
    <dimen name="x346">131.35dp</dimen>
    <dimen name="x347">131.73dp</dimen>
    <dimen name="x348">132.11dp</dimen>
    <dimen name="x349">132.49dp</dimen>
    <dimen name="x350">132.87dp</dimen>
    <dimen name="x351">133.25dp</dimen>
    <dimen name="x352">133.63dp</dimen>
    <dimen name="x353">134.01dp</dimen>
    <dimen name="x354">134.39dp</dimen>
    <dimen name="x355">134.77dp</dimen>
    <dimen name="x356">135.15dp</dimen>
    <dimen name="x357">135.53dp</dimen>
    <dimen name="x358">135.91dp</dimen>
    <dimen name="x359">136.29dp</dimen>
    <dimen name="x360">136.67dp</dimen>
    <dimen name="x361">137.05dp</dimen>
    <dimen name="x362">137.43dp</dimen>
    <dimen name="x363">137.81dp</dimen>
    <dimen name="x364">138.19dp</dimen>
    <dimen name="x365">138.56dp</dimen>
    <dimen name="x366">138.94dp</dimen>
    <dimen name="x367">139.32dp</dimen>
    <dimen name="x368">139.70dp</dimen>
    <dimen name="x369">140.08dp</dimen>
    <dimen name="x370">140.46dp</dimen>
    <dimen name="x371">140.84dp</dimen>
    <dimen name="x372">141.22dp</dimen>
    <dimen name="x373">141.60dp</dimen>
    <dimen name="x374">141.98dp</dimen>
    <dimen name="x375">142.36dp</dimen>
    <dimen name="x376">142.74dp</dimen>
    <dimen name="x377">143.12dp</dimen>
    <dimen name="x378">143.50dp</dimen>
    <dimen name="x379">143.88dp</dimen>
    <dimen name="x380">144.26dp</dimen>
    <dimen name="x381">144.64dp</dimen>
    <dimen name="x382">145.02dp</dimen>
    <dimen name="x383">145.40dp</dimen>
    <dimen name="x384">145.78dp</dimen>
    <dimen name="x385">146.16dp</dimen>
    <dimen name="x386">146.54dp</dimen>
    <dimen name="x387">146.92dp</dimen>
    <dimen name="x388">147.30dp</dimen>
    <dimen name="x389">147.68dp</dimen>
    <dimen name="x390">148.06dp</dimen>
    <dimen name="x391">148.44dp</dimen>
    <dimen name="x392">148.81dp</dimen>
    <dimen name="x393">149.19dp</dimen>
    <dimen name="x394">149.57dp</dimen>
    <dimen name="x395">149.95dp</dimen>
    <dimen name="x396">150.33dp</dimen>
    <dimen name="x397">150.71dp</dimen>
    <dimen name="x398">151.09dp</dimen>
    <dimen name="x399">151.47dp</dimen>
    <dimen name="x400">151.85dp</dimen>
    <dimen name="x401">152.23dp</dimen>
    <dimen name="x402">152.61dp</dimen>
    <dimen name="x403">152.99dp</dimen>
    <dimen name="x404">153.37dp</dimen>
    <dimen name="x405">153.75dp</dimen>
    <dimen name="x406">154.13dp</dimen>
    <dimen name="x407">154.51dp</dimen>
    <dimen name="x408">154.89dp</dimen>
    <dimen name="x409">155.27dp</dimen>
    <dimen name="x410">155.65dp</dimen>
    <dimen name="x411">156.03dp</dimen>
    <dimen name="x412">156.41dp</dimen>
    <dimen name="x413">156.79dp</dimen>
    <dimen name="x414">157.17dp</dimen>
    <dimen name="x415">157.55dp</dimen>
    <dimen name="x416">157.93dp</dimen>
    <dimen name="x417">158.31dp</dimen>
    <dimen name="x418">158.69dp</dimen>
    <dimen name="x419">159.06dp</dimen>
    <dimen name="x420">159.44dp</dimen>
    <dimen name="x421">159.82dp</dimen>
    <dimen name="x422">160.20dp</dimen>
    <dimen name="x423">160.58dp</dimen>
    <dimen name="x424">160.96dp</dimen>
    <dimen name="x425">161.34dp</dimen>
    <dimen name="x426">161.72dp</dimen>
    <dimen name="x427">162.10dp</dimen>
    <dimen name="x428">162.48dp</dimen>
    <dimen name="x429">162.86dp</dimen>
    <dimen name="x430">163.24dp</dimen>
    <dimen name="x431">163.62dp</dimen>
    <dimen name="x432">164.00dp</dimen>
    <dimen name="x433">164.38dp</dimen>
    <dimen name="x434">164.76dp</dimen>
    <dimen name="x435">165.14dp</dimen>
    <dimen name="x436">165.52dp</dimen>
    <dimen name="x437">165.90dp</dimen>
    <dimen name="x438">166.28dp</dimen>
    <dimen name="x439">166.66dp</dimen>
    <dimen name="x440">167.04dp</dimen>
    <dimen name="x441">167.42dp</dimen>
    <dimen name="x442">167.80dp</dimen>
    <dimen name="x443">168.18dp</dimen>
    <dimen name="x444">168.56dp</dimen>
    <dimen name="x445">168.94dp</dimen>
    <dimen name="x446">169.31dp</dimen>
    <dimen name="x447">169.69dp</dimen>
    <dimen name="x448">170.07dp</dimen>
    <dimen name="x449">170.45dp</dimen>
    <dimen name="x450">170.83dp</dimen>
    <dimen name="x451">171.21dp</dimen>
    <dimen name="x452">171.59dp</dimen>
    <dimen name="x453">171.97dp</dimen>
    <dimen name="x454">172.35dp</dimen>
    <dimen name="x455">172.73dp</dimen>
    <dimen name="x456">173.11dp</dimen>
    <dimen name="x457">173.49dp</dimen>
    <dimen name="x458">173.87dp</dimen>
    <dimen name="x459">174.25dp</dimen>
    <dimen name="x460">174.63dp</dimen>
    <dimen name="x461">175.01dp</dimen>
    <dimen name="x462">175.39dp</dimen>
    <dimen name="x463">175.77dp</dimen>
    <dimen name="x464">176.15dp</dimen>
    <dimen name="x465">176.53dp</dimen>
    <dimen name="x466">176.91dp</dimen>
    <dimen name="x467">177.29dp</dimen>
    <dimen name="x468">177.67dp</dimen>
    <dimen name="x469">178.05dp</dimen>
    <dimen name="x470">178.43dp</dimen>
    <dimen name="x471">178.81dp</dimen>
    <dimen name="x472">179.19dp</dimen>
    <dimen name="x473">179.56dp</dimen>
    <dimen name="x474">179.94dp</dimen>
    <dimen name="x475">180.32dp</dimen>
    <dimen name="x476">180.70dp</dimen>
    <dimen name="x477">181.08dp</dimen>
    <dimen name="x478">181.46dp</dimen>
    <dimen name="x479">181.84dp</dimen>
    <dimen name="x480">182.22dp</dimen>
    <dimen name="x481">182.60dp</dimen>
    <dimen name="x482">182.98dp</dimen>
    <dimen name="x483">183.36dp</dimen>
    <dimen name="x484">183.74dp</dimen>
    <dimen name="x485">184.12dp</dimen>
    <dimen name="x486">184.50dp</dimen>
    <dimen name="x487">184.88dp</dimen>
    <dimen name="x488">185.26dp</dimen>
    <dimen name="x489">185.64dp</dimen>
    <dimen name="x490">186.02dp</dimen>
    <dimen name="x491">186.40dp</dimen>
    <dimen name="x492">186.78dp</dimen>
    <dimen name="x493">187.16dp</dimen>
    <dimen name="x494">187.54dp</dimen>
    <dimen name="x495">187.92dp</dimen>
    <dimen name="x496">188.30dp</dimen>
    <dimen name="x497">188.68dp</dimen>
    <dimen name="x498">189.06dp</dimen>
    <dimen name="x499">189.44dp</dimen>
    <dimen name="x500">189.81dp</dimen>
    <dimen name="x501">190.19dp</dimen>
    <dimen name="x502">190.57dp</dimen>
    <dimen name="x503">190.95dp</dimen>
    <dimen name="x504">191.33dp</dimen>
    <dimen name="x505">191.71dp</dimen>
    <dimen name="x506">192.09dp</dimen>
    <dimen name="x507">192.47dp</dimen>
    <dimen name="x508">192.85dp</dimen>
    <dimen name="x509">193.23dp</dimen>
    <dimen name="x510">193.61dp</dimen>
    <dimen name="x511">193.99dp</dimen>
    <dimen name="x512">194.37dp</dimen>
    <dimen name="x513">194.75dp</dimen>
    <dimen name="x514">195.13dp</dimen>
    <dimen name="x515">195.51dp</dimen>
    <dimen name="x516">195.89dp</dimen>
    <dimen name="x517">196.27dp</dimen>
    <dimen name="x518">196.65dp</dimen>
    <dimen name="x519">197.03dp</dimen>
    <dimen name="x520">197.41dp</dimen>
    <dimen name="x521">197.79dp</dimen>
    <dimen name="x522">198.17dp</dimen>
    <dimen name="x523">198.55dp</dimen>
    <dimen name="x524">198.93dp</dimen>
    <dimen name="x525">199.31dp</dimen>
    <dimen name="x526">199.69dp</dimen>
    <dimen name="x527">200.06dp</dimen>
    <dimen name="x528">200.44dp</dimen>
    <dimen name="x529">200.82dp</dimen>
    <dimen name="x530">201.20dp</dimen>
    <dimen name="x531">201.58dp</dimen>
    <dimen name="x532">201.96dp</dimen>
    <dimen name="x533">202.34dp</dimen>
    <dimen name="x534">202.72dp</dimen>
    <dimen name="x535">203.10dp</dimen>
    <dimen name="x536">203.48dp</dimen>
    <dimen name="x537">203.86dp</dimen>
    <dimen name="x538">204.24dp</dimen>
    <dimen name="x539">204.62dp</dimen>
    <dimen name="x540">205.00dp</dimen>
    <dimen name="x541">205.38dp</dimen>
    <dimen name="x542">205.76dp</dimen>
    <dimen name="x543">206.14dp</dimen>
    <dimen name="x544">206.52dp</dimen>
    <dimen name="x545">206.90dp</dimen>
    <dimen name="x546">207.28dp</dimen>
    <dimen name="x547">207.66dp</dimen>
    <dimen name="x548">208.04dp</dimen>
    <dimen name="x549">208.42dp</dimen>
    <dimen name="x550">208.80dp</dimen>
    <dimen name="x551">209.18dp</dimen>
    <dimen name="x552">209.56dp</dimen>
    <dimen name="x553">209.94dp</dimen>
    <dimen name="x554">210.31dp</dimen>
    <dimen name="x555">210.69dp</dimen>
    <dimen name="x556">211.07dp</dimen>
    <dimen name="x557">211.45dp</dimen>
    <dimen name="x558">211.83dp</dimen>
    <dimen name="x559">212.21dp</dimen>
    <dimen name="x560">212.59dp</dimen>
    <dimen name="x561">212.97dp</dimen>
    <dimen name="x562">213.35dp</dimen>
    <dimen name="x563">213.73dp</dimen>
    <dimen name="x564">214.11dp</dimen>
    <dimen name="x565">214.49dp</dimen>
    <dimen name="x566">214.87dp</dimen>
    <dimen name="x567">215.25dp</dimen>
    <dimen name="x568">215.63dp</dimen>
    <dimen name="x569">216.01dp</dimen>
    <dimen name="x570">216.39dp</dimen>
    <dimen name="x571">216.77dp</dimen>
    <dimen name="x572">217.15dp</dimen>
    <dimen name="x573">217.53dp</dimen>
    <dimen name="x574">217.91dp</dimen>
    <dimen name="x575">218.29dp</dimen>
    <dimen name="x576">218.67dp</dimen>
    <dimen name="x577">219.05dp</dimen>
    <dimen name="x578">219.43dp</dimen>
    <dimen name="x579">219.81dp</dimen>
    <dimen name="x580">220.19dp</dimen>
    <dimen name="x581">220.56dp</dimen>
    <dimen name="x582">220.94dp</dimen>
    <dimen name="x583">221.32dp</dimen>
    <dimen name="x584">221.70dp</dimen>
    <dimen name="x585">222.08dp</dimen>
    <dimen name="x586">222.46dp</dimen>
    <dimen name="x587">222.84dp</dimen>
    <dimen name="x588">223.22dp</dimen>
    <dimen name="x589">223.60dp</dimen>
    <dimen name="x590">223.98dp</dimen>
    <dimen name="x591">224.36dp</dimen>
    <dimen name="x592">224.74dp</dimen>
    <dimen name="x593">225.12dp</dimen>
    <dimen name="x594">225.50dp</dimen>
    <dimen name="x595">225.88dp</dimen>
    <dimen name="x596">226.26dp</dimen>
    <dimen name="x597">226.64dp</dimen>
    <dimen name="x598">227.02dp</dimen>
    <dimen name="x599">227.40dp</dimen>
    <dimen name="x600">227.78dp</dimen>
    <dimen name="x601">228.16dp</dimen>
    <dimen name="x602">228.54dp</dimen>
    <dimen name="x603">228.92dp</dimen>
    <dimen name="x604">229.30dp</dimen>
    <dimen name="x605">229.68dp</dimen>
    <dimen name="x606">230.06dp</dimen>
    <dimen name="x607">230.44dp</dimen>
    <dimen name="x608">230.81dp</dimen>
    <dimen name="x609">231.19dp</dimen>
    <dimen name="x610">231.57dp</dimen>
    <dimen name="x611">231.95dp</dimen>
    <dimen name="x612">232.33dp</dimen>
    <dimen name="x613">232.71dp</dimen>
    <dimen name="x614">233.09dp</dimen>
    <dimen name="x615">233.47dp</dimen>
    <dimen name="x616">233.85dp</dimen>
    <dimen name="x617">234.23dp</dimen>
    <dimen name="x618">234.61dp</dimen>
    <dimen name="x619">234.99dp</dimen>
    <dimen name="x620">235.37dp</dimen>
    <dimen name="x621">235.75dp</dimen>
    <dimen name="x622">236.13dp</dimen>
    <dimen name="x623">236.51dp</dimen>
    <dimen name="x624">236.89dp</dimen>
    <dimen name="x625">237.27dp</dimen>
    <dimen name="x626">237.65dp</dimen>
    <dimen name="x627">238.03dp</dimen>
    <dimen name="x628">238.41dp</dimen>
    <dimen name="x629">238.79dp</dimen>
    <dimen name="x630">239.17dp</dimen>
    <dimen name="x631">239.55dp</dimen>
    <dimen name="x632">239.93dp</dimen>
    <dimen name="x633">240.31dp</dimen>
    <dimen name="x634">240.69dp</dimen>
    <dimen name="x635">241.06dp</dimen>
    <dimen name="x636">241.44dp</dimen>
    <dimen name="x637">241.82dp</dimen>
    <dimen name="x638">242.20dp</dimen>
    <dimen name="x639">242.58dp</dimen>
    <dimen name="x640">242.96dp</dimen>
    <dimen name="x641">243.34dp</dimen>
    <dimen name="x642">243.72dp</dimen>
    <dimen name="x643">244.10dp</dimen>
    <dimen name="x644">244.48dp</dimen>
    <dimen name="x645">244.86dp</dimen>
    <dimen name="x646">245.24dp</dimen>
    <dimen name="x647">245.62dp</dimen>
    <dimen name="x648">246.00dp</dimen>
    <dimen name="x649">246.38dp</dimen>
    <dimen name="x650">246.76dp</dimen>
    <dimen name="x651">247.14dp</dimen>
    <dimen name="x652">247.52dp</dimen>
    <dimen name="x653">247.90dp</dimen>
    <dimen name="x654">248.28dp</dimen>
    <dimen name="x655">248.66dp</dimen>
    <dimen name="x656">249.04dp</dimen>
    <dimen name="x657">249.42dp</dimen>
    <dimen name="x658">249.80dp</dimen>
    <dimen name="x659">250.18dp</dimen>
    <dimen name="x660">250.56dp</dimen>
    <dimen name="x661">250.94dp</dimen>
    <dimen name="x662">251.31dp</dimen>
    <dimen name="x663">251.69dp</dimen>
    <dimen name="x664">252.07dp</dimen>
    <dimen name="x665">252.45dp</dimen>
    <dimen name="x666">252.83dp</dimen>
    <dimen name="x667">253.21dp</dimen>
    <dimen name="x668">253.59dp</dimen>
    <dimen name="x669">253.97dp</dimen>
    <dimen name="x670">254.35dp</dimen>
    <dimen name="x671">254.73dp</dimen>
    <dimen name="x672">255.11dp</dimen>
    <dimen name="x673">255.49dp</dimen>
    <dimen name="x674">255.87dp</dimen>
    <dimen name="x675">256.25dp</dimen>
    <dimen name="x676">256.63dp</dimen>
    <dimen name="x677">257.01dp</dimen>
    <dimen name="x678">257.39dp</dimen>
    <dimen name="x679">257.77dp</dimen>
    <dimen name="x680">258.15dp</dimen>
    <dimen name="x681">258.53dp</dimen>
    <dimen name="x682">258.91dp</dimen>
    <dimen name="x683">259.29dp</dimen>
    <dimen name="x684">259.67dp</dimen>
    <dimen name="x685">260.05dp</dimen>
    <dimen name="x686">260.43dp</dimen>
    <dimen name="x687">260.81dp</dimen>
    <dimen name="x688">261.19dp</dimen>
    <dimen name="x689">261.56dp</dimen>
    <dimen name="x690">261.94dp</dimen>
    <dimen name="x691">262.32dp</dimen>
    <dimen name="x692">262.70dp</dimen>
    <dimen name="x693">263.08dp</dimen>
    <dimen name="x694">263.46dp</dimen>
    <dimen name="x695">263.84dp</dimen>
    <dimen name="x696">264.22dp</dimen>
    <dimen name="x697">264.60dp</dimen>
    <dimen name="x698">264.98dp</dimen>
    <dimen name="x699">265.36dp</dimen>
    <dimen name="x700">265.74dp</dimen>
    <dimen name="x701">266.12dp</dimen>
    <dimen name="x702">266.50dp</dimen>
    <dimen name="x703">266.88dp</dimen>
    <dimen name="x704">267.26dp</dimen>
    <dimen name="x705">267.64dp</dimen>
    <dimen name="x706">268.02dp</dimen>
    <dimen name="x707">268.40dp</dimen>
    <dimen name="x708">268.78dp</dimen>
    <dimen name="x709">269.16dp</dimen>
    <dimen name="x710">269.54dp</dimen>
    <dimen name="x711">269.92dp</dimen>
    <dimen name="x712">270.30dp</dimen>
    <dimen name="x713">270.68dp</dimen>
    <dimen name="x714">271.06dp</dimen>
    <dimen name="x715">271.44dp</dimen>
    <dimen name="x716">271.81dp</dimen>
    <dimen name="x717">272.19dp</dimen>
    <dimen name="x718">272.57dp</dimen>
    <dimen name="x719">272.95dp</dimen>
    <dimen name="x720">273.33dp</dimen>
    <dimen name="x721">273.71dp</dimen>
    <dimen name="x722">274.09dp</dimen>
    <dimen name="x723">274.47dp</dimen>
    <dimen name="x724">274.85dp</dimen>
    <dimen name="x725">275.23dp</dimen>
    <dimen name="x726">275.61dp</dimen>
    <dimen name="x727">275.99dp</dimen>
    <dimen name="x728">276.37dp</dimen>
    <dimen name="x729">276.75dp</dimen>
    <dimen name="x730">277.13dp</dimen>
    <dimen name="x731">277.51dp</dimen>
    <dimen name="x732">277.89dp</dimen>
    <dimen name="x733">278.27dp</dimen>
    <dimen name="x734">278.65dp</dimen>
    <dimen name="x735">279.03dp</dimen>
    <dimen name="x736">279.41dp</dimen>
    <dimen name="x737">279.79dp</dimen>
    <dimen name="x738">280.17dp</dimen>
    <dimen name="x739">280.55dp</dimen>
    <dimen name="x740">280.93dp</dimen>
    <dimen name="x741">281.31dp</dimen>
    <dimen name="x742">281.69dp</dimen>
    <dimen name="x743">282.06dp</dimen>
    <dimen name="x744">282.44dp</dimen>
    <dimen name="x745">282.82dp</dimen>
    <dimen name="x746">283.20dp</dimen>
    <dimen name="x747">283.58dp</dimen>
    <dimen name="x748">283.96dp</dimen>
    <dimen name="x749">284.34dp</dimen>
    <dimen name="x750">284.72dp</dimen>
    <dimen name="x751">285.10dp</dimen>
    <dimen name="x752">285.48dp</dimen>
    <dimen name="x753">285.86dp</dimen>
    <dimen name="x754">286.24dp</dimen>
    <dimen name="x755">286.62dp</dimen>
    <dimen name="x756">287.00dp</dimen>
    <dimen name="x757">287.38dp</dimen>
    <dimen name="x758">287.76dp</dimen>
    <dimen name="x759">288.14dp</dimen>
    <dimen name="x760">288.52dp</dimen>
    <dimen name="x761">288.90dp</dimen>
    <dimen name="x762">289.28dp</dimen>
    <dimen name="x763">289.66dp</dimen>
    <dimen name="x764">290.04dp</dimen>
    <dimen name="x765">290.42dp</dimen>
    <dimen name="x766">290.80dp</dimen>
    <dimen name="x767">291.18dp</dimen>
    <dimen name="x768">291.56dp</dimen>
    <dimen name="x769">291.94dp</dimen>
    <dimen name="x770">292.31dp</dimen>
    <dimen name="x771">292.69dp</dimen>
    <dimen name="x772">293.07dp</dimen>
    <dimen name="x773">293.45dp</dimen>
    <dimen name="x774">293.83dp</dimen>
    <dimen name="x775">294.21dp</dimen>
    <dimen name="x776">294.59dp</dimen>
    <dimen name="x777">294.97dp</dimen>
    <dimen name="x778">295.35dp</dimen>
    <dimen name="x779">295.73dp</dimen>
    <dimen name="x780">296.11dp</dimen>
    <dimen name="x781">296.49dp</dimen>
    <dimen name="x782">296.87dp</dimen>
    <dimen name="x783">297.25dp</dimen>
    <dimen name="x784">297.63dp</dimen>
    <dimen name="x785">298.01dp</dimen>
    <dimen name="x786">298.39dp</dimen>
    <dimen name="x787">298.77dp</dimen>
    <dimen name="x788">299.15dp</dimen>
    <dimen name="x789">299.53dp</dimen>
    <dimen name="x790">299.91dp</dimen>
    <dimen name="x791">300.29dp</dimen>
    <dimen name="x792">300.67dp</dimen>
    <dimen name="x793">301.05dp</dimen>
    <dimen name="x794">301.43dp</dimen>
    <dimen name="x795">301.81dp</dimen>
    <dimen name="x796">302.19dp</dimen>
    <dimen name="x797">302.56dp</dimen>
    <dimen name="x798">302.94dp</dimen>
    <dimen name="x799">303.32dp</dimen>
    <dimen name="x800">303.70dp</dimen>
    <dimen name="x801">304.08dp</dimen>
    <dimen name="x802">304.46dp</dimen>
    <dimen name="x803">304.84dp</dimen>
    <dimen name="x804">305.22dp</dimen>
    <dimen name="x805">305.60dp</dimen>
    <dimen name="x806">305.98dp</dimen>
    <dimen name="x807">306.36dp</dimen>
    <dimen name="x808">306.74dp</dimen>
    <dimen name="x809">307.12dp</dimen>
    <dimen name="x810">307.50dp</dimen>
    <dimen name="x811">307.88dp</dimen>
    <dimen name="x812">308.26dp</dimen>
    <dimen name="x813">308.64dp</dimen>
    <dimen name="x814">309.02dp</dimen>
    <dimen name="x815">309.40dp</dimen>
    <dimen name="x816">309.78dp</dimen>
    <dimen name="x817">310.16dp</dimen>
    <dimen name="x818">310.54dp</dimen>
    <dimen name="x819">310.92dp</dimen>
    <dimen name="x820">311.30dp</dimen>
    <dimen name="x821">311.68dp</dimen>
    <dimen name="x822">312.06dp</dimen>
    <dimen name="x823">312.44dp</dimen>
    <dimen name="x824">312.81dp</dimen>
    <dimen name="x825">313.19dp</dimen>
    <dimen name="x826">313.57dp</dimen>
    <dimen name="x827">313.95dp</dimen>
    <dimen name="x828">314.33dp</dimen>
    <dimen name="x829">314.71dp</dimen>
    <dimen name="x830">315.09dp</dimen>
    <dimen name="x831">315.47dp</dimen>
    <dimen name="x832">315.85dp</dimen>
    <dimen name="x833">316.23dp</dimen>
    <dimen name="x834">316.61dp</dimen>
    <dimen name="x835">316.99dp</dimen>
    <dimen name="x836">317.37dp</dimen>
    <dimen name="x837">317.75dp</dimen>
    <dimen name="x838">318.13dp</dimen>
    <dimen name="x839">318.51dp</dimen>
    <dimen name="x840">318.89dp</dimen>
    <dimen name="x841">319.27dp</dimen>
    <dimen name="x842">319.65dp</dimen>
    <dimen name="x843">320.03dp</dimen>
    <dimen name="x844">320.41dp</dimen>
    <dimen name="x845">320.79dp</dimen>
    <dimen name="x846">321.17dp</dimen>
    <dimen name="x847">321.55dp</dimen>
    <dimen name="x848">321.93dp</dimen>
    <dimen name="x849">322.31dp</dimen>
    <dimen name="x850">322.69dp</dimen>
    <dimen name="x851">323.06dp</dimen>
    <dimen name="x852">323.44dp</dimen>
    <dimen name="x853">323.82dp</dimen>
    <dimen name="x854">324.20dp</dimen>
    <dimen name="x855">324.58dp</dimen>
    <dimen name="x856">324.96dp</dimen>
    <dimen name="x857">325.34dp</dimen>
    <dimen name="x858">325.72dp</dimen>
    <dimen name="x859">326.10dp</dimen>
    <dimen name="x860">326.48dp</dimen>
    <dimen name="x861">326.86dp</dimen>
    <dimen name="x862">327.24dp</dimen>
    <dimen name="x863">327.62dp</dimen>
    <dimen name="x864">328.00dp</dimen>
    <dimen name="x865">328.38dp</dimen>
    <dimen name="x866">328.76dp</dimen>
    <dimen name="x867">329.14dp</dimen>
    <dimen name="x868">329.52dp</dimen>
    <dimen name="x869">329.90dp</dimen>
    <dimen name="x870">330.28dp</dimen>
    <dimen name="x871">330.66dp</dimen>
    <dimen name="x872">331.04dp</dimen>
    <dimen name="x873">331.42dp</dimen>
    <dimen name="x874">331.80dp</dimen>
    <dimen name="x875">332.18dp</dimen>
    <dimen name="x876">332.56dp</dimen>
    <dimen name="x877">332.94dp</dimen>
    <dimen name="x878">333.31dp</dimen>
    <dimen name="x879">333.69dp</dimen>
    <dimen name="x880">334.07dp</dimen>
    <dimen name="x881">334.45dp</dimen>
    <dimen name="x882">334.83dp</dimen>
    <dimen name="x883">335.21dp</dimen>
    <dimen name="x884">335.59dp</dimen>
    <dimen name="x885">335.97dp</dimen>
    <dimen name="x886">336.35dp</dimen>
    <dimen name="x887">336.73dp</dimen>
    <dimen name="x888">337.11dp</dimen>
    <dimen name="x889">337.49dp</dimen>
    <dimen name="x890">337.87dp</dimen>
    <dimen name="x891">338.25dp</dimen>
    <dimen name="x892">338.63dp</dimen>
    <dimen name="x893">339.01dp</dimen>
    <dimen name="x894">339.39dp</dimen>
    <dimen name="x895">339.77dp</dimen>
    <dimen name="x896">340.15dp</dimen>
    <dimen name="x897">340.53dp</dimen>
    <dimen name="x898">340.91dp</dimen>
    <dimen name="x899">341.29dp</dimen>
    <dimen name="x900">341.67dp</dimen>
    <dimen name="x901">342.05dp</dimen>
    <dimen name="x902">342.43dp</dimen>
    <dimen name="x903">342.81dp</dimen>
    <dimen name="x904">343.19dp</dimen>
    <dimen name="x905">343.56dp</dimen>
    <dimen name="x906">343.94dp</dimen>
    <dimen name="x907">344.32dp</dimen>
    <dimen name="x908">344.70dp</dimen>
    <dimen name="x909">345.08dp</dimen>
    <dimen name="x910">345.46dp</dimen>
    <dimen name="x911">345.84dp</dimen>
    <dimen name="x912">346.22dp</dimen>
    <dimen name="x913">346.60dp</dimen>
    <dimen name="x914">346.98dp</dimen>
    <dimen name="x915">347.36dp</dimen>
    <dimen name="x916">347.74dp</dimen>
    <dimen name="x917">348.12dp</dimen>
    <dimen name="x918">348.50dp</dimen>
    <dimen name="x919">348.88dp</dimen>
    <dimen name="x920">349.26dp</dimen>
    <dimen name="x921">349.64dp</dimen>
    <dimen name="x922">350.02dp</dimen>
    <dimen name="x923">350.40dp</dimen>
    <dimen name="x924">350.78dp</dimen>
    <dimen name="x925">351.16dp</dimen>
    <dimen name="x926">351.54dp</dimen>
    <dimen name="x927">351.92dp</dimen>
    <dimen name="x928">352.30dp</dimen>
    <dimen name="x929">352.68dp</dimen>
    <dimen name="x930">353.06dp</dimen>
    <dimen name="x931">353.44dp</dimen>
    <dimen name="x932">353.81dp</dimen>
    <dimen name="x933">354.19dp</dimen>
    <dimen name="x934">354.57dp</dimen>
    <dimen name="x935">354.95dp</dimen>
    <dimen name="x936">355.33dp</dimen>
    <dimen name="x937">355.71dp</dimen>
    <dimen name="x938">356.09dp</dimen>
    <dimen name="x939">356.47dp</dimen>
    <dimen name="x940">356.85dp</dimen>
    <dimen name="x941">357.23dp</dimen>
    <dimen name="x942">357.61dp</dimen>
    <dimen name="x943">357.99dp</dimen>
    <dimen name="x944">358.37dp</dimen>
    <dimen name="x945">358.75dp</dimen>
    <dimen name="x946">359.13dp</dimen>
    <dimen name="x947">359.51dp</dimen>
    <dimen name="x948">359.89dp</dimen>
    <dimen name="x949">360.27dp</dimen>
    <dimen name="x950">360.65dp</dimen>
    <dimen name="x951">361.03dp</dimen>
    <dimen name="x952">361.41dp</dimen>
    <dimen name="x953">361.79dp</dimen>
    <dimen name="x954">362.17dp</dimen>
    <dimen name="x955">362.55dp</dimen>
    <dimen name="x956">362.93dp</dimen>
    <dimen name="x957">363.31dp</dimen>
    <dimen name="x958">363.69dp</dimen>
    <dimen name="x959">364.06dp</dimen>
    <dimen name="x960">364.44dp</dimen>
    <dimen name="x961">364.82dp</dimen>
    <dimen name="x962">365.20dp</dimen>
    <dimen name="x963">365.58dp</dimen>
    <dimen name="x964">365.96dp</dimen>
    <dimen name="x965">366.34dp</dimen>
    <dimen name="x966">366.72dp</dimen>
    <dimen name="x967">367.10dp</dimen>
    <dimen name="x968">367.48dp</dimen>
    <dimen name="x969">367.86dp</dimen>
    <dimen name="x970">368.24dp</dimen>
    <dimen name="x971">368.62dp</dimen>
    <dimen name="x972">369.00dp</dimen>
    <dimen name="x973">369.38dp</dimen>
    <dimen name="x974">369.76dp</dimen>
    <dimen name="x975">370.14dp</dimen>
    <dimen name="x976">370.52dp</dimen>
    <dimen name="x977">370.90dp</dimen>
    <dimen name="x978">371.28dp</dimen>
    <dimen name="x979">371.66dp</dimen>
    <dimen name="x980">372.04dp</dimen>
    <dimen name="x981">372.42dp</dimen>
    <dimen name="x982">372.80dp</dimen>
    <dimen name="x983">373.18dp</dimen>
    <dimen name="x984">373.56dp</dimen>
    <dimen name="x985">373.94dp</dimen>
    <dimen name="x986">374.31dp</dimen>
    <dimen name="x987">374.69dp</dimen>
    <dimen name="x988">375.07dp</dimen>
    <dimen name="x989">375.45dp</dimen>
    <dimen name="x990">375.83dp</dimen>
    <dimen name="x991">376.21dp</dimen>
    <dimen name="x992">376.59dp</dimen>
    <dimen name="x993">376.97dp</dimen>
    <dimen name="x994">377.35dp</dimen>
    <dimen name="x995">377.73dp</dimen>
    <dimen name="x996">378.11dp</dimen>
    <dimen name="x997">378.49dp</dimen>
    <dimen name="x998">378.87dp</dimen>
    <dimen name="x999">379.25dp</dimen>
    <dimen name="x1000">379.63dp</dimen>
    <dimen name="x1001">380.01dp</dimen>
    <dimen name="x1002">380.39dp</dimen>
    <dimen name="x1003">380.77dp</dimen>
    <dimen name="x1004">381.15dp</dimen>
    <dimen name="x1005">381.53dp</dimen>
    <dimen name="x1006">381.91dp</dimen>
    <dimen name="x1007">382.29dp</dimen>
    <dimen name="x1008">382.67dp</dimen>
    <dimen name="x1009">383.05dp</dimen>
    <dimen name="x1010">383.43dp</dimen>
    <dimen name="x1011">383.81dp</dimen>
    <dimen name="x1012">384.19dp</dimen>
    <dimen name="x1013">384.56dp</dimen>
    <dimen name="x1014">384.94dp</dimen>
    <dimen name="x1015">385.32dp</dimen>
    <dimen name="x1016">385.70dp</dimen>
    <dimen name="x1017">386.08dp</dimen>
    <dimen name="x1018">386.46dp</dimen>
    <dimen name="x1019">386.84dp</dimen>
    <dimen name="x1020">387.22dp</dimen>
    <dimen name="x1021">387.60dp</dimen>
    <dimen name="x1022">387.98dp</dimen>
    <dimen name="x1023">388.36dp</dimen>
    <dimen name="x1024">388.74dp</dimen>
    <dimen name="x1025">389.12dp</dimen>
    <dimen name="x1026">389.50dp</dimen>
    <dimen name="x1027">389.88dp</dimen>
    <dimen name="x1028">390.26dp</dimen>
    <dimen name="x1029">390.64dp</dimen>
    <dimen name="x1030">391.02dp</dimen>
    <dimen name="x1031">391.40dp</dimen>
    <dimen name="x1032">391.78dp</dimen>
    <dimen name="x1033">392.16dp</dimen>
    <dimen name="x1034">392.54dp</dimen>
    <dimen name="x1035">392.92dp</dimen>
    <dimen name="x1036">393.30dp</dimen>
    <dimen name="x1037">393.68dp</dimen>
    <dimen name="x1038">394.06dp</dimen>
    <dimen name="x1039">394.44dp</dimen>
    <dimen name="x1040">394.81dp</dimen>
    <dimen name="x1041">395.19dp</dimen>
    <dimen name="x1042">395.57dp</dimen>
    <dimen name="x1043">395.95dp</dimen>
    <dimen name="x1044">396.33dp</dimen>
    <dimen name="x1045">396.71dp</dimen>
    <dimen name="x1046">397.09dp</dimen>
    <dimen name="x1047">397.47dp</dimen>
    <dimen name="x1048">397.85dp</dimen>
    <dimen name="x1049">398.23dp</dimen>
    <dimen name="x1050">398.61dp</dimen>
    <dimen name="x1051">398.99dp</dimen>
    <dimen name="x1052">399.37dp</dimen>
    <dimen name="x1053">399.75dp</dimen>
    <dimen name="x1054">400.13dp</dimen>
    <dimen name="x1055">400.51dp</dimen>
    <dimen name="x1056">400.89dp</dimen>
    <dimen name="x1057">401.27dp</dimen>
    <dimen name="x1058">401.65dp</dimen>
    <dimen name="x1059">402.03dp</dimen>
    <dimen name="x1060">402.41dp</dimen>
    <dimen name="x1061">402.79dp</dimen>
    <dimen name="x1062">403.17dp</dimen>
    <dimen name="x1063">403.55dp</dimen>
    <dimen name="x1064">403.93dp</dimen>
    <dimen name="x1065">404.31dp</dimen>
    <dimen name="x1066">404.69dp</dimen>
    <dimen name="x1067">405.06dp</dimen>
    <dimen name="x1068">405.44dp</dimen>
    <dimen name="x1069">405.82dp</dimen>
    <dimen name="x1070">406.20dp</dimen>
    <dimen name="x1071">406.58dp</dimen>
    <dimen name="x1072">406.96dp</dimen>
    <dimen name="x1073">407.34dp</dimen>
    <dimen name="x1074">407.72dp</dimen>
    <dimen name="x1075">408.10dp</dimen>
    <dimen name="x1076">408.48dp</dimen>
    <dimen name="x1077">408.86dp</dimen>
    <dimen name="x1078">409.24dp</dimen>
    <dimen name="x1079">409.62dp</dimen>
    <dimen name="x1080">410.00dp</dimen>
</resources>