<?xml version="1.0" encoding="utf-8"?>
<resources>
    <string name="sw_dp">950dp</string>
    <dimen name="x1">0.88dp</dimen>
    <dimen name="x2">1.76dp</dimen>
    <dimen name="x3">2.64dp</dimen>
    <dimen name="x4">3.52dp</dimen>
    <dimen name="x5">4.40dp</dimen>
    <dimen name="x6">5.28dp</dimen>
    <dimen name="x7">6.16dp</dimen>
    <dimen name="x8">7.04dp</dimen>
    <dimen name="x9">7.92dp</dimen>
    <dimen name="x10">8.80dp</dimen>
    <dimen name="x11">9.68dp</dimen>
    <dimen name="x12">10.56dp</dimen>
    <dimen name="x13">11.44dp</dimen>
    <dimen name="x14">12.31dp</dimen>
    <dimen name="x15">13.19dp</dimen>
    <dimen name="x16">14.07dp</dimen>
    <dimen name="x17">14.95dp</dimen>
    <dimen name="x18">15.83dp</dimen>
    <dimen name="x19">16.71dp</dimen>
    <dimen name="x20">17.59dp</dimen>
    <dimen name="x21">18.47dp</dimen>
    <dimen name="x22">19.35dp</dimen>
    <dimen name="x23">20.23dp</dimen>
    <dimen name="x24">21.11dp</dimen>
    <dimen name="x25">21.99dp</dimen>
    <dimen name="x26">22.87dp</dimen>
    <dimen name="x27">23.75dp</dimen>
    <dimen name="x28">24.63dp</dimen>
    <dimen name="x29">25.51dp</dimen>
    <dimen name="x30">26.39dp</dimen>
    <dimen name="x31">27.27dp</dimen>
    <dimen name="x32">28.15dp</dimen>
    <dimen name="x33">29.03dp</dimen>
    <dimen name="x34">29.91dp</dimen>
    <dimen name="x35">30.79dp</dimen>
    <dimen name="x36">31.67dp</dimen>
    <dimen name="x37">32.55dp</dimen>
    <dimen name="x38">33.43dp</dimen>
    <dimen name="x39">34.31dp</dimen>
    <dimen name="x40">35.19dp</dimen>
    <dimen name="x41">36.06dp</dimen>
    <dimen name="x42">36.94dp</dimen>
    <dimen name="x43">37.82dp</dimen>
    <dimen name="x44">38.70dp</dimen>
    <dimen name="x45">39.58dp</dimen>
    <dimen name="x46">40.46dp</dimen>
    <dimen name="x47">41.34dp</dimen>
    <dimen name="x48">42.22dp</dimen>
    <dimen name="x49">43.10dp</dimen>
    <dimen name="x50">43.98dp</dimen>
    <dimen name="x51">44.86dp</dimen>
    <dimen name="x52">45.74dp</dimen>
    <dimen name="x53">46.62dp</dimen>
    <dimen name="x54">47.50dp</dimen>
    <dimen name="x55">48.38dp</dimen>
    <dimen name="x56">49.26dp</dimen>
    <dimen name="x57">50.14dp</dimen>
    <dimen name="x58">51.02dp</dimen>
    <dimen name="x59">51.90dp</dimen>
    <dimen name="x60">52.78dp</dimen>
    <dimen name="x61">53.66dp</dimen>
    <dimen name="x62">54.54dp</dimen>
    <dimen name="x63">55.42dp</dimen>
    <dimen name="x64">56.30dp</dimen>
    <dimen name="x65">57.18dp</dimen>
    <dimen name="x66">58.06dp</dimen>
    <dimen name="x67">58.94dp</dimen>
    <dimen name="x68">59.81dp</dimen>
    <dimen name="x69">60.69dp</dimen>
    <dimen name="x70">61.57dp</dimen>
    <dimen name="x71">62.45dp</dimen>
    <dimen name="x72">63.33dp</dimen>
    <dimen name="x73">64.21dp</dimen>
    <dimen name="x74">65.09dp</dimen>
    <dimen name="x75">65.97dp</dimen>
    <dimen name="x76">66.85dp</dimen>
    <dimen name="x77">67.73dp</dimen>
    <dimen name="x78">68.61dp</dimen>
    <dimen name="x79">69.49dp</dimen>
    <dimen name="x80">70.37dp</dimen>
    <dimen name="x81">71.25dp</dimen>
    <dimen name="x82">72.13dp</dimen>
    <dimen name="x83">73.01dp</dimen>
    <dimen name="x84">73.89dp</dimen>
    <dimen name="x85">74.77dp</dimen>
    <dimen name="x86">75.65dp</dimen>
    <dimen name="x87">76.53dp</dimen>
    <dimen name="x88">77.41dp</dimen>
    <dimen name="x89">78.29dp</dimen>
    <dimen name="x90">79.17dp</dimen>
    <dimen name="x91">80.05dp</dimen>
    <dimen name="x92">80.93dp</dimen>
    <dimen name="x93">81.81dp</dimen>
    <dimen name="x94">82.69dp</dimen>
    <dimen name="x95">83.56dp</dimen>
    <dimen name="x96">84.44dp</dimen>
    <dimen name="x97">85.32dp</dimen>
    <dimen name="x98">86.20dp</dimen>
    <dimen name="x99">87.08dp</dimen>
    <dimen name="x100">87.96dp</dimen>
    <dimen name="x101">88.84dp</dimen>
    <dimen name="x102">89.72dp</dimen>
    <dimen name="x103">90.60dp</dimen>
    <dimen name="x104">91.48dp</dimen>
    <dimen name="x105">92.36dp</dimen>
    <dimen name="x106">93.24dp</dimen>
    <dimen name="x107">94.12dp</dimen>
    <dimen name="x108">95.00dp</dimen>
    <dimen name="x109">95.88dp</dimen>
    <dimen name="x110">96.76dp</dimen>
    <dimen name="x111">97.64dp</dimen>
    <dimen name="x112">98.52dp</dimen>
    <dimen name="x113">99.40dp</dimen>
    <dimen name="x114">100.28dp</dimen>
    <dimen name="x115">101.16dp</dimen>
    <dimen name="x116">102.04dp</dimen>
    <dimen name="x117">102.92dp</dimen>
    <dimen name="x118">103.80dp</dimen>
    <dimen name="x119">104.68dp</dimen>
    <dimen name="x120">105.56dp</dimen>
    <dimen name="x121">106.44dp</dimen>
    <dimen name="x122">107.31dp</dimen>
    <dimen name="x123">108.19dp</dimen>
    <dimen name="x124">109.07dp</dimen>
    <dimen name="x125">109.95dp</dimen>
    <dimen name="x126">110.83dp</dimen>
    <dimen name="x127">111.71dp</dimen>
    <dimen name="x128">112.59dp</dimen>
    <dimen name="x129">113.47dp</dimen>
    <dimen name="x130">114.35dp</dimen>
    <dimen name="x131">115.23dp</dimen>
    <dimen name="x132">116.11dp</dimen>
    <dimen name="x133">116.99dp</dimen>
    <dimen name="x134">117.87dp</dimen>
    <dimen name="x135">118.75dp</dimen>
    <dimen name="x136">119.63dp</dimen>
    <dimen name="x137">120.51dp</dimen>
    <dimen name="x138">121.39dp</dimen>
    <dimen name="x139">122.27dp</dimen>
    <dimen name="x140">123.15dp</dimen>
    <dimen name="x141">124.03dp</dimen>
    <dimen name="x142">124.91dp</dimen>
    <dimen name="x143">125.79dp</dimen>
    <dimen name="x144">126.67dp</dimen>
    <dimen name="x145">127.55dp</dimen>
    <dimen name="x146">128.43dp</dimen>
    <dimen name="x147">129.31dp</dimen>
    <dimen name="x148">130.19dp</dimen>
    <dimen name="x149">131.06dp</dimen>
    <dimen name="x150">131.94dp</dimen>
    <dimen name="x151">132.82dp</dimen>
    <dimen name="x152">133.70dp</dimen>
    <dimen name="x153">134.58dp</dimen>
    <dimen name="x154">135.46dp</dimen>
    <dimen name="x155">136.34dp</dimen>
    <dimen name="x156">137.22dp</dimen>
    <dimen name="x157">138.10dp</dimen>
    <dimen name="x158">138.98dp</dimen>
    <dimen name="x159">139.86dp</dimen>
    <dimen name="x160">140.74dp</dimen>
    <dimen name="x161">141.62dp</dimen>
    <dimen name="x162">142.50dp</dimen>
    <dimen name="x163">143.38dp</dimen>
    <dimen name="x164">144.26dp</dimen>
    <dimen name="x165">145.14dp</dimen>
    <dimen name="x166">146.02dp</dimen>
    <dimen name="x167">146.90dp</dimen>
    <dimen name="x168">147.78dp</dimen>
    <dimen name="x169">148.66dp</dimen>
    <dimen name="x170">149.54dp</dimen>
    <dimen name="x171">150.42dp</dimen>
    <dimen name="x172">151.30dp</dimen>
    <dimen name="x173">152.18dp</dimen>
    <dimen name="x174">153.06dp</dimen>
    <dimen name="x175">153.94dp</dimen>
    <dimen name="x176">154.81dp</dimen>
    <dimen name="x177">155.69dp</dimen>
    <dimen name="x178">156.57dp</dimen>
    <dimen name="x179">157.45dp</dimen>
    <dimen name="x180">158.33dp</dimen>
    <dimen name="x181">159.21dp</dimen>
    <dimen name="x182">160.09dp</dimen>
    <dimen name="x183">160.97dp</dimen>
    <dimen name="x184">161.85dp</dimen>
    <dimen name="x185">162.73dp</dimen>
    <dimen name="x186">163.61dp</dimen>
    <dimen name="x187">164.49dp</dimen>
    <dimen name="x188">165.37dp</dimen>
    <dimen name="x189">166.25dp</dimen>
    <dimen name="x190">167.13dp</dimen>
    <dimen name="x191">168.01dp</dimen>
    <dimen name="x192">168.89dp</dimen>
    <dimen name="x193">169.77dp</dimen>
    <dimen name="x194">170.65dp</dimen>
    <dimen name="x195">171.53dp</dimen>
    <dimen name="x196">172.41dp</dimen>
    <dimen name="x197">173.29dp</dimen>
    <dimen name="x198">174.17dp</dimen>
    <dimen name="x199">175.05dp</dimen>
    <dimen name="x200">175.93dp</dimen>
    <dimen name="x201">176.81dp</dimen>
    <dimen name="x202">177.69dp</dimen>
    <dimen name="x203">178.56dp</dimen>
    <dimen name="x204">179.44dp</dimen>
    <dimen name="x205">180.32dp</dimen>
    <dimen name="x206">181.20dp</dimen>
    <dimen name="x207">182.08dp</dimen>
    <dimen name="x208">182.96dp</dimen>
    <dimen name="x209">183.84dp</dimen>
    <dimen name="x210">184.72dp</dimen>
    <dimen name="x211">185.60dp</dimen>
    <dimen name="x212">186.48dp</dimen>
    <dimen name="x213">187.36dp</dimen>
    <dimen name="x214">188.24dp</dimen>
    <dimen name="x215">189.12dp</dimen>
    <dimen name="x216">190.00dp</dimen>
    <dimen name="x217">190.88dp</dimen>
    <dimen name="x218">191.76dp</dimen>
    <dimen name="x219">192.64dp</dimen>
    <dimen name="x220">193.52dp</dimen>
    <dimen name="x221">194.40dp</dimen>
    <dimen name="x222">195.28dp</dimen>
    <dimen name="x223">196.16dp</dimen>
    <dimen name="x224">197.04dp</dimen>
    <dimen name="x225">197.92dp</dimen>
    <dimen name="x226">198.80dp</dimen>
    <dimen name="x227">199.68dp</dimen>
    <dimen name="x228">200.56dp</dimen>
    <dimen name="x229">201.44dp</dimen>
    <dimen name="x230">202.31dp</dimen>
    <dimen name="x231">203.19dp</dimen>
    <dimen name="x232">204.07dp</dimen>
    <dimen name="x233">204.95dp</dimen>
    <dimen name="x234">205.83dp</dimen>
    <dimen name="x235">206.71dp</dimen>
    <dimen name="x236">207.59dp</dimen>
    <dimen name="x237">208.47dp</dimen>
    <dimen name="x238">209.35dp</dimen>
    <dimen name="x239">210.23dp</dimen>
    <dimen name="x240">211.11dp</dimen>
    <dimen name="x241">211.99dp</dimen>
    <dimen name="x242">212.87dp</dimen>
    <dimen name="x243">213.75dp</dimen>
    <dimen name="x244">214.63dp</dimen>
    <dimen name="x245">215.51dp</dimen>
    <dimen name="x246">216.39dp</dimen>
    <dimen name="x247">217.27dp</dimen>
    <dimen name="x248">218.15dp</dimen>
    <dimen name="x249">219.03dp</dimen>
    <dimen name="x250">219.91dp</dimen>
    <dimen name="x251">220.79dp</dimen>
    <dimen name="x252">221.67dp</dimen>
    <dimen name="x253">222.55dp</dimen>
    <dimen name="x254">223.43dp</dimen>
    <dimen name="x255">224.31dp</dimen>
    <dimen name="x256">225.19dp</dimen>
    <dimen name="x257">226.06dp</dimen>
    <dimen name="x258">226.94dp</dimen>
    <dimen name="x259">227.82dp</dimen>
    <dimen name="x260">228.70dp</dimen>
    <dimen name="x261">229.58dp</dimen>
    <dimen name="x262">230.46dp</dimen>
    <dimen name="x263">231.34dp</dimen>
    <dimen name="x264">232.22dp</dimen>
    <dimen name="x265">233.10dp</dimen>
    <dimen name="x266">233.98dp</dimen>
    <dimen name="x267">234.86dp</dimen>
    <dimen name="x268">235.74dp</dimen>
    <dimen name="x269">236.62dp</dimen>
    <dimen name="x270">237.50dp</dimen>
    <dimen name="x271">238.38dp</dimen>
    <dimen name="x272">239.26dp</dimen>
    <dimen name="x273">240.14dp</dimen>
    <dimen name="x274">241.02dp</dimen>
    <dimen name="x275">241.90dp</dimen>
    <dimen name="x276">242.78dp</dimen>
    <dimen name="x277">243.66dp</dimen>
    <dimen name="x278">244.54dp</dimen>
    <dimen name="x279">245.42dp</dimen>
    <dimen name="x280">246.30dp</dimen>
    <dimen name="x281">247.18dp</dimen>
    <dimen name="x282">248.06dp</dimen>
    <dimen name="x283">248.94dp</dimen>
    <dimen name="x284">249.81dp</dimen>
    <dimen name="x285">250.69dp</dimen>
    <dimen name="x286">251.57dp</dimen>
    <dimen name="x287">252.45dp</dimen>
    <dimen name="x288">253.33dp</dimen>
    <dimen name="x289">254.21dp</dimen>
    <dimen name="x290">255.09dp</dimen>
    <dimen name="x291">255.97dp</dimen>
    <dimen name="x292">256.85dp</dimen>
    <dimen name="x293">257.73dp</dimen>
    <dimen name="x294">258.61dp</dimen>
    <dimen name="x295">259.49dp</dimen>
    <dimen name="x296">260.37dp</dimen>
    <dimen name="x297">261.25dp</dimen>
    <dimen name="x298">262.13dp</dimen>
    <dimen name="x299">263.01dp</dimen>
    <dimen name="x300">263.89dp</dimen>
    <dimen name="x301">264.77dp</dimen>
    <dimen name="x302">265.65dp</dimen>
    <dimen name="x303">266.53dp</dimen>
    <dimen name="x304">267.41dp</dimen>
    <dimen name="x305">268.29dp</dimen>
    <dimen name="x306">269.17dp</dimen>
    <dimen name="x307">270.05dp</dimen>
    <dimen name="x308">270.93dp</dimen>
    <dimen name="x309">271.81dp</dimen>
    <dimen name="x310">272.69dp</dimen>
    <dimen name="x311">273.56dp</dimen>
    <dimen name="x312">274.44dp</dimen>
    <dimen name="x313">275.32dp</dimen>
    <dimen name="x314">276.20dp</dimen>
    <dimen name="x315">277.08dp</dimen>
    <dimen name="x316">277.96dp</dimen>
    <dimen name="x317">278.84dp</dimen>
    <dimen name="x318">279.72dp</dimen>
    <dimen name="x319">280.60dp</dimen>
    <dimen name="x320">281.48dp</dimen>
    <dimen name="x321">282.36dp</dimen>
    <dimen name="x322">283.24dp</dimen>
    <dimen name="x323">284.12dp</dimen>
    <dimen name="x324">285.00dp</dimen>
    <dimen name="x325">285.88dp</dimen>
    <dimen name="x326">286.76dp</dimen>
    <dimen name="x327">287.64dp</dimen>
    <dimen name="x328">288.52dp</dimen>
    <dimen name="x329">289.40dp</dimen>
    <dimen name="x330">290.28dp</dimen>
    <dimen name="x331">291.16dp</dimen>
    <dimen name="x332">292.04dp</dimen>
    <dimen name="x333">292.92dp</dimen>
    <dimen name="x334">293.80dp</dimen>
    <dimen name="x335">294.68dp</dimen>
    <dimen name="x336">295.56dp</dimen>
    <dimen name="x337">296.44dp</dimen>
    <dimen name="x338">297.31dp</dimen>
    <dimen name="x339">298.19dp</dimen>
    <dimen name="x340">299.07dp</dimen>
    <dimen name="x341">299.95dp</dimen>
    <dimen name="x342">300.83dp</dimen>
    <dimen name="x343">301.71dp</dimen>
    <dimen name="x344">302.59dp</dimen>
    <dimen name="x345">303.47dp</dimen>
    <dimen name="x346">304.35dp</dimen>
    <dimen name="x347">305.23dp</dimen>
    <dimen name="x348">306.11dp</dimen>
    <dimen name="x349">306.99dp</dimen>
    <dimen name="x350">307.87dp</dimen>
    <dimen name="x351">308.75dp</dimen>
    <dimen name="x352">309.63dp</dimen>
    <dimen name="x353">310.51dp</dimen>
    <dimen name="x354">311.39dp</dimen>
    <dimen name="x355">312.27dp</dimen>
    <dimen name="x356">313.15dp</dimen>
    <dimen name="x357">314.03dp</dimen>
    <dimen name="x358">314.91dp</dimen>
    <dimen name="x359">315.79dp</dimen>
    <dimen name="x360">316.67dp</dimen>
    <dimen name="x361">317.55dp</dimen>
    <dimen name="x362">318.43dp</dimen>
    <dimen name="x363">319.31dp</dimen>
    <dimen name="x364">320.19dp</dimen>
    <dimen name="x365">321.06dp</dimen>
    <dimen name="x366">321.94dp</dimen>
    <dimen name="x367">322.82dp</dimen>
    <dimen name="x368">323.70dp</dimen>
    <dimen name="x369">324.58dp</dimen>
    <dimen name="x370">325.46dp</dimen>
    <dimen name="x371">326.34dp</dimen>
    <dimen name="x372">327.22dp</dimen>
    <dimen name="x373">328.10dp</dimen>
    <dimen name="x374">328.98dp</dimen>
    <dimen name="x375">329.86dp</dimen>
    <dimen name="x376">330.74dp</dimen>
    <dimen name="x377">331.62dp</dimen>
    <dimen name="x378">332.50dp</dimen>
    <dimen name="x379">333.38dp</dimen>
    <dimen name="x380">334.26dp</dimen>
    <dimen name="x381">335.14dp</dimen>
    <dimen name="x382">336.02dp</dimen>
    <dimen name="x383">336.90dp</dimen>
    <dimen name="x384">337.78dp</dimen>
    <dimen name="x385">338.66dp</dimen>
    <dimen name="x386">339.54dp</dimen>
    <dimen name="x387">340.42dp</dimen>
    <dimen name="x388">341.30dp</dimen>
    <dimen name="x389">342.18dp</dimen>
    <dimen name="x390">343.06dp</dimen>
    <dimen name="x391">343.94dp</dimen>
    <dimen name="x392">344.81dp</dimen>
    <dimen name="x393">345.69dp</dimen>
    <dimen name="x394">346.57dp</dimen>
    <dimen name="x395">347.45dp</dimen>
    <dimen name="x396">348.33dp</dimen>
    <dimen name="x397">349.21dp</dimen>
    <dimen name="x398">350.09dp</dimen>
    <dimen name="x399">350.97dp</dimen>
    <dimen name="x400">351.85dp</dimen>
    <dimen name="x401">352.73dp</dimen>
    <dimen name="x402">353.61dp</dimen>
    <dimen name="x403">354.49dp</dimen>
    <dimen name="x404">355.37dp</dimen>
    <dimen name="x405">356.25dp</dimen>
    <dimen name="x406">357.13dp</dimen>
    <dimen name="x407">358.01dp</dimen>
    <dimen name="x408">358.89dp</dimen>
    <dimen name="x409">359.77dp</dimen>
    <dimen name="x410">360.65dp</dimen>
    <dimen name="x411">361.53dp</dimen>
    <dimen name="x412">362.41dp</dimen>
    <dimen name="x413">363.29dp</dimen>
    <dimen name="x414">364.17dp</dimen>
    <dimen name="x415">365.05dp</dimen>
    <dimen name="x416">365.93dp</dimen>
    <dimen name="x417">366.81dp</dimen>
    <dimen name="x418">367.69dp</dimen>
    <dimen name="x419">368.56dp</dimen>
    <dimen name="x420">369.44dp</dimen>
    <dimen name="x421">370.32dp</dimen>
    <dimen name="x422">371.20dp</dimen>
    <dimen name="x423">372.08dp</dimen>
    <dimen name="x424">372.96dp</dimen>
    <dimen name="x425">373.84dp</dimen>
    <dimen name="x426">374.72dp</dimen>
    <dimen name="x427">375.60dp</dimen>
    <dimen name="x428">376.48dp</dimen>
    <dimen name="x429">377.36dp</dimen>
    <dimen name="x430">378.24dp</dimen>
    <dimen name="x431">379.12dp</dimen>
    <dimen name="x432">380.00dp</dimen>
    <dimen name="x433">380.88dp</dimen>
    <dimen name="x434">381.76dp</dimen>
    <dimen name="x435">382.64dp</dimen>
    <dimen name="x436">383.52dp</dimen>
    <dimen name="x437">384.40dp</dimen>
    <dimen name="x438">385.28dp</dimen>
    <dimen name="x439">386.16dp</dimen>
    <dimen name="x440">387.04dp</dimen>
    <dimen name="x441">387.92dp</dimen>
    <dimen name="x442">388.80dp</dimen>
    <dimen name="x443">389.68dp</dimen>
    <dimen name="x444">390.56dp</dimen>
    <dimen name="x445">391.44dp</dimen>
    <dimen name="x446">392.31dp</dimen>
    <dimen name="x447">393.19dp</dimen>
    <dimen name="x448">394.07dp</dimen>
    <dimen name="x449">394.95dp</dimen>
    <dimen name="x450">395.83dp</dimen>
    <dimen name="x451">396.71dp</dimen>
    <dimen name="x452">397.59dp</dimen>
    <dimen name="x453">398.47dp</dimen>
    <dimen name="x454">399.35dp</dimen>
    <dimen name="x455">400.23dp</dimen>
    <dimen name="x456">401.11dp</dimen>
    <dimen name="x457">401.99dp</dimen>
    <dimen name="x458">402.87dp</dimen>
    <dimen name="x459">403.75dp</dimen>
    <dimen name="x460">404.63dp</dimen>
    <dimen name="x461">405.51dp</dimen>
    <dimen name="x462">406.39dp</dimen>
    <dimen name="x463">407.27dp</dimen>
    <dimen name="x464">408.15dp</dimen>
    <dimen name="x465">409.03dp</dimen>
    <dimen name="x466">409.91dp</dimen>
    <dimen name="x467">410.79dp</dimen>
    <dimen name="x468">411.67dp</dimen>
    <dimen name="x469">412.55dp</dimen>
    <dimen name="x470">413.43dp</dimen>
    <dimen name="x471">414.31dp</dimen>
    <dimen name="x472">415.19dp</dimen>
    <dimen name="x473">416.06dp</dimen>
    <dimen name="x474">416.94dp</dimen>
    <dimen name="x475">417.82dp</dimen>
    <dimen name="x476">418.70dp</dimen>
    <dimen name="x477">419.58dp</dimen>
    <dimen name="x478">420.46dp</dimen>
    <dimen name="x479">421.34dp</dimen>
    <dimen name="x480">422.22dp</dimen>
    <dimen name="x481">423.10dp</dimen>
    <dimen name="x482">423.98dp</dimen>
    <dimen name="x483">424.86dp</dimen>
    <dimen name="x484">425.74dp</dimen>
    <dimen name="x485">426.62dp</dimen>
    <dimen name="x486">427.50dp</dimen>
    <dimen name="x487">428.38dp</dimen>
    <dimen name="x488">429.26dp</dimen>
    <dimen name="x489">430.14dp</dimen>
    <dimen name="x490">431.02dp</dimen>
    <dimen name="x491">431.90dp</dimen>
    <dimen name="x492">432.78dp</dimen>
    <dimen name="x493">433.66dp</dimen>
    <dimen name="x494">434.54dp</dimen>
    <dimen name="x495">435.42dp</dimen>
    <dimen name="x496">436.30dp</dimen>
    <dimen name="x497">437.18dp</dimen>
    <dimen name="x498">438.06dp</dimen>
    <dimen name="x499">438.94dp</dimen>
    <dimen name="x500">439.81dp</dimen>
    <dimen name="x501">440.69dp</dimen>
    <dimen name="x502">441.57dp</dimen>
    <dimen name="x503">442.45dp</dimen>
    <dimen name="x504">443.33dp</dimen>
    <dimen name="x505">444.21dp</dimen>
    <dimen name="x506">445.09dp</dimen>
    <dimen name="x507">445.97dp</dimen>
    <dimen name="x508">446.85dp</dimen>
    <dimen name="x509">447.73dp</dimen>
    <dimen name="x510">448.61dp</dimen>
    <dimen name="x511">449.49dp</dimen>
    <dimen name="x512">450.37dp</dimen>
    <dimen name="x513">451.25dp</dimen>
    <dimen name="x514">452.13dp</dimen>
    <dimen name="x515">453.01dp</dimen>
    <dimen name="x516">453.89dp</dimen>
    <dimen name="x517">454.77dp</dimen>
    <dimen name="x518">455.65dp</dimen>
    <dimen name="x519">456.53dp</dimen>
    <dimen name="x520">457.41dp</dimen>
    <dimen name="x521">458.29dp</dimen>
    <dimen name="x522">459.17dp</dimen>
    <dimen name="x523">460.05dp</dimen>
    <dimen name="x524">460.93dp</dimen>
    <dimen name="x525">461.81dp</dimen>
    <dimen name="x526">462.69dp</dimen>
    <dimen name="x527">463.56dp</dimen>
    <dimen name="x528">464.44dp</dimen>
    <dimen name="x529">465.32dp</dimen>
    <dimen name="x530">466.20dp</dimen>
    <dimen name="x531">467.08dp</dimen>
    <dimen name="x532">467.96dp</dimen>
    <dimen name="x533">468.84dp</dimen>
    <dimen name="x534">469.72dp</dimen>
    <dimen name="x535">470.60dp</dimen>
    <dimen name="x536">471.48dp</dimen>
    <dimen name="x537">472.36dp</dimen>
    <dimen name="x538">473.24dp</dimen>
    <dimen name="x539">474.12dp</dimen>
    <dimen name="x540">475.00dp</dimen>
    <dimen name="x541">475.88dp</dimen>
    <dimen name="x542">476.76dp</dimen>
    <dimen name="x543">477.64dp</dimen>
    <dimen name="x544">478.52dp</dimen>
    <dimen name="x545">479.40dp</dimen>
    <dimen name="x546">480.28dp</dimen>
    <dimen name="x547">481.16dp</dimen>
    <dimen name="x548">482.04dp</dimen>
    <dimen name="x549">482.92dp</dimen>
    <dimen name="x550">483.80dp</dimen>
    <dimen name="x551">484.68dp</dimen>
    <dimen name="x552">485.56dp</dimen>
    <dimen name="x553">486.44dp</dimen>
    <dimen name="x554">487.31dp</dimen>
    <dimen name="x555">488.19dp</dimen>
    <dimen name="x556">489.07dp</dimen>
    <dimen name="x557">489.95dp</dimen>
    <dimen name="x558">490.83dp</dimen>
    <dimen name="x559">491.71dp</dimen>
    <dimen name="x560">492.59dp</dimen>
    <dimen name="x561">493.47dp</dimen>
    <dimen name="x562">494.35dp</dimen>
    <dimen name="x563">495.23dp</dimen>
    <dimen name="x564">496.11dp</dimen>
    <dimen name="x565">496.99dp</dimen>
    <dimen name="x566">497.87dp</dimen>
    <dimen name="x567">498.75dp</dimen>
    <dimen name="x568">499.63dp</dimen>
    <dimen name="x569">500.51dp</dimen>
    <dimen name="x570">501.39dp</dimen>
    <dimen name="x571">502.27dp</dimen>
    <dimen name="x572">503.15dp</dimen>
    <dimen name="x573">504.03dp</dimen>
    <dimen name="x574">504.91dp</dimen>
    <dimen name="x575">505.79dp</dimen>
    <dimen name="x576">506.67dp</dimen>
    <dimen name="x577">507.55dp</dimen>
    <dimen name="x578">508.43dp</dimen>
    <dimen name="x579">509.31dp</dimen>
    <dimen name="x580">510.19dp</dimen>
    <dimen name="x581">511.06dp</dimen>
    <dimen name="x582">511.94dp</dimen>
    <dimen name="x583">512.82dp</dimen>
    <dimen name="x584">513.70dp</dimen>
    <dimen name="x585">514.58dp</dimen>
    <dimen name="x586">515.46dp</dimen>
    <dimen name="x587">516.34dp</dimen>
    <dimen name="x588">517.22dp</dimen>
    <dimen name="x589">518.10dp</dimen>
    <dimen name="x590">518.98dp</dimen>
    <dimen name="x591">519.86dp</dimen>
    <dimen name="x592">520.74dp</dimen>
    <dimen name="x593">521.62dp</dimen>
    <dimen name="x594">522.50dp</dimen>
    <dimen name="x595">523.38dp</dimen>
    <dimen name="x596">524.26dp</dimen>
    <dimen name="x597">525.14dp</dimen>
    <dimen name="x598">526.02dp</dimen>
    <dimen name="x599">526.90dp</dimen>
    <dimen name="x600">527.78dp</dimen>
    <dimen name="x601">528.66dp</dimen>
    <dimen name="x602">529.54dp</dimen>
    <dimen name="x603">530.42dp</dimen>
    <dimen name="x604">531.30dp</dimen>
    <dimen name="x605">532.18dp</dimen>
    <dimen name="x606">533.06dp</dimen>
    <dimen name="x607">533.94dp</dimen>
    <dimen name="x608">534.81dp</dimen>
    <dimen name="x609">535.69dp</dimen>
    <dimen name="x610">536.57dp</dimen>
    <dimen name="x611">537.45dp</dimen>
    <dimen name="x612">538.33dp</dimen>
    <dimen name="x613">539.21dp</dimen>
    <dimen name="x614">540.09dp</dimen>
    <dimen name="x615">540.97dp</dimen>
    <dimen name="x616">541.85dp</dimen>
    <dimen name="x617">542.73dp</dimen>
    <dimen name="x618">543.61dp</dimen>
    <dimen name="x619">544.49dp</dimen>
    <dimen name="x620">545.37dp</dimen>
    <dimen name="x621">546.25dp</dimen>
    <dimen name="x622">547.13dp</dimen>
    <dimen name="x623">548.01dp</dimen>
    <dimen name="x624">548.89dp</dimen>
    <dimen name="x625">549.77dp</dimen>
    <dimen name="x626">550.65dp</dimen>
    <dimen name="x627">551.53dp</dimen>
    <dimen name="x628">552.41dp</dimen>
    <dimen name="x629">553.29dp</dimen>
    <dimen name="x630">554.17dp</dimen>
    <dimen name="x631">555.05dp</dimen>
    <dimen name="x632">555.93dp</dimen>
    <dimen name="x633">556.81dp</dimen>
    <dimen name="x634">557.69dp</dimen>
    <dimen name="x635">558.56dp</dimen>
    <dimen name="x636">559.44dp</dimen>
    <dimen name="x637">560.32dp</dimen>
    <dimen name="x638">561.20dp</dimen>
    <dimen name="x639">562.08dp</dimen>
    <dimen name="x640">562.96dp</dimen>
    <dimen name="x641">563.84dp</dimen>
    <dimen name="x642">564.72dp</dimen>
    <dimen name="x643">565.60dp</dimen>
    <dimen name="x644">566.48dp</dimen>
    <dimen name="x645">567.36dp</dimen>
    <dimen name="x646">568.24dp</dimen>
    <dimen name="x647">569.12dp</dimen>
    <dimen name="x648">570.00dp</dimen>
    <dimen name="x649">570.88dp</dimen>
    <dimen name="x650">571.76dp</dimen>
    <dimen name="x651">572.64dp</dimen>
    <dimen name="x652">573.52dp</dimen>
    <dimen name="x653">574.40dp</dimen>
    <dimen name="x654">575.28dp</dimen>
    <dimen name="x655">576.16dp</dimen>
    <dimen name="x656">577.04dp</dimen>
    <dimen name="x657">577.92dp</dimen>
    <dimen name="x658">578.80dp</dimen>
    <dimen name="x659">579.68dp</dimen>
    <dimen name="x660">580.56dp</dimen>
    <dimen name="x661">581.44dp</dimen>
    <dimen name="x662">582.31dp</dimen>
    <dimen name="x663">583.19dp</dimen>
    <dimen name="x664">584.07dp</dimen>
    <dimen name="x665">584.95dp</dimen>
    <dimen name="x666">585.83dp</dimen>
    <dimen name="x667">586.71dp</dimen>
    <dimen name="x668">587.59dp</dimen>
    <dimen name="x669">588.47dp</dimen>
    <dimen name="x670">589.35dp</dimen>
    <dimen name="x671">590.23dp</dimen>
    <dimen name="x672">591.11dp</dimen>
    <dimen name="x673">591.99dp</dimen>
    <dimen name="x674">592.87dp</dimen>
    <dimen name="x675">593.75dp</dimen>
    <dimen name="x676">594.63dp</dimen>
    <dimen name="x677">595.51dp</dimen>
    <dimen name="x678">596.39dp</dimen>
    <dimen name="x679">597.27dp</dimen>
    <dimen name="x680">598.15dp</dimen>
    <dimen name="x681">599.03dp</dimen>
    <dimen name="x682">599.91dp</dimen>
    <dimen name="x683">600.79dp</dimen>
    <dimen name="x684">601.67dp</dimen>
    <dimen name="x685">602.55dp</dimen>
    <dimen name="x686">603.43dp</dimen>
    <dimen name="x687">604.31dp</dimen>
    <dimen name="x688">605.19dp</dimen>
    <dimen name="x689">606.06dp</dimen>
    <dimen name="x690">606.94dp</dimen>
    <dimen name="x691">607.82dp</dimen>
    <dimen name="x692">608.70dp</dimen>
    <dimen name="x693">609.58dp</dimen>
    <dimen name="x694">610.46dp</dimen>
    <dimen name="x695">611.34dp</dimen>
    <dimen name="x696">612.22dp</dimen>
    <dimen name="x697">613.10dp</dimen>
    <dimen name="x698">613.98dp</dimen>
    <dimen name="x699">614.86dp</dimen>
    <dimen name="x700">615.74dp</dimen>
    <dimen name="x701">616.62dp</dimen>
    <dimen name="x702">617.50dp</dimen>
    <dimen name="x703">618.38dp</dimen>
    <dimen name="x704">619.26dp</dimen>
    <dimen name="x705">620.14dp</dimen>
    <dimen name="x706">621.02dp</dimen>
    <dimen name="x707">621.90dp</dimen>
    <dimen name="x708">622.78dp</dimen>
    <dimen name="x709">623.66dp</dimen>
    <dimen name="x710">624.54dp</dimen>
    <dimen name="x711">625.42dp</dimen>
    <dimen name="x712">626.30dp</dimen>
    <dimen name="x713">627.18dp</dimen>
    <dimen name="x714">628.06dp</dimen>
    <dimen name="x715">628.94dp</dimen>
    <dimen name="x716">629.81dp</dimen>
    <dimen name="x717">630.69dp</dimen>
    <dimen name="x718">631.57dp</dimen>
    <dimen name="x719">632.45dp</dimen>
    <dimen name="x720">633.33dp</dimen>
    <dimen name="x721">634.21dp</dimen>
    <dimen name="x722">635.09dp</dimen>
    <dimen name="x723">635.97dp</dimen>
    <dimen name="x724">636.85dp</dimen>
    <dimen name="x725">637.73dp</dimen>
    <dimen name="x726">638.61dp</dimen>
    <dimen name="x727">639.49dp</dimen>
    <dimen name="x728">640.37dp</dimen>
    <dimen name="x729">641.25dp</dimen>
    <dimen name="x730">642.13dp</dimen>
    <dimen name="x731">643.01dp</dimen>
    <dimen name="x732">643.89dp</dimen>
    <dimen name="x733">644.77dp</dimen>
    <dimen name="x734">645.65dp</dimen>
    <dimen name="x735">646.53dp</dimen>
    <dimen name="x736">647.41dp</dimen>
    <dimen name="x737">648.29dp</dimen>
    <dimen name="x738">649.17dp</dimen>
    <dimen name="x739">650.05dp</dimen>
    <dimen name="x740">650.93dp</dimen>
    <dimen name="x741">651.81dp</dimen>
    <dimen name="x742">652.69dp</dimen>
    <dimen name="x743">653.56dp</dimen>
    <dimen name="x744">654.44dp</dimen>
    <dimen name="x745">655.32dp</dimen>
    <dimen name="x746">656.20dp</dimen>
    <dimen name="x747">657.08dp</dimen>
    <dimen name="x748">657.96dp</dimen>
    <dimen name="x749">658.84dp</dimen>
    <dimen name="x750">659.72dp</dimen>
    <dimen name="x751">660.60dp</dimen>
    <dimen name="x752">661.48dp</dimen>
    <dimen name="x753">662.36dp</dimen>
    <dimen name="x754">663.24dp</dimen>
    <dimen name="x755">664.12dp</dimen>
    <dimen name="x756">665.00dp</dimen>
    <dimen name="x757">665.88dp</dimen>
    <dimen name="x758">666.76dp</dimen>
    <dimen name="x759">667.64dp</dimen>
    <dimen name="x760">668.52dp</dimen>
    <dimen name="x761">669.40dp</dimen>
    <dimen name="x762">670.28dp</dimen>
    <dimen name="x763">671.16dp</dimen>
    <dimen name="x764">672.04dp</dimen>
    <dimen name="x765">672.92dp</dimen>
    <dimen name="x766">673.80dp</dimen>
    <dimen name="x767">674.68dp</dimen>
    <dimen name="x768">675.56dp</dimen>
    <dimen name="x769">676.44dp</dimen>
    <dimen name="x770">677.31dp</dimen>
    <dimen name="x771">678.19dp</dimen>
    <dimen name="x772">679.07dp</dimen>
    <dimen name="x773">679.95dp</dimen>
    <dimen name="x774">680.83dp</dimen>
    <dimen name="x775">681.71dp</dimen>
    <dimen name="x776">682.59dp</dimen>
    <dimen name="x777">683.47dp</dimen>
    <dimen name="x778">684.35dp</dimen>
    <dimen name="x779">685.23dp</dimen>
    <dimen name="x780">686.11dp</dimen>
    <dimen name="x781">686.99dp</dimen>
    <dimen name="x782">687.87dp</dimen>
    <dimen name="x783">688.75dp</dimen>
    <dimen name="x784">689.63dp</dimen>
    <dimen name="x785">690.51dp</dimen>
    <dimen name="x786">691.39dp</dimen>
    <dimen name="x787">692.27dp</dimen>
    <dimen name="x788">693.15dp</dimen>
    <dimen name="x789">694.03dp</dimen>
    <dimen name="x790">694.91dp</dimen>
    <dimen name="x791">695.79dp</dimen>
    <dimen name="x792">696.67dp</dimen>
    <dimen name="x793">697.55dp</dimen>
    <dimen name="x794">698.43dp</dimen>
    <dimen name="x795">699.31dp</dimen>
    <dimen name="x796">700.19dp</dimen>
    <dimen name="x797">701.06dp</dimen>
    <dimen name="x798">701.94dp</dimen>
    <dimen name="x799">702.82dp</dimen>
    <dimen name="x800">703.70dp</dimen>
    <dimen name="x801">704.58dp</dimen>
    <dimen name="x802">705.46dp</dimen>
    <dimen name="x803">706.34dp</dimen>
    <dimen name="x804">707.22dp</dimen>
    <dimen name="x805">708.10dp</dimen>
    <dimen name="x806">708.98dp</dimen>
    <dimen name="x807">709.86dp</dimen>
    <dimen name="x808">710.74dp</dimen>
    <dimen name="x809">711.62dp</dimen>
    <dimen name="x810">712.50dp</dimen>
    <dimen name="x811">713.38dp</dimen>
    <dimen name="x812">714.26dp</dimen>
    <dimen name="x813">715.14dp</dimen>
    <dimen name="x814">716.02dp</dimen>
    <dimen name="x815">716.90dp</dimen>
    <dimen name="x816">717.78dp</dimen>
    <dimen name="x817">718.66dp</dimen>
    <dimen name="x818">719.54dp</dimen>
    <dimen name="x819">720.42dp</dimen>
    <dimen name="x820">721.30dp</dimen>
    <dimen name="x821">722.18dp</dimen>
    <dimen name="x822">723.06dp</dimen>
    <dimen name="x823">723.94dp</dimen>
    <dimen name="x824">724.81dp</dimen>
    <dimen name="x825">725.69dp</dimen>
    <dimen name="x826">726.57dp</dimen>
    <dimen name="x827">727.45dp</dimen>
    <dimen name="x828">728.33dp</dimen>
    <dimen name="x829">729.21dp</dimen>
    <dimen name="x830">730.09dp</dimen>
    <dimen name="x831">730.97dp</dimen>
    <dimen name="x832">731.85dp</dimen>
    <dimen name="x833">732.73dp</dimen>
    <dimen name="x834">733.61dp</dimen>
    <dimen name="x835">734.49dp</dimen>
    <dimen name="x836">735.37dp</dimen>
    <dimen name="x837">736.25dp</dimen>
    <dimen name="x838">737.13dp</dimen>
    <dimen name="x839">738.01dp</dimen>
    <dimen name="x840">738.89dp</dimen>
    <dimen name="x841">739.77dp</dimen>
    <dimen name="x842">740.65dp</dimen>
    <dimen name="x843">741.53dp</dimen>
    <dimen name="x844">742.41dp</dimen>
    <dimen name="x845">743.29dp</dimen>
    <dimen name="x846">744.17dp</dimen>
    <dimen name="x847">745.05dp</dimen>
    <dimen name="x848">745.93dp</dimen>
    <dimen name="x849">746.81dp</dimen>
    <dimen name="x850">747.69dp</dimen>
    <dimen name="x851">748.56dp</dimen>
    <dimen name="x852">749.44dp</dimen>
    <dimen name="x853">750.32dp</dimen>
    <dimen name="x854">751.20dp</dimen>
    <dimen name="x855">752.08dp</dimen>
    <dimen name="x856">752.96dp</dimen>
    <dimen name="x857">753.84dp</dimen>
    <dimen name="x858">754.72dp</dimen>
    <dimen name="x859">755.60dp</dimen>
    <dimen name="x860">756.48dp</dimen>
    <dimen name="x861">757.36dp</dimen>
    <dimen name="x862">758.24dp</dimen>
    <dimen name="x863">759.12dp</dimen>
    <dimen name="x864">760.00dp</dimen>
    <dimen name="x865">760.88dp</dimen>
    <dimen name="x866">761.76dp</dimen>
    <dimen name="x867">762.64dp</dimen>
    <dimen name="x868">763.52dp</dimen>
    <dimen name="x869">764.40dp</dimen>
    <dimen name="x870">765.28dp</dimen>
    <dimen name="x871">766.16dp</dimen>
    <dimen name="x872">767.04dp</dimen>
    <dimen name="x873">767.92dp</dimen>
    <dimen name="x874">768.80dp</dimen>
    <dimen name="x875">769.68dp</dimen>
    <dimen name="x876">770.56dp</dimen>
    <dimen name="x877">771.44dp</dimen>
    <dimen name="x878">772.31dp</dimen>
    <dimen name="x879">773.19dp</dimen>
    <dimen name="x880">774.07dp</dimen>
    <dimen name="x881">774.95dp</dimen>
    <dimen name="x882">775.83dp</dimen>
    <dimen name="x883">776.71dp</dimen>
    <dimen name="x884">777.59dp</dimen>
    <dimen name="x885">778.47dp</dimen>
    <dimen name="x886">779.35dp</dimen>
    <dimen name="x887">780.23dp</dimen>
    <dimen name="x888">781.11dp</dimen>
    <dimen name="x889">781.99dp</dimen>
    <dimen name="x890">782.87dp</dimen>
    <dimen name="x891">783.75dp</dimen>
    <dimen name="x892">784.63dp</dimen>
    <dimen name="x893">785.51dp</dimen>
    <dimen name="x894">786.39dp</dimen>
    <dimen name="x895">787.27dp</dimen>
    <dimen name="x896">788.15dp</dimen>
    <dimen name="x897">789.03dp</dimen>
    <dimen name="x898">789.91dp</dimen>
    <dimen name="x899">790.79dp</dimen>
    <dimen name="x900">791.67dp</dimen>
    <dimen name="x901">792.55dp</dimen>
    <dimen name="x902">793.43dp</dimen>
    <dimen name="x903">794.31dp</dimen>
    <dimen name="x904">795.19dp</dimen>
    <dimen name="x905">796.06dp</dimen>
    <dimen name="x906">796.94dp</dimen>
    <dimen name="x907">797.82dp</dimen>
    <dimen name="x908">798.70dp</dimen>
    <dimen name="x909">799.58dp</dimen>
    <dimen name="x910">800.46dp</dimen>
    <dimen name="x911">801.34dp</dimen>
    <dimen name="x912">802.22dp</dimen>
    <dimen name="x913">803.10dp</dimen>
    <dimen name="x914">803.98dp</dimen>
    <dimen name="x915">804.86dp</dimen>
    <dimen name="x916">805.74dp</dimen>
    <dimen name="x917">806.62dp</dimen>
    <dimen name="x918">807.50dp</dimen>
    <dimen name="x919">808.38dp</dimen>
    <dimen name="x920">809.26dp</dimen>
    <dimen name="x921">810.14dp</dimen>
    <dimen name="x922">811.02dp</dimen>
    <dimen name="x923">811.90dp</dimen>
    <dimen name="x924">812.78dp</dimen>
    <dimen name="x925">813.66dp</dimen>
    <dimen name="x926">814.54dp</dimen>
    <dimen name="x927">815.42dp</dimen>
    <dimen name="x928">816.30dp</dimen>
    <dimen name="x929">817.18dp</dimen>
    <dimen name="x930">818.06dp</dimen>
    <dimen name="x931">818.94dp</dimen>
    <dimen name="x932">819.81dp</dimen>
    <dimen name="x933">820.69dp</dimen>
    <dimen name="x934">821.57dp</dimen>
    <dimen name="x935">822.45dp</dimen>
    <dimen name="x936">823.33dp</dimen>
    <dimen name="x937">824.21dp</dimen>
    <dimen name="x938">825.09dp</dimen>
    <dimen name="x939">825.97dp</dimen>
    <dimen name="x940">826.85dp</dimen>
    <dimen name="x941">827.73dp</dimen>
    <dimen name="x942">828.61dp</dimen>
    <dimen name="x943">829.49dp</dimen>
    <dimen name="x944">830.37dp</dimen>
    <dimen name="x945">831.25dp</dimen>
    <dimen name="x946">832.13dp</dimen>
    <dimen name="x947">833.01dp</dimen>
    <dimen name="x948">833.89dp</dimen>
    <dimen name="x949">834.77dp</dimen>
    <dimen name="x950">835.65dp</dimen>
    <dimen name="x951">836.53dp</dimen>
    <dimen name="x952">837.41dp</dimen>
    <dimen name="x953">838.29dp</dimen>
    <dimen name="x954">839.17dp</dimen>
    <dimen name="x955">840.05dp</dimen>
    <dimen name="x956">840.93dp</dimen>
    <dimen name="x957">841.81dp</dimen>
    <dimen name="x958">842.69dp</dimen>
    <dimen name="x959">843.56dp</dimen>
    <dimen name="x960">844.44dp</dimen>
    <dimen name="x961">845.32dp</dimen>
    <dimen name="x962">846.20dp</dimen>
    <dimen name="x963">847.08dp</dimen>
    <dimen name="x964">847.96dp</dimen>
    <dimen name="x965">848.84dp</dimen>
    <dimen name="x966">849.72dp</dimen>
    <dimen name="x967">850.60dp</dimen>
    <dimen name="x968">851.48dp</dimen>
    <dimen name="x969">852.36dp</dimen>
    <dimen name="x970">853.24dp</dimen>
    <dimen name="x971">854.12dp</dimen>
    <dimen name="x972">855.00dp</dimen>
    <dimen name="x973">855.88dp</dimen>
    <dimen name="x974">856.76dp</dimen>
    <dimen name="x975">857.64dp</dimen>
    <dimen name="x976">858.52dp</dimen>
    <dimen name="x977">859.40dp</dimen>
    <dimen name="x978">860.28dp</dimen>
    <dimen name="x979">861.16dp</dimen>
    <dimen name="x980">862.04dp</dimen>
    <dimen name="x981">862.92dp</dimen>
    <dimen name="x982">863.80dp</dimen>
    <dimen name="x983">864.68dp</dimen>
    <dimen name="x984">865.56dp</dimen>
    <dimen name="x985">866.44dp</dimen>
    <dimen name="x986">867.31dp</dimen>
    <dimen name="x987">868.19dp</dimen>
    <dimen name="x988">869.07dp</dimen>
    <dimen name="x989">869.95dp</dimen>
    <dimen name="x990">870.83dp</dimen>
    <dimen name="x991">871.71dp</dimen>
    <dimen name="x992">872.59dp</dimen>
    <dimen name="x993">873.47dp</dimen>
    <dimen name="x994">874.35dp</dimen>
    <dimen name="x995">875.23dp</dimen>
    <dimen name="x996">876.11dp</dimen>
    <dimen name="x997">876.99dp</dimen>
    <dimen name="x998">877.87dp</dimen>
    <dimen name="x999">878.75dp</dimen>
    <dimen name="x1000">879.63dp</dimen>
    <dimen name="x1001">880.51dp</dimen>
    <dimen name="x1002">881.39dp</dimen>
    <dimen name="x1003">882.27dp</dimen>
    <dimen name="x1004">883.15dp</dimen>
    <dimen name="x1005">884.03dp</dimen>
    <dimen name="x1006">884.91dp</dimen>
    <dimen name="x1007">885.79dp</dimen>
    <dimen name="x1008">886.67dp</dimen>
    <dimen name="x1009">887.55dp</dimen>
    <dimen name="x1010">888.43dp</dimen>
    <dimen name="x1011">889.31dp</dimen>
    <dimen name="x1012">890.19dp</dimen>
    <dimen name="x1013">891.06dp</dimen>
    <dimen name="x1014">891.94dp</dimen>
    <dimen name="x1015">892.82dp</dimen>
    <dimen name="x1016">893.70dp</dimen>
    <dimen name="x1017">894.58dp</dimen>
    <dimen name="x1018">895.46dp</dimen>
    <dimen name="x1019">896.34dp</dimen>
    <dimen name="x1020">897.22dp</dimen>
    <dimen name="x1021">898.10dp</dimen>
    <dimen name="x1022">898.98dp</dimen>
    <dimen name="x1023">899.86dp</dimen>
    <dimen name="x1024">900.74dp</dimen>
    <dimen name="x1025">901.62dp</dimen>
    <dimen name="x1026">902.50dp</dimen>
    <dimen name="x1027">903.38dp</dimen>
    <dimen name="x1028">904.26dp</dimen>
    <dimen name="x1029">905.14dp</dimen>
    <dimen name="x1030">906.02dp</dimen>
    <dimen name="x1031">906.90dp</dimen>
    <dimen name="x1032">907.78dp</dimen>
    <dimen name="x1033">908.66dp</dimen>
    <dimen name="x1034">909.54dp</dimen>
    <dimen name="x1035">910.42dp</dimen>
    <dimen name="x1036">911.30dp</dimen>
    <dimen name="x1037">912.18dp</dimen>
    <dimen name="x1038">913.06dp</dimen>
    <dimen name="x1039">913.94dp</dimen>
    <dimen name="x1040">914.81dp</dimen>
    <dimen name="x1041">915.69dp</dimen>
    <dimen name="x1042">916.57dp</dimen>
    <dimen name="x1043">917.45dp</dimen>
    <dimen name="x1044">918.33dp</dimen>
    <dimen name="x1045">919.21dp</dimen>
    <dimen name="x1046">920.09dp</dimen>
    <dimen name="x1047">920.97dp</dimen>
    <dimen name="x1048">921.85dp</dimen>
    <dimen name="x1049">922.73dp</dimen>
    <dimen name="x1050">923.61dp</dimen>
    <dimen name="x1051">924.49dp</dimen>
    <dimen name="x1052">925.37dp</dimen>
    <dimen name="x1053">926.25dp</dimen>
    <dimen name="x1054">927.13dp</dimen>
    <dimen name="x1055">928.01dp</dimen>
    <dimen name="x1056">928.89dp</dimen>
    <dimen name="x1057">929.77dp</dimen>
    <dimen name="x1058">930.65dp</dimen>
    <dimen name="x1059">931.53dp</dimen>
    <dimen name="x1060">932.41dp</dimen>
    <dimen name="x1061">933.29dp</dimen>
    <dimen name="x1062">934.17dp</dimen>
    <dimen name="x1063">935.05dp</dimen>
    <dimen name="x1064">935.93dp</dimen>
    <dimen name="x1065">936.81dp</dimen>
    <dimen name="x1066">937.69dp</dimen>
    <dimen name="x1067">938.56dp</dimen>
    <dimen name="x1068">939.44dp</dimen>
    <dimen name="x1069">940.32dp</dimen>
    <dimen name="x1070">941.20dp</dimen>
    <dimen name="x1071">942.08dp</dimen>
    <dimen name="x1072">942.96dp</dimen>
    <dimen name="x1073">943.84dp</dimen>
    <dimen name="x1074">944.72dp</dimen>
    <dimen name="x1075">945.60dp</dimen>
    <dimen name="x1076">946.48dp</dimen>
    <dimen name="x1077">947.36dp</dimen>
    <dimen name="x1078">948.24dp</dimen>
    <dimen name="x1079">949.12dp</dimen>
    <dimen name="x1080">950.00dp</dimen>
</resources>