<?xml version="1.0" encoding="utf-8"?>
<resources>
    <string name="sw_dp">650dp</string>
    <dimen name="x1">0.60dp</dimen>
    <dimen name="x2">1.20dp</dimen>
    <dimen name="x3">1.81dp</dimen>
    <dimen name="x4">2.41dp</dimen>
    <dimen name="x5">3.01dp</dimen>
    <dimen name="x6">3.61dp</dimen>
    <dimen name="x7">4.21dp</dimen>
    <dimen name="x8">4.81dp</dimen>
    <dimen name="x9">5.42dp</dimen>
    <dimen name="x10">6.02dp</dimen>
    <dimen name="x11">6.62dp</dimen>
    <dimen name="x12">7.22dp</dimen>
    <dimen name="x13">7.82dp</dimen>
    <dimen name="x14">8.43dp</dimen>
    <dimen name="x15">9.03dp</dimen>
    <dimen name="x16">9.63dp</dimen>
    <dimen name="x17">10.23dp</dimen>
    <dimen name="x18">10.83dp</dimen>
    <dimen name="x19">11.44dp</dimen>
    <dimen name="x20">12.04dp</dimen>
    <dimen name="x21">12.64dp</dimen>
    <dimen name="x22">13.24dp</dimen>
    <dimen name="x23">13.84dp</dimen>
    <dimen name="x24">14.44dp</dimen>
    <dimen name="x25">15.05dp</dimen>
    <dimen name="x26">15.65dp</dimen>
    <dimen name="x27">16.25dp</dimen>
    <dimen name="x28">16.85dp</dimen>
    <dimen name="x29">17.45dp</dimen>
    <dimen name="x30">18.06dp</dimen>
    <dimen name="x31">18.66dp</dimen>
    <dimen name="x32">19.26dp</dimen>
    <dimen name="x33">19.86dp</dimen>
    <dimen name="x34">20.46dp</dimen>
    <dimen name="x35">21.06dp</dimen>
    <dimen name="x36">21.67dp</dimen>
    <dimen name="x37">22.27dp</dimen>
    <dimen name="x38">22.87dp</dimen>
    <dimen name="x39">23.47dp</dimen>
    <dimen name="x40">24.07dp</dimen>
    <dimen name="x41">24.68dp</dimen>
    <dimen name="x42">25.28dp</dimen>
    <dimen name="x43">25.88dp</dimen>
    <dimen name="x44">26.48dp</dimen>
    <dimen name="x45">27.08dp</dimen>
    <dimen name="x46">27.69dp</dimen>
    <dimen name="x47">28.29dp</dimen>
    <dimen name="x48">28.89dp</dimen>
    <dimen name="x49">29.49dp</dimen>
    <dimen name="x50">30.09dp</dimen>
    <dimen name="x51">30.69dp</dimen>
    <dimen name="x52">31.30dp</dimen>
    <dimen name="x53">31.90dp</dimen>
    <dimen name="x54">32.50dp</dimen>
    <dimen name="x55">33.10dp</dimen>
    <dimen name="x56">33.70dp</dimen>
    <dimen name="x57">34.31dp</dimen>
    <dimen name="x58">34.91dp</dimen>
    <dimen name="x59">35.51dp</dimen>
    <dimen name="x60">36.11dp</dimen>
    <dimen name="x61">36.71dp</dimen>
    <dimen name="x62">37.31dp</dimen>
    <dimen name="x63">37.92dp</dimen>
    <dimen name="x64">38.52dp</dimen>
    <dimen name="x65">39.12dp</dimen>
    <dimen name="x66">39.72dp</dimen>
    <dimen name="x67">40.32dp</dimen>
    <dimen name="x68">40.93dp</dimen>
    <dimen name="x69">41.53dp</dimen>
    <dimen name="x70">42.13dp</dimen>
    <dimen name="x71">42.73dp</dimen>
    <dimen name="x72">43.33dp</dimen>
    <dimen name="x73">43.94dp</dimen>
    <dimen name="x74">44.54dp</dimen>
    <dimen name="x75">45.14dp</dimen>
    <dimen name="x76">45.74dp</dimen>
    <dimen name="x77">46.34dp</dimen>
    <dimen name="x78">46.94dp</dimen>
    <dimen name="x79">47.55dp</dimen>
    <dimen name="x80">48.15dp</dimen>
    <dimen name="x81">48.75dp</dimen>
    <dimen name="x82">49.35dp</dimen>
    <dimen name="x83">49.95dp</dimen>
    <dimen name="x84">50.56dp</dimen>
    <dimen name="x85">51.16dp</dimen>
    <dimen name="x86">51.76dp</dimen>
    <dimen name="x87">52.36dp</dimen>
    <dimen name="x88">52.96dp</dimen>
    <dimen name="x89">53.56dp</dimen>
    <dimen name="x90">54.17dp</dimen>
    <dimen name="x91">54.77dp</dimen>
    <dimen name="x92">55.37dp</dimen>
    <dimen name="x93">55.97dp</dimen>
    <dimen name="x94">56.57dp</dimen>
    <dimen name="x95">57.18dp</dimen>
    <dimen name="x96">57.78dp</dimen>
    <dimen name="x97">58.38dp</dimen>
    <dimen name="x98">58.98dp</dimen>
    <dimen name="x99">59.58dp</dimen>
    <dimen name="x100">60.19dp</dimen>
    <dimen name="x101">60.79dp</dimen>
    <dimen name="x102">61.39dp</dimen>
    <dimen name="x103">61.99dp</dimen>
    <dimen name="x104">62.59dp</dimen>
    <dimen name="x105">63.19dp</dimen>
    <dimen name="x106">63.80dp</dimen>
    <dimen name="x107">64.40dp</dimen>
    <dimen name="x108">65.00dp</dimen>
    <dimen name="x109">65.60dp</dimen>
    <dimen name="x110">66.20dp</dimen>
    <dimen name="x111">66.81dp</dimen>
    <dimen name="x112">67.41dp</dimen>
    <dimen name="x113">68.01dp</dimen>
    <dimen name="x114">68.61dp</dimen>
    <dimen name="x115">69.21dp</dimen>
    <dimen name="x116">69.81dp</dimen>
    <dimen name="x117">70.42dp</dimen>
    <dimen name="x118">71.02dp</dimen>
    <dimen name="x119">71.62dp</dimen>
    <dimen name="x120">72.22dp</dimen>
    <dimen name="x121">72.82dp</dimen>
    <dimen name="x122">73.43dp</dimen>
    <dimen name="x123">74.03dp</dimen>
    <dimen name="x124">74.63dp</dimen>
    <dimen name="x125">75.23dp</dimen>
    <dimen name="x126">75.83dp</dimen>
    <dimen name="x127">76.44dp</dimen>
    <dimen name="x128">77.04dp</dimen>
    <dimen name="x129">77.64dp</dimen>
    <dimen name="x130">78.24dp</dimen>
    <dimen name="x131">78.84dp</dimen>
    <dimen name="x132">79.44dp</dimen>
    <dimen name="x133">80.05dp</dimen>
    <dimen name="x134">80.65dp</dimen>
    <dimen name="x135">81.25dp</dimen>
    <dimen name="x136">81.85dp</dimen>
    <dimen name="x137">82.45dp</dimen>
    <dimen name="x138">83.06dp</dimen>
    <dimen name="x139">83.66dp</dimen>
    <dimen name="x140">84.26dp</dimen>
    <dimen name="x141">84.86dp</dimen>
    <dimen name="x142">85.46dp</dimen>
    <dimen name="x143">86.06dp</dimen>
    <dimen name="x144">86.67dp</dimen>
    <dimen name="x145">87.27dp</dimen>
    <dimen name="x146">87.87dp</dimen>
    <dimen name="x147">88.47dp</dimen>
    <dimen name="x148">89.07dp</dimen>
    <dimen name="x149">89.68dp</dimen>
    <dimen name="x150">90.28dp</dimen>
    <dimen name="x151">90.88dp</dimen>
    <dimen name="x152">91.48dp</dimen>
    <dimen name="x153">92.08dp</dimen>
    <dimen name="x154">92.69dp</dimen>
    <dimen name="x155">93.29dp</dimen>
    <dimen name="x156">93.89dp</dimen>
    <dimen name="x157">94.49dp</dimen>
    <dimen name="x158">95.09dp</dimen>
    <dimen name="x159">95.69dp</dimen>
    <dimen name="x160">96.30dp</dimen>
    <dimen name="x161">96.90dp</dimen>
    <dimen name="x162">97.50dp</dimen>
    <dimen name="x163">98.10dp</dimen>
    <dimen name="x164">98.70dp</dimen>
    <dimen name="x165">99.31dp</dimen>
    <dimen name="x166">99.91dp</dimen>
    <dimen name="x167">100.51dp</dimen>
    <dimen name="x168">101.11dp</dimen>
    <dimen name="x169">101.71dp</dimen>
    <dimen name="x170">102.31dp</dimen>
    <dimen name="x171">102.92dp</dimen>
    <dimen name="x172">103.52dp</dimen>
    <dimen name="x173">104.12dp</dimen>
    <dimen name="x174">104.72dp</dimen>
    <dimen name="x175">105.32dp</dimen>
    <dimen name="x176">105.93dp</dimen>
    <dimen name="x177">106.53dp</dimen>
    <dimen name="x178">107.13dp</dimen>
    <dimen name="x179">107.73dp</dimen>
    <dimen name="x180">108.33dp</dimen>
    <dimen name="x181">108.94dp</dimen>
    <dimen name="x182">109.54dp</dimen>
    <dimen name="x183">110.14dp</dimen>
    <dimen name="x184">110.74dp</dimen>
    <dimen name="x185">111.34dp</dimen>
    <dimen name="x186">111.94dp</dimen>
    <dimen name="x187">112.55dp</dimen>
    <dimen name="x188">113.15dp</dimen>
    <dimen name="x189">113.75dp</dimen>
    <dimen name="x190">114.35dp</dimen>
    <dimen name="x191">114.95dp</dimen>
    <dimen name="x192">115.56dp</dimen>
    <dimen name="x193">116.16dp</dimen>
    <dimen name="x194">116.76dp</dimen>
    <dimen name="x195">117.36dp</dimen>
    <dimen name="x196">117.96dp</dimen>
    <dimen name="x197">118.56dp</dimen>
    <dimen name="x198">119.17dp</dimen>
    <dimen name="x199">119.77dp</dimen>
    <dimen name="x200">120.37dp</dimen>
    <dimen name="x201">120.97dp</dimen>
    <dimen name="x202">121.57dp</dimen>
    <dimen name="x203">122.18dp</dimen>
    <dimen name="x204">122.78dp</dimen>
    <dimen name="x205">123.38dp</dimen>
    <dimen name="x206">123.98dp</dimen>
    <dimen name="x207">124.58dp</dimen>
    <dimen name="x208">125.19dp</dimen>
    <dimen name="x209">125.79dp</dimen>
    <dimen name="x210">126.39dp</dimen>
    <dimen name="x211">126.99dp</dimen>
    <dimen name="x212">127.59dp</dimen>
    <dimen name="x213">128.19dp</dimen>
    <dimen name="x214">128.80dp</dimen>
    <dimen name="x215">129.40dp</dimen>
    <dimen name="x216">130.00dp</dimen>
    <dimen name="x217">130.60dp</dimen>
    <dimen name="x218">131.20dp</dimen>
    <dimen name="x219">131.81dp</dimen>
    <dimen name="x220">132.41dp</dimen>
    <dimen name="x221">133.01dp</dimen>
    <dimen name="x222">133.61dp</dimen>
    <dimen name="x223">134.21dp</dimen>
    <dimen name="x224">134.81dp</dimen>
    <dimen name="x225">135.42dp</dimen>
    <dimen name="x226">136.02dp</dimen>
    <dimen name="x227">136.62dp</dimen>
    <dimen name="x228">137.22dp</dimen>
    <dimen name="x229">137.82dp</dimen>
    <dimen name="x230">138.43dp</dimen>
    <dimen name="x231">139.03dp</dimen>
    <dimen name="x232">139.63dp</dimen>
    <dimen name="x233">140.23dp</dimen>
    <dimen name="x234">140.83dp</dimen>
    <dimen name="x235">141.44dp</dimen>
    <dimen name="x236">142.04dp</dimen>
    <dimen name="x237">142.64dp</dimen>
    <dimen name="x238">143.24dp</dimen>
    <dimen name="x239">143.84dp</dimen>
    <dimen name="x240">144.44dp</dimen>
    <dimen name="x241">145.05dp</dimen>
    <dimen name="x242">145.65dp</dimen>
    <dimen name="x243">146.25dp</dimen>
    <dimen name="x244">146.85dp</dimen>
    <dimen name="x245">147.45dp</dimen>
    <dimen name="x246">148.06dp</dimen>
    <dimen name="x247">148.66dp</dimen>
    <dimen name="x248">149.26dp</dimen>
    <dimen name="x249">149.86dp</dimen>
    <dimen name="x250">150.46dp</dimen>
    <dimen name="x251">151.06dp</dimen>
    <dimen name="x252">151.67dp</dimen>
    <dimen name="x253">152.27dp</dimen>
    <dimen name="x254">152.87dp</dimen>
    <dimen name="x255">153.47dp</dimen>
    <dimen name="x256">154.07dp</dimen>
    <dimen name="x257">154.68dp</dimen>
    <dimen name="x258">155.28dp</dimen>
    <dimen name="x259">155.88dp</dimen>
    <dimen name="x260">156.48dp</dimen>
    <dimen name="x261">157.08dp</dimen>
    <dimen name="x262">157.69dp</dimen>
    <dimen name="x263">158.29dp</dimen>
    <dimen name="x264">158.89dp</dimen>
    <dimen name="x265">159.49dp</dimen>
    <dimen name="x266">160.09dp</dimen>
    <dimen name="x267">160.69dp</dimen>
    <dimen name="x268">161.30dp</dimen>
    <dimen name="x269">161.90dp</dimen>
    <dimen name="x270">162.50dp</dimen>
    <dimen name="x271">163.10dp</dimen>
    <dimen name="x272">163.70dp</dimen>
    <dimen name="x273">164.31dp</dimen>
    <dimen name="x274">164.91dp</dimen>
    <dimen name="x275">165.51dp</dimen>
    <dimen name="x276">166.11dp</dimen>
    <dimen name="x277">166.71dp</dimen>
    <dimen name="x278">167.31dp</dimen>
    <dimen name="x279">167.92dp</dimen>
    <dimen name="x280">168.52dp</dimen>
    <dimen name="x281">169.12dp</dimen>
    <dimen name="x282">169.72dp</dimen>
    <dimen name="x283">170.32dp</dimen>
    <dimen name="x284">170.93dp</dimen>
    <dimen name="x285">171.53dp</dimen>
    <dimen name="x286">172.13dp</dimen>
    <dimen name="x287">172.73dp</dimen>
    <dimen name="x288">173.33dp</dimen>
    <dimen name="x289">173.94dp</dimen>
    <dimen name="x290">174.54dp</dimen>
    <dimen name="x291">175.14dp</dimen>
    <dimen name="x292">175.74dp</dimen>
    <dimen name="x293">176.34dp</dimen>
    <dimen name="x294">176.94dp</dimen>
    <dimen name="x295">177.55dp</dimen>
    <dimen name="x296">178.15dp</dimen>
    <dimen name="x297">178.75dp</dimen>
    <dimen name="x298">179.35dp</dimen>
    <dimen name="x299">179.95dp</dimen>
    <dimen name="x300">180.56dp</dimen>
    <dimen name="x301">181.16dp</dimen>
    <dimen name="x302">181.76dp</dimen>
    <dimen name="x303">182.36dp</dimen>
    <dimen name="x304">182.96dp</dimen>
    <dimen name="x305">183.56dp</dimen>
    <dimen name="x306">184.17dp</dimen>
    <dimen name="x307">184.77dp</dimen>
    <dimen name="x308">185.37dp</dimen>
    <dimen name="x309">185.97dp</dimen>
    <dimen name="x310">186.57dp</dimen>
    <dimen name="x311">187.18dp</dimen>
    <dimen name="x312">187.78dp</dimen>
    <dimen name="x313">188.38dp</dimen>
    <dimen name="x314">188.98dp</dimen>
    <dimen name="x315">189.58dp</dimen>
    <dimen name="x316">190.19dp</dimen>
    <dimen name="x317">190.79dp</dimen>
    <dimen name="x318">191.39dp</dimen>
    <dimen name="x319">191.99dp</dimen>
    <dimen name="x320">192.59dp</dimen>
    <dimen name="x321">193.19dp</dimen>
    <dimen name="x322">193.80dp</dimen>
    <dimen name="x323">194.40dp</dimen>
    <dimen name="x324">195.00dp</dimen>
    <dimen name="x325">195.60dp</dimen>
    <dimen name="x326">196.20dp</dimen>
    <dimen name="x327">196.81dp</dimen>
    <dimen name="x328">197.41dp</dimen>
    <dimen name="x329">198.01dp</dimen>
    <dimen name="x330">198.61dp</dimen>
    <dimen name="x331">199.21dp</dimen>
    <dimen name="x332">199.81dp</dimen>
    <dimen name="x333">200.42dp</dimen>
    <dimen name="x334">201.02dp</dimen>
    <dimen name="x335">201.62dp</dimen>
    <dimen name="x336">202.22dp</dimen>
    <dimen name="x337">202.82dp</dimen>
    <dimen name="x338">203.43dp</dimen>
    <dimen name="x339">204.03dp</dimen>
    <dimen name="x340">204.63dp</dimen>
    <dimen name="x341">205.23dp</dimen>
    <dimen name="x342">205.83dp</dimen>
    <dimen name="x343">206.44dp</dimen>
    <dimen name="x344">207.04dp</dimen>
    <dimen name="x345">207.64dp</dimen>
    <dimen name="x346">208.24dp</dimen>
    <dimen name="x347">208.84dp</dimen>
    <dimen name="x348">209.44dp</dimen>
    <dimen name="x349">210.05dp</dimen>
    <dimen name="x350">210.65dp</dimen>
    <dimen name="x351">211.25dp</dimen>
    <dimen name="x352">211.85dp</dimen>
    <dimen name="x353">212.45dp</dimen>
    <dimen name="x354">213.06dp</dimen>
    <dimen name="x355">213.66dp</dimen>
    <dimen name="x356">214.26dp</dimen>
    <dimen name="x357">214.86dp</dimen>
    <dimen name="x358">215.46dp</dimen>
    <dimen name="x359">216.06dp</dimen>
    <dimen name="x360">216.67dp</dimen>
    <dimen name="x361">217.27dp</dimen>
    <dimen name="x362">217.87dp</dimen>
    <dimen name="x363">218.47dp</dimen>
    <dimen name="x364">219.07dp</dimen>
    <dimen name="x365">219.68dp</dimen>
    <dimen name="x366">220.28dp</dimen>
    <dimen name="x367">220.88dp</dimen>
    <dimen name="x368">221.48dp</dimen>
    <dimen name="x369">222.08dp</dimen>
    <dimen name="x370">222.69dp</dimen>
    <dimen name="x371">223.29dp</dimen>
    <dimen name="x372">223.89dp</dimen>
    <dimen name="x373">224.49dp</dimen>
    <dimen name="x374">225.09dp</dimen>
    <dimen name="x375">225.69dp</dimen>
    <dimen name="x376">226.30dp</dimen>
    <dimen name="x377">226.90dp</dimen>
    <dimen name="x378">227.50dp</dimen>
    <dimen name="x379">228.10dp</dimen>
    <dimen name="x380">228.70dp</dimen>
    <dimen name="x381">229.31dp</dimen>
    <dimen name="x382">229.91dp</dimen>
    <dimen name="x383">230.51dp</dimen>
    <dimen name="x384">231.11dp</dimen>
    <dimen name="x385">231.71dp</dimen>
    <dimen name="x386">232.31dp</dimen>
    <dimen name="x387">232.92dp</dimen>
    <dimen name="x388">233.52dp</dimen>
    <dimen name="x389">234.12dp</dimen>
    <dimen name="x390">234.72dp</dimen>
    <dimen name="x391">235.32dp</dimen>
    <dimen name="x392">235.93dp</dimen>
    <dimen name="x393">236.53dp</dimen>
    <dimen name="x394">237.13dp</dimen>
    <dimen name="x395">237.73dp</dimen>
    <dimen name="x396">238.33dp</dimen>
    <dimen name="x397">238.94dp</dimen>
    <dimen name="x398">239.54dp</dimen>
    <dimen name="x399">240.14dp</dimen>
    <dimen name="x400">240.74dp</dimen>
    <dimen name="x401">241.34dp</dimen>
    <dimen name="x402">241.94dp</dimen>
    <dimen name="x403">242.55dp</dimen>
    <dimen name="x404">243.15dp</dimen>
    <dimen name="x405">243.75dp</dimen>
    <dimen name="x406">244.35dp</dimen>
    <dimen name="x407">244.95dp</dimen>
    <dimen name="x408">245.56dp</dimen>
    <dimen name="x409">246.16dp</dimen>
    <dimen name="x410">246.76dp</dimen>
    <dimen name="x411">247.36dp</dimen>
    <dimen name="x412">247.96dp</dimen>
    <dimen name="x413">248.56dp</dimen>
    <dimen name="x414">249.17dp</dimen>
    <dimen name="x415">249.77dp</dimen>
    <dimen name="x416">250.37dp</dimen>
    <dimen name="x417">250.97dp</dimen>
    <dimen name="x418">251.57dp</dimen>
    <dimen name="x419">252.18dp</dimen>
    <dimen name="x420">252.78dp</dimen>
    <dimen name="x421">253.38dp</dimen>
    <dimen name="x422">253.98dp</dimen>
    <dimen name="x423">254.58dp</dimen>
    <dimen name="x424">255.19dp</dimen>
    <dimen name="x425">255.79dp</dimen>
    <dimen name="x426">256.39dp</dimen>
    <dimen name="x427">256.99dp</dimen>
    <dimen name="x428">257.59dp</dimen>
    <dimen name="x429">258.19dp</dimen>
    <dimen name="x430">258.80dp</dimen>
    <dimen name="x431">259.40dp</dimen>
    <dimen name="x432">260.00dp</dimen>
    <dimen name="x433">260.60dp</dimen>
    <dimen name="x434">261.20dp</dimen>
    <dimen name="x435">261.81dp</dimen>
    <dimen name="x436">262.41dp</dimen>
    <dimen name="x437">263.01dp</dimen>
    <dimen name="x438">263.61dp</dimen>
    <dimen name="x439">264.21dp</dimen>
    <dimen name="x440">264.81dp</dimen>
    <dimen name="x441">265.42dp</dimen>
    <dimen name="x442">266.02dp</dimen>
    <dimen name="x443">266.62dp</dimen>
    <dimen name="x444">267.22dp</dimen>
    <dimen name="x445">267.82dp</dimen>
    <dimen name="x446">268.43dp</dimen>
    <dimen name="x447">269.03dp</dimen>
    <dimen name="x448">269.63dp</dimen>
    <dimen name="x449">270.23dp</dimen>
    <dimen name="x450">270.83dp</dimen>
    <dimen name="x451">271.44dp</dimen>
    <dimen name="x452">272.04dp</dimen>
    <dimen name="x453">272.64dp</dimen>
    <dimen name="x454">273.24dp</dimen>
    <dimen name="x455">273.84dp</dimen>
    <dimen name="x456">274.44dp</dimen>
    <dimen name="x457">275.05dp</dimen>
    <dimen name="x458">275.65dp</dimen>
    <dimen name="x459">276.25dp</dimen>
    <dimen name="x460">276.85dp</dimen>
    <dimen name="x461">277.45dp</dimen>
    <dimen name="x462">278.06dp</dimen>
    <dimen name="x463">278.66dp</dimen>
    <dimen name="x464">279.26dp</dimen>
    <dimen name="x465">279.86dp</dimen>
    <dimen name="x466">280.46dp</dimen>
    <dimen name="x467">281.06dp</dimen>
    <dimen name="x468">281.67dp</dimen>
    <dimen name="x469">282.27dp</dimen>
    <dimen name="x470">282.87dp</dimen>
    <dimen name="x471">283.47dp</dimen>
    <dimen name="x472">284.07dp</dimen>
    <dimen name="x473">284.68dp</dimen>
    <dimen name="x474">285.28dp</dimen>
    <dimen name="x475">285.88dp</dimen>
    <dimen name="x476">286.48dp</dimen>
    <dimen name="x477">287.08dp</dimen>
    <dimen name="x478">287.69dp</dimen>
    <dimen name="x479">288.29dp</dimen>
    <dimen name="x480">288.89dp</dimen>
    <dimen name="x481">289.49dp</dimen>
    <dimen name="x482">290.09dp</dimen>
    <dimen name="x483">290.69dp</dimen>
    <dimen name="x484">291.30dp</dimen>
    <dimen name="x485">291.90dp</dimen>
    <dimen name="x486">292.50dp</dimen>
    <dimen name="x487">293.10dp</dimen>
    <dimen name="x488">293.70dp</dimen>
    <dimen name="x489">294.31dp</dimen>
    <dimen name="x490">294.91dp</dimen>
    <dimen name="x491">295.51dp</dimen>
    <dimen name="x492">296.11dp</dimen>
    <dimen name="x493">296.71dp</dimen>
    <dimen name="x494">297.31dp</dimen>
    <dimen name="x495">297.92dp</dimen>
    <dimen name="x496">298.52dp</dimen>
    <dimen name="x497">299.12dp</dimen>
    <dimen name="x498">299.72dp</dimen>
    <dimen name="x499">300.32dp</dimen>
    <dimen name="x500">300.93dp</dimen>
    <dimen name="x501">301.53dp</dimen>
    <dimen name="x502">302.13dp</dimen>
    <dimen name="x503">302.73dp</dimen>
    <dimen name="x504">303.33dp</dimen>
    <dimen name="x505">303.94dp</dimen>
    <dimen name="x506">304.54dp</dimen>
    <dimen name="x507">305.14dp</dimen>
    <dimen name="x508">305.74dp</dimen>
    <dimen name="x509">306.34dp</dimen>
    <dimen name="x510">306.94dp</dimen>
    <dimen name="x511">307.55dp</dimen>
    <dimen name="x512">308.15dp</dimen>
    <dimen name="x513">308.75dp</dimen>
    <dimen name="x514">309.35dp</dimen>
    <dimen name="x515">309.95dp</dimen>
    <dimen name="x516">310.56dp</dimen>
    <dimen name="x517">311.16dp</dimen>
    <dimen name="x518">311.76dp</dimen>
    <dimen name="x519">312.36dp</dimen>
    <dimen name="x520">312.96dp</dimen>
    <dimen name="x521">313.56dp</dimen>
    <dimen name="x522">314.17dp</dimen>
    <dimen name="x523">314.77dp</dimen>
    <dimen name="x524">315.37dp</dimen>
    <dimen name="x525">315.97dp</dimen>
    <dimen name="x526">316.57dp</dimen>
    <dimen name="x527">317.18dp</dimen>
    <dimen name="x528">317.78dp</dimen>
    <dimen name="x529">318.38dp</dimen>
    <dimen name="x530">318.98dp</dimen>
    <dimen name="x531">319.58dp</dimen>
    <dimen name="x532">320.19dp</dimen>
    <dimen name="x533">320.79dp</dimen>
    <dimen name="x534">321.39dp</dimen>
    <dimen name="x535">321.99dp</dimen>
    <dimen name="x536">322.59dp</dimen>
    <dimen name="x537">323.19dp</dimen>
    <dimen name="x538">323.80dp</dimen>
    <dimen name="x539">324.40dp</dimen>
    <dimen name="x540">325.00dp</dimen>
    <dimen name="x541">325.60dp</dimen>
    <dimen name="x542">326.20dp</dimen>
    <dimen name="x543">326.81dp</dimen>
    <dimen name="x544">327.41dp</dimen>
    <dimen name="x545">328.01dp</dimen>
    <dimen name="x546">328.61dp</dimen>
    <dimen name="x547">329.21dp</dimen>
    <dimen name="x548">329.81dp</dimen>
    <dimen name="x549">330.42dp</dimen>
    <dimen name="x550">331.02dp</dimen>
    <dimen name="x551">331.62dp</dimen>
    <dimen name="x552">332.22dp</dimen>
    <dimen name="x553">332.82dp</dimen>
    <dimen name="x554">333.43dp</dimen>
    <dimen name="x555">334.03dp</dimen>
    <dimen name="x556">334.63dp</dimen>
    <dimen name="x557">335.23dp</dimen>
    <dimen name="x558">335.83dp</dimen>
    <dimen name="x559">336.44dp</dimen>
    <dimen name="x560">337.04dp</dimen>
    <dimen name="x561">337.64dp</dimen>
    <dimen name="x562">338.24dp</dimen>
    <dimen name="x563">338.84dp</dimen>
    <dimen name="x564">339.44dp</dimen>
    <dimen name="x565">340.05dp</dimen>
    <dimen name="x566">340.65dp</dimen>
    <dimen name="x567">341.25dp</dimen>
    <dimen name="x568">341.85dp</dimen>
    <dimen name="x569">342.45dp</dimen>
    <dimen name="x570">343.06dp</dimen>
    <dimen name="x571">343.66dp</dimen>
    <dimen name="x572">344.26dp</dimen>
    <dimen name="x573">344.86dp</dimen>
    <dimen name="x574">345.46dp</dimen>
    <dimen name="x575">346.06dp</dimen>
    <dimen name="x576">346.67dp</dimen>
    <dimen name="x577">347.27dp</dimen>
    <dimen name="x578">347.87dp</dimen>
    <dimen name="x579">348.47dp</dimen>
    <dimen name="x580">349.07dp</dimen>
    <dimen name="x581">349.68dp</dimen>
    <dimen name="x582">350.28dp</dimen>
    <dimen name="x583">350.88dp</dimen>
    <dimen name="x584">351.48dp</dimen>
    <dimen name="x585">352.08dp</dimen>
    <dimen name="x586">352.69dp</dimen>
    <dimen name="x587">353.29dp</dimen>
    <dimen name="x588">353.89dp</dimen>
    <dimen name="x589">354.49dp</dimen>
    <dimen name="x590">355.09dp</dimen>
    <dimen name="x591">355.69dp</dimen>
    <dimen name="x592">356.30dp</dimen>
    <dimen name="x593">356.90dp</dimen>
    <dimen name="x594">357.50dp</dimen>
    <dimen name="x595">358.10dp</dimen>
    <dimen name="x596">358.70dp</dimen>
    <dimen name="x597">359.31dp</dimen>
    <dimen name="x598">359.91dp</dimen>
    <dimen name="x599">360.51dp</dimen>
    <dimen name="x600">361.11dp</dimen>
    <dimen name="x601">361.71dp</dimen>
    <dimen name="x602">362.31dp</dimen>
    <dimen name="x603">362.92dp</dimen>
    <dimen name="x604">363.52dp</dimen>
    <dimen name="x605">364.12dp</dimen>
    <dimen name="x606">364.72dp</dimen>
    <dimen name="x607">365.32dp</dimen>
    <dimen name="x608">365.93dp</dimen>
    <dimen name="x609">366.53dp</dimen>
    <dimen name="x610">367.13dp</dimen>
    <dimen name="x611">367.73dp</dimen>
    <dimen name="x612">368.33dp</dimen>
    <dimen name="x613">368.94dp</dimen>
    <dimen name="x614">369.54dp</dimen>
    <dimen name="x615">370.14dp</dimen>
    <dimen name="x616">370.74dp</dimen>
    <dimen name="x617">371.34dp</dimen>
    <dimen name="x618">371.94dp</dimen>
    <dimen name="x619">372.55dp</dimen>
    <dimen name="x620">373.15dp</dimen>
    <dimen name="x621">373.75dp</dimen>
    <dimen name="x622">374.35dp</dimen>
    <dimen name="x623">374.95dp</dimen>
    <dimen name="x624">375.56dp</dimen>
    <dimen name="x625">376.16dp</dimen>
    <dimen name="x626">376.76dp</dimen>
    <dimen name="x627">377.36dp</dimen>
    <dimen name="x628">377.96dp</dimen>
    <dimen name="x629">378.56dp</dimen>
    <dimen name="x630">379.17dp</dimen>
    <dimen name="x631">379.77dp</dimen>
    <dimen name="x632">380.37dp</dimen>
    <dimen name="x633">380.97dp</dimen>
    <dimen name="x634">381.57dp</dimen>
    <dimen name="x635">382.18dp</dimen>
    <dimen name="x636">382.78dp</dimen>
    <dimen name="x637">383.38dp</dimen>
    <dimen name="x638">383.98dp</dimen>
    <dimen name="x639">384.58dp</dimen>
    <dimen name="x640">385.19dp</dimen>
    <dimen name="x641">385.79dp</dimen>
    <dimen name="x642">386.39dp</dimen>
    <dimen name="x643">386.99dp</dimen>
    <dimen name="x644">387.59dp</dimen>
    <dimen name="x645">388.19dp</dimen>
    <dimen name="x646">388.80dp</dimen>
    <dimen name="x647">389.40dp</dimen>
    <dimen name="x648">390.00dp</dimen>
    <dimen name="x649">390.60dp</dimen>
    <dimen name="x650">391.20dp</dimen>
    <dimen name="x651">391.81dp</dimen>
    <dimen name="x652">392.41dp</dimen>
    <dimen name="x653">393.01dp</dimen>
    <dimen name="x654">393.61dp</dimen>
    <dimen name="x655">394.21dp</dimen>
    <dimen name="x656">394.81dp</dimen>
    <dimen name="x657">395.42dp</dimen>
    <dimen name="x658">396.02dp</dimen>
    <dimen name="x659">396.62dp</dimen>
    <dimen name="x660">397.22dp</dimen>
    <dimen name="x661">397.82dp</dimen>
    <dimen name="x662">398.43dp</dimen>
    <dimen name="x663">399.03dp</dimen>
    <dimen name="x664">399.63dp</dimen>
    <dimen name="x665">400.23dp</dimen>
    <dimen name="x666">400.83dp</dimen>
    <dimen name="x667">401.44dp</dimen>
    <dimen name="x668">402.04dp</dimen>
    <dimen name="x669">402.64dp</dimen>
    <dimen name="x670">403.24dp</dimen>
    <dimen name="x671">403.84dp</dimen>
    <dimen name="x672">404.44dp</dimen>
    <dimen name="x673">405.05dp</dimen>
    <dimen name="x674">405.65dp</dimen>
    <dimen name="x675">406.25dp</dimen>
    <dimen name="x676">406.85dp</dimen>
    <dimen name="x677">407.45dp</dimen>
    <dimen name="x678">408.06dp</dimen>
    <dimen name="x679">408.66dp</dimen>
    <dimen name="x680">409.26dp</dimen>
    <dimen name="x681">409.86dp</dimen>
    <dimen name="x682">410.46dp</dimen>
    <dimen name="x683">411.06dp</dimen>
    <dimen name="x684">411.67dp</dimen>
    <dimen name="x685">412.27dp</dimen>
    <dimen name="x686">412.87dp</dimen>
    <dimen name="x687">413.47dp</dimen>
    <dimen name="x688">414.07dp</dimen>
    <dimen name="x689">414.68dp</dimen>
    <dimen name="x690">415.28dp</dimen>
    <dimen name="x691">415.88dp</dimen>
    <dimen name="x692">416.48dp</dimen>
    <dimen name="x693">417.08dp</dimen>
    <dimen name="x694">417.69dp</dimen>
    <dimen name="x695">418.29dp</dimen>
    <dimen name="x696">418.89dp</dimen>
    <dimen name="x697">419.49dp</dimen>
    <dimen name="x698">420.09dp</dimen>
    <dimen name="x699">420.69dp</dimen>
    <dimen name="x700">421.30dp</dimen>
    <dimen name="x701">421.90dp</dimen>
    <dimen name="x702">422.50dp</dimen>
    <dimen name="x703">423.10dp</dimen>
    <dimen name="x704">423.70dp</dimen>
    <dimen name="x705">424.31dp</dimen>
    <dimen name="x706">424.91dp</dimen>
    <dimen name="x707">425.51dp</dimen>
    <dimen name="x708">426.11dp</dimen>
    <dimen name="x709">426.71dp</dimen>
    <dimen name="x710">427.31dp</dimen>
    <dimen name="x711">427.92dp</dimen>
    <dimen name="x712">428.52dp</dimen>
    <dimen name="x713">429.12dp</dimen>
    <dimen name="x714">429.72dp</dimen>
    <dimen name="x715">430.32dp</dimen>
    <dimen name="x716">430.93dp</dimen>
    <dimen name="x717">431.53dp</dimen>
    <dimen name="x718">432.13dp</dimen>
    <dimen name="x719">432.73dp</dimen>
    <dimen name="x720">433.33dp</dimen>
    <dimen name="x721">433.94dp</dimen>
    <dimen name="x722">434.54dp</dimen>
    <dimen name="x723">435.14dp</dimen>
    <dimen name="x724">435.74dp</dimen>
    <dimen name="x725">436.34dp</dimen>
    <dimen name="x726">436.94dp</dimen>
    <dimen name="x727">437.55dp</dimen>
    <dimen name="x728">438.15dp</dimen>
    <dimen name="x729">438.75dp</dimen>
    <dimen name="x730">439.35dp</dimen>
    <dimen name="x731">439.95dp</dimen>
    <dimen name="x732">440.56dp</dimen>
    <dimen name="x733">441.16dp</dimen>
    <dimen name="x734">441.76dp</dimen>
    <dimen name="x735">442.36dp</dimen>
    <dimen name="x736">442.96dp</dimen>
    <dimen name="x737">443.56dp</dimen>
    <dimen name="x738">444.17dp</dimen>
    <dimen name="x739">444.77dp</dimen>
    <dimen name="x740">445.37dp</dimen>
    <dimen name="x741">445.97dp</dimen>
    <dimen name="x742">446.57dp</dimen>
    <dimen name="x743">447.18dp</dimen>
    <dimen name="x744">447.78dp</dimen>
    <dimen name="x745">448.38dp</dimen>
    <dimen name="x746">448.98dp</dimen>
    <dimen name="x747">449.58dp</dimen>
    <dimen name="x748">450.19dp</dimen>
    <dimen name="x749">450.79dp</dimen>
    <dimen name="x750">451.39dp</dimen>
    <dimen name="x751">451.99dp</dimen>
    <dimen name="x752">452.59dp</dimen>
    <dimen name="x753">453.19dp</dimen>
    <dimen name="x754">453.80dp</dimen>
    <dimen name="x755">454.40dp</dimen>
    <dimen name="x756">455.00dp</dimen>
    <dimen name="x757">455.60dp</dimen>
    <dimen name="x758">456.20dp</dimen>
    <dimen name="x759">456.81dp</dimen>
    <dimen name="x760">457.41dp</dimen>
    <dimen name="x761">458.01dp</dimen>
    <dimen name="x762">458.61dp</dimen>
    <dimen name="x763">459.21dp</dimen>
    <dimen name="x764">459.81dp</dimen>
    <dimen name="x765">460.42dp</dimen>
    <dimen name="x766">461.02dp</dimen>
    <dimen name="x767">461.62dp</dimen>
    <dimen name="x768">462.22dp</dimen>
    <dimen name="x769">462.82dp</dimen>
    <dimen name="x770">463.43dp</dimen>
    <dimen name="x771">464.03dp</dimen>
    <dimen name="x772">464.63dp</dimen>
    <dimen name="x773">465.23dp</dimen>
    <dimen name="x774">465.83dp</dimen>
    <dimen name="x775">466.44dp</dimen>
    <dimen name="x776">467.04dp</dimen>
    <dimen name="x777">467.64dp</dimen>
    <dimen name="x778">468.24dp</dimen>
    <dimen name="x779">468.84dp</dimen>
    <dimen name="x780">469.44dp</dimen>
    <dimen name="x781">470.05dp</dimen>
    <dimen name="x782">470.65dp</dimen>
    <dimen name="x783">471.25dp</dimen>
    <dimen name="x784">471.85dp</dimen>
    <dimen name="x785">472.45dp</dimen>
    <dimen name="x786">473.06dp</dimen>
    <dimen name="x787">473.66dp</dimen>
    <dimen name="x788">474.26dp</dimen>
    <dimen name="x789">474.86dp</dimen>
    <dimen name="x790">475.46dp</dimen>
    <dimen name="x791">476.06dp</dimen>
    <dimen name="x792">476.67dp</dimen>
    <dimen name="x793">477.27dp</dimen>
    <dimen name="x794">477.87dp</dimen>
    <dimen name="x795">478.47dp</dimen>
    <dimen name="x796">479.07dp</dimen>
    <dimen name="x797">479.68dp</dimen>
    <dimen name="x798">480.28dp</dimen>
    <dimen name="x799">480.88dp</dimen>
    <dimen name="x800">481.48dp</dimen>
    <dimen name="x801">482.08dp</dimen>
    <dimen name="x802">482.69dp</dimen>
    <dimen name="x803">483.29dp</dimen>
    <dimen name="x804">483.89dp</dimen>
    <dimen name="x805">484.49dp</dimen>
    <dimen name="x806">485.09dp</dimen>
    <dimen name="x807">485.69dp</dimen>
    <dimen name="x808">486.30dp</dimen>
    <dimen name="x809">486.90dp</dimen>
    <dimen name="x810">487.50dp</dimen>
    <dimen name="x811">488.10dp</dimen>
    <dimen name="x812">488.70dp</dimen>
    <dimen name="x813">489.31dp</dimen>
    <dimen name="x814">489.91dp</dimen>
    <dimen name="x815">490.51dp</dimen>
    <dimen name="x816">491.11dp</dimen>
    <dimen name="x817">491.71dp</dimen>
    <dimen name="x818">492.31dp</dimen>
    <dimen name="x819">492.92dp</dimen>
    <dimen name="x820">493.52dp</dimen>
    <dimen name="x821">494.12dp</dimen>
    <dimen name="x822">494.72dp</dimen>
    <dimen name="x823">495.32dp</dimen>
    <dimen name="x824">495.93dp</dimen>
    <dimen name="x825">496.53dp</dimen>
    <dimen name="x826">497.13dp</dimen>
    <dimen name="x827">497.73dp</dimen>
    <dimen name="x828">498.33dp</dimen>
    <dimen name="x829">498.94dp</dimen>
    <dimen name="x830">499.54dp</dimen>
    <dimen name="x831">500.14dp</dimen>
    <dimen name="x832">500.74dp</dimen>
    <dimen name="x833">501.34dp</dimen>
    <dimen name="x834">501.94dp</dimen>
    <dimen name="x835">502.55dp</dimen>
    <dimen name="x836">503.15dp</dimen>
    <dimen name="x837">503.75dp</dimen>
    <dimen name="x838">504.35dp</dimen>
    <dimen name="x839">504.95dp</dimen>
    <dimen name="x840">505.56dp</dimen>
    <dimen name="x841">506.16dp</dimen>
    <dimen name="x842">506.76dp</dimen>
    <dimen name="x843">507.36dp</dimen>
    <dimen name="x844">507.96dp</dimen>
    <dimen name="x845">508.56dp</dimen>
    <dimen name="x846">509.17dp</dimen>
    <dimen name="x847">509.77dp</dimen>
    <dimen name="x848">510.37dp</dimen>
    <dimen name="x849">510.97dp</dimen>
    <dimen name="x850">511.57dp</dimen>
    <dimen name="x851">512.18dp</dimen>
    <dimen name="x852">512.78dp</dimen>
    <dimen name="x853">513.38dp</dimen>
    <dimen name="x854">513.98dp</dimen>
    <dimen name="x855">514.58dp</dimen>
    <dimen name="x856">515.19dp</dimen>
    <dimen name="x857">515.79dp</dimen>
    <dimen name="x858">516.39dp</dimen>
    <dimen name="x859">516.99dp</dimen>
    <dimen name="x860">517.59dp</dimen>
    <dimen name="x861">518.19dp</dimen>
    <dimen name="x862">518.80dp</dimen>
    <dimen name="x863">519.40dp</dimen>
    <dimen name="x864">520.00dp</dimen>
    <dimen name="x865">520.60dp</dimen>
    <dimen name="x866">521.20dp</dimen>
    <dimen name="x867">521.81dp</dimen>
    <dimen name="x868">522.41dp</dimen>
    <dimen name="x869">523.01dp</dimen>
    <dimen name="x870">523.61dp</dimen>
    <dimen name="x871">524.21dp</dimen>
    <dimen name="x872">524.81dp</dimen>
    <dimen name="x873">525.42dp</dimen>
    <dimen name="x874">526.02dp</dimen>
    <dimen name="x875">526.62dp</dimen>
    <dimen name="x876">527.22dp</dimen>
    <dimen name="x877">527.82dp</dimen>
    <dimen name="x878">528.43dp</dimen>
    <dimen name="x879">529.03dp</dimen>
    <dimen name="x880">529.63dp</dimen>
    <dimen name="x881">530.23dp</dimen>
    <dimen name="x882">530.83dp</dimen>
    <dimen name="x883">531.44dp</dimen>
    <dimen name="x884">532.04dp</dimen>
    <dimen name="x885">532.64dp</dimen>
    <dimen name="x886">533.24dp</dimen>
    <dimen name="x887">533.84dp</dimen>
    <dimen name="x888">534.44dp</dimen>
    <dimen name="x889">535.05dp</dimen>
    <dimen name="x890">535.65dp</dimen>
    <dimen name="x891">536.25dp</dimen>
    <dimen name="x892">536.85dp</dimen>
    <dimen name="x893">537.45dp</dimen>
    <dimen name="x894">538.06dp</dimen>
    <dimen name="x895">538.66dp</dimen>
    <dimen name="x896">539.26dp</dimen>
    <dimen name="x897">539.86dp</dimen>
    <dimen name="x898">540.46dp</dimen>
    <dimen name="x899">541.06dp</dimen>
    <dimen name="x900">541.67dp</dimen>
    <dimen name="x901">542.27dp</dimen>
    <dimen name="x902">542.87dp</dimen>
    <dimen name="x903">543.47dp</dimen>
    <dimen name="x904">544.07dp</dimen>
    <dimen name="x905">544.68dp</dimen>
    <dimen name="x906">545.28dp</dimen>
    <dimen name="x907">545.88dp</dimen>
    <dimen name="x908">546.48dp</dimen>
    <dimen name="x909">547.08dp</dimen>
    <dimen name="x910">547.69dp</dimen>
    <dimen name="x911">548.29dp</dimen>
    <dimen name="x912">548.89dp</dimen>
    <dimen name="x913">549.49dp</dimen>
    <dimen name="x914">550.09dp</dimen>
    <dimen name="x915">550.69dp</dimen>
    <dimen name="x916">551.30dp</dimen>
    <dimen name="x917">551.90dp</dimen>
    <dimen name="x918">552.50dp</dimen>
    <dimen name="x919">553.10dp</dimen>
    <dimen name="x920">553.70dp</dimen>
    <dimen name="x921">554.31dp</dimen>
    <dimen name="x922">554.91dp</dimen>
    <dimen name="x923">555.51dp</dimen>
    <dimen name="x924">556.11dp</dimen>
    <dimen name="x925">556.71dp</dimen>
    <dimen name="x926">557.31dp</dimen>
    <dimen name="x927">557.92dp</dimen>
    <dimen name="x928">558.52dp</dimen>
    <dimen name="x929">559.12dp</dimen>
    <dimen name="x930">559.72dp</dimen>
    <dimen name="x931">560.32dp</dimen>
    <dimen name="x932">560.93dp</dimen>
    <dimen name="x933">561.53dp</dimen>
    <dimen name="x934">562.13dp</dimen>
    <dimen name="x935">562.73dp</dimen>
    <dimen name="x936">563.33dp</dimen>
    <dimen name="x937">563.94dp</dimen>
    <dimen name="x938">564.54dp</dimen>
    <dimen name="x939">565.14dp</dimen>
    <dimen name="x940">565.74dp</dimen>
    <dimen name="x941">566.34dp</dimen>
    <dimen name="x942">566.94dp</dimen>
    <dimen name="x943">567.55dp</dimen>
    <dimen name="x944">568.15dp</dimen>
    <dimen name="x945">568.75dp</dimen>
    <dimen name="x946">569.35dp</dimen>
    <dimen name="x947">569.95dp</dimen>
    <dimen name="x948">570.56dp</dimen>
    <dimen name="x949">571.16dp</dimen>
    <dimen name="x950">571.76dp</dimen>
    <dimen name="x951">572.36dp</dimen>
    <dimen name="x952">572.96dp</dimen>
    <dimen name="x953">573.56dp</dimen>
    <dimen name="x954">574.17dp</dimen>
    <dimen name="x955">574.77dp</dimen>
    <dimen name="x956">575.37dp</dimen>
    <dimen name="x957">575.97dp</dimen>
    <dimen name="x958">576.57dp</dimen>
    <dimen name="x959">577.18dp</dimen>
    <dimen name="x960">577.78dp</dimen>
    <dimen name="x961">578.38dp</dimen>
    <dimen name="x962">578.98dp</dimen>
    <dimen name="x963">579.58dp</dimen>
    <dimen name="x964">580.19dp</dimen>
    <dimen name="x965">580.79dp</dimen>
    <dimen name="x966">581.39dp</dimen>
    <dimen name="x967">581.99dp</dimen>
    <dimen name="x968">582.59dp</dimen>
    <dimen name="x969">583.19dp</dimen>
    <dimen name="x970">583.80dp</dimen>
    <dimen name="x971">584.40dp</dimen>
    <dimen name="x972">585.00dp</dimen>
    <dimen name="x973">585.60dp</dimen>
    <dimen name="x974">586.20dp</dimen>
    <dimen name="x975">586.81dp</dimen>
    <dimen name="x976">587.41dp</dimen>
    <dimen name="x977">588.01dp</dimen>
    <dimen name="x978">588.61dp</dimen>
    <dimen name="x979">589.21dp</dimen>
    <dimen name="x980">589.81dp</dimen>
    <dimen name="x981">590.42dp</dimen>
    <dimen name="x982">591.02dp</dimen>
    <dimen name="x983">591.62dp</dimen>
    <dimen name="x984">592.22dp</dimen>
    <dimen name="x985">592.82dp</dimen>
    <dimen name="x986">593.43dp</dimen>
    <dimen name="x987">594.03dp</dimen>
    <dimen name="x988">594.63dp</dimen>
    <dimen name="x989">595.23dp</dimen>
    <dimen name="x990">595.83dp</dimen>
    <dimen name="x991">596.44dp</dimen>
    <dimen name="x992">597.04dp</dimen>
    <dimen name="x993">597.64dp</dimen>
    <dimen name="x994">598.24dp</dimen>
    <dimen name="x995">598.84dp</dimen>
    <dimen name="x996">599.44dp</dimen>
    <dimen name="x997">600.05dp</dimen>
    <dimen name="x998">600.65dp</dimen>
    <dimen name="x999">601.25dp</dimen>
    <dimen name="x1000">601.85dp</dimen>
    <dimen name="x1001">602.45dp</dimen>
    <dimen name="x1002">603.06dp</dimen>
    <dimen name="x1003">603.66dp</dimen>
    <dimen name="x1004">604.26dp</dimen>
    <dimen name="x1005">604.86dp</dimen>
    <dimen name="x1006">605.46dp</dimen>
    <dimen name="x1007">606.06dp</dimen>
    <dimen name="x1008">606.67dp</dimen>
    <dimen name="x1009">607.27dp</dimen>
    <dimen name="x1010">607.87dp</dimen>
    <dimen name="x1011">608.47dp</dimen>
    <dimen name="x1012">609.07dp</dimen>
    <dimen name="x1013">609.68dp</dimen>
    <dimen name="x1014">610.28dp</dimen>
    <dimen name="x1015">610.88dp</dimen>
    <dimen name="x1016">611.48dp</dimen>
    <dimen name="x1017">612.08dp</dimen>
    <dimen name="x1018">612.69dp</dimen>
    <dimen name="x1019">613.29dp</dimen>
    <dimen name="x1020">613.89dp</dimen>
    <dimen name="x1021">614.49dp</dimen>
    <dimen name="x1022">615.09dp</dimen>
    <dimen name="x1023">615.69dp</dimen>
    <dimen name="x1024">616.30dp</dimen>
    <dimen name="x1025">616.90dp</dimen>
    <dimen name="x1026">617.50dp</dimen>
    <dimen name="x1027">618.10dp</dimen>
    <dimen name="x1028">618.70dp</dimen>
    <dimen name="x1029">619.31dp</dimen>
    <dimen name="x1030">619.91dp</dimen>
    <dimen name="x1031">620.51dp</dimen>
    <dimen name="x1032">621.11dp</dimen>
    <dimen name="x1033">621.71dp</dimen>
    <dimen name="x1034">622.31dp</dimen>
    <dimen name="x1035">622.92dp</dimen>
    <dimen name="x1036">623.52dp</dimen>
    <dimen name="x1037">624.12dp</dimen>
    <dimen name="x1038">624.72dp</dimen>
    <dimen name="x1039">625.32dp</dimen>
    <dimen name="x1040">625.93dp</dimen>
    <dimen name="x1041">626.53dp</dimen>
    <dimen name="x1042">627.13dp</dimen>
    <dimen name="x1043">627.73dp</dimen>
    <dimen name="x1044">628.33dp</dimen>
    <dimen name="x1045">628.94dp</dimen>
    <dimen name="x1046">629.54dp</dimen>
    <dimen name="x1047">630.14dp</dimen>
    <dimen name="x1048">630.74dp</dimen>
    <dimen name="x1049">631.34dp</dimen>
    <dimen name="x1050">631.94dp</dimen>
    <dimen name="x1051">632.55dp</dimen>
    <dimen name="x1052">633.15dp</dimen>
    <dimen name="x1053">633.75dp</dimen>
    <dimen name="x1054">634.35dp</dimen>
    <dimen name="x1055">634.95dp</dimen>
    <dimen name="x1056">635.56dp</dimen>
    <dimen name="x1057">636.16dp</dimen>
    <dimen name="x1058">636.76dp</dimen>
    <dimen name="x1059">637.36dp</dimen>
    <dimen name="x1060">637.96dp</dimen>
    <dimen name="x1061">638.56dp</dimen>
    <dimen name="x1062">639.17dp</dimen>
    <dimen name="x1063">639.77dp</dimen>
    <dimen name="x1064">640.37dp</dimen>
    <dimen name="x1065">640.97dp</dimen>
    <dimen name="x1066">641.57dp</dimen>
    <dimen name="x1067">642.18dp</dimen>
    <dimen name="x1068">642.78dp</dimen>
    <dimen name="x1069">643.38dp</dimen>
    <dimen name="x1070">643.98dp</dimen>
    <dimen name="x1071">644.58dp</dimen>
    <dimen name="x1072">645.19dp</dimen>
    <dimen name="x1073">645.79dp</dimen>
    <dimen name="x1074">646.39dp</dimen>
    <dimen name="x1075">646.99dp</dimen>
    <dimen name="x1076">647.59dp</dimen>
    <dimen name="x1077">648.19dp</dimen>
    <dimen name="x1078">648.80dp</dimen>
    <dimen name="x1079">649.40dp</dimen>
    <dimen name="x1080">650.00dp</dimen>
</resources>