<?xml version="1.0" encoding="utf-8"?>
<resources>
    <string name="sw_dp">550dp</string>
    <dimen name="x1">0.51dp</dimen>
    <dimen name="x2">1.02dp</dimen>
    <dimen name="x3">1.53dp</dimen>
    <dimen name="x4">2.04dp</dimen>
    <dimen name="x5">2.55dp</dimen>
    <dimen name="x6">3.06dp</dimen>
    <dimen name="x7">3.56dp</dimen>
    <dimen name="x8">4.07dp</dimen>
    <dimen name="x9">4.58dp</dimen>
    <dimen name="x10">5.09dp</dimen>
    <dimen name="x11">5.60dp</dimen>
    <dimen name="x12">6.11dp</dimen>
    <dimen name="x13">6.62dp</dimen>
    <dimen name="x14">7.13dp</dimen>
    <dimen name="x15">7.64dp</dimen>
    <dimen name="x16">8.15dp</dimen>
    <dimen name="x17">8.66dp</dimen>
    <dimen name="x18">9.17dp</dimen>
    <dimen name="x19">9.68dp</dimen>
    <dimen name="x20">10.19dp</dimen>
    <dimen name="x21">10.69dp</dimen>
    <dimen name="x22">11.20dp</dimen>
    <dimen name="x23">11.71dp</dimen>
    <dimen name="x24">12.22dp</dimen>
    <dimen name="x25">12.73dp</dimen>
    <dimen name="x26">13.24dp</dimen>
    <dimen name="x27">13.75dp</dimen>
    <dimen name="x28">14.26dp</dimen>
    <dimen name="x29">14.77dp</dimen>
    <dimen name="x30">15.28dp</dimen>
    <dimen name="x31">15.79dp</dimen>
    <dimen name="x32">16.30dp</dimen>
    <dimen name="x33">16.81dp</dimen>
    <dimen name="x34">17.31dp</dimen>
    <dimen name="x35">17.82dp</dimen>
    <dimen name="x36">18.33dp</dimen>
    <dimen name="x37">18.84dp</dimen>
    <dimen name="x38">19.35dp</dimen>
    <dimen name="x39">19.86dp</dimen>
    <dimen name="x40">20.37dp</dimen>
    <dimen name="x41">20.88dp</dimen>
    <dimen name="x42">21.39dp</dimen>
    <dimen name="x43">21.90dp</dimen>
    <dimen name="x44">22.41dp</dimen>
    <dimen name="x45">22.92dp</dimen>
    <dimen name="x46">23.43dp</dimen>
    <dimen name="x47">23.94dp</dimen>
    <dimen name="x48">24.44dp</dimen>
    <dimen name="x49">24.95dp</dimen>
    <dimen name="x50">25.46dp</dimen>
    <dimen name="x51">25.97dp</dimen>
    <dimen name="x52">26.48dp</dimen>
    <dimen name="x53">26.99dp</dimen>
    <dimen name="x54">27.50dp</dimen>
    <dimen name="x55">28.01dp</dimen>
    <dimen name="x56">28.52dp</dimen>
    <dimen name="x57">29.03dp</dimen>
    <dimen name="x58">29.54dp</dimen>
    <dimen name="x59">30.05dp</dimen>
    <dimen name="x60">30.56dp</dimen>
    <dimen name="x61">31.06dp</dimen>
    <dimen name="x62">31.57dp</dimen>
    <dimen name="x63">32.08dp</dimen>
    <dimen name="x64">32.59dp</dimen>
    <dimen name="x65">33.10dp</dimen>
    <dimen name="x66">33.61dp</dimen>
    <dimen name="x67">34.12dp</dimen>
    <dimen name="x68">34.63dp</dimen>
    <dimen name="x69">35.14dp</dimen>
    <dimen name="x70">35.65dp</dimen>
    <dimen name="x71">36.16dp</dimen>
    <dimen name="x72">36.67dp</dimen>
    <dimen name="x73">37.18dp</dimen>
    <dimen name="x74">37.69dp</dimen>
    <dimen name="x75">38.19dp</dimen>
    <dimen name="x76">38.70dp</dimen>
    <dimen name="x77">39.21dp</dimen>
    <dimen name="x78">39.72dp</dimen>
    <dimen name="x79">40.23dp</dimen>
    <dimen name="x80">40.74dp</dimen>
    <dimen name="x81">41.25dp</dimen>
    <dimen name="x82">41.76dp</dimen>
    <dimen name="x83">42.27dp</dimen>
    <dimen name="x84">42.78dp</dimen>
    <dimen name="x85">43.29dp</dimen>
    <dimen name="x86">43.80dp</dimen>
    <dimen name="x87">44.31dp</dimen>
    <dimen name="x88">44.81dp</dimen>
    <dimen name="x89">45.32dp</dimen>
    <dimen name="x90">45.83dp</dimen>
    <dimen name="x91">46.34dp</dimen>
    <dimen name="x92">46.85dp</dimen>
    <dimen name="x93">47.36dp</dimen>
    <dimen name="x94">47.87dp</dimen>
    <dimen name="x95">48.38dp</dimen>
    <dimen name="x96">48.89dp</dimen>
    <dimen name="x97">49.40dp</dimen>
    <dimen name="x98">49.91dp</dimen>
    <dimen name="x99">50.42dp</dimen>
    <dimen name="x100">50.93dp</dimen>
    <dimen name="x101">51.44dp</dimen>
    <dimen name="x102">51.94dp</dimen>
    <dimen name="x103">52.45dp</dimen>
    <dimen name="x104">52.96dp</dimen>
    <dimen name="x105">53.47dp</dimen>
    <dimen name="x106">53.98dp</dimen>
    <dimen name="x107">54.49dp</dimen>
    <dimen name="x108">55.00dp</dimen>
    <dimen name="x109">55.51dp</dimen>
    <dimen name="x110">56.02dp</dimen>
    <dimen name="x111">56.53dp</dimen>
    <dimen name="x112">57.04dp</dimen>
    <dimen name="x113">57.55dp</dimen>
    <dimen name="x114">58.06dp</dimen>
    <dimen name="x115">58.56dp</dimen>
    <dimen name="x116">59.07dp</dimen>
    <dimen name="x117">59.58dp</dimen>
    <dimen name="x118">60.09dp</dimen>
    <dimen name="x119">60.60dp</dimen>
    <dimen name="x120">61.11dp</dimen>
    <dimen name="x121">61.62dp</dimen>
    <dimen name="x122">62.13dp</dimen>
    <dimen name="x123">62.64dp</dimen>
    <dimen name="x124">63.15dp</dimen>
    <dimen name="x125">63.66dp</dimen>
    <dimen name="x126">64.17dp</dimen>
    <dimen name="x127">64.68dp</dimen>
    <dimen name="x128">65.19dp</dimen>
    <dimen name="x129">65.69dp</dimen>
    <dimen name="x130">66.20dp</dimen>
    <dimen name="x131">66.71dp</dimen>
    <dimen name="x132">67.22dp</dimen>
    <dimen name="x133">67.73dp</dimen>
    <dimen name="x134">68.24dp</dimen>
    <dimen name="x135">68.75dp</dimen>
    <dimen name="x136">69.26dp</dimen>
    <dimen name="x137">69.77dp</dimen>
    <dimen name="x138">70.28dp</dimen>
    <dimen name="x139">70.79dp</dimen>
    <dimen name="x140">71.30dp</dimen>
    <dimen name="x141">71.81dp</dimen>
    <dimen name="x142">72.31dp</dimen>
    <dimen name="x143">72.82dp</dimen>
    <dimen name="x144">73.33dp</dimen>
    <dimen name="x145">73.84dp</dimen>
    <dimen name="x146">74.35dp</dimen>
    <dimen name="x147">74.86dp</dimen>
    <dimen name="x148">75.37dp</dimen>
    <dimen name="x149">75.88dp</dimen>
    <dimen name="x150">76.39dp</dimen>
    <dimen name="x151">76.90dp</dimen>
    <dimen name="x152">77.41dp</dimen>
    <dimen name="x153">77.92dp</dimen>
    <dimen name="x154">78.43dp</dimen>
    <dimen name="x155">78.94dp</dimen>
    <dimen name="x156">79.44dp</dimen>
    <dimen name="x157">79.95dp</dimen>
    <dimen name="x158">80.46dp</dimen>
    <dimen name="x159">80.97dp</dimen>
    <dimen name="x160">81.48dp</dimen>
    <dimen name="x161">81.99dp</dimen>
    <dimen name="x162">82.50dp</dimen>
    <dimen name="x163">83.01dp</dimen>
    <dimen name="x164">83.52dp</dimen>
    <dimen name="x165">84.03dp</dimen>
    <dimen name="x166">84.54dp</dimen>
    <dimen name="x167">85.05dp</dimen>
    <dimen name="x168">85.56dp</dimen>
    <dimen name="x169">86.06dp</dimen>
    <dimen name="x170">86.57dp</dimen>
    <dimen name="x171">87.08dp</dimen>
    <dimen name="x172">87.59dp</dimen>
    <dimen name="x173">88.10dp</dimen>
    <dimen name="x174">88.61dp</dimen>
    <dimen name="x175">89.12dp</dimen>
    <dimen name="x176">89.63dp</dimen>
    <dimen name="x177">90.14dp</dimen>
    <dimen name="x178">90.65dp</dimen>
    <dimen name="x179">91.16dp</dimen>
    <dimen name="x180">91.67dp</dimen>
    <dimen name="x181">92.18dp</dimen>
    <dimen name="x182">92.69dp</dimen>
    <dimen name="x183">93.19dp</dimen>
    <dimen name="x184">93.70dp</dimen>
    <dimen name="x185">94.21dp</dimen>
    <dimen name="x186">94.72dp</dimen>
    <dimen name="x187">95.23dp</dimen>
    <dimen name="x188">95.74dp</dimen>
    <dimen name="x189">96.25dp</dimen>
    <dimen name="x190">96.76dp</dimen>
    <dimen name="x191">97.27dp</dimen>
    <dimen name="x192">97.78dp</dimen>
    <dimen name="x193">98.29dp</dimen>
    <dimen name="x194">98.80dp</dimen>
    <dimen name="x195">99.31dp</dimen>
    <dimen name="x196">99.81dp</dimen>
    <dimen name="x197">100.32dp</dimen>
    <dimen name="x198">100.83dp</dimen>
    <dimen name="x199">101.34dp</dimen>
    <dimen name="x200">101.85dp</dimen>
    <dimen name="x201">102.36dp</dimen>
    <dimen name="x202">102.87dp</dimen>
    <dimen name="x203">103.38dp</dimen>
    <dimen name="x204">103.89dp</dimen>
    <dimen name="x205">104.40dp</dimen>
    <dimen name="x206">104.91dp</dimen>
    <dimen name="x207">105.42dp</dimen>
    <dimen name="x208">105.93dp</dimen>
    <dimen name="x209">106.44dp</dimen>
    <dimen name="x210">106.94dp</dimen>
    <dimen name="x211">107.45dp</dimen>
    <dimen name="x212">107.96dp</dimen>
    <dimen name="x213">108.47dp</dimen>
    <dimen name="x214">108.98dp</dimen>
    <dimen name="x215">109.49dp</dimen>
    <dimen name="x216">110.00dp</dimen>
    <dimen name="x217">110.51dp</dimen>
    <dimen name="x218">111.02dp</dimen>
    <dimen name="x219">111.53dp</dimen>
    <dimen name="x220">112.04dp</dimen>
    <dimen name="x221">112.55dp</dimen>
    <dimen name="x222">113.06dp</dimen>
    <dimen name="x223">113.56dp</dimen>
    <dimen name="x224">114.07dp</dimen>
    <dimen name="x225">114.58dp</dimen>
    <dimen name="x226">115.09dp</dimen>
    <dimen name="x227">115.60dp</dimen>
    <dimen name="x228">116.11dp</dimen>
    <dimen name="x229">116.62dp</dimen>
    <dimen name="x230">117.13dp</dimen>
    <dimen name="x231">117.64dp</dimen>
    <dimen name="x232">118.15dp</dimen>
    <dimen name="x233">118.66dp</dimen>
    <dimen name="x234">119.17dp</dimen>
    <dimen name="x235">119.68dp</dimen>
    <dimen name="x236">120.19dp</dimen>
    <dimen name="x237">120.69dp</dimen>
    <dimen name="x238">121.20dp</dimen>
    <dimen name="x239">121.71dp</dimen>
    <dimen name="x240">122.22dp</dimen>
    <dimen name="x241">122.73dp</dimen>
    <dimen name="x242">123.24dp</dimen>
    <dimen name="x243">123.75dp</dimen>
    <dimen name="x244">124.26dp</dimen>
    <dimen name="x245">124.77dp</dimen>
    <dimen name="x246">125.28dp</dimen>
    <dimen name="x247">125.79dp</dimen>
    <dimen name="x248">126.30dp</dimen>
    <dimen name="x249">126.81dp</dimen>
    <dimen name="x250">127.31dp</dimen>
    <dimen name="x251">127.82dp</dimen>
    <dimen name="x252">128.33dp</dimen>
    <dimen name="x253">128.84dp</dimen>
    <dimen name="x254">129.35dp</dimen>
    <dimen name="x255">129.86dp</dimen>
    <dimen name="x256">130.37dp</dimen>
    <dimen name="x257">130.88dp</dimen>
    <dimen name="x258">131.39dp</dimen>
    <dimen name="x259">131.90dp</dimen>
    <dimen name="x260">132.41dp</dimen>
    <dimen name="x261">132.92dp</dimen>
    <dimen name="x262">133.43dp</dimen>
    <dimen name="x263">133.94dp</dimen>
    <dimen name="x264">134.44dp</dimen>
    <dimen name="x265">134.95dp</dimen>
    <dimen name="x266">135.46dp</dimen>
    <dimen name="x267">135.97dp</dimen>
    <dimen name="x268">136.48dp</dimen>
    <dimen name="x269">136.99dp</dimen>
    <dimen name="x270">137.50dp</dimen>
    <dimen name="x271">138.01dp</dimen>
    <dimen name="x272">138.52dp</dimen>
    <dimen name="x273">139.03dp</dimen>
    <dimen name="x274">139.54dp</dimen>
    <dimen name="x275">140.05dp</dimen>
    <dimen name="x276">140.56dp</dimen>
    <dimen name="x277">141.06dp</dimen>
    <dimen name="x278">141.57dp</dimen>
    <dimen name="x279">142.08dp</dimen>
    <dimen name="x280">142.59dp</dimen>
    <dimen name="x281">143.10dp</dimen>
    <dimen name="x282">143.61dp</dimen>
    <dimen name="x283">144.12dp</dimen>
    <dimen name="x284">144.63dp</dimen>
    <dimen name="x285">145.14dp</dimen>
    <dimen name="x286">145.65dp</dimen>
    <dimen name="x287">146.16dp</dimen>
    <dimen name="x288">146.67dp</dimen>
    <dimen name="x289">147.18dp</dimen>
    <dimen name="x290">147.69dp</dimen>
    <dimen name="x291">148.19dp</dimen>
    <dimen name="x292">148.70dp</dimen>
    <dimen name="x293">149.21dp</dimen>
    <dimen name="x294">149.72dp</dimen>
    <dimen name="x295">150.23dp</dimen>
    <dimen name="x296">150.74dp</dimen>
    <dimen name="x297">151.25dp</dimen>
    <dimen name="x298">151.76dp</dimen>
    <dimen name="x299">152.27dp</dimen>
    <dimen name="x300">152.78dp</dimen>
    <dimen name="x301">153.29dp</dimen>
    <dimen name="x302">153.80dp</dimen>
    <dimen name="x303">154.31dp</dimen>
    <dimen name="x304">154.81dp</dimen>
    <dimen name="x305">155.32dp</dimen>
    <dimen name="x306">155.83dp</dimen>
    <dimen name="x307">156.34dp</dimen>
    <dimen name="x308">156.85dp</dimen>
    <dimen name="x309">157.36dp</dimen>
    <dimen name="x310">157.87dp</dimen>
    <dimen name="x311">158.38dp</dimen>
    <dimen name="x312">158.89dp</dimen>
    <dimen name="x313">159.40dp</dimen>
    <dimen name="x314">159.91dp</dimen>
    <dimen name="x315">160.42dp</dimen>
    <dimen name="x316">160.93dp</dimen>
    <dimen name="x317">161.44dp</dimen>
    <dimen name="x318">161.94dp</dimen>
    <dimen name="x319">162.45dp</dimen>
    <dimen name="x320">162.96dp</dimen>
    <dimen name="x321">163.47dp</dimen>
    <dimen name="x322">163.98dp</dimen>
    <dimen name="x323">164.49dp</dimen>
    <dimen name="x324">165.00dp</dimen>
    <dimen name="x325">165.51dp</dimen>
    <dimen name="x326">166.02dp</dimen>
    <dimen name="x327">166.53dp</dimen>
    <dimen name="x328">167.04dp</dimen>
    <dimen name="x329">167.55dp</dimen>
    <dimen name="x330">168.06dp</dimen>
    <dimen name="x331">168.56dp</dimen>
    <dimen name="x332">169.07dp</dimen>
    <dimen name="x333">169.58dp</dimen>
    <dimen name="x334">170.09dp</dimen>
    <dimen name="x335">170.60dp</dimen>
    <dimen name="x336">171.11dp</dimen>
    <dimen name="x337">171.62dp</dimen>
    <dimen name="x338">172.13dp</dimen>
    <dimen name="x339">172.64dp</dimen>
    <dimen name="x340">173.15dp</dimen>
    <dimen name="x341">173.66dp</dimen>
    <dimen name="x342">174.17dp</dimen>
    <dimen name="x343">174.68dp</dimen>
    <dimen name="x344">175.19dp</dimen>
    <dimen name="x345">175.69dp</dimen>
    <dimen name="x346">176.20dp</dimen>
    <dimen name="x347">176.71dp</dimen>
    <dimen name="x348">177.22dp</dimen>
    <dimen name="x349">177.73dp</dimen>
    <dimen name="x350">178.24dp</dimen>
    <dimen name="x351">178.75dp</dimen>
    <dimen name="x352">179.26dp</dimen>
    <dimen name="x353">179.77dp</dimen>
    <dimen name="x354">180.28dp</dimen>
    <dimen name="x355">180.79dp</dimen>
    <dimen name="x356">181.30dp</dimen>
    <dimen name="x357">181.81dp</dimen>
    <dimen name="x358">182.31dp</dimen>
    <dimen name="x359">182.82dp</dimen>
    <dimen name="x360">183.33dp</dimen>
    <dimen name="x361">183.84dp</dimen>
    <dimen name="x362">184.35dp</dimen>
    <dimen name="x363">184.86dp</dimen>
    <dimen name="x364">185.37dp</dimen>
    <dimen name="x365">185.88dp</dimen>
    <dimen name="x366">186.39dp</dimen>
    <dimen name="x367">186.90dp</dimen>
    <dimen name="x368">187.41dp</dimen>
    <dimen name="x369">187.92dp</dimen>
    <dimen name="x370">188.43dp</dimen>
    <dimen name="x371">188.94dp</dimen>
    <dimen name="x372">189.44dp</dimen>
    <dimen name="x373">189.95dp</dimen>
    <dimen name="x374">190.46dp</dimen>
    <dimen name="x375">190.97dp</dimen>
    <dimen name="x376">191.48dp</dimen>
    <dimen name="x377">191.99dp</dimen>
    <dimen name="x378">192.50dp</dimen>
    <dimen name="x379">193.01dp</dimen>
    <dimen name="x380">193.52dp</dimen>
    <dimen name="x381">194.03dp</dimen>
    <dimen name="x382">194.54dp</dimen>
    <dimen name="x383">195.05dp</dimen>
    <dimen name="x384">195.56dp</dimen>
    <dimen name="x385">196.06dp</dimen>
    <dimen name="x386">196.57dp</dimen>
    <dimen name="x387">197.08dp</dimen>
    <dimen name="x388">197.59dp</dimen>
    <dimen name="x389">198.10dp</dimen>
    <dimen name="x390">198.61dp</dimen>
    <dimen name="x391">199.12dp</dimen>
    <dimen name="x392">199.63dp</dimen>
    <dimen name="x393">200.14dp</dimen>
    <dimen name="x394">200.65dp</dimen>
    <dimen name="x395">201.16dp</dimen>
    <dimen name="x396">201.67dp</dimen>
    <dimen name="x397">202.18dp</dimen>
    <dimen name="x398">202.69dp</dimen>
    <dimen name="x399">203.19dp</dimen>
    <dimen name="x400">203.70dp</dimen>
    <dimen name="x401">204.21dp</dimen>
    <dimen name="x402">204.72dp</dimen>
    <dimen name="x403">205.23dp</dimen>
    <dimen name="x404">205.74dp</dimen>
    <dimen name="x405">206.25dp</dimen>
    <dimen name="x406">206.76dp</dimen>
    <dimen name="x407">207.27dp</dimen>
    <dimen name="x408">207.78dp</dimen>
    <dimen name="x409">208.29dp</dimen>
    <dimen name="x410">208.80dp</dimen>
    <dimen name="x411">209.31dp</dimen>
    <dimen name="x412">209.81dp</dimen>
    <dimen name="x413">210.32dp</dimen>
    <dimen name="x414">210.83dp</dimen>
    <dimen name="x415">211.34dp</dimen>
    <dimen name="x416">211.85dp</dimen>
    <dimen name="x417">212.36dp</dimen>
    <dimen name="x418">212.87dp</dimen>
    <dimen name="x419">213.38dp</dimen>
    <dimen name="x420">213.89dp</dimen>
    <dimen name="x421">214.40dp</dimen>
    <dimen name="x422">214.91dp</dimen>
    <dimen name="x423">215.42dp</dimen>
    <dimen name="x424">215.93dp</dimen>
    <dimen name="x425">216.44dp</dimen>
    <dimen name="x426">216.94dp</dimen>
    <dimen name="x427">217.45dp</dimen>
    <dimen name="x428">217.96dp</dimen>
    <dimen name="x429">218.47dp</dimen>
    <dimen name="x430">218.98dp</dimen>
    <dimen name="x431">219.49dp</dimen>
    <dimen name="x432">220.00dp</dimen>
    <dimen name="x433">220.51dp</dimen>
    <dimen name="x434">221.02dp</dimen>
    <dimen name="x435">221.53dp</dimen>
    <dimen name="x436">222.04dp</dimen>
    <dimen name="x437">222.55dp</dimen>
    <dimen name="x438">223.06dp</dimen>
    <dimen name="x439">223.56dp</dimen>
    <dimen name="x440">224.07dp</dimen>
    <dimen name="x441">224.58dp</dimen>
    <dimen name="x442">225.09dp</dimen>
    <dimen name="x443">225.60dp</dimen>
    <dimen name="x444">226.11dp</dimen>
    <dimen name="x445">226.62dp</dimen>
    <dimen name="x446">227.13dp</dimen>
    <dimen name="x447">227.64dp</dimen>
    <dimen name="x448">228.15dp</dimen>
    <dimen name="x449">228.66dp</dimen>
    <dimen name="x450">229.17dp</dimen>
    <dimen name="x451">229.68dp</dimen>
    <dimen name="x452">230.19dp</dimen>
    <dimen name="x453">230.69dp</dimen>
    <dimen name="x454">231.20dp</dimen>
    <dimen name="x455">231.71dp</dimen>
    <dimen name="x456">232.22dp</dimen>
    <dimen name="x457">232.73dp</dimen>
    <dimen name="x458">233.24dp</dimen>
    <dimen name="x459">233.75dp</dimen>
    <dimen name="x460">234.26dp</dimen>
    <dimen name="x461">234.77dp</dimen>
    <dimen name="x462">235.28dp</dimen>
    <dimen name="x463">235.79dp</dimen>
    <dimen name="x464">236.30dp</dimen>
    <dimen name="x465">236.81dp</dimen>
    <dimen name="x466">237.31dp</dimen>
    <dimen name="x467">237.82dp</dimen>
    <dimen name="x468">238.33dp</dimen>
    <dimen name="x469">238.84dp</dimen>
    <dimen name="x470">239.35dp</dimen>
    <dimen name="x471">239.86dp</dimen>
    <dimen name="x472">240.37dp</dimen>
    <dimen name="x473">240.88dp</dimen>
    <dimen name="x474">241.39dp</dimen>
    <dimen name="x475">241.90dp</dimen>
    <dimen name="x476">242.41dp</dimen>
    <dimen name="x477">242.92dp</dimen>
    <dimen name="x478">243.43dp</dimen>
    <dimen name="x479">243.94dp</dimen>
    <dimen name="x480">244.44dp</dimen>
    <dimen name="x481">244.95dp</dimen>
    <dimen name="x482">245.46dp</dimen>
    <dimen name="x483">245.97dp</dimen>
    <dimen name="x484">246.48dp</dimen>
    <dimen name="x485">246.99dp</dimen>
    <dimen name="x486">247.50dp</dimen>
    <dimen name="x487">248.01dp</dimen>
    <dimen name="x488">248.52dp</dimen>
    <dimen name="x489">249.03dp</dimen>
    <dimen name="x490">249.54dp</dimen>
    <dimen name="x491">250.05dp</dimen>
    <dimen name="x492">250.56dp</dimen>
    <dimen name="x493">251.06dp</dimen>
    <dimen name="x494">251.57dp</dimen>
    <dimen name="x495">252.08dp</dimen>
    <dimen name="x496">252.59dp</dimen>
    <dimen name="x497">253.10dp</dimen>
    <dimen name="x498">253.61dp</dimen>
    <dimen name="x499">254.12dp</dimen>
    <dimen name="x500">254.63dp</dimen>
    <dimen name="x501">255.14dp</dimen>
    <dimen name="x502">255.65dp</dimen>
    <dimen name="x503">256.16dp</dimen>
    <dimen name="x504">256.67dp</dimen>
    <dimen name="x505">257.18dp</dimen>
    <dimen name="x506">257.69dp</dimen>
    <dimen name="x507">258.19dp</dimen>
    <dimen name="x508">258.70dp</dimen>
    <dimen name="x509">259.21dp</dimen>
    <dimen name="x510">259.72dp</dimen>
    <dimen name="x511">260.23dp</dimen>
    <dimen name="x512">260.74dp</dimen>
    <dimen name="x513">261.25dp</dimen>
    <dimen name="x514">261.76dp</dimen>
    <dimen name="x515">262.27dp</dimen>
    <dimen name="x516">262.78dp</dimen>
    <dimen name="x517">263.29dp</dimen>
    <dimen name="x518">263.80dp</dimen>
    <dimen name="x519">264.31dp</dimen>
    <dimen name="x520">264.81dp</dimen>
    <dimen name="x521">265.32dp</dimen>
    <dimen name="x522">265.83dp</dimen>
    <dimen name="x523">266.34dp</dimen>
    <dimen name="x524">266.85dp</dimen>
    <dimen name="x525">267.36dp</dimen>
    <dimen name="x526">267.87dp</dimen>
    <dimen name="x527">268.38dp</dimen>
    <dimen name="x528">268.89dp</dimen>
    <dimen name="x529">269.40dp</dimen>
    <dimen name="x530">269.91dp</dimen>
    <dimen name="x531">270.42dp</dimen>
    <dimen name="x532">270.93dp</dimen>
    <dimen name="x533">271.44dp</dimen>
    <dimen name="x534">271.94dp</dimen>
    <dimen name="x535">272.45dp</dimen>
    <dimen name="x536">272.96dp</dimen>
    <dimen name="x537">273.47dp</dimen>
    <dimen name="x538">273.98dp</dimen>
    <dimen name="x539">274.49dp</dimen>
    <dimen name="x540">275.00dp</dimen>
    <dimen name="x541">275.51dp</dimen>
    <dimen name="x542">276.02dp</dimen>
    <dimen name="x543">276.53dp</dimen>
    <dimen name="x544">277.04dp</dimen>
    <dimen name="x545">277.55dp</dimen>
    <dimen name="x546">278.06dp</dimen>
    <dimen name="x547">278.56dp</dimen>
    <dimen name="x548">279.07dp</dimen>
    <dimen name="x549">279.58dp</dimen>
    <dimen name="x550">280.09dp</dimen>
    <dimen name="x551">280.60dp</dimen>
    <dimen name="x552">281.11dp</dimen>
    <dimen name="x553">281.62dp</dimen>
    <dimen name="x554">282.13dp</dimen>
    <dimen name="x555">282.64dp</dimen>
    <dimen name="x556">283.15dp</dimen>
    <dimen name="x557">283.66dp</dimen>
    <dimen name="x558">284.17dp</dimen>
    <dimen name="x559">284.68dp</dimen>
    <dimen name="x560">285.19dp</dimen>
    <dimen name="x561">285.69dp</dimen>
    <dimen name="x562">286.20dp</dimen>
    <dimen name="x563">286.71dp</dimen>
    <dimen name="x564">287.22dp</dimen>
    <dimen name="x565">287.73dp</dimen>
    <dimen name="x566">288.24dp</dimen>
    <dimen name="x567">288.75dp</dimen>
    <dimen name="x568">289.26dp</dimen>
    <dimen name="x569">289.77dp</dimen>
    <dimen name="x570">290.28dp</dimen>
    <dimen name="x571">290.79dp</dimen>
    <dimen name="x572">291.30dp</dimen>
    <dimen name="x573">291.81dp</dimen>
    <dimen name="x574">292.31dp</dimen>
    <dimen name="x575">292.82dp</dimen>
    <dimen name="x576">293.33dp</dimen>
    <dimen name="x577">293.84dp</dimen>
    <dimen name="x578">294.35dp</dimen>
    <dimen name="x579">294.86dp</dimen>
    <dimen name="x580">295.37dp</dimen>
    <dimen name="x581">295.88dp</dimen>
    <dimen name="x582">296.39dp</dimen>
    <dimen name="x583">296.90dp</dimen>
    <dimen name="x584">297.41dp</dimen>
    <dimen name="x585">297.92dp</dimen>
    <dimen name="x586">298.43dp</dimen>
    <dimen name="x587">298.94dp</dimen>
    <dimen name="x588">299.44dp</dimen>
    <dimen name="x589">299.95dp</dimen>
    <dimen name="x590">300.46dp</dimen>
    <dimen name="x591">300.97dp</dimen>
    <dimen name="x592">301.48dp</dimen>
    <dimen name="x593">301.99dp</dimen>
    <dimen name="x594">302.50dp</dimen>
    <dimen name="x595">303.01dp</dimen>
    <dimen name="x596">303.52dp</dimen>
    <dimen name="x597">304.03dp</dimen>
    <dimen name="x598">304.54dp</dimen>
    <dimen name="x599">305.05dp</dimen>
    <dimen name="x600">305.56dp</dimen>
    <dimen name="x601">306.06dp</dimen>
    <dimen name="x602">306.57dp</dimen>
    <dimen name="x603">307.08dp</dimen>
    <dimen name="x604">307.59dp</dimen>
    <dimen name="x605">308.10dp</dimen>
    <dimen name="x606">308.61dp</dimen>
    <dimen name="x607">309.12dp</dimen>
    <dimen name="x608">309.63dp</dimen>
    <dimen name="x609">310.14dp</dimen>
    <dimen name="x610">310.65dp</dimen>
    <dimen name="x611">311.16dp</dimen>
    <dimen name="x612">311.67dp</dimen>
    <dimen name="x613">312.18dp</dimen>
    <dimen name="x614">312.69dp</dimen>
    <dimen name="x615">313.19dp</dimen>
    <dimen name="x616">313.70dp</dimen>
    <dimen name="x617">314.21dp</dimen>
    <dimen name="x618">314.72dp</dimen>
    <dimen name="x619">315.23dp</dimen>
    <dimen name="x620">315.74dp</dimen>
    <dimen name="x621">316.25dp</dimen>
    <dimen name="x622">316.76dp</dimen>
    <dimen name="x623">317.27dp</dimen>
    <dimen name="x624">317.78dp</dimen>
    <dimen name="x625">318.29dp</dimen>
    <dimen name="x626">318.80dp</dimen>
    <dimen name="x627">319.31dp</dimen>
    <dimen name="x628">319.81dp</dimen>
    <dimen name="x629">320.32dp</dimen>
    <dimen name="x630">320.83dp</dimen>
    <dimen name="x631">321.34dp</dimen>
    <dimen name="x632">321.85dp</dimen>
    <dimen name="x633">322.36dp</dimen>
    <dimen name="x634">322.87dp</dimen>
    <dimen name="x635">323.38dp</dimen>
    <dimen name="x636">323.89dp</dimen>
    <dimen name="x637">324.40dp</dimen>
    <dimen name="x638">324.91dp</dimen>
    <dimen name="x639">325.42dp</dimen>
    <dimen name="x640">325.93dp</dimen>
    <dimen name="x641">326.44dp</dimen>
    <dimen name="x642">326.94dp</dimen>
    <dimen name="x643">327.45dp</dimen>
    <dimen name="x644">327.96dp</dimen>
    <dimen name="x645">328.47dp</dimen>
    <dimen name="x646">328.98dp</dimen>
    <dimen name="x647">329.49dp</dimen>
    <dimen name="x648">330.00dp</dimen>
    <dimen name="x649">330.51dp</dimen>
    <dimen name="x650">331.02dp</dimen>
    <dimen name="x651">331.53dp</dimen>
    <dimen name="x652">332.04dp</dimen>
    <dimen name="x653">332.55dp</dimen>
    <dimen name="x654">333.06dp</dimen>
    <dimen name="x655">333.56dp</dimen>
    <dimen name="x656">334.07dp</dimen>
    <dimen name="x657">334.58dp</dimen>
    <dimen name="x658">335.09dp</dimen>
    <dimen name="x659">335.60dp</dimen>
    <dimen name="x660">336.11dp</dimen>
    <dimen name="x661">336.62dp</dimen>
    <dimen name="x662">337.13dp</dimen>
    <dimen name="x663">337.64dp</dimen>
    <dimen name="x664">338.15dp</dimen>
    <dimen name="x665">338.66dp</dimen>
    <dimen name="x666">339.17dp</dimen>
    <dimen name="x667">339.68dp</dimen>
    <dimen name="x668">340.19dp</dimen>
    <dimen name="x669">340.69dp</dimen>
    <dimen name="x670">341.20dp</dimen>
    <dimen name="x671">341.71dp</dimen>
    <dimen name="x672">342.22dp</dimen>
    <dimen name="x673">342.73dp</dimen>
    <dimen name="x674">343.24dp</dimen>
    <dimen name="x675">343.75dp</dimen>
    <dimen name="x676">344.26dp</dimen>
    <dimen name="x677">344.77dp</dimen>
    <dimen name="x678">345.28dp</dimen>
    <dimen name="x679">345.79dp</dimen>
    <dimen name="x680">346.30dp</dimen>
    <dimen name="x681">346.81dp</dimen>
    <dimen name="x682">347.31dp</dimen>
    <dimen name="x683">347.82dp</dimen>
    <dimen name="x684">348.33dp</dimen>
    <dimen name="x685">348.84dp</dimen>
    <dimen name="x686">349.35dp</dimen>
    <dimen name="x687">349.86dp</dimen>
    <dimen name="x688">350.37dp</dimen>
    <dimen name="x689">350.88dp</dimen>
    <dimen name="x690">351.39dp</dimen>
    <dimen name="x691">351.90dp</dimen>
    <dimen name="x692">352.41dp</dimen>
    <dimen name="x693">352.92dp</dimen>
    <dimen name="x694">353.43dp</dimen>
    <dimen name="x695">353.94dp</dimen>
    <dimen name="x696">354.44dp</dimen>
    <dimen name="x697">354.95dp</dimen>
    <dimen name="x698">355.46dp</dimen>
    <dimen name="x699">355.97dp</dimen>
    <dimen name="x700">356.48dp</dimen>
    <dimen name="x701">356.99dp</dimen>
    <dimen name="x702">357.50dp</dimen>
    <dimen name="x703">358.01dp</dimen>
    <dimen name="x704">358.52dp</dimen>
    <dimen name="x705">359.03dp</dimen>
    <dimen name="x706">359.54dp</dimen>
    <dimen name="x707">360.05dp</dimen>
    <dimen name="x708">360.56dp</dimen>
    <dimen name="x709">361.06dp</dimen>
    <dimen name="x710">361.57dp</dimen>
    <dimen name="x711">362.08dp</dimen>
    <dimen name="x712">362.59dp</dimen>
    <dimen name="x713">363.10dp</dimen>
    <dimen name="x714">363.61dp</dimen>
    <dimen name="x715">364.12dp</dimen>
    <dimen name="x716">364.63dp</dimen>
    <dimen name="x717">365.14dp</dimen>
    <dimen name="x718">365.65dp</dimen>
    <dimen name="x719">366.16dp</dimen>
    <dimen name="x720">366.67dp</dimen>
    <dimen name="x721">367.18dp</dimen>
    <dimen name="x722">367.69dp</dimen>
    <dimen name="x723">368.19dp</dimen>
    <dimen name="x724">368.70dp</dimen>
    <dimen name="x725">369.21dp</dimen>
    <dimen name="x726">369.72dp</dimen>
    <dimen name="x727">370.23dp</dimen>
    <dimen name="x728">370.74dp</dimen>
    <dimen name="x729">371.25dp</dimen>
    <dimen name="x730">371.76dp</dimen>
    <dimen name="x731">372.27dp</dimen>
    <dimen name="x732">372.78dp</dimen>
    <dimen name="x733">373.29dp</dimen>
    <dimen name="x734">373.80dp</dimen>
    <dimen name="x735">374.31dp</dimen>
    <dimen name="x736">374.81dp</dimen>
    <dimen name="x737">375.32dp</dimen>
    <dimen name="x738">375.83dp</dimen>
    <dimen name="x739">376.34dp</dimen>
    <dimen name="x740">376.85dp</dimen>
    <dimen name="x741">377.36dp</dimen>
    <dimen name="x742">377.87dp</dimen>
    <dimen name="x743">378.38dp</dimen>
    <dimen name="x744">378.89dp</dimen>
    <dimen name="x745">379.40dp</dimen>
    <dimen name="x746">379.91dp</dimen>
    <dimen name="x747">380.42dp</dimen>
    <dimen name="x748">380.93dp</dimen>
    <dimen name="x749">381.44dp</dimen>
    <dimen name="x750">381.94dp</dimen>
    <dimen name="x751">382.45dp</dimen>
    <dimen name="x752">382.96dp</dimen>
    <dimen name="x753">383.47dp</dimen>
    <dimen name="x754">383.98dp</dimen>
    <dimen name="x755">384.49dp</dimen>
    <dimen name="x756">385.00dp</dimen>
    <dimen name="x757">385.51dp</dimen>
    <dimen name="x758">386.02dp</dimen>
    <dimen name="x759">386.53dp</dimen>
    <dimen name="x760">387.04dp</dimen>
    <dimen name="x761">387.55dp</dimen>
    <dimen name="x762">388.06dp</dimen>
    <dimen name="x763">388.56dp</dimen>
    <dimen name="x764">389.07dp</dimen>
    <dimen name="x765">389.58dp</dimen>
    <dimen name="x766">390.09dp</dimen>
    <dimen name="x767">390.60dp</dimen>
    <dimen name="x768">391.11dp</dimen>
    <dimen name="x769">391.62dp</dimen>
    <dimen name="x770">392.13dp</dimen>
    <dimen name="x771">392.64dp</dimen>
    <dimen name="x772">393.15dp</dimen>
    <dimen name="x773">393.66dp</dimen>
    <dimen name="x774">394.17dp</dimen>
    <dimen name="x775">394.68dp</dimen>
    <dimen name="x776">395.19dp</dimen>
    <dimen name="x777">395.69dp</dimen>
    <dimen name="x778">396.20dp</dimen>
    <dimen name="x779">396.71dp</dimen>
    <dimen name="x780">397.22dp</dimen>
    <dimen name="x781">397.73dp</dimen>
    <dimen name="x782">398.24dp</dimen>
    <dimen name="x783">398.75dp</dimen>
    <dimen name="x784">399.26dp</dimen>
    <dimen name="x785">399.77dp</dimen>
    <dimen name="x786">400.28dp</dimen>
    <dimen name="x787">400.79dp</dimen>
    <dimen name="x788">401.30dp</dimen>
    <dimen name="x789">401.81dp</dimen>
    <dimen name="x790">402.31dp</dimen>
    <dimen name="x791">402.82dp</dimen>
    <dimen name="x792">403.33dp</dimen>
    <dimen name="x793">403.84dp</dimen>
    <dimen name="x794">404.35dp</dimen>
    <dimen name="x795">404.86dp</dimen>
    <dimen name="x796">405.37dp</dimen>
    <dimen name="x797">405.88dp</dimen>
    <dimen name="x798">406.39dp</dimen>
    <dimen name="x799">406.90dp</dimen>
    <dimen name="x800">407.41dp</dimen>
    <dimen name="x801">407.92dp</dimen>
    <dimen name="x802">408.43dp</dimen>
    <dimen name="x803">408.94dp</dimen>
    <dimen name="x804">409.44dp</dimen>
    <dimen name="x805">409.95dp</dimen>
    <dimen name="x806">410.46dp</dimen>
    <dimen name="x807">410.97dp</dimen>
    <dimen name="x808">411.48dp</dimen>
    <dimen name="x809">411.99dp</dimen>
    <dimen name="x810">412.50dp</dimen>
    <dimen name="x811">413.01dp</dimen>
    <dimen name="x812">413.52dp</dimen>
    <dimen name="x813">414.03dp</dimen>
    <dimen name="x814">414.54dp</dimen>
    <dimen name="x815">415.05dp</dimen>
    <dimen name="x816">415.56dp</dimen>
    <dimen name="x817">416.06dp</dimen>
    <dimen name="x818">416.57dp</dimen>
    <dimen name="x819">417.08dp</dimen>
    <dimen name="x820">417.59dp</dimen>
    <dimen name="x821">418.10dp</dimen>
    <dimen name="x822">418.61dp</dimen>
    <dimen name="x823">419.12dp</dimen>
    <dimen name="x824">419.63dp</dimen>
    <dimen name="x825">420.14dp</dimen>
    <dimen name="x826">420.65dp</dimen>
    <dimen name="x827">421.16dp</dimen>
    <dimen name="x828">421.67dp</dimen>
    <dimen name="x829">422.18dp</dimen>
    <dimen name="x830">422.69dp</dimen>
    <dimen name="x831">423.19dp</dimen>
    <dimen name="x832">423.70dp</dimen>
    <dimen name="x833">424.21dp</dimen>
    <dimen name="x834">424.72dp</dimen>
    <dimen name="x835">425.23dp</dimen>
    <dimen name="x836">425.74dp</dimen>
    <dimen name="x837">426.25dp</dimen>
    <dimen name="x838">426.76dp</dimen>
    <dimen name="x839">427.27dp</dimen>
    <dimen name="x840">427.78dp</dimen>
    <dimen name="x841">428.29dp</dimen>
    <dimen name="x842">428.80dp</dimen>
    <dimen name="x843">429.31dp</dimen>
    <dimen name="x844">429.81dp</dimen>
    <dimen name="x845">430.32dp</dimen>
    <dimen name="x846">430.83dp</dimen>
    <dimen name="x847">431.34dp</dimen>
    <dimen name="x848">431.85dp</dimen>
    <dimen name="x849">432.36dp</dimen>
    <dimen name="x850">432.87dp</dimen>
    <dimen name="x851">433.38dp</dimen>
    <dimen name="x852">433.89dp</dimen>
    <dimen name="x853">434.40dp</dimen>
    <dimen name="x854">434.91dp</dimen>
    <dimen name="x855">435.42dp</dimen>
    <dimen name="x856">435.93dp</dimen>
    <dimen name="x857">436.44dp</dimen>
    <dimen name="x858">436.94dp</dimen>
    <dimen name="x859">437.45dp</dimen>
    <dimen name="x860">437.96dp</dimen>
    <dimen name="x861">438.47dp</dimen>
    <dimen name="x862">438.98dp</dimen>
    <dimen name="x863">439.49dp</dimen>
    <dimen name="x864">440.00dp</dimen>
    <dimen name="x865">440.51dp</dimen>
    <dimen name="x866">441.02dp</dimen>
    <dimen name="x867">441.53dp</dimen>
    <dimen name="x868">442.04dp</dimen>
    <dimen name="x869">442.55dp</dimen>
    <dimen name="x870">443.06dp</dimen>
    <dimen name="x871">443.56dp</dimen>
    <dimen name="x872">444.07dp</dimen>
    <dimen name="x873">444.58dp</dimen>
    <dimen name="x874">445.09dp</dimen>
    <dimen name="x875">445.60dp</dimen>
    <dimen name="x876">446.11dp</dimen>
    <dimen name="x877">446.62dp</dimen>
    <dimen name="x878">447.13dp</dimen>
    <dimen name="x879">447.64dp</dimen>
    <dimen name="x880">448.15dp</dimen>
    <dimen name="x881">448.66dp</dimen>
    <dimen name="x882">449.17dp</dimen>
    <dimen name="x883">449.68dp</dimen>
    <dimen name="x884">450.19dp</dimen>
    <dimen name="x885">450.69dp</dimen>
    <dimen name="x886">451.20dp</dimen>
    <dimen name="x887">451.71dp</dimen>
    <dimen name="x888">452.22dp</dimen>
    <dimen name="x889">452.73dp</dimen>
    <dimen name="x890">453.24dp</dimen>
    <dimen name="x891">453.75dp</dimen>
    <dimen name="x892">454.26dp</dimen>
    <dimen name="x893">454.77dp</dimen>
    <dimen name="x894">455.28dp</dimen>
    <dimen name="x895">455.79dp</dimen>
    <dimen name="x896">456.30dp</dimen>
    <dimen name="x897">456.81dp</dimen>
    <dimen name="x898">457.31dp</dimen>
    <dimen name="x899">457.82dp</dimen>
    <dimen name="x900">458.33dp</dimen>
    <dimen name="x901">458.84dp</dimen>
    <dimen name="x902">459.35dp</dimen>
    <dimen name="x903">459.86dp</dimen>
    <dimen name="x904">460.37dp</dimen>
    <dimen name="x905">460.88dp</dimen>
    <dimen name="x906">461.39dp</dimen>
    <dimen name="x907">461.90dp</dimen>
    <dimen name="x908">462.41dp</dimen>
    <dimen name="x909">462.92dp</dimen>
    <dimen name="x910">463.43dp</dimen>
    <dimen name="x911">463.94dp</dimen>
    <dimen name="x912">464.44dp</dimen>
    <dimen name="x913">464.95dp</dimen>
    <dimen name="x914">465.46dp</dimen>
    <dimen name="x915">465.97dp</dimen>
    <dimen name="x916">466.48dp</dimen>
    <dimen name="x917">466.99dp</dimen>
    <dimen name="x918">467.50dp</dimen>
    <dimen name="x919">468.01dp</dimen>
    <dimen name="x920">468.52dp</dimen>
    <dimen name="x921">469.03dp</dimen>
    <dimen name="x922">469.54dp</dimen>
    <dimen name="x923">470.05dp</dimen>
    <dimen name="x924">470.56dp</dimen>
    <dimen name="x925">471.06dp</dimen>
    <dimen name="x926">471.57dp</dimen>
    <dimen name="x927">472.08dp</dimen>
    <dimen name="x928">472.59dp</dimen>
    <dimen name="x929">473.10dp</dimen>
    <dimen name="x930">473.61dp</dimen>
    <dimen name="x931">474.12dp</dimen>
    <dimen name="x932">474.63dp</dimen>
    <dimen name="x933">475.14dp</dimen>
    <dimen name="x934">475.65dp</dimen>
    <dimen name="x935">476.16dp</dimen>
    <dimen name="x936">476.67dp</dimen>
    <dimen name="x937">477.18dp</dimen>
    <dimen name="x938">477.69dp</dimen>
    <dimen name="x939">478.19dp</dimen>
    <dimen name="x940">478.70dp</dimen>
    <dimen name="x941">479.21dp</dimen>
    <dimen name="x942">479.72dp</dimen>
    <dimen name="x943">480.23dp</dimen>
    <dimen name="x944">480.74dp</dimen>
    <dimen name="x945">481.25dp</dimen>
    <dimen name="x946">481.76dp</dimen>
    <dimen name="x947">482.27dp</dimen>
    <dimen name="x948">482.78dp</dimen>
    <dimen name="x949">483.29dp</dimen>
    <dimen name="x950">483.80dp</dimen>
    <dimen name="x951">484.31dp</dimen>
    <dimen name="x952">484.81dp</dimen>
    <dimen name="x953">485.32dp</dimen>
    <dimen name="x954">485.83dp</dimen>
    <dimen name="x955">486.34dp</dimen>
    <dimen name="x956">486.85dp</dimen>
    <dimen name="x957">487.36dp</dimen>
    <dimen name="x958">487.87dp</dimen>
    <dimen name="x959">488.38dp</dimen>
    <dimen name="x960">488.89dp</dimen>
    <dimen name="x961">489.40dp</dimen>
    <dimen name="x962">489.91dp</dimen>
    <dimen name="x963">490.42dp</dimen>
    <dimen name="x964">490.93dp</dimen>
    <dimen name="x965">491.44dp</dimen>
    <dimen name="x966">491.94dp</dimen>
    <dimen name="x967">492.45dp</dimen>
    <dimen name="x968">492.96dp</dimen>
    <dimen name="x969">493.47dp</dimen>
    <dimen name="x970">493.98dp</dimen>
    <dimen name="x971">494.49dp</dimen>
    <dimen name="x972">495.00dp</dimen>
    <dimen name="x973">495.51dp</dimen>
    <dimen name="x974">496.02dp</dimen>
    <dimen name="x975">496.53dp</dimen>
    <dimen name="x976">497.04dp</dimen>
    <dimen name="x977">497.55dp</dimen>
    <dimen name="x978">498.06dp</dimen>
    <dimen name="x979">498.56dp</dimen>
    <dimen name="x980">499.07dp</dimen>
    <dimen name="x981">499.58dp</dimen>
    <dimen name="x982">500.09dp</dimen>
    <dimen name="x983">500.60dp</dimen>
    <dimen name="x984">501.11dp</dimen>
    <dimen name="x985">501.62dp</dimen>
    <dimen name="x986">502.13dp</dimen>
    <dimen name="x987">502.64dp</dimen>
    <dimen name="x988">503.15dp</dimen>
    <dimen name="x989">503.66dp</dimen>
    <dimen name="x990">504.17dp</dimen>
    <dimen name="x991">504.68dp</dimen>
    <dimen name="x992">505.19dp</dimen>
    <dimen name="x993">505.69dp</dimen>
    <dimen name="x994">506.20dp</dimen>
    <dimen name="x995">506.71dp</dimen>
    <dimen name="x996">507.22dp</dimen>
    <dimen name="x997">507.73dp</dimen>
    <dimen name="x998">508.24dp</dimen>
    <dimen name="x999">508.75dp</dimen>
    <dimen name="x1000">509.26dp</dimen>
    <dimen name="x1001">509.77dp</dimen>
    <dimen name="x1002">510.28dp</dimen>
    <dimen name="x1003">510.79dp</dimen>
    <dimen name="x1004">511.30dp</dimen>
    <dimen name="x1005">511.81dp</dimen>
    <dimen name="x1006">512.31dp</dimen>
    <dimen name="x1007">512.82dp</dimen>
    <dimen name="x1008">513.33dp</dimen>
    <dimen name="x1009">513.84dp</dimen>
    <dimen name="x1010">514.35dp</dimen>
    <dimen name="x1011">514.86dp</dimen>
    <dimen name="x1012">515.37dp</dimen>
    <dimen name="x1013">515.88dp</dimen>
    <dimen name="x1014">516.39dp</dimen>
    <dimen name="x1015">516.90dp</dimen>
    <dimen name="x1016">517.41dp</dimen>
    <dimen name="x1017">517.92dp</dimen>
    <dimen name="x1018">518.43dp</dimen>
    <dimen name="x1019">518.94dp</dimen>
    <dimen name="x1020">519.44dp</dimen>
    <dimen name="x1021">519.95dp</dimen>
    <dimen name="x1022">520.46dp</dimen>
    <dimen name="x1023">520.97dp</dimen>
    <dimen name="x1024">521.48dp</dimen>
    <dimen name="x1025">521.99dp</dimen>
    <dimen name="x1026">522.50dp</dimen>
    <dimen name="x1027">523.01dp</dimen>
    <dimen name="x1028">523.52dp</dimen>
    <dimen name="x1029">524.03dp</dimen>
    <dimen name="x1030">524.54dp</dimen>
    <dimen name="x1031">525.05dp</dimen>
    <dimen name="x1032">525.56dp</dimen>
    <dimen name="x1033">526.06dp</dimen>
    <dimen name="x1034">526.57dp</dimen>
    <dimen name="x1035">527.08dp</dimen>
    <dimen name="x1036">527.59dp</dimen>
    <dimen name="x1037">528.10dp</dimen>
    <dimen name="x1038">528.61dp</dimen>
    <dimen name="x1039">529.12dp</dimen>
    <dimen name="x1040">529.63dp</dimen>
    <dimen name="x1041">530.14dp</dimen>
    <dimen name="x1042">530.65dp</dimen>
    <dimen name="x1043">531.16dp</dimen>
    <dimen name="x1044">531.67dp</dimen>
    <dimen name="x1045">532.18dp</dimen>
    <dimen name="x1046">532.69dp</dimen>
    <dimen name="x1047">533.19dp</dimen>
    <dimen name="x1048">533.70dp</dimen>
    <dimen name="x1049">534.21dp</dimen>
    <dimen name="x1050">534.72dp</dimen>
    <dimen name="x1051">535.23dp</dimen>
    <dimen name="x1052">535.74dp</dimen>
    <dimen name="x1053">536.25dp</dimen>
    <dimen name="x1054">536.76dp</dimen>
    <dimen name="x1055">537.27dp</dimen>
    <dimen name="x1056">537.78dp</dimen>
    <dimen name="x1057">538.29dp</dimen>
    <dimen name="x1058">538.80dp</dimen>
    <dimen name="x1059">539.31dp</dimen>
    <dimen name="x1060">539.81dp</dimen>
    <dimen name="x1061">540.32dp</dimen>
    <dimen name="x1062">540.83dp</dimen>
    <dimen name="x1063">541.34dp</dimen>
    <dimen name="x1064">541.85dp</dimen>
    <dimen name="x1065">542.36dp</dimen>
    <dimen name="x1066">542.87dp</dimen>
    <dimen name="x1067">543.38dp</dimen>
    <dimen name="x1068">543.89dp</dimen>
    <dimen name="x1069">544.40dp</dimen>
    <dimen name="x1070">544.91dp</dimen>
    <dimen name="x1071">545.42dp</dimen>
    <dimen name="x1072">545.93dp</dimen>
    <dimen name="x1073">546.44dp</dimen>
    <dimen name="x1074">546.94dp</dimen>
    <dimen name="x1075">547.45dp</dimen>
    <dimen name="x1076">547.96dp</dimen>
    <dimen name="x1077">548.47dp</dimen>
    <dimen name="x1078">548.98dp</dimen>
    <dimen name="x1079">549.49dp</dimen>
    <dimen name="x1080">550.00dp</dimen>
</resources>