<?xml version="1.0" encoding="utf-8"?>
<resources>
    <string name="sw_dp">540dp</string>
    <dimen name="x1">0.50dp</dimen>
    <dimen name="x2">1.00dp</dimen>
    <dimen name="x3">1.50dp</dimen>
    <dimen name="x4">2.00dp</dimen>
    <dimen name="x5">2.50dp</dimen>
    <dimen name="x6">3.00dp</dimen>
    <dimen name="x7">3.50dp</dimen>
    <dimen name="x8">4.00dp</dimen>
    <dimen name="x9">4.50dp</dimen>
    <dimen name="x10">5.00dp</dimen>
    <dimen name="x11">5.50dp</dimen>
    <dimen name="x12">6.00dp</dimen>
    <dimen name="x13">6.50dp</dimen>
    <dimen name="x14">7.00dp</dimen>
    <dimen name="x15">7.50dp</dimen>
    <dimen name="x16">8.00dp</dimen>
    <dimen name="x17">8.50dp</dimen>
    <dimen name="x18">9.00dp</dimen>
    <dimen name="x19">9.50dp</dimen>
    <dimen name="x20">10.00dp</dimen>
    <dimen name="x21">10.50dp</dimen>
    <dimen name="x22">11.00dp</dimen>
    <dimen name="x23">11.50dp</dimen>
    <dimen name="x24">12.00dp</dimen>
    <dimen name="x25">12.50dp</dimen>
    <dimen name="x26">13.00dp</dimen>
    <dimen name="x27">13.50dp</dimen>
    <dimen name="x28">14.00dp</dimen>
    <dimen name="x29">14.50dp</dimen>
    <dimen name="x30">15.00dp</dimen>
    <dimen name="x31">15.50dp</dimen>
    <dimen name="x32">16.00dp</dimen>
    <dimen name="x33">16.50dp</dimen>
    <dimen name="x34">17.00dp</dimen>
    <dimen name="x35">17.50dp</dimen>
    <dimen name="x36">18.00dp</dimen>
    <dimen name="x37">18.50dp</dimen>
    <dimen name="x38">19.00dp</dimen>
    <dimen name="x39">19.50dp</dimen>
    <dimen name="x40">20.00dp</dimen>
    <dimen name="x41">20.50dp</dimen>
    <dimen name="x42">21.00dp</dimen>
    <dimen name="x43">21.50dp</dimen>
    <dimen name="x44">22.00dp</dimen>
    <dimen name="x45">22.50dp</dimen>
    <dimen name="x46">23.00dp</dimen>
    <dimen name="x47">23.50dp</dimen>
    <dimen name="x48">24.00dp</dimen>
    <dimen name="x49">24.50dp</dimen>
    <dimen name="x50">25.00dp</dimen>
    <dimen name="x51">25.50dp</dimen>
    <dimen name="x52">26.00dp</dimen>
    <dimen name="x53">26.50dp</dimen>
    <dimen name="x54">27.00dp</dimen>
    <dimen name="x55">27.50dp</dimen>
    <dimen name="x56">28.00dp</dimen>
    <dimen name="x57">28.50dp</dimen>
    <dimen name="x58">29.00dp</dimen>
    <dimen name="x59">29.50dp</dimen>
    <dimen name="x60">30.00dp</dimen>
    <dimen name="x61">30.50dp</dimen>
    <dimen name="x62">31.00dp</dimen>
    <dimen name="x63">31.50dp</dimen>
    <dimen name="x64">32.00dp</dimen>
    <dimen name="x65">32.50dp</dimen>
    <dimen name="x66">33.00dp</dimen>
    <dimen name="x67">33.50dp</dimen>
    <dimen name="x68">34.00dp</dimen>
    <dimen name="x69">34.50dp</dimen>
    <dimen name="x70">35.00dp</dimen>
    <dimen name="x71">35.50dp</dimen>
    <dimen name="x72">36.00dp</dimen>
    <dimen name="x73">36.50dp</dimen>
    <dimen name="x74">37.00dp</dimen>
    <dimen name="x75">37.50dp</dimen>
    <dimen name="x76">38.00dp</dimen>
    <dimen name="x77">38.50dp</dimen>
    <dimen name="x78">39.00dp</dimen>
    <dimen name="x79">39.50dp</dimen>
    <dimen name="x80">40.00dp</dimen>
    <dimen name="x81">40.50dp</dimen>
    <dimen name="x82">41.00dp</dimen>
    <dimen name="x83">41.50dp</dimen>
    <dimen name="x84">42.00dp</dimen>
    <dimen name="x85">42.50dp</dimen>
    <dimen name="x86">43.00dp</dimen>
    <dimen name="x87">43.50dp</dimen>
    <dimen name="x88">44.00dp</dimen>
    <dimen name="x89">44.50dp</dimen>
    <dimen name="x90">45.00dp</dimen>
    <dimen name="x91">45.50dp</dimen>
    <dimen name="x92">46.00dp</dimen>
    <dimen name="x93">46.50dp</dimen>
    <dimen name="x94">47.00dp</dimen>
    <dimen name="x95">47.50dp</dimen>
    <dimen name="x96">48.00dp</dimen>
    <dimen name="x97">48.50dp</dimen>
    <dimen name="x98">49.00dp</dimen>
    <dimen name="x99">49.50dp</dimen>
    <dimen name="x100">50.00dp</dimen>
    <dimen name="x101">50.50dp</dimen>
    <dimen name="x102">51.00dp</dimen>
    <dimen name="x103">51.50dp</dimen>
    <dimen name="x104">52.00dp</dimen>
    <dimen name="x105">52.50dp</dimen>
    <dimen name="x106">53.00dp</dimen>
    <dimen name="x107">53.50dp</dimen>
    <dimen name="x108">54.00dp</dimen>
    <dimen name="x109">54.50dp</dimen>
    <dimen name="x110">55.00dp</dimen>
    <dimen name="x111">55.50dp</dimen>
    <dimen name="x112">56.00dp</dimen>
    <dimen name="x113">56.50dp</dimen>
    <dimen name="x114">57.00dp</dimen>
    <dimen name="x115">57.50dp</dimen>
    <dimen name="x116">58.00dp</dimen>
    <dimen name="x117">58.50dp</dimen>
    <dimen name="x118">59.00dp</dimen>
    <dimen name="x119">59.50dp</dimen>
    <dimen name="x120">60.00dp</dimen>
    <dimen name="x121">60.50dp</dimen>
    <dimen name="x122">61.00dp</dimen>
    <dimen name="x123">61.50dp</dimen>
    <dimen name="x124">62.00dp</dimen>
    <dimen name="x125">62.50dp</dimen>
    <dimen name="x126">63.00dp</dimen>
    <dimen name="x127">63.50dp</dimen>
    <dimen name="x128">64.00dp</dimen>
    <dimen name="x129">64.50dp</dimen>
    <dimen name="x130">65.00dp</dimen>
    <dimen name="x131">65.50dp</dimen>
    <dimen name="x132">66.00dp</dimen>
    <dimen name="x133">66.50dp</dimen>
    <dimen name="x134">67.00dp</dimen>
    <dimen name="x135">67.50dp</dimen>
    <dimen name="x136">68.00dp</dimen>
    <dimen name="x137">68.50dp</dimen>
    <dimen name="x138">69.00dp</dimen>
    <dimen name="x139">69.50dp</dimen>
    <dimen name="x140">70.00dp</dimen>
    <dimen name="x141">70.50dp</dimen>
    <dimen name="x142">71.00dp</dimen>
    <dimen name="x143">71.50dp</dimen>
    <dimen name="x144">72.00dp</dimen>
    <dimen name="x145">72.50dp</dimen>
    <dimen name="x146">73.00dp</dimen>
    <dimen name="x147">73.50dp</dimen>
    <dimen name="x148">74.00dp</dimen>
    <dimen name="x149">74.50dp</dimen>
    <dimen name="x150">75.00dp</dimen>
    <dimen name="x151">75.50dp</dimen>
    <dimen name="x152">76.00dp</dimen>
    <dimen name="x153">76.50dp</dimen>
    <dimen name="x154">77.00dp</dimen>
    <dimen name="x155">77.50dp</dimen>
    <dimen name="x156">78.00dp</dimen>
    <dimen name="x157">78.50dp</dimen>
    <dimen name="x158">79.00dp</dimen>
    <dimen name="x159">79.50dp</dimen>
    <dimen name="x160">80.00dp</dimen>
    <dimen name="x161">80.50dp</dimen>
    <dimen name="x162">81.00dp</dimen>
    <dimen name="x163">81.50dp</dimen>
    <dimen name="x164">82.00dp</dimen>
    <dimen name="x165">82.50dp</dimen>
    <dimen name="x166">83.00dp</dimen>
    <dimen name="x167">83.50dp</dimen>
    <dimen name="x168">84.00dp</dimen>
    <dimen name="x169">84.50dp</dimen>
    <dimen name="x170">85.00dp</dimen>
    <dimen name="x171">85.50dp</dimen>
    <dimen name="x172">86.00dp</dimen>
    <dimen name="x173">86.50dp</dimen>
    <dimen name="x174">87.00dp</dimen>
    <dimen name="x175">87.50dp</dimen>
    <dimen name="x176">88.00dp</dimen>
    <dimen name="x177">88.50dp</dimen>
    <dimen name="x178">89.00dp</dimen>
    <dimen name="x179">89.50dp</dimen>
    <dimen name="x180">90.00dp</dimen>
    <dimen name="x181">90.50dp</dimen>
    <dimen name="x182">91.00dp</dimen>
    <dimen name="x183">91.50dp</dimen>
    <dimen name="x184">92.00dp</dimen>
    <dimen name="x185">92.50dp</dimen>
    <dimen name="x186">93.00dp</dimen>
    <dimen name="x187">93.50dp</dimen>
    <dimen name="x188">94.00dp</dimen>
    <dimen name="x189">94.50dp</dimen>
    <dimen name="x190">95.00dp</dimen>
    <dimen name="x191">95.50dp</dimen>
    <dimen name="x192">96.00dp</dimen>
    <dimen name="x193">96.50dp</dimen>
    <dimen name="x194">97.00dp</dimen>
    <dimen name="x195">97.50dp</dimen>
    <dimen name="x196">98.00dp</dimen>
    <dimen name="x197">98.50dp</dimen>
    <dimen name="x198">99.00dp</dimen>
    <dimen name="x199">99.50dp</dimen>
    <dimen name="x200">100.00dp</dimen>
    <dimen name="x201">100.50dp</dimen>
    <dimen name="x202">101.00dp</dimen>
    <dimen name="x203">101.50dp</dimen>
    <dimen name="x204">102.00dp</dimen>
    <dimen name="x205">102.50dp</dimen>
    <dimen name="x206">103.00dp</dimen>
    <dimen name="x207">103.50dp</dimen>
    <dimen name="x208">104.00dp</dimen>
    <dimen name="x209">104.50dp</dimen>
    <dimen name="x210">105.00dp</dimen>
    <dimen name="x211">105.50dp</dimen>
    <dimen name="x212">106.00dp</dimen>
    <dimen name="x213">106.50dp</dimen>
    <dimen name="x214">107.00dp</dimen>
    <dimen name="x215">107.50dp</dimen>
    <dimen name="x216">108.00dp</dimen>
    <dimen name="x217">108.50dp</dimen>
    <dimen name="x218">109.00dp</dimen>
    <dimen name="x219">109.50dp</dimen>
    <dimen name="x220">110.00dp</dimen>
    <dimen name="x221">110.50dp</dimen>
    <dimen name="x222">111.00dp</dimen>
    <dimen name="x223">111.50dp</dimen>
    <dimen name="x224">112.00dp</dimen>
    <dimen name="x225">112.50dp</dimen>
    <dimen name="x226">113.00dp</dimen>
    <dimen name="x227">113.50dp</dimen>
    <dimen name="x228">114.00dp</dimen>
    <dimen name="x229">114.50dp</dimen>
    <dimen name="x230">115.00dp</dimen>
    <dimen name="x231">115.50dp</dimen>
    <dimen name="x232">116.00dp</dimen>
    <dimen name="x233">116.50dp</dimen>
    <dimen name="x234">117.00dp</dimen>
    <dimen name="x235">117.50dp</dimen>
    <dimen name="x236">118.00dp</dimen>
    <dimen name="x237">118.50dp</dimen>
    <dimen name="x238">119.00dp</dimen>
    <dimen name="x239">119.50dp</dimen>
    <dimen name="x240">120.00dp</dimen>
    <dimen name="x241">120.50dp</dimen>
    <dimen name="x242">121.00dp</dimen>
    <dimen name="x243">121.50dp</dimen>
    <dimen name="x244">122.00dp</dimen>
    <dimen name="x245">122.50dp</dimen>
    <dimen name="x246">123.00dp</dimen>
    <dimen name="x247">123.50dp</dimen>
    <dimen name="x248">124.00dp</dimen>
    <dimen name="x249">124.50dp</dimen>
    <dimen name="x250">125.00dp</dimen>
    <dimen name="x251">125.50dp</dimen>
    <dimen name="x252">126.00dp</dimen>
    <dimen name="x253">126.50dp</dimen>
    <dimen name="x254">127.00dp</dimen>
    <dimen name="x255">127.50dp</dimen>
    <dimen name="x256">128.00dp</dimen>
    <dimen name="x257">128.50dp</dimen>
    <dimen name="x258">129.00dp</dimen>
    <dimen name="x259">129.50dp</dimen>
    <dimen name="x260">130.00dp</dimen>
    <dimen name="x261">130.50dp</dimen>
    <dimen name="x262">131.00dp</dimen>
    <dimen name="x263">131.50dp</dimen>
    <dimen name="x264">132.00dp</dimen>
    <dimen name="x265">132.50dp</dimen>
    <dimen name="x266">133.00dp</dimen>
    <dimen name="x267">133.50dp</dimen>
    <dimen name="x268">134.00dp</dimen>
    <dimen name="x269">134.50dp</dimen>
    <dimen name="x270">135.00dp</dimen>
    <dimen name="x271">135.50dp</dimen>
    <dimen name="x272">136.00dp</dimen>
    <dimen name="x273">136.50dp</dimen>
    <dimen name="x274">137.00dp</dimen>
    <dimen name="x275">137.50dp</dimen>
    <dimen name="x276">138.00dp</dimen>
    <dimen name="x277">138.50dp</dimen>
    <dimen name="x278">139.00dp</dimen>
    <dimen name="x279">139.50dp</dimen>
    <dimen name="x280">140.00dp</dimen>
    <dimen name="x281">140.50dp</dimen>
    <dimen name="x282">141.00dp</dimen>
    <dimen name="x283">141.50dp</dimen>
    <dimen name="x284">142.00dp</dimen>
    <dimen name="x285">142.50dp</dimen>
    <dimen name="x286">143.00dp</dimen>
    <dimen name="x287">143.50dp</dimen>
    <dimen name="x288">144.00dp</dimen>
    <dimen name="x289">144.50dp</dimen>
    <dimen name="x290">145.00dp</dimen>
    <dimen name="x291">145.50dp</dimen>
    <dimen name="x292">146.00dp</dimen>
    <dimen name="x293">146.50dp</dimen>
    <dimen name="x294">147.00dp</dimen>
    <dimen name="x295">147.50dp</dimen>
    <dimen name="x296">148.00dp</dimen>
    <dimen name="x297">148.50dp</dimen>
    <dimen name="x298">149.00dp</dimen>
    <dimen name="x299">149.50dp</dimen>
    <dimen name="x300">150.00dp</dimen>
    <dimen name="x301">150.50dp</dimen>
    <dimen name="x302">151.00dp</dimen>
    <dimen name="x303">151.50dp</dimen>
    <dimen name="x304">152.00dp</dimen>
    <dimen name="x305">152.50dp</dimen>
    <dimen name="x306">153.00dp</dimen>
    <dimen name="x307">153.50dp</dimen>
    <dimen name="x308">154.00dp</dimen>
    <dimen name="x309">154.50dp</dimen>
    <dimen name="x310">155.00dp</dimen>
    <dimen name="x311">155.50dp</dimen>
    <dimen name="x312">156.00dp</dimen>
    <dimen name="x313">156.50dp</dimen>
    <dimen name="x314">157.00dp</dimen>
    <dimen name="x315">157.50dp</dimen>
    <dimen name="x316">158.00dp</dimen>
    <dimen name="x317">158.50dp</dimen>
    <dimen name="x318">159.00dp</dimen>
    <dimen name="x319">159.50dp</dimen>
    <dimen name="x320">160.00dp</dimen>
    <dimen name="x321">160.50dp</dimen>
    <dimen name="x322">161.00dp</dimen>
    <dimen name="x323">161.50dp</dimen>
    <dimen name="x324">162.00dp</dimen>
    <dimen name="x325">162.50dp</dimen>
    <dimen name="x326">163.00dp</dimen>
    <dimen name="x327">163.50dp</dimen>
    <dimen name="x328">164.00dp</dimen>
    <dimen name="x329">164.50dp</dimen>
    <dimen name="x330">165.00dp</dimen>
    <dimen name="x331">165.50dp</dimen>
    <dimen name="x332">166.00dp</dimen>
    <dimen name="x333">166.50dp</dimen>
    <dimen name="x334">167.00dp</dimen>
    <dimen name="x335">167.50dp</dimen>
    <dimen name="x336">168.00dp</dimen>
    <dimen name="x337">168.50dp</dimen>
    <dimen name="x338">169.00dp</dimen>
    <dimen name="x339">169.50dp</dimen>
    <dimen name="x340">170.00dp</dimen>
    <dimen name="x341">170.50dp</dimen>
    <dimen name="x342">171.00dp</dimen>
    <dimen name="x343">171.50dp</dimen>
    <dimen name="x344">172.00dp</dimen>
    <dimen name="x345">172.50dp</dimen>
    <dimen name="x346">173.00dp</dimen>
    <dimen name="x347">173.50dp</dimen>
    <dimen name="x348">174.00dp</dimen>
    <dimen name="x349">174.50dp</dimen>
    <dimen name="x350">175.00dp</dimen>
    <dimen name="x351">175.50dp</dimen>
    <dimen name="x352">176.00dp</dimen>
    <dimen name="x353">176.50dp</dimen>
    <dimen name="x354">177.00dp</dimen>
    <dimen name="x355">177.50dp</dimen>
    <dimen name="x356">178.00dp</dimen>
    <dimen name="x357">178.50dp</dimen>
    <dimen name="x358">179.00dp</dimen>
    <dimen name="x359">179.50dp</dimen>
    <dimen name="x360">180.00dp</dimen>
    <dimen name="x361">180.50dp</dimen>
    <dimen name="x362">181.00dp</dimen>
    <dimen name="x363">181.50dp</dimen>
    <dimen name="x364">182.00dp</dimen>
    <dimen name="x365">182.50dp</dimen>
    <dimen name="x366">183.00dp</dimen>
    <dimen name="x367">183.50dp</dimen>
    <dimen name="x368">184.00dp</dimen>
    <dimen name="x369">184.50dp</dimen>
    <dimen name="x370">185.00dp</dimen>
    <dimen name="x371">185.50dp</dimen>
    <dimen name="x372">186.00dp</dimen>
    <dimen name="x373">186.50dp</dimen>
    <dimen name="x374">187.00dp</dimen>
    <dimen name="x375">187.50dp</dimen>
    <dimen name="x376">188.00dp</dimen>
    <dimen name="x377">188.50dp</dimen>
    <dimen name="x378">189.00dp</dimen>
    <dimen name="x379">189.50dp</dimen>
    <dimen name="x380">190.00dp</dimen>
    <dimen name="x381">190.50dp</dimen>
    <dimen name="x382">191.00dp</dimen>
    <dimen name="x383">191.50dp</dimen>
    <dimen name="x384">192.00dp</dimen>
    <dimen name="x385">192.50dp</dimen>
    <dimen name="x386">193.00dp</dimen>
    <dimen name="x387">193.50dp</dimen>
    <dimen name="x388">194.00dp</dimen>
    <dimen name="x389">194.50dp</dimen>
    <dimen name="x390">195.00dp</dimen>
    <dimen name="x391">195.50dp</dimen>
    <dimen name="x392">196.00dp</dimen>
    <dimen name="x393">196.50dp</dimen>
    <dimen name="x394">197.00dp</dimen>
    <dimen name="x395">197.50dp</dimen>
    <dimen name="x396">198.00dp</dimen>
    <dimen name="x397">198.50dp</dimen>
    <dimen name="x398">199.00dp</dimen>
    <dimen name="x399">199.50dp</dimen>
    <dimen name="x400">200.00dp</dimen>
    <dimen name="x401">200.50dp</dimen>
    <dimen name="x402">201.00dp</dimen>
    <dimen name="x403">201.50dp</dimen>
    <dimen name="x404">202.00dp</dimen>
    <dimen name="x405">202.50dp</dimen>
    <dimen name="x406">203.00dp</dimen>
    <dimen name="x407">203.50dp</dimen>
    <dimen name="x408">204.00dp</dimen>
    <dimen name="x409">204.50dp</dimen>
    <dimen name="x410">205.00dp</dimen>
    <dimen name="x411">205.50dp</dimen>
    <dimen name="x412">206.00dp</dimen>
    <dimen name="x413">206.50dp</dimen>
    <dimen name="x414">207.00dp</dimen>
    <dimen name="x415">207.50dp</dimen>
    <dimen name="x416">208.00dp</dimen>
    <dimen name="x417">208.50dp</dimen>
    <dimen name="x418">209.00dp</dimen>
    <dimen name="x419">209.50dp</dimen>
    <dimen name="x420">210.00dp</dimen>
    <dimen name="x421">210.50dp</dimen>
    <dimen name="x422">211.00dp</dimen>
    <dimen name="x423">211.50dp</dimen>
    <dimen name="x424">212.00dp</dimen>
    <dimen name="x425">212.50dp</dimen>
    <dimen name="x426">213.00dp</dimen>
    <dimen name="x427">213.50dp</dimen>
    <dimen name="x428">214.00dp</dimen>
    <dimen name="x429">214.50dp</dimen>
    <dimen name="x430">215.00dp</dimen>
    <dimen name="x431">215.50dp</dimen>
    <dimen name="x432">216.00dp</dimen>
    <dimen name="x433">216.50dp</dimen>
    <dimen name="x434">217.00dp</dimen>
    <dimen name="x435">217.50dp</dimen>
    <dimen name="x436">218.00dp</dimen>
    <dimen name="x437">218.50dp</dimen>
    <dimen name="x438">219.00dp</dimen>
    <dimen name="x439">219.50dp</dimen>
    <dimen name="x440">220.00dp</dimen>
    <dimen name="x441">220.50dp</dimen>
    <dimen name="x442">221.00dp</dimen>
    <dimen name="x443">221.50dp</dimen>
    <dimen name="x444">222.00dp</dimen>
    <dimen name="x445">222.50dp</dimen>
    <dimen name="x446">223.00dp</dimen>
    <dimen name="x447">223.50dp</dimen>
    <dimen name="x448">224.00dp</dimen>
    <dimen name="x449">224.50dp</dimen>
    <dimen name="x450">225.00dp</dimen>
    <dimen name="x451">225.50dp</dimen>
    <dimen name="x452">226.00dp</dimen>
    <dimen name="x453">226.50dp</dimen>
    <dimen name="x454">227.00dp</dimen>
    <dimen name="x455">227.50dp</dimen>
    <dimen name="x456">228.00dp</dimen>
    <dimen name="x457">228.50dp</dimen>
    <dimen name="x458">229.00dp</dimen>
    <dimen name="x459">229.50dp</dimen>
    <dimen name="x460">230.00dp</dimen>
    <dimen name="x461">230.50dp</dimen>
    <dimen name="x462">231.00dp</dimen>
    <dimen name="x463">231.50dp</dimen>
    <dimen name="x464">232.00dp</dimen>
    <dimen name="x465">232.50dp</dimen>
    <dimen name="x466">233.00dp</dimen>
    <dimen name="x467">233.50dp</dimen>
    <dimen name="x468">234.00dp</dimen>
    <dimen name="x469">234.50dp</dimen>
    <dimen name="x470">235.00dp</dimen>
    <dimen name="x471">235.50dp</dimen>
    <dimen name="x472">236.00dp</dimen>
    <dimen name="x473">236.50dp</dimen>
    <dimen name="x474">237.00dp</dimen>
    <dimen name="x475">237.50dp</dimen>
    <dimen name="x476">238.00dp</dimen>
    <dimen name="x477">238.50dp</dimen>
    <dimen name="x478">239.00dp</dimen>
    <dimen name="x479">239.50dp</dimen>
    <dimen name="x480">240.00dp</dimen>
    <dimen name="x481">240.50dp</dimen>
    <dimen name="x482">241.00dp</dimen>
    <dimen name="x483">241.50dp</dimen>
    <dimen name="x484">242.00dp</dimen>
    <dimen name="x485">242.50dp</dimen>
    <dimen name="x486">243.00dp</dimen>
    <dimen name="x487">243.50dp</dimen>
    <dimen name="x488">244.00dp</dimen>
    <dimen name="x489">244.50dp</dimen>
    <dimen name="x490">245.00dp</dimen>
    <dimen name="x491">245.50dp</dimen>
    <dimen name="x492">246.00dp</dimen>
    <dimen name="x493">246.50dp</dimen>
    <dimen name="x494">247.00dp</dimen>
    <dimen name="x495">247.50dp</dimen>
    <dimen name="x496">248.00dp</dimen>
    <dimen name="x497">248.50dp</dimen>
    <dimen name="x498">249.00dp</dimen>
    <dimen name="x499">249.50dp</dimen>
    <dimen name="x500">250.00dp</dimen>
    <dimen name="x501">250.50dp</dimen>
    <dimen name="x502">251.00dp</dimen>
    <dimen name="x503">251.50dp</dimen>
    <dimen name="x504">252.00dp</dimen>
    <dimen name="x505">252.50dp</dimen>
    <dimen name="x506">253.00dp</dimen>
    <dimen name="x507">253.50dp</dimen>
    <dimen name="x508">254.00dp</dimen>
    <dimen name="x509">254.50dp</dimen>
    <dimen name="x510">255.00dp</dimen>
    <dimen name="x511">255.50dp</dimen>
    <dimen name="x512">256.00dp</dimen>
    <dimen name="x513">256.50dp</dimen>
    <dimen name="x514">257.00dp</dimen>
    <dimen name="x515">257.50dp</dimen>
    <dimen name="x516">258.00dp</dimen>
    <dimen name="x517">258.50dp</dimen>
    <dimen name="x518">259.00dp</dimen>
    <dimen name="x519">259.50dp</dimen>
    <dimen name="x520">260.00dp</dimen>
    <dimen name="x521">260.50dp</dimen>
    <dimen name="x522">261.00dp</dimen>
    <dimen name="x523">261.50dp</dimen>
    <dimen name="x524">262.00dp</dimen>
    <dimen name="x525">262.50dp</dimen>
    <dimen name="x526">263.00dp</dimen>
    <dimen name="x527">263.50dp</dimen>
    <dimen name="x528">264.00dp</dimen>
    <dimen name="x529">264.50dp</dimen>
    <dimen name="x530">265.00dp</dimen>
    <dimen name="x531">265.50dp</dimen>
    <dimen name="x532">266.00dp</dimen>
    <dimen name="x533">266.50dp</dimen>
    <dimen name="x534">267.00dp</dimen>
    <dimen name="x535">267.50dp</dimen>
    <dimen name="x536">268.00dp</dimen>
    <dimen name="x537">268.50dp</dimen>
    <dimen name="x538">269.00dp</dimen>
    <dimen name="x539">269.50dp</dimen>
    <dimen name="x540">270.00dp</dimen>
    <dimen name="x541">270.50dp</dimen>
    <dimen name="x542">271.00dp</dimen>
    <dimen name="x543">271.50dp</dimen>
    <dimen name="x544">272.00dp</dimen>
    <dimen name="x545">272.50dp</dimen>
    <dimen name="x546">273.00dp</dimen>
    <dimen name="x547">273.50dp</dimen>
    <dimen name="x548">274.00dp</dimen>
    <dimen name="x549">274.50dp</dimen>
    <dimen name="x550">275.00dp</dimen>
    <dimen name="x551">275.50dp</dimen>
    <dimen name="x552">276.00dp</dimen>
    <dimen name="x553">276.50dp</dimen>
    <dimen name="x554">277.00dp</dimen>
    <dimen name="x555">277.50dp</dimen>
    <dimen name="x556">278.00dp</dimen>
    <dimen name="x557">278.50dp</dimen>
    <dimen name="x558">279.00dp</dimen>
    <dimen name="x559">279.50dp</dimen>
    <dimen name="x560">280.00dp</dimen>
    <dimen name="x561">280.50dp</dimen>
    <dimen name="x562">281.00dp</dimen>
    <dimen name="x563">281.50dp</dimen>
    <dimen name="x564">282.00dp</dimen>
    <dimen name="x565">282.50dp</dimen>
    <dimen name="x566">283.00dp</dimen>
    <dimen name="x567">283.50dp</dimen>
    <dimen name="x568">284.00dp</dimen>
    <dimen name="x569">284.50dp</dimen>
    <dimen name="x570">285.00dp</dimen>
    <dimen name="x571">285.50dp</dimen>
    <dimen name="x572">286.00dp</dimen>
    <dimen name="x573">286.50dp</dimen>
    <dimen name="x574">287.00dp</dimen>
    <dimen name="x575">287.50dp</dimen>
    <dimen name="x576">288.00dp</dimen>
    <dimen name="x577">288.50dp</dimen>
    <dimen name="x578">289.00dp</dimen>
    <dimen name="x579">289.50dp</dimen>
    <dimen name="x580">290.00dp</dimen>
    <dimen name="x581">290.50dp</dimen>
    <dimen name="x582">291.00dp</dimen>
    <dimen name="x583">291.50dp</dimen>
    <dimen name="x584">292.00dp</dimen>
    <dimen name="x585">292.50dp</dimen>
    <dimen name="x586">293.00dp</dimen>
    <dimen name="x587">293.50dp</dimen>
    <dimen name="x588">294.00dp</dimen>
    <dimen name="x589">294.50dp</dimen>
    <dimen name="x590">295.00dp</dimen>
    <dimen name="x591">295.50dp</dimen>
    <dimen name="x592">296.00dp</dimen>
    <dimen name="x593">296.50dp</dimen>
    <dimen name="x594">297.00dp</dimen>
    <dimen name="x595">297.50dp</dimen>
    <dimen name="x596">298.00dp</dimen>
    <dimen name="x597">298.50dp</dimen>
    <dimen name="x598">299.00dp</dimen>
    <dimen name="x599">299.50dp</dimen>
    <dimen name="x600">300.00dp</dimen>
    <dimen name="x601">300.50dp</dimen>
    <dimen name="x602">301.00dp</dimen>
    <dimen name="x603">301.50dp</dimen>
    <dimen name="x604">302.00dp</dimen>
    <dimen name="x605">302.50dp</dimen>
    <dimen name="x606">303.00dp</dimen>
    <dimen name="x607">303.50dp</dimen>
    <dimen name="x608">304.00dp</dimen>
    <dimen name="x609">304.50dp</dimen>
    <dimen name="x610">305.00dp</dimen>
    <dimen name="x611">305.50dp</dimen>
    <dimen name="x612">306.00dp</dimen>
    <dimen name="x613">306.50dp</dimen>
    <dimen name="x614">307.00dp</dimen>
    <dimen name="x615">307.50dp</dimen>
    <dimen name="x616">308.00dp</dimen>
    <dimen name="x617">308.50dp</dimen>
    <dimen name="x618">309.00dp</dimen>
    <dimen name="x619">309.50dp</dimen>
    <dimen name="x620">310.00dp</dimen>
    <dimen name="x621">310.50dp</dimen>
    <dimen name="x622">311.00dp</dimen>
    <dimen name="x623">311.50dp</dimen>
    <dimen name="x624">312.00dp</dimen>
    <dimen name="x625">312.50dp</dimen>
    <dimen name="x626">313.00dp</dimen>
    <dimen name="x627">313.50dp</dimen>
    <dimen name="x628">314.00dp</dimen>
    <dimen name="x629">314.50dp</dimen>
    <dimen name="x630">315.00dp</dimen>
    <dimen name="x631">315.50dp</dimen>
    <dimen name="x632">316.00dp</dimen>
    <dimen name="x633">316.50dp</dimen>
    <dimen name="x634">317.00dp</dimen>
    <dimen name="x635">317.50dp</dimen>
    <dimen name="x636">318.00dp</dimen>
    <dimen name="x637">318.50dp</dimen>
    <dimen name="x638">319.00dp</dimen>
    <dimen name="x639">319.50dp</dimen>
    <dimen name="x640">320.00dp</dimen>
    <dimen name="x641">320.50dp</dimen>
    <dimen name="x642">321.00dp</dimen>
    <dimen name="x643">321.50dp</dimen>
    <dimen name="x644">322.00dp</dimen>
    <dimen name="x645">322.50dp</dimen>
    <dimen name="x646">323.00dp</dimen>
    <dimen name="x647">323.50dp</dimen>
    <dimen name="x648">324.00dp</dimen>
    <dimen name="x649">324.50dp</dimen>
    <dimen name="x650">325.00dp</dimen>
    <dimen name="x651">325.50dp</dimen>
    <dimen name="x652">326.00dp</dimen>
    <dimen name="x653">326.50dp</dimen>
    <dimen name="x654">327.00dp</dimen>
    <dimen name="x655">327.50dp</dimen>
    <dimen name="x656">328.00dp</dimen>
    <dimen name="x657">328.50dp</dimen>
    <dimen name="x658">329.00dp</dimen>
    <dimen name="x659">329.50dp</dimen>
    <dimen name="x660">330.00dp</dimen>
    <dimen name="x661">330.50dp</dimen>
    <dimen name="x662">331.00dp</dimen>
    <dimen name="x663">331.50dp</dimen>
    <dimen name="x664">332.00dp</dimen>
    <dimen name="x665">332.50dp</dimen>
    <dimen name="x666">333.00dp</dimen>
    <dimen name="x667">333.50dp</dimen>
    <dimen name="x668">334.00dp</dimen>
    <dimen name="x669">334.50dp</dimen>
    <dimen name="x670">335.00dp</dimen>
    <dimen name="x671">335.50dp</dimen>
    <dimen name="x672">336.00dp</dimen>
    <dimen name="x673">336.50dp</dimen>
    <dimen name="x674">337.00dp</dimen>
    <dimen name="x675">337.50dp</dimen>
    <dimen name="x676">338.00dp</dimen>
    <dimen name="x677">338.50dp</dimen>
    <dimen name="x678">339.00dp</dimen>
    <dimen name="x679">339.50dp</dimen>
    <dimen name="x680">340.00dp</dimen>
    <dimen name="x681">340.50dp</dimen>
    <dimen name="x682">341.00dp</dimen>
    <dimen name="x683">341.50dp</dimen>
    <dimen name="x684">342.00dp</dimen>
    <dimen name="x685">342.50dp</dimen>
    <dimen name="x686">343.00dp</dimen>
    <dimen name="x687">343.50dp</dimen>
    <dimen name="x688">344.00dp</dimen>
    <dimen name="x689">344.50dp</dimen>
    <dimen name="x690">345.00dp</dimen>
    <dimen name="x691">345.50dp</dimen>
    <dimen name="x692">346.00dp</dimen>
    <dimen name="x693">346.50dp</dimen>
    <dimen name="x694">347.00dp</dimen>
    <dimen name="x695">347.50dp</dimen>
    <dimen name="x696">348.00dp</dimen>
    <dimen name="x697">348.50dp</dimen>
    <dimen name="x698">349.00dp</dimen>
    <dimen name="x699">349.50dp</dimen>
    <dimen name="x700">350.00dp</dimen>
    <dimen name="x701">350.50dp</dimen>
    <dimen name="x702">351.00dp</dimen>
    <dimen name="x703">351.50dp</dimen>
    <dimen name="x704">352.00dp</dimen>
    <dimen name="x705">352.50dp</dimen>
    <dimen name="x706">353.00dp</dimen>
    <dimen name="x707">353.50dp</dimen>
    <dimen name="x708">354.00dp</dimen>
    <dimen name="x709">354.50dp</dimen>
    <dimen name="x710">355.00dp</dimen>
    <dimen name="x711">355.50dp</dimen>
    <dimen name="x712">356.00dp</dimen>
    <dimen name="x713">356.50dp</dimen>
    <dimen name="x714">357.00dp</dimen>
    <dimen name="x715">357.50dp</dimen>
    <dimen name="x716">358.00dp</dimen>
    <dimen name="x717">358.50dp</dimen>
    <dimen name="x718">359.00dp</dimen>
    <dimen name="x719">359.50dp</dimen>
    <dimen name="x720">360.00dp</dimen>
    <dimen name="x721">360.50dp</dimen>
    <dimen name="x722">361.00dp</dimen>
    <dimen name="x723">361.50dp</dimen>
    <dimen name="x724">362.00dp</dimen>
    <dimen name="x725">362.50dp</dimen>
    <dimen name="x726">363.00dp</dimen>
    <dimen name="x727">363.50dp</dimen>
    <dimen name="x728">364.00dp</dimen>
    <dimen name="x729">364.50dp</dimen>
    <dimen name="x730">365.00dp</dimen>
    <dimen name="x731">365.50dp</dimen>
    <dimen name="x732">366.00dp</dimen>
    <dimen name="x733">366.50dp</dimen>
    <dimen name="x734">367.00dp</dimen>
    <dimen name="x735">367.50dp</dimen>
    <dimen name="x736">368.00dp</dimen>
    <dimen name="x737">368.50dp</dimen>
    <dimen name="x738">369.00dp</dimen>
    <dimen name="x739">369.50dp</dimen>
    <dimen name="x740">370.00dp</dimen>
    <dimen name="x741">370.50dp</dimen>
    <dimen name="x742">371.00dp</dimen>
    <dimen name="x743">371.50dp</dimen>
    <dimen name="x744">372.00dp</dimen>
    <dimen name="x745">372.50dp</dimen>
    <dimen name="x746">373.00dp</dimen>
    <dimen name="x747">373.50dp</dimen>
    <dimen name="x748">374.00dp</dimen>
    <dimen name="x749">374.50dp</dimen>
    <dimen name="x750">375.00dp</dimen>
    <dimen name="x751">375.50dp</dimen>
    <dimen name="x752">376.00dp</dimen>
    <dimen name="x753">376.50dp</dimen>
    <dimen name="x754">377.00dp</dimen>
    <dimen name="x755">377.50dp</dimen>
    <dimen name="x756">378.00dp</dimen>
    <dimen name="x757">378.50dp</dimen>
    <dimen name="x758">379.00dp</dimen>
    <dimen name="x759">379.50dp</dimen>
    <dimen name="x760">380.00dp</dimen>
    <dimen name="x761">380.50dp</dimen>
    <dimen name="x762">381.00dp</dimen>
    <dimen name="x763">381.50dp</dimen>
    <dimen name="x764">382.00dp</dimen>
    <dimen name="x765">382.50dp</dimen>
    <dimen name="x766">383.00dp</dimen>
    <dimen name="x767">383.50dp</dimen>
    <dimen name="x768">384.00dp</dimen>
    <dimen name="x769">384.50dp</dimen>
    <dimen name="x770">385.00dp</dimen>
    <dimen name="x771">385.50dp</dimen>
    <dimen name="x772">386.00dp</dimen>
    <dimen name="x773">386.50dp</dimen>
    <dimen name="x774">387.00dp</dimen>
    <dimen name="x775">387.50dp</dimen>
    <dimen name="x776">388.00dp</dimen>
    <dimen name="x777">388.50dp</dimen>
    <dimen name="x778">389.00dp</dimen>
    <dimen name="x779">389.50dp</dimen>
    <dimen name="x780">390.00dp</dimen>
    <dimen name="x781">390.50dp</dimen>
    <dimen name="x782">391.00dp</dimen>
    <dimen name="x783">391.50dp</dimen>
    <dimen name="x784">392.00dp</dimen>
    <dimen name="x785">392.50dp</dimen>
    <dimen name="x786">393.00dp</dimen>
    <dimen name="x787">393.50dp</dimen>
    <dimen name="x788">394.00dp</dimen>
    <dimen name="x789">394.50dp</dimen>
    <dimen name="x790">395.00dp</dimen>
    <dimen name="x791">395.50dp</dimen>
    <dimen name="x792">396.00dp</dimen>
    <dimen name="x793">396.50dp</dimen>
    <dimen name="x794">397.00dp</dimen>
    <dimen name="x795">397.50dp</dimen>
    <dimen name="x796">398.00dp</dimen>
    <dimen name="x797">398.50dp</dimen>
    <dimen name="x798">399.00dp</dimen>
    <dimen name="x799">399.50dp</dimen>
    <dimen name="x800">400.00dp</dimen>
    <dimen name="x801">400.50dp</dimen>
    <dimen name="x802">401.00dp</dimen>
    <dimen name="x803">401.50dp</dimen>
    <dimen name="x804">402.00dp</dimen>
    <dimen name="x805">402.50dp</dimen>
    <dimen name="x806">403.00dp</dimen>
    <dimen name="x807">403.50dp</dimen>
    <dimen name="x808">404.00dp</dimen>
    <dimen name="x809">404.50dp</dimen>
    <dimen name="x810">405.00dp</dimen>
    <dimen name="x811">405.50dp</dimen>
    <dimen name="x812">406.00dp</dimen>
    <dimen name="x813">406.50dp</dimen>
    <dimen name="x814">407.00dp</dimen>
    <dimen name="x815">407.50dp</dimen>
    <dimen name="x816">408.00dp</dimen>
    <dimen name="x817">408.50dp</dimen>
    <dimen name="x818">409.00dp</dimen>
    <dimen name="x819">409.50dp</dimen>
    <dimen name="x820">410.00dp</dimen>
    <dimen name="x821">410.50dp</dimen>
    <dimen name="x822">411.00dp</dimen>
    <dimen name="x823">411.50dp</dimen>
    <dimen name="x824">412.00dp</dimen>
    <dimen name="x825">412.50dp</dimen>
    <dimen name="x826">413.00dp</dimen>
    <dimen name="x827">413.50dp</dimen>
    <dimen name="x828">414.00dp</dimen>
    <dimen name="x829">414.50dp</dimen>
    <dimen name="x830">415.00dp</dimen>
    <dimen name="x831">415.50dp</dimen>
    <dimen name="x832">416.00dp</dimen>
    <dimen name="x833">416.50dp</dimen>
    <dimen name="x834">417.00dp</dimen>
    <dimen name="x835">417.50dp</dimen>
    <dimen name="x836">418.00dp</dimen>
    <dimen name="x837">418.50dp</dimen>
    <dimen name="x838">419.00dp</dimen>
    <dimen name="x839">419.50dp</dimen>
    <dimen name="x840">420.00dp</dimen>
    <dimen name="x841">420.50dp</dimen>
    <dimen name="x842">421.00dp</dimen>
    <dimen name="x843">421.50dp</dimen>
    <dimen name="x844">422.00dp</dimen>
    <dimen name="x845">422.50dp</dimen>
    <dimen name="x846">423.00dp</dimen>
    <dimen name="x847">423.50dp</dimen>
    <dimen name="x848">424.00dp</dimen>
    <dimen name="x849">424.50dp</dimen>
    <dimen name="x850">425.00dp</dimen>
    <dimen name="x851">425.50dp</dimen>
    <dimen name="x852">426.00dp</dimen>
    <dimen name="x853">426.50dp</dimen>
    <dimen name="x854">427.00dp</dimen>
    <dimen name="x855">427.50dp</dimen>
    <dimen name="x856">428.00dp</dimen>
    <dimen name="x857">428.50dp</dimen>
    <dimen name="x858">429.00dp</dimen>
    <dimen name="x859">429.50dp</dimen>
    <dimen name="x860">430.00dp</dimen>
    <dimen name="x861">430.50dp</dimen>
    <dimen name="x862">431.00dp</dimen>
    <dimen name="x863">431.50dp</dimen>
    <dimen name="x864">432.00dp</dimen>
    <dimen name="x865">432.50dp</dimen>
    <dimen name="x866">433.00dp</dimen>
    <dimen name="x867">433.50dp</dimen>
    <dimen name="x868">434.00dp</dimen>
    <dimen name="x869">434.50dp</dimen>
    <dimen name="x870">435.00dp</dimen>
    <dimen name="x871">435.50dp</dimen>
    <dimen name="x872">436.00dp</dimen>
    <dimen name="x873">436.50dp</dimen>
    <dimen name="x874">437.00dp</dimen>
    <dimen name="x875">437.50dp</dimen>
    <dimen name="x876">438.00dp</dimen>
    <dimen name="x877">438.50dp</dimen>
    <dimen name="x878">439.00dp</dimen>
    <dimen name="x879">439.50dp</dimen>
    <dimen name="x880">440.00dp</dimen>
    <dimen name="x881">440.50dp</dimen>
    <dimen name="x882">441.00dp</dimen>
    <dimen name="x883">441.50dp</dimen>
    <dimen name="x884">442.00dp</dimen>
    <dimen name="x885">442.50dp</dimen>
    <dimen name="x886">443.00dp</dimen>
    <dimen name="x887">443.50dp</dimen>
    <dimen name="x888">444.00dp</dimen>
    <dimen name="x889">444.50dp</dimen>
    <dimen name="x890">445.00dp</dimen>
    <dimen name="x891">445.50dp</dimen>
    <dimen name="x892">446.00dp</dimen>
    <dimen name="x893">446.50dp</dimen>
    <dimen name="x894">447.00dp</dimen>
    <dimen name="x895">447.50dp</dimen>
    <dimen name="x896">448.00dp</dimen>
    <dimen name="x897">448.50dp</dimen>
    <dimen name="x898">449.00dp</dimen>
    <dimen name="x899">449.50dp</dimen>
    <dimen name="x900">450.00dp</dimen>
    <dimen name="x901">450.50dp</dimen>
    <dimen name="x902">451.00dp</dimen>
    <dimen name="x903">451.50dp</dimen>
    <dimen name="x904">452.00dp</dimen>
    <dimen name="x905">452.50dp</dimen>
    <dimen name="x906">453.00dp</dimen>
    <dimen name="x907">453.50dp</dimen>
    <dimen name="x908">454.00dp</dimen>
    <dimen name="x909">454.50dp</dimen>
    <dimen name="x910">455.00dp</dimen>
    <dimen name="x911">455.50dp</dimen>
    <dimen name="x912">456.00dp</dimen>
    <dimen name="x913">456.50dp</dimen>
    <dimen name="x914">457.00dp</dimen>
    <dimen name="x915">457.50dp</dimen>
    <dimen name="x916">458.00dp</dimen>
    <dimen name="x917">458.50dp</dimen>
    <dimen name="x918">459.00dp</dimen>
    <dimen name="x919">459.50dp</dimen>
    <dimen name="x920">460.00dp</dimen>
    <dimen name="x921">460.50dp</dimen>
    <dimen name="x922">461.00dp</dimen>
    <dimen name="x923">461.50dp</dimen>
    <dimen name="x924">462.00dp</dimen>
    <dimen name="x925">462.50dp</dimen>
    <dimen name="x926">463.00dp</dimen>
    <dimen name="x927">463.50dp</dimen>
    <dimen name="x928">464.00dp</dimen>
    <dimen name="x929">464.50dp</dimen>
    <dimen name="x930">465.00dp</dimen>
    <dimen name="x931">465.50dp</dimen>
    <dimen name="x932">466.00dp</dimen>
    <dimen name="x933">466.50dp</dimen>
    <dimen name="x934">467.00dp</dimen>
    <dimen name="x935">467.50dp</dimen>
    <dimen name="x936">468.00dp</dimen>
    <dimen name="x937">468.50dp</dimen>
    <dimen name="x938">469.00dp</dimen>
    <dimen name="x939">469.50dp</dimen>
    <dimen name="x940">470.00dp</dimen>
    <dimen name="x941">470.50dp</dimen>
    <dimen name="x942">471.00dp</dimen>
    <dimen name="x943">471.50dp</dimen>
    <dimen name="x944">472.00dp</dimen>
    <dimen name="x945">472.50dp</dimen>
    <dimen name="x946">473.00dp</dimen>
    <dimen name="x947">473.50dp</dimen>
    <dimen name="x948">474.00dp</dimen>
    <dimen name="x949">474.50dp</dimen>
    <dimen name="x950">475.00dp</dimen>
    <dimen name="x951">475.50dp</dimen>
    <dimen name="x952">476.00dp</dimen>
    <dimen name="x953">476.50dp</dimen>
    <dimen name="x954">477.00dp</dimen>
    <dimen name="x955">477.50dp</dimen>
    <dimen name="x956">478.00dp</dimen>
    <dimen name="x957">478.50dp</dimen>
    <dimen name="x958">479.00dp</dimen>
    <dimen name="x959">479.50dp</dimen>
    <dimen name="x960">480.00dp</dimen>
    <dimen name="x961">480.50dp</dimen>
    <dimen name="x962">481.00dp</dimen>
    <dimen name="x963">481.50dp</dimen>
    <dimen name="x964">482.00dp</dimen>
    <dimen name="x965">482.50dp</dimen>
    <dimen name="x966">483.00dp</dimen>
    <dimen name="x967">483.50dp</dimen>
    <dimen name="x968">484.00dp</dimen>
    <dimen name="x969">484.50dp</dimen>
    <dimen name="x970">485.00dp</dimen>
    <dimen name="x971">485.50dp</dimen>
    <dimen name="x972">486.00dp</dimen>
    <dimen name="x973">486.50dp</dimen>
    <dimen name="x974">487.00dp</dimen>
    <dimen name="x975">487.50dp</dimen>
    <dimen name="x976">488.00dp</dimen>
    <dimen name="x977">488.50dp</dimen>
    <dimen name="x978">489.00dp</dimen>
    <dimen name="x979">489.50dp</dimen>
    <dimen name="x980">490.00dp</dimen>
    <dimen name="x981">490.50dp</dimen>
    <dimen name="x982">491.00dp</dimen>
    <dimen name="x983">491.50dp</dimen>
    <dimen name="x984">492.00dp</dimen>
    <dimen name="x985">492.50dp</dimen>
    <dimen name="x986">493.00dp</dimen>
    <dimen name="x987">493.50dp</dimen>
    <dimen name="x988">494.00dp</dimen>
    <dimen name="x989">494.50dp</dimen>
    <dimen name="x990">495.00dp</dimen>
    <dimen name="x991">495.50dp</dimen>
    <dimen name="x992">496.00dp</dimen>
    <dimen name="x993">496.50dp</dimen>
    <dimen name="x994">497.00dp</dimen>
    <dimen name="x995">497.50dp</dimen>
    <dimen name="x996">498.00dp</dimen>
    <dimen name="x997">498.50dp</dimen>
    <dimen name="x998">499.00dp</dimen>
    <dimen name="x999">499.50dp</dimen>
    <dimen name="x1000">500.00dp</dimen>
    <dimen name="x1001">500.50dp</dimen>
    <dimen name="x1002">501.00dp</dimen>
    <dimen name="x1003">501.50dp</dimen>
    <dimen name="x1004">502.00dp</dimen>
    <dimen name="x1005">502.50dp</dimen>
    <dimen name="x1006">503.00dp</dimen>
    <dimen name="x1007">503.50dp</dimen>
    <dimen name="x1008">504.00dp</dimen>
    <dimen name="x1009">504.50dp</dimen>
    <dimen name="x1010">505.00dp</dimen>
    <dimen name="x1011">505.50dp</dimen>
    <dimen name="x1012">506.00dp</dimen>
    <dimen name="x1013">506.50dp</dimen>
    <dimen name="x1014">507.00dp</dimen>
    <dimen name="x1015">507.50dp</dimen>
    <dimen name="x1016">508.00dp</dimen>
    <dimen name="x1017">508.50dp</dimen>
    <dimen name="x1018">509.00dp</dimen>
    <dimen name="x1019">509.50dp</dimen>
    <dimen name="x1020">510.00dp</dimen>
    <dimen name="x1021">510.50dp</dimen>
    <dimen name="x1022">511.00dp</dimen>
    <dimen name="x1023">511.50dp</dimen>
    <dimen name="x1024">512.00dp</dimen>
    <dimen name="x1025">512.50dp</dimen>
    <dimen name="x1026">513.00dp</dimen>
    <dimen name="x1027">513.50dp</dimen>
    <dimen name="x1028">514.00dp</dimen>
    <dimen name="x1029">514.50dp</dimen>
    <dimen name="x1030">515.00dp</dimen>
    <dimen name="x1031">515.50dp</dimen>
    <dimen name="x1032">516.00dp</dimen>
    <dimen name="x1033">516.50dp</dimen>
    <dimen name="x1034">517.00dp</dimen>
    <dimen name="x1035">517.50dp</dimen>
    <dimen name="x1036">518.00dp</dimen>
    <dimen name="x1037">518.50dp</dimen>
    <dimen name="x1038">519.00dp</dimen>
    <dimen name="x1039">519.50dp</dimen>
    <dimen name="x1040">520.00dp</dimen>
    <dimen name="x1041">520.50dp</dimen>
    <dimen name="x1042">521.00dp</dimen>
    <dimen name="x1043">521.50dp</dimen>
    <dimen name="x1044">522.00dp</dimen>
    <dimen name="x1045">522.50dp</dimen>
    <dimen name="x1046">523.00dp</dimen>
    <dimen name="x1047">523.50dp</dimen>
    <dimen name="x1048">524.00dp</dimen>
    <dimen name="x1049">524.50dp</dimen>
    <dimen name="x1050">525.00dp</dimen>
    <dimen name="x1051">525.50dp</dimen>
    <dimen name="x1052">526.00dp</dimen>
    <dimen name="x1053">526.50dp</dimen>
    <dimen name="x1054">527.00dp</dimen>
    <dimen name="x1055">527.50dp</dimen>
    <dimen name="x1056">528.00dp</dimen>
    <dimen name="x1057">528.50dp</dimen>
    <dimen name="x1058">529.00dp</dimen>
    <dimen name="x1059">529.50dp</dimen>
    <dimen name="x1060">530.00dp</dimen>
    <dimen name="x1061">530.50dp</dimen>
    <dimen name="x1062">531.00dp</dimen>
    <dimen name="x1063">531.50dp</dimen>
    <dimen name="x1064">532.00dp</dimen>
    <dimen name="x1065">532.50dp</dimen>
    <dimen name="x1066">533.00dp</dimen>
    <dimen name="x1067">533.50dp</dimen>
    <dimen name="x1068">534.00dp</dimen>
    <dimen name="x1069">534.50dp</dimen>
    <dimen name="x1070">535.00dp</dimen>
    <dimen name="x1071">535.50dp</dimen>
    <dimen name="x1072">536.00dp</dimen>
    <dimen name="x1073">536.50dp</dimen>
    <dimen name="x1074">537.00dp</dimen>
    <dimen name="x1075">537.50dp</dimen>
    <dimen name="x1076">538.00dp</dimen>
    <dimen name="x1077">538.50dp</dimen>
    <dimen name="x1078">539.00dp</dimen>
    <dimen name="x1079">539.50dp</dimen>
    <dimen name="x1080">540.00dp</dimen>
</resources>