<?xml version="1.0" encoding="utf-8"?>
<resources>
    <string name="sw_dp">1890dp</string>
    <dimen name="x1">1.75dp</dimen>
    <dimen name="x2">3.50dp</dimen>
    <dimen name="x3">5.25dp</dimen>
    <dimen name="x4">7.00dp</dimen>
    <dimen name="x5">8.75dp</dimen>
    <dimen name="x6">10.50dp</dimen>
    <dimen name="x7">12.25dp</dimen>
    <dimen name="x8">14.00dp</dimen>
    <dimen name="x9">15.75dp</dimen>
    <dimen name="x10">17.50dp</dimen>
    <dimen name="x11">19.25dp</dimen>
    <dimen name="x12">21.00dp</dimen>
    <dimen name="x13">22.75dp</dimen>
    <dimen name="x14">24.50dp</dimen>
    <dimen name="x15">26.25dp</dimen>
    <dimen name="x16">28.00dp</dimen>
    <dimen name="x17">29.75dp</dimen>
    <dimen name="x18">31.50dp</dimen>
    <dimen name="x19">33.25dp</dimen>
    <dimen name="x20">35.00dp</dimen>
    <dimen name="x21">36.75dp</dimen>
    <dimen name="x22">38.50dp</dimen>
    <dimen name="x23">40.25dp</dimen>
    <dimen name="x24">42.00dp</dimen>
    <dimen name="x25">43.75dp</dimen>
    <dimen name="x26">45.50dp</dimen>
    <dimen name="x27">47.25dp</dimen>
    <dimen name="x28">49.00dp</dimen>
    <dimen name="x29">50.75dp</dimen>
    <dimen name="x30">52.50dp</dimen>
    <dimen name="x31">54.25dp</dimen>
    <dimen name="x32">56.00dp</dimen>
    <dimen name="x33">57.75dp</dimen>
    <dimen name="x34">59.50dp</dimen>
    <dimen name="x35">61.25dp</dimen>
    <dimen name="x36">63.00dp</dimen>
    <dimen name="x37">64.75dp</dimen>
    <dimen name="x38">66.50dp</dimen>
    <dimen name="x39">68.25dp</dimen>
    <dimen name="x40">70.00dp</dimen>
    <dimen name="x41">71.75dp</dimen>
    <dimen name="x42">73.50dp</dimen>
    <dimen name="x43">75.25dp</dimen>
    <dimen name="x44">77.00dp</dimen>
    <dimen name="x45">78.75dp</dimen>
    <dimen name="x46">80.50dp</dimen>
    <dimen name="x47">82.25dp</dimen>
    <dimen name="x48">84.00dp</dimen>
    <dimen name="x49">85.75dp</dimen>
    <dimen name="x50">87.50dp</dimen>
    <dimen name="x51">89.25dp</dimen>
    <dimen name="x52">91.00dp</dimen>
    <dimen name="x53">92.75dp</dimen>
    <dimen name="x54">94.50dp</dimen>
    <dimen name="x55">96.25dp</dimen>
    <dimen name="x56">98.00dp</dimen>
    <dimen name="x57">99.75dp</dimen>
    <dimen name="x58">101.50dp</dimen>
    <dimen name="x59">103.25dp</dimen>
    <dimen name="x60">105.00dp</dimen>
    <dimen name="x61">106.75dp</dimen>
    <dimen name="x62">108.50dp</dimen>
    <dimen name="x63">110.25dp</dimen>
    <dimen name="x64">112.00dp</dimen>
    <dimen name="x65">113.75dp</dimen>
    <dimen name="x66">115.50dp</dimen>
    <dimen name="x67">117.25dp</dimen>
    <dimen name="x68">119.00dp</dimen>
    <dimen name="x69">120.75dp</dimen>
    <dimen name="x70">122.50dp</dimen>
    <dimen name="x71">124.25dp</dimen>
    <dimen name="x72">126.00dp</dimen>
    <dimen name="x73">127.75dp</dimen>
    <dimen name="x74">129.50dp</dimen>
    <dimen name="x75">131.25dp</dimen>
    <dimen name="x76">133.00dp</dimen>
    <dimen name="x77">134.75dp</dimen>
    <dimen name="x78">136.50dp</dimen>
    <dimen name="x79">138.25dp</dimen>
    <dimen name="x80">140.00dp</dimen>
    <dimen name="x81">141.75dp</dimen>
    <dimen name="x82">143.50dp</dimen>
    <dimen name="x83">145.25dp</dimen>
    <dimen name="x84">147.00dp</dimen>
    <dimen name="x85">148.75dp</dimen>
    <dimen name="x86">150.50dp</dimen>
    <dimen name="x87">152.25dp</dimen>
    <dimen name="x88">154.00dp</dimen>
    <dimen name="x89">155.75dp</dimen>
    <dimen name="x90">157.50dp</dimen>
    <dimen name="x91">159.25dp</dimen>
    <dimen name="x92">161.00dp</dimen>
    <dimen name="x93">162.75dp</dimen>
    <dimen name="x94">164.50dp</dimen>
    <dimen name="x95">166.25dp</dimen>
    <dimen name="x96">168.00dp</dimen>
    <dimen name="x97">169.75dp</dimen>
    <dimen name="x98">171.50dp</dimen>
    <dimen name="x99">173.25dp</dimen>
    <dimen name="x100">175.00dp</dimen>
    <dimen name="x101">176.75dp</dimen>
    <dimen name="x102">178.50dp</dimen>
    <dimen name="x103">180.25dp</dimen>
    <dimen name="x104">182.00dp</dimen>
    <dimen name="x105">183.75dp</dimen>
    <dimen name="x106">185.50dp</dimen>
    <dimen name="x107">187.25dp</dimen>
    <dimen name="x108">189.00dp</dimen>
    <dimen name="x109">190.75dp</dimen>
    <dimen name="x110">192.50dp</dimen>
    <dimen name="x111">194.25dp</dimen>
    <dimen name="x112">196.00dp</dimen>
    <dimen name="x113">197.75dp</dimen>
    <dimen name="x114">199.50dp</dimen>
    <dimen name="x115">201.25dp</dimen>
    <dimen name="x116">203.00dp</dimen>
    <dimen name="x117">204.75dp</dimen>
    <dimen name="x118">206.50dp</dimen>
    <dimen name="x119">208.25dp</dimen>
    <dimen name="x120">210.00dp</dimen>
    <dimen name="x121">211.75dp</dimen>
    <dimen name="x122">213.50dp</dimen>
    <dimen name="x123">215.25dp</dimen>
    <dimen name="x124">217.00dp</dimen>
    <dimen name="x125">218.75dp</dimen>
    <dimen name="x126">220.50dp</dimen>
    <dimen name="x127">222.25dp</dimen>
    <dimen name="x128">224.00dp</dimen>
    <dimen name="x129">225.75dp</dimen>
    <dimen name="x130">227.50dp</dimen>
    <dimen name="x131">229.25dp</dimen>
    <dimen name="x132">231.00dp</dimen>
    <dimen name="x133">232.75dp</dimen>
    <dimen name="x134">234.50dp</dimen>
    <dimen name="x135">236.25dp</dimen>
    <dimen name="x136">238.00dp</dimen>
    <dimen name="x137">239.75dp</dimen>
    <dimen name="x138">241.50dp</dimen>
    <dimen name="x139">243.25dp</dimen>
    <dimen name="x140">245.00dp</dimen>
    <dimen name="x141">246.75dp</dimen>
    <dimen name="x142">248.50dp</dimen>
    <dimen name="x143">250.25dp</dimen>
    <dimen name="x144">252.00dp</dimen>
    <dimen name="x145">253.75dp</dimen>
    <dimen name="x146">255.50dp</dimen>
    <dimen name="x147">257.25dp</dimen>
    <dimen name="x148">259.00dp</dimen>
    <dimen name="x149">260.75dp</dimen>
    <dimen name="x150">262.50dp</dimen>
    <dimen name="x151">264.25dp</dimen>
    <dimen name="x152">266.00dp</dimen>
    <dimen name="x153">267.75dp</dimen>
    <dimen name="x154">269.50dp</dimen>
    <dimen name="x155">271.25dp</dimen>
    <dimen name="x156">273.00dp</dimen>
    <dimen name="x157">274.75dp</dimen>
    <dimen name="x158">276.50dp</dimen>
    <dimen name="x159">278.25dp</dimen>
    <dimen name="x160">280.00dp</dimen>
    <dimen name="x161">281.75dp</dimen>
    <dimen name="x162">283.50dp</dimen>
    <dimen name="x163">285.25dp</dimen>
    <dimen name="x164">287.00dp</dimen>
    <dimen name="x165">288.75dp</dimen>
    <dimen name="x166">290.50dp</dimen>
    <dimen name="x167">292.25dp</dimen>
    <dimen name="x168">294.00dp</dimen>
    <dimen name="x169">295.75dp</dimen>
    <dimen name="x170">297.50dp</dimen>
    <dimen name="x171">299.25dp</dimen>
    <dimen name="x172">301.00dp</dimen>
    <dimen name="x173">302.75dp</dimen>
    <dimen name="x174">304.50dp</dimen>
    <dimen name="x175">306.25dp</dimen>
    <dimen name="x176">308.00dp</dimen>
    <dimen name="x177">309.75dp</dimen>
    <dimen name="x178">311.50dp</dimen>
    <dimen name="x179">313.25dp</dimen>
    <dimen name="x180">315.00dp</dimen>
    <dimen name="x181">316.75dp</dimen>
    <dimen name="x182">318.50dp</dimen>
    <dimen name="x183">320.25dp</dimen>
    <dimen name="x184">322.00dp</dimen>
    <dimen name="x185">323.75dp</dimen>
    <dimen name="x186">325.50dp</dimen>
    <dimen name="x187">327.25dp</dimen>
    <dimen name="x188">329.00dp</dimen>
    <dimen name="x189">330.75dp</dimen>
    <dimen name="x190">332.50dp</dimen>
    <dimen name="x191">334.25dp</dimen>
    <dimen name="x192">336.00dp</dimen>
    <dimen name="x193">337.75dp</dimen>
    <dimen name="x194">339.50dp</dimen>
    <dimen name="x195">341.25dp</dimen>
    <dimen name="x196">343.00dp</dimen>
    <dimen name="x197">344.75dp</dimen>
    <dimen name="x198">346.50dp</dimen>
    <dimen name="x199">348.25dp</dimen>
    <dimen name="x200">350.00dp</dimen>
    <dimen name="x201">351.75dp</dimen>
    <dimen name="x202">353.50dp</dimen>
    <dimen name="x203">355.25dp</dimen>
    <dimen name="x204">357.00dp</dimen>
    <dimen name="x205">358.75dp</dimen>
    <dimen name="x206">360.50dp</dimen>
    <dimen name="x207">362.25dp</dimen>
    <dimen name="x208">364.00dp</dimen>
    <dimen name="x209">365.75dp</dimen>
    <dimen name="x210">367.50dp</dimen>
    <dimen name="x211">369.25dp</dimen>
    <dimen name="x212">371.00dp</dimen>
    <dimen name="x213">372.75dp</dimen>
    <dimen name="x214">374.50dp</dimen>
    <dimen name="x215">376.25dp</dimen>
    <dimen name="x216">378.00dp</dimen>
    <dimen name="x217">379.75dp</dimen>
    <dimen name="x218">381.50dp</dimen>
    <dimen name="x219">383.25dp</dimen>
    <dimen name="x220">385.00dp</dimen>
    <dimen name="x221">386.75dp</dimen>
    <dimen name="x222">388.50dp</dimen>
    <dimen name="x223">390.25dp</dimen>
    <dimen name="x224">392.00dp</dimen>
    <dimen name="x225">393.75dp</dimen>
    <dimen name="x226">395.50dp</dimen>
    <dimen name="x227">397.25dp</dimen>
    <dimen name="x228">399.00dp</dimen>
    <dimen name="x229">400.75dp</dimen>
    <dimen name="x230">402.50dp</dimen>
    <dimen name="x231">404.25dp</dimen>
    <dimen name="x232">406.00dp</dimen>
    <dimen name="x233">407.75dp</dimen>
    <dimen name="x234">409.50dp</dimen>
    <dimen name="x235">411.25dp</dimen>
    <dimen name="x236">413.00dp</dimen>
    <dimen name="x237">414.75dp</dimen>
    <dimen name="x238">416.50dp</dimen>
    <dimen name="x239">418.25dp</dimen>
    <dimen name="x240">420.00dp</dimen>
    <dimen name="x241">421.75dp</dimen>
    <dimen name="x242">423.50dp</dimen>
    <dimen name="x243">425.25dp</dimen>
    <dimen name="x244">427.00dp</dimen>
    <dimen name="x245">428.75dp</dimen>
    <dimen name="x246">430.50dp</dimen>
    <dimen name="x247">432.25dp</dimen>
    <dimen name="x248">434.00dp</dimen>
    <dimen name="x249">435.75dp</dimen>
    <dimen name="x250">437.50dp</dimen>
    <dimen name="x251">439.25dp</dimen>
    <dimen name="x252">441.00dp</dimen>
    <dimen name="x253">442.75dp</dimen>
    <dimen name="x254">444.50dp</dimen>
    <dimen name="x255">446.25dp</dimen>
    <dimen name="x256">448.00dp</dimen>
    <dimen name="x257">449.75dp</dimen>
    <dimen name="x258">451.50dp</dimen>
    <dimen name="x259">453.25dp</dimen>
    <dimen name="x260">455.00dp</dimen>
    <dimen name="x261">456.75dp</dimen>
    <dimen name="x262">458.50dp</dimen>
    <dimen name="x263">460.25dp</dimen>
    <dimen name="x264">462.00dp</dimen>
    <dimen name="x265">463.75dp</dimen>
    <dimen name="x266">465.50dp</dimen>
    <dimen name="x267">467.25dp</dimen>
    <dimen name="x268">469.00dp</dimen>
    <dimen name="x269">470.75dp</dimen>
    <dimen name="x270">472.50dp</dimen>
    <dimen name="x271">474.25dp</dimen>
    <dimen name="x272">476.00dp</dimen>
    <dimen name="x273">477.75dp</dimen>
    <dimen name="x274">479.50dp</dimen>
    <dimen name="x275">481.25dp</dimen>
    <dimen name="x276">483.00dp</dimen>
    <dimen name="x277">484.75dp</dimen>
    <dimen name="x278">486.50dp</dimen>
    <dimen name="x279">488.25dp</dimen>
    <dimen name="x280">490.00dp</dimen>
    <dimen name="x281">491.75dp</dimen>
    <dimen name="x282">493.50dp</dimen>
    <dimen name="x283">495.25dp</dimen>
    <dimen name="x284">497.00dp</dimen>
    <dimen name="x285">498.75dp</dimen>
    <dimen name="x286">500.50dp</dimen>
    <dimen name="x287">502.25dp</dimen>
    <dimen name="x288">504.00dp</dimen>
    <dimen name="x289">505.75dp</dimen>
    <dimen name="x290">507.50dp</dimen>
    <dimen name="x291">509.25dp</dimen>
    <dimen name="x292">511.00dp</dimen>
    <dimen name="x293">512.75dp</dimen>
    <dimen name="x294">514.50dp</dimen>
    <dimen name="x295">516.25dp</dimen>
    <dimen name="x296">518.00dp</dimen>
    <dimen name="x297">519.75dp</dimen>
    <dimen name="x298">521.50dp</dimen>
    <dimen name="x299">523.25dp</dimen>
    <dimen name="x300">525.00dp</dimen>
    <dimen name="x301">526.75dp</dimen>
    <dimen name="x302">528.50dp</dimen>
    <dimen name="x303">530.25dp</dimen>
    <dimen name="x304">532.00dp</dimen>
    <dimen name="x305">533.75dp</dimen>
    <dimen name="x306">535.50dp</dimen>
    <dimen name="x307">537.25dp</dimen>
    <dimen name="x308">539.00dp</dimen>
    <dimen name="x309">540.75dp</dimen>
    <dimen name="x310">542.50dp</dimen>
    <dimen name="x311">544.25dp</dimen>
    <dimen name="x312">546.00dp</dimen>
    <dimen name="x313">547.75dp</dimen>
    <dimen name="x314">549.50dp</dimen>
    <dimen name="x315">551.25dp</dimen>
    <dimen name="x316">553.00dp</dimen>
    <dimen name="x317">554.75dp</dimen>
    <dimen name="x318">556.50dp</dimen>
    <dimen name="x319">558.25dp</dimen>
    <dimen name="x320">560.00dp</dimen>
    <dimen name="x321">561.75dp</dimen>
    <dimen name="x322">563.50dp</dimen>
    <dimen name="x323">565.25dp</dimen>
    <dimen name="x324">567.00dp</dimen>
    <dimen name="x325">568.75dp</dimen>
    <dimen name="x326">570.50dp</dimen>
    <dimen name="x327">572.25dp</dimen>
    <dimen name="x328">574.00dp</dimen>
    <dimen name="x329">575.75dp</dimen>
    <dimen name="x330">577.50dp</dimen>
    <dimen name="x331">579.25dp</dimen>
    <dimen name="x332">581.00dp</dimen>
    <dimen name="x333">582.75dp</dimen>
    <dimen name="x334">584.50dp</dimen>
    <dimen name="x335">586.25dp</dimen>
    <dimen name="x336">588.00dp</dimen>
    <dimen name="x337">589.75dp</dimen>
    <dimen name="x338">591.50dp</dimen>
    <dimen name="x339">593.25dp</dimen>
    <dimen name="x340">595.00dp</dimen>
    <dimen name="x341">596.75dp</dimen>
    <dimen name="x342">598.50dp</dimen>
    <dimen name="x343">600.25dp</dimen>
    <dimen name="x344">602.00dp</dimen>
    <dimen name="x345">603.75dp</dimen>
    <dimen name="x346">605.50dp</dimen>
    <dimen name="x347">607.25dp</dimen>
    <dimen name="x348">609.00dp</dimen>
    <dimen name="x349">610.75dp</dimen>
    <dimen name="x350">612.50dp</dimen>
    <dimen name="x351">614.25dp</dimen>
    <dimen name="x352">616.00dp</dimen>
    <dimen name="x353">617.75dp</dimen>
    <dimen name="x354">619.50dp</dimen>
    <dimen name="x355">621.25dp</dimen>
    <dimen name="x356">623.00dp</dimen>
    <dimen name="x357">624.75dp</dimen>
    <dimen name="x358">626.50dp</dimen>
    <dimen name="x359">628.25dp</dimen>
    <dimen name="x360">630.00dp</dimen>
    <dimen name="x361">631.75dp</dimen>
    <dimen name="x362">633.50dp</dimen>
    <dimen name="x363">635.25dp</dimen>
    <dimen name="x364">637.00dp</dimen>
    <dimen name="x365">638.75dp</dimen>
    <dimen name="x366">640.50dp</dimen>
    <dimen name="x367">642.25dp</dimen>
    <dimen name="x368">644.00dp</dimen>
    <dimen name="x369">645.75dp</dimen>
    <dimen name="x370">647.50dp</dimen>
    <dimen name="x371">649.25dp</dimen>
    <dimen name="x372">651.00dp</dimen>
    <dimen name="x373">652.75dp</dimen>
    <dimen name="x374">654.50dp</dimen>
    <dimen name="x375">656.25dp</dimen>
    <dimen name="x376">658.00dp</dimen>
    <dimen name="x377">659.75dp</dimen>
    <dimen name="x378">661.50dp</dimen>
    <dimen name="x379">663.25dp</dimen>
    <dimen name="x380">665.00dp</dimen>
    <dimen name="x381">666.75dp</dimen>
    <dimen name="x382">668.50dp</dimen>
    <dimen name="x383">670.25dp</dimen>
    <dimen name="x384">672.00dp</dimen>
    <dimen name="x385">673.75dp</dimen>
    <dimen name="x386">675.50dp</dimen>
    <dimen name="x387">677.25dp</dimen>
    <dimen name="x388">679.00dp</dimen>
    <dimen name="x389">680.75dp</dimen>
    <dimen name="x390">682.50dp</dimen>
    <dimen name="x391">684.25dp</dimen>
    <dimen name="x392">686.00dp</dimen>
    <dimen name="x393">687.75dp</dimen>
    <dimen name="x394">689.50dp</dimen>
    <dimen name="x395">691.25dp</dimen>
    <dimen name="x396">693.00dp</dimen>
    <dimen name="x397">694.75dp</dimen>
    <dimen name="x398">696.50dp</dimen>
    <dimen name="x399">698.25dp</dimen>
    <dimen name="x400">700.00dp</dimen>
    <dimen name="x401">701.75dp</dimen>
    <dimen name="x402">703.50dp</dimen>
    <dimen name="x403">705.25dp</dimen>
    <dimen name="x404">707.00dp</dimen>
    <dimen name="x405">708.75dp</dimen>
    <dimen name="x406">710.50dp</dimen>
    <dimen name="x407">712.25dp</dimen>
    <dimen name="x408">714.00dp</dimen>
    <dimen name="x409">715.75dp</dimen>
    <dimen name="x410">717.50dp</dimen>
    <dimen name="x411">719.25dp</dimen>
    <dimen name="x412">721.00dp</dimen>
    <dimen name="x413">722.75dp</dimen>
    <dimen name="x414">724.50dp</dimen>
    <dimen name="x415">726.25dp</dimen>
    <dimen name="x416">728.00dp</dimen>
    <dimen name="x417">729.75dp</dimen>
    <dimen name="x418">731.50dp</dimen>
    <dimen name="x419">733.25dp</dimen>
    <dimen name="x420">735.00dp</dimen>
    <dimen name="x421">736.75dp</dimen>
    <dimen name="x422">738.50dp</dimen>
    <dimen name="x423">740.25dp</dimen>
    <dimen name="x424">742.00dp</dimen>
    <dimen name="x425">743.75dp</dimen>
    <dimen name="x426">745.50dp</dimen>
    <dimen name="x427">747.25dp</dimen>
    <dimen name="x428">749.00dp</dimen>
    <dimen name="x429">750.75dp</dimen>
    <dimen name="x430">752.50dp</dimen>
    <dimen name="x431">754.25dp</dimen>
    <dimen name="x432">756.00dp</dimen>
    <dimen name="x433">757.75dp</dimen>
    <dimen name="x434">759.50dp</dimen>
    <dimen name="x435">761.25dp</dimen>
    <dimen name="x436">763.00dp</dimen>
    <dimen name="x437">764.75dp</dimen>
    <dimen name="x438">766.50dp</dimen>
    <dimen name="x439">768.25dp</dimen>
    <dimen name="x440">770.00dp</dimen>
    <dimen name="x441">771.75dp</dimen>
    <dimen name="x442">773.50dp</dimen>
    <dimen name="x443">775.25dp</dimen>
    <dimen name="x444">777.00dp</dimen>
    <dimen name="x445">778.75dp</dimen>
    <dimen name="x446">780.50dp</dimen>
    <dimen name="x447">782.25dp</dimen>
    <dimen name="x448">784.00dp</dimen>
    <dimen name="x449">785.75dp</dimen>
    <dimen name="x450">787.50dp</dimen>
    <dimen name="x451">789.25dp</dimen>
    <dimen name="x452">791.00dp</dimen>
    <dimen name="x453">792.75dp</dimen>
    <dimen name="x454">794.50dp</dimen>
    <dimen name="x455">796.25dp</dimen>
    <dimen name="x456">798.00dp</dimen>
    <dimen name="x457">799.75dp</dimen>
    <dimen name="x458">801.50dp</dimen>
    <dimen name="x459">803.25dp</dimen>
    <dimen name="x460">805.00dp</dimen>
    <dimen name="x461">806.75dp</dimen>
    <dimen name="x462">808.50dp</dimen>
    <dimen name="x463">810.25dp</dimen>
    <dimen name="x464">812.00dp</dimen>
    <dimen name="x465">813.75dp</dimen>
    <dimen name="x466">815.50dp</dimen>
    <dimen name="x467">817.25dp</dimen>
    <dimen name="x468">819.00dp</dimen>
    <dimen name="x469">820.75dp</dimen>
    <dimen name="x470">822.50dp</dimen>
    <dimen name="x471">824.25dp</dimen>
    <dimen name="x472">826.00dp</dimen>
    <dimen name="x473">827.75dp</dimen>
    <dimen name="x474">829.50dp</dimen>
    <dimen name="x475">831.25dp</dimen>
    <dimen name="x476">833.00dp</dimen>
    <dimen name="x477">834.75dp</dimen>
    <dimen name="x478">836.50dp</dimen>
    <dimen name="x479">838.25dp</dimen>
    <dimen name="x480">840.00dp</dimen>
    <dimen name="x481">841.75dp</dimen>
    <dimen name="x482">843.50dp</dimen>
    <dimen name="x483">845.25dp</dimen>
    <dimen name="x484">847.00dp</dimen>
    <dimen name="x485">848.75dp</dimen>
    <dimen name="x486">850.50dp</dimen>
    <dimen name="x487">852.25dp</dimen>
    <dimen name="x488">854.00dp</dimen>
    <dimen name="x489">855.75dp</dimen>
    <dimen name="x490">857.50dp</dimen>
    <dimen name="x491">859.25dp</dimen>
    <dimen name="x492">861.00dp</dimen>
    <dimen name="x493">862.75dp</dimen>
    <dimen name="x494">864.50dp</dimen>
    <dimen name="x495">866.25dp</dimen>
    <dimen name="x496">868.00dp</dimen>
    <dimen name="x497">869.75dp</dimen>
    <dimen name="x498">871.50dp</dimen>
    <dimen name="x499">873.25dp</dimen>
    <dimen name="x500">875.00dp</dimen>
    <dimen name="x501">876.75dp</dimen>
    <dimen name="x502">878.50dp</dimen>
    <dimen name="x503">880.25dp</dimen>
    <dimen name="x504">882.00dp</dimen>
    <dimen name="x505">883.75dp</dimen>
    <dimen name="x506">885.50dp</dimen>
    <dimen name="x507">887.25dp</dimen>
    <dimen name="x508">889.00dp</dimen>
    <dimen name="x509">890.75dp</dimen>
    <dimen name="x510">892.50dp</dimen>
    <dimen name="x511">894.25dp</dimen>
    <dimen name="x512">896.00dp</dimen>
    <dimen name="x513">897.75dp</dimen>
    <dimen name="x514">899.50dp</dimen>
    <dimen name="x515">901.25dp</dimen>
    <dimen name="x516">903.00dp</dimen>
    <dimen name="x517">904.75dp</dimen>
    <dimen name="x518">906.50dp</dimen>
    <dimen name="x519">908.25dp</dimen>
    <dimen name="x520">910.00dp</dimen>
    <dimen name="x521">911.75dp</dimen>
    <dimen name="x522">913.50dp</dimen>
    <dimen name="x523">915.25dp</dimen>
    <dimen name="x524">917.00dp</dimen>
    <dimen name="x525">918.75dp</dimen>
    <dimen name="x526">920.50dp</dimen>
    <dimen name="x527">922.25dp</dimen>
    <dimen name="x528">924.00dp</dimen>
    <dimen name="x529">925.75dp</dimen>
    <dimen name="x530">927.50dp</dimen>
    <dimen name="x531">929.25dp</dimen>
    <dimen name="x532">931.00dp</dimen>
    <dimen name="x533">932.75dp</dimen>
    <dimen name="x534">934.50dp</dimen>
    <dimen name="x535">936.25dp</dimen>
    <dimen name="x536">938.00dp</dimen>
    <dimen name="x537">939.75dp</dimen>
    <dimen name="x538">941.50dp</dimen>
    <dimen name="x539">943.25dp</dimen>
    <dimen name="x540">945.00dp</dimen>
    <dimen name="x541">946.75dp</dimen>
    <dimen name="x542">948.50dp</dimen>
    <dimen name="x543">950.25dp</dimen>
    <dimen name="x544">952.00dp</dimen>
    <dimen name="x545">953.75dp</dimen>
    <dimen name="x546">955.50dp</dimen>
    <dimen name="x547">957.25dp</dimen>
    <dimen name="x548">959.00dp</dimen>
    <dimen name="x549">960.75dp</dimen>
    <dimen name="x550">962.50dp</dimen>
    <dimen name="x551">964.25dp</dimen>
    <dimen name="x552">966.00dp</dimen>
    <dimen name="x553">967.75dp</dimen>
    <dimen name="x554">969.50dp</dimen>
    <dimen name="x555">971.25dp</dimen>
    <dimen name="x556">973.00dp</dimen>
    <dimen name="x557">974.75dp</dimen>
    <dimen name="x558">976.50dp</dimen>
    <dimen name="x559">978.25dp</dimen>
    <dimen name="x560">980.00dp</dimen>
    <dimen name="x561">981.75dp</dimen>
    <dimen name="x562">983.50dp</dimen>
    <dimen name="x563">985.25dp</dimen>
    <dimen name="x564">987.00dp</dimen>
    <dimen name="x565">988.75dp</dimen>
    <dimen name="x566">990.50dp</dimen>
    <dimen name="x567">992.25dp</dimen>
    <dimen name="x568">994.00dp</dimen>
    <dimen name="x569">995.75dp</dimen>
    <dimen name="x570">997.50dp</dimen>
    <dimen name="x571">999.25dp</dimen>
    <dimen name="x572">1001.00dp</dimen>
    <dimen name="x573">1002.75dp</dimen>
    <dimen name="x574">1004.50dp</dimen>
    <dimen name="x575">1006.25dp</dimen>
    <dimen name="x576">1008.00dp</dimen>
    <dimen name="x577">1009.75dp</dimen>
    <dimen name="x578">1011.50dp</dimen>
    <dimen name="x579">1013.25dp</dimen>
    <dimen name="x580">1015.00dp</dimen>
    <dimen name="x581">1016.75dp</dimen>
    <dimen name="x582">1018.50dp</dimen>
    <dimen name="x583">1020.25dp</dimen>
    <dimen name="x584">1022.00dp</dimen>
    <dimen name="x585">1023.75dp</dimen>
    <dimen name="x586">1025.50dp</dimen>
    <dimen name="x587">1027.25dp</dimen>
    <dimen name="x588">1029.00dp</dimen>
    <dimen name="x589">1030.75dp</dimen>
    <dimen name="x590">1032.50dp</dimen>
    <dimen name="x591">1034.25dp</dimen>
    <dimen name="x592">1036.00dp</dimen>
    <dimen name="x593">1037.75dp</dimen>
    <dimen name="x594">1039.50dp</dimen>
    <dimen name="x595">1041.25dp</dimen>
    <dimen name="x596">1043.00dp</dimen>
    <dimen name="x597">1044.75dp</dimen>
    <dimen name="x598">1046.50dp</dimen>
    <dimen name="x599">1048.25dp</dimen>
    <dimen name="x600">1050.00dp</dimen>
    <dimen name="x601">1051.75dp</dimen>
    <dimen name="x602">1053.50dp</dimen>
    <dimen name="x603">1055.25dp</dimen>
    <dimen name="x604">1057.00dp</dimen>
    <dimen name="x605">1058.75dp</dimen>
    <dimen name="x606">1060.50dp</dimen>
    <dimen name="x607">1062.25dp</dimen>
    <dimen name="x608">1064.00dp</dimen>
    <dimen name="x609">1065.75dp</dimen>
    <dimen name="x610">1067.50dp</dimen>
    <dimen name="x611">1069.25dp</dimen>
    <dimen name="x612">1071.00dp</dimen>
    <dimen name="x613">1072.75dp</dimen>
    <dimen name="x614">1074.50dp</dimen>
    <dimen name="x615">1076.25dp</dimen>
    <dimen name="x616">1078.00dp</dimen>
    <dimen name="x617">1079.75dp</dimen>
    <dimen name="x618">1081.50dp</dimen>
    <dimen name="x619">1083.25dp</dimen>
    <dimen name="x620">1085.00dp</dimen>
    <dimen name="x621">1086.75dp</dimen>
    <dimen name="x622">1088.50dp</dimen>
    <dimen name="x623">1090.25dp</dimen>
    <dimen name="x624">1092.00dp</dimen>
    <dimen name="x625">1093.75dp</dimen>
    <dimen name="x626">1095.50dp</dimen>
    <dimen name="x627">1097.25dp</dimen>
    <dimen name="x628">1099.00dp</dimen>
    <dimen name="x629">1100.75dp</dimen>
    <dimen name="x630">1102.50dp</dimen>
    <dimen name="x631">1104.25dp</dimen>
    <dimen name="x632">1106.00dp</dimen>
    <dimen name="x633">1107.75dp</dimen>
    <dimen name="x634">1109.50dp</dimen>
    <dimen name="x635">1111.25dp</dimen>
    <dimen name="x636">1113.00dp</dimen>
    <dimen name="x637">1114.75dp</dimen>
    <dimen name="x638">1116.50dp</dimen>
    <dimen name="x639">1118.25dp</dimen>
    <dimen name="x640">1120.00dp</dimen>
    <dimen name="x641">1121.75dp</dimen>
    <dimen name="x642">1123.50dp</dimen>
    <dimen name="x643">1125.25dp</dimen>
    <dimen name="x644">1127.00dp</dimen>
    <dimen name="x645">1128.75dp</dimen>
    <dimen name="x646">1130.50dp</dimen>
    <dimen name="x647">1132.25dp</dimen>
    <dimen name="x648">1134.00dp</dimen>
    <dimen name="x649">1135.75dp</dimen>
    <dimen name="x650">1137.50dp</dimen>
    <dimen name="x651">1139.25dp</dimen>
    <dimen name="x652">1141.00dp</dimen>
    <dimen name="x653">1142.75dp</dimen>
    <dimen name="x654">1144.50dp</dimen>
    <dimen name="x655">1146.25dp</dimen>
    <dimen name="x656">1148.00dp</dimen>
    <dimen name="x657">1149.75dp</dimen>
    <dimen name="x658">1151.50dp</dimen>
    <dimen name="x659">1153.25dp</dimen>
    <dimen name="x660">1155.00dp</dimen>
    <dimen name="x661">1156.75dp</dimen>
    <dimen name="x662">1158.50dp</dimen>
    <dimen name="x663">1160.25dp</dimen>
    <dimen name="x664">1162.00dp</dimen>
    <dimen name="x665">1163.75dp</dimen>
    <dimen name="x666">1165.50dp</dimen>
    <dimen name="x667">1167.25dp</dimen>
    <dimen name="x668">1169.00dp</dimen>
    <dimen name="x669">1170.75dp</dimen>
    <dimen name="x670">1172.50dp</dimen>
    <dimen name="x671">1174.25dp</dimen>
    <dimen name="x672">1176.00dp</dimen>
    <dimen name="x673">1177.75dp</dimen>
    <dimen name="x674">1179.50dp</dimen>
    <dimen name="x675">1181.25dp</dimen>
    <dimen name="x676">1183.00dp</dimen>
    <dimen name="x677">1184.75dp</dimen>
    <dimen name="x678">1186.50dp</dimen>
    <dimen name="x679">1188.25dp</dimen>
    <dimen name="x680">1190.00dp</dimen>
    <dimen name="x681">1191.75dp</dimen>
    <dimen name="x682">1193.50dp</dimen>
    <dimen name="x683">1195.25dp</dimen>
    <dimen name="x684">1197.00dp</dimen>
    <dimen name="x685">1198.75dp</dimen>
    <dimen name="x686">1200.50dp</dimen>
    <dimen name="x687">1202.25dp</dimen>
    <dimen name="x688">1204.00dp</dimen>
    <dimen name="x689">1205.75dp</dimen>
    <dimen name="x690">1207.50dp</dimen>
    <dimen name="x691">1209.25dp</dimen>
    <dimen name="x692">1211.00dp</dimen>
    <dimen name="x693">1212.75dp</dimen>
    <dimen name="x694">1214.50dp</dimen>
    <dimen name="x695">1216.25dp</dimen>
    <dimen name="x696">1218.00dp</dimen>
    <dimen name="x697">1219.75dp</dimen>
    <dimen name="x698">1221.50dp</dimen>
    <dimen name="x699">1223.25dp</dimen>
    <dimen name="x700">1225.00dp</dimen>
    <dimen name="x701">1226.75dp</dimen>
    <dimen name="x702">1228.50dp</dimen>
    <dimen name="x703">1230.25dp</dimen>
    <dimen name="x704">1232.00dp</dimen>
    <dimen name="x705">1233.75dp</dimen>
    <dimen name="x706">1235.50dp</dimen>
    <dimen name="x707">1237.25dp</dimen>
    <dimen name="x708">1239.00dp</dimen>
    <dimen name="x709">1240.75dp</dimen>
    <dimen name="x710">1242.50dp</dimen>
    <dimen name="x711">1244.25dp</dimen>
    <dimen name="x712">1246.00dp</dimen>
    <dimen name="x713">1247.75dp</dimen>
    <dimen name="x714">1249.50dp</dimen>
    <dimen name="x715">1251.25dp</dimen>
    <dimen name="x716">1253.00dp</dimen>
    <dimen name="x717">1254.75dp</dimen>
    <dimen name="x718">1256.50dp</dimen>
    <dimen name="x719">1258.25dp</dimen>
    <dimen name="x720">1260.00dp</dimen>
    <dimen name="x721">1261.75dp</dimen>
    <dimen name="x722">1263.50dp</dimen>
    <dimen name="x723">1265.25dp</dimen>
    <dimen name="x724">1267.00dp</dimen>
    <dimen name="x725">1268.75dp</dimen>
    <dimen name="x726">1270.50dp</dimen>
    <dimen name="x727">1272.25dp</dimen>
    <dimen name="x728">1274.00dp</dimen>
    <dimen name="x729">1275.75dp</dimen>
    <dimen name="x730">1277.50dp</dimen>
    <dimen name="x731">1279.25dp</dimen>
    <dimen name="x732">1281.00dp</dimen>
    <dimen name="x733">1282.75dp</dimen>
    <dimen name="x734">1284.50dp</dimen>
    <dimen name="x735">1286.25dp</dimen>
    <dimen name="x736">1288.00dp</dimen>
    <dimen name="x737">1289.75dp</dimen>
    <dimen name="x738">1291.50dp</dimen>
    <dimen name="x739">1293.25dp</dimen>
    <dimen name="x740">1295.00dp</dimen>
    <dimen name="x741">1296.75dp</dimen>
    <dimen name="x742">1298.50dp</dimen>
    <dimen name="x743">1300.25dp</dimen>
    <dimen name="x744">1302.00dp</dimen>
    <dimen name="x745">1303.75dp</dimen>
    <dimen name="x746">1305.50dp</dimen>
    <dimen name="x747">1307.25dp</dimen>
    <dimen name="x748">1309.00dp</dimen>
    <dimen name="x749">1310.75dp</dimen>
    <dimen name="x750">1312.50dp</dimen>
    <dimen name="x751">1314.25dp</dimen>
    <dimen name="x752">1316.00dp</dimen>
    <dimen name="x753">1317.75dp</dimen>
    <dimen name="x754">1319.50dp</dimen>
    <dimen name="x755">1321.25dp</dimen>
    <dimen name="x756">1323.00dp</dimen>
    <dimen name="x757">1324.75dp</dimen>
    <dimen name="x758">1326.50dp</dimen>
    <dimen name="x759">1328.25dp</dimen>
    <dimen name="x760">1330.00dp</dimen>
    <dimen name="x761">1331.75dp</dimen>
    <dimen name="x762">1333.50dp</dimen>
    <dimen name="x763">1335.25dp</dimen>
    <dimen name="x764">1337.00dp</dimen>
    <dimen name="x765">1338.75dp</dimen>
    <dimen name="x766">1340.50dp</dimen>
    <dimen name="x767">1342.25dp</dimen>
    <dimen name="x768">1344.00dp</dimen>
    <dimen name="x769">1345.75dp</dimen>
    <dimen name="x770">1347.50dp</dimen>
    <dimen name="x771">1349.25dp</dimen>
    <dimen name="x772">1351.00dp</dimen>
    <dimen name="x773">1352.75dp</dimen>
    <dimen name="x774">1354.50dp</dimen>
    <dimen name="x775">1356.25dp</dimen>
    <dimen name="x776">1358.00dp</dimen>
    <dimen name="x777">1359.75dp</dimen>
    <dimen name="x778">1361.50dp</dimen>
    <dimen name="x779">1363.25dp</dimen>
    <dimen name="x780">1365.00dp</dimen>
    <dimen name="x781">1366.75dp</dimen>
    <dimen name="x782">1368.50dp</dimen>
    <dimen name="x783">1370.25dp</dimen>
    <dimen name="x784">1372.00dp</dimen>
    <dimen name="x785">1373.75dp</dimen>
    <dimen name="x786">1375.50dp</dimen>
    <dimen name="x787">1377.25dp</dimen>
    <dimen name="x788">1379.00dp</dimen>
    <dimen name="x789">1380.75dp</dimen>
    <dimen name="x790">1382.50dp</dimen>
    <dimen name="x791">1384.25dp</dimen>
    <dimen name="x792">1386.00dp</dimen>
    <dimen name="x793">1387.75dp</dimen>
    <dimen name="x794">1389.50dp</dimen>
    <dimen name="x795">1391.25dp</dimen>
    <dimen name="x796">1393.00dp</dimen>
    <dimen name="x797">1394.75dp</dimen>
    <dimen name="x798">1396.50dp</dimen>
    <dimen name="x799">1398.25dp</dimen>
    <dimen name="x800">1400.00dp</dimen>
    <dimen name="x801">1401.75dp</dimen>
    <dimen name="x802">1403.50dp</dimen>
    <dimen name="x803">1405.25dp</dimen>
    <dimen name="x804">1407.00dp</dimen>
    <dimen name="x805">1408.75dp</dimen>
    <dimen name="x806">1410.50dp</dimen>
    <dimen name="x807">1412.25dp</dimen>
    <dimen name="x808">1414.00dp</dimen>
    <dimen name="x809">1415.75dp</dimen>
    <dimen name="x810">1417.50dp</dimen>
    <dimen name="x811">1419.25dp</dimen>
    <dimen name="x812">1421.00dp</dimen>
    <dimen name="x813">1422.75dp</dimen>
    <dimen name="x814">1424.50dp</dimen>
    <dimen name="x815">1426.25dp</dimen>
    <dimen name="x816">1428.00dp</dimen>
    <dimen name="x817">1429.75dp</dimen>
    <dimen name="x818">1431.50dp</dimen>
    <dimen name="x819">1433.25dp</dimen>
    <dimen name="x820">1435.00dp</dimen>
    <dimen name="x821">1436.75dp</dimen>
    <dimen name="x822">1438.50dp</dimen>
    <dimen name="x823">1440.25dp</dimen>
    <dimen name="x824">1442.00dp</dimen>
    <dimen name="x825">1443.75dp</dimen>
    <dimen name="x826">1445.50dp</dimen>
    <dimen name="x827">1447.25dp</dimen>
    <dimen name="x828">1449.00dp</dimen>
    <dimen name="x829">1450.75dp</dimen>
    <dimen name="x830">1452.50dp</dimen>
    <dimen name="x831">1454.25dp</dimen>
    <dimen name="x832">1456.00dp</dimen>
    <dimen name="x833">1457.75dp</dimen>
    <dimen name="x834">1459.50dp</dimen>
    <dimen name="x835">1461.25dp</dimen>
    <dimen name="x836">1463.00dp</dimen>
    <dimen name="x837">1464.75dp</dimen>
    <dimen name="x838">1466.50dp</dimen>
    <dimen name="x839">1468.25dp</dimen>
    <dimen name="x840">1470.00dp</dimen>
    <dimen name="x841">1471.75dp</dimen>
    <dimen name="x842">1473.50dp</dimen>
    <dimen name="x843">1475.25dp</dimen>
    <dimen name="x844">1477.00dp</dimen>
    <dimen name="x845">1478.75dp</dimen>
    <dimen name="x846">1480.50dp</dimen>
    <dimen name="x847">1482.25dp</dimen>
    <dimen name="x848">1484.00dp</dimen>
    <dimen name="x849">1485.75dp</dimen>
    <dimen name="x850">1487.50dp</dimen>
    <dimen name="x851">1489.25dp</dimen>
    <dimen name="x852">1491.00dp</dimen>
    <dimen name="x853">1492.75dp</dimen>
    <dimen name="x854">1494.50dp</dimen>
    <dimen name="x855">1496.25dp</dimen>
    <dimen name="x856">1498.00dp</dimen>
    <dimen name="x857">1499.75dp</dimen>
    <dimen name="x858">1501.50dp</dimen>
    <dimen name="x859">1503.25dp</dimen>
    <dimen name="x860">1505.00dp</dimen>
    <dimen name="x861">1506.75dp</dimen>
    <dimen name="x862">1508.50dp</dimen>
    <dimen name="x863">1510.25dp</dimen>
    <dimen name="x864">1512.00dp</dimen>
    <dimen name="x865">1513.75dp</dimen>
    <dimen name="x866">1515.50dp</dimen>
    <dimen name="x867">1517.25dp</dimen>
    <dimen name="x868">1519.00dp</dimen>
    <dimen name="x869">1520.75dp</dimen>
    <dimen name="x870">1522.50dp</dimen>
    <dimen name="x871">1524.25dp</dimen>
    <dimen name="x872">1526.00dp</dimen>
    <dimen name="x873">1527.75dp</dimen>
    <dimen name="x874">1529.50dp</dimen>
    <dimen name="x875">1531.25dp</dimen>
    <dimen name="x876">1533.00dp</dimen>
    <dimen name="x877">1534.75dp</dimen>
    <dimen name="x878">1536.50dp</dimen>
    <dimen name="x879">1538.25dp</dimen>
    <dimen name="x880">1540.00dp</dimen>
    <dimen name="x881">1541.75dp</dimen>
    <dimen name="x882">1543.50dp</dimen>
    <dimen name="x883">1545.25dp</dimen>
    <dimen name="x884">1547.00dp</dimen>
    <dimen name="x885">1548.75dp</dimen>
    <dimen name="x886">1550.50dp</dimen>
    <dimen name="x887">1552.25dp</dimen>
    <dimen name="x888">1554.00dp</dimen>
    <dimen name="x889">1555.75dp</dimen>
    <dimen name="x890">1557.50dp</dimen>
    <dimen name="x891">1559.25dp</dimen>
    <dimen name="x892">1561.00dp</dimen>
    <dimen name="x893">1562.75dp</dimen>
    <dimen name="x894">1564.50dp</dimen>
    <dimen name="x895">1566.25dp</dimen>
    <dimen name="x896">1568.00dp</dimen>
    <dimen name="x897">1569.75dp</dimen>
    <dimen name="x898">1571.50dp</dimen>
    <dimen name="x899">1573.25dp</dimen>
    <dimen name="x900">1575.00dp</dimen>
    <dimen name="x901">1576.75dp</dimen>
    <dimen name="x902">1578.50dp</dimen>
    <dimen name="x903">1580.25dp</dimen>
    <dimen name="x904">1582.00dp</dimen>
    <dimen name="x905">1583.75dp</dimen>
    <dimen name="x906">1585.50dp</dimen>
    <dimen name="x907">1587.25dp</dimen>
    <dimen name="x908">1589.00dp</dimen>
    <dimen name="x909">1590.75dp</dimen>
    <dimen name="x910">1592.50dp</dimen>
    <dimen name="x911">1594.25dp</dimen>
    <dimen name="x912">1596.00dp</dimen>
    <dimen name="x913">1597.75dp</dimen>
    <dimen name="x914">1599.50dp</dimen>
    <dimen name="x915">1601.25dp</dimen>
    <dimen name="x916">1603.00dp</dimen>
    <dimen name="x917">1604.75dp</dimen>
    <dimen name="x918">1606.50dp</dimen>
    <dimen name="x919">1608.25dp</dimen>
    <dimen name="x920">1610.00dp</dimen>
    <dimen name="x921">1611.75dp</dimen>
    <dimen name="x922">1613.50dp</dimen>
    <dimen name="x923">1615.25dp</dimen>
    <dimen name="x924">1617.00dp</dimen>
    <dimen name="x925">1618.75dp</dimen>
    <dimen name="x926">1620.50dp</dimen>
    <dimen name="x927">1622.25dp</dimen>
    <dimen name="x928">1624.00dp</dimen>
    <dimen name="x929">1625.75dp</dimen>
    <dimen name="x930">1627.50dp</dimen>
    <dimen name="x931">1629.25dp</dimen>
    <dimen name="x932">1631.00dp</dimen>
    <dimen name="x933">1632.75dp</dimen>
    <dimen name="x934">1634.50dp</dimen>
    <dimen name="x935">1636.25dp</dimen>
    <dimen name="x936">1638.00dp</dimen>
    <dimen name="x937">1639.75dp</dimen>
    <dimen name="x938">1641.50dp</dimen>
    <dimen name="x939">1643.25dp</dimen>
    <dimen name="x940">1645.00dp</dimen>
    <dimen name="x941">1646.75dp</dimen>
    <dimen name="x942">1648.50dp</dimen>
    <dimen name="x943">1650.25dp</dimen>
    <dimen name="x944">1652.00dp</dimen>
    <dimen name="x945">1653.75dp</dimen>
    <dimen name="x946">1655.50dp</dimen>
    <dimen name="x947">1657.25dp</dimen>
    <dimen name="x948">1659.00dp</dimen>
    <dimen name="x949">1660.75dp</dimen>
    <dimen name="x950">1662.50dp</dimen>
    <dimen name="x951">1664.25dp</dimen>
    <dimen name="x952">1666.00dp</dimen>
    <dimen name="x953">1667.75dp</dimen>
    <dimen name="x954">1669.50dp</dimen>
    <dimen name="x955">1671.25dp</dimen>
    <dimen name="x956">1673.00dp</dimen>
    <dimen name="x957">1674.75dp</dimen>
    <dimen name="x958">1676.50dp</dimen>
    <dimen name="x959">1678.25dp</dimen>
    <dimen name="x960">1680.00dp</dimen>
    <dimen name="x961">1681.75dp</dimen>
    <dimen name="x962">1683.50dp</dimen>
    <dimen name="x963">1685.25dp</dimen>
    <dimen name="x964">1687.00dp</dimen>
    <dimen name="x965">1688.75dp</dimen>
    <dimen name="x966">1690.50dp</dimen>
    <dimen name="x967">1692.25dp</dimen>
    <dimen name="x968">1694.00dp</dimen>
    <dimen name="x969">1695.75dp</dimen>
    <dimen name="x970">1697.50dp</dimen>
    <dimen name="x971">1699.25dp</dimen>
    <dimen name="x972">1701.00dp</dimen>
    <dimen name="x973">1702.75dp</dimen>
    <dimen name="x974">1704.50dp</dimen>
    <dimen name="x975">1706.25dp</dimen>
    <dimen name="x976">1708.00dp</dimen>
    <dimen name="x977">1709.75dp</dimen>
    <dimen name="x978">1711.50dp</dimen>
    <dimen name="x979">1713.25dp</dimen>
    <dimen name="x980">1715.00dp</dimen>
    <dimen name="x981">1716.75dp</dimen>
    <dimen name="x982">1718.50dp</dimen>
    <dimen name="x983">1720.25dp</dimen>
    <dimen name="x984">1722.00dp</dimen>
    <dimen name="x985">1723.75dp</dimen>
    <dimen name="x986">1725.50dp</dimen>
    <dimen name="x987">1727.25dp</dimen>
    <dimen name="x988">1729.00dp</dimen>
    <dimen name="x989">1730.75dp</dimen>
    <dimen name="x990">1732.50dp</dimen>
    <dimen name="x991">1734.25dp</dimen>
    <dimen name="x992">1736.00dp</dimen>
    <dimen name="x993">1737.75dp</dimen>
    <dimen name="x994">1739.50dp</dimen>
    <dimen name="x995">1741.25dp</dimen>
    <dimen name="x996">1743.00dp</dimen>
    <dimen name="x997">1744.75dp</dimen>
    <dimen name="x998">1746.50dp</dimen>
    <dimen name="x999">1748.25dp</dimen>
    <dimen name="x1000">1750.00dp</dimen>
    <dimen name="x1001">1751.75dp</dimen>
    <dimen name="x1002">1753.50dp</dimen>
    <dimen name="x1003">1755.25dp</dimen>
    <dimen name="x1004">1757.00dp</dimen>
    <dimen name="x1005">1758.75dp</dimen>
    <dimen name="x1006">1760.50dp</dimen>
    <dimen name="x1007">1762.25dp</dimen>
    <dimen name="x1008">1764.00dp</dimen>
    <dimen name="x1009">1765.75dp</dimen>
    <dimen name="x1010">1767.50dp</dimen>
    <dimen name="x1011">1769.25dp</dimen>
    <dimen name="x1012">1771.00dp</dimen>
    <dimen name="x1013">1772.75dp</dimen>
    <dimen name="x1014">1774.50dp</dimen>
    <dimen name="x1015">1776.25dp</dimen>
    <dimen name="x1016">1778.00dp</dimen>
    <dimen name="x1017">1779.75dp</dimen>
    <dimen name="x1018">1781.50dp</dimen>
    <dimen name="x1019">1783.25dp</dimen>
    <dimen name="x1020">1785.00dp</dimen>
    <dimen name="x1021">1786.75dp</dimen>
    <dimen name="x1022">1788.50dp</dimen>
    <dimen name="x1023">1790.25dp</dimen>
    <dimen name="x1024">1792.00dp</dimen>
    <dimen name="x1025">1793.75dp</dimen>
    <dimen name="x1026">1795.50dp</dimen>
    <dimen name="x1027">1797.25dp</dimen>
    <dimen name="x1028">1799.00dp</dimen>
    <dimen name="x1029">1800.75dp</dimen>
    <dimen name="x1030">1802.50dp</dimen>
    <dimen name="x1031">1804.25dp</dimen>
    <dimen name="x1032">1806.00dp</dimen>
    <dimen name="x1033">1807.75dp</dimen>
    <dimen name="x1034">1809.50dp</dimen>
    <dimen name="x1035">1811.25dp</dimen>
    <dimen name="x1036">1813.00dp</dimen>
    <dimen name="x1037">1814.75dp</dimen>
    <dimen name="x1038">1816.50dp</dimen>
    <dimen name="x1039">1818.25dp</dimen>
    <dimen name="x1040">1820.00dp</dimen>
    <dimen name="x1041">1821.75dp</dimen>
    <dimen name="x1042">1823.50dp</dimen>
    <dimen name="x1043">1825.25dp</dimen>
    <dimen name="x1044">1827.00dp</dimen>
    <dimen name="x1045">1828.75dp</dimen>
    <dimen name="x1046">1830.50dp</dimen>
    <dimen name="x1047">1832.25dp</dimen>
    <dimen name="x1048">1834.00dp</dimen>
    <dimen name="x1049">1835.75dp</dimen>
    <dimen name="x1050">1837.50dp</dimen>
    <dimen name="x1051">1839.25dp</dimen>
    <dimen name="x1052">1841.00dp</dimen>
    <dimen name="x1053">1842.75dp</dimen>
    <dimen name="x1054">1844.50dp</dimen>
    <dimen name="x1055">1846.25dp</dimen>
    <dimen name="x1056">1848.00dp</dimen>
    <dimen name="x1057">1849.75dp</dimen>
    <dimen name="x1058">1851.50dp</dimen>
    <dimen name="x1059">1853.25dp</dimen>
    <dimen name="x1060">1855.00dp</dimen>
    <dimen name="x1061">1856.75dp</dimen>
    <dimen name="x1062">1858.50dp</dimen>
    <dimen name="x1063">1860.25dp</dimen>
    <dimen name="x1064">1862.00dp</dimen>
    <dimen name="x1065">1863.75dp</dimen>
    <dimen name="x1066">1865.50dp</dimen>
    <dimen name="x1067">1867.25dp</dimen>
    <dimen name="x1068">1869.00dp</dimen>
    <dimen name="x1069">1870.75dp</dimen>
    <dimen name="x1070">1872.50dp</dimen>
    <dimen name="x1071">1874.25dp</dimen>
    <dimen name="x1072">1876.00dp</dimen>
    <dimen name="x1073">1877.75dp</dimen>
    <dimen name="x1074">1879.50dp</dimen>
    <dimen name="x1075">1881.25dp</dimen>
    <dimen name="x1076">1883.00dp</dimen>
    <dimen name="x1077">1884.75dp</dimen>
    <dimen name="x1078">1886.50dp</dimen>
    <dimen name="x1079">1888.25dp</dimen>
    <dimen name="x1080">1890.00dp</dimen>
</resources>