<?xml version="1.0" encoding="utf-8"?>
<resources>
    <string name="sw_dp">1690dp</string>
    <dimen name="x1">1.56dp</dimen>
    <dimen name="x2">3.13dp</dimen>
    <dimen name="x3">4.69dp</dimen>
    <dimen name="x4">6.26dp</dimen>
    <dimen name="x5">7.82dp</dimen>
    <dimen name="x6">9.39dp</dimen>
    <dimen name="x7">10.95dp</dimen>
    <dimen name="x8">12.52dp</dimen>
    <dimen name="x9">14.08dp</dimen>
    <dimen name="x10">15.65dp</dimen>
    <dimen name="x11">17.21dp</dimen>
    <dimen name="x12">18.78dp</dimen>
    <dimen name="x13">20.34dp</dimen>
    <dimen name="x14">21.91dp</dimen>
    <dimen name="x15">23.47dp</dimen>
    <dimen name="x16">25.04dp</dimen>
    <dimen name="x17">26.60dp</dimen>
    <dimen name="x18">28.17dp</dimen>
    <dimen name="x19">29.73dp</dimen>
    <dimen name="x20">31.30dp</dimen>
    <dimen name="x21">32.86dp</dimen>
    <dimen name="x22">34.43dp</dimen>
    <dimen name="x23">35.99dp</dimen>
    <dimen name="x24">37.56dp</dimen>
    <dimen name="x25">39.12dp</dimen>
    <dimen name="x26">40.69dp</dimen>
    <dimen name="x27">42.25dp</dimen>
    <dimen name="x28">43.81dp</dimen>
    <dimen name="x29">45.38dp</dimen>
    <dimen name="x30">46.94dp</dimen>
    <dimen name="x31">48.51dp</dimen>
    <dimen name="x32">50.07dp</dimen>
    <dimen name="x33">51.64dp</dimen>
    <dimen name="x34">53.20dp</dimen>
    <dimen name="x35">54.77dp</dimen>
    <dimen name="x36">56.33dp</dimen>
    <dimen name="x37">57.90dp</dimen>
    <dimen name="x38">59.46dp</dimen>
    <dimen name="x39">61.03dp</dimen>
    <dimen name="x40">62.59dp</dimen>
    <dimen name="x41">64.16dp</dimen>
    <dimen name="x42">65.72dp</dimen>
    <dimen name="x43">67.29dp</dimen>
    <dimen name="x44">68.85dp</dimen>
    <dimen name="x45">70.42dp</dimen>
    <dimen name="x46">71.98dp</dimen>
    <dimen name="x47">73.55dp</dimen>
    <dimen name="x48">75.11dp</dimen>
    <dimen name="x49">76.68dp</dimen>
    <dimen name="x50">78.24dp</dimen>
    <dimen name="x51">79.81dp</dimen>
    <dimen name="x52">81.37dp</dimen>
    <dimen name="x53">82.94dp</dimen>
    <dimen name="x54">84.50dp</dimen>
    <dimen name="x55">86.06dp</dimen>
    <dimen name="x56">87.63dp</dimen>
    <dimen name="x57">89.19dp</dimen>
    <dimen name="x58">90.76dp</dimen>
    <dimen name="x59">92.32dp</dimen>
    <dimen name="x60">93.89dp</dimen>
    <dimen name="x61">95.45dp</dimen>
    <dimen name="x62">97.02dp</dimen>
    <dimen name="x63">98.58dp</dimen>
    <dimen name="x64">100.15dp</dimen>
    <dimen name="x65">101.71dp</dimen>
    <dimen name="x66">103.28dp</dimen>
    <dimen name="x67">104.84dp</dimen>
    <dimen name="x68">106.41dp</dimen>
    <dimen name="x69">107.97dp</dimen>
    <dimen name="x70">109.54dp</dimen>
    <dimen name="x71">111.10dp</dimen>
    <dimen name="x72">112.67dp</dimen>
    <dimen name="x73">114.23dp</dimen>
    <dimen name="x74">115.80dp</dimen>
    <dimen name="x75">117.36dp</dimen>
    <dimen name="x76">118.93dp</dimen>
    <dimen name="x77">120.49dp</dimen>
    <dimen name="x78">122.06dp</dimen>
    <dimen name="x79">123.62dp</dimen>
    <dimen name="x80">125.19dp</dimen>
    <dimen name="x81">126.75dp</dimen>
    <dimen name="x82">128.31dp</dimen>
    <dimen name="x83">129.88dp</dimen>
    <dimen name="x84">131.44dp</dimen>
    <dimen name="x85">133.01dp</dimen>
    <dimen name="x86">134.57dp</dimen>
    <dimen name="x87">136.14dp</dimen>
    <dimen name="x88">137.70dp</dimen>
    <dimen name="x89">139.27dp</dimen>
    <dimen name="x90">140.83dp</dimen>
    <dimen name="x91">142.40dp</dimen>
    <dimen name="x92">143.96dp</dimen>
    <dimen name="x93">145.53dp</dimen>
    <dimen name="x94">147.09dp</dimen>
    <dimen name="x95">148.66dp</dimen>
    <dimen name="x96">150.22dp</dimen>
    <dimen name="x97">151.79dp</dimen>
    <dimen name="x98">153.35dp</dimen>
    <dimen name="x99">154.92dp</dimen>
    <dimen name="x100">156.48dp</dimen>
    <dimen name="x101">158.05dp</dimen>
    <dimen name="x102">159.61dp</dimen>
    <dimen name="x103">161.18dp</dimen>
    <dimen name="x104">162.74dp</dimen>
    <dimen name="x105">164.31dp</dimen>
    <dimen name="x106">165.87dp</dimen>
    <dimen name="x107">167.44dp</dimen>
    <dimen name="x108">169.00dp</dimen>
    <dimen name="x109">170.56dp</dimen>
    <dimen name="x110">172.13dp</dimen>
    <dimen name="x111">173.69dp</dimen>
    <dimen name="x112">175.26dp</dimen>
    <dimen name="x113">176.82dp</dimen>
    <dimen name="x114">178.39dp</dimen>
    <dimen name="x115">179.95dp</dimen>
    <dimen name="x116">181.52dp</dimen>
    <dimen name="x117">183.08dp</dimen>
    <dimen name="x118">184.65dp</dimen>
    <dimen name="x119">186.21dp</dimen>
    <dimen name="x120">187.78dp</dimen>
    <dimen name="x121">189.34dp</dimen>
    <dimen name="x122">190.91dp</dimen>
    <dimen name="x123">192.47dp</dimen>
    <dimen name="x124">194.04dp</dimen>
    <dimen name="x125">195.60dp</dimen>
    <dimen name="x126">197.17dp</dimen>
    <dimen name="x127">198.73dp</dimen>
    <dimen name="x128">200.30dp</dimen>
    <dimen name="x129">201.86dp</dimen>
    <dimen name="x130">203.43dp</dimen>
    <dimen name="x131">204.99dp</dimen>
    <dimen name="x132">206.56dp</dimen>
    <dimen name="x133">208.12dp</dimen>
    <dimen name="x134">209.69dp</dimen>
    <dimen name="x135">211.25dp</dimen>
    <dimen name="x136">212.81dp</dimen>
    <dimen name="x137">214.38dp</dimen>
    <dimen name="x138">215.94dp</dimen>
    <dimen name="x139">217.51dp</dimen>
    <dimen name="x140">219.07dp</dimen>
    <dimen name="x141">220.64dp</dimen>
    <dimen name="x142">222.20dp</dimen>
    <dimen name="x143">223.77dp</dimen>
    <dimen name="x144">225.33dp</dimen>
    <dimen name="x145">226.90dp</dimen>
    <dimen name="x146">228.46dp</dimen>
    <dimen name="x147">230.03dp</dimen>
    <dimen name="x148">231.59dp</dimen>
    <dimen name="x149">233.16dp</dimen>
    <dimen name="x150">234.72dp</dimen>
    <dimen name="x151">236.29dp</dimen>
    <dimen name="x152">237.85dp</dimen>
    <dimen name="x153">239.42dp</dimen>
    <dimen name="x154">240.98dp</dimen>
    <dimen name="x155">242.55dp</dimen>
    <dimen name="x156">244.11dp</dimen>
    <dimen name="x157">245.68dp</dimen>
    <dimen name="x158">247.24dp</dimen>
    <dimen name="x159">248.81dp</dimen>
    <dimen name="x160">250.37dp</dimen>
    <dimen name="x161">251.94dp</dimen>
    <dimen name="x162">253.50dp</dimen>
    <dimen name="x163">255.06dp</dimen>
    <dimen name="x164">256.63dp</dimen>
    <dimen name="x165">258.19dp</dimen>
    <dimen name="x166">259.76dp</dimen>
    <dimen name="x167">261.32dp</dimen>
    <dimen name="x168">262.89dp</dimen>
    <dimen name="x169">264.45dp</dimen>
    <dimen name="x170">266.02dp</dimen>
    <dimen name="x171">267.58dp</dimen>
    <dimen name="x172">269.15dp</dimen>
    <dimen name="x173">270.71dp</dimen>
    <dimen name="x174">272.28dp</dimen>
    <dimen name="x175">273.84dp</dimen>
    <dimen name="x176">275.41dp</dimen>
    <dimen name="x177">276.97dp</dimen>
    <dimen name="x178">278.54dp</dimen>
    <dimen name="x179">280.10dp</dimen>
    <dimen name="x180">281.67dp</dimen>
    <dimen name="x181">283.23dp</dimen>
    <dimen name="x182">284.80dp</dimen>
    <dimen name="x183">286.36dp</dimen>
    <dimen name="x184">287.93dp</dimen>
    <dimen name="x185">289.49dp</dimen>
    <dimen name="x186">291.06dp</dimen>
    <dimen name="x187">292.62dp</dimen>
    <dimen name="x188">294.19dp</dimen>
    <dimen name="x189">295.75dp</dimen>
    <dimen name="x190">297.31dp</dimen>
    <dimen name="x191">298.88dp</dimen>
    <dimen name="x192">300.44dp</dimen>
    <dimen name="x193">302.01dp</dimen>
    <dimen name="x194">303.57dp</dimen>
    <dimen name="x195">305.14dp</dimen>
    <dimen name="x196">306.70dp</dimen>
    <dimen name="x197">308.27dp</dimen>
    <dimen name="x198">309.83dp</dimen>
    <dimen name="x199">311.40dp</dimen>
    <dimen name="x200">312.96dp</dimen>
    <dimen name="x201">314.53dp</dimen>
    <dimen name="x202">316.09dp</dimen>
    <dimen name="x203">317.66dp</dimen>
    <dimen name="x204">319.22dp</dimen>
    <dimen name="x205">320.79dp</dimen>
    <dimen name="x206">322.35dp</dimen>
    <dimen name="x207">323.92dp</dimen>
    <dimen name="x208">325.48dp</dimen>
    <dimen name="x209">327.05dp</dimen>
    <dimen name="x210">328.61dp</dimen>
    <dimen name="x211">330.18dp</dimen>
    <dimen name="x212">331.74dp</dimen>
    <dimen name="x213">333.31dp</dimen>
    <dimen name="x214">334.87dp</dimen>
    <dimen name="x215">336.44dp</dimen>
    <dimen name="x216">338.00dp</dimen>
    <dimen name="x217">339.56dp</dimen>
    <dimen name="x218">341.13dp</dimen>
    <dimen name="x219">342.69dp</dimen>
    <dimen name="x220">344.26dp</dimen>
    <dimen name="x221">345.82dp</dimen>
    <dimen name="x222">347.39dp</dimen>
    <dimen name="x223">348.95dp</dimen>
    <dimen name="x224">350.52dp</dimen>
    <dimen name="x225">352.08dp</dimen>
    <dimen name="x226">353.65dp</dimen>
    <dimen name="x227">355.21dp</dimen>
    <dimen name="x228">356.78dp</dimen>
    <dimen name="x229">358.34dp</dimen>
    <dimen name="x230">359.91dp</dimen>
    <dimen name="x231">361.47dp</dimen>
    <dimen name="x232">363.04dp</dimen>
    <dimen name="x233">364.60dp</dimen>
    <dimen name="x234">366.17dp</dimen>
    <dimen name="x235">367.73dp</dimen>
    <dimen name="x236">369.30dp</dimen>
    <dimen name="x237">370.86dp</dimen>
    <dimen name="x238">372.43dp</dimen>
    <dimen name="x239">373.99dp</dimen>
    <dimen name="x240">375.56dp</dimen>
    <dimen name="x241">377.12dp</dimen>
    <dimen name="x242">378.69dp</dimen>
    <dimen name="x243">380.25dp</dimen>
    <dimen name="x244">381.81dp</dimen>
    <dimen name="x245">383.38dp</dimen>
    <dimen name="x246">384.94dp</dimen>
    <dimen name="x247">386.51dp</dimen>
    <dimen name="x248">388.07dp</dimen>
    <dimen name="x249">389.64dp</dimen>
    <dimen name="x250">391.20dp</dimen>
    <dimen name="x251">392.77dp</dimen>
    <dimen name="x252">394.33dp</dimen>
    <dimen name="x253">395.90dp</dimen>
    <dimen name="x254">397.46dp</dimen>
    <dimen name="x255">399.03dp</dimen>
    <dimen name="x256">400.59dp</dimen>
    <dimen name="x257">402.16dp</dimen>
    <dimen name="x258">403.72dp</dimen>
    <dimen name="x259">405.29dp</dimen>
    <dimen name="x260">406.85dp</dimen>
    <dimen name="x261">408.42dp</dimen>
    <dimen name="x262">409.98dp</dimen>
    <dimen name="x263">411.55dp</dimen>
    <dimen name="x264">413.11dp</dimen>
    <dimen name="x265">414.68dp</dimen>
    <dimen name="x266">416.24dp</dimen>
    <dimen name="x267">417.81dp</dimen>
    <dimen name="x268">419.37dp</dimen>
    <dimen name="x269">420.94dp</dimen>
    <dimen name="x270">422.50dp</dimen>
    <dimen name="x271">424.06dp</dimen>
    <dimen name="x272">425.63dp</dimen>
    <dimen name="x273">427.19dp</dimen>
    <dimen name="x274">428.76dp</dimen>
    <dimen name="x275">430.32dp</dimen>
    <dimen name="x276">431.89dp</dimen>
    <dimen name="x277">433.45dp</dimen>
    <dimen name="x278">435.02dp</dimen>
    <dimen name="x279">436.58dp</dimen>
    <dimen name="x280">438.15dp</dimen>
    <dimen name="x281">439.71dp</dimen>
    <dimen name="x282">441.28dp</dimen>
    <dimen name="x283">442.84dp</dimen>
    <dimen name="x284">444.41dp</dimen>
    <dimen name="x285">445.97dp</dimen>
    <dimen name="x286">447.54dp</dimen>
    <dimen name="x287">449.10dp</dimen>
    <dimen name="x288">450.67dp</dimen>
    <dimen name="x289">452.23dp</dimen>
    <dimen name="x290">453.80dp</dimen>
    <dimen name="x291">455.36dp</dimen>
    <dimen name="x292">456.93dp</dimen>
    <dimen name="x293">458.49dp</dimen>
    <dimen name="x294">460.06dp</dimen>
    <dimen name="x295">461.62dp</dimen>
    <dimen name="x296">463.19dp</dimen>
    <dimen name="x297">464.75dp</dimen>
    <dimen name="x298">466.31dp</dimen>
    <dimen name="x299">467.88dp</dimen>
    <dimen name="x300">469.44dp</dimen>
    <dimen name="x301">471.01dp</dimen>
    <dimen name="x302">472.57dp</dimen>
    <dimen name="x303">474.14dp</dimen>
    <dimen name="x304">475.70dp</dimen>
    <dimen name="x305">477.27dp</dimen>
    <dimen name="x306">478.83dp</dimen>
    <dimen name="x307">480.40dp</dimen>
    <dimen name="x308">481.96dp</dimen>
    <dimen name="x309">483.53dp</dimen>
    <dimen name="x310">485.09dp</dimen>
    <dimen name="x311">486.66dp</dimen>
    <dimen name="x312">488.22dp</dimen>
    <dimen name="x313">489.79dp</dimen>
    <dimen name="x314">491.35dp</dimen>
    <dimen name="x315">492.92dp</dimen>
    <dimen name="x316">494.48dp</dimen>
    <dimen name="x317">496.05dp</dimen>
    <dimen name="x318">497.61dp</dimen>
    <dimen name="x319">499.18dp</dimen>
    <dimen name="x320">500.74dp</dimen>
    <dimen name="x321">502.31dp</dimen>
    <dimen name="x322">503.87dp</dimen>
    <dimen name="x323">505.44dp</dimen>
    <dimen name="x324">507.00dp</dimen>
    <dimen name="x325">508.56dp</dimen>
    <dimen name="x326">510.13dp</dimen>
    <dimen name="x327">511.69dp</dimen>
    <dimen name="x328">513.26dp</dimen>
    <dimen name="x329">514.82dp</dimen>
    <dimen name="x330">516.39dp</dimen>
    <dimen name="x331">517.95dp</dimen>
    <dimen name="x332">519.52dp</dimen>
    <dimen name="x333">521.08dp</dimen>
    <dimen name="x334">522.65dp</dimen>
    <dimen name="x335">524.21dp</dimen>
    <dimen name="x336">525.78dp</dimen>
    <dimen name="x337">527.34dp</dimen>
    <dimen name="x338">528.91dp</dimen>
    <dimen name="x339">530.47dp</dimen>
    <dimen name="x340">532.04dp</dimen>
    <dimen name="x341">533.60dp</dimen>
    <dimen name="x342">535.17dp</dimen>
    <dimen name="x343">536.73dp</dimen>
    <dimen name="x344">538.30dp</dimen>
    <dimen name="x345">539.86dp</dimen>
    <dimen name="x346">541.43dp</dimen>
    <dimen name="x347">542.99dp</dimen>
    <dimen name="x348">544.56dp</dimen>
    <dimen name="x349">546.12dp</dimen>
    <dimen name="x350">547.69dp</dimen>
    <dimen name="x351">549.25dp</dimen>
    <dimen name="x352">550.81dp</dimen>
    <dimen name="x353">552.38dp</dimen>
    <dimen name="x354">553.94dp</dimen>
    <dimen name="x355">555.51dp</dimen>
    <dimen name="x356">557.07dp</dimen>
    <dimen name="x357">558.64dp</dimen>
    <dimen name="x358">560.20dp</dimen>
    <dimen name="x359">561.77dp</dimen>
    <dimen name="x360">563.33dp</dimen>
    <dimen name="x361">564.90dp</dimen>
    <dimen name="x362">566.46dp</dimen>
    <dimen name="x363">568.03dp</dimen>
    <dimen name="x364">569.59dp</dimen>
    <dimen name="x365">571.16dp</dimen>
    <dimen name="x366">572.72dp</dimen>
    <dimen name="x367">574.29dp</dimen>
    <dimen name="x368">575.85dp</dimen>
    <dimen name="x369">577.42dp</dimen>
    <dimen name="x370">578.98dp</dimen>
    <dimen name="x371">580.55dp</dimen>
    <dimen name="x372">582.11dp</dimen>
    <dimen name="x373">583.68dp</dimen>
    <dimen name="x374">585.24dp</dimen>
    <dimen name="x375">586.81dp</dimen>
    <dimen name="x376">588.37dp</dimen>
    <dimen name="x377">589.94dp</dimen>
    <dimen name="x378">591.50dp</dimen>
    <dimen name="x379">593.06dp</dimen>
    <dimen name="x380">594.63dp</dimen>
    <dimen name="x381">596.19dp</dimen>
    <dimen name="x382">597.76dp</dimen>
    <dimen name="x383">599.32dp</dimen>
    <dimen name="x384">600.89dp</dimen>
    <dimen name="x385">602.45dp</dimen>
    <dimen name="x386">604.02dp</dimen>
    <dimen name="x387">605.58dp</dimen>
    <dimen name="x388">607.15dp</dimen>
    <dimen name="x389">608.71dp</dimen>
    <dimen name="x390">610.28dp</dimen>
    <dimen name="x391">611.84dp</dimen>
    <dimen name="x392">613.41dp</dimen>
    <dimen name="x393">614.97dp</dimen>
    <dimen name="x394">616.54dp</dimen>
    <dimen name="x395">618.10dp</dimen>
    <dimen name="x396">619.67dp</dimen>
    <dimen name="x397">621.23dp</dimen>
    <dimen name="x398">622.80dp</dimen>
    <dimen name="x399">624.36dp</dimen>
    <dimen name="x400">625.93dp</dimen>
    <dimen name="x401">627.49dp</dimen>
    <dimen name="x402">629.06dp</dimen>
    <dimen name="x403">630.62dp</dimen>
    <dimen name="x404">632.19dp</dimen>
    <dimen name="x405">633.75dp</dimen>
    <dimen name="x406">635.31dp</dimen>
    <dimen name="x407">636.88dp</dimen>
    <dimen name="x408">638.44dp</dimen>
    <dimen name="x409">640.01dp</dimen>
    <dimen name="x410">641.57dp</dimen>
    <dimen name="x411">643.14dp</dimen>
    <dimen name="x412">644.70dp</dimen>
    <dimen name="x413">646.27dp</dimen>
    <dimen name="x414">647.83dp</dimen>
    <dimen name="x415">649.40dp</dimen>
    <dimen name="x416">650.96dp</dimen>
    <dimen name="x417">652.53dp</dimen>
    <dimen name="x418">654.09dp</dimen>
    <dimen name="x419">655.66dp</dimen>
    <dimen name="x420">657.22dp</dimen>
    <dimen name="x421">658.79dp</dimen>
    <dimen name="x422">660.35dp</dimen>
    <dimen name="x423">661.92dp</dimen>
    <dimen name="x424">663.48dp</dimen>
    <dimen name="x425">665.05dp</dimen>
    <dimen name="x426">666.61dp</dimen>
    <dimen name="x427">668.18dp</dimen>
    <dimen name="x428">669.74dp</dimen>
    <dimen name="x429">671.31dp</dimen>
    <dimen name="x430">672.87dp</dimen>
    <dimen name="x431">674.44dp</dimen>
    <dimen name="x432">676.00dp</dimen>
    <dimen name="x433">677.56dp</dimen>
    <dimen name="x434">679.13dp</dimen>
    <dimen name="x435">680.69dp</dimen>
    <dimen name="x436">682.26dp</dimen>
    <dimen name="x437">683.82dp</dimen>
    <dimen name="x438">685.39dp</dimen>
    <dimen name="x439">686.95dp</dimen>
    <dimen name="x440">688.52dp</dimen>
    <dimen name="x441">690.08dp</dimen>
    <dimen name="x442">691.65dp</dimen>
    <dimen name="x443">693.21dp</dimen>
    <dimen name="x444">694.78dp</dimen>
    <dimen name="x445">696.34dp</dimen>
    <dimen name="x446">697.91dp</dimen>
    <dimen name="x447">699.47dp</dimen>
    <dimen name="x448">701.04dp</dimen>
    <dimen name="x449">702.60dp</dimen>
    <dimen name="x450">704.17dp</dimen>
    <dimen name="x451">705.73dp</dimen>
    <dimen name="x452">707.30dp</dimen>
    <dimen name="x453">708.86dp</dimen>
    <dimen name="x454">710.43dp</dimen>
    <dimen name="x455">711.99dp</dimen>
    <dimen name="x456">713.56dp</dimen>
    <dimen name="x457">715.12dp</dimen>
    <dimen name="x458">716.69dp</dimen>
    <dimen name="x459">718.25dp</dimen>
    <dimen name="x460">719.81dp</dimen>
    <dimen name="x461">721.38dp</dimen>
    <dimen name="x462">722.94dp</dimen>
    <dimen name="x463">724.51dp</dimen>
    <dimen name="x464">726.07dp</dimen>
    <dimen name="x465">727.64dp</dimen>
    <dimen name="x466">729.20dp</dimen>
    <dimen name="x467">730.77dp</dimen>
    <dimen name="x468">732.33dp</dimen>
    <dimen name="x469">733.90dp</dimen>
    <dimen name="x470">735.46dp</dimen>
    <dimen name="x471">737.03dp</dimen>
    <dimen name="x472">738.59dp</dimen>
    <dimen name="x473">740.16dp</dimen>
    <dimen name="x474">741.72dp</dimen>
    <dimen name="x475">743.29dp</dimen>
    <dimen name="x476">744.85dp</dimen>
    <dimen name="x477">746.42dp</dimen>
    <dimen name="x478">747.98dp</dimen>
    <dimen name="x479">749.55dp</dimen>
    <dimen name="x480">751.11dp</dimen>
    <dimen name="x481">752.68dp</dimen>
    <dimen name="x482">754.24dp</dimen>
    <dimen name="x483">755.81dp</dimen>
    <dimen name="x484">757.37dp</dimen>
    <dimen name="x485">758.94dp</dimen>
    <dimen name="x486">760.50dp</dimen>
    <dimen name="x487">762.06dp</dimen>
    <dimen name="x488">763.63dp</dimen>
    <dimen name="x489">765.19dp</dimen>
    <dimen name="x490">766.76dp</dimen>
    <dimen name="x491">768.32dp</dimen>
    <dimen name="x492">769.89dp</dimen>
    <dimen name="x493">771.45dp</dimen>
    <dimen name="x494">773.02dp</dimen>
    <dimen name="x495">774.58dp</dimen>
    <dimen name="x496">776.15dp</dimen>
    <dimen name="x497">777.71dp</dimen>
    <dimen name="x498">779.28dp</dimen>
    <dimen name="x499">780.84dp</dimen>
    <dimen name="x500">782.41dp</dimen>
    <dimen name="x501">783.97dp</dimen>
    <dimen name="x502">785.54dp</dimen>
    <dimen name="x503">787.10dp</dimen>
    <dimen name="x504">788.67dp</dimen>
    <dimen name="x505">790.23dp</dimen>
    <dimen name="x506">791.80dp</dimen>
    <dimen name="x507">793.36dp</dimen>
    <dimen name="x508">794.93dp</dimen>
    <dimen name="x509">796.49dp</dimen>
    <dimen name="x510">798.06dp</dimen>
    <dimen name="x511">799.62dp</dimen>
    <dimen name="x512">801.19dp</dimen>
    <dimen name="x513">802.75dp</dimen>
    <dimen name="x514">804.31dp</dimen>
    <dimen name="x515">805.88dp</dimen>
    <dimen name="x516">807.44dp</dimen>
    <dimen name="x517">809.01dp</dimen>
    <dimen name="x518">810.57dp</dimen>
    <dimen name="x519">812.14dp</dimen>
    <dimen name="x520">813.70dp</dimen>
    <dimen name="x521">815.27dp</dimen>
    <dimen name="x522">816.83dp</dimen>
    <dimen name="x523">818.40dp</dimen>
    <dimen name="x524">819.96dp</dimen>
    <dimen name="x525">821.53dp</dimen>
    <dimen name="x526">823.09dp</dimen>
    <dimen name="x527">824.66dp</dimen>
    <dimen name="x528">826.22dp</dimen>
    <dimen name="x529">827.79dp</dimen>
    <dimen name="x530">829.35dp</dimen>
    <dimen name="x531">830.92dp</dimen>
    <dimen name="x532">832.48dp</dimen>
    <dimen name="x533">834.05dp</dimen>
    <dimen name="x534">835.61dp</dimen>
    <dimen name="x535">837.18dp</dimen>
    <dimen name="x536">838.74dp</dimen>
    <dimen name="x537">840.31dp</dimen>
    <dimen name="x538">841.87dp</dimen>
    <dimen name="x539">843.44dp</dimen>
    <dimen name="x540">845.00dp</dimen>
    <dimen name="x541">846.56dp</dimen>
    <dimen name="x542">848.13dp</dimen>
    <dimen name="x543">849.69dp</dimen>
    <dimen name="x544">851.26dp</dimen>
    <dimen name="x545">852.82dp</dimen>
    <dimen name="x546">854.39dp</dimen>
    <dimen name="x547">855.95dp</dimen>
    <dimen name="x548">857.52dp</dimen>
    <dimen name="x549">859.08dp</dimen>
    <dimen name="x550">860.65dp</dimen>
    <dimen name="x551">862.21dp</dimen>
    <dimen name="x552">863.78dp</dimen>
    <dimen name="x553">865.34dp</dimen>
    <dimen name="x554">866.91dp</dimen>
    <dimen name="x555">868.47dp</dimen>
    <dimen name="x556">870.04dp</dimen>
    <dimen name="x557">871.60dp</dimen>
    <dimen name="x558">873.17dp</dimen>
    <dimen name="x559">874.73dp</dimen>
    <dimen name="x560">876.30dp</dimen>
    <dimen name="x561">877.86dp</dimen>
    <dimen name="x562">879.43dp</dimen>
    <dimen name="x563">880.99dp</dimen>
    <dimen name="x564">882.56dp</dimen>
    <dimen name="x565">884.12dp</dimen>
    <dimen name="x566">885.69dp</dimen>
    <dimen name="x567">887.25dp</dimen>
    <dimen name="x568">888.81dp</dimen>
    <dimen name="x569">890.38dp</dimen>
    <dimen name="x570">891.94dp</dimen>
    <dimen name="x571">893.51dp</dimen>
    <dimen name="x572">895.07dp</dimen>
    <dimen name="x573">896.64dp</dimen>
    <dimen name="x574">898.20dp</dimen>
    <dimen name="x575">899.77dp</dimen>
    <dimen name="x576">901.33dp</dimen>
    <dimen name="x577">902.90dp</dimen>
    <dimen name="x578">904.46dp</dimen>
    <dimen name="x579">906.03dp</dimen>
    <dimen name="x580">907.59dp</dimen>
    <dimen name="x581">909.16dp</dimen>
    <dimen name="x582">910.72dp</dimen>
    <dimen name="x583">912.29dp</dimen>
    <dimen name="x584">913.85dp</dimen>
    <dimen name="x585">915.42dp</dimen>
    <dimen name="x586">916.98dp</dimen>
    <dimen name="x587">918.55dp</dimen>
    <dimen name="x588">920.11dp</dimen>
    <dimen name="x589">921.68dp</dimen>
    <dimen name="x590">923.24dp</dimen>
    <dimen name="x591">924.81dp</dimen>
    <dimen name="x592">926.37dp</dimen>
    <dimen name="x593">927.94dp</dimen>
    <dimen name="x594">929.50dp</dimen>
    <dimen name="x595">931.06dp</dimen>
    <dimen name="x596">932.63dp</dimen>
    <dimen name="x597">934.19dp</dimen>
    <dimen name="x598">935.76dp</dimen>
    <dimen name="x599">937.32dp</dimen>
    <dimen name="x600">938.89dp</dimen>
    <dimen name="x601">940.45dp</dimen>
    <dimen name="x602">942.02dp</dimen>
    <dimen name="x603">943.58dp</dimen>
    <dimen name="x604">945.15dp</dimen>
    <dimen name="x605">946.71dp</dimen>
    <dimen name="x606">948.28dp</dimen>
    <dimen name="x607">949.84dp</dimen>
    <dimen name="x608">951.41dp</dimen>
    <dimen name="x609">952.97dp</dimen>
    <dimen name="x610">954.54dp</dimen>
    <dimen name="x611">956.10dp</dimen>
    <dimen name="x612">957.67dp</dimen>
    <dimen name="x613">959.23dp</dimen>
    <dimen name="x614">960.80dp</dimen>
    <dimen name="x615">962.36dp</dimen>
    <dimen name="x616">963.93dp</dimen>
    <dimen name="x617">965.49dp</dimen>
    <dimen name="x618">967.06dp</dimen>
    <dimen name="x619">968.62dp</dimen>
    <dimen name="x620">970.19dp</dimen>
    <dimen name="x621">971.75dp</dimen>
    <dimen name="x622">973.31dp</dimen>
    <dimen name="x623">974.88dp</dimen>
    <dimen name="x624">976.44dp</dimen>
    <dimen name="x625">978.01dp</dimen>
    <dimen name="x626">979.57dp</dimen>
    <dimen name="x627">981.14dp</dimen>
    <dimen name="x628">982.70dp</dimen>
    <dimen name="x629">984.27dp</dimen>
    <dimen name="x630">985.83dp</dimen>
    <dimen name="x631">987.40dp</dimen>
    <dimen name="x632">988.96dp</dimen>
    <dimen name="x633">990.53dp</dimen>
    <dimen name="x634">992.09dp</dimen>
    <dimen name="x635">993.66dp</dimen>
    <dimen name="x636">995.22dp</dimen>
    <dimen name="x637">996.79dp</dimen>
    <dimen name="x638">998.35dp</dimen>
    <dimen name="x639">999.92dp</dimen>
    <dimen name="x640">1001.48dp</dimen>
    <dimen name="x641">1003.05dp</dimen>
    <dimen name="x642">1004.61dp</dimen>
    <dimen name="x643">1006.18dp</dimen>
    <dimen name="x644">1007.74dp</dimen>
    <dimen name="x645">1009.31dp</dimen>
    <dimen name="x646">1010.87dp</dimen>
    <dimen name="x647">1012.44dp</dimen>
    <dimen name="x648">1014.00dp</dimen>
    <dimen name="x649">1015.56dp</dimen>
    <dimen name="x650">1017.13dp</dimen>
    <dimen name="x651">1018.69dp</dimen>
    <dimen name="x652">1020.26dp</dimen>
    <dimen name="x653">1021.82dp</dimen>
    <dimen name="x654">1023.39dp</dimen>
    <dimen name="x655">1024.95dp</dimen>
    <dimen name="x656">1026.52dp</dimen>
    <dimen name="x657">1028.08dp</dimen>
    <dimen name="x658">1029.65dp</dimen>
    <dimen name="x659">1031.21dp</dimen>
    <dimen name="x660">1032.78dp</dimen>
    <dimen name="x661">1034.34dp</dimen>
    <dimen name="x662">1035.91dp</dimen>
    <dimen name="x663">1037.47dp</dimen>
    <dimen name="x664">1039.04dp</dimen>
    <dimen name="x665">1040.60dp</dimen>
    <dimen name="x666">1042.17dp</dimen>
    <dimen name="x667">1043.73dp</dimen>
    <dimen name="x668">1045.30dp</dimen>
    <dimen name="x669">1046.86dp</dimen>
    <dimen name="x670">1048.43dp</dimen>
    <dimen name="x671">1049.99dp</dimen>
    <dimen name="x672">1051.56dp</dimen>
    <dimen name="x673">1053.12dp</dimen>
    <dimen name="x674">1054.69dp</dimen>
    <dimen name="x675">1056.25dp</dimen>
    <dimen name="x676">1057.81dp</dimen>
    <dimen name="x677">1059.38dp</dimen>
    <dimen name="x678">1060.94dp</dimen>
    <dimen name="x679">1062.51dp</dimen>
    <dimen name="x680">1064.07dp</dimen>
    <dimen name="x681">1065.64dp</dimen>
    <dimen name="x682">1067.20dp</dimen>
    <dimen name="x683">1068.77dp</dimen>
    <dimen name="x684">1070.33dp</dimen>
    <dimen name="x685">1071.90dp</dimen>
    <dimen name="x686">1073.46dp</dimen>
    <dimen name="x687">1075.03dp</dimen>
    <dimen name="x688">1076.59dp</dimen>
    <dimen name="x689">1078.16dp</dimen>
    <dimen name="x690">1079.72dp</dimen>
    <dimen name="x691">1081.29dp</dimen>
    <dimen name="x692">1082.85dp</dimen>
    <dimen name="x693">1084.42dp</dimen>
    <dimen name="x694">1085.98dp</dimen>
    <dimen name="x695">1087.55dp</dimen>
    <dimen name="x696">1089.11dp</dimen>
    <dimen name="x697">1090.68dp</dimen>
    <dimen name="x698">1092.24dp</dimen>
    <dimen name="x699">1093.81dp</dimen>
    <dimen name="x700">1095.37dp</dimen>
    <dimen name="x701">1096.94dp</dimen>
    <dimen name="x702">1098.50dp</dimen>
    <dimen name="x703">1100.06dp</dimen>
    <dimen name="x704">1101.63dp</dimen>
    <dimen name="x705">1103.19dp</dimen>
    <dimen name="x706">1104.76dp</dimen>
    <dimen name="x707">1106.32dp</dimen>
    <dimen name="x708">1107.89dp</dimen>
    <dimen name="x709">1109.45dp</dimen>
    <dimen name="x710">1111.02dp</dimen>
    <dimen name="x711">1112.58dp</dimen>
    <dimen name="x712">1114.15dp</dimen>
    <dimen name="x713">1115.71dp</dimen>
    <dimen name="x714">1117.28dp</dimen>
    <dimen name="x715">1118.84dp</dimen>
    <dimen name="x716">1120.41dp</dimen>
    <dimen name="x717">1121.97dp</dimen>
    <dimen name="x718">1123.54dp</dimen>
    <dimen name="x719">1125.10dp</dimen>
    <dimen name="x720">1126.67dp</dimen>
    <dimen name="x721">1128.23dp</dimen>
    <dimen name="x722">1129.80dp</dimen>
    <dimen name="x723">1131.36dp</dimen>
    <dimen name="x724">1132.93dp</dimen>
    <dimen name="x725">1134.49dp</dimen>
    <dimen name="x726">1136.06dp</dimen>
    <dimen name="x727">1137.62dp</dimen>
    <dimen name="x728">1139.19dp</dimen>
    <dimen name="x729">1140.75dp</dimen>
    <dimen name="x730">1142.31dp</dimen>
    <dimen name="x731">1143.88dp</dimen>
    <dimen name="x732">1145.44dp</dimen>
    <dimen name="x733">1147.01dp</dimen>
    <dimen name="x734">1148.57dp</dimen>
    <dimen name="x735">1150.14dp</dimen>
    <dimen name="x736">1151.70dp</dimen>
    <dimen name="x737">1153.27dp</dimen>
    <dimen name="x738">1154.83dp</dimen>
    <dimen name="x739">1156.40dp</dimen>
    <dimen name="x740">1157.96dp</dimen>
    <dimen name="x741">1159.53dp</dimen>
    <dimen name="x742">1161.09dp</dimen>
    <dimen name="x743">1162.66dp</dimen>
    <dimen name="x744">1164.22dp</dimen>
    <dimen name="x745">1165.79dp</dimen>
    <dimen name="x746">1167.35dp</dimen>
    <dimen name="x747">1168.92dp</dimen>
    <dimen name="x748">1170.48dp</dimen>
    <dimen name="x749">1172.05dp</dimen>
    <dimen name="x750">1173.61dp</dimen>
    <dimen name="x751">1175.18dp</dimen>
    <dimen name="x752">1176.74dp</dimen>
    <dimen name="x753">1178.31dp</dimen>
    <dimen name="x754">1179.87dp</dimen>
    <dimen name="x755">1181.44dp</dimen>
    <dimen name="x756">1183.00dp</dimen>
    <dimen name="x757">1184.56dp</dimen>
    <dimen name="x758">1186.13dp</dimen>
    <dimen name="x759">1187.69dp</dimen>
    <dimen name="x760">1189.26dp</dimen>
    <dimen name="x761">1190.82dp</dimen>
    <dimen name="x762">1192.39dp</dimen>
    <dimen name="x763">1193.95dp</dimen>
    <dimen name="x764">1195.52dp</dimen>
    <dimen name="x765">1197.08dp</dimen>
    <dimen name="x766">1198.65dp</dimen>
    <dimen name="x767">1200.21dp</dimen>
    <dimen name="x768">1201.78dp</dimen>
    <dimen name="x769">1203.34dp</dimen>
    <dimen name="x770">1204.91dp</dimen>
    <dimen name="x771">1206.47dp</dimen>
    <dimen name="x772">1208.04dp</dimen>
    <dimen name="x773">1209.60dp</dimen>
    <dimen name="x774">1211.17dp</dimen>
    <dimen name="x775">1212.73dp</dimen>
    <dimen name="x776">1214.30dp</dimen>
    <dimen name="x777">1215.86dp</dimen>
    <dimen name="x778">1217.43dp</dimen>
    <dimen name="x779">1218.99dp</dimen>
    <dimen name="x780">1220.56dp</dimen>
    <dimen name="x781">1222.12dp</dimen>
    <dimen name="x782">1223.69dp</dimen>
    <dimen name="x783">1225.25dp</dimen>
    <dimen name="x784">1226.81dp</dimen>
    <dimen name="x785">1228.38dp</dimen>
    <dimen name="x786">1229.94dp</dimen>
    <dimen name="x787">1231.51dp</dimen>
    <dimen name="x788">1233.07dp</dimen>
    <dimen name="x789">1234.64dp</dimen>
    <dimen name="x790">1236.20dp</dimen>
    <dimen name="x791">1237.77dp</dimen>
    <dimen name="x792">1239.33dp</dimen>
    <dimen name="x793">1240.90dp</dimen>
    <dimen name="x794">1242.46dp</dimen>
    <dimen name="x795">1244.03dp</dimen>
    <dimen name="x796">1245.59dp</dimen>
    <dimen name="x797">1247.16dp</dimen>
    <dimen name="x798">1248.72dp</dimen>
    <dimen name="x799">1250.29dp</dimen>
    <dimen name="x800">1251.85dp</dimen>
    <dimen name="x801">1253.42dp</dimen>
    <dimen name="x802">1254.98dp</dimen>
    <dimen name="x803">1256.55dp</dimen>
    <dimen name="x804">1258.11dp</dimen>
    <dimen name="x805">1259.68dp</dimen>
    <dimen name="x806">1261.24dp</dimen>
    <dimen name="x807">1262.81dp</dimen>
    <dimen name="x808">1264.37dp</dimen>
    <dimen name="x809">1265.94dp</dimen>
    <dimen name="x810">1267.50dp</dimen>
    <dimen name="x811">1269.06dp</dimen>
    <dimen name="x812">1270.63dp</dimen>
    <dimen name="x813">1272.19dp</dimen>
    <dimen name="x814">1273.76dp</dimen>
    <dimen name="x815">1275.32dp</dimen>
    <dimen name="x816">1276.89dp</dimen>
    <dimen name="x817">1278.45dp</dimen>
    <dimen name="x818">1280.02dp</dimen>
    <dimen name="x819">1281.58dp</dimen>
    <dimen name="x820">1283.15dp</dimen>
    <dimen name="x821">1284.71dp</dimen>
    <dimen name="x822">1286.28dp</dimen>
    <dimen name="x823">1287.84dp</dimen>
    <dimen name="x824">1289.41dp</dimen>
    <dimen name="x825">1290.97dp</dimen>
    <dimen name="x826">1292.54dp</dimen>
    <dimen name="x827">1294.10dp</dimen>
    <dimen name="x828">1295.67dp</dimen>
    <dimen name="x829">1297.23dp</dimen>
    <dimen name="x830">1298.80dp</dimen>
    <dimen name="x831">1300.36dp</dimen>
    <dimen name="x832">1301.93dp</dimen>
    <dimen name="x833">1303.49dp</dimen>
    <dimen name="x834">1305.06dp</dimen>
    <dimen name="x835">1306.62dp</dimen>
    <dimen name="x836">1308.19dp</dimen>
    <dimen name="x837">1309.75dp</dimen>
    <dimen name="x838">1311.31dp</dimen>
    <dimen name="x839">1312.88dp</dimen>
    <dimen name="x840">1314.44dp</dimen>
    <dimen name="x841">1316.01dp</dimen>
    <dimen name="x842">1317.57dp</dimen>
    <dimen name="x843">1319.14dp</dimen>
    <dimen name="x844">1320.70dp</dimen>
    <dimen name="x845">1322.27dp</dimen>
    <dimen name="x846">1323.83dp</dimen>
    <dimen name="x847">1325.40dp</dimen>
    <dimen name="x848">1326.96dp</dimen>
    <dimen name="x849">1328.53dp</dimen>
    <dimen name="x850">1330.09dp</dimen>
    <dimen name="x851">1331.66dp</dimen>
    <dimen name="x852">1333.22dp</dimen>
    <dimen name="x853">1334.79dp</dimen>
    <dimen name="x854">1336.35dp</dimen>
    <dimen name="x855">1337.92dp</dimen>
    <dimen name="x856">1339.48dp</dimen>
    <dimen name="x857">1341.05dp</dimen>
    <dimen name="x858">1342.61dp</dimen>
    <dimen name="x859">1344.18dp</dimen>
    <dimen name="x860">1345.74dp</dimen>
    <dimen name="x861">1347.31dp</dimen>
    <dimen name="x862">1348.87dp</dimen>
    <dimen name="x863">1350.44dp</dimen>
    <dimen name="x864">1352.00dp</dimen>
    <dimen name="x865">1353.56dp</dimen>
    <dimen name="x866">1355.13dp</dimen>
    <dimen name="x867">1356.69dp</dimen>
    <dimen name="x868">1358.26dp</dimen>
    <dimen name="x869">1359.82dp</dimen>
    <dimen name="x870">1361.39dp</dimen>
    <dimen name="x871">1362.95dp</dimen>
    <dimen name="x872">1364.52dp</dimen>
    <dimen name="x873">1366.08dp</dimen>
    <dimen name="x874">1367.65dp</dimen>
    <dimen name="x875">1369.21dp</dimen>
    <dimen name="x876">1370.78dp</dimen>
    <dimen name="x877">1372.34dp</dimen>
    <dimen name="x878">1373.91dp</dimen>
    <dimen name="x879">1375.47dp</dimen>
    <dimen name="x880">1377.04dp</dimen>
    <dimen name="x881">1378.60dp</dimen>
    <dimen name="x882">1380.17dp</dimen>
    <dimen name="x883">1381.73dp</dimen>
    <dimen name="x884">1383.30dp</dimen>
    <dimen name="x885">1384.86dp</dimen>
    <dimen name="x886">1386.43dp</dimen>
    <dimen name="x887">1387.99dp</dimen>
    <dimen name="x888">1389.56dp</dimen>
    <dimen name="x889">1391.12dp</dimen>
    <dimen name="x890">1392.69dp</dimen>
    <dimen name="x891">1394.25dp</dimen>
    <dimen name="x892">1395.81dp</dimen>
    <dimen name="x893">1397.38dp</dimen>
    <dimen name="x894">1398.94dp</dimen>
    <dimen name="x895">1400.51dp</dimen>
    <dimen name="x896">1402.07dp</dimen>
    <dimen name="x897">1403.64dp</dimen>
    <dimen name="x898">1405.20dp</dimen>
    <dimen name="x899">1406.77dp</dimen>
    <dimen name="x900">1408.33dp</dimen>
    <dimen name="x901">1409.90dp</dimen>
    <dimen name="x902">1411.46dp</dimen>
    <dimen name="x903">1413.03dp</dimen>
    <dimen name="x904">1414.59dp</dimen>
    <dimen name="x905">1416.16dp</dimen>
    <dimen name="x906">1417.72dp</dimen>
    <dimen name="x907">1419.29dp</dimen>
    <dimen name="x908">1420.85dp</dimen>
    <dimen name="x909">1422.42dp</dimen>
    <dimen name="x910">1423.98dp</dimen>
    <dimen name="x911">1425.55dp</dimen>
    <dimen name="x912">1427.11dp</dimen>
    <dimen name="x913">1428.68dp</dimen>
    <dimen name="x914">1430.24dp</dimen>
    <dimen name="x915">1431.81dp</dimen>
    <dimen name="x916">1433.37dp</dimen>
    <dimen name="x917">1434.94dp</dimen>
    <dimen name="x918">1436.50dp</dimen>
    <dimen name="x919">1438.06dp</dimen>
    <dimen name="x920">1439.63dp</dimen>
    <dimen name="x921">1441.19dp</dimen>
    <dimen name="x922">1442.76dp</dimen>
    <dimen name="x923">1444.32dp</dimen>
    <dimen name="x924">1445.89dp</dimen>
    <dimen name="x925">1447.45dp</dimen>
    <dimen name="x926">1449.02dp</dimen>
    <dimen name="x927">1450.58dp</dimen>
    <dimen name="x928">1452.15dp</dimen>
    <dimen name="x929">1453.71dp</dimen>
    <dimen name="x930">1455.28dp</dimen>
    <dimen name="x931">1456.84dp</dimen>
    <dimen name="x932">1458.41dp</dimen>
    <dimen name="x933">1459.97dp</dimen>
    <dimen name="x934">1461.54dp</dimen>
    <dimen name="x935">1463.10dp</dimen>
    <dimen name="x936">1464.67dp</dimen>
    <dimen name="x937">1466.23dp</dimen>
    <dimen name="x938">1467.80dp</dimen>
    <dimen name="x939">1469.36dp</dimen>
    <dimen name="x940">1470.93dp</dimen>
    <dimen name="x941">1472.49dp</dimen>
    <dimen name="x942">1474.06dp</dimen>
    <dimen name="x943">1475.62dp</dimen>
    <dimen name="x944">1477.19dp</dimen>
    <dimen name="x945">1478.75dp</dimen>
    <dimen name="x946">1480.31dp</dimen>
    <dimen name="x947">1481.88dp</dimen>
    <dimen name="x948">1483.44dp</dimen>
    <dimen name="x949">1485.01dp</dimen>
    <dimen name="x950">1486.57dp</dimen>
    <dimen name="x951">1488.14dp</dimen>
    <dimen name="x952">1489.70dp</dimen>
    <dimen name="x953">1491.27dp</dimen>
    <dimen name="x954">1492.83dp</dimen>
    <dimen name="x955">1494.40dp</dimen>
    <dimen name="x956">1495.96dp</dimen>
    <dimen name="x957">1497.53dp</dimen>
    <dimen name="x958">1499.09dp</dimen>
    <dimen name="x959">1500.66dp</dimen>
    <dimen name="x960">1502.22dp</dimen>
    <dimen name="x961">1503.79dp</dimen>
    <dimen name="x962">1505.35dp</dimen>
    <dimen name="x963">1506.92dp</dimen>
    <dimen name="x964">1508.48dp</dimen>
    <dimen name="x965">1510.05dp</dimen>
    <dimen name="x966">1511.61dp</dimen>
    <dimen name="x967">1513.18dp</dimen>
    <dimen name="x968">1514.74dp</dimen>
    <dimen name="x969">1516.31dp</dimen>
    <dimen name="x970">1517.87dp</dimen>
    <dimen name="x971">1519.44dp</dimen>
    <dimen name="x972">1521.00dp</dimen>
    <dimen name="x973">1522.56dp</dimen>
    <dimen name="x974">1524.13dp</dimen>
    <dimen name="x975">1525.69dp</dimen>
    <dimen name="x976">1527.26dp</dimen>
    <dimen name="x977">1528.82dp</dimen>
    <dimen name="x978">1530.39dp</dimen>
    <dimen name="x979">1531.95dp</dimen>
    <dimen name="x980">1533.52dp</dimen>
    <dimen name="x981">1535.08dp</dimen>
    <dimen name="x982">1536.65dp</dimen>
    <dimen name="x983">1538.21dp</dimen>
    <dimen name="x984">1539.78dp</dimen>
    <dimen name="x985">1541.34dp</dimen>
    <dimen name="x986">1542.91dp</dimen>
    <dimen name="x987">1544.47dp</dimen>
    <dimen name="x988">1546.04dp</dimen>
    <dimen name="x989">1547.60dp</dimen>
    <dimen name="x990">1549.17dp</dimen>
    <dimen name="x991">1550.73dp</dimen>
    <dimen name="x992">1552.30dp</dimen>
    <dimen name="x993">1553.86dp</dimen>
    <dimen name="x994">1555.43dp</dimen>
    <dimen name="x995">1556.99dp</dimen>
    <dimen name="x996">1558.56dp</dimen>
    <dimen name="x997">1560.12dp</dimen>
    <dimen name="x998">1561.69dp</dimen>
    <dimen name="x999">1563.25dp</dimen>
    <dimen name="x1000">1564.81dp</dimen>
    <dimen name="x1001">1566.38dp</dimen>
    <dimen name="x1002">1567.94dp</dimen>
    <dimen name="x1003">1569.51dp</dimen>
    <dimen name="x1004">1571.07dp</dimen>
    <dimen name="x1005">1572.64dp</dimen>
    <dimen name="x1006">1574.20dp</dimen>
    <dimen name="x1007">1575.77dp</dimen>
    <dimen name="x1008">1577.33dp</dimen>
    <dimen name="x1009">1578.90dp</dimen>
    <dimen name="x1010">1580.46dp</dimen>
    <dimen name="x1011">1582.03dp</dimen>
    <dimen name="x1012">1583.59dp</dimen>
    <dimen name="x1013">1585.16dp</dimen>
    <dimen name="x1014">1586.72dp</dimen>
    <dimen name="x1015">1588.29dp</dimen>
    <dimen name="x1016">1589.85dp</dimen>
    <dimen name="x1017">1591.42dp</dimen>
    <dimen name="x1018">1592.98dp</dimen>
    <dimen name="x1019">1594.55dp</dimen>
    <dimen name="x1020">1596.11dp</dimen>
    <dimen name="x1021">1597.68dp</dimen>
    <dimen name="x1022">1599.24dp</dimen>
    <dimen name="x1023">1600.81dp</dimen>
    <dimen name="x1024">1602.37dp</dimen>
    <dimen name="x1025">1603.94dp</dimen>
    <dimen name="x1026">1605.50dp</dimen>
    <dimen name="x1027">1607.06dp</dimen>
    <dimen name="x1028">1608.63dp</dimen>
    <dimen name="x1029">1610.19dp</dimen>
    <dimen name="x1030">1611.76dp</dimen>
    <dimen name="x1031">1613.32dp</dimen>
    <dimen name="x1032">1614.89dp</dimen>
    <dimen name="x1033">1616.45dp</dimen>
    <dimen name="x1034">1618.02dp</dimen>
    <dimen name="x1035">1619.58dp</dimen>
    <dimen name="x1036">1621.15dp</dimen>
    <dimen name="x1037">1622.71dp</dimen>
    <dimen name="x1038">1624.28dp</dimen>
    <dimen name="x1039">1625.84dp</dimen>
    <dimen name="x1040">1627.41dp</dimen>
    <dimen name="x1041">1628.97dp</dimen>
    <dimen name="x1042">1630.54dp</dimen>
    <dimen name="x1043">1632.10dp</dimen>
    <dimen name="x1044">1633.67dp</dimen>
    <dimen name="x1045">1635.23dp</dimen>
    <dimen name="x1046">1636.80dp</dimen>
    <dimen name="x1047">1638.36dp</dimen>
    <dimen name="x1048">1639.93dp</dimen>
    <dimen name="x1049">1641.49dp</dimen>
    <dimen name="x1050">1643.06dp</dimen>
    <dimen name="x1051">1644.62dp</dimen>
    <dimen name="x1052">1646.19dp</dimen>
    <dimen name="x1053">1647.75dp</dimen>
    <dimen name="x1054">1649.31dp</dimen>
    <dimen name="x1055">1650.88dp</dimen>
    <dimen name="x1056">1652.44dp</dimen>
    <dimen name="x1057">1654.01dp</dimen>
    <dimen name="x1058">1655.57dp</dimen>
    <dimen name="x1059">1657.14dp</dimen>
    <dimen name="x1060">1658.70dp</dimen>
    <dimen name="x1061">1660.27dp</dimen>
    <dimen name="x1062">1661.83dp</dimen>
    <dimen name="x1063">1663.40dp</dimen>
    <dimen name="x1064">1664.96dp</dimen>
    <dimen name="x1065">1666.53dp</dimen>
    <dimen name="x1066">1668.09dp</dimen>
    <dimen name="x1067">1669.66dp</dimen>
    <dimen name="x1068">1671.22dp</dimen>
    <dimen name="x1069">1672.79dp</dimen>
    <dimen name="x1070">1674.35dp</dimen>
    <dimen name="x1071">1675.92dp</dimen>
    <dimen name="x1072">1677.48dp</dimen>
    <dimen name="x1073">1679.05dp</dimen>
    <dimen name="x1074">1680.61dp</dimen>
    <dimen name="x1075">1682.18dp</dimen>
    <dimen name="x1076">1683.74dp</dimen>
    <dimen name="x1077">1685.31dp</dimen>
    <dimen name="x1078">1686.87dp</dimen>
    <dimen name="x1079">1688.44dp</dimen>
    <dimen name="x1080">1690.00dp</dimen>
</resources>