<?xml version="1.0" encoding="utf-8"?>
<resources>
    <string name="sw_dp">730dp</string>
    <dimen name="x1">0.68dp</dimen>
    <dimen name="x2">1.35dp</dimen>
    <dimen name="x3">2.03dp</dimen>
    <dimen name="x4">2.70dp</dimen>
    <dimen name="x5">3.38dp</dimen>
    <dimen name="x6">4.06dp</dimen>
    <dimen name="x7">4.73dp</dimen>
    <dimen name="x8">5.41dp</dimen>
    <dimen name="x9">6.08dp</dimen>
    <dimen name="x10">6.76dp</dimen>
    <dimen name="x11">7.44dp</dimen>
    <dimen name="x12">8.11dp</dimen>
    <dimen name="x13">8.79dp</dimen>
    <dimen name="x14">9.46dp</dimen>
    <dimen name="x15">10.14dp</dimen>
    <dimen name="x16">10.81dp</dimen>
    <dimen name="x17">11.49dp</dimen>
    <dimen name="x18">12.17dp</dimen>
    <dimen name="x19">12.84dp</dimen>
    <dimen name="x20">13.52dp</dimen>
    <dimen name="x21">14.19dp</dimen>
    <dimen name="x22">14.87dp</dimen>
    <dimen name="x23">15.55dp</dimen>
    <dimen name="x24">16.22dp</dimen>
    <dimen name="x25">16.90dp</dimen>
    <dimen name="x26">17.57dp</dimen>
    <dimen name="x27">18.25dp</dimen>
    <dimen name="x28">18.93dp</dimen>
    <dimen name="x29">19.60dp</dimen>
    <dimen name="x30">20.28dp</dimen>
    <dimen name="x31">20.95dp</dimen>
    <dimen name="x32">21.63dp</dimen>
    <dimen name="x33">22.31dp</dimen>
    <dimen name="x34">22.98dp</dimen>
    <dimen name="x35">23.66dp</dimen>
    <dimen name="x36">24.33dp</dimen>
    <dimen name="x37">25.01dp</dimen>
    <dimen name="x38">25.69dp</dimen>
    <dimen name="x39">26.36dp</dimen>
    <dimen name="x40">27.04dp</dimen>
    <dimen name="x41">27.71dp</dimen>
    <dimen name="x42">28.39dp</dimen>
    <dimen name="x43">29.06dp</dimen>
    <dimen name="x44">29.74dp</dimen>
    <dimen name="x45">30.42dp</dimen>
    <dimen name="x46">31.09dp</dimen>
    <dimen name="x47">31.77dp</dimen>
    <dimen name="x48">32.44dp</dimen>
    <dimen name="x49">33.12dp</dimen>
    <dimen name="x50">33.80dp</dimen>
    <dimen name="x51">34.47dp</dimen>
    <dimen name="x52">35.15dp</dimen>
    <dimen name="x53">35.82dp</dimen>
    <dimen name="x54">36.50dp</dimen>
    <dimen name="x55">37.18dp</dimen>
    <dimen name="x56">37.85dp</dimen>
    <dimen name="x57">38.53dp</dimen>
    <dimen name="x58">39.20dp</dimen>
    <dimen name="x59">39.88dp</dimen>
    <dimen name="x60">40.56dp</dimen>
    <dimen name="x61">41.23dp</dimen>
    <dimen name="x62">41.91dp</dimen>
    <dimen name="x63">42.58dp</dimen>
    <dimen name="x64">43.26dp</dimen>
    <dimen name="x65">43.94dp</dimen>
    <dimen name="x66">44.61dp</dimen>
    <dimen name="x67">45.29dp</dimen>
    <dimen name="x68">45.96dp</dimen>
    <dimen name="x69">46.64dp</dimen>
    <dimen name="x70">47.31dp</dimen>
    <dimen name="x71">47.99dp</dimen>
    <dimen name="x72">48.67dp</dimen>
    <dimen name="x73">49.34dp</dimen>
    <dimen name="x74">50.02dp</dimen>
    <dimen name="x75">50.69dp</dimen>
    <dimen name="x76">51.37dp</dimen>
    <dimen name="x77">52.05dp</dimen>
    <dimen name="x78">52.72dp</dimen>
    <dimen name="x79">53.40dp</dimen>
    <dimen name="x80">54.07dp</dimen>
    <dimen name="x81">54.75dp</dimen>
    <dimen name="x82">55.43dp</dimen>
    <dimen name="x83">56.10dp</dimen>
    <dimen name="x84">56.78dp</dimen>
    <dimen name="x85">57.45dp</dimen>
    <dimen name="x86">58.13dp</dimen>
    <dimen name="x87">58.81dp</dimen>
    <dimen name="x88">59.48dp</dimen>
    <dimen name="x89">60.16dp</dimen>
    <dimen name="x90">60.83dp</dimen>
    <dimen name="x91">61.51dp</dimen>
    <dimen name="x92">62.19dp</dimen>
    <dimen name="x93">62.86dp</dimen>
    <dimen name="x94">63.54dp</dimen>
    <dimen name="x95">64.21dp</dimen>
    <dimen name="x96">64.89dp</dimen>
    <dimen name="x97">65.56dp</dimen>
    <dimen name="x98">66.24dp</dimen>
    <dimen name="x99">66.92dp</dimen>
    <dimen name="x100">67.59dp</dimen>
    <dimen name="x101">68.27dp</dimen>
    <dimen name="x102">68.94dp</dimen>
    <dimen name="x103">69.62dp</dimen>
    <dimen name="x104">70.30dp</dimen>
    <dimen name="x105">70.97dp</dimen>
    <dimen name="x106">71.65dp</dimen>
    <dimen name="x107">72.32dp</dimen>
    <dimen name="x108">73.00dp</dimen>
    <dimen name="x109">73.68dp</dimen>
    <dimen name="x110">74.35dp</dimen>
    <dimen name="x111">75.03dp</dimen>
    <dimen name="x112">75.70dp</dimen>
    <dimen name="x113">76.38dp</dimen>
    <dimen name="x114">77.06dp</dimen>
    <dimen name="x115">77.73dp</dimen>
    <dimen name="x116">78.41dp</dimen>
    <dimen name="x117">79.08dp</dimen>
    <dimen name="x118">79.76dp</dimen>
    <dimen name="x119">80.44dp</dimen>
    <dimen name="x120">81.11dp</dimen>
    <dimen name="x121">81.79dp</dimen>
    <dimen name="x122">82.46dp</dimen>
    <dimen name="x123">83.14dp</dimen>
    <dimen name="x124">83.81dp</dimen>
    <dimen name="x125">84.49dp</dimen>
    <dimen name="x126">85.17dp</dimen>
    <dimen name="x127">85.84dp</dimen>
    <dimen name="x128">86.52dp</dimen>
    <dimen name="x129">87.19dp</dimen>
    <dimen name="x130">87.87dp</dimen>
    <dimen name="x131">88.55dp</dimen>
    <dimen name="x132">89.22dp</dimen>
    <dimen name="x133">89.90dp</dimen>
    <dimen name="x134">90.57dp</dimen>
    <dimen name="x135">91.25dp</dimen>
    <dimen name="x136">91.93dp</dimen>
    <dimen name="x137">92.60dp</dimen>
    <dimen name="x138">93.28dp</dimen>
    <dimen name="x139">93.95dp</dimen>
    <dimen name="x140">94.63dp</dimen>
    <dimen name="x141">95.31dp</dimen>
    <dimen name="x142">95.98dp</dimen>
    <dimen name="x143">96.66dp</dimen>
    <dimen name="x144">97.33dp</dimen>
    <dimen name="x145">98.01dp</dimen>
    <dimen name="x146">98.69dp</dimen>
    <dimen name="x147">99.36dp</dimen>
    <dimen name="x148">100.04dp</dimen>
    <dimen name="x149">100.71dp</dimen>
    <dimen name="x150">101.39dp</dimen>
    <dimen name="x151">102.06dp</dimen>
    <dimen name="x152">102.74dp</dimen>
    <dimen name="x153">103.42dp</dimen>
    <dimen name="x154">104.09dp</dimen>
    <dimen name="x155">104.77dp</dimen>
    <dimen name="x156">105.44dp</dimen>
    <dimen name="x157">106.12dp</dimen>
    <dimen name="x158">106.80dp</dimen>
    <dimen name="x159">107.47dp</dimen>
    <dimen name="x160">108.15dp</dimen>
    <dimen name="x161">108.82dp</dimen>
    <dimen name="x162">109.50dp</dimen>
    <dimen name="x163">110.18dp</dimen>
    <dimen name="x164">110.85dp</dimen>
    <dimen name="x165">111.53dp</dimen>
    <dimen name="x166">112.20dp</dimen>
    <dimen name="x167">112.88dp</dimen>
    <dimen name="x168">113.56dp</dimen>
    <dimen name="x169">114.23dp</dimen>
    <dimen name="x170">114.91dp</dimen>
    <dimen name="x171">115.58dp</dimen>
    <dimen name="x172">116.26dp</dimen>
    <dimen name="x173">116.94dp</dimen>
    <dimen name="x174">117.61dp</dimen>
    <dimen name="x175">118.29dp</dimen>
    <dimen name="x176">118.96dp</dimen>
    <dimen name="x177">119.64dp</dimen>
    <dimen name="x178">120.31dp</dimen>
    <dimen name="x179">120.99dp</dimen>
    <dimen name="x180">121.67dp</dimen>
    <dimen name="x181">122.34dp</dimen>
    <dimen name="x182">123.02dp</dimen>
    <dimen name="x183">123.69dp</dimen>
    <dimen name="x184">124.37dp</dimen>
    <dimen name="x185">125.05dp</dimen>
    <dimen name="x186">125.72dp</dimen>
    <dimen name="x187">126.40dp</dimen>
    <dimen name="x188">127.07dp</dimen>
    <dimen name="x189">127.75dp</dimen>
    <dimen name="x190">128.43dp</dimen>
    <dimen name="x191">129.10dp</dimen>
    <dimen name="x192">129.78dp</dimen>
    <dimen name="x193">130.45dp</dimen>
    <dimen name="x194">131.13dp</dimen>
    <dimen name="x195">131.81dp</dimen>
    <dimen name="x196">132.48dp</dimen>
    <dimen name="x197">133.16dp</dimen>
    <dimen name="x198">133.83dp</dimen>
    <dimen name="x199">134.51dp</dimen>
    <dimen name="x200">135.19dp</dimen>
    <dimen name="x201">135.86dp</dimen>
    <dimen name="x202">136.54dp</dimen>
    <dimen name="x203">137.21dp</dimen>
    <dimen name="x204">137.89dp</dimen>
    <dimen name="x205">138.56dp</dimen>
    <dimen name="x206">139.24dp</dimen>
    <dimen name="x207">139.92dp</dimen>
    <dimen name="x208">140.59dp</dimen>
    <dimen name="x209">141.27dp</dimen>
    <dimen name="x210">141.94dp</dimen>
    <dimen name="x211">142.62dp</dimen>
    <dimen name="x212">143.30dp</dimen>
    <dimen name="x213">143.97dp</dimen>
    <dimen name="x214">144.65dp</dimen>
    <dimen name="x215">145.32dp</dimen>
    <dimen name="x216">146.00dp</dimen>
    <dimen name="x217">146.68dp</dimen>
    <dimen name="x218">147.35dp</dimen>
    <dimen name="x219">148.03dp</dimen>
    <dimen name="x220">148.70dp</dimen>
    <dimen name="x221">149.38dp</dimen>
    <dimen name="x222">150.06dp</dimen>
    <dimen name="x223">150.73dp</dimen>
    <dimen name="x224">151.41dp</dimen>
    <dimen name="x225">152.08dp</dimen>
    <dimen name="x226">152.76dp</dimen>
    <dimen name="x227">153.44dp</dimen>
    <dimen name="x228">154.11dp</dimen>
    <dimen name="x229">154.79dp</dimen>
    <dimen name="x230">155.46dp</dimen>
    <dimen name="x231">156.14dp</dimen>
    <dimen name="x232">156.81dp</dimen>
    <dimen name="x233">157.49dp</dimen>
    <dimen name="x234">158.17dp</dimen>
    <dimen name="x235">158.84dp</dimen>
    <dimen name="x236">159.52dp</dimen>
    <dimen name="x237">160.19dp</dimen>
    <dimen name="x238">160.87dp</dimen>
    <dimen name="x239">161.55dp</dimen>
    <dimen name="x240">162.22dp</dimen>
    <dimen name="x241">162.90dp</dimen>
    <dimen name="x242">163.57dp</dimen>
    <dimen name="x243">164.25dp</dimen>
    <dimen name="x244">164.93dp</dimen>
    <dimen name="x245">165.60dp</dimen>
    <dimen name="x246">166.28dp</dimen>
    <dimen name="x247">166.95dp</dimen>
    <dimen name="x248">167.63dp</dimen>
    <dimen name="x249">168.31dp</dimen>
    <dimen name="x250">168.98dp</dimen>
    <dimen name="x251">169.66dp</dimen>
    <dimen name="x252">170.33dp</dimen>
    <dimen name="x253">171.01dp</dimen>
    <dimen name="x254">171.69dp</dimen>
    <dimen name="x255">172.36dp</dimen>
    <dimen name="x256">173.04dp</dimen>
    <dimen name="x257">173.71dp</dimen>
    <dimen name="x258">174.39dp</dimen>
    <dimen name="x259">175.06dp</dimen>
    <dimen name="x260">175.74dp</dimen>
    <dimen name="x261">176.42dp</dimen>
    <dimen name="x262">177.09dp</dimen>
    <dimen name="x263">177.77dp</dimen>
    <dimen name="x264">178.44dp</dimen>
    <dimen name="x265">179.12dp</dimen>
    <dimen name="x266">179.80dp</dimen>
    <dimen name="x267">180.47dp</dimen>
    <dimen name="x268">181.15dp</dimen>
    <dimen name="x269">181.82dp</dimen>
    <dimen name="x270">182.50dp</dimen>
    <dimen name="x271">183.18dp</dimen>
    <dimen name="x272">183.85dp</dimen>
    <dimen name="x273">184.53dp</dimen>
    <dimen name="x274">185.20dp</dimen>
    <dimen name="x275">185.88dp</dimen>
    <dimen name="x276">186.56dp</dimen>
    <dimen name="x277">187.23dp</dimen>
    <dimen name="x278">187.91dp</dimen>
    <dimen name="x279">188.58dp</dimen>
    <dimen name="x280">189.26dp</dimen>
    <dimen name="x281">189.94dp</dimen>
    <dimen name="x282">190.61dp</dimen>
    <dimen name="x283">191.29dp</dimen>
    <dimen name="x284">191.96dp</dimen>
    <dimen name="x285">192.64dp</dimen>
    <dimen name="x286">193.31dp</dimen>
    <dimen name="x287">193.99dp</dimen>
    <dimen name="x288">194.67dp</dimen>
    <dimen name="x289">195.34dp</dimen>
    <dimen name="x290">196.02dp</dimen>
    <dimen name="x291">196.69dp</dimen>
    <dimen name="x292">197.37dp</dimen>
    <dimen name="x293">198.05dp</dimen>
    <dimen name="x294">198.72dp</dimen>
    <dimen name="x295">199.40dp</dimen>
    <dimen name="x296">200.07dp</dimen>
    <dimen name="x297">200.75dp</dimen>
    <dimen name="x298">201.43dp</dimen>
    <dimen name="x299">202.10dp</dimen>
    <dimen name="x300">202.78dp</dimen>
    <dimen name="x301">203.45dp</dimen>
    <dimen name="x302">204.13dp</dimen>
    <dimen name="x303">204.81dp</dimen>
    <dimen name="x304">205.48dp</dimen>
    <dimen name="x305">206.16dp</dimen>
    <dimen name="x306">206.83dp</dimen>
    <dimen name="x307">207.51dp</dimen>
    <dimen name="x308">208.19dp</dimen>
    <dimen name="x309">208.86dp</dimen>
    <dimen name="x310">209.54dp</dimen>
    <dimen name="x311">210.21dp</dimen>
    <dimen name="x312">210.89dp</dimen>
    <dimen name="x313">211.56dp</dimen>
    <dimen name="x314">212.24dp</dimen>
    <dimen name="x315">212.92dp</dimen>
    <dimen name="x316">213.59dp</dimen>
    <dimen name="x317">214.27dp</dimen>
    <dimen name="x318">214.94dp</dimen>
    <dimen name="x319">215.62dp</dimen>
    <dimen name="x320">216.30dp</dimen>
    <dimen name="x321">216.97dp</dimen>
    <dimen name="x322">217.65dp</dimen>
    <dimen name="x323">218.32dp</dimen>
    <dimen name="x324">219.00dp</dimen>
    <dimen name="x325">219.68dp</dimen>
    <dimen name="x326">220.35dp</dimen>
    <dimen name="x327">221.03dp</dimen>
    <dimen name="x328">221.70dp</dimen>
    <dimen name="x329">222.38dp</dimen>
    <dimen name="x330">223.06dp</dimen>
    <dimen name="x331">223.73dp</dimen>
    <dimen name="x332">224.41dp</dimen>
    <dimen name="x333">225.08dp</dimen>
    <dimen name="x334">225.76dp</dimen>
    <dimen name="x335">226.44dp</dimen>
    <dimen name="x336">227.11dp</dimen>
    <dimen name="x337">227.79dp</dimen>
    <dimen name="x338">228.46dp</dimen>
    <dimen name="x339">229.14dp</dimen>
    <dimen name="x340">229.81dp</dimen>
    <dimen name="x341">230.49dp</dimen>
    <dimen name="x342">231.17dp</dimen>
    <dimen name="x343">231.84dp</dimen>
    <dimen name="x344">232.52dp</dimen>
    <dimen name="x345">233.19dp</dimen>
    <dimen name="x346">233.87dp</dimen>
    <dimen name="x347">234.55dp</dimen>
    <dimen name="x348">235.22dp</dimen>
    <dimen name="x349">235.90dp</dimen>
    <dimen name="x350">236.57dp</dimen>
    <dimen name="x351">237.25dp</dimen>
    <dimen name="x352">237.93dp</dimen>
    <dimen name="x353">238.60dp</dimen>
    <dimen name="x354">239.28dp</dimen>
    <dimen name="x355">239.95dp</dimen>
    <dimen name="x356">240.63dp</dimen>
    <dimen name="x357">241.31dp</dimen>
    <dimen name="x358">241.98dp</dimen>
    <dimen name="x359">242.66dp</dimen>
    <dimen name="x360">243.33dp</dimen>
    <dimen name="x361">244.01dp</dimen>
    <dimen name="x362">244.69dp</dimen>
    <dimen name="x363">245.36dp</dimen>
    <dimen name="x364">246.04dp</dimen>
    <dimen name="x365">246.71dp</dimen>
    <dimen name="x366">247.39dp</dimen>
    <dimen name="x367">248.06dp</dimen>
    <dimen name="x368">248.74dp</dimen>
    <dimen name="x369">249.42dp</dimen>
    <dimen name="x370">250.09dp</dimen>
    <dimen name="x371">250.77dp</dimen>
    <dimen name="x372">251.44dp</dimen>
    <dimen name="x373">252.12dp</dimen>
    <dimen name="x374">252.80dp</dimen>
    <dimen name="x375">253.47dp</dimen>
    <dimen name="x376">254.15dp</dimen>
    <dimen name="x377">254.82dp</dimen>
    <dimen name="x378">255.50dp</dimen>
    <dimen name="x379">256.18dp</dimen>
    <dimen name="x380">256.85dp</dimen>
    <dimen name="x381">257.53dp</dimen>
    <dimen name="x382">258.20dp</dimen>
    <dimen name="x383">258.88dp</dimen>
    <dimen name="x384">259.56dp</dimen>
    <dimen name="x385">260.23dp</dimen>
    <dimen name="x386">260.91dp</dimen>
    <dimen name="x387">261.58dp</dimen>
    <dimen name="x388">262.26dp</dimen>
    <dimen name="x389">262.94dp</dimen>
    <dimen name="x390">263.61dp</dimen>
    <dimen name="x391">264.29dp</dimen>
    <dimen name="x392">264.96dp</dimen>
    <dimen name="x393">265.64dp</dimen>
    <dimen name="x394">266.31dp</dimen>
    <dimen name="x395">266.99dp</dimen>
    <dimen name="x396">267.67dp</dimen>
    <dimen name="x397">268.34dp</dimen>
    <dimen name="x398">269.02dp</dimen>
    <dimen name="x399">269.69dp</dimen>
    <dimen name="x400">270.37dp</dimen>
    <dimen name="x401">271.05dp</dimen>
    <dimen name="x402">271.72dp</dimen>
    <dimen name="x403">272.40dp</dimen>
    <dimen name="x404">273.07dp</dimen>
    <dimen name="x405">273.75dp</dimen>
    <dimen name="x406">274.43dp</dimen>
    <dimen name="x407">275.10dp</dimen>
    <dimen name="x408">275.78dp</dimen>
    <dimen name="x409">276.45dp</dimen>
    <dimen name="x410">277.13dp</dimen>
    <dimen name="x411">277.81dp</dimen>
    <dimen name="x412">278.48dp</dimen>
    <dimen name="x413">279.16dp</dimen>
    <dimen name="x414">279.83dp</dimen>
    <dimen name="x415">280.51dp</dimen>
    <dimen name="x416">281.19dp</dimen>
    <dimen name="x417">281.86dp</dimen>
    <dimen name="x418">282.54dp</dimen>
    <dimen name="x419">283.21dp</dimen>
    <dimen name="x420">283.89dp</dimen>
    <dimen name="x421">284.56dp</dimen>
    <dimen name="x422">285.24dp</dimen>
    <dimen name="x423">285.92dp</dimen>
    <dimen name="x424">286.59dp</dimen>
    <dimen name="x425">287.27dp</dimen>
    <dimen name="x426">287.94dp</dimen>
    <dimen name="x427">288.62dp</dimen>
    <dimen name="x428">289.30dp</dimen>
    <dimen name="x429">289.97dp</dimen>
    <dimen name="x430">290.65dp</dimen>
    <dimen name="x431">291.32dp</dimen>
    <dimen name="x432">292.00dp</dimen>
    <dimen name="x433">292.68dp</dimen>
    <dimen name="x434">293.35dp</dimen>
    <dimen name="x435">294.03dp</dimen>
    <dimen name="x436">294.70dp</dimen>
    <dimen name="x437">295.38dp</dimen>
    <dimen name="x438">296.06dp</dimen>
    <dimen name="x439">296.73dp</dimen>
    <dimen name="x440">297.41dp</dimen>
    <dimen name="x441">298.08dp</dimen>
    <dimen name="x442">298.76dp</dimen>
    <dimen name="x443">299.44dp</dimen>
    <dimen name="x444">300.11dp</dimen>
    <dimen name="x445">300.79dp</dimen>
    <dimen name="x446">301.46dp</dimen>
    <dimen name="x447">302.14dp</dimen>
    <dimen name="x448">302.81dp</dimen>
    <dimen name="x449">303.49dp</dimen>
    <dimen name="x450">304.17dp</dimen>
    <dimen name="x451">304.84dp</dimen>
    <dimen name="x452">305.52dp</dimen>
    <dimen name="x453">306.19dp</dimen>
    <dimen name="x454">306.87dp</dimen>
    <dimen name="x455">307.55dp</dimen>
    <dimen name="x456">308.22dp</dimen>
    <dimen name="x457">308.90dp</dimen>
    <dimen name="x458">309.57dp</dimen>
    <dimen name="x459">310.25dp</dimen>
    <dimen name="x460">310.93dp</dimen>
    <dimen name="x461">311.60dp</dimen>
    <dimen name="x462">312.28dp</dimen>
    <dimen name="x463">312.95dp</dimen>
    <dimen name="x464">313.63dp</dimen>
    <dimen name="x465">314.31dp</dimen>
    <dimen name="x466">314.98dp</dimen>
    <dimen name="x467">315.66dp</dimen>
    <dimen name="x468">316.33dp</dimen>
    <dimen name="x469">317.01dp</dimen>
    <dimen name="x470">317.69dp</dimen>
    <dimen name="x471">318.36dp</dimen>
    <dimen name="x472">319.04dp</dimen>
    <dimen name="x473">319.71dp</dimen>
    <dimen name="x474">320.39dp</dimen>
    <dimen name="x475">321.06dp</dimen>
    <dimen name="x476">321.74dp</dimen>
    <dimen name="x477">322.42dp</dimen>
    <dimen name="x478">323.09dp</dimen>
    <dimen name="x479">323.77dp</dimen>
    <dimen name="x480">324.44dp</dimen>
    <dimen name="x481">325.12dp</dimen>
    <dimen name="x482">325.80dp</dimen>
    <dimen name="x483">326.47dp</dimen>
    <dimen name="x484">327.15dp</dimen>
    <dimen name="x485">327.82dp</dimen>
    <dimen name="x486">328.50dp</dimen>
    <dimen name="x487">329.18dp</dimen>
    <dimen name="x488">329.85dp</dimen>
    <dimen name="x489">330.53dp</dimen>
    <dimen name="x490">331.20dp</dimen>
    <dimen name="x491">331.88dp</dimen>
    <dimen name="x492">332.56dp</dimen>
    <dimen name="x493">333.23dp</dimen>
    <dimen name="x494">333.91dp</dimen>
    <dimen name="x495">334.58dp</dimen>
    <dimen name="x496">335.26dp</dimen>
    <dimen name="x497">335.94dp</dimen>
    <dimen name="x498">336.61dp</dimen>
    <dimen name="x499">337.29dp</dimen>
    <dimen name="x500">337.96dp</dimen>
    <dimen name="x501">338.64dp</dimen>
    <dimen name="x502">339.31dp</dimen>
    <dimen name="x503">339.99dp</dimen>
    <dimen name="x504">340.67dp</dimen>
    <dimen name="x505">341.34dp</dimen>
    <dimen name="x506">342.02dp</dimen>
    <dimen name="x507">342.69dp</dimen>
    <dimen name="x508">343.37dp</dimen>
    <dimen name="x509">344.05dp</dimen>
    <dimen name="x510">344.72dp</dimen>
    <dimen name="x511">345.40dp</dimen>
    <dimen name="x512">346.07dp</dimen>
    <dimen name="x513">346.75dp</dimen>
    <dimen name="x514">347.43dp</dimen>
    <dimen name="x515">348.10dp</dimen>
    <dimen name="x516">348.78dp</dimen>
    <dimen name="x517">349.45dp</dimen>
    <dimen name="x518">350.13dp</dimen>
    <dimen name="x519">350.81dp</dimen>
    <dimen name="x520">351.48dp</dimen>
    <dimen name="x521">352.16dp</dimen>
    <dimen name="x522">352.83dp</dimen>
    <dimen name="x523">353.51dp</dimen>
    <dimen name="x524">354.19dp</dimen>
    <dimen name="x525">354.86dp</dimen>
    <dimen name="x526">355.54dp</dimen>
    <dimen name="x527">356.21dp</dimen>
    <dimen name="x528">356.89dp</dimen>
    <dimen name="x529">357.56dp</dimen>
    <dimen name="x530">358.24dp</dimen>
    <dimen name="x531">358.92dp</dimen>
    <dimen name="x532">359.59dp</dimen>
    <dimen name="x533">360.27dp</dimen>
    <dimen name="x534">360.94dp</dimen>
    <dimen name="x535">361.62dp</dimen>
    <dimen name="x536">362.30dp</dimen>
    <dimen name="x537">362.97dp</dimen>
    <dimen name="x538">363.65dp</dimen>
    <dimen name="x539">364.32dp</dimen>
    <dimen name="x540">365.00dp</dimen>
    <dimen name="x541">365.68dp</dimen>
    <dimen name="x542">366.35dp</dimen>
    <dimen name="x543">367.03dp</dimen>
    <dimen name="x544">367.70dp</dimen>
    <dimen name="x545">368.38dp</dimen>
    <dimen name="x546">369.06dp</dimen>
    <dimen name="x547">369.73dp</dimen>
    <dimen name="x548">370.41dp</dimen>
    <dimen name="x549">371.08dp</dimen>
    <dimen name="x550">371.76dp</dimen>
    <dimen name="x551">372.44dp</dimen>
    <dimen name="x552">373.11dp</dimen>
    <dimen name="x553">373.79dp</dimen>
    <dimen name="x554">374.46dp</dimen>
    <dimen name="x555">375.14dp</dimen>
    <dimen name="x556">375.81dp</dimen>
    <dimen name="x557">376.49dp</dimen>
    <dimen name="x558">377.17dp</dimen>
    <dimen name="x559">377.84dp</dimen>
    <dimen name="x560">378.52dp</dimen>
    <dimen name="x561">379.19dp</dimen>
    <dimen name="x562">379.87dp</dimen>
    <dimen name="x563">380.55dp</dimen>
    <dimen name="x564">381.22dp</dimen>
    <dimen name="x565">381.90dp</dimen>
    <dimen name="x566">382.57dp</dimen>
    <dimen name="x567">383.25dp</dimen>
    <dimen name="x568">383.93dp</dimen>
    <dimen name="x569">384.60dp</dimen>
    <dimen name="x570">385.28dp</dimen>
    <dimen name="x571">385.95dp</dimen>
    <dimen name="x572">386.63dp</dimen>
    <dimen name="x573">387.31dp</dimen>
    <dimen name="x574">387.98dp</dimen>
    <dimen name="x575">388.66dp</dimen>
    <dimen name="x576">389.33dp</dimen>
    <dimen name="x577">390.01dp</dimen>
    <dimen name="x578">390.69dp</dimen>
    <dimen name="x579">391.36dp</dimen>
    <dimen name="x580">392.04dp</dimen>
    <dimen name="x581">392.71dp</dimen>
    <dimen name="x582">393.39dp</dimen>
    <dimen name="x583">394.06dp</dimen>
    <dimen name="x584">394.74dp</dimen>
    <dimen name="x585">395.42dp</dimen>
    <dimen name="x586">396.09dp</dimen>
    <dimen name="x587">396.77dp</dimen>
    <dimen name="x588">397.44dp</dimen>
    <dimen name="x589">398.12dp</dimen>
    <dimen name="x590">398.80dp</dimen>
    <dimen name="x591">399.47dp</dimen>
    <dimen name="x592">400.15dp</dimen>
    <dimen name="x593">400.82dp</dimen>
    <dimen name="x594">401.50dp</dimen>
    <dimen name="x595">402.18dp</dimen>
    <dimen name="x596">402.85dp</dimen>
    <dimen name="x597">403.53dp</dimen>
    <dimen name="x598">404.20dp</dimen>
    <dimen name="x599">404.88dp</dimen>
    <dimen name="x600">405.56dp</dimen>
    <dimen name="x601">406.23dp</dimen>
    <dimen name="x602">406.91dp</dimen>
    <dimen name="x603">407.58dp</dimen>
    <dimen name="x604">408.26dp</dimen>
    <dimen name="x605">408.94dp</dimen>
    <dimen name="x606">409.61dp</dimen>
    <dimen name="x607">410.29dp</dimen>
    <dimen name="x608">410.96dp</dimen>
    <dimen name="x609">411.64dp</dimen>
    <dimen name="x610">412.31dp</dimen>
    <dimen name="x611">412.99dp</dimen>
    <dimen name="x612">413.67dp</dimen>
    <dimen name="x613">414.34dp</dimen>
    <dimen name="x614">415.02dp</dimen>
    <dimen name="x615">415.69dp</dimen>
    <dimen name="x616">416.37dp</dimen>
    <dimen name="x617">417.05dp</dimen>
    <dimen name="x618">417.72dp</dimen>
    <dimen name="x619">418.40dp</dimen>
    <dimen name="x620">419.07dp</dimen>
    <dimen name="x621">419.75dp</dimen>
    <dimen name="x622">420.43dp</dimen>
    <dimen name="x623">421.10dp</dimen>
    <dimen name="x624">421.78dp</dimen>
    <dimen name="x625">422.45dp</dimen>
    <dimen name="x626">423.13dp</dimen>
    <dimen name="x627">423.81dp</dimen>
    <dimen name="x628">424.48dp</dimen>
    <dimen name="x629">425.16dp</dimen>
    <dimen name="x630">425.83dp</dimen>
    <dimen name="x631">426.51dp</dimen>
    <dimen name="x632">427.19dp</dimen>
    <dimen name="x633">427.86dp</dimen>
    <dimen name="x634">428.54dp</dimen>
    <dimen name="x635">429.21dp</dimen>
    <dimen name="x636">429.89dp</dimen>
    <dimen name="x637">430.56dp</dimen>
    <dimen name="x638">431.24dp</dimen>
    <dimen name="x639">431.92dp</dimen>
    <dimen name="x640">432.59dp</dimen>
    <dimen name="x641">433.27dp</dimen>
    <dimen name="x642">433.94dp</dimen>
    <dimen name="x643">434.62dp</dimen>
    <dimen name="x644">435.30dp</dimen>
    <dimen name="x645">435.97dp</dimen>
    <dimen name="x646">436.65dp</dimen>
    <dimen name="x647">437.32dp</dimen>
    <dimen name="x648">438.00dp</dimen>
    <dimen name="x649">438.68dp</dimen>
    <dimen name="x650">439.35dp</dimen>
    <dimen name="x651">440.03dp</dimen>
    <dimen name="x652">440.70dp</dimen>
    <dimen name="x653">441.38dp</dimen>
    <dimen name="x654">442.06dp</dimen>
    <dimen name="x655">442.73dp</dimen>
    <dimen name="x656">443.41dp</dimen>
    <dimen name="x657">444.08dp</dimen>
    <dimen name="x658">444.76dp</dimen>
    <dimen name="x659">445.44dp</dimen>
    <dimen name="x660">446.11dp</dimen>
    <dimen name="x661">446.79dp</dimen>
    <dimen name="x662">447.46dp</dimen>
    <dimen name="x663">448.14dp</dimen>
    <dimen name="x664">448.81dp</dimen>
    <dimen name="x665">449.49dp</dimen>
    <dimen name="x666">450.17dp</dimen>
    <dimen name="x667">450.84dp</dimen>
    <dimen name="x668">451.52dp</dimen>
    <dimen name="x669">452.19dp</dimen>
    <dimen name="x670">452.87dp</dimen>
    <dimen name="x671">453.55dp</dimen>
    <dimen name="x672">454.22dp</dimen>
    <dimen name="x673">454.90dp</dimen>
    <dimen name="x674">455.57dp</dimen>
    <dimen name="x675">456.25dp</dimen>
    <dimen name="x676">456.93dp</dimen>
    <dimen name="x677">457.60dp</dimen>
    <dimen name="x678">458.28dp</dimen>
    <dimen name="x679">458.95dp</dimen>
    <dimen name="x680">459.63dp</dimen>
    <dimen name="x681">460.31dp</dimen>
    <dimen name="x682">460.98dp</dimen>
    <dimen name="x683">461.66dp</dimen>
    <dimen name="x684">462.33dp</dimen>
    <dimen name="x685">463.01dp</dimen>
    <dimen name="x686">463.69dp</dimen>
    <dimen name="x687">464.36dp</dimen>
    <dimen name="x688">465.04dp</dimen>
    <dimen name="x689">465.71dp</dimen>
    <dimen name="x690">466.39dp</dimen>
    <dimen name="x691">467.06dp</dimen>
    <dimen name="x692">467.74dp</dimen>
    <dimen name="x693">468.42dp</dimen>
    <dimen name="x694">469.09dp</dimen>
    <dimen name="x695">469.77dp</dimen>
    <dimen name="x696">470.44dp</dimen>
    <dimen name="x697">471.12dp</dimen>
    <dimen name="x698">471.80dp</dimen>
    <dimen name="x699">472.47dp</dimen>
    <dimen name="x700">473.15dp</dimen>
    <dimen name="x701">473.82dp</dimen>
    <dimen name="x702">474.50dp</dimen>
    <dimen name="x703">475.18dp</dimen>
    <dimen name="x704">475.85dp</dimen>
    <dimen name="x705">476.53dp</dimen>
    <dimen name="x706">477.20dp</dimen>
    <dimen name="x707">477.88dp</dimen>
    <dimen name="x708">478.56dp</dimen>
    <dimen name="x709">479.23dp</dimen>
    <dimen name="x710">479.91dp</dimen>
    <dimen name="x711">480.58dp</dimen>
    <dimen name="x712">481.26dp</dimen>
    <dimen name="x713">481.94dp</dimen>
    <dimen name="x714">482.61dp</dimen>
    <dimen name="x715">483.29dp</dimen>
    <dimen name="x716">483.96dp</dimen>
    <dimen name="x717">484.64dp</dimen>
    <dimen name="x718">485.31dp</dimen>
    <dimen name="x719">485.99dp</dimen>
    <dimen name="x720">486.67dp</dimen>
    <dimen name="x721">487.34dp</dimen>
    <dimen name="x722">488.02dp</dimen>
    <dimen name="x723">488.69dp</dimen>
    <dimen name="x724">489.37dp</dimen>
    <dimen name="x725">490.05dp</dimen>
    <dimen name="x726">490.72dp</dimen>
    <dimen name="x727">491.40dp</dimen>
    <dimen name="x728">492.07dp</dimen>
    <dimen name="x729">492.75dp</dimen>
    <dimen name="x730">493.43dp</dimen>
    <dimen name="x731">494.10dp</dimen>
    <dimen name="x732">494.78dp</dimen>
    <dimen name="x733">495.45dp</dimen>
    <dimen name="x734">496.13dp</dimen>
    <dimen name="x735">496.81dp</dimen>
    <dimen name="x736">497.48dp</dimen>
    <dimen name="x737">498.16dp</dimen>
    <dimen name="x738">498.83dp</dimen>
    <dimen name="x739">499.51dp</dimen>
    <dimen name="x740">500.19dp</dimen>
    <dimen name="x741">500.86dp</dimen>
    <dimen name="x742">501.54dp</dimen>
    <dimen name="x743">502.21dp</dimen>
    <dimen name="x744">502.89dp</dimen>
    <dimen name="x745">503.56dp</dimen>
    <dimen name="x746">504.24dp</dimen>
    <dimen name="x747">504.92dp</dimen>
    <dimen name="x748">505.59dp</dimen>
    <dimen name="x749">506.27dp</dimen>
    <dimen name="x750">506.94dp</dimen>
    <dimen name="x751">507.62dp</dimen>
    <dimen name="x752">508.30dp</dimen>
    <dimen name="x753">508.97dp</dimen>
    <dimen name="x754">509.65dp</dimen>
    <dimen name="x755">510.32dp</dimen>
    <dimen name="x756">511.00dp</dimen>
    <dimen name="x757">511.68dp</dimen>
    <dimen name="x758">512.35dp</dimen>
    <dimen name="x759">513.03dp</dimen>
    <dimen name="x760">513.70dp</dimen>
    <dimen name="x761">514.38dp</dimen>
    <dimen name="x762">515.06dp</dimen>
    <dimen name="x763">515.73dp</dimen>
    <dimen name="x764">516.41dp</dimen>
    <dimen name="x765">517.08dp</dimen>
    <dimen name="x766">517.76dp</dimen>
    <dimen name="x767">518.44dp</dimen>
    <dimen name="x768">519.11dp</dimen>
    <dimen name="x769">519.79dp</dimen>
    <dimen name="x770">520.46dp</dimen>
    <dimen name="x771">521.14dp</dimen>
    <dimen name="x772">521.81dp</dimen>
    <dimen name="x773">522.49dp</dimen>
    <dimen name="x774">523.17dp</dimen>
    <dimen name="x775">523.84dp</dimen>
    <dimen name="x776">524.52dp</dimen>
    <dimen name="x777">525.19dp</dimen>
    <dimen name="x778">525.87dp</dimen>
    <dimen name="x779">526.55dp</dimen>
    <dimen name="x780">527.22dp</dimen>
    <dimen name="x781">527.90dp</dimen>
    <dimen name="x782">528.57dp</dimen>
    <dimen name="x783">529.25dp</dimen>
    <dimen name="x784">529.93dp</dimen>
    <dimen name="x785">530.60dp</dimen>
    <dimen name="x786">531.28dp</dimen>
    <dimen name="x787">531.95dp</dimen>
    <dimen name="x788">532.63dp</dimen>
    <dimen name="x789">533.31dp</dimen>
    <dimen name="x790">533.98dp</dimen>
    <dimen name="x791">534.66dp</dimen>
    <dimen name="x792">535.33dp</dimen>
    <dimen name="x793">536.01dp</dimen>
    <dimen name="x794">536.69dp</dimen>
    <dimen name="x795">537.36dp</dimen>
    <dimen name="x796">538.04dp</dimen>
    <dimen name="x797">538.71dp</dimen>
    <dimen name="x798">539.39dp</dimen>
    <dimen name="x799">540.06dp</dimen>
    <dimen name="x800">540.74dp</dimen>
    <dimen name="x801">541.42dp</dimen>
    <dimen name="x802">542.09dp</dimen>
    <dimen name="x803">542.77dp</dimen>
    <dimen name="x804">543.44dp</dimen>
    <dimen name="x805">544.12dp</dimen>
    <dimen name="x806">544.80dp</dimen>
    <dimen name="x807">545.47dp</dimen>
    <dimen name="x808">546.15dp</dimen>
    <dimen name="x809">546.82dp</dimen>
    <dimen name="x810">547.50dp</dimen>
    <dimen name="x811">548.18dp</dimen>
    <dimen name="x812">548.85dp</dimen>
    <dimen name="x813">549.53dp</dimen>
    <dimen name="x814">550.20dp</dimen>
    <dimen name="x815">550.88dp</dimen>
    <dimen name="x816">551.56dp</dimen>
    <dimen name="x817">552.23dp</dimen>
    <dimen name="x818">552.91dp</dimen>
    <dimen name="x819">553.58dp</dimen>
    <dimen name="x820">554.26dp</dimen>
    <dimen name="x821">554.94dp</dimen>
    <dimen name="x822">555.61dp</dimen>
    <dimen name="x823">556.29dp</dimen>
    <dimen name="x824">556.96dp</dimen>
    <dimen name="x825">557.64dp</dimen>
    <dimen name="x826">558.31dp</dimen>
    <dimen name="x827">558.99dp</dimen>
    <dimen name="x828">559.67dp</dimen>
    <dimen name="x829">560.34dp</dimen>
    <dimen name="x830">561.02dp</dimen>
    <dimen name="x831">561.69dp</dimen>
    <dimen name="x832">562.37dp</dimen>
    <dimen name="x833">563.05dp</dimen>
    <dimen name="x834">563.72dp</dimen>
    <dimen name="x835">564.40dp</dimen>
    <dimen name="x836">565.07dp</dimen>
    <dimen name="x837">565.75dp</dimen>
    <dimen name="x838">566.43dp</dimen>
    <dimen name="x839">567.10dp</dimen>
    <dimen name="x840">567.78dp</dimen>
    <dimen name="x841">568.45dp</dimen>
    <dimen name="x842">569.13dp</dimen>
    <dimen name="x843">569.81dp</dimen>
    <dimen name="x844">570.48dp</dimen>
    <dimen name="x845">571.16dp</dimen>
    <dimen name="x846">571.83dp</dimen>
    <dimen name="x847">572.51dp</dimen>
    <dimen name="x848">573.19dp</dimen>
    <dimen name="x849">573.86dp</dimen>
    <dimen name="x850">574.54dp</dimen>
    <dimen name="x851">575.21dp</dimen>
    <dimen name="x852">575.89dp</dimen>
    <dimen name="x853">576.56dp</dimen>
    <dimen name="x854">577.24dp</dimen>
    <dimen name="x855">577.92dp</dimen>
    <dimen name="x856">578.59dp</dimen>
    <dimen name="x857">579.27dp</dimen>
    <dimen name="x858">579.94dp</dimen>
    <dimen name="x859">580.62dp</dimen>
    <dimen name="x860">581.30dp</dimen>
    <dimen name="x861">581.97dp</dimen>
    <dimen name="x862">582.65dp</dimen>
    <dimen name="x863">583.32dp</dimen>
    <dimen name="x864">584.00dp</dimen>
    <dimen name="x865">584.68dp</dimen>
    <dimen name="x866">585.35dp</dimen>
    <dimen name="x867">586.03dp</dimen>
    <dimen name="x868">586.70dp</dimen>
    <dimen name="x869">587.38dp</dimen>
    <dimen name="x870">588.06dp</dimen>
    <dimen name="x871">588.73dp</dimen>
    <dimen name="x872">589.41dp</dimen>
    <dimen name="x873">590.08dp</dimen>
    <dimen name="x874">590.76dp</dimen>
    <dimen name="x875">591.44dp</dimen>
    <dimen name="x876">592.11dp</dimen>
    <dimen name="x877">592.79dp</dimen>
    <dimen name="x878">593.46dp</dimen>
    <dimen name="x879">594.14dp</dimen>
    <dimen name="x880">594.81dp</dimen>
    <dimen name="x881">595.49dp</dimen>
    <dimen name="x882">596.17dp</dimen>
    <dimen name="x883">596.84dp</dimen>
    <dimen name="x884">597.52dp</dimen>
    <dimen name="x885">598.19dp</dimen>
    <dimen name="x886">598.87dp</dimen>
    <dimen name="x887">599.55dp</dimen>
    <dimen name="x888">600.22dp</dimen>
    <dimen name="x889">600.90dp</dimen>
    <dimen name="x890">601.57dp</dimen>
    <dimen name="x891">602.25dp</dimen>
    <dimen name="x892">602.93dp</dimen>
    <dimen name="x893">603.60dp</dimen>
    <dimen name="x894">604.28dp</dimen>
    <dimen name="x895">604.95dp</dimen>
    <dimen name="x896">605.63dp</dimen>
    <dimen name="x897">606.31dp</dimen>
    <dimen name="x898">606.98dp</dimen>
    <dimen name="x899">607.66dp</dimen>
    <dimen name="x900">608.33dp</dimen>
    <dimen name="x901">609.01dp</dimen>
    <dimen name="x902">609.69dp</dimen>
    <dimen name="x903">610.36dp</dimen>
    <dimen name="x904">611.04dp</dimen>
    <dimen name="x905">611.71dp</dimen>
    <dimen name="x906">612.39dp</dimen>
    <dimen name="x907">613.06dp</dimen>
    <dimen name="x908">613.74dp</dimen>
    <dimen name="x909">614.42dp</dimen>
    <dimen name="x910">615.09dp</dimen>
    <dimen name="x911">615.77dp</dimen>
    <dimen name="x912">616.44dp</dimen>
    <dimen name="x913">617.12dp</dimen>
    <dimen name="x914">617.80dp</dimen>
    <dimen name="x915">618.47dp</dimen>
    <dimen name="x916">619.15dp</dimen>
    <dimen name="x917">619.82dp</dimen>
    <dimen name="x918">620.50dp</dimen>
    <dimen name="x919">621.18dp</dimen>
    <dimen name="x920">621.85dp</dimen>
    <dimen name="x921">622.53dp</dimen>
    <dimen name="x922">623.20dp</dimen>
    <dimen name="x923">623.88dp</dimen>
    <dimen name="x924">624.56dp</dimen>
    <dimen name="x925">625.23dp</dimen>
    <dimen name="x926">625.91dp</dimen>
    <dimen name="x927">626.58dp</dimen>
    <dimen name="x928">627.26dp</dimen>
    <dimen name="x929">627.94dp</dimen>
    <dimen name="x930">628.61dp</dimen>
    <dimen name="x931">629.29dp</dimen>
    <dimen name="x932">629.96dp</dimen>
    <dimen name="x933">630.64dp</dimen>
    <dimen name="x934">631.31dp</dimen>
    <dimen name="x935">631.99dp</dimen>
    <dimen name="x936">632.67dp</dimen>
    <dimen name="x937">633.34dp</dimen>
    <dimen name="x938">634.02dp</dimen>
    <dimen name="x939">634.69dp</dimen>
    <dimen name="x940">635.37dp</dimen>
    <dimen name="x941">636.05dp</dimen>
    <dimen name="x942">636.72dp</dimen>
    <dimen name="x943">637.40dp</dimen>
    <dimen name="x944">638.07dp</dimen>
    <dimen name="x945">638.75dp</dimen>
    <dimen name="x946">639.43dp</dimen>
    <dimen name="x947">640.10dp</dimen>
    <dimen name="x948">640.78dp</dimen>
    <dimen name="x949">641.45dp</dimen>
    <dimen name="x950">642.13dp</dimen>
    <dimen name="x951">642.81dp</dimen>
    <dimen name="x952">643.48dp</dimen>
    <dimen name="x953">644.16dp</dimen>
    <dimen name="x954">644.83dp</dimen>
    <dimen name="x955">645.51dp</dimen>
    <dimen name="x956">646.19dp</dimen>
    <dimen name="x957">646.86dp</dimen>
    <dimen name="x958">647.54dp</dimen>
    <dimen name="x959">648.21dp</dimen>
    <dimen name="x960">648.89dp</dimen>
    <dimen name="x961">649.56dp</dimen>
    <dimen name="x962">650.24dp</dimen>
    <dimen name="x963">650.92dp</dimen>
    <dimen name="x964">651.59dp</dimen>
    <dimen name="x965">652.27dp</dimen>
    <dimen name="x966">652.94dp</dimen>
    <dimen name="x967">653.62dp</dimen>
    <dimen name="x968">654.30dp</dimen>
    <dimen name="x969">654.97dp</dimen>
    <dimen name="x970">655.65dp</dimen>
    <dimen name="x971">656.32dp</dimen>
    <dimen name="x972">657.00dp</dimen>
    <dimen name="x973">657.68dp</dimen>
    <dimen name="x974">658.35dp</dimen>
    <dimen name="x975">659.03dp</dimen>
    <dimen name="x976">659.70dp</dimen>
    <dimen name="x977">660.38dp</dimen>
    <dimen name="x978">661.06dp</dimen>
    <dimen name="x979">661.73dp</dimen>
    <dimen name="x980">662.41dp</dimen>
    <dimen name="x981">663.08dp</dimen>
    <dimen name="x982">663.76dp</dimen>
    <dimen name="x983">664.44dp</dimen>
    <dimen name="x984">665.11dp</dimen>
    <dimen name="x985">665.79dp</dimen>
    <dimen name="x986">666.46dp</dimen>
    <dimen name="x987">667.14dp</dimen>
    <dimen name="x988">667.81dp</dimen>
    <dimen name="x989">668.49dp</dimen>
    <dimen name="x990">669.17dp</dimen>
    <dimen name="x991">669.84dp</dimen>
    <dimen name="x992">670.52dp</dimen>
    <dimen name="x993">671.19dp</dimen>
    <dimen name="x994">671.87dp</dimen>
    <dimen name="x995">672.55dp</dimen>
    <dimen name="x996">673.22dp</dimen>
    <dimen name="x997">673.90dp</dimen>
    <dimen name="x998">674.57dp</dimen>
    <dimen name="x999">675.25dp</dimen>
    <dimen name="x1000">675.93dp</dimen>
    <dimen name="x1001">676.60dp</dimen>
    <dimen name="x1002">677.28dp</dimen>
    <dimen name="x1003">677.95dp</dimen>
    <dimen name="x1004">678.63dp</dimen>
    <dimen name="x1005">679.31dp</dimen>
    <dimen name="x1006">679.98dp</dimen>
    <dimen name="x1007">680.66dp</dimen>
    <dimen name="x1008">681.33dp</dimen>
    <dimen name="x1009">682.01dp</dimen>
    <dimen name="x1010">682.69dp</dimen>
    <dimen name="x1011">683.36dp</dimen>
    <dimen name="x1012">684.04dp</dimen>
    <dimen name="x1013">684.71dp</dimen>
    <dimen name="x1014">685.39dp</dimen>
    <dimen name="x1015">686.06dp</dimen>
    <dimen name="x1016">686.74dp</dimen>
    <dimen name="x1017">687.42dp</dimen>
    <dimen name="x1018">688.09dp</dimen>
    <dimen name="x1019">688.77dp</dimen>
    <dimen name="x1020">689.44dp</dimen>
    <dimen name="x1021">690.12dp</dimen>
    <dimen name="x1022">690.80dp</dimen>
    <dimen name="x1023">691.47dp</dimen>
    <dimen name="x1024">692.15dp</dimen>
    <dimen name="x1025">692.82dp</dimen>
    <dimen name="x1026">693.50dp</dimen>
    <dimen name="x1027">694.18dp</dimen>
    <dimen name="x1028">694.85dp</dimen>
    <dimen name="x1029">695.53dp</dimen>
    <dimen name="x1030">696.20dp</dimen>
    <dimen name="x1031">696.88dp</dimen>
    <dimen name="x1032">697.56dp</dimen>
    <dimen name="x1033">698.23dp</dimen>
    <dimen name="x1034">698.91dp</dimen>
    <dimen name="x1035">699.58dp</dimen>
    <dimen name="x1036">700.26dp</dimen>
    <dimen name="x1037">700.94dp</dimen>
    <dimen name="x1038">701.61dp</dimen>
    <dimen name="x1039">702.29dp</dimen>
    <dimen name="x1040">702.96dp</dimen>
    <dimen name="x1041">703.64dp</dimen>
    <dimen name="x1042">704.31dp</dimen>
    <dimen name="x1043">704.99dp</dimen>
    <dimen name="x1044">705.67dp</dimen>
    <dimen name="x1045">706.34dp</dimen>
    <dimen name="x1046">707.02dp</dimen>
    <dimen name="x1047">707.69dp</dimen>
    <dimen name="x1048">708.37dp</dimen>
    <dimen name="x1049">709.05dp</dimen>
    <dimen name="x1050">709.72dp</dimen>
    <dimen name="x1051">710.40dp</dimen>
    <dimen name="x1052">711.07dp</dimen>
    <dimen name="x1053">711.75dp</dimen>
    <dimen name="x1054">712.43dp</dimen>
    <dimen name="x1055">713.10dp</dimen>
    <dimen name="x1056">713.78dp</dimen>
    <dimen name="x1057">714.45dp</dimen>
    <dimen name="x1058">715.13dp</dimen>
    <dimen name="x1059">715.81dp</dimen>
    <dimen name="x1060">716.48dp</dimen>
    <dimen name="x1061">717.16dp</dimen>
    <dimen name="x1062">717.83dp</dimen>
    <dimen name="x1063">718.51dp</dimen>
    <dimen name="x1064">719.19dp</dimen>
    <dimen name="x1065">719.86dp</dimen>
    <dimen name="x1066">720.54dp</dimen>
    <dimen name="x1067">721.21dp</dimen>
    <dimen name="x1068">721.89dp</dimen>
    <dimen name="x1069">722.56dp</dimen>
    <dimen name="x1070">723.24dp</dimen>
    <dimen name="x1071">723.92dp</dimen>
    <dimen name="x1072">724.59dp</dimen>
    <dimen name="x1073">725.27dp</dimen>
    <dimen name="x1074">725.94dp</dimen>
    <dimen name="x1075">726.62dp</dimen>
    <dimen name="x1076">727.30dp</dimen>
    <dimen name="x1077">727.97dp</dimen>
    <dimen name="x1078">728.65dp</dimen>
    <dimen name="x1079">729.32dp</dimen>
    <dimen name="x1080">730.00dp</dimen>
</resources>