<?xml version="1.0" encoding="utf-8"?>
<resources>
    <string name="sw_dp">1780dp</string>
    <dimen name="x1">1.65dp</dimen>
    <dimen name="x2">3.30dp</dimen>
    <dimen name="x3">4.94dp</dimen>
    <dimen name="x4">6.59dp</dimen>
    <dimen name="x5">8.24dp</dimen>
    <dimen name="x6">9.89dp</dimen>
    <dimen name="x7">11.54dp</dimen>
    <dimen name="x8">13.19dp</dimen>
    <dimen name="x9">14.83dp</dimen>
    <dimen name="x10">16.48dp</dimen>
    <dimen name="x11">18.13dp</dimen>
    <dimen name="x12">19.78dp</dimen>
    <dimen name="x13">21.43dp</dimen>
    <dimen name="x14">23.07dp</dimen>
    <dimen name="x15">24.72dp</dimen>
    <dimen name="x16">26.37dp</dimen>
    <dimen name="x17">28.02dp</dimen>
    <dimen name="x18">29.67dp</dimen>
    <dimen name="x19">31.31dp</dimen>
    <dimen name="x20">32.96dp</dimen>
    <dimen name="x21">34.61dp</dimen>
    <dimen name="x22">36.26dp</dimen>
    <dimen name="x23">37.91dp</dimen>
    <dimen name="x24">39.56dp</dimen>
    <dimen name="x25">41.20dp</dimen>
    <dimen name="x26">42.85dp</dimen>
    <dimen name="x27">44.50dp</dimen>
    <dimen name="x28">46.15dp</dimen>
    <dimen name="x29">47.80dp</dimen>
    <dimen name="x30">49.44dp</dimen>
    <dimen name="x31">51.09dp</dimen>
    <dimen name="x32">52.74dp</dimen>
    <dimen name="x33">54.39dp</dimen>
    <dimen name="x34">56.04dp</dimen>
    <dimen name="x35">57.69dp</dimen>
    <dimen name="x36">59.33dp</dimen>
    <dimen name="x37">60.98dp</dimen>
    <dimen name="x38">62.63dp</dimen>
    <dimen name="x39">64.28dp</dimen>
    <dimen name="x40">65.93dp</dimen>
    <dimen name="x41">67.57dp</dimen>
    <dimen name="x42">69.22dp</dimen>
    <dimen name="x43">70.87dp</dimen>
    <dimen name="x44">72.52dp</dimen>
    <dimen name="x45">74.17dp</dimen>
    <dimen name="x46">75.81dp</dimen>
    <dimen name="x47">77.46dp</dimen>
    <dimen name="x48">79.11dp</dimen>
    <dimen name="x49">80.76dp</dimen>
    <dimen name="x50">82.41dp</dimen>
    <dimen name="x51">84.06dp</dimen>
    <dimen name="x52">85.70dp</dimen>
    <dimen name="x53">87.35dp</dimen>
    <dimen name="x54">89.00dp</dimen>
    <dimen name="x55">90.65dp</dimen>
    <dimen name="x56">92.30dp</dimen>
    <dimen name="x57">93.94dp</dimen>
    <dimen name="x58">95.59dp</dimen>
    <dimen name="x59">97.24dp</dimen>
    <dimen name="x60">98.89dp</dimen>
    <dimen name="x61">100.54dp</dimen>
    <dimen name="x62">102.19dp</dimen>
    <dimen name="x63">103.83dp</dimen>
    <dimen name="x64">105.48dp</dimen>
    <dimen name="x65">107.13dp</dimen>
    <dimen name="x66">108.78dp</dimen>
    <dimen name="x67">110.43dp</dimen>
    <dimen name="x68">112.07dp</dimen>
    <dimen name="x69">113.72dp</dimen>
    <dimen name="x70">115.37dp</dimen>
    <dimen name="x71">117.02dp</dimen>
    <dimen name="x72">118.67dp</dimen>
    <dimen name="x73">120.31dp</dimen>
    <dimen name="x74">121.96dp</dimen>
    <dimen name="x75">123.61dp</dimen>
    <dimen name="x76">125.26dp</dimen>
    <dimen name="x77">126.91dp</dimen>
    <dimen name="x78">128.56dp</dimen>
    <dimen name="x79">130.20dp</dimen>
    <dimen name="x80">131.85dp</dimen>
    <dimen name="x81">133.50dp</dimen>
    <dimen name="x82">135.15dp</dimen>
    <dimen name="x83">136.80dp</dimen>
    <dimen name="x84">138.44dp</dimen>
    <dimen name="x85">140.09dp</dimen>
    <dimen name="x86">141.74dp</dimen>
    <dimen name="x87">143.39dp</dimen>
    <dimen name="x88">145.04dp</dimen>
    <dimen name="x89">146.69dp</dimen>
    <dimen name="x90">148.33dp</dimen>
    <dimen name="x91">149.98dp</dimen>
    <dimen name="x92">151.63dp</dimen>
    <dimen name="x93">153.28dp</dimen>
    <dimen name="x94">154.93dp</dimen>
    <dimen name="x95">156.57dp</dimen>
    <dimen name="x96">158.22dp</dimen>
    <dimen name="x97">159.87dp</dimen>
    <dimen name="x98">161.52dp</dimen>
    <dimen name="x99">163.17dp</dimen>
    <dimen name="x100">164.81dp</dimen>
    <dimen name="x101">166.46dp</dimen>
    <dimen name="x102">168.11dp</dimen>
    <dimen name="x103">169.76dp</dimen>
    <dimen name="x104">171.41dp</dimen>
    <dimen name="x105">173.06dp</dimen>
    <dimen name="x106">174.70dp</dimen>
    <dimen name="x107">176.35dp</dimen>
    <dimen name="x108">178.00dp</dimen>
    <dimen name="x109">179.65dp</dimen>
    <dimen name="x110">181.30dp</dimen>
    <dimen name="x111">182.94dp</dimen>
    <dimen name="x112">184.59dp</dimen>
    <dimen name="x113">186.24dp</dimen>
    <dimen name="x114">187.89dp</dimen>
    <dimen name="x115">189.54dp</dimen>
    <dimen name="x116">191.19dp</dimen>
    <dimen name="x117">192.83dp</dimen>
    <dimen name="x118">194.48dp</dimen>
    <dimen name="x119">196.13dp</dimen>
    <dimen name="x120">197.78dp</dimen>
    <dimen name="x121">199.43dp</dimen>
    <dimen name="x122">201.07dp</dimen>
    <dimen name="x123">202.72dp</dimen>
    <dimen name="x124">204.37dp</dimen>
    <dimen name="x125">206.02dp</dimen>
    <dimen name="x126">207.67dp</dimen>
    <dimen name="x127">209.31dp</dimen>
    <dimen name="x128">210.96dp</dimen>
    <dimen name="x129">212.61dp</dimen>
    <dimen name="x130">214.26dp</dimen>
    <dimen name="x131">215.91dp</dimen>
    <dimen name="x132">217.56dp</dimen>
    <dimen name="x133">219.20dp</dimen>
    <dimen name="x134">220.85dp</dimen>
    <dimen name="x135">222.50dp</dimen>
    <dimen name="x136">224.15dp</dimen>
    <dimen name="x137">225.80dp</dimen>
    <dimen name="x138">227.44dp</dimen>
    <dimen name="x139">229.09dp</dimen>
    <dimen name="x140">230.74dp</dimen>
    <dimen name="x141">232.39dp</dimen>
    <dimen name="x142">234.04dp</dimen>
    <dimen name="x143">235.69dp</dimen>
    <dimen name="x144">237.33dp</dimen>
    <dimen name="x145">238.98dp</dimen>
    <dimen name="x146">240.63dp</dimen>
    <dimen name="x147">242.28dp</dimen>
    <dimen name="x148">243.93dp</dimen>
    <dimen name="x149">245.57dp</dimen>
    <dimen name="x150">247.22dp</dimen>
    <dimen name="x151">248.87dp</dimen>
    <dimen name="x152">250.52dp</dimen>
    <dimen name="x153">252.17dp</dimen>
    <dimen name="x154">253.81dp</dimen>
    <dimen name="x155">255.46dp</dimen>
    <dimen name="x156">257.11dp</dimen>
    <dimen name="x157">258.76dp</dimen>
    <dimen name="x158">260.41dp</dimen>
    <dimen name="x159">262.06dp</dimen>
    <dimen name="x160">263.70dp</dimen>
    <dimen name="x161">265.35dp</dimen>
    <dimen name="x162">267.00dp</dimen>
    <dimen name="x163">268.65dp</dimen>
    <dimen name="x164">270.30dp</dimen>
    <dimen name="x165">271.94dp</dimen>
    <dimen name="x166">273.59dp</dimen>
    <dimen name="x167">275.24dp</dimen>
    <dimen name="x168">276.89dp</dimen>
    <dimen name="x169">278.54dp</dimen>
    <dimen name="x170">280.19dp</dimen>
    <dimen name="x171">281.83dp</dimen>
    <dimen name="x172">283.48dp</dimen>
    <dimen name="x173">285.13dp</dimen>
    <dimen name="x174">286.78dp</dimen>
    <dimen name="x175">288.43dp</dimen>
    <dimen name="x176">290.07dp</dimen>
    <dimen name="x177">291.72dp</dimen>
    <dimen name="x178">293.37dp</dimen>
    <dimen name="x179">295.02dp</dimen>
    <dimen name="x180">296.67dp</dimen>
    <dimen name="x181">298.31dp</dimen>
    <dimen name="x182">299.96dp</dimen>
    <dimen name="x183">301.61dp</dimen>
    <dimen name="x184">303.26dp</dimen>
    <dimen name="x185">304.91dp</dimen>
    <dimen name="x186">306.56dp</dimen>
    <dimen name="x187">308.20dp</dimen>
    <dimen name="x188">309.85dp</dimen>
    <dimen name="x189">311.50dp</dimen>
    <dimen name="x190">313.15dp</dimen>
    <dimen name="x191">314.80dp</dimen>
    <dimen name="x192">316.44dp</dimen>
    <dimen name="x193">318.09dp</dimen>
    <dimen name="x194">319.74dp</dimen>
    <dimen name="x195">321.39dp</dimen>
    <dimen name="x196">323.04dp</dimen>
    <dimen name="x197">324.69dp</dimen>
    <dimen name="x198">326.33dp</dimen>
    <dimen name="x199">327.98dp</dimen>
    <dimen name="x200">329.63dp</dimen>
    <dimen name="x201">331.28dp</dimen>
    <dimen name="x202">332.93dp</dimen>
    <dimen name="x203">334.57dp</dimen>
    <dimen name="x204">336.22dp</dimen>
    <dimen name="x205">337.87dp</dimen>
    <dimen name="x206">339.52dp</dimen>
    <dimen name="x207">341.17dp</dimen>
    <dimen name="x208">342.81dp</dimen>
    <dimen name="x209">344.46dp</dimen>
    <dimen name="x210">346.11dp</dimen>
    <dimen name="x211">347.76dp</dimen>
    <dimen name="x212">349.41dp</dimen>
    <dimen name="x213">351.06dp</dimen>
    <dimen name="x214">352.70dp</dimen>
    <dimen name="x215">354.35dp</dimen>
    <dimen name="x216">356.00dp</dimen>
    <dimen name="x217">357.65dp</dimen>
    <dimen name="x218">359.30dp</dimen>
    <dimen name="x219">360.94dp</dimen>
    <dimen name="x220">362.59dp</dimen>
    <dimen name="x221">364.24dp</dimen>
    <dimen name="x222">365.89dp</dimen>
    <dimen name="x223">367.54dp</dimen>
    <dimen name="x224">369.19dp</dimen>
    <dimen name="x225">370.83dp</dimen>
    <dimen name="x226">372.48dp</dimen>
    <dimen name="x227">374.13dp</dimen>
    <dimen name="x228">375.78dp</dimen>
    <dimen name="x229">377.43dp</dimen>
    <dimen name="x230">379.07dp</dimen>
    <dimen name="x231">380.72dp</dimen>
    <dimen name="x232">382.37dp</dimen>
    <dimen name="x233">384.02dp</dimen>
    <dimen name="x234">385.67dp</dimen>
    <dimen name="x235">387.31dp</dimen>
    <dimen name="x236">388.96dp</dimen>
    <dimen name="x237">390.61dp</dimen>
    <dimen name="x238">392.26dp</dimen>
    <dimen name="x239">393.91dp</dimen>
    <dimen name="x240">395.56dp</dimen>
    <dimen name="x241">397.20dp</dimen>
    <dimen name="x242">398.85dp</dimen>
    <dimen name="x243">400.50dp</dimen>
    <dimen name="x244">402.15dp</dimen>
    <dimen name="x245">403.80dp</dimen>
    <dimen name="x246">405.44dp</dimen>
    <dimen name="x247">407.09dp</dimen>
    <dimen name="x248">408.74dp</dimen>
    <dimen name="x249">410.39dp</dimen>
    <dimen name="x250">412.04dp</dimen>
    <dimen name="x251">413.69dp</dimen>
    <dimen name="x252">415.33dp</dimen>
    <dimen name="x253">416.98dp</dimen>
    <dimen name="x254">418.63dp</dimen>
    <dimen name="x255">420.28dp</dimen>
    <dimen name="x256">421.93dp</dimen>
    <dimen name="x257">423.57dp</dimen>
    <dimen name="x258">425.22dp</dimen>
    <dimen name="x259">426.87dp</dimen>
    <dimen name="x260">428.52dp</dimen>
    <dimen name="x261">430.17dp</dimen>
    <dimen name="x262">431.81dp</dimen>
    <dimen name="x263">433.46dp</dimen>
    <dimen name="x264">435.11dp</dimen>
    <dimen name="x265">436.76dp</dimen>
    <dimen name="x266">438.41dp</dimen>
    <dimen name="x267">440.06dp</dimen>
    <dimen name="x268">441.70dp</dimen>
    <dimen name="x269">443.35dp</dimen>
    <dimen name="x270">445.00dp</dimen>
    <dimen name="x271">446.65dp</dimen>
    <dimen name="x272">448.30dp</dimen>
    <dimen name="x273">449.94dp</dimen>
    <dimen name="x274">451.59dp</dimen>
    <dimen name="x275">453.24dp</dimen>
    <dimen name="x276">454.89dp</dimen>
    <dimen name="x277">456.54dp</dimen>
    <dimen name="x278">458.19dp</dimen>
    <dimen name="x279">459.83dp</dimen>
    <dimen name="x280">461.48dp</dimen>
    <dimen name="x281">463.13dp</dimen>
    <dimen name="x282">464.78dp</dimen>
    <dimen name="x283">466.43dp</dimen>
    <dimen name="x284">468.07dp</dimen>
    <dimen name="x285">469.72dp</dimen>
    <dimen name="x286">471.37dp</dimen>
    <dimen name="x287">473.02dp</dimen>
    <dimen name="x288">474.67dp</dimen>
    <dimen name="x289">476.31dp</dimen>
    <dimen name="x290">477.96dp</dimen>
    <dimen name="x291">479.61dp</dimen>
    <dimen name="x292">481.26dp</dimen>
    <dimen name="x293">482.91dp</dimen>
    <dimen name="x294">484.56dp</dimen>
    <dimen name="x295">486.20dp</dimen>
    <dimen name="x296">487.85dp</dimen>
    <dimen name="x297">489.50dp</dimen>
    <dimen name="x298">491.15dp</dimen>
    <dimen name="x299">492.80dp</dimen>
    <dimen name="x300">494.44dp</dimen>
    <dimen name="x301">496.09dp</dimen>
    <dimen name="x302">497.74dp</dimen>
    <dimen name="x303">499.39dp</dimen>
    <dimen name="x304">501.04dp</dimen>
    <dimen name="x305">502.69dp</dimen>
    <dimen name="x306">504.33dp</dimen>
    <dimen name="x307">505.98dp</dimen>
    <dimen name="x308">507.63dp</dimen>
    <dimen name="x309">509.28dp</dimen>
    <dimen name="x310">510.93dp</dimen>
    <dimen name="x311">512.57dp</dimen>
    <dimen name="x312">514.22dp</dimen>
    <dimen name="x313">515.87dp</dimen>
    <dimen name="x314">517.52dp</dimen>
    <dimen name="x315">519.17dp</dimen>
    <dimen name="x316">520.81dp</dimen>
    <dimen name="x317">522.46dp</dimen>
    <dimen name="x318">524.11dp</dimen>
    <dimen name="x319">525.76dp</dimen>
    <dimen name="x320">527.41dp</dimen>
    <dimen name="x321">529.06dp</dimen>
    <dimen name="x322">530.70dp</dimen>
    <dimen name="x323">532.35dp</dimen>
    <dimen name="x324">534.00dp</dimen>
    <dimen name="x325">535.65dp</dimen>
    <dimen name="x326">537.30dp</dimen>
    <dimen name="x327">538.94dp</dimen>
    <dimen name="x328">540.59dp</dimen>
    <dimen name="x329">542.24dp</dimen>
    <dimen name="x330">543.89dp</dimen>
    <dimen name="x331">545.54dp</dimen>
    <dimen name="x332">547.19dp</dimen>
    <dimen name="x333">548.83dp</dimen>
    <dimen name="x334">550.48dp</dimen>
    <dimen name="x335">552.13dp</dimen>
    <dimen name="x336">553.78dp</dimen>
    <dimen name="x337">555.43dp</dimen>
    <dimen name="x338">557.07dp</dimen>
    <dimen name="x339">558.72dp</dimen>
    <dimen name="x340">560.37dp</dimen>
    <dimen name="x341">562.02dp</dimen>
    <dimen name="x342">563.67dp</dimen>
    <dimen name="x343">565.31dp</dimen>
    <dimen name="x344">566.96dp</dimen>
    <dimen name="x345">568.61dp</dimen>
    <dimen name="x346">570.26dp</dimen>
    <dimen name="x347">571.91dp</dimen>
    <dimen name="x348">573.56dp</dimen>
    <dimen name="x349">575.20dp</dimen>
    <dimen name="x350">576.85dp</dimen>
    <dimen name="x351">578.50dp</dimen>
    <dimen name="x352">580.15dp</dimen>
    <dimen name="x353">581.80dp</dimen>
    <dimen name="x354">583.44dp</dimen>
    <dimen name="x355">585.09dp</dimen>
    <dimen name="x356">586.74dp</dimen>
    <dimen name="x357">588.39dp</dimen>
    <dimen name="x358">590.04dp</dimen>
    <dimen name="x359">591.69dp</dimen>
    <dimen name="x360">593.33dp</dimen>
    <dimen name="x361">594.98dp</dimen>
    <dimen name="x362">596.63dp</dimen>
    <dimen name="x363">598.28dp</dimen>
    <dimen name="x364">599.93dp</dimen>
    <dimen name="x365">601.57dp</dimen>
    <dimen name="x366">603.22dp</dimen>
    <dimen name="x367">604.87dp</dimen>
    <dimen name="x368">606.52dp</dimen>
    <dimen name="x369">608.17dp</dimen>
    <dimen name="x370">609.81dp</dimen>
    <dimen name="x371">611.46dp</dimen>
    <dimen name="x372">613.11dp</dimen>
    <dimen name="x373">614.76dp</dimen>
    <dimen name="x374">616.41dp</dimen>
    <dimen name="x375">618.06dp</dimen>
    <dimen name="x376">619.70dp</dimen>
    <dimen name="x377">621.35dp</dimen>
    <dimen name="x378">623.00dp</dimen>
    <dimen name="x379">624.65dp</dimen>
    <dimen name="x380">626.30dp</dimen>
    <dimen name="x381">627.94dp</dimen>
    <dimen name="x382">629.59dp</dimen>
    <dimen name="x383">631.24dp</dimen>
    <dimen name="x384">632.89dp</dimen>
    <dimen name="x385">634.54dp</dimen>
    <dimen name="x386">636.19dp</dimen>
    <dimen name="x387">637.83dp</dimen>
    <dimen name="x388">639.48dp</dimen>
    <dimen name="x389">641.13dp</dimen>
    <dimen name="x390">642.78dp</dimen>
    <dimen name="x391">644.43dp</dimen>
    <dimen name="x392">646.07dp</dimen>
    <dimen name="x393">647.72dp</dimen>
    <dimen name="x394">649.37dp</dimen>
    <dimen name="x395">651.02dp</dimen>
    <dimen name="x396">652.67dp</dimen>
    <dimen name="x397">654.31dp</dimen>
    <dimen name="x398">655.96dp</dimen>
    <dimen name="x399">657.61dp</dimen>
    <dimen name="x400">659.26dp</dimen>
    <dimen name="x401">660.91dp</dimen>
    <dimen name="x402">662.56dp</dimen>
    <dimen name="x403">664.20dp</dimen>
    <dimen name="x404">665.85dp</dimen>
    <dimen name="x405">667.50dp</dimen>
    <dimen name="x406">669.15dp</dimen>
    <dimen name="x407">670.80dp</dimen>
    <dimen name="x408">672.44dp</dimen>
    <dimen name="x409">674.09dp</dimen>
    <dimen name="x410">675.74dp</dimen>
    <dimen name="x411">677.39dp</dimen>
    <dimen name="x412">679.04dp</dimen>
    <dimen name="x413">680.69dp</dimen>
    <dimen name="x414">682.33dp</dimen>
    <dimen name="x415">683.98dp</dimen>
    <dimen name="x416">685.63dp</dimen>
    <dimen name="x417">687.28dp</dimen>
    <dimen name="x418">688.93dp</dimen>
    <dimen name="x419">690.57dp</dimen>
    <dimen name="x420">692.22dp</dimen>
    <dimen name="x421">693.87dp</dimen>
    <dimen name="x422">695.52dp</dimen>
    <dimen name="x423">697.17dp</dimen>
    <dimen name="x424">698.81dp</dimen>
    <dimen name="x425">700.46dp</dimen>
    <dimen name="x426">702.11dp</dimen>
    <dimen name="x427">703.76dp</dimen>
    <dimen name="x428">705.41dp</dimen>
    <dimen name="x429">707.06dp</dimen>
    <dimen name="x430">708.70dp</dimen>
    <dimen name="x431">710.35dp</dimen>
    <dimen name="x432">712.00dp</dimen>
    <dimen name="x433">713.65dp</dimen>
    <dimen name="x434">715.30dp</dimen>
    <dimen name="x435">716.94dp</dimen>
    <dimen name="x436">718.59dp</dimen>
    <dimen name="x437">720.24dp</dimen>
    <dimen name="x438">721.89dp</dimen>
    <dimen name="x439">723.54dp</dimen>
    <dimen name="x440">725.19dp</dimen>
    <dimen name="x441">726.83dp</dimen>
    <dimen name="x442">728.48dp</dimen>
    <dimen name="x443">730.13dp</dimen>
    <dimen name="x444">731.78dp</dimen>
    <dimen name="x445">733.43dp</dimen>
    <dimen name="x446">735.07dp</dimen>
    <dimen name="x447">736.72dp</dimen>
    <dimen name="x448">738.37dp</dimen>
    <dimen name="x449">740.02dp</dimen>
    <dimen name="x450">741.67dp</dimen>
    <dimen name="x451">743.31dp</dimen>
    <dimen name="x452">744.96dp</dimen>
    <dimen name="x453">746.61dp</dimen>
    <dimen name="x454">748.26dp</dimen>
    <dimen name="x455">749.91dp</dimen>
    <dimen name="x456">751.56dp</dimen>
    <dimen name="x457">753.20dp</dimen>
    <dimen name="x458">754.85dp</dimen>
    <dimen name="x459">756.50dp</dimen>
    <dimen name="x460">758.15dp</dimen>
    <dimen name="x461">759.80dp</dimen>
    <dimen name="x462">761.44dp</dimen>
    <dimen name="x463">763.09dp</dimen>
    <dimen name="x464">764.74dp</dimen>
    <dimen name="x465">766.39dp</dimen>
    <dimen name="x466">768.04dp</dimen>
    <dimen name="x467">769.69dp</dimen>
    <dimen name="x468">771.33dp</dimen>
    <dimen name="x469">772.98dp</dimen>
    <dimen name="x470">774.63dp</dimen>
    <dimen name="x471">776.28dp</dimen>
    <dimen name="x472">777.93dp</dimen>
    <dimen name="x473">779.57dp</dimen>
    <dimen name="x474">781.22dp</dimen>
    <dimen name="x475">782.87dp</dimen>
    <dimen name="x476">784.52dp</dimen>
    <dimen name="x477">786.17dp</dimen>
    <dimen name="x478">787.81dp</dimen>
    <dimen name="x479">789.46dp</dimen>
    <dimen name="x480">791.11dp</dimen>
    <dimen name="x481">792.76dp</dimen>
    <dimen name="x482">794.41dp</dimen>
    <dimen name="x483">796.06dp</dimen>
    <dimen name="x484">797.70dp</dimen>
    <dimen name="x485">799.35dp</dimen>
    <dimen name="x486">801.00dp</dimen>
    <dimen name="x487">802.65dp</dimen>
    <dimen name="x488">804.30dp</dimen>
    <dimen name="x489">805.94dp</dimen>
    <dimen name="x490">807.59dp</dimen>
    <dimen name="x491">809.24dp</dimen>
    <dimen name="x492">810.89dp</dimen>
    <dimen name="x493">812.54dp</dimen>
    <dimen name="x494">814.19dp</dimen>
    <dimen name="x495">815.83dp</dimen>
    <dimen name="x496">817.48dp</dimen>
    <dimen name="x497">819.13dp</dimen>
    <dimen name="x498">820.78dp</dimen>
    <dimen name="x499">822.43dp</dimen>
    <dimen name="x500">824.07dp</dimen>
    <dimen name="x501">825.72dp</dimen>
    <dimen name="x502">827.37dp</dimen>
    <dimen name="x503">829.02dp</dimen>
    <dimen name="x504">830.67dp</dimen>
    <dimen name="x505">832.31dp</dimen>
    <dimen name="x506">833.96dp</dimen>
    <dimen name="x507">835.61dp</dimen>
    <dimen name="x508">837.26dp</dimen>
    <dimen name="x509">838.91dp</dimen>
    <dimen name="x510">840.56dp</dimen>
    <dimen name="x511">842.20dp</dimen>
    <dimen name="x512">843.85dp</dimen>
    <dimen name="x513">845.50dp</dimen>
    <dimen name="x514">847.15dp</dimen>
    <dimen name="x515">848.80dp</dimen>
    <dimen name="x516">850.44dp</dimen>
    <dimen name="x517">852.09dp</dimen>
    <dimen name="x518">853.74dp</dimen>
    <dimen name="x519">855.39dp</dimen>
    <dimen name="x520">857.04dp</dimen>
    <dimen name="x521">858.69dp</dimen>
    <dimen name="x522">860.33dp</dimen>
    <dimen name="x523">861.98dp</dimen>
    <dimen name="x524">863.63dp</dimen>
    <dimen name="x525">865.28dp</dimen>
    <dimen name="x526">866.93dp</dimen>
    <dimen name="x527">868.57dp</dimen>
    <dimen name="x528">870.22dp</dimen>
    <dimen name="x529">871.87dp</dimen>
    <dimen name="x530">873.52dp</dimen>
    <dimen name="x531">875.17dp</dimen>
    <dimen name="x532">876.81dp</dimen>
    <dimen name="x533">878.46dp</dimen>
    <dimen name="x534">880.11dp</dimen>
    <dimen name="x535">881.76dp</dimen>
    <dimen name="x536">883.41dp</dimen>
    <dimen name="x537">885.06dp</dimen>
    <dimen name="x538">886.70dp</dimen>
    <dimen name="x539">888.35dp</dimen>
    <dimen name="x540">890.00dp</dimen>
    <dimen name="x541">891.65dp</dimen>
    <dimen name="x542">893.30dp</dimen>
    <dimen name="x543">894.94dp</dimen>
    <dimen name="x544">896.59dp</dimen>
    <dimen name="x545">898.24dp</dimen>
    <dimen name="x546">899.89dp</dimen>
    <dimen name="x547">901.54dp</dimen>
    <dimen name="x548">903.19dp</dimen>
    <dimen name="x549">904.83dp</dimen>
    <dimen name="x550">906.48dp</dimen>
    <dimen name="x551">908.13dp</dimen>
    <dimen name="x552">909.78dp</dimen>
    <dimen name="x553">911.43dp</dimen>
    <dimen name="x554">913.07dp</dimen>
    <dimen name="x555">914.72dp</dimen>
    <dimen name="x556">916.37dp</dimen>
    <dimen name="x557">918.02dp</dimen>
    <dimen name="x558">919.67dp</dimen>
    <dimen name="x559">921.31dp</dimen>
    <dimen name="x560">922.96dp</dimen>
    <dimen name="x561">924.61dp</dimen>
    <dimen name="x562">926.26dp</dimen>
    <dimen name="x563">927.91dp</dimen>
    <dimen name="x564">929.56dp</dimen>
    <dimen name="x565">931.20dp</dimen>
    <dimen name="x566">932.85dp</dimen>
    <dimen name="x567">934.50dp</dimen>
    <dimen name="x568">936.15dp</dimen>
    <dimen name="x569">937.80dp</dimen>
    <dimen name="x570">939.44dp</dimen>
    <dimen name="x571">941.09dp</dimen>
    <dimen name="x572">942.74dp</dimen>
    <dimen name="x573">944.39dp</dimen>
    <dimen name="x574">946.04dp</dimen>
    <dimen name="x575">947.69dp</dimen>
    <dimen name="x576">949.33dp</dimen>
    <dimen name="x577">950.98dp</dimen>
    <dimen name="x578">952.63dp</dimen>
    <dimen name="x579">954.28dp</dimen>
    <dimen name="x580">955.93dp</dimen>
    <dimen name="x581">957.57dp</dimen>
    <dimen name="x582">959.22dp</dimen>
    <dimen name="x583">960.87dp</dimen>
    <dimen name="x584">962.52dp</dimen>
    <dimen name="x585">964.17dp</dimen>
    <dimen name="x586">965.81dp</dimen>
    <dimen name="x587">967.46dp</dimen>
    <dimen name="x588">969.11dp</dimen>
    <dimen name="x589">970.76dp</dimen>
    <dimen name="x590">972.41dp</dimen>
    <dimen name="x591">974.06dp</dimen>
    <dimen name="x592">975.70dp</dimen>
    <dimen name="x593">977.35dp</dimen>
    <dimen name="x594">979.00dp</dimen>
    <dimen name="x595">980.65dp</dimen>
    <dimen name="x596">982.30dp</dimen>
    <dimen name="x597">983.94dp</dimen>
    <dimen name="x598">985.59dp</dimen>
    <dimen name="x599">987.24dp</dimen>
    <dimen name="x600">988.89dp</dimen>
    <dimen name="x601">990.54dp</dimen>
    <dimen name="x602">992.19dp</dimen>
    <dimen name="x603">993.83dp</dimen>
    <dimen name="x604">995.48dp</dimen>
    <dimen name="x605">997.13dp</dimen>
    <dimen name="x606">998.78dp</dimen>
    <dimen name="x607">1000.43dp</dimen>
    <dimen name="x608">1002.07dp</dimen>
    <dimen name="x609">1003.72dp</dimen>
    <dimen name="x610">1005.37dp</dimen>
    <dimen name="x611">1007.02dp</dimen>
    <dimen name="x612">1008.67dp</dimen>
    <dimen name="x613">1010.31dp</dimen>
    <dimen name="x614">1011.96dp</dimen>
    <dimen name="x615">1013.61dp</dimen>
    <dimen name="x616">1015.26dp</dimen>
    <dimen name="x617">1016.91dp</dimen>
    <dimen name="x618">1018.56dp</dimen>
    <dimen name="x619">1020.20dp</dimen>
    <dimen name="x620">1021.85dp</dimen>
    <dimen name="x621">1023.50dp</dimen>
    <dimen name="x622">1025.15dp</dimen>
    <dimen name="x623">1026.80dp</dimen>
    <dimen name="x624">1028.44dp</dimen>
    <dimen name="x625">1030.09dp</dimen>
    <dimen name="x626">1031.74dp</dimen>
    <dimen name="x627">1033.39dp</dimen>
    <dimen name="x628">1035.04dp</dimen>
    <dimen name="x629">1036.69dp</dimen>
    <dimen name="x630">1038.33dp</dimen>
    <dimen name="x631">1039.98dp</dimen>
    <dimen name="x632">1041.63dp</dimen>
    <dimen name="x633">1043.28dp</dimen>
    <dimen name="x634">1044.93dp</dimen>
    <dimen name="x635">1046.57dp</dimen>
    <dimen name="x636">1048.22dp</dimen>
    <dimen name="x637">1049.87dp</dimen>
    <dimen name="x638">1051.52dp</dimen>
    <dimen name="x639">1053.17dp</dimen>
    <dimen name="x640">1054.81dp</dimen>
    <dimen name="x641">1056.46dp</dimen>
    <dimen name="x642">1058.11dp</dimen>
    <dimen name="x643">1059.76dp</dimen>
    <dimen name="x644">1061.41dp</dimen>
    <dimen name="x645">1063.06dp</dimen>
    <dimen name="x646">1064.70dp</dimen>
    <dimen name="x647">1066.35dp</dimen>
    <dimen name="x648">1068.00dp</dimen>
    <dimen name="x649">1069.65dp</dimen>
    <dimen name="x650">1071.30dp</dimen>
    <dimen name="x651">1072.94dp</dimen>
    <dimen name="x652">1074.59dp</dimen>
    <dimen name="x653">1076.24dp</dimen>
    <dimen name="x654">1077.89dp</dimen>
    <dimen name="x655">1079.54dp</dimen>
    <dimen name="x656">1081.19dp</dimen>
    <dimen name="x657">1082.83dp</dimen>
    <dimen name="x658">1084.48dp</dimen>
    <dimen name="x659">1086.13dp</dimen>
    <dimen name="x660">1087.78dp</dimen>
    <dimen name="x661">1089.43dp</dimen>
    <dimen name="x662">1091.07dp</dimen>
    <dimen name="x663">1092.72dp</dimen>
    <dimen name="x664">1094.37dp</dimen>
    <dimen name="x665">1096.02dp</dimen>
    <dimen name="x666">1097.67dp</dimen>
    <dimen name="x667">1099.31dp</dimen>
    <dimen name="x668">1100.96dp</dimen>
    <dimen name="x669">1102.61dp</dimen>
    <dimen name="x670">1104.26dp</dimen>
    <dimen name="x671">1105.91dp</dimen>
    <dimen name="x672">1107.56dp</dimen>
    <dimen name="x673">1109.20dp</dimen>
    <dimen name="x674">1110.85dp</dimen>
    <dimen name="x675">1112.50dp</dimen>
    <dimen name="x676">1114.15dp</dimen>
    <dimen name="x677">1115.80dp</dimen>
    <dimen name="x678">1117.44dp</dimen>
    <dimen name="x679">1119.09dp</dimen>
    <dimen name="x680">1120.74dp</dimen>
    <dimen name="x681">1122.39dp</dimen>
    <dimen name="x682">1124.04dp</dimen>
    <dimen name="x683">1125.69dp</dimen>
    <dimen name="x684">1127.33dp</dimen>
    <dimen name="x685">1128.98dp</dimen>
    <dimen name="x686">1130.63dp</dimen>
    <dimen name="x687">1132.28dp</dimen>
    <dimen name="x688">1133.93dp</dimen>
    <dimen name="x689">1135.57dp</dimen>
    <dimen name="x690">1137.22dp</dimen>
    <dimen name="x691">1138.87dp</dimen>
    <dimen name="x692">1140.52dp</dimen>
    <dimen name="x693">1142.17dp</dimen>
    <dimen name="x694">1143.81dp</dimen>
    <dimen name="x695">1145.46dp</dimen>
    <dimen name="x696">1147.11dp</dimen>
    <dimen name="x697">1148.76dp</dimen>
    <dimen name="x698">1150.41dp</dimen>
    <dimen name="x699">1152.06dp</dimen>
    <dimen name="x700">1153.70dp</dimen>
    <dimen name="x701">1155.35dp</dimen>
    <dimen name="x702">1157.00dp</dimen>
    <dimen name="x703">1158.65dp</dimen>
    <dimen name="x704">1160.30dp</dimen>
    <dimen name="x705">1161.94dp</dimen>
    <dimen name="x706">1163.59dp</dimen>
    <dimen name="x707">1165.24dp</dimen>
    <dimen name="x708">1166.89dp</dimen>
    <dimen name="x709">1168.54dp</dimen>
    <dimen name="x710">1170.19dp</dimen>
    <dimen name="x711">1171.83dp</dimen>
    <dimen name="x712">1173.48dp</dimen>
    <dimen name="x713">1175.13dp</dimen>
    <dimen name="x714">1176.78dp</dimen>
    <dimen name="x715">1178.43dp</dimen>
    <dimen name="x716">1180.07dp</dimen>
    <dimen name="x717">1181.72dp</dimen>
    <dimen name="x718">1183.37dp</dimen>
    <dimen name="x719">1185.02dp</dimen>
    <dimen name="x720">1186.67dp</dimen>
    <dimen name="x721">1188.31dp</dimen>
    <dimen name="x722">1189.96dp</dimen>
    <dimen name="x723">1191.61dp</dimen>
    <dimen name="x724">1193.26dp</dimen>
    <dimen name="x725">1194.91dp</dimen>
    <dimen name="x726">1196.56dp</dimen>
    <dimen name="x727">1198.20dp</dimen>
    <dimen name="x728">1199.85dp</dimen>
    <dimen name="x729">1201.50dp</dimen>
    <dimen name="x730">1203.15dp</dimen>
    <dimen name="x731">1204.80dp</dimen>
    <dimen name="x732">1206.44dp</dimen>
    <dimen name="x733">1208.09dp</dimen>
    <dimen name="x734">1209.74dp</dimen>
    <dimen name="x735">1211.39dp</dimen>
    <dimen name="x736">1213.04dp</dimen>
    <dimen name="x737">1214.69dp</dimen>
    <dimen name="x738">1216.33dp</dimen>
    <dimen name="x739">1217.98dp</dimen>
    <dimen name="x740">1219.63dp</dimen>
    <dimen name="x741">1221.28dp</dimen>
    <dimen name="x742">1222.93dp</dimen>
    <dimen name="x743">1224.57dp</dimen>
    <dimen name="x744">1226.22dp</dimen>
    <dimen name="x745">1227.87dp</dimen>
    <dimen name="x746">1229.52dp</dimen>
    <dimen name="x747">1231.17dp</dimen>
    <dimen name="x748">1232.81dp</dimen>
    <dimen name="x749">1234.46dp</dimen>
    <dimen name="x750">1236.11dp</dimen>
    <dimen name="x751">1237.76dp</dimen>
    <dimen name="x752">1239.41dp</dimen>
    <dimen name="x753">1241.06dp</dimen>
    <dimen name="x754">1242.70dp</dimen>
    <dimen name="x755">1244.35dp</dimen>
    <dimen name="x756">1246.00dp</dimen>
    <dimen name="x757">1247.65dp</dimen>
    <dimen name="x758">1249.30dp</dimen>
    <dimen name="x759">1250.94dp</dimen>
    <dimen name="x760">1252.59dp</dimen>
    <dimen name="x761">1254.24dp</dimen>
    <dimen name="x762">1255.89dp</dimen>
    <dimen name="x763">1257.54dp</dimen>
    <dimen name="x764">1259.19dp</dimen>
    <dimen name="x765">1260.83dp</dimen>
    <dimen name="x766">1262.48dp</dimen>
    <dimen name="x767">1264.13dp</dimen>
    <dimen name="x768">1265.78dp</dimen>
    <dimen name="x769">1267.43dp</dimen>
    <dimen name="x770">1269.07dp</dimen>
    <dimen name="x771">1270.72dp</dimen>
    <dimen name="x772">1272.37dp</dimen>
    <dimen name="x773">1274.02dp</dimen>
    <dimen name="x774">1275.67dp</dimen>
    <dimen name="x775">1277.31dp</dimen>
    <dimen name="x776">1278.96dp</dimen>
    <dimen name="x777">1280.61dp</dimen>
    <dimen name="x778">1282.26dp</dimen>
    <dimen name="x779">1283.91dp</dimen>
    <dimen name="x780">1285.56dp</dimen>
    <dimen name="x781">1287.20dp</dimen>
    <dimen name="x782">1288.85dp</dimen>
    <dimen name="x783">1290.50dp</dimen>
    <dimen name="x784">1292.15dp</dimen>
    <dimen name="x785">1293.80dp</dimen>
    <dimen name="x786">1295.44dp</dimen>
    <dimen name="x787">1297.09dp</dimen>
    <dimen name="x788">1298.74dp</dimen>
    <dimen name="x789">1300.39dp</dimen>
    <dimen name="x790">1302.04dp</dimen>
    <dimen name="x791">1303.69dp</dimen>
    <dimen name="x792">1305.33dp</dimen>
    <dimen name="x793">1306.98dp</dimen>
    <dimen name="x794">1308.63dp</dimen>
    <dimen name="x795">1310.28dp</dimen>
    <dimen name="x796">1311.93dp</dimen>
    <dimen name="x797">1313.57dp</dimen>
    <dimen name="x798">1315.22dp</dimen>
    <dimen name="x799">1316.87dp</dimen>
    <dimen name="x800">1318.52dp</dimen>
    <dimen name="x801">1320.17dp</dimen>
    <dimen name="x802">1321.81dp</dimen>
    <dimen name="x803">1323.46dp</dimen>
    <dimen name="x804">1325.11dp</dimen>
    <dimen name="x805">1326.76dp</dimen>
    <dimen name="x806">1328.41dp</dimen>
    <dimen name="x807">1330.06dp</dimen>
    <dimen name="x808">1331.70dp</dimen>
    <dimen name="x809">1333.35dp</dimen>
    <dimen name="x810">1335.00dp</dimen>
    <dimen name="x811">1336.65dp</dimen>
    <dimen name="x812">1338.30dp</dimen>
    <dimen name="x813">1339.94dp</dimen>
    <dimen name="x814">1341.59dp</dimen>
    <dimen name="x815">1343.24dp</dimen>
    <dimen name="x816">1344.89dp</dimen>
    <dimen name="x817">1346.54dp</dimen>
    <dimen name="x818">1348.19dp</dimen>
    <dimen name="x819">1349.83dp</dimen>
    <dimen name="x820">1351.48dp</dimen>
    <dimen name="x821">1353.13dp</dimen>
    <dimen name="x822">1354.78dp</dimen>
    <dimen name="x823">1356.43dp</dimen>
    <dimen name="x824">1358.07dp</dimen>
    <dimen name="x825">1359.72dp</dimen>
    <dimen name="x826">1361.37dp</dimen>
    <dimen name="x827">1363.02dp</dimen>
    <dimen name="x828">1364.67dp</dimen>
    <dimen name="x829">1366.31dp</dimen>
    <dimen name="x830">1367.96dp</dimen>
    <dimen name="x831">1369.61dp</dimen>
    <dimen name="x832">1371.26dp</dimen>
    <dimen name="x833">1372.91dp</dimen>
    <dimen name="x834">1374.56dp</dimen>
    <dimen name="x835">1376.20dp</dimen>
    <dimen name="x836">1377.85dp</dimen>
    <dimen name="x837">1379.50dp</dimen>
    <dimen name="x838">1381.15dp</dimen>
    <dimen name="x839">1382.80dp</dimen>
    <dimen name="x840">1384.44dp</dimen>
    <dimen name="x841">1386.09dp</dimen>
    <dimen name="x842">1387.74dp</dimen>
    <dimen name="x843">1389.39dp</dimen>
    <dimen name="x844">1391.04dp</dimen>
    <dimen name="x845">1392.69dp</dimen>
    <dimen name="x846">1394.33dp</dimen>
    <dimen name="x847">1395.98dp</dimen>
    <dimen name="x848">1397.63dp</dimen>
    <dimen name="x849">1399.28dp</dimen>
    <dimen name="x850">1400.93dp</dimen>
    <dimen name="x851">1402.57dp</dimen>
    <dimen name="x852">1404.22dp</dimen>
    <dimen name="x853">1405.87dp</dimen>
    <dimen name="x854">1407.52dp</dimen>
    <dimen name="x855">1409.17dp</dimen>
    <dimen name="x856">1410.81dp</dimen>
    <dimen name="x857">1412.46dp</dimen>
    <dimen name="x858">1414.11dp</dimen>
    <dimen name="x859">1415.76dp</dimen>
    <dimen name="x860">1417.41dp</dimen>
    <dimen name="x861">1419.06dp</dimen>
    <dimen name="x862">1420.70dp</dimen>
    <dimen name="x863">1422.35dp</dimen>
    <dimen name="x864">1424.00dp</dimen>
    <dimen name="x865">1425.65dp</dimen>
    <dimen name="x866">1427.30dp</dimen>
    <dimen name="x867">1428.94dp</dimen>
    <dimen name="x868">1430.59dp</dimen>
    <dimen name="x869">1432.24dp</dimen>
    <dimen name="x870">1433.89dp</dimen>
    <dimen name="x871">1435.54dp</dimen>
    <dimen name="x872">1437.19dp</dimen>
    <dimen name="x873">1438.83dp</dimen>
    <dimen name="x874">1440.48dp</dimen>
    <dimen name="x875">1442.13dp</dimen>
    <dimen name="x876">1443.78dp</dimen>
    <dimen name="x877">1445.43dp</dimen>
    <dimen name="x878">1447.07dp</dimen>
    <dimen name="x879">1448.72dp</dimen>
    <dimen name="x880">1450.37dp</dimen>
    <dimen name="x881">1452.02dp</dimen>
    <dimen name="x882">1453.67dp</dimen>
    <dimen name="x883">1455.31dp</dimen>
    <dimen name="x884">1456.96dp</dimen>
    <dimen name="x885">1458.61dp</dimen>
    <dimen name="x886">1460.26dp</dimen>
    <dimen name="x887">1461.91dp</dimen>
    <dimen name="x888">1463.56dp</dimen>
    <dimen name="x889">1465.20dp</dimen>
    <dimen name="x890">1466.85dp</dimen>
    <dimen name="x891">1468.50dp</dimen>
    <dimen name="x892">1470.15dp</dimen>
    <dimen name="x893">1471.80dp</dimen>
    <dimen name="x894">1473.44dp</dimen>
    <dimen name="x895">1475.09dp</dimen>
    <dimen name="x896">1476.74dp</dimen>
    <dimen name="x897">1478.39dp</dimen>
    <dimen name="x898">1480.04dp</dimen>
    <dimen name="x899">1481.69dp</dimen>
    <dimen name="x900">1483.33dp</dimen>
    <dimen name="x901">1484.98dp</dimen>
    <dimen name="x902">1486.63dp</dimen>
    <dimen name="x903">1488.28dp</dimen>
    <dimen name="x904">1489.93dp</dimen>
    <dimen name="x905">1491.57dp</dimen>
    <dimen name="x906">1493.22dp</dimen>
    <dimen name="x907">1494.87dp</dimen>
    <dimen name="x908">1496.52dp</dimen>
    <dimen name="x909">1498.17dp</dimen>
    <dimen name="x910">1499.81dp</dimen>
    <dimen name="x911">1501.46dp</dimen>
    <dimen name="x912">1503.11dp</dimen>
    <dimen name="x913">1504.76dp</dimen>
    <dimen name="x914">1506.41dp</dimen>
    <dimen name="x915">1508.06dp</dimen>
    <dimen name="x916">1509.70dp</dimen>
    <dimen name="x917">1511.35dp</dimen>
    <dimen name="x918">1513.00dp</dimen>
    <dimen name="x919">1514.65dp</dimen>
    <dimen name="x920">1516.30dp</dimen>
    <dimen name="x921">1517.94dp</dimen>
    <dimen name="x922">1519.59dp</dimen>
    <dimen name="x923">1521.24dp</dimen>
    <dimen name="x924">1522.89dp</dimen>
    <dimen name="x925">1524.54dp</dimen>
    <dimen name="x926">1526.19dp</dimen>
    <dimen name="x927">1527.83dp</dimen>
    <dimen name="x928">1529.48dp</dimen>
    <dimen name="x929">1531.13dp</dimen>
    <dimen name="x930">1532.78dp</dimen>
    <dimen name="x931">1534.43dp</dimen>
    <dimen name="x932">1536.07dp</dimen>
    <dimen name="x933">1537.72dp</dimen>
    <dimen name="x934">1539.37dp</dimen>
    <dimen name="x935">1541.02dp</dimen>
    <dimen name="x936">1542.67dp</dimen>
    <dimen name="x937">1544.31dp</dimen>
    <dimen name="x938">1545.96dp</dimen>
    <dimen name="x939">1547.61dp</dimen>
    <dimen name="x940">1549.26dp</dimen>
    <dimen name="x941">1550.91dp</dimen>
    <dimen name="x942">1552.56dp</dimen>
    <dimen name="x943">1554.20dp</dimen>
    <dimen name="x944">1555.85dp</dimen>
    <dimen name="x945">1557.50dp</dimen>
    <dimen name="x946">1559.15dp</dimen>
    <dimen name="x947">1560.80dp</dimen>
    <dimen name="x948">1562.44dp</dimen>
    <dimen name="x949">1564.09dp</dimen>
    <dimen name="x950">1565.74dp</dimen>
    <dimen name="x951">1567.39dp</dimen>
    <dimen name="x952">1569.04dp</dimen>
    <dimen name="x953">1570.69dp</dimen>
    <dimen name="x954">1572.33dp</dimen>
    <dimen name="x955">1573.98dp</dimen>
    <dimen name="x956">1575.63dp</dimen>
    <dimen name="x957">1577.28dp</dimen>
    <dimen name="x958">1578.93dp</dimen>
    <dimen name="x959">1580.57dp</dimen>
    <dimen name="x960">1582.22dp</dimen>
    <dimen name="x961">1583.87dp</dimen>
    <dimen name="x962">1585.52dp</dimen>
    <dimen name="x963">1587.17dp</dimen>
    <dimen name="x964">1588.81dp</dimen>
    <dimen name="x965">1590.46dp</dimen>
    <dimen name="x966">1592.11dp</dimen>
    <dimen name="x967">1593.76dp</dimen>
    <dimen name="x968">1595.41dp</dimen>
    <dimen name="x969">1597.06dp</dimen>
    <dimen name="x970">1598.70dp</dimen>
    <dimen name="x971">1600.35dp</dimen>
    <dimen name="x972">1602.00dp</dimen>
    <dimen name="x973">1603.65dp</dimen>
    <dimen name="x974">1605.30dp</dimen>
    <dimen name="x975">1606.94dp</dimen>
    <dimen name="x976">1608.59dp</dimen>
    <dimen name="x977">1610.24dp</dimen>
    <dimen name="x978">1611.89dp</dimen>
    <dimen name="x979">1613.54dp</dimen>
    <dimen name="x980">1615.19dp</dimen>
    <dimen name="x981">1616.83dp</dimen>
    <dimen name="x982">1618.48dp</dimen>
    <dimen name="x983">1620.13dp</dimen>
    <dimen name="x984">1621.78dp</dimen>
    <dimen name="x985">1623.43dp</dimen>
    <dimen name="x986">1625.07dp</dimen>
    <dimen name="x987">1626.72dp</dimen>
    <dimen name="x988">1628.37dp</dimen>
    <dimen name="x989">1630.02dp</dimen>
    <dimen name="x990">1631.67dp</dimen>
    <dimen name="x991">1633.31dp</dimen>
    <dimen name="x992">1634.96dp</dimen>
    <dimen name="x993">1636.61dp</dimen>
    <dimen name="x994">1638.26dp</dimen>
    <dimen name="x995">1639.91dp</dimen>
    <dimen name="x996">1641.56dp</dimen>
    <dimen name="x997">1643.20dp</dimen>
    <dimen name="x998">1644.85dp</dimen>
    <dimen name="x999">1646.50dp</dimen>
    <dimen name="x1000">1648.15dp</dimen>
    <dimen name="x1001">1649.80dp</dimen>
    <dimen name="x1002">1651.44dp</dimen>
    <dimen name="x1003">1653.09dp</dimen>
    <dimen name="x1004">1654.74dp</dimen>
    <dimen name="x1005">1656.39dp</dimen>
    <dimen name="x1006">1658.04dp</dimen>
    <dimen name="x1007">1659.69dp</dimen>
    <dimen name="x1008">1661.33dp</dimen>
    <dimen name="x1009">1662.98dp</dimen>
    <dimen name="x1010">1664.63dp</dimen>
    <dimen name="x1011">1666.28dp</dimen>
    <dimen name="x1012">1667.93dp</dimen>
    <dimen name="x1013">1669.57dp</dimen>
    <dimen name="x1014">1671.22dp</dimen>
    <dimen name="x1015">1672.87dp</dimen>
    <dimen name="x1016">1674.52dp</dimen>
    <dimen name="x1017">1676.17dp</dimen>
    <dimen name="x1018">1677.81dp</dimen>
    <dimen name="x1019">1679.46dp</dimen>
    <dimen name="x1020">1681.11dp</dimen>
    <dimen name="x1021">1682.76dp</dimen>
    <dimen name="x1022">1684.41dp</dimen>
    <dimen name="x1023">1686.06dp</dimen>
    <dimen name="x1024">1687.70dp</dimen>
    <dimen name="x1025">1689.35dp</dimen>
    <dimen name="x1026">1691.00dp</dimen>
    <dimen name="x1027">1692.65dp</dimen>
    <dimen name="x1028">1694.30dp</dimen>
    <dimen name="x1029">1695.94dp</dimen>
    <dimen name="x1030">1697.59dp</dimen>
    <dimen name="x1031">1699.24dp</dimen>
    <dimen name="x1032">1700.89dp</dimen>
    <dimen name="x1033">1702.54dp</dimen>
    <dimen name="x1034">1704.19dp</dimen>
    <dimen name="x1035">1705.83dp</dimen>
    <dimen name="x1036">1707.48dp</dimen>
    <dimen name="x1037">1709.13dp</dimen>
    <dimen name="x1038">1710.78dp</dimen>
    <dimen name="x1039">1712.43dp</dimen>
    <dimen name="x1040">1714.07dp</dimen>
    <dimen name="x1041">1715.72dp</dimen>
    <dimen name="x1042">1717.37dp</dimen>
    <dimen name="x1043">1719.02dp</dimen>
    <dimen name="x1044">1720.67dp</dimen>
    <dimen name="x1045">1722.31dp</dimen>
    <dimen name="x1046">1723.96dp</dimen>
    <dimen name="x1047">1725.61dp</dimen>
    <dimen name="x1048">1727.26dp</dimen>
    <dimen name="x1049">1728.91dp</dimen>
    <dimen name="x1050">1730.56dp</dimen>
    <dimen name="x1051">1732.20dp</dimen>
    <dimen name="x1052">1733.85dp</dimen>
    <dimen name="x1053">1735.50dp</dimen>
    <dimen name="x1054">1737.15dp</dimen>
    <dimen name="x1055">1738.80dp</dimen>
    <dimen name="x1056">1740.44dp</dimen>
    <dimen name="x1057">1742.09dp</dimen>
    <dimen name="x1058">1743.74dp</dimen>
    <dimen name="x1059">1745.39dp</dimen>
    <dimen name="x1060">1747.04dp</dimen>
    <dimen name="x1061">1748.69dp</dimen>
    <dimen name="x1062">1750.33dp</dimen>
    <dimen name="x1063">1751.98dp</dimen>
    <dimen name="x1064">1753.63dp</dimen>
    <dimen name="x1065">1755.28dp</dimen>
    <dimen name="x1066">1756.93dp</dimen>
    <dimen name="x1067">1758.57dp</dimen>
    <dimen name="x1068">1760.22dp</dimen>
    <dimen name="x1069">1761.87dp</dimen>
    <dimen name="x1070">1763.52dp</dimen>
    <dimen name="x1071">1765.17dp</dimen>
    <dimen name="x1072">1766.81dp</dimen>
    <dimen name="x1073">1768.46dp</dimen>
    <dimen name="x1074">1770.11dp</dimen>
    <dimen name="x1075">1771.76dp</dimen>
    <dimen name="x1076">1773.41dp</dimen>
    <dimen name="x1077">1775.06dp</dimen>
    <dimen name="x1078">1776.70dp</dimen>
    <dimen name="x1079">1778.35dp</dimen>
    <dimen name="x1080">1780.00dp</dimen>
</resources>