<?xml version="1.0" encoding="utf-8"?>
<resources>
    <string name="sw_dp">1340dp</string>
    <dimen name="x1">1.24dp</dimen>
    <dimen name="x2">2.48dp</dimen>
    <dimen name="x3">3.72dp</dimen>
    <dimen name="x4">4.96dp</dimen>
    <dimen name="x5">6.20dp</dimen>
    <dimen name="x6">7.44dp</dimen>
    <dimen name="x7">8.69dp</dimen>
    <dimen name="x8">9.93dp</dimen>
    <dimen name="x9">11.17dp</dimen>
    <dimen name="x10">12.41dp</dimen>
    <dimen name="x11">13.65dp</dimen>
    <dimen name="x12">14.89dp</dimen>
    <dimen name="x13">16.13dp</dimen>
    <dimen name="x14">17.37dp</dimen>
    <dimen name="x15">18.61dp</dimen>
    <dimen name="x16">19.85dp</dimen>
    <dimen name="x17">21.09dp</dimen>
    <dimen name="x18">22.33dp</dimen>
    <dimen name="x19">23.57dp</dimen>
    <dimen name="x20">24.81dp</dimen>
    <dimen name="x21">26.06dp</dimen>
    <dimen name="x22">27.30dp</dimen>
    <dimen name="x23">28.54dp</dimen>
    <dimen name="x24">29.78dp</dimen>
    <dimen name="x25">31.02dp</dimen>
    <dimen name="x26">32.26dp</dimen>
    <dimen name="x27">33.50dp</dimen>
    <dimen name="x28">34.74dp</dimen>
    <dimen name="x29">35.98dp</dimen>
    <dimen name="x30">37.22dp</dimen>
    <dimen name="x31">38.46dp</dimen>
    <dimen name="x32">39.70dp</dimen>
    <dimen name="x33">40.94dp</dimen>
    <dimen name="x34">42.19dp</dimen>
    <dimen name="x35">43.43dp</dimen>
    <dimen name="x36">44.67dp</dimen>
    <dimen name="x37">45.91dp</dimen>
    <dimen name="x38">47.15dp</dimen>
    <dimen name="x39">48.39dp</dimen>
    <dimen name="x40">49.63dp</dimen>
    <dimen name="x41">50.87dp</dimen>
    <dimen name="x42">52.11dp</dimen>
    <dimen name="x43">53.35dp</dimen>
    <dimen name="x44">54.59dp</dimen>
    <dimen name="x45">55.83dp</dimen>
    <dimen name="x46">57.07dp</dimen>
    <dimen name="x47">58.31dp</dimen>
    <dimen name="x48">59.56dp</dimen>
    <dimen name="x49">60.80dp</dimen>
    <dimen name="x50">62.04dp</dimen>
    <dimen name="x51">63.28dp</dimen>
    <dimen name="x52">64.52dp</dimen>
    <dimen name="x53">65.76dp</dimen>
    <dimen name="x54">67.00dp</dimen>
    <dimen name="x55">68.24dp</dimen>
    <dimen name="x56">69.48dp</dimen>
    <dimen name="x57">70.72dp</dimen>
    <dimen name="x58">71.96dp</dimen>
    <dimen name="x59">73.20dp</dimen>
    <dimen name="x60">74.44dp</dimen>
    <dimen name="x61">75.69dp</dimen>
    <dimen name="x62">76.93dp</dimen>
    <dimen name="x63">78.17dp</dimen>
    <dimen name="x64">79.41dp</dimen>
    <dimen name="x65">80.65dp</dimen>
    <dimen name="x66">81.89dp</dimen>
    <dimen name="x67">83.13dp</dimen>
    <dimen name="x68">84.37dp</dimen>
    <dimen name="x69">85.61dp</dimen>
    <dimen name="x70">86.85dp</dimen>
    <dimen name="x71">88.09dp</dimen>
    <dimen name="x72">89.33dp</dimen>
    <dimen name="x73">90.57dp</dimen>
    <dimen name="x74">91.81dp</dimen>
    <dimen name="x75">93.06dp</dimen>
    <dimen name="x76">94.30dp</dimen>
    <dimen name="x77">95.54dp</dimen>
    <dimen name="x78">96.78dp</dimen>
    <dimen name="x79">98.02dp</dimen>
    <dimen name="x80">99.26dp</dimen>
    <dimen name="x81">100.50dp</dimen>
    <dimen name="x82">101.74dp</dimen>
    <dimen name="x83">102.98dp</dimen>
    <dimen name="x84">104.22dp</dimen>
    <dimen name="x85">105.46dp</dimen>
    <dimen name="x86">106.70dp</dimen>
    <dimen name="x87">107.94dp</dimen>
    <dimen name="x88">109.19dp</dimen>
    <dimen name="x89">110.43dp</dimen>
    <dimen name="x90">111.67dp</dimen>
    <dimen name="x91">112.91dp</dimen>
    <dimen name="x92">114.15dp</dimen>
    <dimen name="x93">115.39dp</dimen>
    <dimen name="x94">116.63dp</dimen>
    <dimen name="x95">117.87dp</dimen>
    <dimen name="x96">119.11dp</dimen>
    <dimen name="x97">120.35dp</dimen>
    <dimen name="x98">121.59dp</dimen>
    <dimen name="x99">122.83dp</dimen>
    <dimen name="x100">124.07dp</dimen>
    <dimen name="x101">125.31dp</dimen>
    <dimen name="x102">126.56dp</dimen>
    <dimen name="x103">127.80dp</dimen>
    <dimen name="x104">129.04dp</dimen>
    <dimen name="x105">130.28dp</dimen>
    <dimen name="x106">131.52dp</dimen>
    <dimen name="x107">132.76dp</dimen>
    <dimen name="x108">134.00dp</dimen>
    <dimen name="x109">135.24dp</dimen>
    <dimen name="x110">136.48dp</dimen>
    <dimen name="x111">137.72dp</dimen>
    <dimen name="x112">138.96dp</dimen>
    <dimen name="x113">140.20dp</dimen>
    <dimen name="x114">141.44dp</dimen>
    <dimen name="x115">142.69dp</dimen>
    <dimen name="x116">143.93dp</dimen>
    <dimen name="x117">145.17dp</dimen>
    <dimen name="x118">146.41dp</dimen>
    <dimen name="x119">147.65dp</dimen>
    <dimen name="x120">148.89dp</dimen>
    <dimen name="x121">150.13dp</dimen>
    <dimen name="x122">151.37dp</dimen>
    <dimen name="x123">152.61dp</dimen>
    <dimen name="x124">153.85dp</dimen>
    <dimen name="x125">155.09dp</dimen>
    <dimen name="x126">156.33dp</dimen>
    <dimen name="x127">157.57dp</dimen>
    <dimen name="x128">158.81dp</dimen>
    <dimen name="x129">160.06dp</dimen>
    <dimen name="x130">161.30dp</dimen>
    <dimen name="x131">162.54dp</dimen>
    <dimen name="x132">163.78dp</dimen>
    <dimen name="x133">165.02dp</dimen>
    <dimen name="x134">166.26dp</dimen>
    <dimen name="x135">167.50dp</dimen>
    <dimen name="x136">168.74dp</dimen>
    <dimen name="x137">169.98dp</dimen>
    <dimen name="x138">171.22dp</dimen>
    <dimen name="x139">172.46dp</dimen>
    <dimen name="x140">173.70dp</dimen>
    <dimen name="x141">174.94dp</dimen>
    <dimen name="x142">176.19dp</dimen>
    <dimen name="x143">177.43dp</dimen>
    <dimen name="x144">178.67dp</dimen>
    <dimen name="x145">179.91dp</dimen>
    <dimen name="x146">181.15dp</dimen>
    <dimen name="x147">182.39dp</dimen>
    <dimen name="x148">183.63dp</dimen>
    <dimen name="x149">184.87dp</dimen>
    <dimen name="x150">186.11dp</dimen>
    <dimen name="x151">187.35dp</dimen>
    <dimen name="x152">188.59dp</dimen>
    <dimen name="x153">189.83dp</dimen>
    <dimen name="x154">191.07dp</dimen>
    <dimen name="x155">192.31dp</dimen>
    <dimen name="x156">193.56dp</dimen>
    <dimen name="x157">194.80dp</dimen>
    <dimen name="x158">196.04dp</dimen>
    <dimen name="x159">197.28dp</dimen>
    <dimen name="x160">198.52dp</dimen>
    <dimen name="x161">199.76dp</dimen>
    <dimen name="x162">201.00dp</dimen>
    <dimen name="x163">202.24dp</dimen>
    <dimen name="x164">203.48dp</dimen>
    <dimen name="x165">204.72dp</dimen>
    <dimen name="x166">205.96dp</dimen>
    <dimen name="x167">207.20dp</dimen>
    <dimen name="x168">208.44dp</dimen>
    <dimen name="x169">209.69dp</dimen>
    <dimen name="x170">210.93dp</dimen>
    <dimen name="x171">212.17dp</dimen>
    <dimen name="x172">213.41dp</dimen>
    <dimen name="x173">214.65dp</dimen>
    <dimen name="x174">215.89dp</dimen>
    <dimen name="x175">217.13dp</dimen>
    <dimen name="x176">218.37dp</dimen>
    <dimen name="x177">219.61dp</dimen>
    <dimen name="x178">220.85dp</dimen>
    <dimen name="x179">222.09dp</dimen>
    <dimen name="x180">223.33dp</dimen>
    <dimen name="x181">224.57dp</dimen>
    <dimen name="x182">225.81dp</dimen>
    <dimen name="x183">227.06dp</dimen>
    <dimen name="x184">228.30dp</dimen>
    <dimen name="x185">229.54dp</dimen>
    <dimen name="x186">230.78dp</dimen>
    <dimen name="x187">232.02dp</dimen>
    <dimen name="x188">233.26dp</dimen>
    <dimen name="x189">234.50dp</dimen>
    <dimen name="x190">235.74dp</dimen>
    <dimen name="x191">236.98dp</dimen>
    <dimen name="x192">238.22dp</dimen>
    <dimen name="x193">239.46dp</dimen>
    <dimen name="x194">240.70dp</dimen>
    <dimen name="x195">241.94dp</dimen>
    <dimen name="x196">243.19dp</dimen>
    <dimen name="x197">244.43dp</dimen>
    <dimen name="x198">245.67dp</dimen>
    <dimen name="x199">246.91dp</dimen>
    <dimen name="x200">248.15dp</dimen>
    <dimen name="x201">249.39dp</dimen>
    <dimen name="x202">250.63dp</dimen>
    <dimen name="x203">251.87dp</dimen>
    <dimen name="x204">253.11dp</dimen>
    <dimen name="x205">254.35dp</dimen>
    <dimen name="x206">255.59dp</dimen>
    <dimen name="x207">256.83dp</dimen>
    <dimen name="x208">258.07dp</dimen>
    <dimen name="x209">259.31dp</dimen>
    <dimen name="x210">260.56dp</dimen>
    <dimen name="x211">261.80dp</dimen>
    <dimen name="x212">263.04dp</dimen>
    <dimen name="x213">264.28dp</dimen>
    <dimen name="x214">265.52dp</dimen>
    <dimen name="x215">266.76dp</dimen>
    <dimen name="x216">268.00dp</dimen>
    <dimen name="x217">269.24dp</dimen>
    <dimen name="x218">270.48dp</dimen>
    <dimen name="x219">271.72dp</dimen>
    <dimen name="x220">272.96dp</dimen>
    <dimen name="x221">274.20dp</dimen>
    <dimen name="x222">275.44dp</dimen>
    <dimen name="x223">276.69dp</dimen>
    <dimen name="x224">277.93dp</dimen>
    <dimen name="x225">279.17dp</dimen>
    <dimen name="x226">280.41dp</dimen>
    <dimen name="x227">281.65dp</dimen>
    <dimen name="x228">282.89dp</dimen>
    <dimen name="x229">284.13dp</dimen>
    <dimen name="x230">285.37dp</dimen>
    <dimen name="x231">286.61dp</dimen>
    <dimen name="x232">287.85dp</dimen>
    <dimen name="x233">289.09dp</dimen>
    <dimen name="x234">290.33dp</dimen>
    <dimen name="x235">291.57dp</dimen>
    <dimen name="x236">292.81dp</dimen>
    <dimen name="x237">294.06dp</dimen>
    <dimen name="x238">295.30dp</dimen>
    <dimen name="x239">296.54dp</dimen>
    <dimen name="x240">297.78dp</dimen>
    <dimen name="x241">299.02dp</dimen>
    <dimen name="x242">300.26dp</dimen>
    <dimen name="x243">301.50dp</dimen>
    <dimen name="x244">302.74dp</dimen>
    <dimen name="x245">303.98dp</dimen>
    <dimen name="x246">305.22dp</dimen>
    <dimen name="x247">306.46dp</dimen>
    <dimen name="x248">307.70dp</dimen>
    <dimen name="x249">308.94dp</dimen>
    <dimen name="x250">310.19dp</dimen>
    <dimen name="x251">311.43dp</dimen>
    <dimen name="x252">312.67dp</dimen>
    <dimen name="x253">313.91dp</dimen>
    <dimen name="x254">315.15dp</dimen>
    <dimen name="x255">316.39dp</dimen>
    <dimen name="x256">317.63dp</dimen>
    <dimen name="x257">318.87dp</dimen>
    <dimen name="x258">320.11dp</dimen>
    <dimen name="x259">321.35dp</dimen>
    <dimen name="x260">322.59dp</dimen>
    <dimen name="x261">323.83dp</dimen>
    <dimen name="x262">325.07dp</dimen>
    <dimen name="x263">326.31dp</dimen>
    <dimen name="x264">327.56dp</dimen>
    <dimen name="x265">328.80dp</dimen>
    <dimen name="x266">330.04dp</dimen>
    <dimen name="x267">331.28dp</dimen>
    <dimen name="x268">332.52dp</dimen>
    <dimen name="x269">333.76dp</dimen>
    <dimen name="x270">335.00dp</dimen>
    <dimen name="x271">336.24dp</dimen>
    <dimen name="x272">337.48dp</dimen>
    <dimen name="x273">338.72dp</dimen>
    <dimen name="x274">339.96dp</dimen>
    <dimen name="x275">341.20dp</dimen>
    <dimen name="x276">342.44dp</dimen>
    <dimen name="x277">343.69dp</dimen>
    <dimen name="x278">344.93dp</dimen>
    <dimen name="x279">346.17dp</dimen>
    <dimen name="x280">347.41dp</dimen>
    <dimen name="x281">348.65dp</dimen>
    <dimen name="x282">349.89dp</dimen>
    <dimen name="x283">351.13dp</dimen>
    <dimen name="x284">352.37dp</dimen>
    <dimen name="x285">353.61dp</dimen>
    <dimen name="x286">354.85dp</dimen>
    <dimen name="x287">356.09dp</dimen>
    <dimen name="x288">357.33dp</dimen>
    <dimen name="x289">358.57dp</dimen>
    <dimen name="x290">359.81dp</dimen>
    <dimen name="x291">361.06dp</dimen>
    <dimen name="x292">362.30dp</dimen>
    <dimen name="x293">363.54dp</dimen>
    <dimen name="x294">364.78dp</dimen>
    <dimen name="x295">366.02dp</dimen>
    <dimen name="x296">367.26dp</dimen>
    <dimen name="x297">368.50dp</dimen>
    <dimen name="x298">369.74dp</dimen>
    <dimen name="x299">370.98dp</dimen>
    <dimen name="x300">372.22dp</dimen>
    <dimen name="x301">373.46dp</dimen>
    <dimen name="x302">374.70dp</dimen>
    <dimen name="x303">375.94dp</dimen>
    <dimen name="x304">377.19dp</dimen>
    <dimen name="x305">378.43dp</dimen>
    <dimen name="x306">379.67dp</dimen>
    <dimen name="x307">380.91dp</dimen>
    <dimen name="x308">382.15dp</dimen>
    <dimen name="x309">383.39dp</dimen>
    <dimen name="x310">384.63dp</dimen>
    <dimen name="x311">385.87dp</dimen>
    <dimen name="x312">387.11dp</dimen>
    <dimen name="x313">388.35dp</dimen>
    <dimen name="x314">389.59dp</dimen>
    <dimen name="x315">390.83dp</dimen>
    <dimen name="x316">392.07dp</dimen>
    <dimen name="x317">393.31dp</dimen>
    <dimen name="x318">394.56dp</dimen>
    <dimen name="x319">395.80dp</dimen>
    <dimen name="x320">397.04dp</dimen>
    <dimen name="x321">398.28dp</dimen>
    <dimen name="x322">399.52dp</dimen>
    <dimen name="x323">400.76dp</dimen>
    <dimen name="x324">402.00dp</dimen>
    <dimen name="x325">403.24dp</dimen>
    <dimen name="x326">404.48dp</dimen>
    <dimen name="x327">405.72dp</dimen>
    <dimen name="x328">406.96dp</dimen>
    <dimen name="x329">408.20dp</dimen>
    <dimen name="x330">409.44dp</dimen>
    <dimen name="x331">410.69dp</dimen>
    <dimen name="x332">411.93dp</dimen>
    <dimen name="x333">413.17dp</dimen>
    <dimen name="x334">414.41dp</dimen>
    <dimen name="x335">415.65dp</dimen>
    <dimen name="x336">416.89dp</dimen>
    <dimen name="x337">418.13dp</dimen>
    <dimen name="x338">419.37dp</dimen>
    <dimen name="x339">420.61dp</dimen>
    <dimen name="x340">421.85dp</dimen>
    <dimen name="x341">423.09dp</dimen>
    <dimen name="x342">424.33dp</dimen>
    <dimen name="x343">425.57dp</dimen>
    <dimen name="x344">426.81dp</dimen>
    <dimen name="x345">428.06dp</dimen>
    <dimen name="x346">429.30dp</dimen>
    <dimen name="x347">430.54dp</dimen>
    <dimen name="x348">431.78dp</dimen>
    <dimen name="x349">433.02dp</dimen>
    <dimen name="x350">434.26dp</dimen>
    <dimen name="x351">435.50dp</dimen>
    <dimen name="x352">436.74dp</dimen>
    <dimen name="x353">437.98dp</dimen>
    <dimen name="x354">439.22dp</dimen>
    <dimen name="x355">440.46dp</dimen>
    <dimen name="x356">441.70dp</dimen>
    <dimen name="x357">442.94dp</dimen>
    <dimen name="x358">444.19dp</dimen>
    <dimen name="x359">445.43dp</dimen>
    <dimen name="x360">446.67dp</dimen>
    <dimen name="x361">447.91dp</dimen>
    <dimen name="x362">449.15dp</dimen>
    <dimen name="x363">450.39dp</dimen>
    <dimen name="x364">451.63dp</dimen>
    <dimen name="x365">452.87dp</dimen>
    <dimen name="x366">454.11dp</dimen>
    <dimen name="x367">455.35dp</dimen>
    <dimen name="x368">456.59dp</dimen>
    <dimen name="x369">457.83dp</dimen>
    <dimen name="x370">459.07dp</dimen>
    <dimen name="x371">460.31dp</dimen>
    <dimen name="x372">461.56dp</dimen>
    <dimen name="x373">462.80dp</dimen>
    <dimen name="x374">464.04dp</dimen>
    <dimen name="x375">465.28dp</dimen>
    <dimen name="x376">466.52dp</dimen>
    <dimen name="x377">467.76dp</dimen>
    <dimen name="x378">469.00dp</dimen>
    <dimen name="x379">470.24dp</dimen>
    <dimen name="x380">471.48dp</dimen>
    <dimen name="x381">472.72dp</dimen>
    <dimen name="x382">473.96dp</dimen>
    <dimen name="x383">475.20dp</dimen>
    <dimen name="x384">476.44dp</dimen>
    <dimen name="x385">477.69dp</dimen>
    <dimen name="x386">478.93dp</dimen>
    <dimen name="x387">480.17dp</dimen>
    <dimen name="x388">481.41dp</dimen>
    <dimen name="x389">482.65dp</dimen>
    <dimen name="x390">483.89dp</dimen>
    <dimen name="x391">485.13dp</dimen>
    <dimen name="x392">486.37dp</dimen>
    <dimen name="x393">487.61dp</dimen>
    <dimen name="x394">488.85dp</dimen>
    <dimen name="x395">490.09dp</dimen>
    <dimen name="x396">491.33dp</dimen>
    <dimen name="x397">492.57dp</dimen>
    <dimen name="x398">493.81dp</dimen>
    <dimen name="x399">495.06dp</dimen>
    <dimen name="x400">496.30dp</dimen>
    <dimen name="x401">497.54dp</dimen>
    <dimen name="x402">498.78dp</dimen>
    <dimen name="x403">500.02dp</dimen>
    <dimen name="x404">501.26dp</dimen>
    <dimen name="x405">502.50dp</dimen>
    <dimen name="x406">503.74dp</dimen>
    <dimen name="x407">504.98dp</dimen>
    <dimen name="x408">506.22dp</dimen>
    <dimen name="x409">507.46dp</dimen>
    <dimen name="x410">508.70dp</dimen>
    <dimen name="x411">509.94dp</dimen>
    <dimen name="x412">511.19dp</dimen>
    <dimen name="x413">512.43dp</dimen>
    <dimen name="x414">513.67dp</dimen>
    <dimen name="x415">514.91dp</dimen>
    <dimen name="x416">516.15dp</dimen>
    <dimen name="x417">517.39dp</dimen>
    <dimen name="x418">518.63dp</dimen>
    <dimen name="x419">519.87dp</dimen>
    <dimen name="x420">521.11dp</dimen>
    <dimen name="x421">522.35dp</dimen>
    <dimen name="x422">523.59dp</dimen>
    <dimen name="x423">524.83dp</dimen>
    <dimen name="x424">526.07dp</dimen>
    <dimen name="x425">527.31dp</dimen>
    <dimen name="x426">528.56dp</dimen>
    <dimen name="x427">529.80dp</dimen>
    <dimen name="x428">531.04dp</dimen>
    <dimen name="x429">532.28dp</dimen>
    <dimen name="x430">533.52dp</dimen>
    <dimen name="x431">534.76dp</dimen>
    <dimen name="x432">536.00dp</dimen>
    <dimen name="x433">537.24dp</dimen>
    <dimen name="x434">538.48dp</dimen>
    <dimen name="x435">539.72dp</dimen>
    <dimen name="x436">540.96dp</dimen>
    <dimen name="x437">542.20dp</dimen>
    <dimen name="x438">543.44dp</dimen>
    <dimen name="x439">544.69dp</dimen>
    <dimen name="x440">545.93dp</dimen>
    <dimen name="x441">547.17dp</dimen>
    <dimen name="x442">548.41dp</dimen>
    <dimen name="x443">549.65dp</dimen>
    <dimen name="x444">550.89dp</dimen>
    <dimen name="x445">552.13dp</dimen>
    <dimen name="x446">553.37dp</dimen>
    <dimen name="x447">554.61dp</dimen>
    <dimen name="x448">555.85dp</dimen>
    <dimen name="x449">557.09dp</dimen>
    <dimen name="x450">558.33dp</dimen>
    <dimen name="x451">559.57dp</dimen>
    <dimen name="x452">560.81dp</dimen>
    <dimen name="x453">562.06dp</dimen>
    <dimen name="x454">563.30dp</dimen>
    <dimen name="x455">564.54dp</dimen>
    <dimen name="x456">565.78dp</dimen>
    <dimen name="x457">567.02dp</dimen>
    <dimen name="x458">568.26dp</dimen>
    <dimen name="x459">569.50dp</dimen>
    <dimen name="x460">570.74dp</dimen>
    <dimen name="x461">571.98dp</dimen>
    <dimen name="x462">573.22dp</dimen>
    <dimen name="x463">574.46dp</dimen>
    <dimen name="x464">575.70dp</dimen>
    <dimen name="x465">576.94dp</dimen>
    <dimen name="x466">578.19dp</dimen>
    <dimen name="x467">579.43dp</dimen>
    <dimen name="x468">580.67dp</dimen>
    <dimen name="x469">581.91dp</dimen>
    <dimen name="x470">583.15dp</dimen>
    <dimen name="x471">584.39dp</dimen>
    <dimen name="x472">585.63dp</dimen>
    <dimen name="x473">586.87dp</dimen>
    <dimen name="x474">588.11dp</dimen>
    <dimen name="x475">589.35dp</dimen>
    <dimen name="x476">590.59dp</dimen>
    <dimen name="x477">591.83dp</dimen>
    <dimen name="x478">593.07dp</dimen>
    <dimen name="x479">594.31dp</dimen>
    <dimen name="x480">595.56dp</dimen>
    <dimen name="x481">596.80dp</dimen>
    <dimen name="x482">598.04dp</dimen>
    <dimen name="x483">599.28dp</dimen>
    <dimen name="x484">600.52dp</dimen>
    <dimen name="x485">601.76dp</dimen>
    <dimen name="x486">603.00dp</dimen>
    <dimen name="x487">604.24dp</dimen>
    <dimen name="x488">605.48dp</dimen>
    <dimen name="x489">606.72dp</dimen>
    <dimen name="x490">607.96dp</dimen>
    <dimen name="x491">609.20dp</dimen>
    <dimen name="x492">610.44dp</dimen>
    <dimen name="x493">611.69dp</dimen>
    <dimen name="x494">612.93dp</dimen>
    <dimen name="x495">614.17dp</dimen>
    <dimen name="x496">615.41dp</dimen>
    <dimen name="x497">616.65dp</dimen>
    <dimen name="x498">617.89dp</dimen>
    <dimen name="x499">619.13dp</dimen>
    <dimen name="x500">620.37dp</dimen>
    <dimen name="x501">621.61dp</dimen>
    <dimen name="x502">622.85dp</dimen>
    <dimen name="x503">624.09dp</dimen>
    <dimen name="x504">625.33dp</dimen>
    <dimen name="x505">626.57dp</dimen>
    <dimen name="x506">627.81dp</dimen>
    <dimen name="x507">629.06dp</dimen>
    <dimen name="x508">630.30dp</dimen>
    <dimen name="x509">631.54dp</dimen>
    <dimen name="x510">632.78dp</dimen>
    <dimen name="x511">634.02dp</dimen>
    <dimen name="x512">635.26dp</dimen>
    <dimen name="x513">636.50dp</dimen>
    <dimen name="x514">637.74dp</dimen>
    <dimen name="x515">638.98dp</dimen>
    <dimen name="x516">640.22dp</dimen>
    <dimen name="x517">641.46dp</dimen>
    <dimen name="x518">642.70dp</dimen>
    <dimen name="x519">643.94dp</dimen>
    <dimen name="x520">645.19dp</dimen>
    <dimen name="x521">646.43dp</dimen>
    <dimen name="x522">647.67dp</dimen>
    <dimen name="x523">648.91dp</dimen>
    <dimen name="x524">650.15dp</dimen>
    <dimen name="x525">651.39dp</dimen>
    <dimen name="x526">652.63dp</dimen>
    <dimen name="x527">653.87dp</dimen>
    <dimen name="x528">655.11dp</dimen>
    <dimen name="x529">656.35dp</dimen>
    <dimen name="x530">657.59dp</dimen>
    <dimen name="x531">658.83dp</dimen>
    <dimen name="x532">660.07dp</dimen>
    <dimen name="x533">661.31dp</dimen>
    <dimen name="x534">662.56dp</dimen>
    <dimen name="x535">663.80dp</dimen>
    <dimen name="x536">665.04dp</dimen>
    <dimen name="x537">666.28dp</dimen>
    <dimen name="x538">667.52dp</dimen>
    <dimen name="x539">668.76dp</dimen>
    <dimen name="x540">670.00dp</dimen>
    <dimen name="x541">671.24dp</dimen>
    <dimen name="x542">672.48dp</dimen>
    <dimen name="x543">673.72dp</dimen>
    <dimen name="x544">674.96dp</dimen>
    <dimen name="x545">676.20dp</dimen>
    <dimen name="x546">677.44dp</dimen>
    <dimen name="x547">678.69dp</dimen>
    <dimen name="x548">679.93dp</dimen>
    <dimen name="x549">681.17dp</dimen>
    <dimen name="x550">682.41dp</dimen>
    <dimen name="x551">683.65dp</dimen>
    <dimen name="x552">684.89dp</dimen>
    <dimen name="x553">686.13dp</dimen>
    <dimen name="x554">687.37dp</dimen>
    <dimen name="x555">688.61dp</dimen>
    <dimen name="x556">689.85dp</dimen>
    <dimen name="x557">691.09dp</dimen>
    <dimen name="x558">692.33dp</dimen>
    <dimen name="x559">693.57dp</dimen>
    <dimen name="x560">694.81dp</dimen>
    <dimen name="x561">696.06dp</dimen>
    <dimen name="x562">697.30dp</dimen>
    <dimen name="x563">698.54dp</dimen>
    <dimen name="x564">699.78dp</dimen>
    <dimen name="x565">701.02dp</dimen>
    <dimen name="x566">702.26dp</dimen>
    <dimen name="x567">703.50dp</dimen>
    <dimen name="x568">704.74dp</dimen>
    <dimen name="x569">705.98dp</dimen>
    <dimen name="x570">707.22dp</dimen>
    <dimen name="x571">708.46dp</dimen>
    <dimen name="x572">709.70dp</dimen>
    <dimen name="x573">710.94dp</dimen>
    <dimen name="x574">712.19dp</dimen>
    <dimen name="x575">713.43dp</dimen>
    <dimen name="x576">714.67dp</dimen>
    <dimen name="x577">715.91dp</dimen>
    <dimen name="x578">717.15dp</dimen>
    <dimen name="x579">718.39dp</dimen>
    <dimen name="x580">719.63dp</dimen>
    <dimen name="x581">720.87dp</dimen>
    <dimen name="x582">722.11dp</dimen>
    <dimen name="x583">723.35dp</dimen>
    <dimen name="x584">724.59dp</dimen>
    <dimen name="x585">725.83dp</dimen>
    <dimen name="x586">727.07dp</dimen>
    <dimen name="x587">728.31dp</dimen>
    <dimen name="x588">729.56dp</dimen>
    <dimen name="x589">730.80dp</dimen>
    <dimen name="x590">732.04dp</dimen>
    <dimen name="x591">733.28dp</dimen>
    <dimen name="x592">734.52dp</dimen>
    <dimen name="x593">735.76dp</dimen>
    <dimen name="x594">737.00dp</dimen>
    <dimen name="x595">738.24dp</dimen>
    <dimen name="x596">739.48dp</dimen>
    <dimen name="x597">740.72dp</dimen>
    <dimen name="x598">741.96dp</dimen>
    <dimen name="x599">743.20dp</dimen>
    <dimen name="x600">744.44dp</dimen>
    <dimen name="x601">745.69dp</dimen>
    <dimen name="x602">746.93dp</dimen>
    <dimen name="x603">748.17dp</dimen>
    <dimen name="x604">749.41dp</dimen>
    <dimen name="x605">750.65dp</dimen>
    <dimen name="x606">751.89dp</dimen>
    <dimen name="x607">753.13dp</dimen>
    <dimen name="x608">754.37dp</dimen>
    <dimen name="x609">755.61dp</dimen>
    <dimen name="x610">756.85dp</dimen>
    <dimen name="x611">758.09dp</dimen>
    <dimen name="x612">759.33dp</dimen>
    <dimen name="x613">760.57dp</dimen>
    <dimen name="x614">761.81dp</dimen>
    <dimen name="x615">763.06dp</dimen>
    <dimen name="x616">764.30dp</dimen>
    <dimen name="x617">765.54dp</dimen>
    <dimen name="x618">766.78dp</dimen>
    <dimen name="x619">768.02dp</dimen>
    <dimen name="x620">769.26dp</dimen>
    <dimen name="x621">770.50dp</dimen>
    <dimen name="x622">771.74dp</dimen>
    <dimen name="x623">772.98dp</dimen>
    <dimen name="x624">774.22dp</dimen>
    <dimen name="x625">775.46dp</dimen>
    <dimen name="x626">776.70dp</dimen>
    <dimen name="x627">777.94dp</dimen>
    <dimen name="x628">779.19dp</dimen>
    <dimen name="x629">780.43dp</dimen>
    <dimen name="x630">781.67dp</dimen>
    <dimen name="x631">782.91dp</dimen>
    <dimen name="x632">784.15dp</dimen>
    <dimen name="x633">785.39dp</dimen>
    <dimen name="x634">786.63dp</dimen>
    <dimen name="x635">787.87dp</dimen>
    <dimen name="x636">789.11dp</dimen>
    <dimen name="x637">790.35dp</dimen>
    <dimen name="x638">791.59dp</dimen>
    <dimen name="x639">792.83dp</dimen>
    <dimen name="x640">794.07dp</dimen>
    <dimen name="x641">795.31dp</dimen>
    <dimen name="x642">796.56dp</dimen>
    <dimen name="x643">797.80dp</dimen>
    <dimen name="x644">799.04dp</dimen>
    <dimen name="x645">800.28dp</dimen>
    <dimen name="x646">801.52dp</dimen>
    <dimen name="x647">802.76dp</dimen>
    <dimen name="x648">804.00dp</dimen>
    <dimen name="x649">805.24dp</dimen>
    <dimen name="x650">806.48dp</dimen>
    <dimen name="x651">807.72dp</dimen>
    <dimen name="x652">808.96dp</dimen>
    <dimen name="x653">810.20dp</dimen>
    <dimen name="x654">811.44dp</dimen>
    <dimen name="x655">812.69dp</dimen>
    <dimen name="x656">813.93dp</dimen>
    <dimen name="x657">815.17dp</dimen>
    <dimen name="x658">816.41dp</dimen>
    <dimen name="x659">817.65dp</dimen>
    <dimen name="x660">818.89dp</dimen>
    <dimen name="x661">820.13dp</dimen>
    <dimen name="x662">821.37dp</dimen>
    <dimen name="x663">822.61dp</dimen>
    <dimen name="x664">823.85dp</dimen>
    <dimen name="x665">825.09dp</dimen>
    <dimen name="x666">826.33dp</dimen>
    <dimen name="x667">827.57dp</dimen>
    <dimen name="x668">828.81dp</dimen>
    <dimen name="x669">830.06dp</dimen>
    <dimen name="x670">831.30dp</dimen>
    <dimen name="x671">832.54dp</dimen>
    <dimen name="x672">833.78dp</dimen>
    <dimen name="x673">835.02dp</dimen>
    <dimen name="x674">836.26dp</dimen>
    <dimen name="x675">837.50dp</dimen>
    <dimen name="x676">838.74dp</dimen>
    <dimen name="x677">839.98dp</dimen>
    <dimen name="x678">841.22dp</dimen>
    <dimen name="x679">842.46dp</dimen>
    <dimen name="x680">843.70dp</dimen>
    <dimen name="x681">844.94dp</dimen>
    <dimen name="x682">846.19dp</dimen>
    <dimen name="x683">847.43dp</dimen>
    <dimen name="x684">848.67dp</dimen>
    <dimen name="x685">849.91dp</dimen>
    <dimen name="x686">851.15dp</dimen>
    <dimen name="x687">852.39dp</dimen>
    <dimen name="x688">853.63dp</dimen>
    <dimen name="x689">854.87dp</dimen>
    <dimen name="x690">856.11dp</dimen>
    <dimen name="x691">857.35dp</dimen>
    <dimen name="x692">858.59dp</dimen>
    <dimen name="x693">859.83dp</dimen>
    <dimen name="x694">861.07dp</dimen>
    <dimen name="x695">862.31dp</dimen>
    <dimen name="x696">863.56dp</dimen>
    <dimen name="x697">864.80dp</dimen>
    <dimen name="x698">866.04dp</dimen>
    <dimen name="x699">867.28dp</dimen>
    <dimen name="x700">868.52dp</dimen>
    <dimen name="x701">869.76dp</dimen>
    <dimen name="x702">871.00dp</dimen>
    <dimen name="x703">872.24dp</dimen>
    <dimen name="x704">873.48dp</dimen>
    <dimen name="x705">874.72dp</dimen>
    <dimen name="x706">875.96dp</dimen>
    <dimen name="x707">877.20dp</dimen>
    <dimen name="x708">878.44dp</dimen>
    <dimen name="x709">879.69dp</dimen>
    <dimen name="x710">880.93dp</dimen>
    <dimen name="x711">882.17dp</dimen>
    <dimen name="x712">883.41dp</dimen>
    <dimen name="x713">884.65dp</dimen>
    <dimen name="x714">885.89dp</dimen>
    <dimen name="x715">887.13dp</dimen>
    <dimen name="x716">888.37dp</dimen>
    <dimen name="x717">889.61dp</dimen>
    <dimen name="x718">890.85dp</dimen>
    <dimen name="x719">892.09dp</dimen>
    <dimen name="x720">893.33dp</dimen>
    <dimen name="x721">894.57dp</dimen>
    <dimen name="x722">895.81dp</dimen>
    <dimen name="x723">897.06dp</dimen>
    <dimen name="x724">898.30dp</dimen>
    <dimen name="x725">899.54dp</dimen>
    <dimen name="x726">900.78dp</dimen>
    <dimen name="x727">902.02dp</dimen>
    <dimen name="x728">903.26dp</dimen>
    <dimen name="x729">904.50dp</dimen>
    <dimen name="x730">905.74dp</dimen>
    <dimen name="x731">906.98dp</dimen>
    <dimen name="x732">908.22dp</dimen>
    <dimen name="x733">909.46dp</dimen>
    <dimen name="x734">910.70dp</dimen>
    <dimen name="x735">911.94dp</dimen>
    <dimen name="x736">913.19dp</dimen>
    <dimen name="x737">914.43dp</dimen>
    <dimen name="x738">915.67dp</dimen>
    <dimen name="x739">916.91dp</dimen>
    <dimen name="x740">918.15dp</dimen>
    <dimen name="x741">919.39dp</dimen>
    <dimen name="x742">920.63dp</dimen>
    <dimen name="x743">921.87dp</dimen>
    <dimen name="x744">923.11dp</dimen>
    <dimen name="x745">924.35dp</dimen>
    <dimen name="x746">925.59dp</dimen>
    <dimen name="x747">926.83dp</dimen>
    <dimen name="x748">928.07dp</dimen>
    <dimen name="x749">929.31dp</dimen>
    <dimen name="x750">930.56dp</dimen>
    <dimen name="x751">931.80dp</dimen>
    <dimen name="x752">933.04dp</dimen>
    <dimen name="x753">934.28dp</dimen>
    <dimen name="x754">935.52dp</dimen>
    <dimen name="x755">936.76dp</dimen>
    <dimen name="x756">938.00dp</dimen>
    <dimen name="x757">939.24dp</dimen>
    <dimen name="x758">940.48dp</dimen>
    <dimen name="x759">941.72dp</dimen>
    <dimen name="x760">942.96dp</dimen>
    <dimen name="x761">944.20dp</dimen>
    <dimen name="x762">945.44dp</dimen>
    <dimen name="x763">946.69dp</dimen>
    <dimen name="x764">947.93dp</dimen>
    <dimen name="x765">949.17dp</dimen>
    <dimen name="x766">950.41dp</dimen>
    <dimen name="x767">951.65dp</dimen>
    <dimen name="x768">952.89dp</dimen>
    <dimen name="x769">954.13dp</dimen>
    <dimen name="x770">955.37dp</dimen>
    <dimen name="x771">956.61dp</dimen>
    <dimen name="x772">957.85dp</dimen>
    <dimen name="x773">959.09dp</dimen>
    <dimen name="x774">960.33dp</dimen>
    <dimen name="x775">961.57dp</dimen>
    <dimen name="x776">962.81dp</dimen>
    <dimen name="x777">964.06dp</dimen>
    <dimen name="x778">965.30dp</dimen>
    <dimen name="x779">966.54dp</dimen>
    <dimen name="x780">967.78dp</dimen>
    <dimen name="x781">969.02dp</dimen>
    <dimen name="x782">970.26dp</dimen>
    <dimen name="x783">971.50dp</dimen>
    <dimen name="x784">972.74dp</dimen>
    <dimen name="x785">973.98dp</dimen>
    <dimen name="x786">975.22dp</dimen>
    <dimen name="x787">976.46dp</dimen>
    <dimen name="x788">977.70dp</dimen>
    <dimen name="x789">978.94dp</dimen>
    <dimen name="x790">980.19dp</dimen>
    <dimen name="x791">981.43dp</dimen>
    <dimen name="x792">982.67dp</dimen>
    <dimen name="x793">983.91dp</dimen>
    <dimen name="x794">985.15dp</dimen>
    <dimen name="x795">986.39dp</dimen>
    <dimen name="x796">987.63dp</dimen>
    <dimen name="x797">988.87dp</dimen>
    <dimen name="x798">990.11dp</dimen>
    <dimen name="x799">991.35dp</dimen>
    <dimen name="x800">992.59dp</dimen>
    <dimen name="x801">993.83dp</dimen>
    <dimen name="x802">995.07dp</dimen>
    <dimen name="x803">996.31dp</dimen>
    <dimen name="x804">997.56dp</dimen>
    <dimen name="x805">998.80dp</dimen>
    <dimen name="x806">1000.04dp</dimen>
    <dimen name="x807">1001.28dp</dimen>
    <dimen name="x808">1002.52dp</dimen>
    <dimen name="x809">1003.76dp</dimen>
    <dimen name="x810">1005.00dp</dimen>
    <dimen name="x811">1006.24dp</dimen>
    <dimen name="x812">1007.48dp</dimen>
    <dimen name="x813">1008.72dp</dimen>
    <dimen name="x814">1009.96dp</dimen>
    <dimen name="x815">1011.20dp</dimen>
    <dimen name="x816">1012.44dp</dimen>
    <dimen name="x817">1013.69dp</dimen>
    <dimen name="x818">1014.93dp</dimen>
    <dimen name="x819">1016.17dp</dimen>
    <dimen name="x820">1017.41dp</dimen>
    <dimen name="x821">1018.65dp</dimen>
    <dimen name="x822">1019.89dp</dimen>
    <dimen name="x823">1021.13dp</dimen>
    <dimen name="x824">1022.37dp</dimen>
    <dimen name="x825">1023.61dp</dimen>
    <dimen name="x826">1024.85dp</dimen>
    <dimen name="x827">1026.09dp</dimen>
    <dimen name="x828">1027.33dp</dimen>
    <dimen name="x829">1028.57dp</dimen>
    <dimen name="x830">1029.81dp</dimen>
    <dimen name="x831">1031.06dp</dimen>
    <dimen name="x832">1032.30dp</dimen>
    <dimen name="x833">1033.54dp</dimen>
    <dimen name="x834">1034.78dp</dimen>
    <dimen name="x835">1036.02dp</dimen>
    <dimen name="x836">1037.26dp</dimen>
    <dimen name="x837">1038.50dp</dimen>
    <dimen name="x838">1039.74dp</dimen>
    <dimen name="x839">1040.98dp</dimen>
    <dimen name="x840">1042.22dp</dimen>
    <dimen name="x841">1043.46dp</dimen>
    <dimen name="x842">1044.70dp</dimen>
    <dimen name="x843">1045.94dp</dimen>
    <dimen name="x844">1047.19dp</dimen>
    <dimen name="x845">1048.43dp</dimen>
    <dimen name="x846">1049.67dp</dimen>
    <dimen name="x847">1050.91dp</dimen>
    <dimen name="x848">1052.15dp</dimen>
    <dimen name="x849">1053.39dp</dimen>
    <dimen name="x850">1054.63dp</dimen>
    <dimen name="x851">1055.87dp</dimen>
    <dimen name="x852">1057.11dp</dimen>
    <dimen name="x853">1058.35dp</dimen>
    <dimen name="x854">1059.59dp</dimen>
    <dimen name="x855">1060.83dp</dimen>
    <dimen name="x856">1062.07dp</dimen>
    <dimen name="x857">1063.31dp</dimen>
    <dimen name="x858">1064.56dp</dimen>
    <dimen name="x859">1065.80dp</dimen>
    <dimen name="x860">1067.04dp</dimen>
    <dimen name="x861">1068.28dp</dimen>
    <dimen name="x862">1069.52dp</dimen>
    <dimen name="x863">1070.76dp</dimen>
    <dimen name="x864">1072.00dp</dimen>
    <dimen name="x865">1073.24dp</dimen>
    <dimen name="x866">1074.48dp</dimen>
    <dimen name="x867">1075.72dp</dimen>
    <dimen name="x868">1076.96dp</dimen>
    <dimen name="x869">1078.20dp</dimen>
    <dimen name="x870">1079.44dp</dimen>
    <dimen name="x871">1080.69dp</dimen>
    <dimen name="x872">1081.93dp</dimen>
    <dimen name="x873">1083.17dp</dimen>
    <dimen name="x874">1084.41dp</dimen>
    <dimen name="x875">1085.65dp</dimen>
    <dimen name="x876">1086.89dp</dimen>
    <dimen name="x877">1088.13dp</dimen>
    <dimen name="x878">1089.37dp</dimen>
    <dimen name="x879">1090.61dp</dimen>
    <dimen name="x880">1091.85dp</dimen>
    <dimen name="x881">1093.09dp</dimen>
    <dimen name="x882">1094.33dp</dimen>
    <dimen name="x883">1095.57dp</dimen>
    <dimen name="x884">1096.81dp</dimen>
    <dimen name="x885">1098.06dp</dimen>
    <dimen name="x886">1099.30dp</dimen>
    <dimen name="x887">1100.54dp</dimen>
    <dimen name="x888">1101.78dp</dimen>
    <dimen name="x889">1103.02dp</dimen>
    <dimen name="x890">1104.26dp</dimen>
    <dimen name="x891">1105.50dp</dimen>
    <dimen name="x892">1106.74dp</dimen>
    <dimen name="x893">1107.98dp</dimen>
    <dimen name="x894">1109.22dp</dimen>
    <dimen name="x895">1110.46dp</dimen>
    <dimen name="x896">1111.70dp</dimen>
    <dimen name="x897">1112.94dp</dimen>
    <dimen name="x898">1114.19dp</dimen>
    <dimen name="x899">1115.43dp</dimen>
    <dimen name="x900">1116.67dp</dimen>
    <dimen name="x901">1117.91dp</dimen>
    <dimen name="x902">1119.15dp</dimen>
    <dimen name="x903">1120.39dp</dimen>
    <dimen name="x904">1121.63dp</dimen>
    <dimen name="x905">1122.87dp</dimen>
    <dimen name="x906">1124.11dp</dimen>
    <dimen name="x907">1125.35dp</dimen>
    <dimen name="x908">1126.59dp</dimen>
    <dimen name="x909">1127.83dp</dimen>
    <dimen name="x910">1129.07dp</dimen>
    <dimen name="x911">1130.31dp</dimen>
    <dimen name="x912">1131.56dp</dimen>
    <dimen name="x913">1132.80dp</dimen>
    <dimen name="x914">1134.04dp</dimen>
    <dimen name="x915">1135.28dp</dimen>
    <dimen name="x916">1136.52dp</dimen>
    <dimen name="x917">1137.76dp</dimen>
    <dimen name="x918">1139.00dp</dimen>
    <dimen name="x919">1140.24dp</dimen>
    <dimen name="x920">1141.48dp</dimen>
    <dimen name="x921">1142.72dp</dimen>
    <dimen name="x922">1143.96dp</dimen>
    <dimen name="x923">1145.20dp</dimen>
    <dimen name="x924">1146.44dp</dimen>
    <dimen name="x925">1147.69dp</dimen>
    <dimen name="x926">1148.93dp</dimen>
    <dimen name="x927">1150.17dp</dimen>
    <dimen name="x928">1151.41dp</dimen>
    <dimen name="x929">1152.65dp</dimen>
    <dimen name="x930">1153.89dp</dimen>
    <dimen name="x931">1155.13dp</dimen>
    <dimen name="x932">1156.37dp</dimen>
    <dimen name="x933">1157.61dp</dimen>
    <dimen name="x934">1158.85dp</dimen>
    <dimen name="x935">1160.09dp</dimen>
    <dimen name="x936">1161.33dp</dimen>
    <dimen name="x937">1162.57dp</dimen>
    <dimen name="x938">1163.81dp</dimen>
    <dimen name="x939">1165.06dp</dimen>
    <dimen name="x940">1166.30dp</dimen>
    <dimen name="x941">1167.54dp</dimen>
    <dimen name="x942">1168.78dp</dimen>
    <dimen name="x943">1170.02dp</dimen>
    <dimen name="x944">1171.26dp</dimen>
    <dimen name="x945">1172.50dp</dimen>
    <dimen name="x946">1173.74dp</dimen>
    <dimen name="x947">1174.98dp</dimen>
    <dimen name="x948">1176.22dp</dimen>
    <dimen name="x949">1177.46dp</dimen>
    <dimen name="x950">1178.70dp</dimen>
    <dimen name="x951">1179.94dp</dimen>
    <dimen name="x952">1181.19dp</dimen>
    <dimen name="x953">1182.43dp</dimen>
    <dimen name="x954">1183.67dp</dimen>
    <dimen name="x955">1184.91dp</dimen>
    <dimen name="x956">1186.15dp</dimen>
    <dimen name="x957">1187.39dp</dimen>
    <dimen name="x958">1188.63dp</dimen>
    <dimen name="x959">1189.87dp</dimen>
    <dimen name="x960">1191.11dp</dimen>
    <dimen name="x961">1192.35dp</dimen>
    <dimen name="x962">1193.59dp</dimen>
    <dimen name="x963">1194.83dp</dimen>
    <dimen name="x964">1196.07dp</dimen>
    <dimen name="x965">1197.31dp</dimen>
    <dimen name="x966">1198.56dp</dimen>
    <dimen name="x967">1199.80dp</dimen>
    <dimen name="x968">1201.04dp</dimen>
    <dimen name="x969">1202.28dp</dimen>
    <dimen name="x970">1203.52dp</dimen>
    <dimen name="x971">1204.76dp</dimen>
    <dimen name="x972">1206.00dp</dimen>
    <dimen name="x973">1207.24dp</dimen>
    <dimen name="x974">1208.48dp</dimen>
    <dimen name="x975">1209.72dp</dimen>
    <dimen name="x976">1210.96dp</dimen>
    <dimen name="x977">1212.20dp</dimen>
    <dimen name="x978">1213.44dp</dimen>
    <dimen name="x979">1214.69dp</dimen>
    <dimen name="x980">1215.93dp</dimen>
    <dimen name="x981">1217.17dp</dimen>
    <dimen name="x982">1218.41dp</dimen>
    <dimen name="x983">1219.65dp</dimen>
    <dimen name="x984">1220.89dp</dimen>
    <dimen name="x985">1222.13dp</dimen>
    <dimen name="x986">1223.37dp</dimen>
    <dimen name="x987">1224.61dp</dimen>
    <dimen name="x988">1225.85dp</dimen>
    <dimen name="x989">1227.09dp</dimen>
    <dimen name="x990">1228.33dp</dimen>
    <dimen name="x991">1229.57dp</dimen>
    <dimen name="x992">1230.81dp</dimen>
    <dimen name="x993">1232.06dp</dimen>
    <dimen name="x994">1233.30dp</dimen>
    <dimen name="x995">1234.54dp</dimen>
    <dimen name="x996">1235.78dp</dimen>
    <dimen name="x997">1237.02dp</dimen>
    <dimen name="x998">1238.26dp</dimen>
    <dimen name="x999">1239.50dp</dimen>
    <dimen name="x1000">1240.74dp</dimen>
    <dimen name="x1001">1241.98dp</dimen>
    <dimen name="x1002">1243.22dp</dimen>
    <dimen name="x1003">1244.46dp</dimen>
    <dimen name="x1004">1245.70dp</dimen>
    <dimen name="x1005">1246.94dp</dimen>
    <dimen name="x1006">1248.19dp</dimen>
    <dimen name="x1007">1249.43dp</dimen>
    <dimen name="x1008">1250.67dp</dimen>
    <dimen name="x1009">1251.91dp</dimen>
    <dimen name="x1010">1253.15dp</dimen>
    <dimen name="x1011">1254.39dp</dimen>
    <dimen name="x1012">1255.63dp</dimen>
    <dimen name="x1013">1256.87dp</dimen>
    <dimen name="x1014">1258.11dp</dimen>
    <dimen name="x1015">1259.35dp</dimen>
    <dimen name="x1016">1260.59dp</dimen>
    <dimen name="x1017">1261.83dp</dimen>
    <dimen name="x1018">1263.07dp</dimen>
    <dimen name="x1019">1264.31dp</dimen>
    <dimen name="x1020">1265.56dp</dimen>
    <dimen name="x1021">1266.80dp</dimen>
    <dimen name="x1022">1268.04dp</dimen>
    <dimen name="x1023">1269.28dp</dimen>
    <dimen name="x1024">1270.52dp</dimen>
    <dimen name="x1025">1271.76dp</dimen>
    <dimen name="x1026">1273.00dp</dimen>
    <dimen name="x1027">1274.24dp</dimen>
    <dimen name="x1028">1275.48dp</dimen>
    <dimen name="x1029">1276.72dp</dimen>
    <dimen name="x1030">1277.96dp</dimen>
    <dimen name="x1031">1279.20dp</dimen>
    <dimen name="x1032">1280.44dp</dimen>
    <dimen name="x1033">1281.69dp</dimen>
    <dimen name="x1034">1282.93dp</dimen>
    <dimen name="x1035">1284.17dp</dimen>
    <dimen name="x1036">1285.41dp</dimen>
    <dimen name="x1037">1286.65dp</dimen>
    <dimen name="x1038">1287.89dp</dimen>
    <dimen name="x1039">1289.13dp</dimen>
    <dimen name="x1040">1290.37dp</dimen>
    <dimen name="x1041">1291.61dp</dimen>
    <dimen name="x1042">1292.85dp</dimen>
    <dimen name="x1043">1294.09dp</dimen>
    <dimen name="x1044">1295.33dp</dimen>
    <dimen name="x1045">1296.57dp</dimen>
    <dimen name="x1046">1297.81dp</dimen>
    <dimen name="x1047">1299.06dp</dimen>
    <dimen name="x1048">1300.30dp</dimen>
    <dimen name="x1049">1301.54dp</dimen>
    <dimen name="x1050">1302.78dp</dimen>
    <dimen name="x1051">1304.02dp</dimen>
    <dimen name="x1052">1305.26dp</dimen>
    <dimen name="x1053">1306.50dp</dimen>
    <dimen name="x1054">1307.74dp</dimen>
    <dimen name="x1055">1308.98dp</dimen>
    <dimen name="x1056">1310.22dp</dimen>
    <dimen name="x1057">1311.46dp</dimen>
    <dimen name="x1058">1312.70dp</dimen>
    <dimen name="x1059">1313.94dp</dimen>
    <dimen name="x1060">1315.19dp</dimen>
    <dimen name="x1061">1316.43dp</dimen>
    <dimen name="x1062">1317.67dp</dimen>
    <dimen name="x1063">1318.91dp</dimen>
    <dimen name="x1064">1320.15dp</dimen>
    <dimen name="x1065">1321.39dp</dimen>
    <dimen name="x1066">1322.63dp</dimen>
    <dimen name="x1067">1323.87dp</dimen>
    <dimen name="x1068">1325.11dp</dimen>
    <dimen name="x1069">1326.35dp</dimen>
    <dimen name="x1070">1327.59dp</dimen>
    <dimen name="x1071">1328.83dp</dimen>
    <dimen name="x1072">1330.07dp</dimen>
    <dimen name="x1073">1331.31dp</dimen>
    <dimen name="x1074">1332.56dp</dimen>
    <dimen name="x1075">1333.80dp</dimen>
    <dimen name="x1076">1335.04dp</dimen>
    <dimen name="x1077">1336.28dp</dimen>
    <dimen name="x1078">1337.52dp</dimen>
    <dimen name="x1079">1338.76dp</dimen>
    <dimen name="x1080">1340.00dp</dimen>
</resources>