<?xml version="1.0" encoding="utf-8"?>
<resources>
    <string name="sw_dp">670dp</string>
    <dimen name="x1">0.62dp</dimen>
    <dimen name="x2">1.24dp</dimen>
    <dimen name="x3">1.86dp</dimen>
    <dimen name="x4">2.48dp</dimen>
    <dimen name="x5">3.10dp</dimen>
    <dimen name="x6">3.72dp</dimen>
    <dimen name="x7">4.34dp</dimen>
    <dimen name="x8">4.96dp</dimen>
    <dimen name="x9">5.58dp</dimen>
    <dimen name="x10">6.20dp</dimen>
    <dimen name="x11">6.82dp</dimen>
    <dimen name="x12">7.44dp</dimen>
    <dimen name="x13">8.06dp</dimen>
    <dimen name="x14">8.69dp</dimen>
    <dimen name="x15">9.31dp</dimen>
    <dimen name="x16">9.93dp</dimen>
    <dimen name="x17">10.55dp</dimen>
    <dimen name="x18">11.17dp</dimen>
    <dimen name="x19">11.79dp</dimen>
    <dimen name="x20">12.41dp</dimen>
    <dimen name="x21">13.03dp</dimen>
    <dimen name="x22">13.65dp</dimen>
    <dimen name="x23">14.27dp</dimen>
    <dimen name="x24">14.89dp</dimen>
    <dimen name="x25">15.51dp</dimen>
    <dimen name="x26">16.13dp</dimen>
    <dimen name="x27">16.75dp</dimen>
    <dimen name="x28">17.37dp</dimen>
    <dimen name="x29">17.99dp</dimen>
    <dimen name="x30">18.61dp</dimen>
    <dimen name="x31">19.23dp</dimen>
    <dimen name="x32">19.85dp</dimen>
    <dimen name="x33">20.47dp</dimen>
    <dimen name="x34">21.09dp</dimen>
    <dimen name="x35">21.71dp</dimen>
    <dimen name="x36">22.33dp</dimen>
    <dimen name="x37">22.95dp</dimen>
    <dimen name="x38">23.57dp</dimen>
    <dimen name="x39">24.19dp</dimen>
    <dimen name="x40">24.81dp</dimen>
    <dimen name="x41">25.44dp</dimen>
    <dimen name="x42">26.06dp</dimen>
    <dimen name="x43">26.68dp</dimen>
    <dimen name="x44">27.30dp</dimen>
    <dimen name="x45">27.92dp</dimen>
    <dimen name="x46">28.54dp</dimen>
    <dimen name="x47">29.16dp</dimen>
    <dimen name="x48">29.78dp</dimen>
    <dimen name="x49">30.40dp</dimen>
    <dimen name="x50">31.02dp</dimen>
    <dimen name="x51">31.64dp</dimen>
    <dimen name="x52">32.26dp</dimen>
    <dimen name="x53">32.88dp</dimen>
    <dimen name="x54">33.50dp</dimen>
    <dimen name="x55">34.12dp</dimen>
    <dimen name="x56">34.74dp</dimen>
    <dimen name="x57">35.36dp</dimen>
    <dimen name="x58">35.98dp</dimen>
    <dimen name="x59">36.60dp</dimen>
    <dimen name="x60">37.22dp</dimen>
    <dimen name="x61">37.84dp</dimen>
    <dimen name="x62">38.46dp</dimen>
    <dimen name="x63">39.08dp</dimen>
    <dimen name="x64">39.70dp</dimen>
    <dimen name="x65">40.32dp</dimen>
    <dimen name="x66">40.94dp</dimen>
    <dimen name="x67">41.56dp</dimen>
    <dimen name="x68">42.19dp</dimen>
    <dimen name="x69">42.81dp</dimen>
    <dimen name="x70">43.43dp</dimen>
    <dimen name="x71">44.05dp</dimen>
    <dimen name="x72">44.67dp</dimen>
    <dimen name="x73">45.29dp</dimen>
    <dimen name="x74">45.91dp</dimen>
    <dimen name="x75">46.53dp</dimen>
    <dimen name="x76">47.15dp</dimen>
    <dimen name="x77">47.77dp</dimen>
    <dimen name="x78">48.39dp</dimen>
    <dimen name="x79">49.01dp</dimen>
    <dimen name="x80">49.63dp</dimen>
    <dimen name="x81">50.25dp</dimen>
    <dimen name="x82">50.87dp</dimen>
    <dimen name="x83">51.49dp</dimen>
    <dimen name="x84">52.11dp</dimen>
    <dimen name="x85">52.73dp</dimen>
    <dimen name="x86">53.35dp</dimen>
    <dimen name="x87">53.97dp</dimen>
    <dimen name="x88">54.59dp</dimen>
    <dimen name="x89">55.21dp</dimen>
    <dimen name="x90">55.83dp</dimen>
    <dimen name="x91">56.45dp</dimen>
    <dimen name="x92">57.07dp</dimen>
    <dimen name="x93">57.69dp</dimen>
    <dimen name="x94">58.31dp</dimen>
    <dimen name="x95">58.94dp</dimen>
    <dimen name="x96">59.56dp</dimen>
    <dimen name="x97">60.18dp</dimen>
    <dimen name="x98">60.80dp</dimen>
    <dimen name="x99">61.42dp</dimen>
    <dimen name="x100">62.04dp</dimen>
    <dimen name="x101">62.66dp</dimen>
    <dimen name="x102">63.28dp</dimen>
    <dimen name="x103">63.90dp</dimen>
    <dimen name="x104">64.52dp</dimen>
    <dimen name="x105">65.14dp</dimen>
    <dimen name="x106">65.76dp</dimen>
    <dimen name="x107">66.38dp</dimen>
    <dimen name="x108">67.00dp</dimen>
    <dimen name="x109">67.62dp</dimen>
    <dimen name="x110">68.24dp</dimen>
    <dimen name="x111">68.86dp</dimen>
    <dimen name="x112">69.48dp</dimen>
    <dimen name="x113">70.10dp</dimen>
    <dimen name="x114">70.72dp</dimen>
    <dimen name="x115">71.34dp</dimen>
    <dimen name="x116">71.96dp</dimen>
    <dimen name="x117">72.58dp</dimen>
    <dimen name="x118">73.20dp</dimen>
    <dimen name="x119">73.82dp</dimen>
    <dimen name="x120">74.44dp</dimen>
    <dimen name="x121">75.06dp</dimen>
    <dimen name="x122">75.69dp</dimen>
    <dimen name="x123">76.31dp</dimen>
    <dimen name="x124">76.93dp</dimen>
    <dimen name="x125">77.55dp</dimen>
    <dimen name="x126">78.17dp</dimen>
    <dimen name="x127">78.79dp</dimen>
    <dimen name="x128">79.41dp</dimen>
    <dimen name="x129">80.03dp</dimen>
    <dimen name="x130">80.65dp</dimen>
    <dimen name="x131">81.27dp</dimen>
    <dimen name="x132">81.89dp</dimen>
    <dimen name="x133">82.51dp</dimen>
    <dimen name="x134">83.13dp</dimen>
    <dimen name="x135">83.75dp</dimen>
    <dimen name="x136">84.37dp</dimen>
    <dimen name="x137">84.99dp</dimen>
    <dimen name="x138">85.61dp</dimen>
    <dimen name="x139">86.23dp</dimen>
    <dimen name="x140">86.85dp</dimen>
    <dimen name="x141">87.47dp</dimen>
    <dimen name="x142">88.09dp</dimen>
    <dimen name="x143">88.71dp</dimen>
    <dimen name="x144">89.33dp</dimen>
    <dimen name="x145">89.95dp</dimen>
    <dimen name="x146">90.57dp</dimen>
    <dimen name="x147">91.19dp</dimen>
    <dimen name="x148">91.81dp</dimen>
    <dimen name="x149">92.44dp</dimen>
    <dimen name="x150">93.06dp</dimen>
    <dimen name="x151">93.68dp</dimen>
    <dimen name="x152">94.30dp</dimen>
    <dimen name="x153">94.92dp</dimen>
    <dimen name="x154">95.54dp</dimen>
    <dimen name="x155">96.16dp</dimen>
    <dimen name="x156">96.78dp</dimen>
    <dimen name="x157">97.40dp</dimen>
    <dimen name="x158">98.02dp</dimen>
    <dimen name="x159">98.64dp</dimen>
    <dimen name="x160">99.26dp</dimen>
    <dimen name="x161">99.88dp</dimen>
    <dimen name="x162">100.50dp</dimen>
    <dimen name="x163">101.12dp</dimen>
    <dimen name="x164">101.74dp</dimen>
    <dimen name="x165">102.36dp</dimen>
    <dimen name="x166">102.98dp</dimen>
    <dimen name="x167">103.60dp</dimen>
    <dimen name="x168">104.22dp</dimen>
    <dimen name="x169">104.84dp</dimen>
    <dimen name="x170">105.46dp</dimen>
    <dimen name="x171">106.08dp</dimen>
    <dimen name="x172">106.70dp</dimen>
    <dimen name="x173">107.32dp</dimen>
    <dimen name="x174">107.94dp</dimen>
    <dimen name="x175">108.56dp</dimen>
    <dimen name="x176">109.19dp</dimen>
    <dimen name="x177">109.81dp</dimen>
    <dimen name="x178">110.43dp</dimen>
    <dimen name="x179">111.05dp</dimen>
    <dimen name="x180">111.67dp</dimen>
    <dimen name="x181">112.29dp</dimen>
    <dimen name="x182">112.91dp</dimen>
    <dimen name="x183">113.53dp</dimen>
    <dimen name="x184">114.15dp</dimen>
    <dimen name="x185">114.77dp</dimen>
    <dimen name="x186">115.39dp</dimen>
    <dimen name="x187">116.01dp</dimen>
    <dimen name="x188">116.63dp</dimen>
    <dimen name="x189">117.25dp</dimen>
    <dimen name="x190">117.87dp</dimen>
    <dimen name="x191">118.49dp</dimen>
    <dimen name="x192">119.11dp</dimen>
    <dimen name="x193">119.73dp</dimen>
    <dimen name="x194">120.35dp</dimen>
    <dimen name="x195">120.97dp</dimen>
    <dimen name="x196">121.59dp</dimen>
    <dimen name="x197">122.21dp</dimen>
    <dimen name="x198">122.83dp</dimen>
    <dimen name="x199">123.45dp</dimen>
    <dimen name="x200">124.07dp</dimen>
    <dimen name="x201">124.69dp</dimen>
    <dimen name="x202">125.31dp</dimen>
    <dimen name="x203">125.94dp</dimen>
    <dimen name="x204">126.56dp</dimen>
    <dimen name="x205">127.18dp</dimen>
    <dimen name="x206">127.80dp</dimen>
    <dimen name="x207">128.42dp</dimen>
    <dimen name="x208">129.04dp</dimen>
    <dimen name="x209">129.66dp</dimen>
    <dimen name="x210">130.28dp</dimen>
    <dimen name="x211">130.90dp</dimen>
    <dimen name="x212">131.52dp</dimen>
    <dimen name="x213">132.14dp</dimen>
    <dimen name="x214">132.76dp</dimen>
    <dimen name="x215">133.38dp</dimen>
    <dimen name="x216">134.00dp</dimen>
    <dimen name="x217">134.62dp</dimen>
    <dimen name="x218">135.24dp</dimen>
    <dimen name="x219">135.86dp</dimen>
    <dimen name="x220">136.48dp</dimen>
    <dimen name="x221">137.10dp</dimen>
    <dimen name="x222">137.72dp</dimen>
    <dimen name="x223">138.34dp</dimen>
    <dimen name="x224">138.96dp</dimen>
    <dimen name="x225">139.58dp</dimen>
    <dimen name="x226">140.20dp</dimen>
    <dimen name="x227">140.82dp</dimen>
    <dimen name="x228">141.44dp</dimen>
    <dimen name="x229">142.06dp</dimen>
    <dimen name="x230">142.69dp</dimen>
    <dimen name="x231">143.31dp</dimen>
    <dimen name="x232">143.93dp</dimen>
    <dimen name="x233">144.55dp</dimen>
    <dimen name="x234">145.17dp</dimen>
    <dimen name="x235">145.79dp</dimen>
    <dimen name="x236">146.41dp</dimen>
    <dimen name="x237">147.03dp</dimen>
    <dimen name="x238">147.65dp</dimen>
    <dimen name="x239">148.27dp</dimen>
    <dimen name="x240">148.89dp</dimen>
    <dimen name="x241">149.51dp</dimen>
    <dimen name="x242">150.13dp</dimen>
    <dimen name="x243">150.75dp</dimen>
    <dimen name="x244">151.37dp</dimen>
    <dimen name="x245">151.99dp</dimen>
    <dimen name="x246">152.61dp</dimen>
    <dimen name="x247">153.23dp</dimen>
    <dimen name="x248">153.85dp</dimen>
    <dimen name="x249">154.47dp</dimen>
    <dimen name="x250">155.09dp</dimen>
    <dimen name="x251">155.71dp</dimen>
    <dimen name="x252">156.33dp</dimen>
    <dimen name="x253">156.95dp</dimen>
    <dimen name="x254">157.57dp</dimen>
    <dimen name="x255">158.19dp</dimen>
    <dimen name="x256">158.81dp</dimen>
    <dimen name="x257">159.44dp</dimen>
    <dimen name="x258">160.06dp</dimen>
    <dimen name="x259">160.68dp</dimen>
    <dimen name="x260">161.30dp</dimen>
    <dimen name="x261">161.92dp</dimen>
    <dimen name="x262">162.54dp</dimen>
    <dimen name="x263">163.16dp</dimen>
    <dimen name="x264">163.78dp</dimen>
    <dimen name="x265">164.40dp</dimen>
    <dimen name="x266">165.02dp</dimen>
    <dimen name="x267">165.64dp</dimen>
    <dimen name="x268">166.26dp</dimen>
    <dimen name="x269">166.88dp</dimen>
    <dimen name="x270">167.50dp</dimen>
    <dimen name="x271">168.12dp</dimen>
    <dimen name="x272">168.74dp</dimen>
    <dimen name="x273">169.36dp</dimen>
    <dimen name="x274">169.98dp</dimen>
    <dimen name="x275">170.60dp</dimen>
    <dimen name="x276">171.22dp</dimen>
    <dimen name="x277">171.84dp</dimen>
    <dimen name="x278">172.46dp</dimen>
    <dimen name="x279">173.08dp</dimen>
    <dimen name="x280">173.70dp</dimen>
    <dimen name="x281">174.32dp</dimen>
    <dimen name="x282">174.94dp</dimen>
    <dimen name="x283">175.56dp</dimen>
    <dimen name="x284">176.19dp</dimen>
    <dimen name="x285">176.81dp</dimen>
    <dimen name="x286">177.43dp</dimen>
    <dimen name="x287">178.05dp</dimen>
    <dimen name="x288">178.67dp</dimen>
    <dimen name="x289">179.29dp</dimen>
    <dimen name="x290">179.91dp</dimen>
    <dimen name="x291">180.53dp</dimen>
    <dimen name="x292">181.15dp</dimen>
    <dimen name="x293">181.77dp</dimen>
    <dimen name="x294">182.39dp</dimen>
    <dimen name="x295">183.01dp</dimen>
    <dimen name="x296">183.63dp</dimen>
    <dimen name="x297">184.25dp</dimen>
    <dimen name="x298">184.87dp</dimen>
    <dimen name="x299">185.49dp</dimen>
    <dimen name="x300">186.11dp</dimen>
    <dimen name="x301">186.73dp</dimen>
    <dimen name="x302">187.35dp</dimen>
    <dimen name="x303">187.97dp</dimen>
    <dimen name="x304">188.59dp</dimen>
    <dimen name="x305">189.21dp</dimen>
    <dimen name="x306">189.83dp</dimen>
    <dimen name="x307">190.45dp</dimen>
    <dimen name="x308">191.07dp</dimen>
    <dimen name="x309">191.69dp</dimen>
    <dimen name="x310">192.31dp</dimen>
    <dimen name="x311">192.94dp</dimen>
    <dimen name="x312">193.56dp</dimen>
    <dimen name="x313">194.18dp</dimen>
    <dimen name="x314">194.80dp</dimen>
    <dimen name="x315">195.42dp</dimen>
    <dimen name="x316">196.04dp</dimen>
    <dimen name="x317">196.66dp</dimen>
    <dimen name="x318">197.28dp</dimen>
    <dimen name="x319">197.90dp</dimen>
    <dimen name="x320">198.52dp</dimen>
    <dimen name="x321">199.14dp</dimen>
    <dimen name="x322">199.76dp</dimen>
    <dimen name="x323">200.38dp</dimen>
    <dimen name="x324">201.00dp</dimen>
    <dimen name="x325">201.62dp</dimen>
    <dimen name="x326">202.24dp</dimen>
    <dimen name="x327">202.86dp</dimen>
    <dimen name="x328">203.48dp</dimen>
    <dimen name="x329">204.10dp</dimen>
    <dimen name="x330">204.72dp</dimen>
    <dimen name="x331">205.34dp</dimen>
    <dimen name="x332">205.96dp</dimen>
    <dimen name="x333">206.58dp</dimen>
    <dimen name="x334">207.20dp</dimen>
    <dimen name="x335">207.82dp</dimen>
    <dimen name="x336">208.44dp</dimen>
    <dimen name="x337">209.06dp</dimen>
    <dimen name="x338">209.69dp</dimen>
    <dimen name="x339">210.31dp</dimen>
    <dimen name="x340">210.93dp</dimen>
    <dimen name="x341">211.55dp</dimen>
    <dimen name="x342">212.17dp</dimen>
    <dimen name="x343">212.79dp</dimen>
    <dimen name="x344">213.41dp</dimen>
    <dimen name="x345">214.03dp</dimen>
    <dimen name="x346">214.65dp</dimen>
    <dimen name="x347">215.27dp</dimen>
    <dimen name="x348">215.89dp</dimen>
    <dimen name="x349">216.51dp</dimen>
    <dimen name="x350">217.13dp</dimen>
    <dimen name="x351">217.75dp</dimen>
    <dimen name="x352">218.37dp</dimen>
    <dimen name="x353">218.99dp</dimen>
    <dimen name="x354">219.61dp</dimen>
    <dimen name="x355">220.23dp</dimen>
    <dimen name="x356">220.85dp</dimen>
    <dimen name="x357">221.47dp</dimen>
    <dimen name="x358">222.09dp</dimen>
    <dimen name="x359">222.71dp</dimen>
    <dimen name="x360">223.33dp</dimen>
    <dimen name="x361">223.95dp</dimen>
    <dimen name="x362">224.57dp</dimen>
    <dimen name="x363">225.19dp</dimen>
    <dimen name="x364">225.81dp</dimen>
    <dimen name="x365">226.44dp</dimen>
    <dimen name="x366">227.06dp</dimen>
    <dimen name="x367">227.68dp</dimen>
    <dimen name="x368">228.30dp</dimen>
    <dimen name="x369">228.92dp</dimen>
    <dimen name="x370">229.54dp</dimen>
    <dimen name="x371">230.16dp</dimen>
    <dimen name="x372">230.78dp</dimen>
    <dimen name="x373">231.40dp</dimen>
    <dimen name="x374">232.02dp</dimen>
    <dimen name="x375">232.64dp</dimen>
    <dimen name="x376">233.26dp</dimen>
    <dimen name="x377">233.88dp</dimen>
    <dimen name="x378">234.50dp</dimen>
    <dimen name="x379">235.12dp</dimen>
    <dimen name="x380">235.74dp</dimen>
    <dimen name="x381">236.36dp</dimen>
    <dimen name="x382">236.98dp</dimen>
    <dimen name="x383">237.60dp</dimen>
    <dimen name="x384">238.22dp</dimen>
    <dimen name="x385">238.84dp</dimen>
    <dimen name="x386">239.46dp</dimen>
    <dimen name="x387">240.08dp</dimen>
    <dimen name="x388">240.70dp</dimen>
    <dimen name="x389">241.32dp</dimen>
    <dimen name="x390">241.94dp</dimen>
    <dimen name="x391">242.56dp</dimen>
    <dimen name="x392">243.19dp</dimen>
    <dimen name="x393">243.81dp</dimen>
    <dimen name="x394">244.43dp</dimen>
    <dimen name="x395">245.05dp</dimen>
    <dimen name="x396">245.67dp</dimen>
    <dimen name="x397">246.29dp</dimen>
    <dimen name="x398">246.91dp</dimen>
    <dimen name="x399">247.53dp</dimen>
    <dimen name="x400">248.15dp</dimen>
    <dimen name="x401">248.77dp</dimen>
    <dimen name="x402">249.39dp</dimen>
    <dimen name="x403">250.01dp</dimen>
    <dimen name="x404">250.63dp</dimen>
    <dimen name="x405">251.25dp</dimen>
    <dimen name="x406">251.87dp</dimen>
    <dimen name="x407">252.49dp</dimen>
    <dimen name="x408">253.11dp</dimen>
    <dimen name="x409">253.73dp</dimen>
    <dimen name="x410">254.35dp</dimen>
    <dimen name="x411">254.97dp</dimen>
    <dimen name="x412">255.59dp</dimen>
    <dimen name="x413">256.21dp</dimen>
    <dimen name="x414">256.83dp</dimen>
    <dimen name="x415">257.45dp</dimen>
    <dimen name="x416">258.07dp</dimen>
    <dimen name="x417">258.69dp</dimen>
    <dimen name="x418">259.31dp</dimen>
    <dimen name="x419">259.94dp</dimen>
    <dimen name="x420">260.56dp</dimen>
    <dimen name="x421">261.18dp</dimen>
    <dimen name="x422">261.80dp</dimen>
    <dimen name="x423">262.42dp</dimen>
    <dimen name="x424">263.04dp</dimen>
    <dimen name="x425">263.66dp</dimen>
    <dimen name="x426">264.28dp</dimen>
    <dimen name="x427">264.90dp</dimen>
    <dimen name="x428">265.52dp</dimen>
    <dimen name="x429">266.14dp</dimen>
    <dimen name="x430">266.76dp</dimen>
    <dimen name="x431">267.38dp</dimen>
    <dimen name="x432">268.00dp</dimen>
    <dimen name="x433">268.62dp</dimen>
    <dimen name="x434">269.24dp</dimen>
    <dimen name="x435">269.86dp</dimen>
    <dimen name="x436">270.48dp</dimen>
    <dimen name="x437">271.10dp</dimen>
    <dimen name="x438">271.72dp</dimen>
    <dimen name="x439">272.34dp</dimen>
    <dimen name="x440">272.96dp</dimen>
    <dimen name="x441">273.58dp</dimen>
    <dimen name="x442">274.20dp</dimen>
    <dimen name="x443">274.82dp</dimen>
    <dimen name="x444">275.44dp</dimen>
    <dimen name="x445">276.06dp</dimen>
    <dimen name="x446">276.69dp</dimen>
    <dimen name="x447">277.31dp</dimen>
    <dimen name="x448">277.93dp</dimen>
    <dimen name="x449">278.55dp</dimen>
    <dimen name="x450">279.17dp</dimen>
    <dimen name="x451">279.79dp</dimen>
    <dimen name="x452">280.41dp</dimen>
    <dimen name="x453">281.03dp</dimen>
    <dimen name="x454">281.65dp</dimen>
    <dimen name="x455">282.27dp</dimen>
    <dimen name="x456">282.89dp</dimen>
    <dimen name="x457">283.51dp</dimen>
    <dimen name="x458">284.13dp</dimen>
    <dimen name="x459">284.75dp</dimen>
    <dimen name="x460">285.37dp</dimen>
    <dimen name="x461">285.99dp</dimen>
    <dimen name="x462">286.61dp</dimen>
    <dimen name="x463">287.23dp</dimen>
    <dimen name="x464">287.85dp</dimen>
    <dimen name="x465">288.47dp</dimen>
    <dimen name="x466">289.09dp</dimen>
    <dimen name="x467">289.71dp</dimen>
    <dimen name="x468">290.33dp</dimen>
    <dimen name="x469">290.95dp</dimen>
    <dimen name="x470">291.57dp</dimen>
    <dimen name="x471">292.19dp</dimen>
    <dimen name="x472">292.81dp</dimen>
    <dimen name="x473">293.44dp</dimen>
    <dimen name="x474">294.06dp</dimen>
    <dimen name="x475">294.68dp</dimen>
    <dimen name="x476">295.30dp</dimen>
    <dimen name="x477">295.92dp</dimen>
    <dimen name="x478">296.54dp</dimen>
    <dimen name="x479">297.16dp</dimen>
    <dimen name="x480">297.78dp</dimen>
    <dimen name="x481">298.40dp</dimen>
    <dimen name="x482">299.02dp</dimen>
    <dimen name="x483">299.64dp</dimen>
    <dimen name="x484">300.26dp</dimen>
    <dimen name="x485">300.88dp</dimen>
    <dimen name="x486">301.50dp</dimen>
    <dimen name="x487">302.12dp</dimen>
    <dimen name="x488">302.74dp</dimen>
    <dimen name="x489">303.36dp</dimen>
    <dimen name="x490">303.98dp</dimen>
    <dimen name="x491">304.60dp</dimen>
    <dimen name="x492">305.22dp</dimen>
    <dimen name="x493">305.84dp</dimen>
    <dimen name="x494">306.46dp</dimen>
    <dimen name="x495">307.08dp</dimen>
    <dimen name="x496">307.70dp</dimen>
    <dimen name="x497">308.32dp</dimen>
    <dimen name="x498">308.94dp</dimen>
    <dimen name="x499">309.56dp</dimen>
    <dimen name="x500">310.19dp</dimen>
    <dimen name="x501">310.81dp</dimen>
    <dimen name="x502">311.43dp</dimen>
    <dimen name="x503">312.05dp</dimen>
    <dimen name="x504">312.67dp</dimen>
    <dimen name="x505">313.29dp</dimen>
    <dimen name="x506">313.91dp</dimen>
    <dimen name="x507">314.53dp</dimen>
    <dimen name="x508">315.15dp</dimen>
    <dimen name="x509">315.77dp</dimen>
    <dimen name="x510">316.39dp</dimen>
    <dimen name="x511">317.01dp</dimen>
    <dimen name="x512">317.63dp</dimen>
    <dimen name="x513">318.25dp</dimen>
    <dimen name="x514">318.87dp</dimen>
    <dimen name="x515">319.49dp</dimen>
    <dimen name="x516">320.11dp</dimen>
    <dimen name="x517">320.73dp</dimen>
    <dimen name="x518">321.35dp</dimen>
    <dimen name="x519">321.97dp</dimen>
    <dimen name="x520">322.59dp</dimen>
    <dimen name="x521">323.21dp</dimen>
    <dimen name="x522">323.83dp</dimen>
    <dimen name="x523">324.45dp</dimen>
    <dimen name="x524">325.07dp</dimen>
    <dimen name="x525">325.69dp</dimen>
    <dimen name="x526">326.31dp</dimen>
    <dimen name="x527">326.94dp</dimen>
    <dimen name="x528">327.56dp</dimen>
    <dimen name="x529">328.18dp</dimen>
    <dimen name="x530">328.80dp</dimen>
    <dimen name="x531">329.42dp</dimen>
    <dimen name="x532">330.04dp</dimen>
    <dimen name="x533">330.66dp</dimen>
    <dimen name="x534">331.28dp</dimen>
    <dimen name="x535">331.90dp</dimen>
    <dimen name="x536">332.52dp</dimen>
    <dimen name="x537">333.14dp</dimen>
    <dimen name="x538">333.76dp</dimen>
    <dimen name="x539">334.38dp</dimen>
    <dimen name="x540">335.00dp</dimen>
    <dimen name="x541">335.62dp</dimen>
    <dimen name="x542">336.24dp</dimen>
    <dimen name="x543">336.86dp</dimen>
    <dimen name="x544">337.48dp</dimen>
    <dimen name="x545">338.10dp</dimen>
    <dimen name="x546">338.72dp</dimen>
    <dimen name="x547">339.34dp</dimen>
    <dimen name="x548">339.96dp</dimen>
    <dimen name="x549">340.58dp</dimen>
    <dimen name="x550">341.20dp</dimen>
    <dimen name="x551">341.82dp</dimen>
    <dimen name="x552">342.44dp</dimen>
    <dimen name="x553">343.06dp</dimen>
    <dimen name="x554">343.69dp</dimen>
    <dimen name="x555">344.31dp</dimen>
    <dimen name="x556">344.93dp</dimen>
    <dimen name="x557">345.55dp</dimen>
    <dimen name="x558">346.17dp</dimen>
    <dimen name="x559">346.79dp</dimen>
    <dimen name="x560">347.41dp</dimen>
    <dimen name="x561">348.03dp</dimen>
    <dimen name="x562">348.65dp</dimen>
    <dimen name="x563">349.27dp</dimen>
    <dimen name="x564">349.89dp</dimen>
    <dimen name="x565">350.51dp</dimen>
    <dimen name="x566">351.13dp</dimen>
    <dimen name="x567">351.75dp</dimen>
    <dimen name="x568">352.37dp</dimen>
    <dimen name="x569">352.99dp</dimen>
    <dimen name="x570">353.61dp</dimen>
    <dimen name="x571">354.23dp</dimen>
    <dimen name="x572">354.85dp</dimen>
    <dimen name="x573">355.47dp</dimen>
    <dimen name="x574">356.09dp</dimen>
    <dimen name="x575">356.71dp</dimen>
    <dimen name="x576">357.33dp</dimen>
    <dimen name="x577">357.95dp</dimen>
    <dimen name="x578">358.57dp</dimen>
    <dimen name="x579">359.19dp</dimen>
    <dimen name="x580">359.81dp</dimen>
    <dimen name="x581">360.44dp</dimen>
    <dimen name="x582">361.06dp</dimen>
    <dimen name="x583">361.68dp</dimen>
    <dimen name="x584">362.30dp</dimen>
    <dimen name="x585">362.92dp</dimen>
    <dimen name="x586">363.54dp</dimen>
    <dimen name="x587">364.16dp</dimen>
    <dimen name="x588">364.78dp</dimen>
    <dimen name="x589">365.40dp</dimen>
    <dimen name="x590">366.02dp</dimen>
    <dimen name="x591">366.64dp</dimen>
    <dimen name="x592">367.26dp</dimen>
    <dimen name="x593">367.88dp</dimen>
    <dimen name="x594">368.50dp</dimen>
    <dimen name="x595">369.12dp</dimen>
    <dimen name="x596">369.74dp</dimen>
    <dimen name="x597">370.36dp</dimen>
    <dimen name="x598">370.98dp</dimen>
    <dimen name="x599">371.60dp</dimen>
    <dimen name="x600">372.22dp</dimen>
    <dimen name="x601">372.84dp</dimen>
    <dimen name="x602">373.46dp</dimen>
    <dimen name="x603">374.08dp</dimen>
    <dimen name="x604">374.70dp</dimen>
    <dimen name="x605">375.32dp</dimen>
    <dimen name="x606">375.94dp</dimen>
    <dimen name="x607">376.56dp</dimen>
    <dimen name="x608">377.19dp</dimen>
    <dimen name="x609">377.81dp</dimen>
    <dimen name="x610">378.43dp</dimen>
    <dimen name="x611">379.05dp</dimen>
    <dimen name="x612">379.67dp</dimen>
    <dimen name="x613">380.29dp</dimen>
    <dimen name="x614">380.91dp</dimen>
    <dimen name="x615">381.53dp</dimen>
    <dimen name="x616">382.15dp</dimen>
    <dimen name="x617">382.77dp</dimen>
    <dimen name="x618">383.39dp</dimen>
    <dimen name="x619">384.01dp</dimen>
    <dimen name="x620">384.63dp</dimen>
    <dimen name="x621">385.25dp</dimen>
    <dimen name="x622">385.87dp</dimen>
    <dimen name="x623">386.49dp</dimen>
    <dimen name="x624">387.11dp</dimen>
    <dimen name="x625">387.73dp</dimen>
    <dimen name="x626">388.35dp</dimen>
    <dimen name="x627">388.97dp</dimen>
    <dimen name="x628">389.59dp</dimen>
    <dimen name="x629">390.21dp</dimen>
    <dimen name="x630">390.83dp</dimen>
    <dimen name="x631">391.45dp</dimen>
    <dimen name="x632">392.07dp</dimen>
    <dimen name="x633">392.69dp</dimen>
    <dimen name="x634">393.31dp</dimen>
    <dimen name="x635">393.94dp</dimen>
    <dimen name="x636">394.56dp</dimen>
    <dimen name="x637">395.18dp</dimen>
    <dimen name="x638">395.80dp</dimen>
    <dimen name="x639">396.42dp</dimen>
    <dimen name="x640">397.04dp</dimen>
    <dimen name="x641">397.66dp</dimen>
    <dimen name="x642">398.28dp</dimen>
    <dimen name="x643">398.90dp</dimen>
    <dimen name="x644">399.52dp</dimen>
    <dimen name="x645">400.14dp</dimen>
    <dimen name="x646">400.76dp</dimen>
    <dimen name="x647">401.38dp</dimen>
    <dimen name="x648">402.00dp</dimen>
    <dimen name="x649">402.62dp</dimen>
    <dimen name="x650">403.24dp</dimen>
    <dimen name="x651">403.86dp</dimen>
    <dimen name="x652">404.48dp</dimen>
    <dimen name="x653">405.10dp</dimen>
    <dimen name="x654">405.72dp</dimen>
    <dimen name="x655">406.34dp</dimen>
    <dimen name="x656">406.96dp</dimen>
    <dimen name="x657">407.58dp</dimen>
    <dimen name="x658">408.20dp</dimen>
    <dimen name="x659">408.82dp</dimen>
    <dimen name="x660">409.44dp</dimen>
    <dimen name="x661">410.06dp</dimen>
    <dimen name="x662">410.69dp</dimen>
    <dimen name="x663">411.31dp</dimen>
    <dimen name="x664">411.93dp</dimen>
    <dimen name="x665">412.55dp</dimen>
    <dimen name="x666">413.17dp</dimen>
    <dimen name="x667">413.79dp</dimen>
    <dimen name="x668">414.41dp</dimen>
    <dimen name="x669">415.03dp</dimen>
    <dimen name="x670">415.65dp</dimen>
    <dimen name="x671">416.27dp</dimen>
    <dimen name="x672">416.89dp</dimen>
    <dimen name="x673">417.51dp</dimen>
    <dimen name="x674">418.13dp</dimen>
    <dimen name="x675">418.75dp</dimen>
    <dimen name="x676">419.37dp</dimen>
    <dimen name="x677">419.99dp</dimen>
    <dimen name="x678">420.61dp</dimen>
    <dimen name="x679">421.23dp</dimen>
    <dimen name="x680">421.85dp</dimen>
    <dimen name="x681">422.47dp</dimen>
    <dimen name="x682">423.09dp</dimen>
    <dimen name="x683">423.71dp</dimen>
    <dimen name="x684">424.33dp</dimen>
    <dimen name="x685">424.95dp</dimen>
    <dimen name="x686">425.57dp</dimen>
    <dimen name="x687">426.19dp</dimen>
    <dimen name="x688">426.81dp</dimen>
    <dimen name="x689">427.44dp</dimen>
    <dimen name="x690">428.06dp</dimen>
    <dimen name="x691">428.68dp</dimen>
    <dimen name="x692">429.30dp</dimen>
    <dimen name="x693">429.92dp</dimen>
    <dimen name="x694">430.54dp</dimen>
    <dimen name="x695">431.16dp</dimen>
    <dimen name="x696">431.78dp</dimen>
    <dimen name="x697">432.40dp</dimen>
    <dimen name="x698">433.02dp</dimen>
    <dimen name="x699">433.64dp</dimen>
    <dimen name="x700">434.26dp</dimen>
    <dimen name="x701">434.88dp</dimen>
    <dimen name="x702">435.50dp</dimen>
    <dimen name="x703">436.12dp</dimen>
    <dimen name="x704">436.74dp</dimen>
    <dimen name="x705">437.36dp</dimen>
    <dimen name="x706">437.98dp</dimen>
    <dimen name="x707">438.60dp</dimen>
    <dimen name="x708">439.22dp</dimen>
    <dimen name="x709">439.84dp</dimen>
    <dimen name="x710">440.46dp</dimen>
    <dimen name="x711">441.08dp</dimen>
    <dimen name="x712">441.70dp</dimen>
    <dimen name="x713">442.32dp</dimen>
    <dimen name="x714">442.94dp</dimen>
    <dimen name="x715">443.56dp</dimen>
    <dimen name="x716">444.19dp</dimen>
    <dimen name="x717">444.81dp</dimen>
    <dimen name="x718">445.43dp</dimen>
    <dimen name="x719">446.05dp</dimen>
    <dimen name="x720">446.67dp</dimen>
    <dimen name="x721">447.29dp</dimen>
    <dimen name="x722">447.91dp</dimen>
    <dimen name="x723">448.53dp</dimen>
    <dimen name="x724">449.15dp</dimen>
    <dimen name="x725">449.77dp</dimen>
    <dimen name="x726">450.39dp</dimen>
    <dimen name="x727">451.01dp</dimen>
    <dimen name="x728">451.63dp</dimen>
    <dimen name="x729">452.25dp</dimen>
    <dimen name="x730">452.87dp</dimen>
    <dimen name="x731">453.49dp</dimen>
    <dimen name="x732">454.11dp</dimen>
    <dimen name="x733">454.73dp</dimen>
    <dimen name="x734">455.35dp</dimen>
    <dimen name="x735">455.97dp</dimen>
    <dimen name="x736">456.59dp</dimen>
    <dimen name="x737">457.21dp</dimen>
    <dimen name="x738">457.83dp</dimen>
    <dimen name="x739">458.45dp</dimen>
    <dimen name="x740">459.07dp</dimen>
    <dimen name="x741">459.69dp</dimen>
    <dimen name="x742">460.31dp</dimen>
    <dimen name="x743">460.94dp</dimen>
    <dimen name="x744">461.56dp</dimen>
    <dimen name="x745">462.18dp</dimen>
    <dimen name="x746">462.80dp</dimen>
    <dimen name="x747">463.42dp</dimen>
    <dimen name="x748">464.04dp</dimen>
    <dimen name="x749">464.66dp</dimen>
    <dimen name="x750">465.28dp</dimen>
    <dimen name="x751">465.90dp</dimen>
    <dimen name="x752">466.52dp</dimen>
    <dimen name="x753">467.14dp</dimen>
    <dimen name="x754">467.76dp</dimen>
    <dimen name="x755">468.38dp</dimen>
    <dimen name="x756">469.00dp</dimen>
    <dimen name="x757">469.62dp</dimen>
    <dimen name="x758">470.24dp</dimen>
    <dimen name="x759">470.86dp</dimen>
    <dimen name="x760">471.48dp</dimen>
    <dimen name="x761">472.10dp</dimen>
    <dimen name="x762">472.72dp</dimen>
    <dimen name="x763">473.34dp</dimen>
    <dimen name="x764">473.96dp</dimen>
    <dimen name="x765">474.58dp</dimen>
    <dimen name="x766">475.20dp</dimen>
    <dimen name="x767">475.82dp</dimen>
    <dimen name="x768">476.44dp</dimen>
    <dimen name="x769">477.06dp</dimen>
    <dimen name="x770">477.69dp</dimen>
    <dimen name="x771">478.31dp</dimen>
    <dimen name="x772">478.93dp</dimen>
    <dimen name="x773">479.55dp</dimen>
    <dimen name="x774">480.17dp</dimen>
    <dimen name="x775">480.79dp</dimen>
    <dimen name="x776">481.41dp</dimen>
    <dimen name="x777">482.03dp</dimen>
    <dimen name="x778">482.65dp</dimen>
    <dimen name="x779">483.27dp</dimen>
    <dimen name="x780">483.89dp</dimen>
    <dimen name="x781">484.51dp</dimen>
    <dimen name="x782">485.13dp</dimen>
    <dimen name="x783">485.75dp</dimen>
    <dimen name="x784">486.37dp</dimen>
    <dimen name="x785">486.99dp</dimen>
    <dimen name="x786">487.61dp</dimen>
    <dimen name="x787">488.23dp</dimen>
    <dimen name="x788">488.85dp</dimen>
    <dimen name="x789">489.47dp</dimen>
    <dimen name="x790">490.09dp</dimen>
    <dimen name="x791">490.71dp</dimen>
    <dimen name="x792">491.33dp</dimen>
    <dimen name="x793">491.95dp</dimen>
    <dimen name="x794">492.57dp</dimen>
    <dimen name="x795">493.19dp</dimen>
    <dimen name="x796">493.81dp</dimen>
    <dimen name="x797">494.44dp</dimen>
    <dimen name="x798">495.06dp</dimen>
    <dimen name="x799">495.68dp</dimen>
    <dimen name="x800">496.30dp</dimen>
    <dimen name="x801">496.92dp</dimen>
    <dimen name="x802">497.54dp</dimen>
    <dimen name="x803">498.16dp</dimen>
    <dimen name="x804">498.78dp</dimen>
    <dimen name="x805">499.40dp</dimen>
    <dimen name="x806">500.02dp</dimen>
    <dimen name="x807">500.64dp</dimen>
    <dimen name="x808">501.26dp</dimen>
    <dimen name="x809">501.88dp</dimen>
    <dimen name="x810">502.50dp</dimen>
    <dimen name="x811">503.12dp</dimen>
    <dimen name="x812">503.74dp</dimen>
    <dimen name="x813">504.36dp</dimen>
    <dimen name="x814">504.98dp</dimen>
    <dimen name="x815">505.60dp</dimen>
    <dimen name="x816">506.22dp</dimen>
    <dimen name="x817">506.84dp</dimen>
    <dimen name="x818">507.46dp</dimen>
    <dimen name="x819">508.08dp</dimen>
    <dimen name="x820">508.70dp</dimen>
    <dimen name="x821">509.32dp</dimen>
    <dimen name="x822">509.94dp</dimen>
    <dimen name="x823">510.56dp</dimen>
    <dimen name="x824">511.19dp</dimen>
    <dimen name="x825">511.81dp</dimen>
    <dimen name="x826">512.43dp</dimen>
    <dimen name="x827">513.05dp</dimen>
    <dimen name="x828">513.67dp</dimen>
    <dimen name="x829">514.29dp</dimen>
    <dimen name="x830">514.91dp</dimen>
    <dimen name="x831">515.53dp</dimen>
    <dimen name="x832">516.15dp</dimen>
    <dimen name="x833">516.77dp</dimen>
    <dimen name="x834">517.39dp</dimen>
    <dimen name="x835">518.01dp</dimen>
    <dimen name="x836">518.63dp</dimen>
    <dimen name="x837">519.25dp</dimen>
    <dimen name="x838">519.87dp</dimen>
    <dimen name="x839">520.49dp</dimen>
    <dimen name="x840">521.11dp</dimen>
    <dimen name="x841">521.73dp</dimen>
    <dimen name="x842">522.35dp</dimen>
    <dimen name="x843">522.97dp</dimen>
    <dimen name="x844">523.59dp</dimen>
    <dimen name="x845">524.21dp</dimen>
    <dimen name="x846">524.83dp</dimen>
    <dimen name="x847">525.45dp</dimen>
    <dimen name="x848">526.07dp</dimen>
    <dimen name="x849">526.69dp</dimen>
    <dimen name="x850">527.31dp</dimen>
    <dimen name="x851">527.94dp</dimen>
    <dimen name="x852">528.56dp</dimen>
    <dimen name="x853">529.18dp</dimen>
    <dimen name="x854">529.80dp</dimen>
    <dimen name="x855">530.42dp</dimen>
    <dimen name="x856">531.04dp</dimen>
    <dimen name="x857">531.66dp</dimen>
    <dimen name="x858">532.28dp</dimen>
    <dimen name="x859">532.90dp</dimen>
    <dimen name="x860">533.52dp</dimen>
    <dimen name="x861">534.14dp</dimen>
    <dimen name="x862">534.76dp</dimen>
    <dimen name="x863">535.38dp</dimen>
    <dimen name="x864">536.00dp</dimen>
    <dimen name="x865">536.62dp</dimen>
    <dimen name="x866">537.24dp</dimen>
    <dimen name="x867">537.86dp</dimen>
    <dimen name="x868">538.48dp</dimen>
    <dimen name="x869">539.10dp</dimen>
    <dimen name="x870">539.72dp</dimen>
    <dimen name="x871">540.34dp</dimen>
    <dimen name="x872">540.96dp</dimen>
    <dimen name="x873">541.58dp</dimen>
    <dimen name="x874">542.20dp</dimen>
    <dimen name="x875">542.82dp</dimen>
    <dimen name="x876">543.44dp</dimen>
    <dimen name="x877">544.06dp</dimen>
    <dimen name="x878">544.69dp</dimen>
    <dimen name="x879">545.31dp</dimen>
    <dimen name="x880">545.93dp</dimen>
    <dimen name="x881">546.55dp</dimen>
    <dimen name="x882">547.17dp</dimen>
    <dimen name="x883">547.79dp</dimen>
    <dimen name="x884">548.41dp</dimen>
    <dimen name="x885">549.03dp</dimen>
    <dimen name="x886">549.65dp</dimen>
    <dimen name="x887">550.27dp</dimen>
    <dimen name="x888">550.89dp</dimen>
    <dimen name="x889">551.51dp</dimen>
    <dimen name="x890">552.13dp</dimen>
    <dimen name="x891">552.75dp</dimen>
    <dimen name="x892">553.37dp</dimen>
    <dimen name="x893">553.99dp</dimen>
    <dimen name="x894">554.61dp</dimen>
    <dimen name="x895">555.23dp</dimen>
    <dimen name="x896">555.85dp</dimen>
    <dimen name="x897">556.47dp</dimen>
    <dimen name="x898">557.09dp</dimen>
    <dimen name="x899">557.71dp</dimen>
    <dimen name="x900">558.33dp</dimen>
    <dimen name="x901">558.95dp</dimen>
    <dimen name="x902">559.57dp</dimen>
    <dimen name="x903">560.19dp</dimen>
    <dimen name="x904">560.81dp</dimen>
    <dimen name="x905">561.44dp</dimen>
    <dimen name="x906">562.06dp</dimen>
    <dimen name="x907">562.68dp</dimen>
    <dimen name="x908">563.30dp</dimen>
    <dimen name="x909">563.92dp</dimen>
    <dimen name="x910">564.54dp</dimen>
    <dimen name="x911">565.16dp</dimen>
    <dimen name="x912">565.78dp</dimen>
    <dimen name="x913">566.40dp</dimen>
    <dimen name="x914">567.02dp</dimen>
    <dimen name="x915">567.64dp</dimen>
    <dimen name="x916">568.26dp</dimen>
    <dimen name="x917">568.88dp</dimen>
    <dimen name="x918">569.50dp</dimen>
    <dimen name="x919">570.12dp</dimen>
    <dimen name="x920">570.74dp</dimen>
    <dimen name="x921">571.36dp</dimen>
    <dimen name="x922">571.98dp</dimen>
    <dimen name="x923">572.60dp</dimen>
    <dimen name="x924">573.22dp</dimen>
    <dimen name="x925">573.84dp</dimen>
    <dimen name="x926">574.46dp</dimen>
    <dimen name="x927">575.08dp</dimen>
    <dimen name="x928">575.70dp</dimen>
    <dimen name="x929">576.32dp</dimen>
    <dimen name="x930">576.94dp</dimen>
    <dimen name="x931">577.56dp</dimen>
    <dimen name="x932">578.19dp</dimen>
    <dimen name="x933">578.81dp</dimen>
    <dimen name="x934">579.43dp</dimen>
    <dimen name="x935">580.05dp</dimen>
    <dimen name="x936">580.67dp</dimen>
    <dimen name="x937">581.29dp</dimen>
    <dimen name="x938">581.91dp</dimen>
    <dimen name="x939">582.53dp</dimen>
    <dimen name="x940">583.15dp</dimen>
    <dimen name="x941">583.77dp</dimen>
    <dimen name="x942">584.39dp</dimen>
    <dimen name="x943">585.01dp</dimen>
    <dimen name="x944">585.63dp</dimen>
    <dimen name="x945">586.25dp</dimen>
    <dimen name="x946">586.87dp</dimen>
    <dimen name="x947">587.49dp</dimen>
    <dimen name="x948">588.11dp</dimen>
    <dimen name="x949">588.73dp</dimen>
    <dimen name="x950">589.35dp</dimen>
    <dimen name="x951">589.97dp</dimen>
    <dimen name="x952">590.59dp</dimen>
    <dimen name="x953">591.21dp</dimen>
    <dimen name="x954">591.83dp</dimen>
    <dimen name="x955">592.45dp</dimen>
    <dimen name="x956">593.07dp</dimen>
    <dimen name="x957">593.69dp</dimen>
    <dimen name="x958">594.31dp</dimen>
    <dimen name="x959">594.94dp</dimen>
    <dimen name="x960">595.56dp</dimen>
    <dimen name="x961">596.18dp</dimen>
    <dimen name="x962">596.80dp</dimen>
    <dimen name="x963">597.42dp</dimen>
    <dimen name="x964">598.04dp</dimen>
    <dimen name="x965">598.66dp</dimen>
    <dimen name="x966">599.28dp</dimen>
    <dimen name="x967">599.90dp</dimen>
    <dimen name="x968">600.52dp</dimen>
    <dimen name="x969">601.14dp</dimen>
    <dimen name="x970">601.76dp</dimen>
    <dimen name="x971">602.38dp</dimen>
    <dimen name="x972">603.00dp</dimen>
    <dimen name="x973">603.62dp</dimen>
    <dimen name="x974">604.24dp</dimen>
    <dimen name="x975">604.86dp</dimen>
    <dimen name="x976">605.48dp</dimen>
    <dimen name="x977">606.10dp</dimen>
    <dimen name="x978">606.72dp</dimen>
    <dimen name="x979">607.34dp</dimen>
    <dimen name="x980">607.96dp</dimen>
    <dimen name="x981">608.58dp</dimen>
    <dimen name="x982">609.20dp</dimen>
    <dimen name="x983">609.82dp</dimen>
    <dimen name="x984">610.44dp</dimen>
    <dimen name="x985">611.06dp</dimen>
    <dimen name="x986">611.69dp</dimen>
    <dimen name="x987">612.31dp</dimen>
    <dimen name="x988">612.93dp</dimen>
    <dimen name="x989">613.55dp</dimen>
    <dimen name="x990">614.17dp</dimen>
    <dimen name="x991">614.79dp</dimen>
    <dimen name="x992">615.41dp</dimen>
    <dimen name="x993">616.03dp</dimen>
    <dimen name="x994">616.65dp</dimen>
    <dimen name="x995">617.27dp</dimen>
    <dimen name="x996">617.89dp</dimen>
    <dimen name="x997">618.51dp</dimen>
    <dimen name="x998">619.13dp</dimen>
    <dimen name="x999">619.75dp</dimen>
    <dimen name="x1000">620.37dp</dimen>
    <dimen name="x1001">620.99dp</dimen>
    <dimen name="x1002">621.61dp</dimen>
    <dimen name="x1003">622.23dp</dimen>
    <dimen name="x1004">622.85dp</dimen>
    <dimen name="x1005">623.47dp</dimen>
    <dimen name="x1006">624.09dp</dimen>
    <dimen name="x1007">624.71dp</dimen>
    <dimen name="x1008">625.33dp</dimen>
    <dimen name="x1009">625.95dp</dimen>
    <dimen name="x1010">626.57dp</dimen>
    <dimen name="x1011">627.19dp</dimen>
    <dimen name="x1012">627.81dp</dimen>
    <dimen name="x1013">628.44dp</dimen>
    <dimen name="x1014">629.06dp</dimen>
    <dimen name="x1015">629.68dp</dimen>
    <dimen name="x1016">630.30dp</dimen>
    <dimen name="x1017">630.92dp</dimen>
    <dimen name="x1018">631.54dp</dimen>
    <dimen name="x1019">632.16dp</dimen>
    <dimen name="x1020">632.78dp</dimen>
    <dimen name="x1021">633.40dp</dimen>
    <dimen name="x1022">634.02dp</dimen>
    <dimen name="x1023">634.64dp</dimen>
    <dimen name="x1024">635.26dp</dimen>
    <dimen name="x1025">635.88dp</dimen>
    <dimen name="x1026">636.50dp</dimen>
    <dimen name="x1027">637.12dp</dimen>
    <dimen name="x1028">637.74dp</dimen>
    <dimen name="x1029">638.36dp</dimen>
    <dimen name="x1030">638.98dp</dimen>
    <dimen name="x1031">639.60dp</dimen>
    <dimen name="x1032">640.22dp</dimen>
    <dimen name="x1033">640.84dp</dimen>
    <dimen name="x1034">641.46dp</dimen>
    <dimen name="x1035">642.08dp</dimen>
    <dimen name="x1036">642.70dp</dimen>
    <dimen name="x1037">643.32dp</dimen>
    <dimen name="x1038">643.94dp</dimen>
    <dimen name="x1039">644.56dp</dimen>
    <dimen name="x1040">645.19dp</dimen>
    <dimen name="x1041">645.81dp</dimen>
    <dimen name="x1042">646.43dp</dimen>
    <dimen name="x1043">647.05dp</dimen>
    <dimen name="x1044">647.67dp</dimen>
    <dimen name="x1045">648.29dp</dimen>
    <dimen name="x1046">648.91dp</dimen>
    <dimen name="x1047">649.53dp</dimen>
    <dimen name="x1048">650.15dp</dimen>
    <dimen name="x1049">650.77dp</dimen>
    <dimen name="x1050">651.39dp</dimen>
    <dimen name="x1051">652.01dp</dimen>
    <dimen name="x1052">652.63dp</dimen>
    <dimen name="x1053">653.25dp</dimen>
    <dimen name="x1054">653.87dp</dimen>
    <dimen name="x1055">654.49dp</dimen>
    <dimen name="x1056">655.11dp</dimen>
    <dimen name="x1057">655.73dp</dimen>
    <dimen name="x1058">656.35dp</dimen>
    <dimen name="x1059">656.97dp</dimen>
    <dimen name="x1060">657.59dp</dimen>
    <dimen name="x1061">658.21dp</dimen>
    <dimen name="x1062">658.83dp</dimen>
    <dimen name="x1063">659.45dp</dimen>
    <dimen name="x1064">660.07dp</dimen>
    <dimen name="x1065">660.69dp</dimen>
    <dimen name="x1066">661.31dp</dimen>
    <dimen name="x1067">661.94dp</dimen>
    <dimen name="x1068">662.56dp</dimen>
    <dimen name="x1069">663.18dp</dimen>
    <dimen name="x1070">663.80dp</dimen>
    <dimen name="x1071">664.42dp</dimen>
    <dimen name="x1072">665.04dp</dimen>
    <dimen name="x1073">665.66dp</dimen>
    <dimen name="x1074">666.28dp</dimen>
    <dimen name="x1075">666.90dp</dimen>
    <dimen name="x1076">667.52dp</dimen>
    <dimen name="x1077">668.14dp</dimen>
    <dimen name="x1078">668.76dp</dimen>
    <dimen name="x1079">669.38dp</dimen>
    <dimen name="x1080">670.00dp</dimen>
</resources>