<?xml version="1.0" encoding="utf-8"?>
<resources>
    <string name="sw_dp">1860dp</string>
    <dimen name="x1">1.72dp</dimen>
    <dimen name="x2">3.44dp</dimen>
    <dimen name="x3">5.17dp</dimen>
    <dimen name="x4">6.89dp</dimen>
    <dimen name="x5">8.61dp</dimen>
    <dimen name="x6">10.33dp</dimen>
    <dimen name="x7">12.06dp</dimen>
    <dimen name="x8">13.78dp</dimen>
    <dimen name="x9">15.50dp</dimen>
    <dimen name="x10">17.22dp</dimen>
    <dimen name="x11">18.94dp</dimen>
    <dimen name="x12">20.67dp</dimen>
    <dimen name="x13">22.39dp</dimen>
    <dimen name="x14">24.11dp</dimen>
    <dimen name="x15">25.83dp</dimen>
    <dimen name="x16">27.56dp</dimen>
    <dimen name="x17">29.28dp</dimen>
    <dimen name="x18">31.00dp</dimen>
    <dimen name="x19">32.72dp</dimen>
    <dimen name="x20">34.44dp</dimen>
    <dimen name="x21">36.17dp</dimen>
    <dimen name="x22">37.89dp</dimen>
    <dimen name="x23">39.61dp</dimen>
    <dimen name="x24">41.33dp</dimen>
    <dimen name="x25">43.06dp</dimen>
    <dimen name="x26">44.78dp</dimen>
    <dimen name="x27">46.50dp</dimen>
    <dimen name="x28">48.22dp</dimen>
    <dimen name="x29">49.94dp</dimen>
    <dimen name="x30">51.67dp</dimen>
    <dimen name="x31">53.39dp</dimen>
    <dimen name="x32">55.11dp</dimen>
    <dimen name="x33">56.83dp</dimen>
    <dimen name="x34">58.56dp</dimen>
    <dimen name="x35">60.28dp</dimen>
    <dimen name="x36">62.00dp</dimen>
    <dimen name="x37">63.72dp</dimen>
    <dimen name="x38">65.44dp</dimen>
    <dimen name="x39">67.17dp</dimen>
    <dimen name="x40">68.89dp</dimen>
    <dimen name="x41">70.61dp</dimen>
    <dimen name="x42">72.33dp</dimen>
    <dimen name="x43">74.06dp</dimen>
    <dimen name="x44">75.78dp</dimen>
    <dimen name="x45">77.50dp</dimen>
    <dimen name="x46">79.22dp</dimen>
    <dimen name="x47">80.94dp</dimen>
    <dimen name="x48">82.67dp</dimen>
    <dimen name="x49">84.39dp</dimen>
    <dimen name="x50">86.11dp</dimen>
    <dimen name="x51">87.83dp</dimen>
    <dimen name="x52">89.56dp</dimen>
    <dimen name="x53">91.28dp</dimen>
    <dimen name="x54">93.00dp</dimen>
    <dimen name="x55">94.72dp</dimen>
    <dimen name="x56">96.44dp</dimen>
    <dimen name="x57">98.17dp</dimen>
    <dimen name="x58">99.89dp</dimen>
    <dimen name="x59">101.61dp</dimen>
    <dimen name="x60">103.33dp</dimen>
    <dimen name="x61">105.06dp</dimen>
    <dimen name="x62">106.78dp</dimen>
    <dimen name="x63">108.50dp</dimen>
    <dimen name="x64">110.22dp</dimen>
    <dimen name="x65">111.94dp</dimen>
    <dimen name="x66">113.67dp</dimen>
    <dimen name="x67">115.39dp</dimen>
    <dimen name="x68">117.11dp</dimen>
    <dimen name="x69">118.83dp</dimen>
    <dimen name="x70">120.56dp</dimen>
    <dimen name="x71">122.28dp</dimen>
    <dimen name="x72">124.00dp</dimen>
    <dimen name="x73">125.72dp</dimen>
    <dimen name="x74">127.44dp</dimen>
    <dimen name="x75">129.17dp</dimen>
    <dimen name="x76">130.89dp</dimen>
    <dimen name="x77">132.61dp</dimen>
    <dimen name="x78">134.33dp</dimen>
    <dimen name="x79">136.06dp</dimen>
    <dimen name="x80">137.78dp</dimen>
    <dimen name="x81">139.50dp</dimen>
    <dimen name="x82">141.22dp</dimen>
    <dimen name="x83">142.94dp</dimen>
    <dimen name="x84">144.67dp</dimen>
    <dimen name="x85">146.39dp</dimen>
    <dimen name="x86">148.11dp</dimen>
    <dimen name="x87">149.83dp</dimen>
    <dimen name="x88">151.56dp</dimen>
    <dimen name="x89">153.28dp</dimen>
    <dimen name="x90">155.00dp</dimen>
    <dimen name="x91">156.72dp</dimen>
    <dimen name="x92">158.44dp</dimen>
    <dimen name="x93">160.17dp</dimen>
    <dimen name="x94">161.89dp</dimen>
    <dimen name="x95">163.61dp</dimen>
    <dimen name="x96">165.33dp</dimen>
    <dimen name="x97">167.06dp</dimen>
    <dimen name="x98">168.78dp</dimen>
    <dimen name="x99">170.50dp</dimen>
    <dimen name="x100">172.22dp</dimen>
    <dimen name="x101">173.94dp</dimen>
    <dimen name="x102">175.67dp</dimen>
    <dimen name="x103">177.39dp</dimen>
    <dimen name="x104">179.11dp</dimen>
    <dimen name="x105">180.83dp</dimen>
    <dimen name="x106">182.56dp</dimen>
    <dimen name="x107">184.28dp</dimen>
    <dimen name="x108">186.00dp</dimen>
    <dimen name="x109">187.72dp</dimen>
    <dimen name="x110">189.44dp</dimen>
    <dimen name="x111">191.17dp</dimen>
    <dimen name="x112">192.89dp</dimen>
    <dimen name="x113">194.61dp</dimen>
    <dimen name="x114">196.33dp</dimen>
    <dimen name="x115">198.06dp</dimen>
    <dimen name="x116">199.78dp</dimen>
    <dimen name="x117">201.50dp</dimen>
    <dimen name="x118">203.22dp</dimen>
    <dimen name="x119">204.94dp</dimen>
    <dimen name="x120">206.67dp</dimen>
    <dimen name="x121">208.39dp</dimen>
    <dimen name="x122">210.11dp</dimen>
    <dimen name="x123">211.83dp</dimen>
    <dimen name="x124">213.56dp</dimen>
    <dimen name="x125">215.28dp</dimen>
    <dimen name="x126">217.00dp</dimen>
    <dimen name="x127">218.72dp</dimen>
    <dimen name="x128">220.44dp</dimen>
    <dimen name="x129">222.17dp</dimen>
    <dimen name="x130">223.89dp</dimen>
    <dimen name="x131">225.61dp</dimen>
    <dimen name="x132">227.33dp</dimen>
    <dimen name="x133">229.06dp</dimen>
    <dimen name="x134">230.78dp</dimen>
    <dimen name="x135">232.50dp</dimen>
    <dimen name="x136">234.22dp</dimen>
    <dimen name="x137">235.94dp</dimen>
    <dimen name="x138">237.67dp</dimen>
    <dimen name="x139">239.39dp</dimen>
    <dimen name="x140">241.11dp</dimen>
    <dimen name="x141">242.83dp</dimen>
    <dimen name="x142">244.56dp</dimen>
    <dimen name="x143">246.28dp</dimen>
    <dimen name="x144">248.00dp</dimen>
    <dimen name="x145">249.72dp</dimen>
    <dimen name="x146">251.44dp</dimen>
    <dimen name="x147">253.17dp</dimen>
    <dimen name="x148">254.89dp</dimen>
    <dimen name="x149">256.61dp</dimen>
    <dimen name="x150">258.33dp</dimen>
    <dimen name="x151">260.06dp</dimen>
    <dimen name="x152">261.78dp</dimen>
    <dimen name="x153">263.50dp</dimen>
    <dimen name="x154">265.22dp</dimen>
    <dimen name="x155">266.94dp</dimen>
    <dimen name="x156">268.67dp</dimen>
    <dimen name="x157">270.39dp</dimen>
    <dimen name="x158">272.11dp</dimen>
    <dimen name="x159">273.83dp</dimen>
    <dimen name="x160">275.56dp</dimen>
    <dimen name="x161">277.28dp</dimen>
    <dimen name="x162">279.00dp</dimen>
    <dimen name="x163">280.72dp</dimen>
    <dimen name="x164">282.44dp</dimen>
    <dimen name="x165">284.17dp</dimen>
    <dimen name="x166">285.89dp</dimen>
    <dimen name="x167">287.61dp</dimen>
    <dimen name="x168">289.33dp</dimen>
    <dimen name="x169">291.06dp</dimen>
    <dimen name="x170">292.78dp</dimen>
    <dimen name="x171">294.50dp</dimen>
    <dimen name="x172">296.22dp</dimen>
    <dimen name="x173">297.94dp</dimen>
    <dimen name="x174">299.67dp</dimen>
    <dimen name="x175">301.39dp</dimen>
    <dimen name="x176">303.11dp</dimen>
    <dimen name="x177">304.83dp</dimen>
    <dimen name="x178">306.56dp</dimen>
    <dimen name="x179">308.28dp</dimen>
    <dimen name="x180">310.00dp</dimen>
    <dimen name="x181">311.72dp</dimen>
    <dimen name="x182">313.44dp</dimen>
    <dimen name="x183">315.17dp</dimen>
    <dimen name="x184">316.89dp</dimen>
    <dimen name="x185">318.61dp</dimen>
    <dimen name="x186">320.33dp</dimen>
    <dimen name="x187">322.06dp</dimen>
    <dimen name="x188">323.78dp</dimen>
    <dimen name="x189">325.50dp</dimen>
    <dimen name="x190">327.22dp</dimen>
    <dimen name="x191">328.94dp</dimen>
    <dimen name="x192">330.67dp</dimen>
    <dimen name="x193">332.39dp</dimen>
    <dimen name="x194">334.11dp</dimen>
    <dimen name="x195">335.83dp</dimen>
    <dimen name="x196">337.56dp</dimen>
    <dimen name="x197">339.28dp</dimen>
    <dimen name="x198">341.00dp</dimen>
    <dimen name="x199">342.72dp</dimen>
    <dimen name="x200">344.44dp</dimen>
    <dimen name="x201">346.17dp</dimen>
    <dimen name="x202">347.89dp</dimen>
    <dimen name="x203">349.61dp</dimen>
    <dimen name="x204">351.33dp</dimen>
    <dimen name="x205">353.06dp</dimen>
    <dimen name="x206">354.78dp</dimen>
    <dimen name="x207">356.50dp</dimen>
    <dimen name="x208">358.22dp</dimen>
    <dimen name="x209">359.94dp</dimen>
    <dimen name="x210">361.67dp</dimen>
    <dimen name="x211">363.39dp</dimen>
    <dimen name="x212">365.11dp</dimen>
    <dimen name="x213">366.83dp</dimen>
    <dimen name="x214">368.56dp</dimen>
    <dimen name="x215">370.28dp</dimen>
    <dimen name="x216">372.00dp</dimen>
    <dimen name="x217">373.72dp</dimen>
    <dimen name="x218">375.44dp</dimen>
    <dimen name="x219">377.17dp</dimen>
    <dimen name="x220">378.89dp</dimen>
    <dimen name="x221">380.61dp</dimen>
    <dimen name="x222">382.33dp</dimen>
    <dimen name="x223">384.06dp</dimen>
    <dimen name="x224">385.78dp</dimen>
    <dimen name="x225">387.50dp</dimen>
    <dimen name="x226">389.22dp</dimen>
    <dimen name="x227">390.94dp</dimen>
    <dimen name="x228">392.67dp</dimen>
    <dimen name="x229">394.39dp</dimen>
    <dimen name="x230">396.11dp</dimen>
    <dimen name="x231">397.83dp</dimen>
    <dimen name="x232">399.56dp</dimen>
    <dimen name="x233">401.28dp</dimen>
    <dimen name="x234">403.00dp</dimen>
    <dimen name="x235">404.72dp</dimen>
    <dimen name="x236">406.44dp</dimen>
    <dimen name="x237">408.17dp</dimen>
    <dimen name="x238">409.89dp</dimen>
    <dimen name="x239">411.61dp</dimen>
    <dimen name="x240">413.33dp</dimen>
    <dimen name="x241">415.06dp</dimen>
    <dimen name="x242">416.78dp</dimen>
    <dimen name="x243">418.50dp</dimen>
    <dimen name="x244">420.22dp</dimen>
    <dimen name="x245">421.94dp</dimen>
    <dimen name="x246">423.67dp</dimen>
    <dimen name="x247">425.39dp</dimen>
    <dimen name="x248">427.11dp</dimen>
    <dimen name="x249">428.83dp</dimen>
    <dimen name="x250">430.56dp</dimen>
    <dimen name="x251">432.28dp</dimen>
    <dimen name="x252">434.00dp</dimen>
    <dimen name="x253">435.72dp</dimen>
    <dimen name="x254">437.44dp</dimen>
    <dimen name="x255">439.17dp</dimen>
    <dimen name="x256">440.89dp</dimen>
    <dimen name="x257">442.61dp</dimen>
    <dimen name="x258">444.33dp</dimen>
    <dimen name="x259">446.06dp</dimen>
    <dimen name="x260">447.78dp</dimen>
    <dimen name="x261">449.50dp</dimen>
    <dimen name="x262">451.22dp</dimen>
    <dimen name="x263">452.94dp</dimen>
    <dimen name="x264">454.67dp</dimen>
    <dimen name="x265">456.39dp</dimen>
    <dimen name="x266">458.11dp</dimen>
    <dimen name="x267">459.83dp</dimen>
    <dimen name="x268">461.56dp</dimen>
    <dimen name="x269">463.28dp</dimen>
    <dimen name="x270">465.00dp</dimen>
    <dimen name="x271">466.72dp</dimen>
    <dimen name="x272">468.44dp</dimen>
    <dimen name="x273">470.17dp</dimen>
    <dimen name="x274">471.89dp</dimen>
    <dimen name="x275">473.61dp</dimen>
    <dimen name="x276">475.33dp</dimen>
    <dimen name="x277">477.06dp</dimen>
    <dimen name="x278">478.78dp</dimen>
    <dimen name="x279">480.50dp</dimen>
    <dimen name="x280">482.22dp</dimen>
    <dimen name="x281">483.94dp</dimen>
    <dimen name="x282">485.67dp</dimen>
    <dimen name="x283">487.39dp</dimen>
    <dimen name="x284">489.11dp</dimen>
    <dimen name="x285">490.83dp</dimen>
    <dimen name="x286">492.56dp</dimen>
    <dimen name="x287">494.28dp</dimen>
    <dimen name="x288">496.00dp</dimen>
    <dimen name="x289">497.72dp</dimen>
    <dimen name="x290">499.44dp</dimen>
    <dimen name="x291">501.17dp</dimen>
    <dimen name="x292">502.89dp</dimen>
    <dimen name="x293">504.61dp</dimen>
    <dimen name="x294">506.33dp</dimen>
    <dimen name="x295">508.06dp</dimen>
    <dimen name="x296">509.78dp</dimen>
    <dimen name="x297">511.50dp</dimen>
    <dimen name="x298">513.22dp</dimen>
    <dimen name="x299">514.94dp</dimen>
    <dimen name="x300">516.67dp</dimen>
    <dimen name="x301">518.39dp</dimen>
    <dimen name="x302">520.11dp</dimen>
    <dimen name="x303">521.83dp</dimen>
    <dimen name="x304">523.56dp</dimen>
    <dimen name="x305">525.28dp</dimen>
    <dimen name="x306">527.00dp</dimen>
    <dimen name="x307">528.72dp</dimen>
    <dimen name="x308">530.44dp</dimen>
    <dimen name="x309">532.17dp</dimen>
    <dimen name="x310">533.89dp</dimen>
    <dimen name="x311">535.61dp</dimen>
    <dimen name="x312">537.33dp</dimen>
    <dimen name="x313">539.06dp</dimen>
    <dimen name="x314">540.78dp</dimen>
    <dimen name="x315">542.50dp</dimen>
    <dimen name="x316">544.22dp</dimen>
    <dimen name="x317">545.94dp</dimen>
    <dimen name="x318">547.67dp</dimen>
    <dimen name="x319">549.39dp</dimen>
    <dimen name="x320">551.11dp</dimen>
    <dimen name="x321">552.83dp</dimen>
    <dimen name="x322">554.56dp</dimen>
    <dimen name="x323">556.28dp</dimen>
    <dimen name="x324">558.00dp</dimen>
    <dimen name="x325">559.72dp</dimen>
    <dimen name="x326">561.44dp</dimen>
    <dimen name="x327">563.17dp</dimen>
    <dimen name="x328">564.89dp</dimen>
    <dimen name="x329">566.61dp</dimen>
    <dimen name="x330">568.33dp</dimen>
    <dimen name="x331">570.06dp</dimen>
    <dimen name="x332">571.78dp</dimen>
    <dimen name="x333">573.50dp</dimen>
    <dimen name="x334">575.22dp</dimen>
    <dimen name="x335">576.94dp</dimen>
    <dimen name="x336">578.67dp</dimen>
    <dimen name="x337">580.39dp</dimen>
    <dimen name="x338">582.11dp</dimen>
    <dimen name="x339">583.83dp</dimen>
    <dimen name="x340">585.56dp</dimen>
    <dimen name="x341">587.28dp</dimen>
    <dimen name="x342">589.00dp</dimen>
    <dimen name="x343">590.72dp</dimen>
    <dimen name="x344">592.44dp</dimen>
    <dimen name="x345">594.17dp</dimen>
    <dimen name="x346">595.89dp</dimen>
    <dimen name="x347">597.61dp</dimen>
    <dimen name="x348">599.33dp</dimen>
    <dimen name="x349">601.06dp</dimen>
    <dimen name="x350">602.78dp</dimen>
    <dimen name="x351">604.50dp</dimen>
    <dimen name="x352">606.22dp</dimen>
    <dimen name="x353">607.94dp</dimen>
    <dimen name="x354">609.67dp</dimen>
    <dimen name="x355">611.39dp</dimen>
    <dimen name="x356">613.11dp</dimen>
    <dimen name="x357">614.83dp</dimen>
    <dimen name="x358">616.56dp</dimen>
    <dimen name="x359">618.28dp</dimen>
    <dimen name="x360">620.00dp</dimen>
    <dimen name="x361">621.72dp</dimen>
    <dimen name="x362">623.44dp</dimen>
    <dimen name="x363">625.17dp</dimen>
    <dimen name="x364">626.89dp</dimen>
    <dimen name="x365">628.61dp</dimen>
    <dimen name="x366">630.33dp</dimen>
    <dimen name="x367">632.06dp</dimen>
    <dimen name="x368">633.78dp</dimen>
    <dimen name="x369">635.50dp</dimen>
    <dimen name="x370">637.22dp</dimen>
    <dimen name="x371">638.94dp</dimen>
    <dimen name="x372">640.67dp</dimen>
    <dimen name="x373">642.39dp</dimen>
    <dimen name="x374">644.11dp</dimen>
    <dimen name="x375">645.83dp</dimen>
    <dimen name="x376">647.56dp</dimen>
    <dimen name="x377">649.28dp</dimen>
    <dimen name="x378">651.00dp</dimen>
    <dimen name="x379">652.72dp</dimen>
    <dimen name="x380">654.44dp</dimen>
    <dimen name="x381">656.17dp</dimen>
    <dimen name="x382">657.89dp</dimen>
    <dimen name="x383">659.61dp</dimen>
    <dimen name="x384">661.33dp</dimen>
    <dimen name="x385">663.06dp</dimen>
    <dimen name="x386">664.78dp</dimen>
    <dimen name="x387">666.50dp</dimen>
    <dimen name="x388">668.22dp</dimen>
    <dimen name="x389">669.94dp</dimen>
    <dimen name="x390">671.67dp</dimen>
    <dimen name="x391">673.39dp</dimen>
    <dimen name="x392">675.11dp</dimen>
    <dimen name="x393">676.83dp</dimen>
    <dimen name="x394">678.56dp</dimen>
    <dimen name="x395">680.28dp</dimen>
    <dimen name="x396">682.00dp</dimen>
    <dimen name="x397">683.72dp</dimen>
    <dimen name="x398">685.44dp</dimen>
    <dimen name="x399">687.17dp</dimen>
    <dimen name="x400">688.89dp</dimen>
    <dimen name="x401">690.61dp</dimen>
    <dimen name="x402">692.33dp</dimen>
    <dimen name="x403">694.06dp</dimen>
    <dimen name="x404">695.78dp</dimen>
    <dimen name="x405">697.50dp</dimen>
    <dimen name="x406">699.22dp</dimen>
    <dimen name="x407">700.94dp</dimen>
    <dimen name="x408">702.67dp</dimen>
    <dimen name="x409">704.39dp</dimen>
    <dimen name="x410">706.11dp</dimen>
    <dimen name="x411">707.83dp</dimen>
    <dimen name="x412">709.56dp</dimen>
    <dimen name="x413">711.28dp</dimen>
    <dimen name="x414">713.00dp</dimen>
    <dimen name="x415">714.72dp</dimen>
    <dimen name="x416">716.44dp</dimen>
    <dimen name="x417">718.17dp</dimen>
    <dimen name="x418">719.89dp</dimen>
    <dimen name="x419">721.61dp</dimen>
    <dimen name="x420">723.33dp</dimen>
    <dimen name="x421">725.06dp</dimen>
    <dimen name="x422">726.78dp</dimen>
    <dimen name="x423">728.50dp</dimen>
    <dimen name="x424">730.22dp</dimen>
    <dimen name="x425">731.94dp</dimen>
    <dimen name="x426">733.67dp</dimen>
    <dimen name="x427">735.39dp</dimen>
    <dimen name="x428">737.11dp</dimen>
    <dimen name="x429">738.83dp</dimen>
    <dimen name="x430">740.56dp</dimen>
    <dimen name="x431">742.28dp</dimen>
    <dimen name="x432">744.00dp</dimen>
    <dimen name="x433">745.72dp</dimen>
    <dimen name="x434">747.44dp</dimen>
    <dimen name="x435">749.17dp</dimen>
    <dimen name="x436">750.89dp</dimen>
    <dimen name="x437">752.61dp</dimen>
    <dimen name="x438">754.33dp</dimen>
    <dimen name="x439">756.06dp</dimen>
    <dimen name="x440">757.78dp</dimen>
    <dimen name="x441">759.50dp</dimen>
    <dimen name="x442">761.22dp</dimen>
    <dimen name="x443">762.94dp</dimen>
    <dimen name="x444">764.67dp</dimen>
    <dimen name="x445">766.39dp</dimen>
    <dimen name="x446">768.11dp</dimen>
    <dimen name="x447">769.83dp</dimen>
    <dimen name="x448">771.56dp</dimen>
    <dimen name="x449">773.28dp</dimen>
    <dimen name="x450">775.00dp</dimen>
    <dimen name="x451">776.72dp</dimen>
    <dimen name="x452">778.44dp</dimen>
    <dimen name="x453">780.17dp</dimen>
    <dimen name="x454">781.89dp</dimen>
    <dimen name="x455">783.61dp</dimen>
    <dimen name="x456">785.33dp</dimen>
    <dimen name="x457">787.06dp</dimen>
    <dimen name="x458">788.78dp</dimen>
    <dimen name="x459">790.50dp</dimen>
    <dimen name="x460">792.22dp</dimen>
    <dimen name="x461">793.94dp</dimen>
    <dimen name="x462">795.67dp</dimen>
    <dimen name="x463">797.39dp</dimen>
    <dimen name="x464">799.11dp</dimen>
    <dimen name="x465">800.83dp</dimen>
    <dimen name="x466">802.56dp</dimen>
    <dimen name="x467">804.28dp</dimen>
    <dimen name="x468">806.00dp</dimen>
    <dimen name="x469">807.72dp</dimen>
    <dimen name="x470">809.44dp</dimen>
    <dimen name="x471">811.17dp</dimen>
    <dimen name="x472">812.89dp</dimen>
    <dimen name="x473">814.61dp</dimen>
    <dimen name="x474">816.33dp</dimen>
    <dimen name="x475">818.06dp</dimen>
    <dimen name="x476">819.78dp</dimen>
    <dimen name="x477">821.50dp</dimen>
    <dimen name="x478">823.22dp</dimen>
    <dimen name="x479">824.94dp</dimen>
    <dimen name="x480">826.67dp</dimen>
    <dimen name="x481">828.39dp</dimen>
    <dimen name="x482">830.11dp</dimen>
    <dimen name="x483">831.83dp</dimen>
    <dimen name="x484">833.56dp</dimen>
    <dimen name="x485">835.28dp</dimen>
    <dimen name="x486">837.00dp</dimen>
    <dimen name="x487">838.72dp</dimen>
    <dimen name="x488">840.44dp</dimen>
    <dimen name="x489">842.17dp</dimen>
    <dimen name="x490">843.89dp</dimen>
    <dimen name="x491">845.61dp</dimen>
    <dimen name="x492">847.33dp</dimen>
    <dimen name="x493">849.06dp</dimen>
    <dimen name="x494">850.78dp</dimen>
    <dimen name="x495">852.50dp</dimen>
    <dimen name="x496">854.22dp</dimen>
    <dimen name="x497">855.94dp</dimen>
    <dimen name="x498">857.67dp</dimen>
    <dimen name="x499">859.39dp</dimen>
    <dimen name="x500">861.11dp</dimen>
    <dimen name="x501">862.83dp</dimen>
    <dimen name="x502">864.56dp</dimen>
    <dimen name="x503">866.28dp</dimen>
    <dimen name="x504">868.00dp</dimen>
    <dimen name="x505">869.72dp</dimen>
    <dimen name="x506">871.44dp</dimen>
    <dimen name="x507">873.17dp</dimen>
    <dimen name="x508">874.89dp</dimen>
    <dimen name="x509">876.61dp</dimen>
    <dimen name="x510">878.33dp</dimen>
    <dimen name="x511">880.06dp</dimen>
    <dimen name="x512">881.78dp</dimen>
    <dimen name="x513">883.50dp</dimen>
    <dimen name="x514">885.22dp</dimen>
    <dimen name="x515">886.94dp</dimen>
    <dimen name="x516">888.67dp</dimen>
    <dimen name="x517">890.39dp</dimen>
    <dimen name="x518">892.11dp</dimen>
    <dimen name="x519">893.83dp</dimen>
    <dimen name="x520">895.56dp</dimen>
    <dimen name="x521">897.28dp</dimen>
    <dimen name="x522">899.00dp</dimen>
    <dimen name="x523">900.72dp</dimen>
    <dimen name="x524">902.44dp</dimen>
    <dimen name="x525">904.17dp</dimen>
    <dimen name="x526">905.89dp</dimen>
    <dimen name="x527">907.61dp</dimen>
    <dimen name="x528">909.33dp</dimen>
    <dimen name="x529">911.06dp</dimen>
    <dimen name="x530">912.78dp</dimen>
    <dimen name="x531">914.50dp</dimen>
    <dimen name="x532">916.22dp</dimen>
    <dimen name="x533">917.94dp</dimen>
    <dimen name="x534">919.67dp</dimen>
    <dimen name="x535">921.39dp</dimen>
    <dimen name="x536">923.11dp</dimen>
    <dimen name="x537">924.83dp</dimen>
    <dimen name="x538">926.56dp</dimen>
    <dimen name="x539">928.28dp</dimen>
    <dimen name="x540">930.00dp</dimen>
    <dimen name="x541">931.72dp</dimen>
    <dimen name="x542">933.44dp</dimen>
    <dimen name="x543">935.17dp</dimen>
    <dimen name="x544">936.89dp</dimen>
    <dimen name="x545">938.61dp</dimen>
    <dimen name="x546">940.33dp</dimen>
    <dimen name="x547">942.06dp</dimen>
    <dimen name="x548">943.78dp</dimen>
    <dimen name="x549">945.50dp</dimen>
    <dimen name="x550">947.22dp</dimen>
    <dimen name="x551">948.94dp</dimen>
    <dimen name="x552">950.67dp</dimen>
    <dimen name="x553">952.39dp</dimen>
    <dimen name="x554">954.11dp</dimen>
    <dimen name="x555">955.83dp</dimen>
    <dimen name="x556">957.56dp</dimen>
    <dimen name="x557">959.28dp</dimen>
    <dimen name="x558">961.00dp</dimen>
    <dimen name="x559">962.72dp</dimen>
    <dimen name="x560">964.44dp</dimen>
    <dimen name="x561">966.17dp</dimen>
    <dimen name="x562">967.89dp</dimen>
    <dimen name="x563">969.61dp</dimen>
    <dimen name="x564">971.33dp</dimen>
    <dimen name="x565">973.06dp</dimen>
    <dimen name="x566">974.78dp</dimen>
    <dimen name="x567">976.50dp</dimen>
    <dimen name="x568">978.22dp</dimen>
    <dimen name="x569">979.94dp</dimen>
    <dimen name="x570">981.67dp</dimen>
    <dimen name="x571">983.39dp</dimen>
    <dimen name="x572">985.11dp</dimen>
    <dimen name="x573">986.83dp</dimen>
    <dimen name="x574">988.56dp</dimen>
    <dimen name="x575">990.28dp</dimen>
    <dimen name="x576">992.00dp</dimen>
    <dimen name="x577">993.72dp</dimen>
    <dimen name="x578">995.44dp</dimen>
    <dimen name="x579">997.17dp</dimen>
    <dimen name="x580">998.89dp</dimen>
    <dimen name="x581">1000.61dp</dimen>
    <dimen name="x582">1002.33dp</dimen>
    <dimen name="x583">1004.06dp</dimen>
    <dimen name="x584">1005.78dp</dimen>
    <dimen name="x585">1007.50dp</dimen>
    <dimen name="x586">1009.22dp</dimen>
    <dimen name="x587">1010.94dp</dimen>
    <dimen name="x588">1012.67dp</dimen>
    <dimen name="x589">1014.39dp</dimen>
    <dimen name="x590">1016.11dp</dimen>
    <dimen name="x591">1017.83dp</dimen>
    <dimen name="x592">1019.56dp</dimen>
    <dimen name="x593">1021.28dp</dimen>
    <dimen name="x594">1023.00dp</dimen>
    <dimen name="x595">1024.72dp</dimen>
    <dimen name="x596">1026.44dp</dimen>
    <dimen name="x597">1028.17dp</dimen>
    <dimen name="x598">1029.89dp</dimen>
    <dimen name="x599">1031.61dp</dimen>
    <dimen name="x600">1033.33dp</dimen>
    <dimen name="x601">1035.06dp</dimen>
    <dimen name="x602">1036.78dp</dimen>
    <dimen name="x603">1038.50dp</dimen>
    <dimen name="x604">1040.22dp</dimen>
    <dimen name="x605">1041.94dp</dimen>
    <dimen name="x606">1043.67dp</dimen>
    <dimen name="x607">1045.39dp</dimen>
    <dimen name="x608">1047.11dp</dimen>
    <dimen name="x609">1048.83dp</dimen>
    <dimen name="x610">1050.56dp</dimen>
    <dimen name="x611">1052.28dp</dimen>
    <dimen name="x612">1054.00dp</dimen>
    <dimen name="x613">1055.72dp</dimen>
    <dimen name="x614">1057.44dp</dimen>
    <dimen name="x615">1059.17dp</dimen>
    <dimen name="x616">1060.89dp</dimen>
    <dimen name="x617">1062.61dp</dimen>
    <dimen name="x618">1064.33dp</dimen>
    <dimen name="x619">1066.06dp</dimen>
    <dimen name="x620">1067.78dp</dimen>
    <dimen name="x621">1069.50dp</dimen>
    <dimen name="x622">1071.22dp</dimen>
    <dimen name="x623">1072.94dp</dimen>
    <dimen name="x624">1074.67dp</dimen>
    <dimen name="x625">1076.39dp</dimen>
    <dimen name="x626">1078.11dp</dimen>
    <dimen name="x627">1079.83dp</dimen>
    <dimen name="x628">1081.56dp</dimen>
    <dimen name="x629">1083.28dp</dimen>
    <dimen name="x630">1085.00dp</dimen>
    <dimen name="x631">1086.72dp</dimen>
    <dimen name="x632">1088.44dp</dimen>
    <dimen name="x633">1090.17dp</dimen>
    <dimen name="x634">1091.89dp</dimen>
    <dimen name="x635">1093.61dp</dimen>
    <dimen name="x636">1095.33dp</dimen>
    <dimen name="x637">1097.06dp</dimen>
    <dimen name="x638">1098.78dp</dimen>
    <dimen name="x639">1100.50dp</dimen>
    <dimen name="x640">1102.22dp</dimen>
    <dimen name="x641">1103.94dp</dimen>
    <dimen name="x642">1105.67dp</dimen>
    <dimen name="x643">1107.39dp</dimen>
    <dimen name="x644">1109.11dp</dimen>
    <dimen name="x645">1110.83dp</dimen>
    <dimen name="x646">1112.56dp</dimen>
    <dimen name="x647">1114.28dp</dimen>
    <dimen name="x648">1116.00dp</dimen>
    <dimen name="x649">1117.72dp</dimen>
    <dimen name="x650">1119.44dp</dimen>
    <dimen name="x651">1121.17dp</dimen>
    <dimen name="x652">1122.89dp</dimen>
    <dimen name="x653">1124.61dp</dimen>
    <dimen name="x654">1126.33dp</dimen>
    <dimen name="x655">1128.06dp</dimen>
    <dimen name="x656">1129.78dp</dimen>
    <dimen name="x657">1131.50dp</dimen>
    <dimen name="x658">1133.22dp</dimen>
    <dimen name="x659">1134.94dp</dimen>
    <dimen name="x660">1136.67dp</dimen>
    <dimen name="x661">1138.39dp</dimen>
    <dimen name="x662">1140.11dp</dimen>
    <dimen name="x663">1141.83dp</dimen>
    <dimen name="x664">1143.56dp</dimen>
    <dimen name="x665">1145.28dp</dimen>
    <dimen name="x666">1147.00dp</dimen>
    <dimen name="x667">1148.72dp</dimen>
    <dimen name="x668">1150.44dp</dimen>
    <dimen name="x669">1152.17dp</dimen>
    <dimen name="x670">1153.89dp</dimen>
    <dimen name="x671">1155.61dp</dimen>
    <dimen name="x672">1157.33dp</dimen>
    <dimen name="x673">1159.06dp</dimen>
    <dimen name="x674">1160.78dp</dimen>
    <dimen name="x675">1162.50dp</dimen>
    <dimen name="x676">1164.22dp</dimen>
    <dimen name="x677">1165.94dp</dimen>
    <dimen name="x678">1167.67dp</dimen>
    <dimen name="x679">1169.39dp</dimen>
    <dimen name="x680">1171.11dp</dimen>
    <dimen name="x681">1172.83dp</dimen>
    <dimen name="x682">1174.56dp</dimen>
    <dimen name="x683">1176.28dp</dimen>
    <dimen name="x684">1178.00dp</dimen>
    <dimen name="x685">1179.72dp</dimen>
    <dimen name="x686">1181.44dp</dimen>
    <dimen name="x687">1183.17dp</dimen>
    <dimen name="x688">1184.89dp</dimen>
    <dimen name="x689">1186.61dp</dimen>
    <dimen name="x690">1188.33dp</dimen>
    <dimen name="x691">1190.06dp</dimen>
    <dimen name="x692">1191.78dp</dimen>
    <dimen name="x693">1193.50dp</dimen>
    <dimen name="x694">1195.22dp</dimen>
    <dimen name="x695">1196.94dp</dimen>
    <dimen name="x696">1198.67dp</dimen>
    <dimen name="x697">1200.39dp</dimen>
    <dimen name="x698">1202.11dp</dimen>
    <dimen name="x699">1203.83dp</dimen>
    <dimen name="x700">1205.56dp</dimen>
    <dimen name="x701">1207.28dp</dimen>
    <dimen name="x702">1209.00dp</dimen>
    <dimen name="x703">1210.72dp</dimen>
    <dimen name="x704">1212.44dp</dimen>
    <dimen name="x705">1214.17dp</dimen>
    <dimen name="x706">1215.89dp</dimen>
    <dimen name="x707">1217.61dp</dimen>
    <dimen name="x708">1219.33dp</dimen>
    <dimen name="x709">1221.06dp</dimen>
    <dimen name="x710">1222.78dp</dimen>
    <dimen name="x711">1224.50dp</dimen>
    <dimen name="x712">1226.22dp</dimen>
    <dimen name="x713">1227.94dp</dimen>
    <dimen name="x714">1229.67dp</dimen>
    <dimen name="x715">1231.39dp</dimen>
    <dimen name="x716">1233.11dp</dimen>
    <dimen name="x717">1234.83dp</dimen>
    <dimen name="x718">1236.56dp</dimen>
    <dimen name="x719">1238.28dp</dimen>
    <dimen name="x720">1240.00dp</dimen>
    <dimen name="x721">1241.72dp</dimen>
    <dimen name="x722">1243.44dp</dimen>
    <dimen name="x723">1245.17dp</dimen>
    <dimen name="x724">1246.89dp</dimen>
    <dimen name="x725">1248.61dp</dimen>
    <dimen name="x726">1250.33dp</dimen>
    <dimen name="x727">1252.06dp</dimen>
    <dimen name="x728">1253.78dp</dimen>
    <dimen name="x729">1255.50dp</dimen>
    <dimen name="x730">1257.22dp</dimen>
    <dimen name="x731">1258.94dp</dimen>
    <dimen name="x732">1260.67dp</dimen>
    <dimen name="x733">1262.39dp</dimen>
    <dimen name="x734">1264.11dp</dimen>
    <dimen name="x735">1265.83dp</dimen>
    <dimen name="x736">1267.56dp</dimen>
    <dimen name="x737">1269.28dp</dimen>
    <dimen name="x738">1271.00dp</dimen>
    <dimen name="x739">1272.72dp</dimen>
    <dimen name="x740">1274.44dp</dimen>
    <dimen name="x741">1276.17dp</dimen>
    <dimen name="x742">1277.89dp</dimen>
    <dimen name="x743">1279.61dp</dimen>
    <dimen name="x744">1281.33dp</dimen>
    <dimen name="x745">1283.06dp</dimen>
    <dimen name="x746">1284.78dp</dimen>
    <dimen name="x747">1286.50dp</dimen>
    <dimen name="x748">1288.22dp</dimen>
    <dimen name="x749">1289.94dp</dimen>
    <dimen name="x750">1291.67dp</dimen>
    <dimen name="x751">1293.39dp</dimen>
    <dimen name="x752">1295.11dp</dimen>
    <dimen name="x753">1296.83dp</dimen>
    <dimen name="x754">1298.56dp</dimen>
    <dimen name="x755">1300.28dp</dimen>
    <dimen name="x756">1302.00dp</dimen>
    <dimen name="x757">1303.72dp</dimen>
    <dimen name="x758">1305.44dp</dimen>
    <dimen name="x759">1307.17dp</dimen>
    <dimen name="x760">1308.89dp</dimen>
    <dimen name="x761">1310.61dp</dimen>
    <dimen name="x762">1312.33dp</dimen>
    <dimen name="x763">1314.06dp</dimen>
    <dimen name="x764">1315.78dp</dimen>
    <dimen name="x765">1317.50dp</dimen>
    <dimen name="x766">1319.22dp</dimen>
    <dimen name="x767">1320.94dp</dimen>
    <dimen name="x768">1322.67dp</dimen>
    <dimen name="x769">1324.39dp</dimen>
    <dimen name="x770">1326.11dp</dimen>
    <dimen name="x771">1327.83dp</dimen>
    <dimen name="x772">1329.56dp</dimen>
    <dimen name="x773">1331.28dp</dimen>
    <dimen name="x774">1333.00dp</dimen>
    <dimen name="x775">1334.72dp</dimen>
    <dimen name="x776">1336.44dp</dimen>
    <dimen name="x777">1338.17dp</dimen>
    <dimen name="x778">1339.89dp</dimen>
    <dimen name="x779">1341.61dp</dimen>
    <dimen name="x780">1343.33dp</dimen>
    <dimen name="x781">1345.06dp</dimen>
    <dimen name="x782">1346.78dp</dimen>
    <dimen name="x783">1348.50dp</dimen>
    <dimen name="x784">1350.22dp</dimen>
    <dimen name="x785">1351.94dp</dimen>
    <dimen name="x786">1353.67dp</dimen>
    <dimen name="x787">1355.39dp</dimen>
    <dimen name="x788">1357.11dp</dimen>
    <dimen name="x789">1358.83dp</dimen>
    <dimen name="x790">1360.56dp</dimen>
    <dimen name="x791">1362.28dp</dimen>
    <dimen name="x792">1364.00dp</dimen>
    <dimen name="x793">1365.72dp</dimen>
    <dimen name="x794">1367.44dp</dimen>
    <dimen name="x795">1369.17dp</dimen>
    <dimen name="x796">1370.89dp</dimen>
    <dimen name="x797">1372.61dp</dimen>
    <dimen name="x798">1374.33dp</dimen>
    <dimen name="x799">1376.06dp</dimen>
    <dimen name="x800">1377.78dp</dimen>
    <dimen name="x801">1379.50dp</dimen>
    <dimen name="x802">1381.22dp</dimen>
    <dimen name="x803">1382.94dp</dimen>
    <dimen name="x804">1384.67dp</dimen>
    <dimen name="x805">1386.39dp</dimen>
    <dimen name="x806">1388.11dp</dimen>
    <dimen name="x807">1389.83dp</dimen>
    <dimen name="x808">1391.56dp</dimen>
    <dimen name="x809">1393.28dp</dimen>
    <dimen name="x810">1395.00dp</dimen>
    <dimen name="x811">1396.72dp</dimen>
    <dimen name="x812">1398.44dp</dimen>
    <dimen name="x813">1400.17dp</dimen>
    <dimen name="x814">1401.89dp</dimen>
    <dimen name="x815">1403.61dp</dimen>
    <dimen name="x816">1405.33dp</dimen>
    <dimen name="x817">1407.06dp</dimen>
    <dimen name="x818">1408.78dp</dimen>
    <dimen name="x819">1410.50dp</dimen>
    <dimen name="x820">1412.22dp</dimen>
    <dimen name="x821">1413.94dp</dimen>
    <dimen name="x822">1415.67dp</dimen>
    <dimen name="x823">1417.39dp</dimen>
    <dimen name="x824">1419.11dp</dimen>
    <dimen name="x825">1420.83dp</dimen>
    <dimen name="x826">1422.56dp</dimen>
    <dimen name="x827">1424.28dp</dimen>
    <dimen name="x828">1426.00dp</dimen>
    <dimen name="x829">1427.72dp</dimen>
    <dimen name="x830">1429.44dp</dimen>
    <dimen name="x831">1431.17dp</dimen>
    <dimen name="x832">1432.89dp</dimen>
    <dimen name="x833">1434.61dp</dimen>
    <dimen name="x834">1436.33dp</dimen>
    <dimen name="x835">1438.06dp</dimen>
    <dimen name="x836">1439.78dp</dimen>
    <dimen name="x837">1441.50dp</dimen>
    <dimen name="x838">1443.22dp</dimen>
    <dimen name="x839">1444.94dp</dimen>
    <dimen name="x840">1446.67dp</dimen>
    <dimen name="x841">1448.39dp</dimen>
    <dimen name="x842">1450.11dp</dimen>
    <dimen name="x843">1451.83dp</dimen>
    <dimen name="x844">1453.56dp</dimen>
    <dimen name="x845">1455.28dp</dimen>
    <dimen name="x846">1457.00dp</dimen>
    <dimen name="x847">1458.72dp</dimen>
    <dimen name="x848">1460.44dp</dimen>
    <dimen name="x849">1462.17dp</dimen>
    <dimen name="x850">1463.89dp</dimen>
    <dimen name="x851">1465.61dp</dimen>
    <dimen name="x852">1467.33dp</dimen>
    <dimen name="x853">1469.06dp</dimen>
    <dimen name="x854">1470.78dp</dimen>
    <dimen name="x855">1472.50dp</dimen>
    <dimen name="x856">1474.22dp</dimen>
    <dimen name="x857">1475.94dp</dimen>
    <dimen name="x858">1477.67dp</dimen>
    <dimen name="x859">1479.39dp</dimen>
    <dimen name="x860">1481.11dp</dimen>
    <dimen name="x861">1482.83dp</dimen>
    <dimen name="x862">1484.56dp</dimen>
    <dimen name="x863">1486.28dp</dimen>
    <dimen name="x864">1488.00dp</dimen>
    <dimen name="x865">1489.72dp</dimen>
    <dimen name="x866">1491.44dp</dimen>
    <dimen name="x867">1493.17dp</dimen>
    <dimen name="x868">1494.89dp</dimen>
    <dimen name="x869">1496.61dp</dimen>
    <dimen name="x870">1498.33dp</dimen>
    <dimen name="x871">1500.06dp</dimen>
    <dimen name="x872">1501.78dp</dimen>
    <dimen name="x873">1503.50dp</dimen>
    <dimen name="x874">1505.22dp</dimen>
    <dimen name="x875">1506.94dp</dimen>
    <dimen name="x876">1508.67dp</dimen>
    <dimen name="x877">1510.39dp</dimen>
    <dimen name="x878">1512.11dp</dimen>
    <dimen name="x879">1513.83dp</dimen>
    <dimen name="x880">1515.56dp</dimen>
    <dimen name="x881">1517.28dp</dimen>
    <dimen name="x882">1519.00dp</dimen>
    <dimen name="x883">1520.72dp</dimen>
    <dimen name="x884">1522.44dp</dimen>
    <dimen name="x885">1524.17dp</dimen>
    <dimen name="x886">1525.89dp</dimen>
    <dimen name="x887">1527.61dp</dimen>
    <dimen name="x888">1529.33dp</dimen>
    <dimen name="x889">1531.06dp</dimen>
    <dimen name="x890">1532.78dp</dimen>
    <dimen name="x891">1534.50dp</dimen>
    <dimen name="x892">1536.22dp</dimen>
    <dimen name="x893">1537.94dp</dimen>
    <dimen name="x894">1539.67dp</dimen>
    <dimen name="x895">1541.39dp</dimen>
    <dimen name="x896">1543.11dp</dimen>
    <dimen name="x897">1544.83dp</dimen>
    <dimen name="x898">1546.56dp</dimen>
    <dimen name="x899">1548.28dp</dimen>
    <dimen name="x900">1550.00dp</dimen>
    <dimen name="x901">1551.72dp</dimen>
    <dimen name="x902">1553.44dp</dimen>
    <dimen name="x903">1555.17dp</dimen>
    <dimen name="x904">1556.89dp</dimen>
    <dimen name="x905">1558.61dp</dimen>
    <dimen name="x906">1560.33dp</dimen>
    <dimen name="x907">1562.06dp</dimen>
    <dimen name="x908">1563.78dp</dimen>
    <dimen name="x909">1565.50dp</dimen>
    <dimen name="x910">1567.22dp</dimen>
    <dimen name="x911">1568.94dp</dimen>
    <dimen name="x912">1570.67dp</dimen>
    <dimen name="x913">1572.39dp</dimen>
    <dimen name="x914">1574.11dp</dimen>
    <dimen name="x915">1575.83dp</dimen>
    <dimen name="x916">1577.56dp</dimen>
    <dimen name="x917">1579.28dp</dimen>
    <dimen name="x918">1581.00dp</dimen>
    <dimen name="x919">1582.72dp</dimen>
    <dimen name="x920">1584.44dp</dimen>
    <dimen name="x921">1586.17dp</dimen>
    <dimen name="x922">1587.89dp</dimen>
    <dimen name="x923">1589.61dp</dimen>
    <dimen name="x924">1591.33dp</dimen>
    <dimen name="x925">1593.06dp</dimen>
    <dimen name="x926">1594.78dp</dimen>
    <dimen name="x927">1596.50dp</dimen>
    <dimen name="x928">1598.22dp</dimen>
    <dimen name="x929">1599.94dp</dimen>
    <dimen name="x930">1601.67dp</dimen>
    <dimen name="x931">1603.39dp</dimen>
    <dimen name="x932">1605.11dp</dimen>
    <dimen name="x933">1606.83dp</dimen>
    <dimen name="x934">1608.56dp</dimen>
    <dimen name="x935">1610.28dp</dimen>
    <dimen name="x936">1612.00dp</dimen>
    <dimen name="x937">1613.72dp</dimen>
    <dimen name="x938">1615.44dp</dimen>
    <dimen name="x939">1617.17dp</dimen>
    <dimen name="x940">1618.89dp</dimen>
    <dimen name="x941">1620.61dp</dimen>
    <dimen name="x942">1622.33dp</dimen>
    <dimen name="x943">1624.06dp</dimen>
    <dimen name="x944">1625.78dp</dimen>
    <dimen name="x945">1627.50dp</dimen>
    <dimen name="x946">1629.22dp</dimen>
    <dimen name="x947">1630.94dp</dimen>
    <dimen name="x948">1632.67dp</dimen>
    <dimen name="x949">1634.39dp</dimen>
    <dimen name="x950">1636.11dp</dimen>
    <dimen name="x951">1637.83dp</dimen>
    <dimen name="x952">1639.56dp</dimen>
    <dimen name="x953">1641.28dp</dimen>
    <dimen name="x954">1643.00dp</dimen>
    <dimen name="x955">1644.72dp</dimen>
    <dimen name="x956">1646.44dp</dimen>
    <dimen name="x957">1648.17dp</dimen>
    <dimen name="x958">1649.89dp</dimen>
    <dimen name="x959">1651.61dp</dimen>
    <dimen name="x960">1653.33dp</dimen>
    <dimen name="x961">1655.06dp</dimen>
    <dimen name="x962">1656.78dp</dimen>
    <dimen name="x963">1658.50dp</dimen>
    <dimen name="x964">1660.22dp</dimen>
    <dimen name="x965">1661.94dp</dimen>
    <dimen name="x966">1663.67dp</dimen>
    <dimen name="x967">1665.39dp</dimen>
    <dimen name="x968">1667.11dp</dimen>
    <dimen name="x969">1668.83dp</dimen>
    <dimen name="x970">1670.56dp</dimen>
    <dimen name="x971">1672.28dp</dimen>
    <dimen name="x972">1674.00dp</dimen>
    <dimen name="x973">1675.72dp</dimen>
    <dimen name="x974">1677.44dp</dimen>
    <dimen name="x975">1679.17dp</dimen>
    <dimen name="x976">1680.89dp</dimen>
    <dimen name="x977">1682.61dp</dimen>
    <dimen name="x978">1684.33dp</dimen>
    <dimen name="x979">1686.06dp</dimen>
    <dimen name="x980">1687.78dp</dimen>
    <dimen name="x981">1689.50dp</dimen>
    <dimen name="x982">1691.22dp</dimen>
    <dimen name="x983">1692.94dp</dimen>
    <dimen name="x984">1694.67dp</dimen>
    <dimen name="x985">1696.39dp</dimen>
    <dimen name="x986">1698.11dp</dimen>
    <dimen name="x987">1699.83dp</dimen>
    <dimen name="x988">1701.56dp</dimen>
    <dimen name="x989">1703.28dp</dimen>
    <dimen name="x990">1705.00dp</dimen>
    <dimen name="x991">1706.72dp</dimen>
    <dimen name="x992">1708.44dp</dimen>
    <dimen name="x993">1710.17dp</dimen>
    <dimen name="x994">1711.89dp</dimen>
    <dimen name="x995">1713.61dp</dimen>
    <dimen name="x996">1715.33dp</dimen>
    <dimen name="x997">1717.06dp</dimen>
    <dimen name="x998">1718.78dp</dimen>
    <dimen name="x999">1720.50dp</dimen>
    <dimen name="x1000">1722.22dp</dimen>
    <dimen name="x1001">1723.94dp</dimen>
    <dimen name="x1002">1725.67dp</dimen>
    <dimen name="x1003">1727.39dp</dimen>
    <dimen name="x1004">1729.11dp</dimen>
    <dimen name="x1005">1730.83dp</dimen>
    <dimen name="x1006">1732.56dp</dimen>
    <dimen name="x1007">1734.28dp</dimen>
    <dimen name="x1008">1736.00dp</dimen>
    <dimen name="x1009">1737.72dp</dimen>
    <dimen name="x1010">1739.44dp</dimen>
    <dimen name="x1011">1741.17dp</dimen>
    <dimen name="x1012">1742.89dp</dimen>
    <dimen name="x1013">1744.61dp</dimen>
    <dimen name="x1014">1746.33dp</dimen>
    <dimen name="x1015">1748.06dp</dimen>
    <dimen name="x1016">1749.78dp</dimen>
    <dimen name="x1017">1751.50dp</dimen>
    <dimen name="x1018">1753.22dp</dimen>
    <dimen name="x1019">1754.94dp</dimen>
    <dimen name="x1020">1756.67dp</dimen>
    <dimen name="x1021">1758.39dp</dimen>
    <dimen name="x1022">1760.11dp</dimen>
    <dimen name="x1023">1761.83dp</dimen>
    <dimen name="x1024">1763.56dp</dimen>
    <dimen name="x1025">1765.28dp</dimen>
    <dimen name="x1026">1767.00dp</dimen>
    <dimen name="x1027">1768.72dp</dimen>
    <dimen name="x1028">1770.44dp</dimen>
    <dimen name="x1029">1772.17dp</dimen>
    <dimen name="x1030">1773.89dp</dimen>
    <dimen name="x1031">1775.61dp</dimen>
    <dimen name="x1032">1777.33dp</dimen>
    <dimen name="x1033">1779.06dp</dimen>
    <dimen name="x1034">1780.78dp</dimen>
    <dimen name="x1035">1782.50dp</dimen>
    <dimen name="x1036">1784.22dp</dimen>
    <dimen name="x1037">1785.94dp</dimen>
    <dimen name="x1038">1787.67dp</dimen>
    <dimen name="x1039">1789.39dp</dimen>
    <dimen name="x1040">1791.11dp</dimen>
    <dimen name="x1041">1792.83dp</dimen>
    <dimen name="x1042">1794.56dp</dimen>
    <dimen name="x1043">1796.28dp</dimen>
    <dimen name="x1044">1798.00dp</dimen>
    <dimen name="x1045">1799.72dp</dimen>
    <dimen name="x1046">1801.44dp</dimen>
    <dimen name="x1047">1803.17dp</dimen>
    <dimen name="x1048">1804.89dp</dimen>
    <dimen name="x1049">1806.61dp</dimen>
    <dimen name="x1050">1808.33dp</dimen>
    <dimen name="x1051">1810.06dp</dimen>
    <dimen name="x1052">1811.78dp</dimen>
    <dimen name="x1053">1813.50dp</dimen>
    <dimen name="x1054">1815.22dp</dimen>
    <dimen name="x1055">1816.94dp</dimen>
    <dimen name="x1056">1818.67dp</dimen>
    <dimen name="x1057">1820.39dp</dimen>
    <dimen name="x1058">1822.11dp</dimen>
    <dimen name="x1059">1823.83dp</dimen>
    <dimen name="x1060">1825.56dp</dimen>
    <dimen name="x1061">1827.28dp</dimen>
    <dimen name="x1062">1829.00dp</dimen>
    <dimen name="x1063">1830.72dp</dimen>
    <dimen name="x1064">1832.44dp</dimen>
    <dimen name="x1065">1834.17dp</dimen>
    <dimen name="x1066">1835.89dp</dimen>
    <dimen name="x1067">1837.61dp</dimen>
    <dimen name="x1068">1839.33dp</dimen>
    <dimen name="x1069">1841.06dp</dimen>
    <dimen name="x1070">1842.78dp</dimen>
    <dimen name="x1071">1844.50dp</dimen>
    <dimen name="x1072">1846.22dp</dimen>
    <dimen name="x1073">1847.94dp</dimen>
    <dimen name="x1074">1849.67dp</dimen>
    <dimen name="x1075">1851.39dp</dimen>
    <dimen name="x1076">1853.11dp</dimen>
    <dimen name="x1077">1854.83dp</dimen>
    <dimen name="x1078">1856.56dp</dimen>
    <dimen name="x1079">1858.28dp</dimen>
    <dimen name="x1080">1860.00dp</dimen>
</resources>