<?xml version="1.0" encoding="utf-8"?>
<resources>
    <string name="sw_dp">920dp</string>
    <dimen name="x1">0.85dp</dimen>
    <dimen name="x2">1.70dp</dimen>
    <dimen name="x3">2.56dp</dimen>
    <dimen name="x4">3.41dp</dimen>
    <dimen name="x5">4.26dp</dimen>
    <dimen name="x6">5.11dp</dimen>
    <dimen name="x7">5.96dp</dimen>
    <dimen name="x8">6.81dp</dimen>
    <dimen name="x9">7.67dp</dimen>
    <dimen name="x10">8.52dp</dimen>
    <dimen name="x11">9.37dp</dimen>
    <dimen name="x12">10.22dp</dimen>
    <dimen name="x13">11.07dp</dimen>
    <dimen name="x14">11.93dp</dimen>
    <dimen name="x15">12.78dp</dimen>
    <dimen name="x16">13.63dp</dimen>
    <dimen name="x17">14.48dp</dimen>
    <dimen name="x18">15.33dp</dimen>
    <dimen name="x19">16.19dp</dimen>
    <dimen name="x20">17.04dp</dimen>
    <dimen name="x21">17.89dp</dimen>
    <dimen name="x22">18.74dp</dimen>
    <dimen name="x23">19.59dp</dimen>
    <dimen name="x24">20.44dp</dimen>
    <dimen name="x25">21.30dp</dimen>
    <dimen name="x26">22.15dp</dimen>
    <dimen name="x27">23.00dp</dimen>
    <dimen name="x28">23.85dp</dimen>
    <dimen name="x29">24.70dp</dimen>
    <dimen name="x30">25.56dp</dimen>
    <dimen name="x31">26.41dp</dimen>
    <dimen name="x32">27.26dp</dimen>
    <dimen name="x33">28.11dp</dimen>
    <dimen name="x34">28.96dp</dimen>
    <dimen name="x35">29.81dp</dimen>
    <dimen name="x36">30.67dp</dimen>
    <dimen name="x37">31.52dp</dimen>
    <dimen name="x38">32.37dp</dimen>
    <dimen name="x39">33.22dp</dimen>
    <dimen name="x40">34.07dp</dimen>
    <dimen name="x41">34.93dp</dimen>
    <dimen name="x42">35.78dp</dimen>
    <dimen name="x43">36.63dp</dimen>
    <dimen name="x44">37.48dp</dimen>
    <dimen name="x45">38.33dp</dimen>
    <dimen name="x46">39.19dp</dimen>
    <dimen name="x47">40.04dp</dimen>
    <dimen name="x48">40.89dp</dimen>
    <dimen name="x49">41.74dp</dimen>
    <dimen name="x50">42.59dp</dimen>
    <dimen name="x51">43.44dp</dimen>
    <dimen name="x52">44.30dp</dimen>
    <dimen name="x53">45.15dp</dimen>
    <dimen name="x54">46.00dp</dimen>
    <dimen name="x55">46.85dp</dimen>
    <dimen name="x56">47.70dp</dimen>
    <dimen name="x57">48.56dp</dimen>
    <dimen name="x58">49.41dp</dimen>
    <dimen name="x59">50.26dp</dimen>
    <dimen name="x60">51.11dp</dimen>
    <dimen name="x61">51.96dp</dimen>
    <dimen name="x62">52.81dp</dimen>
    <dimen name="x63">53.67dp</dimen>
    <dimen name="x64">54.52dp</dimen>
    <dimen name="x65">55.37dp</dimen>
    <dimen name="x66">56.22dp</dimen>
    <dimen name="x67">57.07dp</dimen>
    <dimen name="x68">57.93dp</dimen>
    <dimen name="x69">58.78dp</dimen>
    <dimen name="x70">59.63dp</dimen>
    <dimen name="x71">60.48dp</dimen>
    <dimen name="x72">61.33dp</dimen>
    <dimen name="x73">62.19dp</dimen>
    <dimen name="x74">63.04dp</dimen>
    <dimen name="x75">63.89dp</dimen>
    <dimen name="x76">64.74dp</dimen>
    <dimen name="x77">65.59dp</dimen>
    <dimen name="x78">66.44dp</dimen>
    <dimen name="x79">67.30dp</dimen>
    <dimen name="x80">68.15dp</dimen>
    <dimen name="x81">69.00dp</dimen>
    <dimen name="x82">69.85dp</dimen>
    <dimen name="x83">70.70dp</dimen>
    <dimen name="x84">71.56dp</dimen>
    <dimen name="x85">72.41dp</dimen>
    <dimen name="x86">73.26dp</dimen>
    <dimen name="x87">74.11dp</dimen>
    <dimen name="x88">74.96dp</dimen>
    <dimen name="x89">75.81dp</dimen>
    <dimen name="x90">76.67dp</dimen>
    <dimen name="x91">77.52dp</dimen>
    <dimen name="x92">78.37dp</dimen>
    <dimen name="x93">79.22dp</dimen>
    <dimen name="x94">80.07dp</dimen>
    <dimen name="x95">80.93dp</dimen>
    <dimen name="x96">81.78dp</dimen>
    <dimen name="x97">82.63dp</dimen>
    <dimen name="x98">83.48dp</dimen>
    <dimen name="x99">84.33dp</dimen>
    <dimen name="x100">85.19dp</dimen>
    <dimen name="x101">86.04dp</dimen>
    <dimen name="x102">86.89dp</dimen>
    <dimen name="x103">87.74dp</dimen>
    <dimen name="x104">88.59dp</dimen>
    <dimen name="x105">89.44dp</dimen>
    <dimen name="x106">90.30dp</dimen>
    <dimen name="x107">91.15dp</dimen>
    <dimen name="x108">92.00dp</dimen>
    <dimen name="x109">92.85dp</dimen>
    <dimen name="x110">93.70dp</dimen>
    <dimen name="x111">94.56dp</dimen>
    <dimen name="x112">95.41dp</dimen>
    <dimen name="x113">96.26dp</dimen>
    <dimen name="x114">97.11dp</dimen>
    <dimen name="x115">97.96dp</dimen>
    <dimen name="x116">98.81dp</dimen>
    <dimen name="x117">99.67dp</dimen>
    <dimen name="x118">100.52dp</dimen>
    <dimen name="x119">101.37dp</dimen>
    <dimen name="x120">102.22dp</dimen>
    <dimen name="x121">103.07dp</dimen>
    <dimen name="x122">103.93dp</dimen>
    <dimen name="x123">104.78dp</dimen>
    <dimen name="x124">105.63dp</dimen>
    <dimen name="x125">106.48dp</dimen>
    <dimen name="x126">107.33dp</dimen>
    <dimen name="x127">108.19dp</dimen>
    <dimen name="x128">109.04dp</dimen>
    <dimen name="x129">109.89dp</dimen>
    <dimen name="x130">110.74dp</dimen>
    <dimen name="x131">111.59dp</dimen>
    <dimen name="x132">112.44dp</dimen>
    <dimen name="x133">113.30dp</dimen>
    <dimen name="x134">114.15dp</dimen>
    <dimen name="x135">115.00dp</dimen>
    <dimen name="x136">115.85dp</dimen>
    <dimen name="x137">116.70dp</dimen>
    <dimen name="x138">117.56dp</dimen>
    <dimen name="x139">118.41dp</dimen>
    <dimen name="x140">119.26dp</dimen>
    <dimen name="x141">120.11dp</dimen>
    <dimen name="x142">120.96dp</dimen>
    <dimen name="x143">121.81dp</dimen>
    <dimen name="x144">122.67dp</dimen>
    <dimen name="x145">123.52dp</dimen>
    <dimen name="x146">124.37dp</dimen>
    <dimen name="x147">125.22dp</dimen>
    <dimen name="x148">126.07dp</dimen>
    <dimen name="x149">126.93dp</dimen>
    <dimen name="x150">127.78dp</dimen>
    <dimen name="x151">128.63dp</dimen>
    <dimen name="x152">129.48dp</dimen>
    <dimen name="x153">130.33dp</dimen>
    <dimen name="x154">131.19dp</dimen>
    <dimen name="x155">132.04dp</dimen>
    <dimen name="x156">132.89dp</dimen>
    <dimen name="x157">133.74dp</dimen>
    <dimen name="x158">134.59dp</dimen>
    <dimen name="x159">135.44dp</dimen>
    <dimen name="x160">136.30dp</dimen>
    <dimen name="x161">137.15dp</dimen>
    <dimen name="x162">138.00dp</dimen>
    <dimen name="x163">138.85dp</dimen>
    <dimen name="x164">139.70dp</dimen>
    <dimen name="x165">140.56dp</dimen>
    <dimen name="x166">141.41dp</dimen>
    <dimen name="x167">142.26dp</dimen>
    <dimen name="x168">143.11dp</dimen>
    <dimen name="x169">143.96dp</dimen>
    <dimen name="x170">144.81dp</dimen>
    <dimen name="x171">145.67dp</dimen>
    <dimen name="x172">146.52dp</dimen>
    <dimen name="x173">147.37dp</dimen>
    <dimen name="x174">148.22dp</dimen>
    <dimen name="x175">149.07dp</dimen>
    <dimen name="x176">149.93dp</dimen>
    <dimen name="x177">150.78dp</dimen>
    <dimen name="x178">151.63dp</dimen>
    <dimen name="x179">152.48dp</dimen>
    <dimen name="x180">153.33dp</dimen>
    <dimen name="x181">154.19dp</dimen>
    <dimen name="x182">155.04dp</dimen>
    <dimen name="x183">155.89dp</dimen>
    <dimen name="x184">156.74dp</dimen>
    <dimen name="x185">157.59dp</dimen>
    <dimen name="x186">158.44dp</dimen>
    <dimen name="x187">159.30dp</dimen>
    <dimen name="x188">160.15dp</dimen>
    <dimen name="x189">161.00dp</dimen>
    <dimen name="x190">161.85dp</dimen>
    <dimen name="x191">162.70dp</dimen>
    <dimen name="x192">163.56dp</dimen>
    <dimen name="x193">164.41dp</dimen>
    <dimen name="x194">165.26dp</dimen>
    <dimen name="x195">166.11dp</dimen>
    <dimen name="x196">166.96dp</dimen>
    <dimen name="x197">167.81dp</dimen>
    <dimen name="x198">168.67dp</dimen>
    <dimen name="x199">169.52dp</dimen>
    <dimen name="x200">170.37dp</dimen>
    <dimen name="x201">171.22dp</dimen>
    <dimen name="x202">172.07dp</dimen>
    <dimen name="x203">172.93dp</dimen>
    <dimen name="x204">173.78dp</dimen>
    <dimen name="x205">174.63dp</dimen>
    <dimen name="x206">175.48dp</dimen>
    <dimen name="x207">176.33dp</dimen>
    <dimen name="x208">177.19dp</dimen>
    <dimen name="x209">178.04dp</dimen>
    <dimen name="x210">178.89dp</dimen>
    <dimen name="x211">179.74dp</dimen>
    <dimen name="x212">180.59dp</dimen>
    <dimen name="x213">181.44dp</dimen>
    <dimen name="x214">182.30dp</dimen>
    <dimen name="x215">183.15dp</dimen>
    <dimen name="x216">184.00dp</dimen>
    <dimen name="x217">184.85dp</dimen>
    <dimen name="x218">185.70dp</dimen>
    <dimen name="x219">186.56dp</dimen>
    <dimen name="x220">187.41dp</dimen>
    <dimen name="x221">188.26dp</dimen>
    <dimen name="x222">189.11dp</dimen>
    <dimen name="x223">189.96dp</dimen>
    <dimen name="x224">190.81dp</dimen>
    <dimen name="x225">191.67dp</dimen>
    <dimen name="x226">192.52dp</dimen>
    <dimen name="x227">193.37dp</dimen>
    <dimen name="x228">194.22dp</dimen>
    <dimen name="x229">195.07dp</dimen>
    <dimen name="x230">195.93dp</dimen>
    <dimen name="x231">196.78dp</dimen>
    <dimen name="x232">197.63dp</dimen>
    <dimen name="x233">198.48dp</dimen>
    <dimen name="x234">199.33dp</dimen>
    <dimen name="x235">200.19dp</dimen>
    <dimen name="x236">201.04dp</dimen>
    <dimen name="x237">201.89dp</dimen>
    <dimen name="x238">202.74dp</dimen>
    <dimen name="x239">203.59dp</dimen>
    <dimen name="x240">204.44dp</dimen>
    <dimen name="x241">205.30dp</dimen>
    <dimen name="x242">206.15dp</dimen>
    <dimen name="x243">207.00dp</dimen>
    <dimen name="x244">207.85dp</dimen>
    <dimen name="x245">208.70dp</dimen>
    <dimen name="x246">209.56dp</dimen>
    <dimen name="x247">210.41dp</dimen>
    <dimen name="x248">211.26dp</dimen>
    <dimen name="x249">212.11dp</dimen>
    <dimen name="x250">212.96dp</dimen>
    <dimen name="x251">213.81dp</dimen>
    <dimen name="x252">214.67dp</dimen>
    <dimen name="x253">215.52dp</dimen>
    <dimen name="x254">216.37dp</dimen>
    <dimen name="x255">217.22dp</dimen>
    <dimen name="x256">218.07dp</dimen>
    <dimen name="x257">218.93dp</dimen>
    <dimen name="x258">219.78dp</dimen>
    <dimen name="x259">220.63dp</dimen>
    <dimen name="x260">221.48dp</dimen>
    <dimen name="x261">222.33dp</dimen>
    <dimen name="x262">223.19dp</dimen>
    <dimen name="x263">224.04dp</dimen>
    <dimen name="x264">224.89dp</dimen>
    <dimen name="x265">225.74dp</dimen>
    <dimen name="x266">226.59dp</dimen>
    <dimen name="x267">227.44dp</dimen>
    <dimen name="x268">228.30dp</dimen>
    <dimen name="x269">229.15dp</dimen>
    <dimen name="x270">230.00dp</dimen>
    <dimen name="x271">230.85dp</dimen>
    <dimen name="x272">231.70dp</dimen>
    <dimen name="x273">232.56dp</dimen>
    <dimen name="x274">233.41dp</dimen>
    <dimen name="x275">234.26dp</dimen>
    <dimen name="x276">235.11dp</dimen>
    <dimen name="x277">235.96dp</dimen>
    <dimen name="x278">236.81dp</dimen>
    <dimen name="x279">237.67dp</dimen>
    <dimen name="x280">238.52dp</dimen>
    <dimen name="x281">239.37dp</dimen>
    <dimen name="x282">240.22dp</dimen>
    <dimen name="x283">241.07dp</dimen>
    <dimen name="x284">241.93dp</dimen>
    <dimen name="x285">242.78dp</dimen>
    <dimen name="x286">243.63dp</dimen>
    <dimen name="x287">244.48dp</dimen>
    <dimen name="x288">245.33dp</dimen>
    <dimen name="x289">246.19dp</dimen>
    <dimen name="x290">247.04dp</dimen>
    <dimen name="x291">247.89dp</dimen>
    <dimen name="x292">248.74dp</dimen>
    <dimen name="x293">249.59dp</dimen>
    <dimen name="x294">250.44dp</dimen>
    <dimen name="x295">251.30dp</dimen>
    <dimen name="x296">252.15dp</dimen>
    <dimen name="x297">253.00dp</dimen>
    <dimen name="x298">253.85dp</dimen>
    <dimen name="x299">254.70dp</dimen>
    <dimen name="x300">255.56dp</dimen>
    <dimen name="x301">256.41dp</dimen>
    <dimen name="x302">257.26dp</dimen>
    <dimen name="x303">258.11dp</dimen>
    <dimen name="x304">258.96dp</dimen>
    <dimen name="x305">259.81dp</dimen>
    <dimen name="x306">260.67dp</dimen>
    <dimen name="x307">261.52dp</dimen>
    <dimen name="x308">262.37dp</dimen>
    <dimen name="x309">263.22dp</dimen>
    <dimen name="x310">264.07dp</dimen>
    <dimen name="x311">264.93dp</dimen>
    <dimen name="x312">265.78dp</dimen>
    <dimen name="x313">266.63dp</dimen>
    <dimen name="x314">267.48dp</dimen>
    <dimen name="x315">268.33dp</dimen>
    <dimen name="x316">269.19dp</dimen>
    <dimen name="x317">270.04dp</dimen>
    <dimen name="x318">270.89dp</dimen>
    <dimen name="x319">271.74dp</dimen>
    <dimen name="x320">272.59dp</dimen>
    <dimen name="x321">273.44dp</dimen>
    <dimen name="x322">274.30dp</dimen>
    <dimen name="x323">275.15dp</dimen>
    <dimen name="x324">276.00dp</dimen>
    <dimen name="x325">276.85dp</dimen>
    <dimen name="x326">277.70dp</dimen>
    <dimen name="x327">278.56dp</dimen>
    <dimen name="x328">279.41dp</dimen>
    <dimen name="x329">280.26dp</dimen>
    <dimen name="x330">281.11dp</dimen>
    <dimen name="x331">281.96dp</dimen>
    <dimen name="x332">282.81dp</dimen>
    <dimen name="x333">283.67dp</dimen>
    <dimen name="x334">284.52dp</dimen>
    <dimen name="x335">285.37dp</dimen>
    <dimen name="x336">286.22dp</dimen>
    <dimen name="x337">287.07dp</dimen>
    <dimen name="x338">287.93dp</dimen>
    <dimen name="x339">288.78dp</dimen>
    <dimen name="x340">289.63dp</dimen>
    <dimen name="x341">290.48dp</dimen>
    <dimen name="x342">291.33dp</dimen>
    <dimen name="x343">292.19dp</dimen>
    <dimen name="x344">293.04dp</dimen>
    <dimen name="x345">293.89dp</dimen>
    <dimen name="x346">294.74dp</dimen>
    <dimen name="x347">295.59dp</dimen>
    <dimen name="x348">296.44dp</dimen>
    <dimen name="x349">297.30dp</dimen>
    <dimen name="x350">298.15dp</dimen>
    <dimen name="x351">299.00dp</dimen>
    <dimen name="x352">299.85dp</dimen>
    <dimen name="x353">300.70dp</dimen>
    <dimen name="x354">301.56dp</dimen>
    <dimen name="x355">302.41dp</dimen>
    <dimen name="x356">303.26dp</dimen>
    <dimen name="x357">304.11dp</dimen>
    <dimen name="x358">304.96dp</dimen>
    <dimen name="x359">305.81dp</dimen>
    <dimen name="x360">306.67dp</dimen>
    <dimen name="x361">307.52dp</dimen>
    <dimen name="x362">308.37dp</dimen>
    <dimen name="x363">309.22dp</dimen>
    <dimen name="x364">310.07dp</dimen>
    <dimen name="x365">310.93dp</dimen>
    <dimen name="x366">311.78dp</dimen>
    <dimen name="x367">312.63dp</dimen>
    <dimen name="x368">313.48dp</dimen>
    <dimen name="x369">314.33dp</dimen>
    <dimen name="x370">315.19dp</dimen>
    <dimen name="x371">316.04dp</dimen>
    <dimen name="x372">316.89dp</dimen>
    <dimen name="x373">317.74dp</dimen>
    <dimen name="x374">318.59dp</dimen>
    <dimen name="x375">319.44dp</dimen>
    <dimen name="x376">320.30dp</dimen>
    <dimen name="x377">321.15dp</dimen>
    <dimen name="x378">322.00dp</dimen>
    <dimen name="x379">322.85dp</dimen>
    <dimen name="x380">323.70dp</dimen>
    <dimen name="x381">324.56dp</dimen>
    <dimen name="x382">325.41dp</dimen>
    <dimen name="x383">326.26dp</dimen>
    <dimen name="x384">327.11dp</dimen>
    <dimen name="x385">327.96dp</dimen>
    <dimen name="x386">328.81dp</dimen>
    <dimen name="x387">329.67dp</dimen>
    <dimen name="x388">330.52dp</dimen>
    <dimen name="x389">331.37dp</dimen>
    <dimen name="x390">332.22dp</dimen>
    <dimen name="x391">333.07dp</dimen>
    <dimen name="x392">333.93dp</dimen>
    <dimen name="x393">334.78dp</dimen>
    <dimen name="x394">335.63dp</dimen>
    <dimen name="x395">336.48dp</dimen>
    <dimen name="x396">337.33dp</dimen>
    <dimen name="x397">338.19dp</dimen>
    <dimen name="x398">339.04dp</dimen>
    <dimen name="x399">339.89dp</dimen>
    <dimen name="x400">340.74dp</dimen>
    <dimen name="x401">341.59dp</dimen>
    <dimen name="x402">342.44dp</dimen>
    <dimen name="x403">343.30dp</dimen>
    <dimen name="x404">344.15dp</dimen>
    <dimen name="x405">345.00dp</dimen>
    <dimen name="x406">345.85dp</dimen>
    <dimen name="x407">346.70dp</dimen>
    <dimen name="x408">347.56dp</dimen>
    <dimen name="x409">348.41dp</dimen>
    <dimen name="x410">349.26dp</dimen>
    <dimen name="x411">350.11dp</dimen>
    <dimen name="x412">350.96dp</dimen>
    <dimen name="x413">351.81dp</dimen>
    <dimen name="x414">352.67dp</dimen>
    <dimen name="x415">353.52dp</dimen>
    <dimen name="x416">354.37dp</dimen>
    <dimen name="x417">355.22dp</dimen>
    <dimen name="x418">356.07dp</dimen>
    <dimen name="x419">356.93dp</dimen>
    <dimen name="x420">357.78dp</dimen>
    <dimen name="x421">358.63dp</dimen>
    <dimen name="x422">359.48dp</dimen>
    <dimen name="x423">360.33dp</dimen>
    <dimen name="x424">361.19dp</dimen>
    <dimen name="x425">362.04dp</dimen>
    <dimen name="x426">362.89dp</dimen>
    <dimen name="x427">363.74dp</dimen>
    <dimen name="x428">364.59dp</dimen>
    <dimen name="x429">365.44dp</dimen>
    <dimen name="x430">366.30dp</dimen>
    <dimen name="x431">367.15dp</dimen>
    <dimen name="x432">368.00dp</dimen>
    <dimen name="x433">368.85dp</dimen>
    <dimen name="x434">369.70dp</dimen>
    <dimen name="x435">370.56dp</dimen>
    <dimen name="x436">371.41dp</dimen>
    <dimen name="x437">372.26dp</dimen>
    <dimen name="x438">373.11dp</dimen>
    <dimen name="x439">373.96dp</dimen>
    <dimen name="x440">374.81dp</dimen>
    <dimen name="x441">375.67dp</dimen>
    <dimen name="x442">376.52dp</dimen>
    <dimen name="x443">377.37dp</dimen>
    <dimen name="x444">378.22dp</dimen>
    <dimen name="x445">379.07dp</dimen>
    <dimen name="x446">379.93dp</dimen>
    <dimen name="x447">380.78dp</dimen>
    <dimen name="x448">381.63dp</dimen>
    <dimen name="x449">382.48dp</dimen>
    <dimen name="x450">383.33dp</dimen>
    <dimen name="x451">384.19dp</dimen>
    <dimen name="x452">385.04dp</dimen>
    <dimen name="x453">385.89dp</dimen>
    <dimen name="x454">386.74dp</dimen>
    <dimen name="x455">387.59dp</dimen>
    <dimen name="x456">388.44dp</dimen>
    <dimen name="x457">389.30dp</dimen>
    <dimen name="x458">390.15dp</dimen>
    <dimen name="x459">391.00dp</dimen>
    <dimen name="x460">391.85dp</dimen>
    <dimen name="x461">392.70dp</dimen>
    <dimen name="x462">393.56dp</dimen>
    <dimen name="x463">394.41dp</dimen>
    <dimen name="x464">395.26dp</dimen>
    <dimen name="x465">396.11dp</dimen>
    <dimen name="x466">396.96dp</dimen>
    <dimen name="x467">397.81dp</dimen>
    <dimen name="x468">398.67dp</dimen>
    <dimen name="x469">399.52dp</dimen>
    <dimen name="x470">400.37dp</dimen>
    <dimen name="x471">401.22dp</dimen>
    <dimen name="x472">402.07dp</dimen>
    <dimen name="x473">402.93dp</dimen>
    <dimen name="x474">403.78dp</dimen>
    <dimen name="x475">404.63dp</dimen>
    <dimen name="x476">405.48dp</dimen>
    <dimen name="x477">406.33dp</dimen>
    <dimen name="x478">407.19dp</dimen>
    <dimen name="x479">408.04dp</dimen>
    <dimen name="x480">408.89dp</dimen>
    <dimen name="x481">409.74dp</dimen>
    <dimen name="x482">410.59dp</dimen>
    <dimen name="x483">411.44dp</dimen>
    <dimen name="x484">412.30dp</dimen>
    <dimen name="x485">413.15dp</dimen>
    <dimen name="x486">414.00dp</dimen>
    <dimen name="x487">414.85dp</dimen>
    <dimen name="x488">415.70dp</dimen>
    <dimen name="x489">416.56dp</dimen>
    <dimen name="x490">417.41dp</dimen>
    <dimen name="x491">418.26dp</dimen>
    <dimen name="x492">419.11dp</dimen>
    <dimen name="x493">419.96dp</dimen>
    <dimen name="x494">420.81dp</dimen>
    <dimen name="x495">421.67dp</dimen>
    <dimen name="x496">422.52dp</dimen>
    <dimen name="x497">423.37dp</dimen>
    <dimen name="x498">424.22dp</dimen>
    <dimen name="x499">425.07dp</dimen>
    <dimen name="x500">425.93dp</dimen>
    <dimen name="x501">426.78dp</dimen>
    <dimen name="x502">427.63dp</dimen>
    <dimen name="x503">428.48dp</dimen>
    <dimen name="x504">429.33dp</dimen>
    <dimen name="x505">430.19dp</dimen>
    <dimen name="x506">431.04dp</dimen>
    <dimen name="x507">431.89dp</dimen>
    <dimen name="x508">432.74dp</dimen>
    <dimen name="x509">433.59dp</dimen>
    <dimen name="x510">434.44dp</dimen>
    <dimen name="x511">435.30dp</dimen>
    <dimen name="x512">436.15dp</dimen>
    <dimen name="x513">437.00dp</dimen>
    <dimen name="x514">437.85dp</dimen>
    <dimen name="x515">438.70dp</dimen>
    <dimen name="x516">439.56dp</dimen>
    <dimen name="x517">440.41dp</dimen>
    <dimen name="x518">441.26dp</dimen>
    <dimen name="x519">442.11dp</dimen>
    <dimen name="x520">442.96dp</dimen>
    <dimen name="x521">443.81dp</dimen>
    <dimen name="x522">444.67dp</dimen>
    <dimen name="x523">445.52dp</dimen>
    <dimen name="x524">446.37dp</dimen>
    <dimen name="x525">447.22dp</dimen>
    <dimen name="x526">448.07dp</dimen>
    <dimen name="x527">448.93dp</dimen>
    <dimen name="x528">449.78dp</dimen>
    <dimen name="x529">450.63dp</dimen>
    <dimen name="x530">451.48dp</dimen>
    <dimen name="x531">452.33dp</dimen>
    <dimen name="x532">453.19dp</dimen>
    <dimen name="x533">454.04dp</dimen>
    <dimen name="x534">454.89dp</dimen>
    <dimen name="x535">455.74dp</dimen>
    <dimen name="x536">456.59dp</dimen>
    <dimen name="x537">457.44dp</dimen>
    <dimen name="x538">458.30dp</dimen>
    <dimen name="x539">459.15dp</dimen>
    <dimen name="x540">460.00dp</dimen>
    <dimen name="x541">460.85dp</dimen>
    <dimen name="x542">461.70dp</dimen>
    <dimen name="x543">462.56dp</dimen>
    <dimen name="x544">463.41dp</dimen>
    <dimen name="x545">464.26dp</dimen>
    <dimen name="x546">465.11dp</dimen>
    <dimen name="x547">465.96dp</dimen>
    <dimen name="x548">466.81dp</dimen>
    <dimen name="x549">467.67dp</dimen>
    <dimen name="x550">468.52dp</dimen>
    <dimen name="x551">469.37dp</dimen>
    <dimen name="x552">470.22dp</dimen>
    <dimen name="x553">471.07dp</dimen>
    <dimen name="x554">471.93dp</dimen>
    <dimen name="x555">472.78dp</dimen>
    <dimen name="x556">473.63dp</dimen>
    <dimen name="x557">474.48dp</dimen>
    <dimen name="x558">475.33dp</dimen>
    <dimen name="x559">476.19dp</dimen>
    <dimen name="x560">477.04dp</dimen>
    <dimen name="x561">477.89dp</dimen>
    <dimen name="x562">478.74dp</dimen>
    <dimen name="x563">479.59dp</dimen>
    <dimen name="x564">480.44dp</dimen>
    <dimen name="x565">481.30dp</dimen>
    <dimen name="x566">482.15dp</dimen>
    <dimen name="x567">483.00dp</dimen>
    <dimen name="x568">483.85dp</dimen>
    <dimen name="x569">484.70dp</dimen>
    <dimen name="x570">485.56dp</dimen>
    <dimen name="x571">486.41dp</dimen>
    <dimen name="x572">487.26dp</dimen>
    <dimen name="x573">488.11dp</dimen>
    <dimen name="x574">488.96dp</dimen>
    <dimen name="x575">489.81dp</dimen>
    <dimen name="x576">490.67dp</dimen>
    <dimen name="x577">491.52dp</dimen>
    <dimen name="x578">492.37dp</dimen>
    <dimen name="x579">493.22dp</dimen>
    <dimen name="x580">494.07dp</dimen>
    <dimen name="x581">494.93dp</dimen>
    <dimen name="x582">495.78dp</dimen>
    <dimen name="x583">496.63dp</dimen>
    <dimen name="x584">497.48dp</dimen>
    <dimen name="x585">498.33dp</dimen>
    <dimen name="x586">499.19dp</dimen>
    <dimen name="x587">500.04dp</dimen>
    <dimen name="x588">500.89dp</dimen>
    <dimen name="x589">501.74dp</dimen>
    <dimen name="x590">502.59dp</dimen>
    <dimen name="x591">503.44dp</dimen>
    <dimen name="x592">504.30dp</dimen>
    <dimen name="x593">505.15dp</dimen>
    <dimen name="x594">506.00dp</dimen>
    <dimen name="x595">506.85dp</dimen>
    <dimen name="x596">507.70dp</dimen>
    <dimen name="x597">508.56dp</dimen>
    <dimen name="x598">509.41dp</dimen>
    <dimen name="x599">510.26dp</dimen>
    <dimen name="x600">511.11dp</dimen>
    <dimen name="x601">511.96dp</dimen>
    <dimen name="x602">512.81dp</dimen>
    <dimen name="x603">513.67dp</dimen>
    <dimen name="x604">514.52dp</dimen>
    <dimen name="x605">515.37dp</dimen>
    <dimen name="x606">516.22dp</dimen>
    <dimen name="x607">517.07dp</dimen>
    <dimen name="x608">517.93dp</dimen>
    <dimen name="x609">518.78dp</dimen>
    <dimen name="x610">519.63dp</dimen>
    <dimen name="x611">520.48dp</dimen>
    <dimen name="x612">521.33dp</dimen>
    <dimen name="x613">522.19dp</dimen>
    <dimen name="x614">523.04dp</dimen>
    <dimen name="x615">523.89dp</dimen>
    <dimen name="x616">524.74dp</dimen>
    <dimen name="x617">525.59dp</dimen>
    <dimen name="x618">526.44dp</dimen>
    <dimen name="x619">527.30dp</dimen>
    <dimen name="x620">528.15dp</dimen>
    <dimen name="x621">529.00dp</dimen>
    <dimen name="x622">529.85dp</dimen>
    <dimen name="x623">530.70dp</dimen>
    <dimen name="x624">531.56dp</dimen>
    <dimen name="x625">532.41dp</dimen>
    <dimen name="x626">533.26dp</dimen>
    <dimen name="x627">534.11dp</dimen>
    <dimen name="x628">534.96dp</dimen>
    <dimen name="x629">535.81dp</dimen>
    <dimen name="x630">536.67dp</dimen>
    <dimen name="x631">537.52dp</dimen>
    <dimen name="x632">538.37dp</dimen>
    <dimen name="x633">539.22dp</dimen>
    <dimen name="x634">540.07dp</dimen>
    <dimen name="x635">540.93dp</dimen>
    <dimen name="x636">541.78dp</dimen>
    <dimen name="x637">542.63dp</dimen>
    <dimen name="x638">543.48dp</dimen>
    <dimen name="x639">544.33dp</dimen>
    <dimen name="x640">545.19dp</dimen>
    <dimen name="x641">546.04dp</dimen>
    <dimen name="x642">546.89dp</dimen>
    <dimen name="x643">547.74dp</dimen>
    <dimen name="x644">548.59dp</dimen>
    <dimen name="x645">549.44dp</dimen>
    <dimen name="x646">550.30dp</dimen>
    <dimen name="x647">551.15dp</dimen>
    <dimen name="x648">552.00dp</dimen>
    <dimen name="x649">552.85dp</dimen>
    <dimen name="x650">553.70dp</dimen>
    <dimen name="x651">554.56dp</dimen>
    <dimen name="x652">555.41dp</dimen>
    <dimen name="x653">556.26dp</dimen>
    <dimen name="x654">557.11dp</dimen>
    <dimen name="x655">557.96dp</dimen>
    <dimen name="x656">558.81dp</dimen>
    <dimen name="x657">559.67dp</dimen>
    <dimen name="x658">560.52dp</dimen>
    <dimen name="x659">561.37dp</dimen>
    <dimen name="x660">562.22dp</dimen>
    <dimen name="x661">563.07dp</dimen>
    <dimen name="x662">563.93dp</dimen>
    <dimen name="x663">564.78dp</dimen>
    <dimen name="x664">565.63dp</dimen>
    <dimen name="x665">566.48dp</dimen>
    <dimen name="x666">567.33dp</dimen>
    <dimen name="x667">568.19dp</dimen>
    <dimen name="x668">569.04dp</dimen>
    <dimen name="x669">569.89dp</dimen>
    <dimen name="x670">570.74dp</dimen>
    <dimen name="x671">571.59dp</dimen>
    <dimen name="x672">572.44dp</dimen>
    <dimen name="x673">573.30dp</dimen>
    <dimen name="x674">574.15dp</dimen>
    <dimen name="x675">575.00dp</dimen>
    <dimen name="x676">575.85dp</dimen>
    <dimen name="x677">576.70dp</dimen>
    <dimen name="x678">577.56dp</dimen>
    <dimen name="x679">578.41dp</dimen>
    <dimen name="x680">579.26dp</dimen>
    <dimen name="x681">580.11dp</dimen>
    <dimen name="x682">580.96dp</dimen>
    <dimen name="x683">581.81dp</dimen>
    <dimen name="x684">582.67dp</dimen>
    <dimen name="x685">583.52dp</dimen>
    <dimen name="x686">584.37dp</dimen>
    <dimen name="x687">585.22dp</dimen>
    <dimen name="x688">586.07dp</dimen>
    <dimen name="x689">586.93dp</dimen>
    <dimen name="x690">587.78dp</dimen>
    <dimen name="x691">588.63dp</dimen>
    <dimen name="x692">589.48dp</dimen>
    <dimen name="x693">590.33dp</dimen>
    <dimen name="x694">591.19dp</dimen>
    <dimen name="x695">592.04dp</dimen>
    <dimen name="x696">592.89dp</dimen>
    <dimen name="x697">593.74dp</dimen>
    <dimen name="x698">594.59dp</dimen>
    <dimen name="x699">595.44dp</dimen>
    <dimen name="x700">596.30dp</dimen>
    <dimen name="x701">597.15dp</dimen>
    <dimen name="x702">598.00dp</dimen>
    <dimen name="x703">598.85dp</dimen>
    <dimen name="x704">599.70dp</dimen>
    <dimen name="x705">600.56dp</dimen>
    <dimen name="x706">601.41dp</dimen>
    <dimen name="x707">602.26dp</dimen>
    <dimen name="x708">603.11dp</dimen>
    <dimen name="x709">603.96dp</dimen>
    <dimen name="x710">604.81dp</dimen>
    <dimen name="x711">605.67dp</dimen>
    <dimen name="x712">606.52dp</dimen>
    <dimen name="x713">607.37dp</dimen>
    <dimen name="x714">608.22dp</dimen>
    <dimen name="x715">609.07dp</dimen>
    <dimen name="x716">609.93dp</dimen>
    <dimen name="x717">610.78dp</dimen>
    <dimen name="x718">611.63dp</dimen>
    <dimen name="x719">612.48dp</dimen>
    <dimen name="x720">613.33dp</dimen>
    <dimen name="x721">614.19dp</dimen>
    <dimen name="x722">615.04dp</dimen>
    <dimen name="x723">615.89dp</dimen>
    <dimen name="x724">616.74dp</dimen>
    <dimen name="x725">617.59dp</dimen>
    <dimen name="x726">618.44dp</dimen>
    <dimen name="x727">619.30dp</dimen>
    <dimen name="x728">620.15dp</dimen>
    <dimen name="x729">621.00dp</dimen>
    <dimen name="x730">621.85dp</dimen>
    <dimen name="x731">622.70dp</dimen>
    <dimen name="x732">623.56dp</dimen>
    <dimen name="x733">624.41dp</dimen>
    <dimen name="x734">625.26dp</dimen>
    <dimen name="x735">626.11dp</dimen>
    <dimen name="x736">626.96dp</dimen>
    <dimen name="x737">627.81dp</dimen>
    <dimen name="x738">628.67dp</dimen>
    <dimen name="x739">629.52dp</dimen>
    <dimen name="x740">630.37dp</dimen>
    <dimen name="x741">631.22dp</dimen>
    <dimen name="x742">632.07dp</dimen>
    <dimen name="x743">632.93dp</dimen>
    <dimen name="x744">633.78dp</dimen>
    <dimen name="x745">634.63dp</dimen>
    <dimen name="x746">635.48dp</dimen>
    <dimen name="x747">636.33dp</dimen>
    <dimen name="x748">637.19dp</dimen>
    <dimen name="x749">638.04dp</dimen>
    <dimen name="x750">638.89dp</dimen>
    <dimen name="x751">639.74dp</dimen>
    <dimen name="x752">640.59dp</dimen>
    <dimen name="x753">641.44dp</dimen>
    <dimen name="x754">642.30dp</dimen>
    <dimen name="x755">643.15dp</dimen>
    <dimen name="x756">644.00dp</dimen>
    <dimen name="x757">644.85dp</dimen>
    <dimen name="x758">645.70dp</dimen>
    <dimen name="x759">646.56dp</dimen>
    <dimen name="x760">647.41dp</dimen>
    <dimen name="x761">648.26dp</dimen>
    <dimen name="x762">649.11dp</dimen>
    <dimen name="x763">649.96dp</dimen>
    <dimen name="x764">650.81dp</dimen>
    <dimen name="x765">651.67dp</dimen>
    <dimen name="x766">652.52dp</dimen>
    <dimen name="x767">653.37dp</dimen>
    <dimen name="x768">654.22dp</dimen>
    <dimen name="x769">655.07dp</dimen>
    <dimen name="x770">655.93dp</dimen>
    <dimen name="x771">656.78dp</dimen>
    <dimen name="x772">657.63dp</dimen>
    <dimen name="x773">658.48dp</dimen>
    <dimen name="x774">659.33dp</dimen>
    <dimen name="x775">660.19dp</dimen>
    <dimen name="x776">661.04dp</dimen>
    <dimen name="x777">661.89dp</dimen>
    <dimen name="x778">662.74dp</dimen>
    <dimen name="x779">663.59dp</dimen>
    <dimen name="x780">664.44dp</dimen>
    <dimen name="x781">665.30dp</dimen>
    <dimen name="x782">666.15dp</dimen>
    <dimen name="x783">667.00dp</dimen>
    <dimen name="x784">667.85dp</dimen>
    <dimen name="x785">668.70dp</dimen>
    <dimen name="x786">669.56dp</dimen>
    <dimen name="x787">670.41dp</dimen>
    <dimen name="x788">671.26dp</dimen>
    <dimen name="x789">672.11dp</dimen>
    <dimen name="x790">672.96dp</dimen>
    <dimen name="x791">673.81dp</dimen>
    <dimen name="x792">674.67dp</dimen>
    <dimen name="x793">675.52dp</dimen>
    <dimen name="x794">676.37dp</dimen>
    <dimen name="x795">677.22dp</dimen>
    <dimen name="x796">678.07dp</dimen>
    <dimen name="x797">678.93dp</dimen>
    <dimen name="x798">679.78dp</dimen>
    <dimen name="x799">680.63dp</dimen>
    <dimen name="x800">681.48dp</dimen>
    <dimen name="x801">682.33dp</dimen>
    <dimen name="x802">683.19dp</dimen>
    <dimen name="x803">684.04dp</dimen>
    <dimen name="x804">684.89dp</dimen>
    <dimen name="x805">685.74dp</dimen>
    <dimen name="x806">686.59dp</dimen>
    <dimen name="x807">687.44dp</dimen>
    <dimen name="x808">688.30dp</dimen>
    <dimen name="x809">689.15dp</dimen>
    <dimen name="x810">690.00dp</dimen>
    <dimen name="x811">690.85dp</dimen>
    <dimen name="x812">691.70dp</dimen>
    <dimen name="x813">692.56dp</dimen>
    <dimen name="x814">693.41dp</dimen>
    <dimen name="x815">694.26dp</dimen>
    <dimen name="x816">695.11dp</dimen>
    <dimen name="x817">695.96dp</dimen>
    <dimen name="x818">696.81dp</dimen>
    <dimen name="x819">697.67dp</dimen>
    <dimen name="x820">698.52dp</dimen>
    <dimen name="x821">699.37dp</dimen>
    <dimen name="x822">700.22dp</dimen>
    <dimen name="x823">701.07dp</dimen>
    <dimen name="x824">701.93dp</dimen>
    <dimen name="x825">702.78dp</dimen>
    <dimen name="x826">703.63dp</dimen>
    <dimen name="x827">704.48dp</dimen>
    <dimen name="x828">705.33dp</dimen>
    <dimen name="x829">706.19dp</dimen>
    <dimen name="x830">707.04dp</dimen>
    <dimen name="x831">707.89dp</dimen>
    <dimen name="x832">708.74dp</dimen>
    <dimen name="x833">709.59dp</dimen>
    <dimen name="x834">710.44dp</dimen>
    <dimen name="x835">711.30dp</dimen>
    <dimen name="x836">712.15dp</dimen>
    <dimen name="x837">713.00dp</dimen>
    <dimen name="x838">713.85dp</dimen>
    <dimen name="x839">714.70dp</dimen>
    <dimen name="x840">715.56dp</dimen>
    <dimen name="x841">716.41dp</dimen>
    <dimen name="x842">717.26dp</dimen>
    <dimen name="x843">718.11dp</dimen>
    <dimen name="x844">718.96dp</dimen>
    <dimen name="x845">719.81dp</dimen>
    <dimen name="x846">720.67dp</dimen>
    <dimen name="x847">721.52dp</dimen>
    <dimen name="x848">722.37dp</dimen>
    <dimen name="x849">723.22dp</dimen>
    <dimen name="x850">724.07dp</dimen>
    <dimen name="x851">724.93dp</dimen>
    <dimen name="x852">725.78dp</dimen>
    <dimen name="x853">726.63dp</dimen>
    <dimen name="x854">727.48dp</dimen>
    <dimen name="x855">728.33dp</dimen>
    <dimen name="x856">729.19dp</dimen>
    <dimen name="x857">730.04dp</dimen>
    <dimen name="x858">730.89dp</dimen>
    <dimen name="x859">731.74dp</dimen>
    <dimen name="x860">732.59dp</dimen>
    <dimen name="x861">733.44dp</dimen>
    <dimen name="x862">734.30dp</dimen>
    <dimen name="x863">735.15dp</dimen>
    <dimen name="x864">736.00dp</dimen>
    <dimen name="x865">736.85dp</dimen>
    <dimen name="x866">737.70dp</dimen>
    <dimen name="x867">738.56dp</dimen>
    <dimen name="x868">739.41dp</dimen>
    <dimen name="x869">740.26dp</dimen>
    <dimen name="x870">741.11dp</dimen>
    <dimen name="x871">741.96dp</dimen>
    <dimen name="x872">742.81dp</dimen>
    <dimen name="x873">743.67dp</dimen>
    <dimen name="x874">744.52dp</dimen>
    <dimen name="x875">745.37dp</dimen>
    <dimen name="x876">746.22dp</dimen>
    <dimen name="x877">747.07dp</dimen>
    <dimen name="x878">747.93dp</dimen>
    <dimen name="x879">748.78dp</dimen>
    <dimen name="x880">749.63dp</dimen>
    <dimen name="x881">750.48dp</dimen>
    <dimen name="x882">751.33dp</dimen>
    <dimen name="x883">752.19dp</dimen>
    <dimen name="x884">753.04dp</dimen>
    <dimen name="x885">753.89dp</dimen>
    <dimen name="x886">754.74dp</dimen>
    <dimen name="x887">755.59dp</dimen>
    <dimen name="x888">756.44dp</dimen>
    <dimen name="x889">757.30dp</dimen>
    <dimen name="x890">758.15dp</dimen>
    <dimen name="x891">759.00dp</dimen>
    <dimen name="x892">759.85dp</dimen>
    <dimen name="x893">760.70dp</dimen>
    <dimen name="x894">761.56dp</dimen>
    <dimen name="x895">762.41dp</dimen>
    <dimen name="x896">763.26dp</dimen>
    <dimen name="x897">764.11dp</dimen>
    <dimen name="x898">764.96dp</dimen>
    <dimen name="x899">765.81dp</dimen>
    <dimen name="x900">766.67dp</dimen>
    <dimen name="x901">767.52dp</dimen>
    <dimen name="x902">768.37dp</dimen>
    <dimen name="x903">769.22dp</dimen>
    <dimen name="x904">770.07dp</dimen>
    <dimen name="x905">770.93dp</dimen>
    <dimen name="x906">771.78dp</dimen>
    <dimen name="x907">772.63dp</dimen>
    <dimen name="x908">773.48dp</dimen>
    <dimen name="x909">774.33dp</dimen>
    <dimen name="x910">775.19dp</dimen>
    <dimen name="x911">776.04dp</dimen>
    <dimen name="x912">776.89dp</dimen>
    <dimen name="x913">777.74dp</dimen>
    <dimen name="x914">778.59dp</dimen>
    <dimen name="x915">779.44dp</dimen>
    <dimen name="x916">780.30dp</dimen>
    <dimen name="x917">781.15dp</dimen>
    <dimen name="x918">782.00dp</dimen>
    <dimen name="x919">782.85dp</dimen>
    <dimen name="x920">783.70dp</dimen>
    <dimen name="x921">784.56dp</dimen>
    <dimen name="x922">785.41dp</dimen>
    <dimen name="x923">786.26dp</dimen>
    <dimen name="x924">787.11dp</dimen>
    <dimen name="x925">787.96dp</dimen>
    <dimen name="x926">788.81dp</dimen>
    <dimen name="x927">789.67dp</dimen>
    <dimen name="x928">790.52dp</dimen>
    <dimen name="x929">791.37dp</dimen>
    <dimen name="x930">792.22dp</dimen>
    <dimen name="x931">793.07dp</dimen>
    <dimen name="x932">793.93dp</dimen>
    <dimen name="x933">794.78dp</dimen>
    <dimen name="x934">795.63dp</dimen>
    <dimen name="x935">796.48dp</dimen>
    <dimen name="x936">797.33dp</dimen>
    <dimen name="x937">798.19dp</dimen>
    <dimen name="x938">799.04dp</dimen>
    <dimen name="x939">799.89dp</dimen>
    <dimen name="x940">800.74dp</dimen>
    <dimen name="x941">801.59dp</dimen>
    <dimen name="x942">802.44dp</dimen>
    <dimen name="x943">803.30dp</dimen>
    <dimen name="x944">804.15dp</dimen>
    <dimen name="x945">805.00dp</dimen>
    <dimen name="x946">805.85dp</dimen>
    <dimen name="x947">806.70dp</dimen>
    <dimen name="x948">807.56dp</dimen>
    <dimen name="x949">808.41dp</dimen>
    <dimen name="x950">809.26dp</dimen>
    <dimen name="x951">810.11dp</dimen>
    <dimen name="x952">810.96dp</dimen>
    <dimen name="x953">811.81dp</dimen>
    <dimen name="x954">812.67dp</dimen>
    <dimen name="x955">813.52dp</dimen>
    <dimen name="x956">814.37dp</dimen>
    <dimen name="x957">815.22dp</dimen>
    <dimen name="x958">816.07dp</dimen>
    <dimen name="x959">816.93dp</dimen>
    <dimen name="x960">817.78dp</dimen>
    <dimen name="x961">818.63dp</dimen>
    <dimen name="x962">819.48dp</dimen>
    <dimen name="x963">820.33dp</dimen>
    <dimen name="x964">821.19dp</dimen>
    <dimen name="x965">822.04dp</dimen>
    <dimen name="x966">822.89dp</dimen>
    <dimen name="x967">823.74dp</dimen>
    <dimen name="x968">824.59dp</dimen>
    <dimen name="x969">825.44dp</dimen>
    <dimen name="x970">826.30dp</dimen>
    <dimen name="x971">827.15dp</dimen>
    <dimen name="x972">828.00dp</dimen>
    <dimen name="x973">828.85dp</dimen>
    <dimen name="x974">829.70dp</dimen>
    <dimen name="x975">830.56dp</dimen>
    <dimen name="x976">831.41dp</dimen>
    <dimen name="x977">832.26dp</dimen>
    <dimen name="x978">833.11dp</dimen>
    <dimen name="x979">833.96dp</dimen>
    <dimen name="x980">834.81dp</dimen>
    <dimen name="x981">835.67dp</dimen>
    <dimen name="x982">836.52dp</dimen>
    <dimen name="x983">837.37dp</dimen>
    <dimen name="x984">838.22dp</dimen>
    <dimen name="x985">839.07dp</dimen>
    <dimen name="x986">839.93dp</dimen>
    <dimen name="x987">840.78dp</dimen>
    <dimen name="x988">841.63dp</dimen>
    <dimen name="x989">842.48dp</dimen>
    <dimen name="x990">843.33dp</dimen>
    <dimen name="x991">844.19dp</dimen>
    <dimen name="x992">845.04dp</dimen>
    <dimen name="x993">845.89dp</dimen>
    <dimen name="x994">846.74dp</dimen>
    <dimen name="x995">847.59dp</dimen>
    <dimen name="x996">848.44dp</dimen>
    <dimen name="x997">849.30dp</dimen>
    <dimen name="x998">850.15dp</dimen>
    <dimen name="x999">851.00dp</dimen>
    <dimen name="x1000">851.85dp</dimen>
    <dimen name="x1001">852.70dp</dimen>
    <dimen name="x1002">853.56dp</dimen>
    <dimen name="x1003">854.41dp</dimen>
    <dimen name="x1004">855.26dp</dimen>
    <dimen name="x1005">856.11dp</dimen>
    <dimen name="x1006">856.96dp</dimen>
    <dimen name="x1007">857.81dp</dimen>
    <dimen name="x1008">858.67dp</dimen>
    <dimen name="x1009">859.52dp</dimen>
    <dimen name="x1010">860.37dp</dimen>
    <dimen name="x1011">861.22dp</dimen>
    <dimen name="x1012">862.07dp</dimen>
    <dimen name="x1013">862.93dp</dimen>
    <dimen name="x1014">863.78dp</dimen>
    <dimen name="x1015">864.63dp</dimen>
    <dimen name="x1016">865.48dp</dimen>
    <dimen name="x1017">866.33dp</dimen>
    <dimen name="x1018">867.19dp</dimen>
    <dimen name="x1019">868.04dp</dimen>
    <dimen name="x1020">868.89dp</dimen>
    <dimen name="x1021">869.74dp</dimen>
    <dimen name="x1022">870.59dp</dimen>
    <dimen name="x1023">871.44dp</dimen>
    <dimen name="x1024">872.30dp</dimen>
    <dimen name="x1025">873.15dp</dimen>
    <dimen name="x1026">874.00dp</dimen>
    <dimen name="x1027">874.85dp</dimen>
    <dimen name="x1028">875.70dp</dimen>
    <dimen name="x1029">876.56dp</dimen>
    <dimen name="x1030">877.41dp</dimen>
    <dimen name="x1031">878.26dp</dimen>
    <dimen name="x1032">879.11dp</dimen>
    <dimen name="x1033">879.96dp</dimen>
    <dimen name="x1034">880.81dp</dimen>
    <dimen name="x1035">881.67dp</dimen>
    <dimen name="x1036">882.52dp</dimen>
    <dimen name="x1037">883.37dp</dimen>
    <dimen name="x1038">884.22dp</dimen>
    <dimen name="x1039">885.07dp</dimen>
    <dimen name="x1040">885.93dp</dimen>
    <dimen name="x1041">886.78dp</dimen>
    <dimen name="x1042">887.63dp</dimen>
    <dimen name="x1043">888.48dp</dimen>
    <dimen name="x1044">889.33dp</dimen>
    <dimen name="x1045">890.19dp</dimen>
    <dimen name="x1046">891.04dp</dimen>
    <dimen name="x1047">891.89dp</dimen>
    <dimen name="x1048">892.74dp</dimen>
    <dimen name="x1049">893.59dp</dimen>
    <dimen name="x1050">894.44dp</dimen>
    <dimen name="x1051">895.30dp</dimen>
    <dimen name="x1052">896.15dp</dimen>
    <dimen name="x1053">897.00dp</dimen>
    <dimen name="x1054">897.85dp</dimen>
    <dimen name="x1055">898.70dp</dimen>
    <dimen name="x1056">899.56dp</dimen>
    <dimen name="x1057">900.41dp</dimen>
    <dimen name="x1058">901.26dp</dimen>
    <dimen name="x1059">902.11dp</dimen>
    <dimen name="x1060">902.96dp</dimen>
    <dimen name="x1061">903.81dp</dimen>
    <dimen name="x1062">904.67dp</dimen>
    <dimen name="x1063">905.52dp</dimen>
    <dimen name="x1064">906.37dp</dimen>
    <dimen name="x1065">907.22dp</dimen>
    <dimen name="x1066">908.07dp</dimen>
    <dimen name="x1067">908.93dp</dimen>
    <dimen name="x1068">909.78dp</dimen>
    <dimen name="x1069">910.63dp</dimen>
    <dimen name="x1070">911.48dp</dimen>
    <dimen name="x1071">912.33dp</dimen>
    <dimen name="x1072">913.19dp</dimen>
    <dimen name="x1073">914.04dp</dimen>
    <dimen name="x1074">914.89dp</dimen>
    <dimen name="x1075">915.74dp</dimen>
    <dimen name="x1076">916.59dp</dimen>
    <dimen name="x1077">917.44dp</dimen>
    <dimen name="x1078">918.30dp</dimen>
    <dimen name="x1079">919.15dp</dimen>
    <dimen name="x1080">920.00dp</dimen>
</resources>