<?xml version="1.0" encoding="utf-8"?>
<resources>
    <string name="sw_dp">830dp</string>
    <dimen name="x1">0.77dp</dimen>
    <dimen name="x2">1.54dp</dimen>
    <dimen name="x3">2.31dp</dimen>
    <dimen name="x4">3.07dp</dimen>
    <dimen name="x5">3.84dp</dimen>
    <dimen name="x6">4.61dp</dimen>
    <dimen name="x7">5.38dp</dimen>
    <dimen name="x8">6.15dp</dimen>
    <dimen name="x9">6.92dp</dimen>
    <dimen name="x10">7.69dp</dimen>
    <dimen name="x11">8.45dp</dimen>
    <dimen name="x12">9.22dp</dimen>
    <dimen name="x13">9.99dp</dimen>
    <dimen name="x14">10.76dp</dimen>
    <dimen name="x15">11.53dp</dimen>
    <dimen name="x16">12.30dp</dimen>
    <dimen name="x17">13.06dp</dimen>
    <dimen name="x18">13.83dp</dimen>
    <dimen name="x19">14.60dp</dimen>
    <dimen name="x20">15.37dp</dimen>
    <dimen name="x21">16.14dp</dimen>
    <dimen name="x22">16.91dp</dimen>
    <dimen name="x23">17.68dp</dimen>
    <dimen name="x24">18.44dp</dimen>
    <dimen name="x25">19.21dp</dimen>
    <dimen name="x26">19.98dp</dimen>
    <dimen name="x27">20.75dp</dimen>
    <dimen name="x28">21.52dp</dimen>
    <dimen name="x29">22.29dp</dimen>
    <dimen name="x30">23.06dp</dimen>
    <dimen name="x31">23.82dp</dimen>
    <dimen name="x32">24.59dp</dimen>
    <dimen name="x33">25.36dp</dimen>
    <dimen name="x34">26.13dp</dimen>
    <dimen name="x35">26.90dp</dimen>
    <dimen name="x36">27.67dp</dimen>
    <dimen name="x37">28.44dp</dimen>
    <dimen name="x38">29.20dp</dimen>
    <dimen name="x39">29.97dp</dimen>
    <dimen name="x40">30.74dp</dimen>
    <dimen name="x41">31.51dp</dimen>
    <dimen name="x42">32.28dp</dimen>
    <dimen name="x43">33.05dp</dimen>
    <dimen name="x44">33.81dp</dimen>
    <dimen name="x45">34.58dp</dimen>
    <dimen name="x46">35.35dp</dimen>
    <dimen name="x47">36.12dp</dimen>
    <dimen name="x48">36.89dp</dimen>
    <dimen name="x49">37.66dp</dimen>
    <dimen name="x50">38.43dp</dimen>
    <dimen name="x51">39.19dp</dimen>
    <dimen name="x52">39.96dp</dimen>
    <dimen name="x53">40.73dp</dimen>
    <dimen name="x54">41.50dp</dimen>
    <dimen name="x55">42.27dp</dimen>
    <dimen name="x56">43.04dp</dimen>
    <dimen name="x57">43.81dp</dimen>
    <dimen name="x58">44.57dp</dimen>
    <dimen name="x59">45.34dp</dimen>
    <dimen name="x60">46.11dp</dimen>
    <dimen name="x61">46.88dp</dimen>
    <dimen name="x62">47.65dp</dimen>
    <dimen name="x63">48.42dp</dimen>
    <dimen name="x64">49.19dp</dimen>
    <dimen name="x65">49.95dp</dimen>
    <dimen name="x66">50.72dp</dimen>
    <dimen name="x67">51.49dp</dimen>
    <dimen name="x68">52.26dp</dimen>
    <dimen name="x69">53.03dp</dimen>
    <dimen name="x70">53.80dp</dimen>
    <dimen name="x71">54.56dp</dimen>
    <dimen name="x72">55.33dp</dimen>
    <dimen name="x73">56.10dp</dimen>
    <dimen name="x74">56.87dp</dimen>
    <dimen name="x75">57.64dp</dimen>
    <dimen name="x76">58.41dp</dimen>
    <dimen name="x77">59.18dp</dimen>
    <dimen name="x78">59.94dp</dimen>
    <dimen name="x79">60.71dp</dimen>
    <dimen name="x80">61.48dp</dimen>
    <dimen name="x81">62.25dp</dimen>
    <dimen name="x82">63.02dp</dimen>
    <dimen name="x83">63.79dp</dimen>
    <dimen name="x84">64.56dp</dimen>
    <dimen name="x85">65.32dp</dimen>
    <dimen name="x86">66.09dp</dimen>
    <dimen name="x87">66.86dp</dimen>
    <dimen name="x88">67.63dp</dimen>
    <dimen name="x89">68.40dp</dimen>
    <dimen name="x90">69.17dp</dimen>
    <dimen name="x91">69.94dp</dimen>
    <dimen name="x92">70.70dp</dimen>
    <dimen name="x93">71.47dp</dimen>
    <dimen name="x94">72.24dp</dimen>
    <dimen name="x95">73.01dp</dimen>
    <dimen name="x96">73.78dp</dimen>
    <dimen name="x97">74.55dp</dimen>
    <dimen name="x98">75.31dp</dimen>
    <dimen name="x99">76.08dp</dimen>
    <dimen name="x100">76.85dp</dimen>
    <dimen name="x101">77.62dp</dimen>
    <dimen name="x102">78.39dp</dimen>
    <dimen name="x103">79.16dp</dimen>
    <dimen name="x104">79.93dp</dimen>
    <dimen name="x105">80.69dp</dimen>
    <dimen name="x106">81.46dp</dimen>
    <dimen name="x107">82.23dp</dimen>
    <dimen name="x108">83.00dp</dimen>
    <dimen name="x109">83.77dp</dimen>
    <dimen name="x110">84.54dp</dimen>
    <dimen name="x111">85.31dp</dimen>
    <dimen name="x112">86.07dp</dimen>
    <dimen name="x113">86.84dp</dimen>
    <dimen name="x114">87.61dp</dimen>
    <dimen name="x115">88.38dp</dimen>
    <dimen name="x116">89.15dp</dimen>
    <dimen name="x117">89.92dp</dimen>
    <dimen name="x118">90.69dp</dimen>
    <dimen name="x119">91.45dp</dimen>
    <dimen name="x120">92.22dp</dimen>
    <dimen name="x121">92.99dp</dimen>
    <dimen name="x122">93.76dp</dimen>
    <dimen name="x123">94.53dp</dimen>
    <dimen name="x124">95.30dp</dimen>
    <dimen name="x125">96.06dp</dimen>
    <dimen name="x126">96.83dp</dimen>
    <dimen name="x127">97.60dp</dimen>
    <dimen name="x128">98.37dp</dimen>
    <dimen name="x129">99.14dp</dimen>
    <dimen name="x130">99.91dp</dimen>
    <dimen name="x131">100.68dp</dimen>
    <dimen name="x132">101.44dp</dimen>
    <dimen name="x133">102.21dp</dimen>
    <dimen name="x134">102.98dp</dimen>
    <dimen name="x135">103.75dp</dimen>
    <dimen name="x136">104.52dp</dimen>
    <dimen name="x137">105.29dp</dimen>
    <dimen name="x138">106.06dp</dimen>
    <dimen name="x139">106.82dp</dimen>
    <dimen name="x140">107.59dp</dimen>
    <dimen name="x141">108.36dp</dimen>
    <dimen name="x142">109.13dp</dimen>
    <dimen name="x143">109.90dp</dimen>
    <dimen name="x144">110.67dp</dimen>
    <dimen name="x145">111.44dp</dimen>
    <dimen name="x146">112.20dp</dimen>
    <dimen name="x147">112.97dp</dimen>
    <dimen name="x148">113.74dp</dimen>
    <dimen name="x149">114.51dp</dimen>
    <dimen name="x150">115.28dp</dimen>
    <dimen name="x151">116.05dp</dimen>
    <dimen name="x152">116.81dp</dimen>
    <dimen name="x153">117.58dp</dimen>
    <dimen name="x154">118.35dp</dimen>
    <dimen name="x155">119.12dp</dimen>
    <dimen name="x156">119.89dp</dimen>
    <dimen name="x157">120.66dp</dimen>
    <dimen name="x158">121.43dp</dimen>
    <dimen name="x159">122.19dp</dimen>
    <dimen name="x160">122.96dp</dimen>
    <dimen name="x161">123.73dp</dimen>
    <dimen name="x162">124.50dp</dimen>
    <dimen name="x163">125.27dp</dimen>
    <dimen name="x164">126.04dp</dimen>
    <dimen name="x165">126.81dp</dimen>
    <dimen name="x166">127.57dp</dimen>
    <dimen name="x167">128.34dp</dimen>
    <dimen name="x168">129.11dp</dimen>
    <dimen name="x169">129.88dp</dimen>
    <dimen name="x170">130.65dp</dimen>
    <dimen name="x171">131.42dp</dimen>
    <dimen name="x172">132.19dp</dimen>
    <dimen name="x173">132.95dp</dimen>
    <dimen name="x174">133.72dp</dimen>
    <dimen name="x175">134.49dp</dimen>
    <dimen name="x176">135.26dp</dimen>
    <dimen name="x177">136.03dp</dimen>
    <dimen name="x178">136.80dp</dimen>
    <dimen name="x179">137.56dp</dimen>
    <dimen name="x180">138.33dp</dimen>
    <dimen name="x181">139.10dp</dimen>
    <dimen name="x182">139.87dp</dimen>
    <dimen name="x183">140.64dp</dimen>
    <dimen name="x184">141.41dp</dimen>
    <dimen name="x185">142.18dp</dimen>
    <dimen name="x186">142.94dp</dimen>
    <dimen name="x187">143.71dp</dimen>
    <dimen name="x188">144.48dp</dimen>
    <dimen name="x189">145.25dp</dimen>
    <dimen name="x190">146.02dp</dimen>
    <dimen name="x191">146.79dp</dimen>
    <dimen name="x192">147.56dp</dimen>
    <dimen name="x193">148.32dp</dimen>
    <dimen name="x194">149.09dp</dimen>
    <dimen name="x195">149.86dp</dimen>
    <dimen name="x196">150.63dp</dimen>
    <dimen name="x197">151.40dp</dimen>
    <dimen name="x198">152.17dp</dimen>
    <dimen name="x199">152.94dp</dimen>
    <dimen name="x200">153.70dp</dimen>
    <dimen name="x201">154.47dp</dimen>
    <dimen name="x202">155.24dp</dimen>
    <dimen name="x203">156.01dp</dimen>
    <dimen name="x204">156.78dp</dimen>
    <dimen name="x205">157.55dp</dimen>
    <dimen name="x206">158.31dp</dimen>
    <dimen name="x207">159.08dp</dimen>
    <dimen name="x208">159.85dp</dimen>
    <dimen name="x209">160.62dp</dimen>
    <dimen name="x210">161.39dp</dimen>
    <dimen name="x211">162.16dp</dimen>
    <dimen name="x212">162.93dp</dimen>
    <dimen name="x213">163.69dp</dimen>
    <dimen name="x214">164.46dp</dimen>
    <dimen name="x215">165.23dp</dimen>
    <dimen name="x216">166.00dp</dimen>
    <dimen name="x217">166.77dp</dimen>
    <dimen name="x218">167.54dp</dimen>
    <dimen name="x219">168.31dp</dimen>
    <dimen name="x220">169.07dp</dimen>
    <dimen name="x221">169.84dp</dimen>
    <dimen name="x222">170.61dp</dimen>
    <dimen name="x223">171.38dp</dimen>
    <dimen name="x224">172.15dp</dimen>
    <dimen name="x225">172.92dp</dimen>
    <dimen name="x226">173.69dp</dimen>
    <dimen name="x227">174.45dp</dimen>
    <dimen name="x228">175.22dp</dimen>
    <dimen name="x229">175.99dp</dimen>
    <dimen name="x230">176.76dp</dimen>
    <dimen name="x231">177.53dp</dimen>
    <dimen name="x232">178.30dp</dimen>
    <dimen name="x233">179.06dp</dimen>
    <dimen name="x234">179.83dp</dimen>
    <dimen name="x235">180.60dp</dimen>
    <dimen name="x236">181.37dp</dimen>
    <dimen name="x237">182.14dp</dimen>
    <dimen name="x238">182.91dp</dimen>
    <dimen name="x239">183.68dp</dimen>
    <dimen name="x240">184.44dp</dimen>
    <dimen name="x241">185.21dp</dimen>
    <dimen name="x242">185.98dp</dimen>
    <dimen name="x243">186.75dp</dimen>
    <dimen name="x244">187.52dp</dimen>
    <dimen name="x245">188.29dp</dimen>
    <dimen name="x246">189.06dp</dimen>
    <dimen name="x247">189.82dp</dimen>
    <dimen name="x248">190.59dp</dimen>
    <dimen name="x249">191.36dp</dimen>
    <dimen name="x250">192.13dp</dimen>
    <dimen name="x251">192.90dp</dimen>
    <dimen name="x252">193.67dp</dimen>
    <dimen name="x253">194.44dp</dimen>
    <dimen name="x254">195.20dp</dimen>
    <dimen name="x255">195.97dp</dimen>
    <dimen name="x256">196.74dp</dimen>
    <dimen name="x257">197.51dp</dimen>
    <dimen name="x258">198.28dp</dimen>
    <dimen name="x259">199.05dp</dimen>
    <dimen name="x260">199.81dp</dimen>
    <dimen name="x261">200.58dp</dimen>
    <dimen name="x262">201.35dp</dimen>
    <dimen name="x263">202.12dp</dimen>
    <dimen name="x264">202.89dp</dimen>
    <dimen name="x265">203.66dp</dimen>
    <dimen name="x266">204.43dp</dimen>
    <dimen name="x267">205.19dp</dimen>
    <dimen name="x268">205.96dp</dimen>
    <dimen name="x269">206.73dp</dimen>
    <dimen name="x270">207.50dp</dimen>
    <dimen name="x271">208.27dp</dimen>
    <dimen name="x272">209.04dp</dimen>
    <dimen name="x273">209.81dp</dimen>
    <dimen name="x274">210.57dp</dimen>
    <dimen name="x275">211.34dp</dimen>
    <dimen name="x276">212.11dp</dimen>
    <dimen name="x277">212.88dp</dimen>
    <dimen name="x278">213.65dp</dimen>
    <dimen name="x279">214.42dp</dimen>
    <dimen name="x280">215.19dp</dimen>
    <dimen name="x281">215.95dp</dimen>
    <dimen name="x282">216.72dp</dimen>
    <dimen name="x283">217.49dp</dimen>
    <dimen name="x284">218.26dp</dimen>
    <dimen name="x285">219.03dp</dimen>
    <dimen name="x286">219.80dp</dimen>
    <dimen name="x287">220.56dp</dimen>
    <dimen name="x288">221.33dp</dimen>
    <dimen name="x289">222.10dp</dimen>
    <dimen name="x290">222.87dp</dimen>
    <dimen name="x291">223.64dp</dimen>
    <dimen name="x292">224.41dp</dimen>
    <dimen name="x293">225.18dp</dimen>
    <dimen name="x294">225.94dp</dimen>
    <dimen name="x295">226.71dp</dimen>
    <dimen name="x296">227.48dp</dimen>
    <dimen name="x297">228.25dp</dimen>
    <dimen name="x298">229.02dp</dimen>
    <dimen name="x299">229.79dp</dimen>
    <dimen name="x300">230.56dp</dimen>
    <dimen name="x301">231.32dp</dimen>
    <dimen name="x302">232.09dp</dimen>
    <dimen name="x303">232.86dp</dimen>
    <dimen name="x304">233.63dp</dimen>
    <dimen name="x305">234.40dp</dimen>
    <dimen name="x306">235.17dp</dimen>
    <dimen name="x307">235.94dp</dimen>
    <dimen name="x308">236.70dp</dimen>
    <dimen name="x309">237.47dp</dimen>
    <dimen name="x310">238.24dp</dimen>
    <dimen name="x311">239.01dp</dimen>
    <dimen name="x312">239.78dp</dimen>
    <dimen name="x313">240.55dp</dimen>
    <dimen name="x314">241.31dp</dimen>
    <dimen name="x315">242.08dp</dimen>
    <dimen name="x316">242.85dp</dimen>
    <dimen name="x317">243.62dp</dimen>
    <dimen name="x318">244.39dp</dimen>
    <dimen name="x319">245.16dp</dimen>
    <dimen name="x320">245.93dp</dimen>
    <dimen name="x321">246.69dp</dimen>
    <dimen name="x322">247.46dp</dimen>
    <dimen name="x323">248.23dp</dimen>
    <dimen name="x324">249.00dp</dimen>
    <dimen name="x325">249.77dp</dimen>
    <dimen name="x326">250.54dp</dimen>
    <dimen name="x327">251.31dp</dimen>
    <dimen name="x328">252.07dp</dimen>
    <dimen name="x329">252.84dp</dimen>
    <dimen name="x330">253.61dp</dimen>
    <dimen name="x331">254.38dp</dimen>
    <dimen name="x332">255.15dp</dimen>
    <dimen name="x333">255.92dp</dimen>
    <dimen name="x334">256.69dp</dimen>
    <dimen name="x335">257.45dp</dimen>
    <dimen name="x336">258.22dp</dimen>
    <dimen name="x337">258.99dp</dimen>
    <dimen name="x338">259.76dp</dimen>
    <dimen name="x339">260.53dp</dimen>
    <dimen name="x340">261.30dp</dimen>
    <dimen name="x341">262.06dp</dimen>
    <dimen name="x342">262.83dp</dimen>
    <dimen name="x343">263.60dp</dimen>
    <dimen name="x344">264.37dp</dimen>
    <dimen name="x345">265.14dp</dimen>
    <dimen name="x346">265.91dp</dimen>
    <dimen name="x347">266.68dp</dimen>
    <dimen name="x348">267.44dp</dimen>
    <dimen name="x349">268.21dp</dimen>
    <dimen name="x350">268.98dp</dimen>
    <dimen name="x351">269.75dp</dimen>
    <dimen name="x352">270.52dp</dimen>
    <dimen name="x353">271.29dp</dimen>
    <dimen name="x354">272.06dp</dimen>
    <dimen name="x355">272.82dp</dimen>
    <dimen name="x356">273.59dp</dimen>
    <dimen name="x357">274.36dp</dimen>
    <dimen name="x358">275.13dp</dimen>
    <dimen name="x359">275.90dp</dimen>
    <dimen name="x360">276.67dp</dimen>
    <dimen name="x361">277.44dp</dimen>
    <dimen name="x362">278.20dp</dimen>
    <dimen name="x363">278.97dp</dimen>
    <dimen name="x364">279.74dp</dimen>
    <dimen name="x365">280.51dp</dimen>
    <dimen name="x366">281.28dp</dimen>
    <dimen name="x367">282.05dp</dimen>
    <dimen name="x368">282.81dp</dimen>
    <dimen name="x369">283.58dp</dimen>
    <dimen name="x370">284.35dp</dimen>
    <dimen name="x371">285.12dp</dimen>
    <dimen name="x372">285.89dp</dimen>
    <dimen name="x373">286.66dp</dimen>
    <dimen name="x374">287.43dp</dimen>
    <dimen name="x375">288.19dp</dimen>
    <dimen name="x376">288.96dp</dimen>
    <dimen name="x377">289.73dp</dimen>
    <dimen name="x378">290.50dp</dimen>
    <dimen name="x379">291.27dp</dimen>
    <dimen name="x380">292.04dp</dimen>
    <dimen name="x381">292.81dp</dimen>
    <dimen name="x382">293.57dp</dimen>
    <dimen name="x383">294.34dp</dimen>
    <dimen name="x384">295.11dp</dimen>
    <dimen name="x385">295.88dp</dimen>
    <dimen name="x386">296.65dp</dimen>
    <dimen name="x387">297.42dp</dimen>
    <dimen name="x388">298.19dp</dimen>
    <dimen name="x389">298.95dp</dimen>
    <dimen name="x390">299.72dp</dimen>
    <dimen name="x391">300.49dp</dimen>
    <dimen name="x392">301.26dp</dimen>
    <dimen name="x393">302.03dp</dimen>
    <dimen name="x394">302.80dp</dimen>
    <dimen name="x395">303.56dp</dimen>
    <dimen name="x396">304.33dp</dimen>
    <dimen name="x397">305.10dp</dimen>
    <dimen name="x398">305.87dp</dimen>
    <dimen name="x399">306.64dp</dimen>
    <dimen name="x400">307.41dp</dimen>
    <dimen name="x401">308.18dp</dimen>
    <dimen name="x402">308.94dp</dimen>
    <dimen name="x403">309.71dp</dimen>
    <dimen name="x404">310.48dp</dimen>
    <dimen name="x405">311.25dp</dimen>
    <dimen name="x406">312.02dp</dimen>
    <dimen name="x407">312.79dp</dimen>
    <dimen name="x408">313.56dp</dimen>
    <dimen name="x409">314.32dp</dimen>
    <dimen name="x410">315.09dp</dimen>
    <dimen name="x411">315.86dp</dimen>
    <dimen name="x412">316.63dp</dimen>
    <dimen name="x413">317.40dp</dimen>
    <dimen name="x414">318.17dp</dimen>
    <dimen name="x415">318.94dp</dimen>
    <dimen name="x416">319.70dp</dimen>
    <dimen name="x417">320.47dp</dimen>
    <dimen name="x418">321.24dp</dimen>
    <dimen name="x419">322.01dp</dimen>
    <dimen name="x420">322.78dp</dimen>
    <dimen name="x421">323.55dp</dimen>
    <dimen name="x422">324.31dp</dimen>
    <dimen name="x423">325.08dp</dimen>
    <dimen name="x424">325.85dp</dimen>
    <dimen name="x425">326.62dp</dimen>
    <dimen name="x426">327.39dp</dimen>
    <dimen name="x427">328.16dp</dimen>
    <dimen name="x428">328.93dp</dimen>
    <dimen name="x429">329.69dp</dimen>
    <dimen name="x430">330.46dp</dimen>
    <dimen name="x431">331.23dp</dimen>
    <dimen name="x432">332.00dp</dimen>
    <dimen name="x433">332.77dp</dimen>
    <dimen name="x434">333.54dp</dimen>
    <dimen name="x435">334.31dp</dimen>
    <dimen name="x436">335.07dp</dimen>
    <dimen name="x437">335.84dp</dimen>
    <dimen name="x438">336.61dp</dimen>
    <dimen name="x439">337.38dp</dimen>
    <dimen name="x440">338.15dp</dimen>
    <dimen name="x441">338.92dp</dimen>
    <dimen name="x442">339.69dp</dimen>
    <dimen name="x443">340.45dp</dimen>
    <dimen name="x444">341.22dp</dimen>
    <dimen name="x445">341.99dp</dimen>
    <dimen name="x446">342.76dp</dimen>
    <dimen name="x447">343.53dp</dimen>
    <dimen name="x448">344.30dp</dimen>
    <dimen name="x449">345.06dp</dimen>
    <dimen name="x450">345.83dp</dimen>
    <dimen name="x451">346.60dp</dimen>
    <dimen name="x452">347.37dp</dimen>
    <dimen name="x453">348.14dp</dimen>
    <dimen name="x454">348.91dp</dimen>
    <dimen name="x455">349.68dp</dimen>
    <dimen name="x456">350.44dp</dimen>
    <dimen name="x457">351.21dp</dimen>
    <dimen name="x458">351.98dp</dimen>
    <dimen name="x459">352.75dp</dimen>
    <dimen name="x460">353.52dp</dimen>
    <dimen name="x461">354.29dp</dimen>
    <dimen name="x462">355.06dp</dimen>
    <dimen name="x463">355.82dp</dimen>
    <dimen name="x464">356.59dp</dimen>
    <dimen name="x465">357.36dp</dimen>
    <dimen name="x466">358.13dp</dimen>
    <dimen name="x467">358.90dp</dimen>
    <dimen name="x468">359.67dp</dimen>
    <dimen name="x469">360.44dp</dimen>
    <dimen name="x470">361.20dp</dimen>
    <dimen name="x471">361.97dp</dimen>
    <dimen name="x472">362.74dp</dimen>
    <dimen name="x473">363.51dp</dimen>
    <dimen name="x474">364.28dp</dimen>
    <dimen name="x475">365.05dp</dimen>
    <dimen name="x476">365.81dp</dimen>
    <dimen name="x477">366.58dp</dimen>
    <dimen name="x478">367.35dp</dimen>
    <dimen name="x479">368.12dp</dimen>
    <dimen name="x480">368.89dp</dimen>
    <dimen name="x481">369.66dp</dimen>
    <dimen name="x482">370.43dp</dimen>
    <dimen name="x483">371.19dp</dimen>
    <dimen name="x484">371.96dp</dimen>
    <dimen name="x485">372.73dp</dimen>
    <dimen name="x486">373.50dp</dimen>
    <dimen name="x487">374.27dp</dimen>
    <dimen name="x488">375.04dp</dimen>
    <dimen name="x489">375.81dp</dimen>
    <dimen name="x490">376.57dp</dimen>
    <dimen name="x491">377.34dp</dimen>
    <dimen name="x492">378.11dp</dimen>
    <dimen name="x493">378.88dp</dimen>
    <dimen name="x494">379.65dp</dimen>
    <dimen name="x495">380.42dp</dimen>
    <dimen name="x496">381.19dp</dimen>
    <dimen name="x497">381.95dp</dimen>
    <dimen name="x498">382.72dp</dimen>
    <dimen name="x499">383.49dp</dimen>
    <dimen name="x500">384.26dp</dimen>
    <dimen name="x501">385.03dp</dimen>
    <dimen name="x502">385.80dp</dimen>
    <dimen name="x503">386.56dp</dimen>
    <dimen name="x504">387.33dp</dimen>
    <dimen name="x505">388.10dp</dimen>
    <dimen name="x506">388.87dp</dimen>
    <dimen name="x507">389.64dp</dimen>
    <dimen name="x508">390.41dp</dimen>
    <dimen name="x509">391.18dp</dimen>
    <dimen name="x510">391.94dp</dimen>
    <dimen name="x511">392.71dp</dimen>
    <dimen name="x512">393.48dp</dimen>
    <dimen name="x513">394.25dp</dimen>
    <dimen name="x514">395.02dp</dimen>
    <dimen name="x515">395.79dp</dimen>
    <dimen name="x516">396.56dp</dimen>
    <dimen name="x517">397.32dp</dimen>
    <dimen name="x518">398.09dp</dimen>
    <dimen name="x519">398.86dp</dimen>
    <dimen name="x520">399.63dp</dimen>
    <dimen name="x521">400.40dp</dimen>
    <dimen name="x522">401.17dp</dimen>
    <dimen name="x523">401.94dp</dimen>
    <dimen name="x524">402.70dp</dimen>
    <dimen name="x525">403.47dp</dimen>
    <dimen name="x526">404.24dp</dimen>
    <dimen name="x527">405.01dp</dimen>
    <dimen name="x528">405.78dp</dimen>
    <dimen name="x529">406.55dp</dimen>
    <dimen name="x530">407.31dp</dimen>
    <dimen name="x531">408.08dp</dimen>
    <dimen name="x532">408.85dp</dimen>
    <dimen name="x533">409.62dp</dimen>
    <dimen name="x534">410.39dp</dimen>
    <dimen name="x535">411.16dp</dimen>
    <dimen name="x536">411.93dp</dimen>
    <dimen name="x537">412.69dp</dimen>
    <dimen name="x538">413.46dp</dimen>
    <dimen name="x539">414.23dp</dimen>
    <dimen name="x540">415.00dp</dimen>
    <dimen name="x541">415.77dp</dimen>
    <dimen name="x542">416.54dp</dimen>
    <dimen name="x543">417.31dp</dimen>
    <dimen name="x544">418.07dp</dimen>
    <dimen name="x545">418.84dp</dimen>
    <dimen name="x546">419.61dp</dimen>
    <dimen name="x547">420.38dp</dimen>
    <dimen name="x548">421.15dp</dimen>
    <dimen name="x549">421.92dp</dimen>
    <dimen name="x550">422.69dp</dimen>
    <dimen name="x551">423.45dp</dimen>
    <dimen name="x552">424.22dp</dimen>
    <dimen name="x553">424.99dp</dimen>
    <dimen name="x554">425.76dp</dimen>
    <dimen name="x555">426.53dp</dimen>
    <dimen name="x556">427.30dp</dimen>
    <dimen name="x557">428.06dp</dimen>
    <dimen name="x558">428.83dp</dimen>
    <dimen name="x559">429.60dp</dimen>
    <dimen name="x560">430.37dp</dimen>
    <dimen name="x561">431.14dp</dimen>
    <dimen name="x562">431.91dp</dimen>
    <dimen name="x563">432.68dp</dimen>
    <dimen name="x564">433.44dp</dimen>
    <dimen name="x565">434.21dp</dimen>
    <dimen name="x566">434.98dp</dimen>
    <dimen name="x567">435.75dp</dimen>
    <dimen name="x568">436.52dp</dimen>
    <dimen name="x569">437.29dp</dimen>
    <dimen name="x570">438.06dp</dimen>
    <dimen name="x571">438.82dp</dimen>
    <dimen name="x572">439.59dp</dimen>
    <dimen name="x573">440.36dp</dimen>
    <dimen name="x574">441.13dp</dimen>
    <dimen name="x575">441.90dp</dimen>
    <dimen name="x576">442.67dp</dimen>
    <dimen name="x577">443.44dp</dimen>
    <dimen name="x578">444.20dp</dimen>
    <dimen name="x579">444.97dp</dimen>
    <dimen name="x580">445.74dp</dimen>
    <dimen name="x581">446.51dp</dimen>
    <dimen name="x582">447.28dp</dimen>
    <dimen name="x583">448.05dp</dimen>
    <dimen name="x584">448.81dp</dimen>
    <dimen name="x585">449.58dp</dimen>
    <dimen name="x586">450.35dp</dimen>
    <dimen name="x587">451.12dp</dimen>
    <dimen name="x588">451.89dp</dimen>
    <dimen name="x589">452.66dp</dimen>
    <dimen name="x590">453.43dp</dimen>
    <dimen name="x591">454.19dp</dimen>
    <dimen name="x592">454.96dp</dimen>
    <dimen name="x593">455.73dp</dimen>
    <dimen name="x594">456.50dp</dimen>
    <dimen name="x595">457.27dp</dimen>
    <dimen name="x596">458.04dp</dimen>
    <dimen name="x597">458.81dp</dimen>
    <dimen name="x598">459.57dp</dimen>
    <dimen name="x599">460.34dp</dimen>
    <dimen name="x600">461.11dp</dimen>
    <dimen name="x601">461.88dp</dimen>
    <dimen name="x602">462.65dp</dimen>
    <dimen name="x603">463.42dp</dimen>
    <dimen name="x604">464.19dp</dimen>
    <dimen name="x605">464.95dp</dimen>
    <dimen name="x606">465.72dp</dimen>
    <dimen name="x607">466.49dp</dimen>
    <dimen name="x608">467.26dp</dimen>
    <dimen name="x609">468.03dp</dimen>
    <dimen name="x610">468.80dp</dimen>
    <dimen name="x611">469.56dp</dimen>
    <dimen name="x612">470.33dp</dimen>
    <dimen name="x613">471.10dp</dimen>
    <dimen name="x614">471.87dp</dimen>
    <dimen name="x615">472.64dp</dimen>
    <dimen name="x616">473.41dp</dimen>
    <dimen name="x617">474.18dp</dimen>
    <dimen name="x618">474.94dp</dimen>
    <dimen name="x619">475.71dp</dimen>
    <dimen name="x620">476.48dp</dimen>
    <dimen name="x621">477.25dp</dimen>
    <dimen name="x622">478.02dp</dimen>
    <dimen name="x623">478.79dp</dimen>
    <dimen name="x624">479.56dp</dimen>
    <dimen name="x625">480.32dp</dimen>
    <dimen name="x626">481.09dp</dimen>
    <dimen name="x627">481.86dp</dimen>
    <dimen name="x628">482.63dp</dimen>
    <dimen name="x629">483.40dp</dimen>
    <dimen name="x630">484.17dp</dimen>
    <dimen name="x631">484.94dp</dimen>
    <dimen name="x632">485.70dp</dimen>
    <dimen name="x633">486.47dp</dimen>
    <dimen name="x634">487.24dp</dimen>
    <dimen name="x635">488.01dp</dimen>
    <dimen name="x636">488.78dp</dimen>
    <dimen name="x637">489.55dp</dimen>
    <dimen name="x638">490.31dp</dimen>
    <dimen name="x639">491.08dp</dimen>
    <dimen name="x640">491.85dp</dimen>
    <dimen name="x641">492.62dp</dimen>
    <dimen name="x642">493.39dp</dimen>
    <dimen name="x643">494.16dp</dimen>
    <dimen name="x644">494.93dp</dimen>
    <dimen name="x645">495.69dp</dimen>
    <dimen name="x646">496.46dp</dimen>
    <dimen name="x647">497.23dp</dimen>
    <dimen name="x648">498.00dp</dimen>
    <dimen name="x649">498.77dp</dimen>
    <dimen name="x650">499.54dp</dimen>
    <dimen name="x651">500.31dp</dimen>
    <dimen name="x652">501.07dp</dimen>
    <dimen name="x653">501.84dp</dimen>
    <dimen name="x654">502.61dp</dimen>
    <dimen name="x655">503.38dp</dimen>
    <dimen name="x656">504.15dp</dimen>
    <dimen name="x657">504.92dp</dimen>
    <dimen name="x658">505.69dp</dimen>
    <dimen name="x659">506.45dp</dimen>
    <dimen name="x660">507.22dp</dimen>
    <dimen name="x661">507.99dp</dimen>
    <dimen name="x662">508.76dp</dimen>
    <dimen name="x663">509.53dp</dimen>
    <dimen name="x664">510.30dp</dimen>
    <dimen name="x665">511.06dp</dimen>
    <dimen name="x666">511.83dp</dimen>
    <dimen name="x667">512.60dp</dimen>
    <dimen name="x668">513.37dp</dimen>
    <dimen name="x669">514.14dp</dimen>
    <dimen name="x670">514.91dp</dimen>
    <dimen name="x671">515.68dp</dimen>
    <dimen name="x672">516.44dp</dimen>
    <dimen name="x673">517.21dp</dimen>
    <dimen name="x674">517.98dp</dimen>
    <dimen name="x675">518.75dp</dimen>
    <dimen name="x676">519.52dp</dimen>
    <dimen name="x677">520.29dp</dimen>
    <dimen name="x678">521.06dp</dimen>
    <dimen name="x679">521.82dp</dimen>
    <dimen name="x680">522.59dp</dimen>
    <dimen name="x681">523.36dp</dimen>
    <dimen name="x682">524.13dp</dimen>
    <dimen name="x683">524.90dp</dimen>
    <dimen name="x684">525.67dp</dimen>
    <dimen name="x685">526.44dp</dimen>
    <dimen name="x686">527.20dp</dimen>
    <dimen name="x687">527.97dp</dimen>
    <dimen name="x688">528.74dp</dimen>
    <dimen name="x689">529.51dp</dimen>
    <dimen name="x690">530.28dp</dimen>
    <dimen name="x691">531.05dp</dimen>
    <dimen name="x692">531.81dp</dimen>
    <dimen name="x693">532.58dp</dimen>
    <dimen name="x694">533.35dp</dimen>
    <dimen name="x695">534.12dp</dimen>
    <dimen name="x696">534.89dp</dimen>
    <dimen name="x697">535.66dp</dimen>
    <dimen name="x698">536.43dp</dimen>
    <dimen name="x699">537.19dp</dimen>
    <dimen name="x700">537.96dp</dimen>
    <dimen name="x701">538.73dp</dimen>
    <dimen name="x702">539.50dp</dimen>
    <dimen name="x703">540.27dp</dimen>
    <dimen name="x704">541.04dp</dimen>
    <dimen name="x705">541.81dp</dimen>
    <dimen name="x706">542.57dp</dimen>
    <dimen name="x707">543.34dp</dimen>
    <dimen name="x708">544.11dp</dimen>
    <dimen name="x709">544.88dp</dimen>
    <dimen name="x710">545.65dp</dimen>
    <dimen name="x711">546.42dp</dimen>
    <dimen name="x712">547.19dp</dimen>
    <dimen name="x713">547.95dp</dimen>
    <dimen name="x714">548.72dp</dimen>
    <dimen name="x715">549.49dp</dimen>
    <dimen name="x716">550.26dp</dimen>
    <dimen name="x717">551.03dp</dimen>
    <dimen name="x718">551.80dp</dimen>
    <dimen name="x719">552.56dp</dimen>
    <dimen name="x720">553.33dp</dimen>
    <dimen name="x721">554.10dp</dimen>
    <dimen name="x722">554.87dp</dimen>
    <dimen name="x723">555.64dp</dimen>
    <dimen name="x724">556.41dp</dimen>
    <dimen name="x725">557.18dp</dimen>
    <dimen name="x726">557.94dp</dimen>
    <dimen name="x727">558.71dp</dimen>
    <dimen name="x728">559.48dp</dimen>
    <dimen name="x729">560.25dp</dimen>
    <dimen name="x730">561.02dp</dimen>
    <dimen name="x731">561.79dp</dimen>
    <dimen name="x732">562.56dp</dimen>
    <dimen name="x733">563.32dp</dimen>
    <dimen name="x734">564.09dp</dimen>
    <dimen name="x735">564.86dp</dimen>
    <dimen name="x736">565.63dp</dimen>
    <dimen name="x737">566.40dp</dimen>
    <dimen name="x738">567.17dp</dimen>
    <dimen name="x739">567.94dp</dimen>
    <dimen name="x740">568.70dp</dimen>
    <dimen name="x741">569.47dp</dimen>
    <dimen name="x742">570.24dp</dimen>
    <dimen name="x743">571.01dp</dimen>
    <dimen name="x744">571.78dp</dimen>
    <dimen name="x745">572.55dp</dimen>
    <dimen name="x746">573.31dp</dimen>
    <dimen name="x747">574.08dp</dimen>
    <dimen name="x748">574.85dp</dimen>
    <dimen name="x749">575.62dp</dimen>
    <dimen name="x750">576.39dp</dimen>
    <dimen name="x751">577.16dp</dimen>
    <dimen name="x752">577.93dp</dimen>
    <dimen name="x753">578.69dp</dimen>
    <dimen name="x754">579.46dp</dimen>
    <dimen name="x755">580.23dp</dimen>
    <dimen name="x756">581.00dp</dimen>
    <dimen name="x757">581.77dp</dimen>
    <dimen name="x758">582.54dp</dimen>
    <dimen name="x759">583.31dp</dimen>
    <dimen name="x760">584.07dp</dimen>
    <dimen name="x761">584.84dp</dimen>
    <dimen name="x762">585.61dp</dimen>
    <dimen name="x763">586.38dp</dimen>
    <dimen name="x764">587.15dp</dimen>
    <dimen name="x765">587.92dp</dimen>
    <dimen name="x766">588.69dp</dimen>
    <dimen name="x767">589.45dp</dimen>
    <dimen name="x768">590.22dp</dimen>
    <dimen name="x769">590.99dp</dimen>
    <dimen name="x770">591.76dp</dimen>
    <dimen name="x771">592.53dp</dimen>
    <dimen name="x772">593.30dp</dimen>
    <dimen name="x773">594.06dp</dimen>
    <dimen name="x774">594.83dp</dimen>
    <dimen name="x775">595.60dp</dimen>
    <dimen name="x776">596.37dp</dimen>
    <dimen name="x777">597.14dp</dimen>
    <dimen name="x778">597.91dp</dimen>
    <dimen name="x779">598.68dp</dimen>
    <dimen name="x780">599.44dp</dimen>
    <dimen name="x781">600.21dp</dimen>
    <dimen name="x782">600.98dp</dimen>
    <dimen name="x783">601.75dp</dimen>
    <dimen name="x784">602.52dp</dimen>
    <dimen name="x785">603.29dp</dimen>
    <dimen name="x786">604.06dp</dimen>
    <dimen name="x787">604.82dp</dimen>
    <dimen name="x788">605.59dp</dimen>
    <dimen name="x789">606.36dp</dimen>
    <dimen name="x790">607.13dp</dimen>
    <dimen name="x791">607.90dp</dimen>
    <dimen name="x792">608.67dp</dimen>
    <dimen name="x793">609.44dp</dimen>
    <dimen name="x794">610.20dp</dimen>
    <dimen name="x795">610.97dp</dimen>
    <dimen name="x796">611.74dp</dimen>
    <dimen name="x797">612.51dp</dimen>
    <dimen name="x798">613.28dp</dimen>
    <dimen name="x799">614.05dp</dimen>
    <dimen name="x800">614.81dp</dimen>
    <dimen name="x801">615.58dp</dimen>
    <dimen name="x802">616.35dp</dimen>
    <dimen name="x803">617.12dp</dimen>
    <dimen name="x804">617.89dp</dimen>
    <dimen name="x805">618.66dp</dimen>
    <dimen name="x806">619.43dp</dimen>
    <dimen name="x807">620.19dp</dimen>
    <dimen name="x808">620.96dp</dimen>
    <dimen name="x809">621.73dp</dimen>
    <dimen name="x810">622.50dp</dimen>
    <dimen name="x811">623.27dp</dimen>
    <dimen name="x812">624.04dp</dimen>
    <dimen name="x813">624.81dp</dimen>
    <dimen name="x814">625.57dp</dimen>
    <dimen name="x815">626.34dp</dimen>
    <dimen name="x816">627.11dp</dimen>
    <dimen name="x817">627.88dp</dimen>
    <dimen name="x818">628.65dp</dimen>
    <dimen name="x819">629.42dp</dimen>
    <dimen name="x820">630.19dp</dimen>
    <dimen name="x821">630.95dp</dimen>
    <dimen name="x822">631.72dp</dimen>
    <dimen name="x823">632.49dp</dimen>
    <dimen name="x824">633.26dp</dimen>
    <dimen name="x825">634.03dp</dimen>
    <dimen name="x826">634.80dp</dimen>
    <dimen name="x827">635.56dp</dimen>
    <dimen name="x828">636.33dp</dimen>
    <dimen name="x829">637.10dp</dimen>
    <dimen name="x830">637.87dp</dimen>
    <dimen name="x831">638.64dp</dimen>
    <dimen name="x832">639.41dp</dimen>
    <dimen name="x833">640.18dp</dimen>
    <dimen name="x834">640.94dp</dimen>
    <dimen name="x835">641.71dp</dimen>
    <dimen name="x836">642.48dp</dimen>
    <dimen name="x837">643.25dp</dimen>
    <dimen name="x838">644.02dp</dimen>
    <dimen name="x839">644.79dp</dimen>
    <dimen name="x840">645.56dp</dimen>
    <dimen name="x841">646.32dp</dimen>
    <dimen name="x842">647.09dp</dimen>
    <dimen name="x843">647.86dp</dimen>
    <dimen name="x844">648.63dp</dimen>
    <dimen name="x845">649.40dp</dimen>
    <dimen name="x846">650.17dp</dimen>
    <dimen name="x847">650.94dp</dimen>
    <dimen name="x848">651.70dp</dimen>
    <dimen name="x849">652.47dp</dimen>
    <dimen name="x850">653.24dp</dimen>
    <dimen name="x851">654.01dp</dimen>
    <dimen name="x852">654.78dp</dimen>
    <dimen name="x853">655.55dp</dimen>
    <dimen name="x854">656.31dp</dimen>
    <dimen name="x855">657.08dp</dimen>
    <dimen name="x856">657.85dp</dimen>
    <dimen name="x857">658.62dp</dimen>
    <dimen name="x858">659.39dp</dimen>
    <dimen name="x859">660.16dp</dimen>
    <dimen name="x860">660.93dp</dimen>
    <dimen name="x861">661.69dp</dimen>
    <dimen name="x862">662.46dp</dimen>
    <dimen name="x863">663.23dp</dimen>
    <dimen name="x864">664.00dp</dimen>
    <dimen name="x865">664.77dp</dimen>
    <dimen name="x866">665.54dp</dimen>
    <dimen name="x867">666.31dp</dimen>
    <dimen name="x868">667.07dp</dimen>
    <dimen name="x869">667.84dp</dimen>
    <dimen name="x870">668.61dp</dimen>
    <dimen name="x871">669.38dp</dimen>
    <dimen name="x872">670.15dp</dimen>
    <dimen name="x873">670.92dp</dimen>
    <dimen name="x874">671.69dp</dimen>
    <dimen name="x875">672.45dp</dimen>
    <dimen name="x876">673.22dp</dimen>
    <dimen name="x877">673.99dp</dimen>
    <dimen name="x878">674.76dp</dimen>
    <dimen name="x879">675.53dp</dimen>
    <dimen name="x880">676.30dp</dimen>
    <dimen name="x881">677.06dp</dimen>
    <dimen name="x882">677.83dp</dimen>
    <dimen name="x883">678.60dp</dimen>
    <dimen name="x884">679.37dp</dimen>
    <dimen name="x885">680.14dp</dimen>
    <dimen name="x886">680.91dp</dimen>
    <dimen name="x887">681.68dp</dimen>
    <dimen name="x888">682.44dp</dimen>
    <dimen name="x889">683.21dp</dimen>
    <dimen name="x890">683.98dp</dimen>
    <dimen name="x891">684.75dp</dimen>
    <dimen name="x892">685.52dp</dimen>
    <dimen name="x893">686.29dp</dimen>
    <dimen name="x894">687.06dp</dimen>
    <dimen name="x895">687.82dp</dimen>
    <dimen name="x896">688.59dp</dimen>
    <dimen name="x897">689.36dp</dimen>
    <dimen name="x898">690.13dp</dimen>
    <dimen name="x899">690.90dp</dimen>
    <dimen name="x900">691.67dp</dimen>
    <dimen name="x901">692.44dp</dimen>
    <dimen name="x902">693.20dp</dimen>
    <dimen name="x903">693.97dp</dimen>
    <dimen name="x904">694.74dp</dimen>
    <dimen name="x905">695.51dp</dimen>
    <dimen name="x906">696.28dp</dimen>
    <dimen name="x907">697.05dp</dimen>
    <dimen name="x908">697.81dp</dimen>
    <dimen name="x909">698.58dp</dimen>
    <dimen name="x910">699.35dp</dimen>
    <dimen name="x911">700.12dp</dimen>
    <dimen name="x912">700.89dp</dimen>
    <dimen name="x913">701.66dp</dimen>
    <dimen name="x914">702.43dp</dimen>
    <dimen name="x915">703.19dp</dimen>
    <dimen name="x916">703.96dp</dimen>
    <dimen name="x917">704.73dp</dimen>
    <dimen name="x918">705.50dp</dimen>
    <dimen name="x919">706.27dp</dimen>
    <dimen name="x920">707.04dp</dimen>
    <dimen name="x921">707.81dp</dimen>
    <dimen name="x922">708.57dp</dimen>
    <dimen name="x923">709.34dp</dimen>
    <dimen name="x924">710.11dp</dimen>
    <dimen name="x925">710.88dp</dimen>
    <dimen name="x926">711.65dp</dimen>
    <dimen name="x927">712.42dp</dimen>
    <dimen name="x928">713.19dp</dimen>
    <dimen name="x929">713.95dp</dimen>
    <dimen name="x930">714.72dp</dimen>
    <dimen name="x931">715.49dp</dimen>
    <dimen name="x932">716.26dp</dimen>
    <dimen name="x933">717.03dp</dimen>
    <dimen name="x934">717.80dp</dimen>
    <dimen name="x935">718.56dp</dimen>
    <dimen name="x936">719.33dp</dimen>
    <dimen name="x937">720.10dp</dimen>
    <dimen name="x938">720.87dp</dimen>
    <dimen name="x939">721.64dp</dimen>
    <dimen name="x940">722.41dp</dimen>
    <dimen name="x941">723.18dp</dimen>
    <dimen name="x942">723.94dp</dimen>
    <dimen name="x943">724.71dp</dimen>
    <dimen name="x944">725.48dp</dimen>
    <dimen name="x945">726.25dp</dimen>
    <dimen name="x946">727.02dp</dimen>
    <dimen name="x947">727.79dp</dimen>
    <dimen name="x948">728.56dp</dimen>
    <dimen name="x949">729.32dp</dimen>
    <dimen name="x950">730.09dp</dimen>
    <dimen name="x951">730.86dp</dimen>
    <dimen name="x952">731.63dp</dimen>
    <dimen name="x953">732.40dp</dimen>
    <dimen name="x954">733.17dp</dimen>
    <dimen name="x955">733.94dp</dimen>
    <dimen name="x956">734.70dp</dimen>
    <dimen name="x957">735.47dp</dimen>
    <dimen name="x958">736.24dp</dimen>
    <dimen name="x959">737.01dp</dimen>
    <dimen name="x960">737.78dp</dimen>
    <dimen name="x961">738.55dp</dimen>
    <dimen name="x962">739.31dp</dimen>
    <dimen name="x963">740.08dp</dimen>
    <dimen name="x964">740.85dp</dimen>
    <dimen name="x965">741.62dp</dimen>
    <dimen name="x966">742.39dp</dimen>
    <dimen name="x967">743.16dp</dimen>
    <dimen name="x968">743.93dp</dimen>
    <dimen name="x969">744.69dp</dimen>
    <dimen name="x970">745.46dp</dimen>
    <dimen name="x971">746.23dp</dimen>
    <dimen name="x972">747.00dp</dimen>
    <dimen name="x973">747.77dp</dimen>
    <dimen name="x974">748.54dp</dimen>
    <dimen name="x975">749.31dp</dimen>
    <dimen name="x976">750.07dp</dimen>
    <dimen name="x977">750.84dp</dimen>
    <dimen name="x978">751.61dp</dimen>
    <dimen name="x979">752.38dp</dimen>
    <dimen name="x980">753.15dp</dimen>
    <dimen name="x981">753.92dp</dimen>
    <dimen name="x982">754.69dp</dimen>
    <dimen name="x983">755.45dp</dimen>
    <dimen name="x984">756.22dp</dimen>
    <dimen name="x985">756.99dp</dimen>
    <dimen name="x986">757.76dp</dimen>
    <dimen name="x987">758.53dp</dimen>
    <dimen name="x988">759.30dp</dimen>
    <dimen name="x989">760.06dp</dimen>
    <dimen name="x990">760.83dp</dimen>
    <dimen name="x991">761.60dp</dimen>
    <dimen name="x992">762.37dp</dimen>
    <dimen name="x993">763.14dp</dimen>
    <dimen name="x994">763.91dp</dimen>
    <dimen name="x995">764.68dp</dimen>
    <dimen name="x996">765.44dp</dimen>
    <dimen name="x997">766.21dp</dimen>
    <dimen name="x998">766.98dp</dimen>
    <dimen name="x999">767.75dp</dimen>
    <dimen name="x1000">768.52dp</dimen>
    <dimen name="x1001">769.29dp</dimen>
    <dimen name="x1002">770.06dp</dimen>
    <dimen name="x1003">770.82dp</dimen>
    <dimen name="x1004">771.59dp</dimen>
    <dimen name="x1005">772.36dp</dimen>
    <dimen name="x1006">773.13dp</dimen>
    <dimen name="x1007">773.90dp</dimen>
    <dimen name="x1008">774.67dp</dimen>
    <dimen name="x1009">775.44dp</dimen>
    <dimen name="x1010">776.20dp</dimen>
    <dimen name="x1011">776.97dp</dimen>
    <dimen name="x1012">777.74dp</dimen>
    <dimen name="x1013">778.51dp</dimen>
    <dimen name="x1014">779.28dp</dimen>
    <dimen name="x1015">780.05dp</dimen>
    <dimen name="x1016">780.81dp</dimen>
    <dimen name="x1017">781.58dp</dimen>
    <dimen name="x1018">782.35dp</dimen>
    <dimen name="x1019">783.12dp</dimen>
    <dimen name="x1020">783.89dp</dimen>
    <dimen name="x1021">784.66dp</dimen>
    <dimen name="x1022">785.43dp</dimen>
    <dimen name="x1023">786.19dp</dimen>
    <dimen name="x1024">786.96dp</dimen>
    <dimen name="x1025">787.73dp</dimen>
    <dimen name="x1026">788.50dp</dimen>
    <dimen name="x1027">789.27dp</dimen>
    <dimen name="x1028">790.04dp</dimen>
    <dimen name="x1029">790.81dp</dimen>
    <dimen name="x1030">791.57dp</dimen>
    <dimen name="x1031">792.34dp</dimen>
    <dimen name="x1032">793.11dp</dimen>
    <dimen name="x1033">793.88dp</dimen>
    <dimen name="x1034">794.65dp</dimen>
    <dimen name="x1035">795.42dp</dimen>
    <dimen name="x1036">796.19dp</dimen>
    <dimen name="x1037">796.95dp</dimen>
    <dimen name="x1038">797.72dp</dimen>
    <dimen name="x1039">798.49dp</dimen>
    <dimen name="x1040">799.26dp</dimen>
    <dimen name="x1041">800.03dp</dimen>
    <dimen name="x1042">800.80dp</dimen>
    <dimen name="x1043">801.56dp</dimen>
    <dimen name="x1044">802.33dp</dimen>
    <dimen name="x1045">803.10dp</dimen>
    <dimen name="x1046">803.87dp</dimen>
    <dimen name="x1047">804.64dp</dimen>
    <dimen name="x1048">805.41dp</dimen>
    <dimen name="x1049">806.18dp</dimen>
    <dimen name="x1050">806.94dp</dimen>
    <dimen name="x1051">807.71dp</dimen>
    <dimen name="x1052">808.48dp</dimen>
    <dimen name="x1053">809.25dp</dimen>
    <dimen name="x1054">810.02dp</dimen>
    <dimen name="x1055">810.79dp</dimen>
    <dimen name="x1056">811.56dp</dimen>
    <dimen name="x1057">812.32dp</dimen>
    <dimen name="x1058">813.09dp</dimen>
    <dimen name="x1059">813.86dp</dimen>
    <dimen name="x1060">814.63dp</dimen>
    <dimen name="x1061">815.40dp</dimen>
    <dimen name="x1062">816.17dp</dimen>
    <dimen name="x1063">816.94dp</dimen>
    <dimen name="x1064">817.70dp</dimen>
    <dimen name="x1065">818.47dp</dimen>
    <dimen name="x1066">819.24dp</dimen>
    <dimen name="x1067">820.01dp</dimen>
    <dimen name="x1068">820.78dp</dimen>
    <dimen name="x1069">821.55dp</dimen>
    <dimen name="x1070">822.31dp</dimen>
    <dimen name="x1071">823.08dp</dimen>
    <dimen name="x1072">823.85dp</dimen>
    <dimen name="x1073">824.62dp</dimen>
    <dimen name="x1074">825.39dp</dimen>
    <dimen name="x1075">826.16dp</dimen>
    <dimen name="x1076">826.93dp</dimen>
    <dimen name="x1077">827.69dp</dimen>
    <dimen name="x1078">828.46dp</dimen>
    <dimen name="x1079">829.23dp</dimen>
    <dimen name="x1080">830.00dp</dimen>
</resources>