<?xml version="1.0" encoding="utf-8"?>
<resources>
    <string name="sw_dp">570dp</string>
    <dimen name="x1">0.53dp</dimen>
    <dimen name="x2">1.06dp</dimen>
    <dimen name="x3">1.58dp</dimen>
    <dimen name="x4">2.11dp</dimen>
    <dimen name="x5">2.64dp</dimen>
    <dimen name="x6">3.17dp</dimen>
    <dimen name="x7">3.69dp</dimen>
    <dimen name="x8">4.22dp</dimen>
    <dimen name="x9">4.75dp</dimen>
    <dimen name="x10">5.28dp</dimen>
    <dimen name="x11">5.81dp</dimen>
    <dimen name="x12">6.33dp</dimen>
    <dimen name="x13">6.86dp</dimen>
    <dimen name="x14">7.39dp</dimen>
    <dimen name="x15">7.92dp</dimen>
    <dimen name="x16">8.44dp</dimen>
    <dimen name="x17">8.97dp</dimen>
    <dimen name="x18">9.50dp</dimen>
    <dimen name="x19">10.03dp</dimen>
    <dimen name="x20">10.56dp</dimen>
    <dimen name="x21">11.08dp</dimen>
    <dimen name="x22">11.61dp</dimen>
    <dimen name="x23">12.14dp</dimen>
    <dimen name="x24">12.67dp</dimen>
    <dimen name="x25">13.19dp</dimen>
    <dimen name="x26">13.72dp</dimen>
    <dimen name="x27">14.25dp</dimen>
    <dimen name="x28">14.78dp</dimen>
    <dimen name="x29">15.31dp</dimen>
    <dimen name="x30">15.83dp</dimen>
    <dimen name="x31">16.36dp</dimen>
    <dimen name="x32">16.89dp</dimen>
    <dimen name="x33">17.42dp</dimen>
    <dimen name="x34">17.94dp</dimen>
    <dimen name="x35">18.47dp</dimen>
    <dimen name="x36">19.00dp</dimen>
    <dimen name="x37">19.53dp</dimen>
    <dimen name="x38">20.06dp</dimen>
    <dimen name="x39">20.58dp</dimen>
    <dimen name="x40">21.11dp</dimen>
    <dimen name="x41">21.64dp</dimen>
    <dimen name="x42">22.17dp</dimen>
    <dimen name="x43">22.69dp</dimen>
    <dimen name="x44">23.22dp</dimen>
    <dimen name="x45">23.75dp</dimen>
    <dimen name="x46">24.28dp</dimen>
    <dimen name="x47">24.81dp</dimen>
    <dimen name="x48">25.33dp</dimen>
    <dimen name="x49">25.86dp</dimen>
    <dimen name="x50">26.39dp</dimen>
    <dimen name="x51">26.92dp</dimen>
    <dimen name="x52">27.44dp</dimen>
    <dimen name="x53">27.97dp</dimen>
    <dimen name="x54">28.50dp</dimen>
    <dimen name="x55">29.03dp</dimen>
    <dimen name="x56">29.56dp</dimen>
    <dimen name="x57">30.08dp</dimen>
    <dimen name="x58">30.61dp</dimen>
    <dimen name="x59">31.14dp</dimen>
    <dimen name="x60">31.67dp</dimen>
    <dimen name="x61">32.19dp</dimen>
    <dimen name="x62">32.72dp</dimen>
    <dimen name="x63">33.25dp</dimen>
    <dimen name="x64">33.78dp</dimen>
    <dimen name="x65">34.31dp</dimen>
    <dimen name="x66">34.83dp</dimen>
    <dimen name="x67">35.36dp</dimen>
    <dimen name="x68">35.89dp</dimen>
    <dimen name="x69">36.42dp</dimen>
    <dimen name="x70">36.94dp</dimen>
    <dimen name="x71">37.47dp</dimen>
    <dimen name="x72">38.00dp</dimen>
    <dimen name="x73">38.53dp</dimen>
    <dimen name="x74">39.06dp</dimen>
    <dimen name="x75">39.58dp</dimen>
    <dimen name="x76">40.11dp</dimen>
    <dimen name="x77">40.64dp</dimen>
    <dimen name="x78">41.17dp</dimen>
    <dimen name="x79">41.69dp</dimen>
    <dimen name="x80">42.22dp</dimen>
    <dimen name="x81">42.75dp</dimen>
    <dimen name="x82">43.28dp</dimen>
    <dimen name="x83">43.81dp</dimen>
    <dimen name="x84">44.33dp</dimen>
    <dimen name="x85">44.86dp</dimen>
    <dimen name="x86">45.39dp</dimen>
    <dimen name="x87">45.92dp</dimen>
    <dimen name="x88">46.44dp</dimen>
    <dimen name="x89">46.97dp</dimen>
    <dimen name="x90">47.50dp</dimen>
    <dimen name="x91">48.03dp</dimen>
    <dimen name="x92">48.56dp</dimen>
    <dimen name="x93">49.08dp</dimen>
    <dimen name="x94">49.61dp</dimen>
    <dimen name="x95">50.14dp</dimen>
    <dimen name="x96">50.67dp</dimen>
    <dimen name="x97">51.19dp</dimen>
    <dimen name="x98">51.72dp</dimen>
    <dimen name="x99">52.25dp</dimen>
    <dimen name="x100">52.78dp</dimen>
    <dimen name="x101">53.31dp</dimen>
    <dimen name="x102">53.83dp</dimen>
    <dimen name="x103">54.36dp</dimen>
    <dimen name="x104">54.89dp</dimen>
    <dimen name="x105">55.42dp</dimen>
    <dimen name="x106">55.94dp</dimen>
    <dimen name="x107">56.47dp</dimen>
    <dimen name="x108">57.00dp</dimen>
    <dimen name="x109">57.53dp</dimen>
    <dimen name="x110">58.06dp</dimen>
    <dimen name="x111">58.58dp</dimen>
    <dimen name="x112">59.11dp</dimen>
    <dimen name="x113">59.64dp</dimen>
    <dimen name="x114">60.17dp</dimen>
    <dimen name="x115">60.69dp</dimen>
    <dimen name="x116">61.22dp</dimen>
    <dimen name="x117">61.75dp</dimen>
    <dimen name="x118">62.28dp</dimen>
    <dimen name="x119">62.81dp</dimen>
    <dimen name="x120">63.33dp</dimen>
    <dimen name="x121">63.86dp</dimen>
    <dimen name="x122">64.39dp</dimen>
    <dimen name="x123">64.92dp</dimen>
    <dimen name="x124">65.44dp</dimen>
    <dimen name="x125">65.97dp</dimen>
    <dimen name="x126">66.50dp</dimen>
    <dimen name="x127">67.03dp</dimen>
    <dimen name="x128">67.56dp</dimen>
    <dimen name="x129">68.08dp</dimen>
    <dimen name="x130">68.61dp</dimen>
    <dimen name="x131">69.14dp</dimen>
    <dimen name="x132">69.67dp</dimen>
    <dimen name="x133">70.19dp</dimen>
    <dimen name="x134">70.72dp</dimen>
    <dimen name="x135">71.25dp</dimen>
    <dimen name="x136">71.78dp</dimen>
    <dimen name="x137">72.31dp</dimen>
    <dimen name="x138">72.83dp</dimen>
    <dimen name="x139">73.36dp</dimen>
    <dimen name="x140">73.89dp</dimen>
    <dimen name="x141">74.42dp</dimen>
    <dimen name="x142">74.94dp</dimen>
    <dimen name="x143">75.47dp</dimen>
    <dimen name="x144">76.00dp</dimen>
    <dimen name="x145">76.53dp</dimen>
    <dimen name="x146">77.06dp</dimen>
    <dimen name="x147">77.58dp</dimen>
    <dimen name="x148">78.11dp</dimen>
    <dimen name="x149">78.64dp</dimen>
    <dimen name="x150">79.17dp</dimen>
    <dimen name="x151">79.69dp</dimen>
    <dimen name="x152">80.22dp</dimen>
    <dimen name="x153">80.75dp</dimen>
    <dimen name="x154">81.28dp</dimen>
    <dimen name="x155">81.81dp</dimen>
    <dimen name="x156">82.33dp</dimen>
    <dimen name="x157">82.86dp</dimen>
    <dimen name="x158">83.39dp</dimen>
    <dimen name="x159">83.92dp</dimen>
    <dimen name="x160">84.44dp</dimen>
    <dimen name="x161">84.97dp</dimen>
    <dimen name="x162">85.50dp</dimen>
    <dimen name="x163">86.03dp</dimen>
    <dimen name="x164">86.56dp</dimen>
    <dimen name="x165">87.08dp</dimen>
    <dimen name="x166">87.61dp</dimen>
    <dimen name="x167">88.14dp</dimen>
    <dimen name="x168">88.67dp</dimen>
    <dimen name="x169">89.19dp</dimen>
    <dimen name="x170">89.72dp</dimen>
    <dimen name="x171">90.25dp</dimen>
    <dimen name="x172">90.78dp</dimen>
    <dimen name="x173">91.31dp</dimen>
    <dimen name="x174">91.83dp</dimen>
    <dimen name="x175">92.36dp</dimen>
    <dimen name="x176">92.89dp</dimen>
    <dimen name="x177">93.42dp</dimen>
    <dimen name="x178">93.94dp</dimen>
    <dimen name="x179">94.47dp</dimen>
    <dimen name="x180">95.00dp</dimen>
    <dimen name="x181">95.53dp</dimen>
    <dimen name="x182">96.06dp</dimen>
    <dimen name="x183">96.58dp</dimen>
    <dimen name="x184">97.11dp</dimen>
    <dimen name="x185">97.64dp</dimen>
    <dimen name="x186">98.17dp</dimen>
    <dimen name="x187">98.69dp</dimen>
    <dimen name="x188">99.22dp</dimen>
    <dimen name="x189">99.75dp</dimen>
    <dimen name="x190">100.28dp</dimen>
    <dimen name="x191">100.81dp</dimen>
    <dimen name="x192">101.33dp</dimen>
    <dimen name="x193">101.86dp</dimen>
    <dimen name="x194">102.39dp</dimen>
    <dimen name="x195">102.92dp</dimen>
    <dimen name="x196">103.44dp</dimen>
    <dimen name="x197">103.97dp</dimen>
    <dimen name="x198">104.50dp</dimen>
    <dimen name="x199">105.03dp</dimen>
    <dimen name="x200">105.56dp</dimen>
    <dimen name="x201">106.08dp</dimen>
    <dimen name="x202">106.61dp</dimen>
    <dimen name="x203">107.14dp</dimen>
    <dimen name="x204">107.67dp</dimen>
    <dimen name="x205">108.19dp</dimen>
    <dimen name="x206">108.72dp</dimen>
    <dimen name="x207">109.25dp</dimen>
    <dimen name="x208">109.78dp</dimen>
    <dimen name="x209">110.31dp</dimen>
    <dimen name="x210">110.83dp</dimen>
    <dimen name="x211">111.36dp</dimen>
    <dimen name="x212">111.89dp</dimen>
    <dimen name="x213">112.42dp</dimen>
    <dimen name="x214">112.94dp</dimen>
    <dimen name="x215">113.47dp</dimen>
    <dimen name="x216">114.00dp</dimen>
    <dimen name="x217">114.53dp</dimen>
    <dimen name="x218">115.06dp</dimen>
    <dimen name="x219">115.58dp</dimen>
    <dimen name="x220">116.11dp</dimen>
    <dimen name="x221">116.64dp</dimen>
    <dimen name="x222">117.17dp</dimen>
    <dimen name="x223">117.69dp</dimen>
    <dimen name="x224">118.22dp</dimen>
    <dimen name="x225">118.75dp</dimen>
    <dimen name="x226">119.28dp</dimen>
    <dimen name="x227">119.81dp</dimen>
    <dimen name="x228">120.33dp</dimen>
    <dimen name="x229">120.86dp</dimen>
    <dimen name="x230">121.39dp</dimen>
    <dimen name="x231">121.92dp</dimen>
    <dimen name="x232">122.44dp</dimen>
    <dimen name="x233">122.97dp</dimen>
    <dimen name="x234">123.50dp</dimen>
    <dimen name="x235">124.03dp</dimen>
    <dimen name="x236">124.56dp</dimen>
    <dimen name="x237">125.08dp</dimen>
    <dimen name="x238">125.61dp</dimen>
    <dimen name="x239">126.14dp</dimen>
    <dimen name="x240">126.67dp</dimen>
    <dimen name="x241">127.19dp</dimen>
    <dimen name="x242">127.72dp</dimen>
    <dimen name="x243">128.25dp</dimen>
    <dimen name="x244">128.78dp</dimen>
    <dimen name="x245">129.31dp</dimen>
    <dimen name="x246">129.83dp</dimen>
    <dimen name="x247">130.36dp</dimen>
    <dimen name="x248">130.89dp</dimen>
    <dimen name="x249">131.42dp</dimen>
    <dimen name="x250">131.94dp</dimen>
    <dimen name="x251">132.47dp</dimen>
    <dimen name="x252">133.00dp</dimen>
    <dimen name="x253">133.53dp</dimen>
    <dimen name="x254">134.06dp</dimen>
    <dimen name="x255">134.58dp</dimen>
    <dimen name="x256">135.11dp</dimen>
    <dimen name="x257">135.64dp</dimen>
    <dimen name="x258">136.17dp</dimen>
    <dimen name="x259">136.69dp</dimen>
    <dimen name="x260">137.22dp</dimen>
    <dimen name="x261">137.75dp</dimen>
    <dimen name="x262">138.28dp</dimen>
    <dimen name="x263">138.81dp</dimen>
    <dimen name="x264">139.33dp</dimen>
    <dimen name="x265">139.86dp</dimen>
    <dimen name="x266">140.39dp</dimen>
    <dimen name="x267">140.92dp</dimen>
    <dimen name="x268">141.44dp</dimen>
    <dimen name="x269">141.97dp</dimen>
    <dimen name="x270">142.50dp</dimen>
    <dimen name="x271">143.03dp</dimen>
    <dimen name="x272">143.56dp</dimen>
    <dimen name="x273">144.08dp</dimen>
    <dimen name="x274">144.61dp</dimen>
    <dimen name="x275">145.14dp</dimen>
    <dimen name="x276">145.67dp</dimen>
    <dimen name="x277">146.19dp</dimen>
    <dimen name="x278">146.72dp</dimen>
    <dimen name="x279">147.25dp</dimen>
    <dimen name="x280">147.78dp</dimen>
    <dimen name="x281">148.31dp</dimen>
    <dimen name="x282">148.83dp</dimen>
    <dimen name="x283">149.36dp</dimen>
    <dimen name="x284">149.89dp</dimen>
    <dimen name="x285">150.42dp</dimen>
    <dimen name="x286">150.94dp</dimen>
    <dimen name="x287">151.47dp</dimen>
    <dimen name="x288">152.00dp</dimen>
    <dimen name="x289">152.53dp</dimen>
    <dimen name="x290">153.06dp</dimen>
    <dimen name="x291">153.58dp</dimen>
    <dimen name="x292">154.11dp</dimen>
    <dimen name="x293">154.64dp</dimen>
    <dimen name="x294">155.17dp</dimen>
    <dimen name="x295">155.69dp</dimen>
    <dimen name="x296">156.22dp</dimen>
    <dimen name="x297">156.75dp</dimen>
    <dimen name="x298">157.28dp</dimen>
    <dimen name="x299">157.81dp</dimen>
    <dimen name="x300">158.33dp</dimen>
    <dimen name="x301">158.86dp</dimen>
    <dimen name="x302">159.39dp</dimen>
    <dimen name="x303">159.92dp</dimen>
    <dimen name="x304">160.44dp</dimen>
    <dimen name="x305">160.97dp</dimen>
    <dimen name="x306">161.50dp</dimen>
    <dimen name="x307">162.03dp</dimen>
    <dimen name="x308">162.56dp</dimen>
    <dimen name="x309">163.08dp</dimen>
    <dimen name="x310">163.61dp</dimen>
    <dimen name="x311">164.14dp</dimen>
    <dimen name="x312">164.67dp</dimen>
    <dimen name="x313">165.19dp</dimen>
    <dimen name="x314">165.72dp</dimen>
    <dimen name="x315">166.25dp</dimen>
    <dimen name="x316">166.78dp</dimen>
    <dimen name="x317">167.31dp</dimen>
    <dimen name="x318">167.83dp</dimen>
    <dimen name="x319">168.36dp</dimen>
    <dimen name="x320">168.89dp</dimen>
    <dimen name="x321">169.42dp</dimen>
    <dimen name="x322">169.94dp</dimen>
    <dimen name="x323">170.47dp</dimen>
    <dimen name="x324">171.00dp</dimen>
    <dimen name="x325">171.53dp</dimen>
    <dimen name="x326">172.06dp</dimen>
    <dimen name="x327">172.58dp</dimen>
    <dimen name="x328">173.11dp</dimen>
    <dimen name="x329">173.64dp</dimen>
    <dimen name="x330">174.17dp</dimen>
    <dimen name="x331">174.69dp</dimen>
    <dimen name="x332">175.22dp</dimen>
    <dimen name="x333">175.75dp</dimen>
    <dimen name="x334">176.28dp</dimen>
    <dimen name="x335">176.81dp</dimen>
    <dimen name="x336">177.33dp</dimen>
    <dimen name="x337">177.86dp</dimen>
    <dimen name="x338">178.39dp</dimen>
    <dimen name="x339">178.92dp</dimen>
    <dimen name="x340">179.44dp</dimen>
    <dimen name="x341">179.97dp</dimen>
    <dimen name="x342">180.50dp</dimen>
    <dimen name="x343">181.03dp</dimen>
    <dimen name="x344">181.56dp</dimen>
    <dimen name="x345">182.08dp</dimen>
    <dimen name="x346">182.61dp</dimen>
    <dimen name="x347">183.14dp</dimen>
    <dimen name="x348">183.67dp</dimen>
    <dimen name="x349">184.19dp</dimen>
    <dimen name="x350">184.72dp</dimen>
    <dimen name="x351">185.25dp</dimen>
    <dimen name="x352">185.78dp</dimen>
    <dimen name="x353">186.31dp</dimen>
    <dimen name="x354">186.83dp</dimen>
    <dimen name="x355">187.36dp</dimen>
    <dimen name="x356">187.89dp</dimen>
    <dimen name="x357">188.42dp</dimen>
    <dimen name="x358">188.94dp</dimen>
    <dimen name="x359">189.47dp</dimen>
    <dimen name="x360">190.00dp</dimen>
    <dimen name="x361">190.53dp</dimen>
    <dimen name="x362">191.06dp</dimen>
    <dimen name="x363">191.58dp</dimen>
    <dimen name="x364">192.11dp</dimen>
    <dimen name="x365">192.64dp</dimen>
    <dimen name="x366">193.17dp</dimen>
    <dimen name="x367">193.69dp</dimen>
    <dimen name="x368">194.22dp</dimen>
    <dimen name="x369">194.75dp</dimen>
    <dimen name="x370">195.28dp</dimen>
    <dimen name="x371">195.81dp</dimen>
    <dimen name="x372">196.33dp</dimen>
    <dimen name="x373">196.86dp</dimen>
    <dimen name="x374">197.39dp</dimen>
    <dimen name="x375">197.92dp</dimen>
    <dimen name="x376">198.44dp</dimen>
    <dimen name="x377">198.97dp</dimen>
    <dimen name="x378">199.50dp</dimen>
    <dimen name="x379">200.03dp</dimen>
    <dimen name="x380">200.56dp</dimen>
    <dimen name="x381">201.08dp</dimen>
    <dimen name="x382">201.61dp</dimen>
    <dimen name="x383">202.14dp</dimen>
    <dimen name="x384">202.67dp</dimen>
    <dimen name="x385">203.19dp</dimen>
    <dimen name="x386">203.72dp</dimen>
    <dimen name="x387">204.25dp</dimen>
    <dimen name="x388">204.78dp</dimen>
    <dimen name="x389">205.31dp</dimen>
    <dimen name="x390">205.83dp</dimen>
    <dimen name="x391">206.36dp</dimen>
    <dimen name="x392">206.89dp</dimen>
    <dimen name="x393">207.42dp</dimen>
    <dimen name="x394">207.94dp</dimen>
    <dimen name="x395">208.47dp</dimen>
    <dimen name="x396">209.00dp</dimen>
    <dimen name="x397">209.53dp</dimen>
    <dimen name="x398">210.06dp</dimen>
    <dimen name="x399">210.58dp</dimen>
    <dimen name="x400">211.11dp</dimen>
    <dimen name="x401">211.64dp</dimen>
    <dimen name="x402">212.17dp</dimen>
    <dimen name="x403">212.69dp</dimen>
    <dimen name="x404">213.22dp</dimen>
    <dimen name="x405">213.75dp</dimen>
    <dimen name="x406">214.28dp</dimen>
    <dimen name="x407">214.81dp</dimen>
    <dimen name="x408">215.33dp</dimen>
    <dimen name="x409">215.86dp</dimen>
    <dimen name="x410">216.39dp</dimen>
    <dimen name="x411">216.92dp</dimen>
    <dimen name="x412">217.44dp</dimen>
    <dimen name="x413">217.97dp</dimen>
    <dimen name="x414">218.50dp</dimen>
    <dimen name="x415">219.03dp</dimen>
    <dimen name="x416">219.56dp</dimen>
    <dimen name="x417">220.08dp</dimen>
    <dimen name="x418">220.61dp</dimen>
    <dimen name="x419">221.14dp</dimen>
    <dimen name="x420">221.67dp</dimen>
    <dimen name="x421">222.19dp</dimen>
    <dimen name="x422">222.72dp</dimen>
    <dimen name="x423">223.25dp</dimen>
    <dimen name="x424">223.78dp</dimen>
    <dimen name="x425">224.31dp</dimen>
    <dimen name="x426">224.83dp</dimen>
    <dimen name="x427">225.36dp</dimen>
    <dimen name="x428">225.89dp</dimen>
    <dimen name="x429">226.42dp</dimen>
    <dimen name="x430">226.94dp</dimen>
    <dimen name="x431">227.47dp</dimen>
    <dimen name="x432">228.00dp</dimen>
    <dimen name="x433">228.53dp</dimen>
    <dimen name="x434">229.06dp</dimen>
    <dimen name="x435">229.58dp</dimen>
    <dimen name="x436">230.11dp</dimen>
    <dimen name="x437">230.64dp</dimen>
    <dimen name="x438">231.17dp</dimen>
    <dimen name="x439">231.69dp</dimen>
    <dimen name="x440">232.22dp</dimen>
    <dimen name="x441">232.75dp</dimen>
    <dimen name="x442">233.28dp</dimen>
    <dimen name="x443">233.81dp</dimen>
    <dimen name="x444">234.33dp</dimen>
    <dimen name="x445">234.86dp</dimen>
    <dimen name="x446">235.39dp</dimen>
    <dimen name="x447">235.92dp</dimen>
    <dimen name="x448">236.44dp</dimen>
    <dimen name="x449">236.97dp</dimen>
    <dimen name="x450">237.50dp</dimen>
    <dimen name="x451">238.03dp</dimen>
    <dimen name="x452">238.56dp</dimen>
    <dimen name="x453">239.08dp</dimen>
    <dimen name="x454">239.61dp</dimen>
    <dimen name="x455">240.14dp</dimen>
    <dimen name="x456">240.67dp</dimen>
    <dimen name="x457">241.19dp</dimen>
    <dimen name="x458">241.72dp</dimen>
    <dimen name="x459">242.25dp</dimen>
    <dimen name="x460">242.78dp</dimen>
    <dimen name="x461">243.31dp</dimen>
    <dimen name="x462">243.83dp</dimen>
    <dimen name="x463">244.36dp</dimen>
    <dimen name="x464">244.89dp</dimen>
    <dimen name="x465">245.42dp</dimen>
    <dimen name="x466">245.94dp</dimen>
    <dimen name="x467">246.47dp</dimen>
    <dimen name="x468">247.00dp</dimen>
    <dimen name="x469">247.53dp</dimen>
    <dimen name="x470">248.06dp</dimen>
    <dimen name="x471">248.58dp</dimen>
    <dimen name="x472">249.11dp</dimen>
    <dimen name="x473">249.64dp</dimen>
    <dimen name="x474">250.17dp</dimen>
    <dimen name="x475">250.69dp</dimen>
    <dimen name="x476">251.22dp</dimen>
    <dimen name="x477">251.75dp</dimen>
    <dimen name="x478">252.28dp</dimen>
    <dimen name="x479">252.81dp</dimen>
    <dimen name="x480">253.33dp</dimen>
    <dimen name="x481">253.86dp</dimen>
    <dimen name="x482">254.39dp</dimen>
    <dimen name="x483">254.92dp</dimen>
    <dimen name="x484">255.44dp</dimen>
    <dimen name="x485">255.97dp</dimen>
    <dimen name="x486">256.50dp</dimen>
    <dimen name="x487">257.03dp</dimen>
    <dimen name="x488">257.56dp</dimen>
    <dimen name="x489">258.08dp</dimen>
    <dimen name="x490">258.61dp</dimen>
    <dimen name="x491">259.14dp</dimen>
    <dimen name="x492">259.67dp</dimen>
    <dimen name="x493">260.19dp</dimen>
    <dimen name="x494">260.72dp</dimen>
    <dimen name="x495">261.25dp</dimen>
    <dimen name="x496">261.78dp</dimen>
    <dimen name="x497">262.31dp</dimen>
    <dimen name="x498">262.83dp</dimen>
    <dimen name="x499">263.36dp</dimen>
    <dimen name="x500">263.89dp</dimen>
    <dimen name="x501">264.42dp</dimen>
    <dimen name="x502">264.94dp</dimen>
    <dimen name="x503">265.47dp</dimen>
    <dimen name="x504">266.00dp</dimen>
    <dimen name="x505">266.53dp</dimen>
    <dimen name="x506">267.06dp</dimen>
    <dimen name="x507">267.58dp</dimen>
    <dimen name="x508">268.11dp</dimen>
    <dimen name="x509">268.64dp</dimen>
    <dimen name="x510">269.17dp</dimen>
    <dimen name="x511">269.69dp</dimen>
    <dimen name="x512">270.22dp</dimen>
    <dimen name="x513">270.75dp</dimen>
    <dimen name="x514">271.28dp</dimen>
    <dimen name="x515">271.81dp</dimen>
    <dimen name="x516">272.33dp</dimen>
    <dimen name="x517">272.86dp</dimen>
    <dimen name="x518">273.39dp</dimen>
    <dimen name="x519">273.92dp</dimen>
    <dimen name="x520">274.44dp</dimen>
    <dimen name="x521">274.97dp</dimen>
    <dimen name="x522">275.50dp</dimen>
    <dimen name="x523">276.03dp</dimen>
    <dimen name="x524">276.56dp</dimen>
    <dimen name="x525">277.08dp</dimen>
    <dimen name="x526">277.61dp</dimen>
    <dimen name="x527">278.14dp</dimen>
    <dimen name="x528">278.67dp</dimen>
    <dimen name="x529">279.19dp</dimen>
    <dimen name="x530">279.72dp</dimen>
    <dimen name="x531">280.25dp</dimen>
    <dimen name="x532">280.78dp</dimen>
    <dimen name="x533">281.31dp</dimen>
    <dimen name="x534">281.83dp</dimen>
    <dimen name="x535">282.36dp</dimen>
    <dimen name="x536">282.89dp</dimen>
    <dimen name="x537">283.42dp</dimen>
    <dimen name="x538">283.94dp</dimen>
    <dimen name="x539">284.47dp</dimen>
    <dimen name="x540">285.00dp</dimen>
    <dimen name="x541">285.53dp</dimen>
    <dimen name="x542">286.06dp</dimen>
    <dimen name="x543">286.58dp</dimen>
    <dimen name="x544">287.11dp</dimen>
    <dimen name="x545">287.64dp</dimen>
    <dimen name="x546">288.17dp</dimen>
    <dimen name="x547">288.69dp</dimen>
    <dimen name="x548">289.22dp</dimen>
    <dimen name="x549">289.75dp</dimen>
    <dimen name="x550">290.28dp</dimen>
    <dimen name="x551">290.81dp</dimen>
    <dimen name="x552">291.33dp</dimen>
    <dimen name="x553">291.86dp</dimen>
    <dimen name="x554">292.39dp</dimen>
    <dimen name="x555">292.92dp</dimen>
    <dimen name="x556">293.44dp</dimen>
    <dimen name="x557">293.97dp</dimen>
    <dimen name="x558">294.50dp</dimen>
    <dimen name="x559">295.03dp</dimen>
    <dimen name="x560">295.56dp</dimen>
    <dimen name="x561">296.08dp</dimen>
    <dimen name="x562">296.61dp</dimen>
    <dimen name="x563">297.14dp</dimen>
    <dimen name="x564">297.67dp</dimen>
    <dimen name="x565">298.19dp</dimen>
    <dimen name="x566">298.72dp</dimen>
    <dimen name="x567">299.25dp</dimen>
    <dimen name="x568">299.78dp</dimen>
    <dimen name="x569">300.31dp</dimen>
    <dimen name="x570">300.83dp</dimen>
    <dimen name="x571">301.36dp</dimen>
    <dimen name="x572">301.89dp</dimen>
    <dimen name="x573">302.42dp</dimen>
    <dimen name="x574">302.94dp</dimen>
    <dimen name="x575">303.47dp</dimen>
    <dimen name="x576">304.00dp</dimen>
    <dimen name="x577">304.53dp</dimen>
    <dimen name="x578">305.06dp</dimen>
    <dimen name="x579">305.58dp</dimen>
    <dimen name="x580">306.11dp</dimen>
    <dimen name="x581">306.64dp</dimen>
    <dimen name="x582">307.17dp</dimen>
    <dimen name="x583">307.69dp</dimen>
    <dimen name="x584">308.22dp</dimen>
    <dimen name="x585">308.75dp</dimen>
    <dimen name="x586">309.28dp</dimen>
    <dimen name="x587">309.81dp</dimen>
    <dimen name="x588">310.33dp</dimen>
    <dimen name="x589">310.86dp</dimen>
    <dimen name="x590">311.39dp</dimen>
    <dimen name="x591">311.92dp</dimen>
    <dimen name="x592">312.44dp</dimen>
    <dimen name="x593">312.97dp</dimen>
    <dimen name="x594">313.50dp</dimen>
    <dimen name="x595">314.03dp</dimen>
    <dimen name="x596">314.56dp</dimen>
    <dimen name="x597">315.08dp</dimen>
    <dimen name="x598">315.61dp</dimen>
    <dimen name="x599">316.14dp</dimen>
    <dimen name="x600">316.67dp</dimen>
    <dimen name="x601">317.19dp</dimen>
    <dimen name="x602">317.72dp</dimen>
    <dimen name="x603">318.25dp</dimen>
    <dimen name="x604">318.78dp</dimen>
    <dimen name="x605">319.31dp</dimen>
    <dimen name="x606">319.83dp</dimen>
    <dimen name="x607">320.36dp</dimen>
    <dimen name="x608">320.89dp</dimen>
    <dimen name="x609">321.42dp</dimen>
    <dimen name="x610">321.94dp</dimen>
    <dimen name="x611">322.47dp</dimen>
    <dimen name="x612">323.00dp</dimen>
    <dimen name="x613">323.53dp</dimen>
    <dimen name="x614">324.06dp</dimen>
    <dimen name="x615">324.58dp</dimen>
    <dimen name="x616">325.11dp</dimen>
    <dimen name="x617">325.64dp</dimen>
    <dimen name="x618">326.17dp</dimen>
    <dimen name="x619">326.69dp</dimen>
    <dimen name="x620">327.22dp</dimen>
    <dimen name="x621">327.75dp</dimen>
    <dimen name="x622">328.28dp</dimen>
    <dimen name="x623">328.81dp</dimen>
    <dimen name="x624">329.33dp</dimen>
    <dimen name="x625">329.86dp</dimen>
    <dimen name="x626">330.39dp</dimen>
    <dimen name="x627">330.92dp</dimen>
    <dimen name="x628">331.44dp</dimen>
    <dimen name="x629">331.97dp</dimen>
    <dimen name="x630">332.50dp</dimen>
    <dimen name="x631">333.03dp</dimen>
    <dimen name="x632">333.56dp</dimen>
    <dimen name="x633">334.08dp</dimen>
    <dimen name="x634">334.61dp</dimen>
    <dimen name="x635">335.14dp</dimen>
    <dimen name="x636">335.67dp</dimen>
    <dimen name="x637">336.19dp</dimen>
    <dimen name="x638">336.72dp</dimen>
    <dimen name="x639">337.25dp</dimen>
    <dimen name="x640">337.78dp</dimen>
    <dimen name="x641">338.31dp</dimen>
    <dimen name="x642">338.83dp</dimen>
    <dimen name="x643">339.36dp</dimen>
    <dimen name="x644">339.89dp</dimen>
    <dimen name="x645">340.42dp</dimen>
    <dimen name="x646">340.94dp</dimen>
    <dimen name="x647">341.47dp</dimen>
    <dimen name="x648">342.00dp</dimen>
    <dimen name="x649">342.53dp</dimen>
    <dimen name="x650">343.06dp</dimen>
    <dimen name="x651">343.58dp</dimen>
    <dimen name="x652">344.11dp</dimen>
    <dimen name="x653">344.64dp</dimen>
    <dimen name="x654">345.17dp</dimen>
    <dimen name="x655">345.69dp</dimen>
    <dimen name="x656">346.22dp</dimen>
    <dimen name="x657">346.75dp</dimen>
    <dimen name="x658">347.28dp</dimen>
    <dimen name="x659">347.81dp</dimen>
    <dimen name="x660">348.33dp</dimen>
    <dimen name="x661">348.86dp</dimen>
    <dimen name="x662">349.39dp</dimen>
    <dimen name="x663">349.92dp</dimen>
    <dimen name="x664">350.44dp</dimen>
    <dimen name="x665">350.97dp</dimen>
    <dimen name="x666">351.50dp</dimen>
    <dimen name="x667">352.03dp</dimen>
    <dimen name="x668">352.56dp</dimen>
    <dimen name="x669">353.08dp</dimen>
    <dimen name="x670">353.61dp</dimen>
    <dimen name="x671">354.14dp</dimen>
    <dimen name="x672">354.67dp</dimen>
    <dimen name="x673">355.19dp</dimen>
    <dimen name="x674">355.72dp</dimen>
    <dimen name="x675">356.25dp</dimen>
    <dimen name="x676">356.78dp</dimen>
    <dimen name="x677">357.31dp</dimen>
    <dimen name="x678">357.83dp</dimen>
    <dimen name="x679">358.36dp</dimen>
    <dimen name="x680">358.89dp</dimen>
    <dimen name="x681">359.42dp</dimen>
    <dimen name="x682">359.94dp</dimen>
    <dimen name="x683">360.47dp</dimen>
    <dimen name="x684">361.00dp</dimen>
    <dimen name="x685">361.53dp</dimen>
    <dimen name="x686">362.06dp</dimen>
    <dimen name="x687">362.58dp</dimen>
    <dimen name="x688">363.11dp</dimen>
    <dimen name="x689">363.64dp</dimen>
    <dimen name="x690">364.17dp</dimen>
    <dimen name="x691">364.69dp</dimen>
    <dimen name="x692">365.22dp</dimen>
    <dimen name="x693">365.75dp</dimen>
    <dimen name="x694">366.28dp</dimen>
    <dimen name="x695">366.81dp</dimen>
    <dimen name="x696">367.33dp</dimen>
    <dimen name="x697">367.86dp</dimen>
    <dimen name="x698">368.39dp</dimen>
    <dimen name="x699">368.92dp</dimen>
    <dimen name="x700">369.44dp</dimen>
    <dimen name="x701">369.97dp</dimen>
    <dimen name="x702">370.50dp</dimen>
    <dimen name="x703">371.03dp</dimen>
    <dimen name="x704">371.56dp</dimen>
    <dimen name="x705">372.08dp</dimen>
    <dimen name="x706">372.61dp</dimen>
    <dimen name="x707">373.14dp</dimen>
    <dimen name="x708">373.67dp</dimen>
    <dimen name="x709">374.19dp</dimen>
    <dimen name="x710">374.72dp</dimen>
    <dimen name="x711">375.25dp</dimen>
    <dimen name="x712">375.78dp</dimen>
    <dimen name="x713">376.31dp</dimen>
    <dimen name="x714">376.83dp</dimen>
    <dimen name="x715">377.36dp</dimen>
    <dimen name="x716">377.89dp</dimen>
    <dimen name="x717">378.42dp</dimen>
    <dimen name="x718">378.94dp</dimen>
    <dimen name="x719">379.47dp</dimen>
    <dimen name="x720">380.00dp</dimen>
    <dimen name="x721">380.53dp</dimen>
    <dimen name="x722">381.06dp</dimen>
    <dimen name="x723">381.58dp</dimen>
    <dimen name="x724">382.11dp</dimen>
    <dimen name="x725">382.64dp</dimen>
    <dimen name="x726">383.17dp</dimen>
    <dimen name="x727">383.69dp</dimen>
    <dimen name="x728">384.22dp</dimen>
    <dimen name="x729">384.75dp</dimen>
    <dimen name="x730">385.28dp</dimen>
    <dimen name="x731">385.81dp</dimen>
    <dimen name="x732">386.33dp</dimen>
    <dimen name="x733">386.86dp</dimen>
    <dimen name="x734">387.39dp</dimen>
    <dimen name="x735">387.92dp</dimen>
    <dimen name="x736">388.44dp</dimen>
    <dimen name="x737">388.97dp</dimen>
    <dimen name="x738">389.50dp</dimen>
    <dimen name="x739">390.03dp</dimen>
    <dimen name="x740">390.56dp</dimen>
    <dimen name="x741">391.08dp</dimen>
    <dimen name="x742">391.61dp</dimen>
    <dimen name="x743">392.14dp</dimen>
    <dimen name="x744">392.67dp</dimen>
    <dimen name="x745">393.19dp</dimen>
    <dimen name="x746">393.72dp</dimen>
    <dimen name="x747">394.25dp</dimen>
    <dimen name="x748">394.78dp</dimen>
    <dimen name="x749">395.31dp</dimen>
    <dimen name="x750">395.83dp</dimen>
    <dimen name="x751">396.36dp</dimen>
    <dimen name="x752">396.89dp</dimen>
    <dimen name="x753">397.42dp</dimen>
    <dimen name="x754">397.94dp</dimen>
    <dimen name="x755">398.47dp</dimen>
    <dimen name="x756">399.00dp</dimen>
    <dimen name="x757">399.53dp</dimen>
    <dimen name="x758">400.06dp</dimen>
    <dimen name="x759">400.58dp</dimen>
    <dimen name="x760">401.11dp</dimen>
    <dimen name="x761">401.64dp</dimen>
    <dimen name="x762">402.17dp</dimen>
    <dimen name="x763">402.69dp</dimen>
    <dimen name="x764">403.22dp</dimen>
    <dimen name="x765">403.75dp</dimen>
    <dimen name="x766">404.28dp</dimen>
    <dimen name="x767">404.81dp</dimen>
    <dimen name="x768">405.33dp</dimen>
    <dimen name="x769">405.86dp</dimen>
    <dimen name="x770">406.39dp</dimen>
    <dimen name="x771">406.92dp</dimen>
    <dimen name="x772">407.44dp</dimen>
    <dimen name="x773">407.97dp</dimen>
    <dimen name="x774">408.50dp</dimen>
    <dimen name="x775">409.03dp</dimen>
    <dimen name="x776">409.56dp</dimen>
    <dimen name="x777">410.08dp</dimen>
    <dimen name="x778">410.61dp</dimen>
    <dimen name="x779">411.14dp</dimen>
    <dimen name="x780">411.67dp</dimen>
    <dimen name="x781">412.19dp</dimen>
    <dimen name="x782">412.72dp</dimen>
    <dimen name="x783">413.25dp</dimen>
    <dimen name="x784">413.78dp</dimen>
    <dimen name="x785">414.31dp</dimen>
    <dimen name="x786">414.83dp</dimen>
    <dimen name="x787">415.36dp</dimen>
    <dimen name="x788">415.89dp</dimen>
    <dimen name="x789">416.42dp</dimen>
    <dimen name="x790">416.94dp</dimen>
    <dimen name="x791">417.47dp</dimen>
    <dimen name="x792">418.00dp</dimen>
    <dimen name="x793">418.53dp</dimen>
    <dimen name="x794">419.06dp</dimen>
    <dimen name="x795">419.58dp</dimen>
    <dimen name="x796">420.11dp</dimen>
    <dimen name="x797">420.64dp</dimen>
    <dimen name="x798">421.17dp</dimen>
    <dimen name="x799">421.69dp</dimen>
    <dimen name="x800">422.22dp</dimen>
    <dimen name="x801">422.75dp</dimen>
    <dimen name="x802">423.28dp</dimen>
    <dimen name="x803">423.81dp</dimen>
    <dimen name="x804">424.33dp</dimen>
    <dimen name="x805">424.86dp</dimen>
    <dimen name="x806">425.39dp</dimen>
    <dimen name="x807">425.92dp</dimen>
    <dimen name="x808">426.44dp</dimen>
    <dimen name="x809">426.97dp</dimen>
    <dimen name="x810">427.50dp</dimen>
    <dimen name="x811">428.03dp</dimen>
    <dimen name="x812">428.56dp</dimen>
    <dimen name="x813">429.08dp</dimen>
    <dimen name="x814">429.61dp</dimen>
    <dimen name="x815">430.14dp</dimen>
    <dimen name="x816">430.67dp</dimen>
    <dimen name="x817">431.19dp</dimen>
    <dimen name="x818">431.72dp</dimen>
    <dimen name="x819">432.25dp</dimen>
    <dimen name="x820">432.78dp</dimen>
    <dimen name="x821">433.31dp</dimen>
    <dimen name="x822">433.83dp</dimen>
    <dimen name="x823">434.36dp</dimen>
    <dimen name="x824">434.89dp</dimen>
    <dimen name="x825">435.42dp</dimen>
    <dimen name="x826">435.94dp</dimen>
    <dimen name="x827">436.47dp</dimen>
    <dimen name="x828">437.00dp</dimen>
    <dimen name="x829">437.53dp</dimen>
    <dimen name="x830">438.06dp</dimen>
    <dimen name="x831">438.58dp</dimen>
    <dimen name="x832">439.11dp</dimen>
    <dimen name="x833">439.64dp</dimen>
    <dimen name="x834">440.17dp</dimen>
    <dimen name="x835">440.69dp</dimen>
    <dimen name="x836">441.22dp</dimen>
    <dimen name="x837">441.75dp</dimen>
    <dimen name="x838">442.28dp</dimen>
    <dimen name="x839">442.81dp</dimen>
    <dimen name="x840">443.33dp</dimen>
    <dimen name="x841">443.86dp</dimen>
    <dimen name="x842">444.39dp</dimen>
    <dimen name="x843">444.92dp</dimen>
    <dimen name="x844">445.44dp</dimen>
    <dimen name="x845">445.97dp</dimen>
    <dimen name="x846">446.50dp</dimen>
    <dimen name="x847">447.03dp</dimen>
    <dimen name="x848">447.56dp</dimen>
    <dimen name="x849">448.08dp</dimen>
    <dimen name="x850">448.61dp</dimen>
    <dimen name="x851">449.14dp</dimen>
    <dimen name="x852">449.67dp</dimen>
    <dimen name="x853">450.19dp</dimen>
    <dimen name="x854">450.72dp</dimen>
    <dimen name="x855">451.25dp</dimen>
    <dimen name="x856">451.78dp</dimen>
    <dimen name="x857">452.31dp</dimen>
    <dimen name="x858">452.83dp</dimen>
    <dimen name="x859">453.36dp</dimen>
    <dimen name="x860">453.89dp</dimen>
    <dimen name="x861">454.42dp</dimen>
    <dimen name="x862">454.94dp</dimen>
    <dimen name="x863">455.47dp</dimen>
    <dimen name="x864">456.00dp</dimen>
    <dimen name="x865">456.53dp</dimen>
    <dimen name="x866">457.06dp</dimen>
    <dimen name="x867">457.58dp</dimen>
    <dimen name="x868">458.11dp</dimen>
    <dimen name="x869">458.64dp</dimen>
    <dimen name="x870">459.17dp</dimen>
    <dimen name="x871">459.69dp</dimen>
    <dimen name="x872">460.22dp</dimen>
    <dimen name="x873">460.75dp</dimen>
    <dimen name="x874">461.28dp</dimen>
    <dimen name="x875">461.81dp</dimen>
    <dimen name="x876">462.33dp</dimen>
    <dimen name="x877">462.86dp</dimen>
    <dimen name="x878">463.39dp</dimen>
    <dimen name="x879">463.92dp</dimen>
    <dimen name="x880">464.44dp</dimen>
    <dimen name="x881">464.97dp</dimen>
    <dimen name="x882">465.50dp</dimen>
    <dimen name="x883">466.03dp</dimen>
    <dimen name="x884">466.56dp</dimen>
    <dimen name="x885">467.08dp</dimen>
    <dimen name="x886">467.61dp</dimen>
    <dimen name="x887">468.14dp</dimen>
    <dimen name="x888">468.67dp</dimen>
    <dimen name="x889">469.19dp</dimen>
    <dimen name="x890">469.72dp</dimen>
    <dimen name="x891">470.25dp</dimen>
    <dimen name="x892">470.78dp</dimen>
    <dimen name="x893">471.31dp</dimen>
    <dimen name="x894">471.83dp</dimen>
    <dimen name="x895">472.36dp</dimen>
    <dimen name="x896">472.89dp</dimen>
    <dimen name="x897">473.42dp</dimen>
    <dimen name="x898">473.94dp</dimen>
    <dimen name="x899">474.47dp</dimen>
    <dimen name="x900">475.00dp</dimen>
    <dimen name="x901">475.53dp</dimen>
    <dimen name="x902">476.06dp</dimen>
    <dimen name="x903">476.58dp</dimen>
    <dimen name="x904">477.11dp</dimen>
    <dimen name="x905">477.64dp</dimen>
    <dimen name="x906">478.17dp</dimen>
    <dimen name="x907">478.69dp</dimen>
    <dimen name="x908">479.22dp</dimen>
    <dimen name="x909">479.75dp</dimen>
    <dimen name="x910">480.28dp</dimen>
    <dimen name="x911">480.81dp</dimen>
    <dimen name="x912">481.33dp</dimen>
    <dimen name="x913">481.86dp</dimen>
    <dimen name="x914">482.39dp</dimen>
    <dimen name="x915">482.92dp</dimen>
    <dimen name="x916">483.44dp</dimen>
    <dimen name="x917">483.97dp</dimen>
    <dimen name="x918">484.50dp</dimen>
    <dimen name="x919">485.03dp</dimen>
    <dimen name="x920">485.56dp</dimen>
    <dimen name="x921">486.08dp</dimen>
    <dimen name="x922">486.61dp</dimen>
    <dimen name="x923">487.14dp</dimen>
    <dimen name="x924">487.67dp</dimen>
    <dimen name="x925">488.19dp</dimen>
    <dimen name="x926">488.72dp</dimen>
    <dimen name="x927">489.25dp</dimen>
    <dimen name="x928">489.78dp</dimen>
    <dimen name="x929">490.31dp</dimen>
    <dimen name="x930">490.83dp</dimen>
    <dimen name="x931">491.36dp</dimen>
    <dimen name="x932">491.89dp</dimen>
    <dimen name="x933">492.42dp</dimen>
    <dimen name="x934">492.94dp</dimen>
    <dimen name="x935">493.47dp</dimen>
    <dimen name="x936">494.00dp</dimen>
    <dimen name="x937">494.53dp</dimen>
    <dimen name="x938">495.06dp</dimen>
    <dimen name="x939">495.58dp</dimen>
    <dimen name="x940">496.11dp</dimen>
    <dimen name="x941">496.64dp</dimen>
    <dimen name="x942">497.17dp</dimen>
    <dimen name="x943">497.69dp</dimen>
    <dimen name="x944">498.22dp</dimen>
    <dimen name="x945">498.75dp</dimen>
    <dimen name="x946">499.28dp</dimen>
    <dimen name="x947">499.81dp</dimen>
    <dimen name="x948">500.33dp</dimen>
    <dimen name="x949">500.86dp</dimen>
    <dimen name="x950">501.39dp</dimen>
    <dimen name="x951">501.92dp</dimen>
    <dimen name="x952">502.44dp</dimen>
    <dimen name="x953">502.97dp</dimen>
    <dimen name="x954">503.50dp</dimen>
    <dimen name="x955">504.03dp</dimen>
    <dimen name="x956">504.56dp</dimen>
    <dimen name="x957">505.08dp</dimen>
    <dimen name="x958">505.61dp</dimen>
    <dimen name="x959">506.14dp</dimen>
    <dimen name="x960">506.67dp</dimen>
    <dimen name="x961">507.19dp</dimen>
    <dimen name="x962">507.72dp</dimen>
    <dimen name="x963">508.25dp</dimen>
    <dimen name="x964">508.78dp</dimen>
    <dimen name="x965">509.31dp</dimen>
    <dimen name="x966">509.83dp</dimen>
    <dimen name="x967">510.36dp</dimen>
    <dimen name="x968">510.89dp</dimen>
    <dimen name="x969">511.42dp</dimen>
    <dimen name="x970">511.94dp</dimen>
    <dimen name="x971">512.47dp</dimen>
    <dimen name="x972">513.00dp</dimen>
    <dimen name="x973">513.53dp</dimen>
    <dimen name="x974">514.06dp</dimen>
    <dimen name="x975">514.58dp</dimen>
    <dimen name="x976">515.11dp</dimen>
    <dimen name="x977">515.64dp</dimen>
    <dimen name="x978">516.17dp</dimen>
    <dimen name="x979">516.69dp</dimen>
    <dimen name="x980">517.22dp</dimen>
    <dimen name="x981">517.75dp</dimen>
    <dimen name="x982">518.28dp</dimen>
    <dimen name="x983">518.81dp</dimen>
    <dimen name="x984">519.33dp</dimen>
    <dimen name="x985">519.86dp</dimen>
    <dimen name="x986">520.39dp</dimen>
    <dimen name="x987">520.92dp</dimen>
    <dimen name="x988">521.44dp</dimen>
    <dimen name="x989">521.97dp</dimen>
    <dimen name="x990">522.50dp</dimen>
    <dimen name="x991">523.03dp</dimen>
    <dimen name="x992">523.56dp</dimen>
    <dimen name="x993">524.08dp</dimen>
    <dimen name="x994">524.61dp</dimen>
    <dimen name="x995">525.14dp</dimen>
    <dimen name="x996">525.67dp</dimen>
    <dimen name="x997">526.19dp</dimen>
    <dimen name="x998">526.72dp</dimen>
    <dimen name="x999">527.25dp</dimen>
    <dimen name="x1000">527.78dp</dimen>
    <dimen name="x1001">528.31dp</dimen>
    <dimen name="x1002">528.83dp</dimen>
    <dimen name="x1003">529.36dp</dimen>
    <dimen name="x1004">529.89dp</dimen>
    <dimen name="x1005">530.42dp</dimen>
    <dimen name="x1006">530.94dp</dimen>
    <dimen name="x1007">531.47dp</dimen>
    <dimen name="x1008">532.00dp</dimen>
    <dimen name="x1009">532.53dp</dimen>
    <dimen name="x1010">533.06dp</dimen>
    <dimen name="x1011">533.58dp</dimen>
    <dimen name="x1012">534.11dp</dimen>
    <dimen name="x1013">534.64dp</dimen>
    <dimen name="x1014">535.17dp</dimen>
    <dimen name="x1015">535.69dp</dimen>
    <dimen name="x1016">536.22dp</dimen>
    <dimen name="x1017">536.75dp</dimen>
    <dimen name="x1018">537.28dp</dimen>
    <dimen name="x1019">537.81dp</dimen>
    <dimen name="x1020">538.33dp</dimen>
    <dimen name="x1021">538.86dp</dimen>
    <dimen name="x1022">539.39dp</dimen>
    <dimen name="x1023">539.92dp</dimen>
    <dimen name="x1024">540.44dp</dimen>
    <dimen name="x1025">540.97dp</dimen>
    <dimen name="x1026">541.50dp</dimen>
    <dimen name="x1027">542.03dp</dimen>
    <dimen name="x1028">542.56dp</dimen>
    <dimen name="x1029">543.08dp</dimen>
    <dimen name="x1030">543.61dp</dimen>
    <dimen name="x1031">544.14dp</dimen>
    <dimen name="x1032">544.67dp</dimen>
    <dimen name="x1033">545.19dp</dimen>
    <dimen name="x1034">545.72dp</dimen>
    <dimen name="x1035">546.25dp</dimen>
    <dimen name="x1036">546.78dp</dimen>
    <dimen name="x1037">547.31dp</dimen>
    <dimen name="x1038">547.83dp</dimen>
    <dimen name="x1039">548.36dp</dimen>
    <dimen name="x1040">548.89dp</dimen>
    <dimen name="x1041">549.42dp</dimen>
    <dimen name="x1042">549.94dp</dimen>
    <dimen name="x1043">550.47dp</dimen>
    <dimen name="x1044">551.00dp</dimen>
    <dimen name="x1045">551.53dp</dimen>
    <dimen name="x1046">552.06dp</dimen>
    <dimen name="x1047">552.58dp</dimen>
    <dimen name="x1048">553.11dp</dimen>
    <dimen name="x1049">553.64dp</dimen>
    <dimen name="x1050">554.17dp</dimen>
    <dimen name="x1051">554.69dp</dimen>
    <dimen name="x1052">555.22dp</dimen>
    <dimen name="x1053">555.75dp</dimen>
    <dimen name="x1054">556.28dp</dimen>
    <dimen name="x1055">556.81dp</dimen>
    <dimen name="x1056">557.33dp</dimen>
    <dimen name="x1057">557.86dp</dimen>
    <dimen name="x1058">558.39dp</dimen>
    <dimen name="x1059">558.92dp</dimen>
    <dimen name="x1060">559.44dp</dimen>
    <dimen name="x1061">559.97dp</dimen>
    <dimen name="x1062">560.50dp</dimen>
    <dimen name="x1063">561.03dp</dimen>
    <dimen name="x1064">561.56dp</dimen>
    <dimen name="x1065">562.08dp</dimen>
    <dimen name="x1066">562.61dp</dimen>
    <dimen name="x1067">563.14dp</dimen>
    <dimen name="x1068">563.67dp</dimen>
    <dimen name="x1069">564.19dp</dimen>
    <dimen name="x1070">564.72dp</dimen>
    <dimen name="x1071">565.25dp</dimen>
    <dimen name="x1072">565.78dp</dimen>
    <dimen name="x1073">566.31dp</dimen>
    <dimen name="x1074">566.83dp</dimen>
    <dimen name="x1075">567.36dp</dimen>
    <dimen name="x1076">567.89dp</dimen>
    <dimen name="x1077">568.42dp</dimen>
    <dimen name="x1078">568.94dp</dimen>
    <dimen name="x1079">569.47dp</dimen>
    <dimen name="x1080">570.00dp</dimen>
</resources>