<?xml version="1.0" encoding="utf-8"?>
<resources>
    <string name="sw_dp">680dp</string>
    <dimen name="x1">0.63dp</dimen>
    <dimen name="x2">1.26dp</dimen>
    <dimen name="x3">1.89dp</dimen>
    <dimen name="x4">2.52dp</dimen>
    <dimen name="x5">3.15dp</dimen>
    <dimen name="x6">3.78dp</dimen>
    <dimen name="x7">4.41dp</dimen>
    <dimen name="x8">5.04dp</dimen>
    <dimen name="x9">5.67dp</dimen>
    <dimen name="x10">6.30dp</dimen>
    <dimen name="x11">6.93dp</dimen>
    <dimen name="x12">7.56dp</dimen>
    <dimen name="x13">8.19dp</dimen>
    <dimen name="x14">8.81dp</dimen>
    <dimen name="x15">9.44dp</dimen>
    <dimen name="x16">10.07dp</dimen>
    <dimen name="x17">10.70dp</dimen>
    <dimen name="x18">11.33dp</dimen>
    <dimen name="x19">11.96dp</dimen>
    <dimen name="x20">12.59dp</dimen>
    <dimen name="x21">13.22dp</dimen>
    <dimen name="x22">13.85dp</dimen>
    <dimen name="x23">14.48dp</dimen>
    <dimen name="x24">15.11dp</dimen>
    <dimen name="x25">15.74dp</dimen>
    <dimen name="x26">16.37dp</dimen>
    <dimen name="x27">17.00dp</dimen>
    <dimen name="x28">17.63dp</dimen>
    <dimen name="x29">18.26dp</dimen>
    <dimen name="x30">18.89dp</dimen>
    <dimen name="x31">19.52dp</dimen>
    <dimen name="x32">20.15dp</dimen>
    <dimen name="x33">20.78dp</dimen>
    <dimen name="x34">21.41dp</dimen>
    <dimen name="x35">22.04dp</dimen>
    <dimen name="x36">22.67dp</dimen>
    <dimen name="x37">23.30dp</dimen>
    <dimen name="x38">23.93dp</dimen>
    <dimen name="x39">24.56dp</dimen>
    <dimen name="x40">25.19dp</dimen>
    <dimen name="x41">25.81dp</dimen>
    <dimen name="x42">26.44dp</dimen>
    <dimen name="x43">27.07dp</dimen>
    <dimen name="x44">27.70dp</dimen>
    <dimen name="x45">28.33dp</dimen>
    <dimen name="x46">28.96dp</dimen>
    <dimen name="x47">29.59dp</dimen>
    <dimen name="x48">30.22dp</dimen>
    <dimen name="x49">30.85dp</dimen>
    <dimen name="x50">31.48dp</dimen>
    <dimen name="x51">32.11dp</dimen>
    <dimen name="x52">32.74dp</dimen>
    <dimen name="x53">33.37dp</dimen>
    <dimen name="x54">34.00dp</dimen>
    <dimen name="x55">34.63dp</dimen>
    <dimen name="x56">35.26dp</dimen>
    <dimen name="x57">35.89dp</dimen>
    <dimen name="x58">36.52dp</dimen>
    <dimen name="x59">37.15dp</dimen>
    <dimen name="x60">37.78dp</dimen>
    <dimen name="x61">38.41dp</dimen>
    <dimen name="x62">39.04dp</dimen>
    <dimen name="x63">39.67dp</dimen>
    <dimen name="x64">40.30dp</dimen>
    <dimen name="x65">40.93dp</dimen>
    <dimen name="x66">41.56dp</dimen>
    <dimen name="x67">42.19dp</dimen>
    <dimen name="x68">42.81dp</dimen>
    <dimen name="x69">43.44dp</dimen>
    <dimen name="x70">44.07dp</dimen>
    <dimen name="x71">44.70dp</dimen>
    <dimen name="x72">45.33dp</dimen>
    <dimen name="x73">45.96dp</dimen>
    <dimen name="x74">46.59dp</dimen>
    <dimen name="x75">47.22dp</dimen>
    <dimen name="x76">47.85dp</dimen>
    <dimen name="x77">48.48dp</dimen>
    <dimen name="x78">49.11dp</dimen>
    <dimen name="x79">49.74dp</dimen>
    <dimen name="x80">50.37dp</dimen>
    <dimen name="x81">51.00dp</dimen>
    <dimen name="x82">51.63dp</dimen>
    <dimen name="x83">52.26dp</dimen>
    <dimen name="x84">52.89dp</dimen>
    <dimen name="x85">53.52dp</dimen>
    <dimen name="x86">54.15dp</dimen>
    <dimen name="x87">54.78dp</dimen>
    <dimen name="x88">55.41dp</dimen>
    <dimen name="x89">56.04dp</dimen>
    <dimen name="x90">56.67dp</dimen>
    <dimen name="x91">57.30dp</dimen>
    <dimen name="x92">57.93dp</dimen>
    <dimen name="x93">58.56dp</dimen>
    <dimen name="x94">59.19dp</dimen>
    <dimen name="x95">59.81dp</dimen>
    <dimen name="x96">60.44dp</dimen>
    <dimen name="x97">61.07dp</dimen>
    <dimen name="x98">61.70dp</dimen>
    <dimen name="x99">62.33dp</dimen>
    <dimen name="x100">62.96dp</dimen>
    <dimen name="x101">63.59dp</dimen>
    <dimen name="x102">64.22dp</dimen>
    <dimen name="x103">64.85dp</dimen>
    <dimen name="x104">65.48dp</dimen>
    <dimen name="x105">66.11dp</dimen>
    <dimen name="x106">66.74dp</dimen>
    <dimen name="x107">67.37dp</dimen>
    <dimen name="x108">68.00dp</dimen>
    <dimen name="x109">68.63dp</dimen>
    <dimen name="x110">69.26dp</dimen>
    <dimen name="x111">69.89dp</dimen>
    <dimen name="x112">70.52dp</dimen>
    <dimen name="x113">71.15dp</dimen>
    <dimen name="x114">71.78dp</dimen>
    <dimen name="x115">72.41dp</dimen>
    <dimen name="x116">73.04dp</dimen>
    <dimen name="x117">73.67dp</dimen>
    <dimen name="x118">74.30dp</dimen>
    <dimen name="x119">74.93dp</dimen>
    <dimen name="x120">75.56dp</dimen>
    <dimen name="x121">76.19dp</dimen>
    <dimen name="x122">76.81dp</dimen>
    <dimen name="x123">77.44dp</dimen>
    <dimen name="x124">78.07dp</dimen>
    <dimen name="x125">78.70dp</dimen>
    <dimen name="x126">79.33dp</dimen>
    <dimen name="x127">79.96dp</dimen>
    <dimen name="x128">80.59dp</dimen>
    <dimen name="x129">81.22dp</dimen>
    <dimen name="x130">81.85dp</dimen>
    <dimen name="x131">82.48dp</dimen>
    <dimen name="x132">83.11dp</dimen>
    <dimen name="x133">83.74dp</dimen>
    <dimen name="x134">84.37dp</dimen>
    <dimen name="x135">85.00dp</dimen>
    <dimen name="x136">85.63dp</dimen>
    <dimen name="x137">86.26dp</dimen>
    <dimen name="x138">86.89dp</dimen>
    <dimen name="x139">87.52dp</dimen>
    <dimen name="x140">88.15dp</dimen>
    <dimen name="x141">88.78dp</dimen>
    <dimen name="x142">89.41dp</dimen>
    <dimen name="x143">90.04dp</dimen>
    <dimen name="x144">90.67dp</dimen>
    <dimen name="x145">91.30dp</dimen>
    <dimen name="x146">91.93dp</dimen>
    <dimen name="x147">92.56dp</dimen>
    <dimen name="x148">93.19dp</dimen>
    <dimen name="x149">93.81dp</dimen>
    <dimen name="x150">94.44dp</dimen>
    <dimen name="x151">95.07dp</dimen>
    <dimen name="x152">95.70dp</dimen>
    <dimen name="x153">96.33dp</dimen>
    <dimen name="x154">96.96dp</dimen>
    <dimen name="x155">97.59dp</dimen>
    <dimen name="x156">98.22dp</dimen>
    <dimen name="x157">98.85dp</dimen>
    <dimen name="x158">99.48dp</dimen>
    <dimen name="x159">100.11dp</dimen>
    <dimen name="x160">100.74dp</dimen>
    <dimen name="x161">101.37dp</dimen>
    <dimen name="x162">102.00dp</dimen>
    <dimen name="x163">102.63dp</dimen>
    <dimen name="x164">103.26dp</dimen>
    <dimen name="x165">103.89dp</dimen>
    <dimen name="x166">104.52dp</dimen>
    <dimen name="x167">105.15dp</dimen>
    <dimen name="x168">105.78dp</dimen>
    <dimen name="x169">106.41dp</dimen>
    <dimen name="x170">107.04dp</dimen>
    <dimen name="x171">107.67dp</dimen>
    <dimen name="x172">108.30dp</dimen>
    <dimen name="x173">108.93dp</dimen>
    <dimen name="x174">109.56dp</dimen>
    <dimen name="x175">110.19dp</dimen>
    <dimen name="x176">110.81dp</dimen>
    <dimen name="x177">111.44dp</dimen>
    <dimen name="x178">112.07dp</dimen>
    <dimen name="x179">112.70dp</dimen>
    <dimen name="x180">113.33dp</dimen>
    <dimen name="x181">113.96dp</dimen>
    <dimen name="x182">114.59dp</dimen>
    <dimen name="x183">115.22dp</dimen>
    <dimen name="x184">115.85dp</dimen>
    <dimen name="x185">116.48dp</dimen>
    <dimen name="x186">117.11dp</dimen>
    <dimen name="x187">117.74dp</dimen>
    <dimen name="x188">118.37dp</dimen>
    <dimen name="x189">119.00dp</dimen>
    <dimen name="x190">119.63dp</dimen>
    <dimen name="x191">120.26dp</dimen>
    <dimen name="x192">120.89dp</dimen>
    <dimen name="x193">121.52dp</dimen>
    <dimen name="x194">122.15dp</dimen>
    <dimen name="x195">122.78dp</dimen>
    <dimen name="x196">123.41dp</dimen>
    <dimen name="x197">124.04dp</dimen>
    <dimen name="x198">124.67dp</dimen>
    <dimen name="x199">125.30dp</dimen>
    <dimen name="x200">125.93dp</dimen>
    <dimen name="x201">126.56dp</dimen>
    <dimen name="x202">127.19dp</dimen>
    <dimen name="x203">127.81dp</dimen>
    <dimen name="x204">128.44dp</dimen>
    <dimen name="x205">129.07dp</dimen>
    <dimen name="x206">129.70dp</dimen>
    <dimen name="x207">130.33dp</dimen>
    <dimen name="x208">130.96dp</dimen>
    <dimen name="x209">131.59dp</dimen>
    <dimen name="x210">132.22dp</dimen>
    <dimen name="x211">132.85dp</dimen>
    <dimen name="x212">133.48dp</dimen>
    <dimen name="x213">134.11dp</dimen>
    <dimen name="x214">134.74dp</dimen>
    <dimen name="x215">135.37dp</dimen>
    <dimen name="x216">136.00dp</dimen>
    <dimen name="x217">136.63dp</dimen>
    <dimen name="x218">137.26dp</dimen>
    <dimen name="x219">137.89dp</dimen>
    <dimen name="x220">138.52dp</dimen>
    <dimen name="x221">139.15dp</dimen>
    <dimen name="x222">139.78dp</dimen>
    <dimen name="x223">140.41dp</dimen>
    <dimen name="x224">141.04dp</dimen>
    <dimen name="x225">141.67dp</dimen>
    <dimen name="x226">142.30dp</dimen>
    <dimen name="x227">142.93dp</dimen>
    <dimen name="x228">143.56dp</dimen>
    <dimen name="x229">144.19dp</dimen>
    <dimen name="x230">144.81dp</dimen>
    <dimen name="x231">145.44dp</dimen>
    <dimen name="x232">146.07dp</dimen>
    <dimen name="x233">146.70dp</dimen>
    <dimen name="x234">147.33dp</dimen>
    <dimen name="x235">147.96dp</dimen>
    <dimen name="x236">148.59dp</dimen>
    <dimen name="x237">149.22dp</dimen>
    <dimen name="x238">149.85dp</dimen>
    <dimen name="x239">150.48dp</dimen>
    <dimen name="x240">151.11dp</dimen>
    <dimen name="x241">151.74dp</dimen>
    <dimen name="x242">152.37dp</dimen>
    <dimen name="x243">153.00dp</dimen>
    <dimen name="x244">153.63dp</dimen>
    <dimen name="x245">154.26dp</dimen>
    <dimen name="x246">154.89dp</dimen>
    <dimen name="x247">155.52dp</dimen>
    <dimen name="x248">156.15dp</dimen>
    <dimen name="x249">156.78dp</dimen>
    <dimen name="x250">157.41dp</dimen>
    <dimen name="x251">158.04dp</dimen>
    <dimen name="x252">158.67dp</dimen>
    <dimen name="x253">159.30dp</dimen>
    <dimen name="x254">159.93dp</dimen>
    <dimen name="x255">160.56dp</dimen>
    <dimen name="x256">161.19dp</dimen>
    <dimen name="x257">161.81dp</dimen>
    <dimen name="x258">162.44dp</dimen>
    <dimen name="x259">163.07dp</dimen>
    <dimen name="x260">163.70dp</dimen>
    <dimen name="x261">164.33dp</dimen>
    <dimen name="x262">164.96dp</dimen>
    <dimen name="x263">165.59dp</dimen>
    <dimen name="x264">166.22dp</dimen>
    <dimen name="x265">166.85dp</dimen>
    <dimen name="x266">167.48dp</dimen>
    <dimen name="x267">168.11dp</dimen>
    <dimen name="x268">168.74dp</dimen>
    <dimen name="x269">169.37dp</dimen>
    <dimen name="x270">170.00dp</dimen>
    <dimen name="x271">170.63dp</dimen>
    <dimen name="x272">171.26dp</dimen>
    <dimen name="x273">171.89dp</dimen>
    <dimen name="x274">172.52dp</dimen>
    <dimen name="x275">173.15dp</dimen>
    <dimen name="x276">173.78dp</dimen>
    <dimen name="x277">174.41dp</dimen>
    <dimen name="x278">175.04dp</dimen>
    <dimen name="x279">175.67dp</dimen>
    <dimen name="x280">176.30dp</dimen>
    <dimen name="x281">176.93dp</dimen>
    <dimen name="x282">177.56dp</dimen>
    <dimen name="x283">178.19dp</dimen>
    <dimen name="x284">178.81dp</dimen>
    <dimen name="x285">179.44dp</dimen>
    <dimen name="x286">180.07dp</dimen>
    <dimen name="x287">180.70dp</dimen>
    <dimen name="x288">181.33dp</dimen>
    <dimen name="x289">181.96dp</dimen>
    <dimen name="x290">182.59dp</dimen>
    <dimen name="x291">183.22dp</dimen>
    <dimen name="x292">183.85dp</dimen>
    <dimen name="x293">184.48dp</dimen>
    <dimen name="x294">185.11dp</dimen>
    <dimen name="x295">185.74dp</dimen>
    <dimen name="x296">186.37dp</dimen>
    <dimen name="x297">187.00dp</dimen>
    <dimen name="x298">187.63dp</dimen>
    <dimen name="x299">188.26dp</dimen>
    <dimen name="x300">188.89dp</dimen>
    <dimen name="x301">189.52dp</dimen>
    <dimen name="x302">190.15dp</dimen>
    <dimen name="x303">190.78dp</dimen>
    <dimen name="x304">191.41dp</dimen>
    <dimen name="x305">192.04dp</dimen>
    <dimen name="x306">192.67dp</dimen>
    <dimen name="x307">193.30dp</dimen>
    <dimen name="x308">193.93dp</dimen>
    <dimen name="x309">194.56dp</dimen>
    <dimen name="x310">195.19dp</dimen>
    <dimen name="x311">195.81dp</dimen>
    <dimen name="x312">196.44dp</dimen>
    <dimen name="x313">197.07dp</dimen>
    <dimen name="x314">197.70dp</dimen>
    <dimen name="x315">198.33dp</dimen>
    <dimen name="x316">198.96dp</dimen>
    <dimen name="x317">199.59dp</dimen>
    <dimen name="x318">200.22dp</dimen>
    <dimen name="x319">200.85dp</dimen>
    <dimen name="x320">201.48dp</dimen>
    <dimen name="x321">202.11dp</dimen>
    <dimen name="x322">202.74dp</dimen>
    <dimen name="x323">203.37dp</dimen>
    <dimen name="x324">204.00dp</dimen>
    <dimen name="x325">204.63dp</dimen>
    <dimen name="x326">205.26dp</dimen>
    <dimen name="x327">205.89dp</dimen>
    <dimen name="x328">206.52dp</dimen>
    <dimen name="x329">207.15dp</dimen>
    <dimen name="x330">207.78dp</dimen>
    <dimen name="x331">208.41dp</dimen>
    <dimen name="x332">209.04dp</dimen>
    <dimen name="x333">209.67dp</dimen>
    <dimen name="x334">210.30dp</dimen>
    <dimen name="x335">210.93dp</dimen>
    <dimen name="x336">211.56dp</dimen>
    <dimen name="x337">212.19dp</dimen>
    <dimen name="x338">212.81dp</dimen>
    <dimen name="x339">213.44dp</dimen>
    <dimen name="x340">214.07dp</dimen>
    <dimen name="x341">214.70dp</dimen>
    <dimen name="x342">215.33dp</dimen>
    <dimen name="x343">215.96dp</dimen>
    <dimen name="x344">216.59dp</dimen>
    <dimen name="x345">217.22dp</dimen>
    <dimen name="x346">217.85dp</dimen>
    <dimen name="x347">218.48dp</dimen>
    <dimen name="x348">219.11dp</dimen>
    <dimen name="x349">219.74dp</dimen>
    <dimen name="x350">220.37dp</dimen>
    <dimen name="x351">221.00dp</dimen>
    <dimen name="x352">221.63dp</dimen>
    <dimen name="x353">222.26dp</dimen>
    <dimen name="x354">222.89dp</dimen>
    <dimen name="x355">223.52dp</dimen>
    <dimen name="x356">224.15dp</dimen>
    <dimen name="x357">224.78dp</dimen>
    <dimen name="x358">225.41dp</dimen>
    <dimen name="x359">226.04dp</dimen>
    <dimen name="x360">226.67dp</dimen>
    <dimen name="x361">227.30dp</dimen>
    <dimen name="x362">227.93dp</dimen>
    <dimen name="x363">228.56dp</dimen>
    <dimen name="x364">229.19dp</dimen>
    <dimen name="x365">229.81dp</dimen>
    <dimen name="x366">230.44dp</dimen>
    <dimen name="x367">231.07dp</dimen>
    <dimen name="x368">231.70dp</dimen>
    <dimen name="x369">232.33dp</dimen>
    <dimen name="x370">232.96dp</dimen>
    <dimen name="x371">233.59dp</dimen>
    <dimen name="x372">234.22dp</dimen>
    <dimen name="x373">234.85dp</dimen>
    <dimen name="x374">235.48dp</dimen>
    <dimen name="x375">236.11dp</dimen>
    <dimen name="x376">236.74dp</dimen>
    <dimen name="x377">237.37dp</dimen>
    <dimen name="x378">238.00dp</dimen>
    <dimen name="x379">238.63dp</dimen>
    <dimen name="x380">239.26dp</dimen>
    <dimen name="x381">239.89dp</dimen>
    <dimen name="x382">240.52dp</dimen>
    <dimen name="x383">241.15dp</dimen>
    <dimen name="x384">241.78dp</dimen>
    <dimen name="x385">242.41dp</dimen>
    <dimen name="x386">243.04dp</dimen>
    <dimen name="x387">243.67dp</dimen>
    <dimen name="x388">244.30dp</dimen>
    <dimen name="x389">244.93dp</dimen>
    <dimen name="x390">245.56dp</dimen>
    <dimen name="x391">246.19dp</dimen>
    <dimen name="x392">246.81dp</dimen>
    <dimen name="x393">247.44dp</dimen>
    <dimen name="x394">248.07dp</dimen>
    <dimen name="x395">248.70dp</dimen>
    <dimen name="x396">249.33dp</dimen>
    <dimen name="x397">249.96dp</dimen>
    <dimen name="x398">250.59dp</dimen>
    <dimen name="x399">251.22dp</dimen>
    <dimen name="x400">251.85dp</dimen>
    <dimen name="x401">252.48dp</dimen>
    <dimen name="x402">253.11dp</dimen>
    <dimen name="x403">253.74dp</dimen>
    <dimen name="x404">254.37dp</dimen>
    <dimen name="x405">255.00dp</dimen>
    <dimen name="x406">255.63dp</dimen>
    <dimen name="x407">256.26dp</dimen>
    <dimen name="x408">256.89dp</dimen>
    <dimen name="x409">257.52dp</dimen>
    <dimen name="x410">258.15dp</dimen>
    <dimen name="x411">258.78dp</dimen>
    <dimen name="x412">259.41dp</dimen>
    <dimen name="x413">260.04dp</dimen>
    <dimen name="x414">260.67dp</dimen>
    <dimen name="x415">261.30dp</dimen>
    <dimen name="x416">261.93dp</dimen>
    <dimen name="x417">262.56dp</dimen>
    <dimen name="x418">263.19dp</dimen>
    <dimen name="x419">263.81dp</dimen>
    <dimen name="x420">264.44dp</dimen>
    <dimen name="x421">265.07dp</dimen>
    <dimen name="x422">265.70dp</dimen>
    <dimen name="x423">266.33dp</dimen>
    <dimen name="x424">266.96dp</dimen>
    <dimen name="x425">267.59dp</dimen>
    <dimen name="x426">268.22dp</dimen>
    <dimen name="x427">268.85dp</dimen>
    <dimen name="x428">269.48dp</dimen>
    <dimen name="x429">270.11dp</dimen>
    <dimen name="x430">270.74dp</dimen>
    <dimen name="x431">271.37dp</dimen>
    <dimen name="x432">272.00dp</dimen>
    <dimen name="x433">272.63dp</dimen>
    <dimen name="x434">273.26dp</dimen>
    <dimen name="x435">273.89dp</dimen>
    <dimen name="x436">274.52dp</dimen>
    <dimen name="x437">275.15dp</dimen>
    <dimen name="x438">275.78dp</dimen>
    <dimen name="x439">276.41dp</dimen>
    <dimen name="x440">277.04dp</dimen>
    <dimen name="x441">277.67dp</dimen>
    <dimen name="x442">278.30dp</dimen>
    <dimen name="x443">278.93dp</dimen>
    <dimen name="x444">279.56dp</dimen>
    <dimen name="x445">280.19dp</dimen>
    <dimen name="x446">280.81dp</dimen>
    <dimen name="x447">281.44dp</dimen>
    <dimen name="x448">282.07dp</dimen>
    <dimen name="x449">282.70dp</dimen>
    <dimen name="x450">283.33dp</dimen>
    <dimen name="x451">283.96dp</dimen>
    <dimen name="x452">284.59dp</dimen>
    <dimen name="x453">285.22dp</dimen>
    <dimen name="x454">285.85dp</dimen>
    <dimen name="x455">286.48dp</dimen>
    <dimen name="x456">287.11dp</dimen>
    <dimen name="x457">287.74dp</dimen>
    <dimen name="x458">288.37dp</dimen>
    <dimen name="x459">289.00dp</dimen>
    <dimen name="x460">289.63dp</dimen>
    <dimen name="x461">290.26dp</dimen>
    <dimen name="x462">290.89dp</dimen>
    <dimen name="x463">291.52dp</dimen>
    <dimen name="x464">292.15dp</dimen>
    <dimen name="x465">292.78dp</dimen>
    <dimen name="x466">293.41dp</dimen>
    <dimen name="x467">294.04dp</dimen>
    <dimen name="x468">294.67dp</dimen>
    <dimen name="x469">295.30dp</dimen>
    <dimen name="x470">295.93dp</dimen>
    <dimen name="x471">296.56dp</dimen>
    <dimen name="x472">297.19dp</dimen>
    <dimen name="x473">297.81dp</dimen>
    <dimen name="x474">298.44dp</dimen>
    <dimen name="x475">299.07dp</dimen>
    <dimen name="x476">299.70dp</dimen>
    <dimen name="x477">300.33dp</dimen>
    <dimen name="x478">300.96dp</dimen>
    <dimen name="x479">301.59dp</dimen>
    <dimen name="x480">302.22dp</dimen>
    <dimen name="x481">302.85dp</dimen>
    <dimen name="x482">303.48dp</dimen>
    <dimen name="x483">304.11dp</dimen>
    <dimen name="x484">304.74dp</dimen>
    <dimen name="x485">305.37dp</dimen>
    <dimen name="x486">306.00dp</dimen>
    <dimen name="x487">306.63dp</dimen>
    <dimen name="x488">307.26dp</dimen>
    <dimen name="x489">307.89dp</dimen>
    <dimen name="x490">308.52dp</dimen>
    <dimen name="x491">309.15dp</dimen>
    <dimen name="x492">309.78dp</dimen>
    <dimen name="x493">310.41dp</dimen>
    <dimen name="x494">311.04dp</dimen>
    <dimen name="x495">311.67dp</dimen>
    <dimen name="x496">312.30dp</dimen>
    <dimen name="x497">312.93dp</dimen>
    <dimen name="x498">313.56dp</dimen>
    <dimen name="x499">314.19dp</dimen>
    <dimen name="x500">314.81dp</dimen>
    <dimen name="x501">315.44dp</dimen>
    <dimen name="x502">316.07dp</dimen>
    <dimen name="x503">316.70dp</dimen>
    <dimen name="x504">317.33dp</dimen>
    <dimen name="x505">317.96dp</dimen>
    <dimen name="x506">318.59dp</dimen>
    <dimen name="x507">319.22dp</dimen>
    <dimen name="x508">319.85dp</dimen>
    <dimen name="x509">320.48dp</dimen>
    <dimen name="x510">321.11dp</dimen>
    <dimen name="x511">321.74dp</dimen>
    <dimen name="x512">322.37dp</dimen>
    <dimen name="x513">323.00dp</dimen>
    <dimen name="x514">323.63dp</dimen>
    <dimen name="x515">324.26dp</dimen>
    <dimen name="x516">324.89dp</dimen>
    <dimen name="x517">325.52dp</dimen>
    <dimen name="x518">326.15dp</dimen>
    <dimen name="x519">326.78dp</dimen>
    <dimen name="x520">327.41dp</dimen>
    <dimen name="x521">328.04dp</dimen>
    <dimen name="x522">328.67dp</dimen>
    <dimen name="x523">329.30dp</dimen>
    <dimen name="x524">329.93dp</dimen>
    <dimen name="x525">330.56dp</dimen>
    <dimen name="x526">331.19dp</dimen>
    <dimen name="x527">331.81dp</dimen>
    <dimen name="x528">332.44dp</dimen>
    <dimen name="x529">333.07dp</dimen>
    <dimen name="x530">333.70dp</dimen>
    <dimen name="x531">334.33dp</dimen>
    <dimen name="x532">334.96dp</dimen>
    <dimen name="x533">335.59dp</dimen>
    <dimen name="x534">336.22dp</dimen>
    <dimen name="x535">336.85dp</dimen>
    <dimen name="x536">337.48dp</dimen>
    <dimen name="x537">338.11dp</dimen>
    <dimen name="x538">338.74dp</dimen>
    <dimen name="x539">339.37dp</dimen>
    <dimen name="x540">340.00dp</dimen>
    <dimen name="x541">340.63dp</dimen>
    <dimen name="x542">341.26dp</dimen>
    <dimen name="x543">341.89dp</dimen>
    <dimen name="x544">342.52dp</dimen>
    <dimen name="x545">343.15dp</dimen>
    <dimen name="x546">343.78dp</dimen>
    <dimen name="x547">344.41dp</dimen>
    <dimen name="x548">345.04dp</dimen>
    <dimen name="x549">345.67dp</dimen>
    <dimen name="x550">346.30dp</dimen>
    <dimen name="x551">346.93dp</dimen>
    <dimen name="x552">347.56dp</dimen>
    <dimen name="x553">348.19dp</dimen>
    <dimen name="x554">348.81dp</dimen>
    <dimen name="x555">349.44dp</dimen>
    <dimen name="x556">350.07dp</dimen>
    <dimen name="x557">350.70dp</dimen>
    <dimen name="x558">351.33dp</dimen>
    <dimen name="x559">351.96dp</dimen>
    <dimen name="x560">352.59dp</dimen>
    <dimen name="x561">353.22dp</dimen>
    <dimen name="x562">353.85dp</dimen>
    <dimen name="x563">354.48dp</dimen>
    <dimen name="x564">355.11dp</dimen>
    <dimen name="x565">355.74dp</dimen>
    <dimen name="x566">356.37dp</dimen>
    <dimen name="x567">357.00dp</dimen>
    <dimen name="x568">357.63dp</dimen>
    <dimen name="x569">358.26dp</dimen>
    <dimen name="x570">358.89dp</dimen>
    <dimen name="x571">359.52dp</dimen>
    <dimen name="x572">360.15dp</dimen>
    <dimen name="x573">360.78dp</dimen>
    <dimen name="x574">361.41dp</dimen>
    <dimen name="x575">362.04dp</dimen>
    <dimen name="x576">362.67dp</dimen>
    <dimen name="x577">363.30dp</dimen>
    <dimen name="x578">363.93dp</dimen>
    <dimen name="x579">364.56dp</dimen>
    <dimen name="x580">365.19dp</dimen>
    <dimen name="x581">365.81dp</dimen>
    <dimen name="x582">366.44dp</dimen>
    <dimen name="x583">367.07dp</dimen>
    <dimen name="x584">367.70dp</dimen>
    <dimen name="x585">368.33dp</dimen>
    <dimen name="x586">368.96dp</dimen>
    <dimen name="x587">369.59dp</dimen>
    <dimen name="x588">370.22dp</dimen>
    <dimen name="x589">370.85dp</dimen>
    <dimen name="x590">371.48dp</dimen>
    <dimen name="x591">372.11dp</dimen>
    <dimen name="x592">372.74dp</dimen>
    <dimen name="x593">373.37dp</dimen>
    <dimen name="x594">374.00dp</dimen>
    <dimen name="x595">374.63dp</dimen>
    <dimen name="x596">375.26dp</dimen>
    <dimen name="x597">375.89dp</dimen>
    <dimen name="x598">376.52dp</dimen>
    <dimen name="x599">377.15dp</dimen>
    <dimen name="x600">377.78dp</dimen>
    <dimen name="x601">378.41dp</dimen>
    <dimen name="x602">379.04dp</dimen>
    <dimen name="x603">379.67dp</dimen>
    <dimen name="x604">380.30dp</dimen>
    <dimen name="x605">380.93dp</dimen>
    <dimen name="x606">381.56dp</dimen>
    <dimen name="x607">382.19dp</dimen>
    <dimen name="x608">382.81dp</dimen>
    <dimen name="x609">383.44dp</dimen>
    <dimen name="x610">384.07dp</dimen>
    <dimen name="x611">384.70dp</dimen>
    <dimen name="x612">385.33dp</dimen>
    <dimen name="x613">385.96dp</dimen>
    <dimen name="x614">386.59dp</dimen>
    <dimen name="x615">387.22dp</dimen>
    <dimen name="x616">387.85dp</dimen>
    <dimen name="x617">388.48dp</dimen>
    <dimen name="x618">389.11dp</dimen>
    <dimen name="x619">389.74dp</dimen>
    <dimen name="x620">390.37dp</dimen>
    <dimen name="x621">391.00dp</dimen>
    <dimen name="x622">391.63dp</dimen>
    <dimen name="x623">392.26dp</dimen>
    <dimen name="x624">392.89dp</dimen>
    <dimen name="x625">393.52dp</dimen>
    <dimen name="x626">394.15dp</dimen>
    <dimen name="x627">394.78dp</dimen>
    <dimen name="x628">395.41dp</dimen>
    <dimen name="x629">396.04dp</dimen>
    <dimen name="x630">396.67dp</dimen>
    <dimen name="x631">397.30dp</dimen>
    <dimen name="x632">397.93dp</dimen>
    <dimen name="x633">398.56dp</dimen>
    <dimen name="x634">399.19dp</dimen>
    <dimen name="x635">399.81dp</dimen>
    <dimen name="x636">400.44dp</dimen>
    <dimen name="x637">401.07dp</dimen>
    <dimen name="x638">401.70dp</dimen>
    <dimen name="x639">402.33dp</dimen>
    <dimen name="x640">402.96dp</dimen>
    <dimen name="x641">403.59dp</dimen>
    <dimen name="x642">404.22dp</dimen>
    <dimen name="x643">404.85dp</dimen>
    <dimen name="x644">405.48dp</dimen>
    <dimen name="x645">406.11dp</dimen>
    <dimen name="x646">406.74dp</dimen>
    <dimen name="x647">407.37dp</dimen>
    <dimen name="x648">408.00dp</dimen>
    <dimen name="x649">408.63dp</dimen>
    <dimen name="x650">409.26dp</dimen>
    <dimen name="x651">409.89dp</dimen>
    <dimen name="x652">410.52dp</dimen>
    <dimen name="x653">411.15dp</dimen>
    <dimen name="x654">411.78dp</dimen>
    <dimen name="x655">412.41dp</dimen>
    <dimen name="x656">413.04dp</dimen>
    <dimen name="x657">413.67dp</dimen>
    <dimen name="x658">414.30dp</dimen>
    <dimen name="x659">414.93dp</dimen>
    <dimen name="x660">415.56dp</dimen>
    <dimen name="x661">416.19dp</dimen>
    <dimen name="x662">416.81dp</dimen>
    <dimen name="x663">417.44dp</dimen>
    <dimen name="x664">418.07dp</dimen>
    <dimen name="x665">418.70dp</dimen>
    <dimen name="x666">419.33dp</dimen>
    <dimen name="x667">419.96dp</dimen>
    <dimen name="x668">420.59dp</dimen>
    <dimen name="x669">421.22dp</dimen>
    <dimen name="x670">421.85dp</dimen>
    <dimen name="x671">422.48dp</dimen>
    <dimen name="x672">423.11dp</dimen>
    <dimen name="x673">423.74dp</dimen>
    <dimen name="x674">424.37dp</dimen>
    <dimen name="x675">425.00dp</dimen>
    <dimen name="x676">425.63dp</dimen>
    <dimen name="x677">426.26dp</dimen>
    <dimen name="x678">426.89dp</dimen>
    <dimen name="x679">427.52dp</dimen>
    <dimen name="x680">428.15dp</dimen>
    <dimen name="x681">428.78dp</dimen>
    <dimen name="x682">429.41dp</dimen>
    <dimen name="x683">430.04dp</dimen>
    <dimen name="x684">430.67dp</dimen>
    <dimen name="x685">431.30dp</dimen>
    <dimen name="x686">431.93dp</dimen>
    <dimen name="x687">432.56dp</dimen>
    <dimen name="x688">433.19dp</dimen>
    <dimen name="x689">433.81dp</dimen>
    <dimen name="x690">434.44dp</dimen>
    <dimen name="x691">435.07dp</dimen>
    <dimen name="x692">435.70dp</dimen>
    <dimen name="x693">436.33dp</dimen>
    <dimen name="x694">436.96dp</dimen>
    <dimen name="x695">437.59dp</dimen>
    <dimen name="x696">438.22dp</dimen>
    <dimen name="x697">438.85dp</dimen>
    <dimen name="x698">439.48dp</dimen>
    <dimen name="x699">440.11dp</dimen>
    <dimen name="x700">440.74dp</dimen>
    <dimen name="x701">441.37dp</dimen>
    <dimen name="x702">442.00dp</dimen>
    <dimen name="x703">442.63dp</dimen>
    <dimen name="x704">443.26dp</dimen>
    <dimen name="x705">443.89dp</dimen>
    <dimen name="x706">444.52dp</dimen>
    <dimen name="x707">445.15dp</dimen>
    <dimen name="x708">445.78dp</dimen>
    <dimen name="x709">446.41dp</dimen>
    <dimen name="x710">447.04dp</dimen>
    <dimen name="x711">447.67dp</dimen>
    <dimen name="x712">448.30dp</dimen>
    <dimen name="x713">448.93dp</dimen>
    <dimen name="x714">449.56dp</dimen>
    <dimen name="x715">450.19dp</dimen>
    <dimen name="x716">450.81dp</dimen>
    <dimen name="x717">451.44dp</dimen>
    <dimen name="x718">452.07dp</dimen>
    <dimen name="x719">452.70dp</dimen>
    <dimen name="x720">453.33dp</dimen>
    <dimen name="x721">453.96dp</dimen>
    <dimen name="x722">454.59dp</dimen>
    <dimen name="x723">455.22dp</dimen>
    <dimen name="x724">455.85dp</dimen>
    <dimen name="x725">456.48dp</dimen>
    <dimen name="x726">457.11dp</dimen>
    <dimen name="x727">457.74dp</dimen>
    <dimen name="x728">458.37dp</dimen>
    <dimen name="x729">459.00dp</dimen>
    <dimen name="x730">459.63dp</dimen>
    <dimen name="x731">460.26dp</dimen>
    <dimen name="x732">460.89dp</dimen>
    <dimen name="x733">461.52dp</dimen>
    <dimen name="x734">462.15dp</dimen>
    <dimen name="x735">462.78dp</dimen>
    <dimen name="x736">463.41dp</dimen>
    <dimen name="x737">464.04dp</dimen>
    <dimen name="x738">464.67dp</dimen>
    <dimen name="x739">465.30dp</dimen>
    <dimen name="x740">465.93dp</dimen>
    <dimen name="x741">466.56dp</dimen>
    <dimen name="x742">467.19dp</dimen>
    <dimen name="x743">467.81dp</dimen>
    <dimen name="x744">468.44dp</dimen>
    <dimen name="x745">469.07dp</dimen>
    <dimen name="x746">469.70dp</dimen>
    <dimen name="x747">470.33dp</dimen>
    <dimen name="x748">470.96dp</dimen>
    <dimen name="x749">471.59dp</dimen>
    <dimen name="x750">472.22dp</dimen>
    <dimen name="x751">472.85dp</dimen>
    <dimen name="x752">473.48dp</dimen>
    <dimen name="x753">474.11dp</dimen>
    <dimen name="x754">474.74dp</dimen>
    <dimen name="x755">475.37dp</dimen>
    <dimen name="x756">476.00dp</dimen>
    <dimen name="x757">476.63dp</dimen>
    <dimen name="x758">477.26dp</dimen>
    <dimen name="x759">477.89dp</dimen>
    <dimen name="x760">478.52dp</dimen>
    <dimen name="x761">479.15dp</dimen>
    <dimen name="x762">479.78dp</dimen>
    <dimen name="x763">480.41dp</dimen>
    <dimen name="x764">481.04dp</dimen>
    <dimen name="x765">481.67dp</dimen>
    <dimen name="x766">482.30dp</dimen>
    <dimen name="x767">482.93dp</dimen>
    <dimen name="x768">483.56dp</dimen>
    <dimen name="x769">484.19dp</dimen>
    <dimen name="x770">484.81dp</dimen>
    <dimen name="x771">485.44dp</dimen>
    <dimen name="x772">486.07dp</dimen>
    <dimen name="x773">486.70dp</dimen>
    <dimen name="x774">487.33dp</dimen>
    <dimen name="x775">487.96dp</dimen>
    <dimen name="x776">488.59dp</dimen>
    <dimen name="x777">489.22dp</dimen>
    <dimen name="x778">489.85dp</dimen>
    <dimen name="x779">490.48dp</dimen>
    <dimen name="x780">491.11dp</dimen>
    <dimen name="x781">491.74dp</dimen>
    <dimen name="x782">492.37dp</dimen>
    <dimen name="x783">493.00dp</dimen>
    <dimen name="x784">493.63dp</dimen>
    <dimen name="x785">494.26dp</dimen>
    <dimen name="x786">494.89dp</dimen>
    <dimen name="x787">495.52dp</dimen>
    <dimen name="x788">496.15dp</dimen>
    <dimen name="x789">496.78dp</dimen>
    <dimen name="x790">497.41dp</dimen>
    <dimen name="x791">498.04dp</dimen>
    <dimen name="x792">498.67dp</dimen>
    <dimen name="x793">499.30dp</dimen>
    <dimen name="x794">499.93dp</dimen>
    <dimen name="x795">500.56dp</dimen>
    <dimen name="x796">501.19dp</dimen>
    <dimen name="x797">501.81dp</dimen>
    <dimen name="x798">502.44dp</dimen>
    <dimen name="x799">503.07dp</dimen>
    <dimen name="x800">503.70dp</dimen>
    <dimen name="x801">504.33dp</dimen>
    <dimen name="x802">504.96dp</dimen>
    <dimen name="x803">505.59dp</dimen>
    <dimen name="x804">506.22dp</dimen>
    <dimen name="x805">506.85dp</dimen>
    <dimen name="x806">507.48dp</dimen>
    <dimen name="x807">508.11dp</dimen>
    <dimen name="x808">508.74dp</dimen>
    <dimen name="x809">509.37dp</dimen>
    <dimen name="x810">510.00dp</dimen>
    <dimen name="x811">510.63dp</dimen>
    <dimen name="x812">511.26dp</dimen>
    <dimen name="x813">511.89dp</dimen>
    <dimen name="x814">512.52dp</dimen>
    <dimen name="x815">513.15dp</dimen>
    <dimen name="x816">513.78dp</dimen>
    <dimen name="x817">514.41dp</dimen>
    <dimen name="x818">515.04dp</dimen>
    <dimen name="x819">515.67dp</dimen>
    <dimen name="x820">516.30dp</dimen>
    <dimen name="x821">516.93dp</dimen>
    <dimen name="x822">517.56dp</dimen>
    <dimen name="x823">518.19dp</dimen>
    <dimen name="x824">518.81dp</dimen>
    <dimen name="x825">519.44dp</dimen>
    <dimen name="x826">520.07dp</dimen>
    <dimen name="x827">520.70dp</dimen>
    <dimen name="x828">521.33dp</dimen>
    <dimen name="x829">521.96dp</dimen>
    <dimen name="x830">522.59dp</dimen>
    <dimen name="x831">523.22dp</dimen>
    <dimen name="x832">523.85dp</dimen>
    <dimen name="x833">524.48dp</dimen>
    <dimen name="x834">525.11dp</dimen>
    <dimen name="x835">525.74dp</dimen>
    <dimen name="x836">526.37dp</dimen>
    <dimen name="x837">527.00dp</dimen>
    <dimen name="x838">527.63dp</dimen>
    <dimen name="x839">528.26dp</dimen>
    <dimen name="x840">528.89dp</dimen>
    <dimen name="x841">529.52dp</dimen>
    <dimen name="x842">530.15dp</dimen>
    <dimen name="x843">530.78dp</dimen>
    <dimen name="x844">531.41dp</dimen>
    <dimen name="x845">532.04dp</dimen>
    <dimen name="x846">532.67dp</dimen>
    <dimen name="x847">533.30dp</dimen>
    <dimen name="x848">533.93dp</dimen>
    <dimen name="x849">534.56dp</dimen>
    <dimen name="x850">535.19dp</dimen>
    <dimen name="x851">535.81dp</dimen>
    <dimen name="x852">536.44dp</dimen>
    <dimen name="x853">537.07dp</dimen>
    <dimen name="x854">537.70dp</dimen>
    <dimen name="x855">538.33dp</dimen>
    <dimen name="x856">538.96dp</dimen>
    <dimen name="x857">539.59dp</dimen>
    <dimen name="x858">540.22dp</dimen>
    <dimen name="x859">540.85dp</dimen>
    <dimen name="x860">541.48dp</dimen>
    <dimen name="x861">542.11dp</dimen>
    <dimen name="x862">542.74dp</dimen>
    <dimen name="x863">543.37dp</dimen>
    <dimen name="x864">544.00dp</dimen>
    <dimen name="x865">544.63dp</dimen>
    <dimen name="x866">545.26dp</dimen>
    <dimen name="x867">545.89dp</dimen>
    <dimen name="x868">546.52dp</dimen>
    <dimen name="x869">547.15dp</dimen>
    <dimen name="x870">547.78dp</dimen>
    <dimen name="x871">548.41dp</dimen>
    <dimen name="x872">549.04dp</dimen>
    <dimen name="x873">549.67dp</dimen>
    <dimen name="x874">550.30dp</dimen>
    <dimen name="x875">550.93dp</dimen>
    <dimen name="x876">551.56dp</dimen>
    <dimen name="x877">552.19dp</dimen>
    <dimen name="x878">552.81dp</dimen>
    <dimen name="x879">553.44dp</dimen>
    <dimen name="x880">554.07dp</dimen>
    <dimen name="x881">554.70dp</dimen>
    <dimen name="x882">555.33dp</dimen>
    <dimen name="x883">555.96dp</dimen>
    <dimen name="x884">556.59dp</dimen>
    <dimen name="x885">557.22dp</dimen>
    <dimen name="x886">557.85dp</dimen>
    <dimen name="x887">558.48dp</dimen>
    <dimen name="x888">559.11dp</dimen>
    <dimen name="x889">559.74dp</dimen>
    <dimen name="x890">560.37dp</dimen>
    <dimen name="x891">561.00dp</dimen>
    <dimen name="x892">561.63dp</dimen>
    <dimen name="x893">562.26dp</dimen>
    <dimen name="x894">562.89dp</dimen>
    <dimen name="x895">563.52dp</dimen>
    <dimen name="x896">564.15dp</dimen>
    <dimen name="x897">564.78dp</dimen>
    <dimen name="x898">565.41dp</dimen>
    <dimen name="x899">566.04dp</dimen>
    <dimen name="x900">566.67dp</dimen>
    <dimen name="x901">567.30dp</dimen>
    <dimen name="x902">567.93dp</dimen>
    <dimen name="x903">568.56dp</dimen>
    <dimen name="x904">569.19dp</dimen>
    <dimen name="x905">569.81dp</dimen>
    <dimen name="x906">570.44dp</dimen>
    <dimen name="x907">571.07dp</dimen>
    <dimen name="x908">571.70dp</dimen>
    <dimen name="x909">572.33dp</dimen>
    <dimen name="x910">572.96dp</dimen>
    <dimen name="x911">573.59dp</dimen>
    <dimen name="x912">574.22dp</dimen>
    <dimen name="x913">574.85dp</dimen>
    <dimen name="x914">575.48dp</dimen>
    <dimen name="x915">576.11dp</dimen>
    <dimen name="x916">576.74dp</dimen>
    <dimen name="x917">577.37dp</dimen>
    <dimen name="x918">578.00dp</dimen>
    <dimen name="x919">578.63dp</dimen>
    <dimen name="x920">579.26dp</dimen>
    <dimen name="x921">579.89dp</dimen>
    <dimen name="x922">580.52dp</dimen>
    <dimen name="x923">581.15dp</dimen>
    <dimen name="x924">581.78dp</dimen>
    <dimen name="x925">582.41dp</dimen>
    <dimen name="x926">583.04dp</dimen>
    <dimen name="x927">583.67dp</dimen>
    <dimen name="x928">584.30dp</dimen>
    <dimen name="x929">584.93dp</dimen>
    <dimen name="x930">585.56dp</dimen>
    <dimen name="x931">586.19dp</dimen>
    <dimen name="x932">586.81dp</dimen>
    <dimen name="x933">587.44dp</dimen>
    <dimen name="x934">588.07dp</dimen>
    <dimen name="x935">588.70dp</dimen>
    <dimen name="x936">589.33dp</dimen>
    <dimen name="x937">589.96dp</dimen>
    <dimen name="x938">590.59dp</dimen>
    <dimen name="x939">591.22dp</dimen>
    <dimen name="x940">591.85dp</dimen>
    <dimen name="x941">592.48dp</dimen>
    <dimen name="x942">593.11dp</dimen>
    <dimen name="x943">593.74dp</dimen>
    <dimen name="x944">594.37dp</dimen>
    <dimen name="x945">595.00dp</dimen>
    <dimen name="x946">595.63dp</dimen>
    <dimen name="x947">596.26dp</dimen>
    <dimen name="x948">596.89dp</dimen>
    <dimen name="x949">597.52dp</dimen>
    <dimen name="x950">598.15dp</dimen>
    <dimen name="x951">598.78dp</dimen>
    <dimen name="x952">599.41dp</dimen>
    <dimen name="x953">600.04dp</dimen>
    <dimen name="x954">600.67dp</dimen>
    <dimen name="x955">601.30dp</dimen>
    <dimen name="x956">601.93dp</dimen>
    <dimen name="x957">602.56dp</dimen>
    <dimen name="x958">603.19dp</dimen>
    <dimen name="x959">603.81dp</dimen>
    <dimen name="x960">604.44dp</dimen>
    <dimen name="x961">605.07dp</dimen>
    <dimen name="x962">605.70dp</dimen>
    <dimen name="x963">606.33dp</dimen>
    <dimen name="x964">606.96dp</dimen>
    <dimen name="x965">607.59dp</dimen>
    <dimen name="x966">608.22dp</dimen>
    <dimen name="x967">608.85dp</dimen>
    <dimen name="x968">609.48dp</dimen>
    <dimen name="x969">610.11dp</dimen>
    <dimen name="x970">610.74dp</dimen>
    <dimen name="x971">611.37dp</dimen>
    <dimen name="x972">612.00dp</dimen>
    <dimen name="x973">612.63dp</dimen>
    <dimen name="x974">613.26dp</dimen>
    <dimen name="x975">613.89dp</dimen>
    <dimen name="x976">614.52dp</dimen>
    <dimen name="x977">615.15dp</dimen>
    <dimen name="x978">615.78dp</dimen>
    <dimen name="x979">616.41dp</dimen>
    <dimen name="x980">617.04dp</dimen>
    <dimen name="x981">617.67dp</dimen>
    <dimen name="x982">618.30dp</dimen>
    <dimen name="x983">618.93dp</dimen>
    <dimen name="x984">619.56dp</dimen>
    <dimen name="x985">620.19dp</dimen>
    <dimen name="x986">620.81dp</dimen>
    <dimen name="x987">621.44dp</dimen>
    <dimen name="x988">622.07dp</dimen>
    <dimen name="x989">622.70dp</dimen>
    <dimen name="x990">623.33dp</dimen>
    <dimen name="x991">623.96dp</dimen>
    <dimen name="x992">624.59dp</dimen>
    <dimen name="x993">625.22dp</dimen>
    <dimen name="x994">625.85dp</dimen>
    <dimen name="x995">626.48dp</dimen>
    <dimen name="x996">627.11dp</dimen>
    <dimen name="x997">627.74dp</dimen>
    <dimen name="x998">628.37dp</dimen>
    <dimen name="x999">629.00dp</dimen>
    <dimen name="x1000">629.63dp</dimen>
    <dimen name="x1001">630.26dp</dimen>
    <dimen name="x1002">630.89dp</dimen>
    <dimen name="x1003">631.52dp</dimen>
    <dimen name="x1004">632.15dp</dimen>
    <dimen name="x1005">632.78dp</dimen>
    <dimen name="x1006">633.41dp</dimen>
    <dimen name="x1007">634.04dp</dimen>
    <dimen name="x1008">634.67dp</dimen>
    <dimen name="x1009">635.30dp</dimen>
    <dimen name="x1010">635.93dp</dimen>
    <dimen name="x1011">636.56dp</dimen>
    <dimen name="x1012">637.19dp</dimen>
    <dimen name="x1013">637.81dp</dimen>
    <dimen name="x1014">638.44dp</dimen>
    <dimen name="x1015">639.07dp</dimen>
    <dimen name="x1016">639.70dp</dimen>
    <dimen name="x1017">640.33dp</dimen>
    <dimen name="x1018">640.96dp</dimen>
    <dimen name="x1019">641.59dp</dimen>
    <dimen name="x1020">642.22dp</dimen>
    <dimen name="x1021">642.85dp</dimen>
    <dimen name="x1022">643.48dp</dimen>
    <dimen name="x1023">644.11dp</dimen>
    <dimen name="x1024">644.74dp</dimen>
    <dimen name="x1025">645.37dp</dimen>
    <dimen name="x1026">646.00dp</dimen>
    <dimen name="x1027">646.63dp</dimen>
    <dimen name="x1028">647.26dp</dimen>
    <dimen name="x1029">647.89dp</dimen>
    <dimen name="x1030">648.52dp</dimen>
    <dimen name="x1031">649.15dp</dimen>
    <dimen name="x1032">649.78dp</dimen>
    <dimen name="x1033">650.41dp</dimen>
    <dimen name="x1034">651.04dp</dimen>
    <dimen name="x1035">651.67dp</dimen>
    <dimen name="x1036">652.30dp</dimen>
    <dimen name="x1037">652.93dp</dimen>
    <dimen name="x1038">653.56dp</dimen>
    <dimen name="x1039">654.19dp</dimen>
    <dimen name="x1040">654.81dp</dimen>
    <dimen name="x1041">655.44dp</dimen>
    <dimen name="x1042">656.07dp</dimen>
    <dimen name="x1043">656.70dp</dimen>
    <dimen name="x1044">657.33dp</dimen>
    <dimen name="x1045">657.96dp</dimen>
    <dimen name="x1046">658.59dp</dimen>
    <dimen name="x1047">659.22dp</dimen>
    <dimen name="x1048">659.85dp</dimen>
    <dimen name="x1049">660.48dp</dimen>
    <dimen name="x1050">661.11dp</dimen>
    <dimen name="x1051">661.74dp</dimen>
    <dimen name="x1052">662.37dp</dimen>
    <dimen name="x1053">663.00dp</dimen>
    <dimen name="x1054">663.63dp</dimen>
    <dimen name="x1055">664.26dp</dimen>
    <dimen name="x1056">664.89dp</dimen>
    <dimen name="x1057">665.52dp</dimen>
    <dimen name="x1058">666.15dp</dimen>
    <dimen name="x1059">666.78dp</dimen>
    <dimen name="x1060">667.41dp</dimen>
    <dimen name="x1061">668.04dp</dimen>
    <dimen name="x1062">668.67dp</dimen>
    <dimen name="x1063">669.30dp</dimen>
    <dimen name="x1064">669.93dp</dimen>
    <dimen name="x1065">670.56dp</dimen>
    <dimen name="x1066">671.19dp</dimen>
    <dimen name="x1067">671.81dp</dimen>
    <dimen name="x1068">672.44dp</dimen>
    <dimen name="x1069">673.07dp</dimen>
    <dimen name="x1070">673.70dp</dimen>
    <dimen name="x1071">674.33dp</dimen>
    <dimen name="x1072">674.96dp</dimen>
    <dimen name="x1073">675.59dp</dimen>
    <dimen name="x1074">676.22dp</dimen>
    <dimen name="x1075">676.85dp</dimen>
    <dimen name="x1076">677.48dp</dimen>
    <dimen name="x1077">678.11dp</dimen>
    <dimen name="x1078">678.74dp</dimen>
    <dimen name="x1079">679.37dp</dimen>
    <dimen name="x1080">680.00dp</dimen>
</resources>