<?xml version="1.0" encoding="utf-8"?>
<resources>
    <string name="sw_dp">770dp</string>
    <dimen name="x1">0.71dp</dimen>
    <dimen name="x2">1.43dp</dimen>
    <dimen name="x3">2.14dp</dimen>
    <dimen name="x4">2.85dp</dimen>
    <dimen name="x5">3.56dp</dimen>
    <dimen name="x6">4.28dp</dimen>
    <dimen name="x7">4.99dp</dimen>
    <dimen name="x8">5.70dp</dimen>
    <dimen name="x9">6.42dp</dimen>
    <dimen name="x10">7.13dp</dimen>
    <dimen name="x11">7.84dp</dimen>
    <dimen name="x12">8.56dp</dimen>
    <dimen name="x13">9.27dp</dimen>
    <dimen name="x14">9.98dp</dimen>
    <dimen name="x15">10.69dp</dimen>
    <dimen name="x16">11.41dp</dimen>
    <dimen name="x17">12.12dp</dimen>
    <dimen name="x18">12.83dp</dimen>
    <dimen name="x19">13.55dp</dimen>
    <dimen name="x20">14.26dp</dimen>
    <dimen name="x21">14.97dp</dimen>
    <dimen name="x22">15.69dp</dimen>
    <dimen name="x23">16.40dp</dimen>
    <dimen name="x24">17.11dp</dimen>
    <dimen name="x25">17.82dp</dimen>
    <dimen name="x26">18.54dp</dimen>
    <dimen name="x27">19.25dp</dimen>
    <dimen name="x28">19.96dp</dimen>
    <dimen name="x29">20.68dp</dimen>
    <dimen name="x30">21.39dp</dimen>
    <dimen name="x31">22.10dp</dimen>
    <dimen name="x32">22.81dp</dimen>
    <dimen name="x33">23.53dp</dimen>
    <dimen name="x34">24.24dp</dimen>
    <dimen name="x35">24.95dp</dimen>
    <dimen name="x36">25.67dp</dimen>
    <dimen name="x37">26.38dp</dimen>
    <dimen name="x38">27.09dp</dimen>
    <dimen name="x39">27.81dp</dimen>
    <dimen name="x40">28.52dp</dimen>
    <dimen name="x41">29.23dp</dimen>
    <dimen name="x42">29.94dp</dimen>
    <dimen name="x43">30.66dp</dimen>
    <dimen name="x44">31.37dp</dimen>
    <dimen name="x45">32.08dp</dimen>
    <dimen name="x46">32.80dp</dimen>
    <dimen name="x47">33.51dp</dimen>
    <dimen name="x48">34.22dp</dimen>
    <dimen name="x49">34.94dp</dimen>
    <dimen name="x50">35.65dp</dimen>
    <dimen name="x51">36.36dp</dimen>
    <dimen name="x52">37.07dp</dimen>
    <dimen name="x53">37.79dp</dimen>
    <dimen name="x54">38.50dp</dimen>
    <dimen name="x55">39.21dp</dimen>
    <dimen name="x56">39.93dp</dimen>
    <dimen name="x57">40.64dp</dimen>
    <dimen name="x58">41.35dp</dimen>
    <dimen name="x59">42.06dp</dimen>
    <dimen name="x60">42.78dp</dimen>
    <dimen name="x61">43.49dp</dimen>
    <dimen name="x62">44.20dp</dimen>
    <dimen name="x63">44.92dp</dimen>
    <dimen name="x64">45.63dp</dimen>
    <dimen name="x65">46.34dp</dimen>
    <dimen name="x66">47.06dp</dimen>
    <dimen name="x67">47.77dp</dimen>
    <dimen name="x68">48.48dp</dimen>
    <dimen name="x69">49.19dp</dimen>
    <dimen name="x70">49.91dp</dimen>
    <dimen name="x71">50.62dp</dimen>
    <dimen name="x72">51.33dp</dimen>
    <dimen name="x73">52.05dp</dimen>
    <dimen name="x74">52.76dp</dimen>
    <dimen name="x75">53.47dp</dimen>
    <dimen name="x76">54.19dp</dimen>
    <dimen name="x77">54.90dp</dimen>
    <dimen name="x78">55.61dp</dimen>
    <dimen name="x79">56.32dp</dimen>
    <dimen name="x80">57.04dp</dimen>
    <dimen name="x81">57.75dp</dimen>
    <dimen name="x82">58.46dp</dimen>
    <dimen name="x83">59.18dp</dimen>
    <dimen name="x84">59.89dp</dimen>
    <dimen name="x85">60.60dp</dimen>
    <dimen name="x86">61.31dp</dimen>
    <dimen name="x87">62.03dp</dimen>
    <dimen name="x88">62.74dp</dimen>
    <dimen name="x89">63.45dp</dimen>
    <dimen name="x90">64.17dp</dimen>
    <dimen name="x91">64.88dp</dimen>
    <dimen name="x92">65.59dp</dimen>
    <dimen name="x93">66.31dp</dimen>
    <dimen name="x94">67.02dp</dimen>
    <dimen name="x95">67.73dp</dimen>
    <dimen name="x96">68.44dp</dimen>
    <dimen name="x97">69.16dp</dimen>
    <dimen name="x98">69.87dp</dimen>
    <dimen name="x99">70.58dp</dimen>
    <dimen name="x100">71.30dp</dimen>
    <dimen name="x101">72.01dp</dimen>
    <dimen name="x102">72.72dp</dimen>
    <dimen name="x103">73.44dp</dimen>
    <dimen name="x104">74.15dp</dimen>
    <dimen name="x105">74.86dp</dimen>
    <dimen name="x106">75.57dp</dimen>
    <dimen name="x107">76.29dp</dimen>
    <dimen name="x108">77.00dp</dimen>
    <dimen name="x109">77.71dp</dimen>
    <dimen name="x110">78.43dp</dimen>
    <dimen name="x111">79.14dp</dimen>
    <dimen name="x112">79.85dp</dimen>
    <dimen name="x113">80.56dp</dimen>
    <dimen name="x114">81.28dp</dimen>
    <dimen name="x115">81.99dp</dimen>
    <dimen name="x116">82.70dp</dimen>
    <dimen name="x117">83.42dp</dimen>
    <dimen name="x118">84.13dp</dimen>
    <dimen name="x119">84.84dp</dimen>
    <dimen name="x120">85.56dp</dimen>
    <dimen name="x121">86.27dp</dimen>
    <dimen name="x122">86.98dp</dimen>
    <dimen name="x123">87.69dp</dimen>
    <dimen name="x124">88.41dp</dimen>
    <dimen name="x125">89.12dp</dimen>
    <dimen name="x126">89.83dp</dimen>
    <dimen name="x127">90.55dp</dimen>
    <dimen name="x128">91.26dp</dimen>
    <dimen name="x129">91.97dp</dimen>
    <dimen name="x130">92.69dp</dimen>
    <dimen name="x131">93.40dp</dimen>
    <dimen name="x132">94.11dp</dimen>
    <dimen name="x133">94.82dp</dimen>
    <dimen name="x134">95.54dp</dimen>
    <dimen name="x135">96.25dp</dimen>
    <dimen name="x136">96.96dp</dimen>
    <dimen name="x137">97.68dp</dimen>
    <dimen name="x138">98.39dp</dimen>
    <dimen name="x139">99.10dp</dimen>
    <dimen name="x140">99.81dp</dimen>
    <dimen name="x141">100.53dp</dimen>
    <dimen name="x142">101.24dp</dimen>
    <dimen name="x143">101.95dp</dimen>
    <dimen name="x144">102.67dp</dimen>
    <dimen name="x145">103.38dp</dimen>
    <dimen name="x146">104.09dp</dimen>
    <dimen name="x147">104.81dp</dimen>
    <dimen name="x148">105.52dp</dimen>
    <dimen name="x149">106.23dp</dimen>
    <dimen name="x150">106.94dp</dimen>
    <dimen name="x151">107.66dp</dimen>
    <dimen name="x152">108.37dp</dimen>
    <dimen name="x153">109.08dp</dimen>
    <dimen name="x154">109.80dp</dimen>
    <dimen name="x155">110.51dp</dimen>
    <dimen name="x156">111.22dp</dimen>
    <dimen name="x157">111.94dp</dimen>
    <dimen name="x158">112.65dp</dimen>
    <dimen name="x159">113.36dp</dimen>
    <dimen name="x160">114.07dp</dimen>
    <dimen name="x161">114.79dp</dimen>
    <dimen name="x162">115.50dp</dimen>
    <dimen name="x163">116.21dp</dimen>
    <dimen name="x164">116.93dp</dimen>
    <dimen name="x165">117.64dp</dimen>
    <dimen name="x166">118.35dp</dimen>
    <dimen name="x167">119.06dp</dimen>
    <dimen name="x168">119.78dp</dimen>
    <dimen name="x169">120.49dp</dimen>
    <dimen name="x170">121.20dp</dimen>
    <dimen name="x171">121.92dp</dimen>
    <dimen name="x172">122.63dp</dimen>
    <dimen name="x173">123.34dp</dimen>
    <dimen name="x174">124.06dp</dimen>
    <dimen name="x175">124.77dp</dimen>
    <dimen name="x176">125.48dp</dimen>
    <dimen name="x177">126.19dp</dimen>
    <dimen name="x178">126.91dp</dimen>
    <dimen name="x179">127.62dp</dimen>
    <dimen name="x180">128.33dp</dimen>
    <dimen name="x181">129.05dp</dimen>
    <dimen name="x182">129.76dp</dimen>
    <dimen name="x183">130.47dp</dimen>
    <dimen name="x184">131.19dp</dimen>
    <dimen name="x185">131.90dp</dimen>
    <dimen name="x186">132.61dp</dimen>
    <dimen name="x187">133.32dp</dimen>
    <dimen name="x188">134.04dp</dimen>
    <dimen name="x189">134.75dp</dimen>
    <dimen name="x190">135.46dp</dimen>
    <dimen name="x191">136.18dp</dimen>
    <dimen name="x192">136.89dp</dimen>
    <dimen name="x193">137.60dp</dimen>
    <dimen name="x194">138.31dp</dimen>
    <dimen name="x195">139.03dp</dimen>
    <dimen name="x196">139.74dp</dimen>
    <dimen name="x197">140.45dp</dimen>
    <dimen name="x198">141.17dp</dimen>
    <dimen name="x199">141.88dp</dimen>
    <dimen name="x200">142.59dp</dimen>
    <dimen name="x201">143.31dp</dimen>
    <dimen name="x202">144.02dp</dimen>
    <dimen name="x203">144.73dp</dimen>
    <dimen name="x204">145.44dp</dimen>
    <dimen name="x205">146.16dp</dimen>
    <dimen name="x206">146.87dp</dimen>
    <dimen name="x207">147.58dp</dimen>
    <dimen name="x208">148.30dp</dimen>
    <dimen name="x209">149.01dp</dimen>
    <dimen name="x210">149.72dp</dimen>
    <dimen name="x211">150.44dp</dimen>
    <dimen name="x212">151.15dp</dimen>
    <dimen name="x213">151.86dp</dimen>
    <dimen name="x214">152.57dp</dimen>
    <dimen name="x215">153.29dp</dimen>
    <dimen name="x216">154.00dp</dimen>
    <dimen name="x217">154.71dp</dimen>
    <dimen name="x218">155.43dp</dimen>
    <dimen name="x219">156.14dp</dimen>
    <dimen name="x220">156.85dp</dimen>
    <dimen name="x221">157.56dp</dimen>
    <dimen name="x222">158.28dp</dimen>
    <dimen name="x223">158.99dp</dimen>
    <dimen name="x224">159.70dp</dimen>
    <dimen name="x225">160.42dp</dimen>
    <dimen name="x226">161.13dp</dimen>
    <dimen name="x227">161.84dp</dimen>
    <dimen name="x228">162.56dp</dimen>
    <dimen name="x229">163.27dp</dimen>
    <dimen name="x230">163.98dp</dimen>
    <dimen name="x231">164.69dp</dimen>
    <dimen name="x232">165.41dp</dimen>
    <dimen name="x233">166.12dp</dimen>
    <dimen name="x234">166.83dp</dimen>
    <dimen name="x235">167.55dp</dimen>
    <dimen name="x236">168.26dp</dimen>
    <dimen name="x237">168.97dp</dimen>
    <dimen name="x238">169.69dp</dimen>
    <dimen name="x239">170.40dp</dimen>
    <dimen name="x240">171.11dp</dimen>
    <dimen name="x241">171.82dp</dimen>
    <dimen name="x242">172.54dp</dimen>
    <dimen name="x243">173.25dp</dimen>
    <dimen name="x244">173.96dp</dimen>
    <dimen name="x245">174.68dp</dimen>
    <dimen name="x246">175.39dp</dimen>
    <dimen name="x247">176.10dp</dimen>
    <dimen name="x248">176.81dp</dimen>
    <dimen name="x249">177.53dp</dimen>
    <dimen name="x250">178.24dp</dimen>
    <dimen name="x251">178.95dp</dimen>
    <dimen name="x252">179.67dp</dimen>
    <dimen name="x253">180.38dp</dimen>
    <dimen name="x254">181.09dp</dimen>
    <dimen name="x255">181.81dp</dimen>
    <dimen name="x256">182.52dp</dimen>
    <dimen name="x257">183.23dp</dimen>
    <dimen name="x258">183.94dp</dimen>
    <dimen name="x259">184.66dp</dimen>
    <dimen name="x260">185.37dp</dimen>
    <dimen name="x261">186.08dp</dimen>
    <dimen name="x262">186.80dp</dimen>
    <dimen name="x263">187.51dp</dimen>
    <dimen name="x264">188.22dp</dimen>
    <dimen name="x265">188.94dp</dimen>
    <dimen name="x266">189.65dp</dimen>
    <dimen name="x267">190.36dp</dimen>
    <dimen name="x268">191.07dp</dimen>
    <dimen name="x269">191.79dp</dimen>
    <dimen name="x270">192.50dp</dimen>
    <dimen name="x271">193.21dp</dimen>
    <dimen name="x272">193.93dp</dimen>
    <dimen name="x273">194.64dp</dimen>
    <dimen name="x274">195.35dp</dimen>
    <dimen name="x275">196.06dp</dimen>
    <dimen name="x276">196.78dp</dimen>
    <dimen name="x277">197.49dp</dimen>
    <dimen name="x278">198.20dp</dimen>
    <dimen name="x279">198.92dp</dimen>
    <dimen name="x280">199.63dp</dimen>
    <dimen name="x281">200.34dp</dimen>
    <dimen name="x282">201.06dp</dimen>
    <dimen name="x283">201.77dp</dimen>
    <dimen name="x284">202.48dp</dimen>
    <dimen name="x285">203.19dp</dimen>
    <dimen name="x286">203.91dp</dimen>
    <dimen name="x287">204.62dp</dimen>
    <dimen name="x288">205.33dp</dimen>
    <dimen name="x289">206.05dp</dimen>
    <dimen name="x290">206.76dp</dimen>
    <dimen name="x291">207.47dp</dimen>
    <dimen name="x292">208.19dp</dimen>
    <dimen name="x293">208.90dp</dimen>
    <dimen name="x294">209.61dp</dimen>
    <dimen name="x295">210.32dp</dimen>
    <dimen name="x296">211.04dp</dimen>
    <dimen name="x297">211.75dp</dimen>
    <dimen name="x298">212.46dp</dimen>
    <dimen name="x299">213.18dp</dimen>
    <dimen name="x300">213.89dp</dimen>
    <dimen name="x301">214.60dp</dimen>
    <dimen name="x302">215.31dp</dimen>
    <dimen name="x303">216.03dp</dimen>
    <dimen name="x304">216.74dp</dimen>
    <dimen name="x305">217.45dp</dimen>
    <dimen name="x306">218.17dp</dimen>
    <dimen name="x307">218.88dp</dimen>
    <dimen name="x308">219.59dp</dimen>
    <dimen name="x309">220.31dp</dimen>
    <dimen name="x310">221.02dp</dimen>
    <dimen name="x311">221.73dp</dimen>
    <dimen name="x312">222.44dp</dimen>
    <dimen name="x313">223.16dp</dimen>
    <dimen name="x314">223.87dp</dimen>
    <dimen name="x315">224.58dp</dimen>
    <dimen name="x316">225.30dp</dimen>
    <dimen name="x317">226.01dp</dimen>
    <dimen name="x318">226.72dp</dimen>
    <dimen name="x319">227.44dp</dimen>
    <dimen name="x320">228.15dp</dimen>
    <dimen name="x321">228.86dp</dimen>
    <dimen name="x322">229.57dp</dimen>
    <dimen name="x323">230.29dp</dimen>
    <dimen name="x324">231.00dp</dimen>
    <dimen name="x325">231.71dp</dimen>
    <dimen name="x326">232.43dp</dimen>
    <dimen name="x327">233.14dp</dimen>
    <dimen name="x328">233.85dp</dimen>
    <dimen name="x329">234.56dp</dimen>
    <dimen name="x330">235.28dp</dimen>
    <dimen name="x331">235.99dp</dimen>
    <dimen name="x332">236.70dp</dimen>
    <dimen name="x333">237.42dp</dimen>
    <dimen name="x334">238.13dp</dimen>
    <dimen name="x335">238.84dp</dimen>
    <dimen name="x336">239.56dp</dimen>
    <dimen name="x337">240.27dp</dimen>
    <dimen name="x338">240.98dp</dimen>
    <dimen name="x339">241.69dp</dimen>
    <dimen name="x340">242.41dp</dimen>
    <dimen name="x341">243.12dp</dimen>
    <dimen name="x342">243.83dp</dimen>
    <dimen name="x343">244.55dp</dimen>
    <dimen name="x344">245.26dp</dimen>
    <dimen name="x345">245.97dp</dimen>
    <dimen name="x346">246.69dp</dimen>
    <dimen name="x347">247.40dp</dimen>
    <dimen name="x348">248.11dp</dimen>
    <dimen name="x349">248.82dp</dimen>
    <dimen name="x350">249.54dp</dimen>
    <dimen name="x351">250.25dp</dimen>
    <dimen name="x352">250.96dp</dimen>
    <dimen name="x353">251.68dp</dimen>
    <dimen name="x354">252.39dp</dimen>
    <dimen name="x355">253.10dp</dimen>
    <dimen name="x356">253.81dp</dimen>
    <dimen name="x357">254.53dp</dimen>
    <dimen name="x358">255.24dp</dimen>
    <dimen name="x359">255.95dp</dimen>
    <dimen name="x360">256.67dp</dimen>
    <dimen name="x361">257.38dp</dimen>
    <dimen name="x362">258.09dp</dimen>
    <dimen name="x363">258.81dp</dimen>
    <dimen name="x364">259.52dp</dimen>
    <dimen name="x365">260.23dp</dimen>
    <dimen name="x366">260.94dp</dimen>
    <dimen name="x367">261.66dp</dimen>
    <dimen name="x368">262.37dp</dimen>
    <dimen name="x369">263.08dp</dimen>
    <dimen name="x370">263.80dp</dimen>
    <dimen name="x371">264.51dp</dimen>
    <dimen name="x372">265.22dp</dimen>
    <dimen name="x373">265.94dp</dimen>
    <dimen name="x374">266.65dp</dimen>
    <dimen name="x375">267.36dp</dimen>
    <dimen name="x376">268.07dp</dimen>
    <dimen name="x377">268.79dp</dimen>
    <dimen name="x378">269.50dp</dimen>
    <dimen name="x379">270.21dp</dimen>
    <dimen name="x380">270.93dp</dimen>
    <dimen name="x381">271.64dp</dimen>
    <dimen name="x382">272.35dp</dimen>
    <dimen name="x383">273.06dp</dimen>
    <dimen name="x384">273.78dp</dimen>
    <dimen name="x385">274.49dp</dimen>
    <dimen name="x386">275.20dp</dimen>
    <dimen name="x387">275.92dp</dimen>
    <dimen name="x388">276.63dp</dimen>
    <dimen name="x389">277.34dp</dimen>
    <dimen name="x390">278.06dp</dimen>
    <dimen name="x391">278.77dp</dimen>
    <dimen name="x392">279.48dp</dimen>
    <dimen name="x393">280.19dp</dimen>
    <dimen name="x394">280.91dp</dimen>
    <dimen name="x395">281.62dp</dimen>
    <dimen name="x396">282.33dp</dimen>
    <dimen name="x397">283.05dp</dimen>
    <dimen name="x398">283.76dp</dimen>
    <dimen name="x399">284.47dp</dimen>
    <dimen name="x400">285.19dp</dimen>
    <dimen name="x401">285.90dp</dimen>
    <dimen name="x402">286.61dp</dimen>
    <dimen name="x403">287.32dp</dimen>
    <dimen name="x404">288.04dp</dimen>
    <dimen name="x405">288.75dp</dimen>
    <dimen name="x406">289.46dp</dimen>
    <dimen name="x407">290.18dp</dimen>
    <dimen name="x408">290.89dp</dimen>
    <dimen name="x409">291.60dp</dimen>
    <dimen name="x410">292.31dp</dimen>
    <dimen name="x411">293.03dp</dimen>
    <dimen name="x412">293.74dp</dimen>
    <dimen name="x413">294.45dp</dimen>
    <dimen name="x414">295.17dp</dimen>
    <dimen name="x415">295.88dp</dimen>
    <dimen name="x416">296.59dp</dimen>
    <dimen name="x417">297.31dp</dimen>
    <dimen name="x418">298.02dp</dimen>
    <dimen name="x419">298.73dp</dimen>
    <dimen name="x420">299.44dp</dimen>
    <dimen name="x421">300.16dp</dimen>
    <dimen name="x422">300.87dp</dimen>
    <dimen name="x423">301.58dp</dimen>
    <dimen name="x424">302.30dp</dimen>
    <dimen name="x425">303.01dp</dimen>
    <dimen name="x426">303.72dp</dimen>
    <dimen name="x427">304.44dp</dimen>
    <dimen name="x428">305.15dp</dimen>
    <dimen name="x429">305.86dp</dimen>
    <dimen name="x430">306.57dp</dimen>
    <dimen name="x431">307.29dp</dimen>
    <dimen name="x432">308.00dp</dimen>
    <dimen name="x433">308.71dp</dimen>
    <dimen name="x434">309.43dp</dimen>
    <dimen name="x435">310.14dp</dimen>
    <dimen name="x436">310.85dp</dimen>
    <dimen name="x437">311.56dp</dimen>
    <dimen name="x438">312.28dp</dimen>
    <dimen name="x439">312.99dp</dimen>
    <dimen name="x440">313.70dp</dimen>
    <dimen name="x441">314.42dp</dimen>
    <dimen name="x442">315.13dp</dimen>
    <dimen name="x443">315.84dp</dimen>
    <dimen name="x444">316.56dp</dimen>
    <dimen name="x445">317.27dp</dimen>
    <dimen name="x446">317.98dp</dimen>
    <dimen name="x447">318.69dp</dimen>
    <dimen name="x448">319.41dp</dimen>
    <dimen name="x449">320.12dp</dimen>
    <dimen name="x450">320.83dp</dimen>
    <dimen name="x451">321.55dp</dimen>
    <dimen name="x452">322.26dp</dimen>
    <dimen name="x453">322.97dp</dimen>
    <dimen name="x454">323.69dp</dimen>
    <dimen name="x455">324.40dp</dimen>
    <dimen name="x456">325.11dp</dimen>
    <dimen name="x457">325.82dp</dimen>
    <dimen name="x458">326.54dp</dimen>
    <dimen name="x459">327.25dp</dimen>
    <dimen name="x460">327.96dp</dimen>
    <dimen name="x461">328.68dp</dimen>
    <dimen name="x462">329.39dp</dimen>
    <dimen name="x463">330.10dp</dimen>
    <dimen name="x464">330.81dp</dimen>
    <dimen name="x465">331.53dp</dimen>
    <dimen name="x466">332.24dp</dimen>
    <dimen name="x467">332.95dp</dimen>
    <dimen name="x468">333.67dp</dimen>
    <dimen name="x469">334.38dp</dimen>
    <dimen name="x470">335.09dp</dimen>
    <dimen name="x471">335.81dp</dimen>
    <dimen name="x472">336.52dp</dimen>
    <dimen name="x473">337.23dp</dimen>
    <dimen name="x474">337.94dp</dimen>
    <dimen name="x475">338.66dp</dimen>
    <dimen name="x476">339.37dp</dimen>
    <dimen name="x477">340.08dp</dimen>
    <dimen name="x478">340.80dp</dimen>
    <dimen name="x479">341.51dp</dimen>
    <dimen name="x480">342.22dp</dimen>
    <dimen name="x481">342.94dp</dimen>
    <dimen name="x482">343.65dp</dimen>
    <dimen name="x483">344.36dp</dimen>
    <dimen name="x484">345.07dp</dimen>
    <dimen name="x485">345.79dp</dimen>
    <dimen name="x486">346.50dp</dimen>
    <dimen name="x487">347.21dp</dimen>
    <dimen name="x488">347.93dp</dimen>
    <dimen name="x489">348.64dp</dimen>
    <dimen name="x490">349.35dp</dimen>
    <dimen name="x491">350.06dp</dimen>
    <dimen name="x492">350.78dp</dimen>
    <dimen name="x493">351.49dp</dimen>
    <dimen name="x494">352.20dp</dimen>
    <dimen name="x495">352.92dp</dimen>
    <dimen name="x496">353.63dp</dimen>
    <dimen name="x497">354.34dp</dimen>
    <dimen name="x498">355.06dp</dimen>
    <dimen name="x499">355.77dp</dimen>
    <dimen name="x500">356.48dp</dimen>
    <dimen name="x501">357.19dp</dimen>
    <dimen name="x502">357.91dp</dimen>
    <dimen name="x503">358.62dp</dimen>
    <dimen name="x504">359.33dp</dimen>
    <dimen name="x505">360.05dp</dimen>
    <dimen name="x506">360.76dp</dimen>
    <dimen name="x507">361.47dp</dimen>
    <dimen name="x508">362.19dp</dimen>
    <dimen name="x509">362.90dp</dimen>
    <dimen name="x510">363.61dp</dimen>
    <dimen name="x511">364.32dp</dimen>
    <dimen name="x512">365.04dp</dimen>
    <dimen name="x513">365.75dp</dimen>
    <dimen name="x514">366.46dp</dimen>
    <dimen name="x515">367.18dp</dimen>
    <dimen name="x516">367.89dp</dimen>
    <dimen name="x517">368.60dp</dimen>
    <dimen name="x518">369.31dp</dimen>
    <dimen name="x519">370.03dp</dimen>
    <dimen name="x520">370.74dp</dimen>
    <dimen name="x521">371.45dp</dimen>
    <dimen name="x522">372.17dp</dimen>
    <dimen name="x523">372.88dp</dimen>
    <dimen name="x524">373.59dp</dimen>
    <dimen name="x525">374.31dp</dimen>
    <dimen name="x526">375.02dp</dimen>
    <dimen name="x527">375.73dp</dimen>
    <dimen name="x528">376.44dp</dimen>
    <dimen name="x529">377.16dp</dimen>
    <dimen name="x530">377.87dp</dimen>
    <dimen name="x531">378.58dp</dimen>
    <dimen name="x532">379.30dp</dimen>
    <dimen name="x533">380.01dp</dimen>
    <dimen name="x534">380.72dp</dimen>
    <dimen name="x535">381.44dp</dimen>
    <dimen name="x536">382.15dp</dimen>
    <dimen name="x537">382.86dp</dimen>
    <dimen name="x538">383.57dp</dimen>
    <dimen name="x539">384.29dp</dimen>
    <dimen name="x540">385.00dp</dimen>
    <dimen name="x541">385.71dp</dimen>
    <dimen name="x542">386.43dp</dimen>
    <dimen name="x543">387.14dp</dimen>
    <dimen name="x544">387.85dp</dimen>
    <dimen name="x545">388.56dp</dimen>
    <dimen name="x546">389.28dp</dimen>
    <dimen name="x547">389.99dp</dimen>
    <dimen name="x548">390.70dp</dimen>
    <dimen name="x549">391.42dp</dimen>
    <dimen name="x550">392.13dp</dimen>
    <dimen name="x551">392.84dp</dimen>
    <dimen name="x552">393.56dp</dimen>
    <dimen name="x553">394.27dp</dimen>
    <dimen name="x554">394.98dp</dimen>
    <dimen name="x555">395.69dp</dimen>
    <dimen name="x556">396.41dp</dimen>
    <dimen name="x557">397.12dp</dimen>
    <dimen name="x558">397.83dp</dimen>
    <dimen name="x559">398.55dp</dimen>
    <dimen name="x560">399.26dp</dimen>
    <dimen name="x561">399.97dp</dimen>
    <dimen name="x562">400.69dp</dimen>
    <dimen name="x563">401.40dp</dimen>
    <dimen name="x564">402.11dp</dimen>
    <dimen name="x565">402.82dp</dimen>
    <dimen name="x566">403.54dp</dimen>
    <dimen name="x567">404.25dp</dimen>
    <dimen name="x568">404.96dp</dimen>
    <dimen name="x569">405.68dp</dimen>
    <dimen name="x570">406.39dp</dimen>
    <dimen name="x571">407.10dp</dimen>
    <dimen name="x572">407.81dp</dimen>
    <dimen name="x573">408.53dp</dimen>
    <dimen name="x574">409.24dp</dimen>
    <dimen name="x575">409.95dp</dimen>
    <dimen name="x576">410.67dp</dimen>
    <dimen name="x577">411.38dp</dimen>
    <dimen name="x578">412.09dp</dimen>
    <dimen name="x579">412.81dp</dimen>
    <dimen name="x580">413.52dp</dimen>
    <dimen name="x581">414.23dp</dimen>
    <dimen name="x582">414.94dp</dimen>
    <dimen name="x583">415.66dp</dimen>
    <dimen name="x584">416.37dp</dimen>
    <dimen name="x585">417.08dp</dimen>
    <dimen name="x586">417.80dp</dimen>
    <dimen name="x587">418.51dp</dimen>
    <dimen name="x588">419.22dp</dimen>
    <dimen name="x589">419.94dp</dimen>
    <dimen name="x590">420.65dp</dimen>
    <dimen name="x591">421.36dp</dimen>
    <dimen name="x592">422.07dp</dimen>
    <dimen name="x593">422.79dp</dimen>
    <dimen name="x594">423.50dp</dimen>
    <dimen name="x595">424.21dp</dimen>
    <dimen name="x596">424.93dp</dimen>
    <dimen name="x597">425.64dp</dimen>
    <dimen name="x598">426.35dp</dimen>
    <dimen name="x599">427.06dp</dimen>
    <dimen name="x600">427.78dp</dimen>
    <dimen name="x601">428.49dp</dimen>
    <dimen name="x602">429.20dp</dimen>
    <dimen name="x603">429.92dp</dimen>
    <dimen name="x604">430.63dp</dimen>
    <dimen name="x605">431.34dp</dimen>
    <dimen name="x606">432.06dp</dimen>
    <dimen name="x607">432.77dp</dimen>
    <dimen name="x608">433.48dp</dimen>
    <dimen name="x609">434.19dp</dimen>
    <dimen name="x610">434.91dp</dimen>
    <dimen name="x611">435.62dp</dimen>
    <dimen name="x612">436.33dp</dimen>
    <dimen name="x613">437.05dp</dimen>
    <dimen name="x614">437.76dp</dimen>
    <dimen name="x615">438.47dp</dimen>
    <dimen name="x616">439.19dp</dimen>
    <dimen name="x617">439.90dp</dimen>
    <dimen name="x618">440.61dp</dimen>
    <dimen name="x619">441.32dp</dimen>
    <dimen name="x620">442.04dp</dimen>
    <dimen name="x621">442.75dp</dimen>
    <dimen name="x622">443.46dp</dimen>
    <dimen name="x623">444.18dp</dimen>
    <dimen name="x624">444.89dp</dimen>
    <dimen name="x625">445.60dp</dimen>
    <dimen name="x626">446.31dp</dimen>
    <dimen name="x627">447.03dp</dimen>
    <dimen name="x628">447.74dp</dimen>
    <dimen name="x629">448.45dp</dimen>
    <dimen name="x630">449.17dp</dimen>
    <dimen name="x631">449.88dp</dimen>
    <dimen name="x632">450.59dp</dimen>
    <dimen name="x633">451.31dp</dimen>
    <dimen name="x634">452.02dp</dimen>
    <dimen name="x635">452.73dp</dimen>
    <dimen name="x636">453.44dp</dimen>
    <dimen name="x637">454.16dp</dimen>
    <dimen name="x638">454.87dp</dimen>
    <dimen name="x639">455.58dp</dimen>
    <dimen name="x640">456.30dp</dimen>
    <dimen name="x641">457.01dp</dimen>
    <dimen name="x642">457.72dp</dimen>
    <dimen name="x643">458.44dp</dimen>
    <dimen name="x644">459.15dp</dimen>
    <dimen name="x645">459.86dp</dimen>
    <dimen name="x646">460.57dp</dimen>
    <dimen name="x647">461.29dp</dimen>
    <dimen name="x648">462.00dp</dimen>
    <dimen name="x649">462.71dp</dimen>
    <dimen name="x650">463.43dp</dimen>
    <dimen name="x651">464.14dp</dimen>
    <dimen name="x652">464.85dp</dimen>
    <dimen name="x653">465.56dp</dimen>
    <dimen name="x654">466.28dp</dimen>
    <dimen name="x655">466.99dp</dimen>
    <dimen name="x656">467.70dp</dimen>
    <dimen name="x657">468.42dp</dimen>
    <dimen name="x658">469.13dp</dimen>
    <dimen name="x659">469.84dp</dimen>
    <dimen name="x660">470.56dp</dimen>
    <dimen name="x661">471.27dp</dimen>
    <dimen name="x662">471.98dp</dimen>
    <dimen name="x663">472.69dp</dimen>
    <dimen name="x664">473.41dp</dimen>
    <dimen name="x665">474.12dp</dimen>
    <dimen name="x666">474.83dp</dimen>
    <dimen name="x667">475.55dp</dimen>
    <dimen name="x668">476.26dp</dimen>
    <dimen name="x669">476.97dp</dimen>
    <dimen name="x670">477.69dp</dimen>
    <dimen name="x671">478.40dp</dimen>
    <dimen name="x672">479.11dp</dimen>
    <dimen name="x673">479.82dp</dimen>
    <dimen name="x674">480.54dp</dimen>
    <dimen name="x675">481.25dp</dimen>
    <dimen name="x676">481.96dp</dimen>
    <dimen name="x677">482.68dp</dimen>
    <dimen name="x678">483.39dp</dimen>
    <dimen name="x679">484.10dp</dimen>
    <dimen name="x680">484.81dp</dimen>
    <dimen name="x681">485.53dp</dimen>
    <dimen name="x682">486.24dp</dimen>
    <dimen name="x683">486.95dp</dimen>
    <dimen name="x684">487.67dp</dimen>
    <dimen name="x685">488.38dp</dimen>
    <dimen name="x686">489.09dp</dimen>
    <dimen name="x687">489.81dp</dimen>
    <dimen name="x688">490.52dp</dimen>
    <dimen name="x689">491.23dp</dimen>
    <dimen name="x690">491.94dp</dimen>
    <dimen name="x691">492.66dp</dimen>
    <dimen name="x692">493.37dp</dimen>
    <dimen name="x693">494.08dp</dimen>
    <dimen name="x694">494.80dp</dimen>
    <dimen name="x695">495.51dp</dimen>
    <dimen name="x696">496.22dp</dimen>
    <dimen name="x697">496.94dp</dimen>
    <dimen name="x698">497.65dp</dimen>
    <dimen name="x699">498.36dp</dimen>
    <dimen name="x700">499.07dp</dimen>
    <dimen name="x701">499.79dp</dimen>
    <dimen name="x702">500.50dp</dimen>
    <dimen name="x703">501.21dp</dimen>
    <dimen name="x704">501.93dp</dimen>
    <dimen name="x705">502.64dp</dimen>
    <dimen name="x706">503.35dp</dimen>
    <dimen name="x707">504.06dp</dimen>
    <dimen name="x708">504.78dp</dimen>
    <dimen name="x709">505.49dp</dimen>
    <dimen name="x710">506.20dp</dimen>
    <dimen name="x711">506.92dp</dimen>
    <dimen name="x712">507.63dp</dimen>
    <dimen name="x713">508.34dp</dimen>
    <dimen name="x714">509.06dp</dimen>
    <dimen name="x715">509.77dp</dimen>
    <dimen name="x716">510.48dp</dimen>
    <dimen name="x717">511.19dp</dimen>
    <dimen name="x718">511.91dp</dimen>
    <dimen name="x719">512.62dp</dimen>
    <dimen name="x720">513.33dp</dimen>
    <dimen name="x721">514.05dp</dimen>
    <dimen name="x722">514.76dp</dimen>
    <dimen name="x723">515.47dp</dimen>
    <dimen name="x724">516.19dp</dimen>
    <dimen name="x725">516.90dp</dimen>
    <dimen name="x726">517.61dp</dimen>
    <dimen name="x727">518.32dp</dimen>
    <dimen name="x728">519.04dp</dimen>
    <dimen name="x729">519.75dp</dimen>
    <dimen name="x730">520.46dp</dimen>
    <dimen name="x731">521.18dp</dimen>
    <dimen name="x732">521.89dp</dimen>
    <dimen name="x733">522.60dp</dimen>
    <dimen name="x734">523.31dp</dimen>
    <dimen name="x735">524.03dp</dimen>
    <dimen name="x736">524.74dp</dimen>
    <dimen name="x737">525.45dp</dimen>
    <dimen name="x738">526.17dp</dimen>
    <dimen name="x739">526.88dp</dimen>
    <dimen name="x740">527.59dp</dimen>
    <dimen name="x741">528.31dp</dimen>
    <dimen name="x742">529.02dp</dimen>
    <dimen name="x743">529.73dp</dimen>
    <dimen name="x744">530.44dp</dimen>
    <dimen name="x745">531.16dp</dimen>
    <dimen name="x746">531.87dp</dimen>
    <dimen name="x747">532.58dp</dimen>
    <dimen name="x748">533.30dp</dimen>
    <dimen name="x749">534.01dp</dimen>
    <dimen name="x750">534.72dp</dimen>
    <dimen name="x751">535.44dp</dimen>
    <dimen name="x752">536.15dp</dimen>
    <dimen name="x753">536.86dp</dimen>
    <dimen name="x754">537.57dp</dimen>
    <dimen name="x755">538.29dp</dimen>
    <dimen name="x756">539.00dp</dimen>
    <dimen name="x757">539.71dp</dimen>
    <dimen name="x758">540.43dp</dimen>
    <dimen name="x759">541.14dp</dimen>
    <dimen name="x760">541.85dp</dimen>
    <dimen name="x761">542.56dp</dimen>
    <dimen name="x762">543.28dp</dimen>
    <dimen name="x763">543.99dp</dimen>
    <dimen name="x764">544.70dp</dimen>
    <dimen name="x765">545.42dp</dimen>
    <dimen name="x766">546.13dp</dimen>
    <dimen name="x767">546.84dp</dimen>
    <dimen name="x768">547.56dp</dimen>
    <dimen name="x769">548.27dp</dimen>
    <dimen name="x770">548.98dp</dimen>
    <dimen name="x771">549.69dp</dimen>
    <dimen name="x772">550.41dp</dimen>
    <dimen name="x773">551.12dp</dimen>
    <dimen name="x774">551.83dp</dimen>
    <dimen name="x775">552.55dp</dimen>
    <dimen name="x776">553.26dp</dimen>
    <dimen name="x777">553.97dp</dimen>
    <dimen name="x778">554.69dp</dimen>
    <dimen name="x779">555.40dp</dimen>
    <dimen name="x780">556.11dp</dimen>
    <dimen name="x781">556.82dp</dimen>
    <dimen name="x782">557.54dp</dimen>
    <dimen name="x783">558.25dp</dimen>
    <dimen name="x784">558.96dp</dimen>
    <dimen name="x785">559.68dp</dimen>
    <dimen name="x786">560.39dp</dimen>
    <dimen name="x787">561.10dp</dimen>
    <dimen name="x788">561.81dp</dimen>
    <dimen name="x789">562.53dp</dimen>
    <dimen name="x790">563.24dp</dimen>
    <dimen name="x791">563.95dp</dimen>
    <dimen name="x792">564.67dp</dimen>
    <dimen name="x793">565.38dp</dimen>
    <dimen name="x794">566.09dp</dimen>
    <dimen name="x795">566.81dp</dimen>
    <dimen name="x796">567.52dp</dimen>
    <dimen name="x797">568.23dp</dimen>
    <dimen name="x798">568.94dp</dimen>
    <dimen name="x799">569.66dp</dimen>
    <dimen name="x800">570.37dp</dimen>
    <dimen name="x801">571.08dp</dimen>
    <dimen name="x802">571.80dp</dimen>
    <dimen name="x803">572.51dp</dimen>
    <dimen name="x804">573.22dp</dimen>
    <dimen name="x805">573.94dp</dimen>
    <dimen name="x806">574.65dp</dimen>
    <dimen name="x807">575.36dp</dimen>
    <dimen name="x808">576.07dp</dimen>
    <dimen name="x809">576.79dp</dimen>
    <dimen name="x810">577.50dp</dimen>
    <dimen name="x811">578.21dp</dimen>
    <dimen name="x812">578.93dp</dimen>
    <dimen name="x813">579.64dp</dimen>
    <dimen name="x814">580.35dp</dimen>
    <dimen name="x815">581.06dp</dimen>
    <dimen name="x816">581.78dp</dimen>
    <dimen name="x817">582.49dp</dimen>
    <dimen name="x818">583.20dp</dimen>
    <dimen name="x819">583.92dp</dimen>
    <dimen name="x820">584.63dp</dimen>
    <dimen name="x821">585.34dp</dimen>
    <dimen name="x822">586.06dp</dimen>
    <dimen name="x823">586.77dp</dimen>
    <dimen name="x824">587.48dp</dimen>
    <dimen name="x825">588.19dp</dimen>
    <dimen name="x826">588.91dp</dimen>
    <dimen name="x827">589.62dp</dimen>
    <dimen name="x828">590.33dp</dimen>
    <dimen name="x829">591.05dp</dimen>
    <dimen name="x830">591.76dp</dimen>
    <dimen name="x831">592.47dp</dimen>
    <dimen name="x832">593.19dp</dimen>
    <dimen name="x833">593.90dp</dimen>
    <dimen name="x834">594.61dp</dimen>
    <dimen name="x835">595.32dp</dimen>
    <dimen name="x836">596.04dp</dimen>
    <dimen name="x837">596.75dp</dimen>
    <dimen name="x838">597.46dp</dimen>
    <dimen name="x839">598.18dp</dimen>
    <dimen name="x840">598.89dp</dimen>
    <dimen name="x841">599.60dp</dimen>
    <dimen name="x842">600.31dp</dimen>
    <dimen name="x843">601.03dp</dimen>
    <dimen name="x844">601.74dp</dimen>
    <dimen name="x845">602.45dp</dimen>
    <dimen name="x846">603.17dp</dimen>
    <dimen name="x847">603.88dp</dimen>
    <dimen name="x848">604.59dp</dimen>
    <dimen name="x849">605.31dp</dimen>
    <dimen name="x850">606.02dp</dimen>
    <dimen name="x851">606.73dp</dimen>
    <dimen name="x852">607.44dp</dimen>
    <dimen name="x853">608.16dp</dimen>
    <dimen name="x854">608.87dp</dimen>
    <dimen name="x855">609.58dp</dimen>
    <dimen name="x856">610.30dp</dimen>
    <dimen name="x857">611.01dp</dimen>
    <dimen name="x858">611.72dp</dimen>
    <dimen name="x859">612.44dp</dimen>
    <dimen name="x860">613.15dp</dimen>
    <dimen name="x861">613.86dp</dimen>
    <dimen name="x862">614.57dp</dimen>
    <dimen name="x863">615.29dp</dimen>
    <dimen name="x864">616.00dp</dimen>
    <dimen name="x865">616.71dp</dimen>
    <dimen name="x866">617.43dp</dimen>
    <dimen name="x867">618.14dp</dimen>
    <dimen name="x868">618.85dp</dimen>
    <dimen name="x869">619.56dp</dimen>
    <dimen name="x870">620.28dp</dimen>
    <dimen name="x871">620.99dp</dimen>
    <dimen name="x872">621.70dp</dimen>
    <dimen name="x873">622.42dp</dimen>
    <dimen name="x874">623.13dp</dimen>
    <dimen name="x875">623.84dp</dimen>
    <dimen name="x876">624.56dp</dimen>
    <dimen name="x877">625.27dp</dimen>
    <dimen name="x878">625.98dp</dimen>
    <dimen name="x879">626.69dp</dimen>
    <dimen name="x880">627.41dp</dimen>
    <dimen name="x881">628.12dp</dimen>
    <dimen name="x882">628.83dp</dimen>
    <dimen name="x883">629.55dp</dimen>
    <dimen name="x884">630.26dp</dimen>
    <dimen name="x885">630.97dp</dimen>
    <dimen name="x886">631.69dp</dimen>
    <dimen name="x887">632.40dp</dimen>
    <dimen name="x888">633.11dp</dimen>
    <dimen name="x889">633.82dp</dimen>
    <dimen name="x890">634.54dp</dimen>
    <dimen name="x891">635.25dp</dimen>
    <dimen name="x892">635.96dp</dimen>
    <dimen name="x893">636.68dp</dimen>
    <dimen name="x894">637.39dp</dimen>
    <dimen name="x895">638.10dp</dimen>
    <dimen name="x896">638.81dp</dimen>
    <dimen name="x897">639.53dp</dimen>
    <dimen name="x898">640.24dp</dimen>
    <dimen name="x899">640.95dp</dimen>
    <dimen name="x900">641.67dp</dimen>
    <dimen name="x901">642.38dp</dimen>
    <dimen name="x902">643.09dp</dimen>
    <dimen name="x903">643.81dp</dimen>
    <dimen name="x904">644.52dp</dimen>
    <dimen name="x905">645.23dp</dimen>
    <dimen name="x906">645.94dp</dimen>
    <dimen name="x907">646.66dp</dimen>
    <dimen name="x908">647.37dp</dimen>
    <dimen name="x909">648.08dp</dimen>
    <dimen name="x910">648.80dp</dimen>
    <dimen name="x911">649.51dp</dimen>
    <dimen name="x912">650.22dp</dimen>
    <dimen name="x913">650.94dp</dimen>
    <dimen name="x914">651.65dp</dimen>
    <dimen name="x915">652.36dp</dimen>
    <dimen name="x916">653.07dp</dimen>
    <dimen name="x917">653.79dp</dimen>
    <dimen name="x918">654.50dp</dimen>
    <dimen name="x919">655.21dp</dimen>
    <dimen name="x920">655.93dp</dimen>
    <dimen name="x921">656.64dp</dimen>
    <dimen name="x922">657.35dp</dimen>
    <dimen name="x923">658.06dp</dimen>
    <dimen name="x924">658.78dp</dimen>
    <dimen name="x925">659.49dp</dimen>
    <dimen name="x926">660.20dp</dimen>
    <dimen name="x927">660.92dp</dimen>
    <dimen name="x928">661.63dp</dimen>
    <dimen name="x929">662.34dp</dimen>
    <dimen name="x930">663.06dp</dimen>
    <dimen name="x931">663.77dp</dimen>
    <dimen name="x932">664.48dp</dimen>
    <dimen name="x933">665.19dp</dimen>
    <dimen name="x934">665.91dp</dimen>
    <dimen name="x935">666.62dp</dimen>
    <dimen name="x936">667.33dp</dimen>
    <dimen name="x937">668.05dp</dimen>
    <dimen name="x938">668.76dp</dimen>
    <dimen name="x939">669.47dp</dimen>
    <dimen name="x940">670.19dp</dimen>
    <dimen name="x941">670.90dp</dimen>
    <dimen name="x942">671.61dp</dimen>
    <dimen name="x943">672.32dp</dimen>
    <dimen name="x944">673.04dp</dimen>
    <dimen name="x945">673.75dp</dimen>
    <dimen name="x946">674.46dp</dimen>
    <dimen name="x947">675.18dp</dimen>
    <dimen name="x948">675.89dp</dimen>
    <dimen name="x949">676.60dp</dimen>
    <dimen name="x950">677.31dp</dimen>
    <dimen name="x951">678.03dp</dimen>
    <dimen name="x952">678.74dp</dimen>
    <dimen name="x953">679.45dp</dimen>
    <dimen name="x954">680.17dp</dimen>
    <dimen name="x955">680.88dp</dimen>
    <dimen name="x956">681.59dp</dimen>
    <dimen name="x957">682.31dp</dimen>
    <dimen name="x958">683.02dp</dimen>
    <dimen name="x959">683.73dp</dimen>
    <dimen name="x960">684.44dp</dimen>
    <dimen name="x961">685.16dp</dimen>
    <dimen name="x962">685.87dp</dimen>
    <dimen name="x963">686.58dp</dimen>
    <dimen name="x964">687.30dp</dimen>
    <dimen name="x965">688.01dp</dimen>
    <dimen name="x966">688.72dp</dimen>
    <dimen name="x967">689.44dp</dimen>
    <dimen name="x968">690.15dp</dimen>
    <dimen name="x969">690.86dp</dimen>
    <dimen name="x970">691.57dp</dimen>
    <dimen name="x971">692.29dp</dimen>
    <dimen name="x972">693.00dp</dimen>
    <dimen name="x973">693.71dp</dimen>
    <dimen name="x974">694.43dp</dimen>
    <dimen name="x975">695.14dp</dimen>
    <dimen name="x976">695.85dp</dimen>
    <dimen name="x977">696.56dp</dimen>
    <dimen name="x978">697.28dp</dimen>
    <dimen name="x979">697.99dp</dimen>
    <dimen name="x980">698.70dp</dimen>
    <dimen name="x981">699.42dp</dimen>
    <dimen name="x982">700.13dp</dimen>
    <dimen name="x983">700.84dp</dimen>
    <dimen name="x984">701.56dp</dimen>
    <dimen name="x985">702.27dp</dimen>
    <dimen name="x986">702.98dp</dimen>
    <dimen name="x987">703.69dp</dimen>
    <dimen name="x988">704.41dp</dimen>
    <dimen name="x989">705.12dp</dimen>
    <dimen name="x990">705.83dp</dimen>
    <dimen name="x991">706.55dp</dimen>
    <dimen name="x992">707.26dp</dimen>
    <dimen name="x993">707.97dp</dimen>
    <dimen name="x994">708.69dp</dimen>
    <dimen name="x995">709.40dp</dimen>
    <dimen name="x996">710.11dp</dimen>
    <dimen name="x997">710.82dp</dimen>
    <dimen name="x998">711.54dp</dimen>
    <dimen name="x999">712.25dp</dimen>
    <dimen name="x1000">712.96dp</dimen>
    <dimen name="x1001">713.68dp</dimen>
    <dimen name="x1002">714.39dp</dimen>
    <dimen name="x1003">715.10dp</dimen>
    <dimen name="x1004">715.81dp</dimen>
    <dimen name="x1005">716.53dp</dimen>
    <dimen name="x1006">717.24dp</dimen>
    <dimen name="x1007">717.95dp</dimen>
    <dimen name="x1008">718.67dp</dimen>
    <dimen name="x1009">719.38dp</dimen>
    <dimen name="x1010">720.09dp</dimen>
    <dimen name="x1011">720.81dp</dimen>
    <dimen name="x1012">721.52dp</dimen>
    <dimen name="x1013">722.23dp</dimen>
    <dimen name="x1014">722.94dp</dimen>
    <dimen name="x1015">723.66dp</dimen>
    <dimen name="x1016">724.37dp</dimen>
    <dimen name="x1017">725.08dp</dimen>
    <dimen name="x1018">725.80dp</dimen>
    <dimen name="x1019">726.51dp</dimen>
    <dimen name="x1020">727.22dp</dimen>
    <dimen name="x1021">727.94dp</dimen>
    <dimen name="x1022">728.65dp</dimen>
    <dimen name="x1023">729.36dp</dimen>
    <dimen name="x1024">730.07dp</dimen>
    <dimen name="x1025">730.79dp</dimen>
    <dimen name="x1026">731.50dp</dimen>
    <dimen name="x1027">732.21dp</dimen>
    <dimen name="x1028">732.93dp</dimen>
    <dimen name="x1029">733.64dp</dimen>
    <dimen name="x1030">734.35dp</dimen>
    <dimen name="x1031">735.06dp</dimen>
    <dimen name="x1032">735.78dp</dimen>
    <dimen name="x1033">736.49dp</dimen>
    <dimen name="x1034">737.20dp</dimen>
    <dimen name="x1035">737.92dp</dimen>
    <dimen name="x1036">738.63dp</dimen>
    <dimen name="x1037">739.34dp</dimen>
    <dimen name="x1038">740.06dp</dimen>
    <dimen name="x1039">740.77dp</dimen>
    <dimen name="x1040">741.48dp</dimen>
    <dimen name="x1041">742.19dp</dimen>
    <dimen name="x1042">742.91dp</dimen>
    <dimen name="x1043">743.62dp</dimen>
    <dimen name="x1044">744.33dp</dimen>
    <dimen name="x1045">745.05dp</dimen>
    <dimen name="x1046">745.76dp</dimen>
    <dimen name="x1047">746.47dp</dimen>
    <dimen name="x1048">747.19dp</dimen>
    <dimen name="x1049">747.90dp</dimen>
    <dimen name="x1050">748.61dp</dimen>
    <dimen name="x1051">749.32dp</dimen>
    <dimen name="x1052">750.04dp</dimen>
    <dimen name="x1053">750.75dp</dimen>
    <dimen name="x1054">751.46dp</dimen>
    <dimen name="x1055">752.18dp</dimen>
    <dimen name="x1056">752.89dp</dimen>
    <dimen name="x1057">753.60dp</dimen>
    <dimen name="x1058">754.31dp</dimen>
    <dimen name="x1059">755.03dp</dimen>
    <dimen name="x1060">755.74dp</dimen>
    <dimen name="x1061">756.45dp</dimen>
    <dimen name="x1062">757.17dp</dimen>
    <dimen name="x1063">757.88dp</dimen>
    <dimen name="x1064">758.59dp</dimen>
    <dimen name="x1065">759.31dp</dimen>
    <dimen name="x1066">760.02dp</dimen>
    <dimen name="x1067">760.73dp</dimen>
    <dimen name="x1068">761.44dp</dimen>
    <dimen name="x1069">762.16dp</dimen>
    <dimen name="x1070">762.87dp</dimen>
    <dimen name="x1071">763.58dp</dimen>
    <dimen name="x1072">764.30dp</dimen>
    <dimen name="x1073">765.01dp</dimen>
    <dimen name="x1074">765.72dp</dimen>
    <dimen name="x1075">766.44dp</dimen>
    <dimen name="x1076">767.15dp</dimen>
    <dimen name="x1077">767.86dp</dimen>
    <dimen name="x1078">768.57dp</dimen>
    <dimen name="x1079">769.29dp</dimen>
    <dimen name="x1080">770.00dp</dimen>
</resources>