<?xml version="1.0" encoding="utf-8"?>
<resources>
    <string name="sw_dp">1840dp</string>
    <dimen name="x1">1.70dp</dimen>
    <dimen name="x2">3.41dp</dimen>
    <dimen name="x3">5.11dp</dimen>
    <dimen name="x4">6.81dp</dimen>
    <dimen name="x5">8.52dp</dimen>
    <dimen name="x6">10.22dp</dimen>
    <dimen name="x7">11.93dp</dimen>
    <dimen name="x8">13.63dp</dimen>
    <dimen name="x9">15.33dp</dimen>
    <dimen name="x10">17.04dp</dimen>
    <dimen name="x11">18.74dp</dimen>
    <dimen name="x12">20.44dp</dimen>
    <dimen name="x13">22.15dp</dimen>
    <dimen name="x14">23.85dp</dimen>
    <dimen name="x15">25.56dp</dimen>
    <dimen name="x16">27.26dp</dimen>
    <dimen name="x17">28.96dp</dimen>
    <dimen name="x18">30.67dp</dimen>
    <dimen name="x19">32.37dp</dimen>
    <dimen name="x20">34.07dp</dimen>
    <dimen name="x21">35.78dp</dimen>
    <dimen name="x22">37.48dp</dimen>
    <dimen name="x23">39.19dp</dimen>
    <dimen name="x24">40.89dp</dimen>
    <dimen name="x25">42.59dp</dimen>
    <dimen name="x26">44.30dp</dimen>
    <dimen name="x27">46.00dp</dimen>
    <dimen name="x28">47.70dp</dimen>
    <dimen name="x29">49.41dp</dimen>
    <dimen name="x30">51.11dp</dimen>
    <dimen name="x31">52.81dp</dimen>
    <dimen name="x32">54.52dp</dimen>
    <dimen name="x33">56.22dp</dimen>
    <dimen name="x34">57.93dp</dimen>
    <dimen name="x35">59.63dp</dimen>
    <dimen name="x36">61.33dp</dimen>
    <dimen name="x37">63.04dp</dimen>
    <dimen name="x38">64.74dp</dimen>
    <dimen name="x39">66.44dp</dimen>
    <dimen name="x40">68.15dp</dimen>
    <dimen name="x41">69.85dp</dimen>
    <dimen name="x42">71.56dp</dimen>
    <dimen name="x43">73.26dp</dimen>
    <dimen name="x44">74.96dp</dimen>
    <dimen name="x45">76.67dp</dimen>
    <dimen name="x46">78.37dp</dimen>
    <dimen name="x47">80.07dp</dimen>
    <dimen name="x48">81.78dp</dimen>
    <dimen name="x49">83.48dp</dimen>
    <dimen name="x50">85.19dp</dimen>
    <dimen name="x51">86.89dp</dimen>
    <dimen name="x52">88.59dp</dimen>
    <dimen name="x53">90.30dp</dimen>
    <dimen name="x54">92.00dp</dimen>
    <dimen name="x55">93.70dp</dimen>
    <dimen name="x56">95.41dp</dimen>
    <dimen name="x57">97.11dp</dimen>
    <dimen name="x58">98.81dp</dimen>
    <dimen name="x59">100.52dp</dimen>
    <dimen name="x60">102.22dp</dimen>
    <dimen name="x61">103.93dp</dimen>
    <dimen name="x62">105.63dp</dimen>
    <dimen name="x63">107.33dp</dimen>
    <dimen name="x64">109.04dp</dimen>
    <dimen name="x65">110.74dp</dimen>
    <dimen name="x66">112.44dp</dimen>
    <dimen name="x67">114.15dp</dimen>
    <dimen name="x68">115.85dp</dimen>
    <dimen name="x69">117.56dp</dimen>
    <dimen name="x70">119.26dp</dimen>
    <dimen name="x71">120.96dp</dimen>
    <dimen name="x72">122.67dp</dimen>
    <dimen name="x73">124.37dp</dimen>
    <dimen name="x74">126.07dp</dimen>
    <dimen name="x75">127.78dp</dimen>
    <dimen name="x76">129.48dp</dimen>
    <dimen name="x77">131.19dp</dimen>
    <dimen name="x78">132.89dp</dimen>
    <dimen name="x79">134.59dp</dimen>
    <dimen name="x80">136.30dp</dimen>
    <dimen name="x81">138.00dp</dimen>
    <dimen name="x82">139.70dp</dimen>
    <dimen name="x83">141.41dp</dimen>
    <dimen name="x84">143.11dp</dimen>
    <dimen name="x85">144.81dp</dimen>
    <dimen name="x86">146.52dp</dimen>
    <dimen name="x87">148.22dp</dimen>
    <dimen name="x88">149.93dp</dimen>
    <dimen name="x89">151.63dp</dimen>
    <dimen name="x90">153.33dp</dimen>
    <dimen name="x91">155.04dp</dimen>
    <dimen name="x92">156.74dp</dimen>
    <dimen name="x93">158.44dp</dimen>
    <dimen name="x94">160.15dp</dimen>
    <dimen name="x95">161.85dp</dimen>
    <dimen name="x96">163.56dp</dimen>
    <dimen name="x97">165.26dp</dimen>
    <dimen name="x98">166.96dp</dimen>
    <dimen name="x99">168.67dp</dimen>
    <dimen name="x100">170.37dp</dimen>
    <dimen name="x101">172.07dp</dimen>
    <dimen name="x102">173.78dp</dimen>
    <dimen name="x103">175.48dp</dimen>
    <dimen name="x104">177.19dp</dimen>
    <dimen name="x105">178.89dp</dimen>
    <dimen name="x106">180.59dp</dimen>
    <dimen name="x107">182.30dp</dimen>
    <dimen name="x108">184.00dp</dimen>
    <dimen name="x109">185.70dp</dimen>
    <dimen name="x110">187.41dp</dimen>
    <dimen name="x111">189.11dp</dimen>
    <dimen name="x112">190.81dp</dimen>
    <dimen name="x113">192.52dp</dimen>
    <dimen name="x114">194.22dp</dimen>
    <dimen name="x115">195.93dp</dimen>
    <dimen name="x116">197.63dp</dimen>
    <dimen name="x117">199.33dp</dimen>
    <dimen name="x118">201.04dp</dimen>
    <dimen name="x119">202.74dp</dimen>
    <dimen name="x120">204.44dp</dimen>
    <dimen name="x121">206.15dp</dimen>
    <dimen name="x122">207.85dp</dimen>
    <dimen name="x123">209.56dp</dimen>
    <dimen name="x124">211.26dp</dimen>
    <dimen name="x125">212.96dp</dimen>
    <dimen name="x126">214.67dp</dimen>
    <dimen name="x127">216.37dp</dimen>
    <dimen name="x128">218.07dp</dimen>
    <dimen name="x129">219.78dp</dimen>
    <dimen name="x130">221.48dp</dimen>
    <dimen name="x131">223.19dp</dimen>
    <dimen name="x132">224.89dp</dimen>
    <dimen name="x133">226.59dp</dimen>
    <dimen name="x134">228.30dp</dimen>
    <dimen name="x135">230.00dp</dimen>
    <dimen name="x136">231.70dp</dimen>
    <dimen name="x137">233.41dp</dimen>
    <dimen name="x138">235.11dp</dimen>
    <dimen name="x139">236.81dp</dimen>
    <dimen name="x140">238.52dp</dimen>
    <dimen name="x141">240.22dp</dimen>
    <dimen name="x142">241.93dp</dimen>
    <dimen name="x143">243.63dp</dimen>
    <dimen name="x144">245.33dp</dimen>
    <dimen name="x145">247.04dp</dimen>
    <dimen name="x146">248.74dp</dimen>
    <dimen name="x147">250.44dp</dimen>
    <dimen name="x148">252.15dp</dimen>
    <dimen name="x149">253.85dp</dimen>
    <dimen name="x150">255.56dp</dimen>
    <dimen name="x151">257.26dp</dimen>
    <dimen name="x152">258.96dp</dimen>
    <dimen name="x153">260.67dp</dimen>
    <dimen name="x154">262.37dp</dimen>
    <dimen name="x155">264.07dp</dimen>
    <dimen name="x156">265.78dp</dimen>
    <dimen name="x157">267.48dp</dimen>
    <dimen name="x158">269.19dp</dimen>
    <dimen name="x159">270.89dp</dimen>
    <dimen name="x160">272.59dp</dimen>
    <dimen name="x161">274.30dp</dimen>
    <dimen name="x162">276.00dp</dimen>
    <dimen name="x163">277.70dp</dimen>
    <dimen name="x164">279.41dp</dimen>
    <dimen name="x165">281.11dp</dimen>
    <dimen name="x166">282.81dp</dimen>
    <dimen name="x167">284.52dp</dimen>
    <dimen name="x168">286.22dp</dimen>
    <dimen name="x169">287.93dp</dimen>
    <dimen name="x170">289.63dp</dimen>
    <dimen name="x171">291.33dp</dimen>
    <dimen name="x172">293.04dp</dimen>
    <dimen name="x173">294.74dp</dimen>
    <dimen name="x174">296.44dp</dimen>
    <dimen name="x175">298.15dp</dimen>
    <dimen name="x176">299.85dp</dimen>
    <dimen name="x177">301.56dp</dimen>
    <dimen name="x178">303.26dp</dimen>
    <dimen name="x179">304.96dp</dimen>
    <dimen name="x180">306.67dp</dimen>
    <dimen name="x181">308.37dp</dimen>
    <dimen name="x182">310.07dp</dimen>
    <dimen name="x183">311.78dp</dimen>
    <dimen name="x184">313.48dp</dimen>
    <dimen name="x185">315.19dp</dimen>
    <dimen name="x186">316.89dp</dimen>
    <dimen name="x187">318.59dp</dimen>
    <dimen name="x188">320.30dp</dimen>
    <dimen name="x189">322.00dp</dimen>
    <dimen name="x190">323.70dp</dimen>
    <dimen name="x191">325.41dp</dimen>
    <dimen name="x192">327.11dp</dimen>
    <dimen name="x193">328.81dp</dimen>
    <dimen name="x194">330.52dp</dimen>
    <dimen name="x195">332.22dp</dimen>
    <dimen name="x196">333.93dp</dimen>
    <dimen name="x197">335.63dp</dimen>
    <dimen name="x198">337.33dp</dimen>
    <dimen name="x199">339.04dp</dimen>
    <dimen name="x200">340.74dp</dimen>
    <dimen name="x201">342.44dp</dimen>
    <dimen name="x202">344.15dp</dimen>
    <dimen name="x203">345.85dp</dimen>
    <dimen name="x204">347.56dp</dimen>
    <dimen name="x205">349.26dp</dimen>
    <dimen name="x206">350.96dp</dimen>
    <dimen name="x207">352.67dp</dimen>
    <dimen name="x208">354.37dp</dimen>
    <dimen name="x209">356.07dp</dimen>
    <dimen name="x210">357.78dp</dimen>
    <dimen name="x211">359.48dp</dimen>
    <dimen name="x212">361.19dp</dimen>
    <dimen name="x213">362.89dp</dimen>
    <dimen name="x214">364.59dp</dimen>
    <dimen name="x215">366.30dp</dimen>
    <dimen name="x216">368.00dp</dimen>
    <dimen name="x217">369.70dp</dimen>
    <dimen name="x218">371.41dp</dimen>
    <dimen name="x219">373.11dp</dimen>
    <dimen name="x220">374.81dp</dimen>
    <dimen name="x221">376.52dp</dimen>
    <dimen name="x222">378.22dp</dimen>
    <dimen name="x223">379.93dp</dimen>
    <dimen name="x224">381.63dp</dimen>
    <dimen name="x225">383.33dp</dimen>
    <dimen name="x226">385.04dp</dimen>
    <dimen name="x227">386.74dp</dimen>
    <dimen name="x228">388.44dp</dimen>
    <dimen name="x229">390.15dp</dimen>
    <dimen name="x230">391.85dp</dimen>
    <dimen name="x231">393.56dp</dimen>
    <dimen name="x232">395.26dp</dimen>
    <dimen name="x233">396.96dp</dimen>
    <dimen name="x234">398.67dp</dimen>
    <dimen name="x235">400.37dp</dimen>
    <dimen name="x236">402.07dp</dimen>
    <dimen name="x237">403.78dp</dimen>
    <dimen name="x238">405.48dp</dimen>
    <dimen name="x239">407.19dp</dimen>
    <dimen name="x240">408.89dp</dimen>
    <dimen name="x241">410.59dp</dimen>
    <dimen name="x242">412.30dp</dimen>
    <dimen name="x243">414.00dp</dimen>
    <dimen name="x244">415.70dp</dimen>
    <dimen name="x245">417.41dp</dimen>
    <dimen name="x246">419.11dp</dimen>
    <dimen name="x247">420.81dp</dimen>
    <dimen name="x248">422.52dp</dimen>
    <dimen name="x249">424.22dp</dimen>
    <dimen name="x250">425.93dp</dimen>
    <dimen name="x251">427.63dp</dimen>
    <dimen name="x252">429.33dp</dimen>
    <dimen name="x253">431.04dp</dimen>
    <dimen name="x254">432.74dp</dimen>
    <dimen name="x255">434.44dp</dimen>
    <dimen name="x256">436.15dp</dimen>
    <dimen name="x257">437.85dp</dimen>
    <dimen name="x258">439.56dp</dimen>
    <dimen name="x259">441.26dp</dimen>
    <dimen name="x260">442.96dp</dimen>
    <dimen name="x261">444.67dp</dimen>
    <dimen name="x262">446.37dp</dimen>
    <dimen name="x263">448.07dp</dimen>
    <dimen name="x264">449.78dp</dimen>
    <dimen name="x265">451.48dp</dimen>
    <dimen name="x266">453.19dp</dimen>
    <dimen name="x267">454.89dp</dimen>
    <dimen name="x268">456.59dp</dimen>
    <dimen name="x269">458.30dp</dimen>
    <dimen name="x270">460.00dp</dimen>
    <dimen name="x271">461.70dp</dimen>
    <dimen name="x272">463.41dp</dimen>
    <dimen name="x273">465.11dp</dimen>
    <dimen name="x274">466.81dp</dimen>
    <dimen name="x275">468.52dp</dimen>
    <dimen name="x276">470.22dp</dimen>
    <dimen name="x277">471.93dp</dimen>
    <dimen name="x278">473.63dp</dimen>
    <dimen name="x279">475.33dp</dimen>
    <dimen name="x280">477.04dp</dimen>
    <dimen name="x281">478.74dp</dimen>
    <dimen name="x282">480.44dp</dimen>
    <dimen name="x283">482.15dp</dimen>
    <dimen name="x284">483.85dp</dimen>
    <dimen name="x285">485.56dp</dimen>
    <dimen name="x286">487.26dp</dimen>
    <dimen name="x287">488.96dp</dimen>
    <dimen name="x288">490.67dp</dimen>
    <dimen name="x289">492.37dp</dimen>
    <dimen name="x290">494.07dp</dimen>
    <dimen name="x291">495.78dp</dimen>
    <dimen name="x292">497.48dp</dimen>
    <dimen name="x293">499.19dp</dimen>
    <dimen name="x294">500.89dp</dimen>
    <dimen name="x295">502.59dp</dimen>
    <dimen name="x296">504.30dp</dimen>
    <dimen name="x297">506.00dp</dimen>
    <dimen name="x298">507.70dp</dimen>
    <dimen name="x299">509.41dp</dimen>
    <dimen name="x300">511.11dp</dimen>
    <dimen name="x301">512.81dp</dimen>
    <dimen name="x302">514.52dp</dimen>
    <dimen name="x303">516.22dp</dimen>
    <dimen name="x304">517.93dp</dimen>
    <dimen name="x305">519.63dp</dimen>
    <dimen name="x306">521.33dp</dimen>
    <dimen name="x307">523.04dp</dimen>
    <dimen name="x308">524.74dp</dimen>
    <dimen name="x309">526.44dp</dimen>
    <dimen name="x310">528.15dp</dimen>
    <dimen name="x311">529.85dp</dimen>
    <dimen name="x312">531.56dp</dimen>
    <dimen name="x313">533.26dp</dimen>
    <dimen name="x314">534.96dp</dimen>
    <dimen name="x315">536.67dp</dimen>
    <dimen name="x316">538.37dp</dimen>
    <dimen name="x317">540.07dp</dimen>
    <dimen name="x318">541.78dp</dimen>
    <dimen name="x319">543.48dp</dimen>
    <dimen name="x320">545.19dp</dimen>
    <dimen name="x321">546.89dp</dimen>
    <dimen name="x322">548.59dp</dimen>
    <dimen name="x323">550.30dp</dimen>
    <dimen name="x324">552.00dp</dimen>
    <dimen name="x325">553.70dp</dimen>
    <dimen name="x326">555.41dp</dimen>
    <dimen name="x327">557.11dp</dimen>
    <dimen name="x328">558.81dp</dimen>
    <dimen name="x329">560.52dp</dimen>
    <dimen name="x330">562.22dp</dimen>
    <dimen name="x331">563.93dp</dimen>
    <dimen name="x332">565.63dp</dimen>
    <dimen name="x333">567.33dp</dimen>
    <dimen name="x334">569.04dp</dimen>
    <dimen name="x335">570.74dp</dimen>
    <dimen name="x336">572.44dp</dimen>
    <dimen name="x337">574.15dp</dimen>
    <dimen name="x338">575.85dp</dimen>
    <dimen name="x339">577.56dp</dimen>
    <dimen name="x340">579.26dp</dimen>
    <dimen name="x341">580.96dp</dimen>
    <dimen name="x342">582.67dp</dimen>
    <dimen name="x343">584.37dp</dimen>
    <dimen name="x344">586.07dp</dimen>
    <dimen name="x345">587.78dp</dimen>
    <dimen name="x346">589.48dp</dimen>
    <dimen name="x347">591.19dp</dimen>
    <dimen name="x348">592.89dp</dimen>
    <dimen name="x349">594.59dp</dimen>
    <dimen name="x350">596.30dp</dimen>
    <dimen name="x351">598.00dp</dimen>
    <dimen name="x352">599.70dp</dimen>
    <dimen name="x353">601.41dp</dimen>
    <dimen name="x354">603.11dp</dimen>
    <dimen name="x355">604.81dp</dimen>
    <dimen name="x356">606.52dp</dimen>
    <dimen name="x357">608.22dp</dimen>
    <dimen name="x358">609.93dp</dimen>
    <dimen name="x359">611.63dp</dimen>
    <dimen name="x360">613.33dp</dimen>
    <dimen name="x361">615.04dp</dimen>
    <dimen name="x362">616.74dp</dimen>
    <dimen name="x363">618.44dp</dimen>
    <dimen name="x364">620.15dp</dimen>
    <dimen name="x365">621.85dp</dimen>
    <dimen name="x366">623.56dp</dimen>
    <dimen name="x367">625.26dp</dimen>
    <dimen name="x368">626.96dp</dimen>
    <dimen name="x369">628.67dp</dimen>
    <dimen name="x370">630.37dp</dimen>
    <dimen name="x371">632.07dp</dimen>
    <dimen name="x372">633.78dp</dimen>
    <dimen name="x373">635.48dp</dimen>
    <dimen name="x374">637.19dp</dimen>
    <dimen name="x375">638.89dp</dimen>
    <dimen name="x376">640.59dp</dimen>
    <dimen name="x377">642.30dp</dimen>
    <dimen name="x378">644.00dp</dimen>
    <dimen name="x379">645.70dp</dimen>
    <dimen name="x380">647.41dp</dimen>
    <dimen name="x381">649.11dp</dimen>
    <dimen name="x382">650.81dp</dimen>
    <dimen name="x383">652.52dp</dimen>
    <dimen name="x384">654.22dp</dimen>
    <dimen name="x385">655.93dp</dimen>
    <dimen name="x386">657.63dp</dimen>
    <dimen name="x387">659.33dp</dimen>
    <dimen name="x388">661.04dp</dimen>
    <dimen name="x389">662.74dp</dimen>
    <dimen name="x390">664.44dp</dimen>
    <dimen name="x391">666.15dp</dimen>
    <dimen name="x392">667.85dp</dimen>
    <dimen name="x393">669.56dp</dimen>
    <dimen name="x394">671.26dp</dimen>
    <dimen name="x395">672.96dp</dimen>
    <dimen name="x396">674.67dp</dimen>
    <dimen name="x397">676.37dp</dimen>
    <dimen name="x398">678.07dp</dimen>
    <dimen name="x399">679.78dp</dimen>
    <dimen name="x400">681.48dp</dimen>
    <dimen name="x401">683.19dp</dimen>
    <dimen name="x402">684.89dp</dimen>
    <dimen name="x403">686.59dp</dimen>
    <dimen name="x404">688.30dp</dimen>
    <dimen name="x405">690.00dp</dimen>
    <dimen name="x406">691.70dp</dimen>
    <dimen name="x407">693.41dp</dimen>
    <dimen name="x408">695.11dp</dimen>
    <dimen name="x409">696.81dp</dimen>
    <dimen name="x410">698.52dp</dimen>
    <dimen name="x411">700.22dp</dimen>
    <dimen name="x412">701.93dp</dimen>
    <dimen name="x413">703.63dp</dimen>
    <dimen name="x414">705.33dp</dimen>
    <dimen name="x415">707.04dp</dimen>
    <dimen name="x416">708.74dp</dimen>
    <dimen name="x417">710.44dp</dimen>
    <dimen name="x418">712.15dp</dimen>
    <dimen name="x419">713.85dp</dimen>
    <dimen name="x420">715.56dp</dimen>
    <dimen name="x421">717.26dp</dimen>
    <dimen name="x422">718.96dp</dimen>
    <dimen name="x423">720.67dp</dimen>
    <dimen name="x424">722.37dp</dimen>
    <dimen name="x425">724.07dp</dimen>
    <dimen name="x426">725.78dp</dimen>
    <dimen name="x427">727.48dp</dimen>
    <dimen name="x428">729.19dp</dimen>
    <dimen name="x429">730.89dp</dimen>
    <dimen name="x430">732.59dp</dimen>
    <dimen name="x431">734.30dp</dimen>
    <dimen name="x432">736.00dp</dimen>
    <dimen name="x433">737.70dp</dimen>
    <dimen name="x434">739.41dp</dimen>
    <dimen name="x435">741.11dp</dimen>
    <dimen name="x436">742.81dp</dimen>
    <dimen name="x437">744.52dp</dimen>
    <dimen name="x438">746.22dp</dimen>
    <dimen name="x439">747.93dp</dimen>
    <dimen name="x440">749.63dp</dimen>
    <dimen name="x441">751.33dp</dimen>
    <dimen name="x442">753.04dp</dimen>
    <dimen name="x443">754.74dp</dimen>
    <dimen name="x444">756.44dp</dimen>
    <dimen name="x445">758.15dp</dimen>
    <dimen name="x446">759.85dp</dimen>
    <dimen name="x447">761.56dp</dimen>
    <dimen name="x448">763.26dp</dimen>
    <dimen name="x449">764.96dp</dimen>
    <dimen name="x450">766.67dp</dimen>
    <dimen name="x451">768.37dp</dimen>
    <dimen name="x452">770.07dp</dimen>
    <dimen name="x453">771.78dp</dimen>
    <dimen name="x454">773.48dp</dimen>
    <dimen name="x455">775.19dp</dimen>
    <dimen name="x456">776.89dp</dimen>
    <dimen name="x457">778.59dp</dimen>
    <dimen name="x458">780.30dp</dimen>
    <dimen name="x459">782.00dp</dimen>
    <dimen name="x460">783.70dp</dimen>
    <dimen name="x461">785.41dp</dimen>
    <dimen name="x462">787.11dp</dimen>
    <dimen name="x463">788.81dp</dimen>
    <dimen name="x464">790.52dp</dimen>
    <dimen name="x465">792.22dp</dimen>
    <dimen name="x466">793.93dp</dimen>
    <dimen name="x467">795.63dp</dimen>
    <dimen name="x468">797.33dp</dimen>
    <dimen name="x469">799.04dp</dimen>
    <dimen name="x470">800.74dp</dimen>
    <dimen name="x471">802.44dp</dimen>
    <dimen name="x472">804.15dp</dimen>
    <dimen name="x473">805.85dp</dimen>
    <dimen name="x474">807.56dp</dimen>
    <dimen name="x475">809.26dp</dimen>
    <dimen name="x476">810.96dp</dimen>
    <dimen name="x477">812.67dp</dimen>
    <dimen name="x478">814.37dp</dimen>
    <dimen name="x479">816.07dp</dimen>
    <dimen name="x480">817.78dp</dimen>
    <dimen name="x481">819.48dp</dimen>
    <dimen name="x482">821.19dp</dimen>
    <dimen name="x483">822.89dp</dimen>
    <dimen name="x484">824.59dp</dimen>
    <dimen name="x485">826.30dp</dimen>
    <dimen name="x486">828.00dp</dimen>
    <dimen name="x487">829.70dp</dimen>
    <dimen name="x488">831.41dp</dimen>
    <dimen name="x489">833.11dp</dimen>
    <dimen name="x490">834.81dp</dimen>
    <dimen name="x491">836.52dp</dimen>
    <dimen name="x492">838.22dp</dimen>
    <dimen name="x493">839.93dp</dimen>
    <dimen name="x494">841.63dp</dimen>
    <dimen name="x495">843.33dp</dimen>
    <dimen name="x496">845.04dp</dimen>
    <dimen name="x497">846.74dp</dimen>
    <dimen name="x498">848.44dp</dimen>
    <dimen name="x499">850.15dp</dimen>
    <dimen name="x500">851.85dp</dimen>
    <dimen name="x501">853.56dp</dimen>
    <dimen name="x502">855.26dp</dimen>
    <dimen name="x503">856.96dp</dimen>
    <dimen name="x504">858.67dp</dimen>
    <dimen name="x505">860.37dp</dimen>
    <dimen name="x506">862.07dp</dimen>
    <dimen name="x507">863.78dp</dimen>
    <dimen name="x508">865.48dp</dimen>
    <dimen name="x509">867.19dp</dimen>
    <dimen name="x510">868.89dp</dimen>
    <dimen name="x511">870.59dp</dimen>
    <dimen name="x512">872.30dp</dimen>
    <dimen name="x513">874.00dp</dimen>
    <dimen name="x514">875.70dp</dimen>
    <dimen name="x515">877.41dp</dimen>
    <dimen name="x516">879.11dp</dimen>
    <dimen name="x517">880.81dp</dimen>
    <dimen name="x518">882.52dp</dimen>
    <dimen name="x519">884.22dp</dimen>
    <dimen name="x520">885.93dp</dimen>
    <dimen name="x521">887.63dp</dimen>
    <dimen name="x522">889.33dp</dimen>
    <dimen name="x523">891.04dp</dimen>
    <dimen name="x524">892.74dp</dimen>
    <dimen name="x525">894.44dp</dimen>
    <dimen name="x526">896.15dp</dimen>
    <dimen name="x527">897.85dp</dimen>
    <dimen name="x528">899.56dp</dimen>
    <dimen name="x529">901.26dp</dimen>
    <dimen name="x530">902.96dp</dimen>
    <dimen name="x531">904.67dp</dimen>
    <dimen name="x532">906.37dp</dimen>
    <dimen name="x533">908.07dp</dimen>
    <dimen name="x534">909.78dp</dimen>
    <dimen name="x535">911.48dp</dimen>
    <dimen name="x536">913.19dp</dimen>
    <dimen name="x537">914.89dp</dimen>
    <dimen name="x538">916.59dp</dimen>
    <dimen name="x539">918.30dp</dimen>
    <dimen name="x540">920.00dp</dimen>
    <dimen name="x541">921.70dp</dimen>
    <dimen name="x542">923.41dp</dimen>
    <dimen name="x543">925.11dp</dimen>
    <dimen name="x544">926.81dp</dimen>
    <dimen name="x545">928.52dp</dimen>
    <dimen name="x546">930.22dp</dimen>
    <dimen name="x547">931.93dp</dimen>
    <dimen name="x548">933.63dp</dimen>
    <dimen name="x549">935.33dp</dimen>
    <dimen name="x550">937.04dp</dimen>
    <dimen name="x551">938.74dp</dimen>
    <dimen name="x552">940.44dp</dimen>
    <dimen name="x553">942.15dp</dimen>
    <dimen name="x554">943.85dp</dimen>
    <dimen name="x555">945.56dp</dimen>
    <dimen name="x556">947.26dp</dimen>
    <dimen name="x557">948.96dp</dimen>
    <dimen name="x558">950.67dp</dimen>
    <dimen name="x559">952.37dp</dimen>
    <dimen name="x560">954.07dp</dimen>
    <dimen name="x561">955.78dp</dimen>
    <dimen name="x562">957.48dp</dimen>
    <dimen name="x563">959.19dp</dimen>
    <dimen name="x564">960.89dp</dimen>
    <dimen name="x565">962.59dp</dimen>
    <dimen name="x566">964.30dp</dimen>
    <dimen name="x567">966.00dp</dimen>
    <dimen name="x568">967.70dp</dimen>
    <dimen name="x569">969.41dp</dimen>
    <dimen name="x570">971.11dp</dimen>
    <dimen name="x571">972.81dp</dimen>
    <dimen name="x572">974.52dp</dimen>
    <dimen name="x573">976.22dp</dimen>
    <dimen name="x574">977.93dp</dimen>
    <dimen name="x575">979.63dp</dimen>
    <dimen name="x576">981.33dp</dimen>
    <dimen name="x577">983.04dp</dimen>
    <dimen name="x578">984.74dp</dimen>
    <dimen name="x579">986.44dp</dimen>
    <dimen name="x580">988.15dp</dimen>
    <dimen name="x581">989.85dp</dimen>
    <dimen name="x582">991.56dp</dimen>
    <dimen name="x583">993.26dp</dimen>
    <dimen name="x584">994.96dp</dimen>
    <dimen name="x585">996.67dp</dimen>
    <dimen name="x586">998.37dp</dimen>
    <dimen name="x587">1000.07dp</dimen>
    <dimen name="x588">1001.78dp</dimen>
    <dimen name="x589">1003.48dp</dimen>
    <dimen name="x590">1005.19dp</dimen>
    <dimen name="x591">1006.89dp</dimen>
    <dimen name="x592">1008.59dp</dimen>
    <dimen name="x593">1010.30dp</dimen>
    <dimen name="x594">1012.00dp</dimen>
    <dimen name="x595">1013.70dp</dimen>
    <dimen name="x596">1015.41dp</dimen>
    <dimen name="x597">1017.11dp</dimen>
    <dimen name="x598">1018.81dp</dimen>
    <dimen name="x599">1020.52dp</dimen>
    <dimen name="x600">1022.22dp</dimen>
    <dimen name="x601">1023.93dp</dimen>
    <dimen name="x602">1025.63dp</dimen>
    <dimen name="x603">1027.33dp</dimen>
    <dimen name="x604">1029.04dp</dimen>
    <dimen name="x605">1030.74dp</dimen>
    <dimen name="x606">1032.44dp</dimen>
    <dimen name="x607">1034.15dp</dimen>
    <dimen name="x608">1035.85dp</dimen>
    <dimen name="x609">1037.56dp</dimen>
    <dimen name="x610">1039.26dp</dimen>
    <dimen name="x611">1040.96dp</dimen>
    <dimen name="x612">1042.67dp</dimen>
    <dimen name="x613">1044.37dp</dimen>
    <dimen name="x614">1046.07dp</dimen>
    <dimen name="x615">1047.78dp</dimen>
    <dimen name="x616">1049.48dp</dimen>
    <dimen name="x617">1051.19dp</dimen>
    <dimen name="x618">1052.89dp</dimen>
    <dimen name="x619">1054.59dp</dimen>
    <dimen name="x620">1056.30dp</dimen>
    <dimen name="x621">1058.00dp</dimen>
    <dimen name="x622">1059.70dp</dimen>
    <dimen name="x623">1061.41dp</dimen>
    <dimen name="x624">1063.11dp</dimen>
    <dimen name="x625">1064.81dp</dimen>
    <dimen name="x626">1066.52dp</dimen>
    <dimen name="x627">1068.22dp</dimen>
    <dimen name="x628">1069.93dp</dimen>
    <dimen name="x629">1071.63dp</dimen>
    <dimen name="x630">1073.33dp</dimen>
    <dimen name="x631">1075.04dp</dimen>
    <dimen name="x632">1076.74dp</dimen>
    <dimen name="x633">1078.44dp</dimen>
    <dimen name="x634">1080.15dp</dimen>
    <dimen name="x635">1081.85dp</dimen>
    <dimen name="x636">1083.56dp</dimen>
    <dimen name="x637">1085.26dp</dimen>
    <dimen name="x638">1086.96dp</dimen>
    <dimen name="x639">1088.67dp</dimen>
    <dimen name="x640">1090.37dp</dimen>
    <dimen name="x641">1092.07dp</dimen>
    <dimen name="x642">1093.78dp</dimen>
    <dimen name="x643">1095.48dp</dimen>
    <dimen name="x644">1097.19dp</dimen>
    <dimen name="x645">1098.89dp</dimen>
    <dimen name="x646">1100.59dp</dimen>
    <dimen name="x647">1102.30dp</dimen>
    <dimen name="x648">1104.00dp</dimen>
    <dimen name="x649">1105.70dp</dimen>
    <dimen name="x650">1107.41dp</dimen>
    <dimen name="x651">1109.11dp</dimen>
    <dimen name="x652">1110.81dp</dimen>
    <dimen name="x653">1112.52dp</dimen>
    <dimen name="x654">1114.22dp</dimen>
    <dimen name="x655">1115.93dp</dimen>
    <dimen name="x656">1117.63dp</dimen>
    <dimen name="x657">1119.33dp</dimen>
    <dimen name="x658">1121.04dp</dimen>
    <dimen name="x659">1122.74dp</dimen>
    <dimen name="x660">1124.44dp</dimen>
    <dimen name="x661">1126.15dp</dimen>
    <dimen name="x662">1127.85dp</dimen>
    <dimen name="x663">1129.56dp</dimen>
    <dimen name="x664">1131.26dp</dimen>
    <dimen name="x665">1132.96dp</dimen>
    <dimen name="x666">1134.67dp</dimen>
    <dimen name="x667">1136.37dp</dimen>
    <dimen name="x668">1138.07dp</dimen>
    <dimen name="x669">1139.78dp</dimen>
    <dimen name="x670">1141.48dp</dimen>
    <dimen name="x671">1143.19dp</dimen>
    <dimen name="x672">1144.89dp</dimen>
    <dimen name="x673">1146.59dp</dimen>
    <dimen name="x674">1148.30dp</dimen>
    <dimen name="x675">1150.00dp</dimen>
    <dimen name="x676">1151.70dp</dimen>
    <dimen name="x677">1153.41dp</dimen>
    <dimen name="x678">1155.11dp</dimen>
    <dimen name="x679">1156.81dp</dimen>
    <dimen name="x680">1158.52dp</dimen>
    <dimen name="x681">1160.22dp</dimen>
    <dimen name="x682">1161.93dp</dimen>
    <dimen name="x683">1163.63dp</dimen>
    <dimen name="x684">1165.33dp</dimen>
    <dimen name="x685">1167.04dp</dimen>
    <dimen name="x686">1168.74dp</dimen>
    <dimen name="x687">1170.44dp</dimen>
    <dimen name="x688">1172.15dp</dimen>
    <dimen name="x689">1173.85dp</dimen>
    <dimen name="x690">1175.56dp</dimen>
    <dimen name="x691">1177.26dp</dimen>
    <dimen name="x692">1178.96dp</dimen>
    <dimen name="x693">1180.67dp</dimen>
    <dimen name="x694">1182.37dp</dimen>
    <dimen name="x695">1184.07dp</dimen>
    <dimen name="x696">1185.78dp</dimen>
    <dimen name="x697">1187.48dp</dimen>
    <dimen name="x698">1189.19dp</dimen>
    <dimen name="x699">1190.89dp</dimen>
    <dimen name="x700">1192.59dp</dimen>
    <dimen name="x701">1194.30dp</dimen>
    <dimen name="x702">1196.00dp</dimen>
    <dimen name="x703">1197.70dp</dimen>
    <dimen name="x704">1199.41dp</dimen>
    <dimen name="x705">1201.11dp</dimen>
    <dimen name="x706">1202.81dp</dimen>
    <dimen name="x707">1204.52dp</dimen>
    <dimen name="x708">1206.22dp</dimen>
    <dimen name="x709">1207.93dp</dimen>
    <dimen name="x710">1209.63dp</dimen>
    <dimen name="x711">1211.33dp</dimen>
    <dimen name="x712">1213.04dp</dimen>
    <dimen name="x713">1214.74dp</dimen>
    <dimen name="x714">1216.44dp</dimen>
    <dimen name="x715">1218.15dp</dimen>
    <dimen name="x716">1219.85dp</dimen>
    <dimen name="x717">1221.56dp</dimen>
    <dimen name="x718">1223.26dp</dimen>
    <dimen name="x719">1224.96dp</dimen>
    <dimen name="x720">1226.67dp</dimen>
    <dimen name="x721">1228.37dp</dimen>
    <dimen name="x722">1230.07dp</dimen>
    <dimen name="x723">1231.78dp</dimen>
    <dimen name="x724">1233.48dp</dimen>
    <dimen name="x725">1235.19dp</dimen>
    <dimen name="x726">1236.89dp</dimen>
    <dimen name="x727">1238.59dp</dimen>
    <dimen name="x728">1240.30dp</dimen>
    <dimen name="x729">1242.00dp</dimen>
    <dimen name="x730">1243.70dp</dimen>
    <dimen name="x731">1245.41dp</dimen>
    <dimen name="x732">1247.11dp</dimen>
    <dimen name="x733">1248.81dp</dimen>
    <dimen name="x734">1250.52dp</dimen>
    <dimen name="x735">1252.22dp</dimen>
    <dimen name="x736">1253.93dp</dimen>
    <dimen name="x737">1255.63dp</dimen>
    <dimen name="x738">1257.33dp</dimen>
    <dimen name="x739">1259.04dp</dimen>
    <dimen name="x740">1260.74dp</dimen>
    <dimen name="x741">1262.44dp</dimen>
    <dimen name="x742">1264.15dp</dimen>
    <dimen name="x743">1265.85dp</dimen>
    <dimen name="x744">1267.56dp</dimen>
    <dimen name="x745">1269.26dp</dimen>
    <dimen name="x746">1270.96dp</dimen>
    <dimen name="x747">1272.67dp</dimen>
    <dimen name="x748">1274.37dp</dimen>
    <dimen name="x749">1276.07dp</dimen>
    <dimen name="x750">1277.78dp</dimen>
    <dimen name="x751">1279.48dp</dimen>
    <dimen name="x752">1281.19dp</dimen>
    <dimen name="x753">1282.89dp</dimen>
    <dimen name="x754">1284.59dp</dimen>
    <dimen name="x755">1286.30dp</dimen>
    <dimen name="x756">1288.00dp</dimen>
    <dimen name="x757">1289.70dp</dimen>
    <dimen name="x758">1291.41dp</dimen>
    <dimen name="x759">1293.11dp</dimen>
    <dimen name="x760">1294.81dp</dimen>
    <dimen name="x761">1296.52dp</dimen>
    <dimen name="x762">1298.22dp</dimen>
    <dimen name="x763">1299.93dp</dimen>
    <dimen name="x764">1301.63dp</dimen>
    <dimen name="x765">1303.33dp</dimen>
    <dimen name="x766">1305.04dp</dimen>
    <dimen name="x767">1306.74dp</dimen>
    <dimen name="x768">1308.44dp</dimen>
    <dimen name="x769">1310.15dp</dimen>
    <dimen name="x770">1311.85dp</dimen>
    <dimen name="x771">1313.56dp</dimen>
    <dimen name="x772">1315.26dp</dimen>
    <dimen name="x773">1316.96dp</dimen>
    <dimen name="x774">1318.67dp</dimen>
    <dimen name="x775">1320.37dp</dimen>
    <dimen name="x776">1322.07dp</dimen>
    <dimen name="x777">1323.78dp</dimen>
    <dimen name="x778">1325.48dp</dimen>
    <dimen name="x779">1327.19dp</dimen>
    <dimen name="x780">1328.89dp</dimen>
    <dimen name="x781">1330.59dp</dimen>
    <dimen name="x782">1332.30dp</dimen>
    <dimen name="x783">1334.00dp</dimen>
    <dimen name="x784">1335.70dp</dimen>
    <dimen name="x785">1337.41dp</dimen>
    <dimen name="x786">1339.11dp</dimen>
    <dimen name="x787">1340.81dp</dimen>
    <dimen name="x788">1342.52dp</dimen>
    <dimen name="x789">1344.22dp</dimen>
    <dimen name="x790">1345.93dp</dimen>
    <dimen name="x791">1347.63dp</dimen>
    <dimen name="x792">1349.33dp</dimen>
    <dimen name="x793">1351.04dp</dimen>
    <dimen name="x794">1352.74dp</dimen>
    <dimen name="x795">1354.44dp</dimen>
    <dimen name="x796">1356.15dp</dimen>
    <dimen name="x797">1357.85dp</dimen>
    <dimen name="x798">1359.56dp</dimen>
    <dimen name="x799">1361.26dp</dimen>
    <dimen name="x800">1362.96dp</dimen>
    <dimen name="x801">1364.67dp</dimen>
    <dimen name="x802">1366.37dp</dimen>
    <dimen name="x803">1368.07dp</dimen>
    <dimen name="x804">1369.78dp</dimen>
    <dimen name="x805">1371.48dp</dimen>
    <dimen name="x806">1373.19dp</dimen>
    <dimen name="x807">1374.89dp</dimen>
    <dimen name="x808">1376.59dp</dimen>
    <dimen name="x809">1378.30dp</dimen>
    <dimen name="x810">1380.00dp</dimen>
    <dimen name="x811">1381.70dp</dimen>
    <dimen name="x812">1383.41dp</dimen>
    <dimen name="x813">1385.11dp</dimen>
    <dimen name="x814">1386.81dp</dimen>
    <dimen name="x815">1388.52dp</dimen>
    <dimen name="x816">1390.22dp</dimen>
    <dimen name="x817">1391.93dp</dimen>
    <dimen name="x818">1393.63dp</dimen>
    <dimen name="x819">1395.33dp</dimen>
    <dimen name="x820">1397.04dp</dimen>
    <dimen name="x821">1398.74dp</dimen>
    <dimen name="x822">1400.44dp</dimen>
    <dimen name="x823">1402.15dp</dimen>
    <dimen name="x824">1403.85dp</dimen>
    <dimen name="x825">1405.56dp</dimen>
    <dimen name="x826">1407.26dp</dimen>
    <dimen name="x827">1408.96dp</dimen>
    <dimen name="x828">1410.67dp</dimen>
    <dimen name="x829">1412.37dp</dimen>
    <dimen name="x830">1414.07dp</dimen>
    <dimen name="x831">1415.78dp</dimen>
    <dimen name="x832">1417.48dp</dimen>
    <dimen name="x833">1419.19dp</dimen>
    <dimen name="x834">1420.89dp</dimen>
    <dimen name="x835">1422.59dp</dimen>
    <dimen name="x836">1424.30dp</dimen>
    <dimen name="x837">1426.00dp</dimen>
    <dimen name="x838">1427.70dp</dimen>
    <dimen name="x839">1429.41dp</dimen>
    <dimen name="x840">1431.11dp</dimen>
    <dimen name="x841">1432.81dp</dimen>
    <dimen name="x842">1434.52dp</dimen>
    <dimen name="x843">1436.22dp</dimen>
    <dimen name="x844">1437.93dp</dimen>
    <dimen name="x845">1439.63dp</dimen>
    <dimen name="x846">1441.33dp</dimen>
    <dimen name="x847">1443.04dp</dimen>
    <dimen name="x848">1444.74dp</dimen>
    <dimen name="x849">1446.44dp</dimen>
    <dimen name="x850">1448.15dp</dimen>
    <dimen name="x851">1449.85dp</dimen>
    <dimen name="x852">1451.56dp</dimen>
    <dimen name="x853">1453.26dp</dimen>
    <dimen name="x854">1454.96dp</dimen>
    <dimen name="x855">1456.67dp</dimen>
    <dimen name="x856">1458.37dp</dimen>
    <dimen name="x857">1460.07dp</dimen>
    <dimen name="x858">1461.78dp</dimen>
    <dimen name="x859">1463.48dp</dimen>
    <dimen name="x860">1465.19dp</dimen>
    <dimen name="x861">1466.89dp</dimen>
    <dimen name="x862">1468.59dp</dimen>
    <dimen name="x863">1470.30dp</dimen>
    <dimen name="x864">1472.00dp</dimen>
    <dimen name="x865">1473.70dp</dimen>
    <dimen name="x866">1475.41dp</dimen>
    <dimen name="x867">1477.11dp</dimen>
    <dimen name="x868">1478.81dp</dimen>
    <dimen name="x869">1480.52dp</dimen>
    <dimen name="x870">1482.22dp</dimen>
    <dimen name="x871">1483.93dp</dimen>
    <dimen name="x872">1485.63dp</dimen>
    <dimen name="x873">1487.33dp</dimen>
    <dimen name="x874">1489.04dp</dimen>
    <dimen name="x875">1490.74dp</dimen>
    <dimen name="x876">1492.44dp</dimen>
    <dimen name="x877">1494.15dp</dimen>
    <dimen name="x878">1495.85dp</dimen>
    <dimen name="x879">1497.56dp</dimen>
    <dimen name="x880">1499.26dp</dimen>
    <dimen name="x881">1500.96dp</dimen>
    <dimen name="x882">1502.67dp</dimen>
    <dimen name="x883">1504.37dp</dimen>
    <dimen name="x884">1506.07dp</dimen>
    <dimen name="x885">1507.78dp</dimen>
    <dimen name="x886">1509.48dp</dimen>
    <dimen name="x887">1511.19dp</dimen>
    <dimen name="x888">1512.89dp</dimen>
    <dimen name="x889">1514.59dp</dimen>
    <dimen name="x890">1516.30dp</dimen>
    <dimen name="x891">1518.00dp</dimen>
    <dimen name="x892">1519.70dp</dimen>
    <dimen name="x893">1521.41dp</dimen>
    <dimen name="x894">1523.11dp</dimen>
    <dimen name="x895">1524.81dp</dimen>
    <dimen name="x896">1526.52dp</dimen>
    <dimen name="x897">1528.22dp</dimen>
    <dimen name="x898">1529.93dp</dimen>
    <dimen name="x899">1531.63dp</dimen>
    <dimen name="x900">1533.33dp</dimen>
    <dimen name="x901">1535.04dp</dimen>
    <dimen name="x902">1536.74dp</dimen>
    <dimen name="x903">1538.44dp</dimen>
    <dimen name="x904">1540.15dp</dimen>
    <dimen name="x905">1541.85dp</dimen>
    <dimen name="x906">1543.56dp</dimen>
    <dimen name="x907">1545.26dp</dimen>
    <dimen name="x908">1546.96dp</dimen>
    <dimen name="x909">1548.67dp</dimen>
    <dimen name="x910">1550.37dp</dimen>
    <dimen name="x911">1552.07dp</dimen>
    <dimen name="x912">1553.78dp</dimen>
    <dimen name="x913">1555.48dp</dimen>
    <dimen name="x914">1557.19dp</dimen>
    <dimen name="x915">1558.89dp</dimen>
    <dimen name="x916">1560.59dp</dimen>
    <dimen name="x917">1562.30dp</dimen>
    <dimen name="x918">1564.00dp</dimen>
    <dimen name="x919">1565.70dp</dimen>
    <dimen name="x920">1567.41dp</dimen>
    <dimen name="x921">1569.11dp</dimen>
    <dimen name="x922">1570.81dp</dimen>
    <dimen name="x923">1572.52dp</dimen>
    <dimen name="x924">1574.22dp</dimen>
    <dimen name="x925">1575.93dp</dimen>
    <dimen name="x926">1577.63dp</dimen>
    <dimen name="x927">1579.33dp</dimen>
    <dimen name="x928">1581.04dp</dimen>
    <dimen name="x929">1582.74dp</dimen>
    <dimen name="x930">1584.44dp</dimen>
    <dimen name="x931">1586.15dp</dimen>
    <dimen name="x932">1587.85dp</dimen>
    <dimen name="x933">1589.56dp</dimen>
    <dimen name="x934">1591.26dp</dimen>
    <dimen name="x935">1592.96dp</dimen>
    <dimen name="x936">1594.67dp</dimen>
    <dimen name="x937">1596.37dp</dimen>
    <dimen name="x938">1598.07dp</dimen>
    <dimen name="x939">1599.78dp</dimen>
    <dimen name="x940">1601.48dp</dimen>
    <dimen name="x941">1603.19dp</dimen>
    <dimen name="x942">1604.89dp</dimen>
    <dimen name="x943">1606.59dp</dimen>
    <dimen name="x944">1608.30dp</dimen>
    <dimen name="x945">1610.00dp</dimen>
    <dimen name="x946">1611.70dp</dimen>
    <dimen name="x947">1613.41dp</dimen>
    <dimen name="x948">1615.11dp</dimen>
    <dimen name="x949">1616.81dp</dimen>
    <dimen name="x950">1618.52dp</dimen>
    <dimen name="x951">1620.22dp</dimen>
    <dimen name="x952">1621.93dp</dimen>
    <dimen name="x953">1623.63dp</dimen>
    <dimen name="x954">1625.33dp</dimen>
    <dimen name="x955">1627.04dp</dimen>
    <dimen name="x956">1628.74dp</dimen>
    <dimen name="x957">1630.44dp</dimen>
    <dimen name="x958">1632.15dp</dimen>
    <dimen name="x959">1633.85dp</dimen>
    <dimen name="x960">1635.56dp</dimen>
    <dimen name="x961">1637.26dp</dimen>
    <dimen name="x962">1638.96dp</dimen>
    <dimen name="x963">1640.67dp</dimen>
    <dimen name="x964">1642.37dp</dimen>
    <dimen name="x965">1644.07dp</dimen>
    <dimen name="x966">1645.78dp</dimen>
    <dimen name="x967">1647.48dp</dimen>
    <dimen name="x968">1649.19dp</dimen>
    <dimen name="x969">1650.89dp</dimen>
    <dimen name="x970">1652.59dp</dimen>
    <dimen name="x971">1654.30dp</dimen>
    <dimen name="x972">1656.00dp</dimen>
    <dimen name="x973">1657.70dp</dimen>
    <dimen name="x974">1659.41dp</dimen>
    <dimen name="x975">1661.11dp</dimen>
    <dimen name="x976">1662.81dp</dimen>
    <dimen name="x977">1664.52dp</dimen>
    <dimen name="x978">1666.22dp</dimen>
    <dimen name="x979">1667.93dp</dimen>
    <dimen name="x980">1669.63dp</dimen>
    <dimen name="x981">1671.33dp</dimen>
    <dimen name="x982">1673.04dp</dimen>
    <dimen name="x983">1674.74dp</dimen>
    <dimen name="x984">1676.44dp</dimen>
    <dimen name="x985">1678.15dp</dimen>
    <dimen name="x986">1679.85dp</dimen>
    <dimen name="x987">1681.56dp</dimen>
    <dimen name="x988">1683.26dp</dimen>
    <dimen name="x989">1684.96dp</dimen>
    <dimen name="x990">1686.67dp</dimen>
    <dimen name="x991">1688.37dp</dimen>
    <dimen name="x992">1690.07dp</dimen>
    <dimen name="x993">1691.78dp</dimen>
    <dimen name="x994">1693.48dp</dimen>
    <dimen name="x995">1695.19dp</dimen>
    <dimen name="x996">1696.89dp</dimen>
    <dimen name="x997">1698.59dp</dimen>
    <dimen name="x998">1700.30dp</dimen>
    <dimen name="x999">1702.00dp</dimen>
    <dimen name="x1000">1703.70dp</dimen>
    <dimen name="x1001">1705.41dp</dimen>
    <dimen name="x1002">1707.11dp</dimen>
    <dimen name="x1003">1708.81dp</dimen>
    <dimen name="x1004">1710.52dp</dimen>
    <dimen name="x1005">1712.22dp</dimen>
    <dimen name="x1006">1713.93dp</dimen>
    <dimen name="x1007">1715.63dp</dimen>
    <dimen name="x1008">1717.33dp</dimen>
    <dimen name="x1009">1719.04dp</dimen>
    <dimen name="x1010">1720.74dp</dimen>
    <dimen name="x1011">1722.44dp</dimen>
    <dimen name="x1012">1724.15dp</dimen>
    <dimen name="x1013">1725.85dp</dimen>
    <dimen name="x1014">1727.56dp</dimen>
    <dimen name="x1015">1729.26dp</dimen>
    <dimen name="x1016">1730.96dp</dimen>
    <dimen name="x1017">1732.67dp</dimen>
    <dimen name="x1018">1734.37dp</dimen>
    <dimen name="x1019">1736.07dp</dimen>
    <dimen name="x1020">1737.78dp</dimen>
    <dimen name="x1021">1739.48dp</dimen>
    <dimen name="x1022">1741.19dp</dimen>
    <dimen name="x1023">1742.89dp</dimen>
    <dimen name="x1024">1744.59dp</dimen>
    <dimen name="x1025">1746.30dp</dimen>
    <dimen name="x1026">1748.00dp</dimen>
    <dimen name="x1027">1749.70dp</dimen>
    <dimen name="x1028">1751.41dp</dimen>
    <dimen name="x1029">1753.11dp</dimen>
    <dimen name="x1030">1754.81dp</dimen>
    <dimen name="x1031">1756.52dp</dimen>
    <dimen name="x1032">1758.22dp</dimen>
    <dimen name="x1033">1759.93dp</dimen>
    <dimen name="x1034">1761.63dp</dimen>
    <dimen name="x1035">1763.33dp</dimen>
    <dimen name="x1036">1765.04dp</dimen>
    <dimen name="x1037">1766.74dp</dimen>
    <dimen name="x1038">1768.44dp</dimen>
    <dimen name="x1039">1770.15dp</dimen>
    <dimen name="x1040">1771.85dp</dimen>
    <dimen name="x1041">1773.56dp</dimen>
    <dimen name="x1042">1775.26dp</dimen>
    <dimen name="x1043">1776.96dp</dimen>
    <dimen name="x1044">1778.67dp</dimen>
    <dimen name="x1045">1780.37dp</dimen>
    <dimen name="x1046">1782.07dp</dimen>
    <dimen name="x1047">1783.78dp</dimen>
    <dimen name="x1048">1785.48dp</dimen>
    <dimen name="x1049">1787.19dp</dimen>
    <dimen name="x1050">1788.89dp</dimen>
    <dimen name="x1051">1790.59dp</dimen>
    <dimen name="x1052">1792.30dp</dimen>
    <dimen name="x1053">1794.00dp</dimen>
    <dimen name="x1054">1795.70dp</dimen>
    <dimen name="x1055">1797.41dp</dimen>
    <dimen name="x1056">1799.11dp</dimen>
    <dimen name="x1057">1800.81dp</dimen>
    <dimen name="x1058">1802.52dp</dimen>
    <dimen name="x1059">1804.22dp</dimen>
    <dimen name="x1060">1805.93dp</dimen>
    <dimen name="x1061">1807.63dp</dimen>
    <dimen name="x1062">1809.33dp</dimen>
    <dimen name="x1063">1811.04dp</dimen>
    <dimen name="x1064">1812.74dp</dimen>
    <dimen name="x1065">1814.44dp</dimen>
    <dimen name="x1066">1816.15dp</dimen>
    <dimen name="x1067">1817.85dp</dimen>
    <dimen name="x1068">1819.56dp</dimen>
    <dimen name="x1069">1821.26dp</dimen>
    <dimen name="x1070">1822.96dp</dimen>
    <dimen name="x1071">1824.67dp</dimen>
    <dimen name="x1072">1826.37dp</dimen>
    <dimen name="x1073">1828.07dp</dimen>
    <dimen name="x1074">1829.78dp</dimen>
    <dimen name="x1075">1831.48dp</dimen>
    <dimen name="x1076">1833.19dp</dimen>
    <dimen name="x1077">1834.89dp</dimen>
    <dimen name="x1078">1836.59dp</dimen>
    <dimen name="x1079">1838.30dp</dimen>
    <dimen name="x1080">1840.00dp</dimen>
</resources>