<?xml version="1.0" encoding="utf-8"?>
<resources>
    <string name="sw_dp">400dp</string>
    <dimen name="x1">0.37dp</dimen>
    <dimen name="x2">0.74dp</dimen>
    <dimen name="x3">1.11dp</dimen>
    <dimen name="x4">1.48dp</dimen>
    <dimen name="x5">1.85dp</dimen>
    <dimen name="x6">2.22dp</dimen>
    <dimen name="x7">2.59dp</dimen>
    <dimen name="x8">2.96dp</dimen>
    <dimen name="x9">3.33dp</dimen>
    <dimen name="x10">3.70dp</dimen>
    <dimen name="x11">4.07dp</dimen>
    <dimen name="x12">4.44dp</dimen>
    <dimen name="x13">4.81dp</dimen>
    <dimen name="x14">5.19dp</dimen>
    <dimen name="x15">5.56dp</dimen>
    <dimen name="x16">5.93dp</dimen>
    <dimen name="x17">6.30dp</dimen>
    <dimen name="x18">6.67dp</dimen>
    <dimen name="x19">7.04dp</dimen>
    <dimen name="x20">7.41dp</dimen>
    <dimen name="x21">7.78dp</dimen>
    <dimen name="x22">8.15dp</dimen>
    <dimen name="x23">8.52dp</dimen>
    <dimen name="x24">8.89dp</dimen>
    <dimen name="x25">9.26dp</dimen>
    <dimen name="x26">9.63dp</dimen>
    <dimen name="x27">10.00dp</dimen>
    <dimen name="x28">10.37dp</dimen>
    <dimen name="x29">10.74dp</dimen>
    <dimen name="x30">11.11dp</dimen>
    <dimen name="x31">11.48dp</dimen>
    <dimen name="x32">11.85dp</dimen>
    <dimen name="x33">12.22dp</dimen>
    <dimen name="x34">12.59dp</dimen>
    <dimen name="x35">12.96dp</dimen>
    <dimen name="x36">13.33dp</dimen>
    <dimen name="x37">13.70dp</dimen>
    <dimen name="x38">14.07dp</dimen>
    <dimen name="x39">14.44dp</dimen>
    <dimen name="x40">14.81dp</dimen>
    <dimen name="x41">15.19dp</dimen>
    <dimen name="x42">15.56dp</dimen>
    <dimen name="x43">15.93dp</dimen>
    <dimen name="x44">16.30dp</dimen>
    <dimen name="x45">16.67dp</dimen>
    <dimen name="x46">17.04dp</dimen>
    <dimen name="x47">17.41dp</dimen>
    <dimen name="x48">17.78dp</dimen>
    <dimen name="x49">18.15dp</dimen>
    <dimen name="x50">18.52dp</dimen>
    <dimen name="x51">18.89dp</dimen>
    <dimen name="x52">19.26dp</dimen>
    <dimen name="x53">19.63dp</dimen>
    <dimen name="x54">20.00dp</dimen>
    <dimen name="x55">20.37dp</dimen>
    <dimen name="x56">20.74dp</dimen>
    <dimen name="x57">21.11dp</dimen>
    <dimen name="x58">21.48dp</dimen>
    <dimen name="x59">21.85dp</dimen>
    <dimen name="x60">22.22dp</dimen>
    <dimen name="x61">22.59dp</dimen>
    <dimen name="x62">22.96dp</dimen>
    <dimen name="x63">23.33dp</dimen>
    <dimen name="x64">23.70dp</dimen>
    <dimen name="x65">24.07dp</dimen>
    <dimen name="x66">24.44dp</dimen>
    <dimen name="x67">24.81dp</dimen>
    <dimen name="x68">25.19dp</dimen>
    <dimen name="x69">25.56dp</dimen>
    <dimen name="x70">25.93dp</dimen>
    <dimen name="x71">26.30dp</dimen>
    <dimen name="x72">26.67dp</dimen>
    <dimen name="x73">27.04dp</dimen>
    <dimen name="x74">27.41dp</dimen>
    <dimen name="x75">27.78dp</dimen>
    <dimen name="x76">28.15dp</dimen>
    <dimen name="x77">28.52dp</dimen>
    <dimen name="x78">28.89dp</dimen>
    <dimen name="x79">29.26dp</dimen>
    <dimen name="x80">29.63dp</dimen>
    <dimen name="x81">30.00dp</dimen>
    <dimen name="x82">30.37dp</dimen>
    <dimen name="x83">30.74dp</dimen>
    <dimen name="x84">31.11dp</dimen>
    <dimen name="x85">31.48dp</dimen>
    <dimen name="x86">31.85dp</dimen>
    <dimen name="x87">32.22dp</dimen>
    <dimen name="x88">32.59dp</dimen>
    <dimen name="x89">32.96dp</dimen>
    <dimen name="x90">33.33dp</dimen>
    <dimen name="x91">33.70dp</dimen>
    <dimen name="x92">34.07dp</dimen>
    <dimen name="x93">34.44dp</dimen>
    <dimen name="x94">34.81dp</dimen>
    <dimen name="x95">35.19dp</dimen>
    <dimen name="x96">35.56dp</dimen>
    <dimen name="x97">35.93dp</dimen>
    <dimen name="x98">36.30dp</dimen>
    <dimen name="x99">36.67dp</dimen>
    <dimen name="x100">37.04dp</dimen>
    <dimen name="x101">37.41dp</dimen>
    <dimen name="x102">37.78dp</dimen>
    <dimen name="x103">38.15dp</dimen>
    <dimen name="x104">38.52dp</dimen>
    <dimen name="x105">38.89dp</dimen>
    <dimen name="x106">39.26dp</dimen>
    <dimen name="x107">39.63dp</dimen>
    <dimen name="x108">40.00dp</dimen>
    <dimen name="x109">40.37dp</dimen>
    <dimen name="x110">40.74dp</dimen>
    <dimen name="x111">41.11dp</dimen>
    <dimen name="x112">41.48dp</dimen>
    <dimen name="x113">41.85dp</dimen>
    <dimen name="x114">42.22dp</dimen>
    <dimen name="x115">42.59dp</dimen>
    <dimen name="x116">42.96dp</dimen>
    <dimen name="x117">43.33dp</dimen>
    <dimen name="x118">43.70dp</dimen>
    <dimen name="x119">44.07dp</dimen>
    <dimen name="x120">44.44dp</dimen>
    <dimen name="x121">44.81dp</dimen>
    <dimen name="x122">45.19dp</dimen>
    <dimen name="x123">45.56dp</dimen>
    <dimen name="x124">45.93dp</dimen>
    <dimen name="x125">46.30dp</dimen>
    <dimen name="x126">46.67dp</dimen>
    <dimen name="x127">47.04dp</dimen>
    <dimen name="x128">47.41dp</dimen>
    <dimen name="x129">47.78dp</dimen>
    <dimen name="x130">48.15dp</dimen>
    <dimen name="x131">48.52dp</dimen>
    <dimen name="x132">48.89dp</dimen>
    <dimen name="x133">49.26dp</dimen>
    <dimen name="x134">49.63dp</dimen>
    <dimen name="x135">50.00dp</dimen>
    <dimen name="x136">50.37dp</dimen>
    <dimen name="x137">50.74dp</dimen>
    <dimen name="x138">51.11dp</dimen>
    <dimen name="x139">51.48dp</dimen>
    <dimen name="x140">51.85dp</dimen>
    <dimen name="x141">52.22dp</dimen>
    <dimen name="x142">52.59dp</dimen>
    <dimen name="x143">52.96dp</dimen>
    <dimen name="x144">53.33dp</dimen>
    <dimen name="x145">53.70dp</dimen>
    <dimen name="x146">54.07dp</dimen>
    <dimen name="x147">54.44dp</dimen>
    <dimen name="x148">54.81dp</dimen>
    <dimen name="x149">55.19dp</dimen>
    <dimen name="x150">55.56dp</dimen>
    <dimen name="x151">55.93dp</dimen>
    <dimen name="x152">56.30dp</dimen>
    <dimen name="x153">56.67dp</dimen>
    <dimen name="x154">57.04dp</dimen>
    <dimen name="x155">57.41dp</dimen>
    <dimen name="x156">57.78dp</dimen>
    <dimen name="x157">58.15dp</dimen>
    <dimen name="x158">58.52dp</dimen>
    <dimen name="x159">58.89dp</dimen>
    <dimen name="x160">59.26dp</dimen>
    <dimen name="x161">59.63dp</dimen>
    <dimen name="x162">60.00dp</dimen>
    <dimen name="x163">60.37dp</dimen>
    <dimen name="x164">60.74dp</dimen>
    <dimen name="x165">61.11dp</dimen>
    <dimen name="x166">61.48dp</dimen>
    <dimen name="x167">61.85dp</dimen>
    <dimen name="x168">62.22dp</dimen>
    <dimen name="x169">62.59dp</dimen>
    <dimen name="x170">62.96dp</dimen>
    <dimen name="x171">63.33dp</dimen>
    <dimen name="x172">63.70dp</dimen>
    <dimen name="x173">64.07dp</dimen>
    <dimen name="x174">64.44dp</dimen>
    <dimen name="x175">64.81dp</dimen>
    <dimen name="x176">65.19dp</dimen>
    <dimen name="x177">65.56dp</dimen>
    <dimen name="x178">65.93dp</dimen>
    <dimen name="x179">66.30dp</dimen>
    <dimen name="x180">66.67dp</dimen>
    <dimen name="x181">67.04dp</dimen>
    <dimen name="x182">67.41dp</dimen>
    <dimen name="x183">67.78dp</dimen>
    <dimen name="x184">68.15dp</dimen>
    <dimen name="x185">68.52dp</dimen>
    <dimen name="x186">68.89dp</dimen>
    <dimen name="x187">69.26dp</dimen>
    <dimen name="x188">69.63dp</dimen>
    <dimen name="x189">70.00dp</dimen>
    <dimen name="x190">70.37dp</dimen>
    <dimen name="x191">70.74dp</dimen>
    <dimen name="x192">71.11dp</dimen>
    <dimen name="x193">71.48dp</dimen>
    <dimen name="x194">71.85dp</dimen>
    <dimen name="x195">72.22dp</dimen>
    <dimen name="x196">72.59dp</dimen>
    <dimen name="x197">72.96dp</dimen>
    <dimen name="x198">73.33dp</dimen>
    <dimen name="x199">73.70dp</dimen>
    <dimen name="x200">74.07dp</dimen>
    <dimen name="x201">74.44dp</dimen>
    <dimen name="x202">74.81dp</dimen>
    <dimen name="x203">75.19dp</dimen>
    <dimen name="x204">75.56dp</dimen>
    <dimen name="x205">75.93dp</dimen>
    <dimen name="x206">76.30dp</dimen>
    <dimen name="x207">76.67dp</dimen>
    <dimen name="x208">77.04dp</dimen>
    <dimen name="x209">77.41dp</dimen>
    <dimen name="x210">77.78dp</dimen>
    <dimen name="x211">78.15dp</dimen>
    <dimen name="x212">78.52dp</dimen>
    <dimen name="x213">78.89dp</dimen>
    <dimen name="x214">79.26dp</dimen>
    <dimen name="x215">79.63dp</dimen>
    <dimen name="x216">80.00dp</dimen>
    <dimen name="x217">80.37dp</dimen>
    <dimen name="x218">80.74dp</dimen>
    <dimen name="x219">81.11dp</dimen>
    <dimen name="x220">81.48dp</dimen>
    <dimen name="x221">81.85dp</dimen>
    <dimen name="x222">82.22dp</dimen>
    <dimen name="x223">82.59dp</dimen>
    <dimen name="x224">82.96dp</dimen>
    <dimen name="x225">83.33dp</dimen>
    <dimen name="x226">83.70dp</dimen>
    <dimen name="x227">84.07dp</dimen>
    <dimen name="x228">84.44dp</dimen>
    <dimen name="x229">84.81dp</dimen>
    <dimen name="x230">85.19dp</dimen>
    <dimen name="x231">85.56dp</dimen>
    <dimen name="x232">85.93dp</dimen>
    <dimen name="x233">86.30dp</dimen>
    <dimen name="x234">86.67dp</dimen>
    <dimen name="x235">87.04dp</dimen>
    <dimen name="x236">87.41dp</dimen>
    <dimen name="x237">87.78dp</dimen>
    <dimen name="x238">88.15dp</dimen>
    <dimen name="x239">88.52dp</dimen>
    <dimen name="x240">88.89dp</dimen>
    <dimen name="x241">89.26dp</dimen>
    <dimen name="x242">89.63dp</dimen>
    <dimen name="x243">90.00dp</dimen>
    <dimen name="x244">90.37dp</dimen>
    <dimen name="x245">90.74dp</dimen>
    <dimen name="x246">91.11dp</dimen>
    <dimen name="x247">91.48dp</dimen>
    <dimen name="x248">91.85dp</dimen>
    <dimen name="x249">92.22dp</dimen>
    <dimen name="x250">92.59dp</dimen>
    <dimen name="x251">92.96dp</dimen>
    <dimen name="x252">93.33dp</dimen>
    <dimen name="x253">93.70dp</dimen>
    <dimen name="x254">94.07dp</dimen>
    <dimen name="x255">94.44dp</dimen>
    <dimen name="x256">94.81dp</dimen>
    <dimen name="x257">95.19dp</dimen>
    <dimen name="x258">95.56dp</dimen>
    <dimen name="x259">95.93dp</dimen>
    <dimen name="x260">96.30dp</dimen>
    <dimen name="x261">96.67dp</dimen>
    <dimen name="x262">97.04dp</dimen>
    <dimen name="x263">97.41dp</dimen>
    <dimen name="x264">97.78dp</dimen>
    <dimen name="x265">98.15dp</dimen>
    <dimen name="x266">98.52dp</dimen>
    <dimen name="x267">98.89dp</dimen>
    <dimen name="x268">99.26dp</dimen>
    <dimen name="x269">99.63dp</dimen>
    <dimen name="x270">100.00dp</dimen>
    <dimen name="x271">100.37dp</dimen>
    <dimen name="x272">100.74dp</dimen>
    <dimen name="x273">101.11dp</dimen>
    <dimen name="x274">101.48dp</dimen>
    <dimen name="x275">101.85dp</dimen>
    <dimen name="x276">102.22dp</dimen>
    <dimen name="x277">102.59dp</dimen>
    <dimen name="x278">102.96dp</dimen>
    <dimen name="x279">103.33dp</dimen>
    <dimen name="x280">103.70dp</dimen>
    <dimen name="x281">104.07dp</dimen>
    <dimen name="x282">104.44dp</dimen>
    <dimen name="x283">104.81dp</dimen>
    <dimen name="x284">105.19dp</dimen>
    <dimen name="x285">105.56dp</dimen>
    <dimen name="x286">105.93dp</dimen>
    <dimen name="x287">106.30dp</dimen>
    <dimen name="x288">106.67dp</dimen>
    <dimen name="x289">107.04dp</dimen>
    <dimen name="x290">107.41dp</dimen>
    <dimen name="x291">107.78dp</dimen>
    <dimen name="x292">108.15dp</dimen>
    <dimen name="x293">108.52dp</dimen>
    <dimen name="x294">108.89dp</dimen>
    <dimen name="x295">109.26dp</dimen>
    <dimen name="x296">109.63dp</dimen>
    <dimen name="x297">110.00dp</dimen>
    <dimen name="x298">110.37dp</dimen>
    <dimen name="x299">110.74dp</dimen>
    <dimen name="x300">111.11dp</dimen>
    <dimen name="x301">111.48dp</dimen>
    <dimen name="x302">111.85dp</dimen>
    <dimen name="x303">112.22dp</dimen>
    <dimen name="x304">112.59dp</dimen>
    <dimen name="x305">112.96dp</dimen>
    <dimen name="x306">113.33dp</dimen>
    <dimen name="x307">113.70dp</dimen>
    <dimen name="x308">114.07dp</dimen>
    <dimen name="x309">114.44dp</dimen>
    <dimen name="x310">114.81dp</dimen>
    <dimen name="x311">115.19dp</dimen>
    <dimen name="x312">115.56dp</dimen>
    <dimen name="x313">115.93dp</dimen>
    <dimen name="x314">116.30dp</dimen>
    <dimen name="x315">116.67dp</dimen>
    <dimen name="x316">117.04dp</dimen>
    <dimen name="x317">117.41dp</dimen>
    <dimen name="x318">117.78dp</dimen>
    <dimen name="x319">118.15dp</dimen>
    <dimen name="x320">118.52dp</dimen>
    <dimen name="x321">118.89dp</dimen>
    <dimen name="x322">119.26dp</dimen>
    <dimen name="x323">119.63dp</dimen>
    <dimen name="x324">120.00dp</dimen>
    <dimen name="x325">120.37dp</dimen>
    <dimen name="x326">120.74dp</dimen>
    <dimen name="x327">121.11dp</dimen>
    <dimen name="x328">121.48dp</dimen>
    <dimen name="x329">121.85dp</dimen>
    <dimen name="x330">122.22dp</dimen>
    <dimen name="x331">122.59dp</dimen>
    <dimen name="x332">122.96dp</dimen>
    <dimen name="x333">123.33dp</dimen>
    <dimen name="x334">123.70dp</dimen>
    <dimen name="x335">124.07dp</dimen>
    <dimen name="x336">124.44dp</dimen>
    <dimen name="x337">124.81dp</dimen>
    <dimen name="x338">125.19dp</dimen>
    <dimen name="x339">125.56dp</dimen>
    <dimen name="x340">125.93dp</dimen>
    <dimen name="x341">126.30dp</dimen>
    <dimen name="x342">126.67dp</dimen>
    <dimen name="x343">127.04dp</dimen>
    <dimen name="x344">127.41dp</dimen>
    <dimen name="x345">127.78dp</dimen>
    <dimen name="x346">128.15dp</dimen>
    <dimen name="x347">128.52dp</dimen>
    <dimen name="x348">128.89dp</dimen>
    <dimen name="x349">129.26dp</dimen>
    <dimen name="x350">129.63dp</dimen>
    <dimen name="x351">130.00dp</dimen>
    <dimen name="x352">130.37dp</dimen>
    <dimen name="x353">130.74dp</dimen>
    <dimen name="x354">131.11dp</dimen>
    <dimen name="x355">131.48dp</dimen>
    <dimen name="x356">131.85dp</dimen>
    <dimen name="x357">132.22dp</dimen>
    <dimen name="x358">132.59dp</dimen>
    <dimen name="x359">132.96dp</dimen>
    <dimen name="x360">133.33dp</dimen>
    <dimen name="x361">133.70dp</dimen>
    <dimen name="x362">134.07dp</dimen>
    <dimen name="x363">134.44dp</dimen>
    <dimen name="x364">134.81dp</dimen>
    <dimen name="x365">135.19dp</dimen>
    <dimen name="x366">135.56dp</dimen>
    <dimen name="x367">135.93dp</dimen>
    <dimen name="x368">136.30dp</dimen>
    <dimen name="x369">136.67dp</dimen>
    <dimen name="x370">137.04dp</dimen>
    <dimen name="x371">137.41dp</dimen>
    <dimen name="x372">137.78dp</dimen>
    <dimen name="x373">138.15dp</dimen>
    <dimen name="x374">138.52dp</dimen>
    <dimen name="x375">138.89dp</dimen>
    <dimen name="x376">139.26dp</dimen>
    <dimen name="x377">139.63dp</dimen>
    <dimen name="x378">140.00dp</dimen>
    <dimen name="x379">140.37dp</dimen>
    <dimen name="x380">140.74dp</dimen>
    <dimen name="x381">141.11dp</dimen>
    <dimen name="x382">141.48dp</dimen>
    <dimen name="x383">141.85dp</dimen>
    <dimen name="x384">142.22dp</dimen>
    <dimen name="x385">142.59dp</dimen>
    <dimen name="x386">142.96dp</dimen>
    <dimen name="x387">143.33dp</dimen>
    <dimen name="x388">143.70dp</dimen>
    <dimen name="x389">144.07dp</dimen>
    <dimen name="x390">144.44dp</dimen>
    <dimen name="x391">144.81dp</dimen>
    <dimen name="x392">145.19dp</dimen>
    <dimen name="x393">145.56dp</dimen>
    <dimen name="x394">145.93dp</dimen>
    <dimen name="x395">146.30dp</dimen>
    <dimen name="x396">146.67dp</dimen>
    <dimen name="x397">147.04dp</dimen>
    <dimen name="x398">147.41dp</dimen>
    <dimen name="x399">147.78dp</dimen>
    <dimen name="x400">148.15dp</dimen>
    <dimen name="x401">148.52dp</dimen>
    <dimen name="x402">148.89dp</dimen>
    <dimen name="x403">149.26dp</dimen>
    <dimen name="x404">149.63dp</dimen>
    <dimen name="x405">150.00dp</dimen>
    <dimen name="x406">150.37dp</dimen>
    <dimen name="x407">150.74dp</dimen>
    <dimen name="x408">151.11dp</dimen>
    <dimen name="x409">151.48dp</dimen>
    <dimen name="x410">151.85dp</dimen>
    <dimen name="x411">152.22dp</dimen>
    <dimen name="x412">152.59dp</dimen>
    <dimen name="x413">152.96dp</dimen>
    <dimen name="x414">153.33dp</dimen>
    <dimen name="x415">153.70dp</dimen>
    <dimen name="x416">154.07dp</dimen>
    <dimen name="x417">154.44dp</dimen>
    <dimen name="x418">154.81dp</dimen>
    <dimen name="x419">155.19dp</dimen>
    <dimen name="x420">155.56dp</dimen>
    <dimen name="x421">155.93dp</dimen>
    <dimen name="x422">156.30dp</dimen>
    <dimen name="x423">156.67dp</dimen>
    <dimen name="x424">157.04dp</dimen>
    <dimen name="x425">157.41dp</dimen>
    <dimen name="x426">157.78dp</dimen>
    <dimen name="x427">158.15dp</dimen>
    <dimen name="x428">158.52dp</dimen>
    <dimen name="x429">158.89dp</dimen>
    <dimen name="x430">159.26dp</dimen>
    <dimen name="x431">159.63dp</dimen>
    <dimen name="x432">160.00dp</dimen>
    <dimen name="x433">160.37dp</dimen>
    <dimen name="x434">160.74dp</dimen>
    <dimen name="x435">161.11dp</dimen>
    <dimen name="x436">161.48dp</dimen>
    <dimen name="x437">161.85dp</dimen>
    <dimen name="x438">162.22dp</dimen>
    <dimen name="x439">162.59dp</dimen>
    <dimen name="x440">162.96dp</dimen>
    <dimen name="x441">163.33dp</dimen>
    <dimen name="x442">163.70dp</dimen>
    <dimen name="x443">164.07dp</dimen>
    <dimen name="x444">164.44dp</dimen>
    <dimen name="x445">164.81dp</dimen>
    <dimen name="x446">165.19dp</dimen>
    <dimen name="x447">165.56dp</dimen>
    <dimen name="x448">165.93dp</dimen>
    <dimen name="x449">166.30dp</dimen>
    <dimen name="x450">166.67dp</dimen>
    <dimen name="x451">167.04dp</dimen>
    <dimen name="x452">167.41dp</dimen>
    <dimen name="x453">167.78dp</dimen>
    <dimen name="x454">168.15dp</dimen>
    <dimen name="x455">168.52dp</dimen>
    <dimen name="x456">168.89dp</dimen>
    <dimen name="x457">169.26dp</dimen>
    <dimen name="x458">169.63dp</dimen>
    <dimen name="x459">170.00dp</dimen>
    <dimen name="x460">170.37dp</dimen>
    <dimen name="x461">170.74dp</dimen>
    <dimen name="x462">171.11dp</dimen>
    <dimen name="x463">171.48dp</dimen>
    <dimen name="x464">171.85dp</dimen>
    <dimen name="x465">172.22dp</dimen>
    <dimen name="x466">172.59dp</dimen>
    <dimen name="x467">172.96dp</dimen>
    <dimen name="x468">173.33dp</dimen>
    <dimen name="x469">173.70dp</dimen>
    <dimen name="x470">174.07dp</dimen>
    <dimen name="x471">174.44dp</dimen>
    <dimen name="x472">174.81dp</dimen>
    <dimen name="x473">175.19dp</dimen>
    <dimen name="x474">175.56dp</dimen>
    <dimen name="x475">175.93dp</dimen>
    <dimen name="x476">176.30dp</dimen>
    <dimen name="x477">176.67dp</dimen>
    <dimen name="x478">177.04dp</dimen>
    <dimen name="x479">177.41dp</dimen>
    <dimen name="x480">177.78dp</dimen>
    <dimen name="x481">178.15dp</dimen>
    <dimen name="x482">178.52dp</dimen>
    <dimen name="x483">178.89dp</dimen>
    <dimen name="x484">179.26dp</dimen>
    <dimen name="x485">179.63dp</dimen>
    <dimen name="x486">180.00dp</dimen>
    <dimen name="x487">180.37dp</dimen>
    <dimen name="x488">180.74dp</dimen>
    <dimen name="x489">181.11dp</dimen>
    <dimen name="x490">181.48dp</dimen>
    <dimen name="x491">181.85dp</dimen>
    <dimen name="x492">182.22dp</dimen>
    <dimen name="x493">182.59dp</dimen>
    <dimen name="x494">182.96dp</dimen>
    <dimen name="x495">183.33dp</dimen>
    <dimen name="x496">183.70dp</dimen>
    <dimen name="x497">184.07dp</dimen>
    <dimen name="x498">184.44dp</dimen>
    <dimen name="x499">184.81dp</dimen>
    <dimen name="x500">185.19dp</dimen>
    <dimen name="x501">185.56dp</dimen>
    <dimen name="x502">185.93dp</dimen>
    <dimen name="x503">186.30dp</dimen>
    <dimen name="x504">186.67dp</dimen>
    <dimen name="x505">187.04dp</dimen>
    <dimen name="x506">187.41dp</dimen>
    <dimen name="x507">187.78dp</dimen>
    <dimen name="x508">188.15dp</dimen>
    <dimen name="x509">188.52dp</dimen>
    <dimen name="x510">188.89dp</dimen>
    <dimen name="x511">189.26dp</dimen>
    <dimen name="x512">189.63dp</dimen>
    <dimen name="x513">190.00dp</dimen>
    <dimen name="x514">190.37dp</dimen>
    <dimen name="x515">190.74dp</dimen>
    <dimen name="x516">191.11dp</dimen>
    <dimen name="x517">191.48dp</dimen>
    <dimen name="x518">191.85dp</dimen>
    <dimen name="x519">192.22dp</dimen>
    <dimen name="x520">192.59dp</dimen>
    <dimen name="x521">192.96dp</dimen>
    <dimen name="x522">193.33dp</dimen>
    <dimen name="x523">193.70dp</dimen>
    <dimen name="x524">194.07dp</dimen>
    <dimen name="x525">194.44dp</dimen>
    <dimen name="x526">194.81dp</dimen>
    <dimen name="x527">195.19dp</dimen>
    <dimen name="x528">195.56dp</dimen>
    <dimen name="x529">195.93dp</dimen>
    <dimen name="x530">196.30dp</dimen>
    <dimen name="x531">196.67dp</dimen>
    <dimen name="x532">197.04dp</dimen>
    <dimen name="x533">197.41dp</dimen>
    <dimen name="x534">197.78dp</dimen>
    <dimen name="x535">198.15dp</dimen>
    <dimen name="x536">198.52dp</dimen>
    <dimen name="x537">198.89dp</dimen>
    <dimen name="x538">199.26dp</dimen>
    <dimen name="x539">199.63dp</dimen>
    <dimen name="x540">200.00dp</dimen>
    <dimen name="x541">200.37dp</dimen>
    <dimen name="x542">200.74dp</dimen>
    <dimen name="x543">201.11dp</dimen>
    <dimen name="x544">201.48dp</dimen>
    <dimen name="x545">201.85dp</dimen>
    <dimen name="x546">202.22dp</dimen>
    <dimen name="x547">202.59dp</dimen>
    <dimen name="x548">202.96dp</dimen>
    <dimen name="x549">203.33dp</dimen>
    <dimen name="x550">203.70dp</dimen>
    <dimen name="x551">204.07dp</dimen>
    <dimen name="x552">204.44dp</dimen>
    <dimen name="x553">204.81dp</dimen>
    <dimen name="x554">205.19dp</dimen>
    <dimen name="x555">205.56dp</dimen>
    <dimen name="x556">205.93dp</dimen>
    <dimen name="x557">206.30dp</dimen>
    <dimen name="x558">206.67dp</dimen>
    <dimen name="x559">207.04dp</dimen>
    <dimen name="x560">207.41dp</dimen>
    <dimen name="x561">207.78dp</dimen>
    <dimen name="x562">208.15dp</dimen>
    <dimen name="x563">208.52dp</dimen>
    <dimen name="x564">208.89dp</dimen>
    <dimen name="x565">209.26dp</dimen>
    <dimen name="x566">209.63dp</dimen>
    <dimen name="x567">210.00dp</dimen>
    <dimen name="x568">210.37dp</dimen>
    <dimen name="x569">210.74dp</dimen>
    <dimen name="x570">211.11dp</dimen>
    <dimen name="x571">211.48dp</dimen>
    <dimen name="x572">211.85dp</dimen>
    <dimen name="x573">212.22dp</dimen>
    <dimen name="x574">212.59dp</dimen>
    <dimen name="x575">212.96dp</dimen>
    <dimen name="x576">213.33dp</dimen>
    <dimen name="x577">213.70dp</dimen>
    <dimen name="x578">214.07dp</dimen>
    <dimen name="x579">214.44dp</dimen>
    <dimen name="x580">214.81dp</dimen>
    <dimen name="x581">215.19dp</dimen>
    <dimen name="x582">215.56dp</dimen>
    <dimen name="x583">215.93dp</dimen>
    <dimen name="x584">216.30dp</dimen>
    <dimen name="x585">216.67dp</dimen>
    <dimen name="x586">217.04dp</dimen>
    <dimen name="x587">217.41dp</dimen>
    <dimen name="x588">217.78dp</dimen>
    <dimen name="x589">218.15dp</dimen>
    <dimen name="x590">218.52dp</dimen>
    <dimen name="x591">218.89dp</dimen>
    <dimen name="x592">219.26dp</dimen>
    <dimen name="x593">219.63dp</dimen>
    <dimen name="x594">220.00dp</dimen>
    <dimen name="x595">220.37dp</dimen>
    <dimen name="x596">220.74dp</dimen>
    <dimen name="x597">221.11dp</dimen>
    <dimen name="x598">221.48dp</dimen>
    <dimen name="x599">221.85dp</dimen>
    <dimen name="x600">222.22dp</dimen>
    <dimen name="x601">222.59dp</dimen>
    <dimen name="x602">222.96dp</dimen>
    <dimen name="x603">223.33dp</dimen>
    <dimen name="x604">223.70dp</dimen>
    <dimen name="x605">224.07dp</dimen>
    <dimen name="x606">224.44dp</dimen>
    <dimen name="x607">224.81dp</dimen>
    <dimen name="x608">225.19dp</dimen>
    <dimen name="x609">225.56dp</dimen>
    <dimen name="x610">225.93dp</dimen>
    <dimen name="x611">226.30dp</dimen>
    <dimen name="x612">226.67dp</dimen>
    <dimen name="x613">227.04dp</dimen>
    <dimen name="x614">227.41dp</dimen>
    <dimen name="x615">227.78dp</dimen>
    <dimen name="x616">228.15dp</dimen>
    <dimen name="x617">228.52dp</dimen>
    <dimen name="x618">228.89dp</dimen>
    <dimen name="x619">229.26dp</dimen>
    <dimen name="x620">229.63dp</dimen>
    <dimen name="x621">230.00dp</dimen>
    <dimen name="x622">230.37dp</dimen>
    <dimen name="x623">230.74dp</dimen>
    <dimen name="x624">231.11dp</dimen>
    <dimen name="x625">231.48dp</dimen>
    <dimen name="x626">231.85dp</dimen>
    <dimen name="x627">232.22dp</dimen>
    <dimen name="x628">232.59dp</dimen>
    <dimen name="x629">232.96dp</dimen>
    <dimen name="x630">233.33dp</dimen>
    <dimen name="x631">233.70dp</dimen>
    <dimen name="x632">234.07dp</dimen>
    <dimen name="x633">234.44dp</dimen>
    <dimen name="x634">234.81dp</dimen>
    <dimen name="x635">235.19dp</dimen>
    <dimen name="x636">235.56dp</dimen>
    <dimen name="x637">235.93dp</dimen>
    <dimen name="x638">236.30dp</dimen>
    <dimen name="x639">236.67dp</dimen>
    <dimen name="x640">237.04dp</dimen>
    <dimen name="x641">237.41dp</dimen>
    <dimen name="x642">237.78dp</dimen>
    <dimen name="x643">238.15dp</dimen>
    <dimen name="x644">238.52dp</dimen>
    <dimen name="x645">238.89dp</dimen>
    <dimen name="x646">239.26dp</dimen>
    <dimen name="x647">239.63dp</dimen>
    <dimen name="x648">240.00dp</dimen>
    <dimen name="x649">240.37dp</dimen>
    <dimen name="x650">240.74dp</dimen>
    <dimen name="x651">241.11dp</dimen>
    <dimen name="x652">241.48dp</dimen>
    <dimen name="x653">241.85dp</dimen>
    <dimen name="x654">242.22dp</dimen>
    <dimen name="x655">242.59dp</dimen>
    <dimen name="x656">242.96dp</dimen>
    <dimen name="x657">243.33dp</dimen>
    <dimen name="x658">243.70dp</dimen>
    <dimen name="x659">244.07dp</dimen>
    <dimen name="x660">244.44dp</dimen>
    <dimen name="x661">244.81dp</dimen>
    <dimen name="x662">245.19dp</dimen>
    <dimen name="x663">245.56dp</dimen>
    <dimen name="x664">245.93dp</dimen>
    <dimen name="x665">246.30dp</dimen>
    <dimen name="x666">246.67dp</dimen>
    <dimen name="x667">247.04dp</dimen>
    <dimen name="x668">247.41dp</dimen>
    <dimen name="x669">247.78dp</dimen>
    <dimen name="x670">248.15dp</dimen>
    <dimen name="x671">248.52dp</dimen>
    <dimen name="x672">248.89dp</dimen>
    <dimen name="x673">249.26dp</dimen>
    <dimen name="x674">249.63dp</dimen>
    <dimen name="x675">250.00dp</dimen>
    <dimen name="x676">250.37dp</dimen>
    <dimen name="x677">250.74dp</dimen>
    <dimen name="x678">251.11dp</dimen>
    <dimen name="x679">251.48dp</dimen>
    <dimen name="x680">251.85dp</dimen>
    <dimen name="x681">252.22dp</dimen>
    <dimen name="x682">252.59dp</dimen>
    <dimen name="x683">252.96dp</dimen>
    <dimen name="x684">253.33dp</dimen>
    <dimen name="x685">253.70dp</dimen>
    <dimen name="x686">254.07dp</dimen>
    <dimen name="x687">254.44dp</dimen>
    <dimen name="x688">254.81dp</dimen>
    <dimen name="x689">255.19dp</dimen>
    <dimen name="x690">255.56dp</dimen>
    <dimen name="x691">255.93dp</dimen>
    <dimen name="x692">256.30dp</dimen>
    <dimen name="x693">256.67dp</dimen>
    <dimen name="x694">257.04dp</dimen>
    <dimen name="x695">257.41dp</dimen>
    <dimen name="x696">257.78dp</dimen>
    <dimen name="x697">258.15dp</dimen>
    <dimen name="x698">258.52dp</dimen>
    <dimen name="x699">258.89dp</dimen>
    <dimen name="x700">259.26dp</dimen>
    <dimen name="x701">259.63dp</dimen>
    <dimen name="x702">260.00dp</dimen>
    <dimen name="x703">260.37dp</dimen>
    <dimen name="x704">260.74dp</dimen>
    <dimen name="x705">261.11dp</dimen>
    <dimen name="x706">261.48dp</dimen>
    <dimen name="x707">261.85dp</dimen>
    <dimen name="x708">262.22dp</dimen>
    <dimen name="x709">262.59dp</dimen>
    <dimen name="x710">262.96dp</dimen>
    <dimen name="x711">263.33dp</dimen>
    <dimen name="x712">263.70dp</dimen>
    <dimen name="x713">264.07dp</dimen>
    <dimen name="x714">264.44dp</dimen>
    <dimen name="x715">264.81dp</dimen>
    <dimen name="x716">265.19dp</dimen>
    <dimen name="x717">265.56dp</dimen>
    <dimen name="x718">265.93dp</dimen>
    <dimen name="x719">266.30dp</dimen>
    <dimen name="x720">266.67dp</dimen>
    <dimen name="x721">267.04dp</dimen>
    <dimen name="x722">267.41dp</dimen>
    <dimen name="x723">267.78dp</dimen>
    <dimen name="x724">268.15dp</dimen>
    <dimen name="x725">268.52dp</dimen>
    <dimen name="x726">268.89dp</dimen>
    <dimen name="x727">269.26dp</dimen>
    <dimen name="x728">269.63dp</dimen>
    <dimen name="x729">270.00dp</dimen>
    <dimen name="x730">270.37dp</dimen>
    <dimen name="x731">270.74dp</dimen>
    <dimen name="x732">271.11dp</dimen>
    <dimen name="x733">271.48dp</dimen>
    <dimen name="x734">271.85dp</dimen>
    <dimen name="x735">272.22dp</dimen>
    <dimen name="x736">272.59dp</dimen>
    <dimen name="x737">272.96dp</dimen>
    <dimen name="x738">273.33dp</dimen>
    <dimen name="x739">273.70dp</dimen>
    <dimen name="x740">274.07dp</dimen>
    <dimen name="x741">274.44dp</dimen>
    <dimen name="x742">274.81dp</dimen>
    <dimen name="x743">275.19dp</dimen>
    <dimen name="x744">275.56dp</dimen>
    <dimen name="x745">275.93dp</dimen>
    <dimen name="x746">276.30dp</dimen>
    <dimen name="x747">276.67dp</dimen>
    <dimen name="x748">277.04dp</dimen>
    <dimen name="x749">277.41dp</dimen>
    <dimen name="x750">277.78dp</dimen>
    <dimen name="x751">278.15dp</dimen>
    <dimen name="x752">278.52dp</dimen>
    <dimen name="x753">278.89dp</dimen>
    <dimen name="x754">279.26dp</dimen>
    <dimen name="x755">279.63dp</dimen>
    <dimen name="x756">280.00dp</dimen>
    <dimen name="x757">280.37dp</dimen>
    <dimen name="x758">280.74dp</dimen>
    <dimen name="x759">281.11dp</dimen>
    <dimen name="x760">281.48dp</dimen>
    <dimen name="x761">281.85dp</dimen>
    <dimen name="x762">282.22dp</dimen>
    <dimen name="x763">282.59dp</dimen>
    <dimen name="x764">282.96dp</dimen>
    <dimen name="x765">283.33dp</dimen>
    <dimen name="x766">283.70dp</dimen>
    <dimen name="x767">284.07dp</dimen>
    <dimen name="x768">284.44dp</dimen>
    <dimen name="x769">284.81dp</dimen>
    <dimen name="x770">285.19dp</dimen>
    <dimen name="x771">285.56dp</dimen>
    <dimen name="x772">285.93dp</dimen>
    <dimen name="x773">286.30dp</dimen>
    <dimen name="x774">286.67dp</dimen>
    <dimen name="x775">287.04dp</dimen>
    <dimen name="x776">287.41dp</dimen>
    <dimen name="x777">287.78dp</dimen>
    <dimen name="x778">288.15dp</dimen>
    <dimen name="x779">288.52dp</dimen>
    <dimen name="x780">288.89dp</dimen>
    <dimen name="x781">289.26dp</dimen>
    <dimen name="x782">289.63dp</dimen>
    <dimen name="x783">290.00dp</dimen>
    <dimen name="x784">290.37dp</dimen>
    <dimen name="x785">290.74dp</dimen>
    <dimen name="x786">291.11dp</dimen>
    <dimen name="x787">291.48dp</dimen>
    <dimen name="x788">291.85dp</dimen>
    <dimen name="x789">292.22dp</dimen>
    <dimen name="x790">292.59dp</dimen>
    <dimen name="x791">292.96dp</dimen>
    <dimen name="x792">293.33dp</dimen>
    <dimen name="x793">293.70dp</dimen>
    <dimen name="x794">294.07dp</dimen>
    <dimen name="x795">294.44dp</dimen>
    <dimen name="x796">294.81dp</dimen>
    <dimen name="x797">295.19dp</dimen>
    <dimen name="x798">295.56dp</dimen>
    <dimen name="x799">295.93dp</dimen>
    <dimen name="x800">296.30dp</dimen>
    <dimen name="x801">296.67dp</dimen>
    <dimen name="x802">297.04dp</dimen>
    <dimen name="x803">297.41dp</dimen>
    <dimen name="x804">297.78dp</dimen>
    <dimen name="x805">298.15dp</dimen>
    <dimen name="x806">298.52dp</dimen>
    <dimen name="x807">298.89dp</dimen>
    <dimen name="x808">299.26dp</dimen>
    <dimen name="x809">299.63dp</dimen>
    <dimen name="x810">300.00dp</dimen>
    <dimen name="x811">300.37dp</dimen>
    <dimen name="x812">300.74dp</dimen>
    <dimen name="x813">301.11dp</dimen>
    <dimen name="x814">301.48dp</dimen>
    <dimen name="x815">301.85dp</dimen>
    <dimen name="x816">302.22dp</dimen>
    <dimen name="x817">302.59dp</dimen>
    <dimen name="x818">302.96dp</dimen>
    <dimen name="x819">303.33dp</dimen>
    <dimen name="x820">303.70dp</dimen>
    <dimen name="x821">304.07dp</dimen>
    <dimen name="x822">304.44dp</dimen>
    <dimen name="x823">304.81dp</dimen>
    <dimen name="x824">305.19dp</dimen>
    <dimen name="x825">305.56dp</dimen>
    <dimen name="x826">305.93dp</dimen>
    <dimen name="x827">306.30dp</dimen>
    <dimen name="x828">306.67dp</dimen>
    <dimen name="x829">307.04dp</dimen>
    <dimen name="x830">307.41dp</dimen>
    <dimen name="x831">307.78dp</dimen>
    <dimen name="x832">308.15dp</dimen>
    <dimen name="x833">308.52dp</dimen>
    <dimen name="x834">308.89dp</dimen>
    <dimen name="x835">309.26dp</dimen>
    <dimen name="x836">309.63dp</dimen>
    <dimen name="x837">310.00dp</dimen>
    <dimen name="x838">310.37dp</dimen>
    <dimen name="x839">310.74dp</dimen>
    <dimen name="x840">311.11dp</dimen>
    <dimen name="x841">311.48dp</dimen>
    <dimen name="x842">311.85dp</dimen>
    <dimen name="x843">312.22dp</dimen>
    <dimen name="x844">312.59dp</dimen>
    <dimen name="x845">312.96dp</dimen>
    <dimen name="x846">313.33dp</dimen>
    <dimen name="x847">313.70dp</dimen>
    <dimen name="x848">314.07dp</dimen>
    <dimen name="x849">314.44dp</dimen>
    <dimen name="x850">314.81dp</dimen>
    <dimen name="x851">315.19dp</dimen>
    <dimen name="x852">315.56dp</dimen>
    <dimen name="x853">315.93dp</dimen>
    <dimen name="x854">316.30dp</dimen>
    <dimen name="x855">316.67dp</dimen>
    <dimen name="x856">317.04dp</dimen>
    <dimen name="x857">317.41dp</dimen>
    <dimen name="x858">317.78dp</dimen>
    <dimen name="x859">318.15dp</dimen>
    <dimen name="x860">318.52dp</dimen>
    <dimen name="x861">318.89dp</dimen>
    <dimen name="x862">319.26dp</dimen>
    <dimen name="x863">319.63dp</dimen>
    <dimen name="x864">320.00dp</dimen>
    <dimen name="x865">320.37dp</dimen>
    <dimen name="x866">320.74dp</dimen>
    <dimen name="x867">321.11dp</dimen>
    <dimen name="x868">321.48dp</dimen>
    <dimen name="x869">321.85dp</dimen>
    <dimen name="x870">322.22dp</dimen>
    <dimen name="x871">322.59dp</dimen>
    <dimen name="x872">322.96dp</dimen>
    <dimen name="x873">323.33dp</dimen>
    <dimen name="x874">323.70dp</dimen>
    <dimen name="x875">324.07dp</dimen>
    <dimen name="x876">324.44dp</dimen>
    <dimen name="x877">324.81dp</dimen>
    <dimen name="x878">325.19dp</dimen>
    <dimen name="x879">325.56dp</dimen>
    <dimen name="x880">325.93dp</dimen>
    <dimen name="x881">326.30dp</dimen>
    <dimen name="x882">326.67dp</dimen>
    <dimen name="x883">327.04dp</dimen>
    <dimen name="x884">327.41dp</dimen>
    <dimen name="x885">327.78dp</dimen>
    <dimen name="x886">328.15dp</dimen>
    <dimen name="x887">328.52dp</dimen>
    <dimen name="x888">328.89dp</dimen>
    <dimen name="x889">329.26dp</dimen>
    <dimen name="x890">329.63dp</dimen>
    <dimen name="x891">330.00dp</dimen>
    <dimen name="x892">330.37dp</dimen>
    <dimen name="x893">330.74dp</dimen>
    <dimen name="x894">331.11dp</dimen>
    <dimen name="x895">331.48dp</dimen>
    <dimen name="x896">331.85dp</dimen>
    <dimen name="x897">332.22dp</dimen>
    <dimen name="x898">332.59dp</dimen>
    <dimen name="x899">332.96dp</dimen>
    <dimen name="x900">333.33dp</dimen>
    <dimen name="x901">333.70dp</dimen>
    <dimen name="x902">334.07dp</dimen>
    <dimen name="x903">334.44dp</dimen>
    <dimen name="x904">334.81dp</dimen>
    <dimen name="x905">335.19dp</dimen>
    <dimen name="x906">335.56dp</dimen>
    <dimen name="x907">335.93dp</dimen>
    <dimen name="x908">336.30dp</dimen>
    <dimen name="x909">336.67dp</dimen>
    <dimen name="x910">337.04dp</dimen>
    <dimen name="x911">337.41dp</dimen>
    <dimen name="x912">337.78dp</dimen>
    <dimen name="x913">338.15dp</dimen>
    <dimen name="x914">338.52dp</dimen>
    <dimen name="x915">338.89dp</dimen>
    <dimen name="x916">339.26dp</dimen>
    <dimen name="x917">339.63dp</dimen>
    <dimen name="x918">340.00dp</dimen>
    <dimen name="x919">340.37dp</dimen>
    <dimen name="x920">340.74dp</dimen>
    <dimen name="x921">341.11dp</dimen>
    <dimen name="x922">341.48dp</dimen>
    <dimen name="x923">341.85dp</dimen>
    <dimen name="x924">342.22dp</dimen>
    <dimen name="x925">342.59dp</dimen>
    <dimen name="x926">342.96dp</dimen>
    <dimen name="x927">343.33dp</dimen>
    <dimen name="x928">343.70dp</dimen>
    <dimen name="x929">344.07dp</dimen>
    <dimen name="x930">344.44dp</dimen>
    <dimen name="x931">344.81dp</dimen>
    <dimen name="x932">345.19dp</dimen>
    <dimen name="x933">345.56dp</dimen>
    <dimen name="x934">345.93dp</dimen>
    <dimen name="x935">346.30dp</dimen>
    <dimen name="x936">346.67dp</dimen>
    <dimen name="x937">347.04dp</dimen>
    <dimen name="x938">347.41dp</dimen>
    <dimen name="x939">347.78dp</dimen>
    <dimen name="x940">348.15dp</dimen>
    <dimen name="x941">348.52dp</dimen>
    <dimen name="x942">348.89dp</dimen>
    <dimen name="x943">349.26dp</dimen>
    <dimen name="x944">349.63dp</dimen>
    <dimen name="x945">350.00dp</dimen>
    <dimen name="x946">350.37dp</dimen>
    <dimen name="x947">350.74dp</dimen>
    <dimen name="x948">351.11dp</dimen>
    <dimen name="x949">351.48dp</dimen>
    <dimen name="x950">351.85dp</dimen>
    <dimen name="x951">352.22dp</dimen>
    <dimen name="x952">352.59dp</dimen>
    <dimen name="x953">352.96dp</dimen>
    <dimen name="x954">353.33dp</dimen>
    <dimen name="x955">353.70dp</dimen>
    <dimen name="x956">354.07dp</dimen>
    <dimen name="x957">354.44dp</dimen>
    <dimen name="x958">354.81dp</dimen>
    <dimen name="x959">355.19dp</dimen>
    <dimen name="x960">355.56dp</dimen>
    <dimen name="x961">355.93dp</dimen>
    <dimen name="x962">356.30dp</dimen>
    <dimen name="x963">356.67dp</dimen>
    <dimen name="x964">357.04dp</dimen>
    <dimen name="x965">357.41dp</dimen>
    <dimen name="x966">357.78dp</dimen>
    <dimen name="x967">358.15dp</dimen>
    <dimen name="x968">358.52dp</dimen>
    <dimen name="x969">358.89dp</dimen>
    <dimen name="x970">359.26dp</dimen>
    <dimen name="x971">359.63dp</dimen>
    <dimen name="x972">360.00dp</dimen>
    <dimen name="x973">360.37dp</dimen>
    <dimen name="x974">360.74dp</dimen>
    <dimen name="x975">361.11dp</dimen>
    <dimen name="x976">361.48dp</dimen>
    <dimen name="x977">361.85dp</dimen>
    <dimen name="x978">362.22dp</dimen>
    <dimen name="x979">362.59dp</dimen>
    <dimen name="x980">362.96dp</dimen>
    <dimen name="x981">363.33dp</dimen>
    <dimen name="x982">363.70dp</dimen>
    <dimen name="x983">364.07dp</dimen>
    <dimen name="x984">364.44dp</dimen>
    <dimen name="x985">364.81dp</dimen>
    <dimen name="x986">365.19dp</dimen>
    <dimen name="x987">365.56dp</dimen>
    <dimen name="x988">365.93dp</dimen>
    <dimen name="x989">366.30dp</dimen>
    <dimen name="x990">366.67dp</dimen>
    <dimen name="x991">367.04dp</dimen>
    <dimen name="x992">367.41dp</dimen>
    <dimen name="x993">367.78dp</dimen>
    <dimen name="x994">368.15dp</dimen>
    <dimen name="x995">368.52dp</dimen>
    <dimen name="x996">368.89dp</dimen>
    <dimen name="x997">369.26dp</dimen>
    <dimen name="x998">369.63dp</dimen>
    <dimen name="x999">370.00dp</dimen>
    <dimen name="x1000">370.37dp</dimen>
    <dimen name="x1001">370.74dp</dimen>
    <dimen name="x1002">371.11dp</dimen>
    <dimen name="x1003">371.48dp</dimen>
    <dimen name="x1004">371.85dp</dimen>
    <dimen name="x1005">372.22dp</dimen>
    <dimen name="x1006">372.59dp</dimen>
    <dimen name="x1007">372.96dp</dimen>
    <dimen name="x1008">373.33dp</dimen>
    <dimen name="x1009">373.70dp</dimen>
    <dimen name="x1010">374.07dp</dimen>
    <dimen name="x1011">374.44dp</dimen>
    <dimen name="x1012">374.81dp</dimen>
    <dimen name="x1013">375.19dp</dimen>
    <dimen name="x1014">375.56dp</dimen>
    <dimen name="x1015">375.93dp</dimen>
    <dimen name="x1016">376.30dp</dimen>
    <dimen name="x1017">376.67dp</dimen>
    <dimen name="x1018">377.04dp</dimen>
    <dimen name="x1019">377.41dp</dimen>
    <dimen name="x1020">377.78dp</dimen>
    <dimen name="x1021">378.15dp</dimen>
    <dimen name="x1022">378.52dp</dimen>
    <dimen name="x1023">378.89dp</dimen>
    <dimen name="x1024">379.26dp</dimen>
    <dimen name="x1025">379.63dp</dimen>
    <dimen name="x1026">380.00dp</dimen>
    <dimen name="x1027">380.37dp</dimen>
    <dimen name="x1028">380.74dp</dimen>
    <dimen name="x1029">381.11dp</dimen>
    <dimen name="x1030">381.48dp</dimen>
    <dimen name="x1031">381.85dp</dimen>
    <dimen name="x1032">382.22dp</dimen>
    <dimen name="x1033">382.59dp</dimen>
    <dimen name="x1034">382.96dp</dimen>
    <dimen name="x1035">383.33dp</dimen>
    <dimen name="x1036">383.70dp</dimen>
    <dimen name="x1037">384.07dp</dimen>
    <dimen name="x1038">384.44dp</dimen>
    <dimen name="x1039">384.81dp</dimen>
    <dimen name="x1040">385.19dp</dimen>
    <dimen name="x1041">385.56dp</dimen>
    <dimen name="x1042">385.93dp</dimen>
    <dimen name="x1043">386.30dp</dimen>
    <dimen name="x1044">386.67dp</dimen>
    <dimen name="x1045">387.04dp</dimen>
    <dimen name="x1046">387.41dp</dimen>
    <dimen name="x1047">387.78dp</dimen>
    <dimen name="x1048">388.15dp</dimen>
    <dimen name="x1049">388.52dp</dimen>
    <dimen name="x1050">388.89dp</dimen>
    <dimen name="x1051">389.26dp</dimen>
    <dimen name="x1052">389.63dp</dimen>
    <dimen name="x1053">390.00dp</dimen>
    <dimen name="x1054">390.37dp</dimen>
    <dimen name="x1055">390.74dp</dimen>
    <dimen name="x1056">391.11dp</dimen>
    <dimen name="x1057">391.48dp</dimen>
    <dimen name="x1058">391.85dp</dimen>
    <dimen name="x1059">392.22dp</dimen>
    <dimen name="x1060">392.59dp</dimen>
    <dimen name="x1061">392.96dp</dimen>
    <dimen name="x1062">393.33dp</dimen>
    <dimen name="x1063">393.70dp</dimen>
    <dimen name="x1064">394.07dp</dimen>
    <dimen name="x1065">394.44dp</dimen>
    <dimen name="x1066">394.81dp</dimen>
    <dimen name="x1067">395.19dp</dimen>
    <dimen name="x1068">395.56dp</dimen>
    <dimen name="x1069">395.93dp</dimen>
    <dimen name="x1070">396.30dp</dimen>
    <dimen name="x1071">396.67dp</dimen>
    <dimen name="x1072">397.04dp</dimen>
    <dimen name="x1073">397.41dp</dimen>
    <dimen name="x1074">397.78dp</dimen>
    <dimen name="x1075">398.15dp</dimen>
    <dimen name="x1076">398.52dp</dimen>
    <dimen name="x1077">398.89dp</dimen>
    <dimen name="x1078">399.26dp</dimen>
    <dimen name="x1079">399.63dp</dimen>
    <dimen name="x1080">400.00dp</dimen>
</resources>