<?xml version="1.0" encoding="utf-8"?>
<resources>
    <string name="sw_dp">760dp</string>
    <dimen name="x1">0.70dp</dimen>
    <dimen name="x2">1.41dp</dimen>
    <dimen name="x3">2.11dp</dimen>
    <dimen name="x4">2.81dp</dimen>
    <dimen name="x5">3.52dp</dimen>
    <dimen name="x6">4.22dp</dimen>
    <dimen name="x7">4.93dp</dimen>
    <dimen name="x8">5.63dp</dimen>
    <dimen name="x9">6.33dp</dimen>
    <dimen name="x10">7.04dp</dimen>
    <dimen name="x11">7.74dp</dimen>
    <dimen name="x12">8.44dp</dimen>
    <dimen name="x13">9.15dp</dimen>
    <dimen name="x14">9.85dp</dimen>
    <dimen name="x15">10.56dp</dimen>
    <dimen name="x16">11.26dp</dimen>
    <dimen name="x17">11.96dp</dimen>
    <dimen name="x18">12.67dp</dimen>
    <dimen name="x19">13.37dp</dimen>
    <dimen name="x20">14.07dp</dimen>
    <dimen name="x21">14.78dp</dimen>
    <dimen name="x22">15.48dp</dimen>
    <dimen name="x23">16.19dp</dimen>
    <dimen name="x24">16.89dp</dimen>
    <dimen name="x25">17.59dp</dimen>
    <dimen name="x26">18.30dp</dimen>
    <dimen name="x27">19.00dp</dimen>
    <dimen name="x28">19.70dp</dimen>
    <dimen name="x29">20.41dp</dimen>
    <dimen name="x30">21.11dp</dimen>
    <dimen name="x31">21.81dp</dimen>
    <dimen name="x32">22.52dp</dimen>
    <dimen name="x33">23.22dp</dimen>
    <dimen name="x34">23.93dp</dimen>
    <dimen name="x35">24.63dp</dimen>
    <dimen name="x36">25.33dp</dimen>
    <dimen name="x37">26.04dp</dimen>
    <dimen name="x38">26.74dp</dimen>
    <dimen name="x39">27.44dp</dimen>
    <dimen name="x40">28.15dp</dimen>
    <dimen name="x41">28.85dp</dimen>
    <dimen name="x42">29.56dp</dimen>
    <dimen name="x43">30.26dp</dimen>
    <dimen name="x44">30.96dp</dimen>
    <dimen name="x45">31.67dp</dimen>
    <dimen name="x46">32.37dp</dimen>
    <dimen name="x47">33.07dp</dimen>
    <dimen name="x48">33.78dp</dimen>
    <dimen name="x49">34.48dp</dimen>
    <dimen name="x50">35.19dp</dimen>
    <dimen name="x51">35.89dp</dimen>
    <dimen name="x52">36.59dp</dimen>
    <dimen name="x53">37.30dp</dimen>
    <dimen name="x54">38.00dp</dimen>
    <dimen name="x55">38.70dp</dimen>
    <dimen name="x56">39.41dp</dimen>
    <dimen name="x57">40.11dp</dimen>
    <dimen name="x58">40.81dp</dimen>
    <dimen name="x59">41.52dp</dimen>
    <dimen name="x60">42.22dp</dimen>
    <dimen name="x61">42.93dp</dimen>
    <dimen name="x62">43.63dp</dimen>
    <dimen name="x63">44.33dp</dimen>
    <dimen name="x64">45.04dp</dimen>
    <dimen name="x65">45.74dp</dimen>
    <dimen name="x66">46.44dp</dimen>
    <dimen name="x67">47.15dp</dimen>
    <dimen name="x68">47.85dp</dimen>
    <dimen name="x69">48.56dp</dimen>
    <dimen name="x70">49.26dp</dimen>
    <dimen name="x71">49.96dp</dimen>
    <dimen name="x72">50.67dp</dimen>
    <dimen name="x73">51.37dp</dimen>
    <dimen name="x74">52.07dp</dimen>
    <dimen name="x75">52.78dp</dimen>
    <dimen name="x76">53.48dp</dimen>
    <dimen name="x77">54.19dp</dimen>
    <dimen name="x78">54.89dp</dimen>
    <dimen name="x79">55.59dp</dimen>
    <dimen name="x80">56.30dp</dimen>
    <dimen name="x81">57.00dp</dimen>
    <dimen name="x82">57.70dp</dimen>
    <dimen name="x83">58.41dp</dimen>
    <dimen name="x84">59.11dp</dimen>
    <dimen name="x85">59.81dp</dimen>
    <dimen name="x86">60.52dp</dimen>
    <dimen name="x87">61.22dp</dimen>
    <dimen name="x88">61.93dp</dimen>
    <dimen name="x89">62.63dp</dimen>
    <dimen name="x90">63.33dp</dimen>
    <dimen name="x91">64.04dp</dimen>
    <dimen name="x92">64.74dp</dimen>
    <dimen name="x93">65.44dp</dimen>
    <dimen name="x94">66.15dp</dimen>
    <dimen name="x95">66.85dp</dimen>
    <dimen name="x96">67.56dp</dimen>
    <dimen name="x97">68.26dp</dimen>
    <dimen name="x98">68.96dp</dimen>
    <dimen name="x99">69.67dp</dimen>
    <dimen name="x100">70.37dp</dimen>
    <dimen name="x101">71.07dp</dimen>
    <dimen name="x102">71.78dp</dimen>
    <dimen name="x103">72.48dp</dimen>
    <dimen name="x104">73.19dp</dimen>
    <dimen name="x105">73.89dp</dimen>
    <dimen name="x106">74.59dp</dimen>
    <dimen name="x107">75.30dp</dimen>
    <dimen name="x108">76.00dp</dimen>
    <dimen name="x109">76.70dp</dimen>
    <dimen name="x110">77.41dp</dimen>
    <dimen name="x111">78.11dp</dimen>
    <dimen name="x112">78.81dp</dimen>
    <dimen name="x113">79.52dp</dimen>
    <dimen name="x114">80.22dp</dimen>
    <dimen name="x115">80.93dp</dimen>
    <dimen name="x116">81.63dp</dimen>
    <dimen name="x117">82.33dp</dimen>
    <dimen name="x118">83.04dp</dimen>
    <dimen name="x119">83.74dp</dimen>
    <dimen name="x120">84.44dp</dimen>
    <dimen name="x121">85.15dp</dimen>
    <dimen name="x122">85.85dp</dimen>
    <dimen name="x123">86.56dp</dimen>
    <dimen name="x124">87.26dp</dimen>
    <dimen name="x125">87.96dp</dimen>
    <dimen name="x126">88.67dp</dimen>
    <dimen name="x127">89.37dp</dimen>
    <dimen name="x128">90.07dp</dimen>
    <dimen name="x129">90.78dp</dimen>
    <dimen name="x130">91.48dp</dimen>
    <dimen name="x131">92.19dp</dimen>
    <dimen name="x132">92.89dp</dimen>
    <dimen name="x133">93.59dp</dimen>
    <dimen name="x134">94.30dp</dimen>
    <dimen name="x135">95.00dp</dimen>
    <dimen name="x136">95.70dp</dimen>
    <dimen name="x137">96.41dp</dimen>
    <dimen name="x138">97.11dp</dimen>
    <dimen name="x139">97.81dp</dimen>
    <dimen name="x140">98.52dp</dimen>
    <dimen name="x141">99.22dp</dimen>
    <dimen name="x142">99.93dp</dimen>
    <dimen name="x143">100.63dp</dimen>
    <dimen name="x144">101.33dp</dimen>
    <dimen name="x145">102.04dp</dimen>
    <dimen name="x146">102.74dp</dimen>
    <dimen name="x147">103.44dp</dimen>
    <dimen name="x148">104.15dp</dimen>
    <dimen name="x149">104.85dp</dimen>
    <dimen name="x150">105.56dp</dimen>
    <dimen name="x151">106.26dp</dimen>
    <dimen name="x152">106.96dp</dimen>
    <dimen name="x153">107.67dp</dimen>
    <dimen name="x154">108.37dp</dimen>
    <dimen name="x155">109.07dp</dimen>
    <dimen name="x156">109.78dp</dimen>
    <dimen name="x157">110.48dp</dimen>
    <dimen name="x158">111.19dp</dimen>
    <dimen name="x159">111.89dp</dimen>
    <dimen name="x160">112.59dp</dimen>
    <dimen name="x161">113.30dp</dimen>
    <dimen name="x162">114.00dp</dimen>
    <dimen name="x163">114.70dp</dimen>
    <dimen name="x164">115.41dp</dimen>
    <dimen name="x165">116.11dp</dimen>
    <dimen name="x166">116.81dp</dimen>
    <dimen name="x167">117.52dp</dimen>
    <dimen name="x168">118.22dp</dimen>
    <dimen name="x169">118.93dp</dimen>
    <dimen name="x170">119.63dp</dimen>
    <dimen name="x171">120.33dp</dimen>
    <dimen name="x172">121.04dp</dimen>
    <dimen name="x173">121.74dp</dimen>
    <dimen name="x174">122.44dp</dimen>
    <dimen name="x175">123.15dp</dimen>
    <dimen name="x176">123.85dp</dimen>
    <dimen name="x177">124.56dp</dimen>
    <dimen name="x178">125.26dp</dimen>
    <dimen name="x179">125.96dp</dimen>
    <dimen name="x180">126.67dp</dimen>
    <dimen name="x181">127.37dp</dimen>
    <dimen name="x182">128.07dp</dimen>
    <dimen name="x183">128.78dp</dimen>
    <dimen name="x184">129.48dp</dimen>
    <dimen name="x185">130.19dp</dimen>
    <dimen name="x186">130.89dp</dimen>
    <dimen name="x187">131.59dp</dimen>
    <dimen name="x188">132.30dp</dimen>
    <dimen name="x189">133.00dp</dimen>
    <dimen name="x190">133.70dp</dimen>
    <dimen name="x191">134.41dp</dimen>
    <dimen name="x192">135.11dp</dimen>
    <dimen name="x193">135.81dp</dimen>
    <dimen name="x194">136.52dp</dimen>
    <dimen name="x195">137.22dp</dimen>
    <dimen name="x196">137.93dp</dimen>
    <dimen name="x197">138.63dp</dimen>
    <dimen name="x198">139.33dp</dimen>
    <dimen name="x199">140.04dp</dimen>
    <dimen name="x200">140.74dp</dimen>
    <dimen name="x201">141.44dp</dimen>
    <dimen name="x202">142.15dp</dimen>
    <dimen name="x203">142.85dp</dimen>
    <dimen name="x204">143.56dp</dimen>
    <dimen name="x205">144.26dp</dimen>
    <dimen name="x206">144.96dp</dimen>
    <dimen name="x207">145.67dp</dimen>
    <dimen name="x208">146.37dp</dimen>
    <dimen name="x209">147.07dp</dimen>
    <dimen name="x210">147.78dp</dimen>
    <dimen name="x211">148.48dp</dimen>
    <dimen name="x212">149.19dp</dimen>
    <dimen name="x213">149.89dp</dimen>
    <dimen name="x214">150.59dp</dimen>
    <dimen name="x215">151.30dp</dimen>
    <dimen name="x216">152.00dp</dimen>
    <dimen name="x217">152.70dp</dimen>
    <dimen name="x218">153.41dp</dimen>
    <dimen name="x219">154.11dp</dimen>
    <dimen name="x220">154.81dp</dimen>
    <dimen name="x221">155.52dp</dimen>
    <dimen name="x222">156.22dp</dimen>
    <dimen name="x223">156.93dp</dimen>
    <dimen name="x224">157.63dp</dimen>
    <dimen name="x225">158.33dp</dimen>
    <dimen name="x226">159.04dp</dimen>
    <dimen name="x227">159.74dp</dimen>
    <dimen name="x228">160.44dp</dimen>
    <dimen name="x229">161.15dp</dimen>
    <dimen name="x230">161.85dp</dimen>
    <dimen name="x231">162.56dp</dimen>
    <dimen name="x232">163.26dp</dimen>
    <dimen name="x233">163.96dp</dimen>
    <dimen name="x234">164.67dp</dimen>
    <dimen name="x235">165.37dp</dimen>
    <dimen name="x236">166.07dp</dimen>
    <dimen name="x237">166.78dp</dimen>
    <dimen name="x238">167.48dp</dimen>
    <dimen name="x239">168.19dp</dimen>
    <dimen name="x240">168.89dp</dimen>
    <dimen name="x241">169.59dp</dimen>
    <dimen name="x242">170.30dp</dimen>
    <dimen name="x243">171.00dp</dimen>
    <dimen name="x244">171.70dp</dimen>
    <dimen name="x245">172.41dp</dimen>
    <dimen name="x246">173.11dp</dimen>
    <dimen name="x247">173.81dp</dimen>
    <dimen name="x248">174.52dp</dimen>
    <dimen name="x249">175.22dp</dimen>
    <dimen name="x250">175.93dp</dimen>
    <dimen name="x251">176.63dp</dimen>
    <dimen name="x252">177.33dp</dimen>
    <dimen name="x253">178.04dp</dimen>
    <dimen name="x254">178.74dp</dimen>
    <dimen name="x255">179.44dp</dimen>
    <dimen name="x256">180.15dp</dimen>
    <dimen name="x257">180.85dp</dimen>
    <dimen name="x258">181.56dp</dimen>
    <dimen name="x259">182.26dp</dimen>
    <dimen name="x260">182.96dp</dimen>
    <dimen name="x261">183.67dp</dimen>
    <dimen name="x262">184.37dp</dimen>
    <dimen name="x263">185.07dp</dimen>
    <dimen name="x264">185.78dp</dimen>
    <dimen name="x265">186.48dp</dimen>
    <dimen name="x266">187.19dp</dimen>
    <dimen name="x267">187.89dp</dimen>
    <dimen name="x268">188.59dp</dimen>
    <dimen name="x269">189.30dp</dimen>
    <dimen name="x270">190.00dp</dimen>
    <dimen name="x271">190.70dp</dimen>
    <dimen name="x272">191.41dp</dimen>
    <dimen name="x273">192.11dp</dimen>
    <dimen name="x274">192.81dp</dimen>
    <dimen name="x275">193.52dp</dimen>
    <dimen name="x276">194.22dp</dimen>
    <dimen name="x277">194.93dp</dimen>
    <dimen name="x278">195.63dp</dimen>
    <dimen name="x279">196.33dp</dimen>
    <dimen name="x280">197.04dp</dimen>
    <dimen name="x281">197.74dp</dimen>
    <dimen name="x282">198.44dp</dimen>
    <dimen name="x283">199.15dp</dimen>
    <dimen name="x284">199.85dp</dimen>
    <dimen name="x285">200.56dp</dimen>
    <dimen name="x286">201.26dp</dimen>
    <dimen name="x287">201.96dp</dimen>
    <dimen name="x288">202.67dp</dimen>
    <dimen name="x289">203.37dp</dimen>
    <dimen name="x290">204.07dp</dimen>
    <dimen name="x291">204.78dp</dimen>
    <dimen name="x292">205.48dp</dimen>
    <dimen name="x293">206.19dp</dimen>
    <dimen name="x294">206.89dp</dimen>
    <dimen name="x295">207.59dp</dimen>
    <dimen name="x296">208.30dp</dimen>
    <dimen name="x297">209.00dp</dimen>
    <dimen name="x298">209.70dp</dimen>
    <dimen name="x299">210.41dp</dimen>
    <dimen name="x300">211.11dp</dimen>
    <dimen name="x301">211.81dp</dimen>
    <dimen name="x302">212.52dp</dimen>
    <dimen name="x303">213.22dp</dimen>
    <dimen name="x304">213.93dp</dimen>
    <dimen name="x305">214.63dp</dimen>
    <dimen name="x306">215.33dp</dimen>
    <dimen name="x307">216.04dp</dimen>
    <dimen name="x308">216.74dp</dimen>
    <dimen name="x309">217.44dp</dimen>
    <dimen name="x310">218.15dp</dimen>
    <dimen name="x311">218.85dp</dimen>
    <dimen name="x312">219.56dp</dimen>
    <dimen name="x313">220.26dp</dimen>
    <dimen name="x314">220.96dp</dimen>
    <dimen name="x315">221.67dp</dimen>
    <dimen name="x316">222.37dp</dimen>
    <dimen name="x317">223.07dp</dimen>
    <dimen name="x318">223.78dp</dimen>
    <dimen name="x319">224.48dp</dimen>
    <dimen name="x320">225.19dp</dimen>
    <dimen name="x321">225.89dp</dimen>
    <dimen name="x322">226.59dp</dimen>
    <dimen name="x323">227.30dp</dimen>
    <dimen name="x324">228.00dp</dimen>
    <dimen name="x325">228.70dp</dimen>
    <dimen name="x326">229.41dp</dimen>
    <dimen name="x327">230.11dp</dimen>
    <dimen name="x328">230.81dp</dimen>
    <dimen name="x329">231.52dp</dimen>
    <dimen name="x330">232.22dp</dimen>
    <dimen name="x331">232.93dp</dimen>
    <dimen name="x332">233.63dp</dimen>
    <dimen name="x333">234.33dp</dimen>
    <dimen name="x334">235.04dp</dimen>
    <dimen name="x335">235.74dp</dimen>
    <dimen name="x336">236.44dp</dimen>
    <dimen name="x337">237.15dp</dimen>
    <dimen name="x338">237.85dp</dimen>
    <dimen name="x339">238.56dp</dimen>
    <dimen name="x340">239.26dp</dimen>
    <dimen name="x341">239.96dp</dimen>
    <dimen name="x342">240.67dp</dimen>
    <dimen name="x343">241.37dp</dimen>
    <dimen name="x344">242.07dp</dimen>
    <dimen name="x345">242.78dp</dimen>
    <dimen name="x346">243.48dp</dimen>
    <dimen name="x347">244.19dp</dimen>
    <dimen name="x348">244.89dp</dimen>
    <dimen name="x349">245.59dp</dimen>
    <dimen name="x350">246.30dp</dimen>
    <dimen name="x351">247.00dp</dimen>
    <dimen name="x352">247.70dp</dimen>
    <dimen name="x353">248.41dp</dimen>
    <dimen name="x354">249.11dp</dimen>
    <dimen name="x355">249.81dp</dimen>
    <dimen name="x356">250.52dp</dimen>
    <dimen name="x357">251.22dp</dimen>
    <dimen name="x358">251.93dp</dimen>
    <dimen name="x359">252.63dp</dimen>
    <dimen name="x360">253.33dp</dimen>
    <dimen name="x361">254.04dp</dimen>
    <dimen name="x362">254.74dp</dimen>
    <dimen name="x363">255.44dp</dimen>
    <dimen name="x364">256.15dp</dimen>
    <dimen name="x365">256.85dp</dimen>
    <dimen name="x366">257.56dp</dimen>
    <dimen name="x367">258.26dp</dimen>
    <dimen name="x368">258.96dp</dimen>
    <dimen name="x369">259.67dp</dimen>
    <dimen name="x370">260.37dp</dimen>
    <dimen name="x371">261.07dp</dimen>
    <dimen name="x372">261.78dp</dimen>
    <dimen name="x373">262.48dp</dimen>
    <dimen name="x374">263.19dp</dimen>
    <dimen name="x375">263.89dp</dimen>
    <dimen name="x376">264.59dp</dimen>
    <dimen name="x377">265.30dp</dimen>
    <dimen name="x378">266.00dp</dimen>
    <dimen name="x379">266.70dp</dimen>
    <dimen name="x380">267.41dp</dimen>
    <dimen name="x381">268.11dp</dimen>
    <dimen name="x382">268.81dp</dimen>
    <dimen name="x383">269.52dp</dimen>
    <dimen name="x384">270.22dp</dimen>
    <dimen name="x385">270.93dp</dimen>
    <dimen name="x386">271.63dp</dimen>
    <dimen name="x387">272.33dp</dimen>
    <dimen name="x388">273.04dp</dimen>
    <dimen name="x389">273.74dp</dimen>
    <dimen name="x390">274.44dp</dimen>
    <dimen name="x391">275.15dp</dimen>
    <dimen name="x392">275.85dp</dimen>
    <dimen name="x393">276.56dp</dimen>
    <dimen name="x394">277.26dp</dimen>
    <dimen name="x395">277.96dp</dimen>
    <dimen name="x396">278.67dp</dimen>
    <dimen name="x397">279.37dp</dimen>
    <dimen name="x398">280.07dp</dimen>
    <dimen name="x399">280.78dp</dimen>
    <dimen name="x400">281.48dp</dimen>
    <dimen name="x401">282.19dp</dimen>
    <dimen name="x402">282.89dp</dimen>
    <dimen name="x403">283.59dp</dimen>
    <dimen name="x404">284.30dp</dimen>
    <dimen name="x405">285.00dp</dimen>
    <dimen name="x406">285.70dp</dimen>
    <dimen name="x407">286.41dp</dimen>
    <dimen name="x408">287.11dp</dimen>
    <dimen name="x409">287.81dp</dimen>
    <dimen name="x410">288.52dp</dimen>
    <dimen name="x411">289.22dp</dimen>
    <dimen name="x412">289.93dp</dimen>
    <dimen name="x413">290.63dp</dimen>
    <dimen name="x414">291.33dp</dimen>
    <dimen name="x415">292.04dp</dimen>
    <dimen name="x416">292.74dp</dimen>
    <dimen name="x417">293.44dp</dimen>
    <dimen name="x418">294.15dp</dimen>
    <dimen name="x419">294.85dp</dimen>
    <dimen name="x420">295.56dp</dimen>
    <dimen name="x421">296.26dp</dimen>
    <dimen name="x422">296.96dp</dimen>
    <dimen name="x423">297.67dp</dimen>
    <dimen name="x424">298.37dp</dimen>
    <dimen name="x425">299.07dp</dimen>
    <dimen name="x426">299.78dp</dimen>
    <dimen name="x427">300.48dp</dimen>
    <dimen name="x428">301.19dp</dimen>
    <dimen name="x429">301.89dp</dimen>
    <dimen name="x430">302.59dp</dimen>
    <dimen name="x431">303.30dp</dimen>
    <dimen name="x432">304.00dp</dimen>
    <dimen name="x433">304.70dp</dimen>
    <dimen name="x434">305.41dp</dimen>
    <dimen name="x435">306.11dp</dimen>
    <dimen name="x436">306.81dp</dimen>
    <dimen name="x437">307.52dp</dimen>
    <dimen name="x438">308.22dp</dimen>
    <dimen name="x439">308.93dp</dimen>
    <dimen name="x440">309.63dp</dimen>
    <dimen name="x441">310.33dp</dimen>
    <dimen name="x442">311.04dp</dimen>
    <dimen name="x443">311.74dp</dimen>
    <dimen name="x444">312.44dp</dimen>
    <dimen name="x445">313.15dp</dimen>
    <dimen name="x446">313.85dp</dimen>
    <dimen name="x447">314.56dp</dimen>
    <dimen name="x448">315.26dp</dimen>
    <dimen name="x449">315.96dp</dimen>
    <dimen name="x450">316.67dp</dimen>
    <dimen name="x451">317.37dp</dimen>
    <dimen name="x452">318.07dp</dimen>
    <dimen name="x453">318.78dp</dimen>
    <dimen name="x454">319.48dp</dimen>
    <dimen name="x455">320.19dp</dimen>
    <dimen name="x456">320.89dp</dimen>
    <dimen name="x457">321.59dp</dimen>
    <dimen name="x458">322.30dp</dimen>
    <dimen name="x459">323.00dp</dimen>
    <dimen name="x460">323.70dp</dimen>
    <dimen name="x461">324.41dp</dimen>
    <dimen name="x462">325.11dp</dimen>
    <dimen name="x463">325.81dp</dimen>
    <dimen name="x464">326.52dp</dimen>
    <dimen name="x465">327.22dp</dimen>
    <dimen name="x466">327.93dp</dimen>
    <dimen name="x467">328.63dp</dimen>
    <dimen name="x468">329.33dp</dimen>
    <dimen name="x469">330.04dp</dimen>
    <dimen name="x470">330.74dp</dimen>
    <dimen name="x471">331.44dp</dimen>
    <dimen name="x472">332.15dp</dimen>
    <dimen name="x473">332.85dp</dimen>
    <dimen name="x474">333.56dp</dimen>
    <dimen name="x475">334.26dp</dimen>
    <dimen name="x476">334.96dp</dimen>
    <dimen name="x477">335.67dp</dimen>
    <dimen name="x478">336.37dp</dimen>
    <dimen name="x479">337.07dp</dimen>
    <dimen name="x480">337.78dp</dimen>
    <dimen name="x481">338.48dp</dimen>
    <dimen name="x482">339.19dp</dimen>
    <dimen name="x483">339.89dp</dimen>
    <dimen name="x484">340.59dp</dimen>
    <dimen name="x485">341.30dp</dimen>
    <dimen name="x486">342.00dp</dimen>
    <dimen name="x487">342.70dp</dimen>
    <dimen name="x488">343.41dp</dimen>
    <dimen name="x489">344.11dp</dimen>
    <dimen name="x490">344.81dp</dimen>
    <dimen name="x491">345.52dp</dimen>
    <dimen name="x492">346.22dp</dimen>
    <dimen name="x493">346.93dp</dimen>
    <dimen name="x494">347.63dp</dimen>
    <dimen name="x495">348.33dp</dimen>
    <dimen name="x496">349.04dp</dimen>
    <dimen name="x497">349.74dp</dimen>
    <dimen name="x498">350.44dp</dimen>
    <dimen name="x499">351.15dp</dimen>
    <dimen name="x500">351.85dp</dimen>
    <dimen name="x501">352.56dp</dimen>
    <dimen name="x502">353.26dp</dimen>
    <dimen name="x503">353.96dp</dimen>
    <dimen name="x504">354.67dp</dimen>
    <dimen name="x505">355.37dp</dimen>
    <dimen name="x506">356.07dp</dimen>
    <dimen name="x507">356.78dp</dimen>
    <dimen name="x508">357.48dp</dimen>
    <dimen name="x509">358.19dp</dimen>
    <dimen name="x510">358.89dp</dimen>
    <dimen name="x511">359.59dp</dimen>
    <dimen name="x512">360.30dp</dimen>
    <dimen name="x513">361.00dp</dimen>
    <dimen name="x514">361.70dp</dimen>
    <dimen name="x515">362.41dp</dimen>
    <dimen name="x516">363.11dp</dimen>
    <dimen name="x517">363.81dp</dimen>
    <dimen name="x518">364.52dp</dimen>
    <dimen name="x519">365.22dp</dimen>
    <dimen name="x520">365.93dp</dimen>
    <dimen name="x521">366.63dp</dimen>
    <dimen name="x522">367.33dp</dimen>
    <dimen name="x523">368.04dp</dimen>
    <dimen name="x524">368.74dp</dimen>
    <dimen name="x525">369.44dp</dimen>
    <dimen name="x526">370.15dp</dimen>
    <dimen name="x527">370.85dp</dimen>
    <dimen name="x528">371.56dp</dimen>
    <dimen name="x529">372.26dp</dimen>
    <dimen name="x530">372.96dp</dimen>
    <dimen name="x531">373.67dp</dimen>
    <dimen name="x532">374.37dp</dimen>
    <dimen name="x533">375.07dp</dimen>
    <dimen name="x534">375.78dp</dimen>
    <dimen name="x535">376.48dp</dimen>
    <dimen name="x536">377.19dp</dimen>
    <dimen name="x537">377.89dp</dimen>
    <dimen name="x538">378.59dp</dimen>
    <dimen name="x539">379.30dp</dimen>
    <dimen name="x540">380.00dp</dimen>
    <dimen name="x541">380.70dp</dimen>
    <dimen name="x542">381.41dp</dimen>
    <dimen name="x543">382.11dp</dimen>
    <dimen name="x544">382.81dp</dimen>
    <dimen name="x545">383.52dp</dimen>
    <dimen name="x546">384.22dp</dimen>
    <dimen name="x547">384.93dp</dimen>
    <dimen name="x548">385.63dp</dimen>
    <dimen name="x549">386.33dp</dimen>
    <dimen name="x550">387.04dp</dimen>
    <dimen name="x551">387.74dp</dimen>
    <dimen name="x552">388.44dp</dimen>
    <dimen name="x553">389.15dp</dimen>
    <dimen name="x554">389.85dp</dimen>
    <dimen name="x555">390.56dp</dimen>
    <dimen name="x556">391.26dp</dimen>
    <dimen name="x557">391.96dp</dimen>
    <dimen name="x558">392.67dp</dimen>
    <dimen name="x559">393.37dp</dimen>
    <dimen name="x560">394.07dp</dimen>
    <dimen name="x561">394.78dp</dimen>
    <dimen name="x562">395.48dp</dimen>
    <dimen name="x563">396.19dp</dimen>
    <dimen name="x564">396.89dp</dimen>
    <dimen name="x565">397.59dp</dimen>
    <dimen name="x566">398.30dp</dimen>
    <dimen name="x567">399.00dp</dimen>
    <dimen name="x568">399.70dp</dimen>
    <dimen name="x569">400.41dp</dimen>
    <dimen name="x570">401.11dp</dimen>
    <dimen name="x571">401.81dp</dimen>
    <dimen name="x572">402.52dp</dimen>
    <dimen name="x573">403.22dp</dimen>
    <dimen name="x574">403.93dp</dimen>
    <dimen name="x575">404.63dp</dimen>
    <dimen name="x576">405.33dp</dimen>
    <dimen name="x577">406.04dp</dimen>
    <dimen name="x578">406.74dp</dimen>
    <dimen name="x579">407.44dp</dimen>
    <dimen name="x580">408.15dp</dimen>
    <dimen name="x581">408.85dp</dimen>
    <dimen name="x582">409.56dp</dimen>
    <dimen name="x583">410.26dp</dimen>
    <dimen name="x584">410.96dp</dimen>
    <dimen name="x585">411.67dp</dimen>
    <dimen name="x586">412.37dp</dimen>
    <dimen name="x587">413.07dp</dimen>
    <dimen name="x588">413.78dp</dimen>
    <dimen name="x589">414.48dp</dimen>
    <dimen name="x590">415.19dp</dimen>
    <dimen name="x591">415.89dp</dimen>
    <dimen name="x592">416.59dp</dimen>
    <dimen name="x593">417.30dp</dimen>
    <dimen name="x594">418.00dp</dimen>
    <dimen name="x595">418.70dp</dimen>
    <dimen name="x596">419.41dp</dimen>
    <dimen name="x597">420.11dp</dimen>
    <dimen name="x598">420.81dp</dimen>
    <dimen name="x599">421.52dp</dimen>
    <dimen name="x600">422.22dp</dimen>
    <dimen name="x601">422.93dp</dimen>
    <dimen name="x602">423.63dp</dimen>
    <dimen name="x603">424.33dp</dimen>
    <dimen name="x604">425.04dp</dimen>
    <dimen name="x605">425.74dp</dimen>
    <dimen name="x606">426.44dp</dimen>
    <dimen name="x607">427.15dp</dimen>
    <dimen name="x608">427.85dp</dimen>
    <dimen name="x609">428.56dp</dimen>
    <dimen name="x610">429.26dp</dimen>
    <dimen name="x611">429.96dp</dimen>
    <dimen name="x612">430.67dp</dimen>
    <dimen name="x613">431.37dp</dimen>
    <dimen name="x614">432.07dp</dimen>
    <dimen name="x615">432.78dp</dimen>
    <dimen name="x616">433.48dp</dimen>
    <dimen name="x617">434.19dp</dimen>
    <dimen name="x618">434.89dp</dimen>
    <dimen name="x619">435.59dp</dimen>
    <dimen name="x620">436.30dp</dimen>
    <dimen name="x621">437.00dp</dimen>
    <dimen name="x622">437.70dp</dimen>
    <dimen name="x623">438.41dp</dimen>
    <dimen name="x624">439.11dp</dimen>
    <dimen name="x625">439.81dp</dimen>
    <dimen name="x626">440.52dp</dimen>
    <dimen name="x627">441.22dp</dimen>
    <dimen name="x628">441.93dp</dimen>
    <dimen name="x629">442.63dp</dimen>
    <dimen name="x630">443.33dp</dimen>
    <dimen name="x631">444.04dp</dimen>
    <dimen name="x632">444.74dp</dimen>
    <dimen name="x633">445.44dp</dimen>
    <dimen name="x634">446.15dp</dimen>
    <dimen name="x635">446.85dp</dimen>
    <dimen name="x636">447.56dp</dimen>
    <dimen name="x637">448.26dp</dimen>
    <dimen name="x638">448.96dp</dimen>
    <dimen name="x639">449.67dp</dimen>
    <dimen name="x640">450.37dp</dimen>
    <dimen name="x641">451.07dp</dimen>
    <dimen name="x642">451.78dp</dimen>
    <dimen name="x643">452.48dp</dimen>
    <dimen name="x644">453.19dp</dimen>
    <dimen name="x645">453.89dp</dimen>
    <dimen name="x646">454.59dp</dimen>
    <dimen name="x647">455.30dp</dimen>
    <dimen name="x648">456.00dp</dimen>
    <dimen name="x649">456.70dp</dimen>
    <dimen name="x650">457.41dp</dimen>
    <dimen name="x651">458.11dp</dimen>
    <dimen name="x652">458.81dp</dimen>
    <dimen name="x653">459.52dp</dimen>
    <dimen name="x654">460.22dp</dimen>
    <dimen name="x655">460.93dp</dimen>
    <dimen name="x656">461.63dp</dimen>
    <dimen name="x657">462.33dp</dimen>
    <dimen name="x658">463.04dp</dimen>
    <dimen name="x659">463.74dp</dimen>
    <dimen name="x660">464.44dp</dimen>
    <dimen name="x661">465.15dp</dimen>
    <dimen name="x662">465.85dp</dimen>
    <dimen name="x663">466.56dp</dimen>
    <dimen name="x664">467.26dp</dimen>
    <dimen name="x665">467.96dp</dimen>
    <dimen name="x666">468.67dp</dimen>
    <dimen name="x667">469.37dp</dimen>
    <dimen name="x668">470.07dp</dimen>
    <dimen name="x669">470.78dp</dimen>
    <dimen name="x670">471.48dp</dimen>
    <dimen name="x671">472.19dp</dimen>
    <dimen name="x672">472.89dp</dimen>
    <dimen name="x673">473.59dp</dimen>
    <dimen name="x674">474.30dp</dimen>
    <dimen name="x675">475.00dp</dimen>
    <dimen name="x676">475.70dp</dimen>
    <dimen name="x677">476.41dp</dimen>
    <dimen name="x678">477.11dp</dimen>
    <dimen name="x679">477.81dp</dimen>
    <dimen name="x680">478.52dp</dimen>
    <dimen name="x681">479.22dp</dimen>
    <dimen name="x682">479.93dp</dimen>
    <dimen name="x683">480.63dp</dimen>
    <dimen name="x684">481.33dp</dimen>
    <dimen name="x685">482.04dp</dimen>
    <dimen name="x686">482.74dp</dimen>
    <dimen name="x687">483.44dp</dimen>
    <dimen name="x688">484.15dp</dimen>
    <dimen name="x689">484.85dp</dimen>
    <dimen name="x690">485.56dp</dimen>
    <dimen name="x691">486.26dp</dimen>
    <dimen name="x692">486.96dp</dimen>
    <dimen name="x693">487.67dp</dimen>
    <dimen name="x694">488.37dp</dimen>
    <dimen name="x695">489.07dp</dimen>
    <dimen name="x696">489.78dp</dimen>
    <dimen name="x697">490.48dp</dimen>
    <dimen name="x698">491.19dp</dimen>
    <dimen name="x699">491.89dp</dimen>
    <dimen name="x700">492.59dp</dimen>
    <dimen name="x701">493.30dp</dimen>
    <dimen name="x702">494.00dp</dimen>
    <dimen name="x703">494.70dp</dimen>
    <dimen name="x704">495.41dp</dimen>
    <dimen name="x705">496.11dp</dimen>
    <dimen name="x706">496.81dp</dimen>
    <dimen name="x707">497.52dp</dimen>
    <dimen name="x708">498.22dp</dimen>
    <dimen name="x709">498.93dp</dimen>
    <dimen name="x710">499.63dp</dimen>
    <dimen name="x711">500.33dp</dimen>
    <dimen name="x712">501.04dp</dimen>
    <dimen name="x713">501.74dp</dimen>
    <dimen name="x714">502.44dp</dimen>
    <dimen name="x715">503.15dp</dimen>
    <dimen name="x716">503.85dp</dimen>
    <dimen name="x717">504.56dp</dimen>
    <dimen name="x718">505.26dp</dimen>
    <dimen name="x719">505.96dp</dimen>
    <dimen name="x720">506.67dp</dimen>
    <dimen name="x721">507.37dp</dimen>
    <dimen name="x722">508.07dp</dimen>
    <dimen name="x723">508.78dp</dimen>
    <dimen name="x724">509.48dp</dimen>
    <dimen name="x725">510.19dp</dimen>
    <dimen name="x726">510.89dp</dimen>
    <dimen name="x727">511.59dp</dimen>
    <dimen name="x728">512.30dp</dimen>
    <dimen name="x729">513.00dp</dimen>
    <dimen name="x730">513.70dp</dimen>
    <dimen name="x731">514.41dp</dimen>
    <dimen name="x732">515.11dp</dimen>
    <dimen name="x733">515.81dp</dimen>
    <dimen name="x734">516.52dp</dimen>
    <dimen name="x735">517.22dp</dimen>
    <dimen name="x736">517.93dp</dimen>
    <dimen name="x737">518.63dp</dimen>
    <dimen name="x738">519.33dp</dimen>
    <dimen name="x739">520.04dp</dimen>
    <dimen name="x740">520.74dp</dimen>
    <dimen name="x741">521.44dp</dimen>
    <dimen name="x742">522.15dp</dimen>
    <dimen name="x743">522.85dp</dimen>
    <dimen name="x744">523.56dp</dimen>
    <dimen name="x745">524.26dp</dimen>
    <dimen name="x746">524.96dp</dimen>
    <dimen name="x747">525.67dp</dimen>
    <dimen name="x748">526.37dp</dimen>
    <dimen name="x749">527.07dp</dimen>
    <dimen name="x750">527.78dp</dimen>
    <dimen name="x751">528.48dp</dimen>
    <dimen name="x752">529.19dp</dimen>
    <dimen name="x753">529.89dp</dimen>
    <dimen name="x754">530.59dp</dimen>
    <dimen name="x755">531.30dp</dimen>
    <dimen name="x756">532.00dp</dimen>
    <dimen name="x757">532.70dp</dimen>
    <dimen name="x758">533.41dp</dimen>
    <dimen name="x759">534.11dp</dimen>
    <dimen name="x760">534.81dp</dimen>
    <dimen name="x761">535.52dp</dimen>
    <dimen name="x762">536.22dp</dimen>
    <dimen name="x763">536.93dp</dimen>
    <dimen name="x764">537.63dp</dimen>
    <dimen name="x765">538.33dp</dimen>
    <dimen name="x766">539.04dp</dimen>
    <dimen name="x767">539.74dp</dimen>
    <dimen name="x768">540.44dp</dimen>
    <dimen name="x769">541.15dp</dimen>
    <dimen name="x770">541.85dp</dimen>
    <dimen name="x771">542.56dp</dimen>
    <dimen name="x772">543.26dp</dimen>
    <dimen name="x773">543.96dp</dimen>
    <dimen name="x774">544.67dp</dimen>
    <dimen name="x775">545.37dp</dimen>
    <dimen name="x776">546.07dp</dimen>
    <dimen name="x777">546.78dp</dimen>
    <dimen name="x778">547.48dp</dimen>
    <dimen name="x779">548.19dp</dimen>
    <dimen name="x780">548.89dp</dimen>
    <dimen name="x781">549.59dp</dimen>
    <dimen name="x782">550.30dp</dimen>
    <dimen name="x783">551.00dp</dimen>
    <dimen name="x784">551.70dp</dimen>
    <dimen name="x785">552.41dp</dimen>
    <dimen name="x786">553.11dp</dimen>
    <dimen name="x787">553.81dp</dimen>
    <dimen name="x788">554.52dp</dimen>
    <dimen name="x789">555.22dp</dimen>
    <dimen name="x790">555.93dp</dimen>
    <dimen name="x791">556.63dp</dimen>
    <dimen name="x792">557.33dp</dimen>
    <dimen name="x793">558.04dp</dimen>
    <dimen name="x794">558.74dp</dimen>
    <dimen name="x795">559.44dp</dimen>
    <dimen name="x796">560.15dp</dimen>
    <dimen name="x797">560.85dp</dimen>
    <dimen name="x798">561.56dp</dimen>
    <dimen name="x799">562.26dp</dimen>
    <dimen name="x800">562.96dp</dimen>
    <dimen name="x801">563.67dp</dimen>
    <dimen name="x802">564.37dp</dimen>
    <dimen name="x803">565.07dp</dimen>
    <dimen name="x804">565.78dp</dimen>
    <dimen name="x805">566.48dp</dimen>
    <dimen name="x806">567.19dp</dimen>
    <dimen name="x807">567.89dp</dimen>
    <dimen name="x808">568.59dp</dimen>
    <dimen name="x809">569.30dp</dimen>
    <dimen name="x810">570.00dp</dimen>
    <dimen name="x811">570.70dp</dimen>
    <dimen name="x812">571.41dp</dimen>
    <dimen name="x813">572.11dp</dimen>
    <dimen name="x814">572.81dp</dimen>
    <dimen name="x815">573.52dp</dimen>
    <dimen name="x816">574.22dp</dimen>
    <dimen name="x817">574.93dp</dimen>
    <dimen name="x818">575.63dp</dimen>
    <dimen name="x819">576.33dp</dimen>
    <dimen name="x820">577.04dp</dimen>
    <dimen name="x821">577.74dp</dimen>
    <dimen name="x822">578.44dp</dimen>
    <dimen name="x823">579.15dp</dimen>
    <dimen name="x824">579.85dp</dimen>
    <dimen name="x825">580.56dp</dimen>
    <dimen name="x826">581.26dp</dimen>
    <dimen name="x827">581.96dp</dimen>
    <dimen name="x828">582.67dp</dimen>
    <dimen name="x829">583.37dp</dimen>
    <dimen name="x830">584.07dp</dimen>
    <dimen name="x831">584.78dp</dimen>
    <dimen name="x832">585.48dp</dimen>
    <dimen name="x833">586.19dp</dimen>
    <dimen name="x834">586.89dp</dimen>
    <dimen name="x835">587.59dp</dimen>
    <dimen name="x836">588.30dp</dimen>
    <dimen name="x837">589.00dp</dimen>
    <dimen name="x838">589.70dp</dimen>
    <dimen name="x839">590.41dp</dimen>
    <dimen name="x840">591.11dp</dimen>
    <dimen name="x841">591.81dp</dimen>
    <dimen name="x842">592.52dp</dimen>
    <dimen name="x843">593.22dp</dimen>
    <dimen name="x844">593.93dp</dimen>
    <dimen name="x845">594.63dp</dimen>
    <dimen name="x846">595.33dp</dimen>
    <dimen name="x847">596.04dp</dimen>
    <dimen name="x848">596.74dp</dimen>
    <dimen name="x849">597.44dp</dimen>
    <dimen name="x850">598.15dp</dimen>
    <dimen name="x851">598.85dp</dimen>
    <dimen name="x852">599.56dp</dimen>
    <dimen name="x853">600.26dp</dimen>
    <dimen name="x854">600.96dp</dimen>
    <dimen name="x855">601.67dp</dimen>
    <dimen name="x856">602.37dp</dimen>
    <dimen name="x857">603.07dp</dimen>
    <dimen name="x858">603.78dp</dimen>
    <dimen name="x859">604.48dp</dimen>
    <dimen name="x860">605.19dp</dimen>
    <dimen name="x861">605.89dp</dimen>
    <dimen name="x862">606.59dp</dimen>
    <dimen name="x863">607.30dp</dimen>
    <dimen name="x864">608.00dp</dimen>
    <dimen name="x865">608.70dp</dimen>
    <dimen name="x866">609.41dp</dimen>
    <dimen name="x867">610.11dp</dimen>
    <dimen name="x868">610.81dp</dimen>
    <dimen name="x869">611.52dp</dimen>
    <dimen name="x870">612.22dp</dimen>
    <dimen name="x871">612.93dp</dimen>
    <dimen name="x872">613.63dp</dimen>
    <dimen name="x873">614.33dp</dimen>
    <dimen name="x874">615.04dp</dimen>
    <dimen name="x875">615.74dp</dimen>
    <dimen name="x876">616.44dp</dimen>
    <dimen name="x877">617.15dp</dimen>
    <dimen name="x878">617.85dp</dimen>
    <dimen name="x879">618.56dp</dimen>
    <dimen name="x880">619.26dp</dimen>
    <dimen name="x881">619.96dp</dimen>
    <dimen name="x882">620.67dp</dimen>
    <dimen name="x883">621.37dp</dimen>
    <dimen name="x884">622.07dp</dimen>
    <dimen name="x885">622.78dp</dimen>
    <dimen name="x886">623.48dp</dimen>
    <dimen name="x887">624.19dp</dimen>
    <dimen name="x888">624.89dp</dimen>
    <dimen name="x889">625.59dp</dimen>
    <dimen name="x890">626.30dp</dimen>
    <dimen name="x891">627.00dp</dimen>
    <dimen name="x892">627.70dp</dimen>
    <dimen name="x893">628.41dp</dimen>
    <dimen name="x894">629.11dp</dimen>
    <dimen name="x895">629.81dp</dimen>
    <dimen name="x896">630.52dp</dimen>
    <dimen name="x897">631.22dp</dimen>
    <dimen name="x898">631.93dp</dimen>
    <dimen name="x899">632.63dp</dimen>
    <dimen name="x900">633.33dp</dimen>
    <dimen name="x901">634.04dp</dimen>
    <dimen name="x902">634.74dp</dimen>
    <dimen name="x903">635.44dp</dimen>
    <dimen name="x904">636.15dp</dimen>
    <dimen name="x905">636.85dp</dimen>
    <dimen name="x906">637.56dp</dimen>
    <dimen name="x907">638.26dp</dimen>
    <dimen name="x908">638.96dp</dimen>
    <dimen name="x909">639.67dp</dimen>
    <dimen name="x910">640.37dp</dimen>
    <dimen name="x911">641.07dp</dimen>
    <dimen name="x912">641.78dp</dimen>
    <dimen name="x913">642.48dp</dimen>
    <dimen name="x914">643.19dp</dimen>
    <dimen name="x915">643.89dp</dimen>
    <dimen name="x916">644.59dp</dimen>
    <dimen name="x917">645.30dp</dimen>
    <dimen name="x918">646.00dp</dimen>
    <dimen name="x919">646.70dp</dimen>
    <dimen name="x920">647.41dp</dimen>
    <dimen name="x921">648.11dp</dimen>
    <dimen name="x922">648.81dp</dimen>
    <dimen name="x923">649.52dp</dimen>
    <dimen name="x924">650.22dp</dimen>
    <dimen name="x925">650.93dp</dimen>
    <dimen name="x926">651.63dp</dimen>
    <dimen name="x927">652.33dp</dimen>
    <dimen name="x928">653.04dp</dimen>
    <dimen name="x929">653.74dp</dimen>
    <dimen name="x930">654.44dp</dimen>
    <dimen name="x931">655.15dp</dimen>
    <dimen name="x932">655.85dp</dimen>
    <dimen name="x933">656.56dp</dimen>
    <dimen name="x934">657.26dp</dimen>
    <dimen name="x935">657.96dp</dimen>
    <dimen name="x936">658.67dp</dimen>
    <dimen name="x937">659.37dp</dimen>
    <dimen name="x938">660.07dp</dimen>
    <dimen name="x939">660.78dp</dimen>
    <dimen name="x940">661.48dp</dimen>
    <dimen name="x941">662.19dp</dimen>
    <dimen name="x942">662.89dp</dimen>
    <dimen name="x943">663.59dp</dimen>
    <dimen name="x944">664.30dp</dimen>
    <dimen name="x945">665.00dp</dimen>
    <dimen name="x946">665.70dp</dimen>
    <dimen name="x947">666.41dp</dimen>
    <dimen name="x948">667.11dp</dimen>
    <dimen name="x949">667.81dp</dimen>
    <dimen name="x950">668.52dp</dimen>
    <dimen name="x951">669.22dp</dimen>
    <dimen name="x952">669.93dp</dimen>
    <dimen name="x953">670.63dp</dimen>
    <dimen name="x954">671.33dp</dimen>
    <dimen name="x955">672.04dp</dimen>
    <dimen name="x956">672.74dp</dimen>
    <dimen name="x957">673.44dp</dimen>
    <dimen name="x958">674.15dp</dimen>
    <dimen name="x959">674.85dp</dimen>
    <dimen name="x960">675.56dp</dimen>
    <dimen name="x961">676.26dp</dimen>
    <dimen name="x962">676.96dp</dimen>
    <dimen name="x963">677.67dp</dimen>
    <dimen name="x964">678.37dp</dimen>
    <dimen name="x965">679.07dp</dimen>
    <dimen name="x966">679.78dp</dimen>
    <dimen name="x967">680.48dp</dimen>
    <dimen name="x968">681.19dp</dimen>
    <dimen name="x969">681.89dp</dimen>
    <dimen name="x970">682.59dp</dimen>
    <dimen name="x971">683.30dp</dimen>
    <dimen name="x972">684.00dp</dimen>
    <dimen name="x973">684.70dp</dimen>
    <dimen name="x974">685.41dp</dimen>
    <dimen name="x975">686.11dp</dimen>
    <dimen name="x976">686.81dp</dimen>
    <dimen name="x977">687.52dp</dimen>
    <dimen name="x978">688.22dp</dimen>
    <dimen name="x979">688.93dp</dimen>
    <dimen name="x980">689.63dp</dimen>
    <dimen name="x981">690.33dp</dimen>
    <dimen name="x982">691.04dp</dimen>
    <dimen name="x983">691.74dp</dimen>
    <dimen name="x984">692.44dp</dimen>
    <dimen name="x985">693.15dp</dimen>
    <dimen name="x986">693.85dp</dimen>
    <dimen name="x987">694.56dp</dimen>
    <dimen name="x988">695.26dp</dimen>
    <dimen name="x989">695.96dp</dimen>
    <dimen name="x990">696.67dp</dimen>
    <dimen name="x991">697.37dp</dimen>
    <dimen name="x992">698.07dp</dimen>
    <dimen name="x993">698.78dp</dimen>
    <dimen name="x994">699.48dp</dimen>
    <dimen name="x995">700.19dp</dimen>
    <dimen name="x996">700.89dp</dimen>
    <dimen name="x997">701.59dp</dimen>
    <dimen name="x998">702.30dp</dimen>
    <dimen name="x999">703.00dp</dimen>
    <dimen name="x1000">703.70dp</dimen>
    <dimen name="x1001">704.41dp</dimen>
    <dimen name="x1002">705.11dp</dimen>
    <dimen name="x1003">705.81dp</dimen>
    <dimen name="x1004">706.52dp</dimen>
    <dimen name="x1005">707.22dp</dimen>
    <dimen name="x1006">707.93dp</dimen>
    <dimen name="x1007">708.63dp</dimen>
    <dimen name="x1008">709.33dp</dimen>
    <dimen name="x1009">710.04dp</dimen>
    <dimen name="x1010">710.74dp</dimen>
    <dimen name="x1011">711.44dp</dimen>
    <dimen name="x1012">712.15dp</dimen>
    <dimen name="x1013">712.85dp</dimen>
    <dimen name="x1014">713.56dp</dimen>
    <dimen name="x1015">714.26dp</dimen>
    <dimen name="x1016">714.96dp</dimen>
    <dimen name="x1017">715.67dp</dimen>
    <dimen name="x1018">716.37dp</dimen>
    <dimen name="x1019">717.07dp</dimen>
    <dimen name="x1020">717.78dp</dimen>
    <dimen name="x1021">718.48dp</dimen>
    <dimen name="x1022">719.19dp</dimen>
    <dimen name="x1023">719.89dp</dimen>
    <dimen name="x1024">720.59dp</dimen>
    <dimen name="x1025">721.30dp</dimen>
    <dimen name="x1026">722.00dp</dimen>
    <dimen name="x1027">722.70dp</dimen>
    <dimen name="x1028">723.41dp</dimen>
    <dimen name="x1029">724.11dp</dimen>
    <dimen name="x1030">724.81dp</dimen>
    <dimen name="x1031">725.52dp</dimen>
    <dimen name="x1032">726.22dp</dimen>
    <dimen name="x1033">726.93dp</dimen>
    <dimen name="x1034">727.63dp</dimen>
    <dimen name="x1035">728.33dp</dimen>
    <dimen name="x1036">729.04dp</dimen>
    <dimen name="x1037">729.74dp</dimen>
    <dimen name="x1038">730.44dp</dimen>
    <dimen name="x1039">731.15dp</dimen>
    <dimen name="x1040">731.85dp</dimen>
    <dimen name="x1041">732.56dp</dimen>
    <dimen name="x1042">733.26dp</dimen>
    <dimen name="x1043">733.96dp</dimen>
    <dimen name="x1044">734.67dp</dimen>
    <dimen name="x1045">735.37dp</dimen>
    <dimen name="x1046">736.07dp</dimen>
    <dimen name="x1047">736.78dp</dimen>
    <dimen name="x1048">737.48dp</dimen>
    <dimen name="x1049">738.19dp</dimen>
    <dimen name="x1050">738.89dp</dimen>
    <dimen name="x1051">739.59dp</dimen>
    <dimen name="x1052">740.30dp</dimen>
    <dimen name="x1053">741.00dp</dimen>
    <dimen name="x1054">741.70dp</dimen>
    <dimen name="x1055">742.41dp</dimen>
    <dimen name="x1056">743.11dp</dimen>
    <dimen name="x1057">743.81dp</dimen>
    <dimen name="x1058">744.52dp</dimen>
    <dimen name="x1059">745.22dp</dimen>
    <dimen name="x1060">745.93dp</dimen>
    <dimen name="x1061">746.63dp</dimen>
    <dimen name="x1062">747.33dp</dimen>
    <dimen name="x1063">748.04dp</dimen>
    <dimen name="x1064">748.74dp</dimen>
    <dimen name="x1065">749.44dp</dimen>
    <dimen name="x1066">750.15dp</dimen>
    <dimen name="x1067">750.85dp</dimen>
    <dimen name="x1068">751.56dp</dimen>
    <dimen name="x1069">752.26dp</dimen>
    <dimen name="x1070">752.96dp</dimen>
    <dimen name="x1071">753.67dp</dimen>
    <dimen name="x1072">754.37dp</dimen>
    <dimen name="x1073">755.07dp</dimen>
    <dimen name="x1074">755.78dp</dimen>
    <dimen name="x1075">756.48dp</dimen>
    <dimen name="x1076">757.19dp</dimen>
    <dimen name="x1077">757.89dp</dimen>
    <dimen name="x1078">758.59dp</dimen>
    <dimen name="x1079">759.30dp</dimen>
    <dimen name="x1080">760.00dp</dimen>
</resources>