<?xml version="1.0" encoding="utf-8"?>
<resources>
    <string name="sw_dp">1200dp</string>
    <dimen name="x1">1.11dp</dimen>
    <dimen name="x2">2.22dp</dimen>
    <dimen name="x3">3.33dp</dimen>
    <dimen name="x4">4.44dp</dimen>
    <dimen name="x5">5.56dp</dimen>
    <dimen name="x6">6.67dp</dimen>
    <dimen name="x7">7.78dp</dimen>
    <dimen name="x8">8.89dp</dimen>
    <dimen name="x9">10.00dp</dimen>
    <dimen name="x10">11.11dp</dimen>
    <dimen name="x11">12.22dp</dimen>
    <dimen name="x12">13.33dp</dimen>
    <dimen name="x13">14.44dp</dimen>
    <dimen name="x14">15.56dp</dimen>
    <dimen name="x15">16.67dp</dimen>
    <dimen name="x16">17.78dp</dimen>
    <dimen name="x17">18.89dp</dimen>
    <dimen name="x18">20.00dp</dimen>
    <dimen name="x19">21.11dp</dimen>
    <dimen name="x20">22.22dp</dimen>
    <dimen name="x21">23.33dp</dimen>
    <dimen name="x22">24.44dp</dimen>
    <dimen name="x23">25.56dp</dimen>
    <dimen name="x24">26.67dp</dimen>
    <dimen name="x25">27.78dp</dimen>
    <dimen name="x26">28.89dp</dimen>
    <dimen name="x27">30.00dp</dimen>
    <dimen name="x28">31.11dp</dimen>
    <dimen name="x29">32.22dp</dimen>
    <dimen name="x30">33.33dp</dimen>
    <dimen name="x31">34.44dp</dimen>
    <dimen name="x32">35.56dp</dimen>
    <dimen name="x33">36.67dp</dimen>
    <dimen name="x34">37.78dp</dimen>
    <dimen name="x35">38.89dp</dimen>
    <dimen name="x36">40.00dp</dimen>
    <dimen name="x37">41.11dp</dimen>
    <dimen name="x38">42.22dp</dimen>
    <dimen name="x39">43.33dp</dimen>
    <dimen name="x40">44.44dp</dimen>
    <dimen name="x41">45.56dp</dimen>
    <dimen name="x42">46.67dp</dimen>
    <dimen name="x43">47.78dp</dimen>
    <dimen name="x44">48.89dp</dimen>
    <dimen name="x45">50.00dp</dimen>
    <dimen name="x46">51.11dp</dimen>
    <dimen name="x47">52.22dp</dimen>
    <dimen name="x48">53.33dp</dimen>
    <dimen name="x49">54.44dp</dimen>
    <dimen name="x50">55.56dp</dimen>
    <dimen name="x51">56.67dp</dimen>
    <dimen name="x52">57.78dp</dimen>
    <dimen name="x53">58.89dp</dimen>
    <dimen name="x54">60.00dp</dimen>
    <dimen name="x55">61.11dp</dimen>
    <dimen name="x56">62.22dp</dimen>
    <dimen name="x57">63.33dp</dimen>
    <dimen name="x58">64.44dp</dimen>
    <dimen name="x59">65.56dp</dimen>
    <dimen name="x60">66.67dp</dimen>
    <dimen name="x61">67.78dp</dimen>
    <dimen name="x62">68.89dp</dimen>
    <dimen name="x63">70.00dp</dimen>
    <dimen name="x64">71.11dp</dimen>
    <dimen name="x65">72.22dp</dimen>
    <dimen name="x66">73.33dp</dimen>
    <dimen name="x67">74.44dp</dimen>
    <dimen name="x68">75.56dp</dimen>
    <dimen name="x69">76.67dp</dimen>
    <dimen name="x70">77.78dp</dimen>
    <dimen name="x71">78.89dp</dimen>
    <dimen name="x72">80.00dp</dimen>
    <dimen name="x73">81.11dp</dimen>
    <dimen name="x74">82.22dp</dimen>
    <dimen name="x75">83.33dp</dimen>
    <dimen name="x76">84.44dp</dimen>
    <dimen name="x77">85.56dp</dimen>
    <dimen name="x78">86.67dp</dimen>
    <dimen name="x79">87.78dp</dimen>
    <dimen name="x80">88.89dp</dimen>
    <dimen name="x81">90.00dp</dimen>
    <dimen name="x82">91.11dp</dimen>
    <dimen name="x83">92.22dp</dimen>
    <dimen name="x84">93.33dp</dimen>
    <dimen name="x85">94.44dp</dimen>
    <dimen name="x86">95.56dp</dimen>
    <dimen name="x87">96.67dp</dimen>
    <dimen name="x88">97.78dp</dimen>
    <dimen name="x89">98.89dp</dimen>
    <dimen name="x90">100.00dp</dimen>
    <dimen name="x91">101.11dp</dimen>
    <dimen name="x92">102.22dp</dimen>
    <dimen name="x93">103.33dp</dimen>
    <dimen name="x94">104.44dp</dimen>
    <dimen name="x95">105.56dp</dimen>
    <dimen name="x96">106.67dp</dimen>
    <dimen name="x97">107.78dp</dimen>
    <dimen name="x98">108.89dp</dimen>
    <dimen name="x99">110.00dp</dimen>
    <dimen name="x100">111.11dp</dimen>
    <dimen name="x101">112.22dp</dimen>
    <dimen name="x102">113.33dp</dimen>
    <dimen name="x103">114.44dp</dimen>
    <dimen name="x104">115.56dp</dimen>
    <dimen name="x105">116.67dp</dimen>
    <dimen name="x106">117.78dp</dimen>
    <dimen name="x107">118.89dp</dimen>
    <dimen name="x108">120.00dp</dimen>
    <dimen name="x109">121.11dp</dimen>
    <dimen name="x110">122.22dp</dimen>
    <dimen name="x111">123.33dp</dimen>
    <dimen name="x112">124.44dp</dimen>
    <dimen name="x113">125.56dp</dimen>
    <dimen name="x114">126.67dp</dimen>
    <dimen name="x115">127.78dp</dimen>
    <dimen name="x116">128.89dp</dimen>
    <dimen name="x117">130.00dp</dimen>
    <dimen name="x118">131.11dp</dimen>
    <dimen name="x119">132.22dp</dimen>
    <dimen name="x120">133.33dp</dimen>
    <dimen name="x121">134.44dp</dimen>
    <dimen name="x122">135.56dp</dimen>
    <dimen name="x123">136.67dp</dimen>
    <dimen name="x124">137.78dp</dimen>
    <dimen name="x125">138.89dp</dimen>
    <dimen name="x126">140.00dp</dimen>
    <dimen name="x127">141.11dp</dimen>
    <dimen name="x128">142.22dp</dimen>
    <dimen name="x129">143.33dp</dimen>
    <dimen name="x130">144.44dp</dimen>
    <dimen name="x131">145.56dp</dimen>
    <dimen name="x132">146.67dp</dimen>
    <dimen name="x133">147.78dp</dimen>
    <dimen name="x134">148.89dp</dimen>
    <dimen name="x135">150.00dp</dimen>
    <dimen name="x136">151.11dp</dimen>
    <dimen name="x137">152.22dp</dimen>
    <dimen name="x138">153.33dp</dimen>
    <dimen name="x139">154.44dp</dimen>
    <dimen name="x140">155.56dp</dimen>
    <dimen name="x141">156.67dp</dimen>
    <dimen name="x142">157.78dp</dimen>
    <dimen name="x143">158.89dp</dimen>
    <dimen name="x144">160.00dp</dimen>
    <dimen name="x145">161.11dp</dimen>
    <dimen name="x146">162.22dp</dimen>
    <dimen name="x147">163.33dp</dimen>
    <dimen name="x148">164.44dp</dimen>
    <dimen name="x149">165.56dp</dimen>
    <dimen name="x150">166.67dp</dimen>
    <dimen name="x151">167.78dp</dimen>
    <dimen name="x152">168.89dp</dimen>
    <dimen name="x153">170.00dp</dimen>
    <dimen name="x154">171.11dp</dimen>
    <dimen name="x155">172.22dp</dimen>
    <dimen name="x156">173.33dp</dimen>
    <dimen name="x157">174.44dp</dimen>
    <dimen name="x158">175.56dp</dimen>
    <dimen name="x159">176.67dp</dimen>
    <dimen name="x160">177.78dp</dimen>
    <dimen name="x161">178.89dp</dimen>
    <dimen name="x162">180.00dp</dimen>
    <dimen name="x163">181.11dp</dimen>
    <dimen name="x164">182.22dp</dimen>
    <dimen name="x165">183.33dp</dimen>
    <dimen name="x166">184.44dp</dimen>
    <dimen name="x167">185.56dp</dimen>
    <dimen name="x168">186.67dp</dimen>
    <dimen name="x169">187.78dp</dimen>
    <dimen name="x170">188.89dp</dimen>
    <dimen name="x171">190.00dp</dimen>
    <dimen name="x172">191.11dp</dimen>
    <dimen name="x173">192.22dp</dimen>
    <dimen name="x174">193.33dp</dimen>
    <dimen name="x175">194.44dp</dimen>
    <dimen name="x176">195.56dp</dimen>
    <dimen name="x177">196.67dp</dimen>
    <dimen name="x178">197.78dp</dimen>
    <dimen name="x179">198.89dp</dimen>
    <dimen name="x180">200.00dp</dimen>
    <dimen name="x181">201.11dp</dimen>
    <dimen name="x182">202.22dp</dimen>
    <dimen name="x183">203.33dp</dimen>
    <dimen name="x184">204.44dp</dimen>
    <dimen name="x185">205.56dp</dimen>
    <dimen name="x186">206.67dp</dimen>
    <dimen name="x187">207.78dp</dimen>
    <dimen name="x188">208.89dp</dimen>
    <dimen name="x189">210.00dp</dimen>
    <dimen name="x190">211.11dp</dimen>
    <dimen name="x191">212.22dp</dimen>
    <dimen name="x192">213.33dp</dimen>
    <dimen name="x193">214.44dp</dimen>
    <dimen name="x194">215.56dp</dimen>
    <dimen name="x195">216.67dp</dimen>
    <dimen name="x196">217.78dp</dimen>
    <dimen name="x197">218.89dp</dimen>
    <dimen name="x198">220.00dp</dimen>
    <dimen name="x199">221.11dp</dimen>
    <dimen name="x200">222.22dp</dimen>
    <dimen name="x201">223.33dp</dimen>
    <dimen name="x202">224.44dp</dimen>
    <dimen name="x203">225.56dp</dimen>
    <dimen name="x204">226.67dp</dimen>
    <dimen name="x205">227.78dp</dimen>
    <dimen name="x206">228.89dp</dimen>
    <dimen name="x207">230.00dp</dimen>
    <dimen name="x208">231.11dp</dimen>
    <dimen name="x209">232.22dp</dimen>
    <dimen name="x210">233.33dp</dimen>
    <dimen name="x211">234.44dp</dimen>
    <dimen name="x212">235.56dp</dimen>
    <dimen name="x213">236.67dp</dimen>
    <dimen name="x214">237.78dp</dimen>
    <dimen name="x215">238.89dp</dimen>
    <dimen name="x216">240.00dp</dimen>
    <dimen name="x217">241.11dp</dimen>
    <dimen name="x218">242.22dp</dimen>
    <dimen name="x219">243.33dp</dimen>
    <dimen name="x220">244.44dp</dimen>
    <dimen name="x221">245.56dp</dimen>
    <dimen name="x222">246.67dp</dimen>
    <dimen name="x223">247.78dp</dimen>
    <dimen name="x224">248.89dp</dimen>
    <dimen name="x225">250.00dp</dimen>
    <dimen name="x226">251.11dp</dimen>
    <dimen name="x227">252.22dp</dimen>
    <dimen name="x228">253.33dp</dimen>
    <dimen name="x229">254.44dp</dimen>
    <dimen name="x230">255.56dp</dimen>
    <dimen name="x231">256.67dp</dimen>
    <dimen name="x232">257.78dp</dimen>
    <dimen name="x233">258.89dp</dimen>
    <dimen name="x234">260.00dp</dimen>
    <dimen name="x235">261.11dp</dimen>
    <dimen name="x236">262.22dp</dimen>
    <dimen name="x237">263.33dp</dimen>
    <dimen name="x238">264.44dp</dimen>
    <dimen name="x239">265.56dp</dimen>
    <dimen name="x240">266.67dp</dimen>
    <dimen name="x241">267.78dp</dimen>
    <dimen name="x242">268.89dp</dimen>
    <dimen name="x243">270.00dp</dimen>
    <dimen name="x244">271.11dp</dimen>
    <dimen name="x245">272.22dp</dimen>
    <dimen name="x246">273.33dp</dimen>
    <dimen name="x247">274.44dp</dimen>
    <dimen name="x248">275.56dp</dimen>
    <dimen name="x249">276.67dp</dimen>
    <dimen name="x250">277.78dp</dimen>
    <dimen name="x251">278.89dp</dimen>
    <dimen name="x252">280.00dp</dimen>
    <dimen name="x253">281.11dp</dimen>
    <dimen name="x254">282.22dp</dimen>
    <dimen name="x255">283.33dp</dimen>
    <dimen name="x256">284.44dp</dimen>
    <dimen name="x257">285.56dp</dimen>
    <dimen name="x258">286.67dp</dimen>
    <dimen name="x259">287.78dp</dimen>
    <dimen name="x260">288.89dp</dimen>
    <dimen name="x261">290.00dp</dimen>
    <dimen name="x262">291.11dp</dimen>
    <dimen name="x263">292.22dp</dimen>
    <dimen name="x264">293.33dp</dimen>
    <dimen name="x265">294.44dp</dimen>
    <dimen name="x266">295.56dp</dimen>
    <dimen name="x267">296.67dp</dimen>
    <dimen name="x268">297.78dp</dimen>
    <dimen name="x269">298.89dp</dimen>
    <dimen name="x270">300.00dp</dimen>
    <dimen name="x271">301.11dp</dimen>
    <dimen name="x272">302.22dp</dimen>
    <dimen name="x273">303.33dp</dimen>
    <dimen name="x274">304.44dp</dimen>
    <dimen name="x275">305.56dp</dimen>
    <dimen name="x276">306.67dp</dimen>
    <dimen name="x277">307.78dp</dimen>
    <dimen name="x278">308.89dp</dimen>
    <dimen name="x279">310.00dp</dimen>
    <dimen name="x280">311.11dp</dimen>
    <dimen name="x281">312.22dp</dimen>
    <dimen name="x282">313.33dp</dimen>
    <dimen name="x283">314.44dp</dimen>
    <dimen name="x284">315.56dp</dimen>
    <dimen name="x285">316.67dp</dimen>
    <dimen name="x286">317.78dp</dimen>
    <dimen name="x287">318.89dp</dimen>
    <dimen name="x288">320.00dp</dimen>
    <dimen name="x289">321.11dp</dimen>
    <dimen name="x290">322.22dp</dimen>
    <dimen name="x291">323.33dp</dimen>
    <dimen name="x292">324.44dp</dimen>
    <dimen name="x293">325.56dp</dimen>
    <dimen name="x294">326.67dp</dimen>
    <dimen name="x295">327.78dp</dimen>
    <dimen name="x296">328.89dp</dimen>
    <dimen name="x297">330.00dp</dimen>
    <dimen name="x298">331.11dp</dimen>
    <dimen name="x299">332.22dp</dimen>
    <dimen name="x300">333.33dp</dimen>
    <dimen name="x301">334.44dp</dimen>
    <dimen name="x302">335.56dp</dimen>
    <dimen name="x303">336.67dp</dimen>
    <dimen name="x304">337.78dp</dimen>
    <dimen name="x305">338.89dp</dimen>
    <dimen name="x306">340.00dp</dimen>
    <dimen name="x307">341.11dp</dimen>
    <dimen name="x308">342.22dp</dimen>
    <dimen name="x309">343.33dp</dimen>
    <dimen name="x310">344.44dp</dimen>
    <dimen name="x311">345.56dp</dimen>
    <dimen name="x312">346.67dp</dimen>
    <dimen name="x313">347.78dp</dimen>
    <dimen name="x314">348.89dp</dimen>
    <dimen name="x315">350.00dp</dimen>
    <dimen name="x316">351.11dp</dimen>
    <dimen name="x317">352.22dp</dimen>
    <dimen name="x318">353.33dp</dimen>
    <dimen name="x319">354.44dp</dimen>
    <dimen name="x320">355.56dp</dimen>
    <dimen name="x321">356.67dp</dimen>
    <dimen name="x322">357.78dp</dimen>
    <dimen name="x323">358.89dp</dimen>
    <dimen name="x324">360.00dp</dimen>
    <dimen name="x325">361.11dp</dimen>
    <dimen name="x326">362.22dp</dimen>
    <dimen name="x327">363.33dp</dimen>
    <dimen name="x328">364.44dp</dimen>
    <dimen name="x329">365.56dp</dimen>
    <dimen name="x330">366.67dp</dimen>
    <dimen name="x331">367.78dp</dimen>
    <dimen name="x332">368.89dp</dimen>
    <dimen name="x333">370.00dp</dimen>
    <dimen name="x334">371.11dp</dimen>
    <dimen name="x335">372.22dp</dimen>
    <dimen name="x336">373.33dp</dimen>
    <dimen name="x337">374.44dp</dimen>
    <dimen name="x338">375.56dp</dimen>
    <dimen name="x339">376.67dp</dimen>
    <dimen name="x340">377.78dp</dimen>
    <dimen name="x341">378.89dp</dimen>
    <dimen name="x342">380.00dp</dimen>
    <dimen name="x343">381.11dp</dimen>
    <dimen name="x344">382.22dp</dimen>
    <dimen name="x345">383.33dp</dimen>
    <dimen name="x346">384.44dp</dimen>
    <dimen name="x347">385.56dp</dimen>
    <dimen name="x348">386.67dp</dimen>
    <dimen name="x349">387.78dp</dimen>
    <dimen name="x350">388.89dp</dimen>
    <dimen name="x351">390.00dp</dimen>
    <dimen name="x352">391.11dp</dimen>
    <dimen name="x353">392.22dp</dimen>
    <dimen name="x354">393.33dp</dimen>
    <dimen name="x355">394.44dp</dimen>
    <dimen name="x356">395.56dp</dimen>
    <dimen name="x357">396.67dp</dimen>
    <dimen name="x358">397.78dp</dimen>
    <dimen name="x359">398.89dp</dimen>
    <dimen name="x360">400.00dp</dimen>
    <dimen name="x361">401.11dp</dimen>
    <dimen name="x362">402.22dp</dimen>
    <dimen name="x363">403.33dp</dimen>
    <dimen name="x364">404.44dp</dimen>
    <dimen name="x365">405.56dp</dimen>
    <dimen name="x366">406.67dp</dimen>
    <dimen name="x367">407.78dp</dimen>
    <dimen name="x368">408.89dp</dimen>
    <dimen name="x369">410.00dp</dimen>
    <dimen name="x370">411.11dp</dimen>
    <dimen name="x371">412.22dp</dimen>
    <dimen name="x372">413.33dp</dimen>
    <dimen name="x373">414.44dp</dimen>
    <dimen name="x374">415.56dp</dimen>
    <dimen name="x375">416.67dp</dimen>
    <dimen name="x376">417.78dp</dimen>
    <dimen name="x377">418.89dp</dimen>
    <dimen name="x378">420.00dp</dimen>
    <dimen name="x379">421.11dp</dimen>
    <dimen name="x380">422.22dp</dimen>
    <dimen name="x381">423.33dp</dimen>
    <dimen name="x382">424.44dp</dimen>
    <dimen name="x383">425.56dp</dimen>
    <dimen name="x384">426.67dp</dimen>
    <dimen name="x385">427.78dp</dimen>
    <dimen name="x386">428.89dp</dimen>
    <dimen name="x387">430.00dp</dimen>
    <dimen name="x388">431.11dp</dimen>
    <dimen name="x389">432.22dp</dimen>
    <dimen name="x390">433.33dp</dimen>
    <dimen name="x391">434.44dp</dimen>
    <dimen name="x392">435.56dp</dimen>
    <dimen name="x393">436.67dp</dimen>
    <dimen name="x394">437.78dp</dimen>
    <dimen name="x395">438.89dp</dimen>
    <dimen name="x396">440.00dp</dimen>
    <dimen name="x397">441.11dp</dimen>
    <dimen name="x398">442.22dp</dimen>
    <dimen name="x399">443.33dp</dimen>
    <dimen name="x400">444.44dp</dimen>
    <dimen name="x401">445.56dp</dimen>
    <dimen name="x402">446.67dp</dimen>
    <dimen name="x403">447.78dp</dimen>
    <dimen name="x404">448.89dp</dimen>
    <dimen name="x405">450.00dp</dimen>
    <dimen name="x406">451.11dp</dimen>
    <dimen name="x407">452.22dp</dimen>
    <dimen name="x408">453.33dp</dimen>
    <dimen name="x409">454.44dp</dimen>
    <dimen name="x410">455.56dp</dimen>
    <dimen name="x411">456.67dp</dimen>
    <dimen name="x412">457.78dp</dimen>
    <dimen name="x413">458.89dp</dimen>
    <dimen name="x414">460.00dp</dimen>
    <dimen name="x415">461.11dp</dimen>
    <dimen name="x416">462.22dp</dimen>
    <dimen name="x417">463.33dp</dimen>
    <dimen name="x418">464.44dp</dimen>
    <dimen name="x419">465.56dp</dimen>
    <dimen name="x420">466.67dp</dimen>
    <dimen name="x421">467.78dp</dimen>
    <dimen name="x422">468.89dp</dimen>
    <dimen name="x423">470.00dp</dimen>
    <dimen name="x424">471.11dp</dimen>
    <dimen name="x425">472.22dp</dimen>
    <dimen name="x426">473.33dp</dimen>
    <dimen name="x427">474.44dp</dimen>
    <dimen name="x428">475.56dp</dimen>
    <dimen name="x429">476.67dp</dimen>
    <dimen name="x430">477.78dp</dimen>
    <dimen name="x431">478.89dp</dimen>
    <dimen name="x432">480.00dp</dimen>
    <dimen name="x433">481.11dp</dimen>
    <dimen name="x434">482.22dp</dimen>
    <dimen name="x435">483.33dp</dimen>
    <dimen name="x436">484.44dp</dimen>
    <dimen name="x437">485.56dp</dimen>
    <dimen name="x438">486.67dp</dimen>
    <dimen name="x439">487.78dp</dimen>
    <dimen name="x440">488.89dp</dimen>
    <dimen name="x441">490.00dp</dimen>
    <dimen name="x442">491.11dp</dimen>
    <dimen name="x443">492.22dp</dimen>
    <dimen name="x444">493.33dp</dimen>
    <dimen name="x445">494.44dp</dimen>
    <dimen name="x446">495.56dp</dimen>
    <dimen name="x447">496.67dp</dimen>
    <dimen name="x448">497.78dp</dimen>
    <dimen name="x449">498.89dp</dimen>
    <dimen name="x450">500.00dp</dimen>
    <dimen name="x451">501.11dp</dimen>
    <dimen name="x452">502.22dp</dimen>
    <dimen name="x453">503.33dp</dimen>
    <dimen name="x454">504.44dp</dimen>
    <dimen name="x455">505.56dp</dimen>
    <dimen name="x456">506.67dp</dimen>
    <dimen name="x457">507.78dp</dimen>
    <dimen name="x458">508.89dp</dimen>
    <dimen name="x459">510.00dp</dimen>
    <dimen name="x460">511.11dp</dimen>
    <dimen name="x461">512.22dp</dimen>
    <dimen name="x462">513.33dp</dimen>
    <dimen name="x463">514.44dp</dimen>
    <dimen name="x464">515.56dp</dimen>
    <dimen name="x465">516.67dp</dimen>
    <dimen name="x466">517.78dp</dimen>
    <dimen name="x467">518.89dp</dimen>
    <dimen name="x468">520.00dp</dimen>
    <dimen name="x469">521.11dp</dimen>
    <dimen name="x470">522.22dp</dimen>
    <dimen name="x471">523.33dp</dimen>
    <dimen name="x472">524.44dp</dimen>
    <dimen name="x473">525.56dp</dimen>
    <dimen name="x474">526.67dp</dimen>
    <dimen name="x475">527.78dp</dimen>
    <dimen name="x476">528.89dp</dimen>
    <dimen name="x477">530.00dp</dimen>
    <dimen name="x478">531.11dp</dimen>
    <dimen name="x479">532.22dp</dimen>
    <dimen name="x480">533.33dp</dimen>
    <dimen name="x481">534.44dp</dimen>
    <dimen name="x482">535.56dp</dimen>
    <dimen name="x483">536.67dp</dimen>
    <dimen name="x484">537.78dp</dimen>
    <dimen name="x485">538.89dp</dimen>
    <dimen name="x486">540.00dp</dimen>
    <dimen name="x487">541.11dp</dimen>
    <dimen name="x488">542.22dp</dimen>
    <dimen name="x489">543.33dp</dimen>
    <dimen name="x490">544.44dp</dimen>
    <dimen name="x491">545.56dp</dimen>
    <dimen name="x492">546.67dp</dimen>
    <dimen name="x493">547.78dp</dimen>
    <dimen name="x494">548.89dp</dimen>
    <dimen name="x495">550.00dp</dimen>
    <dimen name="x496">551.11dp</dimen>
    <dimen name="x497">552.22dp</dimen>
    <dimen name="x498">553.33dp</dimen>
    <dimen name="x499">554.44dp</dimen>
    <dimen name="x500">555.56dp</dimen>
    <dimen name="x501">556.67dp</dimen>
    <dimen name="x502">557.78dp</dimen>
    <dimen name="x503">558.89dp</dimen>
    <dimen name="x504">560.00dp</dimen>
    <dimen name="x505">561.11dp</dimen>
    <dimen name="x506">562.22dp</dimen>
    <dimen name="x507">563.33dp</dimen>
    <dimen name="x508">564.44dp</dimen>
    <dimen name="x509">565.56dp</dimen>
    <dimen name="x510">566.67dp</dimen>
    <dimen name="x511">567.78dp</dimen>
    <dimen name="x512">568.89dp</dimen>
    <dimen name="x513">570.00dp</dimen>
    <dimen name="x514">571.11dp</dimen>
    <dimen name="x515">572.22dp</dimen>
    <dimen name="x516">573.33dp</dimen>
    <dimen name="x517">574.44dp</dimen>
    <dimen name="x518">575.56dp</dimen>
    <dimen name="x519">576.67dp</dimen>
    <dimen name="x520">577.78dp</dimen>
    <dimen name="x521">578.89dp</dimen>
    <dimen name="x522">580.00dp</dimen>
    <dimen name="x523">581.11dp</dimen>
    <dimen name="x524">582.22dp</dimen>
    <dimen name="x525">583.33dp</dimen>
    <dimen name="x526">584.44dp</dimen>
    <dimen name="x527">585.56dp</dimen>
    <dimen name="x528">586.67dp</dimen>
    <dimen name="x529">587.78dp</dimen>
    <dimen name="x530">588.89dp</dimen>
    <dimen name="x531">590.00dp</dimen>
    <dimen name="x532">591.11dp</dimen>
    <dimen name="x533">592.22dp</dimen>
    <dimen name="x534">593.33dp</dimen>
    <dimen name="x535">594.44dp</dimen>
    <dimen name="x536">595.56dp</dimen>
    <dimen name="x537">596.67dp</dimen>
    <dimen name="x538">597.78dp</dimen>
    <dimen name="x539">598.89dp</dimen>
    <dimen name="x540">600.00dp</dimen>
    <dimen name="x541">601.11dp</dimen>
    <dimen name="x542">602.22dp</dimen>
    <dimen name="x543">603.33dp</dimen>
    <dimen name="x544">604.44dp</dimen>
    <dimen name="x545">605.56dp</dimen>
    <dimen name="x546">606.67dp</dimen>
    <dimen name="x547">607.78dp</dimen>
    <dimen name="x548">608.89dp</dimen>
    <dimen name="x549">610.00dp</dimen>
    <dimen name="x550">611.11dp</dimen>
    <dimen name="x551">612.22dp</dimen>
    <dimen name="x552">613.33dp</dimen>
    <dimen name="x553">614.44dp</dimen>
    <dimen name="x554">615.56dp</dimen>
    <dimen name="x555">616.67dp</dimen>
    <dimen name="x556">617.78dp</dimen>
    <dimen name="x557">618.89dp</dimen>
    <dimen name="x558">620.00dp</dimen>
    <dimen name="x559">621.11dp</dimen>
    <dimen name="x560">622.22dp</dimen>
    <dimen name="x561">623.33dp</dimen>
    <dimen name="x562">624.44dp</dimen>
    <dimen name="x563">625.56dp</dimen>
    <dimen name="x564">626.67dp</dimen>
    <dimen name="x565">627.78dp</dimen>
    <dimen name="x566">628.89dp</dimen>
    <dimen name="x567">630.00dp</dimen>
    <dimen name="x568">631.11dp</dimen>
    <dimen name="x569">632.22dp</dimen>
    <dimen name="x570">633.33dp</dimen>
    <dimen name="x571">634.44dp</dimen>
    <dimen name="x572">635.56dp</dimen>
    <dimen name="x573">636.67dp</dimen>
    <dimen name="x574">637.78dp</dimen>
    <dimen name="x575">638.89dp</dimen>
    <dimen name="x576">640.00dp</dimen>
    <dimen name="x577">641.11dp</dimen>
    <dimen name="x578">642.22dp</dimen>
    <dimen name="x579">643.33dp</dimen>
    <dimen name="x580">644.44dp</dimen>
    <dimen name="x581">645.56dp</dimen>
    <dimen name="x582">646.67dp</dimen>
    <dimen name="x583">647.78dp</dimen>
    <dimen name="x584">648.89dp</dimen>
    <dimen name="x585">650.00dp</dimen>
    <dimen name="x586">651.11dp</dimen>
    <dimen name="x587">652.22dp</dimen>
    <dimen name="x588">653.33dp</dimen>
    <dimen name="x589">654.44dp</dimen>
    <dimen name="x590">655.56dp</dimen>
    <dimen name="x591">656.67dp</dimen>
    <dimen name="x592">657.78dp</dimen>
    <dimen name="x593">658.89dp</dimen>
    <dimen name="x594">660.00dp</dimen>
    <dimen name="x595">661.11dp</dimen>
    <dimen name="x596">662.22dp</dimen>
    <dimen name="x597">663.33dp</dimen>
    <dimen name="x598">664.44dp</dimen>
    <dimen name="x599">665.56dp</dimen>
    <dimen name="x600">666.67dp</dimen>
    <dimen name="x601">667.78dp</dimen>
    <dimen name="x602">668.89dp</dimen>
    <dimen name="x603">670.00dp</dimen>
    <dimen name="x604">671.11dp</dimen>
    <dimen name="x605">672.22dp</dimen>
    <dimen name="x606">673.33dp</dimen>
    <dimen name="x607">674.44dp</dimen>
    <dimen name="x608">675.56dp</dimen>
    <dimen name="x609">676.67dp</dimen>
    <dimen name="x610">677.78dp</dimen>
    <dimen name="x611">678.89dp</dimen>
    <dimen name="x612">680.00dp</dimen>
    <dimen name="x613">681.11dp</dimen>
    <dimen name="x614">682.22dp</dimen>
    <dimen name="x615">683.33dp</dimen>
    <dimen name="x616">684.44dp</dimen>
    <dimen name="x617">685.56dp</dimen>
    <dimen name="x618">686.67dp</dimen>
    <dimen name="x619">687.78dp</dimen>
    <dimen name="x620">688.89dp</dimen>
    <dimen name="x621">690.00dp</dimen>
    <dimen name="x622">691.11dp</dimen>
    <dimen name="x623">692.22dp</dimen>
    <dimen name="x624">693.33dp</dimen>
    <dimen name="x625">694.44dp</dimen>
    <dimen name="x626">695.56dp</dimen>
    <dimen name="x627">696.67dp</dimen>
    <dimen name="x628">697.78dp</dimen>
    <dimen name="x629">698.89dp</dimen>
    <dimen name="x630">700.00dp</dimen>
    <dimen name="x631">701.11dp</dimen>
    <dimen name="x632">702.22dp</dimen>
    <dimen name="x633">703.33dp</dimen>
    <dimen name="x634">704.44dp</dimen>
    <dimen name="x635">705.56dp</dimen>
    <dimen name="x636">706.67dp</dimen>
    <dimen name="x637">707.78dp</dimen>
    <dimen name="x638">708.89dp</dimen>
    <dimen name="x639">710.00dp</dimen>
    <dimen name="x640">711.11dp</dimen>
    <dimen name="x641">712.22dp</dimen>
    <dimen name="x642">713.33dp</dimen>
    <dimen name="x643">714.44dp</dimen>
    <dimen name="x644">715.56dp</dimen>
    <dimen name="x645">716.67dp</dimen>
    <dimen name="x646">717.78dp</dimen>
    <dimen name="x647">718.89dp</dimen>
    <dimen name="x648">720.00dp</dimen>
    <dimen name="x649">721.11dp</dimen>
    <dimen name="x650">722.22dp</dimen>
    <dimen name="x651">723.33dp</dimen>
    <dimen name="x652">724.44dp</dimen>
    <dimen name="x653">725.56dp</dimen>
    <dimen name="x654">726.67dp</dimen>
    <dimen name="x655">727.78dp</dimen>
    <dimen name="x656">728.89dp</dimen>
    <dimen name="x657">730.00dp</dimen>
    <dimen name="x658">731.11dp</dimen>
    <dimen name="x659">732.22dp</dimen>
    <dimen name="x660">733.33dp</dimen>
    <dimen name="x661">734.44dp</dimen>
    <dimen name="x662">735.56dp</dimen>
    <dimen name="x663">736.67dp</dimen>
    <dimen name="x664">737.78dp</dimen>
    <dimen name="x665">738.89dp</dimen>
    <dimen name="x666">740.00dp</dimen>
    <dimen name="x667">741.11dp</dimen>
    <dimen name="x668">742.22dp</dimen>
    <dimen name="x669">743.33dp</dimen>
    <dimen name="x670">744.44dp</dimen>
    <dimen name="x671">745.56dp</dimen>
    <dimen name="x672">746.67dp</dimen>
    <dimen name="x673">747.78dp</dimen>
    <dimen name="x674">748.89dp</dimen>
    <dimen name="x675">750.00dp</dimen>
    <dimen name="x676">751.11dp</dimen>
    <dimen name="x677">752.22dp</dimen>
    <dimen name="x678">753.33dp</dimen>
    <dimen name="x679">754.44dp</dimen>
    <dimen name="x680">755.56dp</dimen>
    <dimen name="x681">756.67dp</dimen>
    <dimen name="x682">757.78dp</dimen>
    <dimen name="x683">758.89dp</dimen>
    <dimen name="x684">760.00dp</dimen>
    <dimen name="x685">761.11dp</dimen>
    <dimen name="x686">762.22dp</dimen>
    <dimen name="x687">763.33dp</dimen>
    <dimen name="x688">764.44dp</dimen>
    <dimen name="x689">765.56dp</dimen>
    <dimen name="x690">766.67dp</dimen>
    <dimen name="x691">767.78dp</dimen>
    <dimen name="x692">768.89dp</dimen>
    <dimen name="x693">770.00dp</dimen>
    <dimen name="x694">771.11dp</dimen>
    <dimen name="x695">772.22dp</dimen>
    <dimen name="x696">773.33dp</dimen>
    <dimen name="x697">774.44dp</dimen>
    <dimen name="x698">775.56dp</dimen>
    <dimen name="x699">776.67dp</dimen>
    <dimen name="x700">777.78dp</dimen>
    <dimen name="x701">778.89dp</dimen>
    <dimen name="x702">780.00dp</dimen>
    <dimen name="x703">781.11dp</dimen>
    <dimen name="x704">782.22dp</dimen>
    <dimen name="x705">783.33dp</dimen>
    <dimen name="x706">784.44dp</dimen>
    <dimen name="x707">785.56dp</dimen>
    <dimen name="x708">786.67dp</dimen>
    <dimen name="x709">787.78dp</dimen>
    <dimen name="x710">788.89dp</dimen>
    <dimen name="x711">790.00dp</dimen>
    <dimen name="x712">791.11dp</dimen>
    <dimen name="x713">792.22dp</dimen>
    <dimen name="x714">793.33dp</dimen>
    <dimen name="x715">794.44dp</dimen>
    <dimen name="x716">795.56dp</dimen>
    <dimen name="x717">796.67dp</dimen>
    <dimen name="x718">797.78dp</dimen>
    <dimen name="x719">798.89dp</dimen>
    <dimen name="x720">800.00dp</dimen>
    <dimen name="x721">801.11dp</dimen>
    <dimen name="x722">802.22dp</dimen>
    <dimen name="x723">803.33dp</dimen>
    <dimen name="x724">804.44dp</dimen>
    <dimen name="x725">805.56dp</dimen>
    <dimen name="x726">806.67dp</dimen>
    <dimen name="x727">807.78dp</dimen>
    <dimen name="x728">808.89dp</dimen>
    <dimen name="x729">810.00dp</dimen>
    <dimen name="x730">811.11dp</dimen>
    <dimen name="x731">812.22dp</dimen>
    <dimen name="x732">813.33dp</dimen>
    <dimen name="x733">814.44dp</dimen>
    <dimen name="x734">815.56dp</dimen>
    <dimen name="x735">816.67dp</dimen>
    <dimen name="x736">817.78dp</dimen>
    <dimen name="x737">818.89dp</dimen>
    <dimen name="x738">820.00dp</dimen>
    <dimen name="x739">821.11dp</dimen>
    <dimen name="x740">822.22dp</dimen>
    <dimen name="x741">823.33dp</dimen>
    <dimen name="x742">824.44dp</dimen>
    <dimen name="x743">825.56dp</dimen>
    <dimen name="x744">826.67dp</dimen>
    <dimen name="x745">827.78dp</dimen>
    <dimen name="x746">828.89dp</dimen>
    <dimen name="x747">830.00dp</dimen>
    <dimen name="x748">831.11dp</dimen>
    <dimen name="x749">832.22dp</dimen>
    <dimen name="x750">833.33dp</dimen>
    <dimen name="x751">834.44dp</dimen>
    <dimen name="x752">835.56dp</dimen>
    <dimen name="x753">836.67dp</dimen>
    <dimen name="x754">837.78dp</dimen>
    <dimen name="x755">838.89dp</dimen>
    <dimen name="x756">840.00dp</dimen>
    <dimen name="x757">841.11dp</dimen>
    <dimen name="x758">842.22dp</dimen>
    <dimen name="x759">843.33dp</dimen>
    <dimen name="x760">844.44dp</dimen>
    <dimen name="x761">845.56dp</dimen>
    <dimen name="x762">846.67dp</dimen>
    <dimen name="x763">847.78dp</dimen>
    <dimen name="x764">848.89dp</dimen>
    <dimen name="x765">850.00dp</dimen>
    <dimen name="x766">851.11dp</dimen>
    <dimen name="x767">852.22dp</dimen>
    <dimen name="x768">853.33dp</dimen>
    <dimen name="x769">854.44dp</dimen>
    <dimen name="x770">855.56dp</dimen>
    <dimen name="x771">856.67dp</dimen>
    <dimen name="x772">857.78dp</dimen>
    <dimen name="x773">858.89dp</dimen>
    <dimen name="x774">860.00dp</dimen>
    <dimen name="x775">861.11dp</dimen>
    <dimen name="x776">862.22dp</dimen>
    <dimen name="x777">863.33dp</dimen>
    <dimen name="x778">864.44dp</dimen>
    <dimen name="x779">865.56dp</dimen>
    <dimen name="x780">866.67dp</dimen>
    <dimen name="x781">867.78dp</dimen>
    <dimen name="x782">868.89dp</dimen>
    <dimen name="x783">870.00dp</dimen>
    <dimen name="x784">871.11dp</dimen>
    <dimen name="x785">872.22dp</dimen>
    <dimen name="x786">873.33dp</dimen>
    <dimen name="x787">874.44dp</dimen>
    <dimen name="x788">875.56dp</dimen>
    <dimen name="x789">876.67dp</dimen>
    <dimen name="x790">877.78dp</dimen>
    <dimen name="x791">878.89dp</dimen>
    <dimen name="x792">880.00dp</dimen>
    <dimen name="x793">881.11dp</dimen>
    <dimen name="x794">882.22dp</dimen>
    <dimen name="x795">883.33dp</dimen>
    <dimen name="x796">884.44dp</dimen>
    <dimen name="x797">885.56dp</dimen>
    <dimen name="x798">886.67dp</dimen>
    <dimen name="x799">887.78dp</dimen>
    <dimen name="x800">888.89dp</dimen>
    <dimen name="x801">890.00dp</dimen>
    <dimen name="x802">891.11dp</dimen>
    <dimen name="x803">892.22dp</dimen>
    <dimen name="x804">893.33dp</dimen>
    <dimen name="x805">894.44dp</dimen>
    <dimen name="x806">895.56dp</dimen>
    <dimen name="x807">896.67dp</dimen>
    <dimen name="x808">897.78dp</dimen>
    <dimen name="x809">898.89dp</dimen>
    <dimen name="x810">900.00dp</dimen>
    <dimen name="x811">901.11dp</dimen>
    <dimen name="x812">902.22dp</dimen>
    <dimen name="x813">903.33dp</dimen>
    <dimen name="x814">904.44dp</dimen>
    <dimen name="x815">905.56dp</dimen>
    <dimen name="x816">906.67dp</dimen>
    <dimen name="x817">907.78dp</dimen>
    <dimen name="x818">908.89dp</dimen>
    <dimen name="x819">910.00dp</dimen>
    <dimen name="x820">911.11dp</dimen>
    <dimen name="x821">912.22dp</dimen>
    <dimen name="x822">913.33dp</dimen>
    <dimen name="x823">914.44dp</dimen>
    <dimen name="x824">915.56dp</dimen>
    <dimen name="x825">916.67dp</dimen>
    <dimen name="x826">917.78dp</dimen>
    <dimen name="x827">918.89dp</dimen>
    <dimen name="x828">920.00dp</dimen>
    <dimen name="x829">921.11dp</dimen>
    <dimen name="x830">922.22dp</dimen>
    <dimen name="x831">923.33dp</dimen>
    <dimen name="x832">924.44dp</dimen>
    <dimen name="x833">925.56dp</dimen>
    <dimen name="x834">926.67dp</dimen>
    <dimen name="x835">927.78dp</dimen>
    <dimen name="x836">928.89dp</dimen>
    <dimen name="x837">930.00dp</dimen>
    <dimen name="x838">931.11dp</dimen>
    <dimen name="x839">932.22dp</dimen>
    <dimen name="x840">933.33dp</dimen>
    <dimen name="x841">934.44dp</dimen>
    <dimen name="x842">935.56dp</dimen>
    <dimen name="x843">936.67dp</dimen>
    <dimen name="x844">937.78dp</dimen>
    <dimen name="x845">938.89dp</dimen>
    <dimen name="x846">940.00dp</dimen>
    <dimen name="x847">941.11dp</dimen>
    <dimen name="x848">942.22dp</dimen>
    <dimen name="x849">943.33dp</dimen>
    <dimen name="x850">944.44dp</dimen>
    <dimen name="x851">945.56dp</dimen>
    <dimen name="x852">946.67dp</dimen>
    <dimen name="x853">947.78dp</dimen>
    <dimen name="x854">948.89dp</dimen>
    <dimen name="x855">950.00dp</dimen>
    <dimen name="x856">951.11dp</dimen>
    <dimen name="x857">952.22dp</dimen>
    <dimen name="x858">953.33dp</dimen>
    <dimen name="x859">954.44dp</dimen>
    <dimen name="x860">955.56dp</dimen>
    <dimen name="x861">956.67dp</dimen>
    <dimen name="x862">957.78dp</dimen>
    <dimen name="x863">958.89dp</dimen>
    <dimen name="x864">960.00dp</dimen>
    <dimen name="x865">961.11dp</dimen>
    <dimen name="x866">962.22dp</dimen>
    <dimen name="x867">963.33dp</dimen>
    <dimen name="x868">964.44dp</dimen>
    <dimen name="x869">965.56dp</dimen>
    <dimen name="x870">966.67dp</dimen>
    <dimen name="x871">967.78dp</dimen>
    <dimen name="x872">968.89dp</dimen>
    <dimen name="x873">970.00dp</dimen>
    <dimen name="x874">971.11dp</dimen>
    <dimen name="x875">972.22dp</dimen>
    <dimen name="x876">973.33dp</dimen>
    <dimen name="x877">974.44dp</dimen>
    <dimen name="x878">975.56dp</dimen>
    <dimen name="x879">976.67dp</dimen>
    <dimen name="x880">977.78dp</dimen>
    <dimen name="x881">978.89dp</dimen>
    <dimen name="x882">980.00dp</dimen>
    <dimen name="x883">981.11dp</dimen>
    <dimen name="x884">982.22dp</dimen>
    <dimen name="x885">983.33dp</dimen>
    <dimen name="x886">984.44dp</dimen>
    <dimen name="x887">985.56dp</dimen>
    <dimen name="x888">986.67dp</dimen>
    <dimen name="x889">987.78dp</dimen>
    <dimen name="x890">988.89dp</dimen>
    <dimen name="x891">990.00dp</dimen>
    <dimen name="x892">991.11dp</dimen>
    <dimen name="x893">992.22dp</dimen>
    <dimen name="x894">993.33dp</dimen>
    <dimen name="x895">994.44dp</dimen>
    <dimen name="x896">995.56dp</dimen>
    <dimen name="x897">996.67dp</dimen>
    <dimen name="x898">997.78dp</dimen>
    <dimen name="x899">998.89dp</dimen>
    <dimen name="x900">1000.00dp</dimen>
    <dimen name="x901">1001.11dp</dimen>
    <dimen name="x902">1002.22dp</dimen>
    <dimen name="x903">1003.33dp</dimen>
    <dimen name="x904">1004.44dp</dimen>
    <dimen name="x905">1005.56dp</dimen>
    <dimen name="x906">1006.67dp</dimen>
    <dimen name="x907">1007.78dp</dimen>
    <dimen name="x908">1008.89dp</dimen>
    <dimen name="x909">1010.00dp</dimen>
    <dimen name="x910">1011.11dp</dimen>
    <dimen name="x911">1012.22dp</dimen>
    <dimen name="x912">1013.33dp</dimen>
    <dimen name="x913">1014.44dp</dimen>
    <dimen name="x914">1015.56dp</dimen>
    <dimen name="x915">1016.67dp</dimen>
    <dimen name="x916">1017.78dp</dimen>
    <dimen name="x917">1018.89dp</dimen>
    <dimen name="x918">1020.00dp</dimen>
    <dimen name="x919">1021.11dp</dimen>
    <dimen name="x920">1022.22dp</dimen>
    <dimen name="x921">1023.33dp</dimen>
    <dimen name="x922">1024.44dp</dimen>
    <dimen name="x923">1025.56dp</dimen>
    <dimen name="x924">1026.67dp</dimen>
    <dimen name="x925">1027.78dp</dimen>
    <dimen name="x926">1028.89dp</dimen>
    <dimen name="x927">1030.00dp</dimen>
    <dimen name="x928">1031.11dp</dimen>
    <dimen name="x929">1032.22dp</dimen>
    <dimen name="x930">1033.33dp</dimen>
    <dimen name="x931">1034.44dp</dimen>
    <dimen name="x932">1035.56dp</dimen>
    <dimen name="x933">1036.67dp</dimen>
    <dimen name="x934">1037.78dp</dimen>
    <dimen name="x935">1038.89dp</dimen>
    <dimen name="x936">1040.00dp</dimen>
    <dimen name="x937">1041.11dp</dimen>
    <dimen name="x938">1042.22dp</dimen>
    <dimen name="x939">1043.33dp</dimen>
    <dimen name="x940">1044.44dp</dimen>
    <dimen name="x941">1045.56dp</dimen>
    <dimen name="x942">1046.67dp</dimen>
    <dimen name="x943">1047.78dp</dimen>
    <dimen name="x944">1048.89dp</dimen>
    <dimen name="x945">1050.00dp</dimen>
    <dimen name="x946">1051.11dp</dimen>
    <dimen name="x947">1052.22dp</dimen>
    <dimen name="x948">1053.33dp</dimen>
    <dimen name="x949">1054.44dp</dimen>
    <dimen name="x950">1055.56dp</dimen>
    <dimen name="x951">1056.67dp</dimen>
    <dimen name="x952">1057.78dp</dimen>
    <dimen name="x953">1058.89dp</dimen>
    <dimen name="x954">1060.00dp</dimen>
    <dimen name="x955">1061.11dp</dimen>
    <dimen name="x956">1062.22dp</dimen>
    <dimen name="x957">1063.33dp</dimen>
    <dimen name="x958">1064.44dp</dimen>
    <dimen name="x959">1065.56dp</dimen>
    <dimen name="x960">1066.67dp</dimen>
    <dimen name="x961">1067.78dp</dimen>
    <dimen name="x962">1068.89dp</dimen>
    <dimen name="x963">1070.00dp</dimen>
    <dimen name="x964">1071.11dp</dimen>
    <dimen name="x965">1072.22dp</dimen>
    <dimen name="x966">1073.33dp</dimen>
    <dimen name="x967">1074.44dp</dimen>
    <dimen name="x968">1075.56dp</dimen>
    <dimen name="x969">1076.67dp</dimen>
    <dimen name="x970">1077.78dp</dimen>
    <dimen name="x971">1078.89dp</dimen>
    <dimen name="x972">1080.00dp</dimen>
    <dimen name="x973">1081.11dp</dimen>
    <dimen name="x974">1082.22dp</dimen>
    <dimen name="x975">1083.33dp</dimen>
    <dimen name="x976">1084.44dp</dimen>
    <dimen name="x977">1085.56dp</dimen>
    <dimen name="x978">1086.67dp</dimen>
    <dimen name="x979">1087.78dp</dimen>
    <dimen name="x980">1088.89dp</dimen>
    <dimen name="x981">1090.00dp</dimen>
    <dimen name="x982">1091.11dp</dimen>
    <dimen name="x983">1092.22dp</dimen>
    <dimen name="x984">1093.33dp</dimen>
    <dimen name="x985">1094.44dp</dimen>
    <dimen name="x986">1095.56dp</dimen>
    <dimen name="x987">1096.67dp</dimen>
    <dimen name="x988">1097.78dp</dimen>
    <dimen name="x989">1098.89dp</dimen>
    <dimen name="x990">1100.00dp</dimen>
    <dimen name="x991">1101.11dp</dimen>
    <dimen name="x992">1102.22dp</dimen>
    <dimen name="x993">1103.33dp</dimen>
    <dimen name="x994">1104.44dp</dimen>
    <dimen name="x995">1105.56dp</dimen>
    <dimen name="x996">1106.67dp</dimen>
    <dimen name="x997">1107.78dp</dimen>
    <dimen name="x998">1108.89dp</dimen>
    <dimen name="x999">1110.00dp</dimen>
    <dimen name="x1000">1111.11dp</dimen>
    <dimen name="x1001">1112.22dp</dimen>
    <dimen name="x1002">1113.33dp</dimen>
    <dimen name="x1003">1114.44dp</dimen>
    <dimen name="x1004">1115.56dp</dimen>
    <dimen name="x1005">1116.67dp</dimen>
    <dimen name="x1006">1117.78dp</dimen>
    <dimen name="x1007">1118.89dp</dimen>
    <dimen name="x1008">1120.00dp</dimen>
    <dimen name="x1009">1121.11dp</dimen>
    <dimen name="x1010">1122.22dp</dimen>
    <dimen name="x1011">1123.33dp</dimen>
    <dimen name="x1012">1124.44dp</dimen>
    <dimen name="x1013">1125.56dp</dimen>
    <dimen name="x1014">1126.67dp</dimen>
    <dimen name="x1015">1127.78dp</dimen>
    <dimen name="x1016">1128.89dp</dimen>
    <dimen name="x1017">1130.00dp</dimen>
    <dimen name="x1018">1131.11dp</dimen>
    <dimen name="x1019">1132.22dp</dimen>
    <dimen name="x1020">1133.33dp</dimen>
    <dimen name="x1021">1134.44dp</dimen>
    <dimen name="x1022">1135.56dp</dimen>
    <dimen name="x1023">1136.67dp</dimen>
    <dimen name="x1024">1137.78dp</dimen>
    <dimen name="x1025">1138.89dp</dimen>
    <dimen name="x1026">1140.00dp</dimen>
    <dimen name="x1027">1141.11dp</dimen>
    <dimen name="x1028">1142.22dp</dimen>
    <dimen name="x1029">1143.33dp</dimen>
    <dimen name="x1030">1144.44dp</dimen>
    <dimen name="x1031">1145.56dp</dimen>
    <dimen name="x1032">1146.67dp</dimen>
    <dimen name="x1033">1147.78dp</dimen>
    <dimen name="x1034">1148.89dp</dimen>
    <dimen name="x1035">1150.00dp</dimen>
    <dimen name="x1036">1151.11dp</dimen>
    <dimen name="x1037">1152.22dp</dimen>
    <dimen name="x1038">1153.33dp</dimen>
    <dimen name="x1039">1154.44dp</dimen>
    <dimen name="x1040">1155.56dp</dimen>
    <dimen name="x1041">1156.67dp</dimen>
    <dimen name="x1042">1157.78dp</dimen>
    <dimen name="x1043">1158.89dp</dimen>
    <dimen name="x1044">1160.00dp</dimen>
    <dimen name="x1045">1161.11dp</dimen>
    <dimen name="x1046">1162.22dp</dimen>
    <dimen name="x1047">1163.33dp</dimen>
    <dimen name="x1048">1164.44dp</dimen>
    <dimen name="x1049">1165.56dp</dimen>
    <dimen name="x1050">1166.67dp</dimen>
    <dimen name="x1051">1167.78dp</dimen>
    <dimen name="x1052">1168.89dp</dimen>
    <dimen name="x1053">1170.00dp</dimen>
    <dimen name="x1054">1171.11dp</dimen>
    <dimen name="x1055">1172.22dp</dimen>
    <dimen name="x1056">1173.33dp</dimen>
    <dimen name="x1057">1174.44dp</dimen>
    <dimen name="x1058">1175.56dp</dimen>
    <dimen name="x1059">1176.67dp</dimen>
    <dimen name="x1060">1177.78dp</dimen>
    <dimen name="x1061">1178.89dp</dimen>
    <dimen name="x1062">1180.00dp</dimen>
    <dimen name="x1063">1181.11dp</dimen>
    <dimen name="x1064">1182.22dp</dimen>
    <dimen name="x1065">1183.33dp</dimen>
    <dimen name="x1066">1184.44dp</dimen>
    <dimen name="x1067">1185.56dp</dimen>
    <dimen name="x1068">1186.67dp</dimen>
    <dimen name="x1069">1187.78dp</dimen>
    <dimen name="x1070">1188.89dp</dimen>
    <dimen name="x1071">1190.00dp</dimen>
    <dimen name="x1072">1191.11dp</dimen>
    <dimen name="x1073">1192.22dp</dimen>
    <dimen name="x1074">1193.33dp</dimen>
    <dimen name="x1075">1194.44dp</dimen>
    <dimen name="x1076">1195.56dp</dimen>
    <dimen name="x1077">1196.67dp</dimen>
    <dimen name="x1078">1197.78dp</dimen>
    <dimen name="x1079">1198.89dp</dimen>
    <dimen name="x1080">1200.00dp</dimen>
</resources>