<?xml version="1.0" encoding="utf-8"?>
<resources>
    <string name="sw_dp">820dp</string>
    <dimen name="x1">0.76dp</dimen>
    <dimen name="x2">1.52dp</dimen>
    <dimen name="x3">2.28dp</dimen>
    <dimen name="x4">3.04dp</dimen>
    <dimen name="x5">3.80dp</dimen>
    <dimen name="x6">4.56dp</dimen>
    <dimen name="x7">5.31dp</dimen>
    <dimen name="x8">6.07dp</dimen>
    <dimen name="x9">6.83dp</dimen>
    <dimen name="x10">7.59dp</dimen>
    <dimen name="x11">8.35dp</dimen>
    <dimen name="x12">9.11dp</dimen>
    <dimen name="x13">9.87dp</dimen>
    <dimen name="x14">10.63dp</dimen>
    <dimen name="x15">11.39dp</dimen>
    <dimen name="x16">12.15dp</dimen>
    <dimen name="x17">12.91dp</dimen>
    <dimen name="x18">13.67dp</dimen>
    <dimen name="x19">14.43dp</dimen>
    <dimen name="x20">15.19dp</dimen>
    <dimen name="x21">15.94dp</dimen>
    <dimen name="x22">16.70dp</dimen>
    <dimen name="x23">17.46dp</dimen>
    <dimen name="x24">18.22dp</dimen>
    <dimen name="x25">18.98dp</dimen>
    <dimen name="x26">19.74dp</dimen>
    <dimen name="x27">20.50dp</dimen>
    <dimen name="x28">21.26dp</dimen>
    <dimen name="x29">22.02dp</dimen>
    <dimen name="x30">22.78dp</dimen>
    <dimen name="x31">23.54dp</dimen>
    <dimen name="x32">24.30dp</dimen>
    <dimen name="x33">25.06dp</dimen>
    <dimen name="x34">25.81dp</dimen>
    <dimen name="x35">26.57dp</dimen>
    <dimen name="x36">27.33dp</dimen>
    <dimen name="x37">28.09dp</dimen>
    <dimen name="x38">28.85dp</dimen>
    <dimen name="x39">29.61dp</dimen>
    <dimen name="x40">30.37dp</dimen>
    <dimen name="x41">31.13dp</dimen>
    <dimen name="x42">31.89dp</dimen>
    <dimen name="x43">32.65dp</dimen>
    <dimen name="x44">33.41dp</dimen>
    <dimen name="x45">34.17dp</dimen>
    <dimen name="x46">34.93dp</dimen>
    <dimen name="x47">35.69dp</dimen>
    <dimen name="x48">36.44dp</dimen>
    <dimen name="x49">37.20dp</dimen>
    <dimen name="x50">37.96dp</dimen>
    <dimen name="x51">38.72dp</dimen>
    <dimen name="x52">39.48dp</dimen>
    <dimen name="x53">40.24dp</dimen>
    <dimen name="x54">41.00dp</dimen>
    <dimen name="x55">41.76dp</dimen>
    <dimen name="x56">42.52dp</dimen>
    <dimen name="x57">43.28dp</dimen>
    <dimen name="x58">44.04dp</dimen>
    <dimen name="x59">44.80dp</dimen>
    <dimen name="x60">45.56dp</dimen>
    <dimen name="x61">46.31dp</dimen>
    <dimen name="x62">47.07dp</dimen>
    <dimen name="x63">47.83dp</dimen>
    <dimen name="x64">48.59dp</dimen>
    <dimen name="x65">49.35dp</dimen>
    <dimen name="x66">50.11dp</dimen>
    <dimen name="x67">50.87dp</dimen>
    <dimen name="x68">51.63dp</dimen>
    <dimen name="x69">52.39dp</dimen>
    <dimen name="x70">53.15dp</dimen>
    <dimen name="x71">53.91dp</dimen>
    <dimen name="x72">54.67dp</dimen>
    <dimen name="x73">55.43dp</dimen>
    <dimen name="x74">56.19dp</dimen>
    <dimen name="x75">56.94dp</dimen>
    <dimen name="x76">57.70dp</dimen>
    <dimen name="x77">58.46dp</dimen>
    <dimen name="x78">59.22dp</dimen>
    <dimen name="x79">59.98dp</dimen>
    <dimen name="x80">60.74dp</dimen>
    <dimen name="x81">61.50dp</dimen>
    <dimen name="x82">62.26dp</dimen>
    <dimen name="x83">63.02dp</dimen>
    <dimen name="x84">63.78dp</dimen>
    <dimen name="x85">64.54dp</dimen>
    <dimen name="x86">65.30dp</dimen>
    <dimen name="x87">66.06dp</dimen>
    <dimen name="x88">66.81dp</dimen>
    <dimen name="x89">67.57dp</dimen>
    <dimen name="x90">68.33dp</dimen>
    <dimen name="x91">69.09dp</dimen>
    <dimen name="x92">69.85dp</dimen>
    <dimen name="x93">70.61dp</dimen>
    <dimen name="x94">71.37dp</dimen>
    <dimen name="x95">72.13dp</dimen>
    <dimen name="x96">72.89dp</dimen>
    <dimen name="x97">73.65dp</dimen>
    <dimen name="x98">74.41dp</dimen>
    <dimen name="x99">75.17dp</dimen>
    <dimen name="x100">75.93dp</dimen>
    <dimen name="x101">76.69dp</dimen>
    <dimen name="x102">77.44dp</dimen>
    <dimen name="x103">78.20dp</dimen>
    <dimen name="x104">78.96dp</dimen>
    <dimen name="x105">79.72dp</dimen>
    <dimen name="x106">80.48dp</dimen>
    <dimen name="x107">81.24dp</dimen>
    <dimen name="x108">82.00dp</dimen>
    <dimen name="x109">82.76dp</dimen>
    <dimen name="x110">83.52dp</dimen>
    <dimen name="x111">84.28dp</dimen>
    <dimen name="x112">85.04dp</dimen>
    <dimen name="x113">85.80dp</dimen>
    <dimen name="x114">86.56dp</dimen>
    <dimen name="x115">87.31dp</dimen>
    <dimen name="x116">88.07dp</dimen>
    <dimen name="x117">88.83dp</dimen>
    <dimen name="x118">89.59dp</dimen>
    <dimen name="x119">90.35dp</dimen>
    <dimen name="x120">91.11dp</dimen>
    <dimen name="x121">91.87dp</dimen>
    <dimen name="x122">92.63dp</dimen>
    <dimen name="x123">93.39dp</dimen>
    <dimen name="x124">94.15dp</dimen>
    <dimen name="x125">94.91dp</dimen>
    <dimen name="x126">95.67dp</dimen>
    <dimen name="x127">96.43dp</dimen>
    <dimen name="x128">97.19dp</dimen>
    <dimen name="x129">97.94dp</dimen>
    <dimen name="x130">98.70dp</dimen>
    <dimen name="x131">99.46dp</dimen>
    <dimen name="x132">100.22dp</dimen>
    <dimen name="x133">100.98dp</dimen>
    <dimen name="x134">101.74dp</dimen>
    <dimen name="x135">102.50dp</dimen>
    <dimen name="x136">103.26dp</dimen>
    <dimen name="x137">104.02dp</dimen>
    <dimen name="x138">104.78dp</dimen>
    <dimen name="x139">105.54dp</dimen>
    <dimen name="x140">106.30dp</dimen>
    <dimen name="x141">107.06dp</dimen>
    <dimen name="x142">107.81dp</dimen>
    <dimen name="x143">108.57dp</dimen>
    <dimen name="x144">109.33dp</dimen>
    <dimen name="x145">110.09dp</dimen>
    <dimen name="x146">110.85dp</dimen>
    <dimen name="x147">111.61dp</dimen>
    <dimen name="x148">112.37dp</dimen>
    <dimen name="x149">113.13dp</dimen>
    <dimen name="x150">113.89dp</dimen>
    <dimen name="x151">114.65dp</dimen>
    <dimen name="x152">115.41dp</dimen>
    <dimen name="x153">116.17dp</dimen>
    <dimen name="x154">116.93dp</dimen>
    <dimen name="x155">117.69dp</dimen>
    <dimen name="x156">118.44dp</dimen>
    <dimen name="x157">119.20dp</dimen>
    <dimen name="x158">119.96dp</dimen>
    <dimen name="x159">120.72dp</dimen>
    <dimen name="x160">121.48dp</dimen>
    <dimen name="x161">122.24dp</dimen>
    <dimen name="x162">123.00dp</dimen>
    <dimen name="x163">123.76dp</dimen>
    <dimen name="x164">124.52dp</dimen>
    <dimen name="x165">125.28dp</dimen>
    <dimen name="x166">126.04dp</dimen>
    <dimen name="x167">126.80dp</dimen>
    <dimen name="x168">127.56dp</dimen>
    <dimen name="x169">128.31dp</dimen>
    <dimen name="x170">129.07dp</dimen>
    <dimen name="x171">129.83dp</dimen>
    <dimen name="x172">130.59dp</dimen>
    <dimen name="x173">131.35dp</dimen>
    <dimen name="x174">132.11dp</dimen>
    <dimen name="x175">132.87dp</dimen>
    <dimen name="x176">133.63dp</dimen>
    <dimen name="x177">134.39dp</dimen>
    <dimen name="x178">135.15dp</dimen>
    <dimen name="x179">135.91dp</dimen>
    <dimen name="x180">136.67dp</dimen>
    <dimen name="x181">137.43dp</dimen>
    <dimen name="x182">138.19dp</dimen>
    <dimen name="x183">138.94dp</dimen>
    <dimen name="x184">139.70dp</dimen>
    <dimen name="x185">140.46dp</dimen>
    <dimen name="x186">141.22dp</dimen>
    <dimen name="x187">141.98dp</dimen>
    <dimen name="x188">142.74dp</dimen>
    <dimen name="x189">143.50dp</dimen>
    <dimen name="x190">144.26dp</dimen>
    <dimen name="x191">145.02dp</dimen>
    <dimen name="x192">145.78dp</dimen>
    <dimen name="x193">146.54dp</dimen>
    <dimen name="x194">147.30dp</dimen>
    <dimen name="x195">148.06dp</dimen>
    <dimen name="x196">148.81dp</dimen>
    <dimen name="x197">149.57dp</dimen>
    <dimen name="x198">150.33dp</dimen>
    <dimen name="x199">151.09dp</dimen>
    <dimen name="x200">151.85dp</dimen>
    <dimen name="x201">152.61dp</dimen>
    <dimen name="x202">153.37dp</dimen>
    <dimen name="x203">154.13dp</dimen>
    <dimen name="x204">154.89dp</dimen>
    <dimen name="x205">155.65dp</dimen>
    <dimen name="x206">156.41dp</dimen>
    <dimen name="x207">157.17dp</dimen>
    <dimen name="x208">157.93dp</dimen>
    <dimen name="x209">158.69dp</dimen>
    <dimen name="x210">159.44dp</dimen>
    <dimen name="x211">160.20dp</dimen>
    <dimen name="x212">160.96dp</dimen>
    <dimen name="x213">161.72dp</dimen>
    <dimen name="x214">162.48dp</dimen>
    <dimen name="x215">163.24dp</dimen>
    <dimen name="x216">164.00dp</dimen>
    <dimen name="x217">164.76dp</dimen>
    <dimen name="x218">165.52dp</dimen>
    <dimen name="x219">166.28dp</dimen>
    <dimen name="x220">167.04dp</dimen>
    <dimen name="x221">167.80dp</dimen>
    <dimen name="x222">168.56dp</dimen>
    <dimen name="x223">169.31dp</dimen>
    <dimen name="x224">170.07dp</dimen>
    <dimen name="x225">170.83dp</dimen>
    <dimen name="x226">171.59dp</dimen>
    <dimen name="x227">172.35dp</dimen>
    <dimen name="x228">173.11dp</dimen>
    <dimen name="x229">173.87dp</dimen>
    <dimen name="x230">174.63dp</dimen>
    <dimen name="x231">175.39dp</dimen>
    <dimen name="x232">176.15dp</dimen>
    <dimen name="x233">176.91dp</dimen>
    <dimen name="x234">177.67dp</dimen>
    <dimen name="x235">178.43dp</dimen>
    <dimen name="x236">179.19dp</dimen>
    <dimen name="x237">179.94dp</dimen>
    <dimen name="x238">180.70dp</dimen>
    <dimen name="x239">181.46dp</dimen>
    <dimen name="x240">182.22dp</dimen>
    <dimen name="x241">182.98dp</dimen>
    <dimen name="x242">183.74dp</dimen>
    <dimen name="x243">184.50dp</dimen>
    <dimen name="x244">185.26dp</dimen>
    <dimen name="x245">186.02dp</dimen>
    <dimen name="x246">186.78dp</dimen>
    <dimen name="x247">187.54dp</dimen>
    <dimen name="x248">188.30dp</dimen>
    <dimen name="x249">189.06dp</dimen>
    <dimen name="x250">189.81dp</dimen>
    <dimen name="x251">190.57dp</dimen>
    <dimen name="x252">191.33dp</dimen>
    <dimen name="x253">192.09dp</dimen>
    <dimen name="x254">192.85dp</dimen>
    <dimen name="x255">193.61dp</dimen>
    <dimen name="x256">194.37dp</dimen>
    <dimen name="x257">195.13dp</dimen>
    <dimen name="x258">195.89dp</dimen>
    <dimen name="x259">196.65dp</dimen>
    <dimen name="x260">197.41dp</dimen>
    <dimen name="x261">198.17dp</dimen>
    <dimen name="x262">198.93dp</dimen>
    <dimen name="x263">199.69dp</dimen>
    <dimen name="x264">200.44dp</dimen>
    <dimen name="x265">201.20dp</dimen>
    <dimen name="x266">201.96dp</dimen>
    <dimen name="x267">202.72dp</dimen>
    <dimen name="x268">203.48dp</dimen>
    <dimen name="x269">204.24dp</dimen>
    <dimen name="x270">205.00dp</dimen>
    <dimen name="x271">205.76dp</dimen>
    <dimen name="x272">206.52dp</dimen>
    <dimen name="x273">207.28dp</dimen>
    <dimen name="x274">208.04dp</dimen>
    <dimen name="x275">208.80dp</dimen>
    <dimen name="x276">209.56dp</dimen>
    <dimen name="x277">210.31dp</dimen>
    <dimen name="x278">211.07dp</dimen>
    <dimen name="x279">211.83dp</dimen>
    <dimen name="x280">212.59dp</dimen>
    <dimen name="x281">213.35dp</dimen>
    <dimen name="x282">214.11dp</dimen>
    <dimen name="x283">214.87dp</dimen>
    <dimen name="x284">215.63dp</dimen>
    <dimen name="x285">216.39dp</dimen>
    <dimen name="x286">217.15dp</dimen>
    <dimen name="x287">217.91dp</dimen>
    <dimen name="x288">218.67dp</dimen>
    <dimen name="x289">219.43dp</dimen>
    <dimen name="x290">220.19dp</dimen>
    <dimen name="x291">220.94dp</dimen>
    <dimen name="x292">221.70dp</dimen>
    <dimen name="x293">222.46dp</dimen>
    <dimen name="x294">223.22dp</dimen>
    <dimen name="x295">223.98dp</dimen>
    <dimen name="x296">224.74dp</dimen>
    <dimen name="x297">225.50dp</dimen>
    <dimen name="x298">226.26dp</dimen>
    <dimen name="x299">227.02dp</dimen>
    <dimen name="x300">227.78dp</dimen>
    <dimen name="x301">228.54dp</dimen>
    <dimen name="x302">229.30dp</dimen>
    <dimen name="x303">230.06dp</dimen>
    <dimen name="x304">230.81dp</dimen>
    <dimen name="x305">231.57dp</dimen>
    <dimen name="x306">232.33dp</dimen>
    <dimen name="x307">233.09dp</dimen>
    <dimen name="x308">233.85dp</dimen>
    <dimen name="x309">234.61dp</dimen>
    <dimen name="x310">235.37dp</dimen>
    <dimen name="x311">236.13dp</dimen>
    <dimen name="x312">236.89dp</dimen>
    <dimen name="x313">237.65dp</dimen>
    <dimen name="x314">238.41dp</dimen>
    <dimen name="x315">239.17dp</dimen>
    <dimen name="x316">239.93dp</dimen>
    <dimen name="x317">240.69dp</dimen>
    <dimen name="x318">241.44dp</dimen>
    <dimen name="x319">242.20dp</dimen>
    <dimen name="x320">242.96dp</dimen>
    <dimen name="x321">243.72dp</dimen>
    <dimen name="x322">244.48dp</dimen>
    <dimen name="x323">245.24dp</dimen>
    <dimen name="x324">246.00dp</dimen>
    <dimen name="x325">246.76dp</dimen>
    <dimen name="x326">247.52dp</dimen>
    <dimen name="x327">248.28dp</dimen>
    <dimen name="x328">249.04dp</dimen>
    <dimen name="x329">249.80dp</dimen>
    <dimen name="x330">250.56dp</dimen>
    <dimen name="x331">251.31dp</dimen>
    <dimen name="x332">252.07dp</dimen>
    <dimen name="x333">252.83dp</dimen>
    <dimen name="x334">253.59dp</dimen>
    <dimen name="x335">254.35dp</dimen>
    <dimen name="x336">255.11dp</dimen>
    <dimen name="x337">255.87dp</dimen>
    <dimen name="x338">256.63dp</dimen>
    <dimen name="x339">257.39dp</dimen>
    <dimen name="x340">258.15dp</dimen>
    <dimen name="x341">258.91dp</dimen>
    <dimen name="x342">259.67dp</dimen>
    <dimen name="x343">260.43dp</dimen>
    <dimen name="x344">261.19dp</dimen>
    <dimen name="x345">261.94dp</dimen>
    <dimen name="x346">262.70dp</dimen>
    <dimen name="x347">263.46dp</dimen>
    <dimen name="x348">264.22dp</dimen>
    <dimen name="x349">264.98dp</dimen>
    <dimen name="x350">265.74dp</dimen>
    <dimen name="x351">266.50dp</dimen>
    <dimen name="x352">267.26dp</dimen>
    <dimen name="x353">268.02dp</dimen>
    <dimen name="x354">268.78dp</dimen>
    <dimen name="x355">269.54dp</dimen>
    <dimen name="x356">270.30dp</dimen>
    <dimen name="x357">271.06dp</dimen>
    <dimen name="x358">271.81dp</dimen>
    <dimen name="x359">272.57dp</dimen>
    <dimen name="x360">273.33dp</dimen>
    <dimen name="x361">274.09dp</dimen>
    <dimen name="x362">274.85dp</dimen>
    <dimen name="x363">275.61dp</dimen>
    <dimen name="x364">276.37dp</dimen>
    <dimen name="x365">277.13dp</dimen>
    <dimen name="x366">277.89dp</dimen>
    <dimen name="x367">278.65dp</dimen>
    <dimen name="x368">279.41dp</dimen>
    <dimen name="x369">280.17dp</dimen>
    <dimen name="x370">280.93dp</dimen>
    <dimen name="x371">281.69dp</dimen>
    <dimen name="x372">282.44dp</dimen>
    <dimen name="x373">283.20dp</dimen>
    <dimen name="x374">283.96dp</dimen>
    <dimen name="x375">284.72dp</dimen>
    <dimen name="x376">285.48dp</dimen>
    <dimen name="x377">286.24dp</dimen>
    <dimen name="x378">287.00dp</dimen>
    <dimen name="x379">287.76dp</dimen>
    <dimen name="x380">288.52dp</dimen>
    <dimen name="x381">289.28dp</dimen>
    <dimen name="x382">290.04dp</dimen>
    <dimen name="x383">290.80dp</dimen>
    <dimen name="x384">291.56dp</dimen>
    <dimen name="x385">292.31dp</dimen>
    <dimen name="x386">293.07dp</dimen>
    <dimen name="x387">293.83dp</dimen>
    <dimen name="x388">294.59dp</dimen>
    <dimen name="x389">295.35dp</dimen>
    <dimen name="x390">296.11dp</dimen>
    <dimen name="x391">296.87dp</dimen>
    <dimen name="x392">297.63dp</dimen>
    <dimen name="x393">298.39dp</dimen>
    <dimen name="x394">299.15dp</dimen>
    <dimen name="x395">299.91dp</dimen>
    <dimen name="x396">300.67dp</dimen>
    <dimen name="x397">301.43dp</dimen>
    <dimen name="x398">302.19dp</dimen>
    <dimen name="x399">302.94dp</dimen>
    <dimen name="x400">303.70dp</dimen>
    <dimen name="x401">304.46dp</dimen>
    <dimen name="x402">305.22dp</dimen>
    <dimen name="x403">305.98dp</dimen>
    <dimen name="x404">306.74dp</dimen>
    <dimen name="x405">307.50dp</dimen>
    <dimen name="x406">308.26dp</dimen>
    <dimen name="x407">309.02dp</dimen>
    <dimen name="x408">309.78dp</dimen>
    <dimen name="x409">310.54dp</dimen>
    <dimen name="x410">311.30dp</dimen>
    <dimen name="x411">312.06dp</dimen>
    <dimen name="x412">312.81dp</dimen>
    <dimen name="x413">313.57dp</dimen>
    <dimen name="x414">314.33dp</dimen>
    <dimen name="x415">315.09dp</dimen>
    <dimen name="x416">315.85dp</dimen>
    <dimen name="x417">316.61dp</dimen>
    <dimen name="x418">317.37dp</dimen>
    <dimen name="x419">318.13dp</dimen>
    <dimen name="x420">318.89dp</dimen>
    <dimen name="x421">319.65dp</dimen>
    <dimen name="x422">320.41dp</dimen>
    <dimen name="x423">321.17dp</dimen>
    <dimen name="x424">321.93dp</dimen>
    <dimen name="x425">322.69dp</dimen>
    <dimen name="x426">323.44dp</dimen>
    <dimen name="x427">324.20dp</dimen>
    <dimen name="x428">324.96dp</dimen>
    <dimen name="x429">325.72dp</dimen>
    <dimen name="x430">326.48dp</dimen>
    <dimen name="x431">327.24dp</dimen>
    <dimen name="x432">328.00dp</dimen>
    <dimen name="x433">328.76dp</dimen>
    <dimen name="x434">329.52dp</dimen>
    <dimen name="x435">330.28dp</dimen>
    <dimen name="x436">331.04dp</dimen>
    <dimen name="x437">331.80dp</dimen>
    <dimen name="x438">332.56dp</dimen>
    <dimen name="x439">333.31dp</dimen>
    <dimen name="x440">334.07dp</dimen>
    <dimen name="x441">334.83dp</dimen>
    <dimen name="x442">335.59dp</dimen>
    <dimen name="x443">336.35dp</dimen>
    <dimen name="x444">337.11dp</dimen>
    <dimen name="x445">337.87dp</dimen>
    <dimen name="x446">338.63dp</dimen>
    <dimen name="x447">339.39dp</dimen>
    <dimen name="x448">340.15dp</dimen>
    <dimen name="x449">340.91dp</dimen>
    <dimen name="x450">341.67dp</dimen>
    <dimen name="x451">342.43dp</dimen>
    <dimen name="x452">343.19dp</dimen>
    <dimen name="x453">343.94dp</dimen>
    <dimen name="x454">344.70dp</dimen>
    <dimen name="x455">345.46dp</dimen>
    <dimen name="x456">346.22dp</dimen>
    <dimen name="x457">346.98dp</dimen>
    <dimen name="x458">347.74dp</dimen>
    <dimen name="x459">348.50dp</dimen>
    <dimen name="x460">349.26dp</dimen>
    <dimen name="x461">350.02dp</dimen>
    <dimen name="x462">350.78dp</dimen>
    <dimen name="x463">351.54dp</dimen>
    <dimen name="x464">352.30dp</dimen>
    <dimen name="x465">353.06dp</dimen>
    <dimen name="x466">353.81dp</dimen>
    <dimen name="x467">354.57dp</dimen>
    <dimen name="x468">355.33dp</dimen>
    <dimen name="x469">356.09dp</dimen>
    <dimen name="x470">356.85dp</dimen>
    <dimen name="x471">357.61dp</dimen>
    <dimen name="x472">358.37dp</dimen>
    <dimen name="x473">359.13dp</dimen>
    <dimen name="x474">359.89dp</dimen>
    <dimen name="x475">360.65dp</dimen>
    <dimen name="x476">361.41dp</dimen>
    <dimen name="x477">362.17dp</dimen>
    <dimen name="x478">362.93dp</dimen>
    <dimen name="x479">363.69dp</dimen>
    <dimen name="x480">364.44dp</dimen>
    <dimen name="x481">365.20dp</dimen>
    <dimen name="x482">365.96dp</dimen>
    <dimen name="x483">366.72dp</dimen>
    <dimen name="x484">367.48dp</dimen>
    <dimen name="x485">368.24dp</dimen>
    <dimen name="x486">369.00dp</dimen>
    <dimen name="x487">369.76dp</dimen>
    <dimen name="x488">370.52dp</dimen>
    <dimen name="x489">371.28dp</dimen>
    <dimen name="x490">372.04dp</dimen>
    <dimen name="x491">372.80dp</dimen>
    <dimen name="x492">373.56dp</dimen>
    <dimen name="x493">374.31dp</dimen>
    <dimen name="x494">375.07dp</dimen>
    <dimen name="x495">375.83dp</dimen>
    <dimen name="x496">376.59dp</dimen>
    <dimen name="x497">377.35dp</dimen>
    <dimen name="x498">378.11dp</dimen>
    <dimen name="x499">378.87dp</dimen>
    <dimen name="x500">379.63dp</dimen>
    <dimen name="x501">380.39dp</dimen>
    <dimen name="x502">381.15dp</dimen>
    <dimen name="x503">381.91dp</dimen>
    <dimen name="x504">382.67dp</dimen>
    <dimen name="x505">383.43dp</dimen>
    <dimen name="x506">384.19dp</dimen>
    <dimen name="x507">384.94dp</dimen>
    <dimen name="x508">385.70dp</dimen>
    <dimen name="x509">386.46dp</dimen>
    <dimen name="x510">387.22dp</dimen>
    <dimen name="x511">387.98dp</dimen>
    <dimen name="x512">388.74dp</dimen>
    <dimen name="x513">389.50dp</dimen>
    <dimen name="x514">390.26dp</dimen>
    <dimen name="x515">391.02dp</dimen>
    <dimen name="x516">391.78dp</dimen>
    <dimen name="x517">392.54dp</dimen>
    <dimen name="x518">393.30dp</dimen>
    <dimen name="x519">394.06dp</dimen>
    <dimen name="x520">394.81dp</dimen>
    <dimen name="x521">395.57dp</dimen>
    <dimen name="x522">396.33dp</dimen>
    <dimen name="x523">397.09dp</dimen>
    <dimen name="x524">397.85dp</dimen>
    <dimen name="x525">398.61dp</dimen>
    <dimen name="x526">399.37dp</dimen>
    <dimen name="x527">400.13dp</dimen>
    <dimen name="x528">400.89dp</dimen>
    <dimen name="x529">401.65dp</dimen>
    <dimen name="x530">402.41dp</dimen>
    <dimen name="x531">403.17dp</dimen>
    <dimen name="x532">403.93dp</dimen>
    <dimen name="x533">404.69dp</dimen>
    <dimen name="x534">405.44dp</dimen>
    <dimen name="x535">406.20dp</dimen>
    <dimen name="x536">406.96dp</dimen>
    <dimen name="x537">407.72dp</dimen>
    <dimen name="x538">408.48dp</dimen>
    <dimen name="x539">409.24dp</dimen>
    <dimen name="x540">410.00dp</dimen>
    <dimen name="x541">410.76dp</dimen>
    <dimen name="x542">411.52dp</dimen>
    <dimen name="x543">412.28dp</dimen>
    <dimen name="x544">413.04dp</dimen>
    <dimen name="x545">413.80dp</dimen>
    <dimen name="x546">414.56dp</dimen>
    <dimen name="x547">415.31dp</dimen>
    <dimen name="x548">416.07dp</dimen>
    <dimen name="x549">416.83dp</dimen>
    <dimen name="x550">417.59dp</dimen>
    <dimen name="x551">418.35dp</dimen>
    <dimen name="x552">419.11dp</dimen>
    <dimen name="x553">419.87dp</dimen>
    <dimen name="x554">420.63dp</dimen>
    <dimen name="x555">421.39dp</dimen>
    <dimen name="x556">422.15dp</dimen>
    <dimen name="x557">422.91dp</dimen>
    <dimen name="x558">423.67dp</dimen>
    <dimen name="x559">424.43dp</dimen>
    <dimen name="x560">425.19dp</dimen>
    <dimen name="x561">425.94dp</dimen>
    <dimen name="x562">426.70dp</dimen>
    <dimen name="x563">427.46dp</dimen>
    <dimen name="x564">428.22dp</dimen>
    <dimen name="x565">428.98dp</dimen>
    <dimen name="x566">429.74dp</dimen>
    <dimen name="x567">430.50dp</dimen>
    <dimen name="x568">431.26dp</dimen>
    <dimen name="x569">432.02dp</dimen>
    <dimen name="x570">432.78dp</dimen>
    <dimen name="x571">433.54dp</dimen>
    <dimen name="x572">434.30dp</dimen>
    <dimen name="x573">435.06dp</dimen>
    <dimen name="x574">435.81dp</dimen>
    <dimen name="x575">436.57dp</dimen>
    <dimen name="x576">437.33dp</dimen>
    <dimen name="x577">438.09dp</dimen>
    <dimen name="x578">438.85dp</dimen>
    <dimen name="x579">439.61dp</dimen>
    <dimen name="x580">440.37dp</dimen>
    <dimen name="x581">441.13dp</dimen>
    <dimen name="x582">441.89dp</dimen>
    <dimen name="x583">442.65dp</dimen>
    <dimen name="x584">443.41dp</dimen>
    <dimen name="x585">444.17dp</dimen>
    <dimen name="x586">444.93dp</dimen>
    <dimen name="x587">445.69dp</dimen>
    <dimen name="x588">446.44dp</dimen>
    <dimen name="x589">447.20dp</dimen>
    <dimen name="x590">447.96dp</dimen>
    <dimen name="x591">448.72dp</dimen>
    <dimen name="x592">449.48dp</dimen>
    <dimen name="x593">450.24dp</dimen>
    <dimen name="x594">451.00dp</dimen>
    <dimen name="x595">451.76dp</dimen>
    <dimen name="x596">452.52dp</dimen>
    <dimen name="x597">453.28dp</dimen>
    <dimen name="x598">454.04dp</dimen>
    <dimen name="x599">454.80dp</dimen>
    <dimen name="x600">455.56dp</dimen>
    <dimen name="x601">456.31dp</dimen>
    <dimen name="x602">457.07dp</dimen>
    <dimen name="x603">457.83dp</dimen>
    <dimen name="x604">458.59dp</dimen>
    <dimen name="x605">459.35dp</dimen>
    <dimen name="x606">460.11dp</dimen>
    <dimen name="x607">460.87dp</dimen>
    <dimen name="x608">461.63dp</dimen>
    <dimen name="x609">462.39dp</dimen>
    <dimen name="x610">463.15dp</dimen>
    <dimen name="x611">463.91dp</dimen>
    <dimen name="x612">464.67dp</dimen>
    <dimen name="x613">465.43dp</dimen>
    <dimen name="x614">466.19dp</dimen>
    <dimen name="x615">466.94dp</dimen>
    <dimen name="x616">467.70dp</dimen>
    <dimen name="x617">468.46dp</dimen>
    <dimen name="x618">469.22dp</dimen>
    <dimen name="x619">469.98dp</dimen>
    <dimen name="x620">470.74dp</dimen>
    <dimen name="x621">471.50dp</dimen>
    <dimen name="x622">472.26dp</dimen>
    <dimen name="x623">473.02dp</dimen>
    <dimen name="x624">473.78dp</dimen>
    <dimen name="x625">474.54dp</dimen>
    <dimen name="x626">475.30dp</dimen>
    <dimen name="x627">476.06dp</dimen>
    <dimen name="x628">476.81dp</dimen>
    <dimen name="x629">477.57dp</dimen>
    <dimen name="x630">478.33dp</dimen>
    <dimen name="x631">479.09dp</dimen>
    <dimen name="x632">479.85dp</dimen>
    <dimen name="x633">480.61dp</dimen>
    <dimen name="x634">481.37dp</dimen>
    <dimen name="x635">482.13dp</dimen>
    <dimen name="x636">482.89dp</dimen>
    <dimen name="x637">483.65dp</dimen>
    <dimen name="x638">484.41dp</dimen>
    <dimen name="x639">485.17dp</dimen>
    <dimen name="x640">485.93dp</dimen>
    <dimen name="x641">486.69dp</dimen>
    <dimen name="x642">487.44dp</dimen>
    <dimen name="x643">488.20dp</dimen>
    <dimen name="x644">488.96dp</dimen>
    <dimen name="x645">489.72dp</dimen>
    <dimen name="x646">490.48dp</dimen>
    <dimen name="x647">491.24dp</dimen>
    <dimen name="x648">492.00dp</dimen>
    <dimen name="x649">492.76dp</dimen>
    <dimen name="x650">493.52dp</dimen>
    <dimen name="x651">494.28dp</dimen>
    <dimen name="x652">495.04dp</dimen>
    <dimen name="x653">495.80dp</dimen>
    <dimen name="x654">496.56dp</dimen>
    <dimen name="x655">497.31dp</dimen>
    <dimen name="x656">498.07dp</dimen>
    <dimen name="x657">498.83dp</dimen>
    <dimen name="x658">499.59dp</dimen>
    <dimen name="x659">500.35dp</dimen>
    <dimen name="x660">501.11dp</dimen>
    <dimen name="x661">501.87dp</dimen>
    <dimen name="x662">502.63dp</dimen>
    <dimen name="x663">503.39dp</dimen>
    <dimen name="x664">504.15dp</dimen>
    <dimen name="x665">504.91dp</dimen>
    <dimen name="x666">505.67dp</dimen>
    <dimen name="x667">506.43dp</dimen>
    <dimen name="x668">507.19dp</dimen>
    <dimen name="x669">507.94dp</dimen>
    <dimen name="x670">508.70dp</dimen>
    <dimen name="x671">509.46dp</dimen>
    <dimen name="x672">510.22dp</dimen>
    <dimen name="x673">510.98dp</dimen>
    <dimen name="x674">511.74dp</dimen>
    <dimen name="x675">512.50dp</dimen>
    <dimen name="x676">513.26dp</dimen>
    <dimen name="x677">514.02dp</dimen>
    <dimen name="x678">514.78dp</dimen>
    <dimen name="x679">515.54dp</dimen>
    <dimen name="x680">516.30dp</dimen>
    <dimen name="x681">517.06dp</dimen>
    <dimen name="x682">517.81dp</dimen>
    <dimen name="x683">518.57dp</dimen>
    <dimen name="x684">519.33dp</dimen>
    <dimen name="x685">520.09dp</dimen>
    <dimen name="x686">520.85dp</dimen>
    <dimen name="x687">521.61dp</dimen>
    <dimen name="x688">522.37dp</dimen>
    <dimen name="x689">523.13dp</dimen>
    <dimen name="x690">523.89dp</dimen>
    <dimen name="x691">524.65dp</dimen>
    <dimen name="x692">525.41dp</dimen>
    <dimen name="x693">526.17dp</dimen>
    <dimen name="x694">526.93dp</dimen>
    <dimen name="x695">527.69dp</dimen>
    <dimen name="x696">528.44dp</dimen>
    <dimen name="x697">529.20dp</dimen>
    <dimen name="x698">529.96dp</dimen>
    <dimen name="x699">530.72dp</dimen>
    <dimen name="x700">531.48dp</dimen>
    <dimen name="x701">532.24dp</dimen>
    <dimen name="x702">533.00dp</dimen>
    <dimen name="x703">533.76dp</dimen>
    <dimen name="x704">534.52dp</dimen>
    <dimen name="x705">535.28dp</dimen>
    <dimen name="x706">536.04dp</dimen>
    <dimen name="x707">536.80dp</dimen>
    <dimen name="x708">537.56dp</dimen>
    <dimen name="x709">538.31dp</dimen>
    <dimen name="x710">539.07dp</dimen>
    <dimen name="x711">539.83dp</dimen>
    <dimen name="x712">540.59dp</dimen>
    <dimen name="x713">541.35dp</dimen>
    <dimen name="x714">542.11dp</dimen>
    <dimen name="x715">542.87dp</dimen>
    <dimen name="x716">543.63dp</dimen>
    <dimen name="x717">544.39dp</dimen>
    <dimen name="x718">545.15dp</dimen>
    <dimen name="x719">545.91dp</dimen>
    <dimen name="x720">546.67dp</dimen>
    <dimen name="x721">547.43dp</dimen>
    <dimen name="x722">548.19dp</dimen>
    <dimen name="x723">548.94dp</dimen>
    <dimen name="x724">549.70dp</dimen>
    <dimen name="x725">550.46dp</dimen>
    <dimen name="x726">551.22dp</dimen>
    <dimen name="x727">551.98dp</dimen>
    <dimen name="x728">552.74dp</dimen>
    <dimen name="x729">553.50dp</dimen>
    <dimen name="x730">554.26dp</dimen>
    <dimen name="x731">555.02dp</dimen>
    <dimen name="x732">555.78dp</dimen>
    <dimen name="x733">556.54dp</dimen>
    <dimen name="x734">557.30dp</dimen>
    <dimen name="x735">558.06dp</dimen>
    <dimen name="x736">558.81dp</dimen>
    <dimen name="x737">559.57dp</dimen>
    <dimen name="x738">560.33dp</dimen>
    <dimen name="x739">561.09dp</dimen>
    <dimen name="x740">561.85dp</dimen>
    <dimen name="x741">562.61dp</dimen>
    <dimen name="x742">563.37dp</dimen>
    <dimen name="x743">564.13dp</dimen>
    <dimen name="x744">564.89dp</dimen>
    <dimen name="x745">565.65dp</dimen>
    <dimen name="x746">566.41dp</dimen>
    <dimen name="x747">567.17dp</dimen>
    <dimen name="x748">567.93dp</dimen>
    <dimen name="x749">568.69dp</dimen>
    <dimen name="x750">569.44dp</dimen>
    <dimen name="x751">570.20dp</dimen>
    <dimen name="x752">570.96dp</dimen>
    <dimen name="x753">571.72dp</dimen>
    <dimen name="x754">572.48dp</dimen>
    <dimen name="x755">573.24dp</dimen>
    <dimen name="x756">574.00dp</dimen>
    <dimen name="x757">574.76dp</dimen>
    <dimen name="x758">575.52dp</dimen>
    <dimen name="x759">576.28dp</dimen>
    <dimen name="x760">577.04dp</dimen>
    <dimen name="x761">577.80dp</dimen>
    <dimen name="x762">578.56dp</dimen>
    <dimen name="x763">579.31dp</dimen>
    <dimen name="x764">580.07dp</dimen>
    <dimen name="x765">580.83dp</dimen>
    <dimen name="x766">581.59dp</dimen>
    <dimen name="x767">582.35dp</dimen>
    <dimen name="x768">583.11dp</dimen>
    <dimen name="x769">583.87dp</dimen>
    <dimen name="x770">584.63dp</dimen>
    <dimen name="x771">585.39dp</dimen>
    <dimen name="x772">586.15dp</dimen>
    <dimen name="x773">586.91dp</dimen>
    <dimen name="x774">587.67dp</dimen>
    <dimen name="x775">588.43dp</dimen>
    <dimen name="x776">589.19dp</dimen>
    <dimen name="x777">589.94dp</dimen>
    <dimen name="x778">590.70dp</dimen>
    <dimen name="x779">591.46dp</dimen>
    <dimen name="x780">592.22dp</dimen>
    <dimen name="x781">592.98dp</dimen>
    <dimen name="x782">593.74dp</dimen>
    <dimen name="x783">594.50dp</dimen>
    <dimen name="x784">595.26dp</dimen>
    <dimen name="x785">596.02dp</dimen>
    <dimen name="x786">596.78dp</dimen>
    <dimen name="x787">597.54dp</dimen>
    <dimen name="x788">598.30dp</dimen>
    <dimen name="x789">599.06dp</dimen>
    <dimen name="x790">599.81dp</dimen>
    <dimen name="x791">600.57dp</dimen>
    <dimen name="x792">601.33dp</dimen>
    <dimen name="x793">602.09dp</dimen>
    <dimen name="x794">602.85dp</dimen>
    <dimen name="x795">603.61dp</dimen>
    <dimen name="x796">604.37dp</dimen>
    <dimen name="x797">605.13dp</dimen>
    <dimen name="x798">605.89dp</dimen>
    <dimen name="x799">606.65dp</dimen>
    <dimen name="x800">607.41dp</dimen>
    <dimen name="x801">608.17dp</dimen>
    <dimen name="x802">608.93dp</dimen>
    <dimen name="x803">609.69dp</dimen>
    <dimen name="x804">610.44dp</dimen>
    <dimen name="x805">611.20dp</dimen>
    <dimen name="x806">611.96dp</dimen>
    <dimen name="x807">612.72dp</dimen>
    <dimen name="x808">613.48dp</dimen>
    <dimen name="x809">614.24dp</dimen>
    <dimen name="x810">615.00dp</dimen>
    <dimen name="x811">615.76dp</dimen>
    <dimen name="x812">616.52dp</dimen>
    <dimen name="x813">617.28dp</dimen>
    <dimen name="x814">618.04dp</dimen>
    <dimen name="x815">618.80dp</dimen>
    <dimen name="x816">619.56dp</dimen>
    <dimen name="x817">620.31dp</dimen>
    <dimen name="x818">621.07dp</dimen>
    <dimen name="x819">621.83dp</dimen>
    <dimen name="x820">622.59dp</dimen>
    <dimen name="x821">623.35dp</dimen>
    <dimen name="x822">624.11dp</dimen>
    <dimen name="x823">624.87dp</dimen>
    <dimen name="x824">625.63dp</dimen>
    <dimen name="x825">626.39dp</dimen>
    <dimen name="x826">627.15dp</dimen>
    <dimen name="x827">627.91dp</dimen>
    <dimen name="x828">628.67dp</dimen>
    <dimen name="x829">629.43dp</dimen>
    <dimen name="x830">630.19dp</dimen>
    <dimen name="x831">630.94dp</dimen>
    <dimen name="x832">631.70dp</dimen>
    <dimen name="x833">632.46dp</dimen>
    <dimen name="x834">633.22dp</dimen>
    <dimen name="x835">633.98dp</dimen>
    <dimen name="x836">634.74dp</dimen>
    <dimen name="x837">635.50dp</dimen>
    <dimen name="x838">636.26dp</dimen>
    <dimen name="x839">637.02dp</dimen>
    <dimen name="x840">637.78dp</dimen>
    <dimen name="x841">638.54dp</dimen>
    <dimen name="x842">639.30dp</dimen>
    <dimen name="x843">640.06dp</dimen>
    <dimen name="x844">640.81dp</dimen>
    <dimen name="x845">641.57dp</dimen>
    <dimen name="x846">642.33dp</dimen>
    <dimen name="x847">643.09dp</dimen>
    <dimen name="x848">643.85dp</dimen>
    <dimen name="x849">644.61dp</dimen>
    <dimen name="x850">645.37dp</dimen>
    <dimen name="x851">646.13dp</dimen>
    <dimen name="x852">646.89dp</dimen>
    <dimen name="x853">647.65dp</dimen>
    <dimen name="x854">648.41dp</dimen>
    <dimen name="x855">649.17dp</dimen>
    <dimen name="x856">649.93dp</dimen>
    <dimen name="x857">650.69dp</dimen>
    <dimen name="x858">651.44dp</dimen>
    <dimen name="x859">652.20dp</dimen>
    <dimen name="x860">652.96dp</dimen>
    <dimen name="x861">653.72dp</dimen>
    <dimen name="x862">654.48dp</dimen>
    <dimen name="x863">655.24dp</dimen>
    <dimen name="x864">656.00dp</dimen>
    <dimen name="x865">656.76dp</dimen>
    <dimen name="x866">657.52dp</dimen>
    <dimen name="x867">658.28dp</dimen>
    <dimen name="x868">659.04dp</dimen>
    <dimen name="x869">659.80dp</dimen>
    <dimen name="x870">660.56dp</dimen>
    <dimen name="x871">661.31dp</dimen>
    <dimen name="x872">662.07dp</dimen>
    <dimen name="x873">662.83dp</dimen>
    <dimen name="x874">663.59dp</dimen>
    <dimen name="x875">664.35dp</dimen>
    <dimen name="x876">665.11dp</dimen>
    <dimen name="x877">665.87dp</dimen>
    <dimen name="x878">666.63dp</dimen>
    <dimen name="x879">667.39dp</dimen>
    <dimen name="x880">668.15dp</dimen>
    <dimen name="x881">668.91dp</dimen>
    <dimen name="x882">669.67dp</dimen>
    <dimen name="x883">670.43dp</dimen>
    <dimen name="x884">671.19dp</dimen>
    <dimen name="x885">671.94dp</dimen>
    <dimen name="x886">672.70dp</dimen>
    <dimen name="x887">673.46dp</dimen>
    <dimen name="x888">674.22dp</dimen>
    <dimen name="x889">674.98dp</dimen>
    <dimen name="x890">675.74dp</dimen>
    <dimen name="x891">676.50dp</dimen>
    <dimen name="x892">677.26dp</dimen>
    <dimen name="x893">678.02dp</dimen>
    <dimen name="x894">678.78dp</dimen>
    <dimen name="x895">679.54dp</dimen>
    <dimen name="x896">680.30dp</dimen>
    <dimen name="x897">681.06dp</dimen>
    <dimen name="x898">681.81dp</dimen>
    <dimen name="x899">682.57dp</dimen>
    <dimen name="x900">683.33dp</dimen>
    <dimen name="x901">684.09dp</dimen>
    <dimen name="x902">684.85dp</dimen>
    <dimen name="x903">685.61dp</dimen>
    <dimen name="x904">686.37dp</dimen>
    <dimen name="x905">687.13dp</dimen>
    <dimen name="x906">687.89dp</dimen>
    <dimen name="x907">688.65dp</dimen>
    <dimen name="x908">689.41dp</dimen>
    <dimen name="x909">690.17dp</dimen>
    <dimen name="x910">690.93dp</dimen>
    <dimen name="x911">691.69dp</dimen>
    <dimen name="x912">692.44dp</dimen>
    <dimen name="x913">693.20dp</dimen>
    <dimen name="x914">693.96dp</dimen>
    <dimen name="x915">694.72dp</dimen>
    <dimen name="x916">695.48dp</dimen>
    <dimen name="x917">696.24dp</dimen>
    <dimen name="x918">697.00dp</dimen>
    <dimen name="x919">697.76dp</dimen>
    <dimen name="x920">698.52dp</dimen>
    <dimen name="x921">699.28dp</dimen>
    <dimen name="x922">700.04dp</dimen>
    <dimen name="x923">700.80dp</dimen>
    <dimen name="x924">701.56dp</dimen>
    <dimen name="x925">702.31dp</dimen>
    <dimen name="x926">703.07dp</dimen>
    <dimen name="x927">703.83dp</dimen>
    <dimen name="x928">704.59dp</dimen>
    <dimen name="x929">705.35dp</dimen>
    <dimen name="x930">706.11dp</dimen>
    <dimen name="x931">706.87dp</dimen>
    <dimen name="x932">707.63dp</dimen>
    <dimen name="x933">708.39dp</dimen>
    <dimen name="x934">709.15dp</dimen>
    <dimen name="x935">709.91dp</dimen>
    <dimen name="x936">710.67dp</dimen>
    <dimen name="x937">711.43dp</dimen>
    <dimen name="x938">712.19dp</dimen>
    <dimen name="x939">712.94dp</dimen>
    <dimen name="x940">713.70dp</dimen>
    <dimen name="x941">714.46dp</dimen>
    <dimen name="x942">715.22dp</dimen>
    <dimen name="x943">715.98dp</dimen>
    <dimen name="x944">716.74dp</dimen>
    <dimen name="x945">717.50dp</dimen>
    <dimen name="x946">718.26dp</dimen>
    <dimen name="x947">719.02dp</dimen>
    <dimen name="x948">719.78dp</dimen>
    <dimen name="x949">720.54dp</dimen>
    <dimen name="x950">721.30dp</dimen>
    <dimen name="x951">722.06dp</dimen>
    <dimen name="x952">722.81dp</dimen>
    <dimen name="x953">723.57dp</dimen>
    <dimen name="x954">724.33dp</dimen>
    <dimen name="x955">725.09dp</dimen>
    <dimen name="x956">725.85dp</dimen>
    <dimen name="x957">726.61dp</dimen>
    <dimen name="x958">727.37dp</dimen>
    <dimen name="x959">728.13dp</dimen>
    <dimen name="x960">728.89dp</dimen>
    <dimen name="x961">729.65dp</dimen>
    <dimen name="x962">730.41dp</dimen>
    <dimen name="x963">731.17dp</dimen>
    <dimen name="x964">731.93dp</dimen>
    <dimen name="x965">732.69dp</dimen>
    <dimen name="x966">733.44dp</dimen>
    <dimen name="x967">734.20dp</dimen>
    <dimen name="x968">734.96dp</dimen>
    <dimen name="x969">735.72dp</dimen>
    <dimen name="x970">736.48dp</dimen>
    <dimen name="x971">737.24dp</dimen>
    <dimen name="x972">738.00dp</dimen>
    <dimen name="x973">738.76dp</dimen>
    <dimen name="x974">739.52dp</dimen>
    <dimen name="x975">740.28dp</dimen>
    <dimen name="x976">741.04dp</dimen>
    <dimen name="x977">741.80dp</dimen>
    <dimen name="x978">742.56dp</dimen>
    <dimen name="x979">743.31dp</dimen>
    <dimen name="x980">744.07dp</dimen>
    <dimen name="x981">744.83dp</dimen>
    <dimen name="x982">745.59dp</dimen>
    <dimen name="x983">746.35dp</dimen>
    <dimen name="x984">747.11dp</dimen>
    <dimen name="x985">747.87dp</dimen>
    <dimen name="x986">748.63dp</dimen>
    <dimen name="x987">749.39dp</dimen>
    <dimen name="x988">750.15dp</dimen>
    <dimen name="x989">750.91dp</dimen>
    <dimen name="x990">751.67dp</dimen>
    <dimen name="x991">752.43dp</dimen>
    <dimen name="x992">753.19dp</dimen>
    <dimen name="x993">753.94dp</dimen>
    <dimen name="x994">754.70dp</dimen>
    <dimen name="x995">755.46dp</dimen>
    <dimen name="x996">756.22dp</dimen>
    <dimen name="x997">756.98dp</dimen>
    <dimen name="x998">757.74dp</dimen>
    <dimen name="x999">758.50dp</dimen>
    <dimen name="x1000">759.26dp</dimen>
    <dimen name="x1001">760.02dp</dimen>
    <dimen name="x1002">760.78dp</dimen>
    <dimen name="x1003">761.54dp</dimen>
    <dimen name="x1004">762.30dp</dimen>
    <dimen name="x1005">763.06dp</dimen>
    <dimen name="x1006">763.81dp</dimen>
    <dimen name="x1007">764.57dp</dimen>
    <dimen name="x1008">765.33dp</dimen>
    <dimen name="x1009">766.09dp</dimen>
    <dimen name="x1010">766.85dp</dimen>
    <dimen name="x1011">767.61dp</dimen>
    <dimen name="x1012">768.37dp</dimen>
    <dimen name="x1013">769.13dp</dimen>
    <dimen name="x1014">769.89dp</dimen>
    <dimen name="x1015">770.65dp</dimen>
    <dimen name="x1016">771.41dp</dimen>
    <dimen name="x1017">772.17dp</dimen>
    <dimen name="x1018">772.93dp</dimen>
    <dimen name="x1019">773.69dp</dimen>
    <dimen name="x1020">774.44dp</dimen>
    <dimen name="x1021">775.20dp</dimen>
    <dimen name="x1022">775.96dp</dimen>
    <dimen name="x1023">776.72dp</dimen>
    <dimen name="x1024">777.48dp</dimen>
    <dimen name="x1025">778.24dp</dimen>
    <dimen name="x1026">779.00dp</dimen>
    <dimen name="x1027">779.76dp</dimen>
    <dimen name="x1028">780.52dp</dimen>
    <dimen name="x1029">781.28dp</dimen>
    <dimen name="x1030">782.04dp</dimen>
    <dimen name="x1031">782.80dp</dimen>
    <dimen name="x1032">783.56dp</dimen>
    <dimen name="x1033">784.31dp</dimen>
    <dimen name="x1034">785.07dp</dimen>
    <dimen name="x1035">785.83dp</dimen>
    <dimen name="x1036">786.59dp</dimen>
    <dimen name="x1037">787.35dp</dimen>
    <dimen name="x1038">788.11dp</dimen>
    <dimen name="x1039">788.87dp</dimen>
    <dimen name="x1040">789.63dp</dimen>
    <dimen name="x1041">790.39dp</dimen>
    <dimen name="x1042">791.15dp</dimen>
    <dimen name="x1043">791.91dp</dimen>
    <dimen name="x1044">792.67dp</dimen>
    <dimen name="x1045">793.43dp</dimen>
    <dimen name="x1046">794.19dp</dimen>
    <dimen name="x1047">794.94dp</dimen>
    <dimen name="x1048">795.70dp</dimen>
    <dimen name="x1049">796.46dp</dimen>
    <dimen name="x1050">797.22dp</dimen>
    <dimen name="x1051">797.98dp</dimen>
    <dimen name="x1052">798.74dp</dimen>
    <dimen name="x1053">799.50dp</dimen>
    <dimen name="x1054">800.26dp</dimen>
    <dimen name="x1055">801.02dp</dimen>
    <dimen name="x1056">801.78dp</dimen>
    <dimen name="x1057">802.54dp</dimen>
    <dimen name="x1058">803.30dp</dimen>
    <dimen name="x1059">804.06dp</dimen>
    <dimen name="x1060">804.81dp</dimen>
    <dimen name="x1061">805.57dp</dimen>
    <dimen name="x1062">806.33dp</dimen>
    <dimen name="x1063">807.09dp</dimen>
    <dimen name="x1064">807.85dp</dimen>
    <dimen name="x1065">808.61dp</dimen>
    <dimen name="x1066">809.37dp</dimen>
    <dimen name="x1067">810.13dp</dimen>
    <dimen name="x1068">810.89dp</dimen>
    <dimen name="x1069">811.65dp</dimen>
    <dimen name="x1070">812.41dp</dimen>
    <dimen name="x1071">813.17dp</dimen>
    <dimen name="x1072">813.93dp</dimen>
    <dimen name="x1073">814.69dp</dimen>
    <dimen name="x1074">815.44dp</dimen>
    <dimen name="x1075">816.20dp</dimen>
    <dimen name="x1076">816.96dp</dimen>
    <dimen name="x1077">817.72dp</dimen>
    <dimen name="x1078">818.48dp</dimen>
    <dimen name="x1079">819.24dp</dimen>
    <dimen name="x1080">820.00dp</dimen>
</resources>