<?xml version="1.0" encoding="utf-8"?>
<resources>
    <string name="sw_dp">1020dp</string>
    <dimen name="x1">0.94dp</dimen>
    <dimen name="x2">1.89dp</dimen>
    <dimen name="x3">2.83dp</dimen>
    <dimen name="x4">3.78dp</dimen>
    <dimen name="x5">4.72dp</dimen>
    <dimen name="x6">5.67dp</dimen>
    <dimen name="x7">6.61dp</dimen>
    <dimen name="x8">7.56dp</dimen>
    <dimen name="x9">8.50dp</dimen>
    <dimen name="x10">9.44dp</dimen>
    <dimen name="x11">10.39dp</dimen>
    <dimen name="x12">11.33dp</dimen>
    <dimen name="x13">12.28dp</dimen>
    <dimen name="x14">13.22dp</dimen>
    <dimen name="x15">14.17dp</dimen>
    <dimen name="x16">15.11dp</dimen>
    <dimen name="x17">16.06dp</dimen>
    <dimen name="x18">17.00dp</dimen>
    <dimen name="x19">17.94dp</dimen>
    <dimen name="x20">18.89dp</dimen>
    <dimen name="x21">19.83dp</dimen>
    <dimen name="x22">20.78dp</dimen>
    <dimen name="x23">21.72dp</dimen>
    <dimen name="x24">22.67dp</dimen>
    <dimen name="x25">23.61dp</dimen>
    <dimen name="x26">24.56dp</dimen>
    <dimen name="x27">25.50dp</dimen>
    <dimen name="x28">26.44dp</dimen>
    <dimen name="x29">27.39dp</dimen>
    <dimen name="x30">28.33dp</dimen>
    <dimen name="x31">29.28dp</dimen>
    <dimen name="x32">30.22dp</dimen>
    <dimen name="x33">31.17dp</dimen>
    <dimen name="x34">32.11dp</dimen>
    <dimen name="x35">33.06dp</dimen>
    <dimen name="x36">34.00dp</dimen>
    <dimen name="x37">34.94dp</dimen>
    <dimen name="x38">35.89dp</dimen>
    <dimen name="x39">36.83dp</dimen>
    <dimen name="x40">37.78dp</dimen>
    <dimen name="x41">38.72dp</dimen>
    <dimen name="x42">39.67dp</dimen>
    <dimen name="x43">40.61dp</dimen>
    <dimen name="x44">41.56dp</dimen>
    <dimen name="x45">42.50dp</dimen>
    <dimen name="x46">43.44dp</dimen>
    <dimen name="x47">44.39dp</dimen>
    <dimen name="x48">45.33dp</dimen>
    <dimen name="x49">46.28dp</dimen>
    <dimen name="x50">47.22dp</dimen>
    <dimen name="x51">48.17dp</dimen>
    <dimen name="x52">49.11dp</dimen>
    <dimen name="x53">50.06dp</dimen>
    <dimen name="x54">51.00dp</dimen>
    <dimen name="x55">51.94dp</dimen>
    <dimen name="x56">52.89dp</dimen>
    <dimen name="x57">53.83dp</dimen>
    <dimen name="x58">54.78dp</dimen>
    <dimen name="x59">55.72dp</dimen>
    <dimen name="x60">56.67dp</dimen>
    <dimen name="x61">57.61dp</dimen>
    <dimen name="x62">58.56dp</dimen>
    <dimen name="x63">59.50dp</dimen>
    <dimen name="x64">60.44dp</dimen>
    <dimen name="x65">61.39dp</dimen>
    <dimen name="x66">62.33dp</dimen>
    <dimen name="x67">63.28dp</dimen>
    <dimen name="x68">64.22dp</dimen>
    <dimen name="x69">65.17dp</dimen>
    <dimen name="x70">66.11dp</dimen>
    <dimen name="x71">67.06dp</dimen>
    <dimen name="x72">68.00dp</dimen>
    <dimen name="x73">68.94dp</dimen>
    <dimen name="x74">69.89dp</dimen>
    <dimen name="x75">70.83dp</dimen>
    <dimen name="x76">71.78dp</dimen>
    <dimen name="x77">72.72dp</dimen>
    <dimen name="x78">73.67dp</dimen>
    <dimen name="x79">74.61dp</dimen>
    <dimen name="x80">75.56dp</dimen>
    <dimen name="x81">76.50dp</dimen>
    <dimen name="x82">77.44dp</dimen>
    <dimen name="x83">78.39dp</dimen>
    <dimen name="x84">79.33dp</dimen>
    <dimen name="x85">80.28dp</dimen>
    <dimen name="x86">81.22dp</dimen>
    <dimen name="x87">82.17dp</dimen>
    <dimen name="x88">83.11dp</dimen>
    <dimen name="x89">84.06dp</dimen>
    <dimen name="x90">85.00dp</dimen>
    <dimen name="x91">85.94dp</dimen>
    <dimen name="x92">86.89dp</dimen>
    <dimen name="x93">87.83dp</dimen>
    <dimen name="x94">88.78dp</dimen>
    <dimen name="x95">89.72dp</dimen>
    <dimen name="x96">90.67dp</dimen>
    <dimen name="x97">91.61dp</dimen>
    <dimen name="x98">92.56dp</dimen>
    <dimen name="x99">93.50dp</dimen>
    <dimen name="x100">94.44dp</dimen>
    <dimen name="x101">95.39dp</dimen>
    <dimen name="x102">96.33dp</dimen>
    <dimen name="x103">97.28dp</dimen>
    <dimen name="x104">98.22dp</dimen>
    <dimen name="x105">99.17dp</dimen>
    <dimen name="x106">100.11dp</dimen>
    <dimen name="x107">101.06dp</dimen>
    <dimen name="x108">102.00dp</dimen>
    <dimen name="x109">102.94dp</dimen>
    <dimen name="x110">103.89dp</dimen>
    <dimen name="x111">104.83dp</dimen>
    <dimen name="x112">105.78dp</dimen>
    <dimen name="x113">106.72dp</dimen>
    <dimen name="x114">107.67dp</dimen>
    <dimen name="x115">108.61dp</dimen>
    <dimen name="x116">109.56dp</dimen>
    <dimen name="x117">110.50dp</dimen>
    <dimen name="x118">111.44dp</dimen>
    <dimen name="x119">112.39dp</dimen>
    <dimen name="x120">113.33dp</dimen>
    <dimen name="x121">114.28dp</dimen>
    <dimen name="x122">115.22dp</dimen>
    <dimen name="x123">116.17dp</dimen>
    <dimen name="x124">117.11dp</dimen>
    <dimen name="x125">118.06dp</dimen>
    <dimen name="x126">119.00dp</dimen>
    <dimen name="x127">119.94dp</dimen>
    <dimen name="x128">120.89dp</dimen>
    <dimen name="x129">121.83dp</dimen>
    <dimen name="x130">122.78dp</dimen>
    <dimen name="x131">123.72dp</dimen>
    <dimen name="x132">124.67dp</dimen>
    <dimen name="x133">125.61dp</dimen>
    <dimen name="x134">126.56dp</dimen>
    <dimen name="x135">127.50dp</dimen>
    <dimen name="x136">128.44dp</dimen>
    <dimen name="x137">129.39dp</dimen>
    <dimen name="x138">130.33dp</dimen>
    <dimen name="x139">131.28dp</dimen>
    <dimen name="x140">132.22dp</dimen>
    <dimen name="x141">133.17dp</dimen>
    <dimen name="x142">134.11dp</dimen>
    <dimen name="x143">135.06dp</dimen>
    <dimen name="x144">136.00dp</dimen>
    <dimen name="x145">136.94dp</dimen>
    <dimen name="x146">137.89dp</dimen>
    <dimen name="x147">138.83dp</dimen>
    <dimen name="x148">139.78dp</dimen>
    <dimen name="x149">140.72dp</dimen>
    <dimen name="x150">141.67dp</dimen>
    <dimen name="x151">142.61dp</dimen>
    <dimen name="x152">143.56dp</dimen>
    <dimen name="x153">144.50dp</dimen>
    <dimen name="x154">145.44dp</dimen>
    <dimen name="x155">146.39dp</dimen>
    <dimen name="x156">147.33dp</dimen>
    <dimen name="x157">148.28dp</dimen>
    <dimen name="x158">149.22dp</dimen>
    <dimen name="x159">150.17dp</dimen>
    <dimen name="x160">151.11dp</dimen>
    <dimen name="x161">152.06dp</dimen>
    <dimen name="x162">153.00dp</dimen>
    <dimen name="x163">153.94dp</dimen>
    <dimen name="x164">154.89dp</dimen>
    <dimen name="x165">155.83dp</dimen>
    <dimen name="x166">156.78dp</dimen>
    <dimen name="x167">157.72dp</dimen>
    <dimen name="x168">158.67dp</dimen>
    <dimen name="x169">159.61dp</dimen>
    <dimen name="x170">160.56dp</dimen>
    <dimen name="x171">161.50dp</dimen>
    <dimen name="x172">162.44dp</dimen>
    <dimen name="x173">163.39dp</dimen>
    <dimen name="x174">164.33dp</dimen>
    <dimen name="x175">165.28dp</dimen>
    <dimen name="x176">166.22dp</dimen>
    <dimen name="x177">167.17dp</dimen>
    <dimen name="x178">168.11dp</dimen>
    <dimen name="x179">169.06dp</dimen>
    <dimen name="x180">170.00dp</dimen>
    <dimen name="x181">170.94dp</dimen>
    <dimen name="x182">171.89dp</dimen>
    <dimen name="x183">172.83dp</dimen>
    <dimen name="x184">173.78dp</dimen>
    <dimen name="x185">174.72dp</dimen>
    <dimen name="x186">175.67dp</dimen>
    <dimen name="x187">176.61dp</dimen>
    <dimen name="x188">177.56dp</dimen>
    <dimen name="x189">178.50dp</dimen>
    <dimen name="x190">179.44dp</dimen>
    <dimen name="x191">180.39dp</dimen>
    <dimen name="x192">181.33dp</dimen>
    <dimen name="x193">182.28dp</dimen>
    <dimen name="x194">183.22dp</dimen>
    <dimen name="x195">184.17dp</dimen>
    <dimen name="x196">185.11dp</dimen>
    <dimen name="x197">186.06dp</dimen>
    <dimen name="x198">187.00dp</dimen>
    <dimen name="x199">187.94dp</dimen>
    <dimen name="x200">188.89dp</dimen>
    <dimen name="x201">189.83dp</dimen>
    <dimen name="x202">190.78dp</dimen>
    <dimen name="x203">191.72dp</dimen>
    <dimen name="x204">192.67dp</dimen>
    <dimen name="x205">193.61dp</dimen>
    <dimen name="x206">194.56dp</dimen>
    <dimen name="x207">195.50dp</dimen>
    <dimen name="x208">196.44dp</dimen>
    <dimen name="x209">197.39dp</dimen>
    <dimen name="x210">198.33dp</dimen>
    <dimen name="x211">199.28dp</dimen>
    <dimen name="x212">200.22dp</dimen>
    <dimen name="x213">201.17dp</dimen>
    <dimen name="x214">202.11dp</dimen>
    <dimen name="x215">203.06dp</dimen>
    <dimen name="x216">204.00dp</dimen>
    <dimen name="x217">204.94dp</dimen>
    <dimen name="x218">205.89dp</dimen>
    <dimen name="x219">206.83dp</dimen>
    <dimen name="x220">207.78dp</dimen>
    <dimen name="x221">208.72dp</dimen>
    <dimen name="x222">209.67dp</dimen>
    <dimen name="x223">210.61dp</dimen>
    <dimen name="x224">211.56dp</dimen>
    <dimen name="x225">212.50dp</dimen>
    <dimen name="x226">213.44dp</dimen>
    <dimen name="x227">214.39dp</dimen>
    <dimen name="x228">215.33dp</dimen>
    <dimen name="x229">216.28dp</dimen>
    <dimen name="x230">217.22dp</dimen>
    <dimen name="x231">218.17dp</dimen>
    <dimen name="x232">219.11dp</dimen>
    <dimen name="x233">220.06dp</dimen>
    <dimen name="x234">221.00dp</dimen>
    <dimen name="x235">221.94dp</dimen>
    <dimen name="x236">222.89dp</dimen>
    <dimen name="x237">223.83dp</dimen>
    <dimen name="x238">224.78dp</dimen>
    <dimen name="x239">225.72dp</dimen>
    <dimen name="x240">226.67dp</dimen>
    <dimen name="x241">227.61dp</dimen>
    <dimen name="x242">228.56dp</dimen>
    <dimen name="x243">229.50dp</dimen>
    <dimen name="x244">230.44dp</dimen>
    <dimen name="x245">231.39dp</dimen>
    <dimen name="x246">232.33dp</dimen>
    <dimen name="x247">233.28dp</dimen>
    <dimen name="x248">234.22dp</dimen>
    <dimen name="x249">235.17dp</dimen>
    <dimen name="x250">236.11dp</dimen>
    <dimen name="x251">237.06dp</dimen>
    <dimen name="x252">238.00dp</dimen>
    <dimen name="x253">238.94dp</dimen>
    <dimen name="x254">239.89dp</dimen>
    <dimen name="x255">240.83dp</dimen>
    <dimen name="x256">241.78dp</dimen>
    <dimen name="x257">242.72dp</dimen>
    <dimen name="x258">243.67dp</dimen>
    <dimen name="x259">244.61dp</dimen>
    <dimen name="x260">245.56dp</dimen>
    <dimen name="x261">246.50dp</dimen>
    <dimen name="x262">247.44dp</dimen>
    <dimen name="x263">248.39dp</dimen>
    <dimen name="x264">249.33dp</dimen>
    <dimen name="x265">250.28dp</dimen>
    <dimen name="x266">251.22dp</dimen>
    <dimen name="x267">252.17dp</dimen>
    <dimen name="x268">253.11dp</dimen>
    <dimen name="x269">254.06dp</dimen>
    <dimen name="x270">255.00dp</dimen>
    <dimen name="x271">255.94dp</dimen>
    <dimen name="x272">256.89dp</dimen>
    <dimen name="x273">257.83dp</dimen>
    <dimen name="x274">258.78dp</dimen>
    <dimen name="x275">259.72dp</dimen>
    <dimen name="x276">260.67dp</dimen>
    <dimen name="x277">261.61dp</dimen>
    <dimen name="x278">262.56dp</dimen>
    <dimen name="x279">263.50dp</dimen>
    <dimen name="x280">264.44dp</dimen>
    <dimen name="x281">265.39dp</dimen>
    <dimen name="x282">266.33dp</dimen>
    <dimen name="x283">267.28dp</dimen>
    <dimen name="x284">268.22dp</dimen>
    <dimen name="x285">269.17dp</dimen>
    <dimen name="x286">270.11dp</dimen>
    <dimen name="x287">271.06dp</dimen>
    <dimen name="x288">272.00dp</dimen>
    <dimen name="x289">272.94dp</dimen>
    <dimen name="x290">273.89dp</dimen>
    <dimen name="x291">274.83dp</dimen>
    <dimen name="x292">275.78dp</dimen>
    <dimen name="x293">276.72dp</dimen>
    <dimen name="x294">277.67dp</dimen>
    <dimen name="x295">278.61dp</dimen>
    <dimen name="x296">279.56dp</dimen>
    <dimen name="x297">280.50dp</dimen>
    <dimen name="x298">281.44dp</dimen>
    <dimen name="x299">282.39dp</dimen>
    <dimen name="x300">283.33dp</dimen>
    <dimen name="x301">284.28dp</dimen>
    <dimen name="x302">285.22dp</dimen>
    <dimen name="x303">286.17dp</dimen>
    <dimen name="x304">287.11dp</dimen>
    <dimen name="x305">288.06dp</dimen>
    <dimen name="x306">289.00dp</dimen>
    <dimen name="x307">289.94dp</dimen>
    <dimen name="x308">290.89dp</dimen>
    <dimen name="x309">291.83dp</dimen>
    <dimen name="x310">292.78dp</dimen>
    <dimen name="x311">293.72dp</dimen>
    <dimen name="x312">294.67dp</dimen>
    <dimen name="x313">295.61dp</dimen>
    <dimen name="x314">296.56dp</dimen>
    <dimen name="x315">297.50dp</dimen>
    <dimen name="x316">298.44dp</dimen>
    <dimen name="x317">299.39dp</dimen>
    <dimen name="x318">300.33dp</dimen>
    <dimen name="x319">301.28dp</dimen>
    <dimen name="x320">302.22dp</dimen>
    <dimen name="x321">303.17dp</dimen>
    <dimen name="x322">304.11dp</dimen>
    <dimen name="x323">305.06dp</dimen>
    <dimen name="x324">306.00dp</dimen>
    <dimen name="x325">306.94dp</dimen>
    <dimen name="x326">307.89dp</dimen>
    <dimen name="x327">308.83dp</dimen>
    <dimen name="x328">309.78dp</dimen>
    <dimen name="x329">310.72dp</dimen>
    <dimen name="x330">311.67dp</dimen>
    <dimen name="x331">312.61dp</dimen>
    <dimen name="x332">313.56dp</dimen>
    <dimen name="x333">314.50dp</dimen>
    <dimen name="x334">315.44dp</dimen>
    <dimen name="x335">316.39dp</dimen>
    <dimen name="x336">317.33dp</dimen>
    <dimen name="x337">318.28dp</dimen>
    <dimen name="x338">319.22dp</dimen>
    <dimen name="x339">320.17dp</dimen>
    <dimen name="x340">321.11dp</dimen>
    <dimen name="x341">322.06dp</dimen>
    <dimen name="x342">323.00dp</dimen>
    <dimen name="x343">323.94dp</dimen>
    <dimen name="x344">324.89dp</dimen>
    <dimen name="x345">325.83dp</dimen>
    <dimen name="x346">326.78dp</dimen>
    <dimen name="x347">327.72dp</dimen>
    <dimen name="x348">328.67dp</dimen>
    <dimen name="x349">329.61dp</dimen>
    <dimen name="x350">330.56dp</dimen>
    <dimen name="x351">331.50dp</dimen>
    <dimen name="x352">332.44dp</dimen>
    <dimen name="x353">333.39dp</dimen>
    <dimen name="x354">334.33dp</dimen>
    <dimen name="x355">335.28dp</dimen>
    <dimen name="x356">336.22dp</dimen>
    <dimen name="x357">337.17dp</dimen>
    <dimen name="x358">338.11dp</dimen>
    <dimen name="x359">339.06dp</dimen>
    <dimen name="x360">340.00dp</dimen>
    <dimen name="x361">340.94dp</dimen>
    <dimen name="x362">341.89dp</dimen>
    <dimen name="x363">342.83dp</dimen>
    <dimen name="x364">343.78dp</dimen>
    <dimen name="x365">344.72dp</dimen>
    <dimen name="x366">345.67dp</dimen>
    <dimen name="x367">346.61dp</dimen>
    <dimen name="x368">347.56dp</dimen>
    <dimen name="x369">348.50dp</dimen>
    <dimen name="x370">349.44dp</dimen>
    <dimen name="x371">350.39dp</dimen>
    <dimen name="x372">351.33dp</dimen>
    <dimen name="x373">352.28dp</dimen>
    <dimen name="x374">353.22dp</dimen>
    <dimen name="x375">354.17dp</dimen>
    <dimen name="x376">355.11dp</dimen>
    <dimen name="x377">356.06dp</dimen>
    <dimen name="x378">357.00dp</dimen>
    <dimen name="x379">357.94dp</dimen>
    <dimen name="x380">358.89dp</dimen>
    <dimen name="x381">359.83dp</dimen>
    <dimen name="x382">360.78dp</dimen>
    <dimen name="x383">361.72dp</dimen>
    <dimen name="x384">362.67dp</dimen>
    <dimen name="x385">363.61dp</dimen>
    <dimen name="x386">364.56dp</dimen>
    <dimen name="x387">365.50dp</dimen>
    <dimen name="x388">366.44dp</dimen>
    <dimen name="x389">367.39dp</dimen>
    <dimen name="x390">368.33dp</dimen>
    <dimen name="x391">369.28dp</dimen>
    <dimen name="x392">370.22dp</dimen>
    <dimen name="x393">371.17dp</dimen>
    <dimen name="x394">372.11dp</dimen>
    <dimen name="x395">373.06dp</dimen>
    <dimen name="x396">374.00dp</dimen>
    <dimen name="x397">374.94dp</dimen>
    <dimen name="x398">375.89dp</dimen>
    <dimen name="x399">376.83dp</dimen>
    <dimen name="x400">377.78dp</dimen>
    <dimen name="x401">378.72dp</dimen>
    <dimen name="x402">379.67dp</dimen>
    <dimen name="x403">380.61dp</dimen>
    <dimen name="x404">381.56dp</dimen>
    <dimen name="x405">382.50dp</dimen>
    <dimen name="x406">383.44dp</dimen>
    <dimen name="x407">384.39dp</dimen>
    <dimen name="x408">385.33dp</dimen>
    <dimen name="x409">386.28dp</dimen>
    <dimen name="x410">387.22dp</dimen>
    <dimen name="x411">388.17dp</dimen>
    <dimen name="x412">389.11dp</dimen>
    <dimen name="x413">390.06dp</dimen>
    <dimen name="x414">391.00dp</dimen>
    <dimen name="x415">391.94dp</dimen>
    <dimen name="x416">392.89dp</dimen>
    <dimen name="x417">393.83dp</dimen>
    <dimen name="x418">394.78dp</dimen>
    <dimen name="x419">395.72dp</dimen>
    <dimen name="x420">396.67dp</dimen>
    <dimen name="x421">397.61dp</dimen>
    <dimen name="x422">398.56dp</dimen>
    <dimen name="x423">399.50dp</dimen>
    <dimen name="x424">400.44dp</dimen>
    <dimen name="x425">401.39dp</dimen>
    <dimen name="x426">402.33dp</dimen>
    <dimen name="x427">403.28dp</dimen>
    <dimen name="x428">404.22dp</dimen>
    <dimen name="x429">405.17dp</dimen>
    <dimen name="x430">406.11dp</dimen>
    <dimen name="x431">407.06dp</dimen>
    <dimen name="x432">408.00dp</dimen>
    <dimen name="x433">408.94dp</dimen>
    <dimen name="x434">409.89dp</dimen>
    <dimen name="x435">410.83dp</dimen>
    <dimen name="x436">411.78dp</dimen>
    <dimen name="x437">412.72dp</dimen>
    <dimen name="x438">413.67dp</dimen>
    <dimen name="x439">414.61dp</dimen>
    <dimen name="x440">415.56dp</dimen>
    <dimen name="x441">416.50dp</dimen>
    <dimen name="x442">417.44dp</dimen>
    <dimen name="x443">418.39dp</dimen>
    <dimen name="x444">419.33dp</dimen>
    <dimen name="x445">420.28dp</dimen>
    <dimen name="x446">421.22dp</dimen>
    <dimen name="x447">422.17dp</dimen>
    <dimen name="x448">423.11dp</dimen>
    <dimen name="x449">424.06dp</dimen>
    <dimen name="x450">425.00dp</dimen>
    <dimen name="x451">425.94dp</dimen>
    <dimen name="x452">426.89dp</dimen>
    <dimen name="x453">427.83dp</dimen>
    <dimen name="x454">428.78dp</dimen>
    <dimen name="x455">429.72dp</dimen>
    <dimen name="x456">430.67dp</dimen>
    <dimen name="x457">431.61dp</dimen>
    <dimen name="x458">432.56dp</dimen>
    <dimen name="x459">433.50dp</dimen>
    <dimen name="x460">434.44dp</dimen>
    <dimen name="x461">435.39dp</dimen>
    <dimen name="x462">436.33dp</dimen>
    <dimen name="x463">437.28dp</dimen>
    <dimen name="x464">438.22dp</dimen>
    <dimen name="x465">439.17dp</dimen>
    <dimen name="x466">440.11dp</dimen>
    <dimen name="x467">441.06dp</dimen>
    <dimen name="x468">442.00dp</dimen>
    <dimen name="x469">442.94dp</dimen>
    <dimen name="x470">443.89dp</dimen>
    <dimen name="x471">444.83dp</dimen>
    <dimen name="x472">445.78dp</dimen>
    <dimen name="x473">446.72dp</dimen>
    <dimen name="x474">447.67dp</dimen>
    <dimen name="x475">448.61dp</dimen>
    <dimen name="x476">449.56dp</dimen>
    <dimen name="x477">450.50dp</dimen>
    <dimen name="x478">451.44dp</dimen>
    <dimen name="x479">452.39dp</dimen>
    <dimen name="x480">453.33dp</dimen>
    <dimen name="x481">454.28dp</dimen>
    <dimen name="x482">455.22dp</dimen>
    <dimen name="x483">456.17dp</dimen>
    <dimen name="x484">457.11dp</dimen>
    <dimen name="x485">458.06dp</dimen>
    <dimen name="x486">459.00dp</dimen>
    <dimen name="x487">459.94dp</dimen>
    <dimen name="x488">460.89dp</dimen>
    <dimen name="x489">461.83dp</dimen>
    <dimen name="x490">462.78dp</dimen>
    <dimen name="x491">463.72dp</dimen>
    <dimen name="x492">464.67dp</dimen>
    <dimen name="x493">465.61dp</dimen>
    <dimen name="x494">466.56dp</dimen>
    <dimen name="x495">467.50dp</dimen>
    <dimen name="x496">468.44dp</dimen>
    <dimen name="x497">469.39dp</dimen>
    <dimen name="x498">470.33dp</dimen>
    <dimen name="x499">471.28dp</dimen>
    <dimen name="x500">472.22dp</dimen>
    <dimen name="x501">473.17dp</dimen>
    <dimen name="x502">474.11dp</dimen>
    <dimen name="x503">475.06dp</dimen>
    <dimen name="x504">476.00dp</dimen>
    <dimen name="x505">476.94dp</dimen>
    <dimen name="x506">477.89dp</dimen>
    <dimen name="x507">478.83dp</dimen>
    <dimen name="x508">479.78dp</dimen>
    <dimen name="x509">480.72dp</dimen>
    <dimen name="x510">481.67dp</dimen>
    <dimen name="x511">482.61dp</dimen>
    <dimen name="x512">483.56dp</dimen>
    <dimen name="x513">484.50dp</dimen>
    <dimen name="x514">485.44dp</dimen>
    <dimen name="x515">486.39dp</dimen>
    <dimen name="x516">487.33dp</dimen>
    <dimen name="x517">488.28dp</dimen>
    <dimen name="x518">489.22dp</dimen>
    <dimen name="x519">490.17dp</dimen>
    <dimen name="x520">491.11dp</dimen>
    <dimen name="x521">492.06dp</dimen>
    <dimen name="x522">493.00dp</dimen>
    <dimen name="x523">493.94dp</dimen>
    <dimen name="x524">494.89dp</dimen>
    <dimen name="x525">495.83dp</dimen>
    <dimen name="x526">496.78dp</dimen>
    <dimen name="x527">497.72dp</dimen>
    <dimen name="x528">498.67dp</dimen>
    <dimen name="x529">499.61dp</dimen>
    <dimen name="x530">500.56dp</dimen>
    <dimen name="x531">501.50dp</dimen>
    <dimen name="x532">502.44dp</dimen>
    <dimen name="x533">503.39dp</dimen>
    <dimen name="x534">504.33dp</dimen>
    <dimen name="x535">505.28dp</dimen>
    <dimen name="x536">506.22dp</dimen>
    <dimen name="x537">507.17dp</dimen>
    <dimen name="x538">508.11dp</dimen>
    <dimen name="x539">509.06dp</dimen>
    <dimen name="x540">510.00dp</dimen>
    <dimen name="x541">510.94dp</dimen>
    <dimen name="x542">511.89dp</dimen>
    <dimen name="x543">512.83dp</dimen>
    <dimen name="x544">513.78dp</dimen>
    <dimen name="x545">514.72dp</dimen>
    <dimen name="x546">515.67dp</dimen>
    <dimen name="x547">516.61dp</dimen>
    <dimen name="x548">517.56dp</dimen>
    <dimen name="x549">518.50dp</dimen>
    <dimen name="x550">519.44dp</dimen>
    <dimen name="x551">520.39dp</dimen>
    <dimen name="x552">521.33dp</dimen>
    <dimen name="x553">522.28dp</dimen>
    <dimen name="x554">523.22dp</dimen>
    <dimen name="x555">524.17dp</dimen>
    <dimen name="x556">525.11dp</dimen>
    <dimen name="x557">526.06dp</dimen>
    <dimen name="x558">527.00dp</dimen>
    <dimen name="x559">527.94dp</dimen>
    <dimen name="x560">528.89dp</dimen>
    <dimen name="x561">529.83dp</dimen>
    <dimen name="x562">530.78dp</dimen>
    <dimen name="x563">531.72dp</dimen>
    <dimen name="x564">532.67dp</dimen>
    <dimen name="x565">533.61dp</dimen>
    <dimen name="x566">534.56dp</dimen>
    <dimen name="x567">535.50dp</dimen>
    <dimen name="x568">536.44dp</dimen>
    <dimen name="x569">537.39dp</dimen>
    <dimen name="x570">538.33dp</dimen>
    <dimen name="x571">539.28dp</dimen>
    <dimen name="x572">540.22dp</dimen>
    <dimen name="x573">541.17dp</dimen>
    <dimen name="x574">542.11dp</dimen>
    <dimen name="x575">543.06dp</dimen>
    <dimen name="x576">544.00dp</dimen>
    <dimen name="x577">544.94dp</dimen>
    <dimen name="x578">545.89dp</dimen>
    <dimen name="x579">546.83dp</dimen>
    <dimen name="x580">547.78dp</dimen>
    <dimen name="x581">548.72dp</dimen>
    <dimen name="x582">549.67dp</dimen>
    <dimen name="x583">550.61dp</dimen>
    <dimen name="x584">551.56dp</dimen>
    <dimen name="x585">552.50dp</dimen>
    <dimen name="x586">553.44dp</dimen>
    <dimen name="x587">554.39dp</dimen>
    <dimen name="x588">555.33dp</dimen>
    <dimen name="x589">556.28dp</dimen>
    <dimen name="x590">557.22dp</dimen>
    <dimen name="x591">558.17dp</dimen>
    <dimen name="x592">559.11dp</dimen>
    <dimen name="x593">560.06dp</dimen>
    <dimen name="x594">561.00dp</dimen>
    <dimen name="x595">561.94dp</dimen>
    <dimen name="x596">562.89dp</dimen>
    <dimen name="x597">563.83dp</dimen>
    <dimen name="x598">564.78dp</dimen>
    <dimen name="x599">565.72dp</dimen>
    <dimen name="x600">566.67dp</dimen>
    <dimen name="x601">567.61dp</dimen>
    <dimen name="x602">568.56dp</dimen>
    <dimen name="x603">569.50dp</dimen>
    <dimen name="x604">570.44dp</dimen>
    <dimen name="x605">571.39dp</dimen>
    <dimen name="x606">572.33dp</dimen>
    <dimen name="x607">573.28dp</dimen>
    <dimen name="x608">574.22dp</dimen>
    <dimen name="x609">575.17dp</dimen>
    <dimen name="x610">576.11dp</dimen>
    <dimen name="x611">577.06dp</dimen>
    <dimen name="x612">578.00dp</dimen>
    <dimen name="x613">578.94dp</dimen>
    <dimen name="x614">579.89dp</dimen>
    <dimen name="x615">580.83dp</dimen>
    <dimen name="x616">581.78dp</dimen>
    <dimen name="x617">582.72dp</dimen>
    <dimen name="x618">583.67dp</dimen>
    <dimen name="x619">584.61dp</dimen>
    <dimen name="x620">585.56dp</dimen>
    <dimen name="x621">586.50dp</dimen>
    <dimen name="x622">587.44dp</dimen>
    <dimen name="x623">588.39dp</dimen>
    <dimen name="x624">589.33dp</dimen>
    <dimen name="x625">590.28dp</dimen>
    <dimen name="x626">591.22dp</dimen>
    <dimen name="x627">592.17dp</dimen>
    <dimen name="x628">593.11dp</dimen>
    <dimen name="x629">594.06dp</dimen>
    <dimen name="x630">595.00dp</dimen>
    <dimen name="x631">595.94dp</dimen>
    <dimen name="x632">596.89dp</dimen>
    <dimen name="x633">597.83dp</dimen>
    <dimen name="x634">598.78dp</dimen>
    <dimen name="x635">599.72dp</dimen>
    <dimen name="x636">600.67dp</dimen>
    <dimen name="x637">601.61dp</dimen>
    <dimen name="x638">602.56dp</dimen>
    <dimen name="x639">603.50dp</dimen>
    <dimen name="x640">604.44dp</dimen>
    <dimen name="x641">605.39dp</dimen>
    <dimen name="x642">606.33dp</dimen>
    <dimen name="x643">607.28dp</dimen>
    <dimen name="x644">608.22dp</dimen>
    <dimen name="x645">609.17dp</dimen>
    <dimen name="x646">610.11dp</dimen>
    <dimen name="x647">611.06dp</dimen>
    <dimen name="x648">612.00dp</dimen>
    <dimen name="x649">612.94dp</dimen>
    <dimen name="x650">613.89dp</dimen>
    <dimen name="x651">614.83dp</dimen>
    <dimen name="x652">615.78dp</dimen>
    <dimen name="x653">616.72dp</dimen>
    <dimen name="x654">617.67dp</dimen>
    <dimen name="x655">618.61dp</dimen>
    <dimen name="x656">619.56dp</dimen>
    <dimen name="x657">620.50dp</dimen>
    <dimen name="x658">621.44dp</dimen>
    <dimen name="x659">622.39dp</dimen>
    <dimen name="x660">623.33dp</dimen>
    <dimen name="x661">624.28dp</dimen>
    <dimen name="x662">625.22dp</dimen>
    <dimen name="x663">626.17dp</dimen>
    <dimen name="x664">627.11dp</dimen>
    <dimen name="x665">628.06dp</dimen>
    <dimen name="x666">629.00dp</dimen>
    <dimen name="x667">629.94dp</dimen>
    <dimen name="x668">630.89dp</dimen>
    <dimen name="x669">631.83dp</dimen>
    <dimen name="x670">632.78dp</dimen>
    <dimen name="x671">633.72dp</dimen>
    <dimen name="x672">634.67dp</dimen>
    <dimen name="x673">635.61dp</dimen>
    <dimen name="x674">636.56dp</dimen>
    <dimen name="x675">637.50dp</dimen>
    <dimen name="x676">638.44dp</dimen>
    <dimen name="x677">639.39dp</dimen>
    <dimen name="x678">640.33dp</dimen>
    <dimen name="x679">641.28dp</dimen>
    <dimen name="x680">642.22dp</dimen>
    <dimen name="x681">643.17dp</dimen>
    <dimen name="x682">644.11dp</dimen>
    <dimen name="x683">645.06dp</dimen>
    <dimen name="x684">646.00dp</dimen>
    <dimen name="x685">646.94dp</dimen>
    <dimen name="x686">647.89dp</dimen>
    <dimen name="x687">648.83dp</dimen>
    <dimen name="x688">649.78dp</dimen>
    <dimen name="x689">650.72dp</dimen>
    <dimen name="x690">651.67dp</dimen>
    <dimen name="x691">652.61dp</dimen>
    <dimen name="x692">653.56dp</dimen>
    <dimen name="x693">654.50dp</dimen>
    <dimen name="x694">655.44dp</dimen>
    <dimen name="x695">656.39dp</dimen>
    <dimen name="x696">657.33dp</dimen>
    <dimen name="x697">658.28dp</dimen>
    <dimen name="x698">659.22dp</dimen>
    <dimen name="x699">660.17dp</dimen>
    <dimen name="x700">661.11dp</dimen>
    <dimen name="x701">662.06dp</dimen>
    <dimen name="x702">663.00dp</dimen>
    <dimen name="x703">663.94dp</dimen>
    <dimen name="x704">664.89dp</dimen>
    <dimen name="x705">665.83dp</dimen>
    <dimen name="x706">666.78dp</dimen>
    <dimen name="x707">667.72dp</dimen>
    <dimen name="x708">668.67dp</dimen>
    <dimen name="x709">669.61dp</dimen>
    <dimen name="x710">670.56dp</dimen>
    <dimen name="x711">671.50dp</dimen>
    <dimen name="x712">672.44dp</dimen>
    <dimen name="x713">673.39dp</dimen>
    <dimen name="x714">674.33dp</dimen>
    <dimen name="x715">675.28dp</dimen>
    <dimen name="x716">676.22dp</dimen>
    <dimen name="x717">677.17dp</dimen>
    <dimen name="x718">678.11dp</dimen>
    <dimen name="x719">679.06dp</dimen>
    <dimen name="x720">680.00dp</dimen>
    <dimen name="x721">680.94dp</dimen>
    <dimen name="x722">681.89dp</dimen>
    <dimen name="x723">682.83dp</dimen>
    <dimen name="x724">683.78dp</dimen>
    <dimen name="x725">684.72dp</dimen>
    <dimen name="x726">685.67dp</dimen>
    <dimen name="x727">686.61dp</dimen>
    <dimen name="x728">687.56dp</dimen>
    <dimen name="x729">688.50dp</dimen>
    <dimen name="x730">689.44dp</dimen>
    <dimen name="x731">690.39dp</dimen>
    <dimen name="x732">691.33dp</dimen>
    <dimen name="x733">692.28dp</dimen>
    <dimen name="x734">693.22dp</dimen>
    <dimen name="x735">694.17dp</dimen>
    <dimen name="x736">695.11dp</dimen>
    <dimen name="x737">696.06dp</dimen>
    <dimen name="x738">697.00dp</dimen>
    <dimen name="x739">697.94dp</dimen>
    <dimen name="x740">698.89dp</dimen>
    <dimen name="x741">699.83dp</dimen>
    <dimen name="x742">700.78dp</dimen>
    <dimen name="x743">701.72dp</dimen>
    <dimen name="x744">702.67dp</dimen>
    <dimen name="x745">703.61dp</dimen>
    <dimen name="x746">704.56dp</dimen>
    <dimen name="x747">705.50dp</dimen>
    <dimen name="x748">706.44dp</dimen>
    <dimen name="x749">707.39dp</dimen>
    <dimen name="x750">708.33dp</dimen>
    <dimen name="x751">709.28dp</dimen>
    <dimen name="x752">710.22dp</dimen>
    <dimen name="x753">711.17dp</dimen>
    <dimen name="x754">712.11dp</dimen>
    <dimen name="x755">713.06dp</dimen>
    <dimen name="x756">714.00dp</dimen>
    <dimen name="x757">714.94dp</dimen>
    <dimen name="x758">715.89dp</dimen>
    <dimen name="x759">716.83dp</dimen>
    <dimen name="x760">717.78dp</dimen>
    <dimen name="x761">718.72dp</dimen>
    <dimen name="x762">719.67dp</dimen>
    <dimen name="x763">720.61dp</dimen>
    <dimen name="x764">721.56dp</dimen>
    <dimen name="x765">722.50dp</dimen>
    <dimen name="x766">723.44dp</dimen>
    <dimen name="x767">724.39dp</dimen>
    <dimen name="x768">725.33dp</dimen>
    <dimen name="x769">726.28dp</dimen>
    <dimen name="x770">727.22dp</dimen>
    <dimen name="x771">728.17dp</dimen>
    <dimen name="x772">729.11dp</dimen>
    <dimen name="x773">730.06dp</dimen>
    <dimen name="x774">731.00dp</dimen>
    <dimen name="x775">731.94dp</dimen>
    <dimen name="x776">732.89dp</dimen>
    <dimen name="x777">733.83dp</dimen>
    <dimen name="x778">734.78dp</dimen>
    <dimen name="x779">735.72dp</dimen>
    <dimen name="x780">736.67dp</dimen>
    <dimen name="x781">737.61dp</dimen>
    <dimen name="x782">738.56dp</dimen>
    <dimen name="x783">739.50dp</dimen>
    <dimen name="x784">740.44dp</dimen>
    <dimen name="x785">741.39dp</dimen>
    <dimen name="x786">742.33dp</dimen>
    <dimen name="x787">743.28dp</dimen>
    <dimen name="x788">744.22dp</dimen>
    <dimen name="x789">745.17dp</dimen>
    <dimen name="x790">746.11dp</dimen>
    <dimen name="x791">747.06dp</dimen>
    <dimen name="x792">748.00dp</dimen>
    <dimen name="x793">748.94dp</dimen>
    <dimen name="x794">749.89dp</dimen>
    <dimen name="x795">750.83dp</dimen>
    <dimen name="x796">751.78dp</dimen>
    <dimen name="x797">752.72dp</dimen>
    <dimen name="x798">753.67dp</dimen>
    <dimen name="x799">754.61dp</dimen>
    <dimen name="x800">755.56dp</dimen>
    <dimen name="x801">756.50dp</dimen>
    <dimen name="x802">757.44dp</dimen>
    <dimen name="x803">758.39dp</dimen>
    <dimen name="x804">759.33dp</dimen>
    <dimen name="x805">760.28dp</dimen>
    <dimen name="x806">761.22dp</dimen>
    <dimen name="x807">762.17dp</dimen>
    <dimen name="x808">763.11dp</dimen>
    <dimen name="x809">764.06dp</dimen>
    <dimen name="x810">765.00dp</dimen>
    <dimen name="x811">765.94dp</dimen>
    <dimen name="x812">766.89dp</dimen>
    <dimen name="x813">767.83dp</dimen>
    <dimen name="x814">768.78dp</dimen>
    <dimen name="x815">769.72dp</dimen>
    <dimen name="x816">770.67dp</dimen>
    <dimen name="x817">771.61dp</dimen>
    <dimen name="x818">772.56dp</dimen>
    <dimen name="x819">773.50dp</dimen>
    <dimen name="x820">774.44dp</dimen>
    <dimen name="x821">775.39dp</dimen>
    <dimen name="x822">776.33dp</dimen>
    <dimen name="x823">777.28dp</dimen>
    <dimen name="x824">778.22dp</dimen>
    <dimen name="x825">779.17dp</dimen>
    <dimen name="x826">780.11dp</dimen>
    <dimen name="x827">781.06dp</dimen>
    <dimen name="x828">782.00dp</dimen>
    <dimen name="x829">782.94dp</dimen>
    <dimen name="x830">783.89dp</dimen>
    <dimen name="x831">784.83dp</dimen>
    <dimen name="x832">785.78dp</dimen>
    <dimen name="x833">786.72dp</dimen>
    <dimen name="x834">787.67dp</dimen>
    <dimen name="x835">788.61dp</dimen>
    <dimen name="x836">789.56dp</dimen>
    <dimen name="x837">790.50dp</dimen>
    <dimen name="x838">791.44dp</dimen>
    <dimen name="x839">792.39dp</dimen>
    <dimen name="x840">793.33dp</dimen>
    <dimen name="x841">794.28dp</dimen>
    <dimen name="x842">795.22dp</dimen>
    <dimen name="x843">796.17dp</dimen>
    <dimen name="x844">797.11dp</dimen>
    <dimen name="x845">798.06dp</dimen>
    <dimen name="x846">799.00dp</dimen>
    <dimen name="x847">799.94dp</dimen>
    <dimen name="x848">800.89dp</dimen>
    <dimen name="x849">801.83dp</dimen>
    <dimen name="x850">802.78dp</dimen>
    <dimen name="x851">803.72dp</dimen>
    <dimen name="x852">804.67dp</dimen>
    <dimen name="x853">805.61dp</dimen>
    <dimen name="x854">806.56dp</dimen>
    <dimen name="x855">807.50dp</dimen>
    <dimen name="x856">808.44dp</dimen>
    <dimen name="x857">809.39dp</dimen>
    <dimen name="x858">810.33dp</dimen>
    <dimen name="x859">811.28dp</dimen>
    <dimen name="x860">812.22dp</dimen>
    <dimen name="x861">813.17dp</dimen>
    <dimen name="x862">814.11dp</dimen>
    <dimen name="x863">815.06dp</dimen>
    <dimen name="x864">816.00dp</dimen>
    <dimen name="x865">816.94dp</dimen>
    <dimen name="x866">817.89dp</dimen>
    <dimen name="x867">818.83dp</dimen>
    <dimen name="x868">819.78dp</dimen>
    <dimen name="x869">820.72dp</dimen>
    <dimen name="x870">821.67dp</dimen>
    <dimen name="x871">822.61dp</dimen>
    <dimen name="x872">823.56dp</dimen>
    <dimen name="x873">824.50dp</dimen>
    <dimen name="x874">825.44dp</dimen>
    <dimen name="x875">826.39dp</dimen>
    <dimen name="x876">827.33dp</dimen>
    <dimen name="x877">828.28dp</dimen>
    <dimen name="x878">829.22dp</dimen>
    <dimen name="x879">830.17dp</dimen>
    <dimen name="x880">831.11dp</dimen>
    <dimen name="x881">832.06dp</dimen>
    <dimen name="x882">833.00dp</dimen>
    <dimen name="x883">833.94dp</dimen>
    <dimen name="x884">834.89dp</dimen>
    <dimen name="x885">835.83dp</dimen>
    <dimen name="x886">836.78dp</dimen>
    <dimen name="x887">837.72dp</dimen>
    <dimen name="x888">838.67dp</dimen>
    <dimen name="x889">839.61dp</dimen>
    <dimen name="x890">840.56dp</dimen>
    <dimen name="x891">841.50dp</dimen>
    <dimen name="x892">842.44dp</dimen>
    <dimen name="x893">843.39dp</dimen>
    <dimen name="x894">844.33dp</dimen>
    <dimen name="x895">845.28dp</dimen>
    <dimen name="x896">846.22dp</dimen>
    <dimen name="x897">847.17dp</dimen>
    <dimen name="x898">848.11dp</dimen>
    <dimen name="x899">849.06dp</dimen>
    <dimen name="x900">850.00dp</dimen>
    <dimen name="x901">850.94dp</dimen>
    <dimen name="x902">851.89dp</dimen>
    <dimen name="x903">852.83dp</dimen>
    <dimen name="x904">853.78dp</dimen>
    <dimen name="x905">854.72dp</dimen>
    <dimen name="x906">855.67dp</dimen>
    <dimen name="x907">856.61dp</dimen>
    <dimen name="x908">857.56dp</dimen>
    <dimen name="x909">858.50dp</dimen>
    <dimen name="x910">859.44dp</dimen>
    <dimen name="x911">860.39dp</dimen>
    <dimen name="x912">861.33dp</dimen>
    <dimen name="x913">862.28dp</dimen>
    <dimen name="x914">863.22dp</dimen>
    <dimen name="x915">864.17dp</dimen>
    <dimen name="x916">865.11dp</dimen>
    <dimen name="x917">866.06dp</dimen>
    <dimen name="x918">867.00dp</dimen>
    <dimen name="x919">867.94dp</dimen>
    <dimen name="x920">868.89dp</dimen>
    <dimen name="x921">869.83dp</dimen>
    <dimen name="x922">870.78dp</dimen>
    <dimen name="x923">871.72dp</dimen>
    <dimen name="x924">872.67dp</dimen>
    <dimen name="x925">873.61dp</dimen>
    <dimen name="x926">874.56dp</dimen>
    <dimen name="x927">875.50dp</dimen>
    <dimen name="x928">876.44dp</dimen>
    <dimen name="x929">877.39dp</dimen>
    <dimen name="x930">878.33dp</dimen>
    <dimen name="x931">879.28dp</dimen>
    <dimen name="x932">880.22dp</dimen>
    <dimen name="x933">881.17dp</dimen>
    <dimen name="x934">882.11dp</dimen>
    <dimen name="x935">883.06dp</dimen>
    <dimen name="x936">884.00dp</dimen>
    <dimen name="x937">884.94dp</dimen>
    <dimen name="x938">885.89dp</dimen>
    <dimen name="x939">886.83dp</dimen>
    <dimen name="x940">887.78dp</dimen>
    <dimen name="x941">888.72dp</dimen>
    <dimen name="x942">889.67dp</dimen>
    <dimen name="x943">890.61dp</dimen>
    <dimen name="x944">891.56dp</dimen>
    <dimen name="x945">892.50dp</dimen>
    <dimen name="x946">893.44dp</dimen>
    <dimen name="x947">894.39dp</dimen>
    <dimen name="x948">895.33dp</dimen>
    <dimen name="x949">896.28dp</dimen>
    <dimen name="x950">897.22dp</dimen>
    <dimen name="x951">898.17dp</dimen>
    <dimen name="x952">899.11dp</dimen>
    <dimen name="x953">900.06dp</dimen>
    <dimen name="x954">901.00dp</dimen>
    <dimen name="x955">901.94dp</dimen>
    <dimen name="x956">902.89dp</dimen>
    <dimen name="x957">903.83dp</dimen>
    <dimen name="x958">904.78dp</dimen>
    <dimen name="x959">905.72dp</dimen>
    <dimen name="x960">906.67dp</dimen>
    <dimen name="x961">907.61dp</dimen>
    <dimen name="x962">908.56dp</dimen>
    <dimen name="x963">909.50dp</dimen>
    <dimen name="x964">910.44dp</dimen>
    <dimen name="x965">911.39dp</dimen>
    <dimen name="x966">912.33dp</dimen>
    <dimen name="x967">913.28dp</dimen>
    <dimen name="x968">914.22dp</dimen>
    <dimen name="x969">915.17dp</dimen>
    <dimen name="x970">916.11dp</dimen>
    <dimen name="x971">917.06dp</dimen>
    <dimen name="x972">918.00dp</dimen>
    <dimen name="x973">918.94dp</dimen>
    <dimen name="x974">919.89dp</dimen>
    <dimen name="x975">920.83dp</dimen>
    <dimen name="x976">921.78dp</dimen>
    <dimen name="x977">922.72dp</dimen>
    <dimen name="x978">923.67dp</dimen>
    <dimen name="x979">924.61dp</dimen>
    <dimen name="x980">925.56dp</dimen>
    <dimen name="x981">926.50dp</dimen>
    <dimen name="x982">927.44dp</dimen>
    <dimen name="x983">928.39dp</dimen>
    <dimen name="x984">929.33dp</dimen>
    <dimen name="x985">930.28dp</dimen>
    <dimen name="x986">931.22dp</dimen>
    <dimen name="x987">932.17dp</dimen>
    <dimen name="x988">933.11dp</dimen>
    <dimen name="x989">934.06dp</dimen>
    <dimen name="x990">935.00dp</dimen>
    <dimen name="x991">935.94dp</dimen>
    <dimen name="x992">936.89dp</dimen>
    <dimen name="x993">937.83dp</dimen>
    <dimen name="x994">938.78dp</dimen>
    <dimen name="x995">939.72dp</dimen>
    <dimen name="x996">940.67dp</dimen>
    <dimen name="x997">941.61dp</dimen>
    <dimen name="x998">942.56dp</dimen>
    <dimen name="x999">943.50dp</dimen>
    <dimen name="x1000">944.44dp</dimen>
    <dimen name="x1001">945.39dp</dimen>
    <dimen name="x1002">946.33dp</dimen>
    <dimen name="x1003">947.28dp</dimen>
    <dimen name="x1004">948.22dp</dimen>
    <dimen name="x1005">949.17dp</dimen>
    <dimen name="x1006">950.11dp</dimen>
    <dimen name="x1007">951.06dp</dimen>
    <dimen name="x1008">952.00dp</dimen>
    <dimen name="x1009">952.94dp</dimen>
    <dimen name="x1010">953.89dp</dimen>
    <dimen name="x1011">954.83dp</dimen>
    <dimen name="x1012">955.78dp</dimen>
    <dimen name="x1013">956.72dp</dimen>
    <dimen name="x1014">957.67dp</dimen>
    <dimen name="x1015">958.61dp</dimen>
    <dimen name="x1016">959.56dp</dimen>
    <dimen name="x1017">960.50dp</dimen>
    <dimen name="x1018">961.44dp</dimen>
    <dimen name="x1019">962.39dp</dimen>
    <dimen name="x1020">963.33dp</dimen>
    <dimen name="x1021">964.28dp</dimen>
    <dimen name="x1022">965.22dp</dimen>
    <dimen name="x1023">966.17dp</dimen>
    <dimen name="x1024">967.11dp</dimen>
    <dimen name="x1025">968.06dp</dimen>
    <dimen name="x1026">969.00dp</dimen>
    <dimen name="x1027">969.94dp</dimen>
    <dimen name="x1028">970.89dp</dimen>
    <dimen name="x1029">971.83dp</dimen>
    <dimen name="x1030">972.78dp</dimen>
    <dimen name="x1031">973.72dp</dimen>
    <dimen name="x1032">974.67dp</dimen>
    <dimen name="x1033">975.61dp</dimen>
    <dimen name="x1034">976.56dp</dimen>
    <dimen name="x1035">977.50dp</dimen>
    <dimen name="x1036">978.44dp</dimen>
    <dimen name="x1037">979.39dp</dimen>
    <dimen name="x1038">980.33dp</dimen>
    <dimen name="x1039">981.28dp</dimen>
    <dimen name="x1040">982.22dp</dimen>
    <dimen name="x1041">983.17dp</dimen>
    <dimen name="x1042">984.11dp</dimen>
    <dimen name="x1043">985.06dp</dimen>
    <dimen name="x1044">986.00dp</dimen>
    <dimen name="x1045">986.94dp</dimen>
    <dimen name="x1046">987.89dp</dimen>
    <dimen name="x1047">988.83dp</dimen>
    <dimen name="x1048">989.78dp</dimen>
    <dimen name="x1049">990.72dp</dimen>
    <dimen name="x1050">991.67dp</dimen>
    <dimen name="x1051">992.61dp</dimen>
    <dimen name="x1052">993.56dp</dimen>
    <dimen name="x1053">994.50dp</dimen>
    <dimen name="x1054">995.44dp</dimen>
    <dimen name="x1055">996.39dp</dimen>
    <dimen name="x1056">997.33dp</dimen>
    <dimen name="x1057">998.28dp</dimen>
    <dimen name="x1058">999.22dp</dimen>
    <dimen name="x1059">1000.17dp</dimen>
    <dimen name="x1060">1001.11dp</dimen>
    <dimen name="x1061">1002.06dp</dimen>
    <dimen name="x1062">1003.00dp</dimen>
    <dimen name="x1063">1003.94dp</dimen>
    <dimen name="x1064">1004.89dp</dimen>
    <dimen name="x1065">1005.83dp</dimen>
    <dimen name="x1066">1006.78dp</dimen>
    <dimen name="x1067">1007.72dp</dimen>
    <dimen name="x1068">1008.67dp</dimen>
    <dimen name="x1069">1009.61dp</dimen>
    <dimen name="x1070">1010.56dp</dimen>
    <dimen name="x1071">1011.50dp</dimen>
    <dimen name="x1072">1012.44dp</dimen>
    <dimen name="x1073">1013.39dp</dimen>
    <dimen name="x1074">1014.33dp</dimen>
    <dimen name="x1075">1015.28dp</dimen>
    <dimen name="x1076">1016.22dp</dimen>
    <dimen name="x1077">1017.17dp</dimen>
    <dimen name="x1078">1018.11dp</dimen>
    <dimen name="x1079">1019.06dp</dimen>
    <dimen name="x1080">1020.00dp</dimen>
</resources>