<?xml version="1.0" encoding="utf-8"?>
<resources>
    <string name="sw_dp">1560dp</string>
    <dimen name="x1">1.44dp</dimen>
    <dimen name="x2">2.89dp</dimen>
    <dimen name="x3">4.33dp</dimen>
    <dimen name="x4">5.78dp</dimen>
    <dimen name="x5">7.22dp</dimen>
    <dimen name="x6">8.67dp</dimen>
    <dimen name="x7">10.11dp</dimen>
    <dimen name="x8">11.56dp</dimen>
    <dimen name="x9">13.00dp</dimen>
    <dimen name="x10">14.44dp</dimen>
    <dimen name="x11">15.89dp</dimen>
    <dimen name="x12">17.33dp</dimen>
    <dimen name="x13">18.78dp</dimen>
    <dimen name="x14">20.22dp</dimen>
    <dimen name="x15">21.67dp</dimen>
    <dimen name="x16">23.11dp</dimen>
    <dimen name="x17">24.56dp</dimen>
    <dimen name="x18">26.00dp</dimen>
    <dimen name="x19">27.44dp</dimen>
    <dimen name="x20">28.89dp</dimen>
    <dimen name="x21">30.33dp</dimen>
    <dimen name="x22">31.78dp</dimen>
    <dimen name="x23">33.22dp</dimen>
    <dimen name="x24">34.67dp</dimen>
    <dimen name="x25">36.11dp</dimen>
    <dimen name="x26">37.56dp</dimen>
    <dimen name="x27">39.00dp</dimen>
    <dimen name="x28">40.44dp</dimen>
    <dimen name="x29">41.89dp</dimen>
    <dimen name="x30">43.33dp</dimen>
    <dimen name="x31">44.78dp</dimen>
    <dimen name="x32">46.22dp</dimen>
    <dimen name="x33">47.67dp</dimen>
    <dimen name="x34">49.11dp</dimen>
    <dimen name="x35">50.56dp</dimen>
    <dimen name="x36">52.00dp</dimen>
    <dimen name="x37">53.44dp</dimen>
    <dimen name="x38">54.89dp</dimen>
    <dimen name="x39">56.33dp</dimen>
    <dimen name="x40">57.78dp</dimen>
    <dimen name="x41">59.22dp</dimen>
    <dimen name="x42">60.67dp</dimen>
    <dimen name="x43">62.11dp</dimen>
    <dimen name="x44">63.56dp</dimen>
    <dimen name="x45">65.00dp</dimen>
    <dimen name="x46">66.44dp</dimen>
    <dimen name="x47">67.89dp</dimen>
    <dimen name="x48">69.33dp</dimen>
    <dimen name="x49">70.78dp</dimen>
    <dimen name="x50">72.22dp</dimen>
    <dimen name="x51">73.67dp</dimen>
    <dimen name="x52">75.11dp</dimen>
    <dimen name="x53">76.56dp</dimen>
    <dimen name="x54">78.00dp</dimen>
    <dimen name="x55">79.44dp</dimen>
    <dimen name="x56">80.89dp</dimen>
    <dimen name="x57">82.33dp</dimen>
    <dimen name="x58">83.78dp</dimen>
    <dimen name="x59">85.22dp</dimen>
    <dimen name="x60">86.67dp</dimen>
    <dimen name="x61">88.11dp</dimen>
    <dimen name="x62">89.56dp</dimen>
    <dimen name="x63">91.00dp</dimen>
    <dimen name="x64">92.44dp</dimen>
    <dimen name="x65">93.89dp</dimen>
    <dimen name="x66">95.33dp</dimen>
    <dimen name="x67">96.78dp</dimen>
    <dimen name="x68">98.22dp</dimen>
    <dimen name="x69">99.67dp</dimen>
    <dimen name="x70">101.11dp</dimen>
    <dimen name="x71">102.56dp</dimen>
    <dimen name="x72">104.00dp</dimen>
    <dimen name="x73">105.44dp</dimen>
    <dimen name="x74">106.89dp</dimen>
    <dimen name="x75">108.33dp</dimen>
    <dimen name="x76">109.78dp</dimen>
    <dimen name="x77">111.22dp</dimen>
    <dimen name="x78">112.67dp</dimen>
    <dimen name="x79">114.11dp</dimen>
    <dimen name="x80">115.56dp</dimen>
    <dimen name="x81">117.00dp</dimen>
    <dimen name="x82">118.44dp</dimen>
    <dimen name="x83">119.89dp</dimen>
    <dimen name="x84">121.33dp</dimen>
    <dimen name="x85">122.78dp</dimen>
    <dimen name="x86">124.22dp</dimen>
    <dimen name="x87">125.67dp</dimen>
    <dimen name="x88">127.11dp</dimen>
    <dimen name="x89">128.56dp</dimen>
    <dimen name="x90">130.00dp</dimen>
    <dimen name="x91">131.44dp</dimen>
    <dimen name="x92">132.89dp</dimen>
    <dimen name="x93">134.33dp</dimen>
    <dimen name="x94">135.78dp</dimen>
    <dimen name="x95">137.22dp</dimen>
    <dimen name="x96">138.67dp</dimen>
    <dimen name="x97">140.11dp</dimen>
    <dimen name="x98">141.56dp</dimen>
    <dimen name="x99">143.00dp</dimen>
    <dimen name="x100">144.44dp</dimen>
    <dimen name="x101">145.89dp</dimen>
    <dimen name="x102">147.33dp</dimen>
    <dimen name="x103">148.78dp</dimen>
    <dimen name="x104">150.22dp</dimen>
    <dimen name="x105">151.67dp</dimen>
    <dimen name="x106">153.11dp</dimen>
    <dimen name="x107">154.56dp</dimen>
    <dimen name="x108">156.00dp</dimen>
    <dimen name="x109">157.44dp</dimen>
    <dimen name="x110">158.89dp</dimen>
    <dimen name="x111">160.33dp</dimen>
    <dimen name="x112">161.78dp</dimen>
    <dimen name="x113">163.22dp</dimen>
    <dimen name="x114">164.67dp</dimen>
    <dimen name="x115">166.11dp</dimen>
    <dimen name="x116">167.56dp</dimen>
    <dimen name="x117">169.00dp</dimen>
    <dimen name="x118">170.44dp</dimen>
    <dimen name="x119">171.89dp</dimen>
    <dimen name="x120">173.33dp</dimen>
    <dimen name="x121">174.78dp</dimen>
    <dimen name="x122">176.22dp</dimen>
    <dimen name="x123">177.67dp</dimen>
    <dimen name="x124">179.11dp</dimen>
    <dimen name="x125">180.56dp</dimen>
    <dimen name="x126">182.00dp</dimen>
    <dimen name="x127">183.44dp</dimen>
    <dimen name="x128">184.89dp</dimen>
    <dimen name="x129">186.33dp</dimen>
    <dimen name="x130">187.78dp</dimen>
    <dimen name="x131">189.22dp</dimen>
    <dimen name="x132">190.67dp</dimen>
    <dimen name="x133">192.11dp</dimen>
    <dimen name="x134">193.56dp</dimen>
    <dimen name="x135">195.00dp</dimen>
    <dimen name="x136">196.44dp</dimen>
    <dimen name="x137">197.89dp</dimen>
    <dimen name="x138">199.33dp</dimen>
    <dimen name="x139">200.78dp</dimen>
    <dimen name="x140">202.22dp</dimen>
    <dimen name="x141">203.67dp</dimen>
    <dimen name="x142">205.11dp</dimen>
    <dimen name="x143">206.56dp</dimen>
    <dimen name="x144">208.00dp</dimen>
    <dimen name="x145">209.44dp</dimen>
    <dimen name="x146">210.89dp</dimen>
    <dimen name="x147">212.33dp</dimen>
    <dimen name="x148">213.78dp</dimen>
    <dimen name="x149">215.22dp</dimen>
    <dimen name="x150">216.67dp</dimen>
    <dimen name="x151">218.11dp</dimen>
    <dimen name="x152">219.56dp</dimen>
    <dimen name="x153">221.00dp</dimen>
    <dimen name="x154">222.44dp</dimen>
    <dimen name="x155">223.89dp</dimen>
    <dimen name="x156">225.33dp</dimen>
    <dimen name="x157">226.78dp</dimen>
    <dimen name="x158">228.22dp</dimen>
    <dimen name="x159">229.67dp</dimen>
    <dimen name="x160">231.11dp</dimen>
    <dimen name="x161">232.56dp</dimen>
    <dimen name="x162">234.00dp</dimen>
    <dimen name="x163">235.44dp</dimen>
    <dimen name="x164">236.89dp</dimen>
    <dimen name="x165">238.33dp</dimen>
    <dimen name="x166">239.78dp</dimen>
    <dimen name="x167">241.22dp</dimen>
    <dimen name="x168">242.67dp</dimen>
    <dimen name="x169">244.11dp</dimen>
    <dimen name="x170">245.56dp</dimen>
    <dimen name="x171">247.00dp</dimen>
    <dimen name="x172">248.44dp</dimen>
    <dimen name="x173">249.89dp</dimen>
    <dimen name="x174">251.33dp</dimen>
    <dimen name="x175">252.78dp</dimen>
    <dimen name="x176">254.22dp</dimen>
    <dimen name="x177">255.67dp</dimen>
    <dimen name="x178">257.11dp</dimen>
    <dimen name="x179">258.56dp</dimen>
    <dimen name="x180">260.00dp</dimen>
    <dimen name="x181">261.44dp</dimen>
    <dimen name="x182">262.89dp</dimen>
    <dimen name="x183">264.33dp</dimen>
    <dimen name="x184">265.78dp</dimen>
    <dimen name="x185">267.22dp</dimen>
    <dimen name="x186">268.67dp</dimen>
    <dimen name="x187">270.11dp</dimen>
    <dimen name="x188">271.56dp</dimen>
    <dimen name="x189">273.00dp</dimen>
    <dimen name="x190">274.44dp</dimen>
    <dimen name="x191">275.89dp</dimen>
    <dimen name="x192">277.33dp</dimen>
    <dimen name="x193">278.78dp</dimen>
    <dimen name="x194">280.22dp</dimen>
    <dimen name="x195">281.67dp</dimen>
    <dimen name="x196">283.11dp</dimen>
    <dimen name="x197">284.56dp</dimen>
    <dimen name="x198">286.00dp</dimen>
    <dimen name="x199">287.44dp</dimen>
    <dimen name="x200">288.89dp</dimen>
    <dimen name="x201">290.33dp</dimen>
    <dimen name="x202">291.78dp</dimen>
    <dimen name="x203">293.22dp</dimen>
    <dimen name="x204">294.67dp</dimen>
    <dimen name="x205">296.11dp</dimen>
    <dimen name="x206">297.56dp</dimen>
    <dimen name="x207">299.00dp</dimen>
    <dimen name="x208">300.44dp</dimen>
    <dimen name="x209">301.89dp</dimen>
    <dimen name="x210">303.33dp</dimen>
    <dimen name="x211">304.78dp</dimen>
    <dimen name="x212">306.22dp</dimen>
    <dimen name="x213">307.67dp</dimen>
    <dimen name="x214">309.11dp</dimen>
    <dimen name="x215">310.56dp</dimen>
    <dimen name="x216">312.00dp</dimen>
    <dimen name="x217">313.44dp</dimen>
    <dimen name="x218">314.89dp</dimen>
    <dimen name="x219">316.33dp</dimen>
    <dimen name="x220">317.78dp</dimen>
    <dimen name="x221">319.22dp</dimen>
    <dimen name="x222">320.67dp</dimen>
    <dimen name="x223">322.11dp</dimen>
    <dimen name="x224">323.56dp</dimen>
    <dimen name="x225">325.00dp</dimen>
    <dimen name="x226">326.44dp</dimen>
    <dimen name="x227">327.89dp</dimen>
    <dimen name="x228">329.33dp</dimen>
    <dimen name="x229">330.78dp</dimen>
    <dimen name="x230">332.22dp</dimen>
    <dimen name="x231">333.67dp</dimen>
    <dimen name="x232">335.11dp</dimen>
    <dimen name="x233">336.56dp</dimen>
    <dimen name="x234">338.00dp</dimen>
    <dimen name="x235">339.44dp</dimen>
    <dimen name="x236">340.89dp</dimen>
    <dimen name="x237">342.33dp</dimen>
    <dimen name="x238">343.78dp</dimen>
    <dimen name="x239">345.22dp</dimen>
    <dimen name="x240">346.67dp</dimen>
    <dimen name="x241">348.11dp</dimen>
    <dimen name="x242">349.56dp</dimen>
    <dimen name="x243">351.00dp</dimen>
    <dimen name="x244">352.44dp</dimen>
    <dimen name="x245">353.89dp</dimen>
    <dimen name="x246">355.33dp</dimen>
    <dimen name="x247">356.78dp</dimen>
    <dimen name="x248">358.22dp</dimen>
    <dimen name="x249">359.67dp</dimen>
    <dimen name="x250">361.11dp</dimen>
    <dimen name="x251">362.56dp</dimen>
    <dimen name="x252">364.00dp</dimen>
    <dimen name="x253">365.44dp</dimen>
    <dimen name="x254">366.89dp</dimen>
    <dimen name="x255">368.33dp</dimen>
    <dimen name="x256">369.78dp</dimen>
    <dimen name="x257">371.22dp</dimen>
    <dimen name="x258">372.67dp</dimen>
    <dimen name="x259">374.11dp</dimen>
    <dimen name="x260">375.56dp</dimen>
    <dimen name="x261">377.00dp</dimen>
    <dimen name="x262">378.44dp</dimen>
    <dimen name="x263">379.89dp</dimen>
    <dimen name="x264">381.33dp</dimen>
    <dimen name="x265">382.78dp</dimen>
    <dimen name="x266">384.22dp</dimen>
    <dimen name="x267">385.67dp</dimen>
    <dimen name="x268">387.11dp</dimen>
    <dimen name="x269">388.56dp</dimen>
    <dimen name="x270">390.00dp</dimen>
    <dimen name="x271">391.44dp</dimen>
    <dimen name="x272">392.89dp</dimen>
    <dimen name="x273">394.33dp</dimen>
    <dimen name="x274">395.78dp</dimen>
    <dimen name="x275">397.22dp</dimen>
    <dimen name="x276">398.67dp</dimen>
    <dimen name="x277">400.11dp</dimen>
    <dimen name="x278">401.56dp</dimen>
    <dimen name="x279">403.00dp</dimen>
    <dimen name="x280">404.44dp</dimen>
    <dimen name="x281">405.89dp</dimen>
    <dimen name="x282">407.33dp</dimen>
    <dimen name="x283">408.78dp</dimen>
    <dimen name="x284">410.22dp</dimen>
    <dimen name="x285">411.67dp</dimen>
    <dimen name="x286">413.11dp</dimen>
    <dimen name="x287">414.56dp</dimen>
    <dimen name="x288">416.00dp</dimen>
    <dimen name="x289">417.44dp</dimen>
    <dimen name="x290">418.89dp</dimen>
    <dimen name="x291">420.33dp</dimen>
    <dimen name="x292">421.78dp</dimen>
    <dimen name="x293">423.22dp</dimen>
    <dimen name="x294">424.67dp</dimen>
    <dimen name="x295">426.11dp</dimen>
    <dimen name="x296">427.56dp</dimen>
    <dimen name="x297">429.00dp</dimen>
    <dimen name="x298">430.44dp</dimen>
    <dimen name="x299">431.89dp</dimen>
    <dimen name="x300">433.33dp</dimen>
    <dimen name="x301">434.78dp</dimen>
    <dimen name="x302">436.22dp</dimen>
    <dimen name="x303">437.67dp</dimen>
    <dimen name="x304">439.11dp</dimen>
    <dimen name="x305">440.56dp</dimen>
    <dimen name="x306">442.00dp</dimen>
    <dimen name="x307">443.44dp</dimen>
    <dimen name="x308">444.89dp</dimen>
    <dimen name="x309">446.33dp</dimen>
    <dimen name="x310">447.78dp</dimen>
    <dimen name="x311">449.22dp</dimen>
    <dimen name="x312">450.67dp</dimen>
    <dimen name="x313">452.11dp</dimen>
    <dimen name="x314">453.56dp</dimen>
    <dimen name="x315">455.00dp</dimen>
    <dimen name="x316">456.44dp</dimen>
    <dimen name="x317">457.89dp</dimen>
    <dimen name="x318">459.33dp</dimen>
    <dimen name="x319">460.78dp</dimen>
    <dimen name="x320">462.22dp</dimen>
    <dimen name="x321">463.67dp</dimen>
    <dimen name="x322">465.11dp</dimen>
    <dimen name="x323">466.56dp</dimen>
    <dimen name="x324">468.00dp</dimen>
    <dimen name="x325">469.44dp</dimen>
    <dimen name="x326">470.89dp</dimen>
    <dimen name="x327">472.33dp</dimen>
    <dimen name="x328">473.78dp</dimen>
    <dimen name="x329">475.22dp</dimen>
    <dimen name="x330">476.67dp</dimen>
    <dimen name="x331">478.11dp</dimen>
    <dimen name="x332">479.56dp</dimen>
    <dimen name="x333">481.00dp</dimen>
    <dimen name="x334">482.44dp</dimen>
    <dimen name="x335">483.89dp</dimen>
    <dimen name="x336">485.33dp</dimen>
    <dimen name="x337">486.78dp</dimen>
    <dimen name="x338">488.22dp</dimen>
    <dimen name="x339">489.67dp</dimen>
    <dimen name="x340">491.11dp</dimen>
    <dimen name="x341">492.56dp</dimen>
    <dimen name="x342">494.00dp</dimen>
    <dimen name="x343">495.44dp</dimen>
    <dimen name="x344">496.89dp</dimen>
    <dimen name="x345">498.33dp</dimen>
    <dimen name="x346">499.78dp</dimen>
    <dimen name="x347">501.22dp</dimen>
    <dimen name="x348">502.67dp</dimen>
    <dimen name="x349">504.11dp</dimen>
    <dimen name="x350">505.56dp</dimen>
    <dimen name="x351">507.00dp</dimen>
    <dimen name="x352">508.44dp</dimen>
    <dimen name="x353">509.89dp</dimen>
    <dimen name="x354">511.33dp</dimen>
    <dimen name="x355">512.78dp</dimen>
    <dimen name="x356">514.22dp</dimen>
    <dimen name="x357">515.67dp</dimen>
    <dimen name="x358">517.11dp</dimen>
    <dimen name="x359">518.56dp</dimen>
    <dimen name="x360">520.00dp</dimen>
    <dimen name="x361">521.44dp</dimen>
    <dimen name="x362">522.89dp</dimen>
    <dimen name="x363">524.33dp</dimen>
    <dimen name="x364">525.78dp</dimen>
    <dimen name="x365">527.22dp</dimen>
    <dimen name="x366">528.67dp</dimen>
    <dimen name="x367">530.11dp</dimen>
    <dimen name="x368">531.56dp</dimen>
    <dimen name="x369">533.00dp</dimen>
    <dimen name="x370">534.44dp</dimen>
    <dimen name="x371">535.89dp</dimen>
    <dimen name="x372">537.33dp</dimen>
    <dimen name="x373">538.78dp</dimen>
    <dimen name="x374">540.22dp</dimen>
    <dimen name="x375">541.67dp</dimen>
    <dimen name="x376">543.11dp</dimen>
    <dimen name="x377">544.56dp</dimen>
    <dimen name="x378">546.00dp</dimen>
    <dimen name="x379">547.44dp</dimen>
    <dimen name="x380">548.89dp</dimen>
    <dimen name="x381">550.33dp</dimen>
    <dimen name="x382">551.78dp</dimen>
    <dimen name="x383">553.22dp</dimen>
    <dimen name="x384">554.67dp</dimen>
    <dimen name="x385">556.11dp</dimen>
    <dimen name="x386">557.56dp</dimen>
    <dimen name="x387">559.00dp</dimen>
    <dimen name="x388">560.44dp</dimen>
    <dimen name="x389">561.89dp</dimen>
    <dimen name="x390">563.33dp</dimen>
    <dimen name="x391">564.78dp</dimen>
    <dimen name="x392">566.22dp</dimen>
    <dimen name="x393">567.67dp</dimen>
    <dimen name="x394">569.11dp</dimen>
    <dimen name="x395">570.56dp</dimen>
    <dimen name="x396">572.00dp</dimen>
    <dimen name="x397">573.44dp</dimen>
    <dimen name="x398">574.89dp</dimen>
    <dimen name="x399">576.33dp</dimen>
    <dimen name="x400">577.78dp</dimen>
    <dimen name="x401">579.22dp</dimen>
    <dimen name="x402">580.67dp</dimen>
    <dimen name="x403">582.11dp</dimen>
    <dimen name="x404">583.56dp</dimen>
    <dimen name="x405">585.00dp</dimen>
    <dimen name="x406">586.44dp</dimen>
    <dimen name="x407">587.89dp</dimen>
    <dimen name="x408">589.33dp</dimen>
    <dimen name="x409">590.78dp</dimen>
    <dimen name="x410">592.22dp</dimen>
    <dimen name="x411">593.67dp</dimen>
    <dimen name="x412">595.11dp</dimen>
    <dimen name="x413">596.56dp</dimen>
    <dimen name="x414">598.00dp</dimen>
    <dimen name="x415">599.44dp</dimen>
    <dimen name="x416">600.89dp</dimen>
    <dimen name="x417">602.33dp</dimen>
    <dimen name="x418">603.78dp</dimen>
    <dimen name="x419">605.22dp</dimen>
    <dimen name="x420">606.67dp</dimen>
    <dimen name="x421">608.11dp</dimen>
    <dimen name="x422">609.56dp</dimen>
    <dimen name="x423">611.00dp</dimen>
    <dimen name="x424">612.44dp</dimen>
    <dimen name="x425">613.89dp</dimen>
    <dimen name="x426">615.33dp</dimen>
    <dimen name="x427">616.78dp</dimen>
    <dimen name="x428">618.22dp</dimen>
    <dimen name="x429">619.67dp</dimen>
    <dimen name="x430">621.11dp</dimen>
    <dimen name="x431">622.56dp</dimen>
    <dimen name="x432">624.00dp</dimen>
    <dimen name="x433">625.44dp</dimen>
    <dimen name="x434">626.89dp</dimen>
    <dimen name="x435">628.33dp</dimen>
    <dimen name="x436">629.78dp</dimen>
    <dimen name="x437">631.22dp</dimen>
    <dimen name="x438">632.67dp</dimen>
    <dimen name="x439">634.11dp</dimen>
    <dimen name="x440">635.56dp</dimen>
    <dimen name="x441">637.00dp</dimen>
    <dimen name="x442">638.44dp</dimen>
    <dimen name="x443">639.89dp</dimen>
    <dimen name="x444">641.33dp</dimen>
    <dimen name="x445">642.78dp</dimen>
    <dimen name="x446">644.22dp</dimen>
    <dimen name="x447">645.67dp</dimen>
    <dimen name="x448">647.11dp</dimen>
    <dimen name="x449">648.56dp</dimen>
    <dimen name="x450">650.00dp</dimen>
    <dimen name="x451">651.44dp</dimen>
    <dimen name="x452">652.89dp</dimen>
    <dimen name="x453">654.33dp</dimen>
    <dimen name="x454">655.78dp</dimen>
    <dimen name="x455">657.22dp</dimen>
    <dimen name="x456">658.67dp</dimen>
    <dimen name="x457">660.11dp</dimen>
    <dimen name="x458">661.56dp</dimen>
    <dimen name="x459">663.00dp</dimen>
    <dimen name="x460">664.44dp</dimen>
    <dimen name="x461">665.89dp</dimen>
    <dimen name="x462">667.33dp</dimen>
    <dimen name="x463">668.78dp</dimen>
    <dimen name="x464">670.22dp</dimen>
    <dimen name="x465">671.67dp</dimen>
    <dimen name="x466">673.11dp</dimen>
    <dimen name="x467">674.56dp</dimen>
    <dimen name="x468">676.00dp</dimen>
    <dimen name="x469">677.44dp</dimen>
    <dimen name="x470">678.89dp</dimen>
    <dimen name="x471">680.33dp</dimen>
    <dimen name="x472">681.78dp</dimen>
    <dimen name="x473">683.22dp</dimen>
    <dimen name="x474">684.67dp</dimen>
    <dimen name="x475">686.11dp</dimen>
    <dimen name="x476">687.56dp</dimen>
    <dimen name="x477">689.00dp</dimen>
    <dimen name="x478">690.44dp</dimen>
    <dimen name="x479">691.89dp</dimen>
    <dimen name="x480">693.33dp</dimen>
    <dimen name="x481">694.78dp</dimen>
    <dimen name="x482">696.22dp</dimen>
    <dimen name="x483">697.67dp</dimen>
    <dimen name="x484">699.11dp</dimen>
    <dimen name="x485">700.56dp</dimen>
    <dimen name="x486">702.00dp</dimen>
    <dimen name="x487">703.44dp</dimen>
    <dimen name="x488">704.89dp</dimen>
    <dimen name="x489">706.33dp</dimen>
    <dimen name="x490">707.78dp</dimen>
    <dimen name="x491">709.22dp</dimen>
    <dimen name="x492">710.67dp</dimen>
    <dimen name="x493">712.11dp</dimen>
    <dimen name="x494">713.56dp</dimen>
    <dimen name="x495">715.00dp</dimen>
    <dimen name="x496">716.44dp</dimen>
    <dimen name="x497">717.89dp</dimen>
    <dimen name="x498">719.33dp</dimen>
    <dimen name="x499">720.78dp</dimen>
    <dimen name="x500">722.22dp</dimen>
    <dimen name="x501">723.67dp</dimen>
    <dimen name="x502">725.11dp</dimen>
    <dimen name="x503">726.56dp</dimen>
    <dimen name="x504">728.00dp</dimen>
    <dimen name="x505">729.44dp</dimen>
    <dimen name="x506">730.89dp</dimen>
    <dimen name="x507">732.33dp</dimen>
    <dimen name="x508">733.78dp</dimen>
    <dimen name="x509">735.22dp</dimen>
    <dimen name="x510">736.67dp</dimen>
    <dimen name="x511">738.11dp</dimen>
    <dimen name="x512">739.56dp</dimen>
    <dimen name="x513">741.00dp</dimen>
    <dimen name="x514">742.44dp</dimen>
    <dimen name="x515">743.89dp</dimen>
    <dimen name="x516">745.33dp</dimen>
    <dimen name="x517">746.78dp</dimen>
    <dimen name="x518">748.22dp</dimen>
    <dimen name="x519">749.67dp</dimen>
    <dimen name="x520">751.11dp</dimen>
    <dimen name="x521">752.56dp</dimen>
    <dimen name="x522">754.00dp</dimen>
    <dimen name="x523">755.44dp</dimen>
    <dimen name="x524">756.89dp</dimen>
    <dimen name="x525">758.33dp</dimen>
    <dimen name="x526">759.78dp</dimen>
    <dimen name="x527">761.22dp</dimen>
    <dimen name="x528">762.67dp</dimen>
    <dimen name="x529">764.11dp</dimen>
    <dimen name="x530">765.56dp</dimen>
    <dimen name="x531">767.00dp</dimen>
    <dimen name="x532">768.44dp</dimen>
    <dimen name="x533">769.89dp</dimen>
    <dimen name="x534">771.33dp</dimen>
    <dimen name="x535">772.78dp</dimen>
    <dimen name="x536">774.22dp</dimen>
    <dimen name="x537">775.67dp</dimen>
    <dimen name="x538">777.11dp</dimen>
    <dimen name="x539">778.56dp</dimen>
    <dimen name="x540">780.00dp</dimen>
    <dimen name="x541">781.44dp</dimen>
    <dimen name="x542">782.89dp</dimen>
    <dimen name="x543">784.33dp</dimen>
    <dimen name="x544">785.78dp</dimen>
    <dimen name="x545">787.22dp</dimen>
    <dimen name="x546">788.67dp</dimen>
    <dimen name="x547">790.11dp</dimen>
    <dimen name="x548">791.56dp</dimen>
    <dimen name="x549">793.00dp</dimen>
    <dimen name="x550">794.44dp</dimen>
    <dimen name="x551">795.89dp</dimen>
    <dimen name="x552">797.33dp</dimen>
    <dimen name="x553">798.78dp</dimen>
    <dimen name="x554">800.22dp</dimen>
    <dimen name="x555">801.67dp</dimen>
    <dimen name="x556">803.11dp</dimen>
    <dimen name="x557">804.56dp</dimen>
    <dimen name="x558">806.00dp</dimen>
    <dimen name="x559">807.44dp</dimen>
    <dimen name="x560">808.89dp</dimen>
    <dimen name="x561">810.33dp</dimen>
    <dimen name="x562">811.78dp</dimen>
    <dimen name="x563">813.22dp</dimen>
    <dimen name="x564">814.67dp</dimen>
    <dimen name="x565">816.11dp</dimen>
    <dimen name="x566">817.56dp</dimen>
    <dimen name="x567">819.00dp</dimen>
    <dimen name="x568">820.44dp</dimen>
    <dimen name="x569">821.89dp</dimen>
    <dimen name="x570">823.33dp</dimen>
    <dimen name="x571">824.78dp</dimen>
    <dimen name="x572">826.22dp</dimen>
    <dimen name="x573">827.67dp</dimen>
    <dimen name="x574">829.11dp</dimen>
    <dimen name="x575">830.56dp</dimen>
    <dimen name="x576">832.00dp</dimen>
    <dimen name="x577">833.44dp</dimen>
    <dimen name="x578">834.89dp</dimen>
    <dimen name="x579">836.33dp</dimen>
    <dimen name="x580">837.78dp</dimen>
    <dimen name="x581">839.22dp</dimen>
    <dimen name="x582">840.67dp</dimen>
    <dimen name="x583">842.11dp</dimen>
    <dimen name="x584">843.56dp</dimen>
    <dimen name="x585">845.00dp</dimen>
    <dimen name="x586">846.44dp</dimen>
    <dimen name="x587">847.89dp</dimen>
    <dimen name="x588">849.33dp</dimen>
    <dimen name="x589">850.78dp</dimen>
    <dimen name="x590">852.22dp</dimen>
    <dimen name="x591">853.67dp</dimen>
    <dimen name="x592">855.11dp</dimen>
    <dimen name="x593">856.56dp</dimen>
    <dimen name="x594">858.00dp</dimen>
    <dimen name="x595">859.44dp</dimen>
    <dimen name="x596">860.89dp</dimen>
    <dimen name="x597">862.33dp</dimen>
    <dimen name="x598">863.78dp</dimen>
    <dimen name="x599">865.22dp</dimen>
    <dimen name="x600">866.67dp</dimen>
    <dimen name="x601">868.11dp</dimen>
    <dimen name="x602">869.56dp</dimen>
    <dimen name="x603">871.00dp</dimen>
    <dimen name="x604">872.44dp</dimen>
    <dimen name="x605">873.89dp</dimen>
    <dimen name="x606">875.33dp</dimen>
    <dimen name="x607">876.78dp</dimen>
    <dimen name="x608">878.22dp</dimen>
    <dimen name="x609">879.67dp</dimen>
    <dimen name="x610">881.11dp</dimen>
    <dimen name="x611">882.56dp</dimen>
    <dimen name="x612">884.00dp</dimen>
    <dimen name="x613">885.44dp</dimen>
    <dimen name="x614">886.89dp</dimen>
    <dimen name="x615">888.33dp</dimen>
    <dimen name="x616">889.78dp</dimen>
    <dimen name="x617">891.22dp</dimen>
    <dimen name="x618">892.67dp</dimen>
    <dimen name="x619">894.11dp</dimen>
    <dimen name="x620">895.56dp</dimen>
    <dimen name="x621">897.00dp</dimen>
    <dimen name="x622">898.44dp</dimen>
    <dimen name="x623">899.89dp</dimen>
    <dimen name="x624">901.33dp</dimen>
    <dimen name="x625">902.78dp</dimen>
    <dimen name="x626">904.22dp</dimen>
    <dimen name="x627">905.67dp</dimen>
    <dimen name="x628">907.11dp</dimen>
    <dimen name="x629">908.56dp</dimen>
    <dimen name="x630">910.00dp</dimen>
    <dimen name="x631">911.44dp</dimen>
    <dimen name="x632">912.89dp</dimen>
    <dimen name="x633">914.33dp</dimen>
    <dimen name="x634">915.78dp</dimen>
    <dimen name="x635">917.22dp</dimen>
    <dimen name="x636">918.67dp</dimen>
    <dimen name="x637">920.11dp</dimen>
    <dimen name="x638">921.56dp</dimen>
    <dimen name="x639">923.00dp</dimen>
    <dimen name="x640">924.44dp</dimen>
    <dimen name="x641">925.89dp</dimen>
    <dimen name="x642">927.33dp</dimen>
    <dimen name="x643">928.78dp</dimen>
    <dimen name="x644">930.22dp</dimen>
    <dimen name="x645">931.67dp</dimen>
    <dimen name="x646">933.11dp</dimen>
    <dimen name="x647">934.56dp</dimen>
    <dimen name="x648">936.00dp</dimen>
    <dimen name="x649">937.44dp</dimen>
    <dimen name="x650">938.89dp</dimen>
    <dimen name="x651">940.33dp</dimen>
    <dimen name="x652">941.78dp</dimen>
    <dimen name="x653">943.22dp</dimen>
    <dimen name="x654">944.67dp</dimen>
    <dimen name="x655">946.11dp</dimen>
    <dimen name="x656">947.56dp</dimen>
    <dimen name="x657">949.00dp</dimen>
    <dimen name="x658">950.44dp</dimen>
    <dimen name="x659">951.89dp</dimen>
    <dimen name="x660">953.33dp</dimen>
    <dimen name="x661">954.78dp</dimen>
    <dimen name="x662">956.22dp</dimen>
    <dimen name="x663">957.67dp</dimen>
    <dimen name="x664">959.11dp</dimen>
    <dimen name="x665">960.56dp</dimen>
    <dimen name="x666">962.00dp</dimen>
    <dimen name="x667">963.44dp</dimen>
    <dimen name="x668">964.89dp</dimen>
    <dimen name="x669">966.33dp</dimen>
    <dimen name="x670">967.78dp</dimen>
    <dimen name="x671">969.22dp</dimen>
    <dimen name="x672">970.67dp</dimen>
    <dimen name="x673">972.11dp</dimen>
    <dimen name="x674">973.56dp</dimen>
    <dimen name="x675">975.00dp</dimen>
    <dimen name="x676">976.44dp</dimen>
    <dimen name="x677">977.89dp</dimen>
    <dimen name="x678">979.33dp</dimen>
    <dimen name="x679">980.78dp</dimen>
    <dimen name="x680">982.22dp</dimen>
    <dimen name="x681">983.67dp</dimen>
    <dimen name="x682">985.11dp</dimen>
    <dimen name="x683">986.56dp</dimen>
    <dimen name="x684">988.00dp</dimen>
    <dimen name="x685">989.44dp</dimen>
    <dimen name="x686">990.89dp</dimen>
    <dimen name="x687">992.33dp</dimen>
    <dimen name="x688">993.78dp</dimen>
    <dimen name="x689">995.22dp</dimen>
    <dimen name="x690">996.67dp</dimen>
    <dimen name="x691">998.11dp</dimen>
    <dimen name="x692">999.56dp</dimen>
    <dimen name="x693">1001.00dp</dimen>
    <dimen name="x694">1002.44dp</dimen>
    <dimen name="x695">1003.89dp</dimen>
    <dimen name="x696">1005.33dp</dimen>
    <dimen name="x697">1006.78dp</dimen>
    <dimen name="x698">1008.22dp</dimen>
    <dimen name="x699">1009.67dp</dimen>
    <dimen name="x700">1011.11dp</dimen>
    <dimen name="x701">1012.56dp</dimen>
    <dimen name="x702">1014.00dp</dimen>
    <dimen name="x703">1015.44dp</dimen>
    <dimen name="x704">1016.89dp</dimen>
    <dimen name="x705">1018.33dp</dimen>
    <dimen name="x706">1019.78dp</dimen>
    <dimen name="x707">1021.22dp</dimen>
    <dimen name="x708">1022.67dp</dimen>
    <dimen name="x709">1024.11dp</dimen>
    <dimen name="x710">1025.56dp</dimen>
    <dimen name="x711">1027.00dp</dimen>
    <dimen name="x712">1028.44dp</dimen>
    <dimen name="x713">1029.89dp</dimen>
    <dimen name="x714">1031.33dp</dimen>
    <dimen name="x715">1032.78dp</dimen>
    <dimen name="x716">1034.22dp</dimen>
    <dimen name="x717">1035.67dp</dimen>
    <dimen name="x718">1037.11dp</dimen>
    <dimen name="x719">1038.56dp</dimen>
    <dimen name="x720">1040.00dp</dimen>
    <dimen name="x721">1041.44dp</dimen>
    <dimen name="x722">1042.89dp</dimen>
    <dimen name="x723">1044.33dp</dimen>
    <dimen name="x724">1045.78dp</dimen>
    <dimen name="x725">1047.22dp</dimen>
    <dimen name="x726">1048.67dp</dimen>
    <dimen name="x727">1050.11dp</dimen>
    <dimen name="x728">1051.56dp</dimen>
    <dimen name="x729">1053.00dp</dimen>
    <dimen name="x730">1054.44dp</dimen>
    <dimen name="x731">1055.89dp</dimen>
    <dimen name="x732">1057.33dp</dimen>
    <dimen name="x733">1058.78dp</dimen>
    <dimen name="x734">1060.22dp</dimen>
    <dimen name="x735">1061.67dp</dimen>
    <dimen name="x736">1063.11dp</dimen>
    <dimen name="x737">1064.56dp</dimen>
    <dimen name="x738">1066.00dp</dimen>
    <dimen name="x739">1067.44dp</dimen>
    <dimen name="x740">1068.89dp</dimen>
    <dimen name="x741">1070.33dp</dimen>
    <dimen name="x742">1071.78dp</dimen>
    <dimen name="x743">1073.22dp</dimen>
    <dimen name="x744">1074.67dp</dimen>
    <dimen name="x745">1076.11dp</dimen>
    <dimen name="x746">1077.56dp</dimen>
    <dimen name="x747">1079.00dp</dimen>
    <dimen name="x748">1080.44dp</dimen>
    <dimen name="x749">1081.89dp</dimen>
    <dimen name="x750">1083.33dp</dimen>
    <dimen name="x751">1084.78dp</dimen>
    <dimen name="x752">1086.22dp</dimen>
    <dimen name="x753">1087.67dp</dimen>
    <dimen name="x754">1089.11dp</dimen>
    <dimen name="x755">1090.56dp</dimen>
    <dimen name="x756">1092.00dp</dimen>
    <dimen name="x757">1093.44dp</dimen>
    <dimen name="x758">1094.89dp</dimen>
    <dimen name="x759">1096.33dp</dimen>
    <dimen name="x760">1097.78dp</dimen>
    <dimen name="x761">1099.22dp</dimen>
    <dimen name="x762">1100.67dp</dimen>
    <dimen name="x763">1102.11dp</dimen>
    <dimen name="x764">1103.56dp</dimen>
    <dimen name="x765">1105.00dp</dimen>
    <dimen name="x766">1106.44dp</dimen>
    <dimen name="x767">1107.89dp</dimen>
    <dimen name="x768">1109.33dp</dimen>
    <dimen name="x769">1110.78dp</dimen>
    <dimen name="x770">1112.22dp</dimen>
    <dimen name="x771">1113.67dp</dimen>
    <dimen name="x772">1115.11dp</dimen>
    <dimen name="x773">1116.56dp</dimen>
    <dimen name="x774">1118.00dp</dimen>
    <dimen name="x775">1119.44dp</dimen>
    <dimen name="x776">1120.89dp</dimen>
    <dimen name="x777">1122.33dp</dimen>
    <dimen name="x778">1123.78dp</dimen>
    <dimen name="x779">1125.22dp</dimen>
    <dimen name="x780">1126.67dp</dimen>
    <dimen name="x781">1128.11dp</dimen>
    <dimen name="x782">1129.56dp</dimen>
    <dimen name="x783">1131.00dp</dimen>
    <dimen name="x784">1132.44dp</dimen>
    <dimen name="x785">1133.89dp</dimen>
    <dimen name="x786">1135.33dp</dimen>
    <dimen name="x787">1136.78dp</dimen>
    <dimen name="x788">1138.22dp</dimen>
    <dimen name="x789">1139.67dp</dimen>
    <dimen name="x790">1141.11dp</dimen>
    <dimen name="x791">1142.56dp</dimen>
    <dimen name="x792">1144.00dp</dimen>
    <dimen name="x793">1145.44dp</dimen>
    <dimen name="x794">1146.89dp</dimen>
    <dimen name="x795">1148.33dp</dimen>
    <dimen name="x796">1149.78dp</dimen>
    <dimen name="x797">1151.22dp</dimen>
    <dimen name="x798">1152.67dp</dimen>
    <dimen name="x799">1154.11dp</dimen>
    <dimen name="x800">1155.56dp</dimen>
    <dimen name="x801">1157.00dp</dimen>
    <dimen name="x802">1158.44dp</dimen>
    <dimen name="x803">1159.89dp</dimen>
    <dimen name="x804">1161.33dp</dimen>
    <dimen name="x805">1162.78dp</dimen>
    <dimen name="x806">1164.22dp</dimen>
    <dimen name="x807">1165.67dp</dimen>
    <dimen name="x808">1167.11dp</dimen>
    <dimen name="x809">1168.56dp</dimen>
    <dimen name="x810">1170.00dp</dimen>
    <dimen name="x811">1171.44dp</dimen>
    <dimen name="x812">1172.89dp</dimen>
    <dimen name="x813">1174.33dp</dimen>
    <dimen name="x814">1175.78dp</dimen>
    <dimen name="x815">1177.22dp</dimen>
    <dimen name="x816">1178.67dp</dimen>
    <dimen name="x817">1180.11dp</dimen>
    <dimen name="x818">1181.56dp</dimen>
    <dimen name="x819">1183.00dp</dimen>
    <dimen name="x820">1184.44dp</dimen>
    <dimen name="x821">1185.89dp</dimen>
    <dimen name="x822">1187.33dp</dimen>
    <dimen name="x823">1188.78dp</dimen>
    <dimen name="x824">1190.22dp</dimen>
    <dimen name="x825">1191.67dp</dimen>
    <dimen name="x826">1193.11dp</dimen>
    <dimen name="x827">1194.56dp</dimen>
    <dimen name="x828">1196.00dp</dimen>
    <dimen name="x829">1197.44dp</dimen>
    <dimen name="x830">1198.89dp</dimen>
    <dimen name="x831">1200.33dp</dimen>
    <dimen name="x832">1201.78dp</dimen>
    <dimen name="x833">1203.22dp</dimen>
    <dimen name="x834">1204.67dp</dimen>
    <dimen name="x835">1206.11dp</dimen>
    <dimen name="x836">1207.56dp</dimen>
    <dimen name="x837">1209.00dp</dimen>
    <dimen name="x838">1210.44dp</dimen>
    <dimen name="x839">1211.89dp</dimen>
    <dimen name="x840">1213.33dp</dimen>
    <dimen name="x841">1214.78dp</dimen>
    <dimen name="x842">1216.22dp</dimen>
    <dimen name="x843">1217.67dp</dimen>
    <dimen name="x844">1219.11dp</dimen>
    <dimen name="x845">1220.56dp</dimen>
    <dimen name="x846">1222.00dp</dimen>
    <dimen name="x847">1223.44dp</dimen>
    <dimen name="x848">1224.89dp</dimen>
    <dimen name="x849">1226.33dp</dimen>
    <dimen name="x850">1227.78dp</dimen>
    <dimen name="x851">1229.22dp</dimen>
    <dimen name="x852">1230.67dp</dimen>
    <dimen name="x853">1232.11dp</dimen>
    <dimen name="x854">1233.56dp</dimen>
    <dimen name="x855">1235.00dp</dimen>
    <dimen name="x856">1236.44dp</dimen>
    <dimen name="x857">1237.89dp</dimen>
    <dimen name="x858">1239.33dp</dimen>
    <dimen name="x859">1240.78dp</dimen>
    <dimen name="x860">1242.22dp</dimen>
    <dimen name="x861">1243.67dp</dimen>
    <dimen name="x862">1245.11dp</dimen>
    <dimen name="x863">1246.56dp</dimen>
    <dimen name="x864">1248.00dp</dimen>
    <dimen name="x865">1249.44dp</dimen>
    <dimen name="x866">1250.89dp</dimen>
    <dimen name="x867">1252.33dp</dimen>
    <dimen name="x868">1253.78dp</dimen>
    <dimen name="x869">1255.22dp</dimen>
    <dimen name="x870">1256.67dp</dimen>
    <dimen name="x871">1258.11dp</dimen>
    <dimen name="x872">1259.56dp</dimen>
    <dimen name="x873">1261.00dp</dimen>
    <dimen name="x874">1262.44dp</dimen>
    <dimen name="x875">1263.89dp</dimen>
    <dimen name="x876">1265.33dp</dimen>
    <dimen name="x877">1266.78dp</dimen>
    <dimen name="x878">1268.22dp</dimen>
    <dimen name="x879">1269.67dp</dimen>
    <dimen name="x880">1271.11dp</dimen>
    <dimen name="x881">1272.56dp</dimen>
    <dimen name="x882">1274.00dp</dimen>
    <dimen name="x883">1275.44dp</dimen>
    <dimen name="x884">1276.89dp</dimen>
    <dimen name="x885">1278.33dp</dimen>
    <dimen name="x886">1279.78dp</dimen>
    <dimen name="x887">1281.22dp</dimen>
    <dimen name="x888">1282.67dp</dimen>
    <dimen name="x889">1284.11dp</dimen>
    <dimen name="x890">1285.56dp</dimen>
    <dimen name="x891">1287.00dp</dimen>
    <dimen name="x892">1288.44dp</dimen>
    <dimen name="x893">1289.89dp</dimen>
    <dimen name="x894">1291.33dp</dimen>
    <dimen name="x895">1292.78dp</dimen>
    <dimen name="x896">1294.22dp</dimen>
    <dimen name="x897">1295.67dp</dimen>
    <dimen name="x898">1297.11dp</dimen>
    <dimen name="x899">1298.56dp</dimen>
    <dimen name="x900">1300.00dp</dimen>
    <dimen name="x901">1301.44dp</dimen>
    <dimen name="x902">1302.89dp</dimen>
    <dimen name="x903">1304.33dp</dimen>
    <dimen name="x904">1305.78dp</dimen>
    <dimen name="x905">1307.22dp</dimen>
    <dimen name="x906">1308.67dp</dimen>
    <dimen name="x907">1310.11dp</dimen>
    <dimen name="x908">1311.56dp</dimen>
    <dimen name="x909">1313.00dp</dimen>
    <dimen name="x910">1314.44dp</dimen>
    <dimen name="x911">1315.89dp</dimen>
    <dimen name="x912">1317.33dp</dimen>
    <dimen name="x913">1318.78dp</dimen>
    <dimen name="x914">1320.22dp</dimen>
    <dimen name="x915">1321.67dp</dimen>
    <dimen name="x916">1323.11dp</dimen>
    <dimen name="x917">1324.56dp</dimen>
    <dimen name="x918">1326.00dp</dimen>
    <dimen name="x919">1327.44dp</dimen>
    <dimen name="x920">1328.89dp</dimen>
    <dimen name="x921">1330.33dp</dimen>
    <dimen name="x922">1331.78dp</dimen>
    <dimen name="x923">1333.22dp</dimen>
    <dimen name="x924">1334.67dp</dimen>
    <dimen name="x925">1336.11dp</dimen>
    <dimen name="x926">1337.56dp</dimen>
    <dimen name="x927">1339.00dp</dimen>
    <dimen name="x928">1340.44dp</dimen>
    <dimen name="x929">1341.89dp</dimen>
    <dimen name="x930">1343.33dp</dimen>
    <dimen name="x931">1344.78dp</dimen>
    <dimen name="x932">1346.22dp</dimen>
    <dimen name="x933">1347.67dp</dimen>
    <dimen name="x934">1349.11dp</dimen>
    <dimen name="x935">1350.56dp</dimen>
    <dimen name="x936">1352.00dp</dimen>
    <dimen name="x937">1353.44dp</dimen>
    <dimen name="x938">1354.89dp</dimen>
    <dimen name="x939">1356.33dp</dimen>
    <dimen name="x940">1357.78dp</dimen>
    <dimen name="x941">1359.22dp</dimen>
    <dimen name="x942">1360.67dp</dimen>
    <dimen name="x943">1362.11dp</dimen>
    <dimen name="x944">1363.56dp</dimen>
    <dimen name="x945">1365.00dp</dimen>
    <dimen name="x946">1366.44dp</dimen>
    <dimen name="x947">1367.89dp</dimen>
    <dimen name="x948">1369.33dp</dimen>
    <dimen name="x949">1370.78dp</dimen>
    <dimen name="x950">1372.22dp</dimen>
    <dimen name="x951">1373.67dp</dimen>
    <dimen name="x952">1375.11dp</dimen>
    <dimen name="x953">1376.56dp</dimen>
    <dimen name="x954">1378.00dp</dimen>
    <dimen name="x955">1379.44dp</dimen>
    <dimen name="x956">1380.89dp</dimen>
    <dimen name="x957">1382.33dp</dimen>
    <dimen name="x958">1383.78dp</dimen>
    <dimen name="x959">1385.22dp</dimen>
    <dimen name="x960">1386.67dp</dimen>
    <dimen name="x961">1388.11dp</dimen>
    <dimen name="x962">1389.56dp</dimen>
    <dimen name="x963">1391.00dp</dimen>
    <dimen name="x964">1392.44dp</dimen>
    <dimen name="x965">1393.89dp</dimen>
    <dimen name="x966">1395.33dp</dimen>
    <dimen name="x967">1396.78dp</dimen>
    <dimen name="x968">1398.22dp</dimen>
    <dimen name="x969">1399.67dp</dimen>
    <dimen name="x970">1401.11dp</dimen>
    <dimen name="x971">1402.56dp</dimen>
    <dimen name="x972">1404.00dp</dimen>
    <dimen name="x973">1405.44dp</dimen>
    <dimen name="x974">1406.89dp</dimen>
    <dimen name="x975">1408.33dp</dimen>
    <dimen name="x976">1409.78dp</dimen>
    <dimen name="x977">1411.22dp</dimen>
    <dimen name="x978">1412.67dp</dimen>
    <dimen name="x979">1414.11dp</dimen>
    <dimen name="x980">1415.56dp</dimen>
    <dimen name="x981">1417.00dp</dimen>
    <dimen name="x982">1418.44dp</dimen>
    <dimen name="x983">1419.89dp</dimen>
    <dimen name="x984">1421.33dp</dimen>
    <dimen name="x985">1422.78dp</dimen>
    <dimen name="x986">1424.22dp</dimen>
    <dimen name="x987">1425.67dp</dimen>
    <dimen name="x988">1427.11dp</dimen>
    <dimen name="x989">1428.56dp</dimen>
    <dimen name="x990">1430.00dp</dimen>
    <dimen name="x991">1431.44dp</dimen>
    <dimen name="x992">1432.89dp</dimen>
    <dimen name="x993">1434.33dp</dimen>
    <dimen name="x994">1435.78dp</dimen>
    <dimen name="x995">1437.22dp</dimen>
    <dimen name="x996">1438.67dp</dimen>
    <dimen name="x997">1440.11dp</dimen>
    <dimen name="x998">1441.56dp</dimen>
    <dimen name="x999">1443.00dp</dimen>
    <dimen name="x1000">1444.44dp</dimen>
    <dimen name="x1001">1445.89dp</dimen>
    <dimen name="x1002">1447.33dp</dimen>
    <dimen name="x1003">1448.78dp</dimen>
    <dimen name="x1004">1450.22dp</dimen>
    <dimen name="x1005">1451.67dp</dimen>
    <dimen name="x1006">1453.11dp</dimen>
    <dimen name="x1007">1454.56dp</dimen>
    <dimen name="x1008">1456.00dp</dimen>
    <dimen name="x1009">1457.44dp</dimen>
    <dimen name="x1010">1458.89dp</dimen>
    <dimen name="x1011">1460.33dp</dimen>
    <dimen name="x1012">1461.78dp</dimen>
    <dimen name="x1013">1463.22dp</dimen>
    <dimen name="x1014">1464.67dp</dimen>
    <dimen name="x1015">1466.11dp</dimen>
    <dimen name="x1016">1467.56dp</dimen>
    <dimen name="x1017">1469.00dp</dimen>
    <dimen name="x1018">1470.44dp</dimen>
    <dimen name="x1019">1471.89dp</dimen>
    <dimen name="x1020">1473.33dp</dimen>
    <dimen name="x1021">1474.78dp</dimen>
    <dimen name="x1022">1476.22dp</dimen>
    <dimen name="x1023">1477.67dp</dimen>
    <dimen name="x1024">1479.11dp</dimen>
    <dimen name="x1025">1480.56dp</dimen>
    <dimen name="x1026">1482.00dp</dimen>
    <dimen name="x1027">1483.44dp</dimen>
    <dimen name="x1028">1484.89dp</dimen>
    <dimen name="x1029">1486.33dp</dimen>
    <dimen name="x1030">1487.78dp</dimen>
    <dimen name="x1031">1489.22dp</dimen>
    <dimen name="x1032">1490.67dp</dimen>
    <dimen name="x1033">1492.11dp</dimen>
    <dimen name="x1034">1493.56dp</dimen>
    <dimen name="x1035">1495.00dp</dimen>
    <dimen name="x1036">1496.44dp</dimen>
    <dimen name="x1037">1497.89dp</dimen>
    <dimen name="x1038">1499.33dp</dimen>
    <dimen name="x1039">1500.78dp</dimen>
    <dimen name="x1040">1502.22dp</dimen>
    <dimen name="x1041">1503.67dp</dimen>
    <dimen name="x1042">1505.11dp</dimen>
    <dimen name="x1043">1506.56dp</dimen>
    <dimen name="x1044">1508.00dp</dimen>
    <dimen name="x1045">1509.44dp</dimen>
    <dimen name="x1046">1510.89dp</dimen>
    <dimen name="x1047">1512.33dp</dimen>
    <dimen name="x1048">1513.78dp</dimen>
    <dimen name="x1049">1515.22dp</dimen>
    <dimen name="x1050">1516.67dp</dimen>
    <dimen name="x1051">1518.11dp</dimen>
    <dimen name="x1052">1519.56dp</dimen>
    <dimen name="x1053">1521.00dp</dimen>
    <dimen name="x1054">1522.44dp</dimen>
    <dimen name="x1055">1523.89dp</dimen>
    <dimen name="x1056">1525.33dp</dimen>
    <dimen name="x1057">1526.78dp</dimen>
    <dimen name="x1058">1528.22dp</dimen>
    <dimen name="x1059">1529.67dp</dimen>
    <dimen name="x1060">1531.11dp</dimen>
    <dimen name="x1061">1532.56dp</dimen>
    <dimen name="x1062">1534.00dp</dimen>
    <dimen name="x1063">1535.44dp</dimen>
    <dimen name="x1064">1536.89dp</dimen>
    <dimen name="x1065">1538.33dp</dimen>
    <dimen name="x1066">1539.78dp</dimen>
    <dimen name="x1067">1541.22dp</dimen>
    <dimen name="x1068">1542.67dp</dimen>
    <dimen name="x1069">1544.11dp</dimen>
    <dimen name="x1070">1545.56dp</dimen>
    <dimen name="x1071">1547.00dp</dimen>
    <dimen name="x1072">1548.44dp</dimen>
    <dimen name="x1073">1549.89dp</dimen>
    <dimen name="x1074">1551.33dp</dimen>
    <dimen name="x1075">1552.78dp</dimen>
    <dimen name="x1076">1554.22dp</dimen>
    <dimen name="x1077">1555.67dp</dimen>
    <dimen name="x1078">1557.11dp</dimen>
    <dimen name="x1079">1558.56dp</dimen>
    <dimen name="x1080">1560.00dp</dimen>
</resources>