<?xml version="1.0" encoding="utf-8"?>
<resources>
    <string name="sw_dp">1000dp</string>
    <dimen name="x1">0.93dp</dimen>
    <dimen name="x2">1.85dp</dimen>
    <dimen name="x3">2.78dp</dimen>
    <dimen name="x4">3.70dp</dimen>
    <dimen name="x5">4.63dp</dimen>
    <dimen name="x6">5.56dp</dimen>
    <dimen name="x7">6.48dp</dimen>
    <dimen name="x8">7.41dp</dimen>
    <dimen name="x9">8.33dp</dimen>
    <dimen name="x10">9.26dp</dimen>
    <dimen name="x11">10.19dp</dimen>
    <dimen name="x12">11.11dp</dimen>
    <dimen name="x13">12.04dp</dimen>
    <dimen name="x14">12.96dp</dimen>
    <dimen name="x15">13.89dp</dimen>
    <dimen name="x16">14.81dp</dimen>
    <dimen name="x17">15.74dp</dimen>
    <dimen name="x18">16.67dp</dimen>
    <dimen name="x19">17.59dp</dimen>
    <dimen name="x20">18.52dp</dimen>
    <dimen name="x21">19.44dp</dimen>
    <dimen name="x22">20.37dp</dimen>
    <dimen name="x23">21.30dp</dimen>
    <dimen name="x24">22.22dp</dimen>
    <dimen name="x25">23.15dp</dimen>
    <dimen name="x26">24.07dp</dimen>
    <dimen name="x27">25.00dp</dimen>
    <dimen name="x28">25.93dp</dimen>
    <dimen name="x29">26.85dp</dimen>
    <dimen name="x30">27.78dp</dimen>
    <dimen name="x31">28.70dp</dimen>
    <dimen name="x32">29.63dp</dimen>
    <dimen name="x33">30.56dp</dimen>
    <dimen name="x34">31.48dp</dimen>
    <dimen name="x35">32.41dp</dimen>
    <dimen name="x36">33.33dp</dimen>
    <dimen name="x37">34.26dp</dimen>
    <dimen name="x38">35.19dp</dimen>
    <dimen name="x39">36.11dp</dimen>
    <dimen name="x40">37.04dp</dimen>
    <dimen name="x41">37.96dp</dimen>
    <dimen name="x42">38.89dp</dimen>
    <dimen name="x43">39.81dp</dimen>
    <dimen name="x44">40.74dp</dimen>
    <dimen name="x45">41.67dp</dimen>
    <dimen name="x46">42.59dp</dimen>
    <dimen name="x47">43.52dp</dimen>
    <dimen name="x48">44.44dp</dimen>
    <dimen name="x49">45.37dp</dimen>
    <dimen name="x50">46.30dp</dimen>
    <dimen name="x51">47.22dp</dimen>
    <dimen name="x52">48.15dp</dimen>
    <dimen name="x53">49.07dp</dimen>
    <dimen name="x54">50.00dp</dimen>
    <dimen name="x55">50.93dp</dimen>
    <dimen name="x56">51.85dp</dimen>
    <dimen name="x57">52.78dp</dimen>
    <dimen name="x58">53.70dp</dimen>
    <dimen name="x59">54.63dp</dimen>
    <dimen name="x60">55.56dp</dimen>
    <dimen name="x61">56.48dp</dimen>
    <dimen name="x62">57.41dp</dimen>
    <dimen name="x63">58.33dp</dimen>
    <dimen name="x64">59.26dp</dimen>
    <dimen name="x65">60.19dp</dimen>
    <dimen name="x66">61.11dp</dimen>
    <dimen name="x67">62.04dp</dimen>
    <dimen name="x68">62.96dp</dimen>
    <dimen name="x69">63.89dp</dimen>
    <dimen name="x70">64.81dp</dimen>
    <dimen name="x71">65.74dp</dimen>
    <dimen name="x72">66.67dp</dimen>
    <dimen name="x73">67.59dp</dimen>
    <dimen name="x74">68.52dp</dimen>
    <dimen name="x75">69.44dp</dimen>
    <dimen name="x76">70.37dp</dimen>
    <dimen name="x77">71.30dp</dimen>
    <dimen name="x78">72.22dp</dimen>
    <dimen name="x79">73.15dp</dimen>
    <dimen name="x80">74.07dp</dimen>
    <dimen name="x81">75.00dp</dimen>
    <dimen name="x82">75.93dp</dimen>
    <dimen name="x83">76.85dp</dimen>
    <dimen name="x84">77.78dp</dimen>
    <dimen name="x85">78.70dp</dimen>
    <dimen name="x86">79.63dp</dimen>
    <dimen name="x87">80.56dp</dimen>
    <dimen name="x88">81.48dp</dimen>
    <dimen name="x89">82.41dp</dimen>
    <dimen name="x90">83.33dp</dimen>
    <dimen name="x91">84.26dp</dimen>
    <dimen name="x92">85.19dp</dimen>
    <dimen name="x93">86.11dp</dimen>
    <dimen name="x94">87.04dp</dimen>
    <dimen name="x95">87.96dp</dimen>
    <dimen name="x96">88.89dp</dimen>
    <dimen name="x97">89.81dp</dimen>
    <dimen name="x98">90.74dp</dimen>
    <dimen name="x99">91.67dp</dimen>
    <dimen name="x100">92.59dp</dimen>
    <dimen name="x101">93.52dp</dimen>
    <dimen name="x102">94.44dp</dimen>
    <dimen name="x103">95.37dp</dimen>
    <dimen name="x104">96.30dp</dimen>
    <dimen name="x105">97.22dp</dimen>
    <dimen name="x106">98.15dp</dimen>
    <dimen name="x107">99.07dp</dimen>
    <dimen name="x108">100.00dp</dimen>
    <dimen name="x109">100.93dp</dimen>
    <dimen name="x110">101.85dp</dimen>
    <dimen name="x111">102.78dp</dimen>
    <dimen name="x112">103.70dp</dimen>
    <dimen name="x113">104.63dp</dimen>
    <dimen name="x114">105.56dp</dimen>
    <dimen name="x115">106.48dp</dimen>
    <dimen name="x116">107.41dp</dimen>
    <dimen name="x117">108.33dp</dimen>
    <dimen name="x118">109.26dp</dimen>
    <dimen name="x119">110.19dp</dimen>
    <dimen name="x120">111.11dp</dimen>
    <dimen name="x121">112.04dp</dimen>
    <dimen name="x122">112.96dp</dimen>
    <dimen name="x123">113.89dp</dimen>
    <dimen name="x124">114.81dp</dimen>
    <dimen name="x125">115.74dp</dimen>
    <dimen name="x126">116.67dp</dimen>
    <dimen name="x127">117.59dp</dimen>
    <dimen name="x128">118.52dp</dimen>
    <dimen name="x129">119.44dp</dimen>
    <dimen name="x130">120.37dp</dimen>
    <dimen name="x131">121.30dp</dimen>
    <dimen name="x132">122.22dp</dimen>
    <dimen name="x133">123.15dp</dimen>
    <dimen name="x134">124.07dp</dimen>
    <dimen name="x135">125.00dp</dimen>
    <dimen name="x136">125.93dp</dimen>
    <dimen name="x137">126.85dp</dimen>
    <dimen name="x138">127.78dp</dimen>
    <dimen name="x139">128.70dp</dimen>
    <dimen name="x140">129.63dp</dimen>
    <dimen name="x141">130.56dp</dimen>
    <dimen name="x142">131.48dp</dimen>
    <dimen name="x143">132.41dp</dimen>
    <dimen name="x144">133.33dp</dimen>
    <dimen name="x145">134.26dp</dimen>
    <dimen name="x146">135.19dp</dimen>
    <dimen name="x147">136.11dp</dimen>
    <dimen name="x148">137.04dp</dimen>
    <dimen name="x149">137.96dp</dimen>
    <dimen name="x150">138.89dp</dimen>
    <dimen name="x151">139.81dp</dimen>
    <dimen name="x152">140.74dp</dimen>
    <dimen name="x153">141.67dp</dimen>
    <dimen name="x154">142.59dp</dimen>
    <dimen name="x155">143.52dp</dimen>
    <dimen name="x156">144.44dp</dimen>
    <dimen name="x157">145.37dp</dimen>
    <dimen name="x158">146.30dp</dimen>
    <dimen name="x159">147.22dp</dimen>
    <dimen name="x160">148.15dp</dimen>
    <dimen name="x161">149.07dp</dimen>
    <dimen name="x162">150.00dp</dimen>
    <dimen name="x163">150.93dp</dimen>
    <dimen name="x164">151.85dp</dimen>
    <dimen name="x165">152.78dp</dimen>
    <dimen name="x166">153.70dp</dimen>
    <dimen name="x167">154.63dp</dimen>
    <dimen name="x168">155.56dp</dimen>
    <dimen name="x169">156.48dp</dimen>
    <dimen name="x170">157.41dp</dimen>
    <dimen name="x171">158.33dp</dimen>
    <dimen name="x172">159.26dp</dimen>
    <dimen name="x173">160.19dp</dimen>
    <dimen name="x174">161.11dp</dimen>
    <dimen name="x175">162.04dp</dimen>
    <dimen name="x176">162.96dp</dimen>
    <dimen name="x177">163.89dp</dimen>
    <dimen name="x178">164.81dp</dimen>
    <dimen name="x179">165.74dp</dimen>
    <dimen name="x180">166.67dp</dimen>
    <dimen name="x181">167.59dp</dimen>
    <dimen name="x182">168.52dp</dimen>
    <dimen name="x183">169.44dp</dimen>
    <dimen name="x184">170.37dp</dimen>
    <dimen name="x185">171.30dp</dimen>
    <dimen name="x186">172.22dp</dimen>
    <dimen name="x187">173.15dp</dimen>
    <dimen name="x188">174.07dp</dimen>
    <dimen name="x189">175.00dp</dimen>
    <dimen name="x190">175.93dp</dimen>
    <dimen name="x191">176.85dp</dimen>
    <dimen name="x192">177.78dp</dimen>
    <dimen name="x193">178.70dp</dimen>
    <dimen name="x194">179.63dp</dimen>
    <dimen name="x195">180.56dp</dimen>
    <dimen name="x196">181.48dp</dimen>
    <dimen name="x197">182.41dp</dimen>
    <dimen name="x198">183.33dp</dimen>
    <dimen name="x199">184.26dp</dimen>
    <dimen name="x200">185.19dp</dimen>
    <dimen name="x201">186.11dp</dimen>
    <dimen name="x202">187.04dp</dimen>
    <dimen name="x203">187.96dp</dimen>
    <dimen name="x204">188.89dp</dimen>
    <dimen name="x205">189.81dp</dimen>
    <dimen name="x206">190.74dp</dimen>
    <dimen name="x207">191.67dp</dimen>
    <dimen name="x208">192.59dp</dimen>
    <dimen name="x209">193.52dp</dimen>
    <dimen name="x210">194.44dp</dimen>
    <dimen name="x211">195.37dp</dimen>
    <dimen name="x212">196.30dp</dimen>
    <dimen name="x213">197.22dp</dimen>
    <dimen name="x214">198.15dp</dimen>
    <dimen name="x215">199.07dp</dimen>
    <dimen name="x216">200.00dp</dimen>
    <dimen name="x217">200.93dp</dimen>
    <dimen name="x218">201.85dp</dimen>
    <dimen name="x219">202.78dp</dimen>
    <dimen name="x220">203.70dp</dimen>
    <dimen name="x221">204.63dp</dimen>
    <dimen name="x222">205.56dp</dimen>
    <dimen name="x223">206.48dp</dimen>
    <dimen name="x224">207.41dp</dimen>
    <dimen name="x225">208.33dp</dimen>
    <dimen name="x226">209.26dp</dimen>
    <dimen name="x227">210.19dp</dimen>
    <dimen name="x228">211.11dp</dimen>
    <dimen name="x229">212.04dp</dimen>
    <dimen name="x230">212.96dp</dimen>
    <dimen name="x231">213.89dp</dimen>
    <dimen name="x232">214.81dp</dimen>
    <dimen name="x233">215.74dp</dimen>
    <dimen name="x234">216.67dp</dimen>
    <dimen name="x235">217.59dp</dimen>
    <dimen name="x236">218.52dp</dimen>
    <dimen name="x237">219.44dp</dimen>
    <dimen name="x238">220.37dp</dimen>
    <dimen name="x239">221.30dp</dimen>
    <dimen name="x240">222.22dp</dimen>
    <dimen name="x241">223.15dp</dimen>
    <dimen name="x242">224.07dp</dimen>
    <dimen name="x243">225.00dp</dimen>
    <dimen name="x244">225.93dp</dimen>
    <dimen name="x245">226.85dp</dimen>
    <dimen name="x246">227.78dp</dimen>
    <dimen name="x247">228.70dp</dimen>
    <dimen name="x248">229.63dp</dimen>
    <dimen name="x249">230.56dp</dimen>
    <dimen name="x250">231.48dp</dimen>
    <dimen name="x251">232.41dp</dimen>
    <dimen name="x252">233.33dp</dimen>
    <dimen name="x253">234.26dp</dimen>
    <dimen name="x254">235.19dp</dimen>
    <dimen name="x255">236.11dp</dimen>
    <dimen name="x256">237.04dp</dimen>
    <dimen name="x257">237.96dp</dimen>
    <dimen name="x258">238.89dp</dimen>
    <dimen name="x259">239.81dp</dimen>
    <dimen name="x260">240.74dp</dimen>
    <dimen name="x261">241.67dp</dimen>
    <dimen name="x262">242.59dp</dimen>
    <dimen name="x263">243.52dp</dimen>
    <dimen name="x264">244.44dp</dimen>
    <dimen name="x265">245.37dp</dimen>
    <dimen name="x266">246.30dp</dimen>
    <dimen name="x267">247.22dp</dimen>
    <dimen name="x268">248.15dp</dimen>
    <dimen name="x269">249.07dp</dimen>
    <dimen name="x270">250.00dp</dimen>
    <dimen name="x271">250.93dp</dimen>
    <dimen name="x272">251.85dp</dimen>
    <dimen name="x273">252.78dp</dimen>
    <dimen name="x274">253.70dp</dimen>
    <dimen name="x275">254.63dp</dimen>
    <dimen name="x276">255.56dp</dimen>
    <dimen name="x277">256.48dp</dimen>
    <dimen name="x278">257.41dp</dimen>
    <dimen name="x279">258.33dp</dimen>
    <dimen name="x280">259.26dp</dimen>
    <dimen name="x281">260.19dp</dimen>
    <dimen name="x282">261.11dp</dimen>
    <dimen name="x283">262.04dp</dimen>
    <dimen name="x284">262.96dp</dimen>
    <dimen name="x285">263.89dp</dimen>
    <dimen name="x286">264.81dp</dimen>
    <dimen name="x287">265.74dp</dimen>
    <dimen name="x288">266.67dp</dimen>
    <dimen name="x289">267.59dp</dimen>
    <dimen name="x290">268.52dp</dimen>
    <dimen name="x291">269.44dp</dimen>
    <dimen name="x292">270.37dp</dimen>
    <dimen name="x293">271.30dp</dimen>
    <dimen name="x294">272.22dp</dimen>
    <dimen name="x295">273.15dp</dimen>
    <dimen name="x296">274.07dp</dimen>
    <dimen name="x297">275.00dp</dimen>
    <dimen name="x298">275.93dp</dimen>
    <dimen name="x299">276.85dp</dimen>
    <dimen name="x300">277.78dp</dimen>
    <dimen name="x301">278.70dp</dimen>
    <dimen name="x302">279.63dp</dimen>
    <dimen name="x303">280.56dp</dimen>
    <dimen name="x304">281.48dp</dimen>
    <dimen name="x305">282.41dp</dimen>
    <dimen name="x306">283.33dp</dimen>
    <dimen name="x307">284.26dp</dimen>
    <dimen name="x308">285.19dp</dimen>
    <dimen name="x309">286.11dp</dimen>
    <dimen name="x310">287.04dp</dimen>
    <dimen name="x311">287.96dp</dimen>
    <dimen name="x312">288.89dp</dimen>
    <dimen name="x313">289.81dp</dimen>
    <dimen name="x314">290.74dp</dimen>
    <dimen name="x315">291.67dp</dimen>
    <dimen name="x316">292.59dp</dimen>
    <dimen name="x317">293.52dp</dimen>
    <dimen name="x318">294.44dp</dimen>
    <dimen name="x319">295.37dp</dimen>
    <dimen name="x320">296.30dp</dimen>
    <dimen name="x321">297.22dp</dimen>
    <dimen name="x322">298.15dp</dimen>
    <dimen name="x323">299.07dp</dimen>
    <dimen name="x324">300.00dp</dimen>
    <dimen name="x325">300.93dp</dimen>
    <dimen name="x326">301.85dp</dimen>
    <dimen name="x327">302.78dp</dimen>
    <dimen name="x328">303.70dp</dimen>
    <dimen name="x329">304.63dp</dimen>
    <dimen name="x330">305.56dp</dimen>
    <dimen name="x331">306.48dp</dimen>
    <dimen name="x332">307.41dp</dimen>
    <dimen name="x333">308.33dp</dimen>
    <dimen name="x334">309.26dp</dimen>
    <dimen name="x335">310.19dp</dimen>
    <dimen name="x336">311.11dp</dimen>
    <dimen name="x337">312.04dp</dimen>
    <dimen name="x338">312.96dp</dimen>
    <dimen name="x339">313.89dp</dimen>
    <dimen name="x340">314.81dp</dimen>
    <dimen name="x341">315.74dp</dimen>
    <dimen name="x342">316.67dp</dimen>
    <dimen name="x343">317.59dp</dimen>
    <dimen name="x344">318.52dp</dimen>
    <dimen name="x345">319.44dp</dimen>
    <dimen name="x346">320.37dp</dimen>
    <dimen name="x347">321.30dp</dimen>
    <dimen name="x348">322.22dp</dimen>
    <dimen name="x349">323.15dp</dimen>
    <dimen name="x350">324.07dp</dimen>
    <dimen name="x351">325.00dp</dimen>
    <dimen name="x352">325.93dp</dimen>
    <dimen name="x353">326.85dp</dimen>
    <dimen name="x354">327.78dp</dimen>
    <dimen name="x355">328.70dp</dimen>
    <dimen name="x356">329.63dp</dimen>
    <dimen name="x357">330.56dp</dimen>
    <dimen name="x358">331.48dp</dimen>
    <dimen name="x359">332.41dp</dimen>
    <dimen name="x360">333.33dp</dimen>
    <dimen name="x361">334.26dp</dimen>
    <dimen name="x362">335.19dp</dimen>
    <dimen name="x363">336.11dp</dimen>
    <dimen name="x364">337.04dp</dimen>
    <dimen name="x365">337.96dp</dimen>
    <dimen name="x366">338.89dp</dimen>
    <dimen name="x367">339.81dp</dimen>
    <dimen name="x368">340.74dp</dimen>
    <dimen name="x369">341.67dp</dimen>
    <dimen name="x370">342.59dp</dimen>
    <dimen name="x371">343.52dp</dimen>
    <dimen name="x372">344.44dp</dimen>
    <dimen name="x373">345.37dp</dimen>
    <dimen name="x374">346.30dp</dimen>
    <dimen name="x375">347.22dp</dimen>
    <dimen name="x376">348.15dp</dimen>
    <dimen name="x377">349.07dp</dimen>
    <dimen name="x378">350.00dp</dimen>
    <dimen name="x379">350.93dp</dimen>
    <dimen name="x380">351.85dp</dimen>
    <dimen name="x381">352.78dp</dimen>
    <dimen name="x382">353.70dp</dimen>
    <dimen name="x383">354.63dp</dimen>
    <dimen name="x384">355.56dp</dimen>
    <dimen name="x385">356.48dp</dimen>
    <dimen name="x386">357.41dp</dimen>
    <dimen name="x387">358.33dp</dimen>
    <dimen name="x388">359.26dp</dimen>
    <dimen name="x389">360.19dp</dimen>
    <dimen name="x390">361.11dp</dimen>
    <dimen name="x391">362.04dp</dimen>
    <dimen name="x392">362.96dp</dimen>
    <dimen name="x393">363.89dp</dimen>
    <dimen name="x394">364.81dp</dimen>
    <dimen name="x395">365.74dp</dimen>
    <dimen name="x396">366.67dp</dimen>
    <dimen name="x397">367.59dp</dimen>
    <dimen name="x398">368.52dp</dimen>
    <dimen name="x399">369.44dp</dimen>
    <dimen name="x400">370.37dp</dimen>
    <dimen name="x401">371.30dp</dimen>
    <dimen name="x402">372.22dp</dimen>
    <dimen name="x403">373.15dp</dimen>
    <dimen name="x404">374.07dp</dimen>
    <dimen name="x405">375.00dp</dimen>
    <dimen name="x406">375.93dp</dimen>
    <dimen name="x407">376.85dp</dimen>
    <dimen name="x408">377.78dp</dimen>
    <dimen name="x409">378.70dp</dimen>
    <dimen name="x410">379.63dp</dimen>
    <dimen name="x411">380.56dp</dimen>
    <dimen name="x412">381.48dp</dimen>
    <dimen name="x413">382.41dp</dimen>
    <dimen name="x414">383.33dp</dimen>
    <dimen name="x415">384.26dp</dimen>
    <dimen name="x416">385.19dp</dimen>
    <dimen name="x417">386.11dp</dimen>
    <dimen name="x418">387.04dp</dimen>
    <dimen name="x419">387.96dp</dimen>
    <dimen name="x420">388.89dp</dimen>
    <dimen name="x421">389.81dp</dimen>
    <dimen name="x422">390.74dp</dimen>
    <dimen name="x423">391.67dp</dimen>
    <dimen name="x424">392.59dp</dimen>
    <dimen name="x425">393.52dp</dimen>
    <dimen name="x426">394.44dp</dimen>
    <dimen name="x427">395.37dp</dimen>
    <dimen name="x428">396.30dp</dimen>
    <dimen name="x429">397.22dp</dimen>
    <dimen name="x430">398.15dp</dimen>
    <dimen name="x431">399.07dp</dimen>
    <dimen name="x432">400.00dp</dimen>
    <dimen name="x433">400.93dp</dimen>
    <dimen name="x434">401.85dp</dimen>
    <dimen name="x435">402.78dp</dimen>
    <dimen name="x436">403.70dp</dimen>
    <dimen name="x437">404.63dp</dimen>
    <dimen name="x438">405.56dp</dimen>
    <dimen name="x439">406.48dp</dimen>
    <dimen name="x440">407.41dp</dimen>
    <dimen name="x441">408.33dp</dimen>
    <dimen name="x442">409.26dp</dimen>
    <dimen name="x443">410.19dp</dimen>
    <dimen name="x444">411.11dp</dimen>
    <dimen name="x445">412.04dp</dimen>
    <dimen name="x446">412.96dp</dimen>
    <dimen name="x447">413.89dp</dimen>
    <dimen name="x448">414.81dp</dimen>
    <dimen name="x449">415.74dp</dimen>
    <dimen name="x450">416.67dp</dimen>
    <dimen name="x451">417.59dp</dimen>
    <dimen name="x452">418.52dp</dimen>
    <dimen name="x453">419.44dp</dimen>
    <dimen name="x454">420.37dp</dimen>
    <dimen name="x455">421.30dp</dimen>
    <dimen name="x456">422.22dp</dimen>
    <dimen name="x457">423.15dp</dimen>
    <dimen name="x458">424.07dp</dimen>
    <dimen name="x459">425.00dp</dimen>
    <dimen name="x460">425.93dp</dimen>
    <dimen name="x461">426.85dp</dimen>
    <dimen name="x462">427.78dp</dimen>
    <dimen name="x463">428.70dp</dimen>
    <dimen name="x464">429.63dp</dimen>
    <dimen name="x465">430.56dp</dimen>
    <dimen name="x466">431.48dp</dimen>
    <dimen name="x467">432.41dp</dimen>
    <dimen name="x468">433.33dp</dimen>
    <dimen name="x469">434.26dp</dimen>
    <dimen name="x470">435.19dp</dimen>
    <dimen name="x471">436.11dp</dimen>
    <dimen name="x472">437.04dp</dimen>
    <dimen name="x473">437.96dp</dimen>
    <dimen name="x474">438.89dp</dimen>
    <dimen name="x475">439.81dp</dimen>
    <dimen name="x476">440.74dp</dimen>
    <dimen name="x477">441.67dp</dimen>
    <dimen name="x478">442.59dp</dimen>
    <dimen name="x479">443.52dp</dimen>
    <dimen name="x480">444.44dp</dimen>
    <dimen name="x481">445.37dp</dimen>
    <dimen name="x482">446.30dp</dimen>
    <dimen name="x483">447.22dp</dimen>
    <dimen name="x484">448.15dp</dimen>
    <dimen name="x485">449.07dp</dimen>
    <dimen name="x486">450.00dp</dimen>
    <dimen name="x487">450.93dp</dimen>
    <dimen name="x488">451.85dp</dimen>
    <dimen name="x489">452.78dp</dimen>
    <dimen name="x490">453.70dp</dimen>
    <dimen name="x491">454.63dp</dimen>
    <dimen name="x492">455.56dp</dimen>
    <dimen name="x493">456.48dp</dimen>
    <dimen name="x494">457.41dp</dimen>
    <dimen name="x495">458.33dp</dimen>
    <dimen name="x496">459.26dp</dimen>
    <dimen name="x497">460.19dp</dimen>
    <dimen name="x498">461.11dp</dimen>
    <dimen name="x499">462.04dp</dimen>
    <dimen name="x500">462.96dp</dimen>
    <dimen name="x501">463.89dp</dimen>
    <dimen name="x502">464.81dp</dimen>
    <dimen name="x503">465.74dp</dimen>
    <dimen name="x504">466.67dp</dimen>
    <dimen name="x505">467.59dp</dimen>
    <dimen name="x506">468.52dp</dimen>
    <dimen name="x507">469.44dp</dimen>
    <dimen name="x508">470.37dp</dimen>
    <dimen name="x509">471.30dp</dimen>
    <dimen name="x510">472.22dp</dimen>
    <dimen name="x511">473.15dp</dimen>
    <dimen name="x512">474.07dp</dimen>
    <dimen name="x513">475.00dp</dimen>
    <dimen name="x514">475.93dp</dimen>
    <dimen name="x515">476.85dp</dimen>
    <dimen name="x516">477.78dp</dimen>
    <dimen name="x517">478.70dp</dimen>
    <dimen name="x518">479.63dp</dimen>
    <dimen name="x519">480.56dp</dimen>
    <dimen name="x520">481.48dp</dimen>
    <dimen name="x521">482.41dp</dimen>
    <dimen name="x522">483.33dp</dimen>
    <dimen name="x523">484.26dp</dimen>
    <dimen name="x524">485.19dp</dimen>
    <dimen name="x525">486.11dp</dimen>
    <dimen name="x526">487.04dp</dimen>
    <dimen name="x527">487.96dp</dimen>
    <dimen name="x528">488.89dp</dimen>
    <dimen name="x529">489.81dp</dimen>
    <dimen name="x530">490.74dp</dimen>
    <dimen name="x531">491.67dp</dimen>
    <dimen name="x532">492.59dp</dimen>
    <dimen name="x533">493.52dp</dimen>
    <dimen name="x534">494.44dp</dimen>
    <dimen name="x535">495.37dp</dimen>
    <dimen name="x536">496.30dp</dimen>
    <dimen name="x537">497.22dp</dimen>
    <dimen name="x538">498.15dp</dimen>
    <dimen name="x539">499.07dp</dimen>
    <dimen name="x540">500.00dp</dimen>
    <dimen name="x541">500.93dp</dimen>
    <dimen name="x542">501.85dp</dimen>
    <dimen name="x543">502.78dp</dimen>
    <dimen name="x544">503.70dp</dimen>
    <dimen name="x545">504.63dp</dimen>
    <dimen name="x546">505.56dp</dimen>
    <dimen name="x547">506.48dp</dimen>
    <dimen name="x548">507.41dp</dimen>
    <dimen name="x549">508.33dp</dimen>
    <dimen name="x550">509.26dp</dimen>
    <dimen name="x551">510.19dp</dimen>
    <dimen name="x552">511.11dp</dimen>
    <dimen name="x553">512.04dp</dimen>
    <dimen name="x554">512.96dp</dimen>
    <dimen name="x555">513.89dp</dimen>
    <dimen name="x556">514.81dp</dimen>
    <dimen name="x557">515.74dp</dimen>
    <dimen name="x558">516.67dp</dimen>
    <dimen name="x559">517.59dp</dimen>
    <dimen name="x560">518.52dp</dimen>
    <dimen name="x561">519.44dp</dimen>
    <dimen name="x562">520.37dp</dimen>
    <dimen name="x563">521.30dp</dimen>
    <dimen name="x564">522.22dp</dimen>
    <dimen name="x565">523.15dp</dimen>
    <dimen name="x566">524.07dp</dimen>
    <dimen name="x567">525.00dp</dimen>
    <dimen name="x568">525.93dp</dimen>
    <dimen name="x569">526.85dp</dimen>
    <dimen name="x570">527.78dp</dimen>
    <dimen name="x571">528.70dp</dimen>
    <dimen name="x572">529.63dp</dimen>
    <dimen name="x573">530.56dp</dimen>
    <dimen name="x574">531.48dp</dimen>
    <dimen name="x575">532.41dp</dimen>
    <dimen name="x576">533.33dp</dimen>
    <dimen name="x577">534.26dp</dimen>
    <dimen name="x578">535.19dp</dimen>
    <dimen name="x579">536.11dp</dimen>
    <dimen name="x580">537.04dp</dimen>
    <dimen name="x581">537.96dp</dimen>
    <dimen name="x582">538.89dp</dimen>
    <dimen name="x583">539.81dp</dimen>
    <dimen name="x584">540.74dp</dimen>
    <dimen name="x585">541.67dp</dimen>
    <dimen name="x586">542.59dp</dimen>
    <dimen name="x587">543.52dp</dimen>
    <dimen name="x588">544.44dp</dimen>
    <dimen name="x589">545.37dp</dimen>
    <dimen name="x590">546.30dp</dimen>
    <dimen name="x591">547.22dp</dimen>
    <dimen name="x592">548.15dp</dimen>
    <dimen name="x593">549.07dp</dimen>
    <dimen name="x594">550.00dp</dimen>
    <dimen name="x595">550.93dp</dimen>
    <dimen name="x596">551.85dp</dimen>
    <dimen name="x597">552.78dp</dimen>
    <dimen name="x598">553.70dp</dimen>
    <dimen name="x599">554.63dp</dimen>
    <dimen name="x600">555.56dp</dimen>
    <dimen name="x601">556.48dp</dimen>
    <dimen name="x602">557.41dp</dimen>
    <dimen name="x603">558.33dp</dimen>
    <dimen name="x604">559.26dp</dimen>
    <dimen name="x605">560.19dp</dimen>
    <dimen name="x606">561.11dp</dimen>
    <dimen name="x607">562.04dp</dimen>
    <dimen name="x608">562.96dp</dimen>
    <dimen name="x609">563.89dp</dimen>
    <dimen name="x610">564.81dp</dimen>
    <dimen name="x611">565.74dp</dimen>
    <dimen name="x612">566.67dp</dimen>
    <dimen name="x613">567.59dp</dimen>
    <dimen name="x614">568.52dp</dimen>
    <dimen name="x615">569.44dp</dimen>
    <dimen name="x616">570.37dp</dimen>
    <dimen name="x617">571.30dp</dimen>
    <dimen name="x618">572.22dp</dimen>
    <dimen name="x619">573.15dp</dimen>
    <dimen name="x620">574.07dp</dimen>
    <dimen name="x621">575.00dp</dimen>
    <dimen name="x622">575.93dp</dimen>
    <dimen name="x623">576.85dp</dimen>
    <dimen name="x624">577.78dp</dimen>
    <dimen name="x625">578.70dp</dimen>
    <dimen name="x626">579.63dp</dimen>
    <dimen name="x627">580.56dp</dimen>
    <dimen name="x628">581.48dp</dimen>
    <dimen name="x629">582.41dp</dimen>
    <dimen name="x630">583.33dp</dimen>
    <dimen name="x631">584.26dp</dimen>
    <dimen name="x632">585.19dp</dimen>
    <dimen name="x633">586.11dp</dimen>
    <dimen name="x634">587.04dp</dimen>
    <dimen name="x635">587.96dp</dimen>
    <dimen name="x636">588.89dp</dimen>
    <dimen name="x637">589.81dp</dimen>
    <dimen name="x638">590.74dp</dimen>
    <dimen name="x639">591.67dp</dimen>
    <dimen name="x640">592.59dp</dimen>
    <dimen name="x641">593.52dp</dimen>
    <dimen name="x642">594.44dp</dimen>
    <dimen name="x643">595.37dp</dimen>
    <dimen name="x644">596.30dp</dimen>
    <dimen name="x645">597.22dp</dimen>
    <dimen name="x646">598.15dp</dimen>
    <dimen name="x647">599.07dp</dimen>
    <dimen name="x648">600.00dp</dimen>
    <dimen name="x649">600.93dp</dimen>
    <dimen name="x650">601.85dp</dimen>
    <dimen name="x651">602.78dp</dimen>
    <dimen name="x652">603.70dp</dimen>
    <dimen name="x653">604.63dp</dimen>
    <dimen name="x654">605.56dp</dimen>
    <dimen name="x655">606.48dp</dimen>
    <dimen name="x656">607.41dp</dimen>
    <dimen name="x657">608.33dp</dimen>
    <dimen name="x658">609.26dp</dimen>
    <dimen name="x659">610.19dp</dimen>
    <dimen name="x660">611.11dp</dimen>
    <dimen name="x661">612.04dp</dimen>
    <dimen name="x662">612.96dp</dimen>
    <dimen name="x663">613.89dp</dimen>
    <dimen name="x664">614.81dp</dimen>
    <dimen name="x665">615.74dp</dimen>
    <dimen name="x666">616.67dp</dimen>
    <dimen name="x667">617.59dp</dimen>
    <dimen name="x668">618.52dp</dimen>
    <dimen name="x669">619.44dp</dimen>
    <dimen name="x670">620.37dp</dimen>
    <dimen name="x671">621.30dp</dimen>
    <dimen name="x672">622.22dp</dimen>
    <dimen name="x673">623.15dp</dimen>
    <dimen name="x674">624.07dp</dimen>
    <dimen name="x675">625.00dp</dimen>
    <dimen name="x676">625.93dp</dimen>
    <dimen name="x677">626.85dp</dimen>
    <dimen name="x678">627.78dp</dimen>
    <dimen name="x679">628.70dp</dimen>
    <dimen name="x680">629.63dp</dimen>
    <dimen name="x681">630.56dp</dimen>
    <dimen name="x682">631.48dp</dimen>
    <dimen name="x683">632.41dp</dimen>
    <dimen name="x684">633.33dp</dimen>
    <dimen name="x685">634.26dp</dimen>
    <dimen name="x686">635.19dp</dimen>
    <dimen name="x687">636.11dp</dimen>
    <dimen name="x688">637.04dp</dimen>
    <dimen name="x689">637.96dp</dimen>
    <dimen name="x690">638.89dp</dimen>
    <dimen name="x691">639.81dp</dimen>
    <dimen name="x692">640.74dp</dimen>
    <dimen name="x693">641.67dp</dimen>
    <dimen name="x694">642.59dp</dimen>
    <dimen name="x695">643.52dp</dimen>
    <dimen name="x696">644.44dp</dimen>
    <dimen name="x697">645.37dp</dimen>
    <dimen name="x698">646.30dp</dimen>
    <dimen name="x699">647.22dp</dimen>
    <dimen name="x700">648.15dp</dimen>
    <dimen name="x701">649.07dp</dimen>
    <dimen name="x702">650.00dp</dimen>
    <dimen name="x703">650.93dp</dimen>
    <dimen name="x704">651.85dp</dimen>
    <dimen name="x705">652.78dp</dimen>
    <dimen name="x706">653.70dp</dimen>
    <dimen name="x707">654.63dp</dimen>
    <dimen name="x708">655.56dp</dimen>
    <dimen name="x709">656.48dp</dimen>
    <dimen name="x710">657.41dp</dimen>
    <dimen name="x711">658.33dp</dimen>
    <dimen name="x712">659.26dp</dimen>
    <dimen name="x713">660.19dp</dimen>
    <dimen name="x714">661.11dp</dimen>
    <dimen name="x715">662.04dp</dimen>
    <dimen name="x716">662.96dp</dimen>
    <dimen name="x717">663.89dp</dimen>
    <dimen name="x718">664.81dp</dimen>
    <dimen name="x719">665.74dp</dimen>
    <dimen name="x720">666.67dp</dimen>
    <dimen name="x721">667.59dp</dimen>
    <dimen name="x722">668.52dp</dimen>
    <dimen name="x723">669.44dp</dimen>
    <dimen name="x724">670.37dp</dimen>
    <dimen name="x725">671.30dp</dimen>
    <dimen name="x726">672.22dp</dimen>
    <dimen name="x727">673.15dp</dimen>
    <dimen name="x728">674.07dp</dimen>
    <dimen name="x729">675.00dp</dimen>
    <dimen name="x730">675.93dp</dimen>
    <dimen name="x731">676.85dp</dimen>
    <dimen name="x732">677.78dp</dimen>
    <dimen name="x733">678.70dp</dimen>
    <dimen name="x734">679.63dp</dimen>
    <dimen name="x735">680.56dp</dimen>
    <dimen name="x736">681.48dp</dimen>
    <dimen name="x737">682.41dp</dimen>
    <dimen name="x738">683.33dp</dimen>
    <dimen name="x739">684.26dp</dimen>
    <dimen name="x740">685.19dp</dimen>
    <dimen name="x741">686.11dp</dimen>
    <dimen name="x742">687.04dp</dimen>
    <dimen name="x743">687.96dp</dimen>
    <dimen name="x744">688.89dp</dimen>
    <dimen name="x745">689.81dp</dimen>
    <dimen name="x746">690.74dp</dimen>
    <dimen name="x747">691.67dp</dimen>
    <dimen name="x748">692.59dp</dimen>
    <dimen name="x749">693.52dp</dimen>
    <dimen name="x750">694.44dp</dimen>
    <dimen name="x751">695.37dp</dimen>
    <dimen name="x752">696.30dp</dimen>
    <dimen name="x753">697.22dp</dimen>
    <dimen name="x754">698.15dp</dimen>
    <dimen name="x755">699.07dp</dimen>
    <dimen name="x756">700.00dp</dimen>
    <dimen name="x757">700.93dp</dimen>
    <dimen name="x758">701.85dp</dimen>
    <dimen name="x759">702.78dp</dimen>
    <dimen name="x760">703.70dp</dimen>
    <dimen name="x761">704.63dp</dimen>
    <dimen name="x762">705.56dp</dimen>
    <dimen name="x763">706.48dp</dimen>
    <dimen name="x764">707.41dp</dimen>
    <dimen name="x765">708.33dp</dimen>
    <dimen name="x766">709.26dp</dimen>
    <dimen name="x767">710.19dp</dimen>
    <dimen name="x768">711.11dp</dimen>
    <dimen name="x769">712.04dp</dimen>
    <dimen name="x770">712.96dp</dimen>
    <dimen name="x771">713.89dp</dimen>
    <dimen name="x772">714.81dp</dimen>
    <dimen name="x773">715.74dp</dimen>
    <dimen name="x774">716.67dp</dimen>
    <dimen name="x775">717.59dp</dimen>
    <dimen name="x776">718.52dp</dimen>
    <dimen name="x777">719.44dp</dimen>
    <dimen name="x778">720.37dp</dimen>
    <dimen name="x779">721.30dp</dimen>
    <dimen name="x780">722.22dp</dimen>
    <dimen name="x781">723.15dp</dimen>
    <dimen name="x782">724.07dp</dimen>
    <dimen name="x783">725.00dp</dimen>
    <dimen name="x784">725.93dp</dimen>
    <dimen name="x785">726.85dp</dimen>
    <dimen name="x786">727.78dp</dimen>
    <dimen name="x787">728.70dp</dimen>
    <dimen name="x788">729.63dp</dimen>
    <dimen name="x789">730.56dp</dimen>
    <dimen name="x790">731.48dp</dimen>
    <dimen name="x791">732.41dp</dimen>
    <dimen name="x792">733.33dp</dimen>
    <dimen name="x793">734.26dp</dimen>
    <dimen name="x794">735.19dp</dimen>
    <dimen name="x795">736.11dp</dimen>
    <dimen name="x796">737.04dp</dimen>
    <dimen name="x797">737.96dp</dimen>
    <dimen name="x798">738.89dp</dimen>
    <dimen name="x799">739.81dp</dimen>
    <dimen name="x800">740.74dp</dimen>
    <dimen name="x801">741.67dp</dimen>
    <dimen name="x802">742.59dp</dimen>
    <dimen name="x803">743.52dp</dimen>
    <dimen name="x804">744.44dp</dimen>
    <dimen name="x805">745.37dp</dimen>
    <dimen name="x806">746.30dp</dimen>
    <dimen name="x807">747.22dp</dimen>
    <dimen name="x808">748.15dp</dimen>
    <dimen name="x809">749.07dp</dimen>
    <dimen name="x810">750.00dp</dimen>
    <dimen name="x811">750.93dp</dimen>
    <dimen name="x812">751.85dp</dimen>
    <dimen name="x813">752.78dp</dimen>
    <dimen name="x814">753.70dp</dimen>
    <dimen name="x815">754.63dp</dimen>
    <dimen name="x816">755.56dp</dimen>
    <dimen name="x817">756.48dp</dimen>
    <dimen name="x818">757.41dp</dimen>
    <dimen name="x819">758.33dp</dimen>
    <dimen name="x820">759.26dp</dimen>
    <dimen name="x821">760.19dp</dimen>
    <dimen name="x822">761.11dp</dimen>
    <dimen name="x823">762.04dp</dimen>
    <dimen name="x824">762.96dp</dimen>
    <dimen name="x825">763.89dp</dimen>
    <dimen name="x826">764.81dp</dimen>
    <dimen name="x827">765.74dp</dimen>
    <dimen name="x828">766.67dp</dimen>
    <dimen name="x829">767.59dp</dimen>
    <dimen name="x830">768.52dp</dimen>
    <dimen name="x831">769.44dp</dimen>
    <dimen name="x832">770.37dp</dimen>
    <dimen name="x833">771.30dp</dimen>
    <dimen name="x834">772.22dp</dimen>
    <dimen name="x835">773.15dp</dimen>
    <dimen name="x836">774.07dp</dimen>
    <dimen name="x837">775.00dp</dimen>
    <dimen name="x838">775.93dp</dimen>
    <dimen name="x839">776.85dp</dimen>
    <dimen name="x840">777.78dp</dimen>
    <dimen name="x841">778.70dp</dimen>
    <dimen name="x842">779.63dp</dimen>
    <dimen name="x843">780.56dp</dimen>
    <dimen name="x844">781.48dp</dimen>
    <dimen name="x845">782.41dp</dimen>
    <dimen name="x846">783.33dp</dimen>
    <dimen name="x847">784.26dp</dimen>
    <dimen name="x848">785.19dp</dimen>
    <dimen name="x849">786.11dp</dimen>
    <dimen name="x850">787.04dp</dimen>
    <dimen name="x851">787.96dp</dimen>
    <dimen name="x852">788.89dp</dimen>
    <dimen name="x853">789.81dp</dimen>
    <dimen name="x854">790.74dp</dimen>
    <dimen name="x855">791.67dp</dimen>
    <dimen name="x856">792.59dp</dimen>
    <dimen name="x857">793.52dp</dimen>
    <dimen name="x858">794.44dp</dimen>
    <dimen name="x859">795.37dp</dimen>
    <dimen name="x860">796.30dp</dimen>
    <dimen name="x861">797.22dp</dimen>
    <dimen name="x862">798.15dp</dimen>
    <dimen name="x863">799.07dp</dimen>
    <dimen name="x864">800.00dp</dimen>
    <dimen name="x865">800.93dp</dimen>
    <dimen name="x866">801.85dp</dimen>
    <dimen name="x867">802.78dp</dimen>
    <dimen name="x868">803.70dp</dimen>
    <dimen name="x869">804.63dp</dimen>
    <dimen name="x870">805.56dp</dimen>
    <dimen name="x871">806.48dp</dimen>
    <dimen name="x872">807.41dp</dimen>
    <dimen name="x873">808.33dp</dimen>
    <dimen name="x874">809.26dp</dimen>
    <dimen name="x875">810.19dp</dimen>
    <dimen name="x876">811.11dp</dimen>
    <dimen name="x877">812.04dp</dimen>
    <dimen name="x878">812.96dp</dimen>
    <dimen name="x879">813.89dp</dimen>
    <dimen name="x880">814.81dp</dimen>
    <dimen name="x881">815.74dp</dimen>
    <dimen name="x882">816.67dp</dimen>
    <dimen name="x883">817.59dp</dimen>
    <dimen name="x884">818.52dp</dimen>
    <dimen name="x885">819.44dp</dimen>
    <dimen name="x886">820.37dp</dimen>
    <dimen name="x887">821.30dp</dimen>
    <dimen name="x888">822.22dp</dimen>
    <dimen name="x889">823.15dp</dimen>
    <dimen name="x890">824.07dp</dimen>
    <dimen name="x891">825.00dp</dimen>
    <dimen name="x892">825.93dp</dimen>
    <dimen name="x893">826.85dp</dimen>
    <dimen name="x894">827.78dp</dimen>
    <dimen name="x895">828.70dp</dimen>
    <dimen name="x896">829.63dp</dimen>
    <dimen name="x897">830.56dp</dimen>
    <dimen name="x898">831.48dp</dimen>
    <dimen name="x899">832.41dp</dimen>
    <dimen name="x900">833.33dp</dimen>
    <dimen name="x901">834.26dp</dimen>
    <dimen name="x902">835.19dp</dimen>
    <dimen name="x903">836.11dp</dimen>
    <dimen name="x904">837.04dp</dimen>
    <dimen name="x905">837.96dp</dimen>
    <dimen name="x906">838.89dp</dimen>
    <dimen name="x907">839.81dp</dimen>
    <dimen name="x908">840.74dp</dimen>
    <dimen name="x909">841.67dp</dimen>
    <dimen name="x910">842.59dp</dimen>
    <dimen name="x911">843.52dp</dimen>
    <dimen name="x912">844.44dp</dimen>
    <dimen name="x913">845.37dp</dimen>
    <dimen name="x914">846.30dp</dimen>
    <dimen name="x915">847.22dp</dimen>
    <dimen name="x916">848.15dp</dimen>
    <dimen name="x917">849.07dp</dimen>
    <dimen name="x918">850.00dp</dimen>
    <dimen name="x919">850.93dp</dimen>
    <dimen name="x920">851.85dp</dimen>
    <dimen name="x921">852.78dp</dimen>
    <dimen name="x922">853.70dp</dimen>
    <dimen name="x923">854.63dp</dimen>
    <dimen name="x924">855.56dp</dimen>
    <dimen name="x925">856.48dp</dimen>
    <dimen name="x926">857.41dp</dimen>
    <dimen name="x927">858.33dp</dimen>
    <dimen name="x928">859.26dp</dimen>
    <dimen name="x929">860.19dp</dimen>
    <dimen name="x930">861.11dp</dimen>
    <dimen name="x931">862.04dp</dimen>
    <dimen name="x932">862.96dp</dimen>
    <dimen name="x933">863.89dp</dimen>
    <dimen name="x934">864.81dp</dimen>
    <dimen name="x935">865.74dp</dimen>
    <dimen name="x936">866.67dp</dimen>
    <dimen name="x937">867.59dp</dimen>
    <dimen name="x938">868.52dp</dimen>
    <dimen name="x939">869.44dp</dimen>
    <dimen name="x940">870.37dp</dimen>
    <dimen name="x941">871.30dp</dimen>
    <dimen name="x942">872.22dp</dimen>
    <dimen name="x943">873.15dp</dimen>
    <dimen name="x944">874.07dp</dimen>
    <dimen name="x945">875.00dp</dimen>
    <dimen name="x946">875.93dp</dimen>
    <dimen name="x947">876.85dp</dimen>
    <dimen name="x948">877.78dp</dimen>
    <dimen name="x949">878.70dp</dimen>
    <dimen name="x950">879.63dp</dimen>
    <dimen name="x951">880.56dp</dimen>
    <dimen name="x952">881.48dp</dimen>
    <dimen name="x953">882.41dp</dimen>
    <dimen name="x954">883.33dp</dimen>
    <dimen name="x955">884.26dp</dimen>
    <dimen name="x956">885.19dp</dimen>
    <dimen name="x957">886.11dp</dimen>
    <dimen name="x958">887.04dp</dimen>
    <dimen name="x959">887.96dp</dimen>
    <dimen name="x960">888.89dp</dimen>
    <dimen name="x961">889.81dp</dimen>
    <dimen name="x962">890.74dp</dimen>
    <dimen name="x963">891.67dp</dimen>
    <dimen name="x964">892.59dp</dimen>
    <dimen name="x965">893.52dp</dimen>
    <dimen name="x966">894.44dp</dimen>
    <dimen name="x967">895.37dp</dimen>
    <dimen name="x968">896.30dp</dimen>
    <dimen name="x969">897.22dp</dimen>
    <dimen name="x970">898.15dp</dimen>
    <dimen name="x971">899.07dp</dimen>
    <dimen name="x972">900.00dp</dimen>
    <dimen name="x973">900.93dp</dimen>
    <dimen name="x974">901.85dp</dimen>
    <dimen name="x975">902.78dp</dimen>
    <dimen name="x976">903.70dp</dimen>
    <dimen name="x977">904.63dp</dimen>
    <dimen name="x978">905.56dp</dimen>
    <dimen name="x979">906.48dp</dimen>
    <dimen name="x980">907.41dp</dimen>
    <dimen name="x981">908.33dp</dimen>
    <dimen name="x982">909.26dp</dimen>
    <dimen name="x983">910.19dp</dimen>
    <dimen name="x984">911.11dp</dimen>
    <dimen name="x985">912.04dp</dimen>
    <dimen name="x986">912.96dp</dimen>
    <dimen name="x987">913.89dp</dimen>
    <dimen name="x988">914.81dp</dimen>
    <dimen name="x989">915.74dp</dimen>
    <dimen name="x990">916.67dp</dimen>
    <dimen name="x991">917.59dp</dimen>
    <dimen name="x992">918.52dp</dimen>
    <dimen name="x993">919.44dp</dimen>
    <dimen name="x994">920.37dp</dimen>
    <dimen name="x995">921.30dp</dimen>
    <dimen name="x996">922.22dp</dimen>
    <dimen name="x997">923.15dp</dimen>
    <dimen name="x998">924.07dp</dimen>
    <dimen name="x999">925.00dp</dimen>
    <dimen name="x1000">925.93dp</dimen>
    <dimen name="x1001">926.85dp</dimen>
    <dimen name="x1002">927.78dp</dimen>
    <dimen name="x1003">928.70dp</dimen>
    <dimen name="x1004">929.63dp</dimen>
    <dimen name="x1005">930.56dp</dimen>
    <dimen name="x1006">931.48dp</dimen>
    <dimen name="x1007">932.41dp</dimen>
    <dimen name="x1008">933.33dp</dimen>
    <dimen name="x1009">934.26dp</dimen>
    <dimen name="x1010">935.19dp</dimen>
    <dimen name="x1011">936.11dp</dimen>
    <dimen name="x1012">937.04dp</dimen>
    <dimen name="x1013">937.96dp</dimen>
    <dimen name="x1014">938.89dp</dimen>
    <dimen name="x1015">939.81dp</dimen>
    <dimen name="x1016">940.74dp</dimen>
    <dimen name="x1017">941.67dp</dimen>
    <dimen name="x1018">942.59dp</dimen>
    <dimen name="x1019">943.52dp</dimen>
    <dimen name="x1020">944.44dp</dimen>
    <dimen name="x1021">945.37dp</dimen>
    <dimen name="x1022">946.30dp</dimen>
    <dimen name="x1023">947.22dp</dimen>
    <dimen name="x1024">948.15dp</dimen>
    <dimen name="x1025">949.07dp</dimen>
    <dimen name="x1026">950.00dp</dimen>
    <dimen name="x1027">950.93dp</dimen>
    <dimen name="x1028">951.85dp</dimen>
    <dimen name="x1029">952.78dp</dimen>
    <dimen name="x1030">953.70dp</dimen>
    <dimen name="x1031">954.63dp</dimen>
    <dimen name="x1032">955.56dp</dimen>
    <dimen name="x1033">956.48dp</dimen>
    <dimen name="x1034">957.41dp</dimen>
    <dimen name="x1035">958.33dp</dimen>
    <dimen name="x1036">959.26dp</dimen>
    <dimen name="x1037">960.19dp</dimen>
    <dimen name="x1038">961.11dp</dimen>
    <dimen name="x1039">962.04dp</dimen>
    <dimen name="x1040">962.96dp</dimen>
    <dimen name="x1041">963.89dp</dimen>
    <dimen name="x1042">964.81dp</dimen>
    <dimen name="x1043">965.74dp</dimen>
    <dimen name="x1044">966.67dp</dimen>
    <dimen name="x1045">967.59dp</dimen>
    <dimen name="x1046">968.52dp</dimen>
    <dimen name="x1047">969.44dp</dimen>
    <dimen name="x1048">970.37dp</dimen>
    <dimen name="x1049">971.30dp</dimen>
    <dimen name="x1050">972.22dp</dimen>
    <dimen name="x1051">973.15dp</dimen>
    <dimen name="x1052">974.07dp</dimen>
    <dimen name="x1053">975.00dp</dimen>
    <dimen name="x1054">975.93dp</dimen>
    <dimen name="x1055">976.85dp</dimen>
    <dimen name="x1056">977.78dp</dimen>
    <dimen name="x1057">978.70dp</dimen>
    <dimen name="x1058">979.63dp</dimen>
    <dimen name="x1059">980.56dp</dimen>
    <dimen name="x1060">981.48dp</dimen>
    <dimen name="x1061">982.41dp</dimen>
    <dimen name="x1062">983.33dp</dimen>
    <dimen name="x1063">984.26dp</dimen>
    <dimen name="x1064">985.19dp</dimen>
    <dimen name="x1065">986.11dp</dimen>
    <dimen name="x1066">987.04dp</dimen>
    <dimen name="x1067">987.96dp</dimen>
    <dimen name="x1068">988.89dp</dimen>
    <dimen name="x1069">989.81dp</dimen>
    <dimen name="x1070">990.74dp</dimen>
    <dimen name="x1071">991.67dp</dimen>
    <dimen name="x1072">992.59dp</dimen>
    <dimen name="x1073">993.52dp</dimen>
    <dimen name="x1074">994.44dp</dimen>
    <dimen name="x1075">995.37dp</dimen>
    <dimen name="x1076">996.30dp</dimen>
    <dimen name="x1077">997.22dp</dimen>
    <dimen name="x1078">998.15dp</dimen>
    <dimen name="x1079">999.07dp</dimen>
    <dimen name="x1080">1000.00dp</dimen>
</resources>