<?xml version="1.0" encoding="utf-8"?>
<resources>
    <string name="sw_dp">860dp</string>
    <dimen name="x1">0.80dp</dimen>
    <dimen name="x2">1.59dp</dimen>
    <dimen name="x3">2.39dp</dimen>
    <dimen name="x4">3.19dp</dimen>
    <dimen name="x5">3.98dp</dimen>
    <dimen name="x6">4.78dp</dimen>
    <dimen name="x7">5.57dp</dimen>
    <dimen name="x8">6.37dp</dimen>
    <dimen name="x9">7.17dp</dimen>
    <dimen name="x10">7.96dp</dimen>
    <dimen name="x11">8.76dp</dimen>
    <dimen name="x12">9.56dp</dimen>
    <dimen name="x13">10.35dp</dimen>
    <dimen name="x14">11.15dp</dimen>
    <dimen name="x15">11.94dp</dimen>
    <dimen name="x16">12.74dp</dimen>
    <dimen name="x17">13.54dp</dimen>
    <dimen name="x18">14.33dp</dimen>
    <dimen name="x19">15.13dp</dimen>
    <dimen name="x20">15.93dp</dimen>
    <dimen name="x21">16.72dp</dimen>
    <dimen name="x22">17.52dp</dimen>
    <dimen name="x23">18.31dp</dimen>
    <dimen name="x24">19.11dp</dimen>
    <dimen name="x25">19.91dp</dimen>
    <dimen name="x26">20.70dp</dimen>
    <dimen name="x27">21.50dp</dimen>
    <dimen name="x28">22.30dp</dimen>
    <dimen name="x29">23.09dp</dimen>
    <dimen name="x30">23.89dp</dimen>
    <dimen name="x31">24.69dp</dimen>
    <dimen name="x32">25.48dp</dimen>
    <dimen name="x33">26.28dp</dimen>
    <dimen name="x34">27.07dp</dimen>
    <dimen name="x35">27.87dp</dimen>
    <dimen name="x36">28.67dp</dimen>
    <dimen name="x37">29.46dp</dimen>
    <dimen name="x38">30.26dp</dimen>
    <dimen name="x39">31.06dp</dimen>
    <dimen name="x40">31.85dp</dimen>
    <dimen name="x41">32.65dp</dimen>
    <dimen name="x42">33.44dp</dimen>
    <dimen name="x43">34.24dp</dimen>
    <dimen name="x44">35.04dp</dimen>
    <dimen name="x45">35.83dp</dimen>
    <dimen name="x46">36.63dp</dimen>
    <dimen name="x47">37.43dp</dimen>
    <dimen name="x48">38.22dp</dimen>
    <dimen name="x49">39.02dp</dimen>
    <dimen name="x50">39.81dp</dimen>
    <dimen name="x51">40.61dp</dimen>
    <dimen name="x52">41.41dp</dimen>
    <dimen name="x53">42.20dp</dimen>
    <dimen name="x54">43.00dp</dimen>
    <dimen name="x55">43.80dp</dimen>
    <dimen name="x56">44.59dp</dimen>
    <dimen name="x57">45.39dp</dimen>
    <dimen name="x58">46.19dp</dimen>
    <dimen name="x59">46.98dp</dimen>
    <dimen name="x60">47.78dp</dimen>
    <dimen name="x61">48.57dp</dimen>
    <dimen name="x62">49.37dp</dimen>
    <dimen name="x63">50.17dp</dimen>
    <dimen name="x64">50.96dp</dimen>
    <dimen name="x65">51.76dp</dimen>
    <dimen name="x66">52.56dp</dimen>
    <dimen name="x67">53.35dp</dimen>
    <dimen name="x68">54.15dp</dimen>
    <dimen name="x69">54.94dp</dimen>
    <dimen name="x70">55.74dp</dimen>
    <dimen name="x71">56.54dp</dimen>
    <dimen name="x72">57.33dp</dimen>
    <dimen name="x73">58.13dp</dimen>
    <dimen name="x74">58.93dp</dimen>
    <dimen name="x75">59.72dp</dimen>
    <dimen name="x76">60.52dp</dimen>
    <dimen name="x77">61.31dp</dimen>
    <dimen name="x78">62.11dp</dimen>
    <dimen name="x79">62.91dp</dimen>
    <dimen name="x80">63.70dp</dimen>
    <dimen name="x81">64.50dp</dimen>
    <dimen name="x82">65.30dp</dimen>
    <dimen name="x83">66.09dp</dimen>
    <dimen name="x84">66.89dp</dimen>
    <dimen name="x85">67.69dp</dimen>
    <dimen name="x86">68.48dp</dimen>
    <dimen name="x87">69.28dp</dimen>
    <dimen name="x88">70.07dp</dimen>
    <dimen name="x89">70.87dp</dimen>
    <dimen name="x90">71.67dp</dimen>
    <dimen name="x91">72.46dp</dimen>
    <dimen name="x92">73.26dp</dimen>
    <dimen name="x93">74.06dp</dimen>
    <dimen name="x94">74.85dp</dimen>
    <dimen name="x95">75.65dp</dimen>
    <dimen name="x96">76.44dp</dimen>
    <dimen name="x97">77.24dp</dimen>
    <dimen name="x98">78.04dp</dimen>
    <dimen name="x99">78.83dp</dimen>
    <dimen name="x100">79.63dp</dimen>
    <dimen name="x101">80.43dp</dimen>
    <dimen name="x102">81.22dp</dimen>
    <dimen name="x103">82.02dp</dimen>
    <dimen name="x104">82.81dp</dimen>
    <dimen name="x105">83.61dp</dimen>
    <dimen name="x106">84.41dp</dimen>
    <dimen name="x107">85.20dp</dimen>
    <dimen name="x108">86.00dp</dimen>
    <dimen name="x109">86.80dp</dimen>
    <dimen name="x110">87.59dp</dimen>
    <dimen name="x111">88.39dp</dimen>
    <dimen name="x112">89.19dp</dimen>
    <dimen name="x113">89.98dp</dimen>
    <dimen name="x114">90.78dp</dimen>
    <dimen name="x115">91.57dp</dimen>
    <dimen name="x116">92.37dp</dimen>
    <dimen name="x117">93.17dp</dimen>
    <dimen name="x118">93.96dp</dimen>
    <dimen name="x119">94.76dp</dimen>
    <dimen name="x120">95.56dp</dimen>
    <dimen name="x121">96.35dp</dimen>
    <dimen name="x122">97.15dp</dimen>
    <dimen name="x123">97.94dp</dimen>
    <dimen name="x124">98.74dp</dimen>
    <dimen name="x125">99.54dp</dimen>
    <dimen name="x126">100.33dp</dimen>
    <dimen name="x127">101.13dp</dimen>
    <dimen name="x128">101.93dp</dimen>
    <dimen name="x129">102.72dp</dimen>
    <dimen name="x130">103.52dp</dimen>
    <dimen name="x131">104.31dp</dimen>
    <dimen name="x132">105.11dp</dimen>
    <dimen name="x133">105.91dp</dimen>
    <dimen name="x134">106.70dp</dimen>
    <dimen name="x135">107.50dp</dimen>
    <dimen name="x136">108.30dp</dimen>
    <dimen name="x137">109.09dp</dimen>
    <dimen name="x138">109.89dp</dimen>
    <dimen name="x139">110.69dp</dimen>
    <dimen name="x140">111.48dp</dimen>
    <dimen name="x141">112.28dp</dimen>
    <dimen name="x142">113.07dp</dimen>
    <dimen name="x143">113.87dp</dimen>
    <dimen name="x144">114.67dp</dimen>
    <dimen name="x145">115.46dp</dimen>
    <dimen name="x146">116.26dp</dimen>
    <dimen name="x147">117.06dp</dimen>
    <dimen name="x148">117.85dp</dimen>
    <dimen name="x149">118.65dp</dimen>
    <dimen name="x150">119.44dp</dimen>
    <dimen name="x151">120.24dp</dimen>
    <dimen name="x152">121.04dp</dimen>
    <dimen name="x153">121.83dp</dimen>
    <dimen name="x154">122.63dp</dimen>
    <dimen name="x155">123.43dp</dimen>
    <dimen name="x156">124.22dp</dimen>
    <dimen name="x157">125.02dp</dimen>
    <dimen name="x158">125.81dp</dimen>
    <dimen name="x159">126.61dp</dimen>
    <dimen name="x160">127.41dp</dimen>
    <dimen name="x161">128.20dp</dimen>
    <dimen name="x162">129.00dp</dimen>
    <dimen name="x163">129.80dp</dimen>
    <dimen name="x164">130.59dp</dimen>
    <dimen name="x165">131.39dp</dimen>
    <dimen name="x166">132.19dp</dimen>
    <dimen name="x167">132.98dp</dimen>
    <dimen name="x168">133.78dp</dimen>
    <dimen name="x169">134.57dp</dimen>
    <dimen name="x170">135.37dp</dimen>
    <dimen name="x171">136.17dp</dimen>
    <dimen name="x172">136.96dp</dimen>
    <dimen name="x173">137.76dp</dimen>
    <dimen name="x174">138.56dp</dimen>
    <dimen name="x175">139.35dp</dimen>
    <dimen name="x176">140.15dp</dimen>
    <dimen name="x177">140.94dp</dimen>
    <dimen name="x178">141.74dp</dimen>
    <dimen name="x179">142.54dp</dimen>
    <dimen name="x180">143.33dp</dimen>
    <dimen name="x181">144.13dp</dimen>
    <dimen name="x182">144.93dp</dimen>
    <dimen name="x183">145.72dp</dimen>
    <dimen name="x184">146.52dp</dimen>
    <dimen name="x185">147.31dp</dimen>
    <dimen name="x186">148.11dp</dimen>
    <dimen name="x187">148.91dp</dimen>
    <dimen name="x188">149.70dp</dimen>
    <dimen name="x189">150.50dp</dimen>
    <dimen name="x190">151.30dp</dimen>
    <dimen name="x191">152.09dp</dimen>
    <dimen name="x192">152.89dp</dimen>
    <dimen name="x193">153.69dp</dimen>
    <dimen name="x194">154.48dp</dimen>
    <dimen name="x195">155.28dp</dimen>
    <dimen name="x196">156.07dp</dimen>
    <dimen name="x197">156.87dp</dimen>
    <dimen name="x198">157.67dp</dimen>
    <dimen name="x199">158.46dp</dimen>
    <dimen name="x200">159.26dp</dimen>
    <dimen name="x201">160.06dp</dimen>
    <dimen name="x202">160.85dp</dimen>
    <dimen name="x203">161.65dp</dimen>
    <dimen name="x204">162.44dp</dimen>
    <dimen name="x205">163.24dp</dimen>
    <dimen name="x206">164.04dp</dimen>
    <dimen name="x207">164.83dp</dimen>
    <dimen name="x208">165.63dp</dimen>
    <dimen name="x209">166.43dp</dimen>
    <dimen name="x210">167.22dp</dimen>
    <dimen name="x211">168.02dp</dimen>
    <dimen name="x212">168.81dp</dimen>
    <dimen name="x213">169.61dp</dimen>
    <dimen name="x214">170.41dp</dimen>
    <dimen name="x215">171.20dp</dimen>
    <dimen name="x216">172.00dp</dimen>
    <dimen name="x217">172.80dp</dimen>
    <dimen name="x218">173.59dp</dimen>
    <dimen name="x219">174.39dp</dimen>
    <dimen name="x220">175.19dp</dimen>
    <dimen name="x221">175.98dp</dimen>
    <dimen name="x222">176.78dp</dimen>
    <dimen name="x223">177.57dp</dimen>
    <dimen name="x224">178.37dp</dimen>
    <dimen name="x225">179.17dp</dimen>
    <dimen name="x226">179.96dp</dimen>
    <dimen name="x227">180.76dp</dimen>
    <dimen name="x228">181.56dp</dimen>
    <dimen name="x229">182.35dp</dimen>
    <dimen name="x230">183.15dp</dimen>
    <dimen name="x231">183.94dp</dimen>
    <dimen name="x232">184.74dp</dimen>
    <dimen name="x233">185.54dp</dimen>
    <dimen name="x234">186.33dp</dimen>
    <dimen name="x235">187.13dp</dimen>
    <dimen name="x236">187.93dp</dimen>
    <dimen name="x237">188.72dp</dimen>
    <dimen name="x238">189.52dp</dimen>
    <dimen name="x239">190.31dp</dimen>
    <dimen name="x240">191.11dp</dimen>
    <dimen name="x241">191.91dp</dimen>
    <dimen name="x242">192.70dp</dimen>
    <dimen name="x243">193.50dp</dimen>
    <dimen name="x244">194.30dp</dimen>
    <dimen name="x245">195.09dp</dimen>
    <dimen name="x246">195.89dp</dimen>
    <dimen name="x247">196.69dp</dimen>
    <dimen name="x248">197.48dp</dimen>
    <dimen name="x249">198.28dp</dimen>
    <dimen name="x250">199.07dp</dimen>
    <dimen name="x251">199.87dp</dimen>
    <dimen name="x252">200.67dp</dimen>
    <dimen name="x253">201.46dp</dimen>
    <dimen name="x254">202.26dp</dimen>
    <dimen name="x255">203.06dp</dimen>
    <dimen name="x256">203.85dp</dimen>
    <dimen name="x257">204.65dp</dimen>
    <dimen name="x258">205.44dp</dimen>
    <dimen name="x259">206.24dp</dimen>
    <dimen name="x260">207.04dp</dimen>
    <dimen name="x261">207.83dp</dimen>
    <dimen name="x262">208.63dp</dimen>
    <dimen name="x263">209.43dp</dimen>
    <dimen name="x264">210.22dp</dimen>
    <dimen name="x265">211.02dp</dimen>
    <dimen name="x266">211.81dp</dimen>
    <dimen name="x267">212.61dp</dimen>
    <dimen name="x268">213.41dp</dimen>
    <dimen name="x269">214.20dp</dimen>
    <dimen name="x270">215.00dp</dimen>
    <dimen name="x271">215.80dp</dimen>
    <dimen name="x272">216.59dp</dimen>
    <dimen name="x273">217.39dp</dimen>
    <dimen name="x274">218.19dp</dimen>
    <dimen name="x275">218.98dp</dimen>
    <dimen name="x276">219.78dp</dimen>
    <dimen name="x277">220.57dp</dimen>
    <dimen name="x278">221.37dp</dimen>
    <dimen name="x279">222.17dp</dimen>
    <dimen name="x280">222.96dp</dimen>
    <dimen name="x281">223.76dp</dimen>
    <dimen name="x282">224.56dp</dimen>
    <dimen name="x283">225.35dp</dimen>
    <dimen name="x284">226.15dp</dimen>
    <dimen name="x285">226.94dp</dimen>
    <dimen name="x286">227.74dp</dimen>
    <dimen name="x287">228.54dp</dimen>
    <dimen name="x288">229.33dp</dimen>
    <dimen name="x289">230.13dp</dimen>
    <dimen name="x290">230.93dp</dimen>
    <dimen name="x291">231.72dp</dimen>
    <dimen name="x292">232.52dp</dimen>
    <dimen name="x293">233.31dp</dimen>
    <dimen name="x294">234.11dp</dimen>
    <dimen name="x295">234.91dp</dimen>
    <dimen name="x296">235.70dp</dimen>
    <dimen name="x297">236.50dp</dimen>
    <dimen name="x298">237.30dp</dimen>
    <dimen name="x299">238.09dp</dimen>
    <dimen name="x300">238.89dp</dimen>
    <dimen name="x301">239.69dp</dimen>
    <dimen name="x302">240.48dp</dimen>
    <dimen name="x303">241.28dp</dimen>
    <dimen name="x304">242.07dp</dimen>
    <dimen name="x305">242.87dp</dimen>
    <dimen name="x306">243.67dp</dimen>
    <dimen name="x307">244.46dp</dimen>
    <dimen name="x308">245.26dp</dimen>
    <dimen name="x309">246.06dp</dimen>
    <dimen name="x310">246.85dp</dimen>
    <dimen name="x311">247.65dp</dimen>
    <dimen name="x312">248.44dp</dimen>
    <dimen name="x313">249.24dp</dimen>
    <dimen name="x314">250.04dp</dimen>
    <dimen name="x315">250.83dp</dimen>
    <dimen name="x316">251.63dp</dimen>
    <dimen name="x317">252.43dp</dimen>
    <dimen name="x318">253.22dp</dimen>
    <dimen name="x319">254.02dp</dimen>
    <dimen name="x320">254.81dp</dimen>
    <dimen name="x321">255.61dp</dimen>
    <dimen name="x322">256.41dp</dimen>
    <dimen name="x323">257.20dp</dimen>
    <dimen name="x324">258.00dp</dimen>
    <dimen name="x325">258.80dp</dimen>
    <dimen name="x326">259.59dp</dimen>
    <dimen name="x327">260.39dp</dimen>
    <dimen name="x328">261.19dp</dimen>
    <dimen name="x329">261.98dp</dimen>
    <dimen name="x330">262.78dp</dimen>
    <dimen name="x331">263.57dp</dimen>
    <dimen name="x332">264.37dp</dimen>
    <dimen name="x333">265.17dp</dimen>
    <dimen name="x334">265.96dp</dimen>
    <dimen name="x335">266.76dp</dimen>
    <dimen name="x336">267.56dp</dimen>
    <dimen name="x337">268.35dp</dimen>
    <dimen name="x338">269.15dp</dimen>
    <dimen name="x339">269.94dp</dimen>
    <dimen name="x340">270.74dp</dimen>
    <dimen name="x341">271.54dp</dimen>
    <dimen name="x342">272.33dp</dimen>
    <dimen name="x343">273.13dp</dimen>
    <dimen name="x344">273.93dp</dimen>
    <dimen name="x345">274.72dp</dimen>
    <dimen name="x346">275.52dp</dimen>
    <dimen name="x347">276.31dp</dimen>
    <dimen name="x348">277.11dp</dimen>
    <dimen name="x349">277.91dp</dimen>
    <dimen name="x350">278.70dp</dimen>
    <dimen name="x351">279.50dp</dimen>
    <dimen name="x352">280.30dp</dimen>
    <dimen name="x353">281.09dp</dimen>
    <dimen name="x354">281.89dp</dimen>
    <dimen name="x355">282.69dp</dimen>
    <dimen name="x356">283.48dp</dimen>
    <dimen name="x357">284.28dp</dimen>
    <dimen name="x358">285.07dp</dimen>
    <dimen name="x359">285.87dp</dimen>
    <dimen name="x360">286.67dp</dimen>
    <dimen name="x361">287.46dp</dimen>
    <dimen name="x362">288.26dp</dimen>
    <dimen name="x363">289.06dp</dimen>
    <dimen name="x364">289.85dp</dimen>
    <dimen name="x365">290.65dp</dimen>
    <dimen name="x366">291.44dp</dimen>
    <dimen name="x367">292.24dp</dimen>
    <dimen name="x368">293.04dp</dimen>
    <dimen name="x369">293.83dp</dimen>
    <dimen name="x370">294.63dp</dimen>
    <dimen name="x371">295.43dp</dimen>
    <dimen name="x372">296.22dp</dimen>
    <dimen name="x373">297.02dp</dimen>
    <dimen name="x374">297.81dp</dimen>
    <dimen name="x375">298.61dp</dimen>
    <dimen name="x376">299.41dp</dimen>
    <dimen name="x377">300.20dp</dimen>
    <dimen name="x378">301.00dp</dimen>
    <dimen name="x379">301.80dp</dimen>
    <dimen name="x380">302.59dp</dimen>
    <dimen name="x381">303.39dp</dimen>
    <dimen name="x382">304.19dp</dimen>
    <dimen name="x383">304.98dp</dimen>
    <dimen name="x384">305.78dp</dimen>
    <dimen name="x385">306.57dp</dimen>
    <dimen name="x386">307.37dp</dimen>
    <dimen name="x387">308.17dp</dimen>
    <dimen name="x388">308.96dp</dimen>
    <dimen name="x389">309.76dp</dimen>
    <dimen name="x390">310.56dp</dimen>
    <dimen name="x391">311.35dp</dimen>
    <dimen name="x392">312.15dp</dimen>
    <dimen name="x393">312.94dp</dimen>
    <dimen name="x394">313.74dp</dimen>
    <dimen name="x395">314.54dp</dimen>
    <dimen name="x396">315.33dp</dimen>
    <dimen name="x397">316.13dp</dimen>
    <dimen name="x398">316.93dp</dimen>
    <dimen name="x399">317.72dp</dimen>
    <dimen name="x400">318.52dp</dimen>
    <dimen name="x401">319.31dp</dimen>
    <dimen name="x402">320.11dp</dimen>
    <dimen name="x403">320.91dp</dimen>
    <dimen name="x404">321.70dp</dimen>
    <dimen name="x405">322.50dp</dimen>
    <dimen name="x406">323.30dp</dimen>
    <dimen name="x407">324.09dp</dimen>
    <dimen name="x408">324.89dp</dimen>
    <dimen name="x409">325.69dp</dimen>
    <dimen name="x410">326.48dp</dimen>
    <dimen name="x411">327.28dp</dimen>
    <dimen name="x412">328.07dp</dimen>
    <dimen name="x413">328.87dp</dimen>
    <dimen name="x414">329.67dp</dimen>
    <dimen name="x415">330.46dp</dimen>
    <dimen name="x416">331.26dp</dimen>
    <dimen name="x417">332.06dp</dimen>
    <dimen name="x418">332.85dp</dimen>
    <dimen name="x419">333.65dp</dimen>
    <dimen name="x420">334.44dp</dimen>
    <dimen name="x421">335.24dp</dimen>
    <dimen name="x422">336.04dp</dimen>
    <dimen name="x423">336.83dp</dimen>
    <dimen name="x424">337.63dp</dimen>
    <dimen name="x425">338.43dp</dimen>
    <dimen name="x426">339.22dp</dimen>
    <dimen name="x427">340.02dp</dimen>
    <dimen name="x428">340.81dp</dimen>
    <dimen name="x429">341.61dp</dimen>
    <dimen name="x430">342.41dp</dimen>
    <dimen name="x431">343.20dp</dimen>
    <dimen name="x432">344.00dp</dimen>
    <dimen name="x433">344.80dp</dimen>
    <dimen name="x434">345.59dp</dimen>
    <dimen name="x435">346.39dp</dimen>
    <dimen name="x436">347.19dp</dimen>
    <dimen name="x437">347.98dp</dimen>
    <dimen name="x438">348.78dp</dimen>
    <dimen name="x439">349.57dp</dimen>
    <dimen name="x440">350.37dp</dimen>
    <dimen name="x441">351.17dp</dimen>
    <dimen name="x442">351.96dp</dimen>
    <dimen name="x443">352.76dp</dimen>
    <dimen name="x444">353.56dp</dimen>
    <dimen name="x445">354.35dp</dimen>
    <dimen name="x446">355.15dp</dimen>
    <dimen name="x447">355.94dp</dimen>
    <dimen name="x448">356.74dp</dimen>
    <dimen name="x449">357.54dp</dimen>
    <dimen name="x450">358.33dp</dimen>
    <dimen name="x451">359.13dp</dimen>
    <dimen name="x452">359.93dp</dimen>
    <dimen name="x453">360.72dp</dimen>
    <dimen name="x454">361.52dp</dimen>
    <dimen name="x455">362.31dp</dimen>
    <dimen name="x456">363.11dp</dimen>
    <dimen name="x457">363.91dp</dimen>
    <dimen name="x458">364.70dp</dimen>
    <dimen name="x459">365.50dp</dimen>
    <dimen name="x460">366.30dp</dimen>
    <dimen name="x461">367.09dp</dimen>
    <dimen name="x462">367.89dp</dimen>
    <dimen name="x463">368.69dp</dimen>
    <dimen name="x464">369.48dp</dimen>
    <dimen name="x465">370.28dp</dimen>
    <dimen name="x466">371.07dp</dimen>
    <dimen name="x467">371.87dp</dimen>
    <dimen name="x468">372.67dp</dimen>
    <dimen name="x469">373.46dp</dimen>
    <dimen name="x470">374.26dp</dimen>
    <dimen name="x471">375.06dp</dimen>
    <dimen name="x472">375.85dp</dimen>
    <dimen name="x473">376.65dp</dimen>
    <dimen name="x474">377.44dp</dimen>
    <dimen name="x475">378.24dp</dimen>
    <dimen name="x476">379.04dp</dimen>
    <dimen name="x477">379.83dp</dimen>
    <dimen name="x478">380.63dp</dimen>
    <dimen name="x479">381.43dp</dimen>
    <dimen name="x480">382.22dp</dimen>
    <dimen name="x481">383.02dp</dimen>
    <dimen name="x482">383.81dp</dimen>
    <dimen name="x483">384.61dp</dimen>
    <dimen name="x484">385.41dp</dimen>
    <dimen name="x485">386.20dp</dimen>
    <dimen name="x486">387.00dp</dimen>
    <dimen name="x487">387.80dp</dimen>
    <dimen name="x488">388.59dp</dimen>
    <dimen name="x489">389.39dp</dimen>
    <dimen name="x490">390.19dp</dimen>
    <dimen name="x491">390.98dp</dimen>
    <dimen name="x492">391.78dp</dimen>
    <dimen name="x493">392.57dp</dimen>
    <dimen name="x494">393.37dp</dimen>
    <dimen name="x495">394.17dp</dimen>
    <dimen name="x496">394.96dp</dimen>
    <dimen name="x497">395.76dp</dimen>
    <dimen name="x498">396.56dp</dimen>
    <dimen name="x499">397.35dp</dimen>
    <dimen name="x500">398.15dp</dimen>
    <dimen name="x501">398.94dp</dimen>
    <dimen name="x502">399.74dp</dimen>
    <dimen name="x503">400.54dp</dimen>
    <dimen name="x504">401.33dp</dimen>
    <dimen name="x505">402.13dp</dimen>
    <dimen name="x506">402.93dp</dimen>
    <dimen name="x507">403.72dp</dimen>
    <dimen name="x508">404.52dp</dimen>
    <dimen name="x509">405.31dp</dimen>
    <dimen name="x510">406.11dp</dimen>
    <dimen name="x511">406.91dp</dimen>
    <dimen name="x512">407.70dp</dimen>
    <dimen name="x513">408.50dp</dimen>
    <dimen name="x514">409.30dp</dimen>
    <dimen name="x515">410.09dp</dimen>
    <dimen name="x516">410.89dp</dimen>
    <dimen name="x517">411.69dp</dimen>
    <dimen name="x518">412.48dp</dimen>
    <dimen name="x519">413.28dp</dimen>
    <dimen name="x520">414.07dp</dimen>
    <dimen name="x521">414.87dp</dimen>
    <dimen name="x522">415.67dp</dimen>
    <dimen name="x523">416.46dp</dimen>
    <dimen name="x524">417.26dp</dimen>
    <dimen name="x525">418.06dp</dimen>
    <dimen name="x526">418.85dp</dimen>
    <dimen name="x527">419.65dp</dimen>
    <dimen name="x528">420.44dp</dimen>
    <dimen name="x529">421.24dp</dimen>
    <dimen name="x530">422.04dp</dimen>
    <dimen name="x531">422.83dp</dimen>
    <dimen name="x532">423.63dp</dimen>
    <dimen name="x533">424.43dp</dimen>
    <dimen name="x534">425.22dp</dimen>
    <dimen name="x535">426.02dp</dimen>
    <dimen name="x536">426.81dp</dimen>
    <dimen name="x537">427.61dp</dimen>
    <dimen name="x538">428.41dp</dimen>
    <dimen name="x539">429.20dp</dimen>
    <dimen name="x540">430.00dp</dimen>
    <dimen name="x541">430.80dp</dimen>
    <dimen name="x542">431.59dp</dimen>
    <dimen name="x543">432.39dp</dimen>
    <dimen name="x544">433.19dp</dimen>
    <dimen name="x545">433.98dp</dimen>
    <dimen name="x546">434.78dp</dimen>
    <dimen name="x547">435.57dp</dimen>
    <dimen name="x548">436.37dp</dimen>
    <dimen name="x549">437.17dp</dimen>
    <dimen name="x550">437.96dp</dimen>
    <dimen name="x551">438.76dp</dimen>
    <dimen name="x552">439.56dp</dimen>
    <dimen name="x553">440.35dp</dimen>
    <dimen name="x554">441.15dp</dimen>
    <dimen name="x555">441.94dp</dimen>
    <dimen name="x556">442.74dp</dimen>
    <dimen name="x557">443.54dp</dimen>
    <dimen name="x558">444.33dp</dimen>
    <dimen name="x559">445.13dp</dimen>
    <dimen name="x560">445.93dp</dimen>
    <dimen name="x561">446.72dp</dimen>
    <dimen name="x562">447.52dp</dimen>
    <dimen name="x563">448.31dp</dimen>
    <dimen name="x564">449.11dp</dimen>
    <dimen name="x565">449.91dp</dimen>
    <dimen name="x566">450.70dp</dimen>
    <dimen name="x567">451.50dp</dimen>
    <dimen name="x568">452.30dp</dimen>
    <dimen name="x569">453.09dp</dimen>
    <dimen name="x570">453.89dp</dimen>
    <dimen name="x571">454.69dp</dimen>
    <dimen name="x572">455.48dp</dimen>
    <dimen name="x573">456.28dp</dimen>
    <dimen name="x574">457.07dp</dimen>
    <dimen name="x575">457.87dp</dimen>
    <dimen name="x576">458.67dp</dimen>
    <dimen name="x577">459.46dp</dimen>
    <dimen name="x578">460.26dp</dimen>
    <dimen name="x579">461.06dp</dimen>
    <dimen name="x580">461.85dp</dimen>
    <dimen name="x581">462.65dp</dimen>
    <dimen name="x582">463.44dp</dimen>
    <dimen name="x583">464.24dp</dimen>
    <dimen name="x584">465.04dp</dimen>
    <dimen name="x585">465.83dp</dimen>
    <dimen name="x586">466.63dp</dimen>
    <dimen name="x587">467.43dp</dimen>
    <dimen name="x588">468.22dp</dimen>
    <dimen name="x589">469.02dp</dimen>
    <dimen name="x590">469.81dp</dimen>
    <dimen name="x591">470.61dp</dimen>
    <dimen name="x592">471.41dp</dimen>
    <dimen name="x593">472.20dp</dimen>
    <dimen name="x594">473.00dp</dimen>
    <dimen name="x595">473.80dp</dimen>
    <dimen name="x596">474.59dp</dimen>
    <dimen name="x597">475.39dp</dimen>
    <dimen name="x598">476.19dp</dimen>
    <dimen name="x599">476.98dp</dimen>
    <dimen name="x600">477.78dp</dimen>
    <dimen name="x601">478.57dp</dimen>
    <dimen name="x602">479.37dp</dimen>
    <dimen name="x603">480.17dp</dimen>
    <dimen name="x604">480.96dp</dimen>
    <dimen name="x605">481.76dp</dimen>
    <dimen name="x606">482.56dp</dimen>
    <dimen name="x607">483.35dp</dimen>
    <dimen name="x608">484.15dp</dimen>
    <dimen name="x609">484.94dp</dimen>
    <dimen name="x610">485.74dp</dimen>
    <dimen name="x611">486.54dp</dimen>
    <dimen name="x612">487.33dp</dimen>
    <dimen name="x613">488.13dp</dimen>
    <dimen name="x614">488.93dp</dimen>
    <dimen name="x615">489.72dp</dimen>
    <dimen name="x616">490.52dp</dimen>
    <dimen name="x617">491.31dp</dimen>
    <dimen name="x618">492.11dp</dimen>
    <dimen name="x619">492.91dp</dimen>
    <dimen name="x620">493.70dp</dimen>
    <dimen name="x621">494.50dp</dimen>
    <dimen name="x622">495.30dp</dimen>
    <dimen name="x623">496.09dp</dimen>
    <dimen name="x624">496.89dp</dimen>
    <dimen name="x625">497.69dp</dimen>
    <dimen name="x626">498.48dp</dimen>
    <dimen name="x627">499.28dp</dimen>
    <dimen name="x628">500.07dp</dimen>
    <dimen name="x629">500.87dp</dimen>
    <dimen name="x630">501.67dp</dimen>
    <dimen name="x631">502.46dp</dimen>
    <dimen name="x632">503.26dp</dimen>
    <dimen name="x633">504.06dp</dimen>
    <dimen name="x634">504.85dp</dimen>
    <dimen name="x635">505.65dp</dimen>
    <dimen name="x636">506.44dp</dimen>
    <dimen name="x637">507.24dp</dimen>
    <dimen name="x638">508.04dp</dimen>
    <dimen name="x639">508.83dp</dimen>
    <dimen name="x640">509.63dp</dimen>
    <dimen name="x641">510.43dp</dimen>
    <dimen name="x642">511.22dp</dimen>
    <dimen name="x643">512.02dp</dimen>
    <dimen name="x644">512.81dp</dimen>
    <dimen name="x645">513.61dp</dimen>
    <dimen name="x646">514.41dp</dimen>
    <dimen name="x647">515.20dp</dimen>
    <dimen name="x648">516.00dp</dimen>
    <dimen name="x649">516.80dp</dimen>
    <dimen name="x650">517.59dp</dimen>
    <dimen name="x651">518.39dp</dimen>
    <dimen name="x652">519.19dp</dimen>
    <dimen name="x653">519.98dp</dimen>
    <dimen name="x654">520.78dp</dimen>
    <dimen name="x655">521.57dp</dimen>
    <dimen name="x656">522.37dp</dimen>
    <dimen name="x657">523.17dp</dimen>
    <dimen name="x658">523.96dp</dimen>
    <dimen name="x659">524.76dp</dimen>
    <dimen name="x660">525.56dp</dimen>
    <dimen name="x661">526.35dp</dimen>
    <dimen name="x662">527.15dp</dimen>
    <dimen name="x663">527.94dp</dimen>
    <dimen name="x664">528.74dp</dimen>
    <dimen name="x665">529.54dp</dimen>
    <dimen name="x666">530.33dp</dimen>
    <dimen name="x667">531.13dp</dimen>
    <dimen name="x668">531.93dp</dimen>
    <dimen name="x669">532.72dp</dimen>
    <dimen name="x670">533.52dp</dimen>
    <dimen name="x671">534.31dp</dimen>
    <dimen name="x672">535.11dp</dimen>
    <dimen name="x673">535.91dp</dimen>
    <dimen name="x674">536.70dp</dimen>
    <dimen name="x675">537.50dp</dimen>
    <dimen name="x676">538.30dp</dimen>
    <dimen name="x677">539.09dp</dimen>
    <dimen name="x678">539.89dp</dimen>
    <dimen name="x679">540.69dp</dimen>
    <dimen name="x680">541.48dp</dimen>
    <dimen name="x681">542.28dp</dimen>
    <dimen name="x682">543.07dp</dimen>
    <dimen name="x683">543.87dp</dimen>
    <dimen name="x684">544.67dp</dimen>
    <dimen name="x685">545.46dp</dimen>
    <dimen name="x686">546.26dp</dimen>
    <dimen name="x687">547.06dp</dimen>
    <dimen name="x688">547.85dp</dimen>
    <dimen name="x689">548.65dp</dimen>
    <dimen name="x690">549.44dp</dimen>
    <dimen name="x691">550.24dp</dimen>
    <dimen name="x692">551.04dp</dimen>
    <dimen name="x693">551.83dp</dimen>
    <dimen name="x694">552.63dp</dimen>
    <dimen name="x695">553.43dp</dimen>
    <dimen name="x696">554.22dp</dimen>
    <dimen name="x697">555.02dp</dimen>
    <dimen name="x698">555.81dp</dimen>
    <dimen name="x699">556.61dp</dimen>
    <dimen name="x700">557.41dp</dimen>
    <dimen name="x701">558.20dp</dimen>
    <dimen name="x702">559.00dp</dimen>
    <dimen name="x703">559.80dp</dimen>
    <dimen name="x704">560.59dp</dimen>
    <dimen name="x705">561.39dp</dimen>
    <dimen name="x706">562.19dp</dimen>
    <dimen name="x707">562.98dp</dimen>
    <dimen name="x708">563.78dp</dimen>
    <dimen name="x709">564.57dp</dimen>
    <dimen name="x710">565.37dp</dimen>
    <dimen name="x711">566.17dp</dimen>
    <dimen name="x712">566.96dp</dimen>
    <dimen name="x713">567.76dp</dimen>
    <dimen name="x714">568.56dp</dimen>
    <dimen name="x715">569.35dp</dimen>
    <dimen name="x716">570.15dp</dimen>
    <dimen name="x717">570.94dp</dimen>
    <dimen name="x718">571.74dp</dimen>
    <dimen name="x719">572.54dp</dimen>
    <dimen name="x720">573.33dp</dimen>
    <dimen name="x721">574.13dp</dimen>
    <dimen name="x722">574.93dp</dimen>
    <dimen name="x723">575.72dp</dimen>
    <dimen name="x724">576.52dp</dimen>
    <dimen name="x725">577.31dp</dimen>
    <dimen name="x726">578.11dp</dimen>
    <dimen name="x727">578.91dp</dimen>
    <dimen name="x728">579.70dp</dimen>
    <dimen name="x729">580.50dp</dimen>
    <dimen name="x730">581.30dp</dimen>
    <dimen name="x731">582.09dp</dimen>
    <dimen name="x732">582.89dp</dimen>
    <dimen name="x733">583.69dp</dimen>
    <dimen name="x734">584.48dp</dimen>
    <dimen name="x735">585.28dp</dimen>
    <dimen name="x736">586.07dp</dimen>
    <dimen name="x737">586.87dp</dimen>
    <dimen name="x738">587.67dp</dimen>
    <dimen name="x739">588.46dp</dimen>
    <dimen name="x740">589.26dp</dimen>
    <dimen name="x741">590.06dp</dimen>
    <dimen name="x742">590.85dp</dimen>
    <dimen name="x743">591.65dp</dimen>
    <dimen name="x744">592.44dp</dimen>
    <dimen name="x745">593.24dp</dimen>
    <dimen name="x746">594.04dp</dimen>
    <dimen name="x747">594.83dp</dimen>
    <dimen name="x748">595.63dp</dimen>
    <dimen name="x749">596.43dp</dimen>
    <dimen name="x750">597.22dp</dimen>
    <dimen name="x751">598.02dp</dimen>
    <dimen name="x752">598.81dp</dimen>
    <dimen name="x753">599.61dp</dimen>
    <dimen name="x754">600.41dp</dimen>
    <dimen name="x755">601.20dp</dimen>
    <dimen name="x756">602.00dp</dimen>
    <dimen name="x757">602.80dp</dimen>
    <dimen name="x758">603.59dp</dimen>
    <dimen name="x759">604.39dp</dimen>
    <dimen name="x760">605.19dp</dimen>
    <dimen name="x761">605.98dp</dimen>
    <dimen name="x762">606.78dp</dimen>
    <dimen name="x763">607.57dp</dimen>
    <dimen name="x764">608.37dp</dimen>
    <dimen name="x765">609.17dp</dimen>
    <dimen name="x766">609.96dp</dimen>
    <dimen name="x767">610.76dp</dimen>
    <dimen name="x768">611.56dp</dimen>
    <dimen name="x769">612.35dp</dimen>
    <dimen name="x770">613.15dp</dimen>
    <dimen name="x771">613.94dp</dimen>
    <dimen name="x772">614.74dp</dimen>
    <dimen name="x773">615.54dp</dimen>
    <dimen name="x774">616.33dp</dimen>
    <dimen name="x775">617.13dp</dimen>
    <dimen name="x776">617.93dp</dimen>
    <dimen name="x777">618.72dp</dimen>
    <dimen name="x778">619.52dp</dimen>
    <dimen name="x779">620.31dp</dimen>
    <dimen name="x780">621.11dp</dimen>
    <dimen name="x781">621.91dp</dimen>
    <dimen name="x782">622.70dp</dimen>
    <dimen name="x783">623.50dp</dimen>
    <dimen name="x784">624.30dp</dimen>
    <dimen name="x785">625.09dp</dimen>
    <dimen name="x786">625.89dp</dimen>
    <dimen name="x787">626.69dp</dimen>
    <dimen name="x788">627.48dp</dimen>
    <dimen name="x789">628.28dp</dimen>
    <dimen name="x790">629.07dp</dimen>
    <dimen name="x791">629.87dp</dimen>
    <dimen name="x792">630.67dp</dimen>
    <dimen name="x793">631.46dp</dimen>
    <dimen name="x794">632.26dp</dimen>
    <dimen name="x795">633.06dp</dimen>
    <dimen name="x796">633.85dp</dimen>
    <dimen name="x797">634.65dp</dimen>
    <dimen name="x798">635.44dp</dimen>
    <dimen name="x799">636.24dp</dimen>
    <dimen name="x800">637.04dp</dimen>
    <dimen name="x801">637.83dp</dimen>
    <dimen name="x802">638.63dp</dimen>
    <dimen name="x803">639.43dp</dimen>
    <dimen name="x804">640.22dp</dimen>
    <dimen name="x805">641.02dp</dimen>
    <dimen name="x806">641.81dp</dimen>
    <dimen name="x807">642.61dp</dimen>
    <dimen name="x808">643.41dp</dimen>
    <dimen name="x809">644.20dp</dimen>
    <dimen name="x810">645.00dp</dimen>
    <dimen name="x811">645.80dp</dimen>
    <dimen name="x812">646.59dp</dimen>
    <dimen name="x813">647.39dp</dimen>
    <dimen name="x814">648.19dp</dimen>
    <dimen name="x815">648.98dp</dimen>
    <dimen name="x816">649.78dp</dimen>
    <dimen name="x817">650.57dp</dimen>
    <dimen name="x818">651.37dp</dimen>
    <dimen name="x819">652.17dp</dimen>
    <dimen name="x820">652.96dp</dimen>
    <dimen name="x821">653.76dp</dimen>
    <dimen name="x822">654.56dp</dimen>
    <dimen name="x823">655.35dp</dimen>
    <dimen name="x824">656.15dp</dimen>
    <dimen name="x825">656.94dp</dimen>
    <dimen name="x826">657.74dp</dimen>
    <dimen name="x827">658.54dp</dimen>
    <dimen name="x828">659.33dp</dimen>
    <dimen name="x829">660.13dp</dimen>
    <dimen name="x830">660.93dp</dimen>
    <dimen name="x831">661.72dp</dimen>
    <dimen name="x832">662.52dp</dimen>
    <dimen name="x833">663.31dp</dimen>
    <dimen name="x834">664.11dp</dimen>
    <dimen name="x835">664.91dp</dimen>
    <dimen name="x836">665.70dp</dimen>
    <dimen name="x837">666.50dp</dimen>
    <dimen name="x838">667.30dp</dimen>
    <dimen name="x839">668.09dp</dimen>
    <dimen name="x840">668.89dp</dimen>
    <dimen name="x841">669.69dp</dimen>
    <dimen name="x842">670.48dp</dimen>
    <dimen name="x843">671.28dp</dimen>
    <dimen name="x844">672.07dp</dimen>
    <dimen name="x845">672.87dp</dimen>
    <dimen name="x846">673.67dp</dimen>
    <dimen name="x847">674.46dp</dimen>
    <dimen name="x848">675.26dp</dimen>
    <dimen name="x849">676.06dp</dimen>
    <dimen name="x850">676.85dp</dimen>
    <dimen name="x851">677.65dp</dimen>
    <dimen name="x852">678.44dp</dimen>
    <dimen name="x853">679.24dp</dimen>
    <dimen name="x854">680.04dp</dimen>
    <dimen name="x855">680.83dp</dimen>
    <dimen name="x856">681.63dp</dimen>
    <dimen name="x857">682.43dp</dimen>
    <dimen name="x858">683.22dp</dimen>
    <dimen name="x859">684.02dp</dimen>
    <dimen name="x860">684.81dp</dimen>
    <dimen name="x861">685.61dp</dimen>
    <dimen name="x862">686.41dp</dimen>
    <dimen name="x863">687.20dp</dimen>
    <dimen name="x864">688.00dp</dimen>
    <dimen name="x865">688.80dp</dimen>
    <dimen name="x866">689.59dp</dimen>
    <dimen name="x867">690.39dp</dimen>
    <dimen name="x868">691.19dp</dimen>
    <dimen name="x869">691.98dp</dimen>
    <dimen name="x870">692.78dp</dimen>
    <dimen name="x871">693.57dp</dimen>
    <dimen name="x872">694.37dp</dimen>
    <dimen name="x873">695.17dp</dimen>
    <dimen name="x874">695.96dp</dimen>
    <dimen name="x875">696.76dp</dimen>
    <dimen name="x876">697.56dp</dimen>
    <dimen name="x877">698.35dp</dimen>
    <dimen name="x878">699.15dp</dimen>
    <dimen name="x879">699.94dp</dimen>
    <dimen name="x880">700.74dp</dimen>
    <dimen name="x881">701.54dp</dimen>
    <dimen name="x882">702.33dp</dimen>
    <dimen name="x883">703.13dp</dimen>
    <dimen name="x884">703.93dp</dimen>
    <dimen name="x885">704.72dp</dimen>
    <dimen name="x886">705.52dp</dimen>
    <dimen name="x887">706.31dp</dimen>
    <dimen name="x888">707.11dp</dimen>
    <dimen name="x889">707.91dp</dimen>
    <dimen name="x890">708.70dp</dimen>
    <dimen name="x891">709.50dp</dimen>
    <dimen name="x892">710.30dp</dimen>
    <dimen name="x893">711.09dp</dimen>
    <dimen name="x894">711.89dp</dimen>
    <dimen name="x895">712.69dp</dimen>
    <dimen name="x896">713.48dp</dimen>
    <dimen name="x897">714.28dp</dimen>
    <dimen name="x898">715.07dp</dimen>
    <dimen name="x899">715.87dp</dimen>
    <dimen name="x900">716.67dp</dimen>
    <dimen name="x901">717.46dp</dimen>
    <dimen name="x902">718.26dp</dimen>
    <dimen name="x903">719.06dp</dimen>
    <dimen name="x904">719.85dp</dimen>
    <dimen name="x905">720.65dp</dimen>
    <dimen name="x906">721.44dp</dimen>
    <dimen name="x907">722.24dp</dimen>
    <dimen name="x908">723.04dp</dimen>
    <dimen name="x909">723.83dp</dimen>
    <dimen name="x910">724.63dp</dimen>
    <dimen name="x911">725.43dp</dimen>
    <dimen name="x912">726.22dp</dimen>
    <dimen name="x913">727.02dp</dimen>
    <dimen name="x914">727.81dp</dimen>
    <dimen name="x915">728.61dp</dimen>
    <dimen name="x916">729.41dp</dimen>
    <dimen name="x917">730.20dp</dimen>
    <dimen name="x918">731.00dp</dimen>
    <dimen name="x919">731.80dp</dimen>
    <dimen name="x920">732.59dp</dimen>
    <dimen name="x921">733.39dp</dimen>
    <dimen name="x922">734.19dp</dimen>
    <dimen name="x923">734.98dp</dimen>
    <dimen name="x924">735.78dp</dimen>
    <dimen name="x925">736.57dp</dimen>
    <dimen name="x926">737.37dp</dimen>
    <dimen name="x927">738.17dp</dimen>
    <dimen name="x928">738.96dp</dimen>
    <dimen name="x929">739.76dp</dimen>
    <dimen name="x930">740.56dp</dimen>
    <dimen name="x931">741.35dp</dimen>
    <dimen name="x932">742.15dp</dimen>
    <dimen name="x933">742.94dp</dimen>
    <dimen name="x934">743.74dp</dimen>
    <dimen name="x935">744.54dp</dimen>
    <dimen name="x936">745.33dp</dimen>
    <dimen name="x937">746.13dp</dimen>
    <dimen name="x938">746.93dp</dimen>
    <dimen name="x939">747.72dp</dimen>
    <dimen name="x940">748.52dp</dimen>
    <dimen name="x941">749.31dp</dimen>
    <dimen name="x942">750.11dp</dimen>
    <dimen name="x943">750.91dp</dimen>
    <dimen name="x944">751.70dp</dimen>
    <dimen name="x945">752.50dp</dimen>
    <dimen name="x946">753.30dp</dimen>
    <dimen name="x947">754.09dp</dimen>
    <dimen name="x948">754.89dp</dimen>
    <dimen name="x949">755.69dp</dimen>
    <dimen name="x950">756.48dp</dimen>
    <dimen name="x951">757.28dp</dimen>
    <dimen name="x952">758.07dp</dimen>
    <dimen name="x953">758.87dp</dimen>
    <dimen name="x954">759.67dp</dimen>
    <dimen name="x955">760.46dp</dimen>
    <dimen name="x956">761.26dp</dimen>
    <dimen name="x957">762.06dp</dimen>
    <dimen name="x958">762.85dp</dimen>
    <dimen name="x959">763.65dp</dimen>
    <dimen name="x960">764.44dp</dimen>
    <dimen name="x961">765.24dp</dimen>
    <dimen name="x962">766.04dp</dimen>
    <dimen name="x963">766.83dp</dimen>
    <dimen name="x964">767.63dp</dimen>
    <dimen name="x965">768.43dp</dimen>
    <dimen name="x966">769.22dp</dimen>
    <dimen name="x967">770.02dp</dimen>
    <dimen name="x968">770.81dp</dimen>
    <dimen name="x969">771.61dp</dimen>
    <dimen name="x970">772.41dp</dimen>
    <dimen name="x971">773.20dp</dimen>
    <dimen name="x972">774.00dp</dimen>
    <dimen name="x973">774.80dp</dimen>
    <dimen name="x974">775.59dp</dimen>
    <dimen name="x975">776.39dp</dimen>
    <dimen name="x976">777.19dp</dimen>
    <dimen name="x977">777.98dp</dimen>
    <dimen name="x978">778.78dp</dimen>
    <dimen name="x979">779.57dp</dimen>
    <dimen name="x980">780.37dp</dimen>
    <dimen name="x981">781.17dp</dimen>
    <dimen name="x982">781.96dp</dimen>
    <dimen name="x983">782.76dp</dimen>
    <dimen name="x984">783.56dp</dimen>
    <dimen name="x985">784.35dp</dimen>
    <dimen name="x986">785.15dp</dimen>
    <dimen name="x987">785.94dp</dimen>
    <dimen name="x988">786.74dp</dimen>
    <dimen name="x989">787.54dp</dimen>
    <dimen name="x990">788.33dp</dimen>
    <dimen name="x991">789.13dp</dimen>
    <dimen name="x992">789.93dp</dimen>
    <dimen name="x993">790.72dp</dimen>
    <dimen name="x994">791.52dp</dimen>
    <dimen name="x995">792.31dp</dimen>
    <dimen name="x996">793.11dp</dimen>
    <dimen name="x997">793.91dp</dimen>
    <dimen name="x998">794.70dp</dimen>
    <dimen name="x999">795.50dp</dimen>
    <dimen name="x1000">796.30dp</dimen>
    <dimen name="x1001">797.09dp</dimen>
    <dimen name="x1002">797.89dp</dimen>
    <dimen name="x1003">798.69dp</dimen>
    <dimen name="x1004">799.48dp</dimen>
    <dimen name="x1005">800.28dp</dimen>
    <dimen name="x1006">801.07dp</dimen>
    <dimen name="x1007">801.87dp</dimen>
    <dimen name="x1008">802.67dp</dimen>
    <dimen name="x1009">803.46dp</dimen>
    <dimen name="x1010">804.26dp</dimen>
    <dimen name="x1011">805.06dp</dimen>
    <dimen name="x1012">805.85dp</dimen>
    <dimen name="x1013">806.65dp</dimen>
    <dimen name="x1014">807.44dp</dimen>
    <dimen name="x1015">808.24dp</dimen>
    <dimen name="x1016">809.04dp</dimen>
    <dimen name="x1017">809.83dp</dimen>
    <dimen name="x1018">810.63dp</dimen>
    <dimen name="x1019">811.43dp</dimen>
    <dimen name="x1020">812.22dp</dimen>
    <dimen name="x1021">813.02dp</dimen>
    <dimen name="x1022">813.81dp</dimen>
    <dimen name="x1023">814.61dp</dimen>
    <dimen name="x1024">815.41dp</dimen>
    <dimen name="x1025">816.20dp</dimen>
    <dimen name="x1026">817.00dp</dimen>
    <dimen name="x1027">817.80dp</dimen>
    <dimen name="x1028">818.59dp</dimen>
    <dimen name="x1029">819.39dp</dimen>
    <dimen name="x1030">820.19dp</dimen>
    <dimen name="x1031">820.98dp</dimen>
    <dimen name="x1032">821.78dp</dimen>
    <dimen name="x1033">822.57dp</dimen>
    <dimen name="x1034">823.37dp</dimen>
    <dimen name="x1035">824.17dp</dimen>
    <dimen name="x1036">824.96dp</dimen>
    <dimen name="x1037">825.76dp</dimen>
    <dimen name="x1038">826.56dp</dimen>
    <dimen name="x1039">827.35dp</dimen>
    <dimen name="x1040">828.15dp</dimen>
    <dimen name="x1041">828.94dp</dimen>
    <dimen name="x1042">829.74dp</dimen>
    <dimen name="x1043">830.54dp</dimen>
    <dimen name="x1044">831.33dp</dimen>
    <dimen name="x1045">832.13dp</dimen>
    <dimen name="x1046">832.93dp</dimen>
    <dimen name="x1047">833.72dp</dimen>
    <dimen name="x1048">834.52dp</dimen>
    <dimen name="x1049">835.31dp</dimen>
    <dimen name="x1050">836.11dp</dimen>
    <dimen name="x1051">836.91dp</dimen>
    <dimen name="x1052">837.70dp</dimen>
    <dimen name="x1053">838.50dp</dimen>
    <dimen name="x1054">839.30dp</dimen>
    <dimen name="x1055">840.09dp</dimen>
    <dimen name="x1056">840.89dp</dimen>
    <dimen name="x1057">841.69dp</dimen>
    <dimen name="x1058">842.48dp</dimen>
    <dimen name="x1059">843.28dp</dimen>
    <dimen name="x1060">844.07dp</dimen>
    <dimen name="x1061">844.87dp</dimen>
    <dimen name="x1062">845.67dp</dimen>
    <dimen name="x1063">846.46dp</dimen>
    <dimen name="x1064">847.26dp</dimen>
    <dimen name="x1065">848.06dp</dimen>
    <dimen name="x1066">848.85dp</dimen>
    <dimen name="x1067">849.65dp</dimen>
    <dimen name="x1068">850.44dp</dimen>
    <dimen name="x1069">851.24dp</dimen>
    <dimen name="x1070">852.04dp</dimen>
    <dimen name="x1071">852.83dp</dimen>
    <dimen name="x1072">853.63dp</dimen>
    <dimen name="x1073">854.43dp</dimen>
    <dimen name="x1074">855.22dp</dimen>
    <dimen name="x1075">856.02dp</dimen>
    <dimen name="x1076">856.81dp</dimen>
    <dimen name="x1077">857.61dp</dimen>
    <dimen name="x1078">858.41dp</dimen>
    <dimen name="x1079">859.20dp</dimen>
    <dimen name="x1080">860.00dp</dimen>
</resources>