<?xml version="1.0" encoding="utf-8"?>
<resources>
    <string name="sw_dp">620dp</string>
    <dimen name="x1">0.57dp</dimen>
    <dimen name="x2">1.15dp</dimen>
    <dimen name="x3">1.72dp</dimen>
    <dimen name="x4">2.30dp</dimen>
    <dimen name="x5">2.87dp</dimen>
    <dimen name="x6">3.44dp</dimen>
    <dimen name="x7">4.02dp</dimen>
    <dimen name="x8">4.59dp</dimen>
    <dimen name="x9">5.17dp</dimen>
    <dimen name="x10">5.74dp</dimen>
    <dimen name="x11">6.31dp</dimen>
    <dimen name="x12">6.89dp</dimen>
    <dimen name="x13">7.46dp</dimen>
    <dimen name="x14">8.04dp</dimen>
    <dimen name="x15">8.61dp</dimen>
    <dimen name="x16">9.19dp</dimen>
    <dimen name="x17">9.76dp</dimen>
    <dimen name="x18">10.33dp</dimen>
    <dimen name="x19">10.91dp</dimen>
    <dimen name="x20">11.48dp</dimen>
    <dimen name="x21">12.06dp</dimen>
    <dimen name="x22">12.63dp</dimen>
    <dimen name="x23">13.20dp</dimen>
    <dimen name="x24">13.78dp</dimen>
    <dimen name="x25">14.35dp</dimen>
    <dimen name="x26">14.93dp</dimen>
    <dimen name="x27">15.50dp</dimen>
    <dimen name="x28">16.07dp</dimen>
    <dimen name="x29">16.65dp</dimen>
    <dimen name="x30">17.22dp</dimen>
    <dimen name="x31">17.80dp</dimen>
    <dimen name="x32">18.37dp</dimen>
    <dimen name="x33">18.94dp</dimen>
    <dimen name="x34">19.52dp</dimen>
    <dimen name="x35">20.09dp</dimen>
    <dimen name="x36">20.67dp</dimen>
    <dimen name="x37">21.24dp</dimen>
    <dimen name="x38">21.81dp</dimen>
    <dimen name="x39">22.39dp</dimen>
    <dimen name="x40">22.96dp</dimen>
    <dimen name="x41">23.54dp</dimen>
    <dimen name="x42">24.11dp</dimen>
    <dimen name="x43">24.69dp</dimen>
    <dimen name="x44">25.26dp</dimen>
    <dimen name="x45">25.83dp</dimen>
    <dimen name="x46">26.41dp</dimen>
    <dimen name="x47">26.98dp</dimen>
    <dimen name="x48">27.56dp</dimen>
    <dimen name="x49">28.13dp</dimen>
    <dimen name="x50">28.70dp</dimen>
    <dimen name="x51">29.28dp</dimen>
    <dimen name="x52">29.85dp</dimen>
    <dimen name="x53">30.43dp</dimen>
    <dimen name="x54">31.00dp</dimen>
    <dimen name="x55">31.57dp</dimen>
    <dimen name="x56">32.15dp</dimen>
    <dimen name="x57">32.72dp</dimen>
    <dimen name="x58">33.30dp</dimen>
    <dimen name="x59">33.87dp</dimen>
    <dimen name="x60">34.44dp</dimen>
    <dimen name="x61">35.02dp</dimen>
    <dimen name="x62">35.59dp</dimen>
    <dimen name="x63">36.17dp</dimen>
    <dimen name="x64">36.74dp</dimen>
    <dimen name="x65">37.31dp</dimen>
    <dimen name="x66">37.89dp</dimen>
    <dimen name="x67">38.46dp</dimen>
    <dimen name="x68">39.04dp</dimen>
    <dimen name="x69">39.61dp</dimen>
    <dimen name="x70">40.19dp</dimen>
    <dimen name="x71">40.76dp</dimen>
    <dimen name="x72">41.33dp</dimen>
    <dimen name="x73">41.91dp</dimen>
    <dimen name="x74">42.48dp</dimen>
    <dimen name="x75">43.06dp</dimen>
    <dimen name="x76">43.63dp</dimen>
    <dimen name="x77">44.20dp</dimen>
    <dimen name="x78">44.78dp</dimen>
    <dimen name="x79">45.35dp</dimen>
    <dimen name="x80">45.93dp</dimen>
    <dimen name="x81">46.50dp</dimen>
    <dimen name="x82">47.07dp</dimen>
    <dimen name="x83">47.65dp</dimen>
    <dimen name="x84">48.22dp</dimen>
    <dimen name="x85">48.80dp</dimen>
    <dimen name="x86">49.37dp</dimen>
    <dimen name="x87">49.94dp</dimen>
    <dimen name="x88">50.52dp</dimen>
    <dimen name="x89">51.09dp</dimen>
    <dimen name="x90">51.67dp</dimen>
    <dimen name="x91">52.24dp</dimen>
    <dimen name="x92">52.81dp</dimen>
    <dimen name="x93">53.39dp</dimen>
    <dimen name="x94">53.96dp</dimen>
    <dimen name="x95">54.54dp</dimen>
    <dimen name="x96">55.11dp</dimen>
    <dimen name="x97">55.69dp</dimen>
    <dimen name="x98">56.26dp</dimen>
    <dimen name="x99">56.83dp</dimen>
    <dimen name="x100">57.41dp</dimen>
    <dimen name="x101">57.98dp</dimen>
    <dimen name="x102">58.56dp</dimen>
    <dimen name="x103">59.13dp</dimen>
    <dimen name="x104">59.70dp</dimen>
    <dimen name="x105">60.28dp</dimen>
    <dimen name="x106">60.85dp</dimen>
    <dimen name="x107">61.43dp</dimen>
    <dimen name="x108">62.00dp</dimen>
    <dimen name="x109">62.57dp</dimen>
    <dimen name="x110">63.15dp</dimen>
    <dimen name="x111">63.72dp</dimen>
    <dimen name="x112">64.30dp</dimen>
    <dimen name="x113">64.87dp</dimen>
    <dimen name="x114">65.44dp</dimen>
    <dimen name="x115">66.02dp</dimen>
    <dimen name="x116">66.59dp</dimen>
    <dimen name="x117">67.17dp</dimen>
    <dimen name="x118">67.74dp</dimen>
    <dimen name="x119">68.31dp</dimen>
    <dimen name="x120">68.89dp</dimen>
    <dimen name="x121">69.46dp</dimen>
    <dimen name="x122">70.04dp</dimen>
    <dimen name="x123">70.61dp</dimen>
    <dimen name="x124">71.19dp</dimen>
    <dimen name="x125">71.76dp</dimen>
    <dimen name="x126">72.33dp</dimen>
    <dimen name="x127">72.91dp</dimen>
    <dimen name="x128">73.48dp</dimen>
    <dimen name="x129">74.06dp</dimen>
    <dimen name="x130">74.63dp</dimen>
    <dimen name="x131">75.20dp</dimen>
    <dimen name="x132">75.78dp</dimen>
    <dimen name="x133">76.35dp</dimen>
    <dimen name="x134">76.93dp</dimen>
    <dimen name="x135">77.50dp</dimen>
    <dimen name="x136">78.07dp</dimen>
    <dimen name="x137">78.65dp</dimen>
    <dimen name="x138">79.22dp</dimen>
    <dimen name="x139">79.80dp</dimen>
    <dimen name="x140">80.37dp</dimen>
    <dimen name="x141">80.94dp</dimen>
    <dimen name="x142">81.52dp</dimen>
    <dimen name="x143">82.09dp</dimen>
    <dimen name="x144">82.67dp</dimen>
    <dimen name="x145">83.24dp</dimen>
    <dimen name="x146">83.81dp</dimen>
    <dimen name="x147">84.39dp</dimen>
    <dimen name="x148">84.96dp</dimen>
    <dimen name="x149">85.54dp</dimen>
    <dimen name="x150">86.11dp</dimen>
    <dimen name="x151">86.69dp</dimen>
    <dimen name="x152">87.26dp</dimen>
    <dimen name="x153">87.83dp</dimen>
    <dimen name="x154">88.41dp</dimen>
    <dimen name="x155">88.98dp</dimen>
    <dimen name="x156">89.56dp</dimen>
    <dimen name="x157">90.13dp</dimen>
    <dimen name="x158">90.70dp</dimen>
    <dimen name="x159">91.28dp</dimen>
    <dimen name="x160">91.85dp</dimen>
    <dimen name="x161">92.43dp</dimen>
    <dimen name="x162">93.00dp</dimen>
    <dimen name="x163">93.57dp</dimen>
    <dimen name="x164">94.15dp</dimen>
    <dimen name="x165">94.72dp</dimen>
    <dimen name="x166">95.30dp</dimen>
    <dimen name="x167">95.87dp</dimen>
    <dimen name="x168">96.44dp</dimen>
    <dimen name="x169">97.02dp</dimen>
    <dimen name="x170">97.59dp</dimen>
    <dimen name="x171">98.17dp</dimen>
    <dimen name="x172">98.74dp</dimen>
    <dimen name="x173">99.31dp</dimen>
    <dimen name="x174">99.89dp</dimen>
    <dimen name="x175">100.46dp</dimen>
    <dimen name="x176">101.04dp</dimen>
    <dimen name="x177">101.61dp</dimen>
    <dimen name="x178">102.19dp</dimen>
    <dimen name="x179">102.76dp</dimen>
    <dimen name="x180">103.33dp</dimen>
    <dimen name="x181">103.91dp</dimen>
    <dimen name="x182">104.48dp</dimen>
    <dimen name="x183">105.06dp</dimen>
    <dimen name="x184">105.63dp</dimen>
    <dimen name="x185">106.20dp</dimen>
    <dimen name="x186">106.78dp</dimen>
    <dimen name="x187">107.35dp</dimen>
    <dimen name="x188">107.93dp</dimen>
    <dimen name="x189">108.50dp</dimen>
    <dimen name="x190">109.07dp</dimen>
    <dimen name="x191">109.65dp</dimen>
    <dimen name="x192">110.22dp</dimen>
    <dimen name="x193">110.80dp</dimen>
    <dimen name="x194">111.37dp</dimen>
    <dimen name="x195">111.94dp</dimen>
    <dimen name="x196">112.52dp</dimen>
    <dimen name="x197">113.09dp</dimen>
    <dimen name="x198">113.67dp</dimen>
    <dimen name="x199">114.24dp</dimen>
    <dimen name="x200">114.81dp</dimen>
    <dimen name="x201">115.39dp</dimen>
    <dimen name="x202">115.96dp</dimen>
    <dimen name="x203">116.54dp</dimen>
    <dimen name="x204">117.11dp</dimen>
    <dimen name="x205">117.69dp</dimen>
    <dimen name="x206">118.26dp</dimen>
    <dimen name="x207">118.83dp</dimen>
    <dimen name="x208">119.41dp</dimen>
    <dimen name="x209">119.98dp</dimen>
    <dimen name="x210">120.56dp</dimen>
    <dimen name="x211">121.13dp</dimen>
    <dimen name="x212">121.70dp</dimen>
    <dimen name="x213">122.28dp</dimen>
    <dimen name="x214">122.85dp</dimen>
    <dimen name="x215">123.43dp</dimen>
    <dimen name="x216">124.00dp</dimen>
    <dimen name="x217">124.57dp</dimen>
    <dimen name="x218">125.15dp</dimen>
    <dimen name="x219">125.72dp</dimen>
    <dimen name="x220">126.30dp</dimen>
    <dimen name="x221">126.87dp</dimen>
    <dimen name="x222">127.44dp</dimen>
    <dimen name="x223">128.02dp</dimen>
    <dimen name="x224">128.59dp</dimen>
    <dimen name="x225">129.17dp</dimen>
    <dimen name="x226">129.74dp</dimen>
    <dimen name="x227">130.31dp</dimen>
    <dimen name="x228">130.89dp</dimen>
    <dimen name="x229">131.46dp</dimen>
    <dimen name="x230">132.04dp</dimen>
    <dimen name="x231">132.61dp</dimen>
    <dimen name="x232">133.19dp</dimen>
    <dimen name="x233">133.76dp</dimen>
    <dimen name="x234">134.33dp</dimen>
    <dimen name="x235">134.91dp</dimen>
    <dimen name="x236">135.48dp</dimen>
    <dimen name="x237">136.06dp</dimen>
    <dimen name="x238">136.63dp</dimen>
    <dimen name="x239">137.20dp</dimen>
    <dimen name="x240">137.78dp</dimen>
    <dimen name="x241">138.35dp</dimen>
    <dimen name="x242">138.93dp</dimen>
    <dimen name="x243">139.50dp</dimen>
    <dimen name="x244">140.07dp</dimen>
    <dimen name="x245">140.65dp</dimen>
    <dimen name="x246">141.22dp</dimen>
    <dimen name="x247">141.80dp</dimen>
    <dimen name="x248">142.37dp</dimen>
    <dimen name="x249">142.94dp</dimen>
    <dimen name="x250">143.52dp</dimen>
    <dimen name="x251">144.09dp</dimen>
    <dimen name="x252">144.67dp</dimen>
    <dimen name="x253">145.24dp</dimen>
    <dimen name="x254">145.81dp</dimen>
    <dimen name="x255">146.39dp</dimen>
    <dimen name="x256">146.96dp</dimen>
    <dimen name="x257">147.54dp</dimen>
    <dimen name="x258">148.11dp</dimen>
    <dimen name="x259">148.69dp</dimen>
    <dimen name="x260">149.26dp</dimen>
    <dimen name="x261">149.83dp</dimen>
    <dimen name="x262">150.41dp</dimen>
    <dimen name="x263">150.98dp</dimen>
    <dimen name="x264">151.56dp</dimen>
    <dimen name="x265">152.13dp</dimen>
    <dimen name="x266">152.70dp</dimen>
    <dimen name="x267">153.28dp</dimen>
    <dimen name="x268">153.85dp</dimen>
    <dimen name="x269">154.43dp</dimen>
    <dimen name="x270">155.00dp</dimen>
    <dimen name="x271">155.57dp</dimen>
    <dimen name="x272">156.15dp</dimen>
    <dimen name="x273">156.72dp</dimen>
    <dimen name="x274">157.30dp</dimen>
    <dimen name="x275">157.87dp</dimen>
    <dimen name="x276">158.44dp</dimen>
    <dimen name="x277">159.02dp</dimen>
    <dimen name="x278">159.59dp</dimen>
    <dimen name="x279">160.17dp</dimen>
    <dimen name="x280">160.74dp</dimen>
    <dimen name="x281">161.31dp</dimen>
    <dimen name="x282">161.89dp</dimen>
    <dimen name="x283">162.46dp</dimen>
    <dimen name="x284">163.04dp</dimen>
    <dimen name="x285">163.61dp</dimen>
    <dimen name="x286">164.19dp</dimen>
    <dimen name="x287">164.76dp</dimen>
    <dimen name="x288">165.33dp</dimen>
    <dimen name="x289">165.91dp</dimen>
    <dimen name="x290">166.48dp</dimen>
    <dimen name="x291">167.06dp</dimen>
    <dimen name="x292">167.63dp</dimen>
    <dimen name="x293">168.20dp</dimen>
    <dimen name="x294">168.78dp</dimen>
    <dimen name="x295">169.35dp</dimen>
    <dimen name="x296">169.93dp</dimen>
    <dimen name="x297">170.50dp</dimen>
    <dimen name="x298">171.07dp</dimen>
    <dimen name="x299">171.65dp</dimen>
    <dimen name="x300">172.22dp</dimen>
    <dimen name="x301">172.80dp</dimen>
    <dimen name="x302">173.37dp</dimen>
    <dimen name="x303">173.94dp</dimen>
    <dimen name="x304">174.52dp</dimen>
    <dimen name="x305">175.09dp</dimen>
    <dimen name="x306">175.67dp</dimen>
    <dimen name="x307">176.24dp</dimen>
    <dimen name="x308">176.81dp</dimen>
    <dimen name="x309">177.39dp</dimen>
    <dimen name="x310">177.96dp</dimen>
    <dimen name="x311">178.54dp</dimen>
    <dimen name="x312">179.11dp</dimen>
    <dimen name="x313">179.69dp</dimen>
    <dimen name="x314">180.26dp</dimen>
    <dimen name="x315">180.83dp</dimen>
    <dimen name="x316">181.41dp</dimen>
    <dimen name="x317">181.98dp</dimen>
    <dimen name="x318">182.56dp</dimen>
    <dimen name="x319">183.13dp</dimen>
    <dimen name="x320">183.70dp</dimen>
    <dimen name="x321">184.28dp</dimen>
    <dimen name="x322">184.85dp</dimen>
    <dimen name="x323">185.43dp</dimen>
    <dimen name="x324">186.00dp</dimen>
    <dimen name="x325">186.57dp</dimen>
    <dimen name="x326">187.15dp</dimen>
    <dimen name="x327">187.72dp</dimen>
    <dimen name="x328">188.30dp</dimen>
    <dimen name="x329">188.87dp</dimen>
    <dimen name="x330">189.44dp</dimen>
    <dimen name="x331">190.02dp</dimen>
    <dimen name="x332">190.59dp</dimen>
    <dimen name="x333">191.17dp</dimen>
    <dimen name="x334">191.74dp</dimen>
    <dimen name="x335">192.31dp</dimen>
    <dimen name="x336">192.89dp</dimen>
    <dimen name="x337">193.46dp</dimen>
    <dimen name="x338">194.04dp</dimen>
    <dimen name="x339">194.61dp</dimen>
    <dimen name="x340">195.19dp</dimen>
    <dimen name="x341">195.76dp</dimen>
    <dimen name="x342">196.33dp</dimen>
    <dimen name="x343">196.91dp</dimen>
    <dimen name="x344">197.48dp</dimen>
    <dimen name="x345">198.06dp</dimen>
    <dimen name="x346">198.63dp</dimen>
    <dimen name="x347">199.20dp</dimen>
    <dimen name="x348">199.78dp</dimen>
    <dimen name="x349">200.35dp</dimen>
    <dimen name="x350">200.93dp</dimen>
    <dimen name="x351">201.50dp</dimen>
    <dimen name="x352">202.07dp</dimen>
    <dimen name="x353">202.65dp</dimen>
    <dimen name="x354">203.22dp</dimen>
    <dimen name="x355">203.80dp</dimen>
    <dimen name="x356">204.37dp</dimen>
    <dimen name="x357">204.94dp</dimen>
    <dimen name="x358">205.52dp</dimen>
    <dimen name="x359">206.09dp</dimen>
    <dimen name="x360">206.67dp</dimen>
    <dimen name="x361">207.24dp</dimen>
    <dimen name="x362">207.81dp</dimen>
    <dimen name="x363">208.39dp</dimen>
    <dimen name="x364">208.96dp</dimen>
    <dimen name="x365">209.54dp</dimen>
    <dimen name="x366">210.11dp</dimen>
    <dimen name="x367">210.69dp</dimen>
    <dimen name="x368">211.26dp</dimen>
    <dimen name="x369">211.83dp</dimen>
    <dimen name="x370">212.41dp</dimen>
    <dimen name="x371">212.98dp</dimen>
    <dimen name="x372">213.56dp</dimen>
    <dimen name="x373">214.13dp</dimen>
    <dimen name="x374">214.70dp</dimen>
    <dimen name="x375">215.28dp</dimen>
    <dimen name="x376">215.85dp</dimen>
    <dimen name="x377">216.43dp</dimen>
    <dimen name="x378">217.00dp</dimen>
    <dimen name="x379">217.57dp</dimen>
    <dimen name="x380">218.15dp</dimen>
    <dimen name="x381">218.72dp</dimen>
    <dimen name="x382">219.30dp</dimen>
    <dimen name="x383">219.87dp</dimen>
    <dimen name="x384">220.44dp</dimen>
    <dimen name="x385">221.02dp</dimen>
    <dimen name="x386">221.59dp</dimen>
    <dimen name="x387">222.17dp</dimen>
    <dimen name="x388">222.74dp</dimen>
    <dimen name="x389">223.31dp</dimen>
    <dimen name="x390">223.89dp</dimen>
    <dimen name="x391">224.46dp</dimen>
    <dimen name="x392">225.04dp</dimen>
    <dimen name="x393">225.61dp</dimen>
    <dimen name="x394">226.19dp</dimen>
    <dimen name="x395">226.76dp</dimen>
    <dimen name="x396">227.33dp</dimen>
    <dimen name="x397">227.91dp</dimen>
    <dimen name="x398">228.48dp</dimen>
    <dimen name="x399">229.06dp</dimen>
    <dimen name="x400">229.63dp</dimen>
    <dimen name="x401">230.20dp</dimen>
    <dimen name="x402">230.78dp</dimen>
    <dimen name="x403">231.35dp</dimen>
    <dimen name="x404">231.93dp</dimen>
    <dimen name="x405">232.50dp</dimen>
    <dimen name="x406">233.07dp</dimen>
    <dimen name="x407">233.65dp</dimen>
    <dimen name="x408">234.22dp</dimen>
    <dimen name="x409">234.80dp</dimen>
    <dimen name="x410">235.37dp</dimen>
    <dimen name="x411">235.94dp</dimen>
    <dimen name="x412">236.52dp</dimen>
    <dimen name="x413">237.09dp</dimen>
    <dimen name="x414">237.67dp</dimen>
    <dimen name="x415">238.24dp</dimen>
    <dimen name="x416">238.81dp</dimen>
    <dimen name="x417">239.39dp</dimen>
    <dimen name="x418">239.96dp</dimen>
    <dimen name="x419">240.54dp</dimen>
    <dimen name="x420">241.11dp</dimen>
    <dimen name="x421">241.69dp</dimen>
    <dimen name="x422">242.26dp</dimen>
    <dimen name="x423">242.83dp</dimen>
    <dimen name="x424">243.41dp</dimen>
    <dimen name="x425">243.98dp</dimen>
    <dimen name="x426">244.56dp</dimen>
    <dimen name="x427">245.13dp</dimen>
    <dimen name="x428">245.70dp</dimen>
    <dimen name="x429">246.28dp</dimen>
    <dimen name="x430">246.85dp</dimen>
    <dimen name="x431">247.43dp</dimen>
    <dimen name="x432">248.00dp</dimen>
    <dimen name="x433">248.57dp</dimen>
    <dimen name="x434">249.15dp</dimen>
    <dimen name="x435">249.72dp</dimen>
    <dimen name="x436">250.30dp</dimen>
    <dimen name="x437">250.87dp</dimen>
    <dimen name="x438">251.44dp</dimen>
    <dimen name="x439">252.02dp</dimen>
    <dimen name="x440">252.59dp</dimen>
    <dimen name="x441">253.17dp</dimen>
    <dimen name="x442">253.74dp</dimen>
    <dimen name="x443">254.31dp</dimen>
    <dimen name="x444">254.89dp</dimen>
    <dimen name="x445">255.46dp</dimen>
    <dimen name="x446">256.04dp</dimen>
    <dimen name="x447">256.61dp</dimen>
    <dimen name="x448">257.19dp</dimen>
    <dimen name="x449">257.76dp</dimen>
    <dimen name="x450">258.33dp</dimen>
    <dimen name="x451">258.91dp</dimen>
    <dimen name="x452">259.48dp</dimen>
    <dimen name="x453">260.06dp</dimen>
    <dimen name="x454">260.63dp</dimen>
    <dimen name="x455">261.20dp</dimen>
    <dimen name="x456">261.78dp</dimen>
    <dimen name="x457">262.35dp</dimen>
    <dimen name="x458">262.93dp</dimen>
    <dimen name="x459">263.50dp</dimen>
    <dimen name="x460">264.07dp</dimen>
    <dimen name="x461">264.65dp</dimen>
    <dimen name="x462">265.22dp</dimen>
    <dimen name="x463">265.80dp</dimen>
    <dimen name="x464">266.37dp</dimen>
    <dimen name="x465">266.94dp</dimen>
    <dimen name="x466">267.52dp</dimen>
    <dimen name="x467">268.09dp</dimen>
    <dimen name="x468">268.67dp</dimen>
    <dimen name="x469">269.24dp</dimen>
    <dimen name="x470">269.81dp</dimen>
    <dimen name="x471">270.39dp</dimen>
    <dimen name="x472">270.96dp</dimen>
    <dimen name="x473">271.54dp</dimen>
    <dimen name="x474">272.11dp</dimen>
    <dimen name="x475">272.69dp</dimen>
    <dimen name="x476">273.26dp</dimen>
    <dimen name="x477">273.83dp</dimen>
    <dimen name="x478">274.41dp</dimen>
    <dimen name="x479">274.98dp</dimen>
    <dimen name="x480">275.56dp</dimen>
    <dimen name="x481">276.13dp</dimen>
    <dimen name="x482">276.70dp</dimen>
    <dimen name="x483">277.28dp</dimen>
    <dimen name="x484">277.85dp</dimen>
    <dimen name="x485">278.43dp</dimen>
    <dimen name="x486">279.00dp</dimen>
    <dimen name="x487">279.57dp</dimen>
    <dimen name="x488">280.15dp</dimen>
    <dimen name="x489">280.72dp</dimen>
    <dimen name="x490">281.30dp</dimen>
    <dimen name="x491">281.87dp</dimen>
    <dimen name="x492">282.44dp</dimen>
    <dimen name="x493">283.02dp</dimen>
    <dimen name="x494">283.59dp</dimen>
    <dimen name="x495">284.17dp</dimen>
    <dimen name="x496">284.74dp</dimen>
    <dimen name="x497">285.31dp</dimen>
    <dimen name="x498">285.89dp</dimen>
    <dimen name="x499">286.46dp</dimen>
    <dimen name="x500">287.04dp</dimen>
    <dimen name="x501">287.61dp</dimen>
    <dimen name="x502">288.19dp</dimen>
    <dimen name="x503">288.76dp</dimen>
    <dimen name="x504">289.33dp</dimen>
    <dimen name="x505">289.91dp</dimen>
    <dimen name="x506">290.48dp</dimen>
    <dimen name="x507">291.06dp</dimen>
    <dimen name="x508">291.63dp</dimen>
    <dimen name="x509">292.20dp</dimen>
    <dimen name="x510">292.78dp</dimen>
    <dimen name="x511">293.35dp</dimen>
    <dimen name="x512">293.93dp</dimen>
    <dimen name="x513">294.50dp</dimen>
    <dimen name="x514">295.07dp</dimen>
    <dimen name="x515">295.65dp</dimen>
    <dimen name="x516">296.22dp</dimen>
    <dimen name="x517">296.80dp</dimen>
    <dimen name="x518">297.37dp</dimen>
    <dimen name="x519">297.94dp</dimen>
    <dimen name="x520">298.52dp</dimen>
    <dimen name="x521">299.09dp</dimen>
    <dimen name="x522">299.67dp</dimen>
    <dimen name="x523">300.24dp</dimen>
    <dimen name="x524">300.81dp</dimen>
    <dimen name="x525">301.39dp</dimen>
    <dimen name="x526">301.96dp</dimen>
    <dimen name="x527">302.54dp</dimen>
    <dimen name="x528">303.11dp</dimen>
    <dimen name="x529">303.69dp</dimen>
    <dimen name="x530">304.26dp</dimen>
    <dimen name="x531">304.83dp</dimen>
    <dimen name="x532">305.41dp</dimen>
    <dimen name="x533">305.98dp</dimen>
    <dimen name="x534">306.56dp</dimen>
    <dimen name="x535">307.13dp</dimen>
    <dimen name="x536">307.70dp</dimen>
    <dimen name="x537">308.28dp</dimen>
    <dimen name="x538">308.85dp</dimen>
    <dimen name="x539">309.43dp</dimen>
    <dimen name="x540">310.00dp</dimen>
    <dimen name="x541">310.57dp</dimen>
    <dimen name="x542">311.15dp</dimen>
    <dimen name="x543">311.72dp</dimen>
    <dimen name="x544">312.30dp</dimen>
    <dimen name="x545">312.87dp</dimen>
    <dimen name="x546">313.44dp</dimen>
    <dimen name="x547">314.02dp</dimen>
    <dimen name="x548">314.59dp</dimen>
    <dimen name="x549">315.17dp</dimen>
    <dimen name="x550">315.74dp</dimen>
    <dimen name="x551">316.31dp</dimen>
    <dimen name="x552">316.89dp</dimen>
    <dimen name="x553">317.46dp</dimen>
    <dimen name="x554">318.04dp</dimen>
    <dimen name="x555">318.61dp</dimen>
    <dimen name="x556">319.19dp</dimen>
    <dimen name="x557">319.76dp</dimen>
    <dimen name="x558">320.33dp</dimen>
    <dimen name="x559">320.91dp</dimen>
    <dimen name="x560">321.48dp</dimen>
    <dimen name="x561">322.06dp</dimen>
    <dimen name="x562">322.63dp</dimen>
    <dimen name="x563">323.20dp</dimen>
    <dimen name="x564">323.78dp</dimen>
    <dimen name="x565">324.35dp</dimen>
    <dimen name="x566">324.93dp</dimen>
    <dimen name="x567">325.50dp</dimen>
    <dimen name="x568">326.07dp</dimen>
    <dimen name="x569">326.65dp</dimen>
    <dimen name="x570">327.22dp</dimen>
    <dimen name="x571">327.80dp</dimen>
    <dimen name="x572">328.37dp</dimen>
    <dimen name="x573">328.94dp</dimen>
    <dimen name="x574">329.52dp</dimen>
    <dimen name="x575">330.09dp</dimen>
    <dimen name="x576">330.67dp</dimen>
    <dimen name="x577">331.24dp</dimen>
    <dimen name="x578">331.81dp</dimen>
    <dimen name="x579">332.39dp</dimen>
    <dimen name="x580">332.96dp</dimen>
    <dimen name="x581">333.54dp</dimen>
    <dimen name="x582">334.11dp</dimen>
    <dimen name="x583">334.69dp</dimen>
    <dimen name="x584">335.26dp</dimen>
    <dimen name="x585">335.83dp</dimen>
    <dimen name="x586">336.41dp</dimen>
    <dimen name="x587">336.98dp</dimen>
    <dimen name="x588">337.56dp</dimen>
    <dimen name="x589">338.13dp</dimen>
    <dimen name="x590">338.70dp</dimen>
    <dimen name="x591">339.28dp</dimen>
    <dimen name="x592">339.85dp</dimen>
    <dimen name="x593">340.43dp</dimen>
    <dimen name="x594">341.00dp</dimen>
    <dimen name="x595">341.57dp</dimen>
    <dimen name="x596">342.15dp</dimen>
    <dimen name="x597">342.72dp</dimen>
    <dimen name="x598">343.30dp</dimen>
    <dimen name="x599">343.87dp</dimen>
    <dimen name="x600">344.44dp</dimen>
    <dimen name="x601">345.02dp</dimen>
    <dimen name="x602">345.59dp</dimen>
    <dimen name="x603">346.17dp</dimen>
    <dimen name="x604">346.74dp</dimen>
    <dimen name="x605">347.31dp</dimen>
    <dimen name="x606">347.89dp</dimen>
    <dimen name="x607">348.46dp</dimen>
    <dimen name="x608">349.04dp</dimen>
    <dimen name="x609">349.61dp</dimen>
    <dimen name="x610">350.19dp</dimen>
    <dimen name="x611">350.76dp</dimen>
    <dimen name="x612">351.33dp</dimen>
    <dimen name="x613">351.91dp</dimen>
    <dimen name="x614">352.48dp</dimen>
    <dimen name="x615">353.06dp</dimen>
    <dimen name="x616">353.63dp</dimen>
    <dimen name="x617">354.20dp</dimen>
    <dimen name="x618">354.78dp</dimen>
    <dimen name="x619">355.35dp</dimen>
    <dimen name="x620">355.93dp</dimen>
    <dimen name="x621">356.50dp</dimen>
    <dimen name="x622">357.07dp</dimen>
    <dimen name="x623">357.65dp</dimen>
    <dimen name="x624">358.22dp</dimen>
    <dimen name="x625">358.80dp</dimen>
    <dimen name="x626">359.37dp</dimen>
    <dimen name="x627">359.94dp</dimen>
    <dimen name="x628">360.52dp</dimen>
    <dimen name="x629">361.09dp</dimen>
    <dimen name="x630">361.67dp</dimen>
    <dimen name="x631">362.24dp</dimen>
    <dimen name="x632">362.81dp</dimen>
    <dimen name="x633">363.39dp</dimen>
    <dimen name="x634">363.96dp</dimen>
    <dimen name="x635">364.54dp</dimen>
    <dimen name="x636">365.11dp</dimen>
    <dimen name="x637">365.69dp</dimen>
    <dimen name="x638">366.26dp</dimen>
    <dimen name="x639">366.83dp</dimen>
    <dimen name="x640">367.41dp</dimen>
    <dimen name="x641">367.98dp</dimen>
    <dimen name="x642">368.56dp</dimen>
    <dimen name="x643">369.13dp</dimen>
    <dimen name="x644">369.70dp</dimen>
    <dimen name="x645">370.28dp</dimen>
    <dimen name="x646">370.85dp</dimen>
    <dimen name="x647">371.43dp</dimen>
    <dimen name="x648">372.00dp</dimen>
    <dimen name="x649">372.57dp</dimen>
    <dimen name="x650">373.15dp</dimen>
    <dimen name="x651">373.72dp</dimen>
    <dimen name="x652">374.30dp</dimen>
    <dimen name="x653">374.87dp</dimen>
    <dimen name="x654">375.44dp</dimen>
    <dimen name="x655">376.02dp</dimen>
    <dimen name="x656">376.59dp</dimen>
    <dimen name="x657">377.17dp</dimen>
    <dimen name="x658">377.74dp</dimen>
    <dimen name="x659">378.31dp</dimen>
    <dimen name="x660">378.89dp</dimen>
    <dimen name="x661">379.46dp</dimen>
    <dimen name="x662">380.04dp</dimen>
    <dimen name="x663">380.61dp</dimen>
    <dimen name="x664">381.19dp</dimen>
    <dimen name="x665">381.76dp</dimen>
    <dimen name="x666">382.33dp</dimen>
    <dimen name="x667">382.91dp</dimen>
    <dimen name="x668">383.48dp</dimen>
    <dimen name="x669">384.06dp</dimen>
    <dimen name="x670">384.63dp</dimen>
    <dimen name="x671">385.20dp</dimen>
    <dimen name="x672">385.78dp</dimen>
    <dimen name="x673">386.35dp</dimen>
    <dimen name="x674">386.93dp</dimen>
    <dimen name="x675">387.50dp</dimen>
    <dimen name="x676">388.07dp</dimen>
    <dimen name="x677">388.65dp</dimen>
    <dimen name="x678">389.22dp</dimen>
    <dimen name="x679">389.80dp</dimen>
    <dimen name="x680">390.37dp</dimen>
    <dimen name="x681">390.94dp</dimen>
    <dimen name="x682">391.52dp</dimen>
    <dimen name="x683">392.09dp</dimen>
    <dimen name="x684">392.67dp</dimen>
    <dimen name="x685">393.24dp</dimen>
    <dimen name="x686">393.81dp</dimen>
    <dimen name="x687">394.39dp</dimen>
    <dimen name="x688">394.96dp</dimen>
    <dimen name="x689">395.54dp</dimen>
    <dimen name="x690">396.11dp</dimen>
    <dimen name="x691">396.69dp</dimen>
    <dimen name="x692">397.26dp</dimen>
    <dimen name="x693">397.83dp</dimen>
    <dimen name="x694">398.41dp</dimen>
    <dimen name="x695">398.98dp</dimen>
    <dimen name="x696">399.56dp</dimen>
    <dimen name="x697">400.13dp</dimen>
    <dimen name="x698">400.70dp</dimen>
    <dimen name="x699">401.28dp</dimen>
    <dimen name="x700">401.85dp</dimen>
    <dimen name="x701">402.43dp</dimen>
    <dimen name="x702">403.00dp</dimen>
    <dimen name="x703">403.57dp</dimen>
    <dimen name="x704">404.15dp</dimen>
    <dimen name="x705">404.72dp</dimen>
    <dimen name="x706">405.30dp</dimen>
    <dimen name="x707">405.87dp</dimen>
    <dimen name="x708">406.44dp</dimen>
    <dimen name="x709">407.02dp</dimen>
    <dimen name="x710">407.59dp</dimen>
    <dimen name="x711">408.17dp</dimen>
    <dimen name="x712">408.74dp</dimen>
    <dimen name="x713">409.31dp</dimen>
    <dimen name="x714">409.89dp</dimen>
    <dimen name="x715">410.46dp</dimen>
    <dimen name="x716">411.04dp</dimen>
    <dimen name="x717">411.61dp</dimen>
    <dimen name="x718">412.19dp</dimen>
    <dimen name="x719">412.76dp</dimen>
    <dimen name="x720">413.33dp</dimen>
    <dimen name="x721">413.91dp</dimen>
    <dimen name="x722">414.48dp</dimen>
    <dimen name="x723">415.06dp</dimen>
    <dimen name="x724">415.63dp</dimen>
    <dimen name="x725">416.20dp</dimen>
    <dimen name="x726">416.78dp</dimen>
    <dimen name="x727">417.35dp</dimen>
    <dimen name="x728">417.93dp</dimen>
    <dimen name="x729">418.50dp</dimen>
    <dimen name="x730">419.07dp</dimen>
    <dimen name="x731">419.65dp</dimen>
    <dimen name="x732">420.22dp</dimen>
    <dimen name="x733">420.80dp</dimen>
    <dimen name="x734">421.37dp</dimen>
    <dimen name="x735">421.94dp</dimen>
    <dimen name="x736">422.52dp</dimen>
    <dimen name="x737">423.09dp</dimen>
    <dimen name="x738">423.67dp</dimen>
    <dimen name="x739">424.24dp</dimen>
    <dimen name="x740">424.81dp</dimen>
    <dimen name="x741">425.39dp</dimen>
    <dimen name="x742">425.96dp</dimen>
    <dimen name="x743">426.54dp</dimen>
    <dimen name="x744">427.11dp</dimen>
    <dimen name="x745">427.69dp</dimen>
    <dimen name="x746">428.26dp</dimen>
    <dimen name="x747">428.83dp</dimen>
    <dimen name="x748">429.41dp</dimen>
    <dimen name="x749">429.98dp</dimen>
    <dimen name="x750">430.56dp</dimen>
    <dimen name="x751">431.13dp</dimen>
    <dimen name="x752">431.70dp</dimen>
    <dimen name="x753">432.28dp</dimen>
    <dimen name="x754">432.85dp</dimen>
    <dimen name="x755">433.43dp</dimen>
    <dimen name="x756">434.00dp</dimen>
    <dimen name="x757">434.57dp</dimen>
    <dimen name="x758">435.15dp</dimen>
    <dimen name="x759">435.72dp</dimen>
    <dimen name="x760">436.30dp</dimen>
    <dimen name="x761">436.87dp</dimen>
    <dimen name="x762">437.44dp</dimen>
    <dimen name="x763">438.02dp</dimen>
    <dimen name="x764">438.59dp</dimen>
    <dimen name="x765">439.17dp</dimen>
    <dimen name="x766">439.74dp</dimen>
    <dimen name="x767">440.31dp</dimen>
    <dimen name="x768">440.89dp</dimen>
    <dimen name="x769">441.46dp</dimen>
    <dimen name="x770">442.04dp</dimen>
    <dimen name="x771">442.61dp</dimen>
    <dimen name="x772">443.19dp</dimen>
    <dimen name="x773">443.76dp</dimen>
    <dimen name="x774">444.33dp</dimen>
    <dimen name="x775">444.91dp</dimen>
    <dimen name="x776">445.48dp</dimen>
    <dimen name="x777">446.06dp</dimen>
    <dimen name="x778">446.63dp</dimen>
    <dimen name="x779">447.20dp</dimen>
    <dimen name="x780">447.78dp</dimen>
    <dimen name="x781">448.35dp</dimen>
    <dimen name="x782">448.93dp</dimen>
    <dimen name="x783">449.50dp</dimen>
    <dimen name="x784">450.07dp</dimen>
    <dimen name="x785">450.65dp</dimen>
    <dimen name="x786">451.22dp</dimen>
    <dimen name="x787">451.80dp</dimen>
    <dimen name="x788">452.37dp</dimen>
    <dimen name="x789">452.94dp</dimen>
    <dimen name="x790">453.52dp</dimen>
    <dimen name="x791">454.09dp</dimen>
    <dimen name="x792">454.67dp</dimen>
    <dimen name="x793">455.24dp</dimen>
    <dimen name="x794">455.81dp</dimen>
    <dimen name="x795">456.39dp</dimen>
    <dimen name="x796">456.96dp</dimen>
    <dimen name="x797">457.54dp</dimen>
    <dimen name="x798">458.11dp</dimen>
    <dimen name="x799">458.69dp</dimen>
    <dimen name="x800">459.26dp</dimen>
    <dimen name="x801">459.83dp</dimen>
    <dimen name="x802">460.41dp</dimen>
    <dimen name="x803">460.98dp</dimen>
    <dimen name="x804">461.56dp</dimen>
    <dimen name="x805">462.13dp</dimen>
    <dimen name="x806">462.70dp</dimen>
    <dimen name="x807">463.28dp</dimen>
    <dimen name="x808">463.85dp</dimen>
    <dimen name="x809">464.43dp</dimen>
    <dimen name="x810">465.00dp</dimen>
    <dimen name="x811">465.57dp</dimen>
    <dimen name="x812">466.15dp</dimen>
    <dimen name="x813">466.72dp</dimen>
    <dimen name="x814">467.30dp</dimen>
    <dimen name="x815">467.87dp</dimen>
    <dimen name="x816">468.44dp</dimen>
    <dimen name="x817">469.02dp</dimen>
    <dimen name="x818">469.59dp</dimen>
    <dimen name="x819">470.17dp</dimen>
    <dimen name="x820">470.74dp</dimen>
    <dimen name="x821">471.31dp</dimen>
    <dimen name="x822">471.89dp</dimen>
    <dimen name="x823">472.46dp</dimen>
    <dimen name="x824">473.04dp</dimen>
    <dimen name="x825">473.61dp</dimen>
    <dimen name="x826">474.19dp</dimen>
    <dimen name="x827">474.76dp</dimen>
    <dimen name="x828">475.33dp</dimen>
    <dimen name="x829">475.91dp</dimen>
    <dimen name="x830">476.48dp</dimen>
    <dimen name="x831">477.06dp</dimen>
    <dimen name="x832">477.63dp</dimen>
    <dimen name="x833">478.20dp</dimen>
    <dimen name="x834">478.78dp</dimen>
    <dimen name="x835">479.35dp</dimen>
    <dimen name="x836">479.93dp</dimen>
    <dimen name="x837">480.50dp</dimen>
    <dimen name="x838">481.07dp</dimen>
    <dimen name="x839">481.65dp</dimen>
    <dimen name="x840">482.22dp</dimen>
    <dimen name="x841">482.80dp</dimen>
    <dimen name="x842">483.37dp</dimen>
    <dimen name="x843">483.94dp</dimen>
    <dimen name="x844">484.52dp</dimen>
    <dimen name="x845">485.09dp</dimen>
    <dimen name="x846">485.67dp</dimen>
    <dimen name="x847">486.24dp</dimen>
    <dimen name="x848">486.81dp</dimen>
    <dimen name="x849">487.39dp</dimen>
    <dimen name="x850">487.96dp</dimen>
    <dimen name="x851">488.54dp</dimen>
    <dimen name="x852">489.11dp</dimen>
    <dimen name="x853">489.69dp</dimen>
    <dimen name="x854">490.26dp</dimen>
    <dimen name="x855">490.83dp</dimen>
    <dimen name="x856">491.41dp</dimen>
    <dimen name="x857">491.98dp</dimen>
    <dimen name="x858">492.56dp</dimen>
    <dimen name="x859">493.13dp</dimen>
    <dimen name="x860">493.70dp</dimen>
    <dimen name="x861">494.28dp</dimen>
    <dimen name="x862">494.85dp</dimen>
    <dimen name="x863">495.43dp</dimen>
    <dimen name="x864">496.00dp</dimen>
    <dimen name="x865">496.57dp</dimen>
    <dimen name="x866">497.15dp</dimen>
    <dimen name="x867">497.72dp</dimen>
    <dimen name="x868">498.30dp</dimen>
    <dimen name="x869">498.87dp</dimen>
    <dimen name="x870">499.44dp</dimen>
    <dimen name="x871">500.02dp</dimen>
    <dimen name="x872">500.59dp</dimen>
    <dimen name="x873">501.17dp</dimen>
    <dimen name="x874">501.74dp</dimen>
    <dimen name="x875">502.31dp</dimen>
    <dimen name="x876">502.89dp</dimen>
    <dimen name="x877">503.46dp</dimen>
    <dimen name="x878">504.04dp</dimen>
    <dimen name="x879">504.61dp</dimen>
    <dimen name="x880">505.19dp</dimen>
    <dimen name="x881">505.76dp</dimen>
    <dimen name="x882">506.33dp</dimen>
    <dimen name="x883">506.91dp</dimen>
    <dimen name="x884">507.48dp</dimen>
    <dimen name="x885">508.06dp</dimen>
    <dimen name="x886">508.63dp</dimen>
    <dimen name="x887">509.20dp</dimen>
    <dimen name="x888">509.78dp</dimen>
    <dimen name="x889">510.35dp</dimen>
    <dimen name="x890">510.93dp</dimen>
    <dimen name="x891">511.50dp</dimen>
    <dimen name="x892">512.07dp</dimen>
    <dimen name="x893">512.65dp</dimen>
    <dimen name="x894">513.22dp</dimen>
    <dimen name="x895">513.80dp</dimen>
    <dimen name="x896">514.37dp</dimen>
    <dimen name="x897">514.94dp</dimen>
    <dimen name="x898">515.52dp</dimen>
    <dimen name="x899">516.09dp</dimen>
    <dimen name="x900">516.67dp</dimen>
    <dimen name="x901">517.24dp</dimen>
    <dimen name="x902">517.81dp</dimen>
    <dimen name="x903">518.39dp</dimen>
    <dimen name="x904">518.96dp</dimen>
    <dimen name="x905">519.54dp</dimen>
    <dimen name="x906">520.11dp</dimen>
    <dimen name="x907">520.69dp</dimen>
    <dimen name="x908">521.26dp</dimen>
    <dimen name="x909">521.83dp</dimen>
    <dimen name="x910">522.41dp</dimen>
    <dimen name="x911">522.98dp</dimen>
    <dimen name="x912">523.56dp</dimen>
    <dimen name="x913">524.13dp</dimen>
    <dimen name="x914">524.70dp</dimen>
    <dimen name="x915">525.28dp</dimen>
    <dimen name="x916">525.85dp</dimen>
    <dimen name="x917">526.43dp</dimen>
    <dimen name="x918">527.00dp</dimen>
    <dimen name="x919">527.57dp</dimen>
    <dimen name="x920">528.15dp</dimen>
    <dimen name="x921">528.72dp</dimen>
    <dimen name="x922">529.30dp</dimen>
    <dimen name="x923">529.87dp</dimen>
    <dimen name="x924">530.44dp</dimen>
    <dimen name="x925">531.02dp</dimen>
    <dimen name="x926">531.59dp</dimen>
    <dimen name="x927">532.17dp</dimen>
    <dimen name="x928">532.74dp</dimen>
    <dimen name="x929">533.31dp</dimen>
    <dimen name="x930">533.89dp</dimen>
    <dimen name="x931">534.46dp</dimen>
    <dimen name="x932">535.04dp</dimen>
    <dimen name="x933">535.61dp</dimen>
    <dimen name="x934">536.19dp</dimen>
    <dimen name="x935">536.76dp</dimen>
    <dimen name="x936">537.33dp</dimen>
    <dimen name="x937">537.91dp</dimen>
    <dimen name="x938">538.48dp</dimen>
    <dimen name="x939">539.06dp</dimen>
    <dimen name="x940">539.63dp</dimen>
    <dimen name="x941">540.20dp</dimen>
    <dimen name="x942">540.78dp</dimen>
    <dimen name="x943">541.35dp</dimen>
    <dimen name="x944">541.93dp</dimen>
    <dimen name="x945">542.50dp</dimen>
    <dimen name="x946">543.07dp</dimen>
    <dimen name="x947">543.65dp</dimen>
    <dimen name="x948">544.22dp</dimen>
    <dimen name="x949">544.80dp</dimen>
    <dimen name="x950">545.37dp</dimen>
    <dimen name="x951">545.94dp</dimen>
    <dimen name="x952">546.52dp</dimen>
    <dimen name="x953">547.09dp</dimen>
    <dimen name="x954">547.67dp</dimen>
    <dimen name="x955">548.24dp</dimen>
    <dimen name="x956">548.81dp</dimen>
    <dimen name="x957">549.39dp</dimen>
    <dimen name="x958">549.96dp</dimen>
    <dimen name="x959">550.54dp</dimen>
    <dimen name="x960">551.11dp</dimen>
    <dimen name="x961">551.69dp</dimen>
    <dimen name="x962">552.26dp</dimen>
    <dimen name="x963">552.83dp</dimen>
    <dimen name="x964">553.41dp</dimen>
    <dimen name="x965">553.98dp</dimen>
    <dimen name="x966">554.56dp</dimen>
    <dimen name="x967">555.13dp</dimen>
    <dimen name="x968">555.70dp</dimen>
    <dimen name="x969">556.28dp</dimen>
    <dimen name="x970">556.85dp</dimen>
    <dimen name="x971">557.43dp</dimen>
    <dimen name="x972">558.00dp</dimen>
    <dimen name="x973">558.57dp</dimen>
    <dimen name="x974">559.15dp</dimen>
    <dimen name="x975">559.72dp</dimen>
    <dimen name="x976">560.30dp</dimen>
    <dimen name="x977">560.87dp</dimen>
    <dimen name="x978">561.44dp</dimen>
    <dimen name="x979">562.02dp</dimen>
    <dimen name="x980">562.59dp</dimen>
    <dimen name="x981">563.17dp</dimen>
    <dimen name="x982">563.74dp</dimen>
    <dimen name="x983">564.31dp</dimen>
    <dimen name="x984">564.89dp</dimen>
    <dimen name="x985">565.46dp</dimen>
    <dimen name="x986">566.04dp</dimen>
    <dimen name="x987">566.61dp</dimen>
    <dimen name="x988">567.19dp</dimen>
    <dimen name="x989">567.76dp</dimen>
    <dimen name="x990">568.33dp</dimen>
    <dimen name="x991">568.91dp</dimen>
    <dimen name="x992">569.48dp</dimen>
    <dimen name="x993">570.06dp</dimen>
    <dimen name="x994">570.63dp</dimen>
    <dimen name="x995">571.20dp</dimen>
    <dimen name="x996">571.78dp</dimen>
    <dimen name="x997">572.35dp</dimen>
    <dimen name="x998">572.93dp</dimen>
    <dimen name="x999">573.50dp</dimen>
    <dimen name="x1000">574.07dp</dimen>
    <dimen name="x1001">574.65dp</dimen>
    <dimen name="x1002">575.22dp</dimen>
    <dimen name="x1003">575.80dp</dimen>
    <dimen name="x1004">576.37dp</dimen>
    <dimen name="x1005">576.94dp</dimen>
    <dimen name="x1006">577.52dp</dimen>
    <dimen name="x1007">578.09dp</dimen>
    <dimen name="x1008">578.67dp</dimen>
    <dimen name="x1009">579.24dp</dimen>
    <dimen name="x1010">579.81dp</dimen>
    <dimen name="x1011">580.39dp</dimen>
    <dimen name="x1012">580.96dp</dimen>
    <dimen name="x1013">581.54dp</dimen>
    <dimen name="x1014">582.11dp</dimen>
    <dimen name="x1015">582.69dp</dimen>
    <dimen name="x1016">583.26dp</dimen>
    <dimen name="x1017">583.83dp</dimen>
    <dimen name="x1018">584.41dp</dimen>
    <dimen name="x1019">584.98dp</dimen>
    <dimen name="x1020">585.56dp</dimen>
    <dimen name="x1021">586.13dp</dimen>
    <dimen name="x1022">586.70dp</dimen>
    <dimen name="x1023">587.28dp</dimen>
    <dimen name="x1024">587.85dp</dimen>
    <dimen name="x1025">588.43dp</dimen>
    <dimen name="x1026">589.00dp</dimen>
    <dimen name="x1027">589.57dp</dimen>
    <dimen name="x1028">590.15dp</dimen>
    <dimen name="x1029">590.72dp</dimen>
    <dimen name="x1030">591.30dp</dimen>
    <dimen name="x1031">591.87dp</dimen>
    <dimen name="x1032">592.44dp</dimen>
    <dimen name="x1033">593.02dp</dimen>
    <dimen name="x1034">593.59dp</dimen>
    <dimen name="x1035">594.17dp</dimen>
    <dimen name="x1036">594.74dp</dimen>
    <dimen name="x1037">595.31dp</dimen>
    <dimen name="x1038">595.89dp</dimen>
    <dimen name="x1039">596.46dp</dimen>
    <dimen name="x1040">597.04dp</dimen>
    <dimen name="x1041">597.61dp</dimen>
    <dimen name="x1042">598.19dp</dimen>
    <dimen name="x1043">598.76dp</dimen>
    <dimen name="x1044">599.33dp</dimen>
    <dimen name="x1045">599.91dp</dimen>
    <dimen name="x1046">600.48dp</dimen>
    <dimen name="x1047">601.06dp</dimen>
    <dimen name="x1048">601.63dp</dimen>
    <dimen name="x1049">602.20dp</dimen>
    <dimen name="x1050">602.78dp</dimen>
    <dimen name="x1051">603.35dp</dimen>
    <dimen name="x1052">603.93dp</dimen>
    <dimen name="x1053">604.50dp</dimen>
    <dimen name="x1054">605.07dp</dimen>
    <dimen name="x1055">605.65dp</dimen>
    <dimen name="x1056">606.22dp</dimen>
    <dimen name="x1057">606.80dp</dimen>
    <dimen name="x1058">607.37dp</dimen>
    <dimen name="x1059">607.94dp</dimen>
    <dimen name="x1060">608.52dp</dimen>
    <dimen name="x1061">609.09dp</dimen>
    <dimen name="x1062">609.67dp</dimen>
    <dimen name="x1063">610.24dp</dimen>
    <dimen name="x1064">610.81dp</dimen>
    <dimen name="x1065">611.39dp</dimen>
    <dimen name="x1066">611.96dp</dimen>
    <dimen name="x1067">612.54dp</dimen>
    <dimen name="x1068">613.11dp</dimen>
    <dimen name="x1069">613.69dp</dimen>
    <dimen name="x1070">614.26dp</dimen>
    <dimen name="x1071">614.83dp</dimen>
    <dimen name="x1072">615.41dp</dimen>
    <dimen name="x1073">615.98dp</dimen>
    <dimen name="x1074">616.56dp</dimen>
    <dimen name="x1075">617.13dp</dimen>
    <dimen name="x1076">617.70dp</dimen>
    <dimen name="x1077">618.28dp</dimen>
    <dimen name="x1078">618.85dp</dimen>
    <dimen name="x1079">619.43dp</dimen>
    <dimen name="x1080">620.00dp</dimen>
</resources>