<?xml version="1.0" encoding="utf-8"?>
<resources>
    <string name="sw_dp">500dp</string>
    <dimen name="x1">0.46dp</dimen>
    <dimen name="x2">0.93dp</dimen>
    <dimen name="x3">1.39dp</dimen>
    <dimen name="x4">1.85dp</dimen>
    <dimen name="x5">2.31dp</dimen>
    <dimen name="x6">2.78dp</dimen>
    <dimen name="x7">3.24dp</dimen>
    <dimen name="x8">3.70dp</dimen>
    <dimen name="x9">4.17dp</dimen>
    <dimen name="x10">4.63dp</dimen>
    <dimen name="x11">5.09dp</dimen>
    <dimen name="x12">5.56dp</dimen>
    <dimen name="x13">6.02dp</dimen>
    <dimen name="x14">6.48dp</dimen>
    <dimen name="x15">6.94dp</dimen>
    <dimen name="x16">7.41dp</dimen>
    <dimen name="x17">7.87dp</dimen>
    <dimen name="x18">8.33dp</dimen>
    <dimen name="x19">8.80dp</dimen>
    <dimen name="x20">9.26dp</dimen>
    <dimen name="x21">9.72dp</dimen>
    <dimen name="x22">10.19dp</dimen>
    <dimen name="x23">10.65dp</dimen>
    <dimen name="x24">11.11dp</dimen>
    <dimen name="x25">11.57dp</dimen>
    <dimen name="x26">12.04dp</dimen>
    <dimen name="x27">12.50dp</dimen>
    <dimen name="x28">12.96dp</dimen>
    <dimen name="x29">13.43dp</dimen>
    <dimen name="x30">13.89dp</dimen>
    <dimen name="x31">14.35dp</dimen>
    <dimen name="x32">14.81dp</dimen>
    <dimen name="x33">15.28dp</dimen>
    <dimen name="x34">15.74dp</dimen>
    <dimen name="x35">16.20dp</dimen>
    <dimen name="x36">16.67dp</dimen>
    <dimen name="x37">17.13dp</dimen>
    <dimen name="x38">17.59dp</dimen>
    <dimen name="x39">18.06dp</dimen>
    <dimen name="x40">18.52dp</dimen>
    <dimen name="x41">18.98dp</dimen>
    <dimen name="x42">19.44dp</dimen>
    <dimen name="x43">19.91dp</dimen>
    <dimen name="x44">20.37dp</dimen>
    <dimen name="x45">20.83dp</dimen>
    <dimen name="x46">21.30dp</dimen>
    <dimen name="x47">21.76dp</dimen>
    <dimen name="x48">22.22dp</dimen>
    <dimen name="x49">22.69dp</dimen>
    <dimen name="x50">23.15dp</dimen>
    <dimen name="x51">23.61dp</dimen>
    <dimen name="x52">24.07dp</dimen>
    <dimen name="x53">24.54dp</dimen>
    <dimen name="x54">25.00dp</dimen>
    <dimen name="x55">25.46dp</dimen>
    <dimen name="x56">25.93dp</dimen>
    <dimen name="x57">26.39dp</dimen>
    <dimen name="x58">26.85dp</dimen>
    <dimen name="x59">27.31dp</dimen>
    <dimen name="x60">27.78dp</dimen>
    <dimen name="x61">28.24dp</dimen>
    <dimen name="x62">28.70dp</dimen>
    <dimen name="x63">29.17dp</dimen>
    <dimen name="x64">29.63dp</dimen>
    <dimen name="x65">30.09dp</dimen>
    <dimen name="x66">30.56dp</dimen>
    <dimen name="x67">31.02dp</dimen>
    <dimen name="x68">31.48dp</dimen>
    <dimen name="x69">31.94dp</dimen>
    <dimen name="x70">32.41dp</dimen>
    <dimen name="x71">32.87dp</dimen>
    <dimen name="x72">33.33dp</dimen>
    <dimen name="x73">33.80dp</dimen>
    <dimen name="x74">34.26dp</dimen>
    <dimen name="x75">34.72dp</dimen>
    <dimen name="x76">35.19dp</dimen>
    <dimen name="x77">35.65dp</dimen>
    <dimen name="x78">36.11dp</dimen>
    <dimen name="x79">36.57dp</dimen>
    <dimen name="x80">37.04dp</dimen>
    <dimen name="x81">37.50dp</dimen>
    <dimen name="x82">37.96dp</dimen>
    <dimen name="x83">38.43dp</dimen>
    <dimen name="x84">38.89dp</dimen>
    <dimen name="x85">39.35dp</dimen>
    <dimen name="x86">39.81dp</dimen>
    <dimen name="x87">40.28dp</dimen>
    <dimen name="x88">40.74dp</dimen>
    <dimen name="x89">41.20dp</dimen>
    <dimen name="x90">41.67dp</dimen>
    <dimen name="x91">42.13dp</dimen>
    <dimen name="x92">42.59dp</dimen>
    <dimen name="x93">43.06dp</dimen>
    <dimen name="x94">43.52dp</dimen>
    <dimen name="x95">43.98dp</dimen>
    <dimen name="x96">44.44dp</dimen>
    <dimen name="x97">44.91dp</dimen>
    <dimen name="x98">45.37dp</dimen>
    <dimen name="x99">45.83dp</dimen>
    <dimen name="x100">46.30dp</dimen>
    <dimen name="x101">46.76dp</dimen>
    <dimen name="x102">47.22dp</dimen>
    <dimen name="x103">47.69dp</dimen>
    <dimen name="x104">48.15dp</dimen>
    <dimen name="x105">48.61dp</dimen>
    <dimen name="x106">49.07dp</dimen>
    <dimen name="x107">49.54dp</dimen>
    <dimen name="x108">50.00dp</dimen>
    <dimen name="x109">50.46dp</dimen>
    <dimen name="x110">50.93dp</dimen>
    <dimen name="x111">51.39dp</dimen>
    <dimen name="x112">51.85dp</dimen>
    <dimen name="x113">52.31dp</dimen>
    <dimen name="x114">52.78dp</dimen>
    <dimen name="x115">53.24dp</dimen>
    <dimen name="x116">53.70dp</dimen>
    <dimen name="x117">54.17dp</dimen>
    <dimen name="x118">54.63dp</dimen>
    <dimen name="x119">55.09dp</dimen>
    <dimen name="x120">55.56dp</dimen>
    <dimen name="x121">56.02dp</dimen>
    <dimen name="x122">56.48dp</dimen>
    <dimen name="x123">56.94dp</dimen>
    <dimen name="x124">57.41dp</dimen>
    <dimen name="x125">57.87dp</dimen>
    <dimen name="x126">58.33dp</dimen>
    <dimen name="x127">58.80dp</dimen>
    <dimen name="x128">59.26dp</dimen>
    <dimen name="x129">59.72dp</dimen>
    <dimen name="x130">60.19dp</dimen>
    <dimen name="x131">60.65dp</dimen>
    <dimen name="x132">61.11dp</dimen>
    <dimen name="x133">61.57dp</dimen>
    <dimen name="x134">62.04dp</dimen>
    <dimen name="x135">62.50dp</dimen>
    <dimen name="x136">62.96dp</dimen>
    <dimen name="x137">63.43dp</dimen>
    <dimen name="x138">63.89dp</dimen>
    <dimen name="x139">64.35dp</dimen>
    <dimen name="x140">64.81dp</dimen>
    <dimen name="x141">65.28dp</dimen>
    <dimen name="x142">65.74dp</dimen>
    <dimen name="x143">66.20dp</dimen>
    <dimen name="x144">66.67dp</dimen>
    <dimen name="x145">67.13dp</dimen>
    <dimen name="x146">67.59dp</dimen>
    <dimen name="x147">68.06dp</dimen>
    <dimen name="x148">68.52dp</dimen>
    <dimen name="x149">68.98dp</dimen>
    <dimen name="x150">69.44dp</dimen>
    <dimen name="x151">69.91dp</dimen>
    <dimen name="x152">70.37dp</dimen>
    <dimen name="x153">70.83dp</dimen>
    <dimen name="x154">71.30dp</dimen>
    <dimen name="x155">71.76dp</dimen>
    <dimen name="x156">72.22dp</dimen>
    <dimen name="x157">72.69dp</dimen>
    <dimen name="x158">73.15dp</dimen>
    <dimen name="x159">73.61dp</dimen>
    <dimen name="x160">74.07dp</dimen>
    <dimen name="x161">74.54dp</dimen>
    <dimen name="x162">75.00dp</dimen>
    <dimen name="x163">75.46dp</dimen>
    <dimen name="x164">75.93dp</dimen>
    <dimen name="x165">76.39dp</dimen>
    <dimen name="x166">76.85dp</dimen>
    <dimen name="x167">77.31dp</dimen>
    <dimen name="x168">77.78dp</dimen>
    <dimen name="x169">78.24dp</dimen>
    <dimen name="x170">78.70dp</dimen>
    <dimen name="x171">79.17dp</dimen>
    <dimen name="x172">79.63dp</dimen>
    <dimen name="x173">80.09dp</dimen>
    <dimen name="x174">80.56dp</dimen>
    <dimen name="x175">81.02dp</dimen>
    <dimen name="x176">81.48dp</dimen>
    <dimen name="x177">81.94dp</dimen>
    <dimen name="x178">82.41dp</dimen>
    <dimen name="x179">82.87dp</dimen>
    <dimen name="x180">83.33dp</dimen>
    <dimen name="x181">83.80dp</dimen>
    <dimen name="x182">84.26dp</dimen>
    <dimen name="x183">84.72dp</dimen>
    <dimen name="x184">85.19dp</dimen>
    <dimen name="x185">85.65dp</dimen>
    <dimen name="x186">86.11dp</dimen>
    <dimen name="x187">86.57dp</dimen>
    <dimen name="x188">87.04dp</dimen>
    <dimen name="x189">87.50dp</dimen>
    <dimen name="x190">87.96dp</dimen>
    <dimen name="x191">88.43dp</dimen>
    <dimen name="x192">88.89dp</dimen>
    <dimen name="x193">89.35dp</dimen>
    <dimen name="x194">89.81dp</dimen>
    <dimen name="x195">90.28dp</dimen>
    <dimen name="x196">90.74dp</dimen>
    <dimen name="x197">91.20dp</dimen>
    <dimen name="x198">91.67dp</dimen>
    <dimen name="x199">92.13dp</dimen>
    <dimen name="x200">92.59dp</dimen>
    <dimen name="x201">93.06dp</dimen>
    <dimen name="x202">93.52dp</dimen>
    <dimen name="x203">93.98dp</dimen>
    <dimen name="x204">94.44dp</dimen>
    <dimen name="x205">94.91dp</dimen>
    <dimen name="x206">95.37dp</dimen>
    <dimen name="x207">95.83dp</dimen>
    <dimen name="x208">96.30dp</dimen>
    <dimen name="x209">96.76dp</dimen>
    <dimen name="x210">97.22dp</dimen>
    <dimen name="x211">97.69dp</dimen>
    <dimen name="x212">98.15dp</dimen>
    <dimen name="x213">98.61dp</dimen>
    <dimen name="x214">99.07dp</dimen>
    <dimen name="x215">99.54dp</dimen>
    <dimen name="x216">100.00dp</dimen>
    <dimen name="x217">100.46dp</dimen>
    <dimen name="x218">100.93dp</dimen>
    <dimen name="x219">101.39dp</dimen>
    <dimen name="x220">101.85dp</dimen>
    <dimen name="x221">102.31dp</dimen>
    <dimen name="x222">102.78dp</dimen>
    <dimen name="x223">103.24dp</dimen>
    <dimen name="x224">103.70dp</dimen>
    <dimen name="x225">104.17dp</dimen>
    <dimen name="x226">104.63dp</dimen>
    <dimen name="x227">105.09dp</dimen>
    <dimen name="x228">105.56dp</dimen>
    <dimen name="x229">106.02dp</dimen>
    <dimen name="x230">106.48dp</dimen>
    <dimen name="x231">106.94dp</dimen>
    <dimen name="x232">107.41dp</dimen>
    <dimen name="x233">107.87dp</dimen>
    <dimen name="x234">108.33dp</dimen>
    <dimen name="x235">108.80dp</dimen>
    <dimen name="x236">109.26dp</dimen>
    <dimen name="x237">109.72dp</dimen>
    <dimen name="x238">110.19dp</dimen>
    <dimen name="x239">110.65dp</dimen>
    <dimen name="x240">111.11dp</dimen>
    <dimen name="x241">111.57dp</dimen>
    <dimen name="x242">112.04dp</dimen>
    <dimen name="x243">112.50dp</dimen>
    <dimen name="x244">112.96dp</dimen>
    <dimen name="x245">113.43dp</dimen>
    <dimen name="x246">113.89dp</dimen>
    <dimen name="x247">114.35dp</dimen>
    <dimen name="x248">114.81dp</dimen>
    <dimen name="x249">115.28dp</dimen>
    <dimen name="x250">115.74dp</dimen>
    <dimen name="x251">116.20dp</dimen>
    <dimen name="x252">116.67dp</dimen>
    <dimen name="x253">117.13dp</dimen>
    <dimen name="x254">117.59dp</dimen>
    <dimen name="x255">118.06dp</dimen>
    <dimen name="x256">118.52dp</dimen>
    <dimen name="x257">118.98dp</dimen>
    <dimen name="x258">119.44dp</dimen>
    <dimen name="x259">119.91dp</dimen>
    <dimen name="x260">120.37dp</dimen>
    <dimen name="x261">120.83dp</dimen>
    <dimen name="x262">121.30dp</dimen>
    <dimen name="x263">121.76dp</dimen>
    <dimen name="x264">122.22dp</dimen>
    <dimen name="x265">122.69dp</dimen>
    <dimen name="x266">123.15dp</dimen>
    <dimen name="x267">123.61dp</dimen>
    <dimen name="x268">124.07dp</dimen>
    <dimen name="x269">124.54dp</dimen>
    <dimen name="x270">125.00dp</dimen>
    <dimen name="x271">125.46dp</dimen>
    <dimen name="x272">125.93dp</dimen>
    <dimen name="x273">126.39dp</dimen>
    <dimen name="x274">126.85dp</dimen>
    <dimen name="x275">127.31dp</dimen>
    <dimen name="x276">127.78dp</dimen>
    <dimen name="x277">128.24dp</dimen>
    <dimen name="x278">128.70dp</dimen>
    <dimen name="x279">129.17dp</dimen>
    <dimen name="x280">129.63dp</dimen>
    <dimen name="x281">130.09dp</dimen>
    <dimen name="x282">130.56dp</dimen>
    <dimen name="x283">131.02dp</dimen>
    <dimen name="x284">131.48dp</dimen>
    <dimen name="x285">131.94dp</dimen>
    <dimen name="x286">132.41dp</dimen>
    <dimen name="x287">132.87dp</dimen>
    <dimen name="x288">133.33dp</dimen>
    <dimen name="x289">133.80dp</dimen>
    <dimen name="x290">134.26dp</dimen>
    <dimen name="x291">134.72dp</dimen>
    <dimen name="x292">135.19dp</dimen>
    <dimen name="x293">135.65dp</dimen>
    <dimen name="x294">136.11dp</dimen>
    <dimen name="x295">136.57dp</dimen>
    <dimen name="x296">137.04dp</dimen>
    <dimen name="x297">137.50dp</dimen>
    <dimen name="x298">137.96dp</dimen>
    <dimen name="x299">138.43dp</dimen>
    <dimen name="x300">138.89dp</dimen>
    <dimen name="x301">139.35dp</dimen>
    <dimen name="x302">139.81dp</dimen>
    <dimen name="x303">140.28dp</dimen>
    <dimen name="x304">140.74dp</dimen>
    <dimen name="x305">141.20dp</dimen>
    <dimen name="x306">141.67dp</dimen>
    <dimen name="x307">142.13dp</dimen>
    <dimen name="x308">142.59dp</dimen>
    <dimen name="x309">143.06dp</dimen>
    <dimen name="x310">143.52dp</dimen>
    <dimen name="x311">143.98dp</dimen>
    <dimen name="x312">144.44dp</dimen>
    <dimen name="x313">144.91dp</dimen>
    <dimen name="x314">145.37dp</dimen>
    <dimen name="x315">145.83dp</dimen>
    <dimen name="x316">146.30dp</dimen>
    <dimen name="x317">146.76dp</dimen>
    <dimen name="x318">147.22dp</dimen>
    <dimen name="x319">147.69dp</dimen>
    <dimen name="x320">148.15dp</dimen>
    <dimen name="x321">148.61dp</dimen>
    <dimen name="x322">149.07dp</dimen>
    <dimen name="x323">149.54dp</dimen>
    <dimen name="x324">150.00dp</dimen>
    <dimen name="x325">150.46dp</dimen>
    <dimen name="x326">150.93dp</dimen>
    <dimen name="x327">151.39dp</dimen>
    <dimen name="x328">151.85dp</dimen>
    <dimen name="x329">152.31dp</dimen>
    <dimen name="x330">152.78dp</dimen>
    <dimen name="x331">153.24dp</dimen>
    <dimen name="x332">153.70dp</dimen>
    <dimen name="x333">154.17dp</dimen>
    <dimen name="x334">154.63dp</dimen>
    <dimen name="x335">155.09dp</dimen>
    <dimen name="x336">155.56dp</dimen>
    <dimen name="x337">156.02dp</dimen>
    <dimen name="x338">156.48dp</dimen>
    <dimen name="x339">156.94dp</dimen>
    <dimen name="x340">157.41dp</dimen>
    <dimen name="x341">157.87dp</dimen>
    <dimen name="x342">158.33dp</dimen>
    <dimen name="x343">158.80dp</dimen>
    <dimen name="x344">159.26dp</dimen>
    <dimen name="x345">159.72dp</dimen>
    <dimen name="x346">160.19dp</dimen>
    <dimen name="x347">160.65dp</dimen>
    <dimen name="x348">161.11dp</dimen>
    <dimen name="x349">161.57dp</dimen>
    <dimen name="x350">162.04dp</dimen>
    <dimen name="x351">162.50dp</dimen>
    <dimen name="x352">162.96dp</dimen>
    <dimen name="x353">163.43dp</dimen>
    <dimen name="x354">163.89dp</dimen>
    <dimen name="x355">164.35dp</dimen>
    <dimen name="x356">164.81dp</dimen>
    <dimen name="x357">165.28dp</dimen>
    <dimen name="x358">165.74dp</dimen>
    <dimen name="x359">166.20dp</dimen>
    <dimen name="x360">166.67dp</dimen>
    <dimen name="x361">167.13dp</dimen>
    <dimen name="x362">167.59dp</dimen>
    <dimen name="x363">168.06dp</dimen>
    <dimen name="x364">168.52dp</dimen>
    <dimen name="x365">168.98dp</dimen>
    <dimen name="x366">169.44dp</dimen>
    <dimen name="x367">169.91dp</dimen>
    <dimen name="x368">170.37dp</dimen>
    <dimen name="x369">170.83dp</dimen>
    <dimen name="x370">171.30dp</dimen>
    <dimen name="x371">171.76dp</dimen>
    <dimen name="x372">172.22dp</dimen>
    <dimen name="x373">172.69dp</dimen>
    <dimen name="x374">173.15dp</dimen>
    <dimen name="x375">173.61dp</dimen>
    <dimen name="x376">174.07dp</dimen>
    <dimen name="x377">174.54dp</dimen>
    <dimen name="x378">175.00dp</dimen>
    <dimen name="x379">175.46dp</dimen>
    <dimen name="x380">175.93dp</dimen>
    <dimen name="x381">176.39dp</dimen>
    <dimen name="x382">176.85dp</dimen>
    <dimen name="x383">177.31dp</dimen>
    <dimen name="x384">177.78dp</dimen>
    <dimen name="x385">178.24dp</dimen>
    <dimen name="x386">178.70dp</dimen>
    <dimen name="x387">179.17dp</dimen>
    <dimen name="x388">179.63dp</dimen>
    <dimen name="x389">180.09dp</dimen>
    <dimen name="x390">180.56dp</dimen>
    <dimen name="x391">181.02dp</dimen>
    <dimen name="x392">181.48dp</dimen>
    <dimen name="x393">181.94dp</dimen>
    <dimen name="x394">182.41dp</dimen>
    <dimen name="x395">182.87dp</dimen>
    <dimen name="x396">183.33dp</dimen>
    <dimen name="x397">183.80dp</dimen>
    <dimen name="x398">184.26dp</dimen>
    <dimen name="x399">184.72dp</dimen>
    <dimen name="x400">185.19dp</dimen>
    <dimen name="x401">185.65dp</dimen>
    <dimen name="x402">186.11dp</dimen>
    <dimen name="x403">186.57dp</dimen>
    <dimen name="x404">187.04dp</dimen>
    <dimen name="x405">187.50dp</dimen>
    <dimen name="x406">187.96dp</dimen>
    <dimen name="x407">188.43dp</dimen>
    <dimen name="x408">188.89dp</dimen>
    <dimen name="x409">189.35dp</dimen>
    <dimen name="x410">189.81dp</dimen>
    <dimen name="x411">190.28dp</dimen>
    <dimen name="x412">190.74dp</dimen>
    <dimen name="x413">191.20dp</dimen>
    <dimen name="x414">191.67dp</dimen>
    <dimen name="x415">192.13dp</dimen>
    <dimen name="x416">192.59dp</dimen>
    <dimen name="x417">193.06dp</dimen>
    <dimen name="x418">193.52dp</dimen>
    <dimen name="x419">193.98dp</dimen>
    <dimen name="x420">194.44dp</dimen>
    <dimen name="x421">194.91dp</dimen>
    <dimen name="x422">195.37dp</dimen>
    <dimen name="x423">195.83dp</dimen>
    <dimen name="x424">196.30dp</dimen>
    <dimen name="x425">196.76dp</dimen>
    <dimen name="x426">197.22dp</dimen>
    <dimen name="x427">197.69dp</dimen>
    <dimen name="x428">198.15dp</dimen>
    <dimen name="x429">198.61dp</dimen>
    <dimen name="x430">199.07dp</dimen>
    <dimen name="x431">199.54dp</dimen>
    <dimen name="x432">200.00dp</dimen>
    <dimen name="x433">200.46dp</dimen>
    <dimen name="x434">200.93dp</dimen>
    <dimen name="x435">201.39dp</dimen>
    <dimen name="x436">201.85dp</dimen>
    <dimen name="x437">202.31dp</dimen>
    <dimen name="x438">202.78dp</dimen>
    <dimen name="x439">203.24dp</dimen>
    <dimen name="x440">203.70dp</dimen>
    <dimen name="x441">204.17dp</dimen>
    <dimen name="x442">204.63dp</dimen>
    <dimen name="x443">205.09dp</dimen>
    <dimen name="x444">205.56dp</dimen>
    <dimen name="x445">206.02dp</dimen>
    <dimen name="x446">206.48dp</dimen>
    <dimen name="x447">206.94dp</dimen>
    <dimen name="x448">207.41dp</dimen>
    <dimen name="x449">207.87dp</dimen>
    <dimen name="x450">208.33dp</dimen>
    <dimen name="x451">208.80dp</dimen>
    <dimen name="x452">209.26dp</dimen>
    <dimen name="x453">209.72dp</dimen>
    <dimen name="x454">210.19dp</dimen>
    <dimen name="x455">210.65dp</dimen>
    <dimen name="x456">211.11dp</dimen>
    <dimen name="x457">211.57dp</dimen>
    <dimen name="x458">212.04dp</dimen>
    <dimen name="x459">212.50dp</dimen>
    <dimen name="x460">212.96dp</dimen>
    <dimen name="x461">213.43dp</dimen>
    <dimen name="x462">213.89dp</dimen>
    <dimen name="x463">214.35dp</dimen>
    <dimen name="x464">214.81dp</dimen>
    <dimen name="x465">215.28dp</dimen>
    <dimen name="x466">215.74dp</dimen>
    <dimen name="x467">216.20dp</dimen>
    <dimen name="x468">216.67dp</dimen>
    <dimen name="x469">217.13dp</dimen>
    <dimen name="x470">217.59dp</dimen>
    <dimen name="x471">218.06dp</dimen>
    <dimen name="x472">218.52dp</dimen>
    <dimen name="x473">218.98dp</dimen>
    <dimen name="x474">219.44dp</dimen>
    <dimen name="x475">219.91dp</dimen>
    <dimen name="x476">220.37dp</dimen>
    <dimen name="x477">220.83dp</dimen>
    <dimen name="x478">221.30dp</dimen>
    <dimen name="x479">221.76dp</dimen>
    <dimen name="x480">222.22dp</dimen>
    <dimen name="x481">222.69dp</dimen>
    <dimen name="x482">223.15dp</dimen>
    <dimen name="x483">223.61dp</dimen>
    <dimen name="x484">224.07dp</dimen>
    <dimen name="x485">224.54dp</dimen>
    <dimen name="x486">225.00dp</dimen>
    <dimen name="x487">225.46dp</dimen>
    <dimen name="x488">225.93dp</dimen>
    <dimen name="x489">226.39dp</dimen>
    <dimen name="x490">226.85dp</dimen>
    <dimen name="x491">227.31dp</dimen>
    <dimen name="x492">227.78dp</dimen>
    <dimen name="x493">228.24dp</dimen>
    <dimen name="x494">228.70dp</dimen>
    <dimen name="x495">229.17dp</dimen>
    <dimen name="x496">229.63dp</dimen>
    <dimen name="x497">230.09dp</dimen>
    <dimen name="x498">230.56dp</dimen>
    <dimen name="x499">231.02dp</dimen>
    <dimen name="x500">231.48dp</dimen>
    <dimen name="x501">231.94dp</dimen>
    <dimen name="x502">232.41dp</dimen>
    <dimen name="x503">232.87dp</dimen>
    <dimen name="x504">233.33dp</dimen>
    <dimen name="x505">233.80dp</dimen>
    <dimen name="x506">234.26dp</dimen>
    <dimen name="x507">234.72dp</dimen>
    <dimen name="x508">235.19dp</dimen>
    <dimen name="x509">235.65dp</dimen>
    <dimen name="x510">236.11dp</dimen>
    <dimen name="x511">236.57dp</dimen>
    <dimen name="x512">237.04dp</dimen>
    <dimen name="x513">237.50dp</dimen>
    <dimen name="x514">237.96dp</dimen>
    <dimen name="x515">238.43dp</dimen>
    <dimen name="x516">238.89dp</dimen>
    <dimen name="x517">239.35dp</dimen>
    <dimen name="x518">239.81dp</dimen>
    <dimen name="x519">240.28dp</dimen>
    <dimen name="x520">240.74dp</dimen>
    <dimen name="x521">241.20dp</dimen>
    <dimen name="x522">241.67dp</dimen>
    <dimen name="x523">242.13dp</dimen>
    <dimen name="x524">242.59dp</dimen>
    <dimen name="x525">243.06dp</dimen>
    <dimen name="x526">243.52dp</dimen>
    <dimen name="x527">243.98dp</dimen>
    <dimen name="x528">244.44dp</dimen>
    <dimen name="x529">244.91dp</dimen>
    <dimen name="x530">245.37dp</dimen>
    <dimen name="x531">245.83dp</dimen>
    <dimen name="x532">246.30dp</dimen>
    <dimen name="x533">246.76dp</dimen>
    <dimen name="x534">247.22dp</dimen>
    <dimen name="x535">247.69dp</dimen>
    <dimen name="x536">248.15dp</dimen>
    <dimen name="x537">248.61dp</dimen>
    <dimen name="x538">249.07dp</dimen>
    <dimen name="x539">249.54dp</dimen>
    <dimen name="x540">250.00dp</dimen>
    <dimen name="x541">250.46dp</dimen>
    <dimen name="x542">250.93dp</dimen>
    <dimen name="x543">251.39dp</dimen>
    <dimen name="x544">251.85dp</dimen>
    <dimen name="x545">252.31dp</dimen>
    <dimen name="x546">252.78dp</dimen>
    <dimen name="x547">253.24dp</dimen>
    <dimen name="x548">253.70dp</dimen>
    <dimen name="x549">254.17dp</dimen>
    <dimen name="x550">254.63dp</dimen>
    <dimen name="x551">255.09dp</dimen>
    <dimen name="x552">255.56dp</dimen>
    <dimen name="x553">256.02dp</dimen>
    <dimen name="x554">256.48dp</dimen>
    <dimen name="x555">256.94dp</dimen>
    <dimen name="x556">257.41dp</dimen>
    <dimen name="x557">257.87dp</dimen>
    <dimen name="x558">258.33dp</dimen>
    <dimen name="x559">258.80dp</dimen>
    <dimen name="x560">259.26dp</dimen>
    <dimen name="x561">259.72dp</dimen>
    <dimen name="x562">260.19dp</dimen>
    <dimen name="x563">260.65dp</dimen>
    <dimen name="x564">261.11dp</dimen>
    <dimen name="x565">261.57dp</dimen>
    <dimen name="x566">262.04dp</dimen>
    <dimen name="x567">262.50dp</dimen>
    <dimen name="x568">262.96dp</dimen>
    <dimen name="x569">263.43dp</dimen>
    <dimen name="x570">263.89dp</dimen>
    <dimen name="x571">264.35dp</dimen>
    <dimen name="x572">264.81dp</dimen>
    <dimen name="x573">265.28dp</dimen>
    <dimen name="x574">265.74dp</dimen>
    <dimen name="x575">266.20dp</dimen>
    <dimen name="x576">266.67dp</dimen>
    <dimen name="x577">267.13dp</dimen>
    <dimen name="x578">267.59dp</dimen>
    <dimen name="x579">268.06dp</dimen>
    <dimen name="x580">268.52dp</dimen>
    <dimen name="x581">268.98dp</dimen>
    <dimen name="x582">269.44dp</dimen>
    <dimen name="x583">269.91dp</dimen>
    <dimen name="x584">270.37dp</dimen>
    <dimen name="x585">270.83dp</dimen>
    <dimen name="x586">271.30dp</dimen>
    <dimen name="x587">271.76dp</dimen>
    <dimen name="x588">272.22dp</dimen>
    <dimen name="x589">272.69dp</dimen>
    <dimen name="x590">273.15dp</dimen>
    <dimen name="x591">273.61dp</dimen>
    <dimen name="x592">274.07dp</dimen>
    <dimen name="x593">274.54dp</dimen>
    <dimen name="x594">275.00dp</dimen>
    <dimen name="x595">275.46dp</dimen>
    <dimen name="x596">275.93dp</dimen>
    <dimen name="x597">276.39dp</dimen>
    <dimen name="x598">276.85dp</dimen>
    <dimen name="x599">277.31dp</dimen>
    <dimen name="x600">277.78dp</dimen>
    <dimen name="x601">278.24dp</dimen>
    <dimen name="x602">278.70dp</dimen>
    <dimen name="x603">279.17dp</dimen>
    <dimen name="x604">279.63dp</dimen>
    <dimen name="x605">280.09dp</dimen>
    <dimen name="x606">280.56dp</dimen>
    <dimen name="x607">281.02dp</dimen>
    <dimen name="x608">281.48dp</dimen>
    <dimen name="x609">281.94dp</dimen>
    <dimen name="x610">282.41dp</dimen>
    <dimen name="x611">282.87dp</dimen>
    <dimen name="x612">283.33dp</dimen>
    <dimen name="x613">283.80dp</dimen>
    <dimen name="x614">284.26dp</dimen>
    <dimen name="x615">284.72dp</dimen>
    <dimen name="x616">285.19dp</dimen>
    <dimen name="x617">285.65dp</dimen>
    <dimen name="x618">286.11dp</dimen>
    <dimen name="x619">286.57dp</dimen>
    <dimen name="x620">287.04dp</dimen>
    <dimen name="x621">287.50dp</dimen>
    <dimen name="x622">287.96dp</dimen>
    <dimen name="x623">288.43dp</dimen>
    <dimen name="x624">288.89dp</dimen>
    <dimen name="x625">289.35dp</dimen>
    <dimen name="x626">289.81dp</dimen>
    <dimen name="x627">290.28dp</dimen>
    <dimen name="x628">290.74dp</dimen>
    <dimen name="x629">291.20dp</dimen>
    <dimen name="x630">291.67dp</dimen>
    <dimen name="x631">292.13dp</dimen>
    <dimen name="x632">292.59dp</dimen>
    <dimen name="x633">293.06dp</dimen>
    <dimen name="x634">293.52dp</dimen>
    <dimen name="x635">293.98dp</dimen>
    <dimen name="x636">294.44dp</dimen>
    <dimen name="x637">294.91dp</dimen>
    <dimen name="x638">295.37dp</dimen>
    <dimen name="x639">295.83dp</dimen>
    <dimen name="x640">296.30dp</dimen>
    <dimen name="x641">296.76dp</dimen>
    <dimen name="x642">297.22dp</dimen>
    <dimen name="x643">297.69dp</dimen>
    <dimen name="x644">298.15dp</dimen>
    <dimen name="x645">298.61dp</dimen>
    <dimen name="x646">299.07dp</dimen>
    <dimen name="x647">299.54dp</dimen>
    <dimen name="x648">300.00dp</dimen>
    <dimen name="x649">300.46dp</dimen>
    <dimen name="x650">300.93dp</dimen>
    <dimen name="x651">301.39dp</dimen>
    <dimen name="x652">301.85dp</dimen>
    <dimen name="x653">302.31dp</dimen>
    <dimen name="x654">302.78dp</dimen>
    <dimen name="x655">303.24dp</dimen>
    <dimen name="x656">303.70dp</dimen>
    <dimen name="x657">304.17dp</dimen>
    <dimen name="x658">304.63dp</dimen>
    <dimen name="x659">305.09dp</dimen>
    <dimen name="x660">305.56dp</dimen>
    <dimen name="x661">306.02dp</dimen>
    <dimen name="x662">306.48dp</dimen>
    <dimen name="x663">306.94dp</dimen>
    <dimen name="x664">307.41dp</dimen>
    <dimen name="x665">307.87dp</dimen>
    <dimen name="x666">308.33dp</dimen>
    <dimen name="x667">308.80dp</dimen>
    <dimen name="x668">309.26dp</dimen>
    <dimen name="x669">309.72dp</dimen>
    <dimen name="x670">310.19dp</dimen>
    <dimen name="x671">310.65dp</dimen>
    <dimen name="x672">311.11dp</dimen>
    <dimen name="x673">311.57dp</dimen>
    <dimen name="x674">312.04dp</dimen>
    <dimen name="x675">312.50dp</dimen>
    <dimen name="x676">312.96dp</dimen>
    <dimen name="x677">313.43dp</dimen>
    <dimen name="x678">313.89dp</dimen>
    <dimen name="x679">314.35dp</dimen>
    <dimen name="x680">314.81dp</dimen>
    <dimen name="x681">315.28dp</dimen>
    <dimen name="x682">315.74dp</dimen>
    <dimen name="x683">316.20dp</dimen>
    <dimen name="x684">316.67dp</dimen>
    <dimen name="x685">317.13dp</dimen>
    <dimen name="x686">317.59dp</dimen>
    <dimen name="x687">318.06dp</dimen>
    <dimen name="x688">318.52dp</dimen>
    <dimen name="x689">318.98dp</dimen>
    <dimen name="x690">319.44dp</dimen>
    <dimen name="x691">319.91dp</dimen>
    <dimen name="x692">320.37dp</dimen>
    <dimen name="x693">320.83dp</dimen>
    <dimen name="x694">321.30dp</dimen>
    <dimen name="x695">321.76dp</dimen>
    <dimen name="x696">322.22dp</dimen>
    <dimen name="x697">322.69dp</dimen>
    <dimen name="x698">323.15dp</dimen>
    <dimen name="x699">323.61dp</dimen>
    <dimen name="x700">324.07dp</dimen>
    <dimen name="x701">324.54dp</dimen>
    <dimen name="x702">325.00dp</dimen>
    <dimen name="x703">325.46dp</dimen>
    <dimen name="x704">325.93dp</dimen>
    <dimen name="x705">326.39dp</dimen>
    <dimen name="x706">326.85dp</dimen>
    <dimen name="x707">327.31dp</dimen>
    <dimen name="x708">327.78dp</dimen>
    <dimen name="x709">328.24dp</dimen>
    <dimen name="x710">328.70dp</dimen>
    <dimen name="x711">329.17dp</dimen>
    <dimen name="x712">329.63dp</dimen>
    <dimen name="x713">330.09dp</dimen>
    <dimen name="x714">330.56dp</dimen>
    <dimen name="x715">331.02dp</dimen>
    <dimen name="x716">331.48dp</dimen>
    <dimen name="x717">331.94dp</dimen>
    <dimen name="x718">332.41dp</dimen>
    <dimen name="x719">332.87dp</dimen>
    <dimen name="x720">333.33dp</dimen>
    <dimen name="x721">333.80dp</dimen>
    <dimen name="x722">334.26dp</dimen>
    <dimen name="x723">334.72dp</dimen>
    <dimen name="x724">335.19dp</dimen>
    <dimen name="x725">335.65dp</dimen>
    <dimen name="x726">336.11dp</dimen>
    <dimen name="x727">336.57dp</dimen>
    <dimen name="x728">337.04dp</dimen>
    <dimen name="x729">337.50dp</dimen>
    <dimen name="x730">337.96dp</dimen>
    <dimen name="x731">338.43dp</dimen>
    <dimen name="x732">338.89dp</dimen>
    <dimen name="x733">339.35dp</dimen>
    <dimen name="x734">339.81dp</dimen>
    <dimen name="x735">340.28dp</dimen>
    <dimen name="x736">340.74dp</dimen>
    <dimen name="x737">341.20dp</dimen>
    <dimen name="x738">341.67dp</dimen>
    <dimen name="x739">342.13dp</dimen>
    <dimen name="x740">342.59dp</dimen>
    <dimen name="x741">343.06dp</dimen>
    <dimen name="x742">343.52dp</dimen>
    <dimen name="x743">343.98dp</dimen>
    <dimen name="x744">344.44dp</dimen>
    <dimen name="x745">344.91dp</dimen>
    <dimen name="x746">345.37dp</dimen>
    <dimen name="x747">345.83dp</dimen>
    <dimen name="x748">346.30dp</dimen>
    <dimen name="x749">346.76dp</dimen>
    <dimen name="x750">347.22dp</dimen>
    <dimen name="x751">347.69dp</dimen>
    <dimen name="x752">348.15dp</dimen>
    <dimen name="x753">348.61dp</dimen>
    <dimen name="x754">349.07dp</dimen>
    <dimen name="x755">349.54dp</dimen>
    <dimen name="x756">350.00dp</dimen>
    <dimen name="x757">350.46dp</dimen>
    <dimen name="x758">350.93dp</dimen>
    <dimen name="x759">351.39dp</dimen>
    <dimen name="x760">351.85dp</dimen>
    <dimen name="x761">352.31dp</dimen>
    <dimen name="x762">352.78dp</dimen>
    <dimen name="x763">353.24dp</dimen>
    <dimen name="x764">353.70dp</dimen>
    <dimen name="x765">354.17dp</dimen>
    <dimen name="x766">354.63dp</dimen>
    <dimen name="x767">355.09dp</dimen>
    <dimen name="x768">355.56dp</dimen>
    <dimen name="x769">356.02dp</dimen>
    <dimen name="x770">356.48dp</dimen>
    <dimen name="x771">356.94dp</dimen>
    <dimen name="x772">357.41dp</dimen>
    <dimen name="x773">357.87dp</dimen>
    <dimen name="x774">358.33dp</dimen>
    <dimen name="x775">358.80dp</dimen>
    <dimen name="x776">359.26dp</dimen>
    <dimen name="x777">359.72dp</dimen>
    <dimen name="x778">360.19dp</dimen>
    <dimen name="x779">360.65dp</dimen>
    <dimen name="x780">361.11dp</dimen>
    <dimen name="x781">361.57dp</dimen>
    <dimen name="x782">362.04dp</dimen>
    <dimen name="x783">362.50dp</dimen>
    <dimen name="x784">362.96dp</dimen>
    <dimen name="x785">363.43dp</dimen>
    <dimen name="x786">363.89dp</dimen>
    <dimen name="x787">364.35dp</dimen>
    <dimen name="x788">364.81dp</dimen>
    <dimen name="x789">365.28dp</dimen>
    <dimen name="x790">365.74dp</dimen>
    <dimen name="x791">366.20dp</dimen>
    <dimen name="x792">366.67dp</dimen>
    <dimen name="x793">367.13dp</dimen>
    <dimen name="x794">367.59dp</dimen>
    <dimen name="x795">368.06dp</dimen>
    <dimen name="x796">368.52dp</dimen>
    <dimen name="x797">368.98dp</dimen>
    <dimen name="x798">369.44dp</dimen>
    <dimen name="x799">369.91dp</dimen>
    <dimen name="x800">370.37dp</dimen>
    <dimen name="x801">370.83dp</dimen>
    <dimen name="x802">371.30dp</dimen>
    <dimen name="x803">371.76dp</dimen>
    <dimen name="x804">372.22dp</dimen>
    <dimen name="x805">372.69dp</dimen>
    <dimen name="x806">373.15dp</dimen>
    <dimen name="x807">373.61dp</dimen>
    <dimen name="x808">374.07dp</dimen>
    <dimen name="x809">374.54dp</dimen>
    <dimen name="x810">375.00dp</dimen>
    <dimen name="x811">375.46dp</dimen>
    <dimen name="x812">375.93dp</dimen>
    <dimen name="x813">376.39dp</dimen>
    <dimen name="x814">376.85dp</dimen>
    <dimen name="x815">377.31dp</dimen>
    <dimen name="x816">377.78dp</dimen>
    <dimen name="x817">378.24dp</dimen>
    <dimen name="x818">378.70dp</dimen>
    <dimen name="x819">379.17dp</dimen>
    <dimen name="x820">379.63dp</dimen>
    <dimen name="x821">380.09dp</dimen>
    <dimen name="x822">380.56dp</dimen>
    <dimen name="x823">381.02dp</dimen>
    <dimen name="x824">381.48dp</dimen>
    <dimen name="x825">381.94dp</dimen>
    <dimen name="x826">382.41dp</dimen>
    <dimen name="x827">382.87dp</dimen>
    <dimen name="x828">383.33dp</dimen>
    <dimen name="x829">383.80dp</dimen>
    <dimen name="x830">384.26dp</dimen>
    <dimen name="x831">384.72dp</dimen>
    <dimen name="x832">385.19dp</dimen>
    <dimen name="x833">385.65dp</dimen>
    <dimen name="x834">386.11dp</dimen>
    <dimen name="x835">386.57dp</dimen>
    <dimen name="x836">387.04dp</dimen>
    <dimen name="x837">387.50dp</dimen>
    <dimen name="x838">387.96dp</dimen>
    <dimen name="x839">388.43dp</dimen>
    <dimen name="x840">388.89dp</dimen>
    <dimen name="x841">389.35dp</dimen>
    <dimen name="x842">389.81dp</dimen>
    <dimen name="x843">390.28dp</dimen>
    <dimen name="x844">390.74dp</dimen>
    <dimen name="x845">391.20dp</dimen>
    <dimen name="x846">391.67dp</dimen>
    <dimen name="x847">392.13dp</dimen>
    <dimen name="x848">392.59dp</dimen>
    <dimen name="x849">393.06dp</dimen>
    <dimen name="x850">393.52dp</dimen>
    <dimen name="x851">393.98dp</dimen>
    <dimen name="x852">394.44dp</dimen>
    <dimen name="x853">394.91dp</dimen>
    <dimen name="x854">395.37dp</dimen>
    <dimen name="x855">395.83dp</dimen>
    <dimen name="x856">396.30dp</dimen>
    <dimen name="x857">396.76dp</dimen>
    <dimen name="x858">397.22dp</dimen>
    <dimen name="x859">397.69dp</dimen>
    <dimen name="x860">398.15dp</dimen>
    <dimen name="x861">398.61dp</dimen>
    <dimen name="x862">399.07dp</dimen>
    <dimen name="x863">399.54dp</dimen>
    <dimen name="x864">400.00dp</dimen>
    <dimen name="x865">400.46dp</dimen>
    <dimen name="x866">400.93dp</dimen>
    <dimen name="x867">401.39dp</dimen>
    <dimen name="x868">401.85dp</dimen>
    <dimen name="x869">402.31dp</dimen>
    <dimen name="x870">402.78dp</dimen>
    <dimen name="x871">403.24dp</dimen>
    <dimen name="x872">403.70dp</dimen>
    <dimen name="x873">404.17dp</dimen>
    <dimen name="x874">404.63dp</dimen>
    <dimen name="x875">405.09dp</dimen>
    <dimen name="x876">405.56dp</dimen>
    <dimen name="x877">406.02dp</dimen>
    <dimen name="x878">406.48dp</dimen>
    <dimen name="x879">406.94dp</dimen>
    <dimen name="x880">407.41dp</dimen>
    <dimen name="x881">407.87dp</dimen>
    <dimen name="x882">408.33dp</dimen>
    <dimen name="x883">408.80dp</dimen>
    <dimen name="x884">409.26dp</dimen>
    <dimen name="x885">409.72dp</dimen>
    <dimen name="x886">410.19dp</dimen>
    <dimen name="x887">410.65dp</dimen>
    <dimen name="x888">411.11dp</dimen>
    <dimen name="x889">411.57dp</dimen>
    <dimen name="x890">412.04dp</dimen>
    <dimen name="x891">412.50dp</dimen>
    <dimen name="x892">412.96dp</dimen>
    <dimen name="x893">413.43dp</dimen>
    <dimen name="x894">413.89dp</dimen>
    <dimen name="x895">414.35dp</dimen>
    <dimen name="x896">414.81dp</dimen>
    <dimen name="x897">415.28dp</dimen>
    <dimen name="x898">415.74dp</dimen>
    <dimen name="x899">416.20dp</dimen>
    <dimen name="x900">416.67dp</dimen>
    <dimen name="x901">417.13dp</dimen>
    <dimen name="x902">417.59dp</dimen>
    <dimen name="x903">418.06dp</dimen>
    <dimen name="x904">418.52dp</dimen>
    <dimen name="x905">418.98dp</dimen>
    <dimen name="x906">419.44dp</dimen>
    <dimen name="x907">419.91dp</dimen>
    <dimen name="x908">420.37dp</dimen>
    <dimen name="x909">420.83dp</dimen>
    <dimen name="x910">421.30dp</dimen>
    <dimen name="x911">421.76dp</dimen>
    <dimen name="x912">422.22dp</dimen>
    <dimen name="x913">422.69dp</dimen>
    <dimen name="x914">423.15dp</dimen>
    <dimen name="x915">423.61dp</dimen>
    <dimen name="x916">424.07dp</dimen>
    <dimen name="x917">424.54dp</dimen>
    <dimen name="x918">425.00dp</dimen>
    <dimen name="x919">425.46dp</dimen>
    <dimen name="x920">425.93dp</dimen>
    <dimen name="x921">426.39dp</dimen>
    <dimen name="x922">426.85dp</dimen>
    <dimen name="x923">427.31dp</dimen>
    <dimen name="x924">427.78dp</dimen>
    <dimen name="x925">428.24dp</dimen>
    <dimen name="x926">428.70dp</dimen>
    <dimen name="x927">429.17dp</dimen>
    <dimen name="x928">429.63dp</dimen>
    <dimen name="x929">430.09dp</dimen>
    <dimen name="x930">430.56dp</dimen>
    <dimen name="x931">431.02dp</dimen>
    <dimen name="x932">431.48dp</dimen>
    <dimen name="x933">431.94dp</dimen>
    <dimen name="x934">432.41dp</dimen>
    <dimen name="x935">432.87dp</dimen>
    <dimen name="x936">433.33dp</dimen>
    <dimen name="x937">433.80dp</dimen>
    <dimen name="x938">434.26dp</dimen>
    <dimen name="x939">434.72dp</dimen>
    <dimen name="x940">435.19dp</dimen>
    <dimen name="x941">435.65dp</dimen>
    <dimen name="x942">436.11dp</dimen>
    <dimen name="x943">436.57dp</dimen>
    <dimen name="x944">437.04dp</dimen>
    <dimen name="x945">437.50dp</dimen>
    <dimen name="x946">437.96dp</dimen>
    <dimen name="x947">438.43dp</dimen>
    <dimen name="x948">438.89dp</dimen>
    <dimen name="x949">439.35dp</dimen>
    <dimen name="x950">439.81dp</dimen>
    <dimen name="x951">440.28dp</dimen>
    <dimen name="x952">440.74dp</dimen>
    <dimen name="x953">441.20dp</dimen>
    <dimen name="x954">441.67dp</dimen>
    <dimen name="x955">442.13dp</dimen>
    <dimen name="x956">442.59dp</dimen>
    <dimen name="x957">443.06dp</dimen>
    <dimen name="x958">443.52dp</dimen>
    <dimen name="x959">443.98dp</dimen>
    <dimen name="x960">444.44dp</dimen>
    <dimen name="x961">444.91dp</dimen>
    <dimen name="x962">445.37dp</dimen>
    <dimen name="x963">445.83dp</dimen>
    <dimen name="x964">446.30dp</dimen>
    <dimen name="x965">446.76dp</dimen>
    <dimen name="x966">447.22dp</dimen>
    <dimen name="x967">447.69dp</dimen>
    <dimen name="x968">448.15dp</dimen>
    <dimen name="x969">448.61dp</dimen>
    <dimen name="x970">449.07dp</dimen>
    <dimen name="x971">449.54dp</dimen>
    <dimen name="x972">450.00dp</dimen>
    <dimen name="x973">450.46dp</dimen>
    <dimen name="x974">450.93dp</dimen>
    <dimen name="x975">451.39dp</dimen>
    <dimen name="x976">451.85dp</dimen>
    <dimen name="x977">452.31dp</dimen>
    <dimen name="x978">452.78dp</dimen>
    <dimen name="x979">453.24dp</dimen>
    <dimen name="x980">453.70dp</dimen>
    <dimen name="x981">454.17dp</dimen>
    <dimen name="x982">454.63dp</dimen>
    <dimen name="x983">455.09dp</dimen>
    <dimen name="x984">455.56dp</dimen>
    <dimen name="x985">456.02dp</dimen>
    <dimen name="x986">456.48dp</dimen>
    <dimen name="x987">456.94dp</dimen>
    <dimen name="x988">457.41dp</dimen>
    <dimen name="x989">457.87dp</dimen>
    <dimen name="x990">458.33dp</dimen>
    <dimen name="x991">458.80dp</dimen>
    <dimen name="x992">459.26dp</dimen>
    <dimen name="x993">459.72dp</dimen>
    <dimen name="x994">460.19dp</dimen>
    <dimen name="x995">460.65dp</dimen>
    <dimen name="x996">461.11dp</dimen>
    <dimen name="x997">461.57dp</dimen>
    <dimen name="x998">462.04dp</dimen>
    <dimen name="x999">462.50dp</dimen>
    <dimen name="x1000">462.96dp</dimen>
    <dimen name="x1001">463.43dp</dimen>
    <dimen name="x1002">463.89dp</dimen>
    <dimen name="x1003">464.35dp</dimen>
    <dimen name="x1004">464.81dp</dimen>
    <dimen name="x1005">465.28dp</dimen>
    <dimen name="x1006">465.74dp</dimen>
    <dimen name="x1007">466.20dp</dimen>
    <dimen name="x1008">466.67dp</dimen>
    <dimen name="x1009">467.13dp</dimen>
    <dimen name="x1010">467.59dp</dimen>
    <dimen name="x1011">468.06dp</dimen>
    <dimen name="x1012">468.52dp</dimen>
    <dimen name="x1013">468.98dp</dimen>
    <dimen name="x1014">469.44dp</dimen>
    <dimen name="x1015">469.91dp</dimen>
    <dimen name="x1016">470.37dp</dimen>
    <dimen name="x1017">470.83dp</dimen>
    <dimen name="x1018">471.30dp</dimen>
    <dimen name="x1019">471.76dp</dimen>
    <dimen name="x1020">472.22dp</dimen>
    <dimen name="x1021">472.69dp</dimen>
    <dimen name="x1022">473.15dp</dimen>
    <dimen name="x1023">473.61dp</dimen>
    <dimen name="x1024">474.07dp</dimen>
    <dimen name="x1025">474.54dp</dimen>
    <dimen name="x1026">475.00dp</dimen>
    <dimen name="x1027">475.46dp</dimen>
    <dimen name="x1028">475.93dp</dimen>
    <dimen name="x1029">476.39dp</dimen>
    <dimen name="x1030">476.85dp</dimen>
    <dimen name="x1031">477.31dp</dimen>
    <dimen name="x1032">477.78dp</dimen>
    <dimen name="x1033">478.24dp</dimen>
    <dimen name="x1034">478.70dp</dimen>
    <dimen name="x1035">479.17dp</dimen>
    <dimen name="x1036">479.63dp</dimen>
    <dimen name="x1037">480.09dp</dimen>
    <dimen name="x1038">480.56dp</dimen>
    <dimen name="x1039">481.02dp</dimen>
    <dimen name="x1040">481.48dp</dimen>
    <dimen name="x1041">481.94dp</dimen>
    <dimen name="x1042">482.41dp</dimen>
    <dimen name="x1043">482.87dp</dimen>
    <dimen name="x1044">483.33dp</dimen>
    <dimen name="x1045">483.80dp</dimen>
    <dimen name="x1046">484.26dp</dimen>
    <dimen name="x1047">484.72dp</dimen>
    <dimen name="x1048">485.19dp</dimen>
    <dimen name="x1049">485.65dp</dimen>
    <dimen name="x1050">486.11dp</dimen>
    <dimen name="x1051">486.57dp</dimen>
    <dimen name="x1052">487.04dp</dimen>
    <dimen name="x1053">487.50dp</dimen>
    <dimen name="x1054">487.96dp</dimen>
    <dimen name="x1055">488.43dp</dimen>
    <dimen name="x1056">488.89dp</dimen>
    <dimen name="x1057">489.35dp</dimen>
    <dimen name="x1058">489.81dp</dimen>
    <dimen name="x1059">490.28dp</dimen>
    <dimen name="x1060">490.74dp</dimen>
    <dimen name="x1061">491.20dp</dimen>
    <dimen name="x1062">491.67dp</dimen>
    <dimen name="x1063">492.13dp</dimen>
    <dimen name="x1064">492.59dp</dimen>
    <dimen name="x1065">493.06dp</dimen>
    <dimen name="x1066">493.52dp</dimen>
    <dimen name="x1067">493.98dp</dimen>
    <dimen name="x1068">494.44dp</dimen>
    <dimen name="x1069">494.91dp</dimen>
    <dimen name="x1070">495.37dp</dimen>
    <dimen name="x1071">495.83dp</dimen>
    <dimen name="x1072">496.30dp</dimen>
    <dimen name="x1073">496.76dp</dimen>
    <dimen name="x1074">497.22dp</dimen>
    <dimen name="x1075">497.69dp</dimen>
    <dimen name="x1076">498.15dp</dimen>
    <dimen name="x1077">498.61dp</dimen>
    <dimen name="x1078">499.07dp</dimen>
    <dimen name="x1079">499.54dp</dimen>
    <dimen name="x1080">500.00dp</dimen>
</resources>