<?xml version="1.0" encoding="utf-8"?>
<resources>
    <string name="sw_dp">710dp</string>
    <dimen name="x1">0.66dp</dimen>
    <dimen name="x2">1.31dp</dimen>
    <dimen name="x3">1.97dp</dimen>
    <dimen name="x4">2.63dp</dimen>
    <dimen name="x5">3.29dp</dimen>
    <dimen name="x6">3.94dp</dimen>
    <dimen name="x7">4.60dp</dimen>
    <dimen name="x8">5.26dp</dimen>
    <dimen name="x9">5.92dp</dimen>
    <dimen name="x10">6.57dp</dimen>
    <dimen name="x11">7.23dp</dimen>
    <dimen name="x12">7.89dp</dimen>
    <dimen name="x13">8.55dp</dimen>
    <dimen name="x14">9.20dp</dimen>
    <dimen name="x15">9.86dp</dimen>
    <dimen name="x16">10.52dp</dimen>
    <dimen name="x17">11.18dp</dimen>
    <dimen name="x18">11.83dp</dimen>
    <dimen name="x19">12.49dp</dimen>
    <dimen name="x20">13.15dp</dimen>
    <dimen name="x21">13.81dp</dimen>
    <dimen name="x22">14.46dp</dimen>
    <dimen name="x23">15.12dp</dimen>
    <dimen name="x24">15.78dp</dimen>
    <dimen name="x25">16.44dp</dimen>
    <dimen name="x26">17.09dp</dimen>
    <dimen name="x27">17.75dp</dimen>
    <dimen name="x28">18.41dp</dimen>
    <dimen name="x29">19.06dp</dimen>
    <dimen name="x30">19.72dp</dimen>
    <dimen name="x31">20.38dp</dimen>
    <dimen name="x32">21.04dp</dimen>
    <dimen name="x33">21.69dp</dimen>
    <dimen name="x34">22.35dp</dimen>
    <dimen name="x35">23.01dp</dimen>
    <dimen name="x36">23.67dp</dimen>
    <dimen name="x37">24.32dp</dimen>
    <dimen name="x38">24.98dp</dimen>
    <dimen name="x39">25.64dp</dimen>
    <dimen name="x40">26.30dp</dimen>
    <dimen name="x41">26.95dp</dimen>
    <dimen name="x42">27.61dp</dimen>
    <dimen name="x43">28.27dp</dimen>
    <dimen name="x44">28.93dp</dimen>
    <dimen name="x45">29.58dp</dimen>
    <dimen name="x46">30.24dp</dimen>
    <dimen name="x47">30.90dp</dimen>
    <dimen name="x48">31.56dp</dimen>
    <dimen name="x49">32.21dp</dimen>
    <dimen name="x50">32.87dp</dimen>
    <dimen name="x51">33.53dp</dimen>
    <dimen name="x52">34.19dp</dimen>
    <dimen name="x53">34.84dp</dimen>
    <dimen name="x54">35.50dp</dimen>
    <dimen name="x55">36.16dp</dimen>
    <dimen name="x56">36.81dp</dimen>
    <dimen name="x57">37.47dp</dimen>
    <dimen name="x58">38.13dp</dimen>
    <dimen name="x59">38.79dp</dimen>
    <dimen name="x60">39.44dp</dimen>
    <dimen name="x61">40.10dp</dimen>
    <dimen name="x62">40.76dp</dimen>
    <dimen name="x63">41.42dp</dimen>
    <dimen name="x64">42.07dp</dimen>
    <dimen name="x65">42.73dp</dimen>
    <dimen name="x66">43.39dp</dimen>
    <dimen name="x67">44.05dp</dimen>
    <dimen name="x68">44.70dp</dimen>
    <dimen name="x69">45.36dp</dimen>
    <dimen name="x70">46.02dp</dimen>
    <dimen name="x71">46.68dp</dimen>
    <dimen name="x72">47.33dp</dimen>
    <dimen name="x73">47.99dp</dimen>
    <dimen name="x74">48.65dp</dimen>
    <dimen name="x75">49.31dp</dimen>
    <dimen name="x76">49.96dp</dimen>
    <dimen name="x77">50.62dp</dimen>
    <dimen name="x78">51.28dp</dimen>
    <dimen name="x79">51.94dp</dimen>
    <dimen name="x80">52.59dp</dimen>
    <dimen name="x81">53.25dp</dimen>
    <dimen name="x82">53.91dp</dimen>
    <dimen name="x83">54.56dp</dimen>
    <dimen name="x84">55.22dp</dimen>
    <dimen name="x85">55.88dp</dimen>
    <dimen name="x86">56.54dp</dimen>
    <dimen name="x87">57.19dp</dimen>
    <dimen name="x88">57.85dp</dimen>
    <dimen name="x89">58.51dp</dimen>
    <dimen name="x90">59.17dp</dimen>
    <dimen name="x91">59.82dp</dimen>
    <dimen name="x92">60.48dp</dimen>
    <dimen name="x93">61.14dp</dimen>
    <dimen name="x94">61.80dp</dimen>
    <dimen name="x95">62.45dp</dimen>
    <dimen name="x96">63.11dp</dimen>
    <dimen name="x97">63.77dp</dimen>
    <dimen name="x98">64.43dp</dimen>
    <dimen name="x99">65.08dp</dimen>
    <dimen name="x100">65.74dp</dimen>
    <dimen name="x101">66.40dp</dimen>
    <dimen name="x102">67.06dp</dimen>
    <dimen name="x103">67.71dp</dimen>
    <dimen name="x104">68.37dp</dimen>
    <dimen name="x105">69.03dp</dimen>
    <dimen name="x106">69.69dp</dimen>
    <dimen name="x107">70.34dp</dimen>
    <dimen name="x108">71.00dp</dimen>
    <dimen name="x109">71.66dp</dimen>
    <dimen name="x110">72.31dp</dimen>
    <dimen name="x111">72.97dp</dimen>
    <dimen name="x112">73.63dp</dimen>
    <dimen name="x113">74.29dp</dimen>
    <dimen name="x114">74.94dp</dimen>
    <dimen name="x115">75.60dp</dimen>
    <dimen name="x116">76.26dp</dimen>
    <dimen name="x117">76.92dp</dimen>
    <dimen name="x118">77.57dp</dimen>
    <dimen name="x119">78.23dp</dimen>
    <dimen name="x120">78.89dp</dimen>
    <dimen name="x121">79.55dp</dimen>
    <dimen name="x122">80.20dp</dimen>
    <dimen name="x123">80.86dp</dimen>
    <dimen name="x124">81.52dp</dimen>
    <dimen name="x125">82.18dp</dimen>
    <dimen name="x126">82.83dp</dimen>
    <dimen name="x127">83.49dp</dimen>
    <dimen name="x128">84.15dp</dimen>
    <dimen name="x129">84.81dp</dimen>
    <dimen name="x130">85.46dp</dimen>
    <dimen name="x131">86.12dp</dimen>
    <dimen name="x132">86.78dp</dimen>
    <dimen name="x133">87.44dp</dimen>
    <dimen name="x134">88.09dp</dimen>
    <dimen name="x135">88.75dp</dimen>
    <dimen name="x136">89.41dp</dimen>
    <dimen name="x137">90.06dp</dimen>
    <dimen name="x138">90.72dp</dimen>
    <dimen name="x139">91.38dp</dimen>
    <dimen name="x140">92.04dp</dimen>
    <dimen name="x141">92.69dp</dimen>
    <dimen name="x142">93.35dp</dimen>
    <dimen name="x143">94.01dp</dimen>
    <dimen name="x144">94.67dp</dimen>
    <dimen name="x145">95.32dp</dimen>
    <dimen name="x146">95.98dp</dimen>
    <dimen name="x147">96.64dp</dimen>
    <dimen name="x148">97.30dp</dimen>
    <dimen name="x149">97.95dp</dimen>
    <dimen name="x150">98.61dp</dimen>
    <dimen name="x151">99.27dp</dimen>
    <dimen name="x152">99.93dp</dimen>
    <dimen name="x153">100.58dp</dimen>
    <dimen name="x154">101.24dp</dimen>
    <dimen name="x155">101.90dp</dimen>
    <dimen name="x156">102.56dp</dimen>
    <dimen name="x157">103.21dp</dimen>
    <dimen name="x158">103.87dp</dimen>
    <dimen name="x159">104.53dp</dimen>
    <dimen name="x160">105.19dp</dimen>
    <dimen name="x161">105.84dp</dimen>
    <dimen name="x162">106.50dp</dimen>
    <dimen name="x163">107.16dp</dimen>
    <dimen name="x164">107.81dp</dimen>
    <dimen name="x165">108.47dp</dimen>
    <dimen name="x166">109.13dp</dimen>
    <dimen name="x167">109.79dp</dimen>
    <dimen name="x168">110.44dp</dimen>
    <dimen name="x169">111.10dp</dimen>
    <dimen name="x170">111.76dp</dimen>
    <dimen name="x171">112.42dp</dimen>
    <dimen name="x172">113.07dp</dimen>
    <dimen name="x173">113.73dp</dimen>
    <dimen name="x174">114.39dp</dimen>
    <dimen name="x175">115.05dp</dimen>
    <dimen name="x176">115.70dp</dimen>
    <dimen name="x177">116.36dp</dimen>
    <dimen name="x178">117.02dp</dimen>
    <dimen name="x179">117.68dp</dimen>
    <dimen name="x180">118.33dp</dimen>
    <dimen name="x181">118.99dp</dimen>
    <dimen name="x182">119.65dp</dimen>
    <dimen name="x183">120.31dp</dimen>
    <dimen name="x184">120.96dp</dimen>
    <dimen name="x185">121.62dp</dimen>
    <dimen name="x186">122.28dp</dimen>
    <dimen name="x187">122.94dp</dimen>
    <dimen name="x188">123.59dp</dimen>
    <dimen name="x189">124.25dp</dimen>
    <dimen name="x190">124.91dp</dimen>
    <dimen name="x191">125.56dp</dimen>
    <dimen name="x192">126.22dp</dimen>
    <dimen name="x193">126.88dp</dimen>
    <dimen name="x194">127.54dp</dimen>
    <dimen name="x195">128.19dp</dimen>
    <dimen name="x196">128.85dp</dimen>
    <dimen name="x197">129.51dp</dimen>
    <dimen name="x198">130.17dp</dimen>
    <dimen name="x199">130.82dp</dimen>
    <dimen name="x200">131.48dp</dimen>
    <dimen name="x201">132.14dp</dimen>
    <dimen name="x202">132.80dp</dimen>
    <dimen name="x203">133.45dp</dimen>
    <dimen name="x204">134.11dp</dimen>
    <dimen name="x205">134.77dp</dimen>
    <dimen name="x206">135.43dp</dimen>
    <dimen name="x207">136.08dp</dimen>
    <dimen name="x208">136.74dp</dimen>
    <dimen name="x209">137.40dp</dimen>
    <dimen name="x210">138.06dp</dimen>
    <dimen name="x211">138.71dp</dimen>
    <dimen name="x212">139.37dp</dimen>
    <dimen name="x213">140.03dp</dimen>
    <dimen name="x214">140.69dp</dimen>
    <dimen name="x215">141.34dp</dimen>
    <dimen name="x216">142.00dp</dimen>
    <dimen name="x217">142.66dp</dimen>
    <dimen name="x218">143.31dp</dimen>
    <dimen name="x219">143.97dp</dimen>
    <dimen name="x220">144.63dp</dimen>
    <dimen name="x221">145.29dp</dimen>
    <dimen name="x222">145.94dp</dimen>
    <dimen name="x223">146.60dp</dimen>
    <dimen name="x224">147.26dp</dimen>
    <dimen name="x225">147.92dp</dimen>
    <dimen name="x226">148.57dp</dimen>
    <dimen name="x227">149.23dp</dimen>
    <dimen name="x228">149.89dp</dimen>
    <dimen name="x229">150.55dp</dimen>
    <dimen name="x230">151.20dp</dimen>
    <dimen name="x231">151.86dp</dimen>
    <dimen name="x232">152.52dp</dimen>
    <dimen name="x233">153.18dp</dimen>
    <dimen name="x234">153.83dp</dimen>
    <dimen name="x235">154.49dp</dimen>
    <dimen name="x236">155.15dp</dimen>
    <dimen name="x237">155.81dp</dimen>
    <dimen name="x238">156.46dp</dimen>
    <dimen name="x239">157.12dp</dimen>
    <dimen name="x240">157.78dp</dimen>
    <dimen name="x241">158.44dp</dimen>
    <dimen name="x242">159.09dp</dimen>
    <dimen name="x243">159.75dp</dimen>
    <dimen name="x244">160.41dp</dimen>
    <dimen name="x245">161.06dp</dimen>
    <dimen name="x246">161.72dp</dimen>
    <dimen name="x247">162.38dp</dimen>
    <dimen name="x248">163.04dp</dimen>
    <dimen name="x249">163.69dp</dimen>
    <dimen name="x250">164.35dp</dimen>
    <dimen name="x251">165.01dp</dimen>
    <dimen name="x252">165.67dp</dimen>
    <dimen name="x253">166.32dp</dimen>
    <dimen name="x254">166.98dp</dimen>
    <dimen name="x255">167.64dp</dimen>
    <dimen name="x256">168.30dp</dimen>
    <dimen name="x257">168.95dp</dimen>
    <dimen name="x258">169.61dp</dimen>
    <dimen name="x259">170.27dp</dimen>
    <dimen name="x260">170.93dp</dimen>
    <dimen name="x261">171.58dp</dimen>
    <dimen name="x262">172.24dp</dimen>
    <dimen name="x263">172.90dp</dimen>
    <dimen name="x264">173.56dp</dimen>
    <dimen name="x265">174.21dp</dimen>
    <dimen name="x266">174.87dp</dimen>
    <dimen name="x267">175.53dp</dimen>
    <dimen name="x268">176.19dp</dimen>
    <dimen name="x269">176.84dp</dimen>
    <dimen name="x270">177.50dp</dimen>
    <dimen name="x271">178.16dp</dimen>
    <dimen name="x272">178.81dp</dimen>
    <dimen name="x273">179.47dp</dimen>
    <dimen name="x274">180.13dp</dimen>
    <dimen name="x275">180.79dp</dimen>
    <dimen name="x276">181.44dp</dimen>
    <dimen name="x277">182.10dp</dimen>
    <dimen name="x278">182.76dp</dimen>
    <dimen name="x279">183.42dp</dimen>
    <dimen name="x280">184.07dp</dimen>
    <dimen name="x281">184.73dp</dimen>
    <dimen name="x282">185.39dp</dimen>
    <dimen name="x283">186.05dp</dimen>
    <dimen name="x284">186.70dp</dimen>
    <dimen name="x285">187.36dp</dimen>
    <dimen name="x286">188.02dp</dimen>
    <dimen name="x287">188.68dp</dimen>
    <dimen name="x288">189.33dp</dimen>
    <dimen name="x289">189.99dp</dimen>
    <dimen name="x290">190.65dp</dimen>
    <dimen name="x291">191.31dp</dimen>
    <dimen name="x292">191.96dp</dimen>
    <dimen name="x293">192.62dp</dimen>
    <dimen name="x294">193.28dp</dimen>
    <dimen name="x295">193.94dp</dimen>
    <dimen name="x296">194.59dp</dimen>
    <dimen name="x297">195.25dp</dimen>
    <dimen name="x298">195.91dp</dimen>
    <dimen name="x299">196.56dp</dimen>
    <dimen name="x300">197.22dp</dimen>
    <dimen name="x301">197.88dp</dimen>
    <dimen name="x302">198.54dp</dimen>
    <dimen name="x303">199.19dp</dimen>
    <dimen name="x304">199.85dp</dimen>
    <dimen name="x305">200.51dp</dimen>
    <dimen name="x306">201.17dp</dimen>
    <dimen name="x307">201.82dp</dimen>
    <dimen name="x308">202.48dp</dimen>
    <dimen name="x309">203.14dp</dimen>
    <dimen name="x310">203.80dp</dimen>
    <dimen name="x311">204.45dp</dimen>
    <dimen name="x312">205.11dp</dimen>
    <dimen name="x313">205.77dp</dimen>
    <dimen name="x314">206.43dp</dimen>
    <dimen name="x315">207.08dp</dimen>
    <dimen name="x316">207.74dp</dimen>
    <dimen name="x317">208.40dp</dimen>
    <dimen name="x318">209.06dp</dimen>
    <dimen name="x319">209.71dp</dimen>
    <dimen name="x320">210.37dp</dimen>
    <dimen name="x321">211.03dp</dimen>
    <dimen name="x322">211.69dp</dimen>
    <dimen name="x323">212.34dp</dimen>
    <dimen name="x324">213.00dp</dimen>
    <dimen name="x325">213.66dp</dimen>
    <dimen name="x326">214.31dp</dimen>
    <dimen name="x327">214.97dp</dimen>
    <dimen name="x328">215.63dp</dimen>
    <dimen name="x329">216.29dp</dimen>
    <dimen name="x330">216.94dp</dimen>
    <dimen name="x331">217.60dp</dimen>
    <dimen name="x332">218.26dp</dimen>
    <dimen name="x333">218.92dp</dimen>
    <dimen name="x334">219.57dp</dimen>
    <dimen name="x335">220.23dp</dimen>
    <dimen name="x336">220.89dp</dimen>
    <dimen name="x337">221.55dp</dimen>
    <dimen name="x338">222.20dp</dimen>
    <dimen name="x339">222.86dp</dimen>
    <dimen name="x340">223.52dp</dimen>
    <dimen name="x341">224.18dp</dimen>
    <dimen name="x342">224.83dp</dimen>
    <dimen name="x343">225.49dp</dimen>
    <dimen name="x344">226.15dp</dimen>
    <dimen name="x345">226.81dp</dimen>
    <dimen name="x346">227.46dp</dimen>
    <dimen name="x347">228.12dp</dimen>
    <dimen name="x348">228.78dp</dimen>
    <dimen name="x349">229.44dp</dimen>
    <dimen name="x350">230.09dp</dimen>
    <dimen name="x351">230.75dp</dimen>
    <dimen name="x352">231.41dp</dimen>
    <dimen name="x353">232.06dp</dimen>
    <dimen name="x354">232.72dp</dimen>
    <dimen name="x355">233.38dp</dimen>
    <dimen name="x356">234.04dp</dimen>
    <dimen name="x357">234.69dp</dimen>
    <dimen name="x358">235.35dp</dimen>
    <dimen name="x359">236.01dp</dimen>
    <dimen name="x360">236.67dp</dimen>
    <dimen name="x361">237.32dp</dimen>
    <dimen name="x362">237.98dp</dimen>
    <dimen name="x363">238.64dp</dimen>
    <dimen name="x364">239.30dp</dimen>
    <dimen name="x365">239.95dp</dimen>
    <dimen name="x366">240.61dp</dimen>
    <dimen name="x367">241.27dp</dimen>
    <dimen name="x368">241.93dp</dimen>
    <dimen name="x369">242.58dp</dimen>
    <dimen name="x370">243.24dp</dimen>
    <dimen name="x371">243.90dp</dimen>
    <dimen name="x372">244.56dp</dimen>
    <dimen name="x373">245.21dp</dimen>
    <dimen name="x374">245.87dp</dimen>
    <dimen name="x375">246.53dp</dimen>
    <dimen name="x376">247.19dp</dimen>
    <dimen name="x377">247.84dp</dimen>
    <dimen name="x378">248.50dp</dimen>
    <dimen name="x379">249.16dp</dimen>
    <dimen name="x380">249.81dp</dimen>
    <dimen name="x381">250.47dp</dimen>
    <dimen name="x382">251.13dp</dimen>
    <dimen name="x383">251.79dp</dimen>
    <dimen name="x384">252.44dp</dimen>
    <dimen name="x385">253.10dp</dimen>
    <dimen name="x386">253.76dp</dimen>
    <dimen name="x387">254.42dp</dimen>
    <dimen name="x388">255.07dp</dimen>
    <dimen name="x389">255.73dp</dimen>
    <dimen name="x390">256.39dp</dimen>
    <dimen name="x391">257.05dp</dimen>
    <dimen name="x392">257.70dp</dimen>
    <dimen name="x393">258.36dp</dimen>
    <dimen name="x394">259.02dp</dimen>
    <dimen name="x395">259.68dp</dimen>
    <dimen name="x396">260.33dp</dimen>
    <dimen name="x397">260.99dp</dimen>
    <dimen name="x398">261.65dp</dimen>
    <dimen name="x399">262.31dp</dimen>
    <dimen name="x400">262.96dp</dimen>
    <dimen name="x401">263.62dp</dimen>
    <dimen name="x402">264.28dp</dimen>
    <dimen name="x403">264.94dp</dimen>
    <dimen name="x404">265.59dp</dimen>
    <dimen name="x405">266.25dp</dimen>
    <dimen name="x406">266.91dp</dimen>
    <dimen name="x407">267.56dp</dimen>
    <dimen name="x408">268.22dp</dimen>
    <dimen name="x409">268.88dp</dimen>
    <dimen name="x410">269.54dp</dimen>
    <dimen name="x411">270.19dp</dimen>
    <dimen name="x412">270.85dp</dimen>
    <dimen name="x413">271.51dp</dimen>
    <dimen name="x414">272.17dp</dimen>
    <dimen name="x415">272.82dp</dimen>
    <dimen name="x416">273.48dp</dimen>
    <dimen name="x417">274.14dp</dimen>
    <dimen name="x418">274.80dp</dimen>
    <dimen name="x419">275.45dp</dimen>
    <dimen name="x420">276.11dp</dimen>
    <dimen name="x421">276.77dp</dimen>
    <dimen name="x422">277.43dp</dimen>
    <dimen name="x423">278.08dp</dimen>
    <dimen name="x424">278.74dp</dimen>
    <dimen name="x425">279.40dp</dimen>
    <dimen name="x426">280.06dp</dimen>
    <dimen name="x427">280.71dp</dimen>
    <dimen name="x428">281.37dp</dimen>
    <dimen name="x429">282.03dp</dimen>
    <dimen name="x430">282.69dp</dimen>
    <dimen name="x431">283.34dp</dimen>
    <dimen name="x432">284.00dp</dimen>
    <dimen name="x433">284.66dp</dimen>
    <dimen name="x434">285.31dp</dimen>
    <dimen name="x435">285.97dp</dimen>
    <dimen name="x436">286.63dp</dimen>
    <dimen name="x437">287.29dp</dimen>
    <dimen name="x438">287.94dp</dimen>
    <dimen name="x439">288.60dp</dimen>
    <dimen name="x440">289.26dp</dimen>
    <dimen name="x441">289.92dp</dimen>
    <dimen name="x442">290.57dp</dimen>
    <dimen name="x443">291.23dp</dimen>
    <dimen name="x444">291.89dp</dimen>
    <dimen name="x445">292.55dp</dimen>
    <dimen name="x446">293.20dp</dimen>
    <dimen name="x447">293.86dp</dimen>
    <dimen name="x448">294.52dp</dimen>
    <dimen name="x449">295.18dp</dimen>
    <dimen name="x450">295.83dp</dimen>
    <dimen name="x451">296.49dp</dimen>
    <dimen name="x452">297.15dp</dimen>
    <dimen name="x453">297.81dp</dimen>
    <dimen name="x454">298.46dp</dimen>
    <dimen name="x455">299.12dp</dimen>
    <dimen name="x456">299.78dp</dimen>
    <dimen name="x457">300.44dp</dimen>
    <dimen name="x458">301.09dp</dimen>
    <dimen name="x459">301.75dp</dimen>
    <dimen name="x460">302.41dp</dimen>
    <dimen name="x461">303.06dp</dimen>
    <dimen name="x462">303.72dp</dimen>
    <dimen name="x463">304.38dp</dimen>
    <dimen name="x464">305.04dp</dimen>
    <dimen name="x465">305.69dp</dimen>
    <dimen name="x466">306.35dp</dimen>
    <dimen name="x467">307.01dp</dimen>
    <dimen name="x468">307.67dp</dimen>
    <dimen name="x469">308.32dp</dimen>
    <dimen name="x470">308.98dp</dimen>
    <dimen name="x471">309.64dp</dimen>
    <dimen name="x472">310.30dp</dimen>
    <dimen name="x473">310.95dp</dimen>
    <dimen name="x474">311.61dp</dimen>
    <dimen name="x475">312.27dp</dimen>
    <dimen name="x476">312.93dp</dimen>
    <dimen name="x477">313.58dp</dimen>
    <dimen name="x478">314.24dp</dimen>
    <dimen name="x479">314.90dp</dimen>
    <dimen name="x480">315.56dp</dimen>
    <dimen name="x481">316.21dp</dimen>
    <dimen name="x482">316.87dp</dimen>
    <dimen name="x483">317.53dp</dimen>
    <dimen name="x484">318.19dp</dimen>
    <dimen name="x485">318.84dp</dimen>
    <dimen name="x486">319.50dp</dimen>
    <dimen name="x487">320.16dp</dimen>
    <dimen name="x488">320.81dp</dimen>
    <dimen name="x489">321.47dp</dimen>
    <dimen name="x490">322.13dp</dimen>
    <dimen name="x491">322.79dp</dimen>
    <dimen name="x492">323.44dp</dimen>
    <dimen name="x493">324.10dp</dimen>
    <dimen name="x494">324.76dp</dimen>
    <dimen name="x495">325.42dp</dimen>
    <dimen name="x496">326.07dp</dimen>
    <dimen name="x497">326.73dp</dimen>
    <dimen name="x498">327.39dp</dimen>
    <dimen name="x499">328.05dp</dimen>
    <dimen name="x500">328.70dp</dimen>
    <dimen name="x501">329.36dp</dimen>
    <dimen name="x502">330.02dp</dimen>
    <dimen name="x503">330.68dp</dimen>
    <dimen name="x504">331.33dp</dimen>
    <dimen name="x505">331.99dp</dimen>
    <dimen name="x506">332.65dp</dimen>
    <dimen name="x507">333.31dp</dimen>
    <dimen name="x508">333.96dp</dimen>
    <dimen name="x509">334.62dp</dimen>
    <dimen name="x510">335.28dp</dimen>
    <dimen name="x511">335.94dp</dimen>
    <dimen name="x512">336.59dp</dimen>
    <dimen name="x513">337.25dp</dimen>
    <dimen name="x514">337.91dp</dimen>
    <dimen name="x515">338.56dp</dimen>
    <dimen name="x516">339.22dp</dimen>
    <dimen name="x517">339.88dp</dimen>
    <dimen name="x518">340.54dp</dimen>
    <dimen name="x519">341.19dp</dimen>
    <dimen name="x520">341.85dp</dimen>
    <dimen name="x521">342.51dp</dimen>
    <dimen name="x522">343.17dp</dimen>
    <dimen name="x523">343.82dp</dimen>
    <dimen name="x524">344.48dp</dimen>
    <dimen name="x525">345.14dp</dimen>
    <dimen name="x526">345.80dp</dimen>
    <dimen name="x527">346.45dp</dimen>
    <dimen name="x528">347.11dp</dimen>
    <dimen name="x529">347.77dp</dimen>
    <dimen name="x530">348.43dp</dimen>
    <dimen name="x531">349.08dp</dimen>
    <dimen name="x532">349.74dp</dimen>
    <dimen name="x533">350.40dp</dimen>
    <dimen name="x534">351.06dp</dimen>
    <dimen name="x535">351.71dp</dimen>
    <dimen name="x536">352.37dp</dimen>
    <dimen name="x537">353.03dp</dimen>
    <dimen name="x538">353.69dp</dimen>
    <dimen name="x539">354.34dp</dimen>
    <dimen name="x540">355.00dp</dimen>
    <dimen name="x541">355.66dp</dimen>
    <dimen name="x542">356.31dp</dimen>
    <dimen name="x543">356.97dp</dimen>
    <dimen name="x544">357.63dp</dimen>
    <dimen name="x545">358.29dp</dimen>
    <dimen name="x546">358.94dp</dimen>
    <dimen name="x547">359.60dp</dimen>
    <dimen name="x548">360.26dp</dimen>
    <dimen name="x549">360.92dp</dimen>
    <dimen name="x550">361.57dp</dimen>
    <dimen name="x551">362.23dp</dimen>
    <dimen name="x552">362.89dp</dimen>
    <dimen name="x553">363.55dp</dimen>
    <dimen name="x554">364.20dp</dimen>
    <dimen name="x555">364.86dp</dimen>
    <dimen name="x556">365.52dp</dimen>
    <dimen name="x557">366.18dp</dimen>
    <dimen name="x558">366.83dp</dimen>
    <dimen name="x559">367.49dp</dimen>
    <dimen name="x560">368.15dp</dimen>
    <dimen name="x561">368.81dp</dimen>
    <dimen name="x562">369.46dp</dimen>
    <dimen name="x563">370.12dp</dimen>
    <dimen name="x564">370.78dp</dimen>
    <dimen name="x565">371.44dp</dimen>
    <dimen name="x566">372.09dp</dimen>
    <dimen name="x567">372.75dp</dimen>
    <dimen name="x568">373.41dp</dimen>
    <dimen name="x569">374.06dp</dimen>
    <dimen name="x570">374.72dp</dimen>
    <dimen name="x571">375.38dp</dimen>
    <dimen name="x572">376.04dp</dimen>
    <dimen name="x573">376.69dp</dimen>
    <dimen name="x574">377.35dp</dimen>
    <dimen name="x575">378.01dp</dimen>
    <dimen name="x576">378.67dp</dimen>
    <dimen name="x577">379.32dp</dimen>
    <dimen name="x578">379.98dp</dimen>
    <dimen name="x579">380.64dp</dimen>
    <dimen name="x580">381.30dp</dimen>
    <dimen name="x581">381.95dp</dimen>
    <dimen name="x582">382.61dp</dimen>
    <dimen name="x583">383.27dp</dimen>
    <dimen name="x584">383.93dp</dimen>
    <dimen name="x585">384.58dp</dimen>
    <dimen name="x586">385.24dp</dimen>
    <dimen name="x587">385.90dp</dimen>
    <dimen name="x588">386.56dp</dimen>
    <dimen name="x589">387.21dp</dimen>
    <dimen name="x590">387.87dp</dimen>
    <dimen name="x591">388.53dp</dimen>
    <dimen name="x592">389.19dp</dimen>
    <dimen name="x593">389.84dp</dimen>
    <dimen name="x594">390.50dp</dimen>
    <dimen name="x595">391.16dp</dimen>
    <dimen name="x596">391.81dp</dimen>
    <dimen name="x597">392.47dp</dimen>
    <dimen name="x598">393.13dp</dimen>
    <dimen name="x599">393.79dp</dimen>
    <dimen name="x600">394.44dp</dimen>
    <dimen name="x601">395.10dp</dimen>
    <dimen name="x602">395.76dp</dimen>
    <dimen name="x603">396.42dp</dimen>
    <dimen name="x604">397.07dp</dimen>
    <dimen name="x605">397.73dp</dimen>
    <dimen name="x606">398.39dp</dimen>
    <dimen name="x607">399.05dp</dimen>
    <dimen name="x608">399.70dp</dimen>
    <dimen name="x609">400.36dp</dimen>
    <dimen name="x610">401.02dp</dimen>
    <dimen name="x611">401.68dp</dimen>
    <dimen name="x612">402.33dp</dimen>
    <dimen name="x613">402.99dp</dimen>
    <dimen name="x614">403.65dp</dimen>
    <dimen name="x615">404.31dp</dimen>
    <dimen name="x616">404.96dp</dimen>
    <dimen name="x617">405.62dp</dimen>
    <dimen name="x618">406.28dp</dimen>
    <dimen name="x619">406.94dp</dimen>
    <dimen name="x620">407.59dp</dimen>
    <dimen name="x621">408.25dp</dimen>
    <dimen name="x622">408.91dp</dimen>
    <dimen name="x623">409.56dp</dimen>
    <dimen name="x624">410.22dp</dimen>
    <dimen name="x625">410.88dp</dimen>
    <dimen name="x626">411.54dp</dimen>
    <dimen name="x627">412.19dp</dimen>
    <dimen name="x628">412.85dp</dimen>
    <dimen name="x629">413.51dp</dimen>
    <dimen name="x630">414.17dp</dimen>
    <dimen name="x631">414.82dp</dimen>
    <dimen name="x632">415.48dp</dimen>
    <dimen name="x633">416.14dp</dimen>
    <dimen name="x634">416.80dp</dimen>
    <dimen name="x635">417.45dp</dimen>
    <dimen name="x636">418.11dp</dimen>
    <dimen name="x637">418.77dp</dimen>
    <dimen name="x638">419.43dp</dimen>
    <dimen name="x639">420.08dp</dimen>
    <dimen name="x640">420.74dp</dimen>
    <dimen name="x641">421.40dp</dimen>
    <dimen name="x642">422.06dp</dimen>
    <dimen name="x643">422.71dp</dimen>
    <dimen name="x644">423.37dp</dimen>
    <dimen name="x645">424.03dp</dimen>
    <dimen name="x646">424.69dp</dimen>
    <dimen name="x647">425.34dp</dimen>
    <dimen name="x648">426.00dp</dimen>
    <dimen name="x649">426.66dp</dimen>
    <dimen name="x650">427.31dp</dimen>
    <dimen name="x651">427.97dp</dimen>
    <dimen name="x652">428.63dp</dimen>
    <dimen name="x653">429.29dp</dimen>
    <dimen name="x654">429.94dp</dimen>
    <dimen name="x655">430.60dp</dimen>
    <dimen name="x656">431.26dp</dimen>
    <dimen name="x657">431.92dp</dimen>
    <dimen name="x658">432.57dp</dimen>
    <dimen name="x659">433.23dp</dimen>
    <dimen name="x660">433.89dp</dimen>
    <dimen name="x661">434.55dp</dimen>
    <dimen name="x662">435.20dp</dimen>
    <dimen name="x663">435.86dp</dimen>
    <dimen name="x664">436.52dp</dimen>
    <dimen name="x665">437.18dp</dimen>
    <dimen name="x666">437.83dp</dimen>
    <dimen name="x667">438.49dp</dimen>
    <dimen name="x668">439.15dp</dimen>
    <dimen name="x669">439.81dp</dimen>
    <dimen name="x670">440.46dp</dimen>
    <dimen name="x671">441.12dp</dimen>
    <dimen name="x672">441.78dp</dimen>
    <dimen name="x673">442.44dp</dimen>
    <dimen name="x674">443.09dp</dimen>
    <dimen name="x675">443.75dp</dimen>
    <dimen name="x676">444.41dp</dimen>
    <dimen name="x677">445.06dp</dimen>
    <dimen name="x678">445.72dp</dimen>
    <dimen name="x679">446.38dp</dimen>
    <dimen name="x680">447.04dp</dimen>
    <dimen name="x681">447.69dp</dimen>
    <dimen name="x682">448.35dp</dimen>
    <dimen name="x683">449.01dp</dimen>
    <dimen name="x684">449.67dp</dimen>
    <dimen name="x685">450.32dp</dimen>
    <dimen name="x686">450.98dp</dimen>
    <dimen name="x687">451.64dp</dimen>
    <dimen name="x688">452.30dp</dimen>
    <dimen name="x689">452.95dp</dimen>
    <dimen name="x690">453.61dp</dimen>
    <dimen name="x691">454.27dp</dimen>
    <dimen name="x692">454.93dp</dimen>
    <dimen name="x693">455.58dp</dimen>
    <dimen name="x694">456.24dp</dimen>
    <dimen name="x695">456.90dp</dimen>
    <dimen name="x696">457.56dp</dimen>
    <dimen name="x697">458.21dp</dimen>
    <dimen name="x698">458.87dp</dimen>
    <dimen name="x699">459.53dp</dimen>
    <dimen name="x700">460.19dp</dimen>
    <dimen name="x701">460.84dp</dimen>
    <dimen name="x702">461.50dp</dimen>
    <dimen name="x703">462.16dp</dimen>
    <dimen name="x704">462.81dp</dimen>
    <dimen name="x705">463.47dp</dimen>
    <dimen name="x706">464.13dp</dimen>
    <dimen name="x707">464.79dp</dimen>
    <dimen name="x708">465.44dp</dimen>
    <dimen name="x709">466.10dp</dimen>
    <dimen name="x710">466.76dp</dimen>
    <dimen name="x711">467.42dp</dimen>
    <dimen name="x712">468.07dp</dimen>
    <dimen name="x713">468.73dp</dimen>
    <dimen name="x714">469.39dp</dimen>
    <dimen name="x715">470.05dp</dimen>
    <dimen name="x716">470.70dp</dimen>
    <dimen name="x717">471.36dp</dimen>
    <dimen name="x718">472.02dp</dimen>
    <dimen name="x719">472.68dp</dimen>
    <dimen name="x720">473.33dp</dimen>
    <dimen name="x721">473.99dp</dimen>
    <dimen name="x722">474.65dp</dimen>
    <dimen name="x723">475.31dp</dimen>
    <dimen name="x724">475.96dp</dimen>
    <dimen name="x725">476.62dp</dimen>
    <dimen name="x726">477.28dp</dimen>
    <dimen name="x727">477.94dp</dimen>
    <dimen name="x728">478.59dp</dimen>
    <dimen name="x729">479.25dp</dimen>
    <dimen name="x730">479.91dp</dimen>
    <dimen name="x731">480.56dp</dimen>
    <dimen name="x732">481.22dp</dimen>
    <dimen name="x733">481.88dp</dimen>
    <dimen name="x734">482.54dp</dimen>
    <dimen name="x735">483.19dp</dimen>
    <dimen name="x736">483.85dp</dimen>
    <dimen name="x737">484.51dp</dimen>
    <dimen name="x738">485.17dp</dimen>
    <dimen name="x739">485.82dp</dimen>
    <dimen name="x740">486.48dp</dimen>
    <dimen name="x741">487.14dp</dimen>
    <dimen name="x742">487.80dp</dimen>
    <dimen name="x743">488.45dp</dimen>
    <dimen name="x744">489.11dp</dimen>
    <dimen name="x745">489.77dp</dimen>
    <dimen name="x746">490.43dp</dimen>
    <dimen name="x747">491.08dp</dimen>
    <dimen name="x748">491.74dp</dimen>
    <dimen name="x749">492.40dp</dimen>
    <dimen name="x750">493.06dp</dimen>
    <dimen name="x751">493.71dp</dimen>
    <dimen name="x752">494.37dp</dimen>
    <dimen name="x753">495.03dp</dimen>
    <dimen name="x754">495.69dp</dimen>
    <dimen name="x755">496.34dp</dimen>
    <dimen name="x756">497.00dp</dimen>
    <dimen name="x757">497.66dp</dimen>
    <dimen name="x758">498.31dp</dimen>
    <dimen name="x759">498.97dp</dimen>
    <dimen name="x760">499.63dp</dimen>
    <dimen name="x761">500.29dp</dimen>
    <dimen name="x762">500.94dp</dimen>
    <dimen name="x763">501.60dp</dimen>
    <dimen name="x764">502.26dp</dimen>
    <dimen name="x765">502.92dp</dimen>
    <dimen name="x766">503.57dp</dimen>
    <dimen name="x767">504.23dp</dimen>
    <dimen name="x768">504.89dp</dimen>
    <dimen name="x769">505.55dp</dimen>
    <dimen name="x770">506.20dp</dimen>
    <dimen name="x771">506.86dp</dimen>
    <dimen name="x772">507.52dp</dimen>
    <dimen name="x773">508.18dp</dimen>
    <dimen name="x774">508.83dp</dimen>
    <dimen name="x775">509.49dp</dimen>
    <dimen name="x776">510.15dp</dimen>
    <dimen name="x777">510.81dp</dimen>
    <dimen name="x778">511.46dp</dimen>
    <dimen name="x779">512.12dp</dimen>
    <dimen name="x780">512.78dp</dimen>
    <dimen name="x781">513.44dp</dimen>
    <dimen name="x782">514.09dp</dimen>
    <dimen name="x783">514.75dp</dimen>
    <dimen name="x784">515.41dp</dimen>
    <dimen name="x785">516.06dp</dimen>
    <dimen name="x786">516.72dp</dimen>
    <dimen name="x787">517.38dp</dimen>
    <dimen name="x788">518.04dp</dimen>
    <dimen name="x789">518.69dp</dimen>
    <dimen name="x790">519.35dp</dimen>
    <dimen name="x791">520.01dp</dimen>
    <dimen name="x792">520.67dp</dimen>
    <dimen name="x793">521.32dp</dimen>
    <dimen name="x794">521.98dp</dimen>
    <dimen name="x795">522.64dp</dimen>
    <dimen name="x796">523.30dp</dimen>
    <dimen name="x797">523.95dp</dimen>
    <dimen name="x798">524.61dp</dimen>
    <dimen name="x799">525.27dp</dimen>
    <dimen name="x800">525.93dp</dimen>
    <dimen name="x801">526.58dp</dimen>
    <dimen name="x802">527.24dp</dimen>
    <dimen name="x803">527.90dp</dimen>
    <dimen name="x804">528.56dp</dimen>
    <dimen name="x805">529.21dp</dimen>
    <dimen name="x806">529.87dp</dimen>
    <dimen name="x807">530.53dp</dimen>
    <dimen name="x808">531.19dp</dimen>
    <dimen name="x809">531.84dp</dimen>
    <dimen name="x810">532.50dp</dimen>
    <dimen name="x811">533.16dp</dimen>
    <dimen name="x812">533.81dp</dimen>
    <dimen name="x813">534.47dp</dimen>
    <dimen name="x814">535.13dp</dimen>
    <dimen name="x815">535.79dp</dimen>
    <dimen name="x816">536.44dp</dimen>
    <dimen name="x817">537.10dp</dimen>
    <dimen name="x818">537.76dp</dimen>
    <dimen name="x819">538.42dp</dimen>
    <dimen name="x820">539.07dp</dimen>
    <dimen name="x821">539.73dp</dimen>
    <dimen name="x822">540.39dp</dimen>
    <dimen name="x823">541.05dp</dimen>
    <dimen name="x824">541.70dp</dimen>
    <dimen name="x825">542.36dp</dimen>
    <dimen name="x826">543.02dp</dimen>
    <dimen name="x827">543.68dp</dimen>
    <dimen name="x828">544.33dp</dimen>
    <dimen name="x829">544.99dp</dimen>
    <dimen name="x830">545.65dp</dimen>
    <dimen name="x831">546.31dp</dimen>
    <dimen name="x832">546.96dp</dimen>
    <dimen name="x833">547.62dp</dimen>
    <dimen name="x834">548.28dp</dimen>
    <dimen name="x835">548.94dp</dimen>
    <dimen name="x836">549.59dp</dimen>
    <dimen name="x837">550.25dp</dimen>
    <dimen name="x838">550.91dp</dimen>
    <dimen name="x839">551.56dp</dimen>
    <dimen name="x840">552.22dp</dimen>
    <dimen name="x841">552.88dp</dimen>
    <dimen name="x842">553.54dp</dimen>
    <dimen name="x843">554.19dp</dimen>
    <dimen name="x844">554.85dp</dimen>
    <dimen name="x845">555.51dp</dimen>
    <dimen name="x846">556.17dp</dimen>
    <dimen name="x847">556.82dp</dimen>
    <dimen name="x848">557.48dp</dimen>
    <dimen name="x849">558.14dp</dimen>
    <dimen name="x850">558.80dp</dimen>
    <dimen name="x851">559.45dp</dimen>
    <dimen name="x852">560.11dp</dimen>
    <dimen name="x853">560.77dp</dimen>
    <dimen name="x854">561.43dp</dimen>
    <dimen name="x855">562.08dp</dimen>
    <dimen name="x856">562.74dp</dimen>
    <dimen name="x857">563.40dp</dimen>
    <dimen name="x858">564.06dp</dimen>
    <dimen name="x859">564.71dp</dimen>
    <dimen name="x860">565.37dp</dimen>
    <dimen name="x861">566.03dp</dimen>
    <dimen name="x862">566.69dp</dimen>
    <dimen name="x863">567.34dp</dimen>
    <dimen name="x864">568.00dp</dimen>
    <dimen name="x865">568.66dp</dimen>
    <dimen name="x866">569.31dp</dimen>
    <dimen name="x867">569.97dp</dimen>
    <dimen name="x868">570.63dp</dimen>
    <dimen name="x869">571.29dp</dimen>
    <dimen name="x870">571.94dp</dimen>
    <dimen name="x871">572.60dp</dimen>
    <dimen name="x872">573.26dp</dimen>
    <dimen name="x873">573.92dp</dimen>
    <dimen name="x874">574.57dp</dimen>
    <dimen name="x875">575.23dp</dimen>
    <dimen name="x876">575.89dp</dimen>
    <dimen name="x877">576.55dp</dimen>
    <dimen name="x878">577.20dp</dimen>
    <dimen name="x879">577.86dp</dimen>
    <dimen name="x880">578.52dp</dimen>
    <dimen name="x881">579.18dp</dimen>
    <dimen name="x882">579.83dp</dimen>
    <dimen name="x883">580.49dp</dimen>
    <dimen name="x884">581.15dp</dimen>
    <dimen name="x885">581.81dp</dimen>
    <dimen name="x886">582.46dp</dimen>
    <dimen name="x887">583.12dp</dimen>
    <dimen name="x888">583.78dp</dimen>
    <dimen name="x889">584.44dp</dimen>
    <dimen name="x890">585.09dp</dimen>
    <dimen name="x891">585.75dp</dimen>
    <dimen name="x892">586.41dp</dimen>
    <dimen name="x893">587.06dp</dimen>
    <dimen name="x894">587.72dp</dimen>
    <dimen name="x895">588.38dp</dimen>
    <dimen name="x896">589.04dp</dimen>
    <dimen name="x897">589.69dp</dimen>
    <dimen name="x898">590.35dp</dimen>
    <dimen name="x899">591.01dp</dimen>
    <dimen name="x900">591.67dp</dimen>
    <dimen name="x901">592.32dp</dimen>
    <dimen name="x902">592.98dp</dimen>
    <dimen name="x903">593.64dp</dimen>
    <dimen name="x904">594.30dp</dimen>
    <dimen name="x905">594.95dp</dimen>
    <dimen name="x906">595.61dp</dimen>
    <dimen name="x907">596.27dp</dimen>
    <dimen name="x908">596.93dp</dimen>
    <dimen name="x909">597.58dp</dimen>
    <dimen name="x910">598.24dp</dimen>
    <dimen name="x911">598.90dp</dimen>
    <dimen name="x912">599.56dp</dimen>
    <dimen name="x913">600.21dp</dimen>
    <dimen name="x914">600.87dp</dimen>
    <dimen name="x915">601.53dp</dimen>
    <dimen name="x916">602.19dp</dimen>
    <dimen name="x917">602.84dp</dimen>
    <dimen name="x918">603.50dp</dimen>
    <dimen name="x919">604.16dp</dimen>
    <dimen name="x920">604.81dp</dimen>
    <dimen name="x921">605.47dp</dimen>
    <dimen name="x922">606.13dp</dimen>
    <dimen name="x923">606.79dp</dimen>
    <dimen name="x924">607.44dp</dimen>
    <dimen name="x925">608.10dp</dimen>
    <dimen name="x926">608.76dp</dimen>
    <dimen name="x927">609.42dp</dimen>
    <dimen name="x928">610.07dp</dimen>
    <dimen name="x929">610.73dp</dimen>
    <dimen name="x930">611.39dp</dimen>
    <dimen name="x931">612.05dp</dimen>
    <dimen name="x932">612.70dp</dimen>
    <dimen name="x933">613.36dp</dimen>
    <dimen name="x934">614.02dp</dimen>
    <dimen name="x935">614.68dp</dimen>
    <dimen name="x936">615.33dp</dimen>
    <dimen name="x937">615.99dp</dimen>
    <dimen name="x938">616.65dp</dimen>
    <dimen name="x939">617.31dp</dimen>
    <dimen name="x940">617.96dp</dimen>
    <dimen name="x941">618.62dp</dimen>
    <dimen name="x942">619.28dp</dimen>
    <dimen name="x943">619.94dp</dimen>
    <dimen name="x944">620.59dp</dimen>
    <dimen name="x945">621.25dp</dimen>
    <dimen name="x946">621.91dp</dimen>
    <dimen name="x947">622.56dp</dimen>
    <dimen name="x948">623.22dp</dimen>
    <dimen name="x949">623.88dp</dimen>
    <dimen name="x950">624.54dp</dimen>
    <dimen name="x951">625.19dp</dimen>
    <dimen name="x952">625.85dp</dimen>
    <dimen name="x953">626.51dp</dimen>
    <dimen name="x954">627.17dp</dimen>
    <dimen name="x955">627.82dp</dimen>
    <dimen name="x956">628.48dp</dimen>
    <dimen name="x957">629.14dp</dimen>
    <dimen name="x958">629.80dp</dimen>
    <dimen name="x959">630.45dp</dimen>
    <dimen name="x960">631.11dp</dimen>
    <dimen name="x961">631.77dp</dimen>
    <dimen name="x962">632.43dp</dimen>
    <dimen name="x963">633.08dp</dimen>
    <dimen name="x964">633.74dp</dimen>
    <dimen name="x965">634.40dp</dimen>
    <dimen name="x966">635.06dp</dimen>
    <dimen name="x967">635.71dp</dimen>
    <dimen name="x968">636.37dp</dimen>
    <dimen name="x969">637.03dp</dimen>
    <dimen name="x970">637.69dp</dimen>
    <dimen name="x971">638.34dp</dimen>
    <dimen name="x972">639.00dp</dimen>
    <dimen name="x973">639.66dp</dimen>
    <dimen name="x974">640.31dp</dimen>
    <dimen name="x975">640.97dp</dimen>
    <dimen name="x976">641.63dp</dimen>
    <dimen name="x977">642.29dp</dimen>
    <dimen name="x978">642.94dp</dimen>
    <dimen name="x979">643.60dp</dimen>
    <dimen name="x980">644.26dp</dimen>
    <dimen name="x981">644.92dp</dimen>
    <dimen name="x982">645.57dp</dimen>
    <dimen name="x983">646.23dp</dimen>
    <dimen name="x984">646.89dp</dimen>
    <dimen name="x985">647.55dp</dimen>
    <dimen name="x986">648.20dp</dimen>
    <dimen name="x987">648.86dp</dimen>
    <dimen name="x988">649.52dp</dimen>
    <dimen name="x989">650.18dp</dimen>
    <dimen name="x990">650.83dp</dimen>
    <dimen name="x991">651.49dp</dimen>
    <dimen name="x992">652.15dp</dimen>
    <dimen name="x993">652.81dp</dimen>
    <dimen name="x994">653.46dp</dimen>
    <dimen name="x995">654.12dp</dimen>
    <dimen name="x996">654.78dp</dimen>
    <dimen name="x997">655.44dp</dimen>
    <dimen name="x998">656.09dp</dimen>
    <dimen name="x999">656.75dp</dimen>
    <dimen name="x1000">657.41dp</dimen>
    <dimen name="x1001">658.06dp</dimen>
    <dimen name="x1002">658.72dp</dimen>
    <dimen name="x1003">659.38dp</dimen>
    <dimen name="x1004">660.04dp</dimen>
    <dimen name="x1005">660.69dp</dimen>
    <dimen name="x1006">661.35dp</dimen>
    <dimen name="x1007">662.01dp</dimen>
    <dimen name="x1008">662.67dp</dimen>
    <dimen name="x1009">663.32dp</dimen>
    <dimen name="x1010">663.98dp</dimen>
    <dimen name="x1011">664.64dp</dimen>
    <dimen name="x1012">665.30dp</dimen>
    <dimen name="x1013">665.95dp</dimen>
    <dimen name="x1014">666.61dp</dimen>
    <dimen name="x1015">667.27dp</dimen>
    <dimen name="x1016">667.93dp</dimen>
    <dimen name="x1017">668.58dp</dimen>
    <dimen name="x1018">669.24dp</dimen>
    <dimen name="x1019">669.90dp</dimen>
    <dimen name="x1020">670.56dp</dimen>
    <dimen name="x1021">671.21dp</dimen>
    <dimen name="x1022">671.87dp</dimen>
    <dimen name="x1023">672.53dp</dimen>
    <dimen name="x1024">673.19dp</dimen>
    <dimen name="x1025">673.84dp</dimen>
    <dimen name="x1026">674.50dp</dimen>
    <dimen name="x1027">675.16dp</dimen>
    <dimen name="x1028">675.81dp</dimen>
    <dimen name="x1029">676.47dp</dimen>
    <dimen name="x1030">677.13dp</dimen>
    <dimen name="x1031">677.79dp</dimen>
    <dimen name="x1032">678.44dp</dimen>
    <dimen name="x1033">679.10dp</dimen>
    <dimen name="x1034">679.76dp</dimen>
    <dimen name="x1035">680.42dp</dimen>
    <dimen name="x1036">681.07dp</dimen>
    <dimen name="x1037">681.73dp</dimen>
    <dimen name="x1038">682.39dp</dimen>
    <dimen name="x1039">683.05dp</dimen>
    <dimen name="x1040">683.70dp</dimen>
    <dimen name="x1041">684.36dp</dimen>
    <dimen name="x1042">685.02dp</dimen>
    <dimen name="x1043">685.68dp</dimen>
    <dimen name="x1044">686.33dp</dimen>
    <dimen name="x1045">686.99dp</dimen>
    <dimen name="x1046">687.65dp</dimen>
    <dimen name="x1047">688.31dp</dimen>
    <dimen name="x1048">688.96dp</dimen>
    <dimen name="x1049">689.62dp</dimen>
    <dimen name="x1050">690.28dp</dimen>
    <dimen name="x1051">690.94dp</dimen>
    <dimen name="x1052">691.59dp</dimen>
    <dimen name="x1053">692.25dp</dimen>
    <dimen name="x1054">692.91dp</dimen>
    <dimen name="x1055">693.56dp</dimen>
    <dimen name="x1056">694.22dp</dimen>
    <dimen name="x1057">694.88dp</dimen>
    <dimen name="x1058">695.54dp</dimen>
    <dimen name="x1059">696.19dp</dimen>
    <dimen name="x1060">696.85dp</dimen>
    <dimen name="x1061">697.51dp</dimen>
    <dimen name="x1062">698.17dp</dimen>
    <dimen name="x1063">698.82dp</dimen>
    <dimen name="x1064">699.48dp</dimen>
    <dimen name="x1065">700.14dp</dimen>
    <dimen name="x1066">700.80dp</dimen>
    <dimen name="x1067">701.45dp</dimen>
    <dimen name="x1068">702.11dp</dimen>
    <dimen name="x1069">702.77dp</dimen>
    <dimen name="x1070">703.43dp</dimen>
    <dimen name="x1071">704.08dp</dimen>
    <dimen name="x1072">704.74dp</dimen>
    <dimen name="x1073">705.40dp</dimen>
    <dimen name="x1074">706.06dp</dimen>
    <dimen name="x1075">706.71dp</dimen>
    <dimen name="x1076">707.37dp</dimen>
    <dimen name="x1077">708.03dp</dimen>
    <dimen name="x1078">708.69dp</dimen>
    <dimen name="x1079">709.34dp</dimen>
    <dimen name="x1080">710.00dp</dimen>
</resources>