<?xml version="1.0" encoding="utf-8"?>
<resources>
    <string name="sw_dp">1310dp</string>
    <dimen name="x1">1.21dp</dimen>
    <dimen name="x2">2.43dp</dimen>
    <dimen name="x3">3.64dp</dimen>
    <dimen name="x4">4.85dp</dimen>
    <dimen name="x5">6.06dp</dimen>
    <dimen name="x6">7.28dp</dimen>
    <dimen name="x7">8.49dp</dimen>
    <dimen name="x8">9.70dp</dimen>
    <dimen name="x9">10.92dp</dimen>
    <dimen name="x10">12.13dp</dimen>
    <dimen name="x11">13.34dp</dimen>
    <dimen name="x12">14.56dp</dimen>
    <dimen name="x13">15.77dp</dimen>
    <dimen name="x14">16.98dp</dimen>
    <dimen name="x15">18.19dp</dimen>
    <dimen name="x16">19.41dp</dimen>
    <dimen name="x17">20.62dp</dimen>
    <dimen name="x18">21.83dp</dimen>
    <dimen name="x19">23.05dp</dimen>
    <dimen name="x20">24.26dp</dimen>
    <dimen name="x21">25.47dp</dimen>
    <dimen name="x22">26.69dp</dimen>
    <dimen name="x23">27.90dp</dimen>
    <dimen name="x24">29.11dp</dimen>
    <dimen name="x25">30.32dp</dimen>
    <dimen name="x26">31.54dp</dimen>
    <dimen name="x27">32.75dp</dimen>
    <dimen name="x28">33.96dp</dimen>
    <dimen name="x29">35.18dp</dimen>
    <dimen name="x30">36.39dp</dimen>
    <dimen name="x31">37.60dp</dimen>
    <dimen name="x32">38.81dp</dimen>
    <dimen name="x33">40.03dp</dimen>
    <dimen name="x34">41.24dp</dimen>
    <dimen name="x35">42.45dp</dimen>
    <dimen name="x36">43.67dp</dimen>
    <dimen name="x37">44.88dp</dimen>
    <dimen name="x38">46.09dp</dimen>
    <dimen name="x39">47.31dp</dimen>
    <dimen name="x40">48.52dp</dimen>
    <dimen name="x41">49.73dp</dimen>
    <dimen name="x42">50.94dp</dimen>
    <dimen name="x43">52.16dp</dimen>
    <dimen name="x44">53.37dp</dimen>
    <dimen name="x45">54.58dp</dimen>
    <dimen name="x46">55.80dp</dimen>
    <dimen name="x47">57.01dp</dimen>
    <dimen name="x48">58.22dp</dimen>
    <dimen name="x49">59.44dp</dimen>
    <dimen name="x50">60.65dp</dimen>
    <dimen name="x51">61.86dp</dimen>
    <dimen name="x52">63.07dp</dimen>
    <dimen name="x53">64.29dp</dimen>
    <dimen name="x54">65.50dp</dimen>
    <dimen name="x55">66.71dp</dimen>
    <dimen name="x56">67.93dp</dimen>
    <dimen name="x57">69.14dp</dimen>
    <dimen name="x58">70.35dp</dimen>
    <dimen name="x59">71.56dp</dimen>
    <dimen name="x60">72.78dp</dimen>
    <dimen name="x61">73.99dp</dimen>
    <dimen name="x62">75.20dp</dimen>
    <dimen name="x63">76.42dp</dimen>
    <dimen name="x64">77.63dp</dimen>
    <dimen name="x65">78.84dp</dimen>
    <dimen name="x66">80.06dp</dimen>
    <dimen name="x67">81.27dp</dimen>
    <dimen name="x68">82.48dp</dimen>
    <dimen name="x69">83.69dp</dimen>
    <dimen name="x70">84.91dp</dimen>
    <dimen name="x71">86.12dp</dimen>
    <dimen name="x72">87.33dp</dimen>
    <dimen name="x73">88.55dp</dimen>
    <dimen name="x74">89.76dp</dimen>
    <dimen name="x75">90.97dp</dimen>
    <dimen name="x76">92.19dp</dimen>
    <dimen name="x77">93.40dp</dimen>
    <dimen name="x78">94.61dp</dimen>
    <dimen name="x79">95.82dp</dimen>
    <dimen name="x80">97.04dp</dimen>
    <dimen name="x81">98.25dp</dimen>
    <dimen name="x82">99.46dp</dimen>
    <dimen name="x83">100.68dp</dimen>
    <dimen name="x84">101.89dp</dimen>
    <dimen name="x85">103.10dp</dimen>
    <dimen name="x86">104.31dp</dimen>
    <dimen name="x87">105.53dp</dimen>
    <dimen name="x88">106.74dp</dimen>
    <dimen name="x89">107.95dp</dimen>
    <dimen name="x90">109.17dp</dimen>
    <dimen name="x91">110.38dp</dimen>
    <dimen name="x92">111.59dp</dimen>
    <dimen name="x93">112.81dp</dimen>
    <dimen name="x94">114.02dp</dimen>
    <dimen name="x95">115.23dp</dimen>
    <dimen name="x96">116.44dp</dimen>
    <dimen name="x97">117.66dp</dimen>
    <dimen name="x98">118.87dp</dimen>
    <dimen name="x99">120.08dp</dimen>
    <dimen name="x100">121.30dp</dimen>
    <dimen name="x101">122.51dp</dimen>
    <dimen name="x102">123.72dp</dimen>
    <dimen name="x103">124.94dp</dimen>
    <dimen name="x104">126.15dp</dimen>
    <dimen name="x105">127.36dp</dimen>
    <dimen name="x106">128.57dp</dimen>
    <dimen name="x107">129.79dp</dimen>
    <dimen name="x108">131.00dp</dimen>
    <dimen name="x109">132.21dp</dimen>
    <dimen name="x110">133.43dp</dimen>
    <dimen name="x111">134.64dp</dimen>
    <dimen name="x112">135.85dp</dimen>
    <dimen name="x113">137.06dp</dimen>
    <dimen name="x114">138.28dp</dimen>
    <dimen name="x115">139.49dp</dimen>
    <dimen name="x116">140.70dp</dimen>
    <dimen name="x117">141.92dp</dimen>
    <dimen name="x118">143.13dp</dimen>
    <dimen name="x119">144.34dp</dimen>
    <dimen name="x120">145.56dp</dimen>
    <dimen name="x121">146.77dp</dimen>
    <dimen name="x122">147.98dp</dimen>
    <dimen name="x123">149.19dp</dimen>
    <dimen name="x124">150.41dp</dimen>
    <dimen name="x125">151.62dp</dimen>
    <dimen name="x126">152.83dp</dimen>
    <dimen name="x127">154.05dp</dimen>
    <dimen name="x128">155.26dp</dimen>
    <dimen name="x129">156.47dp</dimen>
    <dimen name="x130">157.69dp</dimen>
    <dimen name="x131">158.90dp</dimen>
    <dimen name="x132">160.11dp</dimen>
    <dimen name="x133">161.32dp</dimen>
    <dimen name="x134">162.54dp</dimen>
    <dimen name="x135">163.75dp</dimen>
    <dimen name="x136">164.96dp</dimen>
    <dimen name="x137">166.18dp</dimen>
    <dimen name="x138">167.39dp</dimen>
    <dimen name="x139">168.60dp</dimen>
    <dimen name="x140">169.81dp</dimen>
    <dimen name="x141">171.03dp</dimen>
    <dimen name="x142">172.24dp</dimen>
    <dimen name="x143">173.45dp</dimen>
    <dimen name="x144">174.67dp</dimen>
    <dimen name="x145">175.88dp</dimen>
    <dimen name="x146">177.09dp</dimen>
    <dimen name="x147">178.31dp</dimen>
    <dimen name="x148">179.52dp</dimen>
    <dimen name="x149">180.73dp</dimen>
    <dimen name="x150">181.94dp</dimen>
    <dimen name="x151">183.16dp</dimen>
    <dimen name="x152">184.37dp</dimen>
    <dimen name="x153">185.58dp</dimen>
    <dimen name="x154">186.80dp</dimen>
    <dimen name="x155">188.01dp</dimen>
    <dimen name="x156">189.22dp</dimen>
    <dimen name="x157">190.44dp</dimen>
    <dimen name="x158">191.65dp</dimen>
    <dimen name="x159">192.86dp</dimen>
    <dimen name="x160">194.07dp</dimen>
    <dimen name="x161">195.29dp</dimen>
    <dimen name="x162">196.50dp</dimen>
    <dimen name="x163">197.71dp</dimen>
    <dimen name="x164">198.93dp</dimen>
    <dimen name="x165">200.14dp</dimen>
    <dimen name="x166">201.35dp</dimen>
    <dimen name="x167">202.56dp</dimen>
    <dimen name="x168">203.78dp</dimen>
    <dimen name="x169">204.99dp</dimen>
    <dimen name="x170">206.20dp</dimen>
    <dimen name="x171">207.42dp</dimen>
    <dimen name="x172">208.63dp</dimen>
    <dimen name="x173">209.84dp</dimen>
    <dimen name="x174">211.06dp</dimen>
    <dimen name="x175">212.27dp</dimen>
    <dimen name="x176">213.48dp</dimen>
    <dimen name="x177">214.69dp</dimen>
    <dimen name="x178">215.91dp</dimen>
    <dimen name="x179">217.12dp</dimen>
    <dimen name="x180">218.33dp</dimen>
    <dimen name="x181">219.55dp</dimen>
    <dimen name="x182">220.76dp</dimen>
    <dimen name="x183">221.97dp</dimen>
    <dimen name="x184">223.19dp</dimen>
    <dimen name="x185">224.40dp</dimen>
    <dimen name="x186">225.61dp</dimen>
    <dimen name="x187">226.82dp</dimen>
    <dimen name="x188">228.04dp</dimen>
    <dimen name="x189">229.25dp</dimen>
    <dimen name="x190">230.46dp</dimen>
    <dimen name="x191">231.68dp</dimen>
    <dimen name="x192">232.89dp</dimen>
    <dimen name="x193">234.10dp</dimen>
    <dimen name="x194">235.31dp</dimen>
    <dimen name="x195">236.53dp</dimen>
    <dimen name="x196">237.74dp</dimen>
    <dimen name="x197">238.95dp</dimen>
    <dimen name="x198">240.17dp</dimen>
    <dimen name="x199">241.38dp</dimen>
    <dimen name="x200">242.59dp</dimen>
    <dimen name="x201">243.81dp</dimen>
    <dimen name="x202">245.02dp</dimen>
    <dimen name="x203">246.23dp</dimen>
    <dimen name="x204">247.44dp</dimen>
    <dimen name="x205">248.66dp</dimen>
    <dimen name="x206">249.87dp</dimen>
    <dimen name="x207">251.08dp</dimen>
    <dimen name="x208">252.30dp</dimen>
    <dimen name="x209">253.51dp</dimen>
    <dimen name="x210">254.72dp</dimen>
    <dimen name="x211">255.94dp</dimen>
    <dimen name="x212">257.15dp</dimen>
    <dimen name="x213">258.36dp</dimen>
    <dimen name="x214">259.57dp</dimen>
    <dimen name="x215">260.79dp</dimen>
    <dimen name="x216">262.00dp</dimen>
    <dimen name="x217">263.21dp</dimen>
    <dimen name="x218">264.43dp</dimen>
    <dimen name="x219">265.64dp</dimen>
    <dimen name="x220">266.85dp</dimen>
    <dimen name="x221">268.06dp</dimen>
    <dimen name="x222">269.28dp</dimen>
    <dimen name="x223">270.49dp</dimen>
    <dimen name="x224">271.70dp</dimen>
    <dimen name="x225">272.92dp</dimen>
    <dimen name="x226">274.13dp</dimen>
    <dimen name="x227">275.34dp</dimen>
    <dimen name="x228">276.56dp</dimen>
    <dimen name="x229">277.77dp</dimen>
    <dimen name="x230">278.98dp</dimen>
    <dimen name="x231">280.19dp</dimen>
    <dimen name="x232">281.41dp</dimen>
    <dimen name="x233">282.62dp</dimen>
    <dimen name="x234">283.83dp</dimen>
    <dimen name="x235">285.05dp</dimen>
    <dimen name="x236">286.26dp</dimen>
    <dimen name="x237">287.47dp</dimen>
    <dimen name="x238">288.69dp</dimen>
    <dimen name="x239">289.90dp</dimen>
    <dimen name="x240">291.11dp</dimen>
    <dimen name="x241">292.32dp</dimen>
    <dimen name="x242">293.54dp</dimen>
    <dimen name="x243">294.75dp</dimen>
    <dimen name="x244">295.96dp</dimen>
    <dimen name="x245">297.18dp</dimen>
    <dimen name="x246">298.39dp</dimen>
    <dimen name="x247">299.60dp</dimen>
    <dimen name="x248">300.81dp</dimen>
    <dimen name="x249">302.03dp</dimen>
    <dimen name="x250">303.24dp</dimen>
    <dimen name="x251">304.45dp</dimen>
    <dimen name="x252">305.67dp</dimen>
    <dimen name="x253">306.88dp</dimen>
    <dimen name="x254">308.09dp</dimen>
    <dimen name="x255">309.31dp</dimen>
    <dimen name="x256">310.52dp</dimen>
    <dimen name="x257">311.73dp</dimen>
    <dimen name="x258">312.94dp</dimen>
    <dimen name="x259">314.16dp</dimen>
    <dimen name="x260">315.37dp</dimen>
    <dimen name="x261">316.58dp</dimen>
    <dimen name="x262">317.80dp</dimen>
    <dimen name="x263">319.01dp</dimen>
    <dimen name="x264">320.22dp</dimen>
    <dimen name="x265">321.44dp</dimen>
    <dimen name="x266">322.65dp</dimen>
    <dimen name="x267">323.86dp</dimen>
    <dimen name="x268">325.07dp</dimen>
    <dimen name="x269">326.29dp</dimen>
    <dimen name="x270">327.50dp</dimen>
    <dimen name="x271">328.71dp</dimen>
    <dimen name="x272">329.93dp</dimen>
    <dimen name="x273">331.14dp</dimen>
    <dimen name="x274">332.35dp</dimen>
    <dimen name="x275">333.56dp</dimen>
    <dimen name="x276">334.78dp</dimen>
    <dimen name="x277">335.99dp</dimen>
    <dimen name="x278">337.20dp</dimen>
    <dimen name="x279">338.42dp</dimen>
    <dimen name="x280">339.63dp</dimen>
    <dimen name="x281">340.84dp</dimen>
    <dimen name="x282">342.06dp</dimen>
    <dimen name="x283">343.27dp</dimen>
    <dimen name="x284">344.48dp</dimen>
    <dimen name="x285">345.69dp</dimen>
    <dimen name="x286">346.91dp</dimen>
    <dimen name="x287">348.12dp</dimen>
    <dimen name="x288">349.33dp</dimen>
    <dimen name="x289">350.55dp</dimen>
    <dimen name="x290">351.76dp</dimen>
    <dimen name="x291">352.97dp</dimen>
    <dimen name="x292">354.19dp</dimen>
    <dimen name="x293">355.40dp</dimen>
    <dimen name="x294">356.61dp</dimen>
    <dimen name="x295">357.82dp</dimen>
    <dimen name="x296">359.04dp</dimen>
    <dimen name="x297">360.25dp</dimen>
    <dimen name="x298">361.46dp</dimen>
    <dimen name="x299">362.68dp</dimen>
    <dimen name="x300">363.89dp</dimen>
    <dimen name="x301">365.10dp</dimen>
    <dimen name="x302">366.31dp</dimen>
    <dimen name="x303">367.53dp</dimen>
    <dimen name="x304">368.74dp</dimen>
    <dimen name="x305">369.95dp</dimen>
    <dimen name="x306">371.17dp</dimen>
    <dimen name="x307">372.38dp</dimen>
    <dimen name="x308">373.59dp</dimen>
    <dimen name="x309">374.81dp</dimen>
    <dimen name="x310">376.02dp</dimen>
    <dimen name="x311">377.23dp</dimen>
    <dimen name="x312">378.44dp</dimen>
    <dimen name="x313">379.66dp</dimen>
    <dimen name="x314">380.87dp</dimen>
    <dimen name="x315">382.08dp</dimen>
    <dimen name="x316">383.30dp</dimen>
    <dimen name="x317">384.51dp</dimen>
    <dimen name="x318">385.72dp</dimen>
    <dimen name="x319">386.94dp</dimen>
    <dimen name="x320">388.15dp</dimen>
    <dimen name="x321">389.36dp</dimen>
    <dimen name="x322">390.57dp</dimen>
    <dimen name="x323">391.79dp</dimen>
    <dimen name="x324">393.00dp</dimen>
    <dimen name="x325">394.21dp</dimen>
    <dimen name="x326">395.43dp</dimen>
    <dimen name="x327">396.64dp</dimen>
    <dimen name="x328">397.85dp</dimen>
    <dimen name="x329">399.06dp</dimen>
    <dimen name="x330">400.28dp</dimen>
    <dimen name="x331">401.49dp</dimen>
    <dimen name="x332">402.70dp</dimen>
    <dimen name="x333">403.92dp</dimen>
    <dimen name="x334">405.13dp</dimen>
    <dimen name="x335">406.34dp</dimen>
    <dimen name="x336">407.56dp</dimen>
    <dimen name="x337">408.77dp</dimen>
    <dimen name="x338">409.98dp</dimen>
    <dimen name="x339">411.19dp</dimen>
    <dimen name="x340">412.41dp</dimen>
    <dimen name="x341">413.62dp</dimen>
    <dimen name="x342">414.83dp</dimen>
    <dimen name="x343">416.05dp</dimen>
    <dimen name="x344">417.26dp</dimen>
    <dimen name="x345">418.47dp</dimen>
    <dimen name="x346">419.69dp</dimen>
    <dimen name="x347">420.90dp</dimen>
    <dimen name="x348">422.11dp</dimen>
    <dimen name="x349">423.32dp</dimen>
    <dimen name="x350">424.54dp</dimen>
    <dimen name="x351">425.75dp</dimen>
    <dimen name="x352">426.96dp</dimen>
    <dimen name="x353">428.18dp</dimen>
    <dimen name="x354">429.39dp</dimen>
    <dimen name="x355">430.60dp</dimen>
    <dimen name="x356">431.81dp</dimen>
    <dimen name="x357">433.03dp</dimen>
    <dimen name="x358">434.24dp</dimen>
    <dimen name="x359">435.45dp</dimen>
    <dimen name="x360">436.67dp</dimen>
    <dimen name="x361">437.88dp</dimen>
    <dimen name="x362">439.09dp</dimen>
    <dimen name="x363">440.31dp</dimen>
    <dimen name="x364">441.52dp</dimen>
    <dimen name="x365">442.73dp</dimen>
    <dimen name="x366">443.94dp</dimen>
    <dimen name="x367">445.16dp</dimen>
    <dimen name="x368">446.37dp</dimen>
    <dimen name="x369">447.58dp</dimen>
    <dimen name="x370">448.80dp</dimen>
    <dimen name="x371">450.01dp</dimen>
    <dimen name="x372">451.22dp</dimen>
    <dimen name="x373">452.44dp</dimen>
    <dimen name="x374">453.65dp</dimen>
    <dimen name="x375">454.86dp</dimen>
    <dimen name="x376">456.07dp</dimen>
    <dimen name="x377">457.29dp</dimen>
    <dimen name="x378">458.50dp</dimen>
    <dimen name="x379">459.71dp</dimen>
    <dimen name="x380">460.93dp</dimen>
    <dimen name="x381">462.14dp</dimen>
    <dimen name="x382">463.35dp</dimen>
    <dimen name="x383">464.56dp</dimen>
    <dimen name="x384">465.78dp</dimen>
    <dimen name="x385">466.99dp</dimen>
    <dimen name="x386">468.20dp</dimen>
    <dimen name="x387">469.42dp</dimen>
    <dimen name="x388">470.63dp</dimen>
    <dimen name="x389">471.84dp</dimen>
    <dimen name="x390">473.06dp</dimen>
    <dimen name="x391">474.27dp</dimen>
    <dimen name="x392">475.48dp</dimen>
    <dimen name="x393">476.69dp</dimen>
    <dimen name="x394">477.91dp</dimen>
    <dimen name="x395">479.12dp</dimen>
    <dimen name="x396">480.33dp</dimen>
    <dimen name="x397">481.55dp</dimen>
    <dimen name="x398">482.76dp</dimen>
    <dimen name="x399">483.97dp</dimen>
    <dimen name="x400">485.19dp</dimen>
    <dimen name="x401">486.40dp</dimen>
    <dimen name="x402">487.61dp</dimen>
    <dimen name="x403">488.82dp</dimen>
    <dimen name="x404">490.04dp</dimen>
    <dimen name="x405">491.25dp</dimen>
    <dimen name="x406">492.46dp</dimen>
    <dimen name="x407">493.68dp</dimen>
    <dimen name="x408">494.89dp</dimen>
    <dimen name="x409">496.10dp</dimen>
    <dimen name="x410">497.31dp</dimen>
    <dimen name="x411">498.53dp</dimen>
    <dimen name="x412">499.74dp</dimen>
    <dimen name="x413">500.95dp</dimen>
    <dimen name="x414">502.17dp</dimen>
    <dimen name="x415">503.38dp</dimen>
    <dimen name="x416">504.59dp</dimen>
    <dimen name="x417">505.81dp</dimen>
    <dimen name="x418">507.02dp</dimen>
    <dimen name="x419">508.23dp</dimen>
    <dimen name="x420">509.44dp</dimen>
    <dimen name="x421">510.66dp</dimen>
    <dimen name="x422">511.87dp</dimen>
    <dimen name="x423">513.08dp</dimen>
    <dimen name="x424">514.30dp</dimen>
    <dimen name="x425">515.51dp</dimen>
    <dimen name="x426">516.72dp</dimen>
    <dimen name="x427">517.94dp</dimen>
    <dimen name="x428">519.15dp</dimen>
    <dimen name="x429">520.36dp</dimen>
    <dimen name="x430">521.57dp</dimen>
    <dimen name="x431">522.79dp</dimen>
    <dimen name="x432">524.00dp</dimen>
    <dimen name="x433">525.21dp</dimen>
    <dimen name="x434">526.43dp</dimen>
    <dimen name="x435">527.64dp</dimen>
    <dimen name="x436">528.85dp</dimen>
    <dimen name="x437">530.06dp</dimen>
    <dimen name="x438">531.28dp</dimen>
    <dimen name="x439">532.49dp</dimen>
    <dimen name="x440">533.70dp</dimen>
    <dimen name="x441">534.92dp</dimen>
    <dimen name="x442">536.13dp</dimen>
    <dimen name="x443">537.34dp</dimen>
    <dimen name="x444">538.56dp</dimen>
    <dimen name="x445">539.77dp</dimen>
    <dimen name="x446">540.98dp</dimen>
    <dimen name="x447">542.19dp</dimen>
    <dimen name="x448">543.41dp</dimen>
    <dimen name="x449">544.62dp</dimen>
    <dimen name="x450">545.83dp</dimen>
    <dimen name="x451">547.05dp</dimen>
    <dimen name="x452">548.26dp</dimen>
    <dimen name="x453">549.47dp</dimen>
    <dimen name="x454">550.69dp</dimen>
    <dimen name="x455">551.90dp</dimen>
    <dimen name="x456">553.11dp</dimen>
    <dimen name="x457">554.32dp</dimen>
    <dimen name="x458">555.54dp</dimen>
    <dimen name="x459">556.75dp</dimen>
    <dimen name="x460">557.96dp</dimen>
    <dimen name="x461">559.18dp</dimen>
    <dimen name="x462">560.39dp</dimen>
    <dimen name="x463">561.60dp</dimen>
    <dimen name="x464">562.81dp</dimen>
    <dimen name="x465">564.03dp</dimen>
    <dimen name="x466">565.24dp</dimen>
    <dimen name="x467">566.45dp</dimen>
    <dimen name="x468">567.67dp</dimen>
    <dimen name="x469">568.88dp</dimen>
    <dimen name="x470">570.09dp</dimen>
    <dimen name="x471">571.31dp</dimen>
    <dimen name="x472">572.52dp</dimen>
    <dimen name="x473">573.73dp</dimen>
    <dimen name="x474">574.94dp</dimen>
    <dimen name="x475">576.16dp</dimen>
    <dimen name="x476">577.37dp</dimen>
    <dimen name="x477">578.58dp</dimen>
    <dimen name="x478">579.80dp</dimen>
    <dimen name="x479">581.01dp</dimen>
    <dimen name="x480">582.22dp</dimen>
    <dimen name="x481">583.44dp</dimen>
    <dimen name="x482">584.65dp</dimen>
    <dimen name="x483">585.86dp</dimen>
    <dimen name="x484">587.07dp</dimen>
    <dimen name="x485">588.29dp</dimen>
    <dimen name="x486">589.50dp</dimen>
    <dimen name="x487">590.71dp</dimen>
    <dimen name="x488">591.93dp</dimen>
    <dimen name="x489">593.14dp</dimen>
    <dimen name="x490">594.35dp</dimen>
    <dimen name="x491">595.56dp</dimen>
    <dimen name="x492">596.78dp</dimen>
    <dimen name="x493">597.99dp</dimen>
    <dimen name="x494">599.20dp</dimen>
    <dimen name="x495">600.42dp</dimen>
    <dimen name="x496">601.63dp</dimen>
    <dimen name="x497">602.84dp</dimen>
    <dimen name="x498">604.06dp</dimen>
    <dimen name="x499">605.27dp</dimen>
    <dimen name="x500">606.48dp</dimen>
    <dimen name="x501">607.69dp</dimen>
    <dimen name="x502">608.91dp</dimen>
    <dimen name="x503">610.12dp</dimen>
    <dimen name="x504">611.33dp</dimen>
    <dimen name="x505">612.55dp</dimen>
    <dimen name="x506">613.76dp</dimen>
    <dimen name="x507">614.97dp</dimen>
    <dimen name="x508">616.19dp</dimen>
    <dimen name="x509">617.40dp</dimen>
    <dimen name="x510">618.61dp</dimen>
    <dimen name="x511">619.82dp</dimen>
    <dimen name="x512">621.04dp</dimen>
    <dimen name="x513">622.25dp</dimen>
    <dimen name="x514">623.46dp</dimen>
    <dimen name="x515">624.68dp</dimen>
    <dimen name="x516">625.89dp</dimen>
    <dimen name="x517">627.10dp</dimen>
    <dimen name="x518">628.31dp</dimen>
    <dimen name="x519">629.53dp</dimen>
    <dimen name="x520">630.74dp</dimen>
    <dimen name="x521">631.95dp</dimen>
    <dimen name="x522">633.17dp</dimen>
    <dimen name="x523">634.38dp</dimen>
    <dimen name="x524">635.59dp</dimen>
    <dimen name="x525">636.81dp</dimen>
    <dimen name="x526">638.02dp</dimen>
    <dimen name="x527">639.23dp</dimen>
    <dimen name="x528">640.44dp</dimen>
    <dimen name="x529">641.66dp</dimen>
    <dimen name="x530">642.87dp</dimen>
    <dimen name="x531">644.08dp</dimen>
    <dimen name="x532">645.30dp</dimen>
    <dimen name="x533">646.51dp</dimen>
    <dimen name="x534">647.72dp</dimen>
    <dimen name="x535">648.94dp</dimen>
    <dimen name="x536">650.15dp</dimen>
    <dimen name="x537">651.36dp</dimen>
    <dimen name="x538">652.57dp</dimen>
    <dimen name="x539">653.79dp</dimen>
    <dimen name="x540">655.00dp</dimen>
    <dimen name="x541">656.21dp</dimen>
    <dimen name="x542">657.43dp</dimen>
    <dimen name="x543">658.64dp</dimen>
    <dimen name="x544">659.85dp</dimen>
    <dimen name="x545">661.06dp</dimen>
    <dimen name="x546">662.28dp</dimen>
    <dimen name="x547">663.49dp</dimen>
    <dimen name="x548">664.70dp</dimen>
    <dimen name="x549">665.92dp</dimen>
    <dimen name="x550">667.13dp</dimen>
    <dimen name="x551">668.34dp</dimen>
    <dimen name="x552">669.56dp</dimen>
    <dimen name="x553">670.77dp</dimen>
    <dimen name="x554">671.98dp</dimen>
    <dimen name="x555">673.19dp</dimen>
    <dimen name="x556">674.41dp</dimen>
    <dimen name="x557">675.62dp</dimen>
    <dimen name="x558">676.83dp</dimen>
    <dimen name="x559">678.05dp</dimen>
    <dimen name="x560">679.26dp</dimen>
    <dimen name="x561">680.47dp</dimen>
    <dimen name="x562">681.69dp</dimen>
    <dimen name="x563">682.90dp</dimen>
    <dimen name="x564">684.11dp</dimen>
    <dimen name="x565">685.32dp</dimen>
    <dimen name="x566">686.54dp</dimen>
    <dimen name="x567">687.75dp</dimen>
    <dimen name="x568">688.96dp</dimen>
    <dimen name="x569">690.18dp</dimen>
    <dimen name="x570">691.39dp</dimen>
    <dimen name="x571">692.60dp</dimen>
    <dimen name="x572">693.81dp</dimen>
    <dimen name="x573">695.03dp</dimen>
    <dimen name="x574">696.24dp</dimen>
    <dimen name="x575">697.45dp</dimen>
    <dimen name="x576">698.67dp</dimen>
    <dimen name="x577">699.88dp</dimen>
    <dimen name="x578">701.09dp</dimen>
    <dimen name="x579">702.31dp</dimen>
    <dimen name="x580">703.52dp</dimen>
    <dimen name="x581">704.73dp</dimen>
    <dimen name="x582">705.94dp</dimen>
    <dimen name="x583">707.16dp</dimen>
    <dimen name="x584">708.37dp</dimen>
    <dimen name="x585">709.58dp</dimen>
    <dimen name="x586">710.80dp</dimen>
    <dimen name="x587">712.01dp</dimen>
    <dimen name="x588">713.22dp</dimen>
    <dimen name="x589">714.44dp</dimen>
    <dimen name="x590">715.65dp</dimen>
    <dimen name="x591">716.86dp</dimen>
    <dimen name="x592">718.07dp</dimen>
    <dimen name="x593">719.29dp</dimen>
    <dimen name="x594">720.50dp</dimen>
    <dimen name="x595">721.71dp</dimen>
    <dimen name="x596">722.93dp</dimen>
    <dimen name="x597">724.14dp</dimen>
    <dimen name="x598">725.35dp</dimen>
    <dimen name="x599">726.56dp</dimen>
    <dimen name="x600">727.78dp</dimen>
    <dimen name="x601">728.99dp</dimen>
    <dimen name="x602">730.20dp</dimen>
    <dimen name="x603">731.42dp</dimen>
    <dimen name="x604">732.63dp</dimen>
    <dimen name="x605">733.84dp</dimen>
    <dimen name="x606">735.06dp</dimen>
    <dimen name="x607">736.27dp</dimen>
    <dimen name="x608">737.48dp</dimen>
    <dimen name="x609">738.69dp</dimen>
    <dimen name="x610">739.91dp</dimen>
    <dimen name="x611">741.12dp</dimen>
    <dimen name="x612">742.33dp</dimen>
    <dimen name="x613">743.55dp</dimen>
    <dimen name="x614">744.76dp</dimen>
    <dimen name="x615">745.97dp</dimen>
    <dimen name="x616">747.19dp</dimen>
    <dimen name="x617">748.40dp</dimen>
    <dimen name="x618">749.61dp</dimen>
    <dimen name="x619">750.82dp</dimen>
    <dimen name="x620">752.04dp</dimen>
    <dimen name="x621">753.25dp</dimen>
    <dimen name="x622">754.46dp</dimen>
    <dimen name="x623">755.68dp</dimen>
    <dimen name="x624">756.89dp</dimen>
    <dimen name="x625">758.10dp</dimen>
    <dimen name="x626">759.31dp</dimen>
    <dimen name="x627">760.53dp</dimen>
    <dimen name="x628">761.74dp</dimen>
    <dimen name="x629">762.95dp</dimen>
    <dimen name="x630">764.17dp</dimen>
    <dimen name="x631">765.38dp</dimen>
    <dimen name="x632">766.59dp</dimen>
    <dimen name="x633">767.81dp</dimen>
    <dimen name="x634">769.02dp</dimen>
    <dimen name="x635">770.23dp</dimen>
    <dimen name="x636">771.44dp</dimen>
    <dimen name="x637">772.66dp</dimen>
    <dimen name="x638">773.87dp</dimen>
    <dimen name="x639">775.08dp</dimen>
    <dimen name="x640">776.30dp</dimen>
    <dimen name="x641">777.51dp</dimen>
    <dimen name="x642">778.72dp</dimen>
    <dimen name="x643">779.94dp</dimen>
    <dimen name="x644">781.15dp</dimen>
    <dimen name="x645">782.36dp</dimen>
    <dimen name="x646">783.57dp</dimen>
    <dimen name="x647">784.79dp</dimen>
    <dimen name="x648">786.00dp</dimen>
    <dimen name="x649">787.21dp</dimen>
    <dimen name="x650">788.43dp</dimen>
    <dimen name="x651">789.64dp</dimen>
    <dimen name="x652">790.85dp</dimen>
    <dimen name="x653">792.06dp</dimen>
    <dimen name="x654">793.28dp</dimen>
    <dimen name="x655">794.49dp</dimen>
    <dimen name="x656">795.70dp</dimen>
    <dimen name="x657">796.92dp</dimen>
    <dimen name="x658">798.13dp</dimen>
    <dimen name="x659">799.34dp</dimen>
    <dimen name="x660">800.56dp</dimen>
    <dimen name="x661">801.77dp</dimen>
    <dimen name="x662">802.98dp</dimen>
    <dimen name="x663">804.19dp</dimen>
    <dimen name="x664">805.41dp</dimen>
    <dimen name="x665">806.62dp</dimen>
    <dimen name="x666">807.83dp</dimen>
    <dimen name="x667">809.05dp</dimen>
    <dimen name="x668">810.26dp</dimen>
    <dimen name="x669">811.47dp</dimen>
    <dimen name="x670">812.69dp</dimen>
    <dimen name="x671">813.90dp</dimen>
    <dimen name="x672">815.11dp</dimen>
    <dimen name="x673">816.32dp</dimen>
    <dimen name="x674">817.54dp</dimen>
    <dimen name="x675">818.75dp</dimen>
    <dimen name="x676">819.96dp</dimen>
    <dimen name="x677">821.18dp</dimen>
    <dimen name="x678">822.39dp</dimen>
    <dimen name="x679">823.60dp</dimen>
    <dimen name="x680">824.81dp</dimen>
    <dimen name="x681">826.03dp</dimen>
    <dimen name="x682">827.24dp</dimen>
    <dimen name="x683">828.45dp</dimen>
    <dimen name="x684">829.67dp</dimen>
    <dimen name="x685">830.88dp</dimen>
    <dimen name="x686">832.09dp</dimen>
    <dimen name="x687">833.31dp</dimen>
    <dimen name="x688">834.52dp</dimen>
    <dimen name="x689">835.73dp</dimen>
    <dimen name="x690">836.94dp</dimen>
    <dimen name="x691">838.16dp</dimen>
    <dimen name="x692">839.37dp</dimen>
    <dimen name="x693">840.58dp</dimen>
    <dimen name="x694">841.80dp</dimen>
    <dimen name="x695">843.01dp</dimen>
    <dimen name="x696">844.22dp</dimen>
    <dimen name="x697">845.44dp</dimen>
    <dimen name="x698">846.65dp</dimen>
    <dimen name="x699">847.86dp</dimen>
    <dimen name="x700">849.07dp</dimen>
    <dimen name="x701">850.29dp</dimen>
    <dimen name="x702">851.50dp</dimen>
    <dimen name="x703">852.71dp</dimen>
    <dimen name="x704">853.93dp</dimen>
    <dimen name="x705">855.14dp</dimen>
    <dimen name="x706">856.35dp</dimen>
    <dimen name="x707">857.56dp</dimen>
    <dimen name="x708">858.78dp</dimen>
    <dimen name="x709">859.99dp</dimen>
    <dimen name="x710">861.20dp</dimen>
    <dimen name="x711">862.42dp</dimen>
    <dimen name="x712">863.63dp</dimen>
    <dimen name="x713">864.84dp</dimen>
    <dimen name="x714">866.06dp</dimen>
    <dimen name="x715">867.27dp</dimen>
    <dimen name="x716">868.48dp</dimen>
    <dimen name="x717">869.69dp</dimen>
    <dimen name="x718">870.91dp</dimen>
    <dimen name="x719">872.12dp</dimen>
    <dimen name="x720">873.33dp</dimen>
    <dimen name="x721">874.55dp</dimen>
    <dimen name="x722">875.76dp</dimen>
    <dimen name="x723">876.97dp</dimen>
    <dimen name="x724">878.19dp</dimen>
    <dimen name="x725">879.40dp</dimen>
    <dimen name="x726">880.61dp</dimen>
    <dimen name="x727">881.82dp</dimen>
    <dimen name="x728">883.04dp</dimen>
    <dimen name="x729">884.25dp</dimen>
    <dimen name="x730">885.46dp</dimen>
    <dimen name="x731">886.68dp</dimen>
    <dimen name="x732">887.89dp</dimen>
    <dimen name="x733">889.10dp</dimen>
    <dimen name="x734">890.31dp</dimen>
    <dimen name="x735">891.53dp</dimen>
    <dimen name="x736">892.74dp</dimen>
    <dimen name="x737">893.95dp</dimen>
    <dimen name="x738">895.17dp</dimen>
    <dimen name="x739">896.38dp</dimen>
    <dimen name="x740">897.59dp</dimen>
    <dimen name="x741">898.81dp</dimen>
    <dimen name="x742">900.02dp</dimen>
    <dimen name="x743">901.23dp</dimen>
    <dimen name="x744">902.44dp</dimen>
    <dimen name="x745">903.66dp</dimen>
    <dimen name="x746">904.87dp</dimen>
    <dimen name="x747">906.08dp</dimen>
    <dimen name="x748">907.30dp</dimen>
    <dimen name="x749">908.51dp</dimen>
    <dimen name="x750">909.72dp</dimen>
    <dimen name="x751">910.94dp</dimen>
    <dimen name="x752">912.15dp</dimen>
    <dimen name="x753">913.36dp</dimen>
    <dimen name="x754">914.57dp</dimen>
    <dimen name="x755">915.79dp</dimen>
    <dimen name="x756">917.00dp</dimen>
    <dimen name="x757">918.21dp</dimen>
    <dimen name="x758">919.43dp</dimen>
    <dimen name="x759">920.64dp</dimen>
    <dimen name="x760">921.85dp</dimen>
    <dimen name="x761">923.06dp</dimen>
    <dimen name="x762">924.28dp</dimen>
    <dimen name="x763">925.49dp</dimen>
    <dimen name="x764">926.70dp</dimen>
    <dimen name="x765">927.92dp</dimen>
    <dimen name="x766">929.13dp</dimen>
    <dimen name="x767">930.34dp</dimen>
    <dimen name="x768">931.56dp</dimen>
    <dimen name="x769">932.77dp</dimen>
    <dimen name="x770">933.98dp</dimen>
    <dimen name="x771">935.19dp</dimen>
    <dimen name="x772">936.41dp</dimen>
    <dimen name="x773">937.62dp</dimen>
    <dimen name="x774">938.83dp</dimen>
    <dimen name="x775">940.05dp</dimen>
    <dimen name="x776">941.26dp</dimen>
    <dimen name="x777">942.47dp</dimen>
    <dimen name="x778">943.69dp</dimen>
    <dimen name="x779">944.90dp</dimen>
    <dimen name="x780">946.11dp</dimen>
    <dimen name="x781">947.32dp</dimen>
    <dimen name="x782">948.54dp</dimen>
    <dimen name="x783">949.75dp</dimen>
    <dimen name="x784">950.96dp</dimen>
    <dimen name="x785">952.18dp</dimen>
    <dimen name="x786">953.39dp</dimen>
    <dimen name="x787">954.60dp</dimen>
    <dimen name="x788">955.81dp</dimen>
    <dimen name="x789">957.03dp</dimen>
    <dimen name="x790">958.24dp</dimen>
    <dimen name="x791">959.45dp</dimen>
    <dimen name="x792">960.67dp</dimen>
    <dimen name="x793">961.88dp</dimen>
    <dimen name="x794">963.09dp</dimen>
    <dimen name="x795">964.31dp</dimen>
    <dimen name="x796">965.52dp</dimen>
    <dimen name="x797">966.73dp</dimen>
    <dimen name="x798">967.94dp</dimen>
    <dimen name="x799">969.16dp</dimen>
    <dimen name="x800">970.37dp</dimen>
    <dimen name="x801">971.58dp</dimen>
    <dimen name="x802">972.80dp</dimen>
    <dimen name="x803">974.01dp</dimen>
    <dimen name="x804">975.22dp</dimen>
    <dimen name="x805">976.44dp</dimen>
    <dimen name="x806">977.65dp</dimen>
    <dimen name="x807">978.86dp</dimen>
    <dimen name="x808">980.07dp</dimen>
    <dimen name="x809">981.29dp</dimen>
    <dimen name="x810">982.50dp</dimen>
    <dimen name="x811">983.71dp</dimen>
    <dimen name="x812">984.93dp</dimen>
    <dimen name="x813">986.14dp</dimen>
    <dimen name="x814">987.35dp</dimen>
    <dimen name="x815">988.56dp</dimen>
    <dimen name="x816">989.78dp</dimen>
    <dimen name="x817">990.99dp</dimen>
    <dimen name="x818">992.20dp</dimen>
    <dimen name="x819">993.42dp</dimen>
    <dimen name="x820">994.63dp</dimen>
    <dimen name="x821">995.84dp</dimen>
    <dimen name="x822">997.06dp</dimen>
    <dimen name="x823">998.27dp</dimen>
    <dimen name="x824">999.48dp</dimen>
    <dimen name="x825">1000.69dp</dimen>
    <dimen name="x826">1001.91dp</dimen>
    <dimen name="x827">1003.12dp</dimen>
    <dimen name="x828">1004.33dp</dimen>
    <dimen name="x829">1005.55dp</dimen>
    <dimen name="x830">1006.76dp</dimen>
    <dimen name="x831">1007.97dp</dimen>
    <dimen name="x832">1009.19dp</dimen>
    <dimen name="x833">1010.40dp</dimen>
    <dimen name="x834">1011.61dp</dimen>
    <dimen name="x835">1012.82dp</dimen>
    <dimen name="x836">1014.04dp</dimen>
    <dimen name="x837">1015.25dp</dimen>
    <dimen name="x838">1016.46dp</dimen>
    <dimen name="x839">1017.68dp</dimen>
    <dimen name="x840">1018.89dp</dimen>
    <dimen name="x841">1020.10dp</dimen>
    <dimen name="x842">1021.31dp</dimen>
    <dimen name="x843">1022.53dp</dimen>
    <dimen name="x844">1023.74dp</dimen>
    <dimen name="x845">1024.95dp</dimen>
    <dimen name="x846">1026.17dp</dimen>
    <dimen name="x847">1027.38dp</dimen>
    <dimen name="x848">1028.59dp</dimen>
    <dimen name="x849">1029.81dp</dimen>
    <dimen name="x850">1031.02dp</dimen>
    <dimen name="x851">1032.23dp</dimen>
    <dimen name="x852">1033.44dp</dimen>
    <dimen name="x853">1034.66dp</dimen>
    <dimen name="x854">1035.87dp</dimen>
    <dimen name="x855">1037.08dp</dimen>
    <dimen name="x856">1038.30dp</dimen>
    <dimen name="x857">1039.51dp</dimen>
    <dimen name="x858">1040.72dp</dimen>
    <dimen name="x859">1041.94dp</dimen>
    <dimen name="x860">1043.15dp</dimen>
    <dimen name="x861">1044.36dp</dimen>
    <dimen name="x862">1045.57dp</dimen>
    <dimen name="x863">1046.79dp</dimen>
    <dimen name="x864">1048.00dp</dimen>
    <dimen name="x865">1049.21dp</dimen>
    <dimen name="x866">1050.43dp</dimen>
    <dimen name="x867">1051.64dp</dimen>
    <dimen name="x868">1052.85dp</dimen>
    <dimen name="x869">1054.06dp</dimen>
    <dimen name="x870">1055.28dp</dimen>
    <dimen name="x871">1056.49dp</dimen>
    <dimen name="x872">1057.70dp</dimen>
    <dimen name="x873">1058.92dp</dimen>
    <dimen name="x874">1060.13dp</dimen>
    <dimen name="x875">1061.34dp</dimen>
    <dimen name="x876">1062.56dp</dimen>
    <dimen name="x877">1063.77dp</dimen>
    <dimen name="x878">1064.98dp</dimen>
    <dimen name="x879">1066.19dp</dimen>
    <dimen name="x880">1067.41dp</dimen>
    <dimen name="x881">1068.62dp</dimen>
    <dimen name="x882">1069.83dp</dimen>
    <dimen name="x883">1071.05dp</dimen>
    <dimen name="x884">1072.26dp</dimen>
    <dimen name="x885">1073.47dp</dimen>
    <dimen name="x886">1074.69dp</dimen>
    <dimen name="x887">1075.90dp</dimen>
    <dimen name="x888">1077.11dp</dimen>
    <dimen name="x889">1078.32dp</dimen>
    <dimen name="x890">1079.54dp</dimen>
    <dimen name="x891">1080.75dp</dimen>
    <dimen name="x892">1081.96dp</dimen>
    <dimen name="x893">1083.18dp</dimen>
    <dimen name="x894">1084.39dp</dimen>
    <dimen name="x895">1085.60dp</dimen>
    <dimen name="x896">1086.81dp</dimen>
    <dimen name="x897">1088.03dp</dimen>
    <dimen name="x898">1089.24dp</dimen>
    <dimen name="x899">1090.45dp</dimen>
    <dimen name="x900">1091.67dp</dimen>
    <dimen name="x901">1092.88dp</dimen>
    <dimen name="x902">1094.09dp</dimen>
    <dimen name="x903">1095.31dp</dimen>
    <dimen name="x904">1096.52dp</dimen>
    <dimen name="x905">1097.73dp</dimen>
    <dimen name="x906">1098.94dp</dimen>
    <dimen name="x907">1100.16dp</dimen>
    <dimen name="x908">1101.37dp</dimen>
    <dimen name="x909">1102.58dp</dimen>
    <dimen name="x910">1103.80dp</dimen>
    <dimen name="x911">1105.01dp</dimen>
    <dimen name="x912">1106.22dp</dimen>
    <dimen name="x913">1107.44dp</dimen>
    <dimen name="x914">1108.65dp</dimen>
    <dimen name="x915">1109.86dp</dimen>
    <dimen name="x916">1111.07dp</dimen>
    <dimen name="x917">1112.29dp</dimen>
    <dimen name="x918">1113.50dp</dimen>
    <dimen name="x919">1114.71dp</dimen>
    <dimen name="x920">1115.93dp</dimen>
    <dimen name="x921">1117.14dp</dimen>
    <dimen name="x922">1118.35dp</dimen>
    <dimen name="x923">1119.56dp</dimen>
    <dimen name="x924">1120.78dp</dimen>
    <dimen name="x925">1121.99dp</dimen>
    <dimen name="x926">1123.20dp</dimen>
    <dimen name="x927">1124.42dp</dimen>
    <dimen name="x928">1125.63dp</dimen>
    <dimen name="x929">1126.84dp</dimen>
    <dimen name="x930">1128.06dp</dimen>
    <dimen name="x931">1129.27dp</dimen>
    <dimen name="x932">1130.48dp</dimen>
    <dimen name="x933">1131.69dp</dimen>
    <dimen name="x934">1132.91dp</dimen>
    <dimen name="x935">1134.12dp</dimen>
    <dimen name="x936">1135.33dp</dimen>
    <dimen name="x937">1136.55dp</dimen>
    <dimen name="x938">1137.76dp</dimen>
    <dimen name="x939">1138.97dp</dimen>
    <dimen name="x940">1140.19dp</dimen>
    <dimen name="x941">1141.40dp</dimen>
    <dimen name="x942">1142.61dp</dimen>
    <dimen name="x943">1143.82dp</dimen>
    <dimen name="x944">1145.04dp</dimen>
    <dimen name="x945">1146.25dp</dimen>
    <dimen name="x946">1147.46dp</dimen>
    <dimen name="x947">1148.68dp</dimen>
    <dimen name="x948">1149.89dp</dimen>
    <dimen name="x949">1151.10dp</dimen>
    <dimen name="x950">1152.31dp</dimen>
    <dimen name="x951">1153.53dp</dimen>
    <dimen name="x952">1154.74dp</dimen>
    <dimen name="x953">1155.95dp</dimen>
    <dimen name="x954">1157.17dp</dimen>
    <dimen name="x955">1158.38dp</dimen>
    <dimen name="x956">1159.59dp</dimen>
    <dimen name="x957">1160.81dp</dimen>
    <dimen name="x958">1162.02dp</dimen>
    <dimen name="x959">1163.23dp</dimen>
    <dimen name="x960">1164.44dp</dimen>
    <dimen name="x961">1165.66dp</dimen>
    <dimen name="x962">1166.87dp</dimen>
    <dimen name="x963">1168.08dp</dimen>
    <dimen name="x964">1169.30dp</dimen>
    <dimen name="x965">1170.51dp</dimen>
    <dimen name="x966">1171.72dp</dimen>
    <dimen name="x967">1172.94dp</dimen>
    <dimen name="x968">1174.15dp</dimen>
    <dimen name="x969">1175.36dp</dimen>
    <dimen name="x970">1176.57dp</dimen>
    <dimen name="x971">1177.79dp</dimen>
    <dimen name="x972">1179.00dp</dimen>
    <dimen name="x973">1180.21dp</dimen>
    <dimen name="x974">1181.43dp</dimen>
    <dimen name="x975">1182.64dp</dimen>
    <dimen name="x976">1183.85dp</dimen>
    <dimen name="x977">1185.06dp</dimen>
    <dimen name="x978">1186.28dp</dimen>
    <dimen name="x979">1187.49dp</dimen>
    <dimen name="x980">1188.70dp</dimen>
    <dimen name="x981">1189.92dp</dimen>
    <dimen name="x982">1191.13dp</dimen>
    <dimen name="x983">1192.34dp</dimen>
    <dimen name="x984">1193.56dp</dimen>
    <dimen name="x985">1194.77dp</dimen>
    <dimen name="x986">1195.98dp</dimen>
    <dimen name="x987">1197.19dp</dimen>
    <dimen name="x988">1198.41dp</dimen>
    <dimen name="x989">1199.62dp</dimen>
    <dimen name="x990">1200.83dp</dimen>
    <dimen name="x991">1202.05dp</dimen>
    <dimen name="x992">1203.26dp</dimen>
    <dimen name="x993">1204.47dp</dimen>
    <dimen name="x994">1205.69dp</dimen>
    <dimen name="x995">1206.90dp</dimen>
    <dimen name="x996">1208.11dp</dimen>
    <dimen name="x997">1209.32dp</dimen>
    <dimen name="x998">1210.54dp</dimen>
    <dimen name="x999">1211.75dp</dimen>
    <dimen name="x1000">1212.96dp</dimen>
    <dimen name="x1001">1214.18dp</dimen>
    <dimen name="x1002">1215.39dp</dimen>
    <dimen name="x1003">1216.60dp</dimen>
    <dimen name="x1004">1217.81dp</dimen>
    <dimen name="x1005">1219.03dp</dimen>
    <dimen name="x1006">1220.24dp</dimen>
    <dimen name="x1007">1221.45dp</dimen>
    <dimen name="x1008">1222.67dp</dimen>
    <dimen name="x1009">1223.88dp</dimen>
    <dimen name="x1010">1225.09dp</dimen>
    <dimen name="x1011">1226.31dp</dimen>
    <dimen name="x1012">1227.52dp</dimen>
    <dimen name="x1013">1228.73dp</dimen>
    <dimen name="x1014">1229.94dp</dimen>
    <dimen name="x1015">1231.16dp</dimen>
    <dimen name="x1016">1232.37dp</dimen>
    <dimen name="x1017">1233.58dp</dimen>
    <dimen name="x1018">1234.80dp</dimen>
    <dimen name="x1019">1236.01dp</dimen>
    <dimen name="x1020">1237.22dp</dimen>
    <dimen name="x1021">1238.44dp</dimen>
    <dimen name="x1022">1239.65dp</dimen>
    <dimen name="x1023">1240.86dp</dimen>
    <dimen name="x1024">1242.07dp</dimen>
    <dimen name="x1025">1243.29dp</dimen>
    <dimen name="x1026">1244.50dp</dimen>
    <dimen name="x1027">1245.71dp</dimen>
    <dimen name="x1028">1246.93dp</dimen>
    <dimen name="x1029">1248.14dp</dimen>
    <dimen name="x1030">1249.35dp</dimen>
    <dimen name="x1031">1250.56dp</dimen>
    <dimen name="x1032">1251.78dp</dimen>
    <dimen name="x1033">1252.99dp</dimen>
    <dimen name="x1034">1254.20dp</dimen>
    <dimen name="x1035">1255.42dp</dimen>
    <dimen name="x1036">1256.63dp</dimen>
    <dimen name="x1037">1257.84dp</dimen>
    <dimen name="x1038">1259.06dp</dimen>
    <dimen name="x1039">1260.27dp</dimen>
    <dimen name="x1040">1261.48dp</dimen>
    <dimen name="x1041">1262.69dp</dimen>
    <dimen name="x1042">1263.91dp</dimen>
    <dimen name="x1043">1265.12dp</dimen>
    <dimen name="x1044">1266.33dp</dimen>
    <dimen name="x1045">1267.55dp</dimen>
    <dimen name="x1046">1268.76dp</dimen>
    <dimen name="x1047">1269.97dp</dimen>
    <dimen name="x1048">1271.19dp</dimen>
    <dimen name="x1049">1272.40dp</dimen>
    <dimen name="x1050">1273.61dp</dimen>
    <dimen name="x1051">1274.82dp</dimen>
    <dimen name="x1052">1276.04dp</dimen>
    <dimen name="x1053">1277.25dp</dimen>
    <dimen name="x1054">1278.46dp</dimen>
    <dimen name="x1055">1279.68dp</dimen>
    <dimen name="x1056">1280.89dp</dimen>
    <dimen name="x1057">1282.10dp</dimen>
    <dimen name="x1058">1283.31dp</dimen>
    <dimen name="x1059">1284.53dp</dimen>
    <dimen name="x1060">1285.74dp</dimen>
    <dimen name="x1061">1286.95dp</dimen>
    <dimen name="x1062">1288.17dp</dimen>
    <dimen name="x1063">1289.38dp</dimen>
    <dimen name="x1064">1290.59dp</dimen>
    <dimen name="x1065">1291.81dp</dimen>
    <dimen name="x1066">1293.02dp</dimen>
    <dimen name="x1067">1294.23dp</dimen>
    <dimen name="x1068">1295.44dp</dimen>
    <dimen name="x1069">1296.66dp</dimen>
    <dimen name="x1070">1297.87dp</dimen>
    <dimen name="x1071">1299.08dp</dimen>
    <dimen name="x1072">1300.30dp</dimen>
    <dimen name="x1073">1301.51dp</dimen>
    <dimen name="x1074">1302.72dp</dimen>
    <dimen name="x1075">1303.94dp</dimen>
    <dimen name="x1076">1305.15dp</dimen>
    <dimen name="x1077">1306.36dp</dimen>
    <dimen name="x1078">1307.57dp</dimen>
    <dimen name="x1079">1308.79dp</dimen>
    <dimen name="x1080">1310.00dp</dimen>
</resources>