<?xml version="1.0" encoding="utf-8"?>
<resources>
    <string name="sw_dp">630dp</string>
    <dimen name="x1">0.58dp</dimen>
    <dimen name="x2">1.17dp</dimen>
    <dimen name="x3">1.75dp</dimen>
    <dimen name="x4">2.33dp</dimen>
    <dimen name="x5">2.92dp</dimen>
    <dimen name="x6">3.50dp</dimen>
    <dimen name="x7">4.08dp</dimen>
    <dimen name="x8">4.67dp</dimen>
    <dimen name="x9">5.25dp</dimen>
    <dimen name="x10">5.83dp</dimen>
    <dimen name="x11">6.42dp</dimen>
    <dimen name="x12">7.00dp</dimen>
    <dimen name="x13">7.58dp</dimen>
    <dimen name="x14">8.17dp</dimen>
    <dimen name="x15">8.75dp</dimen>
    <dimen name="x16">9.33dp</dimen>
    <dimen name="x17">9.92dp</dimen>
    <dimen name="x18">10.50dp</dimen>
    <dimen name="x19">11.08dp</dimen>
    <dimen name="x20">11.67dp</dimen>
    <dimen name="x21">12.25dp</dimen>
    <dimen name="x22">12.83dp</dimen>
    <dimen name="x23">13.42dp</dimen>
    <dimen name="x24">14.00dp</dimen>
    <dimen name="x25">14.58dp</dimen>
    <dimen name="x26">15.17dp</dimen>
    <dimen name="x27">15.75dp</dimen>
    <dimen name="x28">16.33dp</dimen>
    <dimen name="x29">16.92dp</dimen>
    <dimen name="x30">17.50dp</dimen>
    <dimen name="x31">18.08dp</dimen>
    <dimen name="x32">18.67dp</dimen>
    <dimen name="x33">19.25dp</dimen>
    <dimen name="x34">19.83dp</dimen>
    <dimen name="x35">20.42dp</dimen>
    <dimen name="x36">21.00dp</dimen>
    <dimen name="x37">21.58dp</dimen>
    <dimen name="x38">22.17dp</dimen>
    <dimen name="x39">22.75dp</dimen>
    <dimen name="x40">23.33dp</dimen>
    <dimen name="x41">23.92dp</dimen>
    <dimen name="x42">24.50dp</dimen>
    <dimen name="x43">25.08dp</dimen>
    <dimen name="x44">25.67dp</dimen>
    <dimen name="x45">26.25dp</dimen>
    <dimen name="x46">26.83dp</dimen>
    <dimen name="x47">27.42dp</dimen>
    <dimen name="x48">28.00dp</dimen>
    <dimen name="x49">28.58dp</dimen>
    <dimen name="x50">29.17dp</dimen>
    <dimen name="x51">29.75dp</dimen>
    <dimen name="x52">30.33dp</dimen>
    <dimen name="x53">30.92dp</dimen>
    <dimen name="x54">31.50dp</dimen>
    <dimen name="x55">32.08dp</dimen>
    <dimen name="x56">32.67dp</dimen>
    <dimen name="x57">33.25dp</dimen>
    <dimen name="x58">33.83dp</dimen>
    <dimen name="x59">34.42dp</dimen>
    <dimen name="x60">35.00dp</dimen>
    <dimen name="x61">35.58dp</dimen>
    <dimen name="x62">36.17dp</dimen>
    <dimen name="x63">36.75dp</dimen>
    <dimen name="x64">37.33dp</dimen>
    <dimen name="x65">37.92dp</dimen>
    <dimen name="x66">38.50dp</dimen>
    <dimen name="x67">39.08dp</dimen>
    <dimen name="x68">39.67dp</dimen>
    <dimen name="x69">40.25dp</dimen>
    <dimen name="x70">40.83dp</dimen>
    <dimen name="x71">41.42dp</dimen>
    <dimen name="x72">42.00dp</dimen>
    <dimen name="x73">42.58dp</dimen>
    <dimen name="x74">43.17dp</dimen>
    <dimen name="x75">43.75dp</dimen>
    <dimen name="x76">44.33dp</dimen>
    <dimen name="x77">44.92dp</dimen>
    <dimen name="x78">45.50dp</dimen>
    <dimen name="x79">46.08dp</dimen>
    <dimen name="x80">46.67dp</dimen>
    <dimen name="x81">47.25dp</dimen>
    <dimen name="x82">47.83dp</dimen>
    <dimen name="x83">48.42dp</dimen>
    <dimen name="x84">49.00dp</dimen>
    <dimen name="x85">49.58dp</dimen>
    <dimen name="x86">50.17dp</dimen>
    <dimen name="x87">50.75dp</dimen>
    <dimen name="x88">51.33dp</dimen>
    <dimen name="x89">51.92dp</dimen>
    <dimen name="x90">52.50dp</dimen>
    <dimen name="x91">53.08dp</dimen>
    <dimen name="x92">53.67dp</dimen>
    <dimen name="x93">54.25dp</dimen>
    <dimen name="x94">54.83dp</dimen>
    <dimen name="x95">55.42dp</dimen>
    <dimen name="x96">56.00dp</dimen>
    <dimen name="x97">56.58dp</dimen>
    <dimen name="x98">57.17dp</dimen>
    <dimen name="x99">57.75dp</dimen>
    <dimen name="x100">58.33dp</dimen>
    <dimen name="x101">58.92dp</dimen>
    <dimen name="x102">59.50dp</dimen>
    <dimen name="x103">60.08dp</dimen>
    <dimen name="x104">60.67dp</dimen>
    <dimen name="x105">61.25dp</dimen>
    <dimen name="x106">61.83dp</dimen>
    <dimen name="x107">62.42dp</dimen>
    <dimen name="x108">63.00dp</dimen>
    <dimen name="x109">63.58dp</dimen>
    <dimen name="x110">64.17dp</dimen>
    <dimen name="x111">64.75dp</dimen>
    <dimen name="x112">65.33dp</dimen>
    <dimen name="x113">65.92dp</dimen>
    <dimen name="x114">66.50dp</dimen>
    <dimen name="x115">67.08dp</dimen>
    <dimen name="x116">67.67dp</dimen>
    <dimen name="x117">68.25dp</dimen>
    <dimen name="x118">68.83dp</dimen>
    <dimen name="x119">69.42dp</dimen>
    <dimen name="x120">70.00dp</dimen>
    <dimen name="x121">70.58dp</dimen>
    <dimen name="x122">71.17dp</dimen>
    <dimen name="x123">71.75dp</dimen>
    <dimen name="x124">72.33dp</dimen>
    <dimen name="x125">72.92dp</dimen>
    <dimen name="x126">73.50dp</dimen>
    <dimen name="x127">74.08dp</dimen>
    <dimen name="x128">74.67dp</dimen>
    <dimen name="x129">75.25dp</dimen>
    <dimen name="x130">75.83dp</dimen>
    <dimen name="x131">76.42dp</dimen>
    <dimen name="x132">77.00dp</dimen>
    <dimen name="x133">77.58dp</dimen>
    <dimen name="x134">78.17dp</dimen>
    <dimen name="x135">78.75dp</dimen>
    <dimen name="x136">79.33dp</dimen>
    <dimen name="x137">79.92dp</dimen>
    <dimen name="x138">80.50dp</dimen>
    <dimen name="x139">81.08dp</dimen>
    <dimen name="x140">81.67dp</dimen>
    <dimen name="x141">82.25dp</dimen>
    <dimen name="x142">82.83dp</dimen>
    <dimen name="x143">83.42dp</dimen>
    <dimen name="x144">84.00dp</dimen>
    <dimen name="x145">84.58dp</dimen>
    <dimen name="x146">85.17dp</dimen>
    <dimen name="x147">85.75dp</dimen>
    <dimen name="x148">86.33dp</dimen>
    <dimen name="x149">86.92dp</dimen>
    <dimen name="x150">87.50dp</dimen>
    <dimen name="x151">88.08dp</dimen>
    <dimen name="x152">88.67dp</dimen>
    <dimen name="x153">89.25dp</dimen>
    <dimen name="x154">89.83dp</dimen>
    <dimen name="x155">90.42dp</dimen>
    <dimen name="x156">91.00dp</dimen>
    <dimen name="x157">91.58dp</dimen>
    <dimen name="x158">92.17dp</dimen>
    <dimen name="x159">92.75dp</dimen>
    <dimen name="x160">93.33dp</dimen>
    <dimen name="x161">93.92dp</dimen>
    <dimen name="x162">94.50dp</dimen>
    <dimen name="x163">95.08dp</dimen>
    <dimen name="x164">95.67dp</dimen>
    <dimen name="x165">96.25dp</dimen>
    <dimen name="x166">96.83dp</dimen>
    <dimen name="x167">97.42dp</dimen>
    <dimen name="x168">98.00dp</dimen>
    <dimen name="x169">98.58dp</dimen>
    <dimen name="x170">99.17dp</dimen>
    <dimen name="x171">99.75dp</dimen>
    <dimen name="x172">100.33dp</dimen>
    <dimen name="x173">100.92dp</dimen>
    <dimen name="x174">101.50dp</dimen>
    <dimen name="x175">102.08dp</dimen>
    <dimen name="x176">102.67dp</dimen>
    <dimen name="x177">103.25dp</dimen>
    <dimen name="x178">103.83dp</dimen>
    <dimen name="x179">104.42dp</dimen>
    <dimen name="x180">105.00dp</dimen>
    <dimen name="x181">105.58dp</dimen>
    <dimen name="x182">106.17dp</dimen>
    <dimen name="x183">106.75dp</dimen>
    <dimen name="x184">107.33dp</dimen>
    <dimen name="x185">107.92dp</dimen>
    <dimen name="x186">108.50dp</dimen>
    <dimen name="x187">109.08dp</dimen>
    <dimen name="x188">109.67dp</dimen>
    <dimen name="x189">110.25dp</dimen>
    <dimen name="x190">110.83dp</dimen>
    <dimen name="x191">111.42dp</dimen>
    <dimen name="x192">112.00dp</dimen>
    <dimen name="x193">112.58dp</dimen>
    <dimen name="x194">113.17dp</dimen>
    <dimen name="x195">113.75dp</dimen>
    <dimen name="x196">114.33dp</dimen>
    <dimen name="x197">114.92dp</dimen>
    <dimen name="x198">115.50dp</dimen>
    <dimen name="x199">116.08dp</dimen>
    <dimen name="x200">116.67dp</dimen>
    <dimen name="x201">117.25dp</dimen>
    <dimen name="x202">117.83dp</dimen>
    <dimen name="x203">118.42dp</dimen>
    <dimen name="x204">119.00dp</dimen>
    <dimen name="x205">119.58dp</dimen>
    <dimen name="x206">120.17dp</dimen>
    <dimen name="x207">120.75dp</dimen>
    <dimen name="x208">121.33dp</dimen>
    <dimen name="x209">121.92dp</dimen>
    <dimen name="x210">122.50dp</dimen>
    <dimen name="x211">123.08dp</dimen>
    <dimen name="x212">123.67dp</dimen>
    <dimen name="x213">124.25dp</dimen>
    <dimen name="x214">124.83dp</dimen>
    <dimen name="x215">125.42dp</dimen>
    <dimen name="x216">126.00dp</dimen>
    <dimen name="x217">126.58dp</dimen>
    <dimen name="x218">127.17dp</dimen>
    <dimen name="x219">127.75dp</dimen>
    <dimen name="x220">128.33dp</dimen>
    <dimen name="x221">128.92dp</dimen>
    <dimen name="x222">129.50dp</dimen>
    <dimen name="x223">130.08dp</dimen>
    <dimen name="x224">130.67dp</dimen>
    <dimen name="x225">131.25dp</dimen>
    <dimen name="x226">131.83dp</dimen>
    <dimen name="x227">132.42dp</dimen>
    <dimen name="x228">133.00dp</dimen>
    <dimen name="x229">133.58dp</dimen>
    <dimen name="x230">134.17dp</dimen>
    <dimen name="x231">134.75dp</dimen>
    <dimen name="x232">135.33dp</dimen>
    <dimen name="x233">135.92dp</dimen>
    <dimen name="x234">136.50dp</dimen>
    <dimen name="x235">137.08dp</dimen>
    <dimen name="x236">137.67dp</dimen>
    <dimen name="x237">138.25dp</dimen>
    <dimen name="x238">138.83dp</dimen>
    <dimen name="x239">139.42dp</dimen>
    <dimen name="x240">140.00dp</dimen>
    <dimen name="x241">140.58dp</dimen>
    <dimen name="x242">141.17dp</dimen>
    <dimen name="x243">141.75dp</dimen>
    <dimen name="x244">142.33dp</dimen>
    <dimen name="x245">142.92dp</dimen>
    <dimen name="x246">143.50dp</dimen>
    <dimen name="x247">144.08dp</dimen>
    <dimen name="x248">144.67dp</dimen>
    <dimen name="x249">145.25dp</dimen>
    <dimen name="x250">145.83dp</dimen>
    <dimen name="x251">146.42dp</dimen>
    <dimen name="x252">147.00dp</dimen>
    <dimen name="x253">147.58dp</dimen>
    <dimen name="x254">148.17dp</dimen>
    <dimen name="x255">148.75dp</dimen>
    <dimen name="x256">149.33dp</dimen>
    <dimen name="x257">149.92dp</dimen>
    <dimen name="x258">150.50dp</dimen>
    <dimen name="x259">151.08dp</dimen>
    <dimen name="x260">151.67dp</dimen>
    <dimen name="x261">152.25dp</dimen>
    <dimen name="x262">152.83dp</dimen>
    <dimen name="x263">153.42dp</dimen>
    <dimen name="x264">154.00dp</dimen>
    <dimen name="x265">154.58dp</dimen>
    <dimen name="x266">155.17dp</dimen>
    <dimen name="x267">155.75dp</dimen>
    <dimen name="x268">156.33dp</dimen>
    <dimen name="x269">156.92dp</dimen>
    <dimen name="x270">157.50dp</dimen>
    <dimen name="x271">158.08dp</dimen>
    <dimen name="x272">158.67dp</dimen>
    <dimen name="x273">159.25dp</dimen>
    <dimen name="x274">159.83dp</dimen>
    <dimen name="x275">160.42dp</dimen>
    <dimen name="x276">161.00dp</dimen>
    <dimen name="x277">161.58dp</dimen>
    <dimen name="x278">162.17dp</dimen>
    <dimen name="x279">162.75dp</dimen>
    <dimen name="x280">163.33dp</dimen>
    <dimen name="x281">163.92dp</dimen>
    <dimen name="x282">164.50dp</dimen>
    <dimen name="x283">165.08dp</dimen>
    <dimen name="x284">165.67dp</dimen>
    <dimen name="x285">166.25dp</dimen>
    <dimen name="x286">166.83dp</dimen>
    <dimen name="x287">167.42dp</dimen>
    <dimen name="x288">168.00dp</dimen>
    <dimen name="x289">168.58dp</dimen>
    <dimen name="x290">169.17dp</dimen>
    <dimen name="x291">169.75dp</dimen>
    <dimen name="x292">170.33dp</dimen>
    <dimen name="x293">170.92dp</dimen>
    <dimen name="x294">171.50dp</dimen>
    <dimen name="x295">172.08dp</dimen>
    <dimen name="x296">172.67dp</dimen>
    <dimen name="x297">173.25dp</dimen>
    <dimen name="x298">173.83dp</dimen>
    <dimen name="x299">174.42dp</dimen>
    <dimen name="x300">175.00dp</dimen>
    <dimen name="x301">175.58dp</dimen>
    <dimen name="x302">176.17dp</dimen>
    <dimen name="x303">176.75dp</dimen>
    <dimen name="x304">177.33dp</dimen>
    <dimen name="x305">177.92dp</dimen>
    <dimen name="x306">178.50dp</dimen>
    <dimen name="x307">179.08dp</dimen>
    <dimen name="x308">179.67dp</dimen>
    <dimen name="x309">180.25dp</dimen>
    <dimen name="x310">180.83dp</dimen>
    <dimen name="x311">181.42dp</dimen>
    <dimen name="x312">182.00dp</dimen>
    <dimen name="x313">182.58dp</dimen>
    <dimen name="x314">183.17dp</dimen>
    <dimen name="x315">183.75dp</dimen>
    <dimen name="x316">184.33dp</dimen>
    <dimen name="x317">184.92dp</dimen>
    <dimen name="x318">185.50dp</dimen>
    <dimen name="x319">186.08dp</dimen>
    <dimen name="x320">186.67dp</dimen>
    <dimen name="x321">187.25dp</dimen>
    <dimen name="x322">187.83dp</dimen>
    <dimen name="x323">188.42dp</dimen>
    <dimen name="x324">189.00dp</dimen>
    <dimen name="x325">189.58dp</dimen>
    <dimen name="x326">190.17dp</dimen>
    <dimen name="x327">190.75dp</dimen>
    <dimen name="x328">191.33dp</dimen>
    <dimen name="x329">191.92dp</dimen>
    <dimen name="x330">192.50dp</dimen>
    <dimen name="x331">193.08dp</dimen>
    <dimen name="x332">193.67dp</dimen>
    <dimen name="x333">194.25dp</dimen>
    <dimen name="x334">194.83dp</dimen>
    <dimen name="x335">195.42dp</dimen>
    <dimen name="x336">196.00dp</dimen>
    <dimen name="x337">196.58dp</dimen>
    <dimen name="x338">197.17dp</dimen>
    <dimen name="x339">197.75dp</dimen>
    <dimen name="x340">198.33dp</dimen>
    <dimen name="x341">198.92dp</dimen>
    <dimen name="x342">199.50dp</dimen>
    <dimen name="x343">200.08dp</dimen>
    <dimen name="x344">200.67dp</dimen>
    <dimen name="x345">201.25dp</dimen>
    <dimen name="x346">201.83dp</dimen>
    <dimen name="x347">202.42dp</dimen>
    <dimen name="x348">203.00dp</dimen>
    <dimen name="x349">203.58dp</dimen>
    <dimen name="x350">204.17dp</dimen>
    <dimen name="x351">204.75dp</dimen>
    <dimen name="x352">205.33dp</dimen>
    <dimen name="x353">205.92dp</dimen>
    <dimen name="x354">206.50dp</dimen>
    <dimen name="x355">207.08dp</dimen>
    <dimen name="x356">207.67dp</dimen>
    <dimen name="x357">208.25dp</dimen>
    <dimen name="x358">208.83dp</dimen>
    <dimen name="x359">209.42dp</dimen>
    <dimen name="x360">210.00dp</dimen>
    <dimen name="x361">210.58dp</dimen>
    <dimen name="x362">211.17dp</dimen>
    <dimen name="x363">211.75dp</dimen>
    <dimen name="x364">212.33dp</dimen>
    <dimen name="x365">212.92dp</dimen>
    <dimen name="x366">213.50dp</dimen>
    <dimen name="x367">214.08dp</dimen>
    <dimen name="x368">214.67dp</dimen>
    <dimen name="x369">215.25dp</dimen>
    <dimen name="x370">215.83dp</dimen>
    <dimen name="x371">216.42dp</dimen>
    <dimen name="x372">217.00dp</dimen>
    <dimen name="x373">217.58dp</dimen>
    <dimen name="x374">218.17dp</dimen>
    <dimen name="x375">218.75dp</dimen>
    <dimen name="x376">219.33dp</dimen>
    <dimen name="x377">219.92dp</dimen>
    <dimen name="x378">220.50dp</dimen>
    <dimen name="x379">221.08dp</dimen>
    <dimen name="x380">221.67dp</dimen>
    <dimen name="x381">222.25dp</dimen>
    <dimen name="x382">222.83dp</dimen>
    <dimen name="x383">223.42dp</dimen>
    <dimen name="x384">224.00dp</dimen>
    <dimen name="x385">224.58dp</dimen>
    <dimen name="x386">225.17dp</dimen>
    <dimen name="x387">225.75dp</dimen>
    <dimen name="x388">226.33dp</dimen>
    <dimen name="x389">226.92dp</dimen>
    <dimen name="x390">227.50dp</dimen>
    <dimen name="x391">228.08dp</dimen>
    <dimen name="x392">228.67dp</dimen>
    <dimen name="x393">229.25dp</dimen>
    <dimen name="x394">229.83dp</dimen>
    <dimen name="x395">230.42dp</dimen>
    <dimen name="x396">231.00dp</dimen>
    <dimen name="x397">231.58dp</dimen>
    <dimen name="x398">232.17dp</dimen>
    <dimen name="x399">232.75dp</dimen>
    <dimen name="x400">233.33dp</dimen>
    <dimen name="x401">233.92dp</dimen>
    <dimen name="x402">234.50dp</dimen>
    <dimen name="x403">235.08dp</dimen>
    <dimen name="x404">235.67dp</dimen>
    <dimen name="x405">236.25dp</dimen>
    <dimen name="x406">236.83dp</dimen>
    <dimen name="x407">237.42dp</dimen>
    <dimen name="x408">238.00dp</dimen>
    <dimen name="x409">238.58dp</dimen>
    <dimen name="x410">239.17dp</dimen>
    <dimen name="x411">239.75dp</dimen>
    <dimen name="x412">240.33dp</dimen>
    <dimen name="x413">240.92dp</dimen>
    <dimen name="x414">241.50dp</dimen>
    <dimen name="x415">242.08dp</dimen>
    <dimen name="x416">242.67dp</dimen>
    <dimen name="x417">243.25dp</dimen>
    <dimen name="x418">243.83dp</dimen>
    <dimen name="x419">244.42dp</dimen>
    <dimen name="x420">245.00dp</dimen>
    <dimen name="x421">245.58dp</dimen>
    <dimen name="x422">246.17dp</dimen>
    <dimen name="x423">246.75dp</dimen>
    <dimen name="x424">247.33dp</dimen>
    <dimen name="x425">247.92dp</dimen>
    <dimen name="x426">248.50dp</dimen>
    <dimen name="x427">249.08dp</dimen>
    <dimen name="x428">249.67dp</dimen>
    <dimen name="x429">250.25dp</dimen>
    <dimen name="x430">250.83dp</dimen>
    <dimen name="x431">251.42dp</dimen>
    <dimen name="x432">252.00dp</dimen>
    <dimen name="x433">252.58dp</dimen>
    <dimen name="x434">253.17dp</dimen>
    <dimen name="x435">253.75dp</dimen>
    <dimen name="x436">254.33dp</dimen>
    <dimen name="x437">254.92dp</dimen>
    <dimen name="x438">255.50dp</dimen>
    <dimen name="x439">256.08dp</dimen>
    <dimen name="x440">256.67dp</dimen>
    <dimen name="x441">257.25dp</dimen>
    <dimen name="x442">257.83dp</dimen>
    <dimen name="x443">258.42dp</dimen>
    <dimen name="x444">259.00dp</dimen>
    <dimen name="x445">259.58dp</dimen>
    <dimen name="x446">260.17dp</dimen>
    <dimen name="x447">260.75dp</dimen>
    <dimen name="x448">261.33dp</dimen>
    <dimen name="x449">261.92dp</dimen>
    <dimen name="x450">262.50dp</dimen>
    <dimen name="x451">263.08dp</dimen>
    <dimen name="x452">263.67dp</dimen>
    <dimen name="x453">264.25dp</dimen>
    <dimen name="x454">264.83dp</dimen>
    <dimen name="x455">265.42dp</dimen>
    <dimen name="x456">266.00dp</dimen>
    <dimen name="x457">266.58dp</dimen>
    <dimen name="x458">267.17dp</dimen>
    <dimen name="x459">267.75dp</dimen>
    <dimen name="x460">268.33dp</dimen>
    <dimen name="x461">268.92dp</dimen>
    <dimen name="x462">269.50dp</dimen>
    <dimen name="x463">270.08dp</dimen>
    <dimen name="x464">270.67dp</dimen>
    <dimen name="x465">271.25dp</dimen>
    <dimen name="x466">271.83dp</dimen>
    <dimen name="x467">272.42dp</dimen>
    <dimen name="x468">273.00dp</dimen>
    <dimen name="x469">273.58dp</dimen>
    <dimen name="x470">274.17dp</dimen>
    <dimen name="x471">274.75dp</dimen>
    <dimen name="x472">275.33dp</dimen>
    <dimen name="x473">275.92dp</dimen>
    <dimen name="x474">276.50dp</dimen>
    <dimen name="x475">277.08dp</dimen>
    <dimen name="x476">277.67dp</dimen>
    <dimen name="x477">278.25dp</dimen>
    <dimen name="x478">278.83dp</dimen>
    <dimen name="x479">279.42dp</dimen>
    <dimen name="x480">280.00dp</dimen>
    <dimen name="x481">280.58dp</dimen>
    <dimen name="x482">281.17dp</dimen>
    <dimen name="x483">281.75dp</dimen>
    <dimen name="x484">282.33dp</dimen>
    <dimen name="x485">282.92dp</dimen>
    <dimen name="x486">283.50dp</dimen>
    <dimen name="x487">284.08dp</dimen>
    <dimen name="x488">284.67dp</dimen>
    <dimen name="x489">285.25dp</dimen>
    <dimen name="x490">285.83dp</dimen>
    <dimen name="x491">286.42dp</dimen>
    <dimen name="x492">287.00dp</dimen>
    <dimen name="x493">287.58dp</dimen>
    <dimen name="x494">288.17dp</dimen>
    <dimen name="x495">288.75dp</dimen>
    <dimen name="x496">289.33dp</dimen>
    <dimen name="x497">289.92dp</dimen>
    <dimen name="x498">290.50dp</dimen>
    <dimen name="x499">291.08dp</dimen>
    <dimen name="x500">291.67dp</dimen>
    <dimen name="x501">292.25dp</dimen>
    <dimen name="x502">292.83dp</dimen>
    <dimen name="x503">293.42dp</dimen>
    <dimen name="x504">294.00dp</dimen>
    <dimen name="x505">294.58dp</dimen>
    <dimen name="x506">295.17dp</dimen>
    <dimen name="x507">295.75dp</dimen>
    <dimen name="x508">296.33dp</dimen>
    <dimen name="x509">296.92dp</dimen>
    <dimen name="x510">297.50dp</dimen>
    <dimen name="x511">298.08dp</dimen>
    <dimen name="x512">298.67dp</dimen>
    <dimen name="x513">299.25dp</dimen>
    <dimen name="x514">299.83dp</dimen>
    <dimen name="x515">300.42dp</dimen>
    <dimen name="x516">301.00dp</dimen>
    <dimen name="x517">301.58dp</dimen>
    <dimen name="x518">302.17dp</dimen>
    <dimen name="x519">302.75dp</dimen>
    <dimen name="x520">303.33dp</dimen>
    <dimen name="x521">303.92dp</dimen>
    <dimen name="x522">304.50dp</dimen>
    <dimen name="x523">305.08dp</dimen>
    <dimen name="x524">305.67dp</dimen>
    <dimen name="x525">306.25dp</dimen>
    <dimen name="x526">306.83dp</dimen>
    <dimen name="x527">307.42dp</dimen>
    <dimen name="x528">308.00dp</dimen>
    <dimen name="x529">308.58dp</dimen>
    <dimen name="x530">309.17dp</dimen>
    <dimen name="x531">309.75dp</dimen>
    <dimen name="x532">310.33dp</dimen>
    <dimen name="x533">310.92dp</dimen>
    <dimen name="x534">311.50dp</dimen>
    <dimen name="x535">312.08dp</dimen>
    <dimen name="x536">312.67dp</dimen>
    <dimen name="x537">313.25dp</dimen>
    <dimen name="x538">313.83dp</dimen>
    <dimen name="x539">314.42dp</dimen>
    <dimen name="x540">315.00dp</dimen>
    <dimen name="x541">315.58dp</dimen>
    <dimen name="x542">316.17dp</dimen>
    <dimen name="x543">316.75dp</dimen>
    <dimen name="x544">317.33dp</dimen>
    <dimen name="x545">317.92dp</dimen>
    <dimen name="x546">318.50dp</dimen>
    <dimen name="x547">319.08dp</dimen>
    <dimen name="x548">319.67dp</dimen>
    <dimen name="x549">320.25dp</dimen>
    <dimen name="x550">320.83dp</dimen>
    <dimen name="x551">321.42dp</dimen>
    <dimen name="x552">322.00dp</dimen>
    <dimen name="x553">322.58dp</dimen>
    <dimen name="x554">323.17dp</dimen>
    <dimen name="x555">323.75dp</dimen>
    <dimen name="x556">324.33dp</dimen>
    <dimen name="x557">324.92dp</dimen>
    <dimen name="x558">325.50dp</dimen>
    <dimen name="x559">326.08dp</dimen>
    <dimen name="x560">326.67dp</dimen>
    <dimen name="x561">327.25dp</dimen>
    <dimen name="x562">327.83dp</dimen>
    <dimen name="x563">328.42dp</dimen>
    <dimen name="x564">329.00dp</dimen>
    <dimen name="x565">329.58dp</dimen>
    <dimen name="x566">330.17dp</dimen>
    <dimen name="x567">330.75dp</dimen>
    <dimen name="x568">331.33dp</dimen>
    <dimen name="x569">331.92dp</dimen>
    <dimen name="x570">332.50dp</dimen>
    <dimen name="x571">333.08dp</dimen>
    <dimen name="x572">333.67dp</dimen>
    <dimen name="x573">334.25dp</dimen>
    <dimen name="x574">334.83dp</dimen>
    <dimen name="x575">335.42dp</dimen>
    <dimen name="x576">336.00dp</dimen>
    <dimen name="x577">336.58dp</dimen>
    <dimen name="x578">337.17dp</dimen>
    <dimen name="x579">337.75dp</dimen>
    <dimen name="x580">338.33dp</dimen>
    <dimen name="x581">338.92dp</dimen>
    <dimen name="x582">339.50dp</dimen>
    <dimen name="x583">340.08dp</dimen>
    <dimen name="x584">340.67dp</dimen>
    <dimen name="x585">341.25dp</dimen>
    <dimen name="x586">341.83dp</dimen>
    <dimen name="x587">342.42dp</dimen>
    <dimen name="x588">343.00dp</dimen>
    <dimen name="x589">343.58dp</dimen>
    <dimen name="x590">344.17dp</dimen>
    <dimen name="x591">344.75dp</dimen>
    <dimen name="x592">345.33dp</dimen>
    <dimen name="x593">345.92dp</dimen>
    <dimen name="x594">346.50dp</dimen>
    <dimen name="x595">347.08dp</dimen>
    <dimen name="x596">347.67dp</dimen>
    <dimen name="x597">348.25dp</dimen>
    <dimen name="x598">348.83dp</dimen>
    <dimen name="x599">349.42dp</dimen>
    <dimen name="x600">350.00dp</dimen>
    <dimen name="x601">350.58dp</dimen>
    <dimen name="x602">351.17dp</dimen>
    <dimen name="x603">351.75dp</dimen>
    <dimen name="x604">352.33dp</dimen>
    <dimen name="x605">352.92dp</dimen>
    <dimen name="x606">353.50dp</dimen>
    <dimen name="x607">354.08dp</dimen>
    <dimen name="x608">354.67dp</dimen>
    <dimen name="x609">355.25dp</dimen>
    <dimen name="x610">355.83dp</dimen>
    <dimen name="x611">356.42dp</dimen>
    <dimen name="x612">357.00dp</dimen>
    <dimen name="x613">357.58dp</dimen>
    <dimen name="x614">358.17dp</dimen>
    <dimen name="x615">358.75dp</dimen>
    <dimen name="x616">359.33dp</dimen>
    <dimen name="x617">359.92dp</dimen>
    <dimen name="x618">360.50dp</dimen>
    <dimen name="x619">361.08dp</dimen>
    <dimen name="x620">361.67dp</dimen>
    <dimen name="x621">362.25dp</dimen>
    <dimen name="x622">362.83dp</dimen>
    <dimen name="x623">363.42dp</dimen>
    <dimen name="x624">364.00dp</dimen>
    <dimen name="x625">364.58dp</dimen>
    <dimen name="x626">365.17dp</dimen>
    <dimen name="x627">365.75dp</dimen>
    <dimen name="x628">366.33dp</dimen>
    <dimen name="x629">366.92dp</dimen>
    <dimen name="x630">367.50dp</dimen>
    <dimen name="x631">368.08dp</dimen>
    <dimen name="x632">368.67dp</dimen>
    <dimen name="x633">369.25dp</dimen>
    <dimen name="x634">369.83dp</dimen>
    <dimen name="x635">370.42dp</dimen>
    <dimen name="x636">371.00dp</dimen>
    <dimen name="x637">371.58dp</dimen>
    <dimen name="x638">372.17dp</dimen>
    <dimen name="x639">372.75dp</dimen>
    <dimen name="x640">373.33dp</dimen>
    <dimen name="x641">373.92dp</dimen>
    <dimen name="x642">374.50dp</dimen>
    <dimen name="x643">375.08dp</dimen>
    <dimen name="x644">375.67dp</dimen>
    <dimen name="x645">376.25dp</dimen>
    <dimen name="x646">376.83dp</dimen>
    <dimen name="x647">377.42dp</dimen>
    <dimen name="x648">378.00dp</dimen>
    <dimen name="x649">378.58dp</dimen>
    <dimen name="x650">379.17dp</dimen>
    <dimen name="x651">379.75dp</dimen>
    <dimen name="x652">380.33dp</dimen>
    <dimen name="x653">380.92dp</dimen>
    <dimen name="x654">381.50dp</dimen>
    <dimen name="x655">382.08dp</dimen>
    <dimen name="x656">382.67dp</dimen>
    <dimen name="x657">383.25dp</dimen>
    <dimen name="x658">383.83dp</dimen>
    <dimen name="x659">384.42dp</dimen>
    <dimen name="x660">385.00dp</dimen>
    <dimen name="x661">385.58dp</dimen>
    <dimen name="x662">386.17dp</dimen>
    <dimen name="x663">386.75dp</dimen>
    <dimen name="x664">387.33dp</dimen>
    <dimen name="x665">387.92dp</dimen>
    <dimen name="x666">388.50dp</dimen>
    <dimen name="x667">389.08dp</dimen>
    <dimen name="x668">389.67dp</dimen>
    <dimen name="x669">390.25dp</dimen>
    <dimen name="x670">390.83dp</dimen>
    <dimen name="x671">391.42dp</dimen>
    <dimen name="x672">392.00dp</dimen>
    <dimen name="x673">392.58dp</dimen>
    <dimen name="x674">393.17dp</dimen>
    <dimen name="x675">393.75dp</dimen>
    <dimen name="x676">394.33dp</dimen>
    <dimen name="x677">394.92dp</dimen>
    <dimen name="x678">395.50dp</dimen>
    <dimen name="x679">396.08dp</dimen>
    <dimen name="x680">396.67dp</dimen>
    <dimen name="x681">397.25dp</dimen>
    <dimen name="x682">397.83dp</dimen>
    <dimen name="x683">398.42dp</dimen>
    <dimen name="x684">399.00dp</dimen>
    <dimen name="x685">399.58dp</dimen>
    <dimen name="x686">400.17dp</dimen>
    <dimen name="x687">400.75dp</dimen>
    <dimen name="x688">401.33dp</dimen>
    <dimen name="x689">401.92dp</dimen>
    <dimen name="x690">402.50dp</dimen>
    <dimen name="x691">403.08dp</dimen>
    <dimen name="x692">403.67dp</dimen>
    <dimen name="x693">404.25dp</dimen>
    <dimen name="x694">404.83dp</dimen>
    <dimen name="x695">405.42dp</dimen>
    <dimen name="x696">406.00dp</dimen>
    <dimen name="x697">406.58dp</dimen>
    <dimen name="x698">407.17dp</dimen>
    <dimen name="x699">407.75dp</dimen>
    <dimen name="x700">408.33dp</dimen>
    <dimen name="x701">408.92dp</dimen>
    <dimen name="x702">409.50dp</dimen>
    <dimen name="x703">410.08dp</dimen>
    <dimen name="x704">410.67dp</dimen>
    <dimen name="x705">411.25dp</dimen>
    <dimen name="x706">411.83dp</dimen>
    <dimen name="x707">412.42dp</dimen>
    <dimen name="x708">413.00dp</dimen>
    <dimen name="x709">413.58dp</dimen>
    <dimen name="x710">414.17dp</dimen>
    <dimen name="x711">414.75dp</dimen>
    <dimen name="x712">415.33dp</dimen>
    <dimen name="x713">415.92dp</dimen>
    <dimen name="x714">416.50dp</dimen>
    <dimen name="x715">417.08dp</dimen>
    <dimen name="x716">417.67dp</dimen>
    <dimen name="x717">418.25dp</dimen>
    <dimen name="x718">418.83dp</dimen>
    <dimen name="x719">419.42dp</dimen>
    <dimen name="x720">420.00dp</dimen>
    <dimen name="x721">420.58dp</dimen>
    <dimen name="x722">421.17dp</dimen>
    <dimen name="x723">421.75dp</dimen>
    <dimen name="x724">422.33dp</dimen>
    <dimen name="x725">422.92dp</dimen>
    <dimen name="x726">423.50dp</dimen>
    <dimen name="x727">424.08dp</dimen>
    <dimen name="x728">424.67dp</dimen>
    <dimen name="x729">425.25dp</dimen>
    <dimen name="x730">425.83dp</dimen>
    <dimen name="x731">426.42dp</dimen>
    <dimen name="x732">427.00dp</dimen>
    <dimen name="x733">427.58dp</dimen>
    <dimen name="x734">428.17dp</dimen>
    <dimen name="x735">428.75dp</dimen>
    <dimen name="x736">429.33dp</dimen>
    <dimen name="x737">429.92dp</dimen>
    <dimen name="x738">430.50dp</dimen>
    <dimen name="x739">431.08dp</dimen>
    <dimen name="x740">431.67dp</dimen>
    <dimen name="x741">432.25dp</dimen>
    <dimen name="x742">432.83dp</dimen>
    <dimen name="x743">433.42dp</dimen>
    <dimen name="x744">434.00dp</dimen>
    <dimen name="x745">434.58dp</dimen>
    <dimen name="x746">435.17dp</dimen>
    <dimen name="x747">435.75dp</dimen>
    <dimen name="x748">436.33dp</dimen>
    <dimen name="x749">436.92dp</dimen>
    <dimen name="x750">437.50dp</dimen>
    <dimen name="x751">438.08dp</dimen>
    <dimen name="x752">438.67dp</dimen>
    <dimen name="x753">439.25dp</dimen>
    <dimen name="x754">439.83dp</dimen>
    <dimen name="x755">440.42dp</dimen>
    <dimen name="x756">441.00dp</dimen>
    <dimen name="x757">441.58dp</dimen>
    <dimen name="x758">442.17dp</dimen>
    <dimen name="x759">442.75dp</dimen>
    <dimen name="x760">443.33dp</dimen>
    <dimen name="x761">443.92dp</dimen>
    <dimen name="x762">444.50dp</dimen>
    <dimen name="x763">445.08dp</dimen>
    <dimen name="x764">445.67dp</dimen>
    <dimen name="x765">446.25dp</dimen>
    <dimen name="x766">446.83dp</dimen>
    <dimen name="x767">447.42dp</dimen>
    <dimen name="x768">448.00dp</dimen>
    <dimen name="x769">448.58dp</dimen>
    <dimen name="x770">449.17dp</dimen>
    <dimen name="x771">449.75dp</dimen>
    <dimen name="x772">450.33dp</dimen>
    <dimen name="x773">450.92dp</dimen>
    <dimen name="x774">451.50dp</dimen>
    <dimen name="x775">452.08dp</dimen>
    <dimen name="x776">452.67dp</dimen>
    <dimen name="x777">453.25dp</dimen>
    <dimen name="x778">453.83dp</dimen>
    <dimen name="x779">454.42dp</dimen>
    <dimen name="x780">455.00dp</dimen>
    <dimen name="x781">455.58dp</dimen>
    <dimen name="x782">456.17dp</dimen>
    <dimen name="x783">456.75dp</dimen>
    <dimen name="x784">457.33dp</dimen>
    <dimen name="x785">457.92dp</dimen>
    <dimen name="x786">458.50dp</dimen>
    <dimen name="x787">459.08dp</dimen>
    <dimen name="x788">459.67dp</dimen>
    <dimen name="x789">460.25dp</dimen>
    <dimen name="x790">460.83dp</dimen>
    <dimen name="x791">461.42dp</dimen>
    <dimen name="x792">462.00dp</dimen>
    <dimen name="x793">462.58dp</dimen>
    <dimen name="x794">463.17dp</dimen>
    <dimen name="x795">463.75dp</dimen>
    <dimen name="x796">464.33dp</dimen>
    <dimen name="x797">464.92dp</dimen>
    <dimen name="x798">465.50dp</dimen>
    <dimen name="x799">466.08dp</dimen>
    <dimen name="x800">466.67dp</dimen>
    <dimen name="x801">467.25dp</dimen>
    <dimen name="x802">467.83dp</dimen>
    <dimen name="x803">468.42dp</dimen>
    <dimen name="x804">469.00dp</dimen>
    <dimen name="x805">469.58dp</dimen>
    <dimen name="x806">470.17dp</dimen>
    <dimen name="x807">470.75dp</dimen>
    <dimen name="x808">471.33dp</dimen>
    <dimen name="x809">471.92dp</dimen>
    <dimen name="x810">472.50dp</dimen>
    <dimen name="x811">473.08dp</dimen>
    <dimen name="x812">473.67dp</dimen>
    <dimen name="x813">474.25dp</dimen>
    <dimen name="x814">474.83dp</dimen>
    <dimen name="x815">475.42dp</dimen>
    <dimen name="x816">476.00dp</dimen>
    <dimen name="x817">476.58dp</dimen>
    <dimen name="x818">477.17dp</dimen>
    <dimen name="x819">477.75dp</dimen>
    <dimen name="x820">478.33dp</dimen>
    <dimen name="x821">478.92dp</dimen>
    <dimen name="x822">479.50dp</dimen>
    <dimen name="x823">480.08dp</dimen>
    <dimen name="x824">480.67dp</dimen>
    <dimen name="x825">481.25dp</dimen>
    <dimen name="x826">481.83dp</dimen>
    <dimen name="x827">482.42dp</dimen>
    <dimen name="x828">483.00dp</dimen>
    <dimen name="x829">483.58dp</dimen>
    <dimen name="x830">484.17dp</dimen>
    <dimen name="x831">484.75dp</dimen>
    <dimen name="x832">485.33dp</dimen>
    <dimen name="x833">485.92dp</dimen>
    <dimen name="x834">486.50dp</dimen>
    <dimen name="x835">487.08dp</dimen>
    <dimen name="x836">487.67dp</dimen>
    <dimen name="x837">488.25dp</dimen>
    <dimen name="x838">488.83dp</dimen>
    <dimen name="x839">489.42dp</dimen>
    <dimen name="x840">490.00dp</dimen>
    <dimen name="x841">490.58dp</dimen>
    <dimen name="x842">491.17dp</dimen>
    <dimen name="x843">491.75dp</dimen>
    <dimen name="x844">492.33dp</dimen>
    <dimen name="x845">492.92dp</dimen>
    <dimen name="x846">493.50dp</dimen>
    <dimen name="x847">494.08dp</dimen>
    <dimen name="x848">494.67dp</dimen>
    <dimen name="x849">495.25dp</dimen>
    <dimen name="x850">495.83dp</dimen>
    <dimen name="x851">496.42dp</dimen>
    <dimen name="x852">497.00dp</dimen>
    <dimen name="x853">497.58dp</dimen>
    <dimen name="x854">498.17dp</dimen>
    <dimen name="x855">498.75dp</dimen>
    <dimen name="x856">499.33dp</dimen>
    <dimen name="x857">499.92dp</dimen>
    <dimen name="x858">500.50dp</dimen>
    <dimen name="x859">501.08dp</dimen>
    <dimen name="x860">501.67dp</dimen>
    <dimen name="x861">502.25dp</dimen>
    <dimen name="x862">502.83dp</dimen>
    <dimen name="x863">503.42dp</dimen>
    <dimen name="x864">504.00dp</dimen>
    <dimen name="x865">504.58dp</dimen>
    <dimen name="x866">505.17dp</dimen>
    <dimen name="x867">505.75dp</dimen>
    <dimen name="x868">506.33dp</dimen>
    <dimen name="x869">506.92dp</dimen>
    <dimen name="x870">507.50dp</dimen>
    <dimen name="x871">508.08dp</dimen>
    <dimen name="x872">508.67dp</dimen>
    <dimen name="x873">509.25dp</dimen>
    <dimen name="x874">509.83dp</dimen>
    <dimen name="x875">510.42dp</dimen>
    <dimen name="x876">511.00dp</dimen>
    <dimen name="x877">511.58dp</dimen>
    <dimen name="x878">512.17dp</dimen>
    <dimen name="x879">512.75dp</dimen>
    <dimen name="x880">513.33dp</dimen>
    <dimen name="x881">513.92dp</dimen>
    <dimen name="x882">514.50dp</dimen>
    <dimen name="x883">515.08dp</dimen>
    <dimen name="x884">515.67dp</dimen>
    <dimen name="x885">516.25dp</dimen>
    <dimen name="x886">516.83dp</dimen>
    <dimen name="x887">517.42dp</dimen>
    <dimen name="x888">518.00dp</dimen>
    <dimen name="x889">518.58dp</dimen>
    <dimen name="x890">519.17dp</dimen>
    <dimen name="x891">519.75dp</dimen>
    <dimen name="x892">520.33dp</dimen>
    <dimen name="x893">520.92dp</dimen>
    <dimen name="x894">521.50dp</dimen>
    <dimen name="x895">522.08dp</dimen>
    <dimen name="x896">522.67dp</dimen>
    <dimen name="x897">523.25dp</dimen>
    <dimen name="x898">523.83dp</dimen>
    <dimen name="x899">524.42dp</dimen>
    <dimen name="x900">525.00dp</dimen>
    <dimen name="x901">525.58dp</dimen>
    <dimen name="x902">526.17dp</dimen>
    <dimen name="x903">526.75dp</dimen>
    <dimen name="x904">527.33dp</dimen>
    <dimen name="x905">527.92dp</dimen>
    <dimen name="x906">528.50dp</dimen>
    <dimen name="x907">529.08dp</dimen>
    <dimen name="x908">529.67dp</dimen>
    <dimen name="x909">530.25dp</dimen>
    <dimen name="x910">530.83dp</dimen>
    <dimen name="x911">531.42dp</dimen>
    <dimen name="x912">532.00dp</dimen>
    <dimen name="x913">532.58dp</dimen>
    <dimen name="x914">533.17dp</dimen>
    <dimen name="x915">533.75dp</dimen>
    <dimen name="x916">534.33dp</dimen>
    <dimen name="x917">534.92dp</dimen>
    <dimen name="x918">535.50dp</dimen>
    <dimen name="x919">536.08dp</dimen>
    <dimen name="x920">536.67dp</dimen>
    <dimen name="x921">537.25dp</dimen>
    <dimen name="x922">537.83dp</dimen>
    <dimen name="x923">538.42dp</dimen>
    <dimen name="x924">539.00dp</dimen>
    <dimen name="x925">539.58dp</dimen>
    <dimen name="x926">540.17dp</dimen>
    <dimen name="x927">540.75dp</dimen>
    <dimen name="x928">541.33dp</dimen>
    <dimen name="x929">541.92dp</dimen>
    <dimen name="x930">542.50dp</dimen>
    <dimen name="x931">543.08dp</dimen>
    <dimen name="x932">543.67dp</dimen>
    <dimen name="x933">544.25dp</dimen>
    <dimen name="x934">544.83dp</dimen>
    <dimen name="x935">545.42dp</dimen>
    <dimen name="x936">546.00dp</dimen>
    <dimen name="x937">546.58dp</dimen>
    <dimen name="x938">547.17dp</dimen>
    <dimen name="x939">547.75dp</dimen>
    <dimen name="x940">548.33dp</dimen>
    <dimen name="x941">548.92dp</dimen>
    <dimen name="x942">549.50dp</dimen>
    <dimen name="x943">550.08dp</dimen>
    <dimen name="x944">550.67dp</dimen>
    <dimen name="x945">551.25dp</dimen>
    <dimen name="x946">551.83dp</dimen>
    <dimen name="x947">552.42dp</dimen>
    <dimen name="x948">553.00dp</dimen>
    <dimen name="x949">553.58dp</dimen>
    <dimen name="x950">554.17dp</dimen>
    <dimen name="x951">554.75dp</dimen>
    <dimen name="x952">555.33dp</dimen>
    <dimen name="x953">555.92dp</dimen>
    <dimen name="x954">556.50dp</dimen>
    <dimen name="x955">557.08dp</dimen>
    <dimen name="x956">557.67dp</dimen>
    <dimen name="x957">558.25dp</dimen>
    <dimen name="x958">558.83dp</dimen>
    <dimen name="x959">559.42dp</dimen>
    <dimen name="x960">560.00dp</dimen>
    <dimen name="x961">560.58dp</dimen>
    <dimen name="x962">561.17dp</dimen>
    <dimen name="x963">561.75dp</dimen>
    <dimen name="x964">562.33dp</dimen>
    <dimen name="x965">562.92dp</dimen>
    <dimen name="x966">563.50dp</dimen>
    <dimen name="x967">564.08dp</dimen>
    <dimen name="x968">564.67dp</dimen>
    <dimen name="x969">565.25dp</dimen>
    <dimen name="x970">565.83dp</dimen>
    <dimen name="x971">566.42dp</dimen>
    <dimen name="x972">567.00dp</dimen>
    <dimen name="x973">567.58dp</dimen>
    <dimen name="x974">568.17dp</dimen>
    <dimen name="x975">568.75dp</dimen>
    <dimen name="x976">569.33dp</dimen>
    <dimen name="x977">569.92dp</dimen>
    <dimen name="x978">570.50dp</dimen>
    <dimen name="x979">571.08dp</dimen>
    <dimen name="x980">571.67dp</dimen>
    <dimen name="x981">572.25dp</dimen>
    <dimen name="x982">572.83dp</dimen>
    <dimen name="x983">573.42dp</dimen>
    <dimen name="x984">574.00dp</dimen>
    <dimen name="x985">574.58dp</dimen>
    <dimen name="x986">575.17dp</dimen>
    <dimen name="x987">575.75dp</dimen>
    <dimen name="x988">576.33dp</dimen>
    <dimen name="x989">576.92dp</dimen>
    <dimen name="x990">577.50dp</dimen>
    <dimen name="x991">578.08dp</dimen>
    <dimen name="x992">578.67dp</dimen>
    <dimen name="x993">579.25dp</dimen>
    <dimen name="x994">579.83dp</dimen>
    <dimen name="x995">580.42dp</dimen>
    <dimen name="x996">581.00dp</dimen>
    <dimen name="x997">581.58dp</dimen>
    <dimen name="x998">582.17dp</dimen>
    <dimen name="x999">582.75dp</dimen>
    <dimen name="x1000">583.33dp</dimen>
    <dimen name="x1001">583.92dp</dimen>
    <dimen name="x1002">584.50dp</dimen>
    <dimen name="x1003">585.08dp</dimen>
    <dimen name="x1004">585.67dp</dimen>
    <dimen name="x1005">586.25dp</dimen>
    <dimen name="x1006">586.83dp</dimen>
    <dimen name="x1007">587.42dp</dimen>
    <dimen name="x1008">588.00dp</dimen>
    <dimen name="x1009">588.58dp</dimen>
    <dimen name="x1010">589.17dp</dimen>
    <dimen name="x1011">589.75dp</dimen>
    <dimen name="x1012">590.33dp</dimen>
    <dimen name="x1013">590.92dp</dimen>
    <dimen name="x1014">591.50dp</dimen>
    <dimen name="x1015">592.08dp</dimen>
    <dimen name="x1016">592.67dp</dimen>
    <dimen name="x1017">593.25dp</dimen>
    <dimen name="x1018">593.83dp</dimen>
    <dimen name="x1019">594.42dp</dimen>
    <dimen name="x1020">595.00dp</dimen>
    <dimen name="x1021">595.58dp</dimen>
    <dimen name="x1022">596.17dp</dimen>
    <dimen name="x1023">596.75dp</dimen>
    <dimen name="x1024">597.33dp</dimen>
    <dimen name="x1025">597.92dp</dimen>
    <dimen name="x1026">598.50dp</dimen>
    <dimen name="x1027">599.08dp</dimen>
    <dimen name="x1028">599.67dp</dimen>
    <dimen name="x1029">600.25dp</dimen>
    <dimen name="x1030">600.83dp</dimen>
    <dimen name="x1031">601.42dp</dimen>
    <dimen name="x1032">602.00dp</dimen>
    <dimen name="x1033">602.58dp</dimen>
    <dimen name="x1034">603.17dp</dimen>
    <dimen name="x1035">603.75dp</dimen>
    <dimen name="x1036">604.33dp</dimen>
    <dimen name="x1037">604.92dp</dimen>
    <dimen name="x1038">605.50dp</dimen>
    <dimen name="x1039">606.08dp</dimen>
    <dimen name="x1040">606.67dp</dimen>
    <dimen name="x1041">607.25dp</dimen>
    <dimen name="x1042">607.83dp</dimen>
    <dimen name="x1043">608.42dp</dimen>
    <dimen name="x1044">609.00dp</dimen>
    <dimen name="x1045">609.58dp</dimen>
    <dimen name="x1046">610.17dp</dimen>
    <dimen name="x1047">610.75dp</dimen>
    <dimen name="x1048">611.33dp</dimen>
    <dimen name="x1049">611.92dp</dimen>
    <dimen name="x1050">612.50dp</dimen>
    <dimen name="x1051">613.08dp</dimen>
    <dimen name="x1052">613.67dp</dimen>
    <dimen name="x1053">614.25dp</dimen>
    <dimen name="x1054">614.83dp</dimen>
    <dimen name="x1055">615.42dp</dimen>
    <dimen name="x1056">616.00dp</dimen>
    <dimen name="x1057">616.58dp</dimen>
    <dimen name="x1058">617.17dp</dimen>
    <dimen name="x1059">617.75dp</dimen>
    <dimen name="x1060">618.33dp</dimen>
    <dimen name="x1061">618.92dp</dimen>
    <dimen name="x1062">619.50dp</dimen>
    <dimen name="x1063">620.08dp</dimen>
    <dimen name="x1064">620.67dp</dimen>
    <dimen name="x1065">621.25dp</dimen>
    <dimen name="x1066">621.83dp</dimen>
    <dimen name="x1067">622.42dp</dimen>
    <dimen name="x1068">623.00dp</dimen>
    <dimen name="x1069">623.58dp</dimen>
    <dimen name="x1070">624.17dp</dimen>
    <dimen name="x1071">624.75dp</dimen>
    <dimen name="x1072">625.33dp</dimen>
    <dimen name="x1073">625.92dp</dimen>
    <dimen name="x1074">626.50dp</dimen>
    <dimen name="x1075">627.08dp</dimen>
    <dimen name="x1076">627.67dp</dimen>
    <dimen name="x1077">628.25dp</dimen>
    <dimen name="x1078">628.83dp</dimen>
    <dimen name="x1079">629.42dp</dimen>
    <dimen name="x1080">630.00dp</dimen>
</resources>