<?xml version="1.0" encoding="utf-8"?>
<resources>
    <string name="sw_dp">1230dp</string>
    <dimen name="x1">1.14dp</dimen>
    <dimen name="x2">2.28dp</dimen>
    <dimen name="x3">3.42dp</dimen>
    <dimen name="x4">4.56dp</dimen>
    <dimen name="x5">5.69dp</dimen>
    <dimen name="x6">6.83dp</dimen>
    <dimen name="x7">7.97dp</dimen>
    <dimen name="x8">9.11dp</dimen>
    <dimen name="x9">10.25dp</dimen>
    <dimen name="x10">11.39dp</dimen>
    <dimen name="x11">12.53dp</dimen>
    <dimen name="x12">13.67dp</dimen>
    <dimen name="x13">14.81dp</dimen>
    <dimen name="x14">15.94dp</dimen>
    <dimen name="x15">17.08dp</dimen>
    <dimen name="x16">18.22dp</dimen>
    <dimen name="x17">19.36dp</dimen>
    <dimen name="x18">20.50dp</dimen>
    <dimen name="x19">21.64dp</dimen>
    <dimen name="x20">22.78dp</dimen>
    <dimen name="x21">23.92dp</dimen>
    <dimen name="x22">25.06dp</dimen>
    <dimen name="x23">26.19dp</dimen>
    <dimen name="x24">27.33dp</dimen>
    <dimen name="x25">28.47dp</dimen>
    <dimen name="x26">29.61dp</dimen>
    <dimen name="x27">30.75dp</dimen>
    <dimen name="x28">31.89dp</dimen>
    <dimen name="x29">33.03dp</dimen>
    <dimen name="x30">34.17dp</dimen>
    <dimen name="x31">35.31dp</dimen>
    <dimen name="x32">36.44dp</dimen>
    <dimen name="x33">37.58dp</dimen>
    <dimen name="x34">38.72dp</dimen>
    <dimen name="x35">39.86dp</dimen>
    <dimen name="x36">41.00dp</dimen>
    <dimen name="x37">42.14dp</dimen>
    <dimen name="x38">43.28dp</dimen>
    <dimen name="x39">44.42dp</dimen>
    <dimen name="x40">45.56dp</dimen>
    <dimen name="x41">46.69dp</dimen>
    <dimen name="x42">47.83dp</dimen>
    <dimen name="x43">48.97dp</dimen>
    <dimen name="x44">50.11dp</dimen>
    <dimen name="x45">51.25dp</dimen>
    <dimen name="x46">52.39dp</dimen>
    <dimen name="x47">53.53dp</dimen>
    <dimen name="x48">54.67dp</dimen>
    <dimen name="x49">55.81dp</dimen>
    <dimen name="x50">56.94dp</dimen>
    <dimen name="x51">58.08dp</dimen>
    <dimen name="x52">59.22dp</dimen>
    <dimen name="x53">60.36dp</dimen>
    <dimen name="x54">61.50dp</dimen>
    <dimen name="x55">62.64dp</dimen>
    <dimen name="x56">63.78dp</dimen>
    <dimen name="x57">64.92dp</dimen>
    <dimen name="x58">66.06dp</dimen>
    <dimen name="x59">67.19dp</dimen>
    <dimen name="x60">68.33dp</dimen>
    <dimen name="x61">69.47dp</dimen>
    <dimen name="x62">70.61dp</dimen>
    <dimen name="x63">71.75dp</dimen>
    <dimen name="x64">72.89dp</dimen>
    <dimen name="x65">74.03dp</dimen>
    <dimen name="x66">75.17dp</dimen>
    <dimen name="x67">76.31dp</dimen>
    <dimen name="x68">77.44dp</dimen>
    <dimen name="x69">78.58dp</dimen>
    <dimen name="x70">79.72dp</dimen>
    <dimen name="x71">80.86dp</dimen>
    <dimen name="x72">82.00dp</dimen>
    <dimen name="x73">83.14dp</dimen>
    <dimen name="x74">84.28dp</dimen>
    <dimen name="x75">85.42dp</dimen>
    <dimen name="x76">86.56dp</dimen>
    <dimen name="x77">87.69dp</dimen>
    <dimen name="x78">88.83dp</dimen>
    <dimen name="x79">89.97dp</dimen>
    <dimen name="x80">91.11dp</dimen>
    <dimen name="x81">92.25dp</dimen>
    <dimen name="x82">93.39dp</dimen>
    <dimen name="x83">94.53dp</dimen>
    <dimen name="x84">95.67dp</dimen>
    <dimen name="x85">96.81dp</dimen>
    <dimen name="x86">97.94dp</dimen>
    <dimen name="x87">99.08dp</dimen>
    <dimen name="x88">100.22dp</dimen>
    <dimen name="x89">101.36dp</dimen>
    <dimen name="x90">102.50dp</dimen>
    <dimen name="x91">103.64dp</dimen>
    <dimen name="x92">104.78dp</dimen>
    <dimen name="x93">105.92dp</dimen>
    <dimen name="x94">107.06dp</dimen>
    <dimen name="x95">108.19dp</dimen>
    <dimen name="x96">109.33dp</dimen>
    <dimen name="x97">110.47dp</dimen>
    <dimen name="x98">111.61dp</dimen>
    <dimen name="x99">112.75dp</dimen>
    <dimen name="x100">113.89dp</dimen>
    <dimen name="x101">115.03dp</dimen>
    <dimen name="x102">116.17dp</dimen>
    <dimen name="x103">117.31dp</dimen>
    <dimen name="x104">118.44dp</dimen>
    <dimen name="x105">119.58dp</dimen>
    <dimen name="x106">120.72dp</dimen>
    <dimen name="x107">121.86dp</dimen>
    <dimen name="x108">123.00dp</dimen>
    <dimen name="x109">124.14dp</dimen>
    <dimen name="x110">125.28dp</dimen>
    <dimen name="x111">126.42dp</dimen>
    <dimen name="x112">127.56dp</dimen>
    <dimen name="x113">128.69dp</dimen>
    <dimen name="x114">129.83dp</dimen>
    <dimen name="x115">130.97dp</dimen>
    <dimen name="x116">132.11dp</dimen>
    <dimen name="x117">133.25dp</dimen>
    <dimen name="x118">134.39dp</dimen>
    <dimen name="x119">135.53dp</dimen>
    <dimen name="x120">136.67dp</dimen>
    <dimen name="x121">137.81dp</dimen>
    <dimen name="x122">138.94dp</dimen>
    <dimen name="x123">140.08dp</dimen>
    <dimen name="x124">141.22dp</dimen>
    <dimen name="x125">142.36dp</dimen>
    <dimen name="x126">143.50dp</dimen>
    <dimen name="x127">144.64dp</dimen>
    <dimen name="x128">145.78dp</dimen>
    <dimen name="x129">146.92dp</dimen>
    <dimen name="x130">148.06dp</dimen>
    <dimen name="x131">149.19dp</dimen>
    <dimen name="x132">150.33dp</dimen>
    <dimen name="x133">151.47dp</dimen>
    <dimen name="x134">152.61dp</dimen>
    <dimen name="x135">153.75dp</dimen>
    <dimen name="x136">154.89dp</dimen>
    <dimen name="x137">156.03dp</dimen>
    <dimen name="x138">157.17dp</dimen>
    <dimen name="x139">158.31dp</dimen>
    <dimen name="x140">159.44dp</dimen>
    <dimen name="x141">160.58dp</dimen>
    <dimen name="x142">161.72dp</dimen>
    <dimen name="x143">162.86dp</dimen>
    <dimen name="x144">164.00dp</dimen>
    <dimen name="x145">165.14dp</dimen>
    <dimen name="x146">166.28dp</dimen>
    <dimen name="x147">167.42dp</dimen>
    <dimen name="x148">168.56dp</dimen>
    <dimen name="x149">169.69dp</dimen>
    <dimen name="x150">170.83dp</dimen>
    <dimen name="x151">171.97dp</dimen>
    <dimen name="x152">173.11dp</dimen>
    <dimen name="x153">174.25dp</dimen>
    <dimen name="x154">175.39dp</dimen>
    <dimen name="x155">176.53dp</dimen>
    <dimen name="x156">177.67dp</dimen>
    <dimen name="x157">178.81dp</dimen>
    <dimen name="x158">179.94dp</dimen>
    <dimen name="x159">181.08dp</dimen>
    <dimen name="x160">182.22dp</dimen>
    <dimen name="x161">183.36dp</dimen>
    <dimen name="x162">184.50dp</dimen>
    <dimen name="x163">185.64dp</dimen>
    <dimen name="x164">186.78dp</dimen>
    <dimen name="x165">187.92dp</dimen>
    <dimen name="x166">189.06dp</dimen>
    <dimen name="x167">190.19dp</dimen>
    <dimen name="x168">191.33dp</dimen>
    <dimen name="x169">192.47dp</dimen>
    <dimen name="x170">193.61dp</dimen>
    <dimen name="x171">194.75dp</dimen>
    <dimen name="x172">195.89dp</dimen>
    <dimen name="x173">197.03dp</dimen>
    <dimen name="x174">198.17dp</dimen>
    <dimen name="x175">199.31dp</dimen>
    <dimen name="x176">200.44dp</dimen>
    <dimen name="x177">201.58dp</dimen>
    <dimen name="x178">202.72dp</dimen>
    <dimen name="x179">203.86dp</dimen>
    <dimen name="x180">205.00dp</dimen>
    <dimen name="x181">206.14dp</dimen>
    <dimen name="x182">207.28dp</dimen>
    <dimen name="x183">208.42dp</dimen>
    <dimen name="x184">209.56dp</dimen>
    <dimen name="x185">210.69dp</dimen>
    <dimen name="x186">211.83dp</dimen>
    <dimen name="x187">212.97dp</dimen>
    <dimen name="x188">214.11dp</dimen>
    <dimen name="x189">215.25dp</dimen>
    <dimen name="x190">216.39dp</dimen>
    <dimen name="x191">217.53dp</dimen>
    <dimen name="x192">218.67dp</dimen>
    <dimen name="x193">219.81dp</dimen>
    <dimen name="x194">220.94dp</dimen>
    <dimen name="x195">222.08dp</dimen>
    <dimen name="x196">223.22dp</dimen>
    <dimen name="x197">224.36dp</dimen>
    <dimen name="x198">225.50dp</dimen>
    <dimen name="x199">226.64dp</dimen>
    <dimen name="x200">227.78dp</dimen>
    <dimen name="x201">228.92dp</dimen>
    <dimen name="x202">230.06dp</dimen>
    <dimen name="x203">231.19dp</dimen>
    <dimen name="x204">232.33dp</dimen>
    <dimen name="x205">233.47dp</dimen>
    <dimen name="x206">234.61dp</dimen>
    <dimen name="x207">235.75dp</dimen>
    <dimen name="x208">236.89dp</dimen>
    <dimen name="x209">238.03dp</dimen>
    <dimen name="x210">239.17dp</dimen>
    <dimen name="x211">240.31dp</dimen>
    <dimen name="x212">241.44dp</dimen>
    <dimen name="x213">242.58dp</dimen>
    <dimen name="x214">243.72dp</dimen>
    <dimen name="x215">244.86dp</dimen>
    <dimen name="x216">246.00dp</dimen>
    <dimen name="x217">247.14dp</dimen>
    <dimen name="x218">248.28dp</dimen>
    <dimen name="x219">249.42dp</dimen>
    <dimen name="x220">250.56dp</dimen>
    <dimen name="x221">251.69dp</dimen>
    <dimen name="x222">252.83dp</dimen>
    <dimen name="x223">253.97dp</dimen>
    <dimen name="x224">255.11dp</dimen>
    <dimen name="x225">256.25dp</dimen>
    <dimen name="x226">257.39dp</dimen>
    <dimen name="x227">258.53dp</dimen>
    <dimen name="x228">259.67dp</dimen>
    <dimen name="x229">260.81dp</dimen>
    <dimen name="x230">261.94dp</dimen>
    <dimen name="x231">263.08dp</dimen>
    <dimen name="x232">264.22dp</dimen>
    <dimen name="x233">265.36dp</dimen>
    <dimen name="x234">266.50dp</dimen>
    <dimen name="x235">267.64dp</dimen>
    <dimen name="x236">268.78dp</dimen>
    <dimen name="x237">269.92dp</dimen>
    <dimen name="x238">271.06dp</dimen>
    <dimen name="x239">272.19dp</dimen>
    <dimen name="x240">273.33dp</dimen>
    <dimen name="x241">274.47dp</dimen>
    <dimen name="x242">275.61dp</dimen>
    <dimen name="x243">276.75dp</dimen>
    <dimen name="x244">277.89dp</dimen>
    <dimen name="x245">279.03dp</dimen>
    <dimen name="x246">280.17dp</dimen>
    <dimen name="x247">281.31dp</dimen>
    <dimen name="x248">282.44dp</dimen>
    <dimen name="x249">283.58dp</dimen>
    <dimen name="x250">284.72dp</dimen>
    <dimen name="x251">285.86dp</dimen>
    <dimen name="x252">287.00dp</dimen>
    <dimen name="x253">288.14dp</dimen>
    <dimen name="x254">289.28dp</dimen>
    <dimen name="x255">290.42dp</dimen>
    <dimen name="x256">291.56dp</dimen>
    <dimen name="x257">292.69dp</dimen>
    <dimen name="x258">293.83dp</dimen>
    <dimen name="x259">294.97dp</dimen>
    <dimen name="x260">296.11dp</dimen>
    <dimen name="x261">297.25dp</dimen>
    <dimen name="x262">298.39dp</dimen>
    <dimen name="x263">299.53dp</dimen>
    <dimen name="x264">300.67dp</dimen>
    <dimen name="x265">301.81dp</dimen>
    <dimen name="x266">302.94dp</dimen>
    <dimen name="x267">304.08dp</dimen>
    <dimen name="x268">305.22dp</dimen>
    <dimen name="x269">306.36dp</dimen>
    <dimen name="x270">307.50dp</dimen>
    <dimen name="x271">308.64dp</dimen>
    <dimen name="x272">309.78dp</dimen>
    <dimen name="x273">310.92dp</dimen>
    <dimen name="x274">312.06dp</dimen>
    <dimen name="x275">313.19dp</dimen>
    <dimen name="x276">314.33dp</dimen>
    <dimen name="x277">315.47dp</dimen>
    <dimen name="x278">316.61dp</dimen>
    <dimen name="x279">317.75dp</dimen>
    <dimen name="x280">318.89dp</dimen>
    <dimen name="x281">320.03dp</dimen>
    <dimen name="x282">321.17dp</dimen>
    <dimen name="x283">322.31dp</dimen>
    <dimen name="x284">323.44dp</dimen>
    <dimen name="x285">324.58dp</dimen>
    <dimen name="x286">325.72dp</dimen>
    <dimen name="x287">326.86dp</dimen>
    <dimen name="x288">328.00dp</dimen>
    <dimen name="x289">329.14dp</dimen>
    <dimen name="x290">330.28dp</dimen>
    <dimen name="x291">331.42dp</dimen>
    <dimen name="x292">332.56dp</dimen>
    <dimen name="x293">333.69dp</dimen>
    <dimen name="x294">334.83dp</dimen>
    <dimen name="x295">335.97dp</dimen>
    <dimen name="x296">337.11dp</dimen>
    <dimen name="x297">338.25dp</dimen>
    <dimen name="x298">339.39dp</dimen>
    <dimen name="x299">340.53dp</dimen>
    <dimen name="x300">341.67dp</dimen>
    <dimen name="x301">342.81dp</dimen>
    <dimen name="x302">343.94dp</dimen>
    <dimen name="x303">345.08dp</dimen>
    <dimen name="x304">346.22dp</dimen>
    <dimen name="x305">347.36dp</dimen>
    <dimen name="x306">348.50dp</dimen>
    <dimen name="x307">349.64dp</dimen>
    <dimen name="x308">350.78dp</dimen>
    <dimen name="x309">351.92dp</dimen>
    <dimen name="x310">353.06dp</dimen>
    <dimen name="x311">354.19dp</dimen>
    <dimen name="x312">355.33dp</dimen>
    <dimen name="x313">356.47dp</dimen>
    <dimen name="x314">357.61dp</dimen>
    <dimen name="x315">358.75dp</dimen>
    <dimen name="x316">359.89dp</dimen>
    <dimen name="x317">361.03dp</dimen>
    <dimen name="x318">362.17dp</dimen>
    <dimen name="x319">363.31dp</dimen>
    <dimen name="x320">364.44dp</dimen>
    <dimen name="x321">365.58dp</dimen>
    <dimen name="x322">366.72dp</dimen>
    <dimen name="x323">367.86dp</dimen>
    <dimen name="x324">369.00dp</dimen>
    <dimen name="x325">370.14dp</dimen>
    <dimen name="x326">371.28dp</dimen>
    <dimen name="x327">372.42dp</dimen>
    <dimen name="x328">373.56dp</dimen>
    <dimen name="x329">374.69dp</dimen>
    <dimen name="x330">375.83dp</dimen>
    <dimen name="x331">376.97dp</dimen>
    <dimen name="x332">378.11dp</dimen>
    <dimen name="x333">379.25dp</dimen>
    <dimen name="x334">380.39dp</dimen>
    <dimen name="x335">381.53dp</dimen>
    <dimen name="x336">382.67dp</dimen>
    <dimen name="x337">383.81dp</dimen>
    <dimen name="x338">384.94dp</dimen>
    <dimen name="x339">386.08dp</dimen>
    <dimen name="x340">387.22dp</dimen>
    <dimen name="x341">388.36dp</dimen>
    <dimen name="x342">389.50dp</dimen>
    <dimen name="x343">390.64dp</dimen>
    <dimen name="x344">391.78dp</dimen>
    <dimen name="x345">392.92dp</dimen>
    <dimen name="x346">394.06dp</dimen>
    <dimen name="x347">395.19dp</dimen>
    <dimen name="x348">396.33dp</dimen>
    <dimen name="x349">397.47dp</dimen>
    <dimen name="x350">398.61dp</dimen>
    <dimen name="x351">399.75dp</dimen>
    <dimen name="x352">400.89dp</dimen>
    <dimen name="x353">402.03dp</dimen>
    <dimen name="x354">403.17dp</dimen>
    <dimen name="x355">404.31dp</dimen>
    <dimen name="x356">405.44dp</dimen>
    <dimen name="x357">406.58dp</dimen>
    <dimen name="x358">407.72dp</dimen>
    <dimen name="x359">408.86dp</dimen>
    <dimen name="x360">410.00dp</dimen>
    <dimen name="x361">411.14dp</dimen>
    <dimen name="x362">412.28dp</dimen>
    <dimen name="x363">413.42dp</dimen>
    <dimen name="x364">414.56dp</dimen>
    <dimen name="x365">415.69dp</dimen>
    <dimen name="x366">416.83dp</dimen>
    <dimen name="x367">417.97dp</dimen>
    <dimen name="x368">419.11dp</dimen>
    <dimen name="x369">420.25dp</dimen>
    <dimen name="x370">421.39dp</dimen>
    <dimen name="x371">422.53dp</dimen>
    <dimen name="x372">423.67dp</dimen>
    <dimen name="x373">424.81dp</dimen>
    <dimen name="x374">425.94dp</dimen>
    <dimen name="x375">427.08dp</dimen>
    <dimen name="x376">428.22dp</dimen>
    <dimen name="x377">429.36dp</dimen>
    <dimen name="x378">430.50dp</dimen>
    <dimen name="x379">431.64dp</dimen>
    <dimen name="x380">432.78dp</dimen>
    <dimen name="x381">433.92dp</dimen>
    <dimen name="x382">435.06dp</dimen>
    <dimen name="x383">436.19dp</dimen>
    <dimen name="x384">437.33dp</dimen>
    <dimen name="x385">438.47dp</dimen>
    <dimen name="x386">439.61dp</dimen>
    <dimen name="x387">440.75dp</dimen>
    <dimen name="x388">441.89dp</dimen>
    <dimen name="x389">443.03dp</dimen>
    <dimen name="x390">444.17dp</dimen>
    <dimen name="x391">445.31dp</dimen>
    <dimen name="x392">446.44dp</dimen>
    <dimen name="x393">447.58dp</dimen>
    <dimen name="x394">448.72dp</dimen>
    <dimen name="x395">449.86dp</dimen>
    <dimen name="x396">451.00dp</dimen>
    <dimen name="x397">452.14dp</dimen>
    <dimen name="x398">453.28dp</dimen>
    <dimen name="x399">454.42dp</dimen>
    <dimen name="x400">455.56dp</dimen>
    <dimen name="x401">456.69dp</dimen>
    <dimen name="x402">457.83dp</dimen>
    <dimen name="x403">458.97dp</dimen>
    <dimen name="x404">460.11dp</dimen>
    <dimen name="x405">461.25dp</dimen>
    <dimen name="x406">462.39dp</dimen>
    <dimen name="x407">463.53dp</dimen>
    <dimen name="x408">464.67dp</dimen>
    <dimen name="x409">465.81dp</dimen>
    <dimen name="x410">466.94dp</dimen>
    <dimen name="x411">468.08dp</dimen>
    <dimen name="x412">469.22dp</dimen>
    <dimen name="x413">470.36dp</dimen>
    <dimen name="x414">471.50dp</dimen>
    <dimen name="x415">472.64dp</dimen>
    <dimen name="x416">473.78dp</dimen>
    <dimen name="x417">474.92dp</dimen>
    <dimen name="x418">476.06dp</dimen>
    <dimen name="x419">477.19dp</dimen>
    <dimen name="x420">478.33dp</dimen>
    <dimen name="x421">479.47dp</dimen>
    <dimen name="x422">480.61dp</dimen>
    <dimen name="x423">481.75dp</dimen>
    <dimen name="x424">482.89dp</dimen>
    <dimen name="x425">484.03dp</dimen>
    <dimen name="x426">485.17dp</dimen>
    <dimen name="x427">486.31dp</dimen>
    <dimen name="x428">487.44dp</dimen>
    <dimen name="x429">488.58dp</dimen>
    <dimen name="x430">489.72dp</dimen>
    <dimen name="x431">490.86dp</dimen>
    <dimen name="x432">492.00dp</dimen>
    <dimen name="x433">493.14dp</dimen>
    <dimen name="x434">494.28dp</dimen>
    <dimen name="x435">495.42dp</dimen>
    <dimen name="x436">496.56dp</dimen>
    <dimen name="x437">497.69dp</dimen>
    <dimen name="x438">498.83dp</dimen>
    <dimen name="x439">499.97dp</dimen>
    <dimen name="x440">501.11dp</dimen>
    <dimen name="x441">502.25dp</dimen>
    <dimen name="x442">503.39dp</dimen>
    <dimen name="x443">504.53dp</dimen>
    <dimen name="x444">505.67dp</dimen>
    <dimen name="x445">506.81dp</dimen>
    <dimen name="x446">507.94dp</dimen>
    <dimen name="x447">509.08dp</dimen>
    <dimen name="x448">510.22dp</dimen>
    <dimen name="x449">511.36dp</dimen>
    <dimen name="x450">512.50dp</dimen>
    <dimen name="x451">513.64dp</dimen>
    <dimen name="x452">514.78dp</dimen>
    <dimen name="x453">515.92dp</dimen>
    <dimen name="x454">517.06dp</dimen>
    <dimen name="x455">518.19dp</dimen>
    <dimen name="x456">519.33dp</dimen>
    <dimen name="x457">520.47dp</dimen>
    <dimen name="x458">521.61dp</dimen>
    <dimen name="x459">522.75dp</dimen>
    <dimen name="x460">523.89dp</dimen>
    <dimen name="x461">525.03dp</dimen>
    <dimen name="x462">526.17dp</dimen>
    <dimen name="x463">527.31dp</dimen>
    <dimen name="x464">528.44dp</dimen>
    <dimen name="x465">529.58dp</dimen>
    <dimen name="x466">530.72dp</dimen>
    <dimen name="x467">531.86dp</dimen>
    <dimen name="x468">533.00dp</dimen>
    <dimen name="x469">534.14dp</dimen>
    <dimen name="x470">535.28dp</dimen>
    <dimen name="x471">536.42dp</dimen>
    <dimen name="x472">537.56dp</dimen>
    <dimen name="x473">538.69dp</dimen>
    <dimen name="x474">539.83dp</dimen>
    <dimen name="x475">540.97dp</dimen>
    <dimen name="x476">542.11dp</dimen>
    <dimen name="x477">543.25dp</dimen>
    <dimen name="x478">544.39dp</dimen>
    <dimen name="x479">545.53dp</dimen>
    <dimen name="x480">546.67dp</dimen>
    <dimen name="x481">547.81dp</dimen>
    <dimen name="x482">548.94dp</dimen>
    <dimen name="x483">550.08dp</dimen>
    <dimen name="x484">551.22dp</dimen>
    <dimen name="x485">552.36dp</dimen>
    <dimen name="x486">553.50dp</dimen>
    <dimen name="x487">554.64dp</dimen>
    <dimen name="x488">555.78dp</dimen>
    <dimen name="x489">556.92dp</dimen>
    <dimen name="x490">558.06dp</dimen>
    <dimen name="x491">559.19dp</dimen>
    <dimen name="x492">560.33dp</dimen>
    <dimen name="x493">561.47dp</dimen>
    <dimen name="x494">562.61dp</dimen>
    <dimen name="x495">563.75dp</dimen>
    <dimen name="x496">564.89dp</dimen>
    <dimen name="x497">566.03dp</dimen>
    <dimen name="x498">567.17dp</dimen>
    <dimen name="x499">568.31dp</dimen>
    <dimen name="x500">569.44dp</dimen>
    <dimen name="x501">570.58dp</dimen>
    <dimen name="x502">571.72dp</dimen>
    <dimen name="x503">572.86dp</dimen>
    <dimen name="x504">574.00dp</dimen>
    <dimen name="x505">575.14dp</dimen>
    <dimen name="x506">576.28dp</dimen>
    <dimen name="x507">577.42dp</dimen>
    <dimen name="x508">578.56dp</dimen>
    <dimen name="x509">579.69dp</dimen>
    <dimen name="x510">580.83dp</dimen>
    <dimen name="x511">581.97dp</dimen>
    <dimen name="x512">583.11dp</dimen>
    <dimen name="x513">584.25dp</dimen>
    <dimen name="x514">585.39dp</dimen>
    <dimen name="x515">586.53dp</dimen>
    <dimen name="x516">587.67dp</dimen>
    <dimen name="x517">588.81dp</dimen>
    <dimen name="x518">589.94dp</dimen>
    <dimen name="x519">591.08dp</dimen>
    <dimen name="x520">592.22dp</dimen>
    <dimen name="x521">593.36dp</dimen>
    <dimen name="x522">594.50dp</dimen>
    <dimen name="x523">595.64dp</dimen>
    <dimen name="x524">596.78dp</dimen>
    <dimen name="x525">597.92dp</dimen>
    <dimen name="x526">599.06dp</dimen>
    <dimen name="x527">600.19dp</dimen>
    <dimen name="x528">601.33dp</dimen>
    <dimen name="x529">602.47dp</dimen>
    <dimen name="x530">603.61dp</dimen>
    <dimen name="x531">604.75dp</dimen>
    <dimen name="x532">605.89dp</dimen>
    <dimen name="x533">607.03dp</dimen>
    <dimen name="x534">608.17dp</dimen>
    <dimen name="x535">609.31dp</dimen>
    <dimen name="x536">610.44dp</dimen>
    <dimen name="x537">611.58dp</dimen>
    <dimen name="x538">612.72dp</dimen>
    <dimen name="x539">613.86dp</dimen>
    <dimen name="x540">615.00dp</dimen>
    <dimen name="x541">616.14dp</dimen>
    <dimen name="x542">617.28dp</dimen>
    <dimen name="x543">618.42dp</dimen>
    <dimen name="x544">619.56dp</dimen>
    <dimen name="x545">620.69dp</dimen>
    <dimen name="x546">621.83dp</dimen>
    <dimen name="x547">622.97dp</dimen>
    <dimen name="x548">624.11dp</dimen>
    <dimen name="x549">625.25dp</dimen>
    <dimen name="x550">626.39dp</dimen>
    <dimen name="x551">627.53dp</dimen>
    <dimen name="x552">628.67dp</dimen>
    <dimen name="x553">629.81dp</dimen>
    <dimen name="x554">630.94dp</dimen>
    <dimen name="x555">632.08dp</dimen>
    <dimen name="x556">633.22dp</dimen>
    <dimen name="x557">634.36dp</dimen>
    <dimen name="x558">635.50dp</dimen>
    <dimen name="x559">636.64dp</dimen>
    <dimen name="x560">637.78dp</dimen>
    <dimen name="x561">638.92dp</dimen>
    <dimen name="x562">640.06dp</dimen>
    <dimen name="x563">641.19dp</dimen>
    <dimen name="x564">642.33dp</dimen>
    <dimen name="x565">643.47dp</dimen>
    <dimen name="x566">644.61dp</dimen>
    <dimen name="x567">645.75dp</dimen>
    <dimen name="x568">646.89dp</dimen>
    <dimen name="x569">648.03dp</dimen>
    <dimen name="x570">649.17dp</dimen>
    <dimen name="x571">650.31dp</dimen>
    <dimen name="x572">651.44dp</dimen>
    <dimen name="x573">652.58dp</dimen>
    <dimen name="x574">653.72dp</dimen>
    <dimen name="x575">654.86dp</dimen>
    <dimen name="x576">656.00dp</dimen>
    <dimen name="x577">657.14dp</dimen>
    <dimen name="x578">658.28dp</dimen>
    <dimen name="x579">659.42dp</dimen>
    <dimen name="x580">660.56dp</dimen>
    <dimen name="x581">661.69dp</dimen>
    <dimen name="x582">662.83dp</dimen>
    <dimen name="x583">663.97dp</dimen>
    <dimen name="x584">665.11dp</dimen>
    <dimen name="x585">666.25dp</dimen>
    <dimen name="x586">667.39dp</dimen>
    <dimen name="x587">668.53dp</dimen>
    <dimen name="x588">669.67dp</dimen>
    <dimen name="x589">670.81dp</dimen>
    <dimen name="x590">671.94dp</dimen>
    <dimen name="x591">673.08dp</dimen>
    <dimen name="x592">674.22dp</dimen>
    <dimen name="x593">675.36dp</dimen>
    <dimen name="x594">676.50dp</dimen>
    <dimen name="x595">677.64dp</dimen>
    <dimen name="x596">678.78dp</dimen>
    <dimen name="x597">679.92dp</dimen>
    <dimen name="x598">681.06dp</dimen>
    <dimen name="x599">682.19dp</dimen>
    <dimen name="x600">683.33dp</dimen>
    <dimen name="x601">684.47dp</dimen>
    <dimen name="x602">685.61dp</dimen>
    <dimen name="x603">686.75dp</dimen>
    <dimen name="x604">687.89dp</dimen>
    <dimen name="x605">689.03dp</dimen>
    <dimen name="x606">690.17dp</dimen>
    <dimen name="x607">691.31dp</dimen>
    <dimen name="x608">692.44dp</dimen>
    <dimen name="x609">693.58dp</dimen>
    <dimen name="x610">694.72dp</dimen>
    <dimen name="x611">695.86dp</dimen>
    <dimen name="x612">697.00dp</dimen>
    <dimen name="x613">698.14dp</dimen>
    <dimen name="x614">699.28dp</dimen>
    <dimen name="x615">700.42dp</dimen>
    <dimen name="x616">701.56dp</dimen>
    <dimen name="x617">702.69dp</dimen>
    <dimen name="x618">703.83dp</dimen>
    <dimen name="x619">704.97dp</dimen>
    <dimen name="x620">706.11dp</dimen>
    <dimen name="x621">707.25dp</dimen>
    <dimen name="x622">708.39dp</dimen>
    <dimen name="x623">709.53dp</dimen>
    <dimen name="x624">710.67dp</dimen>
    <dimen name="x625">711.81dp</dimen>
    <dimen name="x626">712.94dp</dimen>
    <dimen name="x627">714.08dp</dimen>
    <dimen name="x628">715.22dp</dimen>
    <dimen name="x629">716.36dp</dimen>
    <dimen name="x630">717.50dp</dimen>
    <dimen name="x631">718.64dp</dimen>
    <dimen name="x632">719.78dp</dimen>
    <dimen name="x633">720.92dp</dimen>
    <dimen name="x634">722.06dp</dimen>
    <dimen name="x635">723.19dp</dimen>
    <dimen name="x636">724.33dp</dimen>
    <dimen name="x637">725.47dp</dimen>
    <dimen name="x638">726.61dp</dimen>
    <dimen name="x639">727.75dp</dimen>
    <dimen name="x640">728.89dp</dimen>
    <dimen name="x641">730.03dp</dimen>
    <dimen name="x642">731.17dp</dimen>
    <dimen name="x643">732.31dp</dimen>
    <dimen name="x644">733.44dp</dimen>
    <dimen name="x645">734.58dp</dimen>
    <dimen name="x646">735.72dp</dimen>
    <dimen name="x647">736.86dp</dimen>
    <dimen name="x648">738.00dp</dimen>
    <dimen name="x649">739.14dp</dimen>
    <dimen name="x650">740.28dp</dimen>
    <dimen name="x651">741.42dp</dimen>
    <dimen name="x652">742.56dp</dimen>
    <dimen name="x653">743.69dp</dimen>
    <dimen name="x654">744.83dp</dimen>
    <dimen name="x655">745.97dp</dimen>
    <dimen name="x656">747.11dp</dimen>
    <dimen name="x657">748.25dp</dimen>
    <dimen name="x658">749.39dp</dimen>
    <dimen name="x659">750.53dp</dimen>
    <dimen name="x660">751.67dp</dimen>
    <dimen name="x661">752.81dp</dimen>
    <dimen name="x662">753.94dp</dimen>
    <dimen name="x663">755.08dp</dimen>
    <dimen name="x664">756.22dp</dimen>
    <dimen name="x665">757.36dp</dimen>
    <dimen name="x666">758.50dp</dimen>
    <dimen name="x667">759.64dp</dimen>
    <dimen name="x668">760.78dp</dimen>
    <dimen name="x669">761.92dp</dimen>
    <dimen name="x670">763.06dp</dimen>
    <dimen name="x671">764.19dp</dimen>
    <dimen name="x672">765.33dp</dimen>
    <dimen name="x673">766.47dp</dimen>
    <dimen name="x674">767.61dp</dimen>
    <dimen name="x675">768.75dp</dimen>
    <dimen name="x676">769.89dp</dimen>
    <dimen name="x677">771.03dp</dimen>
    <dimen name="x678">772.17dp</dimen>
    <dimen name="x679">773.31dp</dimen>
    <dimen name="x680">774.44dp</dimen>
    <dimen name="x681">775.58dp</dimen>
    <dimen name="x682">776.72dp</dimen>
    <dimen name="x683">777.86dp</dimen>
    <dimen name="x684">779.00dp</dimen>
    <dimen name="x685">780.14dp</dimen>
    <dimen name="x686">781.28dp</dimen>
    <dimen name="x687">782.42dp</dimen>
    <dimen name="x688">783.56dp</dimen>
    <dimen name="x689">784.69dp</dimen>
    <dimen name="x690">785.83dp</dimen>
    <dimen name="x691">786.97dp</dimen>
    <dimen name="x692">788.11dp</dimen>
    <dimen name="x693">789.25dp</dimen>
    <dimen name="x694">790.39dp</dimen>
    <dimen name="x695">791.53dp</dimen>
    <dimen name="x696">792.67dp</dimen>
    <dimen name="x697">793.81dp</dimen>
    <dimen name="x698">794.94dp</dimen>
    <dimen name="x699">796.08dp</dimen>
    <dimen name="x700">797.22dp</dimen>
    <dimen name="x701">798.36dp</dimen>
    <dimen name="x702">799.50dp</dimen>
    <dimen name="x703">800.64dp</dimen>
    <dimen name="x704">801.78dp</dimen>
    <dimen name="x705">802.92dp</dimen>
    <dimen name="x706">804.06dp</dimen>
    <dimen name="x707">805.19dp</dimen>
    <dimen name="x708">806.33dp</dimen>
    <dimen name="x709">807.47dp</dimen>
    <dimen name="x710">808.61dp</dimen>
    <dimen name="x711">809.75dp</dimen>
    <dimen name="x712">810.89dp</dimen>
    <dimen name="x713">812.03dp</dimen>
    <dimen name="x714">813.17dp</dimen>
    <dimen name="x715">814.31dp</dimen>
    <dimen name="x716">815.44dp</dimen>
    <dimen name="x717">816.58dp</dimen>
    <dimen name="x718">817.72dp</dimen>
    <dimen name="x719">818.86dp</dimen>
    <dimen name="x720">820.00dp</dimen>
    <dimen name="x721">821.14dp</dimen>
    <dimen name="x722">822.28dp</dimen>
    <dimen name="x723">823.42dp</dimen>
    <dimen name="x724">824.56dp</dimen>
    <dimen name="x725">825.69dp</dimen>
    <dimen name="x726">826.83dp</dimen>
    <dimen name="x727">827.97dp</dimen>
    <dimen name="x728">829.11dp</dimen>
    <dimen name="x729">830.25dp</dimen>
    <dimen name="x730">831.39dp</dimen>
    <dimen name="x731">832.53dp</dimen>
    <dimen name="x732">833.67dp</dimen>
    <dimen name="x733">834.81dp</dimen>
    <dimen name="x734">835.94dp</dimen>
    <dimen name="x735">837.08dp</dimen>
    <dimen name="x736">838.22dp</dimen>
    <dimen name="x737">839.36dp</dimen>
    <dimen name="x738">840.50dp</dimen>
    <dimen name="x739">841.64dp</dimen>
    <dimen name="x740">842.78dp</dimen>
    <dimen name="x741">843.92dp</dimen>
    <dimen name="x742">845.06dp</dimen>
    <dimen name="x743">846.19dp</dimen>
    <dimen name="x744">847.33dp</dimen>
    <dimen name="x745">848.47dp</dimen>
    <dimen name="x746">849.61dp</dimen>
    <dimen name="x747">850.75dp</dimen>
    <dimen name="x748">851.89dp</dimen>
    <dimen name="x749">853.03dp</dimen>
    <dimen name="x750">854.17dp</dimen>
    <dimen name="x751">855.31dp</dimen>
    <dimen name="x752">856.44dp</dimen>
    <dimen name="x753">857.58dp</dimen>
    <dimen name="x754">858.72dp</dimen>
    <dimen name="x755">859.86dp</dimen>
    <dimen name="x756">861.00dp</dimen>
    <dimen name="x757">862.14dp</dimen>
    <dimen name="x758">863.28dp</dimen>
    <dimen name="x759">864.42dp</dimen>
    <dimen name="x760">865.56dp</dimen>
    <dimen name="x761">866.69dp</dimen>
    <dimen name="x762">867.83dp</dimen>
    <dimen name="x763">868.97dp</dimen>
    <dimen name="x764">870.11dp</dimen>
    <dimen name="x765">871.25dp</dimen>
    <dimen name="x766">872.39dp</dimen>
    <dimen name="x767">873.53dp</dimen>
    <dimen name="x768">874.67dp</dimen>
    <dimen name="x769">875.81dp</dimen>
    <dimen name="x770">876.94dp</dimen>
    <dimen name="x771">878.08dp</dimen>
    <dimen name="x772">879.22dp</dimen>
    <dimen name="x773">880.36dp</dimen>
    <dimen name="x774">881.50dp</dimen>
    <dimen name="x775">882.64dp</dimen>
    <dimen name="x776">883.78dp</dimen>
    <dimen name="x777">884.92dp</dimen>
    <dimen name="x778">886.06dp</dimen>
    <dimen name="x779">887.19dp</dimen>
    <dimen name="x780">888.33dp</dimen>
    <dimen name="x781">889.47dp</dimen>
    <dimen name="x782">890.61dp</dimen>
    <dimen name="x783">891.75dp</dimen>
    <dimen name="x784">892.89dp</dimen>
    <dimen name="x785">894.03dp</dimen>
    <dimen name="x786">895.17dp</dimen>
    <dimen name="x787">896.31dp</dimen>
    <dimen name="x788">897.44dp</dimen>
    <dimen name="x789">898.58dp</dimen>
    <dimen name="x790">899.72dp</dimen>
    <dimen name="x791">900.86dp</dimen>
    <dimen name="x792">902.00dp</dimen>
    <dimen name="x793">903.14dp</dimen>
    <dimen name="x794">904.28dp</dimen>
    <dimen name="x795">905.42dp</dimen>
    <dimen name="x796">906.56dp</dimen>
    <dimen name="x797">907.69dp</dimen>
    <dimen name="x798">908.83dp</dimen>
    <dimen name="x799">909.97dp</dimen>
    <dimen name="x800">911.11dp</dimen>
    <dimen name="x801">912.25dp</dimen>
    <dimen name="x802">913.39dp</dimen>
    <dimen name="x803">914.53dp</dimen>
    <dimen name="x804">915.67dp</dimen>
    <dimen name="x805">916.81dp</dimen>
    <dimen name="x806">917.94dp</dimen>
    <dimen name="x807">919.08dp</dimen>
    <dimen name="x808">920.22dp</dimen>
    <dimen name="x809">921.36dp</dimen>
    <dimen name="x810">922.50dp</dimen>
    <dimen name="x811">923.64dp</dimen>
    <dimen name="x812">924.78dp</dimen>
    <dimen name="x813">925.92dp</dimen>
    <dimen name="x814">927.06dp</dimen>
    <dimen name="x815">928.19dp</dimen>
    <dimen name="x816">929.33dp</dimen>
    <dimen name="x817">930.47dp</dimen>
    <dimen name="x818">931.61dp</dimen>
    <dimen name="x819">932.75dp</dimen>
    <dimen name="x820">933.89dp</dimen>
    <dimen name="x821">935.03dp</dimen>
    <dimen name="x822">936.17dp</dimen>
    <dimen name="x823">937.31dp</dimen>
    <dimen name="x824">938.44dp</dimen>
    <dimen name="x825">939.58dp</dimen>
    <dimen name="x826">940.72dp</dimen>
    <dimen name="x827">941.86dp</dimen>
    <dimen name="x828">943.00dp</dimen>
    <dimen name="x829">944.14dp</dimen>
    <dimen name="x830">945.28dp</dimen>
    <dimen name="x831">946.42dp</dimen>
    <dimen name="x832">947.56dp</dimen>
    <dimen name="x833">948.69dp</dimen>
    <dimen name="x834">949.83dp</dimen>
    <dimen name="x835">950.97dp</dimen>
    <dimen name="x836">952.11dp</dimen>
    <dimen name="x837">953.25dp</dimen>
    <dimen name="x838">954.39dp</dimen>
    <dimen name="x839">955.53dp</dimen>
    <dimen name="x840">956.67dp</dimen>
    <dimen name="x841">957.81dp</dimen>
    <dimen name="x842">958.94dp</dimen>
    <dimen name="x843">960.08dp</dimen>
    <dimen name="x844">961.22dp</dimen>
    <dimen name="x845">962.36dp</dimen>
    <dimen name="x846">963.50dp</dimen>
    <dimen name="x847">964.64dp</dimen>
    <dimen name="x848">965.78dp</dimen>
    <dimen name="x849">966.92dp</dimen>
    <dimen name="x850">968.06dp</dimen>
    <dimen name="x851">969.19dp</dimen>
    <dimen name="x852">970.33dp</dimen>
    <dimen name="x853">971.47dp</dimen>
    <dimen name="x854">972.61dp</dimen>
    <dimen name="x855">973.75dp</dimen>
    <dimen name="x856">974.89dp</dimen>
    <dimen name="x857">976.03dp</dimen>
    <dimen name="x858">977.17dp</dimen>
    <dimen name="x859">978.31dp</dimen>
    <dimen name="x860">979.44dp</dimen>
    <dimen name="x861">980.58dp</dimen>
    <dimen name="x862">981.72dp</dimen>
    <dimen name="x863">982.86dp</dimen>
    <dimen name="x864">984.00dp</dimen>
    <dimen name="x865">985.14dp</dimen>
    <dimen name="x866">986.28dp</dimen>
    <dimen name="x867">987.42dp</dimen>
    <dimen name="x868">988.56dp</dimen>
    <dimen name="x869">989.69dp</dimen>
    <dimen name="x870">990.83dp</dimen>
    <dimen name="x871">991.97dp</dimen>
    <dimen name="x872">993.11dp</dimen>
    <dimen name="x873">994.25dp</dimen>
    <dimen name="x874">995.39dp</dimen>
    <dimen name="x875">996.53dp</dimen>
    <dimen name="x876">997.67dp</dimen>
    <dimen name="x877">998.81dp</dimen>
    <dimen name="x878">999.94dp</dimen>
    <dimen name="x879">1001.08dp</dimen>
    <dimen name="x880">1002.22dp</dimen>
    <dimen name="x881">1003.36dp</dimen>
    <dimen name="x882">1004.50dp</dimen>
    <dimen name="x883">1005.64dp</dimen>
    <dimen name="x884">1006.78dp</dimen>
    <dimen name="x885">1007.92dp</dimen>
    <dimen name="x886">1009.06dp</dimen>
    <dimen name="x887">1010.19dp</dimen>
    <dimen name="x888">1011.33dp</dimen>
    <dimen name="x889">1012.47dp</dimen>
    <dimen name="x890">1013.61dp</dimen>
    <dimen name="x891">1014.75dp</dimen>
    <dimen name="x892">1015.89dp</dimen>
    <dimen name="x893">1017.03dp</dimen>
    <dimen name="x894">1018.17dp</dimen>
    <dimen name="x895">1019.31dp</dimen>
    <dimen name="x896">1020.44dp</dimen>
    <dimen name="x897">1021.58dp</dimen>
    <dimen name="x898">1022.72dp</dimen>
    <dimen name="x899">1023.86dp</dimen>
    <dimen name="x900">1025.00dp</dimen>
    <dimen name="x901">1026.14dp</dimen>
    <dimen name="x902">1027.28dp</dimen>
    <dimen name="x903">1028.42dp</dimen>
    <dimen name="x904">1029.56dp</dimen>
    <dimen name="x905">1030.69dp</dimen>
    <dimen name="x906">1031.83dp</dimen>
    <dimen name="x907">1032.97dp</dimen>
    <dimen name="x908">1034.11dp</dimen>
    <dimen name="x909">1035.25dp</dimen>
    <dimen name="x910">1036.39dp</dimen>
    <dimen name="x911">1037.53dp</dimen>
    <dimen name="x912">1038.67dp</dimen>
    <dimen name="x913">1039.81dp</dimen>
    <dimen name="x914">1040.94dp</dimen>
    <dimen name="x915">1042.08dp</dimen>
    <dimen name="x916">1043.22dp</dimen>
    <dimen name="x917">1044.36dp</dimen>
    <dimen name="x918">1045.50dp</dimen>
    <dimen name="x919">1046.64dp</dimen>
    <dimen name="x920">1047.78dp</dimen>
    <dimen name="x921">1048.92dp</dimen>
    <dimen name="x922">1050.06dp</dimen>
    <dimen name="x923">1051.19dp</dimen>
    <dimen name="x924">1052.33dp</dimen>
    <dimen name="x925">1053.47dp</dimen>
    <dimen name="x926">1054.61dp</dimen>
    <dimen name="x927">1055.75dp</dimen>
    <dimen name="x928">1056.89dp</dimen>
    <dimen name="x929">1058.03dp</dimen>
    <dimen name="x930">1059.17dp</dimen>
    <dimen name="x931">1060.31dp</dimen>
    <dimen name="x932">1061.44dp</dimen>
    <dimen name="x933">1062.58dp</dimen>
    <dimen name="x934">1063.72dp</dimen>
    <dimen name="x935">1064.86dp</dimen>
    <dimen name="x936">1066.00dp</dimen>
    <dimen name="x937">1067.14dp</dimen>
    <dimen name="x938">1068.28dp</dimen>
    <dimen name="x939">1069.42dp</dimen>
    <dimen name="x940">1070.56dp</dimen>
    <dimen name="x941">1071.69dp</dimen>
    <dimen name="x942">1072.83dp</dimen>
    <dimen name="x943">1073.97dp</dimen>
    <dimen name="x944">1075.11dp</dimen>
    <dimen name="x945">1076.25dp</dimen>
    <dimen name="x946">1077.39dp</dimen>
    <dimen name="x947">1078.53dp</dimen>
    <dimen name="x948">1079.67dp</dimen>
    <dimen name="x949">1080.81dp</dimen>
    <dimen name="x950">1081.94dp</dimen>
    <dimen name="x951">1083.08dp</dimen>
    <dimen name="x952">1084.22dp</dimen>
    <dimen name="x953">1085.36dp</dimen>
    <dimen name="x954">1086.50dp</dimen>
    <dimen name="x955">1087.64dp</dimen>
    <dimen name="x956">1088.78dp</dimen>
    <dimen name="x957">1089.92dp</dimen>
    <dimen name="x958">1091.06dp</dimen>
    <dimen name="x959">1092.19dp</dimen>
    <dimen name="x960">1093.33dp</dimen>
    <dimen name="x961">1094.47dp</dimen>
    <dimen name="x962">1095.61dp</dimen>
    <dimen name="x963">1096.75dp</dimen>
    <dimen name="x964">1097.89dp</dimen>
    <dimen name="x965">1099.03dp</dimen>
    <dimen name="x966">1100.17dp</dimen>
    <dimen name="x967">1101.31dp</dimen>
    <dimen name="x968">1102.44dp</dimen>
    <dimen name="x969">1103.58dp</dimen>
    <dimen name="x970">1104.72dp</dimen>
    <dimen name="x971">1105.86dp</dimen>
    <dimen name="x972">1107.00dp</dimen>
    <dimen name="x973">1108.14dp</dimen>
    <dimen name="x974">1109.28dp</dimen>
    <dimen name="x975">1110.42dp</dimen>
    <dimen name="x976">1111.56dp</dimen>
    <dimen name="x977">1112.69dp</dimen>
    <dimen name="x978">1113.83dp</dimen>
    <dimen name="x979">1114.97dp</dimen>
    <dimen name="x980">1116.11dp</dimen>
    <dimen name="x981">1117.25dp</dimen>
    <dimen name="x982">1118.39dp</dimen>
    <dimen name="x983">1119.53dp</dimen>
    <dimen name="x984">1120.67dp</dimen>
    <dimen name="x985">1121.81dp</dimen>
    <dimen name="x986">1122.94dp</dimen>
    <dimen name="x987">1124.08dp</dimen>
    <dimen name="x988">1125.22dp</dimen>
    <dimen name="x989">1126.36dp</dimen>
    <dimen name="x990">1127.50dp</dimen>
    <dimen name="x991">1128.64dp</dimen>
    <dimen name="x992">1129.78dp</dimen>
    <dimen name="x993">1130.92dp</dimen>
    <dimen name="x994">1132.06dp</dimen>
    <dimen name="x995">1133.19dp</dimen>
    <dimen name="x996">1134.33dp</dimen>
    <dimen name="x997">1135.47dp</dimen>
    <dimen name="x998">1136.61dp</dimen>
    <dimen name="x999">1137.75dp</dimen>
    <dimen name="x1000">1138.89dp</dimen>
    <dimen name="x1001">1140.03dp</dimen>
    <dimen name="x1002">1141.17dp</dimen>
    <dimen name="x1003">1142.31dp</dimen>
    <dimen name="x1004">1143.44dp</dimen>
    <dimen name="x1005">1144.58dp</dimen>
    <dimen name="x1006">1145.72dp</dimen>
    <dimen name="x1007">1146.86dp</dimen>
    <dimen name="x1008">1148.00dp</dimen>
    <dimen name="x1009">1149.14dp</dimen>
    <dimen name="x1010">1150.28dp</dimen>
    <dimen name="x1011">1151.42dp</dimen>
    <dimen name="x1012">1152.56dp</dimen>
    <dimen name="x1013">1153.69dp</dimen>
    <dimen name="x1014">1154.83dp</dimen>
    <dimen name="x1015">1155.97dp</dimen>
    <dimen name="x1016">1157.11dp</dimen>
    <dimen name="x1017">1158.25dp</dimen>
    <dimen name="x1018">1159.39dp</dimen>
    <dimen name="x1019">1160.53dp</dimen>
    <dimen name="x1020">1161.67dp</dimen>
    <dimen name="x1021">1162.81dp</dimen>
    <dimen name="x1022">1163.94dp</dimen>
    <dimen name="x1023">1165.08dp</dimen>
    <dimen name="x1024">1166.22dp</dimen>
    <dimen name="x1025">1167.36dp</dimen>
    <dimen name="x1026">1168.50dp</dimen>
    <dimen name="x1027">1169.64dp</dimen>
    <dimen name="x1028">1170.78dp</dimen>
    <dimen name="x1029">1171.92dp</dimen>
    <dimen name="x1030">1173.06dp</dimen>
    <dimen name="x1031">1174.19dp</dimen>
    <dimen name="x1032">1175.33dp</dimen>
    <dimen name="x1033">1176.47dp</dimen>
    <dimen name="x1034">1177.61dp</dimen>
    <dimen name="x1035">1178.75dp</dimen>
    <dimen name="x1036">1179.89dp</dimen>
    <dimen name="x1037">1181.03dp</dimen>
    <dimen name="x1038">1182.17dp</dimen>
    <dimen name="x1039">1183.31dp</dimen>
    <dimen name="x1040">1184.44dp</dimen>
    <dimen name="x1041">1185.58dp</dimen>
    <dimen name="x1042">1186.72dp</dimen>
    <dimen name="x1043">1187.86dp</dimen>
    <dimen name="x1044">1189.00dp</dimen>
    <dimen name="x1045">1190.14dp</dimen>
    <dimen name="x1046">1191.28dp</dimen>
    <dimen name="x1047">1192.42dp</dimen>
    <dimen name="x1048">1193.56dp</dimen>
    <dimen name="x1049">1194.69dp</dimen>
    <dimen name="x1050">1195.83dp</dimen>
    <dimen name="x1051">1196.97dp</dimen>
    <dimen name="x1052">1198.11dp</dimen>
    <dimen name="x1053">1199.25dp</dimen>
    <dimen name="x1054">1200.39dp</dimen>
    <dimen name="x1055">1201.53dp</dimen>
    <dimen name="x1056">1202.67dp</dimen>
    <dimen name="x1057">1203.81dp</dimen>
    <dimen name="x1058">1204.94dp</dimen>
    <dimen name="x1059">1206.08dp</dimen>
    <dimen name="x1060">1207.22dp</dimen>
    <dimen name="x1061">1208.36dp</dimen>
    <dimen name="x1062">1209.50dp</dimen>
    <dimen name="x1063">1210.64dp</dimen>
    <dimen name="x1064">1211.78dp</dimen>
    <dimen name="x1065">1212.92dp</dimen>
    <dimen name="x1066">1214.06dp</dimen>
    <dimen name="x1067">1215.19dp</dimen>
    <dimen name="x1068">1216.33dp</dimen>
    <dimen name="x1069">1217.47dp</dimen>
    <dimen name="x1070">1218.61dp</dimen>
    <dimen name="x1071">1219.75dp</dimen>
    <dimen name="x1072">1220.89dp</dimen>
    <dimen name="x1073">1222.03dp</dimen>
    <dimen name="x1074">1223.17dp</dimen>
    <dimen name="x1075">1224.31dp</dimen>
    <dimen name="x1076">1225.44dp</dimen>
    <dimen name="x1077">1226.58dp</dimen>
    <dimen name="x1078">1227.72dp</dimen>
    <dimen name="x1079">1228.86dp</dimen>
    <dimen name="x1080">1230.00dp</dimen>
</resources>