<?xml version="1.0" encoding="utf-8"?>
<resources>
    <string name="sw_dp">1240dp</string>
    <dimen name="x1">1.15dp</dimen>
    <dimen name="x2">2.30dp</dimen>
    <dimen name="x3">3.44dp</dimen>
    <dimen name="x4">4.59dp</dimen>
    <dimen name="x5">5.74dp</dimen>
    <dimen name="x6">6.89dp</dimen>
    <dimen name="x7">8.04dp</dimen>
    <dimen name="x8">9.19dp</dimen>
    <dimen name="x9">10.33dp</dimen>
    <dimen name="x10">11.48dp</dimen>
    <dimen name="x11">12.63dp</dimen>
    <dimen name="x12">13.78dp</dimen>
    <dimen name="x13">14.93dp</dimen>
    <dimen name="x14">16.07dp</dimen>
    <dimen name="x15">17.22dp</dimen>
    <dimen name="x16">18.37dp</dimen>
    <dimen name="x17">19.52dp</dimen>
    <dimen name="x18">20.67dp</dimen>
    <dimen name="x19">21.81dp</dimen>
    <dimen name="x20">22.96dp</dimen>
    <dimen name="x21">24.11dp</dimen>
    <dimen name="x22">25.26dp</dimen>
    <dimen name="x23">26.41dp</dimen>
    <dimen name="x24">27.56dp</dimen>
    <dimen name="x25">28.70dp</dimen>
    <dimen name="x26">29.85dp</dimen>
    <dimen name="x27">31.00dp</dimen>
    <dimen name="x28">32.15dp</dimen>
    <dimen name="x29">33.30dp</dimen>
    <dimen name="x30">34.44dp</dimen>
    <dimen name="x31">35.59dp</dimen>
    <dimen name="x32">36.74dp</dimen>
    <dimen name="x33">37.89dp</dimen>
    <dimen name="x34">39.04dp</dimen>
    <dimen name="x35">40.19dp</dimen>
    <dimen name="x36">41.33dp</dimen>
    <dimen name="x37">42.48dp</dimen>
    <dimen name="x38">43.63dp</dimen>
    <dimen name="x39">44.78dp</dimen>
    <dimen name="x40">45.93dp</dimen>
    <dimen name="x41">47.07dp</dimen>
    <dimen name="x42">48.22dp</dimen>
    <dimen name="x43">49.37dp</dimen>
    <dimen name="x44">50.52dp</dimen>
    <dimen name="x45">51.67dp</dimen>
    <dimen name="x46">52.81dp</dimen>
    <dimen name="x47">53.96dp</dimen>
    <dimen name="x48">55.11dp</dimen>
    <dimen name="x49">56.26dp</dimen>
    <dimen name="x50">57.41dp</dimen>
    <dimen name="x51">58.56dp</dimen>
    <dimen name="x52">59.70dp</dimen>
    <dimen name="x53">60.85dp</dimen>
    <dimen name="x54">62.00dp</dimen>
    <dimen name="x55">63.15dp</dimen>
    <dimen name="x56">64.30dp</dimen>
    <dimen name="x57">65.44dp</dimen>
    <dimen name="x58">66.59dp</dimen>
    <dimen name="x59">67.74dp</dimen>
    <dimen name="x60">68.89dp</dimen>
    <dimen name="x61">70.04dp</dimen>
    <dimen name="x62">71.19dp</dimen>
    <dimen name="x63">72.33dp</dimen>
    <dimen name="x64">73.48dp</dimen>
    <dimen name="x65">74.63dp</dimen>
    <dimen name="x66">75.78dp</dimen>
    <dimen name="x67">76.93dp</dimen>
    <dimen name="x68">78.07dp</dimen>
    <dimen name="x69">79.22dp</dimen>
    <dimen name="x70">80.37dp</dimen>
    <dimen name="x71">81.52dp</dimen>
    <dimen name="x72">82.67dp</dimen>
    <dimen name="x73">83.81dp</dimen>
    <dimen name="x74">84.96dp</dimen>
    <dimen name="x75">86.11dp</dimen>
    <dimen name="x76">87.26dp</dimen>
    <dimen name="x77">88.41dp</dimen>
    <dimen name="x78">89.56dp</dimen>
    <dimen name="x79">90.70dp</dimen>
    <dimen name="x80">91.85dp</dimen>
    <dimen name="x81">93.00dp</dimen>
    <dimen name="x82">94.15dp</dimen>
    <dimen name="x83">95.30dp</dimen>
    <dimen name="x84">96.44dp</dimen>
    <dimen name="x85">97.59dp</dimen>
    <dimen name="x86">98.74dp</dimen>
    <dimen name="x87">99.89dp</dimen>
    <dimen name="x88">101.04dp</dimen>
    <dimen name="x89">102.19dp</dimen>
    <dimen name="x90">103.33dp</dimen>
    <dimen name="x91">104.48dp</dimen>
    <dimen name="x92">105.63dp</dimen>
    <dimen name="x93">106.78dp</dimen>
    <dimen name="x94">107.93dp</dimen>
    <dimen name="x95">109.07dp</dimen>
    <dimen name="x96">110.22dp</dimen>
    <dimen name="x97">111.37dp</dimen>
    <dimen name="x98">112.52dp</dimen>
    <dimen name="x99">113.67dp</dimen>
    <dimen name="x100">114.81dp</dimen>
    <dimen name="x101">115.96dp</dimen>
    <dimen name="x102">117.11dp</dimen>
    <dimen name="x103">118.26dp</dimen>
    <dimen name="x104">119.41dp</dimen>
    <dimen name="x105">120.56dp</dimen>
    <dimen name="x106">121.70dp</dimen>
    <dimen name="x107">122.85dp</dimen>
    <dimen name="x108">124.00dp</dimen>
    <dimen name="x109">125.15dp</dimen>
    <dimen name="x110">126.30dp</dimen>
    <dimen name="x111">127.44dp</dimen>
    <dimen name="x112">128.59dp</dimen>
    <dimen name="x113">129.74dp</dimen>
    <dimen name="x114">130.89dp</dimen>
    <dimen name="x115">132.04dp</dimen>
    <dimen name="x116">133.19dp</dimen>
    <dimen name="x117">134.33dp</dimen>
    <dimen name="x118">135.48dp</dimen>
    <dimen name="x119">136.63dp</dimen>
    <dimen name="x120">137.78dp</dimen>
    <dimen name="x121">138.93dp</dimen>
    <dimen name="x122">140.07dp</dimen>
    <dimen name="x123">141.22dp</dimen>
    <dimen name="x124">142.37dp</dimen>
    <dimen name="x125">143.52dp</dimen>
    <dimen name="x126">144.67dp</dimen>
    <dimen name="x127">145.81dp</dimen>
    <dimen name="x128">146.96dp</dimen>
    <dimen name="x129">148.11dp</dimen>
    <dimen name="x130">149.26dp</dimen>
    <dimen name="x131">150.41dp</dimen>
    <dimen name="x132">151.56dp</dimen>
    <dimen name="x133">152.70dp</dimen>
    <dimen name="x134">153.85dp</dimen>
    <dimen name="x135">155.00dp</dimen>
    <dimen name="x136">156.15dp</dimen>
    <dimen name="x137">157.30dp</dimen>
    <dimen name="x138">158.44dp</dimen>
    <dimen name="x139">159.59dp</dimen>
    <dimen name="x140">160.74dp</dimen>
    <dimen name="x141">161.89dp</dimen>
    <dimen name="x142">163.04dp</dimen>
    <dimen name="x143">164.19dp</dimen>
    <dimen name="x144">165.33dp</dimen>
    <dimen name="x145">166.48dp</dimen>
    <dimen name="x146">167.63dp</dimen>
    <dimen name="x147">168.78dp</dimen>
    <dimen name="x148">169.93dp</dimen>
    <dimen name="x149">171.07dp</dimen>
    <dimen name="x150">172.22dp</dimen>
    <dimen name="x151">173.37dp</dimen>
    <dimen name="x152">174.52dp</dimen>
    <dimen name="x153">175.67dp</dimen>
    <dimen name="x154">176.81dp</dimen>
    <dimen name="x155">177.96dp</dimen>
    <dimen name="x156">179.11dp</dimen>
    <dimen name="x157">180.26dp</dimen>
    <dimen name="x158">181.41dp</dimen>
    <dimen name="x159">182.56dp</dimen>
    <dimen name="x160">183.70dp</dimen>
    <dimen name="x161">184.85dp</dimen>
    <dimen name="x162">186.00dp</dimen>
    <dimen name="x163">187.15dp</dimen>
    <dimen name="x164">188.30dp</dimen>
    <dimen name="x165">189.44dp</dimen>
    <dimen name="x166">190.59dp</dimen>
    <dimen name="x167">191.74dp</dimen>
    <dimen name="x168">192.89dp</dimen>
    <dimen name="x169">194.04dp</dimen>
    <dimen name="x170">195.19dp</dimen>
    <dimen name="x171">196.33dp</dimen>
    <dimen name="x172">197.48dp</dimen>
    <dimen name="x173">198.63dp</dimen>
    <dimen name="x174">199.78dp</dimen>
    <dimen name="x175">200.93dp</dimen>
    <dimen name="x176">202.07dp</dimen>
    <dimen name="x177">203.22dp</dimen>
    <dimen name="x178">204.37dp</dimen>
    <dimen name="x179">205.52dp</dimen>
    <dimen name="x180">206.67dp</dimen>
    <dimen name="x181">207.81dp</dimen>
    <dimen name="x182">208.96dp</dimen>
    <dimen name="x183">210.11dp</dimen>
    <dimen name="x184">211.26dp</dimen>
    <dimen name="x185">212.41dp</dimen>
    <dimen name="x186">213.56dp</dimen>
    <dimen name="x187">214.70dp</dimen>
    <dimen name="x188">215.85dp</dimen>
    <dimen name="x189">217.00dp</dimen>
    <dimen name="x190">218.15dp</dimen>
    <dimen name="x191">219.30dp</dimen>
    <dimen name="x192">220.44dp</dimen>
    <dimen name="x193">221.59dp</dimen>
    <dimen name="x194">222.74dp</dimen>
    <dimen name="x195">223.89dp</dimen>
    <dimen name="x196">225.04dp</dimen>
    <dimen name="x197">226.19dp</dimen>
    <dimen name="x198">227.33dp</dimen>
    <dimen name="x199">228.48dp</dimen>
    <dimen name="x200">229.63dp</dimen>
    <dimen name="x201">230.78dp</dimen>
    <dimen name="x202">231.93dp</dimen>
    <dimen name="x203">233.07dp</dimen>
    <dimen name="x204">234.22dp</dimen>
    <dimen name="x205">235.37dp</dimen>
    <dimen name="x206">236.52dp</dimen>
    <dimen name="x207">237.67dp</dimen>
    <dimen name="x208">238.81dp</dimen>
    <dimen name="x209">239.96dp</dimen>
    <dimen name="x210">241.11dp</dimen>
    <dimen name="x211">242.26dp</dimen>
    <dimen name="x212">243.41dp</dimen>
    <dimen name="x213">244.56dp</dimen>
    <dimen name="x214">245.70dp</dimen>
    <dimen name="x215">246.85dp</dimen>
    <dimen name="x216">248.00dp</dimen>
    <dimen name="x217">249.15dp</dimen>
    <dimen name="x218">250.30dp</dimen>
    <dimen name="x219">251.44dp</dimen>
    <dimen name="x220">252.59dp</dimen>
    <dimen name="x221">253.74dp</dimen>
    <dimen name="x222">254.89dp</dimen>
    <dimen name="x223">256.04dp</dimen>
    <dimen name="x224">257.19dp</dimen>
    <dimen name="x225">258.33dp</dimen>
    <dimen name="x226">259.48dp</dimen>
    <dimen name="x227">260.63dp</dimen>
    <dimen name="x228">261.78dp</dimen>
    <dimen name="x229">262.93dp</dimen>
    <dimen name="x230">264.07dp</dimen>
    <dimen name="x231">265.22dp</dimen>
    <dimen name="x232">266.37dp</dimen>
    <dimen name="x233">267.52dp</dimen>
    <dimen name="x234">268.67dp</dimen>
    <dimen name="x235">269.81dp</dimen>
    <dimen name="x236">270.96dp</dimen>
    <dimen name="x237">272.11dp</dimen>
    <dimen name="x238">273.26dp</dimen>
    <dimen name="x239">274.41dp</dimen>
    <dimen name="x240">275.56dp</dimen>
    <dimen name="x241">276.70dp</dimen>
    <dimen name="x242">277.85dp</dimen>
    <dimen name="x243">279.00dp</dimen>
    <dimen name="x244">280.15dp</dimen>
    <dimen name="x245">281.30dp</dimen>
    <dimen name="x246">282.44dp</dimen>
    <dimen name="x247">283.59dp</dimen>
    <dimen name="x248">284.74dp</dimen>
    <dimen name="x249">285.89dp</dimen>
    <dimen name="x250">287.04dp</dimen>
    <dimen name="x251">288.19dp</dimen>
    <dimen name="x252">289.33dp</dimen>
    <dimen name="x253">290.48dp</dimen>
    <dimen name="x254">291.63dp</dimen>
    <dimen name="x255">292.78dp</dimen>
    <dimen name="x256">293.93dp</dimen>
    <dimen name="x257">295.07dp</dimen>
    <dimen name="x258">296.22dp</dimen>
    <dimen name="x259">297.37dp</dimen>
    <dimen name="x260">298.52dp</dimen>
    <dimen name="x261">299.67dp</dimen>
    <dimen name="x262">300.81dp</dimen>
    <dimen name="x263">301.96dp</dimen>
    <dimen name="x264">303.11dp</dimen>
    <dimen name="x265">304.26dp</dimen>
    <dimen name="x266">305.41dp</dimen>
    <dimen name="x267">306.56dp</dimen>
    <dimen name="x268">307.70dp</dimen>
    <dimen name="x269">308.85dp</dimen>
    <dimen name="x270">310.00dp</dimen>
    <dimen name="x271">311.15dp</dimen>
    <dimen name="x272">312.30dp</dimen>
    <dimen name="x273">313.44dp</dimen>
    <dimen name="x274">314.59dp</dimen>
    <dimen name="x275">315.74dp</dimen>
    <dimen name="x276">316.89dp</dimen>
    <dimen name="x277">318.04dp</dimen>
    <dimen name="x278">319.19dp</dimen>
    <dimen name="x279">320.33dp</dimen>
    <dimen name="x280">321.48dp</dimen>
    <dimen name="x281">322.63dp</dimen>
    <dimen name="x282">323.78dp</dimen>
    <dimen name="x283">324.93dp</dimen>
    <dimen name="x284">326.07dp</dimen>
    <dimen name="x285">327.22dp</dimen>
    <dimen name="x286">328.37dp</dimen>
    <dimen name="x287">329.52dp</dimen>
    <dimen name="x288">330.67dp</dimen>
    <dimen name="x289">331.81dp</dimen>
    <dimen name="x290">332.96dp</dimen>
    <dimen name="x291">334.11dp</dimen>
    <dimen name="x292">335.26dp</dimen>
    <dimen name="x293">336.41dp</dimen>
    <dimen name="x294">337.56dp</dimen>
    <dimen name="x295">338.70dp</dimen>
    <dimen name="x296">339.85dp</dimen>
    <dimen name="x297">341.00dp</dimen>
    <dimen name="x298">342.15dp</dimen>
    <dimen name="x299">343.30dp</dimen>
    <dimen name="x300">344.44dp</dimen>
    <dimen name="x301">345.59dp</dimen>
    <dimen name="x302">346.74dp</dimen>
    <dimen name="x303">347.89dp</dimen>
    <dimen name="x304">349.04dp</dimen>
    <dimen name="x305">350.19dp</dimen>
    <dimen name="x306">351.33dp</dimen>
    <dimen name="x307">352.48dp</dimen>
    <dimen name="x308">353.63dp</dimen>
    <dimen name="x309">354.78dp</dimen>
    <dimen name="x310">355.93dp</dimen>
    <dimen name="x311">357.07dp</dimen>
    <dimen name="x312">358.22dp</dimen>
    <dimen name="x313">359.37dp</dimen>
    <dimen name="x314">360.52dp</dimen>
    <dimen name="x315">361.67dp</dimen>
    <dimen name="x316">362.81dp</dimen>
    <dimen name="x317">363.96dp</dimen>
    <dimen name="x318">365.11dp</dimen>
    <dimen name="x319">366.26dp</dimen>
    <dimen name="x320">367.41dp</dimen>
    <dimen name="x321">368.56dp</dimen>
    <dimen name="x322">369.70dp</dimen>
    <dimen name="x323">370.85dp</dimen>
    <dimen name="x324">372.00dp</dimen>
    <dimen name="x325">373.15dp</dimen>
    <dimen name="x326">374.30dp</dimen>
    <dimen name="x327">375.44dp</dimen>
    <dimen name="x328">376.59dp</dimen>
    <dimen name="x329">377.74dp</dimen>
    <dimen name="x330">378.89dp</dimen>
    <dimen name="x331">380.04dp</dimen>
    <dimen name="x332">381.19dp</dimen>
    <dimen name="x333">382.33dp</dimen>
    <dimen name="x334">383.48dp</dimen>
    <dimen name="x335">384.63dp</dimen>
    <dimen name="x336">385.78dp</dimen>
    <dimen name="x337">386.93dp</dimen>
    <dimen name="x338">388.07dp</dimen>
    <dimen name="x339">389.22dp</dimen>
    <dimen name="x340">390.37dp</dimen>
    <dimen name="x341">391.52dp</dimen>
    <dimen name="x342">392.67dp</dimen>
    <dimen name="x343">393.81dp</dimen>
    <dimen name="x344">394.96dp</dimen>
    <dimen name="x345">396.11dp</dimen>
    <dimen name="x346">397.26dp</dimen>
    <dimen name="x347">398.41dp</dimen>
    <dimen name="x348">399.56dp</dimen>
    <dimen name="x349">400.70dp</dimen>
    <dimen name="x350">401.85dp</dimen>
    <dimen name="x351">403.00dp</dimen>
    <dimen name="x352">404.15dp</dimen>
    <dimen name="x353">405.30dp</dimen>
    <dimen name="x354">406.44dp</dimen>
    <dimen name="x355">407.59dp</dimen>
    <dimen name="x356">408.74dp</dimen>
    <dimen name="x357">409.89dp</dimen>
    <dimen name="x358">411.04dp</dimen>
    <dimen name="x359">412.19dp</dimen>
    <dimen name="x360">413.33dp</dimen>
    <dimen name="x361">414.48dp</dimen>
    <dimen name="x362">415.63dp</dimen>
    <dimen name="x363">416.78dp</dimen>
    <dimen name="x364">417.93dp</dimen>
    <dimen name="x365">419.07dp</dimen>
    <dimen name="x366">420.22dp</dimen>
    <dimen name="x367">421.37dp</dimen>
    <dimen name="x368">422.52dp</dimen>
    <dimen name="x369">423.67dp</dimen>
    <dimen name="x370">424.81dp</dimen>
    <dimen name="x371">425.96dp</dimen>
    <dimen name="x372">427.11dp</dimen>
    <dimen name="x373">428.26dp</dimen>
    <dimen name="x374">429.41dp</dimen>
    <dimen name="x375">430.56dp</dimen>
    <dimen name="x376">431.70dp</dimen>
    <dimen name="x377">432.85dp</dimen>
    <dimen name="x378">434.00dp</dimen>
    <dimen name="x379">435.15dp</dimen>
    <dimen name="x380">436.30dp</dimen>
    <dimen name="x381">437.44dp</dimen>
    <dimen name="x382">438.59dp</dimen>
    <dimen name="x383">439.74dp</dimen>
    <dimen name="x384">440.89dp</dimen>
    <dimen name="x385">442.04dp</dimen>
    <dimen name="x386">443.19dp</dimen>
    <dimen name="x387">444.33dp</dimen>
    <dimen name="x388">445.48dp</dimen>
    <dimen name="x389">446.63dp</dimen>
    <dimen name="x390">447.78dp</dimen>
    <dimen name="x391">448.93dp</dimen>
    <dimen name="x392">450.07dp</dimen>
    <dimen name="x393">451.22dp</dimen>
    <dimen name="x394">452.37dp</dimen>
    <dimen name="x395">453.52dp</dimen>
    <dimen name="x396">454.67dp</dimen>
    <dimen name="x397">455.81dp</dimen>
    <dimen name="x398">456.96dp</dimen>
    <dimen name="x399">458.11dp</dimen>
    <dimen name="x400">459.26dp</dimen>
    <dimen name="x401">460.41dp</dimen>
    <dimen name="x402">461.56dp</dimen>
    <dimen name="x403">462.70dp</dimen>
    <dimen name="x404">463.85dp</dimen>
    <dimen name="x405">465.00dp</dimen>
    <dimen name="x406">466.15dp</dimen>
    <dimen name="x407">467.30dp</dimen>
    <dimen name="x408">468.44dp</dimen>
    <dimen name="x409">469.59dp</dimen>
    <dimen name="x410">470.74dp</dimen>
    <dimen name="x411">471.89dp</dimen>
    <dimen name="x412">473.04dp</dimen>
    <dimen name="x413">474.19dp</dimen>
    <dimen name="x414">475.33dp</dimen>
    <dimen name="x415">476.48dp</dimen>
    <dimen name="x416">477.63dp</dimen>
    <dimen name="x417">478.78dp</dimen>
    <dimen name="x418">479.93dp</dimen>
    <dimen name="x419">481.07dp</dimen>
    <dimen name="x420">482.22dp</dimen>
    <dimen name="x421">483.37dp</dimen>
    <dimen name="x422">484.52dp</dimen>
    <dimen name="x423">485.67dp</dimen>
    <dimen name="x424">486.81dp</dimen>
    <dimen name="x425">487.96dp</dimen>
    <dimen name="x426">489.11dp</dimen>
    <dimen name="x427">490.26dp</dimen>
    <dimen name="x428">491.41dp</dimen>
    <dimen name="x429">492.56dp</dimen>
    <dimen name="x430">493.70dp</dimen>
    <dimen name="x431">494.85dp</dimen>
    <dimen name="x432">496.00dp</dimen>
    <dimen name="x433">497.15dp</dimen>
    <dimen name="x434">498.30dp</dimen>
    <dimen name="x435">499.44dp</dimen>
    <dimen name="x436">500.59dp</dimen>
    <dimen name="x437">501.74dp</dimen>
    <dimen name="x438">502.89dp</dimen>
    <dimen name="x439">504.04dp</dimen>
    <dimen name="x440">505.19dp</dimen>
    <dimen name="x441">506.33dp</dimen>
    <dimen name="x442">507.48dp</dimen>
    <dimen name="x443">508.63dp</dimen>
    <dimen name="x444">509.78dp</dimen>
    <dimen name="x445">510.93dp</dimen>
    <dimen name="x446">512.07dp</dimen>
    <dimen name="x447">513.22dp</dimen>
    <dimen name="x448">514.37dp</dimen>
    <dimen name="x449">515.52dp</dimen>
    <dimen name="x450">516.67dp</dimen>
    <dimen name="x451">517.81dp</dimen>
    <dimen name="x452">518.96dp</dimen>
    <dimen name="x453">520.11dp</dimen>
    <dimen name="x454">521.26dp</dimen>
    <dimen name="x455">522.41dp</dimen>
    <dimen name="x456">523.56dp</dimen>
    <dimen name="x457">524.70dp</dimen>
    <dimen name="x458">525.85dp</dimen>
    <dimen name="x459">527.00dp</dimen>
    <dimen name="x460">528.15dp</dimen>
    <dimen name="x461">529.30dp</dimen>
    <dimen name="x462">530.44dp</dimen>
    <dimen name="x463">531.59dp</dimen>
    <dimen name="x464">532.74dp</dimen>
    <dimen name="x465">533.89dp</dimen>
    <dimen name="x466">535.04dp</dimen>
    <dimen name="x467">536.19dp</dimen>
    <dimen name="x468">537.33dp</dimen>
    <dimen name="x469">538.48dp</dimen>
    <dimen name="x470">539.63dp</dimen>
    <dimen name="x471">540.78dp</dimen>
    <dimen name="x472">541.93dp</dimen>
    <dimen name="x473">543.07dp</dimen>
    <dimen name="x474">544.22dp</dimen>
    <dimen name="x475">545.37dp</dimen>
    <dimen name="x476">546.52dp</dimen>
    <dimen name="x477">547.67dp</dimen>
    <dimen name="x478">548.81dp</dimen>
    <dimen name="x479">549.96dp</dimen>
    <dimen name="x480">551.11dp</dimen>
    <dimen name="x481">552.26dp</dimen>
    <dimen name="x482">553.41dp</dimen>
    <dimen name="x483">554.56dp</dimen>
    <dimen name="x484">555.70dp</dimen>
    <dimen name="x485">556.85dp</dimen>
    <dimen name="x486">558.00dp</dimen>
    <dimen name="x487">559.15dp</dimen>
    <dimen name="x488">560.30dp</dimen>
    <dimen name="x489">561.44dp</dimen>
    <dimen name="x490">562.59dp</dimen>
    <dimen name="x491">563.74dp</dimen>
    <dimen name="x492">564.89dp</dimen>
    <dimen name="x493">566.04dp</dimen>
    <dimen name="x494">567.19dp</dimen>
    <dimen name="x495">568.33dp</dimen>
    <dimen name="x496">569.48dp</dimen>
    <dimen name="x497">570.63dp</dimen>
    <dimen name="x498">571.78dp</dimen>
    <dimen name="x499">572.93dp</dimen>
    <dimen name="x500">574.07dp</dimen>
    <dimen name="x501">575.22dp</dimen>
    <dimen name="x502">576.37dp</dimen>
    <dimen name="x503">577.52dp</dimen>
    <dimen name="x504">578.67dp</dimen>
    <dimen name="x505">579.81dp</dimen>
    <dimen name="x506">580.96dp</dimen>
    <dimen name="x507">582.11dp</dimen>
    <dimen name="x508">583.26dp</dimen>
    <dimen name="x509">584.41dp</dimen>
    <dimen name="x510">585.56dp</dimen>
    <dimen name="x511">586.70dp</dimen>
    <dimen name="x512">587.85dp</dimen>
    <dimen name="x513">589.00dp</dimen>
    <dimen name="x514">590.15dp</dimen>
    <dimen name="x515">591.30dp</dimen>
    <dimen name="x516">592.44dp</dimen>
    <dimen name="x517">593.59dp</dimen>
    <dimen name="x518">594.74dp</dimen>
    <dimen name="x519">595.89dp</dimen>
    <dimen name="x520">597.04dp</dimen>
    <dimen name="x521">598.19dp</dimen>
    <dimen name="x522">599.33dp</dimen>
    <dimen name="x523">600.48dp</dimen>
    <dimen name="x524">601.63dp</dimen>
    <dimen name="x525">602.78dp</dimen>
    <dimen name="x526">603.93dp</dimen>
    <dimen name="x527">605.07dp</dimen>
    <dimen name="x528">606.22dp</dimen>
    <dimen name="x529">607.37dp</dimen>
    <dimen name="x530">608.52dp</dimen>
    <dimen name="x531">609.67dp</dimen>
    <dimen name="x532">610.81dp</dimen>
    <dimen name="x533">611.96dp</dimen>
    <dimen name="x534">613.11dp</dimen>
    <dimen name="x535">614.26dp</dimen>
    <dimen name="x536">615.41dp</dimen>
    <dimen name="x537">616.56dp</dimen>
    <dimen name="x538">617.70dp</dimen>
    <dimen name="x539">618.85dp</dimen>
    <dimen name="x540">620.00dp</dimen>
    <dimen name="x541">621.15dp</dimen>
    <dimen name="x542">622.30dp</dimen>
    <dimen name="x543">623.44dp</dimen>
    <dimen name="x544">624.59dp</dimen>
    <dimen name="x545">625.74dp</dimen>
    <dimen name="x546">626.89dp</dimen>
    <dimen name="x547">628.04dp</dimen>
    <dimen name="x548">629.19dp</dimen>
    <dimen name="x549">630.33dp</dimen>
    <dimen name="x550">631.48dp</dimen>
    <dimen name="x551">632.63dp</dimen>
    <dimen name="x552">633.78dp</dimen>
    <dimen name="x553">634.93dp</dimen>
    <dimen name="x554">636.07dp</dimen>
    <dimen name="x555">637.22dp</dimen>
    <dimen name="x556">638.37dp</dimen>
    <dimen name="x557">639.52dp</dimen>
    <dimen name="x558">640.67dp</dimen>
    <dimen name="x559">641.81dp</dimen>
    <dimen name="x560">642.96dp</dimen>
    <dimen name="x561">644.11dp</dimen>
    <dimen name="x562">645.26dp</dimen>
    <dimen name="x563">646.41dp</dimen>
    <dimen name="x564">647.56dp</dimen>
    <dimen name="x565">648.70dp</dimen>
    <dimen name="x566">649.85dp</dimen>
    <dimen name="x567">651.00dp</dimen>
    <dimen name="x568">652.15dp</dimen>
    <dimen name="x569">653.30dp</dimen>
    <dimen name="x570">654.44dp</dimen>
    <dimen name="x571">655.59dp</dimen>
    <dimen name="x572">656.74dp</dimen>
    <dimen name="x573">657.89dp</dimen>
    <dimen name="x574">659.04dp</dimen>
    <dimen name="x575">660.19dp</dimen>
    <dimen name="x576">661.33dp</dimen>
    <dimen name="x577">662.48dp</dimen>
    <dimen name="x578">663.63dp</dimen>
    <dimen name="x579">664.78dp</dimen>
    <dimen name="x580">665.93dp</dimen>
    <dimen name="x581">667.07dp</dimen>
    <dimen name="x582">668.22dp</dimen>
    <dimen name="x583">669.37dp</dimen>
    <dimen name="x584">670.52dp</dimen>
    <dimen name="x585">671.67dp</dimen>
    <dimen name="x586">672.81dp</dimen>
    <dimen name="x587">673.96dp</dimen>
    <dimen name="x588">675.11dp</dimen>
    <dimen name="x589">676.26dp</dimen>
    <dimen name="x590">677.41dp</dimen>
    <dimen name="x591">678.56dp</dimen>
    <dimen name="x592">679.70dp</dimen>
    <dimen name="x593">680.85dp</dimen>
    <dimen name="x594">682.00dp</dimen>
    <dimen name="x595">683.15dp</dimen>
    <dimen name="x596">684.30dp</dimen>
    <dimen name="x597">685.44dp</dimen>
    <dimen name="x598">686.59dp</dimen>
    <dimen name="x599">687.74dp</dimen>
    <dimen name="x600">688.89dp</dimen>
    <dimen name="x601">690.04dp</dimen>
    <dimen name="x602">691.19dp</dimen>
    <dimen name="x603">692.33dp</dimen>
    <dimen name="x604">693.48dp</dimen>
    <dimen name="x605">694.63dp</dimen>
    <dimen name="x606">695.78dp</dimen>
    <dimen name="x607">696.93dp</dimen>
    <dimen name="x608">698.07dp</dimen>
    <dimen name="x609">699.22dp</dimen>
    <dimen name="x610">700.37dp</dimen>
    <dimen name="x611">701.52dp</dimen>
    <dimen name="x612">702.67dp</dimen>
    <dimen name="x613">703.81dp</dimen>
    <dimen name="x614">704.96dp</dimen>
    <dimen name="x615">706.11dp</dimen>
    <dimen name="x616">707.26dp</dimen>
    <dimen name="x617">708.41dp</dimen>
    <dimen name="x618">709.56dp</dimen>
    <dimen name="x619">710.70dp</dimen>
    <dimen name="x620">711.85dp</dimen>
    <dimen name="x621">713.00dp</dimen>
    <dimen name="x622">714.15dp</dimen>
    <dimen name="x623">715.30dp</dimen>
    <dimen name="x624">716.44dp</dimen>
    <dimen name="x625">717.59dp</dimen>
    <dimen name="x626">718.74dp</dimen>
    <dimen name="x627">719.89dp</dimen>
    <dimen name="x628">721.04dp</dimen>
    <dimen name="x629">722.19dp</dimen>
    <dimen name="x630">723.33dp</dimen>
    <dimen name="x631">724.48dp</dimen>
    <dimen name="x632">725.63dp</dimen>
    <dimen name="x633">726.78dp</dimen>
    <dimen name="x634">727.93dp</dimen>
    <dimen name="x635">729.07dp</dimen>
    <dimen name="x636">730.22dp</dimen>
    <dimen name="x637">731.37dp</dimen>
    <dimen name="x638">732.52dp</dimen>
    <dimen name="x639">733.67dp</dimen>
    <dimen name="x640">734.81dp</dimen>
    <dimen name="x641">735.96dp</dimen>
    <dimen name="x642">737.11dp</dimen>
    <dimen name="x643">738.26dp</dimen>
    <dimen name="x644">739.41dp</dimen>
    <dimen name="x645">740.56dp</dimen>
    <dimen name="x646">741.70dp</dimen>
    <dimen name="x647">742.85dp</dimen>
    <dimen name="x648">744.00dp</dimen>
    <dimen name="x649">745.15dp</dimen>
    <dimen name="x650">746.30dp</dimen>
    <dimen name="x651">747.44dp</dimen>
    <dimen name="x652">748.59dp</dimen>
    <dimen name="x653">749.74dp</dimen>
    <dimen name="x654">750.89dp</dimen>
    <dimen name="x655">752.04dp</dimen>
    <dimen name="x656">753.19dp</dimen>
    <dimen name="x657">754.33dp</dimen>
    <dimen name="x658">755.48dp</dimen>
    <dimen name="x659">756.63dp</dimen>
    <dimen name="x660">757.78dp</dimen>
    <dimen name="x661">758.93dp</dimen>
    <dimen name="x662">760.07dp</dimen>
    <dimen name="x663">761.22dp</dimen>
    <dimen name="x664">762.37dp</dimen>
    <dimen name="x665">763.52dp</dimen>
    <dimen name="x666">764.67dp</dimen>
    <dimen name="x667">765.81dp</dimen>
    <dimen name="x668">766.96dp</dimen>
    <dimen name="x669">768.11dp</dimen>
    <dimen name="x670">769.26dp</dimen>
    <dimen name="x671">770.41dp</dimen>
    <dimen name="x672">771.56dp</dimen>
    <dimen name="x673">772.70dp</dimen>
    <dimen name="x674">773.85dp</dimen>
    <dimen name="x675">775.00dp</dimen>
    <dimen name="x676">776.15dp</dimen>
    <dimen name="x677">777.30dp</dimen>
    <dimen name="x678">778.44dp</dimen>
    <dimen name="x679">779.59dp</dimen>
    <dimen name="x680">780.74dp</dimen>
    <dimen name="x681">781.89dp</dimen>
    <dimen name="x682">783.04dp</dimen>
    <dimen name="x683">784.19dp</dimen>
    <dimen name="x684">785.33dp</dimen>
    <dimen name="x685">786.48dp</dimen>
    <dimen name="x686">787.63dp</dimen>
    <dimen name="x687">788.78dp</dimen>
    <dimen name="x688">789.93dp</dimen>
    <dimen name="x689">791.07dp</dimen>
    <dimen name="x690">792.22dp</dimen>
    <dimen name="x691">793.37dp</dimen>
    <dimen name="x692">794.52dp</dimen>
    <dimen name="x693">795.67dp</dimen>
    <dimen name="x694">796.81dp</dimen>
    <dimen name="x695">797.96dp</dimen>
    <dimen name="x696">799.11dp</dimen>
    <dimen name="x697">800.26dp</dimen>
    <dimen name="x698">801.41dp</dimen>
    <dimen name="x699">802.56dp</dimen>
    <dimen name="x700">803.70dp</dimen>
    <dimen name="x701">804.85dp</dimen>
    <dimen name="x702">806.00dp</dimen>
    <dimen name="x703">807.15dp</dimen>
    <dimen name="x704">808.30dp</dimen>
    <dimen name="x705">809.44dp</dimen>
    <dimen name="x706">810.59dp</dimen>
    <dimen name="x707">811.74dp</dimen>
    <dimen name="x708">812.89dp</dimen>
    <dimen name="x709">814.04dp</dimen>
    <dimen name="x710">815.19dp</dimen>
    <dimen name="x711">816.33dp</dimen>
    <dimen name="x712">817.48dp</dimen>
    <dimen name="x713">818.63dp</dimen>
    <dimen name="x714">819.78dp</dimen>
    <dimen name="x715">820.93dp</dimen>
    <dimen name="x716">822.07dp</dimen>
    <dimen name="x717">823.22dp</dimen>
    <dimen name="x718">824.37dp</dimen>
    <dimen name="x719">825.52dp</dimen>
    <dimen name="x720">826.67dp</dimen>
    <dimen name="x721">827.81dp</dimen>
    <dimen name="x722">828.96dp</dimen>
    <dimen name="x723">830.11dp</dimen>
    <dimen name="x724">831.26dp</dimen>
    <dimen name="x725">832.41dp</dimen>
    <dimen name="x726">833.56dp</dimen>
    <dimen name="x727">834.70dp</dimen>
    <dimen name="x728">835.85dp</dimen>
    <dimen name="x729">837.00dp</dimen>
    <dimen name="x730">838.15dp</dimen>
    <dimen name="x731">839.30dp</dimen>
    <dimen name="x732">840.44dp</dimen>
    <dimen name="x733">841.59dp</dimen>
    <dimen name="x734">842.74dp</dimen>
    <dimen name="x735">843.89dp</dimen>
    <dimen name="x736">845.04dp</dimen>
    <dimen name="x737">846.19dp</dimen>
    <dimen name="x738">847.33dp</dimen>
    <dimen name="x739">848.48dp</dimen>
    <dimen name="x740">849.63dp</dimen>
    <dimen name="x741">850.78dp</dimen>
    <dimen name="x742">851.93dp</dimen>
    <dimen name="x743">853.07dp</dimen>
    <dimen name="x744">854.22dp</dimen>
    <dimen name="x745">855.37dp</dimen>
    <dimen name="x746">856.52dp</dimen>
    <dimen name="x747">857.67dp</dimen>
    <dimen name="x748">858.81dp</dimen>
    <dimen name="x749">859.96dp</dimen>
    <dimen name="x750">861.11dp</dimen>
    <dimen name="x751">862.26dp</dimen>
    <dimen name="x752">863.41dp</dimen>
    <dimen name="x753">864.56dp</dimen>
    <dimen name="x754">865.70dp</dimen>
    <dimen name="x755">866.85dp</dimen>
    <dimen name="x756">868.00dp</dimen>
    <dimen name="x757">869.15dp</dimen>
    <dimen name="x758">870.30dp</dimen>
    <dimen name="x759">871.44dp</dimen>
    <dimen name="x760">872.59dp</dimen>
    <dimen name="x761">873.74dp</dimen>
    <dimen name="x762">874.89dp</dimen>
    <dimen name="x763">876.04dp</dimen>
    <dimen name="x764">877.19dp</dimen>
    <dimen name="x765">878.33dp</dimen>
    <dimen name="x766">879.48dp</dimen>
    <dimen name="x767">880.63dp</dimen>
    <dimen name="x768">881.78dp</dimen>
    <dimen name="x769">882.93dp</dimen>
    <dimen name="x770">884.07dp</dimen>
    <dimen name="x771">885.22dp</dimen>
    <dimen name="x772">886.37dp</dimen>
    <dimen name="x773">887.52dp</dimen>
    <dimen name="x774">888.67dp</dimen>
    <dimen name="x775">889.81dp</dimen>
    <dimen name="x776">890.96dp</dimen>
    <dimen name="x777">892.11dp</dimen>
    <dimen name="x778">893.26dp</dimen>
    <dimen name="x779">894.41dp</dimen>
    <dimen name="x780">895.56dp</dimen>
    <dimen name="x781">896.70dp</dimen>
    <dimen name="x782">897.85dp</dimen>
    <dimen name="x783">899.00dp</dimen>
    <dimen name="x784">900.15dp</dimen>
    <dimen name="x785">901.30dp</dimen>
    <dimen name="x786">902.44dp</dimen>
    <dimen name="x787">903.59dp</dimen>
    <dimen name="x788">904.74dp</dimen>
    <dimen name="x789">905.89dp</dimen>
    <dimen name="x790">907.04dp</dimen>
    <dimen name="x791">908.19dp</dimen>
    <dimen name="x792">909.33dp</dimen>
    <dimen name="x793">910.48dp</dimen>
    <dimen name="x794">911.63dp</dimen>
    <dimen name="x795">912.78dp</dimen>
    <dimen name="x796">913.93dp</dimen>
    <dimen name="x797">915.07dp</dimen>
    <dimen name="x798">916.22dp</dimen>
    <dimen name="x799">917.37dp</dimen>
    <dimen name="x800">918.52dp</dimen>
    <dimen name="x801">919.67dp</dimen>
    <dimen name="x802">920.81dp</dimen>
    <dimen name="x803">921.96dp</dimen>
    <dimen name="x804">923.11dp</dimen>
    <dimen name="x805">924.26dp</dimen>
    <dimen name="x806">925.41dp</dimen>
    <dimen name="x807">926.56dp</dimen>
    <dimen name="x808">927.70dp</dimen>
    <dimen name="x809">928.85dp</dimen>
    <dimen name="x810">930.00dp</dimen>
    <dimen name="x811">931.15dp</dimen>
    <dimen name="x812">932.30dp</dimen>
    <dimen name="x813">933.44dp</dimen>
    <dimen name="x814">934.59dp</dimen>
    <dimen name="x815">935.74dp</dimen>
    <dimen name="x816">936.89dp</dimen>
    <dimen name="x817">938.04dp</dimen>
    <dimen name="x818">939.19dp</dimen>
    <dimen name="x819">940.33dp</dimen>
    <dimen name="x820">941.48dp</dimen>
    <dimen name="x821">942.63dp</dimen>
    <dimen name="x822">943.78dp</dimen>
    <dimen name="x823">944.93dp</dimen>
    <dimen name="x824">946.07dp</dimen>
    <dimen name="x825">947.22dp</dimen>
    <dimen name="x826">948.37dp</dimen>
    <dimen name="x827">949.52dp</dimen>
    <dimen name="x828">950.67dp</dimen>
    <dimen name="x829">951.81dp</dimen>
    <dimen name="x830">952.96dp</dimen>
    <dimen name="x831">954.11dp</dimen>
    <dimen name="x832">955.26dp</dimen>
    <dimen name="x833">956.41dp</dimen>
    <dimen name="x834">957.56dp</dimen>
    <dimen name="x835">958.70dp</dimen>
    <dimen name="x836">959.85dp</dimen>
    <dimen name="x837">961.00dp</dimen>
    <dimen name="x838">962.15dp</dimen>
    <dimen name="x839">963.30dp</dimen>
    <dimen name="x840">964.44dp</dimen>
    <dimen name="x841">965.59dp</dimen>
    <dimen name="x842">966.74dp</dimen>
    <dimen name="x843">967.89dp</dimen>
    <dimen name="x844">969.04dp</dimen>
    <dimen name="x845">970.19dp</dimen>
    <dimen name="x846">971.33dp</dimen>
    <dimen name="x847">972.48dp</dimen>
    <dimen name="x848">973.63dp</dimen>
    <dimen name="x849">974.78dp</dimen>
    <dimen name="x850">975.93dp</dimen>
    <dimen name="x851">977.07dp</dimen>
    <dimen name="x852">978.22dp</dimen>
    <dimen name="x853">979.37dp</dimen>
    <dimen name="x854">980.52dp</dimen>
    <dimen name="x855">981.67dp</dimen>
    <dimen name="x856">982.81dp</dimen>
    <dimen name="x857">983.96dp</dimen>
    <dimen name="x858">985.11dp</dimen>
    <dimen name="x859">986.26dp</dimen>
    <dimen name="x860">987.41dp</dimen>
    <dimen name="x861">988.56dp</dimen>
    <dimen name="x862">989.70dp</dimen>
    <dimen name="x863">990.85dp</dimen>
    <dimen name="x864">992.00dp</dimen>
    <dimen name="x865">993.15dp</dimen>
    <dimen name="x866">994.30dp</dimen>
    <dimen name="x867">995.44dp</dimen>
    <dimen name="x868">996.59dp</dimen>
    <dimen name="x869">997.74dp</dimen>
    <dimen name="x870">998.89dp</dimen>
    <dimen name="x871">1000.04dp</dimen>
    <dimen name="x872">1001.19dp</dimen>
    <dimen name="x873">1002.33dp</dimen>
    <dimen name="x874">1003.48dp</dimen>
    <dimen name="x875">1004.63dp</dimen>
    <dimen name="x876">1005.78dp</dimen>
    <dimen name="x877">1006.93dp</dimen>
    <dimen name="x878">1008.07dp</dimen>
    <dimen name="x879">1009.22dp</dimen>
    <dimen name="x880">1010.37dp</dimen>
    <dimen name="x881">1011.52dp</dimen>
    <dimen name="x882">1012.67dp</dimen>
    <dimen name="x883">1013.81dp</dimen>
    <dimen name="x884">1014.96dp</dimen>
    <dimen name="x885">1016.11dp</dimen>
    <dimen name="x886">1017.26dp</dimen>
    <dimen name="x887">1018.41dp</dimen>
    <dimen name="x888">1019.56dp</dimen>
    <dimen name="x889">1020.70dp</dimen>
    <dimen name="x890">1021.85dp</dimen>
    <dimen name="x891">1023.00dp</dimen>
    <dimen name="x892">1024.15dp</dimen>
    <dimen name="x893">1025.30dp</dimen>
    <dimen name="x894">1026.44dp</dimen>
    <dimen name="x895">1027.59dp</dimen>
    <dimen name="x896">1028.74dp</dimen>
    <dimen name="x897">1029.89dp</dimen>
    <dimen name="x898">1031.04dp</dimen>
    <dimen name="x899">1032.19dp</dimen>
    <dimen name="x900">1033.33dp</dimen>
    <dimen name="x901">1034.48dp</dimen>
    <dimen name="x902">1035.63dp</dimen>
    <dimen name="x903">1036.78dp</dimen>
    <dimen name="x904">1037.93dp</dimen>
    <dimen name="x905">1039.07dp</dimen>
    <dimen name="x906">1040.22dp</dimen>
    <dimen name="x907">1041.37dp</dimen>
    <dimen name="x908">1042.52dp</dimen>
    <dimen name="x909">1043.67dp</dimen>
    <dimen name="x910">1044.81dp</dimen>
    <dimen name="x911">1045.96dp</dimen>
    <dimen name="x912">1047.11dp</dimen>
    <dimen name="x913">1048.26dp</dimen>
    <dimen name="x914">1049.41dp</dimen>
    <dimen name="x915">1050.56dp</dimen>
    <dimen name="x916">1051.70dp</dimen>
    <dimen name="x917">1052.85dp</dimen>
    <dimen name="x918">1054.00dp</dimen>
    <dimen name="x919">1055.15dp</dimen>
    <dimen name="x920">1056.30dp</dimen>
    <dimen name="x921">1057.44dp</dimen>
    <dimen name="x922">1058.59dp</dimen>
    <dimen name="x923">1059.74dp</dimen>
    <dimen name="x924">1060.89dp</dimen>
    <dimen name="x925">1062.04dp</dimen>
    <dimen name="x926">1063.19dp</dimen>
    <dimen name="x927">1064.33dp</dimen>
    <dimen name="x928">1065.48dp</dimen>
    <dimen name="x929">1066.63dp</dimen>
    <dimen name="x930">1067.78dp</dimen>
    <dimen name="x931">1068.93dp</dimen>
    <dimen name="x932">1070.07dp</dimen>
    <dimen name="x933">1071.22dp</dimen>
    <dimen name="x934">1072.37dp</dimen>
    <dimen name="x935">1073.52dp</dimen>
    <dimen name="x936">1074.67dp</dimen>
    <dimen name="x937">1075.81dp</dimen>
    <dimen name="x938">1076.96dp</dimen>
    <dimen name="x939">1078.11dp</dimen>
    <dimen name="x940">1079.26dp</dimen>
    <dimen name="x941">1080.41dp</dimen>
    <dimen name="x942">1081.56dp</dimen>
    <dimen name="x943">1082.70dp</dimen>
    <dimen name="x944">1083.85dp</dimen>
    <dimen name="x945">1085.00dp</dimen>
    <dimen name="x946">1086.15dp</dimen>
    <dimen name="x947">1087.30dp</dimen>
    <dimen name="x948">1088.44dp</dimen>
    <dimen name="x949">1089.59dp</dimen>
    <dimen name="x950">1090.74dp</dimen>
    <dimen name="x951">1091.89dp</dimen>
    <dimen name="x952">1093.04dp</dimen>
    <dimen name="x953">1094.19dp</dimen>
    <dimen name="x954">1095.33dp</dimen>
    <dimen name="x955">1096.48dp</dimen>
    <dimen name="x956">1097.63dp</dimen>
    <dimen name="x957">1098.78dp</dimen>
    <dimen name="x958">1099.93dp</dimen>
    <dimen name="x959">1101.07dp</dimen>
    <dimen name="x960">1102.22dp</dimen>
    <dimen name="x961">1103.37dp</dimen>
    <dimen name="x962">1104.52dp</dimen>
    <dimen name="x963">1105.67dp</dimen>
    <dimen name="x964">1106.81dp</dimen>
    <dimen name="x965">1107.96dp</dimen>
    <dimen name="x966">1109.11dp</dimen>
    <dimen name="x967">1110.26dp</dimen>
    <dimen name="x968">1111.41dp</dimen>
    <dimen name="x969">1112.56dp</dimen>
    <dimen name="x970">1113.70dp</dimen>
    <dimen name="x971">1114.85dp</dimen>
    <dimen name="x972">1116.00dp</dimen>
    <dimen name="x973">1117.15dp</dimen>
    <dimen name="x974">1118.30dp</dimen>
    <dimen name="x975">1119.44dp</dimen>
    <dimen name="x976">1120.59dp</dimen>
    <dimen name="x977">1121.74dp</dimen>
    <dimen name="x978">1122.89dp</dimen>
    <dimen name="x979">1124.04dp</dimen>
    <dimen name="x980">1125.19dp</dimen>
    <dimen name="x981">1126.33dp</dimen>
    <dimen name="x982">1127.48dp</dimen>
    <dimen name="x983">1128.63dp</dimen>
    <dimen name="x984">1129.78dp</dimen>
    <dimen name="x985">1130.93dp</dimen>
    <dimen name="x986">1132.07dp</dimen>
    <dimen name="x987">1133.22dp</dimen>
    <dimen name="x988">1134.37dp</dimen>
    <dimen name="x989">1135.52dp</dimen>
    <dimen name="x990">1136.67dp</dimen>
    <dimen name="x991">1137.81dp</dimen>
    <dimen name="x992">1138.96dp</dimen>
    <dimen name="x993">1140.11dp</dimen>
    <dimen name="x994">1141.26dp</dimen>
    <dimen name="x995">1142.41dp</dimen>
    <dimen name="x996">1143.56dp</dimen>
    <dimen name="x997">1144.70dp</dimen>
    <dimen name="x998">1145.85dp</dimen>
    <dimen name="x999">1147.00dp</dimen>
    <dimen name="x1000">1148.15dp</dimen>
    <dimen name="x1001">1149.30dp</dimen>
    <dimen name="x1002">1150.44dp</dimen>
    <dimen name="x1003">1151.59dp</dimen>
    <dimen name="x1004">1152.74dp</dimen>
    <dimen name="x1005">1153.89dp</dimen>
    <dimen name="x1006">1155.04dp</dimen>
    <dimen name="x1007">1156.19dp</dimen>
    <dimen name="x1008">1157.33dp</dimen>
    <dimen name="x1009">1158.48dp</dimen>
    <dimen name="x1010">1159.63dp</dimen>
    <dimen name="x1011">1160.78dp</dimen>
    <dimen name="x1012">1161.93dp</dimen>
    <dimen name="x1013">1163.07dp</dimen>
    <dimen name="x1014">1164.22dp</dimen>
    <dimen name="x1015">1165.37dp</dimen>
    <dimen name="x1016">1166.52dp</dimen>
    <dimen name="x1017">1167.67dp</dimen>
    <dimen name="x1018">1168.81dp</dimen>
    <dimen name="x1019">1169.96dp</dimen>
    <dimen name="x1020">1171.11dp</dimen>
    <dimen name="x1021">1172.26dp</dimen>
    <dimen name="x1022">1173.41dp</dimen>
    <dimen name="x1023">1174.56dp</dimen>
    <dimen name="x1024">1175.70dp</dimen>
    <dimen name="x1025">1176.85dp</dimen>
    <dimen name="x1026">1178.00dp</dimen>
    <dimen name="x1027">1179.15dp</dimen>
    <dimen name="x1028">1180.30dp</dimen>
    <dimen name="x1029">1181.44dp</dimen>
    <dimen name="x1030">1182.59dp</dimen>
    <dimen name="x1031">1183.74dp</dimen>
    <dimen name="x1032">1184.89dp</dimen>
    <dimen name="x1033">1186.04dp</dimen>
    <dimen name="x1034">1187.19dp</dimen>
    <dimen name="x1035">1188.33dp</dimen>
    <dimen name="x1036">1189.48dp</dimen>
    <dimen name="x1037">1190.63dp</dimen>
    <dimen name="x1038">1191.78dp</dimen>
    <dimen name="x1039">1192.93dp</dimen>
    <dimen name="x1040">1194.07dp</dimen>
    <dimen name="x1041">1195.22dp</dimen>
    <dimen name="x1042">1196.37dp</dimen>
    <dimen name="x1043">1197.52dp</dimen>
    <dimen name="x1044">1198.67dp</dimen>
    <dimen name="x1045">1199.81dp</dimen>
    <dimen name="x1046">1200.96dp</dimen>
    <dimen name="x1047">1202.11dp</dimen>
    <dimen name="x1048">1203.26dp</dimen>
    <dimen name="x1049">1204.41dp</dimen>
    <dimen name="x1050">1205.56dp</dimen>
    <dimen name="x1051">1206.70dp</dimen>
    <dimen name="x1052">1207.85dp</dimen>
    <dimen name="x1053">1209.00dp</dimen>
    <dimen name="x1054">1210.15dp</dimen>
    <dimen name="x1055">1211.30dp</dimen>
    <dimen name="x1056">1212.44dp</dimen>
    <dimen name="x1057">1213.59dp</dimen>
    <dimen name="x1058">1214.74dp</dimen>
    <dimen name="x1059">1215.89dp</dimen>
    <dimen name="x1060">1217.04dp</dimen>
    <dimen name="x1061">1218.19dp</dimen>
    <dimen name="x1062">1219.33dp</dimen>
    <dimen name="x1063">1220.48dp</dimen>
    <dimen name="x1064">1221.63dp</dimen>
    <dimen name="x1065">1222.78dp</dimen>
    <dimen name="x1066">1223.93dp</dimen>
    <dimen name="x1067">1225.07dp</dimen>
    <dimen name="x1068">1226.22dp</dimen>
    <dimen name="x1069">1227.37dp</dimen>
    <dimen name="x1070">1228.52dp</dimen>
    <dimen name="x1071">1229.67dp</dimen>
    <dimen name="x1072">1230.81dp</dimen>
    <dimen name="x1073">1231.96dp</dimen>
    <dimen name="x1074">1233.11dp</dimen>
    <dimen name="x1075">1234.26dp</dimen>
    <dimen name="x1076">1235.41dp</dimen>
    <dimen name="x1077">1236.56dp</dimen>
    <dimen name="x1078">1237.70dp</dimen>
    <dimen name="x1079">1238.85dp</dimen>
    <dimen name="x1080">1240.00dp</dimen>
</resources>