<?xml version="1.0" encoding="utf-8"?>
<resources>
    <string name="sw_dp">960dp</string>
    <dimen name="x1">0.89dp</dimen>
    <dimen name="x2">1.78dp</dimen>
    <dimen name="x3">2.67dp</dimen>
    <dimen name="x4">3.56dp</dimen>
    <dimen name="x5">4.44dp</dimen>
    <dimen name="x6">5.33dp</dimen>
    <dimen name="x7">6.22dp</dimen>
    <dimen name="x8">7.11dp</dimen>
    <dimen name="x9">8.00dp</dimen>
    <dimen name="x10">8.89dp</dimen>
    <dimen name="x11">9.78dp</dimen>
    <dimen name="x12">10.67dp</dimen>
    <dimen name="x13">11.56dp</dimen>
    <dimen name="x14">12.44dp</dimen>
    <dimen name="x15">13.33dp</dimen>
    <dimen name="x16">14.22dp</dimen>
    <dimen name="x17">15.11dp</dimen>
    <dimen name="x18">16.00dp</dimen>
    <dimen name="x19">16.89dp</dimen>
    <dimen name="x20">17.78dp</dimen>
    <dimen name="x21">18.67dp</dimen>
    <dimen name="x22">19.56dp</dimen>
    <dimen name="x23">20.44dp</dimen>
    <dimen name="x24">21.33dp</dimen>
    <dimen name="x25">22.22dp</dimen>
    <dimen name="x26">23.11dp</dimen>
    <dimen name="x27">24.00dp</dimen>
    <dimen name="x28">24.89dp</dimen>
    <dimen name="x29">25.78dp</dimen>
    <dimen name="x30">26.67dp</dimen>
    <dimen name="x31">27.56dp</dimen>
    <dimen name="x32">28.44dp</dimen>
    <dimen name="x33">29.33dp</dimen>
    <dimen name="x34">30.22dp</dimen>
    <dimen name="x35">31.11dp</dimen>
    <dimen name="x36">32.00dp</dimen>
    <dimen name="x37">32.89dp</dimen>
    <dimen name="x38">33.78dp</dimen>
    <dimen name="x39">34.67dp</dimen>
    <dimen name="x40">35.56dp</dimen>
    <dimen name="x41">36.44dp</dimen>
    <dimen name="x42">37.33dp</dimen>
    <dimen name="x43">38.22dp</dimen>
    <dimen name="x44">39.11dp</dimen>
    <dimen name="x45">40.00dp</dimen>
    <dimen name="x46">40.89dp</dimen>
    <dimen name="x47">41.78dp</dimen>
    <dimen name="x48">42.67dp</dimen>
    <dimen name="x49">43.56dp</dimen>
    <dimen name="x50">44.44dp</dimen>
    <dimen name="x51">45.33dp</dimen>
    <dimen name="x52">46.22dp</dimen>
    <dimen name="x53">47.11dp</dimen>
    <dimen name="x54">48.00dp</dimen>
    <dimen name="x55">48.89dp</dimen>
    <dimen name="x56">49.78dp</dimen>
    <dimen name="x57">50.67dp</dimen>
    <dimen name="x58">51.56dp</dimen>
    <dimen name="x59">52.44dp</dimen>
    <dimen name="x60">53.33dp</dimen>
    <dimen name="x61">54.22dp</dimen>
    <dimen name="x62">55.11dp</dimen>
    <dimen name="x63">56.00dp</dimen>
    <dimen name="x64">56.89dp</dimen>
    <dimen name="x65">57.78dp</dimen>
    <dimen name="x66">58.67dp</dimen>
    <dimen name="x67">59.56dp</dimen>
    <dimen name="x68">60.44dp</dimen>
    <dimen name="x69">61.33dp</dimen>
    <dimen name="x70">62.22dp</dimen>
    <dimen name="x71">63.11dp</dimen>
    <dimen name="x72">64.00dp</dimen>
    <dimen name="x73">64.89dp</dimen>
    <dimen name="x74">65.78dp</dimen>
    <dimen name="x75">66.67dp</dimen>
    <dimen name="x76">67.56dp</dimen>
    <dimen name="x77">68.44dp</dimen>
    <dimen name="x78">69.33dp</dimen>
    <dimen name="x79">70.22dp</dimen>
    <dimen name="x80">71.11dp</dimen>
    <dimen name="x81">72.00dp</dimen>
    <dimen name="x82">72.89dp</dimen>
    <dimen name="x83">73.78dp</dimen>
    <dimen name="x84">74.67dp</dimen>
    <dimen name="x85">75.56dp</dimen>
    <dimen name="x86">76.44dp</dimen>
    <dimen name="x87">77.33dp</dimen>
    <dimen name="x88">78.22dp</dimen>
    <dimen name="x89">79.11dp</dimen>
    <dimen name="x90">80.00dp</dimen>
    <dimen name="x91">80.89dp</dimen>
    <dimen name="x92">81.78dp</dimen>
    <dimen name="x93">82.67dp</dimen>
    <dimen name="x94">83.56dp</dimen>
    <dimen name="x95">84.44dp</dimen>
    <dimen name="x96">85.33dp</dimen>
    <dimen name="x97">86.22dp</dimen>
    <dimen name="x98">87.11dp</dimen>
    <dimen name="x99">88.00dp</dimen>
    <dimen name="x100">88.89dp</dimen>
    <dimen name="x101">89.78dp</dimen>
    <dimen name="x102">90.67dp</dimen>
    <dimen name="x103">91.56dp</dimen>
    <dimen name="x104">92.44dp</dimen>
    <dimen name="x105">93.33dp</dimen>
    <dimen name="x106">94.22dp</dimen>
    <dimen name="x107">95.11dp</dimen>
    <dimen name="x108">96.00dp</dimen>
    <dimen name="x109">96.89dp</dimen>
    <dimen name="x110">97.78dp</dimen>
    <dimen name="x111">98.67dp</dimen>
    <dimen name="x112">99.56dp</dimen>
    <dimen name="x113">100.44dp</dimen>
    <dimen name="x114">101.33dp</dimen>
    <dimen name="x115">102.22dp</dimen>
    <dimen name="x116">103.11dp</dimen>
    <dimen name="x117">104.00dp</dimen>
    <dimen name="x118">104.89dp</dimen>
    <dimen name="x119">105.78dp</dimen>
    <dimen name="x120">106.67dp</dimen>
    <dimen name="x121">107.56dp</dimen>
    <dimen name="x122">108.44dp</dimen>
    <dimen name="x123">109.33dp</dimen>
    <dimen name="x124">110.22dp</dimen>
    <dimen name="x125">111.11dp</dimen>
    <dimen name="x126">112.00dp</dimen>
    <dimen name="x127">112.89dp</dimen>
    <dimen name="x128">113.78dp</dimen>
    <dimen name="x129">114.67dp</dimen>
    <dimen name="x130">115.56dp</dimen>
    <dimen name="x131">116.44dp</dimen>
    <dimen name="x132">117.33dp</dimen>
    <dimen name="x133">118.22dp</dimen>
    <dimen name="x134">119.11dp</dimen>
    <dimen name="x135">120.00dp</dimen>
    <dimen name="x136">120.89dp</dimen>
    <dimen name="x137">121.78dp</dimen>
    <dimen name="x138">122.67dp</dimen>
    <dimen name="x139">123.56dp</dimen>
    <dimen name="x140">124.44dp</dimen>
    <dimen name="x141">125.33dp</dimen>
    <dimen name="x142">126.22dp</dimen>
    <dimen name="x143">127.11dp</dimen>
    <dimen name="x144">128.00dp</dimen>
    <dimen name="x145">128.89dp</dimen>
    <dimen name="x146">129.78dp</dimen>
    <dimen name="x147">130.67dp</dimen>
    <dimen name="x148">131.56dp</dimen>
    <dimen name="x149">132.44dp</dimen>
    <dimen name="x150">133.33dp</dimen>
    <dimen name="x151">134.22dp</dimen>
    <dimen name="x152">135.11dp</dimen>
    <dimen name="x153">136.00dp</dimen>
    <dimen name="x154">136.89dp</dimen>
    <dimen name="x155">137.78dp</dimen>
    <dimen name="x156">138.67dp</dimen>
    <dimen name="x157">139.56dp</dimen>
    <dimen name="x158">140.44dp</dimen>
    <dimen name="x159">141.33dp</dimen>
    <dimen name="x160">142.22dp</dimen>
    <dimen name="x161">143.11dp</dimen>
    <dimen name="x162">144.00dp</dimen>
    <dimen name="x163">144.89dp</dimen>
    <dimen name="x164">145.78dp</dimen>
    <dimen name="x165">146.67dp</dimen>
    <dimen name="x166">147.56dp</dimen>
    <dimen name="x167">148.44dp</dimen>
    <dimen name="x168">149.33dp</dimen>
    <dimen name="x169">150.22dp</dimen>
    <dimen name="x170">151.11dp</dimen>
    <dimen name="x171">152.00dp</dimen>
    <dimen name="x172">152.89dp</dimen>
    <dimen name="x173">153.78dp</dimen>
    <dimen name="x174">154.67dp</dimen>
    <dimen name="x175">155.56dp</dimen>
    <dimen name="x176">156.44dp</dimen>
    <dimen name="x177">157.33dp</dimen>
    <dimen name="x178">158.22dp</dimen>
    <dimen name="x179">159.11dp</dimen>
    <dimen name="x180">160.00dp</dimen>
    <dimen name="x181">160.89dp</dimen>
    <dimen name="x182">161.78dp</dimen>
    <dimen name="x183">162.67dp</dimen>
    <dimen name="x184">163.56dp</dimen>
    <dimen name="x185">164.44dp</dimen>
    <dimen name="x186">165.33dp</dimen>
    <dimen name="x187">166.22dp</dimen>
    <dimen name="x188">167.11dp</dimen>
    <dimen name="x189">168.00dp</dimen>
    <dimen name="x190">168.89dp</dimen>
    <dimen name="x191">169.78dp</dimen>
    <dimen name="x192">170.67dp</dimen>
    <dimen name="x193">171.56dp</dimen>
    <dimen name="x194">172.44dp</dimen>
    <dimen name="x195">173.33dp</dimen>
    <dimen name="x196">174.22dp</dimen>
    <dimen name="x197">175.11dp</dimen>
    <dimen name="x198">176.00dp</dimen>
    <dimen name="x199">176.89dp</dimen>
    <dimen name="x200">177.78dp</dimen>
    <dimen name="x201">178.67dp</dimen>
    <dimen name="x202">179.56dp</dimen>
    <dimen name="x203">180.44dp</dimen>
    <dimen name="x204">181.33dp</dimen>
    <dimen name="x205">182.22dp</dimen>
    <dimen name="x206">183.11dp</dimen>
    <dimen name="x207">184.00dp</dimen>
    <dimen name="x208">184.89dp</dimen>
    <dimen name="x209">185.78dp</dimen>
    <dimen name="x210">186.67dp</dimen>
    <dimen name="x211">187.56dp</dimen>
    <dimen name="x212">188.44dp</dimen>
    <dimen name="x213">189.33dp</dimen>
    <dimen name="x214">190.22dp</dimen>
    <dimen name="x215">191.11dp</dimen>
    <dimen name="x216">192.00dp</dimen>
    <dimen name="x217">192.89dp</dimen>
    <dimen name="x218">193.78dp</dimen>
    <dimen name="x219">194.67dp</dimen>
    <dimen name="x220">195.56dp</dimen>
    <dimen name="x221">196.44dp</dimen>
    <dimen name="x222">197.33dp</dimen>
    <dimen name="x223">198.22dp</dimen>
    <dimen name="x224">199.11dp</dimen>
    <dimen name="x225">200.00dp</dimen>
    <dimen name="x226">200.89dp</dimen>
    <dimen name="x227">201.78dp</dimen>
    <dimen name="x228">202.67dp</dimen>
    <dimen name="x229">203.56dp</dimen>
    <dimen name="x230">204.44dp</dimen>
    <dimen name="x231">205.33dp</dimen>
    <dimen name="x232">206.22dp</dimen>
    <dimen name="x233">207.11dp</dimen>
    <dimen name="x234">208.00dp</dimen>
    <dimen name="x235">208.89dp</dimen>
    <dimen name="x236">209.78dp</dimen>
    <dimen name="x237">210.67dp</dimen>
    <dimen name="x238">211.56dp</dimen>
    <dimen name="x239">212.44dp</dimen>
    <dimen name="x240">213.33dp</dimen>
    <dimen name="x241">214.22dp</dimen>
    <dimen name="x242">215.11dp</dimen>
    <dimen name="x243">216.00dp</dimen>
    <dimen name="x244">216.89dp</dimen>
    <dimen name="x245">217.78dp</dimen>
    <dimen name="x246">218.67dp</dimen>
    <dimen name="x247">219.56dp</dimen>
    <dimen name="x248">220.44dp</dimen>
    <dimen name="x249">221.33dp</dimen>
    <dimen name="x250">222.22dp</dimen>
    <dimen name="x251">223.11dp</dimen>
    <dimen name="x252">224.00dp</dimen>
    <dimen name="x253">224.89dp</dimen>
    <dimen name="x254">225.78dp</dimen>
    <dimen name="x255">226.67dp</dimen>
    <dimen name="x256">227.56dp</dimen>
    <dimen name="x257">228.44dp</dimen>
    <dimen name="x258">229.33dp</dimen>
    <dimen name="x259">230.22dp</dimen>
    <dimen name="x260">231.11dp</dimen>
    <dimen name="x261">232.00dp</dimen>
    <dimen name="x262">232.89dp</dimen>
    <dimen name="x263">233.78dp</dimen>
    <dimen name="x264">234.67dp</dimen>
    <dimen name="x265">235.56dp</dimen>
    <dimen name="x266">236.44dp</dimen>
    <dimen name="x267">237.33dp</dimen>
    <dimen name="x268">238.22dp</dimen>
    <dimen name="x269">239.11dp</dimen>
    <dimen name="x270">240.00dp</dimen>
    <dimen name="x271">240.89dp</dimen>
    <dimen name="x272">241.78dp</dimen>
    <dimen name="x273">242.67dp</dimen>
    <dimen name="x274">243.56dp</dimen>
    <dimen name="x275">244.44dp</dimen>
    <dimen name="x276">245.33dp</dimen>
    <dimen name="x277">246.22dp</dimen>
    <dimen name="x278">247.11dp</dimen>
    <dimen name="x279">248.00dp</dimen>
    <dimen name="x280">248.89dp</dimen>
    <dimen name="x281">249.78dp</dimen>
    <dimen name="x282">250.67dp</dimen>
    <dimen name="x283">251.56dp</dimen>
    <dimen name="x284">252.44dp</dimen>
    <dimen name="x285">253.33dp</dimen>
    <dimen name="x286">254.22dp</dimen>
    <dimen name="x287">255.11dp</dimen>
    <dimen name="x288">256.00dp</dimen>
    <dimen name="x289">256.89dp</dimen>
    <dimen name="x290">257.78dp</dimen>
    <dimen name="x291">258.67dp</dimen>
    <dimen name="x292">259.56dp</dimen>
    <dimen name="x293">260.44dp</dimen>
    <dimen name="x294">261.33dp</dimen>
    <dimen name="x295">262.22dp</dimen>
    <dimen name="x296">263.11dp</dimen>
    <dimen name="x297">264.00dp</dimen>
    <dimen name="x298">264.89dp</dimen>
    <dimen name="x299">265.78dp</dimen>
    <dimen name="x300">266.67dp</dimen>
    <dimen name="x301">267.56dp</dimen>
    <dimen name="x302">268.44dp</dimen>
    <dimen name="x303">269.33dp</dimen>
    <dimen name="x304">270.22dp</dimen>
    <dimen name="x305">271.11dp</dimen>
    <dimen name="x306">272.00dp</dimen>
    <dimen name="x307">272.89dp</dimen>
    <dimen name="x308">273.78dp</dimen>
    <dimen name="x309">274.67dp</dimen>
    <dimen name="x310">275.56dp</dimen>
    <dimen name="x311">276.44dp</dimen>
    <dimen name="x312">277.33dp</dimen>
    <dimen name="x313">278.22dp</dimen>
    <dimen name="x314">279.11dp</dimen>
    <dimen name="x315">280.00dp</dimen>
    <dimen name="x316">280.89dp</dimen>
    <dimen name="x317">281.78dp</dimen>
    <dimen name="x318">282.67dp</dimen>
    <dimen name="x319">283.56dp</dimen>
    <dimen name="x320">284.44dp</dimen>
    <dimen name="x321">285.33dp</dimen>
    <dimen name="x322">286.22dp</dimen>
    <dimen name="x323">287.11dp</dimen>
    <dimen name="x324">288.00dp</dimen>
    <dimen name="x325">288.89dp</dimen>
    <dimen name="x326">289.78dp</dimen>
    <dimen name="x327">290.67dp</dimen>
    <dimen name="x328">291.56dp</dimen>
    <dimen name="x329">292.44dp</dimen>
    <dimen name="x330">293.33dp</dimen>
    <dimen name="x331">294.22dp</dimen>
    <dimen name="x332">295.11dp</dimen>
    <dimen name="x333">296.00dp</dimen>
    <dimen name="x334">296.89dp</dimen>
    <dimen name="x335">297.78dp</dimen>
    <dimen name="x336">298.67dp</dimen>
    <dimen name="x337">299.56dp</dimen>
    <dimen name="x338">300.44dp</dimen>
    <dimen name="x339">301.33dp</dimen>
    <dimen name="x340">302.22dp</dimen>
    <dimen name="x341">303.11dp</dimen>
    <dimen name="x342">304.00dp</dimen>
    <dimen name="x343">304.89dp</dimen>
    <dimen name="x344">305.78dp</dimen>
    <dimen name="x345">306.67dp</dimen>
    <dimen name="x346">307.56dp</dimen>
    <dimen name="x347">308.44dp</dimen>
    <dimen name="x348">309.33dp</dimen>
    <dimen name="x349">310.22dp</dimen>
    <dimen name="x350">311.11dp</dimen>
    <dimen name="x351">312.00dp</dimen>
    <dimen name="x352">312.89dp</dimen>
    <dimen name="x353">313.78dp</dimen>
    <dimen name="x354">314.67dp</dimen>
    <dimen name="x355">315.56dp</dimen>
    <dimen name="x356">316.44dp</dimen>
    <dimen name="x357">317.33dp</dimen>
    <dimen name="x358">318.22dp</dimen>
    <dimen name="x359">319.11dp</dimen>
    <dimen name="x360">320.00dp</dimen>
    <dimen name="x361">320.89dp</dimen>
    <dimen name="x362">321.78dp</dimen>
    <dimen name="x363">322.67dp</dimen>
    <dimen name="x364">323.56dp</dimen>
    <dimen name="x365">324.44dp</dimen>
    <dimen name="x366">325.33dp</dimen>
    <dimen name="x367">326.22dp</dimen>
    <dimen name="x368">327.11dp</dimen>
    <dimen name="x369">328.00dp</dimen>
    <dimen name="x370">328.89dp</dimen>
    <dimen name="x371">329.78dp</dimen>
    <dimen name="x372">330.67dp</dimen>
    <dimen name="x373">331.56dp</dimen>
    <dimen name="x374">332.44dp</dimen>
    <dimen name="x375">333.33dp</dimen>
    <dimen name="x376">334.22dp</dimen>
    <dimen name="x377">335.11dp</dimen>
    <dimen name="x378">336.00dp</dimen>
    <dimen name="x379">336.89dp</dimen>
    <dimen name="x380">337.78dp</dimen>
    <dimen name="x381">338.67dp</dimen>
    <dimen name="x382">339.56dp</dimen>
    <dimen name="x383">340.44dp</dimen>
    <dimen name="x384">341.33dp</dimen>
    <dimen name="x385">342.22dp</dimen>
    <dimen name="x386">343.11dp</dimen>
    <dimen name="x387">344.00dp</dimen>
    <dimen name="x388">344.89dp</dimen>
    <dimen name="x389">345.78dp</dimen>
    <dimen name="x390">346.67dp</dimen>
    <dimen name="x391">347.56dp</dimen>
    <dimen name="x392">348.44dp</dimen>
    <dimen name="x393">349.33dp</dimen>
    <dimen name="x394">350.22dp</dimen>
    <dimen name="x395">351.11dp</dimen>
    <dimen name="x396">352.00dp</dimen>
    <dimen name="x397">352.89dp</dimen>
    <dimen name="x398">353.78dp</dimen>
    <dimen name="x399">354.67dp</dimen>
    <dimen name="x400">355.56dp</dimen>
    <dimen name="x401">356.44dp</dimen>
    <dimen name="x402">357.33dp</dimen>
    <dimen name="x403">358.22dp</dimen>
    <dimen name="x404">359.11dp</dimen>
    <dimen name="x405">360.00dp</dimen>
    <dimen name="x406">360.89dp</dimen>
    <dimen name="x407">361.78dp</dimen>
    <dimen name="x408">362.67dp</dimen>
    <dimen name="x409">363.56dp</dimen>
    <dimen name="x410">364.44dp</dimen>
    <dimen name="x411">365.33dp</dimen>
    <dimen name="x412">366.22dp</dimen>
    <dimen name="x413">367.11dp</dimen>
    <dimen name="x414">368.00dp</dimen>
    <dimen name="x415">368.89dp</dimen>
    <dimen name="x416">369.78dp</dimen>
    <dimen name="x417">370.67dp</dimen>
    <dimen name="x418">371.56dp</dimen>
    <dimen name="x419">372.44dp</dimen>
    <dimen name="x420">373.33dp</dimen>
    <dimen name="x421">374.22dp</dimen>
    <dimen name="x422">375.11dp</dimen>
    <dimen name="x423">376.00dp</dimen>
    <dimen name="x424">376.89dp</dimen>
    <dimen name="x425">377.78dp</dimen>
    <dimen name="x426">378.67dp</dimen>
    <dimen name="x427">379.56dp</dimen>
    <dimen name="x428">380.44dp</dimen>
    <dimen name="x429">381.33dp</dimen>
    <dimen name="x430">382.22dp</dimen>
    <dimen name="x431">383.11dp</dimen>
    <dimen name="x432">384.00dp</dimen>
    <dimen name="x433">384.89dp</dimen>
    <dimen name="x434">385.78dp</dimen>
    <dimen name="x435">386.67dp</dimen>
    <dimen name="x436">387.56dp</dimen>
    <dimen name="x437">388.44dp</dimen>
    <dimen name="x438">389.33dp</dimen>
    <dimen name="x439">390.22dp</dimen>
    <dimen name="x440">391.11dp</dimen>
    <dimen name="x441">392.00dp</dimen>
    <dimen name="x442">392.89dp</dimen>
    <dimen name="x443">393.78dp</dimen>
    <dimen name="x444">394.67dp</dimen>
    <dimen name="x445">395.56dp</dimen>
    <dimen name="x446">396.44dp</dimen>
    <dimen name="x447">397.33dp</dimen>
    <dimen name="x448">398.22dp</dimen>
    <dimen name="x449">399.11dp</dimen>
    <dimen name="x450">400.00dp</dimen>
    <dimen name="x451">400.89dp</dimen>
    <dimen name="x452">401.78dp</dimen>
    <dimen name="x453">402.67dp</dimen>
    <dimen name="x454">403.56dp</dimen>
    <dimen name="x455">404.44dp</dimen>
    <dimen name="x456">405.33dp</dimen>
    <dimen name="x457">406.22dp</dimen>
    <dimen name="x458">407.11dp</dimen>
    <dimen name="x459">408.00dp</dimen>
    <dimen name="x460">408.89dp</dimen>
    <dimen name="x461">409.78dp</dimen>
    <dimen name="x462">410.67dp</dimen>
    <dimen name="x463">411.56dp</dimen>
    <dimen name="x464">412.44dp</dimen>
    <dimen name="x465">413.33dp</dimen>
    <dimen name="x466">414.22dp</dimen>
    <dimen name="x467">415.11dp</dimen>
    <dimen name="x468">416.00dp</dimen>
    <dimen name="x469">416.89dp</dimen>
    <dimen name="x470">417.78dp</dimen>
    <dimen name="x471">418.67dp</dimen>
    <dimen name="x472">419.56dp</dimen>
    <dimen name="x473">420.44dp</dimen>
    <dimen name="x474">421.33dp</dimen>
    <dimen name="x475">422.22dp</dimen>
    <dimen name="x476">423.11dp</dimen>
    <dimen name="x477">424.00dp</dimen>
    <dimen name="x478">424.89dp</dimen>
    <dimen name="x479">425.78dp</dimen>
    <dimen name="x480">426.67dp</dimen>
    <dimen name="x481">427.56dp</dimen>
    <dimen name="x482">428.44dp</dimen>
    <dimen name="x483">429.33dp</dimen>
    <dimen name="x484">430.22dp</dimen>
    <dimen name="x485">431.11dp</dimen>
    <dimen name="x486">432.00dp</dimen>
    <dimen name="x487">432.89dp</dimen>
    <dimen name="x488">433.78dp</dimen>
    <dimen name="x489">434.67dp</dimen>
    <dimen name="x490">435.56dp</dimen>
    <dimen name="x491">436.44dp</dimen>
    <dimen name="x492">437.33dp</dimen>
    <dimen name="x493">438.22dp</dimen>
    <dimen name="x494">439.11dp</dimen>
    <dimen name="x495">440.00dp</dimen>
    <dimen name="x496">440.89dp</dimen>
    <dimen name="x497">441.78dp</dimen>
    <dimen name="x498">442.67dp</dimen>
    <dimen name="x499">443.56dp</dimen>
    <dimen name="x500">444.44dp</dimen>
    <dimen name="x501">445.33dp</dimen>
    <dimen name="x502">446.22dp</dimen>
    <dimen name="x503">447.11dp</dimen>
    <dimen name="x504">448.00dp</dimen>
    <dimen name="x505">448.89dp</dimen>
    <dimen name="x506">449.78dp</dimen>
    <dimen name="x507">450.67dp</dimen>
    <dimen name="x508">451.56dp</dimen>
    <dimen name="x509">452.44dp</dimen>
    <dimen name="x510">453.33dp</dimen>
    <dimen name="x511">454.22dp</dimen>
    <dimen name="x512">455.11dp</dimen>
    <dimen name="x513">456.00dp</dimen>
    <dimen name="x514">456.89dp</dimen>
    <dimen name="x515">457.78dp</dimen>
    <dimen name="x516">458.67dp</dimen>
    <dimen name="x517">459.56dp</dimen>
    <dimen name="x518">460.44dp</dimen>
    <dimen name="x519">461.33dp</dimen>
    <dimen name="x520">462.22dp</dimen>
    <dimen name="x521">463.11dp</dimen>
    <dimen name="x522">464.00dp</dimen>
    <dimen name="x523">464.89dp</dimen>
    <dimen name="x524">465.78dp</dimen>
    <dimen name="x525">466.67dp</dimen>
    <dimen name="x526">467.56dp</dimen>
    <dimen name="x527">468.44dp</dimen>
    <dimen name="x528">469.33dp</dimen>
    <dimen name="x529">470.22dp</dimen>
    <dimen name="x530">471.11dp</dimen>
    <dimen name="x531">472.00dp</dimen>
    <dimen name="x532">472.89dp</dimen>
    <dimen name="x533">473.78dp</dimen>
    <dimen name="x534">474.67dp</dimen>
    <dimen name="x535">475.56dp</dimen>
    <dimen name="x536">476.44dp</dimen>
    <dimen name="x537">477.33dp</dimen>
    <dimen name="x538">478.22dp</dimen>
    <dimen name="x539">479.11dp</dimen>
    <dimen name="x540">480.00dp</dimen>
    <dimen name="x541">480.89dp</dimen>
    <dimen name="x542">481.78dp</dimen>
    <dimen name="x543">482.67dp</dimen>
    <dimen name="x544">483.56dp</dimen>
    <dimen name="x545">484.44dp</dimen>
    <dimen name="x546">485.33dp</dimen>
    <dimen name="x547">486.22dp</dimen>
    <dimen name="x548">487.11dp</dimen>
    <dimen name="x549">488.00dp</dimen>
    <dimen name="x550">488.89dp</dimen>
    <dimen name="x551">489.78dp</dimen>
    <dimen name="x552">490.67dp</dimen>
    <dimen name="x553">491.56dp</dimen>
    <dimen name="x554">492.44dp</dimen>
    <dimen name="x555">493.33dp</dimen>
    <dimen name="x556">494.22dp</dimen>
    <dimen name="x557">495.11dp</dimen>
    <dimen name="x558">496.00dp</dimen>
    <dimen name="x559">496.89dp</dimen>
    <dimen name="x560">497.78dp</dimen>
    <dimen name="x561">498.67dp</dimen>
    <dimen name="x562">499.56dp</dimen>
    <dimen name="x563">500.44dp</dimen>
    <dimen name="x564">501.33dp</dimen>
    <dimen name="x565">502.22dp</dimen>
    <dimen name="x566">503.11dp</dimen>
    <dimen name="x567">504.00dp</dimen>
    <dimen name="x568">504.89dp</dimen>
    <dimen name="x569">505.78dp</dimen>
    <dimen name="x570">506.67dp</dimen>
    <dimen name="x571">507.56dp</dimen>
    <dimen name="x572">508.44dp</dimen>
    <dimen name="x573">509.33dp</dimen>
    <dimen name="x574">510.22dp</dimen>
    <dimen name="x575">511.11dp</dimen>
    <dimen name="x576">512.00dp</dimen>
    <dimen name="x577">512.89dp</dimen>
    <dimen name="x578">513.78dp</dimen>
    <dimen name="x579">514.67dp</dimen>
    <dimen name="x580">515.56dp</dimen>
    <dimen name="x581">516.44dp</dimen>
    <dimen name="x582">517.33dp</dimen>
    <dimen name="x583">518.22dp</dimen>
    <dimen name="x584">519.11dp</dimen>
    <dimen name="x585">520.00dp</dimen>
    <dimen name="x586">520.89dp</dimen>
    <dimen name="x587">521.78dp</dimen>
    <dimen name="x588">522.67dp</dimen>
    <dimen name="x589">523.56dp</dimen>
    <dimen name="x590">524.44dp</dimen>
    <dimen name="x591">525.33dp</dimen>
    <dimen name="x592">526.22dp</dimen>
    <dimen name="x593">527.11dp</dimen>
    <dimen name="x594">528.00dp</dimen>
    <dimen name="x595">528.89dp</dimen>
    <dimen name="x596">529.78dp</dimen>
    <dimen name="x597">530.67dp</dimen>
    <dimen name="x598">531.56dp</dimen>
    <dimen name="x599">532.44dp</dimen>
    <dimen name="x600">533.33dp</dimen>
    <dimen name="x601">534.22dp</dimen>
    <dimen name="x602">535.11dp</dimen>
    <dimen name="x603">536.00dp</dimen>
    <dimen name="x604">536.89dp</dimen>
    <dimen name="x605">537.78dp</dimen>
    <dimen name="x606">538.67dp</dimen>
    <dimen name="x607">539.56dp</dimen>
    <dimen name="x608">540.44dp</dimen>
    <dimen name="x609">541.33dp</dimen>
    <dimen name="x610">542.22dp</dimen>
    <dimen name="x611">543.11dp</dimen>
    <dimen name="x612">544.00dp</dimen>
    <dimen name="x613">544.89dp</dimen>
    <dimen name="x614">545.78dp</dimen>
    <dimen name="x615">546.67dp</dimen>
    <dimen name="x616">547.56dp</dimen>
    <dimen name="x617">548.44dp</dimen>
    <dimen name="x618">549.33dp</dimen>
    <dimen name="x619">550.22dp</dimen>
    <dimen name="x620">551.11dp</dimen>
    <dimen name="x621">552.00dp</dimen>
    <dimen name="x622">552.89dp</dimen>
    <dimen name="x623">553.78dp</dimen>
    <dimen name="x624">554.67dp</dimen>
    <dimen name="x625">555.56dp</dimen>
    <dimen name="x626">556.44dp</dimen>
    <dimen name="x627">557.33dp</dimen>
    <dimen name="x628">558.22dp</dimen>
    <dimen name="x629">559.11dp</dimen>
    <dimen name="x630">560.00dp</dimen>
    <dimen name="x631">560.89dp</dimen>
    <dimen name="x632">561.78dp</dimen>
    <dimen name="x633">562.67dp</dimen>
    <dimen name="x634">563.56dp</dimen>
    <dimen name="x635">564.44dp</dimen>
    <dimen name="x636">565.33dp</dimen>
    <dimen name="x637">566.22dp</dimen>
    <dimen name="x638">567.11dp</dimen>
    <dimen name="x639">568.00dp</dimen>
    <dimen name="x640">568.89dp</dimen>
    <dimen name="x641">569.78dp</dimen>
    <dimen name="x642">570.67dp</dimen>
    <dimen name="x643">571.56dp</dimen>
    <dimen name="x644">572.44dp</dimen>
    <dimen name="x645">573.33dp</dimen>
    <dimen name="x646">574.22dp</dimen>
    <dimen name="x647">575.11dp</dimen>
    <dimen name="x648">576.00dp</dimen>
    <dimen name="x649">576.89dp</dimen>
    <dimen name="x650">577.78dp</dimen>
    <dimen name="x651">578.67dp</dimen>
    <dimen name="x652">579.56dp</dimen>
    <dimen name="x653">580.44dp</dimen>
    <dimen name="x654">581.33dp</dimen>
    <dimen name="x655">582.22dp</dimen>
    <dimen name="x656">583.11dp</dimen>
    <dimen name="x657">584.00dp</dimen>
    <dimen name="x658">584.89dp</dimen>
    <dimen name="x659">585.78dp</dimen>
    <dimen name="x660">586.67dp</dimen>
    <dimen name="x661">587.56dp</dimen>
    <dimen name="x662">588.44dp</dimen>
    <dimen name="x663">589.33dp</dimen>
    <dimen name="x664">590.22dp</dimen>
    <dimen name="x665">591.11dp</dimen>
    <dimen name="x666">592.00dp</dimen>
    <dimen name="x667">592.89dp</dimen>
    <dimen name="x668">593.78dp</dimen>
    <dimen name="x669">594.67dp</dimen>
    <dimen name="x670">595.56dp</dimen>
    <dimen name="x671">596.44dp</dimen>
    <dimen name="x672">597.33dp</dimen>
    <dimen name="x673">598.22dp</dimen>
    <dimen name="x674">599.11dp</dimen>
    <dimen name="x675">600.00dp</dimen>
    <dimen name="x676">600.89dp</dimen>
    <dimen name="x677">601.78dp</dimen>
    <dimen name="x678">602.67dp</dimen>
    <dimen name="x679">603.56dp</dimen>
    <dimen name="x680">604.44dp</dimen>
    <dimen name="x681">605.33dp</dimen>
    <dimen name="x682">606.22dp</dimen>
    <dimen name="x683">607.11dp</dimen>
    <dimen name="x684">608.00dp</dimen>
    <dimen name="x685">608.89dp</dimen>
    <dimen name="x686">609.78dp</dimen>
    <dimen name="x687">610.67dp</dimen>
    <dimen name="x688">611.56dp</dimen>
    <dimen name="x689">612.44dp</dimen>
    <dimen name="x690">613.33dp</dimen>
    <dimen name="x691">614.22dp</dimen>
    <dimen name="x692">615.11dp</dimen>
    <dimen name="x693">616.00dp</dimen>
    <dimen name="x694">616.89dp</dimen>
    <dimen name="x695">617.78dp</dimen>
    <dimen name="x696">618.67dp</dimen>
    <dimen name="x697">619.56dp</dimen>
    <dimen name="x698">620.44dp</dimen>
    <dimen name="x699">621.33dp</dimen>
    <dimen name="x700">622.22dp</dimen>
    <dimen name="x701">623.11dp</dimen>
    <dimen name="x702">624.00dp</dimen>
    <dimen name="x703">624.89dp</dimen>
    <dimen name="x704">625.78dp</dimen>
    <dimen name="x705">626.67dp</dimen>
    <dimen name="x706">627.56dp</dimen>
    <dimen name="x707">628.44dp</dimen>
    <dimen name="x708">629.33dp</dimen>
    <dimen name="x709">630.22dp</dimen>
    <dimen name="x710">631.11dp</dimen>
    <dimen name="x711">632.00dp</dimen>
    <dimen name="x712">632.89dp</dimen>
    <dimen name="x713">633.78dp</dimen>
    <dimen name="x714">634.67dp</dimen>
    <dimen name="x715">635.56dp</dimen>
    <dimen name="x716">636.44dp</dimen>
    <dimen name="x717">637.33dp</dimen>
    <dimen name="x718">638.22dp</dimen>
    <dimen name="x719">639.11dp</dimen>
    <dimen name="x720">640.00dp</dimen>
    <dimen name="x721">640.89dp</dimen>
    <dimen name="x722">641.78dp</dimen>
    <dimen name="x723">642.67dp</dimen>
    <dimen name="x724">643.56dp</dimen>
    <dimen name="x725">644.44dp</dimen>
    <dimen name="x726">645.33dp</dimen>
    <dimen name="x727">646.22dp</dimen>
    <dimen name="x728">647.11dp</dimen>
    <dimen name="x729">648.00dp</dimen>
    <dimen name="x730">648.89dp</dimen>
    <dimen name="x731">649.78dp</dimen>
    <dimen name="x732">650.67dp</dimen>
    <dimen name="x733">651.56dp</dimen>
    <dimen name="x734">652.44dp</dimen>
    <dimen name="x735">653.33dp</dimen>
    <dimen name="x736">654.22dp</dimen>
    <dimen name="x737">655.11dp</dimen>
    <dimen name="x738">656.00dp</dimen>
    <dimen name="x739">656.89dp</dimen>
    <dimen name="x740">657.78dp</dimen>
    <dimen name="x741">658.67dp</dimen>
    <dimen name="x742">659.56dp</dimen>
    <dimen name="x743">660.44dp</dimen>
    <dimen name="x744">661.33dp</dimen>
    <dimen name="x745">662.22dp</dimen>
    <dimen name="x746">663.11dp</dimen>
    <dimen name="x747">664.00dp</dimen>
    <dimen name="x748">664.89dp</dimen>
    <dimen name="x749">665.78dp</dimen>
    <dimen name="x750">666.67dp</dimen>
    <dimen name="x751">667.56dp</dimen>
    <dimen name="x752">668.44dp</dimen>
    <dimen name="x753">669.33dp</dimen>
    <dimen name="x754">670.22dp</dimen>
    <dimen name="x755">671.11dp</dimen>
    <dimen name="x756">672.00dp</dimen>
    <dimen name="x757">672.89dp</dimen>
    <dimen name="x758">673.78dp</dimen>
    <dimen name="x759">674.67dp</dimen>
    <dimen name="x760">675.56dp</dimen>
    <dimen name="x761">676.44dp</dimen>
    <dimen name="x762">677.33dp</dimen>
    <dimen name="x763">678.22dp</dimen>
    <dimen name="x764">679.11dp</dimen>
    <dimen name="x765">680.00dp</dimen>
    <dimen name="x766">680.89dp</dimen>
    <dimen name="x767">681.78dp</dimen>
    <dimen name="x768">682.67dp</dimen>
    <dimen name="x769">683.56dp</dimen>
    <dimen name="x770">684.44dp</dimen>
    <dimen name="x771">685.33dp</dimen>
    <dimen name="x772">686.22dp</dimen>
    <dimen name="x773">687.11dp</dimen>
    <dimen name="x774">688.00dp</dimen>
    <dimen name="x775">688.89dp</dimen>
    <dimen name="x776">689.78dp</dimen>
    <dimen name="x777">690.67dp</dimen>
    <dimen name="x778">691.56dp</dimen>
    <dimen name="x779">692.44dp</dimen>
    <dimen name="x780">693.33dp</dimen>
    <dimen name="x781">694.22dp</dimen>
    <dimen name="x782">695.11dp</dimen>
    <dimen name="x783">696.00dp</dimen>
    <dimen name="x784">696.89dp</dimen>
    <dimen name="x785">697.78dp</dimen>
    <dimen name="x786">698.67dp</dimen>
    <dimen name="x787">699.56dp</dimen>
    <dimen name="x788">700.44dp</dimen>
    <dimen name="x789">701.33dp</dimen>
    <dimen name="x790">702.22dp</dimen>
    <dimen name="x791">703.11dp</dimen>
    <dimen name="x792">704.00dp</dimen>
    <dimen name="x793">704.89dp</dimen>
    <dimen name="x794">705.78dp</dimen>
    <dimen name="x795">706.67dp</dimen>
    <dimen name="x796">707.56dp</dimen>
    <dimen name="x797">708.44dp</dimen>
    <dimen name="x798">709.33dp</dimen>
    <dimen name="x799">710.22dp</dimen>
    <dimen name="x800">711.11dp</dimen>
    <dimen name="x801">712.00dp</dimen>
    <dimen name="x802">712.89dp</dimen>
    <dimen name="x803">713.78dp</dimen>
    <dimen name="x804">714.67dp</dimen>
    <dimen name="x805">715.56dp</dimen>
    <dimen name="x806">716.44dp</dimen>
    <dimen name="x807">717.33dp</dimen>
    <dimen name="x808">718.22dp</dimen>
    <dimen name="x809">719.11dp</dimen>
    <dimen name="x810">720.00dp</dimen>
    <dimen name="x811">720.89dp</dimen>
    <dimen name="x812">721.78dp</dimen>
    <dimen name="x813">722.67dp</dimen>
    <dimen name="x814">723.56dp</dimen>
    <dimen name="x815">724.44dp</dimen>
    <dimen name="x816">725.33dp</dimen>
    <dimen name="x817">726.22dp</dimen>
    <dimen name="x818">727.11dp</dimen>
    <dimen name="x819">728.00dp</dimen>
    <dimen name="x820">728.89dp</dimen>
    <dimen name="x821">729.78dp</dimen>
    <dimen name="x822">730.67dp</dimen>
    <dimen name="x823">731.56dp</dimen>
    <dimen name="x824">732.44dp</dimen>
    <dimen name="x825">733.33dp</dimen>
    <dimen name="x826">734.22dp</dimen>
    <dimen name="x827">735.11dp</dimen>
    <dimen name="x828">736.00dp</dimen>
    <dimen name="x829">736.89dp</dimen>
    <dimen name="x830">737.78dp</dimen>
    <dimen name="x831">738.67dp</dimen>
    <dimen name="x832">739.56dp</dimen>
    <dimen name="x833">740.44dp</dimen>
    <dimen name="x834">741.33dp</dimen>
    <dimen name="x835">742.22dp</dimen>
    <dimen name="x836">743.11dp</dimen>
    <dimen name="x837">744.00dp</dimen>
    <dimen name="x838">744.89dp</dimen>
    <dimen name="x839">745.78dp</dimen>
    <dimen name="x840">746.67dp</dimen>
    <dimen name="x841">747.56dp</dimen>
    <dimen name="x842">748.44dp</dimen>
    <dimen name="x843">749.33dp</dimen>
    <dimen name="x844">750.22dp</dimen>
    <dimen name="x845">751.11dp</dimen>
    <dimen name="x846">752.00dp</dimen>
    <dimen name="x847">752.89dp</dimen>
    <dimen name="x848">753.78dp</dimen>
    <dimen name="x849">754.67dp</dimen>
    <dimen name="x850">755.56dp</dimen>
    <dimen name="x851">756.44dp</dimen>
    <dimen name="x852">757.33dp</dimen>
    <dimen name="x853">758.22dp</dimen>
    <dimen name="x854">759.11dp</dimen>
    <dimen name="x855">760.00dp</dimen>
    <dimen name="x856">760.89dp</dimen>
    <dimen name="x857">761.78dp</dimen>
    <dimen name="x858">762.67dp</dimen>
    <dimen name="x859">763.56dp</dimen>
    <dimen name="x860">764.44dp</dimen>
    <dimen name="x861">765.33dp</dimen>
    <dimen name="x862">766.22dp</dimen>
    <dimen name="x863">767.11dp</dimen>
    <dimen name="x864">768.00dp</dimen>
    <dimen name="x865">768.89dp</dimen>
    <dimen name="x866">769.78dp</dimen>
    <dimen name="x867">770.67dp</dimen>
    <dimen name="x868">771.56dp</dimen>
    <dimen name="x869">772.44dp</dimen>
    <dimen name="x870">773.33dp</dimen>
    <dimen name="x871">774.22dp</dimen>
    <dimen name="x872">775.11dp</dimen>
    <dimen name="x873">776.00dp</dimen>
    <dimen name="x874">776.89dp</dimen>
    <dimen name="x875">777.78dp</dimen>
    <dimen name="x876">778.67dp</dimen>
    <dimen name="x877">779.56dp</dimen>
    <dimen name="x878">780.44dp</dimen>
    <dimen name="x879">781.33dp</dimen>
    <dimen name="x880">782.22dp</dimen>
    <dimen name="x881">783.11dp</dimen>
    <dimen name="x882">784.00dp</dimen>
    <dimen name="x883">784.89dp</dimen>
    <dimen name="x884">785.78dp</dimen>
    <dimen name="x885">786.67dp</dimen>
    <dimen name="x886">787.56dp</dimen>
    <dimen name="x887">788.44dp</dimen>
    <dimen name="x888">789.33dp</dimen>
    <dimen name="x889">790.22dp</dimen>
    <dimen name="x890">791.11dp</dimen>
    <dimen name="x891">792.00dp</dimen>
    <dimen name="x892">792.89dp</dimen>
    <dimen name="x893">793.78dp</dimen>
    <dimen name="x894">794.67dp</dimen>
    <dimen name="x895">795.56dp</dimen>
    <dimen name="x896">796.44dp</dimen>
    <dimen name="x897">797.33dp</dimen>
    <dimen name="x898">798.22dp</dimen>
    <dimen name="x899">799.11dp</dimen>
    <dimen name="x900">800.00dp</dimen>
    <dimen name="x901">800.89dp</dimen>
    <dimen name="x902">801.78dp</dimen>
    <dimen name="x903">802.67dp</dimen>
    <dimen name="x904">803.56dp</dimen>
    <dimen name="x905">804.44dp</dimen>
    <dimen name="x906">805.33dp</dimen>
    <dimen name="x907">806.22dp</dimen>
    <dimen name="x908">807.11dp</dimen>
    <dimen name="x909">808.00dp</dimen>
    <dimen name="x910">808.89dp</dimen>
    <dimen name="x911">809.78dp</dimen>
    <dimen name="x912">810.67dp</dimen>
    <dimen name="x913">811.56dp</dimen>
    <dimen name="x914">812.44dp</dimen>
    <dimen name="x915">813.33dp</dimen>
    <dimen name="x916">814.22dp</dimen>
    <dimen name="x917">815.11dp</dimen>
    <dimen name="x918">816.00dp</dimen>
    <dimen name="x919">816.89dp</dimen>
    <dimen name="x920">817.78dp</dimen>
    <dimen name="x921">818.67dp</dimen>
    <dimen name="x922">819.56dp</dimen>
    <dimen name="x923">820.44dp</dimen>
    <dimen name="x924">821.33dp</dimen>
    <dimen name="x925">822.22dp</dimen>
    <dimen name="x926">823.11dp</dimen>
    <dimen name="x927">824.00dp</dimen>
    <dimen name="x928">824.89dp</dimen>
    <dimen name="x929">825.78dp</dimen>
    <dimen name="x930">826.67dp</dimen>
    <dimen name="x931">827.56dp</dimen>
    <dimen name="x932">828.44dp</dimen>
    <dimen name="x933">829.33dp</dimen>
    <dimen name="x934">830.22dp</dimen>
    <dimen name="x935">831.11dp</dimen>
    <dimen name="x936">832.00dp</dimen>
    <dimen name="x937">832.89dp</dimen>
    <dimen name="x938">833.78dp</dimen>
    <dimen name="x939">834.67dp</dimen>
    <dimen name="x940">835.56dp</dimen>
    <dimen name="x941">836.44dp</dimen>
    <dimen name="x942">837.33dp</dimen>
    <dimen name="x943">838.22dp</dimen>
    <dimen name="x944">839.11dp</dimen>
    <dimen name="x945">840.00dp</dimen>
    <dimen name="x946">840.89dp</dimen>
    <dimen name="x947">841.78dp</dimen>
    <dimen name="x948">842.67dp</dimen>
    <dimen name="x949">843.56dp</dimen>
    <dimen name="x950">844.44dp</dimen>
    <dimen name="x951">845.33dp</dimen>
    <dimen name="x952">846.22dp</dimen>
    <dimen name="x953">847.11dp</dimen>
    <dimen name="x954">848.00dp</dimen>
    <dimen name="x955">848.89dp</dimen>
    <dimen name="x956">849.78dp</dimen>
    <dimen name="x957">850.67dp</dimen>
    <dimen name="x958">851.56dp</dimen>
    <dimen name="x959">852.44dp</dimen>
    <dimen name="x960">853.33dp</dimen>
    <dimen name="x961">854.22dp</dimen>
    <dimen name="x962">855.11dp</dimen>
    <dimen name="x963">856.00dp</dimen>
    <dimen name="x964">856.89dp</dimen>
    <dimen name="x965">857.78dp</dimen>
    <dimen name="x966">858.67dp</dimen>
    <dimen name="x967">859.56dp</dimen>
    <dimen name="x968">860.44dp</dimen>
    <dimen name="x969">861.33dp</dimen>
    <dimen name="x970">862.22dp</dimen>
    <dimen name="x971">863.11dp</dimen>
    <dimen name="x972">864.00dp</dimen>
    <dimen name="x973">864.89dp</dimen>
    <dimen name="x974">865.78dp</dimen>
    <dimen name="x975">866.67dp</dimen>
    <dimen name="x976">867.56dp</dimen>
    <dimen name="x977">868.44dp</dimen>
    <dimen name="x978">869.33dp</dimen>
    <dimen name="x979">870.22dp</dimen>
    <dimen name="x980">871.11dp</dimen>
    <dimen name="x981">872.00dp</dimen>
    <dimen name="x982">872.89dp</dimen>
    <dimen name="x983">873.78dp</dimen>
    <dimen name="x984">874.67dp</dimen>
    <dimen name="x985">875.56dp</dimen>
    <dimen name="x986">876.44dp</dimen>
    <dimen name="x987">877.33dp</dimen>
    <dimen name="x988">878.22dp</dimen>
    <dimen name="x989">879.11dp</dimen>
    <dimen name="x990">880.00dp</dimen>
    <dimen name="x991">880.89dp</dimen>
    <dimen name="x992">881.78dp</dimen>
    <dimen name="x993">882.67dp</dimen>
    <dimen name="x994">883.56dp</dimen>
    <dimen name="x995">884.44dp</dimen>
    <dimen name="x996">885.33dp</dimen>
    <dimen name="x997">886.22dp</dimen>
    <dimen name="x998">887.11dp</dimen>
    <dimen name="x999">888.00dp</dimen>
    <dimen name="x1000">888.89dp</dimen>
    <dimen name="x1001">889.78dp</dimen>
    <dimen name="x1002">890.67dp</dimen>
    <dimen name="x1003">891.56dp</dimen>
    <dimen name="x1004">892.44dp</dimen>
    <dimen name="x1005">893.33dp</dimen>
    <dimen name="x1006">894.22dp</dimen>
    <dimen name="x1007">895.11dp</dimen>
    <dimen name="x1008">896.00dp</dimen>
    <dimen name="x1009">896.89dp</dimen>
    <dimen name="x1010">897.78dp</dimen>
    <dimen name="x1011">898.67dp</dimen>
    <dimen name="x1012">899.56dp</dimen>
    <dimen name="x1013">900.44dp</dimen>
    <dimen name="x1014">901.33dp</dimen>
    <dimen name="x1015">902.22dp</dimen>
    <dimen name="x1016">903.11dp</dimen>
    <dimen name="x1017">904.00dp</dimen>
    <dimen name="x1018">904.89dp</dimen>
    <dimen name="x1019">905.78dp</dimen>
    <dimen name="x1020">906.67dp</dimen>
    <dimen name="x1021">907.56dp</dimen>
    <dimen name="x1022">908.44dp</dimen>
    <dimen name="x1023">909.33dp</dimen>
    <dimen name="x1024">910.22dp</dimen>
    <dimen name="x1025">911.11dp</dimen>
    <dimen name="x1026">912.00dp</dimen>
    <dimen name="x1027">912.89dp</dimen>
    <dimen name="x1028">913.78dp</dimen>
    <dimen name="x1029">914.67dp</dimen>
    <dimen name="x1030">915.56dp</dimen>
    <dimen name="x1031">916.44dp</dimen>
    <dimen name="x1032">917.33dp</dimen>
    <dimen name="x1033">918.22dp</dimen>
    <dimen name="x1034">919.11dp</dimen>
    <dimen name="x1035">920.00dp</dimen>
    <dimen name="x1036">920.89dp</dimen>
    <dimen name="x1037">921.78dp</dimen>
    <dimen name="x1038">922.67dp</dimen>
    <dimen name="x1039">923.56dp</dimen>
    <dimen name="x1040">924.44dp</dimen>
    <dimen name="x1041">925.33dp</dimen>
    <dimen name="x1042">926.22dp</dimen>
    <dimen name="x1043">927.11dp</dimen>
    <dimen name="x1044">928.00dp</dimen>
    <dimen name="x1045">928.89dp</dimen>
    <dimen name="x1046">929.78dp</dimen>
    <dimen name="x1047">930.67dp</dimen>
    <dimen name="x1048">931.56dp</dimen>
    <dimen name="x1049">932.44dp</dimen>
    <dimen name="x1050">933.33dp</dimen>
    <dimen name="x1051">934.22dp</dimen>
    <dimen name="x1052">935.11dp</dimen>
    <dimen name="x1053">936.00dp</dimen>
    <dimen name="x1054">936.89dp</dimen>
    <dimen name="x1055">937.78dp</dimen>
    <dimen name="x1056">938.67dp</dimen>
    <dimen name="x1057">939.56dp</dimen>
    <dimen name="x1058">940.44dp</dimen>
    <dimen name="x1059">941.33dp</dimen>
    <dimen name="x1060">942.22dp</dimen>
    <dimen name="x1061">943.11dp</dimen>
    <dimen name="x1062">944.00dp</dimen>
    <dimen name="x1063">944.89dp</dimen>
    <dimen name="x1064">945.78dp</dimen>
    <dimen name="x1065">946.67dp</dimen>
    <dimen name="x1066">947.56dp</dimen>
    <dimen name="x1067">948.44dp</dimen>
    <dimen name="x1068">949.33dp</dimen>
    <dimen name="x1069">950.22dp</dimen>
    <dimen name="x1070">951.11dp</dimen>
    <dimen name="x1071">952.00dp</dimen>
    <dimen name="x1072">952.89dp</dimen>
    <dimen name="x1073">953.78dp</dimen>
    <dimen name="x1074">954.67dp</dimen>
    <dimen name="x1075">955.56dp</dimen>
    <dimen name="x1076">956.44dp</dimen>
    <dimen name="x1077">957.33dp</dimen>
    <dimen name="x1078">958.22dp</dimen>
    <dimen name="x1079">959.11dp</dimen>
    <dimen name="x1080">960.00dp</dimen>
</resources>