<?xml version="1.0" encoding="utf-8"?>
<resources>
    <string name="sw_dp">690dp</string>
    <dimen name="x1">0.64dp</dimen>
    <dimen name="x2">1.28dp</dimen>
    <dimen name="x3">1.92dp</dimen>
    <dimen name="x4">2.56dp</dimen>
    <dimen name="x5">3.19dp</dimen>
    <dimen name="x6">3.83dp</dimen>
    <dimen name="x7">4.47dp</dimen>
    <dimen name="x8">5.11dp</dimen>
    <dimen name="x9">5.75dp</dimen>
    <dimen name="x10">6.39dp</dimen>
    <dimen name="x11">7.03dp</dimen>
    <dimen name="x12">7.67dp</dimen>
    <dimen name="x13">8.31dp</dimen>
    <dimen name="x14">8.94dp</dimen>
    <dimen name="x15">9.58dp</dimen>
    <dimen name="x16">10.22dp</dimen>
    <dimen name="x17">10.86dp</dimen>
    <dimen name="x18">11.50dp</dimen>
    <dimen name="x19">12.14dp</dimen>
    <dimen name="x20">12.78dp</dimen>
    <dimen name="x21">13.42dp</dimen>
    <dimen name="x22">14.06dp</dimen>
    <dimen name="x23">14.69dp</dimen>
    <dimen name="x24">15.33dp</dimen>
    <dimen name="x25">15.97dp</dimen>
    <dimen name="x26">16.61dp</dimen>
    <dimen name="x27">17.25dp</dimen>
    <dimen name="x28">17.89dp</dimen>
    <dimen name="x29">18.53dp</dimen>
    <dimen name="x30">19.17dp</dimen>
    <dimen name="x31">19.81dp</dimen>
    <dimen name="x32">20.44dp</dimen>
    <dimen name="x33">21.08dp</dimen>
    <dimen name="x34">21.72dp</dimen>
    <dimen name="x35">22.36dp</dimen>
    <dimen name="x36">23.00dp</dimen>
    <dimen name="x37">23.64dp</dimen>
    <dimen name="x38">24.28dp</dimen>
    <dimen name="x39">24.92dp</dimen>
    <dimen name="x40">25.56dp</dimen>
    <dimen name="x41">26.19dp</dimen>
    <dimen name="x42">26.83dp</dimen>
    <dimen name="x43">27.47dp</dimen>
    <dimen name="x44">28.11dp</dimen>
    <dimen name="x45">28.75dp</dimen>
    <dimen name="x46">29.39dp</dimen>
    <dimen name="x47">30.03dp</dimen>
    <dimen name="x48">30.67dp</dimen>
    <dimen name="x49">31.31dp</dimen>
    <dimen name="x50">31.94dp</dimen>
    <dimen name="x51">32.58dp</dimen>
    <dimen name="x52">33.22dp</dimen>
    <dimen name="x53">33.86dp</dimen>
    <dimen name="x54">34.50dp</dimen>
    <dimen name="x55">35.14dp</dimen>
    <dimen name="x56">35.78dp</dimen>
    <dimen name="x57">36.42dp</dimen>
    <dimen name="x58">37.06dp</dimen>
    <dimen name="x59">37.69dp</dimen>
    <dimen name="x60">38.33dp</dimen>
    <dimen name="x61">38.97dp</dimen>
    <dimen name="x62">39.61dp</dimen>
    <dimen name="x63">40.25dp</dimen>
    <dimen name="x64">40.89dp</dimen>
    <dimen name="x65">41.53dp</dimen>
    <dimen name="x66">42.17dp</dimen>
    <dimen name="x67">42.81dp</dimen>
    <dimen name="x68">43.44dp</dimen>
    <dimen name="x69">44.08dp</dimen>
    <dimen name="x70">44.72dp</dimen>
    <dimen name="x71">45.36dp</dimen>
    <dimen name="x72">46.00dp</dimen>
    <dimen name="x73">46.64dp</dimen>
    <dimen name="x74">47.28dp</dimen>
    <dimen name="x75">47.92dp</dimen>
    <dimen name="x76">48.56dp</dimen>
    <dimen name="x77">49.19dp</dimen>
    <dimen name="x78">49.83dp</dimen>
    <dimen name="x79">50.47dp</dimen>
    <dimen name="x80">51.11dp</dimen>
    <dimen name="x81">51.75dp</dimen>
    <dimen name="x82">52.39dp</dimen>
    <dimen name="x83">53.03dp</dimen>
    <dimen name="x84">53.67dp</dimen>
    <dimen name="x85">54.31dp</dimen>
    <dimen name="x86">54.94dp</dimen>
    <dimen name="x87">55.58dp</dimen>
    <dimen name="x88">56.22dp</dimen>
    <dimen name="x89">56.86dp</dimen>
    <dimen name="x90">57.50dp</dimen>
    <dimen name="x91">58.14dp</dimen>
    <dimen name="x92">58.78dp</dimen>
    <dimen name="x93">59.42dp</dimen>
    <dimen name="x94">60.06dp</dimen>
    <dimen name="x95">60.69dp</dimen>
    <dimen name="x96">61.33dp</dimen>
    <dimen name="x97">61.97dp</dimen>
    <dimen name="x98">62.61dp</dimen>
    <dimen name="x99">63.25dp</dimen>
    <dimen name="x100">63.89dp</dimen>
    <dimen name="x101">64.53dp</dimen>
    <dimen name="x102">65.17dp</dimen>
    <dimen name="x103">65.81dp</dimen>
    <dimen name="x104">66.44dp</dimen>
    <dimen name="x105">67.08dp</dimen>
    <dimen name="x106">67.72dp</dimen>
    <dimen name="x107">68.36dp</dimen>
    <dimen name="x108">69.00dp</dimen>
    <dimen name="x109">69.64dp</dimen>
    <dimen name="x110">70.28dp</dimen>
    <dimen name="x111">70.92dp</dimen>
    <dimen name="x112">71.56dp</dimen>
    <dimen name="x113">72.19dp</dimen>
    <dimen name="x114">72.83dp</dimen>
    <dimen name="x115">73.47dp</dimen>
    <dimen name="x116">74.11dp</dimen>
    <dimen name="x117">74.75dp</dimen>
    <dimen name="x118">75.39dp</dimen>
    <dimen name="x119">76.03dp</dimen>
    <dimen name="x120">76.67dp</dimen>
    <dimen name="x121">77.31dp</dimen>
    <dimen name="x122">77.94dp</dimen>
    <dimen name="x123">78.58dp</dimen>
    <dimen name="x124">79.22dp</dimen>
    <dimen name="x125">79.86dp</dimen>
    <dimen name="x126">80.50dp</dimen>
    <dimen name="x127">81.14dp</dimen>
    <dimen name="x128">81.78dp</dimen>
    <dimen name="x129">82.42dp</dimen>
    <dimen name="x130">83.06dp</dimen>
    <dimen name="x131">83.69dp</dimen>
    <dimen name="x132">84.33dp</dimen>
    <dimen name="x133">84.97dp</dimen>
    <dimen name="x134">85.61dp</dimen>
    <dimen name="x135">86.25dp</dimen>
    <dimen name="x136">86.89dp</dimen>
    <dimen name="x137">87.53dp</dimen>
    <dimen name="x138">88.17dp</dimen>
    <dimen name="x139">88.81dp</dimen>
    <dimen name="x140">89.44dp</dimen>
    <dimen name="x141">90.08dp</dimen>
    <dimen name="x142">90.72dp</dimen>
    <dimen name="x143">91.36dp</dimen>
    <dimen name="x144">92.00dp</dimen>
    <dimen name="x145">92.64dp</dimen>
    <dimen name="x146">93.28dp</dimen>
    <dimen name="x147">93.92dp</dimen>
    <dimen name="x148">94.56dp</dimen>
    <dimen name="x149">95.19dp</dimen>
    <dimen name="x150">95.83dp</dimen>
    <dimen name="x151">96.47dp</dimen>
    <dimen name="x152">97.11dp</dimen>
    <dimen name="x153">97.75dp</dimen>
    <dimen name="x154">98.39dp</dimen>
    <dimen name="x155">99.03dp</dimen>
    <dimen name="x156">99.67dp</dimen>
    <dimen name="x157">100.31dp</dimen>
    <dimen name="x158">100.94dp</dimen>
    <dimen name="x159">101.58dp</dimen>
    <dimen name="x160">102.22dp</dimen>
    <dimen name="x161">102.86dp</dimen>
    <dimen name="x162">103.50dp</dimen>
    <dimen name="x163">104.14dp</dimen>
    <dimen name="x164">104.78dp</dimen>
    <dimen name="x165">105.42dp</dimen>
    <dimen name="x166">106.06dp</dimen>
    <dimen name="x167">106.69dp</dimen>
    <dimen name="x168">107.33dp</dimen>
    <dimen name="x169">107.97dp</dimen>
    <dimen name="x170">108.61dp</dimen>
    <dimen name="x171">109.25dp</dimen>
    <dimen name="x172">109.89dp</dimen>
    <dimen name="x173">110.53dp</dimen>
    <dimen name="x174">111.17dp</dimen>
    <dimen name="x175">111.81dp</dimen>
    <dimen name="x176">112.44dp</dimen>
    <dimen name="x177">113.08dp</dimen>
    <dimen name="x178">113.72dp</dimen>
    <dimen name="x179">114.36dp</dimen>
    <dimen name="x180">115.00dp</dimen>
    <dimen name="x181">115.64dp</dimen>
    <dimen name="x182">116.28dp</dimen>
    <dimen name="x183">116.92dp</dimen>
    <dimen name="x184">117.56dp</dimen>
    <dimen name="x185">118.19dp</dimen>
    <dimen name="x186">118.83dp</dimen>
    <dimen name="x187">119.47dp</dimen>
    <dimen name="x188">120.11dp</dimen>
    <dimen name="x189">120.75dp</dimen>
    <dimen name="x190">121.39dp</dimen>
    <dimen name="x191">122.03dp</dimen>
    <dimen name="x192">122.67dp</dimen>
    <dimen name="x193">123.31dp</dimen>
    <dimen name="x194">123.94dp</dimen>
    <dimen name="x195">124.58dp</dimen>
    <dimen name="x196">125.22dp</dimen>
    <dimen name="x197">125.86dp</dimen>
    <dimen name="x198">126.50dp</dimen>
    <dimen name="x199">127.14dp</dimen>
    <dimen name="x200">127.78dp</dimen>
    <dimen name="x201">128.42dp</dimen>
    <dimen name="x202">129.06dp</dimen>
    <dimen name="x203">129.69dp</dimen>
    <dimen name="x204">130.33dp</dimen>
    <dimen name="x205">130.97dp</dimen>
    <dimen name="x206">131.61dp</dimen>
    <dimen name="x207">132.25dp</dimen>
    <dimen name="x208">132.89dp</dimen>
    <dimen name="x209">133.53dp</dimen>
    <dimen name="x210">134.17dp</dimen>
    <dimen name="x211">134.81dp</dimen>
    <dimen name="x212">135.44dp</dimen>
    <dimen name="x213">136.08dp</dimen>
    <dimen name="x214">136.72dp</dimen>
    <dimen name="x215">137.36dp</dimen>
    <dimen name="x216">138.00dp</dimen>
    <dimen name="x217">138.64dp</dimen>
    <dimen name="x218">139.28dp</dimen>
    <dimen name="x219">139.92dp</dimen>
    <dimen name="x220">140.56dp</dimen>
    <dimen name="x221">141.19dp</dimen>
    <dimen name="x222">141.83dp</dimen>
    <dimen name="x223">142.47dp</dimen>
    <dimen name="x224">143.11dp</dimen>
    <dimen name="x225">143.75dp</dimen>
    <dimen name="x226">144.39dp</dimen>
    <dimen name="x227">145.03dp</dimen>
    <dimen name="x228">145.67dp</dimen>
    <dimen name="x229">146.31dp</dimen>
    <dimen name="x230">146.94dp</dimen>
    <dimen name="x231">147.58dp</dimen>
    <dimen name="x232">148.22dp</dimen>
    <dimen name="x233">148.86dp</dimen>
    <dimen name="x234">149.50dp</dimen>
    <dimen name="x235">150.14dp</dimen>
    <dimen name="x236">150.78dp</dimen>
    <dimen name="x237">151.42dp</dimen>
    <dimen name="x238">152.06dp</dimen>
    <dimen name="x239">152.69dp</dimen>
    <dimen name="x240">153.33dp</dimen>
    <dimen name="x241">153.97dp</dimen>
    <dimen name="x242">154.61dp</dimen>
    <dimen name="x243">155.25dp</dimen>
    <dimen name="x244">155.89dp</dimen>
    <dimen name="x245">156.53dp</dimen>
    <dimen name="x246">157.17dp</dimen>
    <dimen name="x247">157.81dp</dimen>
    <dimen name="x248">158.44dp</dimen>
    <dimen name="x249">159.08dp</dimen>
    <dimen name="x250">159.72dp</dimen>
    <dimen name="x251">160.36dp</dimen>
    <dimen name="x252">161.00dp</dimen>
    <dimen name="x253">161.64dp</dimen>
    <dimen name="x254">162.28dp</dimen>
    <dimen name="x255">162.92dp</dimen>
    <dimen name="x256">163.56dp</dimen>
    <dimen name="x257">164.19dp</dimen>
    <dimen name="x258">164.83dp</dimen>
    <dimen name="x259">165.47dp</dimen>
    <dimen name="x260">166.11dp</dimen>
    <dimen name="x261">166.75dp</dimen>
    <dimen name="x262">167.39dp</dimen>
    <dimen name="x263">168.03dp</dimen>
    <dimen name="x264">168.67dp</dimen>
    <dimen name="x265">169.31dp</dimen>
    <dimen name="x266">169.94dp</dimen>
    <dimen name="x267">170.58dp</dimen>
    <dimen name="x268">171.22dp</dimen>
    <dimen name="x269">171.86dp</dimen>
    <dimen name="x270">172.50dp</dimen>
    <dimen name="x271">173.14dp</dimen>
    <dimen name="x272">173.78dp</dimen>
    <dimen name="x273">174.42dp</dimen>
    <dimen name="x274">175.06dp</dimen>
    <dimen name="x275">175.69dp</dimen>
    <dimen name="x276">176.33dp</dimen>
    <dimen name="x277">176.97dp</dimen>
    <dimen name="x278">177.61dp</dimen>
    <dimen name="x279">178.25dp</dimen>
    <dimen name="x280">178.89dp</dimen>
    <dimen name="x281">179.53dp</dimen>
    <dimen name="x282">180.17dp</dimen>
    <dimen name="x283">180.81dp</dimen>
    <dimen name="x284">181.44dp</dimen>
    <dimen name="x285">182.08dp</dimen>
    <dimen name="x286">182.72dp</dimen>
    <dimen name="x287">183.36dp</dimen>
    <dimen name="x288">184.00dp</dimen>
    <dimen name="x289">184.64dp</dimen>
    <dimen name="x290">185.28dp</dimen>
    <dimen name="x291">185.92dp</dimen>
    <dimen name="x292">186.56dp</dimen>
    <dimen name="x293">187.19dp</dimen>
    <dimen name="x294">187.83dp</dimen>
    <dimen name="x295">188.47dp</dimen>
    <dimen name="x296">189.11dp</dimen>
    <dimen name="x297">189.75dp</dimen>
    <dimen name="x298">190.39dp</dimen>
    <dimen name="x299">191.03dp</dimen>
    <dimen name="x300">191.67dp</dimen>
    <dimen name="x301">192.31dp</dimen>
    <dimen name="x302">192.94dp</dimen>
    <dimen name="x303">193.58dp</dimen>
    <dimen name="x304">194.22dp</dimen>
    <dimen name="x305">194.86dp</dimen>
    <dimen name="x306">195.50dp</dimen>
    <dimen name="x307">196.14dp</dimen>
    <dimen name="x308">196.78dp</dimen>
    <dimen name="x309">197.42dp</dimen>
    <dimen name="x310">198.06dp</dimen>
    <dimen name="x311">198.69dp</dimen>
    <dimen name="x312">199.33dp</dimen>
    <dimen name="x313">199.97dp</dimen>
    <dimen name="x314">200.61dp</dimen>
    <dimen name="x315">201.25dp</dimen>
    <dimen name="x316">201.89dp</dimen>
    <dimen name="x317">202.53dp</dimen>
    <dimen name="x318">203.17dp</dimen>
    <dimen name="x319">203.81dp</dimen>
    <dimen name="x320">204.44dp</dimen>
    <dimen name="x321">205.08dp</dimen>
    <dimen name="x322">205.72dp</dimen>
    <dimen name="x323">206.36dp</dimen>
    <dimen name="x324">207.00dp</dimen>
    <dimen name="x325">207.64dp</dimen>
    <dimen name="x326">208.28dp</dimen>
    <dimen name="x327">208.92dp</dimen>
    <dimen name="x328">209.56dp</dimen>
    <dimen name="x329">210.19dp</dimen>
    <dimen name="x330">210.83dp</dimen>
    <dimen name="x331">211.47dp</dimen>
    <dimen name="x332">212.11dp</dimen>
    <dimen name="x333">212.75dp</dimen>
    <dimen name="x334">213.39dp</dimen>
    <dimen name="x335">214.03dp</dimen>
    <dimen name="x336">214.67dp</dimen>
    <dimen name="x337">215.31dp</dimen>
    <dimen name="x338">215.94dp</dimen>
    <dimen name="x339">216.58dp</dimen>
    <dimen name="x340">217.22dp</dimen>
    <dimen name="x341">217.86dp</dimen>
    <dimen name="x342">218.50dp</dimen>
    <dimen name="x343">219.14dp</dimen>
    <dimen name="x344">219.78dp</dimen>
    <dimen name="x345">220.42dp</dimen>
    <dimen name="x346">221.06dp</dimen>
    <dimen name="x347">221.69dp</dimen>
    <dimen name="x348">222.33dp</dimen>
    <dimen name="x349">222.97dp</dimen>
    <dimen name="x350">223.61dp</dimen>
    <dimen name="x351">224.25dp</dimen>
    <dimen name="x352">224.89dp</dimen>
    <dimen name="x353">225.53dp</dimen>
    <dimen name="x354">226.17dp</dimen>
    <dimen name="x355">226.81dp</dimen>
    <dimen name="x356">227.44dp</dimen>
    <dimen name="x357">228.08dp</dimen>
    <dimen name="x358">228.72dp</dimen>
    <dimen name="x359">229.36dp</dimen>
    <dimen name="x360">230.00dp</dimen>
    <dimen name="x361">230.64dp</dimen>
    <dimen name="x362">231.28dp</dimen>
    <dimen name="x363">231.92dp</dimen>
    <dimen name="x364">232.56dp</dimen>
    <dimen name="x365">233.19dp</dimen>
    <dimen name="x366">233.83dp</dimen>
    <dimen name="x367">234.47dp</dimen>
    <dimen name="x368">235.11dp</dimen>
    <dimen name="x369">235.75dp</dimen>
    <dimen name="x370">236.39dp</dimen>
    <dimen name="x371">237.03dp</dimen>
    <dimen name="x372">237.67dp</dimen>
    <dimen name="x373">238.31dp</dimen>
    <dimen name="x374">238.94dp</dimen>
    <dimen name="x375">239.58dp</dimen>
    <dimen name="x376">240.22dp</dimen>
    <dimen name="x377">240.86dp</dimen>
    <dimen name="x378">241.50dp</dimen>
    <dimen name="x379">242.14dp</dimen>
    <dimen name="x380">242.78dp</dimen>
    <dimen name="x381">243.42dp</dimen>
    <dimen name="x382">244.06dp</dimen>
    <dimen name="x383">244.69dp</dimen>
    <dimen name="x384">245.33dp</dimen>
    <dimen name="x385">245.97dp</dimen>
    <dimen name="x386">246.61dp</dimen>
    <dimen name="x387">247.25dp</dimen>
    <dimen name="x388">247.89dp</dimen>
    <dimen name="x389">248.53dp</dimen>
    <dimen name="x390">249.17dp</dimen>
    <dimen name="x391">249.81dp</dimen>
    <dimen name="x392">250.44dp</dimen>
    <dimen name="x393">251.08dp</dimen>
    <dimen name="x394">251.72dp</dimen>
    <dimen name="x395">252.36dp</dimen>
    <dimen name="x396">253.00dp</dimen>
    <dimen name="x397">253.64dp</dimen>
    <dimen name="x398">254.28dp</dimen>
    <dimen name="x399">254.92dp</dimen>
    <dimen name="x400">255.56dp</dimen>
    <dimen name="x401">256.19dp</dimen>
    <dimen name="x402">256.83dp</dimen>
    <dimen name="x403">257.47dp</dimen>
    <dimen name="x404">258.11dp</dimen>
    <dimen name="x405">258.75dp</dimen>
    <dimen name="x406">259.39dp</dimen>
    <dimen name="x407">260.03dp</dimen>
    <dimen name="x408">260.67dp</dimen>
    <dimen name="x409">261.31dp</dimen>
    <dimen name="x410">261.94dp</dimen>
    <dimen name="x411">262.58dp</dimen>
    <dimen name="x412">263.22dp</dimen>
    <dimen name="x413">263.86dp</dimen>
    <dimen name="x414">264.50dp</dimen>
    <dimen name="x415">265.14dp</dimen>
    <dimen name="x416">265.78dp</dimen>
    <dimen name="x417">266.42dp</dimen>
    <dimen name="x418">267.06dp</dimen>
    <dimen name="x419">267.69dp</dimen>
    <dimen name="x420">268.33dp</dimen>
    <dimen name="x421">268.97dp</dimen>
    <dimen name="x422">269.61dp</dimen>
    <dimen name="x423">270.25dp</dimen>
    <dimen name="x424">270.89dp</dimen>
    <dimen name="x425">271.53dp</dimen>
    <dimen name="x426">272.17dp</dimen>
    <dimen name="x427">272.81dp</dimen>
    <dimen name="x428">273.44dp</dimen>
    <dimen name="x429">274.08dp</dimen>
    <dimen name="x430">274.72dp</dimen>
    <dimen name="x431">275.36dp</dimen>
    <dimen name="x432">276.00dp</dimen>
    <dimen name="x433">276.64dp</dimen>
    <dimen name="x434">277.28dp</dimen>
    <dimen name="x435">277.92dp</dimen>
    <dimen name="x436">278.56dp</dimen>
    <dimen name="x437">279.19dp</dimen>
    <dimen name="x438">279.83dp</dimen>
    <dimen name="x439">280.47dp</dimen>
    <dimen name="x440">281.11dp</dimen>
    <dimen name="x441">281.75dp</dimen>
    <dimen name="x442">282.39dp</dimen>
    <dimen name="x443">283.03dp</dimen>
    <dimen name="x444">283.67dp</dimen>
    <dimen name="x445">284.31dp</dimen>
    <dimen name="x446">284.94dp</dimen>
    <dimen name="x447">285.58dp</dimen>
    <dimen name="x448">286.22dp</dimen>
    <dimen name="x449">286.86dp</dimen>
    <dimen name="x450">287.50dp</dimen>
    <dimen name="x451">288.14dp</dimen>
    <dimen name="x452">288.78dp</dimen>
    <dimen name="x453">289.42dp</dimen>
    <dimen name="x454">290.06dp</dimen>
    <dimen name="x455">290.69dp</dimen>
    <dimen name="x456">291.33dp</dimen>
    <dimen name="x457">291.97dp</dimen>
    <dimen name="x458">292.61dp</dimen>
    <dimen name="x459">293.25dp</dimen>
    <dimen name="x460">293.89dp</dimen>
    <dimen name="x461">294.53dp</dimen>
    <dimen name="x462">295.17dp</dimen>
    <dimen name="x463">295.81dp</dimen>
    <dimen name="x464">296.44dp</dimen>
    <dimen name="x465">297.08dp</dimen>
    <dimen name="x466">297.72dp</dimen>
    <dimen name="x467">298.36dp</dimen>
    <dimen name="x468">299.00dp</dimen>
    <dimen name="x469">299.64dp</dimen>
    <dimen name="x470">300.28dp</dimen>
    <dimen name="x471">300.92dp</dimen>
    <dimen name="x472">301.56dp</dimen>
    <dimen name="x473">302.19dp</dimen>
    <dimen name="x474">302.83dp</dimen>
    <dimen name="x475">303.47dp</dimen>
    <dimen name="x476">304.11dp</dimen>
    <dimen name="x477">304.75dp</dimen>
    <dimen name="x478">305.39dp</dimen>
    <dimen name="x479">306.03dp</dimen>
    <dimen name="x480">306.67dp</dimen>
    <dimen name="x481">307.31dp</dimen>
    <dimen name="x482">307.94dp</dimen>
    <dimen name="x483">308.58dp</dimen>
    <dimen name="x484">309.22dp</dimen>
    <dimen name="x485">309.86dp</dimen>
    <dimen name="x486">310.50dp</dimen>
    <dimen name="x487">311.14dp</dimen>
    <dimen name="x488">311.78dp</dimen>
    <dimen name="x489">312.42dp</dimen>
    <dimen name="x490">313.06dp</dimen>
    <dimen name="x491">313.69dp</dimen>
    <dimen name="x492">314.33dp</dimen>
    <dimen name="x493">314.97dp</dimen>
    <dimen name="x494">315.61dp</dimen>
    <dimen name="x495">316.25dp</dimen>
    <dimen name="x496">316.89dp</dimen>
    <dimen name="x497">317.53dp</dimen>
    <dimen name="x498">318.17dp</dimen>
    <dimen name="x499">318.81dp</dimen>
    <dimen name="x500">319.44dp</dimen>
    <dimen name="x501">320.08dp</dimen>
    <dimen name="x502">320.72dp</dimen>
    <dimen name="x503">321.36dp</dimen>
    <dimen name="x504">322.00dp</dimen>
    <dimen name="x505">322.64dp</dimen>
    <dimen name="x506">323.28dp</dimen>
    <dimen name="x507">323.92dp</dimen>
    <dimen name="x508">324.56dp</dimen>
    <dimen name="x509">325.19dp</dimen>
    <dimen name="x510">325.83dp</dimen>
    <dimen name="x511">326.47dp</dimen>
    <dimen name="x512">327.11dp</dimen>
    <dimen name="x513">327.75dp</dimen>
    <dimen name="x514">328.39dp</dimen>
    <dimen name="x515">329.03dp</dimen>
    <dimen name="x516">329.67dp</dimen>
    <dimen name="x517">330.31dp</dimen>
    <dimen name="x518">330.94dp</dimen>
    <dimen name="x519">331.58dp</dimen>
    <dimen name="x520">332.22dp</dimen>
    <dimen name="x521">332.86dp</dimen>
    <dimen name="x522">333.50dp</dimen>
    <dimen name="x523">334.14dp</dimen>
    <dimen name="x524">334.78dp</dimen>
    <dimen name="x525">335.42dp</dimen>
    <dimen name="x526">336.06dp</dimen>
    <dimen name="x527">336.69dp</dimen>
    <dimen name="x528">337.33dp</dimen>
    <dimen name="x529">337.97dp</dimen>
    <dimen name="x530">338.61dp</dimen>
    <dimen name="x531">339.25dp</dimen>
    <dimen name="x532">339.89dp</dimen>
    <dimen name="x533">340.53dp</dimen>
    <dimen name="x534">341.17dp</dimen>
    <dimen name="x535">341.81dp</dimen>
    <dimen name="x536">342.44dp</dimen>
    <dimen name="x537">343.08dp</dimen>
    <dimen name="x538">343.72dp</dimen>
    <dimen name="x539">344.36dp</dimen>
    <dimen name="x540">345.00dp</dimen>
    <dimen name="x541">345.64dp</dimen>
    <dimen name="x542">346.28dp</dimen>
    <dimen name="x543">346.92dp</dimen>
    <dimen name="x544">347.56dp</dimen>
    <dimen name="x545">348.19dp</dimen>
    <dimen name="x546">348.83dp</dimen>
    <dimen name="x547">349.47dp</dimen>
    <dimen name="x548">350.11dp</dimen>
    <dimen name="x549">350.75dp</dimen>
    <dimen name="x550">351.39dp</dimen>
    <dimen name="x551">352.03dp</dimen>
    <dimen name="x552">352.67dp</dimen>
    <dimen name="x553">353.31dp</dimen>
    <dimen name="x554">353.94dp</dimen>
    <dimen name="x555">354.58dp</dimen>
    <dimen name="x556">355.22dp</dimen>
    <dimen name="x557">355.86dp</dimen>
    <dimen name="x558">356.50dp</dimen>
    <dimen name="x559">357.14dp</dimen>
    <dimen name="x560">357.78dp</dimen>
    <dimen name="x561">358.42dp</dimen>
    <dimen name="x562">359.06dp</dimen>
    <dimen name="x563">359.69dp</dimen>
    <dimen name="x564">360.33dp</dimen>
    <dimen name="x565">360.97dp</dimen>
    <dimen name="x566">361.61dp</dimen>
    <dimen name="x567">362.25dp</dimen>
    <dimen name="x568">362.89dp</dimen>
    <dimen name="x569">363.53dp</dimen>
    <dimen name="x570">364.17dp</dimen>
    <dimen name="x571">364.81dp</dimen>
    <dimen name="x572">365.44dp</dimen>
    <dimen name="x573">366.08dp</dimen>
    <dimen name="x574">366.72dp</dimen>
    <dimen name="x575">367.36dp</dimen>
    <dimen name="x576">368.00dp</dimen>
    <dimen name="x577">368.64dp</dimen>
    <dimen name="x578">369.28dp</dimen>
    <dimen name="x579">369.92dp</dimen>
    <dimen name="x580">370.56dp</dimen>
    <dimen name="x581">371.19dp</dimen>
    <dimen name="x582">371.83dp</dimen>
    <dimen name="x583">372.47dp</dimen>
    <dimen name="x584">373.11dp</dimen>
    <dimen name="x585">373.75dp</dimen>
    <dimen name="x586">374.39dp</dimen>
    <dimen name="x587">375.03dp</dimen>
    <dimen name="x588">375.67dp</dimen>
    <dimen name="x589">376.31dp</dimen>
    <dimen name="x590">376.94dp</dimen>
    <dimen name="x591">377.58dp</dimen>
    <dimen name="x592">378.22dp</dimen>
    <dimen name="x593">378.86dp</dimen>
    <dimen name="x594">379.50dp</dimen>
    <dimen name="x595">380.14dp</dimen>
    <dimen name="x596">380.78dp</dimen>
    <dimen name="x597">381.42dp</dimen>
    <dimen name="x598">382.06dp</dimen>
    <dimen name="x599">382.69dp</dimen>
    <dimen name="x600">383.33dp</dimen>
    <dimen name="x601">383.97dp</dimen>
    <dimen name="x602">384.61dp</dimen>
    <dimen name="x603">385.25dp</dimen>
    <dimen name="x604">385.89dp</dimen>
    <dimen name="x605">386.53dp</dimen>
    <dimen name="x606">387.17dp</dimen>
    <dimen name="x607">387.81dp</dimen>
    <dimen name="x608">388.44dp</dimen>
    <dimen name="x609">389.08dp</dimen>
    <dimen name="x610">389.72dp</dimen>
    <dimen name="x611">390.36dp</dimen>
    <dimen name="x612">391.00dp</dimen>
    <dimen name="x613">391.64dp</dimen>
    <dimen name="x614">392.28dp</dimen>
    <dimen name="x615">392.92dp</dimen>
    <dimen name="x616">393.56dp</dimen>
    <dimen name="x617">394.19dp</dimen>
    <dimen name="x618">394.83dp</dimen>
    <dimen name="x619">395.47dp</dimen>
    <dimen name="x620">396.11dp</dimen>
    <dimen name="x621">396.75dp</dimen>
    <dimen name="x622">397.39dp</dimen>
    <dimen name="x623">398.03dp</dimen>
    <dimen name="x624">398.67dp</dimen>
    <dimen name="x625">399.31dp</dimen>
    <dimen name="x626">399.94dp</dimen>
    <dimen name="x627">400.58dp</dimen>
    <dimen name="x628">401.22dp</dimen>
    <dimen name="x629">401.86dp</dimen>
    <dimen name="x630">402.50dp</dimen>
    <dimen name="x631">403.14dp</dimen>
    <dimen name="x632">403.78dp</dimen>
    <dimen name="x633">404.42dp</dimen>
    <dimen name="x634">405.06dp</dimen>
    <dimen name="x635">405.69dp</dimen>
    <dimen name="x636">406.33dp</dimen>
    <dimen name="x637">406.97dp</dimen>
    <dimen name="x638">407.61dp</dimen>
    <dimen name="x639">408.25dp</dimen>
    <dimen name="x640">408.89dp</dimen>
    <dimen name="x641">409.53dp</dimen>
    <dimen name="x642">410.17dp</dimen>
    <dimen name="x643">410.81dp</dimen>
    <dimen name="x644">411.44dp</dimen>
    <dimen name="x645">412.08dp</dimen>
    <dimen name="x646">412.72dp</dimen>
    <dimen name="x647">413.36dp</dimen>
    <dimen name="x648">414.00dp</dimen>
    <dimen name="x649">414.64dp</dimen>
    <dimen name="x650">415.28dp</dimen>
    <dimen name="x651">415.92dp</dimen>
    <dimen name="x652">416.56dp</dimen>
    <dimen name="x653">417.19dp</dimen>
    <dimen name="x654">417.83dp</dimen>
    <dimen name="x655">418.47dp</dimen>
    <dimen name="x656">419.11dp</dimen>
    <dimen name="x657">419.75dp</dimen>
    <dimen name="x658">420.39dp</dimen>
    <dimen name="x659">421.03dp</dimen>
    <dimen name="x660">421.67dp</dimen>
    <dimen name="x661">422.31dp</dimen>
    <dimen name="x662">422.94dp</dimen>
    <dimen name="x663">423.58dp</dimen>
    <dimen name="x664">424.22dp</dimen>
    <dimen name="x665">424.86dp</dimen>
    <dimen name="x666">425.50dp</dimen>
    <dimen name="x667">426.14dp</dimen>
    <dimen name="x668">426.78dp</dimen>
    <dimen name="x669">427.42dp</dimen>
    <dimen name="x670">428.06dp</dimen>
    <dimen name="x671">428.69dp</dimen>
    <dimen name="x672">429.33dp</dimen>
    <dimen name="x673">429.97dp</dimen>
    <dimen name="x674">430.61dp</dimen>
    <dimen name="x675">431.25dp</dimen>
    <dimen name="x676">431.89dp</dimen>
    <dimen name="x677">432.53dp</dimen>
    <dimen name="x678">433.17dp</dimen>
    <dimen name="x679">433.81dp</dimen>
    <dimen name="x680">434.44dp</dimen>
    <dimen name="x681">435.08dp</dimen>
    <dimen name="x682">435.72dp</dimen>
    <dimen name="x683">436.36dp</dimen>
    <dimen name="x684">437.00dp</dimen>
    <dimen name="x685">437.64dp</dimen>
    <dimen name="x686">438.28dp</dimen>
    <dimen name="x687">438.92dp</dimen>
    <dimen name="x688">439.56dp</dimen>
    <dimen name="x689">440.19dp</dimen>
    <dimen name="x690">440.83dp</dimen>
    <dimen name="x691">441.47dp</dimen>
    <dimen name="x692">442.11dp</dimen>
    <dimen name="x693">442.75dp</dimen>
    <dimen name="x694">443.39dp</dimen>
    <dimen name="x695">444.03dp</dimen>
    <dimen name="x696">444.67dp</dimen>
    <dimen name="x697">445.31dp</dimen>
    <dimen name="x698">445.94dp</dimen>
    <dimen name="x699">446.58dp</dimen>
    <dimen name="x700">447.22dp</dimen>
    <dimen name="x701">447.86dp</dimen>
    <dimen name="x702">448.50dp</dimen>
    <dimen name="x703">449.14dp</dimen>
    <dimen name="x704">449.78dp</dimen>
    <dimen name="x705">450.42dp</dimen>
    <dimen name="x706">451.06dp</dimen>
    <dimen name="x707">451.69dp</dimen>
    <dimen name="x708">452.33dp</dimen>
    <dimen name="x709">452.97dp</dimen>
    <dimen name="x710">453.61dp</dimen>
    <dimen name="x711">454.25dp</dimen>
    <dimen name="x712">454.89dp</dimen>
    <dimen name="x713">455.53dp</dimen>
    <dimen name="x714">456.17dp</dimen>
    <dimen name="x715">456.81dp</dimen>
    <dimen name="x716">457.44dp</dimen>
    <dimen name="x717">458.08dp</dimen>
    <dimen name="x718">458.72dp</dimen>
    <dimen name="x719">459.36dp</dimen>
    <dimen name="x720">460.00dp</dimen>
    <dimen name="x721">460.64dp</dimen>
    <dimen name="x722">461.28dp</dimen>
    <dimen name="x723">461.92dp</dimen>
    <dimen name="x724">462.56dp</dimen>
    <dimen name="x725">463.19dp</dimen>
    <dimen name="x726">463.83dp</dimen>
    <dimen name="x727">464.47dp</dimen>
    <dimen name="x728">465.11dp</dimen>
    <dimen name="x729">465.75dp</dimen>
    <dimen name="x730">466.39dp</dimen>
    <dimen name="x731">467.03dp</dimen>
    <dimen name="x732">467.67dp</dimen>
    <dimen name="x733">468.31dp</dimen>
    <dimen name="x734">468.94dp</dimen>
    <dimen name="x735">469.58dp</dimen>
    <dimen name="x736">470.22dp</dimen>
    <dimen name="x737">470.86dp</dimen>
    <dimen name="x738">471.50dp</dimen>
    <dimen name="x739">472.14dp</dimen>
    <dimen name="x740">472.78dp</dimen>
    <dimen name="x741">473.42dp</dimen>
    <dimen name="x742">474.06dp</dimen>
    <dimen name="x743">474.69dp</dimen>
    <dimen name="x744">475.33dp</dimen>
    <dimen name="x745">475.97dp</dimen>
    <dimen name="x746">476.61dp</dimen>
    <dimen name="x747">477.25dp</dimen>
    <dimen name="x748">477.89dp</dimen>
    <dimen name="x749">478.53dp</dimen>
    <dimen name="x750">479.17dp</dimen>
    <dimen name="x751">479.81dp</dimen>
    <dimen name="x752">480.44dp</dimen>
    <dimen name="x753">481.08dp</dimen>
    <dimen name="x754">481.72dp</dimen>
    <dimen name="x755">482.36dp</dimen>
    <dimen name="x756">483.00dp</dimen>
    <dimen name="x757">483.64dp</dimen>
    <dimen name="x758">484.28dp</dimen>
    <dimen name="x759">484.92dp</dimen>
    <dimen name="x760">485.56dp</dimen>
    <dimen name="x761">486.19dp</dimen>
    <dimen name="x762">486.83dp</dimen>
    <dimen name="x763">487.47dp</dimen>
    <dimen name="x764">488.11dp</dimen>
    <dimen name="x765">488.75dp</dimen>
    <dimen name="x766">489.39dp</dimen>
    <dimen name="x767">490.03dp</dimen>
    <dimen name="x768">490.67dp</dimen>
    <dimen name="x769">491.31dp</dimen>
    <dimen name="x770">491.94dp</dimen>
    <dimen name="x771">492.58dp</dimen>
    <dimen name="x772">493.22dp</dimen>
    <dimen name="x773">493.86dp</dimen>
    <dimen name="x774">494.50dp</dimen>
    <dimen name="x775">495.14dp</dimen>
    <dimen name="x776">495.78dp</dimen>
    <dimen name="x777">496.42dp</dimen>
    <dimen name="x778">497.06dp</dimen>
    <dimen name="x779">497.69dp</dimen>
    <dimen name="x780">498.33dp</dimen>
    <dimen name="x781">498.97dp</dimen>
    <dimen name="x782">499.61dp</dimen>
    <dimen name="x783">500.25dp</dimen>
    <dimen name="x784">500.89dp</dimen>
    <dimen name="x785">501.53dp</dimen>
    <dimen name="x786">502.17dp</dimen>
    <dimen name="x787">502.81dp</dimen>
    <dimen name="x788">503.44dp</dimen>
    <dimen name="x789">504.08dp</dimen>
    <dimen name="x790">504.72dp</dimen>
    <dimen name="x791">505.36dp</dimen>
    <dimen name="x792">506.00dp</dimen>
    <dimen name="x793">506.64dp</dimen>
    <dimen name="x794">507.28dp</dimen>
    <dimen name="x795">507.92dp</dimen>
    <dimen name="x796">508.56dp</dimen>
    <dimen name="x797">509.19dp</dimen>
    <dimen name="x798">509.83dp</dimen>
    <dimen name="x799">510.47dp</dimen>
    <dimen name="x800">511.11dp</dimen>
    <dimen name="x801">511.75dp</dimen>
    <dimen name="x802">512.39dp</dimen>
    <dimen name="x803">513.03dp</dimen>
    <dimen name="x804">513.67dp</dimen>
    <dimen name="x805">514.31dp</dimen>
    <dimen name="x806">514.94dp</dimen>
    <dimen name="x807">515.58dp</dimen>
    <dimen name="x808">516.22dp</dimen>
    <dimen name="x809">516.86dp</dimen>
    <dimen name="x810">517.50dp</dimen>
    <dimen name="x811">518.14dp</dimen>
    <dimen name="x812">518.78dp</dimen>
    <dimen name="x813">519.42dp</dimen>
    <dimen name="x814">520.06dp</dimen>
    <dimen name="x815">520.69dp</dimen>
    <dimen name="x816">521.33dp</dimen>
    <dimen name="x817">521.97dp</dimen>
    <dimen name="x818">522.61dp</dimen>
    <dimen name="x819">523.25dp</dimen>
    <dimen name="x820">523.89dp</dimen>
    <dimen name="x821">524.53dp</dimen>
    <dimen name="x822">525.17dp</dimen>
    <dimen name="x823">525.81dp</dimen>
    <dimen name="x824">526.44dp</dimen>
    <dimen name="x825">527.08dp</dimen>
    <dimen name="x826">527.72dp</dimen>
    <dimen name="x827">528.36dp</dimen>
    <dimen name="x828">529.00dp</dimen>
    <dimen name="x829">529.64dp</dimen>
    <dimen name="x830">530.28dp</dimen>
    <dimen name="x831">530.92dp</dimen>
    <dimen name="x832">531.56dp</dimen>
    <dimen name="x833">532.19dp</dimen>
    <dimen name="x834">532.83dp</dimen>
    <dimen name="x835">533.47dp</dimen>
    <dimen name="x836">534.11dp</dimen>
    <dimen name="x837">534.75dp</dimen>
    <dimen name="x838">535.39dp</dimen>
    <dimen name="x839">536.03dp</dimen>
    <dimen name="x840">536.67dp</dimen>
    <dimen name="x841">537.31dp</dimen>
    <dimen name="x842">537.94dp</dimen>
    <dimen name="x843">538.58dp</dimen>
    <dimen name="x844">539.22dp</dimen>
    <dimen name="x845">539.86dp</dimen>
    <dimen name="x846">540.50dp</dimen>
    <dimen name="x847">541.14dp</dimen>
    <dimen name="x848">541.78dp</dimen>
    <dimen name="x849">542.42dp</dimen>
    <dimen name="x850">543.06dp</dimen>
    <dimen name="x851">543.69dp</dimen>
    <dimen name="x852">544.33dp</dimen>
    <dimen name="x853">544.97dp</dimen>
    <dimen name="x854">545.61dp</dimen>
    <dimen name="x855">546.25dp</dimen>
    <dimen name="x856">546.89dp</dimen>
    <dimen name="x857">547.53dp</dimen>
    <dimen name="x858">548.17dp</dimen>
    <dimen name="x859">548.81dp</dimen>
    <dimen name="x860">549.44dp</dimen>
    <dimen name="x861">550.08dp</dimen>
    <dimen name="x862">550.72dp</dimen>
    <dimen name="x863">551.36dp</dimen>
    <dimen name="x864">552.00dp</dimen>
    <dimen name="x865">552.64dp</dimen>
    <dimen name="x866">553.28dp</dimen>
    <dimen name="x867">553.92dp</dimen>
    <dimen name="x868">554.56dp</dimen>
    <dimen name="x869">555.19dp</dimen>
    <dimen name="x870">555.83dp</dimen>
    <dimen name="x871">556.47dp</dimen>
    <dimen name="x872">557.11dp</dimen>
    <dimen name="x873">557.75dp</dimen>
    <dimen name="x874">558.39dp</dimen>
    <dimen name="x875">559.03dp</dimen>
    <dimen name="x876">559.67dp</dimen>
    <dimen name="x877">560.31dp</dimen>
    <dimen name="x878">560.94dp</dimen>
    <dimen name="x879">561.58dp</dimen>
    <dimen name="x880">562.22dp</dimen>
    <dimen name="x881">562.86dp</dimen>
    <dimen name="x882">563.50dp</dimen>
    <dimen name="x883">564.14dp</dimen>
    <dimen name="x884">564.78dp</dimen>
    <dimen name="x885">565.42dp</dimen>
    <dimen name="x886">566.06dp</dimen>
    <dimen name="x887">566.69dp</dimen>
    <dimen name="x888">567.33dp</dimen>
    <dimen name="x889">567.97dp</dimen>
    <dimen name="x890">568.61dp</dimen>
    <dimen name="x891">569.25dp</dimen>
    <dimen name="x892">569.89dp</dimen>
    <dimen name="x893">570.53dp</dimen>
    <dimen name="x894">571.17dp</dimen>
    <dimen name="x895">571.81dp</dimen>
    <dimen name="x896">572.44dp</dimen>
    <dimen name="x897">573.08dp</dimen>
    <dimen name="x898">573.72dp</dimen>
    <dimen name="x899">574.36dp</dimen>
    <dimen name="x900">575.00dp</dimen>
    <dimen name="x901">575.64dp</dimen>
    <dimen name="x902">576.28dp</dimen>
    <dimen name="x903">576.92dp</dimen>
    <dimen name="x904">577.56dp</dimen>
    <dimen name="x905">578.19dp</dimen>
    <dimen name="x906">578.83dp</dimen>
    <dimen name="x907">579.47dp</dimen>
    <dimen name="x908">580.11dp</dimen>
    <dimen name="x909">580.75dp</dimen>
    <dimen name="x910">581.39dp</dimen>
    <dimen name="x911">582.03dp</dimen>
    <dimen name="x912">582.67dp</dimen>
    <dimen name="x913">583.31dp</dimen>
    <dimen name="x914">583.94dp</dimen>
    <dimen name="x915">584.58dp</dimen>
    <dimen name="x916">585.22dp</dimen>
    <dimen name="x917">585.86dp</dimen>
    <dimen name="x918">586.50dp</dimen>
    <dimen name="x919">587.14dp</dimen>
    <dimen name="x920">587.78dp</dimen>
    <dimen name="x921">588.42dp</dimen>
    <dimen name="x922">589.06dp</dimen>
    <dimen name="x923">589.69dp</dimen>
    <dimen name="x924">590.33dp</dimen>
    <dimen name="x925">590.97dp</dimen>
    <dimen name="x926">591.61dp</dimen>
    <dimen name="x927">592.25dp</dimen>
    <dimen name="x928">592.89dp</dimen>
    <dimen name="x929">593.53dp</dimen>
    <dimen name="x930">594.17dp</dimen>
    <dimen name="x931">594.81dp</dimen>
    <dimen name="x932">595.44dp</dimen>
    <dimen name="x933">596.08dp</dimen>
    <dimen name="x934">596.72dp</dimen>
    <dimen name="x935">597.36dp</dimen>
    <dimen name="x936">598.00dp</dimen>
    <dimen name="x937">598.64dp</dimen>
    <dimen name="x938">599.28dp</dimen>
    <dimen name="x939">599.92dp</dimen>
    <dimen name="x940">600.56dp</dimen>
    <dimen name="x941">601.19dp</dimen>
    <dimen name="x942">601.83dp</dimen>
    <dimen name="x943">602.47dp</dimen>
    <dimen name="x944">603.11dp</dimen>
    <dimen name="x945">603.75dp</dimen>
    <dimen name="x946">604.39dp</dimen>
    <dimen name="x947">605.03dp</dimen>
    <dimen name="x948">605.67dp</dimen>
    <dimen name="x949">606.31dp</dimen>
    <dimen name="x950">606.94dp</dimen>
    <dimen name="x951">607.58dp</dimen>
    <dimen name="x952">608.22dp</dimen>
    <dimen name="x953">608.86dp</dimen>
    <dimen name="x954">609.50dp</dimen>
    <dimen name="x955">610.14dp</dimen>
    <dimen name="x956">610.78dp</dimen>
    <dimen name="x957">611.42dp</dimen>
    <dimen name="x958">612.06dp</dimen>
    <dimen name="x959">612.69dp</dimen>
    <dimen name="x960">613.33dp</dimen>
    <dimen name="x961">613.97dp</dimen>
    <dimen name="x962">614.61dp</dimen>
    <dimen name="x963">615.25dp</dimen>
    <dimen name="x964">615.89dp</dimen>
    <dimen name="x965">616.53dp</dimen>
    <dimen name="x966">617.17dp</dimen>
    <dimen name="x967">617.81dp</dimen>
    <dimen name="x968">618.44dp</dimen>
    <dimen name="x969">619.08dp</dimen>
    <dimen name="x970">619.72dp</dimen>
    <dimen name="x971">620.36dp</dimen>
    <dimen name="x972">621.00dp</dimen>
    <dimen name="x973">621.64dp</dimen>
    <dimen name="x974">622.28dp</dimen>
    <dimen name="x975">622.92dp</dimen>
    <dimen name="x976">623.56dp</dimen>
    <dimen name="x977">624.19dp</dimen>
    <dimen name="x978">624.83dp</dimen>
    <dimen name="x979">625.47dp</dimen>
    <dimen name="x980">626.11dp</dimen>
    <dimen name="x981">626.75dp</dimen>
    <dimen name="x982">627.39dp</dimen>
    <dimen name="x983">628.03dp</dimen>
    <dimen name="x984">628.67dp</dimen>
    <dimen name="x985">629.31dp</dimen>
    <dimen name="x986">629.94dp</dimen>
    <dimen name="x987">630.58dp</dimen>
    <dimen name="x988">631.22dp</dimen>
    <dimen name="x989">631.86dp</dimen>
    <dimen name="x990">632.50dp</dimen>
    <dimen name="x991">633.14dp</dimen>
    <dimen name="x992">633.78dp</dimen>
    <dimen name="x993">634.42dp</dimen>
    <dimen name="x994">635.06dp</dimen>
    <dimen name="x995">635.69dp</dimen>
    <dimen name="x996">636.33dp</dimen>
    <dimen name="x997">636.97dp</dimen>
    <dimen name="x998">637.61dp</dimen>
    <dimen name="x999">638.25dp</dimen>
    <dimen name="x1000">638.89dp</dimen>
    <dimen name="x1001">639.53dp</dimen>
    <dimen name="x1002">640.17dp</dimen>
    <dimen name="x1003">640.81dp</dimen>
    <dimen name="x1004">641.44dp</dimen>
    <dimen name="x1005">642.08dp</dimen>
    <dimen name="x1006">642.72dp</dimen>
    <dimen name="x1007">643.36dp</dimen>
    <dimen name="x1008">644.00dp</dimen>
    <dimen name="x1009">644.64dp</dimen>
    <dimen name="x1010">645.28dp</dimen>
    <dimen name="x1011">645.92dp</dimen>
    <dimen name="x1012">646.56dp</dimen>
    <dimen name="x1013">647.19dp</dimen>
    <dimen name="x1014">647.83dp</dimen>
    <dimen name="x1015">648.47dp</dimen>
    <dimen name="x1016">649.11dp</dimen>
    <dimen name="x1017">649.75dp</dimen>
    <dimen name="x1018">650.39dp</dimen>
    <dimen name="x1019">651.03dp</dimen>
    <dimen name="x1020">651.67dp</dimen>
    <dimen name="x1021">652.31dp</dimen>
    <dimen name="x1022">652.94dp</dimen>
    <dimen name="x1023">653.58dp</dimen>
    <dimen name="x1024">654.22dp</dimen>
    <dimen name="x1025">654.86dp</dimen>
    <dimen name="x1026">655.50dp</dimen>
    <dimen name="x1027">656.14dp</dimen>
    <dimen name="x1028">656.78dp</dimen>
    <dimen name="x1029">657.42dp</dimen>
    <dimen name="x1030">658.06dp</dimen>
    <dimen name="x1031">658.69dp</dimen>
    <dimen name="x1032">659.33dp</dimen>
    <dimen name="x1033">659.97dp</dimen>
    <dimen name="x1034">660.61dp</dimen>
    <dimen name="x1035">661.25dp</dimen>
    <dimen name="x1036">661.89dp</dimen>
    <dimen name="x1037">662.53dp</dimen>
    <dimen name="x1038">663.17dp</dimen>
    <dimen name="x1039">663.81dp</dimen>
    <dimen name="x1040">664.44dp</dimen>
    <dimen name="x1041">665.08dp</dimen>
    <dimen name="x1042">665.72dp</dimen>
    <dimen name="x1043">666.36dp</dimen>
    <dimen name="x1044">667.00dp</dimen>
    <dimen name="x1045">667.64dp</dimen>
    <dimen name="x1046">668.28dp</dimen>
    <dimen name="x1047">668.92dp</dimen>
    <dimen name="x1048">669.56dp</dimen>
    <dimen name="x1049">670.19dp</dimen>
    <dimen name="x1050">670.83dp</dimen>
    <dimen name="x1051">671.47dp</dimen>
    <dimen name="x1052">672.11dp</dimen>
    <dimen name="x1053">672.75dp</dimen>
    <dimen name="x1054">673.39dp</dimen>
    <dimen name="x1055">674.03dp</dimen>
    <dimen name="x1056">674.67dp</dimen>
    <dimen name="x1057">675.31dp</dimen>
    <dimen name="x1058">675.94dp</dimen>
    <dimen name="x1059">676.58dp</dimen>
    <dimen name="x1060">677.22dp</dimen>
    <dimen name="x1061">677.86dp</dimen>
    <dimen name="x1062">678.50dp</dimen>
    <dimen name="x1063">679.14dp</dimen>
    <dimen name="x1064">679.78dp</dimen>
    <dimen name="x1065">680.42dp</dimen>
    <dimen name="x1066">681.06dp</dimen>
    <dimen name="x1067">681.69dp</dimen>
    <dimen name="x1068">682.33dp</dimen>
    <dimen name="x1069">682.97dp</dimen>
    <dimen name="x1070">683.61dp</dimen>
    <dimen name="x1071">684.25dp</dimen>
    <dimen name="x1072">684.89dp</dimen>
    <dimen name="x1073">685.53dp</dimen>
    <dimen name="x1074">686.17dp</dimen>
    <dimen name="x1075">686.81dp</dimen>
    <dimen name="x1076">687.44dp</dimen>
    <dimen name="x1077">688.08dp</dimen>
    <dimen name="x1078">688.72dp</dimen>
    <dimen name="x1079">689.36dp</dimen>
    <dimen name="x1080">690.00dp</dimen>
</resources>