<?xml version="1.0" encoding="utf-8"?>
<resources>
    <string name="sw_dp">420dp</string>
    <dimen name="x1">0.39dp</dimen>
    <dimen name="x2">0.78dp</dimen>
    <dimen name="x3">1.17dp</dimen>
    <dimen name="x4">1.56dp</dimen>
    <dimen name="x5">1.94dp</dimen>
    <dimen name="x6">2.33dp</dimen>
    <dimen name="x7">2.72dp</dimen>
    <dimen name="x8">3.11dp</dimen>
    <dimen name="x9">3.50dp</dimen>
    <dimen name="x10">3.89dp</dimen>
    <dimen name="x11">4.28dp</dimen>
    <dimen name="x12">4.67dp</dimen>
    <dimen name="x13">5.06dp</dimen>
    <dimen name="x14">5.44dp</dimen>
    <dimen name="x15">5.83dp</dimen>
    <dimen name="x16">6.22dp</dimen>
    <dimen name="x17">6.61dp</dimen>
    <dimen name="x18">7.00dp</dimen>
    <dimen name="x19">7.39dp</dimen>
    <dimen name="x20">7.78dp</dimen>
    <dimen name="x21">8.17dp</dimen>
    <dimen name="x22">8.56dp</dimen>
    <dimen name="x23">8.94dp</dimen>
    <dimen name="x24">9.33dp</dimen>
    <dimen name="x25">9.72dp</dimen>
    <dimen name="x26">10.11dp</dimen>
    <dimen name="x27">10.50dp</dimen>
    <dimen name="x28">10.89dp</dimen>
    <dimen name="x29">11.28dp</dimen>
    <dimen name="x30">11.67dp</dimen>
    <dimen name="x31">12.06dp</dimen>
    <dimen name="x32">12.44dp</dimen>
    <dimen name="x33">12.83dp</dimen>
    <dimen name="x34">13.22dp</dimen>
    <dimen name="x35">13.61dp</dimen>
    <dimen name="x36">14.00dp</dimen>
    <dimen name="x37">14.39dp</dimen>
    <dimen name="x38">14.78dp</dimen>
    <dimen name="x39">15.17dp</dimen>
    <dimen name="x40">15.56dp</dimen>
    <dimen name="x41">15.94dp</dimen>
    <dimen name="x42">16.33dp</dimen>
    <dimen name="x43">16.72dp</dimen>
    <dimen name="x44">17.11dp</dimen>
    <dimen name="x45">17.50dp</dimen>
    <dimen name="x46">17.89dp</dimen>
    <dimen name="x47">18.28dp</dimen>
    <dimen name="x48">18.67dp</dimen>
    <dimen name="x49">19.06dp</dimen>
    <dimen name="x50">19.44dp</dimen>
    <dimen name="x51">19.83dp</dimen>
    <dimen name="x52">20.22dp</dimen>
    <dimen name="x53">20.61dp</dimen>
    <dimen name="x54">21.00dp</dimen>
    <dimen name="x55">21.39dp</dimen>
    <dimen name="x56">21.78dp</dimen>
    <dimen name="x57">22.17dp</dimen>
    <dimen name="x58">22.56dp</dimen>
    <dimen name="x59">22.94dp</dimen>
    <dimen name="x60">23.33dp</dimen>
    <dimen name="x61">23.72dp</dimen>
    <dimen name="x62">24.11dp</dimen>
    <dimen name="x63">24.50dp</dimen>
    <dimen name="x64">24.89dp</dimen>
    <dimen name="x65">25.28dp</dimen>
    <dimen name="x66">25.67dp</dimen>
    <dimen name="x67">26.06dp</dimen>
    <dimen name="x68">26.44dp</dimen>
    <dimen name="x69">26.83dp</dimen>
    <dimen name="x70">27.22dp</dimen>
    <dimen name="x71">27.61dp</dimen>
    <dimen name="x72">28.00dp</dimen>
    <dimen name="x73">28.39dp</dimen>
    <dimen name="x74">28.78dp</dimen>
    <dimen name="x75">29.17dp</dimen>
    <dimen name="x76">29.56dp</dimen>
    <dimen name="x77">29.94dp</dimen>
    <dimen name="x78">30.33dp</dimen>
    <dimen name="x79">30.72dp</dimen>
    <dimen name="x80">31.11dp</dimen>
    <dimen name="x81">31.50dp</dimen>
    <dimen name="x82">31.89dp</dimen>
    <dimen name="x83">32.28dp</dimen>
    <dimen name="x84">32.67dp</dimen>
    <dimen name="x85">33.06dp</dimen>
    <dimen name="x86">33.44dp</dimen>
    <dimen name="x87">33.83dp</dimen>
    <dimen name="x88">34.22dp</dimen>
    <dimen name="x89">34.61dp</dimen>
    <dimen name="x90">35.00dp</dimen>
    <dimen name="x91">35.39dp</dimen>
    <dimen name="x92">35.78dp</dimen>
    <dimen name="x93">36.17dp</dimen>
    <dimen name="x94">36.56dp</dimen>
    <dimen name="x95">36.94dp</dimen>
    <dimen name="x96">37.33dp</dimen>
    <dimen name="x97">37.72dp</dimen>
    <dimen name="x98">38.11dp</dimen>
    <dimen name="x99">38.50dp</dimen>
    <dimen name="x100">38.89dp</dimen>
    <dimen name="x101">39.28dp</dimen>
    <dimen name="x102">39.67dp</dimen>
    <dimen name="x103">40.06dp</dimen>
    <dimen name="x104">40.44dp</dimen>
    <dimen name="x105">40.83dp</dimen>
    <dimen name="x106">41.22dp</dimen>
    <dimen name="x107">41.61dp</dimen>
    <dimen name="x108">42.00dp</dimen>
    <dimen name="x109">42.39dp</dimen>
    <dimen name="x110">42.78dp</dimen>
    <dimen name="x111">43.17dp</dimen>
    <dimen name="x112">43.56dp</dimen>
    <dimen name="x113">43.94dp</dimen>
    <dimen name="x114">44.33dp</dimen>
    <dimen name="x115">44.72dp</dimen>
    <dimen name="x116">45.11dp</dimen>
    <dimen name="x117">45.50dp</dimen>
    <dimen name="x118">45.89dp</dimen>
    <dimen name="x119">46.28dp</dimen>
    <dimen name="x120">46.67dp</dimen>
    <dimen name="x121">47.06dp</dimen>
    <dimen name="x122">47.44dp</dimen>
    <dimen name="x123">47.83dp</dimen>
    <dimen name="x124">48.22dp</dimen>
    <dimen name="x125">48.61dp</dimen>
    <dimen name="x126">49.00dp</dimen>
    <dimen name="x127">49.39dp</dimen>
    <dimen name="x128">49.78dp</dimen>
    <dimen name="x129">50.17dp</dimen>
    <dimen name="x130">50.56dp</dimen>
    <dimen name="x131">50.94dp</dimen>
    <dimen name="x132">51.33dp</dimen>
    <dimen name="x133">51.72dp</dimen>
    <dimen name="x134">52.11dp</dimen>
    <dimen name="x135">52.50dp</dimen>
    <dimen name="x136">52.89dp</dimen>
    <dimen name="x137">53.28dp</dimen>
    <dimen name="x138">53.67dp</dimen>
    <dimen name="x139">54.06dp</dimen>
    <dimen name="x140">54.44dp</dimen>
    <dimen name="x141">54.83dp</dimen>
    <dimen name="x142">55.22dp</dimen>
    <dimen name="x143">55.61dp</dimen>
    <dimen name="x144">56.00dp</dimen>
    <dimen name="x145">56.39dp</dimen>
    <dimen name="x146">56.78dp</dimen>
    <dimen name="x147">57.17dp</dimen>
    <dimen name="x148">57.56dp</dimen>
    <dimen name="x149">57.94dp</dimen>
    <dimen name="x150">58.33dp</dimen>
    <dimen name="x151">58.72dp</dimen>
    <dimen name="x152">59.11dp</dimen>
    <dimen name="x153">59.50dp</dimen>
    <dimen name="x154">59.89dp</dimen>
    <dimen name="x155">60.28dp</dimen>
    <dimen name="x156">60.67dp</dimen>
    <dimen name="x157">61.06dp</dimen>
    <dimen name="x158">61.44dp</dimen>
    <dimen name="x159">61.83dp</dimen>
    <dimen name="x160">62.22dp</dimen>
    <dimen name="x161">62.61dp</dimen>
    <dimen name="x162">63.00dp</dimen>
    <dimen name="x163">63.39dp</dimen>
    <dimen name="x164">63.78dp</dimen>
    <dimen name="x165">64.17dp</dimen>
    <dimen name="x166">64.56dp</dimen>
    <dimen name="x167">64.94dp</dimen>
    <dimen name="x168">65.33dp</dimen>
    <dimen name="x169">65.72dp</dimen>
    <dimen name="x170">66.11dp</dimen>
    <dimen name="x171">66.50dp</dimen>
    <dimen name="x172">66.89dp</dimen>
    <dimen name="x173">67.28dp</dimen>
    <dimen name="x174">67.67dp</dimen>
    <dimen name="x175">68.06dp</dimen>
    <dimen name="x176">68.44dp</dimen>
    <dimen name="x177">68.83dp</dimen>
    <dimen name="x178">69.22dp</dimen>
    <dimen name="x179">69.61dp</dimen>
    <dimen name="x180">70.00dp</dimen>
    <dimen name="x181">70.39dp</dimen>
    <dimen name="x182">70.78dp</dimen>
    <dimen name="x183">71.17dp</dimen>
    <dimen name="x184">71.56dp</dimen>
    <dimen name="x185">71.94dp</dimen>
    <dimen name="x186">72.33dp</dimen>
    <dimen name="x187">72.72dp</dimen>
    <dimen name="x188">73.11dp</dimen>
    <dimen name="x189">73.50dp</dimen>
    <dimen name="x190">73.89dp</dimen>
    <dimen name="x191">74.28dp</dimen>
    <dimen name="x192">74.67dp</dimen>
    <dimen name="x193">75.06dp</dimen>
    <dimen name="x194">75.44dp</dimen>
    <dimen name="x195">75.83dp</dimen>
    <dimen name="x196">76.22dp</dimen>
    <dimen name="x197">76.61dp</dimen>
    <dimen name="x198">77.00dp</dimen>
    <dimen name="x199">77.39dp</dimen>
    <dimen name="x200">77.78dp</dimen>
    <dimen name="x201">78.17dp</dimen>
    <dimen name="x202">78.56dp</dimen>
    <dimen name="x203">78.94dp</dimen>
    <dimen name="x204">79.33dp</dimen>
    <dimen name="x205">79.72dp</dimen>
    <dimen name="x206">80.11dp</dimen>
    <dimen name="x207">80.50dp</dimen>
    <dimen name="x208">80.89dp</dimen>
    <dimen name="x209">81.28dp</dimen>
    <dimen name="x210">81.67dp</dimen>
    <dimen name="x211">82.06dp</dimen>
    <dimen name="x212">82.44dp</dimen>
    <dimen name="x213">82.83dp</dimen>
    <dimen name="x214">83.22dp</dimen>
    <dimen name="x215">83.61dp</dimen>
    <dimen name="x216">84.00dp</dimen>
    <dimen name="x217">84.39dp</dimen>
    <dimen name="x218">84.78dp</dimen>
    <dimen name="x219">85.17dp</dimen>
    <dimen name="x220">85.56dp</dimen>
    <dimen name="x221">85.94dp</dimen>
    <dimen name="x222">86.33dp</dimen>
    <dimen name="x223">86.72dp</dimen>
    <dimen name="x224">87.11dp</dimen>
    <dimen name="x225">87.50dp</dimen>
    <dimen name="x226">87.89dp</dimen>
    <dimen name="x227">88.28dp</dimen>
    <dimen name="x228">88.67dp</dimen>
    <dimen name="x229">89.06dp</dimen>
    <dimen name="x230">89.44dp</dimen>
    <dimen name="x231">89.83dp</dimen>
    <dimen name="x232">90.22dp</dimen>
    <dimen name="x233">90.61dp</dimen>
    <dimen name="x234">91.00dp</dimen>
    <dimen name="x235">91.39dp</dimen>
    <dimen name="x236">91.78dp</dimen>
    <dimen name="x237">92.17dp</dimen>
    <dimen name="x238">92.56dp</dimen>
    <dimen name="x239">92.94dp</dimen>
    <dimen name="x240">93.33dp</dimen>
    <dimen name="x241">93.72dp</dimen>
    <dimen name="x242">94.11dp</dimen>
    <dimen name="x243">94.50dp</dimen>
    <dimen name="x244">94.89dp</dimen>
    <dimen name="x245">95.28dp</dimen>
    <dimen name="x246">95.67dp</dimen>
    <dimen name="x247">96.06dp</dimen>
    <dimen name="x248">96.44dp</dimen>
    <dimen name="x249">96.83dp</dimen>
    <dimen name="x250">97.22dp</dimen>
    <dimen name="x251">97.61dp</dimen>
    <dimen name="x252">98.00dp</dimen>
    <dimen name="x253">98.39dp</dimen>
    <dimen name="x254">98.78dp</dimen>
    <dimen name="x255">99.17dp</dimen>
    <dimen name="x256">99.56dp</dimen>
    <dimen name="x257">99.94dp</dimen>
    <dimen name="x258">100.33dp</dimen>
    <dimen name="x259">100.72dp</dimen>
    <dimen name="x260">101.11dp</dimen>
    <dimen name="x261">101.50dp</dimen>
    <dimen name="x262">101.89dp</dimen>
    <dimen name="x263">102.28dp</dimen>
    <dimen name="x264">102.67dp</dimen>
    <dimen name="x265">103.06dp</dimen>
    <dimen name="x266">103.44dp</dimen>
    <dimen name="x267">103.83dp</dimen>
    <dimen name="x268">104.22dp</dimen>
    <dimen name="x269">104.61dp</dimen>
    <dimen name="x270">105.00dp</dimen>
    <dimen name="x271">105.39dp</dimen>
    <dimen name="x272">105.78dp</dimen>
    <dimen name="x273">106.17dp</dimen>
    <dimen name="x274">106.56dp</dimen>
    <dimen name="x275">106.94dp</dimen>
    <dimen name="x276">107.33dp</dimen>
    <dimen name="x277">107.72dp</dimen>
    <dimen name="x278">108.11dp</dimen>
    <dimen name="x279">108.50dp</dimen>
    <dimen name="x280">108.89dp</dimen>
    <dimen name="x281">109.28dp</dimen>
    <dimen name="x282">109.67dp</dimen>
    <dimen name="x283">110.06dp</dimen>
    <dimen name="x284">110.44dp</dimen>
    <dimen name="x285">110.83dp</dimen>
    <dimen name="x286">111.22dp</dimen>
    <dimen name="x287">111.61dp</dimen>
    <dimen name="x288">112.00dp</dimen>
    <dimen name="x289">112.39dp</dimen>
    <dimen name="x290">112.78dp</dimen>
    <dimen name="x291">113.17dp</dimen>
    <dimen name="x292">113.56dp</dimen>
    <dimen name="x293">113.94dp</dimen>
    <dimen name="x294">114.33dp</dimen>
    <dimen name="x295">114.72dp</dimen>
    <dimen name="x296">115.11dp</dimen>
    <dimen name="x297">115.50dp</dimen>
    <dimen name="x298">115.89dp</dimen>
    <dimen name="x299">116.28dp</dimen>
    <dimen name="x300">116.67dp</dimen>
    <dimen name="x301">117.06dp</dimen>
    <dimen name="x302">117.44dp</dimen>
    <dimen name="x303">117.83dp</dimen>
    <dimen name="x304">118.22dp</dimen>
    <dimen name="x305">118.61dp</dimen>
    <dimen name="x306">119.00dp</dimen>
    <dimen name="x307">119.39dp</dimen>
    <dimen name="x308">119.78dp</dimen>
    <dimen name="x309">120.17dp</dimen>
    <dimen name="x310">120.56dp</dimen>
    <dimen name="x311">120.94dp</dimen>
    <dimen name="x312">121.33dp</dimen>
    <dimen name="x313">121.72dp</dimen>
    <dimen name="x314">122.11dp</dimen>
    <dimen name="x315">122.50dp</dimen>
    <dimen name="x316">122.89dp</dimen>
    <dimen name="x317">123.28dp</dimen>
    <dimen name="x318">123.67dp</dimen>
    <dimen name="x319">124.06dp</dimen>
    <dimen name="x320">124.44dp</dimen>
    <dimen name="x321">124.83dp</dimen>
    <dimen name="x322">125.22dp</dimen>
    <dimen name="x323">125.61dp</dimen>
    <dimen name="x324">126.00dp</dimen>
    <dimen name="x325">126.39dp</dimen>
    <dimen name="x326">126.78dp</dimen>
    <dimen name="x327">127.17dp</dimen>
    <dimen name="x328">127.56dp</dimen>
    <dimen name="x329">127.94dp</dimen>
    <dimen name="x330">128.33dp</dimen>
    <dimen name="x331">128.72dp</dimen>
    <dimen name="x332">129.11dp</dimen>
    <dimen name="x333">129.50dp</dimen>
    <dimen name="x334">129.89dp</dimen>
    <dimen name="x335">130.28dp</dimen>
    <dimen name="x336">130.67dp</dimen>
    <dimen name="x337">131.06dp</dimen>
    <dimen name="x338">131.44dp</dimen>
    <dimen name="x339">131.83dp</dimen>
    <dimen name="x340">132.22dp</dimen>
    <dimen name="x341">132.61dp</dimen>
    <dimen name="x342">133.00dp</dimen>
    <dimen name="x343">133.39dp</dimen>
    <dimen name="x344">133.78dp</dimen>
    <dimen name="x345">134.17dp</dimen>
    <dimen name="x346">134.56dp</dimen>
    <dimen name="x347">134.94dp</dimen>
    <dimen name="x348">135.33dp</dimen>
    <dimen name="x349">135.72dp</dimen>
    <dimen name="x350">136.11dp</dimen>
    <dimen name="x351">136.50dp</dimen>
    <dimen name="x352">136.89dp</dimen>
    <dimen name="x353">137.28dp</dimen>
    <dimen name="x354">137.67dp</dimen>
    <dimen name="x355">138.06dp</dimen>
    <dimen name="x356">138.44dp</dimen>
    <dimen name="x357">138.83dp</dimen>
    <dimen name="x358">139.22dp</dimen>
    <dimen name="x359">139.61dp</dimen>
    <dimen name="x360">140.00dp</dimen>
    <dimen name="x361">140.39dp</dimen>
    <dimen name="x362">140.78dp</dimen>
    <dimen name="x363">141.17dp</dimen>
    <dimen name="x364">141.56dp</dimen>
    <dimen name="x365">141.94dp</dimen>
    <dimen name="x366">142.33dp</dimen>
    <dimen name="x367">142.72dp</dimen>
    <dimen name="x368">143.11dp</dimen>
    <dimen name="x369">143.50dp</dimen>
    <dimen name="x370">143.89dp</dimen>
    <dimen name="x371">144.28dp</dimen>
    <dimen name="x372">144.67dp</dimen>
    <dimen name="x373">145.06dp</dimen>
    <dimen name="x374">145.44dp</dimen>
    <dimen name="x375">145.83dp</dimen>
    <dimen name="x376">146.22dp</dimen>
    <dimen name="x377">146.61dp</dimen>
    <dimen name="x378">147.00dp</dimen>
    <dimen name="x379">147.39dp</dimen>
    <dimen name="x380">147.78dp</dimen>
    <dimen name="x381">148.17dp</dimen>
    <dimen name="x382">148.56dp</dimen>
    <dimen name="x383">148.94dp</dimen>
    <dimen name="x384">149.33dp</dimen>
    <dimen name="x385">149.72dp</dimen>
    <dimen name="x386">150.11dp</dimen>
    <dimen name="x387">150.50dp</dimen>
    <dimen name="x388">150.89dp</dimen>
    <dimen name="x389">151.28dp</dimen>
    <dimen name="x390">151.67dp</dimen>
    <dimen name="x391">152.06dp</dimen>
    <dimen name="x392">152.44dp</dimen>
    <dimen name="x393">152.83dp</dimen>
    <dimen name="x394">153.22dp</dimen>
    <dimen name="x395">153.61dp</dimen>
    <dimen name="x396">154.00dp</dimen>
    <dimen name="x397">154.39dp</dimen>
    <dimen name="x398">154.78dp</dimen>
    <dimen name="x399">155.17dp</dimen>
    <dimen name="x400">155.56dp</dimen>
    <dimen name="x401">155.94dp</dimen>
    <dimen name="x402">156.33dp</dimen>
    <dimen name="x403">156.72dp</dimen>
    <dimen name="x404">157.11dp</dimen>
    <dimen name="x405">157.50dp</dimen>
    <dimen name="x406">157.89dp</dimen>
    <dimen name="x407">158.28dp</dimen>
    <dimen name="x408">158.67dp</dimen>
    <dimen name="x409">159.06dp</dimen>
    <dimen name="x410">159.44dp</dimen>
    <dimen name="x411">159.83dp</dimen>
    <dimen name="x412">160.22dp</dimen>
    <dimen name="x413">160.61dp</dimen>
    <dimen name="x414">161.00dp</dimen>
    <dimen name="x415">161.39dp</dimen>
    <dimen name="x416">161.78dp</dimen>
    <dimen name="x417">162.17dp</dimen>
    <dimen name="x418">162.56dp</dimen>
    <dimen name="x419">162.94dp</dimen>
    <dimen name="x420">163.33dp</dimen>
    <dimen name="x421">163.72dp</dimen>
    <dimen name="x422">164.11dp</dimen>
    <dimen name="x423">164.50dp</dimen>
    <dimen name="x424">164.89dp</dimen>
    <dimen name="x425">165.28dp</dimen>
    <dimen name="x426">165.67dp</dimen>
    <dimen name="x427">166.06dp</dimen>
    <dimen name="x428">166.44dp</dimen>
    <dimen name="x429">166.83dp</dimen>
    <dimen name="x430">167.22dp</dimen>
    <dimen name="x431">167.61dp</dimen>
    <dimen name="x432">168.00dp</dimen>
    <dimen name="x433">168.39dp</dimen>
    <dimen name="x434">168.78dp</dimen>
    <dimen name="x435">169.17dp</dimen>
    <dimen name="x436">169.56dp</dimen>
    <dimen name="x437">169.94dp</dimen>
    <dimen name="x438">170.33dp</dimen>
    <dimen name="x439">170.72dp</dimen>
    <dimen name="x440">171.11dp</dimen>
    <dimen name="x441">171.50dp</dimen>
    <dimen name="x442">171.89dp</dimen>
    <dimen name="x443">172.28dp</dimen>
    <dimen name="x444">172.67dp</dimen>
    <dimen name="x445">173.06dp</dimen>
    <dimen name="x446">173.44dp</dimen>
    <dimen name="x447">173.83dp</dimen>
    <dimen name="x448">174.22dp</dimen>
    <dimen name="x449">174.61dp</dimen>
    <dimen name="x450">175.00dp</dimen>
    <dimen name="x451">175.39dp</dimen>
    <dimen name="x452">175.78dp</dimen>
    <dimen name="x453">176.17dp</dimen>
    <dimen name="x454">176.56dp</dimen>
    <dimen name="x455">176.94dp</dimen>
    <dimen name="x456">177.33dp</dimen>
    <dimen name="x457">177.72dp</dimen>
    <dimen name="x458">178.11dp</dimen>
    <dimen name="x459">178.50dp</dimen>
    <dimen name="x460">178.89dp</dimen>
    <dimen name="x461">179.28dp</dimen>
    <dimen name="x462">179.67dp</dimen>
    <dimen name="x463">180.06dp</dimen>
    <dimen name="x464">180.44dp</dimen>
    <dimen name="x465">180.83dp</dimen>
    <dimen name="x466">181.22dp</dimen>
    <dimen name="x467">181.61dp</dimen>
    <dimen name="x468">182.00dp</dimen>
    <dimen name="x469">182.39dp</dimen>
    <dimen name="x470">182.78dp</dimen>
    <dimen name="x471">183.17dp</dimen>
    <dimen name="x472">183.56dp</dimen>
    <dimen name="x473">183.94dp</dimen>
    <dimen name="x474">184.33dp</dimen>
    <dimen name="x475">184.72dp</dimen>
    <dimen name="x476">185.11dp</dimen>
    <dimen name="x477">185.50dp</dimen>
    <dimen name="x478">185.89dp</dimen>
    <dimen name="x479">186.28dp</dimen>
    <dimen name="x480">186.67dp</dimen>
    <dimen name="x481">187.06dp</dimen>
    <dimen name="x482">187.44dp</dimen>
    <dimen name="x483">187.83dp</dimen>
    <dimen name="x484">188.22dp</dimen>
    <dimen name="x485">188.61dp</dimen>
    <dimen name="x486">189.00dp</dimen>
    <dimen name="x487">189.39dp</dimen>
    <dimen name="x488">189.78dp</dimen>
    <dimen name="x489">190.17dp</dimen>
    <dimen name="x490">190.56dp</dimen>
    <dimen name="x491">190.94dp</dimen>
    <dimen name="x492">191.33dp</dimen>
    <dimen name="x493">191.72dp</dimen>
    <dimen name="x494">192.11dp</dimen>
    <dimen name="x495">192.50dp</dimen>
    <dimen name="x496">192.89dp</dimen>
    <dimen name="x497">193.28dp</dimen>
    <dimen name="x498">193.67dp</dimen>
    <dimen name="x499">194.06dp</dimen>
    <dimen name="x500">194.44dp</dimen>
    <dimen name="x501">194.83dp</dimen>
    <dimen name="x502">195.22dp</dimen>
    <dimen name="x503">195.61dp</dimen>
    <dimen name="x504">196.00dp</dimen>
    <dimen name="x505">196.39dp</dimen>
    <dimen name="x506">196.78dp</dimen>
    <dimen name="x507">197.17dp</dimen>
    <dimen name="x508">197.56dp</dimen>
    <dimen name="x509">197.94dp</dimen>
    <dimen name="x510">198.33dp</dimen>
    <dimen name="x511">198.72dp</dimen>
    <dimen name="x512">199.11dp</dimen>
    <dimen name="x513">199.50dp</dimen>
    <dimen name="x514">199.89dp</dimen>
    <dimen name="x515">200.28dp</dimen>
    <dimen name="x516">200.67dp</dimen>
    <dimen name="x517">201.06dp</dimen>
    <dimen name="x518">201.44dp</dimen>
    <dimen name="x519">201.83dp</dimen>
    <dimen name="x520">202.22dp</dimen>
    <dimen name="x521">202.61dp</dimen>
    <dimen name="x522">203.00dp</dimen>
    <dimen name="x523">203.39dp</dimen>
    <dimen name="x524">203.78dp</dimen>
    <dimen name="x525">204.17dp</dimen>
    <dimen name="x526">204.56dp</dimen>
    <dimen name="x527">204.94dp</dimen>
    <dimen name="x528">205.33dp</dimen>
    <dimen name="x529">205.72dp</dimen>
    <dimen name="x530">206.11dp</dimen>
    <dimen name="x531">206.50dp</dimen>
    <dimen name="x532">206.89dp</dimen>
    <dimen name="x533">207.28dp</dimen>
    <dimen name="x534">207.67dp</dimen>
    <dimen name="x535">208.06dp</dimen>
    <dimen name="x536">208.44dp</dimen>
    <dimen name="x537">208.83dp</dimen>
    <dimen name="x538">209.22dp</dimen>
    <dimen name="x539">209.61dp</dimen>
    <dimen name="x540">210.00dp</dimen>
    <dimen name="x541">210.39dp</dimen>
    <dimen name="x542">210.78dp</dimen>
    <dimen name="x543">211.17dp</dimen>
    <dimen name="x544">211.56dp</dimen>
    <dimen name="x545">211.94dp</dimen>
    <dimen name="x546">212.33dp</dimen>
    <dimen name="x547">212.72dp</dimen>
    <dimen name="x548">213.11dp</dimen>
    <dimen name="x549">213.50dp</dimen>
    <dimen name="x550">213.89dp</dimen>
    <dimen name="x551">214.28dp</dimen>
    <dimen name="x552">214.67dp</dimen>
    <dimen name="x553">215.06dp</dimen>
    <dimen name="x554">215.44dp</dimen>
    <dimen name="x555">215.83dp</dimen>
    <dimen name="x556">216.22dp</dimen>
    <dimen name="x557">216.61dp</dimen>
    <dimen name="x558">217.00dp</dimen>
    <dimen name="x559">217.39dp</dimen>
    <dimen name="x560">217.78dp</dimen>
    <dimen name="x561">218.17dp</dimen>
    <dimen name="x562">218.56dp</dimen>
    <dimen name="x563">218.94dp</dimen>
    <dimen name="x564">219.33dp</dimen>
    <dimen name="x565">219.72dp</dimen>
    <dimen name="x566">220.11dp</dimen>
    <dimen name="x567">220.50dp</dimen>
    <dimen name="x568">220.89dp</dimen>
    <dimen name="x569">221.28dp</dimen>
    <dimen name="x570">221.67dp</dimen>
    <dimen name="x571">222.06dp</dimen>
    <dimen name="x572">222.44dp</dimen>
    <dimen name="x573">222.83dp</dimen>
    <dimen name="x574">223.22dp</dimen>
    <dimen name="x575">223.61dp</dimen>
    <dimen name="x576">224.00dp</dimen>
    <dimen name="x577">224.39dp</dimen>
    <dimen name="x578">224.78dp</dimen>
    <dimen name="x579">225.17dp</dimen>
    <dimen name="x580">225.56dp</dimen>
    <dimen name="x581">225.94dp</dimen>
    <dimen name="x582">226.33dp</dimen>
    <dimen name="x583">226.72dp</dimen>
    <dimen name="x584">227.11dp</dimen>
    <dimen name="x585">227.50dp</dimen>
    <dimen name="x586">227.89dp</dimen>
    <dimen name="x587">228.28dp</dimen>
    <dimen name="x588">228.67dp</dimen>
    <dimen name="x589">229.06dp</dimen>
    <dimen name="x590">229.44dp</dimen>
    <dimen name="x591">229.83dp</dimen>
    <dimen name="x592">230.22dp</dimen>
    <dimen name="x593">230.61dp</dimen>
    <dimen name="x594">231.00dp</dimen>
    <dimen name="x595">231.39dp</dimen>
    <dimen name="x596">231.78dp</dimen>
    <dimen name="x597">232.17dp</dimen>
    <dimen name="x598">232.56dp</dimen>
    <dimen name="x599">232.94dp</dimen>
    <dimen name="x600">233.33dp</dimen>
    <dimen name="x601">233.72dp</dimen>
    <dimen name="x602">234.11dp</dimen>
    <dimen name="x603">234.50dp</dimen>
    <dimen name="x604">234.89dp</dimen>
    <dimen name="x605">235.28dp</dimen>
    <dimen name="x606">235.67dp</dimen>
    <dimen name="x607">236.06dp</dimen>
    <dimen name="x608">236.44dp</dimen>
    <dimen name="x609">236.83dp</dimen>
    <dimen name="x610">237.22dp</dimen>
    <dimen name="x611">237.61dp</dimen>
    <dimen name="x612">238.00dp</dimen>
    <dimen name="x613">238.39dp</dimen>
    <dimen name="x614">238.78dp</dimen>
    <dimen name="x615">239.17dp</dimen>
    <dimen name="x616">239.56dp</dimen>
    <dimen name="x617">239.94dp</dimen>
    <dimen name="x618">240.33dp</dimen>
    <dimen name="x619">240.72dp</dimen>
    <dimen name="x620">241.11dp</dimen>
    <dimen name="x621">241.50dp</dimen>
    <dimen name="x622">241.89dp</dimen>
    <dimen name="x623">242.28dp</dimen>
    <dimen name="x624">242.67dp</dimen>
    <dimen name="x625">243.06dp</dimen>
    <dimen name="x626">243.44dp</dimen>
    <dimen name="x627">243.83dp</dimen>
    <dimen name="x628">244.22dp</dimen>
    <dimen name="x629">244.61dp</dimen>
    <dimen name="x630">245.00dp</dimen>
    <dimen name="x631">245.39dp</dimen>
    <dimen name="x632">245.78dp</dimen>
    <dimen name="x633">246.17dp</dimen>
    <dimen name="x634">246.56dp</dimen>
    <dimen name="x635">246.94dp</dimen>
    <dimen name="x636">247.33dp</dimen>
    <dimen name="x637">247.72dp</dimen>
    <dimen name="x638">248.11dp</dimen>
    <dimen name="x639">248.50dp</dimen>
    <dimen name="x640">248.89dp</dimen>
    <dimen name="x641">249.28dp</dimen>
    <dimen name="x642">249.67dp</dimen>
    <dimen name="x643">250.06dp</dimen>
    <dimen name="x644">250.44dp</dimen>
    <dimen name="x645">250.83dp</dimen>
    <dimen name="x646">251.22dp</dimen>
    <dimen name="x647">251.61dp</dimen>
    <dimen name="x648">252.00dp</dimen>
    <dimen name="x649">252.39dp</dimen>
    <dimen name="x650">252.78dp</dimen>
    <dimen name="x651">253.17dp</dimen>
    <dimen name="x652">253.56dp</dimen>
    <dimen name="x653">253.94dp</dimen>
    <dimen name="x654">254.33dp</dimen>
    <dimen name="x655">254.72dp</dimen>
    <dimen name="x656">255.11dp</dimen>
    <dimen name="x657">255.50dp</dimen>
    <dimen name="x658">255.89dp</dimen>
    <dimen name="x659">256.28dp</dimen>
    <dimen name="x660">256.67dp</dimen>
    <dimen name="x661">257.06dp</dimen>
    <dimen name="x662">257.44dp</dimen>
    <dimen name="x663">257.83dp</dimen>
    <dimen name="x664">258.22dp</dimen>
    <dimen name="x665">258.61dp</dimen>
    <dimen name="x666">259.00dp</dimen>
    <dimen name="x667">259.39dp</dimen>
    <dimen name="x668">259.78dp</dimen>
    <dimen name="x669">260.17dp</dimen>
    <dimen name="x670">260.56dp</dimen>
    <dimen name="x671">260.94dp</dimen>
    <dimen name="x672">261.33dp</dimen>
    <dimen name="x673">261.72dp</dimen>
    <dimen name="x674">262.11dp</dimen>
    <dimen name="x675">262.50dp</dimen>
    <dimen name="x676">262.89dp</dimen>
    <dimen name="x677">263.28dp</dimen>
    <dimen name="x678">263.67dp</dimen>
    <dimen name="x679">264.06dp</dimen>
    <dimen name="x680">264.44dp</dimen>
    <dimen name="x681">264.83dp</dimen>
    <dimen name="x682">265.22dp</dimen>
    <dimen name="x683">265.61dp</dimen>
    <dimen name="x684">266.00dp</dimen>
    <dimen name="x685">266.39dp</dimen>
    <dimen name="x686">266.78dp</dimen>
    <dimen name="x687">267.17dp</dimen>
    <dimen name="x688">267.56dp</dimen>
    <dimen name="x689">267.94dp</dimen>
    <dimen name="x690">268.33dp</dimen>
    <dimen name="x691">268.72dp</dimen>
    <dimen name="x692">269.11dp</dimen>
    <dimen name="x693">269.50dp</dimen>
    <dimen name="x694">269.89dp</dimen>
    <dimen name="x695">270.28dp</dimen>
    <dimen name="x696">270.67dp</dimen>
    <dimen name="x697">271.06dp</dimen>
    <dimen name="x698">271.44dp</dimen>
    <dimen name="x699">271.83dp</dimen>
    <dimen name="x700">272.22dp</dimen>
    <dimen name="x701">272.61dp</dimen>
    <dimen name="x702">273.00dp</dimen>
    <dimen name="x703">273.39dp</dimen>
    <dimen name="x704">273.78dp</dimen>
    <dimen name="x705">274.17dp</dimen>
    <dimen name="x706">274.56dp</dimen>
    <dimen name="x707">274.94dp</dimen>
    <dimen name="x708">275.33dp</dimen>
    <dimen name="x709">275.72dp</dimen>
    <dimen name="x710">276.11dp</dimen>
    <dimen name="x711">276.50dp</dimen>
    <dimen name="x712">276.89dp</dimen>
    <dimen name="x713">277.28dp</dimen>
    <dimen name="x714">277.67dp</dimen>
    <dimen name="x715">278.06dp</dimen>
    <dimen name="x716">278.44dp</dimen>
    <dimen name="x717">278.83dp</dimen>
    <dimen name="x718">279.22dp</dimen>
    <dimen name="x719">279.61dp</dimen>
    <dimen name="x720">280.00dp</dimen>
    <dimen name="x721">280.39dp</dimen>
    <dimen name="x722">280.78dp</dimen>
    <dimen name="x723">281.17dp</dimen>
    <dimen name="x724">281.56dp</dimen>
    <dimen name="x725">281.94dp</dimen>
    <dimen name="x726">282.33dp</dimen>
    <dimen name="x727">282.72dp</dimen>
    <dimen name="x728">283.11dp</dimen>
    <dimen name="x729">283.50dp</dimen>
    <dimen name="x730">283.89dp</dimen>
    <dimen name="x731">284.28dp</dimen>
    <dimen name="x732">284.67dp</dimen>
    <dimen name="x733">285.06dp</dimen>
    <dimen name="x734">285.44dp</dimen>
    <dimen name="x735">285.83dp</dimen>
    <dimen name="x736">286.22dp</dimen>
    <dimen name="x737">286.61dp</dimen>
    <dimen name="x738">287.00dp</dimen>
    <dimen name="x739">287.39dp</dimen>
    <dimen name="x740">287.78dp</dimen>
    <dimen name="x741">288.17dp</dimen>
    <dimen name="x742">288.56dp</dimen>
    <dimen name="x743">288.94dp</dimen>
    <dimen name="x744">289.33dp</dimen>
    <dimen name="x745">289.72dp</dimen>
    <dimen name="x746">290.11dp</dimen>
    <dimen name="x747">290.50dp</dimen>
    <dimen name="x748">290.89dp</dimen>
    <dimen name="x749">291.28dp</dimen>
    <dimen name="x750">291.67dp</dimen>
    <dimen name="x751">292.06dp</dimen>
    <dimen name="x752">292.44dp</dimen>
    <dimen name="x753">292.83dp</dimen>
    <dimen name="x754">293.22dp</dimen>
    <dimen name="x755">293.61dp</dimen>
    <dimen name="x756">294.00dp</dimen>
    <dimen name="x757">294.39dp</dimen>
    <dimen name="x758">294.78dp</dimen>
    <dimen name="x759">295.17dp</dimen>
    <dimen name="x760">295.56dp</dimen>
    <dimen name="x761">295.94dp</dimen>
    <dimen name="x762">296.33dp</dimen>
    <dimen name="x763">296.72dp</dimen>
    <dimen name="x764">297.11dp</dimen>
    <dimen name="x765">297.50dp</dimen>
    <dimen name="x766">297.89dp</dimen>
    <dimen name="x767">298.28dp</dimen>
    <dimen name="x768">298.67dp</dimen>
    <dimen name="x769">299.06dp</dimen>
    <dimen name="x770">299.44dp</dimen>
    <dimen name="x771">299.83dp</dimen>
    <dimen name="x772">300.22dp</dimen>
    <dimen name="x773">300.61dp</dimen>
    <dimen name="x774">301.00dp</dimen>
    <dimen name="x775">301.39dp</dimen>
    <dimen name="x776">301.78dp</dimen>
    <dimen name="x777">302.17dp</dimen>
    <dimen name="x778">302.56dp</dimen>
    <dimen name="x779">302.94dp</dimen>
    <dimen name="x780">303.33dp</dimen>
    <dimen name="x781">303.72dp</dimen>
    <dimen name="x782">304.11dp</dimen>
    <dimen name="x783">304.50dp</dimen>
    <dimen name="x784">304.89dp</dimen>
    <dimen name="x785">305.28dp</dimen>
    <dimen name="x786">305.67dp</dimen>
    <dimen name="x787">306.06dp</dimen>
    <dimen name="x788">306.44dp</dimen>
    <dimen name="x789">306.83dp</dimen>
    <dimen name="x790">307.22dp</dimen>
    <dimen name="x791">307.61dp</dimen>
    <dimen name="x792">308.00dp</dimen>
    <dimen name="x793">308.39dp</dimen>
    <dimen name="x794">308.78dp</dimen>
    <dimen name="x795">309.17dp</dimen>
    <dimen name="x796">309.56dp</dimen>
    <dimen name="x797">309.94dp</dimen>
    <dimen name="x798">310.33dp</dimen>
    <dimen name="x799">310.72dp</dimen>
    <dimen name="x800">311.11dp</dimen>
    <dimen name="x801">311.50dp</dimen>
    <dimen name="x802">311.89dp</dimen>
    <dimen name="x803">312.28dp</dimen>
    <dimen name="x804">312.67dp</dimen>
    <dimen name="x805">313.06dp</dimen>
    <dimen name="x806">313.44dp</dimen>
    <dimen name="x807">313.83dp</dimen>
    <dimen name="x808">314.22dp</dimen>
    <dimen name="x809">314.61dp</dimen>
    <dimen name="x810">315.00dp</dimen>
    <dimen name="x811">315.39dp</dimen>
    <dimen name="x812">315.78dp</dimen>
    <dimen name="x813">316.17dp</dimen>
    <dimen name="x814">316.56dp</dimen>
    <dimen name="x815">316.94dp</dimen>
    <dimen name="x816">317.33dp</dimen>
    <dimen name="x817">317.72dp</dimen>
    <dimen name="x818">318.11dp</dimen>
    <dimen name="x819">318.50dp</dimen>
    <dimen name="x820">318.89dp</dimen>
    <dimen name="x821">319.28dp</dimen>
    <dimen name="x822">319.67dp</dimen>
    <dimen name="x823">320.06dp</dimen>
    <dimen name="x824">320.44dp</dimen>
    <dimen name="x825">320.83dp</dimen>
    <dimen name="x826">321.22dp</dimen>
    <dimen name="x827">321.61dp</dimen>
    <dimen name="x828">322.00dp</dimen>
    <dimen name="x829">322.39dp</dimen>
    <dimen name="x830">322.78dp</dimen>
    <dimen name="x831">323.17dp</dimen>
    <dimen name="x832">323.56dp</dimen>
    <dimen name="x833">323.94dp</dimen>
    <dimen name="x834">324.33dp</dimen>
    <dimen name="x835">324.72dp</dimen>
    <dimen name="x836">325.11dp</dimen>
    <dimen name="x837">325.50dp</dimen>
    <dimen name="x838">325.89dp</dimen>
    <dimen name="x839">326.28dp</dimen>
    <dimen name="x840">326.67dp</dimen>
    <dimen name="x841">327.06dp</dimen>
    <dimen name="x842">327.44dp</dimen>
    <dimen name="x843">327.83dp</dimen>
    <dimen name="x844">328.22dp</dimen>
    <dimen name="x845">328.61dp</dimen>
    <dimen name="x846">329.00dp</dimen>
    <dimen name="x847">329.39dp</dimen>
    <dimen name="x848">329.78dp</dimen>
    <dimen name="x849">330.17dp</dimen>
    <dimen name="x850">330.56dp</dimen>
    <dimen name="x851">330.94dp</dimen>
    <dimen name="x852">331.33dp</dimen>
    <dimen name="x853">331.72dp</dimen>
    <dimen name="x854">332.11dp</dimen>
    <dimen name="x855">332.50dp</dimen>
    <dimen name="x856">332.89dp</dimen>
    <dimen name="x857">333.28dp</dimen>
    <dimen name="x858">333.67dp</dimen>
    <dimen name="x859">334.06dp</dimen>
    <dimen name="x860">334.44dp</dimen>
    <dimen name="x861">334.83dp</dimen>
    <dimen name="x862">335.22dp</dimen>
    <dimen name="x863">335.61dp</dimen>
    <dimen name="x864">336.00dp</dimen>
    <dimen name="x865">336.39dp</dimen>
    <dimen name="x866">336.78dp</dimen>
    <dimen name="x867">337.17dp</dimen>
    <dimen name="x868">337.56dp</dimen>
    <dimen name="x869">337.94dp</dimen>
    <dimen name="x870">338.33dp</dimen>
    <dimen name="x871">338.72dp</dimen>
    <dimen name="x872">339.11dp</dimen>
    <dimen name="x873">339.50dp</dimen>
    <dimen name="x874">339.89dp</dimen>
    <dimen name="x875">340.28dp</dimen>
    <dimen name="x876">340.67dp</dimen>
    <dimen name="x877">341.06dp</dimen>
    <dimen name="x878">341.44dp</dimen>
    <dimen name="x879">341.83dp</dimen>
    <dimen name="x880">342.22dp</dimen>
    <dimen name="x881">342.61dp</dimen>
    <dimen name="x882">343.00dp</dimen>
    <dimen name="x883">343.39dp</dimen>
    <dimen name="x884">343.78dp</dimen>
    <dimen name="x885">344.17dp</dimen>
    <dimen name="x886">344.56dp</dimen>
    <dimen name="x887">344.94dp</dimen>
    <dimen name="x888">345.33dp</dimen>
    <dimen name="x889">345.72dp</dimen>
    <dimen name="x890">346.11dp</dimen>
    <dimen name="x891">346.50dp</dimen>
    <dimen name="x892">346.89dp</dimen>
    <dimen name="x893">347.28dp</dimen>
    <dimen name="x894">347.67dp</dimen>
    <dimen name="x895">348.06dp</dimen>
    <dimen name="x896">348.44dp</dimen>
    <dimen name="x897">348.83dp</dimen>
    <dimen name="x898">349.22dp</dimen>
    <dimen name="x899">349.61dp</dimen>
    <dimen name="x900">350.00dp</dimen>
    <dimen name="x901">350.39dp</dimen>
    <dimen name="x902">350.78dp</dimen>
    <dimen name="x903">351.17dp</dimen>
    <dimen name="x904">351.56dp</dimen>
    <dimen name="x905">351.94dp</dimen>
    <dimen name="x906">352.33dp</dimen>
    <dimen name="x907">352.72dp</dimen>
    <dimen name="x908">353.11dp</dimen>
    <dimen name="x909">353.50dp</dimen>
    <dimen name="x910">353.89dp</dimen>
    <dimen name="x911">354.28dp</dimen>
    <dimen name="x912">354.67dp</dimen>
    <dimen name="x913">355.06dp</dimen>
    <dimen name="x914">355.44dp</dimen>
    <dimen name="x915">355.83dp</dimen>
    <dimen name="x916">356.22dp</dimen>
    <dimen name="x917">356.61dp</dimen>
    <dimen name="x918">357.00dp</dimen>
    <dimen name="x919">357.39dp</dimen>
    <dimen name="x920">357.78dp</dimen>
    <dimen name="x921">358.17dp</dimen>
    <dimen name="x922">358.56dp</dimen>
    <dimen name="x923">358.94dp</dimen>
    <dimen name="x924">359.33dp</dimen>
    <dimen name="x925">359.72dp</dimen>
    <dimen name="x926">360.11dp</dimen>
    <dimen name="x927">360.50dp</dimen>
    <dimen name="x928">360.89dp</dimen>
    <dimen name="x929">361.28dp</dimen>
    <dimen name="x930">361.67dp</dimen>
    <dimen name="x931">362.06dp</dimen>
    <dimen name="x932">362.44dp</dimen>
    <dimen name="x933">362.83dp</dimen>
    <dimen name="x934">363.22dp</dimen>
    <dimen name="x935">363.61dp</dimen>
    <dimen name="x936">364.00dp</dimen>
    <dimen name="x937">364.39dp</dimen>
    <dimen name="x938">364.78dp</dimen>
    <dimen name="x939">365.17dp</dimen>
    <dimen name="x940">365.56dp</dimen>
    <dimen name="x941">365.94dp</dimen>
    <dimen name="x942">366.33dp</dimen>
    <dimen name="x943">366.72dp</dimen>
    <dimen name="x944">367.11dp</dimen>
    <dimen name="x945">367.50dp</dimen>
    <dimen name="x946">367.89dp</dimen>
    <dimen name="x947">368.28dp</dimen>
    <dimen name="x948">368.67dp</dimen>
    <dimen name="x949">369.06dp</dimen>
    <dimen name="x950">369.44dp</dimen>
    <dimen name="x951">369.83dp</dimen>
    <dimen name="x952">370.22dp</dimen>
    <dimen name="x953">370.61dp</dimen>
    <dimen name="x954">371.00dp</dimen>
    <dimen name="x955">371.39dp</dimen>
    <dimen name="x956">371.78dp</dimen>
    <dimen name="x957">372.17dp</dimen>
    <dimen name="x958">372.56dp</dimen>
    <dimen name="x959">372.94dp</dimen>
    <dimen name="x960">373.33dp</dimen>
    <dimen name="x961">373.72dp</dimen>
    <dimen name="x962">374.11dp</dimen>
    <dimen name="x963">374.50dp</dimen>
    <dimen name="x964">374.89dp</dimen>
    <dimen name="x965">375.28dp</dimen>
    <dimen name="x966">375.67dp</dimen>
    <dimen name="x967">376.06dp</dimen>
    <dimen name="x968">376.44dp</dimen>
    <dimen name="x969">376.83dp</dimen>
    <dimen name="x970">377.22dp</dimen>
    <dimen name="x971">377.61dp</dimen>
    <dimen name="x972">378.00dp</dimen>
    <dimen name="x973">378.39dp</dimen>
    <dimen name="x974">378.78dp</dimen>
    <dimen name="x975">379.17dp</dimen>
    <dimen name="x976">379.56dp</dimen>
    <dimen name="x977">379.94dp</dimen>
    <dimen name="x978">380.33dp</dimen>
    <dimen name="x979">380.72dp</dimen>
    <dimen name="x980">381.11dp</dimen>
    <dimen name="x981">381.50dp</dimen>
    <dimen name="x982">381.89dp</dimen>
    <dimen name="x983">382.28dp</dimen>
    <dimen name="x984">382.67dp</dimen>
    <dimen name="x985">383.06dp</dimen>
    <dimen name="x986">383.44dp</dimen>
    <dimen name="x987">383.83dp</dimen>
    <dimen name="x988">384.22dp</dimen>
    <dimen name="x989">384.61dp</dimen>
    <dimen name="x990">385.00dp</dimen>
    <dimen name="x991">385.39dp</dimen>
    <dimen name="x992">385.78dp</dimen>
    <dimen name="x993">386.17dp</dimen>
    <dimen name="x994">386.56dp</dimen>
    <dimen name="x995">386.94dp</dimen>
    <dimen name="x996">387.33dp</dimen>
    <dimen name="x997">387.72dp</dimen>
    <dimen name="x998">388.11dp</dimen>
    <dimen name="x999">388.50dp</dimen>
    <dimen name="x1000">388.89dp</dimen>
    <dimen name="x1001">389.28dp</dimen>
    <dimen name="x1002">389.67dp</dimen>
    <dimen name="x1003">390.06dp</dimen>
    <dimen name="x1004">390.44dp</dimen>
    <dimen name="x1005">390.83dp</dimen>
    <dimen name="x1006">391.22dp</dimen>
    <dimen name="x1007">391.61dp</dimen>
    <dimen name="x1008">392.00dp</dimen>
    <dimen name="x1009">392.39dp</dimen>
    <dimen name="x1010">392.78dp</dimen>
    <dimen name="x1011">393.17dp</dimen>
    <dimen name="x1012">393.56dp</dimen>
    <dimen name="x1013">393.94dp</dimen>
    <dimen name="x1014">394.33dp</dimen>
    <dimen name="x1015">394.72dp</dimen>
    <dimen name="x1016">395.11dp</dimen>
    <dimen name="x1017">395.50dp</dimen>
    <dimen name="x1018">395.89dp</dimen>
    <dimen name="x1019">396.28dp</dimen>
    <dimen name="x1020">396.67dp</dimen>
    <dimen name="x1021">397.06dp</dimen>
    <dimen name="x1022">397.44dp</dimen>
    <dimen name="x1023">397.83dp</dimen>
    <dimen name="x1024">398.22dp</dimen>
    <dimen name="x1025">398.61dp</dimen>
    <dimen name="x1026">399.00dp</dimen>
    <dimen name="x1027">399.39dp</dimen>
    <dimen name="x1028">399.78dp</dimen>
    <dimen name="x1029">400.17dp</dimen>
    <dimen name="x1030">400.56dp</dimen>
    <dimen name="x1031">400.94dp</dimen>
    <dimen name="x1032">401.33dp</dimen>
    <dimen name="x1033">401.72dp</dimen>
    <dimen name="x1034">402.11dp</dimen>
    <dimen name="x1035">402.50dp</dimen>
    <dimen name="x1036">402.89dp</dimen>
    <dimen name="x1037">403.28dp</dimen>
    <dimen name="x1038">403.67dp</dimen>
    <dimen name="x1039">404.06dp</dimen>
    <dimen name="x1040">404.44dp</dimen>
    <dimen name="x1041">404.83dp</dimen>
    <dimen name="x1042">405.22dp</dimen>
    <dimen name="x1043">405.61dp</dimen>
    <dimen name="x1044">406.00dp</dimen>
    <dimen name="x1045">406.39dp</dimen>
    <dimen name="x1046">406.78dp</dimen>
    <dimen name="x1047">407.17dp</dimen>
    <dimen name="x1048">407.56dp</dimen>
    <dimen name="x1049">407.94dp</dimen>
    <dimen name="x1050">408.33dp</dimen>
    <dimen name="x1051">408.72dp</dimen>
    <dimen name="x1052">409.11dp</dimen>
    <dimen name="x1053">409.50dp</dimen>
    <dimen name="x1054">409.89dp</dimen>
    <dimen name="x1055">410.28dp</dimen>
    <dimen name="x1056">410.67dp</dimen>
    <dimen name="x1057">411.06dp</dimen>
    <dimen name="x1058">411.44dp</dimen>
    <dimen name="x1059">411.83dp</dimen>
    <dimen name="x1060">412.22dp</dimen>
    <dimen name="x1061">412.61dp</dimen>
    <dimen name="x1062">413.00dp</dimen>
    <dimen name="x1063">413.39dp</dimen>
    <dimen name="x1064">413.78dp</dimen>
    <dimen name="x1065">414.17dp</dimen>
    <dimen name="x1066">414.56dp</dimen>
    <dimen name="x1067">414.94dp</dimen>
    <dimen name="x1068">415.33dp</dimen>
    <dimen name="x1069">415.72dp</dimen>
    <dimen name="x1070">416.11dp</dimen>
    <dimen name="x1071">416.50dp</dimen>
    <dimen name="x1072">416.89dp</dimen>
    <dimen name="x1073">417.28dp</dimen>
    <dimen name="x1074">417.67dp</dimen>
    <dimen name="x1075">418.06dp</dimen>
    <dimen name="x1076">418.44dp</dimen>
    <dimen name="x1077">418.83dp</dimen>
    <dimen name="x1078">419.22dp</dimen>
    <dimen name="x1079">419.61dp</dimen>
    <dimen name="x1080">420.00dp</dimen>
</resources>