<?xml version="1.0" encoding="utf-8"?>
<resources>
    <string name="sw_dp">1640dp</string>
    <dimen name="x1">1.52dp</dimen>
    <dimen name="x2">3.04dp</dimen>
    <dimen name="x3">4.56dp</dimen>
    <dimen name="x4">6.07dp</dimen>
    <dimen name="x5">7.59dp</dimen>
    <dimen name="x6">9.11dp</dimen>
    <dimen name="x7">10.63dp</dimen>
    <dimen name="x8">12.15dp</dimen>
    <dimen name="x9">13.67dp</dimen>
    <dimen name="x10">15.19dp</dimen>
    <dimen name="x11">16.70dp</dimen>
    <dimen name="x12">18.22dp</dimen>
    <dimen name="x13">19.74dp</dimen>
    <dimen name="x14">21.26dp</dimen>
    <dimen name="x15">22.78dp</dimen>
    <dimen name="x16">24.30dp</dimen>
    <dimen name="x17">25.81dp</dimen>
    <dimen name="x18">27.33dp</dimen>
    <dimen name="x19">28.85dp</dimen>
    <dimen name="x20">30.37dp</dimen>
    <dimen name="x21">31.89dp</dimen>
    <dimen name="x22">33.41dp</dimen>
    <dimen name="x23">34.93dp</dimen>
    <dimen name="x24">36.44dp</dimen>
    <dimen name="x25">37.96dp</dimen>
    <dimen name="x26">39.48dp</dimen>
    <dimen name="x27">41.00dp</dimen>
    <dimen name="x28">42.52dp</dimen>
    <dimen name="x29">44.04dp</dimen>
    <dimen name="x30">45.56dp</dimen>
    <dimen name="x31">47.07dp</dimen>
    <dimen name="x32">48.59dp</dimen>
    <dimen name="x33">50.11dp</dimen>
    <dimen name="x34">51.63dp</dimen>
    <dimen name="x35">53.15dp</dimen>
    <dimen name="x36">54.67dp</dimen>
    <dimen name="x37">56.19dp</dimen>
    <dimen name="x38">57.70dp</dimen>
    <dimen name="x39">59.22dp</dimen>
    <dimen name="x40">60.74dp</dimen>
    <dimen name="x41">62.26dp</dimen>
    <dimen name="x42">63.78dp</dimen>
    <dimen name="x43">65.30dp</dimen>
    <dimen name="x44">66.81dp</dimen>
    <dimen name="x45">68.33dp</dimen>
    <dimen name="x46">69.85dp</dimen>
    <dimen name="x47">71.37dp</dimen>
    <dimen name="x48">72.89dp</dimen>
    <dimen name="x49">74.41dp</dimen>
    <dimen name="x50">75.93dp</dimen>
    <dimen name="x51">77.44dp</dimen>
    <dimen name="x52">78.96dp</dimen>
    <dimen name="x53">80.48dp</dimen>
    <dimen name="x54">82.00dp</dimen>
    <dimen name="x55">83.52dp</dimen>
    <dimen name="x56">85.04dp</dimen>
    <dimen name="x57">86.56dp</dimen>
    <dimen name="x58">88.07dp</dimen>
    <dimen name="x59">89.59dp</dimen>
    <dimen name="x60">91.11dp</dimen>
    <dimen name="x61">92.63dp</dimen>
    <dimen name="x62">94.15dp</dimen>
    <dimen name="x63">95.67dp</dimen>
    <dimen name="x64">97.19dp</dimen>
    <dimen name="x65">98.70dp</dimen>
    <dimen name="x66">100.22dp</dimen>
    <dimen name="x67">101.74dp</dimen>
    <dimen name="x68">103.26dp</dimen>
    <dimen name="x69">104.78dp</dimen>
    <dimen name="x70">106.30dp</dimen>
    <dimen name="x71">107.81dp</dimen>
    <dimen name="x72">109.33dp</dimen>
    <dimen name="x73">110.85dp</dimen>
    <dimen name="x74">112.37dp</dimen>
    <dimen name="x75">113.89dp</dimen>
    <dimen name="x76">115.41dp</dimen>
    <dimen name="x77">116.93dp</dimen>
    <dimen name="x78">118.44dp</dimen>
    <dimen name="x79">119.96dp</dimen>
    <dimen name="x80">121.48dp</dimen>
    <dimen name="x81">123.00dp</dimen>
    <dimen name="x82">124.52dp</dimen>
    <dimen name="x83">126.04dp</dimen>
    <dimen name="x84">127.56dp</dimen>
    <dimen name="x85">129.07dp</dimen>
    <dimen name="x86">130.59dp</dimen>
    <dimen name="x87">132.11dp</dimen>
    <dimen name="x88">133.63dp</dimen>
    <dimen name="x89">135.15dp</dimen>
    <dimen name="x90">136.67dp</dimen>
    <dimen name="x91">138.19dp</dimen>
    <dimen name="x92">139.70dp</dimen>
    <dimen name="x93">141.22dp</dimen>
    <dimen name="x94">142.74dp</dimen>
    <dimen name="x95">144.26dp</dimen>
    <dimen name="x96">145.78dp</dimen>
    <dimen name="x97">147.30dp</dimen>
    <dimen name="x98">148.81dp</dimen>
    <dimen name="x99">150.33dp</dimen>
    <dimen name="x100">151.85dp</dimen>
    <dimen name="x101">153.37dp</dimen>
    <dimen name="x102">154.89dp</dimen>
    <dimen name="x103">156.41dp</dimen>
    <dimen name="x104">157.93dp</dimen>
    <dimen name="x105">159.44dp</dimen>
    <dimen name="x106">160.96dp</dimen>
    <dimen name="x107">162.48dp</dimen>
    <dimen name="x108">164.00dp</dimen>
    <dimen name="x109">165.52dp</dimen>
    <dimen name="x110">167.04dp</dimen>
    <dimen name="x111">168.56dp</dimen>
    <dimen name="x112">170.07dp</dimen>
    <dimen name="x113">171.59dp</dimen>
    <dimen name="x114">173.11dp</dimen>
    <dimen name="x115">174.63dp</dimen>
    <dimen name="x116">176.15dp</dimen>
    <dimen name="x117">177.67dp</dimen>
    <dimen name="x118">179.19dp</dimen>
    <dimen name="x119">180.70dp</dimen>
    <dimen name="x120">182.22dp</dimen>
    <dimen name="x121">183.74dp</dimen>
    <dimen name="x122">185.26dp</dimen>
    <dimen name="x123">186.78dp</dimen>
    <dimen name="x124">188.30dp</dimen>
    <dimen name="x125">189.81dp</dimen>
    <dimen name="x126">191.33dp</dimen>
    <dimen name="x127">192.85dp</dimen>
    <dimen name="x128">194.37dp</dimen>
    <dimen name="x129">195.89dp</dimen>
    <dimen name="x130">197.41dp</dimen>
    <dimen name="x131">198.93dp</dimen>
    <dimen name="x132">200.44dp</dimen>
    <dimen name="x133">201.96dp</dimen>
    <dimen name="x134">203.48dp</dimen>
    <dimen name="x135">205.00dp</dimen>
    <dimen name="x136">206.52dp</dimen>
    <dimen name="x137">208.04dp</dimen>
    <dimen name="x138">209.56dp</dimen>
    <dimen name="x139">211.07dp</dimen>
    <dimen name="x140">212.59dp</dimen>
    <dimen name="x141">214.11dp</dimen>
    <dimen name="x142">215.63dp</dimen>
    <dimen name="x143">217.15dp</dimen>
    <dimen name="x144">218.67dp</dimen>
    <dimen name="x145">220.19dp</dimen>
    <dimen name="x146">221.70dp</dimen>
    <dimen name="x147">223.22dp</dimen>
    <dimen name="x148">224.74dp</dimen>
    <dimen name="x149">226.26dp</dimen>
    <dimen name="x150">227.78dp</dimen>
    <dimen name="x151">229.30dp</dimen>
    <dimen name="x152">230.81dp</dimen>
    <dimen name="x153">232.33dp</dimen>
    <dimen name="x154">233.85dp</dimen>
    <dimen name="x155">235.37dp</dimen>
    <dimen name="x156">236.89dp</dimen>
    <dimen name="x157">238.41dp</dimen>
    <dimen name="x158">239.93dp</dimen>
    <dimen name="x159">241.44dp</dimen>
    <dimen name="x160">242.96dp</dimen>
    <dimen name="x161">244.48dp</dimen>
    <dimen name="x162">246.00dp</dimen>
    <dimen name="x163">247.52dp</dimen>
    <dimen name="x164">249.04dp</dimen>
    <dimen name="x165">250.56dp</dimen>
    <dimen name="x166">252.07dp</dimen>
    <dimen name="x167">253.59dp</dimen>
    <dimen name="x168">255.11dp</dimen>
    <dimen name="x169">256.63dp</dimen>
    <dimen name="x170">258.15dp</dimen>
    <dimen name="x171">259.67dp</dimen>
    <dimen name="x172">261.19dp</dimen>
    <dimen name="x173">262.70dp</dimen>
    <dimen name="x174">264.22dp</dimen>
    <dimen name="x175">265.74dp</dimen>
    <dimen name="x176">267.26dp</dimen>
    <dimen name="x177">268.78dp</dimen>
    <dimen name="x178">270.30dp</dimen>
    <dimen name="x179">271.81dp</dimen>
    <dimen name="x180">273.33dp</dimen>
    <dimen name="x181">274.85dp</dimen>
    <dimen name="x182">276.37dp</dimen>
    <dimen name="x183">277.89dp</dimen>
    <dimen name="x184">279.41dp</dimen>
    <dimen name="x185">280.93dp</dimen>
    <dimen name="x186">282.44dp</dimen>
    <dimen name="x187">283.96dp</dimen>
    <dimen name="x188">285.48dp</dimen>
    <dimen name="x189">287.00dp</dimen>
    <dimen name="x190">288.52dp</dimen>
    <dimen name="x191">290.04dp</dimen>
    <dimen name="x192">291.56dp</dimen>
    <dimen name="x193">293.07dp</dimen>
    <dimen name="x194">294.59dp</dimen>
    <dimen name="x195">296.11dp</dimen>
    <dimen name="x196">297.63dp</dimen>
    <dimen name="x197">299.15dp</dimen>
    <dimen name="x198">300.67dp</dimen>
    <dimen name="x199">302.19dp</dimen>
    <dimen name="x200">303.70dp</dimen>
    <dimen name="x201">305.22dp</dimen>
    <dimen name="x202">306.74dp</dimen>
    <dimen name="x203">308.26dp</dimen>
    <dimen name="x204">309.78dp</dimen>
    <dimen name="x205">311.30dp</dimen>
    <dimen name="x206">312.81dp</dimen>
    <dimen name="x207">314.33dp</dimen>
    <dimen name="x208">315.85dp</dimen>
    <dimen name="x209">317.37dp</dimen>
    <dimen name="x210">318.89dp</dimen>
    <dimen name="x211">320.41dp</dimen>
    <dimen name="x212">321.93dp</dimen>
    <dimen name="x213">323.44dp</dimen>
    <dimen name="x214">324.96dp</dimen>
    <dimen name="x215">326.48dp</dimen>
    <dimen name="x216">328.00dp</dimen>
    <dimen name="x217">329.52dp</dimen>
    <dimen name="x218">331.04dp</dimen>
    <dimen name="x219">332.56dp</dimen>
    <dimen name="x220">334.07dp</dimen>
    <dimen name="x221">335.59dp</dimen>
    <dimen name="x222">337.11dp</dimen>
    <dimen name="x223">338.63dp</dimen>
    <dimen name="x224">340.15dp</dimen>
    <dimen name="x225">341.67dp</dimen>
    <dimen name="x226">343.19dp</dimen>
    <dimen name="x227">344.70dp</dimen>
    <dimen name="x228">346.22dp</dimen>
    <dimen name="x229">347.74dp</dimen>
    <dimen name="x230">349.26dp</dimen>
    <dimen name="x231">350.78dp</dimen>
    <dimen name="x232">352.30dp</dimen>
    <dimen name="x233">353.81dp</dimen>
    <dimen name="x234">355.33dp</dimen>
    <dimen name="x235">356.85dp</dimen>
    <dimen name="x236">358.37dp</dimen>
    <dimen name="x237">359.89dp</dimen>
    <dimen name="x238">361.41dp</dimen>
    <dimen name="x239">362.93dp</dimen>
    <dimen name="x240">364.44dp</dimen>
    <dimen name="x241">365.96dp</dimen>
    <dimen name="x242">367.48dp</dimen>
    <dimen name="x243">369.00dp</dimen>
    <dimen name="x244">370.52dp</dimen>
    <dimen name="x245">372.04dp</dimen>
    <dimen name="x246">373.56dp</dimen>
    <dimen name="x247">375.07dp</dimen>
    <dimen name="x248">376.59dp</dimen>
    <dimen name="x249">378.11dp</dimen>
    <dimen name="x250">379.63dp</dimen>
    <dimen name="x251">381.15dp</dimen>
    <dimen name="x252">382.67dp</dimen>
    <dimen name="x253">384.19dp</dimen>
    <dimen name="x254">385.70dp</dimen>
    <dimen name="x255">387.22dp</dimen>
    <dimen name="x256">388.74dp</dimen>
    <dimen name="x257">390.26dp</dimen>
    <dimen name="x258">391.78dp</dimen>
    <dimen name="x259">393.30dp</dimen>
    <dimen name="x260">394.81dp</dimen>
    <dimen name="x261">396.33dp</dimen>
    <dimen name="x262">397.85dp</dimen>
    <dimen name="x263">399.37dp</dimen>
    <dimen name="x264">400.89dp</dimen>
    <dimen name="x265">402.41dp</dimen>
    <dimen name="x266">403.93dp</dimen>
    <dimen name="x267">405.44dp</dimen>
    <dimen name="x268">406.96dp</dimen>
    <dimen name="x269">408.48dp</dimen>
    <dimen name="x270">410.00dp</dimen>
    <dimen name="x271">411.52dp</dimen>
    <dimen name="x272">413.04dp</dimen>
    <dimen name="x273">414.56dp</dimen>
    <dimen name="x274">416.07dp</dimen>
    <dimen name="x275">417.59dp</dimen>
    <dimen name="x276">419.11dp</dimen>
    <dimen name="x277">420.63dp</dimen>
    <dimen name="x278">422.15dp</dimen>
    <dimen name="x279">423.67dp</dimen>
    <dimen name="x280">425.19dp</dimen>
    <dimen name="x281">426.70dp</dimen>
    <dimen name="x282">428.22dp</dimen>
    <dimen name="x283">429.74dp</dimen>
    <dimen name="x284">431.26dp</dimen>
    <dimen name="x285">432.78dp</dimen>
    <dimen name="x286">434.30dp</dimen>
    <dimen name="x287">435.81dp</dimen>
    <dimen name="x288">437.33dp</dimen>
    <dimen name="x289">438.85dp</dimen>
    <dimen name="x290">440.37dp</dimen>
    <dimen name="x291">441.89dp</dimen>
    <dimen name="x292">443.41dp</dimen>
    <dimen name="x293">444.93dp</dimen>
    <dimen name="x294">446.44dp</dimen>
    <dimen name="x295">447.96dp</dimen>
    <dimen name="x296">449.48dp</dimen>
    <dimen name="x297">451.00dp</dimen>
    <dimen name="x298">452.52dp</dimen>
    <dimen name="x299">454.04dp</dimen>
    <dimen name="x300">455.56dp</dimen>
    <dimen name="x301">457.07dp</dimen>
    <dimen name="x302">458.59dp</dimen>
    <dimen name="x303">460.11dp</dimen>
    <dimen name="x304">461.63dp</dimen>
    <dimen name="x305">463.15dp</dimen>
    <dimen name="x306">464.67dp</dimen>
    <dimen name="x307">466.19dp</dimen>
    <dimen name="x308">467.70dp</dimen>
    <dimen name="x309">469.22dp</dimen>
    <dimen name="x310">470.74dp</dimen>
    <dimen name="x311">472.26dp</dimen>
    <dimen name="x312">473.78dp</dimen>
    <dimen name="x313">475.30dp</dimen>
    <dimen name="x314">476.81dp</dimen>
    <dimen name="x315">478.33dp</dimen>
    <dimen name="x316">479.85dp</dimen>
    <dimen name="x317">481.37dp</dimen>
    <dimen name="x318">482.89dp</dimen>
    <dimen name="x319">484.41dp</dimen>
    <dimen name="x320">485.93dp</dimen>
    <dimen name="x321">487.44dp</dimen>
    <dimen name="x322">488.96dp</dimen>
    <dimen name="x323">490.48dp</dimen>
    <dimen name="x324">492.00dp</dimen>
    <dimen name="x325">493.52dp</dimen>
    <dimen name="x326">495.04dp</dimen>
    <dimen name="x327">496.56dp</dimen>
    <dimen name="x328">498.07dp</dimen>
    <dimen name="x329">499.59dp</dimen>
    <dimen name="x330">501.11dp</dimen>
    <dimen name="x331">502.63dp</dimen>
    <dimen name="x332">504.15dp</dimen>
    <dimen name="x333">505.67dp</dimen>
    <dimen name="x334">507.19dp</dimen>
    <dimen name="x335">508.70dp</dimen>
    <dimen name="x336">510.22dp</dimen>
    <dimen name="x337">511.74dp</dimen>
    <dimen name="x338">513.26dp</dimen>
    <dimen name="x339">514.78dp</dimen>
    <dimen name="x340">516.30dp</dimen>
    <dimen name="x341">517.81dp</dimen>
    <dimen name="x342">519.33dp</dimen>
    <dimen name="x343">520.85dp</dimen>
    <dimen name="x344">522.37dp</dimen>
    <dimen name="x345">523.89dp</dimen>
    <dimen name="x346">525.41dp</dimen>
    <dimen name="x347">526.93dp</dimen>
    <dimen name="x348">528.44dp</dimen>
    <dimen name="x349">529.96dp</dimen>
    <dimen name="x350">531.48dp</dimen>
    <dimen name="x351">533.00dp</dimen>
    <dimen name="x352">534.52dp</dimen>
    <dimen name="x353">536.04dp</dimen>
    <dimen name="x354">537.56dp</dimen>
    <dimen name="x355">539.07dp</dimen>
    <dimen name="x356">540.59dp</dimen>
    <dimen name="x357">542.11dp</dimen>
    <dimen name="x358">543.63dp</dimen>
    <dimen name="x359">545.15dp</dimen>
    <dimen name="x360">546.67dp</dimen>
    <dimen name="x361">548.19dp</dimen>
    <dimen name="x362">549.70dp</dimen>
    <dimen name="x363">551.22dp</dimen>
    <dimen name="x364">552.74dp</dimen>
    <dimen name="x365">554.26dp</dimen>
    <dimen name="x366">555.78dp</dimen>
    <dimen name="x367">557.30dp</dimen>
    <dimen name="x368">558.81dp</dimen>
    <dimen name="x369">560.33dp</dimen>
    <dimen name="x370">561.85dp</dimen>
    <dimen name="x371">563.37dp</dimen>
    <dimen name="x372">564.89dp</dimen>
    <dimen name="x373">566.41dp</dimen>
    <dimen name="x374">567.93dp</dimen>
    <dimen name="x375">569.44dp</dimen>
    <dimen name="x376">570.96dp</dimen>
    <dimen name="x377">572.48dp</dimen>
    <dimen name="x378">574.00dp</dimen>
    <dimen name="x379">575.52dp</dimen>
    <dimen name="x380">577.04dp</dimen>
    <dimen name="x381">578.56dp</dimen>
    <dimen name="x382">580.07dp</dimen>
    <dimen name="x383">581.59dp</dimen>
    <dimen name="x384">583.11dp</dimen>
    <dimen name="x385">584.63dp</dimen>
    <dimen name="x386">586.15dp</dimen>
    <dimen name="x387">587.67dp</dimen>
    <dimen name="x388">589.19dp</dimen>
    <dimen name="x389">590.70dp</dimen>
    <dimen name="x390">592.22dp</dimen>
    <dimen name="x391">593.74dp</dimen>
    <dimen name="x392">595.26dp</dimen>
    <dimen name="x393">596.78dp</dimen>
    <dimen name="x394">598.30dp</dimen>
    <dimen name="x395">599.81dp</dimen>
    <dimen name="x396">601.33dp</dimen>
    <dimen name="x397">602.85dp</dimen>
    <dimen name="x398">604.37dp</dimen>
    <dimen name="x399">605.89dp</dimen>
    <dimen name="x400">607.41dp</dimen>
    <dimen name="x401">608.93dp</dimen>
    <dimen name="x402">610.44dp</dimen>
    <dimen name="x403">611.96dp</dimen>
    <dimen name="x404">613.48dp</dimen>
    <dimen name="x405">615.00dp</dimen>
    <dimen name="x406">616.52dp</dimen>
    <dimen name="x407">618.04dp</dimen>
    <dimen name="x408">619.56dp</dimen>
    <dimen name="x409">621.07dp</dimen>
    <dimen name="x410">622.59dp</dimen>
    <dimen name="x411">624.11dp</dimen>
    <dimen name="x412">625.63dp</dimen>
    <dimen name="x413">627.15dp</dimen>
    <dimen name="x414">628.67dp</dimen>
    <dimen name="x415">630.19dp</dimen>
    <dimen name="x416">631.70dp</dimen>
    <dimen name="x417">633.22dp</dimen>
    <dimen name="x418">634.74dp</dimen>
    <dimen name="x419">636.26dp</dimen>
    <dimen name="x420">637.78dp</dimen>
    <dimen name="x421">639.30dp</dimen>
    <dimen name="x422">640.81dp</dimen>
    <dimen name="x423">642.33dp</dimen>
    <dimen name="x424">643.85dp</dimen>
    <dimen name="x425">645.37dp</dimen>
    <dimen name="x426">646.89dp</dimen>
    <dimen name="x427">648.41dp</dimen>
    <dimen name="x428">649.93dp</dimen>
    <dimen name="x429">651.44dp</dimen>
    <dimen name="x430">652.96dp</dimen>
    <dimen name="x431">654.48dp</dimen>
    <dimen name="x432">656.00dp</dimen>
    <dimen name="x433">657.52dp</dimen>
    <dimen name="x434">659.04dp</dimen>
    <dimen name="x435">660.56dp</dimen>
    <dimen name="x436">662.07dp</dimen>
    <dimen name="x437">663.59dp</dimen>
    <dimen name="x438">665.11dp</dimen>
    <dimen name="x439">666.63dp</dimen>
    <dimen name="x440">668.15dp</dimen>
    <dimen name="x441">669.67dp</dimen>
    <dimen name="x442">671.19dp</dimen>
    <dimen name="x443">672.70dp</dimen>
    <dimen name="x444">674.22dp</dimen>
    <dimen name="x445">675.74dp</dimen>
    <dimen name="x446">677.26dp</dimen>
    <dimen name="x447">678.78dp</dimen>
    <dimen name="x448">680.30dp</dimen>
    <dimen name="x449">681.81dp</dimen>
    <dimen name="x450">683.33dp</dimen>
    <dimen name="x451">684.85dp</dimen>
    <dimen name="x452">686.37dp</dimen>
    <dimen name="x453">687.89dp</dimen>
    <dimen name="x454">689.41dp</dimen>
    <dimen name="x455">690.93dp</dimen>
    <dimen name="x456">692.44dp</dimen>
    <dimen name="x457">693.96dp</dimen>
    <dimen name="x458">695.48dp</dimen>
    <dimen name="x459">697.00dp</dimen>
    <dimen name="x460">698.52dp</dimen>
    <dimen name="x461">700.04dp</dimen>
    <dimen name="x462">701.56dp</dimen>
    <dimen name="x463">703.07dp</dimen>
    <dimen name="x464">704.59dp</dimen>
    <dimen name="x465">706.11dp</dimen>
    <dimen name="x466">707.63dp</dimen>
    <dimen name="x467">709.15dp</dimen>
    <dimen name="x468">710.67dp</dimen>
    <dimen name="x469">712.19dp</dimen>
    <dimen name="x470">713.70dp</dimen>
    <dimen name="x471">715.22dp</dimen>
    <dimen name="x472">716.74dp</dimen>
    <dimen name="x473">718.26dp</dimen>
    <dimen name="x474">719.78dp</dimen>
    <dimen name="x475">721.30dp</dimen>
    <dimen name="x476">722.81dp</dimen>
    <dimen name="x477">724.33dp</dimen>
    <dimen name="x478">725.85dp</dimen>
    <dimen name="x479">727.37dp</dimen>
    <dimen name="x480">728.89dp</dimen>
    <dimen name="x481">730.41dp</dimen>
    <dimen name="x482">731.93dp</dimen>
    <dimen name="x483">733.44dp</dimen>
    <dimen name="x484">734.96dp</dimen>
    <dimen name="x485">736.48dp</dimen>
    <dimen name="x486">738.00dp</dimen>
    <dimen name="x487">739.52dp</dimen>
    <dimen name="x488">741.04dp</dimen>
    <dimen name="x489">742.56dp</dimen>
    <dimen name="x490">744.07dp</dimen>
    <dimen name="x491">745.59dp</dimen>
    <dimen name="x492">747.11dp</dimen>
    <dimen name="x493">748.63dp</dimen>
    <dimen name="x494">750.15dp</dimen>
    <dimen name="x495">751.67dp</dimen>
    <dimen name="x496">753.19dp</dimen>
    <dimen name="x497">754.70dp</dimen>
    <dimen name="x498">756.22dp</dimen>
    <dimen name="x499">757.74dp</dimen>
    <dimen name="x500">759.26dp</dimen>
    <dimen name="x501">760.78dp</dimen>
    <dimen name="x502">762.30dp</dimen>
    <dimen name="x503">763.81dp</dimen>
    <dimen name="x504">765.33dp</dimen>
    <dimen name="x505">766.85dp</dimen>
    <dimen name="x506">768.37dp</dimen>
    <dimen name="x507">769.89dp</dimen>
    <dimen name="x508">771.41dp</dimen>
    <dimen name="x509">772.93dp</dimen>
    <dimen name="x510">774.44dp</dimen>
    <dimen name="x511">775.96dp</dimen>
    <dimen name="x512">777.48dp</dimen>
    <dimen name="x513">779.00dp</dimen>
    <dimen name="x514">780.52dp</dimen>
    <dimen name="x515">782.04dp</dimen>
    <dimen name="x516">783.56dp</dimen>
    <dimen name="x517">785.07dp</dimen>
    <dimen name="x518">786.59dp</dimen>
    <dimen name="x519">788.11dp</dimen>
    <dimen name="x520">789.63dp</dimen>
    <dimen name="x521">791.15dp</dimen>
    <dimen name="x522">792.67dp</dimen>
    <dimen name="x523">794.19dp</dimen>
    <dimen name="x524">795.70dp</dimen>
    <dimen name="x525">797.22dp</dimen>
    <dimen name="x526">798.74dp</dimen>
    <dimen name="x527">800.26dp</dimen>
    <dimen name="x528">801.78dp</dimen>
    <dimen name="x529">803.30dp</dimen>
    <dimen name="x530">804.81dp</dimen>
    <dimen name="x531">806.33dp</dimen>
    <dimen name="x532">807.85dp</dimen>
    <dimen name="x533">809.37dp</dimen>
    <dimen name="x534">810.89dp</dimen>
    <dimen name="x535">812.41dp</dimen>
    <dimen name="x536">813.93dp</dimen>
    <dimen name="x537">815.44dp</dimen>
    <dimen name="x538">816.96dp</dimen>
    <dimen name="x539">818.48dp</dimen>
    <dimen name="x540">820.00dp</dimen>
    <dimen name="x541">821.52dp</dimen>
    <dimen name="x542">823.04dp</dimen>
    <dimen name="x543">824.56dp</dimen>
    <dimen name="x544">826.07dp</dimen>
    <dimen name="x545">827.59dp</dimen>
    <dimen name="x546">829.11dp</dimen>
    <dimen name="x547">830.63dp</dimen>
    <dimen name="x548">832.15dp</dimen>
    <dimen name="x549">833.67dp</dimen>
    <dimen name="x550">835.19dp</dimen>
    <dimen name="x551">836.70dp</dimen>
    <dimen name="x552">838.22dp</dimen>
    <dimen name="x553">839.74dp</dimen>
    <dimen name="x554">841.26dp</dimen>
    <dimen name="x555">842.78dp</dimen>
    <dimen name="x556">844.30dp</dimen>
    <dimen name="x557">845.81dp</dimen>
    <dimen name="x558">847.33dp</dimen>
    <dimen name="x559">848.85dp</dimen>
    <dimen name="x560">850.37dp</dimen>
    <dimen name="x561">851.89dp</dimen>
    <dimen name="x562">853.41dp</dimen>
    <dimen name="x563">854.93dp</dimen>
    <dimen name="x564">856.44dp</dimen>
    <dimen name="x565">857.96dp</dimen>
    <dimen name="x566">859.48dp</dimen>
    <dimen name="x567">861.00dp</dimen>
    <dimen name="x568">862.52dp</dimen>
    <dimen name="x569">864.04dp</dimen>
    <dimen name="x570">865.56dp</dimen>
    <dimen name="x571">867.07dp</dimen>
    <dimen name="x572">868.59dp</dimen>
    <dimen name="x573">870.11dp</dimen>
    <dimen name="x574">871.63dp</dimen>
    <dimen name="x575">873.15dp</dimen>
    <dimen name="x576">874.67dp</dimen>
    <dimen name="x577">876.19dp</dimen>
    <dimen name="x578">877.70dp</dimen>
    <dimen name="x579">879.22dp</dimen>
    <dimen name="x580">880.74dp</dimen>
    <dimen name="x581">882.26dp</dimen>
    <dimen name="x582">883.78dp</dimen>
    <dimen name="x583">885.30dp</dimen>
    <dimen name="x584">886.81dp</dimen>
    <dimen name="x585">888.33dp</dimen>
    <dimen name="x586">889.85dp</dimen>
    <dimen name="x587">891.37dp</dimen>
    <dimen name="x588">892.89dp</dimen>
    <dimen name="x589">894.41dp</dimen>
    <dimen name="x590">895.93dp</dimen>
    <dimen name="x591">897.44dp</dimen>
    <dimen name="x592">898.96dp</dimen>
    <dimen name="x593">900.48dp</dimen>
    <dimen name="x594">902.00dp</dimen>
    <dimen name="x595">903.52dp</dimen>
    <dimen name="x596">905.04dp</dimen>
    <dimen name="x597">906.56dp</dimen>
    <dimen name="x598">908.07dp</dimen>
    <dimen name="x599">909.59dp</dimen>
    <dimen name="x600">911.11dp</dimen>
    <dimen name="x601">912.63dp</dimen>
    <dimen name="x602">914.15dp</dimen>
    <dimen name="x603">915.67dp</dimen>
    <dimen name="x604">917.19dp</dimen>
    <dimen name="x605">918.70dp</dimen>
    <dimen name="x606">920.22dp</dimen>
    <dimen name="x607">921.74dp</dimen>
    <dimen name="x608">923.26dp</dimen>
    <dimen name="x609">924.78dp</dimen>
    <dimen name="x610">926.30dp</dimen>
    <dimen name="x611">927.81dp</dimen>
    <dimen name="x612">929.33dp</dimen>
    <dimen name="x613">930.85dp</dimen>
    <dimen name="x614">932.37dp</dimen>
    <dimen name="x615">933.89dp</dimen>
    <dimen name="x616">935.41dp</dimen>
    <dimen name="x617">936.93dp</dimen>
    <dimen name="x618">938.44dp</dimen>
    <dimen name="x619">939.96dp</dimen>
    <dimen name="x620">941.48dp</dimen>
    <dimen name="x621">943.00dp</dimen>
    <dimen name="x622">944.52dp</dimen>
    <dimen name="x623">946.04dp</dimen>
    <dimen name="x624">947.56dp</dimen>
    <dimen name="x625">949.07dp</dimen>
    <dimen name="x626">950.59dp</dimen>
    <dimen name="x627">952.11dp</dimen>
    <dimen name="x628">953.63dp</dimen>
    <dimen name="x629">955.15dp</dimen>
    <dimen name="x630">956.67dp</dimen>
    <dimen name="x631">958.19dp</dimen>
    <dimen name="x632">959.70dp</dimen>
    <dimen name="x633">961.22dp</dimen>
    <dimen name="x634">962.74dp</dimen>
    <dimen name="x635">964.26dp</dimen>
    <dimen name="x636">965.78dp</dimen>
    <dimen name="x637">967.30dp</dimen>
    <dimen name="x638">968.81dp</dimen>
    <dimen name="x639">970.33dp</dimen>
    <dimen name="x640">971.85dp</dimen>
    <dimen name="x641">973.37dp</dimen>
    <dimen name="x642">974.89dp</dimen>
    <dimen name="x643">976.41dp</dimen>
    <dimen name="x644">977.93dp</dimen>
    <dimen name="x645">979.44dp</dimen>
    <dimen name="x646">980.96dp</dimen>
    <dimen name="x647">982.48dp</dimen>
    <dimen name="x648">984.00dp</dimen>
    <dimen name="x649">985.52dp</dimen>
    <dimen name="x650">987.04dp</dimen>
    <dimen name="x651">988.56dp</dimen>
    <dimen name="x652">990.07dp</dimen>
    <dimen name="x653">991.59dp</dimen>
    <dimen name="x654">993.11dp</dimen>
    <dimen name="x655">994.63dp</dimen>
    <dimen name="x656">996.15dp</dimen>
    <dimen name="x657">997.67dp</dimen>
    <dimen name="x658">999.19dp</dimen>
    <dimen name="x659">1000.70dp</dimen>
    <dimen name="x660">1002.22dp</dimen>
    <dimen name="x661">1003.74dp</dimen>
    <dimen name="x662">1005.26dp</dimen>
    <dimen name="x663">1006.78dp</dimen>
    <dimen name="x664">1008.30dp</dimen>
    <dimen name="x665">1009.81dp</dimen>
    <dimen name="x666">1011.33dp</dimen>
    <dimen name="x667">1012.85dp</dimen>
    <dimen name="x668">1014.37dp</dimen>
    <dimen name="x669">1015.89dp</dimen>
    <dimen name="x670">1017.41dp</dimen>
    <dimen name="x671">1018.93dp</dimen>
    <dimen name="x672">1020.44dp</dimen>
    <dimen name="x673">1021.96dp</dimen>
    <dimen name="x674">1023.48dp</dimen>
    <dimen name="x675">1025.00dp</dimen>
    <dimen name="x676">1026.52dp</dimen>
    <dimen name="x677">1028.04dp</dimen>
    <dimen name="x678">1029.56dp</dimen>
    <dimen name="x679">1031.07dp</dimen>
    <dimen name="x680">1032.59dp</dimen>
    <dimen name="x681">1034.11dp</dimen>
    <dimen name="x682">1035.63dp</dimen>
    <dimen name="x683">1037.15dp</dimen>
    <dimen name="x684">1038.67dp</dimen>
    <dimen name="x685">1040.19dp</dimen>
    <dimen name="x686">1041.70dp</dimen>
    <dimen name="x687">1043.22dp</dimen>
    <dimen name="x688">1044.74dp</dimen>
    <dimen name="x689">1046.26dp</dimen>
    <dimen name="x690">1047.78dp</dimen>
    <dimen name="x691">1049.30dp</dimen>
    <dimen name="x692">1050.81dp</dimen>
    <dimen name="x693">1052.33dp</dimen>
    <dimen name="x694">1053.85dp</dimen>
    <dimen name="x695">1055.37dp</dimen>
    <dimen name="x696">1056.89dp</dimen>
    <dimen name="x697">1058.41dp</dimen>
    <dimen name="x698">1059.93dp</dimen>
    <dimen name="x699">1061.44dp</dimen>
    <dimen name="x700">1062.96dp</dimen>
    <dimen name="x701">1064.48dp</dimen>
    <dimen name="x702">1066.00dp</dimen>
    <dimen name="x703">1067.52dp</dimen>
    <dimen name="x704">1069.04dp</dimen>
    <dimen name="x705">1070.56dp</dimen>
    <dimen name="x706">1072.07dp</dimen>
    <dimen name="x707">1073.59dp</dimen>
    <dimen name="x708">1075.11dp</dimen>
    <dimen name="x709">1076.63dp</dimen>
    <dimen name="x710">1078.15dp</dimen>
    <dimen name="x711">1079.67dp</dimen>
    <dimen name="x712">1081.19dp</dimen>
    <dimen name="x713">1082.70dp</dimen>
    <dimen name="x714">1084.22dp</dimen>
    <dimen name="x715">1085.74dp</dimen>
    <dimen name="x716">1087.26dp</dimen>
    <dimen name="x717">1088.78dp</dimen>
    <dimen name="x718">1090.30dp</dimen>
    <dimen name="x719">1091.81dp</dimen>
    <dimen name="x720">1093.33dp</dimen>
    <dimen name="x721">1094.85dp</dimen>
    <dimen name="x722">1096.37dp</dimen>
    <dimen name="x723">1097.89dp</dimen>
    <dimen name="x724">1099.41dp</dimen>
    <dimen name="x725">1100.93dp</dimen>
    <dimen name="x726">1102.44dp</dimen>
    <dimen name="x727">1103.96dp</dimen>
    <dimen name="x728">1105.48dp</dimen>
    <dimen name="x729">1107.00dp</dimen>
    <dimen name="x730">1108.52dp</dimen>
    <dimen name="x731">1110.04dp</dimen>
    <dimen name="x732">1111.56dp</dimen>
    <dimen name="x733">1113.07dp</dimen>
    <dimen name="x734">1114.59dp</dimen>
    <dimen name="x735">1116.11dp</dimen>
    <dimen name="x736">1117.63dp</dimen>
    <dimen name="x737">1119.15dp</dimen>
    <dimen name="x738">1120.67dp</dimen>
    <dimen name="x739">1122.19dp</dimen>
    <dimen name="x740">1123.70dp</dimen>
    <dimen name="x741">1125.22dp</dimen>
    <dimen name="x742">1126.74dp</dimen>
    <dimen name="x743">1128.26dp</dimen>
    <dimen name="x744">1129.78dp</dimen>
    <dimen name="x745">1131.30dp</dimen>
    <dimen name="x746">1132.81dp</dimen>
    <dimen name="x747">1134.33dp</dimen>
    <dimen name="x748">1135.85dp</dimen>
    <dimen name="x749">1137.37dp</dimen>
    <dimen name="x750">1138.89dp</dimen>
    <dimen name="x751">1140.41dp</dimen>
    <dimen name="x752">1141.93dp</dimen>
    <dimen name="x753">1143.44dp</dimen>
    <dimen name="x754">1144.96dp</dimen>
    <dimen name="x755">1146.48dp</dimen>
    <dimen name="x756">1148.00dp</dimen>
    <dimen name="x757">1149.52dp</dimen>
    <dimen name="x758">1151.04dp</dimen>
    <dimen name="x759">1152.56dp</dimen>
    <dimen name="x760">1154.07dp</dimen>
    <dimen name="x761">1155.59dp</dimen>
    <dimen name="x762">1157.11dp</dimen>
    <dimen name="x763">1158.63dp</dimen>
    <dimen name="x764">1160.15dp</dimen>
    <dimen name="x765">1161.67dp</dimen>
    <dimen name="x766">1163.19dp</dimen>
    <dimen name="x767">1164.70dp</dimen>
    <dimen name="x768">1166.22dp</dimen>
    <dimen name="x769">1167.74dp</dimen>
    <dimen name="x770">1169.26dp</dimen>
    <dimen name="x771">1170.78dp</dimen>
    <dimen name="x772">1172.30dp</dimen>
    <dimen name="x773">1173.81dp</dimen>
    <dimen name="x774">1175.33dp</dimen>
    <dimen name="x775">1176.85dp</dimen>
    <dimen name="x776">1178.37dp</dimen>
    <dimen name="x777">1179.89dp</dimen>
    <dimen name="x778">1181.41dp</dimen>
    <dimen name="x779">1182.93dp</dimen>
    <dimen name="x780">1184.44dp</dimen>
    <dimen name="x781">1185.96dp</dimen>
    <dimen name="x782">1187.48dp</dimen>
    <dimen name="x783">1189.00dp</dimen>
    <dimen name="x784">1190.52dp</dimen>
    <dimen name="x785">1192.04dp</dimen>
    <dimen name="x786">1193.56dp</dimen>
    <dimen name="x787">1195.07dp</dimen>
    <dimen name="x788">1196.59dp</dimen>
    <dimen name="x789">1198.11dp</dimen>
    <dimen name="x790">1199.63dp</dimen>
    <dimen name="x791">1201.15dp</dimen>
    <dimen name="x792">1202.67dp</dimen>
    <dimen name="x793">1204.19dp</dimen>
    <dimen name="x794">1205.70dp</dimen>
    <dimen name="x795">1207.22dp</dimen>
    <dimen name="x796">1208.74dp</dimen>
    <dimen name="x797">1210.26dp</dimen>
    <dimen name="x798">1211.78dp</dimen>
    <dimen name="x799">1213.30dp</dimen>
    <dimen name="x800">1214.81dp</dimen>
    <dimen name="x801">1216.33dp</dimen>
    <dimen name="x802">1217.85dp</dimen>
    <dimen name="x803">1219.37dp</dimen>
    <dimen name="x804">1220.89dp</dimen>
    <dimen name="x805">1222.41dp</dimen>
    <dimen name="x806">1223.93dp</dimen>
    <dimen name="x807">1225.44dp</dimen>
    <dimen name="x808">1226.96dp</dimen>
    <dimen name="x809">1228.48dp</dimen>
    <dimen name="x810">1230.00dp</dimen>
    <dimen name="x811">1231.52dp</dimen>
    <dimen name="x812">1233.04dp</dimen>
    <dimen name="x813">1234.56dp</dimen>
    <dimen name="x814">1236.07dp</dimen>
    <dimen name="x815">1237.59dp</dimen>
    <dimen name="x816">1239.11dp</dimen>
    <dimen name="x817">1240.63dp</dimen>
    <dimen name="x818">1242.15dp</dimen>
    <dimen name="x819">1243.67dp</dimen>
    <dimen name="x820">1245.19dp</dimen>
    <dimen name="x821">1246.70dp</dimen>
    <dimen name="x822">1248.22dp</dimen>
    <dimen name="x823">1249.74dp</dimen>
    <dimen name="x824">1251.26dp</dimen>
    <dimen name="x825">1252.78dp</dimen>
    <dimen name="x826">1254.30dp</dimen>
    <dimen name="x827">1255.81dp</dimen>
    <dimen name="x828">1257.33dp</dimen>
    <dimen name="x829">1258.85dp</dimen>
    <dimen name="x830">1260.37dp</dimen>
    <dimen name="x831">1261.89dp</dimen>
    <dimen name="x832">1263.41dp</dimen>
    <dimen name="x833">1264.93dp</dimen>
    <dimen name="x834">1266.44dp</dimen>
    <dimen name="x835">1267.96dp</dimen>
    <dimen name="x836">1269.48dp</dimen>
    <dimen name="x837">1271.00dp</dimen>
    <dimen name="x838">1272.52dp</dimen>
    <dimen name="x839">1274.04dp</dimen>
    <dimen name="x840">1275.56dp</dimen>
    <dimen name="x841">1277.07dp</dimen>
    <dimen name="x842">1278.59dp</dimen>
    <dimen name="x843">1280.11dp</dimen>
    <dimen name="x844">1281.63dp</dimen>
    <dimen name="x845">1283.15dp</dimen>
    <dimen name="x846">1284.67dp</dimen>
    <dimen name="x847">1286.19dp</dimen>
    <dimen name="x848">1287.70dp</dimen>
    <dimen name="x849">1289.22dp</dimen>
    <dimen name="x850">1290.74dp</dimen>
    <dimen name="x851">1292.26dp</dimen>
    <dimen name="x852">1293.78dp</dimen>
    <dimen name="x853">1295.30dp</dimen>
    <dimen name="x854">1296.81dp</dimen>
    <dimen name="x855">1298.33dp</dimen>
    <dimen name="x856">1299.85dp</dimen>
    <dimen name="x857">1301.37dp</dimen>
    <dimen name="x858">1302.89dp</dimen>
    <dimen name="x859">1304.41dp</dimen>
    <dimen name="x860">1305.93dp</dimen>
    <dimen name="x861">1307.44dp</dimen>
    <dimen name="x862">1308.96dp</dimen>
    <dimen name="x863">1310.48dp</dimen>
    <dimen name="x864">1312.00dp</dimen>
    <dimen name="x865">1313.52dp</dimen>
    <dimen name="x866">1315.04dp</dimen>
    <dimen name="x867">1316.56dp</dimen>
    <dimen name="x868">1318.07dp</dimen>
    <dimen name="x869">1319.59dp</dimen>
    <dimen name="x870">1321.11dp</dimen>
    <dimen name="x871">1322.63dp</dimen>
    <dimen name="x872">1324.15dp</dimen>
    <dimen name="x873">1325.67dp</dimen>
    <dimen name="x874">1327.19dp</dimen>
    <dimen name="x875">1328.70dp</dimen>
    <dimen name="x876">1330.22dp</dimen>
    <dimen name="x877">1331.74dp</dimen>
    <dimen name="x878">1333.26dp</dimen>
    <dimen name="x879">1334.78dp</dimen>
    <dimen name="x880">1336.30dp</dimen>
    <dimen name="x881">1337.81dp</dimen>
    <dimen name="x882">1339.33dp</dimen>
    <dimen name="x883">1340.85dp</dimen>
    <dimen name="x884">1342.37dp</dimen>
    <dimen name="x885">1343.89dp</dimen>
    <dimen name="x886">1345.41dp</dimen>
    <dimen name="x887">1346.93dp</dimen>
    <dimen name="x888">1348.44dp</dimen>
    <dimen name="x889">1349.96dp</dimen>
    <dimen name="x890">1351.48dp</dimen>
    <dimen name="x891">1353.00dp</dimen>
    <dimen name="x892">1354.52dp</dimen>
    <dimen name="x893">1356.04dp</dimen>
    <dimen name="x894">1357.56dp</dimen>
    <dimen name="x895">1359.07dp</dimen>
    <dimen name="x896">1360.59dp</dimen>
    <dimen name="x897">1362.11dp</dimen>
    <dimen name="x898">1363.63dp</dimen>
    <dimen name="x899">1365.15dp</dimen>
    <dimen name="x900">1366.67dp</dimen>
    <dimen name="x901">1368.19dp</dimen>
    <dimen name="x902">1369.70dp</dimen>
    <dimen name="x903">1371.22dp</dimen>
    <dimen name="x904">1372.74dp</dimen>
    <dimen name="x905">1374.26dp</dimen>
    <dimen name="x906">1375.78dp</dimen>
    <dimen name="x907">1377.30dp</dimen>
    <dimen name="x908">1378.81dp</dimen>
    <dimen name="x909">1380.33dp</dimen>
    <dimen name="x910">1381.85dp</dimen>
    <dimen name="x911">1383.37dp</dimen>
    <dimen name="x912">1384.89dp</dimen>
    <dimen name="x913">1386.41dp</dimen>
    <dimen name="x914">1387.93dp</dimen>
    <dimen name="x915">1389.44dp</dimen>
    <dimen name="x916">1390.96dp</dimen>
    <dimen name="x917">1392.48dp</dimen>
    <dimen name="x918">1394.00dp</dimen>
    <dimen name="x919">1395.52dp</dimen>
    <dimen name="x920">1397.04dp</dimen>
    <dimen name="x921">1398.56dp</dimen>
    <dimen name="x922">1400.07dp</dimen>
    <dimen name="x923">1401.59dp</dimen>
    <dimen name="x924">1403.11dp</dimen>
    <dimen name="x925">1404.63dp</dimen>
    <dimen name="x926">1406.15dp</dimen>
    <dimen name="x927">1407.67dp</dimen>
    <dimen name="x928">1409.19dp</dimen>
    <dimen name="x929">1410.70dp</dimen>
    <dimen name="x930">1412.22dp</dimen>
    <dimen name="x931">1413.74dp</dimen>
    <dimen name="x932">1415.26dp</dimen>
    <dimen name="x933">1416.78dp</dimen>
    <dimen name="x934">1418.30dp</dimen>
    <dimen name="x935">1419.81dp</dimen>
    <dimen name="x936">1421.33dp</dimen>
    <dimen name="x937">1422.85dp</dimen>
    <dimen name="x938">1424.37dp</dimen>
    <dimen name="x939">1425.89dp</dimen>
    <dimen name="x940">1427.41dp</dimen>
    <dimen name="x941">1428.93dp</dimen>
    <dimen name="x942">1430.44dp</dimen>
    <dimen name="x943">1431.96dp</dimen>
    <dimen name="x944">1433.48dp</dimen>
    <dimen name="x945">1435.00dp</dimen>
    <dimen name="x946">1436.52dp</dimen>
    <dimen name="x947">1438.04dp</dimen>
    <dimen name="x948">1439.56dp</dimen>
    <dimen name="x949">1441.07dp</dimen>
    <dimen name="x950">1442.59dp</dimen>
    <dimen name="x951">1444.11dp</dimen>
    <dimen name="x952">1445.63dp</dimen>
    <dimen name="x953">1447.15dp</dimen>
    <dimen name="x954">1448.67dp</dimen>
    <dimen name="x955">1450.19dp</dimen>
    <dimen name="x956">1451.70dp</dimen>
    <dimen name="x957">1453.22dp</dimen>
    <dimen name="x958">1454.74dp</dimen>
    <dimen name="x959">1456.26dp</dimen>
    <dimen name="x960">1457.78dp</dimen>
    <dimen name="x961">1459.30dp</dimen>
    <dimen name="x962">1460.81dp</dimen>
    <dimen name="x963">1462.33dp</dimen>
    <dimen name="x964">1463.85dp</dimen>
    <dimen name="x965">1465.37dp</dimen>
    <dimen name="x966">1466.89dp</dimen>
    <dimen name="x967">1468.41dp</dimen>
    <dimen name="x968">1469.93dp</dimen>
    <dimen name="x969">1471.44dp</dimen>
    <dimen name="x970">1472.96dp</dimen>
    <dimen name="x971">1474.48dp</dimen>
    <dimen name="x972">1476.00dp</dimen>
    <dimen name="x973">1477.52dp</dimen>
    <dimen name="x974">1479.04dp</dimen>
    <dimen name="x975">1480.56dp</dimen>
    <dimen name="x976">1482.07dp</dimen>
    <dimen name="x977">1483.59dp</dimen>
    <dimen name="x978">1485.11dp</dimen>
    <dimen name="x979">1486.63dp</dimen>
    <dimen name="x980">1488.15dp</dimen>
    <dimen name="x981">1489.67dp</dimen>
    <dimen name="x982">1491.19dp</dimen>
    <dimen name="x983">1492.70dp</dimen>
    <dimen name="x984">1494.22dp</dimen>
    <dimen name="x985">1495.74dp</dimen>
    <dimen name="x986">1497.26dp</dimen>
    <dimen name="x987">1498.78dp</dimen>
    <dimen name="x988">1500.30dp</dimen>
    <dimen name="x989">1501.81dp</dimen>
    <dimen name="x990">1503.33dp</dimen>
    <dimen name="x991">1504.85dp</dimen>
    <dimen name="x992">1506.37dp</dimen>
    <dimen name="x993">1507.89dp</dimen>
    <dimen name="x994">1509.41dp</dimen>
    <dimen name="x995">1510.93dp</dimen>
    <dimen name="x996">1512.44dp</dimen>
    <dimen name="x997">1513.96dp</dimen>
    <dimen name="x998">1515.48dp</dimen>
    <dimen name="x999">1517.00dp</dimen>
    <dimen name="x1000">1518.52dp</dimen>
    <dimen name="x1001">1520.04dp</dimen>
    <dimen name="x1002">1521.56dp</dimen>
    <dimen name="x1003">1523.07dp</dimen>
    <dimen name="x1004">1524.59dp</dimen>
    <dimen name="x1005">1526.11dp</dimen>
    <dimen name="x1006">1527.63dp</dimen>
    <dimen name="x1007">1529.15dp</dimen>
    <dimen name="x1008">1530.67dp</dimen>
    <dimen name="x1009">1532.19dp</dimen>
    <dimen name="x1010">1533.70dp</dimen>
    <dimen name="x1011">1535.22dp</dimen>
    <dimen name="x1012">1536.74dp</dimen>
    <dimen name="x1013">1538.26dp</dimen>
    <dimen name="x1014">1539.78dp</dimen>
    <dimen name="x1015">1541.30dp</dimen>
    <dimen name="x1016">1542.81dp</dimen>
    <dimen name="x1017">1544.33dp</dimen>
    <dimen name="x1018">1545.85dp</dimen>
    <dimen name="x1019">1547.37dp</dimen>
    <dimen name="x1020">1548.89dp</dimen>
    <dimen name="x1021">1550.41dp</dimen>
    <dimen name="x1022">1551.93dp</dimen>
    <dimen name="x1023">1553.44dp</dimen>
    <dimen name="x1024">1554.96dp</dimen>
    <dimen name="x1025">1556.48dp</dimen>
    <dimen name="x1026">1558.00dp</dimen>
    <dimen name="x1027">1559.52dp</dimen>
    <dimen name="x1028">1561.04dp</dimen>
    <dimen name="x1029">1562.56dp</dimen>
    <dimen name="x1030">1564.07dp</dimen>
    <dimen name="x1031">1565.59dp</dimen>
    <dimen name="x1032">1567.11dp</dimen>
    <dimen name="x1033">1568.63dp</dimen>
    <dimen name="x1034">1570.15dp</dimen>
    <dimen name="x1035">1571.67dp</dimen>
    <dimen name="x1036">1573.19dp</dimen>
    <dimen name="x1037">1574.70dp</dimen>
    <dimen name="x1038">1576.22dp</dimen>
    <dimen name="x1039">1577.74dp</dimen>
    <dimen name="x1040">1579.26dp</dimen>
    <dimen name="x1041">1580.78dp</dimen>
    <dimen name="x1042">1582.30dp</dimen>
    <dimen name="x1043">1583.81dp</dimen>
    <dimen name="x1044">1585.33dp</dimen>
    <dimen name="x1045">1586.85dp</dimen>
    <dimen name="x1046">1588.37dp</dimen>
    <dimen name="x1047">1589.89dp</dimen>
    <dimen name="x1048">1591.41dp</dimen>
    <dimen name="x1049">1592.93dp</dimen>
    <dimen name="x1050">1594.44dp</dimen>
    <dimen name="x1051">1595.96dp</dimen>
    <dimen name="x1052">1597.48dp</dimen>
    <dimen name="x1053">1599.00dp</dimen>
    <dimen name="x1054">1600.52dp</dimen>
    <dimen name="x1055">1602.04dp</dimen>
    <dimen name="x1056">1603.56dp</dimen>
    <dimen name="x1057">1605.07dp</dimen>
    <dimen name="x1058">1606.59dp</dimen>
    <dimen name="x1059">1608.11dp</dimen>
    <dimen name="x1060">1609.63dp</dimen>
    <dimen name="x1061">1611.15dp</dimen>
    <dimen name="x1062">1612.67dp</dimen>
    <dimen name="x1063">1614.19dp</dimen>
    <dimen name="x1064">1615.70dp</dimen>
    <dimen name="x1065">1617.22dp</dimen>
    <dimen name="x1066">1618.74dp</dimen>
    <dimen name="x1067">1620.26dp</dimen>
    <dimen name="x1068">1621.78dp</dimen>
    <dimen name="x1069">1623.30dp</dimen>
    <dimen name="x1070">1624.81dp</dimen>
    <dimen name="x1071">1626.33dp</dimen>
    <dimen name="x1072">1627.85dp</dimen>
    <dimen name="x1073">1629.37dp</dimen>
    <dimen name="x1074">1630.89dp</dimen>
    <dimen name="x1075">1632.41dp</dimen>
    <dimen name="x1076">1633.93dp</dimen>
    <dimen name="x1077">1635.44dp</dimen>
    <dimen name="x1078">1636.96dp</dimen>
    <dimen name="x1079">1638.48dp</dimen>
    <dimen name="x1080">1640.00dp</dimen>
</resources>