<?xml version="1.0" encoding="utf-8"?>
<resources>
    <string name="sw_dp">1410dp</string>
    <dimen name="x1">1.31dp</dimen>
    <dimen name="x2">2.61dp</dimen>
    <dimen name="x3">3.92dp</dimen>
    <dimen name="x4">5.22dp</dimen>
    <dimen name="x5">6.53dp</dimen>
    <dimen name="x6">7.83dp</dimen>
    <dimen name="x7">9.14dp</dimen>
    <dimen name="x8">10.44dp</dimen>
    <dimen name="x9">11.75dp</dimen>
    <dimen name="x10">13.06dp</dimen>
    <dimen name="x11">14.36dp</dimen>
    <dimen name="x12">15.67dp</dimen>
    <dimen name="x13">16.97dp</dimen>
    <dimen name="x14">18.28dp</dimen>
    <dimen name="x15">19.58dp</dimen>
    <dimen name="x16">20.89dp</dimen>
    <dimen name="x17">22.19dp</dimen>
    <dimen name="x18">23.50dp</dimen>
    <dimen name="x19">24.81dp</dimen>
    <dimen name="x20">26.11dp</dimen>
    <dimen name="x21">27.42dp</dimen>
    <dimen name="x22">28.72dp</dimen>
    <dimen name="x23">30.03dp</dimen>
    <dimen name="x24">31.33dp</dimen>
    <dimen name="x25">32.64dp</dimen>
    <dimen name="x26">33.94dp</dimen>
    <dimen name="x27">35.25dp</dimen>
    <dimen name="x28">36.56dp</dimen>
    <dimen name="x29">37.86dp</dimen>
    <dimen name="x30">39.17dp</dimen>
    <dimen name="x31">40.47dp</dimen>
    <dimen name="x32">41.78dp</dimen>
    <dimen name="x33">43.08dp</dimen>
    <dimen name="x34">44.39dp</dimen>
    <dimen name="x35">45.69dp</dimen>
    <dimen name="x36">47.00dp</dimen>
    <dimen name="x37">48.31dp</dimen>
    <dimen name="x38">49.61dp</dimen>
    <dimen name="x39">50.92dp</dimen>
    <dimen name="x40">52.22dp</dimen>
    <dimen name="x41">53.53dp</dimen>
    <dimen name="x42">54.83dp</dimen>
    <dimen name="x43">56.14dp</dimen>
    <dimen name="x44">57.44dp</dimen>
    <dimen name="x45">58.75dp</dimen>
    <dimen name="x46">60.06dp</dimen>
    <dimen name="x47">61.36dp</dimen>
    <dimen name="x48">62.67dp</dimen>
    <dimen name="x49">63.97dp</dimen>
    <dimen name="x50">65.28dp</dimen>
    <dimen name="x51">66.58dp</dimen>
    <dimen name="x52">67.89dp</dimen>
    <dimen name="x53">69.19dp</dimen>
    <dimen name="x54">70.50dp</dimen>
    <dimen name="x55">71.81dp</dimen>
    <dimen name="x56">73.11dp</dimen>
    <dimen name="x57">74.42dp</dimen>
    <dimen name="x58">75.72dp</dimen>
    <dimen name="x59">77.03dp</dimen>
    <dimen name="x60">78.33dp</dimen>
    <dimen name="x61">79.64dp</dimen>
    <dimen name="x62">80.94dp</dimen>
    <dimen name="x63">82.25dp</dimen>
    <dimen name="x64">83.56dp</dimen>
    <dimen name="x65">84.86dp</dimen>
    <dimen name="x66">86.17dp</dimen>
    <dimen name="x67">87.47dp</dimen>
    <dimen name="x68">88.78dp</dimen>
    <dimen name="x69">90.08dp</dimen>
    <dimen name="x70">91.39dp</dimen>
    <dimen name="x71">92.69dp</dimen>
    <dimen name="x72">94.00dp</dimen>
    <dimen name="x73">95.31dp</dimen>
    <dimen name="x74">96.61dp</dimen>
    <dimen name="x75">97.92dp</dimen>
    <dimen name="x76">99.22dp</dimen>
    <dimen name="x77">100.53dp</dimen>
    <dimen name="x78">101.83dp</dimen>
    <dimen name="x79">103.14dp</dimen>
    <dimen name="x80">104.44dp</dimen>
    <dimen name="x81">105.75dp</dimen>
    <dimen name="x82">107.06dp</dimen>
    <dimen name="x83">108.36dp</dimen>
    <dimen name="x84">109.67dp</dimen>
    <dimen name="x85">110.97dp</dimen>
    <dimen name="x86">112.28dp</dimen>
    <dimen name="x87">113.58dp</dimen>
    <dimen name="x88">114.89dp</dimen>
    <dimen name="x89">116.19dp</dimen>
    <dimen name="x90">117.50dp</dimen>
    <dimen name="x91">118.81dp</dimen>
    <dimen name="x92">120.11dp</dimen>
    <dimen name="x93">121.42dp</dimen>
    <dimen name="x94">122.72dp</dimen>
    <dimen name="x95">124.03dp</dimen>
    <dimen name="x96">125.33dp</dimen>
    <dimen name="x97">126.64dp</dimen>
    <dimen name="x98">127.94dp</dimen>
    <dimen name="x99">129.25dp</dimen>
    <dimen name="x100">130.56dp</dimen>
    <dimen name="x101">131.86dp</dimen>
    <dimen name="x102">133.17dp</dimen>
    <dimen name="x103">134.47dp</dimen>
    <dimen name="x104">135.78dp</dimen>
    <dimen name="x105">137.08dp</dimen>
    <dimen name="x106">138.39dp</dimen>
    <dimen name="x107">139.69dp</dimen>
    <dimen name="x108">141.00dp</dimen>
    <dimen name="x109">142.31dp</dimen>
    <dimen name="x110">143.61dp</dimen>
    <dimen name="x111">144.92dp</dimen>
    <dimen name="x112">146.22dp</dimen>
    <dimen name="x113">147.53dp</dimen>
    <dimen name="x114">148.83dp</dimen>
    <dimen name="x115">150.14dp</dimen>
    <dimen name="x116">151.44dp</dimen>
    <dimen name="x117">152.75dp</dimen>
    <dimen name="x118">154.06dp</dimen>
    <dimen name="x119">155.36dp</dimen>
    <dimen name="x120">156.67dp</dimen>
    <dimen name="x121">157.97dp</dimen>
    <dimen name="x122">159.28dp</dimen>
    <dimen name="x123">160.58dp</dimen>
    <dimen name="x124">161.89dp</dimen>
    <dimen name="x125">163.19dp</dimen>
    <dimen name="x126">164.50dp</dimen>
    <dimen name="x127">165.81dp</dimen>
    <dimen name="x128">167.11dp</dimen>
    <dimen name="x129">168.42dp</dimen>
    <dimen name="x130">169.72dp</dimen>
    <dimen name="x131">171.03dp</dimen>
    <dimen name="x132">172.33dp</dimen>
    <dimen name="x133">173.64dp</dimen>
    <dimen name="x134">174.94dp</dimen>
    <dimen name="x135">176.25dp</dimen>
    <dimen name="x136">177.56dp</dimen>
    <dimen name="x137">178.86dp</dimen>
    <dimen name="x138">180.17dp</dimen>
    <dimen name="x139">181.47dp</dimen>
    <dimen name="x140">182.78dp</dimen>
    <dimen name="x141">184.08dp</dimen>
    <dimen name="x142">185.39dp</dimen>
    <dimen name="x143">186.69dp</dimen>
    <dimen name="x144">188.00dp</dimen>
    <dimen name="x145">189.31dp</dimen>
    <dimen name="x146">190.61dp</dimen>
    <dimen name="x147">191.92dp</dimen>
    <dimen name="x148">193.22dp</dimen>
    <dimen name="x149">194.53dp</dimen>
    <dimen name="x150">195.83dp</dimen>
    <dimen name="x151">197.14dp</dimen>
    <dimen name="x152">198.44dp</dimen>
    <dimen name="x153">199.75dp</dimen>
    <dimen name="x154">201.06dp</dimen>
    <dimen name="x155">202.36dp</dimen>
    <dimen name="x156">203.67dp</dimen>
    <dimen name="x157">204.97dp</dimen>
    <dimen name="x158">206.28dp</dimen>
    <dimen name="x159">207.58dp</dimen>
    <dimen name="x160">208.89dp</dimen>
    <dimen name="x161">210.19dp</dimen>
    <dimen name="x162">211.50dp</dimen>
    <dimen name="x163">212.81dp</dimen>
    <dimen name="x164">214.11dp</dimen>
    <dimen name="x165">215.42dp</dimen>
    <dimen name="x166">216.72dp</dimen>
    <dimen name="x167">218.03dp</dimen>
    <dimen name="x168">219.33dp</dimen>
    <dimen name="x169">220.64dp</dimen>
    <dimen name="x170">221.94dp</dimen>
    <dimen name="x171">223.25dp</dimen>
    <dimen name="x172">224.56dp</dimen>
    <dimen name="x173">225.86dp</dimen>
    <dimen name="x174">227.17dp</dimen>
    <dimen name="x175">228.47dp</dimen>
    <dimen name="x176">229.78dp</dimen>
    <dimen name="x177">231.08dp</dimen>
    <dimen name="x178">232.39dp</dimen>
    <dimen name="x179">233.69dp</dimen>
    <dimen name="x180">235.00dp</dimen>
    <dimen name="x181">236.31dp</dimen>
    <dimen name="x182">237.61dp</dimen>
    <dimen name="x183">238.92dp</dimen>
    <dimen name="x184">240.22dp</dimen>
    <dimen name="x185">241.53dp</dimen>
    <dimen name="x186">242.83dp</dimen>
    <dimen name="x187">244.14dp</dimen>
    <dimen name="x188">245.44dp</dimen>
    <dimen name="x189">246.75dp</dimen>
    <dimen name="x190">248.06dp</dimen>
    <dimen name="x191">249.36dp</dimen>
    <dimen name="x192">250.67dp</dimen>
    <dimen name="x193">251.97dp</dimen>
    <dimen name="x194">253.28dp</dimen>
    <dimen name="x195">254.58dp</dimen>
    <dimen name="x196">255.89dp</dimen>
    <dimen name="x197">257.19dp</dimen>
    <dimen name="x198">258.50dp</dimen>
    <dimen name="x199">259.81dp</dimen>
    <dimen name="x200">261.11dp</dimen>
    <dimen name="x201">262.42dp</dimen>
    <dimen name="x202">263.72dp</dimen>
    <dimen name="x203">265.03dp</dimen>
    <dimen name="x204">266.33dp</dimen>
    <dimen name="x205">267.64dp</dimen>
    <dimen name="x206">268.94dp</dimen>
    <dimen name="x207">270.25dp</dimen>
    <dimen name="x208">271.56dp</dimen>
    <dimen name="x209">272.86dp</dimen>
    <dimen name="x210">274.17dp</dimen>
    <dimen name="x211">275.47dp</dimen>
    <dimen name="x212">276.78dp</dimen>
    <dimen name="x213">278.08dp</dimen>
    <dimen name="x214">279.39dp</dimen>
    <dimen name="x215">280.69dp</dimen>
    <dimen name="x216">282.00dp</dimen>
    <dimen name="x217">283.31dp</dimen>
    <dimen name="x218">284.61dp</dimen>
    <dimen name="x219">285.92dp</dimen>
    <dimen name="x220">287.22dp</dimen>
    <dimen name="x221">288.53dp</dimen>
    <dimen name="x222">289.83dp</dimen>
    <dimen name="x223">291.14dp</dimen>
    <dimen name="x224">292.44dp</dimen>
    <dimen name="x225">293.75dp</dimen>
    <dimen name="x226">295.06dp</dimen>
    <dimen name="x227">296.36dp</dimen>
    <dimen name="x228">297.67dp</dimen>
    <dimen name="x229">298.97dp</dimen>
    <dimen name="x230">300.28dp</dimen>
    <dimen name="x231">301.58dp</dimen>
    <dimen name="x232">302.89dp</dimen>
    <dimen name="x233">304.19dp</dimen>
    <dimen name="x234">305.50dp</dimen>
    <dimen name="x235">306.81dp</dimen>
    <dimen name="x236">308.11dp</dimen>
    <dimen name="x237">309.42dp</dimen>
    <dimen name="x238">310.72dp</dimen>
    <dimen name="x239">312.03dp</dimen>
    <dimen name="x240">313.33dp</dimen>
    <dimen name="x241">314.64dp</dimen>
    <dimen name="x242">315.94dp</dimen>
    <dimen name="x243">317.25dp</dimen>
    <dimen name="x244">318.56dp</dimen>
    <dimen name="x245">319.86dp</dimen>
    <dimen name="x246">321.17dp</dimen>
    <dimen name="x247">322.47dp</dimen>
    <dimen name="x248">323.78dp</dimen>
    <dimen name="x249">325.08dp</dimen>
    <dimen name="x250">326.39dp</dimen>
    <dimen name="x251">327.69dp</dimen>
    <dimen name="x252">329.00dp</dimen>
    <dimen name="x253">330.31dp</dimen>
    <dimen name="x254">331.61dp</dimen>
    <dimen name="x255">332.92dp</dimen>
    <dimen name="x256">334.22dp</dimen>
    <dimen name="x257">335.53dp</dimen>
    <dimen name="x258">336.83dp</dimen>
    <dimen name="x259">338.14dp</dimen>
    <dimen name="x260">339.44dp</dimen>
    <dimen name="x261">340.75dp</dimen>
    <dimen name="x262">342.06dp</dimen>
    <dimen name="x263">343.36dp</dimen>
    <dimen name="x264">344.67dp</dimen>
    <dimen name="x265">345.97dp</dimen>
    <dimen name="x266">347.28dp</dimen>
    <dimen name="x267">348.58dp</dimen>
    <dimen name="x268">349.89dp</dimen>
    <dimen name="x269">351.19dp</dimen>
    <dimen name="x270">352.50dp</dimen>
    <dimen name="x271">353.81dp</dimen>
    <dimen name="x272">355.11dp</dimen>
    <dimen name="x273">356.42dp</dimen>
    <dimen name="x274">357.72dp</dimen>
    <dimen name="x275">359.03dp</dimen>
    <dimen name="x276">360.33dp</dimen>
    <dimen name="x277">361.64dp</dimen>
    <dimen name="x278">362.94dp</dimen>
    <dimen name="x279">364.25dp</dimen>
    <dimen name="x280">365.56dp</dimen>
    <dimen name="x281">366.86dp</dimen>
    <dimen name="x282">368.17dp</dimen>
    <dimen name="x283">369.47dp</dimen>
    <dimen name="x284">370.78dp</dimen>
    <dimen name="x285">372.08dp</dimen>
    <dimen name="x286">373.39dp</dimen>
    <dimen name="x287">374.69dp</dimen>
    <dimen name="x288">376.00dp</dimen>
    <dimen name="x289">377.31dp</dimen>
    <dimen name="x290">378.61dp</dimen>
    <dimen name="x291">379.92dp</dimen>
    <dimen name="x292">381.22dp</dimen>
    <dimen name="x293">382.53dp</dimen>
    <dimen name="x294">383.83dp</dimen>
    <dimen name="x295">385.14dp</dimen>
    <dimen name="x296">386.44dp</dimen>
    <dimen name="x297">387.75dp</dimen>
    <dimen name="x298">389.06dp</dimen>
    <dimen name="x299">390.36dp</dimen>
    <dimen name="x300">391.67dp</dimen>
    <dimen name="x301">392.97dp</dimen>
    <dimen name="x302">394.28dp</dimen>
    <dimen name="x303">395.58dp</dimen>
    <dimen name="x304">396.89dp</dimen>
    <dimen name="x305">398.19dp</dimen>
    <dimen name="x306">399.50dp</dimen>
    <dimen name="x307">400.81dp</dimen>
    <dimen name="x308">402.11dp</dimen>
    <dimen name="x309">403.42dp</dimen>
    <dimen name="x310">404.72dp</dimen>
    <dimen name="x311">406.03dp</dimen>
    <dimen name="x312">407.33dp</dimen>
    <dimen name="x313">408.64dp</dimen>
    <dimen name="x314">409.94dp</dimen>
    <dimen name="x315">411.25dp</dimen>
    <dimen name="x316">412.56dp</dimen>
    <dimen name="x317">413.86dp</dimen>
    <dimen name="x318">415.17dp</dimen>
    <dimen name="x319">416.47dp</dimen>
    <dimen name="x320">417.78dp</dimen>
    <dimen name="x321">419.08dp</dimen>
    <dimen name="x322">420.39dp</dimen>
    <dimen name="x323">421.69dp</dimen>
    <dimen name="x324">423.00dp</dimen>
    <dimen name="x325">424.31dp</dimen>
    <dimen name="x326">425.61dp</dimen>
    <dimen name="x327">426.92dp</dimen>
    <dimen name="x328">428.22dp</dimen>
    <dimen name="x329">429.53dp</dimen>
    <dimen name="x330">430.83dp</dimen>
    <dimen name="x331">432.14dp</dimen>
    <dimen name="x332">433.44dp</dimen>
    <dimen name="x333">434.75dp</dimen>
    <dimen name="x334">436.06dp</dimen>
    <dimen name="x335">437.36dp</dimen>
    <dimen name="x336">438.67dp</dimen>
    <dimen name="x337">439.97dp</dimen>
    <dimen name="x338">441.28dp</dimen>
    <dimen name="x339">442.58dp</dimen>
    <dimen name="x340">443.89dp</dimen>
    <dimen name="x341">445.19dp</dimen>
    <dimen name="x342">446.50dp</dimen>
    <dimen name="x343">447.81dp</dimen>
    <dimen name="x344">449.11dp</dimen>
    <dimen name="x345">450.42dp</dimen>
    <dimen name="x346">451.72dp</dimen>
    <dimen name="x347">453.03dp</dimen>
    <dimen name="x348">454.33dp</dimen>
    <dimen name="x349">455.64dp</dimen>
    <dimen name="x350">456.94dp</dimen>
    <dimen name="x351">458.25dp</dimen>
    <dimen name="x352">459.56dp</dimen>
    <dimen name="x353">460.86dp</dimen>
    <dimen name="x354">462.17dp</dimen>
    <dimen name="x355">463.47dp</dimen>
    <dimen name="x356">464.78dp</dimen>
    <dimen name="x357">466.08dp</dimen>
    <dimen name="x358">467.39dp</dimen>
    <dimen name="x359">468.69dp</dimen>
    <dimen name="x360">470.00dp</dimen>
    <dimen name="x361">471.31dp</dimen>
    <dimen name="x362">472.61dp</dimen>
    <dimen name="x363">473.92dp</dimen>
    <dimen name="x364">475.22dp</dimen>
    <dimen name="x365">476.53dp</dimen>
    <dimen name="x366">477.83dp</dimen>
    <dimen name="x367">479.14dp</dimen>
    <dimen name="x368">480.44dp</dimen>
    <dimen name="x369">481.75dp</dimen>
    <dimen name="x370">483.06dp</dimen>
    <dimen name="x371">484.36dp</dimen>
    <dimen name="x372">485.67dp</dimen>
    <dimen name="x373">486.97dp</dimen>
    <dimen name="x374">488.28dp</dimen>
    <dimen name="x375">489.58dp</dimen>
    <dimen name="x376">490.89dp</dimen>
    <dimen name="x377">492.19dp</dimen>
    <dimen name="x378">493.50dp</dimen>
    <dimen name="x379">494.81dp</dimen>
    <dimen name="x380">496.11dp</dimen>
    <dimen name="x381">497.42dp</dimen>
    <dimen name="x382">498.72dp</dimen>
    <dimen name="x383">500.03dp</dimen>
    <dimen name="x384">501.33dp</dimen>
    <dimen name="x385">502.64dp</dimen>
    <dimen name="x386">503.94dp</dimen>
    <dimen name="x387">505.25dp</dimen>
    <dimen name="x388">506.56dp</dimen>
    <dimen name="x389">507.86dp</dimen>
    <dimen name="x390">509.17dp</dimen>
    <dimen name="x391">510.47dp</dimen>
    <dimen name="x392">511.78dp</dimen>
    <dimen name="x393">513.08dp</dimen>
    <dimen name="x394">514.39dp</dimen>
    <dimen name="x395">515.69dp</dimen>
    <dimen name="x396">517.00dp</dimen>
    <dimen name="x397">518.31dp</dimen>
    <dimen name="x398">519.61dp</dimen>
    <dimen name="x399">520.92dp</dimen>
    <dimen name="x400">522.22dp</dimen>
    <dimen name="x401">523.53dp</dimen>
    <dimen name="x402">524.83dp</dimen>
    <dimen name="x403">526.14dp</dimen>
    <dimen name="x404">527.44dp</dimen>
    <dimen name="x405">528.75dp</dimen>
    <dimen name="x406">530.06dp</dimen>
    <dimen name="x407">531.36dp</dimen>
    <dimen name="x408">532.67dp</dimen>
    <dimen name="x409">533.97dp</dimen>
    <dimen name="x410">535.28dp</dimen>
    <dimen name="x411">536.58dp</dimen>
    <dimen name="x412">537.89dp</dimen>
    <dimen name="x413">539.19dp</dimen>
    <dimen name="x414">540.50dp</dimen>
    <dimen name="x415">541.81dp</dimen>
    <dimen name="x416">543.11dp</dimen>
    <dimen name="x417">544.42dp</dimen>
    <dimen name="x418">545.72dp</dimen>
    <dimen name="x419">547.03dp</dimen>
    <dimen name="x420">548.33dp</dimen>
    <dimen name="x421">549.64dp</dimen>
    <dimen name="x422">550.94dp</dimen>
    <dimen name="x423">552.25dp</dimen>
    <dimen name="x424">553.56dp</dimen>
    <dimen name="x425">554.86dp</dimen>
    <dimen name="x426">556.17dp</dimen>
    <dimen name="x427">557.47dp</dimen>
    <dimen name="x428">558.78dp</dimen>
    <dimen name="x429">560.08dp</dimen>
    <dimen name="x430">561.39dp</dimen>
    <dimen name="x431">562.69dp</dimen>
    <dimen name="x432">564.00dp</dimen>
    <dimen name="x433">565.31dp</dimen>
    <dimen name="x434">566.61dp</dimen>
    <dimen name="x435">567.92dp</dimen>
    <dimen name="x436">569.22dp</dimen>
    <dimen name="x437">570.53dp</dimen>
    <dimen name="x438">571.83dp</dimen>
    <dimen name="x439">573.14dp</dimen>
    <dimen name="x440">574.44dp</dimen>
    <dimen name="x441">575.75dp</dimen>
    <dimen name="x442">577.06dp</dimen>
    <dimen name="x443">578.36dp</dimen>
    <dimen name="x444">579.67dp</dimen>
    <dimen name="x445">580.97dp</dimen>
    <dimen name="x446">582.28dp</dimen>
    <dimen name="x447">583.58dp</dimen>
    <dimen name="x448">584.89dp</dimen>
    <dimen name="x449">586.19dp</dimen>
    <dimen name="x450">587.50dp</dimen>
    <dimen name="x451">588.81dp</dimen>
    <dimen name="x452">590.11dp</dimen>
    <dimen name="x453">591.42dp</dimen>
    <dimen name="x454">592.72dp</dimen>
    <dimen name="x455">594.03dp</dimen>
    <dimen name="x456">595.33dp</dimen>
    <dimen name="x457">596.64dp</dimen>
    <dimen name="x458">597.94dp</dimen>
    <dimen name="x459">599.25dp</dimen>
    <dimen name="x460">600.56dp</dimen>
    <dimen name="x461">601.86dp</dimen>
    <dimen name="x462">603.17dp</dimen>
    <dimen name="x463">604.47dp</dimen>
    <dimen name="x464">605.78dp</dimen>
    <dimen name="x465">607.08dp</dimen>
    <dimen name="x466">608.39dp</dimen>
    <dimen name="x467">609.69dp</dimen>
    <dimen name="x468">611.00dp</dimen>
    <dimen name="x469">612.31dp</dimen>
    <dimen name="x470">613.61dp</dimen>
    <dimen name="x471">614.92dp</dimen>
    <dimen name="x472">616.22dp</dimen>
    <dimen name="x473">617.53dp</dimen>
    <dimen name="x474">618.83dp</dimen>
    <dimen name="x475">620.14dp</dimen>
    <dimen name="x476">621.44dp</dimen>
    <dimen name="x477">622.75dp</dimen>
    <dimen name="x478">624.06dp</dimen>
    <dimen name="x479">625.36dp</dimen>
    <dimen name="x480">626.67dp</dimen>
    <dimen name="x481">627.97dp</dimen>
    <dimen name="x482">629.28dp</dimen>
    <dimen name="x483">630.58dp</dimen>
    <dimen name="x484">631.89dp</dimen>
    <dimen name="x485">633.19dp</dimen>
    <dimen name="x486">634.50dp</dimen>
    <dimen name="x487">635.81dp</dimen>
    <dimen name="x488">637.11dp</dimen>
    <dimen name="x489">638.42dp</dimen>
    <dimen name="x490">639.72dp</dimen>
    <dimen name="x491">641.03dp</dimen>
    <dimen name="x492">642.33dp</dimen>
    <dimen name="x493">643.64dp</dimen>
    <dimen name="x494">644.94dp</dimen>
    <dimen name="x495">646.25dp</dimen>
    <dimen name="x496">647.56dp</dimen>
    <dimen name="x497">648.86dp</dimen>
    <dimen name="x498">650.17dp</dimen>
    <dimen name="x499">651.47dp</dimen>
    <dimen name="x500">652.78dp</dimen>
    <dimen name="x501">654.08dp</dimen>
    <dimen name="x502">655.39dp</dimen>
    <dimen name="x503">656.69dp</dimen>
    <dimen name="x504">658.00dp</dimen>
    <dimen name="x505">659.31dp</dimen>
    <dimen name="x506">660.61dp</dimen>
    <dimen name="x507">661.92dp</dimen>
    <dimen name="x508">663.22dp</dimen>
    <dimen name="x509">664.53dp</dimen>
    <dimen name="x510">665.83dp</dimen>
    <dimen name="x511">667.14dp</dimen>
    <dimen name="x512">668.44dp</dimen>
    <dimen name="x513">669.75dp</dimen>
    <dimen name="x514">671.06dp</dimen>
    <dimen name="x515">672.36dp</dimen>
    <dimen name="x516">673.67dp</dimen>
    <dimen name="x517">674.97dp</dimen>
    <dimen name="x518">676.28dp</dimen>
    <dimen name="x519">677.58dp</dimen>
    <dimen name="x520">678.89dp</dimen>
    <dimen name="x521">680.19dp</dimen>
    <dimen name="x522">681.50dp</dimen>
    <dimen name="x523">682.81dp</dimen>
    <dimen name="x524">684.11dp</dimen>
    <dimen name="x525">685.42dp</dimen>
    <dimen name="x526">686.72dp</dimen>
    <dimen name="x527">688.03dp</dimen>
    <dimen name="x528">689.33dp</dimen>
    <dimen name="x529">690.64dp</dimen>
    <dimen name="x530">691.94dp</dimen>
    <dimen name="x531">693.25dp</dimen>
    <dimen name="x532">694.56dp</dimen>
    <dimen name="x533">695.86dp</dimen>
    <dimen name="x534">697.17dp</dimen>
    <dimen name="x535">698.47dp</dimen>
    <dimen name="x536">699.78dp</dimen>
    <dimen name="x537">701.08dp</dimen>
    <dimen name="x538">702.39dp</dimen>
    <dimen name="x539">703.69dp</dimen>
    <dimen name="x540">705.00dp</dimen>
    <dimen name="x541">706.31dp</dimen>
    <dimen name="x542">707.61dp</dimen>
    <dimen name="x543">708.92dp</dimen>
    <dimen name="x544">710.22dp</dimen>
    <dimen name="x545">711.53dp</dimen>
    <dimen name="x546">712.83dp</dimen>
    <dimen name="x547">714.14dp</dimen>
    <dimen name="x548">715.44dp</dimen>
    <dimen name="x549">716.75dp</dimen>
    <dimen name="x550">718.06dp</dimen>
    <dimen name="x551">719.36dp</dimen>
    <dimen name="x552">720.67dp</dimen>
    <dimen name="x553">721.97dp</dimen>
    <dimen name="x554">723.28dp</dimen>
    <dimen name="x555">724.58dp</dimen>
    <dimen name="x556">725.89dp</dimen>
    <dimen name="x557">727.19dp</dimen>
    <dimen name="x558">728.50dp</dimen>
    <dimen name="x559">729.81dp</dimen>
    <dimen name="x560">731.11dp</dimen>
    <dimen name="x561">732.42dp</dimen>
    <dimen name="x562">733.72dp</dimen>
    <dimen name="x563">735.03dp</dimen>
    <dimen name="x564">736.33dp</dimen>
    <dimen name="x565">737.64dp</dimen>
    <dimen name="x566">738.94dp</dimen>
    <dimen name="x567">740.25dp</dimen>
    <dimen name="x568">741.56dp</dimen>
    <dimen name="x569">742.86dp</dimen>
    <dimen name="x570">744.17dp</dimen>
    <dimen name="x571">745.47dp</dimen>
    <dimen name="x572">746.78dp</dimen>
    <dimen name="x573">748.08dp</dimen>
    <dimen name="x574">749.39dp</dimen>
    <dimen name="x575">750.69dp</dimen>
    <dimen name="x576">752.00dp</dimen>
    <dimen name="x577">753.31dp</dimen>
    <dimen name="x578">754.61dp</dimen>
    <dimen name="x579">755.92dp</dimen>
    <dimen name="x580">757.22dp</dimen>
    <dimen name="x581">758.53dp</dimen>
    <dimen name="x582">759.83dp</dimen>
    <dimen name="x583">761.14dp</dimen>
    <dimen name="x584">762.44dp</dimen>
    <dimen name="x585">763.75dp</dimen>
    <dimen name="x586">765.06dp</dimen>
    <dimen name="x587">766.36dp</dimen>
    <dimen name="x588">767.67dp</dimen>
    <dimen name="x589">768.97dp</dimen>
    <dimen name="x590">770.28dp</dimen>
    <dimen name="x591">771.58dp</dimen>
    <dimen name="x592">772.89dp</dimen>
    <dimen name="x593">774.19dp</dimen>
    <dimen name="x594">775.50dp</dimen>
    <dimen name="x595">776.81dp</dimen>
    <dimen name="x596">778.11dp</dimen>
    <dimen name="x597">779.42dp</dimen>
    <dimen name="x598">780.72dp</dimen>
    <dimen name="x599">782.03dp</dimen>
    <dimen name="x600">783.33dp</dimen>
    <dimen name="x601">784.64dp</dimen>
    <dimen name="x602">785.94dp</dimen>
    <dimen name="x603">787.25dp</dimen>
    <dimen name="x604">788.56dp</dimen>
    <dimen name="x605">789.86dp</dimen>
    <dimen name="x606">791.17dp</dimen>
    <dimen name="x607">792.47dp</dimen>
    <dimen name="x608">793.78dp</dimen>
    <dimen name="x609">795.08dp</dimen>
    <dimen name="x610">796.39dp</dimen>
    <dimen name="x611">797.69dp</dimen>
    <dimen name="x612">799.00dp</dimen>
    <dimen name="x613">800.31dp</dimen>
    <dimen name="x614">801.61dp</dimen>
    <dimen name="x615">802.92dp</dimen>
    <dimen name="x616">804.22dp</dimen>
    <dimen name="x617">805.53dp</dimen>
    <dimen name="x618">806.83dp</dimen>
    <dimen name="x619">808.14dp</dimen>
    <dimen name="x620">809.44dp</dimen>
    <dimen name="x621">810.75dp</dimen>
    <dimen name="x622">812.06dp</dimen>
    <dimen name="x623">813.36dp</dimen>
    <dimen name="x624">814.67dp</dimen>
    <dimen name="x625">815.97dp</dimen>
    <dimen name="x626">817.28dp</dimen>
    <dimen name="x627">818.58dp</dimen>
    <dimen name="x628">819.89dp</dimen>
    <dimen name="x629">821.19dp</dimen>
    <dimen name="x630">822.50dp</dimen>
    <dimen name="x631">823.81dp</dimen>
    <dimen name="x632">825.11dp</dimen>
    <dimen name="x633">826.42dp</dimen>
    <dimen name="x634">827.72dp</dimen>
    <dimen name="x635">829.03dp</dimen>
    <dimen name="x636">830.33dp</dimen>
    <dimen name="x637">831.64dp</dimen>
    <dimen name="x638">832.94dp</dimen>
    <dimen name="x639">834.25dp</dimen>
    <dimen name="x640">835.56dp</dimen>
    <dimen name="x641">836.86dp</dimen>
    <dimen name="x642">838.17dp</dimen>
    <dimen name="x643">839.47dp</dimen>
    <dimen name="x644">840.78dp</dimen>
    <dimen name="x645">842.08dp</dimen>
    <dimen name="x646">843.39dp</dimen>
    <dimen name="x647">844.69dp</dimen>
    <dimen name="x648">846.00dp</dimen>
    <dimen name="x649">847.31dp</dimen>
    <dimen name="x650">848.61dp</dimen>
    <dimen name="x651">849.92dp</dimen>
    <dimen name="x652">851.22dp</dimen>
    <dimen name="x653">852.53dp</dimen>
    <dimen name="x654">853.83dp</dimen>
    <dimen name="x655">855.14dp</dimen>
    <dimen name="x656">856.44dp</dimen>
    <dimen name="x657">857.75dp</dimen>
    <dimen name="x658">859.06dp</dimen>
    <dimen name="x659">860.36dp</dimen>
    <dimen name="x660">861.67dp</dimen>
    <dimen name="x661">862.97dp</dimen>
    <dimen name="x662">864.28dp</dimen>
    <dimen name="x663">865.58dp</dimen>
    <dimen name="x664">866.89dp</dimen>
    <dimen name="x665">868.19dp</dimen>
    <dimen name="x666">869.50dp</dimen>
    <dimen name="x667">870.81dp</dimen>
    <dimen name="x668">872.11dp</dimen>
    <dimen name="x669">873.42dp</dimen>
    <dimen name="x670">874.72dp</dimen>
    <dimen name="x671">876.03dp</dimen>
    <dimen name="x672">877.33dp</dimen>
    <dimen name="x673">878.64dp</dimen>
    <dimen name="x674">879.94dp</dimen>
    <dimen name="x675">881.25dp</dimen>
    <dimen name="x676">882.56dp</dimen>
    <dimen name="x677">883.86dp</dimen>
    <dimen name="x678">885.17dp</dimen>
    <dimen name="x679">886.47dp</dimen>
    <dimen name="x680">887.78dp</dimen>
    <dimen name="x681">889.08dp</dimen>
    <dimen name="x682">890.39dp</dimen>
    <dimen name="x683">891.69dp</dimen>
    <dimen name="x684">893.00dp</dimen>
    <dimen name="x685">894.31dp</dimen>
    <dimen name="x686">895.61dp</dimen>
    <dimen name="x687">896.92dp</dimen>
    <dimen name="x688">898.22dp</dimen>
    <dimen name="x689">899.53dp</dimen>
    <dimen name="x690">900.83dp</dimen>
    <dimen name="x691">902.14dp</dimen>
    <dimen name="x692">903.44dp</dimen>
    <dimen name="x693">904.75dp</dimen>
    <dimen name="x694">906.06dp</dimen>
    <dimen name="x695">907.36dp</dimen>
    <dimen name="x696">908.67dp</dimen>
    <dimen name="x697">909.97dp</dimen>
    <dimen name="x698">911.28dp</dimen>
    <dimen name="x699">912.58dp</dimen>
    <dimen name="x700">913.89dp</dimen>
    <dimen name="x701">915.19dp</dimen>
    <dimen name="x702">916.50dp</dimen>
    <dimen name="x703">917.81dp</dimen>
    <dimen name="x704">919.11dp</dimen>
    <dimen name="x705">920.42dp</dimen>
    <dimen name="x706">921.72dp</dimen>
    <dimen name="x707">923.03dp</dimen>
    <dimen name="x708">924.33dp</dimen>
    <dimen name="x709">925.64dp</dimen>
    <dimen name="x710">926.94dp</dimen>
    <dimen name="x711">928.25dp</dimen>
    <dimen name="x712">929.56dp</dimen>
    <dimen name="x713">930.86dp</dimen>
    <dimen name="x714">932.17dp</dimen>
    <dimen name="x715">933.47dp</dimen>
    <dimen name="x716">934.78dp</dimen>
    <dimen name="x717">936.08dp</dimen>
    <dimen name="x718">937.39dp</dimen>
    <dimen name="x719">938.69dp</dimen>
    <dimen name="x720">940.00dp</dimen>
    <dimen name="x721">941.31dp</dimen>
    <dimen name="x722">942.61dp</dimen>
    <dimen name="x723">943.92dp</dimen>
    <dimen name="x724">945.22dp</dimen>
    <dimen name="x725">946.53dp</dimen>
    <dimen name="x726">947.83dp</dimen>
    <dimen name="x727">949.14dp</dimen>
    <dimen name="x728">950.44dp</dimen>
    <dimen name="x729">951.75dp</dimen>
    <dimen name="x730">953.06dp</dimen>
    <dimen name="x731">954.36dp</dimen>
    <dimen name="x732">955.67dp</dimen>
    <dimen name="x733">956.97dp</dimen>
    <dimen name="x734">958.28dp</dimen>
    <dimen name="x735">959.58dp</dimen>
    <dimen name="x736">960.89dp</dimen>
    <dimen name="x737">962.19dp</dimen>
    <dimen name="x738">963.50dp</dimen>
    <dimen name="x739">964.81dp</dimen>
    <dimen name="x740">966.11dp</dimen>
    <dimen name="x741">967.42dp</dimen>
    <dimen name="x742">968.72dp</dimen>
    <dimen name="x743">970.03dp</dimen>
    <dimen name="x744">971.33dp</dimen>
    <dimen name="x745">972.64dp</dimen>
    <dimen name="x746">973.94dp</dimen>
    <dimen name="x747">975.25dp</dimen>
    <dimen name="x748">976.56dp</dimen>
    <dimen name="x749">977.86dp</dimen>
    <dimen name="x750">979.17dp</dimen>
    <dimen name="x751">980.47dp</dimen>
    <dimen name="x752">981.78dp</dimen>
    <dimen name="x753">983.08dp</dimen>
    <dimen name="x754">984.39dp</dimen>
    <dimen name="x755">985.69dp</dimen>
    <dimen name="x756">987.00dp</dimen>
    <dimen name="x757">988.31dp</dimen>
    <dimen name="x758">989.61dp</dimen>
    <dimen name="x759">990.92dp</dimen>
    <dimen name="x760">992.22dp</dimen>
    <dimen name="x761">993.53dp</dimen>
    <dimen name="x762">994.83dp</dimen>
    <dimen name="x763">996.14dp</dimen>
    <dimen name="x764">997.44dp</dimen>
    <dimen name="x765">998.75dp</dimen>
    <dimen name="x766">1000.06dp</dimen>
    <dimen name="x767">1001.36dp</dimen>
    <dimen name="x768">1002.67dp</dimen>
    <dimen name="x769">1003.97dp</dimen>
    <dimen name="x770">1005.28dp</dimen>
    <dimen name="x771">1006.58dp</dimen>
    <dimen name="x772">1007.89dp</dimen>
    <dimen name="x773">1009.19dp</dimen>
    <dimen name="x774">1010.50dp</dimen>
    <dimen name="x775">1011.81dp</dimen>
    <dimen name="x776">1013.11dp</dimen>
    <dimen name="x777">1014.42dp</dimen>
    <dimen name="x778">1015.72dp</dimen>
    <dimen name="x779">1017.03dp</dimen>
    <dimen name="x780">1018.33dp</dimen>
    <dimen name="x781">1019.64dp</dimen>
    <dimen name="x782">1020.94dp</dimen>
    <dimen name="x783">1022.25dp</dimen>
    <dimen name="x784">1023.56dp</dimen>
    <dimen name="x785">1024.86dp</dimen>
    <dimen name="x786">1026.17dp</dimen>
    <dimen name="x787">1027.47dp</dimen>
    <dimen name="x788">1028.78dp</dimen>
    <dimen name="x789">1030.08dp</dimen>
    <dimen name="x790">1031.39dp</dimen>
    <dimen name="x791">1032.69dp</dimen>
    <dimen name="x792">1034.00dp</dimen>
    <dimen name="x793">1035.31dp</dimen>
    <dimen name="x794">1036.61dp</dimen>
    <dimen name="x795">1037.92dp</dimen>
    <dimen name="x796">1039.22dp</dimen>
    <dimen name="x797">1040.53dp</dimen>
    <dimen name="x798">1041.83dp</dimen>
    <dimen name="x799">1043.14dp</dimen>
    <dimen name="x800">1044.44dp</dimen>
    <dimen name="x801">1045.75dp</dimen>
    <dimen name="x802">1047.06dp</dimen>
    <dimen name="x803">1048.36dp</dimen>
    <dimen name="x804">1049.67dp</dimen>
    <dimen name="x805">1050.97dp</dimen>
    <dimen name="x806">1052.28dp</dimen>
    <dimen name="x807">1053.58dp</dimen>
    <dimen name="x808">1054.89dp</dimen>
    <dimen name="x809">1056.19dp</dimen>
    <dimen name="x810">1057.50dp</dimen>
    <dimen name="x811">1058.81dp</dimen>
    <dimen name="x812">1060.11dp</dimen>
    <dimen name="x813">1061.42dp</dimen>
    <dimen name="x814">1062.72dp</dimen>
    <dimen name="x815">1064.03dp</dimen>
    <dimen name="x816">1065.33dp</dimen>
    <dimen name="x817">1066.64dp</dimen>
    <dimen name="x818">1067.94dp</dimen>
    <dimen name="x819">1069.25dp</dimen>
    <dimen name="x820">1070.56dp</dimen>
    <dimen name="x821">1071.86dp</dimen>
    <dimen name="x822">1073.17dp</dimen>
    <dimen name="x823">1074.47dp</dimen>
    <dimen name="x824">1075.78dp</dimen>
    <dimen name="x825">1077.08dp</dimen>
    <dimen name="x826">1078.39dp</dimen>
    <dimen name="x827">1079.69dp</dimen>
    <dimen name="x828">1081.00dp</dimen>
    <dimen name="x829">1082.31dp</dimen>
    <dimen name="x830">1083.61dp</dimen>
    <dimen name="x831">1084.92dp</dimen>
    <dimen name="x832">1086.22dp</dimen>
    <dimen name="x833">1087.53dp</dimen>
    <dimen name="x834">1088.83dp</dimen>
    <dimen name="x835">1090.14dp</dimen>
    <dimen name="x836">1091.44dp</dimen>
    <dimen name="x837">1092.75dp</dimen>
    <dimen name="x838">1094.06dp</dimen>
    <dimen name="x839">1095.36dp</dimen>
    <dimen name="x840">1096.67dp</dimen>
    <dimen name="x841">1097.97dp</dimen>
    <dimen name="x842">1099.28dp</dimen>
    <dimen name="x843">1100.58dp</dimen>
    <dimen name="x844">1101.89dp</dimen>
    <dimen name="x845">1103.19dp</dimen>
    <dimen name="x846">1104.50dp</dimen>
    <dimen name="x847">1105.81dp</dimen>
    <dimen name="x848">1107.11dp</dimen>
    <dimen name="x849">1108.42dp</dimen>
    <dimen name="x850">1109.72dp</dimen>
    <dimen name="x851">1111.03dp</dimen>
    <dimen name="x852">1112.33dp</dimen>
    <dimen name="x853">1113.64dp</dimen>
    <dimen name="x854">1114.94dp</dimen>
    <dimen name="x855">1116.25dp</dimen>
    <dimen name="x856">1117.56dp</dimen>
    <dimen name="x857">1118.86dp</dimen>
    <dimen name="x858">1120.17dp</dimen>
    <dimen name="x859">1121.47dp</dimen>
    <dimen name="x860">1122.78dp</dimen>
    <dimen name="x861">1124.08dp</dimen>
    <dimen name="x862">1125.39dp</dimen>
    <dimen name="x863">1126.69dp</dimen>
    <dimen name="x864">1128.00dp</dimen>
    <dimen name="x865">1129.31dp</dimen>
    <dimen name="x866">1130.61dp</dimen>
    <dimen name="x867">1131.92dp</dimen>
    <dimen name="x868">1133.22dp</dimen>
    <dimen name="x869">1134.53dp</dimen>
    <dimen name="x870">1135.83dp</dimen>
    <dimen name="x871">1137.14dp</dimen>
    <dimen name="x872">1138.44dp</dimen>
    <dimen name="x873">1139.75dp</dimen>
    <dimen name="x874">1141.06dp</dimen>
    <dimen name="x875">1142.36dp</dimen>
    <dimen name="x876">1143.67dp</dimen>
    <dimen name="x877">1144.97dp</dimen>
    <dimen name="x878">1146.28dp</dimen>
    <dimen name="x879">1147.58dp</dimen>
    <dimen name="x880">1148.89dp</dimen>
    <dimen name="x881">1150.19dp</dimen>
    <dimen name="x882">1151.50dp</dimen>
    <dimen name="x883">1152.81dp</dimen>
    <dimen name="x884">1154.11dp</dimen>
    <dimen name="x885">1155.42dp</dimen>
    <dimen name="x886">1156.72dp</dimen>
    <dimen name="x887">1158.03dp</dimen>
    <dimen name="x888">1159.33dp</dimen>
    <dimen name="x889">1160.64dp</dimen>
    <dimen name="x890">1161.94dp</dimen>
    <dimen name="x891">1163.25dp</dimen>
    <dimen name="x892">1164.56dp</dimen>
    <dimen name="x893">1165.86dp</dimen>
    <dimen name="x894">1167.17dp</dimen>
    <dimen name="x895">1168.47dp</dimen>
    <dimen name="x896">1169.78dp</dimen>
    <dimen name="x897">1171.08dp</dimen>
    <dimen name="x898">1172.39dp</dimen>
    <dimen name="x899">1173.69dp</dimen>
    <dimen name="x900">1175.00dp</dimen>
    <dimen name="x901">1176.31dp</dimen>
    <dimen name="x902">1177.61dp</dimen>
    <dimen name="x903">1178.92dp</dimen>
    <dimen name="x904">1180.22dp</dimen>
    <dimen name="x905">1181.53dp</dimen>
    <dimen name="x906">1182.83dp</dimen>
    <dimen name="x907">1184.14dp</dimen>
    <dimen name="x908">1185.44dp</dimen>
    <dimen name="x909">1186.75dp</dimen>
    <dimen name="x910">1188.06dp</dimen>
    <dimen name="x911">1189.36dp</dimen>
    <dimen name="x912">1190.67dp</dimen>
    <dimen name="x913">1191.97dp</dimen>
    <dimen name="x914">1193.28dp</dimen>
    <dimen name="x915">1194.58dp</dimen>
    <dimen name="x916">1195.89dp</dimen>
    <dimen name="x917">1197.19dp</dimen>
    <dimen name="x918">1198.50dp</dimen>
    <dimen name="x919">1199.81dp</dimen>
    <dimen name="x920">1201.11dp</dimen>
    <dimen name="x921">1202.42dp</dimen>
    <dimen name="x922">1203.72dp</dimen>
    <dimen name="x923">1205.03dp</dimen>
    <dimen name="x924">1206.33dp</dimen>
    <dimen name="x925">1207.64dp</dimen>
    <dimen name="x926">1208.94dp</dimen>
    <dimen name="x927">1210.25dp</dimen>
    <dimen name="x928">1211.56dp</dimen>
    <dimen name="x929">1212.86dp</dimen>
    <dimen name="x930">1214.17dp</dimen>
    <dimen name="x931">1215.47dp</dimen>
    <dimen name="x932">1216.78dp</dimen>
    <dimen name="x933">1218.08dp</dimen>
    <dimen name="x934">1219.39dp</dimen>
    <dimen name="x935">1220.69dp</dimen>
    <dimen name="x936">1222.00dp</dimen>
    <dimen name="x937">1223.31dp</dimen>
    <dimen name="x938">1224.61dp</dimen>
    <dimen name="x939">1225.92dp</dimen>
    <dimen name="x940">1227.22dp</dimen>
    <dimen name="x941">1228.53dp</dimen>
    <dimen name="x942">1229.83dp</dimen>
    <dimen name="x943">1231.14dp</dimen>
    <dimen name="x944">1232.44dp</dimen>
    <dimen name="x945">1233.75dp</dimen>
    <dimen name="x946">1235.06dp</dimen>
    <dimen name="x947">1236.36dp</dimen>
    <dimen name="x948">1237.67dp</dimen>
    <dimen name="x949">1238.97dp</dimen>
    <dimen name="x950">1240.28dp</dimen>
    <dimen name="x951">1241.58dp</dimen>
    <dimen name="x952">1242.89dp</dimen>
    <dimen name="x953">1244.19dp</dimen>
    <dimen name="x954">1245.50dp</dimen>
    <dimen name="x955">1246.81dp</dimen>
    <dimen name="x956">1248.11dp</dimen>
    <dimen name="x957">1249.42dp</dimen>
    <dimen name="x958">1250.72dp</dimen>
    <dimen name="x959">1252.03dp</dimen>
    <dimen name="x960">1253.33dp</dimen>
    <dimen name="x961">1254.64dp</dimen>
    <dimen name="x962">1255.94dp</dimen>
    <dimen name="x963">1257.25dp</dimen>
    <dimen name="x964">1258.56dp</dimen>
    <dimen name="x965">1259.86dp</dimen>
    <dimen name="x966">1261.17dp</dimen>
    <dimen name="x967">1262.47dp</dimen>
    <dimen name="x968">1263.78dp</dimen>
    <dimen name="x969">1265.08dp</dimen>
    <dimen name="x970">1266.39dp</dimen>
    <dimen name="x971">1267.69dp</dimen>
    <dimen name="x972">1269.00dp</dimen>
    <dimen name="x973">1270.31dp</dimen>
    <dimen name="x974">1271.61dp</dimen>
    <dimen name="x975">1272.92dp</dimen>
    <dimen name="x976">1274.22dp</dimen>
    <dimen name="x977">1275.53dp</dimen>
    <dimen name="x978">1276.83dp</dimen>
    <dimen name="x979">1278.14dp</dimen>
    <dimen name="x980">1279.44dp</dimen>
    <dimen name="x981">1280.75dp</dimen>
    <dimen name="x982">1282.06dp</dimen>
    <dimen name="x983">1283.36dp</dimen>
    <dimen name="x984">1284.67dp</dimen>
    <dimen name="x985">1285.97dp</dimen>
    <dimen name="x986">1287.28dp</dimen>
    <dimen name="x987">1288.58dp</dimen>
    <dimen name="x988">1289.89dp</dimen>
    <dimen name="x989">1291.19dp</dimen>
    <dimen name="x990">1292.50dp</dimen>
    <dimen name="x991">1293.81dp</dimen>
    <dimen name="x992">1295.11dp</dimen>
    <dimen name="x993">1296.42dp</dimen>
    <dimen name="x994">1297.72dp</dimen>
    <dimen name="x995">1299.03dp</dimen>
    <dimen name="x996">1300.33dp</dimen>
    <dimen name="x997">1301.64dp</dimen>
    <dimen name="x998">1302.94dp</dimen>
    <dimen name="x999">1304.25dp</dimen>
    <dimen name="x1000">1305.56dp</dimen>
    <dimen name="x1001">1306.86dp</dimen>
    <dimen name="x1002">1308.17dp</dimen>
    <dimen name="x1003">1309.47dp</dimen>
    <dimen name="x1004">1310.78dp</dimen>
    <dimen name="x1005">1312.08dp</dimen>
    <dimen name="x1006">1313.39dp</dimen>
    <dimen name="x1007">1314.69dp</dimen>
    <dimen name="x1008">1316.00dp</dimen>
    <dimen name="x1009">1317.31dp</dimen>
    <dimen name="x1010">1318.61dp</dimen>
    <dimen name="x1011">1319.92dp</dimen>
    <dimen name="x1012">1321.22dp</dimen>
    <dimen name="x1013">1322.53dp</dimen>
    <dimen name="x1014">1323.83dp</dimen>
    <dimen name="x1015">1325.14dp</dimen>
    <dimen name="x1016">1326.44dp</dimen>
    <dimen name="x1017">1327.75dp</dimen>
    <dimen name="x1018">1329.06dp</dimen>
    <dimen name="x1019">1330.36dp</dimen>
    <dimen name="x1020">1331.67dp</dimen>
    <dimen name="x1021">1332.97dp</dimen>
    <dimen name="x1022">1334.28dp</dimen>
    <dimen name="x1023">1335.58dp</dimen>
    <dimen name="x1024">1336.89dp</dimen>
    <dimen name="x1025">1338.19dp</dimen>
    <dimen name="x1026">1339.50dp</dimen>
    <dimen name="x1027">1340.81dp</dimen>
    <dimen name="x1028">1342.11dp</dimen>
    <dimen name="x1029">1343.42dp</dimen>
    <dimen name="x1030">1344.72dp</dimen>
    <dimen name="x1031">1346.03dp</dimen>
    <dimen name="x1032">1347.33dp</dimen>
    <dimen name="x1033">1348.64dp</dimen>
    <dimen name="x1034">1349.94dp</dimen>
    <dimen name="x1035">1351.25dp</dimen>
    <dimen name="x1036">1352.56dp</dimen>
    <dimen name="x1037">1353.86dp</dimen>
    <dimen name="x1038">1355.17dp</dimen>
    <dimen name="x1039">1356.47dp</dimen>
    <dimen name="x1040">1357.78dp</dimen>
    <dimen name="x1041">1359.08dp</dimen>
    <dimen name="x1042">1360.39dp</dimen>
    <dimen name="x1043">1361.69dp</dimen>
    <dimen name="x1044">1363.00dp</dimen>
    <dimen name="x1045">1364.31dp</dimen>
    <dimen name="x1046">1365.61dp</dimen>
    <dimen name="x1047">1366.92dp</dimen>
    <dimen name="x1048">1368.22dp</dimen>
    <dimen name="x1049">1369.53dp</dimen>
    <dimen name="x1050">1370.83dp</dimen>
    <dimen name="x1051">1372.14dp</dimen>
    <dimen name="x1052">1373.44dp</dimen>
    <dimen name="x1053">1374.75dp</dimen>
    <dimen name="x1054">1376.06dp</dimen>
    <dimen name="x1055">1377.36dp</dimen>
    <dimen name="x1056">1378.67dp</dimen>
    <dimen name="x1057">1379.97dp</dimen>
    <dimen name="x1058">1381.28dp</dimen>
    <dimen name="x1059">1382.58dp</dimen>
    <dimen name="x1060">1383.89dp</dimen>
    <dimen name="x1061">1385.19dp</dimen>
    <dimen name="x1062">1386.50dp</dimen>
    <dimen name="x1063">1387.81dp</dimen>
    <dimen name="x1064">1389.11dp</dimen>
    <dimen name="x1065">1390.42dp</dimen>
    <dimen name="x1066">1391.72dp</dimen>
    <dimen name="x1067">1393.03dp</dimen>
    <dimen name="x1068">1394.33dp</dimen>
    <dimen name="x1069">1395.64dp</dimen>
    <dimen name="x1070">1396.94dp</dimen>
    <dimen name="x1071">1398.25dp</dimen>
    <dimen name="x1072">1399.56dp</dimen>
    <dimen name="x1073">1400.86dp</dimen>
    <dimen name="x1074">1402.17dp</dimen>
    <dimen name="x1075">1403.47dp</dimen>
    <dimen name="x1076">1404.78dp</dimen>
    <dimen name="x1077">1406.08dp</dimen>
    <dimen name="x1078">1407.39dp</dimen>
    <dimen name="x1079">1408.69dp</dimen>
    <dimen name="x1080">1410.00dp</dimen>
</resources>