<?xml version="1.0" encoding="utf-8"?>
<resources>
    <string name="sw_dp">1820dp</string>
    <dimen name="x1">1.69dp</dimen>
    <dimen name="x2">3.37dp</dimen>
    <dimen name="x3">5.06dp</dimen>
    <dimen name="x4">6.74dp</dimen>
    <dimen name="x5">8.43dp</dimen>
    <dimen name="x6">10.11dp</dimen>
    <dimen name="x7">11.80dp</dimen>
    <dimen name="x8">13.48dp</dimen>
    <dimen name="x9">15.17dp</dimen>
    <dimen name="x10">16.85dp</dimen>
    <dimen name="x11">18.54dp</dimen>
    <dimen name="x12">20.22dp</dimen>
    <dimen name="x13">21.91dp</dimen>
    <dimen name="x14">23.59dp</dimen>
    <dimen name="x15">25.28dp</dimen>
    <dimen name="x16">26.96dp</dimen>
    <dimen name="x17">28.65dp</dimen>
    <dimen name="x18">30.33dp</dimen>
    <dimen name="x19">32.02dp</dimen>
    <dimen name="x20">33.70dp</dimen>
    <dimen name="x21">35.39dp</dimen>
    <dimen name="x22">37.07dp</dimen>
    <dimen name="x23">38.76dp</dimen>
    <dimen name="x24">40.44dp</dimen>
    <dimen name="x25">42.13dp</dimen>
    <dimen name="x26">43.81dp</dimen>
    <dimen name="x27">45.50dp</dimen>
    <dimen name="x28">47.19dp</dimen>
    <dimen name="x29">48.87dp</dimen>
    <dimen name="x30">50.56dp</dimen>
    <dimen name="x31">52.24dp</dimen>
    <dimen name="x32">53.93dp</dimen>
    <dimen name="x33">55.61dp</dimen>
    <dimen name="x34">57.30dp</dimen>
    <dimen name="x35">58.98dp</dimen>
    <dimen name="x36">60.67dp</dimen>
    <dimen name="x37">62.35dp</dimen>
    <dimen name="x38">64.04dp</dimen>
    <dimen name="x39">65.72dp</dimen>
    <dimen name="x40">67.41dp</dimen>
    <dimen name="x41">69.09dp</dimen>
    <dimen name="x42">70.78dp</dimen>
    <dimen name="x43">72.46dp</dimen>
    <dimen name="x44">74.15dp</dimen>
    <dimen name="x45">75.83dp</dimen>
    <dimen name="x46">77.52dp</dimen>
    <dimen name="x47">79.20dp</dimen>
    <dimen name="x48">80.89dp</dimen>
    <dimen name="x49">82.57dp</dimen>
    <dimen name="x50">84.26dp</dimen>
    <dimen name="x51">85.94dp</dimen>
    <dimen name="x52">87.63dp</dimen>
    <dimen name="x53">89.31dp</dimen>
    <dimen name="x54">91.00dp</dimen>
    <dimen name="x55">92.69dp</dimen>
    <dimen name="x56">94.37dp</dimen>
    <dimen name="x57">96.06dp</dimen>
    <dimen name="x58">97.74dp</dimen>
    <dimen name="x59">99.43dp</dimen>
    <dimen name="x60">101.11dp</dimen>
    <dimen name="x61">102.80dp</dimen>
    <dimen name="x62">104.48dp</dimen>
    <dimen name="x63">106.17dp</dimen>
    <dimen name="x64">107.85dp</dimen>
    <dimen name="x65">109.54dp</dimen>
    <dimen name="x66">111.22dp</dimen>
    <dimen name="x67">112.91dp</dimen>
    <dimen name="x68">114.59dp</dimen>
    <dimen name="x69">116.28dp</dimen>
    <dimen name="x70">117.96dp</dimen>
    <dimen name="x71">119.65dp</dimen>
    <dimen name="x72">121.33dp</dimen>
    <dimen name="x73">123.02dp</dimen>
    <dimen name="x74">124.70dp</dimen>
    <dimen name="x75">126.39dp</dimen>
    <dimen name="x76">128.07dp</dimen>
    <dimen name="x77">129.76dp</dimen>
    <dimen name="x78">131.44dp</dimen>
    <dimen name="x79">133.13dp</dimen>
    <dimen name="x80">134.81dp</dimen>
    <dimen name="x81">136.50dp</dimen>
    <dimen name="x82">138.19dp</dimen>
    <dimen name="x83">139.87dp</dimen>
    <dimen name="x84">141.56dp</dimen>
    <dimen name="x85">143.24dp</dimen>
    <dimen name="x86">144.93dp</dimen>
    <dimen name="x87">146.61dp</dimen>
    <dimen name="x88">148.30dp</dimen>
    <dimen name="x89">149.98dp</dimen>
    <dimen name="x90">151.67dp</dimen>
    <dimen name="x91">153.35dp</dimen>
    <dimen name="x92">155.04dp</dimen>
    <dimen name="x93">156.72dp</dimen>
    <dimen name="x94">158.41dp</dimen>
    <dimen name="x95">160.09dp</dimen>
    <dimen name="x96">161.78dp</dimen>
    <dimen name="x97">163.46dp</dimen>
    <dimen name="x98">165.15dp</dimen>
    <dimen name="x99">166.83dp</dimen>
    <dimen name="x100">168.52dp</dimen>
    <dimen name="x101">170.20dp</dimen>
    <dimen name="x102">171.89dp</dimen>
    <dimen name="x103">173.57dp</dimen>
    <dimen name="x104">175.26dp</dimen>
    <dimen name="x105">176.94dp</dimen>
    <dimen name="x106">178.63dp</dimen>
    <dimen name="x107">180.31dp</dimen>
    <dimen name="x108">182.00dp</dimen>
    <dimen name="x109">183.69dp</dimen>
    <dimen name="x110">185.37dp</dimen>
    <dimen name="x111">187.06dp</dimen>
    <dimen name="x112">188.74dp</dimen>
    <dimen name="x113">190.43dp</dimen>
    <dimen name="x114">192.11dp</dimen>
    <dimen name="x115">193.80dp</dimen>
    <dimen name="x116">195.48dp</dimen>
    <dimen name="x117">197.17dp</dimen>
    <dimen name="x118">198.85dp</dimen>
    <dimen name="x119">200.54dp</dimen>
    <dimen name="x120">202.22dp</dimen>
    <dimen name="x121">203.91dp</dimen>
    <dimen name="x122">205.59dp</dimen>
    <dimen name="x123">207.28dp</dimen>
    <dimen name="x124">208.96dp</dimen>
    <dimen name="x125">210.65dp</dimen>
    <dimen name="x126">212.33dp</dimen>
    <dimen name="x127">214.02dp</dimen>
    <dimen name="x128">215.70dp</dimen>
    <dimen name="x129">217.39dp</dimen>
    <dimen name="x130">219.07dp</dimen>
    <dimen name="x131">220.76dp</dimen>
    <dimen name="x132">222.44dp</dimen>
    <dimen name="x133">224.13dp</dimen>
    <dimen name="x134">225.81dp</dimen>
    <dimen name="x135">227.50dp</dimen>
    <dimen name="x136">229.19dp</dimen>
    <dimen name="x137">230.87dp</dimen>
    <dimen name="x138">232.56dp</dimen>
    <dimen name="x139">234.24dp</dimen>
    <dimen name="x140">235.93dp</dimen>
    <dimen name="x141">237.61dp</dimen>
    <dimen name="x142">239.30dp</dimen>
    <dimen name="x143">240.98dp</dimen>
    <dimen name="x144">242.67dp</dimen>
    <dimen name="x145">244.35dp</dimen>
    <dimen name="x146">246.04dp</dimen>
    <dimen name="x147">247.72dp</dimen>
    <dimen name="x148">249.41dp</dimen>
    <dimen name="x149">251.09dp</dimen>
    <dimen name="x150">252.78dp</dimen>
    <dimen name="x151">254.46dp</dimen>
    <dimen name="x152">256.15dp</dimen>
    <dimen name="x153">257.83dp</dimen>
    <dimen name="x154">259.52dp</dimen>
    <dimen name="x155">261.20dp</dimen>
    <dimen name="x156">262.89dp</dimen>
    <dimen name="x157">264.57dp</dimen>
    <dimen name="x158">266.26dp</dimen>
    <dimen name="x159">267.94dp</dimen>
    <dimen name="x160">269.63dp</dimen>
    <dimen name="x161">271.31dp</dimen>
    <dimen name="x162">273.00dp</dimen>
    <dimen name="x163">274.69dp</dimen>
    <dimen name="x164">276.37dp</dimen>
    <dimen name="x165">278.06dp</dimen>
    <dimen name="x166">279.74dp</dimen>
    <dimen name="x167">281.43dp</dimen>
    <dimen name="x168">283.11dp</dimen>
    <dimen name="x169">284.80dp</dimen>
    <dimen name="x170">286.48dp</dimen>
    <dimen name="x171">288.17dp</dimen>
    <dimen name="x172">289.85dp</dimen>
    <dimen name="x173">291.54dp</dimen>
    <dimen name="x174">293.22dp</dimen>
    <dimen name="x175">294.91dp</dimen>
    <dimen name="x176">296.59dp</dimen>
    <dimen name="x177">298.28dp</dimen>
    <dimen name="x178">299.96dp</dimen>
    <dimen name="x179">301.65dp</dimen>
    <dimen name="x180">303.33dp</dimen>
    <dimen name="x181">305.02dp</dimen>
    <dimen name="x182">306.70dp</dimen>
    <dimen name="x183">308.39dp</dimen>
    <dimen name="x184">310.07dp</dimen>
    <dimen name="x185">311.76dp</dimen>
    <dimen name="x186">313.44dp</dimen>
    <dimen name="x187">315.13dp</dimen>
    <dimen name="x188">316.81dp</dimen>
    <dimen name="x189">318.50dp</dimen>
    <dimen name="x190">320.19dp</dimen>
    <dimen name="x191">321.87dp</dimen>
    <dimen name="x192">323.56dp</dimen>
    <dimen name="x193">325.24dp</dimen>
    <dimen name="x194">326.93dp</dimen>
    <dimen name="x195">328.61dp</dimen>
    <dimen name="x196">330.30dp</dimen>
    <dimen name="x197">331.98dp</dimen>
    <dimen name="x198">333.67dp</dimen>
    <dimen name="x199">335.35dp</dimen>
    <dimen name="x200">337.04dp</dimen>
    <dimen name="x201">338.72dp</dimen>
    <dimen name="x202">340.41dp</dimen>
    <dimen name="x203">342.09dp</dimen>
    <dimen name="x204">343.78dp</dimen>
    <dimen name="x205">345.46dp</dimen>
    <dimen name="x206">347.15dp</dimen>
    <dimen name="x207">348.83dp</dimen>
    <dimen name="x208">350.52dp</dimen>
    <dimen name="x209">352.20dp</dimen>
    <dimen name="x210">353.89dp</dimen>
    <dimen name="x211">355.57dp</dimen>
    <dimen name="x212">357.26dp</dimen>
    <dimen name="x213">358.94dp</dimen>
    <dimen name="x214">360.63dp</dimen>
    <dimen name="x215">362.31dp</dimen>
    <dimen name="x216">364.00dp</dimen>
    <dimen name="x217">365.69dp</dimen>
    <dimen name="x218">367.37dp</dimen>
    <dimen name="x219">369.06dp</dimen>
    <dimen name="x220">370.74dp</dimen>
    <dimen name="x221">372.43dp</dimen>
    <dimen name="x222">374.11dp</dimen>
    <dimen name="x223">375.80dp</dimen>
    <dimen name="x224">377.48dp</dimen>
    <dimen name="x225">379.17dp</dimen>
    <dimen name="x226">380.85dp</dimen>
    <dimen name="x227">382.54dp</dimen>
    <dimen name="x228">384.22dp</dimen>
    <dimen name="x229">385.91dp</dimen>
    <dimen name="x230">387.59dp</dimen>
    <dimen name="x231">389.28dp</dimen>
    <dimen name="x232">390.96dp</dimen>
    <dimen name="x233">392.65dp</dimen>
    <dimen name="x234">394.33dp</dimen>
    <dimen name="x235">396.02dp</dimen>
    <dimen name="x236">397.70dp</dimen>
    <dimen name="x237">399.39dp</dimen>
    <dimen name="x238">401.07dp</dimen>
    <dimen name="x239">402.76dp</dimen>
    <dimen name="x240">404.44dp</dimen>
    <dimen name="x241">406.13dp</dimen>
    <dimen name="x242">407.81dp</dimen>
    <dimen name="x243">409.50dp</dimen>
    <dimen name="x244">411.19dp</dimen>
    <dimen name="x245">412.87dp</dimen>
    <dimen name="x246">414.56dp</dimen>
    <dimen name="x247">416.24dp</dimen>
    <dimen name="x248">417.93dp</dimen>
    <dimen name="x249">419.61dp</dimen>
    <dimen name="x250">421.30dp</dimen>
    <dimen name="x251">422.98dp</dimen>
    <dimen name="x252">424.67dp</dimen>
    <dimen name="x253">426.35dp</dimen>
    <dimen name="x254">428.04dp</dimen>
    <dimen name="x255">429.72dp</dimen>
    <dimen name="x256">431.41dp</dimen>
    <dimen name="x257">433.09dp</dimen>
    <dimen name="x258">434.78dp</dimen>
    <dimen name="x259">436.46dp</dimen>
    <dimen name="x260">438.15dp</dimen>
    <dimen name="x261">439.83dp</dimen>
    <dimen name="x262">441.52dp</dimen>
    <dimen name="x263">443.20dp</dimen>
    <dimen name="x264">444.89dp</dimen>
    <dimen name="x265">446.57dp</dimen>
    <dimen name="x266">448.26dp</dimen>
    <dimen name="x267">449.94dp</dimen>
    <dimen name="x268">451.63dp</dimen>
    <dimen name="x269">453.31dp</dimen>
    <dimen name="x270">455.00dp</dimen>
    <dimen name="x271">456.69dp</dimen>
    <dimen name="x272">458.37dp</dimen>
    <dimen name="x273">460.06dp</dimen>
    <dimen name="x274">461.74dp</dimen>
    <dimen name="x275">463.43dp</dimen>
    <dimen name="x276">465.11dp</dimen>
    <dimen name="x277">466.80dp</dimen>
    <dimen name="x278">468.48dp</dimen>
    <dimen name="x279">470.17dp</dimen>
    <dimen name="x280">471.85dp</dimen>
    <dimen name="x281">473.54dp</dimen>
    <dimen name="x282">475.22dp</dimen>
    <dimen name="x283">476.91dp</dimen>
    <dimen name="x284">478.59dp</dimen>
    <dimen name="x285">480.28dp</dimen>
    <dimen name="x286">481.96dp</dimen>
    <dimen name="x287">483.65dp</dimen>
    <dimen name="x288">485.33dp</dimen>
    <dimen name="x289">487.02dp</dimen>
    <dimen name="x290">488.70dp</dimen>
    <dimen name="x291">490.39dp</dimen>
    <dimen name="x292">492.07dp</dimen>
    <dimen name="x293">493.76dp</dimen>
    <dimen name="x294">495.44dp</dimen>
    <dimen name="x295">497.13dp</dimen>
    <dimen name="x296">498.81dp</dimen>
    <dimen name="x297">500.50dp</dimen>
    <dimen name="x298">502.19dp</dimen>
    <dimen name="x299">503.87dp</dimen>
    <dimen name="x300">505.56dp</dimen>
    <dimen name="x301">507.24dp</dimen>
    <dimen name="x302">508.93dp</dimen>
    <dimen name="x303">510.61dp</dimen>
    <dimen name="x304">512.30dp</dimen>
    <dimen name="x305">513.98dp</dimen>
    <dimen name="x306">515.67dp</dimen>
    <dimen name="x307">517.35dp</dimen>
    <dimen name="x308">519.04dp</dimen>
    <dimen name="x309">520.72dp</dimen>
    <dimen name="x310">522.41dp</dimen>
    <dimen name="x311">524.09dp</dimen>
    <dimen name="x312">525.78dp</dimen>
    <dimen name="x313">527.46dp</dimen>
    <dimen name="x314">529.15dp</dimen>
    <dimen name="x315">530.83dp</dimen>
    <dimen name="x316">532.52dp</dimen>
    <dimen name="x317">534.20dp</dimen>
    <dimen name="x318">535.89dp</dimen>
    <dimen name="x319">537.57dp</dimen>
    <dimen name="x320">539.26dp</dimen>
    <dimen name="x321">540.94dp</dimen>
    <dimen name="x322">542.63dp</dimen>
    <dimen name="x323">544.31dp</dimen>
    <dimen name="x324">546.00dp</dimen>
    <dimen name="x325">547.69dp</dimen>
    <dimen name="x326">549.37dp</dimen>
    <dimen name="x327">551.06dp</dimen>
    <dimen name="x328">552.74dp</dimen>
    <dimen name="x329">554.43dp</dimen>
    <dimen name="x330">556.11dp</dimen>
    <dimen name="x331">557.80dp</dimen>
    <dimen name="x332">559.48dp</dimen>
    <dimen name="x333">561.17dp</dimen>
    <dimen name="x334">562.85dp</dimen>
    <dimen name="x335">564.54dp</dimen>
    <dimen name="x336">566.22dp</dimen>
    <dimen name="x337">567.91dp</dimen>
    <dimen name="x338">569.59dp</dimen>
    <dimen name="x339">571.28dp</dimen>
    <dimen name="x340">572.96dp</dimen>
    <dimen name="x341">574.65dp</dimen>
    <dimen name="x342">576.33dp</dimen>
    <dimen name="x343">578.02dp</dimen>
    <dimen name="x344">579.70dp</dimen>
    <dimen name="x345">581.39dp</dimen>
    <dimen name="x346">583.07dp</dimen>
    <dimen name="x347">584.76dp</dimen>
    <dimen name="x348">586.44dp</dimen>
    <dimen name="x349">588.13dp</dimen>
    <dimen name="x350">589.81dp</dimen>
    <dimen name="x351">591.50dp</dimen>
    <dimen name="x352">593.19dp</dimen>
    <dimen name="x353">594.87dp</dimen>
    <dimen name="x354">596.56dp</dimen>
    <dimen name="x355">598.24dp</dimen>
    <dimen name="x356">599.93dp</dimen>
    <dimen name="x357">601.61dp</dimen>
    <dimen name="x358">603.30dp</dimen>
    <dimen name="x359">604.98dp</dimen>
    <dimen name="x360">606.67dp</dimen>
    <dimen name="x361">608.35dp</dimen>
    <dimen name="x362">610.04dp</dimen>
    <dimen name="x363">611.72dp</dimen>
    <dimen name="x364">613.41dp</dimen>
    <dimen name="x365">615.09dp</dimen>
    <dimen name="x366">616.78dp</dimen>
    <dimen name="x367">618.46dp</dimen>
    <dimen name="x368">620.15dp</dimen>
    <dimen name="x369">621.83dp</dimen>
    <dimen name="x370">623.52dp</dimen>
    <dimen name="x371">625.20dp</dimen>
    <dimen name="x372">626.89dp</dimen>
    <dimen name="x373">628.57dp</dimen>
    <dimen name="x374">630.26dp</dimen>
    <dimen name="x375">631.94dp</dimen>
    <dimen name="x376">633.63dp</dimen>
    <dimen name="x377">635.31dp</dimen>
    <dimen name="x378">637.00dp</dimen>
    <dimen name="x379">638.69dp</dimen>
    <dimen name="x380">640.37dp</dimen>
    <dimen name="x381">642.06dp</dimen>
    <dimen name="x382">643.74dp</dimen>
    <dimen name="x383">645.43dp</dimen>
    <dimen name="x384">647.11dp</dimen>
    <dimen name="x385">648.80dp</dimen>
    <dimen name="x386">650.48dp</dimen>
    <dimen name="x387">652.17dp</dimen>
    <dimen name="x388">653.85dp</dimen>
    <dimen name="x389">655.54dp</dimen>
    <dimen name="x390">657.22dp</dimen>
    <dimen name="x391">658.91dp</dimen>
    <dimen name="x392">660.59dp</dimen>
    <dimen name="x393">662.28dp</dimen>
    <dimen name="x394">663.96dp</dimen>
    <dimen name="x395">665.65dp</dimen>
    <dimen name="x396">667.33dp</dimen>
    <dimen name="x397">669.02dp</dimen>
    <dimen name="x398">670.70dp</dimen>
    <dimen name="x399">672.39dp</dimen>
    <dimen name="x400">674.07dp</dimen>
    <dimen name="x401">675.76dp</dimen>
    <dimen name="x402">677.44dp</dimen>
    <dimen name="x403">679.13dp</dimen>
    <dimen name="x404">680.81dp</dimen>
    <dimen name="x405">682.50dp</dimen>
    <dimen name="x406">684.19dp</dimen>
    <dimen name="x407">685.87dp</dimen>
    <dimen name="x408">687.56dp</dimen>
    <dimen name="x409">689.24dp</dimen>
    <dimen name="x410">690.93dp</dimen>
    <dimen name="x411">692.61dp</dimen>
    <dimen name="x412">694.30dp</dimen>
    <dimen name="x413">695.98dp</dimen>
    <dimen name="x414">697.67dp</dimen>
    <dimen name="x415">699.35dp</dimen>
    <dimen name="x416">701.04dp</dimen>
    <dimen name="x417">702.72dp</dimen>
    <dimen name="x418">704.41dp</dimen>
    <dimen name="x419">706.09dp</dimen>
    <dimen name="x420">707.78dp</dimen>
    <dimen name="x421">709.46dp</dimen>
    <dimen name="x422">711.15dp</dimen>
    <dimen name="x423">712.83dp</dimen>
    <dimen name="x424">714.52dp</dimen>
    <dimen name="x425">716.20dp</dimen>
    <dimen name="x426">717.89dp</dimen>
    <dimen name="x427">719.57dp</dimen>
    <dimen name="x428">721.26dp</dimen>
    <dimen name="x429">722.94dp</dimen>
    <dimen name="x430">724.63dp</dimen>
    <dimen name="x431">726.31dp</dimen>
    <dimen name="x432">728.00dp</dimen>
    <dimen name="x433">729.69dp</dimen>
    <dimen name="x434">731.37dp</dimen>
    <dimen name="x435">733.06dp</dimen>
    <dimen name="x436">734.74dp</dimen>
    <dimen name="x437">736.43dp</dimen>
    <dimen name="x438">738.11dp</dimen>
    <dimen name="x439">739.80dp</dimen>
    <dimen name="x440">741.48dp</dimen>
    <dimen name="x441">743.17dp</dimen>
    <dimen name="x442">744.85dp</dimen>
    <dimen name="x443">746.54dp</dimen>
    <dimen name="x444">748.22dp</dimen>
    <dimen name="x445">749.91dp</dimen>
    <dimen name="x446">751.59dp</dimen>
    <dimen name="x447">753.28dp</dimen>
    <dimen name="x448">754.96dp</dimen>
    <dimen name="x449">756.65dp</dimen>
    <dimen name="x450">758.33dp</dimen>
    <dimen name="x451">760.02dp</dimen>
    <dimen name="x452">761.70dp</dimen>
    <dimen name="x453">763.39dp</dimen>
    <dimen name="x454">765.07dp</dimen>
    <dimen name="x455">766.76dp</dimen>
    <dimen name="x456">768.44dp</dimen>
    <dimen name="x457">770.13dp</dimen>
    <dimen name="x458">771.81dp</dimen>
    <dimen name="x459">773.50dp</dimen>
    <dimen name="x460">775.19dp</dimen>
    <dimen name="x461">776.87dp</dimen>
    <dimen name="x462">778.56dp</dimen>
    <dimen name="x463">780.24dp</dimen>
    <dimen name="x464">781.93dp</dimen>
    <dimen name="x465">783.61dp</dimen>
    <dimen name="x466">785.30dp</dimen>
    <dimen name="x467">786.98dp</dimen>
    <dimen name="x468">788.67dp</dimen>
    <dimen name="x469">790.35dp</dimen>
    <dimen name="x470">792.04dp</dimen>
    <dimen name="x471">793.72dp</dimen>
    <dimen name="x472">795.41dp</dimen>
    <dimen name="x473">797.09dp</dimen>
    <dimen name="x474">798.78dp</dimen>
    <dimen name="x475">800.46dp</dimen>
    <dimen name="x476">802.15dp</dimen>
    <dimen name="x477">803.83dp</dimen>
    <dimen name="x478">805.52dp</dimen>
    <dimen name="x479">807.20dp</dimen>
    <dimen name="x480">808.89dp</dimen>
    <dimen name="x481">810.57dp</dimen>
    <dimen name="x482">812.26dp</dimen>
    <dimen name="x483">813.94dp</dimen>
    <dimen name="x484">815.63dp</dimen>
    <dimen name="x485">817.31dp</dimen>
    <dimen name="x486">819.00dp</dimen>
    <dimen name="x487">820.69dp</dimen>
    <dimen name="x488">822.37dp</dimen>
    <dimen name="x489">824.06dp</dimen>
    <dimen name="x490">825.74dp</dimen>
    <dimen name="x491">827.43dp</dimen>
    <dimen name="x492">829.11dp</dimen>
    <dimen name="x493">830.80dp</dimen>
    <dimen name="x494">832.48dp</dimen>
    <dimen name="x495">834.17dp</dimen>
    <dimen name="x496">835.85dp</dimen>
    <dimen name="x497">837.54dp</dimen>
    <dimen name="x498">839.22dp</dimen>
    <dimen name="x499">840.91dp</dimen>
    <dimen name="x500">842.59dp</dimen>
    <dimen name="x501">844.28dp</dimen>
    <dimen name="x502">845.96dp</dimen>
    <dimen name="x503">847.65dp</dimen>
    <dimen name="x504">849.33dp</dimen>
    <dimen name="x505">851.02dp</dimen>
    <dimen name="x506">852.70dp</dimen>
    <dimen name="x507">854.39dp</dimen>
    <dimen name="x508">856.07dp</dimen>
    <dimen name="x509">857.76dp</dimen>
    <dimen name="x510">859.44dp</dimen>
    <dimen name="x511">861.13dp</dimen>
    <dimen name="x512">862.81dp</dimen>
    <dimen name="x513">864.50dp</dimen>
    <dimen name="x514">866.19dp</dimen>
    <dimen name="x515">867.87dp</dimen>
    <dimen name="x516">869.56dp</dimen>
    <dimen name="x517">871.24dp</dimen>
    <dimen name="x518">872.93dp</dimen>
    <dimen name="x519">874.61dp</dimen>
    <dimen name="x520">876.30dp</dimen>
    <dimen name="x521">877.98dp</dimen>
    <dimen name="x522">879.67dp</dimen>
    <dimen name="x523">881.35dp</dimen>
    <dimen name="x524">883.04dp</dimen>
    <dimen name="x525">884.72dp</dimen>
    <dimen name="x526">886.41dp</dimen>
    <dimen name="x527">888.09dp</dimen>
    <dimen name="x528">889.78dp</dimen>
    <dimen name="x529">891.46dp</dimen>
    <dimen name="x530">893.15dp</dimen>
    <dimen name="x531">894.83dp</dimen>
    <dimen name="x532">896.52dp</dimen>
    <dimen name="x533">898.20dp</dimen>
    <dimen name="x534">899.89dp</dimen>
    <dimen name="x535">901.57dp</dimen>
    <dimen name="x536">903.26dp</dimen>
    <dimen name="x537">904.94dp</dimen>
    <dimen name="x538">906.63dp</dimen>
    <dimen name="x539">908.31dp</dimen>
    <dimen name="x540">910.00dp</dimen>
    <dimen name="x541">911.69dp</dimen>
    <dimen name="x542">913.37dp</dimen>
    <dimen name="x543">915.06dp</dimen>
    <dimen name="x544">916.74dp</dimen>
    <dimen name="x545">918.43dp</dimen>
    <dimen name="x546">920.11dp</dimen>
    <dimen name="x547">921.80dp</dimen>
    <dimen name="x548">923.48dp</dimen>
    <dimen name="x549">925.17dp</dimen>
    <dimen name="x550">926.85dp</dimen>
    <dimen name="x551">928.54dp</dimen>
    <dimen name="x552">930.22dp</dimen>
    <dimen name="x553">931.91dp</dimen>
    <dimen name="x554">933.59dp</dimen>
    <dimen name="x555">935.28dp</dimen>
    <dimen name="x556">936.96dp</dimen>
    <dimen name="x557">938.65dp</dimen>
    <dimen name="x558">940.33dp</dimen>
    <dimen name="x559">942.02dp</dimen>
    <dimen name="x560">943.70dp</dimen>
    <dimen name="x561">945.39dp</dimen>
    <dimen name="x562">947.07dp</dimen>
    <dimen name="x563">948.76dp</dimen>
    <dimen name="x564">950.44dp</dimen>
    <dimen name="x565">952.13dp</dimen>
    <dimen name="x566">953.81dp</dimen>
    <dimen name="x567">955.50dp</dimen>
    <dimen name="x568">957.19dp</dimen>
    <dimen name="x569">958.87dp</dimen>
    <dimen name="x570">960.56dp</dimen>
    <dimen name="x571">962.24dp</dimen>
    <dimen name="x572">963.93dp</dimen>
    <dimen name="x573">965.61dp</dimen>
    <dimen name="x574">967.30dp</dimen>
    <dimen name="x575">968.98dp</dimen>
    <dimen name="x576">970.67dp</dimen>
    <dimen name="x577">972.35dp</dimen>
    <dimen name="x578">974.04dp</dimen>
    <dimen name="x579">975.72dp</dimen>
    <dimen name="x580">977.41dp</dimen>
    <dimen name="x581">979.09dp</dimen>
    <dimen name="x582">980.78dp</dimen>
    <dimen name="x583">982.46dp</dimen>
    <dimen name="x584">984.15dp</dimen>
    <dimen name="x585">985.83dp</dimen>
    <dimen name="x586">987.52dp</dimen>
    <dimen name="x587">989.20dp</dimen>
    <dimen name="x588">990.89dp</dimen>
    <dimen name="x589">992.57dp</dimen>
    <dimen name="x590">994.26dp</dimen>
    <dimen name="x591">995.94dp</dimen>
    <dimen name="x592">997.63dp</dimen>
    <dimen name="x593">999.31dp</dimen>
    <dimen name="x594">1001.00dp</dimen>
    <dimen name="x595">1002.69dp</dimen>
    <dimen name="x596">1004.37dp</dimen>
    <dimen name="x597">1006.06dp</dimen>
    <dimen name="x598">1007.74dp</dimen>
    <dimen name="x599">1009.43dp</dimen>
    <dimen name="x600">1011.11dp</dimen>
    <dimen name="x601">1012.80dp</dimen>
    <dimen name="x602">1014.48dp</dimen>
    <dimen name="x603">1016.17dp</dimen>
    <dimen name="x604">1017.85dp</dimen>
    <dimen name="x605">1019.54dp</dimen>
    <dimen name="x606">1021.22dp</dimen>
    <dimen name="x607">1022.91dp</dimen>
    <dimen name="x608">1024.59dp</dimen>
    <dimen name="x609">1026.28dp</dimen>
    <dimen name="x610">1027.96dp</dimen>
    <dimen name="x611">1029.65dp</dimen>
    <dimen name="x612">1031.33dp</dimen>
    <dimen name="x613">1033.02dp</dimen>
    <dimen name="x614">1034.70dp</dimen>
    <dimen name="x615">1036.39dp</dimen>
    <dimen name="x616">1038.07dp</dimen>
    <dimen name="x617">1039.76dp</dimen>
    <dimen name="x618">1041.44dp</dimen>
    <dimen name="x619">1043.13dp</dimen>
    <dimen name="x620">1044.81dp</dimen>
    <dimen name="x621">1046.50dp</dimen>
    <dimen name="x622">1048.19dp</dimen>
    <dimen name="x623">1049.87dp</dimen>
    <dimen name="x624">1051.56dp</dimen>
    <dimen name="x625">1053.24dp</dimen>
    <dimen name="x626">1054.93dp</dimen>
    <dimen name="x627">1056.61dp</dimen>
    <dimen name="x628">1058.30dp</dimen>
    <dimen name="x629">1059.98dp</dimen>
    <dimen name="x630">1061.67dp</dimen>
    <dimen name="x631">1063.35dp</dimen>
    <dimen name="x632">1065.04dp</dimen>
    <dimen name="x633">1066.72dp</dimen>
    <dimen name="x634">1068.41dp</dimen>
    <dimen name="x635">1070.09dp</dimen>
    <dimen name="x636">1071.78dp</dimen>
    <dimen name="x637">1073.46dp</dimen>
    <dimen name="x638">1075.15dp</dimen>
    <dimen name="x639">1076.83dp</dimen>
    <dimen name="x640">1078.52dp</dimen>
    <dimen name="x641">1080.20dp</dimen>
    <dimen name="x642">1081.89dp</dimen>
    <dimen name="x643">1083.57dp</dimen>
    <dimen name="x644">1085.26dp</dimen>
    <dimen name="x645">1086.94dp</dimen>
    <dimen name="x646">1088.63dp</dimen>
    <dimen name="x647">1090.31dp</dimen>
    <dimen name="x648">1092.00dp</dimen>
    <dimen name="x649">1093.69dp</dimen>
    <dimen name="x650">1095.37dp</dimen>
    <dimen name="x651">1097.06dp</dimen>
    <dimen name="x652">1098.74dp</dimen>
    <dimen name="x653">1100.43dp</dimen>
    <dimen name="x654">1102.11dp</dimen>
    <dimen name="x655">1103.80dp</dimen>
    <dimen name="x656">1105.48dp</dimen>
    <dimen name="x657">1107.17dp</dimen>
    <dimen name="x658">1108.85dp</dimen>
    <dimen name="x659">1110.54dp</dimen>
    <dimen name="x660">1112.22dp</dimen>
    <dimen name="x661">1113.91dp</dimen>
    <dimen name="x662">1115.59dp</dimen>
    <dimen name="x663">1117.28dp</dimen>
    <dimen name="x664">1118.96dp</dimen>
    <dimen name="x665">1120.65dp</dimen>
    <dimen name="x666">1122.33dp</dimen>
    <dimen name="x667">1124.02dp</dimen>
    <dimen name="x668">1125.70dp</dimen>
    <dimen name="x669">1127.39dp</dimen>
    <dimen name="x670">1129.07dp</dimen>
    <dimen name="x671">1130.76dp</dimen>
    <dimen name="x672">1132.44dp</dimen>
    <dimen name="x673">1134.13dp</dimen>
    <dimen name="x674">1135.81dp</dimen>
    <dimen name="x675">1137.50dp</dimen>
    <dimen name="x676">1139.19dp</dimen>
    <dimen name="x677">1140.87dp</dimen>
    <dimen name="x678">1142.56dp</dimen>
    <dimen name="x679">1144.24dp</dimen>
    <dimen name="x680">1145.93dp</dimen>
    <dimen name="x681">1147.61dp</dimen>
    <dimen name="x682">1149.30dp</dimen>
    <dimen name="x683">1150.98dp</dimen>
    <dimen name="x684">1152.67dp</dimen>
    <dimen name="x685">1154.35dp</dimen>
    <dimen name="x686">1156.04dp</dimen>
    <dimen name="x687">1157.72dp</dimen>
    <dimen name="x688">1159.41dp</dimen>
    <dimen name="x689">1161.09dp</dimen>
    <dimen name="x690">1162.78dp</dimen>
    <dimen name="x691">1164.46dp</dimen>
    <dimen name="x692">1166.15dp</dimen>
    <dimen name="x693">1167.83dp</dimen>
    <dimen name="x694">1169.52dp</dimen>
    <dimen name="x695">1171.20dp</dimen>
    <dimen name="x696">1172.89dp</dimen>
    <dimen name="x697">1174.57dp</dimen>
    <dimen name="x698">1176.26dp</dimen>
    <dimen name="x699">1177.94dp</dimen>
    <dimen name="x700">1179.63dp</dimen>
    <dimen name="x701">1181.31dp</dimen>
    <dimen name="x702">1183.00dp</dimen>
    <dimen name="x703">1184.69dp</dimen>
    <dimen name="x704">1186.37dp</dimen>
    <dimen name="x705">1188.06dp</dimen>
    <dimen name="x706">1189.74dp</dimen>
    <dimen name="x707">1191.43dp</dimen>
    <dimen name="x708">1193.11dp</dimen>
    <dimen name="x709">1194.80dp</dimen>
    <dimen name="x710">1196.48dp</dimen>
    <dimen name="x711">1198.17dp</dimen>
    <dimen name="x712">1199.85dp</dimen>
    <dimen name="x713">1201.54dp</dimen>
    <dimen name="x714">1203.22dp</dimen>
    <dimen name="x715">1204.91dp</dimen>
    <dimen name="x716">1206.59dp</dimen>
    <dimen name="x717">1208.28dp</dimen>
    <dimen name="x718">1209.96dp</dimen>
    <dimen name="x719">1211.65dp</dimen>
    <dimen name="x720">1213.33dp</dimen>
    <dimen name="x721">1215.02dp</dimen>
    <dimen name="x722">1216.70dp</dimen>
    <dimen name="x723">1218.39dp</dimen>
    <dimen name="x724">1220.07dp</dimen>
    <dimen name="x725">1221.76dp</dimen>
    <dimen name="x726">1223.44dp</dimen>
    <dimen name="x727">1225.13dp</dimen>
    <dimen name="x728">1226.81dp</dimen>
    <dimen name="x729">1228.50dp</dimen>
    <dimen name="x730">1230.19dp</dimen>
    <dimen name="x731">1231.87dp</dimen>
    <dimen name="x732">1233.56dp</dimen>
    <dimen name="x733">1235.24dp</dimen>
    <dimen name="x734">1236.93dp</dimen>
    <dimen name="x735">1238.61dp</dimen>
    <dimen name="x736">1240.30dp</dimen>
    <dimen name="x737">1241.98dp</dimen>
    <dimen name="x738">1243.67dp</dimen>
    <dimen name="x739">1245.35dp</dimen>
    <dimen name="x740">1247.04dp</dimen>
    <dimen name="x741">1248.72dp</dimen>
    <dimen name="x742">1250.41dp</dimen>
    <dimen name="x743">1252.09dp</dimen>
    <dimen name="x744">1253.78dp</dimen>
    <dimen name="x745">1255.46dp</dimen>
    <dimen name="x746">1257.15dp</dimen>
    <dimen name="x747">1258.83dp</dimen>
    <dimen name="x748">1260.52dp</dimen>
    <dimen name="x749">1262.20dp</dimen>
    <dimen name="x750">1263.89dp</dimen>
    <dimen name="x751">1265.57dp</dimen>
    <dimen name="x752">1267.26dp</dimen>
    <dimen name="x753">1268.94dp</dimen>
    <dimen name="x754">1270.63dp</dimen>
    <dimen name="x755">1272.31dp</dimen>
    <dimen name="x756">1274.00dp</dimen>
    <dimen name="x757">1275.69dp</dimen>
    <dimen name="x758">1277.37dp</dimen>
    <dimen name="x759">1279.06dp</dimen>
    <dimen name="x760">1280.74dp</dimen>
    <dimen name="x761">1282.43dp</dimen>
    <dimen name="x762">1284.11dp</dimen>
    <dimen name="x763">1285.80dp</dimen>
    <dimen name="x764">1287.48dp</dimen>
    <dimen name="x765">1289.17dp</dimen>
    <dimen name="x766">1290.85dp</dimen>
    <dimen name="x767">1292.54dp</dimen>
    <dimen name="x768">1294.22dp</dimen>
    <dimen name="x769">1295.91dp</dimen>
    <dimen name="x770">1297.59dp</dimen>
    <dimen name="x771">1299.28dp</dimen>
    <dimen name="x772">1300.96dp</dimen>
    <dimen name="x773">1302.65dp</dimen>
    <dimen name="x774">1304.33dp</dimen>
    <dimen name="x775">1306.02dp</dimen>
    <dimen name="x776">1307.70dp</dimen>
    <dimen name="x777">1309.39dp</dimen>
    <dimen name="x778">1311.07dp</dimen>
    <dimen name="x779">1312.76dp</dimen>
    <dimen name="x780">1314.44dp</dimen>
    <dimen name="x781">1316.13dp</dimen>
    <dimen name="x782">1317.81dp</dimen>
    <dimen name="x783">1319.50dp</dimen>
    <dimen name="x784">1321.19dp</dimen>
    <dimen name="x785">1322.87dp</dimen>
    <dimen name="x786">1324.56dp</dimen>
    <dimen name="x787">1326.24dp</dimen>
    <dimen name="x788">1327.93dp</dimen>
    <dimen name="x789">1329.61dp</dimen>
    <dimen name="x790">1331.30dp</dimen>
    <dimen name="x791">1332.98dp</dimen>
    <dimen name="x792">1334.67dp</dimen>
    <dimen name="x793">1336.35dp</dimen>
    <dimen name="x794">1338.04dp</dimen>
    <dimen name="x795">1339.72dp</dimen>
    <dimen name="x796">1341.41dp</dimen>
    <dimen name="x797">1343.09dp</dimen>
    <dimen name="x798">1344.78dp</dimen>
    <dimen name="x799">1346.46dp</dimen>
    <dimen name="x800">1348.15dp</dimen>
    <dimen name="x801">1349.83dp</dimen>
    <dimen name="x802">1351.52dp</dimen>
    <dimen name="x803">1353.20dp</dimen>
    <dimen name="x804">1354.89dp</dimen>
    <dimen name="x805">1356.57dp</dimen>
    <dimen name="x806">1358.26dp</dimen>
    <dimen name="x807">1359.94dp</dimen>
    <dimen name="x808">1361.63dp</dimen>
    <dimen name="x809">1363.31dp</dimen>
    <dimen name="x810">1365.00dp</dimen>
    <dimen name="x811">1366.69dp</dimen>
    <dimen name="x812">1368.37dp</dimen>
    <dimen name="x813">1370.06dp</dimen>
    <dimen name="x814">1371.74dp</dimen>
    <dimen name="x815">1373.43dp</dimen>
    <dimen name="x816">1375.11dp</dimen>
    <dimen name="x817">1376.80dp</dimen>
    <dimen name="x818">1378.48dp</dimen>
    <dimen name="x819">1380.17dp</dimen>
    <dimen name="x820">1381.85dp</dimen>
    <dimen name="x821">1383.54dp</dimen>
    <dimen name="x822">1385.22dp</dimen>
    <dimen name="x823">1386.91dp</dimen>
    <dimen name="x824">1388.59dp</dimen>
    <dimen name="x825">1390.28dp</dimen>
    <dimen name="x826">1391.96dp</dimen>
    <dimen name="x827">1393.65dp</dimen>
    <dimen name="x828">1395.33dp</dimen>
    <dimen name="x829">1397.02dp</dimen>
    <dimen name="x830">1398.70dp</dimen>
    <dimen name="x831">1400.39dp</dimen>
    <dimen name="x832">1402.07dp</dimen>
    <dimen name="x833">1403.76dp</dimen>
    <dimen name="x834">1405.44dp</dimen>
    <dimen name="x835">1407.13dp</dimen>
    <dimen name="x836">1408.81dp</dimen>
    <dimen name="x837">1410.50dp</dimen>
    <dimen name="x838">1412.19dp</dimen>
    <dimen name="x839">1413.87dp</dimen>
    <dimen name="x840">1415.56dp</dimen>
    <dimen name="x841">1417.24dp</dimen>
    <dimen name="x842">1418.93dp</dimen>
    <dimen name="x843">1420.61dp</dimen>
    <dimen name="x844">1422.30dp</dimen>
    <dimen name="x845">1423.98dp</dimen>
    <dimen name="x846">1425.67dp</dimen>
    <dimen name="x847">1427.35dp</dimen>
    <dimen name="x848">1429.04dp</dimen>
    <dimen name="x849">1430.72dp</dimen>
    <dimen name="x850">1432.41dp</dimen>
    <dimen name="x851">1434.09dp</dimen>
    <dimen name="x852">1435.78dp</dimen>
    <dimen name="x853">1437.46dp</dimen>
    <dimen name="x854">1439.15dp</dimen>
    <dimen name="x855">1440.83dp</dimen>
    <dimen name="x856">1442.52dp</dimen>
    <dimen name="x857">1444.20dp</dimen>
    <dimen name="x858">1445.89dp</dimen>
    <dimen name="x859">1447.57dp</dimen>
    <dimen name="x860">1449.26dp</dimen>
    <dimen name="x861">1450.94dp</dimen>
    <dimen name="x862">1452.63dp</dimen>
    <dimen name="x863">1454.31dp</dimen>
    <dimen name="x864">1456.00dp</dimen>
    <dimen name="x865">1457.69dp</dimen>
    <dimen name="x866">1459.37dp</dimen>
    <dimen name="x867">1461.06dp</dimen>
    <dimen name="x868">1462.74dp</dimen>
    <dimen name="x869">1464.43dp</dimen>
    <dimen name="x870">1466.11dp</dimen>
    <dimen name="x871">1467.80dp</dimen>
    <dimen name="x872">1469.48dp</dimen>
    <dimen name="x873">1471.17dp</dimen>
    <dimen name="x874">1472.85dp</dimen>
    <dimen name="x875">1474.54dp</dimen>
    <dimen name="x876">1476.22dp</dimen>
    <dimen name="x877">1477.91dp</dimen>
    <dimen name="x878">1479.59dp</dimen>
    <dimen name="x879">1481.28dp</dimen>
    <dimen name="x880">1482.96dp</dimen>
    <dimen name="x881">1484.65dp</dimen>
    <dimen name="x882">1486.33dp</dimen>
    <dimen name="x883">1488.02dp</dimen>
    <dimen name="x884">1489.70dp</dimen>
    <dimen name="x885">1491.39dp</dimen>
    <dimen name="x886">1493.07dp</dimen>
    <dimen name="x887">1494.76dp</dimen>
    <dimen name="x888">1496.44dp</dimen>
    <dimen name="x889">1498.13dp</dimen>
    <dimen name="x890">1499.81dp</dimen>
    <dimen name="x891">1501.50dp</dimen>
    <dimen name="x892">1503.19dp</dimen>
    <dimen name="x893">1504.87dp</dimen>
    <dimen name="x894">1506.56dp</dimen>
    <dimen name="x895">1508.24dp</dimen>
    <dimen name="x896">1509.93dp</dimen>
    <dimen name="x897">1511.61dp</dimen>
    <dimen name="x898">1513.30dp</dimen>
    <dimen name="x899">1514.98dp</dimen>
    <dimen name="x900">1516.67dp</dimen>
    <dimen name="x901">1518.35dp</dimen>
    <dimen name="x902">1520.04dp</dimen>
    <dimen name="x903">1521.72dp</dimen>
    <dimen name="x904">1523.41dp</dimen>
    <dimen name="x905">1525.09dp</dimen>
    <dimen name="x906">1526.78dp</dimen>
    <dimen name="x907">1528.46dp</dimen>
    <dimen name="x908">1530.15dp</dimen>
    <dimen name="x909">1531.83dp</dimen>
    <dimen name="x910">1533.52dp</dimen>
    <dimen name="x911">1535.20dp</dimen>
    <dimen name="x912">1536.89dp</dimen>
    <dimen name="x913">1538.57dp</dimen>
    <dimen name="x914">1540.26dp</dimen>
    <dimen name="x915">1541.94dp</dimen>
    <dimen name="x916">1543.63dp</dimen>
    <dimen name="x917">1545.31dp</dimen>
    <dimen name="x918">1547.00dp</dimen>
    <dimen name="x919">1548.69dp</dimen>
    <dimen name="x920">1550.37dp</dimen>
    <dimen name="x921">1552.06dp</dimen>
    <dimen name="x922">1553.74dp</dimen>
    <dimen name="x923">1555.43dp</dimen>
    <dimen name="x924">1557.11dp</dimen>
    <dimen name="x925">1558.80dp</dimen>
    <dimen name="x926">1560.48dp</dimen>
    <dimen name="x927">1562.17dp</dimen>
    <dimen name="x928">1563.85dp</dimen>
    <dimen name="x929">1565.54dp</dimen>
    <dimen name="x930">1567.22dp</dimen>
    <dimen name="x931">1568.91dp</dimen>
    <dimen name="x932">1570.59dp</dimen>
    <dimen name="x933">1572.28dp</dimen>
    <dimen name="x934">1573.96dp</dimen>
    <dimen name="x935">1575.65dp</dimen>
    <dimen name="x936">1577.33dp</dimen>
    <dimen name="x937">1579.02dp</dimen>
    <dimen name="x938">1580.70dp</dimen>
    <dimen name="x939">1582.39dp</dimen>
    <dimen name="x940">1584.07dp</dimen>
    <dimen name="x941">1585.76dp</dimen>
    <dimen name="x942">1587.44dp</dimen>
    <dimen name="x943">1589.13dp</dimen>
    <dimen name="x944">1590.81dp</dimen>
    <dimen name="x945">1592.50dp</dimen>
    <dimen name="x946">1594.19dp</dimen>
    <dimen name="x947">1595.87dp</dimen>
    <dimen name="x948">1597.56dp</dimen>
    <dimen name="x949">1599.24dp</dimen>
    <dimen name="x950">1600.93dp</dimen>
    <dimen name="x951">1602.61dp</dimen>
    <dimen name="x952">1604.30dp</dimen>
    <dimen name="x953">1605.98dp</dimen>
    <dimen name="x954">1607.67dp</dimen>
    <dimen name="x955">1609.35dp</dimen>
    <dimen name="x956">1611.04dp</dimen>
    <dimen name="x957">1612.72dp</dimen>
    <dimen name="x958">1614.41dp</dimen>
    <dimen name="x959">1616.09dp</dimen>
    <dimen name="x960">1617.78dp</dimen>
    <dimen name="x961">1619.46dp</dimen>
    <dimen name="x962">1621.15dp</dimen>
    <dimen name="x963">1622.83dp</dimen>
    <dimen name="x964">1624.52dp</dimen>
    <dimen name="x965">1626.20dp</dimen>
    <dimen name="x966">1627.89dp</dimen>
    <dimen name="x967">1629.57dp</dimen>
    <dimen name="x968">1631.26dp</dimen>
    <dimen name="x969">1632.94dp</dimen>
    <dimen name="x970">1634.63dp</dimen>
    <dimen name="x971">1636.31dp</dimen>
    <dimen name="x972">1638.00dp</dimen>
    <dimen name="x973">1639.69dp</dimen>
    <dimen name="x974">1641.37dp</dimen>
    <dimen name="x975">1643.06dp</dimen>
    <dimen name="x976">1644.74dp</dimen>
    <dimen name="x977">1646.43dp</dimen>
    <dimen name="x978">1648.11dp</dimen>
    <dimen name="x979">1649.80dp</dimen>
    <dimen name="x980">1651.48dp</dimen>
    <dimen name="x981">1653.17dp</dimen>
    <dimen name="x982">1654.85dp</dimen>
    <dimen name="x983">1656.54dp</dimen>
    <dimen name="x984">1658.22dp</dimen>
    <dimen name="x985">1659.91dp</dimen>
    <dimen name="x986">1661.59dp</dimen>
    <dimen name="x987">1663.28dp</dimen>
    <dimen name="x988">1664.96dp</dimen>
    <dimen name="x989">1666.65dp</dimen>
    <dimen name="x990">1668.33dp</dimen>
    <dimen name="x991">1670.02dp</dimen>
    <dimen name="x992">1671.70dp</dimen>
    <dimen name="x993">1673.39dp</dimen>
    <dimen name="x994">1675.07dp</dimen>
    <dimen name="x995">1676.76dp</dimen>
    <dimen name="x996">1678.44dp</dimen>
    <dimen name="x997">1680.13dp</dimen>
    <dimen name="x998">1681.81dp</dimen>
    <dimen name="x999">1683.50dp</dimen>
    <dimen name="x1000">1685.19dp</dimen>
    <dimen name="x1001">1686.87dp</dimen>
    <dimen name="x1002">1688.56dp</dimen>
    <dimen name="x1003">1690.24dp</dimen>
    <dimen name="x1004">1691.93dp</dimen>
    <dimen name="x1005">1693.61dp</dimen>
    <dimen name="x1006">1695.30dp</dimen>
    <dimen name="x1007">1696.98dp</dimen>
    <dimen name="x1008">1698.67dp</dimen>
    <dimen name="x1009">1700.35dp</dimen>
    <dimen name="x1010">1702.04dp</dimen>
    <dimen name="x1011">1703.72dp</dimen>
    <dimen name="x1012">1705.41dp</dimen>
    <dimen name="x1013">1707.09dp</dimen>
    <dimen name="x1014">1708.78dp</dimen>
    <dimen name="x1015">1710.46dp</dimen>
    <dimen name="x1016">1712.15dp</dimen>
    <dimen name="x1017">1713.83dp</dimen>
    <dimen name="x1018">1715.52dp</dimen>
    <dimen name="x1019">1717.20dp</dimen>
    <dimen name="x1020">1718.89dp</dimen>
    <dimen name="x1021">1720.57dp</dimen>
    <dimen name="x1022">1722.26dp</dimen>
    <dimen name="x1023">1723.94dp</dimen>
    <dimen name="x1024">1725.63dp</dimen>
    <dimen name="x1025">1727.31dp</dimen>
    <dimen name="x1026">1729.00dp</dimen>
    <dimen name="x1027">1730.69dp</dimen>
    <dimen name="x1028">1732.37dp</dimen>
    <dimen name="x1029">1734.06dp</dimen>
    <dimen name="x1030">1735.74dp</dimen>
    <dimen name="x1031">1737.43dp</dimen>
    <dimen name="x1032">1739.11dp</dimen>
    <dimen name="x1033">1740.80dp</dimen>
    <dimen name="x1034">1742.48dp</dimen>
    <dimen name="x1035">1744.17dp</dimen>
    <dimen name="x1036">1745.85dp</dimen>
    <dimen name="x1037">1747.54dp</dimen>
    <dimen name="x1038">1749.22dp</dimen>
    <dimen name="x1039">1750.91dp</dimen>
    <dimen name="x1040">1752.59dp</dimen>
    <dimen name="x1041">1754.28dp</dimen>
    <dimen name="x1042">1755.96dp</dimen>
    <dimen name="x1043">1757.65dp</dimen>
    <dimen name="x1044">1759.33dp</dimen>
    <dimen name="x1045">1761.02dp</dimen>
    <dimen name="x1046">1762.70dp</dimen>
    <dimen name="x1047">1764.39dp</dimen>
    <dimen name="x1048">1766.07dp</dimen>
    <dimen name="x1049">1767.76dp</dimen>
    <dimen name="x1050">1769.44dp</dimen>
    <dimen name="x1051">1771.13dp</dimen>
    <dimen name="x1052">1772.81dp</dimen>
    <dimen name="x1053">1774.50dp</dimen>
    <dimen name="x1054">1776.19dp</dimen>
    <dimen name="x1055">1777.87dp</dimen>
    <dimen name="x1056">1779.56dp</dimen>
    <dimen name="x1057">1781.24dp</dimen>
    <dimen name="x1058">1782.93dp</dimen>
    <dimen name="x1059">1784.61dp</dimen>
    <dimen name="x1060">1786.30dp</dimen>
    <dimen name="x1061">1787.98dp</dimen>
    <dimen name="x1062">1789.67dp</dimen>
    <dimen name="x1063">1791.35dp</dimen>
    <dimen name="x1064">1793.04dp</dimen>
    <dimen name="x1065">1794.72dp</dimen>
    <dimen name="x1066">1796.41dp</dimen>
    <dimen name="x1067">1798.09dp</dimen>
    <dimen name="x1068">1799.78dp</dimen>
    <dimen name="x1069">1801.46dp</dimen>
    <dimen name="x1070">1803.15dp</dimen>
    <dimen name="x1071">1804.83dp</dimen>
    <dimen name="x1072">1806.52dp</dimen>
    <dimen name="x1073">1808.20dp</dimen>
    <dimen name="x1074">1809.89dp</dimen>
    <dimen name="x1075">1811.57dp</dimen>
    <dimen name="x1076">1813.26dp</dimen>
    <dimen name="x1077">1814.94dp</dimen>
    <dimen name="x1078">1816.63dp</dimen>
    <dimen name="x1079">1818.31dp</dimen>
    <dimen name="x1080">1820.00dp</dimen>
</resources>