<?xml version="1.0" encoding="utf-8"?>
<resources>
    <string name="sw_dp">1910dp</string>
    <dimen name="x1">1.77dp</dimen>
    <dimen name="x2">3.54dp</dimen>
    <dimen name="x3">5.31dp</dimen>
    <dimen name="x4">7.07dp</dimen>
    <dimen name="x5">8.84dp</dimen>
    <dimen name="x6">10.61dp</dimen>
    <dimen name="x7">12.38dp</dimen>
    <dimen name="x8">14.15dp</dimen>
    <dimen name="x9">15.92dp</dimen>
    <dimen name="x10">17.69dp</dimen>
    <dimen name="x11">19.45dp</dimen>
    <dimen name="x12">21.22dp</dimen>
    <dimen name="x13">22.99dp</dimen>
    <dimen name="x14">24.76dp</dimen>
    <dimen name="x15">26.53dp</dimen>
    <dimen name="x16">28.30dp</dimen>
    <dimen name="x17">30.06dp</dimen>
    <dimen name="x18">31.83dp</dimen>
    <dimen name="x19">33.60dp</dimen>
    <dimen name="x20">35.37dp</dimen>
    <dimen name="x21">37.14dp</dimen>
    <dimen name="x22">38.91dp</dimen>
    <dimen name="x23">40.68dp</dimen>
    <dimen name="x24">42.44dp</dimen>
    <dimen name="x25">44.21dp</dimen>
    <dimen name="x26">45.98dp</dimen>
    <dimen name="x27">47.75dp</dimen>
    <dimen name="x28">49.52dp</dimen>
    <dimen name="x29">51.29dp</dimen>
    <dimen name="x30">53.06dp</dimen>
    <dimen name="x31">54.82dp</dimen>
    <dimen name="x32">56.59dp</dimen>
    <dimen name="x33">58.36dp</dimen>
    <dimen name="x34">60.13dp</dimen>
    <dimen name="x35">61.90dp</dimen>
    <dimen name="x36">63.67dp</dimen>
    <dimen name="x37">65.44dp</dimen>
    <dimen name="x38">67.20dp</dimen>
    <dimen name="x39">68.97dp</dimen>
    <dimen name="x40">70.74dp</dimen>
    <dimen name="x41">72.51dp</dimen>
    <dimen name="x42">74.28dp</dimen>
    <dimen name="x43">76.05dp</dimen>
    <dimen name="x44">77.81dp</dimen>
    <dimen name="x45">79.58dp</dimen>
    <dimen name="x46">81.35dp</dimen>
    <dimen name="x47">83.12dp</dimen>
    <dimen name="x48">84.89dp</dimen>
    <dimen name="x49">86.66dp</dimen>
    <dimen name="x50">88.43dp</dimen>
    <dimen name="x51">90.19dp</dimen>
    <dimen name="x52">91.96dp</dimen>
    <dimen name="x53">93.73dp</dimen>
    <dimen name="x54">95.50dp</dimen>
    <dimen name="x55">97.27dp</dimen>
    <dimen name="x56">99.04dp</dimen>
    <dimen name="x57">100.81dp</dimen>
    <dimen name="x58">102.57dp</dimen>
    <dimen name="x59">104.34dp</dimen>
    <dimen name="x60">106.11dp</dimen>
    <dimen name="x61">107.88dp</dimen>
    <dimen name="x62">109.65dp</dimen>
    <dimen name="x63">111.42dp</dimen>
    <dimen name="x64">113.19dp</dimen>
    <dimen name="x65">114.95dp</dimen>
    <dimen name="x66">116.72dp</dimen>
    <dimen name="x67">118.49dp</dimen>
    <dimen name="x68">120.26dp</dimen>
    <dimen name="x69">122.03dp</dimen>
    <dimen name="x70">123.80dp</dimen>
    <dimen name="x71">125.56dp</dimen>
    <dimen name="x72">127.33dp</dimen>
    <dimen name="x73">129.10dp</dimen>
    <dimen name="x74">130.87dp</dimen>
    <dimen name="x75">132.64dp</dimen>
    <dimen name="x76">134.41dp</dimen>
    <dimen name="x77">136.18dp</dimen>
    <dimen name="x78">137.94dp</dimen>
    <dimen name="x79">139.71dp</dimen>
    <dimen name="x80">141.48dp</dimen>
    <dimen name="x81">143.25dp</dimen>
    <dimen name="x82">145.02dp</dimen>
    <dimen name="x83">146.79dp</dimen>
    <dimen name="x84">148.56dp</dimen>
    <dimen name="x85">150.32dp</dimen>
    <dimen name="x86">152.09dp</dimen>
    <dimen name="x87">153.86dp</dimen>
    <dimen name="x88">155.63dp</dimen>
    <dimen name="x89">157.40dp</dimen>
    <dimen name="x90">159.17dp</dimen>
    <dimen name="x91">160.94dp</dimen>
    <dimen name="x92">162.70dp</dimen>
    <dimen name="x93">164.47dp</dimen>
    <dimen name="x94">166.24dp</dimen>
    <dimen name="x95">168.01dp</dimen>
    <dimen name="x96">169.78dp</dimen>
    <dimen name="x97">171.55dp</dimen>
    <dimen name="x98">173.31dp</dimen>
    <dimen name="x99">175.08dp</dimen>
    <dimen name="x100">176.85dp</dimen>
    <dimen name="x101">178.62dp</dimen>
    <dimen name="x102">180.39dp</dimen>
    <dimen name="x103">182.16dp</dimen>
    <dimen name="x104">183.93dp</dimen>
    <dimen name="x105">185.69dp</dimen>
    <dimen name="x106">187.46dp</dimen>
    <dimen name="x107">189.23dp</dimen>
    <dimen name="x108">191.00dp</dimen>
    <dimen name="x109">192.77dp</dimen>
    <dimen name="x110">194.54dp</dimen>
    <dimen name="x111">196.31dp</dimen>
    <dimen name="x112">198.07dp</dimen>
    <dimen name="x113">199.84dp</dimen>
    <dimen name="x114">201.61dp</dimen>
    <dimen name="x115">203.38dp</dimen>
    <dimen name="x116">205.15dp</dimen>
    <dimen name="x117">206.92dp</dimen>
    <dimen name="x118">208.69dp</dimen>
    <dimen name="x119">210.45dp</dimen>
    <dimen name="x120">212.22dp</dimen>
    <dimen name="x121">213.99dp</dimen>
    <dimen name="x122">215.76dp</dimen>
    <dimen name="x123">217.53dp</dimen>
    <dimen name="x124">219.30dp</dimen>
    <dimen name="x125">221.06dp</dimen>
    <dimen name="x126">222.83dp</dimen>
    <dimen name="x127">224.60dp</dimen>
    <dimen name="x128">226.37dp</dimen>
    <dimen name="x129">228.14dp</dimen>
    <dimen name="x130">229.91dp</dimen>
    <dimen name="x131">231.68dp</dimen>
    <dimen name="x132">233.44dp</dimen>
    <dimen name="x133">235.21dp</dimen>
    <dimen name="x134">236.98dp</dimen>
    <dimen name="x135">238.75dp</dimen>
    <dimen name="x136">240.52dp</dimen>
    <dimen name="x137">242.29dp</dimen>
    <dimen name="x138">244.06dp</dimen>
    <dimen name="x139">245.82dp</dimen>
    <dimen name="x140">247.59dp</dimen>
    <dimen name="x141">249.36dp</dimen>
    <dimen name="x142">251.13dp</dimen>
    <dimen name="x143">252.90dp</dimen>
    <dimen name="x144">254.67dp</dimen>
    <dimen name="x145">256.44dp</dimen>
    <dimen name="x146">258.20dp</dimen>
    <dimen name="x147">259.97dp</dimen>
    <dimen name="x148">261.74dp</dimen>
    <dimen name="x149">263.51dp</dimen>
    <dimen name="x150">265.28dp</dimen>
    <dimen name="x151">267.05dp</dimen>
    <dimen name="x152">268.81dp</dimen>
    <dimen name="x153">270.58dp</dimen>
    <dimen name="x154">272.35dp</dimen>
    <dimen name="x155">274.12dp</dimen>
    <dimen name="x156">275.89dp</dimen>
    <dimen name="x157">277.66dp</dimen>
    <dimen name="x158">279.43dp</dimen>
    <dimen name="x159">281.19dp</dimen>
    <dimen name="x160">282.96dp</dimen>
    <dimen name="x161">284.73dp</dimen>
    <dimen name="x162">286.50dp</dimen>
    <dimen name="x163">288.27dp</dimen>
    <dimen name="x164">290.04dp</dimen>
    <dimen name="x165">291.81dp</dimen>
    <dimen name="x166">293.57dp</dimen>
    <dimen name="x167">295.34dp</dimen>
    <dimen name="x168">297.11dp</dimen>
    <dimen name="x169">298.88dp</dimen>
    <dimen name="x170">300.65dp</dimen>
    <dimen name="x171">302.42dp</dimen>
    <dimen name="x172">304.19dp</dimen>
    <dimen name="x173">305.95dp</dimen>
    <dimen name="x174">307.72dp</dimen>
    <dimen name="x175">309.49dp</dimen>
    <dimen name="x176">311.26dp</dimen>
    <dimen name="x177">313.03dp</dimen>
    <dimen name="x178">314.80dp</dimen>
    <dimen name="x179">316.56dp</dimen>
    <dimen name="x180">318.33dp</dimen>
    <dimen name="x181">320.10dp</dimen>
    <dimen name="x182">321.87dp</dimen>
    <dimen name="x183">323.64dp</dimen>
    <dimen name="x184">325.41dp</dimen>
    <dimen name="x185">327.18dp</dimen>
    <dimen name="x186">328.94dp</dimen>
    <dimen name="x187">330.71dp</dimen>
    <dimen name="x188">332.48dp</dimen>
    <dimen name="x189">334.25dp</dimen>
    <dimen name="x190">336.02dp</dimen>
    <dimen name="x191">337.79dp</dimen>
    <dimen name="x192">339.56dp</dimen>
    <dimen name="x193">341.32dp</dimen>
    <dimen name="x194">343.09dp</dimen>
    <dimen name="x195">344.86dp</dimen>
    <dimen name="x196">346.63dp</dimen>
    <dimen name="x197">348.40dp</dimen>
    <dimen name="x198">350.17dp</dimen>
    <dimen name="x199">351.94dp</dimen>
    <dimen name="x200">353.70dp</dimen>
    <dimen name="x201">355.47dp</dimen>
    <dimen name="x202">357.24dp</dimen>
    <dimen name="x203">359.01dp</dimen>
    <dimen name="x204">360.78dp</dimen>
    <dimen name="x205">362.55dp</dimen>
    <dimen name="x206">364.31dp</dimen>
    <dimen name="x207">366.08dp</dimen>
    <dimen name="x208">367.85dp</dimen>
    <dimen name="x209">369.62dp</dimen>
    <dimen name="x210">371.39dp</dimen>
    <dimen name="x211">373.16dp</dimen>
    <dimen name="x212">374.93dp</dimen>
    <dimen name="x213">376.69dp</dimen>
    <dimen name="x214">378.46dp</dimen>
    <dimen name="x215">380.23dp</dimen>
    <dimen name="x216">382.00dp</dimen>
    <dimen name="x217">383.77dp</dimen>
    <dimen name="x218">385.54dp</dimen>
    <dimen name="x219">387.31dp</dimen>
    <dimen name="x220">389.07dp</dimen>
    <dimen name="x221">390.84dp</dimen>
    <dimen name="x222">392.61dp</dimen>
    <dimen name="x223">394.38dp</dimen>
    <dimen name="x224">396.15dp</dimen>
    <dimen name="x225">397.92dp</dimen>
    <dimen name="x226">399.69dp</dimen>
    <dimen name="x227">401.45dp</dimen>
    <dimen name="x228">403.22dp</dimen>
    <dimen name="x229">404.99dp</dimen>
    <dimen name="x230">406.76dp</dimen>
    <dimen name="x231">408.53dp</dimen>
    <dimen name="x232">410.30dp</dimen>
    <dimen name="x233">412.06dp</dimen>
    <dimen name="x234">413.83dp</dimen>
    <dimen name="x235">415.60dp</dimen>
    <dimen name="x236">417.37dp</dimen>
    <dimen name="x237">419.14dp</dimen>
    <dimen name="x238">420.91dp</dimen>
    <dimen name="x239">422.68dp</dimen>
    <dimen name="x240">424.44dp</dimen>
    <dimen name="x241">426.21dp</dimen>
    <dimen name="x242">427.98dp</dimen>
    <dimen name="x243">429.75dp</dimen>
    <dimen name="x244">431.52dp</dimen>
    <dimen name="x245">433.29dp</dimen>
    <dimen name="x246">435.06dp</dimen>
    <dimen name="x247">436.82dp</dimen>
    <dimen name="x248">438.59dp</dimen>
    <dimen name="x249">440.36dp</dimen>
    <dimen name="x250">442.13dp</dimen>
    <dimen name="x251">443.90dp</dimen>
    <dimen name="x252">445.67dp</dimen>
    <dimen name="x253">447.44dp</dimen>
    <dimen name="x254">449.20dp</dimen>
    <dimen name="x255">450.97dp</dimen>
    <dimen name="x256">452.74dp</dimen>
    <dimen name="x257">454.51dp</dimen>
    <dimen name="x258">456.28dp</dimen>
    <dimen name="x259">458.05dp</dimen>
    <dimen name="x260">459.81dp</dimen>
    <dimen name="x261">461.58dp</dimen>
    <dimen name="x262">463.35dp</dimen>
    <dimen name="x263">465.12dp</dimen>
    <dimen name="x264">466.89dp</dimen>
    <dimen name="x265">468.66dp</dimen>
    <dimen name="x266">470.43dp</dimen>
    <dimen name="x267">472.19dp</dimen>
    <dimen name="x268">473.96dp</dimen>
    <dimen name="x269">475.73dp</dimen>
    <dimen name="x270">477.50dp</dimen>
    <dimen name="x271">479.27dp</dimen>
    <dimen name="x272">481.04dp</dimen>
    <dimen name="x273">482.81dp</dimen>
    <dimen name="x274">484.57dp</dimen>
    <dimen name="x275">486.34dp</dimen>
    <dimen name="x276">488.11dp</dimen>
    <dimen name="x277">489.88dp</dimen>
    <dimen name="x278">491.65dp</dimen>
    <dimen name="x279">493.42dp</dimen>
    <dimen name="x280">495.19dp</dimen>
    <dimen name="x281">496.95dp</dimen>
    <dimen name="x282">498.72dp</dimen>
    <dimen name="x283">500.49dp</dimen>
    <dimen name="x284">502.26dp</dimen>
    <dimen name="x285">504.03dp</dimen>
    <dimen name="x286">505.80dp</dimen>
    <dimen name="x287">507.56dp</dimen>
    <dimen name="x288">509.33dp</dimen>
    <dimen name="x289">511.10dp</dimen>
    <dimen name="x290">512.87dp</dimen>
    <dimen name="x291">514.64dp</dimen>
    <dimen name="x292">516.41dp</dimen>
    <dimen name="x293">518.18dp</dimen>
    <dimen name="x294">519.94dp</dimen>
    <dimen name="x295">521.71dp</dimen>
    <dimen name="x296">523.48dp</dimen>
    <dimen name="x297">525.25dp</dimen>
    <dimen name="x298">527.02dp</dimen>
    <dimen name="x299">528.79dp</dimen>
    <dimen name="x300">530.56dp</dimen>
    <dimen name="x301">532.32dp</dimen>
    <dimen name="x302">534.09dp</dimen>
    <dimen name="x303">535.86dp</dimen>
    <dimen name="x304">537.63dp</dimen>
    <dimen name="x305">539.40dp</dimen>
    <dimen name="x306">541.17dp</dimen>
    <dimen name="x307">542.94dp</dimen>
    <dimen name="x308">544.70dp</dimen>
    <dimen name="x309">546.47dp</dimen>
    <dimen name="x310">548.24dp</dimen>
    <dimen name="x311">550.01dp</dimen>
    <dimen name="x312">551.78dp</dimen>
    <dimen name="x313">553.55dp</dimen>
    <dimen name="x314">555.31dp</dimen>
    <dimen name="x315">557.08dp</dimen>
    <dimen name="x316">558.85dp</dimen>
    <dimen name="x317">560.62dp</dimen>
    <dimen name="x318">562.39dp</dimen>
    <dimen name="x319">564.16dp</dimen>
    <dimen name="x320">565.93dp</dimen>
    <dimen name="x321">567.69dp</dimen>
    <dimen name="x322">569.46dp</dimen>
    <dimen name="x323">571.23dp</dimen>
    <dimen name="x324">573.00dp</dimen>
    <dimen name="x325">574.77dp</dimen>
    <dimen name="x326">576.54dp</dimen>
    <dimen name="x327">578.31dp</dimen>
    <dimen name="x328">580.07dp</dimen>
    <dimen name="x329">581.84dp</dimen>
    <dimen name="x330">583.61dp</dimen>
    <dimen name="x331">585.38dp</dimen>
    <dimen name="x332">587.15dp</dimen>
    <dimen name="x333">588.92dp</dimen>
    <dimen name="x334">590.69dp</dimen>
    <dimen name="x335">592.45dp</dimen>
    <dimen name="x336">594.22dp</dimen>
    <dimen name="x337">595.99dp</dimen>
    <dimen name="x338">597.76dp</dimen>
    <dimen name="x339">599.53dp</dimen>
    <dimen name="x340">601.30dp</dimen>
    <dimen name="x341">603.06dp</dimen>
    <dimen name="x342">604.83dp</dimen>
    <dimen name="x343">606.60dp</dimen>
    <dimen name="x344">608.37dp</dimen>
    <dimen name="x345">610.14dp</dimen>
    <dimen name="x346">611.91dp</dimen>
    <dimen name="x347">613.68dp</dimen>
    <dimen name="x348">615.44dp</dimen>
    <dimen name="x349">617.21dp</dimen>
    <dimen name="x350">618.98dp</dimen>
    <dimen name="x351">620.75dp</dimen>
    <dimen name="x352">622.52dp</dimen>
    <dimen name="x353">624.29dp</dimen>
    <dimen name="x354">626.06dp</dimen>
    <dimen name="x355">627.82dp</dimen>
    <dimen name="x356">629.59dp</dimen>
    <dimen name="x357">631.36dp</dimen>
    <dimen name="x358">633.13dp</dimen>
    <dimen name="x359">634.90dp</dimen>
    <dimen name="x360">636.67dp</dimen>
    <dimen name="x361">638.44dp</dimen>
    <dimen name="x362">640.20dp</dimen>
    <dimen name="x363">641.97dp</dimen>
    <dimen name="x364">643.74dp</dimen>
    <dimen name="x365">645.51dp</dimen>
    <dimen name="x366">647.28dp</dimen>
    <dimen name="x367">649.05dp</dimen>
    <dimen name="x368">650.81dp</dimen>
    <dimen name="x369">652.58dp</dimen>
    <dimen name="x370">654.35dp</dimen>
    <dimen name="x371">656.12dp</dimen>
    <dimen name="x372">657.89dp</dimen>
    <dimen name="x373">659.66dp</dimen>
    <dimen name="x374">661.43dp</dimen>
    <dimen name="x375">663.19dp</dimen>
    <dimen name="x376">664.96dp</dimen>
    <dimen name="x377">666.73dp</dimen>
    <dimen name="x378">668.50dp</dimen>
    <dimen name="x379">670.27dp</dimen>
    <dimen name="x380">672.04dp</dimen>
    <dimen name="x381">673.81dp</dimen>
    <dimen name="x382">675.57dp</dimen>
    <dimen name="x383">677.34dp</dimen>
    <dimen name="x384">679.11dp</dimen>
    <dimen name="x385">680.88dp</dimen>
    <dimen name="x386">682.65dp</dimen>
    <dimen name="x387">684.42dp</dimen>
    <dimen name="x388">686.19dp</dimen>
    <dimen name="x389">687.95dp</dimen>
    <dimen name="x390">689.72dp</dimen>
    <dimen name="x391">691.49dp</dimen>
    <dimen name="x392">693.26dp</dimen>
    <dimen name="x393">695.03dp</dimen>
    <dimen name="x394">696.80dp</dimen>
    <dimen name="x395">698.56dp</dimen>
    <dimen name="x396">700.33dp</dimen>
    <dimen name="x397">702.10dp</dimen>
    <dimen name="x398">703.87dp</dimen>
    <dimen name="x399">705.64dp</dimen>
    <dimen name="x400">707.41dp</dimen>
    <dimen name="x401">709.18dp</dimen>
    <dimen name="x402">710.94dp</dimen>
    <dimen name="x403">712.71dp</dimen>
    <dimen name="x404">714.48dp</dimen>
    <dimen name="x405">716.25dp</dimen>
    <dimen name="x406">718.02dp</dimen>
    <dimen name="x407">719.79dp</dimen>
    <dimen name="x408">721.56dp</dimen>
    <dimen name="x409">723.32dp</dimen>
    <dimen name="x410">725.09dp</dimen>
    <dimen name="x411">726.86dp</dimen>
    <dimen name="x412">728.63dp</dimen>
    <dimen name="x413">730.40dp</dimen>
    <dimen name="x414">732.17dp</dimen>
    <dimen name="x415">733.94dp</dimen>
    <dimen name="x416">735.70dp</dimen>
    <dimen name="x417">737.47dp</dimen>
    <dimen name="x418">739.24dp</dimen>
    <dimen name="x419">741.01dp</dimen>
    <dimen name="x420">742.78dp</dimen>
    <dimen name="x421">744.55dp</dimen>
    <dimen name="x422">746.31dp</dimen>
    <dimen name="x423">748.08dp</dimen>
    <dimen name="x424">749.85dp</dimen>
    <dimen name="x425">751.62dp</dimen>
    <dimen name="x426">753.39dp</dimen>
    <dimen name="x427">755.16dp</dimen>
    <dimen name="x428">756.93dp</dimen>
    <dimen name="x429">758.69dp</dimen>
    <dimen name="x430">760.46dp</dimen>
    <dimen name="x431">762.23dp</dimen>
    <dimen name="x432">764.00dp</dimen>
    <dimen name="x433">765.77dp</dimen>
    <dimen name="x434">767.54dp</dimen>
    <dimen name="x435">769.31dp</dimen>
    <dimen name="x436">771.07dp</dimen>
    <dimen name="x437">772.84dp</dimen>
    <dimen name="x438">774.61dp</dimen>
    <dimen name="x439">776.38dp</dimen>
    <dimen name="x440">778.15dp</dimen>
    <dimen name="x441">779.92dp</dimen>
    <dimen name="x442">781.69dp</dimen>
    <dimen name="x443">783.45dp</dimen>
    <dimen name="x444">785.22dp</dimen>
    <dimen name="x445">786.99dp</dimen>
    <dimen name="x446">788.76dp</dimen>
    <dimen name="x447">790.53dp</dimen>
    <dimen name="x448">792.30dp</dimen>
    <dimen name="x449">794.06dp</dimen>
    <dimen name="x450">795.83dp</dimen>
    <dimen name="x451">797.60dp</dimen>
    <dimen name="x452">799.37dp</dimen>
    <dimen name="x453">801.14dp</dimen>
    <dimen name="x454">802.91dp</dimen>
    <dimen name="x455">804.68dp</dimen>
    <dimen name="x456">806.44dp</dimen>
    <dimen name="x457">808.21dp</dimen>
    <dimen name="x458">809.98dp</dimen>
    <dimen name="x459">811.75dp</dimen>
    <dimen name="x460">813.52dp</dimen>
    <dimen name="x461">815.29dp</dimen>
    <dimen name="x462">817.06dp</dimen>
    <dimen name="x463">818.82dp</dimen>
    <dimen name="x464">820.59dp</dimen>
    <dimen name="x465">822.36dp</dimen>
    <dimen name="x466">824.13dp</dimen>
    <dimen name="x467">825.90dp</dimen>
    <dimen name="x468">827.67dp</dimen>
    <dimen name="x469">829.44dp</dimen>
    <dimen name="x470">831.20dp</dimen>
    <dimen name="x471">832.97dp</dimen>
    <dimen name="x472">834.74dp</dimen>
    <dimen name="x473">836.51dp</dimen>
    <dimen name="x474">838.28dp</dimen>
    <dimen name="x475">840.05dp</dimen>
    <dimen name="x476">841.81dp</dimen>
    <dimen name="x477">843.58dp</dimen>
    <dimen name="x478">845.35dp</dimen>
    <dimen name="x479">847.12dp</dimen>
    <dimen name="x480">848.89dp</dimen>
    <dimen name="x481">850.66dp</dimen>
    <dimen name="x482">852.43dp</dimen>
    <dimen name="x483">854.19dp</dimen>
    <dimen name="x484">855.96dp</dimen>
    <dimen name="x485">857.73dp</dimen>
    <dimen name="x486">859.50dp</dimen>
    <dimen name="x487">861.27dp</dimen>
    <dimen name="x488">863.04dp</dimen>
    <dimen name="x489">864.81dp</dimen>
    <dimen name="x490">866.57dp</dimen>
    <dimen name="x491">868.34dp</dimen>
    <dimen name="x492">870.11dp</dimen>
    <dimen name="x493">871.88dp</dimen>
    <dimen name="x494">873.65dp</dimen>
    <dimen name="x495">875.42dp</dimen>
    <dimen name="x496">877.19dp</dimen>
    <dimen name="x497">878.95dp</dimen>
    <dimen name="x498">880.72dp</dimen>
    <dimen name="x499">882.49dp</dimen>
    <dimen name="x500">884.26dp</dimen>
    <dimen name="x501">886.03dp</dimen>
    <dimen name="x502">887.80dp</dimen>
    <dimen name="x503">889.56dp</dimen>
    <dimen name="x504">891.33dp</dimen>
    <dimen name="x505">893.10dp</dimen>
    <dimen name="x506">894.87dp</dimen>
    <dimen name="x507">896.64dp</dimen>
    <dimen name="x508">898.41dp</dimen>
    <dimen name="x509">900.18dp</dimen>
    <dimen name="x510">901.94dp</dimen>
    <dimen name="x511">903.71dp</dimen>
    <dimen name="x512">905.48dp</dimen>
    <dimen name="x513">907.25dp</dimen>
    <dimen name="x514">909.02dp</dimen>
    <dimen name="x515">910.79dp</dimen>
    <dimen name="x516">912.56dp</dimen>
    <dimen name="x517">914.32dp</dimen>
    <dimen name="x518">916.09dp</dimen>
    <dimen name="x519">917.86dp</dimen>
    <dimen name="x520">919.63dp</dimen>
    <dimen name="x521">921.40dp</dimen>
    <dimen name="x522">923.17dp</dimen>
    <dimen name="x523">924.94dp</dimen>
    <dimen name="x524">926.70dp</dimen>
    <dimen name="x525">928.47dp</dimen>
    <dimen name="x526">930.24dp</dimen>
    <dimen name="x527">932.01dp</dimen>
    <dimen name="x528">933.78dp</dimen>
    <dimen name="x529">935.55dp</dimen>
    <dimen name="x530">937.31dp</dimen>
    <dimen name="x531">939.08dp</dimen>
    <dimen name="x532">940.85dp</dimen>
    <dimen name="x533">942.62dp</dimen>
    <dimen name="x534">944.39dp</dimen>
    <dimen name="x535">946.16dp</dimen>
    <dimen name="x536">947.93dp</dimen>
    <dimen name="x537">949.69dp</dimen>
    <dimen name="x538">951.46dp</dimen>
    <dimen name="x539">953.23dp</dimen>
    <dimen name="x540">955.00dp</dimen>
    <dimen name="x541">956.77dp</dimen>
    <dimen name="x542">958.54dp</dimen>
    <dimen name="x543">960.31dp</dimen>
    <dimen name="x544">962.07dp</dimen>
    <dimen name="x545">963.84dp</dimen>
    <dimen name="x546">965.61dp</dimen>
    <dimen name="x547">967.38dp</dimen>
    <dimen name="x548">969.15dp</dimen>
    <dimen name="x549">970.92dp</dimen>
    <dimen name="x550">972.69dp</dimen>
    <dimen name="x551">974.45dp</dimen>
    <dimen name="x552">976.22dp</dimen>
    <dimen name="x553">977.99dp</dimen>
    <dimen name="x554">979.76dp</dimen>
    <dimen name="x555">981.53dp</dimen>
    <dimen name="x556">983.30dp</dimen>
    <dimen name="x557">985.06dp</dimen>
    <dimen name="x558">986.83dp</dimen>
    <dimen name="x559">988.60dp</dimen>
    <dimen name="x560">990.37dp</dimen>
    <dimen name="x561">992.14dp</dimen>
    <dimen name="x562">993.91dp</dimen>
    <dimen name="x563">995.68dp</dimen>
    <dimen name="x564">997.44dp</dimen>
    <dimen name="x565">999.21dp</dimen>
    <dimen name="x566">1000.98dp</dimen>
    <dimen name="x567">1002.75dp</dimen>
    <dimen name="x568">1004.52dp</dimen>
    <dimen name="x569">1006.29dp</dimen>
    <dimen name="x570">1008.06dp</dimen>
    <dimen name="x571">1009.82dp</dimen>
    <dimen name="x572">1011.59dp</dimen>
    <dimen name="x573">1013.36dp</dimen>
    <dimen name="x574">1015.13dp</dimen>
    <dimen name="x575">1016.90dp</dimen>
    <dimen name="x576">1018.67dp</dimen>
    <dimen name="x577">1020.44dp</dimen>
    <dimen name="x578">1022.20dp</dimen>
    <dimen name="x579">1023.97dp</dimen>
    <dimen name="x580">1025.74dp</dimen>
    <dimen name="x581">1027.51dp</dimen>
    <dimen name="x582">1029.28dp</dimen>
    <dimen name="x583">1031.05dp</dimen>
    <dimen name="x584">1032.81dp</dimen>
    <dimen name="x585">1034.58dp</dimen>
    <dimen name="x586">1036.35dp</dimen>
    <dimen name="x587">1038.12dp</dimen>
    <dimen name="x588">1039.89dp</dimen>
    <dimen name="x589">1041.66dp</dimen>
    <dimen name="x590">1043.43dp</dimen>
    <dimen name="x591">1045.19dp</dimen>
    <dimen name="x592">1046.96dp</dimen>
    <dimen name="x593">1048.73dp</dimen>
    <dimen name="x594">1050.50dp</dimen>
    <dimen name="x595">1052.27dp</dimen>
    <dimen name="x596">1054.04dp</dimen>
    <dimen name="x597">1055.81dp</dimen>
    <dimen name="x598">1057.57dp</dimen>
    <dimen name="x599">1059.34dp</dimen>
    <dimen name="x600">1061.11dp</dimen>
    <dimen name="x601">1062.88dp</dimen>
    <dimen name="x602">1064.65dp</dimen>
    <dimen name="x603">1066.42dp</dimen>
    <dimen name="x604">1068.19dp</dimen>
    <dimen name="x605">1069.95dp</dimen>
    <dimen name="x606">1071.72dp</dimen>
    <dimen name="x607">1073.49dp</dimen>
    <dimen name="x608">1075.26dp</dimen>
    <dimen name="x609">1077.03dp</dimen>
    <dimen name="x610">1078.80dp</dimen>
    <dimen name="x611">1080.56dp</dimen>
    <dimen name="x612">1082.33dp</dimen>
    <dimen name="x613">1084.10dp</dimen>
    <dimen name="x614">1085.87dp</dimen>
    <dimen name="x615">1087.64dp</dimen>
    <dimen name="x616">1089.41dp</dimen>
    <dimen name="x617">1091.18dp</dimen>
    <dimen name="x618">1092.94dp</dimen>
    <dimen name="x619">1094.71dp</dimen>
    <dimen name="x620">1096.48dp</dimen>
    <dimen name="x621">1098.25dp</dimen>
    <dimen name="x622">1100.02dp</dimen>
    <dimen name="x623">1101.79dp</dimen>
    <dimen name="x624">1103.56dp</dimen>
    <dimen name="x625">1105.32dp</dimen>
    <dimen name="x626">1107.09dp</dimen>
    <dimen name="x627">1108.86dp</dimen>
    <dimen name="x628">1110.63dp</dimen>
    <dimen name="x629">1112.40dp</dimen>
    <dimen name="x630">1114.17dp</dimen>
    <dimen name="x631">1115.94dp</dimen>
    <dimen name="x632">1117.70dp</dimen>
    <dimen name="x633">1119.47dp</dimen>
    <dimen name="x634">1121.24dp</dimen>
    <dimen name="x635">1123.01dp</dimen>
    <dimen name="x636">1124.78dp</dimen>
    <dimen name="x637">1126.55dp</dimen>
    <dimen name="x638">1128.31dp</dimen>
    <dimen name="x639">1130.08dp</dimen>
    <dimen name="x640">1131.85dp</dimen>
    <dimen name="x641">1133.62dp</dimen>
    <dimen name="x642">1135.39dp</dimen>
    <dimen name="x643">1137.16dp</dimen>
    <dimen name="x644">1138.93dp</dimen>
    <dimen name="x645">1140.69dp</dimen>
    <dimen name="x646">1142.46dp</dimen>
    <dimen name="x647">1144.23dp</dimen>
    <dimen name="x648">1146.00dp</dimen>
    <dimen name="x649">1147.77dp</dimen>
    <dimen name="x650">1149.54dp</dimen>
    <dimen name="x651">1151.31dp</dimen>
    <dimen name="x652">1153.07dp</dimen>
    <dimen name="x653">1154.84dp</dimen>
    <dimen name="x654">1156.61dp</dimen>
    <dimen name="x655">1158.38dp</dimen>
    <dimen name="x656">1160.15dp</dimen>
    <dimen name="x657">1161.92dp</dimen>
    <dimen name="x658">1163.69dp</dimen>
    <dimen name="x659">1165.45dp</dimen>
    <dimen name="x660">1167.22dp</dimen>
    <dimen name="x661">1168.99dp</dimen>
    <dimen name="x662">1170.76dp</dimen>
    <dimen name="x663">1172.53dp</dimen>
    <dimen name="x664">1174.30dp</dimen>
    <dimen name="x665">1176.06dp</dimen>
    <dimen name="x666">1177.83dp</dimen>
    <dimen name="x667">1179.60dp</dimen>
    <dimen name="x668">1181.37dp</dimen>
    <dimen name="x669">1183.14dp</dimen>
    <dimen name="x670">1184.91dp</dimen>
    <dimen name="x671">1186.68dp</dimen>
    <dimen name="x672">1188.44dp</dimen>
    <dimen name="x673">1190.21dp</dimen>
    <dimen name="x674">1191.98dp</dimen>
    <dimen name="x675">1193.75dp</dimen>
    <dimen name="x676">1195.52dp</dimen>
    <dimen name="x677">1197.29dp</dimen>
    <dimen name="x678">1199.06dp</dimen>
    <dimen name="x679">1200.82dp</dimen>
    <dimen name="x680">1202.59dp</dimen>
    <dimen name="x681">1204.36dp</dimen>
    <dimen name="x682">1206.13dp</dimen>
    <dimen name="x683">1207.90dp</dimen>
    <dimen name="x684">1209.67dp</dimen>
    <dimen name="x685">1211.44dp</dimen>
    <dimen name="x686">1213.20dp</dimen>
    <dimen name="x687">1214.97dp</dimen>
    <dimen name="x688">1216.74dp</dimen>
    <dimen name="x689">1218.51dp</dimen>
    <dimen name="x690">1220.28dp</dimen>
    <dimen name="x691">1222.05dp</dimen>
    <dimen name="x692">1223.81dp</dimen>
    <dimen name="x693">1225.58dp</dimen>
    <dimen name="x694">1227.35dp</dimen>
    <dimen name="x695">1229.12dp</dimen>
    <dimen name="x696">1230.89dp</dimen>
    <dimen name="x697">1232.66dp</dimen>
    <dimen name="x698">1234.43dp</dimen>
    <dimen name="x699">1236.19dp</dimen>
    <dimen name="x700">1237.96dp</dimen>
    <dimen name="x701">1239.73dp</dimen>
    <dimen name="x702">1241.50dp</dimen>
    <dimen name="x703">1243.27dp</dimen>
    <dimen name="x704">1245.04dp</dimen>
    <dimen name="x705">1246.81dp</dimen>
    <dimen name="x706">1248.57dp</dimen>
    <dimen name="x707">1250.34dp</dimen>
    <dimen name="x708">1252.11dp</dimen>
    <dimen name="x709">1253.88dp</dimen>
    <dimen name="x710">1255.65dp</dimen>
    <dimen name="x711">1257.42dp</dimen>
    <dimen name="x712">1259.19dp</dimen>
    <dimen name="x713">1260.95dp</dimen>
    <dimen name="x714">1262.72dp</dimen>
    <dimen name="x715">1264.49dp</dimen>
    <dimen name="x716">1266.26dp</dimen>
    <dimen name="x717">1268.03dp</dimen>
    <dimen name="x718">1269.80dp</dimen>
    <dimen name="x719">1271.56dp</dimen>
    <dimen name="x720">1273.33dp</dimen>
    <dimen name="x721">1275.10dp</dimen>
    <dimen name="x722">1276.87dp</dimen>
    <dimen name="x723">1278.64dp</dimen>
    <dimen name="x724">1280.41dp</dimen>
    <dimen name="x725">1282.18dp</dimen>
    <dimen name="x726">1283.94dp</dimen>
    <dimen name="x727">1285.71dp</dimen>
    <dimen name="x728">1287.48dp</dimen>
    <dimen name="x729">1289.25dp</dimen>
    <dimen name="x730">1291.02dp</dimen>
    <dimen name="x731">1292.79dp</dimen>
    <dimen name="x732">1294.56dp</dimen>
    <dimen name="x733">1296.32dp</dimen>
    <dimen name="x734">1298.09dp</dimen>
    <dimen name="x735">1299.86dp</dimen>
    <dimen name="x736">1301.63dp</dimen>
    <dimen name="x737">1303.40dp</dimen>
    <dimen name="x738">1305.17dp</dimen>
    <dimen name="x739">1306.94dp</dimen>
    <dimen name="x740">1308.70dp</dimen>
    <dimen name="x741">1310.47dp</dimen>
    <dimen name="x742">1312.24dp</dimen>
    <dimen name="x743">1314.01dp</dimen>
    <dimen name="x744">1315.78dp</dimen>
    <dimen name="x745">1317.55dp</dimen>
    <dimen name="x746">1319.31dp</dimen>
    <dimen name="x747">1321.08dp</dimen>
    <dimen name="x748">1322.85dp</dimen>
    <dimen name="x749">1324.62dp</dimen>
    <dimen name="x750">1326.39dp</dimen>
    <dimen name="x751">1328.16dp</dimen>
    <dimen name="x752">1329.93dp</dimen>
    <dimen name="x753">1331.69dp</dimen>
    <dimen name="x754">1333.46dp</dimen>
    <dimen name="x755">1335.23dp</dimen>
    <dimen name="x756">1337.00dp</dimen>
    <dimen name="x757">1338.77dp</dimen>
    <dimen name="x758">1340.54dp</dimen>
    <dimen name="x759">1342.31dp</dimen>
    <dimen name="x760">1344.07dp</dimen>
    <dimen name="x761">1345.84dp</dimen>
    <dimen name="x762">1347.61dp</dimen>
    <dimen name="x763">1349.38dp</dimen>
    <dimen name="x764">1351.15dp</dimen>
    <dimen name="x765">1352.92dp</dimen>
    <dimen name="x766">1354.69dp</dimen>
    <dimen name="x767">1356.45dp</dimen>
    <dimen name="x768">1358.22dp</dimen>
    <dimen name="x769">1359.99dp</dimen>
    <dimen name="x770">1361.76dp</dimen>
    <dimen name="x771">1363.53dp</dimen>
    <dimen name="x772">1365.30dp</dimen>
    <dimen name="x773">1367.06dp</dimen>
    <dimen name="x774">1368.83dp</dimen>
    <dimen name="x775">1370.60dp</dimen>
    <dimen name="x776">1372.37dp</dimen>
    <dimen name="x777">1374.14dp</dimen>
    <dimen name="x778">1375.91dp</dimen>
    <dimen name="x779">1377.68dp</dimen>
    <dimen name="x780">1379.44dp</dimen>
    <dimen name="x781">1381.21dp</dimen>
    <dimen name="x782">1382.98dp</dimen>
    <dimen name="x783">1384.75dp</dimen>
    <dimen name="x784">1386.52dp</dimen>
    <dimen name="x785">1388.29dp</dimen>
    <dimen name="x786">1390.06dp</dimen>
    <dimen name="x787">1391.82dp</dimen>
    <dimen name="x788">1393.59dp</dimen>
    <dimen name="x789">1395.36dp</dimen>
    <dimen name="x790">1397.13dp</dimen>
    <dimen name="x791">1398.90dp</dimen>
    <dimen name="x792">1400.67dp</dimen>
    <dimen name="x793">1402.44dp</dimen>
    <dimen name="x794">1404.20dp</dimen>
    <dimen name="x795">1405.97dp</dimen>
    <dimen name="x796">1407.74dp</dimen>
    <dimen name="x797">1409.51dp</dimen>
    <dimen name="x798">1411.28dp</dimen>
    <dimen name="x799">1413.05dp</dimen>
    <dimen name="x800">1414.81dp</dimen>
    <dimen name="x801">1416.58dp</dimen>
    <dimen name="x802">1418.35dp</dimen>
    <dimen name="x803">1420.12dp</dimen>
    <dimen name="x804">1421.89dp</dimen>
    <dimen name="x805">1423.66dp</dimen>
    <dimen name="x806">1425.43dp</dimen>
    <dimen name="x807">1427.19dp</dimen>
    <dimen name="x808">1428.96dp</dimen>
    <dimen name="x809">1430.73dp</dimen>
    <dimen name="x810">1432.50dp</dimen>
    <dimen name="x811">1434.27dp</dimen>
    <dimen name="x812">1436.04dp</dimen>
    <dimen name="x813">1437.81dp</dimen>
    <dimen name="x814">1439.57dp</dimen>
    <dimen name="x815">1441.34dp</dimen>
    <dimen name="x816">1443.11dp</dimen>
    <dimen name="x817">1444.88dp</dimen>
    <dimen name="x818">1446.65dp</dimen>
    <dimen name="x819">1448.42dp</dimen>
    <dimen name="x820">1450.19dp</dimen>
    <dimen name="x821">1451.95dp</dimen>
    <dimen name="x822">1453.72dp</dimen>
    <dimen name="x823">1455.49dp</dimen>
    <dimen name="x824">1457.26dp</dimen>
    <dimen name="x825">1459.03dp</dimen>
    <dimen name="x826">1460.80dp</dimen>
    <dimen name="x827">1462.56dp</dimen>
    <dimen name="x828">1464.33dp</dimen>
    <dimen name="x829">1466.10dp</dimen>
    <dimen name="x830">1467.87dp</dimen>
    <dimen name="x831">1469.64dp</dimen>
    <dimen name="x832">1471.41dp</dimen>
    <dimen name="x833">1473.18dp</dimen>
    <dimen name="x834">1474.94dp</dimen>
    <dimen name="x835">1476.71dp</dimen>
    <dimen name="x836">1478.48dp</dimen>
    <dimen name="x837">1480.25dp</dimen>
    <dimen name="x838">1482.02dp</dimen>
    <dimen name="x839">1483.79dp</dimen>
    <dimen name="x840">1485.56dp</dimen>
    <dimen name="x841">1487.32dp</dimen>
    <dimen name="x842">1489.09dp</dimen>
    <dimen name="x843">1490.86dp</dimen>
    <dimen name="x844">1492.63dp</dimen>
    <dimen name="x845">1494.40dp</dimen>
    <dimen name="x846">1496.17dp</dimen>
    <dimen name="x847">1497.94dp</dimen>
    <dimen name="x848">1499.70dp</dimen>
    <dimen name="x849">1501.47dp</dimen>
    <dimen name="x850">1503.24dp</dimen>
    <dimen name="x851">1505.01dp</dimen>
    <dimen name="x852">1506.78dp</dimen>
    <dimen name="x853">1508.55dp</dimen>
    <dimen name="x854">1510.31dp</dimen>
    <dimen name="x855">1512.08dp</dimen>
    <dimen name="x856">1513.85dp</dimen>
    <dimen name="x857">1515.62dp</dimen>
    <dimen name="x858">1517.39dp</dimen>
    <dimen name="x859">1519.16dp</dimen>
    <dimen name="x860">1520.93dp</dimen>
    <dimen name="x861">1522.69dp</dimen>
    <dimen name="x862">1524.46dp</dimen>
    <dimen name="x863">1526.23dp</dimen>
    <dimen name="x864">1528.00dp</dimen>
    <dimen name="x865">1529.77dp</dimen>
    <dimen name="x866">1531.54dp</dimen>
    <dimen name="x867">1533.31dp</dimen>
    <dimen name="x868">1535.07dp</dimen>
    <dimen name="x869">1536.84dp</dimen>
    <dimen name="x870">1538.61dp</dimen>
    <dimen name="x871">1540.38dp</dimen>
    <dimen name="x872">1542.15dp</dimen>
    <dimen name="x873">1543.92dp</dimen>
    <dimen name="x874">1545.69dp</dimen>
    <dimen name="x875">1547.45dp</dimen>
    <dimen name="x876">1549.22dp</dimen>
    <dimen name="x877">1550.99dp</dimen>
    <dimen name="x878">1552.76dp</dimen>
    <dimen name="x879">1554.53dp</dimen>
    <dimen name="x880">1556.30dp</dimen>
    <dimen name="x881">1558.06dp</dimen>
    <dimen name="x882">1559.83dp</dimen>
    <dimen name="x883">1561.60dp</dimen>
    <dimen name="x884">1563.37dp</dimen>
    <dimen name="x885">1565.14dp</dimen>
    <dimen name="x886">1566.91dp</dimen>
    <dimen name="x887">1568.68dp</dimen>
    <dimen name="x888">1570.44dp</dimen>
    <dimen name="x889">1572.21dp</dimen>
    <dimen name="x890">1573.98dp</dimen>
    <dimen name="x891">1575.75dp</dimen>
    <dimen name="x892">1577.52dp</dimen>
    <dimen name="x893">1579.29dp</dimen>
    <dimen name="x894">1581.06dp</dimen>
    <dimen name="x895">1582.82dp</dimen>
    <dimen name="x896">1584.59dp</dimen>
    <dimen name="x897">1586.36dp</dimen>
    <dimen name="x898">1588.13dp</dimen>
    <dimen name="x899">1589.90dp</dimen>
    <dimen name="x900">1591.67dp</dimen>
    <dimen name="x901">1593.44dp</dimen>
    <dimen name="x902">1595.20dp</dimen>
    <dimen name="x903">1596.97dp</dimen>
    <dimen name="x904">1598.74dp</dimen>
    <dimen name="x905">1600.51dp</dimen>
    <dimen name="x906">1602.28dp</dimen>
    <dimen name="x907">1604.05dp</dimen>
    <dimen name="x908">1605.81dp</dimen>
    <dimen name="x909">1607.58dp</dimen>
    <dimen name="x910">1609.35dp</dimen>
    <dimen name="x911">1611.12dp</dimen>
    <dimen name="x912">1612.89dp</dimen>
    <dimen name="x913">1614.66dp</dimen>
    <dimen name="x914">1616.43dp</dimen>
    <dimen name="x915">1618.19dp</dimen>
    <dimen name="x916">1619.96dp</dimen>
    <dimen name="x917">1621.73dp</dimen>
    <dimen name="x918">1623.50dp</dimen>
    <dimen name="x919">1625.27dp</dimen>
    <dimen name="x920">1627.04dp</dimen>
    <dimen name="x921">1628.81dp</dimen>
    <dimen name="x922">1630.57dp</dimen>
    <dimen name="x923">1632.34dp</dimen>
    <dimen name="x924">1634.11dp</dimen>
    <dimen name="x925">1635.88dp</dimen>
    <dimen name="x926">1637.65dp</dimen>
    <dimen name="x927">1639.42dp</dimen>
    <dimen name="x928">1641.19dp</dimen>
    <dimen name="x929">1642.95dp</dimen>
    <dimen name="x930">1644.72dp</dimen>
    <dimen name="x931">1646.49dp</dimen>
    <dimen name="x932">1648.26dp</dimen>
    <dimen name="x933">1650.03dp</dimen>
    <dimen name="x934">1651.80dp</dimen>
    <dimen name="x935">1653.56dp</dimen>
    <dimen name="x936">1655.33dp</dimen>
    <dimen name="x937">1657.10dp</dimen>
    <dimen name="x938">1658.87dp</dimen>
    <dimen name="x939">1660.64dp</dimen>
    <dimen name="x940">1662.41dp</dimen>
    <dimen name="x941">1664.18dp</dimen>
    <dimen name="x942">1665.94dp</dimen>
    <dimen name="x943">1667.71dp</dimen>
    <dimen name="x944">1669.48dp</dimen>
    <dimen name="x945">1671.25dp</dimen>
    <dimen name="x946">1673.02dp</dimen>
    <dimen name="x947">1674.79dp</dimen>
    <dimen name="x948">1676.56dp</dimen>
    <dimen name="x949">1678.32dp</dimen>
    <dimen name="x950">1680.09dp</dimen>
    <dimen name="x951">1681.86dp</dimen>
    <dimen name="x952">1683.63dp</dimen>
    <dimen name="x953">1685.40dp</dimen>
    <dimen name="x954">1687.17dp</dimen>
    <dimen name="x955">1688.94dp</dimen>
    <dimen name="x956">1690.70dp</dimen>
    <dimen name="x957">1692.47dp</dimen>
    <dimen name="x958">1694.24dp</dimen>
    <dimen name="x959">1696.01dp</dimen>
    <dimen name="x960">1697.78dp</dimen>
    <dimen name="x961">1699.55dp</dimen>
    <dimen name="x962">1701.31dp</dimen>
    <dimen name="x963">1703.08dp</dimen>
    <dimen name="x964">1704.85dp</dimen>
    <dimen name="x965">1706.62dp</dimen>
    <dimen name="x966">1708.39dp</dimen>
    <dimen name="x967">1710.16dp</dimen>
    <dimen name="x968">1711.93dp</dimen>
    <dimen name="x969">1713.69dp</dimen>
    <dimen name="x970">1715.46dp</dimen>
    <dimen name="x971">1717.23dp</dimen>
    <dimen name="x972">1719.00dp</dimen>
    <dimen name="x973">1720.77dp</dimen>
    <dimen name="x974">1722.54dp</dimen>
    <dimen name="x975">1724.31dp</dimen>
    <dimen name="x976">1726.07dp</dimen>
    <dimen name="x977">1727.84dp</dimen>
    <dimen name="x978">1729.61dp</dimen>
    <dimen name="x979">1731.38dp</dimen>
    <dimen name="x980">1733.15dp</dimen>
    <dimen name="x981">1734.92dp</dimen>
    <dimen name="x982">1736.69dp</dimen>
    <dimen name="x983">1738.45dp</dimen>
    <dimen name="x984">1740.22dp</dimen>
    <dimen name="x985">1741.99dp</dimen>
    <dimen name="x986">1743.76dp</dimen>
    <dimen name="x987">1745.53dp</dimen>
    <dimen name="x988">1747.30dp</dimen>
    <dimen name="x989">1749.06dp</dimen>
    <dimen name="x990">1750.83dp</dimen>
    <dimen name="x991">1752.60dp</dimen>
    <dimen name="x992">1754.37dp</dimen>
    <dimen name="x993">1756.14dp</dimen>
    <dimen name="x994">1757.91dp</dimen>
    <dimen name="x995">1759.68dp</dimen>
    <dimen name="x996">1761.44dp</dimen>
    <dimen name="x997">1763.21dp</dimen>
    <dimen name="x998">1764.98dp</dimen>
    <dimen name="x999">1766.75dp</dimen>
    <dimen name="x1000">1768.52dp</dimen>
    <dimen name="x1001">1770.29dp</dimen>
    <dimen name="x1002">1772.06dp</dimen>
    <dimen name="x1003">1773.82dp</dimen>
    <dimen name="x1004">1775.59dp</dimen>
    <dimen name="x1005">1777.36dp</dimen>
    <dimen name="x1006">1779.13dp</dimen>
    <dimen name="x1007">1780.90dp</dimen>
    <dimen name="x1008">1782.67dp</dimen>
    <dimen name="x1009">1784.44dp</dimen>
    <dimen name="x1010">1786.20dp</dimen>
    <dimen name="x1011">1787.97dp</dimen>
    <dimen name="x1012">1789.74dp</dimen>
    <dimen name="x1013">1791.51dp</dimen>
    <dimen name="x1014">1793.28dp</dimen>
    <dimen name="x1015">1795.05dp</dimen>
    <dimen name="x1016">1796.81dp</dimen>
    <dimen name="x1017">1798.58dp</dimen>
    <dimen name="x1018">1800.35dp</dimen>
    <dimen name="x1019">1802.12dp</dimen>
    <dimen name="x1020">1803.89dp</dimen>
    <dimen name="x1021">1805.66dp</dimen>
    <dimen name="x1022">1807.43dp</dimen>
    <dimen name="x1023">1809.19dp</dimen>
    <dimen name="x1024">1810.96dp</dimen>
    <dimen name="x1025">1812.73dp</dimen>
    <dimen name="x1026">1814.50dp</dimen>
    <dimen name="x1027">1816.27dp</dimen>
    <dimen name="x1028">1818.04dp</dimen>
    <dimen name="x1029">1819.81dp</dimen>
    <dimen name="x1030">1821.57dp</dimen>
    <dimen name="x1031">1823.34dp</dimen>
    <dimen name="x1032">1825.11dp</dimen>
    <dimen name="x1033">1826.88dp</dimen>
    <dimen name="x1034">1828.65dp</dimen>
    <dimen name="x1035">1830.42dp</dimen>
    <dimen name="x1036">1832.19dp</dimen>
    <dimen name="x1037">1833.95dp</dimen>
    <dimen name="x1038">1835.72dp</dimen>
    <dimen name="x1039">1837.49dp</dimen>
    <dimen name="x1040">1839.26dp</dimen>
    <dimen name="x1041">1841.03dp</dimen>
    <dimen name="x1042">1842.80dp</dimen>
    <dimen name="x1043">1844.56dp</dimen>
    <dimen name="x1044">1846.33dp</dimen>
    <dimen name="x1045">1848.10dp</dimen>
    <dimen name="x1046">1849.87dp</dimen>
    <dimen name="x1047">1851.64dp</dimen>
    <dimen name="x1048">1853.41dp</dimen>
    <dimen name="x1049">1855.18dp</dimen>
    <dimen name="x1050">1856.94dp</dimen>
    <dimen name="x1051">1858.71dp</dimen>
    <dimen name="x1052">1860.48dp</dimen>
    <dimen name="x1053">1862.25dp</dimen>
    <dimen name="x1054">1864.02dp</dimen>
    <dimen name="x1055">1865.79dp</dimen>
    <dimen name="x1056">1867.56dp</dimen>
    <dimen name="x1057">1869.32dp</dimen>
    <dimen name="x1058">1871.09dp</dimen>
    <dimen name="x1059">1872.86dp</dimen>
    <dimen name="x1060">1874.63dp</dimen>
    <dimen name="x1061">1876.40dp</dimen>
    <dimen name="x1062">1878.17dp</dimen>
    <dimen name="x1063">1879.94dp</dimen>
    <dimen name="x1064">1881.70dp</dimen>
    <dimen name="x1065">1883.47dp</dimen>
    <dimen name="x1066">1885.24dp</dimen>
    <dimen name="x1067">1887.01dp</dimen>
    <dimen name="x1068">1888.78dp</dimen>
    <dimen name="x1069">1890.55dp</dimen>
    <dimen name="x1070">1892.31dp</dimen>
    <dimen name="x1071">1894.08dp</dimen>
    <dimen name="x1072">1895.85dp</dimen>
    <dimen name="x1073">1897.62dp</dimen>
    <dimen name="x1074">1899.39dp</dimen>
    <dimen name="x1075">1901.16dp</dimen>
    <dimen name="x1076">1902.93dp</dimen>
    <dimen name="x1077">1904.69dp</dimen>
    <dimen name="x1078">1906.46dp</dimen>
    <dimen name="x1079">1908.23dp</dimen>
    <dimen name="x1080">1910.00dp</dimen>
</resources>