<?xml version="1.0" encoding="utf-8"?>
<resources>
    <string name="sw_dp">850dp</string>
    <dimen name="x1">0.79dp</dimen>
    <dimen name="x2">1.57dp</dimen>
    <dimen name="x3">2.36dp</dimen>
    <dimen name="x4">3.15dp</dimen>
    <dimen name="x5">3.94dp</dimen>
    <dimen name="x6">4.72dp</dimen>
    <dimen name="x7">5.51dp</dimen>
    <dimen name="x8">6.30dp</dimen>
    <dimen name="x9">7.08dp</dimen>
    <dimen name="x10">7.87dp</dimen>
    <dimen name="x11">8.66dp</dimen>
    <dimen name="x12">9.44dp</dimen>
    <dimen name="x13">10.23dp</dimen>
    <dimen name="x14">11.02dp</dimen>
    <dimen name="x15">11.81dp</dimen>
    <dimen name="x16">12.59dp</dimen>
    <dimen name="x17">13.38dp</dimen>
    <dimen name="x18">14.17dp</dimen>
    <dimen name="x19">14.95dp</dimen>
    <dimen name="x20">15.74dp</dimen>
    <dimen name="x21">16.53dp</dimen>
    <dimen name="x22">17.31dp</dimen>
    <dimen name="x23">18.10dp</dimen>
    <dimen name="x24">18.89dp</dimen>
    <dimen name="x25">19.68dp</dimen>
    <dimen name="x26">20.46dp</dimen>
    <dimen name="x27">21.25dp</dimen>
    <dimen name="x28">22.04dp</dimen>
    <dimen name="x29">22.82dp</dimen>
    <dimen name="x30">23.61dp</dimen>
    <dimen name="x31">24.40dp</dimen>
    <dimen name="x32">25.19dp</dimen>
    <dimen name="x33">25.97dp</dimen>
    <dimen name="x34">26.76dp</dimen>
    <dimen name="x35">27.55dp</dimen>
    <dimen name="x36">28.33dp</dimen>
    <dimen name="x37">29.12dp</dimen>
    <dimen name="x38">29.91dp</dimen>
    <dimen name="x39">30.69dp</dimen>
    <dimen name="x40">31.48dp</dimen>
    <dimen name="x41">32.27dp</dimen>
    <dimen name="x42">33.06dp</dimen>
    <dimen name="x43">33.84dp</dimen>
    <dimen name="x44">34.63dp</dimen>
    <dimen name="x45">35.42dp</dimen>
    <dimen name="x46">36.20dp</dimen>
    <dimen name="x47">36.99dp</dimen>
    <dimen name="x48">37.78dp</dimen>
    <dimen name="x49">38.56dp</dimen>
    <dimen name="x50">39.35dp</dimen>
    <dimen name="x51">40.14dp</dimen>
    <dimen name="x52">40.93dp</dimen>
    <dimen name="x53">41.71dp</dimen>
    <dimen name="x54">42.50dp</dimen>
    <dimen name="x55">43.29dp</dimen>
    <dimen name="x56">44.07dp</dimen>
    <dimen name="x57">44.86dp</dimen>
    <dimen name="x58">45.65dp</dimen>
    <dimen name="x59">46.44dp</dimen>
    <dimen name="x60">47.22dp</dimen>
    <dimen name="x61">48.01dp</dimen>
    <dimen name="x62">48.80dp</dimen>
    <dimen name="x63">49.58dp</dimen>
    <dimen name="x64">50.37dp</dimen>
    <dimen name="x65">51.16dp</dimen>
    <dimen name="x66">51.94dp</dimen>
    <dimen name="x67">52.73dp</dimen>
    <dimen name="x68">53.52dp</dimen>
    <dimen name="x69">54.31dp</dimen>
    <dimen name="x70">55.09dp</dimen>
    <dimen name="x71">55.88dp</dimen>
    <dimen name="x72">56.67dp</dimen>
    <dimen name="x73">57.45dp</dimen>
    <dimen name="x74">58.24dp</dimen>
    <dimen name="x75">59.03dp</dimen>
    <dimen name="x76">59.81dp</dimen>
    <dimen name="x77">60.60dp</dimen>
    <dimen name="x78">61.39dp</dimen>
    <dimen name="x79">62.18dp</dimen>
    <dimen name="x80">62.96dp</dimen>
    <dimen name="x81">63.75dp</dimen>
    <dimen name="x82">64.54dp</dimen>
    <dimen name="x83">65.32dp</dimen>
    <dimen name="x84">66.11dp</dimen>
    <dimen name="x85">66.90dp</dimen>
    <dimen name="x86">67.69dp</dimen>
    <dimen name="x87">68.47dp</dimen>
    <dimen name="x88">69.26dp</dimen>
    <dimen name="x89">70.05dp</dimen>
    <dimen name="x90">70.83dp</dimen>
    <dimen name="x91">71.62dp</dimen>
    <dimen name="x92">72.41dp</dimen>
    <dimen name="x93">73.19dp</dimen>
    <dimen name="x94">73.98dp</dimen>
    <dimen name="x95">74.77dp</dimen>
    <dimen name="x96">75.56dp</dimen>
    <dimen name="x97">76.34dp</dimen>
    <dimen name="x98">77.13dp</dimen>
    <dimen name="x99">77.92dp</dimen>
    <dimen name="x100">78.70dp</dimen>
    <dimen name="x101">79.49dp</dimen>
    <dimen name="x102">80.28dp</dimen>
    <dimen name="x103">81.06dp</dimen>
    <dimen name="x104">81.85dp</dimen>
    <dimen name="x105">82.64dp</dimen>
    <dimen name="x106">83.43dp</dimen>
    <dimen name="x107">84.21dp</dimen>
    <dimen name="x108">85.00dp</dimen>
    <dimen name="x109">85.79dp</dimen>
    <dimen name="x110">86.57dp</dimen>
    <dimen name="x111">87.36dp</dimen>
    <dimen name="x112">88.15dp</dimen>
    <dimen name="x113">88.94dp</dimen>
    <dimen name="x114">89.72dp</dimen>
    <dimen name="x115">90.51dp</dimen>
    <dimen name="x116">91.30dp</dimen>
    <dimen name="x117">92.08dp</dimen>
    <dimen name="x118">92.87dp</dimen>
    <dimen name="x119">93.66dp</dimen>
    <dimen name="x120">94.44dp</dimen>
    <dimen name="x121">95.23dp</dimen>
    <dimen name="x122">96.02dp</dimen>
    <dimen name="x123">96.81dp</dimen>
    <dimen name="x124">97.59dp</dimen>
    <dimen name="x125">98.38dp</dimen>
    <dimen name="x126">99.17dp</dimen>
    <dimen name="x127">99.95dp</dimen>
    <dimen name="x128">100.74dp</dimen>
    <dimen name="x129">101.53dp</dimen>
    <dimen name="x130">102.31dp</dimen>
    <dimen name="x131">103.10dp</dimen>
    <dimen name="x132">103.89dp</dimen>
    <dimen name="x133">104.68dp</dimen>
    <dimen name="x134">105.46dp</dimen>
    <dimen name="x135">106.25dp</dimen>
    <dimen name="x136">107.04dp</dimen>
    <dimen name="x137">107.82dp</dimen>
    <dimen name="x138">108.61dp</dimen>
    <dimen name="x139">109.40dp</dimen>
    <dimen name="x140">110.19dp</dimen>
    <dimen name="x141">110.97dp</dimen>
    <dimen name="x142">111.76dp</dimen>
    <dimen name="x143">112.55dp</dimen>
    <dimen name="x144">113.33dp</dimen>
    <dimen name="x145">114.12dp</dimen>
    <dimen name="x146">114.91dp</dimen>
    <dimen name="x147">115.69dp</dimen>
    <dimen name="x148">116.48dp</dimen>
    <dimen name="x149">117.27dp</dimen>
    <dimen name="x150">118.06dp</dimen>
    <dimen name="x151">118.84dp</dimen>
    <dimen name="x152">119.63dp</dimen>
    <dimen name="x153">120.42dp</dimen>
    <dimen name="x154">121.20dp</dimen>
    <dimen name="x155">121.99dp</dimen>
    <dimen name="x156">122.78dp</dimen>
    <dimen name="x157">123.56dp</dimen>
    <dimen name="x158">124.35dp</dimen>
    <dimen name="x159">125.14dp</dimen>
    <dimen name="x160">125.93dp</dimen>
    <dimen name="x161">126.71dp</dimen>
    <dimen name="x162">127.50dp</dimen>
    <dimen name="x163">128.29dp</dimen>
    <dimen name="x164">129.07dp</dimen>
    <dimen name="x165">129.86dp</dimen>
    <dimen name="x166">130.65dp</dimen>
    <dimen name="x167">131.44dp</dimen>
    <dimen name="x168">132.22dp</dimen>
    <dimen name="x169">133.01dp</dimen>
    <dimen name="x170">133.80dp</dimen>
    <dimen name="x171">134.58dp</dimen>
    <dimen name="x172">135.37dp</dimen>
    <dimen name="x173">136.16dp</dimen>
    <dimen name="x174">136.94dp</dimen>
    <dimen name="x175">137.73dp</dimen>
    <dimen name="x176">138.52dp</dimen>
    <dimen name="x177">139.31dp</dimen>
    <dimen name="x178">140.09dp</dimen>
    <dimen name="x179">140.88dp</dimen>
    <dimen name="x180">141.67dp</dimen>
    <dimen name="x181">142.45dp</dimen>
    <dimen name="x182">143.24dp</dimen>
    <dimen name="x183">144.03dp</dimen>
    <dimen name="x184">144.81dp</dimen>
    <dimen name="x185">145.60dp</dimen>
    <dimen name="x186">146.39dp</dimen>
    <dimen name="x187">147.18dp</dimen>
    <dimen name="x188">147.96dp</dimen>
    <dimen name="x189">148.75dp</dimen>
    <dimen name="x190">149.54dp</dimen>
    <dimen name="x191">150.32dp</dimen>
    <dimen name="x192">151.11dp</dimen>
    <dimen name="x193">151.90dp</dimen>
    <dimen name="x194">152.69dp</dimen>
    <dimen name="x195">153.47dp</dimen>
    <dimen name="x196">154.26dp</dimen>
    <dimen name="x197">155.05dp</dimen>
    <dimen name="x198">155.83dp</dimen>
    <dimen name="x199">156.62dp</dimen>
    <dimen name="x200">157.41dp</dimen>
    <dimen name="x201">158.19dp</dimen>
    <dimen name="x202">158.98dp</dimen>
    <dimen name="x203">159.77dp</dimen>
    <dimen name="x204">160.56dp</dimen>
    <dimen name="x205">161.34dp</dimen>
    <dimen name="x206">162.13dp</dimen>
    <dimen name="x207">162.92dp</dimen>
    <dimen name="x208">163.70dp</dimen>
    <dimen name="x209">164.49dp</dimen>
    <dimen name="x210">165.28dp</dimen>
    <dimen name="x211">166.06dp</dimen>
    <dimen name="x212">166.85dp</dimen>
    <dimen name="x213">167.64dp</dimen>
    <dimen name="x214">168.43dp</dimen>
    <dimen name="x215">169.21dp</dimen>
    <dimen name="x216">170.00dp</dimen>
    <dimen name="x217">170.79dp</dimen>
    <dimen name="x218">171.57dp</dimen>
    <dimen name="x219">172.36dp</dimen>
    <dimen name="x220">173.15dp</dimen>
    <dimen name="x221">173.94dp</dimen>
    <dimen name="x222">174.72dp</dimen>
    <dimen name="x223">175.51dp</dimen>
    <dimen name="x224">176.30dp</dimen>
    <dimen name="x225">177.08dp</dimen>
    <dimen name="x226">177.87dp</dimen>
    <dimen name="x227">178.66dp</dimen>
    <dimen name="x228">179.44dp</dimen>
    <dimen name="x229">180.23dp</dimen>
    <dimen name="x230">181.02dp</dimen>
    <dimen name="x231">181.81dp</dimen>
    <dimen name="x232">182.59dp</dimen>
    <dimen name="x233">183.38dp</dimen>
    <dimen name="x234">184.17dp</dimen>
    <dimen name="x235">184.95dp</dimen>
    <dimen name="x236">185.74dp</dimen>
    <dimen name="x237">186.53dp</dimen>
    <dimen name="x238">187.31dp</dimen>
    <dimen name="x239">188.10dp</dimen>
    <dimen name="x240">188.89dp</dimen>
    <dimen name="x241">189.68dp</dimen>
    <dimen name="x242">190.46dp</dimen>
    <dimen name="x243">191.25dp</dimen>
    <dimen name="x244">192.04dp</dimen>
    <dimen name="x245">192.82dp</dimen>
    <dimen name="x246">193.61dp</dimen>
    <dimen name="x247">194.40dp</dimen>
    <dimen name="x248">195.19dp</dimen>
    <dimen name="x249">195.97dp</dimen>
    <dimen name="x250">196.76dp</dimen>
    <dimen name="x251">197.55dp</dimen>
    <dimen name="x252">198.33dp</dimen>
    <dimen name="x253">199.12dp</dimen>
    <dimen name="x254">199.91dp</dimen>
    <dimen name="x255">200.69dp</dimen>
    <dimen name="x256">201.48dp</dimen>
    <dimen name="x257">202.27dp</dimen>
    <dimen name="x258">203.06dp</dimen>
    <dimen name="x259">203.84dp</dimen>
    <dimen name="x260">204.63dp</dimen>
    <dimen name="x261">205.42dp</dimen>
    <dimen name="x262">206.20dp</dimen>
    <dimen name="x263">206.99dp</dimen>
    <dimen name="x264">207.78dp</dimen>
    <dimen name="x265">208.56dp</dimen>
    <dimen name="x266">209.35dp</dimen>
    <dimen name="x267">210.14dp</dimen>
    <dimen name="x268">210.93dp</dimen>
    <dimen name="x269">211.71dp</dimen>
    <dimen name="x270">212.50dp</dimen>
    <dimen name="x271">213.29dp</dimen>
    <dimen name="x272">214.07dp</dimen>
    <dimen name="x273">214.86dp</dimen>
    <dimen name="x274">215.65dp</dimen>
    <dimen name="x275">216.44dp</dimen>
    <dimen name="x276">217.22dp</dimen>
    <dimen name="x277">218.01dp</dimen>
    <dimen name="x278">218.80dp</dimen>
    <dimen name="x279">219.58dp</dimen>
    <dimen name="x280">220.37dp</dimen>
    <dimen name="x281">221.16dp</dimen>
    <dimen name="x282">221.94dp</dimen>
    <dimen name="x283">222.73dp</dimen>
    <dimen name="x284">223.52dp</dimen>
    <dimen name="x285">224.31dp</dimen>
    <dimen name="x286">225.09dp</dimen>
    <dimen name="x287">225.88dp</dimen>
    <dimen name="x288">226.67dp</dimen>
    <dimen name="x289">227.45dp</dimen>
    <dimen name="x290">228.24dp</dimen>
    <dimen name="x291">229.03dp</dimen>
    <dimen name="x292">229.81dp</dimen>
    <dimen name="x293">230.60dp</dimen>
    <dimen name="x294">231.39dp</dimen>
    <dimen name="x295">232.18dp</dimen>
    <dimen name="x296">232.96dp</dimen>
    <dimen name="x297">233.75dp</dimen>
    <dimen name="x298">234.54dp</dimen>
    <dimen name="x299">235.32dp</dimen>
    <dimen name="x300">236.11dp</dimen>
    <dimen name="x301">236.90dp</dimen>
    <dimen name="x302">237.69dp</dimen>
    <dimen name="x303">238.47dp</dimen>
    <dimen name="x304">239.26dp</dimen>
    <dimen name="x305">240.05dp</dimen>
    <dimen name="x306">240.83dp</dimen>
    <dimen name="x307">241.62dp</dimen>
    <dimen name="x308">242.41dp</dimen>
    <dimen name="x309">243.19dp</dimen>
    <dimen name="x310">243.98dp</dimen>
    <dimen name="x311">244.77dp</dimen>
    <dimen name="x312">245.56dp</dimen>
    <dimen name="x313">246.34dp</dimen>
    <dimen name="x314">247.13dp</dimen>
    <dimen name="x315">247.92dp</dimen>
    <dimen name="x316">248.70dp</dimen>
    <dimen name="x317">249.49dp</dimen>
    <dimen name="x318">250.28dp</dimen>
    <dimen name="x319">251.06dp</dimen>
    <dimen name="x320">251.85dp</dimen>
    <dimen name="x321">252.64dp</dimen>
    <dimen name="x322">253.43dp</dimen>
    <dimen name="x323">254.21dp</dimen>
    <dimen name="x324">255.00dp</dimen>
    <dimen name="x325">255.79dp</dimen>
    <dimen name="x326">256.57dp</dimen>
    <dimen name="x327">257.36dp</dimen>
    <dimen name="x328">258.15dp</dimen>
    <dimen name="x329">258.94dp</dimen>
    <dimen name="x330">259.72dp</dimen>
    <dimen name="x331">260.51dp</dimen>
    <dimen name="x332">261.30dp</dimen>
    <dimen name="x333">262.08dp</dimen>
    <dimen name="x334">262.87dp</dimen>
    <dimen name="x335">263.66dp</dimen>
    <dimen name="x336">264.44dp</dimen>
    <dimen name="x337">265.23dp</dimen>
    <dimen name="x338">266.02dp</dimen>
    <dimen name="x339">266.81dp</dimen>
    <dimen name="x340">267.59dp</dimen>
    <dimen name="x341">268.38dp</dimen>
    <dimen name="x342">269.17dp</dimen>
    <dimen name="x343">269.95dp</dimen>
    <dimen name="x344">270.74dp</dimen>
    <dimen name="x345">271.53dp</dimen>
    <dimen name="x346">272.31dp</dimen>
    <dimen name="x347">273.10dp</dimen>
    <dimen name="x348">273.89dp</dimen>
    <dimen name="x349">274.68dp</dimen>
    <dimen name="x350">275.46dp</dimen>
    <dimen name="x351">276.25dp</dimen>
    <dimen name="x352">277.04dp</dimen>
    <dimen name="x353">277.82dp</dimen>
    <dimen name="x354">278.61dp</dimen>
    <dimen name="x355">279.40dp</dimen>
    <dimen name="x356">280.19dp</dimen>
    <dimen name="x357">280.97dp</dimen>
    <dimen name="x358">281.76dp</dimen>
    <dimen name="x359">282.55dp</dimen>
    <dimen name="x360">283.33dp</dimen>
    <dimen name="x361">284.12dp</dimen>
    <dimen name="x362">284.91dp</dimen>
    <dimen name="x363">285.69dp</dimen>
    <dimen name="x364">286.48dp</dimen>
    <dimen name="x365">287.27dp</dimen>
    <dimen name="x366">288.06dp</dimen>
    <dimen name="x367">288.84dp</dimen>
    <dimen name="x368">289.63dp</dimen>
    <dimen name="x369">290.42dp</dimen>
    <dimen name="x370">291.20dp</dimen>
    <dimen name="x371">291.99dp</dimen>
    <dimen name="x372">292.78dp</dimen>
    <dimen name="x373">293.56dp</dimen>
    <dimen name="x374">294.35dp</dimen>
    <dimen name="x375">295.14dp</dimen>
    <dimen name="x376">295.93dp</dimen>
    <dimen name="x377">296.71dp</dimen>
    <dimen name="x378">297.50dp</dimen>
    <dimen name="x379">298.29dp</dimen>
    <dimen name="x380">299.07dp</dimen>
    <dimen name="x381">299.86dp</dimen>
    <dimen name="x382">300.65dp</dimen>
    <dimen name="x383">301.44dp</dimen>
    <dimen name="x384">302.22dp</dimen>
    <dimen name="x385">303.01dp</dimen>
    <dimen name="x386">303.80dp</dimen>
    <dimen name="x387">304.58dp</dimen>
    <dimen name="x388">305.37dp</dimen>
    <dimen name="x389">306.16dp</dimen>
    <dimen name="x390">306.94dp</dimen>
    <dimen name="x391">307.73dp</dimen>
    <dimen name="x392">308.52dp</dimen>
    <dimen name="x393">309.31dp</dimen>
    <dimen name="x394">310.09dp</dimen>
    <dimen name="x395">310.88dp</dimen>
    <dimen name="x396">311.67dp</dimen>
    <dimen name="x397">312.45dp</dimen>
    <dimen name="x398">313.24dp</dimen>
    <dimen name="x399">314.03dp</dimen>
    <dimen name="x400">314.81dp</dimen>
    <dimen name="x401">315.60dp</dimen>
    <dimen name="x402">316.39dp</dimen>
    <dimen name="x403">317.18dp</dimen>
    <dimen name="x404">317.96dp</dimen>
    <dimen name="x405">318.75dp</dimen>
    <dimen name="x406">319.54dp</dimen>
    <dimen name="x407">320.32dp</dimen>
    <dimen name="x408">321.11dp</dimen>
    <dimen name="x409">321.90dp</dimen>
    <dimen name="x410">322.69dp</dimen>
    <dimen name="x411">323.47dp</dimen>
    <dimen name="x412">324.26dp</dimen>
    <dimen name="x413">325.05dp</dimen>
    <dimen name="x414">325.83dp</dimen>
    <dimen name="x415">326.62dp</dimen>
    <dimen name="x416">327.41dp</dimen>
    <dimen name="x417">328.19dp</dimen>
    <dimen name="x418">328.98dp</dimen>
    <dimen name="x419">329.77dp</dimen>
    <dimen name="x420">330.56dp</dimen>
    <dimen name="x421">331.34dp</dimen>
    <dimen name="x422">332.13dp</dimen>
    <dimen name="x423">332.92dp</dimen>
    <dimen name="x424">333.70dp</dimen>
    <dimen name="x425">334.49dp</dimen>
    <dimen name="x426">335.28dp</dimen>
    <dimen name="x427">336.06dp</dimen>
    <dimen name="x428">336.85dp</dimen>
    <dimen name="x429">337.64dp</dimen>
    <dimen name="x430">338.43dp</dimen>
    <dimen name="x431">339.21dp</dimen>
    <dimen name="x432">340.00dp</dimen>
    <dimen name="x433">340.79dp</dimen>
    <dimen name="x434">341.57dp</dimen>
    <dimen name="x435">342.36dp</dimen>
    <dimen name="x436">343.15dp</dimen>
    <dimen name="x437">343.94dp</dimen>
    <dimen name="x438">344.72dp</dimen>
    <dimen name="x439">345.51dp</dimen>
    <dimen name="x440">346.30dp</dimen>
    <dimen name="x441">347.08dp</dimen>
    <dimen name="x442">347.87dp</dimen>
    <dimen name="x443">348.66dp</dimen>
    <dimen name="x444">349.44dp</dimen>
    <dimen name="x445">350.23dp</dimen>
    <dimen name="x446">351.02dp</dimen>
    <dimen name="x447">351.81dp</dimen>
    <dimen name="x448">352.59dp</dimen>
    <dimen name="x449">353.38dp</dimen>
    <dimen name="x450">354.17dp</dimen>
    <dimen name="x451">354.95dp</dimen>
    <dimen name="x452">355.74dp</dimen>
    <dimen name="x453">356.53dp</dimen>
    <dimen name="x454">357.31dp</dimen>
    <dimen name="x455">358.10dp</dimen>
    <dimen name="x456">358.89dp</dimen>
    <dimen name="x457">359.68dp</dimen>
    <dimen name="x458">360.46dp</dimen>
    <dimen name="x459">361.25dp</dimen>
    <dimen name="x460">362.04dp</dimen>
    <dimen name="x461">362.82dp</dimen>
    <dimen name="x462">363.61dp</dimen>
    <dimen name="x463">364.40dp</dimen>
    <dimen name="x464">365.19dp</dimen>
    <dimen name="x465">365.97dp</dimen>
    <dimen name="x466">366.76dp</dimen>
    <dimen name="x467">367.55dp</dimen>
    <dimen name="x468">368.33dp</dimen>
    <dimen name="x469">369.12dp</dimen>
    <dimen name="x470">369.91dp</dimen>
    <dimen name="x471">370.69dp</dimen>
    <dimen name="x472">371.48dp</dimen>
    <dimen name="x473">372.27dp</dimen>
    <dimen name="x474">373.06dp</dimen>
    <dimen name="x475">373.84dp</dimen>
    <dimen name="x476">374.63dp</dimen>
    <dimen name="x477">375.42dp</dimen>
    <dimen name="x478">376.20dp</dimen>
    <dimen name="x479">376.99dp</dimen>
    <dimen name="x480">377.78dp</dimen>
    <dimen name="x481">378.56dp</dimen>
    <dimen name="x482">379.35dp</dimen>
    <dimen name="x483">380.14dp</dimen>
    <dimen name="x484">380.93dp</dimen>
    <dimen name="x485">381.71dp</dimen>
    <dimen name="x486">382.50dp</dimen>
    <dimen name="x487">383.29dp</dimen>
    <dimen name="x488">384.07dp</dimen>
    <dimen name="x489">384.86dp</dimen>
    <dimen name="x490">385.65dp</dimen>
    <dimen name="x491">386.44dp</dimen>
    <dimen name="x492">387.22dp</dimen>
    <dimen name="x493">388.01dp</dimen>
    <dimen name="x494">388.80dp</dimen>
    <dimen name="x495">389.58dp</dimen>
    <dimen name="x496">390.37dp</dimen>
    <dimen name="x497">391.16dp</dimen>
    <dimen name="x498">391.94dp</dimen>
    <dimen name="x499">392.73dp</dimen>
    <dimen name="x500">393.52dp</dimen>
    <dimen name="x501">394.31dp</dimen>
    <dimen name="x502">395.09dp</dimen>
    <dimen name="x503">395.88dp</dimen>
    <dimen name="x504">396.67dp</dimen>
    <dimen name="x505">397.45dp</dimen>
    <dimen name="x506">398.24dp</dimen>
    <dimen name="x507">399.03dp</dimen>
    <dimen name="x508">399.81dp</dimen>
    <dimen name="x509">400.60dp</dimen>
    <dimen name="x510">401.39dp</dimen>
    <dimen name="x511">402.18dp</dimen>
    <dimen name="x512">402.96dp</dimen>
    <dimen name="x513">403.75dp</dimen>
    <dimen name="x514">404.54dp</dimen>
    <dimen name="x515">405.32dp</dimen>
    <dimen name="x516">406.11dp</dimen>
    <dimen name="x517">406.90dp</dimen>
    <dimen name="x518">407.69dp</dimen>
    <dimen name="x519">408.47dp</dimen>
    <dimen name="x520">409.26dp</dimen>
    <dimen name="x521">410.05dp</dimen>
    <dimen name="x522">410.83dp</dimen>
    <dimen name="x523">411.62dp</dimen>
    <dimen name="x524">412.41dp</dimen>
    <dimen name="x525">413.19dp</dimen>
    <dimen name="x526">413.98dp</dimen>
    <dimen name="x527">414.77dp</dimen>
    <dimen name="x528">415.56dp</dimen>
    <dimen name="x529">416.34dp</dimen>
    <dimen name="x530">417.13dp</dimen>
    <dimen name="x531">417.92dp</dimen>
    <dimen name="x532">418.70dp</dimen>
    <dimen name="x533">419.49dp</dimen>
    <dimen name="x534">420.28dp</dimen>
    <dimen name="x535">421.06dp</dimen>
    <dimen name="x536">421.85dp</dimen>
    <dimen name="x537">422.64dp</dimen>
    <dimen name="x538">423.43dp</dimen>
    <dimen name="x539">424.21dp</dimen>
    <dimen name="x540">425.00dp</dimen>
    <dimen name="x541">425.79dp</dimen>
    <dimen name="x542">426.57dp</dimen>
    <dimen name="x543">427.36dp</dimen>
    <dimen name="x544">428.15dp</dimen>
    <dimen name="x545">428.94dp</dimen>
    <dimen name="x546">429.72dp</dimen>
    <dimen name="x547">430.51dp</dimen>
    <dimen name="x548">431.30dp</dimen>
    <dimen name="x549">432.08dp</dimen>
    <dimen name="x550">432.87dp</dimen>
    <dimen name="x551">433.66dp</dimen>
    <dimen name="x552">434.44dp</dimen>
    <dimen name="x553">435.23dp</dimen>
    <dimen name="x554">436.02dp</dimen>
    <dimen name="x555">436.81dp</dimen>
    <dimen name="x556">437.59dp</dimen>
    <dimen name="x557">438.38dp</dimen>
    <dimen name="x558">439.17dp</dimen>
    <dimen name="x559">439.95dp</dimen>
    <dimen name="x560">440.74dp</dimen>
    <dimen name="x561">441.53dp</dimen>
    <dimen name="x562">442.31dp</dimen>
    <dimen name="x563">443.10dp</dimen>
    <dimen name="x564">443.89dp</dimen>
    <dimen name="x565">444.68dp</dimen>
    <dimen name="x566">445.46dp</dimen>
    <dimen name="x567">446.25dp</dimen>
    <dimen name="x568">447.04dp</dimen>
    <dimen name="x569">447.82dp</dimen>
    <dimen name="x570">448.61dp</dimen>
    <dimen name="x571">449.40dp</dimen>
    <dimen name="x572">450.19dp</dimen>
    <dimen name="x573">450.97dp</dimen>
    <dimen name="x574">451.76dp</dimen>
    <dimen name="x575">452.55dp</dimen>
    <dimen name="x576">453.33dp</dimen>
    <dimen name="x577">454.12dp</dimen>
    <dimen name="x578">454.91dp</dimen>
    <dimen name="x579">455.69dp</dimen>
    <dimen name="x580">456.48dp</dimen>
    <dimen name="x581">457.27dp</dimen>
    <dimen name="x582">458.06dp</dimen>
    <dimen name="x583">458.84dp</dimen>
    <dimen name="x584">459.63dp</dimen>
    <dimen name="x585">460.42dp</dimen>
    <dimen name="x586">461.20dp</dimen>
    <dimen name="x587">461.99dp</dimen>
    <dimen name="x588">462.78dp</dimen>
    <dimen name="x589">463.56dp</dimen>
    <dimen name="x590">464.35dp</dimen>
    <dimen name="x591">465.14dp</dimen>
    <dimen name="x592">465.93dp</dimen>
    <dimen name="x593">466.71dp</dimen>
    <dimen name="x594">467.50dp</dimen>
    <dimen name="x595">468.29dp</dimen>
    <dimen name="x596">469.07dp</dimen>
    <dimen name="x597">469.86dp</dimen>
    <dimen name="x598">470.65dp</dimen>
    <dimen name="x599">471.44dp</dimen>
    <dimen name="x600">472.22dp</dimen>
    <dimen name="x601">473.01dp</dimen>
    <dimen name="x602">473.80dp</dimen>
    <dimen name="x603">474.58dp</dimen>
    <dimen name="x604">475.37dp</dimen>
    <dimen name="x605">476.16dp</dimen>
    <dimen name="x606">476.94dp</dimen>
    <dimen name="x607">477.73dp</dimen>
    <dimen name="x608">478.52dp</dimen>
    <dimen name="x609">479.31dp</dimen>
    <dimen name="x610">480.09dp</dimen>
    <dimen name="x611">480.88dp</dimen>
    <dimen name="x612">481.67dp</dimen>
    <dimen name="x613">482.45dp</dimen>
    <dimen name="x614">483.24dp</dimen>
    <dimen name="x615">484.03dp</dimen>
    <dimen name="x616">484.81dp</dimen>
    <dimen name="x617">485.60dp</dimen>
    <dimen name="x618">486.39dp</dimen>
    <dimen name="x619">487.18dp</dimen>
    <dimen name="x620">487.96dp</dimen>
    <dimen name="x621">488.75dp</dimen>
    <dimen name="x622">489.54dp</dimen>
    <dimen name="x623">490.32dp</dimen>
    <dimen name="x624">491.11dp</dimen>
    <dimen name="x625">491.90dp</dimen>
    <dimen name="x626">492.69dp</dimen>
    <dimen name="x627">493.47dp</dimen>
    <dimen name="x628">494.26dp</dimen>
    <dimen name="x629">495.05dp</dimen>
    <dimen name="x630">495.83dp</dimen>
    <dimen name="x631">496.62dp</dimen>
    <dimen name="x632">497.41dp</dimen>
    <dimen name="x633">498.19dp</dimen>
    <dimen name="x634">498.98dp</dimen>
    <dimen name="x635">499.77dp</dimen>
    <dimen name="x636">500.56dp</dimen>
    <dimen name="x637">501.34dp</dimen>
    <dimen name="x638">502.13dp</dimen>
    <dimen name="x639">502.92dp</dimen>
    <dimen name="x640">503.70dp</dimen>
    <dimen name="x641">504.49dp</dimen>
    <dimen name="x642">505.28dp</dimen>
    <dimen name="x643">506.06dp</dimen>
    <dimen name="x644">506.85dp</dimen>
    <dimen name="x645">507.64dp</dimen>
    <dimen name="x646">508.43dp</dimen>
    <dimen name="x647">509.21dp</dimen>
    <dimen name="x648">510.00dp</dimen>
    <dimen name="x649">510.79dp</dimen>
    <dimen name="x650">511.57dp</dimen>
    <dimen name="x651">512.36dp</dimen>
    <dimen name="x652">513.15dp</dimen>
    <dimen name="x653">513.94dp</dimen>
    <dimen name="x654">514.72dp</dimen>
    <dimen name="x655">515.51dp</dimen>
    <dimen name="x656">516.30dp</dimen>
    <dimen name="x657">517.08dp</dimen>
    <dimen name="x658">517.87dp</dimen>
    <dimen name="x659">518.66dp</dimen>
    <dimen name="x660">519.44dp</dimen>
    <dimen name="x661">520.23dp</dimen>
    <dimen name="x662">521.02dp</dimen>
    <dimen name="x663">521.81dp</dimen>
    <dimen name="x664">522.59dp</dimen>
    <dimen name="x665">523.38dp</dimen>
    <dimen name="x666">524.17dp</dimen>
    <dimen name="x667">524.95dp</dimen>
    <dimen name="x668">525.74dp</dimen>
    <dimen name="x669">526.53dp</dimen>
    <dimen name="x670">527.31dp</dimen>
    <dimen name="x671">528.10dp</dimen>
    <dimen name="x672">528.89dp</dimen>
    <dimen name="x673">529.68dp</dimen>
    <dimen name="x674">530.46dp</dimen>
    <dimen name="x675">531.25dp</dimen>
    <dimen name="x676">532.04dp</dimen>
    <dimen name="x677">532.82dp</dimen>
    <dimen name="x678">533.61dp</dimen>
    <dimen name="x679">534.40dp</dimen>
    <dimen name="x680">535.19dp</dimen>
    <dimen name="x681">535.97dp</dimen>
    <dimen name="x682">536.76dp</dimen>
    <dimen name="x683">537.55dp</dimen>
    <dimen name="x684">538.33dp</dimen>
    <dimen name="x685">539.12dp</dimen>
    <dimen name="x686">539.91dp</dimen>
    <dimen name="x687">540.69dp</dimen>
    <dimen name="x688">541.48dp</dimen>
    <dimen name="x689">542.27dp</dimen>
    <dimen name="x690">543.06dp</dimen>
    <dimen name="x691">543.84dp</dimen>
    <dimen name="x692">544.63dp</dimen>
    <dimen name="x693">545.42dp</dimen>
    <dimen name="x694">546.20dp</dimen>
    <dimen name="x695">546.99dp</dimen>
    <dimen name="x696">547.78dp</dimen>
    <dimen name="x697">548.56dp</dimen>
    <dimen name="x698">549.35dp</dimen>
    <dimen name="x699">550.14dp</dimen>
    <dimen name="x700">550.93dp</dimen>
    <dimen name="x701">551.71dp</dimen>
    <dimen name="x702">552.50dp</dimen>
    <dimen name="x703">553.29dp</dimen>
    <dimen name="x704">554.07dp</dimen>
    <dimen name="x705">554.86dp</dimen>
    <dimen name="x706">555.65dp</dimen>
    <dimen name="x707">556.44dp</dimen>
    <dimen name="x708">557.22dp</dimen>
    <dimen name="x709">558.01dp</dimen>
    <dimen name="x710">558.80dp</dimen>
    <dimen name="x711">559.58dp</dimen>
    <dimen name="x712">560.37dp</dimen>
    <dimen name="x713">561.16dp</dimen>
    <dimen name="x714">561.94dp</dimen>
    <dimen name="x715">562.73dp</dimen>
    <dimen name="x716">563.52dp</dimen>
    <dimen name="x717">564.31dp</dimen>
    <dimen name="x718">565.09dp</dimen>
    <dimen name="x719">565.88dp</dimen>
    <dimen name="x720">566.67dp</dimen>
    <dimen name="x721">567.45dp</dimen>
    <dimen name="x722">568.24dp</dimen>
    <dimen name="x723">569.03dp</dimen>
    <dimen name="x724">569.81dp</dimen>
    <dimen name="x725">570.60dp</dimen>
    <dimen name="x726">571.39dp</dimen>
    <dimen name="x727">572.18dp</dimen>
    <dimen name="x728">572.96dp</dimen>
    <dimen name="x729">573.75dp</dimen>
    <dimen name="x730">574.54dp</dimen>
    <dimen name="x731">575.32dp</dimen>
    <dimen name="x732">576.11dp</dimen>
    <dimen name="x733">576.90dp</dimen>
    <dimen name="x734">577.69dp</dimen>
    <dimen name="x735">578.47dp</dimen>
    <dimen name="x736">579.26dp</dimen>
    <dimen name="x737">580.05dp</dimen>
    <dimen name="x738">580.83dp</dimen>
    <dimen name="x739">581.62dp</dimen>
    <dimen name="x740">582.41dp</dimen>
    <dimen name="x741">583.19dp</dimen>
    <dimen name="x742">583.98dp</dimen>
    <dimen name="x743">584.77dp</dimen>
    <dimen name="x744">585.56dp</dimen>
    <dimen name="x745">586.34dp</dimen>
    <dimen name="x746">587.13dp</dimen>
    <dimen name="x747">587.92dp</dimen>
    <dimen name="x748">588.70dp</dimen>
    <dimen name="x749">589.49dp</dimen>
    <dimen name="x750">590.28dp</dimen>
    <dimen name="x751">591.06dp</dimen>
    <dimen name="x752">591.85dp</dimen>
    <dimen name="x753">592.64dp</dimen>
    <dimen name="x754">593.43dp</dimen>
    <dimen name="x755">594.21dp</dimen>
    <dimen name="x756">595.00dp</dimen>
    <dimen name="x757">595.79dp</dimen>
    <dimen name="x758">596.57dp</dimen>
    <dimen name="x759">597.36dp</dimen>
    <dimen name="x760">598.15dp</dimen>
    <dimen name="x761">598.94dp</dimen>
    <dimen name="x762">599.72dp</dimen>
    <dimen name="x763">600.51dp</dimen>
    <dimen name="x764">601.30dp</dimen>
    <dimen name="x765">602.08dp</dimen>
    <dimen name="x766">602.87dp</dimen>
    <dimen name="x767">603.66dp</dimen>
    <dimen name="x768">604.44dp</dimen>
    <dimen name="x769">605.23dp</dimen>
    <dimen name="x770">606.02dp</dimen>
    <dimen name="x771">606.81dp</dimen>
    <dimen name="x772">607.59dp</dimen>
    <dimen name="x773">608.38dp</dimen>
    <dimen name="x774">609.17dp</dimen>
    <dimen name="x775">609.95dp</dimen>
    <dimen name="x776">610.74dp</dimen>
    <dimen name="x777">611.53dp</dimen>
    <dimen name="x778">612.31dp</dimen>
    <dimen name="x779">613.10dp</dimen>
    <dimen name="x780">613.89dp</dimen>
    <dimen name="x781">614.68dp</dimen>
    <dimen name="x782">615.46dp</dimen>
    <dimen name="x783">616.25dp</dimen>
    <dimen name="x784">617.04dp</dimen>
    <dimen name="x785">617.82dp</dimen>
    <dimen name="x786">618.61dp</dimen>
    <dimen name="x787">619.40dp</dimen>
    <dimen name="x788">620.19dp</dimen>
    <dimen name="x789">620.97dp</dimen>
    <dimen name="x790">621.76dp</dimen>
    <dimen name="x791">622.55dp</dimen>
    <dimen name="x792">623.33dp</dimen>
    <dimen name="x793">624.12dp</dimen>
    <dimen name="x794">624.91dp</dimen>
    <dimen name="x795">625.69dp</dimen>
    <dimen name="x796">626.48dp</dimen>
    <dimen name="x797">627.27dp</dimen>
    <dimen name="x798">628.06dp</dimen>
    <dimen name="x799">628.84dp</dimen>
    <dimen name="x800">629.63dp</dimen>
    <dimen name="x801">630.42dp</dimen>
    <dimen name="x802">631.20dp</dimen>
    <dimen name="x803">631.99dp</dimen>
    <dimen name="x804">632.78dp</dimen>
    <dimen name="x805">633.56dp</dimen>
    <dimen name="x806">634.35dp</dimen>
    <dimen name="x807">635.14dp</dimen>
    <dimen name="x808">635.93dp</dimen>
    <dimen name="x809">636.71dp</dimen>
    <dimen name="x810">637.50dp</dimen>
    <dimen name="x811">638.29dp</dimen>
    <dimen name="x812">639.07dp</dimen>
    <dimen name="x813">639.86dp</dimen>
    <dimen name="x814">640.65dp</dimen>
    <dimen name="x815">641.44dp</dimen>
    <dimen name="x816">642.22dp</dimen>
    <dimen name="x817">643.01dp</dimen>
    <dimen name="x818">643.80dp</dimen>
    <dimen name="x819">644.58dp</dimen>
    <dimen name="x820">645.37dp</dimen>
    <dimen name="x821">646.16dp</dimen>
    <dimen name="x822">646.94dp</dimen>
    <dimen name="x823">647.73dp</dimen>
    <dimen name="x824">648.52dp</dimen>
    <dimen name="x825">649.31dp</dimen>
    <dimen name="x826">650.09dp</dimen>
    <dimen name="x827">650.88dp</dimen>
    <dimen name="x828">651.67dp</dimen>
    <dimen name="x829">652.45dp</dimen>
    <dimen name="x830">653.24dp</dimen>
    <dimen name="x831">654.03dp</dimen>
    <dimen name="x832">654.81dp</dimen>
    <dimen name="x833">655.60dp</dimen>
    <dimen name="x834">656.39dp</dimen>
    <dimen name="x835">657.18dp</dimen>
    <dimen name="x836">657.96dp</dimen>
    <dimen name="x837">658.75dp</dimen>
    <dimen name="x838">659.54dp</dimen>
    <dimen name="x839">660.32dp</dimen>
    <dimen name="x840">661.11dp</dimen>
    <dimen name="x841">661.90dp</dimen>
    <dimen name="x842">662.69dp</dimen>
    <dimen name="x843">663.47dp</dimen>
    <dimen name="x844">664.26dp</dimen>
    <dimen name="x845">665.05dp</dimen>
    <dimen name="x846">665.83dp</dimen>
    <dimen name="x847">666.62dp</dimen>
    <dimen name="x848">667.41dp</dimen>
    <dimen name="x849">668.19dp</dimen>
    <dimen name="x850">668.98dp</dimen>
    <dimen name="x851">669.77dp</dimen>
    <dimen name="x852">670.56dp</dimen>
    <dimen name="x853">671.34dp</dimen>
    <dimen name="x854">672.13dp</dimen>
    <dimen name="x855">672.92dp</dimen>
    <dimen name="x856">673.70dp</dimen>
    <dimen name="x857">674.49dp</dimen>
    <dimen name="x858">675.28dp</dimen>
    <dimen name="x859">676.06dp</dimen>
    <dimen name="x860">676.85dp</dimen>
    <dimen name="x861">677.64dp</dimen>
    <dimen name="x862">678.43dp</dimen>
    <dimen name="x863">679.21dp</dimen>
    <dimen name="x864">680.00dp</dimen>
    <dimen name="x865">680.79dp</dimen>
    <dimen name="x866">681.57dp</dimen>
    <dimen name="x867">682.36dp</dimen>
    <dimen name="x868">683.15dp</dimen>
    <dimen name="x869">683.94dp</dimen>
    <dimen name="x870">684.72dp</dimen>
    <dimen name="x871">685.51dp</dimen>
    <dimen name="x872">686.30dp</dimen>
    <dimen name="x873">687.08dp</dimen>
    <dimen name="x874">687.87dp</dimen>
    <dimen name="x875">688.66dp</dimen>
    <dimen name="x876">689.44dp</dimen>
    <dimen name="x877">690.23dp</dimen>
    <dimen name="x878">691.02dp</dimen>
    <dimen name="x879">691.81dp</dimen>
    <dimen name="x880">692.59dp</dimen>
    <dimen name="x881">693.38dp</dimen>
    <dimen name="x882">694.17dp</dimen>
    <dimen name="x883">694.95dp</dimen>
    <dimen name="x884">695.74dp</dimen>
    <dimen name="x885">696.53dp</dimen>
    <dimen name="x886">697.31dp</dimen>
    <dimen name="x887">698.10dp</dimen>
    <dimen name="x888">698.89dp</dimen>
    <dimen name="x889">699.68dp</dimen>
    <dimen name="x890">700.46dp</dimen>
    <dimen name="x891">701.25dp</dimen>
    <dimen name="x892">702.04dp</dimen>
    <dimen name="x893">702.82dp</dimen>
    <dimen name="x894">703.61dp</dimen>
    <dimen name="x895">704.40dp</dimen>
    <dimen name="x896">705.19dp</dimen>
    <dimen name="x897">705.97dp</dimen>
    <dimen name="x898">706.76dp</dimen>
    <dimen name="x899">707.55dp</dimen>
    <dimen name="x900">708.33dp</dimen>
    <dimen name="x901">709.12dp</dimen>
    <dimen name="x902">709.91dp</dimen>
    <dimen name="x903">710.69dp</dimen>
    <dimen name="x904">711.48dp</dimen>
    <dimen name="x905">712.27dp</dimen>
    <dimen name="x906">713.06dp</dimen>
    <dimen name="x907">713.84dp</dimen>
    <dimen name="x908">714.63dp</dimen>
    <dimen name="x909">715.42dp</dimen>
    <dimen name="x910">716.20dp</dimen>
    <dimen name="x911">716.99dp</dimen>
    <dimen name="x912">717.78dp</dimen>
    <dimen name="x913">718.56dp</dimen>
    <dimen name="x914">719.35dp</dimen>
    <dimen name="x915">720.14dp</dimen>
    <dimen name="x916">720.93dp</dimen>
    <dimen name="x917">721.71dp</dimen>
    <dimen name="x918">722.50dp</dimen>
    <dimen name="x919">723.29dp</dimen>
    <dimen name="x920">724.07dp</dimen>
    <dimen name="x921">724.86dp</dimen>
    <dimen name="x922">725.65dp</dimen>
    <dimen name="x923">726.44dp</dimen>
    <dimen name="x924">727.22dp</dimen>
    <dimen name="x925">728.01dp</dimen>
    <dimen name="x926">728.80dp</dimen>
    <dimen name="x927">729.58dp</dimen>
    <dimen name="x928">730.37dp</dimen>
    <dimen name="x929">731.16dp</dimen>
    <dimen name="x930">731.94dp</dimen>
    <dimen name="x931">732.73dp</dimen>
    <dimen name="x932">733.52dp</dimen>
    <dimen name="x933">734.31dp</dimen>
    <dimen name="x934">735.09dp</dimen>
    <dimen name="x935">735.88dp</dimen>
    <dimen name="x936">736.67dp</dimen>
    <dimen name="x937">737.45dp</dimen>
    <dimen name="x938">738.24dp</dimen>
    <dimen name="x939">739.03dp</dimen>
    <dimen name="x940">739.81dp</dimen>
    <dimen name="x941">740.60dp</dimen>
    <dimen name="x942">741.39dp</dimen>
    <dimen name="x943">742.18dp</dimen>
    <dimen name="x944">742.96dp</dimen>
    <dimen name="x945">743.75dp</dimen>
    <dimen name="x946">744.54dp</dimen>
    <dimen name="x947">745.32dp</dimen>
    <dimen name="x948">746.11dp</dimen>
    <dimen name="x949">746.90dp</dimen>
    <dimen name="x950">747.69dp</dimen>
    <dimen name="x951">748.47dp</dimen>
    <dimen name="x952">749.26dp</dimen>
    <dimen name="x953">750.05dp</dimen>
    <dimen name="x954">750.83dp</dimen>
    <dimen name="x955">751.62dp</dimen>
    <dimen name="x956">752.41dp</dimen>
    <dimen name="x957">753.19dp</dimen>
    <dimen name="x958">753.98dp</dimen>
    <dimen name="x959">754.77dp</dimen>
    <dimen name="x960">755.56dp</dimen>
    <dimen name="x961">756.34dp</dimen>
    <dimen name="x962">757.13dp</dimen>
    <dimen name="x963">757.92dp</dimen>
    <dimen name="x964">758.70dp</dimen>
    <dimen name="x965">759.49dp</dimen>
    <dimen name="x966">760.28dp</dimen>
    <dimen name="x967">761.06dp</dimen>
    <dimen name="x968">761.85dp</dimen>
    <dimen name="x969">762.64dp</dimen>
    <dimen name="x970">763.43dp</dimen>
    <dimen name="x971">764.21dp</dimen>
    <dimen name="x972">765.00dp</dimen>
    <dimen name="x973">765.79dp</dimen>
    <dimen name="x974">766.57dp</dimen>
    <dimen name="x975">767.36dp</dimen>
    <dimen name="x976">768.15dp</dimen>
    <dimen name="x977">768.94dp</dimen>
    <dimen name="x978">769.72dp</dimen>
    <dimen name="x979">770.51dp</dimen>
    <dimen name="x980">771.30dp</dimen>
    <dimen name="x981">772.08dp</dimen>
    <dimen name="x982">772.87dp</dimen>
    <dimen name="x983">773.66dp</dimen>
    <dimen name="x984">774.44dp</dimen>
    <dimen name="x985">775.23dp</dimen>
    <dimen name="x986">776.02dp</dimen>
    <dimen name="x987">776.81dp</dimen>
    <dimen name="x988">777.59dp</dimen>
    <dimen name="x989">778.38dp</dimen>
    <dimen name="x990">779.17dp</dimen>
    <dimen name="x991">779.95dp</dimen>
    <dimen name="x992">780.74dp</dimen>
    <dimen name="x993">781.53dp</dimen>
    <dimen name="x994">782.31dp</dimen>
    <dimen name="x995">783.10dp</dimen>
    <dimen name="x996">783.89dp</dimen>
    <dimen name="x997">784.68dp</dimen>
    <dimen name="x998">785.46dp</dimen>
    <dimen name="x999">786.25dp</dimen>
    <dimen name="x1000">787.04dp</dimen>
    <dimen name="x1001">787.82dp</dimen>
    <dimen name="x1002">788.61dp</dimen>
    <dimen name="x1003">789.40dp</dimen>
    <dimen name="x1004">790.19dp</dimen>
    <dimen name="x1005">790.97dp</dimen>
    <dimen name="x1006">791.76dp</dimen>
    <dimen name="x1007">792.55dp</dimen>
    <dimen name="x1008">793.33dp</dimen>
    <dimen name="x1009">794.12dp</dimen>
    <dimen name="x1010">794.91dp</dimen>
    <dimen name="x1011">795.69dp</dimen>
    <dimen name="x1012">796.48dp</dimen>
    <dimen name="x1013">797.27dp</dimen>
    <dimen name="x1014">798.06dp</dimen>
    <dimen name="x1015">798.84dp</dimen>
    <dimen name="x1016">799.63dp</dimen>
    <dimen name="x1017">800.42dp</dimen>
    <dimen name="x1018">801.20dp</dimen>
    <dimen name="x1019">801.99dp</dimen>
    <dimen name="x1020">802.78dp</dimen>
    <dimen name="x1021">803.56dp</dimen>
    <dimen name="x1022">804.35dp</dimen>
    <dimen name="x1023">805.14dp</dimen>
    <dimen name="x1024">805.93dp</dimen>
    <dimen name="x1025">806.71dp</dimen>
    <dimen name="x1026">807.50dp</dimen>
    <dimen name="x1027">808.29dp</dimen>
    <dimen name="x1028">809.07dp</dimen>
    <dimen name="x1029">809.86dp</dimen>
    <dimen name="x1030">810.65dp</dimen>
    <dimen name="x1031">811.44dp</dimen>
    <dimen name="x1032">812.22dp</dimen>
    <dimen name="x1033">813.01dp</dimen>
    <dimen name="x1034">813.80dp</dimen>
    <dimen name="x1035">814.58dp</dimen>
    <dimen name="x1036">815.37dp</dimen>
    <dimen name="x1037">816.16dp</dimen>
    <dimen name="x1038">816.94dp</dimen>
    <dimen name="x1039">817.73dp</dimen>
    <dimen name="x1040">818.52dp</dimen>
    <dimen name="x1041">819.31dp</dimen>
    <dimen name="x1042">820.09dp</dimen>
    <dimen name="x1043">820.88dp</dimen>
    <dimen name="x1044">821.67dp</dimen>
    <dimen name="x1045">822.45dp</dimen>
    <dimen name="x1046">823.24dp</dimen>
    <dimen name="x1047">824.03dp</dimen>
    <dimen name="x1048">824.81dp</dimen>
    <dimen name="x1049">825.60dp</dimen>
    <dimen name="x1050">826.39dp</dimen>
    <dimen name="x1051">827.18dp</dimen>
    <dimen name="x1052">827.96dp</dimen>
    <dimen name="x1053">828.75dp</dimen>
    <dimen name="x1054">829.54dp</dimen>
    <dimen name="x1055">830.32dp</dimen>
    <dimen name="x1056">831.11dp</dimen>
    <dimen name="x1057">831.90dp</dimen>
    <dimen name="x1058">832.69dp</dimen>
    <dimen name="x1059">833.47dp</dimen>
    <dimen name="x1060">834.26dp</dimen>
    <dimen name="x1061">835.05dp</dimen>
    <dimen name="x1062">835.83dp</dimen>
    <dimen name="x1063">836.62dp</dimen>
    <dimen name="x1064">837.41dp</dimen>
    <dimen name="x1065">838.19dp</dimen>
    <dimen name="x1066">838.98dp</dimen>
    <dimen name="x1067">839.77dp</dimen>
    <dimen name="x1068">840.56dp</dimen>
    <dimen name="x1069">841.34dp</dimen>
    <dimen name="x1070">842.13dp</dimen>
    <dimen name="x1071">842.92dp</dimen>
    <dimen name="x1072">843.70dp</dimen>
    <dimen name="x1073">844.49dp</dimen>
    <dimen name="x1074">845.28dp</dimen>
    <dimen name="x1075">846.06dp</dimen>
    <dimen name="x1076">846.85dp</dimen>
    <dimen name="x1077">847.64dp</dimen>
    <dimen name="x1078">848.43dp</dimen>
    <dimen name="x1079">849.21dp</dimen>
    <dimen name="x1080">850.00dp</dimen>
</resources>