<?xml version="1.0" encoding="utf-8"?>
<resources>
    <string name="sw_dp">1470dp</string>
    <dimen name="x1">1.36dp</dimen>
    <dimen name="x2">2.72dp</dimen>
    <dimen name="x3">4.08dp</dimen>
    <dimen name="x4">5.44dp</dimen>
    <dimen name="x5">6.81dp</dimen>
    <dimen name="x6">8.17dp</dimen>
    <dimen name="x7">9.53dp</dimen>
    <dimen name="x8">10.89dp</dimen>
    <dimen name="x9">12.25dp</dimen>
    <dimen name="x10">13.61dp</dimen>
    <dimen name="x11">14.97dp</dimen>
    <dimen name="x12">16.33dp</dimen>
    <dimen name="x13">17.69dp</dimen>
    <dimen name="x14">19.06dp</dimen>
    <dimen name="x15">20.42dp</dimen>
    <dimen name="x16">21.78dp</dimen>
    <dimen name="x17">23.14dp</dimen>
    <dimen name="x18">24.50dp</dimen>
    <dimen name="x19">25.86dp</dimen>
    <dimen name="x20">27.22dp</dimen>
    <dimen name="x21">28.58dp</dimen>
    <dimen name="x22">29.94dp</dimen>
    <dimen name="x23">31.31dp</dimen>
    <dimen name="x24">32.67dp</dimen>
    <dimen name="x25">34.03dp</dimen>
    <dimen name="x26">35.39dp</dimen>
    <dimen name="x27">36.75dp</dimen>
    <dimen name="x28">38.11dp</dimen>
    <dimen name="x29">39.47dp</dimen>
    <dimen name="x30">40.83dp</dimen>
    <dimen name="x31">42.19dp</dimen>
    <dimen name="x32">43.56dp</dimen>
    <dimen name="x33">44.92dp</dimen>
    <dimen name="x34">46.28dp</dimen>
    <dimen name="x35">47.64dp</dimen>
    <dimen name="x36">49.00dp</dimen>
    <dimen name="x37">50.36dp</dimen>
    <dimen name="x38">51.72dp</dimen>
    <dimen name="x39">53.08dp</dimen>
    <dimen name="x40">54.44dp</dimen>
    <dimen name="x41">55.81dp</dimen>
    <dimen name="x42">57.17dp</dimen>
    <dimen name="x43">58.53dp</dimen>
    <dimen name="x44">59.89dp</dimen>
    <dimen name="x45">61.25dp</dimen>
    <dimen name="x46">62.61dp</dimen>
    <dimen name="x47">63.97dp</dimen>
    <dimen name="x48">65.33dp</dimen>
    <dimen name="x49">66.69dp</dimen>
    <dimen name="x50">68.06dp</dimen>
    <dimen name="x51">69.42dp</dimen>
    <dimen name="x52">70.78dp</dimen>
    <dimen name="x53">72.14dp</dimen>
    <dimen name="x54">73.50dp</dimen>
    <dimen name="x55">74.86dp</dimen>
    <dimen name="x56">76.22dp</dimen>
    <dimen name="x57">77.58dp</dimen>
    <dimen name="x58">78.94dp</dimen>
    <dimen name="x59">80.31dp</dimen>
    <dimen name="x60">81.67dp</dimen>
    <dimen name="x61">83.03dp</dimen>
    <dimen name="x62">84.39dp</dimen>
    <dimen name="x63">85.75dp</dimen>
    <dimen name="x64">87.11dp</dimen>
    <dimen name="x65">88.47dp</dimen>
    <dimen name="x66">89.83dp</dimen>
    <dimen name="x67">91.19dp</dimen>
    <dimen name="x68">92.56dp</dimen>
    <dimen name="x69">93.92dp</dimen>
    <dimen name="x70">95.28dp</dimen>
    <dimen name="x71">96.64dp</dimen>
    <dimen name="x72">98.00dp</dimen>
    <dimen name="x73">99.36dp</dimen>
    <dimen name="x74">100.72dp</dimen>
    <dimen name="x75">102.08dp</dimen>
    <dimen name="x76">103.44dp</dimen>
    <dimen name="x77">104.81dp</dimen>
    <dimen name="x78">106.17dp</dimen>
    <dimen name="x79">107.53dp</dimen>
    <dimen name="x80">108.89dp</dimen>
    <dimen name="x81">110.25dp</dimen>
    <dimen name="x82">111.61dp</dimen>
    <dimen name="x83">112.97dp</dimen>
    <dimen name="x84">114.33dp</dimen>
    <dimen name="x85">115.69dp</dimen>
    <dimen name="x86">117.06dp</dimen>
    <dimen name="x87">118.42dp</dimen>
    <dimen name="x88">119.78dp</dimen>
    <dimen name="x89">121.14dp</dimen>
    <dimen name="x90">122.50dp</dimen>
    <dimen name="x91">123.86dp</dimen>
    <dimen name="x92">125.22dp</dimen>
    <dimen name="x93">126.58dp</dimen>
    <dimen name="x94">127.94dp</dimen>
    <dimen name="x95">129.31dp</dimen>
    <dimen name="x96">130.67dp</dimen>
    <dimen name="x97">132.03dp</dimen>
    <dimen name="x98">133.39dp</dimen>
    <dimen name="x99">134.75dp</dimen>
    <dimen name="x100">136.11dp</dimen>
    <dimen name="x101">137.47dp</dimen>
    <dimen name="x102">138.83dp</dimen>
    <dimen name="x103">140.19dp</dimen>
    <dimen name="x104">141.56dp</dimen>
    <dimen name="x105">142.92dp</dimen>
    <dimen name="x106">144.28dp</dimen>
    <dimen name="x107">145.64dp</dimen>
    <dimen name="x108">147.00dp</dimen>
    <dimen name="x109">148.36dp</dimen>
    <dimen name="x110">149.72dp</dimen>
    <dimen name="x111">151.08dp</dimen>
    <dimen name="x112">152.44dp</dimen>
    <dimen name="x113">153.81dp</dimen>
    <dimen name="x114">155.17dp</dimen>
    <dimen name="x115">156.53dp</dimen>
    <dimen name="x116">157.89dp</dimen>
    <dimen name="x117">159.25dp</dimen>
    <dimen name="x118">160.61dp</dimen>
    <dimen name="x119">161.97dp</dimen>
    <dimen name="x120">163.33dp</dimen>
    <dimen name="x121">164.69dp</dimen>
    <dimen name="x122">166.06dp</dimen>
    <dimen name="x123">167.42dp</dimen>
    <dimen name="x124">168.78dp</dimen>
    <dimen name="x125">170.14dp</dimen>
    <dimen name="x126">171.50dp</dimen>
    <dimen name="x127">172.86dp</dimen>
    <dimen name="x128">174.22dp</dimen>
    <dimen name="x129">175.58dp</dimen>
    <dimen name="x130">176.94dp</dimen>
    <dimen name="x131">178.31dp</dimen>
    <dimen name="x132">179.67dp</dimen>
    <dimen name="x133">181.03dp</dimen>
    <dimen name="x134">182.39dp</dimen>
    <dimen name="x135">183.75dp</dimen>
    <dimen name="x136">185.11dp</dimen>
    <dimen name="x137">186.47dp</dimen>
    <dimen name="x138">187.83dp</dimen>
    <dimen name="x139">189.19dp</dimen>
    <dimen name="x140">190.56dp</dimen>
    <dimen name="x141">191.92dp</dimen>
    <dimen name="x142">193.28dp</dimen>
    <dimen name="x143">194.64dp</dimen>
    <dimen name="x144">196.00dp</dimen>
    <dimen name="x145">197.36dp</dimen>
    <dimen name="x146">198.72dp</dimen>
    <dimen name="x147">200.08dp</dimen>
    <dimen name="x148">201.44dp</dimen>
    <dimen name="x149">202.81dp</dimen>
    <dimen name="x150">204.17dp</dimen>
    <dimen name="x151">205.53dp</dimen>
    <dimen name="x152">206.89dp</dimen>
    <dimen name="x153">208.25dp</dimen>
    <dimen name="x154">209.61dp</dimen>
    <dimen name="x155">210.97dp</dimen>
    <dimen name="x156">212.33dp</dimen>
    <dimen name="x157">213.69dp</dimen>
    <dimen name="x158">215.06dp</dimen>
    <dimen name="x159">216.42dp</dimen>
    <dimen name="x160">217.78dp</dimen>
    <dimen name="x161">219.14dp</dimen>
    <dimen name="x162">220.50dp</dimen>
    <dimen name="x163">221.86dp</dimen>
    <dimen name="x164">223.22dp</dimen>
    <dimen name="x165">224.58dp</dimen>
    <dimen name="x166">225.94dp</dimen>
    <dimen name="x167">227.31dp</dimen>
    <dimen name="x168">228.67dp</dimen>
    <dimen name="x169">230.03dp</dimen>
    <dimen name="x170">231.39dp</dimen>
    <dimen name="x171">232.75dp</dimen>
    <dimen name="x172">234.11dp</dimen>
    <dimen name="x173">235.47dp</dimen>
    <dimen name="x174">236.83dp</dimen>
    <dimen name="x175">238.19dp</dimen>
    <dimen name="x176">239.56dp</dimen>
    <dimen name="x177">240.92dp</dimen>
    <dimen name="x178">242.28dp</dimen>
    <dimen name="x179">243.64dp</dimen>
    <dimen name="x180">245.00dp</dimen>
    <dimen name="x181">246.36dp</dimen>
    <dimen name="x182">247.72dp</dimen>
    <dimen name="x183">249.08dp</dimen>
    <dimen name="x184">250.44dp</dimen>
    <dimen name="x185">251.81dp</dimen>
    <dimen name="x186">253.17dp</dimen>
    <dimen name="x187">254.53dp</dimen>
    <dimen name="x188">255.89dp</dimen>
    <dimen name="x189">257.25dp</dimen>
    <dimen name="x190">258.61dp</dimen>
    <dimen name="x191">259.97dp</dimen>
    <dimen name="x192">261.33dp</dimen>
    <dimen name="x193">262.69dp</dimen>
    <dimen name="x194">264.06dp</dimen>
    <dimen name="x195">265.42dp</dimen>
    <dimen name="x196">266.78dp</dimen>
    <dimen name="x197">268.14dp</dimen>
    <dimen name="x198">269.50dp</dimen>
    <dimen name="x199">270.86dp</dimen>
    <dimen name="x200">272.22dp</dimen>
    <dimen name="x201">273.58dp</dimen>
    <dimen name="x202">274.94dp</dimen>
    <dimen name="x203">276.31dp</dimen>
    <dimen name="x204">277.67dp</dimen>
    <dimen name="x205">279.03dp</dimen>
    <dimen name="x206">280.39dp</dimen>
    <dimen name="x207">281.75dp</dimen>
    <dimen name="x208">283.11dp</dimen>
    <dimen name="x209">284.47dp</dimen>
    <dimen name="x210">285.83dp</dimen>
    <dimen name="x211">287.19dp</dimen>
    <dimen name="x212">288.56dp</dimen>
    <dimen name="x213">289.92dp</dimen>
    <dimen name="x214">291.28dp</dimen>
    <dimen name="x215">292.64dp</dimen>
    <dimen name="x216">294.00dp</dimen>
    <dimen name="x217">295.36dp</dimen>
    <dimen name="x218">296.72dp</dimen>
    <dimen name="x219">298.08dp</dimen>
    <dimen name="x220">299.44dp</dimen>
    <dimen name="x221">300.81dp</dimen>
    <dimen name="x222">302.17dp</dimen>
    <dimen name="x223">303.53dp</dimen>
    <dimen name="x224">304.89dp</dimen>
    <dimen name="x225">306.25dp</dimen>
    <dimen name="x226">307.61dp</dimen>
    <dimen name="x227">308.97dp</dimen>
    <dimen name="x228">310.33dp</dimen>
    <dimen name="x229">311.69dp</dimen>
    <dimen name="x230">313.06dp</dimen>
    <dimen name="x231">314.42dp</dimen>
    <dimen name="x232">315.78dp</dimen>
    <dimen name="x233">317.14dp</dimen>
    <dimen name="x234">318.50dp</dimen>
    <dimen name="x235">319.86dp</dimen>
    <dimen name="x236">321.22dp</dimen>
    <dimen name="x237">322.58dp</dimen>
    <dimen name="x238">323.94dp</dimen>
    <dimen name="x239">325.31dp</dimen>
    <dimen name="x240">326.67dp</dimen>
    <dimen name="x241">328.03dp</dimen>
    <dimen name="x242">329.39dp</dimen>
    <dimen name="x243">330.75dp</dimen>
    <dimen name="x244">332.11dp</dimen>
    <dimen name="x245">333.47dp</dimen>
    <dimen name="x246">334.83dp</dimen>
    <dimen name="x247">336.19dp</dimen>
    <dimen name="x248">337.56dp</dimen>
    <dimen name="x249">338.92dp</dimen>
    <dimen name="x250">340.28dp</dimen>
    <dimen name="x251">341.64dp</dimen>
    <dimen name="x252">343.00dp</dimen>
    <dimen name="x253">344.36dp</dimen>
    <dimen name="x254">345.72dp</dimen>
    <dimen name="x255">347.08dp</dimen>
    <dimen name="x256">348.44dp</dimen>
    <dimen name="x257">349.81dp</dimen>
    <dimen name="x258">351.17dp</dimen>
    <dimen name="x259">352.53dp</dimen>
    <dimen name="x260">353.89dp</dimen>
    <dimen name="x261">355.25dp</dimen>
    <dimen name="x262">356.61dp</dimen>
    <dimen name="x263">357.97dp</dimen>
    <dimen name="x264">359.33dp</dimen>
    <dimen name="x265">360.69dp</dimen>
    <dimen name="x266">362.06dp</dimen>
    <dimen name="x267">363.42dp</dimen>
    <dimen name="x268">364.78dp</dimen>
    <dimen name="x269">366.14dp</dimen>
    <dimen name="x270">367.50dp</dimen>
    <dimen name="x271">368.86dp</dimen>
    <dimen name="x272">370.22dp</dimen>
    <dimen name="x273">371.58dp</dimen>
    <dimen name="x274">372.94dp</dimen>
    <dimen name="x275">374.31dp</dimen>
    <dimen name="x276">375.67dp</dimen>
    <dimen name="x277">377.03dp</dimen>
    <dimen name="x278">378.39dp</dimen>
    <dimen name="x279">379.75dp</dimen>
    <dimen name="x280">381.11dp</dimen>
    <dimen name="x281">382.47dp</dimen>
    <dimen name="x282">383.83dp</dimen>
    <dimen name="x283">385.19dp</dimen>
    <dimen name="x284">386.56dp</dimen>
    <dimen name="x285">387.92dp</dimen>
    <dimen name="x286">389.28dp</dimen>
    <dimen name="x287">390.64dp</dimen>
    <dimen name="x288">392.00dp</dimen>
    <dimen name="x289">393.36dp</dimen>
    <dimen name="x290">394.72dp</dimen>
    <dimen name="x291">396.08dp</dimen>
    <dimen name="x292">397.44dp</dimen>
    <dimen name="x293">398.81dp</dimen>
    <dimen name="x294">400.17dp</dimen>
    <dimen name="x295">401.53dp</dimen>
    <dimen name="x296">402.89dp</dimen>
    <dimen name="x297">404.25dp</dimen>
    <dimen name="x298">405.61dp</dimen>
    <dimen name="x299">406.97dp</dimen>
    <dimen name="x300">408.33dp</dimen>
    <dimen name="x301">409.69dp</dimen>
    <dimen name="x302">411.06dp</dimen>
    <dimen name="x303">412.42dp</dimen>
    <dimen name="x304">413.78dp</dimen>
    <dimen name="x305">415.14dp</dimen>
    <dimen name="x306">416.50dp</dimen>
    <dimen name="x307">417.86dp</dimen>
    <dimen name="x308">419.22dp</dimen>
    <dimen name="x309">420.58dp</dimen>
    <dimen name="x310">421.94dp</dimen>
    <dimen name="x311">423.31dp</dimen>
    <dimen name="x312">424.67dp</dimen>
    <dimen name="x313">426.03dp</dimen>
    <dimen name="x314">427.39dp</dimen>
    <dimen name="x315">428.75dp</dimen>
    <dimen name="x316">430.11dp</dimen>
    <dimen name="x317">431.47dp</dimen>
    <dimen name="x318">432.83dp</dimen>
    <dimen name="x319">434.19dp</dimen>
    <dimen name="x320">435.56dp</dimen>
    <dimen name="x321">436.92dp</dimen>
    <dimen name="x322">438.28dp</dimen>
    <dimen name="x323">439.64dp</dimen>
    <dimen name="x324">441.00dp</dimen>
    <dimen name="x325">442.36dp</dimen>
    <dimen name="x326">443.72dp</dimen>
    <dimen name="x327">445.08dp</dimen>
    <dimen name="x328">446.44dp</dimen>
    <dimen name="x329">447.81dp</dimen>
    <dimen name="x330">449.17dp</dimen>
    <dimen name="x331">450.53dp</dimen>
    <dimen name="x332">451.89dp</dimen>
    <dimen name="x333">453.25dp</dimen>
    <dimen name="x334">454.61dp</dimen>
    <dimen name="x335">455.97dp</dimen>
    <dimen name="x336">457.33dp</dimen>
    <dimen name="x337">458.69dp</dimen>
    <dimen name="x338">460.06dp</dimen>
    <dimen name="x339">461.42dp</dimen>
    <dimen name="x340">462.78dp</dimen>
    <dimen name="x341">464.14dp</dimen>
    <dimen name="x342">465.50dp</dimen>
    <dimen name="x343">466.86dp</dimen>
    <dimen name="x344">468.22dp</dimen>
    <dimen name="x345">469.58dp</dimen>
    <dimen name="x346">470.94dp</dimen>
    <dimen name="x347">472.31dp</dimen>
    <dimen name="x348">473.67dp</dimen>
    <dimen name="x349">475.03dp</dimen>
    <dimen name="x350">476.39dp</dimen>
    <dimen name="x351">477.75dp</dimen>
    <dimen name="x352">479.11dp</dimen>
    <dimen name="x353">480.47dp</dimen>
    <dimen name="x354">481.83dp</dimen>
    <dimen name="x355">483.19dp</dimen>
    <dimen name="x356">484.56dp</dimen>
    <dimen name="x357">485.92dp</dimen>
    <dimen name="x358">487.28dp</dimen>
    <dimen name="x359">488.64dp</dimen>
    <dimen name="x360">490.00dp</dimen>
    <dimen name="x361">491.36dp</dimen>
    <dimen name="x362">492.72dp</dimen>
    <dimen name="x363">494.08dp</dimen>
    <dimen name="x364">495.44dp</dimen>
    <dimen name="x365">496.81dp</dimen>
    <dimen name="x366">498.17dp</dimen>
    <dimen name="x367">499.53dp</dimen>
    <dimen name="x368">500.89dp</dimen>
    <dimen name="x369">502.25dp</dimen>
    <dimen name="x370">503.61dp</dimen>
    <dimen name="x371">504.97dp</dimen>
    <dimen name="x372">506.33dp</dimen>
    <dimen name="x373">507.69dp</dimen>
    <dimen name="x374">509.06dp</dimen>
    <dimen name="x375">510.42dp</dimen>
    <dimen name="x376">511.78dp</dimen>
    <dimen name="x377">513.14dp</dimen>
    <dimen name="x378">514.50dp</dimen>
    <dimen name="x379">515.86dp</dimen>
    <dimen name="x380">517.22dp</dimen>
    <dimen name="x381">518.58dp</dimen>
    <dimen name="x382">519.94dp</dimen>
    <dimen name="x383">521.31dp</dimen>
    <dimen name="x384">522.67dp</dimen>
    <dimen name="x385">524.03dp</dimen>
    <dimen name="x386">525.39dp</dimen>
    <dimen name="x387">526.75dp</dimen>
    <dimen name="x388">528.11dp</dimen>
    <dimen name="x389">529.47dp</dimen>
    <dimen name="x390">530.83dp</dimen>
    <dimen name="x391">532.19dp</dimen>
    <dimen name="x392">533.56dp</dimen>
    <dimen name="x393">534.92dp</dimen>
    <dimen name="x394">536.28dp</dimen>
    <dimen name="x395">537.64dp</dimen>
    <dimen name="x396">539.00dp</dimen>
    <dimen name="x397">540.36dp</dimen>
    <dimen name="x398">541.72dp</dimen>
    <dimen name="x399">543.08dp</dimen>
    <dimen name="x400">544.44dp</dimen>
    <dimen name="x401">545.81dp</dimen>
    <dimen name="x402">547.17dp</dimen>
    <dimen name="x403">548.53dp</dimen>
    <dimen name="x404">549.89dp</dimen>
    <dimen name="x405">551.25dp</dimen>
    <dimen name="x406">552.61dp</dimen>
    <dimen name="x407">553.97dp</dimen>
    <dimen name="x408">555.33dp</dimen>
    <dimen name="x409">556.69dp</dimen>
    <dimen name="x410">558.06dp</dimen>
    <dimen name="x411">559.42dp</dimen>
    <dimen name="x412">560.78dp</dimen>
    <dimen name="x413">562.14dp</dimen>
    <dimen name="x414">563.50dp</dimen>
    <dimen name="x415">564.86dp</dimen>
    <dimen name="x416">566.22dp</dimen>
    <dimen name="x417">567.58dp</dimen>
    <dimen name="x418">568.94dp</dimen>
    <dimen name="x419">570.31dp</dimen>
    <dimen name="x420">571.67dp</dimen>
    <dimen name="x421">573.03dp</dimen>
    <dimen name="x422">574.39dp</dimen>
    <dimen name="x423">575.75dp</dimen>
    <dimen name="x424">577.11dp</dimen>
    <dimen name="x425">578.47dp</dimen>
    <dimen name="x426">579.83dp</dimen>
    <dimen name="x427">581.19dp</dimen>
    <dimen name="x428">582.56dp</dimen>
    <dimen name="x429">583.92dp</dimen>
    <dimen name="x430">585.28dp</dimen>
    <dimen name="x431">586.64dp</dimen>
    <dimen name="x432">588.00dp</dimen>
    <dimen name="x433">589.36dp</dimen>
    <dimen name="x434">590.72dp</dimen>
    <dimen name="x435">592.08dp</dimen>
    <dimen name="x436">593.44dp</dimen>
    <dimen name="x437">594.81dp</dimen>
    <dimen name="x438">596.17dp</dimen>
    <dimen name="x439">597.53dp</dimen>
    <dimen name="x440">598.89dp</dimen>
    <dimen name="x441">600.25dp</dimen>
    <dimen name="x442">601.61dp</dimen>
    <dimen name="x443">602.97dp</dimen>
    <dimen name="x444">604.33dp</dimen>
    <dimen name="x445">605.69dp</dimen>
    <dimen name="x446">607.06dp</dimen>
    <dimen name="x447">608.42dp</dimen>
    <dimen name="x448">609.78dp</dimen>
    <dimen name="x449">611.14dp</dimen>
    <dimen name="x450">612.50dp</dimen>
    <dimen name="x451">613.86dp</dimen>
    <dimen name="x452">615.22dp</dimen>
    <dimen name="x453">616.58dp</dimen>
    <dimen name="x454">617.94dp</dimen>
    <dimen name="x455">619.31dp</dimen>
    <dimen name="x456">620.67dp</dimen>
    <dimen name="x457">622.03dp</dimen>
    <dimen name="x458">623.39dp</dimen>
    <dimen name="x459">624.75dp</dimen>
    <dimen name="x460">626.11dp</dimen>
    <dimen name="x461">627.47dp</dimen>
    <dimen name="x462">628.83dp</dimen>
    <dimen name="x463">630.19dp</dimen>
    <dimen name="x464">631.56dp</dimen>
    <dimen name="x465">632.92dp</dimen>
    <dimen name="x466">634.28dp</dimen>
    <dimen name="x467">635.64dp</dimen>
    <dimen name="x468">637.00dp</dimen>
    <dimen name="x469">638.36dp</dimen>
    <dimen name="x470">639.72dp</dimen>
    <dimen name="x471">641.08dp</dimen>
    <dimen name="x472">642.44dp</dimen>
    <dimen name="x473">643.81dp</dimen>
    <dimen name="x474">645.17dp</dimen>
    <dimen name="x475">646.53dp</dimen>
    <dimen name="x476">647.89dp</dimen>
    <dimen name="x477">649.25dp</dimen>
    <dimen name="x478">650.61dp</dimen>
    <dimen name="x479">651.97dp</dimen>
    <dimen name="x480">653.33dp</dimen>
    <dimen name="x481">654.69dp</dimen>
    <dimen name="x482">656.06dp</dimen>
    <dimen name="x483">657.42dp</dimen>
    <dimen name="x484">658.78dp</dimen>
    <dimen name="x485">660.14dp</dimen>
    <dimen name="x486">661.50dp</dimen>
    <dimen name="x487">662.86dp</dimen>
    <dimen name="x488">664.22dp</dimen>
    <dimen name="x489">665.58dp</dimen>
    <dimen name="x490">666.94dp</dimen>
    <dimen name="x491">668.31dp</dimen>
    <dimen name="x492">669.67dp</dimen>
    <dimen name="x493">671.03dp</dimen>
    <dimen name="x494">672.39dp</dimen>
    <dimen name="x495">673.75dp</dimen>
    <dimen name="x496">675.11dp</dimen>
    <dimen name="x497">676.47dp</dimen>
    <dimen name="x498">677.83dp</dimen>
    <dimen name="x499">679.19dp</dimen>
    <dimen name="x500">680.56dp</dimen>
    <dimen name="x501">681.92dp</dimen>
    <dimen name="x502">683.28dp</dimen>
    <dimen name="x503">684.64dp</dimen>
    <dimen name="x504">686.00dp</dimen>
    <dimen name="x505">687.36dp</dimen>
    <dimen name="x506">688.72dp</dimen>
    <dimen name="x507">690.08dp</dimen>
    <dimen name="x508">691.44dp</dimen>
    <dimen name="x509">692.81dp</dimen>
    <dimen name="x510">694.17dp</dimen>
    <dimen name="x511">695.53dp</dimen>
    <dimen name="x512">696.89dp</dimen>
    <dimen name="x513">698.25dp</dimen>
    <dimen name="x514">699.61dp</dimen>
    <dimen name="x515">700.97dp</dimen>
    <dimen name="x516">702.33dp</dimen>
    <dimen name="x517">703.69dp</dimen>
    <dimen name="x518">705.06dp</dimen>
    <dimen name="x519">706.42dp</dimen>
    <dimen name="x520">707.78dp</dimen>
    <dimen name="x521">709.14dp</dimen>
    <dimen name="x522">710.50dp</dimen>
    <dimen name="x523">711.86dp</dimen>
    <dimen name="x524">713.22dp</dimen>
    <dimen name="x525">714.58dp</dimen>
    <dimen name="x526">715.94dp</dimen>
    <dimen name="x527">717.31dp</dimen>
    <dimen name="x528">718.67dp</dimen>
    <dimen name="x529">720.03dp</dimen>
    <dimen name="x530">721.39dp</dimen>
    <dimen name="x531">722.75dp</dimen>
    <dimen name="x532">724.11dp</dimen>
    <dimen name="x533">725.47dp</dimen>
    <dimen name="x534">726.83dp</dimen>
    <dimen name="x535">728.19dp</dimen>
    <dimen name="x536">729.56dp</dimen>
    <dimen name="x537">730.92dp</dimen>
    <dimen name="x538">732.28dp</dimen>
    <dimen name="x539">733.64dp</dimen>
    <dimen name="x540">735.00dp</dimen>
    <dimen name="x541">736.36dp</dimen>
    <dimen name="x542">737.72dp</dimen>
    <dimen name="x543">739.08dp</dimen>
    <dimen name="x544">740.44dp</dimen>
    <dimen name="x545">741.81dp</dimen>
    <dimen name="x546">743.17dp</dimen>
    <dimen name="x547">744.53dp</dimen>
    <dimen name="x548">745.89dp</dimen>
    <dimen name="x549">747.25dp</dimen>
    <dimen name="x550">748.61dp</dimen>
    <dimen name="x551">749.97dp</dimen>
    <dimen name="x552">751.33dp</dimen>
    <dimen name="x553">752.69dp</dimen>
    <dimen name="x554">754.06dp</dimen>
    <dimen name="x555">755.42dp</dimen>
    <dimen name="x556">756.78dp</dimen>
    <dimen name="x557">758.14dp</dimen>
    <dimen name="x558">759.50dp</dimen>
    <dimen name="x559">760.86dp</dimen>
    <dimen name="x560">762.22dp</dimen>
    <dimen name="x561">763.58dp</dimen>
    <dimen name="x562">764.94dp</dimen>
    <dimen name="x563">766.31dp</dimen>
    <dimen name="x564">767.67dp</dimen>
    <dimen name="x565">769.03dp</dimen>
    <dimen name="x566">770.39dp</dimen>
    <dimen name="x567">771.75dp</dimen>
    <dimen name="x568">773.11dp</dimen>
    <dimen name="x569">774.47dp</dimen>
    <dimen name="x570">775.83dp</dimen>
    <dimen name="x571">777.19dp</dimen>
    <dimen name="x572">778.56dp</dimen>
    <dimen name="x573">779.92dp</dimen>
    <dimen name="x574">781.28dp</dimen>
    <dimen name="x575">782.64dp</dimen>
    <dimen name="x576">784.00dp</dimen>
    <dimen name="x577">785.36dp</dimen>
    <dimen name="x578">786.72dp</dimen>
    <dimen name="x579">788.08dp</dimen>
    <dimen name="x580">789.44dp</dimen>
    <dimen name="x581">790.81dp</dimen>
    <dimen name="x582">792.17dp</dimen>
    <dimen name="x583">793.53dp</dimen>
    <dimen name="x584">794.89dp</dimen>
    <dimen name="x585">796.25dp</dimen>
    <dimen name="x586">797.61dp</dimen>
    <dimen name="x587">798.97dp</dimen>
    <dimen name="x588">800.33dp</dimen>
    <dimen name="x589">801.69dp</dimen>
    <dimen name="x590">803.06dp</dimen>
    <dimen name="x591">804.42dp</dimen>
    <dimen name="x592">805.78dp</dimen>
    <dimen name="x593">807.14dp</dimen>
    <dimen name="x594">808.50dp</dimen>
    <dimen name="x595">809.86dp</dimen>
    <dimen name="x596">811.22dp</dimen>
    <dimen name="x597">812.58dp</dimen>
    <dimen name="x598">813.94dp</dimen>
    <dimen name="x599">815.31dp</dimen>
    <dimen name="x600">816.67dp</dimen>
    <dimen name="x601">818.03dp</dimen>
    <dimen name="x602">819.39dp</dimen>
    <dimen name="x603">820.75dp</dimen>
    <dimen name="x604">822.11dp</dimen>
    <dimen name="x605">823.47dp</dimen>
    <dimen name="x606">824.83dp</dimen>
    <dimen name="x607">826.19dp</dimen>
    <dimen name="x608">827.56dp</dimen>
    <dimen name="x609">828.92dp</dimen>
    <dimen name="x610">830.28dp</dimen>
    <dimen name="x611">831.64dp</dimen>
    <dimen name="x612">833.00dp</dimen>
    <dimen name="x613">834.36dp</dimen>
    <dimen name="x614">835.72dp</dimen>
    <dimen name="x615">837.08dp</dimen>
    <dimen name="x616">838.44dp</dimen>
    <dimen name="x617">839.81dp</dimen>
    <dimen name="x618">841.17dp</dimen>
    <dimen name="x619">842.53dp</dimen>
    <dimen name="x620">843.89dp</dimen>
    <dimen name="x621">845.25dp</dimen>
    <dimen name="x622">846.61dp</dimen>
    <dimen name="x623">847.97dp</dimen>
    <dimen name="x624">849.33dp</dimen>
    <dimen name="x625">850.69dp</dimen>
    <dimen name="x626">852.06dp</dimen>
    <dimen name="x627">853.42dp</dimen>
    <dimen name="x628">854.78dp</dimen>
    <dimen name="x629">856.14dp</dimen>
    <dimen name="x630">857.50dp</dimen>
    <dimen name="x631">858.86dp</dimen>
    <dimen name="x632">860.22dp</dimen>
    <dimen name="x633">861.58dp</dimen>
    <dimen name="x634">862.94dp</dimen>
    <dimen name="x635">864.31dp</dimen>
    <dimen name="x636">865.67dp</dimen>
    <dimen name="x637">867.03dp</dimen>
    <dimen name="x638">868.39dp</dimen>
    <dimen name="x639">869.75dp</dimen>
    <dimen name="x640">871.11dp</dimen>
    <dimen name="x641">872.47dp</dimen>
    <dimen name="x642">873.83dp</dimen>
    <dimen name="x643">875.19dp</dimen>
    <dimen name="x644">876.56dp</dimen>
    <dimen name="x645">877.92dp</dimen>
    <dimen name="x646">879.28dp</dimen>
    <dimen name="x647">880.64dp</dimen>
    <dimen name="x648">882.00dp</dimen>
    <dimen name="x649">883.36dp</dimen>
    <dimen name="x650">884.72dp</dimen>
    <dimen name="x651">886.08dp</dimen>
    <dimen name="x652">887.44dp</dimen>
    <dimen name="x653">888.81dp</dimen>
    <dimen name="x654">890.17dp</dimen>
    <dimen name="x655">891.53dp</dimen>
    <dimen name="x656">892.89dp</dimen>
    <dimen name="x657">894.25dp</dimen>
    <dimen name="x658">895.61dp</dimen>
    <dimen name="x659">896.97dp</dimen>
    <dimen name="x660">898.33dp</dimen>
    <dimen name="x661">899.69dp</dimen>
    <dimen name="x662">901.06dp</dimen>
    <dimen name="x663">902.42dp</dimen>
    <dimen name="x664">903.78dp</dimen>
    <dimen name="x665">905.14dp</dimen>
    <dimen name="x666">906.50dp</dimen>
    <dimen name="x667">907.86dp</dimen>
    <dimen name="x668">909.22dp</dimen>
    <dimen name="x669">910.58dp</dimen>
    <dimen name="x670">911.94dp</dimen>
    <dimen name="x671">913.31dp</dimen>
    <dimen name="x672">914.67dp</dimen>
    <dimen name="x673">916.03dp</dimen>
    <dimen name="x674">917.39dp</dimen>
    <dimen name="x675">918.75dp</dimen>
    <dimen name="x676">920.11dp</dimen>
    <dimen name="x677">921.47dp</dimen>
    <dimen name="x678">922.83dp</dimen>
    <dimen name="x679">924.19dp</dimen>
    <dimen name="x680">925.56dp</dimen>
    <dimen name="x681">926.92dp</dimen>
    <dimen name="x682">928.28dp</dimen>
    <dimen name="x683">929.64dp</dimen>
    <dimen name="x684">931.00dp</dimen>
    <dimen name="x685">932.36dp</dimen>
    <dimen name="x686">933.72dp</dimen>
    <dimen name="x687">935.08dp</dimen>
    <dimen name="x688">936.44dp</dimen>
    <dimen name="x689">937.81dp</dimen>
    <dimen name="x690">939.17dp</dimen>
    <dimen name="x691">940.53dp</dimen>
    <dimen name="x692">941.89dp</dimen>
    <dimen name="x693">943.25dp</dimen>
    <dimen name="x694">944.61dp</dimen>
    <dimen name="x695">945.97dp</dimen>
    <dimen name="x696">947.33dp</dimen>
    <dimen name="x697">948.69dp</dimen>
    <dimen name="x698">950.06dp</dimen>
    <dimen name="x699">951.42dp</dimen>
    <dimen name="x700">952.78dp</dimen>
    <dimen name="x701">954.14dp</dimen>
    <dimen name="x702">955.50dp</dimen>
    <dimen name="x703">956.86dp</dimen>
    <dimen name="x704">958.22dp</dimen>
    <dimen name="x705">959.58dp</dimen>
    <dimen name="x706">960.94dp</dimen>
    <dimen name="x707">962.31dp</dimen>
    <dimen name="x708">963.67dp</dimen>
    <dimen name="x709">965.03dp</dimen>
    <dimen name="x710">966.39dp</dimen>
    <dimen name="x711">967.75dp</dimen>
    <dimen name="x712">969.11dp</dimen>
    <dimen name="x713">970.47dp</dimen>
    <dimen name="x714">971.83dp</dimen>
    <dimen name="x715">973.19dp</dimen>
    <dimen name="x716">974.56dp</dimen>
    <dimen name="x717">975.92dp</dimen>
    <dimen name="x718">977.28dp</dimen>
    <dimen name="x719">978.64dp</dimen>
    <dimen name="x720">980.00dp</dimen>
    <dimen name="x721">981.36dp</dimen>
    <dimen name="x722">982.72dp</dimen>
    <dimen name="x723">984.08dp</dimen>
    <dimen name="x724">985.44dp</dimen>
    <dimen name="x725">986.81dp</dimen>
    <dimen name="x726">988.17dp</dimen>
    <dimen name="x727">989.53dp</dimen>
    <dimen name="x728">990.89dp</dimen>
    <dimen name="x729">992.25dp</dimen>
    <dimen name="x730">993.61dp</dimen>
    <dimen name="x731">994.97dp</dimen>
    <dimen name="x732">996.33dp</dimen>
    <dimen name="x733">997.69dp</dimen>
    <dimen name="x734">999.06dp</dimen>
    <dimen name="x735">1000.42dp</dimen>
    <dimen name="x736">1001.78dp</dimen>
    <dimen name="x737">1003.14dp</dimen>
    <dimen name="x738">1004.50dp</dimen>
    <dimen name="x739">1005.86dp</dimen>
    <dimen name="x740">1007.22dp</dimen>
    <dimen name="x741">1008.58dp</dimen>
    <dimen name="x742">1009.94dp</dimen>
    <dimen name="x743">1011.31dp</dimen>
    <dimen name="x744">1012.67dp</dimen>
    <dimen name="x745">1014.03dp</dimen>
    <dimen name="x746">1015.39dp</dimen>
    <dimen name="x747">1016.75dp</dimen>
    <dimen name="x748">1018.11dp</dimen>
    <dimen name="x749">1019.47dp</dimen>
    <dimen name="x750">1020.83dp</dimen>
    <dimen name="x751">1022.19dp</dimen>
    <dimen name="x752">1023.56dp</dimen>
    <dimen name="x753">1024.92dp</dimen>
    <dimen name="x754">1026.28dp</dimen>
    <dimen name="x755">1027.64dp</dimen>
    <dimen name="x756">1029.00dp</dimen>
    <dimen name="x757">1030.36dp</dimen>
    <dimen name="x758">1031.72dp</dimen>
    <dimen name="x759">1033.08dp</dimen>
    <dimen name="x760">1034.44dp</dimen>
    <dimen name="x761">1035.81dp</dimen>
    <dimen name="x762">1037.17dp</dimen>
    <dimen name="x763">1038.53dp</dimen>
    <dimen name="x764">1039.89dp</dimen>
    <dimen name="x765">1041.25dp</dimen>
    <dimen name="x766">1042.61dp</dimen>
    <dimen name="x767">1043.97dp</dimen>
    <dimen name="x768">1045.33dp</dimen>
    <dimen name="x769">1046.69dp</dimen>
    <dimen name="x770">1048.06dp</dimen>
    <dimen name="x771">1049.42dp</dimen>
    <dimen name="x772">1050.78dp</dimen>
    <dimen name="x773">1052.14dp</dimen>
    <dimen name="x774">1053.50dp</dimen>
    <dimen name="x775">1054.86dp</dimen>
    <dimen name="x776">1056.22dp</dimen>
    <dimen name="x777">1057.58dp</dimen>
    <dimen name="x778">1058.94dp</dimen>
    <dimen name="x779">1060.31dp</dimen>
    <dimen name="x780">1061.67dp</dimen>
    <dimen name="x781">1063.03dp</dimen>
    <dimen name="x782">1064.39dp</dimen>
    <dimen name="x783">1065.75dp</dimen>
    <dimen name="x784">1067.11dp</dimen>
    <dimen name="x785">1068.47dp</dimen>
    <dimen name="x786">1069.83dp</dimen>
    <dimen name="x787">1071.19dp</dimen>
    <dimen name="x788">1072.56dp</dimen>
    <dimen name="x789">1073.92dp</dimen>
    <dimen name="x790">1075.28dp</dimen>
    <dimen name="x791">1076.64dp</dimen>
    <dimen name="x792">1078.00dp</dimen>
    <dimen name="x793">1079.36dp</dimen>
    <dimen name="x794">1080.72dp</dimen>
    <dimen name="x795">1082.08dp</dimen>
    <dimen name="x796">1083.44dp</dimen>
    <dimen name="x797">1084.81dp</dimen>
    <dimen name="x798">1086.17dp</dimen>
    <dimen name="x799">1087.53dp</dimen>
    <dimen name="x800">1088.89dp</dimen>
    <dimen name="x801">1090.25dp</dimen>
    <dimen name="x802">1091.61dp</dimen>
    <dimen name="x803">1092.97dp</dimen>
    <dimen name="x804">1094.33dp</dimen>
    <dimen name="x805">1095.69dp</dimen>
    <dimen name="x806">1097.06dp</dimen>
    <dimen name="x807">1098.42dp</dimen>
    <dimen name="x808">1099.78dp</dimen>
    <dimen name="x809">1101.14dp</dimen>
    <dimen name="x810">1102.50dp</dimen>
    <dimen name="x811">1103.86dp</dimen>
    <dimen name="x812">1105.22dp</dimen>
    <dimen name="x813">1106.58dp</dimen>
    <dimen name="x814">1107.94dp</dimen>
    <dimen name="x815">1109.31dp</dimen>
    <dimen name="x816">1110.67dp</dimen>
    <dimen name="x817">1112.03dp</dimen>
    <dimen name="x818">1113.39dp</dimen>
    <dimen name="x819">1114.75dp</dimen>
    <dimen name="x820">1116.11dp</dimen>
    <dimen name="x821">1117.47dp</dimen>
    <dimen name="x822">1118.83dp</dimen>
    <dimen name="x823">1120.19dp</dimen>
    <dimen name="x824">1121.56dp</dimen>
    <dimen name="x825">1122.92dp</dimen>
    <dimen name="x826">1124.28dp</dimen>
    <dimen name="x827">1125.64dp</dimen>
    <dimen name="x828">1127.00dp</dimen>
    <dimen name="x829">1128.36dp</dimen>
    <dimen name="x830">1129.72dp</dimen>
    <dimen name="x831">1131.08dp</dimen>
    <dimen name="x832">1132.44dp</dimen>
    <dimen name="x833">1133.81dp</dimen>
    <dimen name="x834">1135.17dp</dimen>
    <dimen name="x835">1136.53dp</dimen>
    <dimen name="x836">1137.89dp</dimen>
    <dimen name="x837">1139.25dp</dimen>
    <dimen name="x838">1140.61dp</dimen>
    <dimen name="x839">1141.97dp</dimen>
    <dimen name="x840">1143.33dp</dimen>
    <dimen name="x841">1144.69dp</dimen>
    <dimen name="x842">1146.06dp</dimen>
    <dimen name="x843">1147.42dp</dimen>
    <dimen name="x844">1148.78dp</dimen>
    <dimen name="x845">1150.14dp</dimen>
    <dimen name="x846">1151.50dp</dimen>
    <dimen name="x847">1152.86dp</dimen>
    <dimen name="x848">1154.22dp</dimen>
    <dimen name="x849">1155.58dp</dimen>
    <dimen name="x850">1156.94dp</dimen>
    <dimen name="x851">1158.31dp</dimen>
    <dimen name="x852">1159.67dp</dimen>
    <dimen name="x853">1161.03dp</dimen>
    <dimen name="x854">1162.39dp</dimen>
    <dimen name="x855">1163.75dp</dimen>
    <dimen name="x856">1165.11dp</dimen>
    <dimen name="x857">1166.47dp</dimen>
    <dimen name="x858">1167.83dp</dimen>
    <dimen name="x859">1169.19dp</dimen>
    <dimen name="x860">1170.56dp</dimen>
    <dimen name="x861">1171.92dp</dimen>
    <dimen name="x862">1173.28dp</dimen>
    <dimen name="x863">1174.64dp</dimen>
    <dimen name="x864">1176.00dp</dimen>
    <dimen name="x865">1177.36dp</dimen>
    <dimen name="x866">1178.72dp</dimen>
    <dimen name="x867">1180.08dp</dimen>
    <dimen name="x868">1181.44dp</dimen>
    <dimen name="x869">1182.81dp</dimen>
    <dimen name="x870">1184.17dp</dimen>
    <dimen name="x871">1185.53dp</dimen>
    <dimen name="x872">1186.89dp</dimen>
    <dimen name="x873">1188.25dp</dimen>
    <dimen name="x874">1189.61dp</dimen>
    <dimen name="x875">1190.97dp</dimen>
    <dimen name="x876">1192.33dp</dimen>
    <dimen name="x877">1193.69dp</dimen>
    <dimen name="x878">1195.06dp</dimen>
    <dimen name="x879">1196.42dp</dimen>
    <dimen name="x880">1197.78dp</dimen>
    <dimen name="x881">1199.14dp</dimen>
    <dimen name="x882">1200.50dp</dimen>
    <dimen name="x883">1201.86dp</dimen>
    <dimen name="x884">1203.22dp</dimen>
    <dimen name="x885">1204.58dp</dimen>
    <dimen name="x886">1205.94dp</dimen>
    <dimen name="x887">1207.31dp</dimen>
    <dimen name="x888">1208.67dp</dimen>
    <dimen name="x889">1210.03dp</dimen>
    <dimen name="x890">1211.39dp</dimen>
    <dimen name="x891">1212.75dp</dimen>
    <dimen name="x892">1214.11dp</dimen>
    <dimen name="x893">1215.47dp</dimen>
    <dimen name="x894">1216.83dp</dimen>
    <dimen name="x895">1218.19dp</dimen>
    <dimen name="x896">1219.56dp</dimen>
    <dimen name="x897">1220.92dp</dimen>
    <dimen name="x898">1222.28dp</dimen>
    <dimen name="x899">1223.64dp</dimen>
    <dimen name="x900">1225.00dp</dimen>
    <dimen name="x901">1226.36dp</dimen>
    <dimen name="x902">1227.72dp</dimen>
    <dimen name="x903">1229.08dp</dimen>
    <dimen name="x904">1230.44dp</dimen>
    <dimen name="x905">1231.81dp</dimen>
    <dimen name="x906">1233.17dp</dimen>
    <dimen name="x907">1234.53dp</dimen>
    <dimen name="x908">1235.89dp</dimen>
    <dimen name="x909">1237.25dp</dimen>
    <dimen name="x910">1238.61dp</dimen>
    <dimen name="x911">1239.97dp</dimen>
    <dimen name="x912">1241.33dp</dimen>
    <dimen name="x913">1242.69dp</dimen>
    <dimen name="x914">1244.06dp</dimen>
    <dimen name="x915">1245.42dp</dimen>
    <dimen name="x916">1246.78dp</dimen>
    <dimen name="x917">1248.14dp</dimen>
    <dimen name="x918">1249.50dp</dimen>
    <dimen name="x919">1250.86dp</dimen>
    <dimen name="x920">1252.22dp</dimen>
    <dimen name="x921">1253.58dp</dimen>
    <dimen name="x922">1254.94dp</dimen>
    <dimen name="x923">1256.31dp</dimen>
    <dimen name="x924">1257.67dp</dimen>
    <dimen name="x925">1259.03dp</dimen>
    <dimen name="x926">1260.39dp</dimen>
    <dimen name="x927">1261.75dp</dimen>
    <dimen name="x928">1263.11dp</dimen>
    <dimen name="x929">1264.47dp</dimen>
    <dimen name="x930">1265.83dp</dimen>
    <dimen name="x931">1267.19dp</dimen>
    <dimen name="x932">1268.56dp</dimen>
    <dimen name="x933">1269.92dp</dimen>
    <dimen name="x934">1271.28dp</dimen>
    <dimen name="x935">1272.64dp</dimen>
    <dimen name="x936">1274.00dp</dimen>
    <dimen name="x937">1275.36dp</dimen>
    <dimen name="x938">1276.72dp</dimen>
    <dimen name="x939">1278.08dp</dimen>
    <dimen name="x940">1279.44dp</dimen>
    <dimen name="x941">1280.81dp</dimen>
    <dimen name="x942">1282.17dp</dimen>
    <dimen name="x943">1283.53dp</dimen>
    <dimen name="x944">1284.89dp</dimen>
    <dimen name="x945">1286.25dp</dimen>
    <dimen name="x946">1287.61dp</dimen>
    <dimen name="x947">1288.97dp</dimen>
    <dimen name="x948">1290.33dp</dimen>
    <dimen name="x949">1291.69dp</dimen>
    <dimen name="x950">1293.06dp</dimen>
    <dimen name="x951">1294.42dp</dimen>
    <dimen name="x952">1295.78dp</dimen>
    <dimen name="x953">1297.14dp</dimen>
    <dimen name="x954">1298.50dp</dimen>
    <dimen name="x955">1299.86dp</dimen>
    <dimen name="x956">1301.22dp</dimen>
    <dimen name="x957">1302.58dp</dimen>
    <dimen name="x958">1303.94dp</dimen>
    <dimen name="x959">1305.31dp</dimen>
    <dimen name="x960">1306.67dp</dimen>
    <dimen name="x961">1308.03dp</dimen>
    <dimen name="x962">1309.39dp</dimen>
    <dimen name="x963">1310.75dp</dimen>
    <dimen name="x964">1312.11dp</dimen>
    <dimen name="x965">1313.47dp</dimen>
    <dimen name="x966">1314.83dp</dimen>
    <dimen name="x967">1316.19dp</dimen>
    <dimen name="x968">1317.56dp</dimen>
    <dimen name="x969">1318.92dp</dimen>
    <dimen name="x970">1320.28dp</dimen>
    <dimen name="x971">1321.64dp</dimen>
    <dimen name="x972">1323.00dp</dimen>
    <dimen name="x973">1324.36dp</dimen>
    <dimen name="x974">1325.72dp</dimen>
    <dimen name="x975">1327.08dp</dimen>
    <dimen name="x976">1328.44dp</dimen>
    <dimen name="x977">1329.81dp</dimen>
    <dimen name="x978">1331.17dp</dimen>
    <dimen name="x979">1332.53dp</dimen>
    <dimen name="x980">1333.89dp</dimen>
    <dimen name="x981">1335.25dp</dimen>
    <dimen name="x982">1336.61dp</dimen>
    <dimen name="x983">1337.97dp</dimen>
    <dimen name="x984">1339.33dp</dimen>
    <dimen name="x985">1340.69dp</dimen>
    <dimen name="x986">1342.06dp</dimen>
    <dimen name="x987">1343.42dp</dimen>
    <dimen name="x988">1344.78dp</dimen>
    <dimen name="x989">1346.14dp</dimen>
    <dimen name="x990">1347.50dp</dimen>
    <dimen name="x991">1348.86dp</dimen>
    <dimen name="x992">1350.22dp</dimen>
    <dimen name="x993">1351.58dp</dimen>
    <dimen name="x994">1352.94dp</dimen>
    <dimen name="x995">1354.31dp</dimen>
    <dimen name="x996">1355.67dp</dimen>
    <dimen name="x997">1357.03dp</dimen>
    <dimen name="x998">1358.39dp</dimen>
    <dimen name="x999">1359.75dp</dimen>
    <dimen name="x1000">1361.11dp</dimen>
    <dimen name="x1001">1362.47dp</dimen>
    <dimen name="x1002">1363.83dp</dimen>
    <dimen name="x1003">1365.19dp</dimen>
    <dimen name="x1004">1366.56dp</dimen>
    <dimen name="x1005">1367.92dp</dimen>
    <dimen name="x1006">1369.28dp</dimen>
    <dimen name="x1007">1370.64dp</dimen>
    <dimen name="x1008">1372.00dp</dimen>
    <dimen name="x1009">1373.36dp</dimen>
    <dimen name="x1010">1374.72dp</dimen>
    <dimen name="x1011">1376.08dp</dimen>
    <dimen name="x1012">1377.44dp</dimen>
    <dimen name="x1013">1378.81dp</dimen>
    <dimen name="x1014">1380.17dp</dimen>
    <dimen name="x1015">1381.53dp</dimen>
    <dimen name="x1016">1382.89dp</dimen>
    <dimen name="x1017">1384.25dp</dimen>
    <dimen name="x1018">1385.61dp</dimen>
    <dimen name="x1019">1386.97dp</dimen>
    <dimen name="x1020">1388.33dp</dimen>
    <dimen name="x1021">1389.69dp</dimen>
    <dimen name="x1022">1391.06dp</dimen>
    <dimen name="x1023">1392.42dp</dimen>
    <dimen name="x1024">1393.78dp</dimen>
    <dimen name="x1025">1395.14dp</dimen>
    <dimen name="x1026">1396.50dp</dimen>
    <dimen name="x1027">1397.86dp</dimen>
    <dimen name="x1028">1399.22dp</dimen>
    <dimen name="x1029">1400.58dp</dimen>
    <dimen name="x1030">1401.94dp</dimen>
    <dimen name="x1031">1403.31dp</dimen>
    <dimen name="x1032">1404.67dp</dimen>
    <dimen name="x1033">1406.03dp</dimen>
    <dimen name="x1034">1407.39dp</dimen>
    <dimen name="x1035">1408.75dp</dimen>
    <dimen name="x1036">1410.11dp</dimen>
    <dimen name="x1037">1411.47dp</dimen>
    <dimen name="x1038">1412.83dp</dimen>
    <dimen name="x1039">1414.19dp</dimen>
    <dimen name="x1040">1415.56dp</dimen>
    <dimen name="x1041">1416.92dp</dimen>
    <dimen name="x1042">1418.28dp</dimen>
    <dimen name="x1043">1419.64dp</dimen>
    <dimen name="x1044">1421.00dp</dimen>
    <dimen name="x1045">1422.36dp</dimen>
    <dimen name="x1046">1423.72dp</dimen>
    <dimen name="x1047">1425.08dp</dimen>
    <dimen name="x1048">1426.44dp</dimen>
    <dimen name="x1049">1427.81dp</dimen>
    <dimen name="x1050">1429.17dp</dimen>
    <dimen name="x1051">1430.53dp</dimen>
    <dimen name="x1052">1431.89dp</dimen>
    <dimen name="x1053">1433.25dp</dimen>
    <dimen name="x1054">1434.61dp</dimen>
    <dimen name="x1055">1435.97dp</dimen>
    <dimen name="x1056">1437.33dp</dimen>
    <dimen name="x1057">1438.69dp</dimen>
    <dimen name="x1058">1440.06dp</dimen>
    <dimen name="x1059">1441.42dp</dimen>
    <dimen name="x1060">1442.78dp</dimen>
    <dimen name="x1061">1444.14dp</dimen>
    <dimen name="x1062">1445.50dp</dimen>
    <dimen name="x1063">1446.86dp</dimen>
    <dimen name="x1064">1448.22dp</dimen>
    <dimen name="x1065">1449.58dp</dimen>
    <dimen name="x1066">1450.94dp</dimen>
    <dimen name="x1067">1452.31dp</dimen>
    <dimen name="x1068">1453.67dp</dimen>
    <dimen name="x1069">1455.03dp</dimen>
    <dimen name="x1070">1456.39dp</dimen>
    <dimen name="x1071">1457.75dp</dimen>
    <dimen name="x1072">1459.11dp</dimen>
    <dimen name="x1073">1460.47dp</dimen>
    <dimen name="x1074">1461.83dp</dimen>
    <dimen name="x1075">1463.19dp</dimen>
    <dimen name="x1076">1464.56dp</dimen>
    <dimen name="x1077">1465.92dp</dimen>
    <dimen name="x1078">1467.28dp</dimen>
    <dimen name="x1079">1468.64dp</dimen>
    <dimen name="x1080">1470.00dp</dimen>
</resources>