<?xml version="1.0" encoding="utf-8"?>
<resources>
    <string name="sw_dp">480dp</string>
    <dimen name="x1">0.44dp</dimen>
    <dimen name="x2">0.89dp</dimen>
    <dimen name="x3">1.33dp</dimen>
    <dimen name="x4">1.78dp</dimen>
    <dimen name="x5">2.22dp</dimen>
    <dimen name="x6">2.67dp</dimen>
    <dimen name="x7">3.11dp</dimen>
    <dimen name="x8">3.56dp</dimen>
    <dimen name="x9">4.00dp</dimen>
    <dimen name="x10">4.44dp</dimen>
    <dimen name="x11">4.89dp</dimen>
    <dimen name="x12">5.33dp</dimen>
    <dimen name="x13">5.78dp</dimen>
    <dimen name="x14">6.22dp</dimen>
    <dimen name="x15">6.67dp</dimen>
    <dimen name="x16">7.11dp</dimen>
    <dimen name="x17">7.56dp</dimen>
    <dimen name="x18">8.00dp</dimen>
    <dimen name="x19">8.44dp</dimen>
    <dimen name="x20">8.89dp</dimen>
    <dimen name="x21">9.33dp</dimen>
    <dimen name="x22">9.78dp</dimen>
    <dimen name="x23">10.22dp</dimen>
    <dimen name="x24">10.67dp</dimen>
    <dimen name="x25">11.11dp</dimen>
    <dimen name="x26">11.56dp</dimen>
    <dimen name="x27">12.00dp</dimen>
    <dimen name="x28">12.44dp</dimen>
    <dimen name="x29">12.89dp</dimen>
    <dimen name="x30">13.33dp</dimen>
    <dimen name="x31">13.78dp</dimen>
    <dimen name="x32">14.22dp</dimen>
    <dimen name="x33">14.67dp</dimen>
    <dimen name="x34">15.11dp</dimen>
    <dimen name="x35">15.56dp</dimen>
    <dimen name="x36">16.00dp</dimen>
    <dimen name="x37">16.44dp</dimen>
    <dimen name="x38">16.89dp</dimen>
    <dimen name="x39">17.33dp</dimen>
    <dimen name="x40">17.78dp</dimen>
    <dimen name="x41">18.22dp</dimen>
    <dimen name="x42">18.67dp</dimen>
    <dimen name="x43">19.11dp</dimen>
    <dimen name="x44">19.56dp</dimen>
    <dimen name="x45">20.00dp</dimen>
    <dimen name="x46">20.44dp</dimen>
    <dimen name="x47">20.89dp</dimen>
    <dimen name="x48">21.33dp</dimen>
    <dimen name="x49">21.78dp</dimen>
    <dimen name="x50">22.22dp</dimen>
    <dimen name="x51">22.67dp</dimen>
    <dimen name="x52">23.11dp</dimen>
    <dimen name="x53">23.56dp</dimen>
    <dimen name="x54">24.00dp</dimen>
    <dimen name="x55">24.44dp</dimen>
    <dimen name="x56">24.89dp</dimen>
    <dimen name="x57">25.33dp</dimen>
    <dimen name="x58">25.78dp</dimen>
    <dimen name="x59">26.22dp</dimen>
    <dimen name="x60">26.67dp</dimen>
    <dimen name="x61">27.11dp</dimen>
    <dimen name="x62">27.56dp</dimen>
    <dimen name="x63">28.00dp</dimen>
    <dimen name="x64">28.44dp</dimen>
    <dimen name="x65">28.89dp</dimen>
    <dimen name="x66">29.33dp</dimen>
    <dimen name="x67">29.78dp</dimen>
    <dimen name="x68">30.22dp</dimen>
    <dimen name="x69">30.67dp</dimen>
    <dimen name="x70">31.11dp</dimen>
    <dimen name="x71">31.56dp</dimen>
    <dimen name="x72">32.00dp</dimen>
    <dimen name="x73">32.44dp</dimen>
    <dimen name="x74">32.89dp</dimen>
    <dimen name="x75">33.33dp</dimen>
    <dimen name="x76">33.78dp</dimen>
    <dimen name="x77">34.22dp</dimen>
    <dimen name="x78">34.67dp</dimen>
    <dimen name="x79">35.11dp</dimen>
    <dimen name="x80">35.56dp</dimen>
    <dimen name="x81">36.00dp</dimen>
    <dimen name="x82">36.44dp</dimen>
    <dimen name="x83">36.89dp</dimen>
    <dimen name="x84">37.33dp</dimen>
    <dimen name="x85">37.78dp</dimen>
    <dimen name="x86">38.22dp</dimen>
    <dimen name="x87">38.67dp</dimen>
    <dimen name="x88">39.11dp</dimen>
    <dimen name="x89">39.56dp</dimen>
    <dimen name="x90">40.00dp</dimen>
    <dimen name="x91">40.44dp</dimen>
    <dimen name="x92">40.89dp</dimen>
    <dimen name="x93">41.33dp</dimen>
    <dimen name="x94">41.78dp</dimen>
    <dimen name="x95">42.22dp</dimen>
    <dimen name="x96">42.67dp</dimen>
    <dimen name="x97">43.11dp</dimen>
    <dimen name="x98">43.56dp</dimen>
    <dimen name="x99">44.00dp</dimen>
    <dimen name="x100">44.44dp</dimen>
    <dimen name="x101">44.89dp</dimen>
    <dimen name="x102">45.33dp</dimen>
    <dimen name="x103">45.78dp</dimen>
    <dimen name="x104">46.22dp</dimen>
    <dimen name="x105">46.67dp</dimen>
    <dimen name="x106">47.11dp</dimen>
    <dimen name="x107">47.56dp</dimen>
    <dimen name="x108">48.00dp</dimen>
    <dimen name="x109">48.44dp</dimen>
    <dimen name="x110">48.89dp</dimen>
    <dimen name="x111">49.33dp</dimen>
    <dimen name="x112">49.78dp</dimen>
    <dimen name="x113">50.22dp</dimen>
    <dimen name="x114">50.67dp</dimen>
    <dimen name="x115">51.11dp</dimen>
    <dimen name="x116">51.56dp</dimen>
    <dimen name="x117">52.00dp</dimen>
    <dimen name="x118">52.44dp</dimen>
    <dimen name="x119">52.89dp</dimen>
    <dimen name="x120">53.33dp</dimen>
    <dimen name="x121">53.78dp</dimen>
    <dimen name="x122">54.22dp</dimen>
    <dimen name="x123">54.67dp</dimen>
    <dimen name="x124">55.11dp</dimen>
    <dimen name="x125">55.56dp</dimen>
    <dimen name="x126">56.00dp</dimen>
    <dimen name="x127">56.44dp</dimen>
    <dimen name="x128">56.89dp</dimen>
    <dimen name="x129">57.33dp</dimen>
    <dimen name="x130">57.78dp</dimen>
    <dimen name="x131">58.22dp</dimen>
    <dimen name="x132">58.67dp</dimen>
    <dimen name="x133">59.11dp</dimen>
    <dimen name="x134">59.56dp</dimen>
    <dimen name="x135">60.00dp</dimen>
    <dimen name="x136">60.44dp</dimen>
    <dimen name="x137">60.89dp</dimen>
    <dimen name="x138">61.33dp</dimen>
    <dimen name="x139">61.78dp</dimen>
    <dimen name="x140">62.22dp</dimen>
    <dimen name="x141">62.67dp</dimen>
    <dimen name="x142">63.11dp</dimen>
    <dimen name="x143">63.56dp</dimen>
    <dimen name="x144">64.00dp</dimen>
    <dimen name="x145">64.44dp</dimen>
    <dimen name="x146">64.89dp</dimen>
    <dimen name="x147">65.33dp</dimen>
    <dimen name="x148">65.78dp</dimen>
    <dimen name="x149">66.22dp</dimen>
    <dimen name="x150">66.67dp</dimen>
    <dimen name="x151">67.11dp</dimen>
    <dimen name="x152">67.56dp</dimen>
    <dimen name="x153">68.00dp</dimen>
    <dimen name="x154">68.44dp</dimen>
    <dimen name="x155">68.89dp</dimen>
    <dimen name="x156">69.33dp</dimen>
    <dimen name="x157">69.78dp</dimen>
    <dimen name="x158">70.22dp</dimen>
    <dimen name="x159">70.67dp</dimen>
    <dimen name="x160">71.11dp</dimen>
    <dimen name="x161">71.56dp</dimen>
    <dimen name="x162">72.00dp</dimen>
    <dimen name="x163">72.44dp</dimen>
    <dimen name="x164">72.89dp</dimen>
    <dimen name="x165">73.33dp</dimen>
    <dimen name="x166">73.78dp</dimen>
    <dimen name="x167">74.22dp</dimen>
    <dimen name="x168">74.67dp</dimen>
    <dimen name="x169">75.11dp</dimen>
    <dimen name="x170">75.56dp</dimen>
    <dimen name="x171">76.00dp</dimen>
    <dimen name="x172">76.44dp</dimen>
    <dimen name="x173">76.89dp</dimen>
    <dimen name="x174">77.33dp</dimen>
    <dimen name="x175">77.78dp</dimen>
    <dimen name="x176">78.22dp</dimen>
    <dimen name="x177">78.67dp</dimen>
    <dimen name="x178">79.11dp</dimen>
    <dimen name="x179">79.56dp</dimen>
    <dimen name="x180">80.00dp</dimen>
    <dimen name="x181">80.44dp</dimen>
    <dimen name="x182">80.89dp</dimen>
    <dimen name="x183">81.33dp</dimen>
    <dimen name="x184">81.78dp</dimen>
    <dimen name="x185">82.22dp</dimen>
    <dimen name="x186">82.67dp</dimen>
    <dimen name="x187">83.11dp</dimen>
    <dimen name="x188">83.56dp</dimen>
    <dimen name="x189">84.00dp</dimen>
    <dimen name="x190">84.44dp</dimen>
    <dimen name="x191">84.89dp</dimen>
    <dimen name="x192">85.33dp</dimen>
    <dimen name="x193">85.78dp</dimen>
    <dimen name="x194">86.22dp</dimen>
    <dimen name="x195">86.67dp</dimen>
    <dimen name="x196">87.11dp</dimen>
    <dimen name="x197">87.56dp</dimen>
    <dimen name="x198">88.00dp</dimen>
    <dimen name="x199">88.44dp</dimen>
    <dimen name="x200">88.89dp</dimen>
    <dimen name="x201">89.33dp</dimen>
    <dimen name="x202">89.78dp</dimen>
    <dimen name="x203">90.22dp</dimen>
    <dimen name="x204">90.67dp</dimen>
    <dimen name="x205">91.11dp</dimen>
    <dimen name="x206">91.56dp</dimen>
    <dimen name="x207">92.00dp</dimen>
    <dimen name="x208">92.44dp</dimen>
    <dimen name="x209">92.89dp</dimen>
    <dimen name="x210">93.33dp</dimen>
    <dimen name="x211">93.78dp</dimen>
    <dimen name="x212">94.22dp</dimen>
    <dimen name="x213">94.67dp</dimen>
    <dimen name="x214">95.11dp</dimen>
    <dimen name="x215">95.56dp</dimen>
    <dimen name="x216">96.00dp</dimen>
    <dimen name="x217">96.44dp</dimen>
    <dimen name="x218">96.89dp</dimen>
    <dimen name="x219">97.33dp</dimen>
    <dimen name="x220">97.78dp</dimen>
    <dimen name="x221">98.22dp</dimen>
    <dimen name="x222">98.67dp</dimen>
    <dimen name="x223">99.11dp</dimen>
    <dimen name="x224">99.56dp</dimen>
    <dimen name="x225">100.00dp</dimen>
    <dimen name="x226">100.44dp</dimen>
    <dimen name="x227">100.89dp</dimen>
    <dimen name="x228">101.33dp</dimen>
    <dimen name="x229">101.78dp</dimen>
    <dimen name="x230">102.22dp</dimen>
    <dimen name="x231">102.67dp</dimen>
    <dimen name="x232">103.11dp</dimen>
    <dimen name="x233">103.56dp</dimen>
    <dimen name="x234">104.00dp</dimen>
    <dimen name="x235">104.44dp</dimen>
    <dimen name="x236">104.89dp</dimen>
    <dimen name="x237">105.33dp</dimen>
    <dimen name="x238">105.78dp</dimen>
    <dimen name="x239">106.22dp</dimen>
    <dimen name="x240">106.67dp</dimen>
    <dimen name="x241">107.11dp</dimen>
    <dimen name="x242">107.56dp</dimen>
    <dimen name="x243">108.00dp</dimen>
    <dimen name="x244">108.44dp</dimen>
    <dimen name="x245">108.89dp</dimen>
    <dimen name="x246">109.33dp</dimen>
    <dimen name="x247">109.78dp</dimen>
    <dimen name="x248">110.22dp</dimen>
    <dimen name="x249">110.67dp</dimen>
    <dimen name="x250">111.11dp</dimen>
    <dimen name="x251">111.56dp</dimen>
    <dimen name="x252">112.00dp</dimen>
    <dimen name="x253">112.44dp</dimen>
    <dimen name="x254">112.89dp</dimen>
    <dimen name="x255">113.33dp</dimen>
    <dimen name="x256">113.78dp</dimen>
    <dimen name="x257">114.22dp</dimen>
    <dimen name="x258">114.67dp</dimen>
    <dimen name="x259">115.11dp</dimen>
    <dimen name="x260">115.56dp</dimen>
    <dimen name="x261">116.00dp</dimen>
    <dimen name="x262">116.44dp</dimen>
    <dimen name="x263">116.89dp</dimen>
    <dimen name="x264">117.33dp</dimen>
    <dimen name="x265">117.78dp</dimen>
    <dimen name="x266">118.22dp</dimen>
    <dimen name="x267">118.67dp</dimen>
    <dimen name="x268">119.11dp</dimen>
    <dimen name="x269">119.56dp</dimen>
    <dimen name="x270">120.00dp</dimen>
    <dimen name="x271">120.44dp</dimen>
    <dimen name="x272">120.89dp</dimen>
    <dimen name="x273">121.33dp</dimen>
    <dimen name="x274">121.78dp</dimen>
    <dimen name="x275">122.22dp</dimen>
    <dimen name="x276">122.67dp</dimen>
    <dimen name="x277">123.11dp</dimen>
    <dimen name="x278">123.56dp</dimen>
    <dimen name="x279">124.00dp</dimen>
    <dimen name="x280">124.44dp</dimen>
    <dimen name="x281">124.89dp</dimen>
    <dimen name="x282">125.33dp</dimen>
    <dimen name="x283">125.78dp</dimen>
    <dimen name="x284">126.22dp</dimen>
    <dimen name="x285">126.67dp</dimen>
    <dimen name="x286">127.11dp</dimen>
    <dimen name="x287">127.56dp</dimen>
    <dimen name="x288">128.00dp</dimen>
    <dimen name="x289">128.44dp</dimen>
    <dimen name="x290">128.89dp</dimen>
    <dimen name="x291">129.33dp</dimen>
    <dimen name="x292">129.78dp</dimen>
    <dimen name="x293">130.22dp</dimen>
    <dimen name="x294">130.67dp</dimen>
    <dimen name="x295">131.11dp</dimen>
    <dimen name="x296">131.56dp</dimen>
    <dimen name="x297">132.00dp</dimen>
    <dimen name="x298">132.44dp</dimen>
    <dimen name="x299">132.89dp</dimen>
    <dimen name="x300">133.33dp</dimen>
    <dimen name="x301">133.78dp</dimen>
    <dimen name="x302">134.22dp</dimen>
    <dimen name="x303">134.67dp</dimen>
    <dimen name="x304">135.11dp</dimen>
    <dimen name="x305">135.56dp</dimen>
    <dimen name="x306">136.00dp</dimen>
    <dimen name="x307">136.44dp</dimen>
    <dimen name="x308">136.89dp</dimen>
    <dimen name="x309">137.33dp</dimen>
    <dimen name="x310">137.78dp</dimen>
    <dimen name="x311">138.22dp</dimen>
    <dimen name="x312">138.67dp</dimen>
    <dimen name="x313">139.11dp</dimen>
    <dimen name="x314">139.56dp</dimen>
    <dimen name="x315">140.00dp</dimen>
    <dimen name="x316">140.44dp</dimen>
    <dimen name="x317">140.89dp</dimen>
    <dimen name="x318">141.33dp</dimen>
    <dimen name="x319">141.78dp</dimen>
    <dimen name="x320">142.22dp</dimen>
    <dimen name="x321">142.67dp</dimen>
    <dimen name="x322">143.11dp</dimen>
    <dimen name="x323">143.56dp</dimen>
    <dimen name="x324">144.00dp</dimen>
    <dimen name="x325">144.44dp</dimen>
    <dimen name="x326">144.89dp</dimen>
    <dimen name="x327">145.33dp</dimen>
    <dimen name="x328">145.78dp</dimen>
    <dimen name="x329">146.22dp</dimen>
    <dimen name="x330">146.67dp</dimen>
    <dimen name="x331">147.11dp</dimen>
    <dimen name="x332">147.56dp</dimen>
    <dimen name="x333">148.00dp</dimen>
    <dimen name="x334">148.44dp</dimen>
    <dimen name="x335">148.89dp</dimen>
    <dimen name="x336">149.33dp</dimen>
    <dimen name="x337">149.78dp</dimen>
    <dimen name="x338">150.22dp</dimen>
    <dimen name="x339">150.67dp</dimen>
    <dimen name="x340">151.11dp</dimen>
    <dimen name="x341">151.56dp</dimen>
    <dimen name="x342">152.00dp</dimen>
    <dimen name="x343">152.44dp</dimen>
    <dimen name="x344">152.89dp</dimen>
    <dimen name="x345">153.33dp</dimen>
    <dimen name="x346">153.78dp</dimen>
    <dimen name="x347">154.22dp</dimen>
    <dimen name="x348">154.67dp</dimen>
    <dimen name="x349">155.11dp</dimen>
    <dimen name="x350">155.56dp</dimen>
    <dimen name="x351">156.00dp</dimen>
    <dimen name="x352">156.44dp</dimen>
    <dimen name="x353">156.89dp</dimen>
    <dimen name="x354">157.33dp</dimen>
    <dimen name="x355">157.78dp</dimen>
    <dimen name="x356">158.22dp</dimen>
    <dimen name="x357">158.67dp</dimen>
    <dimen name="x358">159.11dp</dimen>
    <dimen name="x359">159.56dp</dimen>
    <dimen name="x360">160.00dp</dimen>
    <dimen name="x361">160.44dp</dimen>
    <dimen name="x362">160.89dp</dimen>
    <dimen name="x363">161.33dp</dimen>
    <dimen name="x364">161.78dp</dimen>
    <dimen name="x365">162.22dp</dimen>
    <dimen name="x366">162.67dp</dimen>
    <dimen name="x367">163.11dp</dimen>
    <dimen name="x368">163.56dp</dimen>
    <dimen name="x369">164.00dp</dimen>
    <dimen name="x370">164.44dp</dimen>
    <dimen name="x371">164.89dp</dimen>
    <dimen name="x372">165.33dp</dimen>
    <dimen name="x373">165.78dp</dimen>
    <dimen name="x374">166.22dp</dimen>
    <dimen name="x375">166.67dp</dimen>
    <dimen name="x376">167.11dp</dimen>
    <dimen name="x377">167.56dp</dimen>
    <dimen name="x378">168.00dp</dimen>
    <dimen name="x379">168.44dp</dimen>
    <dimen name="x380">168.89dp</dimen>
    <dimen name="x381">169.33dp</dimen>
    <dimen name="x382">169.78dp</dimen>
    <dimen name="x383">170.22dp</dimen>
    <dimen name="x384">170.67dp</dimen>
    <dimen name="x385">171.11dp</dimen>
    <dimen name="x386">171.56dp</dimen>
    <dimen name="x387">172.00dp</dimen>
    <dimen name="x388">172.44dp</dimen>
    <dimen name="x389">172.89dp</dimen>
    <dimen name="x390">173.33dp</dimen>
    <dimen name="x391">173.78dp</dimen>
    <dimen name="x392">174.22dp</dimen>
    <dimen name="x393">174.67dp</dimen>
    <dimen name="x394">175.11dp</dimen>
    <dimen name="x395">175.56dp</dimen>
    <dimen name="x396">176.00dp</dimen>
    <dimen name="x397">176.44dp</dimen>
    <dimen name="x398">176.89dp</dimen>
    <dimen name="x399">177.33dp</dimen>
    <dimen name="x400">177.78dp</dimen>
    <dimen name="x401">178.22dp</dimen>
    <dimen name="x402">178.67dp</dimen>
    <dimen name="x403">179.11dp</dimen>
    <dimen name="x404">179.56dp</dimen>
    <dimen name="x405">180.00dp</dimen>
    <dimen name="x406">180.44dp</dimen>
    <dimen name="x407">180.89dp</dimen>
    <dimen name="x408">181.33dp</dimen>
    <dimen name="x409">181.78dp</dimen>
    <dimen name="x410">182.22dp</dimen>
    <dimen name="x411">182.67dp</dimen>
    <dimen name="x412">183.11dp</dimen>
    <dimen name="x413">183.56dp</dimen>
    <dimen name="x414">184.00dp</dimen>
    <dimen name="x415">184.44dp</dimen>
    <dimen name="x416">184.89dp</dimen>
    <dimen name="x417">185.33dp</dimen>
    <dimen name="x418">185.78dp</dimen>
    <dimen name="x419">186.22dp</dimen>
    <dimen name="x420">186.67dp</dimen>
    <dimen name="x421">187.11dp</dimen>
    <dimen name="x422">187.56dp</dimen>
    <dimen name="x423">188.00dp</dimen>
    <dimen name="x424">188.44dp</dimen>
    <dimen name="x425">188.89dp</dimen>
    <dimen name="x426">189.33dp</dimen>
    <dimen name="x427">189.78dp</dimen>
    <dimen name="x428">190.22dp</dimen>
    <dimen name="x429">190.67dp</dimen>
    <dimen name="x430">191.11dp</dimen>
    <dimen name="x431">191.56dp</dimen>
    <dimen name="x432">192.00dp</dimen>
    <dimen name="x433">192.44dp</dimen>
    <dimen name="x434">192.89dp</dimen>
    <dimen name="x435">193.33dp</dimen>
    <dimen name="x436">193.78dp</dimen>
    <dimen name="x437">194.22dp</dimen>
    <dimen name="x438">194.67dp</dimen>
    <dimen name="x439">195.11dp</dimen>
    <dimen name="x440">195.56dp</dimen>
    <dimen name="x441">196.00dp</dimen>
    <dimen name="x442">196.44dp</dimen>
    <dimen name="x443">196.89dp</dimen>
    <dimen name="x444">197.33dp</dimen>
    <dimen name="x445">197.78dp</dimen>
    <dimen name="x446">198.22dp</dimen>
    <dimen name="x447">198.67dp</dimen>
    <dimen name="x448">199.11dp</dimen>
    <dimen name="x449">199.56dp</dimen>
    <dimen name="x450">200.00dp</dimen>
    <dimen name="x451">200.44dp</dimen>
    <dimen name="x452">200.89dp</dimen>
    <dimen name="x453">201.33dp</dimen>
    <dimen name="x454">201.78dp</dimen>
    <dimen name="x455">202.22dp</dimen>
    <dimen name="x456">202.67dp</dimen>
    <dimen name="x457">203.11dp</dimen>
    <dimen name="x458">203.56dp</dimen>
    <dimen name="x459">204.00dp</dimen>
    <dimen name="x460">204.44dp</dimen>
    <dimen name="x461">204.89dp</dimen>
    <dimen name="x462">205.33dp</dimen>
    <dimen name="x463">205.78dp</dimen>
    <dimen name="x464">206.22dp</dimen>
    <dimen name="x465">206.67dp</dimen>
    <dimen name="x466">207.11dp</dimen>
    <dimen name="x467">207.56dp</dimen>
    <dimen name="x468">208.00dp</dimen>
    <dimen name="x469">208.44dp</dimen>
    <dimen name="x470">208.89dp</dimen>
    <dimen name="x471">209.33dp</dimen>
    <dimen name="x472">209.78dp</dimen>
    <dimen name="x473">210.22dp</dimen>
    <dimen name="x474">210.67dp</dimen>
    <dimen name="x475">211.11dp</dimen>
    <dimen name="x476">211.56dp</dimen>
    <dimen name="x477">212.00dp</dimen>
    <dimen name="x478">212.44dp</dimen>
    <dimen name="x479">212.89dp</dimen>
    <dimen name="x480">213.33dp</dimen>
    <dimen name="x481">213.78dp</dimen>
    <dimen name="x482">214.22dp</dimen>
    <dimen name="x483">214.67dp</dimen>
    <dimen name="x484">215.11dp</dimen>
    <dimen name="x485">215.56dp</dimen>
    <dimen name="x486">216.00dp</dimen>
    <dimen name="x487">216.44dp</dimen>
    <dimen name="x488">216.89dp</dimen>
    <dimen name="x489">217.33dp</dimen>
    <dimen name="x490">217.78dp</dimen>
    <dimen name="x491">218.22dp</dimen>
    <dimen name="x492">218.67dp</dimen>
    <dimen name="x493">219.11dp</dimen>
    <dimen name="x494">219.56dp</dimen>
    <dimen name="x495">220.00dp</dimen>
    <dimen name="x496">220.44dp</dimen>
    <dimen name="x497">220.89dp</dimen>
    <dimen name="x498">221.33dp</dimen>
    <dimen name="x499">221.78dp</dimen>
    <dimen name="x500">222.22dp</dimen>
    <dimen name="x501">222.67dp</dimen>
    <dimen name="x502">223.11dp</dimen>
    <dimen name="x503">223.56dp</dimen>
    <dimen name="x504">224.00dp</dimen>
    <dimen name="x505">224.44dp</dimen>
    <dimen name="x506">224.89dp</dimen>
    <dimen name="x507">225.33dp</dimen>
    <dimen name="x508">225.78dp</dimen>
    <dimen name="x509">226.22dp</dimen>
    <dimen name="x510">226.67dp</dimen>
    <dimen name="x511">227.11dp</dimen>
    <dimen name="x512">227.56dp</dimen>
    <dimen name="x513">228.00dp</dimen>
    <dimen name="x514">228.44dp</dimen>
    <dimen name="x515">228.89dp</dimen>
    <dimen name="x516">229.33dp</dimen>
    <dimen name="x517">229.78dp</dimen>
    <dimen name="x518">230.22dp</dimen>
    <dimen name="x519">230.67dp</dimen>
    <dimen name="x520">231.11dp</dimen>
    <dimen name="x521">231.56dp</dimen>
    <dimen name="x522">232.00dp</dimen>
    <dimen name="x523">232.44dp</dimen>
    <dimen name="x524">232.89dp</dimen>
    <dimen name="x525">233.33dp</dimen>
    <dimen name="x526">233.78dp</dimen>
    <dimen name="x527">234.22dp</dimen>
    <dimen name="x528">234.67dp</dimen>
    <dimen name="x529">235.11dp</dimen>
    <dimen name="x530">235.56dp</dimen>
    <dimen name="x531">236.00dp</dimen>
    <dimen name="x532">236.44dp</dimen>
    <dimen name="x533">236.89dp</dimen>
    <dimen name="x534">237.33dp</dimen>
    <dimen name="x535">237.78dp</dimen>
    <dimen name="x536">238.22dp</dimen>
    <dimen name="x537">238.67dp</dimen>
    <dimen name="x538">239.11dp</dimen>
    <dimen name="x539">239.56dp</dimen>
    <dimen name="x540">240.00dp</dimen>
    <dimen name="x541">240.44dp</dimen>
    <dimen name="x542">240.89dp</dimen>
    <dimen name="x543">241.33dp</dimen>
    <dimen name="x544">241.78dp</dimen>
    <dimen name="x545">242.22dp</dimen>
    <dimen name="x546">242.67dp</dimen>
    <dimen name="x547">243.11dp</dimen>
    <dimen name="x548">243.56dp</dimen>
    <dimen name="x549">244.00dp</dimen>
    <dimen name="x550">244.44dp</dimen>
    <dimen name="x551">244.89dp</dimen>
    <dimen name="x552">245.33dp</dimen>
    <dimen name="x553">245.78dp</dimen>
    <dimen name="x554">246.22dp</dimen>
    <dimen name="x555">246.67dp</dimen>
    <dimen name="x556">247.11dp</dimen>
    <dimen name="x557">247.56dp</dimen>
    <dimen name="x558">248.00dp</dimen>
    <dimen name="x559">248.44dp</dimen>
    <dimen name="x560">248.89dp</dimen>
    <dimen name="x561">249.33dp</dimen>
    <dimen name="x562">249.78dp</dimen>
    <dimen name="x563">250.22dp</dimen>
    <dimen name="x564">250.67dp</dimen>
    <dimen name="x565">251.11dp</dimen>
    <dimen name="x566">251.56dp</dimen>
    <dimen name="x567">252.00dp</dimen>
    <dimen name="x568">252.44dp</dimen>
    <dimen name="x569">252.89dp</dimen>
    <dimen name="x570">253.33dp</dimen>
    <dimen name="x571">253.78dp</dimen>
    <dimen name="x572">254.22dp</dimen>
    <dimen name="x573">254.67dp</dimen>
    <dimen name="x574">255.11dp</dimen>
    <dimen name="x575">255.56dp</dimen>
    <dimen name="x576">256.00dp</dimen>
    <dimen name="x577">256.44dp</dimen>
    <dimen name="x578">256.89dp</dimen>
    <dimen name="x579">257.33dp</dimen>
    <dimen name="x580">257.78dp</dimen>
    <dimen name="x581">258.22dp</dimen>
    <dimen name="x582">258.67dp</dimen>
    <dimen name="x583">259.11dp</dimen>
    <dimen name="x584">259.56dp</dimen>
    <dimen name="x585">260.00dp</dimen>
    <dimen name="x586">260.44dp</dimen>
    <dimen name="x587">260.89dp</dimen>
    <dimen name="x588">261.33dp</dimen>
    <dimen name="x589">261.78dp</dimen>
    <dimen name="x590">262.22dp</dimen>
    <dimen name="x591">262.67dp</dimen>
    <dimen name="x592">263.11dp</dimen>
    <dimen name="x593">263.56dp</dimen>
    <dimen name="x594">264.00dp</dimen>
    <dimen name="x595">264.44dp</dimen>
    <dimen name="x596">264.89dp</dimen>
    <dimen name="x597">265.33dp</dimen>
    <dimen name="x598">265.78dp</dimen>
    <dimen name="x599">266.22dp</dimen>
    <dimen name="x600">266.67dp</dimen>
    <dimen name="x601">267.11dp</dimen>
    <dimen name="x602">267.56dp</dimen>
    <dimen name="x603">268.00dp</dimen>
    <dimen name="x604">268.44dp</dimen>
    <dimen name="x605">268.89dp</dimen>
    <dimen name="x606">269.33dp</dimen>
    <dimen name="x607">269.78dp</dimen>
    <dimen name="x608">270.22dp</dimen>
    <dimen name="x609">270.67dp</dimen>
    <dimen name="x610">271.11dp</dimen>
    <dimen name="x611">271.56dp</dimen>
    <dimen name="x612">272.00dp</dimen>
    <dimen name="x613">272.44dp</dimen>
    <dimen name="x614">272.89dp</dimen>
    <dimen name="x615">273.33dp</dimen>
    <dimen name="x616">273.78dp</dimen>
    <dimen name="x617">274.22dp</dimen>
    <dimen name="x618">274.67dp</dimen>
    <dimen name="x619">275.11dp</dimen>
    <dimen name="x620">275.56dp</dimen>
    <dimen name="x621">276.00dp</dimen>
    <dimen name="x622">276.44dp</dimen>
    <dimen name="x623">276.89dp</dimen>
    <dimen name="x624">277.33dp</dimen>
    <dimen name="x625">277.78dp</dimen>
    <dimen name="x626">278.22dp</dimen>
    <dimen name="x627">278.67dp</dimen>
    <dimen name="x628">279.11dp</dimen>
    <dimen name="x629">279.56dp</dimen>
    <dimen name="x630">280.00dp</dimen>
    <dimen name="x631">280.44dp</dimen>
    <dimen name="x632">280.89dp</dimen>
    <dimen name="x633">281.33dp</dimen>
    <dimen name="x634">281.78dp</dimen>
    <dimen name="x635">282.22dp</dimen>
    <dimen name="x636">282.67dp</dimen>
    <dimen name="x637">283.11dp</dimen>
    <dimen name="x638">283.56dp</dimen>
    <dimen name="x639">284.00dp</dimen>
    <dimen name="x640">284.44dp</dimen>
    <dimen name="x641">284.89dp</dimen>
    <dimen name="x642">285.33dp</dimen>
    <dimen name="x643">285.78dp</dimen>
    <dimen name="x644">286.22dp</dimen>
    <dimen name="x645">286.67dp</dimen>
    <dimen name="x646">287.11dp</dimen>
    <dimen name="x647">287.56dp</dimen>
    <dimen name="x648">288.00dp</dimen>
    <dimen name="x649">288.44dp</dimen>
    <dimen name="x650">288.89dp</dimen>
    <dimen name="x651">289.33dp</dimen>
    <dimen name="x652">289.78dp</dimen>
    <dimen name="x653">290.22dp</dimen>
    <dimen name="x654">290.67dp</dimen>
    <dimen name="x655">291.11dp</dimen>
    <dimen name="x656">291.56dp</dimen>
    <dimen name="x657">292.00dp</dimen>
    <dimen name="x658">292.44dp</dimen>
    <dimen name="x659">292.89dp</dimen>
    <dimen name="x660">293.33dp</dimen>
    <dimen name="x661">293.78dp</dimen>
    <dimen name="x662">294.22dp</dimen>
    <dimen name="x663">294.67dp</dimen>
    <dimen name="x664">295.11dp</dimen>
    <dimen name="x665">295.56dp</dimen>
    <dimen name="x666">296.00dp</dimen>
    <dimen name="x667">296.44dp</dimen>
    <dimen name="x668">296.89dp</dimen>
    <dimen name="x669">297.33dp</dimen>
    <dimen name="x670">297.78dp</dimen>
    <dimen name="x671">298.22dp</dimen>
    <dimen name="x672">298.67dp</dimen>
    <dimen name="x673">299.11dp</dimen>
    <dimen name="x674">299.56dp</dimen>
    <dimen name="x675">300.00dp</dimen>
    <dimen name="x676">300.44dp</dimen>
    <dimen name="x677">300.89dp</dimen>
    <dimen name="x678">301.33dp</dimen>
    <dimen name="x679">301.78dp</dimen>
    <dimen name="x680">302.22dp</dimen>
    <dimen name="x681">302.67dp</dimen>
    <dimen name="x682">303.11dp</dimen>
    <dimen name="x683">303.56dp</dimen>
    <dimen name="x684">304.00dp</dimen>
    <dimen name="x685">304.44dp</dimen>
    <dimen name="x686">304.89dp</dimen>
    <dimen name="x687">305.33dp</dimen>
    <dimen name="x688">305.78dp</dimen>
    <dimen name="x689">306.22dp</dimen>
    <dimen name="x690">306.67dp</dimen>
    <dimen name="x691">307.11dp</dimen>
    <dimen name="x692">307.56dp</dimen>
    <dimen name="x693">308.00dp</dimen>
    <dimen name="x694">308.44dp</dimen>
    <dimen name="x695">308.89dp</dimen>
    <dimen name="x696">309.33dp</dimen>
    <dimen name="x697">309.78dp</dimen>
    <dimen name="x698">310.22dp</dimen>
    <dimen name="x699">310.67dp</dimen>
    <dimen name="x700">311.11dp</dimen>
    <dimen name="x701">311.56dp</dimen>
    <dimen name="x702">312.00dp</dimen>
    <dimen name="x703">312.44dp</dimen>
    <dimen name="x704">312.89dp</dimen>
    <dimen name="x705">313.33dp</dimen>
    <dimen name="x706">313.78dp</dimen>
    <dimen name="x707">314.22dp</dimen>
    <dimen name="x708">314.67dp</dimen>
    <dimen name="x709">315.11dp</dimen>
    <dimen name="x710">315.56dp</dimen>
    <dimen name="x711">316.00dp</dimen>
    <dimen name="x712">316.44dp</dimen>
    <dimen name="x713">316.89dp</dimen>
    <dimen name="x714">317.33dp</dimen>
    <dimen name="x715">317.78dp</dimen>
    <dimen name="x716">318.22dp</dimen>
    <dimen name="x717">318.67dp</dimen>
    <dimen name="x718">319.11dp</dimen>
    <dimen name="x719">319.56dp</dimen>
    <dimen name="x720">320.00dp</dimen>
    <dimen name="x721">320.44dp</dimen>
    <dimen name="x722">320.89dp</dimen>
    <dimen name="x723">321.33dp</dimen>
    <dimen name="x724">321.78dp</dimen>
    <dimen name="x725">322.22dp</dimen>
    <dimen name="x726">322.67dp</dimen>
    <dimen name="x727">323.11dp</dimen>
    <dimen name="x728">323.56dp</dimen>
    <dimen name="x729">324.00dp</dimen>
    <dimen name="x730">324.44dp</dimen>
    <dimen name="x731">324.89dp</dimen>
    <dimen name="x732">325.33dp</dimen>
    <dimen name="x733">325.78dp</dimen>
    <dimen name="x734">326.22dp</dimen>
    <dimen name="x735">326.67dp</dimen>
    <dimen name="x736">327.11dp</dimen>
    <dimen name="x737">327.56dp</dimen>
    <dimen name="x738">328.00dp</dimen>
    <dimen name="x739">328.44dp</dimen>
    <dimen name="x740">328.89dp</dimen>
    <dimen name="x741">329.33dp</dimen>
    <dimen name="x742">329.78dp</dimen>
    <dimen name="x743">330.22dp</dimen>
    <dimen name="x744">330.67dp</dimen>
    <dimen name="x745">331.11dp</dimen>
    <dimen name="x746">331.56dp</dimen>
    <dimen name="x747">332.00dp</dimen>
    <dimen name="x748">332.44dp</dimen>
    <dimen name="x749">332.89dp</dimen>
    <dimen name="x750">333.33dp</dimen>
    <dimen name="x751">333.78dp</dimen>
    <dimen name="x752">334.22dp</dimen>
    <dimen name="x753">334.67dp</dimen>
    <dimen name="x754">335.11dp</dimen>
    <dimen name="x755">335.56dp</dimen>
    <dimen name="x756">336.00dp</dimen>
    <dimen name="x757">336.44dp</dimen>
    <dimen name="x758">336.89dp</dimen>
    <dimen name="x759">337.33dp</dimen>
    <dimen name="x760">337.78dp</dimen>
    <dimen name="x761">338.22dp</dimen>
    <dimen name="x762">338.67dp</dimen>
    <dimen name="x763">339.11dp</dimen>
    <dimen name="x764">339.56dp</dimen>
    <dimen name="x765">340.00dp</dimen>
    <dimen name="x766">340.44dp</dimen>
    <dimen name="x767">340.89dp</dimen>
    <dimen name="x768">341.33dp</dimen>
    <dimen name="x769">341.78dp</dimen>
    <dimen name="x770">342.22dp</dimen>
    <dimen name="x771">342.67dp</dimen>
    <dimen name="x772">343.11dp</dimen>
    <dimen name="x773">343.56dp</dimen>
    <dimen name="x774">344.00dp</dimen>
    <dimen name="x775">344.44dp</dimen>
    <dimen name="x776">344.89dp</dimen>
    <dimen name="x777">345.33dp</dimen>
    <dimen name="x778">345.78dp</dimen>
    <dimen name="x779">346.22dp</dimen>
    <dimen name="x780">346.67dp</dimen>
    <dimen name="x781">347.11dp</dimen>
    <dimen name="x782">347.56dp</dimen>
    <dimen name="x783">348.00dp</dimen>
    <dimen name="x784">348.44dp</dimen>
    <dimen name="x785">348.89dp</dimen>
    <dimen name="x786">349.33dp</dimen>
    <dimen name="x787">349.78dp</dimen>
    <dimen name="x788">350.22dp</dimen>
    <dimen name="x789">350.67dp</dimen>
    <dimen name="x790">351.11dp</dimen>
    <dimen name="x791">351.56dp</dimen>
    <dimen name="x792">352.00dp</dimen>
    <dimen name="x793">352.44dp</dimen>
    <dimen name="x794">352.89dp</dimen>
    <dimen name="x795">353.33dp</dimen>
    <dimen name="x796">353.78dp</dimen>
    <dimen name="x797">354.22dp</dimen>
    <dimen name="x798">354.67dp</dimen>
    <dimen name="x799">355.11dp</dimen>
    <dimen name="x800">355.56dp</dimen>
    <dimen name="x801">356.00dp</dimen>
    <dimen name="x802">356.44dp</dimen>
    <dimen name="x803">356.89dp</dimen>
    <dimen name="x804">357.33dp</dimen>
    <dimen name="x805">357.78dp</dimen>
    <dimen name="x806">358.22dp</dimen>
    <dimen name="x807">358.67dp</dimen>
    <dimen name="x808">359.11dp</dimen>
    <dimen name="x809">359.56dp</dimen>
    <dimen name="x810">360.00dp</dimen>
    <dimen name="x811">360.44dp</dimen>
    <dimen name="x812">360.89dp</dimen>
    <dimen name="x813">361.33dp</dimen>
    <dimen name="x814">361.78dp</dimen>
    <dimen name="x815">362.22dp</dimen>
    <dimen name="x816">362.67dp</dimen>
    <dimen name="x817">363.11dp</dimen>
    <dimen name="x818">363.56dp</dimen>
    <dimen name="x819">364.00dp</dimen>
    <dimen name="x820">364.44dp</dimen>
    <dimen name="x821">364.89dp</dimen>
    <dimen name="x822">365.33dp</dimen>
    <dimen name="x823">365.78dp</dimen>
    <dimen name="x824">366.22dp</dimen>
    <dimen name="x825">366.67dp</dimen>
    <dimen name="x826">367.11dp</dimen>
    <dimen name="x827">367.56dp</dimen>
    <dimen name="x828">368.00dp</dimen>
    <dimen name="x829">368.44dp</dimen>
    <dimen name="x830">368.89dp</dimen>
    <dimen name="x831">369.33dp</dimen>
    <dimen name="x832">369.78dp</dimen>
    <dimen name="x833">370.22dp</dimen>
    <dimen name="x834">370.67dp</dimen>
    <dimen name="x835">371.11dp</dimen>
    <dimen name="x836">371.56dp</dimen>
    <dimen name="x837">372.00dp</dimen>
    <dimen name="x838">372.44dp</dimen>
    <dimen name="x839">372.89dp</dimen>
    <dimen name="x840">373.33dp</dimen>
    <dimen name="x841">373.78dp</dimen>
    <dimen name="x842">374.22dp</dimen>
    <dimen name="x843">374.67dp</dimen>
    <dimen name="x844">375.11dp</dimen>
    <dimen name="x845">375.56dp</dimen>
    <dimen name="x846">376.00dp</dimen>
    <dimen name="x847">376.44dp</dimen>
    <dimen name="x848">376.89dp</dimen>
    <dimen name="x849">377.33dp</dimen>
    <dimen name="x850">377.78dp</dimen>
    <dimen name="x851">378.22dp</dimen>
    <dimen name="x852">378.67dp</dimen>
    <dimen name="x853">379.11dp</dimen>
    <dimen name="x854">379.56dp</dimen>
    <dimen name="x855">380.00dp</dimen>
    <dimen name="x856">380.44dp</dimen>
    <dimen name="x857">380.89dp</dimen>
    <dimen name="x858">381.33dp</dimen>
    <dimen name="x859">381.78dp</dimen>
    <dimen name="x860">382.22dp</dimen>
    <dimen name="x861">382.67dp</dimen>
    <dimen name="x862">383.11dp</dimen>
    <dimen name="x863">383.56dp</dimen>
    <dimen name="x864">384.00dp</dimen>
    <dimen name="x865">384.44dp</dimen>
    <dimen name="x866">384.89dp</dimen>
    <dimen name="x867">385.33dp</dimen>
    <dimen name="x868">385.78dp</dimen>
    <dimen name="x869">386.22dp</dimen>
    <dimen name="x870">386.67dp</dimen>
    <dimen name="x871">387.11dp</dimen>
    <dimen name="x872">387.56dp</dimen>
    <dimen name="x873">388.00dp</dimen>
    <dimen name="x874">388.44dp</dimen>
    <dimen name="x875">388.89dp</dimen>
    <dimen name="x876">389.33dp</dimen>
    <dimen name="x877">389.78dp</dimen>
    <dimen name="x878">390.22dp</dimen>
    <dimen name="x879">390.67dp</dimen>
    <dimen name="x880">391.11dp</dimen>
    <dimen name="x881">391.56dp</dimen>
    <dimen name="x882">392.00dp</dimen>
    <dimen name="x883">392.44dp</dimen>
    <dimen name="x884">392.89dp</dimen>
    <dimen name="x885">393.33dp</dimen>
    <dimen name="x886">393.78dp</dimen>
    <dimen name="x887">394.22dp</dimen>
    <dimen name="x888">394.67dp</dimen>
    <dimen name="x889">395.11dp</dimen>
    <dimen name="x890">395.56dp</dimen>
    <dimen name="x891">396.00dp</dimen>
    <dimen name="x892">396.44dp</dimen>
    <dimen name="x893">396.89dp</dimen>
    <dimen name="x894">397.33dp</dimen>
    <dimen name="x895">397.78dp</dimen>
    <dimen name="x896">398.22dp</dimen>
    <dimen name="x897">398.67dp</dimen>
    <dimen name="x898">399.11dp</dimen>
    <dimen name="x899">399.56dp</dimen>
    <dimen name="x900">400.00dp</dimen>
    <dimen name="x901">400.44dp</dimen>
    <dimen name="x902">400.89dp</dimen>
    <dimen name="x903">401.33dp</dimen>
    <dimen name="x904">401.78dp</dimen>
    <dimen name="x905">402.22dp</dimen>
    <dimen name="x906">402.67dp</dimen>
    <dimen name="x907">403.11dp</dimen>
    <dimen name="x908">403.56dp</dimen>
    <dimen name="x909">404.00dp</dimen>
    <dimen name="x910">404.44dp</dimen>
    <dimen name="x911">404.89dp</dimen>
    <dimen name="x912">405.33dp</dimen>
    <dimen name="x913">405.78dp</dimen>
    <dimen name="x914">406.22dp</dimen>
    <dimen name="x915">406.67dp</dimen>
    <dimen name="x916">407.11dp</dimen>
    <dimen name="x917">407.56dp</dimen>
    <dimen name="x918">408.00dp</dimen>
    <dimen name="x919">408.44dp</dimen>
    <dimen name="x920">408.89dp</dimen>
    <dimen name="x921">409.33dp</dimen>
    <dimen name="x922">409.78dp</dimen>
    <dimen name="x923">410.22dp</dimen>
    <dimen name="x924">410.67dp</dimen>
    <dimen name="x925">411.11dp</dimen>
    <dimen name="x926">411.56dp</dimen>
    <dimen name="x927">412.00dp</dimen>
    <dimen name="x928">412.44dp</dimen>
    <dimen name="x929">412.89dp</dimen>
    <dimen name="x930">413.33dp</dimen>
    <dimen name="x931">413.78dp</dimen>
    <dimen name="x932">414.22dp</dimen>
    <dimen name="x933">414.67dp</dimen>
    <dimen name="x934">415.11dp</dimen>
    <dimen name="x935">415.56dp</dimen>
    <dimen name="x936">416.00dp</dimen>
    <dimen name="x937">416.44dp</dimen>
    <dimen name="x938">416.89dp</dimen>
    <dimen name="x939">417.33dp</dimen>
    <dimen name="x940">417.78dp</dimen>
    <dimen name="x941">418.22dp</dimen>
    <dimen name="x942">418.67dp</dimen>
    <dimen name="x943">419.11dp</dimen>
    <dimen name="x944">419.56dp</dimen>
    <dimen name="x945">420.00dp</dimen>
    <dimen name="x946">420.44dp</dimen>
    <dimen name="x947">420.89dp</dimen>
    <dimen name="x948">421.33dp</dimen>
    <dimen name="x949">421.78dp</dimen>
    <dimen name="x950">422.22dp</dimen>
    <dimen name="x951">422.67dp</dimen>
    <dimen name="x952">423.11dp</dimen>
    <dimen name="x953">423.56dp</dimen>
    <dimen name="x954">424.00dp</dimen>
    <dimen name="x955">424.44dp</dimen>
    <dimen name="x956">424.89dp</dimen>
    <dimen name="x957">425.33dp</dimen>
    <dimen name="x958">425.78dp</dimen>
    <dimen name="x959">426.22dp</dimen>
    <dimen name="x960">426.67dp</dimen>
    <dimen name="x961">427.11dp</dimen>
    <dimen name="x962">427.56dp</dimen>
    <dimen name="x963">428.00dp</dimen>
    <dimen name="x964">428.44dp</dimen>
    <dimen name="x965">428.89dp</dimen>
    <dimen name="x966">429.33dp</dimen>
    <dimen name="x967">429.78dp</dimen>
    <dimen name="x968">430.22dp</dimen>
    <dimen name="x969">430.67dp</dimen>
    <dimen name="x970">431.11dp</dimen>
    <dimen name="x971">431.56dp</dimen>
    <dimen name="x972">432.00dp</dimen>
    <dimen name="x973">432.44dp</dimen>
    <dimen name="x974">432.89dp</dimen>
    <dimen name="x975">433.33dp</dimen>
    <dimen name="x976">433.78dp</dimen>
    <dimen name="x977">434.22dp</dimen>
    <dimen name="x978">434.67dp</dimen>
    <dimen name="x979">435.11dp</dimen>
    <dimen name="x980">435.56dp</dimen>
    <dimen name="x981">436.00dp</dimen>
    <dimen name="x982">436.44dp</dimen>
    <dimen name="x983">436.89dp</dimen>
    <dimen name="x984">437.33dp</dimen>
    <dimen name="x985">437.78dp</dimen>
    <dimen name="x986">438.22dp</dimen>
    <dimen name="x987">438.67dp</dimen>
    <dimen name="x988">439.11dp</dimen>
    <dimen name="x989">439.56dp</dimen>
    <dimen name="x990">440.00dp</dimen>
    <dimen name="x991">440.44dp</dimen>
    <dimen name="x992">440.89dp</dimen>
    <dimen name="x993">441.33dp</dimen>
    <dimen name="x994">441.78dp</dimen>
    <dimen name="x995">442.22dp</dimen>
    <dimen name="x996">442.67dp</dimen>
    <dimen name="x997">443.11dp</dimen>
    <dimen name="x998">443.56dp</dimen>
    <dimen name="x999">444.00dp</dimen>
    <dimen name="x1000">444.44dp</dimen>
    <dimen name="x1001">444.89dp</dimen>
    <dimen name="x1002">445.33dp</dimen>
    <dimen name="x1003">445.78dp</dimen>
    <dimen name="x1004">446.22dp</dimen>
    <dimen name="x1005">446.67dp</dimen>
    <dimen name="x1006">447.11dp</dimen>
    <dimen name="x1007">447.56dp</dimen>
    <dimen name="x1008">448.00dp</dimen>
    <dimen name="x1009">448.44dp</dimen>
    <dimen name="x1010">448.89dp</dimen>
    <dimen name="x1011">449.33dp</dimen>
    <dimen name="x1012">449.78dp</dimen>
    <dimen name="x1013">450.22dp</dimen>
    <dimen name="x1014">450.67dp</dimen>
    <dimen name="x1015">451.11dp</dimen>
    <dimen name="x1016">451.56dp</dimen>
    <dimen name="x1017">452.00dp</dimen>
    <dimen name="x1018">452.44dp</dimen>
    <dimen name="x1019">452.89dp</dimen>
    <dimen name="x1020">453.33dp</dimen>
    <dimen name="x1021">453.78dp</dimen>
    <dimen name="x1022">454.22dp</dimen>
    <dimen name="x1023">454.67dp</dimen>
    <dimen name="x1024">455.11dp</dimen>
    <dimen name="x1025">455.56dp</dimen>
    <dimen name="x1026">456.00dp</dimen>
    <dimen name="x1027">456.44dp</dimen>
    <dimen name="x1028">456.89dp</dimen>
    <dimen name="x1029">457.33dp</dimen>
    <dimen name="x1030">457.78dp</dimen>
    <dimen name="x1031">458.22dp</dimen>
    <dimen name="x1032">458.67dp</dimen>
    <dimen name="x1033">459.11dp</dimen>
    <dimen name="x1034">459.56dp</dimen>
    <dimen name="x1035">460.00dp</dimen>
    <dimen name="x1036">460.44dp</dimen>
    <dimen name="x1037">460.89dp</dimen>
    <dimen name="x1038">461.33dp</dimen>
    <dimen name="x1039">461.78dp</dimen>
    <dimen name="x1040">462.22dp</dimen>
    <dimen name="x1041">462.67dp</dimen>
    <dimen name="x1042">463.11dp</dimen>
    <dimen name="x1043">463.56dp</dimen>
    <dimen name="x1044">464.00dp</dimen>
    <dimen name="x1045">464.44dp</dimen>
    <dimen name="x1046">464.89dp</dimen>
    <dimen name="x1047">465.33dp</dimen>
    <dimen name="x1048">465.78dp</dimen>
    <dimen name="x1049">466.22dp</dimen>
    <dimen name="x1050">466.67dp</dimen>
    <dimen name="x1051">467.11dp</dimen>
    <dimen name="x1052">467.56dp</dimen>
    <dimen name="x1053">468.00dp</dimen>
    <dimen name="x1054">468.44dp</dimen>
    <dimen name="x1055">468.89dp</dimen>
    <dimen name="x1056">469.33dp</dimen>
    <dimen name="x1057">469.78dp</dimen>
    <dimen name="x1058">470.22dp</dimen>
    <dimen name="x1059">470.67dp</dimen>
    <dimen name="x1060">471.11dp</dimen>
    <dimen name="x1061">471.56dp</dimen>
    <dimen name="x1062">472.00dp</dimen>
    <dimen name="x1063">472.44dp</dimen>
    <dimen name="x1064">472.89dp</dimen>
    <dimen name="x1065">473.33dp</dimen>
    <dimen name="x1066">473.78dp</dimen>
    <dimen name="x1067">474.22dp</dimen>
    <dimen name="x1068">474.67dp</dimen>
    <dimen name="x1069">475.11dp</dimen>
    <dimen name="x1070">475.56dp</dimen>
    <dimen name="x1071">476.00dp</dimen>
    <dimen name="x1072">476.44dp</dimen>
    <dimen name="x1073">476.89dp</dimen>
    <dimen name="x1074">477.33dp</dimen>
    <dimen name="x1075">477.78dp</dimen>
    <dimen name="x1076">478.22dp</dimen>
    <dimen name="x1077">478.67dp</dimen>
    <dimen name="x1078">479.11dp</dimen>
    <dimen name="x1079">479.56dp</dimen>
    <dimen name="x1080">480.00dp</dimen>
</resources>