<?xml version="1.0" encoding="utf-8"?>
<resources>
    <string name="sw_dp">1380dp</string>
    <dimen name="x1">1.28dp</dimen>
    <dimen name="x2">2.56dp</dimen>
    <dimen name="x3">3.83dp</dimen>
    <dimen name="x4">5.11dp</dimen>
    <dimen name="x5">6.39dp</dimen>
    <dimen name="x6">7.67dp</dimen>
    <dimen name="x7">8.94dp</dimen>
    <dimen name="x8">10.22dp</dimen>
    <dimen name="x9">11.50dp</dimen>
    <dimen name="x10">12.78dp</dimen>
    <dimen name="x11">14.06dp</dimen>
    <dimen name="x12">15.33dp</dimen>
    <dimen name="x13">16.61dp</dimen>
    <dimen name="x14">17.89dp</dimen>
    <dimen name="x15">19.17dp</dimen>
    <dimen name="x16">20.44dp</dimen>
    <dimen name="x17">21.72dp</dimen>
    <dimen name="x18">23.00dp</dimen>
    <dimen name="x19">24.28dp</dimen>
    <dimen name="x20">25.56dp</dimen>
    <dimen name="x21">26.83dp</dimen>
    <dimen name="x22">28.11dp</dimen>
    <dimen name="x23">29.39dp</dimen>
    <dimen name="x24">30.67dp</dimen>
    <dimen name="x25">31.94dp</dimen>
    <dimen name="x26">33.22dp</dimen>
    <dimen name="x27">34.50dp</dimen>
    <dimen name="x28">35.78dp</dimen>
    <dimen name="x29">37.06dp</dimen>
    <dimen name="x30">38.33dp</dimen>
    <dimen name="x31">39.61dp</dimen>
    <dimen name="x32">40.89dp</dimen>
    <dimen name="x33">42.17dp</dimen>
    <dimen name="x34">43.44dp</dimen>
    <dimen name="x35">44.72dp</dimen>
    <dimen name="x36">46.00dp</dimen>
    <dimen name="x37">47.28dp</dimen>
    <dimen name="x38">48.56dp</dimen>
    <dimen name="x39">49.83dp</dimen>
    <dimen name="x40">51.11dp</dimen>
    <dimen name="x41">52.39dp</dimen>
    <dimen name="x42">53.67dp</dimen>
    <dimen name="x43">54.94dp</dimen>
    <dimen name="x44">56.22dp</dimen>
    <dimen name="x45">57.50dp</dimen>
    <dimen name="x46">58.78dp</dimen>
    <dimen name="x47">60.06dp</dimen>
    <dimen name="x48">61.33dp</dimen>
    <dimen name="x49">62.61dp</dimen>
    <dimen name="x50">63.89dp</dimen>
    <dimen name="x51">65.17dp</dimen>
    <dimen name="x52">66.44dp</dimen>
    <dimen name="x53">67.72dp</dimen>
    <dimen name="x54">69.00dp</dimen>
    <dimen name="x55">70.28dp</dimen>
    <dimen name="x56">71.56dp</dimen>
    <dimen name="x57">72.83dp</dimen>
    <dimen name="x58">74.11dp</dimen>
    <dimen name="x59">75.39dp</dimen>
    <dimen name="x60">76.67dp</dimen>
    <dimen name="x61">77.94dp</dimen>
    <dimen name="x62">79.22dp</dimen>
    <dimen name="x63">80.50dp</dimen>
    <dimen name="x64">81.78dp</dimen>
    <dimen name="x65">83.06dp</dimen>
    <dimen name="x66">84.33dp</dimen>
    <dimen name="x67">85.61dp</dimen>
    <dimen name="x68">86.89dp</dimen>
    <dimen name="x69">88.17dp</dimen>
    <dimen name="x70">89.44dp</dimen>
    <dimen name="x71">90.72dp</dimen>
    <dimen name="x72">92.00dp</dimen>
    <dimen name="x73">93.28dp</dimen>
    <dimen name="x74">94.56dp</dimen>
    <dimen name="x75">95.83dp</dimen>
    <dimen name="x76">97.11dp</dimen>
    <dimen name="x77">98.39dp</dimen>
    <dimen name="x78">99.67dp</dimen>
    <dimen name="x79">100.94dp</dimen>
    <dimen name="x80">102.22dp</dimen>
    <dimen name="x81">103.50dp</dimen>
    <dimen name="x82">104.78dp</dimen>
    <dimen name="x83">106.06dp</dimen>
    <dimen name="x84">107.33dp</dimen>
    <dimen name="x85">108.61dp</dimen>
    <dimen name="x86">109.89dp</dimen>
    <dimen name="x87">111.17dp</dimen>
    <dimen name="x88">112.44dp</dimen>
    <dimen name="x89">113.72dp</dimen>
    <dimen name="x90">115.00dp</dimen>
    <dimen name="x91">116.28dp</dimen>
    <dimen name="x92">117.56dp</dimen>
    <dimen name="x93">118.83dp</dimen>
    <dimen name="x94">120.11dp</dimen>
    <dimen name="x95">121.39dp</dimen>
    <dimen name="x96">122.67dp</dimen>
    <dimen name="x97">123.94dp</dimen>
    <dimen name="x98">125.22dp</dimen>
    <dimen name="x99">126.50dp</dimen>
    <dimen name="x100">127.78dp</dimen>
    <dimen name="x101">129.06dp</dimen>
    <dimen name="x102">130.33dp</dimen>
    <dimen name="x103">131.61dp</dimen>
    <dimen name="x104">132.89dp</dimen>
    <dimen name="x105">134.17dp</dimen>
    <dimen name="x106">135.44dp</dimen>
    <dimen name="x107">136.72dp</dimen>
    <dimen name="x108">138.00dp</dimen>
    <dimen name="x109">139.28dp</dimen>
    <dimen name="x110">140.56dp</dimen>
    <dimen name="x111">141.83dp</dimen>
    <dimen name="x112">143.11dp</dimen>
    <dimen name="x113">144.39dp</dimen>
    <dimen name="x114">145.67dp</dimen>
    <dimen name="x115">146.94dp</dimen>
    <dimen name="x116">148.22dp</dimen>
    <dimen name="x117">149.50dp</dimen>
    <dimen name="x118">150.78dp</dimen>
    <dimen name="x119">152.06dp</dimen>
    <dimen name="x120">153.33dp</dimen>
    <dimen name="x121">154.61dp</dimen>
    <dimen name="x122">155.89dp</dimen>
    <dimen name="x123">157.17dp</dimen>
    <dimen name="x124">158.44dp</dimen>
    <dimen name="x125">159.72dp</dimen>
    <dimen name="x126">161.00dp</dimen>
    <dimen name="x127">162.28dp</dimen>
    <dimen name="x128">163.56dp</dimen>
    <dimen name="x129">164.83dp</dimen>
    <dimen name="x130">166.11dp</dimen>
    <dimen name="x131">167.39dp</dimen>
    <dimen name="x132">168.67dp</dimen>
    <dimen name="x133">169.94dp</dimen>
    <dimen name="x134">171.22dp</dimen>
    <dimen name="x135">172.50dp</dimen>
    <dimen name="x136">173.78dp</dimen>
    <dimen name="x137">175.06dp</dimen>
    <dimen name="x138">176.33dp</dimen>
    <dimen name="x139">177.61dp</dimen>
    <dimen name="x140">178.89dp</dimen>
    <dimen name="x141">180.17dp</dimen>
    <dimen name="x142">181.44dp</dimen>
    <dimen name="x143">182.72dp</dimen>
    <dimen name="x144">184.00dp</dimen>
    <dimen name="x145">185.28dp</dimen>
    <dimen name="x146">186.56dp</dimen>
    <dimen name="x147">187.83dp</dimen>
    <dimen name="x148">189.11dp</dimen>
    <dimen name="x149">190.39dp</dimen>
    <dimen name="x150">191.67dp</dimen>
    <dimen name="x151">192.94dp</dimen>
    <dimen name="x152">194.22dp</dimen>
    <dimen name="x153">195.50dp</dimen>
    <dimen name="x154">196.78dp</dimen>
    <dimen name="x155">198.06dp</dimen>
    <dimen name="x156">199.33dp</dimen>
    <dimen name="x157">200.61dp</dimen>
    <dimen name="x158">201.89dp</dimen>
    <dimen name="x159">203.17dp</dimen>
    <dimen name="x160">204.44dp</dimen>
    <dimen name="x161">205.72dp</dimen>
    <dimen name="x162">207.00dp</dimen>
    <dimen name="x163">208.28dp</dimen>
    <dimen name="x164">209.56dp</dimen>
    <dimen name="x165">210.83dp</dimen>
    <dimen name="x166">212.11dp</dimen>
    <dimen name="x167">213.39dp</dimen>
    <dimen name="x168">214.67dp</dimen>
    <dimen name="x169">215.94dp</dimen>
    <dimen name="x170">217.22dp</dimen>
    <dimen name="x171">218.50dp</dimen>
    <dimen name="x172">219.78dp</dimen>
    <dimen name="x173">221.06dp</dimen>
    <dimen name="x174">222.33dp</dimen>
    <dimen name="x175">223.61dp</dimen>
    <dimen name="x176">224.89dp</dimen>
    <dimen name="x177">226.17dp</dimen>
    <dimen name="x178">227.44dp</dimen>
    <dimen name="x179">228.72dp</dimen>
    <dimen name="x180">230.00dp</dimen>
    <dimen name="x181">231.28dp</dimen>
    <dimen name="x182">232.56dp</dimen>
    <dimen name="x183">233.83dp</dimen>
    <dimen name="x184">235.11dp</dimen>
    <dimen name="x185">236.39dp</dimen>
    <dimen name="x186">237.67dp</dimen>
    <dimen name="x187">238.94dp</dimen>
    <dimen name="x188">240.22dp</dimen>
    <dimen name="x189">241.50dp</dimen>
    <dimen name="x190">242.78dp</dimen>
    <dimen name="x191">244.06dp</dimen>
    <dimen name="x192">245.33dp</dimen>
    <dimen name="x193">246.61dp</dimen>
    <dimen name="x194">247.89dp</dimen>
    <dimen name="x195">249.17dp</dimen>
    <dimen name="x196">250.44dp</dimen>
    <dimen name="x197">251.72dp</dimen>
    <dimen name="x198">253.00dp</dimen>
    <dimen name="x199">254.28dp</dimen>
    <dimen name="x200">255.56dp</dimen>
    <dimen name="x201">256.83dp</dimen>
    <dimen name="x202">258.11dp</dimen>
    <dimen name="x203">259.39dp</dimen>
    <dimen name="x204">260.67dp</dimen>
    <dimen name="x205">261.94dp</dimen>
    <dimen name="x206">263.22dp</dimen>
    <dimen name="x207">264.50dp</dimen>
    <dimen name="x208">265.78dp</dimen>
    <dimen name="x209">267.06dp</dimen>
    <dimen name="x210">268.33dp</dimen>
    <dimen name="x211">269.61dp</dimen>
    <dimen name="x212">270.89dp</dimen>
    <dimen name="x213">272.17dp</dimen>
    <dimen name="x214">273.44dp</dimen>
    <dimen name="x215">274.72dp</dimen>
    <dimen name="x216">276.00dp</dimen>
    <dimen name="x217">277.28dp</dimen>
    <dimen name="x218">278.56dp</dimen>
    <dimen name="x219">279.83dp</dimen>
    <dimen name="x220">281.11dp</dimen>
    <dimen name="x221">282.39dp</dimen>
    <dimen name="x222">283.67dp</dimen>
    <dimen name="x223">284.94dp</dimen>
    <dimen name="x224">286.22dp</dimen>
    <dimen name="x225">287.50dp</dimen>
    <dimen name="x226">288.78dp</dimen>
    <dimen name="x227">290.06dp</dimen>
    <dimen name="x228">291.33dp</dimen>
    <dimen name="x229">292.61dp</dimen>
    <dimen name="x230">293.89dp</dimen>
    <dimen name="x231">295.17dp</dimen>
    <dimen name="x232">296.44dp</dimen>
    <dimen name="x233">297.72dp</dimen>
    <dimen name="x234">299.00dp</dimen>
    <dimen name="x235">300.28dp</dimen>
    <dimen name="x236">301.56dp</dimen>
    <dimen name="x237">302.83dp</dimen>
    <dimen name="x238">304.11dp</dimen>
    <dimen name="x239">305.39dp</dimen>
    <dimen name="x240">306.67dp</dimen>
    <dimen name="x241">307.94dp</dimen>
    <dimen name="x242">309.22dp</dimen>
    <dimen name="x243">310.50dp</dimen>
    <dimen name="x244">311.78dp</dimen>
    <dimen name="x245">313.06dp</dimen>
    <dimen name="x246">314.33dp</dimen>
    <dimen name="x247">315.61dp</dimen>
    <dimen name="x248">316.89dp</dimen>
    <dimen name="x249">318.17dp</dimen>
    <dimen name="x250">319.44dp</dimen>
    <dimen name="x251">320.72dp</dimen>
    <dimen name="x252">322.00dp</dimen>
    <dimen name="x253">323.28dp</dimen>
    <dimen name="x254">324.56dp</dimen>
    <dimen name="x255">325.83dp</dimen>
    <dimen name="x256">327.11dp</dimen>
    <dimen name="x257">328.39dp</dimen>
    <dimen name="x258">329.67dp</dimen>
    <dimen name="x259">330.94dp</dimen>
    <dimen name="x260">332.22dp</dimen>
    <dimen name="x261">333.50dp</dimen>
    <dimen name="x262">334.78dp</dimen>
    <dimen name="x263">336.06dp</dimen>
    <dimen name="x264">337.33dp</dimen>
    <dimen name="x265">338.61dp</dimen>
    <dimen name="x266">339.89dp</dimen>
    <dimen name="x267">341.17dp</dimen>
    <dimen name="x268">342.44dp</dimen>
    <dimen name="x269">343.72dp</dimen>
    <dimen name="x270">345.00dp</dimen>
    <dimen name="x271">346.28dp</dimen>
    <dimen name="x272">347.56dp</dimen>
    <dimen name="x273">348.83dp</dimen>
    <dimen name="x274">350.11dp</dimen>
    <dimen name="x275">351.39dp</dimen>
    <dimen name="x276">352.67dp</dimen>
    <dimen name="x277">353.94dp</dimen>
    <dimen name="x278">355.22dp</dimen>
    <dimen name="x279">356.50dp</dimen>
    <dimen name="x280">357.78dp</dimen>
    <dimen name="x281">359.06dp</dimen>
    <dimen name="x282">360.33dp</dimen>
    <dimen name="x283">361.61dp</dimen>
    <dimen name="x284">362.89dp</dimen>
    <dimen name="x285">364.17dp</dimen>
    <dimen name="x286">365.44dp</dimen>
    <dimen name="x287">366.72dp</dimen>
    <dimen name="x288">368.00dp</dimen>
    <dimen name="x289">369.28dp</dimen>
    <dimen name="x290">370.56dp</dimen>
    <dimen name="x291">371.83dp</dimen>
    <dimen name="x292">373.11dp</dimen>
    <dimen name="x293">374.39dp</dimen>
    <dimen name="x294">375.67dp</dimen>
    <dimen name="x295">376.94dp</dimen>
    <dimen name="x296">378.22dp</dimen>
    <dimen name="x297">379.50dp</dimen>
    <dimen name="x298">380.78dp</dimen>
    <dimen name="x299">382.06dp</dimen>
    <dimen name="x300">383.33dp</dimen>
    <dimen name="x301">384.61dp</dimen>
    <dimen name="x302">385.89dp</dimen>
    <dimen name="x303">387.17dp</dimen>
    <dimen name="x304">388.44dp</dimen>
    <dimen name="x305">389.72dp</dimen>
    <dimen name="x306">391.00dp</dimen>
    <dimen name="x307">392.28dp</dimen>
    <dimen name="x308">393.56dp</dimen>
    <dimen name="x309">394.83dp</dimen>
    <dimen name="x310">396.11dp</dimen>
    <dimen name="x311">397.39dp</dimen>
    <dimen name="x312">398.67dp</dimen>
    <dimen name="x313">399.94dp</dimen>
    <dimen name="x314">401.22dp</dimen>
    <dimen name="x315">402.50dp</dimen>
    <dimen name="x316">403.78dp</dimen>
    <dimen name="x317">405.06dp</dimen>
    <dimen name="x318">406.33dp</dimen>
    <dimen name="x319">407.61dp</dimen>
    <dimen name="x320">408.89dp</dimen>
    <dimen name="x321">410.17dp</dimen>
    <dimen name="x322">411.44dp</dimen>
    <dimen name="x323">412.72dp</dimen>
    <dimen name="x324">414.00dp</dimen>
    <dimen name="x325">415.28dp</dimen>
    <dimen name="x326">416.56dp</dimen>
    <dimen name="x327">417.83dp</dimen>
    <dimen name="x328">419.11dp</dimen>
    <dimen name="x329">420.39dp</dimen>
    <dimen name="x330">421.67dp</dimen>
    <dimen name="x331">422.94dp</dimen>
    <dimen name="x332">424.22dp</dimen>
    <dimen name="x333">425.50dp</dimen>
    <dimen name="x334">426.78dp</dimen>
    <dimen name="x335">428.06dp</dimen>
    <dimen name="x336">429.33dp</dimen>
    <dimen name="x337">430.61dp</dimen>
    <dimen name="x338">431.89dp</dimen>
    <dimen name="x339">433.17dp</dimen>
    <dimen name="x340">434.44dp</dimen>
    <dimen name="x341">435.72dp</dimen>
    <dimen name="x342">437.00dp</dimen>
    <dimen name="x343">438.28dp</dimen>
    <dimen name="x344">439.56dp</dimen>
    <dimen name="x345">440.83dp</dimen>
    <dimen name="x346">442.11dp</dimen>
    <dimen name="x347">443.39dp</dimen>
    <dimen name="x348">444.67dp</dimen>
    <dimen name="x349">445.94dp</dimen>
    <dimen name="x350">447.22dp</dimen>
    <dimen name="x351">448.50dp</dimen>
    <dimen name="x352">449.78dp</dimen>
    <dimen name="x353">451.06dp</dimen>
    <dimen name="x354">452.33dp</dimen>
    <dimen name="x355">453.61dp</dimen>
    <dimen name="x356">454.89dp</dimen>
    <dimen name="x357">456.17dp</dimen>
    <dimen name="x358">457.44dp</dimen>
    <dimen name="x359">458.72dp</dimen>
    <dimen name="x360">460.00dp</dimen>
    <dimen name="x361">461.28dp</dimen>
    <dimen name="x362">462.56dp</dimen>
    <dimen name="x363">463.83dp</dimen>
    <dimen name="x364">465.11dp</dimen>
    <dimen name="x365">466.39dp</dimen>
    <dimen name="x366">467.67dp</dimen>
    <dimen name="x367">468.94dp</dimen>
    <dimen name="x368">470.22dp</dimen>
    <dimen name="x369">471.50dp</dimen>
    <dimen name="x370">472.78dp</dimen>
    <dimen name="x371">474.06dp</dimen>
    <dimen name="x372">475.33dp</dimen>
    <dimen name="x373">476.61dp</dimen>
    <dimen name="x374">477.89dp</dimen>
    <dimen name="x375">479.17dp</dimen>
    <dimen name="x376">480.44dp</dimen>
    <dimen name="x377">481.72dp</dimen>
    <dimen name="x378">483.00dp</dimen>
    <dimen name="x379">484.28dp</dimen>
    <dimen name="x380">485.56dp</dimen>
    <dimen name="x381">486.83dp</dimen>
    <dimen name="x382">488.11dp</dimen>
    <dimen name="x383">489.39dp</dimen>
    <dimen name="x384">490.67dp</dimen>
    <dimen name="x385">491.94dp</dimen>
    <dimen name="x386">493.22dp</dimen>
    <dimen name="x387">494.50dp</dimen>
    <dimen name="x388">495.78dp</dimen>
    <dimen name="x389">497.06dp</dimen>
    <dimen name="x390">498.33dp</dimen>
    <dimen name="x391">499.61dp</dimen>
    <dimen name="x392">500.89dp</dimen>
    <dimen name="x393">502.17dp</dimen>
    <dimen name="x394">503.44dp</dimen>
    <dimen name="x395">504.72dp</dimen>
    <dimen name="x396">506.00dp</dimen>
    <dimen name="x397">507.28dp</dimen>
    <dimen name="x398">508.56dp</dimen>
    <dimen name="x399">509.83dp</dimen>
    <dimen name="x400">511.11dp</dimen>
    <dimen name="x401">512.39dp</dimen>
    <dimen name="x402">513.67dp</dimen>
    <dimen name="x403">514.94dp</dimen>
    <dimen name="x404">516.22dp</dimen>
    <dimen name="x405">517.50dp</dimen>
    <dimen name="x406">518.78dp</dimen>
    <dimen name="x407">520.06dp</dimen>
    <dimen name="x408">521.33dp</dimen>
    <dimen name="x409">522.61dp</dimen>
    <dimen name="x410">523.89dp</dimen>
    <dimen name="x411">525.17dp</dimen>
    <dimen name="x412">526.44dp</dimen>
    <dimen name="x413">527.72dp</dimen>
    <dimen name="x414">529.00dp</dimen>
    <dimen name="x415">530.28dp</dimen>
    <dimen name="x416">531.56dp</dimen>
    <dimen name="x417">532.83dp</dimen>
    <dimen name="x418">534.11dp</dimen>
    <dimen name="x419">535.39dp</dimen>
    <dimen name="x420">536.67dp</dimen>
    <dimen name="x421">537.94dp</dimen>
    <dimen name="x422">539.22dp</dimen>
    <dimen name="x423">540.50dp</dimen>
    <dimen name="x424">541.78dp</dimen>
    <dimen name="x425">543.06dp</dimen>
    <dimen name="x426">544.33dp</dimen>
    <dimen name="x427">545.61dp</dimen>
    <dimen name="x428">546.89dp</dimen>
    <dimen name="x429">548.17dp</dimen>
    <dimen name="x430">549.44dp</dimen>
    <dimen name="x431">550.72dp</dimen>
    <dimen name="x432">552.00dp</dimen>
    <dimen name="x433">553.28dp</dimen>
    <dimen name="x434">554.56dp</dimen>
    <dimen name="x435">555.83dp</dimen>
    <dimen name="x436">557.11dp</dimen>
    <dimen name="x437">558.39dp</dimen>
    <dimen name="x438">559.67dp</dimen>
    <dimen name="x439">560.94dp</dimen>
    <dimen name="x440">562.22dp</dimen>
    <dimen name="x441">563.50dp</dimen>
    <dimen name="x442">564.78dp</dimen>
    <dimen name="x443">566.06dp</dimen>
    <dimen name="x444">567.33dp</dimen>
    <dimen name="x445">568.61dp</dimen>
    <dimen name="x446">569.89dp</dimen>
    <dimen name="x447">571.17dp</dimen>
    <dimen name="x448">572.44dp</dimen>
    <dimen name="x449">573.72dp</dimen>
    <dimen name="x450">575.00dp</dimen>
    <dimen name="x451">576.28dp</dimen>
    <dimen name="x452">577.56dp</dimen>
    <dimen name="x453">578.83dp</dimen>
    <dimen name="x454">580.11dp</dimen>
    <dimen name="x455">581.39dp</dimen>
    <dimen name="x456">582.67dp</dimen>
    <dimen name="x457">583.94dp</dimen>
    <dimen name="x458">585.22dp</dimen>
    <dimen name="x459">586.50dp</dimen>
    <dimen name="x460">587.78dp</dimen>
    <dimen name="x461">589.06dp</dimen>
    <dimen name="x462">590.33dp</dimen>
    <dimen name="x463">591.61dp</dimen>
    <dimen name="x464">592.89dp</dimen>
    <dimen name="x465">594.17dp</dimen>
    <dimen name="x466">595.44dp</dimen>
    <dimen name="x467">596.72dp</dimen>
    <dimen name="x468">598.00dp</dimen>
    <dimen name="x469">599.28dp</dimen>
    <dimen name="x470">600.56dp</dimen>
    <dimen name="x471">601.83dp</dimen>
    <dimen name="x472">603.11dp</dimen>
    <dimen name="x473">604.39dp</dimen>
    <dimen name="x474">605.67dp</dimen>
    <dimen name="x475">606.94dp</dimen>
    <dimen name="x476">608.22dp</dimen>
    <dimen name="x477">609.50dp</dimen>
    <dimen name="x478">610.78dp</dimen>
    <dimen name="x479">612.06dp</dimen>
    <dimen name="x480">613.33dp</dimen>
    <dimen name="x481">614.61dp</dimen>
    <dimen name="x482">615.89dp</dimen>
    <dimen name="x483">617.17dp</dimen>
    <dimen name="x484">618.44dp</dimen>
    <dimen name="x485">619.72dp</dimen>
    <dimen name="x486">621.00dp</dimen>
    <dimen name="x487">622.28dp</dimen>
    <dimen name="x488">623.56dp</dimen>
    <dimen name="x489">624.83dp</dimen>
    <dimen name="x490">626.11dp</dimen>
    <dimen name="x491">627.39dp</dimen>
    <dimen name="x492">628.67dp</dimen>
    <dimen name="x493">629.94dp</dimen>
    <dimen name="x494">631.22dp</dimen>
    <dimen name="x495">632.50dp</dimen>
    <dimen name="x496">633.78dp</dimen>
    <dimen name="x497">635.06dp</dimen>
    <dimen name="x498">636.33dp</dimen>
    <dimen name="x499">637.61dp</dimen>
    <dimen name="x500">638.89dp</dimen>
    <dimen name="x501">640.17dp</dimen>
    <dimen name="x502">641.44dp</dimen>
    <dimen name="x503">642.72dp</dimen>
    <dimen name="x504">644.00dp</dimen>
    <dimen name="x505">645.28dp</dimen>
    <dimen name="x506">646.56dp</dimen>
    <dimen name="x507">647.83dp</dimen>
    <dimen name="x508">649.11dp</dimen>
    <dimen name="x509">650.39dp</dimen>
    <dimen name="x510">651.67dp</dimen>
    <dimen name="x511">652.94dp</dimen>
    <dimen name="x512">654.22dp</dimen>
    <dimen name="x513">655.50dp</dimen>
    <dimen name="x514">656.78dp</dimen>
    <dimen name="x515">658.06dp</dimen>
    <dimen name="x516">659.33dp</dimen>
    <dimen name="x517">660.61dp</dimen>
    <dimen name="x518">661.89dp</dimen>
    <dimen name="x519">663.17dp</dimen>
    <dimen name="x520">664.44dp</dimen>
    <dimen name="x521">665.72dp</dimen>
    <dimen name="x522">667.00dp</dimen>
    <dimen name="x523">668.28dp</dimen>
    <dimen name="x524">669.56dp</dimen>
    <dimen name="x525">670.83dp</dimen>
    <dimen name="x526">672.11dp</dimen>
    <dimen name="x527">673.39dp</dimen>
    <dimen name="x528">674.67dp</dimen>
    <dimen name="x529">675.94dp</dimen>
    <dimen name="x530">677.22dp</dimen>
    <dimen name="x531">678.50dp</dimen>
    <dimen name="x532">679.78dp</dimen>
    <dimen name="x533">681.06dp</dimen>
    <dimen name="x534">682.33dp</dimen>
    <dimen name="x535">683.61dp</dimen>
    <dimen name="x536">684.89dp</dimen>
    <dimen name="x537">686.17dp</dimen>
    <dimen name="x538">687.44dp</dimen>
    <dimen name="x539">688.72dp</dimen>
    <dimen name="x540">690.00dp</dimen>
    <dimen name="x541">691.28dp</dimen>
    <dimen name="x542">692.56dp</dimen>
    <dimen name="x543">693.83dp</dimen>
    <dimen name="x544">695.11dp</dimen>
    <dimen name="x545">696.39dp</dimen>
    <dimen name="x546">697.67dp</dimen>
    <dimen name="x547">698.94dp</dimen>
    <dimen name="x548">700.22dp</dimen>
    <dimen name="x549">701.50dp</dimen>
    <dimen name="x550">702.78dp</dimen>
    <dimen name="x551">704.06dp</dimen>
    <dimen name="x552">705.33dp</dimen>
    <dimen name="x553">706.61dp</dimen>
    <dimen name="x554">707.89dp</dimen>
    <dimen name="x555">709.17dp</dimen>
    <dimen name="x556">710.44dp</dimen>
    <dimen name="x557">711.72dp</dimen>
    <dimen name="x558">713.00dp</dimen>
    <dimen name="x559">714.28dp</dimen>
    <dimen name="x560">715.56dp</dimen>
    <dimen name="x561">716.83dp</dimen>
    <dimen name="x562">718.11dp</dimen>
    <dimen name="x563">719.39dp</dimen>
    <dimen name="x564">720.67dp</dimen>
    <dimen name="x565">721.94dp</dimen>
    <dimen name="x566">723.22dp</dimen>
    <dimen name="x567">724.50dp</dimen>
    <dimen name="x568">725.78dp</dimen>
    <dimen name="x569">727.06dp</dimen>
    <dimen name="x570">728.33dp</dimen>
    <dimen name="x571">729.61dp</dimen>
    <dimen name="x572">730.89dp</dimen>
    <dimen name="x573">732.17dp</dimen>
    <dimen name="x574">733.44dp</dimen>
    <dimen name="x575">734.72dp</dimen>
    <dimen name="x576">736.00dp</dimen>
    <dimen name="x577">737.28dp</dimen>
    <dimen name="x578">738.56dp</dimen>
    <dimen name="x579">739.83dp</dimen>
    <dimen name="x580">741.11dp</dimen>
    <dimen name="x581">742.39dp</dimen>
    <dimen name="x582">743.67dp</dimen>
    <dimen name="x583">744.94dp</dimen>
    <dimen name="x584">746.22dp</dimen>
    <dimen name="x585">747.50dp</dimen>
    <dimen name="x586">748.78dp</dimen>
    <dimen name="x587">750.06dp</dimen>
    <dimen name="x588">751.33dp</dimen>
    <dimen name="x589">752.61dp</dimen>
    <dimen name="x590">753.89dp</dimen>
    <dimen name="x591">755.17dp</dimen>
    <dimen name="x592">756.44dp</dimen>
    <dimen name="x593">757.72dp</dimen>
    <dimen name="x594">759.00dp</dimen>
    <dimen name="x595">760.28dp</dimen>
    <dimen name="x596">761.56dp</dimen>
    <dimen name="x597">762.83dp</dimen>
    <dimen name="x598">764.11dp</dimen>
    <dimen name="x599">765.39dp</dimen>
    <dimen name="x600">766.67dp</dimen>
    <dimen name="x601">767.94dp</dimen>
    <dimen name="x602">769.22dp</dimen>
    <dimen name="x603">770.50dp</dimen>
    <dimen name="x604">771.78dp</dimen>
    <dimen name="x605">773.06dp</dimen>
    <dimen name="x606">774.33dp</dimen>
    <dimen name="x607">775.61dp</dimen>
    <dimen name="x608">776.89dp</dimen>
    <dimen name="x609">778.17dp</dimen>
    <dimen name="x610">779.44dp</dimen>
    <dimen name="x611">780.72dp</dimen>
    <dimen name="x612">782.00dp</dimen>
    <dimen name="x613">783.28dp</dimen>
    <dimen name="x614">784.56dp</dimen>
    <dimen name="x615">785.83dp</dimen>
    <dimen name="x616">787.11dp</dimen>
    <dimen name="x617">788.39dp</dimen>
    <dimen name="x618">789.67dp</dimen>
    <dimen name="x619">790.94dp</dimen>
    <dimen name="x620">792.22dp</dimen>
    <dimen name="x621">793.50dp</dimen>
    <dimen name="x622">794.78dp</dimen>
    <dimen name="x623">796.06dp</dimen>
    <dimen name="x624">797.33dp</dimen>
    <dimen name="x625">798.61dp</dimen>
    <dimen name="x626">799.89dp</dimen>
    <dimen name="x627">801.17dp</dimen>
    <dimen name="x628">802.44dp</dimen>
    <dimen name="x629">803.72dp</dimen>
    <dimen name="x630">805.00dp</dimen>
    <dimen name="x631">806.28dp</dimen>
    <dimen name="x632">807.56dp</dimen>
    <dimen name="x633">808.83dp</dimen>
    <dimen name="x634">810.11dp</dimen>
    <dimen name="x635">811.39dp</dimen>
    <dimen name="x636">812.67dp</dimen>
    <dimen name="x637">813.94dp</dimen>
    <dimen name="x638">815.22dp</dimen>
    <dimen name="x639">816.50dp</dimen>
    <dimen name="x640">817.78dp</dimen>
    <dimen name="x641">819.06dp</dimen>
    <dimen name="x642">820.33dp</dimen>
    <dimen name="x643">821.61dp</dimen>
    <dimen name="x644">822.89dp</dimen>
    <dimen name="x645">824.17dp</dimen>
    <dimen name="x646">825.44dp</dimen>
    <dimen name="x647">826.72dp</dimen>
    <dimen name="x648">828.00dp</dimen>
    <dimen name="x649">829.28dp</dimen>
    <dimen name="x650">830.56dp</dimen>
    <dimen name="x651">831.83dp</dimen>
    <dimen name="x652">833.11dp</dimen>
    <dimen name="x653">834.39dp</dimen>
    <dimen name="x654">835.67dp</dimen>
    <dimen name="x655">836.94dp</dimen>
    <dimen name="x656">838.22dp</dimen>
    <dimen name="x657">839.50dp</dimen>
    <dimen name="x658">840.78dp</dimen>
    <dimen name="x659">842.06dp</dimen>
    <dimen name="x660">843.33dp</dimen>
    <dimen name="x661">844.61dp</dimen>
    <dimen name="x662">845.89dp</dimen>
    <dimen name="x663">847.17dp</dimen>
    <dimen name="x664">848.44dp</dimen>
    <dimen name="x665">849.72dp</dimen>
    <dimen name="x666">851.00dp</dimen>
    <dimen name="x667">852.28dp</dimen>
    <dimen name="x668">853.56dp</dimen>
    <dimen name="x669">854.83dp</dimen>
    <dimen name="x670">856.11dp</dimen>
    <dimen name="x671">857.39dp</dimen>
    <dimen name="x672">858.67dp</dimen>
    <dimen name="x673">859.94dp</dimen>
    <dimen name="x674">861.22dp</dimen>
    <dimen name="x675">862.50dp</dimen>
    <dimen name="x676">863.78dp</dimen>
    <dimen name="x677">865.06dp</dimen>
    <dimen name="x678">866.33dp</dimen>
    <dimen name="x679">867.61dp</dimen>
    <dimen name="x680">868.89dp</dimen>
    <dimen name="x681">870.17dp</dimen>
    <dimen name="x682">871.44dp</dimen>
    <dimen name="x683">872.72dp</dimen>
    <dimen name="x684">874.00dp</dimen>
    <dimen name="x685">875.28dp</dimen>
    <dimen name="x686">876.56dp</dimen>
    <dimen name="x687">877.83dp</dimen>
    <dimen name="x688">879.11dp</dimen>
    <dimen name="x689">880.39dp</dimen>
    <dimen name="x690">881.67dp</dimen>
    <dimen name="x691">882.94dp</dimen>
    <dimen name="x692">884.22dp</dimen>
    <dimen name="x693">885.50dp</dimen>
    <dimen name="x694">886.78dp</dimen>
    <dimen name="x695">888.06dp</dimen>
    <dimen name="x696">889.33dp</dimen>
    <dimen name="x697">890.61dp</dimen>
    <dimen name="x698">891.89dp</dimen>
    <dimen name="x699">893.17dp</dimen>
    <dimen name="x700">894.44dp</dimen>
    <dimen name="x701">895.72dp</dimen>
    <dimen name="x702">897.00dp</dimen>
    <dimen name="x703">898.28dp</dimen>
    <dimen name="x704">899.56dp</dimen>
    <dimen name="x705">900.83dp</dimen>
    <dimen name="x706">902.11dp</dimen>
    <dimen name="x707">903.39dp</dimen>
    <dimen name="x708">904.67dp</dimen>
    <dimen name="x709">905.94dp</dimen>
    <dimen name="x710">907.22dp</dimen>
    <dimen name="x711">908.50dp</dimen>
    <dimen name="x712">909.78dp</dimen>
    <dimen name="x713">911.06dp</dimen>
    <dimen name="x714">912.33dp</dimen>
    <dimen name="x715">913.61dp</dimen>
    <dimen name="x716">914.89dp</dimen>
    <dimen name="x717">916.17dp</dimen>
    <dimen name="x718">917.44dp</dimen>
    <dimen name="x719">918.72dp</dimen>
    <dimen name="x720">920.00dp</dimen>
    <dimen name="x721">921.28dp</dimen>
    <dimen name="x722">922.56dp</dimen>
    <dimen name="x723">923.83dp</dimen>
    <dimen name="x724">925.11dp</dimen>
    <dimen name="x725">926.39dp</dimen>
    <dimen name="x726">927.67dp</dimen>
    <dimen name="x727">928.94dp</dimen>
    <dimen name="x728">930.22dp</dimen>
    <dimen name="x729">931.50dp</dimen>
    <dimen name="x730">932.78dp</dimen>
    <dimen name="x731">934.06dp</dimen>
    <dimen name="x732">935.33dp</dimen>
    <dimen name="x733">936.61dp</dimen>
    <dimen name="x734">937.89dp</dimen>
    <dimen name="x735">939.17dp</dimen>
    <dimen name="x736">940.44dp</dimen>
    <dimen name="x737">941.72dp</dimen>
    <dimen name="x738">943.00dp</dimen>
    <dimen name="x739">944.28dp</dimen>
    <dimen name="x740">945.56dp</dimen>
    <dimen name="x741">946.83dp</dimen>
    <dimen name="x742">948.11dp</dimen>
    <dimen name="x743">949.39dp</dimen>
    <dimen name="x744">950.67dp</dimen>
    <dimen name="x745">951.94dp</dimen>
    <dimen name="x746">953.22dp</dimen>
    <dimen name="x747">954.50dp</dimen>
    <dimen name="x748">955.78dp</dimen>
    <dimen name="x749">957.06dp</dimen>
    <dimen name="x750">958.33dp</dimen>
    <dimen name="x751">959.61dp</dimen>
    <dimen name="x752">960.89dp</dimen>
    <dimen name="x753">962.17dp</dimen>
    <dimen name="x754">963.44dp</dimen>
    <dimen name="x755">964.72dp</dimen>
    <dimen name="x756">966.00dp</dimen>
    <dimen name="x757">967.28dp</dimen>
    <dimen name="x758">968.56dp</dimen>
    <dimen name="x759">969.83dp</dimen>
    <dimen name="x760">971.11dp</dimen>
    <dimen name="x761">972.39dp</dimen>
    <dimen name="x762">973.67dp</dimen>
    <dimen name="x763">974.94dp</dimen>
    <dimen name="x764">976.22dp</dimen>
    <dimen name="x765">977.50dp</dimen>
    <dimen name="x766">978.78dp</dimen>
    <dimen name="x767">980.06dp</dimen>
    <dimen name="x768">981.33dp</dimen>
    <dimen name="x769">982.61dp</dimen>
    <dimen name="x770">983.89dp</dimen>
    <dimen name="x771">985.17dp</dimen>
    <dimen name="x772">986.44dp</dimen>
    <dimen name="x773">987.72dp</dimen>
    <dimen name="x774">989.00dp</dimen>
    <dimen name="x775">990.28dp</dimen>
    <dimen name="x776">991.56dp</dimen>
    <dimen name="x777">992.83dp</dimen>
    <dimen name="x778">994.11dp</dimen>
    <dimen name="x779">995.39dp</dimen>
    <dimen name="x780">996.67dp</dimen>
    <dimen name="x781">997.94dp</dimen>
    <dimen name="x782">999.22dp</dimen>
    <dimen name="x783">1000.50dp</dimen>
    <dimen name="x784">1001.78dp</dimen>
    <dimen name="x785">1003.06dp</dimen>
    <dimen name="x786">1004.33dp</dimen>
    <dimen name="x787">1005.61dp</dimen>
    <dimen name="x788">1006.89dp</dimen>
    <dimen name="x789">1008.17dp</dimen>
    <dimen name="x790">1009.44dp</dimen>
    <dimen name="x791">1010.72dp</dimen>
    <dimen name="x792">1012.00dp</dimen>
    <dimen name="x793">1013.28dp</dimen>
    <dimen name="x794">1014.56dp</dimen>
    <dimen name="x795">1015.83dp</dimen>
    <dimen name="x796">1017.11dp</dimen>
    <dimen name="x797">1018.39dp</dimen>
    <dimen name="x798">1019.67dp</dimen>
    <dimen name="x799">1020.94dp</dimen>
    <dimen name="x800">1022.22dp</dimen>
    <dimen name="x801">1023.50dp</dimen>
    <dimen name="x802">1024.78dp</dimen>
    <dimen name="x803">1026.06dp</dimen>
    <dimen name="x804">1027.33dp</dimen>
    <dimen name="x805">1028.61dp</dimen>
    <dimen name="x806">1029.89dp</dimen>
    <dimen name="x807">1031.17dp</dimen>
    <dimen name="x808">1032.44dp</dimen>
    <dimen name="x809">1033.72dp</dimen>
    <dimen name="x810">1035.00dp</dimen>
    <dimen name="x811">1036.28dp</dimen>
    <dimen name="x812">1037.56dp</dimen>
    <dimen name="x813">1038.83dp</dimen>
    <dimen name="x814">1040.11dp</dimen>
    <dimen name="x815">1041.39dp</dimen>
    <dimen name="x816">1042.67dp</dimen>
    <dimen name="x817">1043.94dp</dimen>
    <dimen name="x818">1045.22dp</dimen>
    <dimen name="x819">1046.50dp</dimen>
    <dimen name="x820">1047.78dp</dimen>
    <dimen name="x821">1049.06dp</dimen>
    <dimen name="x822">1050.33dp</dimen>
    <dimen name="x823">1051.61dp</dimen>
    <dimen name="x824">1052.89dp</dimen>
    <dimen name="x825">1054.17dp</dimen>
    <dimen name="x826">1055.44dp</dimen>
    <dimen name="x827">1056.72dp</dimen>
    <dimen name="x828">1058.00dp</dimen>
    <dimen name="x829">1059.28dp</dimen>
    <dimen name="x830">1060.56dp</dimen>
    <dimen name="x831">1061.83dp</dimen>
    <dimen name="x832">1063.11dp</dimen>
    <dimen name="x833">1064.39dp</dimen>
    <dimen name="x834">1065.67dp</dimen>
    <dimen name="x835">1066.94dp</dimen>
    <dimen name="x836">1068.22dp</dimen>
    <dimen name="x837">1069.50dp</dimen>
    <dimen name="x838">1070.78dp</dimen>
    <dimen name="x839">1072.06dp</dimen>
    <dimen name="x840">1073.33dp</dimen>
    <dimen name="x841">1074.61dp</dimen>
    <dimen name="x842">1075.89dp</dimen>
    <dimen name="x843">1077.17dp</dimen>
    <dimen name="x844">1078.44dp</dimen>
    <dimen name="x845">1079.72dp</dimen>
    <dimen name="x846">1081.00dp</dimen>
    <dimen name="x847">1082.28dp</dimen>
    <dimen name="x848">1083.56dp</dimen>
    <dimen name="x849">1084.83dp</dimen>
    <dimen name="x850">1086.11dp</dimen>
    <dimen name="x851">1087.39dp</dimen>
    <dimen name="x852">1088.67dp</dimen>
    <dimen name="x853">1089.94dp</dimen>
    <dimen name="x854">1091.22dp</dimen>
    <dimen name="x855">1092.50dp</dimen>
    <dimen name="x856">1093.78dp</dimen>
    <dimen name="x857">1095.06dp</dimen>
    <dimen name="x858">1096.33dp</dimen>
    <dimen name="x859">1097.61dp</dimen>
    <dimen name="x860">1098.89dp</dimen>
    <dimen name="x861">1100.17dp</dimen>
    <dimen name="x862">1101.44dp</dimen>
    <dimen name="x863">1102.72dp</dimen>
    <dimen name="x864">1104.00dp</dimen>
    <dimen name="x865">1105.28dp</dimen>
    <dimen name="x866">1106.56dp</dimen>
    <dimen name="x867">1107.83dp</dimen>
    <dimen name="x868">1109.11dp</dimen>
    <dimen name="x869">1110.39dp</dimen>
    <dimen name="x870">1111.67dp</dimen>
    <dimen name="x871">1112.94dp</dimen>
    <dimen name="x872">1114.22dp</dimen>
    <dimen name="x873">1115.50dp</dimen>
    <dimen name="x874">1116.78dp</dimen>
    <dimen name="x875">1118.06dp</dimen>
    <dimen name="x876">1119.33dp</dimen>
    <dimen name="x877">1120.61dp</dimen>
    <dimen name="x878">1121.89dp</dimen>
    <dimen name="x879">1123.17dp</dimen>
    <dimen name="x880">1124.44dp</dimen>
    <dimen name="x881">1125.72dp</dimen>
    <dimen name="x882">1127.00dp</dimen>
    <dimen name="x883">1128.28dp</dimen>
    <dimen name="x884">1129.56dp</dimen>
    <dimen name="x885">1130.83dp</dimen>
    <dimen name="x886">1132.11dp</dimen>
    <dimen name="x887">1133.39dp</dimen>
    <dimen name="x888">1134.67dp</dimen>
    <dimen name="x889">1135.94dp</dimen>
    <dimen name="x890">1137.22dp</dimen>
    <dimen name="x891">1138.50dp</dimen>
    <dimen name="x892">1139.78dp</dimen>
    <dimen name="x893">1141.06dp</dimen>
    <dimen name="x894">1142.33dp</dimen>
    <dimen name="x895">1143.61dp</dimen>
    <dimen name="x896">1144.89dp</dimen>
    <dimen name="x897">1146.17dp</dimen>
    <dimen name="x898">1147.44dp</dimen>
    <dimen name="x899">1148.72dp</dimen>
    <dimen name="x900">1150.00dp</dimen>
    <dimen name="x901">1151.28dp</dimen>
    <dimen name="x902">1152.56dp</dimen>
    <dimen name="x903">1153.83dp</dimen>
    <dimen name="x904">1155.11dp</dimen>
    <dimen name="x905">1156.39dp</dimen>
    <dimen name="x906">1157.67dp</dimen>
    <dimen name="x907">1158.94dp</dimen>
    <dimen name="x908">1160.22dp</dimen>
    <dimen name="x909">1161.50dp</dimen>
    <dimen name="x910">1162.78dp</dimen>
    <dimen name="x911">1164.06dp</dimen>
    <dimen name="x912">1165.33dp</dimen>
    <dimen name="x913">1166.61dp</dimen>
    <dimen name="x914">1167.89dp</dimen>
    <dimen name="x915">1169.17dp</dimen>
    <dimen name="x916">1170.44dp</dimen>
    <dimen name="x917">1171.72dp</dimen>
    <dimen name="x918">1173.00dp</dimen>
    <dimen name="x919">1174.28dp</dimen>
    <dimen name="x920">1175.56dp</dimen>
    <dimen name="x921">1176.83dp</dimen>
    <dimen name="x922">1178.11dp</dimen>
    <dimen name="x923">1179.39dp</dimen>
    <dimen name="x924">1180.67dp</dimen>
    <dimen name="x925">1181.94dp</dimen>
    <dimen name="x926">1183.22dp</dimen>
    <dimen name="x927">1184.50dp</dimen>
    <dimen name="x928">1185.78dp</dimen>
    <dimen name="x929">1187.06dp</dimen>
    <dimen name="x930">1188.33dp</dimen>
    <dimen name="x931">1189.61dp</dimen>
    <dimen name="x932">1190.89dp</dimen>
    <dimen name="x933">1192.17dp</dimen>
    <dimen name="x934">1193.44dp</dimen>
    <dimen name="x935">1194.72dp</dimen>
    <dimen name="x936">1196.00dp</dimen>
    <dimen name="x937">1197.28dp</dimen>
    <dimen name="x938">1198.56dp</dimen>
    <dimen name="x939">1199.83dp</dimen>
    <dimen name="x940">1201.11dp</dimen>
    <dimen name="x941">1202.39dp</dimen>
    <dimen name="x942">1203.67dp</dimen>
    <dimen name="x943">1204.94dp</dimen>
    <dimen name="x944">1206.22dp</dimen>
    <dimen name="x945">1207.50dp</dimen>
    <dimen name="x946">1208.78dp</dimen>
    <dimen name="x947">1210.06dp</dimen>
    <dimen name="x948">1211.33dp</dimen>
    <dimen name="x949">1212.61dp</dimen>
    <dimen name="x950">1213.89dp</dimen>
    <dimen name="x951">1215.17dp</dimen>
    <dimen name="x952">1216.44dp</dimen>
    <dimen name="x953">1217.72dp</dimen>
    <dimen name="x954">1219.00dp</dimen>
    <dimen name="x955">1220.28dp</dimen>
    <dimen name="x956">1221.56dp</dimen>
    <dimen name="x957">1222.83dp</dimen>
    <dimen name="x958">1224.11dp</dimen>
    <dimen name="x959">1225.39dp</dimen>
    <dimen name="x960">1226.67dp</dimen>
    <dimen name="x961">1227.94dp</dimen>
    <dimen name="x962">1229.22dp</dimen>
    <dimen name="x963">1230.50dp</dimen>
    <dimen name="x964">1231.78dp</dimen>
    <dimen name="x965">1233.06dp</dimen>
    <dimen name="x966">1234.33dp</dimen>
    <dimen name="x967">1235.61dp</dimen>
    <dimen name="x968">1236.89dp</dimen>
    <dimen name="x969">1238.17dp</dimen>
    <dimen name="x970">1239.44dp</dimen>
    <dimen name="x971">1240.72dp</dimen>
    <dimen name="x972">1242.00dp</dimen>
    <dimen name="x973">1243.28dp</dimen>
    <dimen name="x974">1244.56dp</dimen>
    <dimen name="x975">1245.83dp</dimen>
    <dimen name="x976">1247.11dp</dimen>
    <dimen name="x977">1248.39dp</dimen>
    <dimen name="x978">1249.67dp</dimen>
    <dimen name="x979">1250.94dp</dimen>
    <dimen name="x980">1252.22dp</dimen>
    <dimen name="x981">1253.50dp</dimen>
    <dimen name="x982">1254.78dp</dimen>
    <dimen name="x983">1256.06dp</dimen>
    <dimen name="x984">1257.33dp</dimen>
    <dimen name="x985">1258.61dp</dimen>
    <dimen name="x986">1259.89dp</dimen>
    <dimen name="x987">1261.17dp</dimen>
    <dimen name="x988">1262.44dp</dimen>
    <dimen name="x989">1263.72dp</dimen>
    <dimen name="x990">1265.00dp</dimen>
    <dimen name="x991">1266.28dp</dimen>
    <dimen name="x992">1267.56dp</dimen>
    <dimen name="x993">1268.83dp</dimen>
    <dimen name="x994">1270.11dp</dimen>
    <dimen name="x995">1271.39dp</dimen>
    <dimen name="x996">1272.67dp</dimen>
    <dimen name="x997">1273.94dp</dimen>
    <dimen name="x998">1275.22dp</dimen>
    <dimen name="x999">1276.50dp</dimen>
    <dimen name="x1000">1277.78dp</dimen>
    <dimen name="x1001">1279.06dp</dimen>
    <dimen name="x1002">1280.33dp</dimen>
    <dimen name="x1003">1281.61dp</dimen>
    <dimen name="x1004">1282.89dp</dimen>
    <dimen name="x1005">1284.17dp</dimen>
    <dimen name="x1006">1285.44dp</dimen>
    <dimen name="x1007">1286.72dp</dimen>
    <dimen name="x1008">1288.00dp</dimen>
    <dimen name="x1009">1289.28dp</dimen>
    <dimen name="x1010">1290.56dp</dimen>
    <dimen name="x1011">1291.83dp</dimen>
    <dimen name="x1012">1293.11dp</dimen>
    <dimen name="x1013">1294.39dp</dimen>
    <dimen name="x1014">1295.67dp</dimen>
    <dimen name="x1015">1296.94dp</dimen>
    <dimen name="x1016">1298.22dp</dimen>
    <dimen name="x1017">1299.50dp</dimen>
    <dimen name="x1018">1300.78dp</dimen>
    <dimen name="x1019">1302.06dp</dimen>
    <dimen name="x1020">1303.33dp</dimen>
    <dimen name="x1021">1304.61dp</dimen>
    <dimen name="x1022">1305.89dp</dimen>
    <dimen name="x1023">1307.17dp</dimen>
    <dimen name="x1024">1308.44dp</dimen>
    <dimen name="x1025">1309.72dp</dimen>
    <dimen name="x1026">1311.00dp</dimen>
    <dimen name="x1027">1312.28dp</dimen>
    <dimen name="x1028">1313.56dp</dimen>
    <dimen name="x1029">1314.83dp</dimen>
    <dimen name="x1030">1316.11dp</dimen>
    <dimen name="x1031">1317.39dp</dimen>
    <dimen name="x1032">1318.67dp</dimen>
    <dimen name="x1033">1319.94dp</dimen>
    <dimen name="x1034">1321.22dp</dimen>
    <dimen name="x1035">1322.50dp</dimen>
    <dimen name="x1036">1323.78dp</dimen>
    <dimen name="x1037">1325.06dp</dimen>
    <dimen name="x1038">1326.33dp</dimen>
    <dimen name="x1039">1327.61dp</dimen>
    <dimen name="x1040">1328.89dp</dimen>
    <dimen name="x1041">1330.17dp</dimen>
    <dimen name="x1042">1331.44dp</dimen>
    <dimen name="x1043">1332.72dp</dimen>
    <dimen name="x1044">1334.00dp</dimen>
    <dimen name="x1045">1335.28dp</dimen>
    <dimen name="x1046">1336.56dp</dimen>
    <dimen name="x1047">1337.83dp</dimen>
    <dimen name="x1048">1339.11dp</dimen>
    <dimen name="x1049">1340.39dp</dimen>
    <dimen name="x1050">1341.67dp</dimen>
    <dimen name="x1051">1342.94dp</dimen>
    <dimen name="x1052">1344.22dp</dimen>
    <dimen name="x1053">1345.50dp</dimen>
    <dimen name="x1054">1346.78dp</dimen>
    <dimen name="x1055">1348.06dp</dimen>
    <dimen name="x1056">1349.33dp</dimen>
    <dimen name="x1057">1350.61dp</dimen>
    <dimen name="x1058">1351.89dp</dimen>
    <dimen name="x1059">1353.17dp</dimen>
    <dimen name="x1060">1354.44dp</dimen>
    <dimen name="x1061">1355.72dp</dimen>
    <dimen name="x1062">1357.00dp</dimen>
    <dimen name="x1063">1358.28dp</dimen>
    <dimen name="x1064">1359.56dp</dimen>
    <dimen name="x1065">1360.83dp</dimen>
    <dimen name="x1066">1362.11dp</dimen>
    <dimen name="x1067">1363.39dp</dimen>
    <dimen name="x1068">1364.67dp</dimen>
    <dimen name="x1069">1365.94dp</dimen>
    <dimen name="x1070">1367.22dp</dimen>
    <dimen name="x1071">1368.50dp</dimen>
    <dimen name="x1072">1369.78dp</dimen>
    <dimen name="x1073">1371.06dp</dimen>
    <dimen name="x1074">1372.33dp</dimen>
    <dimen name="x1075">1373.61dp</dimen>
    <dimen name="x1076">1374.89dp</dimen>
    <dimen name="x1077">1376.17dp</dimen>
    <dimen name="x1078">1377.44dp</dimen>
    <dimen name="x1079">1378.72dp</dimen>
    <dimen name="x1080">1380.00dp</dimen>
</resources>