<?xml version="1.0" encoding="utf-8"?>
<resources>
    <string name="sw_dp">1440dp</string>
    <dimen name="x1">1.33dp</dimen>
    <dimen name="x2">2.67dp</dimen>
    <dimen name="x3">4.00dp</dimen>
    <dimen name="x4">5.33dp</dimen>
    <dimen name="x5">6.67dp</dimen>
    <dimen name="x6">8.00dp</dimen>
    <dimen name="x7">9.33dp</dimen>
    <dimen name="x8">10.67dp</dimen>
    <dimen name="x9">12.00dp</dimen>
    <dimen name="x10">13.33dp</dimen>
    <dimen name="x11">14.67dp</dimen>
    <dimen name="x12">16.00dp</dimen>
    <dimen name="x13">17.33dp</dimen>
    <dimen name="x14">18.67dp</dimen>
    <dimen name="x15">20.00dp</dimen>
    <dimen name="x16">21.33dp</dimen>
    <dimen name="x17">22.67dp</dimen>
    <dimen name="x18">24.00dp</dimen>
    <dimen name="x19">25.33dp</dimen>
    <dimen name="x20">26.67dp</dimen>
    <dimen name="x21">28.00dp</dimen>
    <dimen name="x22">29.33dp</dimen>
    <dimen name="x23">30.67dp</dimen>
    <dimen name="x24">32.00dp</dimen>
    <dimen name="x25">33.33dp</dimen>
    <dimen name="x26">34.67dp</dimen>
    <dimen name="x27">36.00dp</dimen>
    <dimen name="x28">37.33dp</dimen>
    <dimen name="x29">38.67dp</dimen>
    <dimen name="x30">40.00dp</dimen>
    <dimen name="x31">41.33dp</dimen>
    <dimen name="x32">42.67dp</dimen>
    <dimen name="x33">44.00dp</dimen>
    <dimen name="x34">45.33dp</dimen>
    <dimen name="x35">46.67dp</dimen>
    <dimen name="x36">48.00dp</dimen>
    <dimen name="x37">49.33dp</dimen>
    <dimen name="x38">50.67dp</dimen>
    <dimen name="x39">52.00dp</dimen>
    <dimen name="x40">53.33dp</dimen>
    <dimen name="x41">54.67dp</dimen>
    <dimen name="x42">56.00dp</dimen>
    <dimen name="x43">57.33dp</dimen>
    <dimen name="x44">58.67dp</dimen>
    <dimen name="x45">60.00dp</dimen>
    <dimen name="x46">61.33dp</dimen>
    <dimen name="x47">62.67dp</dimen>
    <dimen name="x48">64.00dp</dimen>
    <dimen name="x49">65.33dp</dimen>
    <dimen name="x50">66.67dp</dimen>
    <dimen name="x51">68.00dp</dimen>
    <dimen name="x52">69.33dp</dimen>
    <dimen name="x53">70.67dp</dimen>
    <dimen name="x54">72.00dp</dimen>
    <dimen name="x55">73.33dp</dimen>
    <dimen name="x56">74.67dp</dimen>
    <dimen name="x57">76.00dp</dimen>
    <dimen name="x58">77.33dp</dimen>
    <dimen name="x59">78.67dp</dimen>
    <dimen name="x60">80.00dp</dimen>
    <dimen name="x61">81.33dp</dimen>
    <dimen name="x62">82.67dp</dimen>
    <dimen name="x63">84.00dp</dimen>
    <dimen name="x64">85.33dp</dimen>
    <dimen name="x65">86.67dp</dimen>
    <dimen name="x66">88.00dp</dimen>
    <dimen name="x67">89.33dp</dimen>
    <dimen name="x68">90.67dp</dimen>
    <dimen name="x69">92.00dp</dimen>
    <dimen name="x70">93.33dp</dimen>
    <dimen name="x71">94.67dp</dimen>
    <dimen name="x72">96.00dp</dimen>
    <dimen name="x73">97.33dp</dimen>
    <dimen name="x74">98.67dp</dimen>
    <dimen name="x75">100.00dp</dimen>
    <dimen name="x76">101.33dp</dimen>
    <dimen name="x77">102.67dp</dimen>
    <dimen name="x78">104.00dp</dimen>
    <dimen name="x79">105.33dp</dimen>
    <dimen name="x80">106.67dp</dimen>
    <dimen name="x81">108.00dp</dimen>
    <dimen name="x82">109.33dp</dimen>
    <dimen name="x83">110.67dp</dimen>
    <dimen name="x84">112.00dp</dimen>
    <dimen name="x85">113.33dp</dimen>
    <dimen name="x86">114.67dp</dimen>
    <dimen name="x87">116.00dp</dimen>
    <dimen name="x88">117.33dp</dimen>
    <dimen name="x89">118.67dp</dimen>
    <dimen name="x90">120.00dp</dimen>
    <dimen name="x91">121.33dp</dimen>
    <dimen name="x92">122.67dp</dimen>
    <dimen name="x93">124.00dp</dimen>
    <dimen name="x94">125.33dp</dimen>
    <dimen name="x95">126.67dp</dimen>
    <dimen name="x96">128.00dp</dimen>
    <dimen name="x97">129.33dp</dimen>
    <dimen name="x98">130.67dp</dimen>
    <dimen name="x99">132.00dp</dimen>
    <dimen name="x100">133.33dp</dimen>
    <dimen name="x101">134.67dp</dimen>
    <dimen name="x102">136.00dp</dimen>
    <dimen name="x103">137.33dp</dimen>
    <dimen name="x104">138.67dp</dimen>
    <dimen name="x105">140.00dp</dimen>
    <dimen name="x106">141.33dp</dimen>
    <dimen name="x107">142.67dp</dimen>
    <dimen name="x108">144.00dp</dimen>
    <dimen name="x109">145.33dp</dimen>
    <dimen name="x110">146.67dp</dimen>
    <dimen name="x111">148.00dp</dimen>
    <dimen name="x112">149.33dp</dimen>
    <dimen name="x113">150.67dp</dimen>
    <dimen name="x114">152.00dp</dimen>
    <dimen name="x115">153.33dp</dimen>
    <dimen name="x116">154.67dp</dimen>
    <dimen name="x117">156.00dp</dimen>
    <dimen name="x118">157.33dp</dimen>
    <dimen name="x119">158.67dp</dimen>
    <dimen name="x120">160.00dp</dimen>
    <dimen name="x121">161.33dp</dimen>
    <dimen name="x122">162.67dp</dimen>
    <dimen name="x123">164.00dp</dimen>
    <dimen name="x124">165.33dp</dimen>
    <dimen name="x125">166.67dp</dimen>
    <dimen name="x126">168.00dp</dimen>
    <dimen name="x127">169.33dp</dimen>
    <dimen name="x128">170.67dp</dimen>
    <dimen name="x129">172.00dp</dimen>
    <dimen name="x130">173.33dp</dimen>
    <dimen name="x131">174.67dp</dimen>
    <dimen name="x132">176.00dp</dimen>
    <dimen name="x133">177.33dp</dimen>
    <dimen name="x134">178.67dp</dimen>
    <dimen name="x135">180.00dp</dimen>
    <dimen name="x136">181.33dp</dimen>
    <dimen name="x137">182.67dp</dimen>
    <dimen name="x138">184.00dp</dimen>
    <dimen name="x139">185.33dp</dimen>
    <dimen name="x140">186.67dp</dimen>
    <dimen name="x141">188.00dp</dimen>
    <dimen name="x142">189.33dp</dimen>
    <dimen name="x143">190.67dp</dimen>
    <dimen name="x144">192.00dp</dimen>
    <dimen name="x145">193.33dp</dimen>
    <dimen name="x146">194.67dp</dimen>
    <dimen name="x147">196.00dp</dimen>
    <dimen name="x148">197.33dp</dimen>
    <dimen name="x149">198.67dp</dimen>
    <dimen name="x150">200.00dp</dimen>
    <dimen name="x151">201.33dp</dimen>
    <dimen name="x152">202.67dp</dimen>
    <dimen name="x153">204.00dp</dimen>
    <dimen name="x154">205.33dp</dimen>
    <dimen name="x155">206.67dp</dimen>
    <dimen name="x156">208.00dp</dimen>
    <dimen name="x157">209.33dp</dimen>
    <dimen name="x158">210.67dp</dimen>
    <dimen name="x159">212.00dp</dimen>
    <dimen name="x160">213.33dp</dimen>
    <dimen name="x161">214.67dp</dimen>
    <dimen name="x162">216.00dp</dimen>
    <dimen name="x163">217.33dp</dimen>
    <dimen name="x164">218.67dp</dimen>
    <dimen name="x165">220.00dp</dimen>
    <dimen name="x166">221.33dp</dimen>
    <dimen name="x167">222.67dp</dimen>
    <dimen name="x168">224.00dp</dimen>
    <dimen name="x169">225.33dp</dimen>
    <dimen name="x170">226.67dp</dimen>
    <dimen name="x171">228.00dp</dimen>
    <dimen name="x172">229.33dp</dimen>
    <dimen name="x173">230.67dp</dimen>
    <dimen name="x174">232.00dp</dimen>
    <dimen name="x175">233.33dp</dimen>
    <dimen name="x176">234.67dp</dimen>
    <dimen name="x177">236.00dp</dimen>
    <dimen name="x178">237.33dp</dimen>
    <dimen name="x179">238.67dp</dimen>
    <dimen name="x180">240.00dp</dimen>
    <dimen name="x181">241.33dp</dimen>
    <dimen name="x182">242.67dp</dimen>
    <dimen name="x183">244.00dp</dimen>
    <dimen name="x184">245.33dp</dimen>
    <dimen name="x185">246.67dp</dimen>
    <dimen name="x186">248.00dp</dimen>
    <dimen name="x187">249.33dp</dimen>
    <dimen name="x188">250.67dp</dimen>
    <dimen name="x189">252.00dp</dimen>
    <dimen name="x190">253.33dp</dimen>
    <dimen name="x191">254.67dp</dimen>
    <dimen name="x192">256.00dp</dimen>
    <dimen name="x193">257.33dp</dimen>
    <dimen name="x194">258.67dp</dimen>
    <dimen name="x195">260.00dp</dimen>
    <dimen name="x196">261.33dp</dimen>
    <dimen name="x197">262.67dp</dimen>
    <dimen name="x198">264.00dp</dimen>
    <dimen name="x199">265.33dp</dimen>
    <dimen name="x200">266.67dp</dimen>
    <dimen name="x201">268.00dp</dimen>
    <dimen name="x202">269.33dp</dimen>
    <dimen name="x203">270.67dp</dimen>
    <dimen name="x204">272.00dp</dimen>
    <dimen name="x205">273.33dp</dimen>
    <dimen name="x206">274.67dp</dimen>
    <dimen name="x207">276.00dp</dimen>
    <dimen name="x208">277.33dp</dimen>
    <dimen name="x209">278.67dp</dimen>
    <dimen name="x210">280.00dp</dimen>
    <dimen name="x211">281.33dp</dimen>
    <dimen name="x212">282.67dp</dimen>
    <dimen name="x213">284.00dp</dimen>
    <dimen name="x214">285.33dp</dimen>
    <dimen name="x215">286.67dp</dimen>
    <dimen name="x216">288.00dp</dimen>
    <dimen name="x217">289.33dp</dimen>
    <dimen name="x218">290.67dp</dimen>
    <dimen name="x219">292.00dp</dimen>
    <dimen name="x220">293.33dp</dimen>
    <dimen name="x221">294.67dp</dimen>
    <dimen name="x222">296.00dp</dimen>
    <dimen name="x223">297.33dp</dimen>
    <dimen name="x224">298.67dp</dimen>
    <dimen name="x225">300.00dp</dimen>
    <dimen name="x226">301.33dp</dimen>
    <dimen name="x227">302.67dp</dimen>
    <dimen name="x228">304.00dp</dimen>
    <dimen name="x229">305.33dp</dimen>
    <dimen name="x230">306.67dp</dimen>
    <dimen name="x231">308.00dp</dimen>
    <dimen name="x232">309.33dp</dimen>
    <dimen name="x233">310.67dp</dimen>
    <dimen name="x234">312.00dp</dimen>
    <dimen name="x235">313.33dp</dimen>
    <dimen name="x236">314.67dp</dimen>
    <dimen name="x237">316.00dp</dimen>
    <dimen name="x238">317.33dp</dimen>
    <dimen name="x239">318.67dp</dimen>
    <dimen name="x240">320.00dp</dimen>
    <dimen name="x241">321.33dp</dimen>
    <dimen name="x242">322.67dp</dimen>
    <dimen name="x243">324.00dp</dimen>
    <dimen name="x244">325.33dp</dimen>
    <dimen name="x245">326.67dp</dimen>
    <dimen name="x246">328.00dp</dimen>
    <dimen name="x247">329.33dp</dimen>
    <dimen name="x248">330.67dp</dimen>
    <dimen name="x249">332.00dp</dimen>
    <dimen name="x250">333.33dp</dimen>
    <dimen name="x251">334.67dp</dimen>
    <dimen name="x252">336.00dp</dimen>
    <dimen name="x253">337.33dp</dimen>
    <dimen name="x254">338.67dp</dimen>
    <dimen name="x255">340.00dp</dimen>
    <dimen name="x256">341.33dp</dimen>
    <dimen name="x257">342.67dp</dimen>
    <dimen name="x258">344.00dp</dimen>
    <dimen name="x259">345.33dp</dimen>
    <dimen name="x260">346.67dp</dimen>
    <dimen name="x261">348.00dp</dimen>
    <dimen name="x262">349.33dp</dimen>
    <dimen name="x263">350.67dp</dimen>
    <dimen name="x264">352.00dp</dimen>
    <dimen name="x265">353.33dp</dimen>
    <dimen name="x266">354.67dp</dimen>
    <dimen name="x267">356.00dp</dimen>
    <dimen name="x268">357.33dp</dimen>
    <dimen name="x269">358.67dp</dimen>
    <dimen name="x270">360.00dp</dimen>
    <dimen name="x271">361.33dp</dimen>
    <dimen name="x272">362.67dp</dimen>
    <dimen name="x273">364.00dp</dimen>
    <dimen name="x274">365.33dp</dimen>
    <dimen name="x275">366.67dp</dimen>
    <dimen name="x276">368.00dp</dimen>
    <dimen name="x277">369.33dp</dimen>
    <dimen name="x278">370.67dp</dimen>
    <dimen name="x279">372.00dp</dimen>
    <dimen name="x280">373.33dp</dimen>
    <dimen name="x281">374.67dp</dimen>
    <dimen name="x282">376.00dp</dimen>
    <dimen name="x283">377.33dp</dimen>
    <dimen name="x284">378.67dp</dimen>
    <dimen name="x285">380.00dp</dimen>
    <dimen name="x286">381.33dp</dimen>
    <dimen name="x287">382.67dp</dimen>
    <dimen name="x288">384.00dp</dimen>
    <dimen name="x289">385.33dp</dimen>
    <dimen name="x290">386.67dp</dimen>
    <dimen name="x291">388.00dp</dimen>
    <dimen name="x292">389.33dp</dimen>
    <dimen name="x293">390.67dp</dimen>
    <dimen name="x294">392.00dp</dimen>
    <dimen name="x295">393.33dp</dimen>
    <dimen name="x296">394.67dp</dimen>
    <dimen name="x297">396.00dp</dimen>
    <dimen name="x298">397.33dp</dimen>
    <dimen name="x299">398.67dp</dimen>
    <dimen name="x300">400.00dp</dimen>
    <dimen name="x301">401.33dp</dimen>
    <dimen name="x302">402.67dp</dimen>
    <dimen name="x303">404.00dp</dimen>
    <dimen name="x304">405.33dp</dimen>
    <dimen name="x305">406.67dp</dimen>
    <dimen name="x306">408.00dp</dimen>
    <dimen name="x307">409.33dp</dimen>
    <dimen name="x308">410.67dp</dimen>
    <dimen name="x309">412.00dp</dimen>
    <dimen name="x310">413.33dp</dimen>
    <dimen name="x311">414.67dp</dimen>
    <dimen name="x312">416.00dp</dimen>
    <dimen name="x313">417.33dp</dimen>
    <dimen name="x314">418.67dp</dimen>
    <dimen name="x315">420.00dp</dimen>
    <dimen name="x316">421.33dp</dimen>
    <dimen name="x317">422.67dp</dimen>
    <dimen name="x318">424.00dp</dimen>
    <dimen name="x319">425.33dp</dimen>
    <dimen name="x320">426.67dp</dimen>
    <dimen name="x321">428.00dp</dimen>
    <dimen name="x322">429.33dp</dimen>
    <dimen name="x323">430.67dp</dimen>
    <dimen name="x324">432.00dp</dimen>
    <dimen name="x325">433.33dp</dimen>
    <dimen name="x326">434.67dp</dimen>
    <dimen name="x327">436.00dp</dimen>
    <dimen name="x328">437.33dp</dimen>
    <dimen name="x329">438.67dp</dimen>
    <dimen name="x330">440.00dp</dimen>
    <dimen name="x331">441.33dp</dimen>
    <dimen name="x332">442.67dp</dimen>
    <dimen name="x333">444.00dp</dimen>
    <dimen name="x334">445.33dp</dimen>
    <dimen name="x335">446.67dp</dimen>
    <dimen name="x336">448.00dp</dimen>
    <dimen name="x337">449.33dp</dimen>
    <dimen name="x338">450.67dp</dimen>
    <dimen name="x339">452.00dp</dimen>
    <dimen name="x340">453.33dp</dimen>
    <dimen name="x341">454.67dp</dimen>
    <dimen name="x342">456.00dp</dimen>
    <dimen name="x343">457.33dp</dimen>
    <dimen name="x344">458.67dp</dimen>
    <dimen name="x345">460.00dp</dimen>
    <dimen name="x346">461.33dp</dimen>
    <dimen name="x347">462.67dp</dimen>
    <dimen name="x348">464.00dp</dimen>
    <dimen name="x349">465.33dp</dimen>
    <dimen name="x350">466.67dp</dimen>
    <dimen name="x351">468.00dp</dimen>
    <dimen name="x352">469.33dp</dimen>
    <dimen name="x353">470.67dp</dimen>
    <dimen name="x354">472.00dp</dimen>
    <dimen name="x355">473.33dp</dimen>
    <dimen name="x356">474.67dp</dimen>
    <dimen name="x357">476.00dp</dimen>
    <dimen name="x358">477.33dp</dimen>
    <dimen name="x359">478.67dp</dimen>
    <dimen name="x360">480.00dp</dimen>
    <dimen name="x361">481.33dp</dimen>
    <dimen name="x362">482.67dp</dimen>
    <dimen name="x363">484.00dp</dimen>
    <dimen name="x364">485.33dp</dimen>
    <dimen name="x365">486.67dp</dimen>
    <dimen name="x366">488.00dp</dimen>
    <dimen name="x367">489.33dp</dimen>
    <dimen name="x368">490.67dp</dimen>
    <dimen name="x369">492.00dp</dimen>
    <dimen name="x370">493.33dp</dimen>
    <dimen name="x371">494.67dp</dimen>
    <dimen name="x372">496.00dp</dimen>
    <dimen name="x373">497.33dp</dimen>
    <dimen name="x374">498.67dp</dimen>
    <dimen name="x375">500.00dp</dimen>
    <dimen name="x376">501.33dp</dimen>
    <dimen name="x377">502.67dp</dimen>
    <dimen name="x378">504.00dp</dimen>
    <dimen name="x379">505.33dp</dimen>
    <dimen name="x380">506.67dp</dimen>
    <dimen name="x381">508.00dp</dimen>
    <dimen name="x382">509.33dp</dimen>
    <dimen name="x383">510.67dp</dimen>
    <dimen name="x384">512.00dp</dimen>
    <dimen name="x385">513.33dp</dimen>
    <dimen name="x386">514.67dp</dimen>
    <dimen name="x387">516.00dp</dimen>
    <dimen name="x388">517.33dp</dimen>
    <dimen name="x389">518.67dp</dimen>
    <dimen name="x390">520.00dp</dimen>
    <dimen name="x391">521.33dp</dimen>
    <dimen name="x392">522.67dp</dimen>
    <dimen name="x393">524.00dp</dimen>
    <dimen name="x394">525.33dp</dimen>
    <dimen name="x395">526.67dp</dimen>
    <dimen name="x396">528.00dp</dimen>
    <dimen name="x397">529.33dp</dimen>
    <dimen name="x398">530.67dp</dimen>
    <dimen name="x399">532.00dp</dimen>
    <dimen name="x400">533.33dp</dimen>
    <dimen name="x401">534.67dp</dimen>
    <dimen name="x402">536.00dp</dimen>
    <dimen name="x403">537.33dp</dimen>
    <dimen name="x404">538.67dp</dimen>
    <dimen name="x405">540.00dp</dimen>
    <dimen name="x406">541.33dp</dimen>
    <dimen name="x407">542.67dp</dimen>
    <dimen name="x408">544.00dp</dimen>
    <dimen name="x409">545.33dp</dimen>
    <dimen name="x410">546.67dp</dimen>
    <dimen name="x411">548.00dp</dimen>
    <dimen name="x412">549.33dp</dimen>
    <dimen name="x413">550.67dp</dimen>
    <dimen name="x414">552.00dp</dimen>
    <dimen name="x415">553.33dp</dimen>
    <dimen name="x416">554.67dp</dimen>
    <dimen name="x417">556.00dp</dimen>
    <dimen name="x418">557.33dp</dimen>
    <dimen name="x419">558.67dp</dimen>
    <dimen name="x420">560.00dp</dimen>
    <dimen name="x421">561.33dp</dimen>
    <dimen name="x422">562.67dp</dimen>
    <dimen name="x423">564.00dp</dimen>
    <dimen name="x424">565.33dp</dimen>
    <dimen name="x425">566.67dp</dimen>
    <dimen name="x426">568.00dp</dimen>
    <dimen name="x427">569.33dp</dimen>
    <dimen name="x428">570.67dp</dimen>
    <dimen name="x429">572.00dp</dimen>
    <dimen name="x430">573.33dp</dimen>
    <dimen name="x431">574.67dp</dimen>
    <dimen name="x432">576.00dp</dimen>
    <dimen name="x433">577.33dp</dimen>
    <dimen name="x434">578.67dp</dimen>
    <dimen name="x435">580.00dp</dimen>
    <dimen name="x436">581.33dp</dimen>
    <dimen name="x437">582.67dp</dimen>
    <dimen name="x438">584.00dp</dimen>
    <dimen name="x439">585.33dp</dimen>
    <dimen name="x440">586.67dp</dimen>
    <dimen name="x441">588.00dp</dimen>
    <dimen name="x442">589.33dp</dimen>
    <dimen name="x443">590.67dp</dimen>
    <dimen name="x444">592.00dp</dimen>
    <dimen name="x445">593.33dp</dimen>
    <dimen name="x446">594.67dp</dimen>
    <dimen name="x447">596.00dp</dimen>
    <dimen name="x448">597.33dp</dimen>
    <dimen name="x449">598.67dp</dimen>
    <dimen name="x450">600.00dp</dimen>
    <dimen name="x451">601.33dp</dimen>
    <dimen name="x452">602.67dp</dimen>
    <dimen name="x453">604.00dp</dimen>
    <dimen name="x454">605.33dp</dimen>
    <dimen name="x455">606.67dp</dimen>
    <dimen name="x456">608.00dp</dimen>
    <dimen name="x457">609.33dp</dimen>
    <dimen name="x458">610.67dp</dimen>
    <dimen name="x459">612.00dp</dimen>
    <dimen name="x460">613.33dp</dimen>
    <dimen name="x461">614.67dp</dimen>
    <dimen name="x462">616.00dp</dimen>
    <dimen name="x463">617.33dp</dimen>
    <dimen name="x464">618.67dp</dimen>
    <dimen name="x465">620.00dp</dimen>
    <dimen name="x466">621.33dp</dimen>
    <dimen name="x467">622.67dp</dimen>
    <dimen name="x468">624.00dp</dimen>
    <dimen name="x469">625.33dp</dimen>
    <dimen name="x470">626.67dp</dimen>
    <dimen name="x471">628.00dp</dimen>
    <dimen name="x472">629.33dp</dimen>
    <dimen name="x473">630.67dp</dimen>
    <dimen name="x474">632.00dp</dimen>
    <dimen name="x475">633.33dp</dimen>
    <dimen name="x476">634.67dp</dimen>
    <dimen name="x477">636.00dp</dimen>
    <dimen name="x478">637.33dp</dimen>
    <dimen name="x479">638.67dp</dimen>
    <dimen name="x480">640.00dp</dimen>
    <dimen name="x481">641.33dp</dimen>
    <dimen name="x482">642.67dp</dimen>
    <dimen name="x483">644.00dp</dimen>
    <dimen name="x484">645.33dp</dimen>
    <dimen name="x485">646.67dp</dimen>
    <dimen name="x486">648.00dp</dimen>
    <dimen name="x487">649.33dp</dimen>
    <dimen name="x488">650.67dp</dimen>
    <dimen name="x489">652.00dp</dimen>
    <dimen name="x490">653.33dp</dimen>
    <dimen name="x491">654.67dp</dimen>
    <dimen name="x492">656.00dp</dimen>
    <dimen name="x493">657.33dp</dimen>
    <dimen name="x494">658.67dp</dimen>
    <dimen name="x495">660.00dp</dimen>
    <dimen name="x496">661.33dp</dimen>
    <dimen name="x497">662.67dp</dimen>
    <dimen name="x498">664.00dp</dimen>
    <dimen name="x499">665.33dp</dimen>
    <dimen name="x500">666.67dp</dimen>
    <dimen name="x501">668.00dp</dimen>
    <dimen name="x502">669.33dp</dimen>
    <dimen name="x503">670.67dp</dimen>
    <dimen name="x504">672.00dp</dimen>
    <dimen name="x505">673.33dp</dimen>
    <dimen name="x506">674.67dp</dimen>
    <dimen name="x507">676.00dp</dimen>
    <dimen name="x508">677.33dp</dimen>
    <dimen name="x509">678.67dp</dimen>
    <dimen name="x510">680.00dp</dimen>
    <dimen name="x511">681.33dp</dimen>
    <dimen name="x512">682.67dp</dimen>
    <dimen name="x513">684.00dp</dimen>
    <dimen name="x514">685.33dp</dimen>
    <dimen name="x515">686.67dp</dimen>
    <dimen name="x516">688.00dp</dimen>
    <dimen name="x517">689.33dp</dimen>
    <dimen name="x518">690.67dp</dimen>
    <dimen name="x519">692.00dp</dimen>
    <dimen name="x520">693.33dp</dimen>
    <dimen name="x521">694.67dp</dimen>
    <dimen name="x522">696.00dp</dimen>
    <dimen name="x523">697.33dp</dimen>
    <dimen name="x524">698.67dp</dimen>
    <dimen name="x525">700.00dp</dimen>
    <dimen name="x526">701.33dp</dimen>
    <dimen name="x527">702.67dp</dimen>
    <dimen name="x528">704.00dp</dimen>
    <dimen name="x529">705.33dp</dimen>
    <dimen name="x530">706.67dp</dimen>
    <dimen name="x531">708.00dp</dimen>
    <dimen name="x532">709.33dp</dimen>
    <dimen name="x533">710.67dp</dimen>
    <dimen name="x534">712.00dp</dimen>
    <dimen name="x535">713.33dp</dimen>
    <dimen name="x536">714.67dp</dimen>
    <dimen name="x537">716.00dp</dimen>
    <dimen name="x538">717.33dp</dimen>
    <dimen name="x539">718.67dp</dimen>
    <dimen name="x540">720.00dp</dimen>
    <dimen name="x541">721.33dp</dimen>
    <dimen name="x542">722.67dp</dimen>
    <dimen name="x543">724.00dp</dimen>
    <dimen name="x544">725.33dp</dimen>
    <dimen name="x545">726.67dp</dimen>
    <dimen name="x546">728.00dp</dimen>
    <dimen name="x547">729.33dp</dimen>
    <dimen name="x548">730.67dp</dimen>
    <dimen name="x549">732.00dp</dimen>
    <dimen name="x550">733.33dp</dimen>
    <dimen name="x551">734.67dp</dimen>
    <dimen name="x552">736.00dp</dimen>
    <dimen name="x553">737.33dp</dimen>
    <dimen name="x554">738.67dp</dimen>
    <dimen name="x555">740.00dp</dimen>
    <dimen name="x556">741.33dp</dimen>
    <dimen name="x557">742.67dp</dimen>
    <dimen name="x558">744.00dp</dimen>
    <dimen name="x559">745.33dp</dimen>
    <dimen name="x560">746.67dp</dimen>
    <dimen name="x561">748.00dp</dimen>
    <dimen name="x562">749.33dp</dimen>
    <dimen name="x563">750.67dp</dimen>
    <dimen name="x564">752.00dp</dimen>
    <dimen name="x565">753.33dp</dimen>
    <dimen name="x566">754.67dp</dimen>
    <dimen name="x567">756.00dp</dimen>
    <dimen name="x568">757.33dp</dimen>
    <dimen name="x569">758.67dp</dimen>
    <dimen name="x570">760.00dp</dimen>
    <dimen name="x571">761.33dp</dimen>
    <dimen name="x572">762.67dp</dimen>
    <dimen name="x573">764.00dp</dimen>
    <dimen name="x574">765.33dp</dimen>
    <dimen name="x575">766.67dp</dimen>
    <dimen name="x576">768.00dp</dimen>
    <dimen name="x577">769.33dp</dimen>
    <dimen name="x578">770.67dp</dimen>
    <dimen name="x579">772.00dp</dimen>
    <dimen name="x580">773.33dp</dimen>
    <dimen name="x581">774.67dp</dimen>
    <dimen name="x582">776.00dp</dimen>
    <dimen name="x583">777.33dp</dimen>
    <dimen name="x584">778.67dp</dimen>
    <dimen name="x585">780.00dp</dimen>
    <dimen name="x586">781.33dp</dimen>
    <dimen name="x587">782.67dp</dimen>
    <dimen name="x588">784.00dp</dimen>
    <dimen name="x589">785.33dp</dimen>
    <dimen name="x590">786.67dp</dimen>
    <dimen name="x591">788.00dp</dimen>
    <dimen name="x592">789.33dp</dimen>
    <dimen name="x593">790.67dp</dimen>
    <dimen name="x594">792.00dp</dimen>
    <dimen name="x595">793.33dp</dimen>
    <dimen name="x596">794.67dp</dimen>
    <dimen name="x597">796.00dp</dimen>
    <dimen name="x598">797.33dp</dimen>
    <dimen name="x599">798.67dp</dimen>
    <dimen name="x600">800.00dp</dimen>
    <dimen name="x601">801.33dp</dimen>
    <dimen name="x602">802.67dp</dimen>
    <dimen name="x603">804.00dp</dimen>
    <dimen name="x604">805.33dp</dimen>
    <dimen name="x605">806.67dp</dimen>
    <dimen name="x606">808.00dp</dimen>
    <dimen name="x607">809.33dp</dimen>
    <dimen name="x608">810.67dp</dimen>
    <dimen name="x609">812.00dp</dimen>
    <dimen name="x610">813.33dp</dimen>
    <dimen name="x611">814.67dp</dimen>
    <dimen name="x612">816.00dp</dimen>
    <dimen name="x613">817.33dp</dimen>
    <dimen name="x614">818.67dp</dimen>
    <dimen name="x615">820.00dp</dimen>
    <dimen name="x616">821.33dp</dimen>
    <dimen name="x617">822.67dp</dimen>
    <dimen name="x618">824.00dp</dimen>
    <dimen name="x619">825.33dp</dimen>
    <dimen name="x620">826.67dp</dimen>
    <dimen name="x621">828.00dp</dimen>
    <dimen name="x622">829.33dp</dimen>
    <dimen name="x623">830.67dp</dimen>
    <dimen name="x624">832.00dp</dimen>
    <dimen name="x625">833.33dp</dimen>
    <dimen name="x626">834.67dp</dimen>
    <dimen name="x627">836.00dp</dimen>
    <dimen name="x628">837.33dp</dimen>
    <dimen name="x629">838.67dp</dimen>
    <dimen name="x630">840.00dp</dimen>
    <dimen name="x631">841.33dp</dimen>
    <dimen name="x632">842.67dp</dimen>
    <dimen name="x633">844.00dp</dimen>
    <dimen name="x634">845.33dp</dimen>
    <dimen name="x635">846.67dp</dimen>
    <dimen name="x636">848.00dp</dimen>
    <dimen name="x637">849.33dp</dimen>
    <dimen name="x638">850.67dp</dimen>
    <dimen name="x639">852.00dp</dimen>
    <dimen name="x640">853.33dp</dimen>
    <dimen name="x641">854.67dp</dimen>
    <dimen name="x642">856.00dp</dimen>
    <dimen name="x643">857.33dp</dimen>
    <dimen name="x644">858.67dp</dimen>
    <dimen name="x645">860.00dp</dimen>
    <dimen name="x646">861.33dp</dimen>
    <dimen name="x647">862.67dp</dimen>
    <dimen name="x648">864.00dp</dimen>
    <dimen name="x649">865.33dp</dimen>
    <dimen name="x650">866.67dp</dimen>
    <dimen name="x651">868.00dp</dimen>
    <dimen name="x652">869.33dp</dimen>
    <dimen name="x653">870.67dp</dimen>
    <dimen name="x654">872.00dp</dimen>
    <dimen name="x655">873.33dp</dimen>
    <dimen name="x656">874.67dp</dimen>
    <dimen name="x657">876.00dp</dimen>
    <dimen name="x658">877.33dp</dimen>
    <dimen name="x659">878.67dp</dimen>
    <dimen name="x660">880.00dp</dimen>
    <dimen name="x661">881.33dp</dimen>
    <dimen name="x662">882.67dp</dimen>
    <dimen name="x663">884.00dp</dimen>
    <dimen name="x664">885.33dp</dimen>
    <dimen name="x665">886.67dp</dimen>
    <dimen name="x666">888.00dp</dimen>
    <dimen name="x667">889.33dp</dimen>
    <dimen name="x668">890.67dp</dimen>
    <dimen name="x669">892.00dp</dimen>
    <dimen name="x670">893.33dp</dimen>
    <dimen name="x671">894.67dp</dimen>
    <dimen name="x672">896.00dp</dimen>
    <dimen name="x673">897.33dp</dimen>
    <dimen name="x674">898.67dp</dimen>
    <dimen name="x675">900.00dp</dimen>
    <dimen name="x676">901.33dp</dimen>
    <dimen name="x677">902.67dp</dimen>
    <dimen name="x678">904.00dp</dimen>
    <dimen name="x679">905.33dp</dimen>
    <dimen name="x680">906.67dp</dimen>
    <dimen name="x681">908.00dp</dimen>
    <dimen name="x682">909.33dp</dimen>
    <dimen name="x683">910.67dp</dimen>
    <dimen name="x684">912.00dp</dimen>
    <dimen name="x685">913.33dp</dimen>
    <dimen name="x686">914.67dp</dimen>
    <dimen name="x687">916.00dp</dimen>
    <dimen name="x688">917.33dp</dimen>
    <dimen name="x689">918.67dp</dimen>
    <dimen name="x690">920.00dp</dimen>
    <dimen name="x691">921.33dp</dimen>
    <dimen name="x692">922.67dp</dimen>
    <dimen name="x693">924.00dp</dimen>
    <dimen name="x694">925.33dp</dimen>
    <dimen name="x695">926.67dp</dimen>
    <dimen name="x696">928.00dp</dimen>
    <dimen name="x697">929.33dp</dimen>
    <dimen name="x698">930.67dp</dimen>
    <dimen name="x699">932.00dp</dimen>
    <dimen name="x700">933.33dp</dimen>
    <dimen name="x701">934.67dp</dimen>
    <dimen name="x702">936.00dp</dimen>
    <dimen name="x703">937.33dp</dimen>
    <dimen name="x704">938.67dp</dimen>
    <dimen name="x705">940.00dp</dimen>
    <dimen name="x706">941.33dp</dimen>
    <dimen name="x707">942.67dp</dimen>
    <dimen name="x708">944.00dp</dimen>
    <dimen name="x709">945.33dp</dimen>
    <dimen name="x710">946.67dp</dimen>
    <dimen name="x711">948.00dp</dimen>
    <dimen name="x712">949.33dp</dimen>
    <dimen name="x713">950.67dp</dimen>
    <dimen name="x714">952.00dp</dimen>
    <dimen name="x715">953.33dp</dimen>
    <dimen name="x716">954.67dp</dimen>
    <dimen name="x717">956.00dp</dimen>
    <dimen name="x718">957.33dp</dimen>
    <dimen name="x719">958.67dp</dimen>
    <dimen name="x720">960.00dp</dimen>
    <dimen name="x721">961.33dp</dimen>
    <dimen name="x722">962.67dp</dimen>
    <dimen name="x723">964.00dp</dimen>
    <dimen name="x724">965.33dp</dimen>
    <dimen name="x725">966.67dp</dimen>
    <dimen name="x726">968.00dp</dimen>
    <dimen name="x727">969.33dp</dimen>
    <dimen name="x728">970.67dp</dimen>
    <dimen name="x729">972.00dp</dimen>
    <dimen name="x730">973.33dp</dimen>
    <dimen name="x731">974.67dp</dimen>
    <dimen name="x732">976.00dp</dimen>
    <dimen name="x733">977.33dp</dimen>
    <dimen name="x734">978.67dp</dimen>
    <dimen name="x735">980.00dp</dimen>
    <dimen name="x736">981.33dp</dimen>
    <dimen name="x737">982.67dp</dimen>
    <dimen name="x738">984.00dp</dimen>
    <dimen name="x739">985.33dp</dimen>
    <dimen name="x740">986.67dp</dimen>
    <dimen name="x741">988.00dp</dimen>
    <dimen name="x742">989.33dp</dimen>
    <dimen name="x743">990.67dp</dimen>
    <dimen name="x744">992.00dp</dimen>
    <dimen name="x745">993.33dp</dimen>
    <dimen name="x746">994.67dp</dimen>
    <dimen name="x747">996.00dp</dimen>
    <dimen name="x748">997.33dp</dimen>
    <dimen name="x749">998.67dp</dimen>
    <dimen name="x750">1000.00dp</dimen>
    <dimen name="x751">1001.33dp</dimen>
    <dimen name="x752">1002.67dp</dimen>
    <dimen name="x753">1004.00dp</dimen>
    <dimen name="x754">1005.33dp</dimen>
    <dimen name="x755">1006.67dp</dimen>
    <dimen name="x756">1008.00dp</dimen>
    <dimen name="x757">1009.33dp</dimen>
    <dimen name="x758">1010.67dp</dimen>
    <dimen name="x759">1012.00dp</dimen>
    <dimen name="x760">1013.33dp</dimen>
    <dimen name="x761">1014.67dp</dimen>
    <dimen name="x762">1016.00dp</dimen>
    <dimen name="x763">1017.33dp</dimen>
    <dimen name="x764">1018.67dp</dimen>
    <dimen name="x765">1020.00dp</dimen>
    <dimen name="x766">1021.33dp</dimen>
    <dimen name="x767">1022.67dp</dimen>
    <dimen name="x768">1024.00dp</dimen>
    <dimen name="x769">1025.33dp</dimen>
    <dimen name="x770">1026.67dp</dimen>
    <dimen name="x771">1028.00dp</dimen>
    <dimen name="x772">1029.33dp</dimen>
    <dimen name="x773">1030.67dp</dimen>
    <dimen name="x774">1032.00dp</dimen>
    <dimen name="x775">1033.33dp</dimen>
    <dimen name="x776">1034.67dp</dimen>
    <dimen name="x777">1036.00dp</dimen>
    <dimen name="x778">1037.33dp</dimen>
    <dimen name="x779">1038.67dp</dimen>
    <dimen name="x780">1040.00dp</dimen>
    <dimen name="x781">1041.33dp</dimen>
    <dimen name="x782">1042.67dp</dimen>
    <dimen name="x783">1044.00dp</dimen>
    <dimen name="x784">1045.33dp</dimen>
    <dimen name="x785">1046.67dp</dimen>
    <dimen name="x786">1048.00dp</dimen>
    <dimen name="x787">1049.33dp</dimen>
    <dimen name="x788">1050.67dp</dimen>
    <dimen name="x789">1052.00dp</dimen>
    <dimen name="x790">1053.33dp</dimen>
    <dimen name="x791">1054.67dp</dimen>
    <dimen name="x792">1056.00dp</dimen>
    <dimen name="x793">1057.33dp</dimen>
    <dimen name="x794">1058.67dp</dimen>
    <dimen name="x795">1060.00dp</dimen>
    <dimen name="x796">1061.33dp</dimen>
    <dimen name="x797">1062.67dp</dimen>
    <dimen name="x798">1064.00dp</dimen>
    <dimen name="x799">1065.33dp</dimen>
    <dimen name="x800">1066.67dp</dimen>
    <dimen name="x801">1068.00dp</dimen>
    <dimen name="x802">1069.33dp</dimen>
    <dimen name="x803">1070.67dp</dimen>
    <dimen name="x804">1072.00dp</dimen>
    <dimen name="x805">1073.33dp</dimen>
    <dimen name="x806">1074.67dp</dimen>
    <dimen name="x807">1076.00dp</dimen>
    <dimen name="x808">1077.33dp</dimen>
    <dimen name="x809">1078.67dp</dimen>
    <dimen name="x810">1080.00dp</dimen>
    <dimen name="x811">1081.33dp</dimen>
    <dimen name="x812">1082.67dp</dimen>
    <dimen name="x813">1084.00dp</dimen>
    <dimen name="x814">1085.33dp</dimen>
    <dimen name="x815">1086.67dp</dimen>
    <dimen name="x816">1088.00dp</dimen>
    <dimen name="x817">1089.33dp</dimen>
    <dimen name="x818">1090.67dp</dimen>
    <dimen name="x819">1092.00dp</dimen>
    <dimen name="x820">1093.33dp</dimen>
    <dimen name="x821">1094.67dp</dimen>
    <dimen name="x822">1096.00dp</dimen>
    <dimen name="x823">1097.33dp</dimen>
    <dimen name="x824">1098.67dp</dimen>
    <dimen name="x825">1100.00dp</dimen>
    <dimen name="x826">1101.33dp</dimen>
    <dimen name="x827">1102.67dp</dimen>
    <dimen name="x828">1104.00dp</dimen>
    <dimen name="x829">1105.33dp</dimen>
    <dimen name="x830">1106.67dp</dimen>
    <dimen name="x831">1108.00dp</dimen>
    <dimen name="x832">1109.33dp</dimen>
    <dimen name="x833">1110.67dp</dimen>
    <dimen name="x834">1112.00dp</dimen>
    <dimen name="x835">1113.33dp</dimen>
    <dimen name="x836">1114.67dp</dimen>
    <dimen name="x837">1116.00dp</dimen>
    <dimen name="x838">1117.33dp</dimen>
    <dimen name="x839">1118.67dp</dimen>
    <dimen name="x840">1120.00dp</dimen>
    <dimen name="x841">1121.33dp</dimen>
    <dimen name="x842">1122.67dp</dimen>
    <dimen name="x843">1124.00dp</dimen>
    <dimen name="x844">1125.33dp</dimen>
    <dimen name="x845">1126.67dp</dimen>
    <dimen name="x846">1128.00dp</dimen>
    <dimen name="x847">1129.33dp</dimen>
    <dimen name="x848">1130.67dp</dimen>
    <dimen name="x849">1132.00dp</dimen>
    <dimen name="x850">1133.33dp</dimen>
    <dimen name="x851">1134.67dp</dimen>
    <dimen name="x852">1136.00dp</dimen>
    <dimen name="x853">1137.33dp</dimen>
    <dimen name="x854">1138.67dp</dimen>
    <dimen name="x855">1140.00dp</dimen>
    <dimen name="x856">1141.33dp</dimen>
    <dimen name="x857">1142.67dp</dimen>
    <dimen name="x858">1144.00dp</dimen>
    <dimen name="x859">1145.33dp</dimen>
    <dimen name="x860">1146.67dp</dimen>
    <dimen name="x861">1148.00dp</dimen>
    <dimen name="x862">1149.33dp</dimen>
    <dimen name="x863">1150.67dp</dimen>
    <dimen name="x864">1152.00dp</dimen>
    <dimen name="x865">1153.33dp</dimen>
    <dimen name="x866">1154.67dp</dimen>
    <dimen name="x867">1156.00dp</dimen>
    <dimen name="x868">1157.33dp</dimen>
    <dimen name="x869">1158.67dp</dimen>
    <dimen name="x870">1160.00dp</dimen>
    <dimen name="x871">1161.33dp</dimen>
    <dimen name="x872">1162.67dp</dimen>
    <dimen name="x873">1164.00dp</dimen>
    <dimen name="x874">1165.33dp</dimen>
    <dimen name="x875">1166.67dp</dimen>
    <dimen name="x876">1168.00dp</dimen>
    <dimen name="x877">1169.33dp</dimen>
    <dimen name="x878">1170.67dp</dimen>
    <dimen name="x879">1172.00dp</dimen>
    <dimen name="x880">1173.33dp</dimen>
    <dimen name="x881">1174.67dp</dimen>
    <dimen name="x882">1176.00dp</dimen>
    <dimen name="x883">1177.33dp</dimen>
    <dimen name="x884">1178.67dp</dimen>
    <dimen name="x885">1180.00dp</dimen>
    <dimen name="x886">1181.33dp</dimen>
    <dimen name="x887">1182.67dp</dimen>
    <dimen name="x888">1184.00dp</dimen>
    <dimen name="x889">1185.33dp</dimen>
    <dimen name="x890">1186.67dp</dimen>
    <dimen name="x891">1188.00dp</dimen>
    <dimen name="x892">1189.33dp</dimen>
    <dimen name="x893">1190.67dp</dimen>
    <dimen name="x894">1192.00dp</dimen>
    <dimen name="x895">1193.33dp</dimen>
    <dimen name="x896">1194.67dp</dimen>
    <dimen name="x897">1196.00dp</dimen>
    <dimen name="x898">1197.33dp</dimen>
    <dimen name="x899">1198.67dp</dimen>
    <dimen name="x900">1200.00dp</dimen>
    <dimen name="x901">1201.33dp</dimen>
    <dimen name="x902">1202.67dp</dimen>
    <dimen name="x903">1204.00dp</dimen>
    <dimen name="x904">1205.33dp</dimen>
    <dimen name="x905">1206.67dp</dimen>
    <dimen name="x906">1208.00dp</dimen>
    <dimen name="x907">1209.33dp</dimen>
    <dimen name="x908">1210.67dp</dimen>
    <dimen name="x909">1212.00dp</dimen>
    <dimen name="x910">1213.33dp</dimen>
    <dimen name="x911">1214.67dp</dimen>
    <dimen name="x912">1216.00dp</dimen>
    <dimen name="x913">1217.33dp</dimen>
    <dimen name="x914">1218.67dp</dimen>
    <dimen name="x915">1220.00dp</dimen>
    <dimen name="x916">1221.33dp</dimen>
    <dimen name="x917">1222.67dp</dimen>
    <dimen name="x918">1224.00dp</dimen>
    <dimen name="x919">1225.33dp</dimen>
    <dimen name="x920">1226.67dp</dimen>
    <dimen name="x921">1228.00dp</dimen>
    <dimen name="x922">1229.33dp</dimen>
    <dimen name="x923">1230.67dp</dimen>
    <dimen name="x924">1232.00dp</dimen>
    <dimen name="x925">1233.33dp</dimen>
    <dimen name="x926">1234.67dp</dimen>
    <dimen name="x927">1236.00dp</dimen>
    <dimen name="x928">1237.33dp</dimen>
    <dimen name="x929">1238.67dp</dimen>
    <dimen name="x930">1240.00dp</dimen>
    <dimen name="x931">1241.33dp</dimen>
    <dimen name="x932">1242.67dp</dimen>
    <dimen name="x933">1244.00dp</dimen>
    <dimen name="x934">1245.33dp</dimen>
    <dimen name="x935">1246.67dp</dimen>
    <dimen name="x936">1248.00dp</dimen>
    <dimen name="x937">1249.33dp</dimen>
    <dimen name="x938">1250.67dp</dimen>
    <dimen name="x939">1252.00dp</dimen>
    <dimen name="x940">1253.33dp</dimen>
    <dimen name="x941">1254.67dp</dimen>
    <dimen name="x942">1256.00dp</dimen>
    <dimen name="x943">1257.33dp</dimen>
    <dimen name="x944">1258.67dp</dimen>
    <dimen name="x945">1260.00dp</dimen>
    <dimen name="x946">1261.33dp</dimen>
    <dimen name="x947">1262.67dp</dimen>
    <dimen name="x948">1264.00dp</dimen>
    <dimen name="x949">1265.33dp</dimen>
    <dimen name="x950">1266.67dp</dimen>
    <dimen name="x951">1268.00dp</dimen>
    <dimen name="x952">1269.33dp</dimen>
    <dimen name="x953">1270.67dp</dimen>
    <dimen name="x954">1272.00dp</dimen>
    <dimen name="x955">1273.33dp</dimen>
    <dimen name="x956">1274.67dp</dimen>
    <dimen name="x957">1276.00dp</dimen>
    <dimen name="x958">1277.33dp</dimen>
    <dimen name="x959">1278.67dp</dimen>
    <dimen name="x960">1280.00dp</dimen>
    <dimen name="x961">1281.33dp</dimen>
    <dimen name="x962">1282.67dp</dimen>
    <dimen name="x963">1284.00dp</dimen>
    <dimen name="x964">1285.33dp</dimen>
    <dimen name="x965">1286.67dp</dimen>
    <dimen name="x966">1288.00dp</dimen>
    <dimen name="x967">1289.33dp</dimen>
    <dimen name="x968">1290.67dp</dimen>
    <dimen name="x969">1292.00dp</dimen>
    <dimen name="x970">1293.33dp</dimen>
    <dimen name="x971">1294.67dp</dimen>
    <dimen name="x972">1296.00dp</dimen>
    <dimen name="x973">1297.33dp</dimen>
    <dimen name="x974">1298.67dp</dimen>
    <dimen name="x975">1300.00dp</dimen>
    <dimen name="x976">1301.33dp</dimen>
    <dimen name="x977">1302.67dp</dimen>
    <dimen name="x978">1304.00dp</dimen>
    <dimen name="x979">1305.33dp</dimen>
    <dimen name="x980">1306.67dp</dimen>
    <dimen name="x981">1308.00dp</dimen>
    <dimen name="x982">1309.33dp</dimen>
    <dimen name="x983">1310.67dp</dimen>
    <dimen name="x984">1312.00dp</dimen>
    <dimen name="x985">1313.33dp</dimen>
    <dimen name="x986">1314.67dp</dimen>
    <dimen name="x987">1316.00dp</dimen>
    <dimen name="x988">1317.33dp</dimen>
    <dimen name="x989">1318.67dp</dimen>
    <dimen name="x990">1320.00dp</dimen>
    <dimen name="x991">1321.33dp</dimen>
    <dimen name="x992">1322.67dp</dimen>
    <dimen name="x993">1324.00dp</dimen>
    <dimen name="x994">1325.33dp</dimen>
    <dimen name="x995">1326.67dp</dimen>
    <dimen name="x996">1328.00dp</dimen>
    <dimen name="x997">1329.33dp</dimen>
    <dimen name="x998">1330.67dp</dimen>
    <dimen name="x999">1332.00dp</dimen>
    <dimen name="x1000">1333.33dp</dimen>
    <dimen name="x1001">1334.67dp</dimen>
    <dimen name="x1002">1336.00dp</dimen>
    <dimen name="x1003">1337.33dp</dimen>
    <dimen name="x1004">1338.67dp</dimen>
    <dimen name="x1005">1340.00dp</dimen>
    <dimen name="x1006">1341.33dp</dimen>
    <dimen name="x1007">1342.67dp</dimen>
    <dimen name="x1008">1344.00dp</dimen>
    <dimen name="x1009">1345.33dp</dimen>
    <dimen name="x1010">1346.67dp</dimen>
    <dimen name="x1011">1348.00dp</dimen>
    <dimen name="x1012">1349.33dp</dimen>
    <dimen name="x1013">1350.67dp</dimen>
    <dimen name="x1014">1352.00dp</dimen>
    <dimen name="x1015">1353.33dp</dimen>
    <dimen name="x1016">1354.67dp</dimen>
    <dimen name="x1017">1356.00dp</dimen>
    <dimen name="x1018">1357.33dp</dimen>
    <dimen name="x1019">1358.67dp</dimen>
    <dimen name="x1020">1360.00dp</dimen>
    <dimen name="x1021">1361.33dp</dimen>
    <dimen name="x1022">1362.67dp</dimen>
    <dimen name="x1023">1364.00dp</dimen>
    <dimen name="x1024">1365.33dp</dimen>
    <dimen name="x1025">1366.67dp</dimen>
    <dimen name="x1026">1368.00dp</dimen>
    <dimen name="x1027">1369.33dp</dimen>
    <dimen name="x1028">1370.67dp</dimen>
    <dimen name="x1029">1372.00dp</dimen>
    <dimen name="x1030">1373.33dp</dimen>
    <dimen name="x1031">1374.67dp</dimen>
    <dimen name="x1032">1376.00dp</dimen>
    <dimen name="x1033">1377.33dp</dimen>
    <dimen name="x1034">1378.67dp</dimen>
    <dimen name="x1035">1380.00dp</dimen>
    <dimen name="x1036">1381.33dp</dimen>
    <dimen name="x1037">1382.67dp</dimen>
    <dimen name="x1038">1384.00dp</dimen>
    <dimen name="x1039">1385.33dp</dimen>
    <dimen name="x1040">1386.67dp</dimen>
    <dimen name="x1041">1388.00dp</dimen>
    <dimen name="x1042">1389.33dp</dimen>
    <dimen name="x1043">1390.67dp</dimen>
    <dimen name="x1044">1392.00dp</dimen>
    <dimen name="x1045">1393.33dp</dimen>
    <dimen name="x1046">1394.67dp</dimen>
    <dimen name="x1047">1396.00dp</dimen>
    <dimen name="x1048">1397.33dp</dimen>
    <dimen name="x1049">1398.67dp</dimen>
    <dimen name="x1050">1400.00dp</dimen>
    <dimen name="x1051">1401.33dp</dimen>
    <dimen name="x1052">1402.67dp</dimen>
    <dimen name="x1053">1404.00dp</dimen>
    <dimen name="x1054">1405.33dp</dimen>
    <dimen name="x1055">1406.67dp</dimen>
    <dimen name="x1056">1408.00dp</dimen>
    <dimen name="x1057">1409.33dp</dimen>
    <dimen name="x1058">1410.67dp</dimen>
    <dimen name="x1059">1412.00dp</dimen>
    <dimen name="x1060">1413.33dp</dimen>
    <dimen name="x1061">1414.67dp</dimen>
    <dimen name="x1062">1416.00dp</dimen>
    <dimen name="x1063">1417.33dp</dimen>
    <dimen name="x1064">1418.67dp</dimen>
    <dimen name="x1065">1420.00dp</dimen>
    <dimen name="x1066">1421.33dp</dimen>
    <dimen name="x1067">1422.67dp</dimen>
    <dimen name="x1068">1424.00dp</dimen>
    <dimen name="x1069">1425.33dp</dimen>
    <dimen name="x1070">1426.67dp</dimen>
    <dimen name="x1071">1428.00dp</dimen>
    <dimen name="x1072">1429.33dp</dimen>
    <dimen name="x1073">1430.67dp</dimen>
    <dimen name="x1074">1432.00dp</dimen>
    <dimen name="x1075">1433.33dp</dimen>
    <dimen name="x1076">1434.67dp</dimen>
    <dimen name="x1077">1436.00dp</dimen>
    <dimen name="x1078">1437.33dp</dimen>
    <dimen name="x1079">1438.67dp</dimen>
    <dimen name="x1080">1440.00dp</dimen>
</resources>