<?xml version="1.0" encoding="utf-8"?>
<resources>
    <string name="sw_dp">1050dp</string>
    <dimen name="x1">0.97dp</dimen>
    <dimen name="x2">1.94dp</dimen>
    <dimen name="x3">2.92dp</dimen>
    <dimen name="x4">3.89dp</dimen>
    <dimen name="x5">4.86dp</dimen>
    <dimen name="x6">5.83dp</dimen>
    <dimen name="x7">6.81dp</dimen>
    <dimen name="x8">7.78dp</dimen>
    <dimen name="x9">8.75dp</dimen>
    <dimen name="x10">9.72dp</dimen>
    <dimen name="x11">10.69dp</dimen>
    <dimen name="x12">11.67dp</dimen>
    <dimen name="x13">12.64dp</dimen>
    <dimen name="x14">13.61dp</dimen>
    <dimen name="x15">14.58dp</dimen>
    <dimen name="x16">15.56dp</dimen>
    <dimen name="x17">16.53dp</dimen>
    <dimen name="x18">17.50dp</dimen>
    <dimen name="x19">18.47dp</dimen>
    <dimen name="x20">19.44dp</dimen>
    <dimen name="x21">20.42dp</dimen>
    <dimen name="x22">21.39dp</dimen>
    <dimen name="x23">22.36dp</dimen>
    <dimen name="x24">23.33dp</dimen>
    <dimen name="x25">24.31dp</dimen>
    <dimen name="x26">25.28dp</dimen>
    <dimen name="x27">26.25dp</dimen>
    <dimen name="x28">27.22dp</dimen>
    <dimen name="x29">28.19dp</dimen>
    <dimen name="x30">29.17dp</dimen>
    <dimen name="x31">30.14dp</dimen>
    <dimen name="x32">31.11dp</dimen>
    <dimen name="x33">32.08dp</dimen>
    <dimen name="x34">33.06dp</dimen>
    <dimen name="x35">34.03dp</dimen>
    <dimen name="x36">35.00dp</dimen>
    <dimen name="x37">35.97dp</dimen>
    <dimen name="x38">36.94dp</dimen>
    <dimen name="x39">37.92dp</dimen>
    <dimen name="x40">38.89dp</dimen>
    <dimen name="x41">39.86dp</dimen>
    <dimen name="x42">40.83dp</dimen>
    <dimen name="x43">41.81dp</dimen>
    <dimen name="x44">42.78dp</dimen>
    <dimen name="x45">43.75dp</dimen>
    <dimen name="x46">44.72dp</dimen>
    <dimen name="x47">45.69dp</dimen>
    <dimen name="x48">46.67dp</dimen>
    <dimen name="x49">47.64dp</dimen>
    <dimen name="x50">48.61dp</dimen>
    <dimen name="x51">49.58dp</dimen>
    <dimen name="x52">50.56dp</dimen>
    <dimen name="x53">51.53dp</dimen>
    <dimen name="x54">52.50dp</dimen>
    <dimen name="x55">53.47dp</dimen>
    <dimen name="x56">54.44dp</dimen>
    <dimen name="x57">55.42dp</dimen>
    <dimen name="x58">56.39dp</dimen>
    <dimen name="x59">57.36dp</dimen>
    <dimen name="x60">58.33dp</dimen>
    <dimen name="x61">59.31dp</dimen>
    <dimen name="x62">60.28dp</dimen>
    <dimen name="x63">61.25dp</dimen>
    <dimen name="x64">62.22dp</dimen>
    <dimen name="x65">63.19dp</dimen>
    <dimen name="x66">64.17dp</dimen>
    <dimen name="x67">65.14dp</dimen>
    <dimen name="x68">66.11dp</dimen>
    <dimen name="x69">67.08dp</dimen>
    <dimen name="x70">68.06dp</dimen>
    <dimen name="x71">69.03dp</dimen>
    <dimen name="x72">70.00dp</dimen>
    <dimen name="x73">70.97dp</dimen>
    <dimen name="x74">71.94dp</dimen>
    <dimen name="x75">72.92dp</dimen>
    <dimen name="x76">73.89dp</dimen>
    <dimen name="x77">74.86dp</dimen>
    <dimen name="x78">75.83dp</dimen>
    <dimen name="x79">76.81dp</dimen>
    <dimen name="x80">77.78dp</dimen>
    <dimen name="x81">78.75dp</dimen>
    <dimen name="x82">79.72dp</dimen>
    <dimen name="x83">80.69dp</dimen>
    <dimen name="x84">81.67dp</dimen>
    <dimen name="x85">82.64dp</dimen>
    <dimen name="x86">83.61dp</dimen>
    <dimen name="x87">84.58dp</dimen>
    <dimen name="x88">85.56dp</dimen>
    <dimen name="x89">86.53dp</dimen>
    <dimen name="x90">87.50dp</dimen>
    <dimen name="x91">88.47dp</dimen>
    <dimen name="x92">89.44dp</dimen>
    <dimen name="x93">90.42dp</dimen>
    <dimen name="x94">91.39dp</dimen>
    <dimen name="x95">92.36dp</dimen>
    <dimen name="x96">93.33dp</dimen>
    <dimen name="x97">94.31dp</dimen>
    <dimen name="x98">95.28dp</dimen>
    <dimen name="x99">96.25dp</dimen>
    <dimen name="x100">97.22dp</dimen>
    <dimen name="x101">98.19dp</dimen>
    <dimen name="x102">99.17dp</dimen>
    <dimen name="x103">100.14dp</dimen>
    <dimen name="x104">101.11dp</dimen>
    <dimen name="x105">102.08dp</dimen>
    <dimen name="x106">103.06dp</dimen>
    <dimen name="x107">104.03dp</dimen>
    <dimen name="x108">105.00dp</dimen>
    <dimen name="x109">105.97dp</dimen>
    <dimen name="x110">106.94dp</dimen>
    <dimen name="x111">107.92dp</dimen>
    <dimen name="x112">108.89dp</dimen>
    <dimen name="x113">109.86dp</dimen>
    <dimen name="x114">110.83dp</dimen>
    <dimen name="x115">111.81dp</dimen>
    <dimen name="x116">112.78dp</dimen>
    <dimen name="x117">113.75dp</dimen>
    <dimen name="x118">114.72dp</dimen>
    <dimen name="x119">115.69dp</dimen>
    <dimen name="x120">116.67dp</dimen>
    <dimen name="x121">117.64dp</dimen>
    <dimen name="x122">118.61dp</dimen>
    <dimen name="x123">119.58dp</dimen>
    <dimen name="x124">120.56dp</dimen>
    <dimen name="x125">121.53dp</dimen>
    <dimen name="x126">122.50dp</dimen>
    <dimen name="x127">123.47dp</dimen>
    <dimen name="x128">124.44dp</dimen>
    <dimen name="x129">125.42dp</dimen>
    <dimen name="x130">126.39dp</dimen>
    <dimen name="x131">127.36dp</dimen>
    <dimen name="x132">128.33dp</dimen>
    <dimen name="x133">129.31dp</dimen>
    <dimen name="x134">130.28dp</dimen>
    <dimen name="x135">131.25dp</dimen>
    <dimen name="x136">132.22dp</dimen>
    <dimen name="x137">133.19dp</dimen>
    <dimen name="x138">134.17dp</dimen>
    <dimen name="x139">135.14dp</dimen>
    <dimen name="x140">136.11dp</dimen>
    <dimen name="x141">137.08dp</dimen>
    <dimen name="x142">138.06dp</dimen>
    <dimen name="x143">139.03dp</dimen>
    <dimen name="x144">140.00dp</dimen>
    <dimen name="x145">140.97dp</dimen>
    <dimen name="x146">141.94dp</dimen>
    <dimen name="x147">142.92dp</dimen>
    <dimen name="x148">143.89dp</dimen>
    <dimen name="x149">144.86dp</dimen>
    <dimen name="x150">145.83dp</dimen>
    <dimen name="x151">146.81dp</dimen>
    <dimen name="x152">147.78dp</dimen>
    <dimen name="x153">148.75dp</dimen>
    <dimen name="x154">149.72dp</dimen>
    <dimen name="x155">150.69dp</dimen>
    <dimen name="x156">151.67dp</dimen>
    <dimen name="x157">152.64dp</dimen>
    <dimen name="x158">153.61dp</dimen>
    <dimen name="x159">154.58dp</dimen>
    <dimen name="x160">155.56dp</dimen>
    <dimen name="x161">156.53dp</dimen>
    <dimen name="x162">157.50dp</dimen>
    <dimen name="x163">158.47dp</dimen>
    <dimen name="x164">159.44dp</dimen>
    <dimen name="x165">160.42dp</dimen>
    <dimen name="x166">161.39dp</dimen>
    <dimen name="x167">162.36dp</dimen>
    <dimen name="x168">163.33dp</dimen>
    <dimen name="x169">164.31dp</dimen>
    <dimen name="x170">165.28dp</dimen>
    <dimen name="x171">166.25dp</dimen>
    <dimen name="x172">167.22dp</dimen>
    <dimen name="x173">168.19dp</dimen>
    <dimen name="x174">169.17dp</dimen>
    <dimen name="x175">170.14dp</dimen>
    <dimen name="x176">171.11dp</dimen>
    <dimen name="x177">172.08dp</dimen>
    <dimen name="x178">173.06dp</dimen>
    <dimen name="x179">174.03dp</dimen>
    <dimen name="x180">175.00dp</dimen>
    <dimen name="x181">175.97dp</dimen>
    <dimen name="x182">176.94dp</dimen>
    <dimen name="x183">177.92dp</dimen>
    <dimen name="x184">178.89dp</dimen>
    <dimen name="x185">179.86dp</dimen>
    <dimen name="x186">180.83dp</dimen>
    <dimen name="x187">181.81dp</dimen>
    <dimen name="x188">182.78dp</dimen>
    <dimen name="x189">183.75dp</dimen>
    <dimen name="x190">184.72dp</dimen>
    <dimen name="x191">185.69dp</dimen>
    <dimen name="x192">186.67dp</dimen>
    <dimen name="x193">187.64dp</dimen>
    <dimen name="x194">188.61dp</dimen>
    <dimen name="x195">189.58dp</dimen>
    <dimen name="x196">190.56dp</dimen>
    <dimen name="x197">191.53dp</dimen>
    <dimen name="x198">192.50dp</dimen>
    <dimen name="x199">193.47dp</dimen>
    <dimen name="x200">194.44dp</dimen>
    <dimen name="x201">195.42dp</dimen>
    <dimen name="x202">196.39dp</dimen>
    <dimen name="x203">197.36dp</dimen>
    <dimen name="x204">198.33dp</dimen>
    <dimen name="x205">199.31dp</dimen>
    <dimen name="x206">200.28dp</dimen>
    <dimen name="x207">201.25dp</dimen>
    <dimen name="x208">202.22dp</dimen>
    <dimen name="x209">203.19dp</dimen>
    <dimen name="x210">204.17dp</dimen>
    <dimen name="x211">205.14dp</dimen>
    <dimen name="x212">206.11dp</dimen>
    <dimen name="x213">207.08dp</dimen>
    <dimen name="x214">208.06dp</dimen>
    <dimen name="x215">209.03dp</dimen>
    <dimen name="x216">210.00dp</dimen>
    <dimen name="x217">210.97dp</dimen>
    <dimen name="x218">211.94dp</dimen>
    <dimen name="x219">212.92dp</dimen>
    <dimen name="x220">213.89dp</dimen>
    <dimen name="x221">214.86dp</dimen>
    <dimen name="x222">215.83dp</dimen>
    <dimen name="x223">216.81dp</dimen>
    <dimen name="x224">217.78dp</dimen>
    <dimen name="x225">218.75dp</dimen>
    <dimen name="x226">219.72dp</dimen>
    <dimen name="x227">220.69dp</dimen>
    <dimen name="x228">221.67dp</dimen>
    <dimen name="x229">222.64dp</dimen>
    <dimen name="x230">223.61dp</dimen>
    <dimen name="x231">224.58dp</dimen>
    <dimen name="x232">225.56dp</dimen>
    <dimen name="x233">226.53dp</dimen>
    <dimen name="x234">227.50dp</dimen>
    <dimen name="x235">228.47dp</dimen>
    <dimen name="x236">229.44dp</dimen>
    <dimen name="x237">230.42dp</dimen>
    <dimen name="x238">231.39dp</dimen>
    <dimen name="x239">232.36dp</dimen>
    <dimen name="x240">233.33dp</dimen>
    <dimen name="x241">234.31dp</dimen>
    <dimen name="x242">235.28dp</dimen>
    <dimen name="x243">236.25dp</dimen>
    <dimen name="x244">237.22dp</dimen>
    <dimen name="x245">238.19dp</dimen>
    <dimen name="x246">239.17dp</dimen>
    <dimen name="x247">240.14dp</dimen>
    <dimen name="x248">241.11dp</dimen>
    <dimen name="x249">242.08dp</dimen>
    <dimen name="x250">243.06dp</dimen>
    <dimen name="x251">244.03dp</dimen>
    <dimen name="x252">245.00dp</dimen>
    <dimen name="x253">245.97dp</dimen>
    <dimen name="x254">246.94dp</dimen>
    <dimen name="x255">247.92dp</dimen>
    <dimen name="x256">248.89dp</dimen>
    <dimen name="x257">249.86dp</dimen>
    <dimen name="x258">250.83dp</dimen>
    <dimen name="x259">251.81dp</dimen>
    <dimen name="x260">252.78dp</dimen>
    <dimen name="x261">253.75dp</dimen>
    <dimen name="x262">254.72dp</dimen>
    <dimen name="x263">255.69dp</dimen>
    <dimen name="x264">256.67dp</dimen>
    <dimen name="x265">257.64dp</dimen>
    <dimen name="x266">258.61dp</dimen>
    <dimen name="x267">259.58dp</dimen>
    <dimen name="x268">260.56dp</dimen>
    <dimen name="x269">261.53dp</dimen>
    <dimen name="x270">262.50dp</dimen>
    <dimen name="x271">263.47dp</dimen>
    <dimen name="x272">264.44dp</dimen>
    <dimen name="x273">265.42dp</dimen>
    <dimen name="x274">266.39dp</dimen>
    <dimen name="x275">267.36dp</dimen>
    <dimen name="x276">268.33dp</dimen>
    <dimen name="x277">269.31dp</dimen>
    <dimen name="x278">270.28dp</dimen>
    <dimen name="x279">271.25dp</dimen>
    <dimen name="x280">272.22dp</dimen>
    <dimen name="x281">273.19dp</dimen>
    <dimen name="x282">274.17dp</dimen>
    <dimen name="x283">275.14dp</dimen>
    <dimen name="x284">276.11dp</dimen>
    <dimen name="x285">277.08dp</dimen>
    <dimen name="x286">278.06dp</dimen>
    <dimen name="x287">279.03dp</dimen>
    <dimen name="x288">280.00dp</dimen>
    <dimen name="x289">280.97dp</dimen>
    <dimen name="x290">281.94dp</dimen>
    <dimen name="x291">282.92dp</dimen>
    <dimen name="x292">283.89dp</dimen>
    <dimen name="x293">284.86dp</dimen>
    <dimen name="x294">285.83dp</dimen>
    <dimen name="x295">286.81dp</dimen>
    <dimen name="x296">287.78dp</dimen>
    <dimen name="x297">288.75dp</dimen>
    <dimen name="x298">289.72dp</dimen>
    <dimen name="x299">290.69dp</dimen>
    <dimen name="x300">291.67dp</dimen>
    <dimen name="x301">292.64dp</dimen>
    <dimen name="x302">293.61dp</dimen>
    <dimen name="x303">294.58dp</dimen>
    <dimen name="x304">295.56dp</dimen>
    <dimen name="x305">296.53dp</dimen>
    <dimen name="x306">297.50dp</dimen>
    <dimen name="x307">298.47dp</dimen>
    <dimen name="x308">299.44dp</dimen>
    <dimen name="x309">300.42dp</dimen>
    <dimen name="x310">301.39dp</dimen>
    <dimen name="x311">302.36dp</dimen>
    <dimen name="x312">303.33dp</dimen>
    <dimen name="x313">304.31dp</dimen>
    <dimen name="x314">305.28dp</dimen>
    <dimen name="x315">306.25dp</dimen>
    <dimen name="x316">307.22dp</dimen>
    <dimen name="x317">308.19dp</dimen>
    <dimen name="x318">309.17dp</dimen>
    <dimen name="x319">310.14dp</dimen>
    <dimen name="x320">311.11dp</dimen>
    <dimen name="x321">312.08dp</dimen>
    <dimen name="x322">313.06dp</dimen>
    <dimen name="x323">314.03dp</dimen>
    <dimen name="x324">315.00dp</dimen>
    <dimen name="x325">315.97dp</dimen>
    <dimen name="x326">316.94dp</dimen>
    <dimen name="x327">317.92dp</dimen>
    <dimen name="x328">318.89dp</dimen>
    <dimen name="x329">319.86dp</dimen>
    <dimen name="x330">320.83dp</dimen>
    <dimen name="x331">321.81dp</dimen>
    <dimen name="x332">322.78dp</dimen>
    <dimen name="x333">323.75dp</dimen>
    <dimen name="x334">324.72dp</dimen>
    <dimen name="x335">325.69dp</dimen>
    <dimen name="x336">326.67dp</dimen>
    <dimen name="x337">327.64dp</dimen>
    <dimen name="x338">328.61dp</dimen>
    <dimen name="x339">329.58dp</dimen>
    <dimen name="x340">330.56dp</dimen>
    <dimen name="x341">331.53dp</dimen>
    <dimen name="x342">332.50dp</dimen>
    <dimen name="x343">333.47dp</dimen>
    <dimen name="x344">334.44dp</dimen>
    <dimen name="x345">335.42dp</dimen>
    <dimen name="x346">336.39dp</dimen>
    <dimen name="x347">337.36dp</dimen>
    <dimen name="x348">338.33dp</dimen>
    <dimen name="x349">339.31dp</dimen>
    <dimen name="x350">340.28dp</dimen>
    <dimen name="x351">341.25dp</dimen>
    <dimen name="x352">342.22dp</dimen>
    <dimen name="x353">343.19dp</dimen>
    <dimen name="x354">344.17dp</dimen>
    <dimen name="x355">345.14dp</dimen>
    <dimen name="x356">346.11dp</dimen>
    <dimen name="x357">347.08dp</dimen>
    <dimen name="x358">348.06dp</dimen>
    <dimen name="x359">349.03dp</dimen>
    <dimen name="x360">350.00dp</dimen>
    <dimen name="x361">350.97dp</dimen>
    <dimen name="x362">351.94dp</dimen>
    <dimen name="x363">352.92dp</dimen>
    <dimen name="x364">353.89dp</dimen>
    <dimen name="x365">354.86dp</dimen>
    <dimen name="x366">355.83dp</dimen>
    <dimen name="x367">356.81dp</dimen>
    <dimen name="x368">357.78dp</dimen>
    <dimen name="x369">358.75dp</dimen>
    <dimen name="x370">359.72dp</dimen>
    <dimen name="x371">360.69dp</dimen>
    <dimen name="x372">361.67dp</dimen>
    <dimen name="x373">362.64dp</dimen>
    <dimen name="x374">363.61dp</dimen>
    <dimen name="x375">364.58dp</dimen>
    <dimen name="x376">365.56dp</dimen>
    <dimen name="x377">366.53dp</dimen>
    <dimen name="x378">367.50dp</dimen>
    <dimen name="x379">368.47dp</dimen>
    <dimen name="x380">369.44dp</dimen>
    <dimen name="x381">370.42dp</dimen>
    <dimen name="x382">371.39dp</dimen>
    <dimen name="x383">372.36dp</dimen>
    <dimen name="x384">373.33dp</dimen>
    <dimen name="x385">374.31dp</dimen>
    <dimen name="x386">375.28dp</dimen>
    <dimen name="x387">376.25dp</dimen>
    <dimen name="x388">377.22dp</dimen>
    <dimen name="x389">378.19dp</dimen>
    <dimen name="x390">379.17dp</dimen>
    <dimen name="x391">380.14dp</dimen>
    <dimen name="x392">381.11dp</dimen>
    <dimen name="x393">382.08dp</dimen>
    <dimen name="x394">383.06dp</dimen>
    <dimen name="x395">384.03dp</dimen>
    <dimen name="x396">385.00dp</dimen>
    <dimen name="x397">385.97dp</dimen>
    <dimen name="x398">386.94dp</dimen>
    <dimen name="x399">387.92dp</dimen>
    <dimen name="x400">388.89dp</dimen>
    <dimen name="x401">389.86dp</dimen>
    <dimen name="x402">390.83dp</dimen>
    <dimen name="x403">391.81dp</dimen>
    <dimen name="x404">392.78dp</dimen>
    <dimen name="x405">393.75dp</dimen>
    <dimen name="x406">394.72dp</dimen>
    <dimen name="x407">395.69dp</dimen>
    <dimen name="x408">396.67dp</dimen>
    <dimen name="x409">397.64dp</dimen>
    <dimen name="x410">398.61dp</dimen>
    <dimen name="x411">399.58dp</dimen>
    <dimen name="x412">400.56dp</dimen>
    <dimen name="x413">401.53dp</dimen>
    <dimen name="x414">402.50dp</dimen>
    <dimen name="x415">403.47dp</dimen>
    <dimen name="x416">404.44dp</dimen>
    <dimen name="x417">405.42dp</dimen>
    <dimen name="x418">406.39dp</dimen>
    <dimen name="x419">407.36dp</dimen>
    <dimen name="x420">408.33dp</dimen>
    <dimen name="x421">409.31dp</dimen>
    <dimen name="x422">410.28dp</dimen>
    <dimen name="x423">411.25dp</dimen>
    <dimen name="x424">412.22dp</dimen>
    <dimen name="x425">413.19dp</dimen>
    <dimen name="x426">414.17dp</dimen>
    <dimen name="x427">415.14dp</dimen>
    <dimen name="x428">416.11dp</dimen>
    <dimen name="x429">417.08dp</dimen>
    <dimen name="x430">418.06dp</dimen>
    <dimen name="x431">419.03dp</dimen>
    <dimen name="x432">420.00dp</dimen>
    <dimen name="x433">420.97dp</dimen>
    <dimen name="x434">421.94dp</dimen>
    <dimen name="x435">422.92dp</dimen>
    <dimen name="x436">423.89dp</dimen>
    <dimen name="x437">424.86dp</dimen>
    <dimen name="x438">425.83dp</dimen>
    <dimen name="x439">426.81dp</dimen>
    <dimen name="x440">427.78dp</dimen>
    <dimen name="x441">428.75dp</dimen>
    <dimen name="x442">429.72dp</dimen>
    <dimen name="x443">430.69dp</dimen>
    <dimen name="x444">431.67dp</dimen>
    <dimen name="x445">432.64dp</dimen>
    <dimen name="x446">433.61dp</dimen>
    <dimen name="x447">434.58dp</dimen>
    <dimen name="x448">435.56dp</dimen>
    <dimen name="x449">436.53dp</dimen>
    <dimen name="x450">437.50dp</dimen>
    <dimen name="x451">438.47dp</dimen>
    <dimen name="x452">439.44dp</dimen>
    <dimen name="x453">440.42dp</dimen>
    <dimen name="x454">441.39dp</dimen>
    <dimen name="x455">442.36dp</dimen>
    <dimen name="x456">443.33dp</dimen>
    <dimen name="x457">444.31dp</dimen>
    <dimen name="x458">445.28dp</dimen>
    <dimen name="x459">446.25dp</dimen>
    <dimen name="x460">447.22dp</dimen>
    <dimen name="x461">448.19dp</dimen>
    <dimen name="x462">449.17dp</dimen>
    <dimen name="x463">450.14dp</dimen>
    <dimen name="x464">451.11dp</dimen>
    <dimen name="x465">452.08dp</dimen>
    <dimen name="x466">453.06dp</dimen>
    <dimen name="x467">454.03dp</dimen>
    <dimen name="x468">455.00dp</dimen>
    <dimen name="x469">455.97dp</dimen>
    <dimen name="x470">456.94dp</dimen>
    <dimen name="x471">457.92dp</dimen>
    <dimen name="x472">458.89dp</dimen>
    <dimen name="x473">459.86dp</dimen>
    <dimen name="x474">460.83dp</dimen>
    <dimen name="x475">461.81dp</dimen>
    <dimen name="x476">462.78dp</dimen>
    <dimen name="x477">463.75dp</dimen>
    <dimen name="x478">464.72dp</dimen>
    <dimen name="x479">465.69dp</dimen>
    <dimen name="x480">466.67dp</dimen>
    <dimen name="x481">467.64dp</dimen>
    <dimen name="x482">468.61dp</dimen>
    <dimen name="x483">469.58dp</dimen>
    <dimen name="x484">470.56dp</dimen>
    <dimen name="x485">471.53dp</dimen>
    <dimen name="x486">472.50dp</dimen>
    <dimen name="x487">473.47dp</dimen>
    <dimen name="x488">474.44dp</dimen>
    <dimen name="x489">475.42dp</dimen>
    <dimen name="x490">476.39dp</dimen>
    <dimen name="x491">477.36dp</dimen>
    <dimen name="x492">478.33dp</dimen>
    <dimen name="x493">479.31dp</dimen>
    <dimen name="x494">480.28dp</dimen>
    <dimen name="x495">481.25dp</dimen>
    <dimen name="x496">482.22dp</dimen>
    <dimen name="x497">483.19dp</dimen>
    <dimen name="x498">484.17dp</dimen>
    <dimen name="x499">485.14dp</dimen>
    <dimen name="x500">486.11dp</dimen>
    <dimen name="x501">487.08dp</dimen>
    <dimen name="x502">488.06dp</dimen>
    <dimen name="x503">489.03dp</dimen>
    <dimen name="x504">490.00dp</dimen>
    <dimen name="x505">490.97dp</dimen>
    <dimen name="x506">491.94dp</dimen>
    <dimen name="x507">492.92dp</dimen>
    <dimen name="x508">493.89dp</dimen>
    <dimen name="x509">494.86dp</dimen>
    <dimen name="x510">495.83dp</dimen>
    <dimen name="x511">496.81dp</dimen>
    <dimen name="x512">497.78dp</dimen>
    <dimen name="x513">498.75dp</dimen>
    <dimen name="x514">499.72dp</dimen>
    <dimen name="x515">500.69dp</dimen>
    <dimen name="x516">501.67dp</dimen>
    <dimen name="x517">502.64dp</dimen>
    <dimen name="x518">503.61dp</dimen>
    <dimen name="x519">504.58dp</dimen>
    <dimen name="x520">505.56dp</dimen>
    <dimen name="x521">506.53dp</dimen>
    <dimen name="x522">507.50dp</dimen>
    <dimen name="x523">508.47dp</dimen>
    <dimen name="x524">509.44dp</dimen>
    <dimen name="x525">510.42dp</dimen>
    <dimen name="x526">511.39dp</dimen>
    <dimen name="x527">512.36dp</dimen>
    <dimen name="x528">513.33dp</dimen>
    <dimen name="x529">514.31dp</dimen>
    <dimen name="x530">515.28dp</dimen>
    <dimen name="x531">516.25dp</dimen>
    <dimen name="x532">517.22dp</dimen>
    <dimen name="x533">518.19dp</dimen>
    <dimen name="x534">519.17dp</dimen>
    <dimen name="x535">520.14dp</dimen>
    <dimen name="x536">521.11dp</dimen>
    <dimen name="x537">522.08dp</dimen>
    <dimen name="x538">523.06dp</dimen>
    <dimen name="x539">524.03dp</dimen>
    <dimen name="x540">525.00dp</dimen>
    <dimen name="x541">525.97dp</dimen>
    <dimen name="x542">526.94dp</dimen>
    <dimen name="x543">527.92dp</dimen>
    <dimen name="x544">528.89dp</dimen>
    <dimen name="x545">529.86dp</dimen>
    <dimen name="x546">530.83dp</dimen>
    <dimen name="x547">531.81dp</dimen>
    <dimen name="x548">532.78dp</dimen>
    <dimen name="x549">533.75dp</dimen>
    <dimen name="x550">534.72dp</dimen>
    <dimen name="x551">535.69dp</dimen>
    <dimen name="x552">536.67dp</dimen>
    <dimen name="x553">537.64dp</dimen>
    <dimen name="x554">538.61dp</dimen>
    <dimen name="x555">539.58dp</dimen>
    <dimen name="x556">540.56dp</dimen>
    <dimen name="x557">541.53dp</dimen>
    <dimen name="x558">542.50dp</dimen>
    <dimen name="x559">543.47dp</dimen>
    <dimen name="x560">544.44dp</dimen>
    <dimen name="x561">545.42dp</dimen>
    <dimen name="x562">546.39dp</dimen>
    <dimen name="x563">547.36dp</dimen>
    <dimen name="x564">548.33dp</dimen>
    <dimen name="x565">549.31dp</dimen>
    <dimen name="x566">550.28dp</dimen>
    <dimen name="x567">551.25dp</dimen>
    <dimen name="x568">552.22dp</dimen>
    <dimen name="x569">553.19dp</dimen>
    <dimen name="x570">554.17dp</dimen>
    <dimen name="x571">555.14dp</dimen>
    <dimen name="x572">556.11dp</dimen>
    <dimen name="x573">557.08dp</dimen>
    <dimen name="x574">558.06dp</dimen>
    <dimen name="x575">559.03dp</dimen>
    <dimen name="x576">560.00dp</dimen>
    <dimen name="x577">560.97dp</dimen>
    <dimen name="x578">561.94dp</dimen>
    <dimen name="x579">562.92dp</dimen>
    <dimen name="x580">563.89dp</dimen>
    <dimen name="x581">564.86dp</dimen>
    <dimen name="x582">565.83dp</dimen>
    <dimen name="x583">566.81dp</dimen>
    <dimen name="x584">567.78dp</dimen>
    <dimen name="x585">568.75dp</dimen>
    <dimen name="x586">569.72dp</dimen>
    <dimen name="x587">570.69dp</dimen>
    <dimen name="x588">571.67dp</dimen>
    <dimen name="x589">572.64dp</dimen>
    <dimen name="x590">573.61dp</dimen>
    <dimen name="x591">574.58dp</dimen>
    <dimen name="x592">575.56dp</dimen>
    <dimen name="x593">576.53dp</dimen>
    <dimen name="x594">577.50dp</dimen>
    <dimen name="x595">578.47dp</dimen>
    <dimen name="x596">579.44dp</dimen>
    <dimen name="x597">580.42dp</dimen>
    <dimen name="x598">581.39dp</dimen>
    <dimen name="x599">582.36dp</dimen>
    <dimen name="x600">583.33dp</dimen>
    <dimen name="x601">584.31dp</dimen>
    <dimen name="x602">585.28dp</dimen>
    <dimen name="x603">586.25dp</dimen>
    <dimen name="x604">587.22dp</dimen>
    <dimen name="x605">588.19dp</dimen>
    <dimen name="x606">589.17dp</dimen>
    <dimen name="x607">590.14dp</dimen>
    <dimen name="x608">591.11dp</dimen>
    <dimen name="x609">592.08dp</dimen>
    <dimen name="x610">593.06dp</dimen>
    <dimen name="x611">594.03dp</dimen>
    <dimen name="x612">595.00dp</dimen>
    <dimen name="x613">595.97dp</dimen>
    <dimen name="x614">596.94dp</dimen>
    <dimen name="x615">597.92dp</dimen>
    <dimen name="x616">598.89dp</dimen>
    <dimen name="x617">599.86dp</dimen>
    <dimen name="x618">600.83dp</dimen>
    <dimen name="x619">601.81dp</dimen>
    <dimen name="x620">602.78dp</dimen>
    <dimen name="x621">603.75dp</dimen>
    <dimen name="x622">604.72dp</dimen>
    <dimen name="x623">605.69dp</dimen>
    <dimen name="x624">606.67dp</dimen>
    <dimen name="x625">607.64dp</dimen>
    <dimen name="x626">608.61dp</dimen>
    <dimen name="x627">609.58dp</dimen>
    <dimen name="x628">610.56dp</dimen>
    <dimen name="x629">611.53dp</dimen>
    <dimen name="x630">612.50dp</dimen>
    <dimen name="x631">613.47dp</dimen>
    <dimen name="x632">614.44dp</dimen>
    <dimen name="x633">615.42dp</dimen>
    <dimen name="x634">616.39dp</dimen>
    <dimen name="x635">617.36dp</dimen>
    <dimen name="x636">618.33dp</dimen>
    <dimen name="x637">619.31dp</dimen>
    <dimen name="x638">620.28dp</dimen>
    <dimen name="x639">621.25dp</dimen>
    <dimen name="x640">622.22dp</dimen>
    <dimen name="x641">623.19dp</dimen>
    <dimen name="x642">624.17dp</dimen>
    <dimen name="x643">625.14dp</dimen>
    <dimen name="x644">626.11dp</dimen>
    <dimen name="x645">627.08dp</dimen>
    <dimen name="x646">628.06dp</dimen>
    <dimen name="x647">629.03dp</dimen>
    <dimen name="x648">630.00dp</dimen>
    <dimen name="x649">630.97dp</dimen>
    <dimen name="x650">631.94dp</dimen>
    <dimen name="x651">632.92dp</dimen>
    <dimen name="x652">633.89dp</dimen>
    <dimen name="x653">634.86dp</dimen>
    <dimen name="x654">635.83dp</dimen>
    <dimen name="x655">636.81dp</dimen>
    <dimen name="x656">637.78dp</dimen>
    <dimen name="x657">638.75dp</dimen>
    <dimen name="x658">639.72dp</dimen>
    <dimen name="x659">640.69dp</dimen>
    <dimen name="x660">641.67dp</dimen>
    <dimen name="x661">642.64dp</dimen>
    <dimen name="x662">643.61dp</dimen>
    <dimen name="x663">644.58dp</dimen>
    <dimen name="x664">645.56dp</dimen>
    <dimen name="x665">646.53dp</dimen>
    <dimen name="x666">647.50dp</dimen>
    <dimen name="x667">648.47dp</dimen>
    <dimen name="x668">649.44dp</dimen>
    <dimen name="x669">650.42dp</dimen>
    <dimen name="x670">651.39dp</dimen>
    <dimen name="x671">652.36dp</dimen>
    <dimen name="x672">653.33dp</dimen>
    <dimen name="x673">654.31dp</dimen>
    <dimen name="x674">655.28dp</dimen>
    <dimen name="x675">656.25dp</dimen>
    <dimen name="x676">657.22dp</dimen>
    <dimen name="x677">658.19dp</dimen>
    <dimen name="x678">659.17dp</dimen>
    <dimen name="x679">660.14dp</dimen>
    <dimen name="x680">661.11dp</dimen>
    <dimen name="x681">662.08dp</dimen>
    <dimen name="x682">663.06dp</dimen>
    <dimen name="x683">664.03dp</dimen>
    <dimen name="x684">665.00dp</dimen>
    <dimen name="x685">665.97dp</dimen>
    <dimen name="x686">666.94dp</dimen>
    <dimen name="x687">667.92dp</dimen>
    <dimen name="x688">668.89dp</dimen>
    <dimen name="x689">669.86dp</dimen>
    <dimen name="x690">670.83dp</dimen>
    <dimen name="x691">671.81dp</dimen>
    <dimen name="x692">672.78dp</dimen>
    <dimen name="x693">673.75dp</dimen>
    <dimen name="x694">674.72dp</dimen>
    <dimen name="x695">675.69dp</dimen>
    <dimen name="x696">676.67dp</dimen>
    <dimen name="x697">677.64dp</dimen>
    <dimen name="x698">678.61dp</dimen>
    <dimen name="x699">679.58dp</dimen>
    <dimen name="x700">680.56dp</dimen>
    <dimen name="x701">681.53dp</dimen>
    <dimen name="x702">682.50dp</dimen>
    <dimen name="x703">683.47dp</dimen>
    <dimen name="x704">684.44dp</dimen>
    <dimen name="x705">685.42dp</dimen>
    <dimen name="x706">686.39dp</dimen>
    <dimen name="x707">687.36dp</dimen>
    <dimen name="x708">688.33dp</dimen>
    <dimen name="x709">689.31dp</dimen>
    <dimen name="x710">690.28dp</dimen>
    <dimen name="x711">691.25dp</dimen>
    <dimen name="x712">692.22dp</dimen>
    <dimen name="x713">693.19dp</dimen>
    <dimen name="x714">694.17dp</dimen>
    <dimen name="x715">695.14dp</dimen>
    <dimen name="x716">696.11dp</dimen>
    <dimen name="x717">697.08dp</dimen>
    <dimen name="x718">698.06dp</dimen>
    <dimen name="x719">699.03dp</dimen>
    <dimen name="x720">700.00dp</dimen>
    <dimen name="x721">700.97dp</dimen>
    <dimen name="x722">701.94dp</dimen>
    <dimen name="x723">702.92dp</dimen>
    <dimen name="x724">703.89dp</dimen>
    <dimen name="x725">704.86dp</dimen>
    <dimen name="x726">705.83dp</dimen>
    <dimen name="x727">706.81dp</dimen>
    <dimen name="x728">707.78dp</dimen>
    <dimen name="x729">708.75dp</dimen>
    <dimen name="x730">709.72dp</dimen>
    <dimen name="x731">710.69dp</dimen>
    <dimen name="x732">711.67dp</dimen>
    <dimen name="x733">712.64dp</dimen>
    <dimen name="x734">713.61dp</dimen>
    <dimen name="x735">714.58dp</dimen>
    <dimen name="x736">715.56dp</dimen>
    <dimen name="x737">716.53dp</dimen>
    <dimen name="x738">717.50dp</dimen>
    <dimen name="x739">718.47dp</dimen>
    <dimen name="x740">719.44dp</dimen>
    <dimen name="x741">720.42dp</dimen>
    <dimen name="x742">721.39dp</dimen>
    <dimen name="x743">722.36dp</dimen>
    <dimen name="x744">723.33dp</dimen>
    <dimen name="x745">724.31dp</dimen>
    <dimen name="x746">725.28dp</dimen>
    <dimen name="x747">726.25dp</dimen>
    <dimen name="x748">727.22dp</dimen>
    <dimen name="x749">728.19dp</dimen>
    <dimen name="x750">729.17dp</dimen>
    <dimen name="x751">730.14dp</dimen>
    <dimen name="x752">731.11dp</dimen>
    <dimen name="x753">732.08dp</dimen>
    <dimen name="x754">733.06dp</dimen>
    <dimen name="x755">734.03dp</dimen>
    <dimen name="x756">735.00dp</dimen>
    <dimen name="x757">735.97dp</dimen>
    <dimen name="x758">736.94dp</dimen>
    <dimen name="x759">737.92dp</dimen>
    <dimen name="x760">738.89dp</dimen>
    <dimen name="x761">739.86dp</dimen>
    <dimen name="x762">740.83dp</dimen>
    <dimen name="x763">741.81dp</dimen>
    <dimen name="x764">742.78dp</dimen>
    <dimen name="x765">743.75dp</dimen>
    <dimen name="x766">744.72dp</dimen>
    <dimen name="x767">745.69dp</dimen>
    <dimen name="x768">746.67dp</dimen>
    <dimen name="x769">747.64dp</dimen>
    <dimen name="x770">748.61dp</dimen>
    <dimen name="x771">749.58dp</dimen>
    <dimen name="x772">750.56dp</dimen>
    <dimen name="x773">751.53dp</dimen>
    <dimen name="x774">752.50dp</dimen>
    <dimen name="x775">753.47dp</dimen>
    <dimen name="x776">754.44dp</dimen>
    <dimen name="x777">755.42dp</dimen>
    <dimen name="x778">756.39dp</dimen>
    <dimen name="x779">757.36dp</dimen>
    <dimen name="x780">758.33dp</dimen>
    <dimen name="x781">759.31dp</dimen>
    <dimen name="x782">760.28dp</dimen>
    <dimen name="x783">761.25dp</dimen>
    <dimen name="x784">762.22dp</dimen>
    <dimen name="x785">763.19dp</dimen>
    <dimen name="x786">764.17dp</dimen>
    <dimen name="x787">765.14dp</dimen>
    <dimen name="x788">766.11dp</dimen>
    <dimen name="x789">767.08dp</dimen>
    <dimen name="x790">768.06dp</dimen>
    <dimen name="x791">769.03dp</dimen>
    <dimen name="x792">770.00dp</dimen>
    <dimen name="x793">770.97dp</dimen>
    <dimen name="x794">771.94dp</dimen>
    <dimen name="x795">772.92dp</dimen>
    <dimen name="x796">773.89dp</dimen>
    <dimen name="x797">774.86dp</dimen>
    <dimen name="x798">775.83dp</dimen>
    <dimen name="x799">776.81dp</dimen>
    <dimen name="x800">777.78dp</dimen>
    <dimen name="x801">778.75dp</dimen>
    <dimen name="x802">779.72dp</dimen>
    <dimen name="x803">780.69dp</dimen>
    <dimen name="x804">781.67dp</dimen>
    <dimen name="x805">782.64dp</dimen>
    <dimen name="x806">783.61dp</dimen>
    <dimen name="x807">784.58dp</dimen>
    <dimen name="x808">785.56dp</dimen>
    <dimen name="x809">786.53dp</dimen>
    <dimen name="x810">787.50dp</dimen>
    <dimen name="x811">788.47dp</dimen>
    <dimen name="x812">789.44dp</dimen>
    <dimen name="x813">790.42dp</dimen>
    <dimen name="x814">791.39dp</dimen>
    <dimen name="x815">792.36dp</dimen>
    <dimen name="x816">793.33dp</dimen>
    <dimen name="x817">794.31dp</dimen>
    <dimen name="x818">795.28dp</dimen>
    <dimen name="x819">796.25dp</dimen>
    <dimen name="x820">797.22dp</dimen>
    <dimen name="x821">798.19dp</dimen>
    <dimen name="x822">799.17dp</dimen>
    <dimen name="x823">800.14dp</dimen>
    <dimen name="x824">801.11dp</dimen>
    <dimen name="x825">802.08dp</dimen>
    <dimen name="x826">803.06dp</dimen>
    <dimen name="x827">804.03dp</dimen>
    <dimen name="x828">805.00dp</dimen>
    <dimen name="x829">805.97dp</dimen>
    <dimen name="x830">806.94dp</dimen>
    <dimen name="x831">807.92dp</dimen>
    <dimen name="x832">808.89dp</dimen>
    <dimen name="x833">809.86dp</dimen>
    <dimen name="x834">810.83dp</dimen>
    <dimen name="x835">811.81dp</dimen>
    <dimen name="x836">812.78dp</dimen>
    <dimen name="x837">813.75dp</dimen>
    <dimen name="x838">814.72dp</dimen>
    <dimen name="x839">815.69dp</dimen>
    <dimen name="x840">816.67dp</dimen>
    <dimen name="x841">817.64dp</dimen>
    <dimen name="x842">818.61dp</dimen>
    <dimen name="x843">819.58dp</dimen>
    <dimen name="x844">820.56dp</dimen>
    <dimen name="x845">821.53dp</dimen>
    <dimen name="x846">822.50dp</dimen>
    <dimen name="x847">823.47dp</dimen>
    <dimen name="x848">824.44dp</dimen>
    <dimen name="x849">825.42dp</dimen>
    <dimen name="x850">826.39dp</dimen>
    <dimen name="x851">827.36dp</dimen>
    <dimen name="x852">828.33dp</dimen>
    <dimen name="x853">829.31dp</dimen>
    <dimen name="x854">830.28dp</dimen>
    <dimen name="x855">831.25dp</dimen>
    <dimen name="x856">832.22dp</dimen>
    <dimen name="x857">833.19dp</dimen>
    <dimen name="x858">834.17dp</dimen>
    <dimen name="x859">835.14dp</dimen>
    <dimen name="x860">836.11dp</dimen>
    <dimen name="x861">837.08dp</dimen>
    <dimen name="x862">838.06dp</dimen>
    <dimen name="x863">839.03dp</dimen>
    <dimen name="x864">840.00dp</dimen>
    <dimen name="x865">840.97dp</dimen>
    <dimen name="x866">841.94dp</dimen>
    <dimen name="x867">842.92dp</dimen>
    <dimen name="x868">843.89dp</dimen>
    <dimen name="x869">844.86dp</dimen>
    <dimen name="x870">845.83dp</dimen>
    <dimen name="x871">846.81dp</dimen>
    <dimen name="x872">847.78dp</dimen>
    <dimen name="x873">848.75dp</dimen>
    <dimen name="x874">849.72dp</dimen>
    <dimen name="x875">850.69dp</dimen>
    <dimen name="x876">851.67dp</dimen>
    <dimen name="x877">852.64dp</dimen>
    <dimen name="x878">853.61dp</dimen>
    <dimen name="x879">854.58dp</dimen>
    <dimen name="x880">855.56dp</dimen>
    <dimen name="x881">856.53dp</dimen>
    <dimen name="x882">857.50dp</dimen>
    <dimen name="x883">858.47dp</dimen>
    <dimen name="x884">859.44dp</dimen>
    <dimen name="x885">860.42dp</dimen>
    <dimen name="x886">861.39dp</dimen>
    <dimen name="x887">862.36dp</dimen>
    <dimen name="x888">863.33dp</dimen>
    <dimen name="x889">864.31dp</dimen>
    <dimen name="x890">865.28dp</dimen>
    <dimen name="x891">866.25dp</dimen>
    <dimen name="x892">867.22dp</dimen>
    <dimen name="x893">868.19dp</dimen>
    <dimen name="x894">869.17dp</dimen>
    <dimen name="x895">870.14dp</dimen>
    <dimen name="x896">871.11dp</dimen>
    <dimen name="x897">872.08dp</dimen>
    <dimen name="x898">873.06dp</dimen>
    <dimen name="x899">874.03dp</dimen>
    <dimen name="x900">875.00dp</dimen>
    <dimen name="x901">875.97dp</dimen>
    <dimen name="x902">876.94dp</dimen>
    <dimen name="x903">877.92dp</dimen>
    <dimen name="x904">878.89dp</dimen>
    <dimen name="x905">879.86dp</dimen>
    <dimen name="x906">880.83dp</dimen>
    <dimen name="x907">881.81dp</dimen>
    <dimen name="x908">882.78dp</dimen>
    <dimen name="x909">883.75dp</dimen>
    <dimen name="x910">884.72dp</dimen>
    <dimen name="x911">885.69dp</dimen>
    <dimen name="x912">886.67dp</dimen>
    <dimen name="x913">887.64dp</dimen>
    <dimen name="x914">888.61dp</dimen>
    <dimen name="x915">889.58dp</dimen>
    <dimen name="x916">890.56dp</dimen>
    <dimen name="x917">891.53dp</dimen>
    <dimen name="x918">892.50dp</dimen>
    <dimen name="x919">893.47dp</dimen>
    <dimen name="x920">894.44dp</dimen>
    <dimen name="x921">895.42dp</dimen>
    <dimen name="x922">896.39dp</dimen>
    <dimen name="x923">897.36dp</dimen>
    <dimen name="x924">898.33dp</dimen>
    <dimen name="x925">899.31dp</dimen>
    <dimen name="x926">900.28dp</dimen>
    <dimen name="x927">901.25dp</dimen>
    <dimen name="x928">902.22dp</dimen>
    <dimen name="x929">903.19dp</dimen>
    <dimen name="x930">904.17dp</dimen>
    <dimen name="x931">905.14dp</dimen>
    <dimen name="x932">906.11dp</dimen>
    <dimen name="x933">907.08dp</dimen>
    <dimen name="x934">908.06dp</dimen>
    <dimen name="x935">909.03dp</dimen>
    <dimen name="x936">910.00dp</dimen>
    <dimen name="x937">910.97dp</dimen>
    <dimen name="x938">911.94dp</dimen>
    <dimen name="x939">912.92dp</dimen>
    <dimen name="x940">913.89dp</dimen>
    <dimen name="x941">914.86dp</dimen>
    <dimen name="x942">915.83dp</dimen>
    <dimen name="x943">916.81dp</dimen>
    <dimen name="x944">917.78dp</dimen>
    <dimen name="x945">918.75dp</dimen>
    <dimen name="x946">919.72dp</dimen>
    <dimen name="x947">920.69dp</dimen>
    <dimen name="x948">921.67dp</dimen>
    <dimen name="x949">922.64dp</dimen>
    <dimen name="x950">923.61dp</dimen>
    <dimen name="x951">924.58dp</dimen>
    <dimen name="x952">925.56dp</dimen>
    <dimen name="x953">926.53dp</dimen>
    <dimen name="x954">927.50dp</dimen>
    <dimen name="x955">928.47dp</dimen>
    <dimen name="x956">929.44dp</dimen>
    <dimen name="x957">930.42dp</dimen>
    <dimen name="x958">931.39dp</dimen>
    <dimen name="x959">932.36dp</dimen>
    <dimen name="x960">933.33dp</dimen>
    <dimen name="x961">934.31dp</dimen>
    <dimen name="x962">935.28dp</dimen>
    <dimen name="x963">936.25dp</dimen>
    <dimen name="x964">937.22dp</dimen>
    <dimen name="x965">938.19dp</dimen>
    <dimen name="x966">939.17dp</dimen>
    <dimen name="x967">940.14dp</dimen>
    <dimen name="x968">941.11dp</dimen>
    <dimen name="x969">942.08dp</dimen>
    <dimen name="x970">943.06dp</dimen>
    <dimen name="x971">944.03dp</dimen>
    <dimen name="x972">945.00dp</dimen>
    <dimen name="x973">945.97dp</dimen>
    <dimen name="x974">946.94dp</dimen>
    <dimen name="x975">947.92dp</dimen>
    <dimen name="x976">948.89dp</dimen>
    <dimen name="x977">949.86dp</dimen>
    <dimen name="x978">950.83dp</dimen>
    <dimen name="x979">951.81dp</dimen>
    <dimen name="x980">952.78dp</dimen>
    <dimen name="x981">953.75dp</dimen>
    <dimen name="x982">954.72dp</dimen>
    <dimen name="x983">955.69dp</dimen>
    <dimen name="x984">956.67dp</dimen>
    <dimen name="x985">957.64dp</dimen>
    <dimen name="x986">958.61dp</dimen>
    <dimen name="x987">959.58dp</dimen>
    <dimen name="x988">960.56dp</dimen>
    <dimen name="x989">961.53dp</dimen>
    <dimen name="x990">962.50dp</dimen>
    <dimen name="x991">963.47dp</dimen>
    <dimen name="x992">964.44dp</dimen>
    <dimen name="x993">965.42dp</dimen>
    <dimen name="x994">966.39dp</dimen>
    <dimen name="x995">967.36dp</dimen>
    <dimen name="x996">968.33dp</dimen>
    <dimen name="x997">969.31dp</dimen>
    <dimen name="x998">970.28dp</dimen>
    <dimen name="x999">971.25dp</dimen>
    <dimen name="x1000">972.22dp</dimen>
    <dimen name="x1001">973.19dp</dimen>
    <dimen name="x1002">974.17dp</dimen>
    <dimen name="x1003">975.14dp</dimen>
    <dimen name="x1004">976.11dp</dimen>
    <dimen name="x1005">977.08dp</dimen>
    <dimen name="x1006">978.06dp</dimen>
    <dimen name="x1007">979.03dp</dimen>
    <dimen name="x1008">980.00dp</dimen>
    <dimen name="x1009">980.97dp</dimen>
    <dimen name="x1010">981.94dp</dimen>
    <dimen name="x1011">982.92dp</dimen>
    <dimen name="x1012">983.89dp</dimen>
    <dimen name="x1013">984.86dp</dimen>
    <dimen name="x1014">985.83dp</dimen>
    <dimen name="x1015">986.81dp</dimen>
    <dimen name="x1016">987.78dp</dimen>
    <dimen name="x1017">988.75dp</dimen>
    <dimen name="x1018">989.72dp</dimen>
    <dimen name="x1019">990.69dp</dimen>
    <dimen name="x1020">991.67dp</dimen>
    <dimen name="x1021">992.64dp</dimen>
    <dimen name="x1022">993.61dp</dimen>
    <dimen name="x1023">994.58dp</dimen>
    <dimen name="x1024">995.56dp</dimen>
    <dimen name="x1025">996.53dp</dimen>
    <dimen name="x1026">997.50dp</dimen>
    <dimen name="x1027">998.47dp</dimen>
    <dimen name="x1028">999.44dp</dimen>
    <dimen name="x1029">1000.42dp</dimen>
    <dimen name="x1030">1001.39dp</dimen>
    <dimen name="x1031">1002.36dp</dimen>
    <dimen name="x1032">1003.33dp</dimen>
    <dimen name="x1033">1004.31dp</dimen>
    <dimen name="x1034">1005.28dp</dimen>
    <dimen name="x1035">1006.25dp</dimen>
    <dimen name="x1036">1007.22dp</dimen>
    <dimen name="x1037">1008.19dp</dimen>
    <dimen name="x1038">1009.17dp</dimen>
    <dimen name="x1039">1010.14dp</dimen>
    <dimen name="x1040">1011.11dp</dimen>
    <dimen name="x1041">1012.08dp</dimen>
    <dimen name="x1042">1013.06dp</dimen>
    <dimen name="x1043">1014.03dp</dimen>
    <dimen name="x1044">1015.00dp</dimen>
    <dimen name="x1045">1015.97dp</dimen>
    <dimen name="x1046">1016.94dp</dimen>
    <dimen name="x1047">1017.92dp</dimen>
    <dimen name="x1048">1018.89dp</dimen>
    <dimen name="x1049">1019.86dp</dimen>
    <dimen name="x1050">1020.83dp</dimen>
    <dimen name="x1051">1021.81dp</dimen>
    <dimen name="x1052">1022.78dp</dimen>
    <dimen name="x1053">1023.75dp</dimen>
    <dimen name="x1054">1024.72dp</dimen>
    <dimen name="x1055">1025.69dp</dimen>
    <dimen name="x1056">1026.67dp</dimen>
    <dimen name="x1057">1027.64dp</dimen>
    <dimen name="x1058">1028.61dp</dimen>
    <dimen name="x1059">1029.58dp</dimen>
    <dimen name="x1060">1030.56dp</dimen>
    <dimen name="x1061">1031.53dp</dimen>
    <dimen name="x1062">1032.50dp</dimen>
    <dimen name="x1063">1033.47dp</dimen>
    <dimen name="x1064">1034.44dp</dimen>
    <dimen name="x1065">1035.42dp</dimen>
    <dimen name="x1066">1036.39dp</dimen>
    <dimen name="x1067">1037.36dp</dimen>
    <dimen name="x1068">1038.33dp</dimen>
    <dimen name="x1069">1039.31dp</dimen>
    <dimen name="x1070">1040.28dp</dimen>
    <dimen name="x1071">1041.25dp</dimen>
    <dimen name="x1072">1042.22dp</dimen>
    <dimen name="x1073">1043.19dp</dimen>
    <dimen name="x1074">1044.17dp</dimen>
    <dimen name="x1075">1045.14dp</dimen>
    <dimen name="x1076">1046.11dp</dimen>
    <dimen name="x1077">1047.08dp</dimen>
    <dimen name="x1078">1048.06dp</dimen>
    <dimen name="x1079">1049.03dp</dimen>
    <dimen name="x1080">1050.00dp</dimen>
</resources>