<?xml version="1.0" encoding="utf-8"?>
<resources>
    <string name="sw_dp">1390dp</string>
    <dimen name="x1">1.29dp</dimen>
    <dimen name="x2">2.57dp</dimen>
    <dimen name="x3">3.86dp</dimen>
    <dimen name="x4">5.15dp</dimen>
    <dimen name="x5">6.44dp</dimen>
    <dimen name="x6">7.72dp</dimen>
    <dimen name="x7">9.01dp</dimen>
    <dimen name="x8">10.30dp</dimen>
    <dimen name="x9">11.58dp</dimen>
    <dimen name="x10">12.87dp</dimen>
    <dimen name="x11">14.16dp</dimen>
    <dimen name="x12">15.44dp</dimen>
    <dimen name="x13">16.73dp</dimen>
    <dimen name="x14">18.02dp</dimen>
    <dimen name="x15">19.31dp</dimen>
    <dimen name="x16">20.59dp</dimen>
    <dimen name="x17">21.88dp</dimen>
    <dimen name="x18">23.17dp</dimen>
    <dimen name="x19">24.45dp</dimen>
    <dimen name="x20">25.74dp</dimen>
    <dimen name="x21">27.03dp</dimen>
    <dimen name="x22">28.31dp</dimen>
    <dimen name="x23">29.60dp</dimen>
    <dimen name="x24">30.89dp</dimen>
    <dimen name="x25">32.18dp</dimen>
    <dimen name="x26">33.46dp</dimen>
    <dimen name="x27">34.75dp</dimen>
    <dimen name="x28">36.04dp</dimen>
    <dimen name="x29">37.32dp</dimen>
    <dimen name="x30">38.61dp</dimen>
    <dimen name="x31">39.90dp</dimen>
    <dimen name="x32">41.19dp</dimen>
    <dimen name="x33">42.47dp</dimen>
    <dimen name="x34">43.76dp</dimen>
    <dimen name="x35">45.05dp</dimen>
    <dimen name="x36">46.33dp</dimen>
    <dimen name="x37">47.62dp</dimen>
    <dimen name="x38">48.91dp</dimen>
    <dimen name="x39">50.19dp</dimen>
    <dimen name="x40">51.48dp</dimen>
    <dimen name="x41">52.77dp</dimen>
    <dimen name="x42">54.06dp</dimen>
    <dimen name="x43">55.34dp</dimen>
    <dimen name="x44">56.63dp</dimen>
    <dimen name="x45">57.92dp</dimen>
    <dimen name="x46">59.20dp</dimen>
    <dimen name="x47">60.49dp</dimen>
    <dimen name="x48">61.78dp</dimen>
    <dimen name="x49">63.06dp</dimen>
    <dimen name="x50">64.35dp</dimen>
    <dimen name="x51">65.64dp</dimen>
    <dimen name="x52">66.93dp</dimen>
    <dimen name="x53">68.21dp</dimen>
    <dimen name="x54">69.50dp</dimen>
    <dimen name="x55">70.79dp</dimen>
    <dimen name="x56">72.07dp</dimen>
    <dimen name="x57">73.36dp</dimen>
    <dimen name="x58">74.65dp</dimen>
    <dimen name="x59">75.94dp</dimen>
    <dimen name="x60">77.22dp</dimen>
    <dimen name="x61">78.51dp</dimen>
    <dimen name="x62">79.80dp</dimen>
    <dimen name="x63">81.08dp</dimen>
    <dimen name="x64">82.37dp</dimen>
    <dimen name="x65">83.66dp</dimen>
    <dimen name="x66">84.94dp</dimen>
    <dimen name="x67">86.23dp</dimen>
    <dimen name="x68">87.52dp</dimen>
    <dimen name="x69">88.81dp</dimen>
    <dimen name="x70">90.09dp</dimen>
    <dimen name="x71">91.38dp</dimen>
    <dimen name="x72">92.67dp</dimen>
    <dimen name="x73">93.95dp</dimen>
    <dimen name="x74">95.24dp</dimen>
    <dimen name="x75">96.53dp</dimen>
    <dimen name="x76">97.81dp</dimen>
    <dimen name="x77">99.10dp</dimen>
    <dimen name="x78">100.39dp</dimen>
    <dimen name="x79">101.68dp</dimen>
    <dimen name="x80">102.96dp</dimen>
    <dimen name="x81">104.25dp</dimen>
    <dimen name="x82">105.54dp</dimen>
    <dimen name="x83">106.82dp</dimen>
    <dimen name="x84">108.11dp</dimen>
    <dimen name="x85">109.40dp</dimen>
    <dimen name="x86">110.69dp</dimen>
    <dimen name="x87">111.97dp</dimen>
    <dimen name="x88">113.26dp</dimen>
    <dimen name="x89">114.55dp</dimen>
    <dimen name="x90">115.83dp</dimen>
    <dimen name="x91">117.12dp</dimen>
    <dimen name="x92">118.41dp</dimen>
    <dimen name="x93">119.69dp</dimen>
    <dimen name="x94">120.98dp</dimen>
    <dimen name="x95">122.27dp</dimen>
    <dimen name="x96">123.56dp</dimen>
    <dimen name="x97">124.84dp</dimen>
    <dimen name="x98">126.13dp</dimen>
    <dimen name="x99">127.42dp</dimen>
    <dimen name="x100">128.70dp</dimen>
    <dimen name="x101">129.99dp</dimen>
    <dimen name="x102">131.28dp</dimen>
    <dimen name="x103">132.56dp</dimen>
    <dimen name="x104">133.85dp</dimen>
    <dimen name="x105">135.14dp</dimen>
    <dimen name="x106">136.43dp</dimen>
    <dimen name="x107">137.71dp</dimen>
    <dimen name="x108">139.00dp</dimen>
    <dimen name="x109">140.29dp</dimen>
    <dimen name="x110">141.57dp</dimen>
    <dimen name="x111">142.86dp</dimen>
    <dimen name="x112">144.15dp</dimen>
    <dimen name="x113">145.44dp</dimen>
    <dimen name="x114">146.72dp</dimen>
    <dimen name="x115">148.01dp</dimen>
    <dimen name="x116">149.30dp</dimen>
    <dimen name="x117">150.58dp</dimen>
    <dimen name="x118">151.87dp</dimen>
    <dimen name="x119">153.16dp</dimen>
    <dimen name="x120">154.44dp</dimen>
    <dimen name="x121">155.73dp</dimen>
    <dimen name="x122">157.02dp</dimen>
    <dimen name="x123">158.31dp</dimen>
    <dimen name="x124">159.59dp</dimen>
    <dimen name="x125">160.88dp</dimen>
    <dimen name="x126">162.17dp</dimen>
    <dimen name="x127">163.45dp</dimen>
    <dimen name="x128">164.74dp</dimen>
    <dimen name="x129">166.03dp</dimen>
    <dimen name="x130">167.31dp</dimen>
    <dimen name="x131">168.60dp</dimen>
    <dimen name="x132">169.89dp</dimen>
    <dimen name="x133">171.18dp</dimen>
    <dimen name="x134">172.46dp</dimen>
    <dimen name="x135">173.75dp</dimen>
    <dimen name="x136">175.04dp</dimen>
    <dimen name="x137">176.32dp</dimen>
    <dimen name="x138">177.61dp</dimen>
    <dimen name="x139">178.90dp</dimen>
    <dimen name="x140">180.19dp</dimen>
    <dimen name="x141">181.47dp</dimen>
    <dimen name="x142">182.76dp</dimen>
    <dimen name="x143">184.05dp</dimen>
    <dimen name="x144">185.33dp</dimen>
    <dimen name="x145">186.62dp</dimen>
    <dimen name="x146">187.91dp</dimen>
    <dimen name="x147">189.19dp</dimen>
    <dimen name="x148">190.48dp</dimen>
    <dimen name="x149">191.77dp</dimen>
    <dimen name="x150">193.06dp</dimen>
    <dimen name="x151">194.34dp</dimen>
    <dimen name="x152">195.63dp</dimen>
    <dimen name="x153">196.92dp</dimen>
    <dimen name="x154">198.20dp</dimen>
    <dimen name="x155">199.49dp</dimen>
    <dimen name="x156">200.78dp</dimen>
    <dimen name="x157">202.06dp</dimen>
    <dimen name="x158">203.35dp</dimen>
    <dimen name="x159">204.64dp</dimen>
    <dimen name="x160">205.93dp</dimen>
    <dimen name="x161">207.21dp</dimen>
    <dimen name="x162">208.50dp</dimen>
    <dimen name="x163">209.79dp</dimen>
    <dimen name="x164">211.07dp</dimen>
    <dimen name="x165">212.36dp</dimen>
    <dimen name="x166">213.65dp</dimen>
    <dimen name="x167">214.94dp</dimen>
    <dimen name="x168">216.22dp</dimen>
    <dimen name="x169">217.51dp</dimen>
    <dimen name="x170">218.80dp</dimen>
    <dimen name="x171">220.08dp</dimen>
    <dimen name="x172">221.37dp</dimen>
    <dimen name="x173">222.66dp</dimen>
    <dimen name="x174">223.94dp</dimen>
    <dimen name="x175">225.23dp</dimen>
    <dimen name="x176">226.52dp</dimen>
    <dimen name="x177">227.81dp</dimen>
    <dimen name="x178">229.09dp</dimen>
    <dimen name="x179">230.38dp</dimen>
    <dimen name="x180">231.67dp</dimen>
    <dimen name="x181">232.95dp</dimen>
    <dimen name="x182">234.24dp</dimen>
    <dimen name="x183">235.53dp</dimen>
    <dimen name="x184">236.81dp</dimen>
    <dimen name="x185">238.10dp</dimen>
    <dimen name="x186">239.39dp</dimen>
    <dimen name="x187">240.68dp</dimen>
    <dimen name="x188">241.96dp</dimen>
    <dimen name="x189">243.25dp</dimen>
    <dimen name="x190">244.54dp</dimen>
    <dimen name="x191">245.82dp</dimen>
    <dimen name="x192">247.11dp</dimen>
    <dimen name="x193">248.40dp</dimen>
    <dimen name="x194">249.69dp</dimen>
    <dimen name="x195">250.97dp</dimen>
    <dimen name="x196">252.26dp</dimen>
    <dimen name="x197">253.55dp</dimen>
    <dimen name="x198">254.83dp</dimen>
    <dimen name="x199">256.12dp</dimen>
    <dimen name="x200">257.41dp</dimen>
    <dimen name="x201">258.69dp</dimen>
    <dimen name="x202">259.98dp</dimen>
    <dimen name="x203">261.27dp</dimen>
    <dimen name="x204">262.56dp</dimen>
    <dimen name="x205">263.84dp</dimen>
    <dimen name="x206">265.13dp</dimen>
    <dimen name="x207">266.42dp</dimen>
    <dimen name="x208">267.70dp</dimen>
    <dimen name="x209">268.99dp</dimen>
    <dimen name="x210">270.28dp</dimen>
    <dimen name="x211">271.56dp</dimen>
    <dimen name="x212">272.85dp</dimen>
    <dimen name="x213">274.14dp</dimen>
    <dimen name="x214">275.43dp</dimen>
    <dimen name="x215">276.71dp</dimen>
    <dimen name="x216">278.00dp</dimen>
    <dimen name="x217">279.29dp</dimen>
    <dimen name="x218">280.57dp</dimen>
    <dimen name="x219">281.86dp</dimen>
    <dimen name="x220">283.15dp</dimen>
    <dimen name="x221">284.44dp</dimen>
    <dimen name="x222">285.72dp</dimen>
    <dimen name="x223">287.01dp</dimen>
    <dimen name="x224">288.30dp</dimen>
    <dimen name="x225">289.58dp</dimen>
    <dimen name="x226">290.87dp</dimen>
    <dimen name="x227">292.16dp</dimen>
    <dimen name="x228">293.44dp</dimen>
    <dimen name="x229">294.73dp</dimen>
    <dimen name="x230">296.02dp</dimen>
    <dimen name="x231">297.31dp</dimen>
    <dimen name="x232">298.59dp</dimen>
    <dimen name="x233">299.88dp</dimen>
    <dimen name="x234">301.17dp</dimen>
    <dimen name="x235">302.45dp</dimen>
    <dimen name="x236">303.74dp</dimen>
    <dimen name="x237">305.03dp</dimen>
    <dimen name="x238">306.31dp</dimen>
    <dimen name="x239">307.60dp</dimen>
    <dimen name="x240">308.89dp</dimen>
    <dimen name="x241">310.18dp</dimen>
    <dimen name="x242">311.46dp</dimen>
    <dimen name="x243">312.75dp</dimen>
    <dimen name="x244">314.04dp</dimen>
    <dimen name="x245">315.32dp</dimen>
    <dimen name="x246">316.61dp</dimen>
    <dimen name="x247">317.90dp</dimen>
    <dimen name="x248">319.19dp</dimen>
    <dimen name="x249">320.47dp</dimen>
    <dimen name="x250">321.76dp</dimen>
    <dimen name="x251">323.05dp</dimen>
    <dimen name="x252">324.33dp</dimen>
    <dimen name="x253">325.62dp</dimen>
    <dimen name="x254">326.91dp</dimen>
    <dimen name="x255">328.19dp</dimen>
    <dimen name="x256">329.48dp</dimen>
    <dimen name="x257">330.77dp</dimen>
    <dimen name="x258">332.06dp</dimen>
    <dimen name="x259">333.34dp</dimen>
    <dimen name="x260">334.63dp</dimen>
    <dimen name="x261">335.92dp</dimen>
    <dimen name="x262">337.20dp</dimen>
    <dimen name="x263">338.49dp</dimen>
    <dimen name="x264">339.78dp</dimen>
    <dimen name="x265">341.06dp</dimen>
    <dimen name="x266">342.35dp</dimen>
    <dimen name="x267">343.64dp</dimen>
    <dimen name="x268">344.93dp</dimen>
    <dimen name="x269">346.21dp</dimen>
    <dimen name="x270">347.50dp</dimen>
    <dimen name="x271">348.79dp</dimen>
    <dimen name="x272">350.07dp</dimen>
    <dimen name="x273">351.36dp</dimen>
    <dimen name="x274">352.65dp</dimen>
    <dimen name="x275">353.94dp</dimen>
    <dimen name="x276">355.22dp</dimen>
    <dimen name="x277">356.51dp</dimen>
    <dimen name="x278">357.80dp</dimen>
    <dimen name="x279">359.08dp</dimen>
    <dimen name="x280">360.37dp</dimen>
    <dimen name="x281">361.66dp</dimen>
    <dimen name="x282">362.94dp</dimen>
    <dimen name="x283">364.23dp</dimen>
    <dimen name="x284">365.52dp</dimen>
    <dimen name="x285">366.81dp</dimen>
    <dimen name="x286">368.09dp</dimen>
    <dimen name="x287">369.38dp</dimen>
    <dimen name="x288">370.67dp</dimen>
    <dimen name="x289">371.95dp</dimen>
    <dimen name="x290">373.24dp</dimen>
    <dimen name="x291">374.53dp</dimen>
    <dimen name="x292">375.81dp</dimen>
    <dimen name="x293">377.10dp</dimen>
    <dimen name="x294">378.39dp</dimen>
    <dimen name="x295">379.68dp</dimen>
    <dimen name="x296">380.96dp</dimen>
    <dimen name="x297">382.25dp</dimen>
    <dimen name="x298">383.54dp</dimen>
    <dimen name="x299">384.82dp</dimen>
    <dimen name="x300">386.11dp</dimen>
    <dimen name="x301">387.40dp</dimen>
    <dimen name="x302">388.69dp</dimen>
    <dimen name="x303">389.97dp</dimen>
    <dimen name="x304">391.26dp</dimen>
    <dimen name="x305">392.55dp</dimen>
    <dimen name="x306">393.83dp</dimen>
    <dimen name="x307">395.12dp</dimen>
    <dimen name="x308">396.41dp</dimen>
    <dimen name="x309">397.69dp</dimen>
    <dimen name="x310">398.98dp</dimen>
    <dimen name="x311">400.27dp</dimen>
    <dimen name="x312">401.56dp</dimen>
    <dimen name="x313">402.84dp</dimen>
    <dimen name="x314">404.13dp</dimen>
    <dimen name="x315">405.42dp</dimen>
    <dimen name="x316">406.70dp</dimen>
    <dimen name="x317">407.99dp</dimen>
    <dimen name="x318">409.28dp</dimen>
    <dimen name="x319">410.56dp</dimen>
    <dimen name="x320">411.85dp</dimen>
    <dimen name="x321">413.14dp</dimen>
    <dimen name="x322">414.43dp</dimen>
    <dimen name="x323">415.71dp</dimen>
    <dimen name="x324">417.00dp</dimen>
    <dimen name="x325">418.29dp</dimen>
    <dimen name="x326">419.57dp</dimen>
    <dimen name="x327">420.86dp</dimen>
    <dimen name="x328">422.15dp</dimen>
    <dimen name="x329">423.44dp</dimen>
    <dimen name="x330">424.72dp</dimen>
    <dimen name="x331">426.01dp</dimen>
    <dimen name="x332">427.30dp</dimen>
    <dimen name="x333">428.58dp</dimen>
    <dimen name="x334">429.87dp</dimen>
    <dimen name="x335">431.16dp</dimen>
    <dimen name="x336">432.44dp</dimen>
    <dimen name="x337">433.73dp</dimen>
    <dimen name="x338">435.02dp</dimen>
    <dimen name="x339">436.31dp</dimen>
    <dimen name="x340">437.59dp</dimen>
    <dimen name="x341">438.88dp</dimen>
    <dimen name="x342">440.17dp</dimen>
    <dimen name="x343">441.45dp</dimen>
    <dimen name="x344">442.74dp</dimen>
    <dimen name="x345">444.03dp</dimen>
    <dimen name="x346">445.31dp</dimen>
    <dimen name="x347">446.60dp</dimen>
    <dimen name="x348">447.89dp</dimen>
    <dimen name="x349">449.18dp</dimen>
    <dimen name="x350">450.46dp</dimen>
    <dimen name="x351">451.75dp</dimen>
    <dimen name="x352">453.04dp</dimen>
    <dimen name="x353">454.32dp</dimen>
    <dimen name="x354">455.61dp</dimen>
    <dimen name="x355">456.90dp</dimen>
    <dimen name="x356">458.19dp</dimen>
    <dimen name="x357">459.47dp</dimen>
    <dimen name="x358">460.76dp</dimen>
    <dimen name="x359">462.05dp</dimen>
    <dimen name="x360">463.33dp</dimen>
    <dimen name="x361">464.62dp</dimen>
    <dimen name="x362">465.91dp</dimen>
    <dimen name="x363">467.19dp</dimen>
    <dimen name="x364">468.48dp</dimen>
    <dimen name="x365">469.77dp</dimen>
    <dimen name="x366">471.06dp</dimen>
    <dimen name="x367">472.34dp</dimen>
    <dimen name="x368">473.63dp</dimen>
    <dimen name="x369">474.92dp</dimen>
    <dimen name="x370">476.20dp</dimen>
    <dimen name="x371">477.49dp</dimen>
    <dimen name="x372">478.78dp</dimen>
    <dimen name="x373">480.06dp</dimen>
    <dimen name="x374">481.35dp</dimen>
    <dimen name="x375">482.64dp</dimen>
    <dimen name="x376">483.93dp</dimen>
    <dimen name="x377">485.21dp</dimen>
    <dimen name="x378">486.50dp</dimen>
    <dimen name="x379">487.79dp</dimen>
    <dimen name="x380">489.07dp</dimen>
    <dimen name="x381">490.36dp</dimen>
    <dimen name="x382">491.65dp</dimen>
    <dimen name="x383">492.94dp</dimen>
    <dimen name="x384">494.22dp</dimen>
    <dimen name="x385">495.51dp</dimen>
    <dimen name="x386">496.80dp</dimen>
    <dimen name="x387">498.08dp</dimen>
    <dimen name="x388">499.37dp</dimen>
    <dimen name="x389">500.66dp</dimen>
    <dimen name="x390">501.94dp</dimen>
    <dimen name="x391">503.23dp</dimen>
    <dimen name="x392">504.52dp</dimen>
    <dimen name="x393">505.81dp</dimen>
    <dimen name="x394">507.09dp</dimen>
    <dimen name="x395">508.38dp</dimen>
    <dimen name="x396">509.67dp</dimen>
    <dimen name="x397">510.95dp</dimen>
    <dimen name="x398">512.24dp</dimen>
    <dimen name="x399">513.53dp</dimen>
    <dimen name="x400">514.81dp</dimen>
    <dimen name="x401">516.10dp</dimen>
    <dimen name="x402">517.39dp</dimen>
    <dimen name="x403">518.68dp</dimen>
    <dimen name="x404">519.96dp</dimen>
    <dimen name="x405">521.25dp</dimen>
    <dimen name="x406">522.54dp</dimen>
    <dimen name="x407">523.82dp</dimen>
    <dimen name="x408">525.11dp</dimen>
    <dimen name="x409">526.40dp</dimen>
    <dimen name="x410">527.69dp</dimen>
    <dimen name="x411">528.97dp</dimen>
    <dimen name="x412">530.26dp</dimen>
    <dimen name="x413">531.55dp</dimen>
    <dimen name="x414">532.83dp</dimen>
    <dimen name="x415">534.12dp</dimen>
    <dimen name="x416">535.41dp</dimen>
    <dimen name="x417">536.69dp</dimen>
    <dimen name="x418">537.98dp</dimen>
    <dimen name="x419">539.27dp</dimen>
    <dimen name="x420">540.56dp</dimen>
    <dimen name="x421">541.84dp</dimen>
    <dimen name="x422">543.13dp</dimen>
    <dimen name="x423">544.42dp</dimen>
    <dimen name="x424">545.70dp</dimen>
    <dimen name="x425">546.99dp</dimen>
    <dimen name="x426">548.28dp</dimen>
    <dimen name="x427">549.56dp</dimen>
    <dimen name="x428">550.85dp</dimen>
    <dimen name="x429">552.14dp</dimen>
    <dimen name="x430">553.43dp</dimen>
    <dimen name="x431">554.71dp</dimen>
    <dimen name="x432">556.00dp</dimen>
    <dimen name="x433">557.29dp</dimen>
    <dimen name="x434">558.57dp</dimen>
    <dimen name="x435">559.86dp</dimen>
    <dimen name="x436">561.15dp</dimen>
    <dimen name="x437">562.44dp</dimen>
    <dimen name="x438">563.72dp</dimen>
    <dimen name="x439">565.01dp</dimen>
    <dimen name="x440">566.30dp</dimen>
    <dimen name="x441">567.58dp</dimen>
    <dimen name="x442">568.87dp</dimen>
    <dimen name="x443">570.16dp</dimen>
    <dimen name="x444">571.44dp</dimen>
    <dimen name="x445">572.73dp</dimen>
    <dimen name="x446">574.02dp</dimen>
    <dimen name="x447">575.31dp</dimen>
    <dimen name="x448">576.59dp</dimen>
    <dimen name="x449">577.88dp</dimen>
    <dimen name="x450">579.17dp</dimen>
    <dimen name="x451">580.45dp</dimen>
    <dimen name="x452">581.74dp</dimen>
    <dimen name="x453">583.03dp</dimen>
    <dimen name="x454">584.31dp</dimen>
    <dimen name="x455">585.60dp</dimen>
    <dimen name="x456">586.89dp</dimen>
    <dimen name="x457">588.18dp</dimen>
    <dimen name="x458">589.46dp</dimen>
    <dimen name="x459">590.75dp</dimen>
    <dimen name="x460">592.04dp</dimen>
    <dimen name="x461">593.32dp</dimen>
    <dimen name="x462">594.61dp</dimen>
    <dimen name="x463">595.90dp</dimen>
    <dimen name="x464">597.19dp</dimen>
    <dimen name="x465">598.47dp</dimen>
    <dimen name="x466">599.76dp</dimen>
    <dimen name="x467">601.05dp</dimen>
    <dimen name="x468">602.33dp</dimen>
    <dimen name="x469">603.62dp</dimen>
    <dimen name="x470">604.91dp</dimen>
    <dimen name="x471">606.19dp</dimen>
    <dimen name="x472">607.48dp</dimen>
    <dimen name="x473">608.77dp</dimen>
    <dimen name="x474">610.06dp</dimen>
    <dimen name="x475">611.34dp</dimen>
    <dimen name="x476">612.63dp</dimen>
    <dimen name="x477">613.92dp</dimen>
    <dimen name="x478">615.20dp</dimen>
    <dimen name="x479">616.49dp</dimen>
    <dimen name="x480">617.78dp</dimen>
    <dimen name="x481">619.06dp</dimen>
    <dimen name="x482">620.35dp</dimen>
    <dimen name="x483">621.64dp</dimen>
    <dimen name="x484">622.93dp</dimen>
    <dimen name="x485">624.21dp</dimen>
    <dimen name="x486">625.50dp</dimen>
    <dimen name="x487">626.79dp</dimen>
    <dimen name="x488">628.07dp</dimen>
    <dimen name="x489">629.36dp</dimen>
    <dimen name="x490">630.65dp</dimen>
    <dimen name="x491">631.94dp</dimen>
    <dimen name="x492">633.22dp</dimen>
    <dimen name="x493">634.51dp</dimen>
    <dimen name="x494">635.80dp</dimen>
    <dimen name="x495">637.08dp</dimen>
    <dimen name="x496">638.37dp</dimen>
    <dimen name="x497">639.66dp</dimen>
    <dimen name="x498">640.94dp</dimen>
    <dimen name="x499">642.23dp</dimen>
    <dimen name="x500">643.52dp</dimen>
    <dimen name="x501">644.81dp</dimen>
    <dimen name="x502">646.09dp</dimen>
    <dimen name="x503">647.38dp</dimen>
    <dimen name="x504">648.67dp</dimen>
    <dimen name="x505">649.95dp</dimen>
    <dimen name="x506">651.24dp</dimen>
    <dimen name="x507">652.53dp</dimen>
    <dimen name="x508">653.81dp</dimen>
    <dimen name="x509">655.10dp</dimen>
    <dimen name="x510">656.39dp</dimen>
    <dimen name="x511">657.68dp</dimen>
    <dimen name="x512">658.96dp</dimen>
    <dimen name="x513">660.25dp</dimen>
    <dimen name="x514">661.54dp</dimen>
    <dimen name="x515">662.82dp</dimen>
    <dimen name="x516">664.11dp</dimen>
    <dimen name="x517">665.40dp</dimen>
    <dimen name="x518">666.69dp</dimen>
    <dimen name="x519">667.97dp</dimen>
    <dimen name="x520">669.26dp</dimen>
    <dimen name="x521">670.55dp</dimen>
    <dimen name="x522">671.83dp</dimen>
    <dimen name="x523">673.12dp</dimen>
    <dimen name="x524">674.41dp</dimen>
    <dimen name="x525">675.69dp</dimen>
    <dimen name="x526">676.98dp</dimen>
    <dimen name="x527">678.27dp</dimen>
    <dimen name="x528">679.56dp</dimen>
    <dimen name="x529">680.84dp</dimen>
    <dimen name="x530">682.13dp</dimen>
    <dimen name="x531">683.42dp</dimen>
    <dimen name="x532">684.70dp</dimen>
    <dimen name="x533">685.99dp</dimen>
    <dimen name="x534">687.28dp</dimen>
    <dimen name="x535">688.56dp</dimen>
    <dimen name="x536">689.85dp</dimen>
    <dimen name="x537">691.14dp</dimen>
    <dimen name="x538">692.43dp</dimen>
    <dimen name="x539">693.71dp</dimen>
    <dimen name="x540">695.00dp</dimen>
    <dimen name="x541">696.29dp</dimen>
    <dimen name="x542">697.57dp</dimen>
    <dimen name="x543">698.86dp</dimen>
    <dimen name="x544">700.15dp</dimen>
    <dimen name="x545">701.44dp</dimen>
    <dimen name="x546">702.72dp</dimen>
    <dimen name="x547">704.01dp</dimen>
    <dimen name="x548">705.30dp</dimen>
    <dimen name="x549">706.58dp</dimen>
    <dimen name="x550">707.87dp</dimen>
    <dimen name="x551">709.16dp</dimen>
    <dimen name="x552">710.44dp</dimen>
    <dimen name="x553">711.73dp</dimen>
    <dimen name="x554">713.02dp</dimen>
    <dimen name="x555">714.31dp</dimen>
    <dimen name="x556">715.59dp</dimen>
    <dimen name="x557">716.88dp</dimen>
    <dimen name="x558">718.17dp</dimen>
    <dimen name="x559">719.45dp</dimen>
    <dimen name="x560">720.74dp</dimen>
    <dimen name="x561">722.03dp</dimen>
    <dimen name="x562">723.31dp</dimen>
    <dimen name="x563">724.60dp</dimen>
    <dimen name="x564">725.89dp</dimen>
    <dimen name="x565">727.18dp</dimen>
    <dimen name="x566">728.46dp</dimen>
    <dimen name="x567">729.75dp</dimen>
    <dimen name="x568">731.04dp</dimen>
    <dimen name="x569">732.32dp</dimen>
    <dimen name="x570">733.61dp</dimen>
    <dimen name="x571">734.90dp</dimen>
    <dimen name="x572">736.19dp</dimen>
    <dimen name="x573">737.47dp</dimen>
    <dimen name="x574">738.76dp</dimen>
    <dimen name="x575">740.05dp</dimen>
    <dimen name="x576">741.33dp</dimen>
    <dimen name="x577">742.62dp</dimen>
    <dimen name="x578">743.91dp</dimen>
    <dimen name="x579">745.19dp</dimen>
    <dimen name="x580">746.48dp</dimen>
    <dimen name="x581">747.77dp</dimen>
    <dimen name="x582">749.06dp</dimen>
    <dimen name="x583">750.34dp</dimen>
    <dimen name="x584">751.63dp</dimen>
    <dimen name="x585">752.92dp</dimen>
    <dimen name="x586">754.20dp</dimen>
    <dimen name="x587">755.49dp</dimen>
    <dimen name="x588">756.78dp</dimen>
    <dimen name="x589">758.06dp</dimen>
    <dimen name="x590">759.35dp</dimen>
    <dimen name="x591">760.64dp</dimen>
    <dimen name="x592">761.93dp</dimen>
    <dimen name="x593">763.21dp</dimen>
    <dimen name="x594">764.50dp</dimen>
    <dimen name="x595">765.79dp</dimen>
    <dimen name="x596">767.07dp</dimen>
    <dimen name="x597">768.36dp</dimen>
    <dimen name="x598">769.65dp</dimen>
    <dimen name="x599">770.94dp</dimen>
    <dimen name="x600">772.22dp</dimen>
    <dimen name="x601">773.51dp</dimen>
    <dimen name="x602">774.80dp</dimen>
    <dimen name="x603">776.08dp</dimen>
    <dimen name="x604">777.37dp</dimen>
    <dimen name="x605">778.66dp</dimen>
    <dimen name="x606">779.94dp</dimen>
    <dimen name="x607">781.23dp</dimen>
    <dimen name="x608">782.52dp</dimen>
    <dimen name="x609">783.81dp</dimen>
    <dimen name="x610">785.09dp</dimen>
    <dimen name="x611">786.38dp</dimen>
    <dimen name="x612">787.67dp</dimen>
    <dimen name="x613">788.95dp</dimen>
    <dimen name="x614">790.24dp</dimen>
    <dimen name="x615">791.53dp</dimen>
    <dimen name="x616">792.81dp</dimen>
    <dimen name="x617">794.10dp</dimen>
    <dimen name="x618">795.39dp</dimen>
    <dimen name="x619">796.68dp</dimen>
    <dimen name="x620">797.96dp</dimen>
    <dimen name="x621">799.25dp</dimen>
    <dimen name="x622">800.54dp</dimen>
    <dimen name="x623">801.82dp</dimen>
    <dimen name="x624">803.11dp</dimen>
    <dimen name="x625">804.40dp</dimen>
    <dimen name="x626">805.69dp</dimen>
    <dimen name="x627">806.97dp</dimen>
    <dimen name="x628">808.26dp</dimen>
    <dimen name="x629">809.55dp</dimen>
    <dimen name="x630">810.83dp</dimen>
    <dimen name="x631">812.12dp</dimen>
    <dimen name="x632">813.41dp</dimen>
    <dimen name="x633">814.69dp</dimen>
    <dimen name="x634">815.98dp</dimen>
    <dimen name="x635">817.27dp</dimen>
    <dimen name="x636">818.56dp</dimen>
    <dimen name="x637">819.84dp</dimen>
    <dimen name="x638">821.13dp</dimen>
    <dimen name="x639">822.42dp</dimen>
    <dimen name="x640">823.70dp</dimen>
    <dimen name="x641">824.99dp</dimen>
    <dimen name="x642">826.28dp</dimen>
    <dimen name="x643">827.56dp</dimen>
    <dimen name="x644">828.85dp</dimen>
    <dimen name="x645">830.14dp</dimen>
    <dimen name="x646">831.43dp</dimen>
    <dimen name="x647">832.71dp</dimen>
    <dimen name="x648">834.00dp</dimen>
    <dimen name="x649">835.29dp</dimen>
    <dimen name="x650">836.57dp</dimen>
    <dimen name="x651">837.86dp</dimen>
    <dimen name="x652">839.15dp</dimen>
    <dimen name="x653">840.44dp</dimen>
    <dimen name="x654">841.72dp</dimen>
    <dimen name="x655">843.01dp</dimen>
    <dimen name="x656">844.30dp</dimen>
    <dimen name="x657">845.58dp</dimen>
    <dimen name="x658">846.87dp</dimen>
    <dimen name="x659">848.16dp</dimen>
    <dimen name="x660">849.44dp</dimen>
    <dimen name="x661">850.73dp</dimen>
    <dimen name="x662">852.02dp</dimen>
    <dimen name="x663">853.31dp</dimen>
    <dimen name="x664">854.59dp</dimen>
    <dimen name="x665">855.88dp</dimen>
    <dimen name="x666">857.17dp</dimen>
    <dimen name="x667">858.45dp</dimen>
    <dimen name="x668">859.74dp</dimen>
    <dimen name="x669">861.03dp</dimen>
    <dimen name="x670">862.31dp</dimen>
    <dimen name="x671">863.60dp</dimen>
    <dimen name="x672">864.89dp</dimen>
    <dimen name="x673">866.18dp</dimen>
    <dimen name="x674">867.46dp</dimen>
    <dimen name="x675">868.75dp</dimen>
    <dimen name="x676">870.04dp</dimen>
    <dimen name="x677">871.32dp</dimen>
    <dimen name="x678">872.61dp</dimen>
    <dimen name="x679">873.90dp</dimen>
    <dimen name="x680">875.19dp</dimen>
    <dimen name="x681">876.47dp</dimen>
    <dimen name="x682">877.76dp</dimen>
    <dimen name="x683">879.05dp</dimen>
    <dimen name="x684">880.33dp</dimen>
    <dimen name="x685">881.62dp</dimen>
    <dimen name="x686">882.91dp</dimen>
    <dimen name="x687">884.19dp</dimen>
    <dimen name="x688">885.48dp</dimen>
    <dimen name="x689">886.77dp</dimen>
    <dimen name="x690">888.06dp</dimen>
    <dimen name="x691">889.34dp</dimen>
    <dimen name="x692">890.63dp</dimen>
    <dimen name="x693">891.92dp</dimen>
    <dimen name="x694">893.20dp</dimen>
    <dimen name="x695">894.49dp</dimen>
    <dimen name="x696">895.78dp</dimen>
    <dimen name="x697">897.06dp</dimen>
    <dimen name="x698">898.35dp</dimen>
    <dimen name="x699">899.64dp</dimen>
    <dimen name="x700">900.93dp</dimen>
    <dimen name="x701">902.21dp</dimen>
    <dimen name="x702">903.50dp</dimen>
    <dimen name="x703">904.79dp</dimen>
    <dimen name="x704">906.07dp</dimen>
    <dimen name="x705">907.36dp</dimen>
    <dimen name="x706">908.65dp</dimen>
    <dimen name="x707">909.94dp</dimen>
    <dimen name="x708">911.22dp</dimen>
    <dimen name="x709">912.51dp</dimen>
    <dimen name="x710">913.80dp</dimen>
    <dimen name="x711">915.08dp</dimen>
    <dimen name="x712">916.37dp</dimen>
    <dimen name="x713">917.66dp</dimen>
    <dimen name="x714">918.94dp</dimen>
    <dimen name="x715">920.23dp</dimen>
    <dimen name="x716">921.52dp</dimen>
    <dimen name="x717">922.81dp</dimen>
    <dimen name="x718">924.09dp</dimen>
    <dimen name="x719">925.38dp</dimen>
    <dimen name="x720">926.67dp</dimen>
    <dimen name="x721">927.95dp</dimen>
    <dimen name="x722">929.24dp</dimen>
    <dimen name="x723">930.53dp</dimen>
    <dimen name="x724">931.81dp</dimen>
    <dimen name="x725">933.10dp</dimen>
    <dimen name="x726">934.39dp</dimen>
    <dimen name="x727">935.68dp</dimen>
    <dimen name="x728">936.96dp</dimen>
    <dimen name="x729">938.25dp</dimen>
    <dimen name="x730">939.54dp</dimen>
    <dimen name="x731">940.82dp</dimen>
    <dimen name="x732">942.11dp</dimen>
    <dimen name="x733">943.40dp</dimen>
    <dimen name="x734">944.69dp</dimen>
    <dimen name="x735">945.97dp</dimen>
    <dimen name="x736">947.26dp</dimen>
    <dimen name="x737">948.55dp</dimen>
    <dimen name="x738">949.83dp</dimen>
    <dimen name="x739">951.12dp</dimen>
    <dimen name="x740">952.41dp</dimen>
    <dimen name="x741">953.69dp</dimen>
    <dimen name="x742">954.98dp</dimen>
    <dimen name="x743">956.27dp</dimen>
    <dimen name="x744">957.56dp</dimen>
    <dimen name="x745">958.84dp</dimen>
    <dimen name="x746">960.13dp</dimen>
    <dimen name="x747">961.42dp</dimen>
    <dimen name="x748">962.70dp</dimen>
    <dimen name="x749">963.99dp</dimen>
    <dimen name="x750">965.28dp</dimen>
    <dimen name="x751">966.56dp</dimen>
    <dimen name="x752">967.85dp</dimen>
    <dimen name="x753">969.14dp</dimen>
    <dimen name="x754">970.43dp</dimen>
    <dimen name="x755">971.71dp</dimen>
    <dimen name="x756">973.00dp</dimen>
    <dimen name="x757">974.29dp</dimen>
    <dimen name="x758">975.57dp</dimen>
    <dimen name="x759">976.86dp</dimen>
    <dimen name="x760">978.15dp</dimen>
    <dimen name="x761">979.44dp</dimen>
    <dimen name="x762">980.72dp</dimen>
    <dimen name="x763">982.01dp</dimen>
    <dimen name="x764">983.30dp</dimen>
    <dimen name="x765">984.58dp</dimen>
    <dimen name="x766">985.87dp</dimen>
    <dimen name="x767">987.16dp</dimen>
    <dimen name="x768">988.44dp</dimen>
    <dimen name="x769">989.73dp</dimen>
    <dimen name="x770">991.02dp</dimen>
    <dimen name="x771">992.31dp</dimen>
    <dimen name="x772">993.59dp</dimen>
    <dimen name="x773">994.88dp</dimen>
    <dimen name="x774">996.17dp</dimen>
    <dimen name="x775">997.45dp</dimen>
    <dimen name="x776">998.74dp</dimen>
    <dimen name="x777">1000.03dp</dimen>
    <dimen name="x778">1001.31dp</dimen>
    <dimen name="x779">1002.60dp</dimen>
    <dimen name="x780">1003.89dp</dimen>
    <dimen name="x781">1005.18dp</dimen>
    <dimen name="x782">1006.46dp</dimen>
    <dimen name="x783">1007.75dp</dimen>
    <dimen name="x784">1009.04dp</dimen>
    <dimen name="x785">1010.32dp</dimen>
    <dimen name="x786">1011.61dp</dimen>
    <dimen name="x787">1012.90dp</dimen>
    <dimen name="x788">1014.19dp</dimen>
    <dimen name="x789">1015.47dp</dimen>
    <dimen name="x790">1016.76dp</dimen>
    <dimen name="x791">1018.05dp</dimen>
    <dimen name="x792">1019.33dp</dimen>
    <dimen name="x793">1020.62dp</dimen>
    <dimen name="x794">1021.91dp</dimen>
    <dimen name="x795">1023.19dp</dimen>
    <dimen name="x796">1024.48dp</dimen>
    <dimen name="x797">1025.77dp</dimen>
    <dimen name="x798">1027.06dp</dimen>
    <dimen name="x799">1028.34dp</dimen>
    <dimen name="x800">1029.63dp</dimen>
    <dimen name="x801">1030.92dp</dimen>
    <dimen name="x802">1032.20dp</dimen>
    <dimen name="x803">1033.49dp</dimen>
    <dimen name="x804">1034.78dp</dimen>
    <dimen name="x805">1036.06dp</dimen>
    <dimen name="x806">1037.35dp</dimen>
    <dimen name="x807">1038.64dp</dimen>
    <dimen name="x808">1039.93dp</dimen>
    <dimen name="x809">1041.21dp</dimen>
    <dimen name="x810">1042.50dp</dimen>
    <dimen name="x811">1043.79dp</dimen>
    <dimen name="x812">1045.07dp</dimen>
    <dimen name="x813">1046.36dp</dimen>
    <dimen name="x814">1047.65dp</dimen>
    <dimen name="x815">1048.94dp</dimen>
    <dimen name="x816">1050.22dp</dimen>
    <dimen name="x817">1051.51dp</dimen>
    <dimen name="x818">1052.80dp</dimen>
    <dimen name="x819">1054.08dp</dimen>
    <dimen name="x820">1055.37dp</dimen>
    <dimen name="x821">1056.66dp</dimen>
    <dimen name="x822">1057.94dp</dimen>
    <dimen name="x823">1059.23dp</dimen>
    <dimen name="x824">1060.52dp</dimen>
    <dimen name="x825">1061.81dp</dimen>
    <dimen name="x826">1063.09dp</dimen>
    <dimen name="x827">1064.38dp</dimen>
    <dimen name="x828">1065.67dp</dimen>
    <dimen name="x829">1066.95dp</dimen>
    <dimen name="x830">1068.24dp</dimen>
    <dimen name="x831">1069.53dp</dimen>
    <dimen name="x832">1070.81dp</dimen>
    <dimen name="x833">1072.10dp</dimen>
    <dimen name="x834">1073.39dp</dimen>
    <dimen name="x835">1074.68dp</dimen>
    <dimen name="x836">1075.96dp</dimen>
    <dimen name="x837">1077.25dp</dimen>
    <dimen name="x838">1078.54dp</dimen>
    <dimen name="x839">1079.82dp</dimen>
    <dimen name="x840">1081.11dp</dimen>
    <dimen name="x841">1082.40dp</dimen>
    <dimen name="x842">1083.69dp</dimen>
    <dimen name="x843">1084.97dp</dimen>
    <dimen name="x844">1086.26dp</dimen>
    <dimen name="x845">1087.55dp</dimen>
    <dimen name="x846">1088.83dp</dimen>
    <dimen name="x847">1090.12dp</dimen>
    <dimen name="x848">1091.41dp</dimen>
    <dimen name="x849">1092.69dp</dimen>
    <dimen name="x850">1093.98dp</dimen>
    <dimen name="x851">1095.27dp</dimen>
    <dimen name="x852">1096.56dp</dimen>
    <dimen name="x853">1097.84dp</dimen>
    <dimen name="x854">1099.13dp</dimen>
    <dimen name="x855">1100.42dp</dimen>
    <dimen name="x856">1101.70dp</dimen>
    <dimen name="x857">1102.99dp</dimen>
    <dimen name="x858">1104.28dp</dimen>
    <dimen name="x859">1105.56dp</dimen>
    <dimen name="x860">1106.85dp</dimen>
    <dimen name="x861">1108.14dp</dimen>
    <dimen name="x862">1109.43dp</dimen>
    <dimen name="x863">1110.71dp</dimen>
    <dimen name="x864">1112.00dp</dimen>
    <dimen name="x865">1113.29dp</dimen>
    <dimen name="x866">1114.57dp</dimen>
    <dimen name="x867">1115.86dp</dimen>
    <dimen name="x868">1117.15dp</dimen>
    <dimen name="x869">1118.44dp</dimen>
    <dimen name="x870">1119.72dp</dimen>
    <dimen name="x871">1121.01dp</dimen>
    <dimen name="x872">1122.30dp</dimen>
    <dimen name="x873">1123.58dp</dimen>
    <dimen name="x874">1124.87dp</dimen>
    <dimen name="x875">1126.16dp</dimen>
    <dimen name="x876">1127.44dp</dimen>
    <dimen name="x877">1128.73dp</dimen>
    <dimen name="x878">1130.02dp</dimen>
    <dimen name="x879">1131.31dp</dimen>
    <dimen name="x880">1132.59dp</dimen>
    <dimen name="x881">1133.88dp</dimen>
    <dimen name="x882">1135.17dp</dimen>
    <dimen name="x883">1136.45dp</dimen>
    <dimen name="x884">1137.74dp</dimen>
    <dimen name="x885">1139.03dp</dimen>
    <dimen name="x886">1140.31dp</dimen>
    <dimen name="x887">1141.60dp</dimen>
    <dimen name="x888">1142.89dp</dimen>
    <dimen name="x889">1144.18dp</dimen>
    <dimen name="x890">1145.46dp</dimen>
    <dimen name="x891">1146.75dp</dimen>
    <dimen name="x892">1148.04dp</dimen>
    <dimen name="x893">1149.32dp</dimen>
    <dimen name="x894">1150.61dp</dimen>
    <dimen name="x895">1151.90dp</dimen>
    <dimen name="x896">1153.19dp</dimen>
    <dimen name="x897">1154.47dp</dimen>
    <dimen name="x898">1155.76dp</dimen>
    <dimen name="x899">1157.05dp</dimen>
    <dimen name="x900">1158.33dp</dimen>
    <dimen name="x901">1159.62dp</dimen>
    <dimen name="x902">1160.91dp</dimen>
    <dimen name="x903">1162.19dp</dimen>
    <dimen name="x904">1163.48dp</dimen>
    <dimen name="x905">1164.77dp</dimen>
    <dimen name="x906">1166.06dp</dimen>
    <dimen name="x907">1167.34dp</dimen>
    <dimen name="x908">1168.63dp</dimen>
    <dimen name="x909">1169.92dp</dimen>
    <dimen name="x910">1171.20dp</dimen>
    <dimen name="x911">1172.49dp</dimen>
    <dimen name="x912">1173.78dp</dimen>
    <dimen name="x913">1175.06dp</dimen>
    <dimen name="x914">1176.35dp</dimen>
    <dimen name="x915">1177.64dp</dimen>
    <dimen name="x916">1178.93dp</dimen>
    <dimen name="x917">1180.21dp</dimen>
    <dimen name="x918">1181.50dp</dimen>
    <dimen name="x919">1182.79dp</dimen>
    <dimen name="x920">1184.07dp</dimen>
    <dimen name="x921">1185.36dp</dimen>
    <dimen name="x922">1186.65dp</dimen>
    <dimen name="x923">1187.94dp</dimen>
    <dimen name="x924">1189.22dp</dimen>
    <dimen name="x925">1190.51dp</dimen>
    <dimen name="x926">1191.80dp</dimen>
    <dimen name="x927">1193.08dp</dimen>
    <dimen name="x928">1194.37dp</dimen>
    <dimen name="x929">1195.66dp</dimen>
    <dimen name="x930">1196.94dp</dimen>
    <dimen name="x931">1198.23dp</dimen>
    <dimen name="x932">1199.52dp</dimen>
    <dimen name="x933">1200.81dp</dimen>
    <dimen name="x934">1202.09dp</dimen>
    <dimen name="x935">1203.38dp</dimen>
    <dimen name="x936">1204.67dp</dimen>
    <dimen name="x937">1205.95dp</dimen>
    <dimen name="x938">1207.24dp</dimen>
    <dimen name="x939">1208.53dp</dimen>
    <dimen name="x940">1209.81dp</dimen>
    <dimen name="x941">1211.10dp</dimen>
    <dimen name="x942">1212.39dp</dimen>
    <dimen name="x943">1213.68dp</dimen>
    <dimen name="x944">1214.96dp</dimen>
    <dimen name="x945">1216.25dp</dimen>
    <dimen name="x946">1217.54dp</dimen>
    <dimen name="x947">1218.82dp</dimen>
    <dimen name="x948">1220.11dp</dimen>
    <dimen name="x949">1221.40dp</dimen>
    <dimen name="x950">1222.69dp</dimen>
    <dimen name="x951">1223.97dp</dimen>
    <dimen name="x952">1225.26dp</dimen>
    <dimen name="x953">1226.55dp</dimen>
    <dimen name="x954">1227.83dp</dimen>
    <dimen name="x955">1229.12dp</dimen>
    <dimen name="x956">1230.41dp</dimen>
    <dimen name="x957">1231.69dp</dimen>
    <dimen name="x958">1232.98dp</dimen>
    <dimen name="x959">1234.27dp</dimen>
    <dimen name="x960">1235.56dp</dimen>
    <dimen name="x961">1236.84dp</dimen>
    <dimen name="x962">1238.13dp</dimen>
    <dimen name="x963">1239.42dp</dimen>
    <dimen name="x964">1240.70dp</dimen>
    <dimen name="x965">1241.99dp</dimen>
    <dimen name="x966">1243.28dp</dimen>
    <dimen name="x967">1244.56dp</dimen>
    <dimen name="x968">1245.85dp</dimen>
    <dimen name="x969">1247.14dp</dimen>
    <dimen name="x970">1248.43dp</dimen>
    <dimen name="x971">1249.71dp</dimen>
    <dimen name="x972">1251.00dp</dimen>
    <dimen name="x973">1252.29dp</dimen>
    <dimen name="x974">1253.57dp</dimen>
    <dimen name="x975">1254.86dp</dimen>
    <dimen name="x976">1256.15dp</dimen>
    <dimen name="x977">1257.44dp</dimen>
    <dimen name="x978">1258.72dp</dimen>
    <dimen name="x979">1260.01dp</dimen>
    <dimen name="x980">1261.30dp</dimen>
    <dimen name="x981">1262.58dp</dimen>
    <dimen name="x982">1263.87dp</dimen>
    <dimen name="x983">1265.16dp</dimen>
    <dimen name="x984">1266.44dp</dimen>
    <dimen name="x985">1267.73dp</dimen>
    <dimen name="x986">1269.02dp</dimen>
    <dimen name="x987">1270.31dp</dimen>
    <dimen name="x988">1271.59dp</dimen>
    <dimen name="x989">1272.88dp</dimen>
    <dimen name="x990">1274.17dp</dimen>
    <dimen name="x991">1275.45dp</dimen>
    <dimen name="x992">1276.74dp</dimen>
    <dimen name="x993">1278.03dp</dimen>
    <dimen name="x994">1279.31dp</dimen>
    <dimen name="x995">1280.60dp</dimen>
    <dimen name="x996">1281.89dp</dimen>
    <dimen name="x997">1283.18dp</dimen>
    <dimen name="x998">1284.46dp</dimen>
    <dimen name="x999">1285.75dp</dimen>
    <dimen name="x1000">1287.04dp</dimen>
    <dimen name="x1001">1288.32dp</dimen>
    <dimen name="x1002">1289.61dp</dimen>
    <dimen name="x1003">1290.90dp</dimen>
    <dimen name="x1004">1292.19dp</dimen>
    <dimen name="x1005">1293.47dp</dimen>
    <dimen name="x1006">1294.76dp</dimen>
    <dimen name="x1007">1296.05dp</dimen>
    <dimen name="x1008">1297.33dp</dimen>
    <dimen name="x1009">1298.62dp</dimen>
    <dimen name="x1010">1299.91dp</dimen>
    <dimen name="x1011">1301.19dp</dimen>
    <dimen name="x1012">1302.48dp</dimen>
    <dimen name="x1013">1303.77dp</dimen>
    <dimen name="x1014">1305.06dp</dimen>
    <dimen name="x1015">1306.34dp</dimen>
    <dimen name="x1016">1307.63dp</dimen>
    <dimen name="x1017">1308.92dp</dimen>
    <dimen name="x1018">1310.20dp</dimen>
    <dimen name="x1019">1311.49dp</dimen>
    <dimen name="x1020">1312.78dp</dimen>
    <dimen name="x1021">1314.06dp</dimen>
    <dimen name="x1022">1315.35dp</dimen>
    <dimen name="x1023">1316.64dp</dimen>
    <dimen name="x1024">1317.93dp</dimen>
    <dimen name="x1025">1319.21dp</dimen>
    <dimen name="x1026">1320.50dp</dimen>
    <dimen name="x1027">1321.79dp</dimen>
    <dimen name="x1028">1323.07dp</dimen>
    <dimen name="x1029">1324.36dp</dimen>
    <dimen name="x1030">1325.65dp</dimen>
    <dimen name="x1031">1326.94dp</dimen>
    <dimen name="x1032">1328.22dp</dimen>
    <dimen name="x1033">1329.51dp</dimen>
    <dimen name="x1034">1330.80dp</dimen>
    <dimen name="x1035">1332.08dp</dimen>
    <dimen name="x1036">1333.37dp</dimen>
    <dimen name="x1037">1334.66dp</dimen>
    <dimen name="x1038">1335.94dp</dimen>
    <dimen name="x1039">1337.23dp</dimen>
    <dimen name="x1040">1338.52dp</dimen>
    <dimen name="x1041">1339.81dp</dimen>
    <dimen name="x1042">1341.09dp</dimen>
    <dimen name="x1043">1342.38dp</dimen>
    <dimen name="x1044">1343.67dp</dimen>
    <dimen name="x1045">1344.95dp</dimen>
    <dimen name="x1046">1346.24dp</dimen>
    <dimen name="x1047">1347.53dp</dimen>
    <dimen name="x1048">1348.81dp</dimen>
    <dimen name="x1049">1350.10dp</dimen>
    <dimen name="x1050">1351.39dp</dimen>
    <dimen name="x1051">1352.68dp</dimen>
    <dimen name="x1052">1353.96dp</dimen>
    <dimen name="x1053">1355.25dp</dimen>
    <dimen name="x1054">1356.54dp</dimen>
    <dimen name="x1055">1357.82dp</dimen>
    <dimen name="x1056">1359.11dp</dimen>
    <dimen name="x1057">1360.40dp</dimen>
    <dimen name="x1058">1361.69dp</dimen>
    <dimen name="x1059">1362.97dp</dimen>
    <dimen name="x1060">1364.26dp</dimen>
    <dimen name="x1061">1365.55dp</dimen>
    <dimen name="x1062">1366.83dp</dimen>
    <dimen name="x1063">1368.12dp</dimen>
    <dimen name="x1064">1369.41dp</dimen>
    <dimen name="x1065">1370.69dp</dimen>
    <dimen name="x1066">1371.98dp</dimen>
    <dimen name="x1067">1373.27dp</dimen>
    <dimen name="x1068">1374.56dp</dimen>
    <dimen name="x1069">1375.84dp</dimen>
    <dimen name="x1070">1377.13dp</dimen>
    <dimen name="x1071">1378.42dp</dimen>
    <dimen name="x1072">1379.70dp</dimen>
    <dimen name="x1073">1380.99dp</dimen>
    <dimen name="x1074">1382.28dp</dimen>
    <dimen name="x1075">1383.56dp</dimen>
    <dimen name="x1076">1384.85dp</dimen>
    <dimen name="x1077">1386.14dp</dimen>
    <dimen name="x1078">1387.43dp</dimen>
    <dimen name="x1079">1388.71dp</dimen>
    <dimen name="x1080">1390.00dp</dimen>
</resources>