<?xml version="1.0" encoding="utf-8"?>
<resources>
    <string name="sw_dp">1140dp</string>
    <dimen name="x1">1.06dp</dimen>
    <dimen name="x2">2.11dp</dimen>
    <dimen name="x3">3.17dp</dimen>
    <dimen name="x4">4.22dp</dimen>
    <dimen name="x5">5.28dp</dimen>
    <dimen name="x6">6.33dp</dimen>
    <dimen name="x7">7.39dp</dimen>
    <dimen name="x8">8.44dp</dimen>
    <dimen name="x9">9.50dp</dimen>
    <dimen name="x10">10.56dp</dimen>
    <dimen name="x11">11.61dp</dimen>
    <dimen name="x12">12.67dp</dimen>
    <dimen name="x13">13.72dp</dimen>
    <dimen name="x14">14.78dp</dimen>
    <dimen name="x15">15.83dp</dimen>
    <dimen name="x16">16.89dp</dimen>
    <dimen name="x17">17.94dp</dimen>
    <dimen name="x18">19.00dp</dimen>
    <dimen name="x19">20.06dp</dimen>
    <dimen name="x20">21.11dp</dimen>
    <dimen name="x21">22.17dp</dimen>
    <dimen name="x22">23.22dp</dimen>
    <dimen name="x23">24.28dp</dimen>
    <dimen name="x24">25.33dp</dimen>
    <dimen name="x25">26.39dp</dimen>
    <dimen name="x26">27.44dp</dimen>
    <dimen name="x27">28.50dp</dimen>
    <dimen name="x28">29.56dp</dimen>
    <dimen name="x29">30.61dp</dimen>
    <dimen name="x30">31.67dp</dimen>
    <dimen name="x31">32.72dp</dimen>
    <dimen name="x32">33.78dp</dimen>
    <dimen name="x33">34.83dp</dimen>
    <dimen name="x34">35.89dp</dimen>
    <dimen name="x35">36.94dp</dimen>
    <dimen name="x36">38.00dp</dimen>
    <dimen name="x37">39.06dp</dimen>
    <dimen name="x38">40.11dp</dimen>
    <dimen name="x39">41.17dp</dimen>
    <dimen name="x40">42.22dp</dimen>
    <dimen name="x41">43.28dp</dimen>
    <dimen name="x42">44.33dp</dimen>
    <dimen name="x43">45.39dp</dimen>
    <dimen name="x44">46.44dp</dimen>
    <dimen name="x45">47.50dp</dimen>
    <dimen name="x46">48.56dp</dimen>
    <dimen name="x47">49.61dp</dimen>
    <dimen name="x48">50.67dp</dimen>
    <dimen name="x49">51.72dp</dimen>
    <dimen name="x50">52.78dp</dimen>
    <dimen name="x51">53.83dp</dimen>
    <dimen name="x52">54.89dp</dimen>
    <dimen name="x53">55.94dp</dimen>
    <dimen name="x54">57.00dp</dimen>
    <dimen name="x55">58.06dp</dimen>
    <dimen name="x56">59.11dp</dimen>
    <dimen name="x57">60.17dp</dimen>
    <dimen name="x58">61.22dp</dimen>
    <dimen name="x59">62.28dp</dimen>
    <dimen name="x60">63.33dp</dimen>
    <dimen name="x61">64.39dp</dimen>
    <dimen name="x62">65.44dp</dimen>
    <dimen name="x63">66.50dp</dimen>
    <dimen name="x64">67.56dp</dimen>
    <dimen name="x65">68.61dp</dimen>
    <dimen name="x66">69.67dp</dimen>
    <dimen name="x67">70.72dp</dimen>
    <dimen name="x68">71.78dp</dimen>
    <dimen name="x69">72.83dp</dimen>
    <dimen name="x70">73.89dp</dimen>
    <dimen name="x71">74.94dp</dimen>
    <dimen name="x72">76.00dp</dimen>
    <dimen name="x73">77.06dp</dimen>
    <dimen name="x74">78.11dp</dimen>
    <dimen name="x75">79.17dp</dimen>
    <dimen name="x76">80.22dp</dimen>
    <dimen name="x77">81.28dp</dimen>
    <dimen name="x78">82.33dp</dimen>
    <dimen name="x79">83.39dp</dimen>
    <dimen name="x80">84.44dp</dimen>
    <dimen name="x81">85.50dp</dimen>
    <dimen name="x82">86.56dp</dimen>
    <dimen name="x83">87.61dp</dimen>
    <dimen name="x84">88.67dp</dimen>
    <dimen name="x85">89.72dp</dimen>
    <dimen name="x86">90.78dp</dimen>
    <dimen name="x87">91.83dp</dimen>
    <dimen name="x88">92.89dp</dimen>
    <dimen name="x89">93.94dp</dimen>
    <dimen name="x90">95.00dp</dimen>
    <dimen name="x91">96.06dp</dimen>
    <dimen name="x92">97.11dp</dimen>
    <dimen name="x93">98.17dp</dimen>
    <dimen name="x94">99.22dp</dimen>
    <dimen name="x95">100.28dp</dimen>
    <dimen name="x96">101.33dp</dimen>
    <dimen name="x97">102.39dp</dimen>
    <dimen name="x98">103.44dp</dimen>
    <dimen name="x99">104.50dp</dimen>
    <dimen name="x100">105.56dp</dimen>
    <dimen name="x101">106.61dp</dimen>
    <dimen name="x102">107.67dp</dimen>
    <dimen name="x103">108.72dp</dimen>
    <dimen name="x104">109.78dp</dimen>
    <dimen name="x105">110.83dp</dimen>
    <dimen name="x106">111.89dp</dimen>
    <dimen name="x107">112.94dp</dimen>
    <dimen name="x108">114.00dp</dimen>
    <dimen name="x109">115.06dp</dimen>
    <dimen name="x110">116.11dp</dimen>
    <dimen name="x111">117.17dp</dimen>
    <dimen name="x112">118.22dp</dimen>
    <dimen name="x113">119.28dp</dimen>
    <dimen name="x114">120.33dp</dimen>
    <dimen name="x115">121.39dp</dimen>
    <dimen name="x116">122.44dp</dimen>
    <dimen name="x117">123.50dp</dimen>
    <dimen name="x118">124.56dp</dimen>
    <dimen name="x119">125.61dp</dimen>
    <dimen name="x120">126.67dp</dimen>
    <dimen name="x121">127.72dp</dimen>
    <dimen name="x122">128.78dp</dimen>
    <dimen name="x123">129.83dp</dimen>
    <dimen name="x124">130.89dp</dimen>
    <dimen name="x125">131.94dp</dimen>
    <dimen name="x126">133.00dp</dimen>
    <dimen name="x127">134.06dp</dimen>
    <dimen name="x128">135.11dp</dimen>
    <dimen name="x129">136.17dp</dimen>
    <dimen name="x130">137.22dp</dimen>
    <dimen name="x131">138.28dp</dimen>
    <dimen name="x132">139.33dp</dimen>
    <dimen name="x133">140.39dp</dimen>
    <dimen name="x134">141.44dp</dimen>
    <dimen name="x135">142.50dp</dimen>
    <dimen name="x136">143.56dp</dimen>
    <dimen name="x137">144.61dp</dimen>
    <dimen name="x138">145.67dp</dimen>
    <dimen name="x139">146.72dp</dimen>
    <dimen name="x140">147.78dp</dimen>
    <dimen name="x141">148.83dp</dimen>
    <dimen name="x142">149.89dp</dimen>
    <dimen name="x143">150.94dp</dimen>
    <dimen name="x144">152.00dp</dimen>
    <dimen name="x145">153.06dp</dimen>
    <dimen name="x146">154.11dp</dimen>
    <dimen name="x147">155.17dp</dimen>
    <dimen name="x148">156.22dp</dimen>
    <dimen name="x149">157.28dp</dimen>
    <dimen name="x150">158.33dp</dimen>
    <dimen name="x151">159.39dp</dimen>
    <dimen name="x152">160.44dp</dimen>
    <dimen name="x153">161.50dp</dimen>
    <dimen name="x154">162.56dp</dimen>
    <dimen name="x155">163.61dp</dimen>
    <dimen name="x156">164.67dp</dimen>
    <dimen name="x157">165.72dp</dimen>
    <dimen name="x158">166.78dp</dimen>
    <dimen name="x159">167.83dp</dimen>
    <dimen name="x160">168.89dp</dimen>
    <dimen name="x161">169.94dp</dimen>
    <dimen name="x162">171.00dp</dimen>
    <dimen name="x163">172.06dp</dimen>
    <dimen name="x164">173.11dp</dimen>
    <dimen name="x165">174.17dp</dimen>
    <dimen name="x166">175.22dp</dimen>
    <dimen name="x167">176.28dp</dimen>
    <dimen name="x168">177.33dp</dimen>
    <dimen name="x169">178.39dp</dimen>
    <dimen name="x170">179.44dp</dimen>
    <dimen name="x171">180.50dp</dimen>
    <dimen name="x172">181.56dp</dimen>
    <dimen name="x173">182.61dp</dimen>
    <dimen name="x174">183.67dp</dimen>
    <dimen name="x175">184.72dp</dimen>
    <dimen name="x176">185.78dp</dimen>
    <dimen name="x177">186.83dp</dimen>
    <dimen name="x178">187.89dp</dimen>
    <dimen name="x179">188.94dp</dimen>
    <dimen name="x180">190.00dp</dimen>
    <dimen name="x181">191.06dp</dimen>
    <dimen name="x182">192.11dp</dimen>
    <dimen name="x183">193.17dp</dimen>
    <dimen name="x184">194.22dp</dimen>
    <dimen name="x185">195.28dp</dimen>
    <dimen name="x186">196.33dp</dimen>
    <dimen name="x187">197.39dp</dimen>
    <dimen name="x188">198.44dp</dimen>
    <dimen name="x189">199.50dp</dimen>
    <dimen name="x190">200.56dp</dimen>
    <dimen name="x191">201.61dp</dimen>
    <dimen name="x192">202.67dp</dimen>
    <dimen name="x193">203.72dp</dimen>
    <dimen name="x194">204.78dp</dimen>
    <dimen name="x195">205.83dp</dimen>
    <dimen name="x196">206.89dp</dimen>
    <dimen name="x197">207.94dp</dimen>
    <dimen name="x198">209.00dp</dimen>
    <dimen name="x199">210.06dp</dimen>
    <dimen name="x200">211.11dp</dimen>
    <dimen name="x201">212.17dp</dimen>
    <dimen name="x202">213.22dp</dimen>
    <dimen name="x203">214.28dp</dimen>
    <dimen name="x204">215.33dp</dimen>
    <dimen name="x205">216.39dp</dimen>
    <dimen name="x206">217.44dp</dimen>
    <dimen name="x207">218.50dp</dimen>
    <dimen name="x208">219.56dp</dimen>
    <dimen name="x209">220.61dp</dimen>
    <dimen name="x210">221.67dp</dimen>
    <dimen name="x211">222.72dp</dimen>
    <dimen name="x212">223.78dp</dimen>
    <dimen name="x213">224.83dp</dimen>
    <dimen name="x214">225.89dp</dimen>
    <dimen name="x215">226.94dp</dimen>
    <dimen name="x216">228.00dp</dimen>
    <dimen name="x217">229.06dp</dimen>
    <dimen name="x218">230.11dp</dimen>
    <dimen name="x219">231.17dp</dimen>
    <dimen name="x220">232.22dp</dimen>
    <dimen name="x221">233.28dp</dimen>
    <dimen name="x222">234.33dp</dimen>
    <dimen name="x223">235.39dp</dimen>
    <dimen name="x224">236.44dp</dimen>
    <dimen name="x225">237.50dp</dimen>
    <dimen name="x226">238.56dp</dimen>
    <dimen name="x227">239.61dp</dimen>
    <dimen name="x228">240.67dp</dimen>
    <dimen name="x229">241.72dp</dimen>
    <dimen name="x230">242.78dp</dimen>
    <dimen name="x231">243.83dp</dimen>
    <dimen name="x232">244.89dp</dimen>
    <dimen name="x233">245.94dp</dimen>
    <dimen name="x234">247.00dp</dimen>
    <dimen name="x235">248.06dp</dimen>
    <dimen name="x236">249.11dp</dimen>
    <dimen name="x237">250.17dp</dimen>
    <dimen name="x238">251.22dp</dimen>
    <dimen name="x239">252.28dp</dimen>
    <dimen name="x240">253.33dp</dimen>
    <dimen name="x241">254.39dp</dimen>
    <dimen name="x242">255.44dp</dimen>
    <dimen name="x243">256.50dp</dimen>
    <dimen name="x244">257.56dp</dimen>
    <dimen name="x245">258.61dp</dimen>
    <dimen name="x246">259.67dp</dimen>
    <dimen name="x247">260.72dp</dimen>
    <dimen name="x248">261.78dp</dimen>
    <dimen name="x249">262.83dp</dimen>
    <dimen name="x250">263.89dp</dimen>
    <dimen name="x251">264.94dp</dimen>
    <dimen name="x252">266.00dp</dimen>
    <dimen name="x253">267.06dp</dimen>
    <dimen name="x254">268.11dp</dimen>
    <dimen name="x255">269.17dp</dimen>
    <dimen name="x256">270.22dp</dimen>
    <dimen name="x257">271.28dp</dimen>
    <dimen name="x258">272.33dp</dimen>
    <dimen name="x259">273.39dp</dimen>
    <dimen name="x260">274.44dp</dimen>
    <dimen name="x261">275.50dp</dimen>
    <dimen name="x262">276.56dp</dimen>
    <dimen name="x263">277.61dp</dimen>
    <dimen name="x264">278.67dp</dimen>
    <dimen name="x265">279.72dp</dimen>
    <dimen name="x266">280.78dp</dimen>
    <dimen name="x267">281.83dp</dimen>
    <dimen name="x268">282.89dp</dimen>
    <dimen name="x269">283.94dp</dimen>
    <dimen name="x270">285.00dp</dimen>
    <dimen name="x271">286.06dp</dimen>
    <dimen name="x272">287.11dp</dimen>
    <dimen name="x273">288.17dp</dimen>
    <dimen name="x274">289.22dp</dimen>
    <dimen name="x275">290.28dp</dimen>
    <dimen name="x276">291.33dp</dimen>
    <dimen name="x277">292.39dp</dimen>
    <dimen name="x278">293.44dp</dimen>
    <dimen name="x279">294.50dp</dimen>
    <dimen name="x280">295.56dp</dimen>
    <dimen name="x281">296.61dp</dimen>
    <dimen name="x282">297.67dp</dimen>
    <dimen name="x283">298.72dp</dimen>
    <dimen name="x284">299.78dp</dimen>
    <dimen name="x285">300.83dp</dimen>
    <dimen name="x286">301.89dp</dimen>
    <dimen name="x287">302.94dp</dimen>
    <dimen name="x288">304.00dp</dimen>
    <dimen name="x289">305.06dp</dimen>
    <dimen name="x290">306.11dp</dimen>
    <dimen name="x291">307.17dp</dimen>
    <dimen name="x292">308.22dp</dimen>
    <dimen name="x293">309.28dp</dimen>
    <dimen name="x294">310.33dp</dimen>
    <dimen name="x295">311.39dp</dimen>
    <dimen name="x296">312.44dp</dimen>
    <dimen name="x297">313.50dp</dimen>
    <dimen name="x298">314.56dp</dimen>
    <dimen name="x299">315.61dp</dimen>
    <dimen name="x300">316.67dp</dimen>
    <dimen name="x301">317.72dp</dimen>
    <dimen name="x302">318.78dp</dimen>
    <dimen name="x303">319.83dp</dimen>
    <dimen name="x304">320.89dp</dimen>
    <dimen name="x305">321.94dp</dimen>
    <dimen name="x306">323.00dp</dimen>
    <dimen name="x307">324.06dp</dimen>
    <dimen name="x308">325.11dp</dimen>
    <dimen name="x309">326.17dp</dimen>
    <dimen name="x310">327.22dp</dimen>
    <dimen name="x311">328.28dp</dimen>
    <dimen name="x312">329.33dp</dimen>
    <dimen name="x313">330.39dp</dimen>
    <dimen name="x314">331.44dp</dimen>
    <dimen name="x315">332.50dp</dimen>
    <dimen name="x316">333.56dp</dimen>
    <dimen name="x317">334.61dp</dimen>
    <dimen name="x318">335.67dp</dimen>
    <dimen name="x319">336.72dp</dimen>
    <dimen name="x320">337.78dp</dimen>
    <dimen name="x321">338.83dp</dimen>
    <dimen name="x322">339.89dp</dimen>
    <dimen name="x323">340.94dp</dimen>
    <dimen name="x324">342.00dp</dimen>
    <dimen name="x325">343.06dp</dimen>
    <dimen name="x326">344.11dp</dimen>
    <dimen name="x327">345.17dp</dimen>
    <dimen name="x328">346.22dp</dimen>
    <dimen name="x329">347.28dp</dimen>
    <dimen name="x330">348.33dp</dimen>
    <dimen name="x331">349.39dp</dimen>
    <dimen name="x332">350.44dp</dimen>
    <dimen name="x333">351.50dp</dimen>
    <dimen name="x334">352.56dp</dimen>
    <dimen name="x335">353.61dp</dimen>
    <dimen name="x336">354.67dp</dimen>
    <dimen name="x337">355.72dp</dimen>
    <dimen name="x338">356.78dp</dimen>
    <dimen name="x339">357.83dp</dimen>
    <dimen name="x340">358.89dp</dimen>
    <dimen name="x341">359.94dp</dimen>
    <dimen name="x342">361.00dp</dimen>
    <dimen name="x343">362.06dp</dimen>
    <dimen name="x344">363.11dp</dimen>
    <dimen name="x345">364.17dp</dimen>
    <dimen name="x346">365.22dp</dimen>
    <dimen name="x347">366.28dp</dimen>
    <dimen name="x348">367.33dp</dimen>
    <dimen name="x349">368.39dp</dimen>
    <dimen name="x350">369.44dp</dimen>
    <dimen name="x351">370.50dp</dimen>
    <dimen name="x352">371.56dp</dimen>
    <dimen name="x353">372.61dp</dimen>
    <dimen name="x354">373.67dp</dimen>
    <dimen name="x355">374.72dp</dimen>
    <dimen name="x356">375.78dp</dimen>
    <dimen name="x357">376.83dp</dimen>
    <dimen name="x358">377.89dp</dimen>
    <dimen name="x359">378.94dp</dimen>
    <dimen name="x360">380.00dp</dimen>
    <dimen name="x361">381.06dp</dimen>
    <dimen name="x362">382.11dp</dimen>
    <dimen name="x363">383.17dp</dimen>
    <dimen name="x364">384.22dp</dimen>
    <dimen name="x365">385.28dp</dimen>
    <dimen name="x366">386.33dp</dimen>
    <dimen name="x367">387.39dp</dimen>
    <dimen name="x368">388.44dp</dimen>
    <dimen name="x369">389.50dp</dimen>
    <dimen name="x370">390.56dp</dimen>
    <dimen name="x371">391.61dp</dimen>
    <dimen name="x372">392.67dp</dimen>
    <dimen name="x373">393.72dp</dimen>
    <dimen name="x374">394.78dp</dimen>
    <dimen name="x375">395.83dp</dimen>
    <dimen name="x376">396.89dp</dimen>
    <dimen name="x377">397.94dp</dimen>
    <dimen name="x378">399.00dp</dimen>
    <dimen name="x379">400.06dp</dimen>
    <dimen name="x380">401.11dp</dimen>
    <dimen name="x381">402.17dp</dimen>
    <dimen name="x382">403.22dp</dimen>
    <dimen name="x383">404.28dp</dimen>
    <dimen name="x384">405.33dp</dimen>
    <dimen name="x385">406.39dp</dimen>
    <dimen name="x386">407.44dp</dimen>
    <dimen name="x387">408.50dp</dimen>
    <dimen name="x388">409.56dp</dimen>
    <dimen name="x389">410.61dp</dimen>
    <dimen name="x390">411.67dp</dimen>
    <dimen name="x391">412.72dp</dimen>
    <dimen name="x392">413.78dp</dimen>
    <dimen name="x393">414.83dp</dimen>
    <dimen name="x394">415.89dp</dimen>
    <dimen name="x395">416.94dp</dimen>
    <dimen name="x396">418.00dp</dimen>
    <dimen name="x397">419.06dp</dimen>
    <dimen name="x398">420.11dp</dimen>
    <dimen name="x399">421.17dp</dimen>
    <dimen name="x400">422.22dp</dimen>
    <dimen name="x401">423.28dp</dimen>
    <dimen name="x402">424.33dp</dimen>
    <dimen name="x403">425.39dp</dimen>
    <dimen name="x404">426.44dp</dimen>
    <dimen name="x405">427.50dp</dimen>
    <dimen name="x406">428.56dp</dimen>
    <dimen name="x407">429.61dp</dimen>
    <dimen name="x408">430.67dp</dimen>
    <dimen name="x409">431.72dp</dimen>
    <dimen name="x410">432.78dp</dimen>
    <dimen name="x411">433.83dp</dimen>
    <dimen name="x412">434.89dp</dimen>
    <dimen name="x413">435.94dp</dimen>
    <dimen name="x414">437.00dp</dimen>
    <dimen name="x415">438.06dp</dimen>
    <dimen name="x416">439.11dp</dimen>
    <dimen name="x417">440.17dp</dimen>
    <dimen name="x418">441.22dp</dimen>
    <dimen name="x419">442.28dp</dimen>
    <dimen name="x420">443.33dp</dimen>
    <dimen name="x421">444.39dp</dimen>
    <dimen name="x422">445.44dp</dimen>
    <dimen name="x423">446.50dp</dimen>
    <dimen name="x424">447.56dp</dimen>
    <dimen name="x425">448.61dp</dimen>
    <dimen name="x426">449.67dp</dimen>
    <dimen name="x427">450.72dp</dimen>
    <dimen name="x428">451.78dp</dimen>
    <dimen name="x429">452.83dp</dimen>
    <dimen name="x430">453.89dp</dimen>
    <dimen name="x431">454.94dp</dimen>
    <dimen name="x432">456.00dp</dimen>
    <dimen name="x433">457.06dp</dimen>
    <dimen name="x434">458.11dp</dimen>
    <dimen name="x435">459.17dp</dimen>
    <dimen name="x436">460.22dp</dimen>
    <dimen name="x437">461.28dp</dimen>
    <dimen name="x438">462.33dp</dimen>
    <dimen name="x439">463.39dp</dimen>
    <dimen name="x440">464.44dp</dimen>
    <dimen name="x441">465.50dp</dimen>
    <dimen name="x442">466.56dp</dimen>
    <dimen name="x443">467.61dp</dimen>
    <dimen name="x444">468.67dp</dimen>
    <dimen name="x445">469.72dp</dimen>
    <dimen name="x446">470.78dp</dimen>
    <dimen name="x447">471.83dp</dimen>
    <dimen name="x448">472.89dp</dimen>
    <dimen name="x449">473.94dp</dimen>
    <dimen name="x450">475.00dp</dimen>
    <dimen name="x451">476.06dp</dimen>
    <dimen name="x452">477.11dp</dimen>
    <dimen name="x453">478.17dp</dimen>
    <dimen name="x454">479.22dp</dimen>
    <dimen name="x455">480.28dp</dimen>
    <dimen name="x456">481.33dp</dimen>
    <dimen name="x457">482.39dp</dimen>
    <dimen name="x458">483.44dp</dimen>
    <dimen name="x459">484.50dp</dimen>
    <dimen name="x460">485.56dp</dimen>
    <dimen name="x461">486.61dp</dimen>
    <dimen name="x462">487.67dp</dimen>
    <dimen name="x463">488.72dp</dimen>
    <dimen name="x464">489.78dp</dimen>
    <dimen name="x465">490.83dp</dimen>
    <dimen name="x466">491.89dp</dimen>
    <dimen name="x467">492.94dp</dimen>
    <dimen name="x468">494.00dp</dimen>
    <dimen name="x469">495.06dp</dimen>
    <dimen name="x470">496.11dp</dimen>
    <dimen name="x471">497.17dp</dimen>
    <dimen name="x472">498.22dp</dimen>
    <dimen name="x473">499.28dp</dimen>
    <dimen name="x474">500.33dp</dimen>
    <dimen name="x475">501.39dp</dimen>
    <dimen name="x476">502.44dp</dimen>
    <dimen name="x477">503.50dp</dimen>
    <dimen name="x478">504.56dp</dimen>
    <dimen name="x479">505.61dp</dimen>
    <dimen name="x480">506.67dp</dimen>
    <dimen name="x481">507.72dp</dimen>
    <dimen name="x482">508.78dp</dimen>
    <dimen name="x483">509.83dp</dimen>
    <dimen name="x484">510.89dp</dimen>
    <dimen name="x485">511.94dp</dimen>
    <dimen name="x486">513.00dp</dimen>
    <dimen name="x487">514.06dp</dimen>
    <dimen name="x488">515.11dp</dimen>
    <dimen name="x489">516.17dp</dimen>
    <dimen name="x490">517.22dp</dimen>
    <dimen name="x491">518.28dp</dimen>
    <dimen name="x492">519.33dp</dimen>
    <dimen name="x493">520.39dp</dimen>
    <dimen name="x494">521.44dp</dimen>
    <dimen name="x495">522.50dp</dimen>
    <dimen name="x496">523.56dp</dimen>
    <dimen name="x497">524.61dp</dimen>
    <dimen name="x498">525.67dp</dimen>
    <dimen name="x499">526.72dp</dimen>
    <dimen name="x500">527.78dp</dimen>
    <dimen name="x501">528.83dp</dimen>
    <dimen name="x502">529.89dp</dimen>
    <dimen name="x503">530.94dp</dimen>
    <dimen name="x504">532.00dp</dimen>
    <dimen name="x505">533.06dp</dimen>
    <dimen name="x506">534.11dp</dimen>
    <dimen name="x507">535.17dp</dimen>
    <dimen name="x508">536.22dp</dimen>
    <dimen name="x509">537.28dp</dimen>
    <dimen name="x510">538.33dp</dimen>
    <dimen name="x511">539.39dp</dimen>
    <dimen name="x512">540.44dp</dimen>
    <dimen name="x513">541.50dp</dimen>
    <dimen name="x514">542.56dp</dimen>
    <dimen name="x515">543.61dp</dimen>
    <dimen name="x516">544.67dp</dimen>
    <dimen name="x517">545.72dp</dimen>
    <dimen name="x518">546.78dp</dimen>
    <dimen name="x519">547.83dp</dimen>
    <dimen name="x520">548.89dp</dimen>
    <dimen name="x521">549.94dp</dimen>
    <dimen name="x522">551.00dp</dimen>
    <dimen name="x523">552.06dp</dimen>
    <dimen name="x524">553.11dp</dimen>
    <dimen name="x525">554.17dp</dimen>
    <dimen name="x526">555.22dp</dimen>
    <dimen name="x527">556.28dp</dimen>
    <dimen name="x528">557.33dp</dimen>
    <dimen name="x529">558.39dp</dimen>
    <dimen name="x530">559.44dp</dimen>
    <dimen name="x531">560.50dp</dimen>
    <dimen name="x532">561.56dp</dimen>
    <dimen name="x533">562.61dp</dimen>
    <dimen name="x534">563.67dp</dimen>
    <dimen name="x535">564.72dp</dimen>
    <dimen name="x536">565.78dp</dimen>
    <dimen name="x537">566.83dp</dimen>
    <dimen name="x538">567.89dp</dimen>
    <dimen name="x539">568.94dp</dimen>
    <dimen name="x540">570.00dp</dimen>
    <dimen name="x541">571.06dp</dimen>
    <dimen name="x542">572.11dp</dimen>
    <dimen name="x543">573.17dp</dimen>
    <dimen name="x544">574.22dp</dimen>
    <dimen name="x545">575.28dp</dimen>
    <dimen name="x546">576.33dp</dimen>
    <dimen name="x547">577.39dp</dimen>
    <dimen name="x548">578.44dp</dimen>
    <dimen name="x549">579.50dp</dimen>
    <dimen name="x550">580.56dp</dimen>
    <dimen name="x551">581.61dp</dimen>
    <dimen name="x552">582.67dp</dimen>
    <dimen name="x553">583.72dp</dimen>
    <dimen name="x554">584.78dp</dimen>
    <dimen name="x555">585.83dp</dimen>
    <dimen name="x556">586.89dp</dimen>
    <dimen name="x557">587.94dp</dimen>
    <dimen name="x558">589.00dp</dimen>
    <dimen name="x559">590.06dp</dimen>
    <dimen name="x560">591.11dp</dimen>
    <dimen name="x561">592.17dp</dimen>
    <dimen name="x562">593.22dp</dimen>
    <dimen name="x563">594.28dp</dimen>
    <dimen name="x564">595.33dp</dimen>
    <dimen name="x565">596.39dp</dimen>
    <dimen name="x566">597.44dp</dimen>
    <dimen name="x567">598.50dp</dimen>
    <dimen name="x568">599.56dp</dimen>
    <dimen name="x569">600.61dp</dimen>
    <dimen name="x570">601.67dp</dimen>
    <dimen name="x571">602.72dp</dimen>
    <dimen name="x572">603.78dp</dimen>
    <dimen name="x573">604.83dp</dimen>
    <dimen name="x574">605.89dp</dimen>
    <dimen name="x575">606.94dp</dimen>
    <dimen name="x576">608.00dp</dimen>
    <dimen name="x577">609.06dp</dimen>
    <dimen name="x578">610.11dp</dimen>
    <dimen name="x579">611.17dp</dimen>
    <dimen name="x580">612.22dp</dimen>
    <dimen name="x581">613.28dp</dimen>
    <dimen name="x582">614.33dp</dimen>
    <dimen name="x583">615.39dp</dimen>
    <dimen name="x584">616.44dp</dimen>
    <dimen name="x585">617.50dp</dimen>
    <dimen name="x586">618.56dp</dimen>
    <dimen name="x587">619.61dp</dimen>
    <dimen name="x588">620.67dp</dimen>
    <dimen name="x589">621.72dp</dimen>
    <dimen name="x590">622.78dp</dimen>
    <dimen name="x591">623.83dp</dimen>
    <dimen name="x592">624.89dp</dimen>
    <dimen name="x593">625.94dp</dimen>
    <dimen name="x594">627.00dp</dimen>
    <dimen name="x595">628.06dp</dimen>
    <dimen name="x596">629.11dp</dimen>
    <dimen name="x597">630.17dp</dimen>
    <dimen name="x598">631.22dp</dimen>
    <dimen name="x599">632.28dp</dimen>
    <dimen name="x600">633.33dp</dimen>
    <dimen name="x601">634.39dp</dimen>
    <dimen name="x602">635.44dp</dimen>
    <dimen name="x603">636.50dp</dimen>
    <dimen name="x604">637.56dp</dimen>
    <dimen name="x605">638.61dp</dimen>
    <dimen name="x606">639.67dp</dimen>
    <dimen name="x607">640.72dp</dimen>
    <dimen name="x608">641.78dp</dimen>
    <dimen name="x609">642.83dp</dimen>
    <dimen name="x610">643.89dp</dimen>
    <dimen name="x611">644.94dp</dimen>
    <dimen name="x612">646.00dp</dimen>
    <dimen name="x613">647.06dp</dimen>
    <dimen name="x614">648.11dp</dimen>
    <dimen name="x615">649.17dp</dimen>
    <dimen name="x616">650.22dp</dimen>
    <dimen name="x617">651.28dp</dimen>
    <dimen name="x618">652.33dp</dimen>
    <dimen name="x619">653.39dp</dimen>
    <dimen name="x620">654.44dp</dimen>
    <dimen name="x621">655.50dp</dimen>
    <dimen name="x622">656.56dp</dimen>
    <dimen name="x623">657.61dp</dimen>
    <dimen name="x624">658.67dp</dimen>
    <dimen name="x625">659.72dp</dimen>
    <dimen name="x626">660.78dp</dimen>
    <dimen name="x627">661.83dp</dimen>
    <dimen name="x628">662.89dp</dimen>
    <dimen name="x629">663.94dp</dimen>
    <dimen name="x630">665.00dp</dimen>
    <dimen name="x631">666.06dp</dimen>
    <dimen name="x632">667.11dp</dimen>
    <dimen name="x633">668.17dp</dimen>
    <dimen name="x634">669.22dp</dimen>
    <dimen name="x635">670.28dp</dimen>
    <dimen name="x636">671.33dp</dimen>
    <dimen name="x637">672.39dp</dimen>
    <dimen name="x638">673.44dp</dimen>
    <dimen name="x639">674.50dp</dimen>
    <dimen name="x640">675.56dp</dimen>
    <dimen name="x641">676.61dp</dimen>
    <dimen name="x642">677.67dp</dimen>
    <dimen name="x643">678.72dp</dimen>
    <dimen name="x644">679.78dp</dimen>
    <dimen name="x645">680.83dp</dimen>
    <dimen name="x646">681.89dp</dimen>
    <dimen name="x647">682.94dp</dimen>
    <dimen name="x648">684.00dp</dimen>
    <dimen name="x649">685.06dp</dimen>
    <dimen name="x650">686.11dp</dimen>
    <dimen name="x651">687.17dp</dimen>
    <dimen name="x652">688.22dp</dimen>
    <dimen name="x653">689.28dp</dimen>
    <dimen name="x654">690.33dp</dimen>
    <dimen name="x655">691.39dp</dimen>
    <dimen name="x656">692.44dp</dimen>
    <dimen name="x657">693.50dp</dimen>
    <dimen name="x658">694.56dp</dimen>
    <dimen name="x659">695.61dp</dimen>
    <dimen name="x660">696.67dp</dimen>
    <dimen name="x661">697.72dp</dimen>
    <dimen name="x662">698.78dp</dimen>
    <dimen name="x663">699.83dp</dimen>
    <dimen name="x664">700.89dp</dimen>
    <dimen name="x665">701.94dp</dimen>
    <dimen name="x666">703.00dp</dimen>
    <dimen name="x667">704.06dp</dimen>
    <dimen name="x668">705.11dp</dimen>
    <dimen name="x669">706.17dp</dimen>
    <dimen name="x670">707.22dp</dimen>
    <dimen name="x671">708.28dp</dimen>
    <dimen name="x672">709.33dp</dimen>
    <dimen name="x673">710.39dp</dimen>
    <dimen name="x674">711.44dp</dimen>
    <dimen name="x675">712.50dp</dimen>
    <dimen name="x676">713.56dp</dimen>
    <dimen name="x677">714.61dp</dimen>
    <dimen name="x678">715.67dp</dimen>
    <dimen name="x679">716.72dp</dimen>
    <dimen name="x680">717.78dp</dimen>
    <dimen name="x681">718.83dp</dimen>
    <dimen name="x682">719.89dp</dimen>
    <dimen name="x683">720.94dp</dimen>
    <dimen name="x684">722.00dp</dimen>
    <dimen name="x685">723.06dp</dimen>
    <dimen name="x686">724.11dp</dimen>
    <dimen name="x687">725.17dp</dimen>
    <dimen name="x688">726.22dp</dimen>
    <dimen name="x689">727.28dp</dimen>
    <dimen name="x690">728.33dp</dimen>
    <dimen name="x691">729.39dp</dimen>
    <dimen name="x692">730.44dp</dimen>
    <dimen name="x693">731.50dp</dimen>
    <dimen name="x694">732.56dp</dimen>
    <dimen name="x695">733.61dp</dimen>
    <dimen name="x696">734.67dp</dimen>
    <dimen name="x697">735.72dp</dimen>
    <dimen name="x698">736.78dp</dimen>
    <dimen name="x699">737.83dp</dimen>
    <dimen name="x700">738.89dp</dimen>
    <dimen name="x701">739.94dp</dimen>
    <dimen name="x702">741.00dp</dimen>
    <dimen name="x703">742.06dp</dimen>
    <dimen name="x704">743.11dp</dimen>
    <dimen name="x705">744.17dp</dimen>
    <dimen name="x706">745.22dp</dimen>
    <dimen name="x707">746.28dp</dimen>
    <dimen name="x708">747.33dp</dimen>
    <dimen name="x709">748.39dp</dimen>
    <dimen name="x710">749.44dp</dimen>
    <dimen name="x711">750.50dp</dimen>
    <dimen name="x712">751.56dp</dimen>
    <dimen name="x713">752.61dp</dimen>
    <dimen name="x714">753.67dp</dimen>
    <dimen name="x715">754.72dp</dimen>
    <dimen name="x716">755.78dp</dimen>
    <dimen name="x717">756.83dp</dimen>
    <dimen name="x718">757.89dp</dimen>
    <dimen name="x719">758.94dp</dimen>
    <dimen name="x720">760.00dp</dimen>
    <dimen name="x721">761.06dp</dimen>
    <dimen name="x722">762.11dp</dimen>
    <dimen name="x723">763.17dp</dimen>
    <dimen name="x724">764.22dp</dimen>
    <dimen name="x725">765.28dp</dimen>
    <dimen name="x726">766.33dp</dimen>
    <dimen name="x727">767.39dp</dimen>
    <dimen name="x728">768.44dp</dimen>
    <dimen name="x729">769.50dp</dimen>
    <dimen name="x730">770.56dp</dimen>
    <dimen name="x731">771.61dp</dimen>
    <dimen name="x732">772.67dp</dimen>
    <dimen name="x733">773.72dp</dimen>
    <dimen name="x734">774.78dp</dimen>
    <dimen name="x735">775.83dp</dimen>
    <dimen name="x736">776.89dp</dimen>
    <dimen name="x737">777.94dp</dimen>
    <dimen name="x738">779.00dp</dimen>
    <dimen name="x739">780.06dp</dimen>
    <dimen name="x740">781.11dp</dimen>
    <dimen name="x741">782.17dp</dimen>
    <dimen name="x742">783.22dp</dimen>
    <dimen name="x743">784.28dp</dimen>
    <dimen name="x744">785.33dp</dimen>
    <dimen name="x745">786.39dp</dimen>
    <dimen name="x746">787.44dp</dimen>
    <dimen name="x747">788.50dp</dimen>
    <dimen name="x748">789.56dp</dimen>
    <dimen name="x749">790.61dp</dimen>
    <dimen name="x750">791.67dp</dimen>
    <dimen name="x751">792.72dp</dimen>
    <dimen name="x752">793.78dp</dimen>
    <dimen name="x753">794.83dp</dimen>
    <dimen name="x754">795.89dp</dimen>
    <dimen name="x755">796.94dp</dimen>
    <dimen name="x756">798.00dp</dimen>
    <dimen name="x757">799.06dp</dimen>
    <dimen name="x758">800.11dp</dimen>
    <dimen name="x759">801.17dp</dimen>
    <dimen name="x760">802.22dp</dimen>
    <dimen name="x761">803.28dp</dimen>
    <dimen name="x762">804.33dp</dimen>
    <dimen name="x763">805.39dp</dimen>
    <dimen name="x764">806.44dp</dimen>
    <dimen name="x765">807.50dp</dimen>
    <dimen name="x766">808.56dp</dimen>
    <dimen name="x767">809.61dp</dimen>
    <dimen name="x768">810.67dp</dimen>
    <dimen name="x769">811.72dp</dimen>
    <dimen name="x770">812.78dp</dimen>
    <dimen name="x771">813.83dp</dimen>
    <dimen name="x772">814.89dp</dimen>
    <dimen name="x773">815.94dp</dimen>
    <dimen name="x774">817.00dp</dimen>
    <dimen name="x775">818.06dp</dimen>
    <dimen name="x776">819.11dp</dimen>
    <dimen name="x777">820.17dp</dimen>
    <dimen name="x778">821.22dp</dimen>
    <dimen name="x779">822.28dp</dimen>
    <dimen name="x780">823.33dp</dimen>
    <dimen name="x781">824.39dp</dimen>
    <dimen name="x782">825.44dp</dimen>
    <dimen name="x783">826.50dp</dimen>
    <dimen name="x784">827.56dp</dimen>
    <dimen name="x785">828.61dp</dimen>
    <dimen name="x786">829.67dp</dimen>
    <dimen name="x787">830.72dp</dimen>
    <dimen name="x788">831.78dp</dimen>
    <dimen name="x789">832.83dp</dimen>
    <dimen name="x790">833.89dp</dimen>
    <dimen name="x791">834.94dp</dimen>
    <dimen name="x792">836.00dp</dimen>
    <dimen name="x793">837.06dp</dimen>
    <dimen name="x794">838.11dp</dimen>
    <dimen name="x795">839.17dp</dimen>
    <dimen name="x796">840.22dp</dimen>
    <dimen name="x797">841.28dp</dimen>
    <dimen name="x798">842.33dp</dimen>
    <dimen name="x799">843.39dp</dimen>
    <dimen name="x800">844.44dp</dimen>
    <dimen name="x801">845.50dp</dimen>
    <dimen name="x802">846.56dp</dimen>
    <dimen name="x803">847.61dp</dimen>
    <dimen name="x804">848.67dp</dimen>
    <dimen name="x805">849.72dp</dimen>
    <dimen name="x806">850.78dp</dimen>
    <dimen name="x807">851.83dp</dimen>
    <dimen name="x808">852.89dp</dimen>
    <dimen name="x809">853.94dp</dimen>
    <dimen name="x810">855.00dp</dimen>
    <dimen name="x811">856.06dp</dimen>
    <dimen name="x812">857.11dp</dimen>
    <dimen name="x813">858.17dp</dimen>
    <dimen name="x814">859.22dp</dimen>
    <dimen name="x815">860.28dp</dimen>
    <dimen name="x816">861.33dp</dimen>
    <dimen name="x817">862.39dp</dimen>
    <dimen name="x818">863.44dp</dimen>
    <dimen name="x819">864.50dp</dimen>
    <dimen name="x820">865.56dp</dimen>
    <dimen name="x821">866.61dp</dimen>
    <dimen name="x822">867.67dp</dimen>
    <dimen name="x823">868.72dp</dimen>
    <dimen name="x824">869.78dp</dimen>
    <dimen name="x825">870.83dp</dimen>
    <dimen name="x826">871.89dp</dimen>
    <dimen name="x827">872.94dp</dimen>
    <dimen name="x828">874.00dp</dimen>
    <dimen name="x829">875.06dp</dimen>
    <dimen name="x830">876.11dp</dimen>
    <dimen name="x831">877.17dp</dimen>
    <dimen name="x832">878.22dp</dimen>
    <dimen name="x833">879.28dp</dimen>
    <dimen name="x834">880.33dp</dimen>
    <dimen name="x835">881.39dp</dimen>
    <dimen name="x836">882.44dp</dimen>
    <dimen name="x837">883.50dp</dimen>
    <dimen name="x838">884.56dp</dimen>
    <dimen name="x839">885.61dp</dimen>
    <dimen name="x840">886.67dp</dimen>
    <dimen name="x841">887.72dp</dimen>
    <dimen name="x842">888.78dp</dimen>
    <dimen name="x843">889.83dp</dimen>
    <dimen name="x844">890.89dp</dimen>
    <dimen name="x845">891.94dp</dimen>
    <dimen name="x846">893.00dp</dimen>
    <dimen name="x847">894.06dp</dimen>
    <dimen name="x848">895.11dp</dimen>
    <dimen name="x849">896.17dp</dimen>
    <dimen name="x850">897.22dp</dimen>
    <dimen name="x851">898.28dp</dimen>
    <dimen name="x852">899.33dp</dimen>
    <dimen name="x853">900.39dp</dimen>
    <dimen name="x854">901.44dp</dimen>
    <dimen name="x855">902.50dp</dimen>
    <dimen name="x856">903.56dp</dimen>
    <dimen name="x857">904.61dp</dimen>
    <dimen name="x858">905.67dp</dimen>
    <dimen name="x859">906.72dp</dimen>
    <dimen name="x860">907.78dp</dimen>
    <dimen name="x861">908.83dp</dimen>
    <dimen name="x862">909.89dp</dimen>
    <dimen name="x863">910.94dp</dimen>
    <dimen name="x864">912.00dp</dimen>
    <dimen name="x865">913.06dp</dimen>
    <dimen name="x866">914.11dp</dimen>
    <dimen name="x867">915.17dp</dimen>
    <dimen name="x868">916.22dp</dimen>
    <dimen name="x869">917.28dp</dimen>
    <dimen name="x870">918.33dp</dimen>
    <dimen name="x871">919.39dp</dimen>
    <dimen name="x872">920.44dp</dimen>
    <dimen name="x873">921.50dp</dimen>
    <dimen name="x874">922.56dp</dimen>
    <dimen name="x875">923.61dp</dimen>
    <dimen name="x876">924.67dp</dimen>
    <dimen name="x877">925.72dp</dimen>
    <dimen name="x878">926.78dp</dimen>
    <dimen name="x879">927.83dp</dimen>
    <dimen name="x880">928.89dp</dimen>
    <dimen name="x881">929.94dp</dimen>
    <dimen name="x882">931.00dp</dimen>
    <dimen name="x883">932.06dp</dimen>
    <dimen name="x884">933.11dp</dimen>
    <dimen name="x885">934.17dp</dimen>
    <dimen name="x886">935.22dp</dimen>
    <dimen name="x887">936.28dp</dimen>
    <dimen name="x888">937.33dp</dimen>
    <dimen name="x889">938.39dp</dimen>
    <dimen name="x890">939.44dp</dimen>
    <dimen name="x891">940.50dp</dimen>
    <dimen name="x892">941.56dp</dimen>
    <dimen name="x893">942.61dp</dimen>
    <dimen name="x894">943.67dp</dimen>
    <dimen name="x895">944.72dp</dimen>
    <dimen name="x896">945.78dp</dimen>
    <dimen name="x897">946.83dp</dimen>
    <dimen name="x898">947.89dp</dimen>
    <dimen name="x899">948.94dp</dimen>
    <dimen name="x900">950.00dp</dimen>
    <dimen name="x901">951.06dp</dimen>
    <dimen name="x902">952.11dp</dimen>
    <dimen name="x903">953.17dp</dimen>
    <dimen name="x904">954.22dp</dimen>
    <dimen name="x905">955.28dp</dimen>
    <dimen name="x906">956.33dp</dimen>
    <dimen name="x907">957.39dp</dimen>
    <dimen name="x908">958.44dp</dimen>
    <dimen name="x909">959.50dp</dimen>
    <dimen name="x910">960.56dp</dimen>
    <dimen name="x911">961.61dp</dimen>
    <dimen name="x912">962.67dp</dimen>
    <dimen name="x913">963.72dp</dimen>
    <dimen name="x914">964.78dp</dimen>
    <dimen name="x915">965.83dp</dimen>
    <dimen name="x916">966.89dp</dimen>
    <dimen name="x917">967.94dp</dimen>
    <dimen name="x918">969.00dp</dimen>
    <dimen name="x919">970.06dp</dimen>
    <dimen name="x920">971.11dp</dimen>
    <dimen name="x921">972.17dp</dimen>
    <dimen name="x922">973.22dp</dimen>
    <dimen name="x923">974.28dp</dimen>
    <dimen name="x924">975.33dp</dimen>
    <dimen name="x925">976.39dp</dimen>
    <dimen name="x926">977.44dp</dimen>
    <dimen name="x927">978.50dp</dimen>
    <dimen name="x928">979.56dp</dimen>
    <dimen name="x929">980.61dp</dimen>
    <dimen name="x930">981.67dp</dimen>
    <dimen name="x931">982.72dp</dimen>
    <dimen name="x932">983.78dp</dimen>
    <dimen name="x933">984.83dp</dimen>
    <dimen name="x934">985.89dp</dimen>
    <dimen name="x935">986.94dp</dimen>
    <dimen name="x936">988.00dp</dimen>
    <dimen name="x937">989.06dp</dimen>
    <dimen name="x938">990.11dp</dimen>
    <dimen name="x939">991.17dp</dimen>
    <dimen name="x940">992.22dp</dimen>
    <dimen name="x941">993.28dp</dimen>
    <dimen name="x942">994.33dp</dimen>
    <dimen name="x943">995.39dp</dimen>
    <dimen name="x944">996.44dp</dimen>
    <dimen name="x945">997.50dp</dimen>
    <dimen name="x946">998.56dp</dimen>
    <dimen name="x947">999.61dp</dimen>
    <dimen name="x948">1000.67dp</dimen>
    <dimen name="x949">1001.72dp</dimen>
    <dimen name="x950">1002.78dp</dimen>
    <dimen name="x951">1003.83dp</dimen>
    <dimen name="x952">1004.89dp</dimen>
    <dimen name="x953">1005.94dp</dimen>
    <dimen name="x954">1007.00dp</dimen>
    <dimen name="x955">1008.06dp</dimen>
    <dimen name="x956">1009.11dp</dimen>
    <dimen name="x957">1010.17dp</dimen>
    <dimen name="x958">1011.22dp</dimen>
    <dimen name="x959">1012.28dp</dimen>
    <dimen name="x960">1013.33dp</dimen>
    <dimen name="x961">1014.39dp</dimen>
    <dimen name="x962">1015.44dp</dimen>
    <dimen name="x963">1016.50dp</dimen>
    <dimen name="x964">1017.56dp</dimen>
    <dimen name="x965">1018.61dp</dimen>
    <dimen name="x966">1019.67dp</dimen>
    <dimen name="x967">1020.72dp</dimen>
    <dimen name="x968">1021.78dp</dimen>
    <dimen name="x969">1022.83dp</dimen>
    <dimen name="x970">1023.89dp</dimen>
    <dimen name="x971">1024.94dp</dimen>
    <dimen name="x972">1026.00dp</dimen>
    <dimen name="x973">1027.06dp</dimen>
    <dimen name="x974">1028.11dp</dimen>
    <dimen name="x975">1029.17dp</dimen>
    <dimen name="x976">1030.22dp</dimen>
    <dimen name="x977">1031.28dp</dimen>
    <dimen name="x978">1032.33dp</dimen>
    <dimen name="x979">1033.39dp</dimen>
    <dimen name="x980">1034.44dp</dimen>
    <dimen name="x981">1035.50dp</dimen>
    <dimen name="x982">1036.56dp</dimen>
    <dimen name="x983">1037.61dp</dimen>
    <dimen name="x984">1038.67dp</dimen>
    <dimen name="x985">1039.72dp</dimen>
    <dimen name="x986">1040.78dp</dimen>
    <dimen name="x987">1041.83dp</dimen>
    <dimen name="x988">1042.89dp</dimen>
    <dimen name="x989">1043.94dp</dimen>
    <dimen name="x990">1045.00dp</dimen>
    <dimen name="x991">1046.06dp</dimen>
    <dimen name="x992">1047.11dp</dimen>
    <dimen name="x993">1048.17dp</dimen>
    <dimen name="x994">1049.22dp</dimen>
    <dimen name="x995">1050.28dp</dimen>
    <dimen name="x996">1051.33dp</dimen>
    <dimen name="x997">1052.39dp</dimen>
    <dimen name="x998">1053.44dp</dimen>
    <dimen name="x999">1054.50dp</dimen>
    <dimen name="x1000">1055.56dp</dimen>
    <dimen name="x1001">1056.61dp</dimen>
    <dimen name="x1002">1057.67dp</dimen>
    <dimen name="x1003">1058.72dp</dimen>
    <dimen name="x1004">1059.78dp</dimen>
    <dimen name="x1005">1060.83dp</dimen>
    <dimen name="x1006">1061.89dp</dimen>
    <dimen name="x1007">1062.94dp</dimen>
    <dimen name="x1008">1064.00dp</dimen>
    <dimen name="x1009">1065.06dp</dimen>
    <dimen name="x1010">1066.11dp</dimen>
    <dimen name="x1011">1067.17dp</dimen>
    <dimen name="x1012">1068.22dp</dimen>
    <dimen name="x1013">1069.28dp</dimen>
    <dimen name="x1014">1070.33dp</dimen>
    <dimen name="x1015">1071.39dp</dimen>
    <dimen name="x1016">1072.44dp</dimen>
    <dimen name="x1017">1073.50dp</dimen>
    <dimen name="x1018">1074.56dp</dimen>
    <dimen name="x1019">1075.61dp</dimen>
    <dimen name="x1020">1076.67dp</dimen>
    <dimen name="x1021">1077.72dp</dimen>
    <dimen name="x1022">1078.78dp</dimen>
    <dimen name="x1023">1079.83dp</dimen>
    <dimen name="x1024">1080.89dp</dimen>
    <dimen name="x1025">1081.94dp</dimen>
    <dimen name="x1026">1083.00dp</dimen>
    <dimen name="x1027">1084.06dp</dimen>
    <dimen name="x1028">1085.11dp</dimen>
    <dimen name="x1029">1086.17dp</dimen>
    <dimen name="x1030">1087.22dp</dimen>
    <dimen name="x1031">1088.28dp</dimen>
    <dimen name="x1032">1089.33dp</dimen>
    <dimen name="x1033">1090.39dp</dimen>
    <dimen name="x1034">1091.44dp</dimen>
    <dimen name="x1035">1092.50dp</dimen>
    <dimen name="x1036">1093.56dp</dimen>
    <dimen name="x1037">1094.61dp</dimen>
    <dimen name="x1038">1095.67dp</dimen>
    <dimen name="x1039">1096.72dp</dimen>
    <dimen name="x1040">1097.78dp</dimen>
    <dimen name="x1041">1098.83dp</dimen>
    <dimen name="x1042">1099.89dp</dimen>
    <dimen name="x1043">1100.94dp</dimen>
    <dimen name="x1044">1102.00dp</dimen>
    <dimen name="x1045">1103.06dp</dimen>
    <dimen name="x1046">1104.11dp</dimen>
    <dimen name="x1047">1105.17dp</dimen>
    <dimen name="x1048">1106.22dp</dimen>
    <dimen name="x1049">1107.28dp</dimen>
    <dimen name="x1050">1108.33dp</dimen>
    <dimen name="x1051">1109.39dp</dimen>
    <dimen name="x1052">1110.44dp</dimen>
    <dimen name="x1053">1111.50dp</dimen>
    <dimen name="x1054">1112.56dp</dimen>
    <dimen name="x1055">1113.61dp</dimen>
    <dimen name="x1056">1114.67dp</dimen>
    <dimen name="x1057">1115.72dp</dimen>
    <dimen name="x1058">1116.78dp</dimen>
    <dimen name="x1059">1117.83dp</dimen>
    <dimen name="x1060">1118.89dp</dimen>
    <dimen name="x1061">1119.94dp</dimen>
    <dimen name="x1062">1121.00dp</dimen>
    <dimen name="x1063">1122.06dp</dimen>
    <dimen name="x1064">1123.11dp</dimen>
    <dimen name="x1065">1124.17dp</dimen>
    <dimen name="x1066">1125.22dp</dimen>
    <dimen name="x1067">1126.28dp</dimen>
    <dimen name="x1068">1127.33dp</dimen>
    <dimen name="x1069">1128.39dp</dimen>
    <dimen name="x1070">1129.44dp</dimen>
    <dimen name="x1071">1130.50dp</dimen>
    <dimen name="x1072">1131.56dp</dimen>
    <dimen name="x1073">1132.61dp</dimen>
    <dimen name="x1074">1133.67dp</dimen>
    <dimen name="x1075">1134.72dp</dimen>
    <dimen name="x1076">1135.78dp</dimen>
    <dimen name="x1077">1136.83dp</dimen>
    <dimen name="x1078">1137.89dp</dimen>
    <dimen name="x1079">1138.94dp</dimen>
    <dimen name="x1080">1140.00dp</dimen>
</resources>