<?xml version="1.0" encoding="utf-8"?>
<resources>
    <string name="sw_dp">1740dp</string>
    <dimen name="x1">1.61dp</dimen>
    <dimen name="x2">3.22dp</dimen>
    <dimen name="x3">4.83dp</dimen>
    <dimen name="x4">6.44dp</dimen>
    <dimen name="x5">8.06dp</dimen>
    <dimen name="x6">9.67dp</dimen>
    <dimen name="x7">11.28dp</dimen>
    <dimen name="x8">12.89dp</dimen>
    <dimen name="x9">14.50dp</dimen>
    <dimen name="x10">16.11dp</dimen>
    <dimen name="x11">17.72dp</dimen>
    <dimen name="x12">19.33dp</dimen>
    <dimen name="x13">20.94dp</dimen>
    <dimen name="x14">22.56dp</dimen>
    <dimen name="x15">24.17dp</dimen>
    <dimen name="x16">25.78dp</dimen>
    <dimen name="x17">27.39dp</dimen>
    <dimen name="x18">29.00dp</dimen>
    <dimen name="x19">30.61dp</dimen>
    <dimen name="x20">32.22dp</dimen>
    <dimen name="x21">33.83dp</dimen>
    <dimen name="x22">35.44dp</dimen>
    <dimen name="x23">37.06dp</dimen>
    <dimen name="x24">38.67dp</dimen>
    <dimen name="x25">40.28dp</dimen>
    <dimen name="x26">41.89dp</dimen>
    <dimen name="x27">43.50dp</dimen>
    <dimen name="x28">45.11dp</dimen>
    <dimen name="x29">46.72dp</dimen>
    <dimen name="x30">48.33dp</dimen>
    <dimen name="x31">49.94dp</dimen>
    <dimen name="x32">51.56dp</dimen>
    <dimen name="x33">53.17dp</dimen>
    <dimen name="x34">54.78dp</dimen>
    <dimen name="x35">56.39dp</dimen>
    <dimen name="x36">58.00dp</dimen>
    <dimen name="x37">59.61dp</dimen>
    <dimen name="x38">61.22dp</dimen>
    <dimen name="x39">62.83dp</dimen>
    <dimen name="x40">64.44dp</dimen>
    <dimen name="x41">66.06dp</dimen>
    <dimen name="x42">67.67dp</dimen>
    <dimen name="x43">69.28dp</dimen>
    <dimen name="x44">70.89dp</dimen>
    <dimen name="x45">72.50dp</dimen>
    <dimen name="x46">74.11dp</dimen>
    <dimen name="x47">75.72dp</dimen>
    <dimen name="x48">77.33dp</dimen>
    <dimen name="x49">78.94dp</dimen>
    <dimen name="x50">80.56dp</dimen>
    <dimen name="x51">82.17dp</dimen>
    <dimen name="x52">83.78dp</dimen>
    <dimen name="x53">85.39dp</dimen>
    <dimen name="x54">87.00dp</dimen>
    <dimen name="x55">88.61dp</dimen>
    <dimen name="x56">90.22dp</dimen>
    <dimen name="x57">91.83dp</dimen>
    <dimen name="x58">93.44dp</dimen>
    <dimen name="x59">95.06dp</dimen>
    <dimen name="x60">96.67dp</dimen>
    <dimen name="x61">98.28dp</dimen>
    <dimen name="x62">99.89dp</dimen>
    <dimen name="x63">101.50dp</dimen>
    <dimen name="x64">103.11dp</dimen>
    <dimen name="x65">104.72dp</dimen>
    <dimen name="x66">106.33dp</dimen>
    <dimen name="x67">107.94dp</dimen>
    <dimen name="x68">109.56dp</dimen>
    <dimen name="x69">111.17dp</dimen>
    <dimen name="x70">112.78dp</dimen>
    <dimen name="x71">114.39dp</dimen>
    <dimen name="x72">116.00dp</dimen>
    <dimen name="x73">117.61dp</dimen>
    <dimen name="x74">119.22dp</dimen>
    <dimen name="x75">120.83dp</dimen>
    <dimen name="x76">122.44dp</dimen>
    <dimen name="x77">124.06dp</dimen>
    <dimen name="x78">125.67dp</dimen>
    <dimen name="x79">127.28dp</dimen>
    <dimen name="x80">128.89dp</dimen>
    <dimen name="x81">130.50dp</dimen>
    <dimen name="x82">132.11dp</dimen>
    <dimen name="x83">133.72dp</dimen>
    <dimen name="x84">135.33dp</dimen>
    <dimen name="x85">136.94dp</dimen>
    <dimen name="x86">138.56dp</dimen>
    <dimen name="x87">140.17dp</dimen>
    <dimen name="x88">141.78dp</dimen>
    <dimen name="x89">143.39dp</dimen>
    <dimen name="x90">145.00dp</dimen>
    <dimen name="x91">146.61dp</dimen>
    <dimen name="x92">148.22dp</dimen>
    <dimen name="x93">149.83dp</dimen>
    <dimen name="x94">151.44dp</dimen>
    <dimen name="x95">153.06dp</dimen>
    <dimen name="x96">154.67dp</dimen>
    <dimen name="x97">156.28dp</dimen>
    <dimen name="x98">157.89dp</dimen>
    <dimen name="x99">159.50dp</dimen>
    <dimen name="x100">161.11dp</dimen>
    <dimen name="x101">162.72dp</dimen>
    <dimen name="x102">164.33dp</dimen>
    <dimen name="x103">165.94dp</dimen>
    <dimen name="x104">167.56dp</dimen>
    <dimen name="x105">169.17dp</dimen>
    <dimen name="x106">170.78dp</dimen>
    <dimen name="x107">172.39dp</dimen>
    <dimen name="x108">174.00dp</dimen>
    <dimen name="x109">175.61dp</dimen>
    <dimen name="x110">177.22dp</dimen>
    <dimen name="x111">178.83dp</dimen>
    <dimen name="x112">180.44dp</dimen>
    <dimen name="x113">182.06dp</dimen>
    <dimen name="x114">183.67dp</dimen>
    <dimen name="x115">185.28dp</dimen>
    <dimen name="x116">186.89dp</dimen>
    <dimen name="x117">188.50dp</dimen>
    <dimen name="x118">190.11dp</dimen>
    <dimen name="x119">191.72dp</dimen>
    <dimen name="x120">193.33dp</dimen>
    <dimen name="x121">194.94dp</dimen>
    <dimen name="x122">196.56dp</dimen>
    <dimen name="x123">198.17dp</dimen>
    <dimen name="x124">199.78dp</dimen>
    <dimen name="x125">201.39dp</dimen>
    <dimen name="x126">203.00dp</dimen>
    <dimen name="x127">204.61dp</dimen>
    <dimen name="x128">206.22dp</dimen>
    <dimen name="x129">207.83dp</dimen>
    <dimen name="x130">209.44dp</dimen>
    <dimen name="x131">211.06dp</dimen>
    <dimen name="x132">212.67dp</dimen>
    <dimen name="x133">214.28dp</dimen>
    <dimen name="x134">215.89dp</dimen>
    <dimen name="x135">217.50dp</dimen>
    <dimen name="x136">219.11dp</dimen>
    <dimen name="x137">220.72dp</dimen>
    <dimen name="x138">222.33dp</dimen>
    <dimen name="x139">223.94dp</dimen>
    <dimen name="x140">225.56dp</dimen>
    <dimen name="x141">227.17dp</dimen>
    <dimen name="x142">228.78dp</dimen>
    <dimen name="x143">230.39dp</dimen>
    <dimen name="x144">232.00dp</dimen>
    <dimen name="x145">233.61dp</dimen>
    <dimen name="x146">235.22dp</dimen>
    <dimen name="x147">236.83dp</dimen>
    <dimen name="x148">238.44dp</dimen>
    <dimen name="x149">240.06dp</dimen>
    <dimen name="x150">241.67dp</dimen>
    <dimen name="x151">243.28dp</dimen>
    <dimen name="x152">244.89dp</dimen>
    <dimen name="x153">246.50dp</dimen>
    <dimen name="x154">248.11dp</dimen>
    <dimen name="x155">249.72dp</dimen>
    <dimen name="x156">251.33dp</dimen>
    <dimen name="x157">252.94dp</dimen>
    <dimen name="x158">254.56dp</dimen>
    <dimen name="x159">256.17dp</dimen>
    <dimen name="x160">257.78dp</dimen>
    <dimen name="x161">259.39dp</dimen>
    <dimen name="x162">261.00dp</dimen>
    <dimen name="x163">262.61dp</dimen>
    <dimen name="x164">264.22dp</dimen>
    <dimen name="x165">265.83dp</dimen>
    <dimen name="x166">267.44dp</dimen>
    <dimen name="x167">269.06dp</dimen>
    <dimen name="x168">270.67dp</dimen>
    <dimen name="x169">272.28dp</dimen>
    <dimen name="x170">273.89dp</dimen>
    <dimen name="x171">275.50dp</dimen>
    <dimen name="x172">277.11dp</dimen>
    <dimen name="x173">278.72dp</dimen>
    <dimen name="x174">280.33dp</dimen>
    <dimen name="x175">281.94dp</dimen>
    <dimen name="x176">283.56dp</dimen>
    <dimen name="x177">285.17dp</dimen>
    <dimen name="x178">286.78dp</dimen>
    <dimen name="x179">288.39dp</dimen>
    <dimen name="x180">290.00dp</dimen>
    <dimen name="x181">291.61dp</dimen>
    <dimen name="x182">293.22dp</dimen>
    <dimen name="x183">294.83dp</dimen>
    <dimen name="x184">296.44dp</dimen>
    <dimen name="x185">298.06dp</dimen>
    <dimen name="x186">299.67dp</dimen>
    <dimen name="x187">301.28dp</dimen>
    <dimen name="x188">302.89dp</dimen>
    <dimen name="x189">304.50dp</dimen>
    <dimen name="x190">306.11dp</dimen>
    <dimen name="x191">307.72dp</dimen>
    <dimen name="x192">309.33dp</dimen>
    <dimen name="x193">310.94dp</dimen>
    <dimen name="x194">312.56dp</dimen>
    <dimen name="x195">314.17dp</dimen>
    <dimen name="x196">315.78dp</dimen>
    <dimen name="x197">317.39dp</dimen>
    <dimen name="x198">319.00dp</dimen>
    <dimen name="x199">320.61dp</dimen>
    <dimen name="x200">322.22dp</dimen>
    <dimen name="x201">323.83dp</dimen>
    <dimen name="x202">325.44dp</dimen>
    <dimen name="x203">327.06dp</dimen>
    <dimen name="x204">328.67dp</dimen>
    <dimen name="x205">330.28dp</dimen>
    <dimen name="x206">331.89dp</dimen>
    <dimen name="x207">333.50dp</dimen>
    <dimen name="x208">335.11dp</dimen>
    <dimen name="x209">336.72dp</dimen>
    <dimen name="x210">338.33dp</dimen>
    <dimen name="x211">339.94dp</dimen>
    <dimen name="x212">341.56dp</dimen>
    <dimen name="x213">343.17dp</dimen>
    <dimen name="x214">344.78dp</dimen>
    <dimen name="x215">346.39dp</dimen>
    <dimen name="x216">348.00dp</dimen>
    <dimen name="x217">349.61dp</dimen>
    <dimen name="x218">351.22dp</dimen>
    <dimen name="x219">352.83dp</dimen>
    <dimen name="x220">354.44dp</dimen>
    <dimen name="x221">356.06dp</dimen>
    <dimen name="x222">357.67dp</dimen>
    <dimen name="x223">359.28dp</dimen>
    <dimen name="x224">360.89dp</dimen>
    <dimen name="x225">362.50dp</dimen>
    <dimen name="x226">364.11dp</dimen>
    <dimen name="x227">365.72dp</dimen>
    <dimen name="x228">367.33dp</dimen>
    <dimen name="x229">368.94dp</dimen>
    <dimen name="x230">370.56dp</dimen>
    <dimen name="x231">372.17dp</dimen>
    <dimen name="x232">373.78dp</dimen>
    <dimen name="x233">375.39dp</dimen>
    <dimen name="x234">377.00dp</dimen>
    <dimen name="x235">378.61dp</dimen>
    <dimen name="x236">380.22dp</dimen>
    <dimen name="x237">381.83dp</dimen>
    <dimen name="x238">383.44dp</dimen>
    <dimen name="x239">385.06dp</dimen>
    <dimen name="x240">386.67dp</dimen>
    <dimen name="x241">388.28dp</dimen>
    <dimen name="x242">389.89dp</dimen>
    <dimen name="x243">391.50dp</dimen>
    <dimen name="x244">393.11dp</dimen>
    <dimen name="x245">394.72dp</dimen>
    <dimen name="x246">396.33dp</dimen>
    <dimen name="x247">397.94dp</dimen>
    <dimen name="x248">399.56dp</dimen>
    <dimen name="x249">401.17dp</dimen>
    <dimen name="x250">402.78dp</dimen>
    <dimen name="x251">404.39dp</dimen>
    <dimen name="x252">406.00dp</dimen>
    <dimen name="x253">407.61dp</dimen>
    <dimen name="x254">409.22dp</dimen>
    <dimen name="x255">410.83dp</dimen>
    <dimen name="x256">412.44dp</dimen>
    <dimen name="x257">414.06dp</dimen>
    <dimen name="x258">415.67dp</dimen>
    <dimen name="x259">417.28dp</dimen>
    <dimen name="x260">418.89dp</dimen>
    <dimen name="x261">420.50dp</dimen>
    <dimen name="x262">422.11dp</dimen>
    <dimen name="x263">423.72dp</dimen>
    <dimen name="x264">425.33dp</dimen>
    <dimen name="x265">426.94dp</dimen>
    <dimen name="x266">428.56dp</dimen>
    <dimen name="x267">430.17dp</dimen>
    <dimen name="x268">431.78dp</dimen>
    <dimen name="x269">433.39dp</dimen>
    <dimen name="x270">435.00dp</dimen>
    <dimen name="x271">436.61dp</dimen>
    <dimen name="x272">438.22dp</dimen>
    <dimen name="x273">439.83dp</dimen>
    <dimen name="x274">441.44dp</dimen>
    <dimen name="x275">443.06dp</dimen>
    <dimen name="x276">444.67dp</dimen>
    <dimen name="x277">446.28dp</dimen>
    <dimen name="x278">447.89dp</dimen>
    <dimen name="x279">449.50dp</dimen>
    <dimen name="x280">451.11dp</dimen>
    <dimen name="x281">452.72dp</dimen>
    <dimen name="x282">454.33dp</dimen>
    <dimen name="x283">455.94dp</dimen>
    <dimen name="x284">457.56dp</dimen>
    <dimen name="x285">459.17dp</dimen>
    <dimen name="x286">460.78dp</dimen>
    <dimen name="x287">462.39dp</dimen>
    <dimen name="x288">464.00dp</dimen>
    <dimen name="x289">465.61dp</dimen>
    <dimen name="x290">467.22dp</dimen>
    <dimen name="x291">468.83dp</dimen>
    <dimen name="x292">470.44dp</dimen>
    <dimen name="x293">472.06dp</dimen>
    <dimen name="x294">473.67dp</dimen>
    <dimen name="x295">475.28dp</dimen>
    <dimen name="x296">476.89dp</dimen>
    <dimen name="x297">478.50dp</dimen>
    <dimen name="x298">480.11dp</dimen>
    <dimen name="x299">481.72dp</dimen>
    <dimen name="x300">483.33dp</dimen>
    <dimen name="x301">484.94dp</dimen>
    <dimen name="x302">486.56dp</dimen>
    <dimen name="x303">488.17dp</dimen>
    <dimen name="x304">489.78dp</dimen>
    <dimen name="x305">491.39dp</dimen>
    <dimen name="x306">493.00dp</dimen>
    <dimen name="x307">494.61dp</dimen>
    <dimen name="x308">496.22dp</dimen>
    <dimen name="x309">497.83dp</dimen>
    <dimen name="x310">499.44dp</dimen>
    <dimen name="x311">501.06dp</dimen>
    <dimen name="x312">502.67dp</dimen>
    <dimen name="x313">504.28dp</dimen>
    <dimen name="x314">505.89dp</dimen>
    <dimen name="x315">507.50dp</dimen>
    <dimen name="x316">509.11dp</dimen>
    <dimen name="x317">510.72dp</dimen>
    <dimen name="x318">512.33dp</dimen>
    <dimen name="x319">513.94dp</dimen>
    <dimen name="x320">515.56dp</dimen>
    <dimen name="x321">517.17dp</dimen>
    <dimen name="x322">518.78dp</dimen>
    <dimen name="x323">520.39dp</dimen>
    <dimen name="x324">522.00dp</dimen>
    <dimen name="x325">523.61dp</dimen>
    <dimen name="x326">525.22dp</dimen>
    <dimen name="x327">526.83dp</dimen>
    <dimen name="x328">528.44dp</dimen>
    <dimen name="x329">530.06dp</dimen>
    <dimen name="x330">531.67dp</dimen>
    <dimen name="x331">533.28dp</dimen>
    <dimen name="x332">534.89dp</dimen>
    <dimen name="x333">536.50dp</dimen>
    <dimen name="x334">538.11dp</dimen>
    <dimen name="x335">539.72dp</dimen>
    <dimen name="x336">541.33dp</dimen>
    <dimen name="x337">542.94dp</dimen>
    <dimen name="x338">544.56dp</dimen>
    <dimen name="x339">546.17dp</dimen>
    <dimen name="x340">547.78dp</dimen>
    <dimen name="x341">549.39dp</dimen>
    <dimen name="x342">551.00dp</dimen>
    <dimen name="x343">552.61dp</dimen>
    <dimen name="x344">554.22dp</dimen>
    <dimen name="x345">555.83dp</dimen>
    <dimen name="x346">557.44dp</dimen>
    <dimen name="x347">559.06dp</dimen>
    <dimen name="x348">560.67dp</dimen>
    <dimen name="x349">562.28dp</dimen>
    <dimen name="x350">563.89dp</dimen>
    <dimen name="x351">565.50dp</dimen>
    <dimen name="x352">567.11dp</dimen>
    <dimen name="x353">568.72dp</dimen>
    <dimen name="x354">570.33dp</dimen>
    <dimen name="x355">571.94dp</dimen>
    <dimen name="x356">573.56dp</dimen>
    <dimen name="x357">575.17dp</dimen>
    <dimen name="x358">576.78dp</dimen>
    <dimen name="x359">578.39dp</dimen>
    <dimen name="x360">580.00dp</dimen>
    <dimen name="x361">581.61dp</dimen>
    <dimen name="x362">583.22dp</dimen>
    <dimen name="x363">584.83dp</dimen>
    <dimen name="x364">586.44dp</dimen>
    <dimen name="x365">588.06dp</dimen>
    <dimen name="x366">589.67dp</dimen>
    <dimen name="x367">591.28dp</dimen>
    <dimen name="x368">592.89dp</dimen>
    <dimen name="x369">594.50dp</dimen>
    <dimen name="x370">596.11dp</dimen>
    <dimen name="x371">597.72dp</dimen>
    <dimen name="x372">599.33dp</dimen>
    <dimen name="x373">600.94dp</dimen>
    <dimen name="x374">602.56dp</dimen>
    <dimen name="x375">604.17dp</dimen>
    <dimen name="x376">605.78dp</dimen>
    <dimen name="x377">607.39dp</dimen>
    <dimen name="x378">609.00dp</dimen>
    <dimen name="x379">610.61dp</dimen>
    <dimen name="x380">612.22dp</dimen>
    <dimen name="x381">613.83dp</dimen>
    <dimen name="x382">615.44dp</dimen>
    <dimen name="x383">617.06dp</dimen>
    <dimen name="x384">618.67dp</dimen>
    <dimen name="x385">620.28dp</dimen>
    <dimen name="x386">621.89dp</dimen>
    <dimen name="x387">623.50dp</dimen>
    <dimen name="x388">625.11dp</dimen>
    <dimen name="x389">626.72dp</dimen>
    <dimen name="x390">628.33dp</dimen>
    <dimen name="x391">629.94dp</dimen>
    <dimen name="x392">631.56dp</dimen>
    <dimen name="x393">633.17dp</dimen>
    <dimen name="x394">634.78dp</dimen>
    <dimen name="x395">636.39dp</dimen>
    <dimen name="x396">638.00dp</dimen>
    <dimen name="x397">639.61dp</dimen>
    <dimen name="x398">641.22dp</dimen>
    <dimen name="x399">642.83dp</dimen>
    <dimen name="x400">644.44dp</dimen>
    <dimen name="x401">646.06dp</dimen>
    <dimen name="x402">647.67dp</dimen>
    <dimen name="x403">649.28dp</dimen>
    <dimen name="x404">650.89dp</dimen>
    <dimen name="x405">652.50dp</dimen>
    <dimen name="x406">654.11dp</dimen>
    <dimen name="x407">655.72dp</dimen>
    <dimen name="x408">657.33dp</dimen>
    <dimen name="x409">658.94dp</dimen>
    <dimen name="x410">660.56dp</dimen>
    <dimen name="x411">662.17dp</dimen>
    <dimen name="x412">663.78dp</dimen>
    <dimen name="x413">665.39dp</dimen>
    <dimen name="x414">667.00dp</dimen>
    <dimen name="x415">668.61dp</dimen>
    <dimen name="x416">670.22dp</dimen>
    <dimen name="x417">671.83dp</dimen>
    <dimen name="x418">673.44dp</dimen>
    <dimen name="x419">675.06dp</dimen>
    <dimen name="x420">676.67dp</dimen>
    <dimen name="x421">678.28dp</dimen>
    <dimen name="x422">679.89dp</dimen>
    <dimen name="x423">681.50dp</dimen>
    <dimen name="x424">683.11dp</dimen>
    <dimen name="x425">684.72dp</dimen>
    <dimen name="x426">686.33dp</dimen>
    <dimen name="x427">687.94dp</dimen>
    <dimen name="x428">689.56dp</dimen>
    <dimen name="x429">691.17dp</dimen>
    <dimen name="x430">692.78dp</dimen>
    <dimen name="x431">694.39dp</dimen>
    <dimen name="x432">696.00dp</dimen>
    <dimen name="x433">697.61dp</dimen>
    <dimen name="x434">699.22dp</dimen>
    <dimen name="x435">700.83dp</dimen>
    <dimen name="x436">702.44dp</dimen>
    <dimen name="x437">704.06dp</dimen>
    <dimen name="x438">705.67dp</dimen>
    <dimen name="x439">707.28dp</dimen>
    <dimen name="x440">708.89dp</dimen>
    <dimen name="x441">710.50dp</dimen>
    <dimen name="x442">712.11dp</dimen>
    <dimen name="x443">713.72dp</dimen>
    <dimen name="x444">715.33dp</dimen>
    <dimen name="x445">716.94dp</dimen>
    <dimen name="x446">718.56dp</dimen>
    <dimen name="x447">720.17dp</dimen>
    <dimen name="x448">721.78dp</dimen>
    <dimen name="x449">723.39dp</dimen>
    <dimen name="x450">725.00dp</dimen>
    <dimen name="x451">726.61dp</dimen>
    <dimen name="x452">728.22dp</dimen>
    <dimen name="x453">729.83dp</dimen>
    <dimen name="x454">731.44dp</dimen>
    <dimen name="x455">733.06dp</dimen>
    <dimen name="x456">734.67dp</dimen>
    <dimen name="x457">736.28dp</dimen>
    <dimen name="x458">737.89dp</dimen>
    <dimen name="x459">739.50dp</dimen>
    <dimen name="x460">741.11dp</dimen>
    <dimen name="x461">742.72dp</dimen>
    <dimen name="x462">744.33dp</dimen>
    <dimen name="x463">745.94dp</dimen>
    <dimen name="x464">747.56dp</dimen>
    <dimen name="x465">749.17dp</dimen>
    <dimen name="x466">750.78dp</dimen>
    <dimen name="x467">752.39dp</dimen>
    <dimen name="x468">754.00dp</dimen>
    <dimen name="x469">755.61dp</dimen>
    <dimen name="x470">757.22dp</dimen>
    <dimen name="x471">758.83dp</dimen>
    <dimen name="x472">760.44dp</dimen>
    <dimen name="x473">762.06dp</dimen>
    <dimen name="x474">763.67dp</dimen>
    <dimen name="x475">765.28dp</dimen>
    <dimen name="x476">766.89dp</dimen>
    <dimen name="x477">768.50dp</dimen>
    <dimen name="x478">770.11dp</dimen>
    <dimen name="x479">771.72dp</dimen>
    <dimen name="x480">773.33dp</dimen>
    <dimen name="x481">774.94dp</dimen>
    <dimen name="x482">776.56dp</dimen>
    <dimen name="x483">778.17dp</dimen>
    <dimen name="x484">779.78dp</dimen>
    <dimen name="x485">781.39dp</dimen>
    <dimen name="x486">783.00dp</dimen>
    <dimen name="x487">784.61dp</dimen>
    <dimen name="x488">786.22dp</dimen>
    <dimen name="x489">787.83dp</dimen>
    <dimen name="x490">789.44dp</dimen>
    <dimen name="x491">791.06dp</dimen>
    <dimen name="x492">792.67dp</dimen>
    <dimen name="x493">794.28dp</dimen>
    <dimen name="x494">795.89dp</dimen>
    <dimen name="x495">797.50dp</dimen>
    <dimen name="x496">799.11dp</dimen>
    <dimen name="x497">800.72dp</dimen>
    <dimen name="x498">802.33dp</dimen>
    <dimen name="x499">803.94dp</dimen>
    <dimen name="x500">805.56dp</dimen>
    <dimen name="x501">807.17dp</dimen>
    <dimen name="x502">808.78dp</dimen>
    <dimen name="x503">810.39dp</dimen>
    <dimen name="x504">812.00dp</dimen>
    <dimen name="x505">813.61dp</dimen>
    <dimen name="x506">815.22dp</dimen>
    <dimen name="x507">816.83dp</dimen>
    <dimen name="x508">818.44dp</dimen>
    <dimen name="x509">820.06dp</dimen>
    <dimen name="x510">821.67dp</dimen>
    <dimen name="x511">823.28dp</dimen>
    <dimen name="x512">824.89dp</dimen>
    <dimen name="x513">826.50dp</dimen>
    <dimen name="x514">828.11dp</dimen>
    <dimen name="x515">829.72dp</dimen>
    <dimen name="x516">831.33dp</dimen>
    <dimen name="x517">832.94dp</dimen>
    <dimen name="x518">834.56dp</dimen>
    <dimen name="x519">836.17dp</dimen>
    <dimen name="x520">837.78dp</dimen>
    <dimen name="x521">839.39dp</dimen>
    <dimen name="x522">841.00dp</dimen>
    <dimen name="x523">842.61dp</dimen>
    <dimen name="x524">844.22dp</dimen>
    <dimen name="x525">845.83dp</dimen>
    <dimen name="x526">847.44dp</dimen>
    <dimen name="x527">849.06dp</dimen>
    <dimen name="x528">850.67dp</dimen>
    <dimen name="x529">852.28dp</dimen>
    <dimen name="x530">853.89dp</dimen>
    <dimen name="x531">855.50dp</dimen>
    <dimen name="x532">857.11dp</dimen>
    <dimen name="x533">858.72dp</dimen>
    <dimen name="x534">860.33dp</dimen>
    <dimen name="x535">861.94dp</dimen>
    <dimen name="x536">863.56dp</dimen>
    <dimen name="x537">865.17dp</dimen>
    <dimen name="x538">866.78dp</dimen>
    <dimen name="x539">868.39dp</dimen>
    <dimen name="x540">870.00dp</dimen>
    <dimen name="x541">871.61dp</dimen>
    <dimen name="x542">873.22dp</dimen>
    <dimen name="x543">874.83dp</dimen>
    <dimen name="x544">876.44dp</dimen>
    <dimen name="x545">878.06dp</dimen>
    <dimen name="x546">879.67dp</dimen>
    <dimen name="x547">881.28dp</dimen>
    <dimen name="x548">882.89dp</dimen>
    <dimen name="x549">884.50dp</dimen>
    <dimen name="x550">886.11dp</dimen>
    <dimen name="x551">887.72dp</dimen>
    <dimen name="x552">889.33dp</dimen>
    <dimen name="x553">890.94dp</dimen>
    <dimen name="x554">892.56dp</dimen>
    <dimen name="x555">894.17dp</dimen>
    <dimen name="x556">895.78dp</dimen>
    <dimen name="x557">897.39dp</dimen>
    <dimen name="x558">899.00dp</dimen>
    <dimen name="x559">900.61dp</dimen>
    <dimen name="x560">902.22dp</dimen>
    <dimen name="x561">903.83dp</dimen>
    <dimen name="x562">905.44dp</dimen>
    <dimen name="x563">907.06dp</dimen>
    <dimen name="x564">908.67dp</dimen>
    <dimen name="x565">910.28dp</dimen>
    <dimen name="x566">911.89dp</dimen>
    <dimen name="x567">913.50dp</dimen>
    <dimen name="x568">915.11dp</dimen>
    <dimen name="x569">916.72dp</dimen>
    <dimen name="x570">918.33dp</dimen>
    <dimen name="x571">919.94dp</dimen>
    <dimen name="x572">921.56dp</dimen>
    <dimen name="x573">923.17dp</dimen>
    <dimen name="x574">924.78dp</dimen>
    <dimen name="x575">926.39dp</dimen>
    <dimen name="x576">928.00dp</dimen>
    <dimen name="x577">929.61dp</dimen>
    <dimen name="x578">931.22dp</dimen>
    <dimen name="x579">932.83dp</dimen>
    <dimen name="x580">934.44dp</dimen>
    <dimen name="x581">936.06dp</dimen>
    <dimen name="x582">937.67dp</dimen>
    <dimen name="x583">939.28dp</dimen>
    <dimen name="x584">940.89dp</dimen>
    <dimen name="x585">942.50dp</dimen>
    <dimen name="x586">944.11dp</dimen>
    <dimen name="x587">945.72dp</dimen>
    <dimen name="x588">947.33dp</dimen>
    <dimen name="x589">948.94dp</dimen>
    <dimen name="x590">950.56dp</dimen>
    <dimen name="x591">952.17dp</dimen>
    <dimen name="x592">953.78dp</dimen>
    <dimen name="x593">955.39dp</dimen>
    <dimen name="x594">957.00dp</dimen>
    <dimen name="x595">958.61dp</dimen>
    <dimen name="x596">960.22dp</dimen>
    <dimen name="x597">961.83dp</dimen>
    <dimen name="x598">963.44dp</dimen>
    <dimen name="x599">965.06dp</dimen>
    <dimen name="x600">966.67dp</dimen>
    <dimen name="x601">968.28dp</dimen>
    <dimen name="x602">969.89dp</dimen>
    <dimen name="x603">971.50dp</dimen>
    <dimen name="x604">973.11dp</dimen>
    <dimen name="x605">974.72dp</dimen>
    <dimen name="x606">976.33dp</dimen>
    <dimen name="x607">977.94dp</dimen>
    <dimen name="x608">979.56dp</dimen>
    <dimen name="x609">981.17dp</dimen>
    <dimen name="x610">982.78dp</dimen>
    <dimen name="x611">984.39dp</dimen>
    <dimen name="x612">986.00dp</dimen>
    <dimen name="x613">987.61dp</dimen>
    <dimen name="x614">989.22dp</dimen>
    <dimen name="x615">990.83dp</dimen>
    <dimen name="x616">992.44dp</dimen>
    <dimen name="x617">994.06dp</dimen>
    <dimen name="x618">995.67dp</dimen>
    <dimen name="x619">997.28dp</dimen>
    <dimen name="x620">998.89dp</dimen>
    <dimen name="x621">1000.50dp</dimen>
    <dimen name="x622">1002.11dp</dimen>
    <dimen name="x623">1003.72dp</dimen>
    <dimen name="x624">1005.33dp</dimen>
    <dimen name="x625">1006.94dp</dimen>
    <dimen name="x626">1008.56dp</dimen>
    <dimen name="x627">1010.17dp</dimen>
    <dimen name="x628">1011.78dp</dimen>
    <dimen name="x629">1013.39dp</dimen>
    <dimen name="x630">1015.00dp</dimen>
    <dimen name="x631">1016.61dp</dimen>
    <dimen name="x632">1018.22dp</dimen>
    <dimen name="x633">1019.83dp</dimen>
    <dimen name="x634">1021.44dp</dimen>
    <dimen name="x635">1023.06dp</dimen>
    <dimen name="x636">1024.67dp</dimen>
    <dimen name="x637">1026.28dp</dimen>
    <dimen name="x638">1027.89dp</dimen>
    <dimen name="x639">1029.50dp</dimen>
    <dimen name="x640">1031.11dp</dimen>
    <dimen name="x641">1032.72dp</dimen>
    <dimen name="x642">1034.33dp</dimen>
    <dimen name="x643">1035.94dp</dimen>
    <dimen name="x644">1037.56dp</dimen>
    <dimen name="x645">1039.17dp</dimen>
    <dimen name="x646">1040.78dp</dimen>
    <dimen name="x647">1042.39dp</dimen>
    <dimen name="x648">1044.00dp</dimen>
    <dimen name="x649">1045.61dp</dimen>
    <dimen name="x650">1047.22dp</dimen>
    <dimen name="x651">1048.83dp</dimen>
    <dimen name="x652">1050.44dp</dimen>
    <dimen name="x653">1052.06dp</dimen>
    <dimen name="x654">1053.67dp</dimen>
    <dimen name="x655">1055.28dp</dimen>
    <dimen name="x656">1056.89dp</dimen>
    <dimen name="x657">1058.50dp</dimen>
    <dimen name="x658">1060.11dp</dimen>
    <dimen name="x659">1061.72dp</dimen>
    <dimen name="x660">1063.33dp</dimen>
    <dimen name="x661">1064.94dp</dimen>
    <dimen name="x662">1066.56dp</dimen>
    <dimen name="x663">1068.17dp</dimen>
    <dimen name="x664">1069.78dp</dimen>
    <dimen name="x665">1071.39dp</dimen>
    <dimen name="x666">1073.00dp</dimen>
    <dimen name="x667">1074.61dp</dimen>
    <dimen name="x668">1076.22dp</dimen>
    <dimen name="x669">1077.83dp</dimen>
    <dimen name="x670">1079.44dp</dimen>
    <dimen name="x671">1081.06dp</dimen>
    <dimen name="x672">1082.67dp</dimen>
    <dimen name="x673">1084.28dp</dimen>
    <dimen name="x674">1085.89dp</dimen>
    <dimen name="x675">1087.50dp</dimen>
    <dimen name="x676">1089.11dp</dimen>
    <dimen name="x677">1090.72dp</dimen>
    <dimen name="x678">1092.33dp</dimen>
    <dimen name="x679">1093.94dp</dimen>
    <dimen name="x680">1095.56dp</dimen>
    <dimen name="x681">1097.17dp</dimen>
    <dimen name="x682">1098.78dp</dimen>
    <dimen name="x683">1100.39dp</dimen>
    <dimen name="x684">1102.00dp</dimen>
    <dimen name="x685">1103.61dp</dimen>
    <dimen name="x686">1105.22dp</dimen>
    <dimen name="x687">1106.83dp</dimen>
    <dimen name="x688">1108.44dp</dimen>
    <dimen name="x689">1110.06dp</dimen>
    <dimen name="x690">1111.67dp</dimen>
    <dimen name="x691">1113.28dp</dimen>
    <dimen name="x692">1114.89dp</dimen>
    <dimen name="x693">1116.50dp</dimen>
    <dimen name="x694">1118.11dp</dimen>
    <dimen name="x695">1119.72dp</dimen>
    <dimen name="x696">1121.33dp</dimen>
    <dimen name="x697">1122.94dp</dimen>
    <dimen name="x698">1124.56dp</dimen>
    <dimen name="x699">1126.17dp</dimen>
    <dimen name="x700">1127.78dp</dimen>
    <dimen name="x701">1129.39dp</dimen>
    <dimen name="x702">1131.00dp</dimen>
    <dimen name="x703">1132.61dp</dimen>
    <dimen name="x704">1134.22dp</dimen>
    <dimen name="x705">1135.83dp</dimen>
    <dimen name="x706">1137.44dp</dimen>
    <dimen name="x707">1139.06dp</dimen>
    <dimen name="x708">1140.67dp</dimen>
    <dimen name="x709">1142.28dp</dimen>
    <dimen name="x710">1143.89dp</dimen>
    <dimen name="x711">1145.50dp</dimen>
    <dimen name="x712">1147.11dp</dimen>
    <dimen name="x713">1148.72dp</dimen>
    <dimen name="x714">1150.33dp</dimen>
    <dimen name="x715">1151.94dp</dimen>
    <dimen name="x716">1153.56dp</dimen>
    <dimen name="x717">1155.17dp</dimen>
    <dimen name="x718">1156.78dp</dimen>
    <dimen name="x719">1158.39dp</dimen>
    <dimen name="x720">1160.00dp</dimen>
    <dimen name="x721">1161.61dp</dimen>
    <dimen name="x722">1163.22dp</dimen>
    <dimen name="x723">1164.83dp</dimen>
    <dimen name="x724">1166.44dp</dimen>
    <dimen name="x725">1168.06dp</dimen>
    <dimen name="x726">1169.67dp</dimen>
    <dimen name="x727">1171.28dp</dimen>
    <dimen name="x728">1172.89dp</dimen>
    <dimen name="x729">1174.50dp</dimen>
    <dimen name="x730">1176.11dp</dimen>
    <dimen name="x731">1177.72dp</dimen>
    <dimen name="x732">1179.33dp</dimen>
    <dimen name="x733">1180.94dp</dimen>
    <dimen name="x734">1182.56dp</dimen>
    <dimen name="x735">1184.17dp</dimen>
    <dimen name="x736">1185.78dp</dimen>
    <dimen name="x737">1187.39dp</dimen>
    <dimen name="x738">1189.00dp</dimen>
    <dimen name="x739">1190.61dp</dimen>
    <dimen name="x740">1192.22dp</dimen>
    <dimen name="x741">1193.83dp</dimen>
    <dimen name="x742">1195.44dp</dimen>
    <dimen name="x743">1197.06dp</dimen>
    <dimen name="x744">1198.67dp</dimen>
    <dimen name="x745">1200.28dp</dimen>
    <dimen name="x746">1201.89dp</dimen>
    <dimen name="x747">1203.50dp</dimen>
    <dimen name="x748">1205.11dp</dimen>
    <dimen name="x749">1206.72dp</dimen>
    <dimen name="x750">1208.33dp</dimen>
    <dimen name="x751">1209.94dp</dimen>
    <dimen name="x752">1211.56dp</dimen>
    <dimen name="x753">1213.17dp</dimen>
    <dimen name="x754">1214.78dp</dimen>
    <dimen name="x755">1216.39dp</dimen>
    <dimen name="x756">1218.00dp</dimen>
    <dimen name="x757">1219.61dp</dimen>
    <dimen name="x758">1221.22dp</dimen>
    <dimen name="x759">1222.83dp</dimen>
    <dimen name="x760">1224.44dp</dimen>
    <dimen name="x761">1226.06dp</dimen>
    <dimen name="x762">1227.67dp</dimen>
    <dimen name="x763">1229.28dp</dimen>
    <dimen name="x764">1230.89dp</dimen>
    <dimen name="x765">1232.50dp</dimen>
    <dimen name="x766">1234.11dp</dimen>
    <dimen name="x767">1235.72dp</dimen>
    <dimen name="x768">1237.33dp</dimen>
    <dimen name="x769">1238.94dp</dimen>
    <dimen name="x770">1240.56dp</dimen>
    <dimen name="x771">1242.17dp</dimen>
    <dimen name="x772">1243.78dp</dimen>
    <dimen name="x773">1245.39dp</dimen>
    <dimen name="x774">1247.00dp</dimen>
    <dimen name="x775">1248.61dp</dimen>
    <dimen name="x776">1250.22dp</dimen>
    <dimen name="x777">1251.83dp</dimen>
    <dimen name="x778">1253.44dp</dimen>
    <dimen name="x779">1255.06dp</dimen>
    <dimen name="x780">1256.67dp</dimen>
    <dimen name="x781">1258.28dp</dimen>
    <dimen name="x782">1259.89dp</dimen>
    <dimen name="x783">1261.50dp</dimen>
    <dimen name="x784">1263.11dp</dimen>
    <dimen name="x785">1264.72dp</dimen>
    <dimen name="x786">1266.33dp</dimen>
    <dimen name="x787">1267.94dp</dimen>
    <dimen name="x788">1269.56dp</dimen>
    <dimen name="x789">1271.17dp</dimen>
    <dimen name="x790">1272.78dp</dimen>
    <dimen name="x791">1274.39dp</dimen>
    <dimen name="x792">1276.00dp</dimen>
    <dimen name="x793">1277.61dp</dimen>
    <dimen name="x794">1279.22dp</dimen>
    <dimen name="x795">1280.83dp</dimen>
    <dimen name="x796">1282.44dp</dimen>
    <dimen name="x797">1284.06dp</dimen>
    <dimen name="x798">1285.67dp</dimen>
    <dimen name="x799">1287.28dp</dimen>
    <dimen name="x800">1288.89dp</dimen>
    <dimen name="x801">1290.50dp</dimen>
    <dimen name="x802">1292.11dp</dimen>
    <dimen name="x803">1293.72dp</dimen>
    <dimen name="x804">1295.33dp</dimen>
    <dimen name="x805">1296.94dp</dimen>
    <dimen name="x806">1298.56dp</dimen>
    <dimen name="x807">1300.17dp</dimen>
    <dimen name="x808">1301.78dp</dimen>
    <dimen name="x809">1303.39dp</dimen>
    <dimen name="x810">1305.00dp</dimen>
    <dimen name="x811">1306.61dp</dimen>
    <dimen name="x812">1308.22dp</dimen>
    <dimen name="x813">1309.83dp</dimen>
    <dimen name="x814">1311.44dp</dimen>
    <dimen name="x815">1313.06dp</dimen>
    <dimen name="x816">1314.67dp</dimen>
    <dimen name="x817">1316.28dp</dimen>
    <dimen name="x818">1317.89dp</dimen>
    <dimen name="x819">1319.50dp</dimen>
    <dimen name="x820">1321.11dp</dimen>
    <dimen name="x821">1322.72dp</dimen>
    <dimen name="x822">1324.33dp</dimen>
    <dimen name="x823">1325.94dp</dimen>
    <dimen name="x824">1327.56dp</dimen>
    <dimen name="x825">1329.17dp</dimen>
    <dimen name="x826">1330.78dp</dimen>
    <dimen name="x827">1332.39dp</dimen>
    <dimen name="x828">1334.00dp</dimen>
    <dimen name="x829">1335.61dp</dimen>
    <dimen name="x830">1337.22dp</dimen>
    <dimen name="x831">1338.83dp</dimen>
    <dimen name="x832">1340.44dp</dimen>
    <dimen name="x833">1342.06dp</dimen>
    <dimen name="x834">1343.67dp</dimen>
    <dimen name="x835">1345.28dp</dimen>
    <dimen name="x836">1346.89dp</dimen>
    <dimen name="x837">1348.50dp</dimen>
    <dimen name="x838">1350.11dp</dimen>
    <dimen name="x839">1351.72dp</dimen>
    <dimen name="x840">1353.33dp</dimen>
    <dimen name="x841">1354.94dp</dimen>
    <dimen name="x842">1356.56dp</dimen>
    <dimen name="x843">1358.17dp</dimen>
    <dimen name="x844">1359.78dp</dimen>
    <dimen name="x845">1361.39dp</dimen>
    <dimen name="x846">1363.00dp</dimen>
    <dimen name="x847">1364.61dp</dimen>
    <dimen name="x848">1366.22dp</dimen>
    <dimen name="x849">1367.83dp</dimen>
    <dimen name="x850">1369.44dp</dimen>
    <dimen name="x851">1371.06dp</dimen>
    <dimen name="x852">1372.67dp</dimen>
    <dimen name="x853">1374.28dp</dimen>
    <dimen name="x854">1375.89dp</dimen>
    <dimen name="x855">1377.50dp</dimen>
    <dimen name="x856">1379.11dp</dimen>
    <dimen name="x857">1380.72dp</dimen>
    <dimen name="x858">1382.33dp</dimen>
    <dimen name="x859">1383.94dp</dimen>
    <dimen name="x860">1385.56dp</dimen>
    <dimen name="x861">1387.17dp</dimen>
    <dimen name="x862">1388.78dp</dimen>
    <dimen name="x863">1390.39dp</dimen>
    <dimen name="x864">1392.00dp</dimen>
    <dimen name="x865">1393.61dp</dimen>
    <dimen name="x866">1395.22dp</dimen>
    <dimen name="x867">1396.83dp</dimen>
    <dimen name="x868">1398.44dp</dimen>
    <dimen name="x869">1400.06dp</dimen>
    <dimen name="x870">1401.67dp</dimen>
    <dimen name="x871">1403.28dp</dimen>
    <dimen name="x872">1404.89dp</dimen>
    <dimen name="x873">1406.50dp</dimen>
    <dimen name="x874">1408.11dp</dimen>
    <dimen name="x875">1409.72dp</dimen>
    <dimen name="x876">1411.33dp</dimen>
    <dimen name="x877">1412.94dp</dimen>
    <dimen name="x878">1414.56dp</dimen>
    <dimen name="x879">1416.17dp</dimen>
    <dimen name="x880">1417.78dp</dimen>
    <dimen name="x881">1419.39dp</dimen>
    <dimen name="x882">1421.00dp</dimen>
    <dimen name="x883">1422.61dp</dimen>
    <dimen name="x884">1424.22dp</dimen>
    <dimen name="x885">1425.83dp</dimen>
    <dimen name="x886">1427.44dp</dimen>
    <dimen name="x887">1429.06dp</dimen>
    <dimen name="x888">1430.67dp</dimen>
    <dimen name="x889">1432.28dp</dimen>
    <dimen name="x890">1433.89dp</dimen>
    <dimen name="x891">1435.50dp</dimen>
    <dimen name="x892">1437.11dp</dimen>
    <dimen name="x893">1438.72dp</dimen>
    <dimen name="x894">1440.33dp</dimen>
    <dimen name="x895">1441.94dp</dimen>
    <dimen name="x896">1443.56dp</dimen>
    <dimen name="x897">1445.17dp</dimen>
    <dimen name="x898">1446.78dp</dimen>
    <dimen name="x899">1448.39dp</dimen>
    <dimen name="x900">1450.00dp</dimen>
    <dimen name="x901">1451.61dp</dimen>
    <dimen name="x902">1453.22dp</dimen>
    <dimen name="x903">1454.83dp</dimen>
    <dimen name="x904">1456.44dp</dimen>
    <dimen name="x905">1458.06dp</dimen>
    <dimen name="x906">1459.67dp</dimen>
    <dimen name="x907">1461.28dp</dimen>
    <dimen name="x908">1462.89dp</dimen>
    <dimen name="x909">1464.50dp</dimen>
    <dimen name="x910">1466.11dp</dimen>
    <dimen name="x911">1467.72dp</dimen>
    <dimen name="x912">1469.33dp</dimen>
    <dimen name="x913">1470.94dp</dimen>
    <dimen name="x914">1472.56dp</dimen>
    <dimen name="x915">1474.17dp</dimen>
    <dimen name="x916">1475.78dp</dimen>
    <dimen name="x917">1477.39dp</dimen>
    <dimen name="x918">1479.00dp</dimen>
    <dimen name="x919">1480.61dp</dimen>
    <dimen name="x920">1482.22dp</dimen>
    <dimen name="x921">1483.83dp</dimen>
    <dimen name="x922">1485.44dp</dimen>
    <dimen name="x923">1487.06dp</dimen>
    <dimen name="x924">1488.67dp</dimen>
    <dimen name="x925">1490.28dp</dimen>
    <dimen name="x926">1491.89dp</dimen>
    <dimen name="x927">1493.50dp</dimen>
    <dimen name="x928">1495.11dp</dimen>
    <dimen name="x929">1496.72dp</dimen>
    <dimen name="x930">1498.33dp</dimen>
    <dimen name="x931">1499.94dp</dimen>
    <dimen name="x932">1501.56dp</dimen>
    <dimen name="x933">1503.17dp</dimen>
    <dimen name="x934">1504.78dp</dimen>
    <dimen name="x935">1506.39dp</dimen>
    <dimen name="x936">1508.00dp</dimen>
    <dimen name="x937">1509.61dp</dimen>
    <dimen name="x938">1511.22dp</dimen>
    <dimen name="x939">1512.83dp</dimen>
    <dimen name="x940">1514.44dp</dimen>
    <dimen name="x941">1516.06dp</dimen>
    <dimen name="x942">1517.67dp</dimen>
    <dimen name="x943">1519.28dp</dimen>
    <dimen name="x944">1520.89dp</dimen>
    <dimen name="x945">1522.50dp</dimen>
    <dimen name="x946">1524.11dp</dimen>
    <dimen name="x947">1525.72dp</dimen>
    <dimen name="x948">1527.33dp</dimen>
    <dimen name="x949">1528.94dp</dimen>
    <dimen name="x950">1530.56dp</dimen>
    <dimen name="x951">1532.17dp</dimen>
    <dimen name="x952">1533.78dp</dimen>
    <dimen name="x953">1535.39dp</dimen>
    <dimen name="x954">1537.00dp</dimen>
    <dimen name="x955">1538.61dp</dimen>
    <dimen name="x956">1540.22dp</dimen>
    <dimen name="x957">1541.83dp</dimen>
    <dimen name="x958">1543.44dp</dimen>
    <dimen name="x959">1545.06dp</dimen>
    <dimen name="x960">1546.67dp</dimen>
    <dimen name="x961">1548.28dp</dimen>
    <dimen name="x962">1549.89dp</dimen>
    <dimen name="x963">1551.50dp</dimen>
    <dimen name="x964">1553.11dp</dimen>
    <dimen name="x965">1554.72dp</dimen>
    <dimen name="x966">1556.33dp</dimen>
    <dimen name="x967">1557.94dp</dimen>
    <dimen name="x968">1559.56dp</dimen>
    <dimen name="x969">1561.17dp</dimen>
    <dimen name="x970">1562.78dp</dimen>
    <dimen name="x971">1564.39dp</dimen>
    <dimen name="x972">1566.00dp</dimen>
    <dimen name="x973">1567.61dp</dimen>
    <dimen name="x974">1569.22dp</dimen>
    <dimen name="x975">1570.83dp</dimen>
    <dimen name="x976">1572.44dp</dimen>
    <dimen name="x977">1574.06dp</dimen>
    <dimen name="x978">1575.67dp</dimen>
    <dimen name="x979">1577.28dp</dimen>
    <dimen name="x980">1578.89dp</dimen>
    <dimen name="x981">1580.50dp</dimen>
    <dimen name="x982">1582.11dp</dimen>
    <dimen name="x983">1583.72dp</dimen>
    <dimen name="x984">1585.33dp</dimen>
    <dimen name="x985">1586.94dp</dimen>
    <dimen name="x986">1588.56dp</dimen>
    <dimen name="x987">1590.17dp</dimen>
    <dimen name="x988">1591.78dp</dimen>
    <dimen name="x989">1593.39dp</dimen>
    <dimen name="x990">1595.00dp</dimen>
    <dimen name="x991">1596.61dp</dimen>
    <dimen name="x992">1598.22dp</dimen>
    <dimen name="x993">1599.83dp</dimen>
    <dimen name="x994">1601.44dp</dimen>
    <dimen name="x995">1603.06dp</dimen>
    <dimen name="x996">1604.67dp</dimen>
    <dimen name="x997">1606.28dp</dimen>
    <dimen name="x998">1607.89dp</dimen>
    <dimen name="x999">1609.50dp</dimen>
    <dimen name="x1000">1611.11dp</dimen>
    <dimen name="x1001">1612.72dp</dimen>
    <dimen name="x1002">1614.33dp</dimen>
    <dimen name="x1003">1615.94dp</dimen>
    <dimen name="x1004">1617.56dp</dimen>
    <dimen name="x1005">1619.17dp</dimen>
    <dimen name="x1006">1620.78dp</dimen>
    <dimen name="x1007">1622.39dp</dimen>
    <dimen name="x1008">1624.00dp</dimen>
    <dimen name="x1009">1625.61dp</dimen>
    <dimen name="x1010">1627.22dp</dimen>
    <dimen name="x1011">1628.83dp</dimen>
    <dimen name="x1012">1630.44dp</dimen>
    <dimen name="x1013">1632.06dp</dimen>
    <dimen name="x1014">1633.67dp</dimen>
    <dimen name="x1015">1635.28dp</dimen>
    <dimen name="x1016">1636.89dp</dimen>
    <dimen name="x1017">1638.50dp</dimen>
    <dimen name="x1018">1640.11dp</dimen>
    <dimen name="x1019">1641.72dp</dimen>
    <dimen name="x1020">1643.33dp</dimen>
    <dimen name="x1021">1644.94dp</dimen>
    <dimen name="x1022">1646.56dp</dimen>
    <dimen name="x1023">1648.17dp</dimen>
    <dimen name="x1024">1649.78dp</dimen>
    <dimen name="x1025">1651.39dp</dimen>
    <dimen name="x1026">1653.00dp</dimen>
    <dimen name="x1027">1654.61dp</dimen>
    <dimen name="x1028">1656.22dp</dimen>
    <dimen name="x1029">1657.83dp</dimen>
    <dimen name="x1030">1659.44dp</dimen>
    <dimen name="x1031">1661.06dp</dimen>
    <dimen name="x1032">1662.67dp</dimen>
    <dimen name="x1033">1664.28dp</dimen>
    <dimen name="x1034">1665.89dp</dimen>
    <dimen name="x1035">1667.50dp</dimen>
    <dimen name="x1036">1669.11dp</dimen>
    <dimen name="x1037">1670.72dp</dimen>
    <dimen name="x1038">1672.33dp</dimen>
    <dimen name="x1039">1673.94dp</dimen>
    <dimen name="x1040">1675.56dp</dimen>
    <dimen name="x1041">1677.17dp</dimen>
    <dimen name="x1042">1678.78dp</dimen>
    <dimen name="x1043">1680.39dp</dimen>
    <dimen name="x1044">1682.00dp</dimen>
    <dimen name="x1045">1683.61dp</dimen>
    <dimen name="x1046">1685.22dp</dimen>
    <dimen name="x1047">1686.83dp</dimen>
    <dimen name="x1048">1688.44dp</dimen>
    <dimen name="x1049">1690.06dp</dimen>
    <dimen name="x1050">1691.67dp</dimen>
    <dimen name="x1051">1693.28dp</dimen>
    <dimen name="x1052">1694.89dp</dimen>
    <dimen name="x1053">1696.50dp</dimen>
    <dimen name="x1054">1698.11dp</dimen>
    <dimen name="x1055">1699.72dp</dimen>
    <dimen name="x1056">1701.33dp</dimen>
    <dimen name="x1057">1702.94dp</dimen>
    <dimen name="x1058">1704.56dp</dimen>
    <dimen name="x1059">1706.17dp</dimen>
    <dimen name="x1060">1707.78dp</dimen>
    <dimen name="x1061">1709.39dp</dimen>
    <dimen name="x1062">1711.00dp</dimen>
    <dimen name="x1063">1712.61dp</dimen>
    <dimen name="x1064">1714.22dp</dimen>
    <dimen name="x1065">1715.83dp</dimen>
    <dimen name="x1066">1717.44dp</dimen>
    <dimen name="x1067">1719.06dp</dimen>
    <dimen name="x1068">1720.67dp</dimen>
    <dimen name="x1069">1722.28dp</dimen>
    <dimen name="x1070">1723.89dp</dimen>
    <dimen name="x1071">1725.50dp</dimen>
    <dimen name="x1072">1727.11dp</dimen>
    <dimen name="x1073">1728.72dp</dimen>
    <dimen name="x1074">1730.33dp</dimen>
    <dimen name="x1075">1731.94dp</dimen>
    <dimen name="x1076">1733.56dp</dimen>
    <dimen name="x1077">1735.17dp</dimen>
    <dimen name="x1078">1736.78dp</dimen>
    <dimen name="x1079">1738.39dp</dimen>
    <dimen name="x1080">1740.00dp</dimen>
</resources>