<?xml version="1.0" encoding="utf-8"?>
<resources>
    <string name="sw_dp">700dp</string>
    <dimen name="x1">0.65dp</dimen>
    <dimen name="x2">1.30dp</dimen>
    <dimen name="x3">1.94dp</dimen>
    <dimen name="x4">2.59dp</dimen>
    <dimen name="x5">3.24dp</dimen>
    <dimen name="x6">3.89dp</dimen>
    <dimen name="x7">4.54dp</dimen>
    <dimen name="x8">5.19dp</dimen>
    <dimen name="x9">5.83dp</dimen>
    <dimen name="x10">6.48dp</dimen>
    <dimen name="x11">7.13dp</dimen>
    <dimen name="x12">7.78dp</dimen>
    <dimen name="x13">8.43dp</dimen>
    <dimen name="x14">9.07dp</dimen>
    <dimen name="x15">9.72dp</dimen>
    <dimen name="x16">10.37dp</dimen>
    <dimen name="x17">11.02dp</dimen>
    <dimen name="x18">11.67dp</dimen>
    <dimen name="x19">12.31dp</dimen>
    <dimen name="x20">12.96dp</dimen>
    <dimen name="x21">13.61dp</dimen>
    <dimen name="x22">14.26dp</dimen>
    <dimen name="x23">14.91dp</dimen>
    <dimen name="x24">15.56dp</dimen>
    <dimen name="x25">16.20dp</dimen>
    <dimen name="x26">16.85dp</dimen>
    <dimen name="x27">17.50dp</dimen>
    <dimen name="x28">18.15dp</dimen>
    <dimen name="x29">18.80dp</dimen>
    <dimen name="x30">19.44dp</dimen>
    <dimen name="x31">20.09dp</dimen>
    <dimen name="x32">20.74dp</dimen>
    <dimen name="x33">21.39dp</dimen>
    <dimen name="x34">22.04dp</dimen>
    <dimen name="x35">22.69dp</dimen>
    <dimen name="x36">23.33dp</dimen>
    <dimen name="x37">23.98dp</dimen>
    <dimen name="x38">24.63dp</dimen>
    <dimen name="x39">25.28dp</dimen>
    <dimen name="x40">25.93dp</dimen>
    <dimen name="x41">26.57dp</dimen>
    <dimen name="x42">27.22dp</dimen>
    <dimen name="x43">27.87dp</dimen>
    <dimen name="x44">28.52dp</dimen>
    <dimen name="x45">29.17dp</dimen>
    <dimen name="x46">29.81dp</dimen>
    <dimen name="x47">30.46dp</dimen>
    <dimen name="x48">31.11dp</dimen>
    <dimen name="x49">31.76dp</dimen>
    <dimen name="x50">32.41dp</dimen>
    <dimen name="x51">33.06dp</dimen>
    <dimen name="x52">33.70dp</dimen>
    <dimen name="x53">34.35dp</dimen>
    <dimen name="x54">35.00dp</dimen>
    <dimen name="x55">35.65dp</dimen>
    <dimen name="x56">36.30dp</dimen>
    <dimen name="x57">36.94dp</dimen>
    <dimen name="x58">37.59dp</dimen>
    <dimen name="x59">38.24dp</dimen>
    <dimen name="x60">38.89dp</dimen>
    <dimen name="x61">39.54dp</dimen>
    <dimen name="x62">40.19dp</dimen>
    <dimen name="x63">40.83dp</dimen>
    <dimen name="x64">41.48dp</dimen>
    <dimen name="x65">42.13dp</dimen>
    <dimen name="x66">42.78dp</dimen>
    <dimen name="x67">43.43dp</dimen>
    <dimen name="x68">44.07dp</dimen>
    <dimen name="x69">44.72dp</dimen>
    <dimen name="x70">45.37dp</dimen>
    <dimen name="x71">46.02dp</dimen>
    <dimen name="x72">46.67dp</dimen>
    <dimen name="x73">47.31dp</dimen>
    <dimen name="x74">47.96dp</dimen>
    <dimen name="x75">48.61dp</dimen>
    <dimen name="x76">49.26dp</dimen>
    <dimen name="x77">49.91dp</dimen>
    <dimen name="x78">50.56dp</dimen>
    <dimen name="x79">51.20dp</dimen>
    <dimen name="x80">51.85dp</dimen>
    <dimen name="x81">52.50dp</dimen>
    <dimen name="x82">53.15dp</dimen>
    <dimen name="x83">53.80dp</dimen>
    <dimen name="x84">54.44dp</dimen>
    <dimen name="x85">55.09dp</dimen>
    <dimen name="x86">55.74dp</dimen>
    <dimen name="x87">56.39dp</dimen>
    <dimen name="x88">57.04dp</dimen>
    <dimen name="x89">57.69dp</dimen>
    <dimen name="x90">58.33dp</dimen>
    <dimen name="x91">58.98dp</dimen>
    <dimen name="x92">59.63dp</dimen>
    <dimen name="x93">60.28dp</dimen>
    <dimen name="x94">60.93dp</dimen>
    <dimen name="x95">61.57dp</dimen>
    <dimen name="x96">62.22dp</dimen>
    <dimen name="x97">62.87dp</dimen>
    <dimen name="x98">63.52dp</dimen>
    <dimen name="x99">64.17dp</dimen>
    <dimen name="x100">64.81dp</dimen>
    <dimen name="x101">65.46dp</dimen>
    <dimen name="x102">66.11dp</dimen>
    <dimen name="x103">66.76dp</dimen>
    <dimen name="x104">67.41dp</dimen>
    <dimen name="x105">68.06dp</dimen>
    <dimen name="x106">68.70dp</dimen>
    <dimen name="x107">69.35dp</dimen>
    <dimen name="x108">70.00dp</dimen>
    <dimen name="x109">70.65dp</dimen>
    <dimen name="x110">71.30dp</dimen>
    <dimen name="x111">71.94dp</dimen>
    <dimen name="x112">72.59dp</dimen>
    <dimen name="x113">73.24dp</dimen>
    <dimen name="x114">73.89dp</dimen>
    <dimen name="x115">74.54dp</dimen>
    <dimen name="x116">75.19dp</dimen>
    <dimen name="x117">75.83dp</dimen>
    <dimen name="x118">76.48dp</dimen>
    <dimen name="x119">77.13dp</dimen>
    <dimen name="x120">77.78dp</dimen>
    <dimen name="x121">78.43dp</dimen>
    <dimen name="x122">79.07dp</dimen>
    <dimen name="x123">79.72dp</dimen>
    <dimen name="x124">80.37dp</dimen>
    <dimen name="x125">81.02dp</dimen>
    <dimen name="x126">81.67dp</dimen>
    <dimen name="x127">82.31dp</dimen>
    <dimen name="x128">82.96dp</dimen>
    <dimen name="x129">83.61dp</dimen>
    <dimen name="x130">84.26dp</dimen>
    <dimen name="x131">84.91dp</dimen>
    <dimen name="x132">85.56dp</dimen>
    <dimen name="x133">86.20dp</dimen>
    <dimen name="x134">86.85dp</dimen>
    <dimen name="x135">87.50dp</dimen>
    <dimen name="x136">88.15dp</dimen>
    <dimen name="x137">88.80dp</dimen>
    <dimen name="x138">89.44dp</dimen>
    <dimen name="x139">90.09dp</dimen>
    <dimen name="x140">90.74dp</dimen>
    <dimen name="x141">91.39dp</dimen>
    <dimen name="x142">92.04dp</dimen>
    <dimen name="x143">92.69dp</dimen>
    <dimen name="x144">93.33dp</dimen>
    <dimen name="x145">93.98dp</dimen>
    <dimen name="x146">94.63dp</dimen>
    <dimen name="x147">95.28dp</dimen>
    <dimen name="x148">95.93dp</dimen>
    <dimen name="x149">96.57dp</dimen>
    <dimen name="x150">97.22dp</dimen>
    <dimen name="x151">97.87dp</dimen>
    <dimen name="x152">98.52dp</dimen>
    <dimen name="x153">99.17dp</dimen>
    <dimen name="x154">99.81dp</dimen>
    <dimen name="x155">100.46dp</dimen>
    <dimen name="x156">101.11dp</dimen>
    <dimen name="x157">101.76dp</dimen>
    <dimen name="x158">102.41dp</dimen>
    <dimen name="x159">103.06dp</dimen>
    <dimen name="x160">103.70dp</dimen>
    <dimen name="x161">104.35dp</dimen>
    <dimen name="x162">105.00dp</dimen>
    <dimen name="x163">105.65dp</dimen>
    <dimen name="x164">106.30dp</dimen>
    <dimen name="x165">106.94dp</dimen>
    <dimen name="x166">107.59dp</dimen>
    <dimen name="x167">108.24dp</dimen>
    <dimen name="x168">108.89dp</dimen>
    <dimen name="x169">109.54dp</dimen>
    <dimen name="x170">110.19dp</dimen>
    <dimen name="x171">110.83dp</dimen>
    <dimen name="x172">111.48dp</dimen>
    <dimen name="x173">112.13dp</dimen>
    <dimen name="x174">112.78dp</dimen>
    <dimen name="x175">113.43dp</dimen>
    <dimen name="x176">114.07dp</dimen>
    <dimen name="x177">114.72dp</dimen>
    <dimen name="x178">115.37dp</dimen>
    <dimen name="x179">116.02dp</dimen>
    <dimen name="x180">116.67dp</dimen>
    <dimen name="x181">117.31dp</dimen>
    <dimen name="x182">117.96dp</dimen>
    <dimen name="x183">118.61dp</dimen>
    <dimen name="x184">119.26dp</dimen>
    <dimen name="x185">119.91dp</dimen>
    <dimen name="x186">120.56dp</dimen>
    <dimen name="x187">121.20dp</dimen>
    <dimen name="x188">121.85dp</dimen>
    <dimen name="x189">122.50dp</dimen>
    <dimen name="x190">123.15dp</dimen>
    <dimen name="x191">123.80dp</dimen>
    <dimen name="x192">124.44dp</dimen>
    <dimen name="x193">125.09dp</dimen>
    <dimen name="x194">125.74dp</dimen>
    <dimen name="x195">126.39dp</dimen>
    <dimen name="x196">127.04dp</dimen>
    <dimen name="x197">127.69dp</dimen>
    <dimen name="x198">128.33dp</dimen>
    <dimen name="x199">128.98dp</dimen>
    <dimen name="x200">129.63dp</dimen>
    <dimen name="x201">130.28dp</dimen>
    <dimen name="x202">130.93dp</dimen>
    <dimen name="x203">131.57dp</dimen>
    <dimen name="x204">132.22dp</dimen>
    <dimen name="x205">132.87dp</dimen>
    <dimen name="x206">133.52dp</dimen>
    <dimen name="x207">134.17dp</dimen>
    <dimen name="x208">134.81dp</dimen>
    <dimen name="x209">135.46dp</dimen>
    <dimen name="x210">136.11dp</dimen>
    <dimen name="x211">136.76dp</dimen>
    <dimen name="x212">137.41dp</dimen>
    <dimen name="x213">138.06dp</dimen>
    <dimen name="x214">138.70dp</dimen>
    <dimen name="x215">139.35dp</dimen>
    <dimen name="x216">140.00dp</dimen>
    <dimen name="x217">140.65dp</dimen>
    <dimen name="x218">141.30dp</dimen>
    <dimen name="x219">141.94dp</dimen>
    <dimen name="x220">142.59dp</dimen>
    <dimen name="x221">143.24dp</dimen>
    <dimen name="x222">143.89dp</dimen>
    <dimen name="x223">144.54dp</dimen>
    <dimen name="x224">145.19dp</dimen>
    <dimen name="x225">145.83dp</dimen>
    <dimen name="x226">146.48dp</dimen>
    <dimen name="x227">147.13dp</dimen>
    <dimen name="x228">147.78dp</dimen>
    <dimen name="x229">148.43dp</dimen>
    <dimen name="x230">149.07dp</dimen>
    <dimen name="x231">149.72dp</dimen>
    <dimen name="x232">150.37dp</dimen>
    <dimen name="x233">151.02dp</dimen>
    <dimen name="x234">151.67dp</dimen>
    <dimen name="x235">152.31dp</dimen>
    <dimen name="x236">152.96dp</dimen>
    <dimen name="x237">153.61dp</dimen>
    <dimen name="x238">154.26dp</dimen>
    <dimen name="x239">154.91dp</dimen>
    <dimen name="x240">155.56dp</dimen>
    <dimen name="x241">156.20dp</dimen>
    <dimen name="x242">156.85dp</dimen>
    <dimen name="x243">157.50dp</dimen>
    <dimen name="x244">158.15dp</dimen>
    <dimen name="x245">158.80dp</dimen>
    <dimen name="x246">159.44dp</dimen>
    <dimen name="x247">160.09dp</dimen>
    <dimen name="x248">160.74dp</dimen>
    <dimen name="x249">161.39dp</dimen>
    <dimen name="x250">162.04dp</dimen>
    <dimen name="x251">162.69dp</dimen>
    <dimen name="x252">163.33dp</dimen>
    <dimen name="x253">163.98dp</dimen>
    <dimen name="x254">164.63dp</dimen>
    <dimen name="x255">165.28dp</dimen>
    <dimen name="x256">165.93dp</dimen>
    <dimen name="x257">166.57dp</dimen>
    <dimen name="x258">167.22dp</dimen>
    <dimen name="x259">167.87dp</dimen>
    <dimen name="x260">168.52dp</dimen>
    <dimen name="x261">169.17dp</dimen>
    <dimen name="x262">169.81dp</dimen>
    <dimen name="x263">170.46dp</dimen>
    <dimen name="x264">171.11dp</dimen>
    <dimen name="x265">171.76dp</dimen>
    <dimen name="x266">172.41dp</dimen>
    <dimen name="x267">173.06dp</dimen>
    <dimen name="x268">173.70dp</dimen>
    <dimen name="x269">174.35dp</dimen>
    <dimen name="x270">175.00dp</dimen>
    <dimen name="x271">175.65dp</dimen>
    <dimen name="x272">176.30dp</dimen>
    <dimen name="x273">176.94dp</dimen>
    <dimen name="x274">177.59dp</dimen>
    <dimen name="x275">178.24dp</dimen>
    <dimen name="x276">178.89dp</dimen>
    <dimen name="x277">179.54dp</dimen>
    <dimen name="x278">180.19dp</dimen>
    <dimen name="x279">180.83dp</dimen>
    <dimen name="x280">181.48dp</dimen>
    <dimen name="x281">182.13dp</dimen>
    <dimen name="x282">182.78dp</dimen>
    <dimen name="x283">183.43dp</dimen>
    <dimen name="x284">184.07dp</dimen>
    <dimen name="x285">184.72dp</dimen>
    <dimen name="x286">185.37dp</dimen>
    <dimen name="x287">186.02dp</dimen>
    <dimen name="x288">186.67dp</dimen>
    <dimen name="x289">187.31dp</dimen>
    <dimen name="x290">187.96dp</dimen>
    <dimen name="x291">188.61dp</dimen>
    <dimen name="x292">189.26dp</dimen>
    <dimen name="x293">189.91dp</dimen>
    <dimen name="x294">190.56dp</dimen>
    <dimen name="x295">191.20dp</dimen>
    <dimen name="x296">191.85dp</dimen>
    <dimen name="x297">192.50dp</dimen>
    <dimen name="x298">193.15dp</dimen>
    <dimen name="x299">193.80dp</dimen>
    <dimen name="x300">194.44dp</dimen>
    <dimen name="x301">195.09dp</dimen>
    <dimen name="x302">195.74dp</dimen>
    <dimen name="x303">196.39dp</dimen>
    <dimen name="x304">197.04dp</dimen>
    <dimen name="x305">197.69dp</dimen>
    <dimen name="x306">198.33dp</dimen>
    <dimen name="x307">198.98dp</dimen>
    <dimen name="x308">199.63dp</dimen>
    <dimen name="x309">200.28dp</dimen>
    <dimen name="x310">200.93dp</dimen>
    <dimen name="x311">201.57dp</dimen>
    <dimen name="x312">202.22dp</dimen>
    <dimen name="x313">202.87dp</dimen>
    <dimen name="x314">203.52dp</dimen>
    <dimen name="x315">204.17dp</dimen>
    <dimen name="x316">204.81dp</dimen>
    <dimen name="x317">205.46dp</dimen>
    <dimen name="x318">206.11dp</dimen>
    <dimen name="x319">206.76dp</dimen>
    <dimen name="x320">207.41dp</dimen>
    <dimen name="x321">208.06dp</dimen>
    <dimen name="x322">208.70dp</dimen>
    <dimen name="x323">209.35dp</dimen>
    <dimen name="x324">210.00dp</dimen>
    <dimen name="x325">210.65dp</dimen>
    <dimen name="x326">211.30dp</dimen>
    <dimen name="x327">211.94dp</dimen>
    <dimen name="x328">212.59dp</dimen>
    <dimen name="x329">213.24dp</dimen>
    <dimen name="x330">213.89dp</dimen>
    <dimen name="x331">214.54dp</dimen>
    <dimen name="x332">215.19dp</dimen>
    <dimen name="x333">215.83dp</dimen>
    <dimen name="x334">216.48dp</dimen>
    <dimen name="x335">217.13dp</dimen>
    <dimen name="x336">217.78dp</dimen>
    <dimen name="x337">218.43dp</dimen>
    <dimen name="x338">219.07dp</dimen>
    <dimen name="x339">219.72dp</dimen>
    <dimen name="x340">220.37dp</dimen>
    <dimen name="x341">221.02dp</dimen>
    <dimen name="x342">221.67dp</dimen>
    <dimen name="x343">222.31dp</dimen>
    <dimen name="x344">222.96dp</dimen>
    <dimen name="x345">223.61dp</dimen>
    <dimen name="x346">224.26dp</dimen>
    <dimen name="x347">224.91dp</dimen>
    <dimen name="x348">225.56dp</dimen>
    <dimen name="x349">226.20dp</dimen>
    <dimen name="x350">226.85dp</dimen>
    <dimen name="x351">227.50dp</dimen>
    <dimen name="x352">228.15dp</dimen>
    <dimen name="x353">228.80dp</dimen>
    <dimen name="x354">229.44dp</dimen>
    <dimen name="x355">230.09dp</dimen>
    <dimen name="x356">230.74dp</dimen>
    <dimen name="x357">231.39dp</dimen>
    <dimen name="x358">232.04dp</dimen>
    <dimen name="x359">232.69dp</dimen>
    <dimen name="x360">233.33dp</dimen>
    <dimen name="x361">233.98dp</dimen>
    <dimen name="x362">234.63dp</dimen>
    <dimen name="x363">235.28dp</dimen>
    <dimen name="x364">235.93dp</dimen>
    <dimen name="x365">236.57dp</dimen>
    <dimen name="x366">237.22dp</dimen>
    <dimen name="x367">237.87dp</dimen>
    <dimen name="x368">238.52dp</dimen>
    <dimen name="x369">239.17dp</dimen>
    <dimen name="x370">239.81dp</dimen>
    <dimen name="x371">240.46dp</dimen>
    <dimen name="x372">241.11dp</dimen>
    <dimen name="x373">241.76dp</dimen>
    <dimen name="x374">242.41dp</dimen>
    <dimen name="x375">243.06dp</dimen>
    <dimen name="x376">243.70dp</dimen>
    <dimen name="x377">244.35dp</dimen>
    <dimen name="x378">245.00dp</dimen>
    <dimen name="x379">245.65dp</dimen>
    <dimen name="x380">246.30dp</dimen>
    <dimen name="x381">246.94dp</dimen>
    <dimen name="x382">247.59dp</dimen>
    <dimen name="x383">248.24dp</dimen>
    <dimen name="x384">248.89dp</dimen>
    <dimen name="x385">249.54dp</dimen>
    <dimen name="x386">250.19dp</dimen>
    <dimen name="x387">250.83dp</dimen>
    <dimen name="x388">251.48dp</dimen>
    <dimen name="x389">252.13dp</dimen>
    <dimen name="x390">252.78dp</dimen>
    <dimen name="x391">253.43dp</dimen>
    <dimen name="x392">254.07dp</dimen>
    <dimen name="x393">254.72dp</dimen>
    <dimen name="x394">255.37dp</dimen>
    <dimen name="x395">256.02dp</dimen>
    <dimen name="x396">256.67dp</dimen>
    <dimen name="x397">257.31dp</dimen>
    <dimen name="x398">257.96dp</dimen>
    <dimen name="x399">258.61dp</dimen>
    <dimen name="x400">259.26dp</dimen>
    <dimen name="x401">259.91dp</dimen>
    <dimen name="x402">260.56dp</dimen>
    <dimen name="x403">261.20dp</dimen>
    <dimen name="x404">261.85dp</dimen>
    <dimen name="x405">262.50dp</dimen>
    <dimen name="x406">263.15dp</dimen>
    <dimen name="x407">263.80dp</dimen>
    <dimen name="x408">264.44dp</dimen>
    <dimen name="x409">265.09dp</dimen>
    <dimen name="x410">265.74dp</dimen>
    <dimen name="x411">266.39dp</dimen>
    <dimen name="x412">267.04dp</dimen>
    <dimen name="x413">267.69dp</dimen>
    <dimen name="x414">268.33dp</dimen>
    <dimen name="x415">268.98dp</dimen>
    <dimen name="x416">269.63dp</dimen>
    <dimen name="x417">270.28dp</dimen>
    <dimen name="x418">270.93dp</dimen>
    <dimen name="x419">271.57dp</dimen>
    <dimen name="x420">272.22dp</dimen>
    <dimen name="x421">272.87dp</dimen>
    <dimen name="x422">273.52dp</dimen>
    <dimen name="x423">274.17dp</dimen>
    <dimen name="x424">274.81dp</dimen>
    <dimen name="x425">275.46dp</dimen>
    <dimen name="x426">276.11dp</dimen>
    <dimen name="x427">276.76dp</dimen>
    <dimen name="x428">277.41dp</dimen>
    <dimen name="x429">278.06dp</dimen>
    <dimen name="x430">278.70dp</dimen>
    <dimen name="x431">279.35dp</dimen>
    <dimen name="x432">280.00dp</dimen>
    <dimen name="x433">280.65dp</dimen>
    <dimen name="x434">281.30dp</dimen>
    <dimen name="x435">281.94dp</dimen>
    <dimen name="x436">282.59dp</dimen>
    <dimen name="x437">283.24dp</dimen>
    <dimen name="x438">283.89dp</dimen>
    <dimen name="x439">284.54dp</dimen>
    <dimen name="x440">285.19dp</dimen>
    <dimen name="x441">285.83dp</dimen>
    <dimen name="x442">286.48dp</dimen>
    <dimen name="x443">287.13dp</dimen>
    <dimen name="x444">287.78dp</dimen>
    <dimen name="x445">288.43dp</dimen>
    <dimen name="x446">289.07dp</dimen>
    <dimen name="x447">289.72dp</dimen>
    <dimen name="x448">290.37dp</dimen>
    <dimen name="x449">291.02dp</dimen>
    <dimen name="x450">291.67dp</dimen>
    <dimen name="x451">292.31dp</dimen>
    <dimen name="x452">292.96dp</dimen>
    <dimen name="x453">293.61dp</dimen>
    <dimen name="x454">294.26dp</dimen>
    <dimen name="x455">294.91dp</dimen>
    <dimen name="x456">295.56dp</dimen>
    <dimen name="x457">296.20dp</dimen>
    <dimen name="x458">296.85dp</dimen>
    <dimen name="x459">297.50dp</dimen>
    <dimen name="x460">298.15dp</dimen>
    <dimen name="x461">298.80dp</dimen>
    <dimen name="x462">299.44dp</dimen>
    <dimen name="x463">300.09dp</dimen>
    <dimen name="x464">300.74dp</dimen>
    <dimen name="x465">301.39dp</dimen>
    <dimen name="x466">302.04dp</dimen>
    <dimen name="x467">302.69dp</dimen>
    <dimen name="x468">303.33dp</dimen>
    <dimen name="x469">303.98dp</dimen>
    <dimen name="x470">304.63dp</dimen>
    <dimen name="x471">305.28dp</dimen>
    <dimen name="x472">305.93dp</dimen>
    <dimen name="x473">306.57dp</dimen>
    <dimen name="x474">307.22dp</dimen>
    <dimen name="x475">307.87dp</dimen>
    <dimen name="x476">308.52dp</dimen>
    <dimen name="x477">309.17dp</dimen>
    <dimen name="x478">309.81dp</dimen>
    <dimen name="x479">310.46dp</dimen>
    <dimen name="x480">311.11dp</dimen>
    <dimen name="x481">311.76dp</dimen>
    <dimen name="x482">312.41dp</dimen>
    <dimen name="x483">313.06dp</dimen>
    <dimen name="x484">313.70dp</dimen>
    <dimen name="x485">314.35dp</dimen>
    <dimen name="x486">315.00dp</dimen>
    <dimen name="x487">315.65dp</dimen>
    <dimen name="x488">316.30dp</dimen>
    <dimen name="x489">316.94dp</dimen>
    <dimen name="x490">317.59dp</dimen>
    <dimen name="x491">318.24dp</dimen>
    <dimen name="x492">318.89dp</dimen>
    <dimen name="x493">319.54dp</dimen>
    <dimen name="x494">320.19dp</dimen>
    <dimen name="x495">320.83dp</dimen>
    <dimen name="x496">321.48dp</dimen>
    <dimen name="x497">322.13dp</dimen>
    <dimen name="x498">322.78dp</dimen>
    <dimen name="x499">323.43dp</dimen>
    <dimen name="x500">324.07dp</dimen>
    <dimen name="x501">324.72dp</dimen>
    <dimen name="x502">325.37dp</dimen>
    <dimen name="x503">326.02dp</dimen>
    <dimen name="x504">326.67dp</dimen>
    <dimen name="x505">327.31dp</dimen>
    <dimen name="x506">327.96dp</dimen>
    <dimen name="x507">328.61dp</dimen>
    <dimen name="x508">329.26dp</dimen>
    <dimen name="x509">329.91dp</dimen>
    <dimen name="x510">330.56dp</dimen>
    <dimen name="x511">331.20dp</dimen>
    <dimen name="x512">331.85dp</dimen>
    <dimen name="x513">332.50dp</dimen>
    <dimen name="x514">333.15dp</dimen>
    <dimen name="x515">333.80dp</dimen>
    <dimen name="x516">334.44dp</dimen>
    <dimen name="x517">335.09dp</dimen>
    <dimen name="x518">335.74dp</dimen>
    <dimen name="x519">336.39dp</dimen>
    <dimen name="x520">337.04dp</dimen>
    <dimen name="x521">337.69dp</dimen>
    <dimen name="x522">338.33dp</dimen>
    <dimen name="x523">338.98dp</dimen>
    <dimen name="x524">339.63dp</dimen>
    <dimen name="x525">340.28dp</dimen>
    <dimen name="x526">340.93dp</dimen>
    <dimen name="x527">341.57dp</dimen>
    <dimen name="x528">342.22dp</dimen>
    <dimen name="x529">342.87dp</dimen>
    <dimen name="x530">343.52dp</dimen>
    <dimen name="x531">344.17dp</dimen>
    <dimen name="x532">344.81dp</dimen>
    <dimen name="x533">345.46dp</dimen>
    <dimen name="x534">346.11dp</dimen>
    <dimen name="x535">346.76dp</dimen>
    <dimen name="x536">347.41dp</dimen>
    <dimen name="x537">348.06dp</dimen>
    <dimen name="x538">348.70dp</dimen>
    <dimen name="x539">349.35dp</dimen>
    <dimen name="x540">350.00dp</dimen>
    <dimen name="x541">350.65dp</dimen>
    <dimen name="x542">351.30dp</dimen>
    <dimen name="x543">351.94dp</dimen>
    <dimen name="x544">352.59dp</dimen>
    <dimen name="x545">353.24dp</dimen>
    <dimen name="x546">353.89dp</dimen>
    <dimen name="x547">354.54dp</dimen>
    <dimen name="x548">355.19dp</dimen>
    <dimen name="x549">355.83dp</dimen>
    <dimen name="x550">356.48dp</dimen>
    <dimen name="x551">357.13dp</dimen>
    <dimen name="x552">357.78dp</dimen>
    <dimen name="x553">358.43dp</dimen>
    <dimen name="x554">359.07dp</dimen>
    <dimen name="x555">359.72dp</dimen>
    <dimen name="x556">360.37dp</dimen>
    <dimen name="x557">361.02dp</dimen>
    <dimen name="x558">361.67dp</dimen>
    <dimen name="x559">362.31dp</dimen>
    <dimen name="x560">362.96dp</dimen>
    <dimen name="x561">363.61dp</dimen>
    <dimen name="x562">364.26dp</dimen>
    <dimen name="x563">364.91dp</dimen>
    <dimen name="x564">365.56dp</dimen>
    <dimen name="x565">366.20dp</dimen>
    <dimen name="x566">366.85dp</dimen>
    <dimen name="x567">367.50dp</dimen>
    <dimen name="x568">368.15dp</dimen>
    <dimen name="x569">368.80dp</dimen>
    <dimen name="x570">369.44dp</dimen>
    <dimen name="x571">370.09dp</dimen>
    <dimen name="x572">370.74dp</dimen>
    <dimen name="x573">371.39dp</dimen>
    <dimen name="x574">372.04dp</dimen>
    <dimen name="x575">372.69dp</dimen>
    <dimen name="x576">373.33dp</dimen>
    <dimen name="x577">373.98dp</dimen>
    <dimen name="x578">374.63dp</dimen>
    <dimen name="x579">375.28dp</dimen>
    <dimen name="x580">375.93dp</dimen>
    <dimen name="x581">376.57dp</dimen>
    <dimen name="x582">377.22dp</dimen>
    <dimen name="x583">377.87dp</dimen>
    <dimen name="x584">378.52dp</dimen>
    <dimen name="x585">379.17dp</dimen>
    <dimen name="x586">379.81dp</dimen>
    <dimen name="x587">380.46dp</dimen>
    <dimen name="x588">381.11dp</dimen>
    <dimen name="x589">381.76dp</dimen>
    <dimen name="x590">382.41dp</dimen>
    <dimen name="x591">383.06dp</dimen>
    <dimen name="x592">383.70dp</dimen>
    <dimen name="x593">384.35dp</dimen>
    <dimen name="x594">385.00dp</dimen>
    <dimen name="x595">385.65dp</dimen>
    <dimen name="x596">386.30dp</dimen>
    <dimen name="x597">386.94dp</dimen>
    <dimen name="x598">387.59dp</dimen>
    <dimen name="x599">388.24dp</dimen>
    <dimen name="x600">388.89dp</dimen>
    <dimen name="x601">389.54dp</dimen>
    <dimen name="x602">390.19dp</dimen>
    <dimen name="x603">390.83dp</dimen>
    <dimen name="x604">391.48dp</dimen>
    <dimen name="x605">392.13dp</dimen>
    <dimen name="x606">392.78dp</dimen>
    <dimen name="x607">393.43dp</dimen>
    <dimen name="x608">394.07dp</dimen>
    <dimen name="x609">394.72dp</dimen>
    <dimen name="x610">395.37dp</dimen>
    <dimen name="x611">396.02dp</dimen>
    <dimen name="x612">396.67dp</dimen>
    <dimen name="x613">397.31dp</dimen>
    <dimen name="x614">397.96dp</dimen>
    <dimen name="x615">398.61dp</dimen>
    <dimen name="x616">399.26dp</dimen>
    <dimen name="x617">399.91dp</dimen>
    <dimen name="x618">400.56dp</dimen>
    <dimen name="x619">401.20dp</dimen>
    <dimen name="x620">401.85dp</dimen>
    <dimen name="x621">402.50dp</dimen>
    <dimen name="x622">403.15dp</dimen>
    <dimen name="x623">403.80dp</dimen>
    <dimen name="x624">404.44dp</dimen>
    <dimen name="x625">405.09dp</dimen>
    <dimen name="x626">405.74dp</dimen>
    <dimen name="x627">406.39dp</dimen>
    <dimen name="x628">407.04dp</dimen>
    <dimen name="x629">407.69dp</dimen>
    <dimen name="x630">408.33dp</dimen>
    <dimen name="x631">408.98dp</dimen>
    <dimen name="x632">409.63dp</dimen>
    <dimen name="x633">410.28dp</dimen>
    <dimen name="x634">410.93dp</dimen>
    <dimen name="x635">411.57dp</dimen>
    <dimen name="x636">412.22dp</dimen>
    <dimen name="x637">412.87dp</dimen>
    <dimen name="x638">413.52dp</dimen>
    <dimen name="x639">414.17dp</dimen>
    <dimen name="x640">414.81dp</dimen>
    <dimen name="x641">415.46dp</dimen>
    <dimen name="x642">416.11dp</dimen>
    <dimen name="x643">416.76dp</dimen>
    <dimen name="x644">417.41dp</dimen>
    <dimen name="x645">418.06dp</dimen>
    <dimen name="x646">418.70dp</dimen>
    <dimen name="x647">419.35dp</dimen>
    <dimen name="x648">420.00dp</dimen>
    <dimen name="x649">420.65dp</dimen>
    <dimen name="x650">421.30dp</dimen>
    <dimen name="x651">421.94dp</dimen>
    <dimen name="x652">422.59dp</dimen>
    <dimen name="x653">423.24dp</dimen>
    <dimen name="x654">423.89dp</dimen>
    <dimen name="x655">424.54dp</dimen>
    <dimen name="x656">425.19dp</dimen>
    <dimen name="x657">425.83dp</dimen>
    <dimen name="x658">426.48dp</dimen>
    <dimen name="x659">427.13dp</dimen>
    <dimen name="x660">427.78dp</dimen>
    <dimen name="x661">428.43dp</dimen>
    <dimen name="x662">429.07dp</dimen>
    <dimen name="x663">429.72dp</dimen>
    <dimen name="x664">430.37dp</dimen>
    <dimen name="x665">431.02dp</dimen>
    <dimen name="x666">431.67dp</dimen>
    <dimen name="x667">432.31dp</dimen>
    <dimen name="x668">432.96dp</dimen>
    <dimen name="x669">433.61dp</dimen>
    <dimen name="x670">434.26dp</dimen>
    <dimen name="x671">434.91dp</dimen>
    <dimen name="x672">435.56dp</dimen>
    <dimen name="x673">436.20dp</dimen>
    <dimen name="x674">436.85dp</dimen>
    <dimen name="x675">437.50dp</dimen>
    <dimen name="x676">438.15dp</dimen>
    <dimen name="x677">438.80dp</dimen>
    <dimen name="x678">439.44dp</dimen>
    <dimen name="x679">440.09dp</dimen>
    <dimen name="x680">440.74dp</dimen>
    <dimen name="x681">441.39dp</dimen>
    <dimen name="x682">442.04dp</dimen>
    <dimen name="x683">442.69dp</dimen>
    <dimen name="x684">443.33dp</dimen>
    <dimen name="x685">443.98dp</dimen>
    <dimen name="x686">444.63dp</dimen>
    <dimen name="x687">445.28dp</dimen>
    <dimen name="x688">445.93dp</dimen>
    <dimen name="x689">446.57dp</dimen>
    <dimen name="x690">447.22dp</dimen>
    <dimen name="x691">447.87dp</dimen>
    <dimen name="x692">448.52dp</dimen>
    <dimen name="x693">449.17dp</dimen>
    <dimen name="x694">449.81dp</dimen>
    <dimen name="x695">450.46dp</dimen>
    <dimen name="x696">451.11dp</dimen>
    <dimen name="x697">451.76dp</dimen>
    <dimen name="x698">452.41dp</dimen>
    <dimen name="x699">453.06dp</dimen>
    <dimen name="x700">453.70dp</dimen>
    <dimen name="x701">454.35dp</dimen>
    <dimen name="x702">455.00dp</dimen>
    <dimen name="x703">455.65dp</dimen>
    <dimen name="x704">456.30dp</dimen>
    <dimen name="x705">456.94dp</dimen>
    <dimen name="x706">457.59dp</dimen>
    <dimen name="x707">458.24dp</dimen>
    <dimen name="x708">458.89dp</dimen>
    <dimen name="x709">459.54dp</dimen>
    <dimen name="x710">460.19dp</dimen>
    <dimen name="x711">460.83dp</dimen>
    <dimen name="x712">461.48dp</dimen>
    <dimen name="x713">462.13dp</dimen>
    <dimen name="x714">462.78dp</dimen>
    <dimen name="x715">463.43dp</dimen>
    <dimen name="x716">464.07dp</dimen>
    <dimen name="x717">464.72dp</dimen>
    <dimen name="x718">465.37dp</dimen>
    <dimen name="x719">466.02dp</dimen>
    <dimen name="x720">466.67dp</dimen>
    <dimen name="x721">467.31dp</dimen>
    <dimen name="x722">467.96dp</dimen>
    <dimen name="x723">468.61dp</dimen>
    <dimen name="x724">469.26dp</dimen>
    <dimen name="x725">469.91dp</dimen>
    <dimen name="x726">470.56dp</dimen>
    <dimen name="x727">471.20dp</dimen>
    <dimen name="x728">471.85dp</dimen>
    <dimen name="x729">472.50dp</dimen>
    <dimen name="x730">473.15dp</dimen>
    <dimen name="x731">473.80dp</dimen>
    <dimen name="x732">474.44dp</dimen>
    <dimen name="x733">475.09dp</dimen>
    <dimen name="x734">475.74dp</dimen>
    <dimen name="x735">476.39dp</dimen>
    <dimen name="x736">477.04dp</dimen>
    <dimen name="x737">477.69dp</dimen>
    <dimen name="x738">478.33dp</dimen>
    <dimen name="x739">478.98dp</dimen>
    <dimen name="x740">479.63dp</dimen>
    <dimen name="x741">480.28dp</dimen>
    <dimen name="x742">480.93dp</dimen>
    <dimen name="x743">481.57dp</dimen>
    <dimen name="x744">482.22dp</dimen>
    <dimen name="x745">482.87dp</dimen>
    <dimen name="x746">483.52dp</dimen>
    <dimen name="x747">484.17dp</dimen>
    <dimen name="x748">484.81dp</dimen>
    <dimen name="x749">485.46dp</dimen>
    <dimen name="x750">486.11dp</dimen>
    <dimen name="x751">486.76dp</dimen>
    <dimen name="x752">487.41dp</dimen>
    <dimen name="x753">488.06dp</dimen>
    <dimen name="x754">488.70dp</dimen>
    <dimen name="x755">489.35dp</dimen>
    <dimen name="x756">490.00dp</dimen>
    <dimen name="x757">490.65dp</dimen>
    <dimen name="x758">491.30dp</dimen>
    <dimen name="x759">491.94dp</dimen>
    <dimen name="x760">492.59dp</dimen>
    <dimen name="x761">493.24dp</dimen>
    <dimen name="x762">493.89dp</dimen>
    <dimen name="x763">494.54dp</dimen>
    <dimen name="x764">495.19dp</dimen>
    <dimen name="x765">495.83dp</dimen>
    <dimen name="x766">496.48dp</dimen>
    <dimen name="x767">497.13dp</dimen>
    <dimen name="x768">497.78dp</dimen>
    <dimen name="x769">498.43dp</dimen>
    <dimen name="x770">499.07dp</dimen>
    <dimen name="x771">499.72dp</dimen>
    <dimen name="x772">500.37dp</dimen>
    <dimen name="x773">501.02dp</dimen>
    <dimen name="x774">501.67dp</dimen>
    <dimen name="x775">502.31dp</dimen>
    <dimen name="x776">502.96dp</dimen>
    <dimen name="x777">503.61dp</dimen>
    <dimen name="x778">504.26dp</dimen>
    <dimen name="x779">504.91dp</dimen>
    <dimen name="x780">505.56dp</dimen>
    <dimen name="x781">506.20dp</dimen>
    <dimen name="x782">506.85dp</dimen>
    <dimen name="x783">507.50dp</dimen>
    <dimen name="x784">508.15dp</dimen>
    <dimen name="x785">508.80dp</dimen>
    <dimen name="x786">509.44dp</dimen>
    <dimen name="x787">510.09dp</dimen>
    <dimen name="x788">510.74dp</dimen>
    <dimen name="x789">511.39dp</dimen>
    <dimen name="x790">512.04dp</dimen>
    <dimen name="x791">512.69dp</dimen>
    <dimen name="x792">513.33dp</dimen>
    <dimen name="x793">513.98dp</dimen>
    <dimen name="x794">514.63dp</dimen>
    <dimen name="x795">515.28dp</dimen>
    <dimen name="x796">515.93dp</dimen>
    <dimen name="x797">516.57dp</dimen>
    <dimen name="x798">517.22dp</dimen>
    <dimen name="x799">517.87dp</dimen>
    <dimen name="x800">518.52dp</dimen>
    <dimen name="x801">519.17dp</dimen>
    <dimen name="x802">519.81dp</dimen>
    <dimen name="x803">520.46dp</dimen>
    <dimen name="x804">521.11dp</dimen>
    <dimen name="x805">521.76dp</dimen>
    <dimen name="x806">522.41dp</dimen>
    <dimen name="x807">523.06dp</dimen>
    <dimen name="x808">523.70dp</dimen>
    <dimen name="x809">524.35dp</dimen>
    <dimen name="x810">525.00dp</dimen>
    <dimen name="x811">525.65dp</dimen>
    <dimen name="x812">526.30dp</dimen>
    <dimen name="x813">526.94dp</dimen>
    <dimen name="x814">527.59dp</dimen>
    <dimen name="x815">528.24dp</dimen>
    <dimen name="x816">528.89dp</dimen>
    <dimen name="x817">529.54dp</dimen>
    <dimen name="x818">530.19dp</dimen>
    <dimen name="x819">530.83dp</dimen>
    <dimen name="x820">531.48dp</dimen>
    <dimen name="x821">532.13dp</dimen>
    <dimen name="x822">532.78dp</dimen>
    <dimen name="x823">533.43dp</dimen>
    <dimen name="x824">534.07dp</dimen>
    <dimen name="x825">534.72dp</dimen>
    <dimen name="x826">535.37dp</dimen>
    <dimen name="x827">536.02dp</dimen>
    <dimen name="x828">536.67dp</dimen>
    <dimen name="x829">537.31dp</dimen>
    <dimen name="x830">537.96dp</dimen>
    <dimen name="x831">538.61dp</dimen>
    <dimen name="x832">539.26dp</dimen>
    <dimen name="x833">539.91dp</dimen>
    <dimen name="x834">540.56dp</dimen>
    <dimen name="x835">541.20dp</dimen>
    <dimen name="x836">541.85dp</dimen>
    <dimen name="x837">542.50dp</dimen>
    <dimen name="x838">543.15dp</dimen>
    <dimen name="x839">543.80dp</dimen>
    <dimen name="x840">544.44dp</dimen>
    <dimen name="x841">545.09dp</dimen>
    <dimen name="x842">545.74dp</dimen>
    <dimen name="x843">546.39dp</dimen>
    <dimen name="x844">547.04dp</dimen>
    <dimen name="x845">547.69dp</dimen>
    <dimen name="x846">548.33dp</dimen>
    <dimen name="x847">548.98dp</dimen>
    <dimen name="x848">549.63dp</dimen>
    <dimen name="x849">550.28dp</dimen>
    <dimen name="x850">550.93dp</dimen>
    <dimen name="x851">551.57dp</dimen>
    <dimen name="x852">552.22dp</dimen>
    <dimen name="x853">552.87dp</dimen>
    <dimen name="x854">553.52dp</dimen>
    <dimen name="x855">554.17dp</dimen>
    <dimen name="x856">554.81dp</dimen>
    <dimen name="x857">555.46dp</dimen>
    <dimen name="x858">556.11dp</dimen>
    <dimen name="x859">556.76dp</dimen>
    <dimen name="x860">557.41dp</dimen>
    <dimen name="x861">558.06dp</dimen>
    <dimen name="x862">558.70dp</dimen>
    <dimen name="x863">559.35dp</dimen>
    <dimen name="x864">560.00dp</dimen>
    <dimen name="x865">560.65dp</dimen>
    <dimen name="x866">561.30dp</dimen>
    <dimen name="x867">561.94dp</dimen>
    <dimen name="x868">562.59dp</dimen>
    <dimen name="x869">563.24dp</dimen>
    <dimen name="x870">563.89dp</dimen>
    <dimen name="x871">564.54dp</dimen>
    <dimen name="x872">565.19dp</dimen>
    <dimen name="x873">565.83dp</dimen>
    <dimen name="x874">566.48dp</dimen>
    <dimen name="x875">567.13dp</dimen>
    <dimen name="x876">567.78dp</dimen>
    <dimen name="x877">568.43dp</dimen>
    <dimen name="x878">569.07dp</dimen>
    <dimen name="x879">569.72dp</dimen>
    <dimen name="x880">570.37dp</dimen>
    <dimen name="x881">571.02dp</dimen>
    <dimen name="x882">571.67dp</dimen>
    <dimen name="x883">572.31dp</dimen>
    <dimen name="x884">572.96dp</dimen>
    <dimen name="x885">573.61dp</dimen>
    <dimen name="x886">574.26dp</dimen>
    <dimen name="x887">574.91dp</dimen>
    <dimen name="x888">575.56dp</dimen>
    <dimen name="x889">576.20dp</dimen>
    <dimen name="x890">576.85dp</dimen>
    <dimen name="x891">577.50dp</dimen>
    <dimen name="x892">578.15dp</dimen>
    <dimen name="x893">578.80dp</dimen>
    <dimen name="x894">579.44dp</dimen>
    <dimen name="x895">580.09dp</dimen>
    <dimen name="x896">580.74dp</dimen>
    <dimen name="x897">581.39dp</dimen>
    <dimen name="x898">582.04dp</dimen>
    <dimen name="x899">582.69dp</dimen>
    <dimen name="x900">583.33dp</dimen>
    <dimen name="x901">583.98dp</dimen>
    <dimen name="x902">584.63dp</dimen>
    <dimen name="x903">585.28dp</dimen>
    <dimen name="x904">585.93dp</dimen>
    <dimen name="x905">586.57dp</dimen>
    <dimen name="x906">587.22dp</dimen>
    <dimen name="x907">587.87dp</dimen>
    <dimen name="x908">588.52dp</dimen>
    <dimen name="x909">589.17dp</dimen>
    <dimen name="x910">589.81dp</dimen>
    <dimen name="x911">590.46dp</dimen>
    <dimen name="x912">591.11dp</dimen>
    <dimen name="x913">591.76dp</dimen>
    <dimen name="x914">592.41dp</dimen>
    <dimen name="x915">593.06dp</dimen>
    <dimen name="x916">593.70dp</dimen>
    <dimen name="x917">594.35dp</dimen>
    <dimen name="x918">595.00dp</dimen>
    <dimen name="x919">595.65dp</dimen>
    <dimen name="x920">596.30dp</dimen>
    <dimen name="x921">596.94dp</dimen>
    <dimen name="x922">597.59dp</dimen>
    <dimen name="x923">598.24dp</dimen>
    <dimen name="x924">598.89dp</dimen>
    <dimen name="x925">599.54dp</dimen>
    <dimen name="x926">600.19dp</dimen>
    <dimen name="x927">600.83dp</dimen>
    <dimen name="x928">601.48dp</dimen>
    <dimen name="x929">602.13dp</dimen>
    <dimen name="x930">602.78dp</dimen>
    <dimen name="x931">603.43dp</dimen>
    <dimen name="x932">604.07dp</dimen>
    <dimen name="x933">604.72dp</dimen>
    <dimen name="x934">605.37dp</dimen>
    <dimen name="x935">606.02dp</dimen>
    <dimen name="x936">606.67dp</dimen>
    <dimen name="x937">607.31dp</dimen>
    <dimen name="x938">607.96dp</dimen>
    <dimen name="x939">608.61dp</dimen>
    <dimen name="x940">609.26dp</dimen>
    <dimen name="x941">609.91dp</dimen>
    <dimen name="x942">610.56dp</dimen>
    <dimen name="x943">611.20dp</dimen>
    <dimen name="x944">611.85dp</dimen>
    <dimen name="x945">612.50dp</dimen>
    <dimen name="x946">613.15dp</dimen>
    <dimen name="x947">613.80dp</dimen>
    <dimen name="x948">614.44dp</dimen>
    <dimen name="x949">615.09dp</dimen>
    <dimen name="x950">615.74dp</dimen>
    <dimen name="x951">616.39dp</dimen>
    <dimen name="x952">617.04dp</dimen>
    <dimen name="x953">617.69dp</dimen>
    <dimen name="x954">618.33dp</dimen>
    <dimen name="x955">618.98dp</dimen>
    <dimen name="x956">619.63dp</dimen>
    <dimen name="x957">620.28dp</dimen>
    <dimen name="x958">620.93dp</dimen>
    <dimen name="x959">621.57dp</dimen>
    <dimen name="x960">622.22dp</dimen>
    <dimen name="x961">622.87dp</dimen>
    <dimen name="x962">623.52dp</dimen>
    <dimen name="x963">624.17dp</dimen>
    <dimen name="x964">624.81dp</dimen>
    <dimen name="x965">625.46dp</dimen>
    <dimen name="x966">626.11dp</dimen>
    <dimen name="x967">626.76dp</dimen>
    <dimen name="x968">627.41dp</dimen>
    <dimen name="x969">628.06dp</dimen>
    <dimen name="x970">628.70dp</dimen>
    <dimen name="x971">629.35dp</dimen>
    <dimen name="x972">630.00dp</dimen>
    <dimen name="x973">630.65dp</dimen>
    <dimen name="x974">631.30dp</dimen>
    <dimen name="x975">631.94dp</dimen>
    <dimen name="x976">632.59dp</dimen>
    <dimen name="x977">633.24dp</dimen>
    <dimen name="x978">633.89dp</dimen>
    <dimen name="x979">634.54dp</dimen>
    <dimen name="x980">635.19dp</dimen>
    <dimen name="x981">635.83dp</dimen>
    <dimen name="x982">636.48dp</dimen>
    <dimen name="x983">637.13dp</dimen>
    <dimen name="x984">637.78dp</dimen>
    <dimen name="x985">638.43dp</dimen>
    <dimen name="x986">639.07dp</dimen>
    <dimen name="x987">639.72dp</dimen>
    <dimen name="x988">640.37dp</dimen>
    <dimen name="x989">641.02dp</dimen>
    <dimen name="x990">641.67dp</dimen>
    <dimen name="x991">642.31dp</dimen>
    <dimen name="x992">642.96dp</dimen>
    <dimen name="x993">643.61dp</dimen>
    <dimen name="x994">644.26dp</dimen>
    <dimen name="x995">644.91dp</dimen>
    <dimen name="x996">645.56dp</dimen>
    <dimen name="x997">646.20dp</dimen>
    <dimen name="x998">646.85dp</dimen>
    <dimen name="x999">647.50dp</dimen>
    <dimen name="x1000">648.15dp</dimen>
    <dimen name="x1001">648.80dp</dimen>
    <dimen name="x1002">649.44dp</dimen>
    <dimen name="x1003">650.09dp</dimen>
    <dimen name="x1004">650.74dp</dimen>
    <dimen name="x1005">651.39dp</dimen>
    <dimen name="x1006">652.04dp</dimen>
    <dimen name="x1007">652.69dp</dimen>
    <dimen name="x1008">653.33dp</dimen>
    <dimen name="x1009">653.98dp</dimen>
    <dimen name="x1010">654.63dp</dimen>
    <dimen name="x1011">655.28dp</dimen>
    <dimen name="x1012">655.93dp</dimen>
    <dimen name="x1013">656.57dp</dimen>
    <dimen name="x1014">657.22dp</dimen>
    <dimen name="x1015">657.87dp</dimen>
    <dimen name="x1016">658.52dp</dimen>
    <dimen name="x1017">659.17dp</dimen>
    <dimen name="x1018">659.81dp</dimen>
    <dimen name="x1019">660.46dp</dimen>
    <dimen name="x1020">661.11dp</dimen>
    <dimen name="x1021">661.76dp</dimen>
    <dimen name="x1022">662.41dp</dimen>
    <dimen name="x1023">663.06dp</dimen>
    <dimen name="x1024">663.70dp</dimen>
    <dimen name="x1025">664.35dp</dimen>
    <dimen name="x1026">665.00dp</dimen>
    <dimen name="x1027">665.65dp</dimen>
    <dimen name="x1028">666.30dp</dimen>
    <dimen name="x1029">666.94dp</dimen>
    <dimen name="x1030">667.59dp</dimen>
    <dimen name="x1031">668.24dp</dimen>
    <dimen name="x1032">668.89dp</dimen>
    <dimen name="x1033">669.54dp</dimen>
    <dimen name="x1034">670.19dp</dimen>
    <dimen name="x1035">670.83dp</dimen>
    <dimen name="x1036">671.48dp</dimen>
    <dimen name="x1037">672.13dp</dimen>
    <dimen name="x1038">672.78dp</dimen>
    <dimen name="x1039">673.43dp</dimen>
    <dimen name="x1040">674.07dp</dimen>
    <dimen name="x1041">674.72dp</dimen>
    <dimen name="x1042">675.37dp</dimen>
    <dimen name="x1043">676.02dp</dimen>
    <dimen name="x1044">676.67dp</dimen>
    <dimen name="x1045">677.31dp</dimen>
    <dimen name="x1046">677.96dp</dimen>
    <dimen name="x1047">678.61dp</dimen>
    <dimen name="x1048">679.26dp</dimen>
    <dimen name="x1049">679.91dp</dimen>
    <dimen name="x1050">680.56dp</dimen>
    <dimen name="x1051">681.20dp</dimen>
    <dimen name="x1052">681.85dp</dimen>
    <dimen name="x1053">682.50dp</dimen>
    <dimen name="x1054">683.15dp</dimen>
    <dimen name="x1055">683.80dp</dimen>
    <dimen name="x1056">684.44dp</dimen>
    <dimen name="x1057">685.09dp</dimen>
    <dimen name="x1058">685.74dp</dimen>
    <dimen name="x1059">686.39dp</dimen>
    <dimen name="x1060">687.04dp</dimen>
    <dimen name="x1061">687.69dp</dimen>
    <dimen name="x1062">688.33dp</dimen>
    <dimen name="x1063">688.98dp</dimen>
    <dimen name="x1064">689.63dp</dimen>
    <dimen name="x1065">690.28dp</dimen>
    <dimen name="x1066">690.93dp</dimen>
    <dimen name="x1067">691.57dp</dimen>
    <dimen name="x1068">692.22dp</dimen>
    <dimen name="x1069">692.87dp</dimen>
    <dimen name="x1070">693.52dp</dimen>
    <dimen name="x1071">694.17dp</dimen>
    <dimen name="x1072">694.81dp</dimen>
    <dimen name="x1073">695.46dp</dimen>
    <dimen name="x1074">696.11dp</dimen>
    <dimen name="x1075">696.76dp</dimen>
    <dimen name="x1076">697.41dp</dimen>
    <dimen name="x1077">698.06dp</dimen>
    <dimen name="x1078">698.70dp</dimen>
    <dimen name="x1079">699.35dp</dimen>
    <dimen name="x1080">700.00dp</dimen>
</resources>