<?xml version="1.0" encoding="utf-8"?>
<resources>
    <string name="sw_dp">1360dp</string>
    <dimen name="x1">1.26dp</dimen>
    <dimen name="x2">2.52dp</dimen>
    <dimen name="x3">3.78dp</dimen>
    <dimen name="x4">5.04dp</dimen>
    <dimen name="x5">6.30dp</dimen>
    <dimen name="x6">7.56dp</dimen>
    <dimen name="x7">8.81dp</dimen>
    <dimen name="x8">10.07dp</dimen>
    <dimen name="x9">11.33dp</dimen>
    <dimen name="x10">12.59dp</dimen>
    <dimen name="x11">13.85dp</dimen>
    <dimen name="x12">15.11dp</dimen>
    <dimen name="x13">16.37dp</dimen>
    <dimen name="x14">17.63dp</dimen>
    <dimen name="x15">18.89dp</dimen>
    <dimen name="x16">20.15dp</dimen>
    <dimen name="x17">21.41dp</dimen>
    <dimen name="x18">22.67dp</dimen>
    <dimen name="x19">23.93dp</dimen>
    <dimen name="x20">25.19dp</dimen>
    <dimen name="x21">26.44dp</dimen>
    <dimen name="x22">27.70dp</dimen>
    <dimen name="x23">28.96dp</dimen>
    <dimen name="x24">30.22dp</dimen>
    <dimen name="x25">31.48dp</dimen>
    <dimen name="x26">32.74dp</dimen>
    <dimen name="x27">34.00dp</dimen>
    <dimen name="x28">35.26dp</dimen>
    <dimen name="x29">36.52dp</dimen>
    <dimen name="x30">37.78dp</dimen>
    <dimen name="x31">39.04dp</dimen>
    <dimen name="x32">40.30dp</dimen>
    <dimen name="x33">41.56dp</dimen>
    <dimen name="x34">42.81dp</dimen>
    <dimen name="x35">44.07dp</dimen>
    <dimen name="x36">45.33dp</dimen>
    <dimen name="x37">46.59dp</dimen>
    <dimen name="x38">47.85dp</dimen>
    <dimen name="x39">49.11dp</dimen>
    <dimen name="x40">50.37dp</dimen>
    <dimen name="x41">51.63dp</dimen>
    <dimen name="x42">52.89dp</dimen>
    <dimen name="x43">54.15dp</dimen>
    <dimen name="x44">55.41dp</dimen>
    <dimen name="x45">56.67dp</dimen>
    <dimen name="x46">57.93dp</dimen>
    <dimen name="x47">59.19dp</dimen>
    <dimen name="x48">60.44dp</dimen>
    <dimen name="x49">61.70dp</dimen>
    <dimen name="x50">62.96dp</dimen>
    <dimen name="x51">64.22dp</dimen>
    <dimen name="x52">65.48dp</dimen>
    <dimen name="x53">66.74dp</dimen>
    <dimen name="x54">68.00dp</dimen>
    <dimen name="x55">69.26dp</dimen>
    <dimen name="x56">70.52dp</dimen>
    <dimen name="x57">71.78dp</dimen>
    <dimen name="x58">73.04dp</dimen>
    <dimen name="x59">74.30dp</dimen>
    <dimen name="x60">75.56dp</dimen>
    <dimen name="x61">76.81dp</dimen>
    <dimen name="x62">78.07dp</dimen>
    <dimen name="x63">79.33dp</dimen>
    <dimen name="x64">80.59dp</dimen>
    <dimen name="x65">81.85dp</dimen>
    <dimen name="x66">83.11dp</dimen>
    <dimen name="x67">84.37dp</dimen>
    <dimen name="x68">85.63dp</dimen>
    <dimen name="x69">86.89dp</dimen>
    <dimen name="x70">88.15dp</dimen>
    <dimen name="x71">89.41dp</dimen>
    <dimen name="x72">90.67dp</dimen>
    <dimen name="x73">91.93dp</dimen>
    <dimen name="x74">93.19dp</dimen>
    <dimen name="x75">94.44dp</dimen>
    <dimen name="x76">95.70dp</dimen>
    <dimen name="x77">96.96dp</dimen>
    <dimen name="x78">98.22dp</dimen>
    <dimen name="x79">99.48dp</dimen>
    <dimen name="x80">100.74dp</dimen>
    <dimen name="x81">102.00dp</dimen>
    <dimen name="x82">103.26dp</dimen>
    <dimen name="x83">104.52dp</dimen>
    <dimen name="x84">105.78dp</dimen>
    <dimen name="x85">107.04dp</dimen>
    <dimen name="x86">108.30dp</dimen>
    <dimen name="x87">109.56dp</dimen>
    <dimen name="x88">110.81dp</dimen>
    <dimen name="x89">112.07dp</dimen>
    <dimen name="x90">113.33dp</dimen>
    <dimen name="x91">114.59dp</dimen>
    <dimen name="x92">115.85dp</dimen>
    <dimen name="x93">117.11dp</dimen>
    <dimen name="x94">118.37dp</dimen>
    <dimen name="x95">119.63dp</dimen>
    <dimen name="x96">120.89dp</dimen>
    <dimen name="x97">122.15dp</dimen>
    <dimen name="x98">123.41dp</dimen>
    <dimen name="x99">124.67dp</dimen>
    <dimen name="x100">125.93dp</dimen>
    <dimen name="x101">127.19dp</dimen>
    <dimen name="x102">128.44dp</dimen>
    <dimen name="x103">129.70dp</dimen>
    <dimen name="x104">130.96dp</dimen>
    <dimen name="x105">132.22dp</dimen>
    <dimen name="x106">133.48dp</dimen>
    <dimen name="x107">134.74dp</dimen>
    <dimen name="x108">136.00dp</dimen>
    <dimen name="x109">137.26dp</dimen>
    <dimen name="x110">138.52dp</dimen>
    <dimen name="x111">139.78dp</dimen>
    <dimen name="x112">141.04dp</dimen>
    <dimen name="x113">142.30dp</dimen>
    <dimen name="x114">143.56dp</dimen>
    <dimen name="x115">144.81dp</dimen>
    <dimen name="x116">146.07dp</dimen>
    <dimen name="x117">147.33dp</dimen>
    <dimen name="x118">148.59dp</dimen>
    <dimen name="x119">149.85dp</dimen>
    <dimen name="x120">151.11dp</dimen>
    <dimen name="x121">152.37dp</dimen>
    <dimen name="x122">153.63dp</dimen>
    <dimen name="x123">154.89dp</dimen>
    <dimen name="x124">156.15dp</dimen>
    <dimen name="x125">157.41dp</dimen>
    <dimen name="x126">158.67dp</dimen>
    <dimen name="x127">159.93dp</dimen>
    <dimen name="x128">161.19dp</dimen>
    <dimen name="x129">162.44dp</dimen>
    <dimen name="x130">163.70dp</dimen>
    <dimen name="x131">164.96dp</dimen>
    <dimen name="x132">166.22dp</dimen>
    <dimen name="x133">167.48dp</dimen>
    <dimen name="x134">168.74dp</dimen>
    <dimen name="x135">170.00dp</dimen>
    <dimen name="x136">171.26dp</dimen>
    <dimen name="x137">172.52dp</dimen>
    <dimen name="x138">173.78dp</dimen>
    <dimen name="x139">175.04dp</dimen>
    <dimen name="x140">176.30dp</dimen>
    <dimen name="x141">177.56dp</dimen>
    <dimen name="x142">178.81dp</dimen>
    <dimen name="x143">180.07dp</dimen>
    <dimen name="x144">181.33dp</dimen>
    <dimen name="x145">182.59dp</dimen>
    <dimen name="x146">183.85dp</dimen>
    <dimen name="x147">185.11dp</dimen>
    <dimen name="x148">186.37dp</dimen>
    <dimen name="x149">187.63dp</dimen>
    <dimen name="x150">188.89dp</dimen>
    <dimen name="x151">190.15dp</dimen>
    <dimen name="x152">191.41dp</dimen>
    <dimen name="x153">192.67dp</dimen>
    <dimen name="x154">193.93dp</dimen>
    <dimen name="x155">195.19dp</dimen>
    <dimen name="x156">196.44dp</dimen>
    <dimen name="x157">197.70dp</dimen>
    <dimen name="x158">198.96dp</dimen>
    <dimen name="x159">200.22dp</dimen>
    <dimen name="x160">201.48dp</dimen>
    <dimen name="x161">202.74dp</dimen>
    <dimen name="x162">204.00dp</dimen>
    <dimen name="x163">205.26dp</dimen>
    <dimen name="x164">206.52dp</dimen>
    <dimen name="x165">207.78dp</dimen>
    <dimen name="x166">209.04dp</dimen>
    <dimen name="x167">210.30dp</dimen>
    <dimen name="x168">211.56dp</dimen>
    <dimen name="x169">212.81dp</dimen>
    <dimen name="x170">214.07dp</dimen>
    <dimen name="x171">215.33dp</dimen>
    <dimen name="x172">216.59dp</dimen>
    <dimen name="x173">217.85dp</dimen>
    <dimen name="x174">219.11dp</dimen>
    <dimen name="x175">220.37dp</dimen>
    <dimen name="x176">221.63dp</dimen>
    <dimen name="x177">222.89dp</dimen>
    <dimen name="x178">224.15dp</dimen>
    <dimen name="x179">225.41dp</dimen>
    <dimen name="x180">226.67dp</dimen>
    <dimen name="x181">227.93dp</dimen>
    <dimen name="x182">229.19dp</dimen>
    <dimen name="x183">230.44dp</dimen>
    <dimen name="x184">231.70dp</dimen>
    <dimen name="x185">232.96dp</dimen>
    <dimen name="x186">234.22dp</dimen>
    <dimen name="x187">235.48dp</dimen>
    <dimen name="x188">236.74dp</dimen>
    <dimen name="x189">238.00dp</dimen>
    <dimen name="x190">239.26dp</dimen>
    <dimen name="x191">240.52dp</dimen>
    <dimen name="x192">241.78dp</dimen>
    <dimen name="x193">243.04dp</dimen>
    <dimen name="x194">244.30dp</dimen>
    <dimen name="x195">245.56dp</dimen>
    <dimen name="x196">246.81dp</dimen>
    <dimen name="x197">248.07dp</dimen>
    <dimen name="x198">249.33dp</dimen>
    <dimen name="x199">250.59dp</dimen>
    <dimen name="x200">251.85dp</dimen>
    <dimen name="x201">253.11dp</dimen>
    <dimen name="x202">254.37dp</dimen>
    <dimen name="x203">255.63dp</dimen>
    <dimen name="x204">256.89dp</dimen>
    <dimen name="x205">258.15dp</dimen>
    <dimen name="x206">259.41dp</dimen>
    <dimen name="x207">260.67dp</dimen>
    <dimen name="x208">261.93dp</dimen>
    <dimen name="x209">263.19dp</dimen>
    <dimen name="x210">264.44dp</dimen>
    <dimen name="x211">265.70dp</dimen>
    <dimen name="x212">266.96dp</dimen>
    <dimen name="x213">268.22dp</dimen>
    <dimen name="x214">269.48dp</dimen>
    <dimen name="x215">270.74dp</dimen>
    <dimen name="x216">272.00dp</dimen>
    <dimen name="x217">273.26dp</dimen>
    <dimen name="x218">274.52dp</dimen>
    <dimen name="x219">275.78dp</dimen>
    <dimen name="x220">277.04dp</dimen>
    <dimen name="x221">278.30dp</dimen>
    <dimen name="x222">279.56dp</dimen>
    <dimen name="x223">280.81dp</dimen>
    <dimen name="x224">282.07dp</dimen>
    <dimen name="x225">283.33dp</dimen>
    <dimen name="x226">284.59dp</dimen>
    <dimen name="x227">285.85dp</dimen>
    <dimen name="x228">287.11dp</dimen>
    <dimen name="x229">288.37dp</dimen>
    <dimen name="x230">289.63dp</dimen>
    <dimen name="x231">290.89dp</dimen>
    <dimen name="x232">292.15dp</dimen>
    <dimen name="x233">293.41dp</dimen>
    <dimen name="x234">294.67dp</dimen>
    <dimen name="x235">295.93dp</dimen>
    <dimen name="x236">297.19dp</dimen>
    <dimen name="x237">298.44dp</dimen>
    <dimen name="x238">299.70dp</dimen>
    <dimen name="x239">300.96dp</dimen>
    <dimen name="x240">302.22dp</dimen>
    <dimen name="x241">303.48dp</dimen>
    <dimen name="x242">304.74dp</dimen>
    <dimen name="x243">306.00dp</dimen>
    <dimen name="x244">307.26dp</dimen>
    <dimen name="x245">308.52dp</dimen>
    <dimen name="x246">309.78dp</dimen>
    <dimen name="x247">311.04dp</dimen>
    <dimen name="x248">312.30dp</dimen>
    <dimen name="x249">313.56dp</dimen>
    <dimen name="x250">314.81dp</dimen>
    <dimen name="x251">316.07dp</dimen>
    <dimen name="x252">317.33dp</dimen>
    <dimen name="x253">318.59dp</dimen>
    <dimen name="x254">319.85dp</dimen>
    <dimen name="x255">321.11dp</dimen>
    <dimen name="x256">322.37dp</dimen>
    <dimen name="x257">323.63dp</dimen>
    <dimen name="x258">324.89dp</dimen>
    <dimen name="x259">326.15dp</dimen>
    <dimen name="x260">327.41dp</dimen>
    <dimen name="x261">328.67dp</dimen>
    <dimen name="x262">329.93dp</dimen>
    <dimen name="x263">331.19dp</dimen>
    <dimen name="x264">332.44dp</dimen>
    <dimen name="x265">333.70dp</dimen>
    <dimen name="x266">334.96dp</dimen>
    <dimen name="x267">336.22dp</dimen>
    <dimen name="x268">337.48dp</dimen>
    <dimen name="x269">338.74dp</dimen>
    <dimen name="x270">340.00dp</dimen>
    <dimen name="x271">341.26dp</dimen>
    <dimen name="x272">342.52dp</dimen>
    <dimen name="x273">343.78dp</dimen>
    <dimen name="x274">345.04dp</dimen>
    <dimen name="x275">346.30dp</dimen>
    <dimen name="x276">347.56dp</dimen>
    <dimen name="x277">348.81dp</dimen>
    <dimen name="x278">350.07dp</dimen>
    <dimen name="x279">351.33dp</dimen>
    <dimen name="x280">352.59dp</dimen>
    <dimen name="x281">353.85dp</dimen>
    <dimen name="x282">355.11dp</dimen>
    <dimen name="x283">356.37dp</dimen>
    <dimen name="x284">357.63dp</dimen>
    <dimen name="x285">358.89dp</dimen>
    <dimen name="x286">360.15dp</dimen>
    <dimen name="x287">361.41dp</dimen>
    <dimen name="x288">362.67dp</dimen>
    <dimen name="x289">363.93dp</dimen>
    <dimen name="x290">365.19dp</dimen>
    <dimen name="x291">366.44dp</dimen>
    <dimen name="x292">367.70dp</dimen>
    <dimen name="x293">368.96dp</dimen>
    <dimen name="x294">370.22dp</dimen>
    <dimen name="x295">371.48dp</dimen>
    <dimen name="x296">372.74dp</dimen>
    <dimen name="x297">374.00dp</dimen>
    <dimen name="x298">375.26dp</dimen>
    <dimen name="x299">376.52dp</dimen>
    <dimen name="x300">377.78dp</dimen>
    <dimen name="x301">379.04dp</dimen>
    <dimen name="x302">380.30dp</dimen>
    <dimen name="x303">381.56dp</dimen>
    <dimen name="x304">382.81dp</dimen>
    <dimen name="x305">384.07dp</dimen>
    <dimen name="x306">385.33dp</dimen>
    <dimen name="x307">386.59dp</dimen>
    <dimen name="x308">387.85dp</dimen>
    <dimen name="x309">389.11dp</dimen>
    <dimen name="x310">390.37dp</dimen>
    <dimen name="x311">391.63dp</dimen>
    <dimen name="x312">392.89dp</dimen>
    <dimen name="x313">394.15dp</dimen>
    <dimen name="x314">395.41dp</dimen>
    <dimen name="x315">396.67dp</dimen>
    <dimen name="x316">397.93dp</dimen>
    <dimen name="x317">399.19dp</dimen>
    <dimen name="x318">400.44dp</dimen>
    <dimen name="x319">401.70dp</dimen>
    <dimen name="x320">402.96dp</dimen>
    <dimen name="x321">404.22dp</dimen>
    <dimen name="x322">405.48dp</dimen>
    <dimen name="x323">406.74dp</dimen>
    <dimen name="x324">408.00dp</dimen>
    <dimen name="x325">409.26dp</dimen>
    <dimen name="x326">410.52dp</dimen>
    <dimen name="x327">411.78dp</dimen>
    <dimen name="x328">413.04dp</dimen>
    <dimen name="x329">414.30dp</dimen>
    <dimen name="x330">415.56dp</dimen>
    <dimen name="x331">416.81dp</dimen>
    <dimen name="x332">418.07dp</dimen>
    <dimen name="x333">419.33dp</dimen>
    <dimen name="x334">420.59dp</dimen>
    <dimen name="x335">421.85dp</dimen>
    <dimen name="x336">423.11dp</dimen>
    <dimen name="x337">424.37dp</dimen>
    <dimen name="x338">425.63dp</dimen>
    <dimen name="x339">426.89dp</dimen>
    <dimen name="x340">428.15dp</dimen>
    <dimen name="x341">429.41dp</dimen>
    <dimen name="x342">430.67dp</dimen>
    <dimen name="x343">431.93dp</dimen>
    <dimen name="x344">433.19dp</dimen>
    <dimen name="x345">434.44dp</dimen>
    <dimen name="x346">435.70dp</dimen>
    <dimen name="x347">436.96dp</dimen>
    <dimen name="x348">438.22dp</dimen>
    <dimen name="x349">439.48dp</dimen>
    <dimen name="x350">440.74dp</dimen>
    <dimen name="x351">442.00dp</dimen>
    <dimen name="x352">443.26dp</dimen>
    <dimen name="x353">444.52dp</dimen>
    <dimen name="x354">445.78dp</dimen>
    <dimen name="x355">447.04dp</dimen>
    <dimen name="x356">448.30dp</dimen>
    <dimen name="x357">449.56dp</dimen>
    <dimen name="x358">450.81dp</dimen>
    <dimen name="x359">452.07dp</dimen>
    <dimen name="x360">453.33dp</dimen>
    <dimen name="x361">454.59dp</dimen>
    <dimen name="x362">455.85dp</dimen>
    <dimen name="x363">457.11dp</dimen>
    <dimen name="x364">458.37dp</dimen>
    <dimen name="x365">459.63dp</dimen>
    <dimen name="x366">460.89dp</dimen>
    <dimen name="x367">462.15dp</dimen>
    <dimen name="x368">463.41dp</dimen>
    <dimen name="x369">464.67dp</dimen>
    <dimen name="x370">465.93dp</dimen>
    <dimen name="x371">467.19dp</dimen>
    <dimen name="x372">468.44dp</dimen>
    <dimen name="x373">469.70dp</dimen>
    <dimen name="x374">470.96dp</dimen>
    <dimen name="x375">472.22dp</dimen>
    <dimen name="x376">473.48dp</dimen>
    <dimen name="x377">474.74dp</dimen>
    <dimen name="x378">476.00dp</dimen>
    <dimen name="x379">477.26dp</dimen>
    <dimen name="x380">478.52dp</dimen>
    <dimen name="x381">479.78dp</dimen>
    <dimen name="x382">481.04dp</dimen>
    <dimen name="x383">482.30dp</dimen>
    <dimen name="x384">483.56dp</dimen>
    <dimen name="x385">484.81dp</dimen>
    <dimen name="x386">486.07dp</dimen>
    <dimen name="x387">487.33dp</dimen>
    <dimen name="x388">488.59dp</dimen>
    <dimen name="x389">489.85dp</dimen>
    <dimen name="x390">491.11dp</dimen>
    <dimen name="x391">492.37dp</dimen>
    <dimen name="x392">493.63dp</dimen>
    <dimen name="x393">494.89dp</dimen>
    <dimen name="x394">496.15dp</dimen>
    <dimen name="x395">497.41dp</dimen>
    <dimen name="x396">498.67dp</dimen>
    <dimen name="x397">499.93dp</dimen>
    <dimen name="x398">501.19dp</dimen>
    <dimen name="x399">502.44dp</dimen>
    <dimen name="x400">503.70dp</dimen>
    <dimen name="x401">504.96dp</dimen>
    <dimen name="x402">506.22dp</dimen>
    <dimen name="x403">507.48dp</dimen>
    <dimen name="x404">508.74dp</dimen>
    <dimen name="x405">510.00dp</dimen>
    <dimen name="x406">511.26dp</dimen>
    <dimen name="x407">512.52dp</dimen>
    <dimen name="x408">513.78dp</dimen>
    <dimen name="x409">515.04dp</dimen>
    <dimen name="x410">516.30dp</dimen>
    <dimen name="x411">517.56dp</dimen>
    <dimen name="x412">518.81dp</dimen>
    <dimen name="x413">520.07dp</dimen>
    <dimen name="x414">521.33dp</dimen>
    <dimen name="x415">522.59dp</dimen>
    <dimen name="x416">523.85dp</dimen>
    <dimen name="x417">525.11dp</dimen>
    <dimen name="x418">526.37dp</dimen>
    <dimen name="x419">527.63dp</dimen>
    <dimen name="x420">528.89dp</dimen>
    <dimen name="x421">530.15dp</dimen>
    <dimen name="x422">531.41dp</dimen>
    <dimen name="x423">532.67dp</dimen>
    <dimen name="x424">533.93dp</dimen>
    <dimen name="x425">535.19dp</dimen>
    <dimen name="x426">536.44dp</dimen>
    <dimen name="x427">537.70dp</dimen>
    <dimen name="x428">538.96dp</dimen>
    <dimen name="x429">540.22dp</dimen>
    <dimen name="x430">541.48dp</dimen>
    <dimen name="x431">542.74dp</dimen>
    <dimen name="x432">544.00dp</dimen>
    <dimen name="x433">545.26dp</dimen>
    <dimen name="x434">546.52dp</dimen>
    <dimen name="x435">547.78dp</dimen>
    <dimen name="x436">549.04dp</dimen>
    <dimen name="x437">550.30dp</dimen>
    <dimen name="x438">551.56dp</dimen>
    <dimen name="x439">552.81dp</dimen>
    <dimen name="x440">554.07dp</dimen>
    <dimen name="x441">555.33dp</dimen>
    <dimen name="x442">556.59dp</dimen>
    <dimen name="x443">557.85dp</dimen>
    <dimen name="x444">559.11dp</dimen>
    <dimen name="x445">560.37dp</dimen>
    <dimen name="x446">561.63dp</dimen>
    <dimen name="x447">562.89dp</dimen>
    <dimen name="x448">564.15dp</dimen>
    <dimen name="x449">565.41dp</dimen>
    <dimen name="x450">566.67dp</dimen>
    <dimen name="x451">567.93dp</dimen>
    <dimen name="x452">569.19dp</dimen>
    <dimen name="x453">570.44dp</dimen>
    <dimen name="x454">571.70dp</dimen>
    <dimen name="x455">572.96dp</dimen>
    <dimen name="x456">574.22dp</dimen>
    <dimen name="x457">575.48dp</dimen>
    <dimen name="x458">576.74dp</dimen>
    <dimen name="x459">578.00dp</dimen>
    <dimen name="x460">579.26dp</dimen>
    <dimen name="x461">580.52dp</dimen>
    <dimen name="x462">581.78dp</dimen>
    <dimen name="x463">583.04dp</dimen>
    <dimen name="x464">584.30dp</dimen>
    <dimen name="x465">585.56dp</dimen>
    <dimen name="x466">586.81dp</dimen>
    <dimen name="x467">588.07dp</dimen>
    <dimen name="x468">589.33dp</dimen>
    <dimen name="x469">590.59dp</dimen>
    <dimen name="x470">591.85dp</dimen>
    <dimen name="x471">593.11dp</dimen>
    <dimen name="x472">594.37dp</dimen>
    <dimen name="x473">595.63dp</dimen>
    <dimen name="x474">596.89dp</dimen>
    <dimen name="x475">598.15dp</dimen>
    <dimen name="x476">599.41dp</dimen>
    <dimen name="x477">600.67dp</dimen>
    <dimen name="x478">601.93dp</dimen>
    <dimen name="x479">603.19dp</dimen>
    <dimen name="x480">604.44dp</dimen>
    <dimen name="x481">605.70dp</dimen>
    <dimen name="x482">606.96dp</dimen>
    <dimen name="x483">608.22dp</dimen>
    <dimen name="x484">609.48dp</dimen>
    <dimen name="x485">610.74dp</dimen>
    <dimen name="x486">612.00dp</dimen>
    <dimen name="x487">613.26dp</dimen>
    <dimen name="x488">614.52dp</dimen>
    <dimen name="x489">615.78dp</dimen>
    <dimen name="x490">617.04dp</dimen>
    <dimen name="x491">618.30dp</dimen>
    <dimen name="x492">619.56dp</dimen>
    <dimen name="x493">620.81dp</dimen>
    <dimen name="x494">622.07dp</dimen>
    <dimen name="x495">623.33dp</dimen>
    <dimen name="x496">624.59dp</dimen>
    <dimen name="x497">625.85dp</dimen>
    <dimen name="x498">627.11dp</dimen>
    <dimen name="x499">628.37dp</dimen>
    <dimen name="x500">629.63dp</dimen>
    <dimen name="x501">630.89dp</dimen>
    <dimen name="x502">632.15dp</dimen>
    <dimen name="x503">633.41dp</dimen>
    <dimen name="x504">634.67dp</dimen>
    <dimen name="x505">635.93dp</dimen>
    <dimen name="x506">637.19dp</dimen>
    <dimen name="x507">638.44dp</dimen>
    <dimen name="x508">639.70dp</dimen>
    <dimen name="x509">640.96dp</dimen>
    <dimen name="x510">642.22dp</dimen>
    <dimen name="x511">643.48dp</dimen>
    <dimen name="x512">644.74dp</dimen>
    <dimen name="x513">646.00dp</dimen>
    <dimen name="x514">647.26dp</dimen>
    <dimen name="x515">648.52dp</dimen>
    <dimen name="x516">649.78dp</dimen>
    <dimen name="x517">651.04dp</dimen>
    <dimen name="x518">652.30dp</dimen>
    <dimen name="x519">653.56dp</dimen>
    <dimen name="x520">654.81dp</dimen>
    <dimen name="x521">656.07dp</dimen>
    <dimen name="x522">657.33dp</dimen>
    <dimen name="x523">658.59dp</dimen>
    <dimen name="x524">659.85dp</dimen>
    <dimen name="x525">661.11dp</dimen>
    <dimen name="x526">662.37dp</dimen>
    <dimen name="x527">663.63dp</dimen>
    <dimen name="x528">664.89dp</dimen>
    <dimen name="x529">666.15dp</dimen>
    <dimen name="x530">667.41dp</dimen>
    <dimen name="x531">668.67dp</dimen>
    <dimen name="x532">669.93dp</dimen>
    <dimen name="x533">671.19dp</dimen>
    <dimen name="x534">672.44dp</dimen>
    <dimen name="x535">673.70dp</dimen>
    <dimen name="x536">674.96dp</dimen>
    <dimen name="x537">676.22dp</dimen>
    <dimen name="x538">677.48dp</dimen>
    <dimen name="x539">678.74dp</dimen>
    <dimen name="x540">680.00dp</dimen>
    <dimen name="x541">681.26dp</dimen>
    <dimen name="x542">682.52dp</dimen>
    <dimen name="x543">683.78dp</dimen>
    <dimen name="x544">685.04dp</dimen>
    <dimen name="x545">686.30dp</dimen>
    <dimen name="x546">687.56dp</dimen>
    <dimen name="x547">688.81dp</dimen>
    <dimen name="x548">690.07dp</dimen>
    <dimen name="x549">691.33dp</dimen>
    <dimen name="x550">692.59dp</dimen>
    <dimen name="x551">693.85dp</dimen>
    <dimen name="x552">695.11dp</dimen>
    <dimen name="x553">696.37dp</dimen>
    <dimen name="x554">697.63dp</dimen>
    <dimen name="x555">698.89dp</dimen>
    <dimen name="x556">700.15dp</dimen>
    <dimen name="x557">701.41dp</dimen>
    <dimen name="x558">702.67dp</dimen>
    <dimen name="x559">703.93dp</dimen>
    <dimen name="x560">705.19dp</dimen>
    <dimen name="x561">706.44dp</dimen>
    <dimen name="x562">707.70dp</dimen>
    <dimen name="x563">708.96dp</dimen>
    <dimen name="x564">710.22dp</dimen>
    <dimen name="x565">711.48dp</dimen>
    <dimen name="x566">712.74dp</dimen>
    <dimen name="x567">714.00dp</dimen>
    <dimen name="x568">715.26dp</dimen>
    <dimen name="x569">716.52dp</dimen>
    <dimen name="x570">717.78dp</dimen>
    <dimen name="x571">719.04dp</dimen>
    <dimen name="x572">720.30dp</dimen>
    <dimen name="x573">721.56dp</dimen>
    <dimen name="x574">722.81dp</dimen>
    <dimen name="x575">724.07dp</dimen>
    <dimen name="x576">725.33dp</dimen>
    <dimen name="x577">726.59dp</dimen>
    <dimen name="x578">727.85dp</dimen>
    <dimen name="x579">729.11dp</dimen>
    <dimen name="x580">730.37dp</dimen>
    <dimen name="x581">731.63dp</dimen>
    <dimen name="x582">732.89dp</dimen>
    <dimen name="x583">734.15dp</dimen>
    <dimen name="x584">735.41dp</dimen>
    <dimen name="x585">736.67dp</dimen>
    <dimen name="x586">737.93dp</dimen>
    <dimen name="x587">739.19dp</dimen>
    <dimen name="x588">740.44dp</dimen>
    <dimen name="x589">741.70dp</dimen>
    <dimen name="x590">742.96dp</dimen>
    <dimen name="x591">744.22dp</dimen>
    <dimen name="x592">745.48dp</dimen>
    <dimen name="x593">746.74dp</dimen>
    <dimen name="x594">748.00dp</dimen>
    <dimen name="x595">749.26dp</dimen>
    <dimen name="x596">750.52dp</dimen>
    <dimen name="x597">751.78dp</dimen>
    <dimen name="x598">753.04dp</dimen>
    <dimen name="x599">754.30dp</dimen>
    <dimen name="x600">755.56dp</dimen>
    <dimen name="x601">756.81dp</dimen>
    <dimen name="x602">758.07dp</dimen>
    <dimen name="x603">759.33dp</dimen>
    <dimen name="x604">760.59dp</dimen>
    <dimen name="x605">761.85dp</dimen>
    <dimen name="x606">763.11dp</dimen>
    <dimen name="x607">764.37dp</dimen>
    <dimen name="x608">765.63dp</dimen>
    <dimen name="x609">766.89dp</dimen>
    <dimen name="x610">768.15dp</dimen>
    <dimen name="x611">769.41dp</dimen>
    <dimen name="x612">770.67dp</dimen>
    <dimen name="x613">771.93dp</dimen>
    <dimen name="x614">773.19dp</dimen>
    <dimen name="x615">774.44dp</dimen>
    <dimen name="x616">775.70dp</dimen>
    <dimen name="x617">776.96dp</dimen>
    <dimen name="x618">778.22dp</dimen>
    <dimen name="x619">779.48dp</dimen>
    <dimen name="x620">780.74dp</dimen>
    <dimen name="x621">782.00dp</dimen>
    <dimen name="x622">783.26dp</dimen>
    <dimen name="x623">784.52dp</dimen>
    <dimen name="x624">785.78dp</dimen>
    <dimen name="x625">787.04dp</dimen>
    <dimen name="x626">788.30dp</dimen>
    <dimen name="x627">789.56dp</dimen>
    <dimen name="x628">790.81dp</dimen>
    <dimen name="x629">792.07dp</dimen>
    <dimen name="x630">793.33dp</dimen>
    <dimen name="x631">794.59dp</dimen>
    <dimen name="x632">795.85dp</dimen>
    <dimen name="x633">797.11dp</dimen>
    <dimen name="x634">798.37dp</dimen>
    <dimen name="x635">799.63dp</dimen>
    <dimen name="x636">800.89dp</dimen>
    <dimen name="x637">802.15dp</dimen>
    <dimen name="x638">803.41dp</dimen>
    <dimen name="x639">804.67dp</dimen>
    <dimen name="x640">805.93dp</dimen>
    <dimen name="x641">807.19dp</dimen>
    <dimen name="x642">808.44dp</dimen>
    <dimen name="x643">809.70dp</dimen>
    <dimen name="x644">810.96dp</dimen>
    <dimen name="x645">812.22dp</dimen>
    <dimen name="x646">813.48dp</dimen>
    <dimen name="x647">814.74dp</dimen>
    <dimen name="x648">816.00dp</dimen>
    <dimen name="x649">817.26dp</dimen>
    <dimen name="x650">818.52dp</dimen>
    <dimen name="x651">819.78dp</dimen>
    <dimen name="x652">821.04dp</dimen>
    <dimen name="x653">822.30dp</dimen>
    <dimen name="x654">823.56dp</dimen>
    <dimen name="x655">824.81dp</dimen>
    <dimen name="x656">826.07dp</dimen>
    <dimen name="x657">827.33dp</dimen>
    <dimen name="x658">828.59dp</dimen>
    <dimen name="x659">829.85dp</dimen>
    <dimen name="x660">831.11dp</dimen>
    <dimen name="x661">832.37dp</dimen>
    <dimen name="x662">833.63dp</dimen>
    <dimen name="x663">834.89dp</dimen>
    <dimen name="x664">836.15dp</dimen>
    <dimen name="x665">837.41dp</dimen>
    <dimen name="x666">838.67dp</dimen>
    <dimen name="x667">839.93dp</dimen>
    <dimen name="x668">841.19dp</dimen>
    <dimen name="x669">842.44dp</dimen>
    <dimen name="x670">843.70dp</dimen>
    <dimen name="x671">844.96dp</dimen>
    <dimen name="x672">846.22dp</dimen>
    <dimen name="x673">847.48dp</dimen>
    <dimen name="x674">848.74dp</dimen>
    <dimen name="x675">850.00dp</dimen>
    <dimen name="x676">851.26dp</dimen>
    <dimen name="x677">852.52dp</dimen>
    <dimen name="x678">853.78dp</dimen>
    <dimen name="x679">855.04dp</dimen>
    <dimen name="x680">856.30dp</dimen>
    <dimen name="x681">857.56dp</dimen>
    <dimen name="x682">858.81dp</dimen>
    <dimen name="x683">860.07dp</dimen>
    <dimen name="x684">861.33dp</dimen>
    <dimen name="x685">862.59dp</dimen>
    <dimen name="x686">863.85dp</dimen>
    <dimen name="x687">865.11dp</dimen>
    <dimen name="x688">866.37dp</dimen>
    <dimen name="x689">867.63dp</dimen>
    <dimen name="x690">868.89dp</dimen>
    <dimen name="x691">870.15dp</dimen>
    <dimen name="x692">871.41dp</dimen>
    <dimen name="x693">872.67dp</dimen>
    <dimen name="x694">873.93dp</dimen>
    <dimen name="x695">875.19dp</dimen>
    <dimen name="x696">876.44dp</dimen>
    <dimen name="x697">877.70dp</dimen>
    <dimen name="x698">878.96dp</dimen>
    <dimen name="x699">880.22dp</dimen>
    <dimen name="x700">881.48dp</dimen>
    <dimen name="x701">882.74dp</dimen>
    <dimen name="x702">884.00dp</dimen>
    <dimen name="x703">885.26dp</dimen>
    <dimen name="x704">886.52dp</dimen>
    <dimen name="x705">887.78dp</dimen>
    <dimen name="x706">889.04dp</dimen>
    <dimen name="x707">890.30dp</dimen>
    <dimen name="x708">891.56dp</dimen>
    <dimen name="x709">892.81dp</dimen>
    <dimen name="x710">894.07dp</dimen>
    <dimen name="x711">895.33dp</dimen>
    <dimen name="x712">896.59dp</dimen>
    <dimen name="x713">897.85dp</dimen>
    <dimen name="x714">899.11dp</dimen>
    <dimen name="x715">900.37dp</dimen>
    <dimen name="x716">901.63dp</dimen>
    <dimen name="x717">902.89dp</dimen>
    <dimen name="x718">904.15dp</dimen>
    <dimen name="x719">905.41dp</dimen>
    <dimen name="x720">906.67dp</dimen>
    <dimen name="x721">907.93dp</dimen>
    <dimen name="x722">909.19dp</dimen>
    <dimen name="x723">910.44dp</dimen>
    <dimen name="x724">911.70dp</dimen>
    <dimen name="x725">912.96dp</dimen>
    <dimen name="x726">914.22dp</dimen>
    <dimen name="x727">915.48dp</dimen>
    <dimen name="x728">916.74dp</dimen>
    <dimen name="x729">918.00dp</dimen>
    <dimen name="x730">919.26dp</dimen>
    <dimen name="x731">920.52dp</dimen>
    <dimen name="x732">921.78dp</dimen>
    <dimen name="x733">923.04dp</dimen>
    <dimen name="x734">924.30dp</dimen>
    <dimen name="x735">925.56dp</dimen>
    <dimen name="x736">926.81dp</dimen>
    <dimen name="x737">928.07dp</dimen>
    <dimen name="x738">929.33dp</dimen>
    <dimen name="x739">930.59dp</dimen>
    <dimen name="x740">931.85dp</dimen>
    <dimen name="x741">933.11dp</dimen>
    <dimen name="x742">934.37dp</dimen>
    <dimen name="x743">935.63dp</dimen>
    <dimen name="x744">936.89dp</dimen>
    <dimen name="x745">938.15dp</dimen>
    <dimen name="x746">939.41dp</dimen>
    <dimen name="x747">940.67dp</dimen>
    <dimen name="x748">941.93dp</dimen>
    <dimen name="x749">943.19dp</dimen>
    <dimen name="x750">944.44dp</dimen>
    <dimen name="x751">945.70dp</dimen>
    <dimen name="x752">946.96dp</dimen>
    <dimen name="x753">948.22dp</dimen>
    <dimen name="x754">949.48dp</dimen>
    <dimen name="x755">950.74dp</dimen>
    <dimen name="x756">952.00dp</dimen>
    <dimen name="x757">953.26dp</dimen>
    <dimen name="x758">954.52dp</dimen>
    <dimen name="x759">955.78dp</dimen>
    <dimen name="x760">957.04dp</dimen>
    <dimen name="x761">958.30dp</dimen>
    <dimen name="x762">959.56dp</dimen>
    <dimen name="x763">960.81dp</dimen>
    <dimen name="x764">962.07dp</dimen>
    <dimen name="x765">963.33dp</dimen>
    <dimen name="x766">964.59dp</dimen>
    <dimen name="x767">965.85dp</dimen>
    <dimen name="x768">967.11dp</dimen>
    <dimen name="x769">968.37dp</dimen>
    <dimen name="x770">969.63dp</dimen>
    <dimen name="x771">970.89dp</dimen>
    <dimen name="x772">972.15dp</dimen>
    <dimen name="x773">973.41dp</dimen>
    <dimen name="x774">974.67dp</dimen>
    <dimen name="x775">975.93dp</dimen>
    <dimen name="x776">977.19dp</dimen>
    <dimen name="x777">978.44dp</dimen>
    <dimen name="x778">979.70dp</dimen>
    <dimen name="x779">980.96dp</dimen>
    <dimen name="x780">982.22dp</dimen>
    <dimen name="x781">983.48dp</dimen>
    <dimen name="x782">984.74dp</dimen>
    <dimen name="x783">986.00dp</dimen>
    <dimen name="x784">987.26dp</dimen>
    <dimen name="x785">988.52dp</dimen>
    <dimen name="x786">989.78dp</dimen>
    <dimen name="x787">991.04dp</dimen>
    <dimen name="x788">992.30dp</dimen>
    <dimen name="x789">993.56dp</dimen>
    <dimen name="x790">994.81dp</dimen>
    <dimen name="x791">996.07dp</dimen>
    <dimen name="x792">997.33dp</dimen>
    <dimen name="x793">998.59dp</dimen>
    <dimen name="x794">999.85dp</dimen>
    <dimen name="x795">1001.11dp</dimen>
    <dimen name="x796">1002.37dp</dimen>
    <dimen name="x797">1003.63dp</dimen>
    <dimen name="x798">1004.89dp</dimen>
    <dimen name="x799">1006.15dp</dimen>
    <dimen name="x800">1007.41dp</dimen>
    <dimen name="x801">1008.67dp</dimen>
    <dimen name="x802">1009.93dp</dimen>
    <dimen name="x803">1011.19dp</dimen>
    <dimen name="x804">1012.44dp</dimen>
    <dimen name="x805">1013.70dp</dimen>
    <dimen name="x806">1014.96dp</dimen>
    <dimen name="x807">1016.22dp</dimen>
    <dimen name="x808">1017.48dp</dimen>
    <dimen name="x809">1018.74dp</dimen>
    <dimen name="x810">1020.00dp</dimen>
    <dimen name="x811">1021.26dp</dimen>
    <dimen name="x812">1022.52dp</dimen>
    <dimen name="x813">1023.78dp</dimen>
    <dimen name="x814">1025.04dp</dimen>
    <dimen name="x815">1026.30dp</dimen>
    <dimen name="x816">1027.56dp</dimen>
    <dimen name="x817">1028.81dp</dimen>
    <dimen name="x818">1030.07dp</dimen>
    <dimen name="x819">1031.33dp</dimen>
    <dimen name="x820">1032.59dp</dimen>
    <dimen name="x821">1033.85dp</dimen>
    <dimen name="x822">1035.11dp</dimen>
    <dimen name="x823">1036.37dp</dimen>
    <dimen name="x824">1037.63dp</dimen>
    <dimen name="x825">1038.89dp</dimen>
    <dimen name="x826">1040.15dp</dimen>
    <dimen name="x827">1041.41dp</dimen>
    <dimen name="x828">1042.67dp</dimen>
    <dimen name="x829">1043.93dp</dimen>
    <dimen name="x830">1045.19dp</dimen>
    <dimen name="x831">1046.44dp</dimen>
    <dimen name="x832">1047.70dp</dimen>
    <dimen name="x833">1048.96dp</dimen>
    <dimen name="x834">1050.22dp</dimen>
    <dimen name="x835">1051.48dp</dimen>
    <dimen name="x836">1052.74dp</dimen>
    <dimen name="x837">1054.00dp</dimen>
    <dimen name="x838">1055.26dp</dimen>
    <dimen name="x839">1056.52dp</dimen>
    <dimen name="x840">1057.78dp</dimen>
    <dimen name="x841">1059.04dp</dimen>
    <dimen name="x842">1060.30dp</dimen>
    <dimen name="x843">1061.56dp</dimen>
    <dimen name="x844">1062.81dp</dimen>
    <dimen name="x845">1064.07dp</dimen>
    <dimen name="x846">1065.33dp</dimen>
    <dimen name="x847">1066.59dp</dimen>
    <dimen name="x848">1067.85dp</dimen>
    <dimen name="x849">1069.11dp</dimen>
    <dimen name="x850">1070.37dp</dimen>
    <dimen name="x851">1071.63dp</dimen>
    <dimen name="x852">1072.89dp</dimen>
    <dimen name="x853">1074.15dp</dimen>
    <dimen name="x854">1075.41dp</dimen>
    <dimen name="x855">1076.67dp</dimen>
    <dimen name="x856">1077.93dp</dimen>
    <dimen name="x857">1079.19dp</dimen>
    <dimen name="x858">1080.44dp</dimen>
    <dimen name="x859">1081.70dp</dimen>
    <dimen name="x860">1082.96dp</dimen>
    <dimen name="x861">1084.22dp</dimen>
    <dimen name="x862">1085.48dp</dimen>
    <dimen name="x863">1086.74dp</dimen>
    <dimen name="x864">1088.00dp</dimen>
    <dimen name="x865">1089.26dp</dimen>
    <dimen name="x866">1090.52dp</dimen>
    <dimen name="x867">1091.78dp</dimen>
    <dimen name="x868">1093.04dp</dimen>
    <dimen name="x869">1094.30dp</dimen>
    <dimen name="x870">1095.56dp</dimen>
    <dimen name="x871">1096.81dp</dimen>
    <dimen name="x872">1098.07dp</dimen>
    <dimen name="x873">1099.33dp</dimen>
    <dimen name="x874">1100.59dp</dimen>
    <dimen name="x875">1101.85dp</dimen>
    <dimen name="x876">1103.11dp</dimen>
    <dimen name="x877">1104.37dp</dimen>
    <dimen name="x878">1105.63dp</dimen>
    <dimen name="x879">1106.89dp</dimen>
    <dimen name="x880">1108.15dp</dimen>
    <dimen name="x881">1109.41dp</dimen>
    <dimen name="x882">1110.67dp</dimen>
    <dimen name="x883">1111.93dp</dimen>
    <dimen name="x884">1113.19dp</dimen>
    <dimen name="x885">1114.44dp</dimen>
    <dimen name="x886">1115.70dp</dimen>
    <dimen name="x887">1116.96dp</dimen>
    <dimen name="x888">1118.22dp</dimen>
    <dimen name="x889">1119.48dp</dimen>
    <dimen name="x890">1120.74dp</dimen>
    <dimen name="x891">1122.00dp</dimen>
    <dimen name="x892">1123.26dp</dimen>
    <dimen name="x893">1124.52dp</dimen>
    <dimen name="x894">1125.78dp</dimen>
    <dimen name="x895">1127.04dp</dimen>
    <dimen name="x896">1128.30dp</dimen>
    <dimen name="x897">1129.56dp</dimen>
    <dimen name="x898">1130.81dp</dimen>
    <dimen name="x899">1132.07dp</dimen>
    <dimen name="x900">1133.33dp</dimen>
    <dimen name="x901">1134.59dp</dimen>
    <dimen name="x902">1135.85dp</dimen>
    <dimen name="x903">1137.11dp</dimen>
    <dimen name="x904">1138.37dp</dimen>
    <dimen name="x905">1139.63dp</dimen>
    <dimen name="x906">1140.89dp</dimen>
    <dimen name="x907">1142.15dp</dimen>
    <dimen name="x908">1143.41dp</dimen>
    <dimen name="x909">1144.67dp</dimen>
    <dimen name="x910">1145.93dp</dimen>
    <dimen name="x911">1147.19dp</dimen>
    <dimen name="x912">1148.44dp</dimen>
    <dimen name="x913">1149.70dp</dimen>
    <dimen name="x914">1150.96dp</dimen>
    <dimen name="x915">1152.22dp</dimen>
    <dimen name="x916">1153.48dp</dimen>
    <dimen name="x917">1154.74dp</dimen>
    <dimen name="x918">1156.00dp</dimen>
    <dimen name="x919">1157.26dp</dimen>
    <dimen name="x920">1158.52dp</dimen>
    <dimen name="x921">1159.78dp</dimen>
    <dimen name="x922">1161.04dp</dimen>
    <dimen name="x923">1162.30dp</dimen>
    <dimen name="x924">1163.56dp</dimen>
    <dimen name="x925">1164.81dp</dimen>
    <dimen name="x926">1166.07dp</dimen>
    <dimen name="x927">1167.33dp</dimen>
    <dimen name="x928">1168.59dp</dimen>
    <dimen name="x929">1169.85dp</dimen>
    <dimen name="x930">1171.11dp</dimen>
    <dimen name="x931">1172.37dp</dimen>
    <dimen name="x932">1173.63dp</dimen>
    <dimen name="x933">1174.89dp</dimen>
    <dimen name="x934">1176.15dp</dimen>
    <dimen name="x935">1177.41dp</dimen>
    <dimen name="x936">1178.67dp</dimen>
    <dimen name="x937">1179.93dp</dimen>
    <dimen name="x938">1181.19dp</dimen>
    <dimen name="x939">1182.44dp</dimen>
    <dimen name="x940">1183.70dp</dimen>
    <dimen name="x941">1184.96dp</dimen>
    <dimen name="x942">1186.22dp</dimen>
    <dimen name="x943">1187.48dp</dimen>
    <dimen name="x944">1188.74dp</dimen>
    <dimen name="x945">1190.00dp</dimen>
    <dimen name="x946">1191.26dp</dimen>
    <dimen name="x947">1192.52dp</dimen>
    <dimen name="x948">1193.78dp</dimen>
    <dimen name="x949">1195.04dp</dimen>
    <dimen name="x950">1196.30dp</dimen>
    <dimen name="x951">1197.56dp</dimen>
    <dimen name="x952">1198.81dp</dimen>
    <dimen name="x953">1200.07dp</dimen>
    <dimen name="x954">1201.33dp</dimen>
    <dimen name="x955">1202.59dp</dimen>
    <dimen name="x956">1203.85dp</dimen>
    <dimen name="x957">1205.11dp</dimen>
    <dimen name="x958">1206.37dp</dimen>
    <dimen name="x959">1207.63dp</dimen>
    <dimen name="x960">1208.89dp</dimen>
    <dimen name="x961">1210.15dp</dimen>
    <dimen name="x962">1211.41dp</dimen>
    <dimen name="x963">1212.67dp</dimen>
    <dimen name="x964">1213.93dp</dimen>
    <dimen name="x965">1215.19dp</dimen>
    <dimen name="x966">1216.44dp</dimen>
    <dimen name="x967">1217.70dp</dimen>
    <dimen name="x968">1218.96dp</dimen>
    <dimen name="x969">1220.22dp</dimen>
    <dimen name="x970">1221.48dp</dimen>
    <dimen name="x971">1222.74dp</dimen>
    <dimen name="x972">1224.00dp</dimen>
    <dimen name="x973">1225.26dp</dimen>
    <dimen name="x974">1226.52dp</dimen>
    <dimen name="x975">1227.78dp</dimen>
    <dimen name="x976">1229.04dp</dimen>
    <dimen name="x977">1230.30dp</dimen>
    <dimen name="x978">1231.56dp</dimen>
    <dimen name="x979">1232.81dp</dimen>
    <dimen name="x980">1234.07dp</dimen>
    <dimen name="x981">1235.33dp</dimen>
    <dimen name="x982">1236.59dp</dimen>
    <dimen name="x983">1237.85dp</dimen>
    <dimen name="x984">1239.11dp</dimen>
    <dimen name="x985">1240.37dp</dimen>
    <dimen name="x986">1241.63dp</dimen>
    <dimen name="x987">1242.89dp</dimen>
    <dimen name="x988">1244.15dp</dimen>
    <dimen name="x989">1245.41dp</dimen>
    <dimen name="x990">1246.67dp</dimen>
    <dimen name="x991">1247.93dp</dimen>
    <dimen name="x992">1249.19dp</dimen>
    <dimen name="x993">1250.44dp</dimen>
    <dimen name="x994">1251.70dp</dimen>
    <dimen name="x995">1252.96dp</dimen>
    <dimen name="x996">1254.22dp</dimen>
    <dimen name="x997">1255.48dp</dimen>
    <dimen name="x998">1256.74dp</dimen>
    <dimen name="x999">1258.00dp</dimen>
    <dimen name="x1000">1259.26dp</dimen>
    <dimen name="x1001">1260.52dp</dimen>
    <dimen name="x1002">1261.78dp</dimen>
    <dimen name="x1003">1263.04dp</dimen>
    <dimen name="x1004">1264.30dp</dimen>
    <dimen name="x1005">1265.56dp</dimen>
    <dimen name="x1006">1266.81dp</dimen>
    <dimen name="x1007">1268.07dp</dimen>
    <dimen name="x1008">1269.33dp</dimen>
    <dimen name="x1009">1270.59dp</dimen>
    <dimen name="x1010">1271.85dp</dimen>
    <dimen name="x1011">1273.11dp</dimen>
    <dimen name="x1012">1274.37dp</dimen>
    <dimen name="x1013">1275.63dp</dimen>
    <dimen name="x1014">1276.89dp</dimen>
    <dimen name="x1015">1278.15dp</dimen>
    <dimen name="x1016">1279.41dp</dimen>
    <dimen name="x1017">1280.67dp</dimen>
    <dimen name="x1018">1281.93dp</dimen>
    <dimen name="x1019">1283.19dp</dimen>
    <dimen name="x1020">1284.44dp</dimen>
    <dimen name="x1021">1285.70dp</dimen>
    <dimen name="x1022">1286.96dp</dimen>
    <dimen name="x1023">1288.22dp</dimen>
    <dimen name="x1024">1289.48dp</dimen>
    <dimen name="x1025">1290.74dp</dimen>
    <dimen name="x1026">1292.00dp</dimen>
    <dimen name="x1027">1293.26dp</dimen>
    <dimen name="x1028">1294.52dp</dimen>
    <dimen name="x1029">1295.78dp</dimen>
    <dimen name="x1030">1297.04dp</dimen>
    <dimen name="x1031">1298.30dp</dimen>
    <dimen name="x1032">1299.56dp</dimen>
    <dimen name="x1033">1300.81dp</dimen>
    <dimen name="x1034">1302.07dp</dimen>
    <dimen name="x1035">1303.33dp</dimen>
    <dimen name="x1036">1304.59dp</dimen>
    <dimen name="x1037">1305.85dp</dimen>
    <dimen name="x1038">1307.11dp</dimen>
    <dimen name="x1039">1308.37dp</dimen>
    <dimen name="x1040">1309.63dp</dimen>
    <dimen name="x1041">1310.89dp</dimen>
    <dimen name="x1042">1312.15dp</dimen>
    <dimen name="x1043">1313.41dp</dimen>
    <dimen name="x1044">1314.67dp</dimen>
    <dimen name="x1045">1315.93dp</dimen>
    <dimen name="x1046">1317.19dp</dimen>
    <dimen name="x1047">1318.44dp</dimen>
    <dimen name="x1048">1319.70dp</dimen>
    <dimen name="x1049">1320.96dp</dimen>
    <dimen name="x1050">1322.22dp</dimen>
    <dimen name="x1051">1323.48dp</dimen>
    <dimen name="x1052">1324.74dp</dimen>
    <dimen name="x1053">1326.00dp</dimen>
    <dimen name="x1054">1327.26dp</dimen>
    <dimen name="x1055">1328.52dp</dimen>
    <dimen name="x1056">1329.78dp</dimen>
    <dimen name="x1057">1331.04dp</dimen>
    <dimen name="x1058">1332.30dp</dimen>
    <dimen name="x1059">1333.56dp</dimen>
    <dimen name="x1060">1334.81dp</dimen>
    <dimen name="x1061">1336.07dp</dimen>
    <dimen name="x1062">1337.33dp</dimen>
    <dimen name="x1063">1338.59dp</dimen>
    <dimen name="x1064">1339.85dp</dimen>
    <dimen name="x1065">1341.11dp</dimen>
    <dimen name="x1066">1342.37dp</dimen>
    <dimen name="x1067">1343.63dp</dimen>
    <dimen name="x1068">1344.89dp</dimen>
    <dimen name="x1069">1346.15dp</dimen>
    <dimen name="x1070">1347.41dp</dimen>
    <dimen name="x1071">1348.67dp</dimen>
    <dimen name="x1072">1349.93dp</dimen>
    <dimen name="x1073">1351.19dp</dimen>
    <dimen name="x1074">1352.44dp</dimen>
    <dimen name="x1075">1353.70dp</dimen>
    <dimen name="x1076">1354.96dp</dimen>
    <dimen name="x1077">1356.22dp</dimen>
    <dimen name="x1078">1357.48dp</dimen>
    <dimen name="x1079">1358.74dp</dimen>
    <dimen name="x1080">1360.00dp</dimen>
</resources>