<?xml version="1.0" encoding="utf-8"?>
<resources>
    <string name="sw_dp">1480dp</string>
    <dimen name="x1">1.37dp</dimen>
    <dimen name="x2">2.74dp</dimen>
    <dimen name="x3">4.11dp</dimen>
    <dimen name="x4">5.48dp</dimen>
    <dimen name="x5">6.85dp</dimen>
    <dimen name="x6">8.22dp</dimen>
    <dimen name="x7">9.59dp</dimen>
    <dimen name="x8">10.96dp</dimen>
    <dimen name="x9">12.33dp</dimen>
    <dimen name="x10">13.70dp</dimen>
    <dimen name="x11">15.07dp</dimen>
    <dimen name="x12">16.44dp</dimen>
    <dimen name="x13">17.81dp</dimen>
    <dimen name="x14">19.19dp</dimen>
    <dimen name="x15">20.56dp</dimen>
    <dimen name="x16">21.93dp</dimen>
    <dimen name="x17">23.30dp</dimen>
    <dimen name="x18">24.67dp</dimen>
    <dimen name="x19">26.04dp</dimen>
    <dimen name="x20">27.41dp</dimen>
    <dimen name="x21">28.78dp</dimen>
    <dimen name="x22">30.15dp</dimen>
    <dimen name="x23">31.52dp</dimen>
    <dimen name="x24">32.89dp</dimen>
    <dimen name="x25">34.26dp</dimen>
    <dimen name="x26">35.63dp</dimen>
    <dimen name="x27">37.00dp</dimen>
    <dimen name="x28">38.37dp</dimen>
    <dimen name="x29">39.74dp</dimen>
    <dimen name="x30">41.11dp</dimen>
    <dimen name="x31">42.48dp</dimen>
    <dimen name="x32">43.85dp</dimen>
    <dimen name="x33">45.22dp</dimen>
    <dimen name="x34">46.59dp</dimen>
    <dimen name="x35">47.96dp</dimen>
    <dimen name="x36">49.33dp</dimen>
    <dimen name="x37">50.70dp</dimen>
    <dimen name="x38">52.07dp</dimen>
    <dimen name="x39">53.44dp</dimen>
    <dimen name="x40">54.81dp</dimen>
    <dimen name="x41">56.19dp</dimen>
    <dimen name="x42">57.56dp</dimen>
    <dimen name="x43">58.93dp</dimen>
    <dimen name="x44">60.30dp</dimen>
    <dimen name="x45">61.67dp</dimen>
    <dimen name="x46">63.04dp</dimen>
    <dimen name="x47">64.41dp</dimen>
    <dimen name="x48">65.78dp</dimen>
    <dimen name="x49">67.15dp</dimen>
    <dimen name="x50">68.52dp</dimen>
    <dimen name="x51">69.89dp</dimen>
    <dimen name="x52">71.26dp</dimen>
    <dimen name="x53">72.63dp</dimen>
    <dimen name="x54">74.00dp</dimen>
    <dimen name="x55">75.37dp</dimen>
    <dimen name="x56">76.74dp</dimen>
    <dimen name="x57">78.11dp</dimen>
    <dimen name="x58">79.48dp</dimen>
    <dimen name="x59">80.85dp</dimen>
    <dimen name="x60">82.22dp</dimen>
    <dimen name="x61">83.59dp</dimen>
    <dimen name="x62">84.96dp</dimen>
    <dimen name="x63">86.33dp</dimen>
    <dimen name="x64">87.70dp</dimen>
    <dimen name="x65">89.07dp</dimen>
    <dimen name="x66">90.44dp</dimen>
    <dimen name="x67">91.81dp</dimen>
    <dimen name="x68">93.19dp</dimen>
    <dimen name="x69">94.56dp</dimen>
    <dimen name="x70">95.93dp</dimen>
    <dimen name="x71">97.30dp</dimen>
    <dimen name="x72">98.67dp</dimen>
    <dimen name="x73">100.04dp</dimen>
    <dimen name="x74">101.41dp</dimen>
    <dimen name="x75">102.78dp</dimen>
    <dimen name="x76">104.15dp</dimen>
    <dimen name="x77">105.52dp</dimen>
    <dimen name="x78">106.89dp</dimen>
    <dimen name="x79">108.26dp</dimen>
    <dimen name="x80">109.63dp</dimen>
    <dimen name="x81">111.00dp</dimen>
    <dimen name="x82">112.37dp</dimen>
    <dimen name="x83">113.74dp</dimen>
    <dimen name="x84">115.11dp</dimen>
    <dimen name="x85">116.48dp</dimen>
    <dimen name="x86">117.85dp</dimen>
    <dimen name="x87">119.22dp</dimen>
    <dimen name="x88">120.59dp</dimen>
    <dimen name="x89">121.96dp</dimen>
    <dimen name="x90">123.33dp</dimen>
    <dimen name="x91">124.70dp</dimen>
    <dimen name="x92">126.07dp</dimen>
    <dimen name="x93">127.44dp</dimen>
    <dimen name="x94">128.81dp</dimen>
    <dimen name="x95">130.19dp</dimen>
    <dimen name="x96">131.56dp</dimen>
    <dimen name="x97">132.93dp</dimen>
    <dimen name="x98">134.30dp</dimen>
    <dimen name="x99">135.67dp</dimen>
    <dimen name="x100">137.04dp</dimen>
    <dimen name="x101">138.41dp</dimen>
    <dimen name="x102">139.78dp</dimen>
    <dimen name="x103">141.15dp</dimen>
    <dimen name="x104">142.52dp</dimen>
    <dimen name="x105">143.89dp</dimen>
    <dimen name="x106">145.26dp</dimen>
    <dimen name="x107">146.63dp</dimen>
    <dimen name="x108">148.00dp</dimen>
    <dimen name="x109">149.37dp</dimen>
    <dimen name="x110">150.74dp</dimen>
    <dimen name="x111">152.11dp</dimen>
    <dimen name="x112">153.48dp</dimen>
    <dimen name="x113">154.85dp</dimen>
    <dimen name="x114">156.22dp</dimen>
    <dimen name="x115">157.59dp</dimen>
    <dimen name="x116">158.96dp</dimen>
    <dimen name="x117">160.33dp</dimen>
    <dimen name="x118">161.70dp</dimen>
    <dimen name="x119">163.07dp</dimen>
    <dimen name="x120">164.44dp</dimen>
    <dimen name="x121">165.81dp</dimen>
    <dimen name="x122">167.19dp</dimen>
    <dimen name="x123">168.56dp</dimen>
    <dimen name="x124">169.93dp</dimen>
    <dimen name="x125">171.30dp</dimen>
    <dimen name="x126">172.67dp</dimen>
    <dimen name="x127">174.04dp</dimen>
    <dimen name="x128">175.41dp</dimen>
    <dimen name="x129">176.78dp</dimen>
    <dimen name="x130">178.15dp</dimen>
    <dimen name="x131">179.52dp</dimen>
    <dimen name="x132">180.89dp</dimen>
    <dimen name="x133">182.26dp</dimen>
    <dimen name="x134">183.63dp</dimen>
    <dimen name="x135">185.00dp</dimen>
    <dimen name="x136">186.37dp</dimen>
    <dimen name="x137">187.74dp</dimen>
    <dimen name="x138">189.11dp</dimen>
    <dimen name="x139">190.48dp</dimen>
    <dimen name="x140">191.85dp</dimen>
    <dimen name="x141">193.22dp</dimen>
    <dimen name="x142">194.59dp</dimen>
    <dimen name="x143">195.96dp</dimen>
    <dimen name="x144">197.33dp</dimen>
    <dimen name="x145">198.70dp</dimen>
    <dimen name="x146">200.07dp</dimen>
    <dimen name="x147">201.44dp</dimen>
    <dimen name="x148">202.81dp</dimen>
    <dimen name="x149">204.19dp</dimen>
    <dimen name="x150">205.56dp</dimen>
    <dimen name="x151">206.93dp</dimen>
    <dimen name="x152">208.30dp</dimen>
    <dimen name="x153">209.67dp</dimen>
    <dimen name="x154">211.04dp</dimen>
    <dimen name="x155">212.41dp</dimen>
    <dimen name="x156">213.78dp</dimen>
    <dimen name="x157">215.15dp</dimen>
    <dimen name="x158">216.52dp</dimen>
    <dimen name="x159">217.89dp</dimen>
    <dimen name="x160">219.26dp</dimen>
    <dimen name="x161">220.63dp</dimen>
    <dimen name="x162">222.00dp</dimen>
    <dimen name="x163">223.37dp</dimen>
    <dimen name="x164">224.74dp</dimen>
    <dimen name="x165">226.11dp</dimen>
    <dimen name="x166">227.48dp</dimen>
    <dimen name="x167">228.85dp</dimen>
    <dimen name="x168">230.22dp</dimen>
    <dimen name="x169">231.59dp</dimen>
    <dimen name="x170">232.96dp</dimen>
    <dimen name="x171">234.33dp</dimen>
    <dimen name="x172">235.70dp</dimen>
    <dimen name="x173">237.07dp</dimen>
    <dimen name="x174">238.44dp</dimen>
    <dimen name="x175">239.81dp</dimen>
    <dimen name="x176">241.19dp</dimen>
    <dimen name="x177">242.56dp</dimen>
    <dimen name="x178">243.93dp</dimen>
    <dimen name="x179">245.30dp</dimen>
    <dimen name="x180">246.67dp</dimen>
    <dimen name="x181">248.04dp</dimen>
    <dimen name="x182">249.41dp</dimen>
    <dimen name="x183">250.78dp</dimen>
    <dimen name="x184">252.15dp</dimen>
    <dimen name="x185">253.52dp</dimen>
    <dimen name="x186">254.89dp</dimen>
    <dimen name="x187">256.26dp</dimen>
    <dimen name="x188">257.63dp</dimen>
    <dimen name="x189">259.00dp</dimen>
    <dimen name="x190">260.37dp</dimen>
    <dimen name="x191">261.74dp</dimen>
    <dimen name="x192">263.11dp</dimen>
    <dimen name="x193">264.48dp</dimen>
    <dimen name="x194">265.85dp</dimen>
    <dimen name="x195">267.22dp</dimen>
    <dimen name="x196">268.59dp</dimen>
    <dimen name="x197">269.96dp</dimen>
    <dimen name="x198">271.33dp</dimen>
    <dimen name="x199">272.70dp</dimen>
    <dimen name="x200">274.07dp</dimen>
    <dimen name="x201">275.44dp</dimen>
    <dimen name="x202">276.81dp</dimen>
    <dimen name="x203">278.19dp</dimen>
    <dimen name="x204">279.56dp</dimen>
    <dimen name="x205">280.93dp</dimen>
    <dimen name="x206">282.30dp</dimen>
    <dimen name="x207">283.67dp</dimen>
    <dimen name="x208">285.04dp</dimen>
    <dimen name="x209">286.41dp</dimen>
    <dimen name="x210">287.78dp</dimen>
    <dimen name="x211">289.15dp</dimen>
    <dimen name="x212">290.52dp</dimen>
    <dimen name="x213">291.89dp</dimen>
    <dimen name="x214">293.26dp</dimen>
    <dimen name="x215">294.63dp</dimen>
    <dimen name="x216">296.00dp</dimen>
    <dimen name="x217">297.37dp</dimen>
    <dimen name="x218">298.74dp</dimen>
    <dimen name="x219">300.11dp</dimen>
    <dimen name="x220">301.48dp</dimen>
    <dimen name="x221">302.85dp</dimen>
    <dimen name="x222">304.22dp</dimen>
    <dimen name="x223">305.59dp</dimen>
    <dimen name="x224">306.96dp</dimen>
    <dimen name="x225">308.33dp</dimen>
    <dimen name="x226">309.70dp</dimen>
    <dimen name="x227">311.07dp</dimen>
    <dimen name="x228">312.44dp</dimen>
    <dimen name="x229">313.81dp</dimen>
    <dimen name="x230">315.19dp</dimen>
    <dimen name="x231">316.56dp</dimen>
    <dimen name="x232">317.93dp</dimen>
    <dimen name="x233">319.30dp</dimen>
    <dimen name="x234">320.67dp</dimen>
    <dimen name="x235">322.04dp</dimen>
    <dimen name="x236">323.41dp</dimen>
    <dimen name="x237">324.78dp</dimen>
    <dimen name="x238">326.15dp</dimen>
    <dimen name="x239">327.52dp</dimen>
    <dimen name="x240">328.89dp</dimen>
    <dimen name="x241">330.26dp</dimen>
    <dimen name="x242">331.63dp</dimen>
    <dimen name="x243">333.00dp</dimen>
    <dimen name="x244">334.37dp</dimen>
    <dimen name="x245">335.74dp</dimen>
    <dimen name="x246">337.11dp</dimen>
    <dimen name="x247">338.48dp</dimen>
    <dimen name="x248">339.85dp</dimen>
    <dimen name="x249">341.22dp</dimen>
    <dimen name="x250">342.59dp</dimen>
    <dimen name="x251">343.96dp</dimen>
    <dimen name="x252">345.33dp</dimen>
    <dimen name="x253">346.70dp</dimen>
    <dimen name="x254">348.07dp</dimen>
    <dimen name="x255">349.44dp</dimen>
    <dimen name="x256">350.81dp</dimen>
    <dimen name="x257">352.19dp</dimen>
    <dimen name="x258">353.56dp</dimen>
    <dimen name="x259">354.93dp</dimen>
    <dimen name="x260">356.30dp</dimen>
    <dimen name="x261">357.67dp</dimen>
    <dimen name="x262">359.04dp</dimen>
    <dimen name="x263">360.41dp</dimen>
    <dimen name="x264">361.78dp</dimen>
    <dimen name="x265">363.15dp</dimen>
    <dimen name="x266">364.52dp</dimen>
    <dimen name="x267">365.89dp</dimen>
    <dimen name="x268">367.26dp</dimen>
    <dimen name="x269">368.63dp</dimen>
    <dimen name="x270">370.00dp</dimen>
    <dimen name="x271">371.37dp</dimen>
    <dimen name="x272">372.74dp</dimen>
    <dimen name="x273">374.11dp</dimen>
    <dimen name="x274">375.48dp</dimen>
    <dimen name="x275">376.85dp</dimen>
    <dimen name="x276">378.22dp</dimen>
    <dimen name="x277">379.59dp</dimen>
    <dimen name="x278">380.96dp</dimen>
    <dimen name="x279">382.33dp</dimen>
    <dimen name="x280">383.70dp</dimen>
    <dimen name="x281">385.07dp</dimen>
    <dimen name="x282">386.44dp</dimen>
    <dimen name="x283">387.81dp</dimen>
    <dimen name="x284">389.19dp</dimen>
    <dimen name="x285">390.56dp</dimen>
    <dimen name="x286">391.93dp</dimen>
    <dimen name="x287">393.30dp</dimen>
    <dimen name="x288">394.67dp</dimen>
    <dimen name="x289">396.04dp</dimen>
    <dimen name="x290">397.41dp</dimen>
    <dimen name="x291">398.78dp</dimen>
    <dimen name="x292">400.15dp</dimen>
    <dimen name="x293">401.52dp</dimen>
    <dimen name="x294">402.89dp</dimen>
    <dimen name="x295">404.26dp</dimen>
    <dimen name="x296">405.63dp</dimen>
    <dimen name="x297">407.00dp</dimen>
    <dimen name="x298">408.37dp</dimen>
    <dimen name="x299">409.74dp</dimen>
    <dimen name="x300">411.11dp</dimen>
    <dimen name="x301">412.48dp</dimen>
    <dimen name="x302">413.85dp</dimen>
    <dimen name="x303">415.22dp</dimen>
    <dimen name="x304">416.59dp</dimen>
    <dimen name="x305">417.96dp</dimen>
    <dimen name="x306">419.33dp</dimen>
    <dimen name="x307">420.70dp</dimen>
    <dimen name="x308">422.07dp</dimen>
    <dimen name="x309">423.44dp</dimen>
    <dimen name="x310">424.81dp</dimen>
    <dimen name="x311">426.19dp</dimen>
    <dimen name="x312">427.56dp</dimen>
    <dimen name="x313">428.93dp</dimen>
    <dimen name="x314">430.30dp</dimen>
    <dimen name="x315">431.67dp</dimen>
    <dimen name="x316">433.04dp</dimen>
    <dimen name="x317">434.41dp</dimen>
    <dimen name="x318">435.78dp</dimen>
    <dimen name="x319">437.15dp</dimen>
    <dimen name="x320">438.52dp</dimen>
    <dimen name="x321">439.89dp</dimen>
    <dimen name="x322">441.26dp</dimen>
    <dimen name="x323">442.63dp</dimen>
    <dimen name="x324">444.00dp</dimen>
    <dimen name="x325">445.37dp</dimen>
    <dimen name="x326">446.74dp</dimen>
    <dimen name="x327">448.11dp</dimen>
    <dimen name="x328">449.48dp</dimen>
    <dimen name="x329">450.85dp</dimen>
    <dimen name="x330">452.22dp</dimen>
    <dimen name="x331">453.59dp</dimen>
    <dimen name="x332">454.96dp</dimen>
    <dimen name="x333">456.33dp</dimen>
    <dimen name="x334">457.70dp</dimen>
    <dimen name="x335">459.07dp</dimen>
    <dimen name="x336">460.44dp</dimen>
    <dimen name="x337">461.81dp</dimen>
    <dimen name="x338">463.19dp</dimen>
    <dimen name="x339">464.56dp</dimen>
    <dimen name="x340">465.93dp</dimen>
    <dimen name="x341">467.30dp</dimen>
    <dimen name="x342">468.67dp</dimen>
    <dimen name="x343">470.04dp</dimen>
    <dimen name="x344">471.41dp</dimen>
    <dimen name="x345">472.78dp</dimen>
    <dimen name="x346">474.15dp</dimen>
    <dimen name="x347">475.52dp</dimen>
    <dimen name="x348">476.89dp</dimen>
    <dimen name="x349">478.26dp</dimen>
    <dimen name="x350">479.63dp</dimen>
    <dimen name="x351">481.00dp</dimen>
    <dimen name="x352">482.37dp</dimen>
    <dimen name="x353">483.74dp</dimen>
    <dimen name="x354">485.11dp</dimen>
    <dimen name="x355">486.48dp</dimen>
    <dimen name="x356">487.85dp</dimen>
    <dimen name="x357">489.22dp</dimen>
    <dimen name="x358">490.59dp</dimen>
    <dimen name="x359">491.96dp</dimen>
    <dimen name="x360">493.33dp</dimen>
    <dimen name="x361">494.70dp</dimen>
    <dimen name="x362">496.07dp</dimen>
    <dimen name="x363">497.44dp</dimen>
    <dimen name="x364">498.81dp</dimen>
    <dimen name="x365">500.19dp</dimen>
    <dimen name="x366">501.56dp</dimen>
    <dimen name="x367">502.93dp</dimen>
    <dimen name="x368">504.30dp</dimen>
    <dimen name="x369">505.67dp</dimen>
    <dimen name="x370">507.04dp</dimen>
    <dimen name="x371">508.41dp</dimen>
    <dimen name="x372">509.78dp</dimen>
    <dimen name="x373">511.15dp</dimen>
    <dimen name="x374">512.52dp</dimen>
    <dimen name="x375">513.89dp</dimen>
    <dimen name="x376">515.26dp</dimen>
    <dimen name="x377">516.63dp</dimen>
    <dimen name="x378">518.00dp</dimen>
    <dimen name="x379">519.37dp</dimen>
    <dimen name="x380">520.74dp</dimen>
    <dimen name="x381">522.11dp</dimen>
    <dimen name="x382">523.48dp</dimen>
    <dimen name="x383">524.85dp</dimen>
    <dimen name="x384">526.22dp</dimen>
    <dimen name="x385">527.59dp</dimen>
    <dimen name="x386">528.96dp</dimen>
    <dimen name="x387">530.33dp</dimen>
    <dimen name="x388">531.70dp</dimen>
    <dimen name="x389">533.07dp</dimen>
    <dimen name="x390">534.44dp</dimen>
    <dimen name="x391">535.81dp</dimen>
    <dimen name="x392">537.19dp</dimen>
    <dimen name="x393">538.56dp</dimen>
    <dimen name="x394">539.93dp</dimen>
    <dimen name="x395">541.30dp</dimen>
    <dimen name="x396">542.67dp</dimen>
    <dimen name="x397">544.04dp</dimen>
    <dimen name="x398">545.41dp</dimen>
    <dimen name="x399">546.78dp</dimen>
    <dimen name="x400">548.15dp</dimen>
    <dimen name="x401">549.52dp</dimen>
    <dimen name="x402">550.89dp</dimen>
    <dimen name="x403">552.26dp</dimen>
    <dimen name="x404">553.63dp</dimen>
    <dimen name="x405">555.00dp</dimen>
    <dimen name="x406">556.37dp</dimen>
    <dimen name="x407">557.74dp</dimen>
    <dimen name="x408">559.11dp</dimen>
    <dimen name="x409">560.48dp</dimen>
    <dimen name="x410">561.85dp</dimen>
    <dimen name="x411">563.22dp</dimen>
    <dimen name="x412">564.59dp</dimen>
    <dimen name="x413">565.96dp</dimen>
    <dimen name="x414">567.33dp</dimen>
    <dimen name="x415">568.70dp</dimen>
    <dimen name="x416">570.07dp</dimen>
    <dimen name="x417">571.44dp</dimen>
    <dimen name="x418">572.81dp</dimen>
    <dimen name="x419">574.19dp</dimen>
    <dimen name="x420">575.56dp</dimen>
    <dimen name="x421">576.93dp</dimen>
    <dimen name="x422">578.30dp</dimen>
    <dimen name="x423">579.67dp</dimen>
    <dimen name="x424">581.04dp</dimen>
    <dimen name="x425">582.41dp</dimen>
    <dimen name="x426">583.78dp</dimen>
    <dimen name="x427">585.15dp</dimen>
    <dimen name="x428">586.52dp</dimen>
    <dimen name="x429">587.89dp</dimen>
    <dimen name="x430">589.26dp</dimen>
    <dimen name="x431">590.63dp</dimen>
    <dimen name="x432">592.00dp</dimen>
    <dimen name="x433">593.37dp</dimen>
    <dimen name="x434">594.74dp</dimen>
    <dimen name="x435">596.11dp</dimen>
    <dimen name="x436">597.48dp</dimen>
    <dimen name="x437">598.85dp</dimen>
    <dimen name="x438">600.22dp</dimen>
    <dimen name="x439">601.59dp</dimen>
    <dimen name="x440">602.96dp</dimen>
    <dimen name="x441">604.33dp</dimen>
    <dimen name="x442">605.70dp</dimen>
    <dimen name="x443">607.07dp</dimen>
    <dimen name="x444">608.44dp</dimen>
    <dimen name="x445">609.81dp</dimen>
    <dimen name="x446">611.19dp</dimen>
    <dimen name="x447">612.56dp</dimen>
    <dimen name="x448">613.93dp</dimen>
    <dimen name="x449">615.30dp</dimen>
    <dimen name="x450">616.67dp</dimen>
    <dimen name="x451">618.04dp</dimen>
    <dimen name="x452">619.41dp</dimen>
    <dimen name="x453">620.78dp</dimen>
    <dimen name="x454">622.15dp</dimen>
    <dimen name="x455">623.52dp</dimen>
    <dimen name="x456">624.89dp</dimen>
    <dimen name="x457">626.26dp</dimen>
    <dimen name="x458">627.63dp</dimen>
    <dimen name="x459">629.00dp</dimen>
    <dimen name="x460">630.37dp</dimen>
    <dimen name="x461">631.74dp</dimen>
    <dimen name="x462">633.11dp</dimen>
    <dimen name="x463">634.48dp</dimen>
    <dimen name="x464">635.85dp</dimen>
    <dimen name="x465">637.22dp</dimen>
    <dimen name="x466">638.59dp</dimen>
    <dimen name="x467">639.96dp</dimen>
    <dimen name="x468">641.33dp</dimen>
    <dimen name="x469">642.70dp</dimen>
    <dimen name="x470">644.07dp</dimen>
    <dimen name="x471">645.44dp</dimen>
    <dimen name="x472">646.81dp</dimen>
    <dimen name="x473">648.19dp</dimen>
    <dimen name="x474">649.56dp</dimen>
    <dimen name="x475">650.93dp</dimen>
    <dimen name="x476">652.30dp</dimen>
    <dimen name="x477">653.67dp</dimen>
    <dimen name="x478">655.04dp</dimen>
    <dimen name="x479">656.41dp</dimen>
    <dimen name="x480">657.78dp</dimen>
    <dimen name="x481">659.15dp</dimen>
    <dimen name="x482">660.52dp</dimen>
    <dimen name="x483">661.89dp</dimen>
    <dimen name="x484">663.26dp</dimen>
    <dimen name="x485">664.63dp</dimen>
    <dimen name="x486">666.00dp</dimen>
    <dimen name="x487">667.37dp</dimen>
    <dimen name="x488">668.74dp</dimen>
    <dimen name="x489">670.11dp</dimen>
    <dimen name="x490">671.48dp</dimen>
    <dimen name="x491">672.85dp</dimen>
    <dimen name="x492">674.22dp</dimen>
    <dimen name="x493">675.59dp</dimen>
    <dimen name="x494">676.96dp</dimen>
    <dimen name="x495">678.33dp</dimen>
    <dimen name="x496">679.70dp</dimen>
    <dimen name="x497">681.07dp</dimen>
    <dimen name="x498">682.44dp</dimen>
    <dimen name="x499">683.81dp</dimen>
    <dimen name="x500">685.19dp</dimen>
    <dimen name="x501">686.56dp</dimen>
    <dimen name="x502">687.93dp</dimen>
    <dimen name="x503">689.30dp</dimen>
    <dimen name="x504">690.67dp</dimen>
    <dimen name="x505">692.04dp</dimen>
    <dimen name="x506">693.41dp</dimen>
    <dimen name="x507">694.78dp</dimen>
    <dimen name="x508">696.15dp</dimen>
    <dimen name="x509">697.52dp</dimen>
    <dimen name="x510">698.89dp</dimen>
    <dimen name="x511">700.26dp</dimen>
    <dimen name="x512">701.63dp</dimen>
    <dimen name="x513">703.00dp</dimen>
    <dimen name="x514">704.37dp</dimen>
    <dimen name="x515">705.74dp</dimen>
    <dimen name="x516">707.11dp</dimen>
    <dimen name="x517">708.48dp</dimen>
    <dimen name="x518">709.85dp</dimen>
    <dimen name="x519">711.22dp</dimen>
    <dimen name="x520">712.59dp</dimen>
    <dimen name="x521">713.96dp</dimen>
    <dimen name="x522">715.33dp</dimen>
    <dimen name="x523">716.70dp</dimen>
    <dimen name="x524">718.07dp</dimen>
    <dimen name="x525">719.44dp</dimen>
    <dimen name="x526">720.81dp</dimen>
    <dimen name="x527">722.19dp</dimen>
    <dimen name="x528">723.56dp</dimen>
    <dimen name="x529">724.93dp</dimen>
    <dimen name="x530">726.30dp</dimen>
    <dimen name="x531">727.67dp</dimen>
    <dimen name="x532">729.04dp</dimen>
    <dimen name="x533">730.41dp</dimen>
    <dimen name="x534">731.78dp</dimen>
    <dimen name="x535">733.15dp</dimen>
    <dimen name="x536">734.52dp</dimen>
    <dimen name="x537">735.89dp</dimen>
    <dimen name="x538">737.26dp</dimen>
    <dimen name="x539">738.63dp</dimen>
    <dimen name="x540">740.00dp</dimen>
    <dimen name="x541">741.37dp</dimen>
    <dimen name="x542">742.74dp</dimen>
    <dimen name="x543">744.11dp</dimen>
    <dimen name="x544">745.48dp</dimen>
    <dimen name="x545">746.85dp</dimen>
    <dimen name="x546">748.22dp</dimen>
    <dimen name="x547">749.59dp</dimen>
    <dimen name="x548">750.96dp</dimen>
    <dimen name="x549">752.33dp</dimen>
    <dimen name="x550">753.70dp</dimen>
    <dimen name="x551">755.07dp</dimen>
    <dimen name="x552">756.44dp</dimen>
    <dimen name="x553">757.81dp</dimen>
    <dimen name="x554">759.19dp</dimen>
    <dimen name="x555">760.56dp</dimen>
    <dimen name="x556">761.93dp</dimen>
    <dimen name="x557">763.30dp</dimen>
    <dimen name="x558">764.67dp</dimen>
    <dimen name="x559">766.04dp</dimen>
    <dimen name="x560">767.41dp</dimen>
    <dimen name="x561">768.78dp</dimen>
    <dimen name="x562">770.15dp</dimen>
    <dimen name="x563">771.52dp</dimen>
    <dimen name="x564">772.89dp</dimen>
    <dimen name="x565">774.26dp</dimen>
    <dimen name="x566">775.63dp</dimen>
    <dimen name="x567">777.00dp</dimen>
    <dimen name="x568">778.37dp</dimen>
    <dimen name="x569">779.74dp</dimen>
    <dimen name="x570">781.11dp</dimen>
    <dimen name="x571">782.48dp</dimen>
    <dimen name="x572">783.85dp</dimen>
    <dimen name="x573">785.22dp</dimen>
    <dimen name="x574">786.59dp</dimen>
    <dimen name="x575">787.96dp</dimen>
    <dimen name="x576">789.33dp</dimen>
    <dimen name="x577">790.70dp</dimen>
    <dimen name="x578">792.07dp</dimen>
    <dimen name="x579">793.44dp</dimen>
    <dimen name="x580">794.81dp</dimen>
    <dimen name="x581">796.19dp</dimen>
    <dimen name="x582">797.56dp</dimen>
    <dimen name="x583">798.93dp</dimen>
    <dimen name="x584">800.30dp</dimen>
    <dimen name="x585">801.67dp</dimen>
    <dimen name="x586">803.04dp</dimen>
    <dimen name="x587">804.41dp</dimen>
    <dimen name="x588">805.78dp</dimen>
    <dimen name="x589">807.15dp</dimen>
    <dimen name="x590">808.52dp</dimen>
    <dimen name="x591">809.89dp</dimen>
    <dimen name="x592">811.26dp</dimen>
    <dimen name="x593">812.63dp</dimen>
    <dimen name="x594">814.00dp</dimen>
    <dimen name="x595">815.37dp</dimen>
    <dimen name="x596">816.74dp</dimen>
    <dimen name="x597">818.11dp</dimen>
    <dimen name="x598">819.48dp</dimen>
    <dimen name="x599">820.85dp</dimen>
    <dimen name="x600">822.22dp</dimen>
    <dimen name="x601">823.59dp</dimen>
    <dimen name="x602">824.96dp</dimen>
    <dimen name="x603">826.33dp</dimen>
    <dimen name="x604">827.70dp</dimen>
    <dimen name="x605">829.07dp</dimen>
    <dimen name="x606">830.44dp</dimen>
    <dimen name="x607">831.81dp</dimen>
    <dimen name="x608">833.19dp</dimen>
    <dimen name="x609">834.56dp</dimen>
    <dimen name="x610">835.93dp</dimen>
    <dimen name="x611">837.30dp</dimen>
    <dimen name="x612">838.67dp</dimen>
    <dimen name="x613">840.04dp</dimen>
    <dimen name="x614">841.41dp</dimen>
    <dimen name="x615">842.78dp</dimen>
    <dimen name="x616">844.15dp</dimen>
    <dimen name="x617">845.52dp</dimen>
    <dimen name="x618">846.89dp</dimen>
    <dimen name="x619">848.26dp</dimen>
    <dimen name="x620">849.63dp</dimen>
    <dimen name="x621">851.00dp</dimen>
    <dimen name="x622">852.37dp</dimen>
    <dimen name="x623">853.74dp</dimen>
    <dimen name="x624">855.11dp</dimen>
    <dimen name="x625">856.48dp</dimen>
    <dimen name="x626">857.85dp</dimen>
    <dimen name="x627">859.22dp</dimen>
    <dimen name="x628">860.59dp</dimen>
    <dimen name="x629">861.96dp</dimen>
    <dimen name="x630">863.33dp</dimen>
    <dimen name="x631">864.70dp</dimen>
    <dimen name="x632">866.07dp</dimen>
    <dimen name="x633">867.44dp</dimen>
    <dimen name="x634">868.81dp</dimen>
    <dimen name="x635">870.19dp</dimen>
    <dimen name="x636">871.56dp</dimen>
    <dimen name="x637">872.93dp</dimen>
    <dimen name="x638">874.30dp</dimen>
    <dimen name="x639">875.67dp</dimen>
    <dimen name="x640">877.04dp</dimen>
    <dimen name="x641">878.41dp</dimen>
    <dimen name="x642">879.78dp</dimen>
    <dimen name="x643">881.15dp</dimen>
    <dimen name="x644">882.52dp</dimen>
    <dimen name="x645">883.89dp</dimen>
    <dimen name="x646">885.26dp</dimen>
    <dimen name="x647">886.63dp</dimen>
    <dimen name="x648">888.00dp</dimen>
    <dimen name="x649">889.37dp</dimen>
    <dimen name="x650">890.74dp</dimen>
    <dimen name="x651">892.11dp</dimen>
    <dimen name="x652">893.48dp</dimen>
    <dimen name="x653">894.85dp</dimen>
    <dimen name="x654">896.22dp</dimen>
    <dimen name="x655">897.59dp</dimen>
    <dimen name="x656">898.96dp</dimen>
    <dimen name="x657">900.33dp</dimen>
    <dimen name="x658">901.70dp</dimen>
    <dimen name="x659">903.07dp</dimen>
    <dimen name="x660">904.44dp</dimen>
    <dimen name="x661">905.81dp</dimen>
    <dimen name="x662">907.19dp</dimen>
    <dimen name="x663">908.56dp</dimen>
    <dimen name="x664">909.93dp</dimen>
    <dimen name="x665">911.30dp</dimen>
    <dimen name="x666">912.67dp</dimen>
    <dimen name="x667">914.04dp</dimen>
    <dimen name="x668">915.41dp</dimen>
    <dimen name="x669">916.78dp</dimen>
    <dimen name="x670">918.15dp</dimen>
    <dimen name="x671">919.52dp</dimen>
    <dimen name="x672">920.89dp</dimen>
    <dimen name="x673">922.26dp</dimen>
    <dimen name="x674">923.63dp</dimen>
    <dimen name="x675">925.00dp</dimen>
    <dimen name="x676">926.37dp</dimen>
    <dimen name="x677">927.74dp</dimen>
    <dimen name="x678">929.11dp</dimen>
    <dimen name="x679">930.48dp</dimen>
    <dimen name="x680">931.85dp</dimen>
    <dimen name="x681">933.22dp</dimen>
    <dimen name="x682">934.59dp</dimen>
    <dimen name="x683">935.96dp</dimen>
    <dimen name="x684">937.33dp</dimen>
    <dimen name="x685">938.70dp</dimen>
    <dimen name="x686">940.07dp</dimen>
    <dimen name="x687">941.44dp</dimen>
    <dimen name="x688">942.81dp</dimen>
    <dimen name="x689">944.19dp</dimen>
    <dimen name="x690">945.56dp</dimen>
    <dimen name="x691">946.93dp</dimen>
    <dimen name="x692">948.30dp</dimen>
    <dimen name="x693">949.67dp</dimen>
    <dimen name="x694">951.04dp</dimen>
    <dimen name="x695">952.41dp</dimen>
    <dimen name="x696">953.78dp</dimen>
    <dimen name="x697">955.15dp</dimen>
    <dimen name="x698">956.52dp</dimen>
    <dimen name="x699">957.89dp</dimen>
    <dimen name="x700">959.26dp</dimen>
    <dimen name="x701">960.63dp</dimen>
    <dimen name="x702">962.00dp</dimen>
    <dimen name="x703">963.37dp</dimen>
    <dimen name="x704">964.74dp</dimen>
    <dimen name="x705">966.11dp</dimen>
    <dimen name="x706">967.48dp</dimen>
    <dimen name="x707">968.85dp</dimen>
    <dimen name="x708">970.22dp</dimen>
    <dimen name="x709">971.59dp</dimen>
    <dimen name="x710">972.96dp</dimen>
    <dimen name="x711">974.33dp</dimen>
    <dimen name="x712">975.70dp</dimen>
    <dimen name="x713">977.07dp</dimen>
    <dimen name="x714">978.44dp</dimen>
    <dimen name="x715">979.81dp</dimen>
    <dimen name="x716">981.19dp</dimen>
    <dimen name="x717">982.56dp</dimen>
    <dimen name="x718">983.93dp</dimen>
    <dimen name="x719">985.30dp</dimen>
    <dimen name="x720">986.67dp</dimen>
    <dimen name="x721">988.04dp</dimen>
    <dimen name="x722">989.41dp</dimen>
    <dimen name="x723">990.78dp</dimen>
    <dimen name="x724">992.15dp</dimen>
    <dimen name="x725">993.52dp</dimen>
    <dimen name="x726">994.89dp</dimen>
    <dimen name="x727">996.26dp</dimen>
    <dimen name="x728">997.63dp</dimen>
    <dimen name="x729">999.00dp</dimen>
    <dimen name="x730">1000.37dp</dimen>
    <dimen name="x731">1001.74dp</dimen>
    <dimen name="x732">1003.11dp</dimen>
    <dimen name="x733">1004.48dp</dimen>
    <dimen name="x734">1005.85dp</dimen>
    <dimen name="x735">1007.22dp</dimen>
    <dimen name="x736">1008.59dp</dimen>
    <dimen name="x737">1009.96dp</dimen>
    <dimen name="x738">1011.33dp</dimen>
    <dimen name="x739">1012.70dp</dimen>
    <dimen name="x740">1014.07dp</dimen>
    <dimen name="x741">1015.44dp</dimen>
    <dimen name="x742">1016.81dp</dimen>
    <dimen name="x743">1018.19dp</dimen>
    <dimen name="x744">1019.56dp</dimen>
    <dimen name="x745">1020.93dp</dimen>
    <dimen name="x746">1022.30dp</dimen>
    <dimen name="x747">1023.67dp</dimen>
    <dimen name="x748">1025.04dp</dimen>
    <dimen name="x749">1026.41dp</dimen>
    <dimen name="x750">1027.78dp</dimen>
    <dimen name="x751">1029.15dp</dimen>
    <dimen name="x752">1030.52dp</dimen>
    <dimen name="x753">1031.89dp</dimen>
    <dimen name="x754">1033.26dp</dimen>
    <dimen name="x755">1034.63dp</dimen>
    <dimen name="x756">1036.00dp</dimen>
    <dimen name="x757">1037.37dp</dimen>
    <dimen name="x758">1038.74dp</dimen>
    <dimen name="x759">1040.11dp</dimen>
    <dimen name="x760">1041.48dp</dimen>
    <dimen name="x761">1042.85dp</dimen>
    <dimen name="x762">1044.22dp</dimen>
    <dimen name="x763">1045.59dp</dimen>
    <dimen name="x764">1046.96dp</dimen>
    <dimen name="x765">1048.33dp</dimen>
    <dimen name="x766">1049.70dp</dimen>
    <dimen name="x767">1051.07dp</dimen>
    <dimen name="x768">1052.44dp</dimen>
    <dimen name="x769">1053.81dp</dimen>
    <dimen name="x770">1055.19dp</dimen>
    <dimen name="x771">1056.56dp</dimen>
    <dimen name="x772">1057.93dp</dimen>
    <dimen name="x773">1059.30dp</dimen>
    <dimen name="x774">1060.67dp</dimen>
    <dimen name="x775">1062.04dp</dimen>
    <dimen name="x776">1063.41dp</dimen>
    <dimen name="x777">1064.78dp</dimen>
    <dimen name="x778">1066.15dp</dimen>
    <dimen name="x779">1067.52dp</dimen>
    <dimen name="x780">1068.89dp</dimen>
    <dimen name="x781">1070.26dp</dimen>
    <dimen name="x782">1071.63dp</dimen>
    <dimen name="x783">1073.00dp</dimen>
    <dimen name="x784">1074.37dp</dimen>
    <dimen name="x785">1075.74dp</dimen>
    <dimen name="x786">1077.11dp</dimen>
    <dimen name="x787">1078.48dp</dimen>
    <dimen name="x788">1079.85dp</dimen>
    <dimen name="x789">1081.22dp</dimen>
    <dimen name="x790">1082.59dp</dimen>
    <dimen name="x791">1083.96dp</dimen>
    <dimen name="x792">1085.33dp</dimen>
    <dimen name="x793">1086.70dp</dimen>
    <dimen name="x794">1088.07dp</dimen>
    <dimen name="x795">1089.44dp</dimen>
    <dimen name="x796">1090.81dp</dimen>
    <dimen name="x797">1092.19dp</dimen>
    <dimen name="x798">1093.56dp</dimen>
    <dimen name="x799">1094.93dp</dimen>
    <dimen name="x800">1096.30dp</dimen>
    <dimen name="x801">1097.67dp</dimen>
    <dimen name="x802">1099.04dp</dimen>
    <dimen name="x803">1100.41dp</dimen>
    <dimen name="x804">1101.78dp</dimen>
    <dimen name="x805">1103.15dp</dimen>
    <dimen name="x806">1104.52dp</dimen>
    <dimen name="x807">1105.89dp</dimen>
    <dimen name="x808">1107.26dp</dimen>
    <dimen name="x809">1108.63dp</dimen>
    <dimen name="x810">1110.00dp</dimen>
    <dimen name="x811">1111.37dp</dimen>
    <dimen name="x812">1112.74dp</dimen>
    <dimen name="x813">1114.11dp</dimen>
    <dimen name="x814">1115.48dp</dimen>
    <dimen name="x815">1116.85dp</dimen>
    <dimen name="x816">1118.22dp</dimen>
    <dimen name="x817">1119.59dp</dimen>
    <dimen name="x818">1120.96dp</dimen>
    <dimen name="x819">1122.33dp</dimen>
    <dimen name="x820">1123.70dp</dimen>
    <dimen name="x821">1125.07dp</dimen>
    <dimen name="x822">1126.44dp</dimen>
    <dimen name="x823">1127.81dp</dimen>
    <dimen name="x824">1129.19dp</dimen>
    <dimen name="x825">1130.56dp</dimen>
    <dimen name="x826">1131.93dp</dimen>
    <dimen name="x827">1133.30dp</dimen>
    <dimen name="x828">1134.67dp</dimen>
    <dimen name="x829">1136.04dp</dimen>
    <dimen name="x830">1137.41dp</dimen>
    <dimen name="x831">1138.78dp</dimen>
    <dimen name="x832">1140.15dp</dimen>
    <dimen name="x833">1141.52dp</dimen>
    <dimen name="x834">1142.89dp</dimen>
    <dimen name="x835">1144.26dp</dimen>
    <dimen name="x836">1145.63dp</dimen>
    <dimen name="x837">1147.00dp</dimen>
    <dimen name="x838">1148.37dp</dimen>
    <dimen name="x839">1149.74dp</dimen>
    <dimen name="x840">1151.11dp</dimen>
    <dimen name="x841">1152.48dp</dimen>
    <dimen name="x842">1153.85dp</dimen>
    <dimen name="x843">1155.22dp</dimen>
    <dimen name="x844">1156.59dp</dimen>
    <dimen name="x845">1157.96dp</dimen>
    <dimen name="x846">1159.33dp</dimen>
    <dimen name="x847">1160.70dp</dimen>
    <dimen name="x848">1162.07dp</dimen>
    <dimen name="x849">1163.44dp</dimen>
    <dimen name="x850">1164.81dp</dimen>
    <dimen name="x851">1166.19dp</dimen>
    <dimen name="x852">1167.56dp</dimen>
    <dimen name="x853">1168.93dp</dimen>
    <dimen name="x854">1170.30dp</dimen>
    <dimen name="x855">1171.67dp</dimen>
    <dimen name="x856">1173.04dp</dimen>
    <dimen name="x857">1174.41dp</dimen>
    <dimen name="x858">1175.78dp</dimen>
    <dimen name="x859">1177.15dp</dimen>
    <dimen name="x860">1178.52dp</dimen>
    <dimen name="x861">1179.89dp</dimen>
    <dimen name="x862">1181.26dp</dimen>
    <dimen name="x863">1182.63dp</dimen>
    <dimen name="x864">1184.00dp</dimen>
    <dimen name="x865">1185.37dp</dimen>
    <dimen name="x866">1186.74dp</dimen>
    <dimen name="x867">1188.11dp</dimen>
    <dimen name="x868">1189.48dp</dimen>
    <dimen name="x869">1190.85dp</dimen>
    <dimen name="x870">1192.22dp</dimen>
    <dimen name="x871">1193.59dp</dimen>
    <dimen name="x872">1194.96dp</dimen>
    <dimen name="x873">1196.33dp</dimen>
    <dimen name="x874">1197.70dp</dimen>
    <dimen name="x875">1199.07dp</dimen>
    <dimen name="x876">1200.44dp</dimen>
    <dimen name="x877">1201.81dp</dimen>
    <dimen name="x878">1203.19dp</dimen>
    <dimen name="x879">1204.56dp</dimen>
    <dimen name="x880">1205.93dp</dimen>
    <dimen name="x881">1207.30dp</dimen>
    <dimen name="x882">1208.67dp</dimen>
    <dimen name="x883">1210.04dp</dimen>
    <dimen name="x884">1211.41dp</dimen>
    <dimen name="x885">1212.78dp</dimen>
    <dimen name="x886">1214.15dp</dimen>
    <dimen name="x887">1215.52dp</dimen>
    <dimen name="x888">1216.89dp</dimen>
    <dimen name="x889">1218.26dp</dimen>
    <dimen name="x890">1219.63dp</dimen>
    <dimen name="x891">1221.00dp</dimen>
    <dimen name="x892">1222.37dp</dimen>
    <dimen name="x893">1223.74dp</dimen>
    <dimen name="x894">1225.11dp</dimen>
    <dimen name="x895">1226.48dp</dimen>
    <dimen name="x896">1227.85dp</dimen>
    <dimen name="x897">1229.22dp</dimen>
    <dimen name="x898">1230.59dp</dimen>
    <dimen name="x899">1231.96dp</dimen>
    <dimen name="x900">1233.33dp</dimen>
    <dimen name="x901">1234.70dp</dimen>
    <dimen name="x902">1236.07dp</dimen>
    <dimen name="x903">1237.44dp</dimen>
    <dimen name="x904">1238.81dp</dimen>
    <dimen name="x905">1240.19dp</dimen>
    <dimen name="x906">1241.56dp</dimen>
    <dimen name="x907">1242.93dp</dimen>
    <dimen name="x908">1244.30dp</dimen>
    <dimen name="x909">1245.67dp</dimen>
    <dimen name="x910">1247.04dp</dimen>
    <dimen name="x911">1248.41dp</dimen>
    <dimen name="x912">1249.78dp</dimen>
    <dimen name="x913">1251.15dp</dimen>
    <dimen name="x914">1252.52dp</dimen>
    <dimen name="x915">1253.89dp</dimen>
    <dimen name="x916">1255.26dp</dimen>
    <dimen name="x917">1256.63dp</dimen>
    <dimen name="x918">1258.00dp</dimen>
    <dimen name="x919">1259.37dp</dimen>
    <dimen name="x920">1260.74dp</dimen>
    <dimen name="x921">1262.11dp</dimen>
    <dimen name="x922">1263.48dp</dimen>
    <dimen name="x923">1264.85dp</dimen>
    <dimen name="x924">1266.22dp</dimen>
    <dimen name="x925">1267.59dp</dimen>
    <dimen name="x926">1268.96dp</dimen>
    <dimen name="x927">1270.33dp</dimen>
    <dimen name="x928">1271.70dp</dimen>
    <dimen name="x929">1273.07dp</dimen>
    <dimen name="x930">1274.44dp</dimen>
    <dimen name="x931">1275.81dp</dimen>
    <dimen name="x932">1277.19dp</dimen>
    <dimen name="x933">1278.56dp</dimen>
    <dimen name="x934">1279.93dp</dimen>
    <dimen name="x935">1281.30dp</dimen>
    <dimen name="x936">1282.67dp</dimen>
    <dimen name="x937">1284.04dp</dimen>
    <dimen name="x938">1285.41dp</dimen>
    <dimen name="x939">1286.78dp</dimen>
    <dimen name="x940">1288.15dp</dimen>
    <dimen name="x941">1289.52dp</dimen>
    <dimen name="x942">1290.89dp</dimen>
    <dimen name="x943">1292.26dp</dimen>
    <dimen name="x944">1293.63dp</dimen>
    <dimen name="x945">1295.00dp</dimen>
    <dimen name="x946">1296.37dp</dimen>
    <dimen name="x947">1297.74dp</dimen>
    <dimen name="x948">1299.11dp</dimen>
    <dimen name="x949">1300.48dp</dimen>
    <dimen name="x950">1301.85dp</dimen>
    <dimen name="x951">1303.22dp</dimen>
    <dimen name="x952">1304.59dp</dimen>
    <dimen name="x953">1305.96dp</dimen>
    <dimen name="x954">1307.33dp</dimen>
    <dimen name="x955">1308.70dp</dimen>
    <dimen name="x956">1310.07dp</dimen>
    <dimen name="x957">1311.44dp</dimen>
    <dimen name="x958">1312.81dp</dimen>
    <dimen name="x959">1314.19dp</dimen>
    <dimen name="x960">1315.56dp</dimen>
    <dimen name="x961">1316.93dp</dimen>
    <dimen name="x962">1318.30dp</dimen>
    <dimen name="x963">1319.67dp</dimen>
    <dimen name="x964">1321.04dp</dimen>
    <dimen name="x965">1322.41dp</dimen>
    <dimen name="x966">1323.78dp</dimen>
    <dimen name="x967">1325.15dp</dimen>
    <dimen name="x968">1326.52dp</dimen>
    <dimen name="x969">1327.89dp</dimen>
    <dimen name="x970">1329.26dp</dimen>
    <dimen name="x971">1330.63dp</dimen>
    <dimen name="x972">1332.00dp</dimen>
    <dimen name="x973">1333.37dp</dimen>
    <dimen name="x974">1334.74dp</dimen>
    <dimen name="x975">1336.11dp</dimen>
    <dimen name="x976">1337.48dp</dimen>
    <dimen name="x977">1338.85dp</dimen>
    <dimen name="x978">1340.22dp</dimen>
    <dimen name="x979">1341.59dp</dimen>
    <dimen name="x980">1342.96dp</dimen>
    <dimen name="x981">1344.33dp</dimen>
    <dimen name="x982">1345.70dp</dimen>
    <dimen name="x983">1347.07dp</dimen>
    <dimen name="x984">1348.44dp</dimen>
    <dimen name="x985">1349.81dp</dimen>
    <dimen name="x986">1351.19dp</dimen>
    <dimen name="x987">1352.56dp</dimen>
    <dimen name="x988">1353.93dp</dimen>
    <dimen name="x989">1355.30dp</dimen>
    <dimen name="x990">1356.67dp</dimen>
    <dimen name="x991">1358.04dp</dimen>
    <dimen name="x992">1359.41dp</dimen>
    <dimen name="x993">1360.78dp</dimen>
    <dimen name="x994">1362.15dp</dimen>
    <dimen name="x995">1363.52dp</dimen>
    <dimen name="x996">1364.89dp</dimen>
    <dimen name="x997">1366.26dp</dimen>
    <dimen name="x998">1367.63dp</dimen>
    <dimen name="x999">1369.00dp</dimen>
    <dimen name="x1000">1370.37dp</dimen>
    <dimen name="x1001">1371.74dp</dimen>
    <dimen name="x1002">1373.11dp</dimen>
    <dimen name="x1003">1374.48dp</dimen>
    <dimen name="x1004">1375.85dp</dimen>
    <dimen name="x1005">1377.22dp</dimen>
    <dimen name="x1006">1378.59dp</dimen>
    <dimen name="x1007">1379.96dp</dimen>
    <dimen name="x1008">1381.33dp</dimen>
    <dimen name="x1009">1382.70dp</dimen>
    <dimen name="x1010">1384.07dp</dimen>
    <dimen name="x1011">1385.44dp</dimen>
    <dimen name="x1012">1386.81dp</dimen>
    <dimen name="x1013">1388.19dp</dimen>
    <dimen name="x1014">1389.56dp</dimen>
    <dimen name="x1015">1390.93dp</dimen>
    <dimen name="x1016">1392.30dp</dimen>
    <dimen name="x1017">1393.67dp</dimen>
    <dimen name="x1018">1395.04dp</dimen>
    <dimen name="x1019">1396.41dp</dimen>
    <dimen name="x1020">1397.78dp</dimen>
    <dimen name="x1021">1399.15dp</dimen>
    <dimen name="x1022">1400.52dp</dimen>
    <dimen name="x1023">1401.89dp</dimen>
    <dimen name="x1024">1403.26dp</dimen>
    <dimen name="x1025">1404.63dp</dimen>
    <dimen name="x1026">1406.00dp</dimen>
    <dimen name="x1027">1407.37dp</dimen>
    <dimen name="x1028">1408.74dp</dimen>
    <dimen name="x1029">1410.11dp</dimen>
    <dimen name="x1030">1411.48dp</dimen>
    <dimen name="x1031">1412.85dp</dimen>
    <dimen name="x1032">1414.22dp</dimen>
    <dimen name="x1033">1415.59dp</dimen>
    <dimen name="x1034">1416.96dp</dimen>
    <dimen name="x1035">1418.33dp</dimen>
    <dimen name="x1036">1419.70dp</dimen>
    <dimen name="x1037">1421.07dp</dimen>
    <dimen name="x1038">1422.44dp</dimen>
    <dimen name="x1039">1423.81dp</dimen>
    <dimen name="x1040">1425.19dp</dimen>
    <dimen name="x1041">1426.56dp</dimen>
    <dimen name="x1042">1427.93dp</dimen>
    <dimen name="x1043">1429.30dp</dimen>
    <dimen name="x1044">1430.67dp</dimen>
    <dimen name="x1045">1432.04dp</dimen>
    <dimen name="x1046">1433.41dp</dimen>
    <dimen name="x1047">1434.78dp</dimen>
    <dimen name="x1048">1436.15dp</dimen>
    <dimen name="x1049">1437.52dp</dimen>
    <dimen name="x1050">1438.89dp</dimen>
    <dimen name="x1051">1440.26dp</dimen>
    <dimen name="x1052">1441.63dp</dimen>
    <dimen name="x1053">1443.00dp</dimen>
    <dimen name="x1054">1444.37dp</dimen>
    <dimen name="x1055">1445.74dp</dimen>
    <dimen name="x1056">1447.11dp</dimen>
    <dimen name="x1057">1448.48dp</dimen>
    <dimen name="x1058">1449.85dp</dimen>
    <dimen name="x1059">1451.22dp</dimen>
    <dimen name="x1060">1452.59dp</dimen>
    <dimen name="x1061">1453.96dp</dimen>
    <dimen name="x1062">1455.33dp</dimen>
    <dimen name="x1063">1456.70dp</dimen>
    <dimen name="x1064">1458.07dp</dimen>
    <dimen name="x1065">1459.44dp</dimen>
    <dimen name="x1066">1460.81dp</dimen>
    <dimen name="x1067">1462.19dp</dimen>
    <dimen name="x1068">1463.56dp</dimen>
    <dimen name="x1069">1464.93dp</dimen>
    <dimen name="x1070">1466.30dp</dimen>
    <dimen name="x1071">1467.67dp</dimen>
    <dimen name="x1072">1469.04dp</dimen>
    <dimen name="x1073">1470.41dp</dimen>
    <dimen name="x1074">1471.78dp</dimen>
    <dimen name="x1075">1473.15dp</dimen>
    <dimen name="x1076">1474.52dp</dimen>
    <dimen name="x1077">1475.89dp</dimen>
    <dimen name="x1078">1477.26dp</dimen>
    <dimen name="x1079">1478.63dp</dimen>
    <dimen name="x1080">1480.00dp</dimen>
</resources>