<?xml version="1.0" encoding="utf-8"?>
<resources>
    <string name="sw_dp">1370dp</string>
    <dimen name="x1">1.27dp</dimen>
    <dimen name="x2">2.54dp</dimen>
    <dimen name="x3">3.81dp</dimen>
    <dimen name="x4">5.07dp</dimen>
    <dimen name="x5">6.34dp</dimen>
    <dimen name="x6">7.61dp</dimen>
    <dimen name="x7">8.88dp</dimen>
    <dimen name="x8">10.15dp</dimen>
    <dimen name="x9">11.42dp</dimen>
    <dimen name="x10">12.69dp</dimen>
    <dimen name="x11">13.95dp</dimen>
    <dimen name="x12">15.22dp</dimen>
    <dimen name="x13">16.49dp</dimen>
    <dimen name="x14">17.76dp</dimen>
    <dimen name="x15">19.03dp</dimen>
    <dimen name="x16">20.30dp</dimen>
    <dimen name="x17">21.56dp</dimen>
    <dimen name="x18">22.83dp</dimen>
    <dimen name="x19">24.10dp</dimen>
    <dimen name="x20">25.37dp</dimen>
    <dimen name="x21">26.64dp</dimen>
    <dimen name="x22">27.91dp</dimen>
    <dimen name="x23">29.18dp</dimen>
    <dimen name="x24">30.44dp</dimen>
    <dimen name="x25">31.71dp</dimen>
    <dimen name="x26">32.98dp</dimen>
    <dimen name="x27">34.25dp</dimen>
    <dimen name="x28">35.52dp</dimen>
    <dimen name="x29">36.79dp</dimen>
    <dimen name="x30">38.06dp</dimen>
    <dimen name="x31">39.32dp</dimen>
    <dimen name="x32">40.59dp</dimen>
    <dimen name="x33">41.86dp</dimen>
    <dimen name="x34">43.13dp</dimen>
    <dimen name="x35">44.40dp</dimen>
    <dimen name="x36">45.67dp</dimen>
    <dimen name="x37">46.94dp</dimen>
    <dimen name="x38">48.20dp</dimen>
    <dimen name="x39">49.47dp</dimen>
    <dimen name="x40">50.74dp</dimen>
    <dimen name="x41">52.01dp</dimen>
    <dimen name="x42">53.28dp</dimen>
    <dimen name="x43">54.55dp</dimen>
    <dimen name="x44">55.81dp</dimen>
    <dimen name="x45">57.08dp</dimen>
    <dimen name="x46">58.35dp</dimen>
    <dimen name="x47">59.62dp</dimen>
    <dimen name="x48">60.89dp</dimen>
    <dimen name="x49">62.16dp</dimen>
    <dimen name="x50">63.43dp</dimen>
    <dimen name="x51">64.69dp</dimen>
    <dimen name="x52">65.96dp</dimen>
    <dimen name="x53">67.23dp</dimen>
    <dimen name="x54">68.50dp</dimen>
    <dimen name="x55">69.77dp</dimen>
    <dimen name="x56">71.04dp</dimen>
    <dimen name="x57">72.31dp</dimen>
    <dimen name="x58">73.57dp</dimen>
    <dimen name="x59">74.84dp</dimen>
    <dimen name="x60">76.11dp</dimen>
    <dimen name="x61">77.38dp</dimen>
    <dimen name="x62">78.65dp</dimen>
    <dimen name="x63">79.92dp</dimen>
    <dimen name="x64">81.19dp</dimen>
    <dimen name="x65">82.45dp</dimen>
    <dimen name="x66">83.72dp</dimen>
    <dimen name="x67">84.99dp</dimen>
    <dimen name="x68">86.26dp</dimen>
    <dimen name="x69">87.53dp</dimen>
    <dimen name="x70">88.80dp</dimen>
    <dimen name="x71">90.06dp</dimen>
    <dimen name="x72">91.33dp</dimen>
    <dimen name="x73">92.60dp</dimen>
    <dimen name="x74">93.87dp</dimen>
    <dimen name="x75">95.14dp</dimen>
    <dimen name="x76">96.41dp</dimen>
    <dimen name="x77">97.68dp</dimen>
    <dimen name="x78">98.94dp</dimen>
    <dimen name="x79">100.21dp</dimen>
    <dimen name="x80">101.48dp</dimen>
    <dimen name="x81">102.75dp</dimen>
    <dimen name="x82">104.02dp</dimen>
    <dimen name="x83">105.29dp</dimen>
    <dimen name="x84">106.56dp</dimen>
    <dimen name="x85">107.82dp</dimen>
    <dimen name="x86">109.09dp</dimen>
    <dimen name="x87">110.36dp</dimen>
    <dimen name="x88">111.63dp</dimen>
    <dimen name="x89">112.90dp</dimen>
    <dimen name="x90">114.17dp</dimen>
    <dimen name="x91">115.44dp</dimen>
    <dimen name="x92">116.70dp</dimen>
    <dimen name="x93">117.97dp</dimen>
    <dimen name="x94">119.24dp</dimen>
    <dimen name="x95">120.51dp</dimen>
    <dimen name="x96">121.78dp</dimen>
    <dimen name="x97">123.05dp</dimen>
    <dimen name="x98">124.31dp</dimen>
    <dimen name="x99">125.58dp</dimen>
    <dimen name="x100">126.85dp</dimen>
    <dimen name="x101">128.12dp</dimen>
    <dimen name="x102">129.39dp</dimen>
    <dimen name="x103">130.66dp</dimen>
    <dimen name="x104">131.93dp</dimen>
    <dimen name="x105">133.19dp</dimen>
    <dimen name="x106">134.46dp</dimen>
    <dimen name="x107">135.73dp</dimen>
    <dimen name="x108">137.00dp</dimen>
    <dimen name="x109">138.27dp</dimen>
    <dimen name="x110">139.54dp</dimen>
    <dimen name="x111">140.81dp</dimen>
    <dimen name="x112">142.07dp</dimen>
    <dimen name="x113">143.34dp</dimen>
    <dimen name="x114">144.61dp</dimen>
    <dimen name="x115">145.88dp</dimen>
    <dimen name="x116">147.15dp</dimen>
    <dimen name="x117">148.42dp</dimen>
    <dimen name="x118">149.69dp</dimen>
    <dimen name="x119">150.95dp</dimen>
    <dimen name="x120">152.22dp</dimen>
    <dimen name="x121">153.49dp</dimen>
    <dimen name="x122">154.76dp</dimen>
    <dimen name="x123">156.03dp</dimen>
    <dimen name="x124">157.30dp</dimen>
    <dimen name="x125">158.56dp</dimen>
    <dimen name="x126">159.83dp</dimen>
    <dimen name="x127">161.10dp</dimen>
    <dimen name="x128">162.37dp</dimen>
    <dimen name="x129">163.64dp</dimen>
    <dimen name="x130">164.91dp</dimen>
    <dimen name="x131">166.18dp</dimen>
    <dimen name="x132">167.44dp</dimen>
    <dimen name="x133">168.71dp</dimen>
    <dimen name="x134">169.98dp</dimen>
    <dimen name="x135">171.25dp</dimen>
    <dimen name="x136">172.52dp</dimen>
    <dimen name="x137">173.79dp</dimen>
    <dimen name="x138">175.06dp</dimen>
    <dimen name="x139">176.32dp</dimen>
    <dimen name="x140">177.59dp</dimen>
    <dimen name="x141">178.86dp</dimen>
    <dimen name="x142">180.13dp</dimen>
    <dimen name="x143">181.40dp</dimen>
    <dimen name="x144">182.67dp</dimen>
    <dimen name="x145">183.94dp</dimen>
    <dimen name="x146">185.20dp</dimen>
    <dimen name="x147">186.47dp</dimen>
    <dimen name="x148">187.74dp</dimen>
    <dimen name="x149">189.01dp</dimen>
    <dimen name="x150">190.28dp</dimen>
    <dimen name="x151">191.55dp</dimen>
    <dimen name="x152">192.81dp</dimen>
    <dimen name="x153">194.08dp</dimen>
    <dimen name="x154">195.35dp</dimen>
    <dimen name="x155">196.62dp</dimen>
    <dimen name="x156">197.89dp</dimen>
    <dimen name="x157">199.16dp</dimen>
    <dimen name="x158">200.43dp</dimen>
    <dimen name="x159">201.69dp</dimen>
    <dimen name="x160">202.96dp</dimen>
    <dimen name="x161">204.23dp</dimen>
    <dimen name="x162">205.50dp</dimen>
    <dimen name="x163">206.77dp</dimen>
    <dimen name="x164">208.04dp</dimen>
    <dimen name="x165">209.31dp</dimen>
    <dimen name="x166">210.57dp</dimen>
    <dimen name="x167">211.84dp</dimen>
    <dimen name="x168">213.11dp</dimen>
    <dimen name="x169">214.38dp</dimen>
    <dimen name="x170">215.65dp</dimen>
    <dimen name="x171">216.92dp</dimen>
    <dimen name="x172">218.19dp</dimen>
    <dimen name="x173">219.45dp</dimen>
    <dimen name="x174">220.72dp</dimen>
    <dimen name="x175">221.99dp</dimen>
    <dimen name="x176">223.26dp</dimen>
    <dimen name="x177">224.53dp</dimen>
    <dimen name="x178">225.80dp</dimen>
    <dimen name="x179">227.06dp</dimen>
    <dimen name="x180">228.33dp</dimen>
    <dimen name="x181">229.60dp</dimen>
    <dimen name="x182">230.87dp</dimen>
    <dimen name="x183">232.14dp</dimen>
    <dimen name="x184">233.41dp</dimen>
    <dimen name="x185">234.68dp</dimen>
    <dimen name="x186">235.94dp</dimen>
    <dimen name="x187">237.21dp</dimen>
    <dimen name="x188">238.48dp</dimen>
    <dimen name="x189">239.75dp</dimen>
    <dimen name="x190">241.02dp</dimen>
    <dimen name="x191">242.29dp</dimen>
    <dimen name="x192">243.56dp</dimen>
    <dimen name="x193">244.82dp</dimen>
    <dimen name="x194">246.09dp</dimen>
    <dimen name="x195">247.36dp</dimen>
    <dimen name="x196">248.63dp</dimen>
    <dimen name="x197">249.90dp</dimen>
    <dimen name="x198">251.17dp</dimen>
    <dimen name="x199">252.44dp</dimen>
    <dimen name="x200">253.70dp</dimen>
    <dimen name="x201">254.97dp</dimen>
    <dimen name="x202">256.24dp</dimen>
    <dimen name="x203">257.51dp</dimen>
    <dimen name="x204">258.78dp</dimen>
    <dimen name="x205">260.05dp</dimen>
    <dimen name="x206">261.31dp</dimen>
    <dimen name="x207">262.58dp</dimen>
    <dimen name="x208">263.85dp</dimen>
    <dimen name="x209">265.12dp</dimen>
    <dimen name="x210">266.39dp</dimen>
    <dimen name="x211">267.66dp</dimen>
    <dimen name="x212">268.93dp</dimen>
    <dimen name="x213">270.19dp</dimen>
    <dimen name="x214">271.46dp</dimen>
    <dimen name="x215">272.73dp</dimen>
    <dimen name="x216">274.00dp</dimen>
    <dimen name="x217">275.27dp</dimen>
    <dimen name="x218">276.54dp</dimen>
    <dimen name="x219">277.81dp</dimen>
    <dimen name="x220">279.07dp</dimen>
    <dimen name="x221">280.34dp</dimen>
    <dimen name="x222">281.61dp</dimen>
    <dimen name="x223">282.88dp</dimen>
    <dimen name="x224">284.15dp</dimen>
    <dimen name="x225">285.42dp</dimen>
    <dimen name="x226">286.69dp</dimen>
    <dimen name="x227">287.95dp</dimen>
    <dimen name="x228">289.22dp</dimen>
    <dimen name="x229">290.49dp</dimen>
    <dimen name="x230">291.76dp</dimen>
    <dimen name="x231">293.03dp</dimen>
    <dimen name="x232">294.30dp</dimen>
    <dimen name="x233">295.56dp</dimen>
    <dimen name="x234">296.83dp</dimen>
    <dimen name="x235">298.10dp</dimen>
    <dimen name="x236">299.37dp</dimen>
    <dimen name="x237">300.64dp</dimen>
    <dimen name="x238">301.91dp</dimen>
    <dimen name="x239">303.18dp</dimen>
    <dimen name="x240">304.44dp</dimen>
    <dimen name="x241">305.71dp</dimen>
    <dimen name="x242">306.98dp</dimen>
    <dimen name="x243">308.25dp</dimen>
    <dimen name="x244">309.52dp</dimen>
    <dimen name="x245">310.79dp</dimen>
    <dimen name="x246">312.06dp</dimen>
    <dimen name="x247">313.32dp</dimen>
    <dimen name="x248">314.59dp</dimen>
    <dimen name="x249">315.86dp</dimen>
    <dimen name="x250">317.13dp</dimen>
    <dimen name="x251">318.40dp</dimen>
    <dimen name="x252">319.67dp</dimen>
    <dimen name="x253">320.94dp</dimen>
    <dimen name="x254">322.20dp</dimen>
    <dimen name="x255">323.47dp</dimen>
    <dimen name="x256">324.74dp</dimen>
    <dimen name="x257">326.01dp</dimen>
    <dimen name="x258">327.28dp</dimen>
    <dimen name="x259">328.55dp</dimen>
    <dimen name="x260">329.81dp</dimen>
    <dimen name="x261">331.08dp</dimen>
    <dimen name="x262">332.35dp</dimen>
    <dimen name="x263">333.62dp</dimen>
    <dimen name="x264">334.89dp</dimen>
    <dimen name="x265">336.16dp</dimen>
    <dimen name="x266">337.43dp</dimen>
    <dimen name="x267">338.69dp</dimen>
    <dimen name="x268">339.96dp</dimen>
    <dimen name="x269">341.23dp</dimen>
    <dimen name="x270">342.50dp</dimen>
    <dimen name="x271">343.77dp</dimen>
    <dimen name="x272">345.04dp</dimen>
    <dimen name="x273">346.31dp</dimen>
    <dimen name="x274">347.57dp</dimen>
    <dimen name="x275">348.84dp</dimen>
    <dimen name="x276">350.11dp</dimen>
    <dimen name="x277">351.38dp</dimen>
    <dimen name="x278">352.65dp</dimen>
    <dimen name="x279">353.92dp</dimen>
    <dimen name="x280">355.19dp</dimen>
    <dimen name="x281">356.45dp</dimen>
    <dimen name="x282">357.72dp</dimen>
    <dimen name="x283">358.99dp</dimen>
    <dimen name="x284">360.26dp</dimen>
    <dimen name="x285">361.53dp</dimen>
    <dimen name="x286">362.80dp</dimen>
    <dimen name="x287">364.06dp</dimen>
    <dimen name="x288">365.33dp</dimen>
    <dimen name="x289">366.60dp</dimen>
    <dimen name="x290">367.87dp</dimen>
    <dimen name="x291">369.14dp</dimen>
    <dimen name="x292">370.41dp</dimen>
    <dimen name="x293">371.68dp</dimen>
    <dimen name="x294">372.94dp</dimen>
    <dimen name="x295">374.21dp</dimen>
    <dimen name="x296">375.48dp</dimen>
    <dimen name="x297">376.75dp</dimen>
    <dimen name="x298">378.02dp</dimen>
    <dimen name="x299">379.29dp</dimen>
    <dimen name="x300">380.56dp</dimen>
    <dimen name="x301">381.82dp</dimen>
    <dimen name="x302">383.09dp</dimen>
    <dimen name="x303">384.36dp</dimen>
    <dimen name="x304">385.63dp</dimen>
    <dimen name="x305">386.90dp</dimen>
    <dimen name="x306">388.17dp</dimen>
    <dimen name="x307">389.44dp</dimen>
    <dimen name="x308">390.70dp</dimen>
    <dimen name="x309">391.97dp</dimen>
    <dimen name="x310">393.24dp</dimen>
    <dimen name="x311">394.51dp</dimen>
    <dimen name="x312">395.78dp</dimen>
    <dimen name="x313">397.05dp</dimen>
    <dimen name="x314">398.31dp</dimen>
    <dimen name="x315">399.58dp</dimen>
    <dimen name="x316">400.85dp</dimen>
    <dimen name="x317">402.12dp</dimen>
    <dimen name="x318">403.39dp</dimen>
    <dimen name="x319">404.66dp</dimen>
    <dimen name="x320">405.93dp</dimen>
    <dimen name="x321">407.19dp</dimen>
    <dimen name="x322">408.46dp</dimen>
    <dimen name="x323">409.73dp</dimen>
    <dimen name="x324">411.00dp</dimen>
    <dimen name="x325">412.27dp</dimen>
    <dimen name="x326">413.54dp</dimen>
    <dimen name="x327">414.81dp</dimen>
    <dimen name="x328">416.07dp</dimen>
    <dimen name="x329">417.34dp</dimen>
    <dimen name="x330">418.61dp</dimen>
    <dimen name="x331">419.88dp</dimen>
    <dimen name="x332">421.15dp</dimen>
    <dimen name="x333">422.42dp</dimen>
    <dimen name="x334">423.69dp</dimen>
    <dimen name="x335">424.95dp</dimen>
    <dimen name="x336">426.22dp</dimen>
    <dimen name="x337">427.49dp</dimen>
    <dimen name="x338">428.76dp</dimen>
    <dimen name="x339">430.03dp</dimen>
    <dimen name="x340">431.30dp</dimen>
    <dimen name="x341">432.56dp</dimen>
    <dimen name="x342">433.83dp</dimen>
    <dimen name="x343">435.10dp</dimen>
    <dimen name="x344">436.37dp</dimen>
    <dimen name="x345">437.64dp</dimen>
    <dimen name="x346">438.91dp</dimen>
    <dimen name="x347">440.18dp</dimen>
    <dimen name="x348">441.44dp</dimen>
    <dimen name="x349">442.71dp</dimen>
    <dimen name="x350">443.98dp</dimen>
    <dimen name="x351">445.25dp</dimen>
    <dimen name="x352">446.52dp</dimen>
    <dimen name="x353">447.79dp</dimen>
    <dimen name="x354">449.06dp</dimen>
    <dimen name="x355">450.32dp</dimen>
    <dimen name="x356">451.59dp</dimen>
    <dimen name="x357">452.86dp</dimen>
    <dimen name="x358">454.13dp</dimen>
    <dimen name="x359">455.40dp</dimen>
    <dimen name="x360">456.67dp</dimen>
    <dimen name="x361">457.94dp</dimen>
    <dimen name="x362">459.20dp</dimen>
    <dimen name="x363">460.47dp</dimen>
    <dimen name="x364">461.74dp</dimen>
    <dimen name="x365">463.01dp</dimen>
    <dimen name="x366">464.28dp</dimen>
    <dimen name="x367">465.55dp</dimen>
    <dimen name="x368">466.81dp</dimen>
    <dimen name="x369">468.08dp</dimen>
    <dimen name="x370">469.35dp</dimen>
    <dimen name="x371">470.62dp</dimen>
    <dimen name="x372">471.89dp</dimen>
    <dimen name="x373">473.16dp</dimen>
    <dimen name="x374">474.43dp</dimen>
    <dimen name="x375">475.69dp</dimen>
    <dimen name="x376">476.96dp</dimen>
    <dimen name="x377">478.23dp</dimen>
    <dimen name="x378">479.50dp</dimen>
    <dimen name="x379">480.77dp</dimen>
    <dimen name="x380">482.04dp</dimen>
    <dimen name="x381">483.31dp</dimen>
    <dimen name="x382">484.57dp</dimen>
    <dimen name="x383">485.84dp</dimen>
    <dimen name="x384">487.11dp</dimen>
    <dimen name="x385">488.38dp</dimen>
    <dimen name="x386">489.65dp</dimen>
    <dimen name="x387">490.92dp</dimen>
    <dimen name="x388">492.19dp</dimen>
    <dimen name="x389">493.45dp</dimen>
    <dimen name="x390">494.72dp</dimen>
    <dimen name="x391">495.99dp</dimen>
    <dimen name="x392">497.26dp</dimen>
    <dimen name="x393">498.53dp</dimen>
    <dimen name="x394">499.80dp</dimen>
    <dimen name="x395">501.06dp</dimen>
    <dimen name="x396">502.33dp</dimen>
    <dimen name="x397">503.60dp</dimen>
    <dimen name="x398">504.87dp</dimen>
    <dimen name="x399">506.14dp</dimen>
    <dimen name="x400">507.41dp</dimen>
    <dimen name="x401">508.68dp</dimen>
    <dimen name="x402">509.94dp</dimen>
    <dimen name="x403">511.21dp</dimen>
    <dimen name="x404">512.48dp</dimen>
    <dimen name="x405">513.75dp</dimen>
    <dimen name="x406">515.02dp</dimen>
    <dimen name="x407">516.29dp</dimen>
    <dimen name="x408">517.56dp</dimen>
    <dimen name="x409">518.82dp</dimen>
    <dimen name="x410">520.09dp</dimen>
    <dimen name="x411">521.36dp</dimen>
    <dimen name="x412">522.63dp</dimen>
    <dimen name="x413">523.90dp</dimen>
    <dimen name="x414">525.17dp</dimen>
    <dimen name="x415">526.44dp</dimen>
    <dimen name="x416">527.70dp</dimen>
    <dimen name="x417">528.97dp</dimen>
    <dimen name="x418">530.24dp</dimen>
    <dimen name="x419">531.51dp</dimen>
    <dimen name="x420">532.78dp</dimen>
    <dimen name="x421">534.05dp</dimen>
    <dimen name="x422">535.31dp</dimen>
    <dimen name="x423">536.58dp</dimen>
    <dimen name="x424">537.85dp</dimen>
    <dimen name="x425">539.12dp</dimen>
    <dimen name="x426">540.39dp</dimen>
    <dimen name="x427">541.66dp</dimen>
    <dimen name="x428">542.93dp</dimen>
    <dimen name="x429">544.19dp</dimen>
    <dimen name="x430">545.46dp</dimen>
    <dimen name="x431">546.73dp</dimen>
    <dimen name="x432">548.00dp</dimen>
    <dimen name="x433">549.27dp</dimen>
    <dimen name="x434">550.54dp</dimen>
    <dimen name="x435">551.81dp</dimen>
    <dimen name="x436">553.07dp</dimen>
    <dimen name="x437">554.34dp</dimen>
    <dimen name="x438">555.61dp</dimen>
    <dimen name="x439">556.88dp</dimen>
    <dimen name="x440">558.15dp</dimen>
    <dimen name="x441">559.42dp</dimen>
    <dimen name="x442">560.69dp</dimen>
    <dimen name="x443">561.95dp</dimen>
    <dimen name="x444">563.22dp</dimen>
    <dimen name="x445">564.49dp</dimen>
    <dimen name="x446">565.76dp</dimen>
    <dimen name="x447">567.03dp</dimen>
    <dimen name="x448">568.30dp</dimen>
    <dimen name="x449">569.56dp</dimen>
    <dimen name="x450">570.83dp</dimen>
    <dimen name="x451">572.10dp</dimen>
    <dimen name="x452">573.37dp</dimen>
    <dimen name="x453">574.64dp</dimen>
    <dimen name="x454">575.91dp</dimen>
    <dimen name="x455">577.18dp</dimen>
    <dimen name="x456">578.44dp</dimen>
    <dimen name="x457">579.71dp</dimen>
    <dimen name="x458">580.98dp</dimen>
    <dimen name="x459">582.25dp</dimen>
    <dimen name="x460">583.52dp</dimen>
    <dimen name="x461">584.79dp</dimen>
    <dimen name="x462">586.06dp</dimen>
    <dimen name="x463">587.32dp</dimen>
    <dimen name="x464">588.59dp</dimen>
    <dimen name="x465">589.86dp</dimen>
    <dimen name="x466">591.13dp</dimen>
    <dimen name="x467">592.40dp</dimen>
    <dimen name="x468">593.67dp</dimen>
    <dimen name="x469">594.94dp</dimen>
    <dimen name="x470">596.20dp</dimen>
    <dimen name="x471">597.47dp</dimen>
    <dimen name="x472">598.74dp</dimen>
    <dimen name="x473">600.01dp</dimen>
    <dimen name="x474">601.28dp</dimen>
    <dimen name="x475">602.55dp</dimen>
    <dimen name="x476">603.81dp</dimen>
    <dimen name="x477">605.08dp</dimen>
    <dimen name="x478">606.35dp</dimen>
    <dimen name="x479">607.62dp</dimen>
    <dimen name="x480">608.89dp</dimen>
    <dimen name="x481">610.16dp</dimen>
    <dimen name="x482">611.43dp</dimen>
    <dimen name="x483">612.69dp</dimen>
    <dimen name="x484">613.96dp</dimen>
    <dimen name="x485">615.23dp</dimen>
    <dimen name="x486">616.50dp</dimen>
    <dimen name="x487">617.77dp</dimen>
    <dimen name="x488">619.04dp</dimen>
    <dimen name="x489">620.31dp</dimen>
    <dimen name="x490">621.57dp</dimen>
    <dimen name="x491">622.84dp</dimen>
    <dimen name="x492">624.11dp</dimen>
    <dimen name="x493">625.38dp</dimen>
    <dimen name="x494">626.65dp</dimen>
    <dimen name="x495">627.92dp</dimen>
    <dimen name="x496">629.19dp</dimen>
    <dimen name="x497">630.45dp</dimen>
    <dimen name="x498">631.72dp</dimen>
    <dimen name="x499">632.99dp</dimen>
    <dimen name="x500">634.26dp</dimen>
    <dimen name="x501">635.53dp</dimen>
    <dimen name="x502">636.80dp</dimen>
    <dimen name="x503">638.06dp</dimen>
    <dimen name="x504">639.33dp</dimen>
    <dimen name="x505">640.60dp</dimen>
    <dimen name="x506">641.87dp</dimen>
    <dimen name="x507">643.14dp</dimen>
    <dimen name="x508">644.41dp</dimen>
    <dimen name="x509">645.68dp</dimen>
    <dimen name="x510">646.94dp</dimen>
    <dimen name="x511">648.21dp</dimen>
    <dimen name="x512">649.48dp</dimen>
    <dimen name="x513">650.75dp</dimen>
    <dimen name="x514">652.02dp</dimen>
    <dimen name="x515">653.29dp</dimen>
    <dimen name="x516">654.56dp</dimen>
    <dimen name="x517">655.82dp</dimen>
    <dimen name="x518">657.09dp</dimen>
    <dimen name="x519">658.36dp</dimen>
    <dimen name="x520">659.63dp</dimen>
    <dimen name="x521">660.90dp</dimen>
    <dimen name="x522">662.17dp</dimen>
    <dimen name="x523">663.44dp</dimen>
    <dimen name="x524">664.70dp</dimen>
    <dimen name="x525">665.97dp</dimen>
    <dimen name="x526">667.24dp</dimen>
    <dimen name="x527">668.51dp</dimen>
    <dimen name="x528">669.78dp</dimen>
    <dimen name="x529">671.05dp</dimen>
    <dimen name="x530">672.31dp</dimen>
    <dimen name="x531">673.58dp</dimen>
    <dimen name="x532">674.85dp</dimen>
    <dimen name="x533">676.12dp</dimen>
    <dimen name="x534">677.39dp</dimen>
    <dimen name="x535">678.66dp</dimen>
    <dimen name="x536">679.93dp</dimen>
    <dimen name="x537">681.19dp</dimen>
    <dimen name="x538">682.46dp</dimen>
    <dimen name="x539">683.73dp</dimen>
    <dimen name="x540">685.00dp</dimen>
    <dimen name="x541">686.27dp</dimen>
    <dimen name="x542">687.54dp</dimen>
    <dimen name="x543">688.81dp</dimen>
    <dimen name="x544">690.07dp</dimen>
    <dimen name="x545">691.34dp</dimen>
    <dimen name="x546">692.61dp</dimen>
    <dimen name="x547">693.88dp</dimen>
    <dimen name="x548">695.15dp</dimen>
    <dimen name="x549">696.42dp</dimen>
    <dimen name="x550">697.69dp</dimen>
    <dimen name="x551">698.95dp</dimen>
    <dimen name="x552">700.22dp</dimen>
    <dimen name="x553">701.49dp</dimen>
    <dimen name="x554">702.76dp</dimen>
    <dimen name="x555">704.03dp</dimen>
    <dimen name="x556">705.30dp</dimen>
    <dimen name="x557">706.56dp</dimen>
    <dimen name="x558">707.83dp</dimen>
    <dimen name="x559">709.10dp</dimen>
    <dimen name="x560">710.37dp</dimen>
    <dimen name="x561">711.64dp</dimen>
    <dimen name="x562">712.91dp</dimen>
    <dimen name="x563">714.18dp</dimen>
    <dimen name="x564">715.44dp</dimen>
    <dimen name="x565">716.71dp</dimen>
    <dimen name="x566">717.98dp</dimen>
    <dimen name="x567">719.25dp</dimen>
    <dimen name="x568">720.52dp</dimen>
    <dimen name="x569">721.79dp</dimen>
    <dimen name="x570">723.06dp</dimen>
    <dimen name="x571">724.32dp</dimen>
    <dimen name="x572">725.59dp</dimen>
    <dimen name="x573">726.86dp</dimen>
    <dimen name="x574">728.13dp</dimen>
    <dimen name="x575">729.40dp</dimen>
    <dimen name="x576">730.67dp</dimen>
    <dimen name="x577">731.94dp</dimen>
    <dimen name="x578">733.20dp</dimen>
    <dimen name="x579">734.47dp</dimen>
    <dimen name="x580">735.74dp</dimen>
    <dimen name="x581">737.01dp</dimen>
    <dimen name="x582">738.28dp</dimen>
    <dimen name="x583">739.55dp</dimen>
    <dimen name="x584">740.81dp</dimen>
    <dimen name="x585">742.08dp</dimen>
    <dimen name="x586">743.35dp</dimen>
    <dimen name="x587">744.62dp</dimen>
    <dimen name="x588">745.89dp</dimen>
    <dimen name="x589">747.16dp</dimen>
    <dimen name="x590">748.43dp</dimen>
    <dimen name="x591">749.69dp</dimen>
    <dimen name="x592">750.96dp</dimen>
    <dimen name="x593">752.23dp</dimen>
    <dimen name="x594">753.50dp</dimen>
    <dimen name="x595">754.77dp</dimen>
    <dimen name="x596">756.04dp</dimen>
    <dimen name="x597">757.31dp</dimen>
    <dimen name="x598">758.57dp</dimen>
    <dimen name="x599">759.84dp</dimen>
    <dimen name="x600">761.11dp</dimen>
    <dimen name="x601">762.38dp</dimen>
    <dimen name="x602">763.65dp</dimen>
    <dimen name="x603">764.92dp</dimen>
    <dimen name="x604">766.19dp</dimen>
    <dimen name="x605">767.45dp</dimen>
    <dimen name="x606">768.72dp</dimen>
    <dimen name="x607">769.99dp</dimen>
    <dimen name="x608">771.26dp</dimen>
    <dimen name="x609">772.53dp</dimen>
    <dimen name="x610">773.80dp</dimen>
    <dimen name="x611">775.06dp</dimen>
    <dimen name="x612">776.33dp</dimen>
    <dimen name="x613">777.60dp</dimen>
    <dimen name="x614">778.87dp</dimen>
    <dimen name="x615">780.14dp</dimen>
    <dimen name="x616">781.41dp</dimen>
    <dimen name="x617">782.68dp</dimen>
    <dimen name="x618">783.94dp</dimen>
    <dimen name="x619">785.21dp</dimen>
    <dimen name="x620">786.48dp</dimen>
    <dimen name="x621">787.75dp</dimen>
    <dimen name="x622">789.02dp</dimen>
    <dimen name="x623">790.29dp</dimen>
    <dimen name="x624">791.56dp</dimen>
    <dimen name="x625">792.82dp</dimen>
    <dimen name="x626">794.09dp</dimen>
    <dimen name="x627">795.36dp</dimen>
    <dimen name="x628">796.63dp</dimen>
    <dimen name="x629">797.90dp</dimen>
    <dimen name="x630">799.17dp</dimen>
    <dimen name="x631">800.44dp</dimen>
    <dimen name="x632">801.70dp</dimen>
    <dimen name="x633">802.97dp</dimen>
    <dimen name="x634">804.24dp</dimen>
    <dimen name="x635">805.51dp</dimen>
    <dimen name="x636">806.78dp</dimen>
    <dimen name="x637">808.05dp</dimen>
    <dimen name="x638">809.31dp</dimen>
    <dimen name="x639">810.58dp</dimen>
    <dimen name="x640">811.85dp</dimen>
    <dimen name="x641">813.12dp</dimen>
    <dimen name="x642">814.39dp</dimen>
    <dimen name="x643">815.66dp</dimen>
    <dimen name="x644">816.93dp</dimen>
    <dimen name="x645">818.19dp</dimen>
    <dimen name="x646">819.46dp</dimen>
    <dimen name="x647">820.73dp</dimen>
    <dimen name="x648">822.00dp</dimen>
    <dimen name="x649">823.27dp</dimen>
    <dimen name="x650">824.54dp</dimen>
    <dimen name="x651">825.81dp</dimen>
    <dimen name="x652">827.07dp</dimen>
    <dimen name="x653">828.34dp</dimen>
    <dimen name="x654">829.61dp</dimen>
    <dimen name="x655">830.88dp</dimen>
    <dimen name="x656">832.15dp</dimen>
    <dimen name="x657">833.42dp</dimen>
    <dimen name="x658">834.69dp</dimen>
    <dimen name="x659">835.95dp</dimen>
    <dimen name="x660">837.22dp</dimen>
    <dimen name="x661">838.49dp</dimen>
    <dimen name="x662">839.76dp</dimen>
    <dimen name="x663">841.03dp</dimen>
    <dimen name="x664">842.30dp</dimen>
    <dimen name="x665">843.56dp</dimen>
    <dimen name="x666">844.83dp</dimen>
    <dimen name="x667">846.10dp</dimen>
    <dimen name="x668">847.37dp</dimen>
    <dimen name="x669">848.64dp</dimen>
    <dimen name="x670">849.91dp</dimen>
    <dimen name="x671">851.18dp</dimen>
    <dimen name="x672">852.44dp</dimen>
    <dimen name="x673">853.71dp</dimen>
    <dimen name="x674">854.98dp</dimen>
    <dimen name="x675">856.25dp</dimen>
    <dimen name="x676">857.52dp</dimen>
    <dimen name="x677">858.79dp</dimen>
    <dimen name="x678">860.06dp</dimen>
    <dimen name="x679">861.32dp</dimen>
    <dimen name="x680">862.59dp</dimen>
    <dimen name="x681">863.86dp</dimen>
    <dimen name="x682">865.13dp</dimen>
    <dimen name="x683">866.40dp</dimen>
    <dimen name="x684">867.67dp</dimen>
    <dimen name="x685">868.94dp</dimen>
    <dimen name="x686">870.20dp</dimen>
    <dimen name="x687">871.47dp</dimen>
    <dimen name="x688">872.74dp</dimen>
    <dimen name="x689">874.01dp</dimen>
    <dimen name="x690">875.28dp</dimen>
    <dimen name="x691">876.55dp</dimen>
    <dimen name="x692">877.81dp</dimen>
    <dimen name="x693">879.08dp</dimen>
    <dimen name="x694">880.35dp</dimen>
    <dimen name="x695">881.62dp</dimen>
    <dimen name="x696">882.89dp</dimen>
    <dimen name="x697">884.16dp</dimen>
    <dimen name="x698">885.43dp</dimen>
    <dimen name="x699">886.69dp</dimen>
    <dimen name="x700">887.96dp</dimen>
    <dimen name="x701">889.23dp</dimen>
    <dimen name="x702">890.50dp</dimen>
    <dimen name="x703">891.77dp</dimen>
    <dimen name="x704">893.04dp</dimen>
    <dimen name="x705">894.31dp</dimen>
    <dimen name="x706">895.57dp</dimen>
    <dimen name="x707">896.84dp</dimen>
    <dimen name="x708">898.11dp</dimen>
    <dimen name="x709">899.38dp</dimen>
    <dimen name="x710">900.65dp</dimen>
    <dimen name="x711">901.92dp</dimen>
    <dimen name="x712">903.19dp</dimen>
    <dimen name="x713">904.45dp</dimen>
    <dimen name="x714">905.72dp</dimen>
    <dimen name="x715">906.99dp</dimen>
    <dimen name="x716">908.26dp</dimen>
    <dimen name="x717">909.53dp</dimen>
    <dimen name="x718">910.80dp</dimen>
    <dimen name="x719">912.06dp</dimen>
    <dimen name="x720">913.33dp</dimen>
    <dimen name="x721">914.60dp</dimen>
    <dimen name="x722">915.87dp</dimen>
    <dimen name="x723">917.14dp</dimen>
    <dimen name="x724">918.41dp</dimen>
    <dimen name="x725">919.68dp</dimen>
    <dimen name="x726">920.94dp</dimen>
    <dimen name="x727">922.21dp</dimen>
    <dimen name="x728">923.48dp</dimen>
    <dimen name="x729">924.75dp</dimen>
    <dimen name="x730">926.02dp</dimen>
    <dimen name="x731">927.29dp</dimen>
    <dimen name="x732">928.56dp</dimen>
    <dimen name="x733">929.82dp</dimen>
    <dimen name="x734">931.09dp</dimen>
    <dimen name="x735">932.36dp</dimen>
    <dimen name="x736">933.63dp</dimen>
    <dimen name="x737">934.90dp</dimen>
    <dimen name="x738">936.17dp</dimen>
    <dimen name="x739">937.44dp</dimen>
    <dimen name="x740">938.70dp</dimen>
    <dimen name="x741">939.97dp</dimen>
    <dimen name="x742">941.24dp</dimen>
    <dimen name="x743">942.51dp</dimen>
    <dimen name="x744">943.78dp</dimen>
    <dimen name="x745">945.05dp</dimen>
    <dimen name="x746">946.31dp</dimen>
    <dimen name="x747">947.58dp</dimen>
    <dimen name="x748">948.85dp</dimen>
    <dimen name="x749">950.12dp</dimen>
    <dimen name="x750">951.39dp</dimen>
    <dimen name="x751">952.66dp</dimen>
    <dimen name="x752">953.93dp</dimen>
    <dimen name="x753">955.19dp</dimen>
    <dimen name="x754">956.46dp</dimen>
    <dimen name="x755">957.73dp</dimen>
    <dimen name="x756">959.00dp</dimen>
    <dimen name="x757">960.27dp</dimen>
    <dimen name="x758">961.54dp</dimen>
    <dimen name="x759">962.81dp</dimen>
    <dimen name="x760">964.07dp</dimen>
    <dimen name="x761">965.34dp</dimen>
    <dimen name="x762">966.61dp</dimen>
    <dimen name="x763">967.88dp</dimen>
    <dimen name="x764">969.15dp</dimen>
    <dimen name="x765">970.42dp</dimen>
    <dimen name="x766">971.69dp</dimen>
    <dimen name="x767">972.95dp</dimen>
    <dimen name="x768">974.22dp</dimen>
    <dimen name="x769">975.49dp</dimen>
    <dimen name="x770">976.76dp</dimen>
    <dimen name="x771">978.03dp</dimen>
    <dimen name="x772">979.30dp</dimen>
    <dimen name="x773">980.56dp</dimen>
    <dimen name="x774">981.83dp</dimen>
    <dimen name="x775">983.10dp</dimen>
    <dimen name="x776">984.37dp</dimen>
    <dimen name="x777">985.64dp</dimen>
    <dimen name="x778">986.91dp</dimen>
    <dimen name="x779">988.18dp</dimen>
    <dimen name="x780">989.44dp</dimen>
    <dimen name="x781">990.71dp</dimen>
    <dimen name="x782">991.98dp</dimen>
    <dimen name="x783">993.25dp</dimen>
    <dimen name="x784">994.52dp</dimen>
    <dimen name="x785">995.79dp</dimen>
    <dimen name="x786">997.06dp</dimen>
    <dimen name="x787">998.32dp</dimen>
    <dimen name="x788">999.59dp</dimen>
    <dimen name="x789">1000.86dp</dimen>
    <dimen name="x790">1002.13dp</dimen>
    <dimen name="x791">1003.40dp</dimen>
    <dimen name="x792">1004.67dp</dimen>
    <dimen name="x793">1005.94dp</dimen>
    <dimen name="x794">1007.20dp</dimen>
    <dimen name="x795">1008.47dp</dimen>
    <dimen name="x796">1009.74dp</dimen>
    <dimen name="x797">1011.01dp</dimen>
    <dimen name="x798">1012.28dp</dimen>
    <dimen name="x799">1013.55dp</dimen>
    <dimen name="x800">1014.81dp</dimen>
    <dimen name="x801">1016.08dp</dimen>
    <dimen name="x802">1017.35dp</dimen>
    <dimen name="x803">1018.62dp</dimen>
    <dimen name="x804">1019.89dp</dimen>
    <dimen name="x805">1021.16dp</dimen>
    <dimen name="x806">1022.43dp</dimen>
    <dimen name="x807">1023.69dp</dimen>
    <dimen name="x808">1024.96dp</dimen>
    <dimen name="x809">1026.23dp</dimen>
    <dimen name="x810">1027.50dp</dimen>
    <dimen name="x811">1028.77dp</dimen>
    <dimen name="x812">1030.04dp</dimen>
    <dimen name="x813">1031.31dp</dimen>
    <dimen name="x814">1032.57dp</dimen>
    <dimen name="x815">1033.84dp</dimen>
    <dimen name="x816">1035.11dp</dimen>
    <dimen name="x817">1036.38dp</dimen>
    <dimen name="x818">1037.65dp</dimen>
    <dimen name="x819">1038.92dp</dimen>
    <dimen name="x820">1040.19dp</dimen>
    <dimen name="x821">1041.45dp</dimen>
    <dimen name="x822">1042.72dp</dimen>
    <dimen name="x823">1043.99dp</dimen>
    <dimen name="x824">1045.26dp</dimen>
    <dimen name="x825">1046.53dp</dimen>
    <dimen name="x826">1047.80dp</dimen>
    <dimen name="x827">1049.06dp</dimen>
    <dimen name="x828">1050.33dp</dimen>
    <dimen name="x829">1051.60dp</dimen>
    <dimen name="x830">1052.87dp</dimen>
    <dimen name="x831">1054.14dp</dimen>
    <dimen name="x832">1055.41dp</dimen>
    <dimen name="x833">1056.68dp</dimen>
    <dimen name="x834">1057.94dp</dimen>
    <dimen name="x835">1059.21dp</dimen>
    <dimen name="x836">1060.48dp</dimen>
    <dimen name="x837">1061.75dp</dimen>
    <dimen name="x838">1063.02dp</dimen>
    <dimen name="x839">1064.29dp</dimen>
    <dimen name="x840">1065.56dp</dimen>
    <dimen name="x841">1066.82dp</dimen>
    <dimen name="x842">1068.09dp</dimen>
    <dimen name="x843">1069.36dp</dimen>
    <dimen name="x844">1070.63dp</dimen>
    <dimen name="x845">1071.90dp</dimen>
    <dimen name="x846">1073.17dp</dimen>
    <dimen name="x847">1074.44dp</dimen>
    <dimen name="x848">1075.70dp</dimen>
    <dimen name="x849">1076.97dp</dimen>
    <dimen name="x850">1078.24dp</dimen>
    <dimen name="x851">1079.51dp</dimen>
    <dimen name="x852">1080.78dp</dimen>
    <dimen name="x853">1082.05dp</dimen>
    <dimen name="x854">1083.31dp</dimen>
    <dimen name="x855">1084.58dp</dimen>
    <dimen name="x856">1085.85dp</dimen>
    <dimen name="x857">1087.12dp</dimen>
    <dimen name="x858">1088.39dp</dimen>
    <dimen name="x859">1089.66dp</dimen>
    <dimen name="x860">1090.93dp</dimen>
    <dimen name="x861">1092.19dp</dimen>
    <dimen name="x862">1093.46dp</dimen>
    <dimen name="x863">1094.73dp</dimen>
    <dimen name="x864">1096.00dp</dimen>
    <dimen name="x865">1097.27dp</dimen>
    <dimen name="x866">1098.54dp</dimen>
    <dimen name="x867">1099.81dp</dimen>
    <dimen name="x868">1101.07dp</dimen>
    <dimen name="x869">1102.34dp</dimen>
    <dimen name="x870">1103.61dp</dimen>
    <dimen name="x871">1104.88dp</dimen>
    <dimen name="x872">1106.15dp</dimen>
    <dimen name="x873">1107.42dp</dimen>
    <dimen name="x874">1108.69dp</dimen>
    <dimen name="x875">1109.95dp</dimen>
    <dimen name="x876">1111.22dp</dimen>
    <dimen name="x877">1112.49dp</dimen>
    <dimen name="x878">1113.76dp</dimen>
    <dimen name="x879">1115.03dp</dimen>
    <dimen name="x880">1116.30dp</dimen>
    <dimen name="x881">1117.56dp</dimen>
    <dimen name="x882">1118.83dp</dimen>
    <dimen name="x883">1120.10dp</dimen>
    <dimen name="x884">1121.37dp</dimen>
    <dimen name="x885">1122.64dp</dimen>
    <dimen name="x886">1123.91dp</dimen>
    <dimen name="x887">1125.18dp</dimen>
    <dimen name="x888">1126.44dp</dimen>
    <dimen name="x889">1127.71dp</dimen>
    <dimen name="x890">1128.98dp</dimen>
    <dimen name="x891">1130.25dp</dimen>
    <dimen name="x892">1131.52dp</dimen>
    <dimen name="x893">1132.79dp</dimen>
    <dimen name="x894">1134.06dp</dimen>
    <dimen name="x895">1135.32dp</dimen>
    <dimen name="x896">1136.59dp</dimen>
    <dimen name="x897">1137.86dp</dimen>
    <dimen name="x898">1139.13dp</dimen>
    <dimen name="x899">1140.40dp</dimen>
    <dimen name="x900">1141.67dp</dimen>
    <dimen name="x901">1142.94dp</dimen>
    <dimen name="x902">1144.20dp</dimen>
    <dimen name="x903">1145.47dp</dimen>
    <dimen name="x904">1146.74dp</dimen>
    <dimen name="x905">1148.01dp</dimen>
    <dimen name="x906">1149.28dp</dimen>
    <dimen name="x907">1150.55dp</dimen>
    <dimen name="x908">1151.81dp</dimen>
    <dimen name="x909">1153.08dp</dimen>
    <dimen name="x910">1154.35dp</dimen>
    <dimen name="x911">1155.62dp</dimen>
    <dimen name="x912">1156.89dp</dimen>
    <dimen name="x913">1158.16dp</dimen>
    <dimen name="x914">1159.43dp</dimen>
    <dimen name="x915">1160.69dp</dimen>
    <dimen name="x916">1161.96dp</dimen>
    <dimen name="x917">1163.23dp</dimen>
    <dimen name="x918">1164.50dp</dimen>
    <dimen name="x919">1165.77dp</dimen>
    <dimen name="x920">1167.04dp</dimen>
    <dimen name="x921">1168.31dp</dimen>
    <dimen name="x922">1169.57dp</dimen>
    <dimen name="x923">1170.84dp</dimen>
    <dimen name="x924">1172.11dp</dimen>
    <dimen name="x925">1173.38dp</dimen>
    <dimen name="x926">1174.65dp</dimen>
    <dimen name="x927">1175.92dp</dimen>
    <dimen name="x928">1177.19dp</dimen>
    <dimen name="x929">1178.45dp</dimen>
    <dimen name="x930">1179.72dp</dimen>
    <dimen name="x931">1180.99dp</dimen>
    <dimen name="x932">1182.26dp</dimen>
    <dimen name="x933">1183.53dp</dimen>
    <dimen name="x934">1184.80dp</dimen>
    <dimen name="x935">1186.06dp</dimen>
    <dimen name="x936">1187.33dp</dimen>
    <dimen name="x937">1188.60dp</dimen>
    <dimen name="x938">1189.87dp</dimen>
    <dimen name="x939">1191.14dp</dimen>
    <dimen name="x940">1192.41dp</dimen>
    <dimen name="x941">1193.68dp</dimen>
    <dimen name="x942">1194.94dp</dimen>
    <dimen name="x943">1196.21dp</dimen>
    <dimen name="x944">1197.48dp</dimen>
    <dimen name="x945">1198.75dp</dimen>
    <dimen name="x946">1200.02dp</dimen>
    <dimen name="x947">1201.29dp</dimen>
    <dimen name="x948">1202.56dp</dimen>
    <dimen name="x949">1203.82dp</dimen>
    <dimen name="x950">1205.09dp</dimen>
    <dimen name="x951">1206.36dp</dimen>
    <dimen name="x952">1207.63dp</dimen>
    <dimen name="x953">1208.90dp</dimen>
    <dimen name="x954">1210.17dp</dimen>
    <dimen name="x955">1211.44dp</dimen>
    <dimen name="x956">1212.70dp</dimen>
    <dimen name="x957">1213.97dp</dimen>
    <dimen name="x958">1215.24dp</dimen>
    <dimen name="x959">1216.51dp</dimen>
    <dimen name="x960">1217.78dp</dimen>
    <dimen name="x961">1219.05dp</dimen>
    <dimen name="x962">1220.31dp</dimen>
    <dimen name="x963">1221.58dp</dimen>
    <dimen name="x964">1222.85dp</dimen>
    <dimen name="x965">1224.12dp</dimen>
    <dimen name="x966">1225.39dp</dimen>
    <dimen name="x967">1226.66dp</dimen>
    <dimen name="x968">1227.93dp</dimen>
    <dimen name="x969">1229.19dp</dimen>
    <dimen name="x970">1230.46dp</dimen>
    <dimen name="x971">1231.73dp</dimen>
    <dimen name="x972">1233.00dp</dimen>
    <dimen name="x973">1234.27dp</dimen>
    <dimen name="x974">1235.54dp</dimen>
    <dimen name="x975">1236.81dp</dimen>
    <dimen name="x976">1238.07dp</dimen>
    <dimen name="x977">1239.34dp</dimen>
    <dimen name="x978">1240.61dp</dimen>
    <dimen name="x979">1241.88dp</dimen>
    <dimen name="x980">1243.15dp</dimen>
    <dimen name="x981">1244.42dp</dimen>
    <dimen name="x982">1245.69dp</dimen>
    <dimen name="x983">1246.95dp</dimen>
    <dimen name="x984">1248.22dp</dimen>
    <dimen name="x985">1249.49dp</dimen>
    <dimen name="x986">1250.76dp</dimen>
    <dimen name="x987">1252.03dp</dimen>
    <dimen name="x988">1253.30dp</dimen>
    <dimen name="x989">1254.56dp</dimen>
    <dimen name="x990">1255.83dp</dimen>
    <dimen name="x991">1257.10dp</dimen>
    <dimen name="x992">1258.37dp</dimen>
    <dimen name="x993">1259.64dp</dimen>
    <dimen name="x994">1260.91dp</dimen>
    <dimen name="x995">1262.18dp</dimen>
    <dimen name="x996">1263.44dp</dimen>
    <dimen name="x997">1264.71dp</dimen>
    <dimen name="x998">1265.98dp</dimen>
    <dimen name="x999">1267.25dp</dimen>
    <dimen name="x1000">1268.52dp</dimen>
    <dimen name="x1001">1269.79dp</dimen>
    <dimen name="x1002">1271.06dp</dimen>
    <dimen name="x1003">1272.32dp</dimen>
    <dimen name="x1004">1273.59dp</dimen>
    <dimen name="x1005">1274.86dp</dimen>
    <dimen name="x1006">1276.13dp</dimen>
    <dimen name="x1007">1277.40dp</dimen>
    <dimen name="x1008">1278.67dp</dimen>
    <dimen name="x1009">1279.94dp</dimen>
    <dimen name="x1010">1281.20dp</dimen>
    <dimen name="x1011">1282.47dp</dimen>
    <dimen name="x1012">1283.74dp</dimen>
    <dimen name="x1013">1285.01dp</dimen>
    <dimen name="x1014">1286.28dp</dimen>
    <dimen name="x1015">1287.55dp</dimen>
    <dimen name="x1016">1288.81dp</dimen>
    <dimen name="x1017">1290.08dp</dimen>
    <dimen name="x1018">1291.35dp</dimen>
    <dimen name="x1019">1292.62dp</dimen>
    <dimen name="x1020">1293.89dp</dimen>
    <dimen name="x1021">1295.16dp</dimen>
    <dimen name="x1022">1296.43dp</dimen>
    <dimen name="x1023">1297.69dp</dimen>
    <dimen name="x1024">1298.96dp</dimen>
    <dimen name="x1025">1300.23dp</dimen>
    <dimen name="x1026">1301.50dp</dimen>
    <dimen name="x1027">1302.77dp</dimen>
    <dimen name="x1028">1304.04dp</dimen>
    <dimen name="x1029">1305.31dp</dimen>
    <dimen name="x1030">1306.57dp</dimen>
    <dimen name="x1031">1307.84dp</dimen>
    <dimen name="x1032">1309.11dp</dimen>
    <dimen name="x1033">1310.38dp</dimen>
    <dimen name="x1034">1311.65dp</dimen>
    <dimen name="x1035">1312.92dp</dimen>
    <dimen name="x1036">1314.19dp</dimen>
    <dimen name="x1037">1315.45dp</dimen>
    <dimen name="x1038">1316.72dp</dimen>
    <dimen name="x1039">1317.99dp</dimen>
    <dimen name="x1040">1319.26dp</dimen>
    <dimen name="x1041">1320.53dp</dimen>
    <dimen name="x1042">1321.80dp</dimen>
    <dimen name="x1043">1323.06dp</dimen>
    <dimen name="x1044">1324.33dp</dimen>
    <dimen name="x1045">1325.60dp</dimen>
    <dimen name="x1046">1326.87dp</dimen>
    <dimen name="x1047">1328.14dp</dimen>
    <dimen name="x1048">1329.41dp</dimen>
    <dimen name="x1049">1330.68dp</dimen>
    <dimen name="x1050">1331.94dp</dimen>
    <dimen name="x1051">1333.21dp</dimen>
    <dimen name="x1052">1334.48dp</dimen>
    <dimen name="x1053">1335.75dp</dimen>
    <dimen name="x1054">1337.02dp</dimen>
    <dimen name="x1055">1338.29dp</dimen>
    <dimen name="x1056">1339.56dp</dimen>
    <dimen name="x1057">1340.82dp</dimen>
    <dimen name="x1058">1342.09dp</dimen>
    <dimen name="x1059">1343.36dp</dimen>
    <dimen name="x1060">1344.63dp</dimen>
    <dimen name="x1061">1345.90dp</dimen>
    <dimen name="x1062">1347.17dp</dimen>
    <dimen name="x1063">1348.44dp</dimen>
    <dimen name="x1064">1349.70dp</dimen>
    <dimen name="x1065">1350.97dp</dimen>
    <dimen name="x1066">1352.24dp</dimen>
    <dimen name="x1067">1353.51dp</dimen>
    <dimen name="x1068">1354.78dp</dimen>
    <dimen name="x1069">1356.05dp</dimen>
    <dimen name="x1070">1357.31dp</dimen>
    <dimen name="x1071">1358.58dp</dimen>
    <dimen name="x1072">1359.85dp</dimen>
    <dimen name="x1073">1361.12dp</dimen>
    <dimen name="x1074">1362.39dp</dimen>
    <dimen name="x1075">1363.66dp</dimen>
    <dimen name="x1076">1364.93dp</dimen>
    <dimen name="x1077">1366.19dp</dimen>
    <dimen name="x1078">1367.46dp</dimen>
    <dimen name="x1079">1368.73dp</dimen>
    <dimen name="x1080">1370.00dp</dimen>
</resources>