<?xml version="1.0" encoding="utf-8"?>
<resources>
    <string name="sw_dp">1250dp</string>
    <dimen name="x1">1.16dp</dimen>
    <dimen name="x2">2.31dp</dimen>
    <dimen name="x3">3.47dp</dimen>
    <dimen name="x4">4.63dp</dimen>
    <dimen name="x5">5.79dp</dimen>
    <dimen name="x6">6.94dp</dimen>
    <dimen name="x7">8.10dp</dimen>
    <dimen name="x8">9.26dp</dimen>
    <dimen name="x9">10.42dp</dimen>
    <dimen name="x10">11.57dp</dimen>
    <dimen name="x11">12.73dp</dimen>
    <dimen name="x12">13.89dp</dimen>
    <dimen name="x13">15.05dp</dimen>
    <dimen name="x14">16.20dp</dimen>
    <dimen name="x15">17.36dp</dimen>
    <dimen name="x16">18.52dp</dimen>
    <dimen name="x17">19.68dp</dimen>
    <dimen name="x18">20.83dp</dimen>
    <dimen name="x19">21.99dp</dimen>
    <dimen name="x20">23.15dp</dimen>
    <dimen name="x21">24.31dp</dimen>
    <dimen name="x22">25.46dp</dimen>
    <dimen name="x23">26.62dp</dimen>
    <dimen name="x24">27.78dp</dimen>
    <dimen name="x25">28.94dp</dimen>
    <dimen name="x26">30.09dp</dimen>
    <dimen name="x27">31.25dp</dimen>
    <dimen name="x28">32.41dp</dimen>
    <dimen name="x29">33.56dp</dimen>
    <dimen name="x30">34.72dp</dimen>
    <dimen name="x31">35.88dp</dimen>
    <dimen name="x32">37.04dp</dimen>
    <dimen name="x33">38.19dp</dimen>
    <dimen name="x34">39.35dp</dimen>
    <dimen name="x35">40.51dp</dimen>
    <dimen name="x36">41.67dp</dimen>
    <dimen name="x37">42.82dp</dimen>
    <dimen name="x38">43.98dp</dimen>
    <dimen name="x39">45.14dp</dimen>
    <dimen name="x40">46.30dp</dimen>
    <dimen name="x41">47.45dp</dimen>
    <dimen name="x42">48.61dp</dimen>
    <dimen name="x43">49.77dp</dimen>
    <dimen name="x44">50.93dp</dimen>
    <dimen name="x45">52.08dp</dimen>
    <dimen name="x46">53.24dp</dimen>
    <dimen name="x47">54.40dp</dimen>
    <dimen name="x48">55.56dp</dimen>
    <dimen name="x49">56.71dp</dimen>
    <dimen name="x50">57.87dp</dimen>
    <dimen name="x51">59.03dp</dimen>
    <dimen name="x52">60.19dp</dimen>
    <dimen name="x53">61.34dp</dimen>
    <dimen name="x54">62.50dp</dimen>
    <dimen name="x55">63.66dp</dimen>
    <dimen name="x56">64.81dp</dimen>
    <dimen name="x57">65.97dp</dimen>
    <dimen name="x58">67.13dp</dimen>
    <dimen name="x59">68.29dp</dimen>
    <dimen name="x60">69.44dp</dimen>
    <dimen name="x61">70.60dp</dimen>
    <dimen name="x62">71.76dp</dimen>
    <dimen name="x63">72.92dp</dimen>
    <dimen name="x64">74.07dp</dimen>
    <dimen name="x65">75.23dp</dimen>
    <dimen name="x66">76.39dp</dimen>
    <dimen name="x67">77.55dp</dimen>
    <dimen name="x68">78.70dp</dimen>
    <dimen name="x69">79.86dp</dimen>
    <dimen name="x70">81.02dp</dimen>
    <dimen name="x71">82.18dp</dimen>
    <dimen name="x72">83.33dp</dimen>
    <dimen name="x73">84.49dp</dimen>
    <dimen name="x74">85.65dp</dimen>
    <dimen name="x75">86.81dp</dimen>
    <dimen name="x76">87.96dp</dimen>
    <dimen name="x77">89.12dp</dimen>
    <dimen name="x78">90.28dp</dimen>
    <dimen name="x79">91.44dp</dimen>
    <dimen name="x80">92.59dp</dimen>
    <dimen name="x81">93.75dp</dimen>
    <dimen name="x82">94.91dp</dimen>
    <dimen name="x83">96.06dp</dimen>
    <dimen name="x84">97.22dp</dimen>
    <dimen name="x85">98.38dp</dimen>
    <dimen name="x86">99.54dp</dimen>
    <dimen name="x87">100.69dp</dimen>
    <dimen name="x88">101.85dp</dimen>
    <dimen name="x89">103.01dp</dimen>
    <dimen name="x90">104.17dp</dimen>
    <dimen name="x91">105.32dp</dimen>
    <dimen name="x92">106.48dp</dimen>
    <dimen name="x93">107.64dp</dimen>
    <dimen name="x94">108.80dp</dimen>
    <dimen name="x95">109.95dp</dimen>
    <dimen name="x96">111.11dp</dimen>
    <dimen name="x97">112.27dp</dimen>
    <dimen name="x98">113.43dp</dimen>
    <dimen name="x99">114.58dp</dimen>
    <dimen name="x100">115.74dp</dimen>
    <dimen name="x101">116.90dp</dimen>
    <dimen name="x102">118.06dp</dimen>
    <dimen name="x103">119.21dp</dimen>
    <dimen name="x104">120.37dp</dimen>
    <dimen name="x105">121.53dp</dimen>
    <dimen name="x106">122.69dp</dimen>
    <dimen name="x107">123.84dp</dimen>
    <dimen name="x108">125.00dp</dimen>
    <dimen name="x109">126.16dp</dimen>
    <dimen name="x110">127.31dp</dimen>
    <dimen name="x111">128.47dp</dimen>
    <dimen name="x112">129.63dp</dimen>
    <dimen name="x113">130.79dp</dimen>
    <dimen name="x114">131.94dp</dimen>
    <dimen name="x115">133.10dp</dimen>
    <dimen name="x116">134.26dp</dimen>
    <dimen name="x117">135.42dp</dimen>
    <dimen name="x118">136.57dp</dimen>
    <dimen name="x119">137.73dp</dimen>
    <dimen name="x120">138.89dp</dimen>
    <dimen name="x121">140.05dp</dimen>
    <dimen name="x122">141.20dp</dimen>
    <dimen name="x123">142.36dp</dimen>
    <dimen name="x124">143.52dp</dimen>
    <dimen name="x125">144.68dp</dimen>
    <dimen name="x126">145.83dp</dimen>
    <dimen name="x127">146.99dp</dimen>
    <dimen name="x128">148.15dp</dimen>
    <dimen name="x129">149.31dp</dimen>
    <dimen name="x130">150.46dp</dimen>
    <dimen name="x131">151.62dp</dimen>
    <dimen name="x132">152.78dp</dimen>
    <dimen name="x133">153.94dp</dimen>
    <dimen name="x134">155.09dp</dimen>
    <dimen name="x135">156.25dp</dimen>
    <dimen name="x136">157.41dp</dimen>
    <dimen name="x137">158.56dp</dimen>
    <dimen name="x138">159.72dp</dimen>
    <dimen name="x139">160.88dp</dimen>
    <dimen name="x140">162.04dp</dimen>
    <dimen name="x141">163.19dp</dimen>
    <dimen name="x142">164.35dp</dimen>
    <dimen name="x143">165.51dp</dimen>
    <dimen name="x144">166.67dp</dimen>
    <dimen name="x145">167.82dp</dimen>
    <dimen name="x146">168.98dp</dimen>
    <dimen name="x147">170.14dp</dimen>
    <dimen name="x148">171.30dp</dimen>
    <dimen name="x149">172.45dp</dimen>
    <dimen name="x150">173.61dp</dimen>
    <dimen name="x151">174.77dp</dimen>
    <dimen name="x152">175.93dp</dimen>
    <dimen name="x153">177.08dp</dimen>
    <dimen name="x154">178.24dp</dimen>
    <dimen name="x155">179.40dp</dimen>
    <dimen name="x156">180.56dp</dimen>
    <dimen name="x157">181.71dp</dimen>
    <dimen name="x158">182.87dp</dimen>
    <dimen name="x159">184.03dp</dimen>
    <dimen name="x160">185.19dp</dimen>
    <dimen name="x161">186.34dp</dimen>
    <dimen name="x162">187.50dp</dimen>
    <dimen name="x163">188.66dp</dimen>
    <dimen name="x164">189.81dp</dimen>
    <dimen name="x165">190.97dp</dimen>
    <dimen name="x166">192.13dp</dimen>
    <dimen name="x167">193.29dp</dimen>
    <dimen name="x168">194.44dp</dimen>
    <dimen name="x169">195.60dp</dimen>
    <dimen name="x170">196.76dp</dimen>
    <dimen name="x171">197.92dp</dimen>
    <dimen name="x172">199.07dp</dimen>
    <dimen name="x173">200.23dp</dimen>
    <dimen name="x174">201.39dp</dimen>
    <dimen name="x175">202.55dp</dimen>
    <dimen name="x176">203.70dp</dimen>
    <dimen name="x177">204.86dp</dimen>
    <dimen name="x178">206.02dp</dimen>
    <dimen name="x179">207.18dp</dimen>
    <dimen name="x180">208.33dp</dimen>
    <dimen name="x181">209.49dp</dimen>
    <dimen name="x182">210.65dp</dimen>
    <dimen name="x183">211.81dp</dimen>
    <dimen name="x184">212.96dp</dimen>
    <dimen name="x185">214.12dp</dimen>
    <dimen name="x186">215.28dp</dimen>
    <dimen name="x187">216.44dp</dimen>
    <dimen name="x188">217.59dp</dimen>
    <dimen name="x189">218.75dp</dimen>
    <dimen name="x190">219.91dp</dimen>
    <dimen name="x191">221.06dp</dimen>
    <dimen name="x192">222.22dp</dimen>
    <dimen name="x193">223.38dp</dimen>
    <dimen name="x194">224.54dp</dimen>
    <dimen name="x195">225.69dp</dimen>
    <dimen name="x196">226.85dp</dimen>
    <dimen name="x197">228.01dp</dimen>
    <dimen name="x198">229.17dp</dimen>
    <dimen name="x199">230.32dp</dimen>
    <dimen name="x200">231.48dp</dimen>
    <dimen name="x201">232.64dp</dimen>
    <dimen name="x202">233.80dp</dimen>
    <dimen name="x203">234.95dp</dimen>
    <dimen name="x204">236.11dp</dimen>
    <dimen name="x205">237.27dp</dimen>
    <dimen name="x206">238.43dp</dimen>
    <dimen name="x207">239.58dp</dimen>
    <dimen name="x208">240.74dp</dimen>
    <dimen name="x209">241.90dp</dimen>
    <dimen name="x210">243.06dp</dimen>
    <dimen name="x211">244.21dp</dimen>
    <dimen name="x212">245.37dp</dimen>
    <dimen name="x213">246.53dp</dimen>
    <dimen name="x214">247.69dp</dimen>
    <dimen name="x215">248.84dp</dimen>
    <dimen name="x216">250.00dp</dimen>
    <dimen name="x217">251.16dp</dimen>
    <dimen name="x218">252.31dp</dimen>
    <dimen name="x219">253.47dp</dimen>
    <dimen name="x220">254.63dp</dimen>
    <dimen name="x221">255.79dp</dimen>
    <dimen name="x222">256.94dp</dimen>
    <dimen name="x223">258.10dp</dimen>
    <dimen name="x224">259.26dp</dimen>
    <dimen name="x225">260.42dp</dimen>
    <dimen name="x226">261.57dp</dimen>
    <dimen name="x227">262.73dp</dimen>
    <dimen name="x228">263.89dp</dimen>
    <dimen name="x229">265.05dp</dimen>
    <dimen name="x230">266.20dp</dimen>
    <dimen name="x231">267.36dp</dimen>
    <dimen name="x232">268.52dp</dimen>
    <dimen name="x233">269.68dp</dimen>
    <dimen name="x234">270.83dp</dimen>
    <dimen name="x235">271.99dp</dimen>
    <dimen name="x236">273.15dp</dimen>
    <dimen name="x237">274.31dp</dimen>
    <dimen name="x238">275.46dp</dimen>
    <dimen name="x239">276.62dp</dimen>
    <dimen name="x240">277.78dp</dimen>
    <dimen name="x241">278.94dp</dimen>
    <dimen name="x242">280.09dp</dimen>
    <dimen name="x243">281.25dp</dimen>
    <dimen name="x244">282.41dp</dimen>
    <dimen name="x245">283.56dp</dimen>
    <dimen name="x246">284.72dp</dimen>
    <dimen name="x247">285.88dp</dimen>
    <dimen name="x248">287.04dp</dimen>
    <dimen name="x249">288.19dp</dimen>
    <dimen name="x250">289.35dp</dimen>
    <dimen name="x251">290.51dp</dimen>
    <dimen name="x252">291.67dp</dimen>
    <dimen name="x253">292.82dp</dimen>
    <dimen name="x254">293.98dp</dimen>
    <dimen name="x255">295.14dp</dimen>
    <dimen name="x256">296.30dp</dimen>
    <dimen name="x257">297.45dp</dimen>
    <dimen name="x258">298.61dp</dimen>
    <dimen name="x259">299.77dp</dimen>
    <dimen name="x260">300.93dp</dimen>
    <dimen name="x261">302.08dp</dimen>
    <dimen name="x262">303.24dp</dimen>
    <dimen name="x263">304.40dp</dimen>
    <dimen name="x264">305.56dp</dimen>
    <dimen name="x265">306.71dp</dimen>
    <dimen name="x266">307.87dp</dimen>
    <dimen name="x267">309.03dp</dimen>
    <dimen name="x268">310.19dp</dimen>
    <dimen name="x269">311.34dp</dimen>
    <dimen name="x270">312.50dp</dimen>
    <dimen name="x271">313.66dp</dimen>
    <dimen name="x272">314.81dp</dimen>
    <dimen name="x273">315.97dp</dimen>
    <dimen name="x274">317.13dp</dimen>
    <dimen name="x275">318.29dp</dimen>
    <dimen name="x276">319.44dp</dimen>
    <dimen name="x277">320.60dp</dimen>
    <dimen name="x278">321.76dp</dimen>
    <dimen name="x279">322.92dp</dimen>
    <dimen name="x280">324.07dp</dimen>
    <dimen name="x281">325.23dp</dimen>
    <dimen name="x282">326.39dp</dimen>
    <dimen name="x283">327.55dp</dimen>
    <dimen name="x284">328.70dp</dimen>
    <dimen name="x285">329.86dp</dimen>
    <dimen name="x286">331.02dp</dimen>
    <dimen name="x287">332.18dp</dimen>
    <dimen name="x288">333.33dp</dimen>
    <dimen name="x289">334.49dp</dimen>
    <dimen name="x290">335.65dp</dimen>
    <dimen name="x291">336.81dp</dimen>
    <dimen name="x292">337.96dp</dimen>
    <dimen name="x293">339.12dp</dimen>
    <dimen name="x294">340.28dp</dimen>
    <dimen name="x295">341.44dp</dimen>
    <dimen name="x296">342.59dp</dimen>
    <dimen name="x297">343.75dp</dimen>
    <dimen name="x298">344.91dp</dimen>
    <dimen name="x299">346.06dp</dimen>
    <dimen name="x300">347.22dp</dimen>
    <dimen name="x301">348.38dp</dimen>
    <dimen name="x302">349.54dp</dimen>
    <dimen name="x303">350.69dp</dimen>
    <dimen name="x304">351.85dp</dimen>
    <dimen name="x305">353.01dp</dimen>
    <dimen name="x306">354.17dp</dimen>
    <dimen name="x307">355.32dp</dimen>
    <dimen name="x308">356.48dp</dimen>
    <dimen name="x309">357.64dp</dimen>
    <dimen name="x310">358.80dp</dimen>
    <dimen name="x311">359.95dp</dimen>
    <dimen name="x312">361.11dp</dimen>
    <dimen name="x313">362.27dp</dimen>
    <dimen name="x314">363.43dp</dimen>
    <dimen name="x315">364.58dp</dimen>
    <dimen name="x316">365.74dp</dimen>
    <dimen name="x317">366.90dp</dimen>
    <dimen name="x318">368.06dp</dimen>
    <dimen name="x319">369.21dp</dimen>
    <dimen name="x320">370.37dp</dimen>
    <dimen name="x321">371.53dp</dimen>
    <dimen name="x322">372.69dp</dimen>
    <dimen name="x323">373.84dp</dimen>
    <dimen name="x324">375.00dp</dimen>
    <dimen name="x325">376.16dp</dimen>
    <dimen name="x326">377.31dp</dimen>
    <dimen name="x327">378.47dp</dimen>
    <dimen name="x328">379.63dp</dimen>
    <dimen name="x329">380.79dp</dimen>
    <dimen name="x330">381.94dp</dimen>
    <dimen name="x331">383.10dp</dimen>
    <dimen name="x332">384.26dp</dimen>
    <dimen name="x333">385.42dp</dimen>
    <dimen name="x334">386.57dp</dimen>
    <dimen name="x335">387.73dp</dimen>
    <dimen name="x336">388.89dp</dimen>
    <dimen name="x337">390.05dp</dimen>
    <dimen name="x338">391.20dp</dimen>
    <dimen name="x339">392.36dp</dimen>
    <dimen name="x340">393.52dp</dimen>
    <dimen name="x341">394.68dp</dimen>
    <dimen name="x342">395.83dp</dimen>
    <dimen name="x343">396.99dp</dimen>
    <dimen name="x344">398.15dp</dimen>
    <dimen name="x345">399.31dp</dimen>
    <dimen name="x346">400.46dp</dimen>
    <dimen name="x347">401.62dp</dimen>
    <dimen name="x348">402.78dp</dimen>
    <dimen name="x349">403.94dp</dimen>
    <dimen name="x350">405.09dp</dimen>
    <dimen name="x351">406.25dp</dimen>
    <dimen name="x352">407.41dp</dimen>
    <dimen name="x353">408.56dp</dimen>
    <dimen name="x354">409.72dp</dimen>
    <dimen name="x355">410.88dp</dimen>
    <dimen name="x356">412.04dp</dimen>
    <dimen name="x357">413.19dp</dimen>
    <dimen name="x358">414.35dp</dimen>
    <dimen name="x359">415.51dp</dimen>
    <dimen name="x360">416.67dp</dimen>
    <dimen name="x361">417.82dp</dimen>
    <dimen name="x362">418.98dp</dimen>
    <dimen name="x363">420.14dp</dimen>
    <dimen name="x364">421.30dp</dimen>
    <dimen name="x365">422.45dp</dimen>
    <dimen name="x366">423.61dp</dimen>
    <dimen name="x367">424.77dp</dimen>
    <dimen name="x368">425.93dp</dimen>
    <dimen name="x369">427.08dp</dimen>
    <dimen name="x370">428.24dp</dimen>
    <dimen name="x371">429.40dp</dimen>
    <dimen name="x372">430.56dp</dimen>
    <dimen name="x373">431.71dp</dimen>
    <dimen name="x374">432.87dp</dimen>
    <dimen name="x375">434.03dp</dimen>
    <dimen name="x376">435.19dp</dimen>
    <dimen name="x377">436.34dp</dimen>
    <dimen name="x378">437.50dp</dimen>
    <dimen name="x379">438.66dp</dimen>
    <dimen name="x380">439.81dp</dimen>
    <dimen name="x381">440.97dp</dimen>
    <dimen name="x382">442.13dp</dimen>
    <dimen name="x383">443.29dp</dimen>
    <dimen name="x384">444.44dp</dimen>
    <dimen name="x385">445.60dp</dimen>
    <dimen name="x386">446.76dp</dimen>
    <dimen name="x387">447.92dp</dimen>
    <dimen name="x388">449.07dp</dimen>
    <dimen name="x389">450.23dp</dimen>
    <dimen name="x390">451.39dp</dimen>
    <dimen name="x391">452.55dp</dimen>
    <dimen name="x392">453.70dp</dimen>
    <dimen name="x393">454.86dp</dimen>
    <dimen name="x394">456.02dp</dimen>
    <dimen name="x395">457.18dp</dimen>
    <dimen name="x396">458.33dp</dimen>
    <dimen name="x397">459.49dp</dimen>
    <dimen name="x398">460.65dp</dimen>
    <dimen name="x399">461.81dp</dimen>
    <dimen name="x400">462.96dp</dimen>
    <dimen name="x401">464.12dp</dimen>
    <dimen name="x402">465.28dp</dimen>
    <dimen name="x403">466.44dp</dimen>
    <dimen name="x404">467.59dp</dimen>
    <dimen name="x405">468.75dp</dimen>
    <dimen name="x406">469.91dp</dimen>
    <dimen name="x407">471.06dp</dimen>
    <dimen name="x408">472.22dp</dimen>
    <dimen name="x409">473.38dp</dimen>
    <dimen name="x410">474.54dp</dimen>
    <dimen name="x411">475.69dp</dimen>
    <dimen name="x412">476.85dp</dimen>
    <dimen name="x413">478.01dp</dimen>
    <dimen name="x414">479.17dp</dimen>
    <dimen name="x415">480.32dp</dimen>
    <dimen name="x416">481.48dp</dimen>
    <dimen name="x417">482.64dp</dimen>
    <dimen name="x418">483.80dp</dimen>
    <dimen name="x419">484.95dp</dimen>
    <dimen name="x420">486.11dp</dimen>
    <dimen name="x421">487.27dp</dimen>
    <dimen name="x422">488.43dp</dimen>
    <dimen name="x423">489.58dp</dimen>
    <dimen name="x424">490.74dp</dimen>
    <dimen name="x425">491.90dp</dimen>
    <dimen name="x426">493.06dp</dimen>
    <dimen name="x427">494.21dp</dimen>
    <dimen name="x428">495.37dp</dimen>
    <dimen name="x429">496.53dp</dimen>
    <dimen name="x430">497.69dp</dimen>
    <dimen name="x431">498.84dp</dimen>
    <dimen name="x432">500.00dp</dimen>
    <dimen name="x433">501.16dp</dimen>
    <dimen name="x434">502.31dp</dimen>
    <dimen name="x435">503.47dp</dimen>
    <dimen name="x436">504.63dp</dimen>
    <dimen name="x437">505.79dp</dimen>
    <dimen name="x438">506.94dp</dimen>
    <dimen name="x439">508.10dp</dimen>
    <dimen name="x440">509.26dp</dimen>
    <dimen name="x441">510.42dp</dimen>
    <dimen name="x442">511.57dp</dimen>
    <dimen name="x443">512.73dp</dimen>
    <dimen name="x444">513.89dp</dimen>
    <dimen name="x445">515.05dp</dimen>
    <dimen name="x446">516.20dp</dimen>
    <dimen name="x447">517.36dp</dimen>
    <dimen name="x448">518.52dp</dimen>
    <dimen name="x449">519.68dp</dimen>
    <dimen name="x450">520.83dp</dimen>
    <dimen name="x451">521.99dp</dimen>
    <dimen name="x452">523.15dp</dimen>
    <dimen name="x453">524.31dp</dimen>
    <dimen name="x454">525.46dp</dimen>
    <dimen name="x455">526.62dp</dimen>
    <dimen name="x456">527.78dp</dimen>
    <dimen name="x457">528.94dp</dimen>
    <dimen name="x458">530.09dp</dimen>
    <dimen name="x459">531.25dp</dimen>
    <dimen name="x460">532.41dp</dimen>
    <dimen name="x461">533.56dp</dimen>
    <dimen name="x462">534.72dp</dimen>
    <dimen name="x463">535.88dp</dimen>
    <dimen name="x464">537.04dp</dimen>
    <dimen name="x465">538.19dp</dimen>
    <dimen name="x466">539.35dp</dimen>
    <dimen name="x467">540.51dp</dimen>
    <dimen name="x468">541.67dp</dimen>
    <dimen name="x469">542.82dp</dimen>
    <dimen name="x470">543.98dp</dimen>
    <dimen name="x471">545.14dp</dimen>
    <dimen name="x472">546.30dp</dimen>
    <dimen name="x473">547.45dp</dimen>
    <dimen name="x474">548.61dp</dimen>
    <dimen name="x475">549.77dp</dimen>
    <dimen name="x476">550.93dp</dimen>
    <dimen name="x477">552.08dp</dimen>
    <dimen name="x478">553.24dp</dimen>
    <dimen name="x479">554.40dp</dimen>
    <dimen name="x480">555.56dp</dimen>
    <dimen name="x481">556.71dp</dimen>
    <dimen name="x482">557.87dp</dimen>
    <dimen name="x483">559.03dp</dimen>
    <dimen name="x484">560.19dp</dimen>
    <dimen name="x485">561.34dp</dimen>
    <dimen name="x486">562.50dp</dimen>
    <dimen name="x487">563.66dp</dimen>
    <dimen name="x488">564.81dp</dimen>
    <dimen name="x489">565.97dp</dimen>
    <dimen name="x490">567.13dp</dimen>
    <dimen name="x491">568.29dp</dimen>
    <dimen name="x492">569.44dp</dimen>
    <dimen name="x493">570.60dp</dimen>
    <dimen name="x494">571.76dp</dimen>
    <dimen name="x495">572.92dp</dimen>
    <dimen name="x496">574.07dp</dimen>
    <dimen name="x497">575.23dp</dimen>
    <dimen name="x498">576.39dp</dimen>
    <dimen name="x499">577.55dp</dimen>
    <dimen name="x500">578.70dp</dimen>
    <dimen name="x501">579.86dp</dimen>
    <dimen name="x502">581.02dp</dimen>
    <dimen name="x503">582.18dp</dimen>
    <dimen name="x504">583.33dp</dimen>
    <dimen name="x505">584.49dp</dimen>
    <dimen name="x506">585.65dp</dimen>
    <dimen name="x507">586.81dp</dimen>
    <dimen name="x508">587.96dp</dimen>
    <dimen name="x509">589.12dp</dimen>
    <dimen name="x510">590.28dp</dimen>
    <dimen name="x511">591.44dp</dimen>
    <dimen name="x512">592.59dp</dimen>
    <dimen name="x513">593.75dp</dimen>
    <dimen name="x514">594.91dp</dimen>
    <dimen name="x515">596.06dp</dimen>
    <dimen name="x516">597.22dp</dimen>
    <dimen name="x517">598.38dp</dimen>
    <dimen name="x518">599.54dp</dimen>
    <dimen name="x519">600.69dp</dimen>
    <dimen name="x520">601.85dp</dimen>
    <dimen name="x521">603.01dp</dimen>
    <dimen name="x522">604.17dp</dimen>
    <dimen name="x523">605.32dp</dimen>
    <dimen name="x524">606.48dp</dimen>
    <dimen name="x525">607.64dp</dimen>
    <dimen name="x526">608.80dp</dimen>
    <dimen name="x527">609.95dp</dimen>
    <dimen name="x528">611.11dp</dimen>
    <dimen name="x529">612.27dp</dimen>
    <dimen name="x530">613.43dp</dimen>
    <dimen name="x531">614.58dp</dimen>
    <dimen name="x532">615.74dp</dimen>
    <dimen name="x533">616.90dp</dimen>
    <dimen name="x534">618.06dp</dimen>
    <dimen name="x535">619.21dp</dimen>
    <dimen name="x536">620.37dp</dimen>
    <dimen name="x537">621.53dp</dimen>
    <dimen name="x538">622.69dp</dimen>
    <dimen name="x539">623.84dp</dimen>
    <dimen name="x540">625.00dp</dimen>
    <dimen name="x541">626.16dp</dimen>
    <dimen name="x542">627.31dp</dimen>
    <dimen name="x543">628.47dp</dimen>
    <dimen name="x544">629.63dp</dimen>
    <dimen name="x545">630.79dp</dimen>
    <dimen name="x546">631.94dp</dimen>
    <dimen name="x547">633.10dp</dimen>
    <dimen name="x548">634.26dp</dimen>
    <dimen name="x549">635.42dp</dimen>
    <dimen name="x550">636.57dp</dimen>
    <dimen name="x551">637.73dp</dimen>
    <dimen name="x552">638.89dp</dimen>
    <dimen name="x553">640.05dp</dimen>
    <dimen name="x554">641.20dp</dimen>
    <dimen name="x555">642.36dp</dimen>
    <dimen name="x556">643.52dp</dimen>
    <dimen name="x557">644.68dp</dimen>
    <dimen name="x558">645.83dp</dimen>
    <dimen name="x559">646.99dp</dimen>
    <dimen name="x560">648.15dp</dimen>
    <dimen name="x561">649.31dp</dimen>
    <dimen name="x562">650.46dp</dimen>
    <dimen name="x563">651.62dp</dimen>
    <dimen name="x564">652.78dp</dimen>
    <dimen name="x565">653.94dp</dimen>
    <dimen name="x566">655.09dp</dimen>
    <dimen name="x567">656.25dp</dimen>
    <dimen name="x568">657.41dp</dimen>
    <dimen name="x569">658.56dp</dimen>
    <dimen name="x570">659.72dp</dimen>
    <dimen name="x571">660.88dp</dimen>
    <dimen name="x572">662.04dp</dimen>
    <dimen name="x573">663.19dp</dimen>
    <dimen name="x574">664.35dp</dimen>
    <dimen name="x575">665.51dp</dimen>
    <dimen name="x576">666.67dp</dimen>
    <dimen name="x577">667.82dp</dimen>
    <dimen name="x578">668.98dp</dimen>
    <dimen name="x579">670.14dp</dimen>
    <dimen name="x580">671.30dp</dimen>
    <dimen name="x581">672.45dp</dimen>
    <dimen name="x582">673.61dp</dimen>
    <dimen name="x583">674.77dp</dimen>
    <dimen name="x584">675.93dp</dimen>
    <dimen name="x585">677.08dp</dimen>
    <dimen name="x586">678.24dp</dimen>
    <dimen name="x587">679.40dp</dimen>
    <dimen name="x588">680.56dp</dimen>
    <dimen name="x589">681.71dp</dimen>
    <dimen name="x590">682.87dp</dimen>
    <dimen name="x591">684.03dp</dimen>
    <dimen name="x592">685.19dp</dimen>
    <dimen name="x593">686.34dp</dimen>
    <dimen name="x594">687.50dp</dimen>
    <dimen name="x595">688.66dp</dimen>
    <dimen name="x596">689.81dp</dimen>
    <dimen name="x597">690.97dp</dimen>
    <dimen name="x598">692.13dp</dimen>
    <dimen name="x599">693.29dp</dimen>
    <dimen name="x600">694.44dp</dimen>
    <dimen name="x601">695.60dp</dimen>
    <dimen name="x602">696.76dp</dimen>
    <dimen name="x603">697.92dp</dimen>
    <dimen name="x604">699.07dp</dimen>
    <dimen name="x605">700.23dp</dimen>
    <dimen name="x606">701.39dp</dimen>
    <dimen name="x607">702.55dp</dimen>
    <dimen name="x608">703.70dp</dimen>
    <dimen name="x609">704.86dp</dimen>
    <dimen name="x610">706.02dp</dimen>
    <dimen name="x611">707.18dp</dimen>
    <dimen name="x612">708.33dp</dimen>
    <dimen name="x613">709.49dp</dimen>
    <dimen name="x614">710.65dp</dimen>
    <dimen name="x615">711.81dp</dimen>
    <dimen name="x616">712.96dp</dimen>
    <dimen name="x617">714.12dp</dimen>
    <dimen name="x618">715.28dp</dimen>
    <dimen name="x619">716.44dp</dimen>
    <dimen name="x620">717.59dp</dimen>
    <dimen name="x621">718.75dp</dimen>
    <dimen name="x622">719.91dp</dimen>
    <dimen name="x623">721.06dp</dimen>
    <dimen name="x624">722.22dp</dimen>
    <dimen name="x625">723.38dp</dimen>
    <dimen name="x626">724.54dp</dimen>
    <dimen name="x627">725.69dp</dimen>
    <dimen name="x628">726.85dp</dimen>
    <dimen name="x629">728.01dp</dimen>
    <dimen name="x630">729.17dp</dimen>
    <dimen name="x631">730.32dp</dimen>
    <dimen name="x632">731.48dp</dimen>
    <dimen name="x633">732.64dp</dimen>
    <dimen name="x634">733.80dp</dimen>
    <dimen name="x635">734.95dp</dimen>
    <dimen name="x636">736.11dp</dimen>
    <dimen name="x637">737.27dp</dimen>
    <dimen name="x638">738.43dp</dimen>
    <dimen name="x639">739.58dp</dimen>
    <dimen name="x640">740.74dp</dimen>
    <dimen name="x641">741.90dp</dimen>
    <dimen name="x642">743.06dp</dimen>
    <dimen name="x643">744.21dp</dimen>
    <dimen name="x644">745.37dp</dimen>
    <dimen name="x645">746.53dp</dimen>
    <dimen name="x646">747.69dp</dimen>
    <dimen name="x647">748.84dp</dimen>
    <dimen name="x648">750.00dp</dimen>
    <dimen name="x649">751.16dp</dimen>
    <dimen name="x650">752.31dp</dimen>
    <dimen name="x651">753.47dp</dimen>
    <dimen name="x652">754.63dp</dimen>
    <dimen name="x653">755.79dp</dimen>
    <dimen name="x654">756.94dp</dimen>
    <dimen name="x655">758.10dp</dimen>
    <dimen name="x656">759.26dp</dimen>
    <dimen name="x657">760.42dp</dimen>
    <dimen name="x658">761.57dp</dimen>
    <dimen name="x659">762.73dp</dimen>
    <dimen name="x660">763.89dp</dimen>
    <dimen name="x661">765.05dp</dimen>
    <dimen name="x662">766.20dp</dimen>
    <dimen name="x663">767.36dp</dimen>
    <dimen name="x664">768.52dp</dimen>
    <dimen name="x665">769.68dp</dimen>
    <dimen name="x666">770.83dp</dimen>
    <dimen name="x667">771.99dp</dimen>
    <dimen name="x668">773.15dp</dimen>
    <dimen name="x669">774.31dp</dimen>
    <dimen name="x670">775.46dp</dimen>
    <dimen name="x671">776.62dp</dimen>
    <dimen name="x672">777.78dp</dimen>
    <dimen name="x673">778.94dp</dimen>
    <dimen name="x674">780.09dp</dimen>
    <dimen name="x675">781.25dp</dimen>
    <dimen name="x676">782.41dp</dimen>
    <dimen name="x677">783.56dp</dimen>
    <dimen name="x678">784.72dp</dimen>
    <dimen name="x679">785.88dp</dimen>
    <dimen name="x680">787.04dp</dimen>
    <dimen name="x681">788.19dp</dimen>
    <dimen name="x682">789.35dp</dimen>
    <dimen name="x683">790.51dp</dimen>
    <dimen name="x684">791.67dp</dimen>
    <dimen name="x685">792.82dp</dimen>
    <dimen name="x686">793.98dp</dimen>
    <dimen name="x687">795.14dp</dimen>
    <dimen name="x688">796.30dp</dimen>
    <dimen name="x689">797.45dp</dimen>
    <dimen name="x690">798.61dp</dimen>
    <dimen name="x691">799.77dp</dimen>
    <dimen name="x692">800.93dp</dimen>
    <dimen name="x693">802.08dp</dimen>
    <dimen name="x694">803.24dp</dimen>
    <dimen name="x695">804.40dp</dimen>
    <dimen name="x696">805.56dp</dimen>
    <dimen name="x697">806.71dp</dimen>
    <dimen name="x698">807.87dp</dimen>
    <dimen name="x699">809.03dp</dimen>
    <dimen name="x700">810.19dp</dimen>
    <dimen name="x701">811.34dp</dimen>
    <dimen name="x702">812.50dp</dimen>
    <dimen name="x703">813.66dp</dimen>
    <dimen name="x704">814.81dp</dimen>
    <dimen name="x705">815.97dp</dimen>
    <dimen name="x706">817.13dp</dimen>
    <dimen name="x707">818.29dp</dimen>
    <dimen name="x708">819.44dp</dimen>
    <dimen name="x709">820.60dp</dimen>
    <dimen name="x710">821.76dp</dimen>
    <dimen name="x711">822.92dp</dimen>
    <dimen name="x712">824.07dp</dimen>
    <dimen name="x713">825.23dp</dimen>
    <dimen name="x714">826.39dp</dimen>
    <dimen name="x715">827.55dp</dimen>
    <dimen name="x716">828.70dp</dimen>
    <dimen name="x717">829.86dp</dimen>
    <dimen name="x718">831.02dp</dimen>
    <dimen name="x719">832.18dp</dimen>
    <dimen name="x720">833.33dp</dimen>
    <dimen name="x721">834.49dp</dimen>
    <dimen name="x722">835.65dp</dimen>
    <dimen name="x723">836.81dp</dimen>
    <dimen name="x724">837.96dp</dimen>
    <dimen name="x725">839.12dp</dimen>
    <dimen name="x726">840.28dp</dimen>
    <dimen name="x727">841.44dp</dimen>
    <dimen name="x728">842.59dp</dimen>
    <dimen name="x729">843.75dp</dimen>
    <dimen name="x730">844.91dp</dimen>
    <dimen name="x731">846.06dp</dimen>
    <dimen name="x732">847.22dp</dimen>
    <dimen name="x733">848.38dp</dimen>
    <dimen name="x734">849.54dp</dimen>
    <dimen name="x735">850.69dp</dimen>
    <dimen name="x736">851.85dp</dimen>
    <dimen name="x737">853.01dp</dimen>
    <dimen name="x738">854.17dp</dimen>
    <dimen name="x739">855.32dp</dimen>
    <dimen name="x740">856.48dp</dimen>
    <dimen name="x741">857.64dp</dimen>
    <dimen name="x742">858.80dp</dimen>
    <dimen name="x743">859.95dp</dimen>
    <dimen name="x744">861.11dp</dimen>
    <dimen name="x745">862.27dp</dimen>
    <dimen name="x746">863.43dp</dimen>
    <dimen name="x747">864.58dp</dimen>
    <dimen name="x748">865.74dp</dimen>
    <dimen name="x749">866.90dp</dimen>
    <dimen name="x750">868.06dp</dimen>
    <dimen name="x751">869.21dp</dimen>
    <dimen name="x752">870.37dp</dimen>
    <dimen name="x753">871.53dp</dimen>
    <dimen name="x754">872.69dp</dimen>
    <dimen name="x755">873.84dp</dimen>
    <dimen name="x756">875.00dp</dimen>
    <dimen name="x757">876.16dp</dimen>
    <dimen name="x758">877.31dp</dimen>
    <dimen name="x759">878.47dp</dimen>
    <dimen name="x760">879.63dp</dimen>
    <dimen name="x761">880.79dp</dimen>
    <dimen name="x762">881.94dp</dimen>
    <dimen name="x763">883.10dp</dimen>
    <dimen name="x764">884.26dp</dimen>
    <dimen name="x765">885.42dp</dimen>
    <dimen name="x766">886.57dp</dimen>
    <dimen name="x767">887.73dp</dimen>
    <dimen name="x768">888.89dp</dimen>
    <dimen name="x769">890.05dp</dimen>
    <dimen name="x770">891.20dp</dimen>
    <dimen name="x771">892.36dp</dimen>
    <dimen name="x772">893.52dp</dimen>
    <dimen name="x773">894.68dp</dimen>
    <dimen name="x774">895.83dp</dimen>
    <dimen name="x775">896.99dp</dimen>
    <dimen name="x776">898.15dp</dimen>
    <dimen name="x777">899.31dp</dimen>
    <dimen name="x778">900.46dp</dimen>
    <dimen name="x779">901.62dp</dimen>
    <dimen name="x780">902.78dp</dimen>
    <dimen name="x781">903.94dp</dimen>
    <dimen name="x782">905.09dp</dimen>
    <dimen name="x783">906.25dp</dimen>
    <dimen name="x784">907.41dp</dimen>
    <dimen name="x785">908.56dp</dimen>
    <dimen name="x786">909.72dp</dimen>
    <dimen name="x787">910.88dp</dimen>
    <dimen name="x788">912.04dp</dimen>
    <dimen name="x789">913.19dp</dimen>
    <dimen name="x790">914.35dp</dimen>
    <dimen name="x791">915.51dp</dimen>
    <dimen name="x792">916.67dp</dimen>
    <dimen name="x793">917.82dp</dimen>
    <dimen name="x794">918.98dp</dimen>
    <dimen name="x795">920.14dp</dimen>
    <dimen name="x796">921.30dp</dimen>
    <dimen name="x797">922.45dp</dimen>
    <dimen name="x798">923.61dp</dimen>
    <dimen name="x799">924.77dp</dimen>
    <dimen name="x800">925.93dp</dimen>
    <dimen name="x801">927.08dp</dimen>
    <dimen name="x802">928.24dp</dimen>
    <dimen name="x803">929.40dp</dimen>
    <dimen name="x804">930.56dp</dimen>
    <dimen name="x805">931.71dp</dimen>
    <dimen name="x806">932.87dp</dimen>
    <dimen name="x807">934.03dp</dimen>
    <dimen name="x808">935.19dp</dimen>
    <dimen name="x809">936.34dp</dimen>
    <dimen name="x810">937.50dp</dimen>
    <dimen name="x811">938.66dp</dimen>
    <dimen name="x812">939.81dp</dimen>
    <dimen name="x813">940.97dp</dimen>
    <dimen name="x814">942.13dp</dimen>
    <dimen name="x815">943.29dp</dimen>
    <dimen name="x816">944.44dp</dimen>
    <dimen name="x817">945.60dp</dimen>
    <dimen name="x818">946.76dp</dimen>
    <dimen name="x819">947.92dp</dimen>
    <dimen name="x820">949.07dp</dimen>
    <dimen name="x821">950.23dp</dimen>
    <dimen name="x822">951.39dp</dimen>
    <dimen name="x823">952.55dp</dimen>
    <dimen name="x824">953.70dp</dimen>
    <dimen name="x825">954.86dp</dimen>
    <dimen name="x826">956.02dp</dimen>
    <dimen name="x827">957.18dp</dimen>
    <dimen name="x828">958.33dp</dimen>
    <dimen name="x829">959.49dp</dimen>
    <dimen name="x830">960.65dp</dimen>
    <dimen name="x831">961.81dp</dimen>
    <dimen name="x832">962.96dp</dimen>
    <dimen name="x833">964.12dp</dimen>
    <dimen name="x834">965.28dp</dimen>
    <dimen name="x835">966.44dp</dimen>
    <dimen name="x836">967.59dp</dimen>
    <dimen name="x837">968.75dp</dimen>
    <dimen name="x838">969.91dp</dimen>
    <dimen name="x839">971.06dp</dimen>
    <dimen name="x840">972.22dp</dimen>
    <dimen name="x841">973.38dp</dimen>
    <dimen name="x842">974.54dp</dimen>
    <dimen name="x843">975.69dp</dimen>
    <dimen name="x844">976.85dp</dimen>
    <dimen name="x845">978.01dp</dimen>
    <dimen name="x846">979.17dp</dimen>
    <dimen name="x847">980.32dp</dimen>
    <dimen name="x848">981.48dp</dimen>
    <dimen name="x849">982.64dp</dimen>
    <dimen name="x850">983.80dp</dimen>
    <dimen name="x851">984.95dp</dimen>
    <dimen name="x852">986.11dp</dimen>
    <dimen name="x853">987.27dp</dimen>
    <dimen name="x854">988.43dp</dimen>
    <dimen name="x855">989.58dp</dimen>
    <dimen name="x856">990.74dp</dimen>
    <dimen name="x857">991.90dp</dimen>
    <dimen name="x858">993.06dp</dimen>
    <dimen name="x859">994.21dp</dimen>
    <dimen name="x860">995.37dp</dimen>
    <dimen name="x861">996.53dp</dimen>
    <dimen name="x862">997.69dp</dimen>
    <dimen name="x863">998.84dp</dimen>
    <dimen name="x864">1000.00dp</dimen>
    <dimen name="x865">1001.16dp</dimen>
    <dimen name="x866">1002.31dp</dimen>
    <dimen name="x867">1003.47dp</dimen>
    <dimen name="x868">1004.63dp</dimen>
    <dimen name="x869">1005.79dp</dimen>
    <dimen name="x870">1006.94dp</dimen>
    <dimen name="x871">1008.10dp</dimen>
    <dimen name="x872">1009.26dp</dimen>
    <dimen name="x873">1010.42dp</dimen>
    <dimen name="x874">1011.57dp</dimen>
    <dimen name="x875">1012.73dp</dimen>
    <dimen name="x876">1013.89dp</dimen>
    <dimen name="x877">1015.05dp</dimen>
    <dimen name="x878">1016.20dp</dimen>
    <dimen name="x879">1017.36dp</dimen>
    <dimen name="x880">1018.52dp</dimen>
    <dimen name="x881">1019.68dp</dimen>
    <dimen name="x882">1020.83dp</dimen>
    <dimen name="x883">1021.99dp</dimen>
    <dimen name="x884">1023.15dp</dimen>
    <dimen name="x885">1024.31dp</dimen>
    <dimen name="x886">1025.46dp</dimen>
    <dimen name="x887">1026.62dp</dimen>
    <dimen name="x888">1027.78dp</dimen>
    <dimen name="x889">1028.94dp</dimen>
    <dimen name="x890">1030.09dp</dimen>
    <dimen name="x891">1031.25dp</dimen>
    <dimen name="x892">1032.41dp</dimen>
    <dimen name="x893">1033.56dp</dimen>
    <dimen name="x894">1034.72dp</dimen>
    <dimen name="x895">1035.88dp</dimen>
    <dimen name="x896">1037.04dp</dimen>
    <dimen name="x897">1038.19dp</dimen>
    <dimen name="x898">1039.35dp</dimen>
    <dimen name="x899">1040.51dp</dimen>
    <dimen name="x900">1041.67dp</dimen>
    <dimen name="x901">1042.82dp</dimen>
    <dimen name="x902">1043.98dp</dimen>
    <dimen name="x903">1045.14dp</dimen>
    <dimen name="x904">1046.30dp</dimen>
    <dimen name="x905">1047.45dp</dimen>
    <dimen name="x906">1048.61dp</dimen>
    <dimen name="x907">1049.77dp</dimen>
    <dimen name="x908">1050.93dp</dimen>
    <dimen name="x909">1052.08dp</dimen>
    <dimen name="x910">1053.24dp</dimen>
    <dimen name="x911">1054.40dp</dimen>
    <dimen name="x912">1055.56dp</dimen>
    <dimen name="x913">1056.71dp</dimen>
    <dimen name="x914">1057.87dp</dimen>
    <dimen name="x915">1059.03dp</dimen>
    <dimen name="x916">1060.19dp</dimen>
    <dimen name="x917">1061.34dp</dimen>
    <dimen name="x918">1062.50dp</dimen>
    <dimen name="x919">1063.66dp</dimen>
    <dimen name="x920">1064.81dp</dimen>
    <dimen name="x921">1065.97dp</dimen>
    <dimen name="x922">1067.13dp</dimen>
    <dimen name="x923">1068.29dp</dimen>
    <dimen name="x924">1069.44dp</dimen>
    <dimen name="x925">1070.60dp</dimen>
    <dimen name="x926">1071.76dp</dimen>
    <dimen name="x927">1072.92dp</dimen>
    <dimen name="x928">1074.07dp</dimen>
    <dimen name="x929">1075.23dp</dimen>
    <dimen name="x930">1076.39dp</dimen>
    <dimen name="x931">1077.55dp</dimen>
    <dimen name="x932">1078.70dp</dimen>
    <dimen name="x933">1079.86dp</dimen>
    <dimen name="x934">1081.02dp</dimen>
    <dimen name="x935">1082.18dp</dimen>
    <dimen name="x936">1083.33dp</dimen>
    <dimen name="x937">1084.49dp</dimen>
    <dimen name="x938">1085.65dp</dimen>
    <dimen name="x939">1086.81dp</dimen>
    <dimen name="x940">1087.96dp</dimen>
    <dimen name="x941">1089.12dp</dimen>
    <dimen name="x942">1090.28dp</dimen>
    <dimen name="x943">1091.44dp</dimen>
    <dimen name="x944">1092.59dp</dimen>
    <dimen name="x945">1093.75dp</dimen>
    <dimen name="x946">1094.91dp</dimen>
    <dimen name="x947">1096.06dp</dimen>
    <dimen name="x948">1097.22dp</dimen>
    <dimen name="x949">1098.38dp</dimen>
    <dimen name="x950">1099.54dp</dimen>
    <dimen name="x951">1100.69dp</dimen>
    <dimen name="x952">1101.85dp</dimen>
    <dimen name="x953">1103.01dp</dimen>
    <dimen name="x954">1104.17dp</dimen>
    <dimen name="x955">1105.32dp</dimen>
    <dimen name="x956">1106.48dp</dimen>
    <dimen name="x957">1107.64dp</dimen>
    <dimen name="x958">1108.80dp</dimen>
    <dimen name="x959">1109.95dp</dimen>
    <dimen name="x960">1111.11dp</dimen>
    <dimen name="x961">1112.27dp</dimen>
    <dimen name="x962">1113.43dp</dimen>
    <dimen name="x963">1114.58dp</dimen>
    <dimen name="x964">1115.74dp</dimen>
    <dimen name="x965">1116.90dp</dimen>
    <dimen name="x966">1118.06dp</dimen>
    <dimen name="x967">1119.21dp</dimen>
    <dimen name="x968">1120.37dp</dimen>
    <dimen name="x969">1121.53dp</dimen>
    <dimen name="x970">1122.69dp</dimen>
    <dimen name="x971">1123.84dp</dimen>
    <dimen name="x972">1125.00dp</dimen>
    <dimen name="x973">1126.16dp</dimen>
    <dimen name="x974">1127.31dp</dimen>
    <dimen name="x975">1128.47dp</dimen>
    <dimen name="x976">1129.63dp</dimen>
    <dimen name="x977">1130.79dp</dimen>
    <dimen name="x978">1131.94dp</dimen>
    <dimen name="x979">1133.10dp</dimen>
    <dimen name="x980">1134.26dp</dimen>
    <dimen name="x981">1135.42dp</dimen>
    <dimen name="x982">1136.57dp</dimen>
    <dimen name="x983">1137.73dp</dimen>
    <dimen name="x984">1138.89dp</dimen>
    <dimen name="x985">1140.05dp</dimen>
    <dimen name="x986">1141.20dp</dimen>
    <dimen name="x987">1142.36dp</dimen>
    <dimen name="x988">1143.52dp</dimen>
    <dimen name="x989">1144.68dp</dimen>
    <dimen name="x990">1145.83dp</dimen>
    <dimen name="x991">1146.99dp</dimen>
    <dimen name="x992">1148.15dp</dimen>
    <dimen name="x993">1149.31dp</dimen>
    <dimen name="x994">1150.46dp</dimen>
    <dimen name="x995">1151.62dp</dimen>
    <dimen name="x996">1152.78dp</dimen>
    <dimen name="x997">1153.94dp</dimen>
    <dimen name="x998">1155.09dp</dimen>
    <dimen name="x999">1156.25dp</dimen>
    <dimen name="x1000">1157.41dp</dimen>
    <dimen name="x1001">1158.56dp</dimen>
    <dimen name="x1002">1159.72dp</dimen>
    <dimen name="x1003">1160.88dp</dimen>
    <dimen name="x1004">1162.04dp</dimen>
    <dimen name="x1005">1163.19dp</dimen>
    <dimen name="x1006">1164.35dp</dimen>
    <dimen name="x1007">1165.51dp</dimen>
    <dimen name="x1008">1166.67dp</dimen>
    <dimen name="x1009">1167.82dp</dimen>
    <dimen name="x1010">1168.98dp</dimen>
    <dimen name="x1011">1170.14dp</dimen>
    <dimen name="x1012">1171.30dp</dimen>
    <dimen name="x1013">1172.45dp</dimen>
    <dimen name="x1014">1173.61dp</dimen>
    <dimen name="x1015">1174.77dp</dimen>
    <dimen name="x1016">1175.93dp</dimen>
    <dimen name="x1017">1177.08dp</dimen>
    <dimen name="x1018">1178.24dp</dimen>
    <dimen name="x1019">1179.40dp</dimen>
    <dimen name="x1020">1180.56dp</dimen>
    <dimen name="x1021">1181.71dp</dimen>
    <dimen name="x1022">1182.87dp</dimen>
    <dimen name="x1023">1184.03dp</dimen>
    <dimen name="x1024">1185.19dp</dimen>
    <dimen name="x1025">1186.34dp</dimen>
    <dimen name="x1026">1187.50dp</dimen>
    <dimen name="x1027">1188.66dp</dimen>
    <dimen name="x1028">1189.81dp</dimen>
    <dimen name="x1029">1190.97dp</dimen>
    <dimen name="x1030">1192.13dp</dimen>
    <dimen name="x1031">1193.29dp</dimen>
    <dimen name="x1032">1194.44dp</dimen>
    <dimen name="x1033">1195.60dp</dimen>
    <dimen name="x1034">1196.76dp</dimen>
    <dimen name="x1035">1197.92dp</dimen>
    <dimen name="x1036">1199.07dp</dimen>
    <dimen name="x1037">1200.23dp</dimen>
    <dimen name="x1038">1201.39dp</dimen>
    <dimen name="x1039">1202.55dp</dimen>
    <dimen name="x1040">1203.70dp</dimen>
    <dimen name="x1041">1204.86dp</dimen>
    <dimen name="x1042">1206.02dp</dimen>
    <dimen name="x1043">1207.18dp</dimen>
    <dimen name="x1044">1208.33dp</dimen>
    <dimen name="x1045">1209.49dp</dimen>
    <dimen name="x1046">1210.65dp</dimen>
    <dimen name="x1047">1211.81dp</dimen>
    <dimen name="x1048">1212.96dp</dimen>
    <dimen name="x1049">1214.12dp</dimen>
    <dimen name="x1050">1215.28dp</dimen>
    <dimen name="x1051">1216.44dp</dimen>
    <dimen name="x1052">1217.59dp</dimen>
    <dimen name="x1053">1218.75dp</dimen>
    <dimen name="x1054">1219.91dp</dimen>
    <dimen name="x1055">1221.06dp</dimen>
    <dimen name="x1056">1222.22dp</dimen>
    <dimen name="x1057">1223.38dp</dimen>
    <dimen name="x1058">1224.54dp</dimen>
    <dimen name="x1059">1225.69dp</dimen>
    <dimen name="x1060">1226.85dp</dimen>
    <dimen name="x1061">1228.01dp</dimen>
    <dimen name="x1062">1229.17dp</dimen>
    <dimen name="x1063">1230.32dp</dimen>
    <dimen name="x1064">1231.48dp</dimen>
    <dimen name="x1065">1232.64dp</dimen>
    <dimen name="x1066">1233.80dp</dimen>
    <dimen name="x1067">1234.95dp</dimen>
    <dimen name="x1068">1236.11dp</dimen>
    <dimen name="x1069">1237.27dp</dimen>
    <dimen name="x1070">1238.43dp</dimen>
    <dimen name="x1071">1239.58dp</dimen>
    <dimen name="x1072">1240.74dp</dimen>
    <dimen name="x1073">1241.90dp</dimen>
    <dimen name="x1074">1243.06dp</dimen>
    <dimen name="x1075">1244.21dp</dimen>
    <dimen name="x1076">1245.37dp</dimen>
    <dimen name="x1077">1246.53dp</dimen>
    <dimen name="x1078">1247.69dp</dimen>
    <dimen name="x1079">1248.84dp</dimen>
    <dimen name="x1080">1250.00dp</dimen>
</resources>