<?xml version="1.0" encoding="utf-8"?>
<resources>
    <string name="sw_dp">1760dp</string>
    <dimen name="x1">1.63dp</dimen>
    <dimen name="x2">3.26dp</dimen>
    <dimen name="x3">4.89dp</dimen>
    <dimen name="x4">6.52dp</dimen>
    <dimen name="x5">8.15dp</dimen>
    <dimen name="x6">9.78dp</dimen>
    <dimen name="x7">11.41dp</dimen>
    <dimen name="x8">13.04dp</dimen>
    <dimen name="x9">14.67dp</dimen>
    <dimen name="x10">16.30dp</dimen>
    <dimen name="x11">17.93dp</dimen>
    <dimen name="x12">19.56dp</dimen>
    <dimen name="x13">21.19dp</dimen>
    <dimen name="x14">22.81dp</dimen>
    <dimen name="x15">24.44dp</dimen>
    <dimen name="x16">26.07dp</dimen>
    <dimen name="x17">27.70dp</dimen>
    <dimen name="x18">29.33dp</dimen>
    <dimen name="x19">30.96dp</dimen>
    <dimen name="x20">32.59dp</dimen>
    <dimen name="x21">34.22dp</dimen>
    <dimen name="x22">35.85dp</dimen>
    <dimen name="x23">37.48dp</dimen>
    <dimen name="x24">39.11dp</dimen>
    <dimen name="x25">40.74dp</dimen>
    <dimen name="x26">42.37dp</dimen>
    <dimen name="x27">44.00dp</dimen>
    <dimen name="x28">45.63dp</dimen>
    <dimen name="x29">47.26dp</dimen>
    <dimen name="x30">48.89dp</dimen>
    <dimen name="x31">50.52dp</dimen>
    <dimen name="x32">52.15dp</dimen>
    <dimen name="x33">53.78dp</dimen>
    <dimen name="x34">55.41dp</dimen>
    <dimen name="x35">57.04dp</dimen>
    <dimen name="x36">58.67dp</dimen>
    <dimen name="x37">60.30dp</dimen>
    <dimen name="x38">61.93dp</dimen>
    <dimen name="x39">63.56dp</dimen>
    <dimen name="x40">65.19dp</dimen>
    <dimen name="x41">66.81dp</dimen>
    <dimen name="x42">68.44dp</dimen>
    <dimen name="x43">70.07dp</dimen>
    <dimen name="x44">71.70dp</dimen>
    <dimen name="x45">73.33dp</dimen>
    <dimen name="x46">74.96dp</dimen>
    <dimen name="x47">76.59dp</dimen>
    <dimen name="x48">78.22dp</dimen>
    <dimen name="x49">79.85dp</dimen>
    <dimen name="x50">81.48dp</dimen>
    <dimen name="x51">83.11dp</dimen>
    <dimen name="x52">84.74dp</dimen>
    <dimen name="x53">86.37dp</dimen>
    <dimen name="x54">88.00dp</dimen>
    <dimen name="x55">89.63dp</dimen>
    <dimen name="x56">91.26dp</dimen>
    <dimen name="x57">92.89dp</dimen>
    <dimen name="x58">94.52dp</dimen>
    <dimen name="x59">96.15dp</dimen>
    <dimen name="x60">97.78dp</dimen>
    <dimen name="x61">99.41dp</dimen>
    <dimen name="x62">101.04dp</dimen>
    <dimen name="x63">102.67dp</dimen>
    <dimen name="x64">104.30dp</dimen>
    <dimen name="x65">105.93dp</dimen>
    <dimen name="x66">107.56dp</dimen>
    <dimen name="x67">109.19dp</dimen>
    <dimen name="x68">110.81dp</dimen>
    <dimen name="x69">112.44dp</dimen>
    <dimen name="x70">114.07dp</dimen>
    <dimen name="x71">115.70dp</dimen>
    <dimen name="x72">117.33dp</dimen>
    <dimen name="x73">118.96dp</dimen>
    <dimen name="x74">120.59dp</dimen>
    <dimen name="x75">122.22dp</dimen>
    <dimen name="x76">123.85dp</dimen>
    <dimen name="x77">125.48dp</dimen>
    <dimen name="x78">127.11dp</dimen>
    <dimen name="x79">128.74dp</dimen>
    <dimen name="x80">130.37dp</dimen>
    <dimen name="x81">132.00dp</dimen>
    <dimen name="x82">133.63dp</dimen>
    <dimen name="x83">135.26dp</dimen>
    <dimen name="x84">136.89dp</dimen>
    <dimen name="x85">138.52dp</dimen>
    <dimen name="x86">140.15dp</dimen>
    <dimen name="x87">141.78dp</dimen>
    <dimen name="x88">143.41dp</dimen>
    <dimen name="x89">145.04dp</dimen>
    <dimen name="x90">146.67dp</dimen>
    <dimen name="x91">148.30dp</dimen>
    <dimen name="x92">149.93dp</dimen>
    <dimen name="x93">151.56dp</dimen>
    <dimen name="x94">153.19dp</dimen>
    <dimen name="x95">154.81dp</dimen>
    <dimen name="x96">156.44dp</dimen>
    <dimen name="x97">158.07dp</dimen>
    <dimen name="x98">159.70dp</dimen>
    <dimen name="x99">161.33dp</dimen>
    <dimen name="x100">162.96dp</dimen>
    <dimen name="x101">164.59dp</dimen>
    <dimen name="x102">166.22dp</dimen>
    <dimen name="x103">167.85dp</dimen>
    <dimen name="x104">169.48dp</dimen>
    <dimen name="x105">171.11dp</dimen>
    <dimen name="x106">172.74dp</dimen>
    <dimen name="x107">174.37dp</dimen>
    <dimen name="x108">176.00dp</dimen>
    <dimen name="x109">177.63dp</dimen>
    <dimen name="x110">179.26dp</dimen>
    <dimen name="x111">180.89dp</dimen>
    <dimen name="x112">182.52dp</dimen>
    <dimen name="x113">184.15dp</dimen>
    <dimen name="x114">185.78dp</dimen>
    <dimen name="x115">187.41dp</dimen>
    <dimen name="x116">189.04dp</dimen>
    <dimen name="x117">190.67dp</dimen>
    <dimen name="x118">192.30dp</dimen>
    <dimen name="x119">193.93dp</dimen>
    <dimen name="x120">195.56dp</dimen>
    <dimen name="x121">197.19dp</dimen>
    <dimen name="x122">198.81dp</dimen>
    <dimen name="x123">200.44dp</dimen>
    <dimen name="x124">202.07dp</dimen>
    <dimen name="x125">203.70dp</dimen>
    <dimen name="x126">205.33dp</dimen>
    <dimen name="x127">206.96dp</dimen>
    <dimen name="x128">208.59dp</dimen>
    <dimen name="x129">210.22dp</dimen>
    <dimen name="x130">211.85dp</dimen>
    <dimen name="x131">213.48dp</dimen>
    <dimen name="x132">215.11dp</dimen>
    <dimen name="x133">216.74dp</dimen>
    <dimen name="x134">218.37dp</dimen>
    <dimen name="x135">220.00dp</dimen>
    <dimen name="x136">221.63dp</dimen>
    <dimen name="x137">223.26dp</dimen>
    <dimen name="x138">224.89dp</dimen>
    <dimen name="x139">226.52dp</dimen>
    <dimen name="x140">228.15dp</dimen>
    <dimen name="x141">229.78dp</dimen>
    <dimen name="x142">231.41dp</dimen>
    <dimen name="x143">233.04dp</dimen>
    <dimen name="x144">234.67dp</dimen>
    <dimen name="x145">236.30dp</dimen>
    <dimen name="x146">237.93dp</dimen>
    <dimen name="x147">239.56dp</dimen>
    <dimen name="x148">241.19dp</dimen>
    <dimen name="x149">242.81dp</dimen>
    <dimen name="x150">244.44dp</dimen>
    <dimen name="x151">246.07dp</dimen>
    <dimen name="x152">247.70dp</dimen>
    <dimen name="x153">249.33dp</dimen>
    <dimen name="x154">250.96dp</dimen>
    <dimen name="x155">252.59dp</dimen>
    <dimen name="x156">254.22dp</dimen>
    <dimen name="x157">255.85dp</dimen>
    <dimen name="x158">257.48dp</dimen>
    <dimen name="x159">259.11dp</dimen>
    <dimen name="x160">260.74dp</dimen>
    <dimen name="x161">262.37dp</dimen>
    <dimen name="x162">264.00dp</dimen>
    <dimen name="x163">265.63dp</dimen>
    <dimen name="x164">267.26dp</dimen>
    <dimen name="x165">268.89dp</dimen>
    <dimen name="x166">270.52dp</dimen>
    <dimen name="x167">272.15dp</dimen>
    <dimen name="x168">273.78dp</dimen>
    <dimen name="x169">275.41dp</dimen>
    <dimen name="x170">277.04dp</dimen>
    <dimen name="x171">278.67dp</dimen>
    <dimen name="x172">280.30dp</dimen>
    <dimen name="x173">281.93dp</dimen>
    <dimen name="x174">283.56dp</dimen>
    <dimen name="x175">285.19dp</dimen>
    <dimen name="x176">286.81dp</dimen>
    <dimen name="x177">288.44dp</dimen>
    <dimen name="x178">290.07dp</dimen>
    <dimen name="x179">291.70dp</dimen>
    <dimen name="x180">293.33dp</dimen>
    <dimen name="x181">294.96dp</dimen>
    <dimen name="x182">296.59dp</dimen>
    <dimen name="x183">298.22dp</dimen>
    <dimen name="x184">299.85dp</dimen>
    <dimen name="x185">301.48dp</dimen>
    <dimen name="x186">303.11dp</dimen>
    <dimen name="x187">304.74dp</dimen>
    <dimen name="x188">306.37dp</dimen>
    <dimen name="x189">308.00dp</dimen>
    <dimen name="x190">309.63dp</dimen>
    <dimen name="x191">311.26dp</dimen>
    <dimen name="x192">312.89dp</dimen>
    <dimen name="x193">314.52dp</dimen>
    <dimen name="x194">316.15dp</dimen>
    <dimen name="x195">317.78dp</dimen>
    <dimen name="x196">319.41dp</dimen>
    <dimen name="x197">321.04dp</dimen>
    <dimen name="x198">322.67dp</dimen>
    <dimen name="x199">324.30dp</dimen>
    <dimen name="x200">325.93dp</dimen>
    <dimen name="x201">327.56dp</dimen>
    <dimen name="x202">329.19dp</dimen>
    <dimen name="x203">330.81dp</dimen>
    <dimen name="x204">332.44dp</dimen>
    <dimen name="x205">334.07dp</dimen>
    <dimen name="x206">335.70dp</dimen>
    <dimen name="x207">337.33dp</dimen>
    <dimen name="x208">338.96dp</dimen>
    <dimen name="x209">340.59dp</dimen>
    <dimen name="x210">342.22dp</dimen>
    <dimen name="x211">343.85dp</dimen>
    <dimen name="x212">345.48dp</dimen>
    <dimen name="x213">347.11dp</dimen>
    <dimen name="x214">348.74dp</dimen>
    <dimen name="x215">350.37dp</dimen>
    <dimen name="x216">352.00dp</dimen>
    <dimen name="x217">353.63dp</dimen>
    <dimen name="x218">355.26dp</dimen>
    <dimen name="x219">356.89dp</dimen>
    <dimen name="x220">358.52dp</dimen>
    <dimen name="x221">360.15dp</dimen>
    <dimen name="x222">361.78dp</dimen>
    <dimen name="x223">363.41dp</dimen>
    <dimen name="x224">365.04dp</dimen>
    <dimen name="x225">366.67dp</dimen>
    <dimen name="x226">368.30dp</dimen>
    <dimen name="x227">369.93dp</dimen>
    <dimen name="x228">371.56dp</dimen>
    <dimen name="x229">373.19dp</dimen>
    <dimen name="x230">374.81dp</dimen>
    <dimen name="x231">376.44dp</dimen>
    <dimen name="x232">378.07dp</dimen>
    <dimen name="x233">379.70dp</dimen>
    <dimen name="x234">381.33dp</dimen>
    <dimen name="x235">382.96dp</dimen>
    <dimen name="x236">384.59dp</dimen>
    <dimen name="x237">386.22dp</dimen>
    <dimen name="x238">387.85dp</dimen>
    <dimen name="x239">389.48dp</dimen>
    <dimen name="x240">391.11dp</dimen>
    <dimen name="x241">392.74dp</dimen>
    <dimen name="x242">394.37dp</dimen>
    <dimen name="x243">396.00dp</dimen>
    <dimen name="x244">397.63dp</dimen>
    <dimen name="x245">399.26dp</dimen>
    <dimen name="x246">400.89dp</dimen>
    <dimen name="x247">402.52dp</dimen>
    <dimen name="x248">404.15dp</dimen>
    <dimen name="x249">405.78dp</dimen>
    <dimen name="x250">407.41dp</dimen>
    <dimen name="x251">409.04dp</dimen>
    <dimen name="x252">410.67dp</dimen>
    <dimen name="x253">412.30dp</dimen>
    <dimen name="x254">413.93dp</dimen>
    <dimen name="x255">415.56dp</dimen>
    <dimen name="x256">417.19dp</dimen>
    <dimen name="x257">418.81dp</dimen>
    <dimen name="x258">420.44dp</dimen>
    <dimen name="x259">422.07dp</dimen>
    <dimen name="x260">423.70dp</dimen>
    <dimen name="x261">425.33dp</dimen>
    <dimen name="x262">426.96dp</dimen>
    <dimen name="x263">428.59dp</dimen>
    <dimen name="x264">430.22dp</dimen>
    <dimen name="x265">431.85dp</dimen>
    <dimen name="x266">433.48dp</dimen>
    <dimen name="x267">435.11dp</dimen>
    <dimen name="x268">436.74dp</dimen>
    <dimen name="x269">438.37dp</dimen>
    <dimen name="x270">440.00dp</dimen>
    <dimen name="x271">441.63dp</dimen>
    <dimen name="x272">443.26dp</dimen>
    <dimen name="x273">444.89dp</dimen>
    <dimen name="x274">446.52dp</dimen>
    <dimen name="x275">448.15dp</dimen>
    <dimen name="x276">449.78dp</dimen>
    <dimen name="x277">451.41dp</dimen>
    <dimen name="x278">453.04dp</dimen>
    <dimen name="x279">454.67dp</dimen>
    <dimen name="x280">456.30dp</dimen>
    <dimen name="x281">457.93dp</dimen>
    <dimen name="x282">459.56dp</dimen>
    <dimen name="x283">461.19dp</dimen>
    <dimen name="x284">462.81dp</dimen>
    <dimen name="x285">464.44dp</dimen>
    <dimen name="x286">466.07dp</dimen>
    <dimen name="x287">467.70dp</dimen>
    <dimen name="x288">469.33dp</dimen>
    <dimen name="x289">470.96dp</dimen>
    <dimen name="x290">472.59dp</dimen>
    <dimen name="x291">474.22dp</dimen>
    <dimen name="x292">475.85dp</dimen>
    <dimen name="x293">477.48dp</dimen>
    <dimen name="x294">479.11dp</dimen>
    <dimen name="x295">480.74dp</dimen>
    <dimen name="x296">482.37dp</dimen>
    <dimen name="x297">484.00dp</dimen>
    <dimen name="x298">485.63dp</dimen>
    <dimen name="x299">487.26dp</dimen>
    <dimen name="x300">488.89dp</dimen>
    <dimen name="x301">490.52dp</dimen>
    <dimen name="x302">492.15dp</dimen>
    <dimen name="x303">493.78dp</dimen>
    <dimen name="x304">495.41dp</dimen>
    <dimen name="x305">497.04dp</dimen>
    <dimen name="x306">498.67dp</dimen>
    <dimen name="x307">500.30dp</dimen>
    <dimen name="x308">501.93dp</dimen>
    <dimen name="x309">503.56dp</dimen>
    <dimen name="x310">505.19dp</dimen>
    <dimen name="x311">506.81dp</dimen>
    <dimen name="x312">508.44dp</dimen>
    <dimen name="x313">510.07dp</dimen>
    <dimen name="x314">511.70dp</dimen>
    <dimen name="x315">513.33dp</dimen>
    <dimen name="x316">514.96dp</dimen>
    <dimen name="x317">516.59dp</dimen>
    <dimen name="x318">518.22dp</dimen>
    <dimen name="x319">519.85dp</dimen>
    <dimen name="x320">521.48dp</dimen>
    <dimen name="x321">523.11dp</dimen>
    <dimen name="x322">524.74dp</dimen>
    <dimen name="x323">526.37dp</dimen>
    <dimen name="x324">528.00dp</dimen>
    <dimen name="x325">529.63dp</dimen>
    <dimen name="x326">531.26dp</dimen>
    <dimen name="x327">532.89dp</dimen>
    <dimen name="x328">534.52dp</dimen>
    <dimen name="x329">536.15dp</dimen>
    <dimen name="x330">537.78dp</dimen>
    <dimen name="x331">539.41dp</dimen>
    <dimen name="x332">541.04dp</dimen>
    <dimen name="x333">542.67dp</dimen>
    <dimen name="x334">544.30dp</dimen>
    <dimen name="x335">545.93dp</dimen>
    <dimen name="x336">547.56dp</dimen>
    <dimen name="x337">549.19dp</dimen>
    <dimen name="x338">550.81dp</dimen>
    <dimen name="x339">552.44dp</dimen>
    <dimen name="x340">554.07dp</dimen>
    <dimen name="x341">555.70dp</dimen>
    <dimen name="x342">557.33dp</dimen>
    <dimen name="x343">558.96dp</dimen>
    <dimen name="x344">560.59dp</dimen>
    <dimen name="x345">562.22dp</dimen>
    <dimen name="x346">563.85dp</dimen>
    <dimen name="x347">565.48dp</dimen>
    <dimen name="x348">567.11dp</dimen>
    <dimen name="x349">568.74dp</dimen>
    <dimen name="x350">570.37dp</dimen>
    <dimen name="x351">572.00dp</dimen>
    <dimen name="x352">573.63dp</dimen>
    <dimen name="x353">575.26dp</dimen>
    <dimen name="x354">576.89dp</dimen>
    <dimen name="x355">578.52dp</dimen>
    <dimen name="x356">580.15dp</dimen>
    <dimen name="x357">581.78dp</dimen>
    <dimen name="x358">583.41dp</dimen>
    <dimen name="x359">585.04dp</dimen>
    <dimen name="x360">586.67dp</dimen>
    <dimen name="x361">588.30dp</dimen>
    <dimen name="x362">589.93dp</dimen>
    <dimen name="x363">591.56dp</dimen>
    <dimen name="x364">593.19dp</dimen>
    <dimen name="x365">594.81dp</dimen>
    <dimen name="x366">596.44dp</dimen>
    <dimen name="x367">598.07dp</dimen>
    <dimen name="x368">599.70dp</dimen>
    <dimen name="x369">601.33dp</dimen>
    <dimen name="x370">602.96dp</dimen>
    <dimen name="x371">604.59dp</dimen>
    <dimen name="x372">606.22dp</dimen>
    <dimen name="x373">607.85dp</dimen>
    <dimen name="x374">609.48dp</dimen>
    <dimen name="x375">611.11dp</dimen>
    <dimen name="x376">612.74dp</dimen>
    <dimen name="x377">614.37dp</dimen>
    <dimen name="x378">616.00dp</dimen>
    <dimen name="x379">617.63dp</dimen>
    <dimen name="x380">619.26dp</dimen>
    <dimen name="x381">620.89dp</dimen>
    <dimen name="x382">622.52dp</dimen>
    <dimen name="x383">624.15dp</dimen>
    <dimen name="x384">625.78dp</dimen>
    <dimen name="x385">627.41dp</dimen>
    <dimen name="x386">629.04dp</dimen>
    <dimen name="x387">630.67dp</dimen>
    <dimen name="x388">632.30dp</dimen>
    <dimen name="x389">633.93dp</dimen>
    <dimen name="x390">635.56dp</dimen>
    <dimen name="x391">637.19dp</dimen>
    <dimen name="x392">638.81dp</dimen>
    <dimen name="x393">640.44dp</dimen>
    <dimen name="x394">642.07dp</dimen>
    <dimen name="x395">643.70dp</dimen>
    <dimen name="x396">645.33dp</dimen>
    <dimen name="x397">646.96dp</dimen>
    <dimen name="x398">648.59dp</dimen>
    <dimen name="x399">650.22dp</dimen>
    <dimen name="x400">651.85dp</dimen>
    <dimen name="x401">653.48dp</dimen>
    <dimen name="x402">655.11dp</dimen>
    <dimen name="x403">656.74dp</dimen>
    <dimen name="x404">658.37dp</dimen>
    <dimen name="x405">660.00dp</dimen>
    <dimen name="x406">661.63dp</dimen>
    <dimen name="x407">663.26dp</dimen>
    <dimen name="x408">664.89dp</dimen>
    <dimen name="x409">666.52dp</dimen>
    <dimen name="x410">668.15dp</dimen>
    <dimen name="x411">669.78dp</dimen>
    <dimen name="x412">671.41dp</dimen>
    <dimen name="x413">673.04dp</dimen>
    <dimen name="x414">674.67dp</dimen>
    <dimen name="x415">676.30dp</dimen>
    <dimen name="x416">677.93dp</dimen>
    <dimen name="x417">679.56dp</dimen>
    <dimen name="x418">681.19dp</dimen>
    <dimen name="x419">682.81dp</dimen>
    <dimen name="x420">684.44dp</dimen>
    <dimen name="x421">686.07dp</dimen>
    <dimen name="x422">687.70dp</dimen>
    <dimen name="x423">689.33dp</dimen>
    <dimen name="x424">690.96dp</dimen>
    <dimen name="x425">692.59dp</dimen>
    <dimen name="x426">694.22dp</dimen>
    <dimen name="x427">695.85dp</dimen>
    <dimen name="x428">697.48dp</dimen>
    <dimen name="x429">699.11dp</dimen>
    <dimen name="x430">700.74dp</dimen>
    <dimen name="x431">702.37dp</dimen>
    <dimen name="x432">704.00dp</dimen>
    <dimen name="x433">705.63dp</dimen>
    <dimen name="x434">707.26dp</dimen>
    <dimen name="x435">708.89dp</dimen>
    <dimen name="x436">710.52dp</dimen>
    <dimen name="x437">712.15dp</dimen>
    <dimen name="x438">713.78dp</dimen>
    <dimen name="x439">715.41dp</dimen>
    <dimen name="x440">717.04dp</dimen>
    <dimen name="x441">718.67dp</dimen>
    <dimen name="x442">720.30dp</dimen>
    <dimen name="x443">721.93dp</dimen>
    <dimen name="x444">723.56dp</dimen>
    <dimen name="x445">725.19dp</dimen>
    <dimen name="x446">726.81dp</dimen>
    <dimen name="x447">728.44dp</dimen>
    <dimen name="x448">730.07dp</dimen>
    <dimen name="x449">731.70dp</dimen>
    <dimen name="x450">733.33dp</dimen>
    <dimen name="x451">734.96dp</dimen>
    <dimen name="x452">736.59dp</dimen>
    <dimen name="x453">738.22dp</dimen>
    <dimen name="x454">739.85dp</dimen>
    <dimen name="x455">741.48dp</dimen>
    <dimen name="x456">743.11dp</dimen>
    <dimen name="x457">744.74dp</dimen>
    <dimen name="x458">746.37dp</dimen>
    <dimen name="x459">748.00dp</dimen>
    <dimen name="x460">749.63dp</dimen>
    <dimen name="x461">751.26dp</dimen>
    <dimen name="x462">752.89dp</dimen>
    <dimen name="x463">754.52dp</dimen>
    <dimen name="x464">756.15dp</dimen>
    <dimen name="x465">757.78dp</dimen>
    <dimen name="x466">759.41dp</dimen>
    <dimen name="x467">761.04dp</dimen>
    <dimen name="x468">762.67dp</dimen>
    <dimen name="x469">764.30dp</dimen>
    <dimen name="x470">765.93dp</dimen>
    <dimen name="x471">767.56dp</dimen>
    <dimen name="x472">769.19dp</dimen>
    <dimen name="x473">770.81dp</dimen>
    <dimen name="x474">772.44dp</dimen>
    <dimen name="x475">774.07dp</dimen>
    <dimen name="x476">775.70dp</dimen>
    <dimen name="x477">777.33dp</dimen>
    <dimen name="x478">778.96dp</dimen>
    <dimen name="x479">780.59dp</dimen>
    <dimen name="x480">782.22dp</dimen>
    <dimen name="x481">783.85dp</dimen>
    <dimen name="x482">785.48dp</dimen>
    <dimen name="x483">787.11dp</dimen>
    <dimen name="x484">788.74dp</dimen>
    <dimen name="x485">790.37dp</dimen>
    <dimen name="x486">792.00dp</dimen>
    <dimen name="x487">793.63dp</dimen>
    <dimen name="x488">795.26dp</dimen>
    <dimen name="x489">796.89dp</dimen>
    <dimen name="x490">798.52dp</dimen>
    <dimen name="x491">800.15dp</dimen>
    <dimen name="x492">801.78dp</dimen>
    <dimen name="x493">803.41dp</dimen>
    <dimen name="x494">805.04dp</dimen>
    <dimen name="x495">806.67dp</dimen>
    <dimen name="x496">808.30dp</dimen>
    <dimen name="x497">809.93dp</dimen>
    <dimen name="x498">811.56dp</dimen>
    <dimen name="x499">813.19dp</dimen>
    <dimen name="x500">814.81dp</dimen>
    <dimen name="x501">816.44dp</dimen>
    <dimen name="x502">818.07dp</dimen>
    <dimen name="x503">819.70dp</dimen>
    <dimen name="x504">821.33dp</dimen>
    <dimen name="x505">822.96dp</dimen>
    <dimen name="x506">824.59dp</dimen>
    <dimen name="x507">826.22dp</dimen>
    <dimen name="x508">827.85dp</dimen>
    <dimen name="x509">829.48dp</dimen>
    <dimen name="x510">831.11dp</dimen>
    <dimen name="x511">832.74dp</dimen>
    <dimen name="x512">834.37dp</dimen>
    <dimen name="x513">836.00dp</dimen>
    <dimen name="x514">837.63dp</dimen>
    <dimen name="x515">839.26dp</dimen>
    <dimen name="x516">840.89dp</dimen>
    <dimen name="x517">842.52dp</dimen>
    <dimen name="x518">844.15dp</dimen>
    <dimen name="x519">845.78dp</dimen>
    <dimen name="x520">847.41dp</dimen>
    <dimen name="x521">849.04dp</dimen>
    <dimen name="x522">850.67dp</dimen>
    <dimen name="x523">852.30dp</dimen>
    <dimen name="x524">853.93dp</dimen>
    <dimen name="x525">855.56dp</dimen>
    <dimen name="x526">857.19dp</dimen>
    <dimen name="x527">858.81dp</dimen>
    <dimen name="x528">860.44dp</dimen>
    <dimen name="x529">862.07dp</dimen>
    <dimen name="x530">863.70dp</dimen>
    <dimen name="x531">865.33dp</dimen>
    <dimen name="x532">866.96dp</dimen>
    <dimen name="x533">868.59dp</dimen>
    <dimen name="x534">870.22dp</dimen>
    <dimen name="x535">871.85dp</dimen>
    <dimen name="x536">873.48dp</dimen>
    <dimen name="x537">875.11dp</dimen>
    <dimen name="x538">876.74dp</dimen>
    <dimen name="x539">878.37dp</dimen>
    <dimen name="x540">880.00dp</dimen>
    <dimen name="x541">881.63dp</dimen>
    <dimen name="x542">883.26dp</dimen>
    <dimen name="x543">884.89dp</dimen>
    <dimen name="x544">886.52dp</dimen>
    <dimen name="x545">888.15dp</dimen>
    <dimen name="x546">889.78dp</dimen>
    <dimen name="x547">891.41dp</dimen>
    <dimen name="x548">893.04dp</dimen>
    <dimen name="x549">894.67dp</dimen>
    <dimen name="x550">896.30dp</dimen>
    <dimen name="x551">897.93dp</dimen>
    <dimen name="x552">899.56dp</dimen>
    <dimen name="x553">901.19dp</dimen>
    <dimen name="x554">902.81dp</dimen>
    <dimen name="x555">904.44dp</dimen>
    <dimen name="x556">906.07dp</dimen>
    <dimen name="x557">907.70dp</dimen>
    <dimen name="x558">909.33dp</dimen>
    <dimen name="x559">910.96dp</dimen>
    <dimen name="x560">912.59dp</dimen>
    <dimen name="x561">914.22dp</dimen>
    <dimen name="x562">915.85dp</dimen>
    <dimen name="x563">917.48dp</dimen>
    <dimen name="x564">919.11dp</dimen>
    <dimen name="x565">920.74dp</dimen>
    <dimen name="x566">922.37dp</dimen>
    <dimen name="x567">924.00dp</dimen>
    <dimen name="x568">925.63dp</dimen>
    <dimen name="x569">927.26dp</dimen>
    <dimen name="x570">928.89dp</dimen>
    <dimen name="x571">930.52dp</dimen>
    <dimen name="x572">932.15dp</dimen>
    <dimen name="x573">933.78dp</dimen>
    <dimen name="x574">935.41dp</dimen>
    <dimen name="x575">937.04dp</dimen>
    <dimen name="x576">938.67dp</dimen>
    <dimen name="x577">940.30dp</dimen>
    <dimen name="x578">941.93dp</dimen>
    <dimen name="x579">943.56dp</dimen>
    <dimen name="x580">945.19dp</dimen>
    <dimen name="x581">946.81dp</dimen>
    <dimen name="x582">948.44dp</dimen>
    <dimen name="x583">950.07dp</dimen>
    <dimen name="x584">951.70dp</dimen>
    <dimen name="x585">953.33dp</dimen>
    <dimen name="x586">954.96dp</dimen>
    <dimen name="x587">956.59dp</dimen>
    <dimen name="x588">958.22dp</dimen>
    <dimen name="x589">959.85dp</dimen>
    <dimen name="x590">961.48dp</dimen>
    <dimen name="x591">963.11dp</dimen>
    <dimen name="x592">964.74dp</dimen>
    <dimen name="x593">966.37dp</dimen>
    <dimen name="x594">968.00dp</dimen>
    <dimen name="x595">969.63dp</dimen>
    <dimen name="x596">971.26dp</dimen>
    <dimen name="x597">972.89dp</dimen>
    <dimen name="x598">974.52dp</dimen>
    <dimen name="x599">976.15dp</dimen>
    <dimen name="x600">977.78dp</dimen>
    <dimen name="x601">979.41dp</dimen>
    <dimen name="x602">981.04dp</dimen>
    <dimen name="x603">982.67dp</dimen>
    <dimen name="x604">984.30dp</dimen>
    <dimen name="x605">985.93dp</dimen>
    <dimen name="x606">987.56dp</dimen>
    <dimen name="x607">989.19dp</dimen>
    <dimen name="x608">990.81dp</dimen>
    <dimen name="x609">992.44dp</dimen>
    <dimen name="x610">994.07dp</dimen>
    <dimen name="x611">995.70dp</dimen>
    <dimen name="x612">997.33dp</dimen>
    <dimen name="x613">998.96dp</dimen>
    <dimen name="x614">1000.59dp</dimen>
    <dimen name="x615">1002.22dp</dimen>
    <dimen name="x616">1003.85dp</dimen>
    <dimen name="x617">1005.48dp</dimen>
    <dimen name="x618">1007.11dp</dimen>
    <dimen name="x619">1008.74dp</dimen>
    <dimen name="x620">1010.37dp</dimen>
    <dimen name="x621">1012.00dp</dimen>
    <dimen name="x622">1013.63dp</dimen>
    <dimen name="x623">1015.26dp</dimen>
    <dimen name="x624">1016.89dp</dimen>
    <dimen name="x625">1018.52dp</dimen>
    <dimen name="x626">1020.15dp</dimen>
    <dimen name="x627">1021.78dp</dimen>
    <dimen name="x628">1023.41dp</dimen>
    <dimen name="x629">1025.04dp</dimen>
    <dimen name="x630">1026.67dp</dimen>
    <dimen name="x631">1028.30dp</dimen>
    <dimen name="x632">1029.93dp</dimen>
    <dimen name="x633">1031.56dp</dimen>
    <dimen name="x634">1033.19dp</dimen>
    <dimen name="x635">1034.81dp</dimen>
    <dimen name="x636">1036.44dp</dimen>
    <dimen name="x637">1038.07dp</dimen>
    <dimen name="x638">1039.70dp</dimen>
    <dimen name="x639">1041.33dp</dimen>
    <dimen name="x640">1042.96dp</dimen>
    <dimen name="x641">1044.59dp</dimen>
    <dimen name="x642">1046.22dp</dimen>
    <dimen name="x643">1047.85dp</dimen>
    <dimen name="x644">1049.48dp</dimen>
    <dimen name="x645">1051.11dp</dimen>
    <dimen name="x646">1052.74dp</dimen>
    <dimen name="x647">1054.37dp</dimen>
    <dimen name="x648">1056.00dp</dimen>
    <dimen name="x649">1057.63dp</dimen>
    <dimen name="x650">1059.26dp</dimen>
    <dimen name="x651">1060.89dp</dimen>
    <dimen name="x652">1062.52dp</dimen>
    <dimen name="x653">1064.15dp</dimen>
    <dimen name="x654">1065.78dp</dimen>
    <dimen name="x655">1067.41dp</dimen>
    <dimen name="x656">1069.04dp</dimen>
    <dimen name="x657">1070.67dp</dimen>
    <dimen name="x658">1072.30dp</dimen>
    <dimen name="x659">1073.93dp</dimen>
    <dimen name="x660">1075.56dp</dimen>
    <dimen name="x661">1077.19dp</dimen>
    <dimen name="x662">1078.81dp</dimen>
    <dimen name="x663">1080.44dp</dimen>
    <dimen name="x664">1082.07dp</dimen>
    <dimen name="x665">1083.70dp</dimen>
    <dimen name="x666">1085.33dp</dimen>
    <dimen name="x667">1086.96dp</dimen>
    <dimen name="x668">1088.59dp</dimen>
    <dimen name="x669">1090.22dp</dimen>
    <dimen name="x670">1091.85dp</dimen>
    <dimen name="x671">1093.48dp</dimen>
    <dimen name="x672">1095.11dp</dimen>
    <dimen name="x673">1096.74dp</dimen>
    <dimen name="x674">1098.37dp</dimen>
    <dimen name="x675">1100.00dp</dimen>
    <dimen name="x676">1101.63dp</dimen>
    <dimen name="x677">1103.26dp</dimen>
    <dimen name="x678">1104.89dp</dimen>
    <dimen name="x679">1106.52dp</dimen>
    <dimen name="x680">1108.15dp</dimen>
    <dimen name="x681">1109.78dp</dimen>
    <dimen name="x682">1111.41dp</dimen>
    <dimen name="x683">1113.04dp</dimen>
    <dimen name="x684">1114.67dp</dimen>
    <dimen name="x685">1116.30dp</dimen>
    <dimen name="x686">1117.93dp</dimen>
    <dimen name="x687">1119.56dp</dimen>
    <dimen name="x688">1121.19dp</dimen>
    <dimen name="x689">1122.81dp</dimen>
    <dimen name="x690">1124.44dp</dimen>
    <dimen name="x691">1126.07dp</dimen>
    <dimen name="x692">1127.70dp</dimen>
    <dimen name="x693">1129.33dp</dimen>
    <dimen name="x694">1130.96dp</dimen>
    <dimen name="x695">1132.59dp</dimen>
    <dimen name="x696">1134.22dp</dimen>
    <dimen name="x697">1135.85dp</dimen>
    <dimen name="x698">1137.48dp</dimen>
    <dimen name="x699">1139.11dp</dimen>
    <dimen name="x700">1140.74dp</dimen>
    <dimen name="x701">1142.37dp</dimen>
    <dimen name="x702">1144.00dp</dimen>
    <dimen name="x703">1145.63dp</dimen>
    <dimen name="x704">1147.26dp</dimen>
    <dimen name="x705">1148.89dp</dimen>
    <dimen name="x706">1150.52dp</dimen>
    <dimen name="x707">1152.15dp</dimen>
    <dimen name="x708">1153.78dp</dimen>
    <dimen name="x709">1155.41dp</dimen>
    <dimen name="x710">1157.04dp</dimen>
    <dimen name="x711">1158.67dp</dimen>
    <dimen name="x712">1160.30dp</dimen>
    <dimen name="x713">1161.93dp</dimen>
    <dimen name="x714">1163.56dp</dimen>
    <dimen name="x715">1165.19dp</dimen>
    <dimen name="x716">1166.81dp</dimen>
    <dimen name="x717">1168.44dp</dimen>
    <dimen name="x718">1170.07dp</dimen>
    <dimen name="x719">1171.70dp</dimen>
    <dimen name="x720">1173.33dp</dimen>
    <dimen name="x721">1174.96dp</dimen>
    <dimen name="x722">1176.59dp</dimen>
    <dimen name="x723">1178.22dp</dimen>
    <dimen name="x724">1179.85dp</dimen>
    <dimen name="x725">1181.48dp</dimen>
    <dimen name="x726">1183.11dp</dimen>
    <dimen name="x727">1184.74dp</dimen>
    <dimen name="x728">1186.37dp</dimen>
    <dimen name="x729">1188.00dp</dimen>
    <dimen name="x730">1189.63dp</dimen>
    <dimen name="x731">1191.26dp</dimen>
    <dimen name="x732">1192.89dp</dimen>
    <dimen name="x733">1194.52dp</dimen>
    <dimen name="x734">1196.15dp</dimen>
    <dimen name="x735">1197.78dp</dimen>
    <dimen name="x736">1199.41dp</dimen>
    <dimen name="x737">1201.04dp</dimen>
    <dimen name="x738">1202.67dp</dimen>
    <dimen name="x739">1204.30dp</dimen>
    <dimen name="x740">1205.93dp</dimen>
    <dimen name="x741">1207.56dp</dimen>
    <dimen name="x742">1209.19dp</dimen>
    <dimen name="x743">1210.81dp</dimen>
    <dimen name="x744">1212.44dp</dimen>
    <dimen name="x745">1214.07dp</dimen>
    <dimen name="x746">1215.70dp</dimen>
    <dimen name="x747">1217.33dp</dimen>
    <dimen name="x748">1218.96dp</dimen>
    <dimen name="x749">1220.59dp</dimen>
    <dimen name="x750">1222.22dp</dimen>
    <dimen name="x751">1223.85dp</dimen>
    <dimen name="x752">1225.48dp</dimen>
    <dimen name="x753">1227.11dp</dimen>
    <dimen name="x754">1228.74dp</dimen>
    <dimen name="x755">1230.37dp</dimen>
    <dimen name="x756">1232.00dp</dimen>
    <dimen name="x757">1233.63dp</dimen>
    <dimen name="x758">1235.26dp</dimen>
    <dimen name="x759">1236.89dp</dimen>
    <dimen name="x760">1238.52dp</dimen>
    <dimen name="x761">1240.15dp</dimen>
    <dimen name="x762">1241.78dp</dimen>
    <dimen name="x763">1243.41dp</dimen>
    <dimen name="x764">1245.04dp</dimen>
    <dimen name="x765">1246.67dp</dimen>
    <dimen name="x766">1248.30dp</dimen>
    <dimen name="x767">1249.93dp</dimen>
    <dimen name="x768">1251.56dp</dimen>
    <dimen name="x769">1253.19dp</dimen>
    <dimen name="x770">1254.81dp</dimen>
    <dimen name="x771">1256.44dp</dimen>
    <dimen name="x772">1258.07dp</dimen>
    <dimen name="x773">1259.70dp</dimen>
    <dimen name="x774">1261.33dp</dimen>
    <dimen name="x775">1262.96dp</dimen>
    <dimen name="x776">1264.59dp</dimen>
    <dimen name="x777">1266.22dp</dimen>
    <dimen name="x778">1267.85dp</dimen>
    <dimen name="x779">1269.48dp</dimen>
    <dimen name="x780">1271.11dp</dimen>
    <dimen name="x781">1272.74dp</dimen>
    <dimen name="x782">1274.37dp</dimen>
    <dimen name="x783">1276.00dp</dimen>
    <dimen name="x784">1277.63dp</dimen>
    <dimen name="x785">1279.26dp</dimen>
    <dimen name="x786">1280.89dp</dimen>
    <dimen name="x787">1282.52dp</dimen>
    <dimen name="x788">1284.15dp</dimen>
    <dimen name="x789">1285.78dp</dimen>
    <dimen name="x790">1287.41dp</dimen>
    <dimen name="x791">1289.04dp</dimen>
    <dimen name="x792">1290.67dp</dimen>
    <dimen name="x793">1292.30dp</dimen>
    <dimen name="x794">1293.93dp</dimen>
    <dimen name="x795">1295.56dp</dimen>
    <dimen name="x796">1297.19dp</dimen>
    <dimen name="x797">1298.81dp</dimen>
    <dimen name="x798">1300.44dp</dimen>
    <dimen name="x799">1302.07dp</dimen>
    <dimen name="x800">1303.70dp</dimen>
    <dimen name="x801">1305.33dp</dimen>
    <dimen name="x802">1306.96dp</dimen>
    <dimen name="x803">1308.59dp</dimen>
    <dimen name="x804">1310.22dp</dimen>
    <dimen name="x805">1311.85dp</dimen>
    <dimen name="x806">1313.48dp</dimen>
    <dimen name="x807">1315.11dp</dimen>
    <dimen name="x808">1316.74dp</dimen>
    <dimen name="x809">1318.37dp</dimen>
    <dimen name="x810">1320.00dp</dimen>
    <dimen name="x811">1321.63dp</dimen>
    <dimen name="x812">1323.26dp</dimen>
    <dimen name="x813">1324.89dp</dimen>
    <dimen name="x814">1326.52dp</dimen>
    <dimen name="x815">1328.15dp</dimen>
    <dimen name="x816">1329.78dp</dimen>
    <dimen name="x817">1331.41dp</dimen>
    <dimen name="x818">1333.04dp</dimen>
    <dimen name="x819">1334.67dp</dimen>
    <dimen name="x820">1336.30dp</dimen>
    <dimen name="x821">1337.93dp</dimen>
    <dimen name="x822">1339.56dp</dimen>
    <dimen name="x823">1341.19dp</dimen>
    <dimen name="x824">1342.81dp</dimen>
    <dimen name="x825">1344.44dp</dimen>
    <dimen name="x826">1346.07dp</dimen>
    <dimen name="x827">1347.70dp</dimen>
    <dimen name="x828">1349.33dp</dimen>
    <dimen name="x829">1350.96dp</dimen>
    <dimen name="x830">1352.59dp</dimen>
    <dimen name="x831">1354.22dp</dimen>
    <dimen name="x832">1355.85dp</dimen>
    <dimen name="x833">1357.48dp</dimen>
    <dimen name="x834">1359.11dp</dimen>
    <dimen name="x835">1360.74dp</dimen>
    <dimen name="x836">1362.37dp</dimen>
    <dimen name="x837">1364.00dp</dimen>
    <dimen name="x838">1365.63dp</dimen>
    <dimen name="x839">1367.26dp</dimen>
    <dimen name="x840">1368.89dp</dimen>
    <dimen name="x841">1370.52dp</dimen>
    <dimen name="x842">1372.15dp</dimen>
    <dimen name="x843">1373.78dp</dimen>
    <dimen name="x844">1375.41dp</dimen>
    <dimen name="x845">1377.04dp</dimen>
    <dimen name="x846">1378.67dp</dimen>
    <dimen name="x847">1380.30dp</dimen>
    <dimen name="x848">1381.93dp</dimen>
    <dimen name="x849">1383.56dp</dimen>
    <dimen name="x850">1385.19dp</dimen>
    <dimen name="x851">1386.81dp</dimen>
    <dimen name="x852">1388.44dp</dimen>
    <dimen name="x853">1390.07dp</dimen>
    <dimen name="x854">1391.70dp</dimen>
    <dimen name="x855">1393.33dp</dimen>
    <dimen name="x856">1394.96dp</dimen>
    <dimen name="x857">1396.59dp</dimen>
    <dimen name="x858">1398.22dp</dimen>
    <dimen name="x859">1399.85dp</dimen>
    <dimen name="x860">1401.48dp</dimen>
    <dimen name="x861">1403.11dp</dimen>
    <dimen name="x862">1404.74dp</dimen>
    <dimen name="x863">1406.37dp</dimen>
    <dimen name="x864">1408.00dp</dimen>
    <dimen name="x865">1409.63dp</dimen>
    <dimen name="x866">1411.26dp</dimen>
    <dimen name="x867">1412.89dp</dimen>
    <dimen name="x868">1414.52dp</dimen>
    <dimen name="x869">1416.15dp</dimen>
    <dimen name="x870">1417.78dp</dimen>
    <dimen name="x871">1419.41dp</dimen>
    <dimen name="x872">1421.04dp</dimen>
    <dimen name="x873">1422.67dp</dimen>
    <dimen name="x874">1424.30dp</dimen>
    <dimen name="x875">1425.93dp</dimen>
    <dimen name="x876">1427.56dp</dimen>
    <dimen name="x877">1429.19dp</dimen>
    <dimen name="x878">1430.81dp</dimen>
    <dimen name="x879">1432.44dp</dimen>
    <dimen name="x880">1434.07dp</dimen>
    <dimen name="x881">1435.70dp</dimen>
    <dimen name="x882">1437.33dp</dimen>
    <dimen name="x883">1438.96dp</dimen>
    <dimen name="x884">1440.59dp</dimen>
    <dimen name="x885">1442.22dp</dimen>
    <dimen name="x886">1443.85dp</dimen>
    <dimen name="x887">1445.48dp</dimen>
    <dimen name="x888">1447.11dp</dimen>
    <dimen name="x889">1448.74dp</dimen>
    <dimen name="x890">1450.37dp</dimen>
    <dimen name="x891">1452.00dp</dimen>
    <dimen name="x892">1453.63dp</dimen>
    <dimen name="x893">1455.26dp</dimen>
    <dimen name="x894">1456.89dp</dimen>
    <dimen name="x895">1458.52dp</dimen>
    <dimen name="x896">1460.15dp</dimen>
    <dimen name="x897">1461.78dp</dimen>
    <dimen name="x898">1463.41dp</dimen>
    <dimen name="x899">1465.04dp</dimen>
    <dimen name="x900">1466.67dp</dimen>
    <dimen name="x901">1468.30dp</dimen>
    <dimen name="x902">1469.93dp</dimen>
    <dimen name="x903">1471.56dp</dimen>
    <dimen name="x904">1473.19dp</dimen>
    <dimen name="x905">1474.81dp</dimen>
    <dimen name="x906">1476.44dp</dimen>
    <dimen name="x907">1478.07dp</dimen>
    <dimen name="x908">1479.70dp</dimen>
    <dimen name="x909">1481.33dp</dimen>
    <dimen name="x910">1482.96dp</dimen>
    <dimen name="x911">1484.59dp</dimen>
    <dimen name="x912">1486.22dp</dimen>
    <dimen name="x913">1487.85dp</dimen>
    <dimen name="x914">1489.48dp</dimen>
    <dimen name="x915">1491.11dp</dimen>
    <dimen name="x916">1492.74dp</dimen>
    <dimen name="x917">1494.37dp</dimen>
    <dimen name="x918">1496.00dp</dimen>
    <dimen name="x919">1497.63dp</dimen>
    <dimen name="x920">1499.26dp</dimen>
    <dimen name="x921">1500.89dp</dimen>
    <dimen name="x922">1502.52dp</dimen>
    <dimen name="x923">1504.15dp</dimen>
    <dimen name="x924">1505.78dp</dimen>
    <dimen name="x925">1507.41dp</dimen>
    <dimen name="x926">1509.04dp</dimen>
    <dimen name="x927">1510.67dp</dimen>
    <dimen name="x928">1512.30dp</dimen>
    <dimen name="x929">1513.93dp</dimen>
    <dimen name="x930">1515.56dp</dimen>
    <dimen name="x931">1517.19dp</dimen>
    <dimen name="x932">1518.81dp</dimen>
    <dimen name="x933">1520.44dp</dimen>
    <dimen name="x934">1522.07dp</dimen>
    <dimen name="x935">1523.70dp</dimen>
    <dimen name="x936">1525.33dp</dimen>
    <dimen name="x937">1526.96dp</dimen>
    <dimen name="x938">1528.59dp</dimen>
    <dimen name="x939">1530.22dp</dimen>
    <dimen name="x940">1531.85dp</dimen>
    <dimen name="x941">1533.48dp</dimen>
    <dimen name="x942">1535.11dp</dimen>
    <dimen name="x943">1536.74dp</dimen>
    <dimen name="x944">1538.37dp</dimen>
    <dimen name="x945">1540.00dp</dimen>
    <dimen name="x946">1541.63dp</dimen>
    <dimen name="x947">1543.26dp</dimen>
    <dimen name="x948">1544.89dp</dimen>
    <dimen name="x949">1546.52dp</dimen>
    <dimen name="x950">1548.15dp</dimen>
    <dimen name="x951">1549.78dp</dimen>
    <dimen name="x952">1551.41dp</dimen>
    <dimen name="x953">1553.04dp</dimen>
    <dimen name="x954">1554.67dp</dimen>
    <dimen name="x955">1556.30dp</dimen>
    <dimen name="x956">1557.93dp</dimen>
    <dimen name="x957">1559.56dp</dimen>
    <dimen name="x958">1561.19dp</dimen>
    <dimen name="x959">1562.81dp</dimen>
    <dimen name="x960">1564.44dp</dimen>
    <dimen name="x961">1566.07dp</dimen>
    <dimen name="x962">1567.70dp</dimen>
    <dimen name="x963">1569.33dp</dimen>
    <dimen name="x964">1570.96dp</dimen>
    <dimen name="x965">1572.59dp</dimen>
    <dimen name="x966">1574.22dp</dimen>
    <dimen name="x967">1575.85dp</dimen>
    <dimen name="x968">1577.48dp</dimen>
    <dimen name="x969">1579.11dp</dimen>
    <dimen name="x970">1580.74dp</dimen>
    <dimen name="x971">1582.37dp</dimen>
    <dimen name="x972">1584.00dp</dimen>
    <dimen name="x973">1585.63dp</dimen>
    <dimen name="x974">1587.26dp</dimen>
    <dimen name="x975">1588.89dp</dimen>
    <dimen name="x976">1590.52dp</dimen>
    <dimen name="x977">1592.15dp</dimen>
    <dimen name="x978">1593.78dp</dimen>
    <dimen name="x979">1595.41dp</dimen>
    <dimen name="x980">1597.04dp</dimen>
    <dimen name="x981">1598.67dp</dimen>
    <dimen name="x982">1600.30dp</dimen>
    <dimen name="x983">1601.93dp</dimen>
    <dimen name="x984">1603.56dp</dimen>
    <dimen name="x985">1605.19dp</dimen>
    <dimen name="x986">1606.81dp</dimen>
    <dimen name="x987">1608.44dp</dimen>
    <dimen name="x988">1610.07dp</dimen>
    <dimen name="x989">1611.70dp</dimen>
    <dimen name="x990">1613.33dp</dimen>
    <dimen name="x991">1614.96dp</dimen>
    <dimen name="x992">1616.59dp</dimen>
    <dimen name="x993">1618.22dp</dimen>
    <dimen name="x994">1619.85dp</dimen>
    <dimen name="x995">1621.48dp</dimen>
    <dimen name="x996">1623.11dp</dimen>
    <dimen name="x997">1624.74dp</dimen>
    <dimen name="x998">1626.37dp</dimen>
    <dimen name="x999">1628.00dp</dimen>
    <dimen name="x1000">1629.63dp</dimen>
    <dimen name="x1001">1631.26dp</dimen>
    <dimen name="x1002">1632.89dp</dimen>
    <dimen name="x1003">1634.52dp</dimen>
    <dimen name="x1004">1636.15dp</dimen>
    <dimen name="x1005">1637.78dp</dimen>
    <dimen name="x1006">1639.41dp</dimen>
    <dimen name="x1007">1641.04dp</dimen>
    <dimen name="x1008">1642.67dp</dimen>
    <dimen name="x1009">1644.30dp</dimen>
    <dimen name="x1010">1645.93dp</dimen>
    <dimen name="x1011">1647.56dp</dimen>
    <dimen name="x1012">1649.19dp</dimen>
    <dimen name="x1013">1650.81dp</dimen>
    <dimen name="x1014">1652.44dp</dimen>
    <dimen name="x1015">1654.07dp</dimen>
    <dimen name="x1016">1655.70dp</dimen>
    <dimen name="x1017">1657.33dp</dimen>
    <dimen name="x1018">1658.96dp</dimen>
    <dimen name="x1019">1660.59dp</dimen>
    <dimen name="x1020">1662.22dp</dimen>
    <dimen name="x1021">1663.85dp</dimen>
    <dimen name="x1022">1665.48dp</dimen>
    <dimen name="x1023">1667.11dp</dimen>
    <dimen name="x1024">1668.74dp</dimen>
    <dimen name="x1025">1670.37dp</dimen>
    <dimen name="x1026">1672.00dp</dimen>
    <dimen name="x1027">1673.63dp</dimen>
    <dimen name="x1028">1675.26dp</dimen>
    <dimen name="x1029">1676.89dp</dimen>
    <dimen name="x1030">1678.52dp</dimen>
    <dimen name="x1031">1680.15dp</dimen>
    <dimen name="x1032">1681.78dp</dimen>
    <dimen name="x1033">1683.41dp</dimen>
    <dimen name="x1034">1685.04dp</dimen>
    <dimen name="x1035">1686.67dp</dimen>
    <dimen name="x1036">1688.30dp</dimen>
    <dimen name="x1037">1689.93dp</dimen>
    <dimen name="x1038">1691.56dp</dimen>
    <dimen name="x1039">1693.19dp</dimen>
    <dimen name="x1040">1694.81dp</dimen>
    <dimen name="x1041">1696.44dp</dimen>
    <dimen name="x1042">1698.07dp</dimen>
    <dimen name="x1043">1699.70dp</dimen>
    <dimen name="x1044">1701.33dp</dimen>
    <dimen name="x1045">1702.96dp</dimen>
    <dimen name="x1046">1704.59dp</dimen>
    <dimen name="x1047">1706.22dp</dimen>
    <dimen name="x1048">1707.85dp</dimen>
    <dimen name="x1049">1709.48dp</dimen>
    <dimen name="x1050">1711.11dp</dimen>
    <dimen name="x1051">1712.74dp</dimen>
    <dimen name="x1052">1714.37dp</dimen>
    <dimen name="x1053">1716.00dp</dimen>
    <dimen name="x1054">1717.63dp</dimen>
    <dimen name="x1055">1719.26dp</dimen>
    <dimen name="x1056">1720.89dp</dimen>
    <dimen name="x1057">1722.52dp</dimen>
    <dimen name="x1058">1724.15dp</dimen>
    <dimen name="x1059">1725.78dp</dimen>
    <dimen name="x1060">1727.41dp</dimen>
    <dimen name="x1061">1729.04dp</dimen>
    <dimen name="x1062">1730.67dp</dimen>
    <dimen name="x1063">1732.30dp</dimen>
    <dimen name="x1064">1733.93dp</dimen>
    <dimen name="x1065">1735.56dp</dimen>
    <dimen name="x1066">1737.19dp</dimen>
    <dimen name="x1067">1738.81dp</dimen>
    <dimen name="x1068">1740.44dp</dimen>
    <dimen name="x1069">1742.07dp</dimen>
    <dimen name="x1070">1743.70dp</dimen>
    <dimen name="x1071">1745.33dp</dimen>
    <dimen name="x1072">1746.96dp</dimen>
    <dimen name="x1073">1748.59dp</dimen>
    <dimen name="x1074">1750.22dp</dimen>
    <dimen name="x1075">1751.85dp</dimen>
    <dimen name="x1076">1753.48dp</dimen>
    <dimen name="x1077">1755.11dp</dimen>
    <dimen name="x1078">1756.74dp</dimen>
    <dimen name="x1079">1758.37dp</dimen>
    <dimen name="x1080">1760.00dp</dimen>
</resources>