<?xml version="1.0" encoding="utf-8"?>
<resources>
    <string name="sw_dp">610dp</string>
    <dimen name="x1">0.56dp</dimen>
    <dimen name="x2">1.13dp</dimen>
    <dimen name="x3">1.69dp</dimen>
    <dimen name="x4">2.26dp</dimen>
    <dimen name="x5">2.82dp</dimen>
    <dimen name="x6">3.39dp</dimen>
    <dimen name="x7">3.95dp</dimen>
    <dimen name="x8">4.52dp</dimen>
    <dimen name="x9">5.08dp</dimen>
    <dimen name="x10">5.65dp</dimen>
    <dimen name="x11">6.21dp</dimen>
    <dimen name="x12">6.78dp</dimen>
    <dimen name="x13">7.34dp</dimen>
    <dimen name="x14">7.91dp</dimen>
    <dimen name="x15">8.47dp</dimen>
    <dimen name="x16">9.04dp</dimen>
    <dimen name="x17">9.60dp</dimen>
    <dimen name="x18">10.17dp</dimen>
    <dimen name="x19">10.73dp</dimen>
    <dimen name="x20">11.30dp</dimen>
    <dimen name="x21">11.86dp</dimen>
    <dimen name="x22">12.43dp</dimen>
    <dimen name="x23">12.99dp</dimen>
    <dimen name="x24">13.56dp</dimen>
    <dimen name="x25">14.12dp</dimen>
    <dimen name="x26">14.69dp</dimen>
    <dimen name="x27">15.25dp</dimen>
    <dimen name="x28">15.81dp</dimen>
    <dimen name="x29">16.38dp</dimen>
    <dimen name="x30">16.94dp</dimen>
    <dimen name="x31">17.51dp</dimen>
    <dimen name="x32">18.07dp</dimen>
    <dimen name="x33">18.64dp</dimen>
    <dimen name="x34">19.20dp</dimen>
    <dimen name="x35">19.77dp</dimen>
    <dimen name="x36">20.33dp</dimen>
    <dimen name="x37">20.90dp</dimen>
    <dimen name="x38">21.46dp</dimen>
    <dimen name="x39">22.03dp</dimen>
    <dimen name="x40">22.59dp</dimen>
    <dimen name="x41">23.16dp</dimen>
    <dimen name="x42">23.72dp</dimen>
    <dimen name="x43">24.29dp</dimen>
    <dimen name="x44">24.85dp</dimen>
    <dimen name="x45">25.42dp</dimen>
    <dimen name="x46">25.98dp</dimen>
    <dimen name="x47">26.55dp</dimen>
    <dimen name="x48">27.11dp</dimen>
    <dimen name="x49">27.68dp</dimen>
    <dimen name="x50">28.24dp</dimen>
    <dimen name="x51">28.81dp</dimen>
    <dimen name="x52">29.37dp</dimen>
    <dimen name="x53">29.94dp</dimen>
    <dimen name="x54">30.50dp</dimen>
    <dimen name="x55">31.06dp</dimen>
    <dimen name="x56">31.63dp</dimen>
    <dimen name="x57">32.19dp</dimen>
    <dimen name="x58">32.76dp</dimen>
    <dimen name="x59">33.32dp</dimen>
    <dimen name="x60">33.89dp</dimen>
    <dimen name="x61">34.45dp</dimen>
    <dimen name="x62">35.02dp</dimen>
    <dimen name="x63">35.58dp</dimen>
    <dimen name="x64">36.15dp</dimen>
    <dimen name="x65">36.71dp</dimen>
    <dimen name="x66">37.28dp</dimen>
    <dimen name="x67">37.84dp</dimen>
    <dimen name="x68">38.41dp</dimen>
    <dimen name="x69">38.97dp</dimen>
    <dimen name="x70">39.54dp</dimen>
    <dimen name="x71">40.10dp</dimen>
    <dimen name="x72">40.67dp</dimen>
    <dimen name="x73">41.23dp</dimen>
    <dimen name="x74">41.80dp</dimen>
    <dimen name="x75">42.36dp</dimen>
    <dimen name="x76">42.93dp</dimen>
    <dimen name="x77">43.49dp</dimen>
    <dimen name="x78">44.06dp</dimen>
    <dimen name="x79">44.62dp</dimen>
    <dimen name="x80">45.19dp</dimen>
    <dimen name="x81">45.75dp</dimen>
    <dimen name="x82">46.31dp</dimen>
    <dimen name="x83">46.88dp</dimen>
    <dimen name="x84">47.44dp</dimen>
    <dimen name="x85">48.01dp</dimen>
    <dimen name="x86">48.57dp</dimen>
    <dimen name="x87">49.14dp</dimen>
    <dimen name="x88">49.70dp</dimen>
    <dimen name="x89">50.27dp</dimen>
    <dimen name="x90">50.83dp</dimen>
    <dimen name="x91">51.40dp</dimen>
    <dimen name="x92">51.96dp</dimen>
    <dimen name="x93">52.53dp</dimen>
    <dimen name="x94">53.09dp</dimen>
    <dimen name="x95">53.66dp</dimen>
    <dimen name="x96">54.22dp</dimen>
    <dimen name="x97">54.79dp</dimen>
    <dimen name="x98">55.35dp</dimen>
    <dimen name="x99">55.92dp</dimen>
    <dimen name="x100">56.48dp</dimen>
    <dimen name="x101">57.05dp</dimen>
    <dimen name="x102">57.61dp</dimen>
    <dimen name="x103">58.18dp</dimen>
    <dimen name="x104">58.74dp</dimen>
    <dimen name="x105">59.31dp</dimen>
    <dimen name="x106">59.87dp</dimen>
    <dimen name="x107">60.44dp</dimen>
    <dimen name="x108">61.00dp</dimen>
    <dimen name="x109">61.56dp</dimen>
    <dimen name="x110">62.13dp</dimen>
    <dimen name="x111">62.69dp</dimen>
    <dimen name="x112">63.26dp</dimen>
    <dimen name="x113">63.82dp</dimen>
    <dimen name="x114">64.39dp</dimen>
    <dimen name="x115">64.95dp</dimen>
    <dimen name="x116">65.52dp</dimen>
    <dimen name="x117">66.08dp</dimen>
    <dimen name="x118">66.65dp</dimen>
    <dimen name="x119">67.21dp</dimen>
    <dimen name="x120">67.78dp</dimen>
    <dimen name="x121">68.34dp</dimen>
    <dimen name="x122">68.91dp</dimen>
    <dimen name="x123">69.47dp</dimen>
    <dimen name="x124">70.04dp</dimen>
    <dimen name="x125">70.60dp</dimen>
    <dimen name="x126">71.17dp</dimen>
    <dimen name="x127">71.73dp</dimen>
    <dimen name="x128">72.30dp</dimen>
    <dimen name="x129">72.86dp</dimen>
    <dimen name="x130">73.43dp</dimen>
    <dimen name="x131">73.99dp</dimen>
    <dimen name="x132">74.56dp</dimen>
    <dimen name="x133">75.12dp</dimen>
    <dimen name="x134">75.69dp</dimen>
    <dimen name="x135">76.25dp</dimen>
    <dimen name="x136">76.81dp</dimen>
    <dimen name="x137">77.38dp</dimen>
    <dimen name="x138">77.94dp</dimen>
    <dimen name="x139">78.51dp</dimen>
    <dimen name="x140">79.07dp</dimen>
    <dimen name="x141">79.64dp</dimen>
    <dimen name="x142">80.20dp</dimen>
    <dimen name="x143">80.77dp</dimen>
    <dimen name="x144">81.33dp</dimen>
    <dimen name="x145">81.90dp</dimen>
    <dimen name="x146">82.46dp</dimen>
    <dimen name="x147">83.03dp</dimen>
    <dimen name="x148">83.59dp</dimen>
    <dimen name="x149">84.16dp</dimen>
    <dimen name="x150">84.72dp</dimen>
    <dimen name="x151">85.29dp</dimen>
    <dimen name="x152">85.85dp</dimen>
    <dimen name="x153">86.42dp</dimen>
    <dimen name="x154">86.98dp</dimen>
    <dimen name="x155">87.55dp</dimen>
    <dimen name="x156">88.11dp</dimen>
    <dimen name="x157">88.68dp</dimen>
    <dimen name="x158">89.24dp</dimen>
    <dimen name="x159">89.81dp</dimen>
    <dimen name="x160">90.37dp</dimen>
    <dimen name="x161">90.94dp</dimen>
    <dimen name="x162">91.50dp</dimen>
    <dimen name="x163">92.06dp</dimen>
    <dimen name="x164">92.63dp</dimen>
    <dimen name="x165">93.19dp</dimen>
    <dimen name="x166">93.76dp</dimen>
    <dimen name="x167">94.32dp</dimen>
    <dimen name="x168">94.89dp</dimen>
    <dimen name="x169">95.45dp</dimen>
    <dimen name="x170">96.02dp</dimen>
    <dimen name="x171">96.58dp</dimen>
    <dimen name="x172">97.15dp</dimen>
    <dimen name="x173">97.71dp</dimen>
    <dimen name="x174">98.28dp</dimen>
    <dimen name="x175">98.84dp</dimen>
    <dimen name="x176">99.41dp</dimen>
    <dimen name="x177">99.97dp</dimen>
    <dimen name="x178">100.54dp</dimen>
    <dimen name="x179">101.10dp</dimen>
    <dimen name="x180">101.67dp</dimen>
    <dimen name="x181">102.23dp</dimen>
    <dimen name="x182">102.80dp</dimen>
    <dimen name="x183">103.36dp</dimen>
    <dimen name="x184">103.93dp</dimen>
    <dimen name="x185">104.49dp</dimen>
    <dimen name="x186">105.06dp</dimen>
    <dimen name="x187">105.62dp</dimen>
    <dimen name="x188">106.19dp</dimen>
    <dimen name="x189">106.75dp</dimen>
    <dimen name="x190">107.31dp</dimen>
    <dimen name="x191">107.88dp</dimen>
    <dimen name="x192">108.44dp</dimen>
    <dimen name="x193">109.01dp</dimen>
    <dimen name="x194">109.57dp</dimen>
    <dimen name="x195">110.14dp</dimen>
    <dimen name="x196">110.70dp</dimen>
    <dimen name="x197">111.27dp</dimen>
    <dimen name="x198">111.83dp</dimen>
    <dimen name="x199">112.40dp</dimen>
    <dimen name="x200">112.96dp</dimen>
    <dimen name="x201">113.53dp</dimen>
    <dimen name="x202">114.09dp</dimen>
    <dimen name="x203">114.66dp</dimen>
    <dimen name="x204">115.22dp</dimen>
    <dimen name="x205">115.79dp</dimen>
    <dimen name="x206">116.35dp</dimen>
    <dimen name="x207">116.92dp</dimen>
    <dimen name="x208">117.48dp</dimen>
    <dimen name="x209">118.05dp</dimen>
    <dimen name="x210">118.61dp</dimen>
    <dimen name="x211">119.18dp</dimen>
    <dimen name="x212">119.74dp</dimen>
    <dimen name="x213">120.31dp</dimen>
    <dimen name="x214">120.87dp</dimen>
    <dimen name="x215">121.44dp</dimen>
    <dimen name="x216">122.00dp</dimen>
    <dimen name="x217">122.56dp</dimen>
    <dimen name="x218">123.13dp</dimen>
    <dimen name="x219">123.69dp</dimen>
    <dimen name="x220">124.26dp</dimen>
    <dimen name="x221">124.82dp</dimen>
    <dimen name="x222">125.39dp</dimen>
    <dimen name="x223">125.95dp</dimen>
    <dimen name="x224">126.52dp</dimen>
    <dimen name="x225">127.08dp</dimen>
    <dimen name="x226">127.65dp</dimen>
    <dimen name="x227">128.21dp</dimen>
    <dimen name="x228">128.78dp</dimen>
    <dimen name="x229">129.34dp</dimen>
    <dimen name="x230">129.91dp</dimen>
    <dimen name="x231">130.47dp</dimen>
    <dimen name="x232">131.04dp</dimen>
    <dimen name="x233">131.60dp</dimen>
    <dimen name="x234">132.17dp</dimen>
    <dimen name="x235">132.73dp</dimen>
    <dimen name="x236">133.30dp</dimen>
    <dimen name="x237">133.86dp</dimen>
    <dimen name="x238">134.43dp</dimen>
    <dimen name="x239">134.99dp</dimen>
    <dimen name="x240">135.56dp</dimen>
    <dimen name="x241">136.12dp</dimen>
    <dimen name="x242">136.69dp</dimen>
    <dimen name="x243">137.25dp</dimen>
    <dimen name="x244">137.81dp</dimen>
    <dimen name="x245">138.38dp</dimen>
    <dimen name="x246">138.94dp</dimen>
    <dimen name="x247">139.51dp</dimen>
    <dimen name="x248">140.07dp</dimen>
    <dimen name="x249">140.64dp</dimen>
    <dimen name="x250">141.20dp</dimen>
    <dimen name="x251">141.77dp</dimen>
    <dimen name="x252">142.33dp</dimen>
    <dimen name="x253">142.90dp</dimen>
    <dimen name="x254">143.46dp</dimen>
    <dimen name="x255">144.03dp</dimen>
    <dimen name="x256">144.59dp</dimen>
    <dimen name="x257">145.16dp</dimen>
    <dimen name="x258">145.72dp</dimen>
    <dimen name="x259">146.29dp</dimen>
    <dimen name="x260">146.85dp</dimen>
    <dimen name="x261">147.42dp</dimen>
    <dimen name="x262">147.98dp</dimen>
    <dimen name="x263">148.55dp</dimen>
    <dimen name="x264">149.11dp</dimen>
    <dimen name="x265">149.68dp</dimen>
    <dimen name="x266">150.24dp</dimen>
    <dimen name="x267">150.81dp</dimen>
    <dimen name="x268">151.37dp</dimen>
    <dimen name="x269">151.94dp</dimen>
    <dimen name="x270">152.50dp</dimen>
    <dimen name="x271">153.06dp</dimen>
    <dimen name="x272">153.63dp</dimen>
    <dimen name="x273">154.19dp</dimen>
    <dimen name="x274">154.76dp</dimen>
    <dimen name="x275">155.32dp</dimen>
    <dimen name="x276">155.89dp</dimen>
    <dimen name="x277">156.45dp</dimen>
    <dimen name="x278">157.02dp</dimen>
    <dimen name="x279">157.58dp</dimen>
    <dimen name="x280">158.15dp</dimen>
    <dimen name="x281">158.71dp</dimen>
    <dimen name="x282">159.28dp</dimen>
    <dimen name="x283">159.84dp</dimen>
    <dimen name="x284">160.41dp</dimen>
    <dimen name="x285">160.97dp</dimen>
    <dimen name="x286">161.54dp</dimen>
    <dimen name="x287">162.10dp</dimen>
    <dimen name="x288">162.67dp</dimen>
    <dimen name="x289">163.23dp</dimen>
    <dimen name="x290">163.80dp</dimen>
    <dimen name="x291">164.36dp</dimen>
    <dimen name="x292">164.93dp</dimen>
    <dimen name="x293">165.49dp</dimen>
    <dimen name="x294">166.06dp</dimen>
    <dimen name="x295">166.62dp</dimen>
    <dimen name="x296">167.19dp</dimen>
    <dimen name="x297">167.75dp</dimen>
    <dimen name="x298">168.31dp</dimen>
    <dimen name="x299">168.88dp</dimen>
    <dimen name="x300">169.44dp</dimen>
    <dimen name="x301">170.01dp</dimen>
    <dimen name="x302">170.57dp</dimen>
    <dimen name="x303">171.14dp</dimen>
    <dimen name="x304">171.70dp</dimen>
    <dimen name="x305">172.27dp</dimen>
    <dimen name="x306">172.83dp</dimen>
    <dimen name="x307">173.40dp</dimen>
    <dimen name="x308">173.96dp</dimen>
    <dimen name="x309">174.53dp</dimen>
    <dimen name="x310">175.09dp</dimen>
    <dimen name="x311">175.66dp</dimen>
    <dimen name="x312">176.22dp</dimen>
    <dimen name="x313">176.79dp</dimen>
    <dimen name="x314">177.35dp</dimen>
    <dimen name="x315">177.92dp</dimen>
    <dimen name="x316">178.48dp</dimen>
    <dimen name="x317">179.05dp</dimen>
    <dimen name="x318">179.61dp</dimen>
    <dimen name="x319">180.18dp</dimen>
    <dimen name="x320">180.74dp</dimen>
    <dimen name="x321">181.31dp</dimen>
    <dimen name="x322">181.87dp</dimen>
    <dimen name="x323">182.44dp</dimen>
    <dimen name="x324">183.00dp</dimen>
    <dimen name="x325">183.56dp</dimen>
    <dimen name="x326">184.13dp</dimen>
    <dimen name="x327">184.69dp</dimen>
    <dimen name="x328">185.26dp</dimen>
    <dimen name="x329">185.82dp</dimen>
    <dimen name="x330">186.39dp</dimen>
    <dimen name="x331">186.95dp</dimen>
    <dimen name="x332">187.52dp</dimen>
    <dimen name="x333">188.08dp</dimen>
    <dimen name="x334">188.65dp</dimen>
    <dimen name="x335">189.21dp</dimen>
    <dimen name="x336">189.78dp</dimen>
    <dimen name="x337">190.34dp</dimen>
    <dimen name="x338">190.91dp</dimen>
    <dimen name="x339">191.47dp</dimen>
    <dimen name="x340">192.04dp</dimen>
    <dimen name="x341">192.60dp</dimen>
    <dimen name="x342">193.17dp</dimen>
    <dimen name="x343">193.73dp</dimen>
    <dimen name="x344">194.30dp</dimen>
    <dimen name="x345">194.86dp</dimen>
    <dimen name="x346">195.43dp</dimen>
    <dimen name="x347">195.99dp</dimen>
    <dimen name="x348">196.56dp</dimen>
    <dimen name="x349">197.12dp</dimen>
    <dimen name="x350">197.69dp</dimen>
    <dimen name="x351">198.25dp</dimen>
    <dimen name="x352">198.81dp</dimen>
    <dimen name="x353">199.38dp</dimen>
    <dimen name="x354">199.94dp</dimen>
    <dimen name="x355">200.51dp</dimen>
    <dimen name="x356">201.07dp</dimen>
    <dimen name="x357">201.64dp</dimen>
    <dimen name="x358">202.20dp</dimen>
    <dimen name="x359">202.77dp</dimen>
    <dimen name="x360">203.33dp</dimen>
    <dimen name="x361">203.90dp</dimen>
    <dimen name="x362">204.46dp</dimen>
    <dimen name="x363">205.03dp</dimen>
    <dimen name="x364">205.59dp</dimen>
    <dimen name="x365">206.16dp</dimen>
    <dimen name="x366">206.72dp</dimen>
    <dimen name="x367">207.29dp</dimen>
    <dimen name="x368">207.85dp</dimen>
    <dimen name="x369">208.42dp</dimen>
    <dimen name="x370">208.98dp</dimen>
    <dimen name="x371">209.55dp</dimen>
    <dimen name="x372">210.11dp</dimen>
    <dimen name="x373">210.68dp</dimen>
    <dimen name="x374">211.24dp</dimen>
    <dimen name="x375">211.81dp</dimen>
    <dimen name="x376">212.37dp</dimen>
    <dimen name="x377">212.94dp</dimen>
    <dimen name="x378">213.50dp</dimen>
    <dimen name="x379">214.06dp</dimen>
    <dimen name="x380">214.63dp</dimen>
    <dimen name="x381">215.19dp</dimen>
    <dimen name="x382">215.76dp</dimen>
    <dimen name="x383">216.32dp</dimen>
    <dimen name="x384">216.89dp</dimen>
    <dimen name="x385">217.45dp</dimen>
    <dimen name="x386">218.02dp</dimen>
    <dimen name="x387">218.58dp</dimen>
    <dimen name="x388">219.15dp</dimen>
    <dimen name="x389">219.71dp</dimen>
    <dimen name="x390">220.28dp</dimen>
    <dimen name="x391">220.84dp</dimen>
    <dimen name="x392">221.41dp</dimen>
    <dimen name="x393">221.97dp</dimen>
    <dimen name="x394">222.54dp</dimen>
    <dimen name="x395">223.10dp</dimen>
    <dimen name="x396">223.67dp</dimen>
    <dimen name="x397">224.23dp</dimen>
    <dimen name="x398">224.80dp</dimen>
    <dimen name="x399">225.36dp</dimen>
    <dimen name="x400">225.93dp</dimen>
    <dimen name="x401">226.49dp</dimen>
    <dimen name="x402">227.06dp</dimen>
    <dimen name="x403">227.62dp</dimen>
    <dimen name="x404">228.19dp</dimen>
    <dimen name="x405">228.75dp</dimen>
    <dimen name="x406">229.31dp</dimen>
    <dimen name="x407">229.88dp</dimen>
    <dimen name="x408">230.44dp</dimen>
    <dimen name="x409">231.01dp</dimen>
    <dimen name="x410">231.57dp</dimen>
    <dimen name="x411">232.14dp</dimen>
    <dimen name="x412">232.70dp</dimen>
    <dimen name="x413">233.27dp</dimen>
    <dimen name="x414">233.83dp</dimen>
    <dimen name="x415">234.40dp</dimen>
    <dimen name="x416">234.96dp</dimen>
    <dimen name="x417">235.53dp</dimen>
    <dimen name="x418">236.09dp</dimen>
    <dimen name="x419">236.66dp</dimen>
    <dimen name="x420">237.22dp</dimen>
    <dimen name="x421">237.79dp</dimen>
    <dimen name="x422">238.35dp</dimen>
    <dimen name="x423">238.92dp</dimen>
    <dimen name="x424">239.48dp</dimen>
    <dimen name="x425">240.05dp</dimen>
    <dimen name="x426">240.61dp</dimen>
    <dimen name="x427">241.18dp</dimen>
    <dimen name="x428">241.74dp</dimen>
    <dimen name="x429">242.31dp</dimen>
    <dimen name="x430">242.87dp</dimen>
    <dimen name="x431">243.44dp</dimen>
    <dimen name="x432">244.00dp</dimen>
    <dimen name="x433">244.56dp</dimen>
    <dimen name="x434">245.13dp</dimen>
    <dimen name="x435">245.69dp</dimen>
    <dimen name="x436">246.26dp</dimen>
    <dimen name="x437">246.82dp</dimen>
    <dimen name="x438">247.39dp</dimen>
    <dimen name="x439">247.95dp</dimen>
    <dimen name="x440">248.52dp</dimen>
    <dimen name="x441">249.08dp</dimen>
    <dimen name="x442">249.65dp</dimen>
    <dimen name="x443">250.21dp</dimen>
    <dimen name="x444">250.78dp</dimen>
    <dimen name="x445">251.34dp</dimen>
    <dimen name="x446">251.91dp</dimen>
    <dimen name="x447">252.47dp</dimen>
    <dimen name="x448">253.04dp</dimen>
    <dimen name="x449">253.60dp</dimen>
    <dimen name="x450">254.17dp</dimen>
    <dimen name="x451">254.73dp</dimen>
    <dimen name="x452">255.30dp</dimen>
    <dimen name="x453">255.86dp</dimen>
    <dimen name="x454">256.43dp</dimen>
    <dimen name="x455">256.99dp</dimen>
    <dimen name="x456">257.56dp</dimen>
    <dimen name="x457">258.12dp</dimen>
    <dimen name="x458">258.69dp</dimen>
    <dimen name="x459">259.25dp</dimen>
    <dimen name="x460">259.81dp</dimen>
    <dimen name="x461">260.38dp</dimen>
    <dimen name="x462">260.94dp</dimen>
    <dimen name="x463">261.51dp</dimen>
    <dimen name="x464">262.07dp</dimen>
    <dimen name="x465">262.64dp</dimen>
    <dimen name="x466">263.20dp</dimen>
    <dimen name="x467">263.77dp</dimen>
    <dimen name="x468">264.33dp</dimen>
    <dimen name="x469">264.90dp</dimen>
    <dimen name="x470">265.46dp</dimen>
    <dimen name="x471">266.03dp</dimen>
    <dimen name="x472">266.59dp</dimen>
    <dimen name="x473">267.16dp</dimen>
    <dimen name="x474">267.72dp</dimen>
    <dimen name="x475">268.29dp</dimen>
    <dimen name="x476">268.85dp</dimen>
    <dimen name="x477">269.42dp</dimen>
    <dimen name="x478">269.98dp</dimen>
    <dimen name="x479">270.55dp</dimen>
    <dimen name="x480">271.11dp</dimen>
    <dimen name="x481">271.68dp</dimen>
    <dimen name="x482">272.24dp</dimen>
    <dimen name="x483">272.81dp</dimen>
    <dimen name="x484">273.37dp</dimen>
    <dimen name="x485">273.94dp</dimen>
    <dimen name="x486">274.50dp</dimen>
    <dimen name="x487">275.06dp</dimen>
    <dimen name="x488">275.63dp</dimen>
    <dimen name="x489">276.19dp</dimen>
    <dimen name="x490">276.76dp</dimen>
    <dimen name="x491">277.32dp</dimen>
    <dimen name="x492">277.89dp</dimen>
    <dimen name="x493">278.45dp</dimen>
    <dimen name="x494">279.02dp</dimen>
    <dimen name="x495">279.58dp</dimen>
    <dimen name="x496">280.15dp</dimen>
    <dimen name="x497">280.71dp</dimen>
    <dimen name="x498">281.28dp</dimen>
    <dimen name="x499">281.84dp</dimen>
    <dimen name="x500">282.41dp</dimen>
    <dimen name="x501">282.97dp</dimen>
    <dimen name="x502">283.54dp</dimen>
    <dimen name="x503">284.10dp</dimen>
    <dimen name="x504">284.67dp</dimen>
    <dimen name="x505">285.23dp</dimen>
    <dimen name="x506">285.80dp</dimen>
    <dimen name="x507">286.36dp</dimen>
    <dimen name="x508">286.93dp</dimen>
    <dimen name="x509">287.49dp</dimen>
    <dimen name="x510">288.06dp</dimen>
    <dimen name="x511">288.62dp</dimen>
    <dimen name="x512">289.19dp</dimen>
    <dimen name="x513">289.75dp</dimen>
    <dimen name="x514">290.31dp</dimen>
    <dimen name="x515">290.88dp</dimen>
    <dimen name="x516">291.44dp</dimen>
    <dimen name="x517">292.01dp</dimen>
    <dimen name="x518">292.57dp</dimen>
    <dimen name="x519">293.14dp</dimen>
    <dimen name="x520">293.70dp</dimen>
    <dimen name="x521">294.27dp</dimen>
    <dimen name="x522">294.83dp</dimen>
    <dimen name="x523">295.40dp</dimen>
    <dimen name="x524">295.96dp</dimen>
    <dimen name="x525">296.53dp</dimen>
    <dimen name="x526">297.09dp</dimen>
    <dimen name="x527">297.66dp</dimen>
    <dimen name="x528">298.22dp</dimen>
    <dimen name="x529">298.79dp</dimen>
    <dimen name="x530">299.35dp</dimen>
    <dimen name="x531">299.92dp</dimen>
    <dimen name="x532">300.48dp</dimen>
    <dimen name="x533">301.05dp</dimen>
    <dimen name="x534">301.61dp</dimen>
    <dimen name="x535">302.18dp</dimen>
    <dimen name="x536">302.74dp</dimen>
    <dimen name="x537">303.31dp</dimen>
    <dimen name="x538">303.87dp</dimen>
    <dimen name="x539">304.44dp</dimen>
    <dimen name="x540">305.00dp</dimen>
    <dimen name="x541">305.56dp</dimen>
    <dimen name="x542">306.13dp</dimen>
    <dimen name="x543">306.69dp</dimen>
    <dimen name="x544">307.26dp</dimen>
    <dimen name="x545">307.82dp</dimen>
    <dimen name="x546">308.39dp</dimen>
    <dimen name="x547">308.95dp</dimen>
    <dimen name="x548">309.52dp</dimen>
    <dimen name="x549">310.08dp</dimen>
    <dimen name="x550">310.65dp</dimen>
    <dimen name="x551">311.21dp</dimen>
    <dimen name="x552">311.78dp</dimen>
    <dimen name="x553">312.34dp</dimen>
    <dimen name="x554">312.91dp</dimen>
    <dimen name="x555">313.47dp</dimen>
    <dimen name="x556">314.04dp</dimen>
    <dimen name="x557">314.60dp</dimen>
    <dimen name="x558">315.17dp</dimen>
    <dimen name="x559">315.73dp</dimen>
    <dimen name="x560">316.30dp</dimen>
    <dimen name="x561">316.86dp</dimen>
    <dimen name="x562">317.43dp</dimen>
    <dimen name="x563">317.99dp</dimen>
    <dimen name="x564">318.56dp</dimen>
    <dimen name="x565">319.12dp</dimen>
    <dimen name="x566">319.69dp</dimen>
    <dimen name="x567">320.25dp</dimen>
    <dimen name="x568">320.81dp</dimen>
    <dimen name="x569">321.38dp</dimen>
    <dimen name="x570">321.94dp</dimen>
    <dimen name="x571">322.51dp</dimen>
    <dimen name="x572">323.07dp</dimen>
    <dimen name="x573">323.64dp</dimen>
    <dimen name="x574">324.20dp</dimen>
    <dimen name="x575">324.77dp</dimen>
    <dimen name="x576">325.33dp</dimen>
    <dimen name="x577">325.90dp</dimen>
    <dimen name="x578">326.46dp</dimen>
    <dimen name="x579">327.03dp</dimen>
    <dimen name="x580">327.59dp</dimen>
    <dimen name="x581">328.16dp</dimen>
    <dimen name="x582">328.72dp</dimen>
    <dimen name="x583">329.29dp</dimen>
    <dimen name="x584">329.85dp</dimen>
    <dimen name="x585">330.42dp</dimen>
    <dimen name="x586">330.98dp</dimen>
    <dimen name="x587">331.55dp</dimen>
    <dimen name="x588">332.11dp</dimen>
    <dimen name="x589">332.68dp</dimen>
    <dimen name="x590">333.24dp</dimen>
    <dimen name="x591">333.81dp</dimen>
    <dimen name="x592">334.37dp</dimen>
    <dimen name="x593">334.94dp</dimen>
    <dimen name="x594">335.50dp</dimen>
    <dimen name="x595">336.06dp</dimen>
    <dimen name="x596">336.63dp</dimen>
    <dimen name="x597">337.19dp</dimen>
    <dimen name="x598">337.76dp</dimen>
    <dimen name="x599">338.32dp</dimen>
    <dimen name="x600">338.89dp</dimen>
    <dimen name="x601">339.45dp</dimen>
    <dimen name="x602">340.02dp</dimen>
    <dimen name="x603">340.58dp</dimen>
    <dimen name="x604">341.15dp</dimen>
    <dimen name="x605">341.71dp</dimen>
    <dimen name="x606">342.28dp</dimen>
    <dimen name="x607">342.84dp</dimen>
    <dimen name="x608">343.41dp</dimen>
    <dimen name="x609">343.97dp</dimen>
    <dimen name="x610">344.54dp</dimen>
    <dimen name="x611">345.10dp</dimen>
    <dimen name="x612">345.67dp</dimen>
    <dimen name="x613">346.23dp</dimen>
    <dimen name="x614">346.80dp</dimen>
    <dimen name="x615">347.36dp</dimen>
    <dimen name="x616">347.93dp</dimen>
    <dimen name="x617">348.49dp</dimen>
    <dimen name="x618">349.06dp</dimen>
    <dimen name="x619">349.62dp</dimen>
    <dimen name="x620">350.19dp</dimen>
    <dimen name="x621">350.75dp</dimen>
    <dimen name="x622">351.31dp</dimen>
    <dimen name="x623">351.88dp</dimen>
    <dimen name="x624">352.44dp</dimen>
    <dimen name="x625">353.01dp</dimen>
    <dimen name="x626">353.57dp</dimen>
    <dimen name="x627">354.14dp</dimen>
    <dimen name="x628">354.70dp</dimen>
    <dimen name="x629">355.27dp</dimen>
    <dimen name="x630">355.83dp</dimen>
    <dimen name="x631">356.40dp</dimen>
    <dimen name="x632">356.96dp</dimen>
    <dimen name="x633">357.53dp</dimen>
    <dimen name="x634">358.09dp</dimen>
    <dimen name="x635">358.66dp</dimen>
    <dimen name="x636">359.22dp</dimen>
    <dimen name="x637">359.79dp</dimen>
    <dimen name="x638">360.35dp</dimen>
    <dimen name="x639">360.92dp</dimen>
    <dimen name="x640">361.48dp</dimen>
    <dimen name="x641">362.05dp</dimen>
    <dimen name="x642">362.61dp</dimen>
    <dimen name="x643">363.18dp</dimen>
    <dimen name="x644">363.74dp</dimen>
    <dimen name="x645">364.31dp</dimen>
    <dimen name="x646">364.87dp</dimen>
    <dimen name="x647">365.44dp</dimen>
    <dimen name="x648">366.00dp</dimen>
    <dimen name="x649">366.56dp</dimen>
    <dimen name="x650">367.13dp</dimen>
    <dimen name="x651">367.69dp</dimen>
    <dimen name="x652">368.26dp</dimen>
    <dimen name="x653">368.82dp</dimen>
    <dimen name="x654">369.39dp</dimen>
    <dimen name="x655">369.95dp</dimen>
    <dimen name="x656">370.52dp</dimen>
    <dimen name="x657">371.08dp</dimen>
    <dimen name="x658">371.65dp</dimen>
    <dimen name="x659">372.21dp</dimen>
    <dimen name="x660">372.78dp</dimen>
    <dimen name="x661">373.34dp</dimen>
    <dimen name="x662">373.91dp</dimen>
    <dimen name="x663">374.47dp</dimen>
    <dimen name="x664">375.04dp</dimen>
    <dimen name="x665">375.60dp</dimen>
    <dimen name="x666">376.17dp</dimen>
    <dimen name="x667">376.73dp</dimen>
    <dimen name="x668">377.30dp</dimen>
    <dimen name="x669">377.86dp</dimen>
    <dimen name="x670">378.43dp</dimen>
    <dimen name="x671">378.99dp</dimen>
    <dimen name="x672">379.56dp</dimen>
    <dimen name="x673">380.12dp</dimen>
    <dimen name="x674">380.69dp</dimen>
    <dimen name="x675">381.25dp</dimen>
    <dimen name="x676">381.81dp</dimen>
    <dimen name="x677">382.38dp</dimen>
    <dimen name="x678">382.94dp</dimen>
    <dimen name="x679">383.51dp</dimen>
    <dimen name="x680">384.07dp</dimen>
    <dimen name="x681">384.64dp</dimen>
    <dimen name="x682">385.20dp</dimen>
    <dimen name="x683">385.77dp</dimen>
    <dimen name="x684">386.33dp</dimen>
    <dimen name="x685">386.90dp</dimen>
    <dimen name="x686">387.46dp</dimen>
    <dimen name="x687">388.03dp</dimen>
    <dimen name="x688">388.59dp</dimen>
    <dimen name="x689">389.16dp</dimen>
    <dimen name="x690">389.72dp</dimen>
    <dimen name="x691">390.29dp</dimen>
    <dimen name="x692">390.85dp</dimen>
    <dimen name="x693">391.42dp</dimen>
    <dimen name="x694">391.98dp</dimen>
    <dimen name="x695">392.55dp</dimen>
    <dimen name="x696">393.11dp</dimen>
    <dimen name="x697">393.68dp</dimen>
    <dimen name="x698">394.24dp</dimen>
    <dimen name="x699">394.81dp</dimen>
    <dimen name="x700">395.37dp</dimen>
    <dimen name="x701">395.94dp</dimen>
    <dimen name="x702">396.50dp</dimen>
    <dimen name="x703">397.06dp</dimen>
    <dimen name="x704">397.63dp</dimen>
    <dimen name="x705">398.19dp</dimen>
    <dimen name="x706">398.76dp</dimen>
    <dimen name="x707">399.32dp</dimen>
    <dimen name="x708">399.89dp</dimen>
    <dimen name="x709">400.45dp</dimen>
    <dimen name="x710">401.02dp</dimen>
    <dimen name="x711">401.58dp</dimen>
    <dimen name="x712">402.15dp</dimen>
    <dimen name="x713">402.71dp</dimen>
    <dimen name="x714">403.28dp</dimen>
    <dimen name="x715">403.84dp</dimen>
    <dimen name="x716">404.41dp</dimen>
    <dimen name="x717">404.97dp</dimen>
    <dimen name="x718">405.54dp</dimen>
    <dimen name="x719">406.10dp</dimen>
    <dimen name="x720">406.67dp</dimen>
    <dimen name="x721">407.23dp</dimen>
    <dimen name="x722">407.80dp</dimen>
    <dimen name="x723">408.36dp</dimen>
    <dimen name="x724">408.93dp</dimen>
    <dimen name="x725">409.49dp</dimen>
    <dimen name="x726">410.06dp</dimen>
    <dimen name="x727">410.62dp</dimen>
    <dimen name="x728">411.19dp</dimen>
    <dimen name="x729">411.75dp</dimen>
    <dimen name="x730">412.31dp</dimen>
    <dimen name="x731">412.88dp</dimen>
    <dimen name="x732">413.44dp</dimen>
    <dimen name="x733">414.01dp</dimen>
    <dimen name="x734">414.57dp</dimen>
    <dimen name="x735">415.14dp</dimen>
    <dimen name="x736">415.70dp</dimen>
    <dimen name="x737">416.27dp</dimen>
    <dimen name="x738">416.83dp</dimen>
    <dimen name="x739">417.40dp</dimen>
    <dimen name="x740">417.96dp</dimen>
    <dimen name="x741">418.53dp</dimen>
    <dimen name="x742">419.09dp</dimen>
    <dimen name="x743">419.66dp</dimen>
    <dimen name="x744">420.22dp</dimen>
    <dimen name="x745">420.79dp</dimen>
    <dimen name="x746">421.35dp</dimen>
    <dimen name="x747">421.92dp</dimen>
    <dimen name="x748">422.48dp</dimen>
    <dimen name="x749">423.05dp</dimen>
    <dimen name="x750">423.61dp</dimen>
    <dimen name="x751">424.18dp</dimen>
    <dimen name="x752">424.74dp</dimen>
    <dimen name="x753">425.31dp</dimen>
    <dimen name="x754">425.87dp</dimen>
    <dimen name="x755">426.44dp</dimen>
    <dimen name="x756">427.00dp</dimen>
    <dimen name="x757">427.56dp</dimen>
    <dimen name="x758">428.13dp</dimen>
    <dimen name="x759">428.69dp</dimen>
    <dimen name="x760">429.26dp</dimen>
    <dimen name="x761">429.82dp</dimen>
    <dimen name="x762">430.39dp</dimen>
    <dimen name="x763">430.95dp</dimen>
    <dimen name="x764">431.52dp</dimen>
    <dimen name="x765">432.08dp</dimen>
    <dimen name="x766">432.65dp</dimen>
    <dimen name="x767">433.21dp</dimen>
    <dimen name="x768">433.78dp</dimen>
    <dimen name="x769">434.34dp</dimen>
    <dimen name="x770">434.91dp</dimen>
    <dimen name="x771">435.47dp</dimen>
    <dimen name="x772">436.04dp</dimen>
    <dimen name="x773">436.60dp</dimen>
    <dimen name="x774">437.17dp</dimen>
    <dimen name="x775">437.73dp</dimen>
    <dimen name="x776">438.30dp</dimen>
    <dimen name="x777">438.86dp</dimen>
    <dimen name="x778">439.43dp</dimen>
    <dimen name="x779">439.99dp</dimen>
    <dimen name="x780">440.56dp</dimen>
    <dimen name="x781">441.12dp</dimen>
    <dimen name="x782">441.69dp</dimen>
    <dimen name="x783">442.25dp</dimen>
    <dimen name="x784">442.81dp</dimen>
    <dimen name="x785">443.38dp</dimen>
    <dimen name="x786">443.94dp</dimen>
    <dimen name="x787">444.51dp</dimen>
    <dimen name="x788">445.07dp</dimen>
    <dimen name="x789">445.64dp</dimen>
    <dimen name="x790">446.20dp</dimen>
    <dimen name="x791">446.77dp</dimen>
    <dimen name="x792">447.33dp</dimen>
    <dimen name="x793">447.90dp</dimen>
    <dimen name="x794">448.46dp</dimen>
    <dimen name="x795">449.03dp</dimen>
    <dimen name="x796">449.59dp</dimen>
    <dimen name="x797">450.16dp</dimen>
    <dimen name="x798">450.72dp</dimen>
    <dimen name="x799">451.29dp</dimen>
    <dimen name="x800">451.85dp</dimen>
    <dimen name="x801">452.42dp</dimen>
    <dimen name="x802">452.98dp</dimen>
    <dimen name="x803">453.55dp</dimen>
    <dimen name="x804">454.11dp</dimen>
    <dimen name="x805">454.68dp</dimen>
    <dimen name="x806">455.24dp</dimen>
    <dimen name="x807">455.81dp</dimen>
    <dimen name="x808">456.37dp</dimen>
    <dimen name="x809">456.94dp</dimen>
    <dimen name="x810">457.50dp</dimen>
    <dimen name="x811">458.06dp</dimen>
    <dimen name="x812">458.63dp</dimen>
    <dimen name="x813">459.19dp</dimen>
    <dimen name="x814">459.76dp</dimen>
    <dimen name="x815">460.32dp</dimen>
    <dimen name="x816">460.89dp</dimen>
    <dimen name="x817">461.45dp</dimen>
    <dimen name="x818">462.02dp</dimen>
    <dimen name="x819">462.58dp</dimen>
    <dimen name="x820">463.15dp</dimen>
    <dimen name="x821">463.71dp</dimen>
    <dimen name="x822">464.28dp</dimen>
    <dimen name="x823">464.84dp</dimen>
    <dimen name="x824">465.41dp</dimen>
    <dimen name="x825">465.97dp</dimen>
    <dimen name="x826">466.54dp</dimen>
    <dimen name="x827">467.10dp</dimen>
    <dimen name="x828">467.67dp</dimen>
    <dimen name="x829">468.23dp</dimen>
    <dimen name="x830">468.80dp</dimen>
    <dimen name="x831">469.36dp</dimen>
    <dimen name="x832">469.93dp</dimen>
    <dimen name="x833">470.49dp</dimen>
    <dimen name="x834">471.06dp</dimen>
    <dimen name="x835">471.62dp</dimen>
    <dimen name="x836">472.19dp</dimen>
    <dimen name="x837">472.75dp</dimen>
    <dimen name="x838">473.31dp</dimen>
    <dimen name="x839">473.88dp</dimen>
    <dimen name="x840">474.44dp</dimen>
    <dimen name="x841">475.01dp</dimen>
    <dimen name="x842">475.57dp</dimen>
    <dimen name="x843">476.14dp</dimen>
    <dimen name="x844">476.70dp</dimen>
    <dimen name="x845">477.27dp</dimen>
    <dimen name="x846">477.83dp</dimen>
    <dimen name="x847">478.40dp</dimen>
    <dimen name="x848">478.96dp</dimen>
    <dimen name="x849">479.53dp</dimen>
    <dimen name="x850">480.09dp</dimen>
    <dimen name="x851">480.66dp</dimen>
    <dimen name="x852">481.22dp</dimen>
    <dimen name="x853">481.79dp</dimen>
    <dimen name="x854">482.35dp</dimen>
    <dimen name="x855">482.92dp</dimen>
    <dimen name="x856">483.48dp</dimen>
    <dimen name="x857">484.05dp</dimen>
    <dimen name="x858">484.61dp</dimen>
    <dimen name="x859">485.18dp</dimen>
    <dimen name="x860">485.74dp</dimen>
    <dimen name="x861">486.31dp</dimen>
    <dimen name="x862">486.87dp</dimen>
    <dimen name="x863">487.44dp</dimen>
    <dimen name="x864">488.00dp</dimen>
    <dimen name="x865">488.56dp</dimen>
    <dimen name="x866">489.13dp</dimen>
    <dimen name="x867">489.69dp</dimen>
    <dimen name="x868">490.26dp</dimen>
    <dimen name="x869">490.82dp</dimen>
    <dimen name="x870">491.39dp</dimen>
    <dimen name="x871">491.95dp</dimen>
    <dimen name="x872">492.52dp</dimen>
    <dimen name="x873">493.08dp</dimen>
    <dimen name="x874">493.65dp</dimen>
    <dimen name="x875">494.21dp</dimen>
    <dimen name="x876">494.78dp</dimen>
    <dimen name="x877">495.34dp</dimen>
    <dimen name="x878">495.91dp</dimen>
    <dimen name="x879">496.47dp</dimen>
    <dimen name="x880">497.04dp</dimen>
    <dimen name="x881">497.60dp</dimen>
    <dimen name="x882">498.17dp</dimen>
    <dimen name="x883">498.73dp</dimen>
    <dimen name="x884">499.30dp</dimen>
    <dimen name="x885">499.86dp</dimen>
    <dimen name="x886">500.43dp</dimen>
    <dimen name="x887">500.99dp</dimen>
    <dimen name="x888">501.56dp</dimen>
    <dimen name="x889">502.12dp</dimen>
    <dimen name="x890">502.69dp</dimen>
    <dimen name="x891">503.25dp</dimen>
    <dimen name="x892">503.81dp</dimen>
    <dimen name="x893">504.38dp</dimen>
    <dimen name="x894">504.94dp</dimen>
    <dimen name="x895">505.51dp</dimen>
    <dimen name="x896">506.07dp</dimen>
    <dimen name="x897">506.64dp</dimen>
    <dimen name="x898">507.20dp</dimen>
    <dimen name="x899">507.77dp</dimen>
    <dimen name="x900">508.33dp</dimen>
    <dimen name="x901">508.90dp</dimen>
    <dimen name="x902">509.46dp</dimen>
    <dimen name="x903">510.03dp</dimen>
    <dimen name="x904">510.59dp</dimen>
    <dimen name="x905">511.16dp</dimen>
    <dimen name="x906">511.72dp</dimen>
    <dimen name="x907">512.29dp</dimen>
    <dimen name="x908">512.85dp</dimen>
    <dimen name="x909">513.42dp</dimen>
    <dimen name="x910">513.98dp</dimen>
    <dimen name="x911">514.55dp</dimen>
    <dimen name="x912">515.11dp</dimen>
    <dimen name="x913">515.68dp</dimen>
    <dimen name="x914">516.24dp</dimen>
    <dimen name="x915">516.81dp</dimen>
    <dimen name="x916">517.37dp</dimen>
    <dimen name="x917">517.94dp</dimen>
    <dimen name="x918">518.50dp</dimen>
    <dimen name="x919">519.06dp</dimen>
    <dimen name="x920">519.63dp</dimen>
    <dimen name="x921">520.19dp</dimen>
    <dimen name="x922">520.76dp</dimen>
    <dimen name="x923">521.32dp</dimen>
    <dimen name="x924">521.89dp</dimen>
    <dimen name="x925">522.45dp</dimen>
    <dimen name="x926">523.02dp</dimen>
    <dimen name="x927">523.58dp</dimen>
    <dimen name="x928">524.15dp</dimen>
    <dimen name="x929">524.71dp</dimen>
    <dimen name="x930">525.28dp</dimen>
    <dimen name="x931">525.84dp</dimen>
    <dimen name="x932">526.41dp</dimen>
    <dimen name="x933">526.97dp</dimen>
    <dimen name="x934">527.54dp</dimen>
    <dimen name="x935">528.10dp</dimen>
    <dimen name="x936">528.67dp</dimen>
    <dimen name="x937">529.23dp</dimen>
    <dimen name="x938">529.80dp</dimen>
    <dimen name="x939">530.36dp</dimen>
    <dimen name="x940">530.93dp</dimen>
    <dimen name="x941">531.49dp</dimen>
    <dimen name="x942">532.06dp</dimen>
    <dimen name="x943">532.62dp</dimen>
    <dimen name="x944">533.19dp</dimen>
    <dimen name="x945">533.75dp</dimen>
    <dimen name="x946">534.31dp</dimen>
    <dimen name="x947">534.88dp</dimen>
    <dimen name="x948">535.44dp</dimen>
    <dimen name="x949">536.01dp</dimen>
    <dimen name="x950">536.57dp</dimen>
    <dimen name="x951">537.14dp</dimen>
    <dimen name="x952">537.70dp</dimen>
    <dimen name="x953">538.27dp</dimen>
    <dimen name="x954">538.83dp</dimen>
    <dimen name="x955">539.40dp</dimen>
    <dimen name="x956">539.96dp</dimen>
    <dimen name="x957">540.53dp</dimen>
    <dimen name="x958">541.09dp</dimen>
    <dimen name="x959">541.66dp</dimen>
    <dimen name="x960">542.22dp</dimen>
    <dimen name="x961">542.79dp</dimen>
    <dimen name="x962">543.35dp</dimen>
    <dimen name="x963">543.92dp</dimen>
    <dimen name="x964">544.48dp</dimen>
    <dimen name="x965">545.05dp</dimen>
    <dimen name="x966">545.61dp</dimen>
    <dimen name="x967">546.18dp</dimen>
    <dimen name="x968">546.74dp</dimen>
    <dimen name="x969">547.31dp</dimen>
    <dimen name="x970">547.87dp</dimen>
    <dimen name="x971">548.44dp</dimen>
    <dimen name="x972">549.00dp</dimen>
    <dimen name="x973">549.56dp</dimen>
    <dimen name="x974">550.13dp</dimen>
    <dimen name="x975">550.69dp</dimen>
    <dimen name="x976">551.26dp</dimen>
    <dimen name="x977">551.82dp</dimen>
    <dimen name="x978">552.39dp</dimen>
    <dimen name="x979">552.95dp</dimen>
    <dimen name="x980">553.52dp</dimen>
    <dimen name="x981">554.08dp</dimen>
    <dimen name="x982">554.65dp</dimen>
    <dimen name="x983">555.21dp</dimen>
    <dimen name="x984">555.78dp</dimen>
    <dimen name="x985">556.34dp</dimen>
    <dimen name="x986">556.91dp</dimen>
    <dimen name="x987">557.47dp</dimen>
    <dimen name="x988">558.04dp</dimen>
    <dimen name="x989">558.60dp</dimen>
    <dimen name="x990">559.17dp</dimen>
    <dimen name="x991">559.73dp</dimen>
    <dimen name="x992">560.30dp</dimen>
    <dimen name="x993">560.86dp</dimen>
    <dimen name="x994">561.43dp</dimen>
    <dimen name="x995">561.99dp</dimen>
    <dimen name="x996">562.56dp</dimen>
    <dimen name="x997">563.12dp</dimen>
    <dimen name="x998">563.69dp</dimen>
    <dimen name="x999">564.25dp</dimen>
    <dimen name="x1000">564.81dp</dimen>
    <dimen name="x1001">565.38dp</dimen>
    <dimen name="x1002">565.94dp</dimen>
    <dimen name="x1003">566.51dp</dimen>
    <dimen name="x1004">567.07dp</dimen>
    <dimen name="x1005">567.64dp</dimen>
    <dimen name="x1006">568.20dp</dimen>
    <dimen name="x1007">568.77dp</dimen>
    <dimen name="x1008">569.33dp</dimen>
    <dimen name="x1009">569.90dp</dimen>
    <dimen name="x1010">570.46dp</dimen>
    <dimen name="x1011">571.03dp</dimen>
    <dimen name="x1012">571.59dp</dimen>
    <dimen name="x1013">572.16dp</dimen>
    <dimen name="x1014">572.72dp</dimen>
    <dimen name="x1015">573.29dp</dimen>
    <dimen name="x1016">573.85dp</dimen>
    <dimen name="x1017">574.42dp</dimen>
    <dimen name="x1018">574.98dp</dimen>
    <dimen name="x1019">575.55dp</dimen>
    <dimen name="x1020">576.11dp</dimen>
    <dimen name="x1021">576.68dp</dimen>
    <dimen name="x1022">577.24dp</dimen>
    <dimen name="x1023">577.81dp</dimen>
    <dimen name="x1024">578.37dp</dimen>
    <dimen name="x1025">578.94dp</dimen>
    <dimen name="x1026">579.50dp</dimen>
    <dimen name="x1027">580.06dp</dimen>
    <dimen name="x1028">580.63dp</dimen>
    <dimen name="x1029">581.19dp</dimen>
    <dimen name="x1030">581.76dp</dimen>
    <dimen name="x1031">582.32dp</dimen>
    <dimen name="x1032">582.89dp</dimen>
    <dimen name="x1033">583.45dp</dimen>
    <dimen name="x1034">584.02dp</dimen>
    <dimen name="x1035">584.58dp</dimen>
    <dimen name="x1036">585.15dp</dimen>
    <dimen name="x1037">585.71dp</dimen>
    <dimen name="x1038">586.28dp</dimen>
    <dimen name="x1039">586.84dp</dimen>
    <dimen name="x1040">587.41dp</dimen>
    <dimen name="x1041">587.97dp</dimen>
    <dimen name="x1042">588.54dp</dimen>
    <dimen name="x1043">589.10dp</dimen>
    <dimen name="x1044">589.67dp</dimen>
    <dimen name="x1045">590.23dp</dimen>
    <dimen name="x1046">590.80dp</dimen>
    <dimen name="x1047">591.36dp</dimen>
    <dimen name="x1048">591.93dp</dimen>
    <dimen name="x1049">592.49dp</dimen>
    <dimen name="x1050">593.06dp</dimen>
    <dimen name="x1051">593.62dp</dimen>
    <dimen name="x1052">594.19dp</dimen>
    <dimen name="x1053">594.75dp</dimen>
    <dimen name="x1054">595.31dp</dimen>
    <dimen name="x1055">595.88dp</dimen>
    <dimen name="x1056">596.44dp</dimen>
    <dimen name="x1057">597.01dp</dimen>
    <dimen name="x1058">597.57dp</dimen>
    <dimen name="x1059">598.14dp</dimen>
    <dimen name="x1060">598.70dp</dimen>
    <dimen name="x1061">599.27dp</dimen>
    <dimen name="x1062">599.83dp</dimen>
    <dimen name="x1063">600.40dp</dimen>
    <dimen name="x1064">600.96dp</dimen>
    <dimen name="x1065">601.53dp</dimen>
    <dimen name="x1066">602.09dp</dimen>
    <dimen name="x1067">602.66dp</dimen>
    <dimen name="x1068">603.22dp</dimen>
    <dimen name="x1069">603.79dp</dimen>
    <dimen name="x1070">604.35dp</dimen>
    <dimen name="x1071">604.92dp</dimen>
    <dimen name="x1072">605.48dp</dimen>
    <dimen name="x1073">606.05dp</dimen>
    <dimen name="x1074">606.61dp</dimen>
    <dimen name="x1075">607.18dp</dimen>
    <dimen name="x1076">607.74dp</dimen>
    <dimen name="x1077">608.31dp</dimen>
    <dimen name="x1078">608.87dp</dimen>
    <dimen name="x1079">609.44dp</dimen>
    <dimen name="x1080">610.00dp</dimen>
</resources>