<?xml version="1.0" encoding="utf-8"?>
<resources>
    <string name="sw_dp">1400dp</string>
    <dimen name="x1">1.30dp</dimen>
    <dimen name="x2">2.59dp</dimen>
    <dimen name="x3">3.89dp</dimen>
    <dimen name="x4">5.19dp</dimen>
    <dimen name="x5">6.48dp</dimen>
    <dimen name="x6">7.78dp</dimen>
    <dimen name="x7">9.07dp</dimen>
    <dimen name="x8">10.37dp</dimen>
    <dimen name="x9">11.67dp</dimen>
    <dimen name="x10">12.96dp</dimen>
    <dimen name="x11">14.26dp</dimen>
    <dimen name="x12">15.56dp</dimen>
    <dimen name="x13">16.85dp</dimen>
    <dimen name="x14">18.15dp</dimen>
    <dimen name="x15">19.44dp</dimen>
    <dimen name="x16">20.74dp</dimen>
    <dimen name="x17">22.04dp</dimen>
    <dimen name="x18">23.33dp</dimen>
    <dimen name="x19">24.63dp</dimen>
    <dimen name="x20">25.93dp</dimen>
    <dimen name="x21">27.22dp</dimen>
    <dimen name="x22">28.52dp</dimen>
    <dimen name="x23">29.81dp</dimen>
    <dimen name="x24">31.11dp</dimen>
    <dimen name="x25">32.41dp</dimen>
    <dimen name="x26">33.70dp</dimen>
    <dimen name="x27">35.00dp</dimen>
    <dimen name="x28">36.30dp</dimen>
    <dimen name="x29">37.59dp</dimen>
    <dimen name="x30">38.89dp</dimen>
    <dimen name="x31">40.19dp</dimen>
    <dimen name="x32">41.48dp</dimen>
    <dimen name="x33">42.78dp</dimen>
    <dimen name="x34">44.07dp</dimen>
    <dimen name="x35">45.37dp</dimen>
    <dimen name="x36">46.67dp</dimen>
    <dimen name="x37">47.96dp</dimen>
    <dimen name="x38">49.26dp</dimen>
    <dimen name="x39">50.56dp</dimen>
    <dimen name="x40">51.85dp</dimen>
    <dimen name="x41">53.15dp</dimen>
    <dimen name="x42">54.44dp</dimen>
    <dimen name="x43">55.74dp</dimen>
    <dimen name="x44">57.04dp</dimen>
    <dimen name="x45">58.33dp</dimen>
    <dimen name="x46">59.63dp</dimen>
    <dimen name="x47">60.93dp</dimen>
    <dimen name="x48">62.22dp</dimen>
    <dimen name="x49">63.52dp</dimen>
    <dimen name="x50">64.81dp</dimen>
    <dimen name="x51">66.11dp</dimen>
    <dimen name="x52">67.41dp</dimen>
    <dimen name="x53">68.70dp</dimen>
    <dimen name="x54">70.00dp</dimen>
    <dimen name="x55">71.30dp</dimen>
    <dimen name="x56">72.59dp</dimen>
    <dimen name="x57">73.89dp</dimen>
    <dimen name="x58">75.19dp</dimen>
    <dimen name="x59">76.48dp</dimen>
    <dimen name="x60">77.78dp</dimen>
    <dimen name="x61">79.07dp</dimen>
    <dimen name="x62">80.37dp</dimen>
    <dimen name="x63">81.67dp</dimen>
    <dimen name="x64">82.96dp</dimen>
    <dimen name="x65">84.26dp</dimen>
    <dimen name="x66">85.56dp</dimen>
    <dimen name="x67">86.85dp</dimen>
    <dimen name="x68">88.15dp</dimen>
    <dimen name="x69">89.44dp</dimen>
    <dimen name="x70">90.74dp</dimen>
    <dimen name="x71">92.04dp</dimen>
    <dimen name="x72">93.33dp</dimen>
    <dimen name="x73">94.63dp</dimen>
    <dimen name="x74">95.93dp</dimen>
    <dimen name="x75">97.22dp</dimen>
    <dimen name="x76">98.52dp</dimen>
    <dimen name="x77">99.81dp</dimen>
    <dimen name="x78">101.11dp</dimen>
    <dimen name="x79">102.41dp</dimen>
    <dimen name="x80">103.70dp</dimen>
    <dimen name="x81">105.00dp</dimen>
    <dimen name="x82">106.30dp</dimen>
    <dimen name="x83">107.59dp</dimen>
    <dimen name="x84">108.89dp</dimen>
    <dimen name="x85">110.19dp</dimen>
    <dimen name="x86">111.48dp</dimen>
    <dimen name="x87">112.78dp</dimen>
    <dimen name="x88">114.07dp</dimen>
    <dimen name="x89">115.37dp</dimen>
    <dimen name="x90">116.67dp</dimen>
    <dimen name="x91">117.96dp</dimen>
    <dimen name="x92">119.26dp</dimen>
    <dimen name="x93">120.56dp</dimen>
    <dimen name="x94">121.85dp</dimen>
    <dimen name="x95">123.15dp</dimen>
    <dimen name="x96">124.44dp</dimen>
    <dimen name="x97">125.74dp</dimen>
    <dimen name="x98">127.04dp</dimen>
    <dimen name="x99">128.33dp</dimen>
    <dimen name="x100">129.63dp</dimen>
    <dimen name="x101">130.93dp</dimen>
    <dimen name="x102">132.22dp</dimen>
    <dimen name="x103">133.52dp</dimen>
    <dimen name="x104">134.81dp</dimen>
    <dimen name="x105">136.11dp</dimen>
    <dimen name="x106">137.41dp</dimen>
    <dimen name="x107">138.70dp</dimen>
    <dimen name="x108">140.00dp</dimen>
    <dimen name="x109">141.30dp</dimen>
    <dimen name="x110">142.59dp</dimen>
    <dimen name="x111">143.89dp</dimen>
    <dimen name="x112">145.19dp</dimen>
    <dimen name="x113">146.48dp</dimen>
    <dimen name="x114">147.78dp</dimen>
    <dimen name="x115">149.07dp</dimen>
    <dimen name="x116">150.37dp</dimen>
    <dimen name="x117">151.67dp</dimen>
    <dimen name="x118">152.96dp</dimen>
    <dimen name="x119">154.26dp</dimen>
    <dimen name="x120">155.56dp</dimen>
    <dimen name="x121">156.85dp</dimen>
    <dimen name="x122">158.15dp</dimen>
    <dimen name="x123">159.44dp</dimen>
    <dimen name="x124">160.74dp</dimen>
    <dimen name="x125">162.04dp</dimen>
    <dimen name="x126">163.33dp</dimen>
    <dimen name="x127">164.63dp</dimen>
    <dimen name="x128">165.93dp</dimen>
    <dimen name="x129">167.22dp</dimen>
    <dimen name="x130">168.52dp</dimen>
    <dimen name="x131">169.81dp</dimen>
    <dimen name="x132">171.11dp</dimen>
    <dimen name="x133">172.41dp</dimen>
    <dimen name="x134">173.70dp</dimen>
    <dimen name="x135">175.00dp</dimen>
    <dimen name="x136">176.30dp</dimen>
    <dimen name="x137">177.59dp</dimen>
    <dimen name="x138">178.89dp</dimen>
    <dimen name="x139">180.19dp</dimen>
    <dimen name="x140">181.48dp</dimen>
    <dimen name="x141">182.78dp</dimen>
    <dimen name="x142">184.07dp</dimen>
    <dimen name="x143">185.37dp</dimen>
    <dimen name="x144">186.67dp</dimen>
    <dimen name="x145">187.96dp</dimen>
    <dimen name="x146">189.26dp</dimen>
    <dimen name="x147">190.56dp</dimen>
    <dimen name="x148">191.85dp</dimen>
    <dimen name="x149">193.15dp</dimen>
    <dimen name="x150">194.44dp</dimen>
    <dimen name="x151">195.74dp</dimen>
    <dimen name="x152">197.04dp</dimen>
    <dimen name="x153">198.33dp</dimen>
    <dimen name="x154">199.63dp</dimen>
    <dimen name="x155">200.93dp</dimen>
    <dimen name="x156">202.22dp</dimen>
    <dimen name="x157">203.52dp</dimen>
    <dimen name="x158">204.81dp</dimen>
    <dimen name="x159">206.11dp</dimen>
    <dimen name="x160">207.41dp</dimen>
    <dimen name="x161">208.70dp</dimen>
    <dimen name="x162">210.00dp</dimen>
    <dimen name="x163">211.30dp</dimen>
    <dimen name="x164">212.59dp</dimen>
    <dimen name="x165">213.89dp</dimen>
    <dimen name="x166">215.19dp</dimen>
    <dimen name="x167">216.48dp</dimen>
    <dimen name="x168">217.78dp</dimen>
    <dimen name="x169">219.07dp</dimen>
    <dimen name="x170">220.37dp</dimen>
    <dimen name="x171">221.67dp</dimen>
    <dimen name="x172">222.96dp</dimen>
    <dimen name="x173">224.26dp</dimen>
    <dimen name="x174">225.56dp</dimen>
    <dimen name="x175">226.85dp</dimen>
    <dimen name="x176">228.15dp</dimen>
    <dimen name="x177">229.44dp</dimen>
    <dimen name="x178">230.74dp</dimen>
    <dimen name="x179">232.04dp</dimen>
    <dimen name="x180">233.33dp</dimen>
    <dimen name="x181">234.63dp</dimen>
    <dimen name="x182">235.93dp</dimen>
    <dimen name="x183">237.22dp</dimen>
    <dimen name="x184">238.52dp</dimen>
    <dimen name="x185">239.81dp</dimen>
    <dimen name="x186">241.11dp</dimen>
    <dimen name="x187">242.41dp</dimen>
    <dimen name="x188">243.70dp</dimen>
    <dimen name="x189">245.00dp</dimen>
    <dimen name="x190">246.30dp</dimen>
    <dimen name="x191">247.59dp</dimen>
    <dimen name="x192">248.89dp</dimen>
    <dimen name="x193">250.19dp</dimen>
    <dimen name="x194">251.48dp</dimen>
    <dimen name="x195">252.78dp</dimen>
    <dimen name="x196">254.07dp</dimen>
    <dimen name="x197">255.37dp</dimen>
    <dimen name="x198">256.67dp</dimen>
    <dimen name="x199">257.96dp</dimen>
    <dimen name="x200">259.26dp</dimen>
    <dimen name="x201">260.56dp</dimen>
    <dimen name="x202">261.85dp</dimen>
    <dimen name="x203">263.15dp</dimen>
    <dimen name="x204">264.44dp</dimen>
    <dimen name="x205">265.74dp</dimen>
    <dimen name="x206">267.04dp</dimen>
    <dimen name="x207">268.33dp</dimen>
    <dimen name="x208">269.63dp</dimen>
    <dimen name="x209">270.93dp</dimen>
    <dimen name="x210">272.22dp</dimen>
    <dimen name="x211">273.52dp</dimen>
    <dimen name="x212">274.81dp</dimen>
    <dimen name="x213">276.11dp</dimen>
    <dimen name="x214">277.41dp</dimen>
    <dimen name="x215">278.70dp</dimen>
    <dimen name="x216">280.00dp</dimen>
    <dimen name="x217">281.30dp</dimen>
    <dimen name="x218">282.59dp</dimen>
    <dimen name="x219">283.89dp</dimen>
    <dimen name="x220">285.19dp</dimen>
    <dimen name="x221">286.48dp</dimen>
    <dimen name="x222">287.78dp</dimen>
    <dimen name="x223">289.07dp</dimen>
    <dimen name="x224">290.37dp</dimen>
    <dimen name="x225">291.67dp</dimen>
    <dimen name="x226">292.96dp</dimen>
    <dimen name="x227">294.26dp</dimen>
    <dimen name="x228">295.56dp</dimen>
    <dimen name="x229">296.85dp</dimen>
    <dimen name="x230">298.15dp</dimen>
    <dimen name="x231">299.44dp</dimen>
    <dimen name="x232">300.74dp</dimen>
    <dimen name="x233">302.04dp</dimen>
    <dimen name="x234">303.33dp</dimen>
    <dimen name="x235">304.63dp</dimen>
    <dimen name="x236">305.93dp</dimen>
    <dimen name="x237">307.22dp</dimen>
    <dimen name="x238">308.52dp</dimen>
    <dimen name="x239">309.81dp</dimen>
    <dimen name="x240">311.11dp</dimen>
    <dimen name="x241">312.41dp</dimen>
    <dimen name="x242">313.70dp</dimen>
    <dimen name="x243">315.00dp</dimen>
    <dimen name="x244">316.30dp</dimen>
    <dimen name="x245">317.59dp</dimen>
    <dimen name="x246">318.89dp</dimen>
    <dimen name="x247">320.19dp</dimen>
    <dimen name="x248">321.48dp</dimen>
    <dimen name="x249">322.78dp</dimen>
    <dimen name="x250">324.07dp</dimen>
    <dimen name="x251">325.37dp</dimen>
    <dimen name="x252">326.67dp</dimen>
    <dimen name="x253">327.96dp</dimen>
    <dimen name="x254">329.26dp</dimen>
    <dimen name="x255">330.56dp</dimen>
    <dimen name="x256">331.85dp</dimen>
    <dimen name="x257">333.15dp</dimen>
    <dimen name="x258">334.44dp</dimen>
    <dimen name="x259">335.74dp</dimen>
    <dimen name="x260">337.04dp</dimen>
    <dimen name="x261">338.33dp</dimen>
    <dimen name="x262">339.63dp</dimen>
    <dimen name="x263">340.93dp</dimen>
    <dimen name="x264">342.22dp</dimen>
    <dimen name="x265">343.52dp</dimen>
    <dimen name="x266">344.81dp</dimen>
    <dimen name="x267">346.11dp</dimen>
    <dimen name="x268">347.41dp</dimen>
    <dimen name="x269">348.70dp</dimen>
    <dimen name="x270">350.00dp</dimen>
    <dimen name="x271">351.30dp</dimen>
    <dimen name="x272">352.59dp</dimen>
    <dimen name="x273">353.89dp</dimen>
    <dimen name="x274">355.19dp</dimen>
    <dimen name="x275">356.48dp</dimen>
    <dimen name="x276">357.78dp</dimen>
    <dimen name="x277">359.07dp</dimen>
    <dimen name="x278">360.37dp</dimen>
    <dimen name="x279">361.67dp</dimen>
    <dimen name="x280">362.96dp</dimen>
    <dimen name="x281">364.26dp</dimen>
    <dimen name="x282">365.56dp</dimen>
    <dimen name="x283">366.85dp</dimen>
    <dimen name="x284">368.15dp</dimen>
    <dimen name="x285">369.44dp</dimen>
    <dimen name="x286">370.74dp</dimen>
    <dimen name="x287">372.04dp</dimen>
    <dimen name="x288">373.33dp</dimen>
    <dimen name="x289">374.63dp</dimen>
    <dimen name="x290">375.93dp</dimen>
    <dimen name="x291">377.22dp</dimen>
    <dimen name="x292">378.52dp</dimen>
    <dimen name="x293">379.81dp</dimen>
    <dimen name="x294">381.11dp</dimen>
    <dimen name="x295">382.41dp</dimen>
    <dimen name="x296">383.70dp</dimen>
    <dimen name="x297">385.00dp</dimen>
    <dimen name="x298">386.30dp</dimen>
    <dimen name="x299">387.59dp</dimen>
    <dimen name="x300">388.89dp</dimen>
    <dimen name="x301">390.19dp</dimen>
    <dimen name="x302">391.48dp</dimen>
    <dimen name="x303">392.78dp</dimen>
    <dimen name="x304">394.07dp</dimen>
    <dimen name="x305">395.37dp</dimen>
    <dimen name="x306">396.67dp</dimen>
    <dimen name="x307">397.96dp</dimen>
    <dimen name="x308">399.26dp</dimen>
    <dimen name="x309">400.56dp</dimen>
    <dimen name="x310">401.85dp</dimen>
    <dimen name="x311">403.15dp</dimen>
    <dimen name="x312">404.44dp</dimen>
    <dimen name="x313">405.74dp</dimen>
    <dimen name="x314">407.04dp</dimen>
    <dimen name="x315">408.33dp</dimen>
    <dimen name="x316">409.63dp</dimen>
    <dimen name="x317">410.93dp</dimen>
    <dimen name="x318">412.22dp</dimen>
    <dimen name="x319">413.52dp</dimen>
    <dimen name="x320">414.81dp</dimen>
    <dimen name="x321">416.11dp</dimen>
    <dimen name="x322">417.41dp</dimen>
    <dimen name="x323">418.70dp</dimen>
    <dimen name="x324">420.00dp</dimen>
    <dimen name="x325">421.30dp</dimen>
    <dimen name="x326">422.59dp</dimen>
    <dimen name="x327">423.89dp</dimen>
    <dimen name="x328">425.19dp</dimen>
    <dimen name="x329">426.48dp</dimen>
    <dimen name="x330">427.78dp</dimen>
    <dimen name="x331">429.07dp</dimen>
    <dimen name="x332">430.37dp</dimen>
    <dimen name="x333">431.67dp</dimen>
    <dimen name="x334">432.96dp</dimen>
    <dimen name="x335">434.26dp</dimen>
    <dimen name="x336">435.56dp</dimen>
    <dimen name="x337">436.85dp</dimen>
    <dimen name="x338">438.15dp</dimen>
    <dimen name="x339">439.44dp</dimen>
    <dimen name="x340">440.74dp</dimen>
    <dimen name="x341">442.04dp</dimen>
    <dimen name="x342">443.33dp</dimen>
    <dimen name="x343">444.63dp</dimen>
    <dimen name="x344">445.93dp</dimen>
    <dimen name="x345">447.22dp</dimen>
    <dimen name="x346">448.52dp</dimen>
    <dimen name="x347">449.81dp</dimen>
    <dimen name="x348">451.11dp</dimen>
    <dimen name="x349">452.41dp</dimen>
    <dimen name="x350">453.70dp</dimen>
    <dimen name="x351">455.00dp</dimen>
    <dimen name="x352">456.30dp</dimen>
    <dimen name="x353">457.59dp</dimen>
    <dimen name="x354">458.89dp</dimen>
    <dimen name="x355">460.19dp</dimen>
    <dimen name="x356">461.48dp</dimen>
    <dimen name="x357">462.78dp</dimen>
    <dimen name="x358">464.07dp</dimen>
    <dimen name="x359">465.37dp</dimen>
    <dimen name="x360">466.67dp</dimen>
    <dimen name="x361">467.96dp</dimen>
    <dimen name="x362">469.26dp</dimen>
    <dimen name="x363">470.56dp</dimen>
    <dimen name="x364">471.85dp</dimen>
    <dimen name="x365">473.15dp</dimen>
    <dimen name="x366">474.44dp</dimen>
    <dimen name="x367">475.74dp</dimen>
    <dimen name="x368">477.04dp</dimen>
    <dimen name="x369">478.33dp</dimen>
    <dimen name="x370">479.63dp</dimen>
    <dimen name="x371">480.93dp</dimen>
    <dimen name="x372">482.22dp</dimen>
    <dimen name="x373">483.52dp</dimen>
    <dimen name="x374">484.81dp</dimen>
    <dimen name="x375">486.11dp</dimen>
    <dimen name="x376">487.41dp</dimen>
    <dimen name="x377">488.70dp</dimen>
    <dimen name="x378">490.00dp</dimen>
    <dimen name="x379">491.30dp</dimen>
    <dimen name="x380">492.59dp</dimen>
    <dimen name="x381">493.89dp</dimen>
    <dimen name="x382">495.19dp</dimen>
    <dimen name="x383">496.48dp</dimen>
    <dimen name="x384">497.78dp</dimen>
    <dimen name="x385">499.07dp</dimen>
    <dimen name="x386">500.37dp</dimen>
    <dimen name="x387">501.67dp</dimen>
    <dimen name="x388">502.96dp</dimen>
    <dimen name="x389">504.26dp</dimen>
    <dimen name="x390">505.56dp</dimen>
    <dimen name="x391">506.85dp</dimen>
    <dimen name="x392">508.15dp</dimen>
    <dimen name="x393">509.44dp</dimen>
    <dimen name="x394">510.74dp</dimen>
    <dimen name="x395">512.04dp</dimen>
    <dimen name="x396">513.33dp</dimen>
    <dimen name="x397">514.63dp</dimen>
    <dimen name="x398">515.93dp</dimen>
    <dimen name="x399">517.22dp</dimen>
    <dimen name="x400">518.52dp</dimen>
    <dimen name="x401">519.81dp</dimen>
    <dimen name="x402">521.11dp</dimen>
    <dimen name="x403">522.41dp</dimen>
    <dimen name="x404">523.70dp</dimen>
    <dimen name="x405">525.00dp</dimen>
    <dimen name="x406">526.30dp</dimen>
    <dimen name="x407">527.59dp</dimen>
    <dimen name="x408">528.89dp</dimen>
    <dimen name="x409">530.19dp</dimen>
    <dimen name="x410">531.48dp</dimen>
    <dimen name="x411">532.78dp</dimen>
    <dimen name="x412">534.07dp</dimen>
    <dimen name="x413">535.37dp</dimen>
    <dimen name="x414">536.67dp</dimen>
    <dimen name="x415">537.96dp</dimen>
    <dimen name="x416">539.26dp</dimen>
    <dimen name="x417">540.56dp</dimen>
    <dimen name="x418">541.85dp</dimen>
    <dimen name="x419">543.15dp</dimen>
    <dimen name="x420">544.44dp</dimen>
    <dimen name="x421">545.74dp</dimen>
    <dimen name="x422">547.04dp</dimen>
    <dimen name="x423">548.33dp</dimen>
    <dimen name="x424">549.63dp</dimen>
    <dimen name="x425">550.93dp</dimen>
    <dimen name="x426">552.22dp</dimen>
    <dimen name="x427">553.52dp</dimen>
    <dimen name="x428">554.81dp</dimen>
    <dimen name="x429">556.11dp</dimen>
    <dimen name="x430">557.41dp</dimen>
    <dimen name="x431">558.70dp</dimen>
    <dimen name="x432">560.00dp</dimen>
    <dimen name="x433">561.30dp</dimen>
    <dimen name="x434">562.59dp</dimen>
    <dimen name="x435">563.89dp</dimen>
    <dimen name="x436">565.19dp</dimen>
    <dimen name="x437">566.48dp</dimen>
    <dimen name="x438">567.78dp</dimen>
    <dimen name="x439">569.07dp</dimen>
    <dimen name="x440">570.37dp</dimen>
    <dimen name="x441">571.67dp</dimen>
    <dimen name="x442">572.96dp</dimen>
    <dimen name="x443">574.26dp</dimen>
    <dimen name="x444">575.56dp</dimen>
    <dimen name="x445">576.85dp</dimen>
    <dimen name="x446">578.15dp</dimen>
    <dimen name="x447">579.44dp</dimen>
    <dimen name="x448">580.74dp</dimen>
    <dimen name="x449">582.04dp</dimen>
    <dimen name="x450">583.33dp</dimen>
    <dimen name="x451">584.63dp</dimen>
    <dimen name="x452">585.93dp</dimen>
    <dimen name="x453">587.22dp</dimen>
    <dimen name="x454">588.52dp</dimen>
    <dimen name="x455">589.81dp</dimen>
    <dimen name="x456">591.11dp</dimen>
    <dimen name="x457">592.41dp</dimen>
    <dimen name="x458">593.70dp</dimen>
    <dimen name="x459">595.00dp</dimen>
    <dimen name="x460">596.30dp</dimen>
    <dimen name="x461">597.59dp</dimen>
    <dimen name="x462">598.89dp</dimen>
    <dimen name="x463">600.19dp</dimen>
    <dimen name="x464">601.48dp</dimen>
    <dimen name="x465">602.78dp</dimen>
    <dimen name="x466">604.07dp</dimen>
    <dimen name="x467">605.37dp</dimen>
    <dimen name="x468">606.67dp</dimen>
    <dimen name="x469">607.96dp</dimen>
    <dimen name="x470">609.26dp</dimen>
    <dimen name="x471">610.56dp</dimen>
    <dimen name="x472">611.85dp</dimen>
    <dimen name="x473">613.15dp</dimen>
    <dimen name="x474">614.44dp</dimen>
    <dimen name="x475">615.74dp</dimen>
    <dimen name="x476">617.04dp</dimen>
    <dimen name="x477">618.33dp</dimen>
    <dimen name="x478">619.63dp</dimen>
    <dimen name="x479">620.93dp</dimen>
    <dimen name="x480">622.22dp</dimen>
    <dimen name="x481">623.52dp</dimen>
    <dimen name="x482">624.81dp</dimen>
    <dimen name="x483">626.11dp</dimen>
    <dimen name="x484">627.41dp</dimen>
    <dimen name="x485">628.70dp</dimen>
    <dimen name="x486">630.00dp</dimen>
    <dimen name="x487">631.30dp</dimen>
    <dimen name="x488">632.59dp</dimen>
    <dimen name="x489">633.89dp</dimen>
    <dimen name="x490">635.19dp</dimen>
    <dimen name="x491">636.48dp</dimen>
    <dimen name="x492">637.78dp</dimen>
    <dimen name="x493">639.07dp</dimen>
    <dimen name="x494">640.37dp</dimen>
    <dimen name="x495">641.67dp</dimen>
    <dimen name="x496">642.96dp</dimen>
    <dimen name="x497">644.26dp</dimen>
    <dimen name="x498">645.56dp</dimen>
    <dimen name="x499">646.85dp</dimen>
    <dimen name="x500">648.15dp</dimen>
    <dimen name="x501">649.44dp</dimen>
    <dimen name="x502">650.74dp</dimen>
    <dimen name="x503">652.04dp</dimen>
    <dimen name="x504">653.33dp</dimen>
    <dimen name="x505">654.63dp</dimen>
    <dimen name="x506">655.93dp</dimen>
    <dimen name="x507">657.22dp</dimen>
    <dimen name="x508">658.52dp</dimen>
    <dimen name="x509">659.81dp</dimen>
    <dimen name="x510">661.11dp</dimen>
    <dimen name="x511">662.41dp</dimen>
    <dimen name="x512">663.70dp</dimen>
    <dimen name="x513">665.00dp</dimen>
    <dimen name="x514">666.30dp</dimen>
    <dimen name="x515">667.59dp</dimen>
    <dimen name="x516">668.89dp</dimen>
    <dimen name="x517">670.19dp</dimen>
    <dimen name="x518">671.48dp</dimen>
    <dimen name="x519">672.78dp</dimen>
    <dimen name="x520">674.07dp</dimen>
    <dimen name="x521">675.37dp</dimen>
    <dimen name="x522">676.67dp</dimen>
    <dimen name="x523">677.96dp</dimen>
    <dimen name="x524">679.26dp</dimen>
    <dimen name="x525">680.56dp</dimen>
    <dimen name="x526">681.85dp</dimen>
    <dimen name="x527">683.15dp</dimen>
    <dimen name="x528">684.44dp</dimen>
    <dimen name="x529">685.74dp</dimen>
    <dimen name="x530">687.04dp</dimen>
    <dimen name="x531">688.33dp</dimen>
    <dimen name="x532">689.63dp</dimen>
    <dimen name="x533">690.93dp</dimen>
    <dimen name="x534">692.22dp</dimen>
    <dimen name="x535">693.52dp</dimen>
    <dimen name="x536">694.81dp</dimen>
    <dimen name="x537">696.11dp</dimen>
    <dimen name="x538">697.41dp</dimen>
    <dimen name="x539">698.70dp</dimen>
    <dimen name="x540">700.00dp</dimen>
    <dimen name="x541">701.30dp</dimen>
    <dimen name="x542">702.59dp</dimen>
    <dimen name="x543">703.89dp</dimen>
    <dimen name="x544">705.19dp</dimen>
    <dimen name="x545">706.48dp</dimen>
    <dimen name="x546">707.78dp</dimen>
    <dimen name="x547">709.07dp</dimen>
    <dimen name="x548">710.37dp</dimen>
    <dimen name="x549">711.67dp</dimen>
    <dimen name="x550">712.96dp</dimen>
    <dimen name="x551">714.26dp</dimen>
    <dimen name="x552">715.56dp</dimen>
    <dimen name="x553">716.85dp</dimen>
    <dimen name="x554">718.15dp</dimen>
    <dimen name="x555">719.44dp</dimen>
    <dimen name="x556">720.74dp</dimen>
    <dimen name="x557">722.04dp</dimen>
    <dimen name="x558">723.33dp</dimen>
    <dimen name="x559">724.63dp</dimen>
    <dimen name="x560">725.93dp</dimen>
    <dimen name="x561">727.22dp</dimen>
    <dimen name="x562">728.52dp</dimen>
    <dimen name="x563">729.81dp</dimen>
    <dimen name="x564">731.11dp</dimen>
    <dimen name="x565">732.41dp</dimen>
    <dimen name="x566">733.70dp</dimen>
    <dimen name="x567">735.00dp</dimen>
    <dimen name="x568">736.30dp</dimen>
    <dimen name="x569">737.59dp</dimen>
    <dimen name="x570">738.89dp</dimen>
    <dimen name="x571">740.19dp</dimen>
    <dimen name="x572">741.48dp</dimen>
    <dimen name="x573">742.78dp</dimen>
    <dimen name="x574">744.07dp</dimen>
    <dimen name="x575">745.37dp</dimen>
    <dimen name="x576">746.67dp</dimen>
    <dimen name="x577">747.96dp</dimen>
    <dimen name="x578">749.26dp</dimen>
    <dimen name="x579">750.56dp</dimen>
    <dimen name="x580">751.85dp</dimen>
    <dimen name="x581">753.15dp</dimen>
    <dimen name="x582">754.44dp</dimen>
    <dimen name="x583">755.74dp</dimen>
    <dimen name="x584">757.04dp</dimen>
    <dimen name="x585">758.33dp</dimen>
    <dimen name="x586">759.63dp</dimen>
    <dimen name="x587">760.93dp</dimen>
    <dimen name="x588">762.22dp</dimen>
    <dimen name="x589">763.52dp</dimen>
    <dimen name="x590">764.81dp</dimen>
    <dimen name="x591">766.11dp</dimen>
    <dimen name="x592">767.41dp</dimen>
    <dimen name="x593">768.70dp</dimen>
    <dimen name="x594">770.00dp</dimen>
    <dimen name="x595">771.30dp</dimen>
    <dimen name="x596">772.59dp</dimen>
    <dimen name="x597">773.89dp</dimen>
    <dimen name="x598">775.19dp</dimen>
    <dimen name="x599">776.48dp</dimen>
    <dimen name="x600">777.78dp</dimen>
    <dimen name="x601">779.07dp</dimen>
    <dimen name="x602">780.37dp</dimen>
    <dimen name="x603">781.67dp</dimen>
    <dimen name="x604">782.96dp</dimen>
    <dimen name="x605">784.26dp</dimen>
    <dimen name="x606">785.56dp</dimen>
    <dimen name="x607">786.85dp</dimen>
    <dimen name="x608">788.15dp</dimen>
    <dimen name="x609">789.44dp</dimen>
    <dimen name="x610">790.74dp</dimen>
    <dimen name="x611">792.04dp</dimen>
    <dimen name="x612">793.33dp</dimen>
    <dimen name="x613">794.63dp</dimen>
    <dimen name="x614">795.93dp</dimen>
    <dimen name="x615">797.22dp</dimen>
    <dimen name="x616">798.52dp</dimen>
    <dimen name="x617">799.81dp</dimen>
    <dimen name="x618">801.11dp</dimen>
    <dimen name="x619">802.41dp</dimen>
    <dimen name="x620">803.70dp</dimen>
    <dimen name="x621">805.00dp</dimen>
    <dimen name="x622">806.30dp</dimen>
    <dimen name="x623">807.59dp</dimen>
    <dimen name="x624">808.89dp</dimen>
    <dimen name="x625">810.19dp</dimen>
    <dimen name="x626">811.48dp</dimen>
    <dimen name="x627">812.78dp</dimen>
    <dimen name="x628">814.07dp</dimen>
    <dimen name="x629">815.37dp</dimen>
    <dimen name="x630">816.67dp</dimen>
    <dimen name="x631">817.96dp</dimen>
    <dimen name="x632">819.26dp</dimen>
    <dimen name="x633">820.56dp</dimen>
    <dimen name="x634">821.85dp</dimen>
    <dimen name="x635">823.15dp</dimen>
    <dimen name="x636">824.44dp</dimen>
    <dimen name="x637">825.74dp</dimen>
    <dimen name="x638">827.04dp</dimen>
    <dimen name="x639">828.33dp</dimen>
    <dimen name="x640">829.63dp</dimen>
    <dimen name="x641">830.93dp</dimen>
    <dimen name="x642">832.22dp</dimen>
    <dimen name="x643">833.52dp</dimen>
    <dimen name="x644">834.81dp</dimen>
    <dimen name="x645">836.11dp</dimen>
    <dimen name="x646">837.41dp</dimen>
    <dimen name="x647">838.70dp</dimen>
    <dimen name="x648">840.00dp</dimen>
    <dimen name="x649">841.30dp</dimen>
    <dimen name="x650">842.59dp</dimen>
    <dimen name="x651">843.89dp</dimen>
    <dimen name="x652">845.19dp</dimen>
    <dimen name="x653">846.48dp</dimen>
    <dimen name="x654">847.78dp</dimen>
    <dimen name="x655">849.07dp</dimen>
    <dimen name="x656">850.37dp</dimen>
    <dimen name="x657">851.67dp</dimen>
    <dimen name="x658">852.96dp</dimen>
    <dimen name="x659">854.26dp</dimen>
    <dimen name="x660">855.56dp</dimen>
    <dimen name="x661">856.85dp</dimen>
    <dimen name="x662">858.15dp</dimen>
    <dimen name="x663">859.44dp</dimen>
    <dimen name="x664">860.74dp</dimen>
    <dimen name="x665">862.04dp</dimen>
    <dimen name="x666">863.33dp</dimen>
    <dimen name="x667">864.63dp</dimen>
    <dimen name="x668">865.93dp</dimen>
    <dimen name="x669">867.22dp</dimen>
    <dimen name="x670">868.52dp</dimen>
    <dimen name="x671">869.81dp</dimen>
    <dimen name="x672">871.11dp</dimen>
    <dimen name="x673">872.41dp</dimen>
    <dimen name="x674">873.70dp</dimen>
    <dimen name="x675">875.00dp</dimen>
    <dimen name="x676">876.30dp</dimen>
    <dimen name="x677">877.59dp</dimen>
    <dimen name="x678">878.89dp</dimen>
    <dimen name="x679">880.19dp</dimen>
    <dimen name="x680">881.48dp</dimen>
    <dimen name="x681">882.78dp</dimen>
    <dimen name="x682">884.07dp</dimen>
    <dimen name="x683">885.37dp</dimen>
    <dimen name="x684">886.67dp</dimen>
    <dimen name="x685">887.96dp</dimen>
    <dimen name="x686">889.26dp</dimen>
    <dimen name="x687">890.56dp</dimen>
    <dimen name="x688">891.85dp</dimen>
    <dimen name="x689">893.15dp</dimen>
    <dimen name="x690">894.44dp</dimen>
    <dimen name="x691">895.74dp</dimen>
    <dimen name="x692">897.04dp</dimen>
    <dimen name="x693">898.33dp</dimen>
    <dimen name="x694">899.63dp</dimen>
    <dimen name="x695">900.93dp</dimen>
    <dimen name="x696">902.22dp</dimen>
    <dimen name="x697">903.52dp</dimen>
    <dimen name="x698">904.81dp</dimen>
    <dimen name="x699">906.11dp</dimen>
    <dimen name="x700">907.41dp</dimen>
    <dimen name="x701">908.70dp</dimen>
    <dimen name="x702">910.00dp</dimen>
    <dimen name="x703">911.30dp</dimen>
    <dimen name="x704">912.59dp</dimen>
    <dimen name="x705">913.89dp</dimen>
    <dimen name="x706">915.19dp</dimen>
    <dimen name="x707">916.48dp</dimen>
    <dimen name="x708">917.78dp</dimen>
    <dimen name="x709">919.07dp</dimen>
    <dimen name="x710">920.37dp</dimen>
    <dimen name="x711">921.67dp</dimen>
    <dimen name="x712">922.96dp</dimen>
    <dimen name="x713">924.26dp</dimen>
    <dimen name="x714">925.56dp</dimen>
    <dimen name="x715">926.85dp</dimen>
    <dimen name="x716">928.15dp</dimen>
    <dimen name="x717">929.44dp</dimen>
    <dimen name="x718">930.74dp</dimen>
    <dimen name="x719">932.04dp</dimen>
    <dimen name="x720">933.33dp</dimen>
    <dimen name="x721">934.63dp</dimen>
    <dimen name="x722">935.93dp</dimen>
    <dimen name="x723">937.22dp</dimen>
    <dimen name="x724">938.52dp</dimen>
    <dimen name="x725">939.81dp</dimen>
    <dimen name="x726">941.11dp</dimen>
    <dimen name="x727">942.41dp</dimen>
    <dimen name="x728">943.70dp</dimen>
    <dimen name="x729">945.00dp</dimen>
    <dimen name="x730">946.30dp</dimen>
    <dimen name="x731">947.59dp</dimen>
    <dimen name="x732">948.89dp</dimen>
    <dimen name="x733">950.19dp</dimen>
    <dimen name="x734">951.48dp</dimen>
    <dimen name="x735">952.78dp</dimen>
    <dimen name="x736">954.07dp</dimen>
    <dimen name="x737">955.37dp</dimen>
    <dimen name="x738">956.67dp</dimen>
    <dimen name="x739">957.96dp</dimen>
    <dimen name="x740">959.26dp</dimen>
    <dimen name="x741">960.56dp</dimen>
    <dimen name="x742">961.85dp</dimen>
    <dimen name="x743">963.15dp</dimen>
    <dimen name="x744">964.44dp</dimen>
    <dimen name="x745">965.74dp</dimen>
    <dimen name="x746">967.04dp</dimen>
    <dimen name="x747">968.33dp</dimen>
    <dimen name="x748">969.63dp</dimen>
    <dimen name="x749">970.93dp</dimen>
    <dimen name="x750">972.22dp</dimen>
    <dimen name="x751">973.52dp</dimen>
    <dimen name="x752">974.81dp</dimen>
    <dimen name="x753">976.11dp</dimen>
    <dimen name="x754">977.41dp</dimen>
    <dimen name="x755">978.70dp</dimen>
    <dimen name="x756">980.00dp</dimen>
    <dimen name="x757">981.30dp</dimen>
    <dimen name="x758">982.59dp</dimen>
    <dimen name="x759">983.89dp</dimen>
    <dimen name="x760">985.19dp</dimen>
    <dimen name="x761">986.48dp</dimen>
    <dimen name="x762">987.78dp</dimen>
    <dimen name="x763">989.07dp</dimen>
    <dimen name="x764">990.37dp</dimen>
    <dimen name="x765">991.67dp</dimen>
    <dimen name="x766">992.96dp</dimen>
    <dimen name="x767">994.26dp</dimen>
    <dimen name="x768">995.56dp</dimen>
    <dimen name="x769">996.85dp</dimen>
    <dimen name="x770">998.15dp</dimen>
    <dimen name="x771">999.44dp</dimen>
    <dimen name="x772">1000.74dp</dimen>
    <dimen name="x773">1002.04dp</dimen>
    <dimen name="x774">1003.33dp</dimen>
    <dimen name="x775">1004.63dp</dimen>
    <dimen name="x776">1005.93dp</dimen>
    <dimen name="x777">1007.22dp</dimen>
    <dimen name="x778">1008.52dp</dimen>
    <dimen name="x779">1009.81dp</dimen>
    <dimen name="x780">1011.11dp</dimen>
    <dimen name="x781">1012.41dp</dimen>
    <dimen name="x782">1013.70dp</dimen>
    <dimen name="x783">1015.00dp</dimen>
    <dimen name="x784">1016.30dp</dimen>
    <dimen name="x785">1017.59dp</dimen>
    <dimen name="x786">1018.89dp</dimen>
    <dimen name="x787">1020.19dp</dimen>
    <dimen name="x788">1021.48dp</dimen>
    <dimen name="x789">1022.78dp</dimen>
    <dimen name="x790">1024.07dp</dimen>
    <dimen name="x791">1025.37dp</dimen>
    <dimen name="x792">1026.67dp</dimen>
    <dimen name="x793">1027.96dp</dimen>
    <dimen name="x794">1029.26dp</dimen>
    <dimen name="x795">1030.56dp</dimen>
    <dimen name="x796">1031.85dp</dimen>
    <dimen name="x797">1033.15dp</dimen>
    <dimen name="x798">1034.44dp</dimen>
    <dimen name="x799">1035.74dp</dimen>
    <dimen name="x800">1037.04dp</dimen>
    <dimen name="x801">1038.33dp</dimen>
    <dimen name="x802">1039.63dp</dimen>
    <dimen name="x803">1040.93dp</dimen>
    <dimen name="x804">1042.22dp</dimen>
    <dimen name="x805">1043.52dp</dimen>
    <dimen name="x806">1044.81dp</dimen>
    <dimen name="x807">1046.11dp</dimen>
    <dimen name="x808">1047.41dp</dimen>
    <dimen name="x809">1048.70dp</dimen>
    <dimen name="x810">1050.00dp</dimen>
    <dimen name="x811">1051.30dp</dimen>
    <dimen name="x812">1052.59dp</dimen>
    <dimen name="x813">1053.89dp</dimen>
    <dimen name="x814">1055.19dp</dimen>
    <dimen name="x815">1056.48dp</dimen>
    <dimen name="x816">1057.78dp</dimen>
    <dimen name="x817">1059.07dp</dimen>
    <dimen name="x818">1060.37dp</dimen>
    <dimen name="x819">1061.67dp</dimen>
    <dimen name="x820">1062.96dp</dimen>
    <dimen name="x821">1064.26dp</dimen>
    <dimen name="x822">1065.56dp</dimen>
    <dimen name="x823">1066.85dp</dimen>
    <dimen name="x824">1068.15dp</dimen>
    <dimen name="x825">1069.44dp</dimen>
    <dimen name="x826">1070.74dp</dimen>
    <dimen name="x827">1072.04dp</dimen>
    <dimen name="x828">1073.33dp</dimen>
    <dimen name="x829">1074.63dp</dimen>
    <dimen name="x830">1075.93dp</dimen>
    <dimen name="x831">1077.22dp</dimen>
    <dimen name="x832">1078.52dp</dimen>
    <dimen name="x833">1079.81dp</dimen>
    <dimen name="x834">1081.11dp</dimen>
    <dimen name="x835">1082.41dp</dimen>
    <dimen name="x836">1083.70dp</dimen>
    <dimen name="x837">1085.00dp</dimen>
    <dimen name="x838">1086.30dp</dimen>
    <dimen name="x839">1087.59dp</dimen>
    <dimen name="x840">1088.89dp</dimen>
    <dimen name="x841">1090.19dp</dimen>
    <dimen name="x842">1091.48dp</dimen>
    <dimen name="x843">1092.78dp</dimen>
    <dimen name="x844">1094.07dp</dimen>
    <dimen name="x845">1095.37dp</dimen>
    <dimen name="x846">1096.67dp</dimen>
    <dimen name="x847">1097.96dp</dimen>
    <dimen name="x848">1099.26dp</dimen>
    <dimen name="x849">1100.56dp</dimen>
    <dimen name="x850">1101.85dp</dimen>
    <dimen name="x851">1103.15dp</dimen>
    <dimen name="x852">1104.44dp</dimen>
    <dimen name="x853">1105.74dp</dimen>
    <dimen name="x854">1107.04dp</dimen>
    <dimen name="x855">1108.33dp</dimen>
    <dimen name="x856">1109.63dp</dimen>
    <dimen name="x857">1110.93dp</dimen>
    <dimen name="x858">1112.22dp</dimen>
    <dimen name="x859">1113.52dp</dimen>
    <dimen name="x860">1114.81dp</dimen>
    <dimen name="x861">1116.11dp</dimen>
    <dimen name="x862">1117.41dp</dimen>
    <dimen name="x863">1118.70dp</dimen>
    <dimen name="x864">1120.00dp</dimen>
    <dimen name="x865">1121.30dp</dimen>
    <dimen name="x866">1122.59dp</dimen>
    <dimen name="x867">1123.89dp</dimen>
    <dimen name="x868">1125.19dp</dimen>
    <dimen name="x869">1126.48dp</dimen>
    <dimen name="x870">1127.78dp</dimen>
    <dimen name="x871">1129.07dp</dimen>
    <dimen name="x872">1130.37dp</dimen>
    <dimen name="x873">1131.67dp</dimen>
    <dimen name="x874">1132.96dp</dimen>
    <dimen name="x875">1134.26dp</dimen>
    <dimen name="x876">1135.56dp</dimen>
    <dimen name="x877">1136.85dp</dimen>
    <dimen name="x878">1138.15dp</dimen>
    <dimen name="x879">1139.44dp</dimen>
    <dimen name="x880">1140.74dp</dimen>
    <dimen name="x881">1142.04dp</dimen>
    <dimen name="x882">1143.33dp</dimen>
    <dimen name="x883">1144.63dp</dimen>
    <dimen name="x884">1145.93dp</dimen>
    <dimen name="x885">1147.22dp</dimen>
    <dimen name="x886">1148.52dp</dimen>
    <dimen name="x887">1149.81dp</dimen>
    <dimen name="x888">1151.11dp</dimen>
    <dimen name="x889">1152.41dp</dimen>
    <dimen name="x890">1153.70dp</dimen>
    <dimen name="x891">1155.00dp</dimen>
    <dimen name="x892">1156.30dp</dimen>
    <dimen name="x893">1157.59dp</dimen>
    <dimen name="x894">1158.89dp</dimen>
    <dimen name="x895">1160.19dp</dimen>
    <dimen name="x896">1161.48dp</dimen>
    <dimen name="x897">1162.78dp</dimen>
    <dimen name="x898">1164.07dp</dimen>
    <dimen name="x899">1165.37dp</dimen>
    <dimen name="x900">1166.67dp</dimen>
    <dimen name="x901">1167.96dp</dimen>
    <dimen name="x902">1169.26dp</dimen>
    <dimen name="x903">1170.56dp</dimen>
    <dimen name="x904">1171.85dp</dimen>
    <dimen name="x905">1173.15dp</dimen>
    <dimen name="x906">1174.44dp</dimen>
    <dimen name="x907">1175.74dp</dimen>
    <dimen name="x908">1177.04dp</dimen>
    <dimen name="x909">1178.33dp</dimen>
    <dimen name="x910">1179.63dp</dimen>
    <dimen name="x911">1180.93dp</dimen>
    <dimen name="x912">1182.22dp</dimen>
    <dimen name="x913">1183.52dp</dimen>
    <dimen name="x914">1184.81dp</dimen>
    <dimen name="x915">1186.11dp</dimen>
    <dimen name="x916">1187.41dp</dimen>
    <dimen name="x917">1188.70dp</dimen>
    <dimen name="x918">1190.00dp</dimen>
    <dimen name="x919">1191.30dp</dimen>
    <dimen name="x920">1192.59dp</dimen>
    <dimen name="x921">1193.89dp</dimen>
    <dimen name="x922">1195.19dp</dimen>
    <dimen name="x923">1196.48dp</dimen>
    <dimen name="x924">1197.78dp</dimen>
    <dimen name="x925">1199.07dp</dimen>
    <dimen name="x926">1200.37dp</dimen>
    <dimen name="x927">1201.67dp</dimen>
    <dimen name="x928">1202.96dp</dimen>
    <dimen name="x929">1204.26dp</dimen>
    <dimen name="x930">1205.56dp</dimen>
    <dimen name="x931">1206.85dp</dimen>
    <dimen name="x932">1208.15dp</dimen>
    <dimen name="x933">1209.44dp</dimen>
    <dimen name="x934">1210.74dp</dimen>
    <dimen name="x935">1212.04dp</dimen>
    <dimen name="x936">1213.33dp</dimen>
    <dimen name="x937">1214.63dp</dimen>
    <dimen name="x938">1215.93dp</dimen>
    <dimen name="x939">1217.22dp</dimen>
    <dimen name="x940">1218.52dp</dimen>
    <dimen name="x941">1219.81dp</dimen>
    <dimen name="x942">1221.11dp</dimen>
    <dimen name="x943">1222.41dp</dimen>
    <dimen name="x944">1223.70dp</dimen>
    <dimen name="x945">1225.00dp</dimen>
    <dimen name="x946">1226.30dp</dimen>
    <dimen name="x947">1227.59dp</dimen>
    <dimen name="x948">1228.89dp</dimen>
    <dimen name="x949">1230.19dp</dimen>
    <dimen name="x950">1231.48dp</dimen>
    <dimen name="x951">1232.78dp</dimen>
    <dimen name="x952">1234.07dp</dimen>
    <dimen name="x953">1235.37dp</dimen>
    <dimen name="x954">1236.67dp</dimen>
    <dimen name="x955">1237.96dp</dimen>
    <dimen name="x956">1239.26dp</dimen>
    <dimen name="x957">1240.56dp</dimen>
    <dimen name="x958">1241.85dp</dimen>
    <dimen name="x959">1243.15dp</dimen>
    <dimen name="x960">1244.44dp</dimen>
    <dimen name="x961">1245.74dp</dimen>
    <dimen name="x962">1247.04dp</dimen>
    <dimen name="x963">1248.33dp</dimen>
    <dimen name="x964">1249.63dp</dimen>
    <dimen name="x965">1250.93dp</dimen>
    <dimen name="x966">1252.22dp</dimen>
    <dimen name="x967">1253.52dp</dimen>
    <dimen name="x968">1254.81dp</dimen>
    <dimen name="x969">1256.11dp</dimen>
    <dimen name="x970">1257.41dp</dimen>
    <dimen name="x971">1258.70dp</dimen>
    <dimen name="x972">1260.00dp</dimen>
    <dimen name="x973">1261.30dp</dimen>
    <dimen name="x974">1262.59dp</dimen>
    <dimen name="x975">1263.89dp</dimen>
    <dimen name="x976">1265.19dp</dimen>
    <dimen name="x977">1266.48dp</dimen>
    <dimen name="x978">1267.78dp</dimen>
    <dimen name="x979">1269.07dp</dimen>
    <dimen name="x980">1270.37dp</dimen>
    <dimen name="x981">1271.67dp</dimen>
    <dimen name="x982">1272.96dp</dimen>
    <dimen name="x983">1274.26dp</dimen>
    <dimen name="x984">1275.56dp</dimen>
    <dimen name="x985">1276.85dp</dimen>
    <dimen name="x986">1278.15dp</dimen>
    <dimen name="x987">1279.44dp</dimen>
    <dimen name="x988">1280.74dp</dimen>
    <dimen name="x989">1282.04dp</dimen>
    <dimen name="x990">1283.33dp</dimen>
    <dimen name="x991">1284.63dp</dimen>
    <dimen name="x992">1285.93dp</dimen>
    <dimen name="x993">1287.22dp</dimen>
    <dimen name="x994">1288.52dp</dimen>
    <dimen name="x995">1289.81dp</dimen>
    <dimen name="x996">1291.11dp</dimen>
    <dimen name="x997">1292.41dp</dimen>
    <dimen name="x998">1293.70dp</dimen>
    <dimen name="x999">1295.00dp</dimen>
    <dimen name="x1000">1296.30dp</dimen>
    <dimen name="x1001">1297.59dp</dimen>
    <dimen name="x1002">1298.89dp</dimen>
    <dimen name="x1003">1300.19dp</dimen>
    <dimen name="x1004">1301.48dp</dimen>
    <dimen name="x1005">1302.78dp</dimen>
    <dimen name="x1006">1304.07dp</dimen>
    <dimen name="x1007">1305.37dp</dimen>
    <dimen name="x1008">1306.67dp</dimen>
    <dimen name="x1009">1307.96dp</dimen>
    <dimen name="x1010">1309.26dp</dimen>
    <dimen name="x1011">1310.56dp</dimen>
    <dimen name="x1012">1311.85dp</dimen>
    <dimen name="x1013">1313.15dp</dimen>
    <dimen name="x1014">1314.44dp</dimen>
    <dimen name="x1015">1315.74dp</dimen>
    <dimen name="x1016">1317.04dp</dimen>
    <dimen name="x1017">1318.33dp</dimen>
    <dimen name="x1018">1319.63dp</dimen>
    <dimen name="x1019">1320.93dp</dimen>
    <dimen name="x1020">1322.22dp</dimen>
    <dimen name="x1021">1323.52dp</dimen>
    <dimen name="x1022">1324.81dp</dimen>
    <dimen name="x1023">1326.11dp</dimen>
    <dimen name="x1024">1327.41dp</dimen>
    <dimen name="x1025">1328.70dp</dimen>
    <dimen name="x1026">1330.00dp</dimen>
    <dimen name="x1027">1331.30dp</dimen>
    <dimen name="x1028">1332.59dp</dimen>
    <dimen name="x1029">1333.89dp</dimen>
    <dimen name="x1030">1335.19dp</dimen>
    <dimen name="x1031">1336.48dp</dimen>
    <dimen name="x1032">1337.78dp</dimen>
    <dimen name="x1033">1339.07dp</dimen>
    <dimen name="x1034">1340.37dp</dimen>
    <dimen name="x1035">1341.67dp</dimen>
    <dimen name="x1036">1342.96dp</dimen>
    <dimen name="x1037">1344.26dp</dimen>
    <dimen name="x1038">1345.56dp</dimen>
    <dimen name="x1039">1346.85dp</dimen>
    <dimen name="x1040">1348.15dp</dimen>
    <dimen name="x1041">1349.44dp</dimen>
    <dimen name="x1042">1350.74dp</dimen>
    <dimen name="x1043">1352.04dp</dimen>
    <dimen name="x1044">1353.33dp</dimen>
    <dimen name="x1045">1354.63dp</dimen>
    <dimen name="x1046">1355.93dp</dimen>
    <dimen name="x1047">1357.22dp</dimen>
    <dimen name="x1048">1358.52dp</dimen>
    <dimen name="x1049">1359.81dp</dimen>
    <dimen name="x1050">1361.11dp</dimen>
    <dimen name="x1051">1362.41dp</dimen>
    <dimen name="x1052">1363.70dp</dimen>
    <dimen name="x1053">1365.00dp</dimen>
    <dimen name="x1054">1366.30dp</dimen>
    <dimen name="x1055">1367.59dp</dimen>
    <dimen name="x1056">1368.89dp</dimen>
    <dimen name="x1057">1370.19dp</dimen>
    <dimen name="x1058">1371.48dp</dimen>
    <dimen name="x1059">1372.78dp</dimen>
    <dimen name="x1060">1374.07dp</dimen>
    <dimen name="x1061">1375.37dp</dimen>
    <dimen name="x1062">1376.67dp</dimen>
    <dimen name="x1063">1377.96dp</dimen>
    <dimen name="x1064">1379.26dp</dimen>
    <dimen name="x1065">1380.56dp</dimen>
    <dimen name="x1066">1381.85dp</dimen>
    <dimen name="x1067">1383.15dp</dimen>
    <dimen name="x1068">1384.44dp</dimen>
    <dimen name="x1069">1385.74dp</dimen>
    <dimen name="x1070">1387.04dp</dimen>
    <dimen name="x1071">1388.33dp</dimen>
    <dimen name="x1072">1389.63dp</dimen>
    <dimen name="x1073">1390.93dp</dimen>
    <dimen name="x1074">1392.22dp</dimen>
    <dimen name="x1075">1393.52dp</dimen>
    <dimen name="x1076">1394.81dp</dimen>
    <dimen name="x1077">1396.11dp</dimen>
    <dimen name="x1078">1397.41dp</dimen>
    <dimen name="x1079">1398.70dp</dimen>
    <dimen name="x1080">1400.00dp</dimen>
</resources>