<?xml version="1.0" encoding="utf-8"?>
<resources>
    <string name="sw_dp">750dp</string>
    <dimen name="x1">0.69dp</dimen>
    <dimen name="x2">1.39dp</dimen>
    <dimen name="x3">2.08dp</dimen>
    <dimen name="x4">2.78dp</dimen>
    <dimen name="x5">3.47dp</dimen>
    <dimen name="x6">4.17dp</dimen>
    <dimen name="x7">4.86dp</dimen>
    <dimen name="x8">5.56dp</dimen>
    <dimen name="x9">6.25dp</dimen>
    <dimen name="x10">6.94dp</dimen>
    <dimen name="x11">7.64dp</dimen>
    <dimen name="x12">8.33dp</dimen>
    <dimen name="x13">9.03dp</dimen>
    <dimen name="x14">9.72dp</dimen>
    <dimen name="x15">10.42dp</dimen>
    <dimen name="x16">11.11dp</dimen>
    <dimen name="x17">11.81dp</dimen>
    <dimen name="x18">12.50dp</dimen>
    <dimen name="x19">13.19dp</dimen>
    <dimen name="x20">13.89dp</dimen>
    <dimen name="x21">14.58dp</dimen>
    <dimen name="x22">15.28dp</dimen>
    <dimen name="x23">15.97dp</dimen>
    <dimen name="x24">16.67dp</dimen>
    <dimen name="x25">17.36dp</dimen>
    <dimen name="x26">18.06dp</dimen>
    <dimen name="x27">18.75dp</dimen>
    <dimen name="x28">19.44dp</dimen>
    <dimen name="x29">20.14dp</dimen>
    <dimen name="x30">20.83dp</dimen>
    <dimen name="x31">21.53dp</dimen>
    <dimen name="x32">22.22dp</dimen>
    <dimen name="x33">22.92dp</dimen>
    <dimen name="x34">23.61dp</dimen>
    <dimen name="x35">24.31dp</dimen>
    <dimen name="x36">25.00dp</dimen>
    <dimen name="x37">25.69dp</dimen>
    <dimen name="x38">26.39dp</dimen>
    <dimen name="x39">27.08dp</dimen>
    <dimen name="x40">27.78dp</dimen>
    <dimen name="x41">28.47dp</dimen>
    <dimen name="x42">29.17dp</dimen>
    <dimen name="x43">29.86dp</dimen>
    <dimen name="x44">30.56dp</dimen>
    <dimen name="x45">31.25dp</dimen>
    <dimen name="x46">31.94dp</dimen>
    <dimen name="x47">32.64dp</dimen>
    <dimen name="x48">33.33dp</dimen>
    <dimen name="x49">34.03dp</dimen>
    <dimen name="x50">34.72dp</dimen>
    <dimen name="x51">35.42dp</dimen>
    <dimen name="x52">36.11dp</dimen>
    <dimen name="x53">36.81dp</dimen>
    <dimen name="x54">37.50dp</dimen>
    <dimen name="x55">38.19dp</dimen>
    <dimen name="x56">38.89dp</dimen>
    <dimen name="x57">39.58dp</dimen>
    <dimen name="x58">40.28dp</dimen>
    <dimen name="x59">40.97dp</dimen>
    <dimen name="x60">41.67dp</dimen>
    <dimen name="x61">42.36dp</dimen>
    <dimen name="x62">43.06dp</dimen>
    <dimen name="x63">43.75dp</dimen>
    <dimen name="x64">44.44dp</dimen>
    <dimen name="x65">45.14dp</dimen>
    <dimen name="x66">45.83dp</dimen>
    <dimen name="x67">46.53dp</dimen>
    <dimen name="x68">47.22dp</dimen>
    <dimen name="x69">47.92dp</dimen>
    <dimen name="x70">48.61dp</dimen>
    <dimen name="x71">49.31dp</dimen>
    <dimen name="x72">50.00dp</dimen>
    <dimen name="x73">50.69dp</dimen>
    <dimen name="x74">51.39dp</dimen>
    <dimen name="x75">52.08dp</dimen>
    <dimen name="x76">52.78dp</dimen>
    <dimen name="x77">53.47dp</dimen>
    <dimen name="x78">54.17dp</dimen>
    <dimen name="x79">54.86dp</dimen>
    <dimen name="x80">55.56dp</dimen>
    <dimen name="x81">56.25dp</dimen>
    <dimen name="x82">56.94dp</dimen>
    <dimen name="x83">57.64dp</dimen>
    <dimen name="x84">58.33dp</dimen>
    <dimen name="x85">59.03dp</dimen>
    <dimen name="x86">59.72dp</dimen>
    <dimen name="x87">60.42dp</dimen>
    <dimen name="x88">61.11dp</dimen>
    <dimen name="x89">61.81dp</dimen>
    <dimen name="x90">62.50dp</dimen>
    <dimen name="x91">63.19dp</dimen>
    <dimen name="x92">63.89dp</dimen>
    <dimen name="x93">64.58dp</dimen>
    <dimen name="x94">65.28dp</dimen>
    <dimen name="x95">65.97dp</dimen>
    <dimen name="x96">66.67dp</dimen>
    <dimen name="x97">67.36dp</dimen>
    <dimen name="x98">68.06dp</dimen>
    <dimen name="x99">68.75dp</dimen>
    <dimen name="x100">69.44dp</dimen>
    <dimen name="x101">70.14dp</dimen>
    <dimen name="x102">70.83dp</dimen>
    <dimen name="x103">71.53dp</dimen>
    <dimen name="x104">72.22dp</dimen>
    <dimen name="x105">72.92dp</dimen>
    <dimen name="x106">73.61dp</dimen>
    <dimen name="x107">74.31dp</dimen>
    <dimen name="x108">75.00dp</dimen>
    <dimen name="x109">75.69dp</dimen>
    <dimen name="x110">76.39dp</dimen>
    <dimen name="x111">77.08dp</dimen>
    <dimen name="x112">77.78dp</dimen>
    <dimen name="x113">78.47dp</dimen>
    <dimen name="x114">79.17dp</dimen>
    <dimen name="x115">79.86dp</dimen>
    <dimen name="x116">80.56dp</dimen>
    <dimen name="x117">81.25dp</dimen>
    <dimen name="x118">81.94dp</dimen>
    <dimen name="x119">82.64dp</dimen>
    <dimen name="x120">83.33dp</dimen>
    <dimen name="x121">84.03dp</dimen>
    <dimen name="x122">84.72dp</dimen>
    <dimen name="x123">85.42dp</dimen>
    <dimen name="x124">86.11dp</dimen>
    <dimen name="x125">86.81dp</dimen>
    <dimen name="x126">87.50dp</dimen>
    <dimen name="x127">88.19dp</dimen>
    <dimen name="x128">88.89dp</dimen>
    <dimen name="x129">89.58dp</dimen>
    <dimen name="x130">90.28dp</dimen>
    <dimen name="x131">90.97dp</dimen>
    <dimen name="x132">91.67dp</dimen>
    <dimen name="x133">92.36dp</dimen>
    <dimen name="x134">93.06dp</dimen>
    <dimen name="x135">93.75dp</dimen>
    <dimen name="x136">94.44dp</dimen>
    <dimen name="x137">95.14dp</dimen>
    <dimen name="x138">95.83dp</dimen>
    <dimen name="x139">96.53dp</dimen>
    <dimen name="x140">97.22dp</dimen>
    <dimen name="x141">97.92dp</dimen>
    <dimen name="x142">98.61dp</dimen>
    <dimen name="x143">99.31dp</dimen>
    <dimen name="x144">100.00dp</dimen>
    <dimen name="x145">100.69dp</dimen>
    <dimen name="x146">101.39dp</dimen>
    <dimen name="x147">102.08dp</dimen>
    <dimen name="x148">102.78dp</dimen>
    <dimen name="x149">103.47dp</dimen>
    <dimen name="x150">104.17dp</dimen>
    <dimen name="x151">104.86dp</dimen>
    <dimen name="x152">105.56dp</dimen>
    <dimen name="x153">106.25dp</dimen>
    <dimen name="x154">106.94dp</dimen>
    <dimen name="x155">107.64dp</dimen>
    <dimen name="x156">108.33dp</dimen>
    <dimen name="x157">109.03dp</dimen>
    <dimen name="x158">109.72dp</dimen>
    <dimen name="x159">110.42dp</dimen>
    <dimen name="x160">111.11dp</dimen>
    <dimen name="x161">111.81dp</dimen>
    <dimen name="x162">112.50dp</dimen>
    <dimen name="x163">113.19dp</dimen>
    <dimen name="x164">113.89dp</dimen>
    <dimen name="x165">114.58dp</dimen>
    <dimen name="x166">115.28dp</dimen>
    <dimen name="x167">115.97dp</dimen>
    <dimen name="x168">116.67dp</dimen>
    <dimen name="x169">117.36dp</dimen>
    <dimen name="x170">118.06dp</dimen>
    <dimen name="x171">118.75dp</dimen>
    <dimen name="x172">119.44dp</dimen>
    <dimen name="x173">120.14dp</dimen>
    <dimen name="x174">120.83dp</dimen>
    <dimen name="x175">121.53dp</dimen>
    <dimen name="x176">122.22dp</dimen>
    <dimen name="x177">122.92dp</dimen>
    <dimen name="x178">123.61dp</dimen>
    <dimen name="x179">124.31dp</dimen>
    <dimen name="x180">125.00dp</dimen>
    <dimen name="x181">125.69dp</dimen>
    <dimen name="x182">126.39dp</dimen>
    <dimen name="x183">127.08dp</dimen>
    <dimen name="x184">127.78dp</dimen>
    <dimen name="x185">128.47dp</dimen>
    <dimen name="x186">129.17dp</dimen>
    <dimen name="x187">129.86dp</dimen>
    <dimen name="x188">130.56dp</dimen>
    <dimen name="x189">131.25dp</dimen>
    <dimen name="x190">131.94dp</dimen>
    <dimen name="x191">132.64dp</dimen>
    <dimen name="x192">133.33dp</dimen>
    <dimen name="x193">134.03dp</dimen>
    <dimen name="x194">134.72dp</dimen>
    <dimen name="x195">135.42dp</dimen>
    <dimen name="x196">136.11dp</dimen>
    <dimen name="x197">136.81dp</dimen>
    <dimen name="x198">137.50dp</dimen>
    <dimen name="x199">138.19dp</dimen>
    <dimen name="x200">138.89dp</dimen>
    <dimen name="x201">139.58dp</dimen>
    <dimen name="x202">140.28dp</dimen>
    <dimen name="x203">140.97dp</dimen>
    <dimen name="x204">141.67dp</dimen>
    <dimen name="x205">142.36dp</dimen>
    <dimen name="x206">143.06dp</dimen>
    <dimen name="x207">143.75dp</dimen>
    <dimen name="x208">144.44dp</dimen>
    <dimen name="x209">145.14dp</dimen>
    <dimen name="x210">145.83dp</dimen>
    <dimen name="x211">146.53dp</dimen>
    <dimen name="x212">147.22dp</dimen>
    <dimen name="x213">147.92dp</dimen>
    <dimen name="x214">148.61dp</dimen>
    <dimen name="x215">149.31dp</dimen>
    <dimen name="x216">150.00dp</dimen>
    <dimen name="x217">150.69dp</dimen>
    <dimen name="x218">151.39dp</dimen>
    <dimen name="x219">152.08dp</dimen>
    <dimen name="x220">152.78dp</dimen>
    <dimen name="x221">153.47dp</dimen>
    <dimen name="x222">154.17dp</dimen>
    <dimen name="x223">154.86dp</dimen>
    <dimen name="x224">155.56dp</dimen>
    <dimen name="x225">156.25dp</dimen>
    <dimen name="x226">156.94dp</dimen>
    <dimen name="x227">157.64dp</dimen>
    <dimen name="x228">158.33dp</dimen>
    <dimen name="x229">159.03dp</dimen>
    <dimen name="x230">159.72dp</dimen>
    <dimen name="x231">160.42dp</dimen>
    <dimen name="x232">161.11dp</dimen>
    <dimen name="x233">161.81dp</dimen>
    <dimen name="x234">162.50dp</dimen>
    <dimen name="x235">163.19dp</dimen>
    <dimen name="x236">163.89dp</dimen>
    <dimen name="x237">164.58dp</dimen>
    <dimen name="x238">165.28dp</dimen>
    <dimen name="x239">165.97dp</dimen>
    <dimen name="x240">166.67dp</dimen>
    <dimen name="x241">167.36dp</dimen>
    <dimen name="x242">168.06dp</dimen>
    <dimen name="x243">168.75dp</dimen>
    <dimen name="x244">169.44dp</dimen>
    <dimen name="x245">170.14dp</dimen>
    <dimen name="x246">170.83dp</dimen>
    <dimen name="x247">171.53dp</dimen>
    <dimen name="x248">172.22dp</dimen>
    <dimen name="x249">172.92dp</dimen>
    <dimen name="x250">173.61dp</dimen>
    <dimen name="x251">174.31dp</dimen>
    <dimen name="x252">175.00dp</dimen>
    <dimen name="x253">175.69dp</dimen>
    <dimen name="x254">176.39dp</dimen>
    <dimen name="x255">177.08dp</dimen>
    <dimen name="x256">177.78dp</dimen>
    <dimen name="x257">178.47dp</dimen>
    <dimen name="x258">179.17dp</dimen>
    <dimen name="x259">179.86dp</dimen>
    <dimen name="x260">180.56dp</dimen>
    <dimen name="x261">181.25dp</dimen>
    <dimen name="x262">181.94dp</dimen>
    <dimen name="x263">182.64dp</dimen>
    <dimen name="x264">183.33dp</dimen>
    <dimen name="x265">184.03dp</dimen>
    <dimen name="x266">184.72dp</dimen>
    <dimen name="x267">185.42dp</dimen>
    <dimen name="x268">186.11dp</dimen>
    <dimen name="x269">186.81dp</dimen>
    <dimen name="x270">187.50dp</dimen>
    <dimen name="x271">188.19dp</dimen>
    <dimen name="x272">188.89dp</dimen>
    <dimen name="x273">189.58dp</dimen>
    <dimen name="x274">190.28dp</dimen>
    <dimen name="x275">190.97dp</dimen>
    <dimen name="x276">191.67dp</dimen>
    <dimen name="x277">192.36dp</dimen>
    <dimen name="x278">193.06dp</dimen>
    <dimen name="x279">193.75dp</dimen>
    <dimen name="x280">194.44dp</dimen>
    <dimen name="x281">195.14dp</dimen>
    <dimen name="x282">195.83dp</dimen>
    <dimen name="x283">196.53dp</dimen>
    <dimen name="x284">197.22dp</dimen>
    <dimen name="x285">197.92dp</dimen>
    <dimen name="x286">198.61dp</dimen>
    <dimen name="x287">199.31dp</dimen>
    <dimen name="x288">200.00dp</dimen>
    <dimen name="x289">200.69dp</dimen>
    <dimen name="x290">201.39dp</dimen>
    <dimen name="x291">202.08dp</dimen>
    <dimen name="x292">202.78dp</dimen>
    <dimen name="x293">203.47dp</dimen>
    <dimen name="x294">204.17dp</dimen>
    <dimen name="x295">204.86dp</dimen>
    <dimen name="x296">205.56dp</dimen>
    <dimen name="x297">206.25dp</dimen>
    <dimen name="x298">206.94dp</dimen>
    <dimen name="x299">207.64dp</dimen>
    <dimen name="x300">208.33dp</dimen>
    <dimen name="x301">209.03dp</dimen>
    <dimen name="x302">209.72dp</dimen>
    <dimen name="x303">210.42dp</dimen>
    <dimen name="x304">211.11dp</dimen>
    <dimen name="x305">211.81dp</dimen>
    <dimen name="x306">212.50dp</dimen>
    <dimen name="x307">213.19dp</dimen>
    <dimen name="x308">213.89dp</dimen>
    <dimen name="x309">214.58dp</dimen>
    <dimen name="x310">215.28dp</dimen>
    <dimen name="x311">215.97dp</dimen>
    <dimen name="x312">216.67dp</dimen>
    <dimen name="x313">217.36dp</dimen>
    <dimen name="x314">218.06dp</dimen>
    <dimen name="x315">218.75dp</dimen>
    <dimen name="x316">219.44dp</dimen>
    <dimen name="x317">220.14dp</dimen>
    <dimen name="x318">220.83dp</dimen>
    <dimen name="x319">221.53dp</dimen>
    <dimen name="x320">222.22dp</dimen>
    <dimen name="x321">222.92dp</dimen>
    <dimen name="x322">223.61dp</dimen>
    <dimen name="x323">224.31dp</dimen>
    <dimen name="x324">225.00dp</dimen>
    <dimen name="x325">225.69dp</dimen>
    <dimen name="x326">226.39dp</dimen>
    <dimen name="x327">227.08dp</dimen>
    <dimen name="x328">227.78dp</dimen>
    <dimen name="x329">228.47dp</dimen>
    <dimen name="x330">229.17dp</dimen>
    <dimen name="x331">229.86dp</dimen>
    <dimen name="x332">230.56dp</dimen>
    <dimen name="x333">231.25dp</dimen>
    <dimen name="x334">231.94dp</dimen>
    <dimen name="x335">232.64dp</dimen>
    <dimen name="x336">233.33dp</dimen>
    <dimen name="x337">234.03dp</dimen>
    <dimen name="x338">234.72dp</dimen>
    <dimen name="x339">235.42dp</dimen>
    <dimen name="x340">236.11dp</dimen>
    <dimen name="x341">236.81dp</dimen>
    <dimen name="x342">237.50dp</dimen>
    <dimen name="x343">238.19dp</dimen>
    <dimen name="x344">238.89dp</dimen>
    <dimen name="x345">239.58dp</dimen>
    <dimen name="x346">240.28dp</dimen>
    <dimen name="x347">240.97dp</dimen>
    <dimen name="x348">241.67dp</dimen>
    <dimen name="x349">242.36dp</dimen>
    <dimen name="x350">243.06dp</dimen>
    <dimen name="x351">243.75dp</dimen>
    <dimen name="x352">244.44dp</dimen>
    <dimen name="x353">245.14dp</dimen>
    <dimen name="x354">245.83dp</dimen>
    <dimen name="x355">246.53dp</dimen>
    <dimen name="x356">247.22dp</dimen>
    <dimen name="x357">247.92dp</dimen>
    <dimen name="x358">248.61dp</dimen>
    <dimen name="x359">249.31dp</dimen>
    <dimen name="x360">250.00dp</dimen>
    <dimen name="x361">250.69dp</dimen>
    <dimen name="x362">251.39dp</dimen>
    <dimen name="x363">252.08dp</dimen>
    <dimen name="x364">252.78dp</dimen>
    <dimen name="x365">253.47dp</dimen>
    <dimen name="x366">254.17dp</dimen>
    <dimen name="x367">254.86dp</dimen>
    <dimen name="x368">255.56dp</dimen>
    <dimen name="x369">256.25dp</dimen>
    <dimen name="x370">256.94dp</dimen>
    <dimen name="x371">257.64dp</dimen>
    <dimen name="x372">258.33dp</dimen>
    <dimen name="x373">259.03dp</dimen>
    <dimen name="x374">259.72dp</dimen>
    <dimen name="x375">260.42dp</dimen>
    <dimen name="x376">261.11dp</dimen>
    <dimen name="x377">261.81dp</dimen>
    <dimen name="x378">262.50dp</dimen>
    <dimen name="x379">263.19dp</dimen>
    <dimen name="x380">263.89dp</dimen>
    <dimen name="x381">264.58dp</dimen>
    <dimen name="x382">265.28dp</dimen>
    <dimen name="x383">265.97dp</dimen>
    <dimen name="x384">266.67dp</dimen>
    <dimen name="x385">267.36dp</dimen>
    <dimen name="x386">268.06dp</dimen>
    <dimen name="x387">268.75dp</dimen>
    <dimen name="x388">269.44dp</dimen>
    <dimen name="x389">270.14dp</dimen>
    <dimen name="x390">270.83dp</dimen>
    <dimen name="x391">271.53dp</dimen>
    <dimen name="x392">272.22dp</dimen>
    <dimen name="x393">272.92dp</dimen>
    <dimen name="x394">273.61dp</dimen>
    <dimen name="x395">274.31dp</dimen>
    <dimen name="x396">275.00dp</dimen>
    <dimen name="x397">275.69dp</dimen>
    <dimen name="x398">276.39dp</dimen>
    <dimen name="x399">277.08dp</dimen>
    <dimen name="x400">277.78dp</dimen>
    <dimen name="x401">278.47dp</dimen>
    <dimen name="x402">279.17dp</dimen>
    <dimen name="x403">279.86dp</dimen>
    <dimen name="x404">280.56dp</dimen>
    <dimen name="x405">281.25dp</dimen>
    <dimen name="x406">281.94dp</dimen>
    <dimen name="x407">282.64dp</dimen>
    <dimen name="x408">283.33dp</dimen>
    <dimen name="x409">284.03dp</dimen>
    <dimen name="x410">284.72dp</dimen>
    <dimen name="x411">285.42dp</dimen>
    <dimen name="x412">286.11dp</dimen>
    <dimen name="x413">286.81dp</dimen>
    <dimen name="x414">287.50dp</dimen>
    <dimen name="x415">288.19dp</dimen>
    <dimen name="x416">288.89dp</dimen>
    <dimen name="x417">289.58dp</dimen>
    <dimen name="x418">290.28dp</dimen>
    <dimen name="x419">290.97dp</dimen>
    <dimen name="x420">291.67dp</dimen>
    <dimen name="x421">292.36dp</dimen>
    <dimen name="x422">293.06dp</dimen>
    <dimen name="x423">293.75dp</dimen>
    <dimen name="x424">294.44dp</dimen>
    <dimen name="x425">295.14dp</dimen>
    <dimen name="x426">295.83dp</dimen>
    <dimen name="x427">296.53dp</dimen>
    <dimen name="x428">297.22dp</dimen>
    <dimen name="x429">297.92dp</dimen>
    <dimen name="x430">298.61dp</dimen>
    <dimen name="x431">299.31dp</dimen>
    <dimen name="x432">300.00dp</dimen>
    <dimen name="x433">300.69dp</dimen>
    <dimen name="x434">301.39dp</dimen>
    <dimen name="x435">302.08dp</dimen>
    <dimen name="x436">302.78dp</dimen>
    <dimen name="x437">303.47dp</dimen>
    <dimen name="x438">304.17dp</dimen>
    <dimen name="x439">304.86dp</dimen>
    <dimen name="x440">305.56dp</dimen>
    <dimen name="x441">306.25dp</dimen>
    <dimen name="x442">306.94dp</dimen>
    <dimen name="x443">307.64dp</dimen>
    <dimen name="x444">308.33dp</dimen>
    <dimen name="x445">309.03dp</dimen>
    <dimen name="x446">309.72dp</dimen>
    <dimen name="x447">310.42dp</dimen>
    <dimen name="x448">311.11dp</dimen>
    <dimen name="x449">311.81dp</dimen>
    <dimen name="x450">312.50dp</dimen>
    <dimen name="x451">313.19dp</dimen>
    <dimen name="x452">313.89dp</dimen>
    <dimen name="x453">314.58dp</dimen>
    <dimen name="x454">315.28dp</dimen>
    <dimen name="x455">315.97dp</dimen>
    <dimen name="x456">316.67dp</dimen>
    <dimen name="x457">317.36dp</dimen>
    <dimen name="x458">318.06dp</dimen>
    <dimen name="x459">318.75dp</dimen>
    <dimen name="x460">319.44dp</dimen>
    <dimen name="x461">320.14dp</dimen>
    <dimen name="x462">320.83dp</dimen>
    <dimen name="x463">321.53dp</dimen>
    <dimen name="x464">322.22dp</dimen>
    <dimen name="x465">322.92dp</dimen>
    <dimen name="x466">323.61dp</dimen>
    <dimen name="x467">324.31dp</dimen>
    <dimen name="x468">325.00dp</dimen>
    <dimen name="x469">325.69dp</dimen>
    <dimen name="x470">326.39dp</dimen>
    <dimen name="x471">327.08dp</dimen>
    <dimen name="x472">327.78dp</dimen>
    <dimen name="x473">328.47dp</dimen>
    <dimen name="x474">329.17dp</dimen>
    <dimen name="x475">329.86dp</dimen>
    <dimen name="x476">330.56dp</dimen>
    <dimen name="x477">331.25dp</dimen>
    <dimen name="x478">331.94dp</dimen>
    <dimen name="x479">332.64dp</dimen>
    <dimen name="x480">333.33dp</dimen>
    <dimen name="x481">334.03dp</dimen>
    <dimen name="x482">334.72dp</dimen>
    <dimen name="x483">335.42dp</dimen>
    <dimen name="x484">336.11dp</dimen>
    <dimen name="x485">336.81dp</dimen>
    <dimen name="x486">337.50dp</dimen>
    <dimen name="x487">338.19dp</dimen>
    <dimen name="x488">338.89dp</dimen>
    <dimen name="x489">339.58dp</dimen>
    <dimen name="x490">340.28dp</dimen>
    <dimen name="x491">340.97dp</dimen>
    <dimen name="x492">341.67dp</dimen>
    <dimen name="x493">342.36dp</dimen>
    <dimen name="x494">343.06dp</dimen>
    <dimen name="x495">343.75dp</dimen>
    <dimen name="x496">344.44dp</dimen>
    <dimen name="x497">345.14dp</dimen>
    <dimen name="x498">345.83dp</dimen>
    <dimen name="x499">346.53dp</dimen>
    <dimen name="x500">347.22dp</dimen>
    <dimen name="x501">347.92dp</dimen>
    <dimen name="x502">348.61dp</dimen>
    <dimen name="x503">349.31dp</dimen>
    <dimen name="x504">350.00dp</dimen>
    <dimen name="x505">350.69dp</dimen>
    <dimen name="x506">351.39dp</dimen>
    <dimen name="x507">352.08dp</dimen>
    <dimen name="x508">352.78dp</dimen>
    <dimen name="x509">353.47dp</dimen>
    <dimen name="x510">354.17dp</dimen>
    <dimen name="x511">354.86dp</dimen>
    <dimen name="x512">355.56dp</dimen>
    <dimen name="x513">356.25dp</dimen>
    <dimen name="x514">356.94dp</dimen>
    <dimen name="x515">357.64dp</dimen>
    <dimen name="x516">358.33dp</dimen>
    <dimen name="x517">359.03dp</dimen>
    <dimen name="x518">359.72dp</dimen>
    <dimen name="x519">360.42dp</dimen>
    <dimen name="x520">361.11dp</dimen>
    <dimen name="x521">361.81dp</dimen>
    <dimen name="x522">362.50dp</dimen>
    <dimen name="x523">363.19dp</dimen>
    <dimen name="x524">363.89dp</dimen>
    <dimen name="x525">364.58dp</dimen>
    <dimen name="x526">365.28dp</dimen>
    <dimen name="x527">365.97dp</dimen>
    <dimen name="x528">366.67dp</dimen>
    <dimen name="x529">367.36dp</dimen>
    <dimen name="x530">368.06dp</dimen>
    <dimen name="x531">368.75dp</dimen>
    <dimen name="x532">369.44dp</dimen>
    <dimen name="x533">370.14dp</dimen>
    <dimen name="x534">370.83dp</dimen>
    <dimen name="x535">371.53dp</dimen>
    <dimen name="x536">372.22dp</dimen>
    <dimen name="x537">372.92dp</dimen>
    <dimen name="x538">373.61dp</dimen>
    <dimen name="x539">374.31dp</dimen>
    <dimen name="x540">375.00dp</dimen>
    <dimen name="x541">375.69dp</dimen>
    <dimen name="x542">376.39dp</dimen>
    <dimen name="x543">377.08dp</dimen>
    <dimen name="x544">377.78dp</dimen>
    <dimen name="x545">378.47dp</dimen>
    <dimen name="x546">379.17dp</dimen>
    <dimen name="x547">379.86dp</dimen>
    <dimen name="x548">380.56dp</dimen>
    <dimen name="x549">381.25dp</dimen>
    <dimen name="x550">381.94dp</dimen>
    <dimen name="x551">382.64dp</dimen>
    <dimen name="x552">383.33dp</dimen>
    <dimen name="x553">384.03dp</dimen>
    <dimen name="x554">384.72dp</dimen>
    <dimen name="x555">385.42dp</dimen>
    <dimen name="x556">386.11dp</dimen>
    <dimen name="x557">386.81dp</dimen>
    <dimen name="x558">387.50dp</dimen>
    <dimen name="x559">388.19dp</dimen>
    <dimen name="x560">388.89dp</dimen>
    <dimen name="x561">389.58dp</dimen>
    <dimen name="x562">390.28dp</dimen>
    <dimen name="x563">390.97dp</dimen>
    <dimen name="x564">391.67dp</dimen>
    <dimen name="x565">392.36dp</dimen>
    <dimen name="x566">393.06dp</dimen>
    <dimen name="x567">393.75dp</dimen>
    <dimen name="x568">394.44dp</dimen>
    <dimen name="x569">395.14dp</dimen>
    <dimen name="x570">395.83dp</dimen>
    <dimen name="x571">396.53dp</dimen>
    <dimen name="x572">397.22dp</dimen>
    <dimen name="x573">397.92dp</dimen>
    <dimen name="x574">398.61dp</dimen>
    <dimen name="x575">399.31dp</dimen>
    <dimen name="x576">400.00dp</dimen>
    <dimen name="x577">400.69dp</dimen>
    <dimen name="x578">401.39dp</dimen>
    <dimen name="x579">402.08dp</dimen>
    <dimen name="x580">402.78dp</dimen>
    <dimen name="x581">403.47dp</dimen>
    <dimen name="x582">404.17dp</dimen>
    <dimen name="x583">404.86dp</dimen>
    <dimen name="x584">405.56dp</dimen>
    <dimen name="x585">406.25dp</dimen>
    <dimen name="x586">406.94dp</dimen>
    <dimen name="x587">407.64dp</dimen>
    <dimen name="x588">408.33dp</dimen>
    <dimen name="x589">409.03dp</dimen>
    <dimen name="x590">409.72dp</dimen>
    <dimen name="x591">410.42dp</dimen>
    <dimen name="x592">411.11dp</dimen>
    <dimen name="x593">411.81dp</dimen>
    <dimen name="x594">412.50dp</dimen>
    <dimen name="x595">413.19dp</dimen>
    <dimen name="x596">413.89dp</dimen>
    <dimen name="x597">414.58dp</dimen>
    <dimen name="x598">415.28dp</dimen>
    <dimen name="x599">415.97dp</dimen>
    <dimen name="x600">416.67dp</dimen>
    <dimen name="x601">417.36dp</dimen>
    <dimen name="x602">418.06dp</dimen>
    <dimen name="x603">418.75dp</dimen>
    <dimen name="x604">419.44dp</dimen>
    <dimen name="x605">420.14dp</dimen>
    <dimen name="x606">420.83dp</dimen>
    <dimen name="x607">421.53dp</dimen>
    <dimen name="x608">422.22dp</dimen>
    <dimen name="x609">422.92dp</dimen>
    <dimen name="x610">423.61dp</dimen>
    <dimen name="x611">424.31dp</dimen>
    <dimen name="x612">425.00dp</dimen>
    <dimen name="x613">425.69dp</dimen>
    <dimen name="x614">426.39dp</dimen>
    <dimen name="x615">427.08dp</dimen>
    <dimen name="x616">427.78dp</dimen>
    <dimen name="x617">428.47dp</dimen>
    <dimen name="x618">429.17dp</dimen>
    <dimen name="x619">429.86dp</dimen>
    <dimen name="x620">430.56dp</dimen>
    <dimen name="x621">431.25dp</dimen>
    <dimen name="x622">431.94dp</dimen>
    <dimen name="x623">432.64dp</dimen>
    <dimen name="x624">433.33dp</dimen>
    <dimen name="x625">434.03dp</dimen>
    <dimen name="x626">434.72dp</dimen>
    <dimen name="x627">435.42dp</dimen>
    <dimen name="x628">436.11dp</dimen>
    <dimen name="x629">436.81dp</dimen>
    <dimen name="x630">437.50dp</dimen>
    <dimen name="x631">438.19dp</dimen>
    <dimen name="x632">438.89dp</dimen>
    <dimen name="x633">439.58dp</dimen>
    <dimen name="x634">440.28dp</dimen>
    <dimen name="x635">440.97dp</dimen>
    <dimen name="x636">441.67dp</dimen>
    <dimen name="x637">442.36dp</dimen>
    <dimen name="x638">443.06dp</dimen>
    <dimen name="x639">443.75dp</dimen>
    <dimen name="x640">444.44dp</dimen>
    <dimen name="x641">445.14dp</dimen>
    <dimen name="x642">445.83dp</dimen>
    <dimen name="x643">446.53dp</dimen>
    <dimen name="x644">447.22dp</dimen>
    <dimen name="x645">447.92dp</dimen>
    <dimen name="x646">448.61dp</dimen>
    <dimen name="x647">449.31dp</dimen>
    <dimen name="x648">450.00dp</dimen>
    <dimen name="x649">450.69dp</dimen>
    <dimen name="x650">451.39dp</dimen>
    <dimen name="x651">452.08dp</dimen>
    <dimen name="x652">452.78dp</dimen>
    <dimen name="x653">453.47dp</dimen>
    <dimen name="x654">454.17dp</dimen>
    <dimen name="x655">454.86dp</dimen>
    <dimen name="x656">455.56dp</dimen>
    <dimen name="x657">456.25dp</dimen>
    <dimen name="x658">456.94dp</dimen>
    <dimen name="x659">457.64dp</dimen>
    <dimen name="x660">458.33dp</dimen>
    <dimen name="x661">459.03dp</dimen>
    <dimen name="x662">459.72dp</dimen>
    <dimen name="x663">460.42dp</dimen>
    <dimen name="x664">461.11dp</dimen>
    <dimen name="x665">461.81dp</dimen>
    <dimen name="x666">462.50dp</dimen>
    <dimen name="x667">463.19dp</dimen>
    <dimen name="x668">463.89dp</dimen>
    <dimen name="x669">464.58dp</dimen>
    <dimen name="x670">465.28dp</dimen>
    <dimen name="x671">465.97dp</dimen>
    <dimen name="x672">466.67dp</dimen>
    <dimen name="x673">467.36dp</dimen>
    <dimen name="x674">468.06dp</dimen>
    <dimen name="x675">468.75dp</dimen>
    <dimen name="x676">469.44dp</dimen>
    <dimen name="x677">470.14dp</dimen>
    <dimen name="x678">470.83dp</dimen>
    <dimen name="x679">471.53dp</dimen>
    <dimen name="x680">472.22dp</dimen>
    <dimen name="x681">472.92dp</dimen>
    <dimen name="x682">473.61dp</dimen>
    <dimen name="x683">474.31dp</dimen>
    <dimen name="x684">475.00dp</dimen>
    <dimen name="x685">475.69dp</dimen>
    <dimen name="x686">476.39dp</dimen>
    <dimen name="x687">477.08dp</dimen>
    <dimen name="x688">477.78dp</dimen>
    <dimen name="x689">478.47dp</dimen>
    <dimen name="x690">479.17dp</dimen>
    <dimen name="x691">479.86dp</dimen>
    <dimen name="x692">480.56dp</dimen>
    <dimen name="x693">481.25dp</dimen>
    <dimen name="x694">481.94dp</dimen>
    <dimen name="x695">482.64dp</dimen>
    <dimen name="x696">483.33dp</dimen>
    <dimen name="x697">484.03dp</dimen>
    <dimen name="x698">484.72dp</dimen>
    <dimen name="x699">485.42dp</dimen>
    <dimen name="x700">486.11dp</dimen>
    <dimen name="x701">486.81dp</dimen>
    <dimen name="x702">487.50dp</dimen>
    <dimen name="x703">488.19dp</dimen>
    <dimen name="x704">488.89dp</dimen>
    <dimen name="x705">489.58dp</dimen>
    <dimen name="x706">490.28dp</dimen>
    <dimen name="x707">490.97dp</dimen>
    <dimen name="x708">491.67dp</dimen>
    <dimen name="x709">492.36dp</dimen>
    <dimen name="x710">493.06dp</dimen>
    <dimen name="x711">493.75dp</dimen>
    <dimen name="x712">494.44dp</dimen>
    <dimen name="x713">495.14dp</dimen>
    <dimen name="x714">495.83dp</dimen>
    <dimen name="x715">496.53dp</dimen>
    <dimen name="x716">497.22dp</dimen>
    <dimen name="x717">497.92dp</dimen>
    <dimen name="x718">498.61dp</dimen>
    <dimen name="x719">499.31dp</dimen>
    <dimen name="x720">500.00dp</dimen>
    <dimen name="x721">500.69dp</dimen>
    <dimen name="x722">501.39dp</dimen>
    <dimen name="x723">502.08dp</dimen>
    <dimen name="x724">502.78dp</dimen>
    <dimen name="x725">503.47dp</dimen>
    <dimen name="x726">504.17dp</dimen>
    <dimen name="x727">504.86dp</dimen>
    <dimen name="x728">505.56dp</dimen>
    <dimen name="x729">506.25dp</dimen>
    <dimen name="x730">506.94dp</dimen>
    <dimen name="x731">507.64dp</dimen>
    <dimen name="x732">508.33dp</dimen>
    <dimen name="x733">509.03dp</dimen>
    <dimen name="x734">509.72dp</dimen>
    <dimen name="x735">510.42dp</dimen>
    <dimen name="x736">511.11dp</dimen>
    <dimen name="x737">511.81dp</dimen>
    <dimen name="x738">512.50dp</dimen>
    <dimen name="x739">513.19dp</dimen>
    <dimen name="x740">513.89dp</dimen>
    <dimen name="x741">514.58dp</dimen>
    <dimen name="x742">515.28dp</dimen>
    <dimen name="x743">515.97dp</dimen>
    <dimen name="x744">516.67dp</dimen>
    <dimen name="x745">517.36dp</dimen>
    <dimen name="x746">518.06dp</dimen>
    <dimen name="x747">518.75dp</dimen>
    <dimen name="x748">519.44dp</dimen>
    <dimen name="x749">520.14dp</dimen>
    <dimen name="x750">520.83dp</dimen>
    <dimen name="x751">521.53dp</dimen>
    <dimen name="x752">522.22dp</dimen>
    <dimen name="x753">522.92dp</dimen>
    <dimen name="x754">523.61dp</dimen>
    <dimen name="x755">524.31dp</dimen>
    <dimen name="x756">525.00dp</dimen>
    <dimen name="x757">525.69dp</dimen>
    <dimen name="x758">526.39dp</dimen>
    <dimen name="x759">527.08dp</dimen>
    <dimen name="x760">527.78dp</dimen>
    <dimen name="x761">528.47dp</dimen>
    <dimen name="x762">529.17dp</dimen>
    <dimen name="x763">529.86dp</dimen>
    <dimen name="x764">530.56dp</dimen>
    <dimen name="x765">531.25dp</dimen>
    <dimen name="x766">531.94dp</dimen>
    <dimen name="x767">532.64dp</dimen>
    <dimen name="x768">533.33dp</dimen>
    <dimen name="x769">534.03dp</dimen>
    <dimen name="x770">534.72dp</dimen>
    <dimen name="x771">535.42dp</dimen>
    <dimen name="x772">536.11dp</dimen>
    <dimen name="x773">536.81dp</dimen>
    <dimen name="x774">537.50dp</dimen>
    <dimen name="x775">538.19dp</dimen>
    <dimen name="x776">538.89dp</dimen>
    <dimen name="x777">539.58dp</dimen>
    <dimen name="x778">540.28dp</dimen>
    <dimen name="x779">540.97dp</dimen>
    <dimen name="x780">541.67dp</dimen>
    <dimen name="x781">542.36dp</dimen>
    <dimen name="x782">543.06dp</dimen>
    <dimen name="x783">543.75dp</dimen>
    <dimen name="x784">544.44dp</dimen>
    <dimen name="x785">545.14dp</dimen>
    <dimen name="x786">545.83dp</dimen>
    <dimen name="x787">546.53dp</dimen>
    <dimen name="x788">547.22dp</dimen>
    <dimen name="x789">547.92dp</dimen>
    <dimen name="x790">548.61dp</dimen>
    <dimen name="x791">549.31dp</dimen>
    <dimen name="x792">550.00dp</dimen>
    <dimen name="x793">550.69dp</dimen>
    <dimen name="x794">551.39dp</dimen>
    <dimen name="x795">552.08dp</dimen>
    <dimen name="x796">552.78dp</dimen>
    <dimen name="x797">553.47dp</dimen>
    <dimen name="x798">554.17dp</dimen>
    <dimen name="x799">554.86dp</dimen>
    <dimen name="x800">555.56dp</dimen>
    <dimen name="x801">556.25dp</dimen>
    <dimen name="x802">556.94dp</dimen>
    <dimen name="x803">557.64dp</dimen>
    <dimen name="x804">558.33dp</dimen>
    <dimen name="x805">559.03dp</dimen>
    <dimen name="x806">559.72dp</dimen>
    <dimen name="x807">560.42dp</dimen>
    <dimen name="x808">561.11dp</dimen>
    <dimen name="x809">561.81dp</dimen>
    <dimen name="x810">562.50dp</dimen>
    <dimen name="x811">563.19dp</dimen>
    <dimen name="x812">563.89dp</dimen>
    <dimen name="x813">564.58dp</dimen>
    <dimen name="x814">565.28dp</dimen>
    <dimen name="x815">565.97dp</dimen>
    <dimen name="x816">566.67dp</dimen>
    <dimen name="x817">567.36dp</dimen>
    <dimen name="x818">568.06dp</dimen>
    <dimen name="x819">568.75dp</dimen>
    <dimen name="x820">569.44dp</dimen>
    <dimen name="x821">570.14dp</dimen>
    <dimen name="x822">570.83dp</dimen>
    <dimen name="x823">571.53dp</dimen>
    <dimen name="x824">572.22dp</dimen>
    <dimen name="x825">572.92dp</dimen>
    <dimen name="x826">573.61dp</dimen>
    <dimen name="x827">574.31dp</dimen>
    <dimen name="x828">575.00dp</dimen>
    <dimen name="x829">575.69dp</dimen>
    <dimen name="x830">576.39dp</dimen>
    <dimen name="x831">577.08dp</dimen>
    <dimen name="x832">577.78dp</dimen>
    <dimen name="x833">578.47dp</dimen>
    <dimen name="x834">579.17dp</dimen>
    <dimen name="x835">579.86dp</dimen>
    <dimen name="x836">580.56dp</dimen>
    <dimen name="x837">581.25dp</dimen>
    <dimen name="x838">581.94dp</dimen>
    <dimen name="x839">582.64dp</dimen>
    <dimen name="x840">583.33dp</dimen>
    <dimen name="x841">584.03dp</dimen>
    <dimen name="x842">584.72dp</dimen>
    <dimen name="x843">585.42dp</dimen>
    <dimen name="x844">586.11dp</dimen>
    <dimen name="x845">586.81dp</dimen>
    <dimen name="x846">587.50dp</dimen>
    <dimen name="x847">588.19dp</dimen>
    <dimen name="x848">588.89dp</dimen>
    <dimen name="x849">589.58dp</dimen>
    <dimen name="x850">590.28dp</dimen>
    <dimen name="x851">590.97dp</dimen>
    <dimen name="x852">591.67dp</dimen>
    <dimen name="x853">592.36dp</dimen>
    <dimen name="x854">593.06dp</dimen>
    <dimen name="x855">593.75dp</dimen>
    <dimen name="x856">594.44dp</dimen>
    <dimen name="x857">595.14dp</dimen>
    <dimen name="x858">595.83dp</dimen>
    <dimen name="x859">596.53dp</dimen>
    <dimen name="x860">597.22dp</dimen>
    <dimen name="x861">597.92dp</dimen>
    <dimen name="x862">598.61dp</dimen>
    <dimen name="x863">599.31dp</dimen>
    <dimen name="x864">600.00dp</dimen>
    <dimen name="x865">600.69dp</dimen>
    <dimen name="x866">601.39dp</dimen>
    <dimen name="x867">602.08dp</dimen>
    <dimen name="x868">602.78dp</dimen>
    <dimen name="x869">603.47dp</dimen>
    <dimen name="x870">604.17dp</dimen>
    <dimen name="x871">604.86dp</dimen>
    <dimen name="x872">605.56dp</dimen>
    <dimen name="x873">606.25dp</dimen>
    <dimen name="x874">606.94dp</dimen>
    <dimen name="x875">607.64dp</dimen>
    <dimen name="x876">608.33dp</dimen>
    <dimen name="x877">609.03dp</dimen>
    <dimen name="x878">609.72dp</dimen>
    <dimen name="x879">610.42dp</dimen>
    <dimen name="x880">611.11dp</dimen>
    <dimen name="x881">611.81dp</dimen>
    <dimen name="x882">612.50dp</dimen>
    <dimen name="x883">613.19dp</dimen>
    <dimen name="x884">613.89dp</dimen>
    <dimen name="x885">614.58dp</dimen>
    <dimen name="x886">615.28dp</dimen>
    <dimen name="x887">615.97dp</dimen>
    <dimen name="x888">616.67dp</dimen>
    <dimen name="x889">617.36dp</dimen>
    <dimen name="x890">618.06dp</dimen>
    <dimen name="x891">618.75dp</dimen>
    <dimen name="x892">619.44dp</dimen>
    <dimen name="x893">620.14dp</dimen>
    <dimen name="x894">620.83dp</dimen>
    <dimen name="x895">621.53dp</dimen>
    <dimen name="x896">622.22dp</dimen>
    <dimen name="x897">622.92dp</dimen>
    <dimen name="x898">623.61dp</dimen>
    <dimen name="x899">624.31dp</dimen>
    <dimen name="x900">625.00dp</dimen>
    <dimen name="x901">625.69dp</dimen>
    <dimen name="x902">626.39dp</dimen>
    <dimen name="x903">627.08dp</dimen>
    <dimen name="x904">627.78dp</dimen>
    <dimen name="x905">628.47dp</dimen>
    <dimen name="x906">629.17dp</dimen>
    <dimen name="x907">629.86dp</dimen>
    <dimen name="x908">630.56dp</dimen>
    <dimen name="x909">631.25dp</dimen>
    <dimen name="x910">631.94dp</dimen>
    <dimen name="x911">632.64dp</dimen>
    <dimen name="x912">633.33dp</dimen>
    <dimen name="x913">634.03dp</dimen>
    <dimen name="x914">634.72dp</dimen>
    <dimen name="x915">635.42dp</dimen>
    <dimen name="x916">636.11dp</dimen>
    <dimen name="x917">636.81dp</dimen>
    <dimen name="x918">637.50dp</dimen>
    <dimen name="x919">638.19dp</dimen>
    <dimen name="x920">638.89dp</dimen>
    <dimen name="x921">639.58dp</dimen>
    <dimen name="x922">640.28dp</dimen>
    <dimen name="x923">640.97dp</dimen>
    <dimen name="x924">641.67dp</dimen>
    <dimen name="x925">642.36dp</dimen>
    <dimen name="x926">643.06dp</dimen>
    <dimen name="x927">643.75dp</dimen>
    <dimen name="x928">644.44dp</dimen>
    <dimen name="x929">645.14dp</dimen>
    <dimen name="x930">645.83dp</dimen>
    <dimen name="x931">646.53dp</dimen>
    <dimen name="x932">647.22dp</dimen>
    <dimen name="x933">647.92dp</dimen>
    <dimen name="x934">648.61dp</dimen>
    <dimen name="x935">649.31dp</dimen>
    <dimen name="x936">650.00dp</dimen>
    <dimen name="x937">650.69dp</dimen>
    <dimen name="x938">651.39dp</dimen>
    <dimen name="x939">652.08dp</dimen>
    <dimen name="x940">652.78dp</dimen>
    <dimen name="x941">653.47dp</dimen>
    <dimen name="x942">654.17dp</dimen>
    <dimen name="x943">654.86dp</dimen>
    <dimen name="x944">655.56dp</dimen>
    <dimen name="x945">656.25dp</dimen>
    <dimen name="x946">656.94dp</dimen>
    <dimen name="x947">657.64dp</dimen>
    <dimen name="x948">658.33dp</dimen>
    <dimen name="x949">659.03dp</dimen>
    <dimen name="x950">659.72dp</dimen>
    <dimen name="x951">660.42dp</dimen>
    <dimen name="x952">661.11dp</dimen>
    <dimen name="x953">661.81dp</dimen>
    <dimen name="x954">662.50dp</dimen>
    <dimen name="x955">663.19dp</dimen>
    <dimen name="x956">663.89dp</dimen>
    <dimen name="x957">664.58dp</dimen>
    <dimen name="x958">665.28dp</dimen>
    <dimen name="x959">665.97dp</dimen>
    <dimen name="x960">666.67dp</dimen>
    <dimen name="x961">667.36dp</dimen>
    <dimen name="x962">668.06dp</dimen>
    <dimen name="x963">668.75dp</dimen>
    <dimen name="x964">669.44dp</dimen>
    <dimen name="x965">670.14dp</dimen>
    <dimen name="x966">670.83dp</dimen>
    <dimen name="x967">671.53dp</dimen>
    <dimen name="x968">672.22dp</dimen>
    <dimen name="x969">672.92dp</dimen>
    <dimen name="x970">673.61dp</dimen>
    <dimen name="x971">674.31dp</dimen>
    <dimen name="x972">675.00dp</dimen>
    <dimen name="x973">675.69dp</dimen>
    <dimen name="x974">676.39dp</dimen>
    <dimen name="x975">677.08dp</dimen>
    <dimen name="x976">677.78dp</dimen>
    <dimen name="x977">678.47dp</dimen>
    <dimen name="x978">679.17dp</dimen>
    <dimen name="x979">679.86dp</dimen>
    <dimen name="x980">680.56dp</dimen>
    <dimen name="x981">681.25dp</dimen>
    <dimen name="x982">681.94dp</dimen>
    <dimen name="x983">682.64dp</dimen>
    <dimen name="x984">683.33dp</dimen>
    <dimen name="x985">684.03dp</dimen>
    <dimen name="x986">684.72dp</dimen>
    <dimen name="x987">685.42dp</dimen>
    <dimen name="x988">686.11dp</dimen>
    <dimen name="x989">686.81dp</dimen>
    <dimen name="x990">687.50dp</dimen>
    <dimen name="x991">688.19dp</dimen>
    <dimen name="x992">688.89dp</dimen>
    <dimen name="x993">689.58dp</dimen>
    <dimen name="x994">690.28dp</dimen>
    <dimen name="x995">690.97dp</dimen>
    <dimen name="x996">691.67dp</dimen>
    <dimen name="x997">692.36dp</dimen>
    <dimen name="x998">693.06dp</dimen>
    <dimen name="x999">693.75dp</dimen>
    <dimen name="x1000">694.44dp</dimen>
    <dimen name="x1001">695.14dp</dimen>
    <dimen name="x1002">695.83dp</dimen>
    <dimen name="x1003">696.53dp</dimen>
    <dimen name="x1004">697.22dp</dimen>
    <dimen name="x1005">697.92dp</dimen>
    <dimen name="x1006">698.61dp</dimen>
    <dimen name="x1007">699.31dp</dimen>
    <dimen name="x1008">700.00dp</dimen>
    <dimen name="x1009">700.69dp</dimen>
    <dimen name="x1010">701.39dp</dimen>
    <dimen name="x1011">702.08dp</dimen>
    <dimen name="x1012">702.78dp</dimen>
    <dimen name="x1013">703.47dp</dimen>
    <dimen name="x1014">704.17dp</dimen>
    <dimen name="x1015">704.86dp</dimen>
    <dimen name="x1016">705.56dp</dimen>
    <dimen name="x1017">706.25dp</dimen>
    <dimen name="x1018">706.94dp</dimen>
    <dimen name="x1019">707.64dp</dimen>
    <dimen name="x1020">708.33dp</dimen>
    <dimen name="x1021">709.03dp</dimen>
    <dimen name="x1022">709.72dp</dimen>
    <dimen name="x1023">710.42dp</dimen>
    <dimen name="x1024">711.11dp</dimen>
    <dimen name="x1025">711.81dp</dimen>
    <dimen name="x1026">712.50dp</dimen>
    <dimen name="x1027">713.19dp</dimen>
    <dimen name="x1028">713.89dp</dimen>
    <dimen name="x1029">714.58dp</dimen>
    <dimen name="x1030">715.28dp</dimen>
    <dimen name="x1031">715.97dp</dimen>
    <dimen name="x1032">716.67dp</dimen>
    <dimen name="x1033">717.36dp</dimen>
    <dimen name="x1034">718.06dp</dimen>
    <dimen name="x1035">718.75dp</dimen>
    <dimen name="x1036">719.44dp</dimen>
    <dimen name="x1037">720.14dp</dimen>
    <dimen name="x1038">720.83dp</dimen>
    <dimen name="x1039">721.53dp</dimen>
    <dimen name="x1040">722.22dp</dimen>
    <dimen name="x1041">722.92dp</dimen>
    <dimen name="x1042">723.61dp</dimen>
    <dimen name="x1043">724.31dp</dimen>
    <dimen name="x1044">725.00dp</dimen>
    <dimen name="x1045">725.69dp</dimen>
    <dimen name="x1046">726.39dp</dimen>
    <dimen name="x1047">727.08dp</dimen>
    <dimen name="x1048">727.78dp</dimen>
    <dimen name="x1049">728.47dp</dimen>
    <dimen name="x1050">729.17dp</dimen>
    <dimen name="x1051">729.86dp</dimen>
    <dimen name="x1052">730.56dp</dimen>
    <dimen name="x1053">731.25dp</dimen>
    <dimen name="x1054">731.94dp</dimen>
    <dimen name="x1055">732.64dp</dimen>
    <dimen name="x1056">733.33dp</dimen>
    <dimen name="x1057">734.03dp</dimen>
    <dimen name="x1058">734.72dp</dimen>
    <dimen name="x1059">735.42dp</dimen>
    <dimen name="x1060">736.11dp</dimen>
    <dimen name="x1061">736.81dp</dimen>
    <dimen name="x1062">737.50dp</dimen>
    <dimen name="x1063">738.19dp</dimen>
    <dimen name="x1064">738.89dp</dimen>
    <dimen name="x1065">739.58dp</dimen>
    <dimen name="x1066">740.28dp</dimen>
    <dimen name="x1067">740.97dp</dimen>
    <dimen name="x1068">741.67dp</dimen>
    <dimen name="x1069">742.36dp</dimen>
    <dimen name="x1070">743.06dp</dimen>
    <dimen name="x1071">743.75dp</dimen>
    <dimen name="x1072">744.44dp</dimen>
    <dimen name="x1073">745.14dp</dimen>
    <dimen name="x1074">745.83dp</dimen>
    <dimen name="x1075">746.53dp</dimen>
    <dimen name="x1076">747.22dp</dimen>
    <dimen name="x1077">747.92dp</dimen>
    <dimen name="x1078">748.61dp</dimen>
    <dimen name="x1079">749.31dp</dimen>
    <dimen name="x1080">750.00dp</dimen>
</resources>