<?xml version="1.0" encoding="utf-8"?>
<resources>
    <string name="sw_dp">1090dp</string>
    <dimen name="x1">1.01dp</dimen>
    <dimen name="x2">2.02dp</dimen>
    <dimen name="x3">3.03dp</dimen>
    <dimen name="x4">4.04dp</dimen>
    <dimen name="x5">5.05dp</dimen>
    <dimen name="x6">6.06dp</dimen>
    <dimen name="x7">7.06dp</dimen>
    <dimen name="x8">8.07dp</dimen>
    <dimen name="x9">9.08dp</dimen>
    <dimen name="x10">10.09dp</dimen>
    <dimen name="x11">11.10dp</dimen>
    <dimen name="x12">12.11dp</dimen>
    <dimen name="x13">13.12dp</dimen>
    <dimen name="x14">14.13dp</dimen>
    <dimen name="x15">15.14dp</dimen>
    <dimen name="x16">16.15dp</dimen>
    <dimen name="x17">17.16dp</dimen>
    <dimen name="x18">18.17dp</dimen>
    <dimen name="x19">19.18dp</dimen>
    <dimen name="x20">20.19dp</dimen>
    <dimen name="x21">21.19dp</dimen>
    <dimen name="x22">22.20dp</dimen>
    <dimen name="x23">23.21dp</dimen>
    <dimen name="x24">24.22dp</dimen>
    <dimen name="x25">25.23dp</dimen>
    <dimen name="x26">26.24dp</dimen>
    <dimen name="x27">27.25dp</dimen>
    <dimen name="x28">28.26dp</dimen>
    <dimen name="x29">29.27dp</dimen>
    <dimen name="x30">30.28dp</dimen>
    <dimen name="x31">31.29dp</dimen>
    <dimen name="x32">32.30dp</dimen>
    <dimen name="x33">33.31dp</dimen>
    <dimen name="x34">34.31dp</dimen>
    <dimen name="x35">35.32dp</dimen>
    <dimen name="x36">36.33dp</dimen>
    <dimen name="x37">37.34dp</dimen>
    <dimen name="x38">38.35dp</dimen>
    <dimen name="x39">39.36dp</dimen>
    <dimen name="x40">40.37dp</dimen>
    <dimen name="x41">41.38dp</dimen>
    <dimen name="x42">42.39dp</dimen>
    <dimen name="x43">43.40dp</dimen>
    <dimen name="x44">44.41dp</dimen>
    <dimen name="x45">45.42dp</dimen>
    <dimen name="x46">46.43dp</dimen>
    <dimen name="x47">47.44dp</dimen>
    <dimen name="x48">48.44dp</dimen>
    <dimen name="x49">49.45dp</dimen>
    <dimen name="x50">50.46dp</dimen>
    <dimen name="x51">51.47dp</dimen>
    <dimen name="x52">52.48dp</dimen>
    <dimen name="x53">53.49dp</dimen>
    <dimen name="x54">54.50dp</dimen>
    <dimen name="x55">55.51dp</dimen>
    <dimen name="x56">56.52dp</dimen>
    <dimen name="x57">57.53dp</dimen>
    <dimen name="x58">58.54dp</dimen>
    <dimen name="x59">59.55dp</dimen>
    <dimen name="x60">60.56dp</dimen>
    <dimen name="x61">61.56dp</dimen>
    <dimen name="x62">62.57dp</dimen>
    <dimen name="x63">63.58dp</dimen>
    <dimen name="x64">64.59dp</dimen>
    <dimen name="x65">65.60dp</dimen>
    <dimen name="x66">66.61dp</dimen>
    <dimen name="x67">67.62dp</dimen>
    <dimen name="x68">68.63dp</dimen>
    <dimen name="x69">69.64dp</dimen>
    <dimen name="x70">70.65dp</dimen>
    <dimen name="x71">71.66dp</dimen>
    <dimen name="x72">72.67dp</dimen>
    <dimen name="x73">73.68dp</dimen>
    <dimen name="x74">74.69dp</dimen>
    <dimen name="x75">75.69dp</dimen>
    <dimen name="x76">76.70dp</dimen>
    <dimen name="x77">77.71dp</dimen>
    <dimen name="x78">78.72dp</dimen>
    <dimen name="x79">79.73dp</dimen>
    <dimen name="x80">80.74dp</dimen>
    <dimen name="x81">81.75dp</dimen>
    <dimen name="x82">82.76dp</dimen>
    <dimen name="x83">83.77dp</dimen>
    <dimen name="x84">84.78dp</dimen>
    <dimen name="x85">85.79dp</dimen>
    <dimen name="x86">86.80dp</dimen>
    <dimen name="x87">87.81dp</dimen>
    <dimen name="x88">88.81dp</dimen>
    <dimen name="x89">89.82dp</dimen>
    <dimen name="x90">90.83dp</dimen>
    <dimen name="x91">91.84dp</dimen>
    <dimen name="x92">92.85dp</dimen>
    <dimen name="x93">93.86dp</dimen>
    <dimen name="x94">94.87dp</dimen>
    <dimen name="x95">95.88dp</dimen>
    <dimen name="x96">96.89dp</dimen>
    <dimen name="x97">97.90dp</dimen>
    <dimen name="x98">98.91dp</dimen>
    <dimen name="x99">99.92dp</dimen>
    <dimen name="x100">100.93dp</dimen>
    <dimen name="x101">101.94dp</dimen>
    <dimen name="x102">102.94dp</dimen>
    <dimen name="x103">103.95dp</dimen>
    <dimen name="x104">104.96dp</dimen>
    <dimen name="x105">105.97dp</dimen>
    <dimen name="x106">106.98dp</dimen>
    <dimen name="x107">107.99dp</dimen>
    <dimen name="x108">109.00dp</dimen>
    <dimen name="x109">110.01dp</dimen>
    <dimen name="x110">111.02dp</dimen>
    <dimen name="x111">112.03dp</dimen>
    <dimen name="x112">113.04dp</dimen>
    <dimen name="x113">114.05dp</dimen>
    <dimen name="x114">115.06dp</dimen>
    <dimen name="x115">116.06dp</dimen>
    <dimen name="x116">117.07dp</dimen>
    <dimen name="x117">118.08dp</dimen>
    <dimen name="x118">119.09dp</dimen>
    <dimen name="x119">120.10dp</dimen>
    <dimen name="x120">121.11dp</dimen>
    <dimen name="x121">122.12dp</dimen>
    <dimen name="x122">123.13dp</dimen>
    <dimen name="x123">124.14dp</dimen>
    <dimen name="x124">125.15dp</dimen>
    <dimen name="x125">126.16dp</dimen>
    <dimen name="x126">127.17dp</dimen>
    <dimen name="x127">128.18dp</dimen>
    <dimen name="x128">129.19dp</dimen>
    <dimen name="x129">130.19dp</dimen>
    <dimen name="x130">131.20dp</dimen>
    <dimen name="x131">132.21dp</dimen>
    <dimen name="x132">133.22dp</dimen>
    <dimen name="x133">134.23dp</dimen>
    <dimen name="x134">135.24dp</dimen>
    <dimen name="x135">136.25dp</dimen>
    <dimen name="x136">137.26dp</dimen>
    <dimen name="x137">138.27dp</dimen>
    <dimen name="x138">139.28dp</dimen>
    <dimen name="x139">140.29dp</dimen>
    <dimen name="x140">141.30dp</dimen>
    <dimen name="x141">142.31dp</dimen>
    <dimen name="x142">143.31dp</dimen>
    <dimen name="x143">144.32dp</dimen>
    <dimen name="x144">145.33dp</dimen>
    <dimen name="x145">146.34dp</dimen>
    <dimen name="x146">147.35dp</dimen>
    <dimen name="x147">148.36dp</dimen>
    <dimen name="x148">149.37dp</dimen>
    <dimen name="x149">150.38dp</dimen>
    <dimen name="x150">151.39dp</dimen>
    <dimen name="x151">152.40dp</dimen>
    <dimen name="x152">153.41dp</dimen>
    <dimen name="x153">154.42dp</dimen>
    <dimen name="x154">155.43dp</dimen>
    <dimen name="x155">156.44dp</dimen>
    <dimen name="x156">157.44dp</dimen>
    <dimen name="x157">158.45dp</dimen>
    <dimen name="x158">159.46dp</dimen>
    <dimen name="x159">160.47dp</dimen>
    <dimen name="x160">161.48dp</dimen>
    <dimen name="x161">162.49dp</dimen>
    <dimen name="x162">163.50dp</dimen>
    <dimen name="x163">164.51dp</dimen>
    <dimen name="x164">165.52dp</dimen>
    <dimen name="x165">166.53dp</dimen>
    <dimen name="x166">167.54dp</dimen>
    <dimen name="x167">168.55dp</dimen>
    <dimen name="x168">169.56dp</dimen>
    <dimen name="x169">170.56dp</dimen>
    <dimen name="x170">171.57dp</dimen>
    <dimen name="x171">172.58dp</dimen>
    <dimen name="x172">173.59dp</dimen>
    <dimen name="x173">174.60dp</dimen>
    <dimen name="x174">175.61dp</dimen>
    <dimen name="x175">176.62dp</dimen>
    <dimen name="x176">177.63dp</dimen>
    <dimen name="x177">178.64dp</dimen>
    <dimen name="x178">179.65dp</dimen>
    <dimen name="x179">180.66dp</dimen>
    <dimen name="x180">181.67dp</dimen>
    <dimen name="x181">182.68dp</dimen>
    <dimen name="x182">183.69dp</dimen>
    <dimen name="x183">184.69dp</dimen>
    <dimen name="x184">185.70dp</dimen>
    <dimen name="x185">186.71dp</dimen>
    <dimen name="x186">187.72dp</dimen>
    <dimen name="x187">188.73dp</dimen>
    <dimen name="x188">189.74dp</dimen>
    <dimen name="x189">190.75dp</dimen>
    <dimen name="x190">191.76dp</dimen>
    <dimen name="x191">192.77dp</dimen>
    <dimen name="x192">193.78dp</dimen>
    <dimen name="x193">194.79dp</dimen>
    <dimen name="x194">195.80dp</dimen>
    <dimen name="x195">196.81dp</dimen>
    <dimen name="x196">197.81dp</dimen>
    <dimen name="x197">198.82dp</dimen>
    <dimen name="x198">199.83dp</dimen>
    <dimen name="x199">200.84dp</dimen>
    <dimen name="x200">201.85dp</dimen>
    <dimen name="x201">202.86dp</dimen>
    <dimen name="x202">203.87dp</dimen>
    <dimen name="x203">204.88dp</dimen>
    <dimen name="x204">205.89dp</dimen>
    <dimen name="x205">206.90dp</dimen>
    <dimen name="x206">207.91dp</dimen>
    <dimen name="x207">208.92dp</dimen>
    <dimen name="x208">209.93dp</dimen>
    <dimen name="x209">210.94dp</dimen>
    <dimen name="x210">211.94dp</dimen>
    <dimen name="x211">212.95dp</dimen>
    <dimen name="x212">213.96dp</dimen>
    <dimen name="x213">214.97dp</dimen>
    <dimen name="x214">215.98dp</dimen>
    <dimen name="x215">216.99dp</dimen>
    <dimen name="x216">218.00dp</dimen>
    <dimen name="x217">219.01dp</dimen>
    <dimen name="x218">220.02dp</dimen>
    <dimen name="x219">221.03dp</dimen>
    <dimen name="x220">222.04dp</dimen>
    <dimen name="x221">223.05dp</dimen>
    <dimen name="x222">224.06dp</dimen>
    <dimen name="x223">225.06dp</dimen>
    <dimen name="x224">226.07dp</dimen>
    <dimen name="x225">227.08dp</dimen>
    <dimen name="x226">228.09dp</dimen>
    <dimen name="x227">229.10dp</dimen>
    <dimen name="x228">230.11dp</dimen>
    <dimen name="x229">231.12dp</dimen>
    <dimen name="x230">232.13dp</dimen>
    <dimen name="x231">233.14dp</dimen>
    <dimen name="x232">234.15dp</dimen>
    <dimen name="x233">235.16dp</dimen>
    <dimen name="x234">236.17dp</dimen>
    <dimen name="x235">237.18dp</dimen>
    <dimen name="x236">238.19dp</dimen>
    <dimen name="x237">239.19dp</dimen>
    <dimen name="x238">240.20dp</dimen>
    <dimen name="x239">241.21dp</dimen>
    <dimen name="x240">242.22dp</dimen>
    <dimen name="x241">243.23dp</dimen>
    <dimen name="x242">244.24dp</dimen>
    <dimen name="x243">245.25dp</dimen>
    <dimen name="x244">246.26dp</dimen>
    <dimen name="x245">247.27dp</dimen>
    <dimen name="x246">248.28dp</dimen>
    <dimen name="x247">249.29dp</dimen>
    <dimen name="x248">250.30dp</dimen>
    <dimen name="x249">251.31dp</dimen>
    <dimen name="x250">252.31dp</dimen>
    <dimen name="x251">253.32dp</dimen>
    <dimen name="x252">254.33dp</dimen>
    <dimen name="x253">255.34dp</dimen>
    <dimen name="x254">256.35dp</dimen>
    <dimen name="x255">257.36dp</dimen>
    <dimen name="x256">258.37dp</dimen>
    <dimen name="x257">259.38dp</dimen>
    <dimen name="x258">260.39dp</dimen>
    <dimen name="x259">261.40dp</dimen>
    <dimen name="x260">262.41dp</dimen>
    <dimen name="x261">263.42dp</dimen>
    <dimen name="x262">264.43dp</dimen>
    <dimen name="x263">265.44dp</dimen>
    <dimen name="x264">266.44dp</dimen>
    <dimen name="x265">267.45dp</dimen>
    <dimen name="x266">268.46dp</dimen>
    <dimen name="x267">269.47dp</dimen>
    <dimen name="x268">270.48dp</dimen>
    <dimen name="x269">271.49dp</dimen>
    <dimen name="x270">272.50dp</dimen>
    <dimen name="x271">273.51dp</dimen>
    <dimen name="x272">274.52dp</dimen>
    <dimen name="x273">275.53dp</dimen>
    <dimen name="x274">276.54dp</dimen>
    <dimen name="x275">277.55dp</dimen>
    <dimen name="x276">278.56dp</dimen>
    <dimen name="x277">279.56dp</dimen>
    <dimen name="x278">280.57dp</dimen>
    <dimen name="x279">281.58dp</dimen>
    <dimen name="x280">282.59dp</dimen>
    <dimen name="x281">283.60dp</dimen>
    <dimen name="x282">284.61dp</dimen>
    <dimen name="x283">285.62dp</dimen>
    <dimen name="x284">286.63dp</dimen>
    <dimen name="x285">287.64dp</dimen>
    <dimen name="x286">288.65dp</dimen>
    <dimen name="x287">289.66dp</dimen>
    <dimen name="x288">290.67dp</dimen>
    <dimen name="x289">291.68dp</dimen>
    <dimen name="x290">292.69dp</dimen>
    <dimen name="x291">293.69dp</dimen>
    <dimen name="x292">294.70dp</dimen>
    <dimen name="x293">295.71dp</dimen>
    <dimen name="x294">296.72dp</dimen>
    <dimen name="x295">297.73dp</dimen>
    <dimen name="x296">298.74dp</dimen>
    <dimen name="x297">299.75dp</dimen>
    <dimen name="x298">300.76dp</dimen>
    <dimen name="x299">301.77dp</dimen>
    <dimen name="x300">302.78dp</dimen>
    <dimen name="x301">303.79dp</dimen>
    <dimen name="x302">304.80dp</dimen>
    <dimen name="x303">305.81dp</dimen>
    <dimen name="x304">306.81dp</dimen>
    <dimen name="x305">307.82dp</dimen>
    <dimen name="x306">308.83dp</dimen>
    <dimen name="x307">309.84dp</dimen>
    <dimen name="x308">310.85dp</dimen>
    <dimen name="x309">311.86dp</dimen>
    <dimen name="x310">312.87dp</dimen>
    <dimen name="x311">313.88dp</dimen>
    <dimen name="x312">314.89dp</dimen>
    <dimen name="x313">315.90dp</dimen>
    <dimen name="x314">316.91dp</dimen>
    <dimen name="x315">317.92dp</dimen>
    <dimen name="x316">318.93dp</dimen>
    <dimen name="x317">319.94dp</dimen>
    <dimen name="x318">320.94dp</dimen>
    <dimen name="x319">321.95dp</dimen>
    <dimen name="x320">322.96dp</dimen>
    <dimen name="x321">323.97dp</dimen>
    <dimen name="x322">324.98dp</dimen>
    <dimen name="x323">325.99dp</dimen>
    <dimen name="x324">327.00dp</dimen>
    <dimen name="x325">328.01dp</dimen>
    <dimen name="x326">329.02dp</dimen>
    <dimen name="x327">330.03dp</dimen>
    <dimen name="x328">331.04dp</dimen>
    <dimen name="x329">332.05dp</dimen>
    <dimen name="x330">333.06dp</dimen>
    <dimen name="x331">334.06dp</dimen>
    <dimen name="x332">335.07dp</dimen>
    <dimen name="x333">336.08dp</dimen>
    <dimen name="x334">337.09dp</dimen>
    <dimen name="x335">338.10dp</dimen>
    <dimen name="x336">339.11dp</dimen>
    <dimen name="x337">340.12dp</dimen>
    <dimen name="x338">341.13dp</dimen>
    <dimen name="x339">342.14dp</dimen>
    <dimen name="x340">343.15dp</dimen>
    <dimen name="x341">344.16dp</dimen>
    <dimen name="x342">345.17dp</dimen>
    <dimen name="x343">346.18dp</dimen>
    <dimen name="x344">347.19dp</dimen>
    <dimen name="x345">348.19dp</dimen>
    <dimen name="x346">349.20dp</dimen>
    <dimen name="x347">350.21dp</dimen>
    <dimen name="x348">351.22dp</dimen>
    <dimen name="x349">352.23dp</dimen>
    <dimen name="x350">353.24dp</dimen>
    <dimen name="x351">354.25dp</dimen>
    <dimen name="x352">355.26dp</dimen>
    <dimen name="x353">356.27dp</dimen>
    <dimen name="x354">357.28dp</dimen>
    <dimen name="x355">358.29dp</dimen>
    <dimen name="x356">359.30dp</dimen>
    <dimen name="x357">360.31dp</dimen>
    <dimen name="x358">361.31dp</dimen>
    <dimen name="x359">362.32dp</dimen>
    <dimen name="x360">363.33dp</dimen>
    <dimen name="x361">364.34dp</dimen>
    <dimen name="x362">365.35dp</dimen>
    <dimen name="x363">366.36dp</dimen>
    <dimen name="x364">367.37dp</dimen>
    <dimen name="x365">368.38dp</dimen>
    <dimen name="x366">369.39dp</dimen>
    <dimen name="x367">370.40dp</dimen>
    <dimen name="x368">371.41dp</dimen>
    <dimen name="x369">372.42dp</dimen>
    <dimen name="x370">373.43dp</dimen>
    <dimen name="x371">374.44dp</dimen>
    <dimen name="x372">375.44dp</dimen>
    <dimen name="x373">376.45dp</dimen>
    <dimen name="x374">377.46dp</dimen>
    <dimen name="x375">378.47dp</dimen>
    <dimen name="x376">379.48dp</dimen>
    <dimen name="x377">380.49dp</dimen>
    <dimen name="x378">381.50dp</dimen>
    <dimen name="x379">382.51dp</dimen>
    <dimen name="x380">383.52dp</dimen>
    <dimen name="x381">384.53dp</dimen>
    <dimen name="x382">385.54dp</dimen>
    <dimen name="x383">386.55dp</dimen>
    <dimen name="x384">387.56dp</dimen>
    <dimen name="x385">388.56dp</dimen>
    <dimen name="x386">389.57dp</dimen>
    <dimen name="x387">390.58dp</dimen>
    <dimen name="x388">391.59dp</dimen>
    <dimen name="x389">392.60dp</dimen>
    <dimen name="x390">393.61dp</dimen>
    <dimen name="x391">394.62dp</dimen>
    <dimen name="x392">395.63dp</dimen>
    <dimen name="x393">396.64dp</dimen>
    <dimen name="x394">397.65dp</dimen>
    <dimen name="x395">398.66dp</dimen>
    <dimen name="x396">399.67dp</dimen>
    <dimen name="x397">400.68dp</dimen>
    <dimen name="x398">401.69dp</dimen>
    <dimen name="x399">402.69dp</dimen>
    <dimen name="x400">403.70dp</dimen>
    <dimen name="x401">404.71dp</dimen>
    <dimen name="x402">405.72dp</dimen>
    <dimen name="x403">406.73dp</dimen>
    <dimen name="x404">407.74dp</dimen>
    <dimen name="x405">408.75dp</dimen>
    <dimen name="x406">409.76dp</dimen>
    <dimen name="x407">410.77dp</dimen>
    <dimen name="x408">411.78dp</dimen>
    <dimen name="x409">412.79dp</dimen>
    <dimen name="x410">413.80dp</dimen>
    <dimen name="x411">414.81dp</dimen>
    <dimen name="x412">415.81dp</dimen>
    <dimen name="x413">416.82dp</dimen>
    <dimen name="x414">417.83dp</dimen>
    <dimen name="x415">418.84dp</dimen>
    <dimen name="x416">419.85dp</dimen>
    <dimen name="x417">420.86dp</dimen>
    <dimen name="x418">421.87dp</dimen>
    <dimen name="x419">422.88dp</dimen>
    <dimen name="x420">423.89dp</dimen>
    <dimen name="x421">424.90dp</dimen>
    <dimen name="x422">425.91dp</dimen>
    <dimen name="x423">426.92dp</dimen>
    <dimen name="x424">427.93dp</dimen>
    <dimen name="x425">428.94dp</dimen>
    <dimen name="x426">429.94dp</dimen>
    <dimen name="x427">430.95dp</dimen>
    <dimen name="x428">431.96dp</dimen>
    <dimen name="x429">432.97dp</dimen>
    <dimen name="x430">433.98dp</dimen>
    <dimen name="x431">434.99dp</dimen>
    <dimen name="x432">436.00dp</dimen>
    <dimen name="x433">437.01dp</dimen>
    <dimen name="x434">438.02dp</dimen>
    <dimen name="x435">439.03dp</dimen>
    <dimen name="x436">440.04dp</dimen>
    <dimen name="x437">441.05dp</dimen>
    <dimen name="x438">442.06dp</dimen>
    <dimen name="x439">443.06dp</dimen>
    <dimen name="x440">444.07dp</dimen>
    <dimen name="x441">445.08dp</dimen>
    <dimen name="x442">446.09dp</dimen>
    <dimen name="x443">447.10dp</dimen>
    <dimen name="x444">448.11dp</dimen>
    <dimen name="x445">449.12dp</dimen>
    <dimen name="x446">450.13dp</dimen>
    <dimen name="x447">451.14dp</dimen>
    <dimen name="x448">452.15dp</dimen>
    <dimen name="x449">453.16dp</dimen>
    <dimen name="x450">454.17dp</dimen>
    <dimen name="x451">455.18dp</dimen>
    <dimen name="x452">456.19dp</dimen>
    <dimen name="x453">457.19dp</dimen>
    <dimen name="x454">458.20dp</dimen>
    <dimen name="x455">459.21dp</dimen>
    <dimen name="x456">460.22dp</dimen>
    <dimen name="x457">461.23dp</dimen>
    <dimen name="x458">462.24dp</dimen>
    <dimen name="x459">463.25dp</dimen>
    <dimen name="x460">464.26dp</dimen>
    <dimen name="x461">465.27dp</dimen>
    <dimen name="x462">466.28dp</dimen>
    <dimen name="x463">467.29dp</dimen>
    <dimen name="x464">468.30dp</dimen>
    <dimen name="x465">469.31dp</dimen>
    <dimen name="x466">470.31dp</dimen>
    <dimen name="x467">471.32dp</dimen>
    <dimen name="x468">472.33dp</dimen>
    <dimen name="x469">473.34dp</dimen>
    <dimen name="x470">474.35dp</dimen>
    <dimen name="x471">475.36dp</dimen>
    <dimen name="x472">476.37dp</dimen>
    <dimen name="x473">477.38dp</dimen>
    <dimen name="x474">478.39dp</dimen>
    <dimen name="x475">479.40dp</dimen>
    <dimen name="x476">480.41dp</dimen>
    <dimen name="x477">481.42dp</dimen>
    <dimen name="x478">482.43dp</dimen>
    <dimen name="x479">483.44dp</dimen>
    <dimen name="x480">484.44dp</dimen>
    <dimen name="x481">485.45dp</dimen>
    <dimen name="x482">486.46dp</dimen>
    <dimen name="x483">487.47dp</dimen>
    <dimen name="x484">488.48dp</dimen>
    <dimen name="x485">489.49dp</dimen>
    <dimen name="x486">490.50dp</dimen>
    <dimen name="x487">491.51dp</dimen>
    <dimen name="x488">492.52dp</dimen>
    <dimen name="x489">493.53dp</dimen>
    <dimen name="x490">494.54dp</dimen>
    <dimen name="x491">495.55dp</dimen>
    <dimen name="x492">496.56dp</dimen>
    <dimen name="x493">497.56dp</dimen>
    <dimen name="x494">498.57dp</dimen>
    <dimen name="x495">499.58dp</dimen>
    <dimen name="x496">500.59dp</dimen>
    <dimen name="x497">501.60dp</dimen>
    <dimen name="x498">502.61dp</dimen>
    <dimen name="x499">503.62dp</dimen>
    <dimen name="x500">504.63dp</dimen>
    <dimen name="x501">505.64dp</dimen>
    <dimen name="x502">506.65dp</dimen>
    <dimen name="x503">507.66dp</dimen>
    <dimen name="x504">508.67dp</dimen>
    <dimen name="x505">509.68dp</dimen>
    <dimen name="x506">510.69dp</dimen>
    <dimen name="x507">511.69dp</dimen>
    <dimen name="x508">512.70dp</dimen>
    <dimen name="x509">513.71dp</dimen>
    <dimen name="x510">514.72dp</dimen>
    <dimen name="x511">515.73dp</dimen>
    <dimen name="x512">516.74dp</dimen>
    <dimen name="x513">517.75dp</dimen>
    <dimen name="x514">518.76dp</dimen>
    <dimen name="x515">519.77dp</dimen>
    <dimen name="x516">520.78dp</dimen>
    <dimen name="x517">521.79dp</dimen>
    <dimen name="x518">522.80dp</dimen>
    <dimen name="x519">523.81dp</dimen>
    <dimen name="x520">524.81dp</dimen>
    <dimen name="x521">525.82dp</dimen>
    <dimen name="x522">526.83dp</dimen>
    <dimen name="x523">527.84dp</dimen>
    <dimen name="x524">528.85dp</dimen>
    <dimen name="x525">529.86dp</dimen>
    <dimen name="x526">530.87dp</dimen>
    <dimen name="x527">531.88dp</dimen>
    <dimen name="x528">532.89dp</dimen>
    <dimen name="x529">533.90dp</dimen>
    <dimen name="x530">534.91dp</dimen>
    <dimen name="x531">535.92dp</dimen>
    <dimen name="x532">536.93dp</dimen>
    <dimen name="x533">537.94dp</dimen>
    <dimen name="x534">538.94dp</dimen>
    <dimen name="x535">539.95dp</dimen>
    <dimen name="x536">540.96dp</dimen>
    <dimen name="x537">541.97dp</dimen>
    <dimen name="x538">542.98dp</dimen>
    <dimen name="x539">543.99dp</dimen>
    <dimen name="x540">545.00dp</dimen>
    <dimen name="x541">546.01dp</dimen>
    <dimen name="x542">547.02dp</dimen>
    <dimen name="x543">548.03dp</dimen>
    <dimen name="x544">549.04dp</dimen>
    <dimen name="x545">550.05dp</dimen>
    <dimen name="x546">551.06dp</dimen>
    <dimen name="x547">552.06dp</dimen>
    <dimen name="x548">553.07dp</dimen>
    <dimen name="x549">554.08dp</dimen>
    <dimen name="x550">555.09dp</dimen>
    <dimen name="x551">556.10dp</dimen>
    <dimen name="x552">557.11dp</dimen>
    <dimen name="x553">558.12dp</dimen>
    <dimen name="x554">559.13dp</dimen>
    <dimen name="x555">560.14dp</dimen>
    <dimen name="x556">561.15dp</dimen>
    <dimen name="x557">562.16dp</dimen>
    <dimen name="x558">563.17dp</dimen>
    <dimen name="x559">564.18dp</dimen>
    <dimen name="x560">565.19dp</dimen>
    <dimen name="x561">566.19dp</dimen>
    <dimen name="x562">567.20dp</dimen>
    <dimen name="x563">568.21dp</dimen>
    <dimen name="x564">569.22dp</dimen>
    <dimen name="x565">570.23dp</dimen>
    <dimen name="x566">571.24dp</dimen>
    <dimen name="x567">572.25dp</dimen>
    <dimen name="x568">573.26dp</dimen>
    <dimen name="x569">574.27dp</dimen>
    <dimen name="x570">575.28dp</dimen>
    <dimen name="x571">576.29dp</dimen>
    <dimen name="x572">577.30dp</dimen>
    <dimen name="x573">578.31dp</dimen>
    <dimen name="x574">579.31dp</dimen>
    <dimen name="x575">580.32dp</dimen>
    <dimen name="x576">581.33dp</dimen>
    <dimen name="x577">582.34dp</dimen>
    <dimen name="x578">583.35dp</dimen>
    <dimen name="x579">584.36dp</dimen>
    <dimen name="x580">585.37dp</dimen>
    <dimen name="x581">586.38dp</dimen>
    <dimen name="x582">587.39dp</dimen>
    <dimen name="x583">588.40dp</dimen>
    <dimen name="x584">589.41dp</dimen>
    <dimen name="x585">590.42dp</dimen>
    <dimen name="x586">591.43dp</dimen>
    <dimen name="x587">592.44dp</dimen>
    <dimen name="x588">593.44dp</dimen>
    <dimen name="x589">594.45dp</dimen>
    <dimen name="x590">595.46dp</dimen>
    <dimen name="x591">596.47dp</dimen>
    <dimen name="x592">597.48dp</dimen>
    <dimen name="x593">598.49dp</dimen>
    <dimen name="x594">599.50dp</dimen>
    <dimen name="x595">600.51dp</dimen>
    <dimen name="x596">601.52dp</dimen>
    <dimen name="x597">602.53dp</dimen>
    <dimen name="x598">603.54dp</dimen>
    <dimen name="x599">604.55dp</dimen>
    <dimen name="x600">605.56dp</dimen>
    <dimen name="x601">606.56dp</dimen>
    <dimen name="x602">607.57dp</dimen>
    <dimen name="x603">608.58dp</dimen>
    <dimen name="x604">609.59dp</dimen>
    <dimen name="x605">610.60dp</dimen>
    <dimen name="x606">611.61dp</dimen>
    <dimen name="x607">612.62dp</dimen>
    <dimen name="x608">613.63dp</dimen>
    <dimen name="x609">614.64dp</dimen>
    <dimen name="x610">615.65dp</dimen>
    <dimen name="x611">616.66dp</dimen>
    <dimen name="x612">617.67dp</dimen>
    <dimen name="x613">618.68dp</dimen>
    <dimen name="x614">619.69dp</dimen>
    <dimen name="x615">620.69dp</dimen>
    <dimen name="x616">621.70dp</dimen>
    <dimen name="x617">622.71dp</dimen>
    <dimen name="x618">623.72dp</dimen>
    <dimen name="x619">624.73dp</dimen>
    <dimen name="x620">625.74dp</dimen>
    <dimen name="x621">626.75dp</dimen>
    <dimen name="x622">627.76dp</dimen>
    <dimen name="x623">628.77dp</dimen>
    <dimen name="x624">629.78dp</dimen>
    <dimen name="x625">630.79dp</dimen>
    <dimen name="x626">631.80dp</dimen>
    <dimen name="x627">632.81dp</dimen>
    <dimen name="x628">633.81dp</dimen>
    <dimen name="x629">634.82dp</dimen>
    <dimen name="x630">635.83dp</dimen>
    <dimen name="x631">636.84dp</dimen>
    <dimen name="x632">637.85dp</dimen>
    <dimen name="x633">638.86dp</dimen>
    <dimen name="x634">639.87dp</dimen>
    <dimen name="x635">640.88dp</dimen>
    <dimen name="x636">641.89dp</dimen>
    <dimen name="x637">642.90dp</dimen>
    <dimen name="x638">643.91dp</dimen>
    <dimen name="x639">644.92dp</dimen>
    <dimen name="x640">645.93dp</dimen>
    <dimen name="x641">646.94dp</dimen>
    <dimen name="x642">647.94dp</dimen>
    <dimen name="x643">648.95dp</dimen>
    <dimen name="x644">649.96dp</dimen>
    <dimen name="x645">650.97dp</dimen>
    <dimen name="x646">651.98dp</dimen>
    <dimen name="x647">652.99dp</dimen>
    <dimen name="x648">654.00dp</dimen>
    <dimen name="x649">655.01dp</dimen>
    <dimen name="x650">656.02dp</dimen>
    <dimen name="x651">657.03dp</dimen>
    <dimen name="x652">658.04dp</dimen>
    <dimen name="x653">659.05dp</dimen>
    <dimen name="x654">660.06dp</dimen>
    <dimen name="x655">661.06dp</dimen>
    <dimen name="x656">662.07dp</dimen>
    <dimen name="x657">663.08dp</dimen>
    <dimen name="x658">664.09dp</dimen>
    <dimen name="x659">665.10dp</dimen>
    <dimen name="x660">666.11dp</dimen>
    <dimen name="x661">667.12dp</dimen>
    <dimen name="x662">668.13dp</dimen>
    <dimen name="x663">669.14dp</dimen>
    <dimen name="x664">670.15dp</dimen>
    <dimen name="x665">671.16dp</dimen>
    <dimen name="x666">672.17dp</dimen>
    <dimen name="x667">673.18dp</dimen>
    <dimen name="x668">674.19dp</dimen>
    <dimen name="x669">675.19dp</dimen>
    <dimen name="x670">676.20dp</dimen>
    <dimen name="x671">677.21dp</dimen>
    <dimen name="x672">678.22dp</dimen>
    <dimen name="x673">679.23dp</dimen>
    <dimen name="x674">680.24dp</dimen>
    <dimen name="x675">681.25dp</dimen>
    <dimen name="x676">682.26dp</dimen>
    <dimen name="x677">683.27dp</dimen>
    <dimen name="x678">684.28dp</dimen>
    <dimen name="x679">685.29dp</dimen>
    <dimen name="x680">686.30dp</dimen>
    <dimen name="x681">687.31dp</dimen>
    <dimen name="x682">688.31dp</dimen>
    <dimen name="x683">689.32dp</dimen>
    <dimen name="x684">690.33dp</dimen>
    <dimen name="x685">691.34dp</dimen>
    <dimen name="x686">692.35dp</dimen>
    <dimen name="x687">693.36dp</dimen>
    <dimen name="x688">694.37dp</dimen>
    <dimen name="x689">695.38dp</dimen>
    <dimen name="x690">696.39dp</dimen>
    <dimen name="x691">697.40dp</dimen>
    <dimen name="x692">698.41dp</dimen>
    <dimen name="x693">699.42dp</dimen>
    <dimen name="x694">700.43dp</dimen>
    <dimen name="x695">701.44dp</dimen>
    <dimen name="x696">702.44dp</dimen>
    <dimen name="x697">703.45dp</dimen>
    <dimen name="x698">704.46dp</dimen>
    <dimen name="x699">705.47dp</dimen>
    <dimen name="x700">706.48dp</dimen>
    <dimen name="x701">707.49dp</dimen>
    <dimen name="x702">708.50dp</dimen>
    <dimen name="x703">709.51dp</dimen>
    <dimen name="x704">710.52dp</dimen>
    <dimen name="x705">711.53dp</dimen>
    <dimen name="x706">712.54dp</dimen>
    <dimen name="x707">713.55dp</dimen>
    <dimen name="x708">714.56dp</dimen>
    <dimen name="x709">715.56dp</dimen>
    <dimen name="x710">716.57dp</dimen>
    <dimen name="x711">717.58dp</dimen>
    <dimen name="x712">718.59dp</dimen>
    <dimen name="x713">719.60dp</dimen>
    <dimen name="x714">720.61dp</dimen>
    <dimen name="x715">721.62dp</dimen>
    <dimen name="x716">722.63dp</dimen>
    <dimen name="x717">723.64dp</dimen>
    <dimen name="x718">724.65dp</dimen>
    <dimen name="x719">725.66dp</dimen>
    <dimen name="x720">726.67dp</dimen>
    <dimen name="x721">727.68dp</dimen>
    <dimen name="x722">728.69dp</dimen>
    <dimen name="x723">729.69dp</dimen>
    <dimen name="x724">730.70dp</dimen>
    <dimen name="x725">731.71dp</dimen>
    <dimen name="x726">732.72dp</dimen>
    <dimen name="x727">733.73dp</dimen>
    <dimen name="x728">734.74dp</dimen>
    <dimen name="x729">735.75dp</dimen>
    <dimen name="x730">736.76dp</dimen>
    <dimen name="x731">737.77dp</dimen>
    <dimen name="x732">738.78dp</dimen>
    <dimen name="x733">739.79dp</dimen>
    <dimen name="x734">740.80dp</dimen>
    <dimen name="x735">741.81dp</dimen>
    <dimen name="x736">742.81dp</dimen>
    <dimen name="x737">743.82dp</dimen>
    <dimen name="x738">744.83dp</dimen>
    <dimen name="x739">745.84dp</dimen>
    <dimen name="x740">746.85dp</dimen>
    <dimen name="x741">747.86dp</dimen>
    <dimen name="x742">748.87dp</dimen>
    <dimen name="x743">749.88dp</dimen>
    <dimen name="x744">750.89dp</dimen>
    <dimen name="x745">751.90dp</dimen>
    <dimen name="x746">752.91dp</dimen>
    <dimen name="x747">753.92dp</dimen>
    <dimen name="x748">754.93dp</dimen>
    <dimen name="x749">755.94dp</dimen>
    <dimen name="x750">756.94dp</dimen>
    <dimen name="x751">757.95dp</dimen>
    <dimen name="x752">758.96dp</dimen>
    <dimen name="x753">759.97dp</dimen>
    <dimen name="x754">760.98dp</dimen>
    <dimen name="x755">761.99dp</dimen>
    <dimen name="x756">763.00dp</dimen>
    <dimen name="x757">764.01dp</dimen>
    <dimen name="x758">765.02dp</dimen>
    <dimen name="x759">766.03dp</dimen>
    <dimen name="x760">767.04dp</dimen>
    <dimen name="x761">768.05dp</dimen>
    <dimen name="x762">769.06dp</dimen>
    <dimen name="x763">770.06dp</dimen>
    <dimen name="x764">771.07dp</dimen>
    <dimen name="x765">772.08dp</dimen>
    <dimen name="x766">773.09dp</dimen>
    <dimen name="x767">774.10dp</dimen>
    <dimen name="x768">775.11dp</dimen>
    <dimen name="x769">776.12dp</dimen>
    <dimen name="x770">777.13dp</dimen>
    <dimen name="x771">778.14dp</dimen>
    <dimen name="x772">779.15dp</dimen>
    <dimen name="x773">780.16dp</dimen>
    <dimen name="x774">781.17dp</dimen>
    <dimen name="x775">782.18dp</dimen>
    <dimen name="x776">783.19dp</dimen>
    <dimen name="x777">784.19dp</dimen>
    <dimen name="x778">785.20dp</dimen>
    <dimen name="x779">786.21dp</dimen>
    <dimen name="x780">787.22dp</dimen>
    <dimen name="x781">788.23dp</dimen>
    <dimen name="x782">789.24dp</dimen>
    <dimen name="x783">790.25dp</dimen>
    <dimen name="x784">791.26dp</dimen>
    <dimen name="x785">792.27dp</dimen>
    <dimen name="x786">793.28dp</dimen>
    <dimen name="x787">794.29dp</dimen>
    <dimen name="x788">795.30dp</dimen>
    <dimen name="x789">796.31dp</dimen>
    <dimen name="x790">797.31dp</dimen>
    <dimen name="x791">798.32dp</dimen>
    <dimen name="x792">799.33dp</dimen>
    <dimen name="x793">800.34dp</dimen>
    <dimen name="x794">801.35dp</dimen>
    <dimen name="x795">802.36dp</dimen>
    <dimen name="x796">803.37dp</dimen>
    <dimen name="x797">804.38dp</dimen>
    <dimen name="x798">805.39dp</dimen>
    <dimen name="x799">806.40dp</dimen>
    <dimen name="x800">807.41dp</dimen>
    <dimen name="x801">808.42dp</dimen>
    <dimen name="x802">809.43dp</dimen>
    <dimen name="x803">810.44dp</dimen>
    <dimen name="x804">811.44dp</dimen>
    <dimen name="x805">812.45dp</dimen>
    <dimen name="x806">813.46dp</dimen>
    <dimen name="x807">814.47dp</dimen>
    <dimen name="x808">815.48dp</dimen>
    <dimen name="x809">816.49dp</dimen>
    <dimen name="x810">817.50dp</dimen>
    <dimen name="x811">818.51dp</dimen>
    <dimen name="x812">819.52dp</dimen>
    <dimen name="x813">820.53dp</dimen>
    <dimen name="x814">821.54dp</dimen>
    <dimen name="x815">822.55dp</dimen>
    <dimen name="x816">823.56dp</dimen>
    <dimen name="x817">824.56dp</dimen>
    <dimen name="x818">825.57dp</dimen>
    <dimen name="x819">826.58dp</dimen>
    <dimen name="x820">827.59dp</dimen>
    <dimen name="x821">828.60dp</dimen>
    <dimen name="x822">829.61dp</dimen>
    <dimen name="x823">830.62dp</dimen>
    <dimen name="x824">831.63dp</dimen>
    <dimen name="x825">832.64dp</dimen>
    <dimen name="x826">833.65dp</dimen>
    <dimen name="x827">834.66dp</dimen>
    <dimen name="x828">835.67dp</dimen>
    <dimen name="x829">836.68dp</dimen>
    <dimen name="x830">837.69dp</dimen>
    <dimen name="x831">838.69dp</dimen>
    <dimen name="x832">839.70dp</dimen>
    <dimen name="x833">840.71dp</dimen>
    <dimen name="x834">841.72dp</dimen>
    <dimen name="x835">842.73dp</dimen>
    <dimen name="x836">843.74dp</dimen>
    <dimen name="x837">844.75dp</dimen>
    <dimen name="x838">845.76dp</dimen>
    <dimen name="x839">846.77dp</dimen>
    <dimen name="x840">847.78dp</dimen>
    <dimen name="x841">848.79dp</dimen>
    <dimen name="x842">849.80dp</dimen>
    <dimen name="x843">850.81dp</dimen>
    <dimen name="x844">851.81dp</dimen>
    <dimen name="x845">852.82dp</dimen>
    <dimen name="x846">853.83dp</dimen>
    <dimen name="x847">854.84dp</dimen>
    <dimen name="x848">855.85dp</dimen>
    <dimen name="x849">856.86dp</dimen>
    <dimen name="x850">857.87dp</dimen>
    <dimen name="x851">858.88dp</dimen>
    <dimen name="x852">859.89dp</dimen>
    <dimen name="x853">860.90dp</dimen>
    <dimen name="x854">861.91dp</dimen>
    <dimen name="x855">862.92dp</dimen>
    <dimen name="x856">863.93dp</dimen>
    <dimen name="x857">864.94dp</dimen>
    <dimen name="x858">865.94dp</dimen>
    <dimen name="x859">866.95dp</dimen>
    <dimen name="x860">867.96dp</dimen>
    <dimen name="x861">868.97dp</dimen>
    <dimen name="x862">869.98dp</dimen>
    <dimen name="x863">870.99dp</dimen>
    <dimen name="x864">872.00dp</dimen>
    <dimen name="x865">873.01dp</dimen>
    <dimen name="x866">874.02dp</dimen>
    <dimen name="x867">875.03dp</dimen>
    <dimen name="x868">876.04dp</dimen>
    <dimen name="x869">877.05dp</dimen>
    <dimen name="x870">878.06dp</dimen>
    <dimen name="x871">879.06dp</dimen>
    <dimen name="x872">880.07dp</dimen>
    <dimen name="x873">881.08dp</dimen>
    <dimen name="x874">882.09dp</dimen>
    <dimen name="x875">883.10dp</dimen>
    <dimen name="x876">884.11dp</dimen>
    <dimen name="x877">885.12dp</dimen>
    <dimen name="x878">886.13dp</dimen>
    <dimen name="x879">887.14dp</dimen>
    <dimen name="x880">888.15dp</dimen>
    <dimen name="x881">889.16dp</dimen>
    <dimen name="x882">890.17dp</dimen>
    <dimen name="x883">891.18dp</dimen>
    <dimen name="x884">892.19dp</dimen>
    <dimen name="x885">893.19dp</dimen>
    <dimen name="x886">894.20dp</dimen>
    <dimen name="x887">895.21dp</dimen>
    <dimen name="x888">896.22dp</dimen>
    <dimen name="x889">897.23dp</dimen>
    <dimen name="x890">898.24dp</dimen>
    <dimen name="x891">899.25dp</dimen>
    <dimen name="x892">900.26dp</dimen>
    <dimen name="x893">901.27dp</dimen>
    <dimen name="x894">902.28dp</dimen>
    <dimen name="x895">903.29dp</dimen>
    <dimen name="x896">904.30dp</dimen>
    <dimen name="x897">905.31dp</dimen>
    <dimen name="x898">906.31dp</dimen>
    <dimen name="x899">907.32dp</dimen>
    <dimen name="x900">908.33dp</dimen>
    <dimen name="x901">909.34dp</dimen>
    <dimen name="x902">910.35dp</dimen>
    <dimen name="x903">911.36dp</dimen>
    <dimen name="x904">912.37dp</dimen>
    <dimen name="x905">913.38dp</dimen>
    <dimen name="x906">914.39dp</dimen>
    <dimen name="x907">915.40dp</dimen>
    <dimen name="x908">916.41dp</dimen>
    <dimen name="x909">917.42dp</dimen>
    <dimen name="x910">918.43dp</dimen>
    <dimen name="x911">919.44dp</dimen>
    <dimen name="x912">920.44dp</dimen>
    <dimen name="x913">921.45dp</dimen>
    <dimen name="x914">922.46dp</dimen>
    <dimen name="x915">923.47dp</dimen>
    <dimen name="x916">924.48dp</dimen>
    <dimen name="x917">925.49dp</dimen>
    <dimen name="x918">926.50dp</dimen>
    <dimen name="x919">927.51dp</dimen>
    <dimen name="x920">928.52dp</dimen>
    <dimen name="x921">929.53dp</dimen>
    <dimen name="x922">930.54dp</dimen>
    <dimen name="x923">931.55dp</dimen>
    <dimen name="x924">932.56dp</dimen>
    <dimen name="x925">933.56dp</dimen>
    <dimen name="x926">934.57dp</dimen>
    <dimen name="x927">935.58dp</dimen>
    <dimen name="x928">936.59dp</dimen>
    <dimen name="x929">937.60dp</dimen>
    <dimen name="x930">938.61dp</dimen>
    <dimen name="x931">939.62dp</dimen>
    <dimen name="x932">940.63dp</dimen>
    <dimen name="x933">941.64dp</dimen>
    <dimen name="x934">942.65dp</dimen>
    <dimen name="x935">943.66dp</dimen>
    <dimen name="x936">944.67dp</dimen>
    <dimen name="x937">945.68dp</dimen>
    <dimen name="x938">946.69dp</dimen>
    <dimen name="x939">947.69dp</dimen>
    <dimen name="x940">948.70dp</dimen>
    <dimen name="x941">949.71dp</dimen>
    <dimen name="x942">950.72dp</dimen>
    <dimen name="x943">951.73dp</dimen>
    <dimen name="x944">952.74dp</dimen>
    <dimen name="x945">953.75dp</dimen>
    <dimen name="x946">954.76dp</dimen>
    <dimen name="x947">955.77dp</dimen>
    <dimen name="x948">956.78dp</dimen>
    <dimen name="x949">957.79dp</dimen>
    <dimen name="x950">958.80dp</dimen>
    <dimen name="x951">959.81dp</dimen>
    <dimen name="x952">960.81dp</dimen>
    <dimen name="x953">961.82dp</dimen>
    <dimen name="x954">962.83dp</dimen>
    <dimen name="x955">963.84dp</dimen>
    <dimen name="x956">964.85dp</dimen>
    <dimen name="x957">965.86dp</dimen>
    <dimen name="x958">966.87dp</dimen>
    <dimen name="x959">967.88dp</dimen>
    <dimen name="x960">968.89dp</dimen>
    <dimen name="x961">969.90dp</dimen>
    <dimen name="x962">970.91dp</dimen>
    <dimen name="x963">971.92dp</dimen>
    <dimen name="x964">972.93dp</dimen>
    <dimen name="x965">973.94dp</dimen>
    <dimen name="x966">974.94dp</dimen>
    <dimen name="x967">975.95dp</dimen>
    <dimen name="x968">976.96dp</dimen>
    <dimen name="x969">977.97dp</dimen>
    <dimen name="x970">978.98dp</dimen>
    <dimen name="x971">979.99dp</dimen>
    <dimen name="x972">981.00dp</dimen>
    <dimen name="x973">982.01dp</dimen>
    <dimen name="x974">983.02dp</dimen>
    <dimen name="x975">984.03dp</dimen>
    <dimen name="x976">985.04dp</dimen>
    <dimen name="x977">986.05dp</dimen>
    <dimen name="x978">987.06dp</dimen>
    <dimen name="x979">988.06dp</dimen>
    <dimen name="x980">989.07dp</dimen>
    <dimen name="x981">990.08dp</dimen>
    <dimen name="x982">991.09dp</dimen>
    <dimen name="x983">992.10dp</dimen>
    <dimen name="x984">993.11dp</dimen>
    <dimen name="x985">994.12dp</dimen>
    <dimen name="x986">995.13dp</dimen>
    <dimen name="x987">996.14dp</dimen>
    <dimen name="x988">997.15dp</dimen>
    <dimen name="x989">998.16dp</dimen>
    <dimen name="x990">999.17dp</dimen>
    <dimen name="x991">1000.18dp</dimen>
    <dimen name="x992">1001.19dp</dimen>
    <dimen name="x993">1002.19dp</dimen>
    <dimen name="x994">1003.20dp</dimen>
    <dimen name="x995">1004.21dp</dimen>
    <dimen name="x996">1005.22dp</dimen>
    <dimen name="x997">1006.23dp</dimen>
    <dimen name="x998">1007.24dp</dimen>
    <dimen name="x999">1008.25dp</dimen>
    <dimen name="x1000">1009.26dp</dimen>
    <dimen name="x1001">1010.27dp</dimen>
    <dimen name="x1002">1011.28dp</dimen>
    <dimen name="x1003">1012.29dp</dimen>
    <dimen name="x1004">1013.30dp</dimen>
    <dimen name="x1005">1014.31dp</dimen>
    <dimen name="x1006">1015.31dp</dimen>
    <dimen name="x1007">1016.32dp</dimen>
    <dimen name="x1008">1017.33dp</dimen>
    <dimen name="x1009">1018.34dp</dimen>
    <dimen name="x1010">1019.35dp</dimen>
    <dimen name="x1011">1020.36dp</dimen>
    <dimen name="x1012">1021.37dp</dimen>
    <dimen name="x1013">1022.38dp</dimen>
    <dimen name="x1014">1023.39dp</dimen>
    <dimen name="x1015">1024.40dp</dimen>
    <dimen name="x1016">1025.41dp</dimen>
    <dimen name="x1017">1026.42dp</dimen>
    <dimen name="x1018">1027.43dp</dimen>
    <dimen name="x1019">1028.44dp</dimen>
    <dimen name="x1020">1029.44dp</dimen>
    <dimen name="x1021">1030.45dp</dimen>
    <dimen name="x1022">1031.46dp</dimen>
    <dimen name="x1023">1032.47dp</dimen>
    <dimen name="x1024">1033.48dp</dimen>
    <dimen name="x1025">1034.49dp</dimen>
    <dimen name="x1026">1035.50dp</dimen>
    <dimen name="x1027">1036.51dp</dimen>
    <dimen name="x1028">1037.52dp</dimen>
    <dimen name="x1029">1038.53dp</dimen>
    <dimen name="x1030">1039.54dp</dimen>
    <dimen name="x1031">1040.55dp</dimen>
    <dimen name="x1032">1041.56dp</dimen>
    <dimen name="x1033">1042.56dp</dimen>
    <dimen name="x1034">1043.57dp</dimen>
    <dimen name="x1035">1044.58dp</dimen>
    <dimen name="x1036">1045.59dp</dimen>
    <dimen name="x1037">1046.60dp</dimen>
    <dimen name="x1038">1047.61dp</dimen>
    <dimen name="x1039">1048.62dp</dimen>
    <dimen name="x1040">1049.63dp</dimen>
    <dimen name="x1041">1050.64dp</dimen>
    <dimen name="x1042">1051.65dp</dimen>
    <dimen name="x1043">1052.66dp</dimen>
    <dimen name="x1044">1053.67dp</dimen>
    <dimen name="x1045">1054.68dp</dimen>
    <dimen name="x1046">1055.69dp</dimen>
    <dimen name="x1047">1056.69dp</dimen>
    <dimen name="x1048">1057.70dp</dimen>
    <dimen name="x1049">1058.71dp</dimen>
    <dimen name="x1050">1059.72dp</dimen>
    <dimen name="x1051">1060.73dp</dimen>
    <dimen name="x1052">1061.74dp</dimen>
    <dimen name="x1053">1062.75dp</dimen>
    <dimen name="x1054">1063.76dp</dimen>
    <dimen name="x1055">1064.77dp</dimen>
    <dimen name="x1056">1065.78dp</dimen>
    <dimen name="x1057">1066.79dp</dimen>
    <dimen name="x1058">1067.80dp</dimen>
    <dimen name="x1059">1068.81dp</dimen>
    <dimen name="x1060">1069.81dp</dimen>
    <dimen name="x1061">1070.82dp</dimen>
    <dimen name="x1062">1071.83dp</dimen>
    <dimen name="x1063">1072.84dp</dimen>
    <dimen name="x1064">1073.85dp</dimen>
    <dimen name="x1065">1074.86dp</dimen>
    <dimen name="x1066">1075.87dp</dimen>
    <dimen name="x1067">1076.88dp</dimen>
    <dimen name="x1068">1077.89dp</dimen>
    <dimen name="x1069">1078.90dp</dimen>
    <dimen name="x1070">1079.91dp</dimen>
    <dimen name="x1071">1080.92dp</dimen>
    <dimen name="x1072">1081.93dp</dimen>
    <dimen name="x1073">1082.94dp</dimen>
    <dimen name="x1074">1083.94dp</dimen>
    <dimen name="x1075">1084.95dp</dimen>
    <dimen name="x1076">1085.96dp</dimen>
    <dimen name="x1077">1086.97dp</dimen>
    <dimen name="x1078">1087.98dp</dimen>
    <dimen name="x1079">1088.99dp</dimen>
    <dimen name="x1080">1090.00dp</dimen>
</resources>