<?xml version="1.0" encoding="utf-8"?>
<resources>
    <string name="sw_dp">1080dp</string>
    <dimen name="x1">1.00dp</dimen>
    <dimen name="x2">2.00dp</dimen>
    <dimen name="x3">3.00dp</dimen>
    <dimen name="x4">4.00dp</dimen>
    <dimen name="x5">5.00dp</dimen>
    <dimen name="x6">6.00dp</dimen>
    <dimen name="x7">7.00dp</dimen>
    <dimen name="x8">8.00dp</dimen>
    <dimen name="x9">9.00dp</dimen>
    <dimen name="x10">10.00dp</dimen>
    <dimen name="x11">11.00dp</dimen>
    <dimen name="x12">12.00dp</dimen>
    <dimen name="x13">13.00dp</dimen>
    <dimen name="x14">14.00dp</dimen>
    <dimen name="x15">15.00dp</dimen>
    <dimen name="x16">16.00dp</dimen>
    <dimen name="x17">17.00dp</dimen>
    <dimen name="x18">18.00dp</dimen>
    <dimen name="x19">19.00dp</dimen>
    <dimen name="x20">20.00dp</dimen>
    <dimen name="x21">21.00dp</dimen>
    <dimen name="x22">22.00dp</dimen>
    <dimen name="x23">23.00dp</dimen>
    <dimen name="x24">24.00dp</dimen>
    <dimen name="x25">25.00dp</dimen>
    <dimen name="x26">26.00dp</dimen>
    <dimen name="x27">27.00dp</dimen>
    <dimen name="x28">28.00dp</dimen>
    <dimen name="x29">29.00dp</dimen>
    <dimen name="x30">30.00dp</dimen>
    <dimen name="x31">31.00dp</dimen>
    <dimen name="x32">32.00dp</dimen>
    <dimen name="x33">33.00dp</dimen>
    <dimen name="x34">34.00dp</dimen>
    <dimen name="x35">35.00dp</dimen>
    <dimen name="x36">36.00dp</dimen>
    <dimen name="x37">37.00dp</dimen>
    <dimen name="x38">38.00dp</dimen>
    <dimen name="x39">39.00dp</dimen>
    <dimen name="x40">40.00dp</dimen>
    <dimen name="x41">41.00dp</dimen>
    <dimen name="x42">42.00dp</dimen>
    <dimen name="x43">43.00dp</dimen>
    <dimen name="x44">44.00dp</dimen>
    <dimen name="x45">45.00dp</dimen>
    <dimen name="x46">46.00dp</dimen>
    <dimen name="x47">47.00dp</dimen>
    <dimen name="x48">48.00dp</dimen>
    <dimen name="x49">49.00dp</dimen>
    <dimen name="x50">50.00dp</dimen>
    <dimen name="x51">51.00dp</dimen>
    <dimen name="x52">52.00dp</dimen>
    <dimen name="x53">53.00dp</dimen>
    <dimen name="x54">54.00dp</dimen>
    <dimen name="x55">55.00dp</dimen>
    <dimen name="x56">56.00dp</dimen>
    <dimen name="x57">57.00dp</dimen>
    <dimen name="x58">58.00dp</dimen>
    <dimen name="x59">59.00dp</dimen>
    <dimen name="x60">60.00dp</dimen>
    <dimen name="x61">61.00dp</dimen>
    <dimen name="x62">62.00dp</dimen>
    <dimen name="x63">63.00dp</dimen>
    <dimen name="x64">64.00dp</dimen>
    <dimen name="x65">65.00dp</dimen>
    <dimen name="x66">66.00dp</dimen>
    <dimen name="x67">67.00dp</dimen>
    <dimen name="x68">68.00dp</dimen>
    <dimen name="x69">69.00dp</dimen>
    <dimen name="x70">70.00dp</dimen>
    <dimen name="x71">71.00dp</dimen>
    <dimen name="x72">72.00dp</dimen>
    <dimen name="x73">73.00dp</dimen>
    <dimen name="x74">74.00dp</dimen>
    <dimen name="x75">75.00dp</dimen>
    <dimen name="x76">76.00dp</dimen>
    <dimen name="x77">77.00dp</dimen>
    <dimen name="x78">78.00dp</dimen>
    <dimen name="x79">79.00dp</dimen>
    <dimen name="x80">80.00dp</dimen>
    <dimen name="x81">81.00dp</dimen>
    <dimen name="x82">82.00dp</dimen>
    <dimen name="x83">83.00dp</dimen>
    <dimen name="x84">84.00dp</dimen>
    <dimen name="x85">85.00dp</dimen>
    <dimen name="x86">86.00dp</dimen>
    <dimen name="x87">87.00dp</dimen>
    <dimen name="x88">88.00dp</dimen>
    <dimen name="x89">89.00dp</dimen>
    <dimen name="x90">90.00dp</dimen>
    <dimen name="x91">91.00dp</dimen>
    <dimen name="x92">92.00dp</dimen>
    <dimen name="x93">93.00dp</dimen>
    <dimen name="x94">94.00dp</dimen>
    <dimen name="x95">95.00dp</dimen>
    <dimen name="x96">96.00dp</dimen>
    <dimen name="x97">97.00dp</dimen>
    <dimen name="x98">98.00dp</dimen>
    <dimen name="x99">99.00dp</dimen>
    <dimen name="x100">100.00dp</dimen>
    <dimen name="x101">101.00dp</dimen>
    <dimen name="x102">102.00dp</dimen>
    <dimen name="x103">103.00dp</dimen>
    <dimen name="x104">104.00dp</dimen>
    <dimen name="x105">105.00dp</dimen>
    <dimen name="x106">106.00dp</dimen>
    <dimen name="x107">107.00dp</dimen>
    <dimen name="x108">108.00dp</dimen>
    <dimen name="x109">109.00dp</dimen>
    <dimen name="x110">110.00dp</dimen>
    <dimen name="x111">111.00dp</dimen>
    <dimen name="x112">112.00dp</dimen>
    <dimen name="x113">113.00dp</dimen>
    <dimen name="x114">114.00dp</dimen>
    <dimen name="x115">115.00dp</dimen>
    <dimen name="x116">116.00dp</dimen>
    <dimen name="x117">117.00dp</dimen>
    <dimen name="x118">118.00dp</dimen>
    <dimen name="x119">119.00dp</dimen>
    <dimen name="x120">120.00dp</dimen>
    <dimen name="x121">121.00dp</dimen>
    <dimen name="x122">122.00dp</dimen>
    <dimen name="x123">123.00dp</dimen>
    <dimen name="x124">124.00dp</dimen>
    <dimen name="x125">125.00dp</dimen>
    <dimen name="x126">126.00dp</dimen>
    <dimen name="x127">127.00dp</dimen>
    <dimen name="x128">128.00dp</dimen>
    <dimen name="x129">129.00dp</dimen>
    <dimen name="x130">130.00dp</dimen>
    <dimen name="x131">131.00dp</dimen>
    <dimen name="x132">132.00dp</dimen>
    <dimen name="x133">133.00dp</dimen>
    <dimen name="x134">134.00dp</dimen>
    <dimen name="x135">135.00dp</dimen>
    <dimen name="x136">136.00dp</dimen>
    <dimen name="x137">137.00dp</dimen>
    <dimen name="x138">138.00dp</dimen>
    <dimen name="x139">139.00dp</dimen>
    <dimen name="x140">140.00dp</dimen>
    <dimen name="x141">141.00dp</dimen>
    <dimen name="x142">142.00dp</dimen>
    <dimen name="x143">143.00dp</dimen>
    <dimen name="x144">144.00dp</dimen>
    <dimen name="x145">145.00dp</dimen>
    <dimen name="x146">146.00dp</dimen>
    <dimen name="x147">147.00dp</dimen>
    <dimen name="x148">148.00dp</dimen>
    <dimen name="x149">149.00dp</dimen>
    <dimen name="x150">150.00dp</dimen>
    <dimen name="x151">151.00dp</dimen>
    <dimen name="x152">152.00dp</dimen>
    <dimen name="x153">153.00dp</dimen>
    <dimen name="x154">154.00dp</dimen>
    <dimen name="x155">155.00dp</dimen>
    <dimen name="x156">156.00dp</dimen>
    <dimen name="x157">157.00dp</dimen>
    <dimen name="x158">158.00dp</dimen>
    <dimen name="x159">159.00dp</dimen>
    <dimen name="x160">160.00dp</dimen>
    <dimen name="x161">161.00dp</dimen>
    <dimen name="x162">162.00dp</dimen>
    <dimen name="x163">163.00dp</dimen>
    <dimen name="x164">164.00dp</dimen>
    <dimen name="x165">165.00dp</dimen>
    <dimen name="x166">166.00dp</dimen>
    <dimen name="x167">167.00dp</dimen>
    <dimen name="x168">168.00dp</dimen>
    <dimen name="x169">169.00dp</dimen>
    <dimen name="x170">170.00dp</dimen>
    <dimen name="x171">171.00dp</dimen>
    <dimen name="x172">172.00dp</dimen>
    <dimen name="x173">173.00dp</dimen>
    <dimen name="x174">174.00dp</dimen>
    <dimen name="x175">175.00dp</dimen>
    <dimen name="x176">176.00dp</dimen>
    <dimen name="x177">177.00dp</dimen>
    <dimen name="x178">178.00dp</dimen>
    <dimen name="x179">179.00dp</dimen>
    <dimen name="x180">180.00dp</dimen>
    <dimen name="x181">181.00dp</dimen>
    <dimen name="x182">182.00dp</dimen>
    <dimen name="x183">183.00dp</dimen>
    <dimen name="x184">184.00dp</dimen>
    <dimen name="x185">185.00dp</dimen>
    <dimen name="x186">186.00dp</dimen>
    <dimen name="x187">187.00dp</dimen>
    <dimen name="x188">188.00dp</dimen>
    <dimen name="x189">189.00dp</dimen>
    <dimen name="x190">190.00dp</dimen>
    <dimen name="x191">191.00dp</dimen>
    <dimen name="x192">192.00dp</dimen>
    <dimen name="x193">193.00dp</dimen>
    <dimen name="x194">194.00dp</dimen>
    <dimen name="x195">195.00dp</dimen>
    <dimen name="x196">196.00dp</dimen>
    <dimen name="x197">197.00dp</dimen>
    <dimen name="x198">198.00dp</dimen>
    <dimen name="x199">199.00dp</dimen>
    <dimen name="x200">200.00dp</dimen>
    <dimen name="x201">201.00dp</dimen>
    <dimen name="x202">202.00dp</dimen>
    <dimen name="x203">203.00dp</dimen>
    <dimen name="x204">204.00dp</dimen>
    <dimen name="x205">205.00dp</dimen>
    <dimen name="x206">206.00dp</dimen>
    <dimen name="x207">207.00dp</dimen>
    <dimen name="x208">208.00dp</dimen>
    <dimen name="x209">209.00dp</dimen>
    <dimen name="x210">210.00dp</dimen>
    <dimen name="x211">211.00dp</dimen>
    <dimen name="x212">212.00dp</dimen>
    <dimen name="x213">213.00dp</dimen>
    <dimen name="x214">214.00dp</dimen>
    <dimen name="x215">215.00dp</dimen>
    <dimen name="x216">216.00dp</dimen>
    <dimen name="x217">217.00dp</dimen>
    <dimen name="x218">218.00dp</dimen>
    <dimen name="x219">219.00dp</dimen>
    <dimen name="x220">220.00dp</dimen>
    <dimen name="x221">221.00dp</dimen>
    <dimen name="x222">222.00dp</dimen>
    <dimen name="x223">223.00dp</dimen>
    <dimen name="x224">224.00dp</dimen>
    <dimen name="x225">225.00dp</dimen>
    <dimen name="x226">226.00dp</dimen>
    <dimen name="x227">227.00dp</dimen>
    <dimen name="x228">228.00dp</dimen>
    <dimen name="x229">229.00dp</dimen>
    <dimen name="x230">230.00dp</dimen>
    <dimen name="x231">231.00dp</dimen>
    <dimen name="x232">232.00dp</dimen>
    <dimen name="x233">233.00dp</dimen>
    <dimen name="x234">234.00dp</dimen>
    <dimen name="x235">235.00dp</dimen>
    <dimen name="x236">236.00dp</dimen>
    <dimen name="x237">237.00dp</dimen>
    <dimen name="x238">238.00dp</dimen>
    <dimen name="x239">239.00dp</dimen>
    <dimen name="x240">240.00dp</dimen>
    <dimen name="x241">241.00dp</dimen>
    <dimen name="x242">242.00dp</dimen>
    <dimen name="x243">243.00dp</dimen>
    <dimen name="x244">244.00dp</dimen>
    <dimen name="x245">245.00dp</dimen>
    <dimen name="x246">246.00dp</dimen>
    <dimen name="x247">247.00dp</dimen>
    <dimen name="x248">248.00dp</dimen>
    <dimen name="x249">249.00dp</dimen>
    <dimen name="x250">250.00dp</dimen>
    <dimen name="x251">251.00dp</dimen>
    <dimen name="x252">252.00dp</dimen>
    <dimen name="x253">253.00dp</dimen>
    <dimen name="x254">254.00dp</dimen>
    <dimen name="x255">255.00dp</dimen>
    <dimen name="x256">256.00dp</dimen>
    <dimen name="x257">257.00dp</dimen>
    <dimen name="x258">258.00dp</dimen>
    <dimen name="x259">259.00dp</dimen>
    <dimen name="x260">260.00dp</dimen>
    <dimen name="x261">261.00dp</dimen>
    <dimen name="x262">262.00dp</dimen>
    <dimen name="x263">263.00dp</dimen>
    <dimen name="x264">264.00dp</dimen>
    <dimen name="x265">265.00dp</dimen>
    <dimen name="x266">266.00dp</dimen>
    <dimen name="x267">267.00dp</dimen>
    <dimen name="x268">268.00dp</dimen>
    <dimen name="x269">269.00dp</dimen>
    <dimen name="x270">270.00dp</dimen>
    <dimen name="x271">271.00dp</dimen>
    <dimen name="x272">272.00dp</dimen>
    <dimen name="x273">273.00dp</dimen>
    <dimen name="x274">274.00dp</dimen>
    <dimen name="x275">275.00dp</dimen>
    <dimen name="x276">276.00dp</dimen>
    <dimen name="x277">277.00dp</dimen>
    <dimen name="x278">278.00dp</dimen>
    <dimen name="x279">279.00dp</dimen>
    <dimen name="x280">280.00dp</dimen>
    <dimen name="x281">281.00dp</dimen>
    <dimen name="x282">282.00dp</dimen>
    <dimen name="x283">283.00dp</dimen>
    <dimen name="x284">284.00dp</dimen>
    <dimen name="x285">285.00dp</dimen>
    <dimen name="x286">286.00dp</dimen>
    <dimen name="x287">287.00dp</dimen>
    <dimen name="x288">288.00dp</dimen>
    <dimen name="x289">289.00dp</dimen>
    <dimen name="x290">290.00dp</dimen>
    <dimen name="x291">291.00dp</dimen>
    <dimen name="x292">292.00dp</dimen>
    <dimen name="x293">293.00dp</dimen>
    <dimen name="x294">294.00dp</dimen>
    <dimen name="x295">295.00dp</dimen>
    <dimen name="x296">296.00dp</dimen>
    <dimen name="x297">297.00dp</dimen>
    <dimen name="x298">298.00dp</dimen>
    <dimen name="x299">299.00dp</dimen>
    <dimen name="x300">300.00dp</dimen>
    <dimen name="x301">301.00dp</dimen>
    <dimen name="x302">302.00dp</dimen>
    <dimen name="x303">303.00dp</dimen>
    <dimen name="x304">304.00dp</dimen>
    <dimen name="x305">305.00dp</dimen>
    <dimen name="x306">306.00dp</dimen>
    <dimen name="x307">307.00dp</dimen>
    <dimen name="x308">308.00dp</dimen>
    <dimen name="x309">309.00dp</dimen>
    <dimen name="x310">310.00dp</dimen>
    <dimen name="x311">311.00dp</dimen>
    <dimen name="x312">312.00dp</dimen>
    <dimen name="x313">313.00dp</dimen>
    <dimen name="x314">314.00dp</dimen>
    <dimen name="x315">315.00dp</dimen>
    <dimen name="x316">316.00dp</dimen>
    <dimen name="x317">317.00dp</dimen>
    <dimen name="x318">318.00dp</dimen>
    <dimen name="x319">319.00dp</dimen>
    <dimen name="x320">320.00dp</dimen>
    <dimen name="x321">321.00dp</dimen>
    <dimen name="x322">322.00dp</dimen>
    <dimen name="x323">323.00dp</dimen>
    <dimen name="x324">324.00dp</dimen>
    <dimen name="x325">325.00dp</dimen>
    <dimen name="x326">326.00dp</dimen>
    <dimen name="x327">327.00dp</dimen>
    <dimen name="x328">328.00dp</dimen>
    <dimen name="x329">329.00dp</dimen>
    <dimen name="x330">330.00dp</dimen>
    <dimen name="x331">331.00dp</dimen>
    <dimen name="x332">332.00dp</dimen>
    <dimen name="x333">333.00dp</dimen>
    <dimen name="x334">334.00dp</dimen>
    <dimen name="x335">335.00dp</dimen>
    <dimen name="x336">336.00dp</dimen>
    <dimen name="x337">337.00dp</dimen>
    <dimen name="x338">338.00dp</dimen>
    <dimen name="x339">339.00dp</dimen>
    <dimen name="x340">340.00dp</dimen>
    <dimen name="x341">341.00dp</dimen>
    <dimen name="x342">342.00dp</dimen>
    <dimen name="x343">343.00dp</dimen>
    <dimen name="x344">344.00dp</dimen>
    <dimen name="x345">345.00dp</dimen>
    <dimen name="x346">346.00dp</dimen>
    <dimen name="x347">347.00dp</dimen>
    <dimen name="x348">348.00dp</dimen>
    <dimen name="x349">349.00dp</dimen>
    <dimen name="x350">350.00dp</dimen>
    <dimen name="x351">351.00dp</dimen>
    <dimen name="x352">352.00dp</dimen>
    <dimen name="x353">353.00dp</dimen>
    <dimen name="x354">354.00dp</dimen>
    <dimen name="x355">355.00dp</dimen>
    <dimen name="x356">356.00dp</dimen>
    <dimen name="x357">357.00dp</dimen>
    <dimen name="x358">358.00dp</dimen>
    <dimen name="x359">359.00dp</dimen>
    <dimen name="x360">360.00dp</dimen>
    <dimen name="x361">361.00dp</dimen>
    <dimen name="x362">362.00dp</dimen>
    <dimen name="x363">363.00dp</dimen>
    <dimen name="x364">364.00dp</dimen>
    <dimen name="x365">365.00dp</dimen>
    <dimen name="x366">366.00dp</dimen>
    <dimen name="x367">367.00dp</dimen>
    <dimen name="x368">368.00dp</dimen>
    <dimen name="x369">369.00dp</dimen>
    <dimen name="x370">370.00dp</dimen>
    <dimen name="x371">371.00dp</dimen>
    <dimen name="x372">372.00dp</dimen>
    <dimen name="x373">373.00dp</dimen>
    <dimen name="x374">374.00dp</dimen>
    <dimen name="x375">375.00dp</dimen>
    <dimen name="x376">376.00dp</dimen>
    <dimen name="x377">377.00dp</dimen>
    <dimen name="x378">378.00dp</dimen>
    <dimen name="x379">379.00dp</dimen>
    <dimen name="x380">380.00dp</dimen>
    <dimen name="x381">381.00dp</dimen>
    <dimen name="x382">382.00dp</dimen>
    <dimen name="x383">383.00dp</dimen>
    <dimen name="x384">384.00dp</dimen>
    <dimen name="x385">385.00dp</dimen>
    <dimen name="x386">386.00dp</dimen>
    <dimen name="x387">387.00dp</dimen>
    <dimen name="x388">388.00dp</dimen>
    <dimen name="x389">389.00dp</dimen>
    <dimen name="x390">390.00dp</dimen>
    <dimen name="x391">391.00dp</dimen>
    <dimen name="x392">392.00dp</dimen>
    <dimen name="x393">393.00dp</dimen>
    <dimen name="x394">394.00dp</dimen>
    <dimen name="x395">395.00dp</dimen>
    <dimen name="x396">396.00dp</dimen>
    <dimen name="x397">397.00dp</dimen>
    <dimen name="x398">398.00dp</dimen>
    <dimen name="x399">399.00dp</dimen>
    <dimen name="x400">400.00dp</dimen>
    <dimen name="x401">401.00dp</dimen>
    <dimen name="x402">402.00dp</dimen>
    <dimen name="x403">403.00dp</dimen>
    <dimen name="x404">404.00dp</dimen>
    <dimen name="x405">405.00dp</dimen>
    <dimen name="x406">406.00dp</dimen>
    <dimen name="x407">407.00dp</dimen>
    <dimen name="x408">408.00dp</dimen>
    <dimen name="x409">409.00dp</dimen>
    <dimen name="x410">410.00dp</dimen>
    <dimen name="x411">411.00dp</dimen>
    <dimen name="x412">412.00dp</dimen>
    <dimen name="x413">413.00dp</dimen>
    <dimen name="x414">414.00dp</dimen>
    <dimen name="x415">415.00dp</dimen>
    <dimen name="x416">416.00dp</dimen>
    <dimen name="x417">417.00dp</dimen>
    <dimen name="x418">418.00dp</dimen>
    <dimen name="x419">419.00dp</dimen>
    <dimen name="x420">420.00dp</dimen>
    <dimen name="x421">421.00dp</dimen>
    <dimen name="x422">422.00dp</dimen>
    <dimen name="x423">423.00dp</dimen>
    <dimen name="x424">424.00dp</dimen>
    <dimen name="x425">425.00dp</dimen>
    <dimen name="x426">426.00dp</dimen>
    <dimen name="x427">427.00dp</dimen>
    <dimen name="x428">428.00dp</dimen>
    <dimen name="x429">429.00dp</dimen>
    <dimen name="x430">430.00dp</dimen>
    <dimen name="x431">431.00dp</dimen>
    <dimen name="x432">432.00dp</dimen>
    <dimen name="x433">433.00dp</dimen>
    <dimen name="x434">434.00dp</dimen>
    <dimen name="x435">435.00dp</dimen>
    <dimen name="x436">436.00dp</dimen>
    <dimen name="x437">437.00dp</dimen>
    <dimen name="x438">438.00dp</dimen>
    <dimen name="x439">439.00dp</dimen>
    <dimen name="x440">440.00dp</dimen>
    <dimen name="x441">441.00dp</dimen>
    <dimen name="x442">442.00dp</dimen>
    <dimen name="x443">443.00dp</dimen>
    <dimen name="x444">444.00dp</dimen>
    <dimen name="x445">445.00dp</dimen>
    <dimen name="x446">446.00dp</dimen>
    <dimen name="x447">447.00dp</dimen>
    <dimen name="x448">448.00dp</dimen>
    <dimen name="x449">449.00dp</dimen>
    <dimen name="x450">450.00dp</dimen>
    <dimen name="x451">451.00dp</dimen>
    <dimen name="x452">452.00dp</dimen>
    <dimen name="x453">453.00dp</dimen>
    <dimen name="x454">454.00dp</dimen>
    <dimen name="x455">455.00dp</dimen>
    <dimen name="x456">456.00dp</dimen>
    <dimen name="x457">457.00dp</dimen>
    <dimen name="x458">458.00dp</dimen>
    <dimen name="x459">459.00dp</dimen>
    <dimen name="x460">460.00dp</dimen>
    <dimen name="x461">461.00dp</dimen>
    <dimen name="x462">462.00dp</dimen>
    <dimen name="x463">463.00dp</dimen>
    <dimen name="x464">464.00dp</dimen>
    <dimen name="x465">465.00dp</dimen>
    <dimen name="x466">466.00dp</dimen>
    <dimen name="x467">467.00dp</dimen>
    <dimen name="x468">468.00dp</dimen>
    <dimen name="x469">469.00dp</dimen>
    <dimen name="x470">470.00dp</dimen>
    <dimen name="x471">471.00dp</dimen>
    <dimen name="x472">472.00dp</dimen>
    <dimen name="x473">473.00dp</dimen>
    <dimen name="x474">474.00dp</dimen>
    <dimen name="x475">475.00dp</dimen>
    <dimen name="x476">476.00dp</dimen>
    <dimen name="x477">477.00dp</dimen>
    <dimen name="x478">478.00dp</dimen>
    <dimen name="x479">479.00dp</dimen>
    <dimen name="x480">480.00dp</dimen>
    <dimen name="x481">481.00dp</dimen>
    <dimen name="x482">482.00dp</dimen>
    <dimen name="x483">483.00dp</dimen>
    <dimen name="x484">484.00dp</dimen>
    <dimen name="x485">485.00dp</dimen>
    <dimen name="x486">486.00dp</dimen>
    <dimen name="x487">487.00dp</dimen>
    <dimen name="x488">488.00dp</dimen>
    <dimen name="x489">489.00dp</dimen>
    <dimen name="x490">490.00dp</dimen>
    <dimen name="x491">491.00dp</dimen>
    <dimen name="x492">492.00dp</dimen>
    <dimen name="x493">493.00dp</dimen>
    <dimen name="x494">494.00dp</dimen>
    <dimen name="x495">495.00dp</dimen>
    <dimen name="x496">496.00dp</dimen>
    <dimen name="x497">497.00dp</dimen>
    <dimen name="x498">498.00dp</dimen>
    <dimen name="x499">499.00dp</dimen>
    <dimen name="x500">500.00dp</dimen>
    <dimen name="x501">501.00dp</dimen>
    <dimen name="x502">502.00dp</dimen>
    <dimen name="x503">503.00dp</dimen>
    <dimen name="x504">504.00dp</dimen>
    <dimen name="x505">505.00dp</dimen>
    <dimen name="x506">506.00dp</dimen>
    <dimen name="x507">507.00dp</dimen>
    <dimen name="x508">508.00dp</dimen>
    <dimen name="x509">509.00dp</dimen>
    <dimen name="x510">510.00dp</dimen>
    <dimen name="x511">511.00dp</dimen>
    <dimen name="x512">512.00dp</dimen>
    <dimen name="x513">513.00dp</dimen>
    <dimen name="x514">514.00dp</dimen>
    <dimen name="x515">515.00dp</dimen>
    <dimen name="x516">516.00dp</dimen>
    <dimen name="x517">517.00dp</dimen>
    <dimen name="x518">518.00dp</dimen>
    <dimen name="x519">519.00dp</dimen>
    <dimen name="x520">520.00dp</dimen>
    <dimen name="x521">521.00dp</dimen>
    <dimen name="x522">522.00dp</dimen>
    <dimen name="x523">523.00dp</dimen>
    <dimen name="x524">524.00dp</dimen>
    <dimen name="x525">525.00dp</dimen>
    <dimen name="x526">526.00dp</dimen>
    <dimen name="x527">527.00dp</dimen>
    <dimen name="x528">528.00dp</dimen>
    <dimen name="x529">529.00dp</dimen>
    <dimen name="x530">530.00dp</dimen>
    <dimen name="x531">531.00dp</dimen>
    <dimen name="x532">532.00dp</dimen>
    <dimen name="x533">533.00dp</dimen>
    <dimen name="x534">534.00dp</dimen>
    <dimen name="x535">535.00dp</dimen>
    <dimen name="x536">536.00dp</dimen>
    <dimen name="x537">537.00dp</dimen>
    <dimen name="x538">538.00dp</dimen>
    <dimen name="x539">539.00dp</dimen>
    <dimen name="x540">540.00dp</dimen>
    <dimen name="x541">541.00dp</dimen>
    <dimen name="x542">542.00dp</dimen>
    <dimen name="x543">543.00dp</dimen>
    <dimen name="x544">544.00dp</dimen>
    <dimen name="x545">545.00dp</dimen>
    <dimen name="x546">546.00dp</dimen>
    <dimen name="x547">547.00dp</dimen>
    <dimen name="x548">548.00dp</dimen>
    <dimen name="x549">549.00dp</dimen>
    <dimen name="x550">550.00dp</dimen>
    <dimen name="x551">551.00dp</dimen>
    <dimen name="x552">552.00dp</dimen>
    <dimen name="x553">553.00dp</dimen>
    <dimen name="x554">554.00dp</dimen>
    <dimen name="x555">555.00dp</dimen>
    <dimen name="x556">556.00dp</dimen>
    <dimen name="x557">557.00dp</dimen>
    <dimen name="x558">558.00dp</dimen>
    <dimen name="x559">559.00dp</dimen>
    <dimen name="x560">560.00dp</dimen>
    <dimen name="x561">561.00dp</dimen>
    <dimen name="x562">562.00dp</dimen>
    <dimen name="x563">563.00dp</dimen>
    <dimen name="x564">564.00dp</dimen>
    <dimen name="x565">565.00dp</dimen>
    <dimen name="x566">566.00dp</dimen>
    <dimen name="x567">567.00dp</dimen>
    <dimen name="x568">568.00dp</dimen>
    <dimen name="x569">569.00dp</dimen>
    <dimen name="x570">570.00dp</dimen>
    <dimen name="x571">571.00dp</dimen>
    <dimen name="x572">572.00dp</dimen>
    <dimen name="x573">573.00dp</dimen>
    <dimen name="x574">574.00dp</dimen>
    <dimen name="x575">575.00dp</dimen>
    <dimen name="x576">576.00dp</dimen>
    <dimen name="x577">577.00dp</dimen>
    <dimen name="x578">578.00dp</dimen>
    <dimen name="x579">579.00dp</dimen>
    <dimen name="x580">580.00dp</dimen>
    <dimen name="x581">581.00dp</dimen>
    <dimen name="x582">582.00dp</dimen>
    <dimen name="x583">583.00dp</dimen>
    <dimen name="x584">584.00dp</dimen>
    <dimen name="x585">585.00dp</dimen>
    <dimen name="x586">586.00dp</dimen>
    <dimen name="x587">587.00dp</dimen>
    <dimen name="x588">588.00dp</dimen>
    <dimen name="x589">589.00dp</dimen>
    <dimen name="x590">590.00dp</dimen>
    <dimen name="x591">591.00dp</dimen>
    <dimen name="x592">592.00dp</dimen>
    <dimen name="x593">593.00dp</dimen>
    <dimen name="x594">594.00dp</dimen>
    <dimen name="x595">595.00dp</dimen>
    <dimen name="x596">596.00dp</dimen>
    <dimen name="x597">597.00dp</dimen>
    <dimen name="x598">598.00dp</dimen>
    <dimen name="x599">599.00dp</dimen>
    <dimen name="x600">600.00dp</dimen>
    <dimen name="x601">601.00dp</dimen>
    <dimen name="x602">602.00dp</dimen>
    <dimen name="x603">603.00dp</dimen>
    <dimen name="x604">604.00dp</dimen>
    <dimen name="x605">605.00dp</dimen>
    <dimen name="x606">606.00dp</dimen>
    <dimen name="x607">607.00dp</dimen>
    <dimen name="x608">608.00dp</dimen>
    <dimen name="x609">609.00dp</dimen>
    <dimen name="x610">610.00dp</dimen>
    <dimen name="x611">611.00dp</dimen>
    <dimen name="x612">612.00dp</dimen>
    <dimen name="x613">613.00dp</dimen>
    <dimen name="x614">614.00dp</dimen>
    <dimen name="x615">615.00dp</dimen>
    <dimen name="x616">616.00dp</dimen>
    <dimen name="x617">617.00dp</dimen>
    <dimen name="x618">618.00dp</dimen>
    <dimen name="x619">619.00dp</dimen>
    <dimen name="x620">620.00dp</dimen>
    <dimen name="x621">621.00dp</dimen>
    <dimen name="x622">622.00dp</dimen>
    <dimen name="x623">623.00dp</dimen>
    <dimen name="x624">624.00dp</dimen>
    <dimen name="x625">625.00dp</dimen>
    <dimen name="x626">626.00dp</dimen>
    <dimen name="x627">627.00dp</dimen>
    <dimen name="x628">628.00dp</dimen>
    <dimen name="x629">629.00dp</dimen>
    <dimen name="x630">630.00dp</dimen>
    <dimen name="x631">631.00dp</dimen>
    <dimen name="x632">632.00dp</dimen>
    <dimen name="x633">633.00dp</dimen>
    <dimen name="x634">634.00dp</dimen>
    <dimen name="x635">635.00dp</dimen>
    <dimen name="x636">636.00dp</dimen>
    <dimen name="x637">637.00dp</dimen>
    <dimen name="x638">638.00dp</dimen>
    <dimen name="x639">639.00dp</dimen>
    <dimen name="x640">640.00dp</dimen>
    <dimen name="x641">641.00dp</dimen>
    <dimen name="x642">642.00dp</dimen>
    <dimen name="x643">643.00dp</dimen>
    <dimen name="x644">644.00dp</dimen>
    <dimen name="x645">645.00dp</dimen>
    <dimen name="x646">646.00dp</dimen>
    <dimen name="x647">647.00dp</dimen>
    <dimen name="x648">648.00dp</dimen>
    <dimen name="x649">649.00dp</dimen>
    <dimen name="x650">650.00dp</dimen>
    <dimen name="x651">651.00dp</dimen>
    <dimen name="x652">652.00dp</dimen>
    <dimen name="x653">653.00dp</dimen>
    <dimen name="x654">654.00dp</dimen>
    <dimen name="x655">655.00dp</dimen>
    <dimen name="x656">656.00dp</dimen>
    <dimen name="x657">657.00dp</dimen>
    <dimen name="x658">658.00dp</dimen>
    <dimen name="x659">659.00dp</dimen>
    <dimen name="x660">660.00dp</dimen>
    <dimen name="x661">661.00dp</dimen>
    <dimen name="x662">662.00dp</dimen>
    <dimen name="x663">663.00dp</dimen>
    <dimen name="x664">664.00dp</dimen>
    <dimen name="x665">665.00dp</dimen>
    <dimen name="x666">666.00dp</dimen>
    <dimen name="x667">667.00dp</dimen>
    <dimen name="x668">668.00dp</dimen>
    <dimen name="x669">669.00dp</dimen>
    <dimen name="x670">670.00dp</dimen>
    <dimen name="x671">671.00dp</dimen>
    <dimen name="x672">672.00dp</dimen>
    <dimen name="x673">673.00dp</dimen>
    <dimen name="x674">674.00dp</dimen>
    <dimen name="x675">675.00dp</dimen>
    <dimen name="x676">676.00dp</dimen>
    <dimen name="x677">677.00dp</dimen>
    <dimen name="x678">678.00dp</dimen>
    <dimen name="x679">679.00dp</dimen>
    <dimen name="x680">680.00dp</dimen>
    <dimen name="x681">681.00dp</dimen>
    <dimen name="x682">682.00dp</dimen>
    <dimen name="x683">683.00dp</dimen>
    <dimen name="x684">684.00dp</dimen>
    <dimen name="x685">685.00dp</dimen>
    <dimen name="x686">686.00dp</dimen>
    <dimen name="x687">687.00dp</dimen>
    <dimen name="x688">688.00dp</dimen>
    <dimen name="x689">689.00dp</dimen>
    <dimen name="x690">690.00dp</dimen>
    <dimen name="x691">691.00dp</dimen>
    <dimen name="x692">692.00dp</dimen>
    <dimen name="x693">693.00dp</dimen>
    <dimen name="x694">694.00dp</dimen>
    <dimen name="x695">695.00dp</dimen>
    <dimen name="x696">696.00dp</dimen>
    <dimen name="x697">697.00dp</dimen>
    <dimen name="x698">698.00dp</dimen>
    <dimen name="x699">699.00dp</dimen>
    <dimen name="x700">700.00dp</dimen>
    <dimen name="x701">701.00dp</dimen>
    <dimen name="x702">702.00dp</dimen>
    <dimen name="x703">703.00dp</dimen>
    <dimen name="x704">704.00dp</dimen>
    <dimen name="x705">705.00dp</dimen>
    <dimen name="x706">706.00dp</dimen>
    <dimen name="x707">707.00dp</dimen>
    <dimen name="x708">708.00dp</dimen>
    <dimen name="x709">709.00dp</dimen>
    <dimen name="x710">710.00dp</dimen>
    <dimen name="x711">711.00dp</dimen>
    <dimen name="x712">712.00dp</dimen>
    <dimen name="x713">713.00dp</dimen>
    <dimen name="x714">714.00dp</dimen>
    <dimen name="x715">715.00dp</dimen>
    <dimen name="x716">716.00dp</dimen>
    <dimen name="x717">717.00dp</dimen>
    <dimen name="x718">718.00dp</dimen>
    <dimen name="x719">719.00dp</dimen>
    <dimen name="x720">720.00dp</dimen>
    <dimen name="x721">721.00dp</dimen>
    <dimen name="x722">722.00dp</dimen>
    <dimen name="x723">723.00dp</dimen>
    <dimen name="x724">724.00dp</dimen>
    <dimen name="x725">725.00dp</dimen>
    <dimen name="x726">726.00dp</dimen>
    <dimen name="x727">727.00dp</dimen>
    <dimen name="x728">728.00dp</dimen>
    <dimen name="x729">729.00dp</dimen>
    <dimen name="x730">730.00dp</dimen>
    <dimen name="x731">731.00dp</dimen>
    <dimen name="x732">732.00dp</dimen>
    <dimen name="x733">733.00dp</dimen>
    <dimen name="x734">734.00dp</dimen>
    <dimen name="x735">735.00dp</dimen>
    <dimen name="x736">736.00dp</dimen>
    <dimen name="x737">737.00dp</dimen>
    <dimen name="x738">738.00dp</dimen>
    <dimen name="x739">739.00dp</dimen>
    <dimen name="x740">740.00dp</dimen>
    <dimen name="x741">741.00dp</dimen>
    <dimen name="x742">742.00dp</dimen>
    <dimen name="x743">743.00dp</dimen>
    <dimen name="x744">744.00dp</dimen>
    <dimen name="x745">745.00dp</dimen>
    <dimen name="x746">746.00dp</dimen>
    <dimen name="x747">747.00dp</dimen>
    <dimen name="x748">748.00dp</dimen>
    <dimen name="x749">749.00dp</dimen>
    <dimen name="x750">750.00dp</dimen>
    <dimen name="x751">751.00dp</dimen>
    <dimen name="x752">752.00dp</dimen>
    <dimen name="x753">753.00dp</dimen>
    <dimen name="x754">754.00dp</dimen>
    <dimen name="x755">755.00dp</dimen>
    <dimen name="x756">756.00dp</dimen>
    <dimen name="x757">757.00dp</dimen>
    <dimen name="x758">758.00dp</dimen>
    <dimen name="x759">759.00dp</dimen>
    <dimen name="x760">760.00dp</dimen>
    <dimen name="x761">761.00dp</dimen>
    <dimen name="x762">762.00dp</dimen>
    <dimen name="x763">763.00dp</dimen>
    <dimen name="x764">764.00dp</dimen>
    <dimen name="x765">765.00dp</dimen>
    <dimen name="x766">766.00dp</dimen>
    <dimen name="x767">767.00dp</dimen>
    <dimen name="x768">768.00dp</dimen>
    <dimen name="x769">769.00dp</dimen>
    <dimen name="x770">770.00dp</dimen>
    <dimen name="x771">771.00dp</dimen>
    <dimen name="x772">772.00dp</dimen>
    <dimen name="x773">773.00dp</dimen>
    <dimen name="x774">774.00dp</dimen>
    <dimen name="x775">775.00dp</dimen>
    <dimen name="x776">776.00dp</dimen>
    <dimen name="x777">777.00dp</dimen>
    <dimen name="x778">778.00dp</dimen>
    <dimen name="x779">779.00dp</dimen>
    <dimen name="x780">780.00dp</dimen>
    <dimen name="x781">781.00dp</dimen>
    <dimen name="x782">782.00dp</dimen>
    <dimen name="x783">783.00dp</dimen>
    <dimen name="x784">784.00dp</dimen>
    <dimen name="x785">785.00dp</dimen>
    <dimen name="x786">786.00dp</dimen>
    <dimen name="x787">787.00dp</dimen>
    <dimen name="x788">788.00dp</dimen>
    <dimen name="x789">789.00dp</dimen>
    <dimen name="x790">790.00dp</dimen>
    <dimen name="x791">791.00dp</dimen>
    <dimen name="x792">792.00dp</dimen>
    <dimen name="x793">793.00dp</dimen>
    <dimen name="x794">794.00dp</dimen>
    <dimen name="x795">795.00dp</dimen>
    <dimen name="x796">796.00dp</dimen>
    <dimen name="x797">797.00dp</dimen>
    <dimen name="x798">798.00dp</dimen>
    <dimen name="x799">799.00dp</dimen>
    <dimen name="x800">800.00dp</dimen>
    <dimen name="x801">801.00dp</dimen>
    <dimen name="x802">802.00dp</dimen>
    <dimen name="x803">803.00dp</dimen>
    <dimen name="x804">804.00dp</dimen>
    <dimen name="x805">805.00dp</dimen>
    <dimen name="x806">806.00dp</dimen>
    <dimen name="x807">807.00dp</dimen>
    <dimen name="x808">808.00dp</dimen>
    <dimen name="x809">809.00dp</dimen>
    <dimen name="x810">810.00dp</dimen>
    <dimen name="x811">811.00dp</dimen>
    <dimen name="x812">812.00dp</dimen>
    <dimen name="x813">813.00dp</dimen>
    <dimen name="x814">814.00dp</dimen>
    <dimen name="x815">815.00dp</dimen>
    <dimen name="x816">816.00dp</dimen>
    <dimen name="x817">817.00dp</dimen>
    <dimen name="x818">818.00dp</dimen>
    <dimen name="x819">819.00dp</dimen>
    <dimen name="x820">820.00dp</dimen>
    <dimen name="x821">821.00dp</dimen>
    <dimen name="x822">822.00dp</dimen>
    <dimen name="x823">823.00dp</dimen>
    <dimen name="x824">824.00dp</dimen>
    <dimen name="x825">825.00dp</dimen>
    <dimen name="x826">826.00dp</dimen>
    <dimen name="x827">827.00dp</dimen>
    <dimen name="x828">828.00dp</dimen>
    <dimen name="x829">829.00dp</dimen>
    <dimen name="x830">830.00dp</dimen>
    <dimen name="x831">831.00dp</dimen>
    <dimen name="x832">832.00dp</dimen>
    <dimen name="x833">833.00dp</dimen>
    <dimen name="x834">834.00dp</dimen>
    <dimen name="x835">835.00dp</dimen>
    <dimen name="x836">836.00dp</dimen>
    <dimen name="x837">837.00dp</dimen>
    <dimen name="x838">838.00dp</dimen>
    <dimen name="x839">839.00dp</dimen>
    <dimen name="x840">840.00dp</dimen>
    <dimen name="x841">841.00dp</dimen>
    <dimen name="x842">842.00dp</dimen>
    <dimen name="x843">843.00dp</dimen>
    <dimen name="x844">844.00dp</dimen>
    <dimen name="x845">845.00dp</dimen>
    <dimen name="x846">846.00dp</dimen>
    <dimen name="x847">847.00dp</dimen>
    <dimen name="x848">848.00dp</dimen>
    <dimen name="x849">849.00dp</dimen>
    <dimen name="x850">850.00dp</dimen>
    <dimen name="x851">851.00dp</dimen>
    <dimen name="x852">852.00dp</dimen>
    <dimen name="x853">853.00dp</dimen>
    <dimen name="x854">854.00dp</dimen>
    <dimen name="x855">855.00dp</dimen>
    <dimen name="x856">856.00dp</dimen>
    <dimen name="x857">857.00dp</dimen>
    <dimen name="x858">858.00dp</dimen>
    <dimen name="x859">859.00dp</dimen>
    <dimen name="x860">860.00dp</dimen>
    <dimen name="x861">861.00dp</dimen>
    <dimen name="x862">862.00dp</dimen>
    <dimen name="x863">863.00dp</dimen>
    <dimen name="x864">864.00dp</dimen>
    <dimen name="x865">865.00dp</dimen>
    <dimen name="x866">866.00dp</dimen>
    <dimen name="x867">867.00dp</dimen>
    <dimen name="x868">868.00dp</dimen>
    <dimen name="x869">869.00dp</dimen>
    <dimen name="x870">870.00dp</dimen>
    <dimen name="x871">871.00dp</dimen>
    <dimen name="x872">872.00dp</dimen>
    <dimen name="x873">873.00dp</dimen>
    <dimen name="x874">874.00dp</dimen>
    <dimen name="x875">875.00dp</dimen>
    <dimen name="x876">876.00dp</dimen>
    <dimen name="x877">877.00dp</dimen>
    <dimen name="x878">878.00dp</dimen>
    <dimen name="x879">879.00dp</dimen>
    <dimen name="x880">880.00dp</dimen>
    <dimen name="x881">881.00dp</dimen>
    <dimen name="x882">882.00dp</dimen>
    <dimen name="x883">883.00dp</dimen>
    <dimen name="x884">884.00dp</dimen>
    <dimen name="x885">885.00dp</dimen>
    <dimen name="x886">886.00dp</dimen>
    <dimen name="x887">887.00dp</dimen>
    <dimen name="x888">888.00dp</dimen>
    <dimen name="x889">889.00dp</dimen>
    <dimen name="x890">890.00dp</dimen>
    <dimen name="x891">891.00dp</dimen>
    <dimen name="x892">892.00dp</dimen>
    <dimen name="x893">893.00dp</dimen>
    <dimen name="x894">894.00dp</dimen>
    <dimen name="x895">895.00dp</dimen>
    <dimen name="x896">896.00dp</dimen>
    <dimen name="x897">897.00dp</dimen>
    <dimen name="x898">898.00dp</dimen>
    <dimen name="x899">899.00dp</dimen>
    <dimen name="x900">900.00dp</dimen>
    <dimen name="x901">901.00dp</dimen>
    <dimen name="x902">902.00dp</dimen>
    <dimen name="x903">903.00dp</dimen>
    <dimen name="x904">904.00dp</dimen>
    <dimen name="x905">905.00dp</dimen>
    <dimen name="x906">906.00dp</dimen>
    <dimen name="x907">907.00dp</dimen>
    <dimen name="x908">908.00dp</dimen>
    <dimen name="x909">909.00dp</dimen>
    <dimen name="x910">910.00dp</dimen>
    <dimen name="x911">911.00dp</dimen>
    <dimen name="x912">912.00dp</dimen>
    <dimen name="x913">913.00dp</dimen>
    <dimen name="x914">914.00dp</dimen>
    <dimen name="x915">915.00dp</dimen>
    <dimen name="x916">916.00dp</dimen>
    <dimen name="x917">917.00dp</dimen>
    <dimen name="x918">918.00dp</dimen>
    <dimen name="x919">919.00dp</dimen>
    <dimen name="x920">920.00dp</dimen>
    <dimen name="x921">921.00dp</dimen>
    <dimen name="x922">922.00dp</dimen>
    <dimen name="x923">923.00dp</dimen>
    <dimen name="x924">924.00dp</dimen>
    <dimen name="x925">925.00dp</dimen>
    <dimen name="x926">926.00dp</dimen>
    <dimen name="x927">927.00dp</dimen>
    <dimen name="x928">928.00dp</dimen>
    <dimen name="x929">929.00dp</dimen>
    <dimen name="x930">930.00dp</dimen>
    <dimen name="x931">931.00dp</dimen>
    <dimen name="x932">932.00dp</dimen>
    <dimen name="x933">933.00dp</dimen>
    <dimen name="x934">934.00dp</dimen>
    <dimen name="x935">935.00dp</dimen>
    <dimen name="x936">936.00dp</dimen>
    <dimen name="x937">937.00dp</dimen>
    <dimen name="x938">938.00dp</dimen>
    <dimen name="x939">939.00dp</dimen>
    <dimen name="x940">940.00dp</dimen>
    <dimen name="x941">941.00dp</dimen>
    <dimen name="x942">942.00dp</dimen>
    <dimen name="x943">943.00dp</dimen>
    <dimen name="x944">944.00dp</dimen>
    <dimen name="x945">945.00dp</dimen>
    <dimen name="x946">946.00dp</dimen>
    <dimen name="x947">947.00dp</dimen>
    <dimen name="x948">948.00dp</dimen>
    <dimen name="x949">949.00dp</dimen>
    <dimen name="x950">950.00dp</dimen>
    <dimen name="x951">951.00dp</dimen>
    <dimen name="x952">952.00dp</dimen>
    <dimen name="x953">953.00dp</dimen>
    <dimen name="x954">954.00dp</dimen>
    <dimen name="x955">955.00dp</dimen>
    <dimen name="x956">956.00dp</dimen>
    <dimen name="x957">957.00dp</dimen>
    <dimen name="x958">958.00dp</dimen>
    <dimen name="x959">959.00dp</dimen>
    <dimen name="x960">960.00dp</dimen>
    <dimen name="x961">961.00dp</dimen>
    <dimen name="x962">962.00dp</dimen>
    <dimen name="x963">963.00dp</dimen>
    <dimen name="x964">964.00dp</dimen>
    <dimen name="x965">965.00dp</dimen>
    <dimen name="x966">966.00dp</dimen>
    <dimen name="x967">967.00dp</dimen>
    <dimen name="x968">968.00dp</dimen>
    <dimen name="x969">969.00dp</dimen>
    <dimen name="x970">970.00dp</dimen>
    <dimen name="x971">971.00dp</dimen>
    <dimen name="x972">972.00dp</dimen>
    <dimen name="x973">973.00dp</dimen>
    <dimen name="x974">974.00dp</dimen>
    <dimen name="x975">975.00dp</dimen>
    <dimen name="x976">976.00dp</dimen>
    <dimen name="x977">977.00dp</dimen>
    <dimen name="x978">978.00dp</dimen>
    <dimen name="x979">979.00dp</dimen>
    <dimen name="x980">980.00dp</dimen>
    <dimen name="x981">981.00dp</dimen>
    <dimen name="x982">982.00dp</dimen>
    <dimen name="x983">983.00dp</dimen>
    <dimen name="x984">984.00dp</dimen>
    <dimen name="x985">985.00dp</dimen>
    <dimen name="x986">986.00dp</dimen>
    <dimen name="x987">987.00dp</dimen>
    <dimen name="x988">988.00dp</dimen>
    <dimen name="x989">989.00dp</dimen>
    <dimen name="x990">990.00dp</dimen>
    <dimen name="x991">991.00dp</dimen>
    <dimen name="x992">992.00dp</dimen>
    <dimen name="x993">993.00dp</dimen>
    <dimen name="x994">994.00dp</dimen>
    <dimen name="x995">995.00dp</dimen>
    <dimen name="x996">996.00dp</dimen>
    <dimen name="x997">997.00dp</dimen>
    <dimen name="x998">998.00dp</dimen>
    <dimen name="x999">999.00dp</dimen>
    <dimen name="x1000">1000.00dp</dimen>
    <dimen name="x1001">1001.00dp</dimen>
    <dimen name="x1002">1002.00dp</dimen>
    <dimen name="x1003">1003.00dp</dimen>
    <dimen name="x1004">1004.00dp</dimen>
    <dimen name="x1005">1005.00dp</dimen>
    <dimen name="x1006">1006.00dp</dimen>
    <dimen name="x1007">1007.00dp</dimen>
    <dimen name="x1008">1008.00dp</dimen>
    <dimen name="x1009">1009.00dp</dimen>
    <dimen name="x1010">1010.00dp</dimen>
    <dimen name="x1011">1011.00dp</dimen>
    <dimen name="x1012">1012.00dp</dimen>
    <dimen name="x1013">1013.00dp</dimen>
    <dimen name="x1014">1014.00dp</dimen>
    <dimen name="x1015">1015.00dp</dimen>
    <dimen name="x1016">1016.00dp</dimen>
    <dimen name="x1017">1017.00dp</dimen>
    <dimen name="x1018">1018.00dp</dimen>
    <dimen name="x1019">1019.00dp</dimen>
    <dimen name="x1020">1020.00dp</dimen>
    <dimen name="x1021">1021.00dp</dimen>
    <dimen name="x1022">1022.00dp</dimen>
    <dimen name="x1023">1023.00dp</dimen>
    <dimen name="x1024">1024.00dp</dimen>
    <dimen name="x1025">1025.00dp</dimen>
    <dimen name="x1026">1026.00dp</dimen>
    <dimen name="x1027">1027.00dp</dimen>
    <dimen name="x1028">1028.00dp</dimen>
    <dimen name="x1029">1029.00dp</dimen>
    <dimen name="x1030">1030.00dp</dimen>
    <dimen name="x1031">1031.00dp</dimen>
    <dimen name="x1032">1032.00dp</dimen>
    <dimen name="x1033">1033.00dp</dimen>
    <dimen name="x1034">1034.00dp</dimen>
    <dimen name="x1035">1035.00dp</dimen>
    <dimen name="x1036">1036.00dp</dimen>
    <dimen name="x1037">1037.00dp</dimen>
    <dimen name="x1038">1038.00dp</dimen>
    <dimen name="x1039">1039.00dp</dimen>
    <dimen name="x1040">1040.00dp</dimen>
    <dimen name="x1041">1041.00dp</dimen>
    <dimen name="x1042">1042.00dp</dimen>
    <dimen name="x1043">1043.00dp</dimen>
    <dimen name="x1044">1044.00dp</dimen>
    <dimen name="x1045">1045.00dp</dimen>
    <dimen name="x1046">1046.00dp</dimen>
    <dimen name="x1047">1047.00dp</dimen>
    <dimen name="x1048">1048.00dp</dimen>
    <dimen name="x1049">1049.00dp</dimen>
    <dimen name="x1050">1050.00dp</dimen>
    <dimen name="x1051">1051.00dp</dimen>
    <dimen name="x1052">1052.00dp</dimen>
    <dimen name="x1053">1053.00dp</dimen>
    <dimen name="x1054">1054.00dp</dimen>
    <dimen name="x1055">1055.00dp</dimen>
    <dimen name="x1056">1056.00dp</dimen>
    <dimen name="x1057">1057.00dp</dimen>
    <dimen name="x1058">1058.00dp</dimen>
    <dimen name="x1059">1059.00dp</dimen>
    <dimen name="x1060">1060.00dp</dimen>
    <dimen name="x1061">1061.00dp</dimen>
    <dimen name="x1062">1062.00dp</dimen>
    <dimen name="x1063">1063.00dp</dimen>
    <dimen name="x1064">1064.00dp</dimen>
    <dimen name="x1065">1065.00dp</dimen>
    <dimen name="x1066">1066.00dp</dimen>
    <dimen name="x1067">1067.00dp</dimen>
    <dimen name="x1068">1068.00dp</dimen>
    <dimen name="x1069">1069.00dp</dimen>
    <dimen name="x1070">1070.00dp</dimen>
    <dimen name="x1071">1071.00dp</dimen>
    <dimen name="x1072">1072.00dp</dimen>
    <dimen name="x1073">1073.00dp</dimen>
    <dimen name="x1074">1074.00dp</dimen>
    <dimen name="x1075">1075.00dp</dimen>
    <dimen name="x1076">1076.00dp</dimen>
    <dimen name="x1077">1077.00dp</dimen>
    <dimen name="x1078">1078.00dp</dimen>
    <dimen name="x1079">1079.00dp</dimen>
    <dimen name="x1080">1080.00dp</dimen>
</resources>