<?xml version="1.0" encoding="utf-8"?>
<resources>
    <string name="sw_dp">1580dp</string>
    <dimen name="x1">1.46dp</dimen>
    <dimen name="x2">2.93dp</dimen>
    <dimen name="x3">4.39dp</dimen>
    <dimen name="x4">5.85dp</dimen>
    <dimen name="x5">7.31dp</dimen>
    <dimen name="x6">8.78dp</dimen>
    <dimen name="x7">10.24dp</dimen>
    <dimen name="x8">11.70dp</dimen>
    <dimen name="x9">13.17dp</dimen>
    <dimen name="x10">14.63dp</dimen>
    <dimen name="x11">16.09dp</dimen>
    <dimen name="x12">17.56dp</dimen>
    <dimen name="x13">19.02dp</dimen>
    <dimen name="x14">20.48dp</dimen>
    <dimen name="x15">21.94dp</dimen>
    <dimen name="x16">23.41dp</dimen>
    <dimen name="x17">24.87dp</dimen>
    <dimen name="x18">26.33dp</dimen>
    <dimen name="x19">27.80dp</dimen>
    <dimen name="x20">29.26dp</dimen>
    <dimen name="x21">30.72dp</dimen>
    <dimen name="x22">32.19dp</dimen>
    <dimen name="x23">33.65dp</dimen>
    <dimen name="x24">35.11dp</dimen>
    <dimen name="x25">36.57dp</dimen>
    <dimen name="x26">38.04dp</dimen>
    <dimen name="x27">39.50dp</dimen>
    <dimen name="x28">40.96dp</dimen>
    <dimen name="x29">42.43dp</dimen>
    <dimen name="x30">43.89dp</dimen>
    <dimen name="x31">45.35dp</dimen>
    <dimen name="x32">46.81dp</dimen>
    <dimen name="x33">48.28dp</dimen>
    <dimen name="x34">49.74dp</dimen>
    <dimen name="x35">51.20dp</dimen>
    <dimen name="x36">52.67dp</dimen>
    <dimen name="x37">54.13dp</dimen>
    <dimen name="x38">55.59dp</dimen>
    <dimen name="x39">57.06dp</dimen>
    <dimen name="x40">58.52dp</dimen>
    <dimen name="x41">59.98dp</dimen>
    <dimen name="x42">61.44dp</dimen>
    <dimen name="x43">62.91dp</dimen>
    <dimen name="x44">64.37dp</dimen>
    <dimen name="x45">65.83dp</dimen>
    <dimen name="x46">67.30dp</dimen>
    <dimen name="x47">68.76dp</dimen>
    <dimen name="x48">70.22dp</dimen>
    <dimen name="x49">71.69dp</dimen>
    <dimen name="x50">73.15dp</dimen>
    <dimen name="x51">74.61dp</dimen>
    <dimen name="x52">76.07dp</dimen>
    <dimen name="x53">77.54dp</dimen>
    <dimen name="x54">79.00dp</dimen>
    <dimen name="x55">80.46dp</dimen>
    <dimen name="x56">81.93dp</dimen>
    <dimen name="x57">83.39dp</dimen>
    <dimen name="x58">84.85dp</dimen>
    <dimen name="x59">86.31dp</dimen>
    <dimen name="x60">87.78dp</dimen>
    <dimen name="x61">89.24dp</dimen>
    <dimen name="x62">90.70dp</dimen>
    <dimen name="x63">92.17dp</dimen>
    <dimen name="x64">93.63dp</dimen>
    <dimen name="x65">95.09dp</dimen>
    <dimen name="x66">96.56dp</dimen>
    <dimen name="x67">98.02dp</dimen>
    <dimen name="x68">99.48dp</dimen>
    <dimen name="x69">100.94dp</dimen>
    <dimen name="x70">102.41dp</dimen>
    <dimen name="x71">103.87dp</dimen>
    <dimen name="x72">105.33dp</dimen>
    <dimen name="x73">106.80dp</dimen>
    <dimen name="x74">108.26dp</dimen>
    <dimen name="x75">109.72dp</dimen>
    <dimen name="x76">111.19dp</dimen>
    <dimen name="x77">112.65dp</dimen>
    <dimen name="x78">114.11dp</dimen>
    <dimen name="x79">115.57dp</dimen>
    <dimen name="x80">117.04dp</dimen>
    <dimen name="x81">118.50dp</dimen>
    <dimen name="x82">119.96dp</dimen>
    <dimen name="x83">121.43dp</dimen>
    <dimen name="x84">122.89dp</dimen>
    <dimen name="x85">124.35dp</dimen>
    <dimen name="x86">125.81dp</dimen>
    <dimen name="x87">127.28dp</dimen>
    <dimen name="x88">128.74dp</dimen>
    <dimen name="x89">130.20dp</dimen>
    <dimen name="x90">131.67dp</dimen>
    <dimen name="x91">133.13dp</dimen>
    <dimen name="x92">134.59dp</dimen>
    <dimen name="x93">136.06dp</dimen>
    <dimen name="x94">137.52dp</dimen>
    <dimen name="x95">138.98dp</dimen>
    <dimen name="x96">140.44dp</dimen>
    <dimen name="x97">141.91dp</dimen>
    <dimen name="x98">143.37dp</dimen>
    <dimen name="x99">144.83dp</dimen>
    <dimen name="x100">146.30dp</dimen>
    <dimen name="x101">147.76dp</dimen>
    <dimen name="x102">149.22dp</dimen>
    <dimen name="x103">150.69dp</dimen>
    <dimen name="x104">152.15dp</dimen>
    <dimen name="x105">153.61dp</dimen>
    <dimen name="x106">155.07dp</dimen>
    <dimen name="x107">156.54dp</dimen>
    <dimen name="x108">158.00dp</dimen>
    <dimen name="x109">159.46dp</dimen>
    <dimen name="x110">160.93dp</dimen>
    <dimen name="x111">162.39dp</dimen>
    <dimen name="x112">163.85dp</dimen>
    <dimen name="x113">165.31dp</dimen>
    <dimen name="x114">166.78dp</dimen>
    <dimen name="x115">168.24dp</dimen>
    <dimen name="x116">169.70dp</dimen>
    <dimen name="x117">171.17dp</dimen>
    <dimen name="x118">172.63dp</dimen>
    <dimen name="x119">174.09dp</dimen>
    <dimen name="x120">175.56dp</dimen>
    <dimen name="x121">177.02dp</dimen>
    <dimen name="x122">178.48dp</dimen>
    <dimen name="x123">179.94dp</dimen>
    <dimen name="x124">181.41dp</dimen>
    <dimen name="x125">182.87dp</dimen>
    <dimen name="x126">184.33dp</dimen>
    <dimen name="x127">185.80dp</dimen>
    <dimen name="x128">187.26dp</dimen>
    <dimen name="x129">188.72dp</dimen>
    <dimen name="x130">190.19dp</dimen>
    <dimen name="x131">191.65dp</dimen>
    <dimen name="x132">193.11dp</dimen>
    <dimen name="x133">194.57dp</dimen>
    <dimen name="x134">196.04dp</dimen>
    <dimen name="x135">197.50dp</dimen>
    <dimen name="x136">198.96dp</dimen>
    <dimen name="x137">200.43dp</dimen>
    <dimen name="x138">201.89dp</dimen>
    <dimen name="x139">203.35dp</dimen>
    <dimen name="x140">204.81dp</dimen>
    <dimen name="x141">206.28dp</dimen>
    <dimen name="x142">207.74dp</dimen>
    <dimen name="x143">209.20dp</dimen>
    <dimen name="x144">210.67dp</dimen>
    <dimen name="x145">212.13dp</dimen>
    <dimen name="x146">213.59dp</dimen>
    <dimen name="x147">215.06dp</dimen>
    <dimen name="x148">216.52dp</dimen>
    <dimen name="x149">217.98dp</dimen>
    <dimen name="x150">219.44dp</dimen>
    <dimen name="x151">220.91dp</dimen>
    <dimen name="x152">222.37dp</dimen>
    <dimen name="x153">223.83dp</dimen>
    <dimen name="x154">225.30dp</dimen>
    <dimen name="x155">226.76dp</dimen>
    <dimen name="x156">228.22dp</dimen>
    <dimen name="x157">229.69dp</dimen>
    <dimen name="x158">231.15dp</dimen>
    <dimen name="x159">232.61dp</dimen>
    <dimen name="x160">234.07dp</dimen>
    <dimen name="x161">235.54dp</dimen>
    <dimen name="x162">237.00dp</dimen>
    <dimen name="x163">238.46dp</dimen>
    <dimen name="x164">239.93dp</dimen>
    <dimen name="x165">241.39dp</dimen>
    <dimen name="x166">242.85dp</dimen>
    <dimen name="x167">244.31dp</dimen>
    <dimen name="x168">245.78dp</dimen>
    <dimen name="x169">247.24dp</dimen>
    <dimen name="x170">248.70dp</dimen>
    <dimen name="x171">250.17dp</dimen>
    <dimen name="x172">251.63dp</dimen>
    <dimen name="x173">253.09dp</dimen>
    <dimen name="x174">254.56dp</dimen>
    <dimen name="x175">256.02dp</dimen>
    <dimen name="x176">257.48dp</dimen>
    <dimen name="x177">258.94dp</dimen>
    <dimen name="x178">260.41dp</dimen>
    <dimen name="x179">261.87dp</dimen>
    <dimen name="x180">263.33dp</dimen>
    <dimen name="x181">264.80dp</dimen>
    <dimen name="x182">266.26dp</dimen>
    <dimen name="x183">267.72dp</dimen>
    <dimen name="x184">269.19dp</dimen>
    <dimen name="x185">270.65dp</dimen>
    <dimen name="x186">272.11dp</dimen>
    <dimen name="x187">273.57dp</dimen>
    <dimen name="x188">275.04dp</dimen>
    <dimen name="x189">276.50dp</dimen>
    <dimen name="x190">277.96dp</dimen>
    <dimen name="x191">279.43dp</dimen>
    <dimen name="x192">280.89dp</dimen>
    <dimen name="x193">282.35dp</dimen>
    <dimen name="x194">283.81dp</dimen>
    <dimen name="x195">285.28dp</dimen>
    <dimen name="x196">286.74dp</dimen>
    <dimen name="x197">288.20dp</dimen>
    <dimen name="x198">289.67dp</dimen>
    <dimen name="x199">291.13dp</dimen>
    <dimen name="x200">292.59dp</dimen>
    <dimen name="x201">294.06dp</dimen>
    <dimen name="x202">295.52dp</dimen>
    <dimen name="x203">296.98dp</dimen>
    <dimen name="x204">298.44dp</dimen>
    <dimen name="x205">299.91dp</dimen>
    <dimen name="x206">301.37dp</dimen>
    <dimen name="x207">302.83dp</dimen>
    <dimen name="x208">304.30dp</dimen>
    <dimen name="x209">305.76dp</dimen>
    <dimen name="x210">307.22dp</dimen>
    <dimen name="x211">308.69dp</dimen>
    <dimen name="x212">310.15dp</dimen>
    <dimen name="x213">311.61dp</dimen>
    <dimen name="x214">313.07dp</dimen>
    <dimen name="x215">314.54dp</dimen>
    <dimen name="x216">316.00dp</dimen>
    <dimen name="x217">317.46dp</dimen>
    <dimen name="x218">318.93dp</dimen>
    <dimen name="x219">320.39dp</dimen>
    <dimen name="x220">321.85dp</dimen>
    <dimen name="x221">323.31dp</dimen>
    <dimen name="x222">324.78dp</dimen>
    <dimen name="x223">326.24dp</dimen>
    <dimen name="x224">327.70dp</dimen>
    <dimen name="x225">329.17dp</dimen>
    <dimen name="x226">330.63dp</dimen>
    <dimen name="x227">332.09dp</dimen>
    <dimen name="x228">333.56dp</dimen>
    <dimen name="x229">335.02dp</dimen>
    <dimen name="x230">336.48dp</dimen>
    <dimen name="x231">337.94dp</dimen>
    <dimen name="x232">339.41dp</dimen>
    <dimen name="x233">340.87dp</dimen>
    <dimen name="x234">342.33dp</dimen>
    <dimen name="x235">343.80dp</dimen>
    <dimen name="x236">345.26dp</dimen>
    <dimen name="x237">346.72dp</dimen>
    <dimen name="x238">348.19dp</dimen>
    <dimen name="x239">349.65dp</dimen>
    <dimen name="x240">351.11dp</dimen>
    <dimen name="x241">352.57dp</dimen>
    <dimen name="x242">354.04dp</dimen>
    <dimen name="x243">355.50dp</dimen>
    <dimen name="x244">356.96dp</dimen>
    <dimen name="x245">358.43dp</dimen>
    <dimen name="x246">359.89dp</dimen>
    <dimen name="x247">361.35dp</dimen>
    <dimen name="x248">362.81dp</dimen>
    <dimen name="x249">364.28dp</dimen>
    <dimen name="x250">365.74dp</dimen>
    <dimen name="x251">367.20dp</dimen>
    <dimen name="x252">368.67dp</dimen>
    <dimen name="x253">370.13dp</dimen>
    <dimen name="x254">371.59dp</dimen>
    <dimen name="x255">373.06dp</dimen>
    <dimen name="x256">374.52dp</dimen>
    <dimen name="x257">375.98dp</dimen>
    <dimen name="x258">377.44dp</dimen>
    <dimen name="x259">378.91dp</dimen>
    <dimen name="x260">380.37dp</dimen>
    <dimen name="x261">381.83dp</dimen>
    <dimen name="x262">383.30dp</dimen>
    <dimen name="x263">384.76dp</dimen>
    <dimen name="x264">386.22dp</dimen>
    <dimen name="x265">387.69dp</dimen>
    <dimen name="x266">389.15dp</dimen>
    <dimen name="x267">390.61dp</dimen>
    <dimen name="x268">392.07dp</dimen>
    <dimen name="x269">393.54dp</dimen>
    <dimen name="x270">395.00dp</dimen>
    <dimen name="x271">396.46dp</dimen>
    <dimen name="x272">397.93dp</dimen>
    <dimen name="x273">399.39dp</dimen>
    <dimen name="x274">400.85dp</dimen>
    <dimen name="x275">402.31dp</dimen>
    <dimen name="x276">403.78dp</dimen>
    <dimen name="x277">405.24dp</dimen>
    <dimen name="x278">406.70dp</dimen>
    <dimen name="x279">408.17dp</dimen>
    <dimen name="x280">409.63dp</dimen>
    <dimen name="x281">411.09dp</dimen>
    <dimen name="x282">412.56dp</dimen>
    <dimen name="x283">414.02dp</dimen>
    <dimen name="x284">415.48dp</dimen>
    <dimen name="x285">416.94dp</dimen>
    <dimen name="x286">418.41dp</dimen>
    <dimen name="x287">419.87dp</dimen>
    <dimen name="x288">421.33dp</dimen>
    <dimen name="x289">422.80dp</dimen>
    <dimen name="x290">424.26dp</dimen>
    <dimen name="x291">425.72dp</dimen>
    <dimen name="x292">427.19dp</dimen>
    <dimen name="x293">428.65dp</dimen>
    <dimen name="x294">430.11dp</dimen>
    <dimen name="x295">431.57dp</dimen>
    <dimen name="x296">433.04dp</dimen>
    <dimen name="x297">434.50dp</dimen>
    <dimen name="x298">435.96dp</dimen>
    <dimen name="x299">437.43dp</dimen>
    <dimen name="x300">438.89dp</dimen>
    <dimen name="x301">440.35dp</dimen>
    <dimen name="x302">441.81dp</dimen>
    <dimen name="x303">443.28dp</dimen>
    <dimen name="x304">444.74dp</dimen>
    <dimen name="x305">446.20dp</dimen>
    <dimen name="x306">447.67dp</dimen>
    <dimen name="x307">449.13dp</dimen>
    <dimen name="x308">450.59dp</dimen>
    <dimen name="x309">452.06dp</dimen>
    <dimen name="x310">453.52dp</dimen>
    <dimen name="x311">454.98dp</dimen>
    <dimen name="x312">456.44dp</dimen>
    <dimen name="x313">457.91dp</dimen>
    <dimen name="x314">459.37dp</dimen>
    <dimen name="x315">460.83dp</dimen>
    <dimen name="x316">462.30dp</dimen>
    <dimen name="x317">463.76dp</dimen>
    <dimen name="x318">465.22dp</dimen>
    <dimen name="x319">466.69dp</dimen>
    <dimen name="x320">468.15dp</dimen>
    <dimen name="x321">469.61dp</dimen>
    <dimen name="x322">471.07dp</dimen>
    <dimen name="x323">472.54dp</dimen>
    <dimen name="x324">474.00dp</dimen>
    <dimen name="x325">475.46dp</dimen>
    <dimen name="x326">476.93dp</dimen>
    <dimen name="x327">478.39dp</dimen>
    <dimen name="x328">479.85dp</dimen>
    <dimen name="x329">481.31dp</dimen>
    <dimen name="x330">482.78dp</dimen>
    <dimen name="x331">484.24dp</dimen>
    <dimen name="x332">485.70dp</dimen>
    <dimen name="x333">487.17dp</dimen>
    <dimen name="x334">488.63dp</dimen>
    <dimen name="x335">490.09dp</dimen>
    <dimen name="x336">491.56dp</dimen>
    <dimen name="x337">493.02dp</dimen>
    <dimen name="x338">494.48dp</dimen>
    <dimen name="x339">495.94dp</dimen>
    <dimen name="x340">497.41dp</dimen>
    <dimen name="x341">498.87dp</dimen>
    <dimen name="x342">500.33dp</dimen>
    <dimen name="x343">501.80dp</dimen>
    <dimen name="x344">503.26dp</dimen>
    <dimen name="x345">504.72dp</dimen>
    <dimen name="x346">506.19dp</dimen>
    <dimen name="x347">507.65dp</dimen>
    <dimen name="x348">509.11dp</dimen>
    <dimen name="x349">510.57dp</dimen>
    <dimen name="x350">512.04dp</dimen>
    <dimen name="x351">513.50dp</dimen>
    <dimen name="x352">514.96dp</dimen>
    <dimen name="x353">516.43dp</dimen>
    <dimen name="x354">517.89dp</dimen>
    <dimen name="x355">519.35dp</dimen>
    <dimen name="x356">520.81dp</dimen>
    <dimen name="x357">522.28dp</dimen>
    <dimen name="x358">523.74dp</dimen>
    <dimen name="x359">525.20dp</dimen>
    <dimen name="x360">526.67dp</dimen>
    <dimen name="x361">528.13dp</dimen>
    <dimen name="x362">529.59dp</dimen>
    <dimen name="x363">531.06dp</dimen>
    <dimen name="x364">532.52dp</dimen>
    <dimen name="x365">533.98dp</dimen>
    <dimen name="x366">535.44dp</dimen>
    <dimen name="x367">536.91dp</dimen>
    <dimen name="x368">538.37dp</dimen>
    <dimen name="x369">539.83dp</dimen>
    <dimen name="x370">541.30dp</dimen>
    <dimen name="x371">542.76dp</dimen>
    <dimen name="x372">544.22dp</dimen>
    <dimen name="x373">545.69dp</dimen>
    <dimen name="x374">547.15dp</dimen>
    <dimen name="x375">548.61dp</dimen>
    <dimen name="x376">550.07dp</dimen>
    <dimen name="x377">551.54dp</dimen>
    <dimen name="x378">553.00dp</dimen>
    <dimen name="x379">554.46dp</dimen>
    <dimen name="x380">555.93dp</dimen>
    <dimen name="x381">557.39dp</dimen>
    <dimen name="x382">558.85dp</dimen>
    <dimen name="x383">560.31dp</dimen>
    <dimen name="x384">561.78dp</dimen>
    <dimen name="x385">563.24dp</dimen>
    <dimen name="x386">564.70dp</dimen>
    <dimen name="x387">566.17dp</dimen>
    <dimen name="x388">567.63dp</dimen>
    <dimen name="x389">569.09dp</dimen>
    <dimen name="x390">570.56dp</dimen>
    <dimen name="x391">572.02dp</dimen>
    <dimen name="x392">573.48dp</dimen>
    <dimen name="x393">574.94dp</dimen>
    <dimen name="x394">576.41dp</dimen>
    <dimen name="x395">577.87dp</dimen>
    <dimen name="x396">579.33dp</dimen>
    <dimen name="x397">580.80dp</dimen>
    <dimen name="x398">582.26dp</dimen>
    <dimen name="x399">583.72dp</dimen>
    <dimen name="x400">585.19dp</dimen>
    <dimen name="x401">586.65dp</dimen>
    <dimen name="x402">588.11dp</dimen>
    <dimen name="x403">589.57dp</dimen>
    <dimen name="x404">591.04dp</dimen>
    <dimen name="x405">592.50dp</dimen>
    <dimen name="x406">593.96dp</dimen>
    <dimen name="x407">595.43dp</dimen>
    <dimen name="x408">596.89dp</dimen>
    <dimen name="x409">598.35dp</dimen>
    <dimen name="x410">599.81dp</dimen>
    <dimen name="x411">601.28dp</dimen>
    <dimen name="x412">602.74dp</dimen>
    <dimen name="x413">604.20dp</dimen>
    <dimen name="x414">605.67dp</dimen>
    <dimen name="x415">607.13dp</dimen>
    <dimen name="x416">608.59dp</dimen>
    <dimen name="x417">610.06dp</dimen>
    <dimen name="x418">611.52dp</dimen>
    <dimen name="x419">612.98dp</dimen>
    <dimen name="x420">614.44dp</dimen>
    <dimen name="x421">615.91dp</dimen>
    <dimen name="x422">617.37dp</dimen>
    <dimen name="x423">618.83dp</dimen>
    <dimen name="x424">620.30dp</dimen>
    <dimen name="x425">621.76dp</dimen>
    <dimen name="x426">623.22dp</dimen>
    <dimen name="x427">624.69dp</dimen>
    <dimen name="x428">626.15dp</dimen>
    <dimen name="x429">627.61dp</dimen>
    <dimen name="x430">629.07dp</dimen>
    <dimen name="x431">630.54dp</dimen>
    <dimen name="x432">632.00dp</dimen>
    <dimen name="x433">633.46dp</dimen>
    <dimen name="x434">634.93dp</dimen>
    <dimen name="x435">636.39dp</dimen>
    <dimen name="x436">637.85dp</dimen>
    <dimen name="x437">639.31dp</dimen>
    <dimen name="x438">640.78dp</dimen>
    <dimen name="x439">642.24dp</dimen>
    <dimen name="x440">643.70dp</dimen>
    <dimen name="x441">645.17dp</dimen>
    <dimen name="x442">646.63dp</dimen>
    <dimen name="x443">648.09dp</dimen>
    <dimen name="x444">649.56dp</dimen>
    <dimen name="x445">651.02dp</dimen>
    <dimen name="x446">652.48dp</dimen>
    <dimen name="x447">653.94dp</dimen>
    <dimen name="x448">655.41dp</dimen>
    <dimen name="x449">656.87dp</dimen>
    <dimen name="x450">658.33dp</dimen>
    <dimen name="x451">659.80dp</dimen>
    <dimen name="x452">661.26dp</dimen>
    <dimen name="x453">662.72dp</dimen>
    <dimen name="x454">664.19dp</dimen>
    <dimen name="x455">665.65dp</dimen>
    <dimen name="x456">667.11dp</dimen>
    <dimen name="x457">668.57dp</dimen>
    <dimen name="x458">670.04dp</dimen>
    <dimen name="x459">671.50dp</dimen>
    <dimen name="x460">672.96dp</dimen>
    <dimen name="x461">674.43dp</dimen>
    <dimen name="x462">675.89dp</dimen>
    <dimen name="x463">677.35dp</dimen>
    <dimen name="x464">678.81dp</dimen>
    <dimen name="x465">680.28dp</dimen>
    <dimen name="x466">681.74dp</dimen>
    <dimen name="x467">683.20dp</dimen>
    <dimen name="x468">684.67dp</dimen>
    <dimen name="x469">686.13dp</dimen>
    <dimen name="x470">687.59dp</dimen>
    <dimen name="x471">689.06dp</dimen>
    <dimen name="x472">690.52dp</dimen>
    <dimen name="x473">691.98dp</dimen>
    <dimen name="x474">693.44dp</dimen>
    <dimen name="x475">694.91dp</dimen>
    <dimen name="x476">696.37dp</dimen>
    <dimen name="x477">697.83dp</dimen>
    <dimen name="x478">699.30dp</dimen>
    <dimen name="x479">700.76dp</dimen>
    <dimen name="x480">702.22dp</dimen>
    <dimen name="x481">703.69dp</dimen>
    <dimen name="x482">705.15dp</dimen>
    <dimen name="x483">706.61dp</dimen>
    <dimen name="x484">708.07dp</dimen>
    <dimen name="x485">709.54dp</dimen>
    <dimen name="x486">711.00dp</dimen>
    <dimen name="x487">712.46dp</dimen>
    <dimen name="x488">713.93dp</dimen>
    <dimen name="x489">715.39dp</dimen>
    <dimen name="x490">716.85dp</dimen>
    <dimen name="x491">718.31dp</dimen>
    <dimen name="x492">719.78dp</dimen>
    <dimen name="x493">721.24dp</dimen>
    <dimen name="x494">722.70dp</dimen>
    <dimen name="x495">724.17dp</dimen>
    <dimen name="x496">725.63dp</dimen>
    <dimen name="x497">727.09dp</dimen>
    <dimen name="x498">728.56dp</dimen>
    <dimen name="x499">730.02dp</dimen>
    <dimen name="x500">731.48dp</dimen>
    <dimen name="x501">732.94dp</dimen>
    <dimen name="x502">734.41dp</dimen>
    <dimen name="x503">735.87dp</dimen>
    <dimen name="x504">737.33dp</dimen>
    <dimen name="x505">738.80dp</dimen>
    <dimen name="x506">740.26dp</dimen>
    <dimen name="x507">741.72dp</dimen>
    <dimen name="x508">743.19dp</dimen>
    <dimen name="x509">744.65dp</dimen>
    <dimen name="x510">746.11dp</dimen>
    <dimen name="x511">747.57dp</dimen>
    <dimen name="x512">749.04dp</dimen>
    <dimen name="x513">750.50dp</dimen>
    <dimen name="x514">751.96dp</dimen>
    <dimen name="x515">753.43dp</dimen>
    <dimen name="x516">754.89dp</dimen>
    <dimen name="x517">756.35dp</dimen>
    <dimen name="x518">757.81dp</dimen>
    <dimen name="x519">759.28dp</dimen>
    <dimen name="x520">760.74dp</dimen>
    <dimen name="x521">762.20dp</dimen>
    <dimen name="x522">763.67dp</dimen>
    <dimen name="x523">765.13dp</dimen>
    <dimen name="x524">766.59dp</dimen>
    <dimen name="x525">768.06dp</dimen>
    <dimen name="x526">769.52dp</dimen>
    <dimen name="x527">770.98dp</dimen>
    <dimen name="x528">772.44dp</dimen>
    <dimen name="x529">773.91dp</dimen>
    <dimen name="x530">775.37dp</dimen>
    <dimen name="x531">776.83dp</dimen>
    <dimen name="x532">778.30dp</dimen>
    <dimen name="x533">779.76dp</dimen>
    <dimen name="x534">781.22dp</dimen>
    <dimen name="x535">782.69dp</dimen>
    <dimen name="x536">784.15dp</dimen>
    <dimen name="x537">785.61dp</dimen>
    <dimen name="x538">787.07dp</dimen>
    <dimen name="x539">788.54dp</dimen>
    <dimen name="x540">790.00dp</dimen>
    <dimen name="x541">791.46dp</dimen>
    <dimen name="x542">792.93dp</dimen>
    <dimen name="x543">794.39dp</dimen>
    <dimen name="x544">795.85dp</dimen>
    <dimen name="x545">797.31dp</dimen>
    <dimen name="x546">798.78dp</dimen>
    <dimen name="x547">800.24dp</dimen>
    <dimen name="x548">801.70dp</dimen>
    <dimen name="x549">803.17dp</dimen>
    <dimen name="x550">804.63dp</dimen>
    <dimen name="x551">806.09dp</dimen>
    <dimen name="x552">807.56dp</dimen>
    <dimen name="x553">809.02dp</dimen>
    <dimen name="x554">810.48dp</dimen>
    <dimen name="x555">811.94dp</dimen>
    <dimen name="x556">813.41dp</dimen>
    <dimen name="x557">814.87dp</dimen>
    <dimen name="x558">816.33dp</dimen>
    <dimen name="x559">817.80dp</dimen>
    <dimen name="x560">819.26dp</dimen>
    <dimen name="x561">820.72dp</dimen>
    <dimen name="x562">822.19dp</dimen>
    <dimen name="x563">823.65dp</dimen>
    <dimen name="x564">825.11dp</dimen>
    <dimen name="x565">826.57dp</dimen>
    <dimen name="x566">828.04dp</dimen>
    <dimen name="x567">829.50dp</dimen>
    <dimen name="x568">830.96dp</dimen>
    <dimen name="x569">832.43dp</dimen>
    <dimen name="x570">833.89dp</dimen>
    <dimen name="x571">835.35dp</dimen>
    <dimen name="x572">836.81dp</dimen>
    <dimen name="x573">838.28dp</dimen>
    <dimen name="x574">839.74dp</dimen>
    <dimen name="x575">841.20dp</dimen>
    <dimen name="x576">842.67dp</dimen>
    <dimen name="x577">844.13dp</dimen>
    <dimen name="x578">845.59dp</dimen>
    <dimen name="x579">847.06dp</dimen>
    <dimen name="x580">848.52dp</dimen>
    <dimen name="x581">849.98dp</dimen>
    <dimen name="x582">851.44dp</dimen>
    <dimen name="x583">852.91dp</dimen>
    <dimen name="x584">854.37dp</dimen>
    <dimen name="x585">855.83dp</dimen>
    <dimen name="x586">857.30dp</dimen>
    <dimen name="x587">858.76dp</dimen>
    <dimen name="x588">860.22dp</dimen>
    <dimen name="x589">861.69dp</dimen>
    <dimen name="x590">863.15dp</dimen>
    <dimen name="x591">864.61dp</dimen>
    <dimen name="x592">866.07dp</dimen>
    <dimen name="x593">867.54dp</dimen>
    <dimen name="x594">869.00dp</dimen>
    <dimen name="x595">870.46dp</dimen>
    <dimen name="x596">871.93dp</dimen>
    <dimen name="x597">873.39dp</dimen>
    <dimen name="x598">874.85dp</dimen>
    <dimen name="x599">876.31dp</dimen>
    <dimen name="x600">877.78dp</dimen>
    <dimen name="x601">879.24dp</dimen>
    <dimen name="x602">880.70dp</dimen>
    <dimen name="x603">882.17dp</dimen>
    <dimen name="x604">883.63dp</dimen>
    <dimen name="x605">885.09dp</dimen>
    <dimen name="x606">886.56dp</dimen>
    <dimen name="x607">888.02dp</dimen>
    <dimen name="x608">889.48dp</dimen>
    <dimen name="x609">890.94dp</dimen>
    <dimen name="x610">892.41dp</dimen>
    <dimen name="x611">893.87dp</dimen>
    <dimen name="x612">895.33dp</dimen>
    <dimen name="x613">896.80dp</dimen>
    <dimen name="x614">898.26dp</dimen>
    <dimen name="x615">899.72dp</dimen>
    <dimen name="x616">901.19dp</dimen>
    <dimen name="x617">902.65dp</dimen>
    <dimen name="x618">904.11dp</dimen>
    <dimen name="x619">905.57dp</dimen>
    <dimen name="x620">907.04dp</dimen>
    <dimen name="x621">908.50dp</dimen>
    <dimen name="x622">909.96dp</dimen>
    <dimen name="x623">911.43dp</dimen>
    <dimen name="x624">912.89dp</dimen>
    <dimen name="x625">914.35dp</dimen>
    <dimen name="x626">915.81dp</dimen>
    <dimen name="x627">917.28dp</dimen>
    <dimen name="x628">918.74dp</dimen>
    <dimen name="x629">920.20dp</dimen>
    <dimen name="x630">921.67dp</dimen>
    <dimen name="x631">923.13dp</dimen>
    <dimen name="x632">924.59dp</dimen>
    <dimen name="x633">926.06dp</dimen>
    <dimen name="x634">927.52dp</dimen>
    <dimen name="x635">928.98dp</dimen>
    <dimen name="x636">930.44dp</dimen>
    <dimen name="x637">931.91dp</dimen>
    <dimen name="x638">933.37dp</dimen>
    <dimen name="x639">934.83dp</dimen>
    <dimen name="x640">936.30dp</dimen>
    <dimen name="x641">937.76dp</dimen>
    <dimen name="x642">939.22dp</dimen>
    <dimen name="x643">940.69dp</dimen>
    <dimen name="x644">942.15dp</dimen>
    <dimen name="x645">943.61dp</dimen>
    <dimen name="x646">945.07dp</dimen>
    <dimen name="x647">946.54dp</dimen>
    <dimen name="x648">948.00dp</dimen>
    <dimen name="x649">949.46dp</dimen>
    <dimen name="x650">950.93dp</dimen>
    <dimen name="x651">952.39dp</dimen>
    <dimen name="x652">953.85dp</dimen>
    <dimen name="x653">955.31dp</dimen>
    <dimen name="x654">956.78dp</dimen>
    <dimen name="x655">958.24dp</dimen>
    <dimen name="x656">959.70dp</dimen>
    <dimen name="x657">961.17dp</dimen>
    <dimen name="x658">962.63dp</dimen>
    <dimen name="x659">964.09dp</dimen>
    <dimen name="x660">965.56dp</dimen>
    <dimen name="x661">967.02dp</dimen>
    <dimen name="x662">968.48dp</dimen>
    <dimen name="x663">969.94dp</dimen>
    <dimen name="x664">971.41dp</dimen>
    <dimen name="x665">972.87dp</dimen>
    <dimen name="x666">974.33dp</dimen>
    <dimen name="x667">975.80dp</dimen>
    <dimen name="x668">977.26dp</dimen>
    <dimen name="x669">978.72dp</dimen>
    <dimen name="x670">980.19dp</dimen>
    <dimen name="x671">981.65dp</dimen>
    <dimen name="x672">983.11dp</dimen>
    <dimen name="x673">984.57dp</dimen>
    <dimen name="x674">986.04dp</dimen>
    <dimen name="x675">987.50dp</dimen>
    <dimen name="x676">988.96dp</dimen>
    <dimen name="x677">990.43dp</dimen>
    <dimen name="x678">991.89dp</dimen>
    <dimen name="x679">993.35dp</dimen>
    <dimen name="x680">994.81dp</dimen>
    <dimen name="x681">996.28dp</dimen>
    <dimen name="x682">997.74dp</dimen>
    <dimen name="x683">999.20dp</dimen>
    <dimen name="x684">1000.67dp</dimen>
    <dimen name="x685">1002.13dp</dimen>
    <dimen name="x686">1003.59dp</dimen>
    <dimen name="x687">1005.06dp</dimen>
    <dimen name="x688">1006.52dp</dimen>
    <dimen name="x689">1007.98dp</dimen>
    <dimen name="x690">1009.44dp</dimen>
    <dimen name="x691">1010.91dp</dimen>
    <dimen name="x692">1012.37dp</dimen>
    <dimen name="x693">1013.83dp</dimen>
    <dimen name="x694">1015.30dp</dimen>
    <dimen name="x695">1016.76dp</dimen>
    <dimen name="x696">1018.22dp</dimen>
    <dimen name="x697">1019.69dp</dimen>
    <dimen name="x698">1021.15dp</dimen>
    <dimen name="x699">1022.61dp</dimen>
    <dimen name="x700">1024.07dp</dimen>
    <dimen name="x701">1025.54dp</dimen>
    <dimen name="x702">1027.00dp</dimen>
    <dimen name="x703">1028.46dp</dimen>
    <dimen name="x704">1029.93dp</dimen>
    <dimen name="x705">1031.39dp</dimen>
    <dimen name="x706">1032.85dp</dimen>
    <dimen name="x707">1034.31dp</dimen>
    <dimen name="x708">1035.78dp</dimen>
    <dimen name="x709">1037.24dp</dimen>
    <dimen name="x710">1038.70dp</dimen>
    <dimen name="x711">1040.17dp</dimen>
    <dimen name="x712">1041.63dp</dimen>
    <dimen name="x713">1043.09dp</dimen>
    <dimen name="x714">1044.56dp</dimen>
    <dimen name="x715">1046.02dp</dimen>
    <dimen name="x716">1047.48dp</dimen>
    <dimen name="x717">1048.94dp</dimen>
    <dimen name="x718">1050.41dp</dimen>
    <dimen name="x719">1051.87dp</dimen>
    <dimen name="x720">1053.33dp</dimen>
    <dimen name="x721">1054.80dp</dimen>
    <dimen name="x722">1056.26dp</dimen>
    <dimen name="x723">1057.72dp</dimen>
    <dimen name="x724">1059.19dp</dimen>
    <dimen name="x725">1060.65dp</dimen>
    <dimen name="x726">1062.11dp</dimen>
    <dimen name="x727">1063.57dp</dimen>
    <dimen name="x728">1065.04dp</dimen>
    <dimen name="x729">1066.50dp</dimen>
    <dimen name="x730">1067.96dp</dimen>
    <dimen name="x731">1069.43dp</dimen>
    <dimen name="x732">1070.89dp</dimen>
    <dimen name="x733">1072.35dp</dimen>
    <dimen name="x734">1073.81dp</dimen>
    <dimen name="x735">1075.28dp</dimen>
    <dimen name="x736">1076.74dp</dimen>
    <dimen name="x737">1078.20dp</dimen>
    <dimen name="x738">1079.67dp</dimen>
    <dimen name="x739">1081.13dp</dimen>
    <dimen name="x740">1082.59dp</dimen>
    <dimen name="x741">1084.06dp</dimen>
    <dimen name="x742">1085.52dp</dimen>
    <dimen name="x743">1086.98dp</dimen>
    <dimen name="x744">1088.44dp</dimen>
    <dimen name="x745">1089.91dp</dimen>
    <dimen name="x746">1091.37dp</dimen>
    <dimen name="x747">1092.83dp</dimen>
    <dimen name="x748">1094.30dp</dimen>
    <dimen name="x749">1095.76dp</dimen>
    <dimen name="x750">1097.22dp</dimen>
    <dimen name="x751">1098.69dp</dimen>
    <dimen name="x752">1100.15dp</dimen>
    <dimen name="x753">1101.61dp</dimen>
    <dimen name="x754">1103.07dp</dimen>
    <dimen name="x755">1104.54dp</dimen>
    <dimen name="x756">1106.00dp</dimen>
    <dimen name="x757">1107.46dp</dimen>
    <dimen name="x758">1108.93dp</dimen>
    <dimen name="x759">1110.39dp</dimen>
    <dimen name="x760">1111.85dp</dimen>
    <dimen name="x761">1113.31dp</dimen>
    <dimen name="x762">1114.78dp</dimen>
    <dimen name="x763">1116.24dp</dimen>
    <dimen name="x764">1117.70dp</dimen>
    <dimen name="x765">1119.17dp</dimen>
    <dimen name="x766">1120.63dp</dimen>
    <dimen name="x767">1122.09dp</dimen>
    <dimen name="x768">1123.56dp</dimen>
    <dimen name="x769">1125.02dp</dimen>
    <dimen name="x770">1126.48dp</dimen>
    <dimen name="x771">1127.94dp</dimen>
    <dimen name="x772">1129.41dp</dimen>
    <dimen name="x773">1130.87dp</dimen>
    <dimen name="x774">1132.33dp</dimen>
    <dimen name="x775">1133.80dp</dimen>
    <dimen name="x776">1135.26dp</dimen>
    <dimen name="x777">1136.72dp</dimen>
    <dimen name="x778">1138.19dp</dimen>
    <dimen name="x779">1139.65dp</dimen>
    <dimen name="x780">1141.11dp</dimen>
    <dimen name="x781">1142.57dp</dimen>
    <dimen name="x782">1144.04dp</dimen>
    <dimen name="x783">1145.50dp</dimen>
    <dimen name="x784">1146.96dp</dimen>
    <dimen name="x785">1148.43dp</dimen>
    <dimen name="x786">1149.89dp</dimen>
    <dimen name="x787">1151.35dp</dimen>
    <dimen name="x788">1152.81dp</dimen>
    <dimen name="x789">1154.28dp</dimen>
    <dimen name="x790">1155.74dp</dimen>
    <dimen name="x791">1157.20dp</dimen>
    <dimen name="x792">1158.67dp</dimen>
    <dimen name="x793">1160.13dp</dimen>
    <dimen name="x794">1161.59dp</dimen>
    <dimen name="x795">1163.06dp</dimen>
    <dimen name="x796">1164.52dp</dimen>
    <dimen name="x797">1165.98dp</dimen>
    <dimen name="x798">1167.44dp</dimen>
    <dimen name="x799">1168.91dp</dimen>
    <dimen name="x800">1170.37dp</dimen>
    <dimen name="x801">1171.83dp</dimen>
    <dimen name="x802">1173.30dp</dimen>
    <dimen name="x803">1174.76dp</dimen>
    <dimen name="x804">1176.22dp</dimen>
    <dimen name="x805">1177.69dp</dimen>
    <dimen name="x806">1179.15dp</dimen>
    <dimen name="x807">1180.61dp</dimen>
    <dimen name="x808">1182.07dp</dimen>
    <dimen name="x809">1183.54dp</dimen>
    <dimen name="x810">1185.00dp</dimen>
    <dimen name="x811">1186.46dp</dimen>
    <dimen name="x812">1187.93dp</dimen>
    <dimen name="x813">1189.39dp</dimen>
    <dimen name="x814">1190.85dp</dimen>
    <dimen name="x815">1192.31dp</dimen>
    <dimen name="x816">1193.78dp</dimen>
    <dimen name="x817">1195.24dp</dimen>
    <dimen name="x818">1196.70dp</dimen>
    <dimen name="x819">1198.17dp</dimen>
    <dimen name="x820">1199.63dp</dimen>
    <dimen name="x821">1201.09dp</dimen>
    <dimen name="x822">1202.56dp</dimen>
    <dimen name="x823">1204.02dp</dimen>
    <dimen name="x824">1205.48dp</dimen>
    <dimen name="x825">1206.94dp</dimen>
    <dimen name="x826">1208.41dp</dimen>
    <dimen name="x827">1209.87dp</dimen>
    <dimen name="x828">1211.33dp</dimen>
    <dimen name="x829">1212.80dp</dimen>
    <dimen name="x830">1214.26dp</dimen>
    <dimen name="x831">1215.72dp</dimen>
    <dimen name="x832">1217.19dp</dimen>
    <dimen name="x833">1218.65dp</dimen>
    <dimen name="x834">1220.11dp</dimen>
    <dimen name="x835">1221.57dp</dimen>
    <dimen name="x836">1223.04dp</dimen>
    <dimen name="x837">1224.50dp</dimen>
    <dimen name="x838">1225.96dp</dimen>
    <dimen name="x839">1227.43dp</dimen>
    <dimen name="x840">1228.89dp</dimen>
    <dimen name="x841">1230.35dp</dimen>
    <dimen name="x842">1231.81dp</dimen>
    <dimen name="x843">1233.28dp</dimen>
    <dimen name="x844">1234.74dp</dimen>
    <dimen name="x845">1236.20dp</dimen>
    <dimen name="x846">1237.67dp</dimen>
    <dimen name="x847">1239.13dp</dimen>
    <dimen name="x848">1240.59dp</dimen>
    <dimen name="x849">1242.06dp</dimen>
    <dimen name="x850">1243.52dp</dimen>
    <dimen name="x851">1244.98dp</dimen>
    <dimen name="x852">1246.44dp</dimen>
    <dimen name="x853">1247.91dp</dimen>
    <dimen name="x854">1249.37dp</dimen>
    <dimen name="x855">1250.83dp</dimen>
    <dimen name="x856">1252.30dp</dimen>
    <dimen name="x857">1253.76dp</dimen>
    <dimen name="x858">1255.22dp</dimen>
    <dimen name="x859">1256.69dp</dimen>
    <dimen name="x860">1258.15dp</dimen>
    <dimen name="x861">1259.61dp</dimen>
    <dimen name="x862">1261.07dp</dimen>
    <dimen name="x863">1262.54dp</dimen>
    <dimen name="x864">1264.00dp</dimen>
    <dimen name="x865">1265.46dp</dimen>
    <dimen name="x866">1266.93dp</dimen>
    <dimen name="x867">1268.39dp</dimen>
    <dimen name="x868">1269.85dp</dimen>
    <dimen name="x869">1271.31dp</dimen>
    <dimen name="x870">1272.78dp</dimen>
    <dimen name="x871">1274.24dp</dimen>
    <dimen name="x872">1275.70dp</dimen>
    <dimen name="x873">1277.17dp</dimen>
    <dimen name="x874">1278.63dp</dimen>
    <dimen name="x875">1280.09dp</dimen>
    <dimen name="x876">1281.56dp</dimen>
    <dimen name="x877">1283.02dp</dimen>
    <dimen name="x878">1284.48dp</dimen>
    <dimen name="x879">1285.94dp</dimen>
    <dimen name="x880">1287.41dp</dimen>
    <dimen name="x881">1288.87dp</dimen>
    <dimen name="x882">1290.33dp</dimen>
    <dimen name="x883">1291.80dp</dimen>
    <dimen name="x884">1293.26dp</dimen>
    <dimen name="x885">1294.72dp</dimen>
    <dimen name="x886">1296.19dp</dimen>
    <dimen name="x887">1297.65dp</dimen>
    <dimen name="x888">1299.11dp</dimen>
    <dimen name="x889">1300.57dp</dimen>
    <dimen name="x890">1302.04dp</dimen>
    <dimen name="x891">1303.50dp</dimen>
    <dimen name="x892">1304.96dp</dimen>
    <dimen name="x893">1306.43dp</dimen>
    <dimen name="x894">1307.89dp</dimen>
    <dimen name="x895">1309.35dp</dimen>
    <dimen name="x896">1310.81dp</dimen>
    <dimen name="x897">1312.28dp</dimen>
    <dimen name="x898">1313.74dp</dimen>
    <dimen name="x899">1315.20dp</dimen>
    <dimen name="x900">1316.67dp</dimen>
    <dimen name="x901">1318.13dp</dimen>
    <dimen name="x902">1319.59dp</dimen>
    <dimen name="x903">1321.06dp</dimen>
    <dimen name="x904">1322.52dp</dimen>
    <dimen name="x905">1323.98dp</dimen>
    <dimen name="x906">1325.44dp</dimen>
    <dimen name="x907">1326.91dp</dimen>
    <dimen name="x908">1328.37dp</dimen>
    <dimen name="x909">1329.83dp</dimen>
    <dimen name="x910">1331.30dp</dimen>
    <dimen name="x911">1332.76dp</dimen>
    <dimen name="x912">1334.22dp</dimen>
    <dimen name="x913">1335.69dp</dimen>
    <dimen name="x914">1337.15dp</dimen>
    <dimen name="x915">1338.61dp</dimen>
    <dimen name="x916">1340.07dp</dimen>
    <dimen name="x917">1341.54dp</dimen>
    <dimen name="x918">1343.00dp</dimen>
    <dimen name="x919">1344.46dp</dimen>
    <dimen name="x920">1345.93dp</dimen>
    <dimen name="x921">1347.39dp</dimen>
    <dimen name="x922">1348.85dp</dimen>
    <dimen name="x923">1350.31dp</dimen>
    <dimen name="x924">1351.78dp</dimen>
    <dimen name="x925">1353.24dp</dimen>
    <dimen name="x926">1354.70dp</dimen>
    <dimen name="x927">1356.17dp</dimen>
    <dimen name="x928">1357.63dp</dimen>
    <dimen name="x929">1359.09dp</dimen>
    <dimen name="x930">1360.56dp</dimen>
    <dimen name="x931">1362.02dp</dimen>
    <dimen name="x932">1363.48dp</dimen>
    <dimen name="x933">1364.94dp</dimen>
    <dimen name="x934">1366.41dp</dimen>
    <dimen name="x935">1367.87dp</dimen>
    <dimen name="x936">1369.33dp</dimen>
    <dimen name="x937">1370.80dp</dimen>
    <dimen name="x938">1372.26dp</dimen>
    <dimen name="x939">1373.72dp</dimen>
    <dimen name="x940">1375.19dp</dimen>
    <dimen name="x941">1376.65dp</dimen>
    <dimen name="x942">1378.11dp</dimen>
    <dimen name="x943">1379.57dp</dimen>
    <dimen name="x944">1381.04dp</dimen>
    <dimen name="x945">1382.50dp</dimen>
    <dimen name="x946">1383.96dp</dimen>
    <dimen name="x947">1385.43dp</dimen>
    <dimen name="x948">1386.89dp</dimen>
    <dimen name="x949">1388.35dp</dimen>
    <dimen name="x950">1389.81dp</dimen>
    <dimen name="x951">1391.28dp</dimen>
    <dimen name="x952">1392.74dp</dimen>
    <dimen name="x953">1394.20dp</dimen>
    <dimen name="x954">1395.67dp</dimen>
    <dimen name="x955">1397.13dp</dimen>
    <dimen name="x956">1398.59dp</dimen>
    <dimen name="x957">1400.06dp</dimen>
    <dimen name="x958">1401.52dp</dimen>
    <dimen name="x959">1402.98dp</dimen>
    <dimen name="x960">1404.44dp</dimen>
    <dimen name="x961">1405.91dp</dimen>
    <dimen name="x962">1407.37dp</dimen>
    <dimen name="x963">1408.83dp</dimen>
    <dimen name="x964">1410.30dp</dimen>
    <dimen name="x965">1411.76dp</dimen>
    <dimen name="x966">1413.22dp</dimen>
    <dimen name="x967">1414.69dp</dimen>
    <dimen name="x968">1416.15dp</dimen>
    <dimen name="x969">1417.61dp</dimen>
    <dimen name="x970">1419.07dp</dimen>
    <dimen name="x971">1420.54dp</dimen>
    <dimen name="x972">1422.00dp</dimen>
    <dimen name="x973">1423.46dp</dimen>
    <dimen name="x974">1424.93dp</dimen>
    <dimen name="x975">1426.39dp</dimen>
    <dimen name="x976">1427.85dp</dimen>
    <dimen name="x977">1429.31dp</dimen>
    <dimen name="x978">1430.78dp</dimen>
    <dimen name="x979">1432.24dp</dimen>
    <dimen name="x980">1433.70dp</dimen>
    <dimen name="x981">1435.17dp</dimen>
    <dimen name="x982">1436.63dp</dimen>
    <dimen name="x983">1438.09dp</dimen>
    <dimen name="x984">1439.56dp</dimen>
    <dimen name="x985">1441.02dp</dimen>
    <dimen name="x986">1442.48dp</dimen>
    <dimen name="x987">1443.94dp</dimen>
    <dimen name="x988">1445.41dp</dimen>
    <dimen name="x989">1446.87dp</dimen>
    <dimen name="x990">1448.33dp</dimen>
    <dimen name="x991">1449.80dp</dimen>
    <dimen name="x992">1451.26dp</dimen>
    <dimen name="x993">1452.72dp</dimen>
    <dimen name="x994">1454.19dp</dimen>
    <dimen name="x995">1455.65dp</dimen>
    <dimen name="x996">1457.11dp</dimen>
    <dimen name="x997">1458.57dp</dimen>
    <dimen name="x998">1460.04dp</dimen>
    <dimen name="x999">1461.50dp</dimen>
    <dimen name="x1000">1462.96dp</dimen>
    <dimen name="x1001">1464.43dp</dimen>
    <dimen name="x1002">1465.89dp</dimen>
    <dimen name="x1003">1467.35dp</dimen>
    <dimen name="x1004">1468.81dp</dimen>
    <dimen name="x1005">1470.28dp</dimen>
    <dimen name="x1006">1471.74dp</dimen>
    <dimen name="x1007">1473.20dp</dimen>
    <dimen name="x1008">1474.67dp</dimen>
    <dimen name="x1009">1476.13dp</dimen>
    <dimen name="x1010">1477.59dp</dimen>
    <dimen name="x1011">1479.06dp</dimen>
    <dimen name="x1012">1480.52dp</dimen>
    <dimen name="x1013">1481.98dp</dimen>
    <dimen name="x1014">1483.44dp</dimen>
    <dimen name="x1015">1484.91dp</dimen>
    <dimen name="x1016">1486.37dp</dimen>
    <dimen name="x1017">1487.83dp</dimen>
    <dimen name="x1018">1489.30dp</dimen>
    <dimen name="x1019">1490.76dp</dimen>
    <dimen name="x1020">1492.22dp</dimen>
    <dimen name="x1021">1493.69dp</dimen>
    <dimen name="x1022">1495.15dp</dimen>
    <dimen name="x1023">1496.61dp</dimen>
    <dimen name="x1024">1498.07dp</dimen>
    <dimen name="x1025">1499.54dp</dimen>
    <dimen name="x1026">1501.00dp</dimen>
    <dimen name="x1027">1502.46dp</dimen>
    <dimen name="x1028">1503.93dp</dimen>
    <dimen name="x1029">1505.39dp</dimen>
    <dimen name="x1030">1506.85dp</dimen>
    <dimen name="x1031">1508.31dp</dimen>
    <dimen name="x1032">1509.78dp</dimen>
    <dimen name="x1033">1511.24dp</dimen>
    <dimen name="x1034">1512.70dp</dimen>
    <dimen name="x1035">1514.17dp</dimen>
    <dimen name="x1036">1515.63dp</dimen>
    <dimen name="x1037">1517.09dp</dimen>
    <dimen name="x1038">1518.56dp</dimen>
    <dimen name="x1039">1520.02dp</dimen>
    <dimen name="x1040">1521.48dp</dimen>
    <dimen name="x1041">1522.94dp</dimen>
    <dimen name="x1042">1524.41dp</dimen>
    <dimen name="x1043">1525.87dp</dimen>
    <dimen name="x1044">1527.33dp</dimen>
    <dimen name="x1045">1528.80dp</dimen>
    <dimen name="x1046">1530.26dp</dimen>
    <dimen name="x1047">1531.72dp</dimen>
    <dimen name="x1048">1533.19dp</dimen>
    <dimen name="x1049">1534.65dp</dimen>
    <dimen name="x1050">1536.11dp</dimen>
    <dimen name="x1051">1537.57dp</dimen>
    <dimen name="x1052">1539.04dp</dimen>
    <dimen name="x1053">1540.50dp</dimen>
    <dimen name="x1054">1541.96dp</dimen>
    <dimen name="x1055">1543.43dp</dimen>
    <dimen name="x1056">1544.89dp</dimen>
    <dimen name="x1057">1546.35dp</dimen>
    <dimen name="x1058">1547.81dp</dimen>
    <dimen name="x1059">1549.28dp</dimen>
    <dimen name="x1060">1550.74dp</dimen>
    <dimen name="x1061">1552.20dp</dimen>
    <dimen name="x1062">1553.67dp</dimen>
    <dimen name="x1063">1555.13dp</dimen>
    <dimen name="x1064">1556.59dp</dimen>
    <dimen name="x1065">1558.06dp</dimen>
    <dimen name="x1066">1559.52dp</dimen>
    <dimen name="x1067">1560.98dp</dimen>
    <dimen name="x1068">1562.44dp</dimen>
    <dimen name="x1069">1563.91dp</dimen>
    <dimen name="x1070">1565.37dp</dimen>
    <dimen name="x1071">1566.83dp</dimen>
    <dimen name="x1072">1568.30dp</dimen>
    <dimen name="x1073">1569.76dp</dimen>
    <dimen name="x1074">1571.22dp</dimen>
    <dimen name="x1075">1572.69dp</dimen>
    <dimen name="x1076">1574.15dp</dimen>
    <dimen name="x1077">1575.61dp</dimen>
    <dimen name="x1078">1577.07dp</dimen>
    <dimen name="x1079">1578.54dp</dimen>
    <dimen name="x1080">1580.00dp</dimen>
</resources>