<?xml version="1.0" encoding="utf-8"?>
<resources>
    <string name="sw_dp">1330dp</string>
    <dimen name="x1">1.23dp</dimen>
    <dimen name="x2">2.46dp</dimen>
    <dimen name="x3">3.69dp</dimen>
    <dimen name="x4">4.93dp</dimen>
    <dimen name="x5">6.16dp</dimen>
    <dimen name="x6">7.39dp</dimen>
    <dimen name="x7">8.62dp</dimen>
    <dimen name="x8">9.85dp</dimen>
    <dimen name="x9">11.08dp</dimen>
    <dimen name="x10">12.31dp</dimen>
    <dimen name="x11">13.55dp</dimen>
    <dimen name="x12">14.78dp</dimen>
    <dimen name="x13">16.01dp</dimen>
    <dimen name="x14">17.24dp</dimen>
    <dimen name="x15">18.47dp</dimen>
    <dimen name="x16">19.70dp</dimen>
    <dimen name="x17">20.94dp</dimen>
    <dimen name="x18">22.17dp</dimen>
    <dimen name="x19">23.40dp</dimen>
    <dimen name="x20">24.63dp</dimen>
    <dimen name="x21">25.86dp</dimen>
    <dimen name="x22">27.09dp</dimen>
    <dimen name="x23">28.32dp</dimen>
    <dimen name="x24">29.56dp</dimen>
    <dimen name="x25">30.79dp</dimen>
    <dimen name="x26">32.02dp</dimen>
    <dimen name="x27">33.25dp</dimen>
    <dimen name="x28">34.48dp</dimen>
    <dimen name="x29">35.71dp</dimen>
    <dimen name="x30">36.94dp</dimen>
    <dimen name="x31">38.18dp</dimen>
    <dimen name="x32">39.41dp</dimen>
    <dimen name="x33">40.64dp</dimen>
    <dimen name="x34">41.87dp</dimen>
    <dimen name="x35">43.10dp</dimen>
    <dimen name="x36">44.33dp</dimen>
    <dimen name="x37">45.56dp</dimen>
    <dimen name="x38">46.80dp</dimen>
    <dimen name="x39">48.03dp</dimen>
    <dimen name="x40">49.26dp</dimen>
    <dimen name="x41">50.49dp</dimen>
    <dimen name="x42">51.72dp</dimen>
    <dimen name="x43">52.95dp</dimen>
    <dimen name="x44">54.19dp</dimen>
    <dimen name="x45">55.42dp</dimen>
    <dimen name="x46">56.65dp</dimen>
    <dimen name="x47">57.88dp</dimen>
    <dimen name="x48">59.11dp</dimen>
    <dimen name="x49">60.34dp</dimen>
    <dimen name="x50">61.57dp</dimen>
    <dimen name="x51">62.81dp</dimen>
    <dimen name="x52">64.04dp</dimen>
    <dimen name="x53">65.27dp</dimen>
    <dimen name="x54">66.50dp</dimen>
    <dimen name="x55">67.73dp</dimen>
    <dimen name="x56">68.96dp</dimen>
    <dimen name="x57">70.19dp</dimen>
    <dimen name="x58">71.43dp</dimen>
    <dimen name="x59">72.66dp</dimen>
    <dimen name="x60">73.89dp</dimen>
    <dimen name="x61">75.12dp</dimen>
    <dimen name="x62">76.35dp</dimen>
    <dimen name="x63">77.58dp</dimen>
    <dimen name="x64">78.81dp</dimen>
    <dimen name="x65">80.05dp</dimen>
    <dimen name="x66">81.28dp</dimen>
    <dimen name="x67">82.51dp</dimen>
    <dimen name="x68">83.74dp</dimen>
    <dimen name="x69">84.97dp</dimen>
    <dimen name="x70">86.20dp</dimen>
    <dimen name="x71">87.44dp</dimen>
    <dimen name="x72">88.67dp</dimen>
    <dimen name="x73">89.90dp</dimen>
    <dimen name="x74">91.13dp</dimen>
    <dimen name="x75">92.36dp</dimen>
    <dimen name="x76">93.59dp</dimen>
    <dimen name="x77">94.82dp</dimen>
    <dimen name="x78">96.06dp</dimen>
    <dimen name="x79">97.29dp</dimen>
    <dimen name="x80">98.52dp</dimen>
    <dimen name="x81">99.75dp</dimen>
    <dimen name="x82">100.98dp</dimen>
    <dimen name="x83">102.21dp</dimen>
    <dimen name="x84">103.44dp</dimen>
    <dimen name="x85">104.68dp</dimen>
    <dimen name="x86">105.91dp</dimen>
    <dimen name="x87">107.14dp</dimen>
    <dimen name="x88">108.37dp</dimen>
    <dimen name="x89">109.60dp</dimen>
    <dimen name="x90">110.83dp</dimen>
    <dimen name="x91">112.06dp</dimen>
    <dimen name="x92">113.30dp</dimen>
    <dimen name="x93">114.53dp</dimen>
    <dimen name="x94">115.76dp</dimen>
    <dimen name="x95">116.99dp</dimen>
    <dimen name="x96">118.22dp</dimen>
    <dimen name="x97">119.45dp</dimen>
    <dimen name="x98">120.69dp</dimen>
    <dimen name="x99">121.92dp</dimen>
    <dimen name="x100">123.15dp</dimen>
    <dimen name="x101">124.38dp</dimen>
    <dimen name="x102">125.61dp</dimen>
    <dimen name="x103">126.84dp</dimen>
    <dimen name="x104">128.07dp</dimen>
    <dimen name="x105">129.31dp</dimen>
    <dimen name="x106">130.54dp</dimen>
    <dimen name="x107">131.77dp</dimen>
    <dimen name="x108">133.00dp</dimen>
    <dimen name="x109">134.23dp</dimen>
    <dimen name="x110">135.46dp</dimen>
    <dimen name="x111">136.69dp</dimen>
    <dimen name="x112">137.93dp</dimen>
    <dimen name="x113">139.16dp</dimen>
    <dimen name="x114">140.39dp</dimen>
    <dimen name="x115">141.62dp</dimen>
    <dimen name="x116">142.85dp</dimen>
    <dimen name="x117">144.08dp</dimen>
    <dimen name="x118">145.31dp</dimen>
    <dimen name="x119">146.55dp</dimen>
    <dimen name="x120">147.78dp</dimen>
    <dimen name="x121">149.01dp</dimen>
    <dimen name="x122">150.24dp</dimen>
    <dimen name="x123">151.47dp</dimen>
    <dimen name="x124">152.70dp</dimen>
    <dimen name="x125">153.94dp</dimen>
    <dimen name="x126">155.17dp</dimen>
    <dimen name="x127">156.40dp</dimen>
    <dimen name="x128">157.63dp</dimen>
    <dimen name="x129">158.86dp</dimen>
    <dimen name="x130">160.09dp</dimen>
    <dimen name="x131">161.32dp</dimen>
    <dimen name="x132">162.56dp</dimen>
    <dimen name="x133">163.79dp</dimen>
    <dimen name="x134">165.02dp</dimen>
    <dimen name="x135">166.25dp</dimen>
    <dimen name="x136">167.48dp</dimen>
    <dimen name="x137">168.71dp</dimen>
    <dimen name="x138">169.94dp</dimen>
    <dimen name="x139">171.18dp</dimen>
    <dimen name="x140">172.41dp</dimen>
    <dimen name="x141">173.64dp</dimen>
    <dimen name="x142">174.87dp</dimen>
    <dimen name="x143">176.10dp</dimen>
    <dimen name="x144">177.33dp</dimen>
    <dimen name="x145">178.56dp</dimen>
    <dimen name="x146">179.80dp</dimen>
    <dimen name="x147">181.03dp</dimen>
    <dimen name="x148">182.26dp</dimen>
    <dimen name="x149">183.49dp</dimen>
    <dimen name="x150">184.72dp</dimen>
    <dimen name="x151">185.95dp</dimen>
    <dimen name="x152">187.19dp</dimen>
    <dimen name="x153">188.42dp</dimen>
    <dimen name="x154">189.65dp</dimen>
    <dimen name="x155">190.88dp</dimen>
    <dimen name="x156">192.11dp</dimen>
    <dimen name="x157">193.34dp</dimen>
    <dimen name="x158">194.57dp</dimen>
    <dimen name="x159">195.81dp</dimen>
    <dimen name="x160">197.04dp</dimen>
    <dimen name="x161">198.27dp</dimen>
    <dimen name="x162">199.50dp</dimen>
    <dimen name="x163">200.73dp</dimen>
    <dimen name="x164">201.96dp</dimen>
    <dimen name="x165">203.19dp</dimen>
    <dimen name="x166">204.43dp</dimen>
    <dimen name="x167">205.66dp</dimen>
    <dimen name="x168">206.89dp</dimen>
    <dimen name="x169">208.12dp</dimen>
    <dimen name="x170">209.35dp</dimen>
    <dimen name="x171">210.58dp</dimen>
    <dimen name="x172">211.81dp</dimen>
    <dimen name="x173">213.05dp</dimen>
    <dimen name="x174">214.28dp</dimen>
    <dimen name="x175">215.51dp</dimen>
    <dimen name="x176">216.74dp</dimen>
    <dimen name="x177">217.97dp</dimen>
    <dimen name="x178">219.20dp</dimen>
    <dimen name="x179">220.44dp</dimen>
    <dimen name="x180">221.67dp</dimen>
    <dimen name="x181">222.90dp</dimen>
    <dimen name="x182">224.13dp</dimen>
    <dimen name="x183">225.36dp</dimen>
    <dimen name="x184">226.59dp</dimen>
    <dimen name="x185">227.82dp</dimen>
    <dimen name="x186">229.06dp</dimen>
    <dimen name="x187">230.29dp</dimen>
    <dimen name="x188">231.52dp</dimen>
    <dimen name="x189">232.75dp</dimen>
    <dimen name="x190">233.98dp</dimen>
    <dimen name="x191">235.21dp</dimen>
    <dimen name="x192">236.44dp</dimen>
    <dimen name="x193">237.68dp</dimen>
    <dimen name="x194">238.91dp</dimen>
    <dimen name="x195">240.14dp</dimen>
    <dimen name="x196">241.37dp</dimen>
    <dimen name="x197">242.60dp</dimen>
    <dimen name="x198">243.83dp</dimen>
    <dimen name="x199">245.06dp</dimen>
    <dimen name="x200">246.30dp</dimen>
    <dimen name="x201">247.53dp</dimen>
    <dimen name="x202">248.76dp</dimen>
    <dimen name="x203">249.99dp</dimen>
    <dimen name="x204">251.22dp</dimen>
    <dimen name="x205">252.45dp</dimen>
    <dimen name="x206">253.69dp</dimen>
    <dimen name="x207">254.92dp</dimen>
    <dimen name="x208">256.15dp</dimen>
    <dimen name="x209">257.38dp</dimen>
    <dimen name="x210">258.61dp</dimen>
    <dimen name="x211">259.84dp</dimen>
    <dimen name="x212">261.07dp</dimen>
    <dimen name="x213">262.31dp</dimen>
    <dimen name="x214">263.54dp</dimen>
    <dimen name="x215">264.77dp</dimen>
    <dimen name="x216">266.00dp</dimen>
    <dimen name="x217">267.23dp</dimen>
    <dimen name="x218">268.46dp</dimen>
    <dimen name="x219">269.69dp</dimen>
    <dimen name="x220">270.93dp</dimen>
    <dimen name="x221">272.16dp</dimen>
    <dimen name="x222">273.39dp</dimen>
    <dimen name="x223">274.62dp</dimen>
    <dimen name="x224">275.85dp</dimen>
    <dimen name="x225">277.08dp</dimen>
    <dimen name="x226">278.31dp</dimen>
    <dimen name="x227">279.55dp</dimen>
    <dimen name="x228">280.78dp</dimen>
    <dimen name="x229">282.01dp</dimen>
    <dimen name="x230">283.24dp</dimen>
    <dimen name="x231">284.47dp</dimen>
    <dimen name="x232">285.70dp</dimen>
    <dimen name="x233">286.94dp</dimen>
    <dimen name="x234">288.17dp</dimen>
    <dimen name="x235">289.40dp</dimen>
    <dimen name="x236">290.63dp</dimen>
    <dimen name="x237">291.86dp</dimen>
    <dimen name="x238">293.09dp</dimen>
    <dimen name="x239">294.32dp</dimen>
    <dimen name="x240">295.56dp</dimen>
    <dimen name="x241">296.79dp</dimen>
    <dimen name="x242">298.02dp</dimen>
    <dimen name="x243">299.25dp</dimen>
    <dimen name="x244">300.48dp</dimen>
    <dimen name="x245">301.71dp</dimen>
    <dimen name="x246">302.94dp</dimen>
    <dimen name="x247">304.18dp</dimen>
    <dimen name="x248">305.41dp</dimen>
    <dimen name="x249">306.64dp</dimen>
    <dimen name="x250">307.87dp</dimen>
    <dimen name="x251">309.10dp</dimen>
    <dimen name="x252">310.33dp</dimen>
    <dimen name="x253">311.56dp</dimen>
    <dimen name="x254">312.80dp</dimen>
    <dimen name="x255">314.03dp</dimen>
    <dimen name="x256">315.26dp</dimen>
    <dimen name="x257">316.49dp</dimen>
    <dimen name="x258">317.72dp</dimen>
    <dimen name="x259">318.95dp</dimen>
    <dimen name="x260">320.19dp</dimen>
    <dimen name="x261">321.42dp</dimen>
    <dimen name="x262">322.65dp</dimen>
    <dimen name="x263">323.88dp</dimen>
    <dimen name="x264">325.11dp</dimen>
    <dimen name="x265">326.34dp</dimen>
    <dimen name="x266">327.57dp</dimen>
    <dimen name="x267">328.81dp</dimen>
    <dimen name="x268">330.04dp</dimen>
    <dimen name="x269">331.27dp</dimen>
    <dimen name="x270">332.50dp</dimen>
    <dimen name="x271">333.73dp</dimen>
    <dimen name="x272">334.96dp</dimen>
    <dimen name="x273">336.19dp</dimen>
    <dimen name="x274">337.43dp</dimen>
    <dimen name="x275">338.66dp</dimen>
    <dimen name="x276">339.89dp</dimen>
    <dimen name="x277">341.12dp</dimen>
    <dimen name="x278">342.35dp</dimen>
    <dimen name="x279">343.58dp</dimen>
    <dimen name="x280">344.81dp</dimen>
    <dimen name="x281">346.05dp</dimen>
    <dimen name="x282">347.28dp</dimen>
    <dimen name="x283">348.51dp</dimen>
    <dimen name="x284">349.74dp</dimen>
    <dimen name="x285">350.97dp</dimen>
    <dimen name="x286">352.20dp</dimen>
    <dimen name="x287">353.44dp</dimen>
    <dimen name="x288">354.67dp</dimen>
    <dimen name="x289">355.90dp</dimen>
    <dimen name="x290">357.13dp</dimen>
    <dimen name="x291">358.36dp</dimen>
    <dimen name="x292">359.59dp</dimen>
    <dimen name="x293">360.82dp</dimen>
    <dimen name="x294">362.06dp</dimen>
    <dimen name="x295">363.29dp</dimen>
    <dimen name="x296">364.52dp</dimen>
    <dimen name="x297">365.75dp</dimen>
    <dimen name="x298">366.98dp</dimen>
    <dimen name="x299">368.21dp</dimen>
    <dimen name="x300">369.44dp</dimen>
    <dimen name="x301">370.68dp</dimen>
    <dimen name="x302">371.91dp</dimen>
    <dimen name="x303">373.14dp</dimen>
    <dimen name="x304">374.37dp</dimen>
    <dimen name="x305">375.60dp</dimen>
    <dimen name="x306">376.83dp</dimen>
    <dimen name="x307">378.06dp</dimen>
    <dimen name="x308">379.30dp</dimen>
    <dimen name="x309">380.53dp</dimen>
    <dimen name="x310">381.76dp</dimen>
    <dimen name="x311">382.99dp</dimen>
    <dimen name="x312">384.22dp</dimen>
    <dimen name="x313">385.45dp</dimen>
    <dimen name="x314">386.69dp</dimen>
    <dimen name="x315">387.92dp</dimen>
    <dimen name="x316">389.15dp</dimen>
    <dimen name="x317">390.38dp</dimen>
    <dimen name="x318">391.61dp</dimen>
    <dimen name="x319">392.84dp</dimen>
    <dimen name="x320">394.07dp</dimen>
    <dimen name="x321">395.31dp</dimen>
    <dimen name="x322">396.54dp</dimen>
    <dimen name="x323">397.77dp</dimen>
    <dimen name="x324">399.00dp</dimen>
    <dimen name="x325">400.23dp</dimen>
    <dimen name="x326">401.46dp</dimen>
    <dimen name="x327">402.69dp</dimen>
    <dimen name="x328">403.93dp</dimen>
    <dimen name="x329">405.16dp</dimen>
    <dimen name="x330">406.39dp</dimen>
    <dimen name="x331">407.62dp</dimen>
    <dimen name="x332">408.85dp</dimen>
    <dimen name="x333">410.08dp</dimen>
    <dimen name="x334">411.31dp</dimen>
    <dimen name="x335">412.55dp</dimen>
    <dimen name="x336">413.78dp</dimen>
    <dimen name="x337">415.01dp</dimen>
    <dimen name="x338">416.24dp</dimen>
    <dimen name="x339">417.47dp</dimen>
    <dimen name="x340">418.70dp</dimen>
    <dimen name="x341">419.94dp</dimen>
    <dimen name="x342">421.17dp</dimen>
    <dimen name="x343">422.40dp</dimen>
    <dimen name="x344">423.63dp</dimen>
    <dimen name="x345">424.86dp</dimen>
    <dimen name="x346">426.09dp</dimen>
    <dimen name="x347">427.32dp</dimen>
    <dimen name="x348">428.56dp</dimen>
    <dimen name="x349">429.79dp</dimen>
    <dimen name="x350">431.02dp</dimen>
    <dimen name="x351">432.25dp</dimen>
    <dimen name="x352">433.48dp</dimen>
    <dimen name="x353">434.71dp</dimen>
    <dimen name="x354">435.94dp</dimen>
    <dimen name="x355">437.18dp</dimen>
    <dimen name="x356">438.41dp</dimen>
    <dimen name="x357">439.64dp</dimen>
    <dimen name="x358">440.87dp</dimen>
    <dimen name="x359">442.10dp</dimen>
    <dimen name="x360">443.33dp</dimen>
    <dimen name="x361">444.56dp</dimen>
    <dimen name="x362">445.80dp</dimen>
    <dimen name="x363">447.03dp</dimen>
    <dimen name="x364">448.26dp</dimen>
    <dimen name="x365">449.49dp</dimen>
    <dimen name="x366">450.72dp</dimen>
    <dimen name="x367">451.95dp</dimen>
    <dimen name="x368">453.19dp</dimen>
    <dimen name="x369">454.42dp</dimen>
    <dimen name="x370">455.65dp</dimen>
    <dimen name="x371">456.88dp</dimen>
    <dimen name="x372">458.11dp</dimen>
    <dimen name="x373">459.34dp</dimen>
    <dimen name="x374">460.57dp</dimen>
    <dimen name="x375">461.81dp</dimen>
    <dimen name="x376">463.04dp</dimen>
    <dimen name="x377">464.27dp</dimen>
    <dimen name="x378">465.50dp</dimen>
    <dimen name="x379">466.73dp</dimen>
    <dimen name="x380">467.96dp</dimen>
    <dimen name="x381">469.19dp</dimen>
    <dimen name="x382">470.43dp</dimen>
    <dimen name="x383">471.66dp</dimen>
    <dimen name="x384">472.89dp</dimen>
    <dimen name="x385">474.12dp</dimen>
    <dimen name="x386">475.35dp</dimen>
    <dimen name="x387">476.58dp</dimen>
    <dimen name="x388">477.81dp</dimen>
    <dimen name="x389">479.05dp</dimen>
    <dimen name="x390">480.28dp</dimen>
    <dimen name="x391">481.51dp</dimen>
    <dimen name="x392">482.74dp</dimen>
    <dimen name="x393">483.97dp</dimen>
    <dimen name="x394">485.20dp</dimen>
    <dimen name="x395">486.44dp</dimen>
    <dimen name="x396">487.67dp</dimen>
    <dimen name="x397">488.90dp</dimen>
    <dimen name="x398">490.13dp</dimen>
    <dimen name="x399">491.36dp</dimen>
    <dimen name="x400">492.59dp</dimen>
    <dimen name="x401">493.82dp</dimen>
    <dimen name="x402">495.06dp</dimen>
    <dimen name="x403">496.29dp</dimen>
    <dimen name="x404">497.52dp</dimen>
    <dimen name="x405">498.75dp</dimen>
    <dimen name="x406">499.98dp</dimen>
    <dimen name="x407">501.21dp</dimen>
    <dimen name="x408">502.44dp</dimen>
    <dimen name="x409">503.68dp</dimen>
    <dimen name="x410">504.91dp</dimen>
    <dimen name="x411">506.14dp</dimen>
    <dimen name="x412">507.37dp</dimen>
    <dimen name="x413">508.60dp</dimen>
    <dimen name="x414">509.83dp</dimen>
    <dimen name="x415">511.06dp</dimen>
    <dimen name="x416">512.30dp</dimen>
    <dimen name="x417">513.53dp</dimen>
    <dimen name="x418">514.76dp</dimen>
    <dimen name="x419">515.99dp</dimen>
    <dimen name="x420">517.22dp</dimen>
    <dimen name="x421">518.45dp</dimen>
    <dimen name="x422">519.69dp</dimen>
    <dimen name="x423">520.92dp</dimen>
    <dimen name="x424">522.15dp</dimen>
    <dimen name="x425">523.38dp</dimen>
    <dimen name="x426">524.61dp</dimen>
    <dimen name="x427">525.84dp</dimen>
    <dimen name="x428">527.07dp</dimen>
    <dimen name="x429">528.31dp</dimen>
    <dimen name="x430">529.54dp</dimen>
    <dimen name="x431">530.77dp</dimen>
    <dimen name="x432">532.00dp</dimen>
    <dimen name="x433">533.23dp</dimen>
    <dimen name="x434">534.46dp</dimen>
    <dimen name="x435">535.69dp</dimen>
    <dimen name="x436">536.93dp</dimen>
    <dimen name="x437">538.16dp</dimen>
    <dimen name="x438">539.39dp</dimen>
    <dimen name="x439">540.62dp</dimen>
    <dimen name="x440">541.85dp</dimen>
    <dimen name="x441">543.08dp</dimen>
    <dimen name="x442">544.31dp</dimen>
    <dimen name="x443">545.55dp</dimen>
    <dimen name="x444">546.78dp</dimen>
    <dimen name="x445">548.01dp</dimen>
    <dimen name="x446">549.24dp</dimen>
    <dimen name="x447">550.47dp</dimen>
    <dimen name="x448">551.70dp</dimen>
    <dimen name="x449">552.94dp</dimen>
    <dimen name="x450">554.17dp</dimen>
    <dimen name="x451">555.40dp</dimen>
    <dimen name="x452">556.63dp</dimen>
    <dimen name="x453">557.86dp</dimen>
    <dimen name="x454">559.09dp</dimen>
    <dimen name="x455">560.32dp</dimen>
    <dimen name="x456">561.56dp</dimen>
    <dimen name="x457">562.79dp</dimen>
    <dimen name="x458">564.02dp</dimen>
    <dimen name="x459">565.25dp</dimen>
    <dimen name="x460">566.48dp</dimen>
    <dimen name="x461">567.71dp</dimen>
    <dimen name="x462">568.94dp</dimen>
    <dimen name="x463">570.18dp</dimen>
    <dimen name="x464">571.41dp</dimen>
    <dimen name="x465">572.64dp</dimen>
    <dimen name="x466">573.87dp</dimen>
    <dimen name="x467">575.10dp</dimen>
    <dimen name="x468">576.33dp</dimen>
    <dimen name="x469">577.56dp</dimen>
    <dimen name="x470">578.80dp</dimen>
    <dimen name="x471">580.03dp</dimen>
    <dimen name="x472">581.26dp</dimen>
    <dimen name="x473">582.49dp</dimen>
    <dimen name="x474">583.72dp</dimen>
    <dimen name="x475">584.95dp</dimen>
    <dimen name="x476">586.19dp</dimen>
    <dimen name="x477">587.42dp</dimen>
    <dimen name="x478">588.65dp</dimen>
    <dimen name="x479">589.88dp</dimen>
    <dimen name="x480">591.11dp</dimen>
    <dimen name="x481">592.34dp</dimen>
    <dimen name="x482">593.57dp</dimen>
    <dimen name="x483">594.81dp</dimen>
    <dimen name="x484">596.04dp</dimen>
    <dimen name="x485">597.27dp</dimen>
    <dimen name="x486">598.50dp</dimen>
    <dimen name="x487">599.73dp</dimen>
    <dimen name="x488">600.96dp</dimen>
    <dimen name="x489">602.19dp</dimen>
    <dimen name="x490">603.43dp</dimen>
    <dimen name="x491">604.66dp</dimen>
    <dimen name="x492">605.89dp</dimen>
    <dimen name="x493">607.12dp</dimen>
    <dimen name="x494">608.35dp</dimen>
    <dimen name="x495">609.58dp</dimen>
    <dimen name="x496">610.81dp</dimen>
    <dimen name="x497">612.05dp</dimen>
    <dimen name="x498">613.28dp</dimen>
    <dimen name="x499">614.51dp</dimen>
    <dimen name="x500">615.74dp</dimen>
    <dimen name="x501">616.97dp</dimen>
    <dimen name="x502">618.20dp</dimen>
    <dimen name="x503">619.44dp</dimen>
    <dimen name="x504">620.67dp</dimen>
    <dimen name="x505">621.90dp</dimen>
    <dimen name="x506">623.13dp</dimen>
    <dimen name="x507">624.36dp</dimen>
    <dimen name="x508">625.59dp</dimen>
    <dimen name="x509">626.82dp</dimen>
    <dimen name="x510">628.06dp</dimen>
    <dimen name="x511">629.29dp</dimen>
    <dimen name="x512">630.52dp</dimen>
    <dimen name="x513">631.75dp</dimen>
    <dimen name="x514">632.98dp</dimen>
    <dimen name="x515">634.21dp</dimen>
    <dimen name="x516">635.44dp</dimen>
    <dimen name="x517">636.68dp</dimen>
    <dimen name="x518">637.91dp</dimen>
    <dimen name="x519">639.14dp</dimen>
    <dimen name="x520">640.37dp</dimen>
    <dimen name="x521">641.60dp</dimen>
    <dimen name="x522">642.83dp</dimen>
    <dimen name="x523">644.06dp</dimen>
    <dimen name="x524">645.30dp</dimen>
    <dimen name="x525">646.53dp</dimen>
    <dimen name="x526">647.76dp</dimen>
    <dimen name="x527">648.99dp</dimen>
    <dimen name="x528">650.22dp</dimen>
    <dimen name="x529">651.45dp</dimen>
    <dimen name="x530">652.69dp</dimen>
    <dimen name="x531">653.92dp</dimen>
    <dimen name="x532">655.15dp</dimen>
    <dimen name="x533">656.38dp</dimen>
    <dimen name="x534">657.61dp</dimen>
    <dimen name="x535">658.84dp</dimen>
    <dimen name="x536">660.07dp</dimen>
    <dimen name="x537">661.31dp</dimen>
    <dimen name="x538">662.54dp</dimen>
    <dimen name="x539">663.77dp</dimen>
    <dimen name="x540">665.00dp</dimen>
    <dimen name="x541">666.23dp</dimen>
    <dimen name="x542">667.46dp</dimen>
    <dimen name="x543">668.69dp</dimen>
    <dimen name="x544">669.93dp</dimen>
    <dimen name="x545">671.16dp</dimen>
    <dimen name="x546">672.39dp</dimen>
    <dimen name="x547">673.62dp</dimen>
    <dimen name="x548">674.85dp</dimen>
    <dimen name="x549">676.08dp</dimen>
    <dimen name="x550">677.31dp</dimen>
    <dimen name="x551">678.55dp</dimen>
    <dimen name="x552">679.78dp</dimen>
    <dimen name="x553">681.01dp</dimen>
    <dimen name="x554">682.24dp</dimen>
    <dimen name="x555">683.47dp</dimen>
    <dimen name="x556">684.70dp</dimen>
    <dimen name="x557">685.94dp</dimen>
    <dimen name="x558">687.17dp</dimen>
    <dimen name="x559">688.40dp</dimen>
    <dimen name="x560">689.63dp</dimen>
    <dimen name="x561">690.86dp</dimen>
    <dimen name="x562">692.09dp</dimen>
    <dimen name="x563">693.32dp</dimen>
    <dimen name="x564">694.56dp</dimen>
    <dimen name="x565">695.79dp</dimen>
    <dimen name="x566">697.02dp</dimen>
    <dimen name="x567">698.25dp</dimen>
    <dimen name="x568">699.48dp</dimen>
    <dimen name="x569">700.71dp</dimen>
    <dimen name="x570">701.94dp</dimen>
    <dimen name="x571">703.18dp</dimen>
    <dimen name="x572">704.41dp</dimen>
    <dimen name="x573">705.64dp</dimen>
    <dimen name="x574">706.87dp</dimen>
    <dimen name="x575">708.10dp</dimen>
    <dimen name="x576">709.33dp</dimen>
    <dimen name="x577">710.56dp</dimen>
    <dimen name="x578">711.80dp</dimen>
    <dimen name="x579">713.03dp</dimen>
    <dimen name="x580">714.26dp</dimen>
    <dimen name="x581">715.49dp</dimen>
    <dimen name="x582">716.72dp</dimen>
    <dimen name="x583">717.95dp</dimen>
    <dimen name="x584">719.19dp</dimen>
    <dimen name="x585">720.42dp</dimen>
    <dimen name="x586">721.65dp</dimen>
    <dimen name="x587">722.88dp</dimen>
    <dimen name="x588">724.11dp</dimen>
    <dimen name="x589">725.34dp</dimen>
    <dimen name="x590">726.57dp</dimen>
    <dimen name="x591">727.81dp</dimen>
    <dimen name="x592">729.04dp</dimen>
    <dimen name="x593">730.27dp</dimen>
    <dimen name="x594">731.50dp</dimen>
    <dimen name="x595">732.73dp</dimen>
    <dimen name="x596">733.96dp</dimen>
    <dimen name="x597">735.19dp</dimen>
    <dimen name="x598">736.43dp</dimen>
    <dimen name="x599">737.66dp</dimen>
    <dimen name="x600">738.89dp</dimen>
    <dimen name="x601">740.12dp</dimen>
    <dimen name="x602">741.35dp</dimen>
    <dimen name="x603">742.58dp</dimen>
    <dimen name="x604">743.81dp</dimen>
    <dimen name="x605">745.05dp</dimen>
    <dimen name="x606">746.28dp</dimen>
    <dimen name="x607">747.51dp</dimen>
    <dimen name="x608">748.74dp</dimen>
    <dimen name="x609">749.97dp</dimen>
    <dimen name="x610">751.20dp</dimen>
    <dimen name="x611">752.44dp</dimen>
    <dimen name="x612">753.67dp</dimen>
    <dimen name="x613">754.90dp</dimen>
    <dimen name="x614">756.13dp</dimen>
    <dimen name="x615">757.36dp</dimen>
    <dimen name="x616">758.59dp</dimen>
    <dimen name="x617">759.82dp</dimen>
    <dimen name="x618">761.06dp</dimen>
    <dimen name="x619">762.29dp</dimen>
    <dimen name="x620">763.52dp</dimen>
    <dimen name="x621">764.75dp</dimen>
    <dimen name="x622">765.98dp</dimen>
    <dimen name="x623">767.21dp</dimen>
    <dimen name="x624">768.44dp</dimen>
    <dimen name="x625">769.68dp</dimen>
    <dimen name="x626">770.91dp</dimen>
    <dimen name="x627">772.14dp</dimen>
    <dimen name="x628">773.37dp</dimen>
    <dimen name="x629">774.60dp</dimen>
    <dimen name="x630">775.83dp</dimen>
    <dimen name="x631">777.06dp</dimen>
    <dimen name="x632">778.30dp</dimen>
    <dimen name="x633">779.53dp</dimen>
    <dimen name="x634">780.76dp</dimen>
    <dimen name="x635">781.99dp</dimen>
    <dimen name="x636">783.22dp</dimen>
    <dimen name="x637">784.45dp</dimen>
    <dimen name="x638">785.69dp</dimen>
    <dimen name="x639">786.92dp</dimen>
    <dimen name="x640">788.15dp</dimen>
    <dimen name="x641">789.38dp</dimen>
    <dimen name="x642">790.61dp</dimen>
    <dimen name="x643">791.84dp</dimen>
    <dimen name="x644">793.07dp</dimen>
    <dimen name="x645">794.31dp</dimen>
    <dimen name="x646">795.54dp</dimen>
    <dimen name="x647">796.77dp</dimen>
    <dimen name="x648">798.00dp</dimen>
    <dimen name="x649">799.23dp</dimen>
    <dimen name="x650">800.46dp</dimen>
    <dimen name="x651">801.69dp</dimen>
    <dimen name="x652">802.93dp</dimen>
    <dimen name="x653">804.16dp</dimen>
    <dimen name="x654">805.39dp</dimen>
    <dimen name="x655">806.62dp</dimen>
    <dimen name="x656">807.85dp</dimen>
    <dimen name="x657">809.08dp</dimen>
    <dimen name="x658">810.31dp</dimen>
    <dimen name="x659">811.55dp</dimen>
    <dimen name="x660">812.78dp</dimen>
    <dimen name="x661">814.01dp</dimen>
    <dimen name="x662">815.24dp</dimen>
    <dimen name="x663">816.47dp</dimen>
    <dimen name="x664">817.70dp</dimen>
    <dimen name="x665">818.94dp</dimen>
    <dimen name="x666">820.17dp</dimen>
    <dimen name="x667">821.40dp</dimen>
    <dimen name="x668">822.63dp</dimen>
    <dimen name="x669">823.86dp</dimen>
    <dimen name="x670">825.09dp</dimen>
    <dimen name="x671">826.32dp</dimen>
    <dimen name="x672">827.56dp</dimen>
    <dimen name="x673">828.79dp</dimen>
    <dimen name="x674">830.02dp</dimen>
    <dimen name="x675">831.25dp</dimen>
    <dimen name="x676">832.48dp</dimen>
    <dimen name="x677">833.71dp</dimen>
    <dimen name="x678">834.94dp</dimen>
    <dimen name="x679">836.18dp</dimen>
    <dimen name="x680">837.41dp</dimen>
    <dimen name="x681">838.64dp</dimen>
    <dimen name="x682">839.87dp</dimen>
    <dimen name="x683">841.10dp</dimen>
    <dimen name="x684">842.33dp</dimen>
    <dimen name="x685">843.56dp</dimen>
    <dimen name="x686">844.80dp</dimen>
    <dimen name="x687">846.03dp</dimen>
    <dimen name="x688">847.26dp</dimen>
    <dimen name="x689">848.49dp</dimen>
    <dimen name="x690">849.72dp</dimen>
    <dimen name="x691">850.95dp</dimen>
    <dimen name="x692">852.19dp</dimen>
    <dimen name="x693">853.42dp</dimen>
    <dimen name="x694">854.65dp</dimen>
    <dimen name="x695">855.88dp</dimen>
    <dimen name="x696">857.11dp</dimen>
    <dimen name="x697">858.34dp</dimen>
    <dimen name="x698">859.57dp</dimen>
    <dimen name="x699">860.81dp</dimen>
    <dimen name="x700">862.04dp</dimen>
    <dimen name="x701">863.27dp</dimen>
    <dimen name="x702">864.50dp</dimen>
    <dimen name="x703">865.73dp</dimen>
    <dimen name="x704">866.96dp</dimen>
    <dimen name="x705">868.19dp</dimen>
    <dimen name="x706">869.43dp</dimen>
    <dimen name="x707">870.66dp</dimen>
    <dimen name="x708">871.89dp</dimen>
    <dimen name="x709">873.12dp</dimen>
    <dimen name="x710">874.35dp</dimen>
    <dimen name="x711">875.58dp</dimen>
    <dimen name="x712">876.81dp</dimen>
    <dimen name="x713">878.05dp</dimen>
    <dimen name="x714">879.28dp</dimen>
    <dimen name="x715">880.51dp</dimen>
    <dimen name="x716">881.74dp</dimen>
    <dimen name="x717">882.97dp</dimen>
    <dimen name="x718">884.20dp</dimen>
    <dimen name="x719">885.44dp</dimen>
    <dimen name="x720">886.67dp</dimen>
    <dimen name="x721">887.90dp</dimen>
    <dimen name="x722">889.13dp</dimen>
    <dimen name="x723">890.36dp</dimen>
    <dimen name="x724">891.59dp</dimen>
    <dimen name="x725">892.82dp</dimen>
    <dimen name="x726">894.06dp</dimen>
    <dimen name="x727">895.29dp</dimen>
    <dimen name="x728">896.52dp</dimen>
    <dimen name="x729">897.75dp</dimen>
    <dimen name="x730">898.98dp</dimen>
    <dimen name="x731">900.21dp</dimen>
    <dimen name="x732">901.44dp</dimen>
    <dimen name="x733">902.68dp</dimen>
    <dimen name="x734">903.91dp</dimen>
    <dimen name="x735">905.14dp</dimen>
    <dimen name="x736">906.37dp</dimen>
    <dimen name="x737">907.60dp</dimen>
    <dimen name="x738">908.83dp</dimen>
    <dimen name="x739">910.06dp</dimen>
    <dimen name="x740">911.30dp</dimen>
    <dimen name="x741">912.53dp</dimen>
    <dimen name="x742">913.76dp</dimen>
    <dimen name="x743">914.99dp</dimen>
    <dimen name="x744">916.22dp</dimen>
    <dimen name="x745">917.45dp</dimen>
    <dimen name="x746">918.69dp</dimen>
    <dimen name="x747">919.92dp</dimen>
    <dimen name="x748">921.15dp</dimen>
    <dimen name="x749">922.38dp</dimen>
    <dimen name="x750">923.61dp</dimen>
    <dimen name="x751">924.84dp</dimen>
    <dimen name="x752">926.07dp</dimen>
    <dimen name="x753">927.31dp</dimen>
    <dimen name="x754">928.54dp</dimen>
    <dimen name="x755">929.77dp</dimen>
    <dimen name="x756">931.00dp</dimen>
    <dimen name="x757">932.23dp</dimen>
    <dimen name="x758">933.46dp</dimen>
    <dimen name="x759">934.69dp</dimen>
    <dimen name="x760">935.93dp</dimen>
    <dimen name="x761">937.16dp</dimen>
    <dimen name="x762">938.39dp</dimen>
    <dimen name="x763">939.62dp</dimen>
    <dimen name="x764">940.85dp</dimen>
    <dimen name="x765">942.08dp</dimen>
    <dimen name="x766">943.31dp</dimen>
    <dimen name="x767">944.55dp</dimen>
    <dimen name="x768">945.78dp</dimen>
    <dimen name="x769">947.01dp</dimen>
    <dimen name="x770">948.24dp</dimen>
    <dimen name="x771">949.47dp</dimen>
    <dimen name="x772">950.70dp</dimen>
    <dimen name="x773">951.94dp</dimen>
    <dimen name="x774">953.17dp</dimen>
    <dimen name="x775">954.40dp</dimen>
    <dimen name="x776">955.63dp</dimen>
    <dimen name="x777">956.86dp</dimen>
    <dimen name="x778">958.09dp</dimen>
    <dimen name="x779">959.32dp</dimen>
    <dimen name="x780">960.56dp</dimen>
    <dimen name="x781">961.79dp</dimen>
    <dimen name="x782">963.02dp</dimen>
    <dimen name="x783">964.25dp</dimen>
    <dimen name="x784">965.48dp</dimen>
    <dimen name="x785">966.71dp</dimen>
    <dimen name="x786">967.94dp</dimen>
    <dimen name="x787">969.18dp</dimen>
    <dimen name="x788">970.41dp</dimen>
    <dimen name="x789">971.64dp</dimen>
    <dimen name="x790">972.87dp</dimen>
    <dimen name="x791">974.10dp</dimen>
    <dimen name="x792">975.33dp</dimen>
    <dimen name="x793">976.56dp</dimen>
    <dimen name="x794">977.80dp</dimen>
    <dimen name="x795">979.03dp</dimen>
    <dimen name="x796">980.26dp</dimen>
    <dimen name="x797">981.49dp</dimen>
    <dimen name="x798">982.72dp</dimen>
    <dimen name="x799">983.95dp</dimen>
    <dimen name="x800">985.19dp</dimen>
    <dimen name="x801">986.42dp</dimen>
    <dimen name="x802">987.65dp</dimen>
    <dimen name="x803">988.88dp</dimen>
    <dimen name="x804">990.11dp</dimen>
    <dimen name="x805">991.34dp</dimen>
    <dimen name="x806">992.57dp</dimen>
    <dimen name="x807">993.81dp</dimen>
    <dimen name="x808">995.04dp</dimen>
    <dimen name="x809">996.27dp</dimen>
    <dimen name="x810">997.50dp</dimen>
    <dimen name="x811">998.73dp</dimen>
    <dimen name="x812">999.96dp</dimen>
    <dimen name="x813">1001.19dp</dimen>
    <dimen name="x814">1002.43dp</dimen>
    <dimen name="x815">1003.66dp</dimen>
    <dimen name="x816">1004.89dp</dimen>
    <dimen name="x817">1006.12dp</dimen>
    <dimen name="x818">1007.35dp</dimen>
    <dimen name="x819">1008.58dp</dimen>
    <dimen name="x820">1009.81dp</dimen>
    <dimen name="x821">1011.05dp</dimen>
    <dimen name="x822">1012.28dp</dimen>
    <dimen name="x823">1013.51dp</dimen>
    <dimen name="x824">1014.74dp</dimen>
    <dimen name="x825">1015.97dp</dimen>
    <dimen name="x826">1017.20dp</dimen>
    <dimen name="x827">1018.44dp</dimen>
    <dimen name="x828">1019.67dp</dimen>
    <dimen name="x829">1020.90dp</dimen>
    <dimen name="x830">1022.13dp</dimen>
    <dimen name="x831">1023.36dp</dimen>
    <dimen name="x832">1024.59dp</dimen>
    <dimen name="x833">1025.82dp</dimen>
    <dimen name="x834">1027.06dp</dimen>
    <dimen name="x835">1028.29dp</dimen>
    <dimen name="x836">1029.52dp</dimen>
    <dimen name="x837">1030.75dp</dimen>
    <dimen name="x838">1031.98dp</dimen>
    <dimen name="x839">1033.21dp</dimen>
    <dimen name="x840">1034.44dp</dimen>
    <dimen name="x841">1035.68dp</dimen>
    <dimen name="x842">1036.91dp</dimen>
    <dimen name="x843">1038.14dp</dimen>
    <dimen name="x844">1039.37dp</dimen>
    <dimen name="x845">1040.60dp</dimen>
    <dimen name="x846">1041.83dp</dimen>
    <dimen name="x847">1043.06dp</dimen>
    <dimen name="x848">1044.30dp</dimen>
    <dimen name="x849">1045.53dp</dimen>
    <dimen name="x850">1046.76dp</dimen>
    <dimen name="x851">1047.99dp</dimen>
    <dimen name="x852">1049.22dp</dimen>
    <dimen name="x853">1050.45dp</dimen>
    <dimen name="x854">1051.69dp</dimen>
    <dimen name="x855">1052.92dp</dimen>
    <dimen name="x856">1054.15dp</dimen>
    <dimen name="x857">1055.38dp</dimen>
    <dimen name="x858">1056.61dp</dimen>
    <dimen name="x859">1057.84dp</dimen>
    <dimen name="x860">1059.07dp</dimen>
    <dimen name="x861">1060.31dp</dimen>
    <dimen name="x862">1061.54dp</dimen>
    <dimen name="x863">1062.77dp</dimen>
    <dimen name="x864">1064.00dp</dimen>
    <dimen name="x865">1065.23dp</dimen>
    <dimen name="x866">1066.46dp</dimen>
    <dimen name="x867">1067.69dp</dimen>
    <dimen name="x868">1068.93dp</dimen>
    <dimen name="x869">1070.16dp</dimen>
    <dimen name="x870">1071.39dp</dimen>
    <dimen name="x871">1072.62dp</dimen>
    <dimen name="x872">1073.85dp</dimen>
    <dimen name="x873">1075.08dp</dimen>
    <dimen name="x874">1076.31dp</dimen>
    <dimen name="x875">1077.55dp</dimen>
    <dimen name="x876">1078.78dp</dimen>
    <dimen name="x877">1080.01dp</dimen>
    <dimen name="x878">1081.24dp</dimen>
    <dimen name="x879">1082.47dp</dimen>
    <dimen name="x880">1083.70dp</dimen>
    <dimen name="x881">1084.94dp</dimen>
    <dimen name="x882">1086.17dp</dimen>
    <dimen name="x883">1087.40dp</dimen>
    <dimen name="x884">1088.63dp</dimen>
    <dimen name="x885">1089.86dp</dimen>
    <dimen name="x886">1091.09dp</dimen>
    <dimen name="x887">1092.32dp</dimen>
    <dimen name="x888">1093.56dp</dimen>
    <dimen name="x889">1094.79dp</dimen>
    <dimen name="x890">1096.02dp</dimen>
    <dimen name="x891">1097.25dp</dimen>
    <dimen name="x892">1098.48dp</dimen>
    <dimen name="x893">1099.71dp</dimen>
    <dimen name="x894">1100.94dp</dimen>
    <dimen name="x895">1102.18dp</dimen>
    <dimen name="x896">1103.41dp</dimen>
    <dimen name="x897">1104.64dp</dimen>
    <dimen name="x898">1105.87dp</dimen>
    <dimen name="x899">1107.10dp</dimen>
    <dimen name="x900">1108.33dp</dimen>
    <dimen name="x901">1109.56dp</dimen>
    <dimen name="x902">1110.80dp</dimen>
    <dimen name="x903">1112.03dp</dimen>
    <dimen name="x904">1113.26dp</dimen>
    <dimen name="x905">1114.49dp</dimen>
    <dimen name="x906">1115.72dp</dimen>
    <dimen name="x907">1116.95dp</dimen>
    <dimen name="x908">1118.19dp</dimen>
    <dimen name="x909">1119.42dp</dimen>
    <dimen name="x910">1120.65dp</dimen>
    <dimen name="x911">1121.88dp</dimen>
    <dimen name="x912">1123.11dp</dimen>
    <dimen name="x913">1124.34dp</dimen>
    <dimen name="x914">1125.57dp</dimen>
    <dimen name="x915">1126.81dp</dimen>
    <dimen name="x916">1128.04dp</dimen>
    <dimen name="x917">1129.27dp</dimen>
    <dimen name="x918">1130.50dp</dimen>
    <dimen name="x919">1131.73dp</dimen>
    <dimen name="x920">1132.96dp</dimen>
    <dimen name="x921">1134.19dp</dimen>
    <dimen name="x922">1135.43dp</dimen>
    <dimen name="x923">1136.66dp</dimen>
    <dimen name="x924">1137.89dp</dimen>
    <dimen name="x925">1139.12dp</dimen>
    <dimen name="x926">1140.35dp</dimen>
    <dimen name="x927">1141.58dp</dimen>
    <dimen name="x928">1142.81dp</dimen>
    <dimen name="x929">1144.05dp</dimen>
    <dimen name="x930">1145.28dp</dimen>
    <dimen name="x931">1146.51dp</dimen>
    <dimen name="x932">1147.74dp</dimen>
    <dimen name="x933">1148.97dp</dimen>
    <dimen name="x934">1150.20dp</dimen>
    <dimen name="x935">1151.44dp</dimen>
    <dimen name="x936">1152.67dp</dimen>
    <dimen name="x937">1153.90dp</dimen>
    <dimen name="x938">1155.13dp</dimen>
    <dimen name="x939">1156.36dp</dimen>
    <dimen name="x940">1157.59dp</dimen>
    <dimen name="x941">1158.82dp</dimen>
    <dimen name="x942">1160.06dp</dimen>
    <dimen name="x943">1161.29dp</dimen>
    <dimen name="x944">1162.52dp</dimen>
    <dimen name="x945">1163.75dp</dimen>
    <dimen name="x946">1164.98dp</dimen>
    <dimen name="x947">1166.21dp</dimen>
    <dimen name="x948">1167.44dp</dimen>
    <dimen name="x949">1168.68dp</dimen>
    <dimen name="x950">1169.91dp</dimen>
    <dimen name="x951">1171.14dp</dimen>
    <dimen name="x952">1172.37dp</dimen>
    <dimen name="x953">1173.60dp</dimen>
    <dimen name="x954">1174.83dp</dimen>
    <dimen name="x955">1176.06dp</dimen>
    <dimen name="x956">1177.30dp</dimen>
    <dimen name="x957">1178.53dp</dimen>
    <dimen name="x958">1179.76dp</dimen>
    <dimen name="x959">1180.99dp</dimen>
    <dimen name="x960">1182.22dp</dimen>
    <dimen name="x961">1183.45dp</dimen>
    <dimen name="x962">1184.69dp</dimen>
    <dimen name="x963">1185.92dp</dimen>
    <dimen name="x964">1187.15dp</dimen>
    <dimen name="x965">1188.38dp</dimen>
    <dimen name="x966">1189.61dp</dimen>
    <dimen name="x967">1190.84dp</dimen>
    <dimen name="x968">1192.07dp</dimen>
    <dimen name="x969">1193.31dp</dimen>
    <dimen name="x970">1194.54dp</dimen>
    <dimen name="x971">1195.77dp</dimen>
    <dimen name="x972">1197.00dp</dimen>
    <dimen name="x973">1198.23dp</dimen>
    <dimen name="x974">1199.46dp</dimen>
    <dimen name="x975">1200.69dp</dimen>
    <dimen name="x976">1201.93dp</dimen>
    <dimen name="x977">1203.16dp</dimen>
    <dimen name="x978">1204.39dp</dimen>
    <dimen name="x979">1205.62dp</dimen>
    <dimen name="x980">1206.85dp</dimen>
    <dimen name="x981">1208.08dp</dimen>
    <dimen name="x982">1209.31dp</dimen>
    <dimen name="x983">1210.55dp</dimen>
    <dimen name="x984">1211.78dp</dimen>
    <dimen name="x985">1213.01dp</dimen>
    <dimen name="x986">1214.24dp</dimen>
    <dimen name="x987">1215.47dp</dimen>
    <dimen name="x988">1216.70dp</dimen>
    <dimen name="x989">1217.94dp</dimen>
    <dimen name="x990">1219.17dp</dimen>
    <dimen name="x991">1220.40dp</dimen>
    <dimen name="x992">1221.63dp</dimen>
    <dimen name="x993">1222.86dp</dimen>
    <dimen name="x994">1224.09dp</dimen>
    <dimen name="x995">1225.32dp</dimen>
    <dimen name="x996">1226.56dp</dimen>
    <dimen name="x997">1227.79dp</dimen>
    <dimen name="x998">1229.02dp</dimen>
    <dimen name="x999">1230.25dp</dimen>
    <dimen name="x1000">1231.48dp</dimen>
    <dimen name="x1001">1232.71dp</dimen>
    <dimen name="x1002">1233.94dp</dimen>
    <dimen name="x1003">1235.18dp</dimen>
    <dimen name="x1004">1236.41dp</dimen>
    <dimen name="x1005">1237.64dp</dimen>
    <dimen name="x1006">1238.87dp</dimen>
    <dimen name="x1007">1240.10dp</dimen>
    <dimen name="x1008">1241.33dp</dimen>
    <dimen name="x1009">1242.56dp</dimen>
    <dimen name="x1010">1243.80dp</dimen>
    <dimen name="x1011">1245.03dp</dimen>
    <dimen name="x1012">1246.26dp</dimen>
    <dimen name="x1013">1247.49dp</dimen>
    <dimen name="x1014">1248.72dp</dimen>
    <dimen name="x1015">1249.95dp</dimen>
    <dimen name="x1016">1251.19dp</dimen>
    <dimen name="x1017">1252.42dp</dimen>
    <dimen name="x1018">1253.65dp</dimen>
    <dimen name="x1019">1254.88dp</dimen>
    <dimen name="x1020">1256.11dp</dimen>
    <dimen name="x1021">1257.34dp</dimen>
    <dimen name="x1022">1258.57dp</dimen>
    <dimen name="x1023">1259.81dp</dimen>
    <dimen name="x1024">1261.04dp</dimen>
    <dimen name="x1025">1262.27dp</dimen>
    <dimen name="x1026">1263.50dp</dimen>
    <dimen name="x1027">1264.73dp</dimen>
    <dimen name="x1028">1265.96dp</dimen>
    <dimen name="x1029">1267.19dp</dimen>
    <dimen name="x1030">1268.43dp</dimen>
    <dimen name="x1031">1269.66dp</dimen>
    <dimen name="x1032">1270.89dp</dimen>
    <dimen name="x1033">1272.12dp</dimen>
    <dimen name="x1034">1273.35dp</dimen>
    <dimen name="x1035">1274.58dp</dimen>
    <dimen name="x1036">1275.81dp</dimen>
    <dimen name="x1037">1277.05dp</dimen>
    <dimen name="x1038">1278.28dp</dimen>
    <dimen name="x1039">1279.51dp</dimen>
    <dimen name="x1040">1280.74dp</dimen>
    <dimen name="x1041">1281.97dp</dimen>
    <dimen name="x1042">1283.20dp</dimen>
    <dimen name="x1043">1284.44dp</dimen>
    <dimen name="x1044">1285.67dp</dimen>
    <dimen name="x1045">1286.90dp</dimen>
    <dimen name="x1046">1288.13dp</dimen>
    <dimen name="x1047">1289.36dp</dimen>
    <dimen name="x1048">1290.59dp</dimen>
    <dimen name="x1049">1291.82dp</dimen>
    <dimen name="x1050">1293.06dp</dimen>
    <dimen name="x1051">1294.29dp</dimen>
    <dimen name="x1052">1295.52dp</dimen>
    <dimen name="x1053">1296.75dp</dimen>
    <dimen name="x1054">1297.98dp</dimen>
    <dimen name="x1055">1299.21dp</dimen>
    <dimen name="x1056">1300.44dp</dimen>
    <dimen name="x1057">1301.68dp</dimen>
    <dimen name="x1058">1302.91dp</dimen>
    <dimen name="x1059">1304.14dp</dimen>
    <dimen name="x1060">1305.37dp</dimen>
    <dimen name="x1061">1306.60dp</dimen>
    <dimen name="x1062">1307.83dp</dimen>
    <dimen name="x1063">1309.06dp</dimen>
    <dimen name="x1064">1310.30dp</dimen>
    <dimen name="x1065">1311.53dp</dimen>
    <dimen name="x1066">1312.76dp</dimen>
    <dimen name="x1067">1313.99dp</dimen>
    <dimen name="x1068">1315.22dp</dimen>
    <dimen name="x1069">1316.45dp</dimen>
    <dimen name="x1070">1317.69dp</dimen>
    <dimen name="x1071">1318.92dp</dimen>
    <dimen name="x1072">1320.15dp</dimen>
    <dimen name="x1073">1321.38dp</dimen>
    <dimen name="x1074">1322.61dp</dimen>
    <dimen name="x1075">1323.84dp</dimen>
    <dimen name="x1076">1325.07dp</dimen>
    <dimen name="x1077">1326.31dp</dimen>
    <dimen name="x1078">1327.54dp</dimen>
    <dimen name="x1079">1328.77dp</dimen>
    <dimen name="x1080">1330.00dp</dimen>
</resources>