<?xml version="1.0" encoding="utf-8"?>
<resources>
    <string name="sw_dp">1280dp</string>
    <dimen name="x1">1.19dp</dimen>
    <dimen name="x2">2.37dp</dimen>
    <dimen name="x3">3.56dp</dimen>
    <dimen name="x4">4.74dp</dimen>
    <dimen name="x5">5.93dp</dimen>
    <dimen name="x6">7.11dp</dimen>
    <dimen name="x7">8.30dp</dimen>
    <dimen name="x8">9.48dp</dimen>
    <dimen name="x9">10.67dp</dimen>
    <dimen name="x10">11.85dp</dimen>
    <dimen name="x11">13.04dp</dimen>
    <dimen name="x12">14.22dp</dimen>
    <dimen name="x13">15.41dp</dimen>
    <dimen name="x14">16.59dp</dimen>
    <dimen name="x15">17.78dp</dimen>
    <dimen name="x16">18.96dp</dimen>
    <dimen name="x17">20.15dp</dimen>
    <dimen name="x18">21.33dp</dimen>
    <dimen name="x19">22.52dp</dimen>
    <dimen name="x20">23.70dp</dimen>
    <dimen name="x21">24.89dp</dimen>
    <dimen name="x22">26.07dp</dimen>
    <dimen name="x23">27.26dp</dimen>
    <dimen name="x24">28.44dp</dimen>
    <dimen name="x25">29.63dp</dimen>
    <dimen name="x26">30.81dp</dimen>
    <dimen name="x27">32.00dp</dimen>
    <dimen name="x28">33.19dp</dimen>
    <dimen name="x29">34.37dp</dimen>
    <dimen name="x30">35.56dp</dimen>
    <dimen name="x31">36.74dp</dimen>
    <dimen name="x32">37.93dp</dimen>
    <dimen name="x33">39.11dp</dimen>
    <dimen name="x34">40.30dp</dimen>
    <dimen name="x35">41.48dp</dimen>
    <dimen name="x36">42.67dp</dimen>
    <dimen name="x37">43.85dp</dimen>
    <dimen name="x38">45.04dp</dimen>
    <dimen name="x39">46.22dp</dimen>
    <dimen name="x40">47.41dp</dimen>
    <dimen name="x41">48.59dp</dimen>
    <dimen name="x42">49.78dp</dimen>
    <dimen name="x43">50.96dp</dimen>
    <dimen name="x44">52.15dp</dimen>
    <dimen name="x45">53.33dp</dimen>
    <dimen name="x46">54.52dp</dimen>
    <dimen name="x47">55.70dp</dimen>
    <dimen name="x48">56.89dp</dimen>
    <dimen name="x49">58.07dp</dimen>
    <dimen name="x50">59.26dp</dimen>
    <dimen name="x51">60.44dp</dimen>
    <dimen name="x52">61.63dp</dimen>
    <dimen name="x53">62.81dp</dimen>
    <dimen name="x54">64.00dp</dimen>
    <dimen name="x55">65.19dp</dimen>
    <dimen name="x56">66.37dp</dimen>
    <dimen name="x57">67.56dp</dimen>
    <dimen name="x58">68.74dp</dimen>
    <dimen name="x59">69.93dp</dimen>
    <dimen name="x60">71.11dp</dimen>
    <dimen name="x61">72.30dp</dimen>
    <dimen name="x62">73.48dp</dimen>
    <dimen name="x63">74.67dp</dimen>
    <dimen name="x64">75.85dp</dimen>
    <dimen name="x65">77.04dp</dimen>
    <dimen name="x66">78.22dp</dimen>
    <dimen name="x67">79.41dp</dimen>
    <dimen name="x68">80.59dp</dimen>
    <dimen name="x69">81.78dp</dimen>
    <dimen name="x70">82.96dp</dimen>
    <dimen name="x71">84.15dp</dimen>
    <dimen name="x72">85.33dp</dimen>
    <dimen name="x73">86.52dp</dimen>
    <dimen name="x74">87.70dp</dimen>
    <dimen name="x75">88.89dp</dimen>
    <dimen name="x76">90.07dp</dimen>
    <dimen name="x77">91.26dp</dimen>
    <dimen name="x78">92.44dp</dimen>
    <dimen name="x79">93.63dp</dimen>
    <dimen name="x80">94.81dp</dimen>
    <dimen name="x81">96.00dp</dimen>
    <dimen name="x82">97.19dp</dimen>
    <dimen name="x83">98.37dp</dimen>
    <dimen name="x84">99.56dp</dimen>
    <dimen name="x85">100.74dp</dimen>
    <dimen name="x86">101.93dp</dimen>
    <dimen name="x87">103.11dp</dimen>
    <dimen name="x88">104.30dp</dimen>
    <dimen name="x89">105.48dp</dimen>
    <dimen name="x90">106.67dp</dimen>
    <dimen name="x91">107.85dp</dimen>
    <dimen name="x92">109.04dp</dimen>
    <dimen name="x93">110.22dp</dimen>
    <dimen name="x94">111.41dp</dimen>
    <dimen name="x95">112.59dp</dimen>
    <dimen name="x96">113.78dp</dimen>
    <dimen name="x97">114.96dp</dimen>
    <dimen name="x98">116.15dp</dimen>
    <dimen name="x99">117.33dp</dimen>
    <dimen name="x100">118.52dp</dimen>
    <dimen name="x101">119.70dp</dimen>
    <dimen name="x102">120.89dp</dimen>
    <dimen name="x103">122.07dp</dimen>
    <dimen name="x104">123.26dp</dimen>
    <dimen name="x105">124.44dp</dimen>
    <dimen name="x106">125.63dp</dimen>
    <dimen name="x107">126.81dp</dimen>
    <dimen name="x108">128.00dp</dimen>
    <dimen name="x109">129.19dp</dimen>
    <dimen name="x110">130.37dp</dimen>
    <dimen name="x111">131.56dp</dimen>
    <dimen name="x112">132.74dp</dimen>
    <dimen name="x113">133.93dp</dimen>
    <dimen name="x114">135.11dp</dimen>
    <dimen name="x115">136.30dp</dimen>
    <dimen name="x116">137.48dp</dimen>
    <dimen name="x117">138.67dp</dimen>
    <dimen name="x118">139.85dp</dimen>
    <dimen name="x119">141.04dp</dimen>
    <dimen name="x120">142.22dp</dimen>
    <dimen name="x121">143.41dp</dimen>
    <dimen name="x122">144.59dp</dimen>
    <dimen name="x123">145.78dp</dimen>
    <dimen name="x124">146.96dp</dimen>
    <dimen name="x125">148.15dp</dimen>
    <dimen name="x126">149.33dp</dimen>
    <dimen name="x127">150.52dp</dimen>
    <dimen name="x128">151.70dp</dimen>
    <dimen name="x129">152.89dp</dimen>
    <dimen name="x130">154.07dp</dimen>
    <dimen name="x131">155.26dp</dimen>
    <dimen name="x132">156.44dp</dimen>
    <dimen name="x133">157.63dp</dimen>
    <dimen name="x134">158.81dp</dimen>
    <dimen name="x135">160.00dp</dimen>
    <dimen name="x136">161.19dp</dimen>
    <dimen name="x137">162.37dp</dimen>
    <dimen name="x138">163.56dp</dimen>
    <dimen name="x139">164.74dp</dimen>
    <dimen name="x140">165.93dp</dimen>
    <dimen name="x141">167.11dp</dimen>
    <dimen name="x142">168.30dp</dimen>
    <dimen name="x143">169.48dp</dimen>
    <dimen name="x144">170.67dp</dimen>
    <dimen name="x145">171.85dp</dimen>
    <dimen name="x146">173.04dp</dimen>
    <dimen name="x147">174.22dp</dimen>
    <dimen name="x148">175.41dp</dimen>
    <dimen name="x149">176.59dp</dimen>
    <dimen name="x150">177.78dp</dimen>
    <dimen name="x151">178.96dp</dimen>
    <dimen name="x152">180.15dp</dimen>
    <dimen name="x153">181.33dp</dimen>
    <dimen name="x154">182.52dp</dimen>
    <dimen name="x155">183.70dp</dimen>
    <dimen name="x156">184.89dp</dimen>
    <dimen name="x157">186.07dp</dimen>
    <dimen name="x158">187.26dp</dimen>
    <dimen name="x159">188.44dp</dimen>
    <dimen name="x160">189.63dp</dimen>
    <dimen name="x161">190.81dp</dimen>
    <dimen name="x162">192.00dp</dimen>
    <dimen name="x163">193.19dp</dimen>
    <dimen name="x164">194.37dp</dimen>
    <dimen name="x165">195.56dp</dimen>
    <dimen name="x166">196.74dp</dimen>
    <dimen name="x167">197.93dp</dimen>
    <dimen name="x168">199.11dp</dimen>
    <dimen name="x169">200.30dp</dimen>
    <dimen name="x170">201.48dp</dimen>
    <dimen name="x171">202.67dp</dimen>
    <dimen name="x172">203.85dp</dimen>
    <dimen name="x173">205.04dp</dimen>
    <dimen name="x174">206.22dp</dimen>
    <dimen name="x175">207.41dp</dimen>
    <dimen name="x176">208.59dp</dimen>
    <dimen name="x177">209.78dp</dimen>
    <dimen name="x178">210.96dp</dimen>
    <dimen name="x179">212.15dp</dimen>
    <dimen name="x180">213.33dp</dimen>
    <dimen name="x181">214.52dp</dimen>
    <dimen name="x182">215.70dp</dimen>
    <dimen name="x183">216.89dp</dimen>
    <dimen name="x184">218.07dp</dimen>
    <dimen name="x185">219.26dp</dimen>
    <dimen name="x186">220.44dp</dimen>
    <dimen name="x187">221.63dp</dimen>
    <dimen name="x188">222.81dp</dimen>
    <dimen name="x189">224.00dp</dimen>
    <dimen name="x190">225.19dp</dimen>
    <dimen name="x191">226.37dp</dimen>
    <dimen name="x192">227.56dp</dimen>
    <dimen name="x193">228.74dp</dimen>
    <dimen name="x194">229.93dp</dimen>
    <dimen name="x195">231.11dp</dimen>
    <dimen name="x196">232.30dp</dimen>
    <dimen name="x197">233.48dp</dimen>
    <dimen name="x198">234.67dp</dimen>
    <dimen name="x199">235.85dp</dimen>
    <dimen name="x200">237.04dp</dimen>
    <dimen name="x201">238.22dp</dimen>
    <dimen name="x202">239.41dp</dimen>
    <dimen name="x203">240.59dp</dimen>
    <dimen name="x204">241.78dp</dimen>
    <dimen name="x205">242.96dp</dimen>
    <dimen name="x206">244.15dp</dimen>
    <dimen name="x207">245.33dp</dimen>
    <dimen name="x208">246.52dp</dimen>
    <dimen name="x209">247.70dp</dimen>
    <dimen name="x210">248.89dp</dimen>
    <dimen name="x211">250.07dp</dimen>
    <dimen name="x212">251.26dp</dimen>
    <dimen name="x213">252.44dp</dimen>
    <dimen name="x214">253.63dp</dimen>
    <dimen name="x215">254.81dp</dimen>
    <dimen name="x216">256.00dp</dimen>
    <dimen name="x217">257.19dp</dimen>
    <dimen name="x218">258.37dp</dimen>
    <dimen name="x219">259.56dp</dimen>
    <dimen name="x220">260.74dp</dimen>
    <dimen name="x221">261.93dp</dimen>
    <dimen name="x222">263.11dp</dimen>
    <dimen name="x223">264.30dp</dimen>
    <dimen name="x224">265.48dp</dimen>
    <dimen name="x225">266.67dp</dimen>
    <dimen name="x226">267.85dp</dimen>
    <dimen name="x227">269.04dp</dimen>
    <dimen name="x228">270.22dp</dimen>
    <dimen name="x229">271.41dp</dimen>
    <dimen name="x230">272.59dp</dimen>
    <dimen name="x231">273.78dp</dimen>
    <dimen name="x232">274.96dp</dimen>
    <dimen name="x233">276.15dp</dimen>
    <dimen name="x234">277.33dp</dimen>
    <dimen name="x235">278.52dp</dimen>
    <dimen name="x236">279.70dp</dimen>
    <dimen name="x237">280.89dp</dimen>
    <dimen name="x238">282.07dp</dimen>
    <dimen name="x239">283.26dp</dimen>
    <dimen name="x240">284.44dp</dimen>
    <dimen name="x241">285.63dp</dimen>
    <dimen name="x242">286.81dp</dimen>
    <dimen name="x243">288.00dp</dimen>
    <dimen name="x244">289.19dp</dimen>
    <dimen name="x245">290.37dp</dimen>
    <dimen name="x246">291.56dp</dimen>
    <dimen name="x247">292.74dp</dimen>
    <dimen name="x248">293.93dp</dimen>
    <dimen name="x249">295.11dp</dimen>
    <dimen name="x250">296.30dp</dimen>
    <dimen name="x251">297.48dp</dimen>
    <dimen name="x252">298.67dp</dimen>
    <dimen name="x253">299.85dp</dimen>
    <dimen name="x254">301.04dp</dimen>
    <dimen name="x255">302.22dp</dimen>
    <dimen name="x256">303.41dp</dimen>
    <dimen name="x257">304.59dp</dimen>
    <dimen name="x258">305.78dp</dimen>
    <dimen name="x259">306.96dp</dimen>
    <dimen name="x260">308.15dp</dimen>
    <dimen name="x261">309.33dp</dimen>
    <dimen name="x262">310.52dp</dimen>
    <dimen name="x263">311.70dp</dimen>
    <dimen name="x264">312.89dp</dimen>
    <dimen name="x265">314.07dp</dimen>
    <dimen name="x266">315.26dp</dimen>
    <dimen name="x267">316.44dp</dimen>
    <dimen name="x268">317.63dp</dimen>
    <dimen name="x269">318.81dp</dimen>
    <dimen name="x270">320.00dp</dimen>
    <dimen name="x271">321.19dp</dimen>
    <dimen name="x272">322.37dp</dimen>
    <dimen name="x273">323.56dp</dimen>
    <dimen name="x274">324.74dp</dimen>
    <dimen name="x275">325.93dp</dimen>
    <dimen name="x276">327.11dp</dimen>
    <dimen name="x277">328.30dp</dimen>
    <dimen name="x278">329.48dp</dimen>
    <dimen name="x279">330.67dp</dimen>
    <dimen name="x280">331.85dp</dimen>
    <dimen name="x281">333.04dp</dimen>
    <dimen name="x282">334.22dp</dimen>
    <dimen name="x283">335.41dp</dimen>
    <dimen name="x284">336.59dp</dimen>
    <dimen name="x285">337.78dp</dimen>
    <dimen name="x286">338.96dp</dimen>
    <dimen name="x287">340.15dp</dimen>
    <dimen name="x288">341.33dp</dimen>
    <dimen name="x289">342.52dp</dimen>
    <dimen name="x290">343.70dp</dimen>
    <dimen name="x291">344.89dp</dimen>
    <dimen name="x292">346.07dp</dimen>
    <dimen name="x293">347.26dp</dimen>
    <dimen name="x294">348.44dp</dimen>
    <dimen name="x295">349.63dp</dimen>
    <dimen name="x296">350.81dp</dimen>
    <dimen name="x297">352.00dp</dimen>
    <dimen name="x298">353.19dp</dimen>
    <dimen name="x299">354.37dp</dimen>
    <dimen name="x300">355.56dp</dimen>
    <dimen name="x301">356.74dp</dimen>
    <dimen name="x302">357.93dp</dimen>
    <dimen name="x303">359.11dp</dimen>
    <dimen name="x304">360.30dp</dimen>
    <dimen name="x305">361.48dp</dimen>
    <dimen name="x306">362.67dp</dimen>
    <dimen name="x307">363.85dp</dimen>
    <dimen name="x308">365.04dp</dimen>
    <dimen name="x309">366.22dp</dimen>
    <dimen name="x310">367.41dp</dimen>
    <dimen name="x311">368.59dp</dimen>
    <dimen name="x312">369.78dp</dimen>
    <dimen name="x313">370.96dp</dimen>
    <dimen name="x314">372.15dp</dimen>
    <dimen name="x315">373.33dp</dimen>
    <dimen name="x316">374.52dp</dimen>
    <dimen name="x317">375.70dp</dimen>
    <dimen name="x318">376.89dp</dimen>
    <dimen name="x319">378.07dp</dimen>
    <dimen name="x320">379.26dp</dimen>
    <dimen name="x321">380.44dp</dimen>
    <dimen name="x322">381.63dp</dimen>
    <dimen name="x323">382.81dp</dimen>
    <dimen name="x324">384.00dp</dimen>
    <dimen name="x325">385.19dp</dimen>
    <dimen name="x326">386.37dp</dimen>
    <dimen name="x327">387.56dp</dimen>
    <dimen name="x328">388.74dp</dimen>
    <dimen name="x329">389.93dp</dimen>
    <dimen name="x330">391.11dp</dimen>
    <dimen name="x331">392.30dp</dimen>
    <dimen name="x332">393.48dp</dimen>
    <dimen name="x333">394.67dp</dimen>
    <dimen name="x334">395.85dp</dimen>
    <dimen name="x335">397.04dp</dimen>
    <dimen name="x336">398.22dp</dimen>
    <dimen name="x337">399.41dp</dimen>
    <dimen name="x338">400.59dp</dimen>
    <dimen name="x339">401.78dp</dimen>
    <dimen name="x340">402.96dp</dimen>
    <dimen name="x341">404.15dp</dimen>
    <dimen name="x342">405.33dp</dimen>
    <dimen name="x343">406.52dp</dimen>
    <dimen name="x344">407.70dp</dimen>
    <dimen name="x345">408.89dp</dimen>
    <dimen name="x346">410.07dp</dimen>
    <dimen name="x347">411.26dp</dimen>
    <dimen name="x348">412.44dp</dimen>
    <dimen name="x349">413.63dp</dimen>
    <dimen name="x350">414.81dp</dimen>
    <dimen name="x351">416.00dp</dimen>
    <dimen name="x352">417.19dp</dimen>
    <dimen name="x353">418.37dp</dimen>
    <dimen name="x354">419.56dp</dimen>
    <dimen name="x355">420.74dp</dimen>
    <dimen name="x356">421.93dp</dimen>
    <dimen name="x357">423.11dp</dimen>
    <dimen name="x358">424.30dp</dimen>
    <dimen name="x359">425.48dp</dimen>
    <dimen name="x360">426.67dp</dimen>
    <dimen name="x361">427.85dp</dimen>
    <dimen name="x362">429.04dp</dimen>
    <dimen name="x363">430.22dp</dimen>
    <dimen name="x364">431.41dp</dimen>
    <dimen name="x365">432.59dp</dimen>
    <dimen name="x366">433.78dp</dimen>
    <dimen name="x367">434.96dp</dimen>
    <dimen name="x368">436.15dp</dimen>
    <dimen name="x369">437.33dp</dimen>
    <dimen name="x370">438.52dp</dimen>
    <dimen name="x371">439.70dp</dimen>
    <dimen name="x372">440.89dp</dimen>
    <dimen name="x373">442.07dp</dimen>
    <dimen name="x374">443.26dp</dimen>
    <dimen name="x375">444.44dp</dimen>
    <dimen name="x376">445.63dp</dimen>
    <dimen name="x377">446.81dp</dimen>
    <dimen name="x378">448.00dp</dimen>
    <dimen name="x379">449.19dp</dimen>
    <dimen name="x380">450.37dp</dimen>
    <dimen name="x381">451.56dp</dimen>
    <dimen name="x382">452.74dp</dimen>
    <dimen name="x383">453.93dp</dimen>
    <dimen name="x384">455.11dp</dimen>
    <dimen name="x385">456.30dp</dimen>
    <dimen name="x386">457.48dp</dimen>
    <dimen name="x387">458.67dp</dimen>
    <dimen name="x388">459.85dp</dimen>
    <dimen name="x389">461.04dp</dimen>
    <dimen name="x390">462.22dp</dimen>
    <dimen name="x391">463.41dp</dimen>
    <dimen name="x392">464.59dp</dimen>
    <dimen name="x393">465.78dp</dimen>
    <dimen name="x394">466.96dp</dimen>
    <dimen name="x395">468.15dp</dimen>
    <dimen name="x396">469.33dp</dimen>
    <dimen name="x397">470.52dp</dimen>
    <dimen name="x398">471.70dp</dimen>
    <dimen name="x399">472.89dp</dimen>
    <dimen name="x400">474.07dp</dimen>
    <dimen name="x401">475.26dp</dimen>
    <dimen name="x402">476.44dp</dimen>
    <dimen name="x403">477.63dp</dimen>
    <dimen name="x404">478.81dp</dimen>
    <dimen name="x405">480.00dp</dimen>
    <dimen name="x406">481.19dp</dimen>
    <dimen name="x407">482.37dp</dimen>
    <dimen name="x408">483.56dp</dimen>
    <dimen name="x409">484.74dp</dimen>
    <dimen name="x410">485.93dp</dimen>
    <dimen name="x411">487.11dp</dimen>
    <dimen name="x412">488.30dp</dimen>
    <dimen name="x413">489.48dp</dimen>
    <dimen name="x414">490.67dp</dimen>
    <dimen name="x415">491.85dp</dimen>
    <dimen name="x416">493.04dp</dimen>
    <dimen name="x417">494.22dp</dimen>
    <dimen name="x418">495.41dp</dimen>
    <dimen name="x419">496.59dp</dimen>
    <dimen name="x420">497.78dp</dimen>
    <dimen name="x421">498.96dp</dimen>
    <dimen name="x422">500.15dp</dimen>
    <dimen name="x423">501.33dp</dimen>
    <dimen name="x424">502.52dp</dimen>
    <dimen name="x425">503.70dp</dimen>
    <dimen name="x426">504.89dp</dimen>
    <dimen name="x427">506.07dp</dimen>
    <dimen name="x428">507.26dp</dimen>
    <dimen name="x429">508.44dp</dimen>
    <dimen name="x430">509.63dp</dimen>
    <dimen name="x431">510.81dp</dimen>
    <dimen name="x432">512.00dp</dimen>
    <dimen name="x433">513.19dp</dimen>
    <dimen name="x434">514.37dp</dimen>
    <dimen name="x435">515.56dp</dimen>
    <dimen name="x436">516.74dp</dimen>
    <dimen name="x437">517.93dp</dimen>
    <dimen name="x438">519.11dp</dimen>
    <dimen name="x439">520.30dp</dimen>
    <dimen name="x440">521.48dp</dimen>
    <dimen name="x441">522.67dp</dimen>
    <dimen name="x442">523.85dp</dimen>
    <dimen name="x443">525.04dp</dimen>
    <dimen name="x444">526.22dp</dimen>
    <dimen name="x445">527.41dp</dimen>
    <dimen name="x446">528.59dp</dimen>
    <dimen name="x447">529.78dp</dimen>
    <dimen name="x448">530.96dp</dimen>
    <dimen name="x449">532.15dp</dimen>
    <dimen name="x450">533.33dp</dimen>
    <dimen name="x451">534.52dp</dimen>
    <dimen name="x452">535.70dp</dimen>
    <dimen name="x453">536.89dp</dimen>
    <dimen name="x454">538.07dp</dimen>
    <dimen name="x455">539.26dp</dimen>
    <dimen name="x456">540.44dp</dimen>
    <dimen name="x457">541.63dp</dimen>
    <dimen name="x458">542.81dp</dimen>
    <dimen name="x459">544.00dp</dimen>
    <dimen name="x460">545.19dp</dimen>
    <dimen name="x461">546.37dp</dimen>
    <dimen name="x462">547.56dp</dimen>
    <dimen name="x463">548.74dp</dimen>
    <dimen name="x464">549.93dp</dimen>
    <dimen name="x465">551.11dp</dimen>
    <dimen name="x466">552.30dp</dimen>
    <dimen name="x467">553.48dp</dimen>
    <dimen name="x468">554.67dp</dimen>
    <dimen name="x469">555.85dp</dimen>
    <dimen name="x470">557.04dp</dimen>
    <dimen name="x471">558.22dp</dimen>
    <dimen name="x472">559.41dp</dimen>
    <dimen name="x473">560.59dp</dimen>
    <dimen name="x474">561.78dp</dimen>
    <dimen name="x475">562.96dp</dimen>
    <dimen name="x476">564.15dp</dimen>
    <dimen name="x477">565.33dp</dimen>
    <dimen name="x478">566.52dp</dimen>
    <dimen name="x479">567.70dp</dimen>
    <dimen name="x480">568.89dp</dimen>
    <dimen name="x481">570.07dp</dimen>
    <dimen name="x482">571.26dp</dimen>
    <dimen name="x483">572.44dp</dimen>
    <dimen name="x484">573.63dp</dimen>
    <dimen name="x485">574.81dp</dimen>
    <dimen name="x486">576.00dp</dimen>
    <dimen name="x487">577.19dp</dimen>
    <dimen name="x488">578.37dp</dimen>
    <dimen name="x489">579.56dp</dimen>
    <dimen name="x490">580.74dp</dimen>
    <dimen name="x491">581.93dp</dimen>
    <dimen name="x492">583.11dp</dimen>
    <dimen name="x493">584.30dp</dimen>
    <dimen name="x494">585.48dp</dimen>
    <dimen name="x495">586.67dp</dimen>
    <dimen name="x496">587.85dp</dimen>
    <dimen name="x497">589.04dp</dimen>
    <dimen name="x498">590.22dp</dimen>
    <dimen name="x499">591.41dp</dimen>
    <dimen name="x500">592.59dp</dimen>
    <dimen name="x501">593.78dp</dimen>
    <dimen name="x502">594.96dp</dimen>
    <dimen name="x503">596.15dp</dimen>
    <dimen name="x504">597.33dp</dimen>
    <dimen name="x505">598.52dp</dimen>
    <dimen name="x506">599.70dp</dimen>
    <dimen name="x507">600.89dp</dimen>
    <dimen name="x508">602.07dp</dimen>
    <dimen name="x509">603.26dp</dimen>
    <dimen name="x510">604.44dp</dimen>
    <dimen name="x511">605.63dp</dimen>
    <dimen name="x512">606.81dp</dimen>
    <dimen name="x513">608.00dp</dimen>
    <dimen name="x514">609.19dp</dimen>
    <dimen name="x515">610.37dp</dimen>
    <dimen name="x516">611.56dp</dimen>
    <dimen name="x517">612.74dp</dimen>
    <dimen name="x518">613.93dp</dimen>
    <dimen name="x519">615.11dp</dimen>
    <dimen name="x520">616.30dp</dimen>
    <dimen name="x521">617.48dp</dimen>
    <dimen name="x522">618.67dp</dimen>
    <dimen name="x523">619.85dp</dimen>
    <dimen name="x524">621.04dp</dimen>
    <dimen name="x525">622.22dp</dimen>
    <dimen name="x526">623.41dp</dimen>
    <dimen name="x527">624.59dp</dimen>
    <dimen name="x528">625.78dp</dimen>
    <dimen name="x529">626.96dp</dimen>
    <dimen name="x530">628.15dp</dimen>
    <dimen name="x531">629.33dp</dimen>
    <dimen name="x532">630.52dp</dimen>
    <dimen name="x533">631.70dp</dimen>
    <dimen name="x534">632.89dp</dimen>
    <dimen name="x535">634.07dp</dimen>
    <dimen name="x536">635.26dp</dimen>
    <dimen name="x537">636.44dp</dimen>
    <dimen name="x538">637.63dp</dimen>
    <dimen name="x539">638.81dp</dimen>
    <dimen name="x540">640.00dp</dimen>
    <dimen name="x541">641.19dp</dimen>
    <dimen name="x542">642.37dp</dimen>
    <dimen name="x543">643.56dp</dimen>
    <dimen name="x544">644.74dp</dimen>
    <dimen name="x545">645.93dp</dimen>
    <dimen name="x546">647.11dp</dimen>
    <dimen name="x547">648.30dp</dimen>
    <dimen name="x548">649.48dp</dimen>
    <dimen name="x549">650.67dp</dimen>
    <dimen name="x550">651.85dp</dimen>
    <dimen name="x551">653.04dp</dimen>
    <dimen name="x552">654.22dp</dimen>
    <dimen name="x553">655.41dp</dimen>
    <dimen name="x554">656.59dp</dimen>
    <dimen name="x555">657.78dp</dimen>
    <dimen name="x556">658.96dp</dimen>
    <dimen name="x557">660.15dp</dimen>
    <dimen name="x558">661.33dp</dimen>
    <dimen name="x559">662.52dp</dimen>
    <dimen name="x560">663.70dp</dimen>
    <dimen name="x561">664.89dp</dimen>
    <dimen name="x562">666.07dp</dimen>
    <dimen name="x563">667.26dp</dimen>
    <dimen name="x564">668.44dp</dimen>
    <dimen name="x565">669.63dp</dimen>
    <dimen name="x566">670.81dp</dimen>
    <dimen name="x567">672.00dp</dimen>
    <dimen name="x568">673.19dp</dimen>
    <dimen name="x569">674.37dp</dimen>
    <dimen name="x570">675.56dp</dimen>
    <dimen name="x571">676.74dp</dimen>
    <dimen name="x572">677.93dp</dimen>
    <dimen name="x573">679.11dp</dimen>
    <dimen name="x574">680.30dp</dimen>
    <dimen name="x575">681.48dp</dimen>
    <dimen name="x576">682.67dp</dimen>
    <dimen name="x577">683.85dp</dimen>
    <dimen name="x578">685.04dp</dimen>
    <dimen name="x579">686.22dp</dimen>
    <dimen name="x580">687.41dp</dimen>
    <dimen name="x581">688.59dp</dimen>
    <dimen name="x582">689.78dp</dimen>
    <dimen name="x583">690.96dp</dimen>
    <dimen name="x584">692.15dp</dimen>
    <dimen name="x585">693.33dp</dimen>
    <dimen name="x586">694.52dp</dimen>
    <dimen name="x587">695.70dp</dimen>
    <dimen name="x588">696.89dp</dimen>
    <dimen name="x589">698.07dp</dimen>
    <dimen name="x590">699.26dp</dimen>
    <dimen name="x591">700.44dp</dimen>
    <dimen name="x592">701.63dp</dimen>
    <dimen name="x593">702.81dp</dimen>
    <dimen name="x594">704.00dp</dimen>
    <dimen name="x595">705.19dp</dimen>
    <dimen name="x596">706.37dp</dimen>
    <dimen name="x597">707.56dp</dimen>
    <dimen name="x598">708.74dp</dimen>
    <dimen name="x599">709.93dp</dimen>
    <dimen name="x600">711.11dp</dimen>
    <dimen name="x601">712.30dp</dimen>
    <dimen name="x602">713.48dp</dimen>
    <dimen name="x603">714.67dp</dimen>
    <dimen name="x604">715.85dp</dimen>
    <dimen name="x605">717.04dp</dimen>
    <dimen name="x606">718.22dp</dimen>
    <dimen name="x607">719.41dp</dimen>
    <dimen name="x608">720.59dp</dimen>
    <dimen name="x609">721.78dp</dimen>
    <dimen name="x610">722.96dp</dimen>
    <dimen name="x611">724.15dp</dimen>
    <dimen name="x612">725.33dp</dimen>
    <dimen name="x613">726.52dp</dimen>
    <dimen name="x614">727.70dp</dimen>
    <dimen name="x615">728.89dp</dimen>
    <dimen name="x616">730.07dp</dimen>
    <dimen name="x617">731.26dp</dimen>
    <dimen name="x618">732.44dp</dimen>
    <dimen name="x619">733.63dp</dimen>
    <dimen name="x620">734.81dp</dimen>
    <dimen name="x621">736.00dp</dimen>
    <dimen name="x622">737.19dp</dimen>
    <dimen name="x623">738.37dp</dimen>
    <dimen name="x624">739.56dp</dimen>
    <dimen name="x625">740.74dp</dimen>
    <dimen name="x626">741.93dp</dimen>
    <dimen name="x627">743.11dp</dimen>
    <dimen name="x628">744.30dp</dimen>
    <dimen name="x629">745.48dp</dimen>
    <dimen name="x630">746.67dp</dimen>
    <dimen name="x631">747.85dp</dimen>
    <dimen name="x632">749.04dp</dimen>
    <dimen name="x633">750.22dp</dimen>
    <dimen name="x634">751.41dp</dimen>
    <dimen name="x635">752.59dp</dimen>
    <dimen name="x636">753.78dp</dimen>
    <dimen name="x637">754.96dp</dimen>
    <dimen name="x638">756.15dp</dimen>
    <dimen name="x639">757.33dp</dimen>
    <dimen name="x640">758.52dp</dimen>
    <dimen name="x641">759.70dp</dimen>
    <dimen name="x642">760.89dp</dimen>
    <dimen name="x643">762.07dp</dimen>
    <dimen name="x644">763.26dp</dimen>
    <dimen name="x645">764.44dp</dimen>
    <dimen name="x646">765.63dp</dimen>
    <dimen name="x647">766.81dp</dimen>
    <dimen name="x648">768.00dp</dimen>
    <dimen name="x649">769.19dp</dimen>
    <dimen name="x650">770.37dp</dimen>
    <dimen name="x651">771.56dp</dimen>
    <dimen name="x652">772.74dp</dimen>
    <dimen name="x653">773.93dp</dimen>
    <dimen name="x654">775.11dp</dimen>
    <dimen name="x655">776.30dp</dimen>
    <dimen name="x656">777.48dp</dimen>
    <dimen name="x657">778.67dp</dimen>
    <dimen name="x658">779.85dp</dimen>
    <dimen name="x659">781.04dp</dimen>
    <dimen name="x660">782.22dp</dimen>
    <dimen name="x661">783.41dp</dimen>
    <dimen name="x662">784.59dp</dimen>
    <dimen name="x663">785.78dp</dimen>
    <dimen name="x664">786.96dp</dimen>
    <dimen name="x665">788.15dp</dimen>
    <dimen name="x666">789.33dp</dimen>
    <dimen name="x667">790.52dp</dimen>
    <dimen name="x668">791.70dp</dimen>
    <dimen name="x669">792.89dp</dimen>
    <dimen name="x670">794.07dp</dimen>
    <dimen name="x671">795.26dp</dimen>
    <dimen name="x672">796.44dp</dimen>
    <dimen name="x673">797.63dp</dimen>
    <dimen name="x674">798.81dp</dimen>
    <dimen name="x675">800.00dp</dimen>
    <dimen name="x676">801.19dp</dimen>
    <dimen name="x677">802.37dp</dimen>
    <dimen name="x678">803.56dp</dimen>
    <dimen name="x679">804.74dp</dimen>
    <dimen name="x680">805.93dp</dimen>
    <dimen name="x681">807.11dp</dimen>
    <dimen name="x682">808.30dp</dimen>
    <dimen name="x683">809.48dp</dimen>
    <dimen name="x684">810.67dp</dimen>
    <dimen name="x685">811.85dp</dimen>
    <dimen name="x686">813.04dp</dimen>
    <dimen name="x687">814.22dp</dimen>
    <dimen name="x688">815.41dp</dimen>
    <dimen name="x689">816.59dp</dimen>
    <dimen name="x690">817.78dp</dimen>
    <dimen name="x691">818.96dp</dimen>
    <dimen name="x692">820.15dp</dimen>
    <dimen name="x693">821.33dp</dimen>
    <dimen name="x694">822.52dp</dimen>
    <dimen name="x695">823.70dp</dimen>
    <dimen name="x696">824.89dp</dimen>
    <dimen name="x697">826.07dp</dimen>
    <dimen name="x698">827.26dp</dimen>
    <dimen name="x699">828.44dp</dimen>
    <dimen name="x700">829.63dp</dimen>
    <dimen name="x701">830.81dp</dimen>
    <dimen name="x702">832.00dp</dimen>
    <dimen name="x703">833.19dp</dimen>
    <dimen name="x704">834.37dp</dimen>
    <dimen name="x705">835.56dp</dimen>
    <dimen name="x706">836.74dp</dimen>
    <dimen name="x707">837.93dp</dimen>
    <dimen name="x708">839.11dp</dimen>
    <dimen name="x709">840.30dp</dimen>
    <dimen name="x710">841.48dp</dimen>
    <dimen name="x711">842.67dp</dimen>
    <dimen name="x712">843.85dp</dimen>
    <dimen name="x713">845.04dp</dimen>
    <dimen name="x714">846.22dp</dimen>
    <dimen name="x715">847.41dp</dimen>
    <dimen name="x716">848.59dp</dimen>
    <dimen name="x717">849.78dp</dimen>
    <dimen name="x718">850.96dp</dimen>
    <dimen name="x719">852.15dp</dimen>
    <dimen name="x720">853.33dp</dimen>
    <dimen name="x721">854.52dp</dimen>
    <dimen name="x722">855.70dp</dimen>
    <dimen name="x723">856.89dp</dimen>
    <dimen name="x724">858.07dp</dimen>
    <dimen name="x725">859.26dp</dimen>
    <dimen name="x726">860.44dp</dimen>
    <dimen name="x727">861.63dp</dimen>
    <dimen name="x728">862.81dp</dimen>
    <dimen name="x729">864.00dp</dimen>
    <dimen name="x730">865.19dp</dimen>
    <dimen name="x731">866.37dp</dimen>
    <dimen name="x732">867.56dp</dimen>
    <dimen name="x733">868.74dp</dimen>
    <dimen name="x734">869.93dp</dimen>
    <dimen name="x735">871.11dp</dimen>
    <dimen name="x736">872.30dp</dimen>
    <dimen name="x737">873.48dp</dimen>
    <dimen name="x738">874.67dp</dimen>
    <dimen name="x739">875.85dp</dimen>
    <dimen name="x740">877.04dp</dimen>
    <dimen name="x741">878.22dp</dimen>
    <dimen name="x742">879.41dp</dimen>
    <dimen name="x743">880.59dp</dimen>
    <dimen name="x744">881.78dp</dimen>
    <dimen name="x745">882.96dp</dimen>
    <dimen name="x746">884.15dp</dimen>
    <dimen name="x747">885.33dp</dimen>
    <dimen name="x748">886.52dp</dimen>
    <dimen name="x749">887.70dp</dimen>
    <dimen name="x750">888.89dp</dimen>
    <dimen name="x751">890.07dp</dimen>
    <dimen name="x752">891.26dp</dimen>
    <dimen name="x753">892.44dp</dimen>
    <dimen name="x754">893.63dp</dimen>
    <dimen name="x755">894.81dp</dimen>
    <dimen name="x756">896.00dp</dimen>
    <dimen name="x757">897.19dp</dimen>
    <dimen name="x758">898.37dp</dimen>
    <dimen name="x759">899.56dp</dimen>
    <dimen name="x760">900.74dp</dimen>
    <dimen name="x761">901.93dp</dimen>
    <dimen name="x762">903.11dp</dimen>
    <dimen name="x763">904.30dp</dimen>
    <dimen name="x764">905.48dp</dimen>
    <dimen name="x765">906.67dp</dimen>
    <dimen name="x766">907.85dp</dimen>
    <dimen name="x767">909.04dp</dimen>
    <dimen name="x768">910.22dp</dimen>
    <dimen name="x769">911.41dp</dimen>
    <dimen name="x770">912.59dp</dimen>
    <dimen name="x771">913.78dp</dimen>
    <dimen name="x772">914.96dp</dimen>
    <dimen name="x773">916.15dp</dimen>
    <dimen name="x774">917.33dp</dimen>
    <dimen name="x775">918.52dp</dimen>
    <dimen name="x776">919.70dp</dimen>
    <dimen name="x777">920.89dp</dimen>
    <dimen name="x778">922.07dp</dimen>
    <dimen name="x779">923.26dp</dimen>
    <dimen name="x780">924.44dp</dimen>
    <dimen name="x781">925.63dp</dimen>
    <dimen name="x782">926.81dp</dimen>
    <dimen name="x783">928.00dp</dimen>
    <dimen name="x784">929.19dp</dimen>
    <dimen name="x785">930.37dp</dimen>
    <dimen name="x786">931.56dp</dimen>
    <dimen name="x787">932.74dp</dimen>
    <dimen name="x788">933.93dp</dimen>
    <dimen name="x789">935.11dp</dimen>
    <dimen name="x790">936.30dp</dimen>
    <dimen name="x791">937.48dp</dimen>
    <dimen name="x792">938.67dp</dimen>
    <dimen name="x793">939.85dp</dimen>
    <dimen name="x794">941.04dp</dimen>
    <dimen name="x795">942.22dp</dimen>
    <dimen name="x796">943.41dp</dimen>
    <dimen name="x797">944.59dp</dimen>
    <dimen name="x798">945.78dp</dimen>
    <dimen name="x799">946.96dp</dimen>
    <dimen name="x800">948.15dp</dimen>
    <dimen name="x801">949.33dp</dimen>
    <dimen name="x802">950.52dp</dimen>
    <dimen name="x803">951.70dp</dimen>
    <dimen name="x804">952.89dp</dimen>
    <dimen name="x805">954.07dp</dimen>
    <dimen name="x806">955.26dp</dimen>
    <dimen name="x807">956.44dp</dimen>
    <dimen name="x808">957.63dp</dimen>
    <dimen name="x809">958.81dp</dimen>
    <dimen name="x810">960.00dp</dimen>
    <dimen name="x811">961.19dp</dimen>
    <dimen name="x812">962.37dp</dimen>
    <dimen name="x813">963.56dp</dimen>
    <dimen name="x814">964.74dp</dimen>
    <dimen name="x815">965.93dp</dimen>
    <dimen name="x816">967.11dp</dimen>
    <dimen name="x817">968.30dp</dimen>
    <dimen name="x818">969.48dp</dimen>
    <dimen name="x819">970.67dp</dimen>
    <dimen name="x820">971.85dp</dimen>
    <dimen name="x821">973.04dp</dimen>
    <dimen name="x822">974.22dp</dimen>
    <dimen name="x823">975.41dp</dimen>
    <dimen name="x824">976.59dp</dimen>
    <dimen name="x825">977.78dp</dimen>
    <dimen name="x826">978.96dp</dimen>
    <dimen name="x827">980.15dp</dimen>
    <dimen name="x828">981.33dp</dimen>
    <dimen name="x829">982.52dp</dimen>
    <dimen name="x830">983.70dp</dimen>
    <dimen name="x831">984.89dp</dimen>
    <dimen name="x832">986.07dp</dimen>
    <dimen name="x833">987.26dp</dimen>
    <dimen name="x834">988.44dp</dimen>
    <dimen name="x835">989.63dp</dimen>
    <dimen name="x836">990.81dp</dimen>
    <dimen name="x837">992.00dp</dimen>
    <dimen name="x838">993.19dp</dimen>
    <dimen name="x839">994.37dp</dimen>
    <dimen name="x840">995.56dp</dimen>
    <dimen name="x841">996.74dp</dimen>
    <dimen name="x842">997.93dp</dimen>
    <dimen name="x843">999.11dp</dimen>
    <dimen name="x844">1000.30dp</dimen>
    <dimen name="x845">1001.48dp</dimen>
    <dimen name="x846">1002.67dp</dimen>
    <dimen name="x847">1003.85dp</dimen>
    <dimen name="x848">1005.04dp</dimen>
    <dimen name="x849">1006.22dp</dimen>
    <dimen name="x850">1007.41dp</dimen>
    <dimen name="x851">1008.59dp</dimen>
    <dimen name="x852">1009.78dp</dimen>
    <dimen name="x853">1010.96dp</dimen>
    <dimen name="x854">1012.15dp</dimen>
    <dimen name="x855">1013.33dp</dimen>
    <dimen name="x856">1014.52dp</dimen>
    <dimen name="x857">1015.70dp</dimen>
    <dimen name="x858">1016.89dp</dimen>
    <dimen name="x859">1018.07dp</dimen>
    <dimen name="x860">1019.26dp</dimen>
    <dimen name="x861">1020.44dp</dimen>
    <dimen name="x862">1021.63dp</dimen>
    <dimen name="x863">1022.81dp</dimen>
    <dimen name="x864">1024.00dp</dimen>
    <dimen name="x865">1025.19dp</dimen>
    <dimen name="x866">1026.37dp</dimen>
    <dimen name="x867">1027.56dp</dimen>
    <dimen name="x868">1028.74dp</dimen>
    <dimen name="x869">1029.93dp</dimen>
    <dimen name="x870">1031.11dp</dimen>
    <dimen name="x871">1032.30dp</dimen>
    <dimen name="x872">1033.48dp</dimen>
    <dimen name="x873">1034.67dp</dimen>
    <dimen name="x874">1035.85dp</dimen>
    <dimen name="x875">1037.04dp</dimen>
    <dimen name="x876">1038.22dp</dimen>
    <dimen name="x877">1039.41dp</dimen>
    <dimen name="x878">1040.59dp</dimen>
    <dimen name="x879">1041.78dp</dimen>
    <dimen name="x880">1042.96dp</dimen>
    <dimen name="x881">1044.15dp</dimen>
    <dimen name="x882">1045.33dp</dimen>
    <dimen name="x883">1046.52dp</dimen>
    <dimen name="x884">1047.70dp</dimen>
    <dimen name="x885">1048.89dp</dimen>
    <dimen name="x886">1050.07dp</dimen>
    <dimen name="x887">1051.26dp</dimen>
    <dimen name="x888">1052.44dp</dimen>
    <dimen name="x889">1053.63dp</dimen>
    <dimen name="x890">1054.81dp</dimen>
    <dimen name="x891">1056.00dp</dimen>
    <dimen name="x892">1057.19dp</dimen>
    <dimen name="x893">1058.37dp</dimen>
    <dimen name="x894">1059.56dp</dimen>
    <dimen name="x895">1060.74dp</dimen>
    <dimen name="x896">1061.93dp</dimen>
    <dimen name="x897">1063.11dp</dimen>
    <dimen name="x898">1064.30dp</dimen>
    <dimen name="x899">1065.48dp</dimen>
    <dimen name="x900">1066.67dp</dimen>
    <dimen name="x901">1067.85dp</dimen>
    <dimen name="x902">1069.04dp</dimen>
    <dimen name="x903">1070.22dp</dimen>
    <dimen name="x904">1071.41dp</dimen>
    <dimen name="x905">1072.59dp</dimen>
    <dimen name="x906">1073.78dp</dimen>
    <dimen name="x907">1074.96dp</dimen>
    <dimen name="x908">1076.15dp</dimen>
    <dimen name="x909">1077.33dp</dimen>
    <dimen name="x910">1078.52dp</dimen>
    <dimen name="x911">1079.70dp</dimen>
    <dimen name="x912">1080.89dp</dimen>
    <dimen name="x913">1082.07dp</dimen>
    <dimen name="x914">1083.26dp</dimen>
    <dimen name="x915">1084.44dp</dimen>
    <dimen name="x916">1085.63dp</dimen>
    <dimen name="x917">1086.81dp</dimen>
    <dimen name="x918">1088.00dp</dimen>
    <dimen name="x919">1089.19dp</dimen>
    <dimen name="x920">1090.37dp</dimen>
    <dimen name="x921">1091.56dp</dimen>
    <dimen name="x922">1092.74dp</dimen>
    <dimen name="x923">1093.93dp</dimen>
    <dimen name="x924">1095.11dp</dimen>
    <dimen name="x925">1096.30dp</dimen>
    <dimen name="x926">1097.48dp</dimen>
    <dimen name="x927">1098.67dp</dimen>
    <dimen name="x928">1099.85dp</dimen>
    <dimen name="x929">1101.04dp</dimen>
    <dimen name="x930">1102.22dp</dimen>
    <dimen name="x931">1103.41dp</dimen>
    <dimen name="x932">1104.59dp</dimen>
    <dimen name="x933">1105.78dp</dimen>
    <dimen name="x934">1106.96dp</dimen>
    <dimen name="x935">1108.15dp</dimen>
    <dimen name="x936">1109.33dp</dimen>
    <dimen name="x937">1110.52dp</dimen>
    <dimen name="x938">1111.70dp</dimen>
    <dimen name="x939">1112.89dp</dimen>
    <dimen name="x940">1114.07dp</dimen>
    <dimen name="x941">1115.26dp</dimen>
    <dimen name="x942">1116.44dp</dimen>
    <dimen name="x943">1117.63dp</dimen>
    <dimen name="x944">1118.81dp</dimen>
    <dimen name="x945">1120.00dp</dimen>
    <dimen name="x946">1121.19dp</dimen>
    <dimen name="x947">1122.37dp</dimen>
    <dimen name="x948">1123.56dp</dimen>
    <dimen name="x949">1124.74dp</dimen>
    <dimen name="x950">1125.93dp</dimen>
    <dimen name="x951">1127.11dp</dimen>
    <dimen name="x952">1128.30dp</dimen>
    <dimen name="x953">1129.48dp</dimen>
    <dimen name="x954">1130.67dp</dimen>
    <dimen name="x955">1131.85dp</dimen>
    <dimen name="x956">1133.04dp</dimen>
    <dimen name="x957">1134.22dp</dimen>
    <dimen name="x958">1135.41dp</dimen>
    <dimen name="x959">1136.59dp</dimen>
    <dimen name="x960">1137.78dp</dimen>
    <dimen name="x961">1138.96dp</dimen>
    <dimen name="x962">1140.15dp</dimen>
    <dimen name="x963">1141.33dp</dimen>
    <dimen name="x964">1142.52dp</dimen>
    <dimen name="x965">1143.70dp</dimen>
    <dimen name="x966">1144.89dp</dimen>
    <dimen name="x967">1146.07dp</dimen>
    <dimen name="x968">1147.26dp</dimen>
    <dimen name="x969">1148.44dp</dimen>
    <dimen name="x970">1149.63dp</dimen>
    <dimen name="x971">1150.81dp</dimen>
    <dimen name="x972">1152.00dp</dimen>
    <dimen name="x973">1153.19dp</dimen>
    <dimen name="x974">1154.37dp</dimen>
    <dimen name="x975">1155.56dp</dimen>
    <dimen name="x976">1156.74dp</dimen>
    <dimen name="x977">1157.93dp</dimen>
    <dimen name="x978">1159.11dp</dimen>
    <dimen name="x979">1160.30dp</dimen>
    <dimen name="x980">1161.48dp</dimen>
    <dimen name="x981">1162.67dp</dimen>
    <dimen name="x982">1163.85dp</dimen>
    <dimen name="x983">1165.04dp</dimen>
    <dimen name="x984">1166.22dp</dimen>
    <dimen name="x985">1167.41dp</dimen>
    <dimen name="x986">1168.59dp</dimen>
    <dimen name="x987">1169.78dp</dimen>
    <dimen name="x988">1170.96dp</dimen>
    <dimen name="x989">1172.15dp</dimen>
    <dimen name="x990">1173.33dp</dimen>
    <dimen name="x991">1174.52dp</dimen>
    <dimen name="x992">1175.70dp</dimen>
    <dimen name="x993">1176.89dp</dimen>
    <dimen name="x994">1178.07dp</dimen>
    <dimen name="x995">1179.26dp</dimen>
    <dimen name="x996">1180.44dp</dimen>
    <dimen name="x997">1181.63dp</dimen>
    <dimen name="x998">1182.81dp</dimen>
    <dimen name="x999">1184.00dp</dimen>
    <dimen name="x1000">1185.19dp</dimen>
    <dimen name="x1001">1186.37dp</dimen>
    <dimen name="x1002">1187.56dp</dimen>
    <dimen name="x1003">1188.74dp</dimen>
    <dimen name="x1004">1189.93dp</dimen>
    <dimen name="x1005">1191.11dp</dimen>
    <dimen name="x1006">1192.30dp</dimen>
    <dimen name="x1007">1193.48dp</dimen>
    <dimen name="x1008">1194.67dp</dimen>
    <dimen name="x1009">1195.85dp</dimen>
    <dimen name="x1010">1197.04dp</dimen>
    <dimen name="x1011">1198.22dp</dimen>
    <dimen name="x1012">1199.41dp</dimen>
    <dimen name="x1013">1200.59dp</dimen>
    <dimen name="x1014">1201.78dp</dimen>
    <dimen name="x1015">1202.96dp</dimen>
    <dimen name="x1016">1204.15dp</dimen>
    <dimen name="x1017">1205.33dp</dimen>
    <dimen name="x1018">1206.52dp</dimen>
    <dimen name="x1019">1207.70dp</dimen>
    <dimen name="x1020">1208.89dp</dimen>
    <dimen name="x1021">1210.07dp</dimen>
    <dimen name="x1022">1211.26dp</dimen>
    <dimen name="x1023">1212.44dp</dimen>
    <dimen name="x1024">1213.63dp</dimen>
    <dimen name="x1025">1214.81dp</dimen>
    <dimen name="x1026">1216.00dp</dimen>
    <dimen name="x1027">1217.19dp</dimen>
    <dimen name="x1028">1218.37dp</dimen>
    <dimen name="x1029">1219.56dp</dimen>
    <dimen name="x1030">1220.74dp</dimen>
    <dimen name="x1031">1221.93dp</dimen>
    <dimen name="x1032">1223.11dp</dimen>
    <dimen name="x1033">1224.30dp</dimen>
    <dimen name="x1034">1225.48dp</dimen>
    <dimen name="x1035">1226.67dp</dimen>
    <dimen name="x1036">1227.85dp</dimen>
    <dimen name="x1037">1229.04dp</dimen>
    <dimen name="x1038">1230.22dp</dimen>
    <dimen name="x1039">1231.41dp</dimen>
    <dimen name="x1040">1232.59dp</dimen>
    <dimen name="x1041">1233.78dp</dimen>
    <dimen name="x1042">1234.96dp</dimen>
    <dimen name="x1043">1236.15dp</dimen>
    <dimen name="x1044">1237.33dp</dimen>
    <dimen name="x1045">1238.52dp</dimen>
    <dimen name="x1046">1239.70dp</dimen>
    <dimen name="x1047">1240.89dp</dimen>
    <dimen name="x1048">1242.07dp</dimen>
    <dimen name="x1049">1243.26dp</dimen>
    <dimen name="x1050">1244.44dp</dimen>
    <dimen name="x1051">1245.63dp</dimen>
    <dimen name="x1052">1246.81dp</dimen>
    <dimen name="x1053">1248.00dp</dimen>
    <dimen name="x1054">1249.19dp</dimen>
    <dimen name="x1055">1250.37dp</dimen>
    <dimen name="x1056">1251.56dp</dimen>
    <dimen name="x1057">1252.74dp</dimen>
    <dimen name="x1058">1253.93dp</dimen>
    <dimen name="x1059">1255.11dp</dimen>
    <dimen name="x1060">1256.30dp</dimen>
    <dimen name="x1061">1257.48dp</dimen>
    <dimen name="x1062">1258.67dp</dimen>
    <dimen name="x1063">1259.85dp</dimen>
    <dimen name="x1064">1261.04dp</dimen>
    <dimen name="x1065">1262.22dp</dimen>
    <dimen name="x1066">1263.41dp</dimen>
    <dimen name="x1067">1264.59dp</dimen>
    <dimen name="x1068">1265.78dp</dimen>
    <dimen name="x1069">1266.96dp</dimen>
    <dimen name="x1070">1268.15dp</dimen>
    <dimen name="x1071">1269.33dp</dimen>
    <dimen name="x1072">1270.52dp</dimen>
    <dimen name="x1073">1271.70dp</dimen>
    <dimen name="x1074">1272.89dp</dimen>
    <dimen name="x1075">1274.07dp</dimen>
    <dimen name="x1076">1275.26dp</dimen>
    <dimen name="x1077">1276.44dp</dimen>
    <dimen name="x1078">1277.63dp</dimen>
    <dimen name="x1079">1278.81dp</dimen>
    <dimen name="x1080">1280.00dp</dimen>
</resources>