<?xml version="1.0" encoding="utf-8"?>
<resources>
    <string name="sw_dp">990dp</string>
    <dimen name="x1">0.92dp</dimen>
    <dimen name="x2">1.83dp</dimen>
    <dimen name="x3">2.75dp</dimen>
    <dimen name="x4">3.67dp</dimen>
    <dimen name="x5">4.58dp</dimen>
    <dimen name="x6">5.50dp</dimen>
    <dimen name="x7">6.42dp</dimen>
    <dimen name="x8">7.33dp</dimen>
    <dimen name="x9">8.25dp</dimen>
    <dimen name="x10">9.17dp</dimen>
    <dimen name="x11">10.08dp</dimen>
    <dimen name="x12">11.00dp</dimen>
    <dimen name="x13">11.92dp</dimen>
    <dimen name="x14">12.83dp</dimen>
    <dimen name="x15">13.75dp</dimen>
    <dimen name="x16">14.67dp</dimen>
    <dimen name="x17">15.58dp</dimen>
    <dimen name="x18">16.50dp</dimen>
    <dimen name="x19">17.42dp</dimen>
    <dimen name="x20">18.33dp</dimen>
    <dimen name="x21">19.25dp</dimen>
    <dimen name="x22">20.17dp</dimen>
    <dimen name="x23">21.08dp</dimen>
    <dimen name="x24">22.00dp</dimen>
    <dimen name="x25">22.92dp</dimen>
    <dimen name="x26">23.83dp</dimen>
    <dimen name="x27">24.75dp</dimen>
    <dimen name="x28">25.67dp</dimen>
    <dimen name="x29">26.58dp</dimen>
    <dimen name="x30">27.50dp</dimen>
    <dimen name="x31">28.42dp</dimen>
    <dimen name="x32">29.33dp</dimen>
    <dimen name="x33">30.25dp</dimen>
    <dimen name="x34">31.17dp</dimen>
    <dimen name="x35">32.08dp</dimen>
    <dimen name="x36">33.00dp</dimen>
    <dimen name="x37">33.92dp</dimen>
    <dimen name="x38">34.83dp</dimen>
    <dimen name="x39">35.75dp</dimen>
    <dimen name="x40">36.67dp</dimen>
    <dimen name="x41">37.58dp</dimen>
    <dimen name="x42">38.50dp</dimen>
    <dimen name="x43">39.42dp</dimen>
    <dimen name="x44">40.33dp</dimen>
    <dimen name="x45">41.25dp</dimen>
    <dimen name="x46">42.17dp</dimen>
    <dimen name="x47">43.08dp</dimen>
    <dimen name="x48">44.00dp</dimen>
    <dimen name="x49">44.92dp</dimen>
    <dimen name="x50">45.83dp</dimen>
    <dimen name="x51">46.75dp</dimen>
    <dimen name="x52">47.67dp</dimen>
    <dimen name="x53">48.58dp</dimen>
    <dimen name="x54">49.50dp</dimen>
    <dimen name="x55">50.42dp</dimen>
    <dimen name="x56">51.33dp</dimen>
    <dimen name="x57">52.25dp</dimen>
    <dimen name="x58">53.17dp</dimen>
    <dimen name="x59">54.08dp</dimen>
    <dimen name="x60">55.00dp</dimen>
    <dimen name="x61">55.92dp</dimen>
    <dimen name="x62">56.83dp</dimen>
    <dimen name="x63">57.75dp</dimen>
    <dimen name="x64">58.67dp</dimen>
    <dimen name="x65">59.58dp</dimen>
    <dimen name="x66">60.50dp</dimen>
    <dimen name="x67">61.42dp</dimen>
    <dimen name="x68">62.33dp</dimen>
    <dimen name="x69">63.25dp</dimen>
    <dimen name="x70">64.17dp</dimen>
    <dimen name="x71">65.08dp</dimen>
    <dimen name="x72">66.00dp</dimen>
    <dimen name="x73">66.92dp</dimen>
    <dimen name="x74">67.83dp</dimen>
    <dimen name="x75">68.75dp</dimen>
    <dimen name="x76">69.67dp</dimen>
    <dimen name="x77">70.58dp</dimen>
    <dimen name="x78">71.50dp</dimen>
    <dimen name="x79">72.42dp</dimen>
    <dimen name="x80">73.33dp</dimen>
    <dimen name="x81">74.25dp</dimen>
    <dimen name="x82">75.17dp</dimen>
    <dimen name="x83">76.08dp</dimen>
    <dimen name="x84">77.00dp</dimen>
    <dimen name="x85">77.92dp</dimen>
    <dimen name="x86">78.83dp</dimen>
    <dimen name="x87">79.75dp</dimen>
    <dimen name="x88">80.67dp</dimen>
    <dimen name="x89">81.58dp</dimen>
    <dimen name="x90">82.50dp</dimen>
    <dimen name="x91">83.42dp</dimen>
    <dimen name="x92">84.33dp</dimen>
    <dimen name="x93">85.25dp</dimen>
    <dimen name="x94">86.17dp</dimen>
    <dimen name="x95">87.08dp</dimen>
    <dimen name="x96">88.00dp</dimen>
    <dimen name="x97">88.92dp</dimen>
    <dimen name="x98">89.83dp</dimen>
    <dimen name="x99">90.75dp</dimen>
    <dimen name="x100">91.67dp</dimen>
    <dimen name="x101">92.58dp</dimen>
    <dimen name="x102">93.50dp</dimen>
    <dimen name="x103">94.42dp</dimen>
    <dimen name="x104">95.33dp</dimen>
    <dimen name="x105">96.25dp</dimen>
    <dimen name="x106">97.17dp</dimen>
    <dimen name="x107">98.08dp</dimen>
    <dimen name="x108">99.00dp</dimen>
    <dimen name="x109">99.92dp</dimen>
    <dimen name="x110">100.83dp</dimen>
    <dimen name="x111">101.75dp</dimen>
    <dimen name="x112">102.67dp</dimen>
    <dimen name="x113">103.58dp</dimen>
    <dimen name="x114">104.50dp</dimen>
    <dimen name="x115">105.42dp</dimen>
    <dimen name="x116">106.33dp</dimen>
    <dimen name="x117">107.25dp</dimen>
    <dimen name="x118">108.17dp</dimen>
    <dimen name="x119">109.08dp</dimen>
    <dimen name="x120">110.00dp</dimen>
    <dimen name="x121">110.92dp</dimen>
    <dimen name="x122">111.83dp</dimen>
    <dimen name="x123">112.75dp</dimen>
    <dimen name="x124">113.67dp</dimen>
    <dimen name="x125">114.58dp</dimen>
    <dimen name="x126">115.50dp</dimen>
    <dimen name="x127">116.42dp</dimen>
    <dimen name="x128">117.33dp</dimen>
    <dimen name="x129">118.25dp</dimen>
    <dimen name="x130">119.17dp</dimen>
    <dimen name="x131">120.08dp</dimen>
    <dimen name="x132">121.00dp</dimen>
    <dimen name="x133">121.92dp</dimen>
    <dimen name="x134">122.83dp</dimen>
    <dimen name="x135">123.75dp</dimen>
    <dimen name="x136">124.67dp</dimen>
    <dimen name="x137">125.58dp</dimen>
    <dimen name="x138">126.50dp</dimen>
    <dimen name="x139">127.42dp</dimen>
    <dimen name="x140">128.33dp</dimen>
    <dimen name="x141">129.25dp</dimen>
    <dimen name="x142">130.17dp</dimen>
    <dimen name="x143">131.08dp</dimen>
    <dimen name="x144">132.00dp</dimen>
    <dimen name="x145">132.92dp</dimen>
    <dimen name="x146">133.83dp</dimen>
    <dimen name="x147">134.75dp</dimen>
    <dimen name="x148">135.67dp</dimen>
    <dimen name="x149">136.58dp</dimen>
    <dimen name="x150">137.50dp</dimen>
    <dimen name="x151">138.42dp</dimen>
    <dimen name="x152">139.33dp</dimen>
    <dimen name="x153">140.25dp</dimen>
    <dimen name="x154">141.17dp</dimen>
    <dimen name="x155">142.08dp</dimen>
    <dimen name="x156">143.00dp</dimen>
    <dimen name="x157">143.92dp</dimen>
    <dimen name="x158">144.83dp</dimen>
    <dimen name="x159">145.75dp</dimen>
    <dimen name="x160">146.67dp</dimen>
    <dimen name="x161">147.58dp</dimen>
    <dimen name="x162">148.50dp</dimen>
    <dimen name="x163">149.42dp</dimen>
    <dimen name="x164">150.33dp</dimen>
    <dimen name="x165">151.25dp</dimen>
    <dimen name="x166">152.17dp</dimen>
    <dimen name="x167">153.08dp</dimen>
    <dimen name="x168">154.00dp</dimen>
    <dimen name="x169">154.92dp</dimen>
    <dimen name="x170">155.83dp</dimen>
    <dimen name="x171">156.75dp</dimen>
    <dimen name="x172">157.67dp</dimen>
    <dimen name="x173">158.58dp</dimen>
    <dimen name="x174">159.50dp</dimen>
    <dimen name="x175">160.42dp</dimen>
    <dimen name="x176">161.33dp</dimen>
    <dimen name="x177">162.25dp</dimen>
    <dimen name="x178">163.17dp</dimen>
    <dimen name="x179">164.08dp</dimen>
    <dimen name="x180">165.00dp</dimen>
    <dimen name="x181">165.92dp</dimen>
    <dimen name="x182">166.83dp</dimen>
    <dimen name="x183">167.75dp</dimen>
    <dimen name="x184">168.67dp</dimen>
    <dimen name="x185">169.58dp</dimen>
    <dimen name="x186">170.50dp</dimen>
    <dimen name="x187">171.42dp</dimen>
    <dimen name="x188">172.33dp</dimen>
    <dimen name="x189">173.25dp</dimen>
    <dimen name="x190">174.17dp</dimen>
    <dimen name="x191">175.08dp</dimen>
    <dimen name="x192">176.00dp</dimen>
    <dimen name="x193">176.92dp</dimen>
    <dimen name="x194">177.83dp</dimen>
    <dimen name="x195">178.75dp</dimen>
    <dimen name="x196">179.67dp</dimen>
    <dimen name="x197">180.58dp</dimen>
    <dimen name="x198">181.50dp</dimen>
    <dimen name="x199">182.42dp</dimen>
    <dimen name="x200">183.33dp</dimen>
    <dimen name="x201">184.25dp</dimen>
    <dimen name="x202">185.17dp</dimen>
    <dimen name="x203">186.08dp</dimen>
    <dimen name="x204">187.00dp</dimen>
    <dimen name="x205">187.92dp</dimen>
    <dimen name="x206">188.83dp</dimen>
    <dimen name="x207">189.75dp</dimen>
    <dimen name="x208">190.67dp</dimen>
    <dimen name="x209">191.58dp</dimen>
    <dimen name="x210">192.50dp</dimen>
    <dimen name="x211">193.42dp</dimen>
    <dimen name="x212">194.33dp</dimen>
    <dimen name="x213">195.25dp</dimen>
    <dimen name="x214">196.17dp</dimen>
    <dimen name="x215">197.08dp</dimen>
    <dimen name="x216">198.00dp</dimen>
    <dimen name="x217">198.92dp</dimen>
    <dimen name="x218">199.83dp</dimen>
    <dimen name="x219">200.75dp</dimen>
    <dimen name="x220">201.67dp</dimen>
    <dimen name="x221">202.58dp</dimen>
    <dimen name="x222">203.50dp</dimen>
    <dimen name="x223">204.42dp</dimen>
    <dimen name="x224">205.33dp</dimen>
    <dimen name="x225">206.25dp</dimen>
    <dimen name="x226">207.17dp</dimen>
    <dimen name="x227">208.08dp</dimen>
    <dimen name="x228">209.00dp</dimen>
    <dimen name="x229">209.92dp</dimen>
    <dimen name="x230">210.83dp</dimen>
    <dimen name="x231">211.75dp</dimen>
    <dimen name="x232">212.67dp</dimen>
    <dimen name="x233">213.58dp</dimen>
    <dimen name="x234">214.50dp</dimen>
    <dimen name="x235">215.42dp</dimen>
    <dimen name="x236">216.33dp</dimen>
    <dimen name="x237">217.25dp</dimen>
    <dimen name="x238">218.17dp</dimen>
    <dimen name="x239">219.08dp</dimen>
    <dimen name="x240">220.00dp</dimen>
    <dimen name="x241">220.92dp</dimen>
    <dimen name="x242">221.83dp</dimen>
    <dimen name="x243">222.75dp</dimen>
    <dimen name="x244">223.67dp</dimen>
    <dimen name="x245">224.58dp</dimen>
    <dimen name="x246">225.50dp</dimen>
    <dimen name="x247">226.42dp</dimen>
    <dimen name="x248">227.33dp</dimen>
    <dimen name="x249">228.25dp</dimen>
    <dimen name="x250">229.17dp</dimen>
    <dimen name="x251">230.08dp</dimen>
    <dimen name="x252">231.00dp</dimen>
    <dimen name="x253">231.92dp</dimen>
    <dimen name="x254">232.83dp</dimen>
    <dimen name="x255">233.75dp</dimen>
    <dimen name="x256">234.67dp</dimen>
    <dimen name="x257">235.58dp</dimen>
    <dimen name="x258">236.50dp</dimen>
    <dimen name="x259">237.42dp</dimen>
    <dimen name="x260">238.33dp</dimen>
    <dimen name="x261">239.25dp</dimen>
    <dimen name="x262">240.17dp</dimen>
    <dimen name="x263">241.08dp</dimen>
    <dimen name="x264">242.00dp</dimen>
    <dimen name="x265">242.92dp</dimen>
    <dimen name="x266">243.83dp</dimen>
    <dimen name="x267">244.75dp</dimen>
    <dimen name="x268">245.67dp</dimen>
    <dimen name="x269">246.58dp</dimen>
    <dimen name="x270">247.50dp</dimen>
    <dimen name="x271">248.42dp</dimen>
    <dimen name="x272">249.33dp</dimen>
    <dimen name="x273">250.25dp</dimen>
    <dimen name="x274">251.17dp</dimen>
    <dimen name="x275">252.08dp</dimen>
    <dimen name="x276">253.00dp</dimen>
    <dimen name="x277">253.92dp</dimen>
    <dimen name="x278">254.83dp</dimen>
    <dimen name="x279">255.75dp</dimen>
    <dimen name="x280">256.67dp</dimen>
    <dimen name="x281">257.58dp</dimen>
    <dimen name="x282">258.50dp</dimen>
    <dimen name="x283">259.42dp</dimen>
    <dimen name="x284">260.33dp</dimen>
    <dimen name="x285">261.25dp</dimen>
    <dimen name="x286">262.17dp</dimen>
    <dimen name="x287">263.08dp</dimen>
    <dimen name="x288">264.00dp</dimen>
    <dimen name="x289">264.92dp</dimen>
    <dimen name="x290">265.83dp</dimen>
    <dimen name="x291">266.75dp</dimen>
    <dimen name="x292">267.67dp</dimen>
    <dimen name="x293">268.58dp</dimen>
    <dimen name="x294">269.50dp</dimen>
    <dimen name="x295">270.42dp</dimen>
    <dimen name="x296">271.33dp</dimen>
    <dimen name="x297">272.25dp</dimen>
    <dimen name="x298">273.17dp</dimen>
    <dimen name="x299">274.08dp</dimen>
    <dimen name="x300">275.00dp</dimen>
    <dimen name="x301">275.92dp</dimen>
    <dimen name="x302">276.83dp</dimen>
    <dimen name="x303">277.75dp</dimen>
    <dimen name="x304">278.67dp</dimen>
    <dimen name="x305">279.58dp</dimen>
    <dimen name="x306">280.50dp</dimen>
    <dimen name="x307">281.42dp</dimen>
    <dimen name="x308">282.33dp</dimen>
    <dimen name="x309">283.25dp</dimen>
    <dimen name="x310">284.17dp</dimen>
    <dimen name="x311">285.08dp</dimen>
    <dimen name="x312">286.00dp</dimen>
    <dimen name="x313">286.92dp</dimen>
    <dimen name="x314">287.83dp</dimen>
    <dimen name="x315">288.75dp</dimen>
    <dimen name="x316">289.67dp</dimen>
    <dimen name="x317">290.58dp</dimen>
    <dimen name="x318">291.50dp</dimen>
    <dimen name="x319">292.42dp</dimen>
    <dimen name="x320">293.33dp</dimen>
    <dimen name="x321">294.25dp</dimen>
    <dimen name="x322">295.17dp</dimen>
    <dimen name="x323">296.08dp</dimen>
    <dimen name="x324">297.00dp</dimen>
    <dimen name="x325">297.92dp</dimen>
    <dimen name="x326">298.83dp</dimen>
    <dimen name="x327">299.75dp</dimen>
    <dimen name="x328">300.67dp</dimen>
    <dimen name="x329">301.58dp</dimen>
    <dimen name="x330">302.50dp</dimen>
    <dimen name="x331">303.42dp</dimen>
    <dimen name="x332">304.33dp</dimen>
    <dimen name="x333">305.25dp</dimen>
    <dimen name="x334">306.17dp</dimen>
    <dimen name="x335">307.08dp</dimen>
    <dimen name="x336">308.00dp</dimen>
    <dimen name="x337">308.92dp</dimen>
    <dimen name="x338">309.83dp</dimen>
    <dimen name="x339">310.75dp</dimen>
    <dimen name="x340">311.67dp</dimen>
    <dimen name="x341">312.58dp</dimen>
    <dimen name="x342">313.50dp</dimen>
    <dimen name="x343">314.42dp</dimen>
    <dimen name="x344">315.33dp</dimen>
    <dimen name="x345">316.25dp</dimen>
    <dimen name="x346">317.17dp</dimen>
    <dimen name="x347">318.08dp</dimen>
    <dimen name="x348">319.00dp</dimen>
    <dimen name="x349">319.92dp</dimen>
    <dimen name="x350">320.83dp</dimen>
    <dimen name="x351">321.75dp</dimen>
    <dimen name="x352">322.67dp</dimen>
    <dimen name="x353">323.58dp</dimen>
    <dimen name="x354">324.50dp</dimen>
    <dimen name="x355">325.42dp</dimen>
    <dimen name="x356">326.33dp</dimen>
    <dimen name="x357">327.25dp</dimen>
    <dimen name="x358">328.17dp</dimen>
    <dimen name="x359">329.08dp</dimen>
    <dimen name="x360">330.00dp</dimen>
    <dimen name="x361">330.92dp</dimen>
    <dimen name="x362">331.83dp</dimen>
    <dimen name="x363">332.75dp</dimen>
    <dimen name="x364">333.67dp</dimen>
    <dimen name="x365">334.58dp</dimen>
    <dimen name="x366">335.50dp</dimen>
    <dimen name="x367">336.42dp</dimen>
    <dimen name="x368">337.33dp</dimen>
    <dimen name="x369">338.25dp</dimen>
    <dimen name="x370">339.17dp</dimen>
    <dimen name="x371">340.08dp</dimen>
    <dimen name="x372">341.00dp</dimen>
    <dimen name="x373">341.92dp</dimen>
    <dimen name="x374">342.83dp</dimen>
    <dimen name="x375">343.75dp</dimen>
    <dimen name="x376">344.67dp</dimen>
    <dimen name="x377">345.58dp</dimen>
    <dimen name="x378">346.50dp</dimen>
    <dimen name="x379">347.42dp</dimen>
    <dimen name="x380">348.33dp</dimen>
    <dimen name="x381">349.25dp</dimen>
    <dimen name="x382">350.17dp</dimen>
    <dimen name="x383">351.08dp</dimen>
    <dimen name="x384">352.00dp</dimen>
    <dimen name="x385">352.92dp</dimen>
    <dimen name="x386">353.83dp</dimen>
    <dimen name="x387">354.75dp</dimen>
    <dimen name="x388">355.67dp</dimen>
    <dimen name="x389">356.58dp</dimen>
    <dimen name="x390">357.50dp</dimen>
    <dimen name="x391">358.42dp</dimen>
    <dimen name="x392">359.33dp</dimen>
    <dimen name="x393">360.25dp</dimen>
    <dimen name="x394">361.17dp</dimen>
    <dimen name="x395">362.08dp</dimen>
    <dimen name="x396">363.00dp</dimen>
    <dimen name="x397">363.92dp</dimen>
    <dimen name="x398">364.83dp</dimen>
    <dimen name="x399">365.75dp</dimen>
    <dimen name="x400">366.67dp</dimen>
    <dimen name="x401">367.58dp</dimen>
    <dimen name="x402">368.50dp</dimen>
    <dimen name="x403">369.42dp</dimen>
    <dimen name="x404">370.33dp</dimen>
    <dimen name="x405">371.25dp</dimen>
    <dimen name="x406">372.17dp</dimen>
    <dimen name="x407">373.08dp</dimen>
    <dimen name="x408">374.00dp</dimen>
    <dimen name="x409">374.92dp</dimen>
    <dimen name="x410">375.83dp</dimen>
    <dimen name="x411">376.75dp</dimen>
    <dimen name="x412">377.67dp</dimen>
    <dimen name="x413">378.58dp</dimen>
    <dimen name="x414">379.50dp</dimen>
    <dimen name="x415">380.42dp</dimen>
    <dimen name="x416">381.33dp</dimen>
    <dimen name="x417">382.25dp</dimen>
    <dimen name="x418">383.17dp</dimen>
    <dimen name="x419">384.08dp</dimen>
    <dimen name="x420">385.00dp</dimen>
    <dimen name="x421">385.92dp</dimen>
    <dimen name="x422">386.83dp</dimen>
    <dimen name="x423">387.75dp</dimen>
    <dimen name="x424">388.67dp</dimen>
    <dimen name="x425">389.58dp</dimen>
    <dimen name="x426">390.50dp</dimen>
    <dimen name="x427">391.42dp</dimen>
    <dimen name="x428">392.33dp</dimen>
    <dimen name="x429">393.25dp</dimen>
    <dimen name="x430">394.17dp</dimen>
    <dimen name="x431">395.08dp</dimen>
    <dimen name="x432">396.00dp</dimen>
    <dimen name="x433">396.92dp</dimen>
    <dimen name="x434">397.83dp</dimen>
    <dimen name="x435">398.75dp</dimen>
    <dimen name="x436">399.67dp</dimen>
    <dimen name="x437">400.58dp</dimen>
    <dimen name="x438">401.50dp</dimen>
    <dimen name="x439">402.42dp</dimen>
    <dimen name="x440">403.33dp</dimen>
    <dimen name="x441">404.25dp</dimen>
    <dimen name="x442">405.17dp</dimen>
    <dimen name="x443">406.08dp</dimen>
    <dimen name="x444">407.00dp</dimen>
    <dimen name="x445">407.92dp</dimen>
    <dimen name="x446">408.83dp</dimen>
    <dimen name="x447">409.75dp</dimen>
    <dimen name="x448">410.67dp</dimen>
    <dimen name="x449">411.58dp</dimen>
    <dimen name="x450">412.50dp</dimen>
    <dimen name="x451">413.42dp</dimen>
    <dimen name="x452">414.33dp</dimen>
    <dimen name="x453">415.25dp</dimen>
    <dimen name="x454">416.17dp</dimen>
    <dimen name="x455">417.08dp</dimen>
    <dimen name="x456">418.00dp</dimen>
    <dimen name="x457">418.92dp</dimen>
    <dimen name="x458">419.83dp</dimen>
    <dimen name="x459">420.75dp</dimen>
    <dimen name="x460">421.67dp</dimen>
    <dimen name="x461">422.58dp</dimen>
    <dimen name="x462">423.50dp</dimen>
    <dimen name="x463">424.42dp</dimen>
    <dimen name="x464">425.33dp</dimen>
    <dimen name="x465">426.25dp</dimen>
    <dimen name="x466">427.17dp</dimen>
    <dimen name="x467">428.08dp</dimen>
    <dimen name="x468">429.00dp</dimen>
    <dimen name="x469">429.92dp</dimen>
    <dimen name="x470">430.83dp</dimen>
    <dimen name="x471">431.75dp</dimen>
    <dimen name="x472">432.67dp</dimen>
    <dimen name="x473">433.58dp</dimen>
    <dimen name="x474">434.50dp</dimen>
    <dimen name="x475">435.42dp</dimen>
    <dimen name="x476">436.33dp</dimen>
    <dimen name="x477">437.25dp</dimen>
    <dimen name="x478">438.17dp</dimen>
    <dimen name="x479">439.08dp</dimen>
    <dimen name="x480">440.00dp</dimen>
    <dimen name="x481">440.92dp</dimen>
    <dimen name="x482">441.83dp</dimen>
    <dimen name="x483">442.75dp</dimen>
    <dimen name="x484">443.67dp</dimen>
    <dimen name="x485">444.58dp</dimen>
    <dimen name="x486">445.50dp</dimen>
    <dimen name="x487">446.42dp</dimen>
    <dimen name="x488">447.33dp</dimen>
    <dimen name="x489">448.25dp</dimen>
    <dimen name="x490">449.17dp</dimen>
    <dimen name="x491">450.08dp</dimen>
    <dimen name="x492">451.00dp</dimen>
    <dimen name="x493">451.92dp</dimen>
    <dimen name="x494">452.83dp</dimen>
    <dimen name="x495">453.75dp</dimen>
    <dimen name="x496">454.67dp</dimen>
    <dimen name="x497">455.58dp</dimen>
    <dimen name="x498">456.50dp</dimen>
    <dimen name="x499">457.42dp</dimen>
    <dimen name="x500">458.33dp</dimen>
    <dimen name="x501">459.25dp</dimen>
    <dimen name="x502">460.17dp</dimen>
    <dimen name="x503">461.08dp</dimen>
    <dimen name="x504">462.00dp</dimen>
    <dimen name="x505">462.92dp</dimen>
    <dimen name="x506">463.83dp</dimen>
    <dimen name="x507">464.75dp</dimen>
    <dimen name="x508">465.67dp</dimen>
    <dimen name="x509">466.58dp</dimen>
    <dimen name="x510">467.50dp</dimen>
    <dimen name="x511">468.42dp</dimen>
    <dimen name="x512">469.33dp</dimen>
    <dimen name="x513">470.25dp</dimen>
    <dimen name="x514">471.17dp</dimen>
    <dimen name="x515">472.08dp</dimen>
    <dimen name="x516">473.00dp</dimen>
    <dimen name="x517">473.92dp</dimen>
    <dimen name="x518">474.83dp</dimen>
    <dimen name="x519">475.75dp</dimen>
    <dimen name="x520">476.67dp</dimen>
    <dimen name="x521">477.58dp</dimen>
    <dimen name="x522">478.50dp</dimen>
    <dimen name="x523">479.42dp</dimen>
    <dimen name="x524">480.33dp</dimen>
    <dimen name="x525">481.25dp</dimen>
    <dimen name="x526">482.17dp</dimen>
    <dimen name="x527">483.08dp</dimen>
    <dimen name="x528">484.00dp</dimen>
    <dimen name="x529">484.92dp</dimen>
    <dimen name="x530">485.83dp</dimen>
    <dimen name="x531">486.75dp</dimen>
    <dimen name="x532">487.67dp</dimen>
    <dimen name="x533">488.58dp</dimen>
    <dimen name="x534">489.50dp</dimen>
    <dimen name="x535">490.42dp</dimen>
    <dimen name="x536">491.33dp</dimen>
    <dimen name="x537">492.25dp</dimen>
    <dimen name="x538">493.17dp</dimen>
    <dimen name="x539">494.08dp</dimen>
    <dimen name="x540">495.00dp</dimen>
    <dimen name="x541">495.92dp</dimen>
    <dimen name="x542">496.83dp</dimen>
    <dimen name="x543">497.75dp</dimen>
    <dimen name="x544">498.67dp</dimen>
    <dimen name="x545">499.58dp</dimen>
    <dimen name="x546">500.50dp</dimen>
    <dimen name="x547">501.42dp</dimen>
    <dimen name="x548">502.33dp</dimen>
    <dimen name="x549">503.25dp</dimen>
    <dimen name="x550">504.17dp</dimen>
    <dimen name="x551">505.08dp</dimen>
    <dimen name="x552">506.00dp</dimen>
    <dimen name="x553">506.92dp</dimen>
    <dimen name="x554">507.83dp</dimen>
    <dimen name="x555">508.75dp</dimen>
    <dimen name="x556">509.67dp</dimen>
    <dimen name="x557">510.58dp</dimen>
    <dimen name="x558">511.50dp</dimen>
    <dimen name="x559">512.42dp</dimen>
    <dimen name="x560">513.33dp</dimen>
    <dimen name="x561">514.25dp</dimen>
    <dimen name="x562">515.17dp</dimen>
    <dimen name="x563">516.08dp</dimen>
    <dimen name="x564">517.00dp</dimen>
    <dimen name="x565">517.92dp</dimen>
    <dimen name="x566">518.83dp</dimen>
    <dimen name="x567">519.75dp</dimen>
    <dimen name="x568">520.67dp</dimen>
    <dimen name="x569">521.58dp</dimen>
    <dimen name="x570">522.50dp</dimen>
    <dimen name="x571">523.42dp</dimen>
    <dimen name="x572">524.33dp</dimen>
    <dimen name="x573">525.25dp</dimen>
    <dimen name="x574">526.17dp</dimen>
    <dimen name="x575">527.08dp</dimen>
    <dimen name="x576">528.00dp</dimen>
    <dimen name="x577">528.92dp</dimen>
    <dimen name="x578">529.83dp</dimen>
    <dimen name="x579">530.75dp</dimen>
    <dimen name="x580">531.67dp</dimen>
    <dimen name="x581">532.58dp</dimen>
    <dimen name="x582">533.50dp</dimen>
    <dimen name="x583">534.42dp</dimen>
    <dimen name="x584">535.33dp</dimen>
    <dimen name="x585">536.25dp</dimen>
    <dimen name="x586">537.17dp</dimen>
    <dimen name="x587">538.08dp</dimen>
    <dimen name="x588">539.00dp</dimen>
    <dimen name="x589">539.92dp</dimen>
    <dimen name="x590">540.83dp</dimen>
    <dimen name="x591">541.75dp</dimen>
    <dimen name="x592">542.67dp</dimen>
    <dimen name="x593">543.58dp</dimen>
    <dimen name="x594">544.50dp</dimen>
    <dimen name="x595">545.42dp</dimen>
    <dimen name="x596">546.33dp</dimen>
    <dimen name="x597">547.25dp</dimen>
    <dimen name="x598">548.17dp</dimen>
    <dimen name="x599">549.08dp</dimen>
    <dimen name="x600">550.00dp</dimen>
    <dimen name="x601">550.92dp</dimen>
    <dimen name="x602">551.83dp</dimen>
    <dimen name="x603">552.75dp</dimen>
    <dimen name="x604">553.67dp</dimen>
    <dimen name="x605">554.58dp</dimen>
    <dimen name="x606">555.50dp</dimen>
    <dimen name="x607">556.42dp</dimen>
    <dimen name="x608">557.33dp</dimen>
    <dimen name="x609">558.25dp</dimen>
    <dimen name="x610">559.17dp</dimen>
    <dimen name="x611">560.08dp</dimen>
    <dimen name="x612">561.00dp</dimen>
    <dimen name="x613">561.92dp</dimen>
    <dimen name="x614">562.83dp</dimen>
    <dimen name="x615">563.75dp</dimen>
    <dimen name="x616">564.67dp</dimen>
    <dimen name="x617">565.58dp</dimen>
    <dimen name="x618">566.50dp</dimen>
    <dimen name="x619">567.42dp</dimen>
    <dimen name="x620">568.33dp</dimen>
    <dimen name="x621">569.25dp</dimen>
    <dimen name="x622">570.17dp</dimen>
    <dimen name="x623">571.08dp</dimen>
    <dimen name="x624">572.00dp</dimen>
    <dimen name="x625">572.92dp</dimen>
    <dimen name="x626">573.83dp</dimen>
    <dimen name="x627">574.75dp</dimen>
    <dimen name="x628">575.67dp</dimen>
    <dimen name="x629">576.58dp</dimen>
    <dimen name="x630">577.50dp</dimen>
    <dimen name="x631">578.42dp</dimen>
    <dimen name="x632">579.33dp</dimen>
    <dimen name="x633">580.25dp</dimen>
    <dimen name="x634">581.17dp</dimen>
    <dimen name="x635">582.08dp</dimen>
    <dimen name="x636">583.00dp</dimen>
    <dimen name="x637">583.92dp</dimen>
    <dimen name="x638">584.83dp</dimen>
    <dimen name="x639">585.75dp</dimen>
    <dimen name="x640">586.67dp</dimen>
    <dimen name="x641">587.58dp</dimen>
    <dimen name="x642">588.50dp</dimen>
    <dimen name="x643">589.42dp</dimen>
    <dimen name="x644">590.33dp</dimen>
    <dimen name="x645">591.25dp</dimen>
    <dimen name="x646">592.17dp</dimen>
    <dimen name="x647">593.08dp</dimen>
    <dimen name="x648">594.00dp</dimen>
    <dimen name="x649">594.92dp</dimen>
    <dimen name="x650">595.83dp</dimen>
    <dimen name="x651">596.75dp</dimen>
    <dimen name="x652">597.67dp</dimen>
    <dimen name="x653">598.58dp</dimen>
    <dimen name="x654">599.50dp</dimen>
    <dimen name="x655">600.42dp</dimen>
    <dimen name="x656">601.33dp</dimen>
    <dimen name="x657">602.25dp</dimen>
    <dimen name="x658">603.17dp</dimen>
    <dimen name="x659">604.08dp</dimen>
    <dimen name="x660">605.00dp</dimen>
    <dimen name="x661">605.92dp</dimen>
    <dimen name="x662">606.83dp</dimen>
    <dimen name="x663">607.75dp</dimen>
    <dimen name="x664">608.67dp</dimen>
    <dimen name="x665">609.58dp</dimen>
    <dimen name="x666">610.50dp</dimen>
    <dimen name="x667">611.42dp</dimen>
    <dimen name="x668">612.33dp</dimen>
    <dimen name="x669">613.25dp</dimen>
    <dimen name="x670">614.17dp</dimen>
    <dimen name="x671">615.08dp</dimen>
    <dimen name="x672">616.00dp</dimen>
    <dimen name="x673">616.92dp</dimen>
    <dimen name="x674">617.83dp</dimen>
    <dimen name="x675">618.75dp</dimen>
    <dimen name="x676">619.67dp</dimen>
    <dimen name="x677">620.58dp</dimen>
    <dimen name="x678">621.50dp</dimen>
    <dimen name="x679">622.42dp</dimen>
    <dimen name="x680">623.33dp</dimen>
    <dimen name="x681">624.25dp</dimen>
    <dimen name="x682">625.17dp</dimen>
    <dimen name="x683">626.08dp</dimen>
    <dimen name="x684">627.00dp</dimen>
    <dimen name="x685">627.92dp</dimen>
    <dimen name="x686">628.83dp</dimen>
    <dimen name="x687">629.75dp</dimen>
    <dimen name="x688">630.67dp</dimen>
    <dimen name="x689">631.58dp</dimen>
    <dimen name="x690">632.50dp</dimen>
    <dimen name="x691">633.42dp</dimen>
    <dimen name="x692">634.33dp</dimen>
    <dimen name="x693">635.25dp</dimen>
    <dimen name="x694">636.17dp</dimen>
    <dimen name="x695">637.08dp</dimen>
    <dimen name="x696">638.00dp</dimen>
    <dimen name="x697">638.92dp</dimen>
    <dimen name="x698">639.83dp</dimen>
    <dimen name="x699">640.75dp</dimen>
    <dimen name="x700">641.67dp</dimen>
    <dimen name="x701">642.58dp</dimen>
    <dimen name="x702">643.50dp</dimen>
    <dimen name="x703">644.42dp</dimen>
    <dimen name="x704">645.33dp</dimen>
    <dimen name="x705">646.25dp</dimen>
    <dimen name="x706">647.17dp</dimen>
    <dimen name="x707">648.08dp</dimen>
    <dimen name="x708">649.00dp</dimen>
    <dimen name="x709">649.92dp</dimen>
    <dimen name="x710">650.83dp</dimen>
    <dimen name="x711">651.75dp</dimen>
    <dimen name="x712">652.67dp</dimen>
    <dimen name="x713">653.58dp</dimen>
    <dimen name="x714">654.50dp</dimen>
    <dimen name="x715">655.42dp</dimen>
    <dimen name="x716">656.33dp</dimen>
    <dimen name="x717">657.25dp</dimen>
    <dimen name="x718">658.17dp</dimen>
    <dimen name="x719">659.08dp</dimen>
    <dimen name="x720">660.00dp</dimen>
    <dimen name="x721">660.92dp</dimen>
    <dimen name="x722">661.83dp</dimen>
    <dimen name="x723">662.75dp</dimen>
    <dimen name="x724">663.67dp</dimen>
    <dimen name="x725">664.58dp</dimen>
    <dimen name="x726">665.50dp</dimen>
    <dimen name="x727">666.42dp</dimen>
    <dimen name="x728">667.33dp</dimen>
    <dimen name="x729">668.25dp</dimen>
    <dimen name="x730">669.17dp</dimen>
    <dimen name="x731">670.08dp</dimen>
    <dimen name="x732">671.00dp</dimen>
    <dimen name="x733">671.92dp</dimen>
    <dimen name="x734">672.83dp</dimen>
    <dimen name="x735">673.75dp</dimen>
    <dimen name="x736">674.67dp</dimen>
    <dimen name="x737">675.58dp</dimen>
    <dimen name="x738">676.50dp</dimen>
    <dimen name="x739">677.42dp</dimen>
    <dimen name="x740">678.33dp</dimen>
    <dimen name="x741">679.25dp</dimen>
    <dimen name="x742">680.17dp</dimen>
    <dimen name="x743">681.08dp</dimen>
    <dimen name="x744">682.00dp</dimen>
    <dimen name="x745">682.92dp</dimen>
    <dimen name="x746">683.83dp</dimen>
    <dimen name="x747">684.75dp</dimen>
    <dimen name="x748">685.67dp</dimen>
    <dimen name="x749">686.58dp</dimen>
    <dimen name="x750">687.50dp</dimen>
    <dimen name="x751">688.42dp</dimen>
    <dimen name="x752">689.33dp</dimen>
    <dimen name="x753">690.25dp</dimen>
    <dimen name="x754">691.17dp</dimen>
    <dimen name="x755">692.08dp</dimen>
    <dimen name="x756">693.00dp</dimen>
    <dimen name="x757">693.92dp</dimen>
    <dimen name="x758">694.83dp</dimen>
    <dimen name="x759">695.75dp</dimen>
    <dimen name="x760">696.67dp</dimen>
    <dimen name="x761">697.58dp</dimen>
    <dimen name="x762">698.50dp</dimen>
    <dimen name="x763">699.42dp</dimen>
    <dimen name="x764">700.33dp</dimen>
    <dimen name="x765">701.25dp</dimen>
    <dimen name="x766">702.17dp</dimen>
    <dimen name="x767">703.08dp</dimen>
    <dimen name="x768">704.00dp</dimen>
    <dimen name="x769">704.92dp</dimen>
    <dimen name="x770">705.83dp</dimen>
    <dimen name="x771">706.75dp</dimen>
    <dimen name="x772">707.67dp</dimen>
    <dimen name="x773">708.58dp</dimen>
    <dimen name="x774">709.50dp</dimen>
    <dimen name="x775">710.42dp</dimen>
    <dimen name="x776">711.33dp</dimen>
    <dimen name="x777">712.25dp</dimen>
    <dimen name="x778">713.17dp</dimen>
    <dimen name="x779">714.08dp</dimen>
    <dimen name="x780">715.00dp</dimen>
    <dimen name="x781">715.92dp</dimen>
    <dimen name="x782">716.83dp</dimen>
    <dimen name="x783">717.75dp</dimen>
    <dimen name="x784">718.67dp</dimen>
    <dimen name="x785">719.58dp</dimen>
    <dimen name="x786">720.50dp</dimen>
    <dimen name="x787">721.42dp</dimen>
    <dimen name="x788">722.33dp</dimen>
    <dimen name="x789">723.25dp</dimen>
    <dimen name="x790">724.17dp</dimen>
    <dimen name="x791">725.08dp</dimen>
    <dimen name="x792">726.00dp</dimen>
    <dimen name="x793">726.92dp</dimen>
    <dimen name="x794">727.83dp</dimen>
    <dimen name="x795">728.75dp</dimen>
    <dimen name="x796">729.67dp</dimen>
    <dimen name="x797">730.58dp</dimen>
    <dimen name="x798">731.50dp</dimen>
    <dimen name="x799">732.42dp</dimen>
    <dimen name="x800">733.33dp</dimen>
    <dimen name="x801">734.25dp</dimen>
    <dimen name="x802">735.17dp</dimen>
    <dimen name="x803">736.08dp</dimen>
    <dimen name="x804">737.00dp</dimen>
    <dimen name="x805">737.92dp</dimen>
    <dimen name="x806">738.83dp</dimen>
    <dimen name="x807">739.75dp</dimen>
    <dimen name="x808">740.67dp</dimen>
    <dimen name="x809">741.58dp</dimen>
    <dimen name="x810">742.50dp</dimen>
    <dimen name="x811">743.42dp</dimen>
    <dimen name="x812">744.33dp</dimen>
    <dimen name="x813">745.25dp</dimen>
    <dimen name="x814">746.17dp</dimen>
    <dimen name="x815">747.08dp</dimen>
    <dimen name="x816">748.00dp</dimen>
    <dimen name="x817">748.92dp</dimen>
    <dimen name="x818">749.83dp</dimen>
    <dimen name="x819">750.75dp</dimen>
    <dimen name="x820">751.67dp</dimen>
    <dimen name="x821">752.58dp</dimen>
    <dimen name="x822">753.50dp</dimen>
    <dimen name="x823">754.42dp</dimen>
    <dimen name="x824">755.33dp</dimen>
    <dimen name="x825">756.25dp</dimen>
    <dimen name="x826">757.17dp</dimen>
    <dimen name="x827">758.08dp</dimen>
    <dimen name="x828">759.00dp</dimen>
    <dimen name="x829">759.92dp</dimen>
    <dimen name="x830">760.83dp</dimen>
    <dimen name="x831">761.75dp</dimen>
    <dimen name="x832">762.67dp</dimen>
    <dimen name="x833">763.58dp</dimen>
    <dimen name="x834">764.50dp</dimen>
    <dimen name="x835">765.42dp</dimen>
    <dimen name="x836">766.33dp</dimen>
    <dimen name="x837">767.25dp</dimen>
    <dimen name="x838">768.17dp</dimen>
    <dimen name="x839">769.08dp</dimen>
    <dimen name="x840">770.00dp</dimen>
    <dimen name="x841">770.92dp</dimen>
    <dimen name="x842">771.83dp</dimen>
    <dimen name="x843">772.75dp</dimen>
    <dimen name="x844">773.67dp</dimen>
    <dimen name="x845">774.58dp</dimen>
    <dimen name="x846">775.50dp</dimen>
    <dimen name="x847">776.42dp</dimen>
    <dimen name="x848">777.33dp</dimen>
    <dimen name="x849">778.25dp</dimen>
    <dimen name="x850">779.17dp</dimen>
    <dimen name="x851">780.08dp</dimen>
    <dimen name="x852">781.00dp</dimen>
    <dimen name="x853">781.92dp</dimen>
    <dimen name="x854">782.83dp</dimen>
    <dimen name="x855">783.75dp</dimen>
    <dimen name="x856">784.67dp</dimen>
    <dimen name="x857">785.58dp</dimen>
    <dimen name="x858">786.50dp</dimen>
    <dimen name="x859">787.42dp</dimen>
    <dimen name="x860">788.33dp</dimen>
    <dimen name="x861">789.25dp</dimen>
    <dimen name="x862">790.17dp</dimen>
    <dimen name="x863">791.08dp</dimen>
    <dimen name="x864">792.00dp</dimen>
    <dimen name="x865">792.92dp</dimen>
    <dimen name="x866">793.83dp</dimen>
    <dimen name="x867">794.75dp</dimen>
    <dimen name="x868">795.67dp</dimen>
    <dimen name="x869">796.58dp</dimen>
    <dimen name="x870">797.50dp</dimen>
    <dimen name="x871">798.42dp</dimen>
    <dimen name="x872">799.33dp</dimen>
    <dimen name="x873">800.25dp</dimen>
    <dimen name="x874">801.17dp</dimen>
    <dimen name="x875">802.08dp</dimen>
    <dimen name="x876">803.00dp</dimen>
    <dimen name="x877">803.92dp</dimen>
    <dimen name="x878">804.83dp</dimen>
    <dimen name="x879">805.75dp</dimen>
    <dimen name="x880">806.67dp</dimen>
    <dimen name="x881">807.58dp</dimen>
    <dimen name="x882">808.50dp</dimen>
    <dimen name="x883">809.42dp</dimen>
    <dimen name="x884">810.33dp</dimen>
    <dimen name="x885">811.25dp</dimen>
    <dimen name="x886">812.17dp</dimen>
    <dimen name="x887">813.08dp</dimen>
    <dimen name="x888">814.00dp</dimen>
    <dimen name="x889">814.92dp</dimen>
    <dimen name="x890">815.83dp</dimen>
    <dimen name="x891">816.75dp</dimen>
    <dimen name="x892">817.67dp</dimen>
    <dimen name="x893">818.58dp</dimen>
    <dimen name="x894">819.50dp</dimen>
    <dimen name="x895">820.42dp</dimen>
    <dimen name="x896">821.33dp</dimen>
    <dimen name="x897">822.25dp</dimen>
    <dimen name="x898">823.17dp</dimen>
    <dimen name="x899">824.08dp</dimen>
    <dimen name="x900">825.00dp</dimen>
    <dimen name="x901">825.92dp</dimen>
    <dimen name="x902">826.83dp</dimen>
    <dimen name="x903">827.75dp</dimen>
    <dimen name="x904">828.67dp</dimen>
    <dimen name="x905">829.58dp</dimen>
    <dimen name="x906">830.50dp</dimen>
    <dimen name="x907">831.42dp</dimen>
    <dimen name="x908">832.33dp</dimen>
    <dimen name="x909">833.25dp</dimen>
    <dimen name="x910">834.17dp</dimen>
    <dimen name="x911">835.08dp</dimen>
    <dimen name="x912">836.00dp</dimen>
    <dimen name="x913">836.92dp</dimen>
    <dimen name="x914">837.83dp</dimen>
    <dimen name="x915">838.75dp</dimen>
    <dimen name="x916">839.67dp</dimen>
    <dimen name="x917">840.58dp</dimen>
    <dimen name="x918">841.50dp</dimen>
    <dimen name="x919">842.42dp</dimen>
    <dimen name="x920">843.33dp</dimen>
    <dimen name="x921">844.25dp</dimen>
    <dimen name="x922">845.17dp</dimen>
    <dimen name="x923">846.08dp</dimen>
    <dimen name="x924">847.00dp</dimen>
    <dimen name="x925">847.92dp</dimen>
    <dimen name="x926">848.83dp</dimen>
    <dimen name="x927">849.75dp</dimen>
    <dimen name="x928">850.67dp</dimen>
    <dimen name="x929">851.58dp</dimen>
    <dimen name="x930">852.50dp</dimen>
    <dimen name="x931">853.42dp</dimen>
    <dimen name="x932">854.33dp</dimen>
    <dimen name="x933">855.25dp</dimen>
    <dimen name="x934">856.17dp</dimen>
    <dimen name="x935">857.08dp</dimen>
    <dimen name="x936">858.00dp</dimen>
    <dimen name="x937">858.92dp</dimen>
    <dimen name="x938">859.83dp</dimen>
    <dimen name="x939">860.75dp</dimen>
    <dimen name="x940">861.67dp</dimen>
    <dimen name="x941">862.58dp</dimen>
    <dimen name="x942">863.50dp</dimen>
    <dimen name="x943">864.42dp</dimen>
    <dimen name="x944">865.33dp</dimen>
    <dimen name="x945">866.25dp</dimen>
    <dimen name="x946">867.17dp</dimen>
    <dimen name="x947">868.08dp</dimen>
    <dimen name="x948">869.00dp</dimen>
    <dimen name="x949">869.92dp</dimen>
    <dimen name="x950">870.83dp</dimen>
    <dimen name="x951">871.75dp</dimen>
    <dimen name="x952">872.67dp</dimen>
    <dimen name="x953">873.58dp</dimen>
    <dimen name="x954">874.50dp</dimen>
    <dimen name="x955">875.42dp</dimen>
    <dimen name="x956">876.33dp</dimen>
    <dimen name="x957">877.25dp</dimen>
    <dimen name="x958">878.17dp</dimen>
    <dimen name="x959">879.08dp</dimen>
    <dimen name="x960">880.00dp</dimen>
    <dimen name="x961">880.92dp</dimen>
    <dimen name="x962">881.83dp</dimen>
    <dimen name="x963">882.75dp</dimen>
    <dimen name="x964">883.67dp</dimen>
    <dimen name="x965">884.58dp</dimen>
    <dimen name="x966">885.50dp</dimen>
    <dimen name="x967">886.42dp</dimen>
    <dimen name="x968">887.33dp</dimen>
    <dimen name="x969">888.25dp</dimen>
    <dimen name="x970">889.17dp</dimen>
    <dimen name="x971">890.08dp</dimen>
    <dimen name="x972">891.00dp</dimen>
    <dimen name="x973">891.92dp</dimen>
    <dimen name="x974">892.83dp</dimen>
    <dimen name="x975">893.75dp</dimen>
    <dimen name="x976">894.67dp</dimen>
    <dimen name="x977">895.58dp</dimen>
    <dimen name="x978">896.50dp</dimen>
    <dimen name="x979">897.42dp</dimen>
    <dimen name="x980">898.33dp</dimen>
    <dimen name="x981">899.25dp</dimen>
    <dimen name="x982">900.17dp</dimen>
    <dimen name="x983">901.08dp</dimen>
    <dimen name="x984">902.00dp</dimen>
    <dimen name="x985">902.92dp</dimen>
    <dimen name="x986">903.83dp</dimen>
    <dimen name="x987">904.75dp</dimen>
    <dimen name="x988">905.67dp</dimen>
    <dimen name="x989">906.58dp</dimen>
    <dimen name="x990">907.50dp</dimen>
    <dimen name="x991">908.42dp</dimen>
    <dimen name="x992">909.33dp</dimen>
    <dimen name="x993">910.25dp</dimen>
    <dimen name="x994">911.17dp</dimen>
    <dimen name="x995">912.08dp</dimen>
    <dimen name="x996">913.00dp</dimen>
    <dimen name="x997">913.92dp</dimen>
    <dimen name="x998">914.83dp</dimen>
    <dimen name="x999">915.75dp</dimen>
    <dimen name="x1000">916.67dp</dimen>
    <dimen name="x1001">917.58dp</dimen>
    <dimen name="x1002">918.50dp</dimen>
    <dimen name="x1003">919.42dp</dimen>
    <dimen name="x1004">920.33dp</dimen>
    <dimen name="x1005">921.25dp</dimen>
    <dimen name="x1006">922.17dp</dimen>
    <dimen name="x1007">923.08dp</dimen>
    <dimen name="x1008">924.00dp</dimen>
    <dimen name="x1009">924.92dp</dimen>
    <dimen name="x1010">925.83dp</dimen>
    <dimen name="x1011">926.75dp</dimen>
    <dimen name="x1012">927.67dp</dimen>
    <dimen name="x1013">928.58dp</dimen>
    <dimen name="x1014">929.50dp</dimen>
    <dimen name="x1015">930.42dp</dimen>
    <dimen name="x1016">931.33dp</dimen>
    <dimen name="x1017">932.25dp</dimen>
    <dimen name="x1018">933.17dp</dimen>
    <dimen name="x1019">934.08dp</dimen>
    <dimen name="x1020">935.00dp</dimen>
    <dimen name="x1021">935.92dp</dimen>
    <dimen name="x1022">936.83dp</dimen>
    <dimen name="x1023">937.75dp</dimen>
    <dimen name="x1024">938.67dp</dimen>
    <dimen name="x1025">939.58dp</dimen>
    <dimen name="x1026">940.50dp</dimen>
    <dimen name="x1027">941.42dp</dimen>
    <dimen name="x1028">942.33dp</dimen>
    <dimen name="x1029">943.25dp</dimen>
    <dimen name="x1030">944.17dp</dimen>
    <dimen name="x1031">945.08dp</dimen>
    <dimen name="x1032">946.00dp</dimen>
    <dimen name="x1033">946.92dp</dimen>
    <dimen name="x1034">947.83dp</dimen>
    <dimen name="x1035">948.75dp</dimen>
    <dimen name="x1036">949.67dp</dimen>
    <dimen name="x1037">950.58dp</dimen>
    <dimen name="x1038">951.50dp</dimen>
    <dimen name="x1039">952.42dp</dimen>
    <dimen name="x1040">953.33dp</dimen>
    <dimen name="x1041">954.25dp</dimen>
    <dimen name="x1042">955.17dp</dimen>
    <dimen name="x1043">956.08dp</dimen>
    <dimen name="x1044">957.00dp</dimen>
    <dimen name="x1045">957.92dp</dimen>
    <dimen name="x1046">958.83dp</dimen>
    <dimen name="x1047">959.75dp</dimen>
    <dimen name="x1048">960.67dp</dimen>
    <dimen name="x1049">961.58dp</dimen>
    <dimen name="x1050">962.50dp</dimen>
    <dimen name="x1051">963.42dp</dimen>
    <dimen name="x1052">964.33dp</dimen>
    <dimen name="x1053">965.25dp</dimen>
    <dimen name="x1054">966.17dp</dimen>
    <dimen name="x1055">967.08dp</dimen>
    <dimen name="x1056">968.00dp</dimen>
    <dimen name="x1057">968.92dp</dimen>
    <dimen name="x1058">969.83dp</dimen>
    <dimen name="x1059">970.75dp</dimen>
    <dimen name="x1060">971.67dp</dimen>
    <dimen name="x1061">972.58dp</dimen>
    <dimen name="x1062">973.50dp</dimen>
    <dimen name="x1063">974.42dp</dimen>
    <dimen name="x1064">975.33dp</dimen>
    <dimen name="x1065">976.25dp</dimen>
    <dimen name="x1066">977.17dp</dimen>
    <dimen name="x1067">978.08dp</dimen>
    <dimen name="x1068">979.00dp</dimen>
    <dimen name="x1069">979.92dp</dimen>
    <dimen name="x1070">980.83dp</dimen>
    <dimen name="x1071">981.75dp</dimen>
    <dimen name="x1072">982.67dp</dimen>
    <dimen name="x1073">983.58dp</dimen>
    <dimen name="x1074">984.50dp</dimen>
    <dimen name="x1075">985.42dp</dimen>
    <dimen name="x1076">986.33dp</dimen>
    <dimen name="x1077">987.25dp</dimen>
    <dimen name="x1078">988.17dp</dimen>
    <dimen name="x1079">989.08dp</dimen>
    <dimen name="x1080">990.00dp</dimen>
</resources>