<?xml version="1.0" encoding="utf-8"?>
<resources>
    <string name="sw_dp">1510dp</string>
    <dimen name="x1">1.40dp</dimen>
    <dimen name="x2">2.80dp</dimen>
    <dimen name="x3">4.19dp</dimen>
    <dimen name="x4">5.59dp</dimen>
    <dimen name="x5">6.99dp</dimen>
    <dimen name="x6">8.39dp</dimen>
    <dimen name="x7">9.79dp</dimen>
    <dimen name="x8">11.19dp</dimen>
    <dimen name="x9">12.58dp</dimen>
    <dimen name="x10">13.98dp</dimen>
    <dimen name="x11">15.38dp</dimen>
    <dimen name="x12">16.78dp</dimen>
    <dimen name="x13">18.18dp</dimen>
    <dimen name="x14">19.57dp</dimen>
    <dimen name="x15">20.97dp</dimen>
    <dimen name="x16">22.37dp</dimen>
    <dimen name="x17">23.77dp</dimen>
    <dimen name="x18">25.17dp</dimen>
    <dimen name="x19">26.56dp</dimen>
    <dimen name="x20">27.96dp</dimen>
    <dimen name="x21">29.36dp</dimen>
    <dimen name="x22">30.76dp</dimen>
    <dimen name="x23">32.16dp</dimen>
    <dimen name="x24">33.56dp</dimen>
    <dimen name="x25">34.95dp</dimen>
    <dimen name="x26">36.35dp</dimen>
    <dimen name="x27">37.75dp</dimen>
    <dimen name="x28">39.15dp</dimen>
    <dimen name="x29">40.55dp</dimen>
    <dimen name="x30">41.94dp</dimen>
    <dimen name="x31">43.34dp</dimen>
    <dimen name="x32">44.74dp</dimen>
    <dimen name="x33">46.14dp</dimen>
    <dimen name="x34">47.54dp</dimen>
    <dimen name="x35">48.94dp</dimen>
    <dimen name="x36">50.33dp</dimen>
    <dimen name="x37">51.73dp</dimen>
    <dimen name="x38">53.13dp</dimen>
    <dimen name="x39">54.53dp</dimen>
    <dimen name="x40">55.93dp</dimen>
    <dimen name="x41">57.32dp</dimen>
    <dimen name="x42">58.72dp</dimen>
    <dimen name="x43">60.12dp</dimen>
    <dimen name="x44">61.52dp</dimen>
    <dimen name="x45">62.92dp</dimen>
    <dimen name="x46">64.31dp</dimen>
    <dimen name="x47">65.71dp</dimen>
    <dimen name="x48">67.11dp</dimen>
    <dimen name="x49">68.51dp</dimen>
    <dimen name="x50">69.91dp</dimen>
    <dimen name="x51">71.31dp</dimen>
    <dimen name="x52">72.70dp</dimen>
    <dimen name="x53">74.10dp</dimen>
    <dimen name="x54">75.50dp</dimen>
    <dimen name="x55">76.90dp</dimen>
    <dimen name="x56">78.30dp</dimen>
    <dimen name="x57">79.69dp</dimen>
    <dimen name="x58">81.09dp</dimen>
    <dimen name="x59">82.49dp</dimen>
    <dimen name="x60">83.89dp</dimen>
    <dimen name="x61">85.29dp</dimen>
    <dimen name="x62">86.69dp</dimen>
    <dimen name="x63">88.08dp</dimen>
    <dimen name="x64">89.48dp</dimen>
    <dimen name="x65">90.88dp</dimen>
    <dimen name="x66">92.28dp</dimen>
    <dimen name="x67">93.68dp</dimen>
    <dimen name="x68">95.07dp</dimen>
    <dimen name="x69">96.47dp</dimen>
    <dimen name="x70">97.87dp</dimen>
    <dimen name="x71">99.27dp</dimen>
    <dimen name="x72">100.67dp</dimen>
    <dimen name="x73">102.06dp</dimen>
    <dimen name="x74">103.46dp</dimen>
    <dimen name="x75">104.86dp</dimen>
    <dimen name="x76">106.26dp</dimen>
    <dimen name="x77">107.66dp</dimen>
    <dimen name="x78">109.06dp</dimen>
    <dimen name="x79">110.45dp</dimen>
    <dimen name="x80">111.85dp</dimen>
    <dimen name="x81">113.25dp</dimen>
    <dimen name="x82">114.65dp</dimen>
    <dimen name="x83">116.05dp</dimen>
    <dimen name="x84">117.44dp</dimen>
    <dimen name="x85">118.84dp</dimen>
    <dimen name="x86">120.24dp</dimen>
    <dimen name="x87">121.64dp</dimen>
    <dimen name="x88">123.04dp</dimen>
    <dimen name="x89">124.44dp</dimen>
    <dimen name="x90">125.83dp</dimen>
    <dimen name="x91">127.23dp</dimen>
    <dimen name="x92">128.63dp</dimen>
    <dimen name="x93">130.03dp</dimen>
    <dimen name="x94">131.43dp</dimen>
    <dimen name="x95">132.82dp</dimen>
    <dimen name="x96">134.22dp</dimen>
    <dimen name="x97">135.62dp</dimen>
    <dimen name="x98">137.02dp</dimen>
    <dimen name="x99">138.42dp</dimen>
    <dimen name="x100">139.81dp</dimen>
    <dimen name="x101">141.21dp</dimen>
    <dimen name="x102">142.61dp</dimen>
    <dimen name="x103">144.01dp</dimen>
    <dimen name="x104">145.41dp</dimen>
    <dimen name="x105">146.81dp</dimen>
    <dimen name="x106">148.20dp</dimen>
    <dimen name="x107">149.60dp</dimen>
    <dimen name="x108">151.00dp</dimen>
    <dimen name="x109">152.40dp</dimen>
    <dimen name="x110">153.80dp</dimen>
    <dimen name="x111">155.19dp</dimen>
    <dimen name="x112">156.59dp</dimen>
    <dimen name="x113">157.99dp</dimen>
    <dimen name="x114">159.39dp</dimen>
    <dimen name="x115">160.79dp</dimen>
    <dimen name="x116">162.19dp</dimen>
    <dimen name="x117">163.58dp</dimen>
    <dimen name="x118">164.98dp</dimen>
    <dimen name="x119">166.38dp</dimen>
    <dimen name="x120">167.78dp</dimen>
    <dimen name="x121">169.18dp</dimen>
    <dimen name="x122">170.57dp</dimen>
    <dimen name="x123">171.97dp</dimen>
    <dimen name="x124">173.37dp</dimen>
    <dimen name="x125">174.77dp</dimen>
    <dimen name="x126">176.17dp</dimen>
    <dimen name="x127">177.56dp</dimen>
    <dimen name="x128">178.96dp</dimen>
    <dimen name="x129">180.36dp</dimen>
    <dimen name="x130">181.76dp</dimen>
    <dimen name="x131">183.16dp</dimen>
    <dimen name="x132">184.56dp</dimen>
    <dimen name="x133">185.95dp</dimen>
    <dimen name="x134">187.35dp</dimen>
    <dimen name="x135">188.75dp</dimen>
    <dimen name="x136">190.15dp</dimen>
    <dimen name="x137">191.55dp</dimen>
    <dimen name="x138">192.94dp</dimen>
    <dimen name="x139">194.34dp</dimen>
    <dimen name="x140">195.74dp</dimen>
    <dimen name="x141">197.14dp</dimen>
    <dimen name="x142">198.54dp</dimen>
    <dimen name="x143">199.94dp</dimen>
    <dimen name="x144">201.33dp</dimen>
    <dimen name="x145">202.73dp</dimen>
    <dimen name="x146">204.13dp</dimen>
    <dimen name="x147">205.53dp</dimen>
    <dimen name="x148">206.93dp</dimen>
    <dimen name="x149">208.32dp</dimen>
    <dimen name="x150">209.72dp</dimen>
    <dimen name="x151">211.12dp</dimen>
    <dimen name="x152">212.52dp</dimen>
    <dimen name="x153">213.92dp</dimen>
    <dimen name="x154">215.31dp</dimen>
    <dimen name="x155">216.71dp</dimen>
    <dimen name="x156">218.11dp</dimen>
    <dimen name="x157">219.51dp</dimen>
    <dimen name="x158">220.91dp</dimen>
    <dimen name="x159">222.31dp</dimen>
    <dimen name="x160">223.70dp</dimen>
    <dimen name="x161">225.10dp</dimen>
    <dimen name="x162">226.50dp</dimen>
    <dimen name="x163">227.90dp</dimen>
    <dimen name="x164">229.30dp</dimen>
    <dimen name="x165">230.69dp</dimen>
    <dimen name="x166">232.09dp</dimen>
    <dimen name="x167">233.49dp</dimen>
    <dimen name="x168">234.89dp</dimen>
    <dimen name="x169">236.29dp</dimen>
    <dimen name="x170">237.69dp</dimen>
    <dimen name="x171">239.08dp</dimen>
    <dimen name="x172">240.48dp</dimen>
    <dimen name="x173">241.88dp</dimen>
    <dimen name="x174">243.28dp</dimen>
    <dimen name="x175">244.68dp</dimen>
    <dimen name="x176">246.07dp</dimen>
    <dimen name="x177">247.47dp</dimen>
    <dimen name="x178">248.87dp</dimen>
    <dimen name="x179">250.27dp</dimen>
    <dimen name="x180">251.67dp</dimen>
    <dimen name="x181">253.06dp</dimen>
    <dimen name="x182">254.46dp</dimen>
    <dimen name="x183">255.86dp</dimen>
    <dimen name="x184">257.26dp</dimen>
    <dimen name="x185">258.66dp</dimen>
    <dimen name="x186">260.06dp</dimen>
    <dimen name="x187">261.45dp</dimen>
    <dimen name="x188">262.85dp</dimen>
    <dimen name="x189">264.25dp</dimen>
    <dimen name="x190">265.65dp</dimen>
    <dimen name="x191">267.05dp</dimen>
    <dimen name="x192">268.44dp</dimen>
    <dimen name="x193">269.84dp</dimen>
    <dimen name="x194">271.24dp</dimen>
    <dimen name="x195">272.64dp</dimen>
    <dimen name="x196">274.04dp</dimen>
    <dimen name="x197">275.44dp</dimen>
    <dimen name="x198">276.83dp</dimen>
    <dimen name="x199">278.23dp</dimen>
    <dimen name="x200">279.63dp</dimen>
    <dimen name="x201">281.03dp</dimen>
    <dimen name="x202">282.43dp</dimen>
    <dimen name="x203">283.82dp</dimen>
    <dimen name="x204">285.22dp</dimen>
    <dimen name="x205">286.62dp</dimen>
    <dimen name="x206">288.02dp</dimen>
    <dimen name="x207">289.42dp</dimen>
    <dimen name="x208">290.81dp</dimen>
    <dimen name="x209">292.21dp</dimen>
    <dimen name="x210">293.61dp</dimen>
    <dimen name="x211">295.01dp</dimen>
    <dimen name="x212">296.41dp</dimen>
    <dimen name="x213">297.81dp</dimen>
    <dimen name="x214">299.20dp</dimen>
    <dimen name="x215">300.60dp</dimen>
    <dimen name="x216">302.00dp</dimen>
    <dimen name="x217">303.40dp</dimen>
    <dimen name="x218">304.80dp</dimen>
    <dimen name="x219">306.19dp</dimen>
    <dimen name="x220">307.59dp</dimen>
    <dimen name="x221">308.99dp</dimen>
    <dimen name="x222">310.39dp</dimen>
    <dimen name="x223">311.79dp</dimen>
    <dimen name="x224">313.19dp</dimen>
    <dimen name="x225">314.58dp</dimen>
    <dimen name="x226">315.98dp</dimen>
    <dimen name="x227">317.38dp</dimen>
    <dimen name="x228">318.78dp</dimen>
    <dimen name="x229">320.18dp</dimen>
    <dimen name="x230">321.57dp</dimen>
    <dimen name="x231">322.97dp</dimen>
    <dimen name="x232">324.37dp</dimen>
    <dimen name="x233">325.77dp</dimen>
    <dimen name="x234">327.17dp</dimen>
    <dimen name="x235">328.56dp</dimen>
    <dimen name="x236">329.96dp</dimen>
    <dimen name="x237">331.36dp</dimen>
    <dimen name="x238">332.76dp</dimen>
    <dimen name="x239">334.16dp</dimen>
    <dimen name="x240">335.56dp</dimen>
    <dimen name="x241">336.95dp</dimen>
    <dimen name="x242">338.35dp</dimen>
    <dimen name="x243">339.75dp</dimen>
    <dimen name="x244">341.15dp</dimen>
    <dimen name="x245">342.55dp</dimen>
    <dimen name="x246">343.94dp</dimen>
    <dimen name="x247">345.34dp</dimen>
    <dimen name="x248">346.74dp</dimen>
    <dimen name="x249">348.14dp</dimen>
    <dimen name="x250">349.54dp</dimen>
    <dimen name="x251">350.94dp</dimen>
    <dimen name="x252">352.33dp</dimen>
    <dimen name="x253">353.73dp</dimen>
    <dimen name="x254">355.13dp</dimen>
    <dimen name="x255">356.53dp</dimen>
    <dimen name="x256">357.93dp</dimen>
    <dimen name="x257">359.32dp</dimen>
    <dimen name="x258">360.72dp</dimen>
    <dimen name="x259">362.12dp</dimen>
    <dimen name="x260">363.52dp</dimen>
    <dimen name="x261">364.92dp</dimen>
    <dimen name="x262">366.31dp</dimen>
    <dimen name="x263">367.71dp</dimen>
    <dimen name="x264">369.11dp</dimen>
    <dimen name="x265">370.51dp</dimen>
    <dimen name="x266">371.91dp</dimen>
    <dimen name="x267">373.31dp</dimen>
    <dimen name="x268">374.70dp</dimen>
    <dimen name="x269">376.10dp</dimen>
    <dimen name="x270">377.50dp</dimen>
    <dimen name="x271">378.90dp</dimen>
    <dimen name="x272">380.30dp</dimen>
    <dimen name="x273">381.69dp</dimen>
    <dimen name="x274">383.09dp</dimen>
    <dimen name="x275">384.49dp</dimen>
    <dimen name="x276">385.89dp</dimen>
    <dimen name="x277">387.29dp</dimen>
    <dimen name="x278">388.69dp</dimen>
    <dimen name="x279">390.08dp</dimen>
    <dimen name="x280">391.48dp</dimen>
    <dimen name="x281">392.88dp</dimen>
    <dimen name="x282">394.28dp</dimen>
    <dimen name="x283">395.68dp</dimen>
    <dimen name="x284">397.07dp</dimen>
    <dimen name="x285">398.47dp</dimen>
    <dimen name="x286">399.87dp</dimen>
    <dimen name="x287">401.27dp</dimen>
    <dimen name="x288">402.67dp</dimen>
    <dimen name="x289">404.06dp</dimen>
    <dimen name="x290">405.46dp</dimen>
    <dimen name="x291">406.86dp</dimen>
    <dimen name="x292">408.26dp</dimen>
    <dimen name="x293">409.66dp</dimen>
    <dimen name="x294">411.06dp</dimen>
    <dimen name="x295">412.45dp</dimen>
    <dimen name="x296">413.85dp</dimen>
    <dimen name="x297">415.25dp</dimen>
    <dimen name="x298">416.65dp</dimen>
    <dimen name="x299">418.05dp</dimen>
    <dimen name="x300">419.44dp</dimen>
    <dimen name="x301">420.84dp</dimen>
    <dimen name="x302">422.24dp</dimen>
    <dimen name="x303">423.64dp</dimen>
    <dimen name="x304">425.04dp</dimen>
    <dimen name="x305">426.44dp</dimen>
    <dimen name="x306">427.83dp</dimen>
    <dimen name="x307">429.23dp</dimen>
    <dimen name="x308">430.63dp</dimen>
    <dimen name="x309">432.03dp</dimen>
    <dimen name="x310">433.43dp</dimen>
    <dimen name="x311">434.82dp</dimen>
    <dimen name="x312">436.22dp</dimen>
    <dimen name="x313">437.62dp</dimen>
    <dimen name="x314">439.02dp</dimen>
    <dimen name="x315">440.42dp</dimen>
    <dimen name="x316">441.81dp</dimen>
    <dimen name="x317">443.21dp</dimen>
    <dimen name="x318">444.61dp</dimen>
    <dimen name="x319">446.01dp</dimen>
    <dimen name="x320">447.41dp</dimen>
    <dimen name="x321">448.81dp</dimen>
    <dimen name="x322">450.20dp</dimen>
    <dimen name="x323">451.60dp</dimen>
    <dimen name="x324">453.00dp</dimen>
    <dimen name="x325">454.40dp</dimen>
    <dimen name="x326">455.80dp</dimen>
    <dimen name="x327">457.19dp</dimen>
    <dimen name="x328">458.59dp</dimen>
    <dimen name="x329">459.99dp</dimen>
    <dimen name="x330">461.39dp</dimen>
    <dimen name="x331">462.79dp</dimen>
    <dimen name="x332">464.19dp</dimen>
    <dimen name="x333">465.58dp</dimen>
    <dimen name="x334">466.98dp</dimen>
    <dimen name="x335">468.38dp</dimen>
    <dimen name="x336">469.78dp</dimen>
    <dimen name="x337">471.18dp</dimen>
    <dimen name="x338">472.57dp</dimen>
    <dimen name="x339">473.97dp</dimen>
    <dimen name="x340">475.37dp</dimen>
    <dimen name="x341">476.77dp</dimen>
    <dimen name="x342">478.17dp</dimen>
    <dimen name="x343">479.56dp</dimen>
    <dimen name="x344">480.96dp</dimen>
    <dimen name="x345">482.36dp</dimen>
    <dimen name="x346">483.76dp</dimen>
    <dimen name="x347">485.16dp</dimen>
    <dimen name="x348">486.56dp</dimen>
    <dimen name="x349">487.95dp</dimen>
    <dimen name="x350">489.35dp</dimen>
    <dimen name="x351">490.75dp</dimen>
    <dimen name="x352">492.15dp</dimen>
    <dimen name="x353">493.55dp</dimen>
    <dimen name="x354">494.94dp</dimen>
    <dimen name="x355">496.34dp</dimen>
    <dimen name="x356">497.74dp</dimen>
    <dimen name="x357">499.14dp</dimen>
    <dimen name="x358">500.54dp</dimen>
    <dimen name="x359">501.94dp</dimen>
    <dimen name="x360">503.33dp</dimen>
    <dimen name="x361">504.73dp</dimen>
    <dimen name="x362">506.13dp</dimen>
    <dimen name="x363">507.53dp</dimen>
    <dimen name="x364">508.93dp</dimen>
    <dimen name="x365">510.32dp</dimen>
    <dimen name="x366">511.72dp</dimen>
    <dimen name="x367">513.12dp</dimen>
    <dimen name="x368">514.52dp</dimen>
    <dimen name="x369">515.92dp</dimen>
    <dimen name="x370">517.31dp</dimen>
    <dimen name="x371">518.71dp</dimen>
    <dimen name="x372">520.11dp</dimen>
    <dimen name="x373">521.51dp</dimen>
    <dimen name="x374">522.91dp</dimen>
    <dimen name="x375">524.31dp</dimen>
    <dimen name="x376">525.70dp</dimen>
    <dimen name="x377">527.10dp</dimen>
    <dimen name="x378">528.50dp</dimen>
    <dimen name="x379">529.90dp</dimen>
    <dimen name="x380">531.30dp</dimen>
    <dimen name="x381">532.69dp</dimen>
    <dimen name="x382">534.09dp</dimen>
    <dimen name="x383">535.49dp</dimen>
    <dimen name="x384">536.89dp</dimen>
    <dimen name="x385">538.29dp</dimen>
    <dimen name="x386">539.69dp</dimen>
    <dimen name="x387">541.08dp</dimen>
    <dimen name="x388">542.48dp</dimen>
    <dimen name="x389">543.88dp</dimen>
    <dimen name="x390">545.28dp</dimen>
    <dimen name="x391">546.68dp</dimen>
    <dimen name="x392">548.07dp</dimen>
    <dimen name="x393">549.47dp</dimen>
    <dimen name="x394">550.87dp</dimen>
    <dimen name="x395">552.27dp</dimen>
    <dimen name="x396">553.67dp</dimen>
    <dimen name="x397">555.06dp</dimen>
    <dimen name="x398">556.46dp</dimen>
    <dimen name="x399">557.86dp</dimen>
    <dimen name="x400">559.26dp</dimen>
    <dimen name="x401">560.66dp</dimen>
    <dimen name="x402">562.06dp</dimen>
    <dimen name="x403">563.45dp</dimen>
    <dimen name="x404">564.85dp</dimen>
    <dimen name="x405">566.25dp</dimen>
    <dimen name="x406">567.65dp</dimen>
    <dimen name="x407">569.05dp</dimen>
    <dimen name="x408">570.44dp</dimen>
    <dimen name="x409">571.84dp</dimen>
    <dimen name="x410">573.24dp</dimen>
    <dimen name="x411">574.64dp</dimen>
    <dimen name="x412">576.04dp</dimen>
    <dimen name="x413">577.44dp</dimen>
    <dimen name="x414">578.83dp</dimen>
    <dimen name="x415">580.23dp</dimen>
    <dimen name="x416">581.63dp</dimen>
    <dimen name="x417">583.03dp</dimen>
    <dimen name="x418">584.43dp</dimen>
    <dimen name="x419">585.82dp</dimen>
    <dimen name="x420">587.22dp</dimen>
    <dimen name="x421">588.62dp</dimen>
    <dimen name="x422">590.02dp</dimen>
    <dimen name="x423">591.42dp</dimen>
    <dimen name="x424">592.81dp</dimen>
    <dimen name="x425">594.21dp</dimen>
    <dimen name="x426">595.61dp</dimen>
    <dimen name="x427">597.01dp</dimen>
    <dimen name="x428">598.41dp</dimen>
    <dimen name="x429">599.81dp</dimen>
    <dimen name="x430">601.20dp</dimen>
    <dimen name="x431">602.60dp</dimen>
    <dimen name="x432">604.00dp</dimen>
    <dimen name="x433">605.40dp</dimen>
    <dimen name="x434">606.80dp</dimen>
    <dimen name="x435">608.19dp</dimen>
    <dimen name="x436">609.59dp</dimen>
    <dimen name="x437">610.99dp</dimen>
    <dimen name="x438">612.39dp</dimen>
    <dimen name="x439">613.79dp</dimen>
    <dimen name="x440">615.19dp</dimen>
    <dimen name="x441">616.58dp</dimen>
    <dimen name="x442">617.98dp</dimen>
    <dimen name="x443">619.38dp</dimen>
    <dimen name="x444">620.78dp</dimen>
    <dimen name="x445">622.18dp</dimen>
    <dimen name="x446">623.57dp</dimen>
    <dimen name="x447">624.97dp</dimen>
    <dimen name="x448">626.37dp</dimen>
    <dimen name="x449">627.77dp</dimen>
    <dimen name="x450">629.17dp</dimen>
    <dimen name="x451">630.56dp</dimen>
    <dimen name="x452">631.96dp</dimen>
    <dimen name="x453">633.36dp</dimen>
    <dimen name="x454">634.76dp</dimen>
    <dimen name="x455">636.16dp</dimen>
    <dimen name="x456">637.56dp</dimen>
    <dimen name="x457">638.95dp</dimen>
    <dimen name="x458">640.35dp</dimen>
    <dimen name="x459">641.75dp</dimen>
    <dimen name="x460">643.15dp</dimen>
    <dimen name="x461">644.55dp</dimen>
    <dimen name="x462">645.94dp</dimen>
    <dimen name="x463">647.34dp</dimen>
    <dimen name="x464">648.74dp</dimen>
    <dimen name="x465">650.14dp</dimen>
    <dimen name="x466">651.54dp</dimen>
    <dimen name="x467">652.94dp</dimen>
    <dimen name="x468">654.33dp</dimen>
    <dimen name="x469">655.73dp</dimen>
    <dimen name="x470">657.13dp</dimen>
    <dimen name="x471">658.53dp</dimen>
    <dimen name="x472">659.93dp</dimen>
    <dimen name="x473">661.32dp</dimen>
    <dimen name="x474">662.72dp</dimen>
    <dimen name="x475">664.12dp</dimen>
    <dimen name="x476">665.52dp</dimen>
    <dimen name="x477">666.92dp</dimen>
    <dimen name="x478">668.31dp</dimen>
    <dimen name="x479">669.71dp</dimen>
    <dimen name="x480">671.11dp</dimen>
    <dimen name="x481">672.51dp</dimen>
    <dimen name="x482">673.91dp</dimen>
    <dimen name="x483">675.31dp</dimen>
    <dimen name="x484">676.70dp</dimen>
    <dimen name="x485">678.10dp</dimen>
    <dimen name="x486">679.50dp</dimen>
    <dimen name="x487">680.90dp</dimen>
    <dimen name="x488">682.30dp</dimen>
    <dimen name="x489">683.69dp</dimen>
    <dimen name="x490">685.09dp</dimen>
    <dimen name="x491">686.49dp</dimen>
    <dimen name="x492">687.89dp</dimen>
    <dimen name="x493">689.29dp</dimen>
    <dimen name="x494">690.69dp</dimen>
    <dimen name="x495">692.08dp</dimen>
    <dimen name="x496">693.48dp</dimen>
    <dimen name="x497">694.88dp</dimen>
    <dimen name="x498">696.28dp</dimen>
    <dimen name="x499">697.68dp</dimen>
    <dimen name="x500">699.07dp</dimen>
    <dimen name="x501">700.47dp</dimen>
    <dimen name="x502">701.87dp</dimen>
    <dimen name="x503">703.27dp</dimen>
    <dimen name="x504">704.67dp</dimen>
    <dimen name="x505">706.06dp</dimen>
    <dimen name="x506">707.46dp</dimen>
    <dimen name="x507">708.86dp</dimen>
    <dimen name="x508">710.26dp</dimen>
    <dimen name="x509">711.66dp</dimen>
    <dimen name="x510">713.06dp</dimen>
    <dimen name="x511">714.45dp</dimen>
    <dimen name="x512">715.85dp</dimen>
    <dimen name="x513">717.25dp</dimen>
    <dimen name="x514">718.65dp</dimen>
    <dimen name="x515">720.05dp</dimen>
    <dimen name="x516">721.44dp</dimen>
    <dimen name="x517">722.84dp</dimen>
    <dimen name="x518">724.24dp</dimen>
    <dimen name="x519">725.64dp</dimen>
    <dimen name="x520">727.04dp</dimen>
    <dimen name="x521">728.44dp</dimen>
    <dimen name="x522">729.83dp</dimen>
    <dimen name="x523">731.23dp</dimen>
    <dimen name="x524">732.63dp</dimen>
    <dimen name="x525">734.03dp</dimen>
    <dimen name="x526">735.43dp</dimen>
    <dimen name="x527">736.82dp</dimen>
    <dimen name="x528">738.22dp</dimen>
    <dimen name="x529">739.62dp</dimen>
    <dimen name="x530">741.02dp</dimen>
    <dimen name="x531">742.42dp</dimen>
    <dimen name="x532">743.81dp</dimen>
    <dimen name="x533">745.21dp</dimen>
    <dimen name="x534">746.61dp</dimen>
    <dimen name="x535">748.01dp</dimen>
    <dimen name="x536">749.41dp</dimen>
    <dimen name="x537">750.81dp</dimen>
    <dimen name="x538">752.20dp</dimen>
    <dimen name="x539">753.60dp</dimen>
    <dimen name="x540">755.00dp</dimen>
    <dimen name="x541">756.40dp</dimen>
    <dimen name="x542">757.80dp</dimen>
    <dimen name="x543">759.19dp</dimen>
    <dimen name="x544">760.59dp</dimen>
    <dimen name="x545">761.99dp</dimen>
    <dimen name="x546">763.39dp</dimen>
    <dimen name="x547">764.79dp</dimen>
    <dimen name="x548">766.19dp</dimen>
    <dimen name="x549">767.58dp</dimen>
    <dimen name="x550">768.98dp</dimen>
    <dimen name="x551">770.38dp</dimen>
    <dimen name="x552">771.78dp</dimen>
    <dimen name="x553">773.18dp</dimen>
    <dimen name="x554">774.57dp</dimen>
    <dimen name="x555">775.97dp</dimen>
    <dimen name="x556">777.37dp</dimen>
    <dimen name="x557">778.77dp</dimen>
    <dimen name="x558">780.17dp</dimen>
    <dimen name="x559">781.56dp</dimen>
    <dimen name="x560">782.96dp</dimen>
    <dimen name="x561">784.36dp</dimen>
    <dimen name="x562">785.76dp</dimen>
    <dimen name="x563">787.16dp</dimen>
    <dimen name="x564">788.56dp</dimen>
    <dimen name="x565">789.95dp</dimen>
    <dimen name="x566">791.35dp</dimen>
    <dimen name="x567">792.75dp</dimen>
    <dimen name="x568">794.15dp</dimen>
    <dimen name="x569">795.55dp</dimen>
    <dimen name="x570">796.94dp</dimen>
    <dimen name="x571">798.34dp</dimen>
    <dimen name="x572">799.74dp</dimen>
    <dimen name="x573">801.14dp</dimen>
    <dimen name="x574">802.54dp</dimen>
    <dimen name="x575">803.94dp</dimen>
    <dimen name="x576">805.33dp</dimen>
    <dimen name="x577">806.73dp</dimen>
    <dimen name="x578">808.13dp</dimen>
    <dimen name="x579">809.53dp</dimen>
    <dimen name="x580">810.93dp</dimen>
    <dimen name="x581">812.32dp</dimen>
    <dimen name="x582">813.72dp</dimen>
    <dimen name="x583">815.12dp</dimen>
    <dimen name="x584">816.52dp</dimen>
    <dimen name="x585">817.92dp</dimen>
    <dimen name="x586">819.31dp</dimen>
    <dimen name="x587">820.71dp</dimen>
    <dimen name="x588">822.11dp</dimen>
    <dimen name="x589">823.51dp</dimen>
    <dimen name="x590">824.91dp</dimen>
    <dimen name="x591">826.31dp</dimen>
    <dimen name="x592">827.70dp</dimen>
    <dimen name="x593">829.10dp</dimen>
    <dimen name="x594">830.50dp</dimen>
    <dimen name="x595">831.90dp</dimen>
    <dimen name="x596">833.30dp</dimen>
    <dimen name="x597">834.69dp</dimen>
    <dimen name="x598">836.09dp</dimen>
    <dimen name="x599">837.49dp</dimen>
    <dimen name="x600">838.89dp</dimen>
    <dimen name="x601">840.29dp</dimen>
    <dimen name="x602">841.69dp</dimen>
    <dimen name="x603">843.08dp</dimen>
    <dimen name="x604">844.48dp</dimen>
    <dimen name="x605">845.88dp</dimen>
    <dimen name="x606">847.28dp</dimen>
    <dimen name="x607">848.68dp</dimen>
    <dimen name="x608">850.07dp</dimen>
    <dimen name="x609">851.47dp</dimen>
    <dimen name="x610">852.87dp</dimen>
    <dimen name="x611">854.27dp</dimen>
    <dimen name="x612">855.67dp</dimen>
    <dimen name="x613">857.06dp</dimen>
    <dimen name="x614">858.46dp</dimen>
    <dimen name="x615">859.86dp</dimen>
    <dimen name="x616">861.26dp</dimen>
    <dimen name="x617">862.66dp</dimen>
    <dimen name="x618">864.06dp</dimen>
    <dimen name="x619">865.45dp</dimen>
    <dimen name="x620">866.85dp</dimen>
    <dimen name="x621">868.25dp</dimen>
    <dimen name="x622">869.65dp</dimen>
    <dimen name="x623">871.05dp</dimen>
    <dimen name="x624">872.44dp</dimen>
    <dimen name="x625">873.84dp</dimen>
    <dimen name="x626">875.24dp</dimen>
    <dimen name="x627">876.64dp</dimen>
    <dimen name="x628">878.04dp</dimen>
    <dimen name="x629">879.44dp</dimen>
    <dimen name="x630">880.83dp</dimen>
    <dimen name="x631">882.23dp</dimen>
    <dimen name="x632">883.63dp</dimen>
    <dimen name="x633">885.03dp</dimen>
    <dimen name="x634">886.43dp</dimen>
    <dimen name="x635">887.82dp</dimen>
    <dimen name="x636">889.22dp</dimen>
    <dimen name="x637">890.62dp</dimen>
    <dimen name="x638">892.02dp</dimen>
    <dimen name="x639">893.42dp</dimen>
    <dimen name="x640">894.81dp</dimen>
    <dimen name="x641">896.21dp</dimen>
    <dimen name="x642">897.61dp</dimen>
    <dimen name="x643">899.01dp</dimen>
    <dimen name="x644">900.41dp</dimen>
    <dimen name="x645">901.81dp</dimen>
    <dimen name="x646">903.20dp</dimen>
    <dimen name="x647">904.60dp</dimen>
    <dimen name="x648">906.00dp</dimen>
    <dimen name="x649">907.40dp</dimen>
    <dimen name="x650">908.80dp</dimen>
    <dimen name="x651">910.19dp</dimen>
    <dimen name="x652">911.59dp</dimen>
    <dimen name="x653">912.99dp</dimen>
    <dimen name="x654">914.39dp</dimen>
    <dimen name="x655">915.79dp</dimen>
    <dimen name="x656">917.19dp</dimen>
    <dimen name="x657">918.58dp</dimen>
    <dimen name="x658">919.98dp</dimen>
    <dimen name="x659">921.38dp</dimen>
    <dimen name="x660">922.78dp</dimen>
    <dimen name="x661">924.18dp</dimen>
    <dimen name="x662">925.57dp</dimen>
    <dimen name="x663">926.97dp</dimen>
    <dimen name="x664">928.37dp</dimen>
    <dimen name="x665">929.77dp</dimen>
    <dimen name="x666">931.17dp</dimen>
    <dimen name="x667">932.56dp</dimen>
    <dimen name="x668">933.96dp</dimen>
    <dimen name="x669">935.36dp</dimen>
    <dimen name="x670">936.76dp</dimen>
    <dimen name="x671">938.16dp</dimen>
    <dimen name="x672">939.56dp</dimen>
    <dimen name="x673">940.95dp</dimen>
    <dimen name="x674">942.35dp</dimen>
    <dimen name="x675">943.75dp</dimen>
    <dimen name="x676">945.15dp</dimen>
    <dimen name="x677">946.55dp</dimen>
    <dimen name="x678">947.94dp</dimen>
    <dimen name="x679">949.34dp</dimen>
    <dimen name="x680">950.74dp</dimen>
    <dimen name="x681">952.14dp</dimen>
    <dimen name="x682">953.54dp</dimen>
    <dimen name="x683">954.94dp</dimen>
    <dimen name="x684">956.33dp</dimen>
    <dimen name="x685">957.73dp</dimen>
    <dimen name="x686">959.13dp</dimen>
    <dimen name="x687">960.53dp</dimen>
    <dimen name="x688">961.93dp</dimen>
    <dimen name="x689">963.32dp</dimen>
    <dimen name="x690">964.72dp</dimen>
    <dimen name="x691">966.12dp</dimen>
    <dimen name="x692">967.52dp</dimen>
    <dimen name="x693">968.92dp</dimen>
    <dimen name="x694">970.31dp</dimen>
    <dimen name="x695">971.71dp</dimen>
    <dimen name="x696">973.11dp</dimen>
    <dimen name="x697">974.51dp</dimen>
    <dimen name="x698">975.91dp</dimen>
    <dimen name="x699">977.31dp</dimen>
    <dimen name="x700">978.70dp</dimen>
    <dimen name="x701">980.10dp</dimen>
    <dimen name="x702">981.50dp</dimen>
    <dimen name="x703">982.90dp</dimen>
    <dimen name="x704">984.30dp</dimen>
    <dimen name="x705">985.69dp</dimen>
    <dimen name="x706">987.09dp</dimen>
    <dimen name="x707">988.49dp</dimen>
    <dimen name="x708">989.89dp</dimen>
    <dimen name="x709">991.29dp</dimen>
    <dimen name="x710">992.69dp</dimen>
    <dimen name="x711">994.08dp</dimen>
    <dimen name="x712">995.48dp</dimen>
    <dimen name="x713">996.88dp</dimen>
    <dimen name="x714">998.28dp</dimen>
    <dimen name="x715">999.68dp</dimen>
    <dimen name="x716">1001.07dp</dimen>
    <dimen name="x717">1002.47dp</dimen>
    <dimen name="x718">1003.87dp</dimen>
    <dimen name="x719">1005.27dp</dimen>
    <dimen name="x720">1006.67dp</dimen>
    <dimen name="x721">1008.06dp</dimen>
    <dimen name="x722">1009.46dp</dimen>
    <dimen name="x723">1010.86dp</dimen>
    <dimen name="x724">1012.26dp</dimen>
    <dimen name="x725">1013.66dp</dimen>
    <dimen name="x726">1015.06dp</dimen>
    <dimen name="x727">1016.45dp</dimen>
    <dimen name="x728">1017.85dp</dimen>
    <dimen name="x729">1019.25dp</dimen>
    <dimen name="x730">1020.65dp</dimen>
    <dimen name="x731">1022.05dp</dimen>
    <dimen name="x732">1023.44dp</dimen>
    <dimen name="x733">1024.84dp</dimen>
    <dimen name="x734">1026.24dp</dimen>
    <dimen name="x735">1027.64dp</dimen>
    <dimen name="x736">1029.04dp</dimen>
    <dimen name="x737">1030.44dp</dimen>
    <dimen name="x738">1031.83dp</dimen>
    <dimen name="x739">1033.23dp</dimen>
    <dimen name="x740">1034.63dp</dimen>
    <dimen name="x741">1036.03dp</dimen>
    <dimen name="x742">1037.43dp</dimen>
    <dimen name="x743">1038.82dp</dimen>
    <dimen name="x744">1040.22dp</dimen>
    <dimen name="x745">1041.62dp</dimen>
    <dimen name="x746">1043.02dp</dimen>
    <dimen name="x747">1044.42dp</dimen>
    <dimen name="x748">1045.81dp</dimen>
    <dimen name="x749">1047.21dp</dimen>
    <dimen name="x750">1048.61dp</dimen>
    <dimen name="x751">1050.01dp</dimen>
    <dimen name="x752">1051.41dp</dimen>
    <dimen name="x753">1052.81dp</dimen>
    <dimen name="x754">1054.20dp</dimen>
    <dimen name="x755">1055.60dp</dimen>
    <dimen name="x756">1057.00dp</dimen>
    <dimen name="x757">1058.40dp</dimen>
    <dimen name="x758">1059.80dp</dimen>
    <dimen name="x759">1061.19dp</dimen>
    <dimen name="x760">1062.59dp</dimen>
    <dimen name="x761">1063.99dp</dimen>
    <dimen name="x762">1065.39dp</dimen>
    <dimen name="x763">1066.79dp</dimen>
    <dimen name="x764">1068.19dp</dimen>
    <dimen name="x765">1069.58dp</dimen>
    <dimen name="x766">1070.98dp</dimen>
    <dimen name="x767">1072.38dp</dimen>
    <dimen name="x768">1073.78dp</dimen>
    <dimen name="x769">1075.18dp</dimen>
    <dimen name="x770">1076.57dp</dimen>
    <dimen name="x771">1077.97dp</dimen>
    <dimen name="x772">1079.37dp</dimen>
    <dimen name="x773">1080.77dp</dimen>
    <dimen name="x774">1082.17dp</dimen>
    <dimen name="x775">1083.56dp</dimen>
    <dimen name="x776">1084.96dp</dimen>
    <dimen name="x777">1086.36dp</dimen>
    <dimen name="x778">1087.76dp</dimen>
    <dimen name="x779">1089.16dp</dimen>
    <dimen name="x780">1090.56dp</dimen>
    <dimen name="x781">1091.95dp</dimen>
    <dimen name="x782">1093.35dp</dimen>
    <dimen name="x783">1094.75dp</dimen>
    <dimen name="x784">1096.15dp</dimen>
    <dimen name="x785">1097.55dp</dimen>
    <dimen name="x786">1098.94dp</dimen>
    <dimen name="x787">1100.34dp</dimen>
    <dimen name="x788">1101.74dp</dimen>
    <dimen name="x789">1103.14dp</dimen>
    <dimen name="x790">1104.54dp</dimen>
    <dimen name="x791">1105.94dp</dimen>
    <dimen name="x792">1107.33dp</dimen>
    <dimen name="x793">1108.73dp</dimen>
    <dimen name="x794">1110.13dp</dimen>
    <dimen name="x795">1111.53dp</dimen>
    <dimen name="x796">1112.93dp</dimen>
    <dimen name="x797">1114.32dp</dimen>
    <dimen name="x798">1115.72dp</dimen>
    <dimen name="x799">1117.12dp</dimen>
    <dimen name="x800">1118.52dp</dimen>
    <dimen name="x801">1119.92dp</dimen>
    <dimen name="x802">1121.31dp</dimen>
    <dimen name="x803">1122.71dp</dimen>
    <dimen name="x804">1124.11dp</dimen>
    <dimen name="x805">1125.51dp</dimen>
    <dimen name="x806">1126.91dp</dimen>
    <dimen name="x807">1128.31dp</dimen>
    <dimen name="x808">1129.70dp</dimen>
    <dimen name="x809">1131.10dp</dimen>
    <dimen name="x810">1132.50dp</dimen>
    <dimen name="x811">1133.90dp</dimen>
    <dimen name="x812">1135.30dp</dimen>
    <dimen name="x813">1136.69dp</dimen>
    <dimen name="x814">1138.09dp</dimen>
    <dimen name="x815">1139.49dp</dimen>
    <dimen name="x816">1140.89dp</dimen>
    <dimen name="x817">1142.29dp</dimen>
    <dimen name="x818">1143.69dp</dimen>
    <dimen name="x819">1145.08dp</dimen>
    <dimen name="x820">1146.48dp</dimen>
    <dimen name="x821">1147.88dp</dimen>
    <dimen name="x822">1149.28dp</dimen>
    <dimen name="x823">1150.68dp</dimen>
    <dimen name="x824">1152.07dp</dimen>
    <dimen name="x825">1153.47dp</dimen>
    <dimen name="x826">1154.87dp</dimen>
    <dimen name="x827">1156.27dp</dimen>
    <dimen name="x828">1157.67dp</dimen>
    <dimen name="x829">1159.06dp</dimen>
    <dimen name="x830">1160.46dp</dimen>
    <dimen name="x831">1161.86dp</dimen>
    <dimen name="x832">1163.26dp</dimen>
    <dimen name="x833">1164.66dp</dimen>
    <dimen name="x834">1166.06dp</dimen>
    <dimen name="x835">1167.45dp</dimen>
    <dimen name="x836">1168.85dp</dimen>
    <dimen name="x837">1170.25dp</dimen>
    <dimen name="x838">1171.65dp</dimen>
    <dimen name="x839">1173.05dp</dimen>
    <dimen name="x840">1174.44dp</dimen>
    <dimen name="x841">1175.84dp</dimen>
    <dimen name="x842">1177.24dp</dimen>
    <dimen name="x843">1178.64dp</dimen>
    <dimen name="x844">1180.04dp</dimen>
    <dimen name="x845">1181.44dp</dimen>
    <dimen name="x846">1182.83dp</dimen>
    <dimen name="x847">1184.23dp</dimen>
    <dimen name="x848">1185.63dp</dimen>
    <dimen name="x849">1187.03dp</dimen>
    <dimen name="x850">1188.43dp</dimen>
    <dimen name="x851">1189.82dp</dimen>
    <dimen name="x852">1191.22dp</dimen>
    <dimen name="x853">1192.62dp</dimen>
    <dimen name="x854">1194.02dp</dimen>
    <dimen name="x855">1195.42dp</dimen>
    <dimen name="x856">1196.81dp</dimen>
    <dimen name="x857">1198.21dp</dimen>
    <dimen name="x858">1199.61dp</dimen>
    <dimen name="x859">1201.01dp</dimen>
    <dimen name="x860">1202.41dp</dimen>
    <dimen name="x861">1203.81dp</dimen>
    <dimen name="x862">1205.20dp</dimen>
    <dimen name="x863">1206.60dp</dimen>
    <dimen name="x864">1208.00dp</dimen>
    <dimen name="x865">1209.40dp</dimen>
    <dimen name="x866">1210.80dp</dimen>
    <dimen name="x867">1212.19dp</dimen>
    <dimen name="x868">1213.59dp</dimen>
    <dimen name="x869">1214.99dp</dimen>
    <dimen name="x870">1216.39dp</dimen>
    <dimen name="x871">1217.79dp</dimen>
    <dimen name="x872">1219.19dp</dimen>
    <dimen name="x873">1220.58dp</dimen>
    <dimen name="x874">1221.98dp</dimen>
    <dimen name="x875">1223.38dp</dimen>
    <dimen name="x876">1224.78dp</dimen>
    <dimen name="x877">1226.18dp</dimen>
    <dimen name="x878">1227.57dp</dimen>
    <dimen name="x879">1228.97dp</dimen>
    <dimen name="x880">1230.37dp</dimen>
    <dimen name="x881">1231.77dp</dimen>
    <dimen name="x882">1233.17dp</dimen>
    <dimen name="x883">1234.56dp</dimen>
    <dimen name="x884">1235.96dp</dimen>
    <dimen name="x885">1237.36dp</dimen>
    <dimen name="x886">1238.76dp</dimen>
    <dimen name="x887">1240.16dp</dimen>
    <dimen name="x888">1241.56dp</dimen>
    <dimen name="x889">1242.95dp</dimen>
    <dimen name="x890">1244.35dp</dimen>
    <dimen name="x891">1245.75dp</dimen>
    <dimen name="x892">1247.15dp</dimen>
    <dimen name="x893">1248.55dp</dimen>
    <dimen name="x894">1249.94dp</dimen>
    <dimen name="x895">1251.34dp</dimen>
    <dimen name="x896">1252.74dp</dimen>
    <dimen name="x897">1254.14dp</dimen>
    <dimen name="x898">1255.54dp</dimen>
    <dimen name="x899">1256.94dp</dimen>
    <dimen name="x900">1258.33dp</dimen>
    <dimen name="x901">1259.73dp</dimen>
    <dimen name="x902">1261.13dp</dimen>
    <dimen name="x903">1262.53dp</dimen>
    <dimen name="x904">1263.93dp</dimen>
    <dimen name="x905">1265.32dp</dimen>
    <dimen name="x906">1266.72dp</dimen>
    <dimen name="x907">1268.12dp</dimen>
    <dimen name="x908">1269.52dp</dimen>
    <dimen name="x909">1270.92dp</dimen>
    <dimen name="x910">1272.31dp</dimen>
    <dimen name="x911">1273.71dp</dimen>
    <dimen name="x912">1275.11dp</dimen>
    <dimen name="x913">1276.51dp</dimen>
    <dimen name="x914">1277.91dp</dimen>
    <dimen name="x915">1279.31dp</dimen>
    <dimen name="x916">1280.70dp</dimen>
    <dimen name="x917">1282.10dp</dimen>
    <dimen name="x918">1283.50dp</dimen>
    <dimen name="x919">1284.90dp</dimen>
    <dimen name="x920">1286.30dp</dimen>
    <dimen name="x921">1287.69dp</dimen>
    <dimen name="x922">1289.09dp</dimen>
    <dimen name="x923">1290.49dp</dimen>
    <dimen name="x924">1291.89dp</dimen>
    <dimen name="x925">1293.29dp</dimen>
    <dimen name="x926">1294.69dp</dimen>
    <dimen name="x927">1296.08dp</dimen>
    <dimen name="x928">1297.48dp</dimen>
    <dimen name="x929">1298.88dp</dimen>
    <dimen name="x930">1300.28dp</dimen>
    <dimen name="x931">1301.68dp</dimen>
    <dimen name="x932">1303.07dp</dimen>
    <dimen name="x933">1304.47dp</dimen>
    <dimen name="x934">1305.87dp</dimen>
    <dimen name="x935">1307.27dp</dimen>
    <dimen name="x936">1308.67dp</dimen>
    <dimen name="x937">1310.06dp</dimen>
    <dimen name="x938">1311.46dp</dimen>
    <dimen name="x939">1312.86dp</dimen>
    <dimen name="x940">1314.26dp</dimen>
    <dimen name="x941">1315.66dp</dimen>
    <dimen name="x942">1317.06dp</dimen>
    <dimen name="x943">1318.45dp</dimen>
    <dimen name="x944">1319.85dp</dimen>
    <dimen name="x945">1321.25dp</dimen>
    <dimen name="x946">1322.65dp</dimen>
    <dimen name="x947">1324.05dp</dimen>
    <dimen name="x948">1325.44dp</dimen>
    <dimen name="x949">1326.84dp</dimen>
    <dimen name="x950">1328.24dp</dimen>
    <dimen name="x951">1329.64dp</dimen>
    <dimen name="x952">1331.04dp</dimen>
    <dimen name="x953">1332.44dp</dimen>
    <dimen name="x954">1333.83dp</dimen>
    <dimen name="x955">1335.23dp</dimen>
    <dimen name="x956">1336.63dp</dimen>
    <dimen name="x957">1338.03dp</dimen>
    <dimen name="x958">1339.43dp</dimen>
    <dimen name="x959">1340.82dp</dimen>
    <dimen name="x960">1342.22dp</dimen>
    <dimen name="x961">1343.62dp</dimen>
    <dimen name="x962">1345.02dp</dimen>
    <dimen name="x963">1346.42dp</dimen>
    <dimen name="x964">1347.81dp</dimen>
    <dimen name="x965">1349.21dp</dimen>
    <dimen name="x966">1350.61dp</dimen>
    <dimen name="x967">1352.01dp</dimen>
    <dimen name="x968">1353.41dp</dimen>
    <dimen name="x969">1354.81dp</dimen>
    <dimen name="x970">1356.20dp</dimen>
    <dimen name="x971">1357.60dp</dimen>
    <dimen name="x972">1359.00dp</dimen>
    <dimen name="x973">1360.40dp</dimen>
    <dimen name="x974">1361.80dp</dimen>
    <dimen name="x975">1363.19dp</dimen>
    <dimen name="x976">1364.59dp</dimen>
    <dimen name="x977">1365.99dp</dimen>
    <dimen name="x978">1367.39dp</dimen>
    <dimen name="x979">1368.79dp</dimen>
    <dimen name="x980">1370.19dp</dimen>
    <dimen name="x981">1371.58dp</dimen>
    <dimen name="x982">1372.98dp</dimen>
    <dimen name="x983">1374.38dp</dimen>
    <dimen name="x984">1375.78dp</dimen>
    <dimen name="x985">1377.18dp</dimen>
    <dimen name="x986">1378.57dp</dimen>
    <dimen name="x987">1379.97dp</dimen>
    <dimen name="x988">1381.37dp</dimen>
    <dimen name="x989">1382.77dp</dimen>
    <dimen name="x990">1384.17dp</dimen>
    <dimen name="x991">1385.56dp</dimen>
    <dimen name="x992">1386.96dp</dimen>
    <dimen name="x993">1388.36dp</dimen>
    <dimen name="x994">1389.76dp</dimen>
    <dimen name="x995">1391.16dp</dimen>
    <dimen name="x996">1392.56dp</dimen>
    <dimen name="x997">1393.95dp</dimen>
    <dimen name="x998">1395.35dp</dimen>
    <dimen name="x999">1396.75dp</dimen>
    <dimen name="x1000">1398.15dp</dimen>
    <dimen name="x1001">1399.55dp</dimen>
    <dimen name="x1002">1400.94dp</dimen>
    <dimen name="x1003">1402.34dp</dimen>
    <dimen name="x1004">1403.74dp</dimen>
    <dimen name="x1005">1405.14dp</dimen>
    <dimen name="x1006">1406.54dp</dimen>
    <dimen name="x1007">1407.94dp</dimen>
    <dimen name="x1008">1409.33dp</dimen>
    <dimen name="x1009">1410.73dp</dimen>
    <dimen name="x1010">1412.13dp</dimen>
    <dimen name="x1011">1413.53dp</dimen>
    <dimen name="x1012">1414.93dp</dimen>
    <dimen name="x1013">1416.32dp</dimen>
    <dimen name="x1014">1417.72dp</dimen>
    <dimen name="x1015">1419.12dp</dimen>
    <dimen name="x1016">1420.52dp</dimen>
    <dimen name="x1017">1421.92dp</dimen>
    <dimen name="x1018">1423.31dp</dimen>
    <dimen name="x1019">1424.71dp</dimen>
    <dimen name="x1020">1426.11dp</dimen>
    <dimen name="x1021">1427.51dp</dimen>
    <dimen name="x1022">1428.91dp</dimen>
    <dimen name="x1023">1430.31dp</dimen>
    <dimen name="x1024">1431.70dp</dimen>
    <dimen name="x1025">1433.10dp</dimen>
    <dimen name="x1026">1434.50dp</dimen>
    <dimen name="x1027">1435.90dp</dimen>
    <dimen name="x1028">1437.30dp</dimen>
    <dimen name="x1029">1438.69dp</dimen>
    <dimen name="x1030">1440.09dp</dimen>
    <dimen name="x1031">1441.49dp</dimen>
    <dimen name="x1032">1442.89dp</dimen>
    <dimen name="x1033">1444.29dp</dimen>
    <dimen name="x1034">1445.69dp</dimen>
    <dimen name="x1035">1447.08dp</dimen>
    <dimen name="x1036">1448.48dp</dimen>
    <dimen name="x1037">1449.88dp</dimen>
    <dimen name="x1038">1451.28dp</dimen>
    <dimen name="x1039">1452.68dp</dimen>
    <dimen name="x1040">1454.07dp</dimen>
    <dimen name="x1041">1455.47dp</dimen>
    <dimen name="x1042">1456.87dp</dimen>
    <dimen name="x1043">1458.27dp</dimen>
    <dimen name="x1044">1459.67dp</dimen>
    <dimen name="x1045">1461.06dp</dimen>
    <dimen name="x1046">1462.46dp</dimen>
    <dimen name="x1047">1463.86dp</dimen>
    <dimen name="x1048">1465.26dp</dimen>
    <dimen name="x1049">1466.66dp</dimen>
    <dimen name="x1050">1468.06dp</dimen>
    <dimen name="x1051">1469.45dp</dimen>
    <dimen name="x1052">1470.85dp</dimen>
    <dimen name="x1053">1472.25dp</dimen>
    <dimen name="x1054">1473.65dp</dimen>
    <dimen name="x1055">1475.05dp</dimen>
    <dimen name="x1056">1476.44dp</dimen>
    <dimen name="x1057">1477.84dp</dimen>
    <dimen name="x1058">1479.24dp</dimen>
    <dimen name="x1059">1480.64dp</dimen>
    <dimen name="x1060">1482.04dp</dimen>
    <dimen name="x1061">1483.44dp</dimen>
    <dimen name="x1062">1484.83dp</dimen>
    <dimen name="x1063">1486.23dp</dimen>
    <dimen name="x1064">1487.63dp</dimen>
    <dimen name="x1065">1489.03dp</dimen>
    <dimen name="x1066">1490.43dp</dimen>
    <dimen name="x1067">1491.82dp</dimen>
    <dimen name="x1068">1493.22dp</dimen>
    <dimen name="x1069">1494.62dp</dimen>
    <dimen name="x1070">1496.02dp</dimen>
    <dimen name="x1071">1497.42dp</dimen>
    <dimen name="x1072">1498.81dp</dimen>
    <dimen name="x1073">1500.21dp</dimen>
    <dimen name="x1074">1501.61dp</dimen>
    <dimen name="x1075">1503.01dp</dimen>
    <dimen name="x1076">1504.41dp</dimen>
    <dimen name="x1077">1505.81dp</dimen>
    <dimen name="x1078">1507.20dp</dimen>
    <dimen name="x1079">1508.60dp</dimen>
    <dimen name="x1080">1510.00dp</dimen>
</resources>