<?xml version="1.0" encoding="utf-8"?>
<resources>
    <string name="sw_dp">800dp</string>
    <dimen name="x1">0.74dp</dimen>
    <dimen name="x2">1.48dp</dimen>
    <dimen name="x3">2.22dp</dimen>
    <dimen name="x4">2.96dp</dimen>
    <dimen name="x5">3.70dp</dimen>
    <dimen name="x6">4.44dp</dimen>
    <dimen name="x7">5.19dp</dimen>
    <dimen name="x8">5.93dp</dimen>
    <dimen name="x9">6.67dp</dimen>
    <dimen name="x10">7.41dp</dimen>
    <dimen name="x11">8.15dp</dimen>
    <dimen name="x12">8.89dp</dimen>
    <dimen name="x13">9.63dp</dimen>
    <dimen name="x14">10.37dp</dimen>
    <dimen name="x15">11.11dp</dimen>
    <dimen name="x16">11.85dp</dimen>
    <dimen name="x17">12.59dp</dimen>
    <dimen name="x18">13.33dp</dimen>
    <dimen name="x19">14.07dp</dimen>
    <dimen name="x20">14.81dp</dimen>
    <dimen name="x21">15.56dp</dimen>
    <dimen name="x22">16.30dp</dimen>
    <dimen name="x23">17.04dp</dimen>
    <dimen name="x24">17.78dp</dimen>
    <dimen name="x25">18.52dp</dimen>
    <dimen name="x26">19.26dp</dimen>
    <dimen name="x27">20.00dp</dimen>
    <dimen name="x28">20.74dp</dimen>
    <dimen name="x29">21.48dp</dimen>
    <dimen name="x30">22.22dp</dimen>
    <dimen name="x31">22.96dp</dimen>
    <dimen name="x32">23.70dp</dimen>
    <dimen name="x33">24.44dp</dimen>
    <dimen name="x34">25.19dp</dimen>
    <dimen name="x35">25.93dp</dimen>
    <dimen name="x36">26.67dp</dimen>
    <dimen name="x37">27.41dp</dimen>
    <dimen name="x38">28.15dp</dimen>
    <dimen name="x39">28.89dp</dimen>
    <dimen name="x40">29.63dp</dimen>
    <dimen name="x41">30.37dp</dimen>
    <dimen name="x42">31.11dp</dimen>
    <dimen name="x43">31.85dp</dimen>
    <dimen name="x44">32.59dp</dimen>
    <dimen name="x45">33.33dp</dimen>
    <dimen name="x46">34.07dp</dimen>
    <dimen name="x47">34.81dp</dimen>
    <dimen name="x48">35.56dp</dimen>
    <dimen name="x49">36.30dp</dimen>
    <dimen name="x50">37.04dp</dimen>
    <dimen name="x51">37.78dp</dimen>
    <dimen name="x52">38.52dp</dimen>
    <dimen name="x53">39.26dp</dimen>
    <dimen name="x54">40.00dp</dimen>
    <dimen name="x55">40.74dp</dimen>
    <dimen name="x56">41.48dp</dimen>
    <dimen name="x57">42.22dp</dimen>
    <dimen name="x58">42.96dp</dimen>
    <dimen name="x59">43.70dp</dimen>
    <dimen name="x60">44.44dp</dimen>
    <dimen name="x61">45.19dp</dimen>
    <dimen name="x62">45.93dp</dimen>
    <dimen name="x63">46.67dp</dimen>
    <dimen name="x64">47.41dp</dimen>
    <dimen name="x65">48.15dp</dimen>
    <dimen name="x66">48.89dp</dimen>
    <dimen name="x67">49.63dp</dimen>
    <dimen name="x68">50.37dp</dimen>
    <dimen name="x69">51.11dp</dimen>
    <dimen name="x70">51.85dp</dimen>
    <dimen name="x71">52.59dp</dimen>
    <dimen name="x72">53.33dp</dimen>
    <dimen name="x73">54.07dp</dimen>
    <dimen name="x74">54.81dp</dimen>
    <dimen name="x75">55.56dp</dimen>
    <dimen name="x76">56.30dp</dimen>
    <dimen name="x77">57.04dp</dimen>
    <dimen name="x78">57.78dp</dimen>
    <dimen name="x79">58.52dp</dimen>
    <dimen name="x80">59.26dp</dimen>
    <dimen name="x81">60.00dp</dimen>
    <dimen name="x82">60.74dp</dimen>
    <dimen name="x83">61.48dp</dimen>
    <dimen name="x84">62.22dp</dimen>
    <dimen name="x85">62.96dp</dimen>
    <dimen name="x86">63.70dp</dimen>
    <dimen name="x87">64.44dp</dimen>
    <dimen name="x88">65.19dp</dimen>
    <dimen name="x89">65.93dp</dimen>
    <dimen name="x90">66.67dp</dimen>
    <dimen name="x91">67.41dp</dimen>
    <dimen name="x92">68.15dp</dimen>
    <dimen name="x93">68.89dp</dimen>
    <dimen name="x94">69.63dp</dimen>
    <dimen name="x95">70.37dp</dimen>
    <dimen name="x96">71.11dp</dimen>
    <dimen name="x97">71.85dp</dimen>
    <dimen name="x98">72.59dp</dimen>
    <dimen name="x99">73.33dp</dimen>
    <dimen name="x100">74.07dp</dimen>
    <dimen name="x101">74.81dp</dimen>
    <dimen name="x102">75.56dp</dimen>
    <dimen name="x103">76.30dp</dimen>
    <dimen name="x104">77.04dp</dimen>
    <dimen name="x105">77.78dp</dimen>
    <dimen name="x106">78.52dp</dimen>
    <dimen name="x107">79.26dp</dimen>
    <dimen name="x108">80.00dp</dimen>
    <dimen name="x109">80.74dp</dimen>
    <dimen name="x110">81.48dp</dimen>
    <dimen name="x111">82.22dp</dimen>
    <dimen name="x112">82.96dp</dimen>
    <dimen name="x113">83.70dp</dimen>
    <dimen name="x114">84.44dp</dimen>
    <dimen name="x115">85.19dp</dimen>
    <dimen name="x116">85.93dp</dimen>
    <dimen name="x117">86.67dp</dimen>
    <dimen name="x118">87.41dp</dimen>
    <dimen name="x119">88.15dp</dimen>
    <dimen name="x120">88.89dp</dimen>
    <dimen name="x121">89.63dp</dimen>
    <dimen name="x122">90.37dp</dimen>
    <dimen name="x123">91.11dp</dimen>
    <dimen name="x124">91.85dp</dimen>
    <dimen name="x125">92.59dp</dimen>
    <dimen name="x126">93.33dp</dimen>
    <dimen name="x127">94.07dp</dimen>
    <dimen name="x128">94.81dp</dimen>
    <dimen name="x129">95.56dp</dimen>
    <dimen name="x130">96.30dp</dimen>
    <dimen name="x131">97.04dp</dimen>
    <dimen name="x132">97.78dp</dimen>
    <dimen name="x133">98.52dp</dimen>
    <dimen name="x134">99.26dp</dimen>
    <dimen name="x135">100.00dp</dimen>
    <dimen name="x136">100.74dp</dimen>
    <dimen name="x137">101.48dp</dimen>
    <dimen name="x138">102.22dp</dimen>
    <dimen name="x139">102.96dp</dimen>
    <dimen name="x140">103.70dp</dimen>
    <dimen name="x141">104.44dp</dimen>
    <dimen name="x142">105.19dp</dimen>
    <dimen name="x143">105.93dp</dimen>
    <dimen name="x144">106.67dp</dimen>
    <dimen name="x145">107.41dp</dimen>
    <dimen name="x146">108.15dp</dimen>
    <dimen name="x147">108.89dp</dimen>
    <dimen name="x148">109.63dp</dimen>
    <dimen name="x149">110.37dp</dimen>
    <dimen name="x150">111.11dp</dimen>
    <dimen name="x151">111.85dp</dimen>
    <dimen name="x152">112.59dp</dimen>
    <dimen name="x153">113.33dp</dimen>
    <dimen name="x154">114.07dp</dimen>
    <dimen name="x155">114.81dp</dimen>
    <dimen name="x156">115.56dp</dimen>
    <dimen name="x157">116.30dp</dimen>
    <dimen name="x158">117.04dp</dimen>
    <dimen name="x159">117.78dp</dimen>
    <dimen name="x160">118.52dp</dimen>
    <dimen name="x161">119.26dp</dimen>
    <dimen name="x162">120.00dp</dimen>
    <dimen name="x163">120.74dp</dimen>
    <dimen name="x164">121.48dp</dimen>
    <dimen name="x165">122.22dp</dimen>
    <dimen name="x166">122.96dp</dimen>
    <dimen name="x167">123.70dp</dimen>
    <dimen name="x168">124.44dp</dimen>
    <dimen name="x169">125.19dp</dimen>
    <dimen name="x170">125.93dp</dimen>
    <dimen name="x171">126.67dp</dimen>
    <dimen name="x172">127.41dp</dimen>
    <dimen name="x173">128.15dp</dimen>
    <dimen name="x174">128.89dp</dimen>
    <dimen name="x175">129.63dp</dimen>
    <dimen name="x176">130.37dp</dimen>
    <dimen name="x177">131.11dp</dimen>
    <dimen name="x178">131.85dp</dimen>
    <dimen name="x179">132.59dp</dimen>
    <dimen name="x180">133.33dp</dimen>
    <dimen name="x181">134.07dp</dimen>
    <dimen name="x182">134.81dp</dimen>
    <dimen name="x183">135.56dp</dimen>
    <dimen name="x184">136.30dp</dimen>
    <dimen name="x185">137.04dp</dimen>
    <dimen name="x186">137.78dp</dimen>
    <dimen name="x187">138.52dp</dimen>
    <dimen name="x188">139.26dp</dimen>
    <dimen name="x189">140.00dp</dimen>
    <dimen name="x190">140.74dp</dimen>
    <dimen name="x191">141.48dp</dimen>
    <dimen name="x192">142.22dp</dimen>
    <dimen name="x193">142.96dp</dimen>
    <dimen name="x194">143.70dp</dimen>
    <dimen name="x195">144.44dp</dimen>
    <dimen name="x196">145.19dp</dimen>
    <dimen name="x197">145.93dp</dimen>
    <dimen name="x198">146.67dp</dimen>
    <dimen name="x199">147.41dp</dimen>
    <dimen name="x200">148.15dp</dimen>
    <dimen name="x201">148.89dp</dimen>
    <dimen name="x202">149.63dp</dimen>
    <dimen name="x203">150.37dp</dimen>
    <dimen name="x204">151.11dp</dimen>
    <dimen name="x205">151.85dp</dimen>
    <dimen name="x206">152.59dp</dimen>
    <dimen name="x207">153.33dp</dimen>
    <dimen name="x208">154.07dp</dimen>
    <dimen name="x209">154.81dp</dimen>
    <dimen name="x210">155.56dp</dimen>
    <dimen name="x211">156.30dp</dimen>
    <dimen name="x212">157.04dp</dimen>
    <dimen name="x213">157.78dp</dimen>
    <dimen name="x214">158.52dp</dimen>
    <dimen name="x215">159.26dp</dimen>
    <dimen name="x216">160.00dp</dimen>
    <dimen name="x217">160.74dp</dimen>
    <dimen name="x218">161.48dp</dimen>
    <dimen name="x219">162.22dp</dimen>
    <dimen name="x220">162.96dp</dimen>
    <dimen name="x221">163.70dp</dimen>
    <dimen name="x222">164.44dp</dimen>
    <dimen name="x223">165.19dp</dimen>
    <dimen name="x224">165.93dp</dimen>
    <dimen name="x225">166.67dp</dimen>
    <dimen name="x226">167.41dp</dimen>
    <dimen name="x227">168.15dp</dimen>
    <dimen name="x228">168.89dp</dimen>
    <dimen name="x229">169.63dp</dimen>
    <dimen name="x230">170.37dp</dimen>
    <dimen name="x231">171.11dp</dimen>
    <dimen name="x232">171.85dp</dimen>
    <dimen name="x233">172.59dp</dimen>
    <dimen name="x234">173.33dp</dimen>
    <dimen name="x235">174.07dp</dimen>
    <dimen name="x236">174.81dp</dimen>
    <dimen name="x237">175.56dp</dimen>
    <dimen name="x238">176.30dp</dimen>
    <dimen name="x239">177.04dp</dimen>
    <dimen name="x240">177.78dp</dimen>
    <dimen name="x241">178.52dp</dimen>
    <dimen name="x242">179.26dp</dimen>
    <dimen name="x243">180.00dp</dimen>
    <dimen name="x244">180.74dp</dimen>
    <dimen name="x245">181.48dp</dimen>
    <dimen name="x246">182.22dp</dimen>
    <dimen name="x247">182.96dp</dimen>
    <dimen name="x248">183.70dp</dimen>
    <dimen name="x249">184.44dp</dimen>
    <dimen name="x250">185.19dp</dimen>
    <dimen name="x251">185.93dp</dimen>
    <dimen name="x252">186.67dp</dimen>
    <dimen name="x253">187.41dp</dimen>
    <dimen name="x254">188.15dp</dimen>
    <dimen name="x255">188.89dp</dimen>
    <dimen name="x256">189.63dp</dimen>
    <dimen name="x257">190.37dp</dimen>
    <dimen name="x258">191.11dp</dimen>
    <dimen name="x259">191.85dp</dimen>
    <dimen name="x260">192.59dp</dimen>
    <dimen name="x261">193.33dp</dimen>
    <dimen name="x262">194.07dp</dimen>
    <dimen name="x263">194.81dp</dimen>
    <dimen name="x264">195.56dp</dimen>
    <dimen name="x265">196.30dp</dimen>
    <dimen name="x266">197.04dp</dimen>
    <dimen name="x267">197.78dp</dimen>
    <dimen name="x268">198.52dp</dimen>
    <dimen name="x269">199.26dp</dimen>
    <dimen name="x270">200.00dp</dimen>
    <dimen name="x271">200.74dp</dimen>
    <dimen name="x272">201.48dp</dimen>
    <dimen name="x273">202.22dp</dimen>
    <dimen name="x274">202.96dp</dimen>
    <dimen name="x275">203.70dp</dimen>
    <dimen name="x276">204.44dp</dimen>
    <dimen name="x277">205.19dp</dimen>
    <dimen name="x278">205.93dp</dimen>
    <dimen name="x279">206.67dp</dimen>
    <dimen name="x280">207.41dp</dimen>
    <dimen name="x281">208.15dp</dimen>
    <dimen name="x282">208.89dp</dimen>
    <dimen name="x283">209.63dp</dimen>
    <dimen name="x284">210.37dp</dimen>
    <dimen name="x285">211.11dp</dimen>
    <dimen name="x286">211.85dp</dimen>
    <dimen name="x287">212.59dp</dimen>
    <dimen name="x288">213.33dp</dimen>
    <dimen name="x289">214.07dp</dimen>
    <dimen name="x290">214.81dp</dimen>
    <dimen name="x291">215.56dp</dimen>
    <dimen name="x292">216.30dp</dimen>
    <dimen name="x293">217.04dp</dimen>
    <dimen name="x294">217.78dp</dimen>
    <dimen name="x295">218.52dp</dimen>
    <dimen name="x296">219.26dp</dimen>
    <dimen name="x297">220.00dp</dimen>
    <dimen name="x298">220.74dp</dimen>
    <dimen name="x299">221.48dp</dimen>
    <dimen name="x300">222.22dp</dimen>
    <dimen name="x301">222.96dp</dimen>
    <dimen name="x302">223.70dp</dimen>
    <dimen name="x303">224.44dp</dimen>
    <dimen name="x304">225.19dp</dimen>
    <dimen name="x305">225.93dp</dimen>
    <dimen name="x306">226.67dp</dimen>
    <dimen name="x307">227.41dp</dimen>
    <dimen name="x308">228.15dp</dimen>
    <dimen name="x309">228.89dp</dimen>
    <dimen name="x310">229.63dp</dimen>
    <dimen name="x311">230.37dp</dimen>
    <dimen name="x312">231.11dp</dimen>
    <dimen name="x313">231.85dp</dimen>
    <dimen name="x314">232.59dp</dimen>
    <dimen name="x315">233.33dp</dimen>
    <dimen name="x316">234.07dp</dimen>
    <dimen name="x317">234.81dp</dimen>
    <dimen name="x318">235.56dp</dimen>
    <dimen name="x319">236.30dp</dimen>
    <dimen name="x320">237.04dp</dimen>
    <dimen name="x321">237.78dp</dimen>
    <dimen name="x322">238.52dp</dimen>
    <dimen name="x323">239.26dp</dimen>
    <dimen name="x324">240.00dp</dimen>
    <dimen name="x325">240.74dp</dimen>
    <dimen name="x326">241.48dp</dimen>
    <dimen name="x327">242.22dp</dimen>
    <dimen name="x328">242.96dp</dimen>
    <dimen name="x329">243.70dp</dimen>
    <dimen name="x330">244.44dp</dimen>
    <dimen name="x331">245.19dp</dimen>
    <dimen name="x332">245.93dp</dimen>
    <dimen name="x333">246.67dp</dimen>
    <dimen name="x334">247.41dp</dimen>
    <dimen name="x335">248.15dp</dimen>
    <dimen name="x336">248.89dp</dimen>
    <dimen name="x337">249.63dp</dimen>
    <dimen name="x338">250.37dp</dimen>
    <dimen name="x339">251.11dp</dimen>
    <dimen name="x340">251.85dp</dimen>
    <dimen name="x341">252.59dp</dimen>
    <dimen name="x342">253.33dp</dimen>
    <dimen name="x343">254.07dp</dimen>
    <dimen name="x344">254.81dp</dimen>
    <dimen name="x345">255.56dp</dimen>
    <dimen name="x346">256.30dp</dimen>
    <dimen name="x347">257.04dp</dimen>
    <dimen name="x348">257.78dp</dimen>
    <dimen name="x349">258.52dp</dimen>
    <dimen name="x350">259.26dp</dimen>
    <dimen name="x351">260.00dp</dimen>
    <dimen name="x352">260.74dp</dimen>
    <dimen name="x353">261.48dp</dimen>
    <dimen name="x354">262.22dp</dimen>
    <dimen name="x355">262.96dp</dimen>
    <dimen name="x356">263.70dp</dimen>
    <dimen name="x357">264.44dp</dimen>
    <dimen name="x358">265.19dp</dimen>
    <dimen name="x359">265.93dp</dimen>
    <dimen name="x360">266.67dp</dimen>
    <dimen name="x361">267.41dp</dimen>
    <dimen name="x362">268.15dp</dimen>
    <dimen name="x363">268.89dp</dimen>
    <dimen name="x364">269.63dp</dimen>
    <dimen name="x365">270.37dp</dimen>
    <dimen name="x366">271.11dp</dimen>
    <dimen name="x367">271.85dp</dimen>
    <dimen name="x368">272.59dp</dimen>
    <dimen name="x369">273.33dp</dimen>
    <dimen name="x370">274.07dp</dimen>
    <dimen name="x371">274.81dp</dimen>
    <dimen name="x372">275.56dp</dimen>
    <dimen name="x373">276.30dp</dimen>
    <dimen name="x374">277.04dp</dimen>
    <dimen name="x375">277.78dp</dimen>
    <dimen name="x376">278.52dp</dimen>
    <dimen name="x377">279.26dp</dimen>
    <dimen name="x378">280.00dp</dimen>
    <dimen name="x379">280.74dp</dimen>
    <dimen name="x380">281.48dp</dimen>
    <dimen name="x381">282.22dp</dimen>
    <dimen name="x382">282.96dp</dimen>
    <dimen name="x383">283.70dp</dimen>
    <dimen name="x384">284.44dp</dimen>
    <dimen name="x385">285.19dp</dimen>
    <dimen name="x386">285.93dp</dimen>
    <dimen name="x387">286.67dp</dimen>
    <dimen name="x388">287.41dp</dimen>
    <dimen name="x389">288.15dp</dimen>
    <dimen name="x390">288.89dp</dimen>
    <dimen name="x391">289.63dp</dimen>
    <dimen name="x392">290.37dp</dimen>
    <dimen name="x393">291.11dp</dimen>
    <dimen name="x394">291.85dp</dimen>
    <dimen name="x395">292.59dp</dimen>
    <dimen name="x396">293.33dp</dimen>
    <dimen name="x397">294.07dp</dimen>
    <dimen name="x398">294.81dp</dimen>
    <dimen name="x399">295.56dp</dimen>
    <dimen name="x400">296.30dp</dimen>
    <dimen name="x401">297.04dp</dimen>
    <dimen name="x402">297.78dp</dimen>
    <dimen name="x403">298.52dp</dimen>
    <dimen name="x404">299.26dp</dimen>
    <dimen name="x405">300.00dp</dimen>
    <dimen name="x406">300.74dp</dimen>
    <dimen name="x407">301.48dp</dimen>
    <dimen name="x408">302.22dp</dimen>
    <dimen name="x409">302.96dp</dimen>
    <dimen name="x410">303.70dp</dimen>
    <dimen name="x411">304.44dp</dimen>
    <dimen name="x412">305.19dp</dimen>
    <dimen name="x413">305.93dp</dimen>
    <dimen name="x414">306.67dp</dimen>
    <dimen name="x415">307.41dp</dimen>
    <dimen name="x416">308.15dp</dimen>
    <dimen name="x417">308.89dp</dimen>
    <dimen name="x418">309.63dp</dimen>
    <dimen name="x419">310.37dp</dimen>
    <dimen name="x420">311.11dp</dimen>
    <dimen name="x421">311.85dp</dimen>
    <dimen name="x422">312.59dp</dimen>
    <dimen name="x423">313.33dp</dimen>
    <dimen name="x424">314.07dp</dimen>
    <dimen name="x425">314.81dp</dimen>
    <dimen name="x426">315.56dp</dimen>
    <dimen name="x427">316.30dp</dimen>
    <dimen name="x428">317.04dp</dimen>
    <dimen name="x429">317.78dp</dimen>
    <dimen name="x430">318.52dp</dimen>
    <dimen name="x431">319.26dp</dimen>
    <dimen name="x432">320.00dp</dimen>
    <dimen name="x433">320.74dp</dimen>
    <dimen name="x434">321.48dp</dimen>
    <dimen name="x435">322.22dp</dimen>
    <dimen name="x436">322.96dp</dimen>
    <dimen name="x437">323.70dp</dimen>
    <dimen name="x438">324.44dp</dimen>
    <dimen name="x439">325.19dp</dimen>
    <dimen name="x440">325.93dp</dimen>
    <dimen name="x441">326.67dp</dimen>
    <dimen name="x442">327.41dp</dimen>
    <dimen name="x443">328.15dp</dimen>
    <dimen name="x444">328.89dp</dimen>
    <dimen name="x445">329.63dp</dimen>
    <dimen name="x446">330.37dp</dimen>
    <dimen name="x447">331.11dp</dimen>
    <dimen name="x448">331.85dp</dimen>
    <dimen name="x449">332.59dp</dimen>
    <dimen name="x450">333.33dp</dimen>
    <dimen name="x451">334.07dp</dimen>
    <dimen name="x452">334.81dp</dimen>
    <dimen name="x453">335.56dp</dimen>
    <dimen name="x454">336.30dp</dimen>
    <dimen name="x455">337.04dp</dimen>
    <dimen name="x456">337.78dp</dimen>
    <dimen name="x457">338.52dp</dimen>
    <dimen name="x458">339.26dp</dimen>
    <dimen name="x459">340.00dp</dimen>
    <dimen name="x460">340.74dp</dimen>
    <dimen name="x461">341.48dp</dimen>
    <dimen name="x462">342.22dp</dimen>
    <dimen name="x463">342.96dp</dimen>
    <dimen name="x464">343.70dp</dimen>
    <dimen name="x465">344.44dp</dimen>
    <dimen name="x466">345.19dp</dimen>
    <dimen name="x467">345.93dp</dimen>
    <dimen name="x468">346.67dp</dimen>
    <dimen name="x469">347.41dp</dimen>
    <dimen name="x470">348.15dp</dimen>
    <dimen name="x471">348.89dp</dimen>
    <dimen name="x472">349.63dp</dimen>
    <dimen name="x473">350.37dp</dimen>
    <dimen name="x474">351.11dp</dimen>
    <dimen name="x475">351.85dp</dimen>
    <dimen name="x476">352.59dp</dimen>
    <dimen name="x477">353.33dp</dimen>
    <dimen name="x478">354.07dp</dimen>
    <dimen name="x479">354.81dp</dimen>
    <dimen name="x480">355.56dp</dimen>
    <dimen name="x481">356.30dp</dimen>
    <dimen name="x482">357.04dp</dimen>
    <dimen name="x483">357.78dp</dimen>
    <dimen name="x484">358.52dp</dimen>
    <dimen name="x485">359.26dp</dimen>
    <dimen name="x486">360.00dp</dimen>
    <dimen name="x487">360.74dp</dimen>
    <dimen name="x488">361.48dp</dimen>
    <dimen name="x489">362.22dp</dimen>
    <dimen name="x490">362.96dp</dimen>
    <dimen name="x491">363.70dp</dimen>
    <dimen name="x492">364.44dp</dimen>
    <dimen name="x493">365.19dp</dimen>
    <dimen name="x494">365.93dp</dimen>
    <dimen name="x495">366.67dp</dimen>
    <dimen name="x496">367.41dp</dimen>
    <dimen name="x497">368.15dp</dimen>
    <dimen name="x498">368.89dp</dimen>
    <dimen name="x499">369.63dp</dimen>
    <dimen name="x500">370.37dp</dimen>
    <dimen name="x501">371.11dp</dimen>
    <dimen name="x502">371.85dp</dimen>
    <dimen name="x503">372.59dp</dimen>
    <dimen name="x504">373.33dp</dimen>
    <dimen name="x505">374.07dp</dimen>
    <dimen name="x506">374.81dp</dimen>
    <dimen name="x507">375.56dp</dimen>
    <dimen name="x508">376.30dp</dimen>
    <dimen name="x509">377.04dp</dimen>
    <dimen name="x510">377.78dp</dimen>
    <dimen name="x511">378.52dp</dimen>
    <dimen name="x512">379.26dp</dimen>
    <dimen name="x513">380.00dp</dimen>
    <dimen name="x514">380.74dp</dimen>
    <dimen name="x515">381.48dp</dimen>
    <dimen name="x516">382.22dp</dimen>
    <dimen name="x517">382.96dp</dimen>
    <dimen name="x518">383.70dp</dimen>
    <dimen name="x519">384.44dp</dimen>
    <dimen name="x520">385.19dp</dimen>
    <dimen name="x521">385.93dp</dimen>
    <dimen name="x522">386.67dp</dimen>
    <dimen name="x523">387.41dp</dimen>
    <dimen name="x524">388.15dp</dimen>
    <dimen name="x525">388.89dp</dimen>
    <dimen name="x526">389.63dp</dimen>
    <dimen name="x527">390.37dp</dimen>
    <dimen name="x528">391.11dp</dimen>
    <dimen name="x529">391.85dp</dimen>
    <dimen name="x530">392.59dp</dimen>
    <dimen name="x531">393.33dp</dimen>
    <dimen name="x532">394.07dp</dimen>
    <dimen name="x533">394.81dp</dimen>
    <dimen name="x534">395.56dp</dimen>
    <dimen name="x535">396.30dp</dimen>
    <dimen name="x536">397.04dp</dimen>
    <dimen name="x537">397.78dp</dimen>
    <dimen name="x538">398.52dp</dimen>
    <dimen name="x539">399.26dp</dimen>
    <dimen name="x540">400.00dp</dimen>
    <dimen name="x541">400.74dp</dimen>
    <dimen name="x542">401.48dp</dimen>
    <dimen name="x543">402.22dp</dimen>
    <dimen name="x544">402.96dp</dimen>
    <dimen name="x545">403.70dp</dimen>
    <dimen name="x546">404.44dp</dimen>
    <dimen name="x547">405.19dp</dimen>
    <dimen name="x548">405.93dp</dimen>
    <dimen name="x549">406.67dp</dimen>
    <dimen name="x550">407.41dp</dimen>
    <dimen name="x551">408.15dp</dimen>
    <dimen name="x552">408.89dp</dimen>
    <dimen name="x553">409.63dp</dimen>
    <dimen name="x554">410.37dp</dimen>
    <dimen name="x555">411.11dp</dimen>
    <dimen name="x556">411.85dp</dimen>
    <dimen name="x557">412.59dp</dimen>
    <dimen name="x558">413.33dp</dimen>
    <dimen name="x559">414.07dp</dimen>
    <dimen name="x560">414.81dp</dimen>
    <dimen name="x561">415.56dp</dimen>
    <dimen name="x562">416.30dp</dimen>
    <dimen name="x563">417.04dp</dimen>
    <dimen name="x564">417.78dp</dimen>
    <dimen name="x565">418.52dp</dimen>
    <dimen name="x566">419.26dp</dimen>
    <dimen name="x567">420.00dp</dimen>
    <dimen name="x568">420.74dp</dimen>
    <dimen name="x569">421.48dp</dimen>
    <dimen name="x570">422.22dp</dimen>
    <dimen name="x571">422.96dp</dimen>
    <dimen name="x572">423.70dp</dimen>
    <dimen name="x573">424.44dp</dimen>
    <dimen name="x574">425.19dp</dimen>
    <dimen name="x575">425.93dp</dimen>
    <dimen name="x576">426.67dp</dimen>
    <dimen name="x577">427.41dp</dimen>
    <dimen name="x578">428.15dp</dimen>
    <dimen name="x579">428.89dp</dimen>
    <dimen name="x580">429.63dp</dimen>
    <dimen name="x581">430.37dp</dimen>
    <dimen name="x582">431.11dp</dimen>
    <dimen name="x583">431.85dp</dimen>
    <dimen name="x584">432.59dp</dimen>
    <dimen name="x585">433.33dp</dimen>
    <dimen name="x586">434.07dp</dimen>
    <dimen name="x587">434.81dp</dimen>
    <dimen name="x588">435.56dp</dimen>
    <dimen name="x589">436.30dp</dimen>
    <dimen name="x590">437.04dp</dimen>
    <dimen name="x591">437.78dp</dimen>
    <dimen name="x592">438.52dp</dimen>
    <dimen name="x593">439.26dp</dimen>
    <dimen name="x594">440.00dp</dimen>
    <dimen name="x595">440.74dp</dimen>
    <dimen name="x596">441.48dp</dimen>
    <dimen name="x597">442.22dp</dimen>
    <dimen name="x598">442.96dp</dimen>
    <dimen name="x599">443.70dp</dimen>
    <dimen name="x600">444.44dp</dimen>
    <dimen name="x601">445.19dp</dimen>
    <dimen name="x602">445.93dp</dimen>
    <dimen name="x603">446.67dp</dimen>
    <dimen name="x604">447.41dp</dimen>
    <dimen name="x605">448.15dp</dimen>
    <dimen name="x606">448.89dp</dimen>
    <dimen name="x607">449.63dp</dimen>
    <dimen name="x608">450.37dp</dimen>
    <dimen name="x609">451.11dp</dimen>
    <dimen name="x610">451.85dp</dimen>
    <dimen name="x611">452.59dp</dimen>
    <dimen name="x612">453.33dp</dimen>
    <dimen name="x613">454.07dp</dimen>
    <dimen name="x614">454.81dp</dimen>
    <dimen name="x615">455.56dp</dimen>
    <dimen name="x616">456.30dp</dimen>
    <dimen name="x617">457.04dp</dimen>
    <dimen name="x618">457.78dp</dimen>
    <dimen name="x619">458.52dp</dimen>
    <dimen name="x620">459.26dp</dimen>
    <dimen name="x621">460.00dp</dimen>
    <dimen name="x622">460.74dp</dimen>
    <dimen name="x623">461.48dp</dimen>
    <dimen name="x624">462.22dp</dimen>
    <dimen name="x625">462.96dp</dimen>
    <dimen name="x626">463.70dp</dimen>
    <dimen name="x627">464.44dp</dimen>
    <dimen name="x628">465.19dp</dimen>
    <dimen name="x629">465.93dp</dimen>
    <dimen name="x630">466.67dp</dimen>
    <dimen name="x631">467.41dp</dimen>
    <dimen name="x632">468.15dp</dimen>
    <dimen name="x633">468.89dp</dimen>
    <dimen name="x634">469.63dp</dimen>
    <dimen name="x635">470.37dp</dimen>
    <dimen name="x636">471.11dp</dimen>
    <dimen name="x637">471.85dp</dimen>
    <dimen name="x638">472.59dp</dimen>
    <dimen name="x639">473.33dp</dimen>
    <dimen name="x640">474.07dp</dimen>
    <dimen name="x641">474.81dp</dimen>
    <dimen name="x642">475.56dp</dimen>
    <dimen name="x643">476.30dp</dimen>
    <dimen name="x644">477.04dp</dimen>
    <dimen name="x645">477.78dp</dimen>
    <dimen name="x646">478.52dp</dimen>
    <dimen name="x647">479.26dp</dimen>
    <dimen name="x648">480.00dp</dimen>
    <dimen name="x649">480.74dp</dimen>
    <dimen name="x650">481.48dp</dimen>
    <dimen name="x651">482.22dp</dimen>
    <dimen name="x652">482.96dp</dimen>
    <dimen name="x653">483.70dp</dimen>
    <dimen name="x654">484.44dp</dimen>
    <dimen name="x655">485.19dp</dimen>
    <dimen name="x656">485.93dp</dimen>
    <dimen name="x657">486.67dp</dimen>
    <dimen name="x658">487.41dp</dimen>
    <dimen name="x659">488.15dp</dimen>
    <dimen name="x660">488.89dp</dimen>
    <dimen name="x661">489.63dp</dimen>
    <dimen name="x662">490.37dp</dimen>
    <dimen name="x663">491.11dp</dimen>
    <dimen name="x664">491.85dp</dimen>
    <dimen name="x665">492.59dp</dimen>
    <dimen name="x666">493.33dp</dimen>
    <dimen name="x667">494.07dp</dimen>
    <dimen name="x668">494.81dp</dimen>
    <dimen name="x669">495.56dp</dimen>
    <dimen name="x670">496.30dp</dimen>
    <dimen name="x671">497.04dp</dimen>
    <dimen name="x672">497.78dp</dimen>
    <dimen name="x673">498.52dp</dimen>
    <dimen name="x674">499.26dp</dimen>
    <dimen name="x675">500.00dp</dimen>
    <dimen name="x676">500.74dp</dimen>
    <dimen name="x677">501.48dp</dimen>
    <dimen name="x678">502.22dp</dimen>
    <dimen name="x679">502.96dp</dimen>
    <dimen name="x680">503.70dp</dimen>
    <dimen name="x681">504.44dp</dimen>
    <dimen name="x682">505.19dp</dimen>
    <dimen name="x683">505.93dp</dimen>
    <dimen name="x684">506.67dp</dimen>
    <dimen name="x685">507.41dp</dimen>
    <dimen name="x686">508.15dp</dimen>
    <dimen name="x687">508.89dp</dimen>
    <dimen name="x688">509.63dp</dimen>
    <dimen name="x689">510.37dp</dimen>
    <dimen name="x690">511.11dp</dimen>
    <dimen name="x691">511.85dp</dimen>
    <dimen name="x692">512.59dp</dimen>
    <dimen name="x693">513.33dp</dimen>
    <dimen name="x694">514.07dp</dimen>
    <dimen name="x695">514.81dp</dimen>
    <dimen name="x696">515.56dp</dimen>
    <dimen name="x697">516.30dp</dimen>
    <dimen name="x698">517.04dp</dimen>
    <dimen name="x699">517.78dp</dimen>
    <dimen name="x700">518.52dp</dimen>
    <dimen name="x701">519.26dp</dimen>
    <dimen name="x702">520.00dp</dimen>
    <dimen name="x703">520.74dp</dimen>
    <dimen name="x704">521.48dp</dimen>
    <dimen name="x705">522.22dp</dimen>
    <dimen name="x706">522.96dp</dimen>
    <dimen name="x707">523.70dp</dimen>
    <dimen name="x708">524.44dp</dimen>
    <dimen name="x709">525.19dp</dimen>
    <dimen name="x710">525.93dp</dimen>
    <dimen name="x711">526.67dp</dimen>
    <dimen name="x712">527.41dp</dimen>
    <dimen name="x713">528.15dp</dimen>
    <dimen name="x714">528.89dp</dimen>
    <dimen name="x715">529.63dp</dimen>
    <dimen name="x716">530.37dp</dimen>
    <dimen name="x717">531.11dp</dimen>
    <dimen name="x718">531.85dp</dimen>
    <dimen name="x719">532.59dp</dimen>
    <dimen name="x720">533.33dp</dimen>
    <dimen name="x721">534.07dp</dimen>
    <dimen name="x722">534.81dp</dimen>
    <dimen name="x723">535.56dp</dimen>
    <dimen name="x724">536.30dp</dimen>
    <dimen name="x725">537.04dp</dimen>
    <dimen name="x726">537.78dp</dimen>
    <dimen name="x727">538.52dp</dimen>
    <dimen name="x728">539.26dp</dimen>
    <dimen name="x729">540.00dp</dimen>
    <dimen name="x730">540.74dp</dimen>
    <dimen name="x731">541.48dp</dimen>
    <dimen name="x732">542.22dp</dimen>
    <dimen name="x733">542.96dp</dimen>
    <dimen name="x734">543.70dp</dimen>
    <dimen name="x735">544.44dp</dimen>
    <dimen name="x736">545.19dp</dimen>
    <dimen name="x737">545.93dp</dimen>
    <dimen name="x738">546.67dp</dimen>
    <dimen name="x739">547.41dp</dimen>
    <dimen name="x740">548.15dp</dimen>
    <dimen name="x741">548.89dp</dimen>
    <dimen name="x742">549.63dp</dimen>
    <dimen name="x743">550.37dp</dimen>
    <dimen name="x744">551.11dp</dimen>
    <dimen name="x745">551.85dp</dimen>
    <dimen name="x746">552.59dp</dimen>
    <dimen name="x747">553.33dp</dimen>
    <dimen name="x748">554.07dp</dimen>
    <dimen name="x749">554.81dp</dimen>
    <dimen name="x750">555.56dp</dimen>
    <dimen name="x751">556.30dp</dimen>
    <dimen name="x752">557.04dp</dimen>
    <dimen name="x753">557.78dp</dimen>
    <dimen name="x754">558.52dp</dimen>
    <dimen name="x755">559.26dp</dimen>
    <dimen name="x756">560.00dp</dimen>
    <dimen name="x757">560.74dp</dimen>
    <dimen name="x758">561.48dp</dimen>
    <dimen name="x759">562.22dp</dimen>
    <dimen name="x760">562.96dp</dimen>
    <dimen name="x761">563.70dp</dimen>
    <dimen name="x762">564.44dp</dimen>
    <dimen name="x763">565.19dp</dimen>
    <dimen name="x764">565.93dp</dimen>
    <dimen name="x765">566.67dp</dimen>
    <dimen name="x766">567.41dp</dimen>
    <dimen name="x767">568.15dp</dimen>
    <dimen name="x768">568.89dp</dimen>
    <dimen name="x769">569.63dp</dimen>
    <dimen name="x770">570.37dp</dimen>
    <dimen name="x771">571.11dp</dimen>
    <dimen name="x772">571.85dp</dimen>
    <dimen name="x773">572.59dp</dimen>
    <dimen name="x774">573.33dp</dimen>
    <dimen name="x775">574.07dp</dimen>
    <dimen name="x776">574.81dp</dimen>
    <dimen name="x777">575.56dp</dimen>
    <dimen name="x778">576.30dp</dimen>
    <dimen name="x779">577.04dp</dimen>
    <dimen name="x780">577.78dp</dimen>
    <dimen name="x781">578.52dp</dimen>
    <dimen name="x782">579.26dp</dimen>
    <dimen name="x783">580.00dp</dimen>
    <dimen name="x784">580.74dp</dimen>
    <dimen name="x785">581.48dp</dimen>
    <dimen name="x786">582.22dp</dimen>
    <dimen name="x787">582.96dp</dimen>
    <dimen name="x788">583.70dp</dimen>
    <dimen name="x789">584.44dp</dimen>
    <dimen name="x790">585.19dp</dimen>
    <dimen name="x791">585.93dp</dimen>
    <dimen name="x792">586.67dp</dimen>
    <dimen name="x793">587.41dp</dimen>
    <dimen name="x794">588.15dp</dimen>
    <dimen name="x795">588.89dp</dimen>
    <dimen name="x796">589.63dp</dimen>
    <dimen name="x797">590.37dp</dimen>
    <dimen name="x798">591.11dp</dimen>
    <dimen name="x799">591.85dp</dimen>
    <dimen name="x800">592.59dp</dimen>
    <dimen name="x801">593.33dp</dimen>
    <dimen name="x802">594.07dp</dimen>
    <dimen name="x803">594.81dp</dimen>
    <dimen name="x804">595.56dp</dimen>
    <dimen name="x805">596.30dp</dimen>
    <dimen name="x806">597.04dp</dimen>
    <dimen name="x807">597.78dp</dimen>
    <dimen name="x808">598.52dp</dimen>
    <dimen name="x809">599.26dp</dimen>
    <dimen name="x810">600.00dp</dimen>
    <dimen name="x811">600.74dp</dimen>
    <dimen name="x812">601.48dp</dimen>
    <dimen name="x813">602.22dp</dimen>
    <dimen name="x814">602.96dp</dimen>
    <dimen name="x815">603.70dp</dimen>
    <dimen name="x816">604.44dp</dimen>
    <dimen name="x817">605.19dp</dimen>
    <dimen name="x818">605.93dp</dimen>
    <dimen name="x819">606.67dp</dimen>
    <dimen name="x820">607.41dp</dimen>
    <dimen name="x821">608.15dp</dimen>
    <dimen name="x822">608.89dp</dimen>
    <dimen name="x823">609.63dp</dimen>
    <dimen name="x824">610.37dp</dimen>
    <dimen name="x825">611.11dp</dimen>
    <dimen name="x826">611.85dp</dimen>
    <dimen name="x827">612.59dp</dimen>
    <dimen name="x828">613.33dp</dimen>
    <dimen name="x829">614.07dp</dimen>
    <dimen name="x830">614.81dp</dimen>
    <dimen name="x831">615.56dp</dimen>
    <dimen name="x832">616.30dp</dimen>
    <dimen name="x833">617.04dp</dimen>
    <dimen name="x834">617.78dp</dimen>
    <dimen name="x835">618.52dp</dimen>
    <dimen name="x836">619.26dp</dimen>
    <dimen name="x837">620.00dp</dimen>
    <dimen name="x838">620.74dp</dimen>
    <dimen name="x839">621.48dp</dimen>
    <dimen name="x840">622.22dp</dimen>
    <dimen name="x841">622.96dp</dimen>
    <dimen name="x842">623.70dp</dimen>
    <dimen name="x843">624.44dp</dimen>
    <dimen name="x844">625.19dp</dimen>
    <dimen name="x845">625.93dp</dimen>
    <dimen name="x846">626.67dp</dimen>
    <dimen name="x847">627.41dp</dimen>
    <dimen name="x848">628.15dp</dimen>
    <dimen name="x849">628.89dp</dimen>
    <dimen name="x850">629.63dp</dimen>
    <dimen name="x851">630.37dp</dimen>
    <dimen name="x852">631.11dp</dimen>
    <dimen name="x853">631.85dp</dimen>
    <dimen name="x854">632.59dp</dimen>
    <dimen name="x855">633.33dp</dimen>
    <dimen name="x856">634.07dp</dimen>
    <dimen name="x857">634.81dp</dimen>
    <dimen name="x858">635.56dp</dimen>
    <dimen name="x859">636.30dp</dimen>
    <dimen name="x860">637.04dp</dimen>
    <dimen name="x861">637.78dp</dimen>
    <dimen name="x862">638.52dp</dimen>
    <dimen name="x863">639.26dp</dimen>
    <dimen name="x864">640.00dp</dimen>
    <dimen name="x865">640.74dp</dimen>
    <dimen name="x866">641.48dp</dimen>
    <dimen name="x867">642.22dp</dimen>
    <dimen name="x868">642.96dp</dimen>
    <dimen name="x869">643.70dp</dimen>
    <dimen name="x870">644.44dp</dimen>
    <dimen name="x871">645.19dp</dimen>
    <dimen name="x872">645.93dp</dimen>
    <dimen name="x873">646.67dp</dimen>
    <dimen name="x874">647.41dp</dimen>
    <dimen name="x875">648.15dp</dimen>
    <dimen name="x876">648.89dp</dimen>
    <dimen name="x877">649.63dp</dimen>
    <dimen name="x878">650.37dp</dimen>
    <dimen name="x879">651.11dp</dimen>
    <dimen name="x880">651.85dp</dimen>
    <dimen name="x881">652.59dp</dimen>
    <dimen name="x882">653.33dp</dimen>
    <dimen name="x883">654.07dp</dimen>
    <dimen name="x884">654.81dp</dimen>
    <dimen name="x885">655.56dp</dimen>
    <dimen name="x886">656.30dp</dimen>
    <dimen name="x887">657.04dp</dimen>
    <dimen name="x888">657.78dp</dimen>
    <dimen name="x889">658.52dp</dimen>
    <dimen name="x890">659.26dp</dimen>
    <dimen name="x891">660.00dp</dimen>
    <dimen name="x892">660.74dp</dimen>
    <dimen name="x893">661.48dp</dimen>
    <dimen name="x894">662.22dp</dimen>
    <dimen name="x895">662.96dp</dimen>
    <dimen name="x896">663.70dp</dimen>
    <dimen name="x897">664.44dp</dimen>
    <dimen name="x898">665.19dp</dimen>
    <dimen name="x899">665.93dp</dimen>
    <dimen name="x900">666.67dp</dimen>
    <dimen name="x901">667.41dp</dimen>
    <dimen name="x902">668.15dp</dimen>
    <dimen name="x903">668.89dp</dimen>
    <dimen name="x904">669.63dp</dimen>
    <dimen name="x905">670.37dp</dimen>
    <dimen name="x906">671.11dp</dimen>
    <dimen name="x907">671.85dp</dimen>
    <dimen name="x908">672.59dp</dimen>
    <dimen name="x909">673.33dp</dimen>
    <dimen name="x910">674.07dp</dimen>
    <dimen name="x911">674.81dp</dimen>
    <dimen name="x912">675.56dp</dimen>
    <dimen name="x913">676.30dp</dimen>
    <dimen name="x914">677.04dp</dimen>
    <dimen name="x915">677.78dp</dimen>
    <dimen name="x916">678.52dp</dimen>
    <dimen name="x917">679.26dp</dimen>
    <dimen name="x918">680.00dp</dimen>
    <dimen name="x919">680.74dp</dimen>
    <dimen name="x920">681.48dp</dimen>
    <dimen name="x921">682.22dp</dimen>
    <dimen name="x922">682.96dp</dimen>
    <dimen name="x923">683.70dp</dimen>
    <dimen name="x924">684.44dp</dimen>
    <dimen name="x925">685.19dp</dimen>
    <dimen name="x926">685.93dp</dimen>
    <dimen name="x927">686.67dp</dimen>
    <dimen name="x928">687.41dp</dimen>
    <dimen name="x929">688.15dp</dimen>
    <dimen name="x930">688.89dp</dimen>
    <dimen name="x931">689.63dp</dimen>
    <dimen name="x932">690.37dp</dimen>
    <dimen name="x933">691.11dp</dimen>
    <dimen name="x934">691.85dp</dimen>
    <dimen name="x935">692.59dp</dimen>
    <dimen name="x936">693.33dp</dimen>
    <dimen name="x937">694.07dp</dimen>
    <dimen name="x938">694.81dp</dimen>
    <dimen name="x939">695.56dp</dimen>
    <dimen name="x940">696.30dp</dimen>
    <dimen name="x941">697.04dp</dimen>
    <dimen name="x942">697.78dp</dimen>
    <dimen name="x943">698.52dp</dimen>
    <dimen name="x944">699.26dp</dimen>
    <dimen name="x945">700.00dp</dimen>
    <dimen name="x946">700.74dp</dimen>
    <dimen name="x947">701.48dp</dimen>
    <dimen name="x948">702.22dp</dimen>
    <dimen name="x949">702.96dp</dimen>
    <dimen name="x950">703.70dp</dimen>
    <dimen name="x951">704.44dp</dimen>
    <dimen name="x952">705.19dp</dimen>
    <dimen name="x953">705.93dp</dimen>
    <dimen name="x954">706.67dp</dimen>
    <dimen name="x955">707.41dp</dimen>
    <dimen name="x956">708.15dp</dimen>
    <dimen name="x957">708.89dp</dimen>
    <dimen name="x958">709.63dp</dimen>
    <dimen name="x959">710.37dp</dimen>
    <dimen name="x960">711.11dp</dimen>
    <dimen name="x961">711.85dp</dimen>
    <dimen name="x962">712.59dp</dimen>
    <dimen name="x963">713.33dp</dimen>
    <dimen name="x964">714.07dp</dimen>
    <dimen name="x965">714.81dp</dimen>
    <dimen name="x966">715.56dp</dimen>
    <dimen name="x967">716.30dp</dimen>
    <dimen name="x968">717.04dp</dimen>
    <dimen name="x969">717.78dp</dimen>
    <dimen name="x970">718.52dp</dimen>
    <dimen name="x971">719.26dp</dimen>
    <dimen name="x972">720.00dp</dimen>
    <dimen name="x973">720.74dp</dimen>
    <dimen name="x974">721.48dp</dimen>
    <dimen name="x975">722.22dp</dimen>
    <dimen name="x976">722.96dp</dimen>
    <dimen name="x977">723.70dp</dimen>
    <dimen name="x978">724.44dp</dimen>
    <dimen name="x979">725.19dp</dimen>
    <dimen name="x980">725.93dp</dimen>
    <dimen name="x981">726.67dp</dimen>
    <dimen name="x982">727.41dp</dimen>
    <dimen name="x983">728.15dp</dimen>
    <dimen name="x984">728.89dp</dimen>
    <dimen name="x985">729.63dp</dimen>
    <dimen name="x986">730.37dp</dimen>
    <dimen name="x987">731.11dp</dimen>
    <dimen name="x988">731.85dp</dimen>
    <dimen name="x989">732.59dp</dimen>
    <dimen name="x990">733.33dp</dimen>
    <dimen name="x991">734.07dp</dimen>
    <dimen name="x992">734.81dp</dimen>
    <dimen name="x993">735.56dp</dimen>
    <dimen name="x994">736.30dp</dimen>
    <dimen name="x995">737.04dp</dimen>
    <dimen name="x996">737.78dp</dimen>
    <dimen name="x997">738.52dp</dimen>
    <dimen name="x998">739.26dp</dimen>
    <dimen name="x999">740.00dp</dimen>
    <dimen name="x1000">740.74dp</dimen>
    <dimen name="x1001">741.48dp</dimen>
    <dimen name="x1002">742.22dp</dimen>
    <dimen name="x1003">742.96dp</dimen>
    <dimen name="x1004">743.70dp</dimen>
    <dimen name="x1005">744.44dp</dimen>
    <dimen name="x1006">745.19dp</dimen>
    <dimen name="x1007">745.93dp</dimen>
    <dimen name="x1008">746.67dp</dimen>
    <dimen name="x1009">747.41dp</dimen>
    <dimen name="x1010">748.15dp</dimen>
    <dimen name="x1011">748.89dp</dimen>
    <dimen name="x1012">749.63dp</dimen>
    <dimen name="x1013">750.37dp</dimen>
    <dimen name="x1014">751.11dp</dimen>
    <dimen name="x1015">751.85dp</dimen>
    <dimen name="x1016">752.59dp</dimen>
    <dimen name="x1017">753.33dp</dimen>
    <dimen name="x1018">754.07dp</dimen>
    <dimen name="x1019">754.81dp</dimen>
    <dimen name="x1020">755.56dp</dimen>
    <dimen name="x1021">756.30dp</dimen>
    <dimen name="x1022">757.04dp</dimen>
    <dimen name="x1023">757.78dp</dimen>
    <dimen name="x1024">758.52dp</dimen>
    <dimen name="x1025">759.26dp</dimen>
    <dimen name="x1026">760.00dp</dimen>
    <dimen name="x1027">760.74dp</dimen>
    <dimen name="x1028">761.48dp</dimen>
    <dimen name="x1029">762.22dp</dimen>
    <dimen name="x1030">762.96dp</dimen>
    <dimen name="x1031">763.70dp</dimen>
    <dimen name="x1032">764.44dp</dimen>
    <dimen name="x1033">765.19dp</dimen>
    <dimen name="x1034">765.93dp</dimen>
    <dimen name="x1035">766.67dp</dimen>
    <dimen name="x1036">767.41dp</dimen>
    <dimen name="x1037">768.15dp</dimen>
    <dimen name="x1038">768.89dp</dimen>
    <dimen name="x1039">769.63dp</dimen>
    <dimen name="x1040">770.37dp</dimen>
    <dimen name="x1041">771.11dp</dimen>
    <dimen name="x1042">771.85dp</dimen>
    <dimen name="x1043">772.59dp</dimen>
    <dimen name="x1044">773.33dp</dimen>
    <dimen name="x1045">774.07dp</dimen>
    <dimen name="x1046">774.81dp</dimen>
    <dimen name="x1047">775.56dp</dimen>
    <dimen name="x1048">776.30dp</dimen>
    <dimen name="x1049">777.04dp</dimen>
    <dimen name="x1050">777.78dp</dimen>
    <dimen name="x1051">778.52dp</dimen>
    <dimen name="x1052">779.26dp</dimen>
    <dimen name="x1053">780.00dp</dimen>
    <dimen name="x1054">780.74dp</dimen>
    <dimen name="x1055">781.48dp</dimen>
    <dimen name="x1056">782.22dp</dimen>
    <dimen name="x1057">782.96dp</dimen>
    <dimen name="x1058">783.70dp</dimen>
    <dimen name="x1059">784.44dp</dimen>
    <dimen name="x1060">785.19dp</dimen>
    <dimen name="x1061">785.93dp</dimen>
    <dimen name="x1062">786.67dp</dimen>
    <dimen name="x1063">787.41dp</dimen>
    <dimen name="x1064">788.15dp</dimen>
    <dimen name="x1065">788.89dp</dimen>
    <dimen name="x1066">789.63dp</dimen>
    <dimen name="x1067">790.37dp</dimen>
    <dimen name="x1068">791.11dp</dimen>
    <dimen name="x1069">791.85dp</dimen>
    <dimen name="x1070">792.59dp</dimen>
    <dimen name="x1071">793.33dp</dimen>
    <dimen name="x1072">794.07dp</dimen>
    <dimen name="x1073">794.81dp</dimen>
    <dimen name="x1074">795.56dp</dimen>
    <dimen name="x1075">796.30dp</dimen>
    <dimen name="x1076">797.04dp</dimen>
    <dimen name="x1077">797.78dp</dimen>
    <dimen name="x1078">798.52dp</dimen>
    <dimen name="x1079">799.26dp</dimen>
    <dimen name="x1080">800.00dp</dimen>
</resources>