<?xml version="1.0" encoding="utf-8"?>
<resources>
    <string name="sw_dp">1630dp</string>
    <dimen name="x1">1.51dp</dimen>
    <dimen name="x2">3.02dp</dimen>
    <dimen name="x3">4.53dp</dimen>
    <dimen name="x4">6.04dp</dimen>
    <dimen name="x5">7.55dp</dimen>
    <dimen name="x6">9.06dp</dimen>
    <dimen name="x7">10.56dp</dimen>
    <dimen name="x8">12.07dp</dimen>
    <dimen name="x9">13.58dp</dimen>
    <dimen name="x10">15.09dp</dimen>
    <dimen name="x11">16.60dp</dimen>
    <dimen name="x12">18.11dp</dimen>
    <dimen name="x13">19.62dp</dimen>
    <dimen name="x14">21.13dp</dimen>
    <dimen name="x15">22.64dp</dimen>
    <dimen name="x16">24.15dp</dimen>
    <dimen name="x17">25.66dp</dimen>
    <dimen name="x18">27.17dp</dimen>
    <dimen name="x19">28.68dp</dimen>
    <dimen name="x20">30.19dp</dimen>
    <dimen name="x21">31.69dp</dimen>
    <dimen name="x22">33.20dp</dimen>
    <dimen name="x23">34.71dp</dimen>
    <dimen name="x24">36.22dp</dimen>
    <dimen name="x25">37.73dp</dimen>
    <dimen name="x26">39.24dp</dimen>
    <dimen name="x27">40.75dp</dimen>
    <dimen name="x28">42.26dp</dimen>
    <dimen name="x29">43.77dp</dimen>
    <dimen name="x30">45.28dp</dimen>
    <dimen name="x31">46.79dp</dimen>
    <dimen name="x32">48.30dp</dimen>
    <dimen name="x33">49.81dp</dimen>
    <dimen name="x34">51.31dp</dimen>
    <dimen name="x35">52.82dp</dimen>
    <dimen name="x36">54.33dp</dimen>
    <dimen name="x37">55.84dp</dimen>
    <dimen name="x38">57.35dp</dimen>
    <dimen name="x39">58.86dp</dimen>
    <dimen name="x40">60.37dp</dimen>
    <dimen name="x41">61.88dp</dimen>
    <dimen name="x42">63.39dp</dimen>
    <dimen name="x43">64.90dp</dimen>
    <dimen name="x44">66.41dp</dimen>
    <dimen name="x45">67.92dp</dimen>
    <dimen name="x46">69.43dp</dimen>
    <dimen name="x47">70.94dp</dimen>
    <dimen name="x48">72.44dp</dimen>
    <dimen name="x49">73.95dp</dimen>
    <dimen name="x50">75.46dp</dimen>
    <dimen name="x51">76.97dp</dimen>
    <dimen name="x52">78.48dp</dimen>
    <dimen name="x53">79.99dp</dimen>
    <dimen name="x54">81.50dp</dimen>
    <dimen name="x55">83.01dp</dimen>
    <dimen name="x56">84.52dp</dimen>
    <dimen name="x57">86.03dp</dimen>
    <dimen name="x58">87.54dp</dimen>
    <dimen name="x59">89.05dp</dimen>
    <dimen name="x60">90.56dp</dimen>
    <dimen name="x61">92.06dp</dimen>
    <dimen name="x62">93.57dp</dimen>
    <dimen name="x63">95.08dp</dimen>
    <dimen name="x64">96.59dp</dimen>
    <dimen name="x65">98.10dp</dimen>
    <dimen name="x66">99.61dp</dimen>
    <dimen name="x67">101.12dp</dimen>
    <dimen name="x68">102.63dp</dimen>
    <dimen name="x69">104.14dp</dimen>
    <dimen name="x70">105.65dp</dimen>
    <dimen name="x71">107.16dp</dimen>
    <dimen name="x72">108.67dp</dimen>
    <dimen name="x73">110.18dp</dimen>
    <dimen name="x74">111.69dp</dimen>
    <dimen name="x75">113.19dp</dimen>
    <dimen name="x76">114.70dp</dimen>
    <dimen name="x77">116.21dp</dimen>
    <dimen name="x78">117.72dp</dimen>
    <dimen name="x79">119.23dp</dimen>
    <dimen name="x80">120.74dp</dimen>
    <dimen name="x81">122.25dp</dimen>
    <dimen name="x82">123.76dp</dimen>
    <dimen name="x83">125.27dp</dimen>
    <dimen name="x84">126.78dp</dimen>
    <dimen name="x85">128.29dp</dimen>
    <dimen name="x86">129.80dp</dimen>
    <dimen name="x87">131.31dp</dimen>
    <dimen name="x88">132.81dp</dimen>
    <dimen name="x89">134.32dp</dimen>
    <dimen name="x90">135.83dp</dimen>
    <dimen name="x91">137.34dp</dimen>
    <dimen name="x92">138.85dp</dimen>
    <dimen name="x93">140.36dp</dimen>
    <dimen name="x94">141.87dp</dimen>
    <dimen name="x95">143.38dp</dimen>
    <dimen name="x96">144.89dp</dimen>
    <dimen name="x97">146.40dp</dimen>
    <dimen name="x98">147.91dp</dimen>
    <dimen name="x99">149.42dp</dimen>
    <dimen name="x100">150.93dp</dimen>
    <dimen name="x101">152.44dp</dimen>
    <dimen name="x102">153.94dp</dimen>
    <dimen name="x103">155.45dp</dimen>
    <dimen name="x104">156.96dp</dimen>
    <dimen name="x105">158.47dp</dimen>
    <dimen name="x106">159.98dp</dimen>
    <dimen name="x107">161.49dp</dimen>
    <dimen name="x108">163.00dp</dimen>
    <dimen name="x109">164.51dp</dimen>
    <dimen name="x110">166.02dp</dimen>
    <dimen name="x111">167.53dp</dimen>
    <dimen name="x112">169.04dp</dimen>
    <dimen name="x113">170.55dp</dimen>
    <dimen name="x114">172.06dp</dimen>
    <dimen name="x115">173.56dp</dimen>
    <dimen name="x116">175.07dp</dimen>
    <dimen name="x117">176.58dp</dimen>
    <dimen name="x118">178.09dp</dimen>
    <dimen name="x119">179.60dp</dimen>
    <dimen name="x120">181.11dp</dimen>
    <dimen name="x121">182.62dp</dimen>
    <dimen name="x122">184.13dp</dimen>
    <dimen name="x123">185.64dp</dimen>
    <dimen name="x124">187.15dp</dimen>
    <dimen name="x125">188.66dp</dimen>
    <dimen name="x126">190.17dp</dimen>
    <dimen name="x127">191.68dp</dimen>
    <dimen name="x128">193.19dp</dimen>
    <dimen name="x129">194.69dp</dimen>
    <dimen name="x130">196.20dp</dimen>
    <dimen name="x131">197.71dp</dimen>
    <dimen name="x132">199.22dp</dimen>
    <dimen name="x133">200.73dp</dimen>
    <dimen name="x134">202.24dp</dimen>
    <dimen name="x135">203.75dp</dimen>
    <dimen name="x136">205.26dp</dimen>
    <dimen name="x137">206.77dp</dimen>
    <dimen name="x138">208.28dp</dimen>
    <dimen name="x139">209.79dp</dimen>
    <dimen name="x140">211.30dp</dimen>
    <dimen name="x141">212.81dp</dimen>
    <dimen name="x142">214.31dp</dimen>
    <dimen name="x143">215.82dp</dimen>
    <dimen name="x144">217.33dp</dimen>
    <dimen name="x145">218.84dp</dimen>
    <dimen name="x146">220.35dp</dimen>
    <dimen name="x147">221.86dp</dimen>
    <dimen name="x148">223.37dp</dimen>
    <dimen name="x149">224.88dp</dimen>
    <dimen name="x150">226.39dp</dimen>
    <dimen name="x151">227.90dp</dimen>
    <dimen name="x152">229.41dp</dimen>
    <dimen name="x153">230.92dp</dimen>
    <dimen name="x154">232.43dp</dimen>
    <dimen name="x155">233.94dp</dimen>
    <dimen name="x156">235.44dp</dimen>
    <dimen name="x157">236.95dp</dimen>
    <dimen name="x158">238.46dp</dimen>
    <dimen name="x159">239.97dp</dimen>
    <dimen name="x160">241.48dp</dimen>
    <dimen name="x161">242.99dp</dimen>
    <dimen name="x162">244.50dp</dimen>
    <dimen name="x163">246.01dp</dimen>
    <dimen name="x164">247.52dp</dimen>
    <dimen name="x165">249.03dp</dimen>
    <dimen name="x166">250.54dp</dimen>
    <dimen name="x167">252.05dp</dimen>
    <dimen name="x168">253.56dp</dimen>
    <dimen name="x169">255.06dp</dimen>
    <dimen name="x170">256.57dp</dimen>
    <dimen name="x171">258.08dp</dimen>
    <dimen name="x172">259.59dp</dimen>
    <dimen name="x173">261.10dp</dimen>
    <dimen name="x174">262.61dp</dimen>
    <dimen name="x175">264.12dp</dimen>
    <dimen name="x176">265.63dp</dimen>
    <dimen name="x177">267.14dp</dimen>
    <dimen name="x178">268.65dp</dimen>
    <dimen name="x179">270.16dp</dimen>
    <dimen name="x180">271.67dp</dimen>
    <dimen name="x181">273.18dp</dimen>
    <dimen name="x182">274.69dp</dimen>
    <dimen name="x183">276.19dp</dimen>
    <dimen name="x184">277.70dp</dimen>
    <dimen name="x185">279.21dp</dimen>
    <dimen name="x186">280.72dp</dimen>
    <dimen name="x187">282.23dp</dimen>
    <dimen name="x188">283.74dp</dimen>
    <dimen name="x189">285.25dp</dimen>
    <dimen name="x190">286.76dp</dimen>
    <dimen name="x191">288.27dp</dimen>
    <dimen name="x192">289.78dp</dimen>
    <dimen name="x193">291.29dp</dimen>
    <dimen name="x194">292.80dp</dimen>
    <dimen name="x195">294.31dp</dimen>
    <dimen name="x196">295.81dp</dimen>
    <dimen name="x197">297.32dp</dimen>
    <dimen name="x198">298.83dp</dimen>
    <dimen name="x199">300.34dp</dimen>
    <dimen name="x200">301.85dp</dimen>
    <dimen name="x201">303.36dp</dimen>
    <dimen name="x202">304.87dp</dimen>
    <dimen name="x203">306.38dp</dimen>
    <dimen name="x204">307.89dp</dimen>
    <dimen name="x205">309.40dp</dimen>
    <dimen name="x206">310.91dp</dimen>
    <dimen name="x207">312.42dp</dimen>
    <dimen name="x208">313.93dp</dimen>
    <dimen name="x209">315.44dp</dimen>
    <dimen name="x210">316.94dp</dimen>
    <dimen name="x211">318.45dp</dimen>
    <dimen name="x212">319.96dp</dimen>
    <dimen name="x213">321.47dp</dimen>
    <dimen name="x214">322.98dp</dimen>
    <dimen name="x215">324.49dp</dimen>
    <dimen name="x216">326.00dp</dimen>
    <dimen name="x217">327.51dp</dimen>
    <dimen name="x218">329.02dp</dimen>
    <dimen name="x219">330.53dp</dimen>
    <dimen name="x220">332.04dp</dimen>
    <dimen name="x221">333.55dp</dimen>
    <dimen name="x222">335.06dp</dimen>
    <dimen name="x223">336.56dp</dimen>
    <dimen name="x224">338.07dp</dimen>
    <dimen name="x225">339.58dp</dimen>
    <dimen name="x226">341.09dp</dimen>
    <dimen name="x227">342.60dp</dimen>
    <dimen name="x228">344.11dp</dimen>
    <dimen name="x229">345.62dp</dimen>
    <dimen name="x230">347.13dp</dimen>
    <dimen name="x231">348.64dp</dimen>
    <dimen name="x232">350.15dp</dimen>
    <dimen name="x233">351.66dp</dimen>
    <dimen name="x234">353.17dp</dimen>
    <dimen name="x235">354.68dp</dimen>
    <dimen name="x236">356.19dp</dimen>
    <dimen name="x237">357.69dp</dimen>
    <dimen name="x238">359.20dp</dimen>
    <dimen name="x239">360.71dp</dimen>
    <dimen name="x240">362.22dp</dimen>
    <dimen name="x241">363.73dp</dimen>
    <dimen name="x242">365.24dp</dimen>
    <dimen name="x243">366.75dp</dimen>
    <dimen name="x244">368.26dp</dimen>
    <dimen name="x245">369.77dp</dimen>
    <dimen name="x246">371.28dp</dimen>
    <dimen name="x247">372.79dp</dimen>
    <dimen name="x248">374.30dp</dimen>
    <dimen name="x249">375.81dp</dimen>
    <dimen name="x250">377.31dp</dimen>
    <dimen name="x251">378.82dp</dimen>
    <dimen name="x252">380.33dp</dimen>
    <dimen name="x253">381.84dp</dimen>
    <dimen name="x254">383.35dp</dimen>
    <dimen name="x255">384.86dp</dimen>
    <dimen name="x256">386.37dp</dimen>
    <dimen name="x257">387.88dp</dimen>
    <dimen name="x258">389.39dp</dimen>
    <dimen name="x259">390.90dp</dimen>
    <dimen name="x260">392.41dp</dimen>
    <dimen name="x261">393.92dp</dimen>
    <dimen name="x262">395.43dp</dimen>
    <dimen name="x263">396.94dp</dimen>
    <dimen name="x264">398.44dp</dimen>
    <dimen name="x265">399.95dp</dimen>
    <dimen name="x266">401.46dp</dimen>
    <dimen name="x267">402.97dp</dimen>
    <dimen name="x268">404.48dp</dimen>
    <dimen name="x269">405.99dp</dimen>
    <dimen name="x270">407.50dp</dimen>
    <dimen name="x271">409.01dp</dimen>
    <dimen name="x272">410.52dp</dimen>
    <dimen name="x273">412.03dp</dimen>
    <dimen name="x274">413.54dp</dimen>
    <dimen name="x275">415.05dp</dimen>
    <dimen name="x276">416.56dp</dimen>
    <dimen name="x277">418.06dp</dimen>
    <dimen name="x278">419.57dp</dimen>
    <dimen name="x279">421.08dp</dimen>
    <dimen name="x280">422.59dp</dimen>
    <dimen name="x281">424.10dp</dimen>
    <dimen name="x282">425.61dp</dimen>
    <dimen name="x283">427.12dp</dimen>
    <dimen name="x284">428.63dp</dimen>
    <dimen name="x285">430.14dp</dimen>
    <dimen name="x286">431.65dp</dimen>
    <dimen name="x287">433.16dp</dimen>
    <dimen name="x288">434.67dp</dimen>
    <dimen name="x289">436.18dp</dimen>
    <dimen name="x290">437.69dp</dimen>
    <dimen name="x291">439.19dp</dimen>
    <dimen name="x292">440.70dp</dimen>
    <dimen name="x293">442.21dp</dimen>
    <dimen name="x294">443.72dp</dimen>
    <dimen name="x295">445.23dp</dimen>
    <dimen name="x296">446.74dp</dimen>
    <dimen name="x297">448.25dp</dimen>
    <dimen name="x298">449.76dp</dimen>
    <dimen name="x299">451.27dp</dimen>
    <dimen name="x300">452.78dp</dimen>
    <dimen name="x301">454.29dp</dimen>
    <dimen name="x302">455.80dp</dimen>
    <dimen name="x303">457.31dp</dimen>
    <dimen name="x304">458.81dp</dimen>
    <dimen name="x305">460.32dp</dimen>
    <dimen name="x306">461.83dp</dimen>
    <dimen name="x307">463.34dp</dimen>
    <dimen name="x308">464.85dp</dimen>
    <dimen name="x309">466.36dp</dimen>
    <dimen name="x310">467.87dp</dimen>
    <dimen name="x311">469.38dp</dimen>
    <dimen name="x312">470.89dp</dimen>
    <dimen name="x313">472.40dp</dimen>
    <dimen name="x314">473.91dp</dimen>
    <dimen name="x315">475.42dp</dimen>
    <dimen name="x316">476.93dp</dimen>
    <dimen name="x317">478.44dp</dimen>
    <dimen name="x318">479.94dp</dimen>
    <dimen name="x319">481.45dp</dimen>
    <dimen name="x320">482.96dp</dimen>
    <dimen name="x321">484.47dp</dimen>
    <dimen name="x322">485.98dp</dimen>
    <dimen name="x323">487.49dp</dimen>
    <dimen name="x324">489.00dp</dimen>
    <dimen name="x325">490.51dp</dimen>
    <dimen name="x326">492.02dp</dimen>
    <dimen name="x327">493.53dp</dimen>
    <dimen name="x328">495.04dp</dimen>
    <dimen name="x329">496.55dp</dimen>
    <dimen name="x330">498.06dp</dimen>
    <dimen name="x331">499.56dp</dimen>
    <dimen name="x332">501.07dp</dimen>
    <dimen name="x333">502.58dp</dimen>
    <dimen name="x334">504.09dp</dimen>
    <dimen name="x335">505.60dp</dimen>
    <dimen name="x336">507.11dp</dimen>
    <dimen name="x337">508.62dp</dimen>
    <dimen name="x338">510.13dp</dimen>
    <dimen name="x339">511.64dp</dimen>
    <dimen name="x340">513.15dp</dimen>
    <dimen name="x341">514.66dp</dimen>
    <dimen name="x342">516.17dp</dimen>
    <dimen name="x343">517.68dp</dimen>
    <dimen name="x344">519.19dp</dimen>
    <dimen name="x345">520.69dp</dimen>
    <dimen name="x346">522.20dp</dimen>
    <dimen name="x347">523.71dp</dimen>
    <dimen name="x348">525.22dp</dimen>
    <dimen name="x349">526.73dp</dimen>
    <dimen name="x350">528.24dp</dimen>
    <dimen name="x351">529.75dp</dimen>
    <dimen name="x352">531.26dp</dimen>
    <dimen name="x353">532.77dp</dimen>
    <dimen name="x354">534.28dp</dimen>
    <dimen name="x355">535.79dp</dimen>
    <dimen name="x356">537.30dp</dimen>
    <dimen name="x357">538.81dp</dimen>
    <dimen name="x358">540.31dp</dimen>
    <dimen name="x359">541.82dp</dimen>
    <dimen name="x360">543.33dp</dimen>
    <dimen name="x361">544.84dp</dimen>
    <dimen name="x362">546.35dp</dimen>
    <dimen name="x363">547.86dp</dimen>
    <dimen name="x364">549.37dp</dimen>
    <dimen name="x365">550.88dp</dimen>
    <dimen name="x366">552.39dp</dimen>
    <dimen name="x367">553.90dp</dimen>
    <dimen name="x368">555.41dp</dimen>
    <dimen name="x369">556.92dp</dimen>
    <dimen name="x370">558.43dp</dimen>
    <dimen name="x371">559.94dp</dimen>
    <dimen name="x372">561.44dp</dimen>
    <dimen name="x373">562.95dp</dimen>
    <dimen name="x374">564.46dp</dimen>
    <dimen name="x375">565.97dp</dimen>
    <dimen name="x376">567.48dp</dimen>
    <dimen name="x377">568.99dp</dimen>
    <dimen name="x378">570.50dp</dimen>
    <dimen name="x379">572.01dp</dimen>
    <dimen name="x380">573.52dp</dimen>
    <dimen name="x381">575.03dp</dimen>
    <dimen name="x382">576.54dp</dimen>
    <dimen name="x383">578.05dp</dimen>
    <dimen name="x384">579.56dp</dimen>
    <dimen name="x385">581.06dp</dimen>
    <dimen name="x386">582.57dp</dimen>
    <dimen name="x387">584.08dp</dimen>
    <dimen name="x388">585.59dp</dimen>
    <dimen name="x389">587.10dp</dimen>
    <dimen name="x390">588.61dp</dimen>
    <dimen name="x391">590.12dp</dimen>
    <dimen name="x392">591.63dp</dimen>
    <dimen name="x393">593.14dp</dimen>
    <dimen name="x394">594.65dp</dimen>
    <dimen name="x395">596.16dp</dimen>
    <dimen name="x396">597.67dp</dimen>
    <dimen name="x397">599.18dp</dimen>
    <dimen name="x398">600.69dp</dimen>
    <dimen name="x399">602.19dp</dimen>
    <dimen name="x400">603.70dp</dimen>
    <dimen name="x401">605.21dp</dimen>
    <dimen name="x402">606.72dp</dimen>
    <dimen name="x403">608.23dp</dimen>
    <dimen name="x404">609.74dp</dimen>
    <dimen name="x405">611.25dp</dimen>
    <dimen name="x406">612.76dp</dimen>
    <dimen name="x407">614.27dp</dimen>
    <dimen name="x408">615.78dp</dimen>
    <dimen name="x409">617.29dp</dimen>
    <dimen name="x410">618.80dp</dimen>
    <dimen name="x411">620.31dp</dimen>
    <dimen name="x412">621.81dp</dimen>
    <dimen name="x413">623.32dp</dimen>
    <dimen name="x414">624.83dp</dimen>
    <dimen name="x415">626.34dp</dimen>
    <dimen name="x416">627.85dp</dimen>
    <dimen name="x417">629.36dp</dimen>
    <dimen name="x418">630.87dp</dimen>
    <dimen name="x419">632.38dp</dimen>
    <dimen name="x420">633.89dp</dimen>
    <dimen name="x421">635.40dp</dimen>
    <dimen name="x422">636.91dp</dimen>
    <dimen name="x423">638.42dp</dimen>
    <dimen name="x424">639.93dp</dimen>
    <dimen name="x425">641.44dp</dimen>
    <dimen name="x426">642.94dp</dimen>
    <dimen name="x427">644.45dp</dimen>
    <dimen name="x428">645.96dp</dimen>
    <dimen name="x429">647.47dp</dimen>
    <dimen name="x430">648.98dp</dimen>
    <dimen name="x431">650.49dp</dimen>
    <dimen name="x432">652.00dp</dimen>
    <dimen name="x433">653.51dp</dimen>
    <dimen name="x434">655.02dp</dimen>
    <dimen name="x435">656.53dp</dimen>
    <dimen name="x436">658.04dp</dimen>
    <dimen name="x437">659.55dp</dimen>
    <dimen name="x438">661.06dp</dimen>
    <dimen name="x439">662.56dp</dimen>
    <dimen name="x440">664.07dp</dimen>
    <dimen name="x441">665.58dp</dimen>
    <dimen name="x442">667.09dp</dimen>
    <dimen name="x443">668.60dp</dimen>
    <dimen name="x444">670.11dp</dimen>
    <dimen name="x445">671.62dp</dimen>
    <dimen name="x446">673.13dp</dimen>
    <dimen name="x447">674.64dp</dimen>
    <dimen name="x448">676.15dp</dimen>
    <dimen name="x449">677.66dp</dimen>
    <dimen name="x450">679.17dp</dimen>
    <dimen name="x451">680.68dp</dimen>
    <dimen name="x452">682.19dp</dimen>
    <dimen name="x453">683.69dp</dimen>
    <dimen name="x454">685.20dp</dimen>
    <dimen name="x455">686.71dp</dimen>
    <dimen name="x456">688.22dp</dimen>
    <dimen name="x457">689.73dp</dimen>
    <dimen name="x458">691.24dp</dimen>
    <dimen name="x459">692.75dp</dimen>
    <dimen name="x460">694.26dp</dimen>
    <dimen name="x461">695.77dp</dimen>
    <dimen name="x462">697.28dp</dimen>
    <dimen name="x463">698.79dp</dimen>
    <dimen name="x464">700.30dp</dimen>
    <dimen name="x465">701.81dp</dimen>
    <dimen name="x466">703.31dp</dimen>
    <dimen name="x467">704.82dp</dimen>
    <dimen name="x468">706.33dp</dimen>
    <dimen name="x469">707.84dp</dimen>
    <dimen name="x470">709.35dp</dimen>
    <dimen name="x471">710.86dp</dimen>
    <dimen name="x472">712.37dp</dimen>
    <dimen name="x473">713.88dp</dimen>
    <dimen name="x474">715.39dp</dimen>
    <dimen name="x475">716.90dp</dimen>
    <dimen name="x476">718.41dp</dimen>
    <dimen name="x477">719.92dp</dimen>
    <dimen name="x478">721.43dp</dimen>
    <dimen name="x479">722.94dp</dimen>
    <dimen name="x480">724.44dp</dimen>
    <dimen name="x481">725.95dp</dimen>
    <dimen name="x482">727.46dp</dimen>
    <dimen name="x483">728.97dp</dimen>
    <dimen name="x484">730.48dp</dimen>
    <dimen name="x485">731.99dp</dimen>
    <dimen name="x486">733.50dp</dimen>
    <dimen name="x487">735.01dp</dimen>
    <dimen name="x488">736.52dp</dimen>
    <dimen name="x489">738.03dp</dimen>
    <dimen name="x490">739.54dp</dimen>
    <dimen name="x491">741.05dp</dimen>
    <dimen name="x492">742.56dp</dimen>
    <dimen name="x493">744.06dp</dimen>
    <dimen name="x494">745.57dp</dimen>
    <dimen name="x495">747.08dp</dimen>
    <dimen name="x496">748.59dp</dimen>
    <dimen name="x497">750.10dp</dimen>
    <dimen name="x498">751.61dp</dimen>
    <dimen name="x499">753.12dp</dimen>
    <dimen name="x500">754.63dp</dimen>
    <dimen name="x501">756.14dp</dimen>
    <dimen name="x502">757.65dp</dimen>
    <dimen name="x503">759.16dp</dimen>
    <dimen name="x504">760.67dp</dimen>
    <dimen name="x505">762.18dp</dimen>
    <dimen name="x506">763.69dp</dimen>
    <dimen name="x507">765.19dp</dimen>
    <dimen name="x508">766.70dp</dimen>
    <dimen name="x509">768.21dp</dimen>
    <dimen name="x510">769.72dp</dimen>
    <dimen name="x511">771.23dp</dimen>
    <dimen name="x512">772.74dp</dimen>
    <dimen name="x513">774.25dp</dimen>
    <dimen name="x514">775.76dp</dimen>
    <dimen name="x515">777.27dp</dimen>
    <dimen name="x516">778.78dp</dimen>
    <dimen name="x517">780.29dp</dimen>
    <dimen name="x518">781.80dp</dimen>
    <dimen name="x519">783.31dp</dimen>
    <dimen name="x520">784.81dp</dimen>
    <dimen name="x521">786.32dp</dimen>
    <dimen name="x522">787.83dp</dimen>
    <dimen name="x523">789.34dp</dimen>
    <dimen name="x524">790.85dp</dimen>
    <dimen name="x525">792.36dp</dimen>
    <dimen name="x526">793.87dp</dimen>
    <dimen name="x527">795.38dp</dimen>
    <dimen name="x528">796.89dp</dimen>
    <dimen name="x529">798.40dp</dimen>
    <dimen name="x530">799.91dp</dimen>
    <dimen name="x531">801.42dp</dimen>
    <dimen name="x532">802.93dp</dimen>
    <dimen name="x533">804.44dp</dimen>
    <dimen name="x534">805.94dp</dimen>
    <dimen name="x535">807.45dp</dimen>
    <dimen name="x536">808.96dp</dimen>
    <dimen name="x537">810.47dp</dimen>
    <dimen name="x538">811.98dp</dimen>
    <dimen name="x539">813.49dp</dimen>
    <dimen name="x540">815.00dp</dimen>
    <dimen name="x541">816.51dp</dimen>
    <dimen name="x542">818.02dp</dimen>
    <dimen name="x543">819.53dp</dimen>
    <dimen name="x544">821.04dp</dimen>
    <dimen name="x545">822.55dp</dimen>
    <dimen name="x546">824.06dp</dimen>
    <dimen name="x547">825.56dp</dimen>
    <dimen name="x548">827.07dp</dimen>
    <dimen name="x549">828.58dp</dimen>
    <dimen name="x550">830.09dp</dimen>
    <dimen name="x551">831.60dp</dimen>
    <dimen name="x552">833.11dp</dimen>
    <dimen name="x553">834.62dp</dimen>
    <dimen name="x554">836.13dp</dimen>
    <dimen name="x555">837.64dp</dimen>
    <dimen name="x556">839.15dp</dimen>
    <dimen name="x557">840.66dp</dimen>
    <dimen name="x558">842.17dp</dimen>
    <dimen name="x559">843.68dp</dimen>
    <dimen name="x560">845.19dp</dimen>
    <dimen name="x561">846.69dp</dimen>
    <dimen name="x562">848.20dp</dimen>
    <dimen name="x563">849.71dp</dimen>
    <dimen name="x564">851.22dp</dimen>
    <dimen name="x565">852.73dp</dimen>
    <dimen name="x566">854.24dp</dimen>
    <dimen name="x567">855.75dp</dimen>
    <dimen name="x568">857.26dp</dimen>
    <dimen name="x569">858.77dp</dimen>
    <dimen name="x570">860.28dp</dimen>
    <dimen name="x571">861.79dp</dimen>
    <dimen name="x572">863.30dp</dimen>
    <dimen name="x573">864.81dp</dimen>
    <dimen name="x574">866.31dp</dimen>
    <dimen name="x575">867.82dp</dimen>
    <dimen name="x576">869.33dp</dimen>
    <dimen name="x577">870.84dp</dimen>
    <dimen name="x578">872.35dp</dimen>
    <dimen name="x579">873.86dp</dimen>
    <dimen name="x580">875.37dp</dimen>
    <dimen name="x581">876.88dp</dimen>
    <dimen name="x582">878.39dp</dimen>
    <dimen name="x583">879.90dp</dimen>
    <dimen name="x584">881.41dp</dimen>
    <dimen name="x585">882.92dp</dimen>
    <dimen name="x586">884.43dp</dimen>
    <dimen name="x587">885.94dp</dimen>
    <dimen name="x588">887.44dp</dimen>
    <dimen name="x589">888.95dp</dimen>
    <dimen name="x590">890.46dp</dimen>
    <dimen name="x591">891.97dp</dimen>
    <dimen name="x592">893.48dp</dimen>
    <dimen name="x593">894.99dp</dimen>
    <dimen name="x594">896.50dp</dimen>
    <dimen name="x595">898.01dp</dimen>
    <dimen name="x596">899.52dp</dimen>
    <dimen name="x597">901.03dp</dimen>
    <dimen name="x598">902.54dp</dimen>
    <dimen name="x599">904.05dp</dimen>
    <dimen name="x600">905.56dp</dimen>
    <dimen name="x601">907.06dp</dimen>
    <dimen name="x602">908.57dp</dimen>
    <dimen name="x603">910.08dp</dimen>
    <dimen name="x604">911.59dp</dimen>
    <dimen name="x605">913.10dp</dimen>
    <dimen name="x606">914.61dp</dimen>
    <dimen name="x607">916.12dp</dimen>
    <dimen name="x608">917.63dp</dimen>
    <dimen name="x609">919.14dp</dimen>
    <dimen name="x610">920.65dp</dimen>
    <dimen name="x611">922.16dp</dimen>
    <dimen name="x612">923.67dp</dimen>
    <dimen name="x613">925.18dp</dimen>
    <dimen name="x614">926.69dp</dimen>
    <dimen name="x615">928.19dp</dimen>
    <dimen name="x616">929.70dp</dimen>
    <dimen name="x617">931.21dp</dimen>
    <dimen name="x618">932.72dp</dimen>
    <dimen name="x619">934.23dp</dimen>
    <dimen name="x620">935.74dp</dimen>
    <dimen name="x621">937.25dp</dimen>
    <dimen name="x622">938.76dp</dimen>
    <dimen name="x623">940.27dp</dimen>
    <dimen name="x624">941.78dp</dimen>
    <dimen name="x625">943.29dp</dimen>
    <dimen name="x626">944.80dp</dimen>
    <dimen name="x627">946.31dp</dimen>
    <dimen name="x628">947.81dp</dimen>
    <dimen name="x629">949.32dp</dimen>
    <dimen name="x630">950.83dp</dimen>
    <dimen name="x631">952.34dp</dimen>
    <dimen name="x632">953.85dp</dimen>
    <dimen name="x633">955.36dp</dimen>
    <dimen name="x634">956.87dp</dimen>
    <dimen name="x635">958.38dp</dimen>
    <dimen name="x636">959.89dp</dimen>
    <dimen name="x637">961.40dp</dimen>
    <dimen name="x638">962.91dp</dimen>
    <dimen name="x639">964.42dp</dimen>
    <dimen name="x640">965.93dp</dimen>
    <dimen name="x641">967.44dp</dimen>
    <dimen name="x642">968.94dp</dimen>
    <dimen name="x643">970.45dp</dimen>
    <dimen name="x644">971.96dp</dimen>
    <dimen name="x645">973.47dp</dimen>
    <dimen name="x646">974.98dp</dimen>
    <dimen name="x647">976.49dp</dimen>
    <dimen name="x648">978.00dp</dimen>
    <dimen name="x649">979.51dp</dimen>
    <dimen name="x650">981.02dp</dimen>
    <dimen name="x651">982.53dp</dimen>
    <dimen name="x652">984.04dp</dimen>
    <dimen name="x653">985.55dp</dimen>
    <dimen name="x654">987.06dp</dimen>
    <dimen name="x655">988.56dp</dimen>
    <dimen name="x656">990.07dp</dimen>
    <dimen name="x657">991.58dp</dimen>
    <dimen name="x658">993.09dp</dimen>
    <dimen name="x659">994.60dp</dimen>
    <dimen name="x660">996.11dp</dimen>
    <dimen name="x661">997.62dp</dimen>
    <dimen name="x662">999.13dp</dimen>
    <dimen name="x663">1000.64dp</dimen>
    <dimen name="x664">1002.15dp</dimen>
    <dimen name="x665">1003.66dp</dimen>
    <dimen name="x666">1005.17dp</dimen>
    <dimen name="x667">1006.68dp</dimen>
    <dimen name="x668">1008.19dp</dimen>
    <dimen name="x669">1009.69dp</dimen>
    <dimen name="x670">1011.20dp</dimen>
    <dimen name="x671">1012.71dp</dimen>
    <dimen name="x672">1014.22dp</dimen>
    <dimen name="x673">1015.73dp</dimen>
    <dimen name="x674">1017.24dp</dimen>
    <dimen name="x675">1018.75dp</dimen>
    <dimen name="x676">1020.26dp</dimen>
    <dimen name="x677">1021.77dp</dimen>
    <dimen name="x678">1023.28dp</dimen>
    <dimen name="x679">1024.79dp</dimen>
    <dimen name="x680">1026.30dp</dimen>
    <dimen name="x681">1027.81dp</dimen>
    <dimen name="x682">1029.31dp</dimen>
    <dimen name="x683">1030.82dp</dimen>
    <dimen name="x684">1032.33dp</dimen>
    <dimen name="x685">1033.84dp</dimen>
    <dimen name="x686">1035.35dp</dimen>
    <dimen name="x687">1036.86dp</dimen>
    <dimen name="x688">1038.37dp</dimen>
    <dimen name="x689">1039.88dp</dimen>
    <dimen name="x690">1041.39dp</dimen>
    <dimen name="x691">1042.90dp</dimen>
    <dimen name="x692">1044.41dp</dimen>
    <dimen name="x693">1045.92dp</dimen>
    <dimen name="x694">1047.43dp</dimen>
    <dimen name="x695">1048.94dp</dimen>
    <dimen name="x696">1050.44dp</dimen>
    <dimen name="x697">1051.95dp</dimen>
    <dimen name="x698">1053.46dp</dimen>
    <dimen name="x699">1054.97dp</dimen>
    <dimen name="x700">1056.48dp</dimen>
    <dimen name="x701">1057.99dp</dimen>
    <dimen name="x702">1059.50dp</dimen>
    <dimen name="x703">1061.01dp</dimen>
    <dimen name="x704">1062.52dp</dimen>
    <dimen name="x705">1064.03dp</dimen>
    <dimen name="x706">1065.54dp</dimen>
    <dimen name="x707">1067.05dp</dimen>
    <dimen name="x708">1068.56dp</dimen>
    <dimen name="x709">1070.06dp</dimen>
    <dimen name="x710">1071.57dp</dimen>
    <dimen name="x711">1073.08dp</dimen>
    <dimen name="x712">1074.59dp</dimen>
    <dimen name="x713">1076.10dp</dimen>
    <dimen name="x714">1077.61dp</dimen>
    <dimen name="x715">1079.12dp</dimen>
    <dimen name="x716">1080.63dp</dimen>
    <dimen name="x717">1082.14dp</dimen>
    <dimen name="x718">1083.65dp</dimen>
    <dimen name="x719">1085.16dp</dimen>
    <dimen name="x720">1086.67dp</dimen>
    <dimen name="x721">1088.18dp</dimen>
    <dimen name="x722">1089.69dp</dimen>
    <dimen name="x723">1091.19dp</dimen>
    <dimen name="x724">1092.70dp</dimen>
    <dimen name="x725">1094.21dp</dimen>
    <dimen name="x726">1095.72dp</dimen>
    <dimen name="x727">1097.23dp</dimen>
    <dimen name="x728">1098.74dp</dimen>
    <dimen name="x729">1100.25dp</dimen>
    <dimen name="x730">1101.76dp</dimen>
    <dimen name="x731">1103.27dp</dimen>
    <dimen name="x732">1104.78dp</dimen>
    <dimen name="x733">1106.29dp</dimen>
    <dimen name="x734">1107.80dp</dimen>
    <dimen name="x735">1109.31dp</dimen>
    <dimen name="x736">1110.81dp</dimen>
    <dimen name="x737">1112.32dp</dimen>
    <dimen name="x738">1113.83dp</dimen>
    <dimen name="x739">1115.34dp</dimen>
    <dimen name="x740">1116.85dp</dimen>
    <dimen name="x741">1118.36dp</dimen>
    <dimen name="x742">1119.87dp</dimen>
    <dimen name="x743">1121.38dp</dimen>
    <dimen name="x744">1122.89dp</dimen>
    <dimen name="x745">1124.40dp</dimen>
    <dimen name="x746">1125.91dp</dimen>
    <dimen name="x747">1127.42dp</dimen>
    <dimen name="x748">1128.93dp</dimen>
    <dimen name="x749">1130.44dp</dimen>
    <dimen name="x750">1131.94dp</dimen>
    <dimen name="x751">1133.45dp</dimen>
    <dimen name="x752">1134.96dp</dimen>
    <dimen name="x753">1136.47dp</dimen>
    <dimen name="x754">1137.98dp</dimen>
    <dimen name="x755">1139.49dp</dimen>
    <dimen name="x756">1141.00dp</dimen>
    <dimen name="x757">1142.51dp</dimen>
    <dimen name="x758">1144.02dp</dimen>
    <dimen name="x759">1145.53dp</dimen>
    <dimen name="x760">1147.04dp</dimen>
    <dimen name="x761">1148.55dp</dimen>
    <dimen name="x762">1150.06dp</dimen>
    <dimen name="x763">1151.56dp</dimen>
    <dimen name="x764">1153.07dp</dimen>
    <dimen name="x765">1154.58dp</dimen>
    <dimen name="x766">1156.09dp</dimen>
    <dimen name="x767">1157.60dp</dimen>
    <dimen name="x768">1159.11dp</dimen>
    <dimen name="x769">1160.62dp</dimen>
    <dimen name="x770">1162.13dp</dimen>
    <dimen name="x771">1163.64dp</dimen>
    <dimen name="x772">1165.15dp</dimen>
    <dimen name="x773">1166.66dp</dimen>
    <dimen name="x774">1168.17dp</dimen>
    <dimen name="x775">1169.68dp</dimen>
    <dimen name="x776">1171.19dp</dimen>
    <dimen name="x777">1172.69dp</dimen>
    <dimen name="x778">1174.20dp</dimen>
    <dimen name="x779">1175.71dp</dimen>
    <dimen name="x780">1177.22dp</dimen>
    <dimen name="x781">1178.73dp</dimen>
    <dimen name="x782">1180.24dp</dimen>
    <dimen name="x783">1181.75dp</dimen>
    <dimen name="x784">1183.26dp</dimen>
    <dimen name="x785">1184.77dp</dimen>
    <dimen name="x786">1186.28dp</dimen>
    <dimen name="x787">1187.79dp</dimen>
    <dimen name="x788">1189.30dp</dimen>
    <dimen name="x789">1190.81dp</dimen>
    <dimen name="x790">1192.31dp</dimen>
    <dimen name="x791">1193.82dp</dimen>
    <dimen name="x792">1195.33dp</dimen>
    <dimen name="x793">1196.84dp</dimen>
    <dimen name="x794">1198.35dp</dimen>
    <dimen name="x795">1199.86dp</dimen>
    <dimen name="x796">1201.37dp</dimen>
    <dimen name="x797">1202.88dp</dimen>
    <dimen name="x798">1204.39dp</dimen>
    <dimen name="x799">1205.90dp</dimen>
    <dimen name="x800">1207.41dp</dimen>
    <dimen name="x801">1208.92dp</dimen>
    <dimen name="x802">1210.43dp</dimen>
    <dimen name="x803">1211.94dp</dimen>
    <dimen name="x804">1213.44dp</dimen>
    <dimen name="x805">1214.95dp</dimen>
    <dimen name="x806">1216.46dp</dimen>
    <dimen name="x807">1217.97dp</dimen>
    <dimen name="x808">1219.48dp</dimen>
    <dimen name="x809">1220.99dp</dimen>
    <dimen name="x810">1222.50dp</dimen>
    <dimen name="x811">1224.01dp</dimen>
    <dimen name="x812">1225.52dp</dimen>
    <dimen name="x813">1227.03dp</dimen>
    <dimen name="x814">1228.54dp</dimen>
    <dimen name="x815">1230.05dp</dimen>
    <dimen name="x816">1231.56dp</dimen>
    <dimen name="x817">1233.06dp</dimen>
    <dimen name="x818">1234.57dp</dimen>
    <dimen name="x819">1236.08dp</dimen>
    <dimen name="x820">1237.59dp</dimen>
    <dimen name="x821">1239.10dp</dimen>
    <dimen name="x822">1240.61dp</dimen>
    <dimen name="x823">1242.12dp</dimen>
    <dimen name="x824">1243.63dp</dimen>
    <dimen name="x825">1245.14dp</dimen>
    <dimen name="x826">1246.65dp</dimen>
    <dimen name="x827">1248.16dp</dimen>
    <dimen name="x828">1249.67dp</dimen>
    <dimen name="x829">1251.18dp</dimen>
    <dimen name="x830">1252.69dp</dimen>
    <dimen name="x831">1254.19dp</dimen>
    <dimen name="x832">1255.70dp</dimen>
    <dimen name="x833">1257.21dp</dimen>
    <dimen name="x834">1258.72dp</dimen>
    <dimen name="x835">1260.23dp</dimen>
    <dimen name="x836">1261.74dp</dimen>
    <dimen name="x837">1263.25dp</dimen>
    <dimen name="x838">1264.76dp</dimen>
    <dimen name="x839">1266.27dp</dimen>
    <dimen name="x840">1267.78dp</dimen>
    <dimen name="x841">1269.29dp</dimen>
    <dimen name="x842">1270.80dp</dimen>
    <dimen name="x843">1272.31dp</dimen>
    <dimen name="x844">1273.81dp</dimen>
    <dimen name="x845">1275.32dp</dimen>
    <dimen name="x846">1276.83dp</dimen>
    <dimen name="x847">1278.34dp</dimen>
    <dimen name="x848">1279.85dp</dimen>
    <dimen name="x849">1281.36dp</dimen>
    <dimen name="x850">1282.87dp</dimen>
    <dimen name="x851">1284.38dp</dimen>
    <dimen name="x852">1285.89dp</dimen>
    <dimen name="x853">1287.40dp</dimen>
    <dimen name="x854">1288.91dp</dimen>
    <dimen name="x855">1290.42dp</dimen>
    <dimen name="x856">1291.93dp</dimen>
    <dimen name="x857">1293.44dp</dimen>
    <dimen name="x858">1294.94dp</dimen>
    <dimen name="x859">1296.45dp</dimen>
    <dimen name="x860">1297.96dp</dimen>
    <dimen name="x861">1299.47dp</dimen>
    <dimen name="x862">1300.98dp</dimen>
    <dimen name="x863">1302.49dp</dimen>
    <dimen name="x864">1304.00dp</dimen>
    <dimen name="x865">1305.51dp</dimen>
    <dimen name="x866">1307.02dp</dimen>
    <dimen name="x867">1308.53dp</dimen>
    <dimen name="x868">1310.04dp</dimen>
    <dimen name="x869">1311.55dp</dimen>
    <dimen name="x870">1313.06dp</dimen>
    <dimen name="x871">1314.56dp</dimen>
    <dimen name="x872">1316.07dp</dimen>
    <dimen name="x873">1317.58dp</dimen>
    <dimen name="x874">1319.09dp</dimen>
    <dimen name="x875">1320.60dp</dimen>
    <dimen name="x876">1322.11dp</dimen>
    <dimen name="x877">1323.62dp</dimen>
    <dimen name="x878">1325.13dp</dimen>
    <dimen name="x879">1326.64dp</dimen>
    <dimen name="x880">1328.15dp</dimen>
    <dimen name="x881">1329.66dp</dimen>
    <dimen name="x882">1331.17dp</dimen>
    <dimen name="x883">1332.68dp</dimen>
    <dimen name="x884">1334.19dp</dimen>
    <dimen name="x885">1335.69dp</dimen>
    <dimen name="x886">1337.20dp</dimen>
    <dimen name="x887">1338.71dp</dimen>
    <dimen name="x888">1340.22dp</dimen>
    <dimen name="x889">1341.73dp</dimen>
    <dimen name="x890">1343.24dp</dimen>
    <dimen name="x891">1344.75dp</dimen>
    <dimen name="x892">1346.26dp</dimen>
    <dimen name="x893">1347.77dp</dimen>
    <dimen name="x894">1349.28dp</dimen>
    <dimen name="x895">1350.79dp</dimen>
    <dimen name="x896">1352.30dp</dimen>
    <dimen name="x897">1353.81dp</dimen>
    <dimen name="x898">1355.31dp</dimen>
    <dimen name="x899">1356.82dp</dimen>
    <dimen name="x900">1358.33dp</dimen>
    <dimen name="x901">1359.84dp</dimen>
    <dimen name="x902">1361.35dp</dimen>
    <dimen name="x903">1362.86dp</dimen>
    <dimen name="x904">1364.37dp</dimen>
    <dimen name="x905">1365.88dp</dimen>
    <dimen name="x906">1367.39dp</dimen>
    <dimen name="x907">1368.90dp</dimen>
    <dimen name="x908">1370.41dp</dimen>
    <dimen name="x909">1371.92dp</dimen>
    <dimen name="x910">1373.43dp</dimen>
    <dimen name="x911">1374.94dp</dimen>
    <dimen name="x912">1376.44dp</dimen>
    <dimen name="x913">1377.95dp</dimen>
    <dimen name="x914">1379.46dp</dimen>
    <dimen name="x915">1380.97dp</dimen>
    <dimen name="x916">1382.48dp</dimen>
    <dimen name="x917">1383.99dp</dimen>
    <dimen name="x918">1385.50dp</dimen>
    <dimen name="x919">1387.01dp</dimen>
    <dimen name="x920">1388.52dp</dimen>
    <dimen name="x921">1390.03dp</dimen>
    <dimen name="x922">1391.54dp</dimen>
    <dimen name="x923">1393.05dp</dimen>
    <dimen name="x924">1394.56dp</dimen>
    <dimen name="x925">1396.06dp</dimen>
    <dimen name="x926">1397.57dp</dimen>
    <dimen name="x927">1399.08dp</dimen>
    <dimen name="x928">1400.59dp</dimen>
    <dimen name="x929">1402.10dp</dimen>
    <dimen name="x930">1403.61dp</dimen>
    <dimen name="x931">1405.12dp</dimen>
    <dimen name="x932">1406.63dp</dimen>
    <dimen name="x933">1408.14dp</dimen>
    <dimen name="x934">1409.65dp</dimen>
    <dimen name="x935">1411.16dp</dimen>
    <dimen name="x936">1412.67dp</dimen>
    <dimen name="x937">1414.18dp</dimen>
    <dimen name="x938">1415.69dp</dimen>
    <dimen name="x939">1417.19dp</dimen>
    <dimen name="x940">1418.70dp</dimen>
    <dimen name="x941">1420.21dp</dimen>
    <dimen name="x942">1421.72dp</dimen>
    <dimen name="x943">1423.23dp</dimen>
    <dimen name="x944">1424.74dp</dimen>
    <dimen name="x945">1426.25dp</dimen>
    <dimen name="x946">1427.76dp</dimen>
    <dimen name="x947">1429.27dp</dimen>
    <dimen name="x948">1430.78dp</dimen>
    <dimen name="x949">1432.29dp</dimen>
    <dimen name="x950">1433.80dp</dimen>
    <dimen name="x951">1435.31dp</dimen>
    <dimen name="x952">1436.81dp</dimen>
    <dimen name="x953">1438.32dp</dimen>
    <dimen name="x954">1439.83dp</dimen>
    <dimen name="x955">1441.34dp</dimen>
    <dimen name="x956">1442.85dp</dimen>
    <dimen name="x957">1444.36dp</dimen>
    <dimen name="x958">1445.87dp</dimen>
    <dimen name="x959">1447.38dp</dimen>
    <dimen name="x960">1448.89dp</dimen>
    <dimen name="x961">1450.40dp</dimen>
    <dimen name="x962">1451.91dp</dimen>
    <dimen name="x963">1453.42dp</dimen>
    <dimen name="x964">1454.93dp</dimen>
    <dimen name="x965">1456.44dp</dimen>
    <dimen name="x966">1457.94dp</dimen>
    <dimen name="x967">1459.45dp</dimen>
    <dimen name="x968">1460.96dp</dimen>
    <dimen name="x969">1462.47dp</dimen>
    <dimen name="x970">1463.98dp</dimen>
    <dimen name="x971">1465.49dp</dimen>
    <dimen name="x972">1467.00dp</dimen>
    <dimen name="x973">1468.51dp</dimen>
    <dimen name="x974">1470.02dp</dimen>
    <dimen name="x975">1471.53dp</dimen>
    <dimen name="x976">1473.04dp</dimen>
    <dimen name="x977">1474.55dp</dimen>
    <dimen name="x978">1476.06dp</dimen>
    <dimen name="x979">1477.56dp</dimen>
    <dimen name="x980">1479.07dp</dimen>
    <dimen name="x981">1480.58dp</dimen>
    <dimen name="x982">1482.09dp</dimen>
    <dimen name="x983">1483.60dp</dimen>
    <dimen name="x984">1485.11dp</dimen>
    <dimen name="x985">1486.62dp</dimen>
    <dimen name="x986">1488.13dp</dimen>
    <dimen name="x987">1489.64dp</dimen>
    <dimen name="x988">1491.15dp</dimen>
    <dimen name="x989">1492.66dp</dimen>
    <dimen name="x990">1494.17dp</dimen>
    <dimen name="x991">1495.68dp</dimen>
    <dimen name="x992">1497.19dp</dimen>
    <dimen name="x993">1498.69dp</dimen>
    <dimen name="x994">1500.20dp</dimen>
    <dimen name="x995">1501.71dp</dimen>
    <dimen name="x996">1503.22dp</dimen>
    <dimen name="x997">1504.73dp</dimen>
    <dimen name="x998">1506.24dp</dimen>
    <dimen name="x999">1507.75dp</dimen>
    <dimen name="x1000">1509.26dp</dimen>
    <dimen name="x1001">1510.77dp</dimen>
    <dimen name="x1002">1512.28dp</dimen>
    <dimen name="x1003">1513.79dp</dimen>
    <dimen name="x1004">1515.30dp</dimen>
    <dimen name="x1005">1516.81dp</dimen>
    <dimen name="x1006">1518.31dp</dimen>
    <dimen name="x1007">1519.82dp</dimen>
    <dimen name="x1008">1521.33dp</dimen>
    <dimen name="x1009">1522.84dp</dimen>
    <dimen name="x1010">1524.35dp</dimen>
    <dimen name="x1011">1525.86dp</dimen>
    <dimen name="x1012">1527.37dp</dimen>
    <dimen name="x1013">1528.88dp</dimen>
    <dimen name="x1014">1530.39dp</dimen>
    <dimen name="x1015">1531.90dp</dimen>
    <dimen name="x1016">1533.41dp</dimen>
    <dimen name="x1017">1534.92dp</dimen>
    <dimen name="x1018">1536.43dp</dimen>
    <dimen name="x1019">1537.94dp</dimen>
    <dimen name="x1020">1539.44dp</dimen>
    <dimen name="x1021">1540.95dp</dimen>
    <dimen name="x1022">1542.46dp</dimen>
    <dimen name="x1023">1543.97dp</dimen>
    <dimen name="x1024">1545.48dp</dimen>
    <dimen name="x1025">1546.99dp</dimen>
    <dimen name="x1026">1548.50dp</dimen>
    <dimen name="x1027">1550.01dp</dimen>
    <dimen name="x1028">1551.52dp</dimen>
    <dimen name="x1029">1553.03dp</dimen>
    <dimen name="x1030">1554.54dp</dimen>
    <dimen name="x1031">1556.05dp</dimen>
    <dimen name="x1032">1557.56dp</dimen>
    <dimen name="x1033">1559.06dp</dimen>
    <dimen name="x1034">1560.57dp</dimen>
    <dimen name="x1035">1562.08dp</dimen>
    <dimen name="x1036">1563.59dp</dimen>
    <dimen name="x1037">1565.10dp</dimen>
    <dimen name="x1038">1566.61dp</dimen>
    <dimen name="x1039">1568.12dp</dimen>
    <dimen name="x1040">1569.63dp</dimen>
    <dimen name="x1041">1571.14dp</dimen>
    <dimen name="x1042">1572.65dp</dimen>
    <dimen name="x1043">1574.16dp</dimen>
    <dimen name="x1044">1575.67dp</dimen>
    <dimen name="x1045">1577.18dp</dimen>
    <dimen name="x1046">1578.69dp</dimen>
    <dimen name="x1047">1580.19dp</dimen>
    <dimen name="x1048">1581.70dp</dimen>
    <dimen name="x1049">1583.21dp</dimen>
    <dimen name="x1050">1584.72dp</dimen>
    <dimen name="x1051">1586.23dp</dimen>
    <dimen name="x1052">1587.74dp</dimen>
    <dimen name="x1053">1589.25dp</dimen>
    <dimen name="x1054">1590.76dp</dimen>
    <dimen name="x1055">1592.27dp</dimen>
    <dimen name="x1056">1593.78dp</dimen>
    <dimen name="x1057">1595.29dp</dimen>
    <dimen name="x1058">1596.80dp</dimen>
    <dimen name="x1059">1598.31dp</dimen>
    <dimen name="x1060">1599.81dp</dimen>
    <dimen name="x1061">1601.32dp</dimen>
    <dimen name="x1062">1602.83dp</dimen>
    <dimen name="x1063">1604.34dp</dimen>
    <dimen name="x1064">1605.85dp</dimen>
    <dimen name="x1065">1607.36dp</dimen>
    <dimen name="x1066">1608.87dp</dimen>
    <dimen name="x1067">1610.38dp</dimen>
    <dimen name="x1068">1611.89dp</dimen>
    <dimen name="x1069">1613.40dp</dimen>
    <dimen name="x1070">1614.91dp</dimen>
    <dimen name="x1071">1616.42dp</dimen>
    <dimen name="x1072">1617.93dp</dimen>
    <dimen name="x1073">1619.44dp</dimen>
    <dimen name="x1074">1620.94dp</dimen>
    <dimen name="x1075">1622.45dp</dimen>
    <dimen name="x1076">1623.96dp</dimen>
    <dimen name="x1077">1625.47dp</dimen>
    <dimen name="x1078">1626.98dp</dimen>
    <dimen name="x1079">1628.49dp</dimen>
    <dimen name="x1080">1630.00dp</dimen>
</resources>