<?xml version="1.0" encoding="utf-8"?>
<resources>
    <string name="sw_dp">1450dp</string>
    <dimen name="x1">1.34dp</dimen>
    <dimen name="x2">2.69dp</dimen>
    <dimen name="x3">4.03dp</dimen>
    <dimen name="x4">5.37dp</dimen>
    <dimen name="x5">6.71dp</dimen>
    <dimen name="x6">8.06dp</dimen>
    <dimen name="x7">9.40dp</dimen>
    <dimen name="x8">10.74dp</dimen>
    <dimen name="x9">12.08dp</dimen>
    <dimen name="x10">13.43dp</dimen>
    <dimen name="x11">14.77dp</dimen>
    <dimen name="x12">16.11dp</dimen>
    <dimen name="x13">17.45dp</dimen>
    <dimen name="x14">18.80dp</dimen>
    <dimen name="x15">20.14dp</dimen>
    <dimen name="x16">21.48dp</dimen>
    <dimen name="x17">22.82dp</dimen>
    <dimen name="x18">24.17dp</dimen>
    <dimen name="x19">25.51dp</dimen>
    <dimen name="x20">26.85dp</dimen>
    <dimen name="x21">28.19dp</dimen>
    <dimen name="x22">29.54dp</dimen>
    <dimen name="x23">30.88dp</dimen>
    <dimen name="x24">32.22dp</dimen>
    <dimen name="x25">33.56dp</dimen>
    <dimen name="x26">34.91dp</dimen>
    <dimen name="x27">36.25dp</dimen>
    <dimen name="x28">37.59dp</dimen>
    <dimen name="x29">38.94dp</dimen>
    <dimen name="x30">40.28dp</dimen>
    <dimen name="x31">41.62dp</dimen>
    <dimen name="x32">42.96dp</dimen>
    <dimen name="x33">44.31dp</dimen>
    <dimen name="x34">45.65dp</dimen>
    <dimen name="x35">46.99dp</dimen>
    <dimen name="x36">48.33dp</dimen>
    <dimen name="x37">49.68dp</dimen>
    <dimen name="x38">51.02dp</dimen>
    <dimen name="x39">52.36dp</dimen>
    <dimen name="x40">53.70dp</dimen>
    <dimen name="x41">55.05dp</dimen>
    <dimen name="x42">56.39dp</dimen>
    <dimen name="x43">57.73dp</dimen>
    <dimen name="x44">59.07dp</dimen>
    <dimen name="x45">60.42dp</dimen>
    <dimen name="x46">61.76dp</dimen>
    <dimen name="x47">63.10dp</dimen>
    <dimen name="x48">64.44dp</dimen>
    <dimen name="x49">65.79dp</dimen>
    <dimen name="x50">67.13dp</dimen>
    <dimen name="x51">68.47dp</dimen>
    <dimen name="x52">69.81dp</dimen>
    <dimen name="x53">71.16dp</dimen>
    <dimen name="x54">72.50dp</dimen>
    <dimen name="x55">73.84dp</dimen>
    <dimen name="x56">75.19dp</dimen>
    <dimen name="x57">76.53dp</dimen>
    <dimen name="x58">77.87dp</dimen>
    <dimen name="x59">79.21dp</dimen>
    <dimen name="x60">80.56dp</dimen>
    <dimen name="x61">81.90dp</dimen>
    <dimen name="x62">83.24dp</dimen>
    <dimen name="x63">84.58dp</dimen>
    <dimen name="x64">85.93dp</dimen>
    <dimen name="x65">87.27dp</dimen>
    <dimen name="x66">88.61dp</dimen>
    <dimen name="x67">89.95dp</dimen>
    <dimen name="x68">91.30dp</dimen>
    <dimen name="x69">92.64dp</dimen>
    <dimen name="x70">93.98dp</dimen>
    <dimen name="x71">95.32dp</dimen>
    <dimen name="x72">96.67dp</dimen>
    <dimen name="x73">98.01dp</dimen>
    <dimen name="x74">99.35dp</dimen>
    <dimen name="x75">100.69dp</dimen>
    <dimen name="x76">102.04dp</dimen>
    <dimen name="x77">103.38dp</dimen>
    <dimen name="x78">104.72dp</dimen>
    <dimen name="x79">106.06dp</dimen>
    <dimen name="x80">107.41dp</dimen>
    <dimen name="x81">108.75dp</dimen>
    <dimen name="x82">110.09dp</dimen>
    <dimen name="x83">111.44dp</dimen>
    <dimen name="x84">112.78dp</dimen>
    <dimen name="x85">114.12dp</dimen>
    <dimen name="x86">115.46dp</dimen>
    <dimen name="x87">116.81dp</dimen>
    <dimen name="x88">118.15dp</dimen>
    <dimen name="x89">119.49dp</dimen>
    <dimen name="x90">120.83dp</dimen>
    <dimen name="x91">122.18dp</dimen>
    <dimen name="x92">123.52dp</dimen>
    <dimen name="x93">124.86dp</dimen>
    <dimen name="x94">126.20dp</dimen>
    <dimen name="x95">127.55dp</dimen>
    <dimen name="x96">128.89dp</dimen>
    <dimen name="x97">130.23dp</dimen>
    <dimen name="x98">131.57dp</dimen>
    <dimen name="x99">132.92dp</dimen>
    <dimen name="x100">134.26dp</dimen>
    <dimen name="x101">135.60dp</dimen>
    <dimen name="x102">136.94dp</dimen>
    <dimen name="x103">138.29dp</dimen>
    <dimen name="x104">139.63dp</dimen>
    <dimen name="x105">140.97dp</dimen>
    <dimen name="x106">142.31dp</dimen>
    <dimen name="x107">143.66dp</dimen>
    <dimen name="x108">145.00dp</dimen>
    <dimen name="x109">146.34dp</dimen>
    <dimen name="x110">147.69dp</dimen>
    <dimen name="x111">149.03dp</dimen>
    <dimen name="x112">150.37dp</dimen>
    <dimen name="x113">151.71dp</dimen>
    <dimen name="x114">153.06dp</dimen>
    <dimen name="x115">154.40dp</dimen>
    <dimen name="x116">155.74dp</dimen>
    <dimen name="x117">157.08dp</dimen>
    <dimen name="x118">158.43dp</dimen>
    <dimen name="x119">159.77dp</dimen>
    <dimen name="x120">161.11dp</dimen>
    <dimen name="x121">162.45dp</dimen>
    <dimen name="x122">163.80dp</dimen>
    <dimen name="x123">165.14dp</dimen>
    <dimen name="x124">166.48dp</dimen>
    <dimen name="x125">167.82dp</dimen>
    <dimen name="x126">169.17dp</dimen>
    <dimen name="x127">170.51dp</dimen>
    <dimen name="x128">171.85dp</dimen>
    <dimen name="x129">173.19dp</dimen>
    <dimen name="x130">174.54dp</dimen>
    <dimen name="x131">175.88dp</dimen>
    <dimen name="x132">177.22dp</dimen>
    <dimen name="x133">178.56dp</dimen>
    <dimen name="x134">179.91dp</dimen>
    <dimen name="x135">181.25dp</dimen>
    <dimen name="x136">182.59dp</dimen>
    <dimen name="x137">183.94dp</dimen>
    <dimen name="x138">185.28dp</dimen>
    <dimen name="x139">186.62dp</dimen>
    <dimen name="x140">187.96dp</dimen>
    <dimen name="x141">189.31dp</dimen>
    <dimen name="x142">190.65dp</dimen>
    <dimen name="x143">191.99dp</dimen>
    <dimen name="x144">193.33dp</dimen>
    <dimen name="x145">194.68dp</dimen>
    <dimen name="x146">196.02dp</dimen>
    <dimen name="x147">197.36dp</dimen>
    <dimen name="x148">198.70dp</dimen>
    <dimen name="x149">200.05dp</dimen>
    <dimen name="x150">201.39dp</dimen>
    <dimen name="x151">202.73dp</dimen>
    <dimen name="x152">204.07dp</dimen>
    <dimen name="x153">205.42dp</dimen>
    <dimen name="x154">206.76dp</dimen>
    <dimen name="x155">208.10dp</dimen>
    <dimen name="x156">209.44dp</dimen>
    <dimen name="x157">210.79dp</dimen>
    <dimen name="x158">212.13dp</dimen>
    <dimen name="x159">213.47dp</dimen>
    <dimen name="x160">214.81dp</dimen>
    <dimen name="x161">216.16dp</dimen>
    <dimen name="x162">217.50dp</dimen>
    <dimen name="x163">218.84dp</dimen>
    <dimen name="x164">220.19dp</dimen>
    <dimen name="x165">221.53dp</dimen>
    <dimen name="x166">222.87dp</dimen>
    <dimen name="x167">224.21dp</dimen>
    <dimen name="x168">225.56dp</dimen>
    <dimen name="x169">226.90dp</dimen>
    <dimen name="x170">228.24dp</dimen>
    <dimen name="x171">229.58dp</dimen>
    <dimen name="x172">230.93dp</dimen>
    <dimen name="x173">232.27dp</dimen>
    <dimen name="x174">233.61dp</dimen>
    <dimen name="x175">234.95dp</dimen>
    <dimen name="x176">236.30dp</dimen>
    <dimen name="x177">237.64dp</dimen>
    <dimen name="x178">238.98dp</dimen>
    <dimen name="x179">240.32dp</dimen>
    <dimen name="x180">241.67dp</dimen>
    <dimen name="x181">243.01dp</dimen>
    <dimen name="x182">244.35dp</dimen>
    <dimen name="x183">245.69dp</dimen>
    <dimen name="x184">247.04dp</dimen>
    <dimen name="x185">248.38dp</dimen>
    <dimen name="x186">249.72dp</dimen>
    <dimen name="x187">251.06dp</dimen>
    <dimen name="x188">252.41dp</dimen>
    <dimen name="x189">253.75dp</dimen>
    <dimen name="x190">255.09dp</dimen>
    <dimen name="x191">256.44dp</dimen>
    <dimen name="x192">257.78dp</dimen>
    <dimen name="x193">259.12dp</dimen>
    <dimen name="x194">260.46dp</dimen>
    <dimen name="x195">261.81dp</dimen>
    <dimen name="x196">263.15dp</dimen>
    <dimen name="x197">264.49dp</dimen>
    <dimen name="x198">265.83dp</dimen>
    <dimen name="x199">267.18dp</dimen>
    <dimen name="x200">268.52dp</dimen>
    <dimen name="x201">269.86dp</dimen>
    <dimen name="x202">271.20dp</dimen>
    <dimen name="x203">272.55dp</dimen>
    <dimen name="x204">273.89dp</dimen>
    <dimen name="x205">275.23dp</dimen>
    <dimen name="x206">276.57dp</dimen>
    <dimen name="x207">277.92dp</dimen>
    <dimen name="x208">279.26dp</dimen>
    <dimen name="x209">280.60dp</dimen>
    <dimen name="x210">281.94dp</dimen>
    <dimen name="x211">283.29dp</dimen>
    <dimen name="x212">284.63dp</dimen>
    <dimen name="x213">285.97dp</dimen>
    <dimen name="x214">287.31dp</dimen>
    <dimen name="x215">288.66dp</dimen>
    <dimen name="x216">290.00dp</dimen>
    <dimen name="x217">291.34dp</dimen>
    <dimen name="x218">292.69dp</dimen>
    <dimen name="x219">294.03dp</dimen>
    <dimen name="x220">295.37dp</dimen>
    <dimen name="x221">296.71dp</dimen>
    <dimen name="x222">298.06dp</dimen>
    <dimen name="x223">299.40dp</dimen>
    <dimen name="x224">300.74dp</dimen>
    <dimen name="x225">302.08dp</dimen>
    <dimen name="x226">303.43dp</dimen>
    <dimen name="x227">304.77dp</dimen>
    <dimen name="x228">306.11dp</dimen>
    <dimen name="x229">307.45dp</dimen>
    <dimen name="x230">308.80dp</dimen>
    <dimen name="x231">310.14dp</dimen>
    <dimen name="x232">311.48dp</dimen>
    <dimen name="x233">312.82dp</dimen>
    <dimen name="x234">314.17dp</dimen>
    <dimen name="x235">315.51dp</dimen>
    <dimen name="x236">316.85dp</dimen>
    <dimen name="x237">318.19dp</dimen>
    <dimen name="x238">319.54dp</dimen>
    <dimen name="x239">320.88dp</dimen>
    <dimen name="x240">322.22dp</dimen>
    <dimen name="x241">323.56dp</dimen>
    <dimen name="x242">324.91dp</dimen>
    <dimen name="x243">326.25dp</dimen>
    <dimen name="x244">327.59dp</dimen>
    <dimen name="x245">328.94dp</dimen>
    <dimen name="x246">330.28dp</dimen>
    <dimen name="x247">331.62dp</dimen>
    <dimen name="x248">332.96dp</dimen>
    <dimen name="x249">334.31dp</dimen>
    <dimen name="x250">335.65dp</dimen>
    <dimen name="x251">336.99dp</dimen>
    <dimen name="x252">338.33dp</dimen>
    <dimen name="x253">339.68dp</dimen>
    <dimen name="x254">341.02dp</dimen>
    <dimen name="x255">342.36dp</dimen>
    <dimen name="x256">343.70dp</dimen>
    <dimen name="x257">345.05dp</dimen>
    <dimen name="x258">346.39dp</dimen>
    <dimen name="x259">347.73dp</dimen>
    <dimen name="x260">349.07dp</dimen>
    <dimen name="x261">350.42dp</dimen>
    <dimen name="x262">351.76dp</dimen>
    <dimen name="x263">353.10dp</dimen>
    <dimen name="x264">354.44dp</dimen>
    <dimen name="x265">355.79dp</dimen>
    <dimen name="x266">357.13dp</dimen>
    <dimen name="x267">358.47dp</dimen>
    <dimen name="x268">359.81dp</dimen>
    <dimen name="x269">361.16dp</dimen>
    <dimen name="x270">362.50dp</dimen>
    <dimen name="x271">363.84dp</dimen>
    <dimen name="x272">365.19dp</dimen>
    <dimen name="x273">366.53dp</dimen>
    <dimen name="x274">367.87dp</dimen>
    <dimen name="x275">369.21dp</dimen>
    <dimen name="x276">370.56dp</dimen>
    <dimen name="x277">371.90dp</dimen>
    <dimen name="x278">373.24dp</dimen>
    <dimen name="x279">374.58dp</dimen>
    <dimen name="x280">375.93dp</dimen>
    <dimen name="x281">377.27dp</dimen>
    <dimen name="x282">378.61dp</dimen>
    <dimen name="x283">379.95dp</dimen>
    <dimen name="x284">381.30dp</dimen>
    <dimen name="x285">382.64dp</dimen>
    <dimen name="x286">383.98dp</dimen>
    <dimen name="x287">385.32dp</dimen>
    <dimen name="x288">386.67dp</dimen>
    <dimen name="x289">388.01dp</dimen>
    <dimen name="x290">389.35dp</dimen>
    <dimen name="x291">390.69dp</dimen>
    <dimen name="x292">392.04dp</dimen>
    <dimen name="x293">393.38dp</dimen>
    <dimen name="x294">394.72dp</dimen>
    <dimen name="x295">396.06dp</dimen>
    <dimen name="x296">397.41dp</dimen>
    <dimen name="x297">398.75dp</dimen>
    <dimen name="x298">400.09dp</dimen>
    <dimen name="x299">401.44dp</dimen>
    <dimen name="x300">402.78dp</dimen>
    <dimen name="x301">404.12dp</dimen>
    <dimen name="x302">405.46dp</dimen>
    <dimen name="x303">406.81dp</dimen>
    <dimen name="x304">408.15dp</dimen>
    <dimen name="x305">409.49dp</dimen>
    <dimen name="x306">410.83dp</dimen>
    <dimen name="x307">412.18dp</dimen>
    <dimen name="x308">413.52dp</dimen>
    <dimen name="x309">414.86dp</dimen>
    <dimen name="x310">416.20dp</dimen>
    <dimen name="x311">417.55dp</dimen>
    <dimen name="x312">418.89dp</dimen>
    <dimen name="x313">420.23dp</dimen>
    <dimen name="x314">421.57dp</dimen>
    <dimen name="x315">422.92dp</dimen>
    <dimen name="x316">424.26dp</dimen>
    <dimen name="x317">425.60dp</dimen>
    <dimen name="x318">426.94dp</dimen>
    <dimen name="x319">428.29dp</dimen>
    <dimen name="x320">429.63dp</dimen>
    <dimen name="x321">430.97dp</dimen>
    <dimen name="x322">432.31dp</dimen>
    <dimen name="x323">433.66dp</dimen>
    <dimen name="x324">435.00dp</dimen>
    <dimen name="x325">436.34dp</dimen>
    <dimen name="x326">437.69dp</dimen>
    <dimen name="x327">439.03dp</dimen>
    <dimen name="x328">440.37dp</dimen>
    <dimen name="x329">441.71dp</dimen>
    <dimen name="x330">443.06dp</dimen>
    <dimen name="x331">444.40dp</dimen>
    <dimen name="x332">445.74dp</dimen>
    <dimen name="x333">447.08dp</dimen>
    <dimen name="x334">448.43dp</dimen>
    <dimen name="x335">449.77dp</dimen>
    <dimen name="x336">451.11dp</dimen>
    <dimen name="x337">452.45dp</dimen>
    <dimen name="x338">453.80dp</dimen>
    <dimen name="x339">455.14dp</dimen>
    <dimen name="x340">456.48dp</dimen>
    <dimen name="x341">457.82dp</dimen>
    <dimen name="x342">459.17dp</dimen>
    <dimen name="x343">460.51dp</dimen>
    <dimen name="x344">461.85dp</dimen>
    <dimen name="x345">463.19dp</dimen>
    <dimen name="x346">464.54dp</dimen>
    <dimen name="x347">465.88dp</dimen>
    <dimen name="x348">467.22dp</dimen>
    <dimen name="x349">468.56dp</dimen>
    <dimen name="x350">469.91dp</dimen>
    <dimen name="x351">471.25dp</dimen>
    <dimen name="x352">472.59dp</dimen>
    <dimen name="x353">473.94dp</dimen>
    <dimen name="x354">475.28dp</dimen>
    <dimen name="x355">476.62dp</dimen>
    <dimen name="x356">477.96dp</dimen>
    <dimen name="x357">479.31dp</dimen>
    <dimen name="x358">480.65dp</dimen>
    <dimen name="x359">481.99dp</dimen>
    <dimen name="x360">483.33dp</dimen>
    <dimen name="x361">484.68dp</dimen>
    <dimen name="x362">486.02dp</dimen>
    <dimen name="x363">487.36dp</dimen>
    <dimen name="x364">488.70dp</dimen>
    <dimen name="x365">490.05dp</dimen>
    <dimen name="x366">491.39dp</dimen>
    <dimen name="x367">492.73dp</dimen>
    <dimen name="x368">494.07dp</dimen>
    <dimen name="x369">495.42dp</dimen>
    <dimen name="x370">496.76dp</dimen>
    <dimen name="x371">498.10dp</dimen>
    <dimen name="x372">499.44dp</dimen>
    <dimen name="x373">500.79dp</dimen>
    <dimen name="x374">502.13dp</dimen>
    <dimen name="x375">503.47dp</dimen>
    <dimen name="x376">504.81dp</dimen>
    <dimen name="x377">506.16dp</dimen>
    <dimen name="x378">507.50dp</dimen>
    <dimen name="x379">508.84dp</dimen>
    <dimen name="x380">510.19dp</dimen>
    <dimen name="x381">511.53dp</dimen>
    <dimen name="x382">512.87dp</dimen>
    <dimen name="x383">514.21dp</dimen>
    <dimen name="x384">515.56dp</dimen>
    <dimen name="x385">516.90dp</dimen>
    <dimen name="x386">518.24dp</dimen>
    <dimen name="x387">519.58dp</dimen>
    <dimen name="x388">520.93dp</dimen>
    <dimen name="x389">522.27dp</dimen>
    <dimen name="x390">523.61dp</dimen>
    <dimen name="x391">524.95dp</dimen>
    <dimen name="x392">526.30dp</dimen>
    <dimen name="x393">527.64dp</dimen>
    <dimen name="x394">528.98dp</dimen>
    <dimen name="x395">530.32dp</dimen>
    <dimen name="x396">531.67dp</dimen>
    <dimen name="x397">533.01dp</dimen>
    <dimen name="x398">534.35dp</dimen>
    <dimen name="x399">535.69dp</dimen>
    <dimen name="x400">537.04dp</dimen>
    <dimen name="x401">538.38dp</dimen>
    <dimen name="x402">539.72dp</dimen>
    <dimen name="x403">541.06dp</dimen>
    <dimen name="x404">542.41dp</dimen>
    <dimen name="x405">543.75dp</dimen>
    <dimen name="x406">545.09dp</dimen>
    <dimen name="x407">546.44dp</dimen>
    <dimen name="x408">547.78dp</dimen>
    <dimen name="x409">549.12dp</dimen>
    <dimen name="x410">550.46dp</dimen>
    <dimen name="x411">551.81dp</dimen>
    <dimen name="x412">553.15dp</dimen>
    <dimen name="x413">554.49dp</dimen>
    <dimen name="x414">555.83dp</dimen>
    <dimen name="x415">557.18dp</dimen>
    <dimen name="x416">558.52dp</dimen>
    <dimen name="x417">559.86dp</dimen>
    <dimen name="x418">561.20dp</dimen>
    <dimen name="x419">562.55dp</dimen>
    <dimen name="x420">563.89dp</dimen>
    <dimen name="x421">565.23dp</dimen>
    <dimen name="x422">566.57dp</dimen>
    <dimen name="x423">567.92dp</dimen>
    <dimen name="x424">569.26dp</dimen>
    <dimen name="x425">570.60dp</dimen>
    <dimen name="x426">571.94dp</dimen>
    <dimen name="x427">573.29dp</dimen>
    <dimen name="x428">574.63dp</dimen>
    <dimen name="x429">575.97dp</dimen>
    <dimen name="x430">577.31dp</dimen>
    <dimen name="x431">578.66dp</dimen>
    <dimen name="x432">580.00dp</dimen>
    <dimen name="x433">581.34dp</dimen>
    <dimen name="x434">582.69dp</dimen>
    <dimen name="x435">584.03dp</dimen>
    <dimen name="x436">585.37dp</dimen>
    <dimen name="x437">586.71dp</dimen>
    <dimen name="x438">588.06dp</dimen>
    <dimen name="x439">589.40dp</dimen>
    <dimen name="x440">590.74dp</dimen>
    <dimen name="x441">592.08dp</dimen>
    <dimen name="x442">593.43dp</dimen>
    <dimen name="x443">594.77dp</dimen>
    <dimen name="x444">596.11dp</dimen>
    <dimen name="x445">597.45dp</dimen>
    <dimen name="x446">598.80dp</dimen>
    <dimen name="x447">600.14dp</dimen>
    <dimen name="x448">601.48dp</dimen>
    <dimen name="x449">602.82dp</dimen>
    <dimen name="x450">604.17dp</dimen>
    <dimen name="x451">605.51dp</dimen>
    <dimen name="x452">606.85dp</dimen>
    <dimen name="x453">608.19dp</dimen>
    <dimen name="x454">609.54dp</dimen>
    <dimen name="x455">610.88dp</dimen>
    <dimen name="x456">612.22dp</dimen>
    <dimen name="x457">613.56dp</dimen>
    <dimen name="x458">614.91dp</dimen>
    <dimen name="x459">616.25dp</dimen>
    <dimen name="x460">617.59dp</dimen>
    <dimen name="x461">618.94dp</dimen>
    <dimen name="x462">620.28dp</dimen>
    <dimen name="x463">621.62dp</dimen>
    <dimen name="x464">622.96dp</dimen>
    <dimen name="x465">624.31dp</dimen>
    <dimen name="x466">625.65dp</dimen>
    <dimen name="x467">626.99dp</dimen>
    <dimen name="x468">628.33dp</dimen>
    <dimen name="x469">629.68dp</dimen>
    <dimen name="x470">631.02dp</dimen>
    <dimen name="x471">632.36dp</dimen>
    <dimen name="x472">633.70dp</dimen>
    <dimen name="x473">635.05dp</dimen>
    <dimen name="x474">636.39dp</dimen>
    <dimen name="x475">637.73dp</dimen>
    <dimen name="x476">639.07dp</dimen>
    <dimen name="x477">640.42dp</dimen>
    <dimen name="x478">641.76dp</dimen>
    <dimen name="x479">643.10dp</dimen>
    <dimen name="x480">644.44dp</dimen>
    <dimen name="x481">645.79dp</dimen>
    <dimen name="x482">647.13dp</dimen>
    <dimen name="x483">648.47dp</dimen>
    <dimen name="x484">649.81dp</dimen>
    <dimen name="x485">651.16dp</dimen>
    <dimen name="x486">652.50dp</dimen>
    <dimen name="x487">653.84dp</dimen>
    <dimen name="x488">655.19dp</dimen>
    <dimen name="x489">656.53dp</dimen>
    <dimen name="x490">657.87dp</dimen>
    <dimen name="x491">659.21dp</dimen>
    <dimen name="x492">660.56dp</dimen>
    <dimen name="x493">661.90dp</dimen>
    <dimen name="x494">663.24dp</dimen>
    <dimen name="x495">664.58dp</dimen>
    <dimen name="x496">665.93dp</dimen>
    <dimen name="x497">667.27dp</dimen>
    <dimen name="x498">668.61dp</dimen>
    <dimen name="x499">669.95dp</dimen>
    <dimen name="x500">671.30dp</dimen>
    <dimen name="x501">672.64dp</dimen>
    <dimen name="x502">673.98dp</dimen>
    <dimen name="x503">675.32dp</dimen>
    <dimen name="x504">676.67dp</dimen>
    <dimen name="x505">678.01dp</dimen>
    <dimen name="x506">679.35dp</dimen>
    <dimen name="x507">680.69dp</dimen>
    <dimen name="x508">682.04dp</dimen>
    <dimen name="x509">683.38dp</dimen>
    <dimen name="x510">684.72dp</dimen>
    <dimen name="x511">686.06dp</dimen>
    <dimen name="x512">687.41dp</dimen>
    <dimen name="x513">688.75dp</dimen>
    <dimen name="x514">690.09dp</dimen>
    <dimen name="x515">691.44dp</dimen>
    <dimen name="x516">692.78dp</dimen>
    <dimen name="x517">694.12dp</dimen>
    <dimen name="x518">695.46dp</dimen>
    <dimen name="x519">696.81dp</dimen>
    <dimen name="x520">698.15dp</dimen>
    <dimen name="x521">699.49dp</dimen>
    <dimen name="x522">700.83dp</dimen>
    <dimen name="x523">702.18dp</dimen>
    <dimen name="x524">703.52dp</dimen>
    <dimen name="x525">704.86dp</dimen>
    <dimen name="x526">706.20dp</dimen>
    <dimen name="x527">707.55dp</dimen>
    <dimen name="x528">708.89dp</dimen>
    <dimen name="x529">710.23dp</dimen>
    <dimen name="x530">711.57dp</dimen>
    <dimen name="x531">712.92dp</dimen>
    <dimen name="x532">714.26dp</dimen>
    <dimen name="x533">715.60dp</dimen>
    <dimen name="x534">716.94dp</dimen>
    <dimen name="x535">718.29dp</dimen>
    <dimen name="x536">719.63dp</dimen>
    <dimen name="x537">720.97dp</dimen>
    <dimen name="x538">722.31dp</dimen>
    <dimen name="x539">723.66dp</dimen>
    <dimen name="x540">725.00dp</dimen>
    <dimen name="x541">726.34dp</dimen>
    <dimen name="x542">727.69dp</dimen>
    <dimen name="x543">729.03dp</dimen>
    <dimen name="x544">730.37dp</dimen>
    <dimen name="x545">731.71dp</dimen>
    <dimen name="x546">733.06dp</dimen>
    <dimen name="x547">734.40dp</dimen>
    <dimen name="x548">735.74dp</dimen>
    <dimen name="x549">737.08dp</dimen>
    <dimen name="x550">738.43dp</dimen>
    <dimen name="x551">739.77dp</dimen>
    <dimen name="x552">741.11dp</dimen>
    <dimen name="x553">742.45dp</dimen>
    <dimen name="x554">743.80dp</dimen>
    <dimen name="x555">745.14dp</dimen>
    <dimen name="x556">746.48dp</dimen>
    <dimen name="x557">747.82dp</dimen>
    <dimen name="x558">749.17dp</dimen>
    <dimen name="x559">750.51dp</dimen>
    <dimen name="x560">751.85dp</dimen>
    <dimen name="x561">753.19dp</dimen>
    <dimen name="x562">754.54dp</dimen>
    <dimen name="x563">755.88dp</dimen>
    <dimen name="x564">757.22dp</dimen>
    <dimen name="x565">758.56dp</dimen>
    <dimen name="x566">759.91dp</dimen>
    <dimen name="x567">761.25dp</dimen>
    <dimen name="x568">762.59dp</dimen>
    <dimen name="x569">763.94dp</dimen>
    <dimen name="x570">765.28dp</dimen>
    <dimen name="x571">766.62dp</dimen>
    <dimen name="x572">767.96dp</dimen>
    <dimen name="x573">769.31dp</dimen>
    <dimen name="x574">770.65dp</dimen>
    <dimen name="x575">771.99dp</dimen>
    <dimen name="x576">773.33dp</dimen>
    <dimen name="x577">774.68dp</dimen>
    <dimen name="x578">776.02dp</dimen>
    <dimen name="x579">777.36dp</dimen>
    <dimen name="x580">778.70dp</dimen>
    <dimen name="x581">780.05dp</dimen>
    <dimen name="x582">781.39dp</dimen>
    <dimen name="x583">782.73dp</dimen>
    <dimen name="x584">784.07dp</dimen>
    <dimen name="x585">785.42dp</dimen>
    <dimen name="x586">786.76dp</dimen>
    <dimen name="x587">788.10dp</dimen>
    <dimen name="x588">789.44dp</dimen>
    <dimen name="x589">790.79dp</dimen>
    <dimen name="x590">792.13dp</dimen>
    <dimen name="x591">793.47dp</dimen>
    <dimen name="x592">794.81dp</dimen>
    <dimen name="x593">796.16dp</dimen>
    <dimen name="x594">797.50dp</dimen>
    <dimen name="x595">798.84dp</dimen>
    <dimen name="x596">800.19dp</dimen>
    <dimen name="x597">801.53dp</dimen>
    <dimen name="x598">802.87dp</dimen>
    <dimen name="x599">804.21dp</dimen>
    <dimen name="x600">805.56dp</dimen>
    <dimen name="x601">806.90dp</dimen>
    <dimen name="x602">808.24dp</dimen>
    <dimen name="x603">809.58dp</dimen>
    <dimen name="x604">810.93dp</dimen>
    <dimen name="x605">812.27dp</dimen>
    <dimen name="x606">813.61dp</dimen>
    <dimen name="x607">814.95dp</dimen>
    <dimen name="x608">816.30dp</dimen>
    <dimen name="x609">817.64dp</dimen>
    <dimen name="x610">818.98dp</dimen>
    <dimen name="x611">820.32dp</dimen>
    <dimen name="x612">821.67dp</dimen>
    <dimen name="x613">823.01dp</dimen>
    <dimen name="x614">824.35dp</dimen>
    <dimen name="x615">825.69dp</dimen>
    <dimen name="x616">827.04dp</dimen>
    <dimen name="x617">828.38dp</dimen>
    <dimen name="x618">829.72dp</dimen>
    <dimen name="x619">831.06dp</dimen>
    <dimen name="x620">832.41dp</dimen>
    <dimen name="x621">833.75dp</dimen>
    <dimen name="x622">835.09dp</dimen>
    <dimen name="x623">836.44dp</dimen>
    <dimen name="x624">837.78dp</dimen>
    <dimen name="x625">839.12dp</dimen>
    <dimen name="x626">840.46dp</dimen>
    <dimen name="x627">841.81dp</dimen>
    <dimen name="x628">843.15dp</dimen>
    <dimen name="x629">844.49dp</dimen>
    <dimen name="x630">845.83dp</dimen>
    <dimen name="x631">847.18dp</dimen>
    <dimen name="x632">848.52dp</dimen>
    <dimen name="x633">849.86dp</dimen>
    <dimen name="x634">851.20dp</dimen>
    <dimen name="x635">852.55dp</dimen>
    <dimen name="x636">853.89dp</dimen>
    <dimen name="x637">855.23dp</dimen>
    <dimen name="x638">856.57dp</dimen>
    <dimen name="x639">857.92dp</dimen>
    <dimen name="x640">859.26dp</dimen>
    <dimen name="x641">860.60dp</dimen>
    <dimen name="x642">861.94dp</dimen>
    <dimen name="x643">863.29dp</dimen>
    <dimen name="x644">864.63dp</dimen>
    <dimen name="x645">865.97dp</dimen>
    <dimen name="x646">867.31dp</dimen>
    <dimen name="x647">868.66dp</dimen>
    <dimen name="x648">870.00dp</dimen>
    <dimen name="x649">871.34dp</dimen>
    <dimen name="x650">872.69dp</dimen>
    <dimen name="x651">874.03dp</dimen>
    <dimen name="x652">875.37dp</dimen>
    <dimen name="x653">876.71dp</dimen>
    <dimen name="x654">878.06dp</dimen>
    <dimen name="x655">879.40dp</dimen>
    <dimen name="x656">880.74dp</dimen>
    <dimen name="x657">882.08dp</dimen>
    <dimen name="x658">883.43dp</dimen>
    <dimen name="x659">884.77dp</dimen>
    <dimen name="x660">886.11dp</dimen>
    <dimen name="x661">887.45dp</dimen>
    <dimen name="x662">888.80dp</dimen>
    <dimen name="x663">890.14dp</dimen>
    <dimen name="x664">891.48dp</dimen>
    <dimen name="x665">892.82dp</dimen>
    <dimen name="x666">894.17dp</dimen>
    <dimen name="x667">895.51dp</dimen>
    <dimen name="x668">896.85dp</dimen>
    <dimen name="x669">898.19dp</dimen>
    <dimen name="x670">899.54dp</dimen>
    <dimen name="x671">900.88dp</dimen>
    <dimen name="x672">902.22dp</dimen>
    <dimen name="x673">903.56dp</dimen>
    <dimen name="x674">904.91dp</dimen>
    <dimen name="x675">906.25dp</dimen>
    <dimen name="x676">907.59dp</dimen>
    <dimen name="x677">908.94dp</dimen>
    <dimen name="x678">910.28dp</dimen>
    <dimen name="x679">911.62dp</dimen>
    <dimen name="x680">912.96dp</dimen>
    <dimen name="x681">914.31dp</dimen>
    <dimen name="x682">915.65dp</dimen>
    <dimen name="x683">916.99dp</dimen>
    <dimen name="x684">918.33dp</dimen>
    <dimen name="x685">919.68dp</dimen>
    <dimen name="x686">921.02dp</dimen>
    <dimen name="x687">922.36dp</dimen>
    <dimen name="x688">923.70dp</dimen>
    <dimen name="x689">925.05dp</dimen>
    <dimen name="x690">926.39dp</dimen>
    <dimen name="x691">927.73dp</dimen>
    <dimen name="x692">929.07dp</dimen>
    <dimen name="x693">930.42dp</dimen>
    <dimen name="x694">931.76dp</dimen>
    <dimen name="x695">933.10dp</dimen>
    <dimen name="x696">934.44dp</dimen>
    <dimen name="x697">935.79dp</dimen>
    <dimen name="x698">937.13dp</dimen>
    <dimen name="x699">938.47dp</dimen>
    <dimen name="x700">939.81dp</dimen>
    <dimen name="x701">941.16dp</dimen>
    <dimen name="x702">942.50dp</dimen>
    <dimen name="x703">943.84dp</dimen>
    <dimen name="x704">945.19dp</dimen>
    <dimen name="x705">946.53dp</dimen>
    <dimen name="x706">947.87dp</dimen>
    <dimen name="x707">949.21dp</dimen>
    <dimen name="x708">950.56dp</dimen>
    <dimen name="x709">951.90dp</dimen>
    <dimen name="x710">953.24dp</dimen>
    <dimen name="x711">954.58dp</dimen>
    <dimen name="x712">955.93dp</dimen>
    <dimen name="x713">957.27dp</dimen>
    <dimen name="x714">958.61dp</dimen>
    <dimen name="x715">959.95dp</dimen>
    <dimen name="x716">961.30dp</dimen>
    <dimen name="x717">962.64dp</dimen>
    <dimen name="x718">963.98dp</dimen>
    <dimen name="x719">965.32dp</dimen>
    <dimen name="x720">966.67dp</dimen>
    <dimen name="x721">968.01dp</dimen>
    <dimen name="x722">969.35dp</dimen>
    <dimen name="x723">970.69dp</dimen>
    <dimen name="x724">972.04dp</dimen>
    <dimen name="x725">973.38dp</dimen>
    <dimen name="x726">974.72dp</dimen>
    <dimen name="x727">976.06dp</dimen>
    <dimen name="x728">977.41dp</dimen>
    <dimen name="x729">978.75dp</dimen>
    <dimen name="x730">980.09dp</dimen>
    <dimen name="x731">981.44dp</dimen>
    <dimen name="x732">982.78dp</dimen>
    <dimen name="x733">984.12dp</dimen>
    <dimen name="x734">985.46dp</dimen>
    <dimen name="x735">986.81dp</dimen>
    <dimen name="x736">988.15dp</dimen>
    <dimen name="x737">989.49dp</dimen>
    <dimen name="x738">990.83dp</dimen>
    <dimen name="x739">992.18dp</dimen>
    <dimen name="x740">993.52dp</dimen>
    <dimen name="x741">994.86dp</dimen>
    <dimen name="x742">996.20dp</dimen>
    <dimen name="x743">997.55dp</dimen>
    <dimen name="x744">998.89dp</dimen>
    <dimen name="x745">1000.23dp</dimen>
    <dimen name="x746">1001.57dp</dimen>
    <dimen name="x747">1002.92dp</dimen>
    <dimen name="x748">1004.26dp</dimen>
    <dimen name="x749">1005.60dp</dimen>
    <dimen name="x750">1006.94dp</dimen>
    <dimen name="x751">1008.29dp</dimen>
    <dimen name="x752">1009.63dp</dimen>
    <dimen name="x753">1010.97dp</dimen>
    <dimen name="x754">1012.31dp</dimen>
    <dimen name="x755">1013.66dp</dimen>
    <dimen name="x756">1015.00dp</dimen>
    <dimen name="x757">1016.34dp</dimen>
    <dimen name="x758">1017.69dp</dimen>
    <dimen name="x759">1019.03dp</dimen>
    <dimen name="x760">1020.37dp</dimen>
    <dimen name="x761">1021.71dp</dimen>
    <dimen name="x762">1023.06dp</dimen>
    <dimen name="x763">1024.40dp</dimen>
    <dimen name="x764">1025.74dp</dimen>
    <dimen name="x765">1027.08dp</dimen>
    <dimen name="x766">1028.43dp</dimen>
    <dimen name="x767">1029.77dp</dimen>
    <dimen name="x768">1031.11dp</dimen>
    <dimen name="x769">1032.45dp</dimen>
    <dimen name="x770">1033.80dp</dimen>
    <dimen name="x771">1035.14dp</dimen>
    <dimen name="x772">1036.48dp</dimen>
    <dimen name="x773">1037.82dp</dimen>
    <dimen name="x774">1039.17dp</dimen>
    <dimen name="x775">1040.51dp</dimen>
    <dimen name="x776">1041.85dp</dimen>
    <dimen name="x777">1043.19dp</dimen>
    <dimen name="x778">1044.54dp</dimen>
    <dimen name="x779">1045.88dp</dimen>
    <dimen name="x780">1047.22dp</dimen>
    <dimen name="x781">1048.56dp</dimen>
    <dimen name="x782">1049.91dp</dimen>
    <dimen name="x783">1051.25dp</dimen>
    <dimen name="x784">1052.59dp</dimen>
    <dimen name="x785">1053.94dp</dimen>
    <dimen name="x786">1055.28dp</dimen>
    <dimen name="x787">1056.62dp</dimen>
    <dimen name="x788">1057.96dp</dimen>
    <dimen name="x789">1059.31dp</dimen>
    <dimen name="x790">1060.65dp</dimen>
    <dimen name="x791">1061.99dp</dimen>
    <dimen name="x792">1063.33dp</dimen>
    <dimen name="x793">1064.68dp</dimen>
    <dimen name="x794">1066.02dp</dimen>
    <dimen name="x795">1067.36dp</dimen>
    <dimen name="x796">1068.70dp</dimen>
    <dimen name="x797">1070.05dp</dimen>
    <dimen name="x798">1071.39dp</dimen>
    <dimen name="x799">1072.73dp</dimen>
    <dimen name="x800">1074.07dp</dimen>
    <dimen name="x801">1075.42dp</dimen>
    <dimen name="x802">1076.76dp</dimen>
    <dimen name="x803">1078.10dp</dimen>
    <dimen name="x804">1079.44dp</dimen>
    <dimen name="x805">1080.79dp</dimen>
    <dimen name="x806">1082.13dp</dimen>
    <dimen name="x807">1083.47dp</dimen>
    <dimen name="x808">1084.81dp</dimen>
    <dimen name="x809">1086.16dp</dimen>
    <dimen name="x810">1087.50dp</dimen>
    <dimen name="x811">1088.84dp</dimen>
    <dimen name="x812">1090.19dp</dimen>
    <dimen name="x813">1091.53dp</dimen>
    <dimen name="x814">1092.87dp</dimen>
    <dimen name="x815">1094.21dp</dimen>
    <dimen name="x816">1095.56dp</dimen>
    <dimen name="x817">1096.90dp</dimen>
    <dimen name="x818">1098.24dp</dimen>
    <dimen name="x819">1099.58dp</dimen>
    <dimen name="x820">1100.93dp</dimen>
    <dimen name="x821">1102.27dp</dimen>
    <dimen name="x822">1103.61dp</dimen>
    <dimen name="x823">1104.95dp</dimen>
    <dimen name="x824">1106.30dp</dimen>
    <dimen name="x825">1107.64dp</dimen>
    <dimen name="x826">1108.98dp</dimen>
    <dimen name="x827">1110.32dp</dimen>
    <dimen name="x828">1111.67dp</dimen>
    <dimen name="x829">1113.01dp</dimen>
    <dimen name="x830">1114.35dp</dimen>
    <dimen name="x831">1115.69dp</dimen>
    <dimen name="x832">1117.04dp</dimen>
    <dimen name="x833">1118.38dp</dimen>
    <dimen name="x834">1119.72dp</dimen>
    <dimen name="x835">1121.06dp</dimen>
    <dimen name="x836">1122.41dp</dimen>
    <dimen name="x837">1123.75dp</dimen>
    <dimen name="x838">1125.09dp</dimen>
    <dimen name="x839">1126.44dp</dimen>
    <dimen name="x840">1127.78dp</dimen>
    <dimen name="x841">1129.12dp</dimen>
    <dimen name="x842">1130.46dp</dimen>
    <dimen name="x843">1131.81dp</dimen>
    <dimen name="x844">1133.15dp</dimen>
    <dimen name="x845">1134.49dp</dimen>
    <dimen name="x846">1135.83dp</dimen>
    <dimen name="x847">1137.18dp</dimen>
    <dimen name="x848">1138.52dp</dimen>
    <dimen name="x849">1139.86dp</dimen>
    <dimen name="x850">1141.20dp</dimen>
    <dimen name="x851">1142.55dp</dimen>
    <dimen name="x852">1143.89dp</dimen>
    <dimen name="x853">1145.23dp</dimen>
    <dimen name="x854">1146.57dp</dimen>
    <dimen name="x855">1147.92dp</dimen>
    <dimen name="x856">1149.26dp</dimen>
    <dimen name="x857">1150.60dp</dimen>
    <dimen name="x858">1151.94dp</dimen>
    <dimen name="x859">1153.29dp</dimen>
    <dimen name="x860">1154.63dp</dimen>
    <dimen name="x861">1155.97dp</dimen>
    <dimen name="x862">1157.31dp</dimen>
    <dimen name="x863">1158.66dp</dimen>
    <dimen name="x864">1160.00dp</dimen>
    <dimen name="x865">1161.34dp</dimen>
    <dimen name="x866">1162.69dp</dimen>
    <dimen name="x867">1164.03dp</dimen>
    <dimen name="x868">1165.37dp</dimen>
    <dimen name="x869">1166.71dp</dimen>
    <dimen name="x870">1168.06dp</dimen>
    <dimen name="x871">1169.40dp</dimen>
    <dimen name="x872">1170.74dp</dimen>
    <dimen name="x873">1172.08dp</dimen>
    <dimen name="x874">1173.43dp</dimen>
    <dimen name="x875">1174.77dp</dimen>
    <dimen name="x876">1176.11dp</dimen>
    <dimen name="x877">1177.45dp</dimen>
    <dimen name="x878">1178.80dp</dimen>
    <dimen name="x879">1180.14dp</dimen>
    <dimen name="x880">1181.48dp</dimen>
    <dimen name="x881">1182.82dp</dimen>
    <dimen name="x882">1184.17dp</dimen>
    <dimen name="x883">1185.51dp</dimen>
    <dimen name="x884">1186.85dp</dimen>
    <dimen name="x885">1188.19dp</dimen>
    <dimen name="x886">1189.54dp</dimen>
    <dimen name="x887">1190.88dp</dimen>
    <dimen name="x888">1192.22dp</dimen>
    <dimen name="x889">1193.56dp</dimen>
    <dimen name="x890">1194.91dp</dimen>
    <dimen name="x891">1196.25dp</dimen>
    <dimen name="x892">1197.59dp</dimen>
    <dimen name="x893">1198.94dp</dimen>
    <dimen name="x894">1200.28dp</dimen>
    <dimen name="x895">1201.62dp</dimen>
    <dimen name="x896">1202.96dp</dimen>
    <dimen name="x897">1204.31dp</dimen>
    <dimen name="x898">1205.65dp</dimen>
    <dimen name="x899">1206.99dp</dimen>
    <dimen name="x900">1208.33dp</dimen>
    <dimen name="x901">1209.68dp</dimen>
    <dimen name="x902">1211.02dp</dimen>
    <dimen name="x903">1212.36dp</dimen>
    <dimen name="x904">1213.70dp</dimen>
    <dimen name="x905">1215.05dp</dimen>
    <dimen name="x906">1216.39dp</dimen>
    <dimen name="x907">1217.73dp</dimen>
    <dimen name="x908">1219.07dp</dimen>
    <dimen name="x909">1220.42dp</dimen>
    <dimen name="x910">1221.76dp</dimen>
    <dimen name="x911">1223.10dp</dimen>
    <dimen name="x912">1224.44dp</dimen>
    <dimen name="x913">1225.79dp</dimen>
    <dimen name="x914">1227.13dp</dimen>
    <dimen name="x915">1228.47dp</dimen>
    <dimen name="x916">1229.81dp</dimen>
    <dimen name="x917">1231.16dp</dimen>
    <dimen name="x918">1232.50dp</dimen>
    <dimen name="x919">1233.84dp</dimen>
    <dimen name="x920">1235.19dp</dimen>
    <dimen name="x921">1236.53dp</dimen>
    <dimen name="x922">1237.87dp</dimen>
    <dimen name="x923">1239.21dp</dimen>
    <dimen name="x924">1240.56dp</dimen>
    <dimen name="x925">1241.90dp</dimen>
    <dimen name="x926">1243.24dp</dimen>
    <dimen name="x927">1244.58dp</dimen>
    <dimen name="x928">1245.93dp</dimen>
    <dimen name="x929">1247.27dp</dimen>
    <dimen name="x930">1248.61dp</dimen>
    <dimen name="x931">1249.95dp</dimen>
    <dimen name="x932">1251.30dp</dimen>
    <dimen name="x933">1252.64dp</dimen>
    <dimen name="x934">1253.98dp</dimen>
    <dimen name="x935">1255.32dp</dimen>
    <dimen name="x936">1256.67dp</dimen>
    <dimen name="x937">1258.01dp</dimen>
    <dimen name="x938">1259.35dp</dimen>
    <dimen name="x939">1260.69dp</dimen>
    <dimen name="x940">1262.04dp</dimen>
    <dimen name="x941">1263.38dp</dimen>
    <dimen name="x942">1264.72dp</dimen>
    <dimen name="x943">1266.06dp</dimen>
    <dimen name="x944">1267.41dp</dimen>
    <dimen name="x945">1268.75dp</dimen>
    <dimen name="x946">1270.09dp</dimen>
    <dimen name="x947">1271.44dp</dimen>
    <dimen name="x948">1272.78dp</dimen>
    <dimen name="x949">1274.12dp</dimen>
    <dimen name="x950">1275.46dp</dimen>
    <dimen name="x951">1276.81dp</dimen>
    <dimen name="x952">1278.15dp</dimen>
    <dimen name="x953">1279.49dp</dimen>
    <dimen name="x954">1280.83dp</dimen>
    <dimen name="x955">1282.18dp</dimen>
    <dimen name="x956">1283.52dp</dimen>
    <dimen name="x957">1284.86dp</dimen>
    <dimen name="x958">1286.20dp</dimen>
    <dimen name="x959">1287.55dp</dimen>
    <dimen name="x960">1288.89dp</dimen>
    <dimen name="x961">1290.23dp</dimen>
    <dimen name="x962">1291.57dp</dimen>
    <dimen name="x963">1292.92dp</dimen>
    <dimen name="x964">1294.26dp</dimen>
    <dimen name="x965">1295.60dp</dimen>
    <dimen name="x966">1296.94dp</dimen>
    <dimen name="x967">1298.29dp</dimen>
    <dimen name="x968">1299.63dp</dimen>
    <dimen name="x969">1300.97dp</dimen>
    <dimen name="x970">1302.31dp</dimen>
    <dimen name="x971">1303.66dp</dimen>
    <dimen name="x972">1305.00dp</dimen>
    <dimen name="x973">1306.34dp</dimen>
    <dimen name="x974">1307.69dp</dimen>
    <dimen name="x975">1309.03dp</dimen>
    <dimen name="x976">1310.37dp</dimen>
    <dimen name="x977">1311.71dp</dimen>
    <dimen name="x978">1313.06dp</dimen>
    <dimen name="x979">1314.40dp</dimen>
    <dimen name="x980">1315.74dp</dimen>
    <dimen name="x981">1317.08dp</dimen>
    <dimen name="x982">1318.43dp</dimen>
    <dimen name="x983">1319.77dp</dimen>
    <dimen name="x984">1321.11dp</dimen>
    <dimen name="x985">1322.45dp</dimen>
    <dimen name="x986">1323.80dp</dimen>
    <dimen name="x987">1325.14dp</dimen>
    <dimen name="x988">1326.48dp</dimen>
    <dimen name="x989">1327.82dp</dimen>
    <dimen name="x990">1329.17dp</dimen>
    <dimen name="x991">1330.51dp</dimen>
    <dimen name="x992">1331.85dp</dimen>
    <dimen name="x993">1333.19dp</dimen>
    <dimen name="x994">1334.54dp</dimen>
    <dimen name="x995">1335.88dp</dimen>
    <dimen name="x996">1337.22dp</dimen>
    <dimen name="x997">1338.56dp</dimen>
    <dimen name="x998">1339.91dp</dimen>
    <dimen name="x999">1341.25dp</dimen>
    <dimen name="x1000">1342.59dp</dimen>
    <dimen name="x1001">1343.94dp</dimen>
    <dimen name="x1002">1345.28dp</dimen>
    <dimen name="x1003">1346.62dp</dimen>
    <dimen name="x1004">1347.96dp</dimen>
    <dimen name="x1005">1349.31dp</dimen>
    <dimen name="x1006">1350.65dp</dimen>
    <dimen name="x1007">1351.99dp</dimen>
    <dimen name="x1008">1353.33dp</dimen>
    <dimen name="x1009">1354.68dp</dimen>
    <dimen name="x1010">1356.02dp</dimen>
    <dimen name="x1011">1357.36dp</dimen>
    <dimen name="x1012">1358.70dp</dimen>
    <dimen name="x1013">1360.05dp</dimen>
    <dimen name="x1014">1361.39dp</dimen>
    <dimen name="x1015">1362.73dp</dimen>
    <dimen name="x1016">1364.07dp</dimen>
    <dimen name="x1017">1365.42dp</dimen>
    <dimen name="x1018">1366.76dp</dimen>
    <dimen name="x1019">1368.10dp</dimen>
    <dimen name="x1020">1369.44dp</dimen>
    <dimen name="x1021">1370.79dp</dimen>
    <dimen name="x1022">1372.13dp</dimen>
    <dimen name="x1023">1373.47dp</dimen>
    <dimen name="x1024">1374.81dp</dimen>
    <dimen name="x1025">1376.16dp</dimen>
    <dimen name="x1026">1377.50dp</dimen>
    <dimen name="x1027">1378.84dp</dimen>
    <dimen name="x1028">1380.19dp</dimen>
    <dimen name="x1029">1381.53dp</dimen>
    <dimen name="x1030">1382.87dp</dimen>
    <dimen name="x1031">1384.21dp</dimen>
    <dimen name="x1032">1385.56dp</dimen>
    <dimen name="x1033">1386.90dp</dimen>
    <dimen name="x1034">1388.24dp</dimen>
    <dimen name="x1035">1389.58dp</dimen>
    <dimen name="x1036">1390.93dp</dimen>
    <dimen name="x1037">1392.27dp</dimen>
    <dimen name="x1038">1393.61dp</dimen>
    <dimen name="x1039">1394.95dp</dimen>
    <dimen name="x1040">1396.30dp</dimen>
    <dimen name="x1041">1397.64dp</dimen>
    <dimen name="x1042">1398.98dp</dimen>
    <dimen name="x1043">1400.32dp</dimen>
    <dimen name="x1044">1401.67dp</dimen>
    <dimen name="x1045">1403.01dp</dimen>
    <dimen name="x1046">1404.35dp</dimen>
    <dimen name="x1047">1405.69dp</dimen>
    <dimen name="x1048">1407.04dp</dimen>
    <dimen name="x1049">1408.38dp</dimen>
    <dimen name="x1050">1409.72dp</dimen>
    <dimen name="x1051">1411.06dp</dimen>
    <dimen name="x1052">1412.41dp</dimen>
    <dimen name="x1053">1413.75dp</dimen>
    <dimen name="x1054">1415.09dp</dimen>
    <dimen name="x1055">1416.44dp</dimen>
    <dimen name="x1056">1417.78dp</dimen>
    <dimen name="x1057">1419.12dp</dimen>
    <dimen name="x1058">1420.46dp</dimen>
    <dimen name="x1059">1421.81dp</dimen>
    <dimen name="x1060">1423.15dp</dimen>
    <dimen name="x1061">1424.49dp</dimen>
    <dimen name="x1062">1425.83dp</dimen>
    <dimen name="x1063">1427.18dp</dimen>
    <dimen name="x1064">1428.52dp</dimen>
    <dimen name="x1065">1429.86dp</dimen>
    <dimen name="x1066">1431.20dp</dimen>
    <dimen name="x1067">1432.55dp</dimen>
    <dimen name="x1068">1433.89dp</dimen>
    <dimen name="x1069">1435.23dp</dimen>
    <dimen name="x1070">1436.57dp</dimen>
    <dimen name="x1071">1437.92dp</dimen>
    <dimen name="x1072">1439.26dp</dimen>
    <dimen name="x1073">1440.60dp</dimen>
    <dimen name="x1074">1441.94dp</dimen>
    <dimen name="x1075">1443.29dp</dimen>
    <dimen name="x1076">1444.63dp</dimen>
    <dimen name="x1077">1445.97dp</dimen>
    <dimen name="x1078">1447.31dp</dimen>
    <dimen name="x1079">1448.66dp</dimen>
    <dimen name="x1080">1450.00dp</dimen>
</resources>