<?xml version="1.0" encoding="utf-8"?>
<resources>
    <string name="sw_dp">490dp</string>
    <dimen name="x1">0.45dp</dimen>
    <dimen name="x2">0.91dp</dimen>
    <dimen name="x3">1.36dp</dimen>
    <dimen name="x4">1.81dp</dimen>
    <dimen name="x5">2.27dp</dimen>
    <dimen name="x6">2.72dp</dimen>
    <dimen name="x7">3.18dp</dimen>
    <dimen name="x8">3.63dp</dimen>
    <dimen name="x9">4.08dp</dimen>
    <dimen name="x10">4.54dp</dimen>
    <dimen name="x11">4.99dp</dimen>
    <dimen name="x12">5.44dp</dimen>
    <dimen name="x13">5.90dp</dimen>
    <dimen name="x14">6.35dp</dimen>
    <dimen name="x15">6.81dp</dimen>
    <dimen name="x16">7.26dp</dimen>
    <dimen name="x17">7.71dp</dimen>
    <dimen name="x18">8.17dp</dimen>
    <dimen name="x19">8.62dp</dimen>
    <dimen name="x20">9.07dp</dimen>
    <dimen name="x21">9.53dp</dimen>
    <dimen name="x22">9.98dp</dimen>
    <dimen name="x23">10.44dp</dimen>
    <dimen name="x24">10.89dp</dimen>
    <dimen name="x25">11.34dp</dimen>
    <dimen name="x26">11.80dp</dimen>
    <dimen name="x27">12.25dp</dimen>
    <dimen name="x28">12.70dp</dimen>
    <dimen name="x29">13.16dp</dimen>
    <dimen name="x30">13.61dp</dimen>
    <dimen name="x31">14.06dp</dimen>
    <dimen name="x32">14.52dp</dimen>
    <dimen name="x33">14.97dp</dimen>
    <dimen name="x34">15.43dp</dimen>
    <dimen name="x35">15.88dp</dimen>
    <dimen name="x36">16.33dp</dimen>
    <dimen name="x37">16.79dp</dimen>
    <dimen name="x38">17.24dp</dimen>
    <dimen name="x39">17.69dp</dimen>
    <dimen name="x40">18.15dp</dimen>
    <dimen name="x41">18.60dp</dimen>
    <dimen name="x42">19.06dp</dimen>
    <dimen name="x43">19.51dp</dimen>
    <dimen name="x44">19.96dp</dimen>
    <dimen name="x45">20.42dp</dimen>
    <dimen name="x46">20.87dp</dimen>
    <dimen name="x47">21.32dp</dimen>
    <dimen name="x48">21.78dp</dimen>
    <dimen name="x49">22.23dp</dimen>
    <dimen name="x50">22.69dp</dimen>
    <dimen name="x51">23.14dp</dimen>
    <dimen name="x52">23.59dp</dimen>
    <dimen name="x53">24.05dp</dimen>
    <dimen name="x54">24.50dp</dimen>
    <dimen name="x55">24.95dp</dimen>
    <dimen name="x56">25.41dp</dimen>
    <dimen name="x57">25.86dp</dimen>
    <dimen name="x58">26.31dp</dimen>
    <dimen name="x59">26.77dp</dimen>
    <dimen name="x60">27.22dp</dimen>
    <dimen name="x61">27.68dp</dimen>
    <dimen name="x62">28.13dp</dimen>
    <dimen name="x63">28.58dp</dimen>
    <dimen name="x64">29.04dp</dimen>
    <dimen name="x65">29.49dp</dimen>
    <dimen name="x66">29.94dp</dimen>
    <dimen name="x67">30.40dp</dimen>
    <dimen name="x68">30.85dp</dimen>
    <dimen name="x69">31.31dp</dimen>
    <dimen name="x70">31.76dp</dimen>
    <dimen name="x71">32.21dp</dimen>
    <dimen name="x72">32.67dp</dimen>
    <dimen name="x73">33.12dp</dimen>
    <dimen name="x74">33.57dp</dimen>
    <dimen name="x75">34.03dp</dimen>
    <dimen name="x76">34.48dp</dimen>
    <dimen name="x77">34.94dp</dimen>
    <dimen name="x78">35.39dp</dimen>
    <dimen name="x79">35.84dp</dimen>
    <dimen name="x80">36.30dp</dimen>
    <dimen name="x81">36.75dp</dimen>
    <dimen name="x82">37.20dp</dimen>
    <dimen name="x83">37.66dp</dimen>
    <dimen name="x84">38.11dp</dimen>
    <dimen name="x85">38.56dp</dimen>
    <dimen name="x86">39.02dp</dimen>
    <dimen name="x87">39.47dp</dimen>
    <dimen name="x88">39.93dp</dimen>
    <dimen name="x89">40.38dp</dimen>
    <dimen name="x90">40.83dp</dimen>
    <dimen name="x91">41.29dp</dimen>
    <dimen name="x92">41.74dp</dimen>
    <dimen name="x93">42.19dp</dimen>
    <dimen name="x94">42.65dp</dimen>
    <dimen name="x95">43.10dp</dimen>
    <dimen name="x96">43.56dp</dimen>
    <dimen name="x97">44.01dp</dimen>
    <dimen name="x98">44.46dp</dimen>
    <dimen name="x99">44.92dp</dimen>
    <dimen name="x100">45.37dp</dimen>
    <dimen name="x101">45.82dp</dimen>
    <dimen name="x102">46.28dp</dimen>
    <dimen name="x103">46.73dp</dimen>
    <dimen name="x104">47.19dp</dimen>
    <dimen name="x105">47.64dp</dimen>
    <dimen name="x106">48.09dp</dimen>
    <dimen name="x107">48.55dp</dimen>
    <dimen name="x108">49.00dp</dimen>
    <dimen name="x109">49.45dp</dimen>
    <dimen name="x110">49.91dp</dimen>
    <dimen name="x111">50.36dp</dimen>
    <dimen name="x112">50.81dp</dimen>
    <dimen name="x113">51.27dp</dimen>
    <dimen name="x114">51.72dp</dimen>
    <dimen name="x115">52.18dp</dimen>
    <dimen name="x116">52.63dp</dimen>
    <dimen name="x117">53.08dp</dimen>
    <dimen name="x118">53.54dp</dimen>
    <dimen name="x119">53.99dp</dimen>
    <dimen name="x120">54.44dp</dimen>
    <dimen name="x121">54.90dp</dimen>
    <dimen name="x122">55.35dp</dimen>
    <dimen name="x123">55.81dp</dimen>
    <dimen name="x124">56.26dp</dimen>
    <dimen name="x125">56.71dp</dimen>
    <dimen name="x126">57.17dp</dimen>
    <dimen name="x127">57.62dp</dimen>
    <dimen name="x128">58.07dp</dimen>
    <dimen name="x129">58.53dp</dimen>
    <dimen name="x130">58.98dp</dimen>
    <dimen name="x131">59.44dp</dimen>
    <dimen name="x132">59.89dp</dimen>
    <dimen name="x133">60.34dp</dimen>
    <dimen name="x134">60.80dp</dimen>
    <dimen name="x135">61.25dp</dimen>
    <dimen name="x136">61.70dp</dimen>
    <dimen name="x137">62.16dp</dimen>
    <dimen name="x138">62.61dp</dimen>
    <dimen name="x139">63.06dp</dimen>
    <dimen name="x140">63.52dp</dimen>
    <dimen name="x141">63.97dp</dimen>
    <dimen name="x142">64.43dp</dimen>
    <dimen name="x143">64.88dp</dimen>
    <dimen name="x144">65.33dp</dimen>
    <dimen name="x145">65.79dp</dimen>
    <dimen name="x146">66.24dp</dimen>
    <dimen name="x147">66.69dp</dimen>
    <dimen name="x148">67.15dp</dimen>
    <dimen name="x149">67.60dp</dimen>
    <dimen name="x150">68.06dp</dimen>
    <dimen name="x151">68.51dp</dimen>
    <dimen name="x152">68.96dp</dimen>
    <dimen name="x153">69.42dp</dimen>
    <dimen name="x154">69.87dp</dimen>
    <dimen name="x155">70.32dp</dimen>
    <dimen name="x156">70.78dp</dimen>
    <dimen name="x157">71.23dp</dimen>
    <dimen name="x158">71.69dp</dimen>
    <dimen name="x159">72.14dp</dimen>
    <dimen name="x160">72.59dp</dimen>
    <dimen name="x161">73.05dp</dimen>
    <dimen name="x162">73.50dp</dimen>
    <dimen name="x163">73.95dp</dimen>
    <dimen name="x164">74.41dp</dimen>
    <dimen name="x165">74.86dp</dimen>
    <dimen name="x166">75.31dp</dimen>
    <dimen name="x167">75.77dp</dimen>
    <dimen name="x168">76.22dp</dimen>
    <dimen name="x169">76.68dp</dimen>
    <dimen name="x170">77.13dp</dimen>
    <dimen name="x171">77.58dp</dimen>
    <dimen name="x172">78.04dp</dimen>
    <dimen name="x173">78.49dp</dimen>
    <dimen name="x174">78.94dp</dimen>
    <dimen name="x175">79.40dp</dimen>
    <dimen name="x176">79.85dp</dimen>
    <dimen name="x177">80.31dp</dimen>
    <dimen name="x178">80.76dp</dimen>
    <dimen name="x179">81.21dp</dimen>
    <dimen name="x180">81.67dp</dimen>
    <dimen name="x181">82.12dp</dimen>
    <dimen name="x182">82.57dp</dimen>
    <dimen name="x183">83.03dp</dimen>
    <dimen name="x184">83.48dp</dimen>
    <dimen name="x185">83.94dp</dimen>
    <dimen name="x186">84.39dp</dimen>
    <dimen name="x187">84.84dp</dimen>
    <dimen name="x188">85.30dp</dimen>
    <dimen name="x189">85.75dp</dimen>
    <dimen name="x190">86.20dp</dimen>
    <dimen name="x191">86.66dp</dimen>
    <dimen name="x192">87.11dp</dimen>
    <dimen name="x193">87.56dp</dimen>
    <dimen name="x194">88.02dp</dimen>
    <dimen name="x195">88.47dp</dimen>
    <dimen name="x196">88.93dp</dimen>
    <dimen name="x197">89.38dp</dimen>
    <dimen name="x198">89.83dp</dimen>
    <dimen name="x199">90.29dp</dimen>
    <dimen name="x200">90.74dp</dimen>
    <dimen name="x201">91.19dp</dimen>
    <dimen name="x202">91.65dp</dimen>
    <dimen name="x203">92.10dp</dimen>
    <dimen name="x204">92.56dp</dimen>
    <dimen name="x205">93.01dp</dimen>
    <dimen name="x206">93.46dp</dimen>
    <dimen name="x207">93.92dp</dimen>
    <dimen name="x208">94.37dp</dimen>
    <dimen name="x209">94.82dp</dimen>
    <dimen name="x210">95.28dp</dimen>
    <dimen name="x211">95.73dp</dimen>
    <dimen name="x212">96.19dp</dimen>
    <dimen name="x213">96.64dp</dimen>
    <dimen name="x214">97.09dp</dimen>
    <dimen name="x215">97.55dp</dimen>
    <dimen name="x216">98.00dp</dimen>
    <dimen name="x217">98.45dp</dimen>
    <dimen name="x218">98.91dp</dimen>
    <dimen name="x219">99.36dp</dimen>
    <dimen name="x220">99.81dp</dimen>
    <dimen name="x221">100.27dp</dimen>
    <dimen name="x222">100.72dp</dimen>
    <dimen name="x223">101.18dp</dimen>
    <dimen name="x224">101.63dp</dimen>
    <dimen name="x225">102.08dp</dimen>
    <dimen name="x226">102.54dp</dimen>
    <dimen name="x227">102.99dp</dimen>
    <dimen name="x228">103.44dp</dimen>
    <dimen name="x229">103.90dp</dimen>
    <dimen name="x230">104.35dp</dimen>
    <dimen name="x231">104.81dp</dimen>
    <dimen name="x232">105.26dp</dimen>
    <dimen name="x233">105.71dp</dimen>
    <dimen name="x234">106.17dp</dimen>
    <dimen name="x235">106.62dp</dimen>
    <dimen name="x236">107.07dp</dimen>
    <dimen name="x237">107.53dp</dimen>
    <dimen name="x238">107.98dp</dimen>
    <dimen name="x239">108.44dp</dimen>
    <dimen name="x240">108.89dp</dimen>
    <dimen name="x241">109.34dp</dimen>
    <dimen name="x242">109.80dp</dimen>
    <dimen name="x243">110.25dp</dimen>
    <dimen name="x244">110.70dp</dimen>
    <dimen name="x245">111.16dp</dimen>
    <dimen name="x246">111.61dp</dimen>
    <dimen name="x247">112.06dp</dimen>
    <dimen name="x248">112.52dp</dimen>
    <dimen name="x249">112.97dp</dimen>
    <dimen name="x250">113.43dp</dimen>
    <dimen name="x251">113.88dp</dimen>
    <dimen name="x252">114.33dp</dimen>
    <dimen name="x253">114.79dp</dimen>
    <dimen name="x254">115.24dp</dimen>
    <dimen name="x255">115.69dp</dimen>
    <dimen name="x256">116.15dp</dimen>
    <dimen name="x257">116.60dp</dimen>
    <dimen name="x258">117.06dp</dimen>
    <dimen name="x259">117.51dp</dimen>
    <dimen name="x260">117.96dp</dimen>
    <dimen name="x261">118.42dp</dimen>
    <dimen name="x262">118.87dp</dimen>
    <dimen name="x263">119.32dp</dimen>
    <dimen name="x264">119.78dp</dimen>
    <dimen name="x265">120.23dp</dimen>
    <dimen name="x266">120.69dp</dimen>
    <dimen name="x267">121.14dp</dimen>
    <dimen name="x268">121.59dp</dimen>
    <dimen name="x269">122.05dp</dimen>
    <dimen name="x270">122.50dp</dimen>
    <dimen name="x271">122.95dp</dimen>
    <dimen name="x272">123.41dp</dimen>
    <dimen name="x273">123.86dp</dimen>
    <dimen name="x274">124.31dp</dimen>
    <dimen name="x275">124.77dp</dimen>
    <dimen name="x276">125.22dp</dimen>
    <dimen name="x277">125.68dp</dimen>
    <dimen name="x278">126.13dp</dimen>
    <dimen name="x279">126.58dp</dimen>
    <dimen name="x280">127.04dp</dimen>
    <dimen name="x281">127.49dp</dimen>
    <dimen name="x282">127.94dp</dimen>
    <dimen name="x283">128.40dp</dimen>
    <dimen name="x284">128.85dp</dimen>
    <dimen name="x285">129.31dp</dimen>
    <dimen name="x286">129.76dp</dimen>
    <dimen name="x287">130.21dp</dimen>
    <dimen name="x288">130.67dp</dimen>
    <dimen name="x289">131.12dp</dimen>
    <dimen name="x290">131.57dp</dimen>
    <dimen name="x291">132.03dp</dimen>
    <dimen name="x292">132.48dp</dimen>
    <dimen name="x293">132.94dp</dimen>
    <dimen name="x294">133.39dp</dimen>
    <dimen name="x295">133.84dp</dimen>
    <dimen name="x296">134.30dp</dimen>
    <dimen name="x297">134.75dp</dimen>
    <dimen name="x298">135.20dp</dimen>
    <dimen name="x299">135.66dp</dimen>
    <dimen name="x300">136.11dp</dimen>
    <dimen name="x301">136.56dp</dimen>
    <dimen name="x302">137.02dp</dimen>
    <dimen name="x303">137.47dp</dimen>
    <dimen name="x304">137.93dp</dimen>
    <dimen name="x305">138.38dp</dimen>
    <dimen name="x306">138.83dp</dimen>
    <dimen name="x307">139.29dp</dimen>
    <dimen name="x308">139.74dp</dimen>
    <dimen name="x309">140.19dp</dimen>
    <dimen name="x310">140.65dp</dimen>
    <dimen name="x311">141.10dp</dimen>
    <dimen name="x312">141.56dp</dimen>
    <dimen name="x313">142.01dp</dimen>
    <dimen name="x314">142.46dp</dimen>
    <dimen name="x315">142.92dp</dimen>
    <dimen name="x316">143.37dp</dimen>
    <dimen name="x317">143.82dp</dimen>
    <dimen name="x318">144.28dp</dimen>
    <dimen name="x319">144.73dp</dimen>
    <dimen name="x320">145.19dp</dimen>
    <dimen name="x321">145.64dp</dimen>
    <dimen name="x322">146.09dp</dimen>
    <dimen name="x323">146.55dp</dimen>
    <dimen name="x324">147.00dp</dimen>
    <dimen name="x325">147.45dp</dimen>
    <dimen name="x326">147.91dp</dimen>
    <dimen name="x327">148.36dp</dimen>
    <dimen name="x328">148.81dp</dimen>
    <dimen name="x329">149.27dp</dimen>
    <dimen name="x330">149.72dp</dimen>
    <dimen name="x331">150.18dp</dimen>
    <dimen name="x332">150.63dp</dimen>
    <dimen name="x333">151.08dp</dimen>
    <dimen name="x334">151.54dp</dimen>
    <dimen name="x335">151.99dp</dimen>
    <dimen name="x336">152.44dp</dimen>
    <dimen name="x337">152.90dp</dimen>
    <dimen name="x338">153.35dp</dimen>
    <dimen name="x339">153.81dp</dimen>
    <dimen name="x340">154.26dp</dimen>
    <dimen name="x341">154.71dp</dimen>
    <dimen name="x342">155.17dp</dimen>
    <dimen name="x343">155.62dp</dimen>
    <dimen name="x344">156.07dp</dimen>
    <dimen name="x345">156.53dp</dimen>
    <dimen name="x346">156.98dp</dimen>
    <dimen name="x347">157.44dp</dimen>
    <dimen name="x348">157.89dp</dimen>
    <dimen name="x349">158.34dp</dimen>
    <dimen name="x350">158.80dp</dimen>
    <dimen name="x351">159.25dp</dimen>
    <dimen name="x352">159.70dp</dimen>
    <dimen name="x353">160.16dp</dimen>
    <dimen name="x354">160.61dp</dimen>
    <dimen name="x355">161.06dp</dimen>
    <dimen name="x356">161.52dp</dimen>
    <dimen name="x357">161.97dp</dimen>
    <dimen name="x358">162.43dp</dimen>
    <dimen name="x359">162.88dp</dimen>
    <dimen name="x360">163.33dp</dimen>
    <dimen name="x361">163.79dp</dimen>
    <dimen name="x362">164.24dp</dimen>
    <dimen name="x363">164.69dp</dimen>
    <dimen name="x364">165.15dp</dimen>
    <dimen name="x365">165.60dp</dimen>
    <dimen name="x366">166.06dp</dimen>
    <dimen name="x367">166.51dp</dimen>
    <dimen name="x368">166.96dp</dimen>
    <dimen name="x369">167.42dp</dimen>
    <dimen name="x370">167.87dp</dimen>
    <dimen name="x371">168.32dp</dimen>
    <dimen name="x372">168.78dp</dimen>
    <dimen name="x373">169.23dp</dimen>
    <dimen name="x374">169.69dp</dimen>
    <dimen name="x375">170.14dp</dimen>
    <dimen name="x376">170.59dp</dimen>
    <dimen name="x377">171.05dp</dimen>
    <dimen name="x378">171.50dp</dimen>
    <dimen name="x379">171.95dp</dimen>
    <dimen name="x380">172.41dp</dimen>
    <dimen name="x381">172.86dp</dimen>
    <dimen name="x382">173.31dp</dimen>
    <dimen name="x383">173.77dp</dimen>
    <dimen name="x384">174.22dp</dimen>
    <dimen name="x385">174.68dp</dimen>
    <dimen name="x386">175.13dp</dimen>
    <dimen name="x387">175.58dp</dimen>
    <dimen name="x388">176.04dp</dimen>
    <dimen name="x389">176.49dp</dimen>
    <dimen name="x390">176.94dp</dimen>
    <dimen name="x391">177.40dp</dimen>
    <dimen name="x392">177.85dp</dimen>
    <dimen name="x393">178.31dp</dimen>
    <dimen name="x394">178.76dp</dimen>
    <dimen name="x395">179.21dp</dimen>
    <dimen name="x396">179.67dp</dimen>
    <dimen name="x397">180.12dp</dimen>
    <dimen name="x398">180.57dp</dimen>
    <dimen name="x399">181.03dp</dimen>
    <dimen name="x400">181.48dp</dimen>
    <dimen name="x401">181.94dp</dimen>
    <dimen name="x402">182.39dp</dimen>
    <dimen name="x403">182.84dp</dimen>
    <dimen name="x404">183.30dp</dimen>
    <dimen name="x405">183.75dp</dimen>
    <dimen name="x406">184.20dp</dimen>
    <dimen name="x407">184.66dp</dimen>
    <dimen name="x408">185.11dp</dimen>
    <dimen name="x409">185.56dp</dimen>
    <dimen name="x410">186.02dp</dimen>
    <dimen name="x411">186.47dp</dimen>
    <dimen name="x412">186.93dp</dimen>
    <dimen name="x413">187.38dp</dimen>
    <dimen name="x414">187.83dp</dimen>
    <dimen name="x415">188.29dp</dimen>
    <dimen name="x416">188.74dp</dimen>
    <dimen name="x417">189.19dp</dimen>
    <dimen name="x418">189.65dp</dimen>
    <dimen name="x419">190.10dp</dimen>
    <dimen name="x420">190.56dp</dimen>
    <dimen name="x421">191.01dp</dimen>
    <dimen name="x422">191.46dp</dimen>
    <dimen name="x423">191.92dp</dimen>
    <dimen name="x424">192.37dp</dimen>
    <dimen name="x425">192.82dp</dimen>
    <dimen name="x426">193.28dp</dimen>
    <dimen name="x427">193.73dp</dimen>
    <dimen name="x428">194.19dp</dimen>
    <dimen name="x429">194.64dp</dimen>
    <dimen name="x430">195.09dp</dimen>
    <dimen name="x431">195.55dp</dimen>
    <dimen name="x432">196.00dp</dimen>
    <dimen name="x433">196.45dp</dimen>
    <dimen name="x434">196.91dp</dimen>
    <dimen name="x435">197.36dp</dimen>
    <dimen name="x436">197.81dp</dimen>
    <dimen name="x437">198.27dp</dimen>
    <dimen name="x438">198.72dp</dimen>
    <dimen name="x439">199.18dp</dimen>
    <dimen name="x440">199.63dp</dimen>
    <dimen name="x441">200.08dp</dimen>
    <dimen name="x442">200.54dp</dimen>
    <dimen name="x443">200.99dp</dimen>
    <dimen name="x444">201.44dp</dimen>
    <dimen name="x445">201.90dp</dimen>
    <dimen name="x446">202.35dp</dimen>
    <dimen name="x447">202.81dp</dimen>
    <dimen name="x448">203.26dp</dimen>
    <dimen name="x449">203.71dp</dimen>
    <dimen name="x450">204.17dp</dimen>
    <dimen name="x451">204.62dp</dimen>
    <dimen name="x452">205.07dp</dimen>
    <dimen name="x453">205.53dp</dimen>
    <dimen name="x454">205.98dp</dimen>
    <dimen name="x455">206.44dp</dimen>
    <dimen name="x456">206.89dp</dimen>
    <dimen name="x457">207.34dp</dimen>
    <dimen name="x458">207.80dp</dimen>
    <dimen name="x459">208.25dp</dimen>
    <dimen name="x460">208.70dp</dimen>
    <dimen name="x461">209.16dp</dimen>
    <dimen name="x462">209.61dp</dimen>
    <dimen name="x463">210.06dp</dimen>
    <dimen name="x464">210.52dp</dimen>
    <dimen name="x465">210.97dp</dimen>
    <dimen name="x466">211.43dp</dimen>
    <dimen name="x467">211.88dp</dimen>
    <dimen name="x468">212.33dp</dimen>
    <dimen name="x469">212.79dp</dimen>
    <dimen name="x470">213.24dp</dimen>
    <dimen name="x471">213.69dp</dimen>
    <dimen name="x472">214.15dp</dimen>
    <dimen name="x473">214.60dp</dimen>
    <dimen name="x474">215.06dp</dimen>
    <dimen name="x475">215.51dp</dimen>
    <dimen name="x476">215.96dp</dimen>
    <dimen name="x477">216.42dp</dimen>
    <dimen name="x478">216.87dp</dimen>
    <dimen name="x479">217.32dp</dimen>
    <dimen name="x480">217.78dp</dimen>
    <dimen name="x481">218.23dp</dimen>
    <dimen name="x482">218.69dp</dimen>
    <dimen name="x483">219.14dp</dimen>
    <dimen name="x484">219.59dp</dimen>
    <dimen name="x485">220.05dp</dimen>
    <dimen name="x486">220.50dp</dimen>
    <dimen name="x487">220.95dp</dimen>
    <dimen name="x488">221.41dp</dimen>
    <dimen name="x489">221.86dp</dimen>
    <dimen name="x490">222.31dp</dimen>
    <dimen name="x491">222.77dp</dimen>
    <dimen name="x492">223.22dp</dimen>
    <dimen name="x493">223.68dp</dimen>
    <dimen name="x494">224.13dp</dimen>
    <dimen name="x495">224.58dp</dimen>
    <dimen name="x496">225.04dp</dimen>
    <dimen name="x497">225.49dp</dimen>
    <dimen name="x498">225.94dp</dimen>
    <dimen name="x499">226.40dp</dimen>
    <dimen name="x500">226.85dp</dimen>
    <dimen name="x501">227.31dp</dimen>
    <dimen name="x502">227.76dp</dimen>
    <dimen name="x503">228.21dp</dimen>
    <dimen name="x504">228.67dp</dimen>
    <dimen name="x505">229.12dp</dimen>
    <dimen name="x506">229.57dp</dimen>
    <dimen name="x507">230.03dp</dimen>
    <dimen name="x508">230.48dp</dimen>
    <dimen name="x509">230.94dp</dimen>
    <dimen name="x510">231.39dp</dimen>
    <dimen name="x511">231.84dp</dimen>
    <dimen name="x512">232.30dp</dimen>
    <dimen name="x513">232.75dp</dimen>
    <dimen name="x514">233.20dp</dimen>
    <dimen name="x515">233.66dp</dimen>
    <dimen name="x516">234.11dp</dimen>
    <dimen name="x517">234.56dp</dimen>
    <dimen name="x518">235.02dp</dimen>
    <dimen name="x519">235.47dp</dimen>
    <dimen name="x520">235.93dp</dimen>
    <dimen name="x521">236.38dp</dimen>
    <dimen name="x522">236.83dp</dimen>
    <dimen name="x523">237.29dp</dimen>
    <dimen name="x524">237.74dp</dimen>
    <dimen name="x525">238.19dp</dimen>
    <dimen name="x526">238.65dp</dimen>
    <dimen name="x527">239.10dp</dimen>
    <dimen name="x528">239.56dp</dimen>
    <dimen name="x529">240.01dp</dimen>
    <dimen name="x530">240.46dp</dimen>
    <dimen name="x531">240.92dp</dimen>
    <dimen name="x532">241.37dp</dimen>
    <dimen name="x533">241.82dp</dimen>
    <dimen name="x534">242.28dp</dimen>
    <dimen name="x535">242.73dp</dimen>
    <dimen name="x536">243.19dp</dimen>
    <dimen name="x537">243.64dp</dimen>
    <dimen name="x538">244.09dp</dimen>
    <dimen name="x539">244.55dp</dimen>
    <dimen name="x540">245.00dp</dimen>
    <dimen name="x541">245.45dp</dimen>
    <dimen name="x542">245.91dp</dimen>
    <dimen name="x543">246.36dp</dimen>
    <dimen name="x544">246.81dp</dimen>
    <dimen name="x545">247.27dp</dimen>
    <dimen name="x546">247.72dp</dimen>
    <dimen name="x547">248.18dp</dimen>
    <dimen name="x548">248.63dp</dimen>
    <dimen name="x549">249.08dp</dimen>
    <dimen name="x550">249.54dp</dimen>
    <dimen name="x551">249.99dp</dimen>
    <dimen name="x552">250.44dp</dimen>
    <dimen name="x553">250.90dp</dimen>
    <dimen name="x554">251.35dp</dimen>
    <dimen name="x555">251.81dp</dimen>
    <dimen name="x556">252.26dp</dimen>
    <dimen name="x557">252.71dp</dimen>
    <dimen name="x558">253.17dp</dimen>
    <dimen name="x559">253.62dp</dimen>
    <dimen name="x560">254.07dp</dimen>
    <dimen name="x561">254.53dp</dimen>
    <dimen name="x562">254.98dp</dimen>
    <dimen name="x563">255.44dp</dimen>
    <dimen name="x564">255.89dp</dimen>
    <dimen name="x565">256.34dp</dimen>
    <dimen name="x566">256.80dp</dimen>
    <dimen name="x567">257.25dp</dimen>
    <dimen name="x568">257.70dp</dimen>
    <dimen name="x569">258.16dp</dimen>
    <dimen name="x570">258.61dp</dimen>
    <dimen name="x571">259.06dp</dimen>
    <dimen name="x572">259.52dp</dimen>
    <dimen name="x573">259.97dp</dimen>
    <dimen name="x574">260.43dp</dimen>
    <dimen name="x575">260.88dp</dimen>
    <dimen name="x576">261.33dp</dimen>
    <dimen name="x577">261.79dp</dimen>
    <dimen name="x578">262.24dp</dimen>
    <dimen name="x579">262.69dp</dimen>
    <dimen name="x580">263.15dp</dimen>
    <dimen name="x581">263.60dp</dimen>
    <dimen name="x582">264.06dp</dimen>
    <dimen name="x583">264.51dp</dimen>
    <dimen name="x584">264.96dp</dimen>
    <dimen name="x585">265.42dp</dimen>
    <dimen name="x586">265.87dp</dimen>
    <dimen name="x587">266.32dp</dimen>
    <dimen name="x588">266.78dp</dimen>
    <dimen name="x589">267.23dp</dimen>
    <dimen name="x590">267.69dp</dimen>
    <dimen name="x591">268.14dp</dimen>
    <dimen name="x592">268.59dp</dimen>
    <dimen name="x593">269.05dp</dimen>
    <dimen name="x594">269.50dp</dimen>
    <dimen name="x595">269.95dp</dimen>
    <dimen name="x596">270.41dp</dimen>
    <dimen name="x597">270.86dp</dimen>
    <dimen name="x598">271.31dp</dimen>
    <dimen name="x599">271.77dp</dimen>
    <dimen name="x600">272.22dp</dimen>
    <dimen name="x601">272.68dp</dimen>
    <dimen name="x602">273.13dp</dimen>
    <dimen name="x603">273.58dp</dimen>
    <dimen name="x604">274.04dp</dimen>
    <dimen name="x605">274.49dp</dimen>
    <dimen name="x606">274.94dp</dimen>
    <dimen name="x607">275.40dp</dimen>
    <dimen name="x608">275.85dp</dimen>
    <dimen name="x609">276.31dp</dimen>
    <dimen name="x610">276.76dp</dimen>
    <dimen name="x611">277.21dp</dimen>
    <dimen name="x612">277.67dp</dimen>
    <dimen name="x613">278.12dp</dimen>
    <dimen name="x614">278.57dp</dimen>
    <dimen name="x615">279.03dp</dimen>
    <dimen name="x616">279.48dp</dimen>
    <dimen name="x617">279.94dp</dimen>
    <dimen name="x618">280.39dp</dimen>
    <dimen name="x619">280.84dp</dimen>
    <dimen name="x620">281.30dp</dimen>
    <dimen name="x621">281.75dp</dimen>
    <dimen name="x622">282.20dp</dimen>
    <dimen name="x623">282.66dp</dimen>
    <dimen name="x624">283.11dp</dimen>
    <dimen name="x625">283.56dp</dimen>
    <dimen name="x626">284.02dp</dimen>
    <dimen name="x627">284.47dp</dimen>
    <dimen name="x628">284.93dp</dimen>
    <dimen name="x629">285.38dp</dimen>
    <dimen name="x630">285.83dp</dimen>
    <dimen name="x631">286.29dp</dimen>
    <dimen name="x632">286.74dp</dimen>
    <dimen name="x633">287.19dp</dimen>
    <dimen name="x634">287.65dp</dimen>
    <dimen name="x635">288.10dp</dimen>
    <dimen name="x636">288.56dp</dimen>
    <dimen name="x637">289.01dp</dimen>
    <dimen name="x638">289.46dp</dimen>
    <dimen name="x639">289.92dp</dimen>
    <dimen name="x640">290.37dp</dimen>
    <dimen name="x641">290.82dp</dimen>
    <dimen name="x642">291.28dp</dimen>
    <dimen name="x643">291.73dp</dimen>
    <dimen name="x644">292.19dp</dimen>
    <dimen name="x645">292.64dp</dimen>
    <dimen name="x646">293.09dp</dimen>
    <dimen name="x647">293.55dp</dimen>
    <dimen name="x648">294.00dp</dimen>
    <dimen name="x649">294.45dp</dimen>
    <dimen name="x650">294.91dp</dimen>
    <dimen name="x651">295.36dp</dimen>
    <dimen name="x652">295.81dp</dimen>
    <dimen name="x653">296.27dp</dimen>
    <dimen name="x654">296.72dp</dimen>
    <dimen name="x655">297.18dp</dimen>
    <dimen name="x656">297.63dp</dimen>
    <dimen name="x657">298.08dp</dimen>
    <dimen name="x658">298.54dp</dimen>
    <dimen name="x659">298.99dp</dimen>
    <dimen name="x660">299.44dp</dimen>
    <dimen name="x661">299.90dp</dimen>
    <dimen name="x662">300.35dp</dimen>
    <dimen name="x663">300.81dp</dimen>
    <dimen name="x664">301.26dp</dimen>
    <dimen name="x665">301.71dp</dimen>
    <dimen name="x666">302.17dp</dimen>
    <dimen name="x667">302.62dp</dimen>
    <dimen name="x668">303.07dp</dimen>
    <dimen name="x669">303.53dp</dimen>
    <dimen name="x670">303.98dp</dimen>
    <dimen name="x671">304.44dp</dimen>
    <dimen name="x672">304.89dp</dimen>
    <dimen name="x673">305.34dp</dimen>
    <dimen name="x674">305.80dp</dimen>
    <dimen name="x675">306.25dp</dimen>
    <dimen name="x676">306.70dp</dimen>
    <dimen name="x677">307.16dp</dimen>
    <dimen name="x678">307.61dp</dimen>
    <dimen name="x679">308.06dp</dimen>
    <dimen name="x680">308.52dp</dimen>
    <dimen name="x681">308.97dp</dimen>
    <dimen name="x682">309.43dp</dimen>
    <dimen name="x683">309.88dp</dimen>
    <dimen name="x684">310.33dp</dimen>
    <dimen name="x685">310.79dp</dimen>
    <dimen name="x686">311.24dp</dimen>
    <dimen name="x687">311.69dp</dimen>
    <dimen name="x688">312.15dp</dimen>
    <dimen name="x689">312.60dp</dimen>
    <dimen name="x690">313.06dp</dimen>
    <dimen name="x691">313.51dp</dimen>
    <dimen name="x692">313.96dp</dimen>
    <dimen name="x693">314.42dp</dimen>
    <dimen name="x694">314.87dp</dimen>
    <dimen name="x695">315.32dp</dimen>
    <dimen name="x696">315.78dp</dimen>
    <dimen name="x697">316.23dp</dimen>
    <dimen name="x698">316.69dp</dimen>
    <dimen name="x699">317.14dp</dimen>
    <dimen name="x700">317.59dp</dimen>
    <dimen name="x701">318.05dp</dimen>
    <dimen name="x702">318.50dp</dimen>
    <dimen name="x703">318.95dp</dimen>
    <dimen name="x704">319.41dp</dimen>
    <dimen name="x705">319.86dp</dimen>
    <dimen name="x706">320.31dp</dimen>
    <dimen name="x707">320.77dp</dimen>
    <dimen name="x708">321.22dp</dimen>
    <dimen name="x709">321.68dp</dimen>
    <dimen name="x710">322.13dp</dimen>
    <dimen name="x711">322.58dp</dimen>
    <dimen name="x712">323.04dp</dimen>
    <dimen name="x713">323.49dp</dimen>
    <dimen name="x714">323.94dp</dimen>
    <dimen name="x715">324.40dp</dimen>
    <dimen name="x716">324.85dp</dimen>
    <dimen name="x717">325.31dp</dimen>
    <dimen name="x718">325.76dp</dimen>
    <dimen name="x719">326.21dp</dimen>
    <dimen name="x720">326.67dp</dimen>
    <dimen name="x721">327.12dp</dimen>
    <dimen name="x722">327.57dp</dimen>
    <dimen name="x723">328.03dp</dimen>
    <dimen name="x724">328.48dp</dimen>
    <dimen name="x725">328.94dp</dimen>
    <dimen name="x726">329.39dp</dimen>
    <dimen name="x727">329.84dp</dimen>
    <dimen name="x728">330.30dp</dimen>
    <dimen name="x729">330.75dp</dimen>
    <dimen name="x730">331.20dp</dimen>
    <dimen name="x731">331.66dp</dimen>
    <dimen name="x732">332.11dp</dimen>
    <dimen name="x733">332.56dp</dimen>
    <dimen name="x734">333.02dp</dimen>
    <dimen name="x735">333.47dp</dimen>
    <dimen name="x736">333.93dp</dimen>
    <dimen name="x737">334.38dp</dimen>
    <dimen name="x738">334.83dp</dimen>
    <dimen name="x739">335.29dp</dimen>
    <dimen name="x740">335.74dp</dimen>
    <dimen name="x741">336.19dp</dimen>
    <dimen name="x742">336.65dp</dimen>
    <dimen name="x743">337.10dp</dimen>
    <dimen name="x744">337.56dp</dimen>
    <dimen name="x745">338.01dp</dimen>
    <dimen name="x746">338.46dp</dimen>
    <dimen name="x747">338.92dp</dimen>
    <dimen name="x748">339.37dp</dimen>
    <dimen name="x749">339.82dp</dimen>
    <dimen name="x750">340.28dp</dimen>
    <dimen name="x751">340.73dp</dimen>
    <dimen name="x752">341.19dp</dimen>
    <dimen name="x753">341.64dp</dimen>
    <dimen name="x754">342.09dp</dimen>
    <dimen name="x755">342.55dp</dimen>
    <dimen name="x756">343.00dp</dimen>
    <dimen name="x757">343.45dp</dimen>
    <dimen name="x758">343.91dp</dimen>
    <dimen name="x759">344.36dp</dimen>
    <dimen name="x760">344.81dp</dimen>
    <dimen name="x761">345.27dp</dimen>
    <dimen name="x762">345.72dp</dimen>
    <dimen name="x763">346.18dp</dimen>
    <dimen name="x764">346.63dp</dimen>
    <dimen name="x765">347.08dp</dimen>
    <dimen name="x766">347.54dp</dimen>
    <dimen name="x767">347.99dp</dimen>
    <dimen name="x768">348.44dp</dimen>
    <dimen name="x769">348.90dp</dimen>
    <dimen name="x770">349.35dp</dimen>
    <dimen name="x771">349.81dp</dimen>
    <dimen name="x772">350.26dp</dimen>
    <dimen name="x773">350.71dp</dimen>
    <dimen name="x774">351.17dp</dimen>
    <dimen name="x775">351.62dp</dimen>
    <dimen name="x776">352.07dp</dimen>
    <dimen name="x777">352.53dp</dimen>
    <dimen name="x778">352.98dp</dimen>
    <dimen name="x779">353.44dp</dimen>
    <dimen name="x780">353.89dp</dimen>
    <dimen name="x781">354.34dp</dimen>
    <dimen name="x782">354.80dp</dimen>
    <dimen name="x783">355.25dp</dimen>
    <dimen name="x784">355.70dp</dimen>
    <dimen name="x785">356.16dp</dimen>
    <dimen name="x786">356.61dp</dimen>
    <dimen name="x787">357.06dp</dimen>
    <dimen name="x788">357.52dp</dimen>
    <dimen name="x789">357.97dp</dimen>
    <dimen name="x790">358.43dp</dimen>
    <dimen name="x791">358.88dp</dimen>
    <dimen name="x792">359.33dp</dimen>
    <dimen name="x793">359.79dp</dimen>
    <dimen name="x794">360.24dp</dimen>
    <dimen name="x795">360.69dp</dimen>
    <dimen name="x796">361.15dp</dimen>
    <dimen name="x797">361.60dp</dimen>
    <dimen name="x798">362.06dp</dimen>
    <dimen name="x799">362.51dp</dimen>
    <dimen name="x800">362.96dp</dimen>
    <dimen name="x801">363.42dp</dimen>
    <dimen name="x802">363.87dp</dimen>
    <dimen name="x803">364.32dp</dimen>
    <dimen name="x804">364.78dp</dimen>
    <dimen name="x805">365.23dp</dimen>
    <dimen name="x806">365.69dp</dimen>
    <dimen name="x807">366.14dp</dimen>
    <dimen name="x808">366.59dp</dimen>
    <dimen name="x809">367.05dp</dimen>
    <dimen name="x810">367.50dp</dimen>
    <dimen name="x811">367.95dp</dimen>
    <dimen name="x812">368.41dp</dimen>
    <dimen name="x813">368.86dp</dimen>
    <dimen name="x814">369.31dp</dimen>
    <dimen name="x815">369.77dp</dimen>
    <dimen name="x816">370.22dp</dimen>
    <dimen name="x817">370.68dp</dimen>
    <dimen name="x818">371.13dp</dimen>
    <dimen name="x819">371.58dp</dimen>
    <dimen name="x820">372.04dp</dimen>
    <dimen name="x821">372.49dp</dimen>
    <dimen name="x822">372.94dp</dimen>
    <dimen name="x823">373.40dp</dimen>
    <dimen name="x824">373.85dp</dimen>
    <dimen name="x825">374.31dp</dimen>
    <dimen name="x826">374.76dp</dimen>
    <dimen name="x827">375.21dp</dimen>
    <dimen name="x828">375.67dp</dimen>
    <dimen name="x829">376.12dp</dimen>
    <dimen name="x830">376.57dp</dimen>
    <dimen name="x831">377.03dp</dimen>
    <dimen name="x832">377.48dp</dimen>
    <dimen name="x833">377.94dp</dimen>
    <dimen name="x834">378.39dp</dimen>
    <dimen name="x835">378.84dp</dimen>
    <dimen name="x836">379.30dp</dimen>
    <dimen name="x837">379.75dp</dimen>
    <dimen name="x838">380.20dp</dimen>
    <dimen name="x839">380.66dp</dimen>
    <dimen name="x840">381.11dp</dimen>
    <dimen name="x841">381.56dp</dimen>
    <dimen name="x842">382.02dp</dimen>
    <dimen name="x843">382.47dp</dimen>
    <dimen name="x844">382.93dp</dimen>
    <dimen name="x845">383.38dp</dimen>
    <dimen name="x846">383.83dp</dimen>
    <dimen name="x847">384.29dp</dimen>
    <dimen name="x848">384.74dp</dimen>
    <dimen name="x849">385.19dp</dimen>
    <dimen name="x850">385.65dp</dimen>
    <dimen name="x851">386.10dp</dimen>
    <dimen name="x852">386.56dp</dimen>
    <dimen name="x853">387.01dp</dimen>
    <dimen name="x854">387.46dp</dimen>
    <dimen name="x855">387.92dp</dimen>
    <dimen name="x856">388.37dp</dimen>
    <dimen name="x857">388.82dp</dimen>
    <dimen name="x858">389.28dp</dimen>
    <dimen name="x859">389.73dp</dimen>
    <dimen name="x860">390.19dp</dimen>
    <dimen name="x861">390.64dp</dimen>
    <dimen name="x862">391.09dp</dimen>
    <dimen name="x863">391.55dp</dimen>
    <dimen name="x864">392.00dp</dimen>
    <dimen name="x865">392.45dp</dimen>
    <dimen name="x866">392.91dp</dimen>
    <dimen name="x867">393.36dp</dimen>
    <dimen name="x868">393.81dp</dimen>
    <dimen name="x869">394.27dp</dimen>
    <dimen name="x870">394.72dp</dimen>
    <dimen name="x871">395.18dp</dimen>
    <dimen name="x872">395.63dp</dimen>
    <dimen name="x873">396.08dp</dimen>
    <dimen name="x874">396.54dp</dimen>
    <dimen name="x875">396.99dp</dimen>
    <dimen name="x876">397.44dp</dimen>
    <dimen name="x877">397.90dp</dimen>
    <dimen name="x878">398.35dp</dimen>
    <dimen name="x879">398.81dp</dimen>
    <dimen name="x880">399.26dp</dimen>
    <dimen name="x881">399.71dp</dimen>
    <dimen name="x882">400.17dp</dimen>
    <dimen name="x883">400.62dp</dimen>
    <dimen name="x884">401.07dp</dimen>
    <dimen name="x885">401.53dp</dimen>
    <dimen name="x886">401.98dp</dimen>
    <dimen name="x887">402.44dp</dimen>
    <dimen name="x888">402.89dp</dimen>
    <dimen name="x889">403.34dp</dimen>
    <dimen name="x890">403.80dp</dimen>
    <dimen name="x891">404.25dp</dimen>
    <dimen name="x892">404.70dp</dimen>
    <dimen name="x893">405.16dp</dimen>
    <dimen name="x894">405.61dp</dimen>
    <dimen name="x895">406.06dp</dimen>
    <dimen name="x896">406.52dp</dimen>
    <dimen name="x897">406.97dp</dimen>
    <dimen name="x898">407.43dp</dimen>
    <dimen name="x899">407.88dp</dimen>
    <dimen name="x900">408.33dp</dimen>
    <dimen name="x901">408.79dp</dimen>
    <dimen name="x902">409.24dp</dimen>
    <dimen name="x903">409.69dp</dimen>
    <dimen name="x904">410.15dp</dimen>
    <dimen name="x905">410.60dp</dimen>
    <dimen name="x906">411.06dp</dimen>
    <dimen name="x907">411.51dp</dimen>
    <dimen name="x908">411.96dp</dimen>
    <dimen name="x909">412.42dp</dimen>
    <dimen name="x910">412.87dp</dimen>
    <dimen name="x911">413.32dp</dimen>
    <dimen name="x912">413.78dp</dimen>
    <dimen name="x913">414.23dp</dimen>
    <dimen name="x914">414.69dp</dimen>
    <dimen name="x915">415.14dp</dimen>
    <dimen name="x916">415.59dp</dimen>
    <dimen name="x917">416.05dp</dimen>
    <dimen name="x918">416.50dp</dimen>
    <dimen name="x919">416.95dp</dimen>
    <dimen name="x920">417.41dp</dimen>
    <dimen name="x921">417.86dp</dimen>
    <dimen name="x922">418.31dp</dimen>
    <dimen name="x923">418.77dp</dimen>
    <dimen name="x924">419.22dp</dimen>
    <dimen name="x925">419.68dp</dimen>
    <dimen name="x926">420.13dp</dimen>
    <dimen name="x927">420.58dp</dimen>
    <dimen name="x928">421.04dp</dimen>
    <dimen name="x929">421.49dp</dimen>
    <dimen name="x930">421.94dp</dimen>
    <dimen name="x931">422.40dp</dimen>
    <dimen name="x932">422.85dp</dimen>
    <dimen name="x933">423.31dp</dimen>
    <dimen name="x934">423.76dp</dimen>
    <dimen name="x935">424.21dp</dimen>
    <dimen name="x936">424.67dp</dimen>
    <dimen name="x937">425.12dp</dimen>
    <dimen name="x938">425.57dp</dimen>
    <dimen name="x939">426.03dp</dimen>
    <dimen name="x940">426.48dp</dimen>
    <dimen name="x941">426.94dp</dimen>
    <dimen name="x942">427.39dp</dimen>
    <dimen name="x943">427.84dp</dimen>
    <dimen name="x944">428.30dp</dimen>
    <dimen name="x945">428.75dp</dimen>
    <dimen name="x946">429.20dp</dimen>
    <dimen name="x947">429.66dp</dimen>
    <dimen name="x948">430.11dp</dimen>
    <dimen name="x949">430.56dp</dimen>
    <dimen name="x950">431.02dp</dimen>
    <dimen name="x951">431.47dp</dimen>
    <dimen name="x952">431.93dp</dimen>
    <dimen name="x953">432.38dp</dimen>
    <dimen name="x954">432.83dp</dimen>
    <dimen name="x955">433.29dp</dimen>
    <dimen name="x956">433.74dp</dimen>
    <dimen name="x957">434.19dp</dimen>
    <dimen name="x958">434.65dp</dimen>
    <dimen name="x959">435.10dp</dimen>
    <dimen name="x960">435.56dp</dimen>
    <dimen name="x961">436.01dp</dimen>
    <dimen name="x962">436.46dp</dimen>
    <dimen name="x963">436.92dp</dimen>
    <dimen name="x964">437.37dp</dimen>
    <dimen name="x965">437.82dp</dimen>
    <dimen name="x966">438.28dp</dimen>
    <dimen name="x967">438.73dp</dimen>
    <dimen name="x968">439.19dp</dimen>
    <dimen name="x969">439.64dp</dimen>
    <dimen name="x970">440.09dp</dimen>
    <dimen name="x971">440.55dp</dimen>
    <dimen name="x972">441.00dp</dimen>
    <dimen name="x973">441.45dp</dimen>
    <dimen name="x974">441.91dp</dimen>
    <dimen name="x975">442.36dp</dimen>
    <dimen name="x976">442.81dp</dimen>
    <dimen name="x977">443.27dp</dimen>
    <dimen name="x978">443.72dp</dimen>
    <dimen name="x979">444.18dp</dimen>
    <dimen name="x980">444.63dp</dimen>
    <dimen name="x981">445.08dp</dimen>
    <dimen name="x982">445.54dp</dimen>
    <dimen name="x983">445.99dp</dimen>
    <dimen name="x984">446.44dp</dimen>
    <dimen name="x985">446.90dp</dimen>
    <dimen name="x986">447.35dp</dimen>
    <dimen name="x987">447.81dp</dimen>
    <dimen name="x988">448.26dp</dimen>
    <dimen name="x989">448.71dp</dimen>
    <dimen name="x990">449.17dp</dimen>
    <dimen name="x991">449.62dp</dimen>
    <dimen name="x992">450.07dp</dimen>
    <dimen name="x993">450.53dp</dimen>
    <dimen name="x994">450.98dp</dimen>
    <dimen name="x995">451.44dp</dimen>
    <dimen name="x996">451.89dp</dimen>
    <dimen name="x997">452.34dp</dimen>
    <dimen name="x998">452.80dp</dimen>
    <dimen name="x999">453.25dp</dimen>
    <dimen name="x1000">453.70dp</dimen>
    <dimen name="x1001">454.16dp</dimen>
    <dimen name="x1002">454.61dp</dimen>
    <dimen name="x1003">455.06dp</dimen>
    <dimen name="x1004">455.52dp</dimen>
    <dimen name="x1005">455.97dp</dimen>
    <dimen name="x1006">456.43dp</dimen>
    <dimen name="x1007">456.88dp</dimen>
    <dimen name="x1008">457.33dp</dimen>
    <dimen name="x1009">457.79dp</dimen>
    <dimen name="x1010">458.24dp</dimen>
    <dimen name="x1011">458.69dp</dimen>
    <dimen name="x1012">459.15dp</dimen>
    <dimen name="x1013">459.60dp</dimen>
    <dimen name="x1014">460.06dp</dimen>
    <dimen name="x1015">460.51dp</dimen>
    <dimen name="x1016">460.96dp</dimen>
    <dimen name="x1017">461.42dp</dimen>
    <dimen name="x1018">461.87dp</dimen>
    <dimen name="x1019">462.32dp</dimen>
    <dimen name="x1020">462.78dp</dimen>
    <dimen name="x1021">463.23dp</dimen>
    <dimen name="x1022">463.69dp</dimen>
    <dimen name="x1023">464.14dp</dimen>
    <dimen name="x1024">464.59dp</dimen>
    <dimen name="x1025">465.05dp</dimen>
    <dimen name="x1026">465.50dp</dimen>
    <dimen name="x1027">465.95dp</dimen>
    <dimen name="x1028">466.41dp</dimen>
    <dimen name="x1029">466.86dp</dimen>
    <dimen name="x1030">467.31dp</dimen>
    <dimen name="x1031">467.77dp</dimen>
    <dimen name="x1032">468.22dp</dimen>
    <dimen name="x1033">468.68dp</dimen>
    <dimen name="x1034">469.13dp</dimen>
    <dimen name="x1035">469.58dp</dimen>
    <dimen name="x1036">470.04dp</dimen>
    <dimen name="x1037">470.49dp</dimen>
    <dimen name="x1038">470.94dp</dimen>
    <dimen name="x1039">471.40dp</dimen>
    <dimen name="x1040">471.85dp</dimen>
    <dimen name="x1041">472.31dp</dimen>
    <dimen name="x1042">472.76dp</dimen>
    <dimen name="x1043">473.21dp</dimen>
    <dimen name="x1044">473.67dp</dimen>
    <dimen name="x1045">474.12dp</dimen>
    <dimen name="x1046">474.57dp</dimen>
    <dimen name="x1047">475.03dp</dimen>
    <dimen name="x1048">475.48dp</dimen>
    <dimen name="x1049">475.94dp</dimen>
    <dimen name="x1050">476.39dp</dimen>
    <dimen name="x1051">476.84dp</dimen>
    <dimen name="x1052">477.30dp</dimen>
    <dimen name="x1053">477.75dp</dimen>
    <dimen name="x1054">478.20dp</dimen>
    <dimen name="x1055">478.66dp</dimen>
    <dimen name="x1056">479.11dp</dimen>
    <dimen name="x1057">479.56dp</dimen>
    <dimen name="x1058">480.02dp</dimen>
    <dimen name="x1059">480.47dp</dimen>
    <dimen name="x1060">480.93dp</dimen>
    <dimen name="x1061">481.38dp</dimen>
    <dimen name="x1062">481.83dp</dimen>
    <dimen name="x1063">482.29dp</dimen>
    <dimen name="x1064">482.74dp</dimen>
    <dimen name="x1065">483.19dp</dimen>
    <dimen name="x1066">483.65dp</dimen>
    <dimen name="x1067">484.10dp</dimen>
    <dimen name="x1068">484.56dp</dimen>
    <dimen name="x1069">485.01dp</dimen>
    <dimen name="x1070">485.46dp</dimen>
    <dimen name="x1071">485.92dp</dimen>
    <dimen name="x1072">486.37dp</dimen>
    <dimen name="x1073">486.82dp</dimen>
    <dimen name="x1074">487.28dp</dimen>
    <dimen name="x1075">487.73dp</dimen>
    <dimen name="x1076">488.19dp</dimen>
    <dimen name="x1077">488.64dp</dimen>
    <dimen name="x1078">489.09dp</dimen>
    <dimen name="x1079">489.55dp</dimen>
    <dimen name="x1080">490.00dp</dimen>
</resources>