<?xml version="1.0" encoding="utf-8"?>
<resources>
    <string name="sw_dp">1700dp</string>
    <dimen name="x1">1.57dp</dimen>
    <dimen name="x2">3.15dp</dimen>
    <dimen name="x3">4.72dp</dimen>
    <dimen name="x4">6.30dp</dimen>
    <dimen name="x5">7.87dp</dimen>
    <dimen name="x6">9.44dp</dimen>
    <dimen name="x7">11.02dp</dimen>
    <dimen name="x8">12.59dp</dimen>
    <dimen name="x9">14.17dp</dimen>
    <dimen name="x10">15.74dp</dimen>
    <dimen name="x11">17.31dp</dimen>
    <dimen name="x12">18.89dp</dimen>
    <dimen name="x13">20.46dp</dimen>
    <dimen name="x14">22.04dp</dimen>
    <dimen name="x15">23.61dp</dimen>
    <dimen name="x16">25.19dp</dimen>
    <dimen name="x17">26.76dp</dimen>
    <dimen name="x18">28.33dp</dimen>
    <dimen name="x19">29.91dp</dimen>
    <dimen name="x20">31.48dp</dimen>
    <dimen name="x21">33.06dp</dimen>
    <dimen name="x22">34.63dp</dimen>
    <dimen name="x23">36.20dp</dimen>
    <dimen name="x24">37.78dp</dimen>
    <dimen name="x25">39.35dp</dimen>
    <dimen name="x26">40.93dp</dimen>
    <dimen name="x27">42.50dp</dimen>
    <dimen name="x28">44.07dp</dimen>
    <dimen name="x29">45.65dp</dimen>
    <dimen name="x30">47.22dp</dimen>
    <dimen name="x31">48.80dp</dimen>
    <dimen name="x32">50.37dp</dimen>
    <dimen name="x33">51.94dp</dimen>
    <dimen name="x34">53.52dp</dimen>
    <dimen name="x35">55.09dp</dimen>
    <dimen name="x36">56.67dp</dimen>
    <dimen name="x37">58.24dp</dimen>
    <dimen name="x38">59.81dp</dimen>
    <dimen name="x39">61.39dp</dimen>
    <dimen name="x40">62.96dp</dimen>
    <dimen name="x41">64.54dp</dimen>
    <dimen name="x42">66.11dp</dimen>
    <dimen name="x43">67.69dp</dimen>
    <dimen name="x44">69.26dp</dimen>
    <dimen name="x45">70.83dp</dimen>
    <dimen name="x46">72.41dp</dimen>
    <dimen name="x47">73.98dp</dimen>
    <dimen name="x48">75.56dp</dimen>
    <dimen name="x49">77.13dp</dimen>
    <dimen name="x50">78.70dp</dimen>
    <dimen name="x51">80.28dp</dimen>
    <dimen name="x52">81.85dp</dimen>
    <dimen name="x53">83.43dp</dimen>
    <dimen name="x54">85.00dp</dimen>
    <dimen name="x55">86.57dp</dimen>
    <dimen name="x56">88.15dp</dimen>
    <dimen name="x57">89.72dp</dimen>
    <dimen name="x58">91.30dp</dimen>
    <dimen name="x59">92.87dp</dimen>
    <dimen name="x60">94.44dp</dimen>
    <dimen name="x61">96.02dp</dimen>
    <dimen name="x62">97.59dp</dimen>
    <dimen name="x63">99.17dp</dimen>
    <dimen name="x64">100.74dp</dimen>
    <dimen name="x65">102.31dp</dimen>
    <dimen name="x66">103.89dp</dimen>
    <dimen name="x67">105.46dp</dimen>
    <dimen name="x68">107.04dp</dimen>
    <dimen name="x69">108.61dp</dimen>
    <dimen name="x70">110.19dp</dimen>
    <dimen name="x71">111.76dp</dimen>
    <dimen name="x72">113.33dp</dimen>
    <dimen name="x73">114.91dp</dimen>
    <dimen name="x74">116.48dp</dimen>
    <dimen name="x75">118.06dp</dimen>
    <dimen name="x76">119.63dp</dimen>
    <dimen name="x77">121.20dp</dimen>
    <dimen name="x78">122.78dp</dimen>
    <dimen name="x79">124.35dp</dimen>
    <dimen name="x80">125.93dp</dimen>
    <dimen name="x81">127.50dp</dimen>
    <dimen name="x82">129.07dp</dimen>
    <dimen name="x83">130.65dp</dimen>
    <dimen name="x84">132.22dp</dimen>
    <dimen name="x85">133.80dp</dimen>
    <dimen name="x86">135.37dp</dimen>
    <dimen name="x87">136.94dp</dimen>
    <dimen name="x88">138.52dp</dimen>
    <dimen name="x89">140.09dp</dimen>
    <dimen name="x90">141.67dp</dimen>
    <dimen name="x91">143.24dp</dimen>
    <dimen name="x92">144.81dp</dimen>
    <dimen name="x93">146.39dp</dimen>
    <dimen name="x94">147.96dp</dimen>
    <dimen name="x95">149.54dp</dimen>
    <dimen name="x96">151.11dp</dimen>
    <dimen name="x97">152.69dp</dimen>
    <dimen name="x98">154.26dp</dimen>
    <dimen name="x99">155.83dp</dimen>
    <dimen name="x100">157.41dp</dimen>
    <dimen name="x101">158.98dp</dimen>
    <dimen name="x102">160.56dp</dimen>
    <dimen name="x103">162.13dp</dimen>
    <dimen name="x104">163.70dp</dimen>
    <dimen name="x105">165.28dp</dimen>
    <dimen name="x106">166.85dp</dimen>
    <dimen name="x107">168.43dp</dimen>
    <dimen name="x108">170.00dp</dimen>
    <dimen name="x109">171.57dp</dimen>
    <dimen name="x110">173.15dp</dimen>
    <dimen name="x111">174.72dp</dimen>
    <dimen name="x112">176.30dp</dimen>
    <dimen name="x113">177.87dp</dimen>
    <dimen name="x114">179.44dp</dimen>
    <dimen name="x115">181.02dp</dimen>
    <dimen name="x116">182.59dp</dimen>
    <dimen name="x117">184.17dp</dimen>
    <dimen name="x118">185.74dp</dimen>
    <dimen name="x119">187.31dp</dimen>
    <dimen name="x120">188.89dp</dimen>
    <dimen name="x121">190.46dp</dimen>
    <dimen name="x122">192.04dp</dimen>
    <dimen name="x123">193.61dp</dimen>
    <dimen name="x124">195.19dp</dimen>
    <dimen name="x125">196.76dp</dimen>
    <dimen name="x126">198.33dp</dimen>
    <dimen name="x127">199.91dp</dimen>
    <dimen name="x128">201.48dp</dimen>
    <dimen name="x129">203.06dp</dimen>
    <dimen name="x130">204.63dp</dimen>
    <dimen name="x131">206.20dp</dimen>
    <dimen name="x132">207.78dp</dimen>
    <dimen name="x133">209.35dp</dimen>
    <dimen name="x134">210.93dp</dimen>
    <dimen name="x135">212.50dp</dimen>
    <dimen name="x136">214.07dp</dimen>
    <dimen name="x137">215.65dp</dimen>
    <dimen name="x138">217.22dp</dimen>
    <dimen name="x139">218.80dp</dimen>
    <dimen name="x140">220.37dp</dimen>
    <dimen name="x141">221.94dp</dimen>
    <dimen name="x142">223.52dp</dimen>
    <dimen name="x143">225.09dp</dimen>
    <dimen name="x144">226.67dp</dimen>
    <dimen name="x145">228.24dp</dimen>
    <dimen name="x146">229.81dp</dimen>
    <dimen name="x147">231.39dp</dimen>
    <dimen name="x148">232.96dp</dimen>
    <dimen name="x149">234.54dp</dimen>
    <dimen name="x150">236.11dp</dimen>
    <dimen name="x151">237.69dp</dimen>
    <dimen name="x152">239.26dp</dimen>
    <dimen name="x153">240.83dp</dimen>
    <dimen name="x154">242.41dp</dimen>
    <dimen name="x155">243.98dp</dimen>
    <dimen name="x156">245.56dp</dimen>
    <dimen name="x157">247.13dp</dimen>
    <dimen name="x158">248.70dp</dimen>
    <dimen name="x159">250.28dp</dimen>
    <dimen name="x160">251.85dp</dimen>
    <dimen name="x161">253.43dp</dimen>
    <dimen name="x162">255.00dp</dimen>
    <dimen name="x163">256.57dp</dimen>
    <dimen name="x164">258.15dp</dimen>
    <dimen name="x165">259.72dp</dimen>
    <dimen name="x166">261.30dp</dimen>
    <dimen name="x167">262.87dp</dimen>
    <dimen name="x168">264.44dp</dimen>
    <dimen name="x169">266.02dp</dimen>
    <dimen name="x170">267.59dp</dimen>
    <dimen name="x171">269.17dp</dimen>
    <dimen name="x172">270.74dp</dimen>
    <dimen name="x173">272.31dp</dimen>
    <dimen name="x174">273.89dp</dimen>
    <dimen name="x175">275.46dp</dimen>
    <dimen name="x176">277.04dp</dimen>
    <dimen name="x177">278.61dp</dimen>
    <dimen name="x178">280.19dp</dimen>
    <dimen name="x179">281.76dp</dimen>
    <dimen name="x180">283.33dp</dimen>
    <dimen name="x181">284.91dp</dimen>
    <dimen name="x182">286.48dp</dimen>
    <dimen name="x183">288.06dp</dimen>
    <dimen name="x184">289.63dp</dimen>
    <dimen name="x185">291.20dp</dimen>
    <dimen name="x186">292.78dp</dimen>
    <dimen name="x187">294.35dp</dimen>
    <dimen name="x188">295.93dp</dimen>
    <dimen name="x189">297.50dp</dimen>
    <dimen name="x190">299.07dp</dimen>
    <dimen name="x191">300.65dp</dimen>
    <dimen name="x192">302.22dp</dimen>
    <dimen name="x193">303.80dp</dimen>
    <dimen name="x194">305.37dp</dimen>
    <dimen name="x195">306.94dp</dimen>
    <dimen name="x196">308.52dp</dimen>
    <dimen name="x197">310.09dp</dimen>
    <dimen name="x198">311.67dp</dimen>
    <dimen name="x199">313.24dp</dimen>
    <dimen name="x200">314.81dp</dimen>
    <dimen name="x201">316.39dp</dimen>
    <dimen name="x202">317.96dp</dimen>
    <dimen name="x203">319.54dp</dimen>
    <dimen name="x204">321.11dp</dimen>
    <dimen name="x205">322.69dp</dimen>
    <dimen name="x206">324.26dp</dimen>
    <dimen name="x207">325.83dp</dimen>
    <dimen name="x208">327.41dp</dimen>
    <dimen name="x209">328.98dp</dimen>
    <dimen name="x210">330.56dp</dimen>
    <dimen name="x211">332.13dp</dimen>
    <dimen name="x212">333.70dp</dimen>
    <dimen name="x213">335.28dp</dimen>
    <dimen name="x214">336.85dp</dimen>
    <dimen name="x215">338.43dp</dimen>
    <dimen name="x216">340.00dp</dimen>
    <dimen name="x217">341.57dp</dimen>
    <dimen name="x218">343.15dp</dimen>
    <dimen name="x219">344.72dp</dimen>
    <dimen name="x220">346.30dp</dimen>
    <dimen name="x221">347.87dp</dimen>
    <dimen name="x222">349.44dp</dimen>
    <dimen name="x223">351.02dp</dimen>
    <dimen name="x224">352.59dp</dimen>
    <dimen name="x225">354.17dp</dimen>
    <dimen name="x226">355.74dp</dimen>
    <dimen name="x227">357.31dp</dimen>
    <dimen name="x228">358.89dp</dimen>
    <dimen name="x229">360.46dp</dimen>
    <dimen name="x230">362.04dp</dimen>
    <dimen name="x231">363.61dp</dimen>
    <dimen name="x232">365.19dp</dimen>
    <dimen name="x233">366.76dp</dimen>
    <dimen name="x234">368.33dp</dimen>
    <dimen name="x235">369.91dp</dimen>
    <dimen name="x236">371.48dp</dimen>
    <dimen name="x237">373.06dp</dimen>
    <dimen name="x238">374.63dp</dimen>
    <dimen name="x239">376.20dp</dimen>
    <dimen name="x240">377.78dp</dimen>
    <dimen name="x241">379.35dp</dimen>
    <dimen name="x242">380.93dp</dimen>
    <dimen name="x243">382.50dp</dimen>
    <dimen name="x244">384.07dp</dimen>
    <dimen name="x245">385.65dp</dimen>
    <dimen name="x246">387.22dp</dimen>
    <dimen name="x247">388.80dp</dimen>
    <dimen name="x248">390.37dp</dimen>
    <dimen name="x249">391.94dp</dimen>
    <dimen name="x250">393.52dp</dimen>
    <dimen name="x251">395.09dp</dimen>
    <dimen name="x252">396.67dp</dimen>
    <dimen name="x253">398.24dp</dimen>
    <dimen name="x254">399.81dp</dimen>
    <dimen name="x255">401.39dp</dimen>
    <dimen name="x256">402.96dp</dimen>
    <dimen name="x257">404.54dp</dimen>
    <dimen name="x258">406.11dp</dimen>
    <dimen name="x259">407.69dp</dimen>
    <dimen name="x260">409.26dp</dimen>
    <dimen name="x261">410.83dp</dimen>
    <dimen name="x262">412.41dp</dimen>
    <dimen name="x263">413.98dp</dimen>
    <dimen name="x264">415.56dp</dimen>
    <dimen name="x265">417.13dp</dimen>
    <dimen name="x266">418.70dp</dimen>
    <dimen name="x267">420.28dp</dimen>
    <dimen name="x268">421.85dp</dimen>
    <dimen name="x269">423.43dp</dimen>
    <dimen name="x270">425.00dp</dimen>
    <dimen name="x271">426.57dp</dimen>
    <dimen name="x272">428.15dp</dimen>
    <dimen name="x273">429.72dp</dimen>
    <dimen name="x274">431.30dp</dimen>
    <dimen name="x275">432.87dp</dimen>
    <dimen name="x276">434.44dp</dimen>
    <dimen name="x277">436.02dp</dimen>
    <dimen name="x278">437.59dp</dimen>
    <dimen name="x279">439.17dp</dimen>
    <dimen name="x280">440.74dp</dimen>
    <dimen name="x281">442.31dp</dimen>
    <dimen name="x282">443.89dp</dimen>
    <dimen name="x283">445.46dp</dimen>
    <dimen name="x284">447.04dp</dimen>
    <dimen name="x285">448.61dp</dimen>
    <dimen name="x286">450.19dp</dimen>
    <dimen name="x287">451.76dp</dimen>
    <dimen name="x288">453.33dp</dimen>
    <dimen name="x289">454.91dp</dimen>
    <dimen name="x290">456.48dp</dimen>
    <dimen name="x291">458.06dp</dimen>
    <dimen name="x292">459.63dp</dimen>
    <dimen name="x293">461.20dp</dimen>
    <dimen name="x294">462.78dp</dimen>
    <dimen name="x295">464.35dp</dimen>
    <dimen name="x296">465.93dp</dimen>
    <dimen name="x297">467.50dp</dimen>
    <dimen name="x298">469.07dp</dimen>
    <dimen name="x299">470.65dp</dimen>
    <dimen name="x300">472.22dp</dimen>
    <dimen name="x301">473.80dp</dimen>
    <dimen name="x302">475.37dp</dimen>
    <dimen name="x303">476.94dp</dimen>
    <dimen name="x304">478.52dp</dimen>
    <dimen name="x305">480.09dp</dimen>
    <dimen name="x306">481.67dp</dimen>
    <dimen name="x307">483.24dp</dimen>
    <dimen name="x308">484.81dp</dimen>
    <dimen name="x309">486.39dp</dimen>
    <dimen name="x310">487.96dp</dimen>
    <dimen name="x311">489.54dp</dimen>
    <dimen name="x312">491.11dp</dimen>
    <dimen name="x313">492.69dp</dimen>
    <dimen name="x314">494.26dp</dimen>
    <dimen name="x315">495.83dp</dimen>
    <dimen name="x316">497.41dp</dimen>
    <dimen name="x317">498.98dp</dimen>
    <dimen name="x318">500.56dp</dimen>
    <dimen name="x319">502.13dp</dimen>
    <dimen name="x320">503.70dp</dimen>
    <dimen name="x321">505.28dp</dimen>
    <dimen name="x322">506.85dp</dimen>
    <dimen name="x323">508.43dp</dimen>
    <dimen name="x324">510.00dp</dimen>
    <dimen name="x325">511.57dp</dimen>
    <dimen name="x326">513.15dp</dimen>
    <dimen name="x327">514.72dp</dimen>
    <dimen name="x328">516.30dp</dimen>
    <dimen name="x329">517.87dp</dimen>
    <dimen name="x330">519.44dp</dimen>
    <dimen name="x331">521.02dp</dimen>
    <dimen name="x332">522.59dp</dimen>
    <dimen name="x333">524.17dp</dimen>
    <dimen name="x334">525.74dp</dimen>
    <dimen name="x335">527.31dp</dimen>
    <dimen name="x336">528.89dp</dimen>
    <dimen name="x337">530.46dp</dimen>
    <dimen name="x338">532.04dp</dimen>
    <dimen name="x339">533.61dp</dimen>
    <dimen name="x340">535.19dp</dimen>
    <dimen name="x341">536.76dp</dimen>
    <dimen name="x342">538.33dp</dimen>
    <dimen name="x343">539.91dp</dimen>
    <dimen name="x344">541.48dp</dimen>
    <dimen name="x345">543.06dp</dimen>
    <dimen name="x346">544.63dp</dimen>
    <dimen name="x347">546.20dp</dimen>
    <dimen name="x348">547.78dp</dimen>
    <dimen name="x349">549.35dp</dimen>
    <dimen name="x350">550.93dp</dimen>
    <dimen name="x351">552.50dp</dimen>
    <dimen name="x352">554.07dp</dimen>
    <dimen name="x353">555.65dp</dimen>
    <dimen name="x354">557.22dp</dimen>
    <dimen name="x355">558.80dp</dimen>
    <dimen name="x356">560.37dp</dimen>
    <dimen name="x357">561.94dp</dimen>
    <dimen name="x358">563.52dp</dimen>
    <dimen name="x359">565.09dp</dimen>
    <dimen name="x360">566.67dp</dimen>
    <dimen name="x361">568.24dp</dimen>
    <dimen name="x362">569.81dp</dimen>
    <dimen name="x363">571.39dp</dimen>
    <dimen name="x364">572.96dp</dimen>
    <dimen name="x365">574.54dp</dimen>
    <dimen name="x366">576.11dp</dimen>
    <dimen name="x367">577.69dp</dimen>
    <dimen name="x368">579.26dp</dimen>
    <dimen name="x369">580.83dp</dimen>
    <dimen name="x370">582.41dp</dimen>
    <dimen name="x371">583.98dp</dimen>
    <dimen name="x372">585.56dp</dimen>
    <dimen name="x373">587.13dp</dimen>
    <dimen name="x374">588.70dp</dimen>
    <dimen name="x375">590.28dp</dimen>
    <dimen name="x376">591.85dp</dimen>
    <dimen name="x377">593.43dp</dimen>
    <dimen name="x378">595.00dp</dimen>
    <dimen name="x379">596.57dp</dimen>
    <dimen name="x380">598.15dp</dimen>
    <dimen name="x381">599.72dp</dimen>
    <dimen name="x382">601.30dp</dimen>
    <dimen name="x383">602.87dp</dimen>
    <dimen name="x384">604.44dp</dimen>
    <dimen name="x385">606.02dp</dimen>
    <dimen name="x386">607.59dp</dimen>
    <dimen name="x387">609.17dp</dimen>
    <dimen name="x388">610.74dp</dimen>
    <dimen name="x389">612.31dp</dimen>
    <dimen name="x390">613.89dp</dimen>
    <dimen name="x391">615.46dp</dimen>
    <dimen name="x392">617.04dp</dimen>
    <dimen name="x393">618.61dp</dimen>
    <dimen name="x394">620.19dp</dimen>
    <dimen name="x395">621.76dp</dimen>
    <dimen name="x396">623.33dp</dimen>
    <dimen name="x397">624.91dp</dimen>
    <dimen name="x398">626.48dp</dimen>
    <dimen name="x399">628.06dp</dimen>
    <dimen name="x400">629.63dp</dimen>
    <dimen name="x401">631.20dp</dimen>
    <dimen name="x402">632.78dp</dimen>
    <dimen name="x403">634.35dp</dimen>
    <dimen name="x404">635.93dp</dimen>
    <dimen name="x405">637.50dp</dimen>
    <dimen name="x406">639.07dp</dimen>
    <dimen name="x407">640.65dp</dimen>
    <dimen name="x408">642.22dp</dimen>
    <dimen name="x409">643.80dp</dimen>
    <dimen name="x410">645.37dp</dimen>
    <dimen name="x411">646.94dp</dimen>
    <dimen name="x412">648.52dp</dimen>
    <dimen name="x413">650.09dp</dimen>
    <dimen name="x414">651.67dp</dimen>
    <dimen name="x415">653.24dp</dimen>
    <dimen name="x416">654.81dp</dimen>
    <dimen name="x417">656.39dp</dimen>
    <dimen name="x418">657.96dp</dimen>
    <dimen name="x419">659.54dp</dimen>
    <dimen name="x420">661.11dp</dimen>
    <dimen name="x421">662.69dp</dimen>
    <dimen name="x422">664.26dp</dimen>
    <dimen name="x423">665.83dp</dimen>
    <dimen name="x424">667.41dp</dimen>
    <dimen name="x425">668.98dp</dimen>
    <dimen name="x426">670.56dp</dimen>
    <dimen name="x427">672.13dp</dimen>
    <dimen name="x428">673.70dp</dimen>
    <dimen name="x429">675.28dp</dimen>
    <dimen name="x430">676.85dp</dimen>
    <dimen name="x431">678.43dp</dimen>
    <dimen name="x432">680.00dp</dimen>
    <dimen name="x433">681.57dp</dimen>
    <dimen name="x434">683.15dp</dimen>
    <dimen name="x435">684.72dp</dimen>
    <dimen name="x436">686.30dp</dimen>
    <dimen name="x437">687.87dp</dimen>
    <dimen name="x438">689.44dp</dimen>
    <dimen name="x439">691.02dp</dimen>
    <dimen name="x440">692.59dp</dimen>
    <dimen name="x441">694.17dp</dimen>
    <dimen name="x442">695.74dp</dimen>
    <dimen name="x443">697.31dp</dimen>
    <dimen name="x444">698.89dp</dimen>
    <dimen name="x445">700.46dp</dimen>
    <dimen name="x446">702.04dp</dimen>
    <dimen name="x447">703.61dp</dimen>
    <dimen name="x448">705.19dp</dimen>
    <dimen name="x449">706.76dp</dimen>
    <dimen name="x450">708.33dp</dimen>
    <dimen name="x451">709.91dp</dimen>
    <dimen name="x452">711.48dp</dimen>
    <dimen name="x453">713.06dp</dimen>
    <dimen name="x454">714.63dp</dimen>
    <dimen name="x455">716.20dp</dimen>
    <dimen name="x456">717.78dp</dimen>
    <dimen name="x457">719.35dp</dimen>
    <dimen name="x458">720.93dp</dimen>
    <dimen name="x459">722.50dp</dimen>
    <dimen name="x460">724.07dp</dimen>
    <dimen name="x461">725.65dp</dimen>
    <dimen name="x462">727.22dp</dimen>
    <dimen name="x463">728.80dp</dimen>
    <dimen name="x464">730.37dp</dimen>
    <dimen name="x465">731.94dp</dimen>
    <dimen name="x466">733.52dp</dimen>
    <dimen name="x467">735.09dp</dimen>
    <dimen name="x468">736.67dp</dimen>
    <dimen name="x469">738.24dp</dimen>
    <dimen name="x470">739.81dp</dimen>
    <dimen name="x471">741.39dp</dimen>
    <dimen name="x472">742.96dp</dimen>
    <dimen name="x473">744.54dp</dimen>
    <dimen name="x474">746.11dp</dimen>
    <dimen name="x475">747.69dp</dimen>
    <dimen name="x476">749.26dp</dimen>
    <dimen name="x477">750.83dp</dimen>
    <dimen name="x478">752.41dp</dimen>
    <dimen name="x479">753.98dp</dimen>
    <dimen name="x480">755.56dp</dimen>
    <dimen name="x481">757.13dp</dimen>
    <dimen name="x482">758.70dp</dimen>
    <dimen name="x483">760.28dp</dimen>
    <dimen name="x484">761.85dp</dimen>
    <dimen name="x485">763.43dp</dimen>
    <dimen name="x486">765.00dp</dimen>
    <dimen name="x487">766.57dp</dimen>
    <dimen name="x488">768.15dp</dimen>
    <dimen name="x489">769.72dp</dimen>
    <dimen name="x490">771.30dp</dimen>
    <dimen name="x491">772.87dp</dimen>
    <dimen name="x492">774.44dp</dimen>
    <dimen name="x493">776.02dp</dimen>
    <dimen name="x494">777.59dp</dimen>
    <dimen name="x495">779.17dp</dimen>
    <dimen name="x496">780.74dp</dimen>
    <dimen name="x497">782.31dp</dimen>
    <dimen name="x498">783.89dp</dimen>
    <dimen name="x499">785.46dp</dimen>
    <dimen name="x500">787.04dp</dimen>
    <dimen name="x501">788.61dp</dimen>
    <dimen name="x502">790.19dp</dimen>
    <dimen name="x503">791.76dp</dimen>
    <dimen name="x504">793.33dp</dimen>
    <dimen name="x505">794.91dp</dimen>
    <dimen name="x506">796.48dp</dimen>
    <dimen name="x507">798.06dp</dimen>
    <dimen name="x508">799.63dp</dimen>
    <dimen name="x509">801.20dp</dimen>
    <dimen name="x510">802.78dp</dimen>
    <dimen name="x511">804.35dp</dimen>
    <dimen name="x512">805.93dp</dimen>
    <dimen name="x513">807.50dp</dimen>
    <dimen name="x514">809.07dp</dimen>
    <dimen name="x515">810.65dp</dimen>
    <dimen name="x516">812.22dp</dimen>
    <dimen name="x517">813.80dp</dimen>
    <dimen name="x518">815.37dp</dimen>
    <dimen name="x519">816.94dp</dimen>
    <dimen name="x520">818.52dp</dimen>
    <dimen name="x521">820.09dp</dimen>
    <dimen name="x522">821.67dp</dimen>
    <dimen name="x523">823.24dp</dimen>
    <dimen name="x524">824.81dp</dimen>
    <dimen name="x525">826.39dp</dimen>
    <dimen name="x526">827.96dp</dimen>
    <dimen name="x527">829.54dp</dimen>
    <dimen name="x528">831.11dp</dimen>
    <dimen name="x529">832.69dp</dimen>
    <dimen name="x530">834.26dp</dimen>
    <dimen name="x531">835.83dp</dimen>
    <dimen name="x532">837.41dp</dimen>
    <dimen name="x533">838.98dp</dimen>
    <dimen name="x534">840.56dp</dimen>
    <dimen name="x535">842.13dp</dimen>
    <dimen name="x536">843.70dp</dimen>
    <dimen name="x537">845.28dp</dimen>
    <dimen name="x538">846.85dp</dimen>
    <dimen name="x539">848.43dp</dimen>
    <dimen name="x540">850.00dp</dimen>
    <dimen name="x541">851.57dp</dimen>
    <dimen name="x542">853.15dp</dimen>
    <dimen name="x543">854.72dp</dimen>
    <dimen name="x544">856.30dp</dimen>
    <dimen name="x545">857.87dp</dimen>
    <dimen name="x546">859.44dp</dimen>
    <dimen name="x547">861.02dp</dimen>
    <dimen name="x548">862.59dp</dimen>
    <dimen name="x549">864.17dp</dimen>
    <dimen name="x550">865.74dp</dimen>
    <dimen name="x551">867.31dp</dimen>
    <dimen name="x552">868.89dp</dimen>
    <dimen name="x553">870.46dp</dimen>
    <dimen name="x554">872.04dp</dimen>
    <dimen name="x555">873.61dp</dimen>
    <dimen name="x556">875.19dp</dimen>
    <dimen name="x557">876.76dp</dimen>
    <dimen name="x558">878.33dp</dimen>
    <dimen name="x559">879.91dp</dimen>
    <dimen name="x560">881.48dp</dimen>
    <dimen name="x561">883.06dp</dimen>
    <dimen name="x562">884.63dp</dimen>
    <dimen name="x563">886.20dp</dimen>
    <dimen name="x564">887.78dp</dimen>
    <dimen name="x565">889.35dp</dimen>
    <dimen name="x566">890.93dp</dimen>
    <dimen name="x567">892.50dp</dimen>
    <dimen name="x568">894.07dp</dimen>
    <dimen name="x569">895.65dp</dimen>
    <dimen name="x570">897.22dp</dimen>
    <dimen name="x571">898.80dp</dimen>
    <dimen name="x572">900.37dp</dimen>
    <dimen name="x573">901.94dp</dimen>
    <dimen name="x574">903.52dp</dimen>
    <dimen name="x575">905.09dp</dimen>
    <dimen name="x576">906.67dp</dimen>
    <dimen name="x577">908.24dp</dimen>
    <dimen name="x578">909.81dp</dimen>
    <dimen name="x579">911.39dp</dimen>
    <dimen name="x580">912.96dp</dimen>
    <dimen name="x581">914.54dp</dimen>
    <dimen name="x582">916.11dp</dimen>
    <dimen name="x583">917.69dp</dimen>
    <dimen name="x584">919.26dp</dimen>
    <dimen name="x585">920.83dp</dimen>
    <dimen name="x586">922.41dp</dimen>
    <dimen name="x587">923.98dp</dimen>
    <dimen name="x588">925.56dp</dimen>
    <dimen name="x589">927.13dp</dimen>
    <dimen name="x590">928.70dp</dimen>
    <dimen name="x591">930.28dp</dimen>
    <dimen name="x592">931.85dp</dimen>
    <dimen name="x593">933.43dp</dimen>
    <dimen name="x594">935.00dp</dimen>
    <dimen name="x595">936.57dp</dimen>
    <dimen name="x596">938.15dp</dimen>
    <dimen name="x597">939.72dp</dimen>
    <dimen name="x598">941.30dp</dimen>
    <dimen name="x599">942.87dp</dimen>
    <dimen name="x600">944.44dp</dimen>
    <dimen name="x601">946.02dp</dimen>
    <dimen name="x602">947.59dp</dimen>
    <dimen name="x603">949.17dp</dimen>
    <dimen name="x604">950.74dp</dimen>
    <dimen name="x605">952.31dp</dimen>
    <dimen name="x606">953.89dp</dimen>
    <dimen name="x607">955.46dp</dimen>
    <dimen name="x608">957.04dp</dimen>
    <dimen name="x609">958.61dp</dimen>
    <dimen name="x610">960.19dp</dimen>
    <dimen name="x611">961.76dp</dimen>
    <dimen name="x612">963.33dp</dimen>
    <dimen name="x613">964.91dp</dimen>
    <dimen name="x614">966.48dp</dimen>
    <dimen name="x615">968.06dp</dimen>
    <dimen name="x616">969.63dp</dimen>
    <dimen name="x617">971.20dp</dimen>
    <dimen name="x618">972.78dp</dimen>
    <dimen name="x619">974.35dp</dimen>
    <dimen name="x620">975.93dp</dimen>
    <dimen name="x621">977.50dp</dimen>
    <dimen name="x622">979.07dp</dimen>
    <dimen name="x623">980.65dp</dimen>
    <dimen name="x624">982.22dp</dimen>
    <dimen name="x625">983.80dp</dimen>
    <dimen name="x626">985.37dp</dimen>
    <dimen name="x627">986.94dp</dimen>
    <dimen name="x628">988.52dp</dimen>
    <dimen name="x629">990.09dp</dimen>
    <dimen name="x630">991.67dp</dimen>
    <dimen name="x631">993.24dp</dimen>
    <dimen name="x632">994.81dp</dimen>
    <dimen name="x633">996.39dp</dimen>
    <dimen name="x634">997.96dp</dimen>
    <dimen name="x635">999.54dp</dimen>
    <dimen name="x636">1001.11dp</dimen>
    <dimen name="x637">1002.69dp</dimen>
    <dimen name="x638">1004.26dp</dimen>
    <dimen name="x639">1005.83dp</dimen>
    <dimen name="x640">1007.41dp</dimen>
    <dimen name="x641">1008.98dp</dimen>
    <dimen name="x642">1010.56dp</dimen>
    <dimen name="x643">1012.13dp</dimen>
    <dimen name="x644">1013.70dp</dimen>
    <dimen name="x645">1015.28dp</dimen>
    <dimen name="x646">1016.85dp</dimen>
    <dimen name="x647">1018.43dp</dimen>
    <dimen name="x648">1020.00dp</dimen>
    <dimen name="x649">1021.57dp</dimen>
    <dimen name="x650">1023.15dp</dimen>
    <dimen name="x651">1024.72dp</dimen>
    <dimen name="x652">1026.30dp</dimen>
    <dimen name="x653">1027.87dp</dimen>
    <dimen name="x654">1029.44dp</dimen>
    <dimen name="x655">1031.02dp</dimen>
    <dimen name="x656">1032.59dp</dimen>
    <dimen name="x657">1034.17dp</dimen>
    <dimen name="x658">1035.74dp</dimen>
    <dimen name="x659">1037.31dp</dimen>
    <dimen name="x660">1038.89dp</dimen>
    <dimen name="x661">1040.46dp</dimen>
    <dimen name="x662">1042.04dp</dimen>
    <dimen name="x663">1043.61dp</dimen>
    <dimen name="x664">1045.19dp</dimen>
    <dimen name="x665">1046.76dp</dimen>
    <dimen name="x666">1048.33dp</dimen>
    <dimen name="x667">1049.91dp</dimen>
    <dimen name="x668">1051.48dp</dimen>
    <dimen name="x669">1053.06dp</dimen>
    <dimen name="x670">1054.63dp</dimen>
    <dimen name="x671">1056.20dp</dimen>
    <dimen name="x672">1057.78dp</dimen>
    <dimen name="x673">1059.35dp</dimen>
    <dimen name="x674">1060.93dp</dimen>
    <dimen name="x675">1062.50dp</dimen>
    <dimen name="x676">1064.07dp</dimen>
    <dimen name="x677">1065.65dp</dimen>
    <dimen name="x678">1067.22dp</dimen>
    <dimen name="x679">1068.80dp</dimen>
    <dimen name="x680">1070.37dp</dimen>
    <dimen name="x681">1071.94dp</dimen>
    <dimen name="x682">1073.52dp</dimen>
    <dimen name="x683">1075.09dp</dimen>
    <dimen name="x684">1076.67dp</dimen>
    <dimen name="x685">1078.24dp</dimen>
    <dimen name="x686">1079.81dp</dimen>
    <dimen name="x687">1081.39dp</dimen>
    <dimen name="x688">1082.96dp</dimen>
    <dimen name="x689">1084.54dp</dimen>
    <dimen name="x690">1086.11dp</dimen>
    <dimen name="x691">1087.69dp</dimen>
    <dimen name="x692">1089.26dp</dimen>
    <dimen name="x693">1090.83dp</dimen>
    <dimen name="x694">1092.41dp</dimen>
    <dimen name="x695">1093.98dp</dimen>
    <dimen name="x696">1095.56dp</dimen>
    <dimen name="x697">1097.13dp</dimen>
    <dimen name="x698">1098.70dp</dimen>
    <dimen name="x699">1100.28dp</dimen>
    <dimen name="x700">1101.85dp</dimen>
    <dimen name="x701">1103.43dp</dimen>
    <dimen name="x702">1105.00dp</dimen>
    <dimen name="x703">1106.57dp</dimen>
    <dimen name="x704">1108.15dp</dimen>
    <dimen name="x705">1109.72dp</dimen>
    <dimen name="x706">1111.30dp</dimen>
    <dimen name="x707">1112.87dp</dimen>
    <dimen name="x708">1114.44dp</dimen>
    <dimen name="x709">1116.02dp</dimen>
    <dimen name="x710">1117.59dp</dimen>
    <dimen name="x711">1119.17dp</dimen>
    <dimen name="x712">1120.74dp</dimen>
    <dimen name="x713">1122.31dp</dimen>
    <dimen name="x714">1123.89dp</dimen>
    <dimen name="x715">1125.46dp</dimen>
    <dimen name="x716">1127.04dp</dimen>
    <dimen name="x717">1128.61dp</dimen>
    <dimen name="x718">1130.19dp</dimen>
    <dimen name="x719">1131.76dp</dimen>
    <dimen name="x720">1133.33dp</dimen>
    <dimen name="x721">1134.91dp</dimen>
    <dimen name="x722">1136.48dp</dimen>
    <dimen name="x723">1138.06dp</dimen>
    <dimen name="x724">1139.63dp</dimen>
    <dimen name="x725">1141.20dp</dimen>
    <dimen name="x726">1142.78dp</dimen>
    <dimen name="x727">1144.35dp</dimen>
    <dimen name="x728">1145.93dp</dimen>
    <dimen name="x729">1147.50dp</dimen>
    <dimen name="x730">1149.07dp</dimen>
    <dimen name="x731">1150.65dp</dimen>
    <dimen name="x732">1152.22dp</dimen>
    <dimen name="x733">1153.80dp</dimen>
    <dimen name="x734">1155.37dp</dimen>
    <dimen name="x735">1156.94dp</dimen>
    <dimen name="x736">1158.52dp</dimen>
    <dimen name="x737">1160.09dp</dimen>
    <dimen name="x738">1161.67dp</dimen>
    <dimen name="x739">1163.24dp</dimen>
    <dimen name="x740">1164.81dp</dimen>
    <dimen name="x741">1166.39dp</dimen>
    <dimen name="x742">1167.96dp</dimen>
    <dimen name="x743">1169.54dp</dimen>
    <dimen name="x744">1171.11dp</dimen>
    <dimen name="x745">1172.69dp</dimen>
    <dimen name="x746">1174.26dp</dimen>
    <dimen name="x747">1175.83dp</dimen>
    <dimen name="x748">1177.41dp</dimen>
    <dimen name="x749">1178.98dp</dimen>
    <dimen name="x750">1180.56dp</dimen>
    <dimen name="x751">1182.13dp</dimen>
    <dimen name="x752">1183.70dp</dimen>
    <dimen name="x753">1185.28dp</dimen>
    <dimen name="x754">1186.85dp</dimen>
    <dimen name="x755">1188.43dp</dimen>
    <dimen name="x756">1190.00dp</dimen>
    <dimen name="x757">1191.57dp</dimen>
    <dimen name="x758">1193.15dp</dimen>
    <dimen name="x759">1194.72dp</dimen>
    <dimen name="x760">1196.30dp</dimen>
    <dimen name="x761">1197.87dp</dimen>
    <dimen name="x762">1199.44dp</dimen>
    <dimen name="x763">1201.02dp</dimen>
    <dimen name="x764">1202.59dp</dimen>
    <dimen name="x765">1204.17dp</dimen>
    <dimen name="x766">1205.74dp</dimen>
    <dimen name="x767">1207.31dp</dimen>
    <dimen name="x768">1208.89dp</dimen>
    <dimen name="x769">1210.46dp</dimen>
    <dimen name="x770">1212.04dp</dimen>
    <dimen name="x771">1213.61dp</dimen>
    <dimen name="x772">1215.19dp</dimen>
    <dimen name="x773">1216.76dp</dimen>
    <dimen name="x774">1218.33dp</dimen>
    <dimen name="x775">1219.91dp</dimen>
    <dimen name="x776">1221.48dp</dimen>
    <dimen name="x777">1223.06dp</dimen>
    <dimen name="x778">1224.63dp</dimen>
    <dimen name="x779">1226.20dp</dimen>
    <dimen name="x780">1227.78dp</dimen>
    <dimen name="x781">1229.35dp</dimen>
    <dimen name="x782">1230.93dp</dimen>
    <dimen name="x783">1232.50dp</dimen>
    <dimen name="x784">1234.07dp</dimen>
    <dimen name="x785">1235.65dp</dimen>
    <dimen name="x786">1237.22dp</dimen>
    <dimen name="x787">1238.80dp</dimen>
    <dimen name="x788">1240.37dp</dimen>
    <dimen name="x789">1241.94dp</dimen>
    <dimen name="x790">1243.52dp</dimen>
    <dimen name="x791">1245.09dp</dimen>
    <dimen name="x792">1246.67dp</dimen>
    <dimen name="x793">1248.24dp</dimen>
    <dimen name="x794">1249.81dp</dimen>
    <dimen name="x795">1251.39dp</dimen>
    <dimen name="x796">1252.96dp</dimen>
    <dimen name="x797">1254.54dp</dimen>
    <dimen name="x798">1256.11dp</dimen>
    <dimen name="x799">1257.69dp</dimen>
    <dimen name="x800">1259.26dp</dimen>
    <dimen name="x801">1260.83dp</dimen>
    <dimen name="x802">1262.41dp</dimen>
    <dimen name="x803">1263.98dp</dimen>
    <dimen name="x804">1265.56dp</dimen>
    <dimen name="x805">1267.13dp</dimen>
    <dimen name="x806">1268.70dp</dimen>
    <dimen name="x807">1270.28dp</dimen>
    <dimen name="x808">1271.85dp</dimen>
    <dimen name="x809">1273.43dp</dimen>
    <dimen name="x810">1275.00dp</dimen>
    <dimen name="x811">1276.57dp</dimen>
    <dimen name="x812">1278.15dp</dimen>
    <dimen name="x813">1279.72dp</dimen>
    <dimen name="x814">1281.30dp</dimen>
    <dimen name="x815">1282.87dp</dimen>
    <dimen name="x816">1284.44dp</dimen>
    <dimen name="x817">1286.02dp</dimen>
    <dimen name="x818">1287.59dp</dimen>
    <dimen name="x819">1289.17dp</dimen>
    <dimen name="x820">1290.74dp</dimen>
    <dimen name="x821">1292.31dp</dimen>
    <dimen name="x822">1293.89dp</dimen>
    <dimen name="x823">1295.46dp</dimen>
    <dimen name="x824">1297.04dp</dimen>
    <dimen name="x825">1298.61dp</dimen>
    <dimen name="x826">1300.19dp</dimen>
    <dimen name="x827">1301.76dp</dimen>
    <dimen name="x828">1303.33dp</dimen>
    <dimen name="x829">1304.91dp</dimen>
    <dimen name="x830">1306.48dp</dimen>
    <dimen name="x831">1308.06dp</dimen>
    <dimen name="x832">1309.63dp</dimen>
    <dimen name="x833">1311.20dp</dimen>
    <dimen name="x834">1312.78dp</dimen>
    <dimen name="x835">1314.35dp</dimen>
    <dimen name="x836">1315.93dp</dimen>
    <dimen name="x837">1317.50dp</dimen>
    <dimen name="x838">1319.07dp</dimen>
    <dimen name="x839">1320.65dp</dimen>
    <dimen name="x840">1322.22dp</dimen>
    <dimen name="x841">1323.80dp</dimen>
    <dimen name="x842">1325.37dp</dimen>
    <dimen name="x843">1326.94dp</dimen>
    <dimen name="x844">1328.52dp</dimen>
    <dimen name="x845">1330.09dp</dimen>
    <dimen name="x846">1331.67dp</dimen>
    <dimen name="x847">1333.24dp</dimen>
    <dimen name="x848">1334.81dp</dimen>
    <dimen name="x849">1336.39dp</dimen>
    <dimen name="x850">1337.96dp</dimen>
    <dimen name="x851">1339.54dp</dimen>
    <dimen name="x852">1341.11dp</dimen>
    <dimen name="x853">1342.69dp</dimen>
    <dimen name="x854">1344.26dp</dimen>
    <dimen name="x855">1345.83dp</dimen>
    <dimen name="x856">1347.41dp</dimen>
    <dimen name="x857">1348.98dp</dimen>
    <dimen name="x858">1350.56dp</dimen>
    <dimen name="x859">1352.13dp</dimen>
    <dimen name="x860">1353.70dp</dimen>
    <dimen name="x861">1355.28dp</dimen>
    <dimen name="x862">1356.85dp</dimen>
    <dimen name="x863">1358.43dp</dimen>
    <dimen name="x864">1360.00dp</dimen>
    <dimen name="x865">1361.57dp</dimen>
    <dimen name="x866">1363.15dp</dimen>
    <dimen name="x867">1364.72dp</dimen>
    <dimen name="x868">1366.30dp</dimen>
    <dimen name="x869">1367.87dp</dimen>
    <dimen name="x870">1369.44dp</dimen>
    <dimen name="x871">1371.02dp</dimen>
    <dimen name="x872">1372.59dp</dimen>
    <dimen name="x873">1374.17dp</dimen>
    <dimen name="x874">1375.74dp</dimen>
    <dimen name="x875">1377.31dp</dimen>
    <dimen name="x876">1378.89dp</dimen>
    <dimen name="x877">1380.46dp</dimen>
    <dimen name="x878">1382.04dp</dimen>
    <dimen name="x879">1383.61dp</dimen>
    <dimen name="x880">1385.19dp</dimen>
    <dimen name="x881">1386.76dp</dimen>
    <dimen name="x882">1388.33dp</dimen>
    <dimen name="x883">1389.91dp</dimen>
    <dimen name="x884">1391.48dp</dimen>
    <dimen name="x885">1393.06dp</dimen>
    <dimen name="x886">1394.63dp</dimen>
    <dimen name="x887">1396.20dp</dimen>
    <dimen name="x888">1397.78dp</dimen>
    <dimen name="x889">1399.35dp</dimen>
    <dimen name="x890">1400.93dp</dimen>
    <dimen name="x891">1402.50dp</dimen>
    <dimen name="x892">1404.07dp</dimen>
    <dimen name="x893">1405.65dp</dimen>
    <dimen name="x894">1407.22dp</dimen>
    <dimen name="x895">1408.80dp</dimen>
    <dimen name="x896">1410.37dp</dimen>
    <dimen name="x897">1411.94dp</dimen>
    <dimen name="x898">1413.52dp</dimen>
    <dimen name="x899">1415.09dp</dimen>
    <dimen name="x900">1416.67dp</dimen>
    <dimen name="x901">1418.24dp</dimen>
    <dimen name="x902">1419.81dp</dimen>
    <dimen name="x903">1421.39dp</dimen>
    <dimen name="x904">1422.96dp</dimen>
    <dimen name="x905">1424.54dp</dimen>
    <dimen name="x906">1426.11dp</dimen>
    <dimen name="x907">1427.69dp</dimen>
    <dimen name="x908">1429.26dp</dimen>
    <dimen name="x909">1430.83dp</dimen>
    <dimen name="x910">1432.41dp</dimen>
    <dimen name="x911">1433.98dp</dimen>
    <dimen name="x912">1435.56dp</dimen>
    <dimen name="x913">1437.13dp</dimen>
    <dimen name="x914">1438.70dp</dimen>
    <dimen name="x915">1440.28dp</dimen>
    <dimen name="x916">1441.85dp</dimen>
    <dimen name="x917">1443.43dp</dimen>
    <dimen name="x918">1445.00dp</dimen>
    <dimen name="x919">1446.57dp</dimen>
    <dimen name="x920">1448.15dp</dimen>
    <dimen name="x921">1449.72dp</dimen>
    <dimen name="x922">1451.30dp</dimen>
    <dimen name="x923">1452.87dp</dimen>
    <dimen name="x924">1454.44dp</dimen>
    <dimen name="x925">1456.02dp</dimen>
    <dimen name="x926">1457.59dp</dimen>
    <dimen name="x927">1459.17dp</dimen>
    <dimen name="x928">1460.74dp</dimen>
    <dimen name="x929">1462.31dp</dimen>
    <dimen name="x930">1463.89dp</dimen>
    <dimen name="x931">1465.46dp</dimen>
    <dimen name="x932">1467.04dp</dimen>
    <dimen name="x933">1468.61dp</dimen>
    <dimen name="x934">1470.19dp</dimen>
    <dimen name="x935">1471.76dp</dimen>
    <dimen name="x936">1473.33dp</dimen>
    <dimen name="x937">1474.91dp</dimen>
    <dimen name="x938">1476.48dp</dimen>
    <dimen name="x939">1478.06dp</dimen>
    <dimen name="x940">1479.63dp</dimen>
    <dimen name="x941">1481.20dp</dimen>
    <dimen name="x942">1482.78dp</dimen>
    <dimen name="x943">1484.35dp</dimen>
    <dimen name="x944">1485.93dp</dimen>
    <dimen name="x945">1487.50dp</dimen>
    <dimen name="x946">1489.07dp</dimen>
    <dimen name="x947">1490.65dp</dimen>
    <dimen name="x948">1492.22dp</dimen>
    <dimen name="x949">1493.80dp</dimen>
    <dimen name="x950">1495.37dp</dimen>
    <dimen name="x951">1496.94dp</dimen>
    <dimen name="x952">1498.52dp</dimen>
    <dimen name="x953">1500.09dp</dimen>
    <dimen name="x954">1501.67dp</dimen>
    <dimen name="x955">1503.24dp</dimen>
    <dimen name="x956">1504.81dp</dimen>
    <dimen name="x957">1506.39dp</dimen>
    <dimen name="x958">1507.96dp</dimen>
    <dimen name="x959">1509.54dp</dimen>
    <dimen name="x960">1511.11dp</dimen>
    <dimen name="x961">1512.69dp</dimen>
    <dimen name="x962">1514.26dp</dimen>
    <dimen name="x963">1515.83dp</dimen>
    <dimen name="x964">1517.41dp</dimen>
    <dimen name="x965">1518.98dp</dimen>
    <dimen name="x966">1520.56dp</dimen>
    <dimen name="x967">1522.13dp</dimen>
    <dimen name="x968">1523.70dp</dimen>
    <dimen name="x969">1525.28dp</dimen>
    <dimen name="x970">1526.85dp</dimen>
    <dimen name="x971">1528.43dp</dimen>
    <dimen name="x972">1530.00dp</dimen>
    <dimen name="x973">1531.57dp</dimen>
    <dimen name="x974">1533.15dp</dimen>
    <dimen name="x975">1534.72dp</dimen>
    <dimen name="x976">1536.30dp</dimen>
    <dimen name="x977">1537.87dp</dimen>
    <dimen name="x978">1539.44dp</dimen>
    <dimen name="x979">1541.02dp</dimen>
    <dimen name="x980">1542.59dp</dimen>
    <dimen name="x981">1544.17dp</dimen>
    <dimen name="x982">1545.74dp</dimen>
    <dimen name="x983">1547.31dp</dimen>
    <dimen name="x984">1548.89dp</dimen>
    <dimen name="x985">1550.46dp</dimen>
    <dimen name="x986">1552.04dp</dimen>
    <dimen name="x987">1553.61dp</dimen>
    <dimen name="x988">1555.19dp</dimen>
    <dimen name="x989">1556.76dp</dimen>
    <dimen name="x990">1558.33dp</dimen>
    <dimen name="x991">1559.91dp</dimen>
    <dimen name="x992">1561.48dp</dimen>
    <dimen name="x993">1563.06dp</dimen>
    <dimen name="x994">1564.63dp</dimen>
    <dimen name="x995">1566.20dp</dimen>
    <dimen name="x996">1567.78dp</dimen>
    <dimen name="x997">1569.35dp</dimen>
    <dimen name="x998">1570.93dp</dimen>
    <dimen name="x999">1572.50dp</dimen>
    <dimen name="x1000">1574.07dp</dimen>
    <dimen name="x1001">1575.65dp</dimen>
    <dimen name="x1002">1577.22dp</dimen>
    <dimen name="x1003">1578.80dp</dimen>
    <dimen name="x1004">1580.37dp</dimen>
    <dimen name="x1005">1581.94dp</dimen>
    <dimen name="x1006">1583.52dp</dimen>
    <dimen name="x1007">1585.09dp</dimen>
    <dimen name="x1008">1586.67dp</dimen>
    <dimen name="x1009">1588.24dp</dimen>
    <dimen name="x1010">1589.81dp</dimen>
    <dimen name="x1011">1591.39dp</dimen>
    <dimen name="x1012">1592.96dp</dimen>
    <dimen name="x1013">1594.54dp</dimen>
    <dimen name="x1014">1596.11dp</dimen>
    <dimen name="x1015">1597.69dp</dimen>
    <dimen name="x1016">1599.26dp</dimen>
    <dimen name="x1017">1600.83dp</dimen>
    <dimen name="x1018">1602.41dp</dimen>
    <dimen name="x1019">1603.98dp</dimen>
    <dimen name="x1020">1605.56dp</dimen>
    <dimen name="x1021">1607.13dp</dimen>
    <dimen name="x1022">1608.70dp</dimen>
    <dimen name="x1023">1610.28dp</dimen>
    <dimen name="x1024">1611.85dp</dimen>
    <dimen name="x1025">1613.43dp</dimen>
    <dimen name="x1026">1615.00dp</dimen>
    <dimen name="x1027">1616.57dp</dimen>
    <dimen name="x1028">1618.15dp</dimen>
    <dimen name="x1029">1619.72dp</dimen>
    <dimen name="x1030">1621.30dp</dimen>
    <dimen name="x1031">1622.87dp</dimen>
    <dimen name="x1032">1624.44dp</dimen>
    <dimen name="x1033">1626.02dp</dimen>
    <dimen name="x1034">1627.59dp</dimen>
    <dimen name="x1035">1629.17dp</dimen>
    <dimen name="x1036">1630.74dp</dimen>
    <dimen name="x1037">1632.31dp</dimen>
    <dimen name="x1038">1633.89dp</dimen>
    <dimen name="x1039">1635.46dp</dimen>
    <dimen name="x1040">1637.04dp</dimen>
    <dimen name="x1041">1638.61dp</dimen>
    <dimen name="x1042">1640.19dp</dimen>
    <dimen name="x1043">1641.76dp</dimen>
    <dimen name="x1044">1643.33dp</dimen>
    <dimen name="x1045">1644.91dp</dimen>
    <dimen name="x1046">1646.48dp</dimen>
    <dimen name="x1047">1648.06dp</dimen>
    <dimen name="x1048">1649.63dp</dimen>
    <dimen name="x1049">1651.20dp</dimen>
    <dimen name="x1050">1652.78dp</dimen>
    <dimen name="x1051">1654.35dp</dimen>
    <dimen name="x1052">1655.93dp</dimen>
    <dimen name="x1053">1657.50dp</dimen>
    <dimen name="x1054">1659.07dp</dimen>
    <dimen name="x1055">1660.65dp</dimen>
    <dimen name="x1056">1662.22dp</dimen>
    <dimen name="x1057">1663.80dp</dimen>
    <dimen name="x1058">1665.37dp</dimen>
    <dimen name="x1059">1666.94dp</dimen>
    <dimen name="x1060">1668.52dp</dimen>
    <dimen name="x1061">1670.09dp</dimen>
    <dimen name="x1062">1671.67dp</dimen>
    <dimen name="x1063">1673.24dp</dimen>
    <dimen name="x1064">1674.81dp</dimen>
    <dimen name="x1065">1676.39dp</dimen>
    <dimen name="x1066">1677.96dp</dimen>
    <dimen name="x1067">1679.54dp</dimen>
    <dimen name="x1068">1681.11dp</dimen>
    <dimen name="x1069">1682.69dp</dimen>
    <dimen name="x1070">1684.26dp</dimen>
    <dimen name="x1071">1685.83dp</dimen>
    <dimen name="x1072">1687.41dp</dimen>
    <dimen name="x1073">1688.98dp</dimen>
    <dimen name="x1074">1690.56dp</dimen>
    <dimen name="x1075">1692.13dp</dimen>
    <dimen name="x1076">1693.70dp</dimen>
    <dimen name="x1077">1695.28dp</dimen>
    <dimen name="x1078">1696.85dp</dimen>
    <dimen name="x1079">1698.43dp</dimen>
    <dimen name="x1080">1700.00dp</dimen>
</resources>