<?xml version="1.0" encoding="utf-8"?>
<resources>
    <string name="sw_dp">640dp</string>
    <dimen name="x1">0.59dp</dimen>
    <dimen name="x2">1.19dp</dimen>
    <dimen name="x3">1.78dp</dimen>
    <dimen name="x4">2.37dp</dimen>
    <dimen name="x5">2.96dp</dimen>
    <dimen name="x6">3.56dp</dimen>
    <dimen name="x7">4.15dp</dimen>
    <dimen name="x8">4.74dp</dimen>
    <dimen name="x9">5.33dp</dimen>
    <dimen name="x10">5.93dp</dimen>
    <dimen name="x11">6.52dp</dimen>
    <dimen name="x12">7.11dp</dimen>
    <dimen name="x13">7.70dp</dimen>
    <dimen name="x14">8.30dp</dimen>
    <dimen name="x15">8.89dp</dimen>
    <dimen name="x16">9.48dp</dimen>
    <dimen name="x17">10.07dp</dimen>
    <dimen name="x18">10.67dp</dimen>
    <dimen name="x19">11.26dp</dimen>
    <dimen name="x20">11.85dp</dimen>
    <dimen name="x21">12.44dp</dimen>
    <dimen name="x22">13.04dp</dimen>
    <dimen name="x23">13.63dp</dimen>
    <dimen name="x24">14.22dp</dimen>
    <dimen name="x25">14.81dp</dimen>
    <dimen name="x26">15.41dp</dimen>
    <dimen name="x27">16.00dp</dimen>
    <dimen name="x28">16.59dp</dimen>
    <dimen name="x29">17.19dp</dimen>
    <dimen name="x30">17.78dp</dimen>
    <dimen name="x31">18.37dp</dimen>
    <dimen name="x32">18.96dp</dimen>
    <dimen name="x33">19.56dp</dimen>
    <dimen name="x34">20.15dp</dimen>
    <dimen name="x35">20.74dp</dimen>
    <dimen name="x36">21.33dp</dimen>
    <dimen name="x37">21.93dp</dimen>
    <dimen name="x38">22.52dp</dimen>
    <dimen name="x39">23.11dp</dimen>
    <dimen name="x40">23.70dp</dimen>
    <dimen name="x41">24.30dp</dimen>
    <dimen name="x42">24.89dp</dimen>
    <dimen name="x43">25.48dp</dimen>
    <dimen name="x44">26.07dp</dimen>
    <dimen name="x45">26.67dp</dimen>
    <dimen name="x46">27.26dp</dimen>
    <dimen name="x47">27.85dp</dimen>
    <dimen name="x48">28.44dp</dimen>
    <dimen name="x49">29.04dp</dimen>
    <dimen name="x50">29.63dp</dimen>
    <dimen name="x51">30.22dp</dimen>
    <dimen name="x52">30.81dp</dimen>
    <dimen name="x53">31.41dp</dimen>
    <dimen name="x54">32.00dp</dimen>
    <dimen name="x55">32.59dp</dimen>
    <dimen name="x56">33.19dp</dimen>
    <dimen name="x57">33.78dp</dimen>
    <dimen name="x58">34.37dp</dimen>
    <dimen name="x59">34.96dp</dimen>
    <dimen name="x60">35.56dp</dimen>
    <dimen name="x61">36.15dp</dimen>
    <dimen name="x62">36.74dp</dimen>
    <dimen name="x63">37.33dp</dimen>
    <dimen name="x64">37.93dp</dimen>
    <dimen name="x65">38.52dp</dimen>
    <dimen name="x66">39.11dp</dimen>
    <dimen name="x67">39.70dp</dimen>
    <dimen name="x68">40.30dp</dimen>
    <dimen name="x69">40.89dp</dimen>
    <dimen name="x70">41.48dp</dimen>
    <dimen name="x71">42.07dp</dimen>
    <dimen name="x72">42.67dp</dimen>
    <dimen name="x73">43.26dp</dimen>
    <dimen name="x74">43.85dp</dimen>
    <dimen name="x75">44.44dp</dimen>
    <dimen name="x76">45.04dp</dimen>
    <dimen name="x77">45.63dp</dimen>
    <dimen name="x78">46.22dp</dimen>
    <dimen name="x79">46.81dp</dimen>
    <dimen name="x80">47.41dp</dimen>
    <dimen name="x81">48.00dp</dimen>
    <dimen name="x82">48.59dp</dimen>
    <dimen name="x83">49.19dp</dimen>
    <dimen name="x84">49.78dp</dimen>
    <dimen name="x85">50.37dp</dimen>
    <dimen name="x86">50.96dp</dimen>
    <dimen name="x87">51.56dp</dimen>
    <dimen name="x88">52.15dp</dimen>
    <dimen name="x89">52.74dp</dimen>
    <dimen name="x90">53.33dp</dimen>
    <dimen name="x91">53.93dp</dimen>
    <dimen name="x92">54.52dp</dimen>
    <dimen name="x93">55.11dp</dimen>
    <dimen name="x94">55.70dp</dimen>
    <dimen name="x95">56.30dp</dimen>
    <dimen name="x96">56.89dp</dimen>
    <dimen name="x97">57.48dp</dimen>
    <dimen name="x98">58.07dp</dimen>
    <dimen name="x99">58.67dp</dimen>
    <dimen name="x100">59.26dp</dimen>
    <dimen name="x101">59.85dp</dimen>
    <dimen name="x102">60.44dp</dimen>
    <dimen name="x103">61.04dp</dimen>
    <dimen name="x104">61.63dp</dimen>
    <dimen name="x105">62.22dp</dimen>
    <dimen name="x106">62.81dp</dimen>
    <dimen name="x107">63.41dp</dimen>
    <dimen name="x108">64.00dp</dimen>
    <dimen name="x109">64.59dp</dimen>
    <dimen name="x110">65.19dp</dimen>
    <dimen name="x111">65.78dp</dimen>
    <dimen name="x112">66.37dp</dimen>
    <dimen name="x113">66.96dp</dimen>
    <dimen name="x114">67.56dp</dimen>
    <dimen name="x115">68.15dp</dimen>
    <dimen name="x116">68.74dp</dimen>
    <dimen name="x117">69.33dp</dimen>
    <dimen name="x118">69.93dp</dimen>
    <dimen name="x119">70.52dp</dimen>
    <dimen name="x120">71.11dp</dimen>
    <dimen name="x121">71.70dp</dimen>
    <dimen name="x122">72.30dp</dimen>
    <dimen name="x123">72.89dp</dimen>
    <dimen name="x124">73.48dp</dimen>
    <dimen name="x125">74.07dp</dimen>
    <dimen name="x126">74.67dp</dimen>
    <dimen name="x127">75.26dp</dimen>
    <dimen name="x128">75.85dp</dimen>
    <dimen name="x129">76.44dp</dimen>
    <dimen name="x130">77.04dp</dimen>
    <dimen name="x131">77.63dp</dimen>
    <dimen name="x132">78.22dp</dimen>
    <dimen name="x133">78.81dp</dimen>
    <dimen name="x134">79.41dp</dimen>
    <dimen name="x135">80.00dp</dimen>
    <dimen name="x136">80.59dp</dimen>
    <dimen name="x137">81.19dp</dimen>
    <dimen name="x138">81.78dp</dimen>
    <dimen name="x139">82.37dp</dimen>
    <dimen name="x140">82.96dp</dimen>
    <dimen name="x141">83.56dp</dimen>
    <dimen name="x142">84.15dp</dimen>
    <dimen name="x143">84.74dp</dimen>
    <dimen name="x144">85.33dp</dimen>
    <dimen name="x145">85.93dp</dimen>
    <dimen name="x146">86.52dp</dimen>
    <dimen name="x147">87.11dp</dimen>
    <dimen name="x148">87.70dp</dimen>
    <dimen name="x149">88.30dp</dimen>
    <dimen name="x150">88.89dp</dimen>
    <dimen name="x151">89.48dp</dimen>
    <dimen name="x152">90.07dp</dimen>
    <dimen name="x153">90.67dp</dimen>
    <dimen name="x154">91.26dp</dimen>
    <dimen name="x155">91.85dp</dimen>
    <dimen name="x156">92.44dp</dimen>
    <dimen name="x157">93.04dp</dimen>
    <dimen name="x158">93.63dp</dimen>
    <dimen name="x159">94.22dp</dimen>
    <dimen name="x160">94.81dp</dimen>
    <dimen name="x161">95.41dp</dimen>
    <dimen name="x162">96.00dp</dimen>
    <dimen name="x163">96.59dp</dimen>
    <dimen name="x164">97.19dp</dimen>
    <dimen name="x165">97.78dp</dimen>
    <dimen name="x166">98.37dp</dimen>
    <dimen name="x167">98.96dp</dimen>
    <dimen name="x168">99.56dp</dimen>
    <dimen name="x169">100.15dp</dimen>
    <dimen name="x170">100.74dp</dimen>
    <dimen name="x171">101.33dp</dimen>
    <dimen name="x172">101.93dp</dimen>
    <dimen name="x173">102.52dp</dimen>
    <dimen name="x174">103.11dp</dimen>
    <dimen name="x175">103.70dp</dimen>
    <dimen name="x176">104.30dp</dimen>
    <dimen name="x177">104.89dp</dimen>
    <dimen name="x178">105.48dp</dimen>
    <dimen name="x179">106.07dp</dimen>
    <dimen name="x180">106.67dp</dimen>
    <dimen name="x181">107.26dp</dimen>
    <dimen name="x182">107.85dp</dimen>
    <dimen name="x183">108.44dp</dimen>
    <dimen name="x184">109.04dp</dimen>
    <dimen name="x185">109.63dp</dimen>
    <dimen name="x186">110.22dp</dimen>
    <dimen name="x187">110.81dp</dimen>
    <dimen name="x188">111.41dp</dimen>
    <dimen name="x189">112.00dp</dimen>
    <dimen name="x190">112.59dp</dimen>
    <dimen name="x191">113.19dp</dimen>
    <dimen name="x192">113.78dp</dimen>
    <dimen name="x193">114.37dp</dimen>
    <dimen name="x194">114.96dp</dimen>
    <dimen name="x195">115.56dp</dimen>
    <dimen name="x196">116.15dp</dimen>
    <dimen name="x197">116.74dp</dimen>
    <dimen name="x198">117.33dp</dimen>
    <dimen name="x199">117.93dp</dimen>
    <dimen name="x200">118.52dp</dimen>
    <dimen name="x201">119.11dp</dimen>
    <dimen name="x202">119.70dp</dimen>
    <dimen name="x203">120.30dp</dimen>
    <dimen name="x204">120.89dp</dimen>
    <dimen name="x205">121.48dp</dimen>
    <dimen name="x206">122.07dp</dimen>
    <dimen name="x207">122.67dp</dimen>
    <dimen name="x208">123.26dp</dimen>
    <dimen name="x209">123.85dp</dimen>
    <dimen name="x210">124.44dp</dimen>
    <dimen name="x211">125.04dp</dimen>
    <dimen name="x212">125.63dp</dimen>
    <dimen name="x213">126.22dp</dimen>
    <dimen name="x214">126.81dp</dimen>
    <dimen name="x215">127.41dp</dimen>
    <dimen name="x216">128.00dp</dimen>
    <dimen name="x217">128.59dp</dimen>
    <dimen name="x218">129.19dp</dimen>
    <dimen name="x219">129.78dp</dimen>
    <dimen name="x220">130.37dp</dimen>
    <dimen name="x221">130.96dp</dimen>
    <dimen name="x222">131.56dp</dimen>
    <dimen name="x223">132.15dp</dimen>
    <dimen name="x224">132.74dp</dimen>
    <dimen name="x225">133.33dp</dimen>
    <dimen name="x226">133.93dp</dimen>
    <dimen name="x227">134.52dp</dimen>
    <dimen name="x228">135.11dp</dimen>
    <dimen name="x229">135.70dp</dimen>
    <dimen name="x230">136.30dp</dimen>
    <dimen name="x231">136.89dp</dimen>
    <dimen name="x232">137.48dp</dimen>
    <dimen name="x233">138.07dp</dimen>
    <dimen name="x234">138.67dp</dimen>
    <dimen name="x235">139.26dp</dimen>
    <dimen name="x236">139.85dp</dimen>
    <dimen name="x237">140.44dp</dimen>
    <dimen name="x238">141.04dp</dimen>
    <dimen name="x239">141.63dp</dimen>
    <dimen name="x240">142.22dp</dimen>
    <dimen name="x241">142.81dp</dimen>
    <dimen name="x242">143.41dp</dimen>
    <dimen name="x243">144.00dp</dimen>
    <dimen name="x244">144.59dp</dimen>
    <dimen name="x245">145.19dp</dimen>
    <dimen name="x246">145.78dp</dimen>
    <dimen name="x247">146.37dp</dimen>
    <dimen name="x248">146.96dp</dimen>
    <dimen name="x249">147.56dp</dimen>
    <dimen name="x250">148.15dp</dimen>
    <dimen name="x251">148.74dp</dimen>
    <dimen name="x252">149.33dp</dimen>
    <dimen name="x253">149.93dp</dimen>
    <dimen name="x254">150.52dp</dimen>
    <dimen name="x255">151.11dp</dimen>
    <dimen name="x256">151.70dp</dimen>
    <dimen name="x257">152.30dp</dimen>
    <dimen name="x258">152.89dp</dimen>
    <dimen name="x259">153.48dp</dimen>
    <dimen name="x260">154.07dp</dimen>
    <dimen name="x261">154.67dp</dimen>
    <dimen name="x262">155.26dp</dimen>
    <dimen name="x263">155.85dp</dimen>
    <dimen name="x264">156.44dp</dimen>
    <dimen name="x265">157.04dp</dimen>
    <dimen name="x266">157.63dp</dimen>
    <dimen name="x267">158.22dp</dimen>
    <dimen name="x268">158.81dp</dimen>
    <dimen name="x269">159.41dp</dimen>
    <dimen name="x270">160.00dp</dimen>
    <dimen name="x271">160.59dp</dimen>
    <dimen name="x272">161.19dp</dimen>
    <dimen name="x273">161.78dp</dimen>
    <dimen name="x274">162.37dp</dimen>
    <dimen name="x275">162.96dp</dimen>
    <dimen name="x276">163.56dp</dimen>
    <dimen name="x277">164.15dp</dimen>
    <dimen name="x278">164.74dp</dimen>
    <dimen name="x279">165.33dp</dimen>
    <dimen name="x280">165.93dp</dimen>
    <dimen name="x281">166.52dp</dimen>
    <dimen name="x282">167.11dp</dimen>
    <dimen name="x283">167.70dp</dimen>
    <dimen name="x284">168.30dp</dimen>
    <dimen name="x285">168.89dp</dimen>
    <dimen name="x286">169.48dp</dimen>
    <dimen name="x287">170.07dp</dimen>
    <dimen name="x288">170.67dp</dimen>
    <dimen name="x289">171.26dp</dimen>
    <dimen name="x290">171.85dp</dimen>
    <dimen name="x291">172.44dp</dimen>
    <dimen name="x292">173.04dp</dimen>
    <dimen name="x293">173.63dp</dimen>
    <dimen name="x294">174.22dp</dimen>
    <dimen name="x295">174.81dp</dimen>
    <dimen name="x296">175.41dp</dimen>
    <dimen name="x297">176.00dp</dimen>
    <dimen name="x298">176.59dp</dimen>
    <dimen name="x299">177.19dp</dimen>
    <dimen name="x300">177.78dp</dimen>
    <dimen name="x301">178.37dp</dimen>
    <dimen name="x302">178.96dp</dimen>
    <dimen name="x303">179.56dp</dimen>
    <dimen name="x304">180.15dp</dimen>
    <dimen name="x305">180.74dp</dimen>
    <dimen name="x306">181.33dp</dimen>
    <dimen name="x307">181.93dp</dimen>
    <dimen name="x308">182.52dp</dimen>
    <dimen name="x309">183.11dp</dimen>
    <dimen name="x310">183.70dp</dimen>
    <dimen name="x311">184.30dp</dimen>
    <dimen name="x312">184.89dp</dimen>
    <dimen name="x313">185.48dp</dimen>
    <dimen name="x314">186.07dp</dimen>
    <dimen name="x315">186.67dp</dimen>
    <dimen name="x316">187.26dp</dimen>
    <dimen name="x317">187.85dp</dimen>
    <dimen name="x318">188.44dp</dimen>
    <dimen name="x319">189.04dp</dimen>
    <dimen name="x320">189.63dp</dimen>
    <dimen name="x321">190.22dp</dimen>
    <dimen name="x322">190.81dp</dimen>
    <dimen name="x323">191.41dp</dimen>
    <dimen name="x324">192.00dp</dimen>
    <dimen name="x325">192.59dp</dimen>
    <dimen name="x326">193.19dp</dimen>
    <dimen name="x327">193.78dp</dimen>
    <dimen name="x328">194.37dp</dimen>
    <dimen name="x329">194.96dp</dimen>
    <dimen name="x330">195.56dp</dimen>
    <dimen name="x331">196.15dp</dimen>
    <dimen name="x332">196.74dp</dimen>
    <dimen name="x333">197.33dp</dimen>
    <dimen name="x334">197.93dp</dimen>
    <dimen name="x335">198.52dp</dimen>
    <dimen name="x336">199.11dp</dimen>
    <dimen name="x337">199.70dp</dimen>
    <dimen name="x338">200.30dp</dimen>
    <dimen name="x339">200.89dp</dimen>
    <dimen name="x340">201.48dp</dimen>
    <dimen name="x341">202.07dp</dimen>
    <dimen name="x342">202.67dp</dimen>
    <dimen name="x343">203.26dp</dimen>
    <dimen name="x344">203.85dp</dimen>
    <dimen name="x345">204.44dp</dimen>
    <dimen name="x346">205.04dp</dimen>
    <dimen name="x347">205.63dp</dimen>
    <dimen name="x348">206.22dp</dimen>
    <dimen name="x349">206.81dp</dimen>
    <dimen name="x350">207.41dp</dimen>
    <dimen name="x351">208.00dp</dimen>
    <dimen name="x352">208.59dp</dimen>
    <dimen name="x353">209.19dp</dimen>
    <dimen name="x354">209.78dp</dimen>
    <dimen name="x355">210.37dp</dimen>
    <dimen name="x356">210.96dp</dimen>
    <dimen name="x357">211.56dp</dimen>
    <dimen name="x358">212.15dp</dimen>
    <dimen name="x359">212.74dp</dimen>
    <dimen name="x360">213.33dp</dimen>
    <dimen name="x361">213.93dp</dimen>
    <dimen name="x362">214.52dp</dimen>
    <dimen name="x363">215.11dp</dimen>
    <dimen name="x364">215.70dp</dimen>
    <dimen name="x365">216.30dp</dimen>
    <dimen name="x366">216.89dp</dimen>
    <dimen name="x367">217.48dp</dimen>
    <dimen name="x368">218.07dp</dimen>
    <dimen name="x369">218.67dp</dimen>
    <dimen name="x370">219.26dp</dimen>
    <dimen name="x371">219.85dp</dimen>
    <dimen name="x372">220.44dp</dimen>
    <dimen name="x373">221.04dp</dimen>
    <dimen name="x374">221.63dp</dimen>
    <dimen name="x375">222.22dp</dimen>
    <dimen name="x376">222.81dp</dimen>
    <dimen name="x377">223.41dp</dimen>
    <dimen name="x378">224.00dp</dimen>
    <dimen name="x379">224.59dp</dimen>
    <dimen name="x380">225.19dp</dimen>
    <dimen name="x381">225.78dp</dimen>
    <dimen name="x382">226.37dp</dimen>
    <dimen name="x383">226.96dp</dimen>
    <dimen name="x384">227.56dp</dimen>
    <dimen name="x385">228.15dp</dimen>
    <dimen name="x386">228.74dp</dimen>
    <dimen name="x387">229.33dp</dimen>
    <dimen name="x388">229.93dp</dimen>
    <dimen name="x389">230.52dp</dimen>
    <dimen name="x390">231.11dp</dimen>
    <dimen name="x391">231.70dp</dimen>
    <dimen name="x392">232.30dp</dimen>
    <dimen name="x393">232.89dp</dimen>
    <dimen name="x394">233.48dp</dimen>
    <dimen name="x395">234.07dp</dimen>
    <dimen name="x396">234.67dp</dimen>
    <dimen name="x397">235.26dp</dimen>
    <dimen name="x398">235.85dp</dimen>
    <dimen name="x399">236.44dp</dimen>
    <dimen name="x400">237.04dp</dimen>
    <dimen name="x401">237.63dp</dimen>
    <dimen name="x402">238.22dp</dimen>
    <dimen name="x403">238.81dp</dimen>
    <dimen name="x404">239.41dp</dimen>
    <dimen name="x405">240.00dp</dimen>
    <dimen name="x406">240.59dp</dimen>
    <dimen name="x407">241.19dp</dimen>
    <dimen name="x408">241.78dp</dimen>
    <dimen name="x409">242.37dp</dimen>
    <dimen name="x410">242.96dp</dimen>
    <dimen name="x411">243.56dp</dimen>
    <dimen name="x412">244.15dp</dimen>
    <dimen name="x413">244.74dp</dimen>
    <dimen name="x414">245.33dp</dimen>
    <dimen name="x415">245.93dp</dimen>
    <dimen name="x416">246.52dp</dimen>
    <dimen name="x417">247.11dp</dimen>
    <dimen name="x418">247.70dp</dimen>
    <dimen name="x419">248.30dp</dimen>
    <dimen name="x420">248.89dp</dimen>
    <dimen name="x421">249.48dp</dimen>
    <dimen name="x422">250.07dp</dimen>
    <dimen name="x423">250.67dp</dimen>
    <dimen name="x424">251.26dp</dimen>
    <dimen name="x425">251.85dp</dimen>
    <dimen name="x426">252.44dp</dimen>
    <dimen name="x427">253.04dp</dimen>
    <dimen name="x428">253.63dp</dimen>
    <dimen name="x429">254.22dp</dimen>
    <dimen name="x430">254.81dp</dimen>
    <dimen name="x431">255.41dp</dimen>
    <dimen name="x432">256.00dp</dimen>
    <dimen name="x433">256.59dp</dimen>
    <dimen name="x434">257.19dp</dimen>
    <dimen name="x435">257.78dp</dimen>
    <dimen name="x436">258.37dp</dimen>
    <dimen name="x437">258.96dp</dimen>
    <dimen name="x438">259.56dp</dimen>
    <dimen name="x439">260.15dp</dimen>
    <dimen name="x440">260.74dp</dimen>
    <dimen name="x441">261.33dp</dimen>
    <dimen name="x442">261.93dp</dimen>
    <dimen name="x443">262.52dp</dimen>
    <dimen name="x444">263.11dp</dimen>
    <dimen name="x445">263.70dp</dimen>
    <dimen name="x446">264.30dp</dimen>
    <dimen name="x447">264.89dp</dimen>
    <dimen name="x448">265.48dp</dimen>
    <dimen name="x449">266.07dp</dimen>
    <dimen name="x450">266.67dp</dimen>
    <dimen name="x451">267.26dp</dimen>
    <dimen name="x452">267.85dp</dimen>
    <dimen name="x453">268.44dp</dimen>
    <dimen name="x454">269.04dp</dimen>
    <dimen name="x455">269.63dp</dimen>
    <dimen name="x456">270.22dp</dimen>
    <dimen name="x457">270.81dp</dimen>
    <dimen name="x458">271.41dp</dimen>
    <dimen name="x459">272.00dp</dimen>
    <dimen name="x460">272.59dp</dimen>
    <dimen name="x461">273.19dp</dimen>
    <dimen name="x462">273.78dp</dimen>
    <dimen name="x463">274.37dp</dimen>
    <dimen name="x464">274.96dp</dimen>
    <dimen name="x465">275.56dp</dimen>
    <dimen name="x466">276.15dp</dimen>
    <dimen name="x467">276.74dp</dimen>
    <dimen name="x468">277.33dp</dimen>
    <dimen name="x469">277.93dp</dimen>
    <dimen name="x470">278.52dp</dimen>
    <dimen name="x471">279.11dp</dimen>
    <dimen name="x472">279.70dp</dimen>
    <dimen name="x473">280.30dp</dimen>
    <dimen name="x474">280.89dp</dimen>
    <dimen name="x475">281.48dp</dimen>
    <dimen name="x476">282.07dp</dimen>
    <dimen name="x477">282.67dp</dimen>
    <dimen name="x478">283.26dp</dimen>
    <dimen name="x479">283.85dp</dimen>
    <dimen name="x480">284.44dp</dimen>
    <dimen name="x481">285.04dp</dimen>
    <dimen name="x482">285.63dp</dimen>
    <dimen name="x483">286.22dp</dimen>
    <dimen name="x484">286.81dp</dimen>
    <dimen name="x485">287.41dp</dimen>
    <dimen name="x486">288.00dp</dimen>
    <dimen name="x487">288.59dp</dimen>
    <dimen name="x488">289.19dp</dimen>
    <dimen name="x489">289.78dp</dimen>
    <dimen name="x490">290.37dp</dimen>
    <dimen name="x491">290.96dp</dimen>
    <dimen name="x492">291.56dp</dimen>
    <dimen name="x493">292.15dp</dimen>
    <dimen name="x494">292.74dp</dimen>
    <dimen name="x495">293.33dp</dimen>
    <dimen name="x496">293.93dp</dimen>
    <dimen name="x497">294.52dp</dimen>
    <dimen name="x498">295.11dp</dimen>
    <dimen name="x499">295.70dp</dimen>
    <dimen name="x500">296.30dp</dimen>
    <dimen name="x501">296.89dp</dimen>
    <dimen name="x502">297.48dp</dimen>
    <dimen name="x503">298.07dp</dimen>
    <dimen name="x504">298.67dp</dimen>
    <dimen name="x505">299.26dp</dimen>
    <dimen name="x506">299.85dp</dimen>
    <dimen name="x507">300.44dp</dimen>
    <dimen name="x508">301.04dp</dimen>
    <dimen name="x509">301.63dp</dimen>
    <dimen name="x510">302.22dp</dimen>
    <dimen name="x511">302.81dp</dimen>
    <dimen name="x512">303.41dp</dimen>
    <dimen name="x513">304.00dp</dimen>
    <dimen name="x514">304.59dp</dimen>
    <dimen name="x515">305.19dp</dimen>
    <dimen name="x516">305.78dp</dimen>
    <dimen name="x517">306.37dp</dimen>
    <dimen name="x518">306.96dp</dimen>
    <dimen name="x519">307.56dp</dimen>
    <dimen name="x520">308.15dp</dimen>
    <dimen name="x521">308.74dp</dimen>
    <dimen name="x522">309.33dp</dimen>
    <dimen name="x523">309.93dp</dimen>
    <dimen name="x524">310.52dp</dimen>
    <dimen name="x525">311.11dp</dimen>
    <dimen name="x526">311.70dp</dimen>
    <dimen name="x527">312.30dp</dimen>
    <dimen name="x528">312.89dp</dimen>
    <dimen name="x529">313.48dp</dimen>
    <dimen name="x530">314.07dp</dimen>
    <dimen name="x531">314.67dp</dimen>
    <dimen name="x532">315.26dp</dimen>
    <dimen name="x533">315.85dp</dimen>
    <dimen name="x534">316.44dp</dimen>
    <dimen name="x535">317.04dp</dimen>
    <dimen name="x536">317.63dp</dimen>
    <dimen name="x537">318.22dp</dimen>
    <dimen name="x538">318.81dp</dimen>
    <dimen name="x539">319.41dp</dimen>
    <dimen name="x540">320.00dp</dimen>
    <dimen name="x541">320.59dp</dimen>
    <dimen name="x542">321.19dp</dimen>
    <dimen name="x543">321.78dp</dimen>
    <dimen name="x544">322.37dp</dimen>
    <dimen name="x545">322.96dp</dimen>
    <dimen name="x546">323.56dp</dimen>
    <dimen name="x547">324.15dp</dimen>
    <dimen name="x548">324.74dp</dimen>
    <dimen name="x549">325.33dp</dimen>
    <dimen name="x550">325.93dp</dimen>
    <dimen name="x551">326.52dp</dimen>
    <dimen name="x552">327.11dp</dimen>
    <dimen name="x553">327.70dp</dimen>
    <dimen name="x554">328.30dp</dimen>
    <dimen name="x555">328.89dp</dimen>
    <dimen name="x556">329.48dp</dimen>
    <dimen name="x557">330.07dp</dimen>
    <dimen name="x558">330.67dp</dimen>
    <dimen name="x559">331.26dp</dimen>
    <dimen name="x560">331.85dp</dimen>
    <dimen name="x561">332.44dp</dimen>
    <dimen name="x562">333.04dp</dimen>
    <dimen name="x563">333.63dp</dimen>
    <dimen name="x564">334.22dp</dimen>
    <dimen name="x565">334.81dp</dimen>
    <dimen name="x566">335.41dp</dimen>
    <dimen name="x567">336.00dp</dimen>
    <dimen name="x568">336.59dp</dimen>
    <dimen name="x569">337.19dp</dimen>
    <dimen name="x570">337.78dp</dimen>
    <dimen name="x571">338.37dp</dimen>
    <dimen name="x572">338.96dp</dimen>
    <dimen name="x573">339.56dp</dimen>
    <dimen name="x574">340.15dp</dimen>
    <dimen name="x575">340.74dp</dimen>
    <dimen name="x576">341.33dp</dimen>
    <dimen name="x577">341.93dp</dimen>
    <dimen name="x578">342.52dp</dimen>
    <dimen name="x579">343.11dp</dimen>
    <dimen name="x580">343.70dp</dimen>
    <dimen name="x581">344.30dp</dimen>
    <dimen name="x582">344.89dp</dimen>
    <dimen name="x583">345.48dp</dimen>
    <dimen name="x584">346.07dp</dimen>
    <dimen name="x585">346.67dp</dimen>
    <dimen name="x586">347.26dp</dimen>
    <dimen name="x587">347.85dp</dimen>
    <dimen name="x588">348.44dp</dimen>
    <dimen name="x589">349.04dp</dimen>
    <dimen name="x590">349.63dp</dimen>
    <dimen name="x591">350.22dp</dimen>
    <dimen name="x592">350.81dp</dimen>
    <dimen name="x593">351.41dp</dimen>
    <dimen name="x594">352.00dp</dimen>
    <dimen name="x595">352.59dp</dimen>
    <dimen name="x596">353.19dp</dimen>
    <dimen name="x597">353.78dp</dimen>
    <dimen name="x598">354.37dp</dimen>
    <dimen name="x599">354.96dp</dimen>
    <dimen name="x600">355.56dp</dimen>
    <dimen name="x601">356.15dp</dimen>
    <dimen name="x602">356.74dp</dimen>
    <dimen name="x603">357.33dp</dimen>
    <dimen name="x604">357.93dp</dimen>
    <dimen name="x605">358.52dp</dimen>
    <dimen name="x606">359.11dp</dimen>
    <dimen name="x607">359.70dp</dimen>
    <dimen name="x608">360.30dp</dimen>
    <dimen name="x609">360.89dp</dimen>
    <dimen name="x610">361.48dp</dimen>
    <dimen name="x611">362.07dp</dimen>
    <dimen name="x612">362.67dp</dimen>
    <dimen name="x613">363.26dp</dimen>
    <dimen name="x614">363.85dp</dimen>
    <dimen name="x615">364.44dp</dimen>
    <dimen name="x616">365.04dp</dimen>
    <dimen name="x617">365.63dp</dimen>
    <dimen name="x618">366.22dp</dimen>
    <dimen name="x619">366.81dp</dimen>
    <dimen name="x620">367.41dp</dimen>
    <dimen name="x621">368.00dp</dimen>
    <dimen name="x622">368.59dp</dimen>
    <dimen name="x623">369.19dp</dimen>
    <dimen name="x624">369.78dp</dimen>
    <dimen name="x625">370.37dp</dimen>
    <dimen name="x626">370.96dp</dimen>
    <dimen name="x627">371.56dp</dimen>
    <dimen name="x628">372.15dp</dimen>
    <dimen name="x629">372.74dp</dimen>
    <dimen name="x630">373.33dp</dimen>
    <dimen name="x631">373.93dp</dimen>
    <dimen name="x632">374.52dp</dimen>
    <dimen name="x633">375.11dp</dimen>
    <dimen name="x634">375.70dp</dimen>
    <dimen name="x635">376.30dp</dimen>
    <dimen name="x636">376.89dp</dimen>
    <dimen name="x637">377.48dp</dimen>
    <dimen name="x638">378.07dp</dimen>
    <dimen name="x639">378.67dp</dimen>
    <dimen name="x640">379.26dp</dimen>
    <dimen name="x641">379.85dp</dimen>
    <dimen name="x642">380.44dp</dimen>
    <dimen name="x643">381.04dp</dimen>
    <dimen name="x644">381.63dp</dimen>
    <dimen name="x645">382.22dp</dimen>
    <dimen name="x646">382.81dp</dimen>
    <dimen name="x647">383.41dp</dimen>
    <dimen name="x648">384.00dp</dimen>
    <dimen name="x649">384.59dp</dimen>
    <dimen name="x650">385.19dp</dimen>
    <dimen name="x651">385.78dp</dimen>
    <dimen name="x652">386.37dp</dimen>
    <dimen name="x653">386.96dp</dimen>
    <dimen name="x654">387.56dp</dimen>
    <dimen name="x655">388.15dp</dimen>
    <dimen name="x656">388.74dp</dimen>
    <dimen name="x657">389.33dp</dimen>
    <dimen name="x658">389.93dp</dimen>
    <dimen name="x659">390.52dp</dimen>
    <dimen name="x660">391.11dp</dimen>
    <dimen name="x661">391.70dp</dimen>
    <dimen name="x662">392.30dp</dimen>
    <dimen name="x663">392.89dp</dimen>
    <dimen name="x664">393.48dp</dimen>
    <dimen name="x665">394.07dp</dimen>
    <dimen name="x666">394.67dp</dimen>
    <dimen name="x667">395.26dp</dimen>
    <dimen name="x668">395.85dp</dimen>
    <dimen name="x669">396.44dp</dimen>
    <dimen name="x670">397.04dp</dimen>
    <dimen name="x671">397.63dp</dimen>
    <dimen name="x672">398.22dp</dimen>
    <dimen name="x673">398.81dp</dimen>
    <dimen name="x674">399.41dp</dimen>
    <dimen name="x675">400.00dp</dimen>
    <dimen name="x676">400.59dp</dimen>
    <dimen name="x677">401.19dp</dimen>
    <dimen name="x678">401.78dp</dimen>
    <dimen name="x679">402.37dp</dimen>
    <dimen name="x680">402.96dp</dimen>
    <dimen name="x681">403.56dp</dimen>
    <dimen name="x682">404.15dp</dimen>
    <dimen name="x683">404.74dp</dimen>
    <dimen name="x684">405.33dp</dimen>
    <dimen name="x685">405.93dp</dimen>
    <dimen name="x686">406.52dp</dimen>
    <dimen name="x687">407.11dp</dimen>
    <dimen name="x688">407.70dp</dimen>
    <dimen name="x689">408.30dp</dimen>
    <dimen name="x690">408.89dp</dimen>
    <dimen name="x691">409.48dp</dimen>
    <dimen name="x692">410.07dp</dimen>
    <dimen name="x693">410.67dp</dimen>
    <dimen name="x694">411.26dp</dimen>
    <dimen name="x695">411.85dp</dimen>
    <dimen name="x696">412.44dp</dimen>
    <dimen name="x697">413.04dp</dimen>
    <dimen name="x698">413.63dp</dimen>
    <dimen name="x699">414.22dp</dimen>
    <dimen name="x700">414.81dp</dimen>
    <dimen name="x701">415.41dp</dimen>
    <dimen name="x702">416.00dp</dimen>
    <dimen name="x703">416.59dp</dimen>
    <dimen name="x704">417.19dp</dimen>
    <dimen name="x705">417.78dp</dimen>
    <dimen name="x706">418.37dp</dimen>
    <dimen name="x707">418.96dp</dimen>
    <dimen name="x708">419.56dp</dimen>
    <dimen name="x709">420.15dp</dimen>
    <dimen name="x710">420.74dp</dimen>
    <dimen name="x711">421.33dp</dimen>
    <dimen name="x712">421.93dp</dimen>
    <dimen name="x713">422.52dp</dimen>
    <dimen name="x714">423.11dp</dimen>
    <dimen name="x715">423.70dp</dimen>
    <dimen name="x716">424.30dp</dimen>
    <dimen name="x717">424.89dp</dimen>
    <dimen name="x718">425.48dp</dimen>
    <dimen name="x719">426.07dp</dimen>
    <dimen name="x720">426.67dp</dimen>
    <dimen name="x721">427.26dp</dimen>
    <dimen name="x722">427.85dp</dimen>
    <dimen name="x723">428.44dp</dimen>
    <dimen name="x724">429.04dp</dimen>
    <dimen name="x725">429.63dp</dimen>
    <dimen name="x726">430.22dp</dimen>
    <dimen name="x727">430.81dp</dimen>
    <dimen name="x728">431.41dp</dimen>
    <dimen name="x729">432.00dp</dimen>
    <dimen name="x730">432.59dp</dimen>
    <dimen name="x731">433.19dp</dimen>
    <dimen name="x732">433.78dp</dimen>
    <dimen name="x733">434.37dp</dimen>
    <dimen name="x734">434.96dp</dimen>
    <dimen name="x735">435.56dp</dimen>
    <dimen name="x736">436.15dp</dimen>
    <dimen name="x737">436.74dp</dimen>
    <dimen name="x738">437.33dp</dimen>
    <dimen name="x739">437.93dp</dimen>
    <dimen name="x740">438.52dp</dimen>
    <dimen name="x741">439.11dp</dimen>
    <dimen name="x742">439.70dp</dimen>
    <dimen name="x743">440.30dp</dimen>
    <dimen name="x744">440.89dp</dimen>
    <dimen name="x745">441.48dp</dimen>
    <dimen name="x746">442.07dp</dimen>
    <dimen name="x747">442.67dp</dimen>
    <dimen name="x748">443.26dp</dimen>
    <dimen name="x749">443.85dp</dimen>
    <dimen name="x750">444.44dp</dimen>
    <dimen name="x751">445.04dp</dimen>
    <dimen name="x752">445.63dp</dimen>
    <dimen name="x753">446.22dp</dimen>
    <dimen name="x754">446.81dp</dimen>
    <dimen name="x755">447.41dp</dimen>
    <dimen name="x756">448.00dp</dimen>
    <dimen name="x757">448.59dp</dimen>
    <dimen name="x758">449.19dp</dimen>
    <dimen name="x759">449.78dp</dimen>
    <dimen name="x760">450.37dp</dimen>
    <dimen name="x761">450.96dp</dimen>
    <dimen name="x762">451.56dp</dimen>
    <dimen name="x763">452.15dp</dimen>
    <dimen name="x764">452.74dp</dimen>
    <dimen name="x765">453.33dp</dimen>
    <dimen name="x766">453.93dp</dimen>
    <dimen name="x767">454.52dp</dimen>
    <dimen name="x768">455.11dp</dimen>
    <dimen name="x769">455.70dp</dimen>
    <dimen name="x770">456.30dp</dimen>
    <dimen name="x771">456.89dp</dimen>
    <dimen name="x772">457.48dp</dimen>
    <dimen name="x773">458.07dp</dimen>
    <dimen name="x774">458.67dp</dimen>
    <dimen name="x775">459.26dp</dimen>
    <dimen name="x776">459.85dp</dimen>
    <dimen name="x777">460.44dp</dimen>
    <dimen name="x778">461.04dp</dimen>
    <dimen name="x779">461.63dp</dimen>
    <dimen name="x780">462.22dp</dimen>
    <dimen name="x781">462.81dp</dimen>
    <dimen name="x782">463.41dp</dimen>
    <dimen name="x783">464.00dp</dimen>
    <dimen name="x784">464.59dp</dimen>
    <dimen name="x785">465.19dp</dimen>
    <dimen name="x786">465.78dp</dimen>
    <dimen name="x787">466.37dp</dimen>
    <dimen name="x788">466.96dp</dimen>
    <dimen name="x789">467.56dp</dimen>
    <dimen name="x790">468.15dp</dimen>
    <dimen name="x791">468.74dp</dimen>
    <dimen name="x792">469.33dp</dimen>
    <dimen name="x793">469.93dp</dimen>
    <dimen name="x794">470.52dp</dimen>
    <dimen name="x795">471.11dp</dimen>
    <dimen name="x796">471.70dp</dimen>
    <dimen name="x797">472.30dp</dimen>
    <dimen name="x798">472.89dp</dimen>
    <dimen name="x799">473.48dp</dimen>
    <dimen name="x800">474.07dp</dimen>
    <dimen name="x801">474.67dp</dimen>
    <dimen name="x802">475.26dp</dimen>
    <dimen name="x803">475.85dp</dimen>
    <dimen name="x804">476.44dp</dimen>
    <dimen name="x805">477.04dp</dimen>
    <dimen name="x806">477.63dp</dimen>
    <dimen name="x807">478.22dp</dimen>
    <dimen name="x808">478.81dp</dimen>
    <dimen name="x809">479.41dp</dimen>
    <dimen name="x810">480.00dp</dimen>
    <dimen name="x811">480.59dp</dimen>
    <dimen name="x812">481.19dp</dimen>
    <dimen name="x813">481.78dp</dimen>
    <dimen name="x814">482.37dp</dimen>
    <dimen name="x815">482.96dp</dimen>
    <dimen name="x816">483.56dp</dimen>
    <dimen name="x817">484.15dp</dimen>
    <dimen name="x818">484.74dp</dimen>
    <dimen name="x819">485.33dp</dimen>
    <dimen name="x820">485.93dp</dimen>
    <dimen name="x821">486.52dp</dimen>
    <dimen name="x822">487.11dp</dimen>
    <dimen name="x823">487.70dp</dimen>
    <dimen name="x824">488.30dp</dimen>
    <dimen name="x825">488.89dp</dimen>
    <dimen name="x826">489.48dp</dimen>
    <dimen name="x827">490.07dp</dimen>
    <dimen name="x828">490.67dp</dimen>
    <dimen name="x829">491.26dp</dimen>
    <dimen name="x830">491.85dp</dimen>
    <dimen name="x831">492.44dp</dimen>
    <dimen name="x832">493.04dp</dimen>
    <dimen name="x833">493.63dp</dimen>
    <dimen name="x834">494.22dp</dimen>
    <dimen name="x835">494.81dp</dimen>
    <dimen name="x836">495.41dp</dimen>
    <dimen name="x837">496.00dp</dimen>
    <dimen name="x838">496.59dp</dimen>
    <dimen name="x839">497.19dp</dimen>
    <dimen name="x840">497.78dp</dimen>
    <dimen name="x841">498.37dp</dimen>
    <dimen name="x842">498.96dp</dimen>
    <dimen name="x843">499.56dp</dimen>
    <dimen name="x844">500.15dp</dimen>
    <dimen name="x845">500.74dp</dimen>
    <dimen name="x846">501.33dp</dimen>
    <dimen name="x847">501.93dp</dimen>
    <dimen name="x848">502.52dp</dimen>
    <dimen name="x849">503.11dp</dimen>
    <dimen name="x850">503.70dp</dimen>
    <dimen name="x851">504.30dp</dimen>
    <dimen name="x852">504.89dp</dimen>
    <dimen name="x853">505.48dp</dimen>
    <dimen name="x854">506.07dp</dimen>
    <dimen name="x855">506.67dp</dimen>
    <dimen name="x856">507.26dp</dimen>
    <dimen name="x857">507.85dp</dimen>
    <dimen name="x858">508.44dp</dimen>
    <dimen name="x859">509.04dp</dimen>
    <dimen name="x860">509.63dp</dimen>
    <dimen name="x861">510.22dp</dimen>
    <dimen name="x862">510.81dp</dimen>
    <dimen name="x863">511.41dp</dimen>
    <dimen name="x864">512.00dp</dimen>
    <dimen name="x865">512.59dp</dimen>
    <dimen name="x866">513.19dp</dimen>
    <dimen name="x867">513.78dp</dimen>
    <dimen name="x868">514.37dp</dimen>
    <dimen name="x869">514.96dp</dimen>
    <dimen name="x870">515.56dp</dimen>
    <dimen name="x871">516.15dp</dimen>
    <dimen name="x872">516.74dp</dimen>
    <dimen name="x873">517.33dp</dimen>
    <dimen name="x874">517.93dp</dimen>
    <dimen name="x875">518.52dp</dimen>
    <dimen name="x876">519.11dp</dimen>
    <dimen name="x877">519.70dp</dimen>
    <dimen name="x878">520.30dp</dimen>
    <dimen name="x879">520.89dp</dimen>
    <dimen name="x880">521.48dp</dimen>
    <dimen name="x881">522.07dp</dimen>
    <dimen name="x882">522.67dp</dimen>
    <dimen name="x883">523.26dp</dimen>
    <dimen name="x884">523.85dp</dimen>
    <dimen name="x885">524.44dp</dimen>
    <dimen name="x886">525.04dp</dimen>
    <dimen name="x887">525.63dp</dimen>
    <dimen name="x888">526.22dp</dimen>
    <dimen name="x889">526.81dp</dimen>
    <dimen name="x890">527.41dp</dimen>
    <dimen name="x891">528.00dp</dimen>
    <dimen name="x892">528.59dp</dimen>
    <dimen name="x893">529.19dp</dimen>
    <dimen name="x894">529.78dp</dimen>
    <dimen name="x895">530.37dp</dimen>
    <dimen name="x896">530.96dp</dimen>
    <dimen name="x897">531.56dp</dimen>
    <dimen name="x898">532.15dp</dimen>
    <dimen name="x899">532.74dp</dimen>
    <dimen name="x900">533.33dp</dimen>
    <dimen name="x901">533.93dp</dimen>
    <dimen name="x902">534.52dp</dimen>
    <dimen name="x903">535.11dp</dimen>
    <dimen name="x904">535.70dp</dimen>
    <dimen name="x905">536.30dp</dimen>
    <dimen name="x906">536.89dp</dimen>
    <dimen name="x907">537.48dp</dimen>
    <dimen name="x908">538.07dp</dimen>
    <dimen name="x909">538.67dp</dimen>
    <dimen name="x910">539.26dp</dimen>
    <dimen name="x911">539.85dp</dimen>
    <dimen name="x912">540.44dp</dimen>
    <dimen name="x913">541.04dp</dimen>
    <dimen name="x914">541.63dp</dimen>
    <dimen name="x915">542.22dp</dimen>
    <dimen name="x916">542.81dp</dimen>
    <dimen name="x917">543.41dp</dimen>
    <dimen name="x918">544.00dp</dimen>
    <dimen name="x919">544.59dp</dimen>
    <dimen name="x920">545.19dp</dimen>
    <dimen name="x921">545.78dp</dimen>
    <dimen name="x922">546.37dp</dimen>
    <dimen name="x923">546.96dp</dimen>
    <dimen name="x924">547.56dp</dimen>
    <dimen name="x925">548.15dp</dimen>
    <dimen name="x926">548.74dp</dimen>
    <dimen name="x927">549.33dp</dimen>
    <dimen name="x928">549.93dp</dimen>
    <dimen name="x929">550.52dp</dimen>
    <dimen name="x930">551.11dp</dimen>
    <dimen name="x931">551.70dp</dimen>
    <dimen name="x932">552.30dp</dimen>
    <dimen name="x933">552.89dp</dimen>
    <dimen name="x934">553.48dp</dimen>
    <dimen name="x935">554.07dp</dimen>
    <dimen name="x936">554.67dp</dimen>
    <dimen name="x937">555.26dp</dimen>
    <dimen name="x938">555.85dp</dimen>
    <dimen name="x939">556.44dp</dimen>
    <dimen name="x940">557.04dp</dimen>
    <dimen name="x941">557.63dp</dimen>
    <dimen name="x942">558.22dp</dimen>
    <dimen name="x943">558.81dp</dimen>
    <dimen name="x944">559.41dp</dimen>
    <dimen name="x945">560.00dp</dimen>
    <dimen name="x946">560.59dp</dimen>
    <dimen name="x947">561.19dp</dimen>
    <dimen name="x948">561.78dp</dimen>
    <dimen name="x949">562.37dp</dimen>
    <dimen name="x950">562.96dp</dimen>
    <dimen name="x951">563.56dp</dimen>
    <dimen name="x952">564.15dp</dimen>
    <dimen name="x953">564.74dp</dimen>
    <dimen name="x954">565.33dp</dimen>
    <dimen name="x955">565.93dp</dimen>
    <dimen name="x956">566.52dp</dimen>
    <dimen name="x957">567.11dp</dimen>
    <dimen name="x958">567.70dp</dimen>
    <dimen name="x959">568.30dp</dimen>
    <dimen name="x960">568.89dp</dimen>
    <dimen name="x961">569.48dp</dimen>
    <dimen name="x962">570.07dp</dimen>
    <dimen name="x963">570.67dp</dimen>
    <dimen name="x964">571.26dp</dimen>
    <dimen name="x965">571.85dp</dimen>
    <dimen name="x966">572.44dp</dimen>
    <dimen name="x967">573.04dp</dimen>
    <dimen name="x968">573.63dp</dimen>
    <dimen name="x969">574.22dp</dimen>
    <dimen name="x970">574.81dp</dimen>
    <dimen name="x971">575.41dp</dimen>
    <dimen name="x972">576.00dp</dimen>
    <dimen name="x973">576.59dp</dimen>
    <dimen name="x974">577.19dp</dimen>
    <dimen name="x975">577.78dp</dimen>
    <dimen name="x976">578.37dp</dimen>
    <dimen name="x977">578.96dp</dimen>
    <dimen name="x978">579.56dp</dimen>
    <dimen name="x979">580.15dp</dimen>
    <dimen name="x980">580.74dp</dimen>
    <dimen name="x981">581.33dp</dimen>
    <dimen name="x982">581.93dp</dimen>
    <dimen name="x983">582.52dp</dimen>
    <dimen name="x984">583.11dp</dimen>
    <dimen name="x985">583.70dp</dimen>
    <dimen name="x986">584.30dp</dimen>
    <dimen name="x987">584.89dp</dimen>
    <dimen name="x988">585.48dp</dimen>
    <dimen name="x989">586.07dp</dimen>
    <dimen name="x990">586.67dp</dimen>
    <dimen name="x991">587.26dp</dimen>
    <dimen name="x992">587.85dp</dimen>
    <dimen name="x993">588.44dp</dimen>
    <dimen name="x994">589.04dp</dimen>
    <dimen name="x995">589.63dp</dimen>
    <dimen name="x996">590.22dp</dimen>
    <dimen name="x997">590.81dp</dimen>
    <dimen name="x998">591.41dp</dimen>
    <dimen name="x999">592.00dp</dimen>
    <dimen name="x1000">592.59dp</dimen>
    <dimen name="x1001">593.19dp</dimen>
    <dimen name="x1002">593.78dp</dimen>
    <dimen name="x1003">594.37dp</dimen>
    <dimen name="x1004">594.96dp</dimen>
    <dimen name="x1005">595.56dp</dimen>
    <dimen name="x1006">596.15dp</dimen>
    <dimen name="x1007">596.74dp</dimen>
    <dimen name="x1008">597.33dp</dimen>
    <dimen name="x1009">597.93dp</dimen>
    <dimen name="x1010">598.52dp</dimen>
    <dimen name="x1011">599.11dp</dimen>
    <dimen name="x1012">599.70dp</dimen>
    <dimen name="x1013">600.30dp</dimen>
    <dimen name="x1014">600.89dp</dimen>
    <dimen name="x1015">601.48dp</dimen>
    <dimen name="x1016">602.07dp</dimen>
    <dimen name="x1017">602.67dp</dimen>
    <dimen name="x1018">603.26dp</dimen>
    <dimen name="x1019">603.85dp</dimen>
    <dimen name="x1020">604.44dp</dimen>
    <dimen name="x1021">605.04dp</dimen>
    <dimen name="x1022">605.63dp</dimen>
    <dimen name="x1023">606.22dp</dimen>
    <dimen name="x1024">606.81dp</dimen>
    <dimen name="x1025">607.41dp</dimen>
    <dimen name="x1026">608.00dp</dimen>
    <dimen name="x1027">608.59dp</dimen>
    <dimen name="x1028">609.19dp</dimen>
    <dimen name="x1029">609.78dp</dimen>
    <dimen name="x1030">610.37dp</dimen>
    <dimen name="x1031">610.96dp</dimen>
    <dimen name="x1032">611.56dp</dimen>
    <dimen name="x1033">612.15dp</dimen>
    <dimen name="x1034">612.74dp</dimen>
    <dimen name="x1035">613.33dp</dimen>
    <dimen name="x1036">613.93dp</dimen>
    <dimen name="x1037">614.52dp</dimen>
    <dimen name="x1038">615.11dp</dimen>
    <dimen name="x1039">615.70dp</dimen>
    <dimen name="x1040">616.30dp</dimen>
    <dimen name="x1041">616.89dp</dimen>
    <dimen name="x1042">617.48dp</dimen>
    <dimen name="x1043">618.07dp</dimen>
    <dimen name="x1044">618.67dp</dimen>
    <dimen name="x1045">619.26dp</dimen>
    <dimen name="x1046">619.85dp</dimen>
    <dimen name="x1047">620.44dp</dimen>
    <dimen name="x1048">621.04dp</dimen>
    <dimen name="x1049">621.63dp</dimen>
    <dimen name="x1050">622.22dp</dimen>
    <dimen name="x1051">622.81dp</dimen>
    <dimen name="x1052">623.41dp</dimen>
    <dimen name="x1053">624.00dp</dimen>
    <dimen name="x1054">624.59dp</dimen>
    <dimen name="x1055">625.19dp</dimen>
    <dimen name="x1056">625.78dp</dimen>
    <dimen name="x1057">626.37dp</dimen>
    <dimen name="x1058">626.96dp</dimen>
    <dimen name="x1059">627.56dp</dimen>
    <dimen name="x1060">628.15dp</dimen>
    <dimen name="x1061">628.74dp</dimen>
    <dimen name="x1062">629.33dp</dimen>
    <dimen name="x1063">629.93dp</dimen>
    <dimen name="x1064">630.52dp</dimen>
    <dimen name="x1065">631.11dp</dimen>
    <dimen name="x1066">631.70dp</dimen>
    <dimen name="x1067">632.30dp</dimen>
    <dimen name="x1068">632.89dp</dimen>
    <dimen name="x1069">633.48dp</dimen>
    <dimen name="x1070">634.07dp</dimen>
    <dimen name="x1071">634.67dp</dimen>
    <dimen name="x1072">635.26dp</dimen>
    <dimen name="x1073">635.85dp</dimen>
    <dimen name="x1074">636.44dp</dimen>
    <dimen name="x1075">637.04dp</dimen>
    <dimen name="x1076">637.63dp</dimen>
    <dimen name="x1077">638.22dp</dimen>
    <dimen name="x1078">638.81dp</dimen>
    <dimen name="x1079">639.41dp</dimen>
    <dimen name="x1080">640.00dp</dimen>
</resources>