<?xml version="1.0" encoding="utf-8"?>
<resources>
    <string name="sw_dp">1010dp</string>
    <dimen name="x1">0.94dp</dimen>
    <dimen name="x2">1.87dp</dimen>
    <dimen name="x3">2.81dp</dimen>
    <dimen name="x4">3.74dp</dimen>
    <dimen name="x5">4.68dp</dimen>
    <dimen name="x6">5.61dp</dimen>
    <dimen name="x7">6.55dp</dimen>
    <dimen name="x8">7.48dp</dimen>
    <dimen name="x9">8.42dp</dimen>
    <dimen name="x10">9.35dp</dimen>
    <dimen name="x11">10.29dp</dimen>
    <dimen name="x12">11.22dp</dimen>
    <dimen name="x13">12.16dp</dimen>
    <dimen name="x14">13.09dp</dimen>
    <dimen name="x15">14.03dp</dimen>
    <dimen name="x16">14.96dp</dimen>
    <dimen name="x17">15.90dp</dimen>
    <dimen name="x18">16.83dp</dimen>
    <dimen name="x19">17.77dp</dimen>
    <dimen name="x20">18.70dp</dimen>
    <dimen name="x21">19.64dp</dimen>
    <dimen name="x22">20.57dp</dimen>
    <dimen name="x23">21.51dp</dimen>
    <dimen name="x24">22.44dp</dimen>
    <dimen name="x25">23.38dp</dimen>
    <dimen name="x26">24.31dp</dimen>
    <dimen name="x27">25.25dp</dimen>
    <dimen name="x28">26.19dp</dimen>
    <dimen name="x29">27.12dp</dimen>
    <dimen name="x30">28.06dp</dimen>
    <dimen name="x31">28.99dp</dimen>
    <dimen name="x32">29.93dp</dimen>
    <dimen name="x33">30.86dp</dimen>
    <dimen name="x34">31.80dp</dimen>
    <dimen name="x35">32.73dp</dimen>
    <dimen name="x36">33.67dp</dimen>
    <dimen name="x37">34.60dp</dimen>
    <dimen name="x38">35.54dp</dimen>
    <dimen name="x39">36.47dp</dimen>
    <dimen name="x40">37.41dp</dimen>
    <dimen name="x41">38.34dp</dimen>
    <dimen name="x42">39.28dp</dimen>
    <dimen name="x43">40.21dp</dimen>
    <dimen name="x44">41.15dp</dimen>
    <dimen name="x45">42.08dp</dimen>
    <dimen name="x46">43.02dp</dimen>
    <dimen name="x47">43.95dp</dimen>
    <dimen name="x48">44.89dp</dimen>
    <dimen name="x49">45.82dp</dimen>
    <dimen name="x50">46.76dp</dimen>
    <dimen name="x51">47.69dp</dimen>
    <dimen name="x52">48.63dp</dimen>
    <dimen name="x53">49.56dp</dimen>
    <dimen name="x54">50.50dp</dimen>
    <dimen name="x55">51.44dp</dimen>
    <dimen name="x56">52.37dp</dimen>
    <dimen name="x57">53.31dp</dimen>
    <dimen name="x58">54.24dp</dimen>
    <dimen name="x59">55.18dp</dimen>
    <dimen name="x60">56.11dp</dimen>
    <dimen name="x61">57.05dp</dimen>
    <dimen name="x62">57.98dp</dimen>
    <dimen name="x63">58.92dp</dimen>
    <dimen name="x64">59.85dp</dimen>
    <dimen name="x65">60.79dp</dimen>
    <dimen name="x66">61.72dp</dimen>
    <dimen name="x67">62.66dp</dimen>
    <dimen name="x68">63.59dp</dimen>
    <dimen name="x69">64.53dp</dimen>
    <dimen name="x70">65.46dp</dimen>
    <dimen name="x71">66.40dp</dimen>
    <dimen name="x72">67.33dp</dimen>
    <dimen name="x73">68.27dp</dimen>
    <dimen name="x74">69.20dp</dimen>
    <dimen name="x75">70.14dp</dimen>
    <dimen name="x76">71.07dp</dimen>
    <dimen name="x77">72.01dp</dimen>
    <dimen name="x78">72.94dp</dimen>
    <dimen name="x79">73.88dp</dimen>
    <dimen name="x80">74.81dp</dimen>
    <dimen name="x81">75.75dp</dimen>
    <dimen name="x82">76.69dp</dimen>
    <dimen name="x83">77.62dp</dimen>
    <dimen name="x84">78.56dp</dimen>
    <dimen name="x85">79.49dp</dimen>
    <dimen name="x86">80.43dp</dimen>
    <dimen name="x87">81.36dp</dimen>
    <dimen name="x88">82.30dp</dimen>
    <dimen name="x89">83.23dp</dimen>
    <dimen name="x90">84.17dp</dimen>
    <dimen name="x91">85.10dp</dimen>
    <dimen name="x92">86.04dp</dimen>
    <dimen name="x93">86.97dp</dimen>
    <dimen name="x94">87.91dp</dimen>
    <dimen name="x95">88.84dp</dimen>
    <dimen name="x96">89.78dp</dimen>
    <dimen name="x97">90.71dp</dimen>
    <dimen name="x98">91.65dp</dimen>
    <dimen name="x99">92.58dp</dimen>
    <dimen name="x100">93.52dp</dimen>
    <dimen name="x101">94.45dp</dimen>
    <dimen name="x102">95.39dp</dimen>
    <dimen name="x103">96.32dp</dimen>
    <dimen name="x104">97.26dp</dimen>
    <dimen name="x105">98.19dp</dimen>
    <dimen name="x106">99.13dp</dimen>
    <dimen name="x107">100.06dp</dimen>
    <dimen name="x108">101.00dp</dimen>
    <dimen name="x109">101.94dp</dimen>
    <dimen name="x110">102.87dp</dimen>
    <dimen name="x111">103.81dp</dimen>
    <dimen name="x112">104.74dp</dimen>
    <dimen name="x113">105.68dp</dimen>
    <dimen name="x114">106.61dp</dimen>
    <dimen name="x115">107.55dp</dimen>
    <dimen name="x116">108.48dp</dimen>
    <dimen name="x117">109.42dp</dimen>
    <dimen name="x118">110.35dp</dimen>
    <dimen name="x119">111.29dp</dimen>
    <dimen name="x120">112.22dp</dimen>
    <dimen name="x121">113.16dp</dimen>
    <dimen name="x122">114.09dp</dimen>
    <dimen name="x123">115.03dp</dimen>
    <dimen name="x124">115.96dp</dimen>
    <dimen name="x125">116.90dp</dimen>
    <dimen name="x126">117.83dp</dimen>
    <dimen name="x127">118.77dp</dimen>
    <dimen name="x128">119.70dp</dimen>
    <dimen name="x129">120.64dp</dimen>
    <dimen name="x130">121.57dp</dimen>
    <dimen name="x131">122.51dp</dimen>
    <dimen name="x132">123.44dp</dimen>
    <dimen name="x133">124.38dp</dimen>
    <dimen name="x134">125.31dp</dimen>
    <dimen name="x135">126.25dp</dimen>
    <dimen name="x136">127.19dp</dimen>
    <dimen name="x137">128.12dp</dimen>
    <dimen name="x138">129.06dp</dimen>
    <dimen name="x139">129.99dp</dimen>
    <dimen name="x140">130.93dp</dimen>
    <dimen name="x141">131.86dp</dimen>
    <dimen name="x142">132.80dp</dimen>
    <dimen name="x143">133.73dp</dimen>
    <dimen name="x144">134.67dp</dimen>
    <dimen name="x145">135.60dp</dimen>
    <dimen name="x146">136.54dp</dimen>
    <dimen name="x147">137.47dp</dimen>
    <dimen name="x148">138.41dp</dimen>
    <dimen name="x149">139.34dp</dimen>
    <dimen name="x150">140.28dp</dimen>
    <dimen name="x151">141.21dp</dimen>
    <dimen name="x152">142.15dp</dimen>
    <dimen name="x153">143.08dp</dimen>
    <dimen name="x154">144.02dp</dimen>
    <dimen name="x155">144.95dp</dimen>
    <dimen name="x156">145.89dp</dimen>
    <dimen name="x157">146.82dp</dimen>
    <dimen name="x158">147.76dp</dimen>
    <dimen name="x159">148.69dp</dimen>
    <dimen name="x160">149.63dp</dimen>
    <dimen name="x161">150.56dp</dimen>
    <dimen name="x162">151.50dp</dimen>
    <dimen name="x163">152.44dp</dimen>
    <dimen name="x164">153.37dp</dimen>
    <dimen name="x165">154.31dp</dimen>
    <dimen name="x166">155.24dp</dimen>
    <dimen name="x167">156.18dp</dimen>
    <dimen name="x168">157.11dp</dimen>
    <dimen name="x169">158.05dp</dimen>
    <dimen name="x170">158.98dp</dimen>
    <dimen name="x171">159.92dp</dimen>
    <dimen name="x172">160.85dp</dimen>
    <dimen name="x173">161.79dp</dimen>
    <dimen name="x174">162.72dp</dimen>
    <dimen name="x175">163.66dp</dimen>
    <dimen name="x176">164.59dp</dimen>
    <dimen name="x177">165.53dp</dimen>
    <dimen name="x178">166.46dp</dimen>
    <dimen name="x179">167.40dp</dimen>
    <dimen name="x180">168.33dp</dimen>
    <dimen name="x181">169.27dp</dimen>
    <dimen name="x182">170.20dp</dimen>
    <dimen name="x183">171.14dp</dimen>
    <dimen name="x184">172.07dp</dimen>
    <dimen name="x185">173.01dp</dimen>
    <dimen name="x186">173.94dp</dimen>
    <dimen name="x187">174.88dp</dimen>
    <dimen name="x188">175.81dp</dimen>
    <dimen name="x189">176.75dp</dimen>
    <dimen name="x190">177.69dp</dimen>
    <dimen name="x191">178.62dp</dimen>
    <dimen name="x192">179.56dp</dimen>
    <dimen name="x193">180.49dp</dimen>
    <dimen name="x194">181.43dp</dimen>
    <dimen name="x195">182.36dp</dimen>
    <dimen name="x196">183.30dp</dimen>
    <dimen name="x197">184.23dp</dimen>
    <dimen name="x198">185.17dp</dimen>
    <dimen name="x199">186.10dp</dimen>
    <dimen name="x200">187.04dp</dimen>
    <dimen name="x201">187.97dp</dimen>
    <dimen name="x202">188.91dp</dimen>
    <dimen name="x203">189.84dp</dimen>
    <dimen name="x204">190.78dp</dimen>
    <dimen name="x205">191.71dp</dimen>
    <dimen name="x206">192.65dp</dimen>
    <dimen name="x207">193.58dp</dimen>
    <dimen name="x208">194.52dp</dimen>
    <dimen name="x209">195.45dp</dimen>
    <dimen name="x210">196.39dp</dimen>
    <dimen name="x211">197.32dp</dimen>
    <dimen name="x212">198.26dp</dimen>
    <dimen name="x213">199.19dp</dimen>
    <dimen name="x214">200.13dp</dimen>
    <dimen name="x215">201.06dp</dimen>
    <dimen name="x216">202.00dp</dimen>
    <dimen name="x217">202.94dp</dimen>
    <dimen name="x218">203.87dp</dimen>
    <dimen name="x219">204.81dp</dimen>
    <dimen name="x220">205.74dp</dimen>
    <dimen name="x221">206.68dp</dimen>
    <dimen name="x222">207.61dp</dimen>
    <dimen name="x223">208.55dp</dimen>
    <dimen name="x224">209.48dp</dimen>
    <dimen name="x225">210.42dp</dimen>
    <dimen name="x226">211.35dp</dimen>
    <dimen name="x227">212.29dp</dimen>
    <dimen name="x228">213.22dp</dimen>
    <dimen name="x229">214.16dp</dimen>
    <dimen name="x230">215.09dp</dimen>
    <dimen name="x231">216.03dp</dimen>
    <dimen name="x232">216.96dp</dimen>
    <dimen name="x233">217.90dp</dimen>
    <dimen name="x234">218.83dp</dimen>
    <dimen name="x235">219.77dp</dimen>
    <dimen name="x236">220.70dp</dimen>
    <dimen name="x237">221.64dp</dimen>
    <dimen name="x238">222.57dp</dimen>
    <dimen name="x239">223.51dp</dimen>
    <dimen name="x240">224.44dp</dimen>
    <dimen name="x241">225.38dp</dimen>
    <dimen name="x242">226.31dp</dimen>
    <dimen name="x243">227.25dp</dimen>
    <dimen name="x244">228.19dp</dimen>
    <dimen name="x245">229.12dp</dimen>
    <dimen name="x246">230.06dp</dimen>
    <dimen name="x247">230.99dp</dimen>
    <dimen name="x248">231.93dp</dimen>
    <dimen name="x249">232.86dp</dimen>
    <dimen name="x250">233.80dp</dimen>
    <dimen name="x251">234.73dp</dimen>
    <dimen name="x252">235.67dp</dimen>
    <dimen name="x253">236.60dp</dimen>
    <dimen name="x254">237.54dp</dimen>
    <dimen name="x255">238.47dp</dimen>
    <dimen name="x256">239.41dp</dimen>
    <dimen name="x257">240.34dp</dimen>
    <dimen name="x258">241.28dp</dimen>
    <dimen name="x259">242.21dp</dimen>
    <dimen name="x260">243.15dp</dimen>
    <dimen name="x261">244.08dp</dimen>
    <dimen name="x262">245.02dp</dimen>
    <dimen name="x263">245.95dp</dimen>
    <dimen name="x264">246.89dp</dimen>
    <dimen name="x265">247.82dp</dimen>
    <dimen name="x266">248.76dp</dimen>
    <dimen name="x267">249.69dp</dimen>
    <dimen name="x268">250.63dp</dimen>
    <dimen name="x269">251.56dp</dimen>
    <dimen name="x270">252.50dp</dimen>
    <dimen name="x271">253.44dp</dimen>
    <dimen name="x272">254.37dp</dimen>
    <dimen name="x273">255.31dp</dimen>
    <dimen name="x274">256.24dp</dimen>
    <dimen name="x275">257.18dp</dimen>
    <dimen name="x276">258.11dp</dimen>
    <dimen name="x277">259.05dp</dimen>
    <dimen name="x278">259.98dp</dimen>
    <dimen name="x279">260.92dp</dimen>
    <dimen name="x280">261.85dp</dimen>
    <dimen name="x281">262.79dp</dimen>
    <dimen name="x282">263.72dp</dimen>
    <dimen name="x283">264.66dp</dimen>
    <dimen name="x284">265.59dp</dimen>
    <dimen name="x285">266.53dp</dimen>
    <dimen name="x286">267.46dp</dimen>
    <dimen name="x287">268.40dp</dimen>
    <dimen name="x288">269.33dp</dimen>
    <dimen name="x289">270.27dp</dimen>
    <dimen name="x290">271.20dp</dimen>
    <dimen name="x291">272.14dp</dimen>
    <dimen name="x292">273.07dp</dimen>
    <dimen name="x293">274.01dp</dimen>
    <dimen name="x294">274.94dp</dimen>
    <dimen name="x295">275.88dp</dimen>
    <dimen name="x296">276.81dp</dimen>
    <dimen name="x297">277.75dp</dimen>
    <dimen name="x298">278.69dp</dimen>
    <dimen name="x299">279.62dp</dimen>
    <dimen name="x300">280.56dp</dimen>
    <dimen name="x301">281.49dp</dimen>
    <dimen name="x302">282.43dp</dimen>
    <dimen name="x303">283.36dp</dimen>
    <dimen name="x304">284.30dp</dimen>
    <dimen name="x305">285.23dp</dimen>
    <dimen name="x306">286.17dp</dimen>
    <dimen name="x307">287.10dp</dimen>
    <dimen name="x308">288.04dp</dimen>
    <dimen name="x309">288.97dp</dimen>
    <dimen name="x310">289.91dp</dimen>
    <dimen name="x311">290.84dp</dimen>
    <dimen name="x312">291.78dp</dimen>
    <dimen name="x313">292.71dp</dimen>
    <dimen name="x314">293.65dp</dimen>
    <dimen name="x315">294.58dp</dimen>
    <dimen name="x316">295.52dp</dimen>
    <dimen name="x317">296.45dp</dimen>
    <dimen name="x318">297.39dp</dimen>
    <dimen name="x319">298.32dp</dimen>
    <dimen name="x320">299.26dp</dimen>
    <dimen name="x321">300.19dp</dimen>
    <dimen name="x322">301.13dp</dimen>
    <dimen name="x323">302.06dp</dimen>
    <dimen name="x324">303.00dp</dimen>
    <dimen name="x325">303.94dp</dimen>
    <dimen name="x326">304.87dp</dimen>
    <dimen name="x327">305.81dp</dimen>
    <dimen name="x328">306.74dp</dimen>
    <dimen name="x329">307.68dp</dimen>
    <dimen name="x330">308.61dp</dimen>
    <dimen name="x331">309.55dp</dimen>
    <dimen name="x332">310.48dp</dimen>
    <dimen name="x333">311.42dp</dimen>
    <dimen name="x334">312.35dp</dimen>
    <dimen name="x335">313.29dp</dimen>
    <dimen name="x336">314.22dp</dimen>
    <dimen name="x337">315.16dp</dimen>
    <dimen name="x338">316.09dp</dimen>
    <dimen name="x339">317.03dp</dimen>
    <dimen name="x340">317.96dp</dimen>
    <dimen name="x341">318.90dp</dimen>
    <dimen name="x342">319.83dp</dimen>
    <dimen name="x343">320.77dp</dimen>
    <dimen name="x344">321.70dp</dimen>
    <dimen name="x345">322.64dp</dimen>
    <dimen name="x346">323.57dp</dimen>
    <dimen name="x347">324.51dp</dimen>
    <dimen name="x348">325.44dp</dimen>
    <dimen name="x349">326.38dp</dimen>
    <dimen name="x350">327.31dp</dimen>
    <dimen name="x351">328.25dp</dimen>
    <dimen name="x352">329.19dp</dimen>
    <dimen name="x353">330.12dp</dimen>
    <dimen name="x354">331.06dp</dimen>
    <dimen name="x355">331.99dp</dimen>
    <dimen name="x356">332.93dp</dimen>
    <dimen name="x357">333.86dp</dimen>
    <dimen name="x358">334.80dp</dimen>
    <dimen name="x359">335.73dp</dimen>
    <dimen name="x360">336.67dp</dimen>
    <dimen name="x361">337.60dp</dimen>
    <dimen name="x362">338.54dp</dimen>
    <dimen name="x363">339.47dp</dimen>
    <dimen name="x364">340.41dp</dimen>
    <dimen name="x365">341.34dp</dimen>
    <dimen name="x366">342.28dp</dimen>
    <dimen name="x367">343.21dp</dimen>
    <dimen name="x368">344.15dp</dimen>
    <dimen name="x369">345.08dp</dimen>
    <dimen name="x370">346.02dp</dimen>
    <dimen name="x371">346.95dp</dimen>
    <dimen name="x372">347.89dp</dimen>
    <dimen name="x373">348.82dp</dimen>
    <dimen name="x374">349.76dp</dimen>
    <dimen name="x375">350.69dp</dimen>
    <dimen name="x376">351.63dp</dimen>
    <dimen name="x377">352.56dp</dimen>
    <dimen name="x378">353.50dp</dimen>
    <dimen name="x379">354.44dp</dimen>
    <dimen name="x380">355.37dp</dimen>
    <dimen name="x381">356.31dp</dimen>
    <dimen name="x382">357.24dp</dimen>
    <dimen name="x383">358.18dp</dimen>
    <dimen name="x384">359.11dp</dimen>
    <dimen name="x385">360.05dp</dimen>
    <dimen name="x386">360.98dp</dimen>
    <dimen name="x387">361.92dp</dimen>
    <dimen name="x388">362.85dp</dimen>
    <dimen name="x389">363.79dp</dimen>
    <dimen name="x390">364.72dp</dimen>
    <dimen name="x391">365.66dp</dimen>
    <dimen name="x392">366.59dp</dimen>
    <dimen name="x393">367.53dp</dimen>
    <dimen name="x394">368.46dp</dimen>
    <dimen name="x395">369.40dp</dimen>
    <dimen name="x396">370.33dp</dimen>
    <dimen name="x397">371.27dp</dimen>
    <dimen name="x398">372.20dp</dimen>
    <dimen name="x399">373.14dp</dimen>
    <dimen name="x400">374.07dp</dimen>
    <dimen name="x401">375.01dp</dimen>
    <dimen name="x402">375.94dp</dimen>
    <dimen name="x403">376.88dp</dimen>
    <dimen name="x404">377.81dp</dimen>
    <dimen name="x405">378.75dp</dimen>
    <dimen name="x406">379.69dp</dimen>
    <dimen name="x407">380.62dp</dimen>
    <dimen name="x408">381.56dp</dimen>
    <dimen name="x409">382.49dp</dimen>
    <dimen name="x410">383.43dp</dimen>
    <dimen name="x411">384.36dp</dimen>
    <dimen name="x412">385.30dp</dimen>
    <dimen name="x413">386.23dp</dimen>
    <dimen name="x414">387.17dp</dimen>
    <dimen name="x415">388.10dp</dimen>
    <dimen name="x416">389.04dp</dimen>
    <dimen name="x417">389.97dp</dimen>
    <dimen name="x418">390.91dp</dimen>
    <dimen name="x419">391.84dp</dimen>
    <dimen name="x420">392.78dp</dimen>
    <dimen name="x421">393.71dp</dimen>
    <dimen name="x422">394.65dp</dimen>
    <dimen name="x423">395.58dp</dimen>
    <dimen name="x424">396.52dp</dimen>
    <dimen name="x425">397.45dp</dimen>
    <dimen name="x426">398.39dp</dimen>
    <dimen name="x427">399.32dp</dimen>
    <dimen name="x428">400.26dp</dimen>
    <dimen name="x429">401.19dp</dimen>
    <dimen name="x430">402.13dp</dimen>
    <dimen name="x431">403.06dp</dimen>
    <dimen name="x432">404.00dp</dimen>
    <dimen name="x433">404.94dp</dimen>
    <dimen name="x434">405.87dp</dimen>
    <dimen name="x435">406.81dp</dimen>
    <dimen name="x436">407.74dp</dimen>
    <dimen name="x437">408.68dp</dimen>
    <dimen name="x438">409.61dp</dimen>
    <dimen name="x439">410.55dp</dimen>
    <dimen name="x440">411.48dp</dimen>
    <dimen name="x441">412.42dp</dimen>
    <dimen name="x442">413.35dp</dimen>
    <dimen name="x443">414.29dp</dimen>
    <dimen name="x444">415.22dp</dimen>
    <dimen name="x445">416.16dp</dimen>
    <dimen name="x446">417.09dp</dimen>
    <dimen name="x447">418.03dp</dimen>
    <dimen name="x448">418.96dp</dimen>
    <dimen name="x449">419.90dp</dimen>
    <dimen name="x450">420.83dp</dimen>
    <dimen name="x451">421.77dp</dimen>
    <dimen name="x452">422.70dp</dimen>
    <dimen name="x453">423.64dp</dimen>
    <dimen name="x454">424.57dp</dimen>
    <dimen name="x455">425.51dp</dimen>
    <dimen name="x456">426.44dp</dimen>
    <dimen name="x457">427.38dp</dimen>
    <dimen name="x458">428.31dp</dimen>
    <dimen name="x459">429.25dp</dimen>
    <dimen name="x460">430.19dp</dimen>
    <dimen name="x461">431.12dp</dimen>
    <dimen name="x462">432.06dp</dimen>
    <dimen name="x463">432.99dp</dimen>
    <dimen name="x464">433.93dp</dimen>
    <dimen name="x465">434.86dp</dimen>
    <dimen name="x466">435.80dp</dimen>
    <dimen name="x467">436.73dp</dimen>
    <dimen name="x468">437.67dp</dimen>
    <dimen name="x469">438.60dp</dimen>
    <dimen name="x470">439.54dp</dimen>
    <dimen name="x471">440.47dp</dimen>
    <dimen name="x472">441.41dp</dimen>
    <dimen name="x473">442.34dp</dimen>
    <dimen name="x474">443.28dp</dimen>
    <dimen name="x475">444.21dp</dimen>
    <dimen name="x476">445.15dp</dimen>
    <dimen name="x477">446.08dp</dimen>
    <dimen name="x478">447.02dp</dimen>
    <dimen name="x479">447.95dp</dimen>
    <dimen name="x480">448.89dp</dimen>
    <dimen name="x481">449.82dp</dimen>
    <dimen name="x482">450.76dp</dimen>
    <dimen name="x483">451.69dp</dimen>
    <dimen name="x484">452.63dp</dimen>
    <dimen name="x485">453.56dp</dimen>
    <dimen name="x486">454.50dp</dimen>
    <dimen name="x487">455.44dp</dimen>
    <dimen name="x488">456.37dp</dimen>
    <dimen name="x489">457.31dp</dimen>
    <dimen name="x490">458.24dp</dimen>
    <dimen name="x491">459.18dp</dimen>
    <dimen name="x492">460.11dp</dimen>
    <dimen name="x493">461.05dp</dimen>
    <dimen name="x494">461.98dp</dimen>
    <dimen name="x495">462.92dp</dimen>
    <dimen name="x496">463.85dp</dimen>
    <dimen name="x497">464.79dp</dimen>
    <dimen name="x498">465.72dp</dimen>
    <dimen name="x499">466.66dp</dimen>
    <dimen name="x500">467.59dp</dimen>
    <dimen name="x501">468.53dp</dimen>
    <dimen name="x502">469.46dp</dimen>
    <dimen name="x503">470.40dp</dimen>
    <dimen name="x504">471.33dp</dimen>
    <dimen name="x505">472.27dp</dimen>
    <dimen name="x506">473.20dp</dimen>
    <dimen name="x507">474.14dp</dimen>
    <dimen name="x508">475.07dp</dimen>
    <dimen name="x509">476.01dp</dimen>
    <dimen name="x510">476.94dp</dimen>
    <dimen name="x511">477.88dp</dimen>
    <dimen name="x512">478.81dp</dimen>
    <dimen name="x513">479.75dp</dimen>
    <dimen name="x514">480.69dp</dimen>
    <dimen name="x515">481.62dp</dimen>
    <dimen name="x516">482.56dp</dimen>
    <dimen name="x517">483.49dp</dimen>
    <dimen name="x518">484.43dp</dimen>
    <dimen name="x519">485.36dp</dimen>
    <dimen name="x520">486.30dp</dimen>
    <dimen name="x521">487.23dp</dimen>
    <dimen name="x522">488.17dp</dimen>
    <dimen name="x523">489.10dp</dimen>
    <dimen name="x524">490.04dp</dimen>
    <dimen name="x525">490.97dp</dimen>
    <dimen name="x526">491.91dp</dimen>
    <dimen name="x527">492.84dp</dimen>
    <dimen name="x528">493.78dp</dimen>
    <dimen name="x529">494.71dp</dimen>
    <dimen name="x530">495.65dp</dimen>
    <dimen name="x531">496.58dp</dimen>
    <dimen name="x532">497.52dp</dimen>
    <dimen name="x533">498.45dp</dimen>
    <dimen name="x534">499.39dp</dimen>
    <dimen name="x535">500.32dp</dimen>
    <dimen name="x536">501.26dp</dimen>
    <dimen name="x537">502.19dp</dimen>
    <dimen name="x538">503.13dp</dimen>
    <dimen name="x539">504.06dp</dimen>
    <dimen name="x540">505.00dp</dimen>
    <dimen name="x541">505.94dp</dimen>
    <dimen name="x542">506.87dp</dimen>
    <dimen name="x543">507.81dp</dimen>
    <dimen name="x544">508.74dp</dimen>
    <dimen name="x545">509.68dp</dimen>
    <dimen name="x546">510.61dp</dimen>
    <dimen name="x547">511.55dp</dimen>
    <dimen name="x548">512.48dp</dimen>
    <dimen name="x549">513.42dp</dimen>
    <dimen name="x550">514.35dp</dimen>
    <dimen name="x551">515.29dp</dimen>
    <dimen name="x552">516.22dp</dimen>
    <dimen name="x553">517.16dp</dimen>
    <dimen name="x554">518.09dp</dimen>
    <dimen name="x555">519.03dp</dimen>
    <dimen name="x556">519.96dp</dimen>
    <dimen name="x557">520.90dp</dimen>
    <dimen name="x558">521.83dp</dimen>
    <dimen name="x559">522.77dp</dimen>
    <dimen name="x560">523.70dp</dimen>
    <dimen name="x561">524.64dp</dimen>
    <dimen name="x562">525.57dp</dimen>
    <dimen name="x563">526.51dp</dimen>
    <dimen name="x564">527.44dp</dimen>
    <dimen name="x565">528.38dp</dimen>
    <dimen name="x566">529.31dp</dimen>
    <dimen name="x567">530.25dp</dimen>
    <dimen name="x568">531.19dp</dimen>
    <dimen name="x569">532.12dp</dimen>
    <dimen name="x570">533.06dp</dimen>
    <dimen name="x571">533.99dp</dimen>
    <dimen name="x572">534.93dp</dimen>
    <dimen name="x573">535.86dp</dimen>
    <dimen name="x574">536.80dp</dimen>
    <dimen name="x575">537.73dp</dimen>
    <dimen name="x576">538.67dp</dimen>
    <dimen name="x577">539.60dp</dimen>
    <dimen name="x578">540.54dp</dimen>
    <dimen name="x579">541.47dp</dimen>
    <dimen name="x580">542.41dp</dimen>
    <dimen name="x581">543.34dp</dimen>
    <dimen name="x582">544.28dp</dimen>
    <dimen name="x583">545.21dp</dimen>
    <dimen name="x584">546.15dp</dimen>
    <dimen name="x585">547.08dp</dimen>
    <dimen name="x586">548.02dp</dimen>
    <dimen name="x587">548.95dp</dimen>
    <dimen name="x588">549.89dp</dimen>
    <dimen name="x589">550.82dp</dimen>
    <dimen name="x590">551.76dp</dimen>
    <dimen name="x591">552.69dp</dimen>
    <dimen name="x592">553.63dp</dimen>
    <dimen name="x593">554.56dp</dimen>
    <dimen name="x594">555.50dp</dimen>
    <dimen name="x595">556.44dp</dimen>
    <dimen name="x596">557.37dp</dimen>
    <dimen name="x597">558.31dp</dimen>
    <dimen name="x598">559.24dp</dimen>
    <dimen name="x599">560.18dp</dimen>
    <dimen name="x600">561.11dp</dimen>
    <dimen name="x601">562.05dp</dimen>
    <dimen name="x602">562.98dp</dimen>
    <dimen name="x603">563.92dp</dimen>
    <dimen name="x604">564.85dp</dimen>
    <dimen name="x605">565.79dp</dimen>
    <dimen name="x606">566.72dp</dimen>
    <dimen name="x607">567.66dp</dimen>
    <dimen name="x608">568.59dp</dimen>
    <dimen name="x609">569.53dp</dimen>
    <dimen name="x610">570.46dp</dimen>
    <dimen name="x611">571.40dp</dimen>
    <dimen name="x612">572.33dp</dimen>
    <dimen name="x613">573.27dp</dimen>
    <dimen name="x614">574.20dp</dimen>
    <dimen name="x615">575.14dp</dimen>
    <dimen name="x616">576.07dp</dimen>
    <dimen name="x617">577.01dp</dimen>
    <dimen name="x618">577.94dp</dimen>
    <dimen name="x619">578.88dp</dimen>
    <dimen name="x620">579.81dp</dimen>
    <dimen name="x621">580.75dp</dimen>
    <dimen name="x622">581.69dp</dimen>
    <dimen name="x623">582.62dp</dimen>
    <dimen name="x624">583.56dp</dimen>
    <dimen name="x625">584.49dp</dimen>
    <dimen name="x626">585.43dp</dimen>
    <dimen name="x627">586.36dp</dimen>
    <dimen name="x628">587.30dp</dimen>
    <dimen name="x629">588.23dp</dimen>
    <dimen name="x630">589.17dp</dimen>
    <dimen name="x631">590.10dp</dimen>
    <dimen name="x632">591.04dp</dimen>
    <dimen name="x633">591.97dp</dimen>
    <dimen name="x634">592.91dp</dimen>
    <dimen name="x635">593.84dp</dimen>
    <dimen name="x636">594.78dp</dimen>
    <dimen name="x637">595.71dp</dimen>
    <dimen name="x638">596.65dp</dimen>
    <dimen name="x639">597.58dp</dimen>
    <dimen name="x640">598.52dp</dimen>
    <dimen name="x641">599.45dp</dimen>
    <dimen name="x642">600.39dp</dimen>
    <dimen name="x643">601.32dp</dimen>
    <dimen name="x644">602.26dp</dimen>
    <dimen name="x645">603.19dp</dimen>
    <dimen name="x646">604.13dp</dimen>
    <dimen name="x647">605.06dp</dimen>
    <dimen name="x648">606.00dp</dimen>
    <dimen name="x649">606.94dp</dimen>
    <dimen name="x650">607.87dp</dimen>
    <dimen name="x651">608.81dp</dimen>
    <dimen name="x652">609.74dp</dimen>
    <dimen name="x653">610.68dp</dimen>
    <dimen name="x654">611.61dp</dimen>
    <dimen name="x655">612.55dp</dimen>
    <dimen name="x656">613.48dp</dimen>
    <dimen name="x657">614.42dp</dimen>
    <dimen name="x658">615.35dp</dimen>
    <dimen name="x659">616.29dp</dimen>
    <dimen name="x660">617.22dp</dimen>
    <dimen name="x661">618.16dp</dimen>
    <dimen name="x662">619.09dp</dimen>
    <dimen name="x663">620.03dp</dimen>
    <dimen name="x664">620.96dp</dimen>
    <dimen name="x665">621.90dp</dimen>
    <dimen name="x666">622.83dp</dimen>
    <dimen name="x667">623.77dp</dimen>
    <dimen name="x668">624.70dp</dimen>
    <dimen name="x669">625.64dp</dimen>
    <dimen name="x670">626.57dp</dimen>
    <dimen name="x671">627.51dp</dimen>
    <dimen name="x672">628.44dp</dimen>
    <dimen name="x673">629.38dp</dimen>
    <dimen name="x674">630.31dp</dimen>
    <dimen name="x675">631.25dp</dimen>
    <dimen name="x676">632.19dp</dimen>
    <dimen name="x677">633.12dp</dimen>
    <dimen name="x678">634.06dp</dimen>
    <dimen name="x679">634.99dp</dimen>
    <dimen name="x680">635.93dp</dimen>
    <dimen name="x681">636.86dp</dimen>
    <dimen name="x682">637.80dp</dimen>
    <dimen name="x683">638.73dp</dimen>
    <dimen name="x684">639.67dp</dimen>
    <dimen name="x685">640.60dp</dimen>
    <dimen name="x686">641.54dp</dimen>
    <dimen name="x687">642.47dp</dimen>
    <dimen name="x688">643.41dp</dimen>
    <dimen name="x689">644.34dp</dimen>
    <dimen name="x690">645.28dp</dimen>
    <dimen name="x691">646.21dp</dimen>
    <dimen name="x692">647.15dp</dimen>
    <dimen name="x693">648.08dp</dimen>
    <dimen name="x694">649.02dp</dimen>
    <dimen name="x695">649.95dp</dimen>
    <dimen name="x696">650.89dp</dimen>
    <dimen name="x697">651.82dp</dimen>
    <dimen name="x698">652.76dp</dimen>
    <dimen name="x699">653.69dp</dimen>
    <dimen name="x700">654.63dp</dimen>
    <dimen name="x701">655.56dp</dimen>
    <dimen name="x702">656.50dp</dimen>
    <dimen name="x703">657.44dp</dimen>
    <dimen name="x704">658.37dp</dimen>
    <dimen name="x705">659.31dp</dimen>
    <dimen name="x706">660.24dp</dimen>
    <dimen name="x707">661.18dp</dimen>
    <dimen name="x708">662.11dp</dimen>
    <dimen name="x709">663.05dp</dimen>
    <dimen name="x710">663.98dp</dimen>
    <dimen name="x711">664.92dp</dimen>
    <dimen name="x712">665.85dp</dimen>
    <dimen name="x713">666.79dp</dimen>
    <dimen name="x714">667.72dp</dimen>
    <dimen name="x715">668.66dp</dimen>
    <dimen name="x716">669.59dp</dimen>
    <dimen name="x717">670.53dp</dimen>
    <dimen name="x718">671.46dp</dimen>
    <dimen name="x719">672.40dp</dimen>
    <dimen name="x720">673.33dp</dimen>
    <dimen name="x721">674.27dp</dimen>
    <dimen name="x722">675.20dp</dimen>
    <dimen name="x723">676.14dp</dimen>
    <dimen name="x724">677.07dp</dimen>
    <dimen name="x725">678.01dp</dimen>
    <dimen name="x726">678.94dp</dimen>
    <dimen name="x727">679.88dp</dimen>
    <dimen name="x728">680.81dp</dimen>
    <dimen name="x729">681.75dp</dimen>
    <dimen name="x730">682.69dp</dimen>
    <dimen name="x731">683.62dp</dimen>
    <dimen name="x732">684.56dp</dimen>
    <dimen name="x733">685.49dp</dimen>
    <dimen name="x734">686.43dp</dimen>
    <dimen name="x735">687.36dp</dimen>
    <dimen name="x736">688.30dp</dimen>
    <dimen name="x737">689.23dp</dimen>
    <dimen name="x738">690.17dp</dimen>
    <dimen name="x739">691.10dp</dimen>
    <dimen name="x740">692.04dp</dimen>
    <dimen name="x741">692.97dp</dimen>
    <dimen name="x742">693.91dp</dimen>
    <dimen name="x743">694.84dp</dimen>
    <dimen name="x744">695.78dp</dimen>
    <dimen name="x745">696.71dp</dimen>
    <dimen name="x746">697.65dp</dimen>
    <dimen name="x747">698.58dp</dimen>
    <dimen name="x748">699.52dp</dimen>
    <dimen name="x749">700.45dp</dimen>
    <dimen name="x750">701.39dp</dimen>
    <dimen name="x751">702.32dp</dimen>
    <dimen name="x752">703.26dp</dimen>
    <dimen name="x753">704.19dp</dimen>
    <dimen name="x754">705.13dp</dimen>
    <dimen name="x755">706.06dp</dimen>
    <dimen name="x756">707.00dp</dimen>
    <dimen name="x757">707.94dp</dimen>
    <dimen name="x758">708.87dp</dimen>
    <dimen name="x759">709.81dp</dimen>
    <dimen name="x760">710.74dp</dimen>
    <dimen name="x761">711.68dp</dimen>
    <dimen name="x762">712.61dp</dimen>
    <dimen name="x763">713.55dp</dimen>
    <dimen name="x764">714.48dp</dimen>
    <dimen name="x765">715.42dp</dimen>
    <dimen name="x766">716.35dp</dimen>
    <dimen name="x767">717.29dp</dimen>
    <dimen name="x768">718.22dp</dimen>
    <dimen name="x769">719.16dp</dimen>
    <dimen name="x770">720.09dp</dimen>
    <dimen name="x771">721.03dp</dimen>
    <dimen name="x772">721.96dp</dimen>
    <dimen name="x773">722.90dp</dimen>
    <dimen name="x774">723.83dp</dimen>
    <dimen name="x775">724.77dp</dimen>
    <dimen name="x776">725.70dp</dimen>
    <dimen name="x777">726.64dp</dimen>
    <dimen name="x778">727.57dp</dimen>
    <dimen name="x779">728.51dp</dimen>
    <dimen name="x780">729.44dp</dimen>
    <dimen name="x781">730.38dp</dimen>
    <dimen name="x782">731.31dp</dimen>
    <dimen name="x783">732.25dp</dimen>
    <dimen name="x784">733.19dp</dimen>
    <dimen name="x785">734.12dp</dimen>
    <dimen name="x786">735.06dp</dimen>
    <dimen name="x787">735.99dp</dimen>
    <dimen name="x788">736.93dp</dimen>
    <dimen name="x789">737.86dp</dimen>
    <dimen name="x790">738.80dp</dimen>
    <dimen name="x791">739.73dp</dimen>
    <dimen name="x792">740.67dp</dimen>
    <dimen name="x793">741.60dp</dimen>
    <dimen name="x794">742.54dp</dimen>
    <dimen name="x795">743.47dp</dimen>
    <dimen name="x796">744.41dp</dimen>
    <dimen name="x797">745.34dp</dimen>
    <dimen name="x798">746.28dp</dimen>
    <dimen name="x799">747.21dp</dimen>
    <dimen name="x800">748.15dp</dimen>
    <dimen name="x801">749.08dp</dimen>
    <dimen name="x802">750.02dp</dimen>
    <dimen name="x803">750.95dp</dimen>
    <dimen name="x804">751.89dp</dimen>
    <dimen name="x805">752.82dp</dimen>
    <dimen name="x806">753.76dp</dimen>
    <dimen name="x807">754.69dp</dimen>
    <dimen name="x808">755.63dp</dimen>
    <dimen name="x809">756.56dp</dimen>
    <dimen name="x810">757.50dp</dimen>
    <dimen name="x811">758.44dp</dimen>
    <dimen name="x812">759.37dp</dimen>
    <dimen name="x813">760.31dp</dimen>
    <dimen name="x814">761.24dp</dimen>
    <dimen name="x815">762.18dp</dimen>
    <dimen name="x816">763.11dp</dimen>
    <dimen name="x817">764.05dp</dimen>
    <dimen name="x818">764.98dp</dimen>
    <dimen name="x819">765.92dp</dimen>
    <dimen name="x820">766.85dp</dimen>
    <dimen name="x821">767.79dp</dimen>
    <dimen name="x822">768.72dp</dimen>
    <dimen name="x823">769.66dp</dimen>
    <dimen name="x824">770.59dp</dimen>
    <dimen name="x825">771.53dp</dimen>
    <dimen name="x826">772.46dp</dimen>
    <dimen name="x827">773.40dp</dimen>
    <dimen name="x828">774.33dp</dimen>
    <dimen name="x829">775.27dp</dimen>
    <dimen name="x830">776.20dp</dimen>
    <dimen name="x831">777.14dp</dimen>
    <dimen name="x832">778.07dp</dimen>
    <dimen name="x833">779.01dp</dimen>
    <dimen name="x834">779.94dp</dimen>
    <dimen name="x835">780.88dp</dimen>
    <dimen name="x836">781.81dp</dimen>
    <dimen name="x837">782.75dp</dimen>
    <dimen name="x838">783.69dp</dimen>
    <dimen name="x839">784.62dp</dimen>
    <dimen name="x840">785.56dp</dimen>
    <dimen name="x841">786.49dp</dimen>
    <dimen name="x842">787.43dp</dimen>
    <dimen name="x843">788.36dp</dimen>
    <dimen name="x844">789.30dp</dimen>
    <dimen name="x845">790.23dp</dimen>
    <dimen name="x846">791.17dp</dimen>
    <dimen name="x847">792.10dp</dimen>
    <dimen name="x848">793.04dp</dimen>
    <dimen name="x849">793.97dp</dimen>
    <dimen name="x850">794.91dp</dimen>
    <dimen name="x851">795.84dp</dimen>
    <dimen name="x852">796.78dp</dimen>
    <dimen name="x853">797.71dp</dimen>
    <dimen name="x854">798.65dp</dimen>
    <dimen name="x855">799.58dp</dimen>
    <dimen name="x856">800.52dp</dimen>
    <dimen name="x857">801.45dp</dimen>
    <dimen name="x858">802.39dp</dimen>
    <dimen name="x859">803.32dp</dimen>
    <dimen name="x860">804.26dp</dimen>
    <dimen name="x861">805.19dp</dimen>
    <dimen name="x862">806.13dp</dimen>
    <dimen name="x863">807.06dp</dimen>
    <dimen name="x864">808.00dp</dimen>
    <dimen name="x865">808.94dp</dimen>
    <dimen name="x866">809.87dp</dimen>
    <dimen name="x867">810.81dp</dimen>
    <dimen name="x868">811.74dp</dimen>
    <dimen name="x869">812.68dp</dimen>
    <dimen name="x870">813.61dp</dimen>
    <dimen name="x871">814.55dp</dimen>
    <dimen name="x872">815.48dp</dimen>
    <dimen name="x873">816.42dp</dimen>
    <dimen name="x874">817.35dp</dimen>
    <dimen name="x875">818.29dp</dimen>
    <dimen name="x876">819.22dp</dimen>
    <dimen name="x877">820.16dp</dimen>
    <dimen name="x878">821.09dp</dimen>
    <dimen name="x879">822.03dp</dimen>
    <dimen name="x880">822.96dp</dimen>
    <dimen name="x881">823.90dp</dimen>
    <dimen name="x882">824.83dp</dimen>
    <dimen name="x883">825.77dp</dimen>
    <dimen name="x884">826.70dp</dimen>
    <dimen name="x885">827.64dp</dimen>
    <dimen name="x886">828.57dp</dimen>
    <dimen name="x887">829.51dp</dimen>
    <dimen name="x888">830.44dp</dimen>
    <dimen name="x889">831.38dp</dimen>
    <dimen name="x890">832.31dp</dimen>
    <dimen name="x891">833.25dp</dimen>
    <dimen name="x892">834.19dp</dimen>
    <dimen name="x893">835.12dp</dimen>
    <dimen name="x894">836.06dp</dimen>
    <dimen name="x895">836.99dp</dimen>
    <dimen name="x896">837.93dp</dimen>
    <dimen name="x897">838.86dp</dimen>
    <dimen name="x898">839.80dp</dimen>
    <dimen name="x899">840.73dp</dimen>
    <dimen name="x900">841.67dp</dimen>
    <dimen name="x901">842.60dp</dimen>
    <dimen name="x902">843.54dp</dimen>
    <dimen name="x903">844.47dp</dimen>
    <dimen name="x904">845.41dp</dimen>
    <dimen name="x905">846.34dp</dimen>
    <dimen name="x906">847.28dp</dimen>
    <dimen name="x907">848.21dp</dimen>
    <dimen name="x908">849.15dp</dimen>
    <dimen name="x909">850.08dp</dimen>
    <dimen name="x910">851.02dp</dimen>
    <dimen name="x911">851.95dp</dimen>
    <dimen name="x912">852.89dp</dimen>
    <dimen name="x913">853.82dp</dimen>
    <dimen name="x914">854.76dp</dimen>
    <dimen name="x915">855.69dp</dimen>
    <dimen name="x916">856.63dp</dimen>
    <dimen name="x917">857.56dp</dimen>
    <dimen name="x918">858.50dp</dimen>
    <dimen name="x919">859.44dp</dimen>
    <dimen name="x920">860.37dp</dimen>
    <dimen name="x921">861.31dp</dimen>
    <dimen name="x922">862.24dp</dimen>
    <dimen name="x923">863.18dp</dimen>
    <dimen name="x924">864.11dp</dimen>
    <dimen name="x925">865.05dp</dimen>
    <dimen name="x926">865.98dp</dimen>
    <dimen name="x927">866.92dp</dimen>
    <dimen name="x928">867.85dp</dimen>
    <dimen name="x929">868.79dp</dimen>
    <dimen name="x930">869.72dp</dimen>
    <dimen name="x931">870.66dp</dimen>
    <dimen name="x932">871.59dp</dimen>
    <dimen name="x933">872.53dp</dimen>
    <dimen name="x934">873.46dp</dimen>
    <dimen name="x935">874.40dp</dimen>
    <dimen name="x936">875.33dp</dimen>
    <dimen name="x937">876.27dp</dimen>
    <dimen name="x938">877.20dp</dimen>
    <dimen name="x939">878.14dp</dimen>
    <dimen name="x940">879.07dp</dimen>
    <dimen name="x941">880.01dp</dimen>
    <dimen name="x942">880.94dp</dimen>
    <dimen name="x943">881.88dp</dimen>
    <dimen name="x944">882.81dp</dimen>
    <dimen name="x945">883.75dp</dimen>
    <dimen name="x946">884.69dp</dimen>
    <dimen name="x947">885.62dp</dimen>
    <dimen name="x948">886.56dp</dimen>
    <dimen name="x949">887.49dp</dimen>
    <dimen name="x950">888.43dp</dimen>
    <dimen name="x951">889.36dp</dimen>
    <dimen name="x952">890.30dp</dimen>
    <dimen name="x953">891.23dp</dimen>
    <dimen name="x954">892.17dp</dimen>
    <dimen name="x955">893.10dp</dimen>
    <dimen name="x956">894.04dp</dimen>
    <dimen name="x957">894.97dp</dimen>
    <dimen name="x958">895.91dp</dimen>
    <dimen name="x959">896.84dp</dimen>
    <dimen name="x960">897.78dp</dimen>
    <dimen name="x961">898.71dp</dimen>
    <dimen name="x962">899.65dp</dimen>
    <dimen name="x963">900.58dp</dimen>
    <dimen name="x964">901.52dp</dimen>
    <dimen name="x965">902.45dp</dimen>
    <dimen name="x966">903.39dp</dimen>
    <dimen name="x967">904.32dp</dimen>
    <dimen name="x968">905.26dp</dimen>
    <dimen name="x969">906.19dp</dimen>
    <dimen name="x970">907.13dp</dimen>
    <dimen name="x971">908.06dp</dimen>
    <dimen name="x972">909.00dp</dimen>
    <dimen name="x973">909.94dp</dimen>
    <dimen name="x974">910.87dp</dimen>
    <dimen name="x975">911.81dp</dimen>
    <dimen name="x976">912.74dp</dimen>
    <dimen name="x977">913.68dp</dimen>
    <dimen name="x978">914.61dp</dimen>
    <dimen name="x979">915.55dp</dimen>
    <dimen name="x980">916.48dp</dimen>
    <dimen name="x981">917.42dp</dimen>
    <dimen name="x982">918.35dp</dimen>
    <dimen name="x983">919.29dp</dimen>
    <dimen name="x984">920.22dp</dimen>
    <dimen name="x985">921.16dp</dimen>
    <dimen name="x986">922.09dp</dimen>
    <dimen name="x987">923.03dp</dimen>
    <dimen name="x988">923.96dp</dimen>
    <dimen name="x989">924.90dp</dimen>
    <dimen name="x990">925.83dp</dimen>
    <dimen name="x991">926.77dp</dimen>
    <dimen name="x992">927.70dp</dimen>
    <dimen name="x993">928.64dp</dimen>
    <dimen name="x994">929.57dp</dimen>
    <dimen name="x995">930.51dp</dimen>
    <dimen name="x996">931.44dp</dimen>
    <dimen name="x997">932.38dp</dimen>
    <dimen name="x998">933.31dp</dimen>
    <dimen name="x999">934.25dp</dimen>
    <dimen name="x1000">935.19dp</dimen>
    <dimen name="x1001">936.12dp</dimen>
    <dimen name="x1002">937.06dp</dimen>
    <dimen name="x1003">937.99dp</dimen>
    <dimen name="x1004">938.93dp</dimen>
    <dimen name="x1005">939.86dp</dimen>
    <dimen name="x1006">940.80dp</dimen>
    <dimen name="x1007">941.73dp</dimen>
    <dimen name="x1008">942.67dp</dimen>
    <dimen name="x1009">943.60dp</dimen>
    <dimen name="x1010">944.54dp</dimen>
    <dimen name="x1011">945.47dp</dimen>
    <dimen name="x1012">946.41dp</dimen>
    <dimen name="x1013">947.34dp</dimen>
    <dimen name="x1014">948.28dp</dimen>
    <dimen name="x1015">949.21dp</dimen>
    <dimen name="x1016">950.15dp</dimen>
    <dimen name="x1017">951.08dp</dimen>
    <dimen name="x1018">952.02dp</dimen>
    <dimen name="x1019">952.95dp</dimen>
    <dimen name="x1020">953.89dp</dimen>
    <dimen name="x1021">954.82dp</dimen>
    <dimen name="x1022">955.76dp</dimen>
    <dimen name="x1023">956.69dp</dimen>
    <dimen name="x1024">957.63dp</dimen>
    <dimen name="x1025">958.56dp</dimen>
    <dimen name="x1026">959.50dp</dimen>
    <dimen name="x1027">960.44dp</dimen>
    <dimen name="x1028">961.37dp</dimen>
    <dimen name="x1029">962.31dp</dimen>
    <dimen name="x1030">963.24dp</dimen>
    <dimen name="x1031">964.18dp</dimen>
    <dimen name="x1032">965.11dp</dimen>
    <dimen name="x1033">966.05dp</dimen>
    <dimen name="x1034">966.98dp</dimen>
    <dimen name="x1035">967.92dp</dimen>
    <dimen name="x1036">968.85dp</dimen>
    <dimen name="x1037">969.79dp</dimen>
    <dimen name="x1038">970.72dp</dimen>
    <dimen name="x1039">971.66dp</dimen>
    <dimen name="x1040">972.59dp</dimen>
    <dimen name="x1041">973.53dp</dimen>
    <dimen name="x1042">974.46dp</dimen>
    <dimen name="x1043">975.40dp</dimen>
    <dimen name="x1044">976.33dp</dimen>
    <dimen name="x1045">977.27dp</dimen>
    <dimen name="x1046">978.20dp</dimen>
    <dimen name="x1047">979.14dp</dimen>
    <dimen name="x1048">980.07dp</dimen>
    <dimen name="x1049">981.01dp</dimen>
    <dimen name="x1050">981.94dp</dimen>
    <dimen name="x1051">982.88dp</dimen>
    <dimen name="x1052">983.81dp</dimen>
    <dimen name="x1053">984.75dp</dimen>
    <dimen name="x1054">985.69dp</dimen>
    <dimen name="x1055">986.62dp</dimen>
    <dimen name="x1056">987.56dp</dimen>
    <dimen name="x1057">988.49dp</dimen>
    <dimen name="x1058">989.43dp</dimen>
    <dimen name="x1059">990.36dp</dimen>
    <dimen name="x1060">991.30dp</dimen>
    <dimen name="x1061">992.23dp</dimen>
    <dimen name="x1062">993.17dp</dimen>
    <dimen name="x1063">994.10dp</dimen>
    <dimen name="x1064">995.04dp</dimen>
    <dimen name="x1065">995.97dp</dimen>
    <dimen name="x1066">996.91dp</dimen>
    <dimen name="x1067">997.84dp</dimen>
    <dimen name="x1068">998.78dp</dimen>
    <dimen name="x1069">999.71dp</dimen>
    <dimen name="x1070">1000.65dp</dimen>
    <dimen name="x1071">1001.58dp</dimen>
    <dimen name="x1072">1002.52dp</dimen>
    <dimen name="x1073">1003.45dp</dimen>
    <dimen name="x1074">1004.39dp</dimen>
    <dimen name="x1075">1005.32dp</dimen>
    <dimen name="x1076">1006.26dp</dimen>
    <dimen name="x1077">1007.19dp</dimen>
    <dimen name="x1078">1008.13dp</dimen>
    <dimen name="x1079">1009.06dp</dimen>
    <dimen name="x1080">1010.00dp</dimen>
</resources>