<?xml version="1.0" encoding="utf-8"?>
<resources>
    <string name="sw_dp">1920dp</string>
    <dimen name="x1">1.78dp</dimen>
    <dimen name="x2">3.56dp</dimen>
    <dimen name="x3">5.33dp</dimen>
    <dimen name="x4">7.11dp</dimen>
    <dimen name="x5">8.89dp</dimen>
    <dimen name="x6">10.67dp</dimen>
    <dimen name="x7">12.44dp</dimen>
    <dimen name="x8">14.22dp</dimen>
    <dimen name="x9">16.00dp</dimen>
    <dimen name="x10">17.78dp</dimen>
    <dimen name="x11">19.56dp</dimen>
    <dimen name="x12">21.33dp</dimen>
    <dimen name="x13">23.11dp</dimen>
    <dimen name="x14">24.89dp</dimen>
    <dimen name="x15">26.67dp</dimen>
    <dimen name="x16">28.44dp</dimen>
    <dimen name="x17">30.22dp</dimen>
    <dimen name="x18">32.00dp</dimen>
    <dimen name="x19">33.78dp</dimen>
    <dimen name="x20">35.56dp</dimen>
    <dimen name="x21">37.33dp</dimen>
    <dimen name="x22">39.11dp</dimen>
    <dimen name="x23">40.89dp</dimen>
    <dimen name="x24">42.67dp</dimen>
    <dimen name="x25">44.44dp</dimen>
    <dimen name="x26">46.22dp</dimen>
    <dimen name="x27">48.00dp</dimen>
    <dimen name="x28">49.78dp</dimen>
    <dimen name="x29">51.56dp</dimen>
    <dimen name="x30">53.33dp</dimen>
    <dimen name="x31">55.11dp</dimen>
    <dimen name="x32">56.89dp</dimen>
    <dimen name="x33">58.67dp</dimen>
    <dimen name="x34">60.44dp</dimen>
    <dimen name="x35">62.22dp</dimen>
    <dimen name="x36">64.00dp</dimen>
    <dimen name="x37">65.78dp</dimen>
    <dimen name="x38">67.56dp</dimen>
    <dimen name="x39">69.33dp</dimen>
    <dimen name="x40">71.11dp</dimen>
    <dimen name="x41">72.89dp</dimen>
    <dimen name="x42">74.67dp</dimen>
    <dimen name="x43">76.44dp</dimen>
    <dimen name="x44">78.22dp</dimen>
    <dimen name="x45">80.00dp</dimen>
    <dimen name="x46">81.78dp</dimen>
    <dimen name="x47">83.56dp</dimen>
    <dimen name="x48">85.33dp</dimen>
    <dimen name="x49">87.11dp</dimen>
    <dimen name="x50">88.89dp</dimen>
    <dimen name="x51">90.67dp</dimen>
    <dimen name="x52">92.44dp</dimen>
    <dimen name="x53">94.22dp</dimen>
    <dimen name="x54">96.00dp</dimen>
    <dimen name="x55">97.78dp</dimen>
    <dimen name="x56">99.56dp</dimen>
    <dimen name="x57">101.33dp</dimen>
    <dimen name="x58">103.11dp</dimen>
    <dimen name="x59">104.89dp</dimen>
    <dimen name="x60">106.67dp</dimen>
    <dimen name="x61">108.44dp</dimen>
    <dimen name="x62">110.22dp</dimen>
    <dimen name="x63">112.00dp</dimen>
    <dimen name="x64">113.78dp</dimen>
    <dimen name="x65">115.56dp</dimen>
    <dimen name="x66">117.33dp</dimen>
    <dimen name="x67">119.11dp</dimen>
    <dimen name="x68">120.89dp</dimen>
    <dimen name="x69">122.67dp</dimen>
    <dimen name="x70">124.44dp</dimen>
    <dimen name="x71">126.22dp</dimen>
    <dimen name="x72">128.00dp</dimen>
    <dimen name="x73">129.78dp</dimen>
    <dimen name="x74">131.56dp</dimen>
    <dimen name="x75">133.33dp</dimen>
    <dimen name="x76">135.11dp</dimen>
    <dimen name="x77">136.89dp</dimen>
    <dimen name="x78">138.67dp</dimen>
    <dimen name="x79">140.44dp</dimen>
    <dimen name="x80">142.22dp</dimen>
    <dimen name="x81">144.00dp</dimen>
    <dimen name="x82">145.78dp</dimen>
    <dimen name="x83">147.56dp</dimen>
    <dimen name="x84">149.33dp</dimen>
    <dimen name="x85">151.11dp</dimen>
    <dimen name="x86">152.89dp</dimen>
    <dimen name="x87">154.67dp</dimen>
    <dimen name="x88">156.44dp</dimen>
    <dimen name="x89">158.22dp</dimen>
    <dimen name="x90">160.00dp</dimen>
    <dimen name="x91">161.78dp</dimen>
    <dimen name="x92">163.56dp</dimen>
    <dimen name="x93">165.33dp</dimen>
    <dimen name="x94">167.11dp</dimen>
    <dimen name="x95">168.89dp</dimen>
    <dimen name="x96">170.67dp</dimen>
    <dimen name="x97">172.44dp</dimen>
    <dimen name="x98">174.22dp</dimen>
    <dimen name="x99">176.00dp</dimen>
    <dimen name="x100">177.78dp</dimen>
    <dimen name="x101">179.56dp</dimen>
    <dimen name="x102">181.33dp</dimen>
    <dimen name="x103">183.11dp</dimen>
    <dimen name="x104">184.89dp</dimen>
    <dimen name="x105">186.67dp</dimen>
    <dimen name="x106">188.44dp</dimen>
    <dimen name="x107">190.22dp</dimen>
    <dimen name="x108">192.00dp</dimen>
    <dimen name="x109">193.78dp</dimen>
    <dimen name="x110">195.56dp</dimen>
    <dimen name="x111">197.33dp</dimen>
    <dimen name="x112">199.11dp</dimen>
    <dimen name="x113">200.89dp</dimen>
    <dimen name="x114">202.67dp</dimen>
    <dimen name="x115">204.44dp</dimen>
    <dimen name="x116">206.22dp</dimen>
    <dimen name="x117">208.00dp</dimen>
    <dimen name="x118">209.78dp</dimen>
    <dimen name="x119">211.56dp</dimen>
    <dimen name="x120">213.33dp</dimen>
    <dimen name="x121">215.11dp</dimen>
    <dimen name="x122">216.89dp</dimen>
    <dimen name="x123">218.67dp</dimen>
    <dimen name="x124">220.44dp</dimen>
    <dimen name="x125">222.22dp</dimen>
    <dimen name="x126">224.00dp</dimen>
    <dimen name="x127">225.78dp</dimen>
    <dimen name="x128">227.56dp</dimen>
    <dimen name="x129">229.33dp</dimen>
    <dimen name="x130">231.11dp</dimen>
    <dimen name="x131">232.89dp</dimen>
    <dimen name="x132">234.67dp</dimen>
    <dimen name="x133">236.44dp</dimen>
    <dimen name="x134">238.22dp</dimen>
    <dimen name="x135">240.00dp</dimen>
    <dimen name="x136">241.78dp</dimen>
    <dimen name="x137">243.56dp</dimen>
    <dimen name="x138">245.33dp</dimen>
    <dimen name="x139">247.11dp</dimen>
    <dimen name="x140">248.89dp</dimen>
    <dimen name="x141">250.67dp</dimen>
    <dimen name="x142">252.44dp</dimen>
    <dimen name="x143">254.22dp</dimen>
    <dimen name="x144">256.00dp</dimen>
    <dimen name="x145">257.78dp</dimen>
    <dimen name="x146">259.56dp</dimen>
    <dimen name="x147">261.33dp</dimen>
    <dimen name="x148">263.11dp</dimen>
    <dimen name="x149">264.89dp</dimen>
    <dimen name="x150">266.67dp</dimen>
    <dimen name="x151">268.44dp</dimen>
    <dimen name="x152">270.22dp</dimen>
    <dimen name="x153">272.00dp</dimen>
    <dimen name="x154">273.78dp</dimen>
    <dimen name="x155">275.56dp</dimen>
    <dimen name="x156">277.33dp</dimen>
    <dimen name="x157">279.11dp</dimen>
    <dimen name="x158">280.89dp</dimen>
    <dimen name="x159">282.67dp</dimen>
    <dimen name="x160">284.44dp</dimen>
    <dimen name="x161">286.22dp</dimen>
    <dimen name="x162">288.00dp</dimen>
    <dimen name="x163">289.78dp</dimen>
    <dimen name="x164">291.56dp</dimen>
    <dimen name="x165">293.33dp</dimen>
    <dimen name="x166">295.11dp</dimen>
    <dimen name="x167">296.89dp</dimen>
    <dimen name="x168">298.67dp</dimen>
    <dimen name="x169">300.44dp</dimen>
    <dimen name="x170">302.22dp</dimen>
    <dimen name="x171">304.00dp</dimen>
    <dimen name="x172">305.78dp</dimen>
    <dimen name="x173">307.56dp</dimen>
    <dimen name="x174">309.33dp</dimen>
    <dimen name="x175">311.11dp</dimen>
    <dimen name="x176">312.89dp</dimen>
    <dimen name="x177">314.67dp</dimen>
    <dimen name="x178">316.44dp</dimen>
    <dimen name="x179">318.22dp</dimen>
    <dimen name="x180">320.00dp</dimen>
    <dimen name="x181">321.78dp</dimen>
    <dimen name="x182">323.56dp</dimen>
    <dimen name="x183">325.33dp</dimen>
    <dimen name="x184">327.11dp</dimen>
    <dimen name="x185">328.89dp</dimen>
    <dimen name="x186">330.67dp</dimen>
    <dimen name="x187">332.44dp</dimen>
    <dimen name="x188">334.22dp</dimen>
    <dimen name="x189">336.00dp</dimen>
    <dimen name="x190">337.78dp</dimen>
    <dimen name="x191">339.56dp</dimen>
    <dimen name="x192">341.33dp</dimen>
    <dimen name="x193">343.11dp</dimen>
    <dimen name="x194">344.89dp</dimen>
    <dimen name="x195">346.67dp</dimen>
    <dimen name="x196">348.44dp</dimen>
    <dimen name="x197">350.22dp</dimen>
    <dimen name="x198">352.00dp</dimen>
    <dimen name="x199">353.78dp</dimen>
    <dimen name="x200">355.56dp</dimen>
    <dimen name="x201">357.33dp</dimen>
    <dimen name="x202">359.11dp</dimen>
    <dimen name="x203">360.89dp</dimen>
    <dimen name="x204">362.67dp</dimen>
    <dimen name="x205">364.44dp</dimen>
    <dimen name="x206">366.22dp</dimen>
    <dimen name="x207">368.00dp</dimen>
    <dimen name="x208">369.78dp</dimen>
    <dimen name="x209">371.56dp</dimen>
    <dimen name="x210">373.33dp</dimen>
    <dimen name="x211">375.11dp</dimen>
    <dimen name="x212">376.89dp</dimen>
    <dimen name="x213">378.67dp</dimen>
    <dimen name="x214">380.44dp</dimen>
    <dimen name="x215">382.22dp</dimen>
    <dimen name="x216">384.00dp</dimen>
    <dimen name="x217">385.78dp</dimen>
    <dimen name="x218">387.56dp</dimen>
    <dimen name="x219">389.33dp</dimen>
    <dimen name="x220">391.11dp</dimen>
    <dimen name="x221">392.89dp</dimen>
    <dimen name="x222">394.67dp</dimen>
    <dimen name="x223">396.44dp</dimen>
    <dimen name="x224">398.22dp</dimen>
    <dimen name="x225">400.00dp</dimen>
    <dimen name="x226">401.78dp</dimen>
    <dimen name="x227">403.56dp</dimen>
    <dimen name="x228">405.33dp</dimen>
    <dimen name="x229">407.11dp</dimen>
    <dimen name="x230">408.89dp</dimen>
    <dimen name="x231">410.67dp</dimen>
    <dimen name="x232">412.44dp</dimen>
    <dimen name="x233">414.22dp</dimen>
    <dimen name="x234">416.00dp</dimen>
    <dimen name="x235">417.78dp</dimen>
    <dimen name="x236">419.56dp</dimen>
    <dimen name="x237">421.33dp</dimen>
    <dimen name="x238">423.11dp</dimen>
    <dimen name="x239">424.89dp</dimen>
    <dimen name="x240">426.67dp</dimen>
    <dimen name="x241">428.44dp</dimen>
    <dimen name="x242">430.22dp</dimen>
    <dimen name="x243">432.00dp</dimen>
    <dimen name="x244">433.78dp</dimen>
    <dimen name="x245">435.56dp</dimen>
    <dimen name="x246">437.33dp</dimen>
    <dimen name="x247">439.11dp</dimen>
    <dimen name="x248">440.89dp</dimen>
    <dimen name="x249">442.67dp</dimen>
    <dimen name="x250">444.44dp</dimen>
    <dimen name="x251">446.22dp</dimen>
    <dimen name="x252">448.00dp</dimen>
    <dimen name="x253">449.78dp</dimen>
    <dimen name="x254">451.56dp</dimen>
    <dimen name="x255">453.33dp</dimen>
    <dimen name="x256">455.11dp</dimen>
    <dimen name="x257">456.89dp</dimen>
    <dimen name="x258">458.67dp</dimen>
    <dimen name="x259">460.44dp</dimen>
    <dimen name="x260">462.22dp</dimen>
    <dimen name="x261">464.00dp</dimen>
    <dimen name="x262">465.78dp</dimen>
    <dimen name="x263">467.56dp</dimen>
    <dimen name="x264">469.33dp</dimen>
    <dimen name="x265">471.11dp</dimen>
    <dimen name="x266">472.89dp</dimen>
    <dimen name="x267">474.67dp</dimen>
    <dimen name="x268">476.44dp</dimen>
    <dimen name="x269">478.22dp</dimen>
    <dimen name="x270">480.00dp</dimen>
    <dimen name="x271">481.78dp</dimen>
    <dimen name="x272">483.56dp</dimen>
    <dimen name="x273">485.33dp</dimen>
    <dimen name="x274">487.11dp</dimen>
    <dimen name="x275">488.89dp</dimen>
    <dimen name="x276">490.67dp</dimen>
    <dimen name="x277">492.44dp</dimen>
    <dimen name="x278">494.22dp</dimen>
    <dimen name="x279">496.00dp</dimen>
    <dimen name="x280">497.78dp</dimen>
    <dimen name="x281">499.56dp</dimen>
    <dimen name="x282">501.33dp</dimen>
    <dimen name="x283">503.11dp</dimen>
    <dimen name="x284">504.89dp</dimen>
    <dimen name="x285">506.67dp</dimen>
    <dimen name="x286">508.44dp</dimen>
    <dimen name="x287">510.22dp</dimen>
    <dimen name="x288">512.00dp</dimen>
    <dimen name="x289">513.78dp</dimen>
    <dimen name="x290">515.56dp</dimen>
    <dimen name="x291">517.33dp</dimen>
    <dimen name="x292">519.11dp</dimen>
    <dimen name="x293">520.89dp</dimen>
    <dimen name="x294">522.67dp</dimen>
    <dimen name="x295">524.44dp</dimen>
    <dimen name="x296">526.22dp</dimen>
    <dimen name="x297">528.00dp</dimen>
    <dimen name="x298">529.78dp</dimen>
    <dimen name="x299">531.56dp</dimen>
    <dimen name="x300">533.33dp</dimen>
    <dimen name="x301">535.11dp</dimen>
    <dimen name="x302">536.89dp</dimen>
    <dimen name="x303">538.67dp</dimen>
    <dimen name="x304">540.44dp</dimen>
    <dimen name="x305">542.22dp</dimen>
    <dimen name="x306">544.00dp</dimen>
    <dimen name="x307">545.78dp</dimen>
    <dimen name="x308">547.56dp</dimen>
    <dimen name="x309">549.33dp</dimen>
    <dimen name="x310">551.11dp</dimen>
    <dimen name="x311">552.89dp</dimen>
    <dimen name="x312">554.67dp</dimen>
    <dimen name="x313">556.44dp</dimen>
    <dimen name="x314">558.22dp</dimen>
    <dimen name="x315">560.00dp</dimen>
    <dimen name="x316">561.78dp</dimen>
    <dimen name="x317">563.56dp</dimen>
    <dimen name="x318">565.33dp</dimen>
    <dimen name="x319">567.11dp</dimen>
    <dimen name="x320">568.89dp</dimen>
    <dimen name="x321">570.67dp</dimen>
    <dimen name="x322">572.44dp</dimen>
    <dimen name="x323">574.22dp</dimen>
    <dimen name="x324">576.00dp</dimen>
    <dimen name="x325">577.78dp</dimen>
    <dimen name="x326">579.56dp</dimen>
    <dimen name="x327">581.33dp</dimen>
    <dimen name="x328">583.11dp</dimen>
    <dimen name="x329">584.89dp</dimen>
    <dimen name="x330">586.67dp</dimen>
    <dimen name="x331">588.44dp</dimen>
    <dimen name="x332">590.22dp</dimen>
    <dimen name="x333">592.00dp</dimen>
    <dimen name="x334">593.78dp</dimen>
    <dimen name="x335">595.56dp</dimen>
    <dimen name="x336">597.33dp</dimen>
    <dimen name="x337">599.11dp</dimen>
    <dimen name="x338">600.89dp</dimen>
    <dimen name="x339">602.67dp</dimen>
    <dimen name="x340">604.44dp</dimen>
    <dimen name="x341">606.22dp</dimen>
    <dimen name="x342">608.00dp</dimen>
    <dimen name="x343">609.78dp</dimen>
    <dimen name="x344">611.56dp</dimen>
    <dimen name="x345">613.33dp</dimen>
    <dimen name="x346">615.11dp</dimen>
    <dimen name="x347">616.89dp</dimen>
    <dimen name="x348">618.67dp</dimen>
    <dimen name="x349">620.44dp</dimen>
    <dimen name="x350">622.22dp</dimen>
    <dimen name="x351">624.00dp</dimen>
    <dimen name="x352">625.78dp</dimen>
    <dimen name="x353">627.56dp</dimen>
    <dimen name="x354">629.33dp</dimen>
    <dimen name="x355">631.11dp</dimen>
    <dimen name="x356">632.89dp</dimen>
    <dimen name="x357">634.67dp</dimen>
    <dimen name="x358">636.44dp</dimen>
    <dimen name="x359">638.22dp</dimen>
    <dimen name="x360">640.00dp</dimen>
    <dimen name="x361">641.78dp</dimen>
    <dimen name="x362">643.56dp</dimen>
    <dimen name="x363">645.33dp</dimen>
    <dimen name="x364">647.11dp</dimen>
    <dimen name="x365">648.89dp</dimen>
    <dimen name="x366">650.67dp</dimen>
    <dimen name="x367">652.44dp</dimen>
    <dimen name="x368">654.22dp</dimen>
    <dimen name="x369">656.00dp</dimen>
    <dimen name="x370">657.78dp</dimen>
    <dimen name="x371">659.56dp</dimen>
    <dimen name="x372">661.33dp</dimen>
    <dimen name="x373">663.11dp</dimen>
    <dimen name="x374">664.89dp</dimen>
    <dimen name="x375">666.67dp</dimen>
    <dimen name="x376">668.44dp</dimen>
    <dimen name="x377">670.22dp</dimen>
    <dimen name="x378">672.00dp</dimen>
    <dimen name="x379">673.78dp</dimen>
    <dimen name="x380">675.56dp</dimen>
    <dimen name="x381">677.33dp</dimen>
    <dimen name="x382">679.11dp</dimen>
    <dimen name="x383">680.89dp</dimen>
    <dimen name="x384">682.67dp</dimen>
    <dimen name="x385">684.44dp</dimen>
    <dimen name="x386">686.22dp</dimen>
    <dimen name="x387">688.00dp</dimen>
    <dimen name="x388">689.78dp</dimen>
    <dimen name="x389">691.56dp</dimen>
    <dimen name="x390">693.33dp</dimen>
    <dimen name="x391">695.11dp</dimen>
    <dimen name="x392">696.89dp</dimen>
    <dimen name="x393">698.67dp</dimen>
    <dimen name="x394">700.44dp</dimen>
    <dimen name="x395">702.22dp</dimen>
    <dimen name="x396">704.00dp</dimen>
    <dimen name="x397">705.78dp</dimen>
    <dimen name="x398">707.56dp</dimen>
    <dimen name="x399">709.33dp</dimen>
    <dimen name="x400">711.11dp</dimen>
    <dimen name="x401">712.89dp</dimen>
    <dimen name="x402">714.67dp</dimen>
    <dimen name="x403">716.44dp</dimen>
    <dimen name="x404">718.22dp</dimen>
    <dimen name="x405">720.00dp</dimen>
    <dimen name="x406">721.78dp</dimen>
    <dimen name="x407">723.56dp</dimen>
    <dimen name="x408">725.33dp</dimen>
    <dimen name="x409">727.11dp</dimen>
    <dimen name="x410">728.89dp</dimen>
    <dimen name="x411">730.67dp</dimen>
    <dimen name="x412">732.44dp</dimen>
    <dimen name="x413">734.22dp</dimen>
    <dimen name="x414">736.00dp</dimen>
    <dimen name="x415">737.78dp</dimen>
    <dimen name="x416">739.56dp</dimen>
    <dimen name="x417">741.33dp</dimen>
    <dimen name="x418">743.11dp</dimen>
    <dimen name="x419">744.89dp</dimen>
    <dimen name="x420">746.67dp</dimen>
    <dimen name="x421">748.44dp</dimen>
    <dimen name="x422">750.22dp</dimen>
    <dimen name="x423">752.00dp</dimen>
    <dimen name="x424">753.78dp</dimen>
    <dimen name="x425">755.56dp</dimen>
    <dimen name="x426">757.33dp</dimen>
    <dimen name="x427">759.11dp</dimen>
    <dimen name="x428">760.89dp</dimen>
    <dimen name="x429">762.67dp</dimen>
    <dimen name="x430">764.44dp</dimen>
    <dimen name="x431">766.22dp</dimen>
    <dimen name="x432">768.00dp</dimen>
    <dimen name="x433">769.78dp</dimen>
    <dimen name="x434">771.56dp</dimen>
    <dimen name="x435">773.33dp</dimen>
    <dimen name="x436">775.11dp</dimen>
    <dimen name="x437">776.89dp</dimen>
    <dimen name="x438">778.67dp</dimen>
    <dimen name="x439">780.44dp</dimen>
    <dimen name="x440">782.22dp</dimen>
    <dimen name="x441">784.00dp</dimen>
    <dimen name="x442">785.78dp</dimen>
    <dimen name="x443">787.56dp</dimen>
    <dimen name="x444">789.33dp</dimen>
    <dimen name="x445">791.11dp</dimen>
    <dimen name="x446">792.89dp</dimen>
    <dimen name="x447">794.67dp</dimen>
    <dimen name="x448">796.44dp</dimen>
    <dimen name="x449">798.22dp</dimen>
    <dimen name="x450">800.00dp</dimen>
    <dimen name="x451">801.78dp</dimen>
    <dimen name="x452">803.56dp</dimen>
    <dimen name="x453">805.33dp</dimen>
    <dimen name="x454">807.11dp</dimen>
    <dimen name="x455">808.89dp</dimen>
    <dimen name="x456">810.67dp</dimen>
    <dimen name="x457">812.44dp</dimen>
    <dimen name="x458">814.22dp</dimen>
    <dimen name="x459">816.00dp</dimen>
    <dimen name="x460">817.78dp</dimen>
    <dimen name="x461">819.56dp</dimen>
    <dimen name="x462">821.33dp</dimen>
    <dimen name="x463">823.11dp</dimen>
    <dimen name="x464">824.89dp</dimen>
    <dimen name="x465">826.67dp</dimen>
    <dimen name="x466">828.44dp</dimen>
    <dimen name="x467">830.22dp</dimen>
    <dimen name="x468">832.00dp</dimen>
    <dimen name="x469">833.78dp</dimen>
    <dimen name="x470">835.56dp</dimen>
    <dimen name="x471">837.33dp</dimen>
    <dimen name="x472">839.11dp</dimen>
    <dimen name="x473">840.89dp</dimen>
    <dimen name="x474">842.67dp</dimen>
    <dimen name="x475">844.44dp</dimen>
    <dimen name="x476">846.22dp</dimen>
    <dimen name="x477">848.00dp</dimen>
    <dimen name="x478">849.78dp</dimen>
    <dimen name="x479">851.56dp</dimen>
    <dimen name="x480">853.33dp</dimen>
    <dimen name="x481">855.11dp</dimen>
    <dimen name="x482">856.89dp</dimen>
    <dimen name="x483">858.67dp</dimen>
    <dimen name="x484">860.44dp</dimen>
    <dimen name="x485">862.22dp</dimen>
    <dimen name="x486">864.00dp</dimen>
    <dimen name="x487">865.78dp</dimen>
    <dimen name="x488">867.56dp</dimen>
    <dimen name="x489">869.33dp</dimen>
    <dimen name="x490">871.11dp</dimen>
    <dimen name="x491">872.89dp</dimen>
    <dimen name="x492">874.67dp</dimen>
    <dimen name="x493">876.44dp</dimen>
    <dimen name="x494">878.22dp</dimen>
    <dimen name="x495">880.00dp</dimen>
    <dimen name="x496">881.78dp</dimen>
    <dimen name="x497">883.56dp</dimen>
    <dimen name="x498">885.33dp</dimen>
    <dimen name="x499">887.11dp</dimen>
    <dimen name="x500">888.89dp</dimen>
    <dimen name="x501">890.67dp</dimen>
    <dimen name="x502">892.44dp</dimen>
    <dimen name="x503">894.22dp</dimen>
    <dimen name="x504">896.00dp</dimen>
    <dimen name="x505">897.78dp</dimen>
    <dimen name="x506">899.56dp</dimen>
    <dimen name="x507">901.33dp</dimen>
    <dimen name="x508">903.11dp</dimen>
    <dimen name="x509">904.89dp</dimen>
    <dimen name="x510">906.67dp</dimen>
    <dimen name="x511">908.44dp</dimen>
    <dimen name="x512">910.22dp</dimen>
    <dimen name="x513">912.00dp</dimen>
    <dimen name="x514">913.78dp</dimen>
    <dimen name="x515">915.56dp</dimen>
    <dimen name="x516">917.33dp</dimen>
    <dimen name="x517">919.11dp</dimen>
    <dimen name="x518">920.89dp</dimen>
    <dimen name="x519">922.67dp</dimen>
    <dimen name="x520">924.44dp</dimen>
    <dimen name="x521">926.22dp</dimen>
    <dimen name="x522">928.00dp</dimen>
    <dimen name="x523">929.78dp</dimen>
    <dimen name="x524">931.56dp</dimen>
    <dimen name="x525">933.33dp</dimen>
    <dimen name="x526">935.11dp</dimen>
    <dimen name="x527">936.89dp</dimen>
    <dimen name="x528">938.67dp</dimen>
    <dimen name="x529">940.44dp</dimen>
    <dimen name="x530">942.22dp</dimen>
    <dimen name="x531">944.00dp</dimen>
    <dimen name="x532">945.78dp</dimen>
    <dimen name="x533">947.56dp</dimen>
    <dimen name="x534">949.33dp</dimen>
    <dimen name="x535">951.11dp</dimen>
    <dimen name="x536">952.89dp</dimen>
    <dimen name="x537">954.67dp</dimen>
    <dimen name="x538">956.44dp</dimen>
    <dimen name="x539">958.22dp</dimen>
    <dimen name="x540">960.00dp</dimen>
    <dimen name="x541">961.78dp</dimen>
    <dimen name="x542">963.56dp</dimen>
    <dimen name="x543">965.33dp</dimen>
    <dimen name="x544">967.11dp</dimen>
    <dimen name="x545">968.89dp</dimen>
    <dimen name="x546">970.67dp</dimen>
    <dimen name="x547">972.44dp</dimen>
    <dimen name="x548">974.22dp</dimen>
    <dimen name="x549">976.00dp</dimen>
    <dimen name="x550">977.78dp</dimen>
    <dimen name="x551">979.56dp</dimen>
    <dimen name="x552">981.33dp</dimen>
    <dimen name="x553">983.11dp</dimen>
    <dimen name="x554">984.89dp</dimen>
    <dimen name="x555">986.67dp</dimen>
    <dimen name="x556">988.44dp</dimen>
    <dimen name="x557">990.22dp</dimen>
    <dimen name="x558">992.00dp</dimen>
    <dimen name="x559">993.78dp</dimen>
    <dimen name="x560">995.56dp</dimen>
    <dimen name="x561">997.33dp</dimen>
    <dimen name="x562">999.11dp</dimen>
    <dimen name="x563">1000.89dp</dimen>
    <dimen name="x564">1002.67dp</dimen>
    <dimen name="x565">1004.44dp</dimen>
    <dimen name="x566">1006.22dp</dimen>
    <dimen name="x567">1008.00dp</dimen>
    <dimen name="x568">1009.78dp</dimen>
    <dimen name="x569">1011.56dp</dimen>
    <dimen name="x570">1013.33dp</dimen>
    <dimen name="x571">1015.11dp</dimen>
    <dimen name="x572">1016.89dp</dimen>
    <dimen name="x573">1018.67dp</dimen>
    <dimen name="x574">1020.44dp</dimen>
    <dimen name="x575">1022.22dp</dimen>
    <dimen name="x576">1024.00dp</dimen>
    <dimen name="x577">1025.78dp</dimen>
    <dimen name="x578">1027.56dp</dimen>
    <dimen name="x579">1029.33dp</dimen>
    <dimen name="x580">1031.11dp</dimen>
    <dimen name="x581">1032.89dp</dimen>
    <dimen name="x582">1034.67dp</dimen>
    <dimen name="x583">1036.44dp</dimen>
    <dimen name="x584">1038.22dp</dimen>
    <dimen name="x585">1040.00dp</dimen>
    <dimen name="x586">1041.78dp</dimen>
    <dimen name="x587">1043.56dp</dimen>
    <dimen name="x588">1045.33dp</dimen>
    <dimen name="x589">1047.11dp</dimen>
    <dimen name="x590">1048.89dp</dimen>
    <dimen name="x591">1050.67dp</dimen>
    <dimen name="x592">1052.44dp</dimen>
    <dimen name="x593">1054.22dp</dimen>
    <dimen name="x594">1056.00dp</dimen>
    <dimen name="x595">1057.78dp</dimen>
    <dimen name="x596">1059.56dp</dimen>
    <dimen name="x597">1061.33dp</dimen>
    <dimen name="x598">1063.11dp</dimen>
    <dimen name="x599">1064.89dp</dimen>
    <dimen name="x600">1066.67dp</dimen>
    <dimen name="x601">1068.44dp</dimen>
    <dimen name="x602">1070.22dp</dimen>
    <dimen name="x603">1072.00dp</dimen>
    <dimen name="x604">1073.78dp</dimen>
    <dimen name="x605">1075.56dp</dimen>
    <dimen name="x606">1077.33dp</dimen>
    <dimen name="x607">1079.11dp</dimen>
    <dimen name="x608">1080.89dp</dimen>
    <dimen name="x609">1082.67dp</dimen>
    <dimen name="x610">1084.44dp</dimen>
    <dimen name="x611">1086.22dp</dimen>
    <dimen name="x612">1088.00dp</dimen>
    <dimen name="x613">1089.78dp</dimen>
    <dimen name="x614">1091.56dp</dimen>
    <dimen name="x615">1093.33dp</dimen>
    <dimen name="x616">1095.11dp</dimen>
    <dimen name="x617">1096.89dp</dimen>
    <dimen name="x618">1098.67dp</dimen>
    <dimen name="x619">1100.44dp</dimen>
    <dimen name="x620">1102.22dp</dimen>
    <dimen name="x621">1104.00dp</dimen>
    <dimen name="x622">1105.78dp</dimen>
    <dimen name="x623">1107.56dp</dimen>
    <dimen name="x624">1109.33dp</dimen>
    <dimen name="x625">1111.11dp</dimen>
    <dimen name="x626">1112.89dp</dimen>
    <dimen name="x627">1114.67dp</dimen>
    <dimen name="x628">1116.44dp</dimen>
    <dimen name="x629">1118.22dp</dimen>
    <dimen name="x630">1120.00dp</dimen>
    <dimen name="x631">1121.78dp</dimen>
    <dimen name="x632">1123.56dp</dimen>
    <dimen name="x633">1125.33dp</dimen>
    <dimen name="x634">1127.11dp</dimen>
    <dimen name="x635">1128.89dp</dimen>
    <dimen name="x636">1130.67dp</dimen>
    <dimen name="x637">1132.44dp</dimen>
    <dimen name="x638">1134.22dp</dimen>
    <dimen name="x639">1136.00dp</dimen>
    <dimen name="x640">1137.78dp</dimen>
    <dimen name="x641">1139.56dp</dimen>
    <dimen name="x642">1141.33dp</dimen>
    <dimen name="x643">1143.11dp</dimen>
    <dimen name="x644">1144.89dp</dimen>
    <dimen name="x645">1146.67dp</dimen>
    <dimen name="x646">1148.44dp</dimen>
    <dimen name="x647">1150.22dp</dimen>
    <dimen name="x648">1152.00dp</dimen>
    <dimen name="x649">1153.78dp</dimen>
    <dimen name="x650">1155.56dp</dimen>
    <dimen name="x651">1157.33dp</dimen>
    <dimen name="x652">1159.11dp</dimen>
    <dimen name="x653">1160.89dp</dimen>
    <dimen name="x654">1162.67dp</dimen>
    <dimen name="x655">1164.44dp</dimen>
    <dimen name="x656">1166.22dp</dimen>
    <dimen name="x657">1168.00dp</dimen>
    <dimen name="x658">1169.78dp</dimen>
    <dimen name="x659">1171.56dp</dimen>
    <dimen name="x660">1173.33dp</dimen>
    <dimen name="x661">1175.11dp</dimen>
    <dimen name="x662">1176.89dp</dimen>
    <dimen name="x663">1178.67dp</dimen>
    <dimen name="x664">1180.44dp</dimen>
    <dimen name="x665">1182.22dp</dimen>
    <dimen name="x666">1184.00dp</dimen>
    <dimen name="x667">1185.78dp</dimen>
    <dimen name="x668">1187.56dp</dimen>
    <dimen name="x669">1189.33dp</dimen>
    <dimen name="x670">1191.11dp</dimen>
    <dimen name="x671">1192.89dp</dimen>
    <dimen name="x672">1194.67dp</dimen>
    <dimen name="x673">1196.44dp</dimen>
    <dimen name="x674">1198.22dp</dimen>
    <dimen name="x675">1200.00dp</dimen>
    <dimen name="x676">1201.78dp</dimen>
    <dimen name="x677">1203.56dp</dimen>
    <dimen name="x678">1205.33dp</dimen>
    <dimen name="x679">1207.11dp</dimen>
    <dimen name="x680">1208.89dp</dimen>
    <dimen name="x681">1210.67dp</dimen>
    <dimen name="x682">1212.44dp</dimen>
    <dimen name="x683">1214.22dp</dimen>
    <dimen name="x684">1216.00dp</dimen>
    <dimen name="x685">1217.78dp</dimen>
    <dimen name="x686">1219.56dp</dimen>
    <dimen name="x687">1221.33dp</dimen>
    <dimen name="x688">1223.11dp</dimen>
    <dimen name="x689">1224.89dp</dimen>
    <dimen name="x690">1226.67dp</dimen>
    <dimen name="x691">1228.44dp</dimen>
    <dimen name="x692">1230.22dp</dimen>
    <dimen name="x693">1232.00dp</dimen>
    <dimen name="x694">1233.78dp</dimen>
    <dimen name="x695">1235.56dp</dimen>
    <dimen name="x696">1237.33dp</dimen>
    <dimen name="x697">1239.11dp</dimen>
    <dimen name="x698">1240.89dp</dimen>
    <dimen name="x699">1242.67dp</dimen>
    <dimen name="x700">1244.44dp</dimen>
    <dimen name="x701">1246.22dp</dimen>
    <dimen name="x702">1248.00dp</dimen>
    <dimen name="x703">1249.78dp</dimen>
    <dimen name="x704">1251.56dp</dimen>
    <dimen name="x705">1253.33dp</dimen>
    <dimen name="x706">1255.11dp</dimen>
    <dimen name="x707">1256.89dp</dimen>
    <dimen name="x708">1258.67dp</dimen>
    <dimen name="x709">1260.44dp</dimen>
    <dimen name="x710">1262.22dp</dimen>
    <dimen name="x711">1264.00dp</dimen>
    <dimen name="x712">1265.78dp</dimen>
    <dimen name="x713">1267.56dp</dimen>
    <dimen name="x714">1269.33dp</dimen>
    <dimen name="x715">1271.11dp</dimen>
    <dimen name="x716">1272.89dp</dimen>
    <dimen name="x717">1274.67dp</dimen>
    <dimen name="x718">1276.44dp</dimen>
    <dimen name="x719">1278.22dp</dimen>
    <dimen name="x720">1280.00dp</dimen>
    <dimen name="x721">1281.78dp</dimen>
    <dimen name="x722">1283.56dp</dimen>
    <dimen name="x723">1285.33dp</dimen>
    <dimen name="x724">1287.11dp</dimen>
    <dimen name="x725">1288.89dp</dimen>
    <dimen name="x726">1290.67dp</dimen>
    <dimen name="x727">1292.44dp</dimen>
    <dimen name="x728">1294.22dp</dimen>
    <dimen name="x729">1296.00dp</dimen>
    <dimen name="x730">1297.78dp</dimen>
    <dimen name="x731">1299.56dp</dimen>
    <dimen name="x732">1301.33dp</dimen>
    <dimen name="x733">1303.11dp</dimen>
    <dimen name="x734">1304.89dp</dimen>
    <dimen name="x735">1306.67dp</dimen>
    <dimen name="x736">1308.44dp</dimen>
    <dimen name="x737">1310.22dp</dimen>
    <dimen name="x738">1312.00dp</dimen>
    <dimen name="x739">1313.78dp</dimen>
    <dimen name="x740">1315.56dp</dimen>
    <dimen name="x741">1317.33dp</dimen>
    <dimen name="x742">1319.11dp</dimen>
    <dimen name="x743">1320.89dp</dimen>
    <dimen name="x744">1322.67dp</dimen>
    <dimen name="x745">1324.44dp</dimen>
    <dimen name="x746">1326.22dp</dimen>
    <dimen name="x747">1328.00dp</dimen>
    <dimen name="x748">1329.78dp</dimen>
    <dimen name="x749">1331.56dp</dimen>
    <dimen name="x750">1333.33dp</dimen>
    <dimen name="x751">1335.11dp</dimen>
    <dimen name="x752">1336.89dp</dimen>
    <dimen name="x753">1338.67dp</dimen>
    <dimen name="x754">1340.44dp</dimen>
    <dimen name="x755">1342.22dp</dimen>
    <dimen name="x756">1344.00dp</dimen>
    <dimen name="x757">1345.78dp</dimen>
    <dimen name="x758">1347.56dp</dimen>
    <dimen name="x759">1349.33dp</dimen>
    <dimen name="x760">1351.11dp</dimen>
    <dimen name="x761">1352.89dp</dimen>
    <dimen name="x762">1354.67dp</dimen>
    <dimen name="x763">1356.44dp</dimen>
    <dimen name="x764">1358.22dp</dimen>
    <dimen name="x765">1360.00dp</dimen>
    <dimen name="x766">1361.78dp</dimen>
    <dimen name="x767">1363.56dp</dimen>
    <dimen name="x768">1365.33dp</dimen>
    <dimen name="x769">1367.11dp</dimen>
    <dimen name="x770">1368.89dp</dimen>
    <dimen name="x771">1370.67dp</dimen>
    <dimen name="x772">1372.44dp</dimen>
    <dimen name="x773">1374.22dp</dimen>
    <dimen name="x774">1376.00dp</dimen>
    <dimen name="x775">1377.78dp</dimen>
    <dimen name="x776">1379.56dp</dimen>
    <dimen name="x777">1381.33dp</dimen>
    <dimen name="x778">1383.11dp</dimen>
    <dimen name="x779">1384.89dp</dimen>
    <dimen name="x780">1386.67dp</dimen>
    <dimen name="x781">1388.44dp</dimen>
    <dimen name="x782">1390.22dp</dimen>
    <dimen name="x783">1392.00dp</dimen>
    <dimen name="x784">1393.78dp</dimen>
    <dimen name="x785">1395.56dp</dimen>
    <dimen name="x786">1397.33dp</dimen>
    <dimen name="x787">1399.11dp</dimen>
    <dimen name="x788">1400.89dp</dimen>
    <dimen name="x789">1402.67dp</dimen>
    <dimen name="x790">1404.44dp</dimen>
    <dimen name="x791">1406.22dp</dimen>
    <dimen name="x792">1408.00dp</dimen>
    <dimen name="x793">1409.78dp</dimen>
    <dimen name="x794">1411.56dp</dimen>
    <dimen name="x795">1413.33dp</dimen>
    <dimen name="x796">1415.11dp</dimen>
    <dimen name="x797">1416.89dp</dimen>
    <dimen name="x798">1418.67dp</dimen>
    <dimen name="x799">1420.44dp</dimen>
    <dimen name="x800">1422.22dp</dimen>
    <dimen name="x801">1424.00dp</dimen>
    <dimen name="x802">1425.78dp</dimen>
    <dimen name="x803">1427.56dp</dimen>
    <dimen name="x804">1429.33dp</dimen>
    <dimen name="x805">1431.11dp</dimen>
    <dimen name="x806">1432.89dp</dimen>
    <dimen name="x807">1434.67dp</dimen>
    <dimen name="x808">1436.44dp</dimen>
    <dimen name="x809">1438.22dp</dimen>
    <dimen name="x810">1440.00dp</dimen>
    <dimen name="x811">1441.78dp</dimen>
    <dimen name="x812">1443.56dp</dimen>
    <dimen name="x813">1445.33dp</dimen>
    <dimen name="x814">1447.11dp</dimen>
    <dimen name="x815">1448.89dp</dimen>
    <dimen name="x816">1450.67dp</dimen>
    <dimen name="x817">1452.44dp</dimen>
    <dimen name="x818">1454.22dp</dimen>
    <dimen name="x819">1456.00dp</dimen>
    <dimen name="x820">1457.78dp</dimen>
    <dimen name="x821">1459.56dp</dimen>
    <dimen name="x822">1461.33dp</dimen>
    <dimen name="x823">1463.11dp</dimen>
    <dimen name="x824">1464.89dp</dimen>
    <dimen name="x825">1466.67dp</dimen>
    <dimen name="x826">1468.44dp</dimen>
    <dimen name="x827">1470.22dp</dimen>
    <dimen name="x828">1472.00dp</dimen>
    <dimen name="x829">1473.78dp</dimen>
    <dimen name="x830">1475.56dp</dimen>
    <dimen name="x831">1477.33dp</dimen>
    <dimen name="x832">1479.11dp</dimen>
    <dimen name="x833">1480.89dp</dimen>
    <dimen name="x834">1482.67dp</dimen>
    <dimen name="x835">1484.44dp</dimen>
    <dimen name="x836">1486.22dp</dimen>
    <dimen name="x837">1488.00dp</dimen>
    <dimen name="x838">1489.78dp</dimen>
    <dimen name="x839">1491.56dp</dimen>
    <dimen name="x840">1493.33dp</dimen>
    <dimen name="x841">1495.11dp</dimen>
    <dimen name="x842">1496.89dp</dimen>
    <dimen name="x843">1498.67dp</dimen>
    <dimen name="x844">1500.44dp</dimen>
    <dimen name="x845">1502.22dp</dimen>
    <dimen name="x846">1504.00dp</dimen>
    <dimen name="x847">1505.78dp</dimen>
    <dimen name="x848">1507.56dp</dimen>
    <dimen name="x849">1509.33dp</dimen>
    <dimen name="x850">1511.11dp</dimen>
    <dimen name="x851">1512.89dp</dimen>
    <dimen name="x852">1514.67dp</dimen>
    <dimen name="x853">1516.44dp</dimen>
    <dimen name="x854">1518.22dp</dimen>
    <dimen name="x855">1520.00dp</dimen>
    <dimen name="x856">1521.78dp</dimen>
    <dimen name="x857">1523.56dp</dimen>
    <dimen name="x858">1525.33dp</dimen>
    <dimen name="x859">1527.11dp</dimen>
    <dimen name="x860">1528.89dp</dimen>
    <dimen name="x861">1530.67dp</dimen>
    <dimen name="x862">1532.44dp</dimen>
    <dimen name="x863">1534.22dp</dimen>
    <dimen name="x864">1536.00dp</dimen>
    <dimen name="x865">1537.78dp</dimen>
    <dimen name="x866">1539.56dp</dimen>
    <dimen name="x867">1541.33dp</dimen>
    <dimen name="x868">1543.11dp</dimen>
    <dimen name="x869">1544.89dp</dimen>
    <dimen name="x870">1546.67dp</dimen>
    <dimen name="x871">1548.44dp</dimen>
    <dimen name="x872">1550.22dp</dimen>
    <dimen name="x873">1552.00dp</dimen>
    <dimen name="x874">1553.78dp</dimen>
    <dimen name="x875">1555.56dp</dimen>
    <dimen name="x876">1557.33dp</dimen>
    <dimen name="x877">1559.11dp</dimen>
    <dimen name="x878">1560.89dp</dimen>
    <dimen name="x879">1562.67dp</dimen>
    <dimen name="x880">1564.44dp</dimen>
    <dimen name="x881">1566.22dp</dimen>
    <dimen name="x882">1568.00dp</dimen>
    <dimen name="x883">1569.78dp</dimen>
    <dimen name="x884">1571.56dp</dimen>
    <dimen name="x885">1573.33dp</dimen>
    <dimen name="x886">1575.11dp</dimen>
    <dimen name="x887">1576.89dp</dimen>
    <dimen name="x888">1578.67dp</dimen>
    <dimen name="x889">1580.44dp</dimen>
    <dimen name="x890">1582.22dp</dimen>
    <dimen name="x891">1584.00dp</dimen>
    <dimen name="x892">1585.78dp</dimen>
    <dimen name="x893">1587.56dp</dimen>
    <dimen name="x894">1589.33dp</dimen>
    <dimen name="x895">1591.11dp</dimen>
    <dimen name="x896">1592.89dp</dimen>
    <dimen name="x897">1594.67dp</dimen>
    <dimen name="x898">1596.44dp</dimen>
    <dimen name="x899">1598.22dp</dimen>
    <dimen name="x900">1600.00dp</dimen>
    <dimen name="x901">1601.78dp</dimen>
    <dimen name="x902">1603.56dp</dimen>
    <dimen name="x903">1605.33dp</dimen>
    <dimen name="x904">1607.11dp</dimen>
    <dimen name="x905">1608.89dp</dimen>
    <dimen name="x906">1610.67dp</dimen>
    <dimen name="x907">1612.44dp</dimen>
    <dimen name="x908">1614.22dp</dimen>
    <dimen name="x909">1616.00dp</dimen>
    <dimen name="x910">1617.78dp</dimen>
    <dimen name="x911">1619.56dp</dimen>
    <dimen name="x912">1621.33dp</dimen>
    <dimen name="x913">1623.11dp</dimen>
    <dimen name="x914">1624.89dp</dimen>
    <dimen name="x915">1626.67dp</dimen>
    <dimen name="x916">1628.44dp</dimen>
    <dimen name="x917">1630.22dp</dimen>
    <dimen name="x918">1632.00dp</dimen>
    <dimen name="x919">1633.78dp</dimen>
    <dimen name="x920">1635.56dp</dimen>
    <dimen name="x921">1637.33dp</dimen>
    <dimen name="x922">1639.11dp</dimen>
    <dimen name="x923">1640.89dp</dimen>
    <dimen name="x924">1642.67dp</dimen>
    <dimen name="x925">1644.44dp</dimen>
    <dimen name="x926">1646.22dp</dimen>
    <dimen name="x927">1648.00dp</dimen>
    <dimen name="x928">1649.78dp</dimen>
    <dimen name="x929">1651.56dp</dimen>
    <dimen name="x930">1653.33dp</dimen>
    <dimen name="x931">1655.11dp</dimen>
    <dimen name="x932">1656.89dp</dimen>
    <dimen name="x933">1658.67dp</dimen>
    <dimen name="x934">1660.44dp</dimen>
    <dimen name="x935">1662.22dp</dimen>
    <dimen name="x936">1664.00dp</dimen>
    <dimen name="x937">1665.78dp</dimen>
    <dimen name="x938">1667.56dp</dimen>
    <dimen name="x939">1669.33dp</dimen>
    <dimen name="x940">1671.11dp</dimen>
    <dimen name="x941">1672.89dp</dimen>
    <dimen name="x942">1674.67dp</dimen>
    <dimen name="x943">1676.44dp</dimen>
    <dimen name="x944">1678.22dp</dimen>
    <dimen name="x945">1680.00dp</dimen>
    <dimen name="x946">1681.78dp</dimen>
    <dimen name="x947">1683.56dp</dimen>
    <dimen name="x948">1685.33dp</dimen>
    <dimen name="x949">1687.11dp</dimen>
    <dimen name="x950">1688.89dp</dimen>
    <dimen name="x951">1690.67dp</dimen>
    <dimen name="x952">1692.44dp</dimen>
    <dimen name="x953">1694.22dp</dimen>
    <dimen name="x954">1696.00dp</dimen>
    <dimen name="x955">1697.78dp</dimen>
    <dimen name="x956">1699.56dp</dimen>
    <dimen name="x957">1701.33dp</dimen>
    <dimen name="x958">1703.11dp</dimen>
    <dimen name="x959">1704.89dp</dimen>
    <dimen name="x960">1706.67dp</dimen>
    <dimen name="x961">1708.44dp</dimen>
    <dimen name="x962">1710.22dp</dimen>
    <dimen name="x963">1712.00dp</dimen>
    <dimen name="x964">1713.78dp</dimen>
    <dimen name="x965">1715.56dp</dimen>
    <dimen name="x966">1717.33dp</dimen>
    <dimen name="x967">1719.11dp</dimen>
    <dimen name="x968">1720.89dp</dimen>
    <dimen name="x969">1722.67dp</dimen>
    <dimen name="x970">1724.44dp</dimen>
    <dimen name="x971">1726.22dp</dimen>
    <dimen name="x972">1728.00dp</dimen>
    <dimen name="x973">1729.78dp</dimen>
    <dimen name="x974">1731.56dp</dimen>
    <dimen name="x975">1733.33dp</dimen>
    <dimen name="x976">1735.11dp</dimen>
    <dimen name="x977">1736.89dp</dimen>
    <dimen name="x978">1738.67dp</dimen>
    <dimen name="x979">1740.44dp</dimen>
    <dimen name="x980">1742.22dp</dimen>
    <dimen name="x981">1744.00dp</dimen>
    <dimen name="x982">1745.78dp</dimen>
    <dimen name="x983">1747.56dp</dimen>
    <dimen name="x984">1749.33dp</dimen>
    <dimen name="x985">1751.11dp</dimen>
    <dimen name="x986">1752.89dp</dimen>
    <dimen name="x987">1754.67dp</dimen>
    <dimen name="x988">1756.44dp</dimen>
    <dimen name="x989">1758.22dp</dimen>
    <dimen name="x990">1760.00dp</dimen>
    <dimen name="x991">1761.78dp</dimen>
    <dimen name="x992">1763.56dp</dimen>
    <dimen name="x993">1765.33dp</dimen>
    <dimen name="x994">1767.11dp</dimen>
    <dimen name="x995">1768.89dp</dimen>
    <dimen name="x996">1770.67dp</dimen>
    <dimen name="x997">1772.44dp</dimen>
    <dimen name="x998">1774.22dp</dimen>
    <dimen name="x999">1776.00dp</dimen>
    <dimen name="x1000">1777.78dp</dimen>
    <dimen name="x1001">1779.56dp</dimen>
    <dimen name="x1002">1781.33dp</dimen>
    <dimen name="x1003">1783.11dp</dimen>
    <dimen name="x1004">1784.89dp</dimen>
    <dimen name="x1005">1786.67dp</dimen>
    <dimen name="x1006">1788.44dp</dimen>
    <dimen name="x1007">1790.22dp</dimen>
    <dimen name="x1008">1792.00dp</dimen>
    <dimen name="x1009">1793.78dp</dimen>
    <dimen name="x1010">1795.56dp</dimen>
    <dimen name="x1011">1797.33dp</dimen>
    <dimen name="x1012">1799.11dp</dimen>
    <dimen name="x1013">1800.89dp</dimen>
    <dimen name="x1014">1802.67dp</dimen>
    <dimen name="x1015">1804.44dp</dimen>
    <dimen name="x1016">1806.22dp</dimen>
    <dimen name="x1017">1808.00dp</dimen>
    <dimen name="x1018">1809.78dp</dimen>
    <dimen name="x1019">1811.56dp</dimen>
    <dimen name="x1020">1813.33dp</dimen>
    <dimen name="x1021">1815.11dp</dimen>
    <dimen name="x1022">1816.89dp</dimen>
    <dimen name="x1023">1818.67dp</dimen>
    <dimen name="x1024">1820.44dp</dimen>
    <dimen name="x1025">1822.22dp</dimen>
    <dimen name="x1026">1824.00dp</dimen>
    <dimen name="x1027">1825.78dp</dimen>
    <dimen name="x1028">1827.56dp</dimen>
    <dimen name="x1029">1829.33dp</dimen>
    <dimen name="x1030">1831.11dp</dimen>
    <dimen name="x1031">1832.89dp</dimen>
    <dimen name="x1032">1834.67dp</dimen>
    <dimen name="x1033">1836.44dp</dimen>
    <dimen name="x1034">1838.22dp</dimen>
    <dimen name="x1035">1840.00dp</dimen>
    <dimen name="x1036">1841.78dp</dimen>
    <dimen name="x1037">1843.56dp</dimen>
    <dimen name="x1038">1845.33dp</dimen>
    <dimen name="x1039">1847.11dp</dimen>
    <dimen name="x1040">1848.89dp</dimen>
    <dimen name="x1041">1850.67dp</dimen>
    <dimen name="x1042">1852.44dp</dimen>
    <dimen name="x1043">1854.22dp</dimen>
    <dimen name="x1044">1856.00dp</dimen>
    <dimen name="x1045">1857.78dp</dimen>
    <dimen name="x1046">1859.56dp</dimen>
    <dimen name="x1047">1861.33dp</dimen>
    <dimen name="x1048">1863.11dp</dimen>
    <dimen name="x1049">1864.89dp</dimen>
    <dimen name="x1050">1866.67dp</dimen>
    <dimen name="x1051">1868.44dp</dimen>
    <dimen name="x1052">1870.22dp</dimen>
    <dimen name="x1053">1872.00dp</dimen>
    <dimen name="x1054">1873.78dp</dimen>
    <dimen name="x1055">1875.56dp</dimen>
    <dimen name="x1056">1877.33dp</dimen>
    <dimen name="x1057">1879.11dp</dimen>
    <dimen name="x1058">1880.89dp</dimen>
    <dimen name="x1059">1882.67dp</dimen>
    <dimen name="x1060">1884.44dp</dimen>
    <dimen name="x1061">1886.22dp</dimen>
    <dimen name="x1062">1888.00dp</dimen>
    <dimen name="x1063">1889.78dp</dimen>
    <dimen name="x1064">1891.56dp</dimen>
    <dimen name="x1065">1893.33dp</dimen>
    <dimen name="x1066">1895.11dp</dimen>
    <dimen name="x1067">1896.89dp</dimen>
    <dimen name="x1068">1898.67dp</dimen>
    <dimen name="x1069">1900.44dp</dimen>
    <dimen name="x1070">1902.22dp</dimen>
    <dimen name="x1071">1904.00dp</dimen>
    <dimen name="x1072">1905.78dp</dimen>
    <dimen name="x1073">1907.56dp</dimen>
    <dimen name="x1074">1909.33dp</dimen>
    <dimen name="x1075">1911.11dp</dimen>
    <dimen name="x1076">1912.89dp</dimen>
    <dimen name="x1077">1914.67dp</dimen>
    <dimen name="x1078">1916.44dp</dimen>
    <dimen name="x1079">1918.22dp</dimen>
    <dimen name="x1080">1920.00dp</dimen>
</resources>