<?xml version="1.0" encoding="utf-8"?>
<resources>
    <string name="sw_dp">590dp</string>
    <dimen name="x1">0.55dp</dimen>
    <dimen name="x2">1.09dp</dimen>
    <dimen name="x3">1.64dp</dimen>
    <dimen name="x4">2.19dp</dimen>
    <dimen name="x5">2.73dp</dimen>
    <dimen name="x6">3.28dp</dimen>
    <dimen name="x7">3.82dp</dimen>
    <dimen name="x8">4.37dp</dimen>
    <dimen name="x9">4.92dp</dimen>
    <dimen name="x10">5.46dp</dimen>
    <dimen name="x11">6.01dp</dimen>
    <dimen name="x12">6.56dp</dimen>
    <dimen name="x13">7.10dp</dimen>
    <dimen name="x14">7.65dp</dimen>
    <dimen name="x15">8.19dp</dimen>
    <dimen name="x16">8.74dp</dimen>
    <dimen name="x17">9.29dp</dimen>
    <dimen name="x18">9.83dp</dimen>
    <dimen name="x19">10.38dp</dimen>
    <dimen name="x20">10.93dp</dimen>
    <dimen name="x21">11.47dp</dimen>
    <dimen name="x22">12.02dp</dimen>
    <dimen name="x23">12.56dp</dimen>
    <dimen name="x24">13.11dp</dimen>
    <dimen name="x25">13.66dp</dimen>
    <dimen name="x26">14.20dp</dimen>
    <dimen name="x27">14.75dp</dimen>
    <dimen name="x28">15.30dp</dimen>
    <dimen name="x29">15.84dp</dimen>
    <dimen name="x30">16.39dp</dimen>
    <dimen name="x31">16.94dp</dimen>
    <dimen name="x32">17.48dp</dimen>
    <dimen name="x33">18.03dp</dimen>
    <dimen name="x34">18.57dp</dimen>
    <dimen name="x35">19.12dp</dimen>
    <dimen name="x36">19.67dp</dimen>
    <dimen name="x37">20.21dp</dimen>
    <dimen name="x38">20.76dp</dimen>
    <dimen name="x39">21.31dp</dimen>
    <dimen name="x40">21.85dp</dimen>
    <dimen name="x41">22.40dp</dimen>
    <dimen name="x42">22.94dp</dimen>
    <dimen name="x43">23.49dp</dimen>
    <dimen name="x44">24.04dp</dimen>
    <dimen name="x45">24.58dp</dimen>
    <dimen name="x46">25.13dp</dimen>
    <dimen name="x47">25.68dp</dimen>
    <dimen name="x48">26.22dp</dimen>
    <dimen name="x49">26.77dp</dimen>
    <dimen name="x50">27.31dp</dimen>
    <dimen name="x51">27.86dp</dimen>
    <dimen name="x52">28.41dp</dimen>
    <dimen name="x53">28.95dp</dimen>
    <dimen name="x54">29.50dp</dimen>
    <dimen name="x55">30.05dp</dimen>
    <dimen name="x56">30.59dp</dimen>
    <dimen name="x57">31.14dp</dimen>
    <dimen name="x58">31.69dp</dimen>
    <dimen name="x59">32.23dp</dimen>
    <dimen name="x60">32.78dp</dimen>
    <dimen name="x61">33.32dp</dimen>
    <dimen name="x62">33.87dp</dimen>
    <dimen name="x63">34.42dp</dimen>
    <dimen name="x64">34.96dp</dimen>
    <dimen name="x65">35.51dp</dimen>
    <dimen name="x66">36.06dp</dimen>
    <dimen name="x67">36.60dp</dimen>
    <dimen name="x68">37.15dp</dimen>
    <dimen name="x69">37.69dp</dimen>
    <dimen name="x70">38.24dp</dimen>
    <dimen name="x71">38.79dp</dimen>
    <dimen name="x72">39.33dp</dimen>
    <dimen name="x73">39.88dp</dimen>
    <dimen name="x74">40.43dp</dimen>
    <dimen name="x75">40.97dp</dimen>
    <dimen name="x76">41.52dp</dimen>
    <dimen name="x77">42.06dp</dimen>
    <dimen name="x78">42.61dp</dimen>
    <dimen name="x79">43.16dp</dimen>
    <dimen name="x80">43.70dp</dimen>
    <dimen name="x81">44.25dp</dimen>
    <dimen name="x82">44.80dp</dimen>
    <dimen name="x83">45.34dp</dimen>
    <dimen name="x84">45.89dp</dimen>
    <dimen name="x85">46.44dp</dimen>
    <dimen name="x86">46.98dp</dimen>
    <dimen name="x87">47.53dp</dimen>
    <dimen name="x88">48.07dp</dimen>
    <dimen name="x89">48.62dp</dimen>
    <dimen name="x90">49.17dp</dimen>
    <dimen name="x91">49.71dp</dimen>
    <dimen name="x92">50.26dp</dimen>
    <dimen name="x93">50.81dp</dimen>
    <dimen name="x94">51.35dp</dimen>
    <dimen name="x95">51.90dp</dimen>
    <dimen name="x96">52.44dp</dimen>
    <dimen name="x97">52.99dp</dimen>
    <dimen name="x98">53.54dp</dimen>
    <dimen name="x99">54.08dp</dimen>
    <dimen name="x100">54.63dp</dimen>
    <dimen name="x101">55.18dp</dimen>
    <dimen name="x102">55.72dp</dimen>
    <dimen name="x103">56.27dp</dimen>
    <dimen name="x104">56.81dp</dimen>
    <dimen name="x105">57.36dp</dimen>
    <dimen name="x106">57.91dp</dimen>
    <dimen name="x107">58.45dp</dimen>
    <dimen name="x108">59.00dp</dimen>
    <dimen name="x109">59.55dp</dimen>
    <dimen name="x110">60.09dp</dimen>
    <dimen name="x111">60.64dp</dimen>
    <dimen name="x112">61.19dp</dimen>
    <dimen name="x113">61.73dp</dimen>
    <dimen name="x114">62.28dp</dimen>
    <dimen name="x115">62.82dp</dimen>
    <dimen name="x116">63.37dp</dimen>
    <dimen name="x117">63.92dp</dimen>
    <dimen name="x118">64.46dp</dimen>
    <dimen name="x119">65.01dp</dimen>
    <dimen name="x120">65.56dp</dimen>
    <dimen name="x121">66.10dp</dimen>
    <dimen name="x122">66.65dp</dimen>
    <dimen name="x123">67.19dp</dimen>
    <dimen name="x124">67.74dp</dimen>
    <dimen name="x125">68.29dp</dimen>
    <dimen name="x126">68.83dp</dimen>
    <dimen name="x127">69.38dp</dimen>
    <dimen name="x128">69.93dp</dimen>
    <dimen name="x129">70.47dp</dimen>
    <dimen name="x130">71.02dp</dimen>
    <dimen name="x131">71.56dp</dimen>
    <dimen name="x132">72.11dp</dimen>
    <dimen name="x133">72.66dp</dimen>
    <dimen name="x134">73.20dp</dimen>
    <dimen name="x135">73.75dp</dimen>
    <dimen name="x136">74.30dp</dimen>
    <dimen name="x137">74.84dp</dimen>
    <dimen name="x138">75.39dp</dimen>
    <dimen name="x139">75.94dp</dimen>
    <dimen name="x140">76.48dp</dimen>
    <dimen name="x141">77.03dp</dimen>
    <dimen name="x142">77.57dp</dimen>
    <dimen name="x143">78.12dp</dimen>
    <dimen name="x144">78.67dp</dimen>
    <dimen name="x145">79.21dp</dimen>
    <dimen name="x146">79.76dp</dimen>
    <dimen name="x147">80.31dp</dimen>
    <dimen name="x148">80.85dp</dimen>
    <dimen name="x149">81.40dp</dimen>
    <dimen name="x150">81.94dp</dimen>
    <dimen name="x151">82.49dp</dimen>
    <dimen name="x152">83.04dp</dimen>
    <dimen name="x153">83.58dp</dimen>
    <dimen name="x154">84.13dp</dimen>
    <dimen name="x155">84.68dp</dimen>
    <dimen name="x156">85.22dp</dimen>
    <dimen name="x157">85.77dp</dimen>
    <dimen name="x158">86.31dp</dimen>
    <dimen name="x159">86.86dp</dimen>
    <dimen name="x160">87.41dp</dimen>
    <dimen name="x161">87.95dp</dimen>
    <dimen name="x162">88.50dp</dimen>
    <dimen name="x163">89.05dp</dimen>
    <dimen name="x164">89.59dp</dimen>
    <dimen name="x165">90.14dp</dimen>
    <dimen name="x166">90.69dp</dimen>
    <dimen name="x167">91.23dp</dimen>
    <dimen name="x168">91.78dp</dimen>
    <dimen name="x169">92.32dp</dimen>
    <dimen name="x170">92.87dp</dimen>
    <dimen name="x171">93.42dp</dimen>
    <dimen name="x172">93.96dp</dimen>
    <dimen name="x173">94.51dp</dimen>
    <dimen name="x174">95.06dp</dimen>
    <dimen name="x175">95.60dp</dimen>
    <dimen name="x176">96.15dp</dimen>
    <dimen name="x177">96.69dp</dimen>
    <dimen name="x178">97.24dp</dimen>
    <dimen name="x179">97.79dp</dimen>
    <dimen name="x180">98.33dp</dimen>
    <dimen name="x181">98.88dp</dimen>
    <dimen name="x182">99.43dp</dimen>
    <dimen name="x183">99.97dp</dimen>
    <dimen name="x184">100.52dp</dimen>
    <dimen name="x185">101.06dp</dimen>
    <dimen name="x186">101.61dp</dimen>
    <dimen name="x187">102.16dp</dimen>
    <dimen name="x188">102.70dp</dimen>
    <dimen name="x189">103.25dp</dimen>
    <dimen name="x190">103.80dp</dimen>
    <dimen name="x191">104.34dp</dimen>
    <dimen name="x192">104.89dp</dimen>
    <dimen name="x193">105.44dp</dimen>
    <dimen name="x194">105.98dp</dimen>
    <dimen name="x195">106.53dp</dimen>
    <dimen name="x196">107.07dp</dimen>
    <dimen name="x197">107.62dp</dimen>
    <dimen name="x198">108.17dp</dimen>
    <dimen name="x199">108.71dp</dimen>
    <dimen name="x200">109.26dp</dimen>
    <dimen name="x201">109.81dp</dimen>
    <dimen name="x202">110.35dp</dimen>
    <dimen name="x203">110.90dp</dimen>
    <dimen name="x204">111.44dp</dimen>
    <dimen name="x205">111.99dp</dimen>
    <dimen name="x206">112.54dp</dimen>
    <dimen name="x207">113.08dp</dimen>
    <dimen name="x208">113.63dp</dimen>
    <dimen name="x209">114.18dp</dimen>
    <dimen name="x210">114.72dp</dimen>
    <dimen name="x211">115.27dp</dimen>
    <dimen name="x212">115.81dp</dimen>
    <dimen name="x213">116.36dp</dimen>
    <dimen name="x214">116.91dp</dimen>
    <dimen name="x215">117.45dp</dimen>
    <dimen name="x216">118.00dp</dimen>
    <dimen name="x217">118.55dp</dimen>
    <dimen name="x218">119.09dp</dimen>
    <dimen name="x219">119.64dp</dimen>
    <dimen name="x220">120.19dp</dimen>
    <dimen name="x221">120.73dp</dimen>
    <dimen name="x222">121.28dp</dimen>
    <dimen name="x223">121.82dp</dimen>
    <dimen name="x224">122.37dp</dimen>
    <dimen name="x225">122.92dp</dimen>
    <dimen name="x226">123.46dp</dimen>
    <dimen name="x227">124.01dp</dimen>
    <dimen name="x228">124.56dp</dimen>
    <dimen name="x229">125.10dp</dimen>
    <dimen name="x230">125.65dp</dimen>
    <dimen name="x231">126.19dp</dimen>
    <dimen name="x232">126.74dp</dimen>
    <dimen name="x233">127.29dp</dimen>
    <dimen name="x234">127.83dp</dimen>
    <dimen name="x235">128.38dp</dimen>
    <dimen name="x236">128.93dp</dimen>
    <dimen name="x237">129.47dp</dimen>
    <dimen name="x238">130.02dp</dimen>
    <dimen name="x239">130.56dp</dimen>
    <dimen name="x240">131.11dp</dimen>
    <dimen name="x241">131.66dp</dimen>
    <dimen name="x242">132.20dp</dimen>
    <dimen name="x243">132.75dp</dimen>
    <dimen name="x244">133.30dp</dimen>
    <dimen name="x245">133.84dp</dimen>
    <dimen name="x246">134.39dp</dimen>
    <dimen name="x247">134.94dp</dimen>
    <dimen name="x248">135.48dp</dimen>
    <dimen name="x249">136.03dp</dimen>
    <dimen name="x250">136.57dp</dimen>
    <dimen name="x251">137.12dp</dimen>
    <dimen name="x252">137.67dp</dimen>
    <dimen name="x253">138.21dp</dimen>
    <dimen name="x254">138.76dp</dimen>
    <dimen name="x255">139.31dp</dimen>
    <dimen name="x256">139.85dp</dimen>
    <dimen name="x257">140.40dp</dimen>
    <dimen name="x258">140.94dp</dimen>
    <dimen name="x259">141.49dp</dimen>
    <dimen name="x260">142.04dp</dimen>
    <dimen name="x261">142.58dp</dimen>
    <dimen name="x262">143.13dp</dimen>
    <dimen name="x263">143.68dp</dimen>
    <dimen name="x264">144.22dp</dimen>
    <dimen name="x265">144.77dp</dimen>
    <dimen name="x266">145.31dp</dimen>
    <dimen name="x267">145.86dp</dimen>
    <dimen name="x268">146.41dp</dimen>
    <dimen name="x269">146.95dp</dimen>
    <dimen name="x270">147.50dp</dimen>
    <dimen name="x271">148.05dp</dimen>
    <dimen name="x272">148.59dp</dimen>
    <dimen name="x273">149.14dp</dimen>
    <dimen name="x274">149.69dp</dimen>
    <dimen name="x275">150.23dp</dimen>
    <dimen name="x276">150.78dp</dimen>
    <dimen name="x277">151.32dp</dimen>
    <dimen name="x278">151.87dp</dimen>
    <dimen name="x279">152.42dp</dimen>
    <dimen name="x280">152.96dp</dimen>
    <dimen name="x281">153.51dp</dimen>
    <dimen name="x282">154.06dp</dimen>
    <dimen name="x283">154.60dp</dimen>
    <dimen name="x284">155.15dp</dimen>
    <dimen name="x285">155.69dp</dimen>
    <dimen name="x286">156.24dp</dimen>
    <dimen name="x287">156.79dp</dimen>
    <dimen name="x288">157.33dp</dimen>
    <dimen name="x289">157.88dp</dimen>
    <dimen name="x290">158.43dp</dimen>
    <dimen name="x291">158.97dp</dimen>
    <dimen name="x292">159.52dp</dimen>
    <dimen name="x293">160.06dp</dimen>
    <dimen name="x294">160.61dp</dimen>
    <dimen name="x295">161.16dp</dimen>
    <dimen name="x296">161.70dp</dimen>
    <dimen name="x297">162.25dp</dimen>
    <dimen name="x298">162.80dp</dimen>
    <dimen name="x299">163.34dp</dimen>
    <dimen name="x300">163.89dp</dimen>
    <dimen name="x301">164.44dp</dimen>
    <dimen name="x302">164.98dp</dimen>
    <dimen name="x303">165.53dp</dimen>
    <dimen name="x304">166.07dp</dimen>
    <dimen name="x305">166.62dp</dimen>
    <dimen name="x306">167.17dp</dimen>
    <dimen name="x307">167.71dp</dimen>
    <dimen name="x308">168.26dp</dimen>
    <dimen name="x309">168.81dp</dimen>
    <dimen name="x310">169.35dp</dimen>
    <dimen name="x311">169.90dp</dimen>
    <dimen name="x312">170.44dp</dimen>
    <dimen name="x313">170.99dp</dimen>
    <dimen name="x314">171.54dp</dimen>
    <dimen name="x315">172.08dp</dimen>
    <dimen name="x316">172.63dp</dimen>
    <dimen name="x317">173.18dp</dimen>
    <dimen name="x318">173.72dp</dimen>
    <dimen name="x319">174.27dp</dimen>
    <dimen name="x320">174.81dp</dimen>
    <dimen name="x321">175.36dp</dimen>
    <dimen name="x322">175.91dp</dimen>
    <dimen name="x323">176.45dp</dimen>
    <dimen name="x324">177.00dp</dimen>
    <dimen name="x325">177.55dp</dimen>
    <dimen name="x326">178.09dp</dimen>
    <dimen name="x327">178.64dp</dimen>
    <dimen name="x328">179.19dp</dimen>
    <dimen name="x329">179.73dp</dimen>
    <dimen name="x330">180.28dp</dimen>
    <dimen name="x331">180.82dp</dimen>
    <dimen name="x332">181.37dp</dimen>
    <dimen name="x333">181.92dp</dimen>
    <dimen name="x334">182.46dp</dimen>
    <dimen name="x335">183.01dp</dimen>
    <dimen name="x336">183.56dp</dimen>
    <dimen name="x337">184.10dp</dimen>
    <dimen name="x338">184.65dp</dimen>
    <dimen name="x339">185.19dp</dimen>
    <dimen name="x340">185.74dp</dimen>
    <dimen name="x341">186.29dp</dimen>
    <dimen name="x342">186.83dp</dimen>
    <dimen name="x343">187.38dp</dimen>
    <dimen name="x344">187.93dp</dimen>
    <dimen name="x345">188.47dp</dimen>
    <dimen name="x346">189.02dp</dimen>
    <dimen name="x347">189.56dp</dimen>
    <dimen name="x348">190.11dp</dimen>
    <dimen name="x349">190.66dp</dimen>
    <dimen name="x350">191.20dp</dimen>
    <dimen name="x351">191.75dp</dimen>
    <dimen name="x352">192.30dp</dimen>
    <dimen name="x353">192.84dp</dimen>
    <dimen name="x354">193.39dp</dimen>
    <dimen name="x355">193.94dp</dimen>
    <dimen name="x356">194.48dp</dimen>
    <dimen name="x357">195.03dp</dimen>
    <dimen name="x358">195.57dp</dimen>
    <dimen name="x359">196.12dp</dimen>
    <dimen name="x360">196.67dp</dimen>
    <dimen name="x361">197.21dp</dimen>
    <dimen name="x362">197.76dp</dimen>
    <dimen name="x363">198.31dp</dimen>
    <dimen name="x364">198.85dp</dimen>
    <dimen name="x365">199.40dp</dimen>
    <dimen name="x366">199.94dp</dimen>
    <dimen name="x367">200.49dp</dimen>
    <dimen name="x368">201.04dp</dimen>
    <dimen name="x369">201.58dp</dimen>
    <dimen name="x370">202.13dp</dimen>
    <dimen name="x371">202.68dp</dimen>
    <dimen name="x372">203.22dp</dimen>
    <dimen name="x373">203.77dp</dimen>
    <dimen name="x374">204.31dp</dimen>
    <dimen name="x375">204.86dp</dimen>
    <dimen name="x376">205.41dp</dimen>
    <dimen name="x377">205.95dp</dimen>
    <dimen name="x378">206.50dp</dimen>
    <dimen name="x379">207.05dp</dimen>
    <dimen name="x380">207.59dp</dimen>
    <dimen name="x381">208.14dp</dimen>
    <dimen name="x382">208.69dp</dimen>
    <dimen name="x383">209.23dp</dimen>
    <dimen name="x384">209.78dp</dimen>
    <dimen name="x385">210.32dp</dimen>
    <dimen name="x386">210.87dp</dimen>
    <dimen name="x387">211.42dp</dimen>
    <dimen name="x388">211.96dp</dimen>
    <dimen name="x389">212.51dp</dimen>
    <dimen name="x390">213.06dp</dimen>
    <dimen name="x391">213.60dp</dimen>
    <dimen name="x392">214.15dp</dimen>
    <dimen name="x393">214.69dp</dimen>
    <dimen name="x394">215.24dp</dimen>
    <dimen name="x395">215.79dp</dimen>
    <dimen name="x396">216.33dp</dimen>
    <dimen name="x397">216.88dp</dimen>
    <dimen name="x398">217.43dp</dimen>
    <dimen name="x399">217.97dp</dimen>
    <dimen name="x400">218.52dp</dimen>
    <dimen name="x401">219.06dp</dimen>
    <dimen name="x402">219.61dp</dimen>
    <dimen name="x403">220.16dp</dimen>
    <dimen name="x404">220.70dp</dimen>
    <dimen name="x405">221.25dp</dimen>
    <dimen name="x406">221.80dp</dimen>
    <dimen name="x407">222.34dp</dimen>
    <dimen name="x408">222.89dp</dimen>
    <dimen name="x409">223.44dp</dimen>
    <dimen name="x410">223.98dp</dimen>
    <dimen name="x411">224.53dp</dimen>
    <dimen name="x412">225.07dp</dimen>
    <dimen name="x413">225.62dp</dimen>
    <dimen name="x414">226.17dp</dimen>
    <dimen name="x415">226.71dp</dimen>
    <dimen name="x416">227.26dp</dimen>
    <dimen name="x417">227.81dp</dimen>
    <dimen name="x418">228.35dp</dimen>
    <dimen name="x419">228.90dp</dimen>
    <dimen name="x420">229.44dp</dimen>
    <dimen name="x421">229.99dp</dimen>
    <dimen name="x422">230.54dp</dimen>
    <dimen name="x423">231.08dp</dimen>
    <dimen name="x424">231.63dp</dimen>
    <dimen name="x425">232.18dp</dimen>
    <dimen name="x426">232.72dp</dimen>
    <dimen name="x427">233.27dp</dimen>
    <dimen name="x428">233.81dp</dimen>
    <dimen name="x429">234.36dp</dimen>
    <dimen name="x430">234.91dp</dimen>
    <dimen name="x431">235.45dp</dimen>
    <dimen name="x432">236.00dp</dimen>
    <dimen name="x433">236.55dp</dimen>
    <dimen name="x434">237.09dp</dimen>
    <dimen name="x435">237.64dp</dimen>
    <dimen name="x436">238.19dp</dimen>
    <dimen name="x437">238.73dp</dimen>
    <dimen name="x438">239.28dp</dimen>
    <dimen name="x439">239.82dp</dimen>
    <dimen name="x440">240.37dp</dimen>
    <dimen name="x441">240.92dp</dimen>
    <dimen name="x442">241.46dp</dimen>
    <dimen name="x443">242.01dp</dimen>
    <dimen name="x444">242.56dp</dimen>
    <dimen name="x445">243.10dp</dimen>
    <dimen name="x446">243.65dp</dimen>
    <dimen name="x447">244.19dp</dimen>
    <dimen name="x448">244.74dp</dimen>
    <dimen name="x449">245.29dp</dimen>
    <dimen name="x450">245.83dp</dimen>
    <dimen name="x451">246.38dp</dimen>
    <dimen name="x452">246.93dp</dimen>
    <dimen name="x453">247.47dp</dimen>
    <dimen name="x454">248.02dp</dimen>
    <dimen name="x455">248.56dp</dimen>
    <dimen name="x456">249.11dp</dimen>
    <dimen name="x457">249.66dp</dimen>
    <dimen name="x458">250.20dp</dimen>
    <dimen name="x459">250.75dp</dimen>
    <dimen name="x460">251.30dp</dimen>
    <dimen name="x461">251.84dp</dimen>
    <dimen name="x462">252.39dp</dimen>
    <dimen name="x463">252.94dp</dimen>
    <dimen name="x464">253.48dp</dimen>
    <dimen name="x465">254.03dp</dimen>
    <dimen name="x466">254.57dp</dimen>
    <dimen name="x467">255.12dp</dimen>
    <dimen name="x468">255.67dp</dimen>
    <dimen name="x469">256.21dp</dimen>
    <dimen name="x470">256.76dp</dimen>
    <dimen name="x471">257.31dp</dimen>
    <dimen name="x472">257.85dp</dimen>
    <dimen name="x473">258.40dp</dimen>
    <dimen name="x474">258.94dp</dimen>
    <dimen name="x475">259.49dp</dimen>
    <dimen name="x476">260.04dp</dimen>
    <dimen name="x477">260.58dp</dimen>
    <dimen name="x478">261.13dp</dimen>
    <dimen name="x479">261.68dp</dimen>
    <dimen name="x480">262.22dp</dimen>
    <dimen name="x481">262.77dp</dimen>
    <dimen name="x482">263.31dp</dimen>
    <dimen name="x483">263.86dp</dimen>
    <dimen name="x484">264.41dp</dimen>
    <dimen name="x485">264.95dp</dimen>
    <dimen name="x486">265.50dp</dimen>
    <dimen name="x487">266.05dp</dimen>
    <dimen name="x488">266.59dp</dimen>
    <dimen name="x489">267.14dp</dimen>
    <dimen name="x490">267.69dp</dimen>
    <dimen name="x491">268.23dp</dimen>
    <dimen name="x492">268.78dp</dimen>
    <dimen name="x493">269.32dp</dimen>
    <dimen name="x494">269.87dp</dimen>
    <dimen name="x495">270.42dp</dimen>
    <dimen name="x496">270.96dp</dimen>
    <dimen name="x497">271.51dp</dimen>
    <dimen name="x498">272.06dp</dimen>
    <dimen name="x499">272.60dp</dimen>
    <dimen name="x500">273.15dp</dimen>
    <dimen name="x501">273.69dp</dimen>
    <dimen name="x502">274.24dp</dimen>
    <dimen name="x503">274.79dp</dimen>
    <dimen name="x504">275.33dp</dimen>
    <dimen name="x505">275.88dp</dimen>
    <dimen name="x506">276.43dp</dimen>
    <dimen name="x507">276.97dp</dimen>
    <dimen name="x508">277.52dp</dimen>
    <dimen name="x509">278.06dp</dimen>
    <dimen name="x510">278.61dp</dimen>
    <dimen name="x511">279.16dp</dimen>
    <dimen name="x512">279.70dp</dimen>
    <dimen name="x513">280.25dp</dimen>
    <dimen name="x514">280.80dp</dimen>
    <dimen name="x515">281.34dp</dimen>
    <dimen name="x516">281.89dp</dimen>
    <dimen name="x517">282.44dp</dimen>
    <dimen name="x518">282.98dp</dimen>
    <dimen name="x519">283.53dp</dimen>
    <dimen name="x520">284.07dp</dimen>
    <dimen name="x521">284.62dp</dimen>
    <dimen name="x522">285.17dp</dimen>
    <dimen name="x523">285.71dp</dimen>
    <dimen name="x524">286.26dp</dimen>
    <dimen name="x525">286.81dp</dimen>
    <dimen name="x526">287.35dp</dimen>
    <dimen name="x527">287.90dp</dimen>
    <dimen name="x528">288.44dp</dimen>
    <dimen name="x529">288.99dp</dimen>
    <dimen name="x530">289.54dp</dimen>
    <dimen name="x531">290.08dp</dimen>
    <dimen name="x532">290.63dp</dimen>
    <dimen name="x533">291.18dp</dimen>
    <dimen name="x534">291.72dp</dimen>
    <dimen name="x535">292.27dp</dimen>
    <dimen name="x536">292.81dp</dimen>
    <dimen name="x537">293.36dp</dimen>
    <dimen name="x538">293.91dp</dimen>
    <dimen name="x539">294.45dp</dimen>
    <dimen name="x540">295.00dp</dimen>
    <dimen name="x541">295.55dp</dimen>
    <dimen name="x542">296.09dp</dimen>
    <dimen name="x543">296.64dp</dimen>
    <dimen name="x544">297.19dp</dimen>
    <dimen name="x545">297.73dp</dimen>
    <dimen name="x546">298.28dp</dimen>
    <dimen name="x547">298.82dp</dimen>
    <dimen name="x548">299.37dp</dimen>
    <dimen name="x549">299.92dp</dimen>
    <dimen name="x550">300.46dp</dimen>
    <dimen name="x551">301.01dp</dimen>
    <dimen name="x552">301.56dp</dimen>
    <dimen name="x553">302.10dp</dimen>
    <dimen name="x554">302.65dp</dimen>
    <dimen name="x555">303.19dp</dimen>
    <dimen name="x556">303.74dp</dimen>
    <dimen name="x557">304.29dp</dimen>
    <dimen name="x558">304.83dp</dimen>
    <dimen name="x559">305.38dp</dimen>
    <dimen name="x560">305.93dp</dimen>
    <dimen name="x561">306.47dp</dimen>
    <dimen name="x562">307.02dp</dimen>
    <dimen name="x563">307.56dp</dimen>
    <dimen name="x564">308.11dp</dimen>
    <dimen name="x565">308.66dp</dimen>
    <dimen name="x566">309.20dp</dimen>
    <dimen name="x567">309.75dp</dimen>
    <dimen name="x568">310.30dp</dimen>
    <dimen name="x569">310.84dp</dimen>
    <dimen name="x570">311.39dp</dimen>
    <dimen name="x571">311.94dp</dimen>
    <dimen name="x572">312.48dp</dimen>
    <dimen name="x573">313.03dp</dimen>
    <dimen name="x574">313.57dp</dimen>
    <dimen name="x575">314.12dp</dimen>
    <dimen name="x576">314.67dp</dimen>
    <dimen name="x577">315.21dp</dimen>
    <dimen name="x578">315.76dp</dimen>
    <dimen name="x579">316.31dp</dimen>
    <dimen name="x580">316.85dp</dimen>
    <dimen name="x581">317.40dp</dimen>
    <dimen name="x582">317.94dp</dimen>
    <dimen name="x583">318.49dp</dimen>
    <dimen name="x584">319.04dp</dimen>
    <dimen name="x585">319.58dp</dimen>
    <dimen name="x586">320.13dp</dimen>
    <dimen name="x587">320.68dp</dimen>
    <dimen name="x588">321.22dp</dimen>
    <dimen name="x589">321.77dp</dimen>
    <dimen name="x590">322.31dp</dimen>
    <dimen name="x591">322.86dp</dimen>
    <dimen name="x592">323.41dp</dimen>
    <dimen name="x593">323.95dp</dimen>
    <dimen name="x594">324.50dp</dimen>
    <dimen name="x595">325.05dp</dimen>
    <dimen name="x596">325.59dp</dimen>
    <dimen name="x597">326.14dp</dimen>
    <dimen name="x598">326.69dp</dimen>
    <dimen name="x599">327.23dp</dimen>
    <dimen name="x600">327.78dp</dimen>
    <dimen name="x601">328.32dp</dimen>
    <dimen name="x602">328.87dp</dimen>
    <dimen name="x603">329.42dp</dimen>
    <dimen name="x604">329.96dp</dimen>
    <dimen name="x605">330.51dp</dimen>
    <dimen name="x606">331.06dp</dimen>
    <dimen name="x607">331.60dp</dimen>
    <dimen name="x608">332.15dp</dimen>
    <dimen name="x609">332.69dp</dimen>
    <dimen name="x610">333.24dp</dimen>
    <dimen name="x611">333.79dp</dimen>
    <dimen name="x612">334.33dp</dimen>
    <dimen name="x613">334.88dp</dimen>
    <dimen name="x614">335.43dp</dimen>
    <dimen name="x615">335.97dp</dimen>
    <dimen name="x616">336.52dp</dimen>
    <dimen name="x617">337.06dp</dimen>
    <dimen name="x618">337.61dp</dimen>
    <dimen name="x619">338.16dp</dimen>
    <dimen name="x620">338.70dp</dimen>
    <dimen name="x621">339.25dp</dimen>
    <dimen name="x622">339.80dp</dimen>
    <dimen name="x623">340.34dp</dimen>
    <dimen name="x624">340.89dp</dimen>
    <dimen name="x625">341.44dp</dimen>
    <dimen name="x626">341.98dp</dimen>
    <dimen name="x627">342.53dp</dimen>
    <dimen name="x628">343.07dp</dimen>
    <dimen name="x629">343.62dp</dimen>
    <dimen name="x630">344.17dp</dimen>
    <dimen name="x631">344.71dp</dimen>
    <dimen name="x632">345.26dp</dimen>
    <dimen name="x633">345.81dp</dimen>
    <dimen name="x634">346.35dp</dimen>
    <dimen name="x635">346.90dp</dimen>
    <dimen name="x636">347.44dp</dimen>
    <dimen name="x637">347.99dp</dimen>
    <dimen name="x638">348.54dp</dimen>
    <dimen name="x639">349.08dp</dimen>
    <dimen name="x640">349.63dp</dimen>
    <dimen name="x641">350.18dp</dimen>
    <dimen name="x642">350.72dp</dimen>
    <dimen name="x643">351.27dp</dimen>
    <dimen name="x644">351.81dp</dimen>
    <dimen name="x645">352.36dp</dimen>
    <dimen name="x646">352.91dp</dimen>
    <dimen name="x647">353.45dp</dimen>
    <dimen name="x648">354.00dp</dimen>
    <dimen name="x649">354.55dp</dimen>
    <dimen name="x650">355.09dp</dimen>
    <dimen name="x651">355.64dp</dimen>
    <dimen name="x652">356.19dp</dimen>
    <dimen name="x653">356.73dp</dimen>
    <dimen name="x654">357.28dp</dimen>
    <dimen name="x655">357.82dp</dimen>
    <dimen name="x656">358.37dp</dimen>
    <dimen name="x657">358.92dp</dimen>
    <dimen name="x658">359.46dp</dimen>
    <dimen name="x659">360.01dp</dimen>
    <dimen name="x660">360.56dp</dimen>
    <dimen name="x661">361.10dp</dimen>
    <dimen name="x662">361.65dp</dimen>
    <dimen name="x663">362.19dp</dimen>
    <dimen name="x664">362.74dp</dimen>
    <dimen name="x665">363.29dp</dimen>
    <dimen name="x666">363.83dp</dimen>
    <dimen name="x667">364.38dp</dimen>
    <dimen name="x668">364.93dp</dimen>
    <dimen name="x669">365.47dp</dimen>
    <dimen name="x670">366.02dp</dimen>
    <dimen name="x671">366.56dp</dimen>
    <dimen name="x672">367.11dp</dimen>
    <dimen name="x673">367.66dp</dimen>
    <dimen name="x674">368.20dp</dimen>
    <dimen name="x675">368.75dp</dimen>
    <dimen name="x676">369.30dp</dimen>
    <dimen name="x677">369.84dp</dimen>
    <dimen name="x678">370.39dp</dimen>
    <dimen name="x679">370.94dp</dimen>
    <dimen name="x680">371.48dp</dimen>
    <dimen name="x681">372.03dp</dimen>
    <dimen name="x682">372.57dp</dimen>
    <dimen name="x683">373.12dp</dimen>
    <dimen name="x684">373.67dp</dimen>
    <dimen name="x685">374.21dp</dimen>
    <dimen name="x686">374.76dp</dimen>
    <dimen name="x687">375.31dp</dimen>
    <dimen name="x688">375.85dp</dimen>
    <dimen name="x689">376.40dp</dimen>
    <dimen name="x690">376.94dp</dimen>
    <dimen name="x691">377.49dp</dimen>
    <dimen name="x692">378.04dp</dimen>
    <dimen name="x693">378.58dp</dimen>
    <dimen name="x694">379.13dp</dimen>
    <dimen name="x695">379.68dp</dimen>
    <dimen name="x696">380.22dp</dimen>
    <dimen name="x697">380.77dp</dimen>
    <dimen name="x698">381.31dp</dimen>
    <dimen name="x699">381.86dp</dimen>
    <dimen name="x700">382.41dp</dimen>
    <dimen name="x701">382.95dp</dimen>
    <dimen name="x702">383.50dp</dimen>
    <dimen name="x703">384.05dp</dimen>
    <dimen name="x704">384.59dp</dimen>
    <dimen name="x705">385.14dp</dimen>
    <dimen name="x706">385.69dp</dimen>
    <dimen name="x707">386.23dp</dimen>
    <dimen name="x708">386.78dp</dimen>
    <dimen name="x709">387.32dp</dimen>
    <dimen name="x710">387.87dp</dimen>
    <dimen name="x711">388.42dp</dimen>
    <dimen name="x712">388.96dp</dimen>
    <dimen name="x713">389.51dp</dimen>
    <dimen name="x714">390.06dp</dimen>
    <dimen name="x715">390.60dp</dimen>
    <dimen name="x716">391.15dp</dimen>
    <dimen name="x717">391.69dp</dimen>
    <dimen name="x718">392.24dp</dimen>
    <dimen name="x719">392.79dp</dimen>
    <dimen name="x720">393.33dp</dimen>
    <dimen name="x721">393.88dp</dimen>
    <dimen name="x722">394.43dp</dimen>
    <dimen name="x723">394.97dp</dimen>
    <dimen name="x724">395.52dp</dimen>
    <dimen name="x725">396.06dp</dimen>
    <dimen name="x726">396.61dp</dimen>
    <dimen name="x727">397.16dp</dimen>
    <dimen name="x728">397.70dp</dimen>
    <dimen name="x729">398.25dp</dimen>
    <dimen name="x730">398.80dp</dimen>
    <dimen name="x731">399.34dp</dimen>
    <dimen name="x732">399.89dp</dimen>
    <dimen name="x733">400.44dp</dimen>
    <dimen name="x734">400.98dp</dimen>
    <dimen name="x735">401.53dp</dimen>
    <dimen name="x736">402.07dp</dimen>
    <dimen name="x737">402.62dp</dimen>
    <dimen name="x738">403.17dp</dimen>
    <dimen name="x739">403.71dp</dimen>
    <dimen name="x740">404.26dp</dimen>
    <dimen name="x741">404.81dp</dimen>
    <dimen name="x742">405.35dp</dimen>
    <dimen name="x743">405.90dp</dimen>
    <dimen name="x744">406.44dp</dimen>
    <dimen name="x745">406.99dp</dimen>
    <dimen name="x746">407.54dp</dimen>
    <dimen name="x747">408.08dp</dimen>
    <dimen name="x748">408.63dp</dimen>
    <dimen name="x749">409.18dp</dimen>
    <dimen name="x750">409.72dp</dimen>
    <dimen name="x751">410.27dp</dimen>
    <dimen name="x752">410.81dp</dimen>
    <dimen name="x753">411.36dp</dimen>
    <dimen name="x754">411.91dp</dimen>
    <dimen name="x755">412.45dp</dimen>
    <dimen name="x756">413.00dp</dimen>
    <dimen name="x757">413.55dp</dimen>
    <dimen name="x758">414.09dp</dimen>
    <dimen name="x759">414.64dp</dimen>
    <dimen name="x760">415.19dp</dimen>
    <dimen name="x761">415.73dp</dimen>
    <dimen name="x762">416.28dp</dimen>
    <dimen name="x763">416.82dp</dimen>
    <dimen name="x764">417.37dp</dimen>
    <dimen name="x765">417.92dp</dimen>
    <dimen name="x766">418.46dp</dimen>
    <dimen name="x767">419.01dp</dimen>
    <dimen name="x768">419.56dp</dimen>
    <dimen name="x769">420.10dp</dimen>
    <dimen name="x770">420.65dp</dimen>
    <dimen name="x771">421.19dp</dimen>
    <dimen name="x772">421.74dp</dimen>
    <dimen name="x773">422.29dp</dimen>
    <dimen name="x774">422.83dp</dimen>
    <dimen name="x775">423.38dp</dimen>
    <dimen name="x776">423.93dp</dimen>
    <dimen name="x777">424.47dp</dimen>
    <dimen name="x778">425.02dp</dimen>
    <dimen name="x779">425.56dp</dimen>
    <dimen name="x780">426.11dp</dimen>
    <dimen name="x781">426.66dp</dimen>
    <dimen name="x782">427.20dp</dimen>
    <dimen name="x783">427.75dp</dimen>
    <dimen name="x784">428.30dp</dimen>
    <dimen name="x785">428.84dp</dimen>
    <dimen name="x786">429.39dp</dimen>
    <dimen name="x787">429.94dp</dimen>
    <dimen name="x788">430.48dp</dimen>
    <dimen name="x789">431.03dp</dimen>
    <dimen name="x790">431.57dp</dimen>
    <dimen name="x791">432.12dp</dimen>
    <dimen name="x792">432.67dp</dimen>
    <dimen name="x793">433.21dp</dimen>
    <dimen name="x794">433.76dp</dimen>
    <dimen name="x795">434.31dp</dimen>
    <dimen name="x796">434.85dp</dimen>
    <dimen name="x797">435.40dp</dimen>
    <dimen name="x798">435.94dp</dimen>
    <dimen name="x799">436.49dp</dimen>
    <dimen name="x800">437.04dp</dimen>
    <dimen name="x801">437.58dp</dimen>
    <dimen name="x802">438.13dp</dimen>
    <dimen name="x803">438.68dp</dimen>
    <dimen name="x804">439.22dp</dimen>
    <dimen name="x805">439.77dp</dimen>
    <dimen name="x806">440.31dp</dimen>
    <dimen name="x807">440.86dp</dimen>
    <dimen name="x808">441.41dp</dimen>
    <dimen name="x809">441.95dp</dimen>
    <dimen name="x810">442.50dp</dimen>
    <dimen name="x811">443.05dp</dimen>
    <dimen name="x812">443.59dp</dimen>
    <dimen name="x813">444.14dp</dimen>
    <dimen name="x814">444.69dp</dimen>
    <dimen name="x815">445.23dp</dimen>
    <dimen name="x816">445.78dp</dimen>
    <dimen name="x817">446.32dp</dimen>
    <dimen name="x818">446.87dp</dimen>
    <dimen name="x819">447.42dp</dimen>
    <dimen name="x820">447.96dp</dimen>
    <dimen name="x821">448.51dp</dimen>
    <dimen name="x822">449.06dp</dimen>
    <dimen name="x823">449.60dp</dimen>
    <dimen name="x824">450.15dp</dimen>
    <dimen name="x825">450.69dp</dimen>
    <dimen name="x826">451.24dp</dimen>
    <dimen name="x827">451.79dp</dimen>
    <dimen name="x828">452.33dp</dimen>
    <dimen name="x829">452.88dp</dimen>
    <dimen name="x830">453.43dp</dimen>
    <dimen name="x831">453.97dp</dimen>
    <dimen name="x832">454.52dp</dimen>
    <dimen name="x833">455.06dp</dimen>
    <dimen name="x834">455.61dp</dimen>
    <dimen name="x835">456.16dp</dimen>
    <dimen name="x836">456.70dp</dimen>
    <dimen name="x837">457.25dp</dimen>
    <dimen name="x838">457.80dp</dimen>
    <dimen name="x839">458.34dp</dimen>
    <dimen name="x840">458.89dp</dimen>
    <dimen name="x841">459.44dp</dimen>
    <dimen name="x842">459.98dp</dimen>
    <dimen name="x843">460.53dp</dimen>
    <dimen name="x844">461.07dp</dimen>
    <dimen name="x845">461.62dp</dimen>
    <dimen name="x846">462.17dp</dimen>
    <dimen name="x847">462.71dp</dimen>
    <dimen name="x848">463.26dp</dimen>
    <dimen name="x849">463.81dp</dimen>
    <dimen name="x850">464.35dp</dimen>
    <dimen name="x851">464.90dp</dimen>
    <dimen name="x852">465.44dp</dimen>
    <dimen name="x853">465.99dp</dimen>
    <dimen name="x854">466.54dp</dimen>
    <dimen name="x855">467.08dp</dimen>
    <dimen name="x856">467.63dp</dimen>
    <dimen name="x857">468.18dp</dimen>
    <dimen name="x858">468.72dp</dimen>
    <dimen name="x859">469.27dp</dimen>
    <dimen name="x860">469.81dp</dimen>
    <dimen name="x861">470.36dp</dimen>
    <dimen name="x862">470.91dp</dimen>
    <dimen name="x863">471.45dp</dimen>
    <dimen name="x864">472.00dp</dimen>
    <dimen name="x865">472.55dp</dimen>
    <dimen name="x866">473.09dp</dimen>
    <dimen name="x867">473.64dp</dimen>
    <dimen name="x868">474.19dp</dimen>
    <dimen name="x869">474.73dp</dimen>
    <dimen name="x870">475.28dp</dimen>
    <dimen name="x871">475.82dp</dimen>
    <dimen name="x872">476.37dp</dimen>
    <dimen name="x873">476.92dp</dimen>
    <dimen name="x874">477.46dp</dimen>
    <dimen name="x875">478.01dp</dimen>
    <dimen name="x876">478.56dp</dimen>
    <dimen name="x877">479.10dp</dimen>
    <dimen name="x878">479.65dp</dimen>
    <dimen name="x879">480.19dp</dimen>
    <dimen name="x880">480.74dp</dimen>
    <dimen name="x881">481.29dp</dimen>
    <dimen name="x882">481.83dp</dimen>
    <dimen name="x883">482.38dp</dimen>
    <dimen name="x884">482.93dp</dimen>
    <dimen name="x885">483.47dp</dimen>
    <dimen name="x886">484.02dp</dimen>
    <dimen name="x887">484.56dp</dimen>
    <dimen name="x888">485.11dp</dimen>
    <dimen name="x889">485.66dp</dimen>
    <dimen name="x890">486.20dp</dimen>
    <dimen name="x891">486.75dp</dimen>
    <dimen name="x892">487.30dp</dimen>
    <dimen name="x893">487.84dp</dimen>
    <dimen name="x894">488.39dp</dimen>
    <dimen name="x895">488.94dp</dimen>
    <dimen name="x896">489.48dp</dimen>
    <dimen name="x897">490.03dp</dimen>
    <dimen name="x898">490.57dp</dimen>
    <dimen name="x899">491.12dp</dimen>
    <dimen name="x900">491.67dp</dimen>
    <dimen name="x901">492.21dp</dimen>
    <dimen name="x902">492.76dp</dimen>
    <dimen name="x903">493.31dp</dimen>
    <dimen name="x904">493.85dp</dimen>
    <dimen name="x905">494.40dp</dimen>
    <dimen name="x906">494.94dp</dimen>
    <dimen name="x907">495.49dp</dimen>
    <dimen name="x908">496.04dp</dimen>
    <dimen name="x909">496.58dp</dimen>
    <dimen name="x910">497.13dp</dimen>
    <dimen name="x911">497.68dp</dimen>
    <dimen name="x912">498.22dp</dimen>
    <dimen name="x913">498.77dp</dimen>
    <dimen name="x914">499.31dp</dimen>
    <dimen name="x915">499.86dp</dimen>
    <dimen name="x916">500.41dp</dimen>
    <dimen name="x917">500.95dp</dimen>
    <dimen name="x918">501.50dp</dimen>
    <dimen name="x919">502.05dp</dimen>
    <dimen name="x920">502.59dp</dimen>
    <dimen name="x921">503.14dp</dimen>
    <dimen name="x922">503.69dp</dimen>
    <dimen name="x923">504.23dp</dimen>
    <dimen name="x924">504.78dp</dimen>
    <dimen name="x925">505.32dp</dimen>
    <dimen name="x926">505.87dp</dimen>
    <dimen name="x927">506.42dp</dimen>
    <dimen name="x928">506.96dp</dimen>
    <dimen name="x929">507.51dp</dimen>
    <dimen name="x930">508.06dp</dimen>
    <dimen name="x931">508.60dp</dimen>
    <dimen name="x932">509.15dp</dimen>
    <dimen name="x933">509.69dp</dimen>
    <dimen name="x934">510.24dp</dimen>
    <dimen name="x935">510.79dp</dimen>
    <dimen name="x936">511.33dp</dimen>
    <dimen name="x937">511.88dp</dimen>
    <dimen name="x938">512.43dp</dimen>
    <dimen name="x939">512.97dp</dimen>
    <dimen name="x940">513.52dp</dimen>
    <dimen name="x941">514.06dp</dimen>
    <dimen name="x942">514.61dp</dimen>
    <dimen name="x943">515.16dp</dimen>
    <dimen name="x944">515.70dp</dimen>
    <dimen name="x945">516.25dp</dimen>
    <dimen name="x946">516.80dp</dimen>
    <dimen name="x947">517.34dp</dimen>
    <dimen name="x948">517.89dp</dimen>
    <dimen name="x949">518.44dp</dimen>
    <dimen name="x950">518.98dp</dimen>
    <dimen name="x951">519.53dp</dimen>
    <dimen name="x952">520.07dp</dimen>
    <dimen name="x953">520.62dp</dimen>
    <dimen name="x954">521.17dp</dimen>
    <dimen name="x955">521.71dp</dimen>
    <dimen name="x956">522.26dp</dimen>
    <dimen name="x957">522.81dp</dimen>
    <dimen name="x958">523.35dp</dimen>
    <dimen name="x959">523.90dp</dimen>
    <dimen name="x960">524.44dp</dimen>
    <dimen name="x961">524.99dp</dimen>
    <dimen name="x962">525.54dp</dimen>
    <dimen name="x963">526.08dp</dimen>
    <dimen name="x964">526.63dp</dimen>
    <dimen name="x965">527.18dp</dimen>
    <dimen name="x966">527.72dp</dimen>
    <dimen name="x967">528.27dp</dimen>
    <dimen name="x968">528.81dp</dimen>
    <dimen name="x969">529.36dp</dimen>
    <dimen name="x970">529.91dp</dimen>
    <dimen name="x971">530.45dp</dimen>
    <dimen name="x972">531.00dp</dimen>
    <dimen name="x973">531.55dp</dimen>
    <dimen name="x974">532.09dp</dimen>
    <dimen name="x975">532.64dp</dimen>
    <dimen name="x976">533.19dp</dimen>
    <dimen name="x977">533.73dp</dimen>
    <dimen name="x978">534.28dp</dimen>
    <dimen name="x979">534.82dp</dimen>
    <dimen name="x980">535.37dp</dimen>
    <dimen name="x981">535.92dp</dimen>
    <dimen name="x982">536.46dp</dimen>
    <dimen name="x983">537.01dp</dimen>
    <dimen name="x984">537.56dp</dimen>
    <dimen name="x985">538.10dp</dimen>
    <dimen name="x986">538.65dp</dimen>
    <dimen name="x987">539.19dp</dimen>
    <dimen name="x988">539.74dp</dimen>
    <dimen name="x989">540.29dp</dimen>
    <dimen name="x990">540.83dp</dimen>
    <dimen name="x991">541.38dp</dimen>
    <dimen name="x992">541.93dp</dimen>
    <dimen name="x993">542.47dp</dimen>
    <dimen name="x994">543.02dp</dimen>
    <dimen name="x995">543.56dp</dimen>
    <dimen name="x996">544.11dp</dimen>
    <dimen name="x997">544.66dp</dimen>
    <dimen name="x998">545.20dp</dimen>
    <dimen name="x999">545.75dp</dimen>
    <dimen name="x1000">546.30dp</dimen>
    <dimen name="x1001">546.84dp</dimen>
    <dimen name="x1002">547.39dp</dimen>
    <dimen name="x1003">547.94dp</dimen>
    <dimen name="x1004">548.48dp</dimen>
    <dimen name="x1005">549.03dp</dimen>
    <dimen name="x1006">549.57dp</dimen>
    <dimen name="x1007">550.12dp</dimen>
    <dimen name="x1008">550.67dp</dimen>
    <dimen name="x1009">551.21dp</dimen>
    <dimen name="x1010">551.76dp</dimen>
    <dimen name="x1011">552.31dp</dimen>
    <dimen name="x1012">552.85dp</dimen>
    <dimen name="x1013">553.40dp</dimen>
    <dimen name="x1014">553.94dp</dimen>
    <dimen name="x1015">554.49dp</dimen>
    <dimen name="x1016">555.04dp</dimen>
    <dimen name="x1017">555.58dp</dimen>
    <dimen name="x1018">556.13dp</dimen>
    <dimen name="x1019">556.68dp</dimen>
    <dimen name="x1020">557.22dp</dimen>
    <dimen name="x1021">557.77dp</dimen>
    <dimen name="x1022">558.31dp</dimen>
    <dimen name="x1023">558.86dp</dimen>
    <dimen name="x1024">559.41dp</dimen>
    <dimen name="x1025">559.95dp</dimen>
    <dimen name="x1026">560.50dp</dimen>
    <dimen name="x1027">561.05dp</dimen>
    <dimen name="x1028">561.59dp</dimen>
    <dimen name="x1029">562.14dp</dimen>
    <dimen name="x1030">562.69dp</dimen>
    <dimen name="x1031">563.23dp</dimen>
    <dimen name="x1032">563.78dp</dimen>
    <dimen name="x1033">564.32dp</dimen>
    <dimen name="x1034">564.87dp</dimen>
    <dimen name="x1035">565.42dp</dimen>
    <dimen name="x1036">565.96dp</dimen>
    <dimen name="x1037">566.51dp</dimen>
    <dimen name="x1038">567.06dp</dimen>
    <dimen name="x1039">567.60dp</dimen>
    <dimen name="x1040">568.15dp</dimen>
    <dimen name="x1041">568.69dp</dimen>
    <dimen name="x1042">569.24dp</dimen>
    <dimen name="x1043">569.79dp</dimen>
    <dimen name="x1044">570.33dp</dimen>
    <dimen name="x1045">570.88dp</dimen>
    <dimen name="x1046">571.43dp</dimen>
    <dimen name="x1047">571.97dp</dimen>
    <dimen name="x1048">572.52dp</dimen>
    <dimen name="x1049">573.06dp</dimen>
    <dimen name="x1050">573.61dp</dimen>
    <dimen name="x1051">574.16dp</dimen>
    <dimen name="x1052">574.70dp</dimen>
    <dimen name="x1053">575.25dp</dimen>
    <dimen name="x1054">575.80dp</dimen>
    <dimen name="x1055">576.34dp</dimen>
    <dimen name="x1056">576.89dp</dimen>
    <dimen name="x1057">577.44dp</dimen>
    <dimen name="x1058">577.98dp</dimen>
    <dimen name="x1059">578.53dp</dimen>
    <dimen name="x1060">579.07dp</dimen>
    <dimen name="x1061">579.62dp</dimen>
    <dimen name="x1062">580.17dp</dimen>
    <dimen name="x1063">580.71dp</dimen>
    <dimen name="x1064">581.26dp</dimen>
    <dimen name="x1065">581.81dp</dimen>
    <dimen name="x1066">582.35dp</dimen>
    <dimen name="x1067">582.90dp</dimen>
    <dimen name="x1068">583.44dp</dimen>
    <dimen name="x1069">583.99dp</dimen>
    <dimen name="x1070">584.54dp</dimen>
    <dimen name="x1071">585.08dp</dimen>
    <dimen name="x1072">585.63dp</dimen>
    <dimen name="x1073">586.18dp</dimen>
    <dimen name="x1074">586.72dp</dimen>
    <dimen name="x1075">587.27dp</dimen>
    <dimen name="x1076">587.81dp</dimen>
    <dimen name="x1077">588.36dp</dimen>
    <dimen name="x1078">588.91dp</dimen>
    <dimen name="x1079">589.45dp</dimen>
    <dimen name="x1080">590.00dp</dimen>
</resources>