<?xml version="1.0" encoding="utf-8"?>
<resources>
    <string name="sw_dp">1260dp</string>
    <dimen name="x1">1.17dp</dimen>
    <dimen name="x2">2.33dp</dimen>
    <dimen name="x3">3.50dp</dimen>
    <dimen name="x4">4.67dp</dimen>
    <dimen name="x5">5.83dp</dimen>
    <dimen name="x6">7.00dp</dimen>
    <dimen name="x7">8.17dp</dimen>
    <dimen name="x8">9.33dp</dimen>
    <dimen name="x9">10.50dp</dimen>
    <dimen name="x10">11.67dp</dimen>
    <dimen name="x11">12.83dp</dimen>
    <dimen name="x12">14.00dp</dimen>
    <dimen name="x13">15.17dp</dimen>
    <dimen name="x14">16.33dp</dimen>
    <dimen name="x15">17.50dp</dimen>
    <dimen name="x16">18.67dp</dimen>
    <dimen name="x17">19.83dp</dimen>
    <dimen name="x18">21.00dp</dimen>
    <dimen name="x19">22.17dp</dimen>
    <dimen name="x20">23.33dp</dimen>
    <dimen name="x21">24.50dp</dimen>
    <dimen name="x22">25.67dp</dimen>
    <dimen name="x23">26.83dp</dimen>
    <dimen name="x24">28.00dp</dimen>
    <dimen name="x25">29.17dp</dimen>
    <dimen name="x26">30.33dp</dimen>
    <dimen name="x27">31.50dp</dimen>
    <dimen name="x28">32.67dp</dimen>
    <dimen name="x29">33.83dp</dimen>
    <dimen name="x30">35.00dp</dimen>
    <dimen name="x31">36.17dp</dimen>
    <dimen name="x32">37.33dp</dimen>
    <dimen name="x33">38.50dp</dimen>
    <dimen name="x34">39.67dp</dimen>
    <dimen name="x35">40.83dp</dimen>
    <dimen name="x36">42.00dp</dimen>
    <dimen name="x37">43.17dp</dimen>
    <dimen name="x38">44.33dp</dimen>
    <dimen name="x39">45.50dp</dimen>
    <dimen name="x40">46.67dp</dimen>
    <dimen name="x41">47.83dp</dimen>
    <dimen name="x42">49.00dp</dimen>
    <dimen name="x43">50.17dp</dimen>
    <dimen name="x44">51.33dp</dimen>
    <dimen name="x45">52.50dp</dimen>
    <dimen name="x46">53.67dp</dimen>
    <dimen name="x47">54.83dp</dimen>
    <dimen name="x48">56.00dp</dimen>
    <dimen name="x49">57.17dp</dimen>
    <dimen name="x50">58.33dp</dimen>
    <dimen name="x51">59.50dp</dimen>
    <dimen name="x52">60.67dp</dimen>
    <dimen name="x53">61.83dp</dimen>
    <dimen name="x54">63.00dp</dimen>
    <dimen name="x55">64.17dp</dimen>
    <dimen name="x56">65.33dp</dimen>
    <dimen name="x57">66.50dp</dimen>
    <dimen name="x58">67.67dp</dimen>
    <dimen name="x59">68.83dp</dimen>
    <dimen name="x60">70.00dp</dimen>
    <dimen name="x61">71.17dp</dimen>
    <dimen name="x62">72.33dp</dimen>
    <dimen name="x63">73.50dp</dimen>
    <dimen name="x64">74.67dp</dimen>
    <dimen name="x65">75.83dp</dimen>
    <dimen name="x66">77.00dp</dimen>
    <dimen name="x67">78.17dp</dimen>
    <dimen name="x68">79.33dp</dimen>
    <dimen name="x69">80.50dp</dimen>
    <dimen name="x70">81.67dp</dimen>
    <dimen name="x71">82.83dp</dimen>
    <dimen name="x72">84.00dp</dimen>
    <dimen name="x73">85.17dp</dimen>
    <dimen name="x74">86.33dp</dimen>
    <dimen name="x75">87.50dp</dimen>
    <dimen name="x76">88.67dp</dimen>
    <dimen name="x77">89.83dp</dimen>
    <dimen name="x78">91.00dp</dimen>
    <dimen name="x79">92.17dp</dimen>
    <dimen name="x80">93.33dp</dimen>
    <dimen name="x81">94.50dp</dimen>
    <dimen name="x82">95.67dp</dimen>
    <dimen name="x83">96.83dp</dimen>
    <dimen name="x84">98.00dp</dimen>
    <dimen name="x85">99.17dp</dimen>
    <dimen name="x86">100.33dp</dimen>
    <dimen name="x87">101.50dp</dimen>
    <dimen name="x88">102.67dp</dimen>
    <dimen name="x89">103.83dp</dimen>
    <dimen name="x90">105.00dp</dimen>
    <dimen name="x91">106.17dp</dimen>
    <dimen name="x92">107.33dp</dimen>
    <dimen name="x93">108.50dp</dimen>
    <dimen name="x94">109.67dp</dimen>
    <dimen name="x95">110.83dp</dimen>
    <dimen name="x96">112.00dp</dimen>
    <dimen name="x97">113.17dp</dimen>
    <dimen name="x98">114.33dp</dimen>
    <dimen name="x99">115.50dp</dimen>
    <dimen name="x100">116.67dp</dimen>
    <dimen name="x101">117.83dp</dimen>
    <dimen name="x102">119.00dp</dimen>
    <dimen name="x103">120.17dp</dimen>
    <dimen name="x104">121.33dp</dimen>
    <dimen name="x105">122.50dp</dimen>
    <dimen name="x106">123.67dp</dimen>
    <dimen name="x107">124.83dp</dimen>
    <dimen name="x108">126.00dp</dimen>
    <dimen name="x109">127.17dp</dimen>
    <dimen name="x110">128.33dp</dimen>
    <dimen name="x111">129.50dp</dimen>
    <dimen name="x112">130.67dp</dimen>
    <dimen name="x113">131.83dp</dimen>
    <dimen name="x114">133.00dp</dimen>
    <dimen name="x115">134.17dp</dimen>
    <dimen name="x116">135.33dp</dimen>
    <dimen name="x117">136.50dp</dimen>
    <dimen name="x118">137.67dp</dimen>
    <dimen name="x119">138.83dp</dimen>
    <dimen name="x120">140.00dp</dimen>
    <dimen name="x121">141.17dp</dimen>
    <dimen name="x122">142.33dp</dimen>
    <dimen name="x123">143.50dp</dimen>
    <dimen name="x124">144.67dp</dimen>
    <dimen name="x125">145.83dp</dimen>
    <dimen name="x126">147.00dp</dimen>
    <dimen name="x127">148.17dp</dimen>
    <dimen name="x128">149.33dp</dimen>
    <dimen name="x129">150.50dp</dimen>
    <dimen name="x130">151.67dp</dimen>
    <dimen name="x131">152.83dp</dimen>
    <dimen name="x132">154.00dp</dimen>
    <dimen name="x133">155.17dp</dimen>
    <dimen name="x134">156.33dp</dimen>
    <dimen name="x135">157.50dp</dimen>
    <dimen name="x136">158.67dp</dimen>
    <dimen name="x137">159.83dp</dimen>
    <dimen name="x138">161.00dp</dimen>
    <dimen name="x139">162.17dp</dimen>
    <dimen name="x140">163.33dp</dimen>
    <dimen name="x141">164.50dp</dimen>
    <dimen name="x142">165.67dp</dimen>
    <dimen name="x143">166.83dp</dimen>
    <dimen name="x144">168.00dp</dimen>
    <dimen name="x145">169.17dp</dimen>
    <dimen name="x146">170.33dp</dimen>
    <dimen name="x147">171.50dp</dimen>
    <dimen name="x148">172.67dp</dimen>
    <dimen name="x149">173.83dp</dimen>
    <dimen name="x150">175.00dp</dimen>
    <dimen name="x151">176.17dp</dimen>
    <dimen name="x152">177.33dp</dimen>
    <dimen name="x153">178.50dp</dimen>
    <dimen name="x154">179.67dp</dimen>
    <dimen name="x155">180.83dp</dimen>
    <dimen name="x156">182.00dp</dimen>
    <dimen name="x157">183.17dp</dimen>
    <dimen name="x158">184.33dp</dimen>
    <dimen name="x159">185.50dp</dimen>
    <dimen name="x160">186.67dp</dimen>
    <dimen name="x161">187.83dp</dimen>
    <dimen name="x162">189.00dp</dimen>
    <dimen name="x163">190.17dp</dimen>
    <dimen name="x164">191.33dp</dimen>
    <dimen name="x165">192.50dp</dimen>
    <dimen name="x166">193.67dp</dimen>
    <dimen name="x167">194.83dp</dimen>
    <dimen name="x168">196.00dp</dimen>
    <dimen name="x169">197.17dp</dimen>
    <dimen name="x170">198.33dp</dimen>
    <dimen name="x171">199.50dp</dimen>
    <dimen name="x172">200.67dp</dimen>
    <dimen name="x173">201.83dp</dimen>
    <dimen name="x174">203.00dp</dimen>
    <dimen name="x175">204.17dp</dimen>
    <dimen name="x176">205.33dp</dimen>
    <dimen name="x177">206.50dp</dimen>
    <dimen name="x178">207.67dp</dimen>
    <dimen name="x179">208.83dp</dimen>
    <dimen name="x180">210.00dp</dimen>
    <dimen name="x181">211.17dp</dimen>
    <dimen name="x182">212.33dp</dimen>
    <dimen name="x183">213.50dp</dimen>
    <dimen name="x184">214.67dp</dimen>
    <dimen name="x185">215.83dp</dimen>
    <dimen name="x186">217.00dp</dimen>
    <dimen name="x187">218.17dp</dimen>
    <dimen name="x188">219.33dp</dimen>
    <dimen name="x189">220.50dp</dimen>
    <dimen name="x190">221.67dp</dimen>
    <dimen name="x191">222.83dp</dimen>
    <dimen name="x192">224.00dp</dimen>
    <dimen name="x193">225.17dp</dimen>
    <dimen name="x194">226.33dp</dimen>
    <dimen name="x195">227.50dp</dimen>
    <dimen name="x196">228.67dp</dimen>
    <dimen name="x197">229.83dp</dimen>
    <dimen name="x198">231.00dp</dimen>
    <dimen name="x199">232.17dp</dimen>
    <dimen name="x200">233.33dp</dimen>
    <dimen name="x201">234.50dp</dimen>
    <dimen name="x202">235.67dp</dimen>
    <dimen name="x203">236.83dp</dimen>
    <dimen name="x204">238.00dp</dimen>
    <dimen name="x205">239.17dp</dimen>
    <dimen name="x206">240.33dp</dimen>
    <dimen name="x207">241.50dp</dimen>
    <dimen name="x208">242.67dp</dimen>
    <dimen name="x209">243.83dp</dimen>
    <dimen name="x210">245.00dp</dimen>
    <dimen name="x211">246.17dp</dimen>
    <dimen name="x212">247.33dp</dimen>
    <dimen name="x213">248.50dp</dimen>
    <dimen name="x214">249.67dp</dimen>
    <dimen name="x215">250.83dp</dimen>
    <dimen name="x216">252.00dp</dimen>
    <dimen name="x217">253.17dp</dimen>
    <dimen name="x218">254.33dp</dimen>
    <dimen name="x219">255.50dp</dimen>
    <dimen name="x220">256.67dp</dimen>
    <dimen name="x221">257.83dp</dimen>
    <dimen name="x222">259.00dp</dimen>
    <dimen name="x223">260.17dp</dimen>
    <dimen name="x224">261.33dp</dimen>
    <dimen name="x225">262.50dp</dimen>
    <dimen name="x226">263.67dp</dimen>
    <dimen name="x227">264.83dp</dimen>
    <dimen name="x228">266.00dp</dimen>
    <dimen name="x229">267.17dp</dimen>
    <dimen name="x230">268.33dp</dimen>
    <dimen name="x231">269.50dp</dimen>
    <dimen name="x232">270.67dp</dimen>
    <dimen name="x233">271.83dp</dimen>
    <dimen name="x234">273.00dp</dimen>
    <dimen name="x235">274.17dp</dimen>
    <dimen name="x236">275.33dp</dimen>
    <dimen name="x237">276.50dp</dimen>
    <dimen name="x238">277.67dp</dimen>
    <dimen name="x239">278.83dp</dimen>
    <dimen name="x240">280.00dp</dimen>
    <dimen name="x241">281.17dp</dimen>
    <dimen name="x242">282.33dp</dimen>
    <dimen name="x243">283.50dp</dimen>
    <dimen name="x244">284.67dp</dimen>
    <dimen name="x245">285.83dp</dimen>
    <dimen name="x246">287.00dp</dimen>
    <dimen name="x247">288.17dp</dimen>
    <dimen name="x248">289.33dp</dimen>
    <dimen name="x249">290.50dp</dimen>
    <dimen name="x250">291.67dp</dimen>
    <dimen name="x251">292.83dp</dimen>
    <dimen name="x252">294.00dp</dimen>
    <dimen name="x253">295.17dp</dimen>
    <dimen name="x254">296.33dp</dimen>
    <dimen name="x255">297.50dp</dimen>
    <dimen name="x256">298.67dp</dimen>
    <dimen name="x257">299.83dp</dimen>
    <dimen name="x258">301.00dp</dimen>
    <dimen name="x259">302.17dp</dimen>
    <dimen name="x260">303.33dp</dimen>
    <dimen name="x261">304.50dp</dimen>
    <dimen name="x262">305.67dp</dimen>
    <dimen name="x263">306.83dp</dimen>
    <dimen name="x264">308.00dp</dimen>
    <dimen name="x265">309.17dp</dimen>
    <dimen name="x266">310.33dp</dimen>
    <dimen name="x267">311.50dp</dimen>
    <dimen name="x268">312.67dp</dimen>
    <dimen name="x269">313.83dp</dimen>
    <dimen name="x270">315.00dp</dimen>
    <dimen name="x271">316.17dp</dimen>
    <dimen name="x272">317.33dp</dimen>
    <dimen name="x273">318.50dp</dimen>
    <dimen name="x274">319.67dp</dimen>
    <dimen name="x275">320.83dp</dimen>
    <dimen name="x276">322.00dp</dimen>
    <dimen name="x277">323.17dp</dimen>
    <dimen name="x278">324.33dp</dimen>
    <dimen name="x279">325.50dp</dimen>
    <dimen name="x280">326.67dp</dimen>
    <dimen name="x281">327.83dp</dimen>
    <dimen name="x282">329.00dp</dimen>
    <dimen name="x283">330.17dp</dimen>
    <dimen name="x284">331.33dp</dimen>
    <dimen name="x285">332.50dp</dimen>
    <dimen name="x286">333.67dp</dimen>
    <dimen name="x287">334.83dp</dimen>
    <dimen name="x288">336.00dp</dimen>
    <dimen name="x289">337.17dp</dimen>
    <dimen name="x290">338.33dp</dimen>
    <dimen name="x291">339.50dp</dimen>
    <dimen name="x292">340.67dp</dimen>
    <dimen name="x293">341.83dp</dimen>
    <dimen name="x294">343.00dp</dimen>
    <dimen name="x295">344.17dp</dimen>
    <dimen name="x296">345.33dp</dimen>
    <dimen name="x297">346.50dp</dimen>
    <dimen name="x298">347.67dp</dimen>
    <dimen name="x299">348.83dp</dimen>
    <dimen name="x300">350.00dp</dimen>
    <dimen name="x301">351.17dp</dimen>
    <dimen name="x302">352.33dp</dimen>
    <dimen name="x303">353.50dp</dimen>
    <dimen name="x304">354.67dp</dimen>
    <dimen name="x305">355.83dp</dimen>
    <dimen name="x306">357.00dp</dimen>
    <dimen name="x307">358.17dp</dimen>
    <dimen name="x308">359.33dp</dimen>
    <dimen name="x309">360.50dp</dimen>
    <dimen name="x310">361.67dp</dimen>
    <dimen name="x311">362.83dp</dimen>
    <dimen name="x312">364.00dp</dimen>
    <dimen name="x313">365.17dp</dimen>
    <dimen name="x314">366.33dp</dimen>
    <dimen name="x315">367.50dp</dimen>
    <dimen name="x316">368.67dp</dimen>
    <dimen name="x317">369.83dp</dimen>
    <dimen name="x318">371.00dp</dimen>
    <dimen name="x319">372.17dp</dimen>
    <dimen name="x320">373.33dp</dimen>
    <dimen name="x321">374.50dp</dimen>
    <dimen name="x322">375.67dp</dimen>
    <dimen name="x323">376.83dp</dimen>
    <dimen name="x324">378.00dp</dimen>
    <dimen name="x325">379.17dp</dimen>
    <dimen name="x326">380.33dp</dimen>
    <dimen name="x327">381.50dp</dimen>
    <dimen name="x328">382.67dp</dimen>
    <dimen name="x329">383.83dp</dimen>
    <dimen name="x330">385.00dp</dimen>
    <dimen name="x331">386.17dp</dimen>
    <dimen name="x332">387.33dp</dimen>
    <dimen name="x333">388.50dp</dimen>
    <dimen name="x334">389.67dp</dimen>
    <dimen name="x335">390.83dp</dimen>
    <dimen name="x336">392.00dp</dimen>
    <dimen name="x337">393.17dp</dimen>
    <dimen name="x338">394.33dp</dimen>
    <dimen name="x339">395.50dp</dimen>
    <dimen name="x340">396.67dp</dimen>
    <dimen name="x341">397.83dp</dimen>
    <dimen name="x342">399.00dp</dimen>
    <dimen name="x343">400.17dp</dimen>
    <dimen name="x344">401.33dp</dimen>
    <dimen name="x345">402.50dp</dimen>
    <dimen name="x346">403.67dp</dimen>
    <dimen name="x347">404.83dp</dimen>
    <dimen name="x348">406.00dp</dimen>
    <dimen name="x349">407.17dp</dimen>
    <dimen name="x350">408.33dp</dimen>
    <dimen name="x351">409.50dp</dimen>
    <dimen name="x352">410.67dp</dimen>
    <dimen name="x353">411.83dp</dimen>
    <dimen name="x354">413.00dp</dimen>
    <dimen name="x355">414.17dp</dimen>
    <dimen name="x356">415.33dp</dimen>
    <dimen name="x357">416.50dp</dimen>
    <dimen name="x358">417.67dp</dimen>
    <dimen name="x359">418.83dp</dimen>
    <dimen name="x360">420.00dp</dimen>
    <dimen name="x361">421.17dp</dimen>
    <dimen name="x362">422.33dp</dimen>
    <dimen name="x363">423.50dp</dimen>
    <dimen name="x364">424.67dp</dimen>
    <dimen name="x365">425.83dp</dimen>
    <dimen name="x366">427.00dp</dimen>
    <dimen name="x367">428.17dp</dimen>
    <dimen name="x368">429.33dp</dimen>
    <dimen name="x369">430.50dp</dimen>
    <dimen name="x370">431.67dp</dimen>
    <dimen name="x371">432.83dp</dimen>
    <dimen name="x372">434.00dp</dimen>
    <dimen name="x373">435.17dp</dimen>
    <dimen name="x374">436.33dp</dimen>
    <dimen name="x375">437.50dp</dimen>
    <dimen name="x376">438.67dp</dimen>
    <dimen name="x377">439.83dp</dimen>
    <dimen name="x378">441.00dp</dimen>
    <dimen name="x379">442.17dp</dimen>
    <dimen name="x380">443.33dp</dimen>
    <dimen name="x381">444.50dp</dimen>
    <dimen name="x382">445.67dp</dimen>
    <dimen name="x383">446.83dp</dimen>
    <dimen name="x384">448.00dp</dimen>
    <dimen name="x385">449.17dp</dimen>
    <dimen name="x386">450.33dp</dimen>
    <dimen name="x387">451.50dp</dimen>
    <dimen name="x388">452.67dp</dimen>
    <dimen name="x389">453.83dp</dimen>
    <dimen name="x390">455.00dp</dimen>
    <dimen name="x391">456.17dp</dimen>
    <dimen name="x392">457.33dp</dimen>
    <dimen name="x393">458.50dp</dimen>
    <dimen name="x394">459.67dp</dimen>
    <dimen name="x395">460.83dp</dimen>
    <dimen name="x396">462.00dp</dimen>
    <dimen name="x397">463.17dp</dimen>
    <dimen name="x398">464.33dp</dimen>
    <dimen name="x399">465.50dp</dimen>
    <dimen name="x400">466.67dp</dimen>
    <dimen name="x401">467.83dp</dimen>
    <dimen name="x402">469.00dp</dimen>
    <dimen name="x403">470.17dp</dimen>
    <dimen name="x404">471.33dp</dimen>
    <dimen name="x405">472.50dp</dimen>
    <dimen name="x406">473.67dp</dimen>
    <dimen name="x407">474.83dp</dimen>
    <dimen name="x408">476.00dp</dimen>
    <dimen name="x409">477.17dp</dimen>
    <dimen name="x410">478.33dp</dimen>
    <dimen name="x411">479.50dp</dimen>
    <dimen name="x412">480.67dp</dimen>
    <dimen name="x413">481.83dp</dimen>
    <dimen name="x414">483.00dp</dimen>
    <dimen name="x415">484.17dp</dimen>
    <dimen name="x416">485.33dp</dimen>
    <dimen name="x417">486.50dp</dimen>
    <dimen name="x418">487.67dp</dimen>
    <dimen name="x419">488.83dp</dimen>
    <dimen name="x420">490.00dp</dimen>
    <dimen name="x421">491.17dp</dimen>
    <dimen name="x422">492.33dp</dimen>
    <dimen name="x423">493.50dp</dimen>
    <dimen name="x424">494.67dp</dimen>
    <dimen name="x425">495.83dp</dimen>
    <dimen name="x426">497.00dp</dimen>
    <dimen name="x427">498.17dp</dimen>
    <dimen name="x428">499.33dp</dimen>
    <dimen name="x429">500.50dp</dimen>
    <dimen name="x430">501.67dp</dimen>
    <dimen name="x431">502.83dp</dimen>
    <dimen name="x432">504.00dp</dimen>
    <dimen name="x433">505.17dp</dimen>
    <dimen name="x434">506.33dp</dimen>
    <dimen name="x435">507.50dp</dimen>
    <dimen name="x436">508.67dp</dimen>
    <dimen name="x437">509.83dp</dimen>
    <dimen name="x438">511.00dp</dimen>
    <dimen name="x439">512.17dp</dimen>
    <dimen name="x440">513.33dp</dimen>
    <dimen name="x441">514.50dp</dimen>
    <dimen name="x442">515.67dp</dimen>
    <dimen name="x443">516.83dp</dimen>
    <dimen name="x444">518.00dp</dimen>
    <dimen name="x445">519.17dp</dimen>
    <dimen name="x446">520.33dp</dimen>
    <dimen name="x447">521.50dp</dimen>
    <dimen name="x448">522.67dp</dimen>
    <dimen name="x449">523.83dp</dimen>
    <dimen name="x450">525.00dp</dimen>
    <dimen name="x451">526.17dp</dimen>
    <dimen name="x452">527.33dp</dimen>
    <dimen name="x453">528.50dp</dimen>
    <dimen name="x454">529.67dp</dimen>
    <dimen name="x455">530.83dp</dimen>
    <dimen name="x456">532.00dp</dimen>
    <dimen name="x457">533.17dp</dimen>
    <dimen name="x458">534.33dp</dimen>
    <dimen name="x459">535.50dp</dimen>
    <dimen name="x460">536.67dp</dimen>
    <dimen name="x461">537.83dp</dimen>
    <dimen name="x462">539.00dp</dimen>
    <dimen name="x463">540.17dp</dimen>
    <dimen name="x464">541.33dp</dimen>
    <dimen name="x465">542.50dp</dimen>
    <dimen name="x466">543.67dp</dimen>
    <dimen name="x467">544.83dp</dimen>
    <dimen name="x468">546.00dp</dimen>
    <dimen name="x469">547.17dp</dimen>
    <dimen name="x470">548.33dp</dimen>
    <dimen name="x471">549.50dp</dimen>
    <dimen name="x472">550.67dp</dimen>
    <dimen name="x473">551.83dp</dimen>
    <dimen name="x474">553.00dp</dimen>
    <dimen name="x475">554.17dp</dimen>
    <dimen name="x476">555.33dp</dimen>
    <dimen name="x477">556.50dp</dimen>
    <dimen name="x478">557.67dp</dimen>
    <dimen name="x479">558.83dp</dimen>
    <dimen name="x480">560.00dp</dimen>
    <dimen name="x481">561.17dp</dimen>
    <dimen name="x482">562.33dp</dimen>
    <dimen name="x483">563.50dp</dimen>
    <dimen name="x484">564.67dp</dimen>
    <dimen name="x485">565.83dp</dimen>
    <dimen name="x486">567.00dp</dimen>
    <dimen name="x487">568.17dp</dimen>
    <dimen name="x488">569.33dp</dimen>
    <dimen name="x489">570.50dp</dimen>
    <dimen name="x490">571.67dp</dimen>
    <dimen name="x491">572.83dp</dimen>
    <dimen name="x492">574.00dp</dimen>
    <dimen name="x493">575.17dp</dimen>
    <dimen name="x494">576.33dp</dimen>
    <dimen name="x495">577.50dp</dimen>
    <dimen name="x496">578.67dp</dimen>
    <dimen name="x497">579.83dp</dimen>
    <dimen name="x498">581.00dp</dimen>
    <dimen name="x499">582.17dp</dimen>
    <dimen name="x500">583.33dp</dimen>
    <dimen name="x501">584.50dp</dimen>
    <dimen name="x502">585.67dp</dimen>
    <dimen name="x503">586.83dp</dimen>
    <dimen name="x504">588.00dp</dimen>
    <dimen name="x505">589.17dp</dimen>
    <dimen name="x506">590.33dp</dimen>
    <dimen name="x507">591.50dp</dimen>
    <dimen name="x508">592.67dp</dimen>
    <dimen name="x509">593.83dp</dimen>
    <dimen name="x510">595.00dp</dimen>
    <dimen name="x511">596.17dp</dimen>
    <dimen name="x512">597.33dp</dimen>
    <dimen name="x513">598.50dp</dimen>
    <dimen name="x514">599.67dp</dimen>
    <dimen name="x515">600.83dp</dimen>
    <dimen name="x516">602.00dp</dimen>
    <dimen name="x517">603.17dp</dimen>
    <dimen name="x518">604.33dp</dimen>
    <dimen name="x519">605.50dp</dimen>
    <dimen name="x520">606.67dp</dimen>
    <dimen name="x521">607.83dp</dimen>
    <dimen name="x522">609.00dp</dimen>
    <dimen name="x523">610.17dp</dimen>
    <dimen name="x524">611.33dp</dimen>
    <dimen name="x525">612.50dp</dimen>
    <dimen name="x526">613.67dp</dimen>
    <dimen name="x527">614.83dp</dimen>
    <dimen name="x528">616.00dp</dimen>
    <dimen name="x529">617.17dp</dimen>
    <dimen name="x530">618.33dp</dimen>
    <dimen name="x531">619.50dp</dimen>
    <dimen name="x532">620.67dp</dimen>
    <dimen name="x533">621.83dp</dimen>
    <dimen name="x534">623.00dp</dimen>
    <dimen name="x535">624.17dp</dimen>
    <dimen name="x536">625.33dp</dimen>
    <dimen name="x537">626.50dp</dimen>
    <dimen name="x538">627.67dp</dimen>
    <dimen name="x539">628.83dp</dimen>
    <dimen name="x540">630.00dp</dimen>
    <dimen name="x541">631.17dp</dimen>
    <dimen name="x542">632.33dp</dimen>
    <dimen name="x543">633.50dp</dimen>
    <dimen name="x544">634.67dp</dimen>
    <dimen name="x545">635.83dp</dimen>
    <dimen name="x546">637.00dp</dimen>
    <dimen name="x547">638.17dp</dimen>
    <dimen name="x548">639.33dp</dimen>
    <dimen name="x549">640.50dp</dimen>
    <dimen name="x550">641.67dp</dimen>
    <dimen name="x551">642.83dp</dimen>
    <dimen name="x552">644.00dp</dimen>
    <dimen name="x553">645.17dp</dimen>
    <dimen name="x554">646.33dp</dimen>
    <dimen name="x555">647.50dp</dimen>
    <dimen name="x556">648.67dp</dimen>
    <dimen name="x557">649.83dp</dimen>
    <dimen name="x558">651.00dp</dimen>
    <dimen name="x559">652.17dp</dimen>
    <dimen name="x560">653.33dp</dimen>
    <dimen name="x561">654.50dp</dimen>
    <dimen name="x562">655.67dp</dimen>
    <dimen name="x563">656.83dp</dimen>
    <dimen name="x564">658.00dp</dimen>
    <dimen name="x565">659.17dp</dimen>
    <dimen name="x566">660.33dp</dimen>
    <dimen name="x567">661.50dp</dimen>
    <dimen name="x568">662.67dp</dimen>
    <dimen name="x569">663.83dp</dimen>
    <dimen name="x570">665.00dp</dimen>
    <dimen name="x571">666.17dp</dimen>
    <dimen name="x572">667.33dp</dimen>
    <dimen name="x573">668.50dp</dimen>
    <dimen name="x574">669.67dp</dimen>
    <dimen name="x575">670.83dp</dimen>
    <dimen name="x576">672.00dp</dimen>
    <dimen name="x577">673.17dp</dimen>
    <dimen name="x578">674.33dp</dimen>
    <dimen name="x579">675.50dp</dimen>
    <dimen name="x580">676.67dp</dimen>
    <dimen name="x581">677.83dp</dimen>
    <dimen name="x582">679.00dp</dimen>
    <dimen name="x583">680.17dp</dimen>
    <dimen name="x584">681.33dp</dimen>
    <dimen name="x585">682.50dp</dimen>
    <dimen name="x586">683.67dp</dimen>
    <dimen name="x587">684.83dp</dimen>
    <dimen name="x588">686.00dp</dimen>
    <dimen name="x589">687.17dp</dimen>
    <dimen name="x590">688.33dp</dimen>
    <dimen name="x591">689.50dp</dimen>
    <dimen name="x592">690.67dp</dimen>
    <dimen name="x593">691.83dp</dimen>
    <dimen name="x594">693.00dp</dimen>
    <dimen name="x595">694.17dp</dimen>
    <dimen name="x596">695.33dp</dimen>
    <dimen name="x597">696.50dp</dimen>
    <dimen name="x598">697.67dp</dimen>
    <dimen name="x599">698.83dp</dimen>
    <dimen name="x600">700.00dp</dimen>
    <dimen name="x601">701.17dp</dimen>
    <dimen name="x602">702.33dp</dimen>
    <dimen name="x603">703.50dp</dimen>
    <dimen name="x604">704.67dp</dimen>
    <dimen name="x605">705.83dp</dimen>
    <dimen name="x606">707.00dp</dimen>
    <dimen name="x607">708.17dp</dimen>
    <dimen name="x608">709.33dp</dimen>
    <dimen name="x609">710.50dp</dimen>
    <dimen name="x610">711.67dp</dimen>
    <dimen name="x611">712.83dp</dimen>
    <dimen name="x612">714.00dp</dimen>
    <dimen name="x613">715.17dp</dimen>
    <dimen name="x614">716.33dp</dimen>
    <dimen name="x615">717.50dp</dimen>
    <dimen name="x616">718.67dp</dimen>
    <dimen name="x617">719.83dp</dimen>
    <dimen name="x618">721.00dp</dimen>
    <dimen name="x619">722.17dp</dimen>
    <dimen name="x620">723.33dp</dimen>
    <dimen name="x621">724.50dp</dimen>
    <dimen name="x622">725.67dp</dimen>
    <dimen name="x623">726.83dp</dimen>
    <dimen name="x624">728.00dp</dimen>
    <dimen name="x625">729.17dp</dimen>
    <dimen name="x626">730.33dp</dimen>
    <dimen name="x627">731.50dp</dimen>
    <dimen name="x628">732.67dp</dimen>
    <dimen name="x629">733.83dp</dimen>
    <dimen name="x630">735.00dp</dimen>
    <dimen name="x631">736.17dp</dimen>
    <dimen name="x632">737.33dp</dimen>
    <dimen name="x633">738.50dp</dimen>
    <dimen name="x634">739.67dp</dimen>
    <dimen name="x635">740.83dp</dimen>
    <dimen name="x636">742.00dp</dimen>
    <dimen name="x637">743.17dp</dimen>
    <dimen name="x638">744.33dp</dimen>
    <dimen name="x639">745.50dp</dimen>
    <dimen name="x640">746.67dp</dimen>
    <dimen name="x641">747.83dp</dimen>
    <dimen name="x642">749.00dp</dimen>
    <dimen name="x643">750.17dp</dimen>
    <dimen name="x644">751.33dp</dimen>
    <dimen name="x645">752.50dp</dimen>
    <dimen name="x646">753.67dp</dimen>
    <dimen name="x647">754.83dp</dimen>
    <dimen name="x648">756.00dp</dimen>
    <dimen name="x649">757.17dp</dimen>
    <dimen name="x650">758.33dp</dimen>
    <dimen name="x651">759.50dp</dimen>
    <dimen name="x652">760.67dp</dimen>
    <dimen name="x653">761.83dp</dimen>
    <dimen name="x654">763.00dp</dimen>
    <dimen name="x655">764.17dp</dimen>
    <dimen name="x656">765.33dp</dimen>
    <dimen name="x657">766.50dp</dimen>
    <dimen name="x658">767.67dp</dimen>
    <dimen name="x659">768.83dp</dimen>
    <dimen name="x660">770.00dp</dimen>
    <dimen name="x661">771.17dp</dimen>
    <dimen name="x662">772.33dp</dimen>
    <dimen name="x663">773.50dp</dimen>
    <dimen name="x664">774.67dp</dimen>
    <dimen name="x665">775.83dp</dimen>
    <dimen name="x666">777.00dp</dimen>
    <dimen name="x667">778.17dp</dimen>
    <dimen name="x668">779.33dp</dimen>
    <dimen name="x669">780.50dp</dimen>
    <dimen name="x670">781.67dp</dimen>
    <dimen name="x671">782.83dp</dimen>
    <dimen name="x672">784.00dp</dimen>
    <dimen name="x673">785.17dp</dimen>
    <dimen name="x674">786.33dp</dimen>
    <dimen name="x675">787.50dp</dimen>
    <dimen name="x676">788.67dp</dimen>
    <dimen name="x677">789.83dp</dimen>
    <dimen name="x678">791.00dp</dimen>
    <dimen name="x679">792.17dp</dimen>
    <dimen name="x680">793.33dp</dimen>
    <dimen name="x681">794.50dp</dimen>
    <dimen name="x682">795.67dp</dimen>
    <dimen name="x683">796.83dp</dimen>
    <dimen name="x684">798.00dp</dimen>
    <dimen name="x685">799.17dp</dimen>
    <dimen name="x686">800.33dp</dimen>
    <dimen name="x687">801.50dp</dimen>
    <dimen name="x688">802.67dp</dimen>
    <dimen name="x689">803.83dp</dimen>
    <dimen name="x690">805.00dp</dimen>
    <dimen name="x691">806.17dp</dimen>
    <dimen name="x692">807.33dp</dimen>
    <dimen name="x693">808.50dp</dimen>
    <dimen name="x694">809.67dp</dimen>
    <dimen name="x695">810.83dp</dimen>
    <dimen name="x696">812.00dp</dimen>
    <dimen name="x697">813.17dp</dimen>
    <dimen name="x698">814.33dp</dimen>
    <dimen name="x699">815.50dp</dimen>
    <dimen name="x700">816.67dp</dimen>
    <dimen name="x701">817.83dp</dimen>
    <dimen name="x702">819.00dp</dimen>
    <dimen name="x703">820.17dp</dimen>
    <dimen name="x704">821.33dp</dimen>
    <dimen name="x705">822.50dp</dimen>
    <dimen name="x706">823.67dp</dimen>
    <dimen name="x707">824.83dp</dimen>
    <dimen name="x708">826.00dp</dimen>
    <dimen name="x709">827.17dp</dimen>
    <dimen name="x710">828.33dp</dimen>
    <dimen name="x711">829.50dp</dimen>
    <dimen name="x712">830.67dp</dimen>
    <dimen name="x713">831.83dp</dimen>
    <dimen name="x714">833.00dp</dimen>
    <dimen name="x715">834.17dp</dimen>
    <dimen name="x716">835.33dp</dimen>
    <dimen name="x717">836.50dp</dimen>
    <dimen name="x718">837.67dp</dimen>
    <dimen name="x719">838.83dp</dimen>
    <dimen name="x720">840.00dp</dimen>
    <dimen name="x721">841.17dp</dimen>
    <dimen name="x722">842.33dp</dimen>
    <dimen name="x723">843.50dp</dimen>
    <dimen name="x724">844.67dp</dimen>
    <dimen name="x725">845.83dp</dimen>
    <dimen name="x726">847.00dp</dimen>
    <dimen name="x727">848.17dp</dimen>
    <dimen name="x728">849.33dp</dimen>
    <dimen name="x729">850.50dp</dimen>
    <dimen name="x730">851.67dp</dimen>
    <dimen name="x731">852.83dp</dimen>
    <dimen name="x732">854.00dp</dimen>
    <dimen name="x733">855.17dp</dimen>
    <dimen name="x734">856.33dp</dimen>
    <dimen name="x735">857.50dp</dimen>
    <dimen name="x736">858.67dp</dimen>
    <dimen name="x737">859.83dp</dimen>
    <dimen name="x738">861.00dp</dimen>
    <dimen name="x739">862.17dp</dimen>
    <dimen name="x740">863.33dp</dimen>
    <dimen name="x741">864.50dp</dimen>
    <dimen name="x742">865.67dp</dimen>
    <dimen name="x743">866.83dp</dimen>
    <dimen name="x744">868.00dp</dimen>
    <dimen name="x745">869.17dp</dimen>
    <dimen name="x746">870.33dp</dimen>
    <dimen name="x747">871.50dp</dimen>
    <dimen name="x748">872.67dp</dimen>
    <dimen name="x749">873.83dp</dimen>
    <dimen name="x750">875.00dp</dimen>
    <dimen name="x751">876.17dp</dimen>
    <dimen name="x752">877.33dp</dimen>
    <dimen name="x753">878.50dp</dimen>
    <dimen name="x754">879.67dp</dimen>
    <dimen name="x755">880.83dp</dimen>
    <dimen name="x756">882.00dp</dimen>
    <dimen name="x757">883.17dp</dimen>
    <dimen name="x758">884.33dp</dimen>
    <dimen name="x759">885.50dp</dimen>
    <dimen name="x760">886.67dp</dimen>
    <dimen name="x761">887.83dp</dimen>
    <dimen name="x762">889.00dp</dimen>
    <dimen name="x763">890.17dp</dimen>
    <dimen name="x764">891.33dp</dimen>
    <dimen name="x765">892.50dp</dimen>
    <dimen name="x766">893.67dp</dimen>
    <dimen name="x767">894.83dp</dimen>
    <dimen name="x768">896.00dp</dimen>
    <dimen name="x769">897.17dp</dimen>
    <dimen name="x770">898.33dp</dimen>
    <dimen name="x771">899.50dp</dimen>
    <dimen name="x772">900.67dp</dimen>
    <dimen name="x773">901.83dp</dimen>
    <dimen name="x774">903.00dp</dimen>
    <dimen name="x775">904.17dp</dimen>
    <dimen name="x776">905.33dp</dimen>
    <dimen name="x777">906.50dp</dimen>
    <dimen name="x778">907.67dp</dimen>
    <dimen name="x779">908.83dp</dimen>
    <dimen name="x780">910.00dp</dimen>
    <dimen name="x781">911.17dp</dimen>
    <dimen name="x782">912.33dp</dimen>
    <dimen name="x783">913.50dp</dimen>
    <dimen name="x784">914.67dp</dimen>
    <dimen name="x785">915.83dp</dimen>
    <dimen name="x786">917.00dp</dimen>
    <dimen name="x787">918.17dp</dimen>
    <dimen name="x788">919.33dp</dimen>
    <dimen name="x789">920.50dp</dimen>
    <dimen name="x790">921.67dp</dimen>
    <dimen name="x791">922.83dp</dimen>
    <dimen name="x792">924.00dp</dimen>
    <dimen name="x793">925.17dp</dimen>
    <dimen name="x794">926.33dp</dimen>
    <dimen name="x795">927.50dp</dimen>
    <dimen name="x796">928.67dp</dimen>
    <dimen name="x797">929.83dp</dimen>
    <dimen name="x798">931.00dp</dimen>
    <dimen name="x799">932.17dp</dimen>
    <dimen name="x800">933.33dp</dimen>
    <dimen name="x801">934.50dp</dimen>
    <dimen name="x802">935.67dp</dimen>
    <dimen name="x803">936.83dp</dimen>
    <dimen name="x804">938.00dp</dimen>
    <dimen name="x805">939.17dp</dimen>
    <dimen name="x806">940.33dp</dimen>
    <dimen name="x807">941.50dp</dimen>
    <dimen name="x808">942.67dp</dimen>
    <dimen name="x809">943.83dp</dimen>
    <dimen name="x810">945.00dp</dimen>
    <dimen name="x811">946.17dp</dimen>
    <dimen name="x812">947.33dp</dimen>
    <dimen name="x813">948.50dp</dimen>
    <dimen name="x814">949.67dp</dimen>
    <dimen name="x815">950.83dp</dimen>
    <dimen name="x816">952.00dp</dimen>
    <dimen name="x817">953.17dp</dimen>
    <dimen name="x818">954.33dp</dimen>
    <dimen name="x819">955.50dp</dimen>
    <dimen name="x820">956.67dp</dimen>
    <dimen name="x821">957.83dp</dimen>
    <dimen name="x822">959.00dp</dimen>
    <dimen name="x823">960.17dp</dimen>
    <dimen name="x824">961.33dp</dimen>
    <dimen name="x825">962.50dp</dimen>
    <dimen name="x826">963.67dp</dimen>
    <dimen name="x827">964.83dp</dimen>
    <dimen name="x828">966.00dp</dimen>
    <dimen name="x829">967.17dp</dimen>
    <dimen name="x830">968.33dp</dimen>
    <dimen name="x831">969.50dp</dimen>
    <dimen name="x832">970.67dp</dimen>
    <dimen name="x833">971.83dp</dimen>
    <dimen name="x834">973.00dp</dimen>
    <dimen name="x835">974.17dp</dimen>
    <dimen name="x836">975.33dp</dimen>
    <dimen name="x837">976.50dp</dimen>
    <dimen name="x838">977.67dp</dimen>
    <dimen name="x839">978.83dp</dimen>
    <dimen name="x840">980.00dp</dimen>
    <dimen name="x841">981.17dp</dimen>
    <dimen name="x842">982.33dp</dimen>
    <dimen name="x843">983.50dp</dimen>
    <dimen name="x844">984.67dp</dimen>
    <dimen name="x845">985.83dp</dimen>
    <dimen name="x846">987.00dp</dimen>
    <dimen name="x847">988.17dp</dimen>
    <dimen name="x848">989.33dp</dimen>
    <dimen name="x849">990.50dp</dimen>
    <dimen name="x850">991.67dp</dimen>
    <dimen name="x851">992.83dp</dimen>
    <dimen name="x852">994.00dp</dimen>
    <dimen name="x853">995.17dp</dimen>
    <dimen name="x854">996.33dp</dimen>
    <dimen name="x855">997.50dp</dimen>
    <dimen name="x856">998.67dp</dimen>
    <dimen name="x857">999.83dp</dimen>
    <dimen name="x858">1001.00dp</dimen>
    <dimen name="x859">1002.17dp</dimen>
    <dimen name="x860">1003.33dp</dimen>
    <dimen name="x861">1004.50dp</dimen>
    <dimen name="x862">1005.67dp</dimen>
    <dimen name="x863">1006.83dp</dimen>
    <dimen name="x864">1008.00dp</dimen>
    <dimen name="x865">1009.17dp</dimen>
    <dimen name="x866">1010.33dp</dimen>
    <dimen name="x867">1011.50dp</dimen>
    <dimen name="x868">1012.67dp</dimen>
    <dimen name="x869">1013.83dp</dimen>
    <dimen name="x870">1015.00dp</dimen>
    <dimen name="x871">1016.17dp</dimen>
    <dimen name="x872">1017.33dp</dimen>
    <dimen name="x873">1018.50dp</dimen>
    <dimen name="x874">1019.67dp</dimen>
    <dimen name="x875">1020.83dp</dimen>
    <dimen name="x876">1022.00dp</dimen>
    <dimen name="x877">1023.17dp</dimen>
    <dimen name="x878">1024.33dp</dimen>
    <dimen name="x879">1025.50dp</dimen>
    <dimen name="x880">1026.67dp</dimen>
    <dimen name="x881">1027.83dp</dimen>
    <dimen name="x882">1029.00dp</dimen>
    <dimen name="x883">1030.17dp</dimen>
    <dimen name="x884">1031.33dp</dimen>
    <dimen name="x885">1032.50dp</dimen>
    <dimen name="x886">1033.67dp</dimen>
    <dimen name="x887">1034.83dp</dimen>
    <dimen name="x888">1036.00dp</dimen>
    <dimen name="x889">1037.17dp</dimen>
    <dimen name="x890">1038.33dp</dimen>
    <dimen name="x891">1039.50dp</dimen>
    <dimen name="x892">1040.67dp</dimen>
    <dimen name="x893">1041.83dp</dimen>
    <dimen name="x894">1043.00dp</dimen>
    <dimen name="x895">1044.17dp</dimen>
    <dimen name="x896">1045.33dp</dimen>
    <dimen name="x897">1046.50dp</dimen>
    <dimen name="x898">1047.67dp</dimen>
    <dimen name="x899">1048.83dp</dimen>
    <dimen name="x900">1050.00dp</dimen>
    <dimen name="x901">1051.17dp</dimen>
    <dimen name="x902">1052.33dp</dimen>
    <dimen name="x903">1053.50dp</dimen>
    <dimen name="x904">1054.67dp</dimen>
    <dimen name="x905">1055.83dp</dimen>
    <dimen name="x906">1057.00dp</dimen>
    <dimen name="x907">1058.17dp</dimen>
    <dimen name="x908">1059.33dp</dimen>
    <dimen name="x909">1060.50dp</dimen>
    <dimen name="x910">1061.67dp</dimen>
    <dimen name="x911">1062.83dp</dimen>
    <dimen name="x912">1064.00dp</dimen>
    <dimen name="x913">1065.17dp</dimen>
    <dimen name="x914">1066.33dp</dimen>
    <dimen name="x915">1067.50dp</dimen>
    <dimen name="x916">1068.67dp</dimen>
    <dimen name="x917">1069.83dp</dimen>
    <dimen name="x918">1071.00dp</dimen>
    <dimen name="x919">1072.17dp</dimen>
    <dimen name="x920">1073.33dp</dimen>
    <dimen name="x921">1074.50dp</dimen>
    <dimen name="x922">1075.67dp</dimen>
    <dimen name="x923">1076.83dp</dimen>
    <dimen name="x924">1078.00dp</dimen>
    <dimen name="x925">1079.17dp</dimen>
    <dimen name="x926">1080.33dp</dimen>
    <dimen name="x927">1081.50dp</dimen>
    <dimen name="x928">1082.67dp</dimen>
    <dimen name="x929">1083.83dp</dimen>
    <dimen name="x930">1085.00dp</dimen>
    <dimen name="x931">1086.17dp</dimen>
    <dimen name="x932">1087.33dp</dimen>
    <dimen name="x933">1088.50dp</dimen>
    <dimen name="x934">1089.67dp</dimen>
    <dimen name="x935">1090.83dp</dimen>
    <dimen name="x936">1092.00dp</dimen>
    <dimen name="x937">1093.17dp</dimen>
    <dimen name="x938">1094.33dp</dimen>
    <dimen name="x939">1095.50dp</dimen>
    <dimen name="x940">1096.67dp</dimen>
    <dimen name="x941">1097.83dp</dimen>
    <dimen name="x942">1099.00dp</dimen>
    <dimen name="x943">1100.17dp</dimen>
    <dimen name="x944">1101.33dp</dimen>
    <dimen name="x945">1102.50dp</dimen>
    <dimen name="x946">1103.67dp</dimen>
    <dimen name="x947">1104.83dp</dimen>
    <dimen name="x948">1106.00dp</dimen>
    <dimen name="x949">1107.17dp</dimen>
    <dimen name="x950">1108.33dp</dimen>
    <dimen name="x951">1109.50dp</dimen>
    <dimen name="x952">1110.67dp</dimen>
    <dimen name="x953">1111.83dp</dimen>
    <dimen name="x954">1113.00dp</dimen>
    <dimen name="x955">1114.17dp</dimen>
    <dimen name="x956">1115.33dp</dimen>
    <dimen name="x957">1116.50dp</dimen>
    <dimen name="x958">1117.67dp</dimen>
    <dimen name="x959">1118.83dp</dimen>
    <dimen name="x960">1120.00dp</dimen>
    <dimen name="x961">1121.17dp</dimen>
    <dimen name="x962">1122.33dp</dimen>
    <dimen name="x963">1123.50dp</dimen>
    <dimen name="x964">1124.67dp</dimen>
    <dimen name="x965">1125.83dp</dimen>
    <dimen name="x966">1127.00dp</dimen>
    <dimen name="x967">1128.17dp</dimen>
    <dimen name="x968">1129.33dp</dimen>
    <dimen name="x969">1130.50dp</dimen>
    <dimen name="x970">1131.67dp</dimen>
    <dimen name="x971">1132.83dp</dimen>
    <dimen name="x972">1134.00dp</dimen>
    <dimen name="x973">1135.17dp</dimen>
    <dimen name="x974">1136.33dp</dimen>
    <dimen name="x975">1137.50dp</dimen>
    <dimen name="x976">1138.67dp</dimen>
    <dimen name="x977">1139.83dp</dimen>
    <dimen name="x978">1141.00dp</dimen>
    <dimen name="x979">1142.17dp</dimen>
    <dimen name="x980">1143.33dp</dimen>
    <dimen name="x981">1144.50dp</dimen>
    <dimen name="x982">1145.67dp</dimen>
    <dimen name="x983">1146.83dp</dimen>
    <dimen name="x984">1148.00dp</dimen>
    <dimen name="x985">1149.17dp</dimen>
    <dimen name="x986">1150.33dp</dimen>
    <dimen name="x987">1151.50dp</dimen>
    <dimen name="x988">1152.67dp</dimen>
    <dimen name="x989">1153.83dp</dimen>
    <dimen name="x990">1155.00dp</dimen>
    <dimen name="x991">1156.17dp</dimen>
    <dimen name="x992">1157.33dp</dimen>
    <dimen name="x993">1158.50dp</dimen>
    <dimen name="x994">1159.67dp</dimen>
    <dimen name="x995">1160.83dp</dimen>
    <dimen name="x996">1162.00dp</dimen>
    <dimen name="x997">1163.17dp</dimen>
    <dimen name="x998">1164.33dp</dimen>
    <dimen name="x999">1165.50dp</dimen>
    <dimen name="x1000">1166.67dp</dimen>
    <dimen name="x1001">1167.83dp</dimen>
    <dimen name="x1002">1169.00dp</dimen>
    <dimen name="x1003">1170.17dp</dimen>
    <dimen name="x1004">1171.33dp</dimen>
    <dimen name="x1005">1172.50dp</dimen>
    <dimen name="x1006">1173.67dp</dimen>
    <dimen name="x1007">1174.83dp</dimen>
    <dimen name="x1008">1176.00dp</dimen>
    <dimen name="x1009">1177.17dp</dimen>
    <dimen name="x1010">1178.33dp</dimen>
    <dimen name="x1011">1179.50dp</dimen>
    <dimen name="x1012">1180.67dp</dimen>
    <dimen name="x1013">1181.83dp</dimen>
    <dimen name="x1014">1183.00dp</dimen>
    <dimen name="x1015">1184.17dp</dimen>
    <dimen name="x1016">1185.33dp</dimen>
    <dimen name="x1017">1186.50dp</dimen>
    <dimen name="x1018">1187.67dp</dimen>
    <dimen name="x1019">1188.83dp</dimen>
    <dimen name="x1020">1190.00dp</dimen>
    <dimen name="x1021">1191.17dp</dimen>
    <dimen name="x1022">1192.33dp</dimen>
    <dimen name="x1023">1193.50dp</dimen>
    <dimen name="x1024">1194.67dp</dimen>
    <dimen name="x1025">1195.83dp</dimen>
    <dimen name="x1026">1197.00dp</dimen>
    <dimen name="x1027">1198.17dp</dimen>
    <dimen name="x1028">1199.33dp</dimen>
    <dimen name="x1029">1200.50dp</dimen>
    <dimen name="x1030">1201.67dp</dimen>
    <dimen name="x1031">1202.83dp</dimen>
    <dimen name="x1032">1204.00dp</dimen>
    <dimen name="x1033">1205.17dp</dimen>
    <dimen name="x1034">1206.33dp</dimen>
    <dimen name="x1035">1207.50dp</dimen>
    <dimen name="x1036">1208.67dp</dimen>
    <dimen name="x1037">1209.83dp</dimen>
    <dimen name="x1038">1211.00dp</dimen>
    <dimen name="x1039">1212.17dp</dimen>
    <dimen name="x1040">1213.33dp</dimen>
    <dimen name="x1041">1214.50dp</dimen>
    <dimen name="x1042">1215.67dp</dimen>
    <dimen name="x1043">1216.83dp</dimen>
    <dimen name="x1044">1218.00dp</dimen>
    <dimen name="x1045">1219.17dp</dimen>
    <dimen name="x1046">1220.33dp</dimen>
    <dimen name="x1047">1221.50dp</dimen>
    <dimen name="x1048">1222.67dp</dimen>
    <dimen name="x1049">1223.83dp</dimen>
    <dimen name="x1050">1225.00dp</dimen>
    <dimen name="x1051">1226.17dp</dimen>
    <dimen name="x1052">1227.33dp</dimen>
    <dimen name="x1053">1228.50dp</dimen>
    <dimen name="x1054">1229.67dp</dimen>
    <dimen name="x1055">1230.83dp</dimen>
    <dimen name="x1056">1232.00dp</dimen>
    <dimen name="x1057">1233.17dp</dimen>
    <dimen name="x1058">1234.33dp</dimen>
    <dimen name="x1059">1235.50dp</dimen>
    <dimen name="x1060">1236.67dp</dimen>
    <dimen name="x1061">1237.83dp</dimen>
    <dimen name="x1062">1239.00dp</dimen>
    <dimen name="x1063">1240.17dp</dimen>
    <dimen name="x1064">1241.33dp</dimen>
    <dimen name="x1065">1242.50dp</dimen>
    <dimen name="x1066">1243.67dp</dimen>
    <dimen name="x1067">1244.83dp</dimen>
    <dimen name="x1068">1246.00dp</dimen>
    <dimen name="x1069">1247.17dp</dimen>
    <dimen name="x1070">1248.33dp</dimen>
    <dimen name="x1071">1249.50dp</dimen>
    <dimen name="x1072">1250.67dp</dimen>
    <dimen name="x1073">1251.83dp</dimen>
    <dimen name="x1074">1253.00dp</dimen>
    <dimen name="x1075">1254.17dp</dimen>
    <dimen name="x1076">1255.33dp</dimen>
    <dimen name="x1077">1256.50dp</dimen>
    <dimen name="x1078">1257.67dp</dimen>
    <dimen name="x1079">1258.83dp</dimen>
    <dimen name="x1080">1260.00dp</dimen>
</resources>