<?xml version="1.0" encoding="utf-8"?>
<resources>
    <string name="sw_dp">520dp</string>
    <dimen name="x1">0.48dp</dimen>
    <dimen name="x2">0.96dp</dimen>
    <dimen name="x3">1.44dp</dimen>
    <dimen name="x4">1.93dp</dimen>
    <dimen name="x5">2.41dp</dimen>
    <dimen name="x6">2.89dp</dimen>
    <dimen name="x7">3.37dp</dimen>
    <dimen name="x8">3.85dp</dimen>
    <dimen name="x9">4.33dp</dimen>
    <dimen name="x10">4.81dp</dimen>
    <dimen name="x11">5.30dp</dimen>
    <dimen name="x12">5.78dp</dimen>
    <dimen name="x13">6.26dp</dimen>
    <dimen name="x14">6.74dp</dimen>
    <dimen name="x15">7.22dp</dimen>
    <dimen name="x16">7.70dp</dimen>
    <dimen name="x17">8.19dp</dimen>
    <dimen name="x18">8.67dp</dimen>
    <dimen name="x19">9.15dp</dimen>
    <dimen name="x20">9.63dp</dimen>
    <dimen name="x21">10.11dp</dimen>
    <dimen name="x22">10.59dp</dimen>
    <dimen name="x23">11.07dp</dimen>
    <dimen name="x24">11.56dp</dimen>
    <dimen name="x25">12.04dp</dimen>
    <dimen name="x26">12.52dp</dimen>
    <dimen name="x27">13.00dp</dimen>
    <dimen name="x28">13.48dp</dimen>
    <dimen name="x29">13.96dp</dimen>
    <dimen name="x30">14.44dp</dimen>
    <dimen name="x31">14.93dp</dimen>
    <dimen name="x32">15.41dp</dimen>
    <dimen name="x33">15.89dp</dimen>
    <dimen name="x34">16.37dp</dimen>
    <dimen name="x35">16.85dp</dimen>
    <dimen name="x36">17.33dp</dimen>
    <dimen name="x37">17.81dp</dimen>
    <dimen name="x38">18.30dp</dimen>
    <dimen name="x39">18.78dp</dimen>
    <dimen name="x40">19.26dp</dimen>
    <dimen name="x41">19.74dp</dimen>
    <dimen name="x42">20.22dp</dimen>
    <dimen name="x43">20.70dp</dimen>
    <dimen name="x44">21.19dp</dimen>
    <dimen name="x45">21.67dp</dimen>
    <dimen name="x46">22.15dp</dimen>
    <dimen name="x47">22.63dp</dimen>
    <dimen name="x48">23.11dp</dimen>
    <dimen name="x49">23.59dp</dimen>
    <dimen name="x50">24.07dp</dimen>
    <dimen name="x51">24.56dp</dimen>
    <dimen name="x52">25.04dp</dimen>
    <dimen name="x53">25.52dp</dimen>
    <dimen name="x54">26.00dp</dimen>
    <dimen name="x55">26.48dp</dimen>
    <dimen name="x56">26.96dp</dimen>
    <dimen name="x57">27.44dp</dimen>
    <dimen name="x58">27.93dp</dimen>
    <dimen name="x59">28.41dp</dimen>
    <dimen name="x60">28.89dp</dimen>
    <dimen name="x61">29.37dp</dimen>
    <dimen name="x62">29.85dp</dimen>
    <dimen name="x63">30.33dp</dimen>
    <dimen name="x64">30.81dp</dimen>
    <dimen name="x65">31.30dp</dimen>
    <dimen name="x66">31.78dp</dimen>
    <dimen name="x67">32.26dp</dimen>
    <dimen name="x68">32.74dp</dimen>
    <dimen name="x69">33.22dp</dimen>
    <dimen name="x70">33.70dp</dimen>
    <dimen name="x71">34.19dp</dimen>
    <dimen name="x72">34.67dp</dimen>
    <dimen name="x73">35.15dp</dimen>
    <dimen name="x74">35.63dp</dimen>
    <dimen name="x75">36.11dp</dimen>
    <dimen name="x76">36.59dp</dimen>
    <dimen name="x77">37.07dp</dimen>
    <dimen name="x78">37.56dp</dimen>
    <dimen name="x79">38.04dp</dimen>
    <dimen name="x80">38.52dp</dimen>
    <dimen name="x81">39.00dp</dimen>
    <dimen name="x82">39.48dp</dimen>
    <dimen name="x83">39.96dp</dimen>
    <dimen name="x84">40.44dp</dimen>
    <dimen name="x85">40.93dp</dimen>
    <dimen name="x86">41.41dp</dimen>
    <dimen name="x87">41.89dp</dimen>
    <dimen name="x88">42.37dp</dimen>
    <dimen name="x89">42.85dp</dimen>
    <dimen name="x90">43.33dp</dimen>
    <dimen name="x91">43.81dp</dimen>
    <dimen name="x92">44.30dp</dimen>
    <dimen name="x93">44.78dp</dimen>
    <dimen name="x94">45.26dp</dimen>
    <dimen name="x95">45.74dp</dimen>
    <dimen name="x96">46.22dp</dimen>
    <dimen name="x97">46.70dp</dimen>
    <dimen name="x98">47.19dp</dimen>
    <dimen name="x99">47.67dp</dimen>
    <dimen name="x100">48.15dp</dimen>
    <dimen name="x101">48.63dp</dimen>
    <dimen name="x102">49.11dp</dimen>
    <dimen name="x103">49.59dp</dimen>
    <dimen name="x104">50.07dp</dimen>
    <dimen name="x105">50.56dp</dimen>
    <dimen name="x106">51.04dp</dimen>
    <dimen name="x107">51.52dp</dimen>
    <dimen name="x108">52.00dp</dimen>
    <dimen name="x109">52.48dp</dimen>
    <dimen name="x110">52.96dp</dimen>
    <dimen name="x111">53.44dp</dimen>
    <dimen name="x112">53.93dp</dimen>
    <dimen name="x113">54.41dp</dimen>
    <dimen name="x114">54.89dp</dimen>
    <dimen name="x115">55.37dp</dimen>
    <dimen name="x116">55.85dp</dimen>
    <dimen name="x117">56.33dp</dimen>
    <dimen name="x118">56.81dp</dimen>
    <dimen name="x119">57.30dp</dimen>
    <dimen name="x120">57.78dp</dimen>
    <dimen name="x121">58.26dp</dimen>
    <dimen name="x122">58.74dp</dimen>
    <dimen name="x123">59.22dp</dimen>
    <dimen name="x124">59.70dp</dimen>
    <dimen name="x125">60.19dp</dimen>
    <dimen name="x126">60.67dp</dimen>
    <dimen name="x127">61.15dp</dimen>
    <dimen name="x128">61.63dp</dimen>
    <dimen name="x129">62.11dp</dimen>
    <dimen name="x130">62.59dp</dimen>
    <dimen name="x131">63.07dp</dimen>
    <dimen name="x132">63.56dp</dimen>
    <dimen name="x133">64.04dp</dimen>
    <dimen name="x134">64.52dp</dimen>
    <dimen name="x135">65.00dp</dimen>
    <dimen name="x136">65.48dp</dimen>
    <dimen name="x137">65.96dp</dimen>
    <dimen name="x138">66.44dp</dimen>
    <dimen name="x139">66.93dp</dimen>
    <dimen name="x140">67.41dp</dimen>
    <dimen name="x141">67.89dp</dimen>
    <dimen name="x142">68.37dp</dimen>
    <dimen name="x143">68.85dp</dimen>
    <dimen name="x144">69.33dp</dimen>
    <dimen name="x145">69.81dp</dimen>
    <dimen name="x146">70.30dp</dimen>
    <dimen name="x147">70.78dp</dimen>
    <dimen name="x148">71.26dp</dimen>
    <dimen name="x149">71.74dp</dimen>
    <dimen name="x150">72.22dp</dimen>
    <dimen name="x151">72.70dp</dimen>
    <dimen name="x152">73.19dp</dimen>
    <dimen name="x153">73.67dp</dimen>
    <dimen name="x154">74.15dp</dimen>
    <dimen name="x155">74.63dp</dimen>
    <dimen name="x156">75.11dp</dimen>
    <dimen name="x157">75.59dp</dimen>
    <dimen name="x158">76.07dp</dimen>
    <dimen name="x159">76.56dp</dimen>
    <dimen name="x160">77.04dp</dimen>
    <dimen name="x161">77.52dp</dimen>
    <dimen name="x162">78.00dp</dimen>
    <dimen name="x163">78.48dp</dimen>
    <dimen name="x164">78.96dp</dimen>
    <dimen name="x165">79.44dp</dimen>
    <dimen name="x166">79.93dp</dimen>
    <dimen name="x167">80.41dp</dimen>
    <dimen name="x168">80.89dp</dimen>
    <dimen name="x169">81.37dp</dimen>
    <dimen name="x170">81.85dp</dimen>
    <dimen name="x171">82.33dp</dimen>
    <dimen name="x172">82.81dp</dimen>
    <dimen name="x173">83.30dp</dimen>
    <dimen name="x174">83.78dp</dimen>
    <dimen name="x175">84.26dp</dimen>
    <dimen name="x176">84.74dp</dimen>
    <dimen name="x177">85.22dp</dimen>
    <dimen name="x178">85.70dp</dimen>
    <dimen name="x179">86.19dp</dimen>
    <dimen name="x180">86.67dp</dimen>
    <dimen name="x181">87.15dp</dimen>
    <dimen name="x182">87.63dp</dimen>
    <dimen name="x183">88.11dp</dimen>
    <dimen name="x184">88.59dp</dimen>
    <dimen name="x185">89.07dp</dimen>
    <dimen name="x186">89.56dp</dimen>
    <dimen name="x187">90.04dp</dimen>
    <dimen name="x188">90.52dp</dimen>
    <dimen name="x189">91.00dp</dimen>
    <dimen name="x190">91.48dp</dimen>
    <dimen name="x191">91.96dp</dimen>
    <dimen name="x192">92.44dp</dimen>
    <dimen name="x193">92.93dp</dimen>
    <dimen name="x194">93.41dp</dimen>
    <dimen name="x195">93.89dp</dimen>
    <dimen name="x196">94.37dp</dimen>
    <dimen name="x197">94.85dp</dimen>
    <dimen name="x198">95.33dp</dimen>
    <dimen name="x199">95.81dp</dimen>
    <dimen name="x200">96.30dp</dimen>
    <dimen name="x201">96.78dp</dimen>
    <dimen name="x202">97.26dp</dimen>
    <dimen name="x203">97.74dp</dimen>
    <dimen name="x204">98.22dp</dimen>
    <dimen name="x205">98.70dp</dimen>
    <dimen name="x206">99.19dp</dimen>
    <dimen name="x207">99.67dp</dimen>
    <dimen name="x208">100.15dp</dimen>
    <dimen name="x209">100.63dp</dimen>
    <dimen name="x210">101.11dp</dimen>
    <dimen name="x211">101.59dp</dimen>
    <dimen name="x212">102.07dp</dimen>
    <dimen name="x213">102.56dp</dimen>
    <dimen name="x214">103.04dp</dimen>
    <dimen name="x215">103.52dp</dimen>
    <dimen name="x216">104.00dp</dimen>
    <dimen name="x217">104.48dp</dimen>
    <dimen name="x218">104.96dp</dimen>
    <dimen name="x219">105.44dp</dimen>
    <dimen name="x220">105.93dp</dimen>
    <dimen name="x221">106.41dp</dimen>
    <dimen name="x222">106.89dp</dimen>
    <dimen name="x223">107.37dp</dimen>
    <dimen name="x224">107.85dp</dimen>
    <dimen name="x225">108.33dp</dimen>
    <dimen name="x226">108.81dp</dimen>
    <dimen name="x227">109.30dp</dimen>
    <dimen name="x228">109.78dp</dimen>
    <dimen name="x229">110.26dp</dimen>
    <dimen name="x230">110.74dp</dimen>
    <dimen name="x231">111.22dp</dimen>
    <dimen name="x232">111.70dp</dimen>
    <dimen name="x233">112.19dp</dimen>
    <dimen name="x234">112.67dp</dimen>
    <dimen name="x235">113.15dp</dimen>
    <dimen name="x236">113.63dp</dimen>
    <dimen name="x237">114.11dp</dimen>
    <dimen name="x238">114.59dp</dimen>
    <dimen name="x239">115.07dp</dimen>
    <dimen name="x240">115.56dp</dimen>
    <dimen name="x241">116.04dp</dimen>
    <dimen name="x242">116.52dp</dimen>
    <dimen name="x243">117.00dp</dimen>
    <dimen name="x244">117.48dp</dimen>
    <dimen name="x245">117.96dp</dimen>
    <dimen name="x246">118.44dp</dimen>
    <dimen name="x247">118.93dp</dimen>
    <dimen name="x248">119.41dp</dimen>
    <dimen name="x249">119.89dp</dimen>
    <dimen name="x250">120.37dp</dimen>
    <dimen name="x251">120.85dp</dimen>
    <dimen name="x252">121.33dp</dimen>
    <dimen name="x253">121.81dp</dimen>
    <dimen name="x254">122.30dp</dimen>
    <dimen name="x255">122.78dp</dimen>
    <dimen name="x256">123.26dp</dimen>
    <dimen name="x257">123.74dp</dimen>
    <dimen name="x258">124.22dp</dimen>
    <dimen name="x259">124.70dp</dimen>
    <dimen name="x260">125.19dp</dimen>
    <dimen name="x261">125.67dp</dimen>
    <dimen name="x262">126.15dp</dimen>
    <dimen name="x263">126.63dp</dimen>
    <dimen name="x264">127.11dp</dimen>
    <dimen name="x265">127.59dp</dimen>
    <dimen name="x266">128.07dp</dimen>
    <dimen name="x267">128.56dp</dimen>
    <dimen name="x268">129.04dp</dimen>
    <dimen name="x269">129.52dp</dimen>
    <dimen name="x270">130.00dp</dimen>
    <dimen name="x271">130.48dp</dimen>
    <dimen name="x272">130.96dp</dimen>
    <dimen name="x273">131.44dp</dimen>
    <dimen name="x274">131.93dp</dimen>
    <dimen name="x275">132.41dp</dimen>
    <dimen name="x276">132.89dp</dimen>
    <dimen name="x277">133.37dp</dimen>
    <dimen name="x278">133.85dp</dimen>
    <dimen name="x279">134.33dp</dimen>
    <dimen name="x280">134.81dp</dimen>
    <dimen name="x281">135.30dp</dimen>
    <dimen name="x282">135.78dp</dimen>
    <dimen name="x283">136.26dp</dimen>
    <dimen name="x284">136.74dp</dimen>
    <dimen name="x285">137.22dp</dimen>
    <dimen name="x286">137.70dp</dimen>
    <dimen name="x287">138.19dp</dimen>
    <dimen name="x288">138.67dp</dimen>
    <dimen name="x289">139.15dp</dimen>
    <dimen name="x290">139.63dp</dimen>
    <dimen name="x291">140.11dp</dimen>
    <dimen name="x292">140.59dp</dimen>
    <dimen name="x293">141.07dp</dimen>
    <dimen name="x294">141.56dp</dimen>
    <dimen name="x295">142.04dp</dimen>
    <dimen name="x296">142.52dp</dimen>
    <dimen name="x297">143.00dp</dimen>
    <dimen name="x298">143.48dp</dimen>
    <dimen name="x299">143.96dp</dimen>
    <dimen name="x300">144.44dp</dimen>
    <dimen name="x301">144.93dp</dimen>
    <dimen name="x302">145.41dp</dimen>
    <dimen name="x303">145.89dp</dimen>
    <dimen name="x304">146.37dp</dimen>
    <dimen name="x305">146.85dp</dimen>
    <dimen name="x306">147.33dp</dimen>
    <dimen name="x307">147.81dp</dimen>
    <dimen name="x308">148.30dp</dimen>
    <dimen name="x309">148.78dp</dimen>
    <dimen name="x310">149.26dp</dimen>
    <dimen name="x311">149.74dp</dimen>
    <dimen name="x312">150.22dp</dimen>
    <dimen name="x313">150.70dp</dimen>
    <dimen name="x314">151.19dp</dimen>
    <dimen name="x315">151.67dp</dimen>
    <dimen name="x316">152.15dp</dimen>
    <dimen name="x317">152.63dp</dimen>
    <dimen name="x318">153.11dp</dimen>
    <dimen name="x319">153.59dp</dimen>
    <dimen name="x320">154.07dp</dimen>
    <dimen name="x321">154.56dp</dimen>
    <dimen name="x322">155.04dp</dimen>
    <dimen name="x323">155.52dp</dimen>
    <dimen name="x324">156.00dp</dimen>
    <dimen name="x325">156.48dp</dimen>
    <dimen name="x326">156.96dp</dimen>
    <dimen name="x327">157.44dp</dimen>
    <dimen name="x328">157.93dp</dimen>
    <dimen name="x329">158.41dp</dimen>
    <dimen name="x330">158.89dp</dimen>
    <dimen name="x331">159.37dp</dimen>
    <dimen name="x332">159.85dp</dimen>
    <dimen name="x333">160.33dp</dimen>
    <dimen name="x334">160.81dp</dimen>
    <dimen name="x335">161.30dp</dimen>
    <dimen name="x336">161.78dp</dimen>
    <dimen name="x337">162.26dp</dimen>
    <dimen name="x338">162.74dp</dimen>
    <dimen name="x339">163.22dp</dimen>
    <dimen name="x340">163.70dp</dimen>
    <dimen name="x341">164.19dp</dimen>
    <dimen name="x342">164.67dp</dimen>
    <dimen name="x343">165.15dp</dimen>
    <dimen name="x344">165.63dp</dimen>
    <dimen name="x345">166.11dp</dimen>
    <dimen name="x346">166.59dp</dimen>
    <dimen name="x347">167.07dp</dimen>
    <dimen name="x348">167.56dp</dimen>
    <dimen name="x349">168.04dp</dimen>
    <dimen name="x350">168.52dp</dimen>
    <dimen name="x351">169.00dp</dimen>
    <dimen name="x352">169.48dp</dimen>
    <dimen name="x353">169.96dp</dimen>
    <dimen name="x354">170.44dp</dimen>
    <dimen name="x355">170.93dp</dimen>
    <dimen name="x356">171.41dp</dimen>
    <dimen name="x357">171.89dp</dimen>
    <dimen name="x358">172.37dp</dimen>
    <dimen name="x359">172.85dp</dimen>
    <dimen name="x360">173.33dp</dimen>
    <dimen name="x361">173.81dp</dimen>
    <dimen name="x362">174.30dp</dimen>
    <dimen name="x363">174.78dp</dimen>
    <dimen name="x364">175.26dp</dimen>
    <dimen name="x365">175.74dp</dimen>
    <dimen name="x366">176.22dp</dimen>
    <dimen name="x367">176.70dp</dimen>
    <dimen name="x368">177.19dp</dimen>
    <dimen name="x369">177.67dp</dimen>
    <dimen name="x370">178.15dp</dimen>
    <dimen name="x371">178.63dp</dimen>
    <dimen name="x372">179.11dp</dimen>
    <dimen name="x373">179.59dp</dimen>
    <dimen name="x374">180.07dp</dimen>
    <dimen name="x375">180.56dp</dimen>
    <dimen name="x376">181.04dp</dimen>
    <dimen name="x377">181.52dp</dimen>
    <dimen name="x378">182.00dp</dimen>
    <dimen name="x379">182.48dp</dimen>
    <dimen name="x380">182.96dp</dimen>
    <dimen name="x381">183.44dp</dimen>
    <dimen name="x382">183.93dp</dimen>
    <dimen name="x383">184.41dp</dimen>
    <dimen name="x384">184.89dp</dimen>
    <dimen name="x385">185.37dp</dimen>
    <dimen name="x386">185.85dp</dimen>
    <dimen name="x387">186.33dp</dimen>
    <dimen name="x388">186.81dp</dimen>
    <dimen name="x389">187.30dp</dimen>
    <dimen name="x390">187.78dp</dimen>
    <dimen name="x391">188.26dp</dimen>
    <dimen name="x392">188.74dp</dimen>
    <dimen name="x393">189.22dp</dimen>
    <dimen name="x394">189.70dp</dimen>
    <dimen name="x395">190.19dp</dimen>
    <dimen name="x396">190.67dp</dimen>
    <dimen name="x397">191.15dp</dimen>
    <dimen name="x398">191.63dp</dimen>
    <dimen name="x399">192.11dp</dimen>
    <dimen name="x400">192.59dp</dimen>
    <dimen name="x401">193.07dp</dimen>
    <dimen name="x402">193.56dp</dimen>
    <dimen name="x403">194.04dp</dimen>
    <dimen name="x404">194.52dp</dimen>
    <dimen name="x405">195.00dp</dimen>
    <dimen name="x406">195.48dp</dimen>
    <dimen name="x407">195.96dp</dimen>
    <dimen name="x408">196.44dp</dimen>
    <dimen name="x409">196.93dp</dimen>
    <dimen name="x410">197.41dp</dimen>
    <dimen name="x411">197.89dp</dimen>
    <dimen name="x412">198.37dp</dimen>
    <dimen name="x413">198.85dp</dimen>
    <dimen name="x414">199.33dp</dimen>
    <dimen name="x415">199.81dp</dimen>
    <dimen name="x416">200.30dp</dimen>
    <dimen name="x417">200.78dp</dimen>
    <dimen name="x418">201.26dp</dimen>
    <dimen name="x419">201.74dp</dimen>
    <dimen name="x420">202.22dp</dimen>
    <dimen name="x421">202.70dp</dimen>
    <dimen name="x422">203.19dp</dimen>
    <dimen name="x423">203.67dp</dimen>
    <dimen name="x424">204.15dp</dimen>
    <dimen name="x425">204.63dp</dimen>
    <dimen name="x426">205.11dp</dimen>
    <dimen name="x427">205.59dp</dimen>
    <dimen name="x428">206.07dp</dimen>
    <dimen name="x429">206.56dp</dimen>
    <dimen name="x430">207.04dp</dimen>
    <dimen name="x431">207.52dp</dimen>
    <dimen name="x432">208.00dp</dimen>
    <dimen name="x433">208.48dp</dimen>
    <dimen name="x434">208.96dp</dimen>
    <dimen name="x435">209.44dp</dimen>
    <dimen name="x436">209.93dp</dimen>
    <dimen name="x437">210.41dp</dimen>
    <dimen name="x438">210.89dp</dimen>
    <dimen name="x439">211.37dp</dimen>
    <dimen name="x440">211.85dp</dimen>
    <dimen name="x441">212.33dp</dimen>
    <dimen name="x442">212.81dp</dimen>
    <dimen name="x443">213.30dp</dimen>
    <dimen name="x444">213.78dp</dimen>
    <dimen name="x445">214.26dp</dimen>
    <dimen name="x446">214.74dp</dimen>
    <dimen name="x447">215.22dp</dimen>
    <dimen name="x448">215.70dp</dimen>
    <dimen name="x449">216.19dp</dimen>
    <dimen name="x450">216.67dp</dimen>
    <dimen name="x451">217.15dp</dimen>
    <dimen name="x452">217.63dp</dimen>
    <dimen name="x453">218.11dp</dimen>
    <dimen name="x454">218.59dp</dimen>
    <dimen name="x455">219.07dp</dimen>
    <dimen name="x456">219.56dp</dimen>
    <dimen name="x457">220.04dp</dimen>
    <dimen name="x458">220.52dp</dimen>
    <dimen name="x459">221.00dp</dimen>
    <dimen name="x460">221.48dp</dimen>
    <dimen name="x461">221.96dp</dimen>
    <dimen name="x462">222.44dp</dimen>
    <dimen name="x463">222.93dp</dimen>
    <dimen name="x464">223.41dp</dimen>
    <dimen name="x465">223.89dp</dimen>
    <dimen name="x466">224.37dp</dimen>
    <dimen name="x467">224.85dp</dimen>
    <dimen name="x468">225.33dp</dimen>
    <dimen name="x469">225.81dp</dimen>
    <dimen name="x470">226.30dp</dimen>
    <dimen name="x471">226.78dp</dimen>
    <dimen name="x472">227.26dp</dimen>
    <dimen name="x473">227.74dp</dimen>
    <dimen name="x474">228.22dp</dimen>
    <dimen name="x475">228.70dp</dimen>
    <dimen name="x476">229.19dp</dimen>
    <dimen name="x477">229.67dp</dimen>
    <dimen name="x478">230.15dp</dimen>
    <dimen name="x479">230.63dp</dimen>
    <dimen name="x480">231.11dp</dimen>
    <dimen name="x481">231.59dp</dimen>
    <dimen name="x482">232.07dp</dimen>
    <dimen name="x483">232.56dp</dimen>
    <dimen name="x484">233.04dp</dimen>
    <dimen name="x485">233.52dp</dimen>
    <dimen name="x486">234.00dp</dimen>
    <dimen name="x487">234.48dp</dimen>
    <dimen name="x488">234.96dp</dimen>
    <dimen name="x489">235.44dp</dimen>
    <dimen name="x490">235.93dp</dimen>
    <dimen name="x491">236.41dp</dimen>
    <dimen name="x492">236.89dp</dimen>
    <dimen name="x493">237.37dp</dimen>
    <dimen name="x494">237.85dp</dimen>
    <dimen name="x495">238.33dp</dimen>
    <dimen name="x496">238.81dp</dimen>
    <dimen name="x497">239.30dp</dimen>
    <dimen name="x498">239.78dp</dimen>
    <dimen name="x499">240.26dp</dimen>
    <dimen name="x500">240.74dp</dimen>
    <dimen name="x501">241.22dp</dimen>
    <dimen name="x502">241.70dp</dimen>
    <dimen name="x503">242.19dp</dimen>
    <dimen name="x504">242.67dp</dimen>
    <dimen name="x505">243.15dp</dimen>
    <dimen name="x506">243.63dp</dimen>
    <dimen name="x507">244.11dp</dimen>
    <dimen name="x508">244.59dp</dimen>
    <dimen name="x509">245.07dp</dimen>
    <dimen name="x510">245.56dp</dimen>
    <dimen name="x511">246.04dp</dimen>
    <dimen name="x512">246.52dp</dimen>
    <dimen name="x513">247.00dp</dimen>
    <dimen name="x514">247.48dp</dimen>
    <dimen name="x515">247.96dp</dimen>
    <dimen name="x516">248.44dp</dimen>
    <dimen name="x517">248.93dp</dimen>
    <dimen name="x518">249.41dp</dimen>
    <dimen name="x519">249.89dp</dimen>
    <dimen name="x520">250.37dp</dimen>
    <dimen name="x521">250.85dp</dimen>
    <dimen name="x522">251.33dp</dimen>
    <dimen name="x523">251.81dp</dimen>
    <dimen name="x524">252.30dp</dimen>
    <dimen name="x525">252.78dp</dimen>
    <dimen name="x526">253.26dp</dimen>
    <dimen name="x527">253.74dp</dimen>
    <dimen name="x528">254.22dp</dimen>
    <dimen name="x529">254.70dp</dimen>
    <dimen name="x530">255.19dp</dimen>
    <dimen name="x531">255.67dp</dimen>
    <dimen name="x532">256.15dp</dimen>
    <dimen name="x533">256.63dp</dimen>
    <dimen name="x534">257.11dp</dimen>
    <dimen name="x535">257.59dp</dimen>
    <dimen name="x536">258.07dp</dimen>
    <dimen name="x537">258.56dp</dimen>
    <dimen name="x538">259.04dp</dimen>
    <dimen name="x539">259.52dp</dimen>
    <dimen name="x540">260.00dp</dimen>
    <dimen name="x541">260.48dp</dimen>
    <dimen name="x542">260.96dp</dimen>
    <dimen name="x543">261.44dp</dimen>
    <dimen name="x544">261.93dp</dimen>
    <dimen name="x545">262.41dp</dimen>
    <dimen name="x546">262.89dp</dimen>
    <dimen name="x547">263.37dp</dimen>
    <dimen name="x548">263.85dp</dimen>
    <dimen name="x549">264.33dp</dimen>
    <dimen name="x550">264.81dp</dimen>
    <dimen name="x551">265.30dp</dimen>
    <dimen name="x552">265.78dp</dimen>
    <dimen name="x553">266.26dp</dimen>
    <dimen name="x554">266.74dp</dimen>
    <dimen name="x555">267.22dp</dimen>
    <dimen name="x556">267.70dp</dimen>
    <dimen name="x557">268.19dp</dimen>
    <dimen name="x558">268.67dp</dimen>
    <dimen name="x559">269.15dp</dimen>
    <dimen name="x560">269.63dp</dimen>
    <dimen name="x561">270.11dp</dimen>
    <dimen name="x562">270.59dp</dimen>
    <dimen name="x563">271.07dp</dimen>
    <dimen name="x564">271.56dp</dimen>
    <dimen name="x565">272.04dp</dimen>
    <dimen name="x566">272.52dp</dimen>
    <dimen name="x567">273.00dp</dimen>
    <dimen name="x568">273.48dp</dimen>
    <dimen name="x569">273.96dp</dimen>
    <dimen name="x570">274.44dp</dimen>
    <dimen name="x571">274.93dp</dimen>
    <dimen name="x572">275.41dp</dimen>
    <dimen name="x573">275.89dp</dimen>
    <dimen name="x574">276.37dp</dimen>
    <dimen name="x575">276.85dp</dimen>
    <dimen name="x576">277.33dp</dimen>
    <dimen name="x577">277.81dp</dimen>
    <dimen name="x578">278.30dp</dimen>
    <dimen name="x579">278.78dp</dimen>
    <dimen name="x580">279.26dp</dimen>
    <dimen name="x581">279.74dp</dimen>
    <dimen name="x582">280.22dp</dimen>
    <dimen name="x583">280.70dp</dimen>
    <dimen name="x584">281.19dp</dimen>
    <dimen name="x585">281.67dp</dimen>
    <dimen name="x586">282.15dp</dimen>
    <dimen name="x587">282.63dp</dimen>
    <dimen name="x588">283.11dp</dimen>
    <dimen name="x589">283.59dp</dimen>
    <dimen name="x590">284.07dp</dimen>
    <dimen name="x591">284.56dp</dimen>
    <dimen name="x592">285.04dp</dimen>
    <dimen name="x593">285.52dp</dimen>
    <dimen name="x594">286.00dp</dimen>
    <dimen name="x595">286.48dp</dimen>
    <dimen name="x596">286.96dp</dimen>
    <dimen name="x597">287.44dp</dimen>
    <dimen name="x598">287.93dp</dimen>
    <dimen name="x599">288.41dp</dimen>
    <dimen name="x600">288.89dp</dimen>
    <dimen name="x601">289.37dp</dimen>
    <dimen name="x602">289.85dp</dimen>
    <dimen name="x603">290.33dp</dimen>
    <dimen name="x604">290.81dp</dimen>
    <dimen name="x605">291.30dp</dimen>
    <dimen name="x606">291.78dp</dimen>
    <dimen name="x607">292.26dp</dimen>
    <dimen name="x608">292.74dp</dimen>
    <dimen name="x609">293.22dp</dimen>
    <dimen name="x610">293.70dp</dimen>
    <dimen name="x611">294.19dp</dimen>
    <dimen name="x612">294.67dp</dimen>
    <dimen name="x613">295.15dp</dimen>
    <dimen name="x614">295.63dp</dimen>
    <dimen name="x615">296.11dp</dimen>
    <dimen name="x616">296.59dp</dimen>
    <dimen name="x617">297.07dp</dimen>
    <dimen name="x618">297.56dp</dimen>
    <dimen name="x619">298.04dp</dimen>
    <dimen name="x620">298.52dp</dimen>
    <dimen name="x621">299.00dp</dimen>
    <dimen name="x622">299.48dp</dimen>
    <dimen name="x623">299.96dp</dimen>
    <dimen name="x624">300.44dp</dimen>
    <dimen name="x625">300.93dp</dimen>
    <dimen name="x626">301.41dp</dimen>
    <dimen name="x627">301.89dp</dimen>
    <dimen name="x628">302.37dp</dimen>
    <dimen name="x629">302.85dp</dimen>
    <dimen name="x630">303.33dp</dimen>
    <dimen name="x631">303.81dp</dimen>
    <dimen name="x632">304.30dp</dimen>
    <dimen name="x633">304.78dp</dimen>
    <dimen name="x634">305.26dp</dimen>
    <dimen name="x635">305.74dp</dimen>
    <dimen name="x636">306.22dp</dimen>
    <dimen name="x637">306.70dp</dimen>
    <dimen name="x638">307.19dp</dimen>
    <dimen name="x639">307.67dp</dimen>
    <dimen name="x640">308.15dp</dimen>
    <dimen name="x641">308.63dp</dimen>
    <dimen name="x642">309.11dp</dimen>
    <dimen name="x643">309.59dp</dimen>
    <dimen name="x644">310.07dp</dimen>
    <dimen name="x645">310.56dp</dimen>
    <dimen name="x646">311.04dp</dimen>
    <dimen name="x647">311.52dp</dimen>
    <dimen name="x648">312.00dp</dimen>
    <dimen name="x649">312.48dp</dimen>
    <dimen name="x650">312.96dp</dimen>
    <dimen name="x651">313.44dp</dimen>
    <dimen name="x652">313.93dp</dimen>
    <dimen name="x653">314.41dp</dimen>
    <dimen name="x654">314.89dp</dimen>
    <dimen name="x655">315.37dp</dimen>
    <dimen name="x656">315.85dp</dimen>
    <dimen name="x657">316.33dp</dimen>
    <dimen name="x658">316.81dp</dimen>
    <dimen name="x659">317.30dp</dimen>
    <dimen name="x660">317.78dp</dimen>
    <dimen name="x661">318.26dp</dimen>
    <dimen name="x662">318.74dp</dimen>
    <dimen name="x663">319.22dp</dimen>
    <dimen name="x664">319.70dp</dimen>
    <dimen name="x665">320.19dp</dimen>
    <dimen name="x666">320.67dp</dimen>
    <dimen name="x667">321.15dp</dimen>
    <dimen name="x668">321.63dp</dimen>
    <dimen name="x669">322.11dp</dimen>
    <dimen name="x670">322.59dp</dimen>
    <dimen name="x671">323.07dp</dimen>
    <dimen name="x672">323.56dp</dimen>
    <dimen name="x673">324.04dp</dimen>
    <dimen name="x674">324.52dp</dimen>
    <dimen name="x675">325.00dp</dimen>
    <dimen name="x676">325.48dp</dimen>
    <dimen name="x677">325.96dp</dimen>
    <dimen name="x678">326.44dp</dimen>
    <dimen name="x679">326.93dp</dimen>
    <dimen name="x680">327.41dp</dimen>
    <dimen name="x681">327.89dp</dimen>
    <dimen name="x682">328.37dp</dimen>
    <dimen name="x683">328.85dp</dimen>
    <dimen name="x684">329.33dp</dimen>
    <dimen name="x685">329.81dp</dimen>
    <dimen name="x686">330.30dp</dimen>
    <dimen name="x687">330.78dp</dimen>
    <dimen name="x688">331.26dp</dimen>
    <dimen name="x689">331.74dp</dimen>
    <dimen name="x690">332.22dp</dimen>
    <dimen name="x691">332.70dp</dimen>
    <dimen name="x692">333.19dp</dimen>
    <dimen name="x693">333.67dp</dimen>
    <dimen name="x694">334.15dp</dimen>
    <dimen name="x695">334.63dp</dimen>
    <dimen name="x696">335.11dp</dimen>
    <dimen name="x697">335.59dp</dimen>
    <dimen name="x698">336.07dp</dimen>
    <dimen name="x699">336.56dp</dimen>
    <dimen name="x700">337.04dp</dimen>
    <dimen name="x701">337.52dp</dimen>
    <dimen name="x702">338.00dp</dimen>
    <dimen name="x703">338.48dp</dimen>
    <dimen name="x704">338.96dp</dimen>
    <dimen name="x705">339.44dp</dimen>
    <dimen name="x706">339.93dp</dimen>
    <dimen name="x707">340.41dp</dimen>
    <dimen name="x708">340.89dp</dimen>
    <dimen name="x709">341.37dp</dimen>
    <dimen name="x710">341.85dp</dimen>
    <dimen name="x711">342.33dp</dimen>
    <dimen name="x712">342.81dp</dimen>
    <dimen name="x713">343.30dp</dimen>
    <dimen name="x714">343.78dp</dimen>
    <dimen name="x715">344.26dp</dimen>
    <dimen name="x716">344.74dp</dimen>
    <dimen name="x717">345.22dp</dimen>
    <dimen name="x718">345.70dp</dimen>
    <dimen name="x719">346.19dp</dimen>
    <dimen name="x720">346.67dp</dimen>
    <dimen name="x721">347.15dp</dimen>
    <dimen name="x722">347.63dp</dimen>
    <dimen name="x723">348.11dp</dimen>
    <dimen name="x724">348.59dp</dimen>
    <dimen name="x725">349.07dp</dimen>
    <dimen name="x726">349.56dp</dimen>
    <dimen name="x727">350.04dp</dimen>
    <dimen name="x728">350.52dp</dimen>
    <dimen name="x729">351.00dp</dimen>
    <dimen name="x730">351.48dp</dimen>
    <dimen name="x731">351.96dp</dimen>
    <dimen name="x732">352.44dp</dimen>
    <dimen name="x733">352.93dp</dimen>
    <dimen name="x734">353.41dp</dimen>
    <dimen name="x735">353.89dp</dimen>
    <dimen name="x736">354.37dp</dimen>
    <dimen name="x737">354.85dp</dimen>
    <dimen name="x738">355.33dp</dimen>
    <dimen name="x739">355.81dp</dimen>
    <dimen name="x740">356.30dp</dimen>
    <dimen name="x741">356.78dp</dimen>
    <dimen name="x742">357.26dp</dimen>
    <dimen name="x743">357.74dp</dimen>
    <dimen name="x744">358.22dp</dimen>
    <dimen name="x745">358.70dp</dimen>
    <dimen name="x746">359.19dp</dimen>
    <dimen name="x747">359.67dp</dimen>
    <dimen name="x748">360.15dp</dimen>
    <dimen name="x749">360.63dp</dimen>
    <dimen name="x750">361.11dp</dimen>
    <dimen name="x751">361.59dp</dimen>
    <dimen name="x752">362.07dp</dimen>
    <dimen name="x753">362.56dp</dimen>
    <dimen name="x754">363.04dp</dimen>
    <dimen name="x755">363.52dp</dimen>
    <dimen name="x756">364.00dp</dimen>
    <dimen name="x757">364.48dp</dimen>
    <dimen name="x758">364.96dp</dimen>
    <dimen name="x759">365.44dp</dimen>
    <dimen name="x760">365.93dp</dimen>
    <dimen name="x761">366.41dp</dimen>
    <dimen name="x762">366.89dp</dimen>
    <dimen name="x763">367.37dp</dimen>
    <dimen name="x764">367.85dp</dimen>
    <dimen name="x765">368.33dp</dimen>
    <dimen name="x766">368.81dp</dimen>
    <dimen name="x767">369.30dp</dimen>
    <dimen name="x768">369.78dp</dimen>
    <dimen name="x769">370.26dp</dimen>
    <dimen name="x770">370.74dp</dimen>
    <dimen name="x771">371.22dp</dimen>
    <dimen name="x772">371.70dp</dimen>
    <dimen name="x773">372.19dp</dimen>
    <dimen name="x774">372.67dp</dimen>
    <dimen name="x775">373.15dp</dimen>
    <dimen name="x776">373.63dp</dimen>
    <dimen name="x777">374.11dp</dimen>
    <dimen name="x778">374.59dp</dimen>
    <dimen name="x779">375.07dp</dimen>
    <dimen name="x780">375.56dp</dimen>
    <dimen name="x781">376.04dp</dimen>
    <dimen name="x782">376.52dp</dimen>
    <dimen name="x783">377.00dp</dimen>
    <dimen name="x784">377.48dp</dimen>
    <dimen name="x785">377.96dp</dimen>
    <dimen name="x786">378.44dp</dimen>
    <dimen name="x787">378.93dp</dimen>
    <dimen name="x788">379.41dp</dimen>
    <dimen name="x789">379.89dp</dimen>
    <dimen name="x790">380.37dp</dimen>
    <dimen name="x791">380.85dp</dimen>
    <dimen name="x792">381.33dp</dimen>
    <dimen name="x793">381.81dp</dimen>
    <dimen name="x794">382.30dp</dimen>
    <dimen name="x795">382.78dp</dimen>
    <dimen name="x796">383.26dp</dimen>
    <dimen name="x797">383.74dp</dimen>
    <dimen name="x798">384.22dp</dimen>
    <dimen name="x799">384.70dp</dimen>
    <dimen name="x800">385.19dp</dimen>
    <dimen name="x801">385.67dp</dimen>
    <dimen name="x802">386.15dp</dimen>
    <dimen name="x803">386.63dp</dimen>
    <dimen name="x804">387.11dp</dimen>
    <dimen name="x805">387.59dp</dimen>
    <dimen name="x806">388.07dp</dimen>
    <dimen name="x807">388.56dp</dimen>
    <dimen name="x808">389.04dp</dimen>
    <dimen name="x809">389.52dp</dimen>
    <dimen name="x810">390.00dp</dimen>
    <dimen name="x811">390.48dp</dimen>
    <dimen name="x812">390.96dp</dimen>
    <dimen name="x813">391.44dp</dimen>
    <dimen name="x814">391.93dp</dimen>
    <dimen name="x815">392.41dp</dimen>
    <dimen name="x816">392.89dp</dimen>
    <dimen name="x817">393.37dp</dimen>
    <dimen name="x818">393.85dp</dimen>
    <dimen name="x819">394.33dp</dimen>
    <dimen name="x820">394.81dp</dimen>
    <dimen name="x821">395.30dp</dimen>
    <dimen name="x822">395.78dp</dimen>
    <dimen name="x823">396.26dp</dimen>
    <dimen name="x824">396.74dp</dimen>
    <dimen name="x825">397.22dp</dimen>
    <dimen name="x826">397.70dp</dimen>
    <dimen name="x827">398.19dp</dimen>
    <dimen name="x828">398.67dp</dimen>
    <dimen name="x829">399.15dp</dimen>
    <dimen name="x830">399.63dp</dimen>
    <dimen name="x831">400.11dp</dimen>
    <dimen name="x832">400.59dp</dimen>
    <dimen name="x833">401.07dp</dimen>
    <dimen name="x834">401.56dp</dimen>
    <dimen name="x835">402.04dp</dimen>
    <dimen name="x836">402.52dp</dimen>
    <dimen name="x837">403.00dp</dimen>
    <dimen name="x838">403.48dp</dimen>
    <dimen name="x839">403.96dp</dimen>
    <dimen name="x840">404.44dp</dimen>
    <dimen name="x841">404.93dp</dimen>
    <dimen name="x842">405.41dp</dimen>
    <dimen name="x843">405.89dp</dimen>
    <dimen name="x844">406.37dp</dimen>
    <dimen name="x845">406.85dp</dimen>
    <dimen name="x846">407.33dp</dimen>
    <dimen name="x847">407.81dp</dimen>
    <dimen name="x848">408.30dp</dimen>
    <dimen name="x849">408.78dp</dimen>
    <dimen name="x850">409.26dp</dimen>
    <dimen name="x851">409.74dp</dimen>
    <dimen name="x852">410.22dp</dimen>
    <dimen name="x853">410.70dp</dimen>
    <dimen name="x854">411.19dp</dimen>
    <dimen name="x855">411.67dp</dimen>
    <dimen name="x856">412.15dp</dimen>
    <dimen name="x857">412.63dp</dimen>
    <dimen name="x858">413.11dp</dimen>
    <dimen name="x859">413.59dp</dimen>
    <dimen name="x860">414.07dp</dimen>
    <dimen name="x861">414.56dp</dimen>
    <dimen name="x862">415.04dp</dimen>
    <dimen name="x863">415.52dp</dimen>
    <dimen name="x864">416.00dp</dimen>
    <dimen name="x865">416.48dp</dimen>
    <dimen name="x866">416.96dp</dimen>
    <dimen name="x867">417.44dp</dimen>
    <dimen name="x868">417.93dp</dimen>
    <dimen name="x869">418.41dp</dimen>
    <dimen name="x870">418.89dp</dimen>
    <dimen name="x871">419.37dp</dimen>
    <dimen name="x872">419.85dp</dimen>
    <dimen name="x873">420.33dp</dimen>
    <dimen name="x874">420.81dp</dimen>
    <dimen name="x875">421.30dp</dimen>
    <dimen name="x876">421.78dp</dimen>
    <dimen name="x877">422.26dp</dimen>
    <dimen name="x878">422.74dp</dimen>
    <dimen name="x879">423.22dp</dimen>
    <dimen name="x880">423.70dp</dimen>
    <dimen name="x881">424.19dp</dimen>
    <dimen name="x882">424.67dp</dimen>
    <dimen name="x883">425.15dp</dimen>
    <dimen name="x884">425.63dp</dimen>
    <dimen name="x885">426.11dp</dimen>
    <dimen name="x886">426.59dp</dimen>
    <dimen name="x887">427.07dp</dimen>
    <dimen name="x888">427.56dp</dimen>
    <dimen name="x889">428.04dp</dimen>
    <dimen name="x890">428.52dp</dimen>
    <dimen name="x891">429.00dp</dimen>
    <dimen name="x892">429.48dp</dimen>
    <dimen name="x893">429.96dp</dimen>
    <dimen name="x894">430.44dp</dimen>
    <dimen name="x895">430.93dp</dimen>
    <dimen name="x896">431.41dp</dimen>
    <dimen name="x897">431.89dp</dimen>
    <dimen name="x898">432.37dp</dimen>
    <dimen name="x899">432.85dp</dimen>
    <dimen name="x900">433.33dp</dimen>
    <dimen name="x901">433.81dp</dimen>
    <dimen name="x902">434.30dp</dimen>
    <dimen name="x903">434.78dp</dimen>
    <dimen name="x904">435.26dp</dimen>
    <dimen name="x905">435.74dp</dimen>
    <dimen name="x906">436.22dp</dimen>
    <dimen name="x907">436.70dp</dimen>
    <dimen name="x908">437.19dp</dimen>
    <dimen name="x909">437.67dp</dimen>
    <dimen name="x910">438.15dp</dimen>
    <dimen name="x911">438.63dp</dimen>
    <dimen name="x912">439.11dp</dimen>
    <dimen name="x913">439.59dp</dimen>
    <dimen name="x914">440.07dp</dimen>
    <dimen name="x915">440.56dp</dimen>
    <dimen name="x916">441.04dp</dimen>
    <dimen name="x917">441.52dp</dimen>
    <dimen name="x918">442.00dp</dimen>
    <dimen name="x919">442.48dp</dimen>
    <dimen name="x920">442.96dp</dimen>
    <dimen name="x921">443.44dp</dimen>
    <dimen name="x922">443.93dp</dimen>
    <dimen name="x923">444.41dp</dimen>
    <dimen name="x924">444.89dp</dimen>
    <dimen name="x925">445.37dp</dimen>
    <dimen name="x926">445.85dp</dimen>
    <dimen name="x927">446.33dp</dimen>
    <dimen name="x928">446.81dp</dimen>
    <dimen name="x929">447.30dp</dimen>
    <dimen name="x930">447.78dp</dimen>
    <dimen name="x931">448.26dp</dimen>
    <dimen name="x932">448.74dp</dimen>
    <dimen name="x933">449.22dp</dimen>
    <dimen name="x934">449.70dp</dimen>
    <dimen name="x935">450.19dp</dimen>
    <dimen name="x936">450.67dp</dimen>
    <dimen name="x937">451.15dp</dimen>
    <dimen name="x938">451.63dp</dimen>
    <dimen name="x939">452.11dp</dimen>
    <dimen name="x940">452.59dp</dimen>
    <dimen name="x941">453.07dp</dimen>
    <dimen name="x942">453.56dp</dimen>
    <dimen name="x943">454.04dp</dimen>
    <dimen name="x944">454.52dp</dimen>
    <dimen name="x945">455.00dp</dimen>
    <dimen name="x946">455.48dp</dimen>
    <dimen name="x947">455.96dp</dimen>
    <dimen name="x948">456.44dp</dimen>
    <dimen name="x949">456.93dp</dimen>
    <dimen name="x950">457.41dp</dimen>
    <dimen name="x951">457.89dp</dimen>
    <dimen name="x952">458.37dp</dimen>
    <dimen name="x953">458.85dp</dimen>
    <dimen name="x954">459.33dp</dimen>
    <dimen name="x955">459.81dp</dimen>
    <dimen name="x956">460.30dp</dimen>
    <dimen name="x957">460.78dp</dimen>
    <dimen name="x958">461.26dp</dimen>
    <dimen name="x959">461.74dp</dimen>
    <dimen name="x960">462.22dp</dimen>
    <dimen name="x961">462.70dp</dimen>
    <dimen name="x962">463.19dp</dimen>
    <dimen name="x963">463.67dp</dimen>
    <dimen name="x964">464.15dp</dimen>
    <dimen name="x965">464.63dp</dimen>
    <dimen name="x966">465.11dp</dimen>
    <dimen name="x967">465.59dp</dimen>
    <dimen name="x968">466.07dp</dimen>
    <dimen name="x969">466.56dp</dimen>
    <dimen name="x970">467.04dp</dimen>
    <dimen name="x971">467.52dp</dimen>
    <dimen name="x972">468.00dp</dimen>
    <dimen name="x973">468.48dp</dimen>
    <dimen name="x974">468.96dp</dimen>
    <dimen name="x975">469.44dp</dimen>
    <dimen name="x976">469.93dp</dimen>
    <dimen name="x977">470.41dp</dimen>
    <dimen name="x978">470.89dp</dimen>
    <dimen name="x979">471.37dp</dimen>
    <dimen name="x980">471.85dp</dimen>
    <dimen name="x981">472.33dp</dimen>
    <dimen name="x982">472.81dp</dimen>
    <dimen name="x983">473.30dp</dimen>
    <dimen name="x984">473.78dp</dimen>
    <dimen name="x985">474.26dp</dimen>
    <dimen name="x986">474.74dp</dimen>
    <dimen name="x987">475.22dp</dimen>
    <dimen name="x988">475.70dp</dimen>
    <dimen name="x989">476.19dp</dimen>
    <dimen name="x990">476.67dp</dimen>
    <dimen name="x991">477.15dp</dimen>
    <dimen name="x992">477.63dp</dimen>
    <dimen name="x993">478.11dp</dimen>
    <dimen name="x994">478.59dp</dimen>
    <dimen name="x995">479.07dp</dimen>
    <dimen name="x996">479.56dp</dimen>
    <dimen name="x997">480.04dp</dimen>
    <dimen name="x998">480.52dp</dimen>
    <dimen name="x999">481.00dp</dimen>
    <dimen name="x1000">481.48dp</dimen>
    <dimen name="x1001">481.96dp</dimen>
    <dimen name="x1002">482.44dp</dimen>
    <dimen name="x1003">482.93dp</dimen>
    <dimen name="x1004">483.41dp</dimen>
    <dimen name="x1005">483.89dp</dimen>
    <dimen name="x1006">484.37dp</dimen>
    <dimen name="x1007">484.85dp</dimen>
    <dimen name="x1008">485.33dp</dimen>
    <dimen name="x1009">485.81dp</dimen>
    <dimen name="x1010">486.30dp</dimen>
    <dimen name="x1011">486.78dp</dimen>
    <dimen name="x1012">487.26dp</dimen>
    <dimen name="x1013">487.74dp</dimen>
    <dimen name="x1014">488.22dp</dimen>
    <dimen name="x1015">488.70dp</dimen>
    <dimen name="x1016">489.19dp</dimen>
    <dimen name="x1017">489.67dp</dimen>
    <dimen name="x1018">490.15dp</dimen>
    <dimen name="x1019">490.63dp</dimen>
    <dimen name="x1020">491.11dp</dimen>
    <dimen name="x1021">491.59dp</dimen>
    <dimen name="x1022">492.07dp</dimen>
    <dimen name="x1023">492.56dp</dimen>
    <dimen name="x1024">493.04dp</dimen>
    <dimen name="x1025">493.52dp</dimen>
    <dimen name="x1026">494.00dp</dimen>
    <dimen name="x1027">494.48dp</dimen>
    <dimen name="x1028">494.96dp</dimen>
    <dimen name="x1029">495.44dp</dimen>
    <dimen name="x1030">495.93dp</dimen>
    <dimen name="x1031">496.41dp</dimen>
    <dimen name="x1032">496.89dp</dimen>
    <dimen name="x1033">497.37dp</dimen>
    <dimen name="x1034">497.85dp</dimen>
    <dimen name="x1035">498.33dp</dimen>
    <dimen name="x1036">498.81dp</dimen>
    <dimen name="x1037">499.30dp</dimen>
    <dimen name="x1038">499.78dp</dimen>
    <dimen name="x1039">500.26dp</dimen>
    <dimen name="x1040">500.74dp</dimen>
    <dimen name="x1041">501.22dp</dimen>
    <dimen name="x1042">501.70dp</dimen>
    <dimen name="x1043">502.19dp</dimen>
    <dimen name="x1044">502.67dp</dimen>
    <dimen name="x1045">503.15dp</dimen>
    <dimen name="x1046">503.63dp</dimen>
    <dimen name="x1047">504.11dp</dimen>
    <dimen name="x1048">504.59dp</dimen>
    <dimen name="x1049">505.07dp</dimen>
    <dimen name="x1050">505.56dp</dimen>
    <dimen name="x1051">506.04dp</dimen>
    <dimen name="x1052">506.52dp</dimen>
    <dimen name="x1053">507.00dp</dimen>
    <dimen name="x1054">507.48dp</dimen>
    <dimen name="x1055">507.96dp</dimen>
    <dimen name="x1056">508.44dp</dimen>
    <dimen name="x1057">508.93dp</dimen>
    <dimen name="x1058">509.41dp</dimen>
    <dimen name="x1059">509.89dp</dimen>
    <dimen name="x1060">510.37dp</dimen>
    <dimen name="x1061">510.85dp</dimen>
    <dimen name="x1062">511.33dp</dimen>
    <dimen name="x1063">511.81dp</dimen>
    <dimen name="x1064">512.30dp</dimen>
    <dimen name="x1065">512.78dp</dimen>
    <dimen name="x1066">513.26dp</dimen>
    <dimen name="x1067">513.74dp</dimen>
    <dimen name="x1068">514.22dp</dimen>
    <dimen name="x1069">514.70dp</dimen>
    <dimen name="x1070">515.19dp</dimen>
    <dimen name="x1071">515.67dp</dimen>
    <dimen name="x1072">516.15dp</dimen>
    <dimen name="x1073">516.63dp</dimen>
    <dimen name="x1074">517.11dp</dimen>
    <dimen name="x1075">517.59dp</dimen>
    <dimen name="x1076">518.07dp</dimen>
    <dimen name="x1077">518.56dp</dimen>
    <dimen name="x1078">519.04dp</dimen>
    <dimen name="x1079">519.52dp</dimen>
    <dimen name="x1080">520.00dp</dimen>
</resources>