<?xml version="1.0" encoding="utf-8"?>
<resources>
    <string name="sw_dp">1160dp</string>
    <dimen name="x1">1.07dp</dimen>
    <dimen name="x2">2.15dp</dimen>
    <dimen name="x3">3.22dp</dimen>
    <dimen name="x4">4.30dp</dimen>
    <dimen name="x5">5.37dp</dimen>
    <dimen name="x6">6.44dp</dimen>
    <dimen name="x7">7.52dp</dimen>
    <dimen name="x8">8.59dp</dimen>
    <dimen name="x9">9.67dp</dimen>
    <dimen name="x10">10.74dp</dimen>
    <dimen name="x11">11.81dp</dimen>
    <dimen name="x12">12.89dp</dimen>
    <dimen name="x13">13.96dp</dimen>
    <dimen name="x14">15.04dp</dimen>
    <dimen name="x15">16.11dp</dimen>
    <dimen name="x16">17.19dp</dimen>
    <dimen name="x17">18.26dp</dimen>
    <dimen name="x18">19.33dp</dimen>
    <dimen name="x19">20.41dp</dimen>
    <dimen name="x20">21.48dp</dimen>
    <dimen name="x21">22.56dp</dimen>
    <dimen name="x22">23.63dp</dimen>
    <dimen name="x23">24.70dp</dimen>
    <dimen name="x24">25.78dp</dimen>
    <dimen name="x25">26.85dp</dimen>
    <dimen name="x26">27.93dp</dimen>
    <dimen name="x27">29.00dp</dimen>
    <dimen name="x28">30.07dp</dimen>
    <dimen name="x29">31.15dp</dimen>
    <dimen name="x30">32.22dp</dimen>
    <dimen name="x31">33.30dp</dimen>
    <dimen name="x32">34.37dp</dimen>
    <dimen name="x33">35.44dp</dimen>
    <dimen name="x34">36.52dp</dimen>
    <dimen name="x35">37.59dp</dimen>
    <dimen name="x36">38.67dp</dimen>
    <dimen name="x37">39.74dp</dimen>
    <dimen name="x38">40.81dp</dimen>
    <dimen name="x39">41.89dp</dimen>
    <dimen name="x40">42.96dp</dimen>
    <dimen name="x41">44.04dp</dimen>
    <dimen name="x42">45.11dp</dimen>
    <dimen name="x43">46.19dp</dimen>
    <dimen name="x44">47.26dp</dimen>
    <dimen name="x45">48.33dp</dimen>
    <dimen name="x46">49.41dp</dimen>
    <dimen name="x47">50.48dp</dimen>
    <dimen name="x48">51.56dp</dimen>
    <dimen name="x49">52.63dp</dimen>
    <dimen name="x50">53.70dp</dimen>
    <dimen name="x51">54.78dp</dimen>
    <dimen name="x52">55.85dp</dimen>
    <dimen name="x53">56.93dp</dimen>
    <dimen name="x54">58.00dp</dimen>
    <dimen name="x55">59.07dp</dimen>
    <dimen name="x56">60.15dp</dimen>
    <dimen name="x57">61.22dp</dimen>
    <dimen name="x58">62.30dp</dimen>
    <dimen name="x59">63.37dp</dimen>
    <dimen name="x60">64.44dp</dimen>
    <dimen name="x61">65.52dp</dimen>
    <dimen name="x62">66.59dp</dimen>
    <dimen name="x63">67.67dp</dimen>
    <dimen name="x64">68.74dp</dimen>
    <dimen name="x65">69.81dp</dimen>
    <dimen name="x66">70.89dp</dimen>
    <dimen name="x67">71.96dp</dimen>
    <dimen name="x68">73.04dp</dimen>
    <dimen name="x69">74.11dp</dimen>
    <dimen name="x70">75.19dp</dimen>
    <dimen name="x71">76.26dp</dimen>
    <dimen name="x72">77.33dp</dimen>
    <dimen name="x73">78.41dp</dimen>
    <dimen name="x74">79.48dp</dimen>
    <dimen name="x75">80.56dp</dimen>
    <dimen name="x76">81.63dp</dimen>
    <dimen name="x77">82.70dp</dimen>
    <dimen name="x78">83.78dp</dimen>
    <dimen name="x79">84.85dp</dimen>
    <dimen name="x80">85.93dp</dimen>
    <dimen name="x81">87.00dp</dimen>
    <dimen name="x82">88.07dp</dimen>
    <dimen name="x83">89.15dp</dimen>
    <dimen name="x84">90.22dp</dimen>
    <dimen name="x85">91.30dp</dimen>
    <dimen name="x86">92.37dp</dimen>
    <dimen name="x87">93.44dp</dimen>
    <dimen name="x88">94.52dp</dimen>
    <dimen name="x89">95.59dp</dimen>
    <dimen name="x90">96.67dp</dimen>
    <dimen name="x91">97.74dp</dimen>
    <dimen name="x92">98.81dp</dimen>
    <dimen name="x93">99.89dp</dimen>
    <dimen name="x94">100.96dp</dimen>
    <dimen name="x95">102.04dp</dimen>
    <dimen name="x96">103.11dp</dimen>
    <dimen name="x97">104.19dp</dimen>
    <dimen name="x98">105.26dp</dimen>
    <dimen name="x99">106.33dp</dimen>
    <dimen name="x100">107.41dp</dimen>
    <dimen name="x101">108.48dp</dimen>
    <dimen name="x102">109.56dp</dimen>
    <dimen name="x103">110.63dp</dimen>
    <dimen name="x104">111.70dp</dimen>
    <dimen name="x105">112.78dp</dimen>
    <dimen name="x106">113.85dp</dimen>
    <dimen name="x107">114.93dp</dimen>
    <dimen name="x108">116.00dp</dimen>
    <dimen name="x109">117.07dp</dimen>
    <dimen name="x110">118.15dp</dimen>
    <dimen name="x111">119.22dp</dimen>
    <dimen name="x112">120.30dp</dimen>
    <dimen name="x113">121.37dp</dimen>
    <dimen name="x114">122.44dp</dimen>
    <dimen name="x115">123.52dp</dimen>
    <dimen name="x116">124.59dp</dimen>
    <dimen name="x117">125.67dp</dimen>
    <dimen name="x118">126.74dp</dimen>
    <dimen name="x119">127.81dp</dimen>
    <dimen name="x120">128.89dp</dimen>
    <dimen name="x121">129.96dp</dimen>
    <dimen name="x122">131.04dp</dimen>
    <dimen name="x123">132.11dp</dimen>
    <dimen name="x124">133.19dp</dimen>
    <dimen name="x125">134.26dp</dimen>
    <dimen name="x126">135.33dp</dimen>
    <dimen name="x127">136.41dp</dimen>
    <dimen name="x128">137.48dp</dimen>
    <dimen name="x129">138.56dp</dimen>
    <dimen name="x130">139.63dp</dimen>
    <dimen name="x131">140.70dp</dimen>
    <dimen name="x132">141.78dp</dimen>
    <dimen name="x133">142.85dp</dimen>
    <dimen name="x134">143.93dp</dimen>
    <dimen name="x135">145.00dp</dimen>
    <dimen name="x136">146.07dp</dimen>
    <dimen name="x137">147.15dp</dimen>
    <dimen name="x138">148.22dp</dimen>
    <dimen name="x139">149.30dp</dimen>
    <dimen name="x140">150.37dp</dimen>
    <dimen name="x141">151.44dp</dimen>
    <dimen name="x142">152.52dp</dimen>
    <dimen name="x143">153.59dp</dimen>
    <dimen name="x144">154.67dp</dimen>
    <dimen name="x145">155.74dp</dimen>
    <dimen name="x146">156.81dp</dimen>
    <dimen name="x147">157.89dp</dimen>
    <dimen name="x148">158.96dp</dimen>
    <dimen name="x149">160.04dp</dimen>
    <dimen name="x150">161.11dp</dimen>
    <dimen name="x151">162.19dp</dimen>
    <dimen name="x152">163.26dp</dimen>
    <dimen name="x153">164.33dp</dimen>
    <dimen name="x154">165.41dp</dimen>
    <dimen name="x155">166.48dp</dimen>
    <dimen name="x156">167.56dp</dimen>
    <dimen name="x157">168.63dp</dimen>
    <dimen name="x158">169.70dp</dimen>
    <dimen name="x159">170.78dp</dimen>
    <dimen name="x160">171.85dp</dimen>
    <dimen name="x161">172.93dp</dimen>
    <dimen name="x162">174.00dp</dimen>
    <dimen name="x163">175.07dp</dimen>
    <dimen name="x164">176.15dp</dimen>
    <dimen name="x165">177.22dp</dimen>
    <dimen name="x166">178.30dp</dimen>
    <dimen name="x167">179.37dp</dimen>
    <dimen name="x168">180.44dp</dimen>
    <dimen name="x169">181.52dp</dimen>
    <dimen name="x170">182.59dp</dimen>
    <dimen name="x171">183.67dp</dimen>
    <dimen name="x172">184.74dp</dimen>
    <dimen name="x173">185.81dp</dimen>
    <dimen name="x174">186.89dp</dimen>
    <dimen name="x175">187.96dp</dimen>
    <dimen name="x176">189.04dp</dimen>
    <dimen name="x177">190.11dp</dimen>
    <dimen name="x178">191.19dp</dimen>
    <dimen name="x179">192.26dp</dimen>
    <dimen name="x180">193.33dp</dimen>
    <dimen name="x181">194.41dp</dimen>
    <dimen name="x182">195.48dp</dimen>
    <dimen name="x183">196.56dp</dimen>
    <dimen name="x184">197.63dp</dimen>
    <dimen name="x185">198.70dp</dimen>
    <dimen name="x186">199.78dp</dimen>
    <dimen name="x187">200.85dp</dimen>
    <dimen name="x188">201.93dp</dimen>
    <dimen name="x189">203.00dp</dimen>
    <dimen name="x190">204.07dp</dimen>
    <dimen name="x191">205.15dp</dimen>
    <dimen name="x192">206.22dp</dimen>
    <dimen name="x193">207.30dp</dimen>
    <dimen name="x194">208.37dp</dimen>
    <dimen name="x195">209.44dp</dimen>
    <dimen name="x196">210.52dp</dimen>
    <dimen name="x197">211.59dp</dimen>
    <dimen name="x198">212.67dp</dimen>
    <dimen name="x199">213.74dp</dimen>
    <dimen name="x200">214.81dp</dimen>
    <dimen name="x201">215.89dp</dimen>
    <dimen name="x202">216.96dp</dimen>
    <dimen name="x203">218.04dp</dimen>
    <dimen name="x204">219.11dp</dimen>
    <dimen name="x205">220.19dp</dimen>
    <dimen name="x206">221.26dp</dimen>
    <dimen name="x207">222.33dp</dimen>
    <dimen name="x208">223.41dp</dimen>
    <dimen name="x209">224.48dp</dimen>
    <dimen name="x210">225.56dp</dimen>
    <dimen name="x211">226.63dp</dimen>
    <dimen name="x212">227.70dp</dimen>
    <dimen name="x213">228.78dp</dimen>
    <dimen name="x214">229.85dp</dimen>
    <dimen name="x215">230.93dp</dimen>
    <dimen name="x216">232.00dp</dimen>
    <dimen name="x217">233.07dp</dimen>
    <dimen name="x218">234.15dp</dimen>
    <dimen name="x219">235.22dp</dimen>
    <dimen name="x220">236.30dp</dimen>
    <dimen name="x221">237.37dp</dimen>
    <dimen name="x222">238.44dp</dimen>
    <dimen name="x223">239.52dp</dimen>
    <dimen name="x224">240.59dp</dimen>
    <dimen name="x225">241.67dp</dimen>
    <dimen name="x226">242.74dp</dimen>
    <dimen name="x227">243.81dp</dimen>
    <dimen name="x228">244.89dp</dimen>
    <dimen name="x229">245.96dp</dimen>
    <dimen name="x230">247.04dp</dimen>
    <dimen name="x231">248.11dp</dimen>
    <dimen name="x232">249.19dp</dimen>
    <dimen name="x233">250.26dp</dimen>
    <dimen name="x234">251.33dp</dimen>
    <dimen name="x235">252.41dp</dimen>
    <dimen name="x236">253.48dp</dimen>
    <dimen name="x237">254.56dp</dimen>
    <dimen name="x238">255.63dp</dimen>
    <dimen name="x239">256.70dp</dimen>
    <dimen name="x240">257.78dp</dimen>
    <dimen name="x241">258.85dp</dimen>
    <dimen name="x242">259.93dp</dimen>
    <dimen name="x243">261.00dp</dimen>
    <dimen name="x244">262.07dp</dimen>
    <dimen name="x245">263.15dp</dimen>
    <dimen name="x246">264.22dp</dimen>
    <dimen name="x247">265.30dp</dimen>
    <dimen name="x248">266.37dp</dimen>
    <dimen name="x249">267.44dp</dimen>
    <dimen name="x250">268.52dp</dimen>
    <dimen name="x251">269.59dp</dimen>
    <dimen name="x252">270.67dp</dimen>
    <dimen name="x253">271.74dp</dimen>
    <dimen name="x254">272.81dp</dimen>
    <dimen name="x255">273.89dp</dimen>
    <dimen name="x256">274.96dp</dimen>
    <dimen name="x257">276.04dp</dimen>
    <dimen name="x258">277.11dp</dimen>
    <dimen name="x259">278.19dp</dimen>
    <dimen name="x260">279.26dp</dimen>
    <dimen name="x261">280.33dp</dimen>
    <dimen name="x262">281.41dp</dimen>
    <dimen name="x263">282.48dp</dimen>
    <dimen name="x264">283.56dp</dimen>
    <dimen name="x265">284.63dp</dimen>
    <dimen name="x266">285.70dp</dimen>
    <dimen name="x267">286.78dp</dimen>
    <dimen name="x268">287.85dp</dimen>
    <dimen name="x269">288.93dp</dimen>
    <dimen name="x270">290.00dp</dimen>
    <dimen name="x271">291.07dp</dimen>
    <dimen name="x272">292.15dp</dimen>
    <dimen name="x273">293.22dp</dimen>
    <dimen name="x274">294.30dp</dimen>
    <dimen name="x275">295.37dp</dimen>
    <dimen name="x276">296.44dp</dimen>
    <dimen name="x277">297.52dp</dimen>
    <dimen name="x278">298.59dp</dimen>
    <dimen name="x279">299.67dp</dimen>
    <dimen name="x280">300.74dp</dimen>
    <dimen name="x281">301.81dp</dimen>
    <dimen name="x282">302.89dp</dimen>
    <dimen name="x283">303.96dp</dimen>
    <dimen name="x284">305.04dp</dimen>
    <dimen name="x285">306.11dp</dimen>
    <dimen name="x286">307.19dp</dimen>
    <dimen name="x287">308.26dp</dimen>
    <dimen name="x288">309.33dp</dimen>
    <dimen name="x289">310.41dp</dimen>
    <dimen name="x290">311.48dp</dimen>
    <dimen name="x291">312.56dp</dimen>
    <dimen name="x292">313.63dp</dimen>
    <dimen name="x293">314.70dp</dimen>
    <dimen name="x294">315.78dp</dimen>
    <dimen name="x295">316.85dp</dimen>
    <dimen name="x296">317.93dp</dimen>
    <dimen name="x297">319.00dp</dimen>
    <dimen name="x298">320.07dp</dimen>
    <dimen name="x299">321.15dp</dimen>
    <dimen name="x300">322.22dp</dimen>
    <dimen name="x301">323.30dp</dimen>
    <dimen name="x302">324.37dp</dimen>
    <dimen name="x303">325.44dp</dimen>
    <dimen name="x304">326.52dp</dimen>
    <dimen name="x305">327.59dp</dimen>
    <dimen name="x306">328.67dp</dimen>
    <dimen name="x307">329.74dp</dimen>
    <dimen name="x308">330.81dp</dimen>
    <dimen name="x309">331.89dp</dimen>
    <dimen name="x310">332.96dp</dimen>
    <dimen name="x311">334.04dp</dimen>
    <dimen name="x312">335.11dp</dimen>
    <dimen name="x313">336.19dp</dimen>
    <dimen name="x314">337.26dp</dimen>
    <dimen name="x315">338.33dp</dimen>
    <dimen name="x316">339.41dp</dimen>
    <dimen name="x317">340.48dp</dimen>
    <dimen name="x318">341.56dp</dimen>
    <dimen name="x319">342.63dp</dimen>
    <dimen name="x320">343.70dp</dimen>
    <dimen name="x321">344.78dp</dimen>
    <dimen name="x322">345.85dp</dimen>
    <dimen name="x323">346.93dp</dimen>
    <dimen name="x324">348.00dp</dimen>
    <dimen name="x325">349.07dp</dimen>
    <dimen name="x326">350.15dp</dimen>
    <dimen name="x327">351.22dp</dimen>
    <dimen name="x328">352.30dp</dimen>
    <dimen name="x329">353.37dp</dimen>
    <dimen name="x330">354.44dp</dimen>
    <dimen name="x331">355.52dp</dimen>
    <dimen name="x332">356.59dp</dimen>
    <dimen name="x333">357.67dp</dimen>
    <dimen name="x334">358.74dp</dimen>
    <dimen name="x335">359.81dp</dimen>
    <dimen name="x336">360.89dp</dimen>
    <dimen name="x337">361.96dp</dimen>
    <dimen name="x338">363.04dp</dimen>
    <dimen name="x339">364.11dp</dimen>
    <dimen name="x340">365.19dp</dimen>
    <dimen name="x341">366.26dp</dimen>
    <dimen name="x342">367.33dp</dimen>
    <dimen name="x343">368.41dp</dimen>
    <dimen name="x344">369.48dp</dimen>
    <dimen name="x345">370.56dp</dimen>
    <dimen name="x346">371.63dp</dimen>
    <dimen name="x347">372.70dp</dimen>
    <dimen name="x348">373.78dp</dimen>
    <dimen name="x349">374.85dp</dimen>
    <dimen name="x350">375.93dp</dimen>
    <dimen name="x351">377.00dp</dimen>
    <dimen name="x352">378.07dp</dimen>
    <dimen name="x353">379.15dp</dimen>
    <dimen name="x354">380.22dp</dimen>
    <dimen name="x355">381.30dp</dimen>
    <dimen name="x356">382.37dp</dimen>
    <dimen name="x357">383.44dp</dimen>
    <dimen name="x358">384.52dp</dimen>
    <dimen name="x359">385.59dp</dimen>
    <dimen name="x360">386.67dp</dimen>
    <dimen name="x361">387.74dp</dimen>
    <dimen name="x362">388.81dp</dimen>
    <dimen name="x363">389.89dp</dimen>
    <dimen name="x364">390.96dp</dimen>
    <dimen name="x365">392.04dp</dimen>
    <dimen name="x366">393.11dp</dimen>
    <dimen name="x367">394.19dp</dimen>
    <dimen name="x368">395.26dp</dimen>
    <dimen name="x369">396.33dp</dimen>
    <dimen name="x370">397.41dp</dimen>
    <dimen name="x371">398.48dp</dimen>
    <dimen name="x372">399.56dp</dimen>
    <dimen name="x373">400.63dp</dimen>
    <dimen name="x374">401.70dp</dimen>
    <dimen name="x375">402.78dp</dimen>
    <dimen name="x376">403.85dp</dimen>
    <dimen name="x377">404.93dp</dimen>
    <dimen name="x378">406.00dp</dimen>
    <dimen name="x379">407.07dp</dimen>
    <dimen name="x380">408.15dp</dimen>
    <dimen name="x381">409.22dp</dimen>
    <dimen name="x382">410.30dp</dimen>
    <dimen name="x383">411.37dp</dimen>
    <dimen name="x384">412.44dp</dimen>
    <dimen name="x385">413.52dp</dimen>
    <dimen name="x386">414.59dp</dimen>
    <dimen name="x387">415.67dp</dimen>
    <dimen name="x388">416.74dp</dimen>
    <dimen name="x389">417.81dp</dimen>
    <dimen name="x390">418.89dp</dimen>
    <dimen name="x391">419.96dp</dimen>
    <dimen name="x392">421.04dp</dimen>
    <dimen name="x393">422.11dp</dimen>
    <dimen name="x394">423.19dp</dimen>
    <dimen name="x395">424.26dp</dimen>
    <dimen name="x396">425.33dp</dimen>
    <dimen name="x397">426.41dp</dimen>
    <dimen name="x398">427.48dp</dimen>
    <dimen name="x399">428.56dp</dimen>
    <dimen name="x400">429.63dp</dimen>
    <dimen name="x401">430.70dp</dimen>
    <dimen name="x402">431.78dp</dimen>
    <dimen name="x403">432.85dp</dimen>
    <dimen name="x404">433.93dp</dimen>
    <dimen name="x405">435.00dp</dimen>
    <dimen name="x406">436.07dp</dimen>
    <dimen name="x407">437.15dp</dimen>
    <dimen name="x408">438.22dp</dimen>
    <dimen name="x409">439.30dp</dimen>
    <dimen name="x410">440.37dp</dimen>
    <dimen name="x411">441.44dp</dimen>
    <dimen name="x412">442.52dp</dimen>
    <dimen name="x413">443.59dp</dimen>
    <dimen name="x414">444.67dp</dimen>
    <dimen name="x415">445.74dp</dimen>
    <dimen name="x416">446.81dp</dimen>
    <dimen name="x417">447.89dp</dimen>
    <dimen name="x418">448.96dp</dimen>
    <dimen name="x419">450.04dp</dimen>
    <dimen name="x420">451.11dp</dimen>
    <dimen name="x421">452.19dp</dimen>
    <dimen name="x422">453.26dp</dimen>
    <dimen name="x423">454.33dp</dimen>
    <dimen name="x424">455.41dp</dimen>
    <dimen name="x425">456.48dp</dimen>
    <dimen name="x426">457.56dp</dimen>
    <dimen name="x427">458.63dp</dimen>
    <dimen name="x428">459.70dp</dimen>
    <dimen name="x429">460.78dp</dimen>
    <dimen name="x430">461.85dp</dimen>
    <dimen name="x431">462.93dp</dimen>
    <dimen name="x432">464.00dp</dimen>
    <dimen name="x433">465.07dp</dimen>
    <dimen name="x434">466.15dp</dimen>
    <dimen name="x435">467.22dp</dimen>
    <dimen name="x436">468.30dp</dimen>
    <dimen name="x437">469.37dp</dimen>
    <dimen name="x438">470.44dp</dimen>
    <dimen name="x439">471.52dp</dimen>
    <dimen name="x440">472.59dp</dimen>
    <dimen name="x441">473.67dp</dimen>
    <dimen name="x442">474.74dp</dimen>
    <dimen name="x443">475.81dp</dimen>
    <dimen name="x444">476.89dp</dimen>
    <dimen name="x445">477.96dp</dimen>
    <dimen name="x446">479.04dp</dimen>
    <dimen name="x447">480.11dp</dimen>
    <dimen name="x448">481.19dp</dimen>
    <dimen name="x449">482.26dp</dimen>
    <dimen name="x450">483.33dp</dimen>
    <dimen name="x451">484.41dp</dimen>
    <dimen name="x452">485.48dp</dimen>
    <dimen name="x453">486.56dp</dimen>
    <dimen name="x454">487.63dp</dimen>
    <dimen name="x455">488.70dp</dimen>
    <dimen name="x456">489.78dp</dimen>
    <dimen name="x457">490.85dp</dimen>
    <dimen name="x458">491.93dp</dimen>
    <dimen name="x459">493.00dp</dimen>
    <dimen name="x460">494.07dp</dimen>
    <dimen name="x461">495.15dp</dimen>
    <dimen name="x462">496.22dp</dimen>
    <dimen name="x463">497.30dp</dimen>
    <dimen name="x464">498.37dp</dimen>
    <dimen name="x465">499.44dp</dimen>
    <dimen name="x466">500.52dp</dimen>
    <dimen name="x467">501.59dp</dimen>
    <dimen name="x468">502.67dp</dimen>
    <dimen name="x469">503.74dp</dimen>
    <dimen name="x470">504.81dp</dimen>
    <dimen name="x471">505.89dp</dimen>
    <dimen name="x472">506.96dp</dimen>
    <dimen name="x473">508.04dp</dimen>
    <dimen name="x474">509.11dp</dimen>
    <dimen name="x475">510.19dp</dimen>
    <dimen name="x476">511.26dp</dimen>
    <dimen name="x477">512.33dp</dimen>
    <dimen name="x478">513.41dp</dimen>
    <dimen name="x479">514.48dp</dimen>
    <dimen name="x480">515.56dp</dimen>
    <dimen name="x481">516.63dp</dimen>
    <dimen name="x482">517.70dp</dimen>
    <dimen name="x483">518.78dp</dimen>
    <dimen name="x484">519.85dp</dimen>
    <dimen name="x485">520.93dp</dimen>
    <dimen name="x486">522.00dp</dimen>
    <dimen name="x487">523.07dp</dimen>
    <dimen name="x488">524.15dp</dimen>
    <dimen name="x489">525.22dp</dimen>
    <dimen name="x490">526.30dp</dimen>
    <dimen name="x491">527.37dp</dimen>
    <dimen name="x492">528.44dp</dimen>
    <dimen name="x493">529.52dp</dimen>
    <dimen name="x494">530.59dp</dimen>
    <dimen name="x495">531.67dp</dimen>
    <dimen name="x496">532.74dp</dimen>
    <dimen name="x497">533.81dp</dimen>
    <dimen name="x498">534.89dp</dimen>
    <dimen name="x499">535.96dp</dimen>
    <dimen name="x500">537.04dp</dimen>
    <dimen name="x501">538.11dp</dimen>
    <dimen name="x502">539.19dp</dimen>
    <dimen name="x503">540.26dp</dimen>
    <dimen name="x504">541.33dp</dimen>
    <dimen name="x505">542.41dp</dimen>
    <dimen name="x506">543.48dp</dimen>
    <dimen name="x507">544.56dp</dimen>
    <dimen name="x508">545.63dp</dimen>
    <dimen name="x509">546.70dp</dimen>
    <dimen name="x510">547.78dp</dimen>
    <dimen name="x511">548.85dp</dimen>
    <dimen name="x512">549.93dp</dimen>
    <dimen name="x513">551.00dp</dimen>
    <dimen name="x514">552.07dp</dimen>
    <dimen name="x515">553.15dp</dimen>
    <dimen name="x516">554.22dp</dimen>
    <dimen name="x517">555.30dp</dimen>
    <dimen name="x518">556.37dp</dimen>
    <dimen name="x519">557.44dp</dimen>
    <dimen name="x520">558.52dp</dimen>
    <dimen name="x521">559.59dp</dimen>
    <dimen name="x522">560.67dp</dimen>
    <dimen name="x523">561.74dp</dimen>
    <dimen name="x524">562.81dp</dimen>
    <dimen name="x525">563.89dp</dimen>
    <dimen name="x526">564.96dp</dimen>
    <dimen name="x527">566.04dp</dimen>
    <dimen name="x528">567.11dp</dimen>
    <dimen name="x529">568.19dp</dimen>
    <dimen name="x530">569.26dp</dimen>
    <dimen name="x531">570.33dp</dimen>
    <dimen name="x532">571.41dp</dimen>
    <dimen name="x533">572.48dp</dimen>
    <dimen name="x534">573.56dp</dimen>
    <dimen name="x535">574.63dp</dimen>
    <dimen name="x536">575.70dp</dimen>
    <dimen name="x537">576.78dp</dimen>
    <dimen name="x538">577.85dp</dimen>
    <dimen name="x539">578.93dp</dimen>
    <dimen name="x540">580.00dp</dimen>
    <dimen name="x541">581.07dp</dimen>
    <dimen name="x542">582.15dp</dimen>
    <dimen name="x543">583.22dp</dimen>
    <dimen name="x544">584.30dp</dimen>
    <dimen name="x545">585.37dp</dimen>
    <dimen name="x546">586.44dp</dimen>
    <dimen name="x547">587.52dp</dimen>
    <dimen name="x548">588.59dp</dimen>
    <dimen name="x549">589.67dp</dimen>
    <dimen name="x550">590.74dp</dimen>
    <dimen name="x551">591.81dp</dimen>
    <dimen name="x552">592.89dp</dimen>
    <dimen name="x553">593.96dp</dimen>
    <dimen name="x554">595.04dp</dimen>
    <dimen name="x555">596.11dp</dimen>
    <dimen name="x556">597.19dp</dimen>
    <dimen name="x557">598.26dp</dimen>
    <dimen name="x558">599.33dp</dimen>
    <dimen name="x559">600.41dp</dimen>
    <dimen name="x560">601.48dp</dimen>
    <dimen name="x561">602.56dp</dimen>
    <dimen name="x562">603.63dp</dimen>
    <dimen name="x563">604.70dp</dimen>
    <dimen name="x564">605.78dp</dimen>
    <dimen name="x565">606.85dp</dimen>
    <dimen name="x566">607.93dp</dimen>
    <dimen name="x567">609.00dp</dimen>
    <dimen name="x568">610.07dp</dimen>
    <dimen name="x569">611.15dp</dimen>
    <dimen name="x570">612.22dp</dimen>
    <dimen name="x571">613.30dp</dimen>
    <dimen name="x572">614.37dp</dimen>
    <dimen name="x573">615.44dp</dimen>
    <dimen name="x574">616.52dp</dimen>
    <dimen name="x575">617.59dp</dimen>
    <dimen name="x576">618.67dp</dimen>
    <dimen name="x577">619.74dp</dimen>
    <dimen name="x578">620.81dp</dimen>
    <dimen name="x579">621.89dp</dimen>
    <dimen name="x580">622.96dp</dimen>
    <dimen name="x581">624.04dp</dimen>
    <dimen name="x582">625.11dp</dimen>
    <dimen name="x583">626.19dp</dimen>
    <dimen name="x584">627.26dp</dimen>
    <dimen name="x585">628.33dp</dimen>
    <dimen name="x586">629.41dp</dimen>
    <dimen name="x587">630.48dp</dimen>
    <dimen name="x588">631.56dp</dimen>
    <dimen name="x589">632.63dp</dimen>
    <dimen name="x590">633.70dp</dimen>
    <dimen name="x591">634.78dp</dimen>
    <dimen name="x592">635.85dp</dimen>
    <dimen name="x593">636.93dp</dimen>
    <dimen name="x594">638.00dp</dimen>
    <dimen name="x595">639.07dp</dimen>
    <dimen name="x596">640.15dp</dimen>
    <dimen name="x597">641.22dp</dimen>
    <dimen name="x598">642.30dp</dimen>
    <dimen name="x599">643.37dp</dimen>
    <dimen name="x600">644.44dp</dimen>
    <dimen name="x601">645.52dp</dimen>
    <dimen name="x602">646.59dp</dimen>
    <dimen name="x603">647.67dp</dimen>
    <dimen name="x604">648.74dp</dimen>
    <dimen name="x605">649.81dp</dimen>
    <dimen name="x606">650.89dp</dimen>
    <dimen name="x607">651.96dp</dimen>
    <dimen name="x608">653.04dp</dimen>
    <dimen name="x609">654.11dp</dimen>
    <dimen name="x610">655.19dp</dimen>
    <dimen name="x611">656.26dp</dimen>
    <dimen name="x612">657.33dp</dimen>
    <dimen name="x613">658.41dp</dimen>
    <dimen name="x614">659.48dp</dimen>
    <dimen name="x615">660.56dp</dimen>
    <dimen name="x616">661.63dp</dimen>
    <dimen name="x617">662.70dp</dimen>
    <dimen name="x618">663.78dp</dimen>
    <dimen name="x619">664.85dp</dimen>
    <dimen name="x620">665.93dp</dimen>
    <dimen name="x621">667.00dp</dimen>
    <dimen name="x622">668.07dp</dimen>
    <dimen name="x623">669.15dp</dimen>
    <dimen name="x624">670.22dp</dimen>
    <dimen name="x625">671.30dp</dimen>
    <dimen name="x626">672.37dp</dimen>
    <dimen name="x627">673.44dp</dimen>
    <dimen name="x628">674.52dp</dimen>
    <dimen name="x629">675.59dp</dimen>
    <dimen name="x630">676.67dp</dimen>
    <dimen name="x631">677.74dp</dimen>
    <dimen name="x632">678.81dp</dimen>
    <dimen name="x633">679.89dp</dimen>
    <dimen name="x634">680.96dp</dimen>
    <dimen name="x635">682.04dp</dimen>
    <dimen name="x636">683.11dp</dimen>
    <dimen name="x637">684.19dp</dimen>
    <dimen name="x638">685.26dp</dimen>
    <dimen name="x639">686.33dp</dimen>
    <dimen name="x640">687.41dp</dimen>
    <dimen name="x641">688.48dp</dimen>
    <dimen name="x642">689.56dp</dimen>
    <dimen name="x643">690.63dp</dimen>
    <dimen name="x644">691.70dp</dimen>
    <dimen name="x645">692.78dp</dimen>
    <dimen name="x646">693.85dp</dimen>
    <dimen name="x647">694.93dp</dimen>
    <dimen name="x648">696.00dp</dimen>
    <dimen name="x649">697.07dp</dimen>
    <dimen name="x650">698.15dp</dimen>
    <dimen name="x651">699.22dp</dimen>
    <dimen name="x652">700.30dp</dimen>
    <dimen name="x653">701.37dp</dimen>
    <dimen name="x654">702.44dp</dimen>
    <dimen name="x655">703.52dp</dimen>
    <dimen name="x656">704.59dp</dimen>
    <dimen name="x657">705.67dp</dimen>
    <dimen name="x658">706.74dp</dimen>
    <dimen name="x659">707.81dp</dimen>
    <dimen name="x660">708.89dp</dimen>
    <dimen name="x661">709.96dp</dimen>
    <dimen name="x662">711.04dp</dimen>
    <dimen name="x663">712.11dp</dimen>
    <dimen name="x664">713.19dp</dimen>
    <dimen name="x665">714.26dp</dimen>
    <dimen name="x666">715.33dp</dimen>
    <dimen name="x667">716.41dp</dimen>
    <dimen name="x668">717.48dp</dimen>
    <dimen name="x669">718.56dp</dimen>
    <dimen name="x670">719.63dp</dimen>
    <dimen name="x671">720.70dp</dimen>
    <dimen name="x672">721.78dp</dimen>
    <dimen name="x673">722.85dp</dimen>
    <dimen name="x674">723.93dp</dimen>
    <dimen name="x675">725.00dp</dimen>
    <dimen name="x676">726.07dp</dimen>
    <dimen name="x677">727.15dp</dimen>
    <dimen name="x678">728.22dp</dimen>
    <dimen name="x679">729.30dp</dimen>
    <dimen name="x680">730.37dp</dimen>
    <dimen name="x681">731.44dp</dimen>
    <dimen name="x682">732.52dp</dimen>
    <dimen name="x683">733.59dp</dimen>
    <dimen name="x684">734.67dp</dimen>
    <dimen name="x685">735.74dp</dimen>
    <dimen name="x686">736.81dp</dimen>
    <dimen name="x687">737.89dp</dimen>
    <dimen name="x688">738.96dp</dimen>
    <dimen name="x689">740.04dp</dimen>
    <dimen name="x690">741.11dp</dimen>
    <dimen name="x691">742.19dp</dimen>
    <dimen name="x692">743.26dp</dimen>
    <dimen name="x693">744.33dp</dimen>
    <dimen name="x694">745.41dp</dimen>
    <dimen name="x695">746.48dp</dimen>
    <dimen name="x696">747.56dp</dimen>
    <dimen name="x697">748.63dp</dimen>
    <dimen name="x698">749.70dp</dimen>
    <dimen name="x699">750.78dp</dimen>
    <dimen name="x700">751.85dp</dimen>
    <dimen name="x701">752.93dp</dimen>
    <dimen name="x702">754.00dp</dimen>
    <dimen name="x703">755.07dp</dimen>
    <dimen name="x704">756.15dp</dimen>
    <dimen name="x705">757.22dp</dimen>
    <dimen name="x706">758.30dp</dimen>
    <dimen name="x707">759.37dp</dimen>
    <dimen name="x708">760.44dp</dimen>
    <dimen name="x709">761.52dp</dimen>
    <dimen name="x710">762.59dp</dimen>
    <dimen name="x711">763.67dp</dimen>
    <dimen name="x712">764.74dp</dimen>
    <dimen name="x713">765.81dp</dimen>
    <dimen name="x714">766.89dp</dimen>
    <dimen name="x715">767.96dp</dimen>
    <dimen name="x716">769.04dp</dimen>
    <dimen name="x717">770.11dp</dimen>
    <dimen name="x718">771.19dp</dimen>
    <dimen name="x719">772.26dp</dimen>
    <dimen name="x720">773.33dp</dimen>
    <dimen name="x721">774.41dp</dimen>
    <dimen name="x722">775.48dp</dimen>
    <dimen name="x723">776.56dp</dimen>
    <dimen name="x724">777.63dp</dimen>
    <dimen name="x725">778.70dp</dimen>
    <dimen name="x726">779.78dp</dimen>
    <dimen name="x727">780.85dp</dimen>
    <dimen name="x728">781.93dp</dimen>
    <dimen name="x729">783.00dp</dimen>
    <dimen name="x730">784.07dp</dimen>
    <dimen name="x731">785.15dp</dimen>
    <dimen name="x732">786.22dp</dimen>
    <dimen name="x733">787.30dp</dimen>
    <dimen name="x734">788.37dp</dimen>
    <dimen name="x735">789.44dp</dimen>
    <dimen name="x736">790.52dp</dimen>
    <dimen name="x737">791.59dp</dimen>
    <dimen name="x738">792.67dp</dimen>
    <dimen name="x739">793.74dp</dimen>
    <dimen name="x740">794.81dp</dimen>
    <dimen name="x741">795.89dp</dimen>
    <dimen name="x742">796.96dp</dimen>
    <dimen name="x743">798.04dp</dimen>
    <dimen name="x744">799.11dp</dimen>
    <dimen name="x745">800.19dp</dimen>
    <dimen name="x746">801.26dp</dimen>
    <dimen name="x747">802.33dp</dimen>
    <dimen name="x748">803.41dp</dimen>
    <dimen name="x749">804.48dp</dimen>
    <dimen name="x750">805.56dp</dimen>
    <dimen name="x751">806.63dp</dimen>
    <dimen name="x752">807.70dp</dimen>
    <dimen name="x753">808.78dp</dimen>
    <dimen name="x754">809.85dp</dimen>
    <dimen name="x755">810.93dp</dimen>
    <dimen name="x756">812.00dp</dimen>
    <dimen name="x757">813.07dp</dimen>
    <dimen name="x758">814.15dp</dimen>
    <dimen name="x759">815.22dp</dimen>
    <dimen name="x760">816.30dp</dimen>
    <dimen name="x761">817.37dp</dimen>
    <dimen name="x762">818.44dp</dimen>
    <dimen name="x763">819.52dp</dimen>
    <dimen name="x764">820.59dp</dimen>
    <dimen name="x765">821.67dp</dimen>
    <dimen name="x766">822.74dp</dimen>
    <dimen name="x767">823.81dp</dimen>
    <dimen name="x768">824.89dp</dimen>
    <dimen name="x769">825.96dp</dimen>
    <dimen name="x770">827.04dp</dimen>
    <dimen name="x771">828.11dp</dimen>
    <dimen name="x772">829.19dp</dimen>
    <dimen name="x773">830.26dp</dimen>
    <dimen name="x774">831.33dp</dimen>
    <dimen name="x775">832.41dp</dimen>
    <dimen name="x776">833.48dp</dimen>
    <dimen name="x777">834.56dp</dimen>
    <dimen name="x778">835.63dp</dimen>
    <dimen name="x779">836.70dp</dimen>
    <dimen name="x780">837.78dp</dimen>
    <dimen name="x781">838.85dp</dimen>
    <dimen name="x782">839.93dp</dimen>
    <dimen name="x783">841.00dp</dimen>
    <dimen name="x784">842.07dp</dimen>
    <dimen name="x785">843.15dp</dimen>
    <dimen name="x786">844.22dp</dimen>
    <dimen name="x787">845.30dp</dimen>
    <dimen name="x788">846.37dp</dimen>
    <dimen name="x789">847.44dp</dimen>
    <dimen name="x790">848.52dp</dimen>
    <dimen name="x791">849.59dp</dimen>
    <dimen name="x792">850.67dp</dimen>
    <dimen name="x793">851.74dp</dimen>
    <dimen name="x794">852.81dp</dimen>
    <dimen name="x795">853.89dp</dimen>
    <dimen name="x796">854.96dp</dimen>
    <dimen name="x797">856.04dp</dimen>
    <dimen name="x798">857.11dp</dimen>
    <dimen name="x799">858.19dp</dimen>
    <dimen name="x800">859.26dp</dimen>
    <dimen name="x801">860.33dp</dimen>
    <dimen name="x802">861.41dp</dimen>
    <dimen name="x803">862.48dp</dimen>
    <dimen name="x804">863.56dp</dimen>
    <dimen name="x805">864.63dp</dimen>
    <dimen name="x806">865.70dp</dimen>
    <dimen name="x807">866.78dp</dimen>
    <dimen name="x808">867.85dp</dimen>
    <dimen name="x809">868.93dp</dimen>
    <dimen name="x810">870.00dp</dimen>
    <dimen name="x811">871.07dp</dimen>
    <dimen name="x812">872.15dp</dimen>
    <dimen name="x813">873.22dp</dimen>
    <dimen name="x814">874.30dp</dimen>
    <dimen name="x815">875.37dp</dimen>
    <dimen name="x816">876.44dp</dimen>
    <dimen name="x817">877.52dp</dimen>
    <dimen name="x818">878.59dp</dimen>
    <dimen name="x819">879.67dp</dimen>
    <dimen name="x820">880.74dp</dimen>
    <dimen name="x821">881.81dp</dimen>
    <dimen name="x822">882.89dp</dimen>
    <dimen name="x823">883.96dp</dimen>
    <dimen name="x824">885.04dp</dimen>
    <dimen name="x825">886.11dp</dimen>
    <dimen name="x826">887.19dp</dimen>
    <dimen name="x827">888.26dp</dimen>
    <dimen name="x828">889.33dp</dimen>
    <dimen name="x829">890.41dp</dimen>
    <dimen name="x830">891.48dp</dimen>
    <dimen name="x831">892.56dp</dimen>
    <dimen name="x832">893.63dp</dimen>
    <dimen name="x833">894.70dp</dimen>
    <dimen name="x834">895.78dp</dimen>
    <dimen name="x835">896.85dp</dimen>
    <dimen name="x836">897.93dp</dimen>
    <dimen name="x837">899.00dp</dimen>
    <dimen name="x838">900.07dp</dimen>
    <dimen name="x839">901.15dp</dimen>
    <dimen name="x840">902.22dp</dimen>
    <dimen name="x841">903.30dp</dimen>
    <dimen name="x842">904.37dp</dimen>
    <dimen name="x843">905.44dp</dimen>
    <dimen name="x844">906.52dp</dimen>
    <dimen name="x845">907.59dp</dimen>
    <dimen name="x846">908.67dp</dimen>
    <dimen name="x847">909.74dp</dimen>
    <dimen name="x848">910.81dp</dimen>
    <dimen name="x849">911.89dp</dimen>
    <dimen name="x850">912.96dp</dimen>
    <dimen name="x851">914.04dp</dimen>
    <dimen name="x852">915.11dp</dimen>
    <dimen name="x853">916.19dp</dimen>
    <dimen name="x854">917.26dp</dimen>
    <dimen name="x855">918.33dp</dimen>
    <dimen name="x856">919.41dp</dimen>
    <dimen name="x857">920.48dp</dimen>
    <dimen name="x858">921.56dp</dimen>
    <dimen name="x859">922.63dp</dimen>
    <dimen name="x860">923.70dp</dimen>
    <dimen name="x861">924.78dp</dimen>
    <dimen name="x862">925.85dp</dimen>
    <dimen name="x863">926.93dp</dimen>
    <dimen name="x864">928.00dp</dimen>
    <dimen name="x865">929.07dp</dimen>
    <dimen name="x866">930.15dp</dimen>
    <dimen name="x867">931.22dp</dimen>
    <dimen name="x868">932.30dp</dimen>
    <dimen name="x869">933.37dp</dimen>
    <dimen name="x870">934.44dp</dimen>
    <dimen name="x871">935.52dp</dimen>
    <dimen name="x872">936.59dp</dimen>
    <dimen name="x873">937.67dp</dimen>
    <dimen name="x874">938.74dp</dimen>
    <dimen name="x875">939.81dp</dimen>
    <dimen name="x876">940.89dp</dimen>
    <dimen name="x877">941.96dp</dimen>
    <dimen name="x878">943.04dp</dimen>
    <dimen name="x879">944.11dp</dimen>
    <dimen name="x880">945.19dp</dimen>
    <dimen name="x881">946.26dp</dimen>
    <dimen name="x882">947.33dp</dimen>
    <dimen name="x883">948.41dp</dimen>
    <dimen name="x884">949.48dp</dimen>
    <dimen name="x885">950.56dp</dimen>
    <dimen name="x886">951.63dp</dimen>
    <dimen name="x887">952.70dp</dimen>
    <dimen name="x888">953.78dp</dimen>
    <dimen name="x889">954.85dp</dimen>
    <dimen name="x890">955.93dp</dimen>
    <dimen name="x891">957.00dp</dimen>
    <dimen name="x892">958.07dp</dimen>
    <dimen name="x893">959.15dp</dimen>
    <dimen name="x894">960.22dp</dimen>
    <dimen name="x895">961.30dp</dimen>
    <dimen name="x896">962.37dp</dimen>
    <dimen name="x897">963.44dp</dimen>
    <dimen name="x898">964.52dp</dimen>
    <dimen name="x899">965.59dp</dimen>
    <dimen name="x900">966.67dp</dimen>
    <dimen name="x901">967.74dp</dimen>
    <dimen name="x902">968.81dp</dimen>
    <dimen name="x903">969.89dp</dimen>
    <dimen name="x904">970.96dp</dimen>
    <dimen name="x905">972.04dp</dimen>
    <dimen name="x906">973.11dp</dimen>
    <dimen name="x907">974.19dp</dimen>
    <dimen name="x908">975.26dp</dimen>
    <dimen name="x909">976.33dp</dimen>
    <dimen name="x910">977.41dp</dimen>
    <dimen name="x911">978.48dp</dimen>
    <dimen name="x912">979.56dp</dimen>
    <dimen name="x913">980.63dp</dimen>
    <dimen name="x914">981.70dp</dimen>
    <dimen name="x915">982.78dp</dimen>
    <dimen name="x916">983.85dp</dimen>
    <dimen name="x917">984.93dp</dimen>
    <dimen name="x918">986.00dp</dimen>
    <dimen name="x919">987.07dp</dimen>
    <dimen name="x920">988.15dp</dimen>
    <dimen name="x921">989.22dp</dimen>
    <dimen name="x922">990.30dp</dimen>
    <dimen name="x923">991.37dp</dimen>
    <dimen name="x924">992.44dp</dimen>
    <dimen name="x925">993.52dp</dimen>
    <dimen name="x926">994.59dp</dimen>
    <dimen name="x927">995.67dp</dimen>
    <dimen name="x928">996.74dp</dimen>
    <dimen name="x929">997.81dp</dimen>
    <dimen name="x930">998.89dp</dimen>
    <dimen name="x931">999.96dp</dimen>
    <dimen name="x932">1001.04dp</dimen>
    <dimen name="x933">1002.11dp</dimen>
    <dimen name="x934">1003.19dp</dimen>
    <dimen name="x935">1004.26dp</dimen>
    <dimen name="x936">1005.33dp</dimen>
    <dimen name="x937">1006.41dp</dimen>
    <dimen name="x938">1007.48dp</dimen>
    <dimen name="x939">1008.56dp</dimen>
    <dimen name="x940">1009.63dp</dimen>
    <dimen name="x941">1010.70dp</dimen>
    <dimen name="x942">1011.78dp</dimen>
    <dimen name="x943">1012.85dp</dimen>
    <dimen name="x944">1013.93dp</dimen>
    <dimen name="x945">1015.00dp</dimen>
    <dimen name="x946">1016.07dp</dimen>
    <dimen name="x947">1017.15dp</dimen>
    <dimen name="x948">1018.22dp</dimen>
    <dimen name="x949">1019.30dp</dimen>
    <dimen name="x950">1020.37dp</dimen>
    <dimen name="x951">1021.44dp</dimen>
    <dimen name="x952">1022.52dp</dimen>
    <dimen name="x953">1023.59dp</dimen>
    <dimen name="x954">1024.67dp</dimen>
    <dimen name="x955">1025.74dp</dimen>
    <dimen name="x956">1026.81dp</dimen>
    <dimen name="x957">1027.89dp</dimen>
    <dimen name="x958">1028.96dp</dimen>
    <dimen name="x959">1030.04dp</dimen>
    <dimen name="x960">1031.11dp</dimen>
    <dimen name="x961">1032.19dp</dimen>
    <dimen name="x962">1033.26dp</dimen>
    <dimen name="x963">1034.33dp</dimen>
    <dimen name="x964">1035.41dp</dimen>
    <dimen name="x965">1036.48dp</dimen>
    <dimen name="x966">1037.56dp</dimen>
    <dimen name="x967">1038.63dp</dimen>
    <dimen name="x968">1039.70dp</dimen>
    <dimen name="x969">1040.78dp</dimen>
    <dimen name="x970">1041.85dp</dimen>
    <dimen name="x971">1042.93dp</dimen>
    <dimen name="x972">1044.00dp</dimen>
    <dimen name="x973">1045.07dp</dimen>
    <dimen name="x974">1046.15dp</dimen>
    <dimen name="x975">1047.22dp</dimen>
    <dimen name="x976">1048.30dp</dimen>
    <dimen name="x977">1049.37dp</dimen>
    <dimen name="x978">1050.44dp</dimen>
    <dimen name="x979">1051.52dp</dimen>
    <dimen name="x980">1052.59dp</dimen>
    <dimen name="x981">1053.67dp</dimen>
    <dimen name="x982">1054.74dp</dimen>
    <dimen name="x983">1055.81dp</dimen>
    <dimen name="x984">1056.89dp</dimen>
    <dimen name="x985">1057.96dp</dimen>
    <dimen name="x986">1059.04dp</dimen>
    <dimen name="x987">1060.11dp</dimen>
    <dimen name="x988">1061.19dp</dimen>
    <dimen name="x989">1062.26dp</dimen>
    <dimen name="x990">1063.33dp</dimen>
    <dimen name="x991">1064.41dp</dimen>
    <dimen name="x992">1065.48dp</dimen>
    <dimen name="x993">1066.56dp</dimen>
    <dimen name="x994">1067.63dp</dimen>
    <dimen name="x995">1068.70dp</dimen>
    <dimen name="x996">1069.78dp</dimen>
    <dimen name="x997">1070.85dp</dimen>
    <dimen name="x998">1071.93dp</dimen>
    <dimen name="x999">1073.00dp</dimen>
    <dimen name="x1000">1074.07dp</dimen>
    <dimen name="x1001">1075.15dp</dimen>
    <dimen name="x1002">1076.22dp</dimen>
    <dimen name="x1003">1077.30dp</dimen>
    <dimen name="x1004">1078.37dp</dimen>
    <dimen name="x1005">1079.44dp</dimen>
    <dimen name="x1006">1080.52dp</dimen>
    <dimen name="x1007">1081.59dp</dimen>
    <dimen name="x1008">1082.67dp</dimen>
    <dimen name="x1009">1083.74dp</dimen>
    <dimen name="x1010">1084.81dp</dimen>
    <dimen name="x1011">1085.89dp</dimen>
    <dimen name="x1012">1086.96dp</dimen>
    <dimen name="x1013">1088.04dp</dimen>
    <dimen name="x1014">1089.11dp</dimen>
    <dimen name="x1015">1090.19dp</dimen>
    <dimen name="x1016">1091.26dp</dimen>
    <dimen name="x1017">1092.33dp</dimen>
    <dimen name="x1018">1093.41dp</dimen>
    <dimen name="x1019">1094.48dp</dimen>
    <dimen name="x1020">1095.56dp</dimen>
    <dimen name="x1021">1096.63dp</dimen>
    <dimen name="x1022">1097.70dp</dimen>
    <dimen name="x1023">1098.78dp</dimen>
    <dimen name="x1024">1099.85dp</dimen>
    <dimen name="x1025">1100.93dp</dimen>
    <dimen name="x1026">1102.00dp</dimen>
    <dimen name="x1027">1103.07dp</dimen>
    <dimen name="x1028">1104.15dp</dimen>
    <dimen name="x1029">1105.22dp</dimen>
    <dimen name="x1030">1106.30dp</dimen>
    <dimen name="x1031">1107.37dp</dimen>
    <dimen name="x1032">1108.44dp</dimen>
    <dimen name="x1033">1109.52dp</dimen>
    <dimen name="x1034">1110.59dp</dimen>
    <dimen name="x1035">1111.67dp</dimen>
    <dimen name="x1036">1112.74dp</dimen>
    <dimen name="x1037">1113.81dp</dimen>
    <dimen name="x1038">1114.89dp</dimen>
    <dimen name="x1039">1115.96dp</dimen>
    <dimen name="x1040">1117.04dp</dimen>
    <dimen name="x1041">1118.11dp</dimen>
    <dimen name="x1042">1119.19dp</dimen>
    <dimen name="x1043">1120.26dp</dimen>
    <dimen name="x1044">1121.33dp</dimen>
    <dimen name="x1045">1122.41dp</dimen>
    <dimen name="x1046">1123.48dp</dimen>
    <dimen name="x1047">1124.56dp</dimen>
    <dimen name="x1048">1125.63dp</dimen>
    <dimen name="x1049">1126.70dp</dimen>
    <dimen name="x1050">1127.78dp</dimen>
    <dimen name="x1051">1128.85dp</dimen>
    <dimen name="x1052">1129.93dp</dimen>
    <dimen name="x1053">1131.00dp</dimen>
    <dimen name="x1054">1132.07dp</dimen>
    <dimen name="x1055">1133.15dp</dimen>
    <dimen name="x1056">1134.22dp</dimen>
    <dimen name="x1057">1135.30dp</dimen>
    <dimen name="x1058">1136.37dp</dimen>
    <dimen name="x1059">1137.44dp</dimen>
    <dimen name="x1060">1138.52dp</dimen>
    <dimen name="x1061">1139.59dp</dimen>
    <dimen name="x1062">1140.67dp</dimen>
    <dimen name="x1063">1141.74dp</dimen>
    <dimen name="x1064">1142.81dp</dimen>
    <dimen name="x1065">1143.89dp</dimen>
    <dimen name="x1066">1144.96dp</dimen>
    <dimen name="x1067">1146.04dp</dimen>
    <dimen name="x1068">1147.11dp</dimen>
    <dimen name="x1069">1148.19dp</dimen>
    <dimen name="x1070">1149.26dp</dimen>
    <dimen name="x1071">1150.33dp</dimen>
    <dimen name="x1072">1151.41dp</dimen>
    <dimen name="x1073">1152.48dp</dimen>
    <dimen name="x1074">1153.56dp</dimen>
    <dimen name="x1075">1154.63dp</dimen>
    <dimen name="x1076">1155.70dp</dimen>
    <dimen name="x1077">1156.78dp</dimen>
    <dimen name="x1078">1157.85dp</dimen>
    <dimen name="x1079">1158.93dp</dimen>
    <dimen name="x1080">1160.00dp</dimen>
</resources>