<?xml version="1.0" encoding="utf-8"?>
<resources>
    <string name="sw_dp">1100dp</string>
    <dimen name="x1">1.02dp</dimen>
    <dimen name="x2">2.04dp</dimen>
    <dimen name="x3">3.06dp</dimen>
    <dimen name="x4">4.07dp</dimen>
    <dimen name="x5">5.09dp</dimen>
    <dimen name="x6">6.11dp</dimen>
    <dimen name="x7">7.13dp</dimen>
    <dimen name="x8">8.15dp</dimen>
    <dimen name="x9">9.17dp</dimen>
    <dimen name="x10">10.19dp</dimen>
    <dimen name="x11">11.20dp</dimen>
    <dimen name="x12">12.22dp</dimen>
    <dimen name="x13">13.24dp</dimen>
    <dimen name="x14">14.26dp</dimen>
    <dimen name="x15">15.28dp</dimen>
    <dimen name="x16">16.30dp</dimen>
    <dimen name="x17">17.31dp</dimen>
    <dimen name="x18">18.33dp</dimen>
    <dimen name="x19">19.35dp</dimen>
    <dimen name="x20">20.37dp</dimen>
    <dimen name="x21">21.39dp</dimen>
    <dimen name="x22">22.41dp</dimen>
    <dimen name="x23">23.43dp</dimen>
    <dimen name="x24">24.44dp</dimen>
    <dimen name="x25">25.46dp</dimen>
    <dimen name="x26">26.48dp</dimen>
    <dimen name="x27">27.50dp</dimen>
    <dimen name="x28">28.52dp</dimen>
    <dimen name="x29">29.54dp</dimen>
    <dimen name="x30">30.56dp</dimen>
    <dimen name="x31">31.57dp</dimen>
    <dimen name="x32">32.59dp</dimen>
    <dimen name="x33">33.61dp</dimen>
    <dimen name="x34">34.63dp</dimen>
    <dimen name="x35">35.65dp</dimen>
    <dimen name="x36">36.67dp</dimen>
    <dimen name="x37">37.69dp</dimen>
    <dimen name="x38">38.70dp</dimen>
    <dimen name="x39">39.72dp</dimen>
    <dimen name="x40">40.74dp</dimen>
    <dimen name="x41">41.76dp</dimen>
    <dimen name="x42">42.78dp</dimen>
    <dimen name="x43">43.80dp</dimen>
    <dimen name="x44">44.81dp</dimen>
    <dimen name="x45">45.83dp</dimen>
    <dimen name="x46">46.85dp</dimen>
    <dimen name="x47">47.87dp</dimen>
    <dimen name="x48">48.89dp</dimen>
    <dimen name="x49">49.91dp</dimen>
    <dimen name="x50">50.93dp</dimen>
    <dimen name="x51">51.94dp</dimen>
    <dimen name="x52">52.96dp</dimen>
    <dimen name="x53">53.98dp</dimen>
    <dimen name="x54">55.00dp</dimen>
    <dimen name="x55">56.02dp</dimen>
    <dimen name="x56">57.04dp</dimen>
    <dimen name="x57">58.06dp</dimen>
    <dimen name="x58">59.07dp</dimen>
    <dimen name="x59">60.09dp</dimen>
    <dimen name="x60">61.11dp</dimen>
    <dimen name="x61">62.13dp</dimen>
    <dimen name="x62">63.15dp</dimen>
    <dimen name="x63">64.17dp</dimen>
    <dimen name="x64">65.19dp</dimen>
    <dimen name="x65">66.20dp</dimen>
    <dimen name="x66">67.22dp</dimen>
    <dimen name="x67">68.24dp</dimen>
    <dimen name="x68">69.26dp</dimen>
    <dimen name="x69">70.28dp</dimen>
    <dimen name="x70">71.30dp</dimen>
    <dimen name="x71">72.31dp</dimen>
    <dimen name="x72">73.33dp</dimen>
    <dimen name="x73">74.35dp</dimen>
    <dimen name="x74">75.37dp</dimen>
    <dimen name="x75">76.39dp</dimen>
    <dimen name="x76">77.41dp</dimen>
    <dimen name="x77">78.43dp</dimen>
    <dimen name="x78">79.44dp</dimen>
    <dimen name="x79">80.46dp</dimen>
    <dimen name="x80">81.48dp</dimen>
    <dimen name="x81">82.50dp</dimen>
    <dimen name="x82">83.52dp</dimen>
    <dimen name="x83">84.54dp</dimen>
    <dimen name="x84">85.56dp</dimen>
    <dimen name="x85">86.57dp</dimen>
    <dimen name="x86">87.59dp</dimen>
    <dimen name="x87">88.61dp</dimen>
    <dimen name="x88">89.63dp</dimen>
    <dimen name="x89">90.65dp</dimen>
    <dimen name="x90">91.67dp</dimen>
    <dimen name="x91">92.69dp</dimen>
    <dimen name="x92">93.70dp</dimen>
    <dimen name="x93">94.72dp</dimen>
    <dimen name="x94">95.74dp</dimen>
    <dimen name="x95">96.76dp</dimen>
    <dimen name="x96">97.78dp</dimen>
    <dimen name="x97">98.80dp</dimen>
    <dimen name="x98">99.81dp</dimen>
    <dimen name="x99">100.83dp</dimen>
    <dimen name="x100">101.85dp</dimen>
    <dimen name="x101">102.87dp</dimen>
    <dimen name="x102">103.89dp</dimen>
    <dimen name="x103">104.91dp</dimen>
    <dimen name="x104">105.93dp</dimen>
    <dimen name="x105">106.94dp</dimen>
    <dimen name="x106">107.96dp</dimen>
    <dimen name="x107">108.98dp</dimen>
    <dimen name="x108">110.00dp</dimen>
    <dimen name="x109">111.02dp</dimen>
    <dimen name="x110">112.04dp</dimen>
    <dimen name="x111">113.06dp</dimen>
    <dimen name="x112">114.07dp</dimen>
    <dimen name="x113">115.09dp</dimen>
    <dimen name="x114">116.11dp</dimen>
    <dimen name="x115">117.13dp</dimen>
    <dimen name="x116">118.15dp</dimen>
    <dimen name="x117">119.17dp</dimen>
    <dimen name="x118">120.19dp</dimen>
    <dimen name="x119">121.20dp</dimen>
    <dimen name="x120">122.22dp</dimen>
    <dimen name="x121">123.24dp</dimen>
    <dimen name="x122">124.26dp</dimen>
    <dimen name="x123">125.28dp</dimen>
    <dimen name="x124">126.30dp</dimen>
    <dimen name="x125">127.31dp</dimen>
    <dimen name="x126">128.33dp</dimen>
    <dimen name="x127">129.35dp</dimen>
    <dimen name="x128">130.37dp</dimen>
    <dimen name="x129">131.39dp</dimen>
    <dimen name="x130">132.41dp</dimen>
    <dimen name="x131">133.43dp</dimen>
    <dimen name="x132">134.44dp</dimen>
    <dimen name="x133">135.46dp</dimen>
    <dimen name="x134">136.48dp</dimen>
    <dimen name="x135">137.50dp</dimen>
    <dimen name="x136">138.52dp</dimen>
    <dimen name="x137">139.54dp</dimen>
    <dimen name="x138">140.56dp</dimen>
    <dimen name="x139">141.57dp</dimen>
    <dimen name="x140">142.59dp</dimen>
    <dimen name="x141">143.61dp</dimen>
    <dimen name="x142">144.63dp</dimen>
    <dimen name="x143">145.65dp</dimen>
    <dimen name="x144">146.67dp</dimen>
    <dimen name="x145">147.69dp</dimen>
    <dimen name="x146">148.70dp</dimen>
    <dimen name="x147">149.72dp</dimen>
    <dimen name="x148">150.74dp</dimen>
    <dimen name="x149">151.76dp</dimen>
    <dimen name="x150">152.78dp</dimen>
    <dimen name="x151">153.80dp</dimen>
    <dimen name="x152">154.81dp</dimen>
    <dimen name="x153">155.83dp</dimen>
    <dimen name="x154">156.85dp</dimen>
    <dimen name="x155">157.87dp</dimen>
    <dimen name="x156">158.89dp</dimen>
    <dimen name="x157">159.91dp</dimen>
    <dimen name="x158">160.93dp</dimen>
    <dimen name="x159">161.94dp</dimen>
    <dimen name="x160">162.96dp</dimen>
    <dimen name="x161">163.98dp</dimen>
    <dimen name="x162">165.00dp</dimen>
    <dimen name="x163">166.02dp</dimen>
    <dimen name="x164">167.04dp</dimen>
    <dimen name="x165">168.06dp</dimen>
    <dimen name="x166">169.07dp</dimen>
    <dimen name="x167">170.09dp</dimen>
    <dimen name="x168">171.11dp</dimen>
    <dimen name="x169">172.13dp</dimen>
    <dimen name="x170">173.15dp</dimen>
    <dimen name="x171">174.17dp</dimen>
    <dimen name="x172">175.19dp</dimen>
    <dimen name="x173">176.20dp</dimen>
    <dimen name="x174">177.22dp</dimen>
    <dimen name="x175">178.24dp</dimen>
    <dimen name="x176">179.26dp</dimen>
    <dimen name="x177">180.28dp</dimen>
    <dimen name="x178">181.30dp</dimen>
    <dimen name="x179">182.31dp</dimen>
    <dimen name="x180">183.33dp</dimen>
    <dimen name="x181">184.35dp</dimen>
    <dimen name="x182">185.37dp</dimen>
    <dimen name="x183">186.39dp</dimen>
    <dimen name="x184">187.41dp</dimen>
    <dimen name="x185">188.43dp</dimen>
    <dimen name="x186">189.44dp</dimen>
    <dimen name="x187">190.46dp</dimen>
    <dimen name="x188">191.48dp</dimen>
    <dimen name="x189">192.50dp</dimen>
    <dimen name="x190">193.52dp</dimen>
    <dimen name="x191">194.54dp</dimen>
    <dimen name="x192">195.56dp</dimen>
    <dimen name="x193">196.57dp</dimen>
    <dimen name="x194">197.59dp</dimen>
    <dimen name="x195">198.61dp</dimen>
    <dimen name="x196">199.63dp</dimen>
    <dimen name="x197">200.65dp</dimen>
    <dimen name="x198">201.67dp</dimen>
    <dimen name="x199">202.69dp</dimen>
    <dimen name="x200">203.70dp</dimen>
    <dimen name="x201">204.72dp</dimen>
    <dimen name="x202">205.74dp</dimen>
    <dimen name="x203">206.76dp</dimen>
    <dimen name="x204">207.78dp</dimen>
    <dimen name="x205">208.80dp</dimen>
    <dimen name="x206">209.81dp</dimen>
    <dimen name="x207">210.83dp</dimen>
    <dimen name="x208">211.85dp</dimen>
    <dimen name="x209">212.87dp</dimen>
    <dimen name="x210">213.89dp</dimen>
    <dimen name="x211">214.91dp</dimen>
    <dimen name="x212">215.93dp</dimen>
    <dimen name="x213">216.94dp</dimen>
    <dimen name="x214">217.96dp</dimen>
    <dimen name="x215">218.98dp</dimen>
    <dimen name="x216">220.00dp</dimen>
    <dimen name="x217">221.02dp</dimen>
    <dimen name="x218">222.04dp</dimen>
    <dimen name="x219">223.06dp</dimen>
    <dimen name="x220">224.07dp</dimen>
    <dimen name="x221">225.09dp</dimen>
    <dimen name="x222">226.11dp</dimen>
    <dimen name="x223">227.13dp</dimen>
    <dimen name="x224">228.15dp</dimen>
    <dimen name="x225">229.17dp</dimen>
    <dimen name="x226">230.19dp</dimen>
    <dimen name="x227">231.20dp</dimen>
    <dimen name="x228">232.22dp</dimen>
    <dimen name="x229">233.24dp</dimen>
    <dimen name="x230">234.26dp</dimen>
    <dimen name="x231">235.28dp</dimen>
    <dimen name="x232">236.30dp</dimen>
    <dimen name="x233">237.31dp</dimen>
    <dimen name="x234">238.33dp</dimen>
    <dimen name="x235">239.35dp</dimen>
    <dimen name="x236">240.37dp</dimen>
    <dimen name="x237">241.39dp</dimen>
    <dimen name="x238">242.41dp</dimen>
    <dimen name="x239">243.43dp</dimen>
    <dimen name="x240">244.44dp</dimen>
    <dimen name="x241">245.46dp</dimen>
    <dimen name="x242">246.48dp</dimen>
    <dimen name="x243">247.50dp</dimen>
    <dimen name="x244">248.52dp</dimen>
    <dimen name="x245">249.54dp</dimen>
    <dimen name="x246">250.56dp</dimen>
    <dimen name="x247">251.57dp</dimen>
    <dimen name="x248">252.59dp</dimen>
    <dimen name="x249">253.61dp</dimen>
    <dimen name="x250">254.63dp</dimen>
    <dimen name="x251">255.65dp</dimen>
    <dimen name="x252">256.67dp</dimen>
    <dimen name="x253">257.69dp</dimen>
    <dimen name="x254">258.70dp</dimen>
    <dimen name="x255">259.72dp</dimen>
    <dimen name="x256">260.74dp</dimen>
    <dimen name="x257">261.76dp</dimen>
    <dimen name="x258">262.78dp</dimen>
    <dimen name="x259">263.80dp</dimen>
    <dimen name="x260">264.81dp</dimen>
    <dimen name="x261">265.83dp</dimen>
    <dimen name="x262">266.85dp</dimen>
    <dimen name="x263">267.87dp</dimen>
    <dimen name="x264">268.89dp</dimen>
    <dimen name="x265">269.91dp</dimen>
    <dimen name="x266">270.93dp</dimen>
    <dimen name="x267">271.94dp</dimen>
    <dimen name="x268">272.96dp</dimen>
    <dimen name="x269">273.98dp</dimen>
    <dimen name="x270">275.00dp</dimen>
    <dimen name="x271">276.02dp</dimen>
    <dimen name="x272">277.04dp</dimen>
    <dimen name="x273">278.06dp</dimen>
    <dimen name="x274">279.07dp</dimen>
    <dimen name="x275">280.09dp</dimen>
    <dimen name="x276">281.11dp</dimen>
    <dimen name="x277">282.13dp</dimen>
    <dimen name="x278">283.15dp</dimen>
    <dimen name="x279">284.17dp</dimen>
    <dimen name="x280">285.19dp</dimen>
    <dimen name="x281">286.20dp</dimen>
    <dimen name="x282">287.22dp</dimen>
    <dimen name="x283">288.24dp</dimen>
    <dimen name="x284">289.26dp</dimen>
    <dimen name="x285">290.28dp</dimen>
    <dimen name="x286">291.30dp</dimen>
    <dimen name="x287">292.31dp</dimen>
    <dimen name="x288">293.33dp</dimen>
    <dimen name="x289">294.35dp</dimen>
    <dimen name="x290">295.37dp</dimen>
    <dimen name="x291">296.39dp</dimen>
    <dimen name="x292">297.41dp</dimen>
    <dimen name="x293">298.43dp</dimen>
    <dimen name="x294">299.44dp</dimen>
    <dimen name="x295">300.46dp</dimen>
    <dimen name="x296">301.48dp</dimen>
    <dimen name="x297">302.50dp</dimen>
    <dimen name="x298">303.52dp</dimen>
    <dimen name="x299">304.54dp</dimen>
    <dimen name="x300">305.56dp</dimen>
    <dimen name="x301">306.57dp</dimen>
    <dimen name="x302">307.59dp</dimen>
    <dimen name="x303">308.61dp</dimen>
    <dimen name="x304">309.63dp</dimen>
    <dimen name="x305">310.65dp</dimen>
    <dimen name="x306">311.67dp</dimen>
    <dimen name="x307">312.69dp</dimen>
    <dimen name="x308">313.70dp</dimen>
    <dimen name="x309">314.72dp</dimen>
    <dimen name="x310">315.74dp</dimen>
    <dimen name="x311">316.76dp</dimen>
    <dimen name="x312">317.78dp</dimen>
    <dimen name="x313">318.80dp</dimen>
    <dimen name="x314">319.81dp</dimen>
    <dimen name="x315">320.83dp</dimen>
    <dimen name="x316">321.85dp</dimen>
    <dimen name="x317">322.87dp</dimen>
    <dimen name="x318">323.89dp</dimen>
    <dimen name="x319">324.91dp</dimen>
    <dimen name="x320">325.93dp</dimen>
    <dimen name="x321">326.94dp</dimen>
    <dimen name="x322">327.96dp</dimen>
    <dimen name="x323">328.98dp</dimen>
    <dimen name="x324">330.00dp</dimen>
    <dimen name="x325">331.02dp</dimen>
    <dimen name="x326">332.04dp</dimen>
    <dimen name="x327">333.06dp</dimen>
    <dimen name="x328">334.07dp</dimen>
    <dimen name="x329">335.09dp</dimen>
    <dimen name="x330">336.11dp</dimen>
    <dimen name="x331">337.13dp</dimen>
    <dimen name="x332">338.15dp</dimen>
    <dimen name="x333">339.17dp</dimen>
    <dimen name="x334">340.19dp</dimen>
    <dimen name="x335">341.20dp</dimen>
    <dimen name="x336">342.22dp</dimen>
    <dimen name="x337">343.24dp</dimen>
    <dimen name="x338">344.26dp</dimen>
    <dimen name="x339">345.28dp</dimen>
    <dimen name="x340">346.30dp</dimen>
    <dimen name="x341">347.31dp</dimen>
    <dimen name="x342">348.33dp</dimen>
    <dimen name="x343">349.35dp</dimen>
    <dimen name="x344">350.37dp</dimen>
    <dimen name="x345">351.39dp</dimen>
    <dimen name="x346">352.41dp</dimen>
    <dimen name="x347">353.43dp</dimen>
    <dimen name="x348">354.44dp</dimen>
    <dimen name="x349">355.46dp</dimen>
    <dimen name="x350">356.48dp</dimen>
    <dimen name="x351">357.50dp</dimen>
    <dimen name="x352">358.52dp</dimen>
    <dimen name="x353">359.54dp</dimen>
    <dimen name="x354">360.56dp</dimen>
    <dimen name="x355">361.57dp</dimen>
    <dimen name="x356">362.59dp</dimen>
    <dimen name="x357">363.61dp</dimen>
    <dimen name="x358">364.63dp</dimen>
    <dimen name="x359">365.65dp</dimen>
    <dimen name="x360">366.67dp</dimen>
    <dimen name="x361">367.69dp</dimen>
    <dimen name="x362">368.70dp</dimen>
    <dimen name="x363">369.72dp</dimen>
    <dimen name="x364">370.74dp</dimen>
    <dimen name="x365">371.76dp</dimen>
    <dimen name="x366">372.78dp</dimen>
    <dimen name="x367">373.80dp</dimen>
    <dimen name="x368">374.81dp</dimen>
    <dimen name="x369">375.83dp</dimen>
    <dimen name="x370">376.85dp</dimen>
    <dimen name="x371">377.87dp</dimen>
    <dimen name="x372">378.89dp</dimen>
    <dimen name="x373">379.91dp</dimen>
    <dimen name="x374">380.93dp</dimen>
    <dimen name="x375">381.94dp</dimen>
    <dimen name="x376">382.96dp</dimen>
    <dimen name="x377">383.98dp</dimen>
    <dimen name="x378">385.00dp</dimen>
    <dimen name="x379">386.02dp</dimen>
    <dimen name="x380">387.04dp</dimen>
    <dimen name="x381">388.06dp</dimen>
    <dimen name="x382">389.07dp</dimen>
    <dimen name="x383">390.09dp</dimen>
    <dimen name="x384">391.11dp</dimen>
    <dimen name="x385">392.13dp</dimen>
    <dimen name="x386">393.15dp</dimen>
    <dimen name="x387">394.17dp</dimen>
    <dimen name="x388">395.19dp</dimen>
    <dimen name="x389">396.20dp</dimen>
    <dimen name="x390">397.22dp</dimen>
    <dimen name="x391">398.24dp</dimen>
    <dimen name="x392">399.26dp</dimen>
    <dimen name="x393">400.28dp</dimen>
    <dimen name="x394">401.30dp</dimen>
    <dimen name="x395">402.31dp</dimen>
    <dimen name="x396">403.33dp</dimen>
    <dimen name="x397">404.35dp</dimen>
    <dimen name="x398">405.37dp</dimen>
    <dimen name="x399">406.39dp</dimen>
    <dimen name="x400">407.41dp</dimen>
    <dimen name="x401">408.43dp</dimen>
    <dimen name="x402">409.44dp</dimen>
    <dimen name="x403">410.46dp</dimen>
    <dimen name="x404">411.48dp</dimen>
    <dimen name="x405">412.50dp</dimen>
    <dimen name="x406">413.52dp</dimen>
    <dimen name="x407">414.54dp</dimen>
    <dimen name="x408">415.56dp</dimen>
    <dimen name="x409">416.57dp</dimen>
    <dimen name="x410">417.59dp</dimen>
    <dimen name="x411">418.61dp</dimen>
    <dimen name="x412">419.63dp</dimen>
    <dimen name="x413">420.65dp</dimen>
    <dimen name="x414">421.67dp</dimen>
    <dimen name="x415">422.69dp</dimen>
    <dimen name="x416">423.70dp</dimen>
    <dimen name="x417">424.72dp</dimen>
    <dimen name="x418">425.74dp</dimen>
    <dimen name="x419">426.76dp</dimen>
    <dimen name="x420">427.78dp</dimen>
    <dimen name="x421">428.80dp</dimen>
    <dimen name="x422">429.81dp</dimen>
    <dimen name="x423">430.83dp</dimen>
    <dimen name="x424">431.85dp</dimen>
    <dimen name="x425">432.87dp</dimen>
    <dimen name="x426">433.89dp</dimen>
    <dimen name="x427">434.91dp</dimen>
    <dimen name="x428">435.93dp</dimen>
    <dimen name="x429">436.94dp</dimen>
    <dimen name="x430">437.96dp</dimen>
    <dimen name="x431">438.98dp</dimen>
    <dimen name="x432">440.00dp</dimen>
    <dimen name="x433">441.02dp</dimen>
    <dimen name="x434">442.04dp</dimen>
    <dimen name="x435">443.06dp</dimen>
    <dimen name="x436">444.07dp</dimen>
    <dimen name="x437">445.09dp</dimen>
    <dimen name="x438">446.11dp</dimen>
    <dimen name="x439">447.13dp</dimen>
    <dimen name="x440">448.15dp</dimen>
    <dimen name="x441">449.17dp</dimen>
    <dimen name="x442">450.19dp</dimen>
    <dimen name="x443">451.20dp</dimen>
    <dimen name="x444">452.22dp</dimen>
    <dimen name="x445">453.24dp</dimen>
    <dimen name="x446">454.26dp</dimen>
    <dimen name="x447">455.28dp</dimen>
    <dimen name="x448">456.30dp</dimen>
    <dimen name="x449">457.31dp</dimen>
    <dimen name="x450">458.33dp</dimen>
    <dimen name="x451">459.35dp</dimen>
    <dimen name="x452">460.37dp</dimen>
    <dimen name="x453">461.39dp</dimen>
    <dimen name="x454">462.41dp</dimen>
    <dimen name="x455">463.43dp</dimen>
    <dimen name="x456">464.44dp</dimen>
    <dimen name="x457">465.46dp</dimen>
    <dimen name="x458">466.48dp</dimen>
    <dimen name="x459">467.50dp</dimen>
    <dimen name="x460">468.52dp</dimen>
    <dimen name="x461">469.54dp</dimen>
    <dimen name="x462">470.56dp</dimen>
    <dimen name="x463">471.57dp</dimen>
    <dimen name="x464">472.59dp</dimen>
    <dimen name="x465">473.61dp</dimen>
    <dimen name="x466">474.63dp</dimen>
    <dimen name="x467">475.65dp</dimen>
    <dimen name="x468">476.67dp</dimen>
    <dimen name="x469">477.69dp</dimen>
    <dimen name="x470">478.70dp</dimen>
    <dimen name="x471">479.72dp</dimen>
    <dimen name="x472">480.74dp</dimen>
    <dimen name="x473">481.76dp</dimen>
    <dimen name="x474">482.78dp</dimen>
    <dimen name="x475">483.80dp</dimen>
    <dimen name="x476">484.81dp</dimen>
    <dimen name="x477">485.83dp</dimen>
    <dimen name="x478">486.85dp</dimen>
    <dimen name="x479">487.87dp</dimen>
    <dimen name="x480">488.89dp</dimen>
    <dimen name="x481">489.91dp</dimen>
    <dimen name="x482">490.93dp</dimen>
    <dimen name="x483">491.94dp</dimen>
    <dimen name="x484">492.96dp</dimen>
    <dimen name="x485">493.98dp</dimen>
    <dimen name="x486">495.00dp</dimen>
    <dimen name="x487">496.02dp</dimen>
    <dimen name="x488">497.04dp</dimen>
    <dimen name="x489">498.06dp</dimen>
    <dimen name="x490">499.07dp</dimen>
    <dimen name="x491">500.09dp</dimen>
    <dimen name="x492">501.11dp</dimen>
    <dimen name="x493">502.13dp</dimen>
    <dimen name="x494">503.15dp</dimen>
    <dimen name="x495">504.17dp</dimen>
    <dimen name="x496">505.19dp</dimen>
    <dimen name="x497">506.20dp</dimen>
    <dimen name="x498">507.22dp</dimen>
    <dimen name="x499">508.24dp</dimen>
    <dimen name="x500">509.26dp</dimen>
    <dimen name="x501">510.28dp</dimen>
    <dimen name="x502">511.30dp</dimen>
    <dimen name="x503">512.31dp</dimen>
    <dimen name="x504">513.33dp</dimen>
    <dimen name="x505">514.35dp</dimen>
    <dimen name="x506">515.37dp</dimen>
    <dimen name="x507">516.39dp</dimen>
    <dimen name="x508">517.41dp</dimen>
    <dimen name="x509">518.43dp</dimen>
    <dimen name="x510">519.44dp</dimen>
    <dimen name="x511">520.46dp</dimen>
    <dimen name="x512">521.48dp</dimen>
    <dimen name="x513">522.50dp</dimen>
    <dimen name="x514">523.52dp</dimen>
    <dimen name="x515">524.54dp</dimen>
    <dimen name="x516">525.56dp</dimen>
    <dimen name="x517">526.57dp</dimen>
    <dimen name="x518">527.59dp</dimen>
    <dimen name="x519">528.61dp</dimen>
    <dimen name="x520">529.63dp</dimen>
    <dimen name="x521">530.65dp</dimen>
    <dimen name="x522">531.67dp</dimen>
    <dimen name="x523">532.69dp</dimen>
    <dimen name="x524">533.70dp</dimen>
    <dimen name="x525">534.72dp</dimen>
    <dimen name="x526">535.74dp</dimen>
    <dimen name="x527">536.76dp</dimen>
    <dimen name="x528">537.78dp</dimen>
    <dimen name="x529">538.80dp</dimen>
    <dimen name="x530">539.81dp</dimen>
    <dimen name="x531">540.83dp</dimen>
    <dimen name="x532">541.85dp</dimen>
    <dimen name="x533">542.87dp</dimen>
    <dimen name="x534">543.89dp</dimen>
    <dimen name="x535">544.91dp</dimen>
    <dimen name="x536">545.93dp</dimen>
    <dimen name="x537">546.94dp</dimen>
    <dimen name="x538">547.96dp</dimen>
    <dimen name="x539">548.98dp</dimen>
    <dimen name="x540">550.00dp</dimen>
    <dimen name="x541">551.02dp</dimen>
    <dimen name="x542">552.04dp</dimen>
    <dimen name="x543">553.06dp</dimen>
    <dimen name="x544">554.07dp</dimen>
    <dimen name="x545">555.09dp</dimen>
    <dimen name="x546">556.11dp</dimen>
    <dimen name="x547">557.13dp</dimen>
    <dimen name="x548">558.15dp</dimen>
    <dimen name="x549">559.17dp</dimen>
    <dimen name="x550">560.19dp</dimen>
    <dimen name="x551">561.20dp</dimen>
    <dimen name="x552">562.22dp</dimen>
    <dimen name="x553">563.24dp</dimen>
    <dimen name="x554">564.26dp</dimen>
    <dimen name="x555">565.28dp</dimen>
    <dimen name="x556">566.30dp</dimen>
    <dimen name="x557">567.31dp</dimen>
    <dimen name="x558">568.33dp</dimen>
    <dimen name="x559">569.35dp</dimen>
    <dimen name="x560">570.37dp</dimen>
    <dimen name="x561">571.39dp</dimen>
    <dimen name="x562">572.41dp</dimen>
    <dimen name="x563">573.43dp</dimen>
    <dimen name="x564">574.44dp</dimen>
    <dimen name="x565">575.46dp</dimen>
    <dimen name="x566">576.48dp</dimen>
    <dimen name="x567">577.50dp</dimen>
    <dimen name="x568">578.52dp</dimen>
    <dimen name="x569">579.54dp</dimen>
    <dimen name="x570">580.56dp</dimen>
    <dimen name="x571">581.57dp</dimen>
    <dimen name="x572">582.59dp</dimen>
    <dimen name="x573">583.61dp</dimen>
    <dimen name="x574">584.63dp</dimen>
    <dimen name="x575">585.65dp</dimen>
    <dimen name="x576">586.67dp</dimen>
    <dimen name="x577">587.69dp</dimen>
    <dimen name="x578">588.70dp</dimen>
    <dimen name="x579">589.72dp</dimen>
    <dimen name="x580">590.74dp</dimen>
    <dimen name="x581">591.76dp</dimen>
    <dimen name="x582">592.78dp</dimen>
    <dimen name="x583">593.80dp</dimen>
    <dimen name="x584">594.81dp</dimen>
    <dimen name="x585">595.83dp</dimen>
    <dimen name="x586">596.85dp</dimen>
    <dimen name="x587">597.87dp</dimen>
    <dimen name="x588">598.89dp</dimen>
    <dimen name="x589">599.91dp</dimen>
    <dimen name="x590">600.93dp</dimen>
    <dimen name="x591">601.94dp</dimen>
    <dimen name="x592">602.96dp</dimen>
    <dimen name="x593">603.98dp</dimen>
    <dimen name="x594">605.00dp</dimen>
    <dimen name="x595">606.02dp</dimen>
    <dimen name="x596">607.04dp</dimen>
    <dimen name="x597">608.06dp</dimen>
    <dimen name="x598">609.07dp</dimen>
    <dimen name="x599">610.09dp</dimen>
    <dimen name="x600">611.11dp</dimen>
    <dimen name="x601">612.13dp</dimen>
    <dimen name="x602">613.15dp</dimen>
    <dimen name="x603">614.17dp</dimen>
    <dimen name="x604">615.19dp</dimen>
    <dimen name="x605">616.20dp</dimen>
    <dimen name="x606">617.22dp</dimen>
    <dimen name="x607">618.24dp</dimen>
    <dimen name="x608">619.26dp</dimen>
    <dimen name="x609">620.28dp</dimen>
    <dimen name="x610">621.30dp</dimen>
    <dimen name="x611">622.31dp</dimen>
    <dimen name="x612">623.33dp</dimen>
    <dimen name="x613">624.35dp</dimen>
    <dimen name="x614">625.37dp</dimen>
    <dimen name="x615">626.39dp</dimen>
    <dimen name="x616">627.41dp</dimen>
    <dimen name="x617">628.43dp</dimen>
    <dimen name="x618">629.44dp</dimen>
    <dimen name="x619">630.46dp</dimen>
    <dimen name="x620">631.48dp</dimen>
    <dimen name="x621">632.50dp</dimen>
    <dimen name="x622">633.52dp</dimen>
    <dimen name="x623">634.54dp</dimen>
    <dimen name="x624">635.56dp</dimen>
    <dimen name="x625">636.57dp</dimen>
    <dimen name="x626">637.59dp</dimen>
    <dimen name="x627">638.61dp</dimen>
    <dimen name="x628">639.63dp</dimen>
    <dimen name="x629">640.65dp</dimen>
    <dimen name="x630">641.67dp</dimen>
    <dimen name="x631">642.69dp</dimen>
    <dimen name="x632">643.70dp</dimen>
    <dimen name="x633">644.72dp</dimen>
    <dimen name="x634">645.74dp</dimen>
    <dimen name="x635">646.76dp</dimen>
    <dimen name="x636">647.78dp</dimen>
    <dimen name="x637">648.80dp</dimen>
    <dimen name="x638">649.81dp</dimen>
    <dimen name="x639">650.83dp</dimen>
    <dimen name="x640">651.85dp</dimen>
    <dimen name="x641">652.87dp</dimen>
    <dimen name="x642">653.89dp</dimen>
    <dimen name="x643">654.91dp</dimen>
    <dimen name="x644">655.93dp</dimen>
    <dimen name="x645">656.94dp</dimen>
    <dimen name="x646">657.96dp</dimen>
    <dimen name="x647">658.98dp</dimen>
    <dimen name="x648">660.00dp</dimen>
    <dimen name="x649">661.02dp</dimen>
    <dimen name="x650">662.04dp</dimen>
    <dimen name="x651">663.06dp</dimen>
    <dimen name="x652">664.07dp</dimen>
    <dimen name="x653">665.09dp</dimen>
    <dimen name="x654">666.11dp</dimen>
    <dimen name="x655">667.13dp</dimen>
    <dimen name="x656">668.15dp</dimen>
    <dimen name="x657">669.17dp</dimen>
    <dimen name="x658">670.19dp</dimen>
    <dimen name="x659">671.20dp</dimen>
    <dimen name="x660">672.22dp</dimen>
    <dimen name="x661">673.24dp</dimen>
    <dimen name="x662">674.26dp</dimen>
    <dimen name="x663">675.28dp</dimen>
    <dimen name="x664">676.30dp</dimen>
    <dimen name="x665">677.31dp</dimen>
    <dimen name="x666">678.33dp</dimen>
    <dimen name="x667">679.35dp</dimen>
    <dimen name="x668">680.37dp</dimen>
    <dimen name="x669">681.39dp</dimen>
    <dimen name="x670">682.41dp</dimen>
    <dimen name="x671">683.43dp</dimen>
    <dimen name="x672">684.44dp</dimen>
    <dimen name="x673">685.46dp</dimen>
    <dimen name="x674">686.48dp</dimen>
    <dimen name="x675">687.50dp</dimen>
    <dimen name="x676">688.52dp</dimen>
    <dimen name="x677">689.54dp</dimen>
    <dimen name="x678">690.56dp</dimen>
    <dimen name="x679">691.57dp</dimen>
    <dimen name="x680">692.59dp</dimen>
    <dimen name="x681">693.61dp</dimen>
    <dimen name="x682">694.63dp</dimen>
    <dimen name="x683">695.65dp</dimen>
    <dimen name="x684">696.67dp</dimen>
    <dimen name="x685">697.69dp</dimen>
    <dimen name="x686">698.70dp</dimen>
    <dimen name="x687">699.72dp</dimen>
    <dimen name="x688">700.74dp</dimen>
    <dimen name="x689">701.76dp</dimen>
    <dimen name="x690">702.78dp</dimen>
    <dimen name="x691">703.80dp</dimen>
    <dimen name="x692">704.81dp</dimen>
    <dimen name="x693">705.83dp</dimen>
    <dimen name="x694">706.85dp</dimen>
    <dimen name="x695">707.87dp</dimen>
    <dimen name="x696">708.89dp</dimen>
    <dimen name="x697">709.91dp</dimen>
    <dimen name="x698">710.93dp</dimen>
    <dimen name="x699">711.94dp</dimen>
    <dimen name="x700">712.96dp</dimen>
    <dimen name="x701">713.98dp</dimen>
    <dimen name="x702">715.00dp</dimen>
    <dimen name="x703">716.02dp</dimen>
    <dimen name="x704">717.04dp</dimen>
    <dimen name="x705">718.06dp</dimen>
    <dimen name="x706">719.07dp</dimen>
    <dimen name="x707">720.09dp</dimen>
    <dimen name="x708">721.11dp</dimen>
    <dimen name="x709">722.13dp</dimen>
    <dimen name="x710">723.15dp</dimen>
    <dimen name="x711">724.17dp</dimen>
    <dimen name="x712">725.19dp</dimen>
    <dimen name="x713">726.20dp</dimen>
    <dimen name="x714">727.22dp</dimen>
    <dimen name="x715">728.24dp</dimen>
    <dimen name="x716">729.26dp</dimen>
    <dimen name="x717">730.28dp</dimen>
    <dimen name="x718">731.30dp</dimen>
    <dimen name="x719">732.31dp</dimen>
    <dimen name="x720">733.33dp</dimen>
    <dimen name="x721">734.35dp</dimen>
    <dimen name="x722">735.37dp</dimen>
    <dimen name="x723">736.39dp</dimen>
    <dimen name="x724">737.41dp</dimen>
    <dimen name="x725">738.43dp</dimen>
    <dimen name="x726">739.44dp</dimen>
    <dimen name="x727">740.46dp</dimen>
    <dimen name="x728">741.48dp</dimen>
    <dimen name="x729">742.50dp</dimen>
    <dimen name="x730">743.52dp</dimen>
    <dimen name="x731">744.54dp</dimen>
    <dimen name="x732">745.56dp</dimen>
    <dimen name="x733">746.57dp</dimen>
    <dimen name="x734">747.59dp</dimen>
    <dimen name="x735">748.61dp</dimen>
    <dimen name="x736">749.63dp</dimen>
    <dimen name="x737">750.65dp</dimen>
    <dimen name="x738">751.67dp</dimen>
    <dimen name="x739">752.69dp</dimen>
    <dimen name="x740">753.70dp</dimen>
    <dimen name="x741">754.72dp</dimen>
    <dimen name="x742">755.74dp</dimen>
    <dimen name="x743">756.76dp</dimen>
    <dimen name="x744">757.78dp</dimen>
    <dimen name="x745">758.80dp</dimen>
    <dimen name="x746">759.81dp</dimen>
    <dimen name="x747">760.83dp</dimen>
    <dimen name="x748">761.85dp</dimen>
    <dimen name="x749">762.87dp</dimen>
    <dimen name="x750">763.89dp</dimen>
    <dimen name="x751">764.91dp</dimen>
    <dimen name="x752">765.93dp</dimen>
    <dimen name="x753">766.94dp</dimen>
    <dimen name="x754">767.96dp</dimen>
    <dimen name="x755">768.98dp</dimen>
    <dimen name="x756">770.00dp</dimen>
    <dimen name="x757">771.02dp</dimen>
    <dimen name="x758">772.04dp</dimen>
    <dimen name="x759">773.06dp</dimen>
    <dimen name="x760">774.07dp</dimen>
    <dimen name="x761">775.09dp</dimen>
    <dimen name="x762">776.11dp</dimen>
    <dimen name="x763">777.13dp</dimen>
    <dimen name="x764">778.15dp</dimen>
    <dimen name="x765">779.17dp</dimen>
    <dimen name="x766">780.19dp</dimen>
    <dimen name="x767">781.20dp</dimen>
    <dimen name="x768">782.22dp</dimen>
    <dimen name="x769">783.24dp</dimen>
    <dimen name="x770">784.26dp</dimen>
    <dimen name="x771">785.28dp</dimen>
    <dimen name="x772">786.30dp</dimen>
    <dimen name="x773">787.31dp</dimen>
    <dimen name="x774">788.33dp</dimen>
    <dimen name="x775">789.35dp</dimen>
    <dimen name="x776">790.37dp</dimen>
    <dimen name="x777">791.39dp</dimen>
    <dimen name="x778">792.41dp</dimen>
    <dimen name="x779">793.43dp</dimen>
    <dimen name="x780">794.44dp</dimen>
    <dimen name="x781">795.46dp</dimen>
    <dimen name="x782">796.48dp</dimen>
    <dimen name="x783">797.50dp</dimen>
    <dimen name="x784">798.52dp</dimen>
    <dimen name="x785">799.54dp</dimen>
    <dimen name="x786">800.56dp</dimen>
    <dimen name="x787">801.57dp</dimen>
    <dimen name="x788">802.59dp</dimen>
    <dimen name="x789">803.61dp</dimen>
    <dimen name="x790">804.63dp</dimen>
    <dimen name="x791">805.65dp</dimen>
    <dimen name="x792">806.67dp</dimen>
    <dimen name="x793">807.69dp</dimen>
    <dimen name="x794">808.70dp</dimen>
    <dimen name="x795">809.72dp</dimen>
    <dimen name="x796">810.74dp</dimen>
    <dimen name="x797">811.76dp</dimen>
    <dimen name="x798">812.78dp</dimen>
    <dimen name="x799">813.80dp</dimen>
    <dimen name="x800">814.81dp</dimen>
    <dimen name="x801">815.83dp</dimen>
    <dimen name="x802">816.85dp</dimen>
    <dimen name="x803">817.87dp</dimen>
    <dimen name="x804">818.89dp</dimen>
    <dimen name="x805">819.91dp</dimen>
    <dimen name="x806">820.93dp</dimen>
    <dimen name="x807">821.94dp</dimen>
    <dimen name="x808">822.96dp</dimen>
    <dimen name="x809">823.98dp</dimen>
    <dimen name="x810">825.00dp</dimen>
    <dimen name="x811">826.02dp</dimen>
    <dimen name="x812">827.04dp</dimen>
    <dimen name="x813">828.06dp</dimen>
    <dimen name="x814">829.07dp</dimen>
    <dimen name="x815">830.09dp</dimen>
    <dimen name="x816">831.11dp</dimen>
    <dimen name="x817">832.13dp</dimen>
    <dimen name="x818">833.15dp</dimen>
    <dimen name="x819">834.17dp</dimen>
    <dimen name="x820">835.19dp</dimen>
    <dimen name="x821">836.20dp</dimen>
    <dimen name="x822">837.22dp</dimen>
    <dimen name="x823">838.24dp</dimen>
    <dimen name="x824">839.26dp</dimen>
    <dimen name="x825">840.28dp</dimen>
    <dimen name="x826">841.30dp</dimen>
    <dimen name="x827">842.31dp</dimen>
    <dimen name="x828">843.33dp</dimen>
    <dimen name="x829">844.35dp</dimen>
    <dimen name="x830">845.37dp</dimen>
    <dimen name="x831">846.39dp</dimen>
    <dimen name="x832">847.41dp</dimen>
    <dimen name="x833">848.43dp</dimen>
    <dimen name="x834">849.44dp</dimen>
    <dimen name="x835">850.46dp</dimen>
    <dimen name="x836">851.48dp</dimen>
    <dimen name="x837">852.50dp</dimen>
    <dimen name="x838">853.52dp</dimen>
    <dimen name="x839">854.54dp</dimen>
    <dimen name="x840">855.56dp</dimen>
    <dimen name="x841">856.57dp</dimen>
    <dimen name="x842">857.59dp</dimen>
    <dimen name="x843">858.61dp</dimen>
    <dimen name="x844">859.63dp</dimen>
    <dimen name="x845">860.65dp</dimen>
    <dimen name="x846">861.67dp</dimen>
    <dimen name="x847">862.69dp</dimen>
    <dimen name="x848">863.70dp</dimen>
    <dimen name="x849">864.72dp</dimen>
    <dimen name="x850">865.74dp</dimen>
    <dimen name="x851">866.76dp</dimen>
    <dimen name="x852">867.78dp</dimen>
    <dimen name="x853">868.80dp</dimen>
    <dimen name="x854">869.81dp</dimen>
    <dimen name="x855">870.83dp</dimen>
    <dimen name="x856">871.85dp</dimen>
    <dimen name="x857">872.87dp</dimen>
    <dimen name="x858">873.89dp</dimen>
    <dimen name="x859">874.91dp</dimen>
    <dimen name="x860">875.93dp</dimen>
    <dimen name="x861">876.94dp</dimen>
    <dimen name="x862">877.96dp</dimen>
    <dimen name="x863">878.98dp</dimen>
    <dimen name="x864">880.00dp</dimen>
    <dimen name="x865">881.02dp</dimen>
    <dimen name="x866">882.04dp</dimen>
    <dimen name="x867">883.06dp</dimen>
    <dimen name="x868">884.07dp</dimen>
    <dimen name="x869">885.09dp</dimen>
    <dimen name="x870">886.11dp</dimen>
    <dimen name="x871">887.13dp</dimen>
    <dimen name="x872">888.15dp</dimen>
    <dimen name="x873">889.17dp</dimen>
    <dimen name="x874">890.19dp</dimen>
    <dimen name="x875">891.20dp</dimen>
    <dimen name="x876">892.22dp</dimen>
    <dimen name="x877">893.24dp</dimen>
    <dimen name="x878">894.26dp</dimen>
    <dimen name="x879">895.28dp</dimen>
    <dimen name="x880">896.30dp</dimen>
    <dimen name="x881">897.31dp</dimen>
    <dimen name="x882">898.33dp</dimen>
    <dimen name="x883">899.35dp</dimen>
    <dimen name="x884">900.37dp</dimen>
    <dimen name="x885">901.39dp</dimen>
    <dimen name="x886">902.41dp</dimen>
    <dimen name="x887">903.43dp</dimen>
    <dimen name="x888">904.44dp</dimen>
    <dimen name="x889">905.46dp</dimen>
    <dimen name="x890">906.48dp</dimen>
    <dimen name="x891">907.50dp</dimen>
    <dimen name="x892">908.52dp</dimen>
    <dimen name="x893">909.54dp</dimen>
    <dimen name="x894">910.56dp</dimen>
    <dimen name="x895">911.57dp</dimen>
    <dimen name="x896">912.59dp</dimen>
    <dimen name="x897">913.61dp</dimen>
    <dimen name="x898">914.63dp</dimen>
    <dimen name="x899">915.65dp</dimen>
    <dimen name="x900">916.67dp</dimen>
    <dimen name="x901">917.69dp</dimen>
    <dimen name="x902">918.70dp</dimen>
    <dimen name="x903">919.72dp</dimen>
    <dimen name="x904">920.74dp</dimen>
    <dimen name="x905">921.76dp</dimen>
    <dimen name="x906">922.78dp</dimen>
    <dimen name="x907">923.80dp</dimen>
    <dimen name="x908">924.81dp</dimen>
    <dimen name="x909">925.83dp</dimen>
    <dimen name="x910">926.85dp</dimen>
    <dimen name="x911">927.87dp</dimen>
    <dimen name="x912">928.89dp</dimen>
    <dimen name="x913">929.91dp</dimen>
    <dimen name="x914">930.93dp</dimen>
    <dimen name="x915">931.94dp</dimen>
    <dimen name="x916">932.96dp</dimen>
    <dimen name="x917">933.98dp</dimen>
    <dimen name="x918">935.00dp</dimen>
    <dimen name="x919">936.02dp</dimen>
    <dimen name="x920">937.04dp</dimen>
    <dimen name="x921">938.06dp</dimen>
    <dimen name="x922">939.07dp</dimen>
    <dimen name="x923">940.09dp</dimen>
    <dimen name="x924">941.11dp</dimen>
    <dimen name="x925">942.13dp</dimen>
    <dimen name="x926">943.15dp</dimen>
    <dimen name="x927">944.17dp</dimen>
    <dimen name="x928">945.19dp</dimen>
    <dimen name="x929">946.20dp</dimen>
    <dimen name="x930">947.22dp</dimen>
    <dimen name="x931">948.24dp</dimen>
    <dimen name="x932">949.26dp</dimen>
    <dimen name="x933">950.28dp</dimen>
    <dimen name="x934">951.30dp</dimen>
    <dimen name="x935">952.31dp</dimen>
    <dimen name="x936">953.33dp</dimen>
    <dimen name="x937">954.35dp</dimen>
    <dimen name="x938">955.37dp</dimen>
    <dimen name="x939">956.39dp</dimen>
    <dimen name="x940">957.41dp</dimen>
    <dimen name="x941">958.43dp</dimen>
    <dimen name="x942">959.44dp</dimen>
    <dimen name="x943">960.46dp</dimen>
    <dimen name="x944">961.48dp</dimen>
    <dimen name="x945">962.50dp</dimen>
    <dimen name="x946">963.52dp</dimen>
    <dimen name="x947">964.54dp</dimen>
    <dimen name="x948">965.56dp</dimen>
    <dimen name="x949">966.57dp</dimen>
    <dimen name="x950">967.59dp</dimen>
    <dimen name="x951">968.61dp</dimen>
    <dimen name="x952">969.63dp</dimen>
    <dimen name="x953">970.65dp</dimen>
    <dimen name="x954">971.67dp</dimen>
    <dimen name="x955">972.69dp</dimen>
    <dimen name="x956">973.70dp</dimen>
    <dimen name="x957">974.72dp</dimen>
    <dimen name="x958">975.74dp</dimen>
    <dimen name="x959">976.76dp</dimen>
    <dimen name="x960">977.78dp</dimen>
    <dimen name="x961">978.80dp</dimen>
    <dimen name="x962">979.81dp</dimen>
    <dimen name="x963">980.83dp</dimen>
    <dimen name="x964">981.85dp</dimen>
    <dimen name="x965">982.87dp</dimen>
    <dimen name="x966">983.89dp</dimen>
    <dimen name="x967">984.91dp</dimen>
    <dimen name="x968">985.93dp</dimen>
    <dimen name="x969">986.94dp</dimen>
    <dimen name="x970">987.96dp</dimen>
    <dimen name="x971">988.98dp</dimen>
    <dimen name="x972">990.00dp</dimen>
    <dimen name="x973">991.02dp</dimen>
    <dimen name="x974">992.04dp</dimen>
    <dimen name="x975">993.06dp</dimen>
    <dimen name="x976">994.07dp</dimen>
    <dimen name="x977">995.09dp</dimen>
    <dimen name="x978">996.11dp</dimen>
    <dimen name="x979">997.13dp</dimen>
    <dimen name="x980">998.15dp</dimen>
    <dimen name="x981">999.17dp</dimen>
    <dimen name="x982">1000.19dp</dimen>
    <dimen name="x983">1001.20dp</dimen>
    <dimen name="x984">1002.22dp</dimen>
    <dimen name="x985">1003.24dp</dimen>
    <dimen name="x986">1004.26dp</dimen>
    <dimen name="x987">1005.28dp</dimen>
    <dimen name="x988">1006.30dp</dimen>
    <dimen name="x989">1007.31dp</dimen>
    <dimen name="x990">1008.33dp</dimen>
    <dimen name="x991">1009.35dp</dimen>
    <dimen name="x992">1010.37dp</dimen>
    <dimen name="x993">1011.39dp</dimen>
    <dimen name="x994">1012.41dp</dimen>
    <dimen name="x995">1013.43dp</dimen>
    <dimen name="x996">1014.44dp</dimen>
    <dimen name="x997">1015.46dp</dimen>
    <dimen name="x998">1016.48dp</dimen>
    <dimen name="x999">1017.50dp</dimen>
    <dimen name="x1000">1018.52dp</dimen>
    <dimen name="x1001">1019.54dp</dimen>
    <dimen name="x1002">1020.56dp</dimen>
    <dimen name="x1003">1021.57dp</dimen>
    <dimen name="x1004">1022.59dp</dimen>
    <dimen name="x1005">1023.61dp</dimen>
    <dimen name="x1006">1024.63dp</dimen>
    <dimen name="x1007">1025.65dp</dimen>
    <dimen name="x1008">1026.67dp</dimen>
    <dimen name="x1009">1027.69dp</dimen>
    <dimen name="x1010">1028.70dp</dimen>
    <dimen name="x1011">1029.72dp</dimen>
    <dimen name="x1012">1030.74dp</dimen>
    <dimen name="x1013">1031.76dp</dimen>
    <dimen name="x1014">1032.78dp</dimen>
    <dimen name="x1015">1033.80dp</dimen>
    <dimen name="x1016">1034.81dp</dimen>
    <dimen name="x1017">1035.83dp</dimen>
    <dimen name="x1018">1036.85dp</dimen>
    <dimen name="x1019">1037.87dp</dimen>
    <dimen name="x1020">1038.89dp</dimen>
    <dimen name="x1021">1039.91dp</dimen>
    <dimen name="x1022">1040.93dp</dimen>
    <dimen name="x1023">1041.94dp</dimen>
    <dimen name="x1024">1042.96dp</dimen>
    <dimen name="x1025">1043.98dp</dimen>
    <dimen name="x1026">1045.00dp</dimen>
    <dimen name="x1027">1046.02dp</dimen>
    <dimen name="x1028">1047.04dp</dimen>
    <dimen name="x1029">1048.06dp</dimen>
    <dimen name="x1030">1049.07dp</dimen>
    <dimen name="x1031">1050.09dp</dimen>
    <dimen name="x1032">1051.11dp</dimen>
    <dimen name="x1033">1052.13dp</dimen>
    <dimen name="x1034">1053.15dp</dimen>
    <dimen name="x1035">1054.17dp</dimen>
    <dimen name="x1036">1055.19dp</dimen>
    <dimen name="x1037">1056.20dp</dimen>
    <dimen name="x1038">1057.22dp</dimen>
    <dimen name="x1039">1058.24dp</dimen>
    <dimen name="x1040">1059.26dp</dimen>
    <dimen name="x1041">1060.28dp</dimen>
    <dimen name="x1042">1061.30dp</dimen>
    <dimen name="x1043">1062.31dp</dimen>
    <dimen name="x1044">1063.33dp</dimen>
    <dimen name="x1045">1064.35dp</dimen>
    <dimen name="x1046">1065.37dp</dimen>
    <dimen name="x1047">1066.39dp</dimen>
    <dimen name="x1048">1067.41dp</dimen>
    <dimen name="x1049">1068.43dp</dimen>
    <dimen name="x1050">1069.44dp</dimen>
    <dimen name="x1051">1070.46dp</dimen>
    <dimen name="x1052">1071.48dp</dimen>
    <dimen name="x1053">1072.50dp</dimen>
    <dimen name="x1054">1073.52dp</dimen>
    <dimen name="x1055">1074.54dp</dimen>
    <dimen name="x1056">1075.56dp</dimen>
    <dimen name="x1057">1076.57dp</dimen>
    <dimen name="x1058">1077.59dp</dimen>
    <dimen name="x1059">1078.61dp</dimen>
    <dimen name="x1060">1079.63dp</dimen>
    <dimen name="x1061">1080.65dp</dimen>
    <dimen name="x1062">1081.67dp</dimen>
    <dimen name="x1063">1082.69dp</dimen>
    <dimen name="x1064">1083.70dp</dimen>
    <dimen name="x1065">1084.72dp</dimen>
    <dimen name="x1066">1085.74dp</dimen>
    <dimen name="x1067">1086.76dp</dimen>
    <dimen name="x1068">1087.78dp</dimen>
    <dimen name="x1069">1088.80dp</dimen>
    <dimen name="x1070">1089.81dp</dimen>
    <dimen name="x1071">1090.83dp</dimen>
    <dimen name="x1072">1091.85dp</dimen>
    <dimen name="x1073">1092.87dp</dimen>
    <dimen name="x1074">1093.89dp</dimen>
    <dimen name="x1075">1094.91dp</dimen>
    <dimen name="x1076">1095.93dp</dimen>
    <dimen name="x1077">1096.94dp</dimen>
    <dimen name="x1078">1097.96dp</dimen>
    <dimen name="x1079">1098.98dp</dimen>
    <dimen name="x1080">1100.00dp</dimen>
</resources>