<?xml version="1.0" encoding="utf-8"?>
<resources>
    <string name="sw_dp">1060dp</string>
    <dimen name="x1">0.98dp</dimen>
    <dimen name="x2">1.96dp</dimen>
    <dimen name="x3">2.94dp</dimen>
    <dimen name="x4">3.93dp</dimen>
    <dimen name="x5">4.91dp</dimen>
    <dimen name="x6">5.89dp</dimen>
    <dimen name="x7">6.87dp</dimen>
    <dimen name="x8">7.85dp</dimen>
    <dimen name="x9">8.83dp</dimen>
    <dimen name="x10">9.81dp</dimen>
    <dimen name="x11">10.80dp</dimen>
    <dimen name="x12">11.78dp</dimen>
    <dimen name="x13">12.76dp</dimen>
    <dimen name="x14">13.74dp</dimen>
    <dimen name="x15">14.72dp</dimen>
    <dimen name="x16">15.70dp</dimen>
    <dimen name="x17">16.69dp</dimen>
    <dimen name="x18">17.67dp</dimen>
    <dimen name="x19">18.65dp</dimen>
    <dimen name="x20">19.63dp</dimen>
    <dimen name="x21">20.61dp</dimen>
    <dimen name="x22">21.59dp</dimen>
    <dimen name="x23">22.57dp</dimen>
    <dimen name="x24">23.56dp</dimen>
    <dimen name="x25">24.54dp</dimen>
    <dimen name="x26">25.52dp</dimen>
    <dimen name="x27">26.50dp</dimen>
    <dimen name="x28">27.48dp</dimen>
    <dimen name="x29">28.46dp</dimen>
    <dimen name="x30">29.44dp</dimen>
    <dimen name="x31">30.43dp</dimen>
    <dimen name="x32">31.41dp</dimen>
    <dimen name="x33">32.39dp</dimen>
    <dimen name="x34">33.37dp</dimen>
    <dimen name="x35">34.35dp</dimen>
    <dimen name="x36">35.33dp</dimen>
    <dimen name="x37">36.31dp</dimen>
    <dimen name="x38">37.30dp</dimen>
    <dimen name="x39">38.28dp</dimen>
    <dimen name="x40">39.26dp</dimen>
    <dimen name="x41">40.24dp</dimen>
    <dimen name="x42">41.22dp</dimen>
    <dimen name="x43">42.20dp</dimen>
    <dimen name="x44">43.19dp</dimen>
    <dimen name="x45">44.17dp</dimen>
    <dimen name="x46">45.15dp</dimen>
    <dimen name="x47">46.13dp</dimen>
    <dimen name="x48">47.11dp</dimen>
    <dimen name="x49">48.09dp</dimen>
    <dimen name="x50">49.07dp</dimen>
    <dimen name="x51">50.06dp</dimen>
    <dimen name="x52">51.04dp</dimen>
    <dimen name="x53">52.02dp</dimen>
    <dimen name="x54">53.00dp</dimen>
    <dimen name="x55">53.98dp</dimen>
    <dimen name="x56">54.96dp</dimen>
    <dimen name="x57">55.94dp</dimen>
    <dimen name="x58">56.93dp</dimen>
    <dimen name="x59">57.91dp</dimen>
    <dimen name="x60">58.89dp</dimen>
    <dimen name="x61">59.87dp</dimen>
    <dimen name="x62">60.85dp</dimen>
    <dimen name="x63">61.83dp</dimen>
    <dimen name="x64">62.81dp</dimen>
    <dimen name="x65">63.80dp</dimen>
    <dimen name="x66">64.78dp</dimen>
    <dimen name="x67">65.76dp</dimen>
    <dimen name="x68">66.74dp</dimen>
    <dimen name="x69">67.72dp</dimen>
    <dimen name="x70">68.70dp</dimen>
    <dimen name="x71">69.69dp</dimen>
    <dimen name="x72">70.67dp</dimen>
    <dimen name="x73">71.65dp</dimen>
    <dimen name="x74">72.63dp</dimen>
    <dimen name="x75">73.61dp</dimen>
    <dimen name="x76">74.59dp</dimen>
    <dimen name="x77">75.57dp</dimen>
    <dimen name="x78">76.56dp</dimen>
    <dimen name="x79">77.54dp</dimen>
    <dimen name="x80">78.52dp</dimen>
    <dimen name="x81">79.50dp</dimen>
    <dimen name="x82">80.48dp</dimen>
    <dimen name="x83">81.46dp</dimen>
    <dimen name="x84">82.44dp</dimen>
    <dimen name="x85">83.43dp</dimen>
    <dimen name="x86">84.41dp</dimen>
    <dimen name="x87">85.39dp</dimen>
    <dimen name="x88">86.37dp</dimen>
    <dimen name="x89">87.35dp</dimen>
    <dimen name="x90">88.33dp</dimen>
    <dimen name="x91">89.31dp</dimen>
    <dimen name="x92">90.30dp</dimen>
    <dimen name="x93">91.28dp</dimen>
    <dimen name="x94">92.26dp</dimen>
    <dimen name="x95">93.24dp</dimen>
    <dimen name="x96">94.22dp</dimen>
    <dimen name="x97">95.20dp</dimen>
    <dimen name="x98">96.19dp</dimen>
    <dimen name="x99">97.17dp</dimen>
    <dimen name="x100">98.15dp</dimen>
    <dimen name="x101">99.13dp</dimen>
    <dimen name="x102">100.11dp</dimen>
    <dimen name="x103">101.09dp</dimen>
    <dimen name="x104">102.07dp</dimen>
    <dimen name="x105">103.06dp</dimen>
    <dimen name="x106">104.04dp</dimen>
    <dimen name="x107">105.02dp</dimen>
    <dimen name="x108">106.00dp</dimen>
    <dimen name="x109">106.98dp</dimen>
    <dimen name="x110">107.96dp</dimen>
    <dimen name="x111">108.94dp</dimen>
    <dimen name="x112">109.93dp</dimen>
    <dimen name="x113">110.91dp</dimen>
    <dimen name="x114">111.89dp</dimen>
    <dimen name="x115">112.87dp</dimen>
    <dimen name="x116">113.85dp</dimen>
    <dimen name="x117">114.83dp</dimen>
    <dimen name="x118">115.81dp</dimen>
    <dimen name="x119">116.80dp</dimen>
    <dimen name="x120">117.78dp</dimen>
    <dimen name="x121">118.76dp</dimen>
    <dimen name="x122">119.74dp</dimen>
    <dimen name="x123">120.72dp</dimen>
    <dimen name="x124">121.70dp</dimen>
    <dimen name="x125">122.69dp</dimen>
    <dimen name="x126">123.67dp</dimen>
    <dimen name="x127">124.65dp</dimen>
    <dimen name="x128">125.63dp</dimen>
    <dimen name="x129">126.61dp</dimen>
    <dimen name="x130">127.59dp</dimen>
    <dimen name="x131">128.57dp</dimen>
    <dimen name="x132">129.56dp</dimen>
    <dimen name="x133">130.54dp</dimen>
    <dimen name="x134">131.52dp</dimen>
    <dimen name="x135">132.50dp</dimen>
    <dimen name="x136">133.48dp</dimen>
    <dimen name="x137">134.46dp</dimen>
    <dimen name="x138">135.44dp</dimen>
    <dimen name="x139">136.43dp</dimen>
    <dimen name="x140">137.41dp</dimen>
    <dimen name="x141">138.39dp</dimen>
    <dimen name="x142">139.37dp</dimen>
    <dimen name="x143">140.35dp</dimen>
    <dimen name="x144">141.33dp</dimen>
    <dimen name="x145">142.31dp</dimen>
    <dimen name="x146">143.30dp</dimen>
    <dimen name="x147">144.28dp</dimen>
    <dimen name="x148">145.26dp</dimen>
    <dimen name="x149">146.24dp</dimen>
    <dimen name="x150">147.22dp</dimen>
    <dimen name="x151">148.20dp</dimen>
    <dimen name="x152">149.19dp</dimen>
    <dimen name="x153">150.17dp</dimen>
    <dimen name="x154">151.15dp</dimen>
    <dimen name="x155">152.13dp</dimen>
    <dimen name="x156">153.11dp</dimen>
    <dimen name="x157">154.09dp</dimen>
    <dimen name="x158">155.07dp</dimen>
    <dimen name="x159">156.06dp</dimen>
    <dimen name="x160">157.04dp</dimen>
    <dimen name="x161">158.02dp</dimen>
    <dimen name="x162">159.00dp</dimen>
    <dimen name="x163">159.98dp</dimen>
    <dimen name="x164">160.96dp</dimen>
    <dimen name="x165">161.94dp</dimen>
    <dimen name="x166">162.93dp</dimen>
    <dimen name="x167">163.91dp</dimen>
    <dimen name="x168">164.89dp</dimen>
    <dimen name="x169">165.87dp</dimen>
    <dimen name="x170">166.85dp</dimen>
    <dimen name="x171">167.83dp</dimen>
    <dimen name="x172">168.81dp</dimen>
    <dimen name="x173">169.80dp</dimen>
    <dimen name="x174">170.78dp</dimen>
    <dimen name="x175">171.76dp</dimen>
    <dimen name="x176">172.74dp</dimen>
    <dimen name="x177">173.72dp</dimen>
    <dimen name="x178">174.70dp</dimen>
    <dimen name="x179">175.69dp</dimen>
    <dimen name="x180">176.67dp</dimen>
    <dimen name="x181">177.65dp</dimen>
    <dimen name="x182">178.63dp</dimen>
    <dimen name="x183">179.61dp</dimen>
    <dimen name="x184">180.59dp</dimen>
    <dimen name="x185">181.57dp</dimen>
    <dimen name="x186">182.56dp</dimen>
    <dimen name="x187">183.54dp</dimen>
    <dimen name="x188">184.52dp</dimen>
    <dimen name="x189">185.50dp</dimen>
    <dimen name="x190">186.48dp</dimen>
    <dimen name="x191">187.46dp</dimen>
    <dimen name="x192">188.44dp</dimen>
    <dimen name="x193">189.43dp</dimen>
    <dimen name="x194">190.41dp</dimen>
    <dimen name="x195">191.39dp</dimen>
    <dimen name="x196">192.37dp</dimen>
    <dimen name="x197">193.35dp</dimen>
    <dimen name="x198">194.33dp</dimen>
    <dimen name="x199">195.31dp</dimen>
    <dimen name="x200">196.30dp</dimen>
    <dimen name="x201">197.28dp</dimen>
    <dimen name="x202">198.26dp</dimen>
    <dimen name="x203">199.24dp</dimen>
    <dimen name="x204">200.22dp</dimen>
    <dimen name="x205">201.20dp</dimen>
    <dimen name="x206">202.19dp</dimen>
    <dimen name="x207">203.17dp</dimen>
    <dimen name="x208">204.15dp</dimen>
    <dimen name="x209">205.13dp</dimen>
    <dimen name="x210">206.11dp</dimen>
    <dimen name="x211">207.09dp</dimen>
    <dimen name="x212">208.07dp</dimen>
    <dimen name="x213">209.06dp</dimen>
    <dimen name="x214">210.04dp</dimen>
    <dimen name="x215">211.02dp</dimen>
    <dimen name="x216">212.00dp</dimen>
    <dimen name="x217">212.98dp</dimen>
    <dimen name="x218">213.96dp</dimen>
    <dimen name="x219">214.94dp</dimen>
    <dimen name="x220">215.93dp</dimen>
    <dimen name="x221">216.91dp</dimen>
    <dimen name="x222">217.89dp</dimen>
    <dimen name="x223">218.87dp</dimen>
    <dimen name="x224">219.85dp</dimen>
    <dimen name="x225">220.83dp</dimen>
    <dimen name="x226">221.81dp</dimen>
    <dimen name="x227">222.80dp</dimen>
    <dimen name="x228">223.78dp</dimen>
    <dimen name="x229">224.76dp</dimen>
    <dimen name="x230">225.74dp</dimen>
    <dimen name="x231">226.72dp</dimen>
    <dimen name="x232">227.70dp</dimen>
    <dimen name="x233">228.69dp</dimen>
    <dimen name="x234">229.67dp</dimen>
    <dimen name="x235">230.65dp</dimen>
    <dimen name="x236">231.63dp</dimen>
    <dimen name="x237">232.61dp</dimen>
    <dimen name="x238">233.59dp</dimen>
    <dimen name="x239">234.57dp</dimen>
    <dimen name="x240">235.56dp</dimen>
    <dimen name="x241">236.54dp</dimen>
    <dimen name="x242">237.52dp</dimen>
    <dimen name="x243">238.50dp</dimen>
    <dimen name="x244">239.48dp</dimen>
    <dimen name="x245">240.46dp</dimen>
    <dimen name="x246">241.44dp</dimen>
    <dimen name="x247">242.43dp</dimen>
    <dimen name="x248">243.41dp</dimen>
    <dimen name="x249">244.39dp</dimen>
    <dimen name="x250">245.37dp</dimen>
    <dimen name="x251">246.35dp</dimen>
    <dimen name="x252">247.33dp</dimen>
    <dimen name="x253">248.31dp</dimen>
    <dimen name="x254">249.30dp</dimen>
    <dimen name="x255">250.28dp</dimen>
    <dimen name="x256">251.26dp</dimen>
    <dimen name="x257">252.24dp</dimen>
    <dimen name="x258">253.22dp</dimen>
    <dimen name="x259">254.20dp</dimen>
    <dimen name="x260">255.19dp</dimen>
    <dimen name="x261">256.17dp</dimen>
    <dimen name="x262">257.15dp</dimen>
    <dimen name="x263">258.13dp</dimen>
    <dimen name="x264">259.11dp</dimen>
    <dimen name="x265">260.09dp</dimen>
    <dimen name="x266">261.07dp</dimen>
    <dimen name="x267">262.06dp</dimen>
    <dimen name="x268">263.04dp</dimen>
    <dimen name="x269">264.02dp</dimen>
    <dimen name="x270">265.00dp</dimen>
    <dimen name="x271">265.98dp</dimen>
    <dimen name="x272">266.96dp</dimen>
    <dimen name="x273">267.94dp</dimen>
    <dimen name="x274">268.93dp</dimen>
    <dimen name="x275">269.91dp</dimen>
    <dimen name="x276">270.89dp</dimen>
    <dimen name="x277">271.87dp</dimen>
    <dimen name="x278">272.85dp</dimen>
    <dimen name="x279">273.83dp</dimen>
    <dimen name="x280">274.81dp</dimen>
    <dimen name="x281">275.80dp</dimen>
    <dimen name="x282">276.78dp</dimen>
    <dimen name="x283">277.76dp</dimen>
    <dimen name="x284">278.74dp</dimen>
    <dimen name="x285">279.72dp</dimen>
    <dimen name="x286">280.70dp</dimen>
    <dimen name="x287">281.69dp</dimen>
    <dimen name="x288">282.67dp</dimen>
    <dimen name="x289">283.65dp</dimen>
    <dimen name="x290">284.63dp</dimen>
    <dimen name="x291">285.61dp</dimen>
    <dimen name="x292">286.59dp</dimen>
    <dimen name="x293">287.57dp</dimen>
    <dimen name="x294">288.56dp</dimen>
    <dimen name="x295">289.54dp</dimen>
    <dimen name="x296">290.52dp</dimen>
    <dimen name="x297">291.50dp</dimen>
    <dimen name="x298">292.48dp</dimen>
    <dimen name="x299">293.46dp</dimen>
    <dimen name="x300">294.44dp</dimen>
    <dimen name="x301">295.43dp</dimen>
    <dimen name="x302">296.41dp</dimen>
    <dimen name="x303">297.39dp</dimen>
    <dimen name="x304">298.37dp</dimen>
    <dimen name="x305">299.35dp</dimen>
    <dimen name="x306">300.33dp</dimen>
    <dimen name="x307">301.31dp</dimen>
    <dimen name="x308">302.30dp</dimen>
    <dimen name="x309">303.28dp</dimen>
    <dimen name="x310">304.26dp</dimen>
    <dimen name="x311">305.24dp</dimen>
    <dimen name="x312">306.22dp</dimen>
    <dimen name="x313">307.20dp</dimen>
    <dimen name="x314">308.19dp</dimen>
    <dimen name="x315">309.17dp</dimen>
    <dimen name="x316">310.15dp</dimen>
    <dimen name="x317">311.13dp</dimen>
    <dimen name="x318">312.11dp</dimen>
    <dimen name="x319">313.09dp</dimen>
    <dimen name="x320">314.07dp</dimen>
    <dimen name="x321">315.06dp</dimen>
    <dimen name="x322">316.04dp</dimen>
    <dimen name="x323">317.02dp</dimen>
    <dimen name="x324">318.00dp</dimen>
    <dimen name="x325">318.98dp</dimen>
    <dimen name="x326">319.96dp</dimen>
    <dimen name="x327">320.94dp</dimen>
    <dimen name="x328">321.93dp</dimen>
    <dimen name="x329">322.91dp</dimen>
    <dimen name="x330">323.89dp</dimen>
    <dimen name="x331">324.87dp</dimen>
    <dimen name="x332">325.85dp</dimen>
    <dimen name="x333">326.83dp</dimen>
    <dimen name="x334">327.81dp</dimen>
    <dimen name="x335">328.80dp</dimen>
    <dimen name="x336">329.78dp</dimen>
    <dimen name="x337">330.76dp</dimen>
    <dimen name="x338">331.74dp</dimen>
    <dimen name="x339">332.72dp</dimen>
    <dimen name="x340">333.70dp</dimen>
    <dimen name="x341">334.69dp</dimen>
    <dimen name="x342">335.67dp</dimen>
    <dimen name="x343">336.65dp</dimen>
    <dimen name="x344">337.63dp</dimen>
    <dimen name="x345">338.61dp</dimen>
    <dimen name="x346">339.59dp</dimen>
    <dimen name="x347">340.57dp</dimen>
    <dimen name="x348">341.56dp</dimen>
    <dimen name="x349">342.54dp</dimen>
    <dimen name="x350">343.52dp</dimen>
    <dimen name="x351">344.50dp</dimen>
    <dimen name="x352">345.48dp</dimen>
    <dimen name="x353">346.46dp</dimen>
    <dimen name="x354">347.44dp</dimen>
    <dimen name="x355">348.43dp</dimen>
    <dimen name="x356">349.41dp</dimen>
    <dimen name="x357">350.39dp</dimen>
    <dimen name="x358">351.37dp</dimen>
    <dimen name="x359">352.35dp</dimen>
    <dimen name="x360">353.33dp</dimen>
    <dimen name="x361">354.31dp</dimen>
    <dimen name="x362">355.30dp</dimen>
    <dimen name="x363">356.28dp</dimen>
    <dimen name="x364">357.26dp</dimen>
    <dimen name="x365">358.24dp</dimen>
    <dimen name="x366">359.22dp</dimen>
    <dimen name="x367">360.20dp</dimen>
    <dimen name="x368">361.19dp</dimen>
    <dimen name="x369">362.17dp</dimen>
    <dimen name="x370">363.15dp</dimen>
    <dimen name="x371">364.13dp</dimen>
    <dimen name="x372">365.11dp</dimen>
    <dimen name="x373">366.09dp</dimen>
    <dimen name="x374">367.07dp</dimen>
    <dimen name="x375">368.06dp</dimen>
    <dimen name="x376">369.04dp</dimen>
    <dimen name="x377">370.02dp</dimen>
    <dimen name="x378">371.00dp</dimen>
    <dimen name="x379">371.98dp</dimen>
    <dimen name="x380">372.96dp</dimen>
    <dimen name="x381">373.94dp</dimen>
    <dimen name="x382">374.93dp</dimen>
    <dimen name="x383">375.91dp</dimen>
    <dimen name="x384">376.89dp</dimen>
    <dimen name="x385">377.87dp</dimen>
    <dimen name="x386">378.85dp</dimen>
    <dimen name="x387">379.83dp</dimen>
    <dimen name="x388">380.81dp</dimen>
    <dimen name="x389">381.80dp</dimen>
    <dimen name="x390">382.78dp</dimen>
    <dimen name="x391">383.76dp</dimen>
    <dimen name="x392">384.74dp</dimen>
    <dimen name="x393">385.72dp</dimen>
    <dimen name="x394">386.70dp</dimen>
    <dimen name="x395">387.69dp</dimen>
    <dimen name="x396">388.67dp</dimen>
    <dimen name="x397">389.65dp</dimen>
    <dimen name="x398">390.63dp</dimen>
    <dimen name="x399">391.61dp</dimen>
    <dimen name="x400">392.59dp</dimen>
    <dimen name="x401">393.57dp</dimen>
    <dimen name="x402">394.56dp</dimen>
    <dimen name="x403">395.54dp</dimen>
    <dimen name="x404">396.52dp</dimen>
    <dimen name="x405">397.50dp</dimen>
    <dimen name="x406">398.48dp</dimen>
    <dimen name="x407">399.46dp</dimen>
    <dimen name="x408">400.44dp</dimen>
    <dimen name="x409">401.43dp</dimen>
    <dimen name="x410">402.41dp</dimen>
    <dimen name="x411">403.39dp</dimen>
    <dimen name="x412">404.37dp</dimen>
    <dimen name="x413">405.35dp</dimen>
    <dimen name="x414">406.33dp</dimen>
    <dimen name="x415">407.31dp</dimen>
    <dimen name="x416">408.30dp</dimen>
    <dimen name="x417">409.28dp</dimen>
    <dimen name="x418">410.26dp</dimen>
    <dimen name="x419">411.24dp</dimen>
    <dimen name="x420">412.22dp</dimen>
    <dimen name="x421">413.20dp</dimen>
    <dimen name="x422">414.19dp</dimen>
    <dimen name="x423">415.17dp</dimen>
    <dimen name="x424">416.15dp</dimen>
    <dimen name="x425">417.13dp</dimen>
    <dimen name="x426">418.11dp</dimen>
    <dimen name="x427">419.09dp</dimen>
    <dimen name="x428">420.07dp</dimen>
    <dimen name="x429">421.06dp</dimen>
    <dimen name="x430">422.04dp</dimen>
    <dimen name="x431">423.02dp</dimen>
    <dimen name="x432">424.00dp</dimen>
    <dimen name="x433">424.98dp</dimen>
    <dimen name="x434">425.96dp</dimen>
    <dimen name="x435">426.94dp</dimen>
    <dimen name="x436">427.93dp</dimen>
    <dimen name="x437">428.91dp</dimen>
    <dimen name="x438">429.89dp</dimen>
    <dimen name="x439">430.87dp</dimen>
    <dimen name="x440">431.85dp</dimen>
    <dimen name="x441">432.83dp</dimen>
    <dimen name="x442">433.81dp</dimen>
    <dimen name="x443">434.80dp</dimen>
    <dimen name="x444">435.78dp</dimen>
    <dimen name="x445">436.76dp</dimen>
    <dimen name="x446">437.74dp</dimen>
    <dimen name="x447">438.72dp</dimen>
    <dimen name="x448">439.70dp</dimen>
    <dimen name="x449">440.69dp</dimen>
    <dimen name="x450">441.67dp</dimen>
    <dimen name="x451">442.65dp</dimen>
    <dimen name="x452">443.63dp</dimen>
    <dimen name="x453">444.61dp</dimen>
    <dimen name="x454">445.59dp</dimen>
    <dimen name="x455">446.57dp</dimen>
    <dimen name="x456">447.56dp</dimen>
    <dimen name="x457">448.54dp</dimen>
    <dimen name="x458">449.52dp</dimen>
    <dimen name="x459">450.50dp</dimen>
    <dimen name="x460">451.48dp</dimen>
    <dimen name="x461">452.46dp</dimen>
    <dimen name="x462">453.44dp</dimen>
    <dimen name="x463">454.43dp</dimen>
    <dimen name="x464">455.41dp</dimen>
    <dimen name="x465">456.39dp</dimen>
    <dimen name="x466">457.37dp</dimen>
    <dimen name="x467">458.35dp</dimen>
    <dimen name="x468">459.33dp</dimen>
    <dimen name="x469">460.31dp</dimen>
    <dimen name="x470">461.30dp</dimen>
    <dimen name="x471">462.28dp</dimen>
    <dimen name="x472">463.26dp</dimen>
    <dimen name="x473">464.24dp</dimen>
    <dimen name="x474">465.22dp</dimen>
    <dimen name="x475">466.20dp</dimen>
    <dimen name="x476">467.19dp</dimen>
    <dimen name="x477">468.17dp</dimen>
    <dimen name="x478">469.15dp</dimen>
    <dimen name="x479">470.13dp</dimen>
    <dimen name="x480">471.11dp</dimen>
    <dimen name="x481">472.09dp</dimen>
    <dimen name="x482">473.07dp</dimen>
    <dimen name="x483">474.06dp</dimen>
    <dimen name="x484">475.04dp</dimen>
    <dimen name="x485">476.02dp</dimen>
    <dimen name="x486">477.00dp</dimen>
    <dimen name="x487">477.98dp</dimen>
    <dimen name="x488">478.96dp</dimen>
    <dimen name="x489">479.94dp</dimen>
    <dimen name="x490">480.93dp</dimen>
    <dimen name="x491">481.91dp</dimen>
    <dimen name="x492">482.89dp</dimen>
    <dimen name="x493">483.87dp</dimen>
    <dimen name="x494">484.85dp</dimen>
    <dimen name="x495">485.83dp</dimen>
    <dimen name="x496">486.81dp</dimen>
    <dimen name="x497">487.80dp</dimen>
    <dimen name="x498">488.78dp</dimen>
    <dimen name="x499">489.76dp</dimen>
    <dimen name="x500">490.74dp</dimen>
    <dimen name="x501">491.72dp</dimen>
    <dimen name="x502">492.70dp</dimen>
    <dimen name="x503">493.69dp</dimen>
    <dimen name="x504">494.67dp</dimen>
    <dimen name="x505">495.65dp</dimen>
    <dimen name="x506">496.63dp</dimen>
    <dimen name="x507">497.61dp</dimen>
    <dimen name="x508">498.59dp</dimen>
    <dimen name="x509">499.57dp</dimen>
    <dimen name="x510">500.56dp</dimen>
    <dimen name="x511">501.54dp</dimen>
    <dimen name="x512">502.52dp</dimen>
    <dimen name="x513">503.50dp</dimen>
    <dimen name="x514">504.48dp</dimen>
    <dimen name="x515">505.46dp</dimen>
    <dimen name="x516">506.44dp</dimen>
    <dimen name="x517">507.43dp</dimen>
    <dimen name="x518">508.41dp</dimen>
    <dimen name="x519">509.39dp</dimen>
    <dimen name="x520">510.37dp</dimen>
    <dimen name="x521">511.35dp</dimen>
    <dimen name="x522">512.33dp</dimen>
    <dimen name="x523">513.31dp</dimen>
    <dimen name="x524">514.30dp</dimen>
    <dimen name="x525">515.28dp</dimen>
    <dimen name="x526">516.26dp</dimen>
    <dimen name="x527">517.24dp</dimen>
    <dimen name="x528">518.22dp</dimen>
    <dimen name="x529">519.20dp</dimen>
    <dimen name="x530">520.19dp</dimen>
    <dimen name="x531">521.17dp</dimen>
    <dimen name="x532">522.15dp</dimen>
    <dimen name="x533">523.13dp</dimen>
    <dimen name="x534">524.11dp</dimen>
    <dimen name="x535">525.09dp</dimen>
    <dimen name="x536">526.07dp</dimen>
    <dimen name="x537">527.06dp</dimen>
    <dimen name="x538">528.04dp</dimen>
    <dimen name="x539">529.02dp</dimen>
    <dimen name="x540">530.00dp</dimen>
    <dimen name="x541">530.98dp</dimen>
    <dimen name="x542">531.96dp</dimen>
    <dimen name="x543">532.94dp</dimen>
    <dimen name="x544">533.93dp</dimen>
    <dimen name="x545">534.91dp</dimen>
    <dimen name="x546">535.89dp</dimen>
    <dimen name="x547">536.87dp</dimen>
    <dimen name="x548">537.85dp</dimen>
    <dimen name="x549">538.83dp</dimen>
    <dimen name="x550">539.81dp</dimen>
    <dimen name="x551">540.80dp</dimen>
    <dimen name="x552">541.78dp</dimen>
    <dimen name="x553">542.76dp</dimen>
    <dimen name="x554">543.74dp</dimen>
    <dimen name="x555">544.72dp</dimen>
    <dimen name="x556">545.70dp</dimen>
    <dimen name="x557">546.69dp</dimen>
    <dimen name="x558">547.67dp</dimen>
    <dimen name="x559">548.65dp</dimen>
    <dimen name="x560">549.63dp</dimen>
    <dimen name="x561">550.61dp</dimen>
    <dimen name="x562">551.59dp</dimen>
    <dimen name="x563">552.57dp</dimen>
    <dimen name="x564">553.56dp</dimen>
    <dimen name="x565">554.54dp</dimen>
    <dimen name="x566">555.52dp</dimen>
    <dimen name="x567">556.50dp</dimen>
    <dimen name="x568">557.48dp</dimen>
    <dimen name="x569">558.46dp</dimen>
    <dimen name="x570">559.44dp</dimen>
    <dimen name="x571">560.43dp</dimen>
    <dimen name="x572">561.41dp</dimen>
    <dimen name="x573">562.39dp</dimen>
    <dimen name="x574">563.37dp</dimen>
    <dimen name="x575">564.35dp</dimen>
    <dimen name="x576">565.33dp</dimen>
    <dimen name="x577">566.31dp</dimen>
    <dimen name="x578">567.30dp</dimen>
    <dimen name="x579">568.28dp</dimen>
    <dimen name="x580">569.26dp</dimen>
    <dimen name="x581">570.24dp</dimen>
    <dimen name="x582">571.22dp</dimen>
    <dimen name="x583">572.20dp</dimen>
    <dimen name="x584">573.19dp</dimen>
    <dimen name="x585">574.17dp</dimen>
    <dimen name="x586">575.15dp</dimen>
    <dimen name="x587">576.13dp</dimen>
    <dimen name="x588">577.11dp</dimen>
    <dimen name="x589">578.09dp</dimen>
    <dimen name="x590">579.07dp</dimen>
    <dimen name="x591">580.06dp</dimen>
    <dimen name="x592">581.04dp</dimen>
    <dimen name="x593">582.02dp</dimen>
    <dimen name="x594">583.00dp</dimen>
    <dimen name="x595">583.98dp</dimen>
    <dimen name="x596">584.96dp</dimen>
    <dimen name="x597">585.94dp</dimen>
    <dimen name="x598">586.93dp</dimen>
    <dimen name="x599">587.91dp</dimen>
    <dimen name="x600">588.89dp</dimen>
    <dimen name="x601">589.87dp</dimen>
    <dimen name="x602">590.85dp</dimen>
    <dimen name="x603">591.83dp</dimen>
    <dimen name="x604">592.81dp</dimen>
    <dimen name="x605">593.80dp</dimen>
    <dimen name="x606">594.78dp</dimen>
    <dimen name="x607">595.76dp</dimen>
    <dimen name="x608">596.74dp</dimen>
    <dimen name="x609">597.72dp</dimen>
    <dimen name="x610">598.70dp</dimen>
    <dimen name="x611">599.69dp</dimen>
    <dimen name="x612">600.67dp</dimen>
    <dimen name="x613">601.65dp</dimen>
    <dimen name="x614">602.63dp</dimen>
    <dimen name="x615">603.61dp</dimen>
    <dimen name="x616">604.59dp</dimen>
    <dimen name="x617">605.57dp</dimen>
    <dimen name="x618">606.56dp</dimen>
    <dimen name="x619">607.54dp</dimen>
    <dimen name="x620">608.52dp</dimen>
    <dimen name="x621">609.50dp</dimen>
    <dimen name="x622">610.48dp</dimen>
    <dimen name="x623">611.46dp</dimen>
    <dimen name="x624">612.44dp</dimen>
    <dimen name="x625">613.43dp</dimen>
    <dimen name="x626">614.41dp</dimen>
    <dimen name="x627">615.39dp</dimen>
    <dimen name="x628">616.37dp</dimen>
    <dimen name="x629">617.35dp</dimen>
    <dimen name="x630">618.33dp</dimen>
    <dimen name="x631">619.31dp</dimen>
    <dimen name="x632">620.30dp</dimen>
    <dimen name="x633">621.28dp</dimen>
    <dimen name="x634">622.26dp</dimen>
    <dimen name="x635">623.24dp</dimen>
    <dimen name="x636">624.22dp</dimen>
    <dimen name="x637">625.20dp</dimen>
    <dimen name="x638">626.19dp</dimen>
    <dimen name="x639">627.17dp</dimen>
    <dimen name="x640">628.15dp</dimen>
    <dimen name="x641">629.13dp</dimen>
    <dimen name="x642">630.11dp</dimen>
    <dimen name="x643">631.09dp</dimen>
    <dimen name="x644">632.07dp</dimen>
    <dimen name="x645">633.06dp</dimen>
    <dimen name="x646">634.04dp</dimen>
    <dimen name="x647">635.02dp</dimen>
    <dimen name="x648">636.00dp</dimen>
    <dimen name="x649">636.98dp</dimen>
    <dimen name="x650">637.96dp</dimen>
    <dimen name="x651">638.94dp</dimen>
    <dimen name="x652">639.93dp</dimen>
    <dimen name="x653">640.91dp</dimen>
    <dimen name="x654">641.89dp</dimen>
    <dimen name="x655">642.87dp</dimen>
    <dimen name="x656">643.85dp</dimen>
    <dimen name="x657">644.83dp</dimen>
    <dimen name="x658">645.81dp</dimen>
    <dimen name="x659">646.80dp</dimen>
    <dimen name="x660">647.78dp</dimen>
    <dimen name="x661">648.76dp</dimen>
    <dimen name="x662">649.74dp</dimen>
    <dimen name="x663">650.72dp</dimen>
    <dimen name="x664">651.70dp</dimen>
    <dimen name="x665">652.69dp</dimen>
    <dimen name="x666">653.67dp</dimen>
    <dimen name="x667">654.65dp</dimen>
    <dimen name="x668">655.63dp</dimen>
    <dimen name="x669">656.61dp</dimen>
    <dimen name="x670">657.59dp</dimen>
    <dimen name="x671">658.57dp</dimen>
    <dimen name="x672">659.56dp</dimen>
    <dimen name="x673">660.54dp</dimen>
    <dimen name="x674">661.52dp</dimen>
    <dimen name="x675">662.50dp</dimen>
    <dimen name="x676">663.48dp</dimen>
    <dimen name="x677">664.46dp</dimen>
    <dimen name="x678">665.44dp</dimen>
    <dimen name="x679">666.43dp</dimen>
    <dimen name="x680">667.41dp</dimen>
    <dimen name="x681">668.39dp</dimen>
    <dimen name="x682">669.37dp</dimen>
    <dimen name="x683">670.35dp</dimen>
    <dimen name="x684">671.33dp</dimen>
    <dimen name="x685">672.31dp</dimen>
    <dimen name="x686">673.30dp</dimen>
    <dimen name="x687">674.28dp</dimen>
    <dimen name="x688">675.26dp</dimen>
    <dimen name="x689">676.24dp</dimen>
    <dimen name="x690">677.22dp</dimen>
    <dimen name="x691">678.20dp</dimen>
    <dimen name="x692">679.19dp</dimen>
    <dimen name="x693">680.17dp</dimen>
    <dimen name="x694">681.15dp</dimen>
    <dimen name="x695">682.13dp</dimen>
    <dimen name="x696">683.11dp</dimen>
    <dimen name="x697">684.09dp</dimen>
    <dimen name="x698">685.07dp</dimen>
    <dimen name="x699">686.06dp</dimen>
    <dimen name="x700">687.04dp</dimen>
    <dimen name="x701">688.02dp</dimen>
    <dimen name="x702">689.00dp</dimen>
    <dimen name="x703">689.98dp</dimen>
    <dimen name="x704">690.96dp</dimen>
    <dimen name="x705">691.94dp</dimen>
    <dimen name="x706">692.93dp</dimen>
    <dimen name="x707">693.91dp</dimen>
    <dimen name="x708">694.89dp</dimen>
    <dimen name="x709">695.87dp</dimen>
    <dimen name="x710">696.85dp</dimen>
    <dimen name="x711">697.83dp</dimen>
    <dimen name="x712">698.81dp</dimen>
    <dimen name="x713">699.80dp</dimen>
    <dimen name="x714">700.78dp</dimen>
    <dimen name="x715">701.76dp</dimen>
    <dimen name="x716">702.74dp</dimen>
    <dimen name="x717">703.72dp</dimen>
    <dimen name="x718">704.70dp</dimen>
    <dimen name="x719">705.69dp</dimen>
    <dimen name="x720">706.67dp</dimen>
    <dimen name="x721">707.65dp</dimen>
    <dimen name="x722">708.63dp</dimen>
    <dimen name="x723">709.61dp</dimen>
    <dimen name="x724">710.59dp</dimen>
    <dimen name="x725">711.57dp</dimen>
    <dimen name="x726">712.56dp</dimen>
    <dimen name="x727">713.54dp</dimen>
    <dimen name="x728">714.52dp</dimen>
    <dimen name="x729">715.50dp</dimen>
    <dimen name="x730">716.48dp</dimen>
    <dimen name="x731">717.46dp</dimen>
    <dimen name="x732">718.44dp</dimen>
    <dimen name="x733">719.43dp</dimen>
    <dimen name="x734">720.41dp</dimen>
    <dimen name="x735">721.39dp</dimen>
    <dimen name="x736">722.37dp</dimen>
    <dimen name="x737">723.35dp</dimen>
    <dimen name="x738">724.33dp</dimen>
    <dimen name="x739">725.31dp</dimen>
    <dimen name="x740">726.30dp</dimen>
    <dimen name="x741">727.28dp</dimen>
    <dimen name="x742">728.26dp</dimen>
    <dimen name="x743">729.24dp</dimen>
    <dimen name="x744">730.22dp</dimen>
    <dimen name="x745">731.20dp</dimen>
    <dimen name="x746">732.19dp</dimen>
    <dimen name="x747">733.17dp</dimen>
    <dimen name="x748">734.15dp</dimen>
    <dimen name="x749">735.13dp</dimen>
    <dimen name="x750">736.11dp</dimen>
    <dimen name="x751">737.09dp</dimen>
    <dimen name="x752">738.07dp</dimen>
    <dimen name="x753">739.06dp</dimen>
    <dimen name="x754">740.04dp</dimen>
    <dimen name="x755">741.02dp</dimen>
    <dimen name="x756">742.00dp</dimen>
    <dimen name="x757">742.98dp</dimen>
    <dimen name="x758">743.96dp</dimen>
    <dimen name="x759">744.94dp</dimen>
    <dimen name="x760">745.93dp</dimen>
    <dimen name="x761">746.91dp</dimen>
    <dimen name="x762">747.89dp</dimen>
    <dimen name="x763">748.87dp</dimen>
    <dimen name="x764">749.85dp</dimen>
    <dimen name="x765">750.83dp</dimen>
    <dimen name="x766">751.81dp</dimen>
    <dimen name="x767">752.80dp</dimen>
    <dimen name="x768">753.78dp</dimen>
    <dimen name="x769">754.76dp</dimen>
    <dimen name="x770">755.74dp</dimen>
    <dimen name="x771">756.72dp</dimen>
    <dimen name="x772">757.70dp</dimen>
    <dimen name="x773">758.69dp</dimen>
    <dimen name="x774">759.67dp</dimen>
    <dimen name="x775">760.65dp</dimen>
    <dimen name="x776">761.63dp</dimen>
    <dimen name="x777">762.61dp</dimen>
    <dimen name="x778">763.59dp</dimen>
    <dimen name="x779">764.57dp</dimen>
    <dimen name="x780">765.56dp</dimen>
    <dimen name="x781">766.54dp</dimen>
    <dimen name="x782">767.52dp</dimen>
    <dimen name="x783">768.50dp</dimen>
    <dimen name="x784">769.48dp</dimen>
    <dimen name="x785">770.46dp</dimen>
    <dimen name="x786">771.44dp</dimen>
    <dimen name="x787">772.43dp</dimen>
    <dimen name="x788">773.41dp</dimen>
    <dimen name="x789">774.39dp</dimen>
    <dimen name="x790">775.37dp</dimen>
    <dimen name="x791">776.35dp</dimen>
    <dimen name="x792">777.33dp</dimen>
    <dimen name="x793">778.31dp</dimen>
    <dimen name="x794">779.30dp</dimen>
    <dimen name="x795">780.28dp</dimen>
    <dimen name="x796">781.26dp</dimen>
    <dimen name="x797">782.24dp</dimen>
    <dimen name="x798">783.22dp</dimen>
    <dimen name="x799">784.20dp</dimen>
    <dimen name="x800">785.19dp</dimen>
    <dimen name="x801">786.17dp</dimen>
    <dimen name="x802">787.15dp</dimen>
    <dimen name="x803">788.13dp</dimen>
    <dimen name="x804">789.11dp</dimen>
    <dimen name="x805">790.09dp</dimen>
    <dimen name="x806">791.07dp</dimen>
    <dimen name="x807">792.06dp</dimen>
    <dimen name="x808">793.04dp</dimen>
    <dimen name="x809">794.02dp</dimen>
    <dimen name="x810">795.00dp</dimen>
    <dimen name="x811">795.98dp</dimen>
    <dimen name="x812">796.96dp</dimen>
    <dimen name="x813">797.94dp</dimen>
    <dimen name="x814">798.93dp</dimen>
    <dimen name="x815">799.91dp</dimen>
    <dimen name="x816">800.89dp</dimen>
    <dimen name="x817">801.87dp</dimen>
    <dimen name="x818">802.85dp</dimen>
    <dimen name="x819">803.83dp</dimen>
    <dimen name="x820">804.81dp</dimen>
    <dimen name="x821">805.80dp</dimen>
    <dimen name="x822">806.78dp</dimen>
    <dimen name="x823">807.76dp</dimen>
    <dimen name="x824">808.74dp</dimen>
    <dimen name="x825">809.72dp</dimen>
    <dimen name="x826">810.70dp</dimen>
    <dimen name="x827">811.69dp</dimen>
    <dimen name="x828">812.67dp</dimen>
    <dimen name="x829">813.65dp</dimen>
    <dimen name="x830">814.63dp</dimen>
    <dimen name="x831">815.61dp</dimen>
    <dimen name="x832">816.59dp</dimen>
    <dimen name="x833">817.57dp</dimen>
    <dimen name="x834">818.56dp</dimen>
    <dimen name="x835">819.54dp</dimen>
    <dimen name="x836">820.52dp</dimen>
    <dimen name="x837">821.50dp</dimen>
    <dimen name="x838">822.48dp</dimen>
    <dimen name="x839">823.46dp</dimen>
    <dimen name="x840">824.44dp</dimen>
    <dimen name="x841">825.43dp</dimen>
    <dimen name="x842">826.41dp</dimen>
    <dimen name="x843">827.39dp</dimen>
    <dimen name="x844">828.37dp</dimen>
    <dimen name="x845">829.35dp</dimen>
    <dimen name="x846">830.33dp</dimen>
    <dimen name="x847">831.31dp</dimen>
    <dimen name="x848">832.30dp</dimen>
    <dimen name="x849">833.28dp</dimen>
    <dimen name="x850">834.26dp</dimen>
    <dimen name="x851">835.24dp</dimen>
    <dimen name="x852">836.22dp</dimen>
    <dimen name="x853">837.20dp</dimen>
    <dimen name="x854">838.19dp</dimen>
    <dimen name="x855">839.17dp</dimen>
    <dimen name="x856">840.15dp</dimen>
    <dimen name="x857">841.13dp</dimen>
    <dimen name="x858">842.11dp</dimen>
    <dimen name="x859">843.09dp</dimen>
    <dimen name="x860">844.07dp</dimen>
    <dimen name="x861">845.06dp</dimen>
    <dimen name="x862">846.04dp</dimen>
    <dimen name="x863">847.02dp</dimen>
    <dimen name="x864">848.00dp</dimen>
    <dimen name="x865">848.98dp</dimen>
    <dimen name="x866">849.96dp</dimen>
    <dimen name="x867">850.94dp</dimen>
    <dimen name="x868">851.93dp</dimen>
    <dimen name="x869">852.91dp</dimen>
    <dimen name="x870">853.89dp</dimen>
    <dimen name="x871">854.87dp</dimen>
    <dimen name="x872">855.85dp</dimen>
    <dimen name="x873">856.83dp</dimen>
    <dimen name="x874">857.81dp</dimen>
    <dimen name="x875">858.80dp</dimen>
    <dimen name="x876">859.78dp</dimen>
    <dimen name="x877">860.76dp</dimen>
    <dimen name="x878">861.74dp</dimen>
    <dimen name="x879">862.72dp</dimen>
    <dimen name="x880">863.70dp</dimen>
    <dimen name="x881">864.69dp</dimen>
    <dimen name="x882">865.67dp</dimen>
    <dimen name="x883">866.65dp</dimen>
    <dimen name="x884">867.63dp</dimen>
    <dimen name="x885">868.61dp</dimen>
    <dimen name="x886">869.59dp</dimen>
    <dimen name="x887">870.57dp</dimen>
    <dimen name="x888">871.56dp</dimen>
    <dimen name="x889">872.54dp</dimen>
    <dimen name="x890">873.52dp</dimen>
    <dimen name="x891">874.50dp</dimen>
    <dimen name="x892">875.48dp</dimen>
    <dimen name="x893">876.46dp</dimen>
    <dimen name="x894">877.44dp</dimen>
    <dimen name="x895">878.43dp</dimen>
    <dimen name="x896">879.41dp</dimen>
    <dimen name="x897">880.39dp</dimen>
    <dimen name="x898">881.37dp</dimen>
    <dimen name="x899">882.35dp</dimen>
    <dimen name="x900">883.33dp</dimen>
    <dimen name="x901">884.31dp</dimen>
    <dimen name="x902">885.30dp</dimen>
    <dimen name="x903">886.28dp</dimen>
    <dimen name="x904">887.26dp</dimen>
    <dimen name="x905">888.24dp</dimen>
    <dimen name="x906">889.22dp</dimen>
    <dimen name="x907">890.20dp</dimen>
    <dimen name="x908">891.19dp</dimen>
    <dimen name="x909">892.17dp</dimen>
    <dimen name="x910">893.15dp</dimen>
    <dimen name="x911">894.13dp</dimen>
    <dimen name="x912">895.11dp</dimen>
    <dimen name="x913">896.09dp</dimen>
    <dimen name="x914">897.07dp</dimen>
    <dimen name="x915">898.06dp</dimen>
    <dimen name="x916">899.04dp</dimen>
    <dimen name="x917">900.02dp</dimen>
    <dimen name="x918">901.00dp</dimen>
    <dimen name="x919">901.98dp</dimen>
    <dimen name="x920">902.96dp</dimen>
    <dimen name="x921">903.94dp</dimen>
    <dimen name="x922">904.93dp</dimen>
    <dimen name="x923">905.91dp</dimen>
    <dimen name="x924">906.89dp</dimen>
    <dimen name="x925">907.87dp</dimen>
    <dimen name="x926">908.85dp</dimen>
    <dimen name="x927">909.83dp</dimen>
    <dimen name="x928">910.81dp</dimen>
    <dimen name="x929">911.80dp</dimen>
    <dimen name="x930">912.78dp</dimen>
    <dimen name="x931">913.76dp</dimen>
    <dimen name="x932">914.74dp</dimen>
    <dimen name="x933">915.72dp</dimen>
    <dimen name="x934">916.70dp</dimen>
    <dimen name="x935">917.69dp</dimen>
    <dimen name="x936">918.67dp</dimen>
    <dimen name="x937">919.65dp</dimen>
    <dimen name="x938">920.63dp</dimen>
    <dimen name="x939">921.61dp</dimen>
    <dimen name="x940">922.59dp</dimen>
    <dimen name="x941">923.57dp</dimen>
    <dimen name="x942">924.56dp</dimen>
    <dimen name="x943">925.54dp</dimen>
    <dimen name="x944">926.52dp</dimen>
    <dimen name="x945">927.50dp</dimen>
    <dimen name="x946">928.48dp</dimen>
    <dimen name="x947">929.46dp</dimen>
    <dimen name="x948">930.44dp</dimen>
    <dimen name="x949">931.43dp</dimen>
    <dimen name="x950">932.41dp</dimen>
    <dimen name="x951">933.39dp</dimen>
    <dimen name="x952">934.37dp</dimen>
    <dimen name="x953">935.35dp</dimen>
    <dimen name="x954">936.33dp</dimen>
    <dimen name="x955">937.31dp</dimen>
    <dimen name="x956">938.30dp</dimen>
    <dimen name="x957">939.28dp</dimen>
    <dimen name="x958">940.26dp</dimen>
    <dimen name="x959">941.24dp</dimen>
    <dimen name="x960">942.22dp</dimen>
    <dimen name="x961">943.20dp</dimen>
    <dimen name="x962">944.19dp</dimen>
    <dimen name="x963">945.17dp</dimen>
    <dimen name="x964">946.15dp</dimen>
    <dimen name="x965">947.13dp</dimen>
    <dimen name="x966">948.11dp</dimen>
    <dimen name="x967">949.09dp</dimen>
    <dimen name="x968">950.07dp</dimen>
    <dimen name="x969">951.06dp</dimen>
    <dimen name="x970">952.04dp</dimen>
    <dimen name="x971">953.02dp</dimen>
    <dimen name="x972">954.00dp</dimen>
    <dimen name="x973">954.98dp</dimen>
    <dimen name="x974">955.96dp</dimen>
    <dimen name="x975">956.94dp</dimen>
    <dimen name="x976">957.93dp</dimen>
    <dimen name="x977">958.91dp</dimen>
    <dimen name="x978">959.89dp</dimen>
    <dimen name="x979">960.87dp</dimen>
    <dimen name="x980">961.85dp</dimen>
    <dimen name="x981">962.83dp</dimen>
    <dimen name="x982">963.81dp</dimen>
    <dimen name="x983">964.80dp</dimen>
    <dimen name="x984">965.78dp</dimen>
    <dimen name="x985">966.76dp</dimen>
    <dimen name="x986">967.74dp</dimen>
    <dimen name="x987">968.72dp</dimen>
    <dimen name="x988">969.70dp</dimen>
    <dimen name="x989">970.69dp</dimen>
    <dimen name="x990">971.67dp</dimen>
    <dimen name="x991">972.65dp</dimen>
    <dimen name="x992">973.63dp</dimen>
    <dimen name="x993">974.61dp</dimen>
    <dimen name="x994">975.59dp</dimen>
    <dimen name="x995">976.57dp</dimen>
    <dimen name="x996">977.56dp</dimen>
    <dimen name="x997">978.54dp</dimen>
    <dimen name="x998">979.52dp</dimen>
    <dimen name="x999">980.50dp</dimen>
    <dimen name="x1000">981.48dp</dimen>
    <dimen name="x1001">982.46dp</dimen>
    <dimen name="x1002">983.44dp</dimen>
    <dimen name="x1003">984.43dp</dimen>
    <dimen name="x1004">985.41dp</dimen>
    <dimen name="x1005">986.39dp</dimen>
    <dimen name="x1006">987.37dp</dimen>
    <dimen name="x1007">988.35dp</dimen>
    <dimen name="x1008">989.33dp</dimen>
    <dimen name="x1009">990.31dp</dimen>
    <dimen name="x1010">991.30dp</dimen>
    <dimen name="x1011">992.28dp</dimen>
    <dimen name="x1012">993.26dp</dimen>
    <dimen name="x1013">994.24dp</dimen>
    <dimen name="x1014">995.22dp</dimen>
    <dimen name="x1015">996.20dp</dimen>
    <dimen name="x1016">997.19dp</dimen>
    <dimen name="x1017">998.17dp</dimen>
    <dimen name="x1018">999.15dp</dimen>
    <dimen name="x1019">1000.13dp</dimen>
    <dimen name="x1020">1001.11dp</dimen>
    <dimen name="x1021">1002.09dp</dimen>
    <dimen name="x1022">1003.07dp</dimen>
    <dimen name="x1023">1004.06dp</dimen>
    <dimen name="x1024">1005.04dp</dimen>
    <dimen name="x1025">1006.02dp</dimen>
    <dimen name="x1026">1007.00dp</dimen>
    <dimen name="x1027">1007.98dp</dimen>
    <dimen name="x1028">1008.96dp</dimen>
    <dimen name="x1029">1009.94dp</dimen>
    <dimen name="x1030">1010.93dp</dimen>
    <dimen name="x1031">1011.91dp</dimen>
    <dimen name="x1032">1012.89dp</dimen>
    <dimen name="x1033">1013.87dp</dimen>
    <dimen name="x1034">1014.85dp</dimen>
    <dimen name="x1035">1015.83dp</dimen>
    <dimen name="x1036">1016.81dp</dimen>
    <dimen name="x1037">1017.80dp</dimen>
    <dimen name="x1038">1018.78dp</dimen>
    <dimen name="x1039">1019.76dp</dimen>
    <dimen name="x1040">1020.74dp</dimen>
    <dimen name="x1041">1021.72dp</dimen>
    <dimen name="x1042">1022.70dp</dimen>
    <dimen name="x1043">1023.69dp</dimen>
    <dimen name="x1044">1024.67dp</dimen>
    <dimen name="x1045">1025.65dp</dimen>
    <dimen name="x1046">1026.63dp</dimen>
    <dimen name="x1047">1027.61dp</dimen>
    <dimen name="x1048">1028.59dp</dimen>
    <dimen name="x1049">1029.57dp</dimen>
    <dimen name="x1050">1030.56dp</dimen>
    <dimen name="x1051">1031.54dp</dimen>
    <dimen name="x1052">1032.52dp</dimen>
    <dimen name="x1053">1033.50dp</dimen>
    <dimen name="x1054">1034.48dp</dimen>
    <dimen name="x1055">1035.46dp</dimen>
    <dimen name="x1056">1036.44dp</dimen>
    <dimen name="x1057">1037.43dp</dimen>
    <dimen name="x1058">1038.41dp</dimen>
    <dimen name="x1059">1039.39dp</dimen>
    <dimen name="x1060">1040.37dp</dimen>
    <dimen name="x1061">1041.35dp</dimen>
    <dimen name="x1062">1042.33dp</dimen>
    <dimen name="x1063">1043.31dp</dimen>
    <dimen name="x1064">1044.30dp</dimen>
    <dimen name="x1065">1045.28dp</dimen>
    <dimen name="x1066">1046.26dp</dimen>
    <dimen name="x1067">1047.24dp</dimen>
    <dimen name="x1068">1048.22dp</dimen>
    <dimen name="x1069">1049.20dp</dimen>
    <dimen name="x1070">1050.19dp</dimen>
    <dimen name="x1071">1051.17dp</dimen>
    <dimen name="x1072">1052.15dp</dimen>
    <dimen name="x1073">1053.13dp</dimen>
    <dimen name="x1074">1054.11dp</dimen>
    <dimen name="x1075">1055.09dp</dimen>
    <dimen name="x1076">1056.07dp</dimen>
    <dimen name="x1077">1057.06dp</dimen>
    <dimen name="x1078">1058.04dp</dimen>
    <dimen name="x1079">1059.02dp</dimen>
    <dimen name="x1080">1060.00dp</dimen>
</resources>