<?xml version="1.0" encoding="utf-8"?>
<resources>
    <string name="sw_dp">1660dp</string>
    <dimen name="x1">1.54dp</dimen>
    <dimen name="x2">3.07dp</dimen>
    <dimen name="x3">4.61dp</dimen>
    <dimen name="x4">6.15dp</dimen>
    <dimen name="x5">7.69dp</dimen>
    <dimen name="x6">9.22dp</dimen>
    <dimen name="x7">10.76dp</dimen>
    <dimen name="x8">12.30dp</dimen>
    <dimen name="x9">13.83dp</dimen>
    <dimen name="x10">15.37dp</dimen>
    <dimen name="x11">16.91dp</dimen>
    <dimen name="x12">18.44dp</dimen>
    <dimen name="x13">19.98dp</dimen>
    <dimen name="x14">21.52dp</dimen>
    <dimen name="x15">23.06dp</dimen>
    <dimen name="x16">24.59dp</dimen>
    <dimen name="x17">26.13dp</dimen>
    <dimen name="x18">27.67dp</dimen>
    <dimen name="x19">29.20dp</dimen>
    <dimen name="x20">30.74dp</dimen>
    <dimen name="x21">32.28dp</dimen>
    <dimen name="x22">33.81dp</dimen>
    <dimen name="x23">35.35dp</dimen>
    <dimen name="x24">36.89dp</dimen>
    <dimen name="x25">38.43dp</dimen>
    <dimen name="x26">39.96dp</dimen>
    <dimen name="x27">41.50dp</dimen>
    <dimen name="x28">43.04dp</dimen>
    <dimen name="x29">44.57dp</dimen>
    <dimen name="x30">46.11dp</dimen>
    <dimen name="x31">47.65dp</dimen>
    <dimen name="x32">49.19dp</dimen>
    <dimen name="x33">50.72dp</dimen>
    <dimen name="x34">52.26dp</dimen>
    <dimen name="x35">53.80dp</dimen>
    <dimen name="x36">55.33dp</dimen>
    <dimen name="x37">56.87dp</dimen>
    <dimen name="x38">58.41dp</dimen>
    <dimen name="x39">59.94dp</dimen>
    <dimen name="x40">61.48dp</dimen>
    <dimen name="x41">63.02dp</dimen>
    <dimen name="x42">64.56dp</dimen>
    <dimen name="x43">66.09dp</dimen>
    <dimen name="x44">67.63dp</dimen>
    <dimen name="x45">69.17dp</dimen>
    <dimen name="x46">70.70dp</dimen>
    <dimen name="x47">72.24dp</dimen>
    <dimen name="x48">73.78dp</dimen>
    <dimen name="x49">75.31dp</dimen>
    <dimen name="x50">76.85dp</dimen>
    <dimen name="x51">78.39dp</dimen>
    <dimen name="x52">79.93dp</dimen>
    <dimen name="x53">81.46dp</dimen>
    <dimen name="x54">83.00dp</dimen>
    <dimen name="x55">84.54dp</dimen>
    <dimen name="x56">86.07dp</dimen>
    <dimen name="x57">87.61dp</dimen>
    <dimen name="x58">89.15dp</dimen>
    <dimen name="x59">90.69dp</dimen>
    <dimen name="x60">92.22dp</dimen>
    <dimen name="x61">93.76dp</dimen>
    <dimen name="x62">95.30dp</dimen>
    <dimen name="x63">96.83dp</dimen>
    <dimen name="x64">98.37dp</dimen>
    <dimen name="x65">99.91dp</dimen>
    <dimen name="x66">101.44dp</dimen>
    <dimen name="x67">102.98dp</dimen>
    <dimen name="x68">104.52dp</dimen>
    <dimen name="x69">106.06dp</dimen>
    <dimen name="x70">107.59dp</dimen>
    <dimen name="x71">109.13dp</dimen>
    <dimen name="x72">110.67dp</dimen>
    <dimen name="x73">112.20dp</dimen>
    <dimen name="x74">113.74dp</dimen>
    <dimen name="x75">115.28dp</dimen>
    <dimen name="x76">116.81dp</dimen>
    <dimen name="x77">118.35dp</dimen>
    <dimen name="x78">119.89dp</dimen>
    <dimen name="x79">121.43dp</dimen>
    <dimen name="x80">122.96dp</dimen>
    <dimen name="x81">124.50dp</dimen>
    <dimen name="x82">126.04dp</dimen>
    <dimen name="x83">127.57dp</dimen>
    <dimen name="x84">129.11dp</dimen>
    <dimen name="x85">130.65dp</dimen>
    <dimen name="x86">132.19dp</dimen>
    <dimen name="x87">133.72dp</dimen>
    <dimen name="x88">135.26dp</dimen>
    <dimen name="x89">136.80dp</dimen>
    <dimen name="x90">138.33dp</dimen>
    <dimen name="x91">139.87dp</dimen>
    <dimen name="x92">141.41dp</dimen>
    <dimen name="x93">142.94dp</dimen>
    <dimen name="x94">144.48dp</dimen>
    <dimen name="x95">146.02dp</dimen>
    <dimen name="x96">147.56dp</dimen>
    <dimen name="x97">149.09dp</dimen>
    <dimen name="x98">150.63dp</dimen>
    <dimen name="x99">152.17dp</dimen>
    <dimen name="x100">153.70dp</dimen>
    <dimen name="x101">155.24dp</dimen>
    <dimen name="x102">156.78dp</dimen>
    <dimen name="x103">158.31dp</dimen>
    <dimen name="x104">159.85dp</dimen>
    <dimen name="x105">161.39dp</dimen>
    <dimen name="x106">162.93dp</dimen>
    <dimen name="x107">164.46dp</dimen>
    <dimen name="x108">166.00dp</dimen>
    <dimen name="x109">167.54dp</dimen>
    <dimen name="x110">169.07dp</dimen>
    <dimen name="x111">170.61dp</dimen>
    <dimen name="x112">172.15dp</dimen>
    <dimen name="x113">173.69dp</dimen>
    <dimen name="x114">175.22dp</dimen>
    <dimen name="x115">176.76dp</dimen>
    <dimen name="x116">178.30dp</dimen>
    <dimen name="x117">179.83dp</dimen>
    <dimen name="x118">181.37dp</dimen>
    <dimen name="x119">182.91dp</dimen>
    <dimen name="x120">184.44dp</dimen>
    <dimen name="x121">185.98dp</dimen>
    <dimen name="x122">187.52dp</dimen>
    <dimen name="x123">189.06dp</dimen>
    <dimen name="x124">190.59dp</dimen>
    <dimen name="x125">192.13dp</dimen>
    <dimen name="x126">193.67dp</dimen>
    <dimen name="x127">195.20dp</dimen>
    <dimen name="x128">196.74dp</dimen>
    <dimen name="x129">198.28dp</dimen>
    <dimen name="x130">199.81dp</dimen>
    <dimen name="x131">201.35dp</dimen>
    <dimen name="x132">202.89dp</dimen>
    <dimen name="x133">204.43dp</dimen>
    <dimen name="x134">205.96dp</dimen>
    <dimen name="x135">207.50dp</dimen>
    <dimen name="x136">209.04dp</dimen>
    <dimen name="x137">210.57dp</dimen>
    <dimen name="x138">212.11dp</dimen>
    <dimen name="x139">213.65dp</dimen>
    <dimen name="x140">215.19dp</dimen>
    <dimen name="x141">216.72dp</dimen>
    <dimen name="x142">218.26dp</dimen>
    <dimen name="x143">219.80dp</dimen>
    <dimen name="x144">221.33dp</dimen>
    <dimen name="x145">222.87dp</dimen>
    <dimen name="x146">224.41dp</dimen>
    <dimen name="x147">225.94dp</dimen>
    <dimen name="x148">227.48dp</dimen>
    <dimen name="x149">229.02dp</dimen>
    <dimen name="x150">230.56dp</dimen>
    <dimen name="x151">232.09dp</dimen>
    <dimen name="x152">233.63dp</dimen>
    <dimen name="x153">235.17dp</dimen>
    <dimen name="x154">236.70dp</dimen>
    <dimen name="x155">238.24dp</dimen>
    <dimen name="x156">239.78dp</dimen>
    <dimen name="x157">241.31dp</dimen>
    <dimen name="x158">242.85dp</dimen>
    <dimen name="x159">244.39dp</dimen>
    <dimen name="x160">245.93dp</dimen>
    <dimen name="x161">247.46dp</dimen>
    <dimen name="x162">249.00dp</dimen>
    <dimen name="x163">250.54dp</dimen>
    <dimen name="x164">252.07dp</dimen>
    <dimen name="x165">253.61dp</dimen>
    <dimen name="x166">255.15dp</dimen>
    <dimen name="x167">256.69dp</dimen>
    <dimen name="x168">258.22dp</dimen>
    <dimen name="x169">259.76dp</dimen>
    <dimen name="x170">261.30dp</dimen>
    <dimen name="x171">262.83dp</dimen>
    <dimen name="x172">264.37dp</dimen>
    <dimen name="x173">265.91dp</dimen>
    <dimen name="x174">267.44dp</dimen>
    <dimen name="x175">268.98dp</dimen>
    <dimen name="x176">270.52dp</dimen>
    <dimen name="x177">272.06dp</dimen>
    <dimen name="x178">273.59dp</dimen>
    <dimen name="x179">275.13dp</dimen>
    <dimen name="x180">276.67dp</dimen>
    <dimen name="x181">278.20dp</dimen>
    <dimen name="x182">279.74dp</dimen>
    <dimen name="x183">281.28dp</dimen>
    <dimen name="x184">282.81dp</dimen>
    <dimen name="x185">284.35dp</dimen>
    <dimen name="x186">285.89dp</dimen>
    <dimen name="x187">287.43dp</dimen>
    <dimen name="x188">288.96dp</dimen>
    <dimen name="x189">290.50dp</dimen>
    <dimen name="x190">292.04dp</dimen>
    <dimen name="x191">293.57dp</dimen>
    <dimen name="x192">295.11dp</dimen>
    <dimen name="x193">296.65dp</dimen>
    <dimen name="x194">298.19dp</dimen>
    <dimen name="x195">299.72dp</dimen>
    <dimen name="x196">301.26dp</dimen>
    <dimen name="x197">302.80dp</dimen>
    <dimen name="x198">304.33dp</dimen>
    <dimen name="x199">305.87dp</dimen>
    <dimen name="x200">307.41dp</dimen>
    <dimen name="x201">308.94dp</dimen>
    <dimen name="x202">310.48dp</dimen>
    <dimen name="x203">312.02dp</dimen>
    <dimen name="x204">313.56dp</dimen>
    <dimen name="x205">315.09dp</dimen>
    <dimen name="x206">316.63dp</dimen>
    <dimen name="x207">318.17dp</dimen>
    <dimen name="x208">319.70dp</dimen>
    <dimen name="x209">321.24dp</dimen>
    <dimen name="x210">322.78dp</dimen>
    <dimen name="x211">324.31dp</dimen>
    <dimen name="x212">325.85dp</dimen>
    <dimen name="x213">327.39dp</dimen>
    <dimen name="x214">328.93dp</dimen>
    <dimen name="x215">330.46dp</dimen>
    <dimen name="x216">332.00dp</dimen>
    <dimen name="x217">333.54dp</dimen>
    <dimen name="x218">335.07dp</dimen>
    <dimen name="x219">336.61dp</dimen>
    <dimen name="x220">338.15dp</dimen>
    <dimen name="x221">339.69dp</dimen>
    <dimen name="x222">341.22dp</dimen>
    <dimen name="x223">342.76dp</dimen>
    <dimen name="x224">344.30dp</dimen>
    <dimen name="x225">345.83dp</dimen>
    <dimen name="x226">347.37dp</dimen>
    <dimen name="x227">348.91dp</dimen>
    <dimen name="x228">350.44dp</dimen>
    <dimen name="x229">351.98dp</dimen>
    <dimen name="x230">353.52dp</dimen>
    <dimen name="x231">355.06dp</dimen>
    <dimen name="x232">356.59dp</dimen>
    <dimen name="x233">358.13dp</dimen>
    <dimen name="x234">359.67dp</dimen>
    <dimen name="x235">361.20dp</dimen>
    <dimen name="x236">362.74dp</dimen>
    <dimen name="x237">364.28dp</dimen>
    <dimen name="x238">365.81dp</dimen>
    <dimen name="x239">367.35dp</dimen>
    <dimen name="x240">368.89dp</dimen>
    <dimen name="x241">370.43dp</dimen>
    <dimen name="x242">371.96dp</dimen>
    <dimen name="x243">373.50dp</dimen>
    <dimen name="x244">375.04dp</dimen>
    <dimen name="x245">376.57dp</dimen>
    <dimen name="x246">378.11dp</dimen>
    <dimen name="x247">379.65dp</dimen>
    <dimen name="x248">381.19dp</dimen>
    <dimen name="x249">382.72dp</dimen>
    <dimen name="x250">384.26dp</dimen>
    <dimen name="x251">385.80dp</dimen>
    <dimen name="x252">387.33dp</dimen>
    <dimen name="x253">388.87dp</dimen>
    <dimen name="x254">390.41dp</dimen>
    <dimen name="x255">391.94dp</dimen>
    <dimen name="x256">393.48dp</dimen>
    <dimen name="x257">395.02dp</dimen>
    <dimen name="x258">396.56dp</dimen>
    <dimen name="x259">398.09dp</dimen>
    <dimen name="x260">399.63dp</dimen>
    <dimen name="x261">401.17dp</dimen>
    <dimen name="x262">402.70dp</dimen>
    <dimen name="x263">404.24dp</dimen>
    <dimen name="x264">405.78dp</dimen>
    <dimen name="x265">407.31dp</dimen>
    <dimen name="x266">408.85dp</dimen>
    <dimen name="x267">410.39dp</dimen>
    <dimen name="x268">411.93dp</dimen>
    <dimen name="x269">413.46dp</dimen>
    <dimen name="x270">415.00dp</dimen>
    <dimen name="x271">416.54dp</dimen>
    <dimen name="x272">418.07dp</dimen>
    <dimen name="x273">419.61dp</dimen>
    <dimen name="x274">421.15dp</dimen>
    <dimen name="x275">422.69dp</dimen>
    <dimen name="x276">424.22dp</dimen>
    <dimen name="x277">425.76dp</dimen>
    <dimen name="x278">427.30dp</dimen>
    <dimen name="x279">428.83dp</dimen>
    <dimen name="x280">430.37dp</dimen>
    <dimen name="x281">431.91dp</dimen>
    <dimen name="x282">433.44dp</dimen>
    <dimen name="x283">434.98dp</dimen>
    <dimen name="x284">436.52dp</dimen>
    <dimen name="x285">438.06dp</dimen>
    <dimen name="x286">439.59dp</dimen>
    <dimen name="x287">441.13dp</dimen>
    <dimen name="x288">442.67dp</dimen>
    <dimen name="x289">444.20dp</dimen>
    <dimen name="x290">445.74dp</dimen>
    <dimen name="x291">447.28dp</dimen>
    <dimen name="x292">448.81dp</dimen>
    <dimen name="x293">450.35dp</dimen>
    <dimen name="x294">451.89dp</dimen>
    <dimen name="x295">453.43dp</dimen>
    <dimen name="x296">454.96dp</dimen>
    <dimen name="x297">456.50dp</dimen>
    <dimen name="x298">458.04dp</dimen>
    <dimen name="x299">459.57dp</dimen>
    <dimen name="x300">461.11dp</dimen>
    <dimen name="x301">462.65dp</dimen>
    <dimen name="x302">464.19dp</dimen>
    <dimen name="x303">465.72dp</dimen>
    <dimen name="x304">467.26dp</dimen>
    <dimen name="x305">468.80dp</dimen>
    <dimen name="x306">470.33dp</dimen>
    <dimen name="x307">471.87dp</dimen>
    <dimen name="x308">473.41dp</dimen>
    <dimen name="x309">474.94dp</dimen>
    <dimen name="x310">476.48dp</dimen>
    <dimen name="x311">478.02dp</dimen>
    <dimen name="x312">479.56dp</dimen>
    <dimen name="x313">481.09dp</dimen>
    <dimen name="x314">482.63dp</dimen>
    <dimen name="x315">484.17dp</dimen>
    <dimen name="x316">485.70dp</dimen>
    <dimen name="x317">487.24dp</dimen>
    <dimen name="x318">488.78dp</dimen>
    <dimen name="x319">490.31dp</dimen>
    <dimen name="x320">491.85dp</dimen>
    <dimen name="x321">493.39dp</dimen>
    <dimen name="x322">494.93dp</dimen>
    <dimen name="x323">496.46dp</dimen>
    <dimen name="x324">498.00dp</dimen>
    <dimen name="x325">499.54dp</dimen>
    <dimen name="x326">501.07dp</dimen>
    <dimen name="x327">502.61dp</dimen>
    <dimen name="x328">504.15dp</dimen>
    <dimen name="x329">505.69dp</dimen>
    <dimen name="x330">507.22dp</dimen>
    <dimen name="x331">508.76dp</dimen>
    <dimen name="x332">510.30dp</dimen>
    <dimen name="x333">511.83dp</dimen>
    <dimen name="x334">513.37dp</dimen>
    <dimen name="x335">514.91dp</dimen>
    <dimen name="x336">516.44dp</dimen>
    <dimen name="x337">517.98dp</dimen>
    <dimen name="x338">519.52dp</dimen>
    <dimen name="x339">521.06dp</dimen>
    <dimen name="x340">522.59dp</dimen>
    <dimen name="x341">524.13dp</dimen>
    <dimen name="x342">525.67dp</dimen>
    <dimen name="x343">527.20dp</dimen>
    <dimen name="x344">528.74dp</dimen>
    <dimen name="x345">530.28dp</dimen>
    <dimen name="x346">531.81dp</dimen>
    <dimen name="x347">533.35dp</dimen>
    <dimen name="x348">534.89dp</dimen>
    <dimen name="x349">536.43dp</dimen>
    <dimen name="x350">537.96dp</dimen>
    <dimen name="x351">539.50dp</dimen>
    <dimen name="x352">541.04dp</dimen>
    <dimen name="x353">542.57dp</dimen>
    <dimen name="x354">544.11dp</dimen>
    <dimen name="x355">545.65dp</dimen>
    <dimen name="x356">547.19dp</dimen>
    <dimen name="x357">548.72dp</dimen>
    <dimen name="x358">550.26dp</dimen>
    <dimen name="x359">551.80dp</dimen>
    <dimen name="x360">553.33dp</dimen>
    <dimen name="x361">554.87dp</dimen>
    <dimen name="x362">556.41dp</dimen>
    <dimen name="x363">557.94dp</dimen>
    <dimen name="x364">559.48dp</dimen>
    <dimen name="x365">561.02dp</dimen>
    <dimen name="x366">562.56dp</dimen>
    <dimen name="x367">564.09dp</dimen>
    <dimen name="x368">565.63dp</dimen>
    <dimen name="x369">567.17dp</dimen>
    <dimen name="x370">568.70dp</dimen>
    <dimen name="x371">570.24dp</dimen>
    <dimen name="x372">571.78dp</dimen>
    <dimen name="x373">573.31dp</dimen>
    <dimen name="x374">574.85dp</dimen>
    <dimen name="x375">576.39dp</dimen>
    <dimen name="x376">577.93dp</dimen>
    <dimen name="x377">579.46dp</dimen>
    <dimen name="x378">581.00dp</dimen>
    <dimen name="x379">582.54dp</dimen>
    <dimen name="x380">584.07dp</dimen>
    <dimen name="x381">585.61dp</dimen>
    <dimen name="x382">587.15dp</dimen>
    <dimen name="x383">588.69dp</dimen>
    <dimen name="x384">590.22dp</dimen>
    <dimen name="x385">591.76dp</dimen>
    <dimen name="x386">593.30dp</dimen>
    <dimen name="x387">594.83dp</dimen>
    <dimen name="x388">596.37dp</dimen>
    <dimen name="x389">597.91dp</dimen>
    <dimen name="x390">599.44dp</dimen>
    <dimen name="x391">600.98dp</dimen>
    <dimen name="x392">602.52dp</dimen>
    <dimen name="x393">604.06dp</dimen>
    <dimen name="x394">605.59dp</dimen>
    <dimen name="x395">607.13dp</dimen>
    <dimen name="x396">608.67dp</dimen>
    <dimen name="x397">610.20dp</dimen>
    <dimen name="x398">611.74dp</dimen>
    <dimen name="x399">613.28dp</dimen>
    <dimen name="x400">614.81dp</dimen>
    <dimen name="x401">616.35dp</dimen>
    <dimen name="x402">617.89dp</dimen>
    <dimen name="x403">619.43dp</dimen>
    <dimen name="x404">620.96dp</dimen>
    <dimen name="x405">622.50dp</dimen>
    <dimen name="x406">624.04dp</dimen>
    <dimen name="x407">625.57dp</dimen>
    <dimen name="x408">627.11dp</dimen>
    <dimen name="x409">628.65dp</dimen>
    <dimen name="x410">630.19dp</dimen>
    <dimen name="x411">631.72dp</dimen>
    <dimen name="x412">633.26dp</dimen>
    <dimen name="x413">634.80dp</dimen>
    <dimen name="x414">636.33dp</dimen>
    <dimen name="x415">637.87dp</dimen>
    <dimen name="x416">639.41dp</dimen>
    <dimen name="x417">640.94dp</dimen>
    <dimen name="x418">642.48dp</dimen>
    <dimen name="x419">644.02dp</dimen>
    <dimen name="x420">645.56dp</dimen>
    <dimen name="x421">647.09dp</dimen>
    <dimen name="x422">648.63dp</dimen>
    <dimen name="x423">650.17dp</dimen>
    <dimen name="x424">651.70dp</dimen>
    <dimen name="x425">653.24dp</dimen>
    <dimen name="x426">654.78dp</dimen>
    <dimen name="x427">656.31dp</dimen>
    <dimen name="x428">657.85dp</dimen>
    <dimen name="x429">659.39dp</dimen>
    <dimen name="x430">660.93dp</dimen>
    <dimen name="x431">662.46dp</dimen>
    <dimen name="x432">664.00dp</dimen>
    <dimen name="x433">665.54dp</dimen>
    <dimen name="x434">667.07dp</dimen>
    <dimen name="x435">668.61dp</dimen>
    <dimen name="x436">670.15dp</dimen>
    <dimen name="x437">671.69dp</dimen>
    <dimen name="x438">673.22dp</dimen>
    <dimen name="x439">674.76dp</dimen>
    <dimen name="x440">676.30dp</dimen>
    <dimen name="x441">677.83dp</dimen>
    <dimen name="x442">679.37dp</dimen>
    <dimen name="x443">680.91dp</dimen>
    <dimen name="x444">682.44dp</dimen>
    <dimen name="x445">683.98dp</dimen>
    <dimen name="x446">685.52dp</dimen>
    <dimen name="x447">687.06dp</dimen>
    <dimen name="x448">688.59dp</dimen>
    <dimen name="x449">690.13dp</dimen>
    <dimen name="x450">691.67dp</dimen>
    <dimen name="x451">693.20dp</dimen>
    <dimen name="x452">694.74dp</dimen>
    <dimen name="x453">696.28dp</dimen>
    <dimen name="x454">697.81dp</dimen>
    <dimen name="x455">699.35dp</dimen>
    <dimen name="x456">700.89dp</dimen>
    <dimen name="x457">702.43dp</dimen>
    <dimen name="x458">703.96dp</dimen>
    <dimen name="x459">705.50dp</dimen>
    <dimen name="x460">707.04dp</dimen>
    <dimen name="x461">708.57dp</dimen>
    <dimen name="x462">710.11dp</dimen>
    <dimen name="x463">711.65dp</dimen>
    <dimen name="x464">713.19dp</dimen>
    <dimen name="x465">714.72dp</dimen>
    <dimen name="x466">716.26dp</dimen>
    <dimen name="x467">717.80dp</dimen>
    <dimen name="x468">719.33dp</dimen>
    <dimen name="x469">720.87dp</dimen>
    <dimen name="x470">722.41dp</dimen>
    <dimen name="x471">723.94dp</dimen>
    <dimen name="x472">725.48dp</dimen>
    <dimen name="x473">727.02dp</dimen>
    <dimen name="x474">728.56dp</dimen>
    <dimen name="x475">730.09dp</dimen>
    <dimen name="x476">731.63dp</dimen>
    <dimen name="x477">733.17dp</dimen>
    <dimen name="x478">734.70dp</dimen>
    <dimen name="x479">736.24dp</dimen>
    <dimen name="x480">737.78dp</dimen>
    <dimen name="x481">739.31dp</dimen>
    <dimen name="x482">740.85dp</dimen>
    <dimen name="x483">742.39dp</dimen>
    <dimen name="x484">743.93dp</dimen>
    <dimen name="x485">745.46dp</dimen>
    <dimen name="x486">747.00dp</dimen>
    <dimen name="x487">748.54dp</dimen>
    <dimen name="x488">750.07dp</dimen>
    <dimen name="x489">751.61dp</dimen>
    <dimen name="x490">753.15dp</dimen>
    <dimen name="x491">754.69dp</dimen>
    <dimen name="x492">756.22dp</dimen>
    <dimen name="x493">757.76dp</dimen>
    <dimen name="x494">759.30dp</dimen>
    <dimen name="x495">760.83dp</dimen>
    <dimen name="x496">762.37dp</dimen>
    <dimen name="x497">763.91dp</dimen>
    <dimen name="x498">765.44dp</dimen>
    <dimen name="x499">766.98dp</dimen>
    <dimen name="x500">768.52dp</dimen>
    <dimen name="x501">770.06dp</dimen>
    <dimen name="x502">771.59dp</dimen>
    <dimen name="x503">773.13dp</dimen>
    <dimen name="x504">774.67dp</dimen>
    <dimen name="x505">776.20dp</dimen>
    <dimen name="x506">777.74dp</dimen>
    <dimen name="x507">779.28dp</dimen>
    <dimen name="x508">780.81dp</dimen>
    <dimen name="x509">782.35dp</dimen>
    <dimen name="x510">783.89dp</dimen>
    <dimen name="x511">785.43dp</dimen>
    <dimen name="x512">786.96dp</dimen>
    <dimen name="x513">788.50dp</dimen>
    <dimen name="x514">790.04dp</dimen>
    <dimen name="x515">791.57dp</dimen>
    <dimen name="x516">793.11dp</dimen>
    <dimen name="x517">794.65dp</dimen>
    <dimen name="x518">796.19dp</dimen>
    <dimen name="x519">797.72dp</dimen>
    <dimen name="x520">799.26dp</dimen>
    <dimen name="x521">800.80dp</dimen>
    <dimen name="x522">802.33dp</dimen>
    <dimen name="x523">803.87dp</dimen>
    <dimen name="x524">805.41dp</dimen>
    <dimen name="x525">806.94dp</dimen>
    <dimen name="x526">808.48dp</dimen>
    <dimen name="x527">810.02dp</dimen>
    <dimen name="x528">811.56dp</dimen>
    <dimen name="x529">813.09dp</dimen>
    <dimen name="x530">814.63dp</dimen>
    <dimen name="x531">816.17dp</dimen>
    <dimen name="x532">817.70dp</dimen>
    <dimen name="x533">819.24dp</dimen>
    <dimen name="x534">820.78dp</dimen>
    <dimen name="x535">822.31dp</dimen>
    <dimen name="x536">823.85dp</dimen>
    <dimen name="x537">825.39dp</dimen>
    <dimen name="x538">826.93dp</dimen>
    <dimen name="x539">828.46dp</dimen>
    <dimen name="x540">830.00dp</dimen>
    <dimen name="x541">831.54dp</dimen>
    <dimen name="x542">833.07dp</dimen>
    <dimen name="x543">834.61dp</dimen>
    <dimen name="x544">836.15dp</dimen>
    <dimen name="x545">837.69dp</dimen>
    <dimen name="x546">839.22dp</dimen>
    <dimen name="x547">840.76dp</dimen>
    <dimen name="x548">842.30dp</dimen>
    <dimen name="x549">843.83dp</dimen>
    <dimen name="x550">845.37dp</dimen>
    <dimen name="x551">846.91dp</dimen>
    <dimen name="x552">848.44dp</dimen>
    <dimen name="x553">849.98dp</dimen>
    <dimen name="x554">851.52dp</dimen>
    <dimen name="x555">853.06dp</dimen>
    <dimen name="x556">854.59dp</dimen>
    <dimen name="x557">856.13dp</dimen>
    <dimen name="x558">857.67dp</dimen>
    <dimen name="x559">859.20dp</dimen>
    <dimen name="x560">860.74dp</dimen>
    <dimen name="x561">862.28dp</dimen>
    <dimen name="x562">863.81dp</dimen>
    <dimen name="x563">865.35dp</dimen>
    <dimen name="x564">866.89dp</dimen>
    <dimen name="x565">868.43dp</dimen>
    <dimen name="x566">869.96dp</dimen>
    <dimen name="x567">871.50dp</dimen>
    <dimen name="x568">873.04dp</dimen>
    <dimen name="x569">874.57dp</dimen>
    <dimen name="x570">876.11dp</dimen>
    <dimen name="x571">877.65dp</dimen>
    <dimen name="x572">879.19dp</dimen>
    <dimen name="x573">880.72dp</dimen>
    <dimen name="x574">882.26dp</dimen>
    <dimen name="x575">883.80dp</dimen>
    <dimen name="x576">885.33dp</dimen>
    <dimen name="x577">886.87dp</dimen>
    <dimen name="x578">888.41dp</dimen>
    <dimen name="x579">889.94dp</dimen>
    <dimen name="x580">891.48dp</dimen>
    <dimen name="x581">893.02dp</dimen>
    <dimen name="x582">894.56dp</dimen>
    <dimen name="x583">896.09dp</dimen>
    <dimen name="x584">897.63dp</dimen>
    <dimen name="x585">899.17dp</dimen>
    <dimen name="x586">900.70dp</dimen>
    <dimen name="x587">902.24dp</dimen>
    <dimen name="x588">903.78dp</dimen>
    <dimen name="x589">905.31dp</dimen>
    <dimen name="x590">906.85dp</dimen>
    <dimen name="x591">908.39dp</dimen>
    <dimen name="x592">909.93dp</dimen>
    <dimen name="x593">911.46dp</dimen>
    <dimen name="x594">913.00dp</dimen>
    <dimen name="x595">914.54dp</dimen>
    <dimen name="x596">916.07dp</dimen>
    <dimen name="x597">917.61dp</dimen>
    <dimen name="x598">919.15dp</dimen>
    <dimen name="x599">920.69dp</dimen>
    <dimen name="x600">922.22dp</dimen>
    <dimen name="x601">923.76dp</dimen>
    <dimen name="x602">925.30dp</dimen>
    <dimen name="x603">926.83dp</dimen>
    <dimen name="x604">928.37dp</dimen>
    <dimen name="x605">929.91dp</dimen>
    <dimen name="x606">931.44dp</dimen>
    <dimen name="x607">932.98dp</dimen>
    <dimen name="x608">934.52dp</dimen>
    <dimen name="x609">936.06dp</dimen>
    <dimen name="x610">937.59dp</dimen>
    <dimen name="x611">939.13dp</dimen>
    <dimen name="x612">940.67dp</dimen>
    <dimen name="x613">942.20dp</dimen>
    <dimen name="x614">943.74dp</dimen>
    <dimen name="x615">945.28dp</dimen>
    <dimen name="x616">946.81dp</dimen>
    <dimen name="x617">948.35dp</dimen>
    <dimen name="x618">949.89dp</dimen>
    <dimen name="x619">951.43dp</dimen>
    <dimen name="x620">952.96dp</dimen>
    <dimen name="x621">954.50dp</dimen>
    <dimen name="x622">956.04dp</dimen>
    <dimen name="x623">957.57dp</dimen>
    <dimen name="x624">959.11dp</dimen>
    <dimen name="x625">960.65dp</dimen>
    <dimen name="x626">962.19dp</dimen>
    <dimen name="x627">963.72dp</dimen>
    <dimen name="x628">965.26dp</dimen>
    <dimen name="x629">966.80dp</dimen>
    <dimen name="x630">968.33dp</dimen>
    <dimen name="x631">969.87dp</dimen>
    <dimen name="x632">971.41dp</dimen>
    <dimen name="x633">972.94dp</dimen>
    <dimen name="x634">974.48dp</dimen>
    <dimen name="x635">976.02dp</dimen>
    <dimen name="x636">977.56dp</dimen>
    <dimen name="x637">979.09dp</dimen>
    <dimen name="x638">980.63dp</dimen>
    <dimen name="x639">982.17dp</dimen>
    <dimen name="x640">983.70dp</dimen>
    <dimen name="x641">985.24dp</dimen>
    <dimen name="x642">986.78dp</dimen>
    <dimen name="x643">988.31dp</dimen>
    <dimen name="x644">989.85dp</dimen>
    <dimen name="x645">991.39dp</dimen>
    <dimen name="x646">992.93dp</dimen>
    <dimen name="x647">994.46dp</dimen>
    <dimen name="x648">996.00dp</dimen>
    <dimen name="x649">997.54dp</dimen>
    <dimen name="x650">999.07dp</dimen>
    <dimen name="x651">1000.61dp</dimen>
    <dimen name="x652">1002.15dp</dimen>
    <dimen name="x653">1003.69dp</dimen>
    <dimen name="x654">1005.22dp</dimen>
    <dimen name="x655">1006.76dp</dimen>
    <dimen name="x656">1008.30dp</dimen>
    <dimen name="x657">1009.83dp</dimen>
    <dimen name="x658">1011.37dp</dimen>
    <dimen name="x659">1012.91dp</dimen>
    <dimen name="x660">1014.44dp</dimen>
    <dimen name="x661">1015.98dp</dimen>
    <dimen name="x662">1017.52dp</dimen>
    <dimen name="x663">1019.06dp</dimen>
    <dimen name="x664">1020.59dp</dimen>
    <dimen name="x665">1022.13dp</dimen>
    <dimen name="x666">1023.67dp</dimen>
    <dimen name="x667">1025.20dp</dimen>
    <dimen name="x668">1026.74dp</dimen>
    <dimen name="x669">1028.28dp</dimen>
    <dimen name="x670">1029.81dp</dimen>
    <dimen name="x671">1031.35dp</dimen>
    <dimen name="x672">1032.89dp</dimen>
    <dimen name="x673">1034.43dp</dimen>
    <dimen name="x674">1035.96dp</dimen>
    <dimen name="x675">1037.50dp</dimen>
    <dimen name="x676">1039.04dp</dimen>
    <dimen name="x677">1040.57dp</dimen>
    <dimen name="x678">1042.11dp</dimen>
    <dimen name="x679">1043.65dp</dimen>
    <dimen name="x680">1045.19dp</dimen>
    <dimen name="x681">1046.72dp</dimen>
    <dimen name="x682">1048.26dp</dimen>
    <dimen name="x683">1049.80dp</dimen>
    <dimen name="x684">1051.33dp</dimen>
    <dimen name="x685">1052.87dp</dimen>
    <dimen name="x686">1054.41dp</dimen>
    <dimen name="x687">1055.94dp</dimen>
    <dimen name="x688">1057.48dp</dimen>
    <dimen name="x689">1059.02dp</dimen>
    <dimen name="x690">1060.56dp</dimen>
    <dimen name="x691">1062.09dp</dimen>
    <dimen name="x692">1063.63dp</dimen>
    <dimen name="x693">1065.17dp</dimen>
    <dimen name="x694">1066.70dp</dimen>
    <dimen name="x695">1068.24dp</dimen>
    <dimen name="x696">1069.78dp</dimen>
    <dimen name="x697">1071.31dp</dimen>
    <dimen name="x698">1072.85dp</dimen>
    <dimen name="x699">1074.39dp</dimen>
    <dimen name="x700">1075.93dp</dimen>
    <dimen name="x701">1077.46dp</dimen>
    <dimen name="x702">1079.00dp</dimen>
    <dimen name="x703">1080.54dp</dimen>
    <dimen name="x704">1082.07dp</dimen>
    <dimen name="x705">1083.61dp</dimen>
    <dimen name="x706">1085.15dp</dimen>
    <dimen name="x707">1086.69dp</dimen>
    <dimen name="x708">1088.22dp</dimen>
    <dimen name="x709">1089.76dp</dimen>
    <dimen name="x710">1091.30dp</dimen>
    <dimen name="x711">1092.83dp</dimen>
    <dimen name="x712">1094.37dp</dimen>
    <dimen name="x713">1095.91dp</dimen>
    <dimen name="x714">1097.44dp</dimen>
    <dimen name="x715">1098.98dp</dimen>
    <dimen name="x716">1100.52dp</dimen>
    <dimen name="x717">1102.06dp</dimen>
    <dimen name="x718">1103.59dp</dimen>
    <dimen name="x719">1105.13dp</dimen>
    <dimen name="x720">1106.67dp</dimen>
    <dimen name="x721">1108.20dp</dimen>
    <dimen name="x722">1109.74dp</dimen>
    <dimen name="x723">1111.28dp</dimen>
    <dimen name="x724">1112.81dp</dimen>
    <dimen name="x725">1114.35dp</dimen>
    <dimen name="x726">1115.89dp</dimen>
    <dimen name="x727">1117.43dp</dimen>
    <dimen name="x728">1118.96dp</dimen>
    <dimen name="x729">1120.50dp</dimen>
    <dimen name="x730">1122.04dp</dimen>
    <dimen name="x731">1123.57dp</dimen>
    <dimen name="x732">1125.11dp</dimen>
    <dimen name="x733">1126.65dp</dimen>
    <dimen name="x734">1128.19dp</dimen>
    <dimen name="x735">1129.72dp</dimen>
    <dimen name="x736">1131.26dp</dimen>
    <dimen name="x737">1132.80dp</dimen>
    <dimen name="x738">1134.33dp</dimen>
    <dimen name="x739">1135.87dp</dimen>
    <dimen name="x740">1137.41dp</dimen>
    <dimen name="x741">1138.94dp</dimen>
    <dimen name="x742">1140.48dp</dimen>
    <dimen name="x743">1142.02dp</dimen>
    <dimen name="x744">1143.56dp</dimen>
    <dimen name="x745">1145.09dp</dimen>
    <dimen name="x746">1146.63dp</dimen>
    <dimen name="x747">1148.17dp</dimen>
    <dimen name="x748">1149.70dp</dimen>
    <dimen name="x749">1151.24dp</dimen>
    <dimen name="x750">1152.78dp</dimen>
    <dimen name="x751">1154.31dp</dimen>
    <dimen name="x752">1155.85dp</dimen>
    <dimen name="x753">1157.39dp</dimen>
    <dimen name="x754">1158.93dp</dimen>
    <dimen name="x755">1160.46dp</dimen>
    <dimen name="x756">1162.00dp</dimen>
    <dimen name="x757">1163.54dp</dimen>
    <dimen name="x758">1165.07dp</dimen>
    <dimen name="x759">1166.61dp</dimen>
    <dimen name="x760">1168.15dp</dimen>
    <dimen name="x761">1169.69dp</dimen>
    <dimen name="x762">1171.22dp</dimen>
    <dimen name="x763">1172.76dp</dimen>
    <dimen name="x764">1174.30dp</dimen>
    <dimen name="x765">1175.83dp</dimen>
    <dimen name="x766">1177.37dp</dimen>
    <dimen name="x767">1178.91dp</dimen>
    <dimen name="x768">1180.44dp</dimen>
    <dimen name="x769">1181.98dp</dimen>
    <dimen name="x770">1183.52dp</dimen>
    <dimen name="x771">1185.06dp</dimen>
    <dimen name="x772">1186.59dp</dimen>
    <dimen name="x773">1188.13dp</dimen>
    <dimen name="x774">1189.67dp</dimen>
    <dimen name="x775">1191.20dp</dimen>
    <dimen name="x776">1192.74dp</dimen>
    <dimen name="x777">1194.28dp</dimen>
    <dimen name="x778">1195.81dp</dimen>
    <dimen name="x779">1197.35dp</dimen>
    <dimen name="x780">1198.89dp</dimen>
    <dimen name="x781">1200.43dp</dimen>
    <dimen name="x782">1201.96dp</dimen>
    <dimen name="x783">1203.50dp</dimen>
    <dimen name="x784">1205.04dp</dimen>
    <dimen name="x785">1206.57dp</dimen>
    <dimen name="x786">1208.11dp</dimen>
    <dimen name="x787">1209.65dp</dimen>
    <dimen name="x788">1211.19dp</dimen>
    <dimen name="x789">1212.72dp</dimen>
    <dimen name="x790">1214.26dp</dimen>
    <dimen name="x791">1215.80dp</dimen>
    <dimen name="x792">1217.33dp</dimen>
    <dimen name="x793">1218.87dp</dimen>
    <dimen name="x794">1220.41dp</dimen>
    <dimen name="x795">1221.94dp</dimen>
    <dimen name="x796">1223.48dp</dimen>
    <dimen name="x797">1225.02dp</dimen>
    <dimen name="x798">1226.56dp</dimen>
    <dimen name="x799">1228.09dp</dimen>
    <dimen name="x800">1229.63dp</dimen>
    <dimen name="x801">1231.17dp</dimen>
    <dimen name="x802">1232.70dp</dimen>
    <dimen name="x803">1234.24dp</dimen>
    <dimen name="x804">1235.78dp</dimen>
    <dimen name="x805">1237.31dp</dimen>
    <dimen name="x806">1238.85dp</dimen>
    <dimen name="x807">1240.39dp</dimen>
    <dimen name="x808">1241.93dp</dimen>
    <dimen name="x809">1243.46dp</dimen>
    <dimen name="x810">1245.00dp</dimen>
    <dimen name="x811">1246.54dp</dimen>
    <dimen name="x812">1248.07dp</dimen>
    <dimen name="x813">1249.61dp</dimen>
    <dimen name="x814">1251.15dp</dimen>
    <dimen name="x815">1252.69dp</dimen>
    <dimen name="x816">1254.22dp</dimen>
    <dimen name="x817">1255.76dp</dimen>
    <dimen name="x818">1257.30dp</dimen>
    <dimen name="x819">1258.83dp</dimen>
    <dimen name="x820">1260.37dp</dimen>
    <dimen name="x821">1261.91dp</dimen>
    <dimen name="x822">1263.44dp</dimen>
    <dimen name="x823">1264.98dp</dimen>
    <dimen name="x824">1266.52dp</dimen>
    <dimen name="x825">1268.06dp</dimen>
    <dimen name="x826">1269.59dp</dimen>
    <dimen name="x827">1271.13dp</dimen>
    <dimen name="x828">1272.67dp</dimen>
    <dimen name="x829">1274.20dp</dimen>
    <dimen name="x830">1275.74dp</dimen>
    <dimen name="x831">1277.28dp</dimen>
    <dimen name="x832">1278.81dp</dimen>
    <dimen name="x833">1280.35dp</dimen>
    <dimen name="x834">1281.89dp</dimen>
    <dimen name="x835">1283.43dp</dimen>
    <dimen name="x836">1284.96dp</dimen>
    <dimen name="x837">1286.50dp</dimen>
    <dimen name="x838">1288.04dp</dimen>
    <dimen name="x839">1289.57dp</dimen>
    <dimen name="x840">1291.11dp</dimen>
    <dimen name="x841">1292.65dp</dimen>
    <dimen name="x842">1294.19dp</dimen>
    <dimen name="x843">1295.72dp</dimen>
    <dimen name="x844">1297.26dp</dimen>
    <dimen name="x845">1298.80dp</dimen>
    <dimen name="x846">1300.33dp</dimen>
    <dimen name="x847">1301.87dp</dimen>
    <dimen name="x848">1303.41dp</dimen>
    <dimen name="x849">1304.94dp</dimen>
    <dimen name="x850">1306.48dp</dimen>
    <dimen name="x851">1308.02dp</dimen>
    <dimen name="x852">1309.56dp</dimen>
    <dimen name="x853">1311.09dp</dimen>
    <dimen name="x854">1312.63dp</dimen>
    <dimen name="x855">1314.17dp</dimen>
    <dimen name="x856">1315.70dp</dimen>
    <dimen name="x857">1317.24dp</dimen>
    <dimen name="x858">1318.78dp</dimen>
    <dimen name="x859">1320.31dp</dimen>
    <dimen name="x860">1321.85dp</dimen>
    <dimen name="x861">1323.39dp</dimen>
    <dimen name="x862">1324.93dp</dimen>
    <dimen name="x863">1326.46dp</dimen>
    <dimen name="x864">1328.00dp</dimen>
    <dimen name="x865">1329.54dp</dimen>
    <dimen name="x866">1331.07dp</dimen>
    <dimen name="x867">1332.61dp</dimen>
    <dimen name="x868">1334.15dp</dimen>
    <dimen name="x869">1335.69dp</dimen>
    <dimen name="x870">1337.22dp</dimen>
    <dimen name="x871">1338.76dp</dimen>
    <dimen name="x872">1340.30dp</dimen>
    <dimen name="x873">1341.83dp</dimen>
    <dimen name="x874">1343.37dp</dimen>
    <dimen name="x875">1344.91dp</dimen>
    <dimen name="x876">1346.44dp</dimen>
    <dimen name="x877">1347.98dp</dimen>
    <dimen name="x878">1349.52dp</dimen>
    <dimen name="x879">1351.06dp</dimen>
    <dimen name="x880">1352.59dp</dimen>
    <dimen name="x881">1354.13dp</dimen>
    <dimen name="x882">1355.67dp</dimen>
    <dimen name="x883">1357.20dp</dimen>
    <dimen name="x884">1358.74dp</dimen>
    <dimen name="x885">1360.28dp</dimen>
    <dimen name="x886">1361.81dp</dimen>
    <dimen name="x887">1363.35dp</dimen>
    <dimen name="x888">1364.89dp</dimen>
    <dimen name="x889">1366.43dp</dimen>
    <dimen name="x890">1367.96dp</dimen>
    <dimen name="x891">1369.50dp</dimen>
    <dimen name="x892">1371.04dp</dimen>
    <dimen name="x893">1372.57dp</dimen>
    <dimen name="x894">1374.11dp</dimen>
    <dimen name="x895">1375.65dp</dimen>
    <dimen name="x896">1377.19dp</dimen>
    <dimen name="x897">1378.72dp</dimen>
    <dimen name="x898">1380.26dp</dimen>
    <dimen name="x899">1381.80dp</dimen>
    <dimen name="x900">1383.33dp</dimen>
    <dimen name="x901">1384.87dp</dimen>
    <dimen name="x902">1386.41dp</dimen>
    <dimen name="x903">1387.94dp</dimen>
    <dimen name="x904">1389.48dp</dimen>
    <dimen name="x905">1391.02dp</dimen>
    <dimen name="x906">1392.56dp</dimen>
    <dimen name="x907">1394.09dp</dimen>
    <dimen name="x908">1395.63dp</dimen>
    <dimen name="x909">1397.17dp</dimen>
    <dimen name="x910">1398.70dp</dimen>
    <dimen name="x911">1400.24dp</dimen>
    <dimen name="x912">1401.78dp</dimen>
    <dimen name="x913">1403.31dp</dimen>
    <dimen name="x914">1404.85dp</dimen>
    <dimen name="x915">1406.39dp</dimen>
    <dimen name="x916">1407.93dp</dimen>
    <dimen name="x917">1409.46dp</dimen>
    <dimen name="x918">1411.00dp</dimen>
    <dimen name="x919">1412.54dp</dimen>
    <dimen name="x920">1414.07dp</dimen>
    <dimen name="x921">1415.61dp</dimen>
    <dimen name="x922">1417.15dp</dimen>
    <dimen name="x923">1418.69dp</dimen>
    <dimen name="x924">1420.22dp</dimen>
    <dimen name="x925">1421.76dp</dimen>
    <dimen name="x926">1423.30dp</dimen>
    <dimen name="x927">1424.83dp</dimen>
    <dimen name="x928">1426.37dp</dimen>
    <dimen name="x929">1427.91dp</dimen>
    <dimen name="x930">1429.44dp</dimen>
    <dimen name="x931">1430.98dp</dimen>
    <dimen name="x932">1432.52dp</dimen>
    <dimen name="x933">1434.06dp</dimen>
    <dimen name="x934">1435.59dp</dimen>
    <dimen name="x935">1437.13dp</dimen>
    <dimen name="x936">1438.67dp</dimen>
    <dimen name="x937">1440.20dp</dimen>
    <dimen name="x938">1441.74dp</dimen>
    <dimen name="x939">1443.28dp</dimen>
    <dimen name="x940">1444.81dp</dimen>
    <dimen name="x941">1446.35dp</dimen>
    <dimen name="x942">1447.89dp</dimen>
    <dimen name="x943">1449.43dp</dimen>
    <dimen name="x944">1450.96dp</dimen>
    <dimen name="x945">1452.50dp</dimen>
    <dimen name="x946">1454.04dp</dimen>
    <dimen name="x947">1455.57dp</dimen>
    <dimen name="x948">1457.11dp</dimen>
    <dimen name="x949">1458.65dp</dimen>
    <dimen name="x950">1460.19dp</dimen>
    <dimen name="x951">1461.72dp</dimen>
    <dimen name="x952">1463.26dp</dimen>
    <dimen name="x953">1464.80dp</dimen>
    <dimen name="x954">1466.33dp</dimen>
    <dimen name="x955">1467.87dp</dimen>
    <dimen name="x956">1469.41dp</dimen>
    <dimen name="x957">1470.94dp</dimen>
    <dimen name="x958">1472.48dp</dimen>
    <dimen name="x959">1474.02dp</dimen>
    <dimen name="x960">1475.56dp</dimen>
    <dimen name="x961">1477.09dp</dimen>
    <dimen name="x962">1478.63dp</dimen>
    <dimen name="x963">1480.17dp</dimen>
    <dimen name="x964">1481.70dp</dimen>
    <dimen name="x965">1483.24dp</dimen>
    <dimen name="x966">1484.78dp</dimen>
    <dimen name="x967">1486.31dp</dimen>
    <dimen name="x968">1487.85dp</dimen>
    <dimen name="x969">1489.39dp</dimen>
    <dimen name="x970">1490.93dp</dimen>
    <dimen name="x971">1492.46dp</dimen>
    <dimen name="x972">1494.00dp</dimen>
    <dimen name="x973">1495.54dp</dimen>
    <dimen name="x974">1497.07dp</dimen>
    <dimen name="x975">1498.61dp</dimen>
    <dimen name="x976">1500.15dp</dimen>
    <dimen name="x977">1501.69dp</dimen>
    <dimen name="x978">1503.22dp</dimen>
    <dimen name="x979">1504.76dp</dimen>
    <dimen name="x980">1506.30dp</dimen>
    <dimen name="x981">1507.83dp</dimen>
    <dimen name="x982">1509.37dp</dimen>
    <dimen name="x983">1510.91dp</dimen>
    <dimen name="x984">1512.44dp</dimen>
    <dimen name="x985">1513.98dp</dimen>
    <dimen name="x986">1515.52dp</dimen>
    <dimen name="x987">1517.06dp</dimen>
    <dimen name="x988">1518.59dp</dimen>
    <dimen name="x989">1520.13dp</dimen>
    <dimen name="x990">1521.67dp</dimen>
    <dimen name="x991">1523.20dp</dimen>
    <dimen name="x992">1524.74dp</dimen>
    <dimen name="x993">1526.28dp</dimen>
    <dimen name="x994">1527.81dp</dimen>
    <dimen name="x995">1529.35dp</dimen>
    <dimen name="x996">1530.89dp</dimen>
    <dimen name="x997">1532.43dp</dimen>
    <dimen name="x998">1533.96dp</dimen>
    <dimen name="x999">1535.50dp</dimen>
    <dimen name="x1000">1537.04dp</dimen>
    <dimen name="x1001">1538.57dp</dimen>
    <dimen name="x1002">1540.11dp</dimen>
    <dimen name="x1003">1541.65dp</dimen>
    <dimen name="x1004">1543.19dp</dimen>
    <dimen name="x1005">1544.72dp</dimen>
    <dimen name="x1006">1546.26dp</dimen>
    <dimen name="x1007">1547.80dp</dimen>
    <dimen name="x1008">1549.33dp</dimen>
    <dimen name="x1009">1550.87dp</dimen>
    <dimen name="x1010">1552.41dp</dimen>
    <dimen name="x1011">1553.94dp</dimen>
    <dimen name="x1012">1555.48dp</dimen>
    <dimen name="x1013">1557.02dp</dimen>
    <dimen name="x1014">1558.56dp</dimen>
    <dimen name="x1015">1560.09dp</dimen>
    <dimen name="x1016">1561.63dp</dimen>
    <dimen name="x1017">1563.17dp</dimen>
    <dimen name="x1018">1564.70dp</dimen>
    <dimen name="x1019">1566.24dp</dimen>
    <dimen name="x1020">1567.78dp</dimen>
    <dimen name="x1021">1569.31dp</dimen>
    <dimen name="x1022">1570.85dp</dimen>
    <dimen name="x1023">1572.39dp</dimen>
    <dimen name="x1024">1573.93dp</dimen>
    <dimen name="x1025">1575.46dp</dimen>
    <dimen name="x1026">1577.00dp</dimen>
    <dimen name="x1027">1578.54dp</dimen>
    <dimen name="x1028">1580.07dp</dimen>
    <dimen name="x1029">1581.61dp</dimen>
    <dimen name="x1030">1583.15dp</dimen>
    <dimen name="x1031">1584.69dp</dimen>
    <dimen name="x1032">1586.22dp</dimen>
    <dimen name="x1033">1587.76dp</dimen>
    <dimen name="x1034">1589.30dp</dimen>
    <dimen name="x1035">1590.83dp</dimen>
    <dimen name="x1036">1592.37dp</dimen>
    <dimen name="x1037">1593.91dp</dimen>
    <dimen name="x1038">1595.44dp</dimen>
    <dimen name="x1039">1596.98dp</dimen>
    <dimen name="x1040">1598.52dp</dimen>
    <dimen name="x1041">1600.06dp</dimen>
    <dimen name="x1042">1601.59dp</dimen>
    <dimen name="x1043">1603.13dp</dimen>
    <dimen name="x1044">1604.67dp</dimen>
    <dimen name="x1045">1606.20dp</dimen>
    <dimen name="x1046">1607.74dp</dimen>
    <dimen name="x1047">1609.28dp</dimen>
    <dimen name="x1048">1610.81dp</dimen>
    <dimen name="x1049">1612.35dp</dimen>
    <dimen name="x1050">1613.89dp</dimen>
    <dimen name="x1051">1615.43dp</dimen>
    <dimen name="x1052">1616.96dp</dimen>
    <dimen name="x1053">1618.50dp</dimen>
    <dimen name="x1054">1620.04dp</dimen>
    <dimen name="x1055">1621.57dp</dimen>
    <dimen name="x1056">1623.11dp</dimen>
    <dimen name="x1057">1624.65dp</dimen>
    <dimen name="x1058">1626.19dp</dimen>
    <dimen name="x1059">1627.72dp</dimen>
    <dimen name="x1060">1629.26dp</dimen>
    <dimen name="x1061">1630.80dp</dimen>
    <dimen name="x1062">1632.33dp</dimen>
    <dimen name="x1063">1633.87dp</dimen>
    <dimen name="x1064">1635.41dp</dimen>
    <dimen name="x1065">1636.94dp</dimen>
    <dimen name="x1066">1638.48dp</dimen>
    <dimen name="x1067">1640.02dp</dimen>
    <dimen name="x1068">1641.56dp</dimen>
    <dimen name="x1069">1643.09dp</dimen>
    <dimen name="x1070">1644.63dp</dimen>
    <dimen name="x1071">1646.17dp</dimen>
    <dimen name="x1072">1647.70dp</dimen>
    <dimen name="x1073">1649.24dp</dimen>
    <dimen name="x1074">1650.78dp</dimen>
    <dimen name="x1075">1652.31dp</dimen>
    <dimen name="x1076">1653.85dp</dimen>
    <dimen name="x1077">1655.39dp</dimen>
    <dimen name="x1078">1656.93dp</dimen>
    <dimen name="x1079">1658.46dp</dimen>
    <dimen name="x1080">1660.00dp</dimen>
</resources>