<?xml version="1.0" encoding="utf-8"?>
<resources>
    <string name="sw_dp">430dp</string>
    <dimen name="x1">0.40dp</dimen>
    <dimen name="x2">0.80dp</dimen>
    <dimen name="x3">1.19dp</dimen>
    <dimen name="x4">1.59dp</dimen>
    <dimen name="x5">1.99dp</dimen>
    <dimen name="x6">2.39dp</dimen>
    <dimen name="x7">2.79dp</dimen>
    <dimen name="x8">3.19dp</dimen>
    <dimen name="x9">3.58dp</dimen>
    <dimen name="x10">3.98dp</dimen>
    <dimen name="x11">4.38dp</dimen>
    <dimen name="x12">4.78dp</dimen>
    <dimen name="x13">5.18dp</dimen>
    <dimen name="x14">5.57dp</dimen>
    <dimen name="x15">5.97dp</dimen>
    <dimen name="x16">6.37dp</dimen>
    <dimen name="x17">6.77dp</dimen>
    <dimen name="x18">7.17dp</dimen>
    <dimen name="x19">7.56dp</dimen>
    <dimen name="x20">7.96dp</dimen>
    <dimen name="x21">8.36dp</dimen>
    <dimen name="x22">8.76dp</dimen>
    <dimen name="x23">9.16dp</dimen>
    <dimen name="x24">9.56dp</dimen>
    <dimen name="x25">9.95dp</dimen>
    <dimen name="x26">10.35dp</dimen>
    <dimen name="x27">10.75dp</dimen>
    <dimen name="x28">11.15dp</dimen>
    <dimen name="x29">11.55dp</dimen>
    <dimen name="x30">11.94dp</dimen>
    <dimen name="x31">12.34dp</dimen>
    <dimen name="x32">12.74dp</dimen>
    <dimen name="x33">13.14dp</dimen>
    <dimen name="x34">13.54dp</dimen>
    <dimen name="x35">13.94dp</dimen>
    <dimen name="x36">14.33dp</dimen>
    <dimen name="x37">14.73dp</dimen>
    <dimen name="x38">15.13dp</dimen>
    <dimen name="x39">15.53dp</dimen>
    <dimen name="x40">15.93dp</dimen>
    <dimen name="x41">16.32dp</dimen>
    <dimen name="x42">16.72dp</dimen>
    <dimen name="x43">17.12dp</dimen>
    <dimen name="x44">17.52dp</dimen>
    <dimen name="x45">17.92dp</dimen>
    <dimen name="x46">18.31dp</dimen>
    <dimen name="x47">18.71dp</dimen>
    <dimen name="x48">19.11dp</dimen>
    <dimen name="x49">19.51dp</dimen>
    <dimen name="x50">19.91dp</dimen>
    <dimen name="x51">20.31dp</dimen>
    <dimen name="x52">20.70dp</dimen>
    <dimen name="x53">21.10dp</dimen>
    <dimen name="x54">21.50dp</dimen>
    <dimen name="x55">21.90dp</dimen>
    <dimen name="x56">22.30dp</dimen>
    <dimen name="x57">22.69dp</dimen>
    <dimen name="x58">23.09dp</dimen>
    <dimen name="x59">23.49dp</dimen>
    <dimen name="x60">23.89dp</dimen>
    <dimen name="x61">24.29dp</dimen>
    <dimen name="x62">24.69dp</dimen>
    <dimen name="x63">25.08dp</dimen>
    <dimen name="x64">25.48dp</dimen>
    <dimen name="x65">25.88dp</dimen>
    <dimen name="x66">26.28dp</dimen>
    <dimen name="x67">26.68dp</dimen>
    <dimen name="x68">27.07dp</dimen>
    <dimen name="x69">27.47dp</dimen>
    <dimen name="x70">27.87dp</dimen>
    <dimen name="x71">28.27dp</dimen>
    <dimen name="x72">28.67dp</dimen>
    <dimen name="x73">29.06dp</dimen>
    <dimen name="x74">29.46dp</dimen>
    <dimen name="x75">29.86dp</dimen>
    <dimen name="x76">30.26dp</dimen>
    <dimen name="x77">30.66dp</dimen>
    <dimen name="x78">31.06dp</dimen>
    <dimen name="x79">31.45dp</dimen>
    <dimen name="x80">31.85dp</dimen>
    <dimen name="x81">32.25dp</dimen>
    <dimen name="x82">32.65dp</dimen>
    <dimen name="x83">33.05dp</dimen>
    <dimen name="x84">33.44dp</dimen>
    <dimen name="x85">33.84dp</dimen>
    <dimen name="x86">34.24dp</dimen>
    <dimen name="x87">34.64dp</dimen>
    <dimen name="x88">35.04dp</dimen>
    <dimen name="x89">35.44dp</dimen>
    <dimen name="x90">35.83dp</dimen>
    <dimen name="x91">36.23dp</dimen>
    <dimen name="x92">36.63dp</dimen>
    <dimen name="x93">37.03dp</dimen>
    <dimen name="x94">37.43dp</dimen>
    <dimen name="x95">37.82dp</dimen>
    <dimen name="x96">38.22dp</dimen>
    <dimen name="x97">38.62dp</dimen>
    <dimen name="x98">39.02dp</dimen>
    <dimen name="x99">39.42dp</dimen>
    <dimen name="x100">39.81dp</dimen>
    <dimen name="x101">40.21dp</dimen>
    <dimen name="x102">40.61dp</dimen>
    <dimen name="x103">41.01dp</dimen>
    <dimen name="x104">41.41dp</dimen>
    <dimen name="x105">41.81dp</dimen>
    <dimen name="x106">42.20dp</dimen>
    <dimen name="x107">42.60dp</dimen>
    <dimen name="x108">43.00dp</dimen>
    <dimen name="x109">43.40dp</dimen>
    <dimen name="x110">43.80dp</dimen>
    <dimen name="x111">44.19dp</dimen>
    <dimen name="x112">44.59dp</dimen>
    <dimen name="x113">44.99dp</dimen>
    <dimen name="x114">45.39dp</dimen>
    <dimen name="x115">45.79dp</dimen>
    <dimen name="x116">46.19dp</dimen>
    <dimen name="x117">46.58dp</dimen>
    <dimen name="x118">46.98dp</dimen>
    <dimen name="x119">47.38dp</dimen>
    <dimen name="x120">47.78dp</dimen>
    <dimen name="x121">48.18dp</dimen>
    <dimen name="x122">48.57dp</dimen>
    <dimen name="x123">48.97dp</dimen>
    <dimen name="x124">49.37dp</dimen>
    <dimen name="x125">49.77dp</dimen>
    <dimen name="x126">50.17dp</dimen>
    <dimen name="x127">50.56dp</dimen>
    <dimen name="x128">50.96dp</dimen>
    <dimen name="x129">51.36dp</dimen>
    <dimen name="x130">51.76dp</dimen>
    <dimen name="x131">52.16dp</dimen>
    <dimen name="x132">52.56dp</dimen>
    <dimen name="x133">52.95dp</dimen>
    <dimen name="x134">53.35dp</dimen>
    <dimen name="x135">53.75dp</dimen>
    <dimen name="x136">54.15dp</dimen>
    <dimen name="x137">54.55dp</dimen>
    <dimen name="x138">54.94dp</dimen>
    <dimen name="x139">55.34dp</dimen>
    <dimen name="x140">55.74dp</dimen>
    <dimen name="x141">56.14dp</dimen>
    <dimen name="x142">56.54dp</dimen>
    <dimen name="x143">56.94dp</dimen>
    <dimen name="x144">57.33dp</dimen>
    <dimen name="x145">57.73dp</dimen>
    <dimen name="x146">58.13dp</dimen>
    <dimen name="x147">58.53dp</dimen>
    <dimen name="x148">58.93dp</dimen>
    <dimen name="x149">59.32dp</dimen>
    <dimen name="x150">59.72dp</dimen>
    <dimen name="x151">60.12dp</dimen>
    <dimen name="x152">60.52dp</dimen>
    <dimen name="x153">60.92dp</dimen>
    <dimen name="x154">61.31dp</dimen>
    <dimen name="x155">61.71dp</dimen>
    <dimen name="x156">62.11dp</dimen>
    <dimen name="x157">62.51dp</dimen>
    <dimen name="x158">62.91dp</dimen>
    <dimen name="x159">63.31dp</dimen>
    <dimen name="x160">63.70dp</dimen>
    <dimen name="x161">64.10dp</dimen>
    <dimen name="x162">64.50dp</dimen>
    <dimen name="x163">64.90dp</dimen>
    <dimen name="x164">65.30dp</dimen>
    <dimen name="x165">65.69dp</dimen>
    <dimen name="x166">66.09dp</dimen>
    <dimen name="x167">66.49dp</dimen>
    <dimen name="x168">66.89dp</dimen>
    <dimen name="x169">67.29dp</dimen>
    <dimen name="x170">67.69dp</dimen>
    <dimen name="x171">68.08dp</dimen>
    <dimen name="x172">68.48dp</dimen>
    <dimen name="x173">68.88dp</dimen>
    <dimen name="x174">69.28dp</dimen>
    <dimen name="x175">69.68dp</dimen>
    <dimen name="x176">70.07dp</dimen>
    <dimen name="x177">70.47dp</dimen>
    <dimen name="x178">70.87dp</dimen>
    <dimen name="x179">71.27dp</dimen>
    <dimen name="x180">71.67dp</dimen>
    <dimen name="x181">72.06dp</dimen>
    <dimen name="x182">72.46dp</dimen>
    <dimen name="x183">72.86dp</dimen>
    <dimen name="x184">73.26dp</dimen>
    <dimen name="x185">73.66dp</dimen>
    <dimen name="x186">74.06dp</dimen>
    <dimen name="x187">74.45dp</dimen>
    <dimen name="x188">74.85dp</dimen>
    <dimen name="x189">75.25dp</dimen>
    <dimen name="x190">75.65dp</dimen>
    <dimen name="x191">76.05dp</dimen>
    <dimen name="x192">76.44dp</dimen>
    <dimen name="x193">76.84dp</dimen>
    <dimen name="x194">77.24dp</dimen>
    <dimen name="x195">77.64dp</dimen>
    <dimen name="x196">78.04dp</dimen>
    <dimen name="x197">78.44dp</dimen>
    <dimen name="x198">78.83dp</dimen>
    <dimen name="x199">79.23dp</dimen>
    <dimen name="x200">79.63dp</dimen>
    <dimen name="x201">80.03dp</dimen>
    <dimen name="x202">80.43dp</dimen>
    <dimen name="x203">80.82dp</dimen>
    <dimen name="x204">81.22dp</dimen>
    <dimen name="x205">81.62dp</dimen>
    <dimen name="x206">82.02dp</dimen>
    <dimen name="x207">82.42dp</dimen>
    <dimen name="x208">82.81dp</dimen>
    <dimen name="x209">83.21dp</dimen>
    <dimen name="x210">83.61dp</dimen>
    <dimen name="x211">84.01dp</dimen>
    <dimen name="x212">84.41dp</dimen>
    <dimen name="x213">84.81dp</dimen>
    <dimen name="x214">85.20dp</dimen>
    <dimen name="x215">85.60dp</dimen>
    <dimen name="x216">86.00dp</dimen>
    <dimen name="x217">86.40dp</dimen>
    <dimen name="x218">86.80dp</dimen>
    <dimen name="x219">87.19dp</dimen>
    <dimen name="x220">87.59dp</dimen>
    <dimen name="x221">87.99dp</dimen>
    <dimen name="x222">88.39dp</dimen>
    <dimen name="x223">88.79dp</dimen>
    <dimen name="x224">89.19dp</dimen>
    <dimen name="x225">89.58dp</dimen>
    <dimen name="x226">89.98dp</dimen>
    <dimen name="x227">90.38dp</dimen>
    <dimen name="x228">90.78dp</dimen>
    <dimen name="x229">91.18dp</dimen>
    <dimen name="x230">91.57dp</dimen>
    <dimen name="x231">91.97dp</dimen>
    <dimen name="x232">92.37dp</dimen>
    <dimen name="x233">92.77dp</dimen>
    <dimen name="x234">93.17dp</dimen>
    <dimen name="x235">93.56dp</dimen>
    <dimen name="x236">93.96dp</dimen>
    <dimen name="x237">94.36dp</dimen>
    <dimen name="x238">94.76dp</dimen>
    <dimen name="x239">95.16dp</dimen>
    <dimen name="x240">95.56dp</dimen>
    <dimen name="x241">95.95dp</dimen>
    <dimen name="x242">96.35dp</dimen>
    <dimen name="x243">96.75dp</dimen>
    <dimen name="x244">97.15dp</dimen>
    <dimen name="x245">97.55dp</dimen>
    <dimen name="x246">97.94dp</dimen>
    <dimen name="x247">98.34dp</dimen>
    <dimen name="x248">98.74dp</dimen>
    <dimen name="x249">99.14dp</dimen>
    <dimen name="x250">99.54dp</dimen>
    <dimen name="x251">99.94dp</dimen>
    <dimen name="x252">100.33dp</dimen>
    <dimen name="x253">100.73dp</dimen>
    <dimen name="x254">101.13dp</dimen>
    <dimen name="x255">101.53dp</dimen>
    <dimen name="x256">101.93dp</dimen>
    <dimen name="x257">102.32dp</dimen>
    <dimen name="x258">102.72dp</dimen>
    <dimen name="x259">103.12dp</dimen>
    <dimen name="x260">103.52dp</dimen>
    <dimen name="x261">103.92dp</dimen>
    <dimen name="x262">104.31dp</dimen>
    <dimen name="x263">104.71dp</dimen>
    <dimen name="x264">105.11dp</dimen>
    <dimen name="x265">105.51dp</dimen>
    <dimen name="x266">105.91dp</dimen>
    <dimen name="x267">106.31dp</dimen>
    <dimen name="x268">106.70dp</dimen>
    <dimen name="x269">107.10dp</dimen>
    <dimen name="x270">107.50dp</dimen>
    <dimen name="x271">107.90dp</dimen>
    <dimen name="x272">108.30dp</dimen>
    <dimen name="x273">108.69dp</dimen>
    <dimen name="x274">109.09dp</dimen>
    <dimen name="x275">109.49dp</dimen>
    <dimen name="x276">109.89dp</dimen>
    <dimen name="x277">110.29dp</dimen>
    <dimen name="x278">110.69dp</dimen>
    <dimen name="x279">111.08dp</dimen>
    <dimen name="x280">111.48dp</dimen>
    <dimen name="x281">111.88dp</dimen>
    <dimen name="x282">112.28dp</dimen>
    <dimen name="x283">112.68dp</dimen>
    <dimen name="x284">113.07dp</dimen>
    <dimen name="x285">113.47dp</dimen>
    <dimen name="x286">113.87dp</dimen>
    <dimen name="x287">114.27dp</dimen>
    <dimen name="x288">114.67dp</dimen>
    <dimen name="x289">115.06dp</dimen>
    <dimen name="x290">115.46dp</dimen>
    <dimen name="x291">115.86dp</dimen>
    <dimen name="x292">116.26dp</dimen>
    <dimen name="x293">116.66dp</dimen>
    <dimen name="x294">117.06dp</dimen>
    <dimen name="x295">117.45dp</dimen>
    <dimen name="x296">117.85dp</dimen>
    <dimen name="x297">118.25dp</dimen>
    <dimen name="x298">118.65dp</dimen>
    <dimen name="x299">119.05dp</dimen>
    <dimen name="x300">119.44dp</dimen>
    <dimen name="x301">119.84dp</dimen>
    <dimen name="x302">120.24dp</dimen>
    <dimen name="x303">120.64dp</dimen>
    <dimen name="x304">121.04dp</dimen>
    <dimen name="x305">121.44dp</dimen>
    <dimen name="x306">121.83dp</dimen>
    <dimen name="x307">122.23dp</dimen>
    <dimen name="x308">122.63dp</dimen>
    <dimen name="x309">123.03dp</dimen>
    <dimen name="x310">123.43dp</dimen>
    <dimen name="x311">123.82dp</dimen>
    <dimen name="x312">124.22dp</dimen>
    <dimen name="x313">124.62dp</dimen>
    <dimen name="x314">125.02dp</dimen>
    <dimen name="x315">125.42dp</dimen>
    <dimen name="x316">125.81dp</dimen>
    <dimen name="x317">126.21dp</dimen>
    <dimen name="x318">126.61dp</dimen>
    <dimen name="x319">127.01dp</dimen>
    <dimen name="x320">127.41dp</dimen>
    <dimen name="x321">127.81dp</dimen>
    <dimen name="x322">128.20dp</dimen>
    <dimen name="x323">128.60dp</dimen>
    <dimen name="x324">129.00dp</dimen>
    <dimen name="x325">129.40dp</dimen>
    <dimen name="x326">129.80dp</dimen>
    <dimen name="x327">130.19dp</dimen>
    <dimen name="x328">130.59dp</dimen>
    <dimen name="x329">130.99dp</dimen>
    <dimen name="x330">131.39dp</dimen>
    <dimen name="x331">131.79dp</dimen>
    <dimen name="x332">132.19dp</dimen>
    <dimen name="x333">132.58dp</dimen>
    <dimen name="x334">132.98dp</dimen>
    <dimen name="x335">133.38dp</dimen>
    <dimen name="x336">133.78dp</dimen>
    <dimen name="x337">134.18dp</dimen>
    <dimen name="x338">134.57dp</dimen>
    <dimen name="x339">134.97dp</dimen>
    <dimen name="x340">135.37dp</dimen>
    <dimen name="x341">135.77dp</dimen>
    <dimen name="x342">136.17dp</dimen>
    <dimen name="x343">136.56dp</dimen>
    <dimen name="x344">136.96dp</dimen>
    <dimen name="x345">137.36dp</dimen>
    <dimen name="x346">137.76dp</dimen>
    <dimen name="x347">138.16dp</dimen>
    <dimen name="x348">138.56dp</dimen>
    <dimen name="x349">138.95dp</dimen>
    <dimen name="x350">139.35dp</dimen>
    <dimen name="x351">139.75dp</dimen>
    <dimen name="x352">140.15dp</dimen>
    <dimen name="x353">140.55dp</dimen>
    <dimen name="x354">140.94dp</dimen>
    <dimen name="x355">141.34dp</dimen>
    <dimen name="x356">141.74dp</dimen>
    <dimen name="x357">142.14dp</dimen>
    <dimen name="x358">142.54dp</dimen>
    <dimen name="x359">142.94dp</dimen>
    <dimen name="x360">143.33dp</dimen>
    <dimen name="x361">143.73dp</dimen>
    <dimen name="x362">144.13dp</dimen>
    <dimen name="x363">144.53dp</dimen>
    <dimen name="x364">144.93dp</dimen>
    <dimen name="x365">145.32dp</dimen>
    <dimen name="x366">145.72dp</dimen>
    <dimen name="x367">146.12dp</dimen>
    <dimen name="x368">146.52dp</dimen>
    <dimen name="x369">146.92dp</dimen>
    <dimen name="x370">147.31dp</dimen>
    <dimen name="x371">147.71dp</dimen>
    <dimen name="x372">148.11dp</dimen>
    <dimen name="x373">148.51dp</dimen>
    <dimen name="x374">148.91dp</dimen>
    <dimen name="x375">149.31dp</dimen>
    <dimen name="x376">149.70dp</dimen>
    <dimen name="x377">150.10dp</dimen>
    <dimen name="x378">150.50dp</dimen>
    <dimen name="x379">150.90dp</dimen>
    <dimen name="x380">151.30dp</dimen>
    <dimen name="x381">151.69dp</dimen>
    <dimen name="x382">152.09dp</dimen>
    <dimen name="x383">152.49dp</dimen>
    <dimen name="x384">152.89dp</dimen>
    <dimen name="x385">153.29dp</dimen>
    <dimen name="x386">153.69dp</dimen>
    <dimen name="x387">154.08dp</dimen>
    <dimen name="x388">154.48dp</dimen>
    <dimen name="x389">154.88dp</dimen>
    <dimen name="x390">155.28dp</dimen>
    <dimen name="x391">155.68dp</dimen>
    <dimen name="x392">156.07dp</dimen>
    <dimen name="x393">156.47dp</dimen>
    <dimen name="x394">156.87dp</dimen>
    <dimen name="x395">157.27dp</dimen>
    <dimen name="x396">157.67dp</dimen>
    <dimen name="x397">158.06dp</dimen>
    <dimen name="x398">158.46dp</dimen>
    <dimen name="x399">158.86dp</dimen>
    <dimen name="x400">159.26dp</dimen>
    <dimen name="x401">159.66dp</dimen>
    <dimen name="x402">160.06dp</dimen>
    <dimen name="x403">160.45dp</dimen>
    <dimen name="x404">160.85dp</dimen>
    <dimen name="x405">161.25dp</dimen>
    <dimen name="x406">161.65dp</dimen>
    <dimen name="x407">162.05dp</dimen>
    <dimen name="x408">162.44dp</dimen>
    <dimen name="x409">162.84dp</dimen>
    <dimen name="x410">163.24dp</dimen>
    <dimen name="x411">163.64dp</dimen>
    <dimen name="x412">164.04dp</dimen>
    <dimen name="x413">164.44dp</dimen>
    <dimen name="x414">164.83dp</dimen>
    <dimen name="x415">165.23dp</dimen>
    <dimen name="x416">165.63dp</dimen>
    <dimen name="x417">166.03dp</dimen>
    <dimen name="x418">166.43dp</dimen>
    <dimen name="x419">166.82dp</dimen>
    <dimen name="x420">167.22dp</dimen>
    <dimen name="x421">167.62dp</dimen>
    <dimen name="x422">168.02dp</dimen>
    <dimen name="x423">168.42dp</dimen>
    <dimen name="x424">168.81dp</dimen>
    <dimen name="x425">169.21dp</dimen>
    <dimen name="x426">169.61dp</dimen>
    <dimen name="x427">170.01dp</dimen>
    <dimen name="x428">170.41dp</dimen>
    <dimen name="x429">170.81dp</dimen>
    <dimen name="x430">171.20dp</dimen>
    <dimen name="x431">171.60dp</dimen>
    <dimen name="x432">172.00dp</dimen>
    <dimen name="x433">172.40dp</dimen>
    <dimen name="x434">172.80dp</dimen>
    <dimen name="x435">173.19dp</dimen>
    <dimen name="x436">173.59dp</dimen>
    <dimen name="x437">173.99dp</dimen>
    <dimen name="x438">174.39dp</dimen>
    <dimen name="x439">174.79dp</dimen>
    <dimen name="x440">175.19dp</dimen>
    <dimen name="x441">175.58dp</dimen>
    <dimen name="x442">175.98dp</dimen>
    <dimen name="x443">176.38dp</dimen>
    <dimen name="x444">176.78dp</dimen>
    <dimen name="x445">177.18dp</dimen>
    <dimen name="x446">177.57dp</dimen>
    <dimen name="x447">177.97dp</dimen>
    <dimen name="x448">178.37dp</dimen>
    <dimen name="x449">178.77dp</dimen>
    <dimen name="x450">179.17dp</dimen>
    <dimen name="x451">179.56dp</dimen>
    <dimen name="x452">179.96dp</dimen>
    <dimen name="x453">180.36dp</dimen>
    <dimen name="x454">180.76dp</dimen>
    <dimen name="x455">181.16dp</dimen>
    <dimen name="x456">181.56dp</dimen>
    <dimen name="x457">181.95dp</dimen>
    <dimen name="x458">182.35dp</dimen>
    <dimen name="x459">182.75dp</dimen>
    <dimen name="x460">183.15dp</dimen>
    <dimen name="x461">183.55dp</dimen>
    <dimen name="x462">183.94dp</dimen>
    <dimen name="x463">184.34dp</dimen>
    <dimen name="x464">184.74dp</dimen>
    <dimen name="x465">185.14dp</dimen>
    <dimen name="x466">185.54dp</dimen>
    <dimen name="x467">185.94dp</dimen>
    <dimen name="x468">186.33dp</dimen>
    <dimen name="x469">186.73dp</dimen>
    <dimen name="x470">187.13dp</dimen>
    <dimen name="x471">187.53dp</dimen>
    <dimen name="x472">187.93dp</dimen>
    <dimen name="x473">188.32dp</dimen>
    <dimen name="x474">188.72dp</dimen>
    <dimen name="x475">189.12dp</dimen>
    <dimen name="x476">189.52dp</dimen>
    <dimen name="x477">189.92dp</dimen>
    <dimen name="x478">190.31dp</dimen>
    <dimen name="x479">190.71dp</dimen>
    <dimen name="x480">191.11dp</dimen>
    <dimen name="x481">191.51dp</dimen>
    <dimen name="x482">191.91dp</dimen>
    <dimen name="x483">192.31dp</dimen>
    <dimen name="x484">192.70dp</dimen>
    <dimen name="x485">193.10dp</dimen>
    <dimen name="x486">193.50dp</dimen>
    <dimen name="x487">193.90dp</dimen>
    <dimen name="x488">194.30dp</dimen>
    <dimen name="x489">194.69dp</dimen>
    <dimen name="x490">195.09dp</dimen>
    <dimen name="x491">195.49dp</dimen>
    <dimen name="x492">195.89dp</dimen>
    <dimen name="x493">196.29dp</dimen>
    <dimen name="x494">196.69dp</dimen>
    <dimen name="x495">197.08dp</dimen>
    <dimen name="x496">197.48dp</dimen>
    <dimen name="x497">197.88dp</dimen>
    <dimen name="x498">198.28dp</dimen>
    <dimen name="x499">198.68dp</dimen>
    <dimen name="x500">199.07dp</dimen>
    <dimen name="x501">199.47dp</dimen>
    <dimen name="x502">199.87dp</dimen>
    <dimen name="x503">200.27dp</dimen>
    <dimen name="x504">200.67dp</dimen>
    <dimen name="x505">201.06dp</dimen>
    <dimen name="x506">201.46dp</dimen>
    <dimen name="x507">201.86dp</dimen>
    <dimen name="x508">202.26dp</dimen>
    <dimen name="x509">202.66dp</dimen>
    <dimen name="x510">203.06dp</dimen>
    <dimen name="x511">203.45dp</dimen>
    <dimen name="x512">203.85dp</dimen>
    <dimen name="x513">204.25dp</dimen>
    <dimen name="x514">204.65dp</dimen>
    <dimen name="x515">205.05dp</dimen>
    <dimen name="x516">205.44dp</dimen>
    <dimen name="x517">205.84dp</dimen>
    <dimen name="x518">206.24dp</dimen>
    <dimen name="x519">206.64dp</dimen>
    <dimen name="x520">207.04dp</dimen>
    <dimen name="x521">207.44dp</dimen>
    <dimen name="x522">207.83dp</dimen>
    <dimen name="x523">208.23dp</dimen>
    <dimen name="x524">208.63dp</dimen>
    <dimen name="x525">209.03dp</dimen>
    <dimen name="x526">209.43dp</dimen>
    <dimen name="x527">209.82dp</dimen>
    <dimen name="x528">210.22dp</dimen>
    <dimen name="x529">210.62dp</dimen>
    <dimen name="x530">211.02dp</dimen>
    <dimen name="x531">211.42dp</dimen>
    <dimen name="x532">211.81dp</dimen>
    <dimen name="x533">212.21dp</dimen>
    <dimen name="x534">212.61dp</dimen>
    <dimen name="x535">213.01dp</dimen>
    <dimen name="x536">213.41dp</dimen>
    <dimen name="x537">213.81dp</dimen>
    <dimen name="x538">214.20dp</dimen>
    <dimen name="x539">214.60dp</dimen>
    <dimen name="x540">215.00dp</dimen>
    <dimen name="x541">215.40dp</dimen>
    <dimen name="x542">215.80dp</dimen>
    <dimen name="x543">216.19dp</dimen>
    <dimen name="x544">216.59dp</dimen>
    <dimen name="x545">216.99dp</dimen>
    <dimen name="x546">217.39dp</dimen>
    <dimen name="x547">217.79dp</dimen>
    <dimen name="x548">218.19dp</dimen>
    <dimen name="x549">218.58dp</dimen>
    <dimen name="x550">218.98dp</dimen>
    <dimen name="x551">219.38dp</dimen>
    <dimen name="x552">219.78dp</dimen>
    <dimen name="x553">220.18dp</dimen>
    <dimen name="x554">220.57dp</dimen>
    <dimen name="x555">220.97dp</dimen>
    <dimen name="x556">221.37dp</dimen>
    <dimen name="x557">221.77dp</dimen>
    <dimen name="x558">222.17dp</dimen>
    <dimen name="x559">222.56dp</dimen>
    <dimen name="x560">222.96dp</dimen>
    <dimen name="x561">223.36dp</dimen>
    <dimen name="x562">223.76dp</dimen>
    <dimen name="x563">224.16dp</dimen>
    <dimen name="x564">224.56dp</dimen>
    <dimen name="x565">224.95dp</dimen>
    <dimen name="x566">225.35dp</dimen>
    <dimen name="x567">225.75dp</dimen>
    <dimen name="x568">226.15dp</dimen>
    <dimen name="x569">226.55dp</dimen>
    <dimen name="x570">226.94dp</dimen>
    <dimen name="x571">227.34dp</dimen>
    <dimen name="x572">227.74dp</dimen>
    <dimen name="x573">228.14dp</dimen>
    <dimen name="x574">228.54dp</dimen>
    <dimen name="x575">228.94dp</dimen>
    <dimen name="x576">229.33dp</dimen>
    <dimen name="x577">229.73dp</dimen>
    <dimen name="x578">230.13dp</dimen>
    <dimen name="x579">230.53dp</dimen>
    <dimen name="x580">230.93dp</dimen>
    <dimen name="x581">231.32dp</dimen>
    <dimen name="x582">231.72dp</dimen>
    <dimen name="x583">232.12dp</dimen>
    <dimen name="x584">232.52dp</dimen>
    <dimen name="x585">232.92dp</dimen>
    <dimen name="x586">233.31dp</dimen>
    <dimen name="x587">233.71dp</dimen>
    <dimen name="x588">234.11dp</dimen>
    <dimen name="x589">234.51dp</dimen>
    <dimen name="x590">234.91dp</dimen>
    <dimen name="x591">235.31dp</dimen>
    <dimen name="x592">235.70dp</dimen>
    <dimen name="x593">236.10dp</dimen>
    <dimen name="x594">236.50dp</dimen>
    <dimen name="x595">236.90dp</dimen>
    <dimen name="x596">237.30dp</dimen>
    <dimen name="x597">237.69dp</dimen>
    <dimen name="x598">238.09dp</dimen>
    <dimen name="x599">238.49dp</dimen>
    <dimen name="x600">238.89dp</dimen>
    <dimen name="x601">239.29dp</dimen>
    <dimen name="x602">239.69dp</dimen>
    <dimen name="x603">240.08dp</dimen>
    <dimen name="x604">240.48dp</dimen>
    <dimen name="x605">240.88dp</dimen>
    <dimen name="x606">241.28dp</dimen>
    <dimen name="x607">241.68dp</dimen>
    <dimen name="x608">242.07dp</dimen>
    <dimen name="x609">242.47dp</dimen>
    <dimen name="x610">242.87dp</dimen>
    <dimen name="x611">243.27dp</dimen>
    <dimen name="x612">243.67dp</dimen>
    <dimen name="x613">244.06dp</dimen>
    <dimen name="x614">244.46dp</dimen>
    <dimen name="x615">244.86dp</dimen>
    <dimen name="x616">245.26dp</dimen>
    <dimen name="x617">245.66dp</dimen>
    <dimen name="x618">246.06dp</dimen>
    <dimen name="x619">246.45dp</dimen>
    <dimen name="x620">246.85dp</dimen>
    <dimen name="x621">247.25dp</dimen>
    <dimen name="x622">247.65dp</dimen>
    <dimen name="x623">248.05dp</dimen>
    <dimen name="x624">248.44dp</dimen>
    <dimen name="x625">248.84dp</dimen>
    <dimen name="x626">249.24dp</dimen>
    <dimen name="x627">249.64dp</dimen>
    <dimen name="x628">250.04dp</dimen>
    <dimen name="x629">250.44dp</dimen>
    <dimen name="x630">250.83dp</dimen>
    <dimen name="x631">251.23dp</dimen>
    <dimen name="x632">251.63dp</dimen>
    <dimen name="x633">252.03dp</dimen>
    <dimen name="x634">252.43dp</dimen>
    <dimen name="x635">252.82dp</dimen>
    <dimen name="x636">253.22dp</dimen>
    <dimen name="x637">253.62dp</dimen>
    <dimen name="x638">254.02dp</dimen>
    <dimen name="x639">254.42dp</dimen>
    <dimen name="x640">254.81dp</dimen>
    <dimen name="x641">255.21dp</dimen>
    <dimen name="x642">255.61dp</dimen>
    <dimen name="x643">256.01dp</dimen>
    <dimen name="x644">256.41dp</dimen>
    <dimen name="x645">256.81dp</dimen>
    <dimen name="x646">257.20dp</dimen>
    <dimen name="x647">257.60dp</dimen>
    <dimen name="x648">258.00dp</dimen>
    <dimen name="x649">258.40dp</dimen>
    <dimen name="x650">258.80dp</dimen>
    <dimen name="x651">259.19dp</dimen>
    <dimen name="x652">259.59dp</dimen>
    <dimen name="x653">259.99dp</dimen>
    <dimen name="x654">260.39dp</dimen>
    <dimen name="x655">260.79dp</dimen>
    <dimen name="x656">261.19dp</dimen>
    <dimen name="x657">261.58dp</dimen>
    <dimen name="x658">261.98dp</dimen>
    <dimen name="x659">262.38dp</dimen>
    <dimen name="x660">262.78dp</dimen>
    <dimen name="x661">263.18dp</dimen>
    <dimen name="x662">263.57dp</dimen>
    <dimen name="x663">263.97dp</dimen>
    <dimen name="x664">264.37dp</dimen>
    <dimen name="x665">264.77dp</dimen>
    <dimen name="x666">265.17dp</dimen>
    <dimen name="x667">265.56dp</dimen>
    <dimen name="x668">265.96dp</dimen>
    <dimen name="x669">266.36dp</dimen>
    <dimen name="x670">266.76dp</dimen>
    <dimen name="x671">267.16dp</dimen>
    <dimen name="x672">267.56dp</dimen>
    <dimen name="x673">267.95dp</dimen>
    <dimen name="x674">268.35dp</dimen>
    <dimen name="x675">268.75dp</dimen>
    <dimen name="x676">269.15dp</dimen>
    <dimen name="x677">269.55dp</dimen>
    <dimen name="x678">269.94dp</dimen>
    <dimen name="x679">270.34dp</dimen>
    <dimen name="x680">270.74dp</dimen>
    <dimen name="x681">271.14dp</dimen>
    <dimen name="x682">271.54dp</dimen>
    <dimen name="x683">271.94dp</dimen>
    <dimen name="x684">272.33dp</dimen>
    <dimen name="x685">272.73dp</dimen>
    <dimen name="x686">273.13dp</dimen>
    <dimen name="x687">273.53dp</dimen>
    <dimen name="x688">273.93dp</dimen>
    <dimen name="x689">274.32dp</dimen>
    <dimen name="x690">274.72dp</dimen>
    <dimen name="x691">275.12dp</dimen>
    <dimen name="x692">275.52dp</dimen>
    <dimen name="x693">275.92dp</dimen>
    <dimen name="x694">276.31dp</dimen>
    <dimen name="x695">276.71dp</dimen>
    <dimen name="x696">277.11dp</dimen>
    <dimen name="x697">277.51dp</dimen>
    <dimen name="x698">277.91dp</dimen>
    <dimen name="x699">278.31dp</dimen>
    <dimen name="x700">278.70dp</dimen>
    <dimen name="x701">279.10dp</dimen>
    <dimen name="x702">279.50dp</dimen>
    <dimen name="x703">279.90dp</dimen>
    <dimen name="x704">280.30dp</dimen>
    <dimen name="x705">280.69dp</dimen>
    <dimen name="x706">281.09dp</dimen>
    <dimen name="x707">281.49dp</dimen>
    <dimen name="x708">281.89dp</dimen>
    <dimen name="x709">282.29dp</dimen>
    <dimen name="x710">282.69dp</dimen>
    <dimen name="x711">283.08dp</dimen>
    <dimen name="x712">283.48dp</dimen>
    <dimen name="x713">283.88dp</dimen>
    <dimen name="x714">284.28dp</dimen>
    <dimen name="x715">284.68dp</dimen>
    <dimen name="x716">285.07dp</dimen>
    <dimen name="x717">285.47dp</dimen>
    <dimen name="x718">285.87dp</dimen>
    <dimen name="x719">286.27dp</dimen>
    <dimen name="x720">286.67dp</dimen>
    <dimen name="x721">287.06dp</dimen>
    <dimen name="x722">287.46dp</dimen>
    <dimen name="x723">287.86dp</dimen>
    <dimen name="x724">288.26dp</dimen>
    <dimen name="x725">288.66dp</dimen>
    <dimen name="x726">289.06dp</dimen>
    <dimen name="x727">289.45dp</dimen>
    <dimen name="x728">289.85dp</dimen>
    <dimen name="x729">290.25dp</dimen>
    <dimen name="x730">290.65dp</dimen>
    <dimen name="x731">291.05dp</dimen>
    <dimen name="x732">291.44dp</dimen>
    <dimen name="x733">291.84dp</dimen>
    <dimen name="x734">292.24dp</dimen>
    <dimen name="x735">292.64dp</dimen>
    <dimen name="x736">293.04dp</dimen>
    <dimen name="x737">293.44dp</dimen>
    <dimen name="x738">293.83dp</dimen>
    <dimen name="x739">294.23dp</dimen>
    <dimen name="x740">294.63dp</dimen>
    <dimen name="x741">295.03dp</dimen>
    <dimen name="x742">295.43dp</dimen>
    <dimen name="x743">295.82dp</dimen>
    <dimen name="x744">296.22dp</dimen>
    <dimen name="x745">296.62dp</dimen>
    <dimen name="x746">297.02dp</dimen>
    <dimen name="x747">297.42dp</dimen>
    <dimen name="x748">297.81dp</dimen>
    <dimen name="x749">298.21dp</dimen>
    <dimen name="x750">298.61dp</dimen>
    <dimen name="x751">299.01dp</dimen>
    <dimen name="x752">299.41dp</dimen>
    <dimen name="x753">299.81dp</dimen>
    <dimen name="x754">300.20dp</dimen>
    <dimen name="x755">300.60dp</dimen>
    <dimen name="x756">301.00dp</dimen>
    <dimen name="x757">301.40dp</dimen>
    <dimen name="x758">301.80dp</dimen>
    <dimen name="x759">302.19dp</dimen>
    <dimen name="x760">302.59dp</dimen>
    <dimen name="x761">302.99dp</dimen>
    <dimen name="x762">303.39dp</dimen>
    <dimen name="x763">303.79dp</dimen>
    <dimen name="x764">304.19dp</dimen>
    <dimen name="x765">304.58dp</dimen>
    <dimen name="x766">304.98dp</dimen>
    <dimen name="x767">305.38dp</dimen>
    <dimen name="x768">305.78dp</dimen>
    <dimen name="x769">306.18dp</dimen>
    <dimen name="x770">306.57dp</dimen>
    <dimen name="x771">306.97dp</dimen>
    <dimen name="x772">307.37dp</dimen>
    <dimen name="x773">307.77dp</dimen>
    <dimen name="x774">308.17dp</dimen>
    <dimen name="x775">308.56dp</dimen>
    <dimen name="x776">308.96dp</dimen>
    <dimen name="x777">309.36dp</dimen>
    <dimen name="x778">309.76dp</dimen>
    <dimen name="x779">310.16dp</dimen>
    <dimen name="x780">310.56dp</dimen>
    <dimen name="x781">310.95dp</dimen>
    <dimen name="x782">311.35dp</dimen>
    <dimen name="x783">311.75dp</dimen>
    <dimen name="x784">312.15dp</dimen>
    <dimen name="x785">312.55dp</dimen>
    <dimen name="x786">312.94dp</dimen>
    <dimen name="x787">313.34dp</dimen>
    <dimen name="x788">313.74dp</dimen>
    <dimen name="x789">314.14dp</dimen>
    <dimen name="x790">314.54dp</dimen>
    <dimen name="x791">314.94dp</dimen>
    <dimen name="x792">315.33dp</dimen>
    <dimen name="x793">315.73dp</dimen>
    <dimen name="x794">316.13dp</dimen>
    <dimen name="x795">316.53dp</dimen>
    <dimen name="x796">316.93dp</dimen>
    <dimen name="x797">317.32dp</dimen>
    <dimen name="x798">317.72dp</dimen>
    <dimen name="x799">318.12dp</dimen>
    <dimen name="x800">318.52dp</dimen>
    <dimen name="x801">318.92dp</dimen>
    <dimen name="x802">319.31dp</dimen>
    <dimen name="x803">319.71dp</dimen>
    <dimen name="x804">320.11dp</dimen>
    <dimen name="x805">320.51dp</dimen>
    <dimen name="x806">320.91dp</dimen>
    <dimen name="x807">321.31dp</dimen>
    <dimen name="x808">321.70dp</dimen>
    <dimen name="x809">322.10dp</dimen>
    <dimen name="x810">322.50dp</dimen>
    <dimen name="x811">322.90dp</dimen>
    <dimen name="x812">323.30dp</dimen>
    <dimen name="x813">323.69dp</dimen>
    <dimen name="x814">324.09dp</dimen>
    <dimen name="x815">324.49dp</dimen>
    <dimen name="x816">324.89dp</dimen>
    <dimen name="x817">325.29dp</dimen>
    <dimen name="x818">325.69dp</dimen>
    <dimen name="x819">326.08dp</dimen>
    <dimen name="x820">326.48dp</dimen>
    <dimen name="x821">326.88dp</dimen>
    <dimen name="x822">327.28dp</dimen>
    <dimen name="x823">327.68dp</dimen>
    <dimen name="x824">328.07dp</dimen>
    <dimen name="x825">328.47dp</dimen>
    <dimen name="x826">328.87dp</dimen>
    <dimen name="x827">329.27dp</dimen>
    <dimen name="x828">329.67dp</dimen>
    <dimen name="x829">330.06dp</dimen>
    <dimen name="x830">330.46dp</dimen>
    <dimen name="x831">330.86dp</dimen>
    <dimen name="x832">331.26dp</dimen>
    <dimen name="x833">331.66dp</dimen>
    <dimen name="x834">332.06dp</dimen>
    <dimen name="x835">332.45dp</dimen>
    <dimen name="x836">332.85dp</dimen>
    <dimen name="x837">333.25dp</dimen>
    <dimen name="x838">333.65dp</dimen>
    <dimen name="x839">334.05dp</dimen>
    <dimen name="x840">334.44dp</dimen>
    <dimen name="x841">334.84dp</dimen>
    <dimen name="x842">335.24dp</dimen>
    <dimen name="x843">335.64dp</dimen>
    <dimen name="x844">336.04dp</dimen>
    <dimen name="x845">336.44dp</dimen>
    <dimen name="x846">336.83dp</dimen>
    <dimen name="x847">337.23dp</dimen>
    <dimen name="x848">337.63dp</dimen>
    <dimen name="x849">338.03dp</dimen>
    <dimen name="x850">338.43dp</dimen>
    <dimen name="x851">338.82dp</dimen>
    <dimen name="x852">339.22dp</dimen>
    <dimen name="x853">339.62dp</dimen>
    <dimen name="x854">340.02dp</dimen>
    <dimen name="x855">340.42dp</dimen>
    <dimen name="x856">340.81dp</dimen>
    <dimen name="x857">341.21dp</dimen>
    <dimen name="x858">341.61dp</dimen>
    <dimen name="x859">342.01dp</dimen>
    <dimen name="x860">342.41dp</dimen>
    <dimen name="x861">342.81dp</dimen>
    <dimen name="x862">343.20dp</dimen>
    <dimen name="x863">343.60dp</dimen>
    <dimen name="x864">344.00dp</dimen>
    <dimen name="x865">344.40dp</dimen>
    <dimen name="x866">344.80dp</dimen>
    <dimen name="x867">345.19dp</dimen>
    <dimen name="x868">345.59dp</dimen>
    <dimen name="x869">345.99dp</dimen>
    <dimen name="x870">346.39dp</dimen>
    <dimen name="x871">346.79dp</dimen>
    <dimen name="x872">347.19dp</dimen>
    <dimen name="x873">347.58dp</dimen>
    <dimen name="x874">347.98dp</dimen>
    <dimen name="x875">348.38dp</dimen>
    <dimen name="x876">348.78dp</dimen>
    <dimen name="x877">349.18dp</dimen>
    <dimen name="x878">349.57dp</dimen>
    <dimen name="x879">349.97dp</dimen>
    <dimen name="x880">350.37dp</dimen>
    <dimen name="x881">350.77dp</dimen>
    <dimen name="x882">351.17dp</dimen>
    <dimen name="x883">351.56dp</dimen>
    <dimen name="x884">351.96dp</dimen>
    <dimen name="x885">352.36dp</dimen>
    <dimen name="x886">352.76dp</dimen>
    <dimen name="x887">353.16dp</dimen>
    <dimen name="x888">353.56dp</dimen>
    <dimen name="x889">353.95dp</dimen>
    <dimen name="x890">354.35dp</dimen>
    <dimen name="x891">354.75dp</dimen>
    <dimen name="x892">355.15dp</dimen>
    <dimen name="x893">355.55dp</dimen>
    <dimen name="x894">355.94dp</dimen>
    <dimen name="x895">356.34dp</dimen>
    <dimen name="x896">356.74dp</dimen>
    <dimen name="x897">357.14dp</dimen>
    <dimen name="x898">357.54dp</dimen>
    <dimen name="x899">357.94dp</dimen>
    <dimen name="x900">358.33dp</dimen>
    <dimen name="x901">358.73dp</dimen>
    <dimen name="x902">359.13dp</dimen>
    <dimen name="x903">359.53dp</dimen>
    <dimen name="x904">359.93dp</dimen>
    <dimen name="x905">360.32dp</dimen>
    <dimen name="x906">360.72dp</dimen>
    <dimen name="x907">361.12dp</dimen>
    <dimen name="x908">361.52dp</dimen>
    <dimen name="x909">361.92dp</dimen>
    <dimen name="x910">362.31dp</dimen>
    <dimen name="x911">362.71dp</dimen>
    <dimen name="x912">363.11dp</dimen>
    <dimen name="x913">363.51dp</dimen>
    <dimen name="x914">363.91dp</dimen>
    <dimen name="x915">364.31dp</dimen>
    <dimen name="x916">364.70dp</dimen>
    <dimen name="x917">365.10dp</dimen>
    <dimen name="x918">365.50dp</dimen>
    <dimen name="x919">365.90dp</dimen>
    <dimen name="x920">366.30dp</dimen>
    <dimen name="x921">366.69dp</dimen>
    <dimen name="x922">367.09dp</dimen>
    <dimen name="x923">367.49dp</dimen>
    <dimen name="x924">367.89dp</dimen>
    <dimen name="x925">368.29dp</dimen>
    <dimen name="x926">368.69dp</dimen>
    <dimen name="x927">369.08dp</dimen>
    <dimen name="x928">369.48dp</dimen>
    <dimen name="x929">369.88dp</dimen>
    <dimen name="x930">370.28dp</dimen>
    <dimen name="x931">370.68dp</dimen>
    <dimen name="x932">371.07dp</dimen>
    <dimen name="x933">371.47dp</dimen>
    <dimen name="x934">371.87dp</dimen>
    <dimen name="x935">372.27dp</dimen>
    <dimen name="x936">372.67dp</dimen>
    <dimen name="x937">373.06dp</dimen>
    <dimen name="x938">373.46dp</dimen>
    <dimen name="x939">373.86dp</dimen>
    <dimen name="x940">374.26dp</dimen>
    <dimen name="x941">374.66dp</dimen>
    <dimen name="x942">375.06dp</dimen>
    <dimen name="x943">375.45dp</dimen>
    <dimen name="x944">375.85dp</dimen>
    <dimen name="x945">376.25dp</dimen>
    <dimen name="x946">376.65dp</dimen>
    <dimen name="x947">377.05dp</dimen>
    <dimen name="x948">377.44dp</dimen>
    <dimen name="x949">377.84dp</dimen>
    <dimen name="x950">378.24dp</dimen>
    <dimen name="x951">378.64dp</dimen>
    <dimen name="x952">379.04dp</dimen>
    <dimen name="x953">379.44dp</dimen>
    <dimen name="x954">379.83dp</dimen>
    <dimen name="x955">380.23dp</dimen>
    <dimen name="x956">380.63dp</dimen>
    <dimen name="x957">381.03dp</dimen>
    <dimen name="x958">381.43dp</dimen>
    <dimen name="x959">381.82dp</dimen>
    <dimen name="x960">382.22dp</dimen>
    <dimen name="x961">382.62dp</dimen>
    <dimen name="x962">383.02dp</dimen>
    <dimen name="x963">383.42dp</dimen>
    <dimen name="x964">383.81dp</dimen>
    <dimen name="x965">384.21dp</dimen>
    <dimen name="x966">384.61dp</dimen>
    <dimen name="x967">385.01dp</dimen>
    <dimen name="x968">385.41dp</dimen>
    <dimen name="x969">385.81dp</dimen>
    <dimen name="x970">386.20dp</dimen>
    <dimen name="x971">386.60dp</dimen>
    <dimen name="x972">387.00dp</dimen>
    <dimen name="x973">387.40dp</dimen>
    <dimen name="x974">387.80dp</dimen>
    <dimen name="x975">388.19dp</dimen>
    <dimen name="x976">388.59dp</dimen>
    <dimen name="x977">388.99dp</dimen>
    <dimen name="x978">389.39dp</dimen>
    <dimen name="x979">389.79dp</dimen>
    <dimen name="x980">390.19dp</dimen>
    <dimen name="x981">390.58dp</dimen>
    <dimen name="x982">390.98dp</dimen>
    <dimen name="x983">391.38dp</dimen>
    <dimen name="x984">391.78dp</dimen>
    <dimen name="x985">392.18dp</dimen>
    <dimen name="x986">392.57dp</dimen>
    <dimen name="x987">392.97dp</dimen>
    <dimen name="x988">393.37dp</dimen>
    <dimen name="x989">393.77dp</dimen>
    <dimen name="x990">394.17dp</dimen>
    <dimen name="x991">394.56dp</dimen>
    <dimen name="x992">394.96dp</dimen>
    <dimen name="x993">395.36dp</dimen>
    <dimen name="x994">395.76dp</dimen>
    <dimen name="x995">396.16dp</dimen>
    <dimen name="x996">396.56dp</dimen>
    <dimen name="x997">396.95dp</dimen>
    <dimen name="x998">397.35dp</dimen>
    <dimen name="x999">397.75dp</dimen>
    <dimen name="x1000">398.15dp</dimen>
    <dimen name="x1001">398.55dp</dimen>
    <dimen name="x1002">398.94dp</dimen>
    <dimen name="x1003">399.34dp</dimen>
    <dimen name="x1004">399.74dp</dimen>
    <dimen name="x1005">400.14dp</dimen>
    <dimen name="x1006">400.54dp</dimen>
    <dimen name="x1007">400.94dp</dimen>
    <dimen name="x1008">401.33dp</dimen>
    <dimen name="x1009">401.73dp</dimen>
    <dimen name="x1010">402.13dp</dimen>
    <dimen name="x1011">402.53dp</dimen>
    <dimen name="x1012">402.93dp</dimen>
    <dimen name="x1013">403.32dp</dimen>
    <dimen name="x1014">403.72dp</dimen>
    <dimen name="x1015">404.12dp</dimen>
    <dimen name="x1016">404.52dp</dimen>
    <dimen name="x1017">404.92dp</dimen>
    <dimen name="x1018">405.31dp</dimen>
    <dimen name="x1019">405.71dp</dimen>
    <dimen name="x1020">406.11dp</dimen>
    <dimen name="x1021">406.51dp</dimen>
    <dimen name="x1022">406.91dp</dimen>
    <dimen name="x1023">407.31dp</dimen>
    <dimen name="x1024">407.70dp</dimen>
    <dimen name="x1025">408.10dp</dimen>
    <dimen name="x1026">408.50dp</dimen>
    <dimen name="x1027">408.90dp</dimen>
    <dimen name="x1028">409.30dp</dimen>
    <dimen name="x1029">409.69dp</dimen>
    <dimen name="x1030">410.09dp</dimen>
    <dimen name="x1031">410.49dp</dimen>
    <dimen name="x1032">410.89dp</dimen>
    <dimen name="x1033">411.29dp</dimen>
    <dimen name="x1034">411.69dp</dimen>
    <dimen name="x1035">412.08dp</dimen>
    <dimen name="x1036">412.48dp</dimen>
    <dimen name="x1037">412.88dp</dimen>
    <dimen name="x1038">413.28dp</dimen>
    <dimen name="x1039">413.68dp</dimen>
    <dimen name="x1040">414.07dp</dimen>
    <dimen name="x1041">414.47dp</dimen>
    <dimen name="x1042">414.87dp</dimen>
    <dimen name="x1043">415.27dp</dimen>
    <dimen name="x1044">415.67dp</dimen>
    <dimen name="x1045">416.06dp</dimen>
    <dimen name="x1046">416.46dp</dimen>
    <dimen name="x1047">416.86dp</dimen>
    <dimen name="x1048">417.26dp</dimen>
    <dimen name="x1049">417.66dp</dimen>
    <dimen name="x1050">418.06dp</dimen>
    <dimen name="x1051">418.45dp</dimen>
    <dimen name="x1052">418.85dp</dimen>
    <dimen name="x1053">419.25dp</dimen>
    <dimen name="x1054">419.65dp</dimen>
    <dimen name="x1055">420.05dp</dimen>
    <dimen name="x1056">420.44dp</dimen>
    <dimen name="x1057">420.84dp</dimen>
    <dimen name="x1058">421.24dp</dimen>
    <dimen name="x1059">421.64dp</dimen>
    <dimen name="x1060">422.04dp</dimen>
    <dimen name="x1061">422.44dp</dimen>
    <dimen name="x1062">422.83dp</dimen>
    <dimen name="x1063">423.23dp</dimen>
    <dimen name="x1064">423.63dp</dimen>
    <dimen name="x1065">424.03dp</dimen>
    <dimen name="x1066">424.43dp</dimen>
    <dimen name="x1067">424.82dp</dimen>
    <dimen name="x1068">425.22dp</dimen>
    <dimen name="x1069">425.62dp</dimen>
    <dimen name="x1070">426.02dp</dimen>
    <dimen name="x1071">426.42dp</dimen>
    <dimen name="x1072">426.81dp</dimen>
    <dimen name="x1073">427.21dp</dimen>
    <dimen name="x1074">427.61dp</dimen>
    <dimen name="x1075">428.01dp</dimen>
    <dimen name="x1076">428.41dp</dimen>
    <dimen name="x1077">428.81dp</dimen>
    <dimen name="x1078">429.20dp</dimen>
    <dimen name="x1079">429.60dp</dimen>
    <dimen name="x1080">430.00dp</dimen>
</resources>