<?xml version="1.0" encoding="utf-8"?>
<resources>
    <string name="sw_dp">810dp</string>
    <dimen name="x1">0.75dp</dimen>
    <dimen name="x2">1.50dp</dimen>
    <dimen name="x3">2.25dp</dimen>
    <dimen name="x4">3.00dp</dimen>
    <dimen name="x5">3.75dp</dimen>
    <dimen name="x6">4.50dp</dimen>
    <dimen name="x7">5.25dp</dimen>
    <dimen name="x8">6.00dp</dimen>
    <dimen name="x9">6.75dp</dimen>
    <dimen name="x10">7.50dp</dimen>
    <dimen name="x11">8.25dp</dimen>
    <dimen name="x12">9.00dp</dimen>
    <dimen name="x13">9.75dp</dimen>
    <dimen name="x14">10.50dp</dimen>
    <dimen name="x15">11.25dp</dimen>
    <dimen name="x16">12.00dp</dimen>
    <dimen name="x17">12.75dp</dimen>
    <dimen name="x18">13.50dp</dimen>
    <dimen name="x19">14.25dp</dimen>
    <dimen name="x20">15.00dp</dimen>
    <dimen name="x21">15.75dp</dimen>
    <dimen name="x22">16.50dp</dimen>
    <dimen name="x23">17.25dp</dimen>
    <dimen name="x24">18.00dp</dimen>
    <dimen name="x25">18.75dp</dimen>
    <dimen name="x26">19.50dp</dimen>
    <dimen name="x27">20.25dp</dimen>
    <dimen name="x28">21.00dp</dimen>
    <dimen name="x29">21.75dp</dimen>
    <dimen name="x30">22.50dp</dimen>
    <dimen name="x31">23.25dp</dimen>
    <dimen name="x32">24.00dp</dimen>
    <dimen name="x33">24.75dp</dimen>
    <dimen name="x34">25.50dp</dimen>
    <dimen name="x35">26.25dp</dimen>
    <dimen name="x36">27.00dp</dimen>
    <dimen name="x37">27.75dp</dimen>
    <dimen name="x38">28.50dp</dimen>
    <dimen name="x39">29.25dp</dimen>
    <dimen name="x40">30.00dp</dimen>
    <dimen name="x41">30.75dp</dimen>
    <dimen name="x42">31.50dp</dimen>
    <dimen name="x43">32.25dp</dimen>
    <dimen name="x44">33.00dp</dimen>
    <dimen name="x45">33.75dp</dimen>
    <dimen name="x46">34.50dp</dimen>
    <dimen name="x47">35.25dp</dimen>
    <dimen name="x48">36.00dp</dimen>
    <dimen name="x49">36.75dp</dimen>
    <dimen name="x50">37.50dp</dimen>
    <dimen name="x51">38.25dp</dimen>
    <dimen name="x52">39.00dp</dimen>
    <dimen name="x53">39.75dp</dimen>
    <dimen name="x54">40.50dp</dimen>
    <dimen name="x55">41.25dp</dimen>
    <dimen name="x56">42.00dp</dimen>
    <dimen name="x57">42.75dp</dimen>
    <dimen name="x58">43.50dp</dimen>
    <dimen name="x59">44.25dp</dimen>
    <dimen name="x60">45.00dp</dimen>
    <dimen name="x61">45.75dp</dimen>
    <dimen name="x62">46.50dp</dimen>
    <dimen name="x63">47.25dp</dimen>
    <dimen name="x64">48.00dp</dimen>
    <dimen name="x65">48.75dp</dimen>
    <dimen name="x66">49.50dp</dimen>
    <dimen name="x67">50.25dp</dimen>
    <dimen name="x68">51.00dp</dimen>
    <dimen name="x69">51.75dp</dimen>
    <dimen name="x70">52.50dp</dimen>
    <dimen name="x71">53.25dp</dimen>
    <dimen name="x72">54.00dp</dimen>
    <dimen name="x73">54.75dp</dimen>
    <dimen name="x74">55.50dp</dimen>
    <dimen name="x75">56.25dp</dimen>
    <dimen name="x76">57.00dp</dimen>
    <dimen name="x77">57.75dp</dimen>
    <dimen name="x78">58.50dp</dimen>
    <dimen name="x79">59.25dp</dimen>
    <dimen name="x80">60.00dp</dimen>
    <dimen name="x81">60.75dp</dimen>
    <dimen name="x82">61.50dp</dimen>
    <dimen name="x83">62.25dp</dimen>
    <dimen name="x84">63.00dp</dimen>
    <dimen name="x85">63.75dp</dimen>
    <dimen name="x86">64.50dp</dimen>
    <dimen name="x87">65.25dp</dimen>
    <dimen name="x88">66.00dp</dimen>
    <dimen name="x89">66.75dp</dimen>
    <dimen name="x90">67.50dp</dimen>
    <dimen name="x91">68.25dp</dimen>
    <dimen name="x92">69.00dp</dimen>
    <dimen name="x93">69.75dp</dimen>
    <dimen name="x94">70.50dp</dimen>
    <dimen name="x95">71.25dp</dimen>
    <dimen name="x96">72.00dp</dimen>
    <dimen name="x97">72.75dp</dimen>
    <dimen name="x98">73.50dp</dimen>
    <dimen name="x99">74.25dp</dimen>
    <dimen name="x100">75.00dp</dimen>
    <dimen name="x101">75.75dp</dimen>
    <dimen name="x102">76.50dp</dimen>
    <dimen name="x103">77.25dp</dimen>
    <dimen name="x104">78.00dp</dimen>
    <dimen name="x105">78.75dp</dimen>
    <dimen name="x106">79.50dp</dimen>
    <dimen name="x107">80.25dp</dimen>
    <dimen name="x108">81.00dp</dimen>
    <dimen name="x109">81.75dp</dimen>
    <dimen name="x110">82.50dp</dimen>
    <dimen name="x111">83.25dp</dimen>
    <dimen name="x112">84.00dp</dimen>
    <dimen name="x113">84.75dp</dimen>
    <dimen name="x114">85.50dp</dimen>
    <dimen name="x115">86.25dp</dimen>
    <dimen name="x116">87.00dp</dimen>
    <dimen name="x117">87.75dp</dimen>
    <dimen name="x118">88.50dp</dimen>
    <dimen name="x119">89.25dp</dimen>
    <dimen name="x120">90.00dp</dimen>
    <dimen name="x121">90.75dp</dimen>
    <dimen name="x122">91.50dp</dimen>
    <dimen name="x123">92.25dp</dimen>
    <dimen name="x124">93.00dp</dimen>
    <dimen name="x125">93.75dp</dimen>
    <dimen name="x126">94.50dp</dimen>
    <dimen name="x127">95.25dp</dimen>
    <dimen name="x128">96.00dp</dimen>
    <dimen name="x129">96.75dp</dimen>
    <dimen name="x130">97.50dp</dimen>
    <dimen name="x131">98.25dp</dimen>
    <dimen name="x132">99.00dp</dimen>
    <dimen name="x133">99.75dp</dimen>
    <dimen name="x134">100.50dp</dimen>
    <dimen name="x135">101.25dp</dimen>
    <dimen name="x136">102.00dp</dimen>
    <dimen name="x137">102.75dp</dimen>
    <dimen name="x138">103.50dp</dimen>
    <dimen name="x139">104.25dp</dimen>
    <dimen name="x140">105.00dp</dimen>
    <dimen name="x141">105.75dp</dimen>
    <dimen name="x142">106.50dp</dimen>
    <dimen name="x143">107.25dp</dimen>
    <dimen name="x144">108.00dp</dimen>
    <dimen name="x145">108.75dp</dimen>
    <dimen name="x146">109.50dp</dimen>
    <dimen name="x147">110.25dp</dimen>
    <dimen name="x148">111.00dp</dimen>
    <dimen name="x149">111.75dp</dimen>
    <dimen name="x150">112.50dp</dimen>
    <dimen name="x151">113.25dp</dimen>
    <dimen name="x152">114.00dp</dimen>
    <dimen name="x153">114.75dp</dimen>
    <dimen name="x154">115.50dp</dimen>
    <dimen name="x155">116.25dp</dimen>
    <dimen name="x156">117.00dp</dimen>
    <dimen name="x157">117.75dp</dimen>
    <dimen name="x158">118.50dp</dimen>
    <dimen name="x159">119.25dp</dimen>
    <dimen name="x160">120.00dp</dimen>
    <dimen name="x161">120.75dp</dimen>
    <dimen name="x162">121.50dp</dimen>
    <dimen name="x163">122.25dp</dimen>
    <dimen name="x164">123.00dp</dimen>
    <dimen name="x165">123.75dp</dimen>
    <dimen name="x166">124.50dp</dimen>
    <dimen name="x167">125.25dp</dimen>
    <dimen name="x168">126.00dp</dimen>
    <dimen name="x169">126.75dp</dimen>
    <dimen name="x170">127.50dp</dimen>
    <dimen name="x171">128.25dp</dimen>
    <dimen name="x172">129.00dp</dimen>
    <dimen name="x173">129.75dp</dimen>
    <dimen name="x174">130.50dp</dimen>
    <dimen name="x175">131.25dp</dimen>
    <dimen name="x176">132.00dp</dimen>
    <dimen name="x177">132.75dp</dimen>
    <dimen name="x178">133.50dp</dimen>
    <dimen name="x179">134.25dp</dimen>
    <dimen name="x180">135.00dp</dimen>
    <dimen name="x181">135.75dp</dimen>
    <dimen name="x182">136.50dp</dimen>
    <dimen name="x183">137.25dp</dimen>
    <dimen name="x184">138.00dp</dimen>
    <dimen name="x185">138.75dp</dimen>
    <dimen name="x186">139.50dp</dimen>
    <dimen name="x187">140.25dp</dimen>
    <dimen name="x188">141.00dp</dimen>
    <dimen name="x189">141.75dp</dimen>
    <dimen name="x190">142.50dp</dimen>
    <dimen name="x191">143.25dp</dimen>
    <dimen name="x192">144.00dp</dimen>
    <dimen name="x193">144.75dp</dimen>
    <dimen name="x194">145.50dp</dimen>
    <dimen name="x195">146.25dp</dimen>
    <dimen name="x196">147.00dp</dimen>
    <dimen name="x197">147.75dp</dimen>
    <dimen name="x198">148.50dp</dimen>
    <dimen name="x199">149.25dp</dimen>
    <dimen name="x200">150.00dp</dimen>
    <dimen name="x201">150.75dp</dimen>
    <dimen name="x202">151.50dp</dimen>
    <dimen name="x203">152.25dp</dimen>
    <dimen name="x204">153.00dp</dimen>
    <dimen name="x205">153.75dp</dimen>
    <dimen name="x206">154.50dp</dimen>
    <dimen name="x207">155.25dp</dimen>
    <dimen name="x208">156.00dp</dimen>
    <dimen name="x209">156.75dp</dimen>
    <dimen name="x210">157.50dp</dimen>
    <dimen name="x211">158.25dp</dimen>
    <dimen name="x212">159.00dp</dimen>
    <dimen name="x213">159.75dp</dimen>
    <dimen name="x214">160.50dp</dimen>
    <dimen name="x215">161.25dp</dimen>
    <dimen name="x216">162.00dp</dimen>
    <dimen name="x217">162.75dp</dimen>
    <dimen name="x218">163.50dp</dimen>
    <dimen name="x219">164.25dp</dimen>
    <dimen name="x220">165.00dp</dimen>
    <dimen name="x221">165.75dp</dimen>
    <dimen name="x222">166.50dp</dimen>
    <dimen name="x223">167.25dp</dimen>
    <dimen name="x224">168.00dp</dimen>
    <dimen name="x225">168.75dp</dimen>
    <dimen name="x226">169.50dp</dimen>
    <dimen name="x227">170.25dp</dimen>
    <dimen name="x228">171.00dp</dimen>
    <dimen name="x229">171.75dp</dimen>
    <dimen name="x230">172.50dp</dimen>
    <dimen name="x231">173.25dp</dimen>
    <dimen name="x232">174.00dp</dimen>
    <dimen name="x233">174.75dp</dimen>
    <dimen name="x234">175.50dp</dimen>
    <dimen name="x235">176.25dp</dimen>
    <dimen name="x236">177.00dp</dimen>
    <dimen name="x237">177.75dp</dimen>
    <dimen name="x238">178.50dp</dimen>
    <dimen name="x239">179.25dp</dimen>
    <dimen name="x240">180.00dp</dimen>
    <dimen name="x241">180.75dp</dimen>
    <dimen name="x242">181.50dp</dimen>
    <dimen name="x243">182.25dp</dimen>
    <dimen name="x244">183.00dp</dimen>
    <dimen name="x245">183.75dp</dimen>
    <dimen name="x246">184.50dp</dimen>
    <dimen name="x247">185.25dp</dimen>
    <dimen name="x248">186.00dp</dimen>
    <dimen name="x249">186.75dp</dimen>
    <dimen name="x250">187.50dp</dimen>
    <dimen name="x251">188.25dp</dimen>
    <dimen name="x252">189.00dp</dimen>
    <dimen name="x253">189.75dp</dimen>
    <dimen name="x254">190.50dp</dimen>
    <dimen name="x255">191.25dp</dimen>
    <dimen name="x256">192.00dp</dimen>
    <dimen name="x257">192.75dp</dimen>
    <dimen name="x258">193.50dp</dimen>
    <dimen name="x259">194.25dp</dimen>
    <dimen name="x260">195.00dp</dimen>
    <dimen name="x261">195.75dp</dimen>
    <dimen name="x262">196.50dp</dimen>
    <dimen name="x263">197.25dp</dimen>
    <dimen name="x264">198.00dp</dimen>
    <dimen name="x265">198.75dp</dimen>
    <dimen name="x266">199.50dp</dimen>
    <dimen name="x267">200.25dp</dimen>
    <dimen name="x268">201.00dp</dimen>
    <dimen name="x269">201.75dp</dimen>
    <dimen name="x270">202.50dp</dimen>
    <dimen name="x271">203.25dp</dimen>
    <dimen name="x272">204.00dp</dimen>
    <dimen name="x273">204.75dp</dimen>
    <dimen name="x274">205.50dp</dimen>
    <dimen name="x275">206.25dp</dimen>
    <dimen name="x276">207.00dp</dimen>
    <dimen name="x277">207.75dp</dimen>
    <dimen name="x278">208.50dp</dimen>
    <dimen name="x279">209.25dp</dimen>
    <dimen name="x280">210.00dp</dimen>
    <dimen name="x281">210.75dp</dimen>
    <dimen name="x282">211.50dp</dimen>
    <dimen name="x283">212.25dp</dimen>
    <dimen name="x284">213.00dp</dimen>
    <dimen name="x285">213.75dp</dimen>
    <dimen name="x286">214.50dp</dimen>
    <dimen name="x287">215.25dp</dimen>
    <dimen name="x288">216.00dp</dimen>
    <dimen name="x289">216.75dp</dimen>
    <dimen name="x290">217.50dp</dimen>
    <dimen name="x291">218.25dp</dimen>
    <dimen name="x292">219.00dp</dimen>
    <dimen name="x293">219.75dp</dimen>
    <dimen name="x294">220.50dp</dimen>
    <dimen name="x295">221.25dp</dimen>
    <dimen name="x296">222.00dp</dimen>
    <dimen name="x297">222.75dp</dimen>
    <dimen name="x298">223.50dp</dimen>
    <dimen name="x299">224.25dp</dimen>
    <dimen name="x300">225.00dp</dimen>
    <dimen name="x301">225.75dp</dimen>
    <dimen name="x302">226.50dp</dimen>
    <dimen name="x303">227.25dp</dimen>
    <dimen name="x304">228.00dp</dimen>
    <dimen name="x305">228.75dp</dimen>
    <dimen name="x306">229.50dp</dimen>
    <dimen name="x307">230.25dp</dimen>
    <dimen name="x308">231.00dp</dimen>
    <dimen name="x309">231.75dp</dimen>
    <dimen name="x310">232.50dp</dimen>
    <dimen name="x311">233.25dp</dimen>
    <dimen name="x312">234.00dp</dimen>
    <dimen name="x313">234.75dp</dimen>
    <dimen name="x314">235.50dp</dimen>
    <dimen name="x315">236.25dp</dimen>
    <dimen name="x316">237.00dp</dimen>
    <dimen name="x317">237.75dp</dimen>
    <dimen name="x318">238.50dp</dimen>
    <dimen name="x319">239.25dp</dimen>
    <dimen name="x320">240.00dp</dimen>
    <dimen name="x321">240.75dp</dimen>
    <dimen name="x322">241.50dp</dimen>
    <dimen name="x323">242.25dp</dimen>
    <dimen name="x324">243.00dp</dimen>
    <dimen name="x325">243.75dp</dimen>
    <dimen name="x326">244.50dp</dimen>
    <dimen name="x327">245.25dp</dimen>
    <dimen name="x328">246.00dp</dimen>
    <dimen name="x329">246.75dp</dimen>
    <dimen name="x330">247.50dp</dimen>
    <dimen name="x331">248.25dp</dimen>
    <dimen name="x332">249.00dp</dimen>
    <dimen name="x333">249.75dp</dimen>
    <dimen name="x334">250.50dp</dimen>
    <dimen name="x335">251.25dp</dimen>
    <dimen name="x336">252.00dp</dimen>
    <dimen name="x337">252.75dp</dimen>
    <dimen name="x338">253.50dp</dimen>
    <dimen name="x339">254.25dp</dimen>
    <dimen name="x340">255.00dp</dimen>
    <dimen name="x341">255.75dp</dimen>
    <dimen name="x342">256.50dp</dimen>
    <dimen name="x343">257.25dp</dimen>
    <dimen name="x344">258.00dp</dimen>
    <dimen name="x345">258.75dp</dimen>
    <dimen name="x346">259.50dp</dimen>
    <dimen name="x347">260.25dp</dimen>
    <dimen name="x348">261.00dp</dimen>
    <dimen name="x349">261.75dp</dimen>
    <dimen name="x350">262.50dp</dimen>
    <dimen name="x351">263.25dp</dimen>
    <dimen name="x352">264.00dp</dimen>
    <dimen name="x353">264.75dp</dimen>
    <dimen name="x354">265.50dp</dimen>
    <dimen name="x355">266.25dp</dimen>
    <dimen name="x356">267.00dp</dimen>
    <dimen name="x357">267.75dp</dimen>
    <dimen name="x358">268.50dp</dimen>
    <dimen name="x359">269.25dp</dimen>
    <dimen name="x360">270.00dp</dimen>
    <dimen name="x361">270.75dp</dimen>
    <dimen name="x362">271.50dp</dimen>
    <dimen name="x363">272.25dp</dimen>
    <dimen name="x364">273.00dp</dimen>
    <dimen name="x365">273.75dp</dimen>
    <dimen name="x366">274.50dp</dimen>
    <dimen name="x367">275.25dp</dimen>
    <dimen name="x368">276.00dp</dimen>
    <dimen name="x369">276.75dp</dimen>
    <dimen name="x370">277.50dp</dimen>
    <dimen name="x371">278.25dp</dimen>
    <dimen name="x372">279.00dp</dimen>
    <dimen name="x373">279.75dp</dimen>
    <dimen name="x374">280.50dp</dimen>
    <dimen name="x375">281.25dp</dimen>
    <dimen name="x376">282.00dp</dimen>
    <dimen name="x377">282.75dp</dimen>
    <dimen name="x378">283.50dp</dimen>
    <dimen name="x379">284.25dp</dimen>
    <dimen name="x380">285.00dp</dimen>
    <dimen name="x381">285.75dp</dimen>
    <dimen name="x382">286.50dp</dimen>
    <dimen name="x383">287.25dp</dimen>
    <dimen name="x384">288.00dp</dimen>
    <dimen name="x385">288.75dp</dimen>
    <dimen name="x386">289.50dp</dimen>
    <dimen name="x387">290.25dp</dimen>
    <dimen name="x388">291.00dp</dimen>
    <dimen name="x389">291.75dp</dimen>
    <dimen name="x390">292.50dp</dimen>
    <dimen name="x391">293.25dp</dimen>
    <dimen name="x392">294.00dp</dimen>
    <dimen name="x393">294.75dp</dimen>
    <dimen name="x394">295.50dp</dimen>
    <dimen name="x395">296.25dp</dimen>
    <dimen name="x396">297.00dp</dimen>
    <dimen name="x397">297.75dp</dimen>
    <dimen name="x398">298.50dp</dimen>
    <dimen name="x399">299.25dp</dimen>
    <dimen name="x400">300.00dp</dimen>
    <dimen name="x401">300.75dp</dimen>
    <dimen name="x402">301.50dp</dimen>
    <dimen name="x403">302.25dp</dimen>
    <dimen name="x404">303.00dp</dimen>
    <dimen name="x405">303.75dp</dimen>
    <dimen name="x406">304.50dp</dimen>
    <dimen name="x407">305.25dp</dimen>
    <dimen name="x408">306.00dp</dimen>
    <dimen name="x409">306.75dp</dimen>
    <dimen name="x410">307.50dp</dimen>
    <dimen name="x411">308.25dp</dimen>
    <dimen name="x412">309.00dp</dimen>
    <dimen name="x413">309.75dp</dimen>
    <dimen name="x414">310.50dp</dimen>
    <dimen name="x415">311.25dp</dimen>
    <dimen name="x416">312.00dp</dimen>
    <dimen name="x417">312.75dp</dimen>
    <dimen name="x418">313.50dp</dimen>
    <dimen name="x419">314.25dp</dimen>
    <dimen name="x420">315.00dp</dimen>
    <dimen name="x421">315.75dp</dimen>
    <dimen name="x422">316.50dp</dimen>
    <dimen name="x423">317.25dp</dimen>
    <dimen name="x424">318.00dp</dimen>
    <dimen name="x425">318.75dp</dimen>
    <dimen name="x426">319.50dp</dimen>
    <dimen name="x427">320.25dp</dimen>
    <dimen name="x428">321.00dp</dimen>
    <dimen name="x429">321.75dp</dimen>
    <dimen name="x430">322.50dp</dimen>
    <dimen name="x431">323.25dp</dimen>
    <dimen name="x432">324.00dp</dimen>
    <dimen name="x433">324.75dp</dimen>
    <dimen name="x434">325.50dp</dimen>
    <dimen name="x435">326.25dp</dimen>
    <dimen name="x436">327.00dp</dimen>
    <dimen name="x437">327.75dp</dimen>
    <dimen name="x438">328.50dp</dimen>
    <dimen name="x439">329.25dp</dimen>
    <dimen name="x440">330.00dp</dimen>
    <dimen name="x441">330.75dp</dimen>
    <dimen name="x442">331.50dp</dimen>
    <dimen name="x443">332.25dp</dimen>
    <dimen name="x444">333.00dp</dimen>
    <dimen name="x445">333.75dp</dimen>
    <dimen name="x446">334.50dp</dimen>
    <dimen name="x447">335.25dp</dimen>
    <dimen name="x448">336.00dp</dimen>
    <dimen name="x449">336.75dp</dimen>
    <dimen name="x450">337.50dp</dimen>
    <dimen name="x451">338.25dp</dimen>
    <dimen name="x452">339.00dp</dimen>
    <dimen name="x453">339.75dp</dimen>
    <dimen name="x454">340.50dp</dimen>
    <dimen name="x455">341.25dp</dimen>
    <dimen name="x456">342.00dp</dimen>
    <dimen name="x457">342.75dp</dimen>
    <dimen name="x458">343.50dp</dimen>
    <dimen name="x459">344.25dp</dimen>
    <dimen name="x460">345.00dp</dimen>
    <dimen name="x461">345.75dp</dimen>
    <dimen name="x462">346.50dp</dimen>
    <dimen name="x463">347.25dp</dimen>
    <dimen name="x464">348.00dp</dimen>
    <dimen name="x465">348.75dp</dimen>
    <dimen name="x466">349.50dp</dimen>
    <dimen name="x467">350.25dp</dimen>
    <dimen name="x468">351.00dp</dimen>
    <dimen name="x469">351.75dp</dimen>
    <dimen name="x470">352.50dp</dimen>
    <dimen name="x471">353.25dp</dimen>
    <dimen name="x472">354.00dp</dimen>
    <dimen name="x473">354.75dp</dimen>
    <dimen name="x474">355.50dp</dimen>
    <dimen name="x475">356.25dp</dimen>
    <dimen name="x476">357.00dp</dimen>
    <dimen name="x477">357.75dp</dimen>
    <dimen name="x478">358.50dp</dimen>
    <dimen name="x479">359.25dp</dimen>
    <dimen name="x480">360.00dp</dimen>
    <dimen name="x481">360.75dp</dimen>
    <dimen name="x482">361.50dp</dimen>
    <dimen name="x483">362.25dp</dimen>
    <dimen name="x484">363.00dp</dimen>
    <dimen name="x485">363.75dp</dimen>
    <dimen name="x486">364.50dp</dimen>
    <dimen name="x487">365.25dp</dimen>
    <dimen name="x488">366.00dp</dimen>
    <dimen name="x489">366.75dp</dimen>
    <dimen name="x490">367.50dp</dimen>
    <dimen name="x491">368.25dp</dimen>
    <dimen name="x492">369.00dp</dimen>
    <dimen name="x493">369.75dp</dimen>
    <dimen name="x494">370.50dp</dimen>
    <dimen name="x495">371.25dp</dimen>
    <dimen name="x496">372.00dp</dimen>
    <dimen name="x497">372.75dp</dimen>
    <dimen name="x498">373.50dp</dimen>
    <dimen name="x499">374.25dp</dimen>
    <dimen name="x500">375.00dp</dimen>
    <dimen name="x501">375.75dp</dimen>
    <dimen name="x502">376.50dp</dimen>
    <dimen name="x503">377.25dp</dimen>
    <dimen name="x504">378.00dp</dimen>
    <dimen name="x505">378.75dp</dimen>
    <dimen name="x506">379.50dp</dimen>
    <dimen name="x507">380.25dp</dimen>
    <dimen name="x508">381.00dp</dimen>
    <dimen name="x509">381.75dp</dimen>
    <dimen name="x510">382.50dp</dimen>
    <dimen name="x511">383.25dp</dimen>
    <dimen name="x512">384.00dp</dimen>
    <dimen name="x513">384.75dp</dimen>
    <dimen name="x514">385.50dp</dimen>
    <dimen name="x515">386.25dp</dimen>
    <dimen name="x516">387.00dp</dimen>
    <dimen name="x517">387.75dp</dimen>
    <dimen name="x518">388.50dp</dimen>
    <dimen name="x519">389.25dp</dimen>
    <dimen name="x520">390.00dp</dimen>
    <dimen name="x521">390.75dp</dimen>
    <dimen name="x522">391.50dp</dimen>
    <dimen name="x523">392.25dp</dimen>
    <dimen name="x524">393.00dp</dimen>
    <dimen name="x525">393.75dp</dimen>
    <dimen name="x526">394.50dp</dimen>
    <dimen name="x527">395.25dp</dimen>
    <dimen name="x528">396.00dp</dimen>
    <dimen name="x529">396.75dp</dimen>
    <dimen name="x530">397.50dp</dimen>
    <dimen name="x531">398.25dp</dimen>
    <dimen name="x532">399.00dp</dimen>
    <dimen name="x533">399.75dp</dimen>
    <dimen name="x534">400.50dp</dimen>
    <dimen name="x535">401.25dp</dimen>
    <dimen name="x536">402.00dp</dimen>
    <dimen name="x537">402.75dp</dimen>
    <dimen name="x538">403.50dp</dimen>
    <dimen name="x539">404.25dp</dimen>
    <dimen name="x540">405.00dp</dimen>
    <dimen name="x541">405.75dp</dimen>
    <dimen name="x542">406.50dp</dimen>
    <dimen name="x543">407.25dp</dimen>
    <dimen name="x544">408.00dp</dimen>
    <dimen name="x545">408.75dp</dimen>
    <dimen name="x546">409.50dp</dimen>
    <dimen name="x547">410.25dp</dimen>
    <dimen name="x548">411.00dp</dimen>
    <dimen name="x549">411.75dp</dimen>
    <dimen name="x550">412.50dp</dimen>
    <dimen name="x551">413.25dp</dimen>
    <dimen name="x552">414.00dp</dimen>
    <dimen name="x553">414.75dp</dimen>
    <dimen name="x554">415.50dp</dimen>
    <dimen name="x555">416.25dp</dimen>
    <dimen name="x556">417.00dp</dimen>
    <dimen name="x557">417.75dp</dimen>
    <dimen name="x558">418.50dp</dimen>
    <dimen name="x559">419.25dp</dimen>
    <dimen name="x560">420.00dp</dimen>
    <dimen name="x561">420.75dp</dimen>
    <dimen name="x562">421.50dp</dimen>
    <dimen name="x563">422.25dp</dimen>
    <dimen name="x564">423.00dp</dimen>
    <dimen name="x565">423.75dp</dimen>
    <dimen name="x566">424.50dp</dimen>
    <dimen name="x567">425.25dp</dimen>
    <dimen name="x568">426.00dp</dimen>
    <dimen name="x569">426.75dp</dimen>
    <dimen name="x570">427.50dp</dimen>
    <dimen name="x571">428.25dp</dimen>
    <dimen name="x572">429.00dp</dimen>
    <dimen name="x573">429.75dp</dimen>
    <dimen name="x574">430.50dp</dimen>
    <dimen name="x575">431.25dp</dimen>
    <dimen name="x576">432.00dp</dimen>
    <dimen name="x577">432.75dp</dimen>
    <dimen name="x578">433.50dp</dimen>
    <dimen name="x579">434.25dp</dimen>
    <dimen name="x580">435.00dp</dimen>
    <dimen name="x581">435.75dp</dimen>
    <dimen name="x582">436.50dp</dimen>
    <dimen name="x583">437.25dp</dimen>
    <dimen name="x584">438.00dp</dimen>
    <dimen name="x585">438.75dp</dimen>
    <dimen name="x586">439.50dp</dimen>
    <dimen name="x587">440.25dp</dimen>
    <dimen name="x588">441.00dp</dimen>
    <dimen name="x589">441.75dp</dimen>
    <dimen name="x590">442.50dp</dimen>
    <dimen name="x591">443.25dp</dimen>
    <dimen name="x592">444.00dp</dimen>
    <dimen name="x593">444.75dp</dimen>
    <dimen name="x594">445.50dp</dimen>
    <dimen name="x595">446.25dp</dimen>
    <dimen name="x596">447.00dp</dimen>
    <dimen name="x597">447.75dp</dimen>
    <dimen name="x598">448.50dp</dimen>
    <dimen name="x599">449.25dp</dimen>
    <dimen name="x600">450.00dp</dimen>
    <dimen name="x601">450.75dp</dimen>
    <dimen name="x602">451.50dp</dimen>
    <dimen name="x603">452.25dp</dimen>
    <dimen name="x604">453.00dp</dimen>
    <dimen name="x605">453.75dp</dimen>
    <dimen name="x606">454.50dp</dimen>
    <dimen name="x607">455.25dp</dimen>
    <dimen name="x608">456.00dp</dimen>
    <dimen name="x609">456.75dp</dimen>
    <dimen name="x610">457.50dp</dimen>
    <dimen name="x611">458.25dp</dimen>
    <dimen name="x612">459.00dp</dimen>
    <dimen name="x613">459.75dp</dimen>
    <dimen name="x614">460.50dp</dimen>
    <dimen name="x615">461.25dp</dimen>
    <dimen name="x616">462.00dp</dimen>
    <dimen name="x617">462.75dp</dimen>
    <dimen name="x618">463.50dp</dimen>
    <dimen name="x619">464.25dp</dimen>
    <dimen name="x620">465.00dp</dimen>
    <dimen name="x621">465.75dp</dimen>
    <dimen name="x622">466.50dp</dimen>
    <dimen name="x623">467.25dp</dimen>
    <dimen name="x624">468.00dp</dimen>
    <dimen name="x625">468.75dp</dimen>
    <dimen name="x626">469.50dp</dimen>
    <dimen name="x627">470.25dp</dimen>
    <dimen name="x628">471.00dp</dimen>
    <dimen name="x629">471.75dp</dimen>
    <dimen name="x630">472.50dp</dimen>
    <dimen name="x631">473.25dp</dimen>
    <dimen name="x632">474.00dp</dimen>
    <dimen name="x633">474.75dp</dimen>
    <dimen name="x634">475.50dp</dimen>
    <dimen name="x635">476.25dp</dimen>
    <dimen name="x636">477.00dp</dimen>
    <dimen name="x637">477.75dp</dimen>
    <dimen name="x638">478.50dp</dimen>
    <dimen name="x639">479.25dp</dimen>
    <dimen name="x640">480.00dp</dimen>
    <dimen name="x641">480.75dp</dimen>
    <dimen name="x642">481.50dp</dimen>
    <dimen name="x643">482.25dp</dimen>
    <dimen name="x644">483.00dp</dimen>
    <dimen name="x645">483.75dp</dimen>
    <dimen name="x646">484.50dp</dimen>
    <dimen name="x647">485.25dp</dimen>
    <dimen name="x648">486.00dp</dimen>
    <dimen name="x649">486.75dp</dimen>
    <dimen name="x650">487.50dp</dimen>
    <dimen name="x651">488.25dp</dimen>
    <dimen name="x652">489.00dp</dimen>
    <dimen name="x653">489.75dp</dimen>
    <dimen name="x654">490.50dp</dimen>
    <dimen name="x655">491.25dp</dimen>
    <dimen name="x656">492.00dp</dimen>
    <dimen name="x657">492.75dp</dimen>
    <dimen name="x658">493.50dp</dimen>
    <dimen name="x659">494.25dp</dimen>
    <dimen name="x660">495.00dp</dimen>
    <dimen name="x661">495.75dp</dimen>
    <dimen name="x662">496.50dp</dimen>
    <dimen name="x663">497.25dp</dimen>
    <dimen name="x664">498.00dp</dimen>
    <dimen name="x665">498.75dp</dimen>
    <dimen name="x666">499.50dp</dimen>
    <dimen name="x667">500.25dp</dimen>
    <dimen name="x668">501.00dp</dimen>
    <dimen name="x669">501.75dp</dimen>
    <dimen name="x670">502.50dp</dimen>
    <dimen name="x671">503.25dp</dimen>
    <dimen name="x672">504.00dp</dimen>
    <dimen name="x673">504.75dp</dimen>
    <dimen name="x674">505.50dp</dimen>
    <dimen name="x675">506.25dp</dimen>
    <dimen name="x676">507.00dp</dimen>
    <dimen name="x677">507.75dp</dimen>
    <dimen name="x678">508.50dp</dimen>
    <dimen name="x679">509.25dp</dimen>
    <dimen name="x680">510.00dp</dimen>
    <dimen name="x681">510.75dp</dimen>
    <dimen name="x682">511.50dp</dimen>
    <dimen name="x683">512.25dp</dimen>
    <dimen name="x684">513.00dp</dimen>
    <dimen name="x685">513.75dp</dimen>
    <dimen name="x686">514.50dp</dimen>
    <dimen name="x687">515.25dp</dimen>
    <dimen name="x688">516.00dp</dimen>
    <dimen name="x689">516.75dp</dimen>
    <dimen name="x690">517.50dp</dimen>
    <dimen name="x691">518.25dp</dimen>
    <dimen name="x692">519.00dp</dimen>
    <dimen name="x693">519.75dp</dimen>
    <dimen name="x694">520.50dp</dimen>
    <dimen name="x695">521.25dp</dimen>
    <dimen name="x696">522.00dp</dimen>
    <dimen name="x697">522.75dp</dimen>
    <dimen name="x698">523.50dp</dimen>
    <dimen name="x699">524.25dp</dimen>
    <dimen name="x700">525.00dp</dimen>
    <dimen name="x701">525.75dp</dimen>
    <dimen name="x702">526.50dp</dimen>
    <dimen name="x703">527.25dp</dimen>
    <dimen name="x704">528.00dp</dimen>
    <dimen name="x705">528.75dp</dimen>
    <dimen name="x706">529.50dp</dimen>
    <dimen name="x707">530.25dp</dimen>
    <dimen name="x708">531.00dp</dimen>
    <dimen name="x709">531.75dp</dimen>
    <dimen name="x710">532.50dp</dimen>
    <dimen name="x711">533.25dp</dimen>
    <dimen name="x712">534.00dp</dimen>
    <dimen name="x713">534.75dp</dimen>
    <dimen name="x714">535.50dp</dimen>
    <dimen name="x715">536.25dp</dimen>
    <dimen name="x716">537.00dp</dimen>
    <dimen name="x717">537.75dp</dimen>
    <dimen name="x718">538.50dp</dimen>
    <dimen name="x719">539.25dp</dimen>
    <dimen name="x720">540.00dp</dimen>
    <dimen name="x721">540.75dp</dimen>
    <dimen name="x722">541.50dp</dimen>
    <dimen name="x723">542.25dp</dimen>
    <dimen name="x724">543.00dp</dimen>
    <dimen name="x725">543.75dp</dimen>
    <dimen name="x726">544.50dp</dimen>
    <dimen name="x727">545.25dp</dimen>
    <dimen name="x728">546.00dp</dimen>
    <dimen name="x729">546.75dp</dimen>
    <dimen name="x730">547.50dp</dimen>
    <dimen name="x731">548.25dp</dimen>
    <dimen name="x732">549.00dp</dimen>
    <dimen name="x733">549.75dp</dimen>
    <dimen name="x734">550.50dp</dimen>
    <dimen name="x735">551.25dp</dimen>
    <dimen name="x736">552.00dp</dimen>
    <dimen name="x737">552.75dp</dimen>
    <dimen name="x738">553.50dp</dimen>
    <dimen name="x739">554.25dp</dimen>
    <dimen name="x740">555.00dp</dimen>
    <dimen name="x741">555.75dp</dimen>
    <dimen name="x742">556.50dp</dimen>
    <dimen name="x743">557.25dp</dimen>
    <dimen name="x744">558.00dp</dimen>
    <dimen name="x745">558.75dp</dimen>
    <dimen name="x746">559.50dp</dimen>
    <dimen name="x747">560.25dp</dimen>
    <dimen name="x748">561.00dp</dimen>
    <dimen name="x749">561.75dp</dimen>
    <dimen name="x750">562.50dp</dimen>
    <dimen name="x751">563.25dp</dimen>
    <dimen name="x752">564.00dp</dimen>
    <dimen name="x753">564.75dp</dimen>
    <dimen name="x754">565.50dp</dimen>
    <dimen name="x755">566.25dp</dimen>
    <dimen name="x756">567.00dp</dimen>
    <dimen name="x757">567.75dp</dimen>
    <dimen name="x758">568.50dp</dimen>
    <dimen name="x759">569.25dp</dimen>
    <dimen name="x760">570.00dp</dimen>
    <dimen name="x761">570.75dp</dimen>
    <dimen name="x762">571.50dp</dimen>
    <dimen name="x763">572.25dp</dimen>
    <dimen name="x764">573.00dp</dimen>
    <dimen name="x765">573.75dp</dimen>
    <dimen name="x766">574.50dp</dimen>
    <dimen name="x767">575.25dp</dimen>
    <dimen name="x768">576.00dp</dimen>
    <dimen name="x769">576.75dp</dimen>
    <dimen name="x770">577.50dp</dimen>
    <dimen name="x771">578.25dp</dimen>
    <dimen name="x772">579.00dp</dimen>
    <dimen name="x773">579.75dp</dimen>
    <dimen name="x774">580.50dp</dimen>
    <dimen name="x775">581.25dp</dimen>
    <dimen name="x776">582.00dp</dimen>
    <dimen name="x777">582.75dp</dimen>
    <dimen name="x778">583.50dp</dimen>
    <dimen name="x779">584.25dp</dimen>
    <dimen name="x780">585.00dp</dimen>
    <dimen name="x781">585.75dp</dimen>
    <dimen name="x782">586.50dp</dimen>
    <dimen name="x783">587.25dp</dimen>
    <dimen name="x784">588.00dp</dimen>
    <dimen name="x785">588.75dp</dimen>
    <dimen name="x786">589.50dp</dimen>
    <dimen name="x787">590.25dp</dimen>
    <dimen name="x788">591.00dp</dimen>
    <dimen name="x789">591.75dp</dimen>
    <dimen name="x790">592.50dp</dimen>
    <dimen name="x791">593.25dp</dimen>
    <dimen name="x792">594.00dp</dimen>
    <dimen name="x793">594.75dp</dimen>
    <dimen name="x794">595.50dp</dimen>
    <dimen name="x795">596.25dp</dimen>
    <dimen name="x796">597.00dp</dimen>
    <dimen name="x797">597.75dp</dimen>
    <dimen name="x798">598.50dp</dimen>
    <dimen name="x799">599.25dp</dimen>
    <dimen name="x800">600.00dp</dimen>
    <dimen name="x801">600.75dp</dimen>
    <dimen name="x802">601.50dp</dimen>
    <dimen name="x803">602.25dp</dimen>
    <dimen name="x804">603.00dp</dimen>
    <dimen name="x805">603.75dp</dimen>
    <dimen name="x806">604.50dp</dimen>
    <dimen name="x807">605.25dp</dimen>
    <dimen name="x808">606.00dp</dimen>
    <dimen name="x809">606.75dp</dimen>
    <dimen name="x810">607.50dp</dimen>
    <dimen name="x811">608.25dp</dimen>
    <dimen name="x812">609.00dp</dimen>
    <dimen name="x813">609.75dp</dimen>
    <dimen name="x814">610.50dp</dimen>
    <dimen name="x815">611.25dp</dimen>
    <dimen name="x816">612.00dp</dimen>
    <dimen name="x817">612.75dp</dimen>
    <dimen name="x818">613.50dp</dimen>
    <dimen name="x819">614.25dp</dimen>
    <dimen name="x820">615.00dp</dimen>
    <dimen name="x821">615.75dp</dimen>
    <dimen name="x822">616.50dp</dimen>
    <dimen name="x823">617.25dp</dimen>
    <dimen name="x824">618.00dp</dimen>
    <dimen name="x825">618.75dp</dimen>
    <dimen name="x826">619.50dp</dimen>
    <dimen name="x827">620.25dp</dimen>
    <dimen name="x828">621.00dp</dimen>
    <dimen name="x829">621.75dp</dimen>
    <dimen name="x830">622.50dp</dimen>
    <dimen name="x831">623.25dp</dimen>
    <dimen name="x832">624.00dp</dimen>
    <dimen name="x833">624.75dp</dimen>
    <dimen name="x834">625.50dp</dimen>
    <dimen name="x835">626.25dp</dimen>
    <dimen name="x836">627.00dp</dimen>
    <dimen name="x837">627.75dp</dimen>
    <dimen name="x838">628.50dp</dimen>
    <dimen name="x839">629.25dp</dimen>
    <dimen name="x840">630.00dp</dimen>
    <dimen name="x841">630.75dp</dimen>
    <dimen name="x842">631.50dp</dimen>
    <dimen name="x843">632.25dp</dimen>
    <dimen name="x844">633.00dp</dimen>
    <dimen name="x845">633.75dp</dimen>
    <dimen name="x846">634.50dp</dimen>
    <dimen name="x847">635.25dp</dimen>
    <dimen name="x848">636.00dp</dimen>
    <dimen name="x849">636.75dp</dimen>
    <dimen name="x850">637.50dp</dimen>
    <dimen name="x851">638.25dp</dimen>
    <dimen name="x852">639.00dp</dimen>
    <dimen name="x853">639.75dp</dimen>
    <dimen name="x854">640.50dp</dimen>
    <dimen name="x855">641.25dp</dimen>
    <dimen name="x856">642.00dp</dimen>
    <dimen name="x857">642.75dp</dimen>
    <dimen name="x858">643.50dp</dimen>
    <dimen name="x859">644.25dp</dimen>
    <dimen name="x860">645.00dp</dimen>
    <dimen name="x861">645.75dp</dimen>
    <dimen name="x862">646.50dp</dimen>
    <dimen name="x863">647.25dp</dimen>
    <dimen name="x864">648.00dp</dimen>
    <dimen name="x865">648.75dp</dimen>
    <dimen name="x866">649.50dp</dimen>
    <dimen name="x867">650.25dp</dimen>
    <dimen name="x868">651.00dp</dimen>
    <dimen name="x869">651.75dp</dimen>
    <dimen name="x870">652.50dp</dimen>
    <dimen name="x871">653.25dp</dimen>
    <dimen name="x872">654.00dp</dimen>
    <dimen name="x873">654.75dp</dimen>
    <dimen name="x874">655.50dp</dimen>
    <dimen name="x875">656.25dp</dimen>
    <dimen name="x876">657.00dp</dimen>
    <dimen name="x877">657.75dp</dimen>
    <dimen name="x878">658.50dp</dimen>
    <dimen name="x879">659.25dp</dimen>
    <dimen name="x880">660.00dp</dimen>
    <dimen name="x881">660.75dp</dimen>
    <dimen name="x882">661.50dp</dimen>
    <dimen name="x883">662.25dp</dimen>
    <dimen name="x884">663.00dp</dimen>
    <dimen name="x885">663.75dp</dimen>
    <dimen name="x886">664.50dp</dimen>
    <dimen name="x887">665.25dp</dimen>
    <dimen name="x888">666.00dp</dimen>
    <dimen name="x889">666.75dp</dimen>
    <dimen name="x890">667.50dp</dimen>
    <dimen name="x891">668.25dp</dimen>
    <dimen name="x892">669.00dp</dimen>
    <dimen name="x893">669.75dp</dimen>
    <dimen name="x894">670.50dp</dimen>
    <dimen name="x895">671.25dp</dimen>
    <dimen name="x896">672.00dp</dimen>
    <dimen name="x897">672.75dp</dimen>
    <dimen name="x898">673.50dp</dimen>
    <dimen name="x899">674.25dp</dimen>
    <dimen name="x900">675.00dp</dimen>
    <dimen name="x901">675.75dp</dimen>
    <dimen name="x902">676.50dp</dimen>
    <dimen name="x903">677.25dp</dimen>
    <dimen name="x904">678.00dp</dimen>
    <dimen name="x905">678.75dp</dimen>
    <dimen name="x906">679.50dp</dimen>
    <dimen name="x907">680.25dp</dimen>
    <dimen name="x908">681.00dp</dimen>
    <dimen name="x909">681.75dp</dimen>
    <dimen name="x910">682.50dp</dimen>
    <dimen name="x911">683.25dp</dimen>
    <dimen name="x912">684.00dp</dimen>
    <dimen name="x913">684.75dp</dimen>
    <dimen name="x914">685.50dp</dimen>
    <dimen name="x915">686.25dp</dimen>
    <dimen name="x916">687.00dp</dimen>
    <dimen name="x917">687.75dp</dimen>
    <dimen name="x918">688.50dp</dimen>
    <dimen name="x919">689.25dp</dimen>
    <dimen name="x920">690.00dp</dimen>
    <dimen name="x921">690.75dp</dimen>
    <dimen name="x922">691.50dp</dimen>
    <dimen name="x923">692.25dp</dimen>
    <dimen name="x924">693.00dp</dimen>
    <dimen name="x925">693.75dp</dimen>
    <dimen name="x926">694.50dp</dimen>
    <dimen name="x927">695.25dp</dimen>
    <dimen name="x928">696.00dp</dimen>
    <dimen name="x929">696.75dp</dimen>
    <dimen name="x930">697.50dp</dimen>
    <dimen name="x931">698.25dp</dimen>
    <dimen name="x932">699.00dp</dimen>
    <dimen name="x933">699.75dp</dimen>
    <dimen name="x934">700.50dp</dimen>
    <dimen name="x935">701.25dp</dimen>
    <dimen name="x936">702.00dp</dimen>
    <dimen name="x937">702.75dp</dimen>
    <dimen name="x938">703.50dp</dimen>
    <dimen name="x939">704.25dp</dimen>
    <dimen name="x940">705.00dp</dimen>
    <dimen name="x941">705.75dp</dimen>
    <dimen name="x942">706.50dp</dimen>
    <dimen name="x943">707.25dp</dimen>
    <dimen name="x944">708.00dp</dimen>
    <dimen name="x945">708.75dp</dimen>
    <dimen name="x946">709.50dp</dimen>
    <dimen name="x947">710.25dp</dimen>
    <dimen name="x948">711.00dp</dimen>
    <dimen name="x949">711.75dp</dimen>
    <dimen name="x950">712.50dp</dimen>
    <dimen name="x951">713.25dp</dimen>
    <dimen name="x952">714.00dp</dimen>
    <dimen name="x953">714.75dp</dimen>
    <dimen name="x954">715.50dp</dimen>
    <dimen name="x955">716.25dp</dimen>
    <dimen name="x956">717.00dp</dimen>
    <dimen name="x957">717.75dp</dimen>
    <dimen name="x958">718.50dp</dimen>
    <dimen name="x959">719.25dp</dimen>
    <dimen name="x960">720.00dp</dimen>
    <dimen name="x961">720.75dp</dimen>
    <dimen name="x962">721.50dp</dimen>
    <dimen name="x963">722.25dp</dimen>
    <dimen name="x964">723.00dp</dimen>
    <dimen name="x965">723.75dp</dimen>
    <dimen name="x966">724.50dp</dimen>
    <dimen name="x967">725.25dp</dimen>
    <dimen name="x968">726.00dp</dimen>
    <dimen name="x969">726.75dp</dimen>
    <dimen name="x970">727.50dp</dimen>
    <dimen name="x971">728.25dp</dimen>
    <dimen name="x972">729.00dp</dimen>
    <dimen name="x973">729.75dp</dimen>
    <dimen name="x974">730.50dp</dimen>
    <dimen name="x975">731.25dp</dimen>
    <dimen name="x976">732.00dp</dimen>
    <dimen name="x977">732.75dp</dimen>
    <dimen name="x978">733.50dp</dimen>
    <dimen name="x979">734.25dp</dimen>
    <dimen name="x980">735.00dp</dimen>
    <dimen name="x981">735.75dp</dimen>
    <dimen name="x982">736.50dp</dimen>
    <dimen name="x983">737.25dp</dimen>
    <dimen name="x984">738.00dp</dimen>
    <dimen name="x985">738.75dp</dimen>
    <dimen name="x986">739.50dp</dimen>
    <dimen name="x987">740.25dp</dimen>
    <dimen name="x988">741.00dp</dimen>
    <dimen name="x989">741.75dp</dimen>
    <dimen name="x990">742.50dp</dimen>
    <dimen name="x991">743.25dp</dimen>
    <dimen name="x992">744.00dp</dimen>
    <dimen name="x993">744.75dp</dimen>
    <dimen name="x994">745.50dp</dimen>
    <dimen name="x995">746.25dp</dimen>
    <dimen name="x996">747.00dp</dimen>
    <dimen name="x997">747.75dp</dimen>
    <dimen name="x998">748.50dp</dimen>
    <dimen name="x999">749.25dp</dimen>
    <dimen name="x1000">750.00dp</dimen>
    <dimen name="x1001">750.75dp</dimen>
    <dimen name="x1002">751.50dp</dimen>
    <dimen name="x1003">752.25dp</dimen>
    <dimen name="x1004">753.00dp</dimen>
    <dimen name="x1005">753.75dp</dimen>
    <dimen name="x1006">754.50dp</dimen>
    <dimen name="x1007">755.25dp</dimen>
    <dimen name="x1008">756.00dp</dimen>
    <dimen name="x1009">756.75dp</dimen>
    <dimen name="x1010">757.50dp</dimen>
    <dimen name="x1011">758.25dp</dimen>
    <dimen name="x1012">759.00dp</dimen>
    <dimen name="x1013">759.75dp</dimen>
    <dimen name="x1014">760.50dp</dimen>
    <dimen name="x1015">761.25dp</dimen>
    <dimen name="x1016">762.00dp</dimen>
    <dimen name="x1017">762.75dp</dimen>
    <dimen name="x1018">763.50dp</dimen>
    <dimen name="x1019">764.25dp</dimen>
    <dimen name="x1020">765.00dp</dimen>
    <dimen name="x1021">765.75dp</dimen>
    <dimen name="x1022">766.50dp</dimen>
    <dimen name="x1023">767.25dp</dimen>
    <dimen name="x1024">768.00dp</dimen>
    <dimen name="x1025">768.75dp</dimen>
    <dimen name="x1026">769.50dp</dimen>
    <dimen name="x1027">770.25dp</dimen>
    <dimen name="x1028">771.00dp</dimen>
    <dimen name="x1029">771.75dp</dimen>
    <dimen name="x1030">772.50dp</dimen>
    <dimen name="x1031">773.25dp</dimen>
    <dimen name="x1032">774.00dp</dimen>
    <dimen name="x1033">774.75dp</dimen>
    <dimen name="x1034">775.50dp</dimen>
    <dimen name="x1035">776.25dp</dimen>
    <dimen name="x1036">777.00dp</dimen>
    <dimen name="x1037">777.75dp</dimen>
    <dimen name="x1038">778.50dp</dimen>
    <dimen name="x1039">779.25dp</dimen>
    <dimen name="x1040">780.00dp</dimen>
    <dimen name="x1041">780.75dp</dimen>
    <dimen name="x1042">781.50dp</dimen>
    <dimen name="x1043">782.25dp</dimen>
    <dimen name="x1044">783.00dp</dimen>
    <dimen name="x1045">783.75dp</dimen>
    <dimen name="x1046">784.50dp</dimen>
    <dimen name="x1047">785.25dp</dimen>
    <dimen name="x1048">786.00dp</dimen>
    <dimen name="x1049">786.75dp</dimen>
    <dimen name="x1050">787.50dp</dimen>
    <dimen name="x1051">788.25dp</dimen>
    <dimen name="x1052">789.00dp</dimen>
    <dimen name="x1053">789.75dp</dimen>
    <dimen name="x1054">790.50dp</dimen>
    <dimen name="x1055">791.25dp</dimen>
    <dimen name="x1056">792.00dp</dimen>
    <dimen name="x1057">792.75dp</dimen>
    <dimen name="x1058">793.50dp</dimen>
    <dimen name="x1059">794.25dp</dimen>
    <dimen name="x1060">795.00dp</dimen>
    <dimen name="x1061">795.75dp</dimen>
    <dimen name="x1062">796.50dp</dimen>
    <dimen name="x1063">797.25dp</dimen>
    <dimen name="x1064">798.00dp</dimen>
    <dimen name="x1065">798.75dp</dimen>
    <dimen name="x1066">799.50dp</dimen>
    <dimen name="x1067">800.25dp</dimen>
    <dimen name="x1068">801.00dp</dimen>
    <dimen name="x1069">801.75dp</dimen>
    <dimen name="x1070">802.50dp</dimen>
    <dimen name="x1071">803.25dp</dimen>
    <dimen name="x1072">804.00dp</dimen>
    <dimen name="x1073">804.75dp</dimen>
    <dimen name="x1074">805.50dp</dimen>
    <dimen name="x1075">806.25dp</dimen>
    <dimen name="x1076">807.00dp</dimen>
    <dimen name="x1077">807.75dp</dimen>
    <dimen name="x1078">808.50dp</dimen>
    <dimen name="x1079">809.25dp</dimen>
    <dimen name="x1080">810.00dp</dimen>
</resources>