<?xml version="1.0" encoding="utf-8"?>
<resources>
    <string name="sw_dp">1320dp</string>
    <dimen name="x1">1.22dp</dimen>
    <dimen name="x2">2.44dp</dimen>
    <dimen name="x3">3.67dp</dimen>
    <dimen name="x4">4.89dp</dimen>
    <dimen name="x5">6.11dp</dimen>
    <dimen name="x6">7.33dp</dimen>
    <dimen name="x7">8.56dp</dimen>
    <dimen name="x8">9.78dp</dimen>
    <dimen name="x9">11.00dp</dimen>
    <dimen name="x10">12.22dp</dimen>
    <dimen name="x11">13.44dp</dimen>
    <dimen name="x12">14.67dp</dimen>
    <dimen name="x13">15.89dp</dimen>
    <dimen name="x14">17.11dp</dimen>
    <dimen name="x15">18.33dp</dimen>
    <dimen name="x16">19.56dp</dimen>
    <dimen name="x17">20.78dp</dimen>
    <dimen name="x18">22.00dp</dimen>
    <dimen name="x19">23.22dp</dimen>
    <dimen name="x20">24.44dp</dimen>
    <dimen name="x21">25.67dp</dimen>
    <dimen name="x22">26.89dp</dimen>
    <dimen name="x23">28.11dp</dimen>
    <dimen name="x24">29.33dp</dimen>
    <dimen name="x25">30.56dp</dimen>
    <dimen name="x26">31.78dp</dimen>
    <dimen name="x27">33.00dp</dimen>
    <dimen name="x28">34.22dp</dimen>
    <dimen name="x29">35.44dp</dimen>
    <dimen name="x30">36.67dp</dimen>
    <dimen name="x31">37.89dp</dimen>
    <dimen name="x32">39.11dp</dimen>
    <dimen name="x33">40.33dp</dimen>
    <dimen name="x34">41.56dp</dimen>
    <dimen name="x35">42.78dp</dimen>
    <dimen name="x36">44.00dp</dimen>
    <dimen name="x37">45.22dp</dimen>
    <dimen name="x38">46.44dp</dimen>
    <dimen name="x39">47.67dp</dimen>
    <dimen name="x40">48.89dp</dimen>
    <dimen name="x41">50.11dp</dimen>
    <dimen name="x42">51.33dp</dimen>
    <dimen name="x43">52.56dp</dimen>
    <dimen name="x44">53.78dp</dimen>
    <dimen name="x45">55.00dp</dimen>
    <dimen name="x46">56.22dp</dimen>
    <dimen name="x47">57.44dp</dimen>
    <dimen name="x48">58.67dp</dimen>
    <dimen name="x49">59.89dp</dimen>
    <dimen name="x50">61.11dp</dimen>
    <dimen name="x51">62.33dp</dimen>
    <dimen name="x52">63.56dp</dimen>
    <dimen name="x53">64.78dp</dimen>
    <dimen name="x54">66.00dp</dimen>
    <dimen name="x55">67.22dp</dimen>
    <dimen name="x56">68.44dp</dimen>
    <dimen name="x57">69.67dp</dimen>
    <dimen name="x58">70.89dp</dimen>
    <dimen name="x59">72.11dp</dimen>
    <dimen name="x60">73.33dp</dimen>
    <dimen name="x61">74.56dp</dimen>
    <dimen name="x62">75.78dp</dimen>
    <dimen name="x63">77.00dp</dimen>
    <dimen name="x64">78.22dp</dimen>
    <dimen name="x65">79.44dp</dimen>
    <dimen name="x66">80.67dp</dimen>
    <dimen name="x67">81.89dp</dimen>
    <dimen name="x68">83.11dp</dimen>
    <dimen name="x69">84.33dp</dimen>
    <dimen name="x70">85.56dp</dimen>
    <dimen name="x71">86.78dp</dimen>
    <dimen name="x72">88.00dp</dimen>
    <dimen name="x73">89.22dp</dimen>
    <dimen name="x74">90.44dp</dimen>
    <dimen name="x75">91.67dp</dimen>
    <dimen name="x76">92.89dp</dimen>
    <dimen name="x77">94.11dp</dimen>
    <dimen name="x78">95.33dp</dimen>
    <dimen name="x79">96.56dp</dimen>
    <dimen name="x80">97.78dp</dimen>
    <dimen name="x81">99.00dp</dimen>
    <dimen name="x82">100.22dp</dimen>
    <dimen name="x83">101.44dp</dimen>
    <dimen name="x84">102.67dp</dimen>
    <dimen name="x85">103.89dp</dimen>
    <dimen name="x86">105.11dp</dimen>
    <dimen name="x87">106.33dp</dimen>
    <dimen name="x88">107.56dp</dimen>
    <dimen name="x89">108.78dp</dimen>
    <dimen name="x90">110.00dp</dimen>
    <dimen name="x91">111.22dp</dimen>
    <dimen name="x92">112.44dp</dimen>
    <dimen name="x93">113.67dp</dimen>
    <dimen name="x94">114.89dp</dimen>
    <dimen name="x95">116.11dp</dimen>
    <dimen name="x96">117.33dp</dimen>
    <dimen name="x97">118.56dp</dimen>
    <dimen name="x98">119.78dp</dimen>
    <dimen name="x99">121.00dp</dimen>
    <dimen name="x100">122.22dp</dimen>
    <dimen name="x101">123.44dp</dimen>
    <dimen name="x102">124.67dp</dimen>
    <dimen name="x103">125.89dp</dimen>
    <dimen name="x104">127.11dp</dimen>
    <dimen name="x105">128.33dp</dimen>
    <dimen name="x106">129.56dp</dimen>
    <dimen name="x107">130.78dp</dimen>
    <dimen name="x108">132.00dp</dimen>
    <dimen name="x109">133.22dp</dimen>
    <dimen name="x110">134.44dp</dimen>
    <dimen name="x111">135.67dp</dimen>
    <dimen name="x112">136.89dp</dimen>
    <dimen name="x113">138.11dp</dimen>
    <dimen name="x114">139.33dp</dimen>
    <dimen name="x115">140.56dp</dimen>
    <dimen name="x116">141.78dp</dimen>
    <dimen name="x117">143.00dp</dimen>
    <dimen name="x118">144.22dp</dimen>
    <dimen name="x119">145.44dp</dimen>
    <dimen name="x120">146.67dp</dimen>
    <dimen name="x121">147.89dp</dimen>
    <dimen name="x122">149.11dp</dimen>
    <dimen name="x123">150.33dp</dimen>
    <dimen name="x124">151.56dp</dimen>
    <dimen name="x125">152.78dp</dimen>
    <dimen name="x126">154.00dp</dimen>
    <dimen name="x127">155.22dp</dimen>
    <dimen name="x128">156.44dp</dimen>
    <dimen name="x129">157.67dp</dimen>
    <dimen name="x130">158.89dp</dimen>
    <dimen name="x131">160.11dp</dimen>
    <dimen name="x132">161.33dp</dimen>
    <dimen name="x133">162.56dp</dimen>
    <dimen name="x134">163.78dp</dimen>
    <dimen name="x135">165.00dp</dimen>
    <dimen name="x136">166.22dp</dimen>
    <dimen name="x137">167.44dp</dimen>
    <dimen name="x138">168.67dp</dimen>
    <dimen name="x139">169.89dp</dimen>
    <dimen name="x140">171.11dp</dimen>
    <dimen name="x141">172.33dp</dimen>
    <dimen name="x142">173.56dp</dimen>
    <dimen name="x143">174.78dp</dimen>
    <dimen name="x144">176.00dp</dimen>
    <dimen name="x145">177.22dp</dimen>
    <dimen name="x146">178.44dp</dimen>
    <dimen name="x147">179.67dp</dimen>
    <dimen name="x148">180.89dp</dimen>
    <dimen name="x149">182.11dp</dimen>
    <dimen name="x150">183.33dp</dimen>
    <dimen name="x151">184.56dp</dimen>
    <dimen name="x152">185.78dp</dimen>
    <dimen name="x153">187.00dp</dimen>
    <dimen name="x154">188.22dp</dimen>
    <dimen name="x155">189.44dp</dimen>
    <dimen name="x156">190.67dp</dimen>
    <dimen name="x157">191.89dp</dimen>
    <dimen name="x158">193.11dp</dimen>
    <dimen name="x159">194.33dp</dimen>
    <dimen name="x160">195.56dp</dimen>
    <dimen name="x161">196.78dp</dimen>
    <dimen name="x162">198.00dp</dimen>
    <dimen name="x163">199.22dp</dimen>
    <dimen name="x164">200.44dp</dimen>
    <dimen name="x165">201.67dp</dimen>
    <dimen name="x166">202.89dp</dimen>
    <dimen name="x167">204.11dp</dimen>
    <dimen name="x168">205.33dp</dimen>
    <dimen name="x169">206.56dp</dimen>
    <dimen name="x170">207.78dp</dimen>
    <dimen name="x171">209.00dp</dimen>
    <dimen name="x172">210.22dp</dimen>
    <dimen name="x173">211.44dp</dimen>
    <dimen name="x174">212.67dp</dimen>
    <dimen name="x175">213.89dp</dimen>
    <dimen name="x176">215.11dp</dimen>
    <dimen name="x177">216.33dp</dimen>
    <dimen name="x178">217.56dp</dimen>
    <dimen name="x179">218.78dp</dimen>
    <dimen name="x180">220.00dp</dimen>
    <dimen name="x181">221.22dp</dimen>
    <dimen name="x182">222.44dp</dimen>
    <dimen name="x183">223.67dp</dimen>
    <dimen name="x184">224.89dp</dimen>
    <dimen name="x185">226.11dp</dimen>
    <dimen name="x186">227.33dp</dimen>
    <dimen name="x187">228.56dp</dimen>
    <dimen name="x188">229.78dp</dimen>
    <dimen name="x189">231.00dp</dimen>
    <dimen name="x190">232.22dp</dimen>
    <dimen name="x191">233.44dp</dimen>
    <dimen name="x192">234.67dp</dimen>
    <dimen name="x193">235.89dp</dimen>
    <dimen name="x194">237.11dp</dimen>
    <dimen name="x195">238.33dp</dimen>
    <dimen name="x196">239.56dp</dimen>
    <dimen name="x197">240.78dp</dimen>
    <dimen name="x198">242.00dp</dimen>
    <dimen name="x199">243.22dp</dimen>
    <dimen name="x200">244.44dp</dimen>
    <dimen name="x201">245.67dp</dimen>
    <dimen name="x202">246.89dp</dimen>
    <dimen name="x203">248.11dp</dimen>
    <dimen name="x204">249.33dp</dimen>
    <dimen name="x205">250.56dp</dimen>
    <dimen name="x206">251.78dp</dimen>
    <dimen name="x207">253.00dp</dimen>
    <dimen name="x208">254.22dp</dimen>
    <dimen name="x209">255.44dp</dimen>
    <dimen name="x210">256.67dp</dimen>
    <dimen name="x211">257.89dp</dimen>
    <dimen name="x212">259.11dp</dimen>
    <dimen name="x213">260.33dp</dimen>
    <dimen name="x214">261.56dp</dimen>
    <dimen name="x215">262.78dp</dimen>
    <dimen name="x216">264.00dp</dimen>
    <dimen name="x217">265.22dp</dimen>
    <dimen name="x218">266.44dp</dimen>
    <dimen name="x219">267.67dp</dimen>
    <dimen name="x220">268.89dp</dimen>
    <dimen name="x221">270.11dp</dimen>
    <dimen name="x222">271.33dp</dimen>
    <dimen name="x223">272.56dp</dimen>
    <dimen name="x224">273.78dp</dimen>
    <dimen name="x225">275.00dp</dimen>
    <dimen name="x226">276.22dp</dimen>
    <dimen name="x227">277.44dp</dimen>
    <dimen name="x228">278.67dp</dimen>
    <dimen name="x229">279.89dp</dimen>
    <dimen name="x230">281.11dp</dimen>
    <dimen name="x231">282.33dp</dimen>
    <dimen name="x232">283.56dp</dimen>
    <dimen name="x233">284.78dp</dimen>
    <dimen name="x234">286.00dp</dimen>
    <dimen name="x235">287.22dp</dimen>
    <dimen name="x236">288.44dp</dimen>
    <dimen name="x237">289.67dp</dimen>
    <dimen name="x238">290.89dp</dimen>
    <dimen name="x239">292.11dp</dimen>
    <dimen name="x240">293.33dp</dimen>
    <dimen name="x241">294.56dp</dimen>
    <dimen name="x242">295.78dp</dimen>
    <dimen name="x243">297.00dp</dimen>
    <dimen name="x244">298.22dp</dimen>
    <dimen name="x245">299.44dp</dimen>
    <dimen name="x246">300.67dp</dimen>
    <dimen name="x247">301.89dp</dimen>
    <dimen name="x248">303.11dp</dimen>
    <dimen name="x249">304.33dp</dimen>
    <dimen name="x250">305.56dp</dimen>
    <dimen name="x251">306.78dp</dimen>
    <dimen name="x252">308.00dp</dimen>
    <dimen name="x253">309.22dp</dimen>
    <dimen name="x254">310.44dp</dimen>
    <dimen name="x255">311.67dp</dimen>
    <dimen name="x256">312.89dp</dimen>
    <dimen name="x257">314.11dp</dimen>
    <dimen name="x258">315.33dp</dimen>
    <dimen name="x259">316.56dp</dimen>
    <dimen name="x260">317.78dp</dimen>
    <dimen name="x261">319.00dp</dimen>
    <dimen name="x262">320.22dp</dimen>
    <dimen name="x263">321.44dp</dimen>
    <dimen name="x264">322.67dp</dimen>
    <dimen name="x265">323.89dp</dimen>
    <dimen name="x266">325.11dp</dimen>
    <dimen name="x267">326.33dp</dimen>
    <dimen name="x268">327.56dp</dimen>
    <dimen name="x269">328.78dp</dimen>
    <dimen name="x270">330.00dp</dimen>
    <dimen name="x271">331.22dp</dimen>
    <dimen name="x272">332.44dp</dimen>
    <dimen name="x273">333.67dp</dimen>
    <dimen name="x274">334.89dp</dimen>
    <dimen name="x275">336.11dp</dimen>
    <dimen name="x276">337.33dp</dimen>
    <dimen name="x277">338.56dp</dimen>
    <dimen name="x278">339.78dp</dimen>
    <dimen name="x279">341.00dp</dimen>
    <dimen name="x280">342.22dp</dimen>
    <dimen name="x281">343.44dp</dimen>
    <dimen name="x282">344.67dp</dimen>
    <dimen name="x283">345.89dp</dimen>
    <dimen name="x284">347.11dp</dimen>
    <dimen name="x285">348.33dp</dimen>
    <dimen name="x286">349.56dp</dimen>
    <dimen name="x287">350.78dp</dimen>
    <dimen name="x288">352.00dp</dimen>
    <dimen name="x289">353.22dp</dimen>
    <dimen name="x290">354.44dp</dimen>
    <dimen name="x291">355.67dp</dimen>
    <dimen name="x292">356.89dp</dimen>
    <dimen name="x293">358.11dp</dimen>
    <dimen name="x294">359.33dp</dimen>
    <dimen name="x295">360.56dp</dimen>
    <dimen name="x296">361.78dp</dimen>
    <dimen name="x297">363.00dp</dimen>
    <dimen name="x298">364.22dp</dimen>
    <dimen name="x299">365.44dp</dimen>
    <dimen name="x300">366.67dp</dimen>
    <dimen name="x301">367.89dp</dimen>
    <dimen name="x302">369.11dp</dimen>
    <dimen name="x303">370.33dp</dimen>
    <dimen name="x304">371.56dp</dimen>
    <dimen name="x305">372.78dp</dimen>
    <dimen name="x306">374.00dp</dimen>
    <dimen name="x307">375.22dp</dimen>
    <dimen name="x308">376.44dp</dimen>
    <dimen name="x309">377.67dp</dimen>
    <dimen name="x310">378.89dp</dimen>
    <dimen name="x311">380.11dp</dimen>
    <dimen name="x312">381.33dp</dimen>
    <dimen name="x313">382.56dp</dimen>
    <dimen name="x314">383.78dp</dimen>
    <dimen name="x315">385.00dp</dimen>
    <dimen name="x316">386.22dp</dimen>
    <dimen name="x317">387.44dp</dimen>
    <dimen name="x318">388.67dp</dimen>
    <dimen name="x319">389.89dp</dimen>
    <dimen name="x320">391.11dp</dimen>
    <dimen name="x321">392.33dp</dimen>
    <dimen name="x322">393.56dp</dimen>
    <dimen name="x323">394.78dp</dimen>
    <dimen name="x324">396.00dp</dimen>
    <dimen name="x325">397.22dp</dimen>
    <dimen name="x326">398.44dp</dimen>
    <dimen name="x327">399.67dp</dimen>
    <dimen name="x328">400.89dp</dimen>
    <dimen name="x329">402.11dp</dimen>
    <dimen name="x330">403.33dp</dimen>
    <dimen name="x331">404.56dp</dimen>
    <dimen name="x332">405.78dp</dimen>
    <dimen name="x333">407.00dp</dimen>
    <dimen name="x334">408.22dp</dimen>
    <dimen name="x335">409.44dp</dimen>
    <dimen name="x336">410.67dp</dimen>
    <dimen name="x337">411.89dp</dimen>
    <dimen name="x338">413.11dp</dimen>
    <dimen name="x339">414.33dp</dimen>
    <dimen name="x340">415.56dp</dimen>
    <dimen name="x341">416.78dp</dimen>
    <dimen name="x342">418.00dp</dimen>
    <dimen name="x343">419.22dp</dimen>
    <dimen name="x344">420.44dp</dimen>
    <dimen name="x345">421.67dp</dimen>
    <dimen name="x346">422.89dp</dimen>
    <dimen name="x347">424.11dp</dimen>
    <dimen name="x348">425.33dp</dimen>
    <dimen name="x349">426.56dp</dimen>
    <dimen name="x350">427.78dp</dimen>
    <dimen name="x351">429.00dp</dimen>
    <dimen name="x352">430.22dp</dimen>
    <dimen name="x353">431.44dp</dimen>
    <dimen name="x354">432.67dp</dimen>
    <dimen name="x355">433.89dp</dimen>
    <dimen name="x356">435.11dp</dimen>
    <dimen name="x357">436.33dp</dimen>
    <dimen name="x358">437.56dp</dimen>
    <dimen name="x359">438.78dp</dimen>
    <dimen name="x360">440.00dp</dimen>
    <dimen name="x361">441.22dp</dimen>
    <dimen name="x362">442.44dp</dimen>
    <dimen name="x363">443.67dp</dimen>
    <dimen name="x364">444.89dp</dimen>
    <dimen name="x365">446.11dp</dimen>
    <dimen name="x366">447.33dp</dimen>
    <dimen name="x367">448.56dp</dimen>
    <dimen name="x368">449.78dp</dimen>
    <dimen name="x369">451.00dp</dimen>
    <dimen name="x370">452.22dp</dimen>
    <dimen name="x371">453.44dp</dimen>
    <dimen name="x372">454.67dp</dimen>
    <dimen name="x373">455.89dp</dimen>
    <dimen name="x374">457.11dp</dimen>
    <dimen name="x375">458.33dp</dimen>
    <dimen name="x376">459.56dp</dimen>
    <dimen name="x377">460.78dp</dimen>
    <dimen name="x378">462.00dp</dimen>
    <dimen name="x379">463.22dp</dimen>
    <dimen name="x380">464.44dp</dimen>
    <dimen name="x381">465.67dp</dimen>
    <dimen name="x382">466.89dp</dimen>
    <dimen name="x383">468.11dp</dimen>
    <dimen name="x384">469.33dp</dimen>
    <dimen name="x385">470.56dp</dimen>
    <dimen name="x386">471.78dp</dimen>
    <dimen name="x387">473.00dp</dimen>
    <dimen name="x388">474.22dp</dimen>
    <dimen name="x389">475.44dp</dimen>
    <dimen name="x390">476.67dp</dimen>
    <dimen name="x391">477.89dp</dimen>
    <dimen name="x392">479.11dp</dimen>
    <dimen name="x393">480.33dp</dimen>
    <dimen name="x394">481.56dp</dimen>
    <dimen name="x395">482.78dp</dimen>
    <dimen name="x396">484.00dp</dimen>
    <dimen name="x397">485.22dp</dimen>
    <dimen name="x398">486.44dp</dimen>
    <dimen name="x399">487.67dp</dimen>
    <dimen name="x400">488.89dp</dimen>
    <dimen name="x401">490.11dp</dimen>
    <dimen name="x402">491.33dp</dimen>
    <dimen name="x403">492.56dp</dimen>
    <dimen name="x404">493.78dp</dimen>
    <dimen name="x405">495.00dp</dimen>
    <dimen name="x406">496.22dp</dimen>
    <dimen name="x407">497.44dp</dimen>
    <dimen name="x408">498.67dp</dimen>
    <dimen name="x409">499.89dp</dimen>
    <dimen name="x410">501.11dp</dimen>
    <dimen name="x411">502.33dp</dimen>
    <dimen name="x412">503.56dp</dimen>
    <dimen name="x413">504.78dp</dimen>
    <dimen name="x414">506.00dp</dimen>
    <dimen name="x415">507.22dp</dimen>
    <dimen name="x416">508.44dp</dimen>
    <dimen name="x417">509.67dp</dimen>
    <dimen name="x418">510.89dp</dimen>
    <dimen name="x419">512.11dp</dimen>
    <dimen name="x420">513.33dp</dimen>
    <dimen name="x421">514.56dp</dimen>
    <dimen name="x422">515.78dp</dimen>
    <dimen name="x423">517.00dp</dimen>
    <dimen name="x424">518.22dp</dimen>
    <dimen name="x425">519.44dp</dimen>
    <dimen name="x426">520.67dp</dimen>
    <dimen name="x427">521.89dp</dimen>
    <dimen name="x428">523.11dp</dimen>
    <dimen name="x429">524.33dp</dimen>
    <dimen name="x430">525.56dp</dimen>
    <dimen name="x431">526.78dp</dimen>
    <dimen name="x432">528.00dp</dimen>
    <dimen name="x433">529.22dp</dimen>
    <dimen name="x434">530.44dp</dimen>
    <dimen name="x435">531.67dp</dimen>
    <dimen name="x436">532.89dp</dimen>
    <dimen name="x437">534.11dp</dimen>
    <dimen name="x438">535.33dp</dimen>
    <dimen name="x439">536.56dp</dimen>
    <dimen name="x440">537.78dp</dimen>
    <dimen name="x441">539.00dp</dimen>
    <dimen name="x442">540.22dp</dimen>
    <dimen name="x443">541.44dp</dimen>
    <dimen name="x444">542.67dp</dimen>
    <dimen name="x445">543.89dp</dimen>
    <dimen name="x446">545.11dp</dimen>
    <dimen name="x447">546.33dp</dimen>
    <dimen name="x448">547.56dp</dimen>
    <dimen name="x449">548.78dp</dimen>
    <dimen name="x450">550.00dp</dimen>
    <dimen name="x451">551.22dp</dimen>
    <dimen name="x452">552.44dp</dimen>
    <dimen name="x453">553.67dp</dimen>
    <dimen name="x454">554.89dp</dimen>
    <dimen name="x455">556.11dp</dimen>
    <dimen name="x456">557.33dp</dimen>
    <dimen name="x457">558.56dp</dimen>
    <dimen name="x458">559.78dp</dimen>
    <dimen name="x459">561.00dp</dimen>
    <dimen name="x460">562.22dp</dimen>
    <dimen name="x461">563.44dp</dimen>
    <dimen name="x462">564.67dp</dimen>
    <dimen name="x463">565.89dp</dimen>
    <dimen name="x464">567.11dp</dimen>
    <dimen name="x465">568.33dp</dimen>
    <dimen name="x466">569.56dp</dimen>
    <dimen name="x467">570.78dp</dimen>
    <dimen name="x468">572.00dp</dimen>
    <dimen name="x469">573.22dp</dimen>
    <dimen name="x470">574.44dp</dimen>
    <dimen name="x471">575.67dp</dimen>
    <dimen name="x472">576.89dp</dimen>
    <dimen name="x473">578.11dp</dimen>
    <dimen name="x474">579.33dp</dimen>
    <dimen name="x475">580.56dp</dimen>
    <dimen name="x476">581.78dp</dimen>
    <dimen name="x477">583.00dp</dimen>
    <dimen name="x478">584.22dp</dimen>
    <dimen name="x479">585.44dp</dimen>
    <dimen name="x480">586.67dp</dimen>
    <dimen name="x481">587.89dp</dimen>
    <dimen name="x482">589.11dp</dimen>
    <dimen name="x483">590.33dp</dimen>
    <dimen name="x484">591.56dp</dimen>
    <dimen name="x485">592.78dp</dimen>
    <dimen name="x486">594.00dp</dimen>
    <dimen name="x487">595.22dp</dimen>
    <dimen name="x488">596.44dp</dimen>
    <dimen name="x489">597.67dp</dimen>
    <dimen name="x490">598.89dp</dimen>
    <dimen name="x491">600.11dp</dimen>
    <dimen name="x492">601.33dp</dimen>
    <dimen name="x493">602.56dp</dimen>
    <dimen name="x494">603.78dp</dimen>
    <dimen name="x495">605.00dp</dimen>
    <dimen name="x496">606.22dp</dimen>
    <dimen name="x497">607.44dp</dimen>
    <dimen name="x498">608.67dp</dimen>
    <dimen name="x499">609.89dp</dimen>
    <dimen name="x500">611.11dp</dimen>
    <dimen name="x501">612.33dp</dimen>
    <dimen name="x502">613.56dp</dimen>
    <dimen name="x503">614.78dp</dimen>
    <dimen name="x504">616.00dp</dimen>
    <dimen name="x505">617.22dp</dimen>
    <dimen name="x506">618.44dp</dimen>
    <dimen name="x507">619.67dp</dimen>
    <dimen name="x508">620.89dp</dimen>
    <dimen name="x509">622.11dp</dimen>
    <dimen name="x510">623.33dp</dimen>
    <dimen name="x511">624.56dp</dimen>
    <dimen name="x512">625.78dp</dimen>
    <dimen name="x513">627.00dp</dimen>
    <dimen name="x514">628.22dp</dimen>
    <dimen name="x515">629.44dp</dimen>
    <dimen name="x516">630.67dp</dimen>
    <dimen name="x517">631.89dp</dimen>
    <dimen name="x518">633.11dp</dimen>
    <dimen name="x519">634.33dp</dimen>
    <dimen name="x520">635.56dp</dimen>
    <dimen name="x521">636.78dp</dimen>
    <dimen name="x522">638.00dp</dimen>
    <dimen name="x523">639.22dp</dimen>
    <dimen name="x524">640.44dp</dimen>
    <dimen name="x525">641.67dp</dimen>
    <dimen name="x526">642.89dp</dimen>
    <dimen name="x527">644.11dp</dimen>
    <dimen name="x528">645.33dp</dimen>
    <dimen name="x529">646.56dp</dimen>
    <dimen name="x530">647.78dp</dimen>
    <dimen name="x531">649.00dp</dimen>
    <dimen name="x532">650.22dp</dimen>
    <dimen name="x533">651.44dp</dimen>
    <dimen name="x534">652.67dp</dimen>
    <dimen name="x535">653.89dp</dimen>
    <dimen name="x536">655.11dp</dimen>
    <dimen name="x537">656.33dp</dimen>
    <dimen name="x538">657.56dp</dimen>
    <dimen name="x539">658.78dp</dimen>
    <dimen name="x540">660.00dp</dimen>
    <dimen name="x541">661.22dp</dimen>
    <dimen name="x542">662.44dp</dimen>
    <dimen name="x543">663.67dp</dimen>
    <dimen name="x544">664.89dp</dimen>
    <dimen name="x545">666.11dp</dimen>
    <dimen name="x546">667.33dp</dimen>
    <dimen name="x547">668.56dp</dimen>
    <dimen name="x548">669.78dp</dimen>
    <dimen name="x549">671.00dp</dimen>
    <dimen name="x550">672.22dp</dimen>
    <dimen name="x551">673.44dp</dimen>
    <dimen name="x552">674.67dp</dimen>
    <dimen name="x553">675.89dp</dimen>
    <dimen name="x554">677.11dp</dimen>
    <dimen name="x555">678.33dp</dimen>
    <dimen name="x556">679.56dp</dimen>
    <dimen name="x557">680.78dp</dimen>
    <dimen name="x558">682.00dp</dimen>
    <dimen name="x559">683.22dp</dimen>
    <dimen name="x560">684.44dp</dimen>
    <dimen name="x561">685.67dp</dimen>
    <dimen name="x562">686.89dp</dimen>
    <dimen name="x563">688.11dp</dimen>
    <dimen name="x564">689.33dp</dimen>
    <dimen name="x565">690.56dp</dimen>
    <dimen name="x566">691.78dp</dimen>
    <dimen name="x567">693.00dp</dimen>
    <dimen name="x568">694.22dp</dimen>
    <dimen name="x569">695.44dp</dimen>
    <dimen name="x570">696.67dp</dimen>
    <dimen name="x571">697.89dp</dimen>
    <dimen name="x572">699.11dp</dimen>
    <dimen name="x573">700.33dp</dimen>
    <dimen name="x574">701.56dp</dimen>
    <dimen name="x575">702.78dp</dimen>
    <dimen name="x576">704.00dp</dimen>
    <dimen name="x577">705.22dp</dimen>
    <dimen name="x578">706.44dp</dimen>
    <dimen name="x579">707.67dp</dimen>
    <dimen name="x580">708.89dp</dimen>
    <dimen name="x581">710.11dp</dimen>
    <dimen name="x582">711.33dp</dimen>
    <dimen name="x583">712.56dp</dimen>
    <dimen name="x584">713.78dp</dimen>
    <dimen name="x585">715.00dp</dimen>
    <dimen name="x586">716.22dp</dimen>
    <dimen name="x587">717.44dp</dimen>
    <dimen name="x588">718.67dp</dimen>
    <dimen name="x589">719.89dp</dimen>
    <dimen name="x590">721.11dp</dimen>
    <dimen name="x591">722.33dp</dimen>
    <dimen name="x592">723.56dp</dimen>
    <dimen name="x593">724.78dp</dimen>
    <dimen name="x594">726.00dp</dimen>
    <dimen name="x595">727.22dp</dimen>
    <dimen name="x596">728.44dp</dimen>
    <dimen name="x597">729.67dp</dimen>
    <dimen name="x598">730.89dp</dimen>
    <dimen name="x599">732.11dp</dimen>
    <dimen name="x600">733.33dp</dimen>
    <dimen name="x601">734.56dp</dimen>
    <dimen name="x602">735.78dp</dimen>
    <dimen name="x603">737.00dp</dimen>
    <dimen name="x604">738.22dp</dimen>
    <dimen name="x605">739.44dp</dimen>
    <dimen name="x606">740.67dp</dimen>
    <dimen name="x607">741.89dp</dimen>
    <dimen name="x608">743.11dp</dimen>
    <dimen name="x609">744.33dp</dimen>
    <dimen name="x610">745.56dp</dimen>
    <dimen name="x611">746.78dp</dimen>
    <dimen name="x612">748.00dp</dimen>
    <dimen name="x613">749.22dp</dimen>
    <dimen name="x614">750.44dp</dimen>
    <dimen name="x615">751.67dp</dimen>
    <dimen name="x616">752.89dp</dimen>
    <dimen name="x617">754.11dp</dimen>
    <dimen name="x618">755.33dp</dimen>
    <dimen name="x619">756.56dp</dimen>
    <dimen name="x620">757.78dp</dimen>
    <dimen name="x621">759.00dp</dimen>
    <dimen name="x622">760.22dp</dimen>
    <dimen name="x623">761.44dp</dimen>
    <dimen name="x624">762.67dp</dimen>
    <dimen name="x625">763.89dp</dimen>
    <dimen name="x626">765.11dp</dimen>
    <dimen name="x627">766.33dp</dimen>
    <dimen name="x628">767.56dp</dimen>
    <dimen name="x629">768.78dp</dimen>
    <dimen name="x630">770.00dp</dimen>
    <dimen name="x631">771.22dp</dimen>
    <dimen name="x632">772.44dp</dimen>
    <dimen name="x633">773.67dp</dimen>
    <dimen name="x634">774.89dp</dimen>
    <dimen name="x635">776.11dp</dimen>
    <dimen name="x636">777.33dp</dimen>
    <dimen name="x637">778.56dp</dimen>
    <dimen name="x638">779.78dp</dimen>
    <dimen name="x639">781.00dp</dimen>
    <dimen name="x640">782.22dp</dimen>
    <dimen name="x641">783.44dp</dimen>
    <dimen name="x642">784.67dp</dimen>
    <dimen name="x643">785.89dp</dimen>
    <dimen name="x644">787.11dp</dimen>
    <dimen name="x645">788.33dp</dimen>
    <dimen name="x646">789.56dp</dimen>
    <dimen name="x647">790.78dp</dimen>
    <dimen name="x648">792.00dp</dimen>
    <dimen name="x649">793.22dp</dimen>
    <dimen name="x650">794.44dp</dimen>
    <dimen name="x651">795.67dp</dimen>
    <dimen name="x652">796.89dp</dimen>
    <dimen name="x653">798.11dp</dimen>
    <dimen name="x654">799.33dp</dimen>
    <dimen name="x655">800.56dp</dimen>
    <dimen name="x656">801.78dp</dimen>
    <dimen name="x657">803.00dp</dimen>
    <dimen name="x658">804.22dp</dimen>
    <dimen name="x659">805.44dp</dimen>
    <dimen name="x660">806.67dp</dimen>
    <dimen name="x661">807.89dp</dimen>
    <dimen name="x662">809.11dp</dimen>
    <dimen name="x663">810.33dp</dimen>
    <dimen name="x664">811.56dp</dimen>
    <dimen name="x665">812.78dp</dimen>
    <dimen name="x666">814.00dp</dimen>
    <dimen name="x667">815.22dp</dimen>
    <dimen name="x668">816.44dp</dimen>
    <dimen name="x669">817.67dp</dimen>
    <dimen name="x670">818.89dp</dimen>
    <dimen name="x671">820.11dp</dimen>
    <dimen name="x672">821.33dp</dimen>
    <dimen name="x673">822.56dp</dimen>
    <dimen name="x674">823.78dp</dimen>
    <dimen name="x675">825.00dp</dimen>
    <dimen name="x676">826.22dp</dimen>
    <dimen name="x677">827.44dp</dimen>
    <dimen name="x678">828.67dp</dimen>
    <dimen name="x679">829.89dp</dimen>
    <dimen name="x680">831.11dp</dimen>
    <dimen name="x681">832.33dp</dimen>
    <dimen name="x682">833.56dp</dimen>
    <dimen name="x683">834.78dp</dimen>
    <dimen name="x684">836.00dp</dimen>
    <dimen name="x685">837.22dp</dimen>
    <dimen name="x686">838.44dp</dimen>
    <dimen name="x687">839.67dp</dimen>
    <dimen name="x688">840.89dp</dimen>
    <dimen name="x689">842.11dp</dimen>
    <dimen name="x690">843.33dp</dimen>
    <dimen name="x691">844.56dp</dimen>
    <dimen name="x692">845.78dp</dimen>
    <dimen name="x693">847.00dp</dimen>
    <dimen name="x694">848.22dp</dimen>
    <dimen name="x695">849.44dp</dimen>
    <dimen name="x696">850.67dp</dimen>
    <dimen name="x697">851.89dp</dimen>
    <dimen name="x698">853.11dp</dimen>
    <dimen name="x699">854.33dp</dimen>
    <dimen name="x700">855.56dp</dimen>
    <dimen name="x701">856.78dp</dimen>
    <dimen name="x702">858.00dp</dimen>
    <dimen name="x703">859.22dp</dimen>
    <dimen name="x704">860.44dp</dimen>
    <dimen name="x705">861.67dp</dimen>
    <dimen name="x706">862.89dp</dimen>
    <dimen name="x707">864.11dp</dimen>
    <dimen name="x708">865.33dp</dimen>
    <dimen name="x709">866.56dp</dimen>
    <dimen name="x710">867.78dp</dimen>
    <dimen name="x711">869.00dp</dimen>
    <dimen name="x712">870.22dp</dimen>
    <dimen name="x713">871.44dp</dimen>
    <dimen name="x714">872.67dp</dimen>
    <dimen name="x715">873.89dp</dimen>
    <dimen name="x716">875.11dp</dimen>
    <dimen name="x717">876.33dp</dimen>
    <dimen name="x718">877.56dp</dimen>
    <dimen name="x719">878.78dp</dimen>
    <dimen name="x720">880.00dp</dimen>
    <dimen name="x721">881.22dp</dimen>
    <dimen name="x722">882.44dp</dimen>
    <dimen name="x723">883.67dp</dimen>
    <dimen name="x724">884.89dp</dimen>
    <dimen name="x725">886.11dp</dimen>
    <dimen name="x726">887.33dp</dimen>
    <dimen name="x727">888.56dp</dimen>
    <dimen name="x728">889.78dp</dimen>
    <dimen name="x729">891.00dp</dimen>
    <dimen name="x730">892.22dp</dimen>
    <dimen name="x731">893.44dp</dimen>
    <dimen name="x732">894.67dp</dimen>
    <dimen name="x733">895.89dp</dimen>
    <dimen name="x734">897.11dp</dimen>
    <dimen name="x735">898.33dp</dimen>
    <dimen name="x736">899.56dp</dimen>
    <dimen name="x737">900.78dp</dimen>
    <dimen name="x738">902.00dp</dimen>
    <dimen name="x739">903.22dp</dimen>
    <dimen name="x740">904.44dp</dimen>
    <dimen name="x741">905.67dp</dimen>
    <dimen name="x742">906.89dp</dimen>
    <dimen name="x743">908.11dp</dimen>
    <dimen name="x744">909.33dp</dimen>
    <dimen name="x745">910.56dp</dimen>
    <dimen name="x746">911.78dp</dimen>
    <dimen name="x747">913.00dp</dimen>
    <dimen name="x748">914.22dp</dimen>
    <dimen name="x749">915.44dp</dimen>
    <dimen name="x750">916.67dp</dimen>
    <dimen name="x751">917.89dp</dimen>
    <dimen name="x752">919.11dp</dimen>
    <dimen name="x753">920.33dp</dimen>
    <dimen name="x754">921.56dp</dimen>
    <dimen name="x755">922.78dp</dimen>
    <dimen name="x756">924.00dp</dimen>
    <dimen name="x757">925.22dp</dimen>
    <dimen name="x758">926.44dp</dimen>
    <dimen name="x759">927.67dp</dimen>
    <dimen name="x760">928.89dp</dimen>
    <dimen name="x761">930.11dp</dimen>
    <dimen name="x762">931.33dp</dimen>
    <dimen name="x763">932.56dp</dimen>
    <dimen name="x764">933.78dp</dimen>
    <dimen name="x765">935.00dp</dimen>
    <dimen name="x766">936.22dp</dimen>
    <dimen name="x767">937.44dp</dimen>
    <dimen name="x768">938.67dp</dimen>
    <dimen name="x769">939.89dp</dimen>
    <dimen name="x770">941.11dp</dimen>
    <dimen name="x771">942.33dp</dimen>
    <dimen name="x772">943.56dp</dimen>
    <dimen name="x773">944.78dp</dimen>
    <dimen name="x774">946.00dp</dimen>
    <dimen name="x775">947.22dp</dimen>
    <dimen name="x776">948.44dp</dimen>
    <dimen name="x777">949.67dp</dimen>
    <dimen name="x778">950.89dp</dimen>
    <dimen name="x779">952.11dp</dimen>
    <dimen name="x780">953.33dp</dimen>
    <dimen name="x781">954.56dp</dimen>
    <dimen name="x782">955.78dp</dimen>
    <dimen name="x783">957.00dp</dimen>
    <dimen name="x784">958.22dp</dimen>
    <dimen name="x785">959.44dp</dimen>
    <dimen name="x786">960.67dp</dimen>
    <dimen name="x787">961.89dp</dimen>
    <dimen name="x788">963.11dp</dimen>
    <dimen name="x789">964.33dp</dimen>
    <dimen name="x790">965.56dp</dimen>
    <dimen name="x791">966.78dp</dimen>
    <dimen name="x792">968.00dp</dimen>
    <dimen name="x793">969.22dp</dimen>
    <dimen name="x794">970.44dp</dimen>
    <dimen name="x795">971.67dp</dimen>
    <dimen name="x796">972.89dp</dimen>
    <dimen name="x797">974.11dp</dimen>
    <dimen name="x798">975.33dp</dimen>
    <dimen name="x799">976.56dp</dimen>
    <dimen name="x800">977.78dp</dimen>
    <dimen name="x801">979.00dp</dimen>
    <dimen name="x802">980.22dp</dimen>
    <dimen name="x803">981.44dp</dimen>
    <dimen name="x804">982.67dp</dimen>
    <dimen name="x805">983.89dp</dimen>
    <dimen name="x806">985.11dp</dimen>
    <dimen name="x807">986.33dp</dimen>
    <dimen name="x808">987.56dp</dimen>
    <dimen name="x809">988.78dp</dimen>
    <dimen name="x810">990.00dp</dimen>
    <dimen name="x811">991.22dp</dimen>
    <dimen name="x812">992.44dp</dimen>
    <dimen name="x813">993.67dp</dimen>
    <dimen name="x814">994.89dp</dimen>
    <dimen name="x815">996.11dp</dimen>
    <dimen name="x816">997.33dp</dimen>
    <dimen name="x817">998.56dp</dimen>
    <dimen name="x818">999.78dp</dimen>
    <dimen name="x819">1001.00dp</dimen>
    <dimen name="x820">1002.22dp</dimen>
    <dimen name="x821">1003.44dp</dimen>
    <dimen name="x822">1004.67dp</dimen>
    <dimen name="x823">1005.89dp</dimen>
    <dimen name="x824">1007.11dp</dimen>
    <dimen name="x825">1008.33dp</dimen>
    <dimen name="x826">1009.56dp</dimen>
    <dimen name="x827">1010.78dp</dimen>
    <dimen name="x828">1012.00dp</dimen>
    <dimen name="x829">1013.22dp</dimen>
    <dimen name="x830">1014.44dp</dimen>
    <dimen name="x831">1015.67dp</dimen>
    <dimen name="x832">1016.89dp</dimen>
    <dimen name="x833">1018.11dp</dimen>
    <dimen name="x834">1019.33dp</dimen>
    <dimen name="x835">1020.56dp</dimen>
    <dimen name="x836">1021.78dp</dimen>
    <dimen name="x837">1023.00dp</dimen>
    <dimen name="x838">1024.22dp</dimen>
    <dimen name="x839">1025.44dp</dimen>
    <dimen name="x840">1026.67dp</dimen>
    <dimen name="x841">1027.89dp</dimen>
    <dimen name="x842">1029.11dp</dimen>
    <dimen name="x843">1030.33dp</dimen>
    <dimen name="x844">1031.56dp</dimen>
    <dimen name="x845">1032.78dp</dimen>
    <dimen name="x846">1034.00dp</dimen>
    <dimen name="x847">1035.22dp</dimen>
    <dimen name="x848">1036.44dp</dimen>
    <dimen name="x849">1037.67dp</dimen>
    <dimen name="x850">1038.89dp</dimen>
    <dimen name="x851">1040.11dp</dimen>
    <dimen name="x852">1041.33dp</dimen>
    <dimen name="x853">1042.56dp</dimen>
    <dimen name="x854">1043.78dp</dimen>
    <dimen name="x855">1045.00dp</dimen>
    <dimen name="x856">1046.22dp</dimen>
    <dimen name="x857">1047.44dp</dimen>
    <dimen name="x858">1048.67dp</dimen>
    <dimen name="x859">1049.89dp</dimen>
    <dimen name="x860">1051.11dp</dimen>
    <dimen name="x861">1052.33dp</dimen>
    <dimen name="x862">1053.56dp</dimen>
    <dimen name="x863">1054.78dp</dimen>
    <dimen name="x864">1056.00dp</dimen>
    <dimen name="x865">1057.22dp</dimen>
    <dimen name="x866">1058.44dp</dimen>
    <dimen name="x867">1059.67dp</dimen>
    <dimen name="x868">1060.89dp</dimen>
    <dimen name="x869">1062.11dp</dimen>
    <dimen name="x870">1063.33dp</dimen>
    <dimen name="x871">1064.56dp</dimen>
    <dimen name="x872">1065.78dp</dimen>
    <dimen name="x873">1067.00dp</dimen>
    <dimen name="x874">1068.22dp</dimen>
    <dimen name="x875">1069.44dp</dimen>
    <dimen name="x876">1070.67dp</dimen>
    <dimen name="x877">1071.89dp</dimen>
    <dimen name="x878">1073.11dp</dimen>
    <dimen name="x879">1074.33dp</dimen>
    <dimen name="x880">1075.56dp</dimen>
    <dimen name="x881">1076.78dp</dimen>
    <dimen name="x882">1078.00dp</dimen>
    <dimen name="x883">1079.22dp</dimen>
    <dimen name="x884">1080.44dp</dimen>
    <dimen name="x885">1081.67dp</dimen>
    <dimen name="x886">1082.89dp</dimen>
    <dimen name="x887">1084.11dp</dimen>
    <dimen name="x888">1085.33dp</dimen>
    <dimen name="x889">1086.56dp</dimen>
    <dimen name="x890">1087.78dp</dimen>
    <dimen name="x891">1089.00dp</dimen>
    <dimen name="x892">1090.22dp</dimen>
    <dimen name="x893">1091.44dp</dimen>
    <dimen name="x894">1092.67dp</dimen>
    <dimen name="x895">1093.89dp</dimen>
    <dimen name="x896">1095.11dp</dimen>
    <dimen name="x897">1096.33dp</dimen>
    <dimen name="x898">1097.56dp</dimen>
    <dimen name="x899">1098.78dp</dimen>
    <dimen name="x900">1100.00dp</dimen>
    <dimen name="x901">1101.22dp</dimen>
    <dimen name="x902">1102.44dp</dimen>
    <dimen name="x903">1103.67dp</dimen>
    <dimen name="x904">1104.89dp</dimen>
    <dimen name="x905">1106.11dp</dimen>
    <dimen name="x906">1107.33dp</dimen>
    <dimen name="x907">1108.56dp</dimen>
    <dimen name="x908">1109.78dp</dimen>
    <dimen name="x909">1111.00dp</dimen>
    <dimen name="x910">1112.22dp</dimen>
    <dimen name="x911">1113.44dp</dimen>
    <dimen name="x912">1114.67dp</dimen>
    <dimen name="x913">1115.89dp</dimen>
    <dimen name="x914">1117.11dp</dimen>
    <dimen name="x915">1118.33dp</dimen>
    <dimen name="x916">1119.56dp</dimen>
    <dimen name="x917">1120.78dp</dimen>
    <dimen name="x918">1122.00dp</dimen>
    <dimen name="x919">1123.22dp</dimen>
    <dimen name="x920">1124.44dp</dimen>
    <dimen name="x921">1125.67dp</dimen>
    <dimen name="x922">1126.89dp</dimen>
    <dimen name="x923">1128.11dp</dimen>
    <dimen name="x924">1129.33dp</dimen>
    <dimen name="x925">1130.56dp</dimen>
    <dimen name="x926">1131.78dp</dimen>
    <dimen name="x927">1133.00dp</dimen>
    <dimen name="x928">1134.22dp</dimen>
    <dimen name="x929">1135.44dp</dimen>
    <dimen name="x930">1136.67dp</dimen>
    <dimen name="x931">1137.89dp</dimen>
    <dimen name="x932">1139.11dp</dimen>
    <dimen name="x933">1140.33dp</dimen>
    <dimen name="x934">1141.56dp</dimen>
    <dimen name="x935">1142.78dp</dimen>
    <dimen name="x936">1144.00dp</dimen>
    <dimen name="x937">1145.22dp</dimen>
    <dimen name="x938">1146.44dp</dimen>
    <dimen name="x939">1147.67dp</dimen>
    <dimen name="x940">1148.89dp</dimen>
    <dimen name="x941">1150.11dp</dimen>
    <dimen name="x942">1151.33dp</dimen>
    <dimen name="x943">1152.56dp</dimen>
    <dimen name="x944">1153.78dp</dimen>
    <dimen name="x945">1155.00dp</dimen>
    <dimen name="x946">1156.22dp</dimen>
    <dimen name="x947">1157.44dp</dimen>
    <dimen name="x948">1158.67dp</dimen>
    <dimen name="x949">1159.89dp</dimen>
    <dimen name="x950">1161.11dp</dimen>
    <dimen name="x951">1162.33dp</dimen>
    <dimen name="x952">1163.56dp</dimen>
    <dimen name="x953">1164.78dp</dimen>
    <dimen name="x954">1166.00dp</dimen>
    <dimen name="x955">1167.22dp</dimen>
    <dimen name="x956">1168.44dp</dimen>
    <dimen name="x957">1169.67dp</dimen>
    <dimen name="x958">1170.89dp</dimen>
    <dimen name="x959">1172.11dp</dimen>
    <dimen name="x960">1173.33dp</dimen>
    <dimen name="x961">1174.56dp</dimen>
    <dimen name="x962">1175.78dp</dimen>
    <dimen name="x963">1177.00dp</dimen>
    <dimen name="x964">1178.22dp</dimen>
    <dimen name="x965">1179.44dp</dimen>
    <dimen name="x966">1180.67dp</dimen>
    <dimen name="x967">1181.89dp</dimen>
    <dimen name="x968">1183.11dp</dimen>
    <dimen name="x969">1184.33dp</dimen>
    <dimen name="x970">1185.56dp</dimen>
    <dimen name="x971">1186.78dp</dimen>
    <dimen name="x972">1188.00dp</dimen>
    <dimen name="x973">1189.22dp</dimen>
    <dimen name="x974">1190.44dp</dimen>
    <dimen name="x975">1191.67dp</dimen>
    <dimen name="x976">1192.89dp</dimen>
    <dimen name="x977">1194.11dp</dimen>
    <dimen name="x978">1195.33dp</dimen>
    <dimen name="x979">1196.56dp</dimen>
    <dimen name="x980">1197.78dp</dimen>
    <dimen name="x981">1199.00dp</dimen>
    <dimen name="x982">1200.22dp</dimen>
    <dimen name="x983">1201.44dp</dimen>
    <dimen name="x984">1202.67dp</dimen>
    <dimen name="x985">1203.89dp</dimen>
    <dimen name="x986">1205.11dp</dimen>
    <dimen name="x987">1206.33dp</dimen>
    <dimen name="x988">1207.56dp</dimen>
    <dimen name="x989">1208.78dp</dimen>
    <dimen name="x990">1210.00dp</dimen>
    <dimen name="x991">1211.22dp</dimen>
    <dimen name="x992">1212.44dp</dimen>
    <dimen name="x993">1213.67dp</dimen>
    <dimen name="x994">1214.89dp</dimen>
    <dimen name="x995">1216.11dp</dimen>
    <dimen name="x996">1217.33dp</dimen>
    <dimen name="x997">1218.56dp</dimen>
    <dimen name="x998">1219.78dp</dimen>
    <dimen name="x999">1221.00dp</dimen>
    <dimen name="x1000">1222.22dp</dimen>
    <dimen name="x1001">1223.44dp</dimen>
    <dimen name="x1002">1224.67dp</dimen>
    <dimen name="x1003">1225.89dp</dimen>
    <dimen name="x1004">1227.11dp</dimen>
    <dimen name="x1005">1228.33dp</dimen>
    <dimen name="x1006">1229.56dp</dimen>
    <dimen name="x1007">1230.78dp</dimen>
    <dimen name="x1008">1232.00dp</dimen>
    <dimen name="x1009">1233.22dp</dimen>
    <dimen name="x1010">1234.44dp</dimen>
    <dimen name="x1011">1235.67dp</dimen>
    <dimen name="x1012">1236.89dp</dimen>
    <dimen name="x1013">1238.11dp</dimen>
    <dimen name="x1014">1239.33dp</dimen>
    <dimen name="x1015">1240.56dp</dimen>
    <dimen name="x1016">1241.78dp</dimen>
    <dimen name="x1017">1243.00dp</dimen>
    <dimen name="x1018">1244.22dp</dimen>
    <dimen name="x1019">1245.44dp</dimen>
    <dimen name="x1020">1246.67dp</dimen>
    <dimen name="x1021">1247.89dp</dimen>
    <dimen name="x1022">1249.11dp</dimen>
    <dimen name="x1023">1250.33dp</dimen>
    <dimen name="x1024">1251.56dp</dimen>
    <dimen name="x1025">1252.78dp</dimen>
    <dimen name="x1026">1254.00dp</dimen>
    <dimen name="x1027">1255.22dp</dimen>
    <dimen name="x1028">1256.44dp</dimen>
    <dimen name="x1029">1257.67dp</dimen>
    <dimen name="x1030">1258.89dp</dimen>
    <dimen name="x1031">1260.11dp</dimen>
    <dimen name="x1032">1261.33dp</dimen>
    <dimen name="x1033">1262.56dp</dimen>
    <dimen name="x1034">1263.78dp</dimen>
    <dimen name="x1035">1265.00dp</dimen>
    <dimen name="x1036">1266.22dp</dimen>
    <dimen name="x1037">1267.44dp</dimen>
    <dimen name="x1038">1268.67dp</dimen>
    <dimen name="x1039">1269.89dp</dimen>
    <dimen name="x1040">1271.11dp</dimen>
    <dimen name="x1041">1272.33dp</dimen>
    <dimen name="x1042">1273.56dp</dimen>
    <dimen name="x1043">1274.78dp</dimen>
    <dimen name="x1044">1276.00dp</dimen>
    <dimen name="x1045">1277.22dp</dimen>
    <dimen name="x1046">1278.44dp</dimen>
    <dimen name="x1047">1279.67dp</dimen>
    <dimen name="x1048">1280.89dp</dimen>
    <dimen name="x1049">1282.11dp</dimen>
    <dimen name="x1050">1283.33dp</dimen>
    <dimen name="x1051">1284.56dp</dimen>
    <dimen name="x1052">1285.78dp</dimen>
    <dimen name="x1053">1287.00dp</dimen>
    <dimen name="x1054">1288.22dp</dimen>
    <dimen name="x1055">1289.44dp</dimen>
    <dimen name="x1056">1290.67dp</dimen>
    <dimen name="x1057">1291.89dp</dimen>
    <dimen name="x1058">1293.11dp</dimen>
    <dimen name="x1059">1294.33dp</dimen>
    <dimen name="x1060">1295.56dp</dimen>
    <dimen name="x1061">1296.78dp</dimen>
    <dimen name="x1062">1298.00dp</dimen>
    <dimen name="x1063">1299.22dp</dimen>
    <dimen name="x1064">1300.44dp</dimen>
    <dimen name="x1065">1301.67dp</dimen>
    <dimen name="x1066">1302.89dp</dimen>
    <dimen name="x1067">1304.11dp</dimen>
    <dimen name="x1068">1305.33dp</dimen>
    <dimen name="x1069">1306.56dp</dimen>
    <dimen name="x1070">1307.78dp</dimen>
    <dimen name="x1071">1309.00dp</dimen>
    <dimen name="x1072">1310.22dp</dimen>
    <dimen name="x1073">1311.44dp</dimen>
    <dimen name="x1074">1312.67dp</dimen>
    <dimen name="x1075">1313.89dp</dimen>
    <dimen name="x1076">1315.11dp</dimen>
    <dimen name="x1077">1316.33dp</dimen>
    <dimen name="x1078">1317.56dp</dimen>
    <dimen name="x1079">1318.78dp</dimen>
    <dimen name="x1080">1320.00dp</dimen>
</resources>