<?xml version="1.0" encoding="utf-8"?>
<resources>
    <string name="sw_dp">1290dp</string>
    <dimen name="x1">1.19dp</dimen>
    <dimen name="x2">2.39dp</dimen>
    <dimen name="x3">3.58dp</dimen>
    <dimen name="x4">4.78dp</dimen>
    <dimen name="x5">5.97dp</dimen>
    <dimen name="x6">7.17dp</dimen>
    <dimen name="x7">8.36dp</dimen>
    <dimen name="x8">9.56dp</dimen>
    <dimen name="x9">10.75dp</dimen>
    <dimen name="x10">11.94dp</dimen>
    <dimen name="x11">13.14dp</dimen>
    <dimen name="x12">14.33dp</dimen>
    <dimen name="x13">15.53dp</dimen>
    <dimen name="x14">16.72dp</dimen>
    <dimen name="x15">17.92dp</dimen>
    <dimen name="x16">19.11dp</dimen>
    <dimen name="x17">20.31dp</dimen>
    <dimen name="x18">21.50dp</dimen>
    <dimen name="x19">22.69dp</dimen>
    <dimen name="x20">23.89dp</dimen>
    <dimen name="x21">25.08dp</dimen>
    <dimen name="x22">26.28dp</dimen>
    <dimen name="x23">27.47dp</dimen>
    <dimen name="x24">28.67dp</dimen>
    <dimen name="x25">29.86dp</dimen>
    <dimen name="x26">31.06dp</dimen>
    <dimen name="x27">32.25dp</dimen>
    <dimen name="x28">33.44dp</dimen>
    <dimen name="x29">34.64dp</dimen>
    <dimen name="x30">35.83dp</dimen>
    <dimen name="x31">37.03dp</dimen>
    <dimen name="x32">38.22dp</dimen>
    <dimen name="x33">39.42dp</dimen>
    <dimen name="x34">40.61dp</dimen>
    <dimen name="x35">41.81dp</dimen>
    <dimen name="x36">43.00dp</dimen>
    <dimen name="x37">44.19dp</dimen>
    <dimen name="x38">45.39dp</dimen>
    <dimen name="x39">46.58dp</dimen>
    <dimen name="x40">47.78dp</dimen>
    <dimen name="x41">48.97dp</dimen>
    <dimen name="x42">50.17dp</dimen>
    <dimen name="x43">51.36dp</dimen>
    <dimen name="x44">52.56dp</dimen>
    <dimen name="x45">53.75dp</dimen>
    <dimen name="x46">54.94dp</dimen>
    <dimen name="x47">56.14dp</dimen>
    <dimen name="x48">57.33dp</dimen>
    <dimen name="x49">58.53dp</dimen>
    <dimen name="x50">59.72dp</dimen>
    <dimen name="x51">60.92dp</dimen>
    <dimen name="x52">62.11dp</dimen>
    <dimen name="x53">63.31dp</dimen>
    <dimen name="x54">64.50dp</dimen>
    <dimen name="x55">65.69dp</dimen>
    <dimen name="x56">66.89dp</dimen>
    <dimen name="x57">68.08dp</dimen>
    <dimen name="x58">69.28dp</dimen>
    <dimen name="x59">70.47dp</dimen>
    <dimen name="x60">71.67dp</dimen>
    <dimen name="x61">72.86dp</dimen>
    <dimen name="x62">74.06dp</dimen>
    <dimen name="x63">75.25dp</dimen>
    <dimen name="x64">76.44dp</dimen>
    <dimen name="x65">77.64dp</dimen>
    <dimen name="x66">78.83dp</dimen>
    <dimen name="x67">80.03dp</dimen>
    <dimen name="x68">81.22dp</dimen>
    <dimen name="x69">82.42dp</dimen>
    <dimen name="x70">83.61dp</dimen>
    <dimen name="x71">84.81dp</dimen>
    <dimen name="x72">86.00dp</dimen>
    <dimen name="x73">87.19dp</dimen>
    <dimen name="x74">88.39dp</dimen>
    <dimen name="x75">89.58dp</dimen>
    <dimen name="x76">90.78dp</dimen>
    <dimen name="x77">91.97dp</dimen>
    <dimen name="x78">93.17dp</dimen>
    <dimen name="x79">94.36dp</dimen>
    <dimen name="x80">95.56dp</dimen>
    <dimen name="x81">96.75dp</dimen>
    <dimen name="x82">97.94dp</dimen>
    <dimen name="x83">99.14dp</dimen>
    <dimen name="x84">100.33dp</dimen>
    <dimen name="x85">101.53dp</dimen>
    <dimen name="x86">102.72dp</dimen>
    <dimen name="x87">103.92dp</dimen>
    <dimen name="x88">105.11dp</dimen>
    <dimen name="x89">106.31dp</dimen>
    <dimen name="x90">107.50dp</dimen>
    <dimen name="x91">108.69dp</dimen>
    <dimen name="x92">109.89dp</dimen>
    <dimen name="x93">111.08dp</dimen>
    <dimen name="x94">112.28dp</dimen>
    <dimen name="x95">113.47dp</dimen>
    <dimen name="x96">114.67dp</dimen>
    <dimen name="x97">115.86dp</dimen>
    <dimen name="x98">117.06dp</dimen>
    <dimen name="x99">118.25dp</dimen>
    <dimen name="x100">119.44dp</dimen>
    <dimen name="x101">120.64dp</dimen>
    <dimen name="x102">121.83dp</dimen>
    <dimen name="x103">123.03dp</dimen>
    <dimen name="x104">124.22dp</dimen>
    <dimen name="x105">125.42dp</dimen>
    <dimen name="x106">126.61dp</dimen>
    <dimen name="x107">127.81dp</dimen>
    <dimen name="x108">129.00dp</dimen>
    <dimen name="x109">130.19dp</dimen>
    <dimen name="x110">131.39dp</dimen>
    <dimen name="x111">132.58dp</dimen>
    <dimen name="x112">133.78dp</dimen>
    <dimen name="x113">134.97dp</dimen>
    <dimen name="x114">136.17dp</dimen>
    <dimen name="x115">137.36dp</dimen>
    <dimen name="x116">138.56dp</dimen>
    <dimen name="x117">139.75dp</dimen>
    <dimen name="x118">140.94dp</dimen>
    <dimen name="x119">142.14dp</dimen>
    <dimen name="x120">143.33dp</dimen>
    <dimen name="x121">144.53dp</dimen>
    <dimen name="x122">145.72dp</dimen>
    <dimen name="x123">146.92dp</dimen>
    <dimen name="x124">148.11dp</dimen>
    <dimen name="x125">149.31dp</dimen>
    <dimen name="x126">150.50dp</dimen>
    <dimen name="x127">151.69dp</dimen>
    <dimen name="x128">152.89dp</dimen>
    <dimen name="x129">154.08dp</dimen>
    <dimen name="x130">155.28dp</dimen>
    <dimen name="x131">156.47dp</dimen>
    <dimen name="x132">157.67dp</dimen>
    <dimen name="x133">158.86dp</dimen>
    <dimen name="x134">160.06dp</dimen>
    <dimen name="x135">161.25dp</dimen>
    <dimen name="x136">162.44dp</dimen>
    <dimen name="x137">163.64dp</dimen>
    <dimen name="x138">164.83dp</dimen>
    <dimen name="x139">166.03dp</dimen>
    <dimen name="x140">167.22dp</dimen>
    <dimen name="x141">168.42dp</dimen>
    <dimen name="x142">169.61dp</dimen>
    <dimen name="x143">170.81dp</dimen>
    <dimen name="x144">172.00dp</dimen>
    <dimen name="x145">173.19dp</dimen>
    <dimen name="x146">174.39dp</dimen>
    <dimen name="x147">175.58dp</dimen>
    <dimen name="x148">176.78dp</dimen>
    <dimen name="x149">177.97dp</dimen>
    <dimen name="x150">179.17dp</dimen>
    <dimen name="x151">180.36dp</dimen>
    <dimen name="x152">181.56dp</dimen>
    <dimen name="x153">182.75dp</dimen>
    <dimen name="x154">183.94dp</dimen>
    <dimen name="x155">185.14dp</dimen>
    <dimen name="x156">186.33dp</dimen>
    <dimen name="x157">187.53dp</dimen>
    <dimen name="x158">188.72dp</dimen>
    <dimen name="x159">189.92dp</dimen>
    <dimen name="x160">191.11dp</dimen>
    <dimen name="x161">192.31dp</dimen>
    <dimen name="x162">193.50dp</dimen>
    <dimen name="x163">194.69dp</dimen>
    <dimen name="x164">195.89dp</dimen>
    <dimen name="x165">197.08dp</dimen>
    <dimen name="x166">198.28dp</dimen>
    <dimen name="x167">199.47dp</dimen>
    <dimen name="x168">200.67dp</dimen>
    <dimen name="x169">201.86dp</dimen>
    <dimen name="x170">203.06dp</dimen>
    <dimen name="x171">204.25dp</dimen>
    <dimen name="x172">205.44dp</dimen>
    <dimen name="x173">206.64dp</dimen>
    <dimen name="x174">207.83dp</dimen>
    <dimen name="x175">209.03dp</dimen>
    <dimen name="x176">210.22dp</dimen>
    <dimen name="x177">211.42dp</dimen>
    <dimen name="x178">212.61dp</dimen>
    <dimen name="x179">213.81dp</dimen>
    <dimen name="x180">215.00dp</dimen>
    <dimen name="x181">216.19dp</dimen>
    <dimen name="x182">217.39dp</dimen>
    <dimen name="x183">218.58dp</dimen>
    <dimen name="x184">219.78dp</dimen>
    <dimen name="x185">220.97dp</dimen>
    <dimen name="x186">222.17dp</dimen>
    <dimen name="x187">223.36dp</dimen>
    <dimen name="x188">224.56dp</dimen>
    <dimen name="x189">225.75dp</dimen>
    <dimen name="x190">226.94dp</dimen>
    <dimen name="x191">228.14dp</dimen>
    <dimen name="x192">229.33dp</dimen>
    <dimen name="x193">230.53dp</dimen>
    <dimen name="x194">231.72dp</dimen>
    <dimen name="x195">232.92dp</dimen>
    <dimen name="x196">234.11dp</dimen>
    <dimen name="x197">235.31dp</dimen>
    <dimen name="x198">236.50dp</dimen>
    <dimen name="x199">237.69dp</dimen>
    <dimen name="x200">238.89dp</dimen>
    <dimen name="x201">240.08dp</dimen>
    <dimen name="x202">241.28dp</dimen>
    <dimen name="x203">242.47dp</dimen>
    <dimen name="x204">243.67dp</dimen>
    <dimen name="x205">244.86dp</dimen>
    <dimen name="x206">246.06dp</dimen>
    <dimen name="x207">247.25dp</dimen>
    <dimen name="x208">248.44dp</dimen>
    <dimen name="x209">249.64dp</dimen>
    <dimen name="x210">250.83dp</dimen>
    <dimen name="x211">252.03dp</dimen>
    <dimen name="x212">253.22dp</dimen>
    <dimen name="x213">254.42dp</dimen>
    <dimen name="x214">255.61dp</dimen>
    <dimen name="x215">256.81dp</dimen>
    <dimen name="x216">258.00dp</dimen>
    <dimen name="x217">259.19dp</dimen>
    <dimen name="x218">260.39dp</dimen>
    <dimen name="x219">261.58dp</dimen>
    <dimen name="x220">262.78dp</dimen>
    <dimen name="x221">263.97dp</dimen>
    <dimen name="x222">265.17dp</dimen>
    <dimen name="x223">266.36dp</dimen>
    <dimen name="x224">267.56dp</dimen>
    <dimen name="x225">268.75dp</dimen>
    <dimen name="x226">269.94dp</dimen>
    <dimen name="x227">271.14dp</dimen>
    <dimen name="x228">272.33dp</dimen>
    <dimen name="x229">273.53dp</dimen>
    <dimen name="x230">274.72dp</dimen>
    <dimen name="x231">275.92dp</dimen>
    <dimen name="x232">277.11dp</dimen>
    <dimen name="x233">278.31dp</dimen>
    <dimen name="x234">279.50dp</dimen>
    <dimen name="x235">280.69dp</dimen>
    <dimen name="x236">281.89dp</dimen>
    <dimen name="x237">283.08dp</dimen>
    <dimen name="x238">284.28dp</dimen>
    <dimen name="x239">285.47dp</dimen>
    <dimen name="x240">286.67dp</dimen>
    <dimen name="x241">287.86dp</dimen>
    <dimen name="x242">289.06dp</dimen>
    <dimen name="x243">290.25dp</dimen>
    <dimen name="x244">291.44dp</dimen>
    <dimen name="x245">292.64dp</dimen>
    <dimen name="x246">293.83dp</dimen>
    <dimen name="x247">295.03dp</dimen>
    <dimen name="x248">296.22dp</dimen>
    <dimen name="x249">297.42dp</dimen>
    <dimen name="x250">298.61dp</dimen>
    <dimen name="x251">299.81dp</dimen>
    <dimen name="x252">301.00dp</dimen>
    <dimen name="x253">302.19dp</dimen>
    <dimen name="x254">303.39dp</dimen>
    <dimen name="x255">304.58dp</dimen>
    <dimen name="x256">305.78dp</dimen>
    <dimen name="x257">306.97dp</dimen>
    <dimen name="x258">308.17dp</dimen>
    <dimen name="x259">309.36dp</dimen>
    <dimen name="x260">310.56dp</dimen>
    <dimen name="x261">311.75dp</dimen>
    <dimen name="x262">312.94dp</dimen>
    <dimen name="x263">314.14dp</dimen>
    <dimen name="x264">315.33dp</dimen>
    <dimen name="x265">316.53dp</dimen>
    <dimen name="x266">317.72dp</dimen>
    <dimen name="x267">318.92dp</dimen>
    <dimen name="x268">320.11dp</dimen>
    <dimen name="x269">321.31dp</dimen>
    <dimen name="x270">322.50dp</dimen>
    <dimen name="x271">323.69dp</dimen>
    <dimen name="x272">324.89dp</dimen>
    <dimen name="x273">326.08dp</dimen>
    <dimen name="x274">327.28dp</dimen>
    <dimen name="x275">328.47dp</dimen>
    <dimen name="x276">329.67dp</dimen>
    <dimen name="x277">330.86dp</dimen>
    <dimen name="x278">332.06dp</dimen>
    <dimen name="x279">333.25dp</dimen>
    <dimen name="x280">334.44dp</dimen>
    <dimen name="x281">335.64dp</dimen>
    <dimen name="x282">336.83dp</dimen>
    <dimen name="x283">338.03dp</dimen>
    <dimen name="x284">339.22dp</dimen>
    <dimen name="x285">340.42dp</dimen>
    <dimen name="x286">341.61dp</dimen>
    <dimen name="x287">342.81dp</dimen>
    <dimen name="x288">344.00dp</dimen>
    <dimen name="x289">345.19dp</dimen>
    <dimen name="x290">346.39dp</dimen>
    <dimen name="x291">347.58dp</dimen>
    <dimen name="x292">348.78dp</dimen>
    <dimen name="x293">349.97dp</dimen>
    <dimen name="x294">351.17dp</dimen>
    <dimen name="x295">352.36dp</dimen>
    <dimen name="x296">353.56dp</dimen>
    <dimen name="x297">354.75dp</dimen>
    <dimen name="x298">355.94dp</dimen>
    <dimen name="x299">357.14dp</dimen>
    <dimen name="x300">358.33dp</dimen>
    <dimen name="x301">359.53dp</dimen>
    <dimen name="x302">360.72dp</dimen>
    <dimen name="x303">361.92dp</dimen>
    <dimen name="x304">363.11dp</dimen>
    <dimen name="x305">364.31dp</dimen>
    <dimen name="x306">365.50dp</dimen>
    <dimen name="x307">366.69dp</dimen>
    <dimen name="x308">367.89dp</dimen>
    <dimen name="x309">369.08dp</dimen>
    <dimen name="x310">370.28dp</dimen>
    <dimen name="x311">371.47dp</dimen>
    <dimen name="x312">372.67dp</dimen>
    <dimen name="x313">373.86dp</dimen>
    <dimen name="x314">375.06dp</dimen>
    <dimen name="x315">376.25dp</dimen>
    <dimen name="x316">377.44dp</dimen>
    <dimen name="x317">378.64dp</dimen>
    <dimen name="x318">379.83dp</dimen>
    <dimen name="x319">381.03dp</dimen>
    <dimen name="x320">382.22dp</dimen>
    <dimen name="x321">383.42dp</dimen>
    <dimen name="x322">384.61dp</dimen>
    <dimen name="x323">385.81dp</dimen>
    <dimen name="x324">387.00dp</dimen>
    <dimen name="x325">388.19dp</dimen>
    <dimen name="x326">389.39dp</dimen>
    <dimen name="x327">390.58dp</dimen>
    <dimen name="x328">391.78dp</dimen>
    <dimen name="x329">392.97dp</dimen>
    <dimen name="x330">394.17dp</dimen>
    <dimen name="x331">395.36dp</dimen>
    <dimen name="x332">396.56dp</dimen>
    <dimen name="x333">397.75dp</dimen>
    <dimen name="x334">398.94dp</dimen>
    <dimen name="x335">400.14dp</dimen>
    <dimen name="x336">401.33dp</dimen>
    <dimen name="x337">402.53dp</dimen>
    <dimen name="x338">403.72dp</dimen>
    <dimen name="x339">404.92dp</dimen>
    <dimen name="x340">406.11dp</dimen>
    <dimen name="x341">407.31dp</dimen>
    <dimen name="x342">408.50dp</dimen>
    <dimen name="x343">409.69dp</dimen>
    <dimen name="x344">410.89dp</dimen>
    <dimen name="x345">412.08dp</dimen>
    <dimen name="x346">413.28dp</dimen>
    <dimen name="x347">414.47dp</dimen>
    <dimen name="x348">415.67dp</dimen>
    <dimen name="x349">416.86dp</dimen>
    <dimen name="x350">418.06dp</dimen>
    <dimen name="x351">419.25dp</dimen>
    <dimen name="x352">420.44dp</dimen>
    <dimen name="x353">421.64dp</dimen>
    <dimen name="x354">422.83dp</dimen>
    <dimen name="x355">424.03dp</dimen>
    <dimen name="x356">425.22dp</dimen>
    <dimen name="x357">426.42dp</dimen>
    <dimen name="x358">427.61dp</dimen>
    <dimen name="x359">428.81dp</dimen>
    <dimen name="x360">430.00dp</dimen>
    <dimen name="x361">431.19dp</dimen>
    <dimen name="x362">432.39dp</dimen>
    <dimen name="x363">433.58dp</dimen>
    <dimen name="x364">434.78dp</dimen>
    <dimen name="x365">435.97dp</dimen>
    <dimen name="x366">437.17dp</dimen>
    <dimen name="x367">438.36dp</dimen>
    <dimen name="x368">439.56dp</dimen>
    <dimen name="x369">440.75dp</dimen>
    <dimen name="x370">441.94dp</dimen>
    <dimen name="x371">443.14dp</dimen>
    <dimen name="x372">444.33dp</dimen>
    <dimen name="x373">445.53dp</dimen>
    <dimen name="x374">446.72dp</dimen>
    <dimen name="x375">447.92dp</dimen>
    <dimen name="x376">449.11dp</dimen>
    <dimen name="x377">450.31dp</dimen>
    <dimen name="x378">451.50dp</dimen>
    <dimen name="x379">452.69dp</dimen>
    <dimen name="x380">453.89dp</dimen>
    <dimen name="x381">455.08dp</dimen>
    <dimen name="x382">456.28dp</dimen>
    <dimen name="x383">457.47dp</dimen>
    <dimen name="x384">458.67dp</dimen>
    <dimen name="x385">459.86dp</dimen>
    <dimen name="x386">461.06dp</dimen>
    <dimen name="x387">462.25dp</dimen>
    <dimen name="x388">463.44dp</dimen>
    <dimen name="x389">464.64dp</dimen>
    <dimen name="x390">465.83dp</dimen>
    <dimen name="x391">467.03dp</dimen>
    <dimen name="x392">468.22dp</dimen>
    <dimen name="x393">469.42dp</dimen>
    <dimen name="x394">470.61dp</dimen>
    <dimen name="x395">471.81dp</dimen>
    <dimen name="x396">473.00dp</dimen>
    <dimen name="x397">474.19dp</dimen>
    <dimen name="x398">475.39dp</dimen>
    <dimen name="x399">476.58dp</dimen>
    <dimen name="x400">477.78dp</dimen>
    <dimen name="x401">478.97dp</dimen>
    <dimen name="x402">480.17dp</dimen>
    <dimen name="x403">481.36dp</dimen>
    <dimen name="x404">482.56dp</dimen>
    <dimen name="x405">483.75dp</dimen>
    <dimen name="x406">484.94dp</dimen>
    <dimen name="x407">486.14dp</dimen>
    <dimen name="x408">487.33dp</dimen>
    <dimen name="x409">488.53dp</dimen>
    <dimen name="x410">489.72dp</dimen>
    <dimen name="x411">490.92dp</dimen>
    <dimen name="x412">492.11dp</dimen>
    <dimen name="x413">493.31dp</dimen>
    <dimen name="x414">494.50dp</dimen>
    <dimen name="x415">495.69dp</dimen>
    <dimen name="x416">496.89dp</dimen>
    <dimen name="x417">498.08dp</dimen>
    <dimen name="x418">499.28dp</dimen>
    <dimen name="x419">500.47dp</dimen>
    <dimen name="x420">501.67dp</dimen>
    <dimen name="x421">502.86dp</dimen>
    <dimen name="x422">504.06dp</dimen>
    <dimen name="x423">505.25dp</dimen>
    <dimen name="x424">506.44dp</dimen>
    <dimen name="x425">507.64dp</dimen>
    <dimen name="x426">508.83dp</dimen>
    <dimen name="x427">510.03dp</dimen>
    <dimen name="x428">511.22dp</dimen>
    <dimen name="x429">512.42dp</dimen>
    <dimen name="x430">513.61dp</dimen>
    <dimen name="x431">514.81dp</dimen>
    <dimen name="x432">516.00dp</dimen>
    <dimen name="x433">517.19dp</dimen>
    <dimen name="x434">518.39dp</dimen>
    <dimen name="x435">519.58dp</dimen>
    <dimen name="x436">520.78dp</dimen>
    <dimen name="x437">521.97dp</dimen>
    <dimen name="x438">523.17dp</dimen>
    <dimen name="x439">524.36dp</dimen>
    <dimen name="x440">525.56dp</dimen>
    <dimen name="x441">526.75dp</dimen>
    <dimen name="x442">527.94dp</dimen>
    <dimen name="x443">529.14dp</dimen>
    <dimen name="x444">530.33dp</dimen>
    <dimen name="x445">531.53dp</dimen>
    <dimen name="x446">532.72dp</dimen>
    <dimen name="x447">533.92dp</dimen>
    <dimen name="x448">535.11dp</dimen>
    <dimen name="x449">536.31dp</dimen>
    <dimen name="x450">537.50dp</dimen>
    <dimen name="x451">538.69dp</dimen>
    <dimen name="x452">539.89dp</dimen>
    <dimen name="x453">541.08dp</dimen>
    <dimen name="x454">542.28dp</dimen>
    <dimen name="x455">543.47dp</dimen>
    <dimen name="x456">544.67dp</dimen>
    <dimen name="x457">545.86dp</dimen>
    <dimen name="x458">547.06dp</dimen>
    <dimen name="x459">548.25dp</dimen>
    <dimen name="x460">549.44dp</dimen>
    <dimen name="x461">550.64dp</dimen>
    <dimen name="x462">551.83dp</dimen>
    <dimen name="x463">553.03dp</dimen>
    <dimen name="x464">554.22dp</dimen>
    <dimen name="x465">555.42dp</dimen>
    <dimen name="x466">556.61dp</dimen>
    <dimen name="x467">557.81dp</dimen>
    <dimen name="x468">559.00dp</dimen>
    <dimen name="x469">560.19dp</dimen>
    <dimen name="x470">561.39dp</dimen>
    <dimen name="x471">562.58dp</dimen>
    <dimen name="x472">563.78dp</dimen>
    <dimen name="x473">564.97dp</dimen>
    <dimen name="x474">566.17dp</dimen>
    <dimen name="x475">567.36dp</dimen>
    <dimen name="x476">568.56dp</dimen>
    <dimen name="x477">569.75dp</dimen>
    <dimen name="x478">570.94dp</dimen>
    <dimen name="x479">572.14dp</dimen>
    <dimen name="x480">573.33dp</dimen>
    <dimen name="x481">574.53dp</dimen>
    <dimen name="x482">575.72dp</dimen>
    <dimen name="x483">576.92dp</dimen>
    <dimen name="x484">578.11dp</dimen>
    <dimen name="x485">579.31dp</dimen>
    <dimen name="x486">580.50dp</dimen>
    <dimen name="x487">581.69dp</dimen>
    <dimen name="x488">582.89dp</dimen>
    <dimen name="x489">584.08dp</dimen>
    <dimen name="x490">585.28dp</dimen>
    <dimen name="x491">586.47dp</dimen>
    <dimen name="x492">587.67dp</dimen>
    <dimen name="x493">588.86dp</dimen>
    <dimen name="x494">590.06dp</dimen>
    <dimen name="x495">591.25dp</dimen>
    <dimen name="x496">592.44dp</dimen>
    <dimen name="x497">593.64dp</dimen>
    <dimen name="x498">594.83dp</dimen>
    <dimen name="x499">596.03dp</dimen>
    <dimen name="x500">597.22dp</dimen>
    <dimen name="x501">598.42dp</dimen>
    <dimen name="x502">599.61dp</dimen>
    <dimen name="x503">600.81dp</dimen>
    <dimen name="x504">602.00dp</dimen>
    <dimen name="x505">603.19dp</dimen>
    <dimen name="x506">604.39dp</dimen>
    <dimen name="x507">605.58dp</dimen>
    <dimen name="x508">606.78dp</dimen>
    <dimen name="x509">607.97dp</dimen>
    <dimen name="x510">609.17dp</dimen>
    <dimen name="x511">610.36dp</dimen>
    <dimen name="x512">611.56dp</dimen>
    <dimen name="x513">612.75dp</dimen>
    <dimen name="x514">613.94dp</dimen>
    <dimen name="x515">615.14dp</dimen>
    <dimen name="x516">616.33dp</dimen>
    <dimen name="x517">617.53dp</dimen>
    <dimen name="x518">618.72dp</dimen>
    <dimen name="x519">619.92dp</dimen>
    <dimen name="x520">621.11dp</dimen>
    <dimen name="x521">622.31dp</dimen>
    <dimen name="x522">623.50dp</dimen>
    <dimen name="x523">624.69dp</dimen>
    <dimen name="x524">625.89dp</dimen>
    <dimen name="x525">627.08dp</dimen>
    <dimen name="x526">628.28dp</dimen>
    <dimen name="x527">629.47dp</dimen>
    <dimen name="x528">630.67dp</dimen>
    <dimen name="x529">631.86dp</dimen>
    <dimen name="x530">633.06dp</dimen>
    <dimen name="x531">634.25dp</dimen>
    <dimen name="x532">635.44dp</dimen>
    <dimen name="x533">636.64dp</dimen>
    <dimen name="x534">637.83dp</dimen>
    <dimen name="x535">639.03dp</dimen>
    <dimen name="x536">640.22dp</dimen>
    <dimen name="x537">641.42dp</dimen>
    <dimen name="x538">642.61dp</dimen>
    <dimen name="x539">643.81dp</dimen>
    <dimen name="x540">645.00dp</dimen>
    <dimen name="x541">646.19dp</dimen>
    <dimen name="x542">647.39dp</dimen>
    <dimen name="x543">648.58dp</dimen>
    <dimen name="x544">649.78dp</dimen>
    <dimen name="x545">650.97dp</dimen>
    <dimen name="x546">652.17dp</dimen>
    <dimen name="x547">653.36dp</dimen>
    <dimen name="x548">654.56dp</dimen>
    <dimen name="x549">655.75dp</dimen>
    <dimen name="x550">656.94dp</dimen>
    <dimen name="x551">658.14dp</dimen>
    <dimen name="x552">659.33dp</dimen>
    <dimen name="x553">660.53dp</dimen>
    <dimen name="x554">661.72dp</dimen>
    <dimen name="x555">662.92dp</dimen>
    <dimen name="x556">664.11dp</dimen>
    <dimen name="x557">665.31dp</dimen>
    <dimen name="x558">666.50dp</dimen>
    <dimen name="x559">667.69dp</dimen>
    <dimen name="x560">668.89dp</dimen>
    <dimen name="x561">670.08dp</dimen>
    <dimen name="x562">671.28dp</dimen>
    <dimen name="x563">672.47dp</dimen>
    <dimen name="x564">673.67dp</dimen>
    <dimen name="x565">674.86dp</dimen>
    <dimen name="x566">676.06dp</dimen>
    <dimen name="x567">677.25dp</dimen>
    <dimen name="x568">678.44dp</dimen>
    <dimen name="x569">679.64dp</dimen>
    <dimen name="x570">680.83dp</dimen>
    <dimen name="x571">682.03dp</dimen>
    <dimen name="x572">683.22dp</dimen>
    <dimen name="x573">684.42dp</dimen>
    <dimen name="x574">685.61dp</dimen>
    <dimen name="x575">686.81dp</dimen>
    <dimen name="x576">688.00dp</dimen>
    <dimen name="x577">689.19dp</dimen>
    <dimen name="x578">690.39dp</dimen>
    <dimen name="x579">691.58dp</dimen>
    <dimen name="x580">692.78dp</dimen>
    <dimen name="x581">693.97dp</dimen>
    <dimen name="x582">695.17dp</dimen>
    <dimen name="x583">696.36dp</dimen>
    <dimen name="x584">697.56dp</dimen>
    <dimen name="x585">698.75dp</dimen>
    <dimen name="x586">699.94dp</dimen>
    <dimen name="x587">701.14dp</dimen>
    <dimen name="x588">702.33dp</dimen>
    <dimen name="x589">703.53dp</dimen>
    <dimen name="x590">704.72dp</dimen>
    <dimen name="x591">705.92dp</dimen>
    <dimen name="x592">707.11dp</dimen>
    <dimen name="x593">708.31dp</dimen>
    <dimen name="x594">709.50dp</dimen>
    <dimen name="x595">710.69dp</dimen>
    <dimen name="x596">711.89dp</dimen>
    <dimen name="x597">713.08dp</dimen>
    <dimen name="x598">714.28dp</dimen>
    <dimen name="x599">715.47dp</dimen>
    <dimen name="x600">716.67dp</dimen>
    <dimen name="x601">717.86dp</dimen>
    <dimen name="x602">719.06dp</dimen>
    <dimen name="x603">720.25dp</dimen>
    <dimen name="x604">721.44dp</dimen>
    <dimen name="x605">722.64dp</dimen>
    <dimen name="x606">723.83dp</dimen>
    <dimen name="x607">725.03dp</dimen>
    <dimen name="x608">726.22dp</dimen>
    <dimen name="x609">727.42dp</dimen>
    <dimen name="x610">728.61dp</dimen>
    <dimen name="x611">729.81dp</dimen>
    <dimen name="x612">731.00dp</dimen>
    <dimen name="x613">732.19dp</dimen>
    <dimen name="x614">733.39dp</dimen>
    <dimen name="x615">734.58dp</dimen>
    <dimen name="x616">735.78dp</dimen>
    <dimen name="x617">736.97dp</dimen>
    <dimen name="x618">738.17dp</dimen>
    <dimen name="x619">739.36dp</dimen>
    <dimen name="x620">740.56dp</dimen>
    <dimen name="x621">741.75dp</dimen>
    <dimen name="x622">742.94dp</dimen>
    <dimen name="x623">744.14dp</dimen>
    <dimen name="x624">745.33dp</dimen>
    <dimen name="x625">746.53dp</dimen>
    <dimen name="x626">747.72dp</dimen>
    <dimen name="x627">748.92dp</dimen>
    <dimen name="x628">750.11dp</dimen>
    <dimen name="x629">751.31dp</dimen>
    <dimen name="x630">752.50dp</dimen>
    <dimen name="x631">753.69dp</dimen>
    <dimen name="x632">754.89dp</dimen>
    <dimen name="x633">756.08dp</dimen>
    <dimen name="x634">757.28dp</dimen>
    <dimen name="x635">758.47dp</dimen>
    <dimen name="x636">759.67dp</dimen>
    <dimen name="x637">760.86dp</dimen>
    <dimen name="x638">762.06dp</dimen>
    <dimen name="x639">763.25dp</dimen>
    <dimen name="x640">764.44dp</dimen>
    <dimen name="x641">765.64dp</dimen>
    <dimen name="x642">766.83dp</dimen>
    <dimen name="x643">768.03dp</dimen>
    <dimen name="x644">769.22dp</dimen>
    <dimen name="x645">770.42dp</dimen>
    <dimen name="x646">771.61dp</dimen>
    <dimen name="x647">772.81dp</dimen>
    <dimen name="x648">774.00dp</dimen>
    <dimen name="x649">775.19dp</dimen>
    <dimen name="x650">776.39dp</dimen>
    <dimen name="x651">777.58dp</dimen>
    <dimen name="x652">778.78dp</dimen>
    <dimen name="x653">779.97dp</dimen>
    <dimen name="x654">781.17dp</dimen>
    <dimen name="x655">782.36dp</dimen>
    <dimen name="x656">783.56dp</dimen>
    <dimen name="x657">784.75dp</dimen>
    <dimen name="x658">785.94dp</dimen>
    <dimen name="x659">787.14dp</dimen>
    <dimen name="x660">788.33dp</dimen>
    <dimen name="x661">789.53dp</dimen>
    <dimen name="x662">790.72dp</dimen>
    <dimen name="x663">791.92dp</dimen>
    <dimen name="x664">793.11dp</dimen>
    <dimen name="x665">794.31dp</dimen>
    <dimen name="x666">795.50dp</dimen>
    <dimen name="x667">796.69dp</dimen>
    <dimen name="x668">797.89dp</dimen>
    <dimen name="x669">799.08dp</dimen>
    <dimen name="x670">800.28dp</dimen>
    <dimen name="x671">801.47dp</dimen>
    <dimen name="x672">802.67dp</dimen>
    <dimen name="x673">803.86dp</dimen>
    <dimen name="x674">805.06dp</dimen>
    <dimen name="x675">806.25dp</dimen>
    <dimen name="x676">807.44dp</dimen>
    <dimen name="x677">808.64dp</dimen>
    <dimen name="x678">809.83dp</dimen>
    <dimen name="x679">811.03dp</dimen>
    <dimen name="x680">812.22dp</dimen>
    <dimen name="x681">813.42dp</dimen>
    <dimen name="x682">814.61dp</dimen>
    <dimen name="x683">815.81dp</dimen>
    <dimen name="x684">817.00dp</dimen>
    <dimen name="x685">818.19dp</dimen>
    <dimen name="x686">819.39dp</dimen>
    <dimen name="x687">820.58dp</dimen>
    <dimen name="x688">821.78dp</dimen>
    <dimen name="x689">822.97dp</dimen>
    <dimen name="x690">824.17dp</dimen>
    <dimen name="x691">825.36dp</dimen>
    <dimen name="x692">826.56dp</dimen>
    <dimen name="x693">827.75dp</dimen>
    <dimen name="x694">828.94dp</dimen>
    <dimen name="x695">830.14dp</dimen>
    <dimen name="x696">831.33dp</dimen>
    <dimen name="x697">832.53dp</dimen>
    <dimen name="x698">833.72dp</dimen>
    <dimen name="x699">834.92dp</dimen>
    <dimen name="x700">836.11dp</dimen>
    <dimen name="x701">837.31dp</dimen>
    <dimen name="x702">838.50dp</dimen>
    <dimen name="x703">839.69dp</dimen>
    <dimen name="x704">840.89dp</dimen>
    <dimen name="x705">842.08dp</dimen>
    <dimen name="x706">843.28dp</dimen>
    <dimen name="x707">844.47dp</dimen>
    <dimen name="x708">845.67dp</dimen>
    <dimen name="x709">846.86dp</dimen>
    <dimen name="x710">848.06dp</dimen>
    <dimen name="x711">849.25dp</dimen>
    <dimen name="x712">850.44dp</dimen>
    <dimen name="x713">851.64dp</dimen>
    <dimen name="x714">852.83dp</dimen>
    <dimen name="x715">854.03dp</dimen>
    <dimen name="x716">855.22dp</dimen>
    <dimen name="x717">856.42dp</dimen>
    <dimen name="x718">857.61dp</dimen>
    <dimen name="x719">858.81dp</dimen>
    <dimen name="x720">860.00dp</dimen>
    <dimen name="x721">861.19dp</dimen>
    <dimen name="x722">862.39dp</dimen>
    <dimen name="x723">863.58dp</dimen>
    <dimen name="x724">864.78dp</dimen>
    <dimen name="x725">865.97dp</dimen>
    <dimen name="x726">867.17dp</dimen>
    <dimen name="x727">868.36dp</dimen>
    <dimen name="x728">869.56dp</dimen>
    <dimen name="x729">870.75dp</dimen>
    <dimen name="x730">871.94dp</dimen>
    <dimen name="x731">873.14dp</dimen>
    <dimen name="x732">874.33dp</dimen>
    <dimen name="x733">875.53dp</dimen>
    <dimen name="x734">876.72dp</dimen>
    <dimen name="x735">877.92dp</dimen>
    <dimen name="x736">879.11dp</dimen>
    <dimen name="x737">880.31dp</dimen>
    <dimen name="x738">881.50dp</dimen>
    <dimen name="x739">882.69dp</dimen>
    <dimen name="x740">883.89dp</dimen>
    <dimen name="x741">885.08dp</dimen>
    <dimen name="x742">886.28dp</dimen>
    <dimen name="x743">887.47dp</dimen>
    <dimen name="x744">888.67dp</dimen>
    <dimen name="x745">889.86dp</dimen>
    <dimen name="x746">891.06dp</dimen>
    <dimen name="x747">892.25dp</dimen>
    <dimen name="x748">893.44dp</dimen>
    <dimen name="x749">894.64dp</dimen>
    <dimen name="x750">895.83dp</dimen>
    <dimen name="x751">897.03dp</dimen>
    <dimen name="x752">898.22dp</dimen>
    <dimen name="x753">899.42dp</dimen>
    <dimen name="x754">900.61dp</dimen>
    <dimen name="x755">901.81dp</dimen>
    <dimen name="x756">903.00dp</dimen>
    <dimen name="x757">904.19dp</dimen>
    <dimen name="x758">905.39dp</dimen>
    <dimen name="x759">906.58dp</dimen>
    <dimen name="x760">907.78dp</dimen>
    <dimen name="x761">908.97dp</dimen>
    <dimen name="x762">910.17dp</dimen>
    <dimen name="x763">911.36dp</dimen>
    <dimen name="x764">912.56dp</dimen>
    <dimen name="x765">913.75dp</dimen>
    <dimen name="x766">914.94dp</dimen>
    <dimen name="x767">916.14dp</dimen>
    <dimen name="x768">917.33dp</dimen>
    <dimen name="x769">918.53dp</dimen>
    <dimen name="x770">919.72dp</dimen>
    <dimen name="x771">920.92dp</dimen>
    <dimen name="x772">922.11dp</dimen>
    <dimen name="x773">923.31dp</dimen>
    <dimen name="x774">924.50dp</dimen>
    <dimen name="x775">925.69dp</dimen>
    <dimen name="x776">926.89dp</dimen>
    <dimen name="x777">928.08dp</dimen>
    <dimen name="x778">929.28dp</dimen>
    <dimen name="x779">930.47dp</dimen>
    <dimen name="x780">931.67dp</dimen>
    <dimen name="x781">932.86dp</dimen>
    <dimen name="x782">934.06dp</dimen>
    <dimen name="x783">935.25dp</dimen>
    <dimen name="x784">936.44dp</dimen>
    <dimen name="x785">937.64dp</dimen>
    <dimen name="x786">938.83dp</dimen>
    <dimen name="x787">940.03dp</dimen>
    <dimen name="x788">941.22dp</dimen>
    <dimen name="x789">942.42dp</dimen>
    <dimen name="x790">943.61dp</dimen>
    <dimen name="x791">944.81dp</dimen>
    <dimen name="x792">946.00dp</dimen>
    <dimen name="x793">947.19dp</dimen>
    <dimen name="x794">948.39dp</dimen>
    <dimen name="x795">949.58dp</dimen>
    <dimen name="x796">950.78dp</dimen>
    <dimen name="x797">951.97dp</dimen>
    <dimen name="x798">953.17dp</dimen>
    <dimen name="x799">954.36dp</dimen>
    <dimen name="x800">955.56dp</dimen>
    <dimen name="x801">956.75dp</dimen>
    <dimen name="x802">957.94dp</dimen>
    <dimen name="x803">959.14dp</dimen>
    <dimen name="x804">960.33dp</dimen>
    <dimen name="x805">961.53dp</dimen>
    <dimen name="x806">962.72dp</dimen>
    <dimen name="x807">963.92dp</dimen>
    <dimen name="x808">965.11dp</dimen>
    <dimen name="x809">966.31dp</dimen>
    <dimen name="x810">967.50dp</dimen>
    <dimen name="x811">968.69dp</dimen>
    <dimen name="x812">969.89dp</dimen>
    <dimen name="x813">971.08dp</dimen>
    <dimen name="x814">972.28dp</dimen>
    <dimen name="x815">973.47dp</dimen>
    <dimen name="x816">974.67dp</dimen>
    <dimen name="x817">975.86dp</dimen>
    <dimen name="x818">977.06dp</dimen>
    <dimen name="x819">978.25dp</dimen>
    <dimen name="x820">979.44dp</dimen>
    <dimen name="x821">980.64dp</dimen>
    <dimen name="x822">981.83dp</dimen>
    <dimen name="x823">983.03dp</dimen>
    <dimen name="x824">984.22dp</dimen>
    <dimen name="x825">985.42dp</dimen>
    <dimen name="x826">986.61dp</dimen>
    <dimen name="x827">987.81dp</dimen>
    <dimen name="x828">989.00dp</dimen>
    <dimen name="x829">990.19dp</dimen>
    <dimen name="x830">991.39dp</dimen>
    <dimen name="x831">992.58dp</dimen>
    <dimen name="x832">993.78dp</dimen>
    <dimen name="x833">994.97dp</dimen>
    <dimen name="x834">996.17dp</dimen>
    <dimen name="x835">997.36dp</dimen>
    <dimen name="x836">998.56dp</dimen>
    <dimen name="x837">999.75dp</dimen>
    <dimen name="x838">1000.94dp</dimen>
    <dimen name="x839">1002.14dp</dimen>
    <dimen name="x840">1003.33dp</dimen>
    <dimen name="x841">1004.53dp</dimen>
    <dimen name="x842">1005.72dp</dimen>
    <dimen name="x843">1006.92dp</dimen>
    <dimen name="x844">1008.11dp</dimen>
    <dimen name="x845">1009.31dp</dimen>
    <dimen name="x846">1010.50dp</dimen>
    <dimen name="x847">1011.69dp</dimen>
    <dimen name="x848">1012.89dp</dimen>
    <dimen name="x849">1014.08dp</dimen>
    <dimen name="x850">1015.28dp</dimen>
    <dimen name="x851">1016.47dp</dimen>
    <dimen name="x852">1017.67dp</dimen>
    <dimen name="x853">1018.86dp</dimen>
    <dimen name="x854">1020.06dp</dimen>
    <dimen name="x855">1021.25dp</dimen>
    <dimen name="x856">1022.44dp</dimen>
    <dimen name="x857">1023.64dp</dimen>
    <dimen name="x858">1024.83dp</dimen>
    <dimen name="x859">1026.03dp</dimen>
    <dimen name="x860">1027.22dp</dimen>
    <dimen name="x861">1028.42dp</dimen>
    <dimen name="x862">1029.61dp</dimen>
    <dimen name="x863">1030.81dp</dimen>
    <dimen name="x864">1032.00dp</dimen>
    <dimen name="x865">1033.19dp</dimen>
    <dimen name="x866">1034.39dp</dimen>
    <dimen name="x867">1035.58dp</dimen>
    <dimen name="x868">1036.78dp</dimen>
    <dimen name="x869">1037.97dp</dimen>
    <dimen name="x870">1039.17dp</dimen>
    <dimen name="x871">1040.36dp</dimen>
    <dimen name="x872">1041.56dp</dimen>
    <dimen name="x873">1042.75dp</dimen>
    <dimen name="x874">1043.94dp</dimen>
    <dimen name="x875">1045.14dp</dimen>
    <dimen name="x876">1046.33dp</dimen>
    <dimen name="x877">1047.53dp</dimen>
    <dimen name="x878">1048.72dp</dimen>
    <dimen name="x879">1049.92dp</dimen>
    <dimen name="x880">1051.11dp</dimen>
    <dimen name="x881">1052.31dp</dimen>
    <dimen name="x882">1053.50dp</dimen>
    <dimen name="x883">1054.69dp</dimen>
    <dimen name="x884">1055.89dp</dimen>
    <dimen name="x885">1057.08dp</dimen>
    <dimen name="x886">1058.28dp</dimen>
    <dimen name="x887">1059.47dp</dimen>
    <dimen name="x888">1060.67dp</dimen>
    <dimen name="x889">1061.86dp</dimen>
    <dimen name="x890">1063.06dp</dimen>
    <dimen name="x891">1064.25dp</dimen>
    <dimen name="x892">1065.44dp</dimen>
    <dimen name="x893">1066.64dp</dimen>
    <dimen name="x894">1067.83dp</dimen>
    <dimen name="x895">1069.03dp</dimen>
    <dimen name="x896">1070.22dp</dimen>
    <dimen name="x897">1071.42dp</dimen>
    <dimen name="x898">1072.61dp</dimen>
    <dimen name="x899">1073.81dp</dimen>
    <dimen name="x900">1075.00dp</dimen>
    <dimen name="x901">1076.19dp</dimen>
    <dimen name="x902">1077.39dp</dimen>
    <dimen name="x903">1078.58dp</dimen>
    <dimen name="x904">1079.78dp</dimen>
    <dimen name="x905">1080.97dp</dimen>
    <dimen name="x906">1082.17dp</dimen>
    <dimen name="x907">1083.36dp</dimen>
    <dimen name="x908">1084.56dp</dimen>
    <dimen name="x909">1085.75dp</dimen>
    <dimen name="x910">1086.94dp</dimen>
    <dimen name="x911">1088.14dp</dimen>
    <dimen name="x912">1089.33dp</dimen>
    <dimen name="x913">1090.53dp</dimen>
    <dimen name="x914">1091.72dp</dimen>
    <dimen name="x915">1092.92dp</dimen>
    <dimen name="x916">1094.11dp</dimen>
    <dimen name="x917">1095.31dp</dimen>
    <dimen name="x918">1096.50dp</dimen>
    <dimen name="x919">1097.69dp</dimen>
    <dimen name="x920">1098.89dp</dimen>
    <dimen name="x921">1100.08dp</dimen>
    <dimen name="x922">1101.28dp</dimen>
    <dimen name="x923">1102.47dp</dimen>
    <dimen name="x924">1103.67dp</dimen>
    <dimen name="x925">1104.86dp</dimen>
    <dimen name="x926">1106.06dp</dimen>
    <dimen name="x927">1107.25dp</dimen>
    <dimen name="x928">1108.44dp</dimen>
    <dimen name="x929">1109.64dp</dimen>
    <dimen name="x930">1110.83dp</dimen>
    <dimen name="x931">1112.03dp</dimen>
    <dimen name="x932">1113.22dp</dimen>
    <dimen name="x933">1114.42dp</dimen>
    <dimen name="x934">1115.61dp</dimen>
    <dimen name="x935">1116.81dp</dimen>
    <dimen name="x936">1118.00dp</dimen>
    <dimen name="x937">1119.19dp</dimen>
    <dimen name="x938">1120.39dp</dimen>
    <dimen name="x939">1121.58dp</dimen>
    <dimen name="x940">1122.78dp</dimen>
    <dimen name="x941">1123.97dp</dimen>
    <dimen name="x942">1125.17dp</dimen>
    <dimen name="x943">1126.36dp</dimen>
    <dimen name="x944">1127.56dp</dimen>
    <dimen name="x945">1128.75dp</dimen>
    <dimen name="x946">1129.94dp</dimen>
    <dimen name="x947">1131.14dp</dimen>
    <dimen name="x948">1132.33dp</dimen>
    <dimen name="x949">1133.53dp</dimen>
    <dimen name="x950">1134.72dp</dimen>
    <dimen name="x951">1135.92dp</dimen>
    <dimen name="x952">1137.11dp</dimen>
    <dimen name="x953">1138.31dp</dimen>
    <dimen name="x954">1139.50dp</dimen>
    <dimen name="x955">1140.69dp</dimen>
    <dimen name="x956">1141.89dp</dimen>
    <dimen name="x957">1143.08dp</dimen>
    <dimen name="x958">1144.28dp</dimen>
    <dimen name="x959">1145.47dp</dimen>
    <dimen name="x960">1146.67dp</dimen>
    <dimen name="x961">1147.86dp</dimen>
    <dimen name="x962">1149.06dp</dimen>
    <dimen name="x963">1150.25dp</dimen>
    <dimen name="x964">1151.44dp</dimen>
    <dimen name="x965">1152.64dp</dimen>
    <dimen name="x966">1153.83dp</dimen>
    <dimen name="x967">1155.03dp</dimen>
    <dimen name="x968">1156.22dp</dimen>
    <dimen name="x969">1157.42dp</dimen>
    <dimen name="x970">1158.61dp</dimen>
    <dimen name="x971">1159.81dp</dimen>
    <dimen name="x972">1161.00dp</dimen>
    <dimen name="x973">1162.19dp</dimen>
    <dimen name="x974">1163.39dp</dimen>
    <dimen name="x975">1164.58dp</dimen>
    <dimen name="x976">1165.78dp</dimen>
    <dimen name="x977">1166.97dp</dimen>
    <dimen name="x978">1168.17dp</dimen>
    <dimen name="x979">1169.36dp</dimen>
    <dimen name="x980">1170.56dp</dimen>
    <dimen name="x981">1171.75dp</dimen>
    <dimen name="x982">1172.94dp</dimen>
    <dimen name="x983">1174.14dp</dimen>
    <dimen name="x984">1175.33dp</dimen>
    <dimen name="x985">1176.53dp</dimen>
    <dimen name="x986">1177.72dp</dimen>
    <dimen name="x987">1178.92dp</dimen>
    <dimen name="x988">1180.11dp</dimen>
    <dimen name="x989">1181.31dp</dimen>
    <dimen name="x990">1182.50dp</dimen>
    <dimen name="x991">1183.69dp</dimen>
    <dimen name="x992">1184.89dp</dimen>
    <dimen name="x993">1186.08dp</dimen>
    <dimen name="x994">1187.28dp</dimen>
    <dimen name="x995">1188.47dp</dimen>
    <dimen name="x996">1189.67dp</dimen>
    <dimen name="x997">1190.86dp</dimen>
    <dimen name="x998">1192.06dp</dimen>
    <dimen name="x999">1193.25dp</dimen>
    <dimen name="x1000">1194.44dp</dimen>
    <dimen name="x1001">1195.64dp</dimen>
    <dimen name="x1002">1196.83dp</dimen>
    <dimen name="x1003">1198.03dp</dimen>
    <dimen name="x1004">1199.22dp</dimen>
    <dimen name="x1005">1200.42dp</dimen>
    <dimen name="x1006">1201.61dp</dimen>
    <dimen name="x1007">1202.81dp</dimen>
    <dimen name="x1008">1204.00dp</dimen>
    <dimen name="x1009">1205.19dp</dimen>
    <dimen name="x1010">1206.39dp</dimen>
    <dimen name="x1011">1207.58dp</dimen>
    <dimen name="x1012">1208.78dp</dimen>
    <dimen name="x1013">1209.97dp</dimen>
    <dimen name="x1014">1211.17dp</dimen>
    <dimen name="x1015">1212.36dp</dimen>
    <dimen name="x1016">1213.56dp</dimen>
    <dimen name="x1017">1214.75dp</dimen>
    <dimen name="x1018">1215.94dp</dimen>
    <dimen name="x1019">1217.14dp</dimen>
    <dimen name="x1020">1218.33dp</dimen>
    <dimen name="x1021">1219.53dp</dimen>
    <dimen name="x1022">1220.72dp</dimen>
    <dimen name="x1023">1221.92dp</dimen>
    <dimen name="x1024">1223.11dp</dimen>
    <dimen name="x1025">1224.31dp</dimen>
    <dimen name="x1026">1225.50dp</dimen>
    <dimen name="x1027">1226.69dp</dimen>
    <dimen name="x1028">1227.89dp</dimen>
    <dimen name="x1029">1229.08dp</dimen>
    <dimen name="x1030">1230.28dp</dimen>
    <dimen name="x1031">1231.47dp</dimen>
    <dimen name="x1032">1232.67dp</dimen>
    <dimen name="x1033">1233.86dp</dimen>
    <dimen name="x1034">1235.06dp</dimen>
    <dimen name="x1035">1236.25dp</dimen>
    <dimen name="x1036">1237.44dp</dimen>
    <dimen name="x1037">1238.64dp</dimen>
    <dimen name="x1038">1239.83dp</dimen>
    <dimen name="x1039">1241.03dp</dimen>
    <dimen name="x1040">1242.22dp</dimen>
    <dimen name="x1041">1243.42dp</dimen>
    <dimen name="x1042">1244.61dp</dimen>
    <dimen name="x1043">1245.81dp</dimen>
    <dimen name="x1044">1247.00dp</dimen>
    <dimen name="x1045">1248.19dp</dimen>
    <dimen name="x1046">1249.39dp</dimen>
    <dimen name="x1047">1250.58dp</dimen>
    <dimen name="x1048">1251.78dp</dimen>
    <dimen name="x1049">1252.97dp</dimen>
    <dimen name="x1050">1254.17dp</dimen>
    <dimen name="x1051">1255.36dp</dimen>
    <dimen name="x1052">1256.56dp</dimen>
    <dimen name="x1053">1257.75dp</dimen>
    <dimen name="x1054">1258.94dp</dimen>
    <dimen name="x1055">1260.14dp</dimen>
    <dimen name="x1056">1261.33dp</dimen>
    <dimen name="x1057">1262.53dp</dimen>
    <dimen name="x1058">1263.72dp</dimen>
    <dimen name="x1059">1264.92dp</dimen>
    <dimen name="x1060">1266.11dp</dimen>
    <dimen name="x1061">1267.31dp</dimen>
    <dimen name="x1062">1268.50dp</dimen>
    <dimen name="x1063">1269.69dp</dimen>
    <dimen name="x1064">1270.89dp</dimen>
    <dimen name="x1065">1272.08dp</dimen>
    <dimen name="x1066">1273.28dp</dimen>
    <dimen name="x1067">1274.47dp</dimen>
    <dimen name="x1068">1275.67dp</dimen>
    <dimen name="x1069">1276.86dp</dimen>
    <dimen name="x1070">1278.06dp</dimen>
    <dimen name="x1071">1279.25dp</dimen>
    <dimen name="x1072">1280.44dp</dimen>
    <dimen name="x1073">1281.64dp</dimen>
    <dimen name="x1074">1282.83dp</dimen>
    <dimen name="x1075">1284.03dp</dimen>
    <dimen name="x1076">1285.22dp</dimen>
    <dimen name="x1077">1286.42dp</dimen>
    <dimen name="x1078">1287.61dp</dimen>
    <dimen name="x1079">1288.81dp</dimen>
    <dimen name="x1080">1290.00dp</dimen>
</resources>