<?xml version="1.0" encoding="utf-8"?>
<resources>
    <string name="sw_dp">1120dp</string>
    <dimen name="x1">1.04dp</dimen>
    <dimen name="x2">2.07dp</dimen>
    <dimen name="x3">3.11dp</dimen>
    <dimen name="x4">4.15dp</dimen>
    <dimen name="x5">5.19dp</dimen>
    <dimen name="x6">6.22dp</dimen>
    <dimen name="x7">7.26dp</dimen>
    <dimen name="x8">8.30dp</dimen>
    <dimen name="x9">9.33dp</dimen>
    <dimen name="x10">10.37dp</dimen>
    <dimen name="x11">11.41dp</dimen>
    <dimen name="x12">12.44dp</dimen>
    <dimen name="x13">13.48dp</dimen>
    <dimen name="x14">14.52dp</dimen>
    <dimen name="x15">15.56dp</dimen>
    <dimen name="x16">16.59dp</dimen>
    <dimen name="x17">17.63dp</dimen>
    <dimen name="x18">18.67dp</dimen>
    <dimen name="x19">19.70dp</dimen>
    <dimen name="x20">20.74dp</dimen>
    <dimen name="x21">21.78dp</dimen>
    <dimen name="x22">22.81dp</dimen>
    <dimen name="x23">23.85dp</dimen>
    <dimen name="x24">24.89dp</dimen>
    <dimen name="x25">25.93dp</dimen>
    <dimen name="x26">26.96dp</dimen>
    <dimen name="x27">28.00dp</dimen>
    <dimen name="x28">29.04dp</dimen>
    <dimen name="x29">30.07dp</dimen>
    <dimen name="x30">31.11dp</dimen>
    <dimen name="x31">32.15dp</dimen>
    <dimen name="x32">33.19dp</dimen>
    <dimen name="x33">34.22dp</dimen>
    <dimen name="x34">35.26dp</dimen>
    <dimen name="x35">36.30dp</dimen>
    <dimen name="x36">37.33dp</dimen>
    <dimen name="x37">38.37dp</dimen>
    <dimen name="x38">39.41dp</dimen>
    <dimen name="x39">40.44dp</dimen>
    <dimen name="x40">41.48dp</dimen>
    <dimen name="x41">42.52dp</dimen>
    <dimen name="x42">43.56dp</dimen>
    <dimen name="x43">44.59dp</dimen>
    <dimen name="x44">45.63dp</dimen>
    <dimen name="x45">46.67dp</dimen>
    <dimen name="x46">47.70dp</dimen>
    <dimen name="x47">48.74dp</dimen>
    <dimen name="x48">49.78dp</dimen>
    <dimen name="x49">50.81dp</dimen>
    <dimen name="x50">51.85dp</dimen>
    <dimen name="x51">52.89dp</dimen>
    <dimen name="x52">53.93dp</dimen>
    <dimen name="x53">54.96dp</dimen>
    <dimen name="x54">56.00dp</dimen>
    <dimen name="x55">57.04dp</dimen>
    <dimen name="x56">58.07dp</dimen>
    <dimen name="x57">59.11dp</dimen>
    <dimen name="x58">60.15dp</dimen>
    <dimen name="x59">61.19dp</dimen>
    <dimen name="x60">62.22dp</dimen>
    <dimen name="x61">63.26dp</dimen>
    <dimen name="x62">64.30dp</dimen>
    <dimen name="x63">65.33dp</dimen>
    <dimen name="x64">66.37dp</dimen>
    <dimen name="x65">67.41dp</dimen>
    <dimen name="x66">68.44dp</dimen>
    <dimen name="x67">69.48dp</dimen>
    <dimen name="x68">70.52dp</dimen>
    <dimen name="x69">71.56dp</dimen>
    <dimen name="x70">72.59dp</dimen>
    <dimen name="x71">73.63dp</dimen>
    <dimen name="x72">74.67dp</dimen>
    <dimen name="x73">75.70dp</dimen>
    <dimen name="x74">76.74dp</dimen>
    <dimen name="x75">77.78dp</dimen>
    <dimen name="x76">78.81dp</dimen>
    <dimen name="x77">79.85dp</dimen>
    <dimen name="x78">80.89dp</dimen>
    <dimen name="x79">81.93dp</dimen>
    <dimen name="x80">82.96dp</dimen>
    <dimen name="x81">84.00dp</dimen>
    <dimen name="x82">85.04dp</dimen>
    <dimen name="x83">86.07dp</dimen>
    <dimen name="x84">87.11dp</dimen>
    <dimen name="x85">88.15dp</dimen>
    <dimen name="x86">89.19dp</dimen>
    <dimen name="x87">90.22dp</dimen>
    <dimen name="x88">91.26dp</dimen>
    <dimen name="x89">92.30dp</dimen>
    <dimen name="x90">93.33dp</dimen>
    <dimen name="x91">94.37dp</dimen>
    <dimen name="x92">95.41dp</dimen>
    <dimen name="x93">96.44dp</dimen>
    <dimen name="x94">97.48dp</dimen>
    <dimen name="x95">98.52dp</dimen>
    <dimen name="x96">99.56dp</dimen>
    <dimen name="x97">100.59dp</dimen>
    <dimen name="x98">101.63dp</dimen>
    <dimen name="x99">102.67dp</dimen>
    <dimen name="x100">103.70dp</dimen>
    <dimen name="x101">104.74dp</dimen>
    <dimen name="x102">105.78dp</dimen>
    <dimen name="x103">106.81dp</dimen>
    <dimen name="x104">107.85dp</dimen>
    <dimen name="x105">108.89dp</dimen>
    <dimen name="x106">109.93dp</dimen>
    <dimen name="x107">110.96dp</dimen>
    <dimen name="x108">112.00dp</dimen>
    <dimen name="x109">113.04dp</dimen>
    <dimen name="x110">114.07dp</dimen>
    <dimen name="x111">115.11dp</dimen>
    <dimen name="x112">116.15dp</dimen>
    <dimen name="x113">117.19dp</dimen>
    <dimen name="x114">118.22dp</dimen>
    <dimen name="x115">119.26dp</dimen>
    <dimen name="x116">120.30dp</dimen>
    <dimen name="x117">121.33dp</dimen>
    <dimen name="x118">122.37dp</dimen>
    <dimen name="x119">123.41dp</dimen>
    <dimen name="x120">124.44dp</dimen>
    <dimen name="x121">125.48dp</dimen>
    <dimen name="x122">126.52dp</dimen>
    <dimen name="x123">127.56dp</dimen>
    <dimen name="x124">128.59dp</dimen>
    <dimen name="x125">129.63dp</dimen>
    <dimen name="x126">130.67dp</dimen>
    <dimen name="x127">131.70dp</dimen>
    <dimen name="x128">132.74dp</dimen>
    <dimen name="x129">133.78dp</dimen>
    <dimen name="x130">134.81dp</dimen>
    <dimen name="x131">135.85dp</dimen>
    <dimen name="x132">136.89dp</dimen>
    <dimen name="x133">137.93dp</dimen>
    <dimen name="x134">138.96dp</dimen>
    <dimen name="x135">140.00dp</dimen>
    <dimen name="x136">141.04dp</dimen>
    <dimen name="x137">142.07dp</dimen>
    <dimen name="x138">143.11dp</dimen>
    <dimen name="x139">144.15dp</dimen>
    <dimen name="x140">145.19dp</dimen>
    <dimen name="x141">146.22dp</dimen>
    <dimen name="x142">147.26dp</dimen>
    <dimen name="x143">148.30dp</dimen>
    <dimen name="x144">149.33dp</dimen>
    <dimen name="x145">150.37dp</dimen>
    <dimen name="x146">151.41dp</dimen>
    <dimen name="x147">152.44dp</dimen>
    <dimen name="x148">153.48dp</dimen>
    <dimen name="x149">154.52dp</dimen>
    <dimen name="x150">155.56dp</dimen>
    <dimen name="x151">156.59dp</dimen>
    <dimen name="x152">157.63dp</dimen>
    <dimen name="x153">158.67dp</dimen>
    <dimen name="x154">159.70dp</dimen>
    <dimen name="x155">160.74dp</dimen>
    <dimen name="x156">161.78dp</dimen>
    <dimen name="x157">162.81dp</dimen>
    <dimen name="x158">163.85dp</dimen>
    <dimen name="x159">164.89dp</dimen>
    <dimen name="x160">165.93dp</dimen>
    <dimen name="x161">166.96dp</dimen>
    <dimen name="x162">168.00dp</dimen>
    <dimen name="x163">169.04dp</dimen>
    <dimen name="x164">170.07dp</dimen>
    <dimen name="x165">171.11dp</dimen>
    <dimen name="x166">172.15dp</dimen>
    <dimen name="x167">173.19dp</dimen>
    <dimen name="x168">174.22dp</dimen>
    <dimen name="x169">175.26dp</dimen>
    <dimen name="x170">176.30dp</dimen>
    <dimen name="x171">177.33dp</dimen>
    <dimen name="x172">178.37dp</dimen>
    <dimen name="x173">179.41dp</dimen>
    <dimen name="x174">180.44dp</dimen>
    <dimen name="x175">181.48dp</dimen>
    <dimen name="x176">182.52dp</dimen>
    <dimen name="x177">183.56dp</dimen>
    <dimen name="x178">184.59dp</dimen>
    <dimen name="x179">185.63dp</dimen>
    <dimen name="x180">186.67dp</dimen>
    <dimen name="x181">187.70dp</dimen>
    <dimen name="x182">188.74dp</dimen>
    <dimen name="x183">189.78dp</dimen>
    <dimen name="x184">190.81dp</dimen>
    <dimen name="x185">191.85dp</dimen>
    <dimen name="x186">192.89dp</dimen>
    <dimen name="x187">193.93dp</dimen>
    <dimen name="x188">194.96dp</dimen>
    <dimen name="x189">196.00dp</dimen>
    <dimen name="x190">197.04dp</dimen>
    <dimen name="x191">198.07dp</dimen>
    <dimen name="x192">199.11dp</dimen>
    <dimen name="x193">200.15dp</dimen>
    <dimen name="x194">201.19dp</dimen>
    <dimen name="x195">202.22dp</dimen>
    <dimen name="x196">203.26dp</dimen>
    <dimen name="x197">204.30dp</dimen>
    <dimen name="x198">205.33dp</dimen>
    <dimen name="x199">206.37dp</dimen>
    <dimen name="x200">207.41dp</dimen>
    <dimen name="x201">208.44dp</dimen>
    <dimen name="x202">209.48dp</dimen>
    <dimen name="x203">210.52dp</dimen>
    <dimen name="x204">211.56dp</dimen>
    <dimen name="x205">212.59dp</dimen>
    <dimen name="x206">213.63dp</dimen>
    <dimen name="x207">214.67dp</dimen>
    <dimen name="x208">215.70dp</dimen>
    <dimen name="x209">216.74dp</dimen>
    <dimen name="x210">217.78dp</dimen>
    <dimen name="x211">218.81dp</dimen>
    <dimen name="x212">219.85dp</dimen>
    <dimen name="x213">220.89dp</dimen>
    <dimen name="x214">221.93dp</dimen>
    <dimen name="x215">222.96dp</dimen>
    <dimen name="x216">224.00dp</dimen>
    <dimen name="x217">225.04dp</dimen>
    <dimen name="x218">226.07dp</dimen>
    <dimen name="x219">227.11dp</dimen>
    <dimen name="x220">228.15dp</dimen>
    <dimen name="x221">229.19dp</dimen>
    <dimen name="x222">230.22dp</dimen>
    <dimen name="x223">231.26dp</dimen>
    <dimen name="x224">232.30dp</dimen>
    <dimen name="x225">233.33dp</dimen>
    <dimen name="x226">234.37dp</dimen>
    <dimen name="x227">235.41dp</dimen>
    <dimen name="x228">236.44dp</dimen>
    <dimen name="x229">237.48dp</dimen>
    <dimen name="x230">238.52dp</dimen>
    <dimen name="x231">239.56dp</dimen>
    <dimen name="x232">240.59dp</dimen>
    <dimen name="x233">241.63dp</dimen>
    <dimen name="x234">242.67dp</dimen>
    <dimen name="x235">243.70dp</dimen>
    <dimen name="x236">244.74dp</dimen>
    <dimen name="x237">245.78dp</dimen>
    <dimen name="x238">246.81dp</dimen>
    <dimen name="x239">247.85dp</dimen>
    <dimen name="x240">248.89dp</dimen>
    <dimen name="x241">249.93dp</dimen>
    <dimen name="x242">250.96dp</dimen>
    <dimen name="x243">252.00dp</dimen>
    <dimen name="x244">253.04dp</dimen>
    <dimen name="x245">254.07dp</dimen>
    <dimen name="x246">255.11dp</dimen>
    <dimen name="x247">256.15dp</dimen>
    <dimen name="x248">257.19dp</dimen>
    <dimen name="x249">258.22dp</dimen>
    <dimen name="x250">259.26dp</dimen>
    <dimen name="x251">260.30dp</dimen>
    <dimen name="x252">261.33dp</dimen>
    <dimen name="x253">262.37dp</dimen>
    <dimen name="x254">263.41dp</dimen>
    <dimen name="x255">264.44dp</dimen>
    <dimen name="x256">265.48dp</dimen>
    <dimen name="x257">266.52dp</dimen>
    <dimen name="x258">267.56dp</dimen>
    <dimen name="x259">268.59dp</dimen>
    <dimen name="x260">269.63dp</dimen>
    <dimen name="x261">270.67dp</dimen>
    <dimen name="x262">271.70dp</dimen>
    <dimen name="x263">272.74dp</dimen>
    <dimen name="x264">273.78dp</dimen>
    <dimen name="x265">274.81dp</dimen>
    <dimen name="x266">275.85dp</dimen>
    <dimen name="x267">276.89dp</dimen>
    <dimen name="x268">277.93dp</dimen>
    <dimen name="x269">278.96dp</dimen>
    <dimen name="x270">280.00dp</dimen>
    <dimen name="x271">281.04dp</dimen>
    <dimen name="x272">282.07dp</dimen>
    <dimen name="x273">283.11dp</dimen>
    <dimen name="x274">284.15dp</dimen>
    <dimen name="x275">285.19dp</dimen>
    <dimen name="x276">286.22dp</dimen>
    <dimen name="x277">287.26dp</dimen>
    <dimen name="x278">288.30dp</dimen>
    <dimen name="x279">289.33dp</dimen>
    <dimen name="x280">290.37dp</dimen>
    <dimen name="x281">291.41dp</dimen>
    <dimen name="x282">292.44dp</dimen>
    <dimen name="x283">293.48dp</dimen>
    <dimen name="x284">294.52dp</dimen>
    <dimen name="x285">295.56dp</dimen>
    <dimen name="x286">296.59dp</dimen>
    <dimen name="x287">297.63dp</dimen>
    <dimen name="x288">298.67dp</dimen>
    <dimen name="x289">299.70dp</dimen>
    <dimen name="x290">300.74dp</dimen>
    <dimen name="x291">301.78dp</dimen>
    <dimen name="x292">302.81dp</dimen>
    <dimen name="x293">303.85dp</dimen>
    <dimen name="x294">304.89dp</dimen>
    <dimen name="x295">305.93dp</dimen>
    <dimen name="x296">306.96dp</dimen>
    <dimen name="x297">308.00dp</dimen>
    <dimen name="x298">309.04dp</dimen>
    <dimen name="x299">310.07dp</dimen>
    <dimen name="x300">311.11dp</dimen>
    <dimen name="x301">312.15dp</dimen>
    <dimen name="x302">313.19dp</dimen>
    <dimen name="x303">314.22dp</dimen>
    <dimen name="x304">315.26dp</dimen>
    <dimen name="x305">316.30dp</dimen>
    <dimen name="x306">317.33dp</dimen>
    <dimen name="x307">318.37dp</dimen>
    <dimen name="x308">319.41dp</dimen>
    <dimen name="x309">320.44dp</dimen>
    <dimen name="x310">321.48dp</dimen>
    <dimen name="x311">322.52dp</dimen>
    <dimen name="x312">323.56dp</dimen>
    <dimen name="x313">324.59dp</dimen>
    <dimen name="x314">325.63dp</dimen>
    <dimen name="x315">326.67dp</dimen>
    <dimen name="x316">327.70dp</dimen>
    <dimen name="x317">328.74dp</dimen>
    <dimen name="x318">329.78dp</dimen>
    <dimen name="x319">330.81dp</dimen>
    <dimen name="x320">331.85dp</dimen>
    <dimen name="x321">332.89dp</dimen>
    <dimen name="x322">333.93dp</dimen>
    <dimen name="x323">334.96dp</dimen>
    <dimen name="x324">336.00dp</dimen>
    <dimen name="x325">337.04dp</dimen>
    <dimen name="x326">338.07dp</dimen>
    <dimen name="x327">339.11dp</dimen>
    <dimen name="x328">340.15dp</dimen>
    <dimen name="x329">341.19dp</dimen>
    <dimen name="x330">342.22dp</dimen>
    <dimen name="x331">343.26dp</dimen>
    <dimen name="x332">344.30dp</dimen>
    <dimen name="x333">345.33dp</dimen>
    <dimen name="x334">346.37dp</dimen>
    <dimen name="x335">347.41dp</dimen>
    <dimen name="x336">348.44dp</dimen>
    <dimen name="x337">349.48dp</dimen>
    <dimen name="x338">350.52dp</dimen>
    <dimen name="x339">351.56dp</dimen>
    <dimen name="x340">352.59dp</dimen>
    <dimen name="x341">353.63dp</dimen>
    <dimen name="x342">354.67dp</dimen>
    <dimen name="x343">355.70dp</dimen>
    <dimen name="x344">356.74dp</dimen>
    <dimen name="x345">357.78dp</dimen>
    <dimen name="x346">358.81dp</dimen>
    <dimen name="x347">359.85dp</dimen>
    <dimen name="x348">360.89dp</dimen>
    <dimen name="x349">361.93dp</dimen>
    <dimen name="x350">362.96dp</dimen>
    <dimen name="x351">364.00dp</dimen>
    <dimen name="x352">365.04dp</dimen>
    <dimen name="x353">366.07dp</dimen>
    <dimen name="x354">367.11dp</dimen>
    <dimen name="x355">368.15dp</dimen>
    <dimen name="x356">369.19dp</dimen>
    <dimen name="x357">370.22dp</dimen>
    <dimen name="x358">371.26dp</dimen>
    <dimen name="x359">372.30dp</dimen>
    <dimen name="x360">373.33dp</dimen>
    <dimen name="x361">374.37dp</dimen>
    <dimen name="x362">375.41dp</dimen>
    <dimen name="x363">376.44dp</dimen>
    <dimen name="x364">377.48dp</dimen>
    <dimen name="x365">378.52dp</dimen>
    <dimen name="x366">379.56dp</dimen>
    <dimen name="x367">380.59dp</dimen>
    <dimen name="x368">381.63dp</dimen>
    <dimen name="x369">382.67dp</dimen>
    <dimen name="x370">383.70dp</dimen>
    <dimen name="x371">384.74dp</dimen>
    <dimen name="x372">385.78dp</dimen>
    <dimen name="x373">386.81dp</dimen>
    <dimen name="x374">387.85dp</dimen>
    <dimen name="x375">388.89dp</dimen>
    <dimen name="x376">389.93dp</dimen>
    <dimen name="x377">390.96dp</dimen>
    <dimen name="x378">392.00dp</dimen>
    <dimen name="x379">393.04dp</dimen>
    <dimen name="x380">394.07dp</dimen>
    <dimen name="x381">395.11dp</dimen>
    <dimen name="x382">396.15dp</dimen>
    <dimen name="x383">397.19dp</dimen>
    <dimen name="x384">398.22dp</dimen>
    <dimen name="x385">399.26dp</dimen>
    <dimen name="x386">400.30dp</dimen>
    <dimen name="x387">401.33dp</dimen>
    <dimen name="x388">402.37dp</dimen>
    <dimen name="x389">403.41dp</dimen>
    <dimen name="x390">404.44dp</dimen>
    <dimen name="x391">405.48dp</dimen>
    <dimen name="x392">406.52dp</dimen>
    <dimen name="x393">407.56dp</dimen>
    <dimen name="x394">408.59dp</dimen>
    <dimen name="x395">409.63dp</dimen>
    <dimen name="x396">410.67dp</dimen>
    <dimen name="x397">411.70dp</dimen>
    <dimen name="x398">412.74dp</dimen>
    <dimen name="x399">413.78dp</dimen>
    <dimen name="x400">414.81dp</dimen>
    <dimen name="x401">415.85dp</dimen>
    <dimen name="x402">416.89dp</dimen>
    <dimen name="x403">417.93dp</dimen>
    <dimen name="x404">418.96dp</dimen>
    <dimen name="x405">420.00dp</dimen>
    <dimen name="x406">421.04dp</dimen>
    <dimen name="x407">422.07dp</dimen>
    <dimen name="x408">423.11dp</dimen>
    <dimen name="x409">424.15dp</dimen>
    <dimen name="x410">425.19dp</dimen>
    <dimen name="x411">426.22dp</dimen>
    <dimen name="x412">427.26dp</dimen>
    <dimen name="x413">428.30dp</dimen>
    <dimen name="x414">429.33dp</dimen>
    <dimen name="x415">430.37dp</dimen>
    <dimen name="x416">431.41dp</dimen>
    <dimen name="x417">432.44dp</dimen>
    <dimen name="x418">433.48dp</dimen>
    <dimen name="x419">434.52dp</dimen>
    <dimen name="x420">435.56dp</dimen>
    <dimen name="x421">436.59dp</dimen>
    <dimen name="x422">437.63dp</dimen>
    <dimen name="x423">438.67dp</dimen>
    <dimen name="x424">439.70dp</dimen>
    <dimen name="x425">440.74dp</dimen>
    <dimen name="x426">441.78dp</dimen>
    <dimen name="x427">442.81dp</dimen>
    <dimen name="x428">443.85dp</dimen>
    <dimen name="x429">444.89dp</dimen>
    <dimen name="x430">445.93dp</dimen>
    <dimen name="x431">446.96dp</dimen>
    <dimen name="x432">448.00dp</dimen>
    <dimen name="x433">449.04dp</dimen>
    <dimen name="x434">450.07dp</dimen>
    <dimen name="x435">451.11dp</dimen>
    <dimen name="x436">452.15dp</dimen>
    <dimen name="x437">453.19dp</dimen>
    <dimen name="x438">454.22dp</dimen>
    <dimen name="x439">455.26dp</dimen>
    <dimen name="x440">456.30dp</dimen>
    <dimen name="x441">457.33dp</dimen>
    <dimen name="x442">458.37dp</dimen>
    <dimen name="x443">459.41dp</dimen>
    <dimen name="x444">460.44dp</dimen>
    <dimen name="x445">461.48dp</dimen>
    <dimen name="x446">462.52dp</dimen>
    <dimen name="x447">463.56dp</dimen>
    <dimen name="x448">464.59dp</dimen>
    <dimen name="x449">465.63dp</dimen>
    <dimen name="x450">466.67dp</dimen>
    <dimen name="x451">467.70dp</dimen>
    <dimen name="x452">468.74dp</dimen>
    <dimen name="x453">469.78dp</dimen>
    <dimen name="x454">470.81dp</dimen>
    <dimen name="x455">471.85dp</dimen>
    <dimen name="x456">472.89dp</dimen>
    <dimen name="x457">473.93dp</dimen>
    <dimen name="x458">474.96dp</dimen>
    <dimen name="x459">476.00dp</dimen>
    <dimen name="x460">477.04dp</dimen>
    <dimen name="x461">478.07dp</dimen>
    <dimen name="x462">479.11dp</dimen>
    <dimen name="x463">480.15dp</dimen>
    <dimen name="x464">481.19dp</dimen>
    <dimen name="x465">482.22dp</dimen>
    <dimen name="x466">483.26dp</dimen>
    <dimen name="x467">484.30dp</dimen>
    <dimen name="x468">485.33dp</dimen>
    <dimen name="x469">486.37dp</dimen>
    <dimen name="x470">487.41dp</dimen>
    <dimen name="x471">488.44dp</dimen>
    <dimen name="x472">489.48dp</dimen>
    <dimen name="x473">490.52dp</dimen>
    <dimen name="x474">491.56dp</dimen>
    <dimen name="x475">492.59dp</dimen>
    <dimen name="x476">493.63dp</dimen>
    <dimen name="x477">494.67dp</dimen>
    <dimen name="x478">495.70dp</dimen>
    <dimen name="x479">496.74dp</dimen>
    <dimen name="x480">497.78dp</dimen>
    <dimen name="x481">498.81dp</dimen>
    <dimen name="x482">499.85dp</dimen>
    <dimen name="x483">500.89dp</dimen>
    <dimen name="x484">501.93dp</dimen>
    <dimen name="x485">502.96dp</dimen>
    <dimen name="x486">504.00dp</dimen>
    <dimen name="x487">505.04dp</dimen>
    <dimen name="x488">506.07dp</dimen>
    <dimen name="x489">507.11dp</dimen>
    <dimen name="x490">508.15dp</dimen>
    <dimen name="x491">509.19dp</dimen>
    <dimen name="x492">510.22dp</dimen>
    <dimen name="x493">511.26dp</dimen>
    <dimen name="x494">512.30dp</dimen>
    <dimen name="x495">513.33dp</dimen>
    <dimen name="x496">514.37dp</dimen>
    <dimen name="x497">515.41dp</dimen>
    <dimen name="x498">516.44dp</dimen>
    <dimen name="x499">517.48dp</dimen>
    <dimen name="x500">518.52dp</dimen>
    <dimen name="x501">519.56dp</dimen>
    <dimen name="x502">520.59dp</dimen>
    <dimen name="x503">521.63dp</dimen>
    <dimen name="x504">522.67dp</dimen>
    <dimen name="x505">523.70dp</dimen>
    <dimen name="x506">524.74dp</dimen>
    <dimen name="x507">525.78dp</dimen>
    <dimen name="x508">526.81dp</dimen>
    <dimen name="x509">527.85dp</dimen>
    <dimen name="x510">528.89dp</dimen>
    <dimen name="x511">529.93dp</dimen>
    <dimen name="x512">530.96dp</dimen>
    <dimen name="x513">532.00dp</dimen>
    <dimen name="x514">533.04dp</dimen>
    <dimen name="x515">534.07dp</dimen>
    <dimen name="x516">535.11dp</dimen>
    <dimen name="x517">536.15dp</dimen>
    <dimen name="x518">537.19dp</dimen>
    <dimen name="x519">538.22dp</dimen>
    <dimen name="x520">539.26dp</dimen>
    <dimen name="x521">540.30dp</dimen>
    <dimen name="x522">541.33dp</dimen>
    <dimen name="x523">542.37dp</dimen>
    <dimen name="x524">543.41dp</dimen>
    <dimen name="x525">544.44dp</dimen>
    <dimen name="x526">545.48dp</dimen>
    <dimen name="x527">546.52dp</dimen>
    <dimen name="x528">547.56dp</dimen>
    <dimen name="x529">548.59dp</dimen>
    <dimen name="x530">549.63dp</dimen>
    <dimen name="x531">550.67dp</dimen>
    <dimen name="x532">551.70dp</dimen>
    <dimen name="x533">552.74dp</dimen>
    <dimen name="x534">553.78dp</dimen>
    <dimen name="x535">554.81dp</dimen>
    <dimen name="x536">555.85dp</dimen>
    <dimen name="x537">556.89dp</dimen>
    <dimen name="x538">557.93dp</dimen>
    <dimen name="x539">558.96dp</dimen>
    <dimen name="x540">560.00dp</dimen>
    <dimen name="x541">561.04dp</dimen>
    <dimen name="x542">562.07dp</dimen>
    <dimen name="x543">563.11dp</dimen>
    <dimen name="x544">564.15dp</dimen>
    <dimen name="x545">565.19dp</dimen>
    <dimen name="x546">566.22dp</dimen>
    <dimen name="x547">567.26dp</dimen>
    <dimen name="x548">568.30dp</dimen>
    <dimen name="x549">569.33dp</dimen>
    <dimen name="x550">570.37dp</dimen>
    <dimen name="x551">571.41dp</dimen>
    <dimen name="x552">572.44dp</dimen>
    <dimen name="x553">573.48dp</dimen>
    <dimen name="x554">574.52dp</dimen>
    <dimen name="x555">575.56dp</dimen>
    <dimen name="x556">576.59dp</dimen>
    <dimen name="x557">577.63dp</dimen>
    <dimen name="x558">578.67dp</dimen>
    <dimen name="x559">579.70dp</dimen>
    <dimen name="x560">580.74dp</dimen>
    <dimen name="x561">581.78dp</dimen>
    <dimen name="x562">582.81dp</dimen>
    <dimen name="x563">583.85dp</dimen>
    <dimen name="x564">584.89dp</dimen>
    <dimen name="x565">585.93dp</dimen>
    <dimen name="x566">586.96dp</dimen>
    <dimen name="x567">588.00dp</dimen>
    <dimen name="x568">589.04dp</dimen>
    <dimen name="x569">590.07dp</dimen>
    <dimen name="x570">591.11dp</dimen>
    <dimen name="x571">592.15dp</dimen>
    <dimen name="x572">593.19dp</dimen>
    <dimen name="x573">594.22dp</dimen>
    <dimen name="x574">595.26dp</dimen>
    <dimen name="x575">596.30dp</dimen>
    <dimen name="x576">597.33dp</dimen>
    <dimen name="x577">598.37dp</dimen>
    <dimen name="x578">599.41dp</dimen>
    <dimen name="x579">600.44dp</dimen>
    <dimen name="x580">601.48dp</dimen>
    <dimen name="x581">602.52dp</dimen>
    <dimen name="x582">603.56dp</dimen>
    <dimen name="x583">604.59dp</dimen>
    <dimen name="x584">605.63dp</dimen>
    <dimen name="x585">606.67dp</dimen>
    <dimen name="x586">607.70dp</dimen>
    <dimen name="x587">608.74dp</dimen>
    <dimen name="x588">609.78dp</dimen>
    <dimen name="x589">610.81dp</dimen>
    <dimen name="x590">611.85dp</dimen>
    <dimen name="x591">612.89dp</dimen>
    <dimen name="x592">613.93dp</dimen>
    <dimen name="x593">614.96dp</dimen>
    <dimen name="x594">616.00dp</dimen>
    <dimen name="x595">617.04dp</dimen>
    <dimen name="x596">618.07dp</dimen>
    <dimen name="x597">619.11dp</dimen>
    <dimen name="x598">620.15dp</dimen>
    <dimen name="x599">621.19dp</dimen>
    <dimen name="x600">622.22dp</dimen>
    <dimen name="x601">623.26dp</dimen>
    <dimen name="x602">624.30dp</dimen>
    <dimen name="x603">625.33dp</dimen>
    <dimen name="x604">626.37dp</dimen>
    <dimen name="x605">627.41dp</dimen>
    <dimen name="x606">628.44dp</dimen>
    <dimen name="x607">629.48dp</dimen>
    <dimen name="x608">630.52dp</dimen>
    <dimen name="x609">631.56dp</dimen>
    <dimen name="x610">632.59dp</dimen>
    <dimen name="x611">633.63dp</dimen>
    <dimen name="x612">634.67dp</dimen>
    <dimen name="x613">635.70dp</dimen>
    <dimen name="x614">636.74dp</dimen>
    <dimen name="x615">637.78dp</dimen>
    <dimen name="x616">638.81dp</dimen>
    <dimen name="x617">639.85dp</dimen>
    <dimen name="x618">640.89dp</dimen>
    <dimen name="x619">641.93dp</dimen>
    <dimen name="x620">642.96dp</dimen>
    <dimen name="x621">644.00dp</dimen>
    <dimen name="x622">645.04dp</dimen>
    <dimen name="x623">646.07dp</dimen>
    <dimen name="x624">647.11dp</dimen>
    <dimen name="x625">648.15dp</dimen>
    <dimen name="x626">649.19dp</dimen>
    <dimen name="x627">650.22dp</dimen>
    <dimen name="x628">651.26dp</dimen>
    <dimen name="x629">652.30dp</dimen>
    <dimen name="x630">653.33dp</dimen>
    <dimen name="x631">654.37dp</dimen>
    <dimen name="x632">655.41dp</dimen>
    <dimen name="x633">656.44dp</dimen>
    <dimen name="x634">657.48dp</dimen>
    <dimen name="x635">658.52dp</dimen>
    <dimen name="x636">659.56dp</dimen>
    <dimen name="x637">660.59dp</dimen>
    <dimen name="x638">661.63dp</dimen>
    <dimen name="x639">662.67dp</dimen>
    <dimen name="x640">663.70dp</dimen>
    <dimen name="x641">664.74dp</dimen>
    <dimen name="x642">665.78dp</dimen>
    <dimen name="x643">666.81dp</dimen>
    <dimen name="x644">667.85dp</dimen>
    <dimen name="x645">668.89dp</dimen>
    <dimen name="x646">669.93dp</dimen>
    <dimen name="x647">670.96dp</dimen>
    <dimen name="x648">672.00dp</dimen>
    <dimen name="x649">673.04dp</dimen>
    <dimen name="x650">674.07dp</dimen>
    <dimen name="x651">675.11dp</dimen>
    <dimen name="x652">676.15dp</dimen>
    <dimen name="x653">677.19dp</dimen>
    <dimen name="x654">678.22dp</dimen>
    <dimen name="x655">679.26dp</dimen>
    <dimen name="x656">680.30dp</dimen>
    <dimen name="x657">681.33dp</dimen>
    <dimen name="x658">682.37dp</dimen>
    <dimen name="x659">683.41dp</dimen>
    <dimen name="x660">684.44dp</dimen>
    <dimen name="x661">685.48dp</dimen>
    <dimen name="x662">686.52dp</dimen>
    <dimen name="x663">687.56dp</dimen>
    <dimen name="x664">688.59dp</dimen>
    <dimen name="x665">689.63dp</dimen>
    <dimen name="x666">690.67dp</dimen>
    <dimen name="x667">691.70dp</dimen>
    <dimen name="x668">692.74dp</dimen>
    <dimen name="x669">693.78dp</dimen>
    <dimen name="x670">694.81dp</dimen>
    <dimen name="x671">695.85dp</dimen>
    <dimen name="x672">696.89dp</dimen>
    <dimen name="x673">697.93dp</dimen>
    <dimen name="x674">698.96dp</dimen>
    <dimen name="x675">700.00dp</dimen>
    <dimen name="x676">701.04dp</dimen>
    <dimen name="x677">702.07dp</dimen>
    <dimen name="x678">703.11dp</dimen>
    <dimen name="x679">704.15dp</dimen>
    <dimen name="x680">705.19dp</dimen>
    <dimen name="x681">706.22dp</dimen>
    <dimen name="x682">707.26dp</dimen>
    <dimen name="x683">708.30dp</dimen>
    <dimen name="x684">709.33dp</dimen>
    <dimen name="x685">710.37dp</dimen>
    <dimen name="x686">711.41dp</dimen>
    <dimen name="x687">712.44dp</dimen>
    <dimen name="x688">713.48dp</dimen>
    <dimen name="x689">714.52dp</dimen>
    <dimen name="x690">715.56dp</dimen>
    <dimen name="x691">716.59dp</dimen>
    <dimen name="x692">717.63dp</dimen>
    <dimen name="x693">718.67dp</dimen>
    <dimen name="x694">719.70dp</dimen>
    <dimen name="x695">720.74dp</dimen>
    <dimen name="x696">721.78dp</dimen>
    <dimen name="x697">722.81dp</dimen>
    <dimen name="x698">723.85dp</dimen>
    <dimen name="x699">724.89dp</dimen>
    <dimen name="x700">725.93dp</dimen>
    <dimen name="x701">726.96dp</dimen>
    <dimen name="x702">728.00dp</dimen>
    <dimen name="x703">729.04dp</dimen>
    <dimen name="x704">730.07dp</dimen>
    <dimen name="x705">731.11dp</dimen>
    <dimen name="x706">732.15dp</dimen>
    <dimen name="x707">733.19dp</dimen>
    <dimen name="x708">734.22dp</dimen>
    <dimen name="x709">735.26dp</dimen>
    <dimen name="x710">736.30dp</dimen>
    <dimen name="x711">737.33dp</dimen>
    <dimen name="x712">738.37dp</dimen>
    <dimen name="x713">739.41dp</dimen>
    <dimen name="x714">740.44dp</dimen>
    <dimen name="x715">741.48dp</dimen>
    <dimen name="x716">742.52dp</dimen>
    <dimen name="x717">743.56dp</dimen>
    <dimen name="x718">744.59dp</dimen>
    <dimen name="x719">745.63dp</dimen>
    <dimen name="x720">746.67dp</dimen>
    <dimen name="x721">747.70dp</dimen>
    <dimen name="x722">748.74dp</dimen>
    <dimen name="x723">749.78dp</dimen>
    <dimen name="x724">750.81dp</dimen>
    <dimen name="x725">751.85dp</dimen>
    <dimen name="x726">752.89dp</dimen>
    <dimen name="x727">753.93dp</dimen>
    <dimen name="x728">754.96dp</dimen>
    <dimen name="x729">756.00dp</dimen>
    <dimen name="x730">757.04dp</dimen>
    <dimen name="x731">758.07dp</dimen>
    <dimen name="x732">759.11dp</dimen>
    <dimen name="x733">760.15dp</dimen>
    <dimen name="x734">761.19dp</dimen>
    <dimen name="x735">762.22dp</dimen>
    <dimen name="x736">763.26dp</dimen>
    <dimen name="x737">764.30dp</dimen>
    <dimen name="x738">765.33dp</dimen>
    <dimen name="x739">766.37dp</dimen>
    <dimen name="x740">767.41dp</dimen>
    <dimen name="x741">768.44dp</dimen>
    <dimen name="x742">769.48dp</dimen>
    <dimen name="x743">770.52dp</dimen>
    <dimen name="x744">771.56dp</dimen>
    <dimen name="x745">772.59dp</dimen>
    <dimen name="x746">773.63dp</dimen>
    <dimen name="x747">774.67dp</dimen>
    <dimen name="x748">775.70dp</dimen>
    <dimen name="x749">776.74dp</dimen>
    <dimen name="x750">777.78dp</dimen>
    <dimen name="x751">778.81dp</dimen>
    <dimen name="x752">779.85dp</dimen>
    <dimen name="x753">780.89dp</dimen>
    <dimen name="x754">781.93dp</dimen>
    <dimen name="x755">782.96dp</dimen>
    <dimen name="x756">784.00dp</dimen>
    <dimen name="x757">785.04dp</dimen>
    <dimen name="x758">786.07dp</dimen>
    <dimen name="x759">787.11dp</dimen>
    <dimen name="x760">788.15dp</dimen>
    <dimen name="x761">789.19dp</dimen>
    <dimen name="x762">790.22dp</dimen>
    <dimen name="x763">791.26dp</dimen>
    <dimen name="x764">792.30dp</dimen>
    <dimen name="x765">793.33dp</dimen>
    <dimen name="x766">794.37dp</dimen>
    <dimen name="x767">795.41dp</dimen>
    <dimen name="x768">796.44dp</dimen>
    <dimen name="x769">797.48dp</dimen>
    <dimen name="x770">798.52dp</dimen>
    <dimen name="x771">799.56dp</dimen>
    <dimen name="x772">800.59dp</dimen>
    <dimen name="x773">801.63dp</dimen>
    <dimen name="x774">802.67dp</dimen>
    <dimen name="x775">803.70dp</dimen>
    <dimen name="x776">804.74dp</dimen>
    <dimen name="x777">805.78dp</dimen>
    <dimen name="x778">806.81dp</dimen>
    <dimen name="x779">807.85dp</dimen>
    <dimen name="x780">808.89dp</dimen>
    <dimen name="x781">809.93dp</dimen>
    <dimen name="x782">810.96dp</dimen>
    <dimen name="x783">812.00dp</dimen>
    <dimen name="x784">813.04dp</dimen>
    <dimen name="x785">814.07dp</dimen>
    <dimen name="x786">815.11dp</dimen>
    <dimen name="x787">816.15dp</dimen>
    <dimen name="x788">817.19dp</dimen>
    <dimen name="x789">818.22dp</dimen>
    <dimen name="x790">819.26dp</dimen>
    <dimen name="x791">820.30dp</dimen>
    <dimen name="x792">821.33dp</dimen>
    <dimen name="x793">822.37dp</dimen>
    <dimen name="x794">823.41dp</dimen>
    <dimen name="x795">824.44dp</dimen>
    <dimen name="x796">825.48dp</dimen>
    <dimen name="x797">826.52dp</dimen>
    <dimen name="x798">827.56dp</dimen>
    <dimen name="x799">828.59dp</dimen>
    <dimen name="x800">829.63dp</dimen>
    <dimen name="x801">830.67dp</dimen>
    <dimen name="x802">831.70dp</dimen>
    <dimen name="x803">832.74dp</dimen>
    <dimen name="x804">833.78dp</dimen>
    <dimen name="x805">834.81dp</dimen>
    <dimen name="x806">835.85dp</dimen>
    <dimen name="x807">836.89dp</dimen>
    <dimen name="x808">837.93dp</dimen>
    <dimen name="x809">838.96dp</dimen>
    <dimen name="x810">840.00dp</dimen>
    <dimen name="x811">841.04dp</dimen>
    <dimen name="x812">842.07dp</dimen>
    <dimen name="x813">843.11dp</dimen>
    <dimen name="x814">844.15dp</dimen>
    <dimen name="x815">845.19dp</dimen>
    <dimen name="x816">846.22dp</dimen>
    <dimen name="x817">847.26dp</dimen>
    <dimen name="x818">848.30dp</dimen>
    <dimen name="x819">849.33dp</dimen>
    <dimen name="x820">850.37dp</dimen>
    <dimen name="x821">851.41dp</dimen>
    <dimen name="x822">852.44dp</dimen>
    <dimen name="x823">853.48dp</dimen>
    <dimen name="x824">854.52dp</dimen>
    <dimen name="x825">855.56dp</dimen>
    <dimen name="x826">856.59dp</dimen>
    <dimen name="x827">857.63dp</dimen>
    <dimen name="x828">858.67dp</dimen>
    <dimen name="x829">859.70dp</dimen>
    <dimen name="x830">860.74dp</dimen>
    <dimen name="x831">861.78dp</dimen>
    <dimen name="x832">862.81dp</dimen>
    <dimen name="x833">863.85dp</dimen>
    <dimen name="x834">864.89dp</dimen>
    <dimen name="x835">865.93dp</dimen>
    <dimen name="x836">866.96dp</dimen>
    <dimen name="x837">868.00dp</dimen>
    <dimen name="x838">869.04dp</dimen>
    <dimen name="x839">870.07dp</dimen>
    <dimen name="x840">871.11dp</dimen>
    <dimen name="x841">872.15dp</dimen>
    <dimen name="x842">873.19dp</dimen>
    <dimen name="x843">874.22dp</dimen>
    <dimen name="x844">875.26dp</dimen>
    <dimen name="x845">876.30dp</dimen>
    <dimen name="x846">877.33dp</dimen>
    <dimen name="x847">878.37dp</dimen>
    <dimen name="x848">879.41dp</dimen>
    <dimen name="x849">880.44dp</dimen>
    <dimen name="x850">881.48dp</dimen>
    <dimen name="x851">882.52dp</dimen>
    <dimen name="x852">883.56dp</dimen>
    <dimen name="x853">884.59dp</dimen>
    <dimen name="x854">885.63dp</dimen>
    <dimen name="x855">886.67dp</dimen>
    <dimen name="x856">887.70dp</dimen>
    <dimen name="x857">888.74dp</dimen>
    <dimen name="x858">889.78dp</dimen>
    <dimen name="x859">890.81dp</dimen>
    <dimen name="x860">891.85dp</dimen>
    <dimen name="x861">892.89dp</dimen>
    <dimen name="x862">893.93dp</dimen>
    <dimen name="x863">894.96dp</dimen>
    <dimen name="x864">896.00dp</dimen>
    <dimen name="x865">897.04dp</dimen>
    <dimen name="x866">898.07dp</dimen>
    <dimen name="x867">899.11dp</dimen>
    <dimen name="x868">900.15dp</dimen>
    <dimen name="x869">901.19dp</dimen>
    <dimen name="x870">902.22dp</dimen>
    <dimen name="x871">903.26dp</dimen>
    <dimen name="x872">904.30dp</dimen>
    <dimen name="x873">905.33dp</dimen>
    <dimen name="x874">906.37dp</dimen>
    <dimen name="x875">907.41dp</dimen>
    <dimen name="x876">908.44dp</dimen>
    <dimen name="x877">909.48dp</dimen>
    <dimen name="x878">910.52dp</dimen>
    <dimen name="x879">911.56dp</dimen>
    <dimen name="x880">912.59dp</dimen>
    <dimen name="x881">913.63dp</dimen>
    <dimen name="x882">914.67dp</dimen>
    <dimen name="x883">915.70dp</dimen>
    <dimen name="x884">916.74dp</dimen>
    <dimen name="x885">917.78dp</dimen>
    <dimen name="x886">918.81dp</dimen>
    <dimen name="x887">919.85dp</dimen>
    <dimen name="x888">920.89dp</dimen>
    <dimen name="x889">921.93dp</dimen>
    <dimen name="x890">922.96dp</dimen>
    <dimen name="x891">924.00dp</dimen>
    <dimen name="x892">925.04dp</dimen>
    <dimen name="x893">926.07dp</dimen>
    <dimen name="x894">927.11dp</dimen>
    <dimen name="x895">928.15dp</dimen>
    <dimen name="x896">929.19dp</dimen>
    <dimen name="x897">930.22dp</dimen>
    <dimen name="x898">931.26dp</dimen>
    <dimen name="x899">932.30dp</dimen>
    <dimen name="x900">933.33dp</dimen>
    <dimen name="x901">934.37dp</dimen>
    <dimen name="x902">935.41dp</dimen>
    <dimen name="x903">936.44dp</dimen>
    <dimen name="x904">937.48dp</dimen>
    <dimen name="x905">938.52dp</dimen>
    <dimen name="x906">939.56dp</dimen>
    <dimen name="x907">940.59dp</dimen>
    <dimen name="x908">941.63dp</dimen>
    <dimen name="x909">942.67dp</dimen>
    <dimen name="x910">943.70dp</dimen>
    <dimen name="x911">944.74dp</dimen>
    <dimen name="x912">945.78dp</dimen>
    <dimen name="x913">946.81dp</dimen>
    <dimen name="x914">947.85dp</dimen>
    <dimen name="x915">948.89dp</dimen>
    <dimen name="x916">949.93dp</dimen>
    <dimen name="x917">950.96dp</dimen>
    <dimen name="x918">952.00dp</dimen>
    <dimen name="x919">953.04dp</dimen>
    <dimen name="x920">954.07dp</dimen>
    <dimen name="x921">955.11dp</dimen>
    <dimen name="x922">956.15dp</dimen>
    <dimen name="x923">957.19dp</dimen>
    <dimen name="x924">958.22dp</dimen>
    <dimen name="x925">959.26dp</dimen>
    <dimen name="x926">960.30dp</dimen>
    <dimen name="x927">961.33dp</dimen>
    <dimen name="x928">962.37dp</dimen>
    <dimen name="x929">963.41dp</dimen>
    <dimen name="x930">964.44dp</dimen>
    <dimen name="x931">965.48dp</dimen>
    <dimen name="x932">966.52dp</dimen>
    <dimen name="x933">967.56dp</dimen>
    <dimen name="x934">968.59dp</dimen>
    <dimen name="x935">969.63dp</dimen>
    <dimen name="x936">970.67dp</dimen>
    <dimen name="x937">971.70dp</dimen>
    <dimen name="x938">972.74dp</dimen>
    <dimen name="x939">973.78dp</dimen>
    <dimen name="x940">974.81dp</dimen>
    <dimen name="x941">975.85dp</dimen>
    <dimen name="x942">976.89dp</dimen>
    <dimen name="x943">977.93dp</dimen>
    <dimen name="x944">978.96dp</dimen>
    <dimen name="x945">980.00dp</dimen>
    <dimen name="x946">981.04dp</dimen>
    <dimen name="x947">982.07dp</dimen>
    <dimen name="x948">983.11dp</dimen>
    <dimen name="x949">984.15dp</dimen>
    <dimen name="x950">985.19dp</dimen>
    <dimen name="x951">986.22dp</dimen>
    <dimen name="x952">987.26dp</dimen>
    <dimen name="x953">988.30dp</dimen>
    <dimen name="x954">989.33dp</dimen>
    <dimen name="x955">990.37dp</dimen>
    <dimen name="x956">991.41dp</dimen>
    <dimen name="x957">992.44dp</dimen>
    <dimen name="x958">993.48dp</dimen>
    <dimen name="x959">994.52dp</dimen>
    <dimen name="x960">995.56dp</dimen>
    <dimen name="x961">996.59dp</dimen>
    <dimen name="x962">997.63dp</dimen>
    <dimen name="x963">998.67dp</dimen>
    <dimen name="x964">999.70dp</dimen>
    <dimen name="x965">1000.74dp</dimen>
    <dimen name="x966">1001.78dp</dimen>
    <dimen name="x967">1002.81dp</dimen>
    <dimen name="x968">1003.85dp</dimen>
    <dimen name="x969">1004.89dp</dimen>
    <dimen name="x970">1005.93dp</dimen>
    <dimen name="x971">1006.96dp</dimen>
    <dimen name="x972">1008.00dp</dimen>
    <dimen name="x973">1009.04dp</dimen>
    <dimen name="x974">1010.07dp</dimen>
    <dimen name="x975">1011.11dp</dimen>
    <dimen name="x976">1012.15dp</dimen>
    <dimen name="x977">1013.19dp</dimen>
    <dimen name="x978">1014.22dp</dimen>
    <dimen name="x979">1015.26dp</dimen>
    <dimen name="x980">1016.30dp</dimen>
    <dimen name="x981">1017.33dp</dimen>
    <dimen name="x982">1018.37dp</dimen>
    <dimen name="x983">1019.41dp</dimen>
    <dimen name="x984">1020.44dp</dimen>
    <dimen name="x985">1021.48dp</dimen>
    <dimen name="x986">1022.52dp</dimen>
    <dimen name="x987">1023.56dp</dimen>
    <dimen name="x988">1024.59dp</dimen>
    <dimen name="x989">1025.63dp</dimen>
    <dimen name="x990">1026.67dp</dimen>
    <dimen name="x991">1027.70dp</dimen>
    <dimen name="x992">1028.74dp</dimen>
    <dimen name="x993">1029.78dp</dimen>
    <dimen name="x994">1030.81dp</dimen>
    <dimen name="x995">1031.85dp</dimen>
    <dimen name="x996">1032.89dp</dimen>
    <dimen name="x997">1033.93dp</dimen>
    <dimen name="x998">1034.96dp</dimen>
    <dimen name="x999">1036.00dp</dimen>
    <dimen name="x1000">1037.04dp</dimen>
    <dimen name="x1001">1038.07dp</dimen>
    <dimen name="x1002">1039.11dp</dimen>
    <dimen name="x1003">1040.15dp</dimen>
    <dimen name="x1004">1041.19dp</dimen>
    <dimen name="x1005">1042.22dp</dimen>
    <dimen name="x1006">1043.26dp</dimen>
    <dimen name="x1007">1044.30dp</dimen>
    <dimen name="x1008">1045.33dp</dimen>
    <dimen name="x1009">1046.37dp</dimen>
    <dimen name="x1010">1047.41dp</dimen>
    <dimen name="x1011">1048.44dp</dimen>
    <dimen name="x1012">1049.48dp</dimen>
    <dimen name="x1013">1050.52dp</dimen>
    <dimen name="x1014">1051.56dp</dimen>
    <dimen name="x1015">1052.59dp</dimen>
    <dimen name="x1016">1053.63dp</dimen>
    <dimen name="x1017">1054.67dp</dimen>
    <dimen name="x1018">1055.70dp</dimen>
    <dimen name="x1019">1056.74dp</dimen>
    <dimen name="x1020">1057.78dp</dimen>
    <dimen name="x1021">1058.81dp</dimen>
    <dimen name="x1022">1059.85dp</dimen>
    <dimen name="x1023">1060.89dp</dimen>
    <dimen name="x1024">1061.93dp</dimen>
    <dimen name="x1025">1062.96dp</dimen>
    <dimen name="x1026">1064.00dp</dimen>
    <dimen name="x1027">1065.04dp</dimen>
    <dimen name="x1028">1066.07dp</dimen>
    <dimen name="x1029">1067.11dp</dimen>
    <dimen name="x1030">1068.15dp</dimen>
    <dimen name="x1031">1069.19dp</dimen>
    <dimen name="x1032">1070.22dp</dimen>
    <dimen name="x1033">1071.26dp</dimen>
    <dimen name="x1034">1072.30dp</dimen>
    <dimen name="x1035">1073.33dp</dimen>
    <dimen name="x1036">1074.37dp</dimen>
    <dimen name="x1037">1075.41dp</dimen>
    <dimen name="x1038">1076.44dp</dimen>
    <dimen name="x1039">1077.48dp</dimen>
    <dimen name="x1040">1078.52dp</dimen>
    <dimen name="x1041">1079.56dp</dimen>
    <dimen name="x1042">1080.59dp</dimen>
    <dimen name="x1043">1081.63dp</dimen>
    <dimen name="x1044">1082.67dp</dimen>
    <dimen name="x1045">1083.70dp</dimen>
    <dimen name="x1046">1084.74dp</dimen>
    <dimen name="x1047">1085.78dp</dimen>
    <dimen name="x1048">1086.81dp</dimen>
    <dimen name="x1049">1087.85dp</dimen>
    <dimen name="x1050">1088.89dp</dimen>
    <dimen name="x1051">1089.93dp</dimen>
    <dimen name="x1052">1090.96dp</dimen>
    <dimen name="x1053">1092.00dp</dimen>
    <dimen name="x1054">1093.04dp</dimen>
    <dimen name="x1055">1094.07dp</dimen>
    <dimen name="x1056">1095.11dp</dimen>
    <dimen name="x1057">1096.15dp</dimen>
    <dimen name="x1058">1097.19dp</dimen>
    <dimen name="x1059">1098.22dp</dimen>
    <dimen name="x1060">1099.26dp</dimen>
    <dimen name="x1061">1100.30dp</dimen>
    <dimen name="x1062">1101.33dp</dimen>
    <dimen name="x1063">1102.37dp</dimen>
    <dimen name="x1064">1103.41dp</dimen>
    <dimen name="x1065">1104.44dp</dimen>
    <dimen name="x1066">1105.48dp</dimen>
    <dimen name="x1067">1106.52dp</dimen>
    <dimen name="x1068">1107.56dp</dimen>
    <dimen name="x1069">1108.59dp</dimen>
    <dimen name="x1070">1109.63dp</dimen>
    <dimen name="x1071">1110.67dp</dimen>
    <dimen name="x1072">1111.70dp</dimen>
    <dimen name="x1073">1112.74dp</dimen>
    <dimen name="x1074">1113.78dp</dimen>
    <dimen name="x1075">1114.81dp</dimen>
    <dimen name="x1076">1115.85dp</dimen>
    <dimen name="x1077">1116.89dp</dimen>
    <dimen name="x1078">1117.93dp</dimen>
    <dimen name="x1079">1118.96dp</dimen>
    <dimen name="x1080">1120.00dp</dimen>
</resources>