<?xml version="1.0" encoding="utf-8"?>
<resources>
    <string name="sw_dp">1460dp</string>
    <dimen name="x1">1.35dp</dimen>
    <dimen name="x2">2.70dp</dimen>
    <dimen name="x3">4.06dp</dimen>
    <dimen name="x4">5.41dp</dimen>
    <dimen name="x5">6.76dp</dimen>
    <dimen name="x6">8.11dp</dimen>
    <dimen name="x7">9.46dp</dimen>
    <dimen name="x8">10.81dp</dimen>
    <dimen name="x9">12.17dp</dimen>
    <dimen name="x10">13.52dp</dimen>
    <dimen name="x11">14.87dp</dimen>
    <dimen name="x12">16.22dp</dimen>
    <dimen name="x13">17.57dp</dimen>
    <dimen name="x14">18.93dp</dimen>
    <dimen name="x15">20.28dp</dimen>
    <dimen name="x16">21.63dp</dimen>
    <dimen name="x17">22.98dp</dimen>
    <dimen name="x18">24.33dp</dimen>
    <dimen name="x19">25.69dp</dimen>
    <dimen name="x20">27.04dp</dimen>
    <dimen name="x21">28.39dp</dimen>
    <dimen name="x22">29.74dp</dimen>
    <dimen name="x23">31.09dp</dimen>
    <dimen name="x24">32.44dp</dimen>
    <dimen name="x25">33.80dp</dimen>
    <dimen name="x26">35.15dp</dimen>
    <dimen name="x27">36.50dp</dimen>
    <dimen name="x28">37.85dp</dimen>
    <dimen name="x29">39.20dp</dimen>
    <dimen name="x30">40.56dp</dimen>
    <dimen name="x31">41.91dp</dimen>
    <dimen name="x32">43.26dp</dimen>
    <dimen name="x33">44.61dp</dimen>
    <dimen name="x34">45.96dp</dimen>
    <dimen name="x35">47.31dp</dimen>
    <dimen name="x36">48.67dp</dimen>
    <dimen name="x37">50.02dp</dimen>
    <dimen name="x38">51.37dp</dimen>
    <dimen name="x39">52.72dp</dimen>
    <dimen name="x40">54.07dp</dimen>
    <dimen name="x41">55.43dp</dimen>
    <dimen name="x42">56.78dp</dimen>
    <dimen name="x43">58.13dp</dimen>
    <dimen name="x44">59.48dp</dimen>
    <dimen name="x45">60.83dp</dimen>
    <dimen name="x46">62.19dp</dimen>
    <dimen name="x47">63.54dp</dimen>
    <dimen name="x48">64.89dp</dimen>
    <dimen name="x49">66.24dp</dimen>
    <dimen name="x50">67.59dp</dimen>
    <dimen name="x51">68.94dp</dimen>
    <dimen name="x52">70.30dp</dimen>
    <dimen name="x53">71.65dp</dimen>
    <dimen name="x54">73.00dp</dimen>
    <dimen name="x55">74.35dp</dimen>
    <dimen name="x56">75.70dp</dimen>
    <dimen name="x57">77.06dp</dimen>
    <dimen name="x58">78.41dp</dimen>
    <dimen name="x59">79.76dp</dimen>
    <dimen name="x60">81.11dp</dimen>
    <dimen name="x61">82.46dp</dimen>
    <dimen name="x62">83.81dp</dimen>
    <dimen name="x63">85.17dp</dimen>
    <dimen name="x64">86.52dp</dimen>
    <dimen name="x65">87.87dp</dimen>
    <dimen name="x66">89.22dp</dimen>
    <dimen name="x67">90.57dp</dimen>
    <dimen name="x68">91.93dp</dimen>
    <dimen name="x69">93.28dp</dimen>
    <dimen name="x70">94.63dp</dimen>
    <dimen name="x71">95.98dp</dimen>
    <dimen name="x72">97.33dp</dimen>
    <dimen name="x73">98.69dp</dimen>
    <dimen name="x74">100.04dp</dimen>
    <dimen name="x75">101.39dp</dimen>
    <dimen name="x76">102.74dp</dimen>
    <dimen name="x77">104.09dp</dimen>
    <dimen name="x78">105.44dp</dimen>
    <dimen name="x79">106.80dp</dimen>
    <dimen name="x80">108.15dp</dimen>
    <dimen name="x81">109.50dp</dimen>
    <dimen name="x82">110.85dp</dimen>
    <dimen name="x83">112.20dp</dimen>
    <dimen name="x84">113.56dp</dimen>
    <dimen name="x85">114.91dp</dimen>
    <dimen name="x86">116.26dp</dimen>
    <dimen name="x87">117.61dp</dimen>
    <dimen name="x88">118.96dp</dimen>
    <dimen name="x89">120.31dp</dimen>
    <dimen name="x90">121.67dp</dimen>
    <dimen name="x91">123.02dp</dimen>
    <dimen name="x92">124.37dp</dimen>
    <dimen name="x93">125.72dp</dimen>
    <dimen name="x94">127.07dp</dimen>
    <dimen name="x95">128.43dp</dimen>
    <dimen name="x96">129.78dp</dimen>
    <dimen name="x97">131.13dp</dimen>
    <dimen name="x98">132.48dp</dimen>
    <dimen name="x99">133.83dp</dimen>
    <dimen name="x100">135.19dp</dimen>
    <dimen name="x101">136.54dp</dimen>
    <dimen name="x102">137.89dp</dimen>
    <dimen name="x103">139.24dp</dimen>
    <dimen name="x104">140.59dp</dimen>
    <dimen name="x105">141.94dp</dimen>
    <dimen name="x106">143.30dp</dimen>
    <dimen name="x107">144.65dp</dimen>
    <dimen name="x108">146.00dp</dimen>
    <dimen name="x109">147.35dp</dimen>
    <dimen name="x110">148.70dp</dimen>
    <dimen name="x111">150.06dp</dimen>
    <dimen name="x112">151.41dp</dimen>
    <dimen name="x113">152.76dp</dimen>
    <dimen name="x114">154.11dp</dimen>
    <dimen name="x115">155.46dp</dimen>
    <dimen name="x116">156.81dp</dimen>
    <dimen name="x117">158.17dp</dimen>
    <dimen name="x118">159.52dp</dimen>
    <dimen name="x119">160.87dp</dimen>
    <dimen name="x120">162.22dp</dimen>
    <dimen name="x121">163.57dp</dimen>
    <dimen name="x122">164.93dp</dimen>
    <dimen name="x123">166.28dp</dimen>
    <dimen name="x124">167.63dp</dimen>
    <dimen name="x125">168.98dp</dimen>
    <dimen name="x126">170.33dp</dimen>
    <dimen name="x127">171.69dp</dimen>
    <dimen name="x128">173.04dp</dimen>
    <dimen name="x129">174.39dp</dimen>
    <dimen name="x130">175.74dp</dimen>
    <dimen name="x131">177.09dp</dimen>
    <dimen name="x132">178.44dp</dimen>
    <dimen name="x133">179.80dp</dimen>
    <dimen name="x134">181.15dp</dimen>
    <dimen name="x135">182.50dp</dimen>
    <dimen name="x136">183.85dp</dimen>
    <dimen name="x137">185.20dp</dimen>
    <dimen name="x138">186.56dp</dimen>
    <dimen name="x139">187.91dp</dimen>
    <dimen name="x140">189.26dp</dimen>
    <dimen name="x141">190.61dp</dimen>
    <dimen name="x142">191.96dp</dimen>
    <dimen name="x143">193.31dp</dimen>
    <dimen name="x144">194.67dp</dimen>
    <dimen name="x145">196.02dp</dimen>
    <dimen name="x146">197.37dp</dimen>
    <dimen name="x147">198.72dp</dimen>
    <dimen name="x148">200.07dp</dimen>
    <dimen name="x149">201.43dp</dimen>
    <dimen name="x150">202.78dp</dimen>
    <dimen name="x151">204.13dp</dimen>
    <dimen name="x152">205.48dp</dimen>
    <dimen name="x153">206.83dp</dimen>
    <dimen name="x154">208.19dp</dimen>
    <dimen name="x155">209.54dp</dimen>
    <dimen name="x156">210.89dp</dimen>
    <dimen name="x157">212.24dp</dimen>
    <dimen name="x158">213.59dp</dimen>
    <dimen name="x159">214.94dp</dimen>
    <dimen name="x160">216.30dp</dimen>
    <dimen name="x161">217.65dp</dimen>
    <dimen name="x162">219.00dp</dimen>
    <dimen name="x163">220.35dp</dimen>
    <dimen name="x164">221.70dp</dimen>
    <dimen name="x165">223.06dp</dimen>
    <dimen name="x166">224.41dp</dimen>
    <dimen name="x167">225.76dp</dimen>
    <dimen name="x168">227.11dp</dimen>
    <dimen name="x169">228.46dp</dimen>
    <dimen name="x170">229.81dp</dimen>
    <dimen name="x171">231.17dp</dimen>
    <dimen name="x172">232.52dp</dimen>
    <dimen name="x173">233.87dp</dimen>
    <dimen name="x174">235.22dp</dimen>
    <dimen name="x175">236.57dp</dimen>
    <dimen name="x176">237.93dp</dimen>
    <dimen name="x177">239.28dp</dimen>
    <dimen name="x178">240.63dp</dimen>
    <dimen name="x179">241.98dp</dimen>
    <dimen name="x180">243.33dp</dimen>
    <dimen name="x181">244.69dp</dimen>
    <dimen name="x182">246.04dp</dimen>
    <dimen name="x183">247.39dp</dimen>
    <dimen name="x184">248.74dp</dimen>
    <dimen name="x185">250.09dp</dimen>
    <dimen name="x186">251.44dp</dimen>
    <dimen name="x187">252.80dp</dimen>
    <dimen name="x188">254.15dp</dimen>
    <dimen name="x189">255.50dp</dimen>
    <dimen name="x190">256.85dp</dimen>
    <dimen name="x191">258.20dp</dimen>
    <dimen name="x192">259.56dp</dimen>
    <dimen name="x193">260.91dp</dimen>
    <dimen name="x194">262.26dp</dimen>
    <dimen name="x195">263.61dp</dimen>
    <dimen name="x196">264.96dp</dimen>
    <dimen name="x197">266.31dp</dimen>
    <dimen name="x198">267.67dp</dimen>
    <dimen name="x199">269.02dp</dimen>
    <dimen name="x200">270.37dp</dimen>
    <dimen name="x201">271.72dp</dimen>
    <dimen name="x202">273.07dp</dimen>
    <dimen name="x203">274.43dp</dimen>
    <dimen name="x204">275.78dp</dimen>
    <dimen name="x205">277.13dp</dimen>
    <dimen name="x206">278.48dp</dimen>
    <dimen name="x207">279.83dp</dimen>
    <dimen name="x208">281.19dp</dimen>
    <dimen name="x209">282.54dp</dimen>
    <dimen name="x210">283.89dp</dimen>
    <dimen name="x211">285.24dp</dimen>
    <dimen name="x212">286.59dp</dimen>
    <dimen name="x213">287.94dp</dimen>
    <dimen name="x214">289.30dp</dimen>
    <dimen name="x215">290.65dp</dimen>
    <dimen name="x216">292.00dp</dimen>
    <dimen name="x217">293.35dp</dimen>
    <dimen name="x218">294.70dp</dimen>
    <dimen name="x219">296.06dp</dimen>
    <dimen name="x220">297.41dp</dimen>
    <dimen name="x221">298.76dp</dimen>
    <dimen name="x222">300.11dp</dimen>
    <dimen name="x223">301.46dp</dimen>
    <dimen name="x224">302.81dp</dimen>
    <dimen name="x225">304.17dp</dimen>
    <dimen name="x226">305.52dp</dimen>
    <dimen name="x227">306.87dp</dimen>
    <dimen name="x228">308.22dp</dimen>
    <dimen name="x229">309.57dp</dimen>
    <dimen name="x230">310.93dp</dimen>
    <dimen name="x231">312.28dp</dimen>
    <dimen name="x232">313.63dp</dimen>
    <dimen name="x233">314.98dp</dimen>
    <dimen name="x234">316.33dp</dimen>
    <dimen name="x235">317.69dp</dimen>
    <dimen name="x236">319.04dp</dimen>
    <dimen name="x237">320.39dp</dimen>
    <dimen name="x238">321.74dp</dimen>
    <dimen name="x239">323.09dp</dimen>
    <dimen name="x240">324.44dp</dimen>
    <dimen name="x241">325.80dp</dimen>
    <dimen name="x242">327.15dp</dimen>
    <dimen name="x243">328.50dp</dimen>
    <dimen name="x244">329.85dp</dimen>
    <dimen name="x245">331.20dp</dimen>
    <dimen name="x246">332.56dp</dimen>
    <dimen name="x247">333.91dp</dimen>
    <dimen name="x248">335.26dp</dimen>
    <dimen name="x249">336.61dp</dimen>
    <dimen name="x250">337.96dp</dimen>
    <dimen name="x251">339.31dp</dimen>
    <dimen name="x252">340.67dp</dimen>
    <dimen name="x253">342.02dp</dimen>
    <dimen name="x254">343.37dp</dimen>
    <dimen name="x255">344.72dp</dimen>
    <dimen name="x256">346.07dp</dimen>
    <dimen name="x257">347.43dp</dimen>
    <dimen name="x258">348.78dp</dimen>
    <dimen name="x259">350.13dp</dimen>
    <dimen name="x260">351.48dp</dimen>
    <dimen name="x261">352.83dp</dimen>
    <dimen name="x262">354.19dp</dimen>
    <dimen name="x263">355.54dp</dimen>
    <dimen name="x264">356.89dp</dimen>
    <dimen name="x265">358.24dp</dimen>
    <dimen name="x266">359.59dp</dimen>
    <dimen name="x267">360.94dp</dimen>
    <dimen name="x268">362.30dp</dimen>
    <dimen name="x269">363.65dp</dimen>
    <dimen name="x270">365.00dp</dimen>
    <dimen name="x271">366.35dp</dimen>
    <dimen name="x272">367.70dp</dimen>
    <dimen name="x273">369.06dp</dimen>
    <dimen name="x274">370.41dp</dimen>
    <dimen name="x275">371.76dp</dimen>
    <dimen name="x276">373.11dp</dimen>
    <dimen name="x277">374.46dp</dimen>
    <dimen name="x278">375.81dp</dimen>
    <dimen name="x279">377.17dp</dimen>
    <dimen name="x280">378.52dp</dimen>
    <dimen name="x281">379.87dp</dimen>
    <dimen name="x282">381.22dp</dimen>
    <dimen name="x283">382.57dp</dimen>
    <dimen name="x284">383.93dp</dimen>
    <dimen name="x285">385.28dp</dimen>
    <dimen name="x286">386.63dp</dimen>
    <dimen name="x287">387.98dp</dimen>
    <dimen name="x288">389.33dp</dimen>
    <dimen name="x289">390.69dp</dimen>
    <dimen name="x290">392.04dp</dimen>
    <dimen name="x291">393.39dp</dimen>
    <dimen name="x292">394.74dp</dimen>
    <dimen name="x293">396.09dp</dimen>
    <dimen name="x294">397.44dp</dimen>
    <dimen name="x295">398.80dp</dimen>
    <dimen name="x296">400.15dp</dimen>
    <dimen name="x297">401.50dp</dimen>
    <dimen name="x298">402.85dp</dimen>
    <dimen name="x299">404.20dp</dimen>
    <dimen name="x300">405.56dp</dimen>
    <dimen name="x301">406.91dp</dimen>
    <dimen name="x302">408.26dp</dimen>
    <dimen name="x303">409.61dp</dimen>
    <dimen name="x304">410.96dp</dimen>
    <dimen name="x305">412.31dp</dimen>
    <dimen name="x306">413.67dp</dimen>
    <dimen name="x307">415.02dp</dimen>
    <dimen name="x308">416.37dp</dimen>
    <dimen name="x309">417.72dp</dimen>
    <dimen name="x310">419.07dp</dimen>
    <dimen name="x311">420.43dp</dimen>
    <dimen name="x312">421.78dp</dimen>
    <dimen name="x313">423.13dp</dimen>
    <dimen name="x314">424.48dp</dimen>
    <dimen name="x315">425.83dp</dimen>
    <dimen name="x316">427.19dp</dimen>
    <dimen name="x317">428.54dp</dimen>
    <dimen name="x318">429.89dp</dimen>
    <dimen name="x319">431.24dp</dimen>
    <dimen name="x320">432.59dp</dimen>
    <dimen name="x321">433.94dp</dimen>
    <dimen name="x322">435.30dp</dimen>
    <dimen name="x323">436.65dp</dimen>
    <dimen name="x324">438.00dp</dimen>
    <dimen name="x325">439.35dp</dimen>
    <dimen name="x326">440.70dp</dimen>
    <dimen name="x327">442.06dp</dimen>
    <dimen name="x328">443.41dp</dimen>
    <dimen name="x329">444.76dp</dimen>
    <dimen name="x330">446.11dp</dimen>
    <dimen name="x331">447.46dp</dimen>
    <dimen name="x332">448.81dp</dimen>
    <dimen name="x333">450.17dp</dimen>
    <dimen name="x334">451.52dp</dimen>
    <dimen name="x335">452.87dp</dimen>
    <dimen name="x336">454.22dp</dimen>
    <dimen name="x337">455.57dp</dimen>
    <dimen name="x338">456.93dp</dimen>
    <dimen name="x339">458.28dp</dimen>
    <dimen name="x340">459.63dp</dimen>
    <dimen name="x341">460.98dp</dimen>
    <dimen name="x342">462.33dp</dimen>
    <dimen name="x343">463.69dp</dimen>
    <dimen name="x344">465.04dp</dimen>
    <dimen name="x345">466.39dp</dimen>
    <dimen name="x346">467.74dp</dimen>
    <dimen name="x347">469.09dp</dimen>
    <dimen name="x348">470.44dp</dimen>
    <dimen name="x349">471.80dp</dimen>
    <dimen name="x350">473.15dp</dimen>
    <dimen name="x351">474.50dp</dimen>
    <dimen name="x352">475.85dp</dimen>
    <dimen name="x353">477.20dp</dimen>
    <dimen name="x354">478.56dp</dimen>
    <dimen name="x355">479.91dp</dimen>
    <dimen name="x356">481.26dp</dimen>
    <dimen name="x357">482.61dp</dimen>
    <dimen name="x358">483.96dp</dimen>
    <dimen name="x359">485.31dp</dimen>
    <dimen name="x360">486.67dp</dimen>
    <dimen name="x361">488.02dp</dimen>
    <dimen name="x362">489.37dp</dimen>
    <dimen name="x363">490.72dp</dimen>
    <dimen name="x364">492.07dp</dimen>
    <dimen name="x365">493.43dp</dimen>
    <dimen name="x366">494.78dp</dimen>
    <dimen name="x367">496.13dp</dimen>
    <dimen name="x368">497.48dp</dimen>
    <dimen name="x369">498.83dp</dimen>
    <dimen name="x370">500.19dp</dimen>
    <dimen name="x371">501.54dp</dimen>
    <dimen name="x372">502.89dp</dimen>
    <dimen name="x373">504.24dp</dimen>
    <dimen name="x374">505.59dp</dimen>
    <dimen name="x375">506.94dp</dimen>
    <dimen name="x376">508.30dp</dimen>
    <dimen name="x377">509.65dp</dimen>
    <dimen name="x378">511.00dp</dimen>
    <dimen name="x379">512.35dp</dimen>
    <dimen name="x380">513.70dp</dimen>
    <dimen name="x381">515.06dp</dimen>
    <dimen name="x382">516.41dp</dimen>
    <dimen name="x383">517.76dp</dimen>
    <dimen name="x384">519.11dp</dimen>
    <dimen name="x385">520.46dp</dimen>
    <dimen name="x386">521.81dp</dimen>
    <dimen name="x387">523.17dp</dimen>
    <dimen name="x388">524.52dp</dimen>
    <dimen name="x389">525.87dp</dimen>
    <dimen name="x390">527.22dp</dimen>
    <dimen name="x391">528.57dp</dimen>
    <dimen name="x392">529.93dp</dimen>
    <dimen name="x393">531.28dp</dimen>
    <dimen name="x394">532.63dp</dimen>
    <dimen name="x395">533.98dp</dimen>
    <dimen name="x396">535.33dp</dimen>
    <dimen name="x397">536.69dp</dimen>
    <dimen name="x398">538.04dp</dimen>
    <dimen name="x399">539.39dp</dimen>
    <dimen name="x400">540.74dp</dimen>
    <dimen name="x401">542.09dp</dimen>
    <dimen name="x402">543.44dp</dimen>
    <dimen name="x403">544.80dp</dimen>
    <dimen name="x404">546.15dp</dimen>
    <dimen name="x405">547.50dp</dimen>
    <dimen name="x406">548.85dp</dimen>
    <dimen name="x407">550.20dp</dimen>
    <dimen name="x408">551.56dp</dimen>
    <dimen name="x409">552.91dp</dimen>
    <dimen name="x410">554.26dp</dimen>
    <dimen name="x411">555.61dp</dimen>
    <dimen name="x412">556.96dp</dimen>
    <dimen name="x413">558.31dp</dimen>
    <dimen name="x414">559.67dp</dimen>
    <dimen name="x415">561.02dp</dimen>
    <dimen name="x416">562.37dp</dimen>
    <dimen name="x417">563.72dp</dimen>
    <dimen name="x418">565.07dp</dimen>
    <dimen name="x419">566.43dp</dimen>
    <dimen name="x420">567.78dp</dimen>
    <dimen name="x421">569.13dp</dimen>
    <dimen name="x422">570.48dp</dimen>
    <dimen name="x423">571.83dp</dimen>
    <dimen name="x424">573.19dp</dimen>
    <dimen name="x425">574.54dp</dimen>
    <dimen name="x426">575.89dp</dimen>
    <dimen name="x427">577.24dp</dimen>
    <dimen name="x428">578.59dp</dimen>
    <dimen name="x429">579.94dp</dimen>
    <dimen name="x430">581.30dp</dimen>
    <dimen name="x431">582.65dp</dimen>
    <dimen name="x432">584.00dp</dimen>
    <dimen name="x433">585.35dp</dimen>
    <dimen name="x434">586.70dp</dimen>
    <dimen name="x435">588.06dp</dimen>
    <dimen name="x436">589.41dp</dimen>
    <dimen name="x437">590.76dp</dimen>
    <dimen name="x438">592.11dp</dimen>
    <dimen name="x439">593.46dp</dimen>
    <dimen name="x440">594.81dp</dimen>
    <dimen name="x441">596.17dp</dimen>
    <dimen name="x442">597.52dp</dimen>
    <dimen name="x443">598.87dp</dimen>
    <dimen name="x444">600.22dp</dimen>
    <dimen name="x445">601.57dp</dimen>
    <dimen name="x446">602.93dp</dimen>
    <dimen name="x447">604.28dp</dimen>
    <dimen name="x448">605.63dp</dimen>
    <dimen name="x449">606.98dp</dimen>
    <dimen name="x450">608.33dp</dimen>
    <dimen name="x451">609.69dp</dimen>
    <dimen name="x452">611.04dp</dimen>
    <dimen name="x453">612.39dp</dimen>
    <dimen name="x454">613.74dp</dimen>
    <dimen name="x455">615.09dp</dimen>
    <dimen name="x456">616.44dp</dimen>
    <dimen name="x457">617.80dp</dimen>
    <dimen name="x458">619.15dp</dimen>
    <dimen name="x459">620.50dp</dimen>
    <dimen name="x460">621.85dp</dimen>
    <dimen name="x461">623.20dp</dimen>
    <dimen name="x462">624.56dp</dimen>
    <dimen name="x463">625.91dp</dimen>
    <dimen name="x464">627.26dp</dimen>
    <dimen name="x465">628.61dp</dimen>
    <dimen name="x466">629.96dp</dimen>
    <dimen name="x467">631.31dp</dimen>
    <dimen name="x468">632.67dp</dimen>
    <dimen name="x469">634.02dp</dimen>
    <dimen name="x470">635.37dp</dimen>
    <dimen name="x471">636.72dp</dimen>
    <dimen name="x472">638.07dp</dimen>
    <dimen name="x473">639.43dp</dimen>
    <dimen name="x474">640.78dp</dimen>
    <dimen name="x475">642.13dp</dimen>
    <dimen name="x476">643.48dp</dimen>
    <dimen name="x477">644.83dp</dimen>
    <dimen name="x478">646.19dp</dimen>
    <dimen name="x479">647.54dp</dimen>
    <dimen name="x480">648.89dp</dimen>
    <dimen name="x481">650.24dp</dimen>
    <dimen name="x482">651.59dp</dimen>
    <dimen name="x483">652.94dp</dimen>
    <dimen name="x484">654.30dp</dimen>
    <dimen name="x485">655.65dp</dimen>
    <dimen name="x486">657.00dp</dimen>
    <dimen name="x487">658.35dp</dimen>
    <dimen name="x488">659.70dp</dimen>
    <dimen name="x489">661.06dp</dimen>
    <dimen name="x490">662.41dp</dimen>
    <dimen name="x491">663.76dp</dimen>
    <dimen name="x492">665.11dp</dimen>
    <dimen name="x493">666.46dp</dimen>
    <dimen name="x494">667.81dp</dimen>
    <dimen name="x495">669.17dp</dimen>
    <dimen name="x496">670.52dp</dimen>
    <dimen name="x497">671.87dp</dimen>
    <dimen name="x498">673.22dp</dimen>
    <dimen name="x499">674.57dp</dimen>
    <dimen name="x500">675.93dp</dimen>
    <dimen name="x501">677.28dp</dimen>
    <dimen name="x502">678.63dp</dimen>
    <dimen name="x503">679.98dp</dimen>
    <dimen name="x504">681.33dp</dimen>
    <dimen name="x505">682.69dp</dimen>
    <dimen name="x506">684.04dp</dimen>
    <dimen name="x507">685.39dp</dimen>
    <dimen name="x508">686.74dp</dimen>
    <dimen name="x509">688.09dp</dimen>
    <dimen name="x510">689.44dp</dimen>
    <dimen name="x511">690.80dp</dimen>
    <dimen name="x512">692.15dp</dimen>
    <dimen name="x513">693.50dp</dimen>
    <dimen name="x514">694.85dp</dimen>
    <dimen name="x515">696.20dp</dimen>
    <dimen name="x516">697.56dp</dimen>
    <dimen name="x517">698.91dp</dimen>
    <dimen name="x518">700.26dp</dimen>
    <dimen name="x519">701.61dp</dimen>
    <dimen name="x520">702.96dp</dimen>
    <dimen name="x521">704.31dp</dimen>
    <dimen name="x522">705.67dp</dimen>
    <dimen name="x523">707.02dp</dimen>
    <dimen name="x524">708.37dp</dimen>
    <dimen name="x525">709.72dp</dimen>
    <dimen name="x526">711.07dp</dimen>
    <dimen name="x527">712.43dp</dimen>
    <dimen name="x528">713.78dp</dimen>
    <dimen name="x529">715.13dp</dimen>
    <dimen name="x530">716.48dp</dimen>
    <dimen name="x531">717.83dp</dimen>
    <dimen name="x532">719.19dp</dimen>
    <dimen name="x533">720.54dp</dimen>
    <dimen name="x534">721.89dp</dimen>
    <dimen name="x535">723.24dp</dimen>
    <dimen name="x536">724.59dp</dimen>
    <dimen name="x537">725.94dp</dimen>
    <dimen name="x538">727.30dp</dimen>
    <dimen name="x539">728.65dp</dimen>
    <dimen name="x540">730.00dp</dimen>
    <dimen name="x541">731.35dp</dimen>
    <dimen name="x542">732.70dp</dimen>
    <dimen name="x543">734.06dp</dimen>
    <dimen name="x544">735.41dp</dimen>
    <dimen name="x545">736.76dp</dimen>
    <dimen name="x546">738.11dp</dimen>
    <dimen name="x547">739.46dp</dimen>
    <dimen name="x548">740.81dp</dimen>
    <dimen name="x549">742.17dp</dimen>
    <dimen name="x550">743.52dp</dimen>
    <dimen name="x551">744.87dp</dimen>
    <dimen name="x552">746.22dp</dimen>
    <dimen name="x553">747.57dp</dimen>
    <dimen name="x554">748.93dp</dimen>
    <dimen name="x555">750.28dp</dimen>
    <dimen name="x556">751.63dp</dimen>
    <dimen name="x557">752.98dp</dimen>
    <dimen name="x558">754.33dp</dimen>
    <dimen name="x559">755.69dp</dimen>
    <dimen name="x560">757.04dp</dimen>
    <dimen name="x561">758.39dp</dimen>
    <dimen name="x562">759.74dp</dimen>
    <dimen name="x563">761.09dp</dimen>
    <dimen name="x564">762.44dp</dimen>
    <dimen name="x565">763.80dp</dimen>
    <dimen name="x566">765.15dp</dimen>
    <dimen name="x567">766.50dp</dimen>
    <dimen name="x568">767.85dp</dimen>
    <dimen name="x569">769.20dp</dimen>
    <dimen name="x570">770.56dp</dimen>
    <dimen name="x571">771.91dp</dimen>
    <dimen name="x572">773.26dp</dimen>
    <dimen name="x573">774.61dp</dimen>
    <dimen name="x574">775.96dp</dimen>
    <dimen name="x575">777.31dp</dimen>
    <dimen name="x576">778.67dp</dimen>
    <dimen name="x577">780.02dp</dimen>
    <dimen name="x578">781.37dp</dimen>
    <dimen name="x579">782.72dp</dimen>
    <dimen name="x580">784.07dp</dimen>
    <dimen name="x581">785.43dp</dimen>
    <dimen name="x582">786.78dp</dimen>
    <dimen name="x583">788.13dp</dimen>
    <dimen name="x584">789.48dp</dimen>
    <dimen name="x585">790.83dp</dimen>
    <dimen name="x586">792.19dp</dimen>
    <dimen name="x587">793.54dp</dimen>
    <dimen name="x588">794.89dp</dimen>
    <dimen name="x589">796.24dp</dimen>
    <dimen name="x590">797.59dp</dimen>
    <dimen name="x591">798.94dp</dimen>
    <dimen name="x592">800.30dp</dimen>
    <dimen name="x593">801.65dp</dimen>
    <dimen name="x594">803.00dp</dimen>
    <dimen name="x595">804.35dp</dimen>
    <dimen name="x596">805.70dp</dimen>
    <dimen name="x597">807.06dp</dimen>
    <dimen name="x598">808.41dp</dimen>
    <dimen name="x599">809.76dp</dimen>
    <dimen name="x600">811.11dp</dimen>
    <dimen name="x601">812.46dp</dimen>
    <dimen name="x602">813.81dp</dimen>
    <dimen name="x603">815.17dp</dimen>
    <dimen name="x604">816.52dp</dimen>
    <dimen name="x605">817.87dp</dimen>
    <dimen name="x606">819.22dp</dimen>
    <dimen name="x607">820.57dp</dimen>
    <dimen name="x608">821.93dp</dimen>
    <dimen name="x609">823.28dp</dimen>
    <dimen name="x610">824.63dp</dimen>
    <dimen name="x611">825.98dp</dimen>
    <dimen name="x612">827.33dp</dimen>
    <dimen name="x613">828.69dp</dimen>
    <dimen name="x614">830.04dp</dimen>
    <dimen name="x615">831.39dp</dimen>
    <dimen name="x616">832.74dp</dimen>
    <dimen name="x617">834.09dp</dimen>
    <dimen name="x618">835.44dp</dimen>
    <dimen name="x619">836.80dp</dimen>
    <dimen name="x620">838.15dp</dimen>
    <dimen name="x621">839.50dp</dimen>
    <dimen name="x622">840.85dp</dimen>
    <dimen name="x623">842.20dp</dimen>
    <dimen name="x624">843.56dp</dimen>
    <dimen name="x625">844.91dp</dimen>
    <dimen name="x626">846.26dp</dimen>
    <dimen name="x627">847.61dp</dimen>
    <dimen name="x628">848.96dp</dimen>
    <dimen name="x629">850.31dp</dimen>
    <dimen name="x630">851.67dp</dimen>
    <dimen name="x631">853.02dp</dimen>
    <dimen name="x632">854.37dp</dimen>
    <dimen name="x633">855.72dp</dimen>
    <dimen name="x634">857.07dp</dimen>
    <dimen name="x635">858.43dp</dimen>
    <dimen name="x636">859.78dp</dimen>
    <dimen name="x637">861.13dp</dimen>
    <dimen name="x638">862.48dp</dimen>
    <dimen name="x639">863.83dp</dimen>
    <dimen name="x640">865.19dp</dimen>
    <dimen name="x641">866.54dp</dimen>
    <dimen name="x642">867.89dp</dimen>
    <dimen name="x643">869.24dp</dimen>
    <dimen name="x644">870.59dp</dimen>
    <dimen name="x645">871.94dp</dimen>
    <dimen name="x646">873.30dp</dimen>
    <dimen name="x647">874.65dp</dimen>
    <dimen name="x648">876.00dp</dimen>
    <dimen name="x649">877.35dp</dimen>
    <dimen name="x650">878.70dp</dimen>
    <dimen name="x651">880.06dp</dimen>
    <dimen name="x652">881.41dp</dimen>
    <dimen name="x653">882.76dp</dimen>
    <dimen name="x654">884.11dp</dimen>
    <dimen name="x655">885.46dp</dimen>
    <dimen name="x656">886.81dp</dimen>
    <dimen name="x657">888.17dp</dimen>
    <dimen name="x658">889.52dp</dimen>
    <dimen name="x659">890.87dp</dimen>
    <dimen name="x660">892.22dp</dimen>
    <dimen name="x661">893.57dp</dimen>
    <dimen name="x662">894.93dp</dimen>
    <dimen name="x663">896.28dp</dimen>
    <dimen name="x664">897.63dp</dimen>
    <dimen name="x665">898.98dp</dimen>
    <dimen name="x666">900.33dp</dimen>
    <dimen name="x667">901.69dp</dimen>
    <dimen name="x668">903.04dp</dimen>
    <dimen name="x669">904.39dp</dimen>
    <dimen name="x670">905.74dp</dimen>
    <dimen name="x671">907.09dp</dimen>
    <dimen name="x672">908.44dp</dimen>
    <dimen name="x673">909.80dp</dimen>
    <dimen name="x674">911.15dp</dimen>
    <dimen name="x675">912.50dp</dimen>
    <dimen name="x676">913.85dp</dimen>
    <dimen name="x677">915.20dp</dimen>
    <dimen name="x678">916.56dp</dimen>
    <dimen name="x679">917.91dp</dimen>
    <dimen name="x680">919.26dp</dimen>
    <dimen name="x681">920.61dp</dimen>
    <dimen name="x682">921.96dp</dimen>
    <dimen name="x683">923.31dp</dimen>
    <dimen name="x684">924.67dp</dimen>
    <dimen name="x685">926.02dp</dimen>
    <dimen name="x686">927.37dp</dimen>
    <dimen name="x687">928.72dp</dimen>
    <dimen name="x688">930.07dp</dimen>
    <dimen name="x689">931.43dp</dimen>
    <dimen name="x690">932.78dp</dimen>
    <dimen name="x691">934.13dp</dimen>
    <dimen name="x692">935.48dp</dimen>
    <dimen name="x693">936.83dp</dimen>
    <dimen name="x694">938.19dp</dimen>
    <dimen name="x695">939.54dp</dimen>
    <dimen name="x696">940.89dp</dimen>
    <dimen name="x697">942.24dp</dimen>
    <dimen name="x698">943.59dp</dimen>
    <dimen name="x699">944.94dp</dimen>
    <dimen name="x700">946.30dp</dimen>
    <dimen name="x701">947.65dp</dimen>
    <dimen name="x702">949.00dp</dimen>
    <dimen name="x703">950.35dp</dimen>
    <dimen name="x704">951.70dp</dimen>
    <dimen name="x705">953.06dp</dimen>
    <dimen name="x706">954.41dp</dimen>
    <dimen name="x707">955.76dp</dimen>
    <dimen name="x708">957.11dp</dimen>
    <dimen name="x709">958.46dp</dimen>
    <dimen name="x710">959.81dp</dimen>
    <dimen name="x711">961.17dp</dimen>
    <dimen name="x712">962.52dp</dimen>
    <dimen name="x713">963.87dp</dimen>
    <dimen name="x714">965.22dp</dimen>
    <dimen name="x715">966.57dp</dimen>
    <dimen name="x716">967.93dp</dimen>
    <dimen name="x717">969.28dp</dimen>
    <dimen name="x718">970.63dp</dimen>
    <dimen name="x719">971.98dp</dimen>
    <dimen name="x720">973.33dp</dimen>
    <dimen name="x721">974.69dp</dimen>
    <dimen name="x722">976.04dp</dimen>
    <dimen name="x723">977.39dp</dimen>
    <dimen name="x724">978.74dp</dimen>
    <dimen name="x725">980.09dp</dimen>
    <dimen name="x726">981.44dp</dimen>
    <dimen name="x727">982.80dp</dimen>
    <dimen name="x728">984.15dp</dimen>
    <dimen name="x729">985.50dp</dimen>
    <dimen name="x730">986.85dp</dimen>
    <dimen name="x731">988.20dp</dimen>
    <dimen name="x732">989.56dp</dimen>
    <dimen name="x733">990.91dp</dimen>
    <dimen name="x734">992.26dp</dimen>
    <dimen name="x735">993.61dp</dimen>
    <dimen name="x736">994.96dp</dimen>
    <dimen name="x737">996.31dp</dimen>
    <dimen name="x738">997.67dp</dimen>
    <dimen name="x739">999.02dp</dimen>
    <dimen name="x740">1000.37dp</dimen>
    <dimen name="x741">1001.72dp</dimen>
    <dimen name="x742">1003.07dp</dimen>
    <dimen name="x743">1004.43dp</dimen>
    <dimen name="x744">1005.78dp</dimen>
    <dimen name="x745">1007.13dp</dimen>
    <dimen name="x746">1008.48dp</dimen>
    <dimen name="x747">1009.83dp</dimen>
    <dimen name="x748">1011.19dp</dimen>
    <dimen name="x749">1012.54dp</dimen>
    <dimen name="x750">1013.89dp</dimen>
    <dimen name="x751">1015.24dp</dimen>
    <dimen name="x752">1016.59dp</dimen>
    <dimen name="x753">1017.94dp</dimen>
    <dimen name="x754">1019.30dp</dimen>
    <dimen name="x755">1020.65dp</dimen>
    <dimen name="x756">1022.00dp</dimen>
    <dimen name="x757">1023.35dp</dimen>
    <dimen name="x758">1024.70dp</dimen>
    <dimen name="x759">1026.06dp</dimen>
    <dimen name="x760">1027.41dp</dimen>
    <dimen name="x761">1028.76dp</dimen>
    <dimen name="x762">1030.11dp</dimen>
    <dimen name="x763">1031.46dp</dimen>
    <dimen name="x764">1032.81dp</dimen>
    <dimen name="x765">1034.17dp</dimen>
    <dimen name="x766">1035.52dp</dimen>
    <dimen name="x767">1036.87dp</dimen>
    <dimen name="x768">1038.22dp</dimen>
    <dimen name="x769">1039.57dp</dimen>
    <dimen name="x770">1040.93dp</dimen>
    <dimen name="x771">1042.28dp</dimen>
    <dimen name="x772">1043.63dp</dimen>
    <dimen name="x773">1044.98dp</dimen>
    <dimen name="x774">1046.33dp</dimen>
    <dimen name="x775">1047.69dp</dimen>
    <dimen name="x776">1049.04dp</dimen>
    <dimen name="x777">1050.39dp</dimen>
    <dimen name="x778">1051.74dp</dimen>
    <dimen name="x779">1053.09dp</dimen>
    <dimen name="x780">1054.44dp</dimen>
    <dimen name="x781">1055.80dp</dimen>
    <dimen name="x782">1057.15dp</dimen>
    <dimen name="x783">1058.50dp</dimen>
    <dimen name="x784">1059.85dp</dimen>
    <dimen name="x785">1061.20dp</dimen>
    <dimen name="x786">1062.56dp</dimen>
    <dimen name="x787">1063.91dp</dimen>
    <dimen name="x788">1065.26dp</dimen>
    <dimen name="x789">1066.61dp</dimen>
    <dimen name="x790">1067.96dp</dimen>
    <dimen name="x791">1069.31dp</dimen>
    <dimen name="x792">1070.67dp</dimen>
    <dimen name="x793">1072.02dp</dimen>
    <dimen name="x794">1073.37dp</dimen>
    <dimen name="x795">1074.72dp</dimen>
    <dimen name="x796">1076.07dp</dimen>
    <dimen name="x797">1077.43dp</dimen>
    <dimen name="x798">1078.78dp</dimen>
    <dimen name="x799">1080.13dp</dimen>
    <dimen name="x800">1081.48dp</dimen>
    <dimen name="x801">1082.83dp</dimen>
    <dimen name="x802">1084.19dp</dimen>
    <dimen name="x803">1085.54dp</dimen>
    <dimen name="x804">1086.89dp</dimen>
    <dimen name="x805">1088.24dp</dimen>
    <dimen name="x806">1089.59dp</dimen>
    <dimen name="x807">1090.94dp</dimen>
    <dimen name="x808">1092.30dp</dimen>
    <dimen name="x809">1093.65dp</dimen>
    <dimen name="x810">1095.00dp</dimen>
    <dimen name="x811">1096.35dp</dimen>
    <dimen name="x812">1097.70dp</dimen>
    <dimen name="x813">1099.06dp</dimen>
    <dimen name="x814">1100.41dp</dimen>
    <dimen name="x815">1101.76dp</dimen>
    <dimen name="x816">1103.11dp</dimen>
    <dimen name="x817">1104.46dp</dimen>
    <dimen name="x818">1105.81dp</dimen>
    <dimen name="x819">1107.17dp</dimen>
    <dimen name="x820">1108.52dp</dimen>
    <dimen name="x821">1109.87dp</dimen>
    <dimen name="x822">1111.22dp</dimen>
    <dimen name="x823">1112.57dp</dimen>
    <dimen name="x824">1113.93dp</dimen>
    <dimen name="x825">1115.28dp</dimen>
    <dimen name="x826">1116.63dp</dimen>
    <dimen name="x827">1117.98dp</dimen>
    <dimen name="x828">1119.33dp</dimen>
    <dimen name="x829">1120.69dp</dimen>
    <dimen name="x830">1122.04dp</dimen>
    <dimen name="x831">1123.39dp</dimen>
    <dimen name="x832">1124.74dp</dimen>
    <dimen name="x833">1126.09dp</dimen>
    <dimen name="x834">1127.44dp</dimen>
    <dimen name="x835">1128.80dp</dimen>
    <dimen name="x836">1130.15dp</dimen>
    <dimen name="x837">1131.50dp</dimen>
    <dimen name="x838">1132.85dp</dimen>
    <dimen name="x839">1134.20dp</dimen>
    <dimen name="x840">1135.56dp</dimen>
    <dimen name="x841">1136.91dp</dimen>
    <dimen name="x842">1138.26dp</dimen>
    <dimen name="x843">1139.61dp</dimen>
    <dimen name="x844">1140.96dp</dimen>
    <dimen name="x845">1142.31dp</dimen>
    <dimen name="x846">1143.67dp</dimen>
    <dimen name="x847">1145.02dp</dimen>
    <dimen name="x848">1146.37dp</dimen>
    <dimen name="x849">1147.72dp</dimen>
    <dimen name="x850">1149.07dp</dimen>
    <dimen name="x851">1150.43dp</dimen>
    <dimen name="x852">1151.78dp</dimen>
    <dimen name="x853">1153.13dp</dimen>
    <dimen name="x854">1154.48dp</dimen>
    <dimen name="x855">1155.83dp</dimen>
    <dimen name="x856">1157.19dp</dimen>
    <dimen name="x857">1158.54dp</dimen>
    <dimen name="x858">1159.89dp</dimen>
    <dimen name="x859">1161.24dp</dimen>
    <dimen name="x860">1162.59dp</dimen>
    <dimen name="x861">1163.94dp</dimen>
    <dimen name="x862">1165.30dp</dimen>
    <dimen name="x863">1166.65dp</dimen>
    <dimen name="x864">1168.00dp</dimen>
    <dimen name="x865">1169.35dp</dimen>
    <dimen name="x866">1170.70dp</dimen>
    <dimen name="x867">1172.06dp</dimen>
    <dimen name="x868">1173.41dp</dimen>
    <dimen name="x869">1174.76dp</dimen>
    <dimen name="x870">1176.11dp</dimen>
    <dimen name="x871">1177.46dp</dimen>
    <dimen name="x872">1178.81dp</dimen>
    <dimen name="x873">1180.17dp</dimen>
    <dimen name="x874">1181.52dp</dimen>
    <dimen name="x875">1182.87dp</dimen>
    <dimen name="x876">1184.22dp</dimen>
    <dimen name="x877">1185.57dp</dimen>
    <dimen name="x878">1186.93dp</dimen>
    <dimen name="x879">1188.28dp</dimen>
    <dimen name="x880">1189.63dp</dimen>
    <dimen name="x881">1190.98dp</dimen>
    <dimen name="x882">1192.33dp</dimen>
    <dimen name="x883">1193.69dp</dimen>
    <dimen name="x884">1195.04dp</dimen>
    <dimen name="x885">1196.39dp</dimen>
    <dimen name="x886">1197.74dp</dimen>
    <dimen name="x887">1199.09dp</dimen>
    <dimen name="x888">1200.44dp</dimen>
    <dimen name="x889">1201.80dp</dimen>
    <dimen name="x890">1203.15dp</dimen>
    <dimen name="x891">1204.50dp</dimen>
    <dimen name="x892">1205.85dp</dimen>
    <dimen name="x893">1207.20dp</dimen>
    <dimen name="x894">1208.56dp</dimen>
    <dimen name="x895">1209.91dp</dimen>
    <dimen name="x896">1211.26dp</dimen>
    <dimen name="x897">1212.61dp</dimen>
    <dimen name="x898">1213.96dp</dimen>
    <dimen name="x899">1215.31dp</dimen>
    <dimen name="x900">1216.67dp</dimen>
    <dimen name="x901">1218.02dp</dimen>
    <dimen name="x902">1219.37dp</dimen>
    <dimen name="x903">1220.72dp</dimen>
    <dimen name="x904">1222.07dp</dimen>
    <dimen name="x905">1223.43dp</dimen>
    <dimen name="x906">1224.78dp</dimen>
    <dimen name="x907">1226.13dp</dimen>
    <dimen name="x908">1227.48dp</dimen>
    <dimen name="x909">1228.83dp</dimen>
    <dimen name="x910">1230.19dp</dimen>
    <dimen name="x911">1231.54dp</dimen>
    <dimen name="x912">1232.89dp</dimen>
    <dimen name="x913">1234.24dp</dimen>
    <dimen name="x914">1235.59dp</dimen>
    <dimen name="x915">1236.94dp</dimen>
    <dimen name="x916">1238.30dp</dimen>
    <dimen name="x917">1239.65dp</dimen>
    <dimen name="x918">1241.00dp</dimen>
    <dimen name="x919">1242.35dp</dimen>
    <dimen name="x920">1243.70dp</dimen>
    <dimen name="x921">1245.06dp</dimen>
    <dimen name="x922">1246.41dp</dimen>
    <dimen name="x923">1247.76dp</dimen>
    <dimen name="x924">1249.11dp</dimen>
    <dimen name="x925">1250.46dp</dimen>
    <dimen name="x926">1251.81dp</dimen>
    <dimen name="x927">1253.17dp</dimen>
    <dimen name="x928">1254.52dp</dimen>
    <dimen name="x929">1255.87dp</dimen>
    <dimen name="x930">1257.22dp</dimen>
    <dimen name="x931">1258.57dp</dimen>
    <dimen name="x932">1259.93dp</dimen>
    <dimen name="x933">1261.28dp</dimen>
    <dimen name="x934">1262.63dp</dimen>
    <dimen name="x935">1263.98dp</dimen>
    <dimen name="x936">1265.33dp</dimen>
    <dimen name="x937">1266.69dp</dimen>
    <dimen name="x938">1268.04dp</dimen>
    <dimen name="x939">1269.39dp</dimen>
    <dimen name="x940">1270.74dp</dimen>
    <dimen name="x941">1272.09dp</dimen>
    <dimen name="x942">1273.44dp</dimen>
    <dimen name="x943">1274.80dp</dimen>
    <dimen name="x944">1276.15dp</dimen>
    <dimen name="x945">1277.50dp</dimen>
    <dimen name="x946">1278.85dp</dimen>
    <dimen name="x947">1280.20dp</dimen>
    <dimen name="x948">1281.56dp</dimen>
    <dimen name="x949">1282.91dp</dimen>
    <dimen name="x950">1284.26dp</dimen>
    <dimen name="x951">1285.61dp</dimen>
    <dimen name="x952">1286.96dp</dimen>
    <dimen name="x953">1288.31dp</dimen>
    <dimen name="x954">1289.67dp</dimen>
    <dimen name="x955">1291.02dp</dimen>
    <dimen name="x956">1292.37dp</dimen>
    <dimen name="x957">1293.72dp</dimen>
    <dimen name="x958">1295.07dp</dimen>
    <dimen name="x959">1296.43dp</dimen>
    <dimen name="x960">1297.78dp</dimen>
    <dimen name="x961">1299.13dp</dimen>
    <dimen name="x962">1300.48dp</dimen>
    <dimen name="x963">1301.83dp</dimen>
    <dimen name="x964">1303.19dp</dimen>
    <dimen name="x965">1304.54dp</dimen>
    <dimen name="x966">1305.89dp</dimen>
    <dimen name="x967">1307.24dp</dimen>
    <dimen name="x968">1308.59dp</dimen>
    <dimen name="x969">1309.94dp</dimen>
    <dimen name="x970">1311.30dp</dimen>
    <dimen name="x971">1312.65dp</dimen>
    <dimen name="x972">1314.00dp</dimen>
    <dimen name="x973">1315.35dp</dimen>
    <dimen name="x974">1316.70dp</dimen>
    <dimen name="x975">1318.06dp</dimen>
    <dimen name="x976">1319.41dp</dimen>
    <dimen name="x977">1320.76dp</dimen>
    <dimen name="x978">1322.11dp</dimen>
    <dimen name="x979">1323.46dp</dimen>
    <dimen name="x980">1324.81dp</dimen>
    <dimen name="x981">1326.17dp</dimen>
    <dimen name="x982">1327.52dp</dimen>
    <dimen name="x983">1328.87dp</dimen>
    <dimen name="x984">1330.22dp</dimen>
    <dimen name="x985">1331.57dp</dimen>
    <dimen name="x986">1332.93dp</dimen>
    <dimen name="x987">1334.28dp</dimen>
    <dimen name="x988">1335.63dp</dimen>
    <dimen name="x989">1336.98dp</dimen>
    <dimen name="x990">1338.33dp</dimen>
    <dimen name="x991">1339.69dp</dimen>
    <dimen name="x992">1341.04dp</dimen>
    <dimen name="x993">1342.39dp</dimen>
    <dimen name="x994">1343.74dp</dimen>
    <dimen name="x995">1345.09dp</dimen>
    <dimen name="x996">1346.44dp</dimen>
    <dimen name="x997">1347.80dp</dimen>
    <dimen name="x998">1349.15dp</dimen>
    <dimen name="x999">1350.50dp</dimen>
    <dimen name="x1000">1351.85dp</dimen>
    <dimen name="x1001">1353.20dp</dimen>
    <dimen name="x1002">1354.56dp</dimen>
    <dimen name="x1003">1355.91dp</dimen>
    <dimen name="x1004">1357.26dp</dimen>
    <dimen name="x1005">1358.61dp</dimen>
    <dimen name="x1006">1359.96dp</dimen>
    <dimen name="x1007">1361.31dp</dimen>
    <dimen name="x1008">1362.67dp</dimen>
    <dimen name="x1009">1364.02dp</dimen>
    <dimen name="x1010">1365.37dp</dimen>
    <dimen name="x1011">1366.72dp</dimen>
    <dimen name="x1012">1368.07dp</dimen>
    <dimen name="x1013">1369.43dp</dimen>
    <dimen name="x1014">1370.78dp</dimen>
    <dimen name="x1015">1372.13dp</dimen>
    <dimen name="x1016">1373.48dp</dimen>
    <dimen name="x1017">1374.83dp</dimen>
    <dimen name="x1018">1376.19dp</dimen>
    <dimen name="x1019">1377.54dp</dimen>
    <dimen name="x1020">1378.89dp</dimen>
    <dimen name="x1021">1380.24dp</dimen>
    <dimen name="x1022">1381.59dp</dimen>
    <dimen name="x1023">1382.94dp</dimen>
    <dimen name="x1024">1384.30dp</dimen>
    <dimen name="x1025">1385.65dp</dimen>
    <dimen name="x1026">1387.00dp</dimen>
    <dimen name="x1027">1388.35dp</dimen>
    <dimen name="x1028">1389.70dp</dimen>
    <dimen name="x1029">1391.06dp</dimen>
    <dimen name="x1030">1392.41dp</dimen>
    <dimen name="x1031">1393.76dp</dimen>
    <dimen name="x1032">1395.11dp</dimen>
    <dimen name="x1033">1396.46dp</dimen>
    <dimen name="x1034">1397.81dp</dimen>
    <dimen name="x1035">1399.17dp</dimen>
    <dimen name="x1036">1400.52dp</dimen>
    <dimen name="x1037">1401.87dp</dimen>
    <dimen name="x1038">1403.22dp</dimen>
    <dimen name="x1039">1404.57dp</dimen>
    <dimen name="x1040">1405.93dp</dimen>
    <dimen name="x1041">1407.28dp</dimen>
    <dimen name="x1042">1408.63dp</dimen>
    <dimen name="x1043">1409.98dp</dimen>
    <dimen name="x1044">1411.33dp</dimen>
    <dimen name="x1045">1412.69dp</dimen>
    <dimen name="x1046">1414.04dp</dimen>
    <dimen name="x1047">1415.39dp</dimen>
    <dimen name="x1048">1416.74dp</dimen>
    <dimen name="x1049">1418.09dp</dimen>
    <dimen name="x1050">1419.44dp</dimen>
    <dimen name="x1051">1420.80dp</dimen>
    <dimen name="x1052">1422.15dp</dimen>
    <dimen name="x1053">1423.50dp</dimen>
    <dimen name="x1054">1424.85dp</dimen>
    <dimen name="x1055">1426.20dp</dimen>
    <dimen name="x1056">1427.56dp</dimen>
    <dimen name="x1057">1428.91dp</dimen>
    <dimen name="x1058">1430.26dp</dimen>
    <dimen name="x1059">1431.61dp</dimen>
    <dimen name="x1060">1432.96dp</dimen>
    <dimen name="x1061">1434.31dp</dimen>
    <dimen name="x1062">1435.67dp</dimen>
    <dimen name="x1063">1437.02dp</dimen>
    <dimen name="x1064">1438.37dp</dimen>
    <dimen name="x1065">1439.72dp</dimen>
    <dimen name="x1066">1441.07dp</dimen>
    <dimen name="x1067">1442.43dp</dimen>
    <dimen name="x1068">1443.78dp</dimen>
    <dimen name="x1069">1445.13dp</dimen>
    <dimen name="x1070">1446.48dp</dimen>
    <dimen name="x1071">1447.83dp</dimen>
    <dimen name="x1072">1449.19dp</dimen>
    <dimen name="x1073">1450.54dp</dimen>
    <dimen name="x1074">1451.89dp</dimen>
    <dimen name="x1075">1453.24dp</dimen>
    <dimen name="x1076">1454.59dp</dimen>
    <dimen name="x1077">1455.94dp</dimen>
    <dimen name="x1078">1457.30dp</dimen>
    <dimen name="x1079">1458.65dp</dimen>
    <dimen name="x1080">1460.00dp</dimen>
</resources>