<?xml version="1.0" encoding="utf-8"?>
<resources>
    <string name="sw_dp">1590dp</string>
    <dimen name="x1">1.47dp</dimen>
    <dimen name="x2">2.94dp</dimen>
    <dimen name="x3">4.42dp</dimen>
    <dimen name="x4">5.89dp</dimen>
    <dimen name="x5">7.36dp</dimen>
    <dimen name="x6">8.83dp</dimen>
    <dimen name="x7">10.31dp</dimen>
    <dimen name="x8">11.78dp</dimen>
    <dimen name="x9">13.25dp</dimen>
    <dimen name="x10">14.72dp</dimen>
    <dimen name="x11">16.19dp</dimen>
    <dimen name="x12">17.67dp</dimen>
    <dimen name="x13">19.14dp</dimen>
    <dimen name="x14">20.61dp</dimen>
    <dimen name="x15">22.08dp</dimen>
    <dimen name="x16">23.56dp</dimen>
    <dimen name="x17">25.03dp</dimen>
    <dimen name="x18">26.50dp</dimen>
    <dimen name="x19">27.97dp</dimen>
    <dimen name="x20">29.44dp</dimen>
    <dimen name="x21">30.92dp</dimen>
    <dimen name="x22">32.39dp</dimen>
    <dimen name="x23">33.86dp</dimen>
    <dimen name="x24">35.33dp</dimen>
    <dimen name="x25">36.81dp</dimen>
    <dimen name="x26">38.28dp</dimen>
    <dimen name="x27">39.75dp</dimen>
    <dimen name="x28">41.22dp</dimen>
    <dimen name="x29">42.69dp</dimen>
    <dimen name="x30">44.17dp</dimen>
    <dimen name="x31">45.64dp</dimen>
    <dimen name="x32">47.11dp</dimen>
    <dimen name="x33">48.58dp</dimen>
    <dimen name="x34">50.06dp</dimen>
    <dimen name="x35">51.53dp</dimen>
    <dimen name="x36">53.00dp</dimen>
    <dimen name="x37">54.47dp</dimen>
    <dimen name="x38">55.94dp</dimen>
    <dimen name="x39">57.42dp</dimen>
    <dimen name="x40">58.89dp</dimen>
    <dimen name="x41">60.36dp</dimen>
    <dimen name="x42">61.83dp</dimen>
    <dimen name="x43">63.31dp</dimen>
    <dimen name="x44">64.78dp</dimen>
    <dimen name="x45">66.25dp</dimen>
    <dimen name="x46">67.72dp</dimen>
    <dimen name="x47">69.19dp</dimen>
    <dimen name="x48">70.67dp</dimen>
    <dimen name="x49">72.14dp</dimen>
    <dimen name="x50">73.61dp</dimen>
    <dimen name="x51">75.08dp</dimen>
    <dimen name="x52">76.56dp</dimen>
    <dimen name="x53">78.03dp</dimen>
    <dimen name="x54">79.50dp</dimen>
    <dimen name="x55">80.97dp</dimen>
    <dimen name="x56">82.44dp</dimen>
    <dimen name="x57">83.92dp</dimen>
    <dimen name="x58">85.39dp</dimen>
    <dimen name="x59">86.86dp</dimen>
    <dimen name="x60">88.33dp</dimen>
    <dimen name="x61">89.81dp</dimen>
    <dimen name="x62">91.28dp</dimen>
    <dimen name="x63">92.75dp</dimen>
    <dimen name="x64">94.22dp</dimen>
    <dimen name="x65">95.69dp</dimen>
    <dimen name="x66">97.17dp</dimen>
    <dimen name="x67">98.64dp</dimen>
    <dimen name="x68">100.11dp</dimen>
    <dimen name="x69">101.58dp</dimen>
    <dimen name="x70">103.06dp</dimen>
    <dimen name="x71">104.53dp</dimen>
    <dimen name="x72">106.00dp</dimen>
    <dimen name="x73">107.47dp</dimen>
    <dimen name="x74">108.94dp</dimen>
    <dimen name="x75">110.42dp</dimen>
    <dimen name="x76">111.89dp</dimen>
    <dimen name="x77">113.36dp</dimen>
    <dimen name="x78">114.83dp</dimen>
    <dimen name="x79">116.31dp</dimen>
    <dimen name="x80">117.78dp</dimen>
    <dimen name="x81">119.25dp</dimen>
    <dimen name="x82">120.72dp</dimen>
    <dimen name="x83">122.19dp</dimen>
    <dimen name="x84">123.67dp</dimen>
    <dimen name="x85">125.14dp</dimen>
    <dimen name="x86">126.61dp</dimen>
    <dimen name="x87">128.08dp</dimen>
    <dimen name="x88">129.56dp</dimen>
    <dimen name="x89">131.03dp</dimen>
    <dimen name="x90">132.50dp</dimen>
    <dimen name="x91">133.97dp</dimen>
    <dimen name="x92">135.44dp</dimen>
    <dimen name="x93">136.92dp</dimen>
    <dimen name="x94">138.39dp</dimen>
    <dimen name="x95">139.86dp</dimen>
    <dimen name="x96">141.33dp</dimen>
    <dimen name="x97">142.81dp</dimen>
    <dimen name="x98">144.28dp</dimen>
    <dimen name="x99">145.75dp</dimen>
    <dimen name="x100">147.22dp</dimen>
    <dimen name="x101">148.69dp</dimen>
    <dimen name="x102">150.17dp</dimen>
    <dimen name="x103">151.64dp</dimen>
    <dimen name="x104">153.11dp</dimen>
    <dimen name="x105">154.58dp</dimen>
    <dimen name="x106">156.06dp</dimen>
    <dimen name="x107">157.53dp</dimen>
    <dimen name="x108">159.00dp</dimen>
    <dimen name="x109">160.47dp</dimen>
    <dimen name="x110">161.94dp</dimen>
    <dimen name="x111">163.42dp</dimen>
    <dimen name="x112">164.89dp</dimen>
    <dimen name="x113">166.36dp</dimen>
    <dimen name="x114">167.83dp</dimen>
    <dimen name="x115">169.31dp</dimen>
    <dimen name="x116">170.78dp</dimen>
    <dimen name="x117">172.25dp</dimen>
    <dimen name="x118">173.72dp</dimen>
    <dimen name="x119">175.19dp</dimen>
    <dimen name="x120">176.67dp</dimen>
    <dimen name="x121">178.14dp</dimen>
    <dimen name="x122">179.61dp</dimen>
    <dimen name="x123">181.08dp</dimen>
    <dimen name="x124">182.56dp</dimen>
    <dimen name="x125">184.03dp</dimen>
    <dimen name="x126">185.50dp</dimen>
    <dimen name="x127">186.97dp</dimen>
    <dimen name="x128">188.44dp</dimen>
    <dimen name="x129">189.92dp</dimen>
    <dimen name="x130">191.39dp</dimen>
    <dimen name="x131">192.86dp</dimen>
    <dimen name="x132">194.33dp</dimen>
    <dimen name="x133">195.81dp</dimen>
    <dimen name="x134">197.28dp</dimen>
    <dimen name="x135">198.75dp</dimen>
    <dimen name="x136">200.22dp</dimen>
    <dimen name="x137">201.69dp</dimen>
    <dimen name="x138">203.17dp</dimen>
    <dimen name="x139">204.64dp</dimen>
    <dimen name="x140">206.11dp</dimen>
    <dimen name="x141">207.58dp</dimen>
    <dimen name="x142">209.06dp</dimen>
    <dimen name="x143">210.53dp</dimen>
    <dimen name="x144">212.00dp</dimen>
    <dimen name="x145">213.47dp</dimen>
    <dimen name="x146">214.94dp</dimen>
    <dimen name="x147">216.42dp</dimen>
    <dimen name="x148">217.89dp</dimen>
    <dimen name="x149">219.36dp</dimen>
    <dimen name="x150">220.83dp</dimen>
    <dimen name="x151">222.31dp</dimen>
    <dimen name="x152">223.78dp</dimen>
    <dimen name="x153">225.25dp</dimen>
    <dimen name="x154">226.72dp</dimen>
    <dimen name="x155">228.19dp</dimen>
    <dimen name="x156">229.67dp</dimen>
    <dimen name="x157">231.14dp</dimen>
    <dimen name="x158">232.61dp</dimen>
    <dimen name="x159">234.08dp</dimen>
    <dimen name="x160">235.56dp</dimen>
    <dimen name="x161">237.03dp</dimen>
    <dimen name="x162">238.50dp</dimen>
    <dimen name="x163">239.97dp</dimen>
    <dimen name="x164">241.44dp</dimen>
    <dimen name="x165">242.92dp</dimen>
    <dimen name="x166">244.39dp</dimen>
    <dimen name="x167">245.86dp</dimen>
    <dimen name="x168">247.33dp</dimen>
    <dimen name="x169">248.81dp</dimen>
    <dimen name="x170">250.28dp</dimen>
    <dimen name="x171">251.75dp</dimen>
    <dimen name="x172">253.22dp</dimen>
    <dimen name="x173">254.69dp</dimen>
    <dimen name="x174">256.17dp</dimen>
    <dimen name="x175">257.64dp</dimen>
    <dimen name="x176">259.11dp</dimen>
    <dimen name="x177">260.58dp</dimen>
    <dimen name="x178">262.06dp</dimen>
    <dimen name="x179">263.53dp</dimen>
    <dimen name="x180">265.00dp</dimen>
    <dimen name="x181">266.47dp</dimen>
    <dimen name="x182">267.94dp</dimen>
    <dimen name="x183">269.42dp</dimen>
    <dimen name="x184">270.89dp</dimen>
    <dimen name="x185">272.36dp</dimen>
    <dimen name="x186">273.83dp</dimen>
    <dimen name="x187">275.31dp</dimen>
    <dimen name="x188">276.78dp</dimen>
    <dimen name="x189">278.25dp</dimen>
    <dimen name="x190">279.72dp</dimen>
    <dimen name="x191">281.19dp</dimen>
    <dimen name="x192">282.67dp</dimen>
    <dimen name="x193">284.14dp</dimen>
    <dimen name="x194">285.61dp</dimen>
    <dimen name="x195">287.08dp</dimen>
    <dimen name="x196">288.56dp</dimen>
    <dimen name="x197">290.03dp</dimen>
    <dimen name="x198">291.50dp</dimen>
    <dimen name="x199">292.97dp</dimen>
    <dimen name="x200">294.44dp</dimen>
    <dimen name="x201">295.92dp</dimen>
    <dimen name="x202">297.39dp</dimen>
    <dimen name="x203">298.86dp</dimen>
    <dimen name="x204">300.33dp</dimen>
    <dimen name="x205">301.81dp</dimen>
    <dimen name="x206">303.28dp</dimen>
    <dimen name="x207">304.75dp</dimen>
    <dimen name="x208">306.22dp</dimen>
    <dimen name="x209">307.69dp</dimen>
    <dimen name="x210">309.17dp</dimen>
    <dimen name="x211">310.64dp</dimen>
    <dimen name="x212">312.11dp</dimen>
    <dimen name="x213">313.58dp</dimen>
    <dimen name="x214">315.06dp</dimen>
    <dimen name="x215">316.53dp</dimen>
    <dimen name="x216">318.00dp</dimen>
    <dimen name="x217">319.47dp</dimen>
    <dimen name="x218">320.94dp</dimen>
    <dimen name="x219">322.42dp</dimen>
    <dimen name="x220">323.89dp</dimen>
    <dimen name="x221">325.36dp</dimen>
    <dimen name="x222">326.83dp</dimen>
    <dimen name="x223">328.31dp</dimen>
    <dimen name="x224">329.78dp</dimen>
    <dimen name="x225">331.25dp</dimen>
    <dimen name="x226">332.72dp</dimen>
    <dimen name="x227">334.19dp</dimen>
    <dimen name="x228">335.67dp</dimen>
    <dimen name="x229">337.14dp</dimen>
    <dimen name="x230">338.61dp</dimen>
    <dimen name="x231">340.08dp</dimen>
    <dimen name="x232">341.56dp</dimen>
    <dimen name="x233">343.03dp</dimen>
    <dimen name="x234">344.50dp</dimen>
    <dimen name="x235">345.97dp</dimen>
    <dimen name="x236">347.44dp</dimen>
    <dimen name="x237">348.92dp</dimen>
    <dimen name="x238">350.39dp</dimen>
    <dimen name="x239">351.86dp</dimen>
    <dimen name="x240">353.33dp</dimen>
    <dimen name="x241">354.81dp</dimen>
    <dimen name="x242">356.28dp</dimen>
    <dimen name="x243">357.75dp</dimen>
    <dimen name="x244">359.22dp</dimen>
    <dimen name="x245">360.69dp</dimen>
    <dimen name="x246">362.17dp</dimen>
    <dimen name="x247">363.64dp</dimen>
    <dimen name="x248">365.11dp</dimen>
    <dimen name="x249">366.58dp</dimen>
    <dimen name="x250">368.06dp</dimen>
    <dimen name="x251">369.53dp</dimen>
    <dimen name="x252">371.00dp</dimen>
    <dimen name="x253">372.47dp</dimen>
    <dimen name="x254">373.94dp</dimen>
    <dimen name="x255">375.42dp</dimen>
    <dimen name="x256">376.89dp</dimen>
    <dimen name="x257">378.36dp</dimen>
    <dimen name="x258">379.83dp</dimen>
    <dimen name="x259">381.31dp</dimen>
    <dimen name="x260">382.78dp</dimen>
    <dimen name="x261">384.25dp</dimen>
    <dimen name="x262">385.72dp</dimen>
    <dimen name="x263">387.19dp</dimen>
    <dimen name="x264">388.67dp</dimen>
    <dimen name="x265">390.14dp</dimen>
    <dimen name="x266">391.61dp</dimen>
    <dimen name="x267">393.08dp</dimen>
    <dimen name="x268">394.56dp</dimen>
    <dimen name="x269">396.03dp</dimen>
    <dimen name="x270">397.50dp</dimen>
    <dimen name="x271">398.97dp</dimen>
    <dimen name="x272">400.44dp</dimen>
    <dimen name="x273">401.92dp</dimen>
    <dimen name="x274">403.39dp</dimen>
    <dimen name="x275">404.86dp</dimen>
    <dimen name="x276">406.33dp</dimen>
    <dimen name="x277">407.81dp</dimen>
    <dimen name="x278">409.28dp</dimen>
    <dimen name="x279">410.75dp</dimen>
    <dimen name="x280">412.22dp</dimen>
    <dimen name="x281">413.69dp</dimen>
    <dimen name="x282">415.17dp</dimen>
    <dimen name="x283">416.64dp</dimen>
    <dimen name="x284">418.11dp</dimen>
    <dimen name="x285">419.58dp</dimen>
    <dimen name="x286">421.06dp</dimen>
    <dimen name="x287">422.53dp</dimen>
    <dimen name="x288">424.00dp</dimen>
    <dimen name="x289">425.47dp</dimen>
    <dimen name="x290">426.94dp</dimen>
    <dimen name="x291">428.42dp</dimen>
    <dimen name="x292">429.89dp</dimen>
    <dimen name="x293">431.36dp</dimen>
    <dimen name="x294">432.83dp</dimen>
    <dimen name="x295">434.31dp</dimen>
    <dimen name="x296">435.78dp</dimen>
    <dimen name="x297">437.25dp</dimen>
    <dimen name="x298">438.72dp</dimen>
    <dimen name="x299">440.19dp</dimen>
    <dimen name="x300">441.67dp</dimen>
    <dimen name="x301">443.14dp</dimen>
    <dimen name="x302">444.61dp</dimen>
    <dimen name="x303">446.08dp</dimen>
    <dimen name="x304">447.56dp</dimen>
    <dimen name="x305">449.03dp</dimen>
    <dimen name="x306">450.50dp</dimen>
    <dimen name="x307">451.97dp</dimen>
    <dimen name="x308">453.44dp</dimen>
    <dimen name="x309">454.92dp</dimen>
    <dimen name="x310">456.39dp</dimen>
    <dimen name="x311">457.86dp</dimen>
    <dimen name="x312">459.33dp</dimen>
    <dimen name="x313">460.81dp</dimen>
    <dimen name="x314">462.28dp</dimen>
    <dimen name="x315">463.75dp</dimen>
    <dimen name="x316">465.22dp</dimen>
    <dimen name="x317">466.69dp</dimen>
    <dimen name="x318">468.17dp</dimen>
    <dimen name="x319">469.64dp</dimen>
    <dimen name="x320">471.11dp</dimen>
    <dimen name="x321">472.58dp</dimen>
    <dimen name="x322">474.06dp</dimen>
    <dimen name="x323">475.53dp</dimen>
    <dimen name="x324">477.00dp</dimen>
    <dimen name="x325">478.47dp</dimen>
    <dimen name="x326">479.94dp</dimen>
    <dimen name="x327">481.42dp</dimen>
    <dimen name="x328">482.89dp</dimen>
    <dimen name="x329">484.36dp</dimen>
    <dimen name="x330">485.83dp</dimen>
    <dimen name="x331">487.31dp</dimen>
    <dimen name="x332">488.78dp</dimen>
    <dimen name="x333">490.25dp</dimen>
    <dimen name="x334">491.72dp</dimen>
    <dimen name="x335">493.19dp</dimen>
    <dimen name="x336">494.67dp</dimen>
    <dimen name="x337">496.14dp</dimen>
    <dimen name="x338">497.61dp</dimen>
    <dimen name="x339">499.08dp</dimen>
    <dimen name="x340">500.56dp</dimen>
    <dimen name="x341">502.03dp</dimen>
    <dimen name="x342">503.50dp</dimen>
    <dimen name="x343">504.97dp</dimen>
    <dimen name="x344">506.44dp</dimen>
    <dimen name="x345">507.92dp</dimen>
    <dimen name="x346">509.39dp</dimen>
    <dimen name="x347">510.86dp</dimen>
    <dimen name="x348">512.33dp</dimen>
    <dimen name="x349">513.81dp</dimen>
    <dimen name="x350">515.28dp</dimen>
    <dimen name="x351">516.75dp</dimen>
    <dimen name="x352">518.22dp</dimen>
    <dimen name="x353">519.69dp</dimen>
    <dimen name="x354">521.17dp</dimen>
    <dimen name="x355">522.64dp</dimen>
    <dimen name="x356">524.11dp</dimen>
    <dimen name="x357">525.58dp</dimen>
    <dimen name="x358">527.06dp</dimen>
    <dimen name="x359">528.53dp</dimen>
    <dimen name="x360">530.00dp</dimen>
    <dimen name="x361">531.47dp</dimen>
    <dimen name="x362">532.94dp</dimen>
    <dimen name="x363">534.42dp</dimen>
    <dimen name="x364">535.89dp</dimen>
    <dimen name="x365">537.36dp</dimen>
    <dimen name="x366">538.83dp</dimen>
    <dimen name="x367">540.31dp</dimen>
    <dimen name="x368">541.78dp</dimen>
    <dimen name="x369">543.25dp</dimen>
    <dimen name="x370">544.72dp</dimen>
    <dimen name="x371">546.19dp</dimen>
    <dimen name="x372">547.67dp</dimen>
    <dimen name="x373">549.14dp</dimen>
    <dimen name="x374">550.61dp</dimen>
    <dimen name="x375">552.08dp</dimen>
    <dimen name="x376">553.56dp</dimen>
    <dimen name="x377">555.03dp</dimen>
    <dimen name="x378">556.50dp</dimen>
    <dimen name="x379">557.97dp</dimen>
    <dimen name="x380">559.44dp</dimen>
    <dimen name="x381">560.92dp</dimen>
    <dimen name="x382">562.39dp</dimen>
    <dimen name="x383">563.86dp</dimen>
    <dimen name="x384">565.33dp</dimen>
    <dimen name="x385">566.81dp</dimen>
    <dimen name="x386">568.28dp</dimen>
    <dimen name="x387">569.75dp</dimen>
    <dimen name="x388">571.22dp</dimen>
    <dimen name="x389">572.69dp</dimen>
    <dimen name="x390">574.17dp</dimen>
    <dimen name="x391">575.64dp</dimen>
    <dimen name="x392">577.11dp</dimen>
    <dimen name="x393">578.58dp</dimen>
    <dimen name="x394">580.06dp</dimen>
    <dimen name="x395">581.53dp</dimen>
    <dimen name="x396">583.00dp</dimen>
    <dimen name="x397">584.47dp</dimen>
    <dimen name="x398">585.94dp</dimen>
    <dimen name="x399">587.42dp</dimen>
    <dimen name="x400">588.89dp</dimen>
    <dimen name="x401">590.36dp</dimen>
    <dimen name="x402">591.83dp</dimen>
    <dimen name="x403">593.31dp</dimen>
    <dimen name="x404">594.78dp</dimen>
    <dimen name="x405">596.25dp</dimen>
    <dimen name="x406">597.72dp</dimen>
    <dimen name="x407">599.19dp</dimen>
    <dimen name="x408">600.67dp</dimen>
    <dimen name="x409">602.14dp</dimen>
    <dimen name="x410">603.61dp</dimen>
    <dimen name="x411">605.08dp</dimen>
    <dimen name="x412">606.56dp</dimen>
    <dimen name="x413">608.03dp</dimen>
    <dimen name="x414">609.50dp</dimen>
    <dimen name="x415">610.97dp</dimen>
    <dimen name="x416">612.44dp</dimen>
    <dimen name="x417">613.92dp</dimen>
    <dimen name="x418">615.39dp</dimen>
    <dimen name="x419">616.86dp</dimen>
    <dimen name="x420">618.33dp</dimen>
    <dimen name="x421">619.81dp</dimen>
    <dimen name="x422">621.28dp</dimen>
    <dimen name="x423">622.75dp</dimen>
    <dimen name="x424">624.22dp</dimen>
    <dimen name="x425">625.69dp</dimen>
    <dimen name="x426">627.17dp</dimen>
    <dimen name="x427">628.64dp</dimen>
    <dimen name="x428">630.11dp</dimen>
    <dimen name="x429">631.58dp</dimen>
    <dimen name="x430">633.06dp</dimen>
    <dimen name="x431">634.53dp</dimen>
    <dimen name="x432">636.00dp</dimen>
    <dimen name="x433">637.47dp</dimen>
    <dimen name="x434">638.94dp</dimen>
    <dimen name="x435">640.42dp</dimen>
    <dimen name="x436">641.89dp</dimen>
    <dimen name="x437">643.36dp</dimen>
    <dimen name="x438">644.83dp</dimen>
    <dimen name="x439">646.31dp</dimen>
    <dimen name="x440">647.78dp</dimen>
    <dimen name="x441">649.25dp</dimen>
    <dimen name="x442">650.72dp</dimen>
    <dimen name="x443">652.19dp</dimen>
    <dimen name="x444">653.67dp</dimen>
    <dimen name="x445">655.14dp</dimen>
    <dimen name="x446">656.61dp</dimen>
    <dimen name="x447">658.08dp</dimen>
    <dimen name="x448">659.56dp</dimen>
    <dimen name="x449">661.03dp</dimen>
    <dimen name="x450">662.50dp</dimen>
    <dimen name="x451">663.97dp</dimen>
    <dimen name="x452">665.44dp</dimen>
    <dimen name="x453">666.92dp</dimen>
    <dimen name="x454">668.39dp</dimen>
    <dimen name="x455">669.86dp</dimen>
    <dimen name="x456">671.33dp</dimen>
    <dimen name="x457">672.81dp</dimen>
    <dimen name="x458">674.28dp</dimen>
    <dimen name="x459">675.75dp</dimen>
    <dimen name="x460">677.22dp</dimen>
    <dimen name="x461">678.69dp</dimen>
    <dimen name="x462">680.17dp</dimen>
    <dimen name="x463">681.64dp</dimen>
    <dimen name="x464">683.11dp</dimen>
    <dimen name="x465">684.58dp</dimen>
    <dimen name="x466">686.06dp</dimen>
    <dimen name="x467">687.53dp</dimen>
    <dimen name="x468">689.00dp</dimen>
    <dimen name="x469">690.47dp</dimen>
    <dimen name="x470">691.94dp</dimen>
    <dimen name="x471">693.42dp</dimen>
    <dimen name="x472">694.89dp</dimen>
    <dimen name="x473">696.36dp</dimen>
    <dimen name="x474">697.83dp</dimen>
    <dimen name="x475">699.31dp</dimen>
    <dimen name="x476">700.78dp</dimen>
    <dimen name="x477">702.25dp</dimen>
    <dimen name="x478">703.72dp</dimen>
    <dimen name="x479">705.19dp</dimen>
    <dimen name="x480">706.67dp</dimen>
    <dimen name="x481">708.14dp</dimen>
    <dimen name="x482">709.61dp</dimen>
    <dimen name="x483">711.08dp</dimen>
    <dimen name="x484">712.56dp</dimen>
    <dimen name="x485">714.03dp</dimen>
    <dimen name="x486">715.50dp</dimen>
    <dimen name="x487">716.97dp</dimen>
    <dimen name="x488">718.44dp</dimen>
    <dimen name="x489">719.92dp</dimen>
    <dimen name="x490">721.39dp</dimen>
    <dimen name="x491">722.86dp</dimen>
    <dimen name="x492">724.33dp</dimen>
    <dimen name="x493">725.81dp</dimen>
    <dimen name="x494">727.28dp</dimen>
    <dimen name="x495">728.75dp</dimen>
    <dimen name="x496">730.22dp</dimen>
    <dimen name="x497">731.69dp</dimen>
    <dimen name="x498">733.17dp</dimen>
    <dimen name="x499">734.64dp</dimen>
    <dimen name="x500">736.11dp</dimen>
    <dimen name="x501">737.58dp</dimen>
    <dimen name="x502">739.06dp</dimen>
    <dimen name="x503">740.53dp</dimen>
    <dimen name="x504">742.00dp</dimen>
    <dimen name="x505">743.47dp</dimen>
    <dimen name="x506">744.94dp</dimen>
    <dimen name="x507">746.42dp</dimen>
    <dimen name="x508">747.89dp</dimen>
    <dimen name="x509">749.36dp</dimen>
    <dimen name="x510">750.83dp</dimen>
    <dimen name="x511">752.31dp</dimen>
    <dimen name="x512">753.78dp</dimen>
    <dimen name="x513">755.25dp</dimen>
    <dimen name="x514">756.72dp</dimen>
    <dimen name="x515">758.19dp</dimen>
    <dimen name="x516">759.67dp</dimen>
    <dimen name="x517">761.14dp</dimen>
    <dimen name="x518">762.61dp</dimen>
    <dimen name="x519">764.08dp</dimen>
    <dimen name="x520">765.56dp</dimen>
    <dimen name="x521">767.03dp</dimen>
    <dimen name="x522">768.50dp</dimen>
    <dimen name="x523">769.97dp</dimen>
    <dimen name="x524">771.44dp</dimen>
    <dimen name="x525">772.92dp</dimen>
    <dimen name="x526">774.39dp</dimen>
    <dimen name="x527">775.86dp</dimen>
    <dimen name="x528">777.33dp</dimen>
    <dimen name="x529">778.81dp</dimen>
    <dimen name="x530">780.28dp</dimen>
    <dimen name="x531">781.75dp</dimen>
    <dimen name="x532">783.22dp</dimen>
    <dimen name="x533">784.69dp</dimen>
    <dimen name="x534">786.17dp</dimen>
    <dimen name="x535">787.64dp</dimen>
    <dimen name="x536">789.11dp</dimen>
    <dimen name="x537">790.58dp</dimen>
    <dimen name="x538">792.06dp</dimen>
    <dimen name="x539">793.53dp</dimen>
    <dimen name="x540">795.00dp</dimen>
    <dimen name="x541">796.47dp</dimen>
    <dimen name="x542">797.94dp</dimen>
    <dimen name="x543">799.42dp</dimen>
    <dimen name="x544">800.89dp</dimen>
    <dimen name="x545">802.36dp</dimen>
    <dimen name="x546">803.83dp</dimen>
    <dimen name="x547">805.31dp</dimen>
    <dimen name="x548">806.78dp</dimen>
    <dimen name="x549">808.25dp</dimen>
    <dimen name="x550">809.72dp</dimen>
    <dimen name="x551">811.19dp</dimen>
    <dimen name="x552">812.67dp</dimen>
    <dimen name="x553">814.14dp</dimen>
    <dimen name="x554">815.61dp</dimen>
    <dimen name="x555">817.08dp</dimen>
    <dimen name="x556">818.56dp</dimen>
    <dimen name="x557">820.03dp</dimen>
    <dimen name="x558">821.50dp</dimen>
    <dimen name="x559">822.97dp</dimen>
    <dimen name="x560">824.44dp</dimen>
    <dimen name="x561">825.92dp</dimen>
    <dimen name="x562">827.39dp</dimen>
    <dimen name="x563">828.86dp</dimen>
    <dimen name="x564">830.33dp</dimen>
    <dimen name="x565">831.81dp</dimen>
    <dimen name="x566">833.28dp</dimen>
    <dimen name="x567">834.75dp</dimen>
    <dimen name="x568">836.22dp</dimen>
    <dimen name="x569">837.69dp</dimen>
    <dimen name="x570">839.17dp</dimen>
    <dimen name="x571">840.64dp</dimen>
    <dimen name="x572">842.11dp</dimen>
    <dimen name="x573">843.58dp</dimen>
    <dimen name="x574">845.06dp</dimen>
    <dimen name="x575">846.53dp</dimen>
    <dimen name="x576">848.00dp</dimen>
    <dimen name="x577">849.47dp</dimen>
    <dimen name="x578">850.94dp</dimen>
    <dimen name="x579">852.42dp</dimen>
    <dimen name="x580">853.89dp</dimen>
    <dimen name="x581">855.36dp</dimen>
    <dimen name="x582">856.83dp</dimen>
    <dimen name="x583">858.31dp</dimen>
    <dimen name="x584">859.78dp</dimen>
    <dimen name="x585">861.25dp</dimen>
    <dimen name="x586">862.72dp</dimen>
    <dimen name="x587">864.19dp</dimen>
    <dimen name="x588">865.67dp</dimen>
    <dimen name="x589">867.14dp</dimen>
    <dimen name="x590">868.61dp</dimen>
    <dimen name="x591">870.08dp</dimen>
    <dimen name="x592">871.56dp</dimen>
    <dimen name="x593">873.03dp</dimen>
    <dimen name="x594">874.50dp</dimen>
    <dimen name="x595">875.97dp</dimen>
    <dimen name="x596">877.44dp</dimen>
    <dimen name="x597">878.92dp</dimen>
    <dimen name="x598">880.39dp</dimen>
    <dimen name="x599">881.86dp</dimen>
    <dimen name="x600">883.33dp</dimen>
    <dimen name="x601">884.81dp</dimen>
    <dimen name="x602">886.28dp</dimen>
    <dimen name="x603">887.75dp</dimen>
    <dimen name="x604">889.22dp</dimen>
    <dimen name="x605">890.69dp</dimen>
    <dimen name="x606">892.17dp</dimen>
    <dimen name="x607">893.64dp</dimen>
    <dimen name="x608">895.11dp</dimen>
    <dimen name="x609">896.58dp</dimen>
    <dimen name="x610">898.06dp</dimen>
    <dimen name="x611">899.53dp</dimen>
    <dimen name="x612">901.00dp</dimen>
    <dimen name="x613">902.47dp</dimen>
    <dimen name="x614">903.94dp</dimen>
    <dimen name="x615">905.42dp</dimen>
    <dimen name="x616">906.89dp</dimen>
    <dimen name="x617">908.36dp</dimen>
    <dimen name="x618">909.83dp</dimen>
    <dimen name="x619">911.31dp</dimen>
    <dimen name="x620">912.78dp</dimen>
    <dimen name="x621">914.25dp</dimen>
    <dimen name="x622">915.72dp</dimen>
    <dimen name="x623">917.19dp</dimen>
    <dimen name="x624">918.67dp</dimen>
    <dimen name="x625">920.14dp</dimen>
    <dimen name="x626">921.61dp</dimen>
    <dimen name="x627">923.08dp</dimen>
    <dimen name="x628">924.56dp</dimen>
    <dimen name="x629">926.03dp</dimen>
    <dimen name="x630">927.50dp</dimen>
    <dimen name="x631">928.97dp</dimen>
    <dimen name="x632">930.44dp</dimen>
    <dimen name="x633">931.92dp</dimen>
    <dimen name="x634">933.39dp</dimen>
    <dimen name="x635">934.86dp</dimen>
    <dimen name="x636">936.33dp</dimen>
    <dimen name="x637">937.81dp</dimen>
    <dimen name="x638">939.28dp</dimen>
    <dimen name="x639">940.75dp</dimen>
    <dimen name="x640">942.22dp</dimen>
    <dimen name="x641">943.69dp</dimen>
    <dimen name="x642">945.17dp</dimen>
    <dimen name="x643">946.64dp</dimen>
    <dimen name="x644">948.11dp</dimen>
    <dimen name="x645">949.58dp</dimen>
    <dimen name="x646">951.06dp</dimen>
    <dimen name="x647">952.53dp</dimen>
    <dimen name="x648">954.00dp</dimen>
    <dimen name="x649">955.47dp</dimen>
    <dimen name="x650">956.94dp</dimen>
    <dimen name="x651">958.42dp</dimen>
    <dimen name="x652">959.89dp</dimen>
    <dimen name="x653">961.36dp</dimen>
    <dimen name="x654">962.83dp</dimen>
    <dimen name="x655">964.31dp</dimen>
    <dimen name="x656">965.78dp</dimen>
    <dimen name="x657">967.25dp</dimen>
    <dimen name="x658">968.72dp</dimen>
    <dimen name="x659">970.19dp</dimen>
    <dimen name="x660">971.67dp</dimen>
    <dimen name="x661">973.14dp</dimen>
    <dimen name="x662">974.61dp</dimen>
    <dimen name="x663">976.08dp</dimen>
    <dimen name="x664">977.56dp</dimen>
    <dimen name="x665">979.03dp</dimen>
    <dimen name="x666">980.50dp</dimen>
    <dimen name="x667">981.97dp</dimen>
    <dimen name="x668">983.44dp</dimen>
    <dimen name="x669">984.92dp</dimen>
    <dimen name="x670">986.39dp</dimen>
    <dimen name="x671">987.86dp</dimen>
    <dimen name="x672">989.33dp</dimen>
    <dimen name="x673">990.81dp</dimen>
    <dimen name="x674">992.28dp</dimen>
    <dimen name="x675">993.75dp</dimen>
    <dimen name="x676">995.22dp</dimen>
    <dimen name="x677">996.69dp</dimen>
    <dimen name="x678">998.17dp</dimen>
    <dimen name="x679">999.64dp</dimen>
    <dimen name="x680">1001.11dp</dimen>
    <dimen name="x681">1002.58dp</dimen>
    <dimen name="x682">1004.06dp</dimen>
    <dimen name="x683">1005.53dp</dimen>
    <dimen name="x684">1007.00dp</dimen>
    <dimen name="x685">1008.47dp</dimen>
    <dimen name="x686">1009.94dp</dimen>
    <dimen name="x687">1011.42dp</dimen>
    <dimen name="x688">1012.89dp</dimen>
    <dimen name="x689">1014.36dp</dimen>
    <dimen name="x690">1015.83dp</dimen>
    <dimen name="x691">1017.31dp</dimen>
    <dimen name="x692">1018.78dp</dimen>
    <dimen name="x693">1020.25dp</dimen>
    <dimen name="x694">1021.72dp</dimen>
    <dimen name="x695">1023.19dp</dimen>
    <dimen name="x696">1024.67dp</dimen>
    <dimen name="x697">1026.14dp</dimen>
    <dimen name="x698">1027.61dp</dimen>
    <dimen name="x699">1029.08dp</dimen>
    <dimen name="x700">1030.56dp</dimen>
    <dimen name="x701">1032.03dp</dimen>
    <dimen name="x702">1033.50dp</dimen>
    <dimen name="x703">1034.97dp</dimen>
    <dimen name="x704">1036.44dp</dimen>
    <dimen name="x705">1037.92dp</dimen>
    <dimen name="x706">1039.39dp</dimen>
    <dimen name="x707">1040.86dp</dimen>
    <dimen name="x708">1042.33dp</dimen>
    <dimen name="x709">1043.81dp</dimen>
    <dimen name="x710">1045.28dp</dimen>
    <dimen name="x711">1046.75dp</dimen>
    <dimen name="x712">1048.22dp</dimen>
    <dimen name="x713">1049.69dp</dimen>
    <dimen name="x714">1051.17dp</dimen>
    <dimen name="x715">1052.64dp</dimen>
    <dimen name="x716">1054.11dp</dimen>
    <dimen name="x717">1055.58dp</dimen>
    <dimen name="x718">1057.06dp</dimen>
    <dimen name="x719">1058.53dp</dimen>
    <dimen name="x720">1060.00dp</dimen>
    <dimen name="x721">1061.47dp</dimen>
    <dimen name="x722">1062.94dp</dimen>
    <dimen name="x723">1064.42dp</dimen>
    <dimen name="x724">1065.89dp</dimen>
    <dimen name="x725">1067.36dp</dimen>
    <dimen name="x726">1068.83dp</dimen>
    <dimen name="x727">1070.31dp</dimen>
    <dimen name="x728">1071.78dp</dimen>
    <dimen name="x729">1073.25dp</dimen>
    <dimen name="x730">1074.72dp</dimen>
    <dimen name="x731">1076.19dp</dimen>
    <dimen name="x732">1077.67dp</dimen>
    <dimen name="x733">1079.14dp</dimen>
    <dimen name="x734">1080.61dp</dimen>
    <dimen name="x735">1082.08dp</dimen>
    <dimen name="x736">1083.56dp</dimen>
    <dimen name="x737">1085.03dp</dimen>
    <dimen name="x738">1086.50dp</dimen>
    <dimen name="x739">1087.97dp</dimen>
    <dimen name="x740">1089.44dp</dimen>
    <dimen name="x741">1090.92dp</dimen>
    <dimen name="x742">1092.39dp</dimen>
    <dimen name="x743">1093.86dp</dimen>
    <dimen name="x744">1095.33dp</dimen>
    <dimen name="x745">1096.81dp</dimen>
    <dimen name="x746">1098.28dp</dimen>
    <dimen name="x747">1099.75dp</dimen>
    <dimen name="x748">1101.22dp</dimen>
    <dimen name="x749">1102.69dp</dimen>
    <dimen name="x750">1104.17dp</dimen>
    <dimen name="x751">1105.64dp</dimen>
    <dimen name="x752">1107.11dp</dimen>
    <dimen name="x753">1108.58dp</dimen>
    <dimen name="x754">1110.06dp</dimen>
    <dimen name="x755">1111.53dp</dimen>
    <dimen name="x756">1113.00dp</dimen>
    <dimen name="x757">1114.47dp</dimen>
    <dimen name="x758">1115.94dp</dimen>
    <dimen name="x759">1117.42dp</dimen>
    <dimen name="x760">1118.89dp</dimen>
    <dimen name="x761">1120.36dp</dimen>
    <dimen name="x762">1121.83dp</dimen>
    <dimen name="x763">1123.31dp</dimen>
    <dimen name="x764">1124.78dp</dimen>
    <dimen name="x765">1126.25dp</dimen>
    <dimen name="x766">1127.72dp</dimen>
    <dimen name="x767">1129.19dp</dimen>
    <dimen name="x768">1130.67dp</dimen>
    <dimen name="x769">1132.14dp</dimen>
    <dimen name="x770">1133.61dp</dimen>
    <dimen name="x771">1135.08dp</dimen>
    <dimen name="x772">1136.56dp</dimen>
    <dimen name="x773">1138.03dp</dimen>
    <dimen name="x774">1139.50dp</dimen>
    <dimen name="x775">1140.97dp</dimen>
    <dimen name="x776">1142.44dp</dimen>
    <dimen name="x777">1143.92dp</dimen>
    <dimen name="x778">1145.39dp</dimen>
    <dimen name="x779">1146.86dp</dimen>
    <dimen name="x780">1148.33dp</dimen>
    <dimen name="x781">1149.81dp</dimen>
    <dimen name="x782">1151.28dp</dimen>
    <dimen name="x783">1152.75dp</dimen>
    <dimen name="x784">1154.22dp</dimen>
    <dimen name="x785">1155.69dp</dimen>
    <dimen name="x786">1157.17dp</dimen>
    <dimen name="x787">1158.64dp</dimen>
    <dimen name="x788">1160.11dp</dimen>
    <dimen name="x789">1161.58dp</dimen>
    <dimen name="x790">1163.06dp</dimen>
    <dimen name="x791">1164.53dp</dimen>
    <dimen name="x792">1166.00dp</dimen>
    <dimen name="x793">1167.47dp</dimen>
    <dimen name="x794">1168.94dp</dimen>
    <dimen name="x795">1170.42dp</dimen>
    <dimen name="x796">1171.89dp</dimen>
    <dimen name="x797">1173.36dp</dimen>
    <dimen name="x798">1174.83dp</dimen>
    <dimen name="x799">1176.31dp</dimen>
    <dimen name="x800">1177.78dp</dimen>
    <dimen name="x801">1179.25dp</dimen>
    <dimen name="x802">1180.72dp</dimen>
    <dimen name="x803">1182.19dp</dimen>
    <dimen name="x804">1183.67dp</dimen>
    <dimen name="x805">1185.14dp</dimen>
    <dimen name="x806">1186.61dp</dimen>
    <dimen name="x807">1188.08dp</dimen>
    <dimen name="x808">1189.56dp</dimen>
    <dimen name="x809">1191.03dp</dimen>
    <dimen name="x810">1192.50dp</dimen>
    <dimen name="x811">1193.97dp</dimen>
    <dimen name="x812">1195.44dp</dimen>
    <dimen name="x813">1196.92dp</dimen>
    <dimen name="x814">1198.39dp</dimen>
    <dimen name="x815">1199.86dp</dimen>
    <dimen name="x816">1201.33dp</dimen>
    <dimen name="x817">1202.81dp</dimen>
    <dimen name="x818">1204.28dp</dimen>
    <dimen name="x819">1205.75dp</dimen>
    <dimen name="x820">1207.22dp</dimen>
    <dimen name="x821">1208.69dp</dimen>
    <dimen name="x822">1210.17dp</dimen>
    <dimen name="x823">1211.64dp</dimen>
    <dimen name="x824">1213.11dp</dimen>
    <dimen name="x825">1214.58dp</dimen>
    <dimen name="x826">1216.06dp</dimen>
    <dimen name="x827">1217.53dp</dimen>
    <dimen name="x828">1219.00dp</dimen>
    <dimen name="x829">1220.47dp</dimen>
    <dimen name="x830">1221.94dp</dimen>
    <dimen name="x831">1223.42dp</dimen>
    <dimen name="x832">1224.89dp</dimen>
    <dimen name="x833">1226.36dp</dimen>
    <dimen name="x834">1227.83dp</dimen>
    <dimen name="x835">1229.31dp</dimen>
    <dimen name="x836">1230.78dp</dimen>
    <dimen name="x837">1232.25dp</dimen>
    <dimen name="x838">1233.72dp</dimen>
    <dimen name="x839">1235.19dp</dimen>
    <dimen name="x840">1236.67dp</dimen>
    <dimen name="x841">1238.14dp</dimen>
    <dimen name="x842">1239.61dp</dimen>
    <dimen name="x843">1241.08dp</dimen>
    <dimen name="x844">1242.56dp</dimen>
    <dimen name="x845">1244.03dp</dimen>
    <dimen name="x846">1245.50dp</dimen>
    <dimen name="x847">1246.97dp</dimen>
    <dimen name="x848">1248.44dp</dimen>
    <dimen name="x849">1249.92dp</dimen>
    <dimen name="x850">1251.39dp</dimen>
    <dimen name="x851">1252.86dp</dimen>
    <dimen name="x852">1254.33dp</dimen>
    <dimen name="x853">1255.81dp</dimen>
    <dimen name="x854">1257.28dp</dimen>
    <dimen name="x855">1258.75dp</dimen>
    <dimen name="x856">1260.22dp</dimen>
    <dimen name="x857">1261.69dp</dimen>
    <dimen name="x858">1263.17dp</dimen>
    <dimen name="x859">1264.64dp</dimen>
    <dimen name="x860">1266.11dp</dimen>
    <dimen name="x861">1267.58dp</dimen>
    <dimen name="x862">1269.06dp</dimen>
    <dimen name="x863">1270.53dp</dimen>
    <dimen name="x864">1272.00dp</dimen>
    <dimen name="x865">1273.47dp</dimen>
    <dimen name="x866">1274.94dp</dimen>
    <dimen name="x867">1276.42dp</dimen>
    <dimen name="x868">1277.89dp</dimen>
    <dimen name="x869">1279.36dp</dimen>
    <dimen name="x870">1280.83dp</dimen>
    <dimen name="x871">1282.31dp</dimen>
    <dimen name="x872">1283.78dp</dimen>
    <dimen name="x873">1285.25dp</dimen>
    <dimen name="x874">1286.72dp</dimen>
    <dimen name="x875">1288.19dp</dimen>
    <dimen name="x876">1289.67dp</dimen>
    <dimen name="x877">1291.14dp</dimen>
    <dimen name="x878">1292.61dp</dimen>
    <dimen name="x879">1294.08dp</dimen>
    <dimen name="x880">1295.56dp</dimen>
    <dimen name="x881">1297.03dp</dimen>
    <dimen name="x882">1298.50dp</dimen>
    <dimen name="x883">1299.97dp</dimen>
    <dimen name="x884">1301.44dp</dimen>
    <dimen name="x885">1302.92dp</dimen>
    <dimen name="x886">1304.39dp</dimen>
    <dimen name="x887">1305.86dp</dimen>
    <dimen name="x888">1307.33dp</dimen>
    <dimen name="x889">1308.81dp</dimen>
    <dimen name="x890">1310.28dp</dimen>
    <dimen name="x891">1311.75dp</dimen>
    <dimen name="x892">1313.22dp</dimen>
    <dimen name="x893">1314.69dp</dimen>
    <dimen name="x894">1316.17dp</dimen>
    <dimen name="x895">1317.64dp</dimen>
    <dimen name="x896">1319.11dp</dimen>
    <dimen name="x897">1320.58dp</dimen>
    <dimen name="x898">1322.06dp</dimen>
    <dimen name="x899">1323.53dp</dimen>
    <dimen name="x900">1325.00dp</dimen>
    <dimen name="x901">1326.47dp</dimen>
    <dimen name="x902">1327.94dp</dimen>
    <dimen name="x903">1329.42dp</dimen>
    <dimen name="x904">1330.89dp</dimen>
    <dimen name="x905">1332.36dp</dimen>
    <dimen name="x906">1333.83dp</dimen>
    <dimen name="x907">1335.31dp</dimen>
    <dimen name="x908">1336.78dp</dimen>
    <dimen name="x909">1338.25dp</dimen>
    <dimen name="x910">1339.72dp</dimen>
    <dimen name="x911">1341.19dp</dimen>
    <dimen name="x912">1342.67dp</dimen>
    <dimen name="x913">1344.14dp</dimen>
    <dimen name="x914">1345.61dp</dimen>
    <dimen name="x915">1347.08dp</dimen>
    <dimen name="x916">1348.56dp</dimen>
    <dimen name="x917">1350.03dp</dimen>
    <dimen name="x918">1351.50dp</dimen>
    <dimen name="x919">1352.97dp</dimen>
    <dimen name="x920">1354.44dp</dimen>
    <dimen name="x921">1355.92dp</dimen>
    <dimen name="x922">1357.39dp</dimen>
    <dimen name="x923">1358.86dp</dimen>
    <dimen name="x924">1360.33dp</dimen>
    <dimen name="x925">1361.81dp</dimen>
    <dimen name="x926">1363.28dp</dimen>
    <dimen name="x927">1364.75dp</dimen>
    <dimen name="x928">1366.22dp</dimen>
    <dimen name="x929">1367.69dp</dimen>
    <dimen name="x930">1369.17dp</dimen>
    <dimen name="x931">1370.64dp</dimen>
    <dimen name="x932">1372.11dp</dimen>
    <dimen name="x933">1373.58dp</dimen>
    <dimen name="x934">1375.06dp</dimen>
    <dimen name="x935">1376.53dp</dimen>
    <dimen name="x936">1378.00dp</dimen>
    <dimen name="x937">1379.47dp</dimen>
    <dimen name="x938">1380.94dp</dimen>
    <dimen name="x939">1382.42dp</dimen>
    <dimen name="x940">1383.89dp</dimen>
    <dimen name="x941">1385.36dp</dimen>
    <dimen name="x942">1386.83dp</dimen>
    <dimen name="x943">1388.31dp</dimen>
    <dimen name="x944">1389.78dp</dimen>
    <dimen name="x945">1391.25dp</dimen>
    <dimen name="x946">1392.72dp</dimen>
    <dimen name="x947">1394.19dp</dimen>
    <dimen name="x948">1395.67dp</dimen>
    <dimen name="x949">1397.14dp</dimen>
    <dimen name="x950">1398.61dp</dimen>
    <dimen name="x951">1400.08dp</dimen>
    <dimen name="x952">1401.56dp</dimen>
    <dimen name="x953">1403.03dp</dimen>
    <dimen name="x954">1404.50dp</dimen>
    <dimen name="x955">1405.97dp</dimen>
    <dimen name="x956">1407.44dp</dimen>
    <dimen name="x957">1408.92dp</dimen>
    <dimen name="x958">1410.39dp</dimen>
    <dimen name="x959">1411.86dp</dimen>
    <dimen name="x960">1413.33dp</dimen>
    <dimen name="x961">1414.81dp</dimen>
    <dimen name="x962">1416.28dp</dimen>
    <dimen name="x963">1417.75dp</dimen>
    <dimen name="x964">1419.22dp</dimen>
    <dimen name="x965">1420.69dp</dimen>
    <dimen name="x966">1422.17dp</dimen>
    <dimen name="x967">1423.64dp</dimen>
    <dimen name="x968">1425.11dp</dimen>
    <dimen name="x969">1426.58dp</dimen>
    <dimen name="x970">1428.06dp</dimen>
    <dimen name="x971">1429.53dp</dimen>
    <dimen name="x972">1431.00dp</dimen>
    <dimen name="x973">1432.47dp</dimen>
    <dimen name="x974">1433.94dp</dimen>
    <dimen name="x975">1435.42dp</dimen>
    <dimen name="x976">1436.89dp</dimen>
    <dimen name="x977">1438.36dp</dimen>
    <dimen name="x978">1439.83dp</dimen>
    <dimen name="x979">1441.31dp</dimen>
    <dimen name="x980">1442.78dp</dimen>
    <dimen name="x981">1444.25dp</dimen>
    <dimen name="x982">1445.72dp</dimen>
    <dimen name="x983">1447.19dp</dimen>
    <dimen name="x984">1448.67dp</dimen>
    <dimen name="x985">1450.14dp</dimen>
    <dimen name="x986">1451.61dp</dimen>
    <dimen name="x987">1453.08dp</dimen>
    <dimen name="x988">1454.56dp</dimen>
    <dimen name="x989">1456.03dp</dimen>
    <dimen name="x990">1457.50dp</dimen>
    <dimen name="x991">1458.97dp</dimen>
    <dimen name="x992">1460.44dp</dimen>
    <dimen name="x993">1461.92dp</dimen>
    <dimen name="x994">1463.39dp</dimen>
    <dimen name="x995">1464.86dp</dimen>
    <dimen name="x996">1466.33dp</dimen>
    <dimen name="x997">1467.81dp</dimen>
    <dimen name="x998">1469.28dp</dimen>
    <dimen name="x999">1470.75dp</dimen>
    <dimen name="x1000">1472.22dp</dimen>
    <dimen name="x1001">1473.69dp</dimen>
    <dimen name="x1002">1475.17dp</dimen>
    <dimen name="x1003">1476.64dp</dimen>
    <dimen name="x1004">1478.11dp</dimen>
    <dimen name="x1005">1479.58dp</dimen>
    <dimen name="x1006">1481.06dp</dimen>
    <dimen name="x1007">1482.53dp</dimen>
    <dimen name="x1008">1484.00dp</dimen>
    <dimen name="x1009">1485.47dp</dimen>
    <dimen name="x1010">1486.94dp</dimen>
    <dimen name="x1011">1488.42dp</dimen>
    <dimen name="x1012">1489.89dp</dimen>
    <dimen name="x1013">1491.36dp</dimen>
    <dimen name="x1014">1492.83dp</dimen>
    <dimen name="x1015">1494.31dp</dimen>
    <dimen name="x1016">1495.78dp</dimen>
    <dimen name="x1017">1497.25dp</dimen>
    <dimen name="x1018">1498.72dp</dimen>
    <dimen name="x1019">1500.19dp</dimen>
    <dimen name="x1020">1501.67dp</dimen>
    <dimen name="x1021">1503.14dp</dimen>
    <dimen name="x1022">1504.61dp</dimen>
    <dimen name="x1023">1506.08dp</dimen>
    <dimen name="x1024">1507.56dp</dimen>
    <dimen name="x1025">1509.03dp</dimen>
    <dimen name="x1026">1510.50dp</dimen>
    <dimen name="x1027">1511.97dp</dimen>
    <dimen name="x1028">1513.44dp</dimen>
    <dimen name="x1029">1514.92dp</dimen>
    <dimen name="x1030">1516.39dp</dimen>
    <dimen name="x1031">1517.86dp</dimen>
    <dimen name="x1032">1519.33dp</dimen>
    <dimen name="x1033">1520.81dp</dimen>
    <dimen name="x1034">1522.28dp</dimen>
    <dimen name="x1035">1523.75dp</dimen>
    <dimen name="x1036">1525.22dp</dimen>
    <dimen name="x1037">1526.69dp</dimen>
    <dimen name="x1038">1528.17dp</dimen>
    <dimen name="x1039">1529.64dp</dimen>
    <dimen name="x1040">1531.11dp</dimen>
    <dimen name="x1041">1532.58dp</dimen>
    <dimen name="x1042">1534.06dp</dimen>
    <dimen name="x1043">1535.53dp</dimen>
    <dimen name="x1044">1537.00dp</dimen>
    <dimen name="x1045">1538.47dp</dimen>
    <dimen name="x1046">1539.94dp</dimen>
    <dimen name="x1047">1541.42dp</dimen>
    <dimen name="x1048">1542.89dp</dimen>
    <dimen name="x1049">1544.36dp</dimen>
    <dimen name="x1050">1545.83dp</dimen>
    <dimen name="x1051">1547.31dp</dimen>
    <dimen name="x1052">1548.78dp</dimen>
    <dimen name="x1053">1550.25dp</dimen>
    <dimen name="x1054">1551.72dp</dimen>
    <dimen name="x1055">1553.19dp</dimen>
    <dimen name="x1056">1554.67dp</dimen>
    <dimen name="x1057">1556.14dp</dimen>
    <dimen name="x1058">1557.61dp</dimen>
    <dimen name="x1059">1559.08dp</dimen>
    <dimen name="x1060">1560.56dp</dimen>
    <dimen name="x1061">1562.03dp</dimen>
    <dimen name="x1062">1563.50dp</dimen>
    <dimen name="x1063">1564.97dp</dimen>
    <dimen name="x1064">1566.44dp</dimen>
    <dimen name="x1065">1567.92dp</dimen>
    <dimen name="x1066">1569.39dp</dimen>
    <dimen name="x1067">1570.86dp</dimen>
    <dimen name="x1068">1572.33dp</dimen>
    <dimen name="x1069">1573.81dp</dimen>
    <dimen name="x1070">1575.28dp</dimen>
    <dimen name="x1071">1576.75dp</dimen>
    <dimen name="x1072">1578.22dp</dimen>
    <dimen name="x1073">1579.69dp</dimen>
    <dimen name="x1074">1581.17dp</dimen>
    <dimen name="x1075">1582.64dp</dimen>
    <dimen name="x1076">1584.11dp</dimen>
    <dimen name="x1077">1585.58dp</dimen>
    <dimen name="x1078">1587.06dp</dimen>
    <dimen name="x1079">1588.53dp</dimen>
    <dimen name="x1080">1590.00dp</dimen>
</resources>