<?xml version="1.0" encoding="utf-8"?>
<resources>
    <string name="sw_dp">460dp</string>
    <dimen name="x1">0.43dp</dimen>
    <dimen name="x2">0.85dp</dimen>
    <dimen name="x3">1.28dp</dimen>
    <dimen name="x4">1.70dp</dimen>
    <dimen name="x5">2.13dp</dimen>
    <dimen name="x6">2.56dp</dimen>
    <dimen name="x7">2.98dp</dimen>
    <dimen name="x8">3.41dp</dimen>
    <dimen name="x9">3.83dp</dimen>
    <dimen name="x10">4.26dp</dimen>
    <dimen name="x11">4.69dp</dimen>
    <dimen name="x12">5.11dp</dimen>
    <dimen name="x13">5.54dp</dimen>
    <dimen name="x14">5.96dp</dimen>
    <dimen name="x15">6.39dp</dimen>
    <dimen name="x16">6.81dp</dimen>
    <dimen name="x17">7.24dp</dimen>
    <dimen name="x18">7.67dp</dimen>
    <dimen name="x19">8.09dp</dimen>
    <dimen name="x20">8.52dp</dimen>
    <dimen name="x21">8.94dp</dimen>
    <dimen name="x22">9.37dp</dimen>
    <dimen name="x23">9.80dp</dimen>
    <dimen name="x24">10.22dp</dimen>
    <dimen name="x25">10.65dp</dimen>
    <dimen name="x26">11.07dp</dimen>
    <dimen name="x27">11.50dp</dimen>
    <dimen name="x28">11.93dp</dimen>
    <dimen name="x29">12.35dp</dimen>
    <dimen name="x30">12.78dp</dimen>
    <dimen name="x31">13.20dp</dimen>
    <dimen name="x32">13.63dp</dimen>
    <dimen name="x33">14.06dp</dimen>
    <dimen name="x34">14.48dp</dimen>
    <dimen name="x35">14.91dp</dimen>
    <dimen name="x36">15.33dp</dimen>
    <dimen name="x37">15.76dp</dimen>
    <dimen name="x38">16.19dp</dimen>
    <dimen name="x39">16.61dp</dimen>
    <dimen name="x40">17.04dp</dimen>
    <dimen name="x41">17.46dp</dimen>
    <dimen name="x42">17.89dp</dimen>
    <dimen name="x43">18.31dp</dimen>
    <dimen name="x44">18.74dp</dimen>
    <dimen name="x45">19.17dp</dimen>
    <dimen name="x46">19.59dp</dimen>
    <dimen name="x47">20.02dp</dimen>
    <dimen name="x48">20.44dp</dimen>
    <dimen name="x49">20.87dp</dimen>
    <dimen name="x50">21.30dp</dimen>
    <dimen name="x51">21.72dp</dimen>
    <dimen name="x52">22.15dp</dimen>
    <dimen name="x53">22.57dp</dimen>
    <dimen name="x54">23.00dp</dimen>
    <dimen name="x55">23.43dp</dimen>
    <dimen name="x56">23.85dp</dimen>
    <dimen name="x57">24.28dp</dimen>
    <dimen name="x58">24.70dp</dimen>
    <dimen name="x59">25.13dp</dimen>
    <dimen name="x60">25.56dp</dimen>
    <dimen name="x61">25.98dp</dimen>
    <dimen name="x62">26.41dp</dimen>
    <dimen name="x63">26.83dp</dimen>
    <dimen name="x64">27.26dp</dimen>
    <dimen name="x65">27.69dp</dimen>
    <dimen name="x66">28.11dp</dimen>
    <dimen name="x67">28.54dp</dimen>
    <dimen name="x68">28.96dp</dimen>
    <dimen name="x69">29.39dp</dimen>
    <dimen name="x70">29.81dp</dimen>
    <dimen name="x71">30.24dp</dimen>
    <dimen name="x72">30.67dp</dimen>
    <dimen name="x73">31.09dp</dimen>
    <dimen name="x74">31.52dp</dimen>
    <dimen name="x75">31.94dp</dimen>
    <dimen name="x76">32.37dp</dimen>
    <dimen name="x77">32.80dp</dimen>
    <dimen name="x78">33.22dp</dimen>
    <dimen name="x79">33.65dp</dimen>
    <dimen name="x80">34.07dp</dimen>
    <dimen name="x81">34.50dp</dimen>
    <dimen name="x82">34.93dp</dimen>
    <dimen name="x83">35.35dp</dimen>
    <dimen name="x84">35.78dp</dimen>
    <dimen name="x85">36.20dp</dimen>
    <dimen name="x86">36.63dp</dimen>
    <dimen name="x87">37.06dp</dimen>
    <dimen name="x88">37.48dp</dimen>
    <dimen name="x89">37.91dp</dimen>
    <dimen name="x90">38.33dp</dimen>
    <dimen name="x91">38.76dp</dimen>
    <dimen name="x92">39.19dp</dimen>
    <dimen name="x93">39.61dp</dimen>
    <dimen name="x94">40.04dp</dimen>
    <dimen name="x95">40.46dp</dimen>
    <dimen name="x96">40.89dp</dimen>
    <dimen name="x97">41.31dp</dimen>
    <dimen name="x98">41.74dp</dimen>
    <dimen name="x99">42.17dp</dimen>
    <dimen name="x100">42.59dp</dimen>
    <dimen name="x101">43.02dp</dimen>
    <dimen name="x102">43.44dp</dimen>
    <dimen name="x103">43.87dp</dimen>
    <dimen name="x104">44.30dp</dimen>
    <dimen name="x105">44.72dp</dimen>
    <dimen name="x106">45.15dp</dimen>
    <dimen name="x107">45.57dp</dimen>
    <dimen name="x108">46.00dp</dimen>
    <dimen name="x109">46.43dp</dimen>
    <dimen name="x110">46.85dp</dimen>
    <dimen name="x111">47.28dp</dimen>
    <dimen name="x112">47.70dp</dimen>
    <dimen name="x113">48.13dp</dimen>
    <dimen name="x114">48.56dp</dimen>
    <dimen name="x115">48.98dp</dimen>
    <dimen name="x116">49.41dp</dimen>
    <dimen name="x117">49.83dp</dimen>
    <dimen name="x118">50.26dp</dimen>
    <dimen name="x119">50.69dp</dimen>
    <dimen name="x120">51.11dp</dimen>
    <dimen name="x121">51.54dp</dimen>
    <dimen name="x122">51.96dp</dimen>
    <dimen name="x123">52.39dp</dimen>
    <dimen name="x124">52.81dp</dimen>
    <dimen name="x125">53.24dp</dimen>
    <dimen name="x126">53.67dp</dimen>
    <dimen name="x127">54.09dp</dimen>
    <dimen name="x128">54.52dp</dimen>
    <dimen name="x129">54.94dp</dimen>
    <dimen name="x130">55.37dp</dimen>
    <dimen name="x131">55.80dp</dimen>
    <dimen name="x132">56.22dp</dimen>
    <dimen name="x133">56.65dp</dimen>
    <dimen name="x134">57.07dp</dimen>
    <dimen name="x135">57.50dp</dimen>
    <dimen name="x136">57.93dp</dimen>
    <dimen name="x137">58.35dp</dimen>
    <dimen name="x138">58.78dp</dimen>
    <dimen name="x139">59.20dp</dimen>
    <dimen name="x140">59.63dp</dimen>
    <dimen name="x141">60.06dp</dimen>
    <dimen name="x142">60.48dp</dimen>
    <dimen name="x143">60.91dp</dimen>
    <dimen name="x144">61.33dp</dimen>
    <dimen name="x145">61.76dp</dimen>
    <dimen name="x146">62.19dp</dimen>
    <dimen name="x147">62.61dp</dimen>
    <dimen name="x148">63.04dp</dimen>
    <dimen name="x149">63.46dp</dimen>
    <dimen name="x150">63.89dp</dimen>
    <dimen name="x151">64.31dp</dimen>
    <dimen name="x152">64.74dp</dimen>
    <dimen name="x153">65.17dp</dimen>
    <dimen name="x154">65.59dp</dimen>
    <dimen name="x155">66.02dp</dimen>
    <dimen name="x156">66.44dp</dimen>
    <dimen name="x157">66.87dp</dimen>
    <dimen name="x158">67.30dp</dimen>
    <dimen name="x159">67.72dp</dimen>
    <dimen name="x160">68.15dp</dimen>
    <dimen name="x161">68.57dp</dimen>
    <dimen name="x162">69.00dp</dimen>
    <dimen name="x163">69.43dp</dimen>
    <dimen name="x164">69.85dp</dimen>
    <dimen name="x165">70.28dp</dimen>
    <dimen name="x166">70.70dp</dimen>
    <dimen name="x167">71.13dp</dimen>
    <dimen name="x168">71.56dp</dimen>
    <dimen name="x169">71.98dp</dimen>
    <dimen name="x170">72.41dp</dimen>
    <dimen name="x171">72.83dp</dimen>
    <dimen name="x172">73.26dp</dimen>
    <dimen name="x173">73.69dp</dimen>
    <dimen name="x174">74.11dp</dimen>
    <dimen name="x175">74.54dp</dimen>
    <dimen name="x176">74.96dp</dimen>
    <dimen name="x177">75.39dp</dimen>
    <dimen name="x178">75.81dp</dimen>
    <dimen name="x179">76.24dp</dimen>
    <dimen name="x180">76.67dp</dimen>
    <dimen name="x181">77.09dp</dimen>
    <dimen name="x182">77.52dp</dimen>
    <dimen name="x183">77.94dp</dimen>
    <dimen name="x184">78.37dp</dimen>
    <dimen name="x185">78.80dp</dimen>
    <dimen name="x186">79.22dp</dimen>
    <dimen name="x187">79.65dp</dimen>
    <dimen name="x188">80.07dp</dimen>
    <dimen name="x189">80.50dp</dimen>
    <dimen name="x190">80.93dp</dimen>
    <dimen name="x191">81.35dp</dimen>
    <dimen name="x192">81.78dp</dimen>
    <dimen name="x193">82.20dp</dimen>
    <dimen name="x194">82.63dp</dimen>
    <dimen name="x195">83.06dp</dimen>
    <dimen name="x196">83.48dp</dimen>
    <dimen name="x197">83.91dp</dimen>
    <dimen name="x198">84.33dp</dimen>
    <dimen name="x199">84.76dp</dimen>
    <dimen name="x200">85.19dp</dimen>
    <dimen name="x201">85.61dp</dimen>
    <dimen name="x202">86.04dp</dimen>
    <dimen name="x203">86.46dp</dimen>
    <dimen name="x204">86.89dp</dimen>
    <dimen name="x205">87.31dp</dimen>
    <dimen name="x206">87.74dp</dimen>
    <dimen name="x207">88.17dp</dimen>
    <dimen name="x208">88.59dp</dimen>
    <dimen name="x209">89.02dp</dimen>
    <dimen name="x210">89.44dp</dimen>
    <dimen name="x211">89.87dp</dimen>
    <dimen name="x212">90.30dp</dimen>
    <dimen name="x213">90.72dp</dimen>
    <dimen name="x214">91.15dp</dimen>
    <dimen name="x215">91.57dp</dimen>
    <dimen name="x216">92.00dp</dimen>
    <dimen name="x217">92.43dp</dimen>
    <dimen name="x218">92.85dp</dimen>
    <dimen name="x219">93.28dp</dimen>
    <dimen name="x220">93.70dp</dimen>
    <dimen name="x221">94.13dp</dimen>
    <dimen name="x222">94.56dp</dimen>
    <dimen name="x223">94.98dp</dimen>
    <dimen name="x224">95.41dp</dimen>
    <dimen name="x225">95.83dp</dimen>
    <dimen name="x226">96.26dp</dimen>
    <dimen name="x227">96.69dp</dimen>
    <dimen name="x228">97.11dp</dimen>
    <dimen name="x229">97.54dp</dimen>
    <dimen name="x230">97.96dp</dimen>
    <dimen name="x231">98.39dp</dimen>
    <dimen name="x232">98.81dp</dimen>
    <dimen name="x233">99.24dp</dimen>
    <dimen name="x234">99.67dp</dimen>
    <dimen name="x235">100.09dp</dimen>
    <dimen name="x236">100.52dp</dimen>
    <dimen name="x237">100.94dp</dimen>
    <dimen name="x238">101.37dp</dimen>
    <dimen name="x239">101.80dp</dimen>
    <dimen name="x240">102.22dp</dimen>
    <dimen name="x241">102.65dp</dimen>
    <dimen name="x242">103.07dp</dimen>
    <dimen name="x243">103.50dp</dimen>
    <dimen name="x244">103.93dp</dimen>
    <dimen name="x245">104.35dp</dimen>
    <dimen name="x246">104.78dp</dimen>
    <dimen name="x247">105.20dp</dimen>
    <dimen name="x248">105.63dp</dimen>
    <dimen name="x249">106.06dp</dimen>
    <dimen name="x250">106.48dp</dimen>
    <dimen name="x251">106.91dp</dimen>
    <dimen name="x252">107.33dp</dimen>
    <dimen name="x253">107.76dp</dimen>
    <dimen name="x254">108.19dp</dimen>
    <dimen name="x255">108.61dp</dimen>
    <dimen name="x256">109.04dp</dimen>
    <dimen name="x257">109.46dp</dimen>
    <dimen name="x258">109.89dp</dimen>
    <dimen name="x259">110.31dp</dimen>
    <dimen name="x260">110.74dp</dimen>
    <dimen name="x261">111.17dp</dimen>
    <dimen name="x262">111.59dp</dimen>
    <dimen name="x263">112.02dp</dimen>
    <dimen name="x264">112.44dp</dimen>
    <dimen name="x265">112.87dp</dimen>
    <dimen name="x266">113.30dp</dimen>
    <dimen name="x267">113.72dp</dimen>
    <dimen name="x268">114.15dp</dimen>
    <dimen name="x269">114.57dp</dimen>
    <dimen name="x270">115.00dp</dimen>
    <dimen name="x271">115.43dp</dimen>
    <dimen name="x272">115.85dp</dimen>
    <dimen name="x273">116.28dp</dimen>
    <dimen name="x274">116.70dp</dimen>
    <dimen name="x275">117.13dp</dimen>
    <dimen name="x276">117.56dp</dimen>
    <dimen name="x277">117.98dp</dimen>
    <dimen name="x278">118.41dp</dimen>
    <dimen name="x279">118.83dp</dimen>
    <dimen name="x280">119.26dp</dimen>
    <dimen name="x281">119.69dp</dimen>
    <dimen name="x282">120.11dp</dimen>
    <dimen name="x283">120.54dp</dimen>
    <dimen name="x284">120.96dp</dimen>
    <dimen name="x285">121.39dp</dimen>
    <dimen name="x286">121.81dp</dimen>
    <dimen name="x287">122.24dp</dimen>
    <dimen name="x288">122.67dp</dimen>
    <dimen name="x289">123.09dp</dimen>
    <dimen name="x290">123.52dp</dimen>
    <dimen name="x291">123.94dp</dimen>
    <dimen name="x292">124.37dp</dimen>
    <dimen name="x293">124.80dp</dimen>
    <dimen name="x294">125.22dp</dimen>
    <dimen name="x295">125.65dp</dimen>
    <dimen name="x296">126.07dp</dimen>
    <dimen name="x297">126.50dp</dimen>
    <dimen name="x298">126.93dp</dimen>
    <dimen name="x299">127.35dp</dimen>
    <dimen name="x300">127.78dp</dimen>
    <dimen name="x301">128.20dp</dimen>
    <dimen name="x302">128.63dp</dimen>
    <dimen name="x303">129.06dp</dimen>
    <dimen name="x304">129.48dp</dimen>
    <dimen name="x305">129.91dp</dimen>
    <dimen name="x306">130.33dp</dimen>
    <dimen name="x307">130.76dp</dimen>
    <dimen name="x308">131.19dp</dimen>
    <dimen name="x309">131.61dp</dimen>
    <dimen name="x310">132.04dp</dimen>
    <dimen name="x311">132.46dp</dimen>
    <dimen name="x312">132.89dp</dimen>
    <dimen name="x313">133.31dp</dimen>
    <dimen name="x314">133.74dp</dimen>
    <dimen name="x315">134.17dp</dimen>
    <dimen name="x316">134.59dp</dimen>
    <dimen name="x317">135.02dp</dimen>
    <dimen name="x318">135.44dp</dimen>
    <dimen name="x319">135.87dp</dimen>
    <dimen name="x320">136.30dp</dimen>
    <dimen name="x321">136.72dp</dimen>
    <dimen name="x322">137.15dp</dimen>
    <dimen name="x323">137.57dp</dimen>
    <dimen name="x324">138.00dp</dimen>
    <dimen name="x325">138.43dp</dimen>
    <dimen name="x326">138.85dp</dimen>
    <dimen name="x327">139.28dp</dimen>
    <dimen name="x328">139.70dp</dimen>
    <dimen name="x329">140.13dp</dimen>
    <dimen name="x330">140.56dp</dimen>
    <dimen name="x331">140.98dp</dimen>
    <dimen name="x332">141.41dp</dimen>
    <dimen name="x333">141.83dp</dimen>
    <dimen name="x334">142.26dp</dimen>
    <dimen name="x335">142.69dp</dimen>
    <dimen name="x336">143.11dp</dimen>
    <dimen name="x337">143.54dp</dimen>
    <dimen name="x338">143.96dp</dimen>
    <dimen name="x339">144.39dp</dimen>
    <dimen name="x340">144.81dp</dimen>
    <dimen name="x341">145.24dp</dimen>
    <dimen name="x342">145.67dp</dimen>
    <dimen name="x343">146.09dp</dimen>
    <dimen name="x344">146.52dp</dimen>
    <dimen name="x345">146.94dp</dimen>
    <dimen name="x346">147.37dp</dimen>
    <dimen name="x347">147.80dp</dimen>
    <dimen name="x348">148.22dp</dimen>
    <dimen name="x349">148.65dp</dimen>
    <dimen name="x350">149.07dp</dimen>
    <dimen name="x351">149.50dp</dimen>
    <dimen name="x352">149.93dp</dimen>
    <dimen name="x353">150.35dp</dimen>
    <dimen name="x354">150.78dp</dimen>
    <dimen name="x355">151.20dp</dimen>
    <dimen name="x356">151.63dp</dimen>
    <dimen name="x357">152.06dp</dimen>
    <dimen name="x358">152.48dp</dimen>
    <dimen name="x359">152.91dp</dimen>
    <dimen name="x360">153.33dp</dimen>
    <dimen name="x361">153.76dp</dimen>
    <dimen name="x362">154.19dp</dimen>
    <dimen name="x363">154.61dp</dimen>
    <dimen name="x364">155.04dp</dimen>
    <dimen name="x365">155.46dp</dimen>
    <dimen name="x366">155.89dp</dimen>
    <dimen name="x367">156.31dp</dimen>
    <dimen name="x368">156.74dp</dimen>
    <dimen name="x369">157.17dp</dimen>
    <dimen name="x370">157.59dp</dimen>
    <dimen name="x371">158.02dp</dimen>
    <dimen name="x372">158.44dp</dimen>
    <dimen name="x373">158.87dp</dimen>
    <dimen name="x374">159.30dp</dimen>
    <dimen name="x375">159.72dp</dimen>
    <dimen name="x376">160.15dp</dimen>
    <dimen name="x377">160.57dp</dimen>
    <dimen name="x378">161.00dp</dimen>
    <dimen name="x379">161.43dp</dimen>
    <dimen name="x380">161.85dp</dimen>
    <dimen name="x381">162.28dp</dimen>
    <dimen name="x382">162.70dp</dimen>
    <dimen name="x383">163.13dp</dimen>
    <dimen name="x384">163.56dp</dimen>
    <dimen name="x385">163.98dp</dimen>
    <dimen name="x386">164.41dp</dimen>
    <dimen name="x387">164.83dp</dimen>
    <dimen name="x388">165.26dp</dimen>
    <dimen name="x389">165.69dp</dimen>
    <dimen name="x390">166.11dp</dimen>
    <dimen name="x391">166.54dp</dimen>
    <dimen name="x392">166.96dp</dimen>
    <dimen name="x393">167.39dp</dimen>
    <dimen name="x394">167.81dp</dimen>
    <dimen name="x395">168.24dp</dimen>
    <dimen name="x396">168.67dp</dimen>
    <dimen name="x397">169.09dp</dimen>
    <dimen name="x398">169.52dp</dimen>
    <dimen name="x399">169.94dp</dimen>
    <dimen name="x400">170.37dp</dimen>
    <dimen name="x401">170.80dp</dimen>
    <dimen name="x402">171.22dp</dimen>
    <dimen name="x403">171.65dp</dimen>
    <dimen name="x404">172.07dp</dimen>
    <dimen name="x405">172.50dp</dimen>
    <dimen name="x406">172.93dp</dimen>
    <dimen name="x407">173.35dp</dimen>
    <dimen name="x408">173.78dp</dimen>
    <dimen name="x409">174.20dp</dimen>
    <dimen name="x410">174.63dp</dimen>
    <dimen name="x411">175.06dp</dimen>
    <dimen name="x412">175.48dp</dimen>
    <dimen name="x413">175.91dp</dimen>
    <dimen name="x414">176.33dp</dimen>
    <dimen name="x415">176.76dp</dimen>
    <dimen name="x416">177.19dp</dimen>
    <dimen name="x417">177.61dp</dimen>
    <dimen name="x418">178.04dp</dimen>
    <dimen name="x419">178.46dp</dimen>
    <dimen name="x420">178.89dp</dimen>
    <dimen name="x421">179.31dp</dimen>
    <dimen name="x422">179.74dp</dimen>
    <dimen name="x423">180.17dp</dimen>
    <dimen name="x424">180.59dp</dimen>
    <dimen name="x425">181.02dp</dimen>
    <dimen name="x426">181.44dp</dimen>
    <dimen name="x427">181.87dp</dimen>
    <dimen name="x428">182.30dp</dimen>
    <dimen name="x429">182.72dp</dimen>
    <dimen name="x430">183.15dp</dimen>
    <dimen name="x431">183.57dp</dimen>
    <dimen name="x432">184.00dp</dimen>
    <dimen name="x433">184.43dp</dimen>
    <dimen name="x434">184.85dp</dimen>
    <dimen name="x435">185.28dp</dimen>
    <dimen name="x436">185.70dp</dimen>
    <dimen name="x437">186.13dp</dimen>
    <dimen name="x438">186.56dp</dimen>
    <dimen name="x439">186.98dp</dimen>
    <dimen name="x440">187.41dp</dimen>
    <dimen name="x441">187.83dp</dimen>
    <dimen name="x442">188.26dp</dimen>
    <dimen name="x443">188.69dp</dimen>
    <dimen name="x444">189.11dp</dimen>
    <dimen name="x445">189.54dp</dimen>
    <dimen name="x446">189.96dp</dimen>
    <dimen name="x447">190.39dp</dimen>
    <dimen name="x448">190.81dp</dimen>
    <dimen name="x449">191.24dp</dimen>
    <dimen name="x450">191.67dp</dimen>
    <dimen name="x451">192.09dp</dimen>
    <dimen name="x452">192.52dp</dimen>
    <dimen name="x453">192.94dp</dimen>
    <dimen name="x454">193.37dp</dimen>
    <dimen name="x455">193.80dp</dimen>
    <dimen name="x456">194.22dp</dimen>
    <dimen name="x457">194.65dp</dimen>
    <dimen name="x458">195.07dp</dimen>
    <dimen name="x459">195.50dp</dimen>
    <dimen name="x460">195.93dp</dimen>
    <dimen name="x461">196.35dp</dimen>
    <dimen name="x462">196.78dp</dimen>
    <dimen name="x463">197.20dp</dimen>
    <dimen name="x464">197.63dp</dimen>
    <dimen name="x465">198.06dp</dimen>
    <dimen name="x466">198.48dp</dimen>
    <dimen name="x467">198.91dp</dimen>
    <dimen name="x468">199.33dp</dimen>
    <dimen name="x469">199.76dp</dimen>
    <dimen name="x470">200.19dp</dimen>
    <dimen name="x471">200.61dp</dimen>
    <dimen name="x472">201.04dp</dimen>
    <dimen name="x473">201.46dp</dimen>
    <dimen name="x474">201.89dp</dimen>
    <dimen name="x475">202.31dp</dimen>
    <dimen name="x476">202.74dp</dimen>
    <dimen name="x477">203.17dp</dimen>
    <dimen name="x478">203.59dp</dimen>
    <dimen name="x479">204.02dp</dimen>
    <dimen name="x480">204.44dp</dimen>
    <dimen name="x481">204.87dp</dimen>
    <dimen name="x482">205.30dp</dimen>
    <dimen name="x483">205.72dp</dimen>
    <dimen name="x484">206.15dp</dimen>
    <dimen name="x485">206.57dp</dimen>
    <dimen name="x486">207.00dp</dimen>
    <dimen name="x487">207.43dp</dimen>
    <dimen name="x488">207.85dp</dimen>
    <dimen name="x489">208.28dp</dimen>
    <dimen name="x490">208.70dp</dimen>
    <dimen name="x491">209.13dp</dimen>
    <dimen name="x492">209.56dp</dimen>
    <dimen name="x493">209.98dp</dimen>
    <dimen name="x494">210.41dp</dimen>
    <dimen name="x495">210.83dp</dimen>
    <dimen name="x496">211.26dp</dimen>
    <dimen name="x497">211.69dp</dimen>
    <dimen name="x498">212.11dp</dimen>
    <dimen name="x499">212.54dp</dimen>
    <dimen name="x500">212.96dp</dimen>
    <dimen name="x501">213.39dp</dimen>
    <dimen name="x502">213.81dp</dimen>
    <dimen name="x503">214.24dp</dimen>
    <dimen name="x504">214.67dp</dimen>
    <dimen name="x505">215.09dp</dimen>
    <dimen name="x506">215.52dp</dimen>
    <dimen name="x507">215.94dp</dimen>
    <dimen name="x508">216.37dp</dimen>
    <dimen name="x509">216.80dp</dimen>
    <dimen name="x510">217.22dp</dimen>
    <dimen name="x511">217.65dp</dimen>
    <dimen name="x512">218.07dp</dimen>
    <dimen name="x513">218.50dp</dimen>
    <dimen name="x514">218.93dp</dimen>
    <dimen name="x515">219.35dp</dimen>
    <dimen name="x516">219.78dp</dimen>
    <dimen name="x517">220.20dp</dimen>
    <dimen name="x518">220.63dp</dimen>
    <dimen name="x519">221.06dp</dimen>
    <dimen name="x520">221.48dp</dimen>
    <dimen name="x521">221.91dp</dimen>
    <dimen name="x522">222.33dp</dimen>
    <dimen name="x523">222.76dp</dimen>
    <dimen name="x524">223.19dp</dimen>
    <dimen name="x525">223.61dp</dimen>
    <dimen name="x526">224.04dp</dimen>
    <dimen name="x527">224.46dp</dimen>
    <dimen name="x528">224.89dp</dimen>
    <dimen name="x529">225.31dp</dimen>
    <dimen name="x530">225.74dp</dimen>
    <dimen name="x531">226.17dp</dimen>
    <dimen name="x532">226.59dp</dimen>
    <dimen name="x533">227.02dp</dimen>
    <dimen name="x534">227.44dp</dimen>
    <dimen name="x535">227.87dp</dimen>
    <dimen name="x536">228.30dp</dimen>
    <dimen name="x537">228.72dp</dimen>
    <dimen name="x538">229.15dp</dimen>
    <dimen name="x539">229.57dp</dimen>
    <dimen name="x540">230.00dp</dimen>
    <dimen name="x541">230.43dp</dimen>
    <dimen name="x542">230.85dp</dimen>
    <dimen name="x543">231.28dp</dimen>
    <dimen name="x544">231.70dp</dimen>
    <dimen name="x545">232.13dp</dimen>
    <dimen name="x546">232.56dp</dimen>
    <dimen name="x547">232.98dp</dimen>
    <dimen name="x548">233.41dp</dimen>
    <dimen name="x549">233.83dp</dimen>
    <dimen name="x550">234.26dp</dimen>
    <dimen name="x551">234.69dp</dimen>
    <dimen name="x552">235.11dp</dimen>
    <dimen name="x553">235.54dp</dimen>
    <dimen name="x554">235.96dp</dimen>
    <dimen name="x555">236.39dp</dimen>
    <dimen name="x556">236.81dp</dimen>
    <dimen name="x557">237.24dp</dimen>
    <dimen name="x558">237.67dp</dimen>
    <dimen name="x559">238.09dp</dimen>
    <dimen name="x560">238.52dp</dimen>
    <dimen name="x561">238.94dp</dimen>
    <dimen name="x562">239.37dp</dimen>
    <dimen name="x563">239.80dp</dimen>
    <dimen name="x564">240.22dp</dimen>
    <dimen name="x565">240.65dp</dimen>
    <dimen name="x566">241.07dp</dimen>
    <dimen name="x567">241.50dp</dimen>
    <dimen name="x568">241.93dp</dimen>
    <dimen name="x569">242.35dp</dimen>
    <dimen name="x570">242.78dp</dimen>
    <dimen name="x571">243.20dp</dimen>
    <dimen name="x572">243.63dp</dimen>
    <dimen name="x573">244.06dp</dimen>
    <dimen name="x574">244.48dp</dimen>
    <dimen name="x575">244.91dp</dimen>
    <dimen name="x576">245.33dp</dimen>
    <dimen name="x577">245.76dp</dimen>
    <dimen name="x578">246.19dp</dimen>
    <dimen name="x579">246.61dp</dimen>
    <dimen name="x580">247.04dp</dimen>
    <dimen name="x581">247.46dp</dimen>
    <dimen name="x582">247.89dp</dimen>
    <dimen name="x583">248.31dp</dimen>
    <dimen name="x584">248.74dp</dimen>
    <dimen name="x585">249.17dp</dimen>
    <dimen name="x586">249.59dp</dimen>
    <dimen name="x587">250.02dp</dimen>
    <dimen name="x588">250.44dp</dimen>
    <dimen name="x589">250.87dp</dimen>
    <dimen name="x590">251.30dp</dimen>
    <dimen name="x591">251.72dp</dimen>
    <dimen name="x592">252.15dp</dimen>
    <dimen name="x593">252.57dp</dimen>
    <dimen name="x594">253.00dp</dimen>
    <dimen name="x595">253.43dp</dimen>
    <dimen name="x596">253.85dp</dimen>
    <dimen name="x597">254.28dp</dimen>
    <dimen name="x598">254.70dp</dimen>
    <dimen name="x599">255.13dp</dimen>
    <dimen name="x600">255.56dp</dimen>
    <dimen name="x601">255.98dp</dimen>
    <dimen name="x602">256.41dp</dimen>
    <dimen name="x603">256.83dp</dimen>
    <dimen name="x604">257.26dp</dimen>
    <dimen name="x605">257.69dp</dimen>
    <dimen name="x606">258.11dp</dimen>
    <dimen name="x607">258.54dp</dimen>
    <dimen name="x608">258.96dp</dimen>
    <dimen name="x609">259.39dp</dimen>
    <dimen name="x610">259.81dp</dimen>
    <dimen name="x611">260.24dp</dimen>
    <dimen name="x612">260.67dp</dimen>
    <dimen name="x613">261.09dp</dimen>
    <dimen name="x614">261.52dp</dimen>
    <dimen name="x615">261.94dp</dimen>
    <dimen name="x616">262.37dp</dimen>
    <dimen name="x617">262.80dp</dimen>
    <dimen name="x618">263.22dp</dimen>
    <dimen name="x619">263.65dp</dimen>
    <dimen name="x620">264.07dp</dimen>
    <dimen name="x621">264.50dp</dimen>
    <dimen name="x622">264.93dp</dimen>
    <dimen name="x623">265.35dp</dimen>
    <dimen name="x624">265.78dp</dimen>
    <dimen name="x625">266.20dp</dimen>
    <dimen name="x626">266.63dp</dimen>
    <dimen name="x627">267.06dp</dimen>
    <dimen name="x628">267.48dp</dimen>
    <dimen name="x629">267.91dp</dimen>
    <dimen name="x630">268.33dp</dimen>
    <dimen name="x631">268.76dp</dimen>
    <dimen name="x632">269.19dp</dimen>
    <dimen name="x633">269.61dp</dimen>
    <dimen name="x634">270.04dp</dimen>
    <dimen name="x635">270.46dp</dimen>
    <dimen name="x636">270.89dp</dimen>
    <dimen name="x637">271.31dp</dimen>
    <dimen name="x638">271.74dp</dimen>
    <dimen name="x639">272.17dp</dimen>
    <dimen name="x640">272.59dp</dimen>
    <dimen name="x641">273.02dp</dimen>
    <dimen name="x642">273.44dp</dimen>
    <dimen name="x643">273.87dp</dimen>
    <dimen name="x644">274.30dp</dimen>
    <dimen name="x645">274.72dp</dimen>
    <dimen name="x646">275.15dp</dimen>
    <dimen name="x647">275.57dp</dimen>
    <dimen name="x648">276.00dp</dimen>
    <dimen name="x649">276.43dp</dimen>
    <dimen name="x650">276.85dp</dimen>
    <dimen name="x651">277.28dp</dimen>
    <dimen name="x652">277.70dp</dimen>
    <dimen name="x653">278.13dp</dimen>
    <dimen name="x654">278.56dp</dimen>
    <dimen name="x655">278.98dp</dimen>
    <dimen name="x656">279.41dp</dimen>
    <dimen name="x657">279.83dp</dimen>
    <dimen name="x658">280.26dp</dimen>
    <dimen name="x659">280.69dp</dimen>
    <dimen name="x660">281.11dp</dimen>
    <dimen name="x661">281.54dp</dimen>
    <dimen name="x662">281.96dp</dimen>
    <dimen name="x663">282.39dp</dimen>
    <dimen name="x664">282.81dp</dimen>
    <dimen name="x665">283.24dp</dimen>
    <dimen name="x666">283.67dp</dimen>
    <dimen name="x667">284.09dp</dimen>
    <dimen name="x668">284.52dp</dimen>
    <dimen name="x669">284.94dp</dimen>
    <dimen name="x670">285.37dp</dimen>
    <dimen name="x671">285.80dp</dimen>
    <dimen name="x672">286.22dp</dimen>
    <dimen name="x673">286.65dp</dimen>
    <dimen name="x674">287.07dp</dimen>
    <dimen name="x675">287.50dp</dimen>
    <dimen name="x676">287.93dp</dimen>
    <dimen name="x677">288.35dp</dimen>
    <dimen name="x678">288.78dp</dimen>
    <dimen name="x679">289.20dp</dimen>
    <dimen name="x680">289.63dp</dimen>
    <dimen name="x681">290.06dp</dimen>
    <dimen name="x682">290.48dp</dimen>
    <dimen name="x683">290.91dp</dimen>
    <dimen name="x684">291.33dp</dimen>
    <dimen name="x685">291.76dp</dimen>
    <dimen name="x686">292.19dp</dimen>
    <dimen name="x687">292.61dp</dimen>
    <dimen name="x688">293.04dp</dimen>
    <dimen name="x689">293.46dp</dimen>
    <dimen name="x690">293.89dp</dimen>
    <dimen name="x691">294.31dp</dimen>
    <dimen name="x692">294.74dp</dimen>
    <dimen name="x693">295.17dp</dimen>
    <dimen name="x694">295.59dp</dimen>
    <dimen name="x695">296.02dp</dimen>
    <dimen name="x696">296.44dp</dimen>
    <dimen name="x697">296.87dp</dimen>
    <dimen name="x698">297.30dp</dimen>
    <dimen name="x699">297.72dp</dimen>
    <dimen name="x700">298.15dp</dimen>
    <dimen name="x701">298.57dp</dimen>
    <dimen name="x702">299.00dp</dimen>
    <dimen name="x703">299.43dp</dimen>
    <dimen name="x704">299.85dp</dimen>
    <dimen name="x705">300.28dp</dimen>
    <dimen name="x706">300.70dp</dimen>
    <dimen name="x707">301.13dp</dimen>
    <dimen name="x708">301.56dp</dimen>
    <dimen name="x709">301.98dp</dimen>
    <dimen name="x710">302.41dp</dimen>
    <dimen name="x711">302.83dp</dimen>
    <dimen name="x712">303.26dp</dimen>
    <dimen name="x713">303.69dp</dimen>
    <dimen name="x714">304.11dp</dimen>
    <dimen name="x715">304.54dp</dimen>
    <dimen name="x716">304.96dp</dimen>
    <dimen name="x717">305.39dp</dimen>
    <dimen name="x718">305.81dp</dimen>
    <dimen name="x719">306.24dp</dimen>
    <dimen name="x720">306.67dp</dimen>
    <dimen name="x721">307.09dp</dimen>
    <dimen name="x722">307.52dp</dimen>
    <dimen name="x723">307.94dp</dimen>
    <dimen name="x724">308.37dp</dimen>
    <dimen name="x725">308.80dp</dimen>
    <dimen name="x726">309.22dp</dimen>
    <dimen name="x727">309.65dp</dimen>
    <dimen name="x728">310.07dp</dimen>
    <dimen name="x729">310.50dp</dimen>
    <dimen name="x730">310.93dp</dimen>
    <dimen name="x731">311.35dp</dimen>
    <dimen name="x732">311.78dp</dimen>
    <dimen name="x733">312.20dp</dimen>
    <dimen name="x734">312.63dp</dimen>
    <dimen name="x735">313.06dp</dimen>
    <dimen name="x736">313.48dp</dimen>
    <dimen name="x737">313.91dp</dimen>
    <dimen name="x738">314.33dp</dimen>
    <dimen name="x739">314.76dp</dimen>
    <dimen name="x740">315.19dp</dimen>
    <dimen name="x741">315.61dp</dimen>
    <dimen name="x742">316.04dp</dimen>
    <dimen name="x743">316.46dp</dimen>
    <dimen name="x744">316.89dp</dimen>
    <dimen name="x745">317.31dp</dimen>
    <dimen name="x746">317.74dp</dimen>
    <dimen name="x747">318.17dp</dimen>
    <dimen name="x748">318.59dp</dimen>
    <dimen name="x749">319.02dp</dimen>
    <dimen name="x750">319.44dp</dimen>
    <dimen name="x751">319.87dp</dimen>
    <dimen name="x752">320.30dp</dimen>
    <dimen name="x753">320.72dp</dimen>
    <dimen name="x754">321.15dp</dimen>
    <dimen name="x755">321.57dp</dimen>
    <dimen name="x756">322.00dp</dimen>
    <dimen name="x757">322.43dp</dimen>
    <dimen name="x758">322.85dp</dimen>
    <dimen name="x759">323.28dp</dimen>
    <dimen name="x760">323.70dp</dimen>
    <dimen name="x761">324.13dp</dimen>
    <dimen name="x762">324.56dp</dimen>
    <dimen name="x763">324.98dp</dimen>
    <dimen name="x764">325.41dp</dimen>
    <dimen name="x765">325.83dp</dimen>
    <dimen name="x766">326.26dp</dimen>
    <dimen name="x767">326.69dp</dimen>
    <dimen name="x768">327.11dp</dimen>
    <dimen name="x769">327.54dp</dimen>
    <dimen name="x770">327.96dp</dimen>
    <dimen name="x771">328.39dp</dimen>
    <dimen name="x772">328.81dp</dimen>
    <dimen name="x773">329.24dp</dimen>
    <dimen name="x774">329.67dp</dimen>
    <dimen name="x775">330.09dp</dimen>
    <dimen name="x776">330.52dp</dimen>
    <dimen name="x777">330.94dp</dimen>
    <dimen name="x778">331.37dp</dimen>
    <dimen name="x779">331.80dp</dimen>
    <dimen name="x780">332.22dp</dimen>
    <dimen name="x781">332.65dp</dimen>
    <dimen name="x782">333.07dp</dimen>
    <dimen name="x783">333.50dp</dimen>
    <dimen name="x784">333.93dp</dimen>
    <dimen name="x785">334.35dp</dimen>
    <dimen name="x786">334.78dp</dimen>
    <dimen name="x787">335.20dp</dimen>
    <dimen name="x788">335.63dp</dimen>
    <dimen name="x789">336.06dp</dimen>
    <dimen name="x790">336.48dp</dimen>
    <dimen name="x791">336.91dp</dimen>
    <dimen name="x792">337.33dp</dimen>
    <dimen name="x793">337.76dp</dimen>
    <dimen name="x794">338.19dp</dimen>
    <dimen name="x795">338.61dp</dimen>
    <dimen name="x796">339.04dp</dimen>
    <dimen name="x797">339.46dp</dimen>
    <dimen name="x798">339.89dp</dimen>
    <dimen name="x799">340.31dp</dimen>
    <dimen name="x800">340.74dp</dimen>
    <dimen name="x801">341.17dp</dimen>
    <dimen name="x802">341.59dp</dimen>
    <dimen name="x803">342.02dp</dimen>
    <dimen name="x804">342.44dp</dimen>
    <dimen name="x805">342.87dp</dimen>
    <dimen name="x806">343.30dp</dimen>
    <dimen name="x807">343.72dp</dimen>
    <dimen name="x808">344.15dp</dimen>
    <dimen name="x809">344.57dp</dimen>
    <dimen name="x810">345.00dp</dimen>
    <dimen name="x811">345.43dp</dimen>
    <dimen name="x812">345.85dp</dimen>
    <dimen name="x813">346.28dp</dimen>
    <dimen name="x814">346.70dp</dimen>
    <dimen name="x815">347.13dp</dimen>
    <dimen name="x816">347.56dp</dimen>
    <dimen name="x817">347.98dp</dimen>
    <dimen name="x818">348.41dp</dimen>
    <dimen name="x819">348.83dp</dimen>
    <dimen name="x820">349.26dp</dimen>
    <dimen name="x821">349.69dp</dimen>
    <dimen name="x822">350.11dp</dimen>
    <dimen name="x823">350.54dp</dimen>
    <dimen name="x824">350.96dp</dimen>
    <dimen name="x825">351.39dp</dimen>
    <dimen name="x826">351.81dp</dimen>
    <dimen name="x827">352.24dp</dimen>
    <dimen name="x828">352.67dp</dimen>
    <dimen name="x829">353.09dp</dimen>
    <dimen name="x830">353.52dp</dimen>
    <dimen name="x831">353.94dp</dimen>
    <dimen name="x832">354.37dp</dimen>
    <dimen name="x833">354.80dp</dimen>
    <dimen name="x834">355.22dp</dimen>
    <dimen name="x835">355.65dp</dimen>
    <dimen name="x836">356.07dp</dimen>
    <dimen name="x837">356.50dp</dimen>
    <dimen name="x838">356.93dp</dimen>
    <dimen name="x839">357.35dp</dimen>
    <dimen name="x840">357.78dp</dimen>
    <dimen name="x841">358.20dp</dimen>
    <dimen name="x842">358.63dp</dimen>
    <dimen name="x843">359.06dp</dimen>
    <dimen name="x844">359.48dp</dimen>
    <dimen name="x845">359.91dp</dimen>
    <dimen name="x846">360.33dp</dimen>
    <dimen name="x847">360.76dp</dimen>
    <dimen name="x848">361.19dp</dimen>
    <dimen name="x849">361.61dp</dimen>
    <dimen name="x850">362.04dp</dimen>
    <dimen name="x851">362.46dp</dimen>
    <dimen name="x852">362.89dp</dimen>
    <dimen name="x853">363.31dp</dimen>
    <dimen name="x854">363.74dp</dimen>
    <dimen name="x855">364.17dp</dimen>
    <dimen name="x856">364.59dp</dimen>
    <dimen name="x857">365.02dp</dimen>
    <dimen name="x858">365.44dp</dimen>
    <dimen name="x859">365.87dp</dimen>
    <dimen name="x860">366.30dp</dimen>
    <dimen name="x861">366.72dp</dimen>
    <dimen name="x862">367.15dp</dimen>
    <dimen name="x863">367.57dp</dimen>
    <dimen name="x864">368.00dp</dimen>
    <dimen name="x865">368.43dp</dimen>
    <dimen name="x866">368.85dp</dimen>
    <dimen name="x867">369.28dp</dimen>
    <dimen name="x868">369.70dp</dimen>
    <dimen name="x869">370.13dp</dimen>
    <dimen name="x870">370.56dp</dimen>
    <dimen name="x871">370.98dp</dimen>
    <dimen name="x872">371.41dp</dimen>
    <dimen name="x873">371.83dp</dimen>
    <dimen name="x874">372.26dp</dimen>
    <dimen name="x875">372.69dp</dimen>
    <dimen name="x876">373.11dp</dimen>
    <dimen name="x877">373.54dp</dimen>
    <dimen name="x878">373.96dp</dimen>
    <dimen name="x879">374.39dp</dimen>
    <dimen name="x880">374.81dp</dimen>
    <dimen name="x881">375.24dp</dimen>
    <dimen name="x882">375.67dp</dimen>
    <dimen name="x883">376.09dp</dimen>
    <dimen name="x884">376.52dp</dimen>
    <dimen name="x885">376.94dp</dimen>
    <dimen name="x886">377.37dp</dimen>
    <dimen name="x887">377.80dp</dimen>
    <dimen name="x888">378.22dp</dimen>
    <dimen name="x889">378.65dp</dimen>
    <dimen name="x890">379.07dp</dimen>
    <dimen name="x891">379.50dp</dimen>
    <dimen name="x892">379.93dp</dimen>
    <dimen name="x893">380.35dp</dimen>
    <dimen name="x894">380.78dp</dimen>
    <dimen name="x895">381.20dp</dimen>
    <dimen name="x896">381.63dp</dimen>
    <dimen name="x897">382.06dp</dimen>
    <dimen name="x898">382.48dp</dimen>
    <dimen name="x899">382.91dp</dimen>
    <dimen name="x900">383.33dp</dimen>
    <dimen name="x901">383.76dp</dimen>
    <dimen name="x902">384.19dp</dimen>
    <dimen name="x903">384.61dp</dimen>
    <dimen name="x904">385.04dp</dimen>
    <dimen name="x905">385.46dp</dimen>
    <dimen name="x906">385.89dp</dimen>
    <dimen name="x907">386.31dp</dimen>
    <dimen name="x908">386.74dp</dimen>
    <dimen name="x909">387.17dp</dimen>
    <dimen name="x910">387.59dp</dimen>
    <dimen name="x911">388.02dp</dimen>
    <dimen name="x912">388.44dp</dimen>
    <dimen name="x913">388.87dp</dimen>
    <dimen name="x914">389.30dp</dimen>
    <dimen name="x915">389.72dp</dimen>
    <dimen name="x916">390.15dp</dimen>
    <dimen name="x917">390.57dp</dimen>
    <dimen name="x918">391.00dp</dimen>
    <dimen name="x919">391.43dp</dimen>
    <dimen name="x920">391.85dp</dimen>
    <dimen name="x921">392.28dp</dimen>
    <dimen name="x922">392.70dp</dimen>
    <dimen name="x923">393.13dp</dimen>
    <dimen name="x924">393.56dp</dimen>
    <dimen name="x925">393.98dp</dimen>
    <dimen name="x926">394.41dp</dimen>
    <dimen name="x927">394.83dp</dimen>
    <dimen name="x928">395.26dp</dimen>
    <dimen name="x929">395.69dp</dimen>
    <dimen name="x930">396.11dp</dimen>
    <dimen name="x931">396.54dp</dimen>
    <dimen name="x932">396.96dp</dimen>
    <dimen name="x933">397.39dp</dimen>
    <dimen name="x934">397.81dp</dimen>
    <dimen name="x935">398.24dp</dimen>
    <dimen name="x936">398.67dp</dimen>
    <dimen name="x937">399.09dp</dimen>
    <dimen name="x938">399.52dp</dimen>
    <dimen name="x939">399.94dp</dimen>
    <dimen name="x940">400.37dp</dimen>
    <dimen name="x941">400.80dp</dimen>
    <dimen name="x942">401.22dp</dimen>
    <dimen name="x943">401.65dp</dimen>
    <dimen name="x944">402.07dp</dimen>
    <dimen name="x945">402.50dp</dimen>
    <dimen name="x946">402.93dp</dimen>
    <dimen name="x947">403.35dp</dimen>
    <dimen name="x948">403.78dp</dimen>
    <dimen name="x949">404.20dp</dimen>
    <dimen name="x950">404.63dp</dimen>
    <dimen name="x951">405.06dp</dimen>
    <dimen name="x952">405.48dp</dimen>
    <dimen name="x953">405.91dp</dimen>
    <dimen name="x954">406.33dp</dimen>
    <dimen name="x955">406.76dp</dimen>
    <dimen name="x956">407.19dp</dimen>
    <dimen name="x957">407.61dp</dimen>
    <dimen name="x958">408.04dp</dimen>
    <dimen name="x959">408.46dp</dimen>
    <dimen name="x960">408.89dp</dimen>
    <dimen name="x961">409.31dp</dimen>
    <dimen name="x962">409.74dp</dimen>
    <dimen name="x963">410.17dp</dimen>
    <dimen name="x964">410.59dp</dimen>
    <dimen name="x965">411.02dp</dimen>
    <dimen name="x966">411.44dp</dimen>
    <dimen name="x967">411.87dp</dimen>
    <dimen name="x968">412.30dp</dimen>
    <dimen name="x969">412.72dp</dimen>
    <dimen name="x970">413.15dp</dimen>
    <dimen name="x971">413.57dp</dimen>
    <dimen name="x972">414.00dp</dimen>
    <dimen name="x973">414.43dp</dimen>
    <dimen name="x974">414.85dp</dimen>
    <dimen name="x975">415.28dp</dimen>
    <dimen name="x976">415.70dp</dimen>
    <dimen name="x977">416.13dp</dimen>
    <dimen name="x978">416.56dp</dimen>
    <dimen name="x979">416.98dp</dimen>
    <dimen name="x980">417.41dp</dimen>
    <dimen name="x981">417.83dp</dimen>
    <dimen name="x982">418.26dp</dimen>
    <dimen name="x983">418.69dp</dimen>
    <dimen name="x984">419.11dp</dimen>
    <dimen name="x985">419.54dp</dimen>
    <dimen name="x986">419.96dp</dimen>
    <dimen name="x987">420.39dp</dimen>
    <dimen name="x988">420.81dp</dimen>
    <dimen name="x989">421.24dp</dimen>
    <dimen name="x990">421.67dp</dimen>
    <dimen name="x991">422.09dp</dimen>
    <dimen name="x992">422.52dp</dimen>
    <dimen name="x993">422.94dp</dimen>
    <dimen name="x994">423.37dp</dimen>
    <dimen name="x995">423.80dp</dimen>
    <dimen name="x996">424.22dp</dimen>
    <dimen name="x997">424.65dp</dimen>
    <dimen name="x998">425.07dp</dimen>
    <dimen name="x999">425.50dp</dimen>
    <dimen name="x1000">425.93dp</dimen>
    <dimen name="x1001">426.35dp</dimen>
    <dimen name="x1002">426.78dp</dimen>
    <dimen name="x1003">427.20dp</dimen>
    <dimen name="x1004">427.63dp</dimen>
    <dimen name="x1005">428.06dp</dimen>
    <dimen name="x1006">428.48dp</dimen>
    <dimen name="x1007">428.91dp</dimen>
    <dimen name="x1008">429.33dp</dimen>
    <dimen name="x1009">429.76dp</dimen>
    <dimen name="x1010">430.19dp</dimen>
    <dimen name="x1011">430.61dp</dimen>
    <dimen name="x1012">431.04dp</dimen>
    <dimen name="x1013">431.46dp</dimen>
    <dimen name="x1014">431.89dp</dimen>
    <dimen name="x1015">432.31dp</dimen>
    <dimen name="x1016">432.74dp</dimen>
    <dimen name="x1017">433.17dp</dimen>
    <dimen name="x1018">433.59dp</dimen>
    <dimen name="x1019">434.02dp</dimen>
    <dimen name="x1020">434.44dp</dimen>
    <dimen name="x1021">434.87dp</dimen>
    <dimen name="x1022">435.30dp</dimen>
    <dimen name="x1023">435.72dp</dimen>
    <dimen name="x1024">436.15dp</dimen>
    <dimen name="x1025">436.57dp</dimen>
    <dimen name="x1026">437.00dp</dimen>
    <dimen name="x1027">437.43dp</dimen>
    <dimen name="x1028">437.85dp</dimen>
    <dimen name="x1029">438.28dp</dimen>
    <dimen name="x1030">438.70dp</dimen>
    <dimen name="x1031">439.13dp</dimen>
    <dimen name="x1032">439.56dp</dimen>
    <dimen name="x1033">439.98dp</dimen>
    <dimen name="x1034">440.41dp</dimen>
    <dimen name="x1035">440.83dp</dimen>
    <dimen name="x1036">441.26dp</dimen>
    <dimen name="x1037">441.69dp</dimen>
    <dimen name="x1038">442.11dp</dimen>
    <dimen name="x1039">442.54dp</dimen>
    <dimen name="x1040">442.96dp</dimen>
    <dimen name="x1041">443.39dp</dimen>
    <dimen name="x1042">443.81dp</dimen>
    <dimen name="x1043">444.24dp</dimen>
    <dimen name="x1044">444.67dp</dimen>
    <dimen name="x1045">445.09dp</dimen>
    <dimen name="x1046">445.52dp</dimen>
    <dimen name="x1047">445.94dp</dimen>
    <dimen name="x1048">446.37dp</dimen>
    <dimen name="x1049">446.80dp</dimen>
    <dimen name="x1050">447.22dp</dimen>
    <dimen name="x1051">447.65dp</dimen>
    <dimen name="x1052">448.07dp</dimen>
    <dimen name="x1053">448.50dp</dimen>
    <dimen name="x1054">448.93dp</dimen>
    <dimen name="x1055">449.35dp</dimen>
    <dimen name="x1056">449.78dp</dimen>
    <dimen name="x1057">450.20dp</dimen>
    <dimen name="x1058">450.63dp</dimen>
    <dimen name="x1059">451.06dp</dimen>
    <dimen name="x1060">451.48dp</dimen>
    <dimen name="x1061">451.91dp</dimen>
    <dimen name="x1062">452.33dp</dimen>
    <dimen name="x1063">452.76dp</dimen>
    <dimen name="x1064">453.19dp</dimen>
    <dimen name="x1065">453.61dp</dimen>
    <dimen name="x1066">454.04dp</dimen>
    <dimen name="x1067">454.46dp</dimen>
    <dimen name="x1068">454.89dp</dimen>
    <dimen name="x1069">455.31dp</dimen>
    <dimen name="x1070">455.74dp</dimen>
    <dimen name="x1071">456.17dp</dimen>
    <dimen name="x1072">456.59dp</dimen>
    <dimen name="x1073">457.02dp</dimen>
    <dimen name="x1074">457.44dp</dimen>
    <dimen name="x1075">457.87dp</dimen>
    <dimen name="x1076">458.30dp</dimen>
    <dimen name="x1077">458.72dp</dimen>
    <dimen name="x1078">459.15dp</dimen>
    <dimen name="x1079">459.57dp</dimen>
    <dimen name="x1080">460.00dp</dimen>
</resources>