<?xml version="1.0" encoding="utf-8"?>
<resources>
    <string name="sw_dp">890dp</string>
    <dimen name="x1">0.82dp</dimen>
    <dimen name="x2">1.65dp</dimen>
    <dimen name="x3">2.47dp</dimen>
    <dimen name="x4">3.30dp</dimen>
    <dimen name="x5">4.12dp</dimen>
    <dimen name="x6">4.94dp</dimen>
    <dimen name="x7">5.77dp</dimen>
    <dimen name="x8">6.59dp</dimen>
    <dimen name="x9">7.42dp</dimen>
    <dimen name="x10">8.24dp</dimen>
    <dimen name="x11">9.06dp</dimen>
    <dimen name="x12">9.89dp</dimen>
    <dimen name="x13">10.71dp</dimen>
    <dimen name="x14">11.54dp</dimen>
    <dimen name="x15">12.36dp</dimen>
    <dimen name="x16">13.19dp</dimen>
    <dimen name="x17">14.01dp</dimen>
    <dimen name="x18">14.83dp</dimen>
    <dimen name="x19">15.66dp</dimen>
    <dimen name="x20">16.48dp</dimen>
    <dimen name="x21">17.31dp</dimen>
    <dimen name="x22">18.13dp</dimen>
    <dimen name="x23">18.95dp</dimen>
    <dimen name="x24">19.78dp</dimen>
    <dimen name="x25">20.60dp</dimen>
    <dimen name="x26">21.43dp</dimen>
    <dimen name="x27">22.25dp</dimen>
    <dimen name="x28">23.07dp</dimen>
    <dimen name="x29">23.90dp</dimen>
    <dimen name="x30">24.72dp</dimen>
    <dimen name="x31">25.55dp</dimen>
    <dimen name="x32">26.37dp</dimen>
    <dimen name="x33">27.19dp</dimen>
    <dimen name="x34">28.02dp</dimen>
    <dimen name="x35">28.84dp</dimen>
    <dimen name="x36">29.67dp</dimen>
    <dimen name="x37">30.49dp</dimen>
    <dimen name="x38">31.31dp</dimen>
    <dimen name="x39">32.14dp</dimen>
    <dimen name="x40">32.96dp</dimen>
    <dimen name="x41">33.79dp</dimen>
    <dimen name="x42">34.61dp</dimen>
    <dimen name="x43">35.44dp</dimen>
    <dimen name="x44">36.26dp</dimen>
    <dimen name="x45">37.08dp</dimen>
    <dimen name="x46">37.91dp</dimen>
    <dimen name="x47">38.73dp</dimen>
    <dimen name="x48">39.56dp</dimen>
    <dimen name="x49">40.38dp</dimen>
    <dimen name="x50">41.20dp</dimen>
    <dimen name="x51">42.03dp</dimen>
    <dimen name="x52">42.85dp</dimen>
    <dimen name="x53">43.68dp</dimen>
    <dimen name="x54">44.50dp</dimen>
    <dimen name="x55">45.32dp</dimen>
    <dimen name="x56">46.15dp</dimen>
    <dimen name="x57">46.97dp</dimen>
    <dimen name="x58">47.80dp</dimen>
    <dimen name="x59">48.62dp</dimen>
    <dimen name="x60">49.44dp</dimen>
    <dimen name="x61">50.27dp</dimen>
    <dimen name="x62">51.09dp</dimen>
    <dimen name="x63">51.92dp</dimen>
    <dimen name="x64">52.74dp</dimen>
    <dimen name="x65">53.56dp</dimen>
    <dimen name="x66">54.39dp</dimen>
    <dimen name="x67">55.21dp</dimen>
    <dimen name="x68">56.04dp</dimen>
    <dimen name="x69">56.86dp</dimen>
    <dimen name="x70">57.69dp</dimen>
    <dimen name="x71">58.51dp</dimen>
    <dimen name="x72">59.33dp</dimen>
    <dimen name="x73">60.16dp</dimen>
    <dimen name="x74">60.98dp</dimen>
    <dimen name="x75">61.81dp</dimen>
    <dimen name="x76">62.63dp</dimen>
    <dimen name="x77">63.45dp</dimen>
    <dimen name="x78">64.28dp</dimen>
    <dimen name="x79">65.10dp</dimen>
    <dimen name="x80">65.93dp</dimen>
    <dimen name="x81">66.75dp</dimen>
    <dimen name="x82">67.57dp</dimen>
    <dimen name="x83">68.40dp</dimen>
    <dimen name="x84">69.22dp</dimen>
    <dimen name="x85">70.05dp</dimen>
    <dimen name="x86">70.87dp</dimen>
    <dimen name="x87">71.69dp</dimen>
    <dimen name="x88">72.52dp</dimen>
    <dimen name="x89">73.34dp</dimen>
    <dimen name="x90">74.17dp</dimen>
    <dimen name="x91">74.99dp</dimen>
    <dimen name="x92">75.81dp</dimen>
    <dimen name="x93">76.64dp</dimen>
    <dimen name="x94">77.46dp</dimen>
    <dimen name="x95">78.29dp</dimen>
    <dimen name="x96">79.11dp</dimen>
    <dimen name="x97">79.94dp</dimen>
    <dimen name="x98">80.76dp</dimen>
    <dimen name="x99">81.58dp</dimen>
    <dimen name="x100">82.41dp</dimen>
    <dimen name="x101">83.23dp</dimen>
    <dimen name="x102">84.06dp</dimen>
    <dimen name="x103">84.88dp</dimen>
    <dimen name="x104">85.70dp</dimen>
    <dimen name="x105">86.53dp</dimen>
    <dimen name="x106">87.35dp</dimen>
    <dimen name="x107">88.18dp</dimen>
    <dimen name="x108">89.00dp</dimen>
    <dimen name="x109">89.82dp</dimen>
    <dimen name="x110">90.65dp</dimen>
    <dimen name="x111">91.47dp</dimen>
    <dimen name="x112">92.30dp</dimen>
    <dimen name="x113">93.12dp</dimen>
    <dimen name="x114">93.94dp</dimen>
    <dimen name="x115">94.77dp</dimen>
    <dimen name="x116">95.59dp</dimen>
    <dimen name="x117">96.42dp</dimen>
    <dimen name="x118">97.24dp</dimen>
    <dimen name="x119">98.06dp</dimen>
    <dimen name="x120">98.89dp</dimen>
    <dimen name="x121">99.71dp</dimen>
    <dimen name="x122">100.54dp</dimen>
    <dimen name="x123">101.36dp</dimen>
    <dimen name="x124">102.19dp</dimen>
    <dimen name="x125">103.01dp</dimen>
    <dimen name="x126">103.83dp</dimen>
    <dimen name="x127">104.66dp</dimen>
    <dimen name="x128">105.48dp</dimen>
    <dimen name="x129">106.31dp</dimen>
    <dimen name="x130">107.13dp</dimen>
    <dimen name="x131">107.95dp</dimen>
    <dimen name="x132">108.78dp</dimen>
    <dimen name="x133">109.60dp</dimen>
    <dimen name="x134">110.43dp</dimen>
    <dimen name="x135">111.25dp</dimen>
    <dimen name="x136">112.07dp</dimen>
    <dimen name="x137">112.90dp</dimen>
    <dimen name="x138">113.72dp</dimen>
    <dimen name="x139">114.55dp</dimen>
    <dimen name="x140">115.37dp</dimen>
    <dimen name="x141">116.19dp</dimen>
    <dimen name="x142">117.02dp</dimen>
    <dimen name="x143">117.84dp</dimen>
    <dimen name="x144">118.67dp</dimen>
    <dimen name="x145">119.49dp</dimen>
    <dimen name="x146">120.31dp</dimen>
    <dimen name="x147">121.14dp</dimen>
    <dimen name="x148">121.96dp</dimen>
    <dimen name="x149">122.79dp</dimen>
    <dimen name="x150">123.61dp</dimen>
    <dimen name="x151">124.44dp</dimen>
    <dimen name="x152">125.26dp</dimen>
    <dimen name="x153">126.08dp</dimen>
    <dimen name="x154">126.91dp</dimen>
    <dimen name="x155">127.73dp</dimen>
    <dimen name="x156">128.56dp</dimen>
    <dimen name="x157">129.38dp</dimen>
    <dimen name="x158">130.20dp</dimen>
    <dimen name="x159">131.03dp</dimen>
    <dimen name="x160">131.85dp</dimen>
    <dimen name="x161">132.68dp</dimen>
    <dimen name="x162">133.50dp</dimen>
    <dimen name="x163">134.32dp</dimen>
    <dimen name="x164">135.15dp</dimen>
    <dimen name="x165">135.97dp</dimen>
    <dimen name="x166">136.80dp</dimen>
    <dimen name="x167">137.62dp</dimen>
    <dimen name="x168">138.44dp</dimen>
    <dimen name="x169">139.27dp</dimen>
    <dimen name="x170">140.09dp</dimen>
    <dimen name="x171">140.92dp</dimen>
    <dimen name="x172">141.74dp</dimen>
    <dimen name="x173">142.56dp</dimen>
    <dimen name="x174">143.39dp</dimen>
    <dimen name="x175">144.21dp</dimen>
    <dimen name="x176">145.04dp</dimen>
    <dimen name="x177">145.86dp</dimen>
    <dimen name="x178">146.69dp</dimen>
    <dimen name="x179">147.51dp</dimen>
    <dimen name="x180">148.33dp</dimen>
    <dimen name="x181">149.16dp</dimen>
    <dimen name="x182">149.98dp</dimen>
    <dimen name="x183">150.81dp</dimen>
    <dimen name="x184">151.63dp</dimen>
    <dimen name="x185">152.45dp</dimen>
    <dimen name="x186">153.28dp</dimen>
    <dimen name="x187">154.10dp</dimen>
    <dimen name="x188">154.93dp</dimen>
    <dimen name="x189">155.75dp</dimen>
    <dimen name="x190">156.57dp</dimen>
    <dimen name="x191">157.40dp</dimen>
    <dimen name="x192">158.22dp</dimen>
    <dimen name="x193">159.05dp</dimen>
    <dimen name="x194">159.87dp</dimen>
    <dimen name="x195">160.69dp</dimen>
    <dimen name="x196">161.52dp</dimen>
    <dimen name="x197">162.34dp</dimen>
    <dimen name="x198">163.17dp</dimen>
    <dimen name="x199">163.99dp</dimen>
    <dimen name="x200">164.81dp</dimen>
    <dimen name="x201">165.64dp</dimen>
    <dimen name="x202">166.46dp</dimen>
    <dimen name="x203">167.29dp</dimen>
    <dimen name="x204">168.11dp</dimen>
    <dimen name="x205">168.94dp</dimen>
    <dimen name="x206">169.76dp</dimen>
    <dimen name="x207">170.58dp</dimen>
    <dimen name="x208">171.41dp</dimen>
    <dimen name="x209">172.23dp</dimen>
    <dimen name="x210">173.06dp</dimen>
    <dimen name="x211">173.88dp</dimen>
    <dimen name="x212">174.70dp</dimen>
    <dimen name="x213">175.53dp</dimen>
    <dimen name="x214">176.35dp</dimen>
    <dimen name="x215">177.18dp</dimen>
    <dimen name="x216">178.00dp</dimen>
    <dimen name="x217">178.82dp</dimen>
    <dimen name="x218">179.65dp</dimen>
    <dimen name="x219">180.47dp</dimen>
    <dimen name="x220">181.30dp</dimen>
    <dimen name="x221">182.12dp</dimen>
    <dimen name="x222">182.94dp</dimen>
    <dimen name="x223">183.77dp</dimen>
    <dimen name="x224">184.59dp</dimen>
    <dimen name="x225">185.42dp</dimen>
    <dimen name="x226">186.24dp</dimen>
    <dimen name="x227">187.06dp</dimen>
    <dimen name="x228">187.89dp</dimen>
    <dimen name="x229">188.71dp</dimen>
    <dimen name="x230">189.54dp</dimen>
    <dimen name="x231">190.36dp</dimen>
    <dimen name="x232">191.19dp</dimen>
    <dimen name="x233">192.01dp</dimen>
    <dimen name="x234">192.83dp</dimen>
    <dimen name="x235">193.66dp</dimen>
    <dimen name="x236">194.48dp</dimen>
    <dimen name="x237">195.31dp</dimen>
    <dimen name="x238">196.13dp</dimen>
    <dimen name="x239">196.95dp</dimen>
    <dimen name="x240">197.78dp</dimen>
    <dimen name="x241">198.60dp</dimen>
    <dimen name="x242">199.43dp</dimen>
    <dimen name="x243">200.25dp</dimen>
    <dimen name="x244">201.07dp</dimen>
    <dimen name="x245">201.90dp</dimen>
    <dimen name="x246">202.72dp</dimen>
    <dimen name="x247">203.55dp</dimen>
    <dimen name="x248">204.37dp</dimen>
    <dimen name="x249">205.19dp</dimen>
    <dimen name="x250">206.02dp</dimen>
    <dimen name="x251">206.84dp</dimen>
    <dimen name="x252">207.67dp</dimen>
    <dimen name="x253">208.49dp</dimen>
    <dimen name="x254">209.31dp</dimen>
    <dimen name="x255">210.14dp</dimen>
    <dimen name="x256">210.96dp</dimen>
    <dimen name="x257">211.79dp</dimen>
    <dimen name="x258">212.61dp</dimen>
    <dimen name="x259">213.44dp</dimen>
    <dimen name="x260">214.26dp</dimen>
    <dimen name="x261">215.08dp</dimen>
    <dimen name="x262">215.91dp</dimen>
    <dimen name="x263">216.73dp</dimen>
    <dimen name="x264">217.56dp</dimen>
    <dimen name="x265">218.38dp</dimen>
    <dimen name="x266">219.20dp</dimen>
    <dimen name="x267">220.03dp</dimen>
    <dimen name="x268">220.85dp</dimen>
    <dimen name="x269">221.68dp</dimen>
    <dimen name="x270">222.50dp</dimen>
    <dimen name="x271">223.32dp</dimen>
    <dimen name="x272">224.15dp</dimen>
    <dimen name="x273">224.97dp</dimen>
    <dimen name="x274">225.80dp</dimen>
    <dimen name="x275">226.62dp</dimen>
    <dimen name="x276">227.44dp</dimen>
    <dimen name="x277">228.27dp</dimen>
    <dimen name="x278">229.09dp</dimen>
    <dimen name="x279">229.92dp</dimen>
    <dimen name="x280">230.74dp</dimen>
    <dimen name="x281">231.56dp</dimen>
    <dimen name="x282">232.39dp</dimen>
    <dimen name="x283">233.21dp</dimen>
    <dimen name="x284">234.04dp</dimen>
    <dimen name="x285">234.86dp</dimen>
    <dimen name="x286">235.69dp</dimen>
    <dimen name="x287">236.51dp</dimen>
    <dimen name="x288">237.33dp</dimen>
    <dimen name="x289">238.16dp</dimen>
    <dimen name="x290">238.98dp</dimen>
    <dimen name="x291">239.81dp</dimen>
    <dimen name="x292">240.63dp</dimen>
    <dimen name="x293">241.45dp</dimen>
    <dimen name="x294">242.28dp</dimen>
    <dimen name="x295">243.10dp</dimen>
    <dimen name="x296">243.93dp</dimen>
    <dimen name="x297">244.75dp</dimen>
    <dimen name="x298">245.57dp</dimen>
    <dimen name="x299">246.40dp</dimen>
    <dimen name="x300">247.22dp</dimen>
    <dimen name="x301">248.05dp</dimen>
    <dimen name="x302">248.87dp</dimen>
    <dimen name="x303">249.69dp</dimen>
    <dimen name="x304">250.52dp</dimen>
    <dimen name="x305">251.34dp</dimen>
    <dimen name="x306">252.17dp</dimen>
    <dimen name="x307">252.99dp</dimen>
    <dimen name="x308">253.81dp</dimen>
    <dimen name="x309">254.64dp</dimen>
    <dimen name="x310">255.46dp</dimen>
    <dimen name="x311">256.29dp</dimen>
    <dimen name="x312">257.11dp</dimen>
    <dimen name="x313">257.94dp</dimen>
    <dimen name="x314">258.76dp</dimen>
    <dimen name="x315">259.58dp</dimen>
    <dimen name="x316">260.41dp</dimen>
    <dimen name="x317">261.23dp</dimen>
    <dimen name="x318">262.06dp</dimen>
    <dimen name="x319">262.88dp</dimen>
    <dimen name="x320">263.70dp</dimen>
    <dimen name="x321">264.53dp</dimen>
    <dimen name="x322">265.35dp</dimen>
    <dimen name="x323">266.18dp</dimen>
    <dimen name="x324">267.00dp</dimen>
    <dimen name="x325">267.82dp</dimen>
    <dimen name="x326">268.65dp</dimen>
    <dimen name="x327">269.47dp</dimen>
    <dimen name="x328">270.30dp</dimen>
    <dimen name="x329">271.12dp</dimen>
    <dimen name="x330">271.94dp</dimen>
    <dimen name="x331">272.77dp</dimen>
    <dimen name="x332">273.59dp</dimen>
    <dimen name="x333">274.42dp</dimen>
    <dimen name="x334">275.24dp</dimen>
    <dimen name="x335">276.06dp</dimen>
    <dimen name="x336">276.89dp</dimen>
    <dimen name="x337">277.71dp</dimen>
    <dimen name="x338">278.54dp</dimen>
    <dimen name="x339">279.36dp</dimen>
    <dimen name="x340">280.19dp</dimen>
    <dimen name="x341">281.01dp</dimen>
    <dimen name="x342">281.83dp</dimen>
    <dimen name="x343">282.66dp</dimen>
    <dimen name="x344">283.48dp</dimen>
    <dimen name="x345">284.31dp</dimen>
    <dimen name="x346">285.13dp</dimen>
    <dimen name="x347">285.95dp</dimen>
    <dimen name="x348">286.78dp</dimen>
    <dimen name="x349">287.60dp</dimen>
    <dimen name="x350">288.43dp</dimen>
    <dimen name="x351">289.25dp</dimen>
    <dimen name="x352">290.07dp</dimen>
    <dimen name="x353">290.90dp</dimen>
    <dimen name="x354">291.72dp</dimen>
    <dimen name="x355">292.55dp</dimen>
    <dimen name="x356">293.37dp</dimen>
    <dimen name="x357">294.19dp</dimen>
    <dimen name="x358">295.02dp</dimen>
    <dimen name="x359">295.84dp</dimen>
    <dimen name="x360">296.67dp</dimen>
    <dimen name="x361">297.49dp</dimen>
    <dimen name="x362">298.31dp</dimen>
    <dimen name="x363">299.14dp</dimen>
    <dimen name="x364">299.96dp</dimen>
    <dimen name="x365">300.79dp</dimen>
    <dimen name="x366">301.61dp</dimen>
    <dimen name="x367">302.44dp</dimen>
    <dimen name="x368">303.26dp</dimen>
    <dimen name="x369">304.08dp</dimen>
    <dimen name="x370">304.91dp</dimen>
    <dimen name="x371">305.73dp</dimen>
    <dimen name="x372">306.56dp</dimen>
    <dimen name="x373">307.38dp</dimen>
    <dimen name="x374">308.20dp</dimen>
    <dimen name="x375">309.03dp</dimen>
    <dimen name="x376">309.85dp</dimen>
    <dimen name="x377">310.68dp</dimen>
    <dimen name="x378">311.50dp</dimen>
    <dimen name="x379">312.32dp</dimen>
    <dimen name="x380">313.15dp</dimen>
    <dimen name="x381">313.97dp</dimen>
    <dimen name="x382">314.80dp</dimen>
    <dimen name="x383">315.62dp</dimen>
    <dimen name="x384">316.44dp</dimen>
    <dimen name="x385">317.27dp</dimen>
    <dimen name="x386">318.09dp</dimen>
    <dimen name="x387">318.92dp</dimen>
    <dimen name="x388">319.74dp</dimen>
    <dimen name="x389">320.56dp</dimen>
    <dimen name="x390">321.39dp</dimen>
    <dimen name="x391">322.21dp</dimen>
    <dimen name="x392">323.04dp</dimen>
    <dimen name="x393">323.86dp</dimen>
    <dimen name="x394">324.69dp</dimen>
    <dimen name="x395">325.51dp</dimen>
    <dimen name="x396">326.33dp</dimen>
    <dimen name="x397">327.16dp</dimen>
    <dimen name="x398">327.98dp</dimen>
    <dimen name="x399">328.81dp</dimen>
    <dimen name="x400">329.63dp</dimen>
    <dimen name="x401">330.45dp</dimen>
    <dimen name="x402">331.28dp</dimen>
    <dimen name="x403">332.10dp</dimen>
    <dimen name="x404">332.93dp</dimen>
    <dimen name="x405">333.75dp</dimen>
    <dimen name="x406">334.57dp</dimen>
    <dimen name="x407">335.40dp</dimen>
    <dimen name="x408">336.22dp</dimen>
    <dimen name="x409">337.05dp</dimen>
    <dimen name="x410">337.87dp</dimen>
    <dimen name="x411">338.69dp</dimen>
    <dimen name="x412">339.52dp</dimen>
    <dimen name="x413">340.34dp</dimen>
    <dimen name="x414">341.17dp</dimen>
    <dimen name="x415">341.99dp</dimen>
    <dimen name="x416">342.81dp</dimen>
    <dimen name="x417">343.64dp</dimen>
    <dimen name="x418">344.46dp</dimen>
    <dimen name="x419">345.29dp</dimen>
    <dimen name="x420">346.11dp</dimen>
    <dimen name="x421">346.94dp</dimen>
    <dimen name="x422">347.76dp</dimen>
    <dimen name="x423">348.58dp</dimen>
    <dimen name="x424">349.41dp</dimen>
    <dimen name="x425">350.23dp</dimen>
    <dimen name="x426">351.06dp</dimen>
    <dimen name="x427">351.88dp</dimen>
    <dimen name="x428">352.70dp</dimen>
    <dimen name="x429">353.53dp</dimen>
    <dimen name="x430">354.35dp</dimen>
    <dimen name="x431">355.18dp</dimen>
    <dimen name="x432">356.00dp</dimen>
    <dimen name="x433">356.82dp</dimen>
    <dimen name="x434">357.65dp</dimen>
    <dimen name="x435">358.47dp</dimen>
    <dimen name="x436">359.30dp</dimen>
    <dimen name="x437">360.12dp</dimen>
    <dimen name="x438">360.94dp</dimen>
    <dimen name="x439">361.77dp</dimen>
    <dimen name="x440">362.59dp</dimen>
    <dimen name="x441">363.42dp</dimen>
    <dimen name="x442">364.24dp</dimen>
    <dimen name="x443">365.06dp</dimen>
    <dimen name="x444">365.89dp</dimen>
    <dimen name="x445">366.71dp</dimen>
    <dimen name="x446">367.54dp</dimen>
    <dimen name="x447">368.36dp</dimen>
    <dimen name="x448">369.19dp</dimen>
    <dimen name="x449">370.01dp</dimen>
    <dimen name="x450">370.83dp</dimen>
    <dimen name="x451">371.66dp</dimen>
    <dimen name="x452">372.48dp</dimen>
    <dimen name="x453">373.31dp</dimen>
    <dimen name="x454">374.13dp</dimen>
    <dimen name="x455">374.95dp</dimen>
    <dimen name="x456">375.78dp</dimen>
    <dimen name="x457">376.60dp</dimen>
    <dimen name="x458">377.43dp</dimen>
    <dimen name="x459">378.25dp</dimen>
    <dimen name="x460">379.07dp</dimen>
    <dimen name="x461">379.90dp</dimen>
    <dimen name="x462">380.72dp</dimen>
    <dimen name="x463">381.55dp</dimen>
    <dimen name="x464">382.37dp</dimen>
    <dimen name="x465">383.19dp</dimen>
    <dimen name="x466">384.02dp</dimen>
    <dimen name="x467">384.84dp</dimen>
    <dimen name="x468">385.67dp</dimen>
    <dimen name="x469">386.49dp</dimen>
    <dimen name="x470">387.31dp</dimen>
    <dimen name="x471">388.14dp</dimen>
    <dimen name="x472">388.96dp</dimen>
    <dimen name="x473">389.79dp</dimen>
    <dimen name="x474">390.61dp</dimen>
    <dimen name="x475">391.44dp</dimen>
    <dimen name="x476">392.26dp</dimen>
    <dimen name="x477">393.08dp</dimen>
    <dimen name="x478">393.91dp</dimen>
    <dimen name="x479">394.73dp</dimen>
    <dimen name="x480">395.56dp</dimen>
    <dimen name="x481">396.38dp</dimen>
    <dimen name="x482">397.20dp</dimen>
    <dimen name="x483">398.03dp</dimen>
    <dimen name="x484">398.85dp</dimen>
    <dimen name="x485">399.68dp</dimen>
    <dimen name="x486">400.50dp</dimen>
    <dimen name="x487">401.32dp</dimen>
    <dimen name="x488">402.15dp</dimen>
    <dimen name="x489">402.97dp</dimen>
    <dimen name="x490">403.80dp</dimen>
    <dimen name="x491">404.62dp</dimen>
    <dimen name="x492">405.44dp</dimen>
    <dimen name="x493">406.27dp</dimen>
    <dimen name="x494">407.09dp</dimen>
    <dimen name="x495">407.92dp</dimen>
    <dimen name="x496">408.74dp</dimen>
    <dimen name="x497">409.56dp</dimen>
    <dimen name="x498">410.39dp</dimen>
    <dimen name="x499">411.21dp</dimen>
    <dimen name="x500">412.04dp</dimen>
    <dimen name="x501">412.86dp</dimen>
    <dimen name="x502">413.69dp</dimen>
    <dimen name="x503">414.51dp</dimen>
    <dimen name="x504">415.33dp</dimen>
    <dimen name="x505">416.16dp</dimen>
    <dimen name="x506">416.98dp</dimen>
    <dimen name="x507">417.81dp</dimen>
    <dimen name="x508">418.63dp</dimen>
    <dimen name="x509">419.45dp</dimen>
    <dimen name="x510">420.28dp</dimen>
    <dimen name="x511">421.10dp</dimen>
    <dimen name="x512">421.93dp</dimen>
    <dimen name="x513">422.75dp</dimen>
    <dimen name="x514">423.57dp</dimen>
    <dimen name="x515">424.40dp</dimen>
    <dimen name="x516">425.22dp</dimen>
    <dimen name="x517">426.05dp</dimen>
    <dimen name="x518">426.87dp</dimen>
    <dimen name="x519">427.69dp</dimen>
    <dimen name="x520">428.52dp</dimen>
    <dimen name="x521">429.34dp</dimen>
    <dimen name="x522">430.17dp</dimen>
    <dimen name="x523">430.99dp</dimen>
    <dimen name="x524">431.81dp</dimen>
    <dimen name="x525">432.64dp</dimen>
    <dimen name="x526">433.46dp</dimen>
    <dimen name="x527">434.29dp</dimen>
    <dimen name="x528">435.11dp</dimen>
    <dimen name="x529">435.94dp</dimen>
    <dimen name="x530">436.76dp</dimen>
    <dimen name="x531">437.58dp</dimen>
    <dimen name="x532">438.41dp</dimen>
    <dimen name="x533">439.23dp</dimen>
    <dimen name="x534">440.06dp</dimen>
    <dimen name="x535">440.88dp</dimen>
    <dimen name="x536">441.70dp</dimen>
    <dimen name="x537">442.53dp</dimen>
    <dimen name="x538">443.35dp</dimen>
    <dimen name="x539">444.18dp</dimen>
    <dimen name="x540">445.00dp</dimen>
    <dimen name="x541">445.82dp</dimen>
    <dimen name="x542">446.65dp</dimen>
    <dimen name="x543">447.47dp</dimen>
    <dimen name="x544">448.30dp</dimen>
    <dimen name="x545">449.12dp</dimen>
    <dimen name="x546">449.94dp</dimen>
    <dimen name="x547">450.77dp</dimen>
    <dimen name="x548">451.59dp</dimen>
    <dimen name="x549">452.42dp</dimen>
    <dimen name="x550">453.24dp</dimen>
    <dimen name="x551">454.06dp</dimen>
    <dimen name="x552">454.89dp</dimen>
    <dimen name="x553">455.71dp</dimen>
    <dimen name="x554">456.54dp</dimen>
    <dimen name="x555">457.36dp</dimen>
    <dimen name="x556">458.19dp</dimen>
    <dimen name="x557">459.01dp</dimen>
    <dimen name="x558">459.83dp</dimen>
    <dimen name="x559">460.66dp</dimen>
    <dimen name="x560">461.48dp</dimen>
    <dimen name="x561">462.31dp</dimen>
    <dimen name="x562">463.13dp</dimen>
    <dimen name="x563">463.95dp</dimen>
    <dimen name="x564">464.78dp</dimen>
    <dimen name="x565">465.60dp</dimen>
    <dimen name="x566">466.43dp</dimen>
    <dimen name="x567">467.25dp</dimen>
    <dimen name="x568">468.07dp</dimen>
    <dimen name="x569">468.90dp</dimen>
    <dimen name="x570">469.72dp</dimen>
    <dimen name="x571">470.55dp</dimen>
    <dimen name="x572">471.37dp</dimen>
    <dimen name="x573">472.19dp</dimen>
    <dimen name="x574">473.02dp</dimen>
    <dimen name="x575">473.84dp</dimen>
    <dimen name="x576">474.67dp</dimen>
    <dimen name="x577">475.49dp</dimen>
    <dimen name="x578">476.31dp</dimen>
    <dimen name="x579">477.14dp</dimen>
    <dimen name="x580">477.96dp</dimen>
    <dimen name="x581">478.79dp</dimen>
    <dimen name="x582">479.61dp</dimen>
    <dimen name="x583">480.44dp</dimen>
    <dimen name="x584">481.26dp</dimen>
    <dimen name="x585">482.08dp</dimen>
    <dimen name="x586">482.91dp</dimen>
    <dimen name="x587">483.73dp</dimen>
    <dimen name="x588">484.56dp</dimen>
    <dimen name="x589">485.38dp</dimen>
    <dimen name="x590">486.20dp</dimen>
    <dimen name="x591">487.03dp</dimen>
    <dimen name="x592">487.85dp</dimen>
    <dimen name="x593">488.68dp</dimen>
    <dimen name="x594">489.50dp</dimen>
    <dimen name="x595">490.32dp</dimen>
    <dimen name="x596">491.15dp</dimen>
    <dimen name="x597">491.97dp</dimen>
    <dimen name="x598">492.80dp</dimen>
    <dimen name="x599">493.62dp</dimen>
    <dimen name="x600">494.44dp</dimen>
    <dimen name="x601">495.27dp</dimen>
    <dimen name="x602">496.09dp</dimen>
    <dimen name="x603">496.92dp</dimen>
    <dimen name="x604">497.74dp</dimen>
    <dimen name="x605">498.56dp</dimen>
    <dimen name="x606">499.39dp</dimen>
    <dimen name="x607">500.21dp</dimen>
    <dimen name="x608">501.04dp</dimen>
    <dimen name="x609">501.86dp</dimen>
    <dimen name="x610">502.69dp</dimen>
    <dimen name="x611">503.51dp</dimen>
    <dimen name="x612">504.33dp</dimen>
    <dimen name="x613">505.16dp</dimen>
    <dimen name="x614">505.98dp</dimen>
    <dimen name="x615">506.81dp</dimen>
    <dimen name="x616">507.63dp</dimen>
    <dimen name="x617">508.45dp</dimen>
    <dimen name="x618">509.28dp</dimen>
    <dimen name="x619">510.10dp</dimen>
    <dimen name="x620">510.93dp</dimen>
    <dimen name="x621">511.75dp</dimen>
    <dimen name="x622">512.57dp</dimen>
    <dimen name="x623">513.40dp</dimen>
    <dimen name="x624">514.22dp</dimen>
    <dimen name="x625">515.05dp</dimen>
    <dimen name="x626">515.87dp</dimen>
    <dimen name="x627">516.69dp</dimen>
    <dimen name="x628">517.52dp</dimen>
    <dimen name="x629">518.34dp</dimen>
    <dimen name="x630">519.17dp</dimen>
    <dimen name="x631">519.99dp</dimen>
    <dimen name="x632">520.81dp</dimen>
    <dimen name="x633">521.64dp</dimen>
    <dimen name="x634">522.46dp</dimen>
    <dimen name="x635">523.29dp</dimen>
    <dimen name="x636">524.11dp</dimen>
    <dimen name="x637">524.94dp</dimen>
    <dimen name="x638">525.76dp</dimen>
    <dimen name="x639">526.58dp</dimen>
    <dimen name="x640">527.41dp</dimen>
    <dimen name="x641">528.23dp</dimen>
    <dimen name="x642">529.06dp</dimen>
    <dimen name="x643">529.88dp</dimen>
    <dimen name="x644">530.70dp</dimen>
    <dimen name="x645">531.53dp</dimen>
    <dimen name="x646">532.35dp</dimen>
    <dimen name="x647">533.18dp</dimen>
    <dimen name="x648">534.00dp</dimen>
    <dimen name="x649">534.82dp</dimen>
    <dimen name="x650">535.65dp</dimen>
    <dimen name="x651">536.47dp</dimen>
    <dimen name="x652">537.30dp</dimen>
    <dimen name="x653">538.12dp</dimen>
    <dimen name="x654">538.94dp</dimen>
    <dimen name="x655">539.77dp</dimen>
    <dimen name="x656">540.59dp</dimen>
    <dimen name="x657">541.42dp</dimen>
    <dimen name="x658">542.24dp</dimen>
    <dimen name="x659">543.06dp</dimen>
    <dimen name="x660">543.89dp</dimen>
    <dimen name="x661">544.71dp</dimen>
    <dimen name="x662">545.54dp</dimen>
    <dimen name="x663">546.36dp</dimen>
    <dimen name="x664">547.19dp</dimen>
    <dimen name="x665">548.01dp</dimen>
    <dimen name="x666">548.83dp</dimen>
    <dimen name="x667">549.66dp</dimen>
    <dimen name="x668">550.48dp</dimen>
    <dimen name="x669">551.31dp</dimen>
    <dimen name="x670">552.13dp</dimen>
    <dimen name="x671">552.95dp</dimen>
    <dimen name="x672">553.78dp</dimen>
    <dimen name="x673">554.60dp</dimen>
    <dimen name="x674">555.43dp</dimen>
    <dimen name="x675">556.25dp</dimen>
    <dimen name="x676">557.07dp</dimen>
    <dimen name="x677">557.90dp</dimen>
    <dimen name="x678">558.72dp</dimen>
    <dimen name="x679">559.55dp</dimen>
    <dimen name="x680">560.37dp</dimen>
    <dimen name="x681">561.19dp</dimen>
    <dimen name="x682">562.02dp</dimen>
    <dimen name="x683">562.84dp</dimen>
    <dimen name="x684">563.67dp</dimen>
    <dimen name="x685">564.49dp</dimen>
    <dimen name="x686">565.31dp</dimen>
    <dimen name="x687">566.14dp</dimen>
    <dimen name="x688">566.96dp</dimen>
    <dimen name="x689">567.79dp</dimen>
    <dimen name="x690">568.61dp</dimen>
    <dimen name="x691">569.44dp</dimen>
    <dimen name="x692">570.26dp</dimen>
    <dimen name="x693">571.08dp</dimen>
    <dimen name="x694">571.91dp</dimen>
    <dimen name="x695">572.73dp</dimen>
    <dimen name="x696">573.56dp</dimen>
    <dimen name="x697">574.38dp</dimen>
    <dimen name="x698">575.20dp</dimen>
    <dimen name="x699">576.03dp</dimen>
    <dimen name="x700">576.85dp</dimen>
    <dimen name="x701">577.68dp</dimen>
    <dimen name="x702">578.50dp</dimen>
    <dimen name="x703">579.32dp</dimen>
    <dimen name="x704">580.15dp</dimen>
    <dimen name="x705">580.97dp</dimen>
    <dimen name="x706">581.80dp</dimen>
    <dimen name="x707">582.62dp</dimen>
    <dimen name="x708">583.44dp</dimen>
    <dimen name="x709">584.27dp</dimen>
    <dimen name="x710">585.09dp</dimen>
    <dimen name="x711">585.92dp</dimen>
    <dimen name="x712">586.74dp</dimen>
    <dimen name="x713">587.56dp</dimen>
    <dimen name="x714">588.39dp</dimen>
    <dimen name="x715">589.21dp</dimen>
    <dimen name="x716">590.04dp</dimen>
    <dimen name="x717">590.86dp</dimen>
    <dimen name="x718">591.69dp</dimen>
    <dimen name="x719">592.51dp</dimen>
    <dimen name="x720">593.33dp</dimen>
    <dimen name="x721">594.16dp</dimen>
    <dimen name="x722">594.98dp</dimen>
    <dimen name="x723">595.81dp</dimen>
    <dimen name="x724">596.63dp</dimen>
    <dimen name="x725">597.45dp</dimen>
    <dimen name="x726">598.28dp</dimen>
    <dimen name="x727">599.10dp</dimen>
    <dimen name="x728">599.93dp</dimen>
    <dimen name="x729">600.75dp</dimen>
    <dimen name="x730">601.57dp</dimen>
    <dimen name="x731">602.40dp</dimen>
    <dimen name="x732">603.22dp</dimen>
    <dimen name="x733">604.05dp</dimen>
    <dimen name="x734">604.87dp</dimen>
    <dimen name="x735">605.69dp</dimen>
    <dimen name="x736">606.52dp</dimen>
    <dimen name="x737">607.34dp</dimen>
    <dimen name="x738">608.17dp</dimen>
    <dimen name="x739">608.99dp</dimen>
    <dimen name="x740">609.81dp</dimen>
    <dimen name="x741">610.64dp</dimen>
    <dimen name="x742">611.46dp</dimen>
    <dimen name="x743">612.29dp</dimen>
    <dimen name="x744">613.11dp</dimen>
    <dimen name="x745">613.94dp</dimen>
    <dimen name="x746">614.76dp</dimen>
    <dimen name="x747">615.58dp</dimen>
    <dimen name="x748">616.41dp</dimen>
    <dimen name="x749">617.23dp</dimen>
    <dimen name="x750">618.06dp</dimen>
    <dimen name="x751">618.88dp</dimen>
    <dimen name="x752">619.70dp</dimen>
    <dimen name="x753">620.53dp</dimen>
    <dimen name="x754">621.35dp</dimen>
    <dimen name="x755">622.18dp</dimen>
    <dimen name="x756">623.00dp</dimen>
    <dimen name="x757">623.82dp</dimen>
    <dimen name="x758">624.65dp</dimen>
    <dimen name="x759">625.47dp</dimen>
    <dimen name="x760">626.30dp</dimen>
    <dimen name="x761">627.12dp</dimen>
    <dimen name="x762">627.94dp</dimen>
    <dimen name="x763">628.77dp</dimen>
    <dimen name="x764">629.59dp</dimen>
    <dimen name="x765">630.42dp</dimen>
    <dimen name="x766">631.24dp</dimen>
    <dimen name="x767">632.06dp</dimen>
    <dimen name="x768">632.89dp</dimen>
    <dimen name="x769">633.71dp</dimen>
    <dimen name="x770">634.54dp</dimen>
    <dimen name="x771">635.36dp</dimen>
    <dimen name="x772">636.19dp</dimen>
    <dimen name="x773">637.01dp</dimen>
    <dimen name="x774">637.83dp</dimen>
    <dimen name="x775">638.66dp</dimen>
    <dimen name="x776">639.48dp</dimen>
    <dimen name="x777">640.31dp</dimen>
    <dimen name="x778">641.13dp</dimen>
    <dimen name="x779">641.95dp</dimen>
    <dimen name="x780">642.78dp</dimen>
    <dimen name="x781">643.60dp</dimen>
    <dimen name="x782">644.43dp</dimen>
    <dimen name="x783">645.25dp</dimen>
    <dimen name="x784">646.07dp</dimen>
    <dimen name="x785">646.90dp</dimen>
    <dimen name="x786">647.72dp</dimen>
    <dimen name="x787">648.55dp</dimen>
    <dimen name="x788">649.37dp</dimen>
    <dimen name="x789">650.19dp</dimen>
    <dimen name="x790">651.02dp</dimen>
    <dimen name="x791">651.84dp</dimen>
    <dimen name="x792">652.67dp</dimen>
    <dimen name="x793">653.49dp</dimen>
    <dimen name="x794">654.31dp</dimen>
    <dimen name="x795">655.14dp</dimen>
    <dimen name="x796">655.96dp</dimen>
    <dimen name="x797">656.79dp</dimen>
    <dimen name="x798">657.61dp</dimen>
    <dimen name="x799">658.44dp</dimen>
    <dimen name="x800">659.26dp</dimen>
    <dimen name="x801">660.08dp</dimen>
    <dimen name="x802">660.91dp</dimen>
    <dimen name="x803">661.73dp</dimen>
    <dimen name="x804">662.56dp</dimen>
    <dimen name="x805">663.38dp</dimen>
    <dimen name="x806">664.20dp</dimen>
    <dimen name="x807">665.03dp</dimen>
    <dimen name="x808">665.85dp</dimen>
    <dimen name="x809">666.68dp</dimen>
    <dimen name="x810">667.50dp</dimen>
    <dimen name="x811">668.32dp</dimen>
    <dimen name="x812">669.15dp</dimen>
    <dimen name="x813">669.97dp</dimen>
    <dimen name="x814">670.80dp</dimen>
    <dimen name="x815">671.62dp</dimen>
    <dimen name="x816">672.44dp</dimen>
    <dimen name="x817">673.27dp</dimen>
    <dimen name="x818">674.09dp</dimen>
    <dimen name="x819">674.92dp</dimen>
    <dimen name="x820">675.74dp</dimen>
    <dimen name="x821">676.56dp</dimen>
    <dimen name="x822">677.39dp</dimen>
    <dimen name="x823">678.21dp</dimen>
    <dimen name="x824">679.04dp</dimen>
    <dimen name="x825">679.86dp</dimen>
    <dimen name="x826">680.69dp</dimen>
    <dimen name="x827">681.51dp</dimen>
    <dimen name="x828">682.33dp</dimen>
    <dimen name="x829">683.16dp</dimen>
    <dimen name="x830">683.98dp</dimen>
    <dimen name="x831">684.81dp</dimen>
    <dimen name="x832">685.63dp</dimen>
    <dimen name="x833">686.45dp</dimen>
    <dimen name="x834">687.28dp</dimen>
    <dimen name="x835">688.10dp</dimen>
    <dimen name="x836">688.93dp</dimen>
    <dimen name="x837">689.75dp</dimen>
    <dimen name="x838">690.57dp</dimen>
    <dimen name="x839">691.40dp</dimen>
    <dimen name="x840">692.22dp</dimen>
    <dimen name="x841">693.05dp</dimen>
    <dimen name="x842">693.87dp</dimen>
    <dimen name="x843">694.69dp</dimen>
    <dimen name="x844">695.52dp</dimen>
    <dimen name="x845">696.34dp</dimen>
    <dimen name="x846">697.17dp</dimen>
    <dimen name="x847">697.99dp</dimen>
    <dimen name="x848">698.81dp</dimen>
    <dimen name="x849">699.64dp</dimen>
    <dimen name="x850">700.46dp</dimen>
    <dimen name="x851">701.29dp</dimen>
    <dimen name="x852">702.11dp</dimen>
    <dimen name="x853">702.94dp</dimen>
    <dimen name="x854">703.76dp</dimen>
    <dimen name="x855">704.58dp</dimen>
    <dimen name="x856">705.41dp</dimen>
    <dimen name="x857">706.23dp</dimen>
    <dimen name="x858">707.06dp</dimen>
    <dimen name="x859">707.88dp</dimen>
    <dimen name="x860">708.70dp</dimen>
    <dimen name="x861">709.53dp</dimen>
    <dimen name="x862">710.35dp</dimen>
    <dimen name="x863">711.18dp</dimen>
    <dimen name="x864">712.00dp</dimen>
    <dimen name="x865">712.82dp</dimen>
    <dimen name="x866">713.65dp</dimen>
    <dimen name="x867">714.47dp</dimen>
    <dimen name="x868">715.30dp</dimen>
    <dimen name="x869">716.12dp</dimen>
    <dimen name="x870">716.94dp</dimen>
    <dimen name="x871">717.77dp</dimen>
    <dimen name="x872">718.59dp</dimen>
    <dimen name="x873">719.42dp</dimen>
    <dimen name="x874">720.24dp</dimen>
    <dimen name="x875">721.06dp</dimen>
    <dimen name="x876">721.89dp</dimen>
    <dimen name="x877">722.71dp</dimen>
    <dimen name="x878">723.54dp</dimen>
    <dimen name="x879">724.36dp</dimen>
    <dimen name="x880">725.19dp</dimen>
    <dimen name="x881">726.01dp</dimen>
    <dimen name="x882">726.83dp</dimen>
    <dimen name="x883">727.66dp</dimen>
    <dimen name="x884">728.48dp</dimen>
    <dimen name="x885">729.31dp</dimen>
    <dimen name="x886">730.13dp</dimen>
    <dimen name="x887">730.95dp</dimen>
    <dimen name="x888">731.78dp</dimen>
    <dimen name="x889">732.60dp</dimen>
    <dimen name="x890">733.43dp</dimen>
    <dimen name="x891">734.25dp</dimen>
    <dimen name="x892">735.07dp</dimen>
    <dimen name="x893">735.90dp</dimen>
    <dimen name="x894">736.72dp</dimen>
    <dimen name="x895">737.55dp</dimen>
    <dimen name="x896">738.37dp</dimen>
    <dimen name="x897">739.19dp</dimen>
    <dimen name="x898">740.02dp</dimen>
    <dimen name="x899">740.84dp</dimen>
    <dimen name="x900">741.67dp</dimen>
    <dimen name="x901">742.49dp</dimen>
    <dimen name="x902">743.31dp</dimen>
    <dimen name="x903">744.14dp</dimen>
    <dimen name="x904">744.96dp</dimen>
    <dimen name="x905">745.79dp</dimen>
    <dimen name="x906">746.61dp</dimen>
    <dimen name="x907">747.44dp</dimen>
    <dimen name="x908">748.26dp</dimen>
    <dimen name="x909">749.08dp</dimen>
    <dimen name="x910">749.91dp</dimen>
    <dimen name="x911">750.73dp</dimen>
    <dimen name="x912">751.56dp</dimen>
    <dimen name="x913">752.38dp</dimen>
    <dimen name="x914">753.20dp</dimen>
    <dimen name="x915">754.03dp</dimen>
    <dimen name="x916">754.85dp</dimen>
    <dimen name="x917">755.68dp</dimen>
    <dimen name="x918">756.50dp</dimen>
    <dimen name="x919">757.32dp</dimen>
    <dimen name="x920">758.15dp</dimen>
    <dimen name="x921">758.97dp</dimen>
    <dimen name="x922">759.80dp</dimen>
    <dimen name="x923">760.62dp</dimen>
    <dimen name="x924">761.44dp</dimen>
    <dimen name="x925">762.27dp</dimen>
    <dimen name="x926">763.09dp</dimen>
    <dimen name="x927">763.92dp</dimen>
    <dimen name="x928">764.74dp</dimen>
    <dimen name="x929">765.56dp</dimen>
    <dimen name="x930">766.39dp</dimen>
    <dimen name="x931">767.21dp</dimen>
    <dimen name="x932">768.04dp</dimen>
    <dimen name="x933">768.86dp</dimen>
    <dimen name="x934">769.69dp</dimen>
    <dimen name="x935">770.51dp</dimen>
    <dimen name="x936">771.33dp</dimen>
    <dimen name="x937">772.16dp</dimen>
    <dimen name="x938">772.98dp</dimen>
    <dimen name="x939">773.81dp</dimen>
    <dimen name="x940">774.63dp</dimen>
    <dimen name="x941">775.45dp</dimen>
    <dimen name="x942">776.28dp</dimen>
    <dimen name="x943">777.10dp</dimen>
    <dimen name="x944">777.93dp</dimen>
    <dimen name="x945">778.75dp</dimen>
    <dimen name="x946">779.57dp</dimen>
    <dimen name="x947">780.40dp</dimen>
    <dimen name="x948">781.22dp</dimen>
    <dimen name="x949">782.05dp</dimen>
    <dimen name="x950">782.87dp</dimen>
    <dimen name="x951">783.69dp</dimen>
    <dimen name="x952">784.52dp</dimen>
    <dimen name="x953">785.34dp</dimen>
    <dimen name="x954">786.17dp</dimen>
    <dimen name="x955">786.99dp</dimen>
    <dimen name="x956">787.81dp</dimen>
    <dimen name="x957">788.64dp</dimen>
    <dimen name="x958">789.46dp</dimen>
    <dimen name="x959">790.29dp</dimen>
    <dimen name="x960">791.11dp</dimen>
    <dimen name="x961">791.94dp</dimen>
    <dimen name="x962">792.76dp</dimen>
    <dimen name="x963">793.58dp</dimen>
    <dimen name="x964">794.41dp</dimen>
    <dimen name="x965">795.23dp</dimen>
    <dimen name="x966">796.06dp</dimen>
    <dimen name="x967">796.88dp</dimen>
    <dimen name="x968">797.70dp</dimen>
    <dimen name="x969">798.53dp</dimen>
    <dimen name="x970">799.35dp</dimen>
    <dimen name="x971">800.18dp</dimen>
    <dimen name="x972">801.00dp</dimen>
    <dimen name="x973">801.82dp</dimen>
    <dimen name="x974">802.65dp</dimen>
    <dimen name="x975">803.47dp</dimen>
    <dimen name="x976">804.30dp</dimen>
    <dimen name="x977">805.12dp</dimen>
    <dimen name="x978">805.94dp</dimen>
    <dimen name="x979">806.77dp</dimen>
    <dimen name="x980">807.59dp</dimen>
    <dimen name="x981">808.42dp</dimen>
    <dimen name="x982">809.24dp</dimen>
    <dimen name="x983">810.06dp</dimen>
    <dimen name="x984">810.89dp</dimen>
    <dimen name="x985">811.71dp</dimen>
    <dimen name="x986">812.54dp</dimen>
    <dimen name="x987">813.36dp</dimen>
    <dimen name="x988">814.19dp</dimen>
    <dimen name="x989">815.01dp</dimen>
    <dimen name="x990">815.83dp</dimen>
    <dimen name="x991">816.66dp</dimen>
    <dimen name="x992">817.48dp</dimen>
    <dimen name="x993">818.31dp</dimen>
    <dimen name="x994">819.13dp</dimen>
    <dimen name="x995">819.95dp</dimen>
    <dimen name="x996">820.78dp</dimen>
    <dimen name="x997">821.60dp</dimen>
    <dimen name="x998">822.43dp</dimen>
    <dimen name="x999">823.25dp</dimen>
    <dimen name="x1000">824.07dp</dimen>
    <dimen name="x1001">824.90dp</dimen>
    <dimen name="x1002">825.72dp</dimen>
    <dimen name="x1003">826.55dp</dimen>
    <dimen name="x1004">827.37dp</dimen>
    <dimen name="x1005">828.19dp</dimen>
    <dimen name="x1006">829.02dp</dimen>
    <dimen name="x1007">829.84dp</dimen>
    <dimen name="x1008">830.67dp</dimen>
    <dimen name="x1009">831.49dp</dimen>
    <dimen name="x1010">832.31dp</dimen>
    <dimen name="x1011">833.14dp</dimen>
    <dimen name="x1012">833.96dp</dimen>
    <dimen name="x1013">834.79dp</dimen>
    <dimen name="x1014">835.61dp</dimen>
    <dimen name="x1015">836.44dp</dimen>
    <dimen name="x1016">837.26dp</dimen>
    <dimen name="x1017">838.08dp</dimen>
    <dimen name="x1018">838.91dp</dimen>
    <dimen name="x1019">839.73dp</dimen>
    <dimen name="x1020">840.56dp</dimen>
    <dimen name="x1021">841.38dp</dimen>
    <dimen name="x1022">842.20dp</dimen>
    <dimen name="x1023">843.03dp</dimen>
    <dimen name="x1024">843.85dp</dimen>
    <dimen name="x1025">844.68dp</dimen>
    <dimen name="x1026">845.50dp</dimen>
    <dimen name="x1027">846.32dp</dimen>
    <dimen name="x1028">847.15dp</dimen>
    <dimen name="x1029">847.97dp</dimen>
    <dimen name="x1030">848.80dp</dimen>
    <dimen name="x1031">849.62dp</dimen>
    <dimen name="x1032">850.44dp</dimen>
    <dimen name="x1033">851.27dp</dimen>
    <dimen name="x1034">852.09dp</dimen>
    <dimen name="x1035">852.92dp</dimen>
    <dimen name="x1036">853.74dp</dimen>
    <dimen name="x1037">854.56dp</dimen>
    <dimen name="x1038">855.39dp</dimen>
    <dimen name="x1039">856.21dp</dimen>
    <dimen name="x1040">857.04dp</dimen>
    <dimen name="x1041">857.86dp</dimen>
    <dimen name="x1042">858.69dp</dimen>
    <dimen name="x1043">859.51dp</dimen>
    <dimen name="x1044">860.33dp</dimen>
    <dimen name="x1045">861.16dp</dimen>
    <dimen name="x1046">861.98dp</dimen>
    <dimen name="x1047">862.81dp</dimen>
    <dimen name="x1048">863.63dp</dimen>
    <dimen name="x1049">864.45dp</dimen>
    <dimen name="x1050">865.28dp</dimen>
    <dimen name="x1051">866.10dp</dimen>
    <dimen name="x1052">866.93dp</dimen>
    <dimen name="x1053">867.75dp</dimen>
    <dimen name="x1054">868.57dp</dimen>
    <dimen name="x1055">869.40dp</dimen>
    <dimen name="x1056">870.22dp</dimen>
    <dimen name="x1057">871.05dp</dimen>
    <dimen name="x1058">871.87dp</dimen>
    <dimen name="x1059">872.69dp</dimen>
    <dimen name="x1060">873.52dp</dimen>
    <dimen name="x1061">874.34dp</dimen>
    <dimen name="x1062">875.17dp</dimen>
    <dimen name="x1063">875.99dp</dimen>
    <dimen name="x1064">876.81dp</dimen>
    <dimen name="x1065">877.64dp</dimen>
    <dimen name="x1066">878.46dp</dimen>
    <dimen name="x1067">879.29dp</dimen>
    <dimen name="x1068">880.11dp</dimen>
    <dimen name="x1069">880.94dp</dimen>
    <dimen name="x1070">881.76dp</dimen>
    <dimen name="x1071">882.58dp</dimen>
    <dimen name="x1072">883.41dp</dimen>
    <dimen name="x1073">884.23dp</dimen>
    <dimen name="x1074">885.06dp</dimen>
    <dimen name="x1075">885.88dp</dimen>
    <dimen name="x1076">886.70dp</dimen>
    <dimen name="x1077">887.53dp</dimen>
    <dimen name="x1078">888.35dp</dimen>
    <dimen name="x1079">889.18dp</dimen>
    <dimen name="x1080">890.00dp</dimen>
</resources>