<?xml version="1.0" encoding="utf-8"?>
<resources>
    <string name="sw_dp">900dp</string>
    <dimen name="x1">0.83dp</dimen>
    <dimen name="x2">1.67dp</dimen>
    <dimen name="x3">2.50dp</dimen>
    <dimen name="x4">3.33dp</dimen>
    <dimen name="x5">4.17dp</dimen>
    <dimen name="x6">5.00dp</dimen>
    <dimen name="x7">5.83dp</dimen>
    <dimen name="x8">6.67dp</dimen>
    <dimen name="x9">7.50dp</dimen>
    <dimen name="x10">8.33dp</dimen>
    <dimen name="x11">9.17dp</dimen>
    <dimen name="x12">10.00dp</dimen>
    <dimen name="x13">10.83dp</dimen>
    <dimen name="x14">11.67dp</dimen>
    <dimen name="x15">12.50dp</dimen>
    <dimen name="x16">13.33dp</dimen>
    <dimen name="x17">14.17dp</dimen>
    <dimen name="x18">15.00dp</dimen>
    <dimen name="x19">15.83dp</dimen>
    <dimen name="x20">16.67dp</dimen>
    <dimen name="x21">17.50dp</dimen>
    <dimen name="x22">18.33dp</dimen>
    <dimen name="x23">19.17dp</dimen>
    <dimen name="x24">20.00dp</dimen>
    <dimen name="x25">20.83dp</dimen>
    <dimen name="x26">21.67dp</dimen>
    <dimen name="x27">22.50dp</dimen>
    <dimen name="x28">23.33dp</dimen>
    <dimen name="x29">24.17dp</dimen>
    <dimen name="x30">25.00dp</dimen>
    <dimen name="x31">25.83dp</dimen>
    <dimen name="x32">26.67dp</dimen>
    <dimen name="x33">27.50dp</dimen>
    <dimen name="x34">28.33dp</dimen>
    <dimen name="x35">29.17dp</dimen>
    <dimen name="x36">30.00dp</dimen>
    <dimen name="x37">30.83dp</dimen>
    <dimen name="x38">31.67dp</dimen>
    <dimen name="x39">32.50dp</dimen>
    <dimen name="x40">33.33dp</dimen>
    <dimen name="x41">34.17dp</dimen>
    <dimen name="x42">35.00dp</dimen>
    <dimen name="x43">35.83dp</dimen>
    <dimen name="x44">36.67dp</dimen>
    <dimen name="x45">37.50dp</dimen>
    <dimen name="x46">38.33dp</dimen>
    <dimen name="x47">39.17dp</dimen>
    <dimen name="x48">40.00dp</dimen>
    <dimen name="x49">40.83dp</dimen>
    <dimen name="x50">41.67dp</dimen>
    <dimen name="x51">42.50dp</dimen>
    <dimen name="x52">43.33dp</dimen>
    <dimen name="x53">44.17dp</dimen>
    <dimen name="x54">45.00dp</dimen>
    <dimen name="x55">45.83dp</dimen>
    <dimen name="x56">46.67dp</dimen>
    <dimen name="x57">47.50dp</dimen>
    <dimen name="x58">48.33dp</dimen>
    <dimen name="x59">49.17dp</dimen>
    <dimen name="x60">50.00dp</dimen>
    <dimen name="x61">50.83dp</dimen>
    <dimen name="x62">51.67dp</dimen>
    <dimen name="x63">52.50dp</dimen>
    <dimen name="x64">53.33dp</dimen>
    <dimen name="x65">54.17dp</dimen>
    <dimen name="x66">55.00dp</dimen>
    <dimen name="x67">55.83dp</dimen>
    <dimen name="x68">56.67dp</dimen>
    <dimen name="x69">57.50dp</dimen>
    <dimen name="x70">58.33dp</dimen>
    <dimen name="x71">59.17dp</dimen>
    <dimen name="x72">60.00dp</dimen>
    <dimen name="x73">60.83dp</dimen>
    <dimen name="x74">61.67dp</dimen>
    <dimen name="x75">62.50dp</dimen>
    <dimen name="x76">63.33dp</dimen>
    <dimen name="x77">64.17dp</dimen>
    <dimen name="x78">65.00dp</dimen>
    <dimen name="x79">65.83dp</dimen>
    <dimen name="x80">66.67dp</dimen>
    <dimen name="x81">67.50dp</dimen>
    <dimen name="x82">68.33dp</dimen>
    <dimen name="x83">69.17dp</dimen>
    <dimen name="x84">70.00dp</dimen>
    <dimen name="x85">70.83dp</dimen>
    <dimen name="x86">71.67dp</dimen>
    <dimen name="x87">72.50dp</dimen>
    <dimen name="x88">73.33dp</dimen>
    <dimen name="x89">74.17dp</dimen>
    <dimen name="x90">75.00dp</dimen>
    <dimen name="x91">75.83dp</dimen>
    <dimen name="x92">76.67dp</dimen>
    <dimen name="x93">77.50dp</dimen>
    <dimen name="x94">78.33dp</dimen>
    <dimen name="x95">79.17dp</dimen>
    <dimen name="x96">80.00dp</dimen>
    <dimen name="x97">80.83dp</dimen>
    <dimen name="x98">81.67dp</dimen>
    <dimen name="x99">82.50dp</dimen>
    <dimen name="x100">83.33dp</dimen>
    <dimen name="x101">84.17dp</dimen>
    <dimen name="x102">85.00dp</dimen>
    <dimen name="x103">85.83dp</dimen>
    <dimen name="x104">86.67dp</dimen>
    <dimen name="x105">87.50dp</dimen>
    <dimen name="x106">88.33dp</dimen>
    <dimen name="x107">89.17dp</dimen>
    <dimen name="x108">90.00dp</dimen>
    <dimen name="x109">90.83dp</dimen>
    <dimen name="x110">91.67dp</dimen>
    <dimen name="x111">92.50dp</dimen>
    <dimen name="x112">93.33dp</dimen>
    <dimen name="x113">94.17dp</dimen>
    <dimen name="x114">95.00dp</dimen>
    <dimen name="x115">95.83dp</dimen>
    <dimen name="x116">96.67dp</dimen>
    <dimen name="x117">97.50dp</dimen>
    <dimen name="x118">98.33dp</dimen>
    <dimen name="x119">99.17dp</dimen>
    <dimen name="x120">100.00dp</dimen>
    <dimen name="x121">100.83dp</dimen>
    <dimen name="x122">101.67dp</dimen>
    <dimen name="x123">102.50dp</dimen>
    <dimen name="x124">103.33dp</dimen>
    <dimen name="x125">104.17dp</dimen>
    <dimen name="x126">105.00dp</dimen>
    <dimen name="x127">105.83dp</dimen>
    <dimen name="x128">106.67dp</dimen>
    <dimen name="x129">107.50dp</dimen>
    <dimen name="x130">108.33dp</dimen>
    <dimen name="x131">109.17dp</dimen>
    <dimen name="x132">110.00dp</dimen>
    <dimen name="x133">110.83dp</dimen>
    <dimen name="x134">111.67dp</dimen>
    <dimen name="x135">112.50dp</dimen>
    <dimen name="x136">113.33dp</dimen>
    <dimen name="x137">114.17dp</dimen>
    <dimen name="x138">115.00dp</dimen>
    <dimen name="x139">115.83dp</dimen>
    <dimen name="x140">116.67dp</dimen>
    <dimen name="x141">117.50dp</dimen>
    <dimen name="x142">118.33dp</dimen>
    <dimen name="x143">119.17dp</dimen>
    <dimen name="x144">120.00dp</dimen>
    <dimen name="x145">120.83dp</dimen>
    <dimen name="x146">121.67dp</dimen>
    <dimen name="x147">122.50dp</dimen>
    <dimen name="x148">123.33dp</dimen>
    <dimen name="x149">124.17dp</dimen>
    <dimen name="x150">125.00dp</dimen>
    <dimen name="x151">125.83dp</dimen>
    <dimen name="x152">126.67dp</dimen>
    <dimen name="x153">127.50dp</dimen>
    <dimen name="x154">128.33dp</dimen>
    <dimen name="x155">129.17dp</dimen>
    <dimen name="x156">130.00dp</dimen>
    <dimen name="x157">130.83dp</dimen>
    <dimen name="x158">131.67dp</dimen>
    <dimen name="x159">132.50dp</dimen>
    <dimen name="x160">133.33dp</dimen>
    <dimen name="x161">134.17dp</dimen>
    <dimen name="x162">135.00dp</dimen>
    <dimen name="x163">135.83dp</dimen>
    <dimen name="x164">136.67dp</dimen>
    <dimen name="x165">137.50dp</dimen>
    <dimen name="x166">138.33dp</dimen>
    <dimen name="x167">139.17dp</dimen>
    <dimen name="x168">140.00dp</dimen>
    <dimen name="x169">140.83dp</dimen>
    <dimen name="x170">141.67dp</dimen>
    <dimen name="x171">142.50dp</dimen>
    <dimen name="x172">143.33dp</dimen>
    <dimen name="x173">144.17dp</dimen>
    <dimen name="x174">145.00dp</dimen>
    <dimen name="x175">145.83dp</dimen>
    <dimen name="x176">146.67dp</dimen>
    <dimen name="x177">147.50dp</dimen>
    <dimen name="x178">148.33dp</dimen>
    <dimen name="x179">149.17dp</dimen>
    <dimen name="x180">150.00dp</dimen>
    <dimen name="x181">150.83dp</dimen>
    <dimen name="x182">151.67dp</dimen>
    <dimen name="x183">152.50dp</dimen>
    <dimen name="x184">153.33dp</dimen>
    <dimen name="x185">154.17dp</dimen>
    <dimen name="x186">155.00dp</dimen>
    <dimen name="x187">155.83dp</dimen>
    <dimen name="x188">156.67dp</dimen>
    <dimen name="x189">157.50dp</dimen>
    <dimen name="x190">158.33dp</dimen>
    <dimen name="x191">159.17dp</dimen>
    <dimen name="x192">160.00dp</dimen>
    <dimen name="x193">160.83dp</dimen>
    <dimen name="x194">161.67dp</dimen>
    <dimen name="x195">162.50dp</dimen>
    <dimen name="x196">163.33dp</dimen>
    <dimen name="x197">164.17dp</dimen>
    <dimen name="x198">165.00dp</dimen>
    <dimen name="x199">165.83dp</dimen>
    <dimen name="x200">166.67dp</dimen>
    <dimen name="x201">167.50dp</dimen>
    <dimen name="x202">168.33dp</dimen>
    <dimen name="x203">169.17dp</dimen>
    <dimen name="x204">170.00dp</dimen>
    <dimen name="x205">170.83dp</dimen>
    <dimen name="x206">171.67dp</dimen>
    <dimen name="x207">172.50dp</dimen>
    <dimen name="x208">173.33dp</dimen>
    <dimen name="x209">174.17dp</dimen>
    <dimen name="x210">175.00dp</dimen>
    <dimen name="x211">175.83dp</dimen>
    <dimen name="x212">176.67dp</dimen>
    <dimen name="x213">177.50dp</dimen>
    <dimen name="x214">178.33dp</dimen>
    <dimen name="x215">179.17dp</dimen>
    <dimen name="x216">180.00dp</dimen>
    <dimen name="x217">180.83dp</dimen>
    <dimen name="x218">181.67dp</dimen>
    <dimen name="x219">182.50dp</dimen>
    <dimen name="x220">183.33dp</dimen>
    <dimen name="x221">184.17dp</dimen>
    <dimen name="x222">185.00dp</dimen>
    <dimen name="x223">185.83dp</dimen>
    <dimen name="x224">186.67dp</dimen>
    <dimen name="x225">187.50dp</dimen>
    <dimen name="x226">188.33dp</dimen>
    <dimen name="x227">189.17dp</dimen>
    <dimen name="x228">190.00dp</dimen>
    <dimen name="x229">190.83dp</dimen>
    <dimen name="x230">191.67dp</dimen>
    <dimen name="x231">192.50dp</dimen>
    <dimen name="x232">193.33dp</dimen>
    <dimen name="x233">194.17dp</dimen>
    <dimen name="x234">195.00dp</dimen>
    <dimen name="x235">195.83dp</dimen>
    <dimen name="x236">196.67dp</dimen>
    <dimen name="x237">197.50dp</dimen>
    <dimen name="x238">198.33dp</dimen>
    <dimen name="x239">199.17dp</dimen>
    <dimen name="x240">200.00dp</dimen>
    <dimen name="x241">200.83dp</dimen>
    <dimen name="x242">201.67dp</dimen>
    <dimen name="x243">202.50dp</dimen>
    <dimen name="x244">203.33dp</dimen>
    <dimen name="x245">204.17dp</dimen>
    <dimen name="x246">205.00dp</dimen>
    <dimen name="x247">205.83dp</dimen>
    <dimen name="x248">206.67dp</dimen>
    <dimen name="x249">207.50dp</dimen>
    <dimen name="x250">208.33dp</dimen>
    <dimen name="x251">209.17dp</dimen>
    <dimen name="x252">210.00dp</dimen>
    <dimen name="x253">210.83dp</dimen>
    <dimen name="x254">211.67dp</dimen>
    <dimen name="x255">212.50dp</dimen>
    <dimen name="x256">213.33dp</dimen>
    <dimen name="x257">214.17dp</dimen>
    <dimen name="x258">215.00dp</dimen>
    <dimen name="x259">215.83dp</dimen>
    <dimen name="x260">216.67dp</dimen>
    <dimen name="x261">217.50dp</dimen>
    <dimen name="x262">218.33dp</dimen>
    <dimen name="x263">219.17dp</dimen>
    <dimen name="x264">220.00dp</dimen>
    <dimen name="x265">220.83dp</dimen>
    <dimen name="x266">221.67dp</dimen>
    <dimen name="x267">222.50dp</dimen>
    <dimen name="x268">223.33dp</dimen>
    <dimen name="x269">224.17dp</dimen>
    <dimen name="x270">225.00dp</dimen>
    <dimen name="x271">225.83dp</dimen>
    <dimen name="x272">226.67dp</dimen>
    <dimen name="x273">227.50dp</dimen>
    <dimen name="x274">228.33dp</dimen>
    <dimen name="x275">229.17dp</dimen>
    <dimen name="x276">230.00dp</dimen>
    <dimen name="x277">230.83dp</dimen>
    <dimen name="x278">231.67dp</dimen>
    <dimen name="x279">232.50dp</dimen>
    <dimen name="x280">233.33dp</dimen>
    <dimen name="x281">234.17dp</dimen>
    <dimen name="x282">235.00dp</dimen>
    <dimen name="x283">235.83dp</dimen>
    <dimen name="x284">236.67dp</dimen>
    <dimen name="x285">237.50dp</dimen>
    <dimen name="x286">238.33dp</dimen>
    <dimen name="x287">239.17dp</dimen>
    <dimen name="x288">240.00dp</dimen>
    <dimen name="x289">240.83dp</dimen>
    <dimen name="x290">241.67dp</dimen>
    <dimen name="x291">242.50dp</dimen>
    <dimen name="x292">243.33dp</dimen>
    <dimen name="x293">244.17dp</dimen>
    <dimen name="x294">245.00dp</dimen>
    <dimen name="x295">245.83dp</dimen>
    <dimen name="x296">246.67dp</dimen>
    <dimen name="x297">247.50dp</dimen>
    <dimen name="x298">248.33dp</dimen>
    <dimen name="x299">249.17dp</dimen>
    <dimen name="x300">250.00dp</dimen>
    <dimen name="x301">250.83dp</dimen>
    <dimen name="x302">251.67dp</dimen>
    <dimen name="x303">252.50dp</dimen>
    <dimen name="x304">253.33dp</dimen>
    <dimen name="x305">254.17dp</dimen>
    <dimen name="x306">255.00dp</dimen>
    <dimen name="x307">255.83dp</dimen>
    <dimen name="x308">256.67dp</dimen>
    <dimen name="x309">257.50dp</dimen>
    <dimen name="x310">258.33dp</dimen>
    <dimen name="x311">259.17dp</dimen>
    <dimen name="x312">260.00dp</dimen>
    <dimen name="x313">260.83dp</dimen>
    <dimen name="x314">261.67dp</dimen>
    <dimen name="x315">262.50dp</dimen>
    <dimen name="x316">263.33dp</dimen>
    <dimen name="x317">264.17dp</dimen>
    <dimen name="x318">265.00dp</dimen>
    <dimen name="x319">265.83dp</dimen>
    <dimen name="x320">266.67dp</dimen>
    <dimen name="x321">267.50dp</dimen>
    <dimen name="x322">268.33dp</dimen>
    <dimen name="x323">269.17dp</dimen>
    <dimen name="x324">270.00dp</dimen>
    <dimen name="x325">270.83dp</dimen>
    <dimen name="x326">271.67dp</dimen>
    <dimen name="x327">272.50dp</dimen>
    <dimen name="x328">273.33dp</dimen>
    <dimen name="x329">274.17dp</dimen>
    <dimen name="x330">275.00dp</dimen>
    <dimen name="x331">275.83dp</dimen>
    <dimen name="x332">276.67dp</dimen>
    <dimen name="x333">277.50dp</dimen>
    <dimen name="x334">278.33dp</dimen>
    <dimen name="x335">279.17dp</dimen>
    <dimen name="x336">280.00dp</dimen>
    <dimen name="x337">280.83dp</dimen>
    <dimen name="x338">281.67dp</dimen>
    <dimen name="x339">282.50dp</dimen>
    <dimen name="x340">283.33dp</dimen>
    <dimen name="x341">284.17dp</dimen>
    <dimen name="x342">285.00dp</dimen>
    <dimen name="x343">285.83dp</dimen>
    <dimen name="x344">286.67dp</dimen>
    <dimen name="x345">287.50dp</dimen>
    <dimen name="x346">288.33dp</dimen>
    <dimen name="x347">289.17dp</dimen>
    <dimen name="x348">290.00dp</dimen>
    <dimen name="x349">290.83dp</dimen>
    <dimen name="x350">291.67dp</dimen>
    <dimen name="x351">292.50dp</dimen>
    <dimen name="x352">293.33dp</dimen>
    <dimen name="x353">294.17dp</dimen>
    <dimen name="x354">295.00dp</dimen>
    <dimen name="x355">295.83dp</dimen>
    <dimen name="x356">296.67dp</dimen>
    <dimen name="x357">297.50dp</dimen>
    <dimen name="x358">298.33dp</dimen>
    <dimen name="x359">299.17dp</dimen>
    <dimen name="x360">300.00dp</dimen>
    <dimen name="x361">300.83dp</dimen>
    <dimen name="x362">301.67dp</dimen>
    <dimen name="x363">302.50dp</dimen>
    <dimen name="x364">303.33dp</dimen>
    <dimen name="x365">304.17dp</dimen>
    <dimen name="x366">305.00dp</dimen>
    <dimen name="x367">305.83dp</dimen>
    <dimen name="x368">306.67dp</dimen>
    <dimen name="x369">307.50dp</dimen>
    <dimen name="x370">308.33dp</dimen>
    <dimen name="x371">309.17dp</dimen>
    <dimen name="x372">310.00dp</dimen>
    <dimen name="x373">310.83dp</dimen>
    <dimen name="x374">311.67dp</dimen>
    <dimen name="x375">312.50dp</dimen>
    <dimen name="x376">313.33dp</dimen>
    <dimen name="x377">314.17dp</dimen>
    <dimen name="x378">315.00dp</dimen>
    <dimen name="x379">315.83dp</dimen>
    <dimen name="x380">316.67dp</dimen>
    <dimen name="x381">317.50dp</dimen>
    <dimen name="x382">318.33dp</dimen>
    <dimen name="x383">319.17dp</dimen>
    <dimen name="x384">320.00dp</dimen>
    <dimen name="x385">320.83dp</dimen>
    <dimen name="x386">321.67dp</dimen>
    <dimen name="x387">322.50dp</dimen>
    <dimen name="x388">323.33dp</dimen>
    <dimen name="x389">324.17dp</dimen>
    <dimen name="x390">325.00dp</dimen>
    <dimen name="x391">325.83dp</dimen>
    <dimen name="x392">326.67dp</dimen>
    <dimen name="x393">327.50dp</dimen>
    <dimen name="x394">328.33dp</dimen>
    <dimen name="x395">329.17dp</dimen>
    <dimen name="x396">330.00dp</dimen>
    <dimen name="x397">330.83dp</dimen>
    <dimen name="x398">331.67dp</dimen>
    <dimen name="x399">332.50dp</dimen>
    <dimen name="x400">333.33dp</dimen>
    <dimen name="x401">334.17dp</dimen>
    <dimen name="x402">335.00dp</dimen>
    <dimen name="x403">335.83dp</dimen>
    <dimen name="x404">336.67dp</dimen>
    <dimen name="x405">337.50dp</dimen>
    <dimen name="x406">338.33dp</dimen>
    <dimen name="x407">339.17dp</dimen>
    <dimen name="x408">340.00dp</dimen>
    <dimen name="x409">340.83dp</dimen>
    <dimen name="x410">341.67dp</dimen>
    <dimen name="x411">342.50dp</dimen>
    <dimen name="x412">343.33dp</dimen>
    <dimen name="x413">344.17dp</dimen>
    <dimen name="x414">345.00dp</dimen>
    <dimen name="x415">345.83dp</dimen>
    <dimen name="x416">346.67dp</dimen>
    <dimen name="x417">347.50dp</dimen>
    <dimen name="x418">348.33dp</dimen>
    <dimen name="x419">349.17dp</dimen>
    <dimen name="x420">350.00dp</dimen>
    <dimen name="x421">350.83dp</dimen>
    <dimen name="x422">351.67dp</dimen>
    <dimen name="x423">352.50dp</dimen>
    <dimen name="x424">353.33dp</dimen>
    <dimen name="x425">354.17dp</dimen>
    <dimen name="x426">355.00dp</dimen>
    <dimen name="x427">355.83dp</dimen>
    <dimen name="x428">356.67dp</dimen>
    <dimen name="x429">357.50dp</dimen>
    <dimen name="x430">358.33dp</dimen>
    <dimen name="x431">359.17dp</dimen>
    <dimen name="x432">360.00dp</dimen>
    <dimen name="x433">360.83dp</dimen>
    <dimen name="x434">361.67dp</dimen>
    <dimen name="x435">362.50dp</dimen>
    <dimen name="x436">363.33dp</dimen>
    <dimen name="x437">364.17dp</dimen>
    <dimen name="x438">365.00dp</dimen>
    <dimen name="x439">365.83dp</dimen>
    <dimen name="x440">366.67dp</dimen>
    <dimen name="x441">367.50dp</dimen>
    <dimen name="x442">368.33dp</dimen>
    <dimen name="x443">369.17dp</dimen>
    <dimen name="x444">370.00dp</dimen>
    <dimen name="x445">370.83dp</dimen>
    <dimen name="x446">371.67dp</dimen>
    <dimen name="x447">372.50dp</dimen>
    <dimen name="x448">373.33dp</dimen>
    <dimen name="x449">374.17dp</dimen>
    <dimen name="x450">375.00dp</dimen>
    <dimen name="x451">375.83dp</dimen>
    <dimen name="x452">376.67dp</dimen>
    <dimen name="x453">377.50dp</dimen>
    <dimen name="x454">378.33dp</dimen>
    <dimen name="x455">379.17dp</dimen>
    <dimen name="x456">380.00dp</dimen>
    <dimen name="x457">380.83dp</dimen>
    <dimen name="x458">381.67dp</dimen>
    <dimen name="x459">382.50dp</dimen>
    <dimen name="x460">383.33dp</dimen>
    <dimen name="x461">384.17dp</dimen>
    <dimen name="x462">385.00dp</dimen>
    <dimen name="x463">385.83dp</dimen>
    <dimen name="x464">386.67dp</dimen>
    <dimen name="x465">387.50dp</dimen>
    <dimen name="x466">388.33dp</dimen>
    <dimen name="x467">389.17dp</dimen>
    <dimen name="x468">390.00dp</dimen>
    <dimen name="x469">390.83dp</dimen>
    <dimen name="x470">391.67dp</dimen>
    <dimen name="x471">392.50dp</dimen>
    <dimen name="x472">393.33dp</dimen>
    <dimen name="x473">394.17dp</dimen>
    <dimen name="x474">395.00dp</dimen>
    <dimen name="x475">395.83dp</dimen>
    <dimen name="x476">396.67dp</dimen>
    <dimen name="x477">397.50dp</dimen>
    <dimen name="x478">398.33dp</dimen>
    <dimen name="x479">399.17dp</dimen>
    <dimen name="x480">400.00dp</dimen>
    <dimen name="x481">400.83dp</dimen>
    <dimen name="x482">401.67dp</dimen>
    <dimen name="x483">402.50dp</dimen>
    <dimen name="x484">403.33dp</dimen>
    <dimen name="x485">404.17dp</dimen>
    <dimen name="x486">405.00dp</dimen>
    <dimen name="x487">405.83dp</dimen>
    <dimen name="x488">406.67dp</dimen>
    <dimen name="x489">407.50dp</dimen>
    <dimen name="x490">408.33dp</dimen>
    <dimen name="x491">409.17dp</dimen>
    <dimen name="x492">410.00dp</dimen>
    <dimen name="x493">410.83dp</dimen>
    <dimen name="x494">411.67dp</dimen>
    <dimen name="x495">412.50dp</dimen>
    <dimen name="x496">413.33dp</dimen>
    <dimen name="x497">414.17dp</dimen>
    <dimen name="x498">415.00dp</dimen>
    <dimen name="x499">415.83dp</dimen>
    <dimen name="x500">416.67dp</dimen>
    <dimen name="x501">417.50dp</dimen>
    <dimen name="x502">418.33dp</dimen>
    <dimen name="x503">419.17dp</dimen>
    <dimen name="x504">420.00dp</dimen>
    <dimen name="x505">420.83dp</dimen>
    <dimen name="x506">421.67dp</dimen>
    <dimen name="x507">422.50dp</dimen>
    <dimen name="x508">423.33dp</dimen>
    <dimen name="x509">424.17dp</dimen>
    <dimen name="x510">425.00dp</dimen>
    <dimen name="x511">425.83dp</dimen>
    <dimen name="x512">426.67dp</dimen>
    <dimen name="x513">427.50dp</dimen>
    <dimen name="x514">428.33dp</dimen>
    <dimen name="x515">429.17dp</dimen>
    <dimen name="x516">430.00dp</dimen>
    <dimen name="x517">430.83dp</dimen>
    <dimen name="x518">431.67dp</dimen>
    <dimen name="x519">432.50dp</dimen>
    <dimen name="x520">433.33dp</dimen>
    <dimen name="x521">434.17dp</dimen>
    <dimen name="x522">435.00dp</dimen>
    <dimen name="x523">435.83dp</dimen>
    <dimen name="x524">436.67dp</dimen>
    <dimen name="x525">437.50dp</dimen>
    <dimen name="x526">438.33dp</dimen>
    <dimen name="x527">439.17dp</dimen>
    <dimen name="x528">440.00dp</dimen>
    <dimen name="x529">440.83dp</dimen>
    <dimen name="x530">441.67dp</dimen>
    <dimen name="x531">442.50dp</dimen>
    <dimen name="x532">443.33dp</dimen>
    <dimen name="x533">444.17dp</dimen>
    <dimen name="x534">445.00dp</dimen>
    <dimen name="x535">445.83dp</dimen>
    <dimen name="x536">446.67dp</dimen>
    <dimen name="x537">447.50dp</dimen>
    <dimen name="x538">448.33dp</dimen>
    <dimen name="x539">449.17dp</dimen>
    <dimen name="x540">450.00dp</dimen>
    <dimen name="x541">450.83dp</dimen>
    <dimen name="x542">451.67dp</dimen>
    <dimen name="x543">452.50dp</dimen>
    <dimen name="x544">453.33dp</dimen>
    <dimen name="x545">454.17dp</dimen>
    <dimen name="x546">455.00dp</dimen>
    <dimen name="x547">455.83dp</dimen>
    <dimen name="x548">456.67dp</dimen>
    <dimen name="x549">457.50dp</dimen>
    <dimen name="x550">458.33dp</dimen>
    <dimen name="x551">459.17dp</dimen>
    <dimen name="x552">460.00dp</dimen>
    <dimen name="x553">460.83dp</dimen>
    <dimen name="x554">461.67dp</dimen>
    <dimen name="x555">462.50dp</dimen>
    <dimen name="x556">463.33dp</dimen>
    <dimen name="x557">464.17dp</dimen>
    <dimen name="x558">465.00dp</dimen>
    <dimen name="x559">465.83dp</dimen>
    <dimen name="x560">466.67dp</dimen>
    <dimen name="x561">467.50dp</dimen>
    <dimen name="x562">468.33dp</dimen>
    <dimen name="x563">469.17dp</dimen>
    <dimen name="x564">470.00dp</dimen>
    <dimen name="x565">470.83dp</dimen>
    <dimen name="x566">471.67dp</dimen>
    <dimen name="x567">472.50dp</dimen>
    <dimen name="x568">473.33dp</dimen>
    <dimen name="x569">474.17dp</dimen>
    <dimen name="x570">475.00dp</dimen>
    <dimen name="x571">475.83dp</dimen>
    <dimen name="x572">476.67dp</dimen>
    <dimen name="x573">477.50dp</dimen>
    <dimen name="x574">478.33dp</dimen>
    <dimen name="x575">479.17dp</dimen>
    <dimen name="x576">480.00dp</dimen>
    <dimen name="x577">480.83dp</dimen>
    <dimen name="x578">481.67dp</dimen>
    <dimen name="x579">482.50dp</dimen>
    <dimen name="x580">483.33dp</dimen>
    <dimen name="x581">484.17dp</dimen>
    <dimen name="x582">485.00dp</dimen>
    <dimen name="x583">485.83dp</dimen>
    <dimen name="x584">486.67dp</dimen>
    <dimen name="x585">487.50dp</dimen>
    <dimen name="x586">488.33dp</dimen>
    <dimen name="x587">489.17dp</dimen>
    <dimen name="x588">490.00dp</dimen>
    <dimen name="x589">490.83dp</dimen>
    <dimen name="x590">491.67dp</dimen>
    <dimen name="x591">492.50dp</dimen>
    <dimen name="x592">493.33dp</dimen>
    <dimen name="x593">494.17dp</dimen>
    <dimen name="x594">495.00dp</dimen>
    <dimen name="x595">495.83dp</dimen>
    <dimen name="x596">496.67dp</dimen>
    <dimen name="x597">497.50dp</dimen>
    <dimen name="x598">498.33dp</dimen>
    <dimen name="x599">499.17dp</dimen>
    <dimen name="x600">500.00dp</dimen>
    <dimen name="x601">500.83dp</dimen>
    <dimen name="x602">501.67dp</dimen>
    <dimen name="x603">502.50dp</dimen>
    <dimen name="x604">503.33dp</dimen>
    <dimen name="x605">504.17dp</dimen>
    <dimen name="x606">505.00dp</dimen>
    <dimen name="x607">505.83dp</dimen>
    <dimen name="x608">506.67dp</dimen>
    <dimen name="x609">507.50dp</dimen>
    <dimen name="x610">508.33dp</dimen>
    <dimen name="x611">509.17dp</dimen>
    <dimen name="x612">510.00dp</dimen>
    <dimen name="x613">510.83dp</dimen>
    <dimen name="x614">511.67dp</dimen>
    <dimen name="x615">512.50dp</dimen>
    <dimen name="x616">513.33dp</dimen>
    <dimen name="x617">514.17dp</dimen>
    <dimen name="x618">515.00dp</dimen>
    <dimen name="x619">515.83dp</dimen>
    <dimen name="x620">516.67dp</dimen>
    <dimen name="x621">517.50dp</dimen>
    <dimen name="x622">518.33dp</dimen>
    <dimen name="x623">519.17dp</dimen>
    <dimen name="x624">520.00dp</dimen>
    <dimen name="x625">520.83dp</dimen>
    <dimen name="x626">521.67dp</dimen>
    <dimen name="x627">522.50dp</dimen>
    <dimen name="x628">523.33dp</dimen>
    <dimen name="x629">524.17dp</dimen>
    <dimen name="x630">525.00dp</dimen>
    <dimen name="x631">525.83dp</dimen>
    <dimen name="x632">526.67dp</dimen>
    <dimen name="x633">527.50dp</dimen>
    <dimen name="x634">528.33dp</dimen>
    <dimen name="x635">529.17dp</dimen>
    <dimen name="x636">530.00dp</dimen>
    <dimen name="x637">530.83dp</dimen>
    <dimen name="x638">531.67dp</dimen>
    <dimen name="x639">532.50dp</dimen>
    <dimen name="x640">533.33dp</dimen>
    <dimen name="x641">534.17dp</dimen>
    <dimen name="x642">535.00dp</dimen>
    <dimen name="x643">535.83dp</dimen>
    <dimen name="x644">536.67dp</dimen>
    <dimen name="x645">537.50dp</dimen>
    <dimen name="x646">538.33dp</dimen>
    <dimen name="x647">539.17dp</dimen>
    <dimen name="x648">540.00dp</dimen>
    <dimen name="x649">540.83dp</dimen>
    <dimen name="x650">541.67dp</dimen>
    <dimen name="x651">542.50dp</dimen>
    <dimen name="x652">543.33dp</dimen>
    <dimen name="x653">544.17dp</dimen>
    <dimen name="x654">545.00dp</dimen>
    <dimen name="x655">545.83dp</dimen>
    <dimen name="x656">546.67dp</dimen>
    <dimen name="x657">547.50dp</dimen>
    <dimen name="x658">548.33dp</dimen>
    <dimen name="x659">549.17dp</dimen>
    <dimen name="x660">550.00dp</dimen>
    <dimen name="x661">550.83dp</dimen>
    <dimen name="x662">551.67dp</dimen>
    <dimen name="x663">552.50dp</dimen>
    <dimen name="x664">553.33dp</dimen>
    <dimen name="x665">554.17dp</dimen>
    <dimen name="x666">555.00dp</dimen>
    <dimen name="x667">555.83dp</dimen>
    <dimen name="x668">556.67dp</dimen>
    <dimen name="x669">557.50dp</dimen>
    <dimen name="x670">558.33dp</dimen>
    <dimen name="x671">559.17dp</dimen>
    <dimen name="x672">560.00dp</dimen>
    <dimen name="x673">560.83dp</dimen>
    <dimen name="x674">561.67dp</dimen>
    <dimen name="x675">562.50dp</dimen>
    <dimen name="x676">563.33dp</dimen>
    <dimen name="x677">564.17dp</dimen>
    <dimen name="x678">565.00dp</dimen>
    <dimen name="x679">565.83dp</dimen>
    <dimen name="x680">566.67dp</dimen>
    <dimen name="x681">567.50dp</dimen>
    <dimen name="x682">568.33dp</dimen>
    <dimen name="x683">569.17dp</dimen>
    <dimen name="x684">570.00dp</dimen>
    <dimen name="x685">570.83dp</dimen>
    <dimen name="x686">571.67dp</dimen>
    <dimen name="x687">572.50dp</dimen>
    <dimen name="x688">573.33dp</dimen>
    <dimen name="x689">574.17dp</dimen>
    <dimen name="x690">575.00dp</dimen>
    <dimen name="x691">575.83dp</dimen>
    <dimen name="x692">576.67dp</dimen>
    <dimen name="x693">577.50dp</dimen>
    <dimen name="x694">578.33dp</dimen>
    <dimen name="x695">579.17dp</dimen>
    <dimen name="x696">580.00dp</dimen>
    <dimen name="x697">580.83dp</dimen>
    <dimen name="x698">581.67dp</dimen>
    <dimen name="x699">582.50dp</dimen>
    <dimen name="x700">583.33dp</dimen>
    <dimen name="x701">584.17dp</dimen>
    <dimen name="x702">585.00dp</dimen>
    <dimen name="x703">585.83dp</dimen>
    <dimen name="x704">586.67dp</dimen>
    <dimen name="x705">587.50dp</dimen>
    <dimen name="x706">588.33dp</dimen>
    <dimen name="x707">589.17dp</dimen>
    <dimen name="x708">590.00dp</dimen>
    <dimen name="x709">590.83dp</dimen>
    <dimen name="x710">591.67dp</dimen>
    <dimen name="x711">592.50dp</dimen>
    <dimen name="x712">593.33dp</dimen>
    <dimen name="x713">594.17dp</dimen>
    <dimen name="x714">595.00dp</dimen>
    <dimen name="x715">595.83dp</dimen>
    <dimen name="x716">596.67dp</dimen>
    <dimen name="x717">597.50dp</dimen>
    <dimen name="x718">598.33dp</dimen>
    <dimen name="x719">599.17dp</dimen>
    <dimen name="x720">600.00dp</dimen>
    <dimen name="x721">600.83dp</dimen>
    <dimen name="x722">601.67dp</dimen>
    <dimen name="x723">602.50dp</dimen>
    <dimen name="x724">603.33dp</dimen>
    <dimen name="x725">604.17dp</dimen>
    <dimen name="x726">605.00dp</dimen>
    <dimen name="x727">605.83dp</dimen>
    <dimen name="x728">606.67dp</dimen>
    <dimen name="x729">607.50dp</dimen>
    <dimen name="x730">608.33dp</dimen>
    <dimen name="x731">609.17dp</dimen>
    <dimen name="x732">610.00dp</dimen>
    <dimen name="x733">610.83dp</dimen>
    <dimen name="x734">611.67dp</dimen>
    <dimen name="x735">612.50dp</dimen>
    <dimen name="x736">613.33dp</dimen>
    <dimen name="x737">614.17dp</dimen>
    <dimen name="x738">615.00dp</dimen>
    <dimen name="x739">615.83dp</dimen>
    <dimen name="x740">616.67dp</dimen>
    <dimen name="x741">617.50dp</dimen>
    <dimen name="x742">618.33dp</dimen>
    <dimen name="x743">619.17dp</dimen>
    <dimen name="x744">620.00dp</dimen>
    <dimen name="x745">620.83dp</dimen>
    <dimen name="x746">621.67dp</dimen>
    <dimen name="x747">622.50dp</dimen>
    <dimen name="x748">623.33dp</dimen>
    <dimen name="x749">624.17dp</dimen>
    <dimen name="x750">625.00dp</dimen>
    <dimen name="x751">625.83dp</dimen>
    <dimen name="x752">626.67dp</dimen>
    <dimen name="x753">627.50dp</dimen>
    <dimen name="x754">628.33dp</dimen>
    <dimen name="x755">629.17dp</dimen>
    <dimen name="x756">630.00dp</dimen>
    <dimen name="x757">630.83dp</dimen>
    <dimen name="x758">631.67dp</dimen>
    <dimen name="x759">632.50dp</dimen>
    <dimen name="x760">633.33dp</dimen>
    <dimen name="x761">634.17dp</dimen>
    <dimen name="x762">635.00dp</dimen>
    <dimen name="x763">635.83dp</dimen>
    <dimen name="x764">636.67dp</dimen>
    <dimen name="x765">637.50dp</dimen>
    <dimen name="x766">638.33dp</dimen>
    <dimen name="x767">639.17dp</dimen>
    <dimen name="x768">640.00dp</dimen>
    <dimen name="x769">640.83dp</dimen>
    <dimen name="x770">641.67dp</dimen>
    <dimen name="x771">642.50dp</dimen>
    <dimen name="x772">643.33dp</dimen>
    <dimen name="x773">644.17dp</dimen>
    <dimen name="x774">645.00dp</dimen>
    <dimen name="x775">645.83dp</dimen>
    <dimen name="x776">646.67dp</dimen>
    <dimen name="x777">647.50dp</dimen>
    <dimen name="x778">648.33dp</dimen>
    <dimen name="x779">649.17dp</dimen>
    <dimen name="x780">650.00dp</dimen>
    <dimen name="x781">650.83dp</dimen>
    <dimen name="x782">651.67dp</dimen>
    <dimen name="x783">652.50dp</dimen>
    <dimen name="x784">653.33dp</dimen>
    <dimen name="x785">654.17dp</dimen>
    <dimen name="x786">655.00dp</dimen>
    <dimen name="x787">655.83dp</dimen>
    <dimen name="x788">656.67dp</dimen>
    <dimen name="x789">657.50dp</dimen>
    <dimen name="x790">658.33dp</dimen>
    <dimen name="x791">659.17dp</dimen>
    <dimen name="x792">660.00dp</dimen>
    <dimen name="x793">660.83dp</dimen>
    <dimen name="x794">661.67dp</dimen>
    <dimen name="x795">662.50dp</dimen>
    <dimen name="x796">663.33dp</dimen>
    <dimen name="x797">664.17dp</dimen>
    <dimen name="x798">665.00dp</dimen>
    <dimen name="x799">665.83dp</dimen>
    <dimen name="x800">666.67dp</dimen>
    <dimen name="x801">667.50dp</dimen>
    <dimen name="x802">668.33dp</dimen>
    <dimen name="x803">669.17dp</dimen>
    <dimen name="x804">670.00dp</dimen>
    <dimen name="x805">670.83dp</dimen>
    <dimen name="x806">671.67dp</dimen>
    <dimen name="x807">672.50dp</dimen>
    <dimen name="x808">673.33dp</dimen>
    <dimen name="x809">674.17dp</dimen>
    <dimen name="x810">675.00dp</dimen>
    <dimen name="x811">675.83dp</dimen>
    <dimen name="x812">676.67dp</dimen>
    <dimen name="x813">677.50dp</dimen>
    <dimen name="x814">678.33dp</dimen>
    <dimen name="x815">679.17dp</dimen>
    <dimen name="x816">680.00dp</dimen>
    <dimen name="x817">680.83dp</dimen>
    <dimen name="x818">681.67dp</dimen>
    <dimen name="x819">682.50dp</dimen>
    <dimen name="x820">683.33dp</dimen>
    <dimen name="x821">684.17dp</dimen>
    <dimen name="x822">685.00dp</dimen>
    <dimen name="x823">685.83dp</dimen>
    <dimen name="x824">686.67dp</dimen>
    <dimen name="x825">687.50dp</dimen>
    <dimen name="x826">688.33dp</dimen>
    <dimen name="x827">689.17dp</dimen>
    <dimen name="x828">690.00dp</dimen>
    <dimen name="x829">690.83dp</dimen>
    <dimen name="x830">691.67dp</dimen>
    <dimen name="x831">692.50dp</dimen>
    <dimen name="x832">693.33dp</dimen>
    <dimen name="x833">694.17dp</dimen>
    <dimen name="x834">695.00dp</dimen>
    <dimen name="x835">695.83dp</dimen>
    <dimen name="x836">696.67dp</dimen>
    <dimen name="x837">697.50dp</dimen>
    <dimen name="x838">698.33dp</dimen>
    <dimen name="x839">699.17dp</dimen>
    <dimen name="x840">700.00dp</dimen>
    <dimen name="x841">700.83dp</dimen>
    <dimen name="x842">701.67dp</dimen>
    <dimen name="x843">702.50dp</dimen>
    <dimen name="x844">703.33dp</dimen>
    <dimen name="x845">704.17dp</dimen>
    <dimen name="x846">705.00dp</dimen>
    <dimen name="x847">705.83dp</dimen>
    <dimen name="x848">706.67dp</dimen>
    <dimen name="x849">707.50dp</dimen>
    <dimen name="x850">708.33dp</dimen>
    <dimen name="x851">709.17dp</dimen>
    <dimen name="x852">710.00dp</dimen>
    <dimen name="x853">710.83dp</dimen>
    <dimen name="x854">711.67dp</dimen>
    <dimen name="x855">712.50dp</dimen>
    <dimen name="x856">713.33dp</dimen>
    <dimen name="x857">714.17dp</dimen>
    <dimen name="x858">715.00dp</dimen>
    <dimen name="x859">715.83dp</dimen>
    <dimen name="x860">716.67dp</dimen>
    <dimen name="x861">717.50dp</dimen>
    <dimen name="x862">718.33dp</dimen>
    <dimen name="x863">719.17dp</dimen>
    <dimen name="x864">720.00dp</dimen>
    <dimen name="x865">720.83dp</dimen>
    <dimen name="x866">721.67dp</dimen>
    <dimen name="x867">722.50dp</dimen>
    <dimen name="x868">723.33dp</dimen>
    <dimen name="x869">724.17dp</dimen>
    <dimen name="x870">725.00dp</dimen>
    <dimen name="x871">725.83dp</dimen>
    <dimen name="x872">726.67dp</dimen>
    <dimen name="x873">727.50dp</dimen>
    <dimen name="x874">728.33dp</dimen>
    <dimen name="x875">729.17dp</dimen>
    <dimen name="x876">730.00dp</dimen>
    <dimen name="x877">730.83dp</dimen>
    <dimen name="x878">731.67dp</dimen>
    <dimen name="x879">732.50dp</dimen>
    <dimen name="x880">733.33dp</dimen>
    <dimen name="x881">734.17dp</dimen>
    <dimen name="x882">735.00dp</dimen>
    <dimen name="x883">735.83dp</dimen>
    <dimen name="x884">736.67dp</dimen>
    <dimen name="x885">737.50dp</dimen>
    <dimen name="x886">738.33dp</dimen>
    <dimen name="x887">739.17dp</dimen>
    <dimen name="x888">740.00dp</dimen>
    <dimen name="x889">740.83dp</dimen>
    <dimen name="x890">741.67dp</dimen>
    <dimen name="x891">742.50dp</dimen>
    <dimen name="x892">743.33dp</dimen>
    <dimen name="x893">744.17dp</dimen>
    <dimen name="x894">745.00dp</dimen>
    <dimen name="x895">745.83dp</dimen>
    <dimen name="x896">746.67dp</dimen>
    <dimen name="x897">747.50dp</dimen>
    <dimen name="x898">748.33dp</dimen>
    <dimen name="x899">749.17dp</dimen>
    <dimen name="x900">750.00dp</dimen>
    <dimen name="x901">750.83dp</dimen>
    <dimen name="x902">751.67dp</dimen>
    <dimen name="x903">752.50dp</dimen>
    <dimen name="x904">753.33dp</dimen>
    <dimen name="x905">754.17dp</dimen>
    <dimen name="x906">755.00dp</dimen>
    <dimen name="x907">755.83dp</dimen>
    <dimen name="x908">756.67dp</dimen>
    <dimen name="x909">757.50dp</dimen>
    <dimen name="x910">758.33dp</dimen>
    <dimen name="x911">759.17dp</dimen>
    <dimen name="x912">760.00dp</dimen>
    <dimen name="x913">760.83dp</dimen>
    <dimen name="x914">761.67dp</dimen>
    <dimen name="x915">762.50dp</dimen>
    <dimen name="x916">763.33dp</dimen>
    <dimen name="x917">764.17dp</dimen>
    <dimen name="x918">765.00dp</dimen>
    <dimen name="x919">765.83dp</dimen>
    <dimen name="x920">766.67dp</dimen>
    <dimen name="x921">767.50dp</dimen>
    <dimen name="x922">768.33dp</dimen>
    <dimen name="x923">769.17dp</dimen>
    <dimen name="x924">770.00dp</dimen>
    <dimen name="x925">770.83dp</dimen>
    <dimen name="x926">771.67dp</dimen>
    <dimen name="x927">772.50dp</dimen>
    <dimen name="x928">773.33dp</dimen>
    <dimen name="x929">774.17dp</dimen>
    <dimen name="x930">775.00dp</dimen>
    <dimen name="x931">775.83dp</dimen>
    <dimen name="x932">776.67dp</dimen>
    <dimen name="x933">777.50dp</dimen>
    <dimen name="x934">778.33dp</dimen>
    <dimen name="x935">779.17dp</dimen>
    <dimen name="x936">780.00dp</dimen>
    <dimen name="x937">780.83dp</dimen>
    <dimen name="x938">781.67dp</dimen>
    <dimen name="x939">782.50dp</dimen>
    <dimen name="x940">783.33dp</dimen>
    <dimen name="x941">784.17dp</dimen>
    <dimen name="x942">785.00dp</dimen>
    <dimen name="x943">785.83dp</dimen>
    <dimen name="x944">786.67dp</dimen>
    <dimen name="x945">787.50dp</dimen>
    <dimen name="x946">788.33dp</dimen>
    <dimen name="x947">789.17dp</dimen>
    <dimen name="x948">790.00dp</dimen>
    <dimen name="x949">790.83dp</dimen>
    <dimen name="x950">791.67dp</dimen>
    <dimen name="x951">792.50dp</dimen>
    <dimen name="x952">793.33dp</dimen>
    <dimen name="x953">794.17dp</dimen>
    <dimen name="x954">795.00dp</dimen>
    <dimen name="x955">795.83dp</dimen>
    <dimen name="x956">796.67dp</dimen>
    <dimen name="x957">797.50dp</dimen>
    <dimen name="x958">798.33dp</dimen>
    <dimen name="x959">799.17dp</dimen>
    <dimen name="x960">800.00dp</dimen>
    <dimen name="x961">800.83dp</dimen>
    <dimen name="x962">801.67dp</dimen>
    <dimen name="x963">802.50dp</dimen>
    <dimen name="x964">803.33dp</dimen>
    <dimen name="x965">804.17dp</dimen>
    <dimen name="x966">805.00dp</dimen>
    <dimen name="x967">805.83dp</dimen>
    <dimen name="x968">806.67dp</dimen>
    <dimen name="x969">807.50dp</dimen>
    <dimen name="x970">808.33dp</dimen>
    <dimen name="x971">809.17dp</dimen>
    <dimen name="x972">810.00dp</dimen>
    <dimen name="x973">810.83dp</dimen>
    <dimen name="x974">811.67dp</dimen>
    <dimen name="x975">812.50dp</dimen>
    <dimen name="x976">813.33dp</dimen>
    <dimen name="x977">814.17dp</dimen>
    <dimen name="x978">815.00dp</dimen>
    <dimen name="x979">815.83dp</dimen>
    <dimen name="x980">816.67dp</dimen>
    <dimen name="x981">817.50dp</dimen>
    <dimen name="x982">818.33dp</dimen>
    <dimen name="x983">819.17dp</dimen>
    <dimen name="x984">820.00dp</dimen>
    <dimen name="x985">820.83dp</dimen>
    <dimen name="x986">821.67dp</dimen>
    <dimen name="x987">822.50dp</dimen>
    <dimen name="x988">823.33dp</dimen>
    <dimen name="x989">824.17dp</dimen>
    <dimen name="x990">825.00dp</dimen>
    <dimen name="x991">825.83dp</dimen>
    <dimen name="x992">826.67dp</dimen>
    <dimen name="x993">827.50dp</dimen>
    <dimen name="x994">828.33dp</dimen>
    <dimen name="x995">829.17dp</dimen>
    <dimen name="x996">830.00dp</dimen>
    <dimen name="x997">830.83dp</dimen>
    <dimen name="x998">831.67dp</dimen>
    <dimen name="x999">832.50dp</dimen>
    <dimen name="x1000">833.33dp</dimen>
    <dimen name="x1001">834.17dp</dimen>
    <dimen name="x1002">835.00dp</dimen>
    <dimen name="x1003">835.83dp</dimen>
    <dimen name="x1004">836.67dp</dimen>
    <dimen name="x1005">837.50dp</dimen>
    <dimen name="x1006">838.33dp</dimen>
    <dimen name="x1007">839.17dp</dimen>
    <dimen name="x1008">840.00dp</dimen>
    <dimen name="x1009">840.83dp</dimen>
    <dimen name="x1010">841.67dp</dimen>
    <dimen name="x1011">842.50dp</dimen>
    <dimen name="x1012">843.33dp</dimen>
    <dimen name="x1013">844.17dp</dimen>
    <dimen name="x1014">845.00dp</dimen>
    <dimen name="x1015">845.83dp</dimen>
    <dimen name="x1016">846.67dp</dimen>
    <dimen name="x1017">847.50dp</dimen>
    <dimen name="x1018">848.33dp</dimen>
    <dimen name="x1019">849.17dp</dimen>
    <dimen name="x1020">850.00dp</dimen>
    <dimen name="x1021">850.83dp</dimen>
    <dimen name="x1022">851.67dp</dimen>
    <dimen name="x1023">852.50dp</dimen>
    <dimen name="x1024">853.33dp</dimen>
    <dimen name="x1025">854.17dp</dimen>
    <dimen name="x1026">855.00dp</dimen>
    <dimen name="x1027">855.83dp</dimen>
    <dimen name="x1028">856.67dp</dimen>
    <dimen name="x1029">857.50dp</dimen>
    <dimen name="x1030">858.33dp</dimen>
    <dimen name="x1031">859.17dp</dimen>
    <dimen name="x1032">860.00dp</dimen>
    <dimen name="x1033">860.83dp</dimen>
    <dimen name="x1034">861.67dp</dimen>
    <dimen name="x1035">862.50dp</dimen>
    <dimen name="x1036">863.33dp</dimen>
    <dimen name="x1037">864.17dp</dimen>
    <dimen name="x1038">865.00dp</dimen>
    <dimen name="x1039">865.83dp</dimen>
    <dimen name="x1040">866.67dp</dimen>
    <dimen name="x1041">867.50dp</dimen>
    <dimen name="x1042">868.33dp</dimen>
    <dimen name="x1043">869.17dp</dimen>
    <dimen name="x1044">870.00dp</dimen>
    <dimen name="x1045">870.83dp</dimen>
    <dimen name="x1046">871.67dp</dimen>
    <dimen name="x1047">872.50dp</dimen>
    <dimen name="x1048">873.33dp</dimen>
    <dimen name="x1049">874.17dp</dimen>
    <dimen name="x1050">875.00dp</dimen>
    <dimen name="x1051">875.83dp</dimen>
    <dimen name="x1052">876.67dp</dimen>
    <dimen name="x1053">877.50dp</dimen>
    <dimen name="x1054">878.33dp</dimen>
    <dimen name="x1055">879.17dp</dimen>
    <dimen name="x1056">880.00dp</dimen>
    <dimen name="x1057">880.83dp</dimen>
    <dimen name="x1058">881.67dp</dimen>
    <dimen name="x1059">882.50dp</dimen>
    <dimen name="x1060">883.33dp</dimen>
    <dimen name="x1061">884.17dp</dimen>
    <dimen name="x1062">885.00dp</dimen>
    <dimen name="x1063">885.83dp</dimen>
    <dimen name="x1064">886.67dp</dimen>
    <dimen name="x1065">887.50dp</dimen>
    <dimen name="x1066">888.33dp</dimen>
    <dimen name="x1067">889.17dp</dimen>
    <dimen name="x1068">890.00dp</dimen>
    <dimen name="x1069">890.83dp</dimen>
    <dimen name="x1070">891.67dp</dimen>
    <dimen name="x1071">892.50dp</dimen>
    <dimen name="x1072">893.33dp</dimen>
    <dimen name="x1073">894.17dp</dimen>
    <dimen name="x1074">895.00dp</dimen>
    <dimen name="x1075">895.83dp</dimen>
    <dimen name="x1076">896.67dp</dimen>
    <dimen name="x1077">897.50dp</dimen>
    <dimen name="x1078">898.33dp</dimen>
    <dimen name="x1079">899.17dp</dimen>
    <dimen name="x1080">900.00dp</dimen>
</resources>