<?xml version="1.0" encoding="utf-8"?>
<resources>
    <string name="sw_dp">930dp</string>
    <dimen name="x1">0.86dp</dimen>
    <dimen name="x2">1.72dp</dimen>
    <dimen name="x3">2.58dp</dimen>
    <dimen name="x4">3.44dp</dimen>
    <dimen name="x5">4.31dp</dimen>
    <dimen name="x6">5.17dp</dimen>
    <dimen name="x7">6.03dp</dimen>
    <dimen name="x8">6.89dp</dimen>
    <dimen name="x9">7.75dp</dimen>
    <dimen name="x10">8.61dp</dimen>
    <dimen name="x11">9.47dp</dimen>
    <dimen name="x12">10.33dp</dimen>
    <dimen name="x13">11.19dp</dimen>
    <dimen name="x14">12.06dp</dimen>
    <dimen name="x15">12.92dp</dimen>
    <dimen name="x16">13.78dp</dimen>
    <dimen name="x17">14.64dp</dimen>
    <dimen name="x18">15.50dp</dimen>
    <dimen name="x19">16.36dp</dimen>
    <dimen name="x20">17.22dp</dimen>
    <dimen name="x21">18.08dp</dimen>
    <dimen name="x22">18.94dp</dimen>
    <dimen name="x23">19.81dp</dimen>
    <dimen name="x24">20.67dp</dimen>
    <dimen name="x25">21.53dp</dimen>
    <dimen name="x26">22.39dp</dimen>
    <dimen name="x27">23.25dp</dimen>
    <dimen name="x28">24.11dp</dimen>
    <dimen name="x29">24.97dp</dimen>
    <dimen name="x30">25.83dp</dimen>
    <dimen name="x31">26.69dp</dimen>
    <dimen name="x32">27.56dp</dimen>
    <dimen name="x33">28.42dp</dimen>
    <dimen name="x34">29.28dp</dimen>
    <dimen name="x35">30.14dp</dimen>
    <dimen name="x36">31.00dp</dimen>
    <dimen name="x37">31.86dp</dimen>
    <dimen name="x38">32.72dp</dimen>
    <dimen name="x39">33.58dp</dimen>
    <dimen name="x40">34.44dp</dimen>
    <dimen name="x41">35.31dp</dimen>
    <dimen name="x42">36.17dp</dimen>
    <dimen name="x43">37.03dp</dimen>
    <dimen name="x44">37.89dp</dimen>
    <dimen name="x45">38.75dp</dimen>
    <dimen name="x46">39.61dp</dimen>
    <dimen name="x47">40.47dp</dimen>
    <dimen name="x48">41.33dp</dimen>
    <dimen name="x49">42.19dp</dimen>
    <dimen name="x50">43.06dp</dimen>
    <dimen name="x51">43.92dp</dimen>
    <dimen name="x52">44.78dp</dimen>
    <dimen name="x53">45.64dp</dimen>
    <dimen name="x54">46.50dp</dimen>
    <dimen name="x55">47.36dp</dimen>
    <dimen name="x56">48.22dp</dimen>
    <dimen name="x57">49.08dp</dimen>
    <dimen name="x58">49.94dp</dimen>
    <dimen name="x59">50.81dp</dimen>
    <dimen name="x60">51.67dp</dimen>
    <dimen name="x61">52.53dp</dimen>
    <dimen name="x62">53.39dp</dimen>
    <dimen name="x63">54.25dp</dimen>
    <dimen name="x64">55.11dp</dimen>
    <dimen name="x65">55.97dp</dimen>
    <dimen name="x66">56.83dp</dimen>
    <dimen name="x67">57.69dp</dimen>
    <dimen name="x68">58.56dp</dimen>
    <dimen name="x69">59.42dp</dimen>
    <dimen name="x70">60.28dp</dimen>
    <dimen name="x71">61.14dp</dimen>
    <dimen name="x72">62.00dp</dimen>
    <dimen name="x73">62.86dp</dimen>
    <dimen name="x74">63.72dp</dimen>
    <dimen name="x75">64.58dp</dimen>
    <dimen name="x76">65.44dp</dimen>
    <dimen name="x77">66.31dp</dimen>
    <dimen name="x78">67.17dp</dimen>
    <dimen name="x79">68.03dp</dimen>
    <dimen name="x80">68.89dp</dimen>
    <dimen name="x81">69.75dp</dimen>
    <dimen name="x82">70.61dp</dimen>
    <dimen name="x83">71.47dp</dimen>
    <dimen name="x84">72.33dp</dimen>
    <dimen name="x85">73.19dp</dimen>
    <dimen name="x86">74.06dp</dimen>
    <dimen name="x87">74.92dp</dimen>
    <dimen name="x88">75.78dp</dimen>
    <dimen name="x89">76.64dp</dimen>
    <dimen name="x90">77.50dp</dimen>
    <dimen name="x91">78.36dp</dimen>
    <dimen name="x92">79.22dp</dimen>
    <dimen name="x93">80.08dp</dimen>
    <dimen name="x94">80.94dp</dimen>
    <dimen name="x95">81.81dp</dimen>
    <dimen name="x96">82.67dp</dimen>
    <dimen name="x97">83.53dp</dimen>
    <dimen name="x98">84.39dp</dimen>
    <dimen name="x99">85.25dp</dimen>
    <dimen name="x100">86.11dp</dimen>
    <dimen name="x101">86.97dp</dimen>
    <dimen name="x102">87.83dp</dimen>
    <dimen name="x103">88.69dp</dimen>
    <dimen name="x104">89.56dp</dimen>
    <dimen name="x105">90.42dp</dimen>
    <dimen name="x106">91.28dp</dimen>
    <dimen name="x107">92.14dp</dimen>
    <dimen name="x108">93.00dp</dimen>
    <dimen name="x109">93.86dp</dimen>
    <dimen name="x110">94.72dp</dimen>
    <dimen name="x111">95.58dp</dimen>
    <dimen name="x112">96.44dp</dimen>
    <dimen name="x113">97.31dp</dimen>
    <dimen name="x114">98.17dp</dimen>
    <dimen name="x115">99.03dp</dimen>
    <dimen name="x116">99.89dp</dimen>
    <dimen name="x117">100.75dp</dimen>
    <dimen name="x118">101.61dp</dimen>
    <dimen name="x119">102.47dp</dimen>
    <dimen name="x120">103.33dp</dimen>
    <dimen name="x121">104.19dp</dimen>
    <dimen name="x122">105.06dp</dimen>
    <dimen name="x123">105.92dp</dimen>
    <dimen name="x124">106.78dp</dimen>
    <dimen name="x125">107.64dp</dimen>
    <dimen name="x126">108.50dp</dimen>
    <dimen name="x127">109.36dp</dimen>
    <dimen name="x128">110.22dp</dimen>
    <dimen name="x129">111.08dp</dimen>
    <dimen name="x130">111.94dp</dimen>
    <dimen name="x131">112.81dp</dimen>
    <dimen name="x132">113.67dp</dimen>
    <dimen name="x133">114.53dp</dimen>
    <dimen name="x134">115.39dp</dimen>
    <dimen name="x135">116.25dp</dimen>
    <dimen name="x136">117.11dp</dimen>
    <dimen name="x137">117.97dp</dimen>
    <dimen name="x138">118.83dp</dimen>
    <dimen name="x139">119.69dp</dimen>
    <dimen name="x140">120.56dp</dimen>
    <dimen name="x141">121.42dp</dimen>
    <dimen name="x142">122.28dp</dimen>
    <dimen name="x143">123.14dp</dimen>
    <dimen name="x144">124.00dp</dimen>
    <dimen name="x145">124.86dp</dimen>
    <dimen name="x146">125.72dp</dimen>
    <dimen name="x147">126.58dp</dimen>
    <dimen name="x148">127.44dp</dimen>
    <dimen name="x149">128.31dp</dimen>
    <dimen name="x150">129.17dp</dimen>
    <dimen name="x151">130.03dp</dimen>
    <dimen name="x152">130.89dp</dimen>
    <dimen name="x153">131.75dp</dimen>
    <dimen name="x154">132.61dp</dimen>
    <dimen name="x155">133.47dp</dimen>
    <dimen name="x156">134.33dp</dimen>
    <dimen name="x157">135.19dp</dimen>
    <dimen name="x158">136.06dp</dimen>
    <dimen name="x159">136.92dp</dimen>
    <dimen name="x160">137.78dp</dimen>
    <dimen name="x161">138.64dp</dimen>
    <dimen name="x162">139.50dp</dimen>
    <dimen name="x163">140.36dp</dimen>
    <dimen name="x164">141.22dp</dimen>
    <dimen name="x165">142.08dp</dimen>
    <dimen name="x166">142.94dp</dimen>
    <dimen name="x167">143.81dp</dimen>
    <dimen name="x168">144.67dp</dimen>
    <dimen name="x169">145.53dp</dimen>
    <dimen name="x170">146.39dp</dimen>
    <dimen name="x171">147.25dp</dimen>
    <dimen name="x172">148.11dp</dimen>
    <dimen name="x173">148.97dp</dimen>
    <dimen name="x174">149.83dp</dimen>
    <dimen name="x175">150.69dp</dimen>
    <dimen name="x176">151.56dp</dimen>
    <dimen name="x177">152.42dp</dimen>
    <dimen name="x178">153.28dp</dimen>
    <dimen name="x179">154.14dp</dimen>
    <dimen name="x180">155.00dp</dimen>
    <dimen name="x181">155.86dp</dimen>
    <dimen name="x182">156.72dp</dimen>
    <dimen name="x183">157.58dp</dimen>
    <dimen name="x184">158.44dp</dimen>
    <dimen name="x185">159.31dp</dimen>
    <dimen name="x186">160.17dp</dimen>
    <dimen name="x187">161.03dp</dimen>
    <dimen name="x188">161.89dp</dimen>
    <dimen name="x189">162.75dp</dimen>
    <dimen name="x190">163.61dp</dimen>
    <dimen name="x191">164.47dp</dimen>
    <dimen name="x192">165.33dp</dimen>
    <dimen name="x193">166.19dp</dimen>
    <dimen name="x194">167.06dp</dimen>
    <dimen name="x195">167.92dp</dimen>
    <dimen name="x196">168.78dp</dimen>
    <dimen name="x197">169.64dp</dimen>
    <dimen name="x198">170.50dp</dimen>
    <dimen name="x199">171.36dp</dimen>
    <dimen name="x200">172.22dp</dimen>
    <dimen name="x201">173.08dp</dimen>
    <dimen name="x202">173.94dp</dimen>
    <dimen name="x203">174.81dp</dimen>
    <dimen name="x204">175.67dp</dimen>
    <dimen name="x205">176.53dp</dimen>
    <dimen name="x206">177.39dp</dimen>
    <dimen name="x207">178.25dp</dimen>
    <dimen name="x208">179.11dp</dimen>
    <dimen name="x209">179.97dp</dimen>
    <dimen name="x210">180.83dp</dimen>
    <dimen name="x211">181.69dp</dimen>
    <dimen name="x212">182.56dp</dimen>
    <dimen name="x213">183.42dp</dimen>
    <dimen name="x214">184.28dp</dimen>
    <dimen name="x215">185.14dp</dimen>
    <dimen name="x216">186.00dp</dimen>
    <dimen name="x217">186.86dp</dimen>
    <dimen name="x218">187.72dp</dimen>
    <dimen name="x219">188.58dp</dimen>
    <dimen name="x220">189.44dp</dimen>
    <dimen name="x221">190.31dp</dimen>
    <dimen name="x222">191.17dp</dimen>
    <dimen name="x223">192.03dp</dimen>
    <dimen name="x224">192.89dp</dimen>
    <dimen name="x225">193.75dp</dimen>
    <dimen name="x226">194.61dp</dimen>
    <dimen name="x227">195.47dp</dimen>
    <dimen name="x228">196.33dp</dimen>
    <dimen name="x229">197.19dp</dimen>
    <dimen name="x230">198.06dp</dimen>
    <dimen name="x231">198.92dp</dimen>
    <dimen name="x232">199.78dp</dimen>
    <dimen name="x233">200.64dp</dimen>
    <dimen name="x234">201.50dp</dimen>
    <dimen name="x235">202.36dp</dimen>
    <dimen name="x236">203.22dp</dimen>
    <dimen name="x237">204.08dp</dimen>
    <dimen name="x238">204.94dp</dimen>
    <dimen name="x239">205.81dp</dimen>
    <dimen name="x240">206.67dp</dimen>
    <dimen name="x241">207.53dp</dimen>
    <dimen name="x242">208.39dp</dimen>
    <dimen name="x243">209.25dp</dimen>
    <dimen name="x244">210.11dp</dimen>
    <dimen name="x245">210.97dp</dimen>
    <dimen name="x246">211.83dp</dimen>
    <dimen name="x247">212.69dp</dimen>
    <dimen name="x248">213.56dp</dimen>
    <dimen name="x249">214.42dp</dimen>
    <dimen name="x250">215.28dp</dimen>
    <dimen name="x251">216.14dp</dimen>
    <dimen name="x252">217.00dp</dimen>
    <dimen name="x253">217.86dp</dimen>
    <dimen name="x254">218.72dp</dimen>
    <dimen name="x255">219.58dp</dimen>
    <dimen name="x256">220.44dp</dimen>
    <dimen name="x257">221.31dp</dimen>
    <dimen name="x258">222.17dp</dimen>
    <dimen name="x259">223.03dp</dimen>
    <dimen name="x260">223.89dp</dimen>
    <dimen name="x261">224.75dp</dimen>
    <dimen name="x262">225.61dp</dimen>
    <dimen name="x263">226.47dp</dimen>
    <dimen name="x264">227.33dp</dimen>
    <dimen name="x265">228.19dp</dimen>
    <dimen name="x266">229.06dp</dimen>
    <dimen name="x267">229.92dp</dimen>
    <dimen name="x268">230.78dp</dimen>
    <dimen name="x269">231.64dp</dimen>
    <dimen name="x270">232.50dp</dimen>
    <dimen name="x271">233.36dp</dimen>
    <dimen name="x272">234.22dp</dimen>
    <dimen name="x273">235.08dp</dimen>
    <dimen name="x274">235.94dp</dimen>
    <dimen name="x275">236.81dp</dimen>
    <dimen name="x276">237.67dp</dimen>
    <dimen name="x277">238.53dp</dimen>
    <dimen name="x278">239.39dp</dimen>
    <dimen name="x279">240.25dp</dimen>
    <dimen name="x280">241.11dp</dimen>
    <dimen name="x281">241.97dp</dimen>
    <dimen name="x282">242.83dp</dimen>
    <dimen name="x283">243.69dp</dimen>
    <dimen name="x284">244.56dp</dimen>
    <dimen name="x285">245.42dp</dimen>
    <dimen name="x286">246.28dp</dimen>
    <dimen name="x287">247.14dp</dimen>
    <dimen name="x288">248.00dp</dimen>
    <dimen name="x289">248.86dp</dimen>
    <dimen name="x290">249.72dp</dimen>
    <dimen name="x291">250.58dp</dimen>
    <dimen name="x292">251.44dp</dimen>
    <dimen name="x293">252.31dp</dimen>
    <dimen name="x294">253.17dp</dimen>
    <dimen name="x295">254.03dp</dimen>
    <dimen name="x296">254.89dp</dimen>
    <dimen name="x297">255.75dp</dimen>
    <dimen name="x298">256.61dp</dimen>
    <dimen name="x299">257.47dp</dimen>
    <dimen name="x300">258.33dp</dimen>
    <dimen name="x301">259.19dp</dimen>
    <dimen name="x302">260.06dp</dimen>
    <dimen name="x303">260.92dp</dimen>
    <dimen name="x304">261.78dp</dimen>
    <dimen name="x305">262.64dp</dimen>
    <dimen name="x306">263.50dp</dimen>
    <dimen name="x307">264.36dp</dimen>
    <dimen name="x308">265.22dp</dimen>
    <dimen name="x309">266.08dp</dimen>
    <dimen name="x310">266.94dp</dimen>
    <dimen name="x311">267.81dp</dimen>
    <dimen name="x312">268.67dp</dimen>
    <dimen name="x313">269.53dp</dimen>
    <dimen name="x314">270.39dp</dimen>
    <dimen name="x315">271.25dp</dimen>
    <dimen name="x316">272.11dp</dimen>
    <dimen name="x317">272.97dp</dimen>
    <dimen name="x318">273.83dp</dimen>
    <dimen name="x319">274.69dp</dimen>
    <dimen name="x320">275.56dp</dimen>
    <dimen name="x321">276.42dp</dimen>
    <dimen name="x322">277.28dp</dimen>
    <dimen name="x323">278.14dp</dimen>
    <dimen name="x324">279.00dp</dimen>
    <dimen name="x325">279.86dp</dimen>
    <dimen name="x326">280.72dp</dimen>
    <dimen name="x327">281.58dp</dimen>
    <dimen name="x328">282.44dp</dimen>
    <dimen name="x329">283.31dp</dimen>
    <dimen name="x330">284.17dp</dimen>
    <dimen name="x331">285.03dp</dimen>
    <dimen name="x332">285.89dp</dimen>
    <dimen name="x333">286.75dp</dimen>
    <dimen name="x334">287.61dp</dimen>
    <dimen name="x335">288.47dp</dimen>
    <dimen name="x336">289.33dp</dimen>
    <dimen name="x337">290.19dp</dimen>
    <dimen name="x338">291.06dp</dimen>
    <dimen name="x339">291.92dp</dimen>
    <dimen name="x340">292.78dp</dimen>
    <dimen name="x341">293.64dp</dimen>
    <dimen name="x342">294.50dp</dimen>
    <dimen name="x343">295.36dp</dimen>
    <dimen name="x344">296.22dp</dimen>
    <dimen name="x345">297.08dp</dimen>
    <dimen name="x346">297.94dp</dimen>
    <dimen name="x347">298.81dp</dimen>
    <dimen name="x348">299.67dp</dimen>
    <dimen name="x349">300.53dp</dimen>
    <dimen name="x350">301.39dp</dimen>
    <dimen name="x351">302.25dp</dimen>
    <dimen name="x352">303.11dp</dimen>
    <dimen name="x353">303.97dp</dimen>
    <dimen name="x354">304.83dp</dimen>
    <dimen name="x355">305.69dp</dimen>
    <dimen name="x356">306.56dp</dimen>
    <dimen name="x357">307.42dp</dimen>
    <dimen name="x358">308.28dp</dimen>
    <dimen name="x359">309.14dp</dimen>
    <dimen name="x360">310.00dp</dimen>
    <dimen name="x361">310.86dp</dimen>
    <dimen name="x362">311.72dp</dimen>
    <dimen name="x363">312.58dp</dimen>
    <dimen name="x364">313.44dp</dimen>
    <dimen name="x365">314.31dp</dimen>
    <dimen name="x366">315.17dp</dimen>
    <dimen name="x367">316.03dp</dimen>
    <dimen name="x368">316.89dp</dimen>
    <dimen name="x369">317.75dp</dimen>
    <dimen name="x370">318.61dp</dimen>
    <dimen name="x371">319.47dp</dimen>
    <dimen name="x372">320.33dp</dimen>
    <dimen name="x373">321.19dp</dimen>
    <dimen name="x374">322.06dp</dimen>
    <dimen name="x375">322.92dp</dimen>
    <dimen name="x376">323.78dp</dimen>
    <dimen name="x377">324.64dp</dimen>
    <dimen name="x378">325.50dp</dimen>
    <dimen name="x379">326.36dp</dimen>
    <dimen name="x380">327.22dp</dimen>
    <dimen name="x381">328.08dp</dimen>
    <dimen name="x382">328.94dp</dimen>
    <dimen name="x383">329.81dp</dimen>
    <dimen name="x384">330.67dp</dimen>
    <dimen name="x385">331.53dp</dimen>
    <dimen name="x386">332.39dp</dimen>
    <dimen name="x387">333.25dp</dimen>
    <dimen name="x388">334.11dp</dimen>
    <dimen name="x389">334.97dp</dimen>
    <dimen name="x390">335.83dp</dimen>
    <dimen name="x391">336.69dp</dimen>
    <dimen name="x392">337.56dp</dimen>
    <dimen name="x393">338.42dp</dimen>
    <dimen name="x394">339.28dp</dimen>
    <dimen name="x395">340.14dp</dimen>
    <dimen name="x396">341.00dp</dimen>
    <dimen name="x397">341.86dp</dimen>
    <dimen name="x398">342.72dp</dimen>
    <dimen name="x399">343.58dp</dimen>
    <dimen name="x400">344.44dp</dimen>
    <dimen name="x401">345.31dp</dimen>
    <dimen name="x402">346.17dp</dimen>
    <dimen name="x403">347.03dp</dimen>
    <dimen name="x404">347.89dp</dimen>
    <dimen name="x405">348.75dp</dimen>
    <dimen name="x406">349.61dp</dimen>
    <dimen name="x407">350.47dp</dimen>
    <dimen name="x408">351.33dp</dimen>
    <dimen name="x409">352.19dp</dimen>
    <dimen name="x410">353.06dp</dimen>
    <dimen name="x411">353.92dp</dimen>
    <dimen name="x412">354.78dp</dimen>
    <dimen name="x413">355.64dp</dimen>
    <dimen name="x414">356.50dp</dimen>
    <dimen name="x415">357.36dp</dimen>
    <dimen name="x416">358.22dp</dimen>
    <dimen name="x417">359.08dp</dimen>
    <dimen name="x418">359.94dp</dimen>
    <dimen name="x419">360.81dp</dimen>
    <dimen name="x420">361.67dp</dimen>
    <dimen name="x421">362.53dp</dimen>
    <dimen name="x422">363.39dp</dimen>
    <dimen name="x423">364.25dp</dimen>
    <dimen name="x424">365.11dp</dimen>
    <dimen name="x425">365.97dp</dimen>
    <dimen name="x426">366.83dp</dimen>
    <dimen name="x427">367.69dp</dimen>
    <dimen name="x428">368.56dp</dimen>
    <dimen name="x429">369.42dp</dimen>
    <dimen name="x430">370.28dp</dimen>
    <dimen name="x431">371.14dp</dimen>
    <dimen name="x432">372.00dp</dimen>
    <dimen name="x433">372.86dp</dimen>
    <dimen name="x434">373.72dp</dimen>
    <dimen name="x435">374.58dp</dimen>
    <dimen name="x436">375.44dp</dimen>
    <dimen name="x437">376.31dp</dimen>
    <dimen name="x438">377.17dp</dimen>
    <dimen name="x439">378.03dp</dimen>
    <dimen name="x440">378.89dp</dimen>
    <dimen name="x441">379.75dp</dimen>
    <dimen name="x442">380.61dp</dimen>
    <dimen name="x443">381.47dp</dimen>
    <dimen name="x444">382.33dp</dimen>
    <dimen name="x445">383.19dp</dimen>
    <dimen name="x446">384.06dp</dimen>
    <dimen name="x447">384.92dp</dimen>
    <dimen name="x448">385.78dp</dimen>
    <dimen name="x449">386.64dp</dimen>
    <dimen name="x450">387.50dp</dimen>
    <dimen name="x451">388.36dp</dimen>
    <dimen name="x452">389.22dp</dimen>
    <dimen name="x453">390.08dp</dimen>
    <dimen name="x454">390.94dp</dimen>
    <dimen name="x455">391.81dp</dimen>
    <dimen name="x456">392.67dp</dimen>
    <dimen name="x457">393.53dp</dimen>
    <dimen name="x458">394.39dp</dimen>
    <dimen name="x459">395.25dp</dimen>
    <dimen name="x460">396.11dp</dimen>
    <dimen name="x461">396.97dp</dimen>
    <dimen name="x462">397.83dp</dimen>
    <dimen name="x463">398.69dp</dimen>
    <dimen name="x464">399.56dp</dimen>
    <dimen name="x465">400.42dp</dimen>
    <dimen name="x466">401.28dp</dimen>
    <dimen name="x467">402.14dp</dimen>
    <dimen name="x468">403.00dp</dimen>
    <dimen name="x469">403.86dp</dimen>
    <dimen name="x470">404.72dp</dimen>
    <dimen name="x471">405.58dp</dimen>
    <dimen name="x472">406.44dp</dimen>
    <dimen name="x473">407.31dp</dimen>
    <dimen name="x474">408.17dp</dimen>
    <dimen name="x475">409.03dp</dimen>
    <dimen name="x476">409.89dp</dimen>
    <dimen name="x477">410.75dp</dimen>
    <dimen name="x478">411.61dp</dimen>
    <dimen name="x479">412.47dp</dimen>
    <dimen name="x480">413.33dp</dimen>
    <dimen name="x481">414.19dp</dimen>
    <dimen name="x482">415.06dp</dimen>
    <dimen name="x483">415.92dp</dimen>
    <dimen name="x484">416.78dp</dimen>
    <dimen name="x485">417.64dp</dimen>
    <dimen name="x486">418.50dp</dimen>
    <dimen name="x487">419.36dp</dimen>
    <dimen name="x488">420.22dp</dimen>
    <dimen name="x489">421.08dp</dimen>
    <dimen name="x490">421.94dp</dimen>
    <dimen name="x491">422.81dp</dimen>
    <dimen name="x492">423.67dp</dimen>
    <dimen name="x493">424.53dp</dimen>
    <dimen name="x494">425.39dp</dimen>
    <dimen name="x495">426.25dp</dimen>
    <dimen name="x496">427.11dp</dimen>
    <dimen name="x497">427.97dp</dimen>
    <dimen name="x498">428.83dp</dimen>
    <dimen name="x499">429.69dp</dimen>
    <dimen name="x500">430.56dp</dimen>
    <dimen name="x501">431.42dp</dimen>
    <dimen name="x502">432.28dp</dimen>
    <dimen name="x503">433.14dp</dimen>
    <dimen name="x504">434.00dp</dimen>
    <dimen name="x505">434.86dp</dimen>
    <dimen name="x506">435.72dp</dimen>
    <dimen name="x507">436.58dp</dimen>
    <dimen name="x508">437.44dp</dimen>
    <dimen name="x509">438.31dp</dimen>
    <dimen name="x510">439.17dp</dimen>
    <dimen name="x511">440.03dp</dimen>
    <dimen name="x512">440.89dp</dimen>
    <dimen name="x513">441.75dp</dimen>
    <dimen name="x514">442.61dp</dimen>
    <dimen name="x515">443.47dp</dimen>
    <dimen name="x516">444.33dp</dimen>
    <dimen name="x517">445.19dp</dimen>
    <dimen name="x518">446.06dp</dimen>
    <dimen name="x519">446.92dp</dimen>
    <dimen name="x520">447.78dp</dimen>
    <dimen name="x521">448.64dp</dimen>
    <dimen name="x522">449.50dp</dimen>
    <dimen name="x523">450.36dp</dimen>
    <dimen name="x524">451.22dp</dimen>
    <dimen name="x525">452.08dp</dimen>
    <dimen name="x526">452.94dp</dimen>
    <dimen name="x527">453.81dp</dimen>
    <dimen name="x528">454.67dp</dimen>
    <dimen name="x529">455.53dp</dimen>
    <dimen name="x530">456.39dp</dimen>
    <dimen name="x531">457.25dp</dimen>
    <dimen name="x532">458.11dp</dimen>
    <dimen name="x533">458.97dp</dimen>
    <dimen name="x534">459.83dp</dimen>
    <dimen name="x535">460.69dp</dimen>
    <dimen name="x536">461.56dp</dimen>
    <dimen name="x537">462.42dp</dimen>
    <dimen name="x538">463.28dp</dimen>
    <dimen name="x539">464.14dp</dimen>
    <dimen name="x540">465.00dp</dimen>
    <dimen name="x541">465.86dp</dimen>
    <dimen name="x542">466.72dp</dimen>
    <dimen name="x543">467.58dp</dimen>
    <dimen name="x544">468.44dp</dimen>
    <dimen name="x545">469.31dp</dimen>
    <dimen name="x546">470.17dp</dimen>
    <dimen name="x547">471.03dp</dimen>
    <dimen name="x548">471.89dp</dimen>
    <dimen name="x549">472.75dp</dimen>
    <dimen name="x550">473.61dp</dimen>
    <dimen name="x551">474.47dp</dimen>
    <dimen name="x552">475.33dp</dimen>
    <dimen name="x553">476.19dp</dimen>
    <dimen name="x554">477.06dp</dimen>
    <dimen name="x555">477.92dp</dimen>
    <dimen name="x556">478.78dp</dimen>
    <dimen name="x557">479.64dp</dimen>
    <dimen name="x558">480.50dp</dimen>
    <dimen name="x559">481.36dp</dimen>
    <dimen name="x560">482.22dp</dimen>
    <dimen name="x561">483.08dp</dimen>
    <dimen name="x562">483.94dp</dimen>
    <dimen name="x563">484.81dp</dimen>
    <dimen name="x564">485.67dp</dimen>
    <dimen name="x565">486.53dp</dimen>
    <dimen name="x566">487.39dp</dimen>
    <dimen name="x567">488.25dp</dimen>
    <dimen name="x568">489.11dp</dimen>
    <dimen name="x569">489.97dp</dimen>
    <dimen name="x570">490.83dp</dimen>
    <dimen name="x571">491.69dp</dimen>
    <dimen name="x572">492.56dp</dimen>
    <dimen name="x573">493.42dp</dimen>
    <dimen name="x574">494.28dp</dimen>
    <dimen name="x575">495.14dp</dimen>
    <dimen name="x576">496.00dp</dimen>
    <dimen name="x577">496.86dp</dimen>
    <dimen name="x578">497.72dp</dimen>
    <dimen name="x579">498.58dp</dimen>
    <dimen name="x580">499.44dp</dimen>
    <dimen name="x581">500.31dp</dimen>
    <dimen name="x582">501.17dp</dimen>
    <dimen name="x583">502.03dp</dimen>
    <dimen name="x584">502.89dp</dimen>
    <dimen name="x585">503.75dp</dimen>
    <dimen name="x586">504.61dp</dimen>
    <dimen name="x587">505.47dp</dimen>
    <dimen name="x588">506.33dp</dimen>
    <dimen name="x589">507.19dp</dimen>
    <dimen name="x590">508.06dp</dimen>
    <dimen name="x591">508.92dp</dimen>
    <dimen name="x592">509.78dp</dimen>
    <dimen name="x593">510.64dp</dimen>
    <dimen name="x594">511.50dp</dimen>
    <dimen name="x595">512.36dp</dimen>
    <dimen name="x596">513.22dp</dimen>
    <dimen name="x597">514.08dp</dimen>
    <dimen name="x598">514.94dp</dimen>
    <dimen name="x599">515.81dp</dimen>
    <dimen name="x600">516.67dp</dimen>
    <dimen name="x601">517.53dp</dimen>
    <dimen name="x602">518.39dp</dimen>
    <dimen name="x603">519.25dp</dimen>
    <dimen name="x604">520.11dp</dimen>
    <dimen name="x605">520.97dp</dimen>
    <dimen name="x606">521.83dp</dimen>
    <dimen name="x607">522.69dp</dimen>
    <dimen name="x608">523.56dp</dimen>
    <dimen name="x609">524.42dp</dimen>
    <dimen name="x610">525.28dp</dimen>
    <dimen name="x611">526.14dp</dimen>
    <dimen name="x612">527.00dp</dimen>
    <dimen name="x613">527.86dp</dimen>
    <dimen name="x614">528.72dp</dimen>
    <dimen name="x615">529.58dp</dimen>
    <dimen name="x616">530.44dp</dimen>
    <dimen name="x617">531.31dp</dimen>
    <dimen name="x618">532.17dp</dimen>
    <dimen name="x619">533.03dp</dimen>
    <dimen name="x620">533.89dp</dimen>
    <dimen name="x621">534.75dp</dimen>
    <dimen name="x622">535.61dp</dimen>
    <dimen name="x623">536.47dp</dimen>
    <dimen name="x624">537.33dp</dimen>
    <dimen name="x625">538.19dp</dimen>
    <dimen name="x626">539.06dp</dimen>
    <dimen name="x627">539.92dp</dimen>
    <dimen name="x628">540.78dp</dimen>
    <dimen name="x629">541.64dp</dimen>
    <dimen name="x630">542.50dp</dimen>
    <dimen name="x631">543.36dp</dimen>
    <dimen name="x632">544.22dp</dimen>
    <dimen name="x633">545.08dp</dimen>
    <dimen name="x634">545.94dp</dimen>
    <dimen name="x635">546.81dp</dimen>
    <dimen name="x636">547.67dp</dimen>
    <dimen name="x637">548.53dp</dimen>
    <dimen name="x638">549.39dp</dimen>
    <dimen name="x639">550.25dp</dimen>
    <dimen name="x640">551.11dp</dimen>
    <dimen name="x641">551.97dp</dimen>
    <dimen name="x642">552.83dp</dimen>
    <dimen name="x643">553.69dp</dimen>
    <dimen name="x644">554.56dp</dimen>
    <dimen name="x645">555.42dp</dimen>
    <dimen name="x646">556.28dp</dimen>
    <dimen name="x647">557.14dp</dimen>
    <dimen name="x648">558.00dp</dimen>
    <dimen name="x649">558.86dp</dimen>
    <dimen name="x650">559.72dp</dimen>
    <dimen name="x651">560.58dp</dimen>
    <dimen name="x652">561.44dp</dimen>
    <dimen name="x653">562.31dp</dimen>
    <dimen name="x654">563.17dp</dimen>
    <dimen name="x655">564.03dp</dimen>
    <dimen name="x656">564.89dp</dimen>
    <dimen name="x657">565.75dp</dimen>
    <dimen name="x658">566.61dp</dimen>
    <dimen name="x659">567.47dp</dimen>
    <dimen name="x660">568.33dp</dimen>
    <dimen name="x661">569.19dp</dimen>
    <dimen name="x662">570.06dp</dimen>
    <dimen name="x663">570.92dp</dimen>
    <dimen name="x664">571.78dp</dimen>
    <dimen name="x665">572.64dp</dimen>
    <dimen name="x666">573.50dp</dimen>
    <dimen name="x667">574.36dp</dimen>
    <dimen name="x668">575.22dp</dimen>
    <dimen name="x669">576.08dp</dimen>
    <dimen name="x670">576.94dp</dimen>
    <dimen name="x671">577.81dp</dimen>
    <dimen name="x672">578.67dp</dimen>
    <dimen name="x673">579.53dp</dimen>
    <dimen name="x674">580.39dp</dimen>
    <dimen name="x675">581.25dp</dimen>
    <dimen name="x676">582.11dp</dimen>
    <dimen name="x677">582.97dp</dimen>
    <dimen name="x678">583.83dp</dimen>
    <dimen name="x679">584.69dp</dimen>
    <dimen name="x680">585.56dp</dimen>
    <dimen name="x681">586.42dp</dimen>
    <dimen name="x682">587.28dp</dimen>
    <dimen name="x683">588.14dp</dimen>
    <dimen name="x684">589.00dp</dimen>
    <dimen name="x685">589.86dp</dimen>
    <dimen name="x686">590.72dp</dimen>
    <dimen name="x687">591.58dp</dimen>
    <dimen name="x688">592.44dp</dimen>
    <dimen name="x689">593.31dp</dimen>
    <dimen name="x690">594.17dp</dimen>
    <dimen name="x691">595.03dp</dimen>
    <dimen name="x692">595.89dp</dimen>
    <dimen name="x693">596.75dp</dimen>
    <dimen name="x694">597.61dp</dimen>
    <dimen name="x695">598.47dp</dimen>
    <dimen name="x696">599.33dp</dimen>
    <dimen name="x697">600.19dp</dimen>
    <dimen name="x698">601.06dp</dimen>
    <dimen name="x699">601.92dp</dimen>
    <dimen name="x700">602.78dp</dimen>
    <dimen name="x701">603.64dp</dimen>
    <dimen name="x702">604.50dp</dimen>
    <dimen name="x703">605.36dp</dimen>
    <dimen name="x704">606.22dp</dimen>
    <dimen name="x705">607.08dp</dimen>
    <dimen name="x706">607.94dp</dimen>
    <dimen name="x707">608.81dp</dimen>
    <dimen name="x708">609.67dp</dimen>
    <dimen name="x709">610.53dp</dimen>
    <dimen name="x710">611.39dp</dimen>
    <dimen name="x711">612.25dp</dimen>
    <dimen name="x712">613.11dp</dimen>
    <dimen name="x713">613.97dp</dimen>
    <dimen name="x714">614.83dp</dimen>
    <dimen name="x715">615.69dp</dimen>
    <dimen name="x716">616.56dp</dimen>
    <dimen name="x717">617.42dp</dimen>
    <dimen name="x718">618.28dp</dimen>
    <dimen name="x719">619.14dp</dimen>
    <dimen name="x720">620.00dp</dimen>
    <dimen name="x721">620.86dp</dimen>
    <dimen name="x722">621.72dp</dimen>
    <dimen name="x723">622.58dp</dimen>
    <dimen name="x724">623.44dp</dimen>
    <dimen name="x725">624.31dp</dimen>
    <dimen name="x726">625.17dp</dimen>
    <dimen name="x727">626.03dp</dimen>
    <dimen name="x728">626.89dp</dimen>
    <dimen name="x729">627.75dp</dimen>
    <dimen name="x730">628.61dp</dimen>
    <dimen name="x731">629.47dp</dimen>
    <dimen name="x732">630.33dp</dimen>
    <dimen name="x733">631.19dp</dimen>
    <dimen name="x734">632.06dp</dimen>
    <dimen name="x735">632.92dp</dimen>
    <dimen name="x736">633.78dp</dimen>
    <dimen name="x737">634.64dp</dimen>
    <dimen name="x738">635.50dp</dimen>
    <dimen name="x739">636.36dp</dimen>
    <dimen name="x740">637.22dp</dimen>
    <dimen name="x741">638.08dp</dimen>
    <dimen name="x742">638.94dp</dimen>
    <dimen name="x743">639.81dp</dimen>
    <dimen name="x744">640.67dp</dimen>
    <dimen name="x745">641.53dp</dimen>
    <dimen name="x746">642.39dp</dimen>
    <dimen name="x747">643.25dp</dimen>
    <dimen name="x748">644.11dp</dimen>
    <dimen name="x749">644.97dp</dimen>
    <dimen name="x750">645.83dp</dimen>
    <dimen name="x751">646.69dp</dimen>
    <dimen name="x752">647.56dp</dimen>
    <dimen name="x753">648.42dp</dimen>
    <dimen name="x754">649.28dp</dimen>
    <dimen name="x755">650.14dp</dimen>
    <dimen name="x756">651.00dp</dimen>
    <dimen name="x757">651.86dp</dimen>
    <dimen name="x758">652.72dp</dimen>
    <dimen name="x759">653.58dp</dimen>
    <dimen name="x760">654.44dp</dimen>
    <dimen name="x761">655.31dp</dimen>
    <dimen name="x762">656.17dp</dimen>
    <dimen name="x763">657.03dp</dimen>
    <dimen name="x764">657.89dp</dimen>
    <dimen name="x765">658.75dp</dimen>
    <dimen name="x766">659.61dp</dimen>
    <dimen name="x767">660.47dp</dimen>
    <dimen name="x768">661.33dp</dimen>
    <dimen name="x769">662.19dp</dimen>
    <dimen name="x770">663.06dp</dimen>
    <dimen name="x771">663.92dp</dimen>
    <dimen name="x772">664.78dp</dimen>
    <dimen name="x773">665.64dp</dimen>
    <dimen name="x774">666.50dp</dimen>
    <dimen name="x775">667.36dp</dimen>
    <dimen name="x776">668.22dp</dimen>
    <dimen name="x777">669.08dp</dimen>
    <dimen name="x778">669.94dp</dimen>
    <dimen name="x779">670.81dp</dimen>
    <dimen name="x780">671.67dp</dimen>
    <dimen name="x781">672.53dp</dimen>
    <dimen name="x782">673.39dp</dimen>
    <dimen name="x783">674.25dp</dimen>
    <dimen name="x784">675.11dp</dimen>
    <dimen name="x785">675.97dp</dimen>
    <dimen name="x786">676.83dp</dimen>
    <dimen name="x787">677.69dp</dimen>
    <dimen name="x788">678.56dp</dimen>
    <dimen name="x789">679.42dp</dimen>
    <dimen name="x790">680.28dp</dimen>
    <dimen name="x791">681.14dp</dimen>
    <dimen name="x792">682.00dp</dimen>
    <dimen name="x793">682.86dp</dimen>
    <dimen name="x794">683.72dp</dimen>
    <dimen name="x795">684.58dp</dimen>
    <dimen name="x796">685.44dp</dimen>
    <dimen name="x797">686.31dp</dimen>
    <dimen name="x798">687.17dp</dimen>
    <dimen name="x799">688.03dp</dimen>
    <dimen name="x800">688.89dp</dimen>
    <dimen name="x801">689.75dp</dimen>
    <dimen name="x802">690.61dp</dimen>
    <dimen name="x803">691.47dp</dimen>
    <dimen name="x804">692.33dp</dimen>
    <dimen name="x805">693.19dp</dimen>
    <dimen name="x806">694.06dp</dimen>
    <dimen name="x807">694.92dp</dimen>
    <dimen name="x808">695.78dp</dimen>
    <dimen name="x809">696.64dp</dimen>
    <dimen name="x810">697.50dp</dimen>
    <dimen name="x811">698.36dp</dimen>
    <dimen name="x812">699.22dp</dimen>
    <dimen name="x813">700.08dp</dimen>
    <dimen name="x814">700.94dp</dimen>
    <dimen name="x815">701.81dp</dimen>
    <dimen name="x816">702.67dp</dimen>
    <dimen name="x817">703.53dp</dimen>
    <dimen name="x818">704.39dp</dimen>
    <dimen name="x819">705.25dp</dimen>
    <dimen name="x820">706.11dp</dimen>
    <dimen name="x821">706.97dp</dimen>
    <dimen name="x822">707.83dp</dimen>
    <dimen name="x823">708.69dp</dimen>
    <dimen name="x824">709.56dp</dimen>
    <dimen name="x825">710.42dp</dimen>
    <dimen name="x826">711.28dp</dimen>
    <dimen name="x827">712.14dp</dimen>
    <dimen name="x828">713.00dp</dimen>
    <dimen name="x829">713.86dp</dimen>
    <dimen name="x830">714.72dp</dimen>
    <dimen name="x831">715.58dp</dimen>
    <dimen name="x832">716.44dp</dimen>
    <dimen name="x833">717.31dp</dimen>
    <dimen name="x834">718.17dp</dimen>
    <dimen name="x835">719.03dp</dimen>
    <dimen name="x836">719.89dp</dimen>
    <dimen name="x837">720.75dp</dimen>
    <dimen name="x838">721.61dp</dimen>
    <dimen name="x839">722.47dp</dimen>
    <dimen name="x840">723.33dp</dimen>
    <dimen name="x841">724.19dp</dimen>
    <dimen name="x842">725.06dp</dimen>
    <dimen name="x843">725.92dp</dimen>
    <dimen name="x844">726.78dp</dimen>
    <dimen name="x845">727.64dp</dimen>
    <dimen name="x846">728.50dp</dimen>
    <dimen name="x847">729.36dp</dimen>
    <dimen name="x848">730.22dp</dimen>
    <dimen name="x849">731.08dp</dimen>
    <dimen name="x850">731.94dp</dimen>
    <dimen name="x851">732.81dp</dimen>
    <dimen name="x852">733.67dp</dimen>
    <dimen name="x853">734.53dp</dimen>
    <dimen name="x854">735.39dp</dimen>
    <dimen name="x855">736.25dp</dimen>
    <dimen name="x856">737.11dp</dimen>
    <dimen name="x857">737.97dp</dimen>
    <dimen name="x858">738.83dp</dimen>
    <dimen name="x859">739.69dp</dimen>
    <dimen name="x860">740.56dp</dimen>
    <dimen name="x861">741.42dp</dimen>
    <dimen name="x862">742.28dp</dimen>
    <dimen name="x863">743.14dp</dimen>
    <dimen name="x864">744.00dp</dimen>
    <dimen name="x865">744.86dp</dimen>
    <dimen name="x866">745.72dp</dimen>
    <dimen name="x867">746.58dp</dimen>
    <dimen name="x868">747.44dp</dimen>
    <dimen name="x869">748.31dp</dimen>
    <dimen name="x870">749.17dp</dimen>
    <dimen name="x871">750.03dp</dimen>
    <dimen name="x872">750.89dp</dimen>
    <dimen name="x873">751.75dp</dimen>
    <dimen name="x874">752.61dp</dimen>
    <dimen name="x875">753.47dp</dimen>
    <dimen name="x876">754.33dp</dimen>
    <dimen name="x877">755.19dp</dimen>
    <dimen name="x878">756.06dp</dimen>
    <dimen name="x879">756.92dp</dimen>
    <dimen name="x880">757.78dp</dimen>
    <dimen name="x881">758.64dp</dimen>
    <dimen name="x882">759.50dp</dimen>
    <dimen name="x883">760.36dp</dimen>
    <dimen name="x884">761.22dp</dimen>
    <dimen name="x885">762.08dp</dimen>
    <dimen name="x886">762.94dp</dimen>
    <dimen name="x887">763.81dp</dimen>
    <dimen name="x888">764.67dp</dimen>
    <dimen name="x889">765.53dp</dimen>
    <dimen name="x890">766.39dp</dimen>
    <dimen name="x891">767.25dp</dimen>
    <dimen name="x892">768.11dp</dimen>
    <dimen name="x893">768.97dp</dimen>
    <dimen name="x894">769.83dp</dimen>
    <dimen name="x895">770.69dp</dimen>
    <dimen name="x896">771.56dp</dimen>
    <dimen name="x897">772.42dp</dimen>
    <dimen name="x898">773.28dp</dimen>
    <dimen name="x899">774.14dp</dimen>
    <dimen name="x900">775.00dp</dimen>
    <dimen name="x901">775.86dp</dimen>
    <dimen name="x902">776.72dp</dimen>
    <dimen name="x903">777.58dp</dimen>
    <dimen name="x904">778.44dp</dimen>
    <dimen name="x905">779.31dp</dimen>
    <dimen name="x906">780.17dp</dimen>
    <dimen name="x907">781.03dp</dimen>
    <dimen name="x908">781.89dp</dimen>
    <dimen name="x909">782.75dp</dimen>
    <dimen name="x910">783.61dp</dimen>
    <dimen name="x911">784.47dp</dimen>
    <dimen name="x912">785.33dp</dimen>
    <dimen name="x913">786.19dp</dimen>
    <dimen name="x914">787.06dp</dimen>
    <dimen name="x915">787.92dp</dimen>
    <dimen name="x916">788.78dp</dimen>
    <dimen name="x917">789.64dp</dimen>
    <dimen name="x918">790.50dp</dimen>
    <dimen name="x919">791.36dp</dimen>
    <dimen name="x920">792.22dp</dimen>
    <dimen name="x921">793.08dp</dimen>
    <dimen name="x922">793.94dp</dimen>
    <dimen name="x923">794.81dp</dimen>
    <dimen name="x924">795.67dp</dimen>
    <dimen name="x925">796.53dp</dimen>
    <dimen name="x926">797.39dp</dimen>
    <dimen name="x927">798.25dp</dimen>
    <dimen name="x928">799.11dp</dimen>
    <dimen name="x929">799.97dp</dimen>
    <dimen name="x930">800.83dp</dimen>
    <dimen name="x931">801.69dp</dimen>
    <dimen name="x932">802.56dp</dimen>
    <dimen name="x933">803.42dp</dimen>
    <dimen name="x934">804.28dp</dimen>
    <dimen name="x935">805.14dp</dimen>
    <dimen name="x936">806.00dp</dimen>
    <dimen name="x937">806.86dp</dimen>
    <dimen name="x938">807.72dp</dimen>
    <dimen name="x939">808.58dp</dimen>
    <dimen name="x940">809.44dp</dimen>
    <dimen name="x941">810.31dp</dimen>
    <dimen name="x942">811.17dp</dimen>
    <dimen name="x943">812.03dp</dimen>
    <dimen name="x944">812.89dp</dimen>
    <dimen name="x945">813.75dp</dimen>
    <dimen name="x946">814.61dp</dimen>
    <dimen name="x947">815.47dp</dimen>
    <dimen name="x948">816.33dp</dimen>
    <dimen name="x949">817.19dp</dimen>
    <dimen name="x950">818.06dp</dimen>
    <dimen name="x951">818.92dp</dimen>
    <dimen name="x952">819.78dp</dimen>
    <dimen name="x953">820.64dp</dimen>
    <dimen name="x954">821.50dp</dimen>
    <dimen name="x955">822.36dp</dimen>
    <dimen name="x956">823.22dp</dimen>
    <dimen name="x957">824.08dp</dimen>
    <dimen name="x958">824.94dp</dimen>
    <dimen name="x959">825.81dp</dimen>
    <dimen name="x960">826.67dp</dimen>
    <dimen name="x961">827.53dp</dimen>
    <dimen name="x962">828.39dp</dimen>
    <dimen name="x963">829.25dp</dimen>
    <dimen name="x964">830.11dp</dimen>
    <dimen name="x965">830.97dp</dimen>
    <dimen name="x966">831.83dp</dimen>
    <dimen name="x967">832.69dp</dimen>
    <dimen name="x968">833.56dp</dimen>
    <dimen name="x969">834.42dp</dimen>
    <dimen name="x970">835.28dp</dimen>
    <dimen name="x971">836.14dp</dimen>
    <dimen name="x972">837.00dp</dimen>
    <dimen name="x973">837.86dp</dimen>
    <dimen name="x974">838.72dp</dimen>
    <dimen name="x975">839.58dp</dimen>
    <dimen name="x976">840.44dp</dimen>
    <dimen name="x977">841.31dp</dimen>
    <dimen name="x978">842.17dp</dimen>
    <dimen name="x979">843.03dp</dimen>
    <dimen name="x980">843.89dp</dimen>
    <dimen name="x981">844.75dp</dimen>
    <dimen name="x982">845.61dp</dimen>
    <dimen name="x983">846.47dp</dimen>
    <dimen name="x984">847.33dp</dimen>
    <dimen name="x985">848.19dp</dimen>
    <dimen name="x986">849.06dp</dimen>
    <dimen name="x987">849.92dp</dimen>
    <dimen name="x988">850.78dp</dimen>
    <dimen name="x989">851.64dp</dimen>
    <dimen name="x990">852.50dp</dimen>
    <dimen name="x991">853.36dp</dimen>
    <dimen name="x992">854.22dp</dimen>
    <dimen name="x993">855.08dp</dimen>
    <dimen name="x994">855.94dp</dimen>
    <dimen name="x995">856.81dp</dimen>
    <dimen name="x996">857.67dp</dimen>
    <dimen name="x997">858.53dp</dimen>
    <dimen name="x998">859.39dp</dimen>
    <dimen name="x999">860.25dp</dimen>
    <dimen name="x1000">861.11dp</dimen>
    <dimen name="x1001">861.97dp</dimen>
    <dimen name="x1002">862.83dp</dimen>
    <dimen name="x1003">863.69dp</dimen>
    <dimen name="x1004">864.56dp</dimen>
    <dimen name="x1005">865.42dp</dimen>
    <dimen name="x1006">866.28dp</dimen>
    <dimen name="x1007">867.14dp</dimen>
    <dimen name="x1008">868.00dp</dimen>
    <dimen name="x1009">868.86dp</dimen>
    <dimen name="x1010">869.72dp</dimen>
    <dimen name="x1011">870.58dp</dimen>
    <dimen name="x1012">871.44dp</dimen>
    <dimen name="x1013">872.31dp</dimen>
    <dimen name="x1014">873.17dp</dimen>
    <dimen name="x1015">874.03dp</dimen>
    <dimen name="x1016">874.89dp</dimen>
    <dimen name="x1017">875.75dp</dimen>
    <dimen name="x1018">876.61dp</dimen>
    <dimen name="x1019">877.47dp</dimen>
    <dimen name="x1020">878.33dp</dimen>
    <dimen name="x1021">879.19dp</dimen>
    <dimen name="x1022">880.06dp</dimen>
    <dimen name="x1023">880.92dp</dimen>
    <dimen name="x1024">881.78dp</dimen>
    <dimen name="x1025">882.64dp</dimen>
    <dimen name="x1026">883.50dp</dimen>
    <dimen name="x1027">884.36dp</dimen>
    <dimen name="x1028">885.22dp</dimen>
    <dimen name="x1029">886.08dp</dimen>
    <dimen name="x1030">886.94dp</dimen>
    <dimen name="x1031">887.81dp</dimen>
    <dimen name="x1032">888.67dp</dimen>
    <dimen name="x1033">889.53dp</dimen>
    <dimen name="x1034">890.39dp</dimen>
    <dimen name="x1035">891.25dp</dimen>
    <dimen name="x1036">892.11dp</dimen>
    <dimen name="x1037">892.97dp</dimen>
    <dimen name="x1038">893.83dp</dimen>
    <dimen name="x1039">894.69dp</dimen>
    <dimen name="x1040">895.56dp</dimen>
    <dimen name="x1041">896.42dp</dimen>
    <dimen name="x1042">897.28dp</dimen>
    <dimen name="x1043">898.14dp</dimen>
    <dimen name="x1044">899.00dp</dimen>
    <dimen name="x1045">899.86dp</dimen>
    <dimen name="x1046">900.72dp</dimen>
    <dimen name="x1047">901.58dp</dimen>
    <dimen name="x1048">902.44dp</dimen>
    <dimen name="x1049">903.31dp</dimen>
    <dimen name="x1050">904.17dp</dimen>
    <dimen name="x1051">905.03dp</dimen>
    <dimen name="x1052">905.89dp</dimen>
    <dimen name="x1053">906.75dp</dimen>
    <dimen name="x1054">907.61dp</dimen>
    <dimen name="x1055">908.47dp</dimen>
    <dimen name="x1056">909.33dp</dimen>
    <dimen name="x1057">910.19dp</dimen>
    <dimen name="x1058">911.06dp</dimen>
    <dimen name="x1059">911.92dp</dimen>
    <dimen name="x1060">912.78dp</dimen>
    <dimen name="x1061">913.64dp</dimen>
    <dimen name="x1062">914.50dp</dimen>
    <dimen name="x1063">915.36dp</dimen>
    <dimen name="x1064">916.22dp</dimen>
    <dimen name="x1065">917.08dp</dimen>
    <dimen name="x1066">917.94dp</dimen>
    <dimen name="x1067">918.81dp</dimen>
    <dimen name="x1068">919.67dp</dimen>
    <dimen name="x1069">920.53dp</dimen>
    <dimen name="x1070">921.39dp</dimen>
    <dimen name="x1071">922.25dp</dimen>
    <dimen name="x1072">923.11dp</dimen>
    <dimen name="x1073">923.97dp</dimen>
    <dimen name="x1074">924.83dp</dimen>
    <dimen name="x1075">925.69dp</dimen>
    <dimen name="x1076">926.56dp</dimen>
    <dimen name="x1077">927.42dp</dimen>
    <dimen name="x1078">928.28dp</dimen>
    <dimen name="x1079">929.14dp</dimen>
    <dimen name="x1080">930.00dp</dimen>
</resources>