<?xml version="1.0" encoding="utf-8"?>
<resources>
    <string name="sw_dp">1520dp</string>
    <dimen name="x1">1.41dp</dimen>
    <dimen name="x2">2.81dp</dimen>
    <dimen name="x3">4.22dp</dimen>
    <dimen name="x4">5.63dp</dimen>
    <dimen name="x5">7.04dp</dimen>
    <dimen name="x6">8.44dp</dimen>
    <dimen name="x7">9.85dp</dimen>
    <dimen name="x8">11.26dp</dimen>
    <dimen name="x9">12.67dp</dimen>
    <dimen name="x10">14.07dp</dimen>
    <dimen name="x11">15.48dp</dimen>
    <dimen name="x12">16.89dp</dimen>
    <dimen name="x13">18.30dp</dimen>
    <dimen name="x14">19.70dp</dimen>
    <dimen name="x15">21.11dp</dimen>
    <dimen name="x16">22.52dp</dimen>
    <dimen name="x17">23.93dp</dimen>
    <dimen name="x18">25.33dp</dimen>
    <dimen name="x19">26.74dp</dimen>
    <dimen name="x20">28.15dp</dimen>
    <dimen name="x21">29.56dp</dimen>
    <dimen name="x22">30.96dp</dimen>
    <dimen name="x23">32.37dp</dimen>
    <dimen name="x24">33.78dp</dimen>
    <dimen name="x25">35.19dp</dimen>
    <dimen name="x26">36.59dp</dimen>
    <dimen name="x27">38.00dp</dimen>
    <dimen name="x28">39.41dp</dimen>
    <dimen name="x29">40.81dp</dimen>
    <dimen name="x30">42.22dp</dimen>
    <dimen name="x31">43.63dp</dimen>
    <dimen name="x32">45.04dp</dimen>
    <dimen name="x33">46.44dp</dimen>
    <dimen name="x34">47.85dp</dimen>
    <dimen name="x35">49.26dp</dimen>
    <dimen name="x36">50.67dp</dimen>
    <dimen name="x37">52.07dp</dimen>
    <dimen name="x38">53.48dp</dimen>
    <dimen name="x39">54.89dp</dimen>
    <dimen name="x40">56.30dp</dimen>
    <dimen name="x41">57.70dp</dimen>
    <dimen name="x42">59.11dp</dimen>
    <dimen name="x43">60.52dp</dimen>
    <dimen name="x44">61.93dp</dimen>
    <dimen name="x45">63.33dp</dimen>
    <dimen name="x46">64.74dp</dimen>
    <dimen name="x47">66.15dp</dimen>
    <dimen name="x48">67.56dp</dimen>
    <dimen name="x49">68.96dp</dimen>
    <dimen name="x50">70.37dp</dimen>
    <dimen name="x51">71.78dp</dimen>
    <dimen name="x52">73.19dp</dimen>
    <dimen name="x53">74.59dp</dimen>
    <dimen name="x54">76.00dp</dimen>
    <dimen name="x55">77.41dp</dimen>
    <dimen name="x56">78.81dp</dimen>
    <dimen name="x57">80.22dp</dimen>
    <dimen name="x58">81.63dp</dimen>
    <dimen name="x59">83.04dp</dimen>
    <dimen name="x60">84.44dp</dimen>
    <dimen name="x61">85.85dp</dimen>
    <dimen name="x62">87.26dp</dimen>
    <dimen name="x63">88.67dp</dimen>
    <dimen name="x64">90.07dp</dimen>
    <dimen name="x65">91.48dp</dimen>
    <dimen name="x66">92.89dp</dimen>
    <dimen name="x67">94.30dp</dimen>
    <dimen name="x68">95.70dp</dimen>
    <dimen name="x69">97.11dp</dimen>
    <dimen name="x70">98.52dp</dimen>
    <dimen name="x71">99.93dp</dimen>
    <dimen name="x72">101.33dp</dimen>
    <dimen name="x73">102.74dp</dimen>
    <dimen name="x74">104.15dp</dimen>
    <dimen name="x75">105.56dp</dimen>
    <dimen name="x76">106.96dp</dimen>
    <dimen name="x77">108.37dp</dimen>
    <dimen name="x78">109.78dp</dimen>
    <dimen name="x79">111.19dp</dimen>
    <dimen name="x80">112.59dp</dimen>
    <dimen name="x81">114.00dp</dimen>
    <dimen name="x82">115.41dp</dimen>
    <dimen name="x83">116.81dp</dimen>
    <dimen name="x84">118.22dp</dimen>
    <dimen name="x85">119.63dp</dimen>
    <dimen name="x86">121.04dp</dimen>
    <dimen name="x87">122.44dp</dimen>
    <dimen name="x88">123.85dp</dimen>
    <dimen name="x89">125.26dp</dimen>
    <dimen name="x90">126.67dp</dimen>
    <dimen name="x91">128.07dp</dimen>
    <dimen name="x92">129.48dp</dimen>
    <dimen name="x93">130.89dp</dimen>
    <dimen name="x94">132.30dp</dimen>
    <dimen name="x95">133.70dp</dimen>
    <dimen name="x96">135.11dp</dimen>
    <dimen name="x97">136.52dp</dimen>
    <dimen name="x98">137.93dp</dimen>
    <dimen name="x99">139.33dp</dimen>
    <dimen name="x100">140.74dp</dimen>
    <dimen name="x101">142.15dp</dimen>
    <dimen name="x102">143.56dp</dimen>
    <dimen name="x103">144.96dp</dimen>
    <dimen name="x104">146.37dp</dimen>
    <dimen name="x105">147.78dp</dimen>
    <dimen name="x106">149.19dp</dimen>
    <dimen name="x107">150.59dp</dimen>
    <dimen name="x108">152.00dp</dimen>
    <dimen name="x109">153.41dp</dimen>
    <dimen name="x110">154.81dp</dimen>
    <dimen name="x111">156.22dp</dimen>
    <dimen name="x112">157.63dp</dimen>
    <dimen name="x113">159.04dp</dimen>
    <dimen name="x114">160.44dp</dimen>
    <dimen name="x115">161.85dp</dimen>
    <dimen name="x116">163.26dp</dimen>
    <dimen name="x117">164.67dp</dimen>
    <dimen name="x118">166.07dp</dimen>
    <dimen name="x119">167.48dp</dimen>
    <dimen name="x120">168.89dp</dimen>
    <dimen name="x121">170.30dp</dimen>
    <dimen name="x122">171.70dp</dimen>
    <dimen name="x123">173.11dp</dimen>
    <dimen name="x124">174.52dp</dimen>
    <dimen name="x125">175.93dp</dimen>
    <dimen name="x126">177.33dp</dimen>
    <dimen name="x127">178.74dp</dimen>
    <dimen name="x128">180.15dp</dimen>
    <dimen name="x129">181.56dp</dimen>
    <dimen name="x130">182.96dp</dimen>
    <dimen name="x131">184.37dp</dimen>
    <dimen name="x132">185.78dp</dimen>
    <dimen name="x133">187.19dp</dimen>
    <dimen name="x134">188.59dp</dimen>
    <dimen name="x135">190.00dp</dimen>
    <dimen name="x136">191.41dp</dimen>
    <dimen name="x137">192.81dp</dimen>
    <dimen name="x138">194.22dp</dimen>
    <dimen name="x139">195.63dp</dimen>
    <dimen name="x140">197.04dp</dimen>
    <dimen name="x141">198.44dp</dimen>
    <dimen name="x142">199.85dp</dimen>
    <dimen name="x143">201.26dp</dimen>
    <dimen name="x144">202.67dp</dimen>
    <dimen name="x145">204.07dp</dimen>
    <dimen name="x146">205.48dp</dimen>
    <dimen name="x147">206.89dp</dimen>
    <dimen name="x148">208.30dp</dimen>
    <dimen name="x149">209.70dp</dimen>
    <dimen name="x150">211.11dp</dimen>
    <dimen name="x151">212.52dp</dimen>
    <dimen name="x152">213.93dp</dimen>
    <dimen name="x153">215.33dp</dimen>
    <dimen name="x154">216.74dp</dimen>
    <dimen name="x155">218.15dp</dimen>
    <dimen name="x156">219.56dp</dimen>
    <dimen name="x157">220.96dp</dimen>
    <dimen name="x158">222.37dp</dimen>
    <dimen name="x159">223.78dp</dimen>
    <dimen name="x160">225.19dp</dimen>
    <dimen name="x161">226.59dp</dimen>
    <dimen name="x162">228.00dp</dimen>
    <dimen name="x163">229.41dp</dimen>
    <dimen name="x164">230.81dp</dimen>
    <dimen name="x165">232.22dp</dimen>
    <dimen name="x166">233.63dp</dimen>
    <dimen name="x167">235.04dp</dimen>
    <dimen name="x168">236.44dp</dimen>
    <dimen name="x169">237.85dp</dimen>
    <dimen name="x170">239.26dp</dimen>
    <dimen name="x171">240.67dp</dimen>
    <dimen name="x172">242.07dp</dimen>
    <dimen name="x173">243.48dp</dimen>
    <dimen name="x174">244.89dp</dimen>
    <dimen name="x175">246.30dp</dimen>
    <dimen name="x176">247.70dp</dimen>
    <dimen name="x177">249.11dp</dimen>
    <dimen name="x178">250.52dp</dimen>
    <dimen name="x179">251.93dp</dimen>
    <dimen name="x180">253.33dp</dimen>
    <dimen name="x181">254.74dp</dimen>
    <dimen name="x182">256.15dp</dimen>
    <dimen name="x183">257.56dp</dimen>
    <dimen name="x184">258.96dp</dimen>
    <dimen name="x185">260.37dp</dimen>
    <dimen name="x186">261.78dp</dimen>
    <dimen name="x187">263.19dp</dimen>
    <dimen name="x188">264.59dp</dimen>
    <dimen name="x189">266.00dp</dimen>
    <dimen name="x190">267.41dp</dimen>
    <dimen name="x191">268.81dp</dimen>
    <dimen name="x192">270.22dp</dimen>
    <dimen name="x193">271.63dp</dimen>
    <dimen name="x194">273.04dp</dimen>
    <dimen name="x195">274.44dp</dimen>
    <dimen name="x196">275.85dp</dimen>
    <dimen name="x197">277.26dp</dimen>
    <dimen name="x198">278.67dp</dimen>
    <dimen name="x199">280.07dp</dimen>
    <dimen name="x200">281.48dp</dimen>
    <dimen name="x201">282.89dp</dimen>
    <dimen name="x202">284.30dp</dimen>
    <dimen name="x203">285.70dp</dimen>
    <dimen name="x204">287.11dp</dimen>
    <dimen name="x205">288.52dp</dimen>
    <dimen name="x206">289.93dp</dimen>
    <dimen name="x207">291.33dp</dimen>
    <dimen name="x208">292.74dp</dimen>
    <dimen name="x209">294.15dp</dimen>
    <dimen name="x210">295.56dp</dimen>
    <dimen name="x211">296.96dp</dimen>
    <dimen name="x212">298.37dp</dimen>
    <dimen name="x213">299.78dp</dimen>
    <dimen name="x214">301.19dp</dimen>
    <dimen name="x215">302.59dp</dimen>
    <dimen name="x216">304.00dp</dimen>
    <dimen name="x217">305.41dp</dimen>
    <dimen name="x218">306.81dp</dimen>
    <dimen name="x219">308.22dp</dimen>
    <dimen name="x220">309.63dp</dimen>
    <dimen name="x221">311.04dp</dimen>
    <dimen name="x222">312.44dp</dimen>
    <dimen name="x223">313.85dp</dimen>
    <dimen name="x224">315.26dp</dimen>
    <dimen name="x225">316.67dp</dimen>
    <dimen name="x226">318.07dp</dimen>
    <dimen name="x227">319.48dp</dimen>
    <dimen name="x228">320.89dp</dimen>
    <dimen name="x229">322.30dp</dimen>
    <dimen name="x230">323.70dp</dimen>
    <dimen name="x231">325.11dp</dimen>
    <dimen name="x232">326.52dp</dimen>
    <dimen name="x233">327.93dp</dimen>
    <dimen name="x234">329.33dp</dimen>
    <dimen name="x235">330.74dp</dimen>
    <dimen name="x236">332.15dp</dimen>
    <dimen name="x237">333.56dp</dimen>
    <dimen name="x238">334.96dp</dimen>
    <dimen name="x239">336.37dp</dimen>
    <dimen name="x240">337.78dp</dimen>
    <dimen name="x241">339.19dp</dimen>
    <dimen name="x242">340.59dp</dimen>
    <dimen name="x243">342.00dp</dimen>
    <dimen name="x244">343.41dp</dimen>
    <dimen name="x245">344.81dp</dimen>
    <dimen name="x246">346.22dp</dimen>
    <dimen name="x247">347.63dp</dimen>
    <dimen name="x248">349.04dp</dimen>
    <dimen name="x249">350.44dp</dimen>
    <dimen name="x250">351.85dp</dimen>
    <dimen name="x251">353.26dp</dimen>
    <dimen name="x252">354.67dp</dimen>
    <dimen name="x253">356.07dp</dimen>
    <dimen name="x254">357.48dp</dimen>
    <dimen name="x255">358.89dp</dimen>
    <dimen name="x256">360.30dp</dimen>
    <dimen name="x257">361.70dp</dimen>
    <dimen name="x258">363.11dp</dimen>
    <dimen name="x259">364.52dp</dimen>
    <dimen name="x260">365.93dp</dimen>
    <dimen name="x261">367.33dp</dimen>
    <dimen name="x262">368.74dp</dimen>
    <dimen name="x263">370.15dp</dimen>
    <dimen name="x264">371.56dp</dimen>
    <dimen name="x265">372.96dp</dimen>
    <dimen name="x266">374.37dp</dimen>
    <dimen name="x267">375.78dp</dimen>
    <dimen name="x268">377.19dp</dimen>
    <dimen name="x269">378.59dp</dimen>
    <dimen name="x270">380.00dp</dimen>
    <dimen name="x271">381.41dp</dimen>
    <dimen name="x272">382.81dp</dimen>
    <dimen name="x273">384.22dp</dimen>
    <dimen name="x274">385.63dp</dimen>
    <dimen name="x275">387.04dp</dimen>
    <dimen name="x276">388.44dp</dimen>
    <dimen name="x277">389.85dp</dimen>
    <dimen name="x278">391.26dp</dimen>
    <dimen name="x279">392.67dp</dimen>
    <dimen name="x280">394.07dp</dimen>
    <dimen name="x281">395.48dp</dimen>
    <dimen name="x282">396.89dp</dimen>
    <dimen name="x283">398.30dp</dimen>
    <dimen name="x284">399.70dp</dimen>
    <dimen name="x285">401.11dp</dimen>
    <dimen name="x286">402.52dp</dimen>
    <dimen name="x287">403.93dp</dimen>
    <dimen name="x288">405.33dp</dimen>
    <dimen name="x289">406.74dp</dimen>
    <dimen name="x290">408.15dp</dimen>
    <dimen name="x291">409.56dp</dimen>
    <dimen name="x292">410.96dp</dimen>
    <dimen name="x293">412.37dp</dimen>
    <dimen name="x294">413.78dp</dimen>
    <dimen name="x295">415.19dp</dimen>
    <dimen name="x296">416.59dp</dimen>
    <dimen name="x297">418.00dp</dimen>
    <dimen name="x298">419.41dp</dimen>
    <dimen name="x299">420.81dp</dimen>
    <dimen name="x300">422.22dp</dimen>
    <dimen name="x301">423.63dp</dimen>
    <dimen name="x302">425.04dp</dimen>
    <dimen name="x303">426.44dp</dimen>
    <dimen name="x304">427.85dp</dimen>
    <dimen name="x305">429.26dp</dimen>
    <dimen name="x306">430.67dp</dimen>
    <dimen name="x307">432.07dp</dimen>
    <dimen name="x308">433.48dp</dimen>
    <dimen name="x309">434.89dp</dimen>
    <dimen name="x310">436.30dp</dimen>
    <dimen name="x311">437.70dp</dimen>
    <dimen name="x312">439.11dp</dimen>
    <dimen name="x313">440.52dp</dimen>
    <dimen name="x314">441.93dp</dimen>
    <dimen name="x315">443.33dp</dimen>
    <dimen name="x316">444.74dp</dimen>
    <dimen name="x317">446.15dp</dimen>
    <dimen name="x318">447.56dp</dimen>
    <dimen name="x319">448.96dp</dimen>
    <dimen name="x320">450.37dp</dimen>
    <dimen name="x321">451.78dp</dimen>
    <dimen name="x322">453.19dp</dimen>
    <dimen name="x323">454.59dp</dimen>
    <dimen name="x324">456.00dp</dimen>
    <dimen name="x325">457.41dp</dimen>
    <dimen name="x326">458.81dp</dimen>
    <dimen name="x327">460.22dp</dimen>
    <dimen name="x328">461.63dp</dimen>
    <dimen name="x329">463.04dp</dimen>
    <dimen name="x330">464.44dp</dimen>
    <dimen name="x331">465.85dp</dimen>
    <dimen name="x332">467.26dp</dimen>
    <dimen name="x333">468.67dp</dimen>
    <dimen name="x334">470.07dp</dimen>
    <dimen name="x335">471.48dp</dimen>
    <dimen name="x336">472.89dp</dimen>
    <dimen name="x337">474.30dp</dimen>
    <dimen name="x338">475.70dp</dimen>
    <dimen name="x339">477.11dp</dimen>
    <dimen name="x340">478.52dp</dimen>
    <dimen name="x341">479.93dp</dimen>
    <dimen name="x342">481.33dp</dimen>
    <dimen name="x343">482.74dp</dimen>
    <dimen name="x344">484.15dp</dimen>
    <dimen name="x345">485.56dp</dimen>
    <dimen name="x346">486.96dp</dimen>
    <dimen name="x347">488.37dp</dimen>
    <dimen name="x348">489.78dp</dimen>
    <dimen name="x349">491.19dp</dimen>
    <dimen name="x350">492.59dp</dimen>
    <dimen name="x351">494.00dp</dimen>
    <dimen name="x352">495.41dp</dimen>
    <dimen name="x353">496.81dp</dimen>
    <dimen name="x354">498.22dp</dimen>
    <dimen name="x355">499.63dp</dimen>
    <dimen name="x356">501.04dp</dimen>
    <dimen name="x357">502.44dp</dimen>
    <dimen name="x358">503.85dp</dimen>
    <dimen name="x359">505.26dp</dimen>
    <dimen name="x360">506.67dp</dimen>
    <dimen name="x361">508.07dp</dimen>
    <dimen name="x362">509.48dp</dimen>
    <dimen name="x363">510.89dp</dimen>
    <dimen name="x364">512.30dp</dimen>
    <dimen name="x365">513.70dp</dimen>
    <dimen name="x366">515.11dp</dimen>
    <dimen name="x367">516.52dp</dimen>
    <dimen name="x368">517.93dp</dimen>
    <dimen name="x369">519.33dp</dimen>
    <dimen name="x370">520.74dp</dimen>
    <dimen name="x371">522.15dp</dimen>
    <dimen name="x372">523.56dp</dimen>
    <dimen name="x373">524.96dp</dimen>
    <dimen name="x374">526.37dp</dimen>
    <dimen name="x375">527.78dp</dimen>
    <dimen name="x376">529.19dp</dimen>
    <dimen name="x377">530.59dp</dimen>
    <dimen name="x378">532.00dp</dimen>
    <dimen name="x379">533.41dp</dimen>
    <dimen name="x380">534.81dp</dimen>
    <dimen name="x381">536.22dp</dimen>
    <dimen name="x382">537.63dp</dimen>
    <dimen name="x383">539.04dp</dimen>
    <dimen name="x384">540.44dp</dimen>
    <dimen name="x385">541.85dp</dimen>
    <dimen name="x386">543.26dp</dimen>
    <dimen name="x387">544.67dp</dimen>
    <dimen name="x388">546.07dp</dimen>
    <dimen name="x389">547.48dp</dimen>
    <dimen name="x390">548.89dp</dimen>
    <dimen name="x391">550.30dp</dimen>
    <dimen name="x392">551.70dp</dimen>
    <dimen name="x393">553.11dp</dimen>
    <dimen name="x394">554.52dp</dimen>
    <dimen name="x395">555.93dp</dimen>
    <dimen name="x396">557.33dp</dimen>
    <dimen name="x397">558.74dp</dimen>
    <dimen name="x398">560.15dp</dimen>
    <dimen name="x399">561.56dp</dimen>
    <dimen name="x400">562.96dp</dimen>
    <dimen name="x401">564.37dp</dimen>
    <dimen name="x402">565.78dp</dimen>
    <dimen name="x403">567.19dp</dimen>
    <dimen name="x404">568.59dp</dimen>
    <dimen name="x405">570.00dp</dimen>
    <dimen name="x406">571.41dp</dimen>
    <dimen name="x407">572.81dp</dimen>
    <dimen name="x408">574.22dp</dimen>
    <dimen name="x409">575.63dp</dimen>
    <dimen name="x410">577.04dp</dimen>
    <dimen name="x411">578.44dp</dimen>
    <dimen name="x412">579.85dp</dimen>
    <dimen name="x413">581.26dp</dimen>
    <dimen name="x414">582.67dp</dimen>
    <dimen name="x415">584.07dp</dimen>
    <dimen name="x416">585.48dp</dimen>
    <dimen name="x417">586.89dp</dimen>
    <dimen name="x418">588.30dp</dimen>
    <dimen name="x419">589.70dp</dimen>
    <dimen name="x420">591.11dp</dimen>
    <dimen name="x421">592.52dp</dimen>
    <dimen name="x422">593.93dp</dimen>
    <dimen name="x423">595.33dp</dimen>
    <dimen name="x424">596.74dp</dimen>
    <dimen name="x425">598.15dp</dimen>
    <dimen name="x426">599.56dp</dimen>
    <dimen name="x427">600.96dp</dimen>
    <dimen name="x428">602.37dp</dimen>
    <dimen name="x429">603.78dp</dimen>
    <dimen name="x430">605.19dp</dimen>
    <dimen name="x431">606.59dp</dimen>
    <dimen name="x432">608.00dp</dimen>
    <dimen name="x433">609.41dp</dimen>
    <dimen name="x434">610.81dp</dimen>
    <dimen name="x435">612.22dp</dimen>
    <dimen name="x436">613.63dp</dimen>
    <dimen name="x437">615.04dp</dimen>
    <dimen name="x438">616.44dp</dimen>
    <dimen name="x439">617.85dp</dimen>
    <dimen name="x440">619.26dp</dimen>
    <dimen name="x441">620.67dp</dimen>
    <dimen name="x442">622.07dp</dimen>
    <dimen name="x443">623.48dp</dimen>
    <dimen name="x444">624.89dp</dimen>
    <dimen name="x445">626.30dp</dimen>
    <dimen name="x446">627.70dp</dimen>
    <dimen name="x447">629.11dp</dimen>
    <dimen name="x448">630.52dp</dimen>
    <dimen name="x449">631.93dp</dimen>
    <dimen name="x450">633.33dp</dimen>
    <dimen name="x451">634.74dp</dimen>
    <dimen name="x452">636.15dp</dimen>
    <dimen name="x453">637.56dp</dimen>
    <dimen name="x454">638.96dp</dimen>
    <dimen name="x455">640.37dp</dimen>
    <dimen name="x456">641.78dp</dimen>
    <dimen name="x457">643.19dp</dimen>
    <dimen name="x458">644.59dp</dimen>
    <dimen name="x459">646.00dp</dimen>
    <dimen name="x460">647.41dp</dimen>
    <dimen name="x461">648.81dp</dimen>
    <dimen name="x462">650.22dp</dimen>
    <dimen name="x463">651.63dp</dimen>
    <dimen name="x464">653.04dp</dimen>
    <dimen name="x465">654.44dp</dimen>
    <dimen name="x466">655.85dp</dimen>
    <dimen name="x467">657.26dp</dimen>
    <dimen name="x468">658.67dp</dimen>
    <dimen name="x469">660.07dp</dimen>
    <dimen name="x470">661.48dp</dimen>
    <dimen name="x471">662.89dp</dimen>
    <dimen name="x472">664.30dp</dimen>
    <dimen name="x473">665.70dp</dimen>
    <dimen name="x474">667.11dp</dimen>
    <dimen name="x475">668.52dp</dimen>
    <dimen name="x476">669.93dp</dimen>
    <dimen name="x477">671.33dp</dimen>
    <dimen name="x478">672.74dp</dimen>
    <dimen name="x479">674.15dp</dimen>
    <dimen name="x480">675.56dp</dimen>
    <dimen name="x481">676.96dp</dimen>
    <dimen name="x482">678.37dp</dimen>
    <dimen name="x483">679.78dp</dimen>
    <dimen name="x484">681.19dp</dimen>
    <dimen name="x485">682.59dp</dimen>
    <dimen name="x486">684.00dp</dimen>
    <dimen name="x487">685.41dp</dimen>
    <dimen name="x488">686.81dp</dimen>
    <dimen name="x489">688.22dp</dimen>
    <dimen name="x490">689.63dp</dimen>
    <dimen name="x491">691.04dp</dimen>
    <dimen name="x492">692.44dp</dimen>
    <dimen name="x493">693.85dp</dimen>
    <dimen name="x494">695.26dp</dimen>
    <dimen name="x495">696.67dp</dimen>
    <dimen name="x496">698.07dp</dimen>
    <dimen name="x497">699.48dp</dimen>
    <dimen name="x498">700.89dp</dimen>
    <dimen name="x499">702.30dp</dimen>
    <dimen name="x500">703.70dp</dimen>
    <dimen name="x501">705.11dp</dimen>
    <dimen name="x502">706.52dp</dimen>
    <dimen name="x503">707.93dp</dimen>
    <dimen name="x504">709.33dp</dimen>
    <dimen name="x505">710.74dp</dimen>
    <dimen name="x506">712.15dp</dimen>
    <dimen name="x507">713.56dp</dimen>
    <dimen name="x508">714.96dp</dimen>
    <dimen name="x509">716.37dp</dimen>
    <dimen name="x510">717.78dp</dimen>
    <dimen name="x511">719.19dp</dimen>
    <dimen name="x512">720.59dp</dimen>
    <dimen name="x513">722.00dp</dimen>
    <dimen name="x514">723.41dp</dimen>
    <dimen name="x515">724.81dp</dimen>
    <dimen name="x516">726.22dp</dimen>
    <dimen name="x517">727.63dp</dimen>
    <dimen name="x518">729.04dp</dimen>
    <dimen name="x519">730.44dp</dimen>
    <dimen name="x520">731.85dp</dimen>
    <dimen name="x521">733.26dp</dimen>
    <dimen name="x522">734.67dp</dimen>
    <dimen name="x523">736.07dp</dimen>
    <dimen name="x524">737.48dp</dimen>
    <dimen name="x525">738.89dp</dimen>
    <dimen name="x526">740.30dp</dimen>
    <dimen name="x527">741.70dp</dimen>
    <dimen name="x528">743.11dp</dimen>
    <dimen name="x529">744.52dp</dimen>
    <dimen name="x530">745.93dp</dimen>
    <dimen name="x531">747.33dp</dimen>
    <dimen name="x532">748.74dp</dimen>
    <dimen name="x533">750.15dp</dimen>
    <dimen name="x534">751.56dp</dimen>
    <dimen name="x535">752.96dp</dimen>
    <dimen name="x536">754.37dp</dimen>
    <dimen name="x537">755.78dp</dimen>
    <dimen name="x538">757.19dp</dimen>
    <dimen name="x539">758.59dp</dimen>
    <dimen name="x540">760.00dp</dimen>
    <dimen name="x541">761.41dp</dimen>
    <dimen name="x542">762.81dp</dimen>
    <dimen name="x543">764.22dp</dimen>
    <dimen name="x544">765.63dp</dimen>
    <dimen name="x545">767.04dp</dimen>
    <dimen name="x546">768.44dp</dimen>
    <dimen name="x547">769.85dp</dimen>
    <dimen name="x548">771.26dp</dimen>
    <dimen name="x549">772.67dp</dimen>
    <dimen name="x550">774.07dp</dimen>
    <dimen name="x551">775.48dp</dimen>
    <dimen name="x552">776.89dp</dimen>
    <dimen name="x553">778.30dp</dimen>
    <dimen name="x554">779.70dp</dimen>
    <dimen name="x555">781.11dp</dimen>
    <dimen name="x556">782.52dp</dimen>
    <dimen name="x557">783.93dp</dimen>
    <dimen name="x558">785.33dp</dimen>
    <dimen name="x559">786.74dp</dimen>
    <dimen name="x560">788.15dp</dimen>
    <dimen name="x561">789.56dp</dimen>
    <dimen name="x562">790.96dp</dimen>
    <dimen name="x563">792.37dp</dimen>
    <dimen name="x564">793.78dp</dimen>
    <dimen name="x565">795.19dp</dimen>
    <dimen name="x566">796.59dp</dimen>
    <dimen name="x567">798.00dp</dimen>
    <dimen name="x568">799.41dp</dimen>
    <dimen name="x569">800.81dp</dimen>
    <dimen name="x570">802.22dp</dimen>
    <dimen name="x571">803.63dp</dimen>
    <dimen name="x572">805.04dp</dimen>
    <dimen name="x573">806.44dp</dimen>
    <dimen name="x574">807.85dp</dimen>
    <dimen name="x575">809.26dp</dimen>
    <dimen name="x576">810.67dp</dimen>
    <dimen name="x577">812.07dp</dimen>
    <dimen name="x578">813.48dp</dimen>
    <dimen name="x579">814.89dp</dimen>
    <dimen name="x580">816.30dp</dimen>
    <dimen name="x581">817.70dp</dimen>
    <dimen name="x582">819.11dp</dimen>
    <dimen name="x583">820.52dp</dimen>
    <dimen name="x584">821.93dp</dimen>
    <dimen name="x585">823.33dp</dimen>
    <dimen name="x586">824.74dp</dimen>
    <dimen name="x587">826.15dp</dimen>
    <dimen name="x588">827.56dp</dimen>
    <dimen name="x589">828.96dp</dimen>
    <dimen name="x590">830.37dp</dimen>
    <dimen name="x591">831.78dp</dimen>
    <dimen name="x592">833.19dp</dimen>
    <dimen name="x593">834.59dp</dimen>
    <dimen name="x594">836.00dp</dimen>
    <dimen name="x595">837.41dp</dimen>
    <dimen name="x596">838.81dp</dimen>
    <dimen name="x597">840.22dp</dimen>
    <dimen name="x598">841.63dp</dimen>
    <dimen name="x599">843.04dp</dimen>
    <dimen name="x600">844.44dp</dimen>
    <dimen name="x601">845.85dp</dimen>
    <dimen name="x602">847.26dp</dimen>
    <dimen name="x603">848.67dp</dimen>
    <dimen name="x604">850.07dp</dimen>
    <dimen name="x605">851.48dp</dimen>
    <dimen name="x606">852.89dp</dimen>
    <dimen name="x607">854.30dp</dimen>
    <dimen name="x608">855.70dp</dimen>
    <dimen name="x609">857.11dp</dimen>
    <dimen name="x610">858.52dp</dimen>
    <dimen name="x611">859.93dp</dimen>
    <dimen name="x612">861.33dp</dimen>
    <dimen name="x613">862.74dp</dimen>
    <dimen name="x614">864.15dp</dimen>
    <dimen name="x615">865.56dp</dimen>
    <dimen name="x616">866.96dp</dimen>
    <dimen name="x617">868.37dp</dimen>
    <dimen name="x618">869.78dp</dimen>
    <dimen name="x619">871.19dp</dimen>
    <dimen name="x620">872.59dp</dimen>
    <dimen name="x621">874.00dp</dimen>
    <dimen name="x622">875.41dp</dimen>
    <dimen name="x623">876.81dp</dimen>
    <dimen name="x624">878.22dp</dimen>
    <dimen name="x625">879.63dp</dimen>
    <dimen name="x626">881.04dp</dimen>
    <dimen name="x627">882.44dp</dimen>
    <dimen name="x628">883.85dp</dimen>
    <dimen name="x629">885.26dp</dimen>
    <dimen name="x630">886.67dp</dimen>
    <dimen name="x631">888.07dp</dimen>
    <dimen name="x632">889.48dp</dimen>
    <dimen name="x633">890.89dp</dimen>
    <dimen name="x634">892.30dp</dimen>
    <dimen name="x635">893.70dp</dimen>
    <dimen name="x636">895.11dp</dimen>
    <dimen name="x637">896.52dp</dimen>
    <dimen name="x638">897.93dp</dimen>
    <dimen name="x639">899.33dp</dimen>
    <dimen name="x640">900.74dp</dimen>
    <dimen name="x641">902.15dp</dimen>
    <dimen name="x642">903.56dp</dimen>
    <dimen name="x643">904.96dp</dimen>
    <dimen name="x644">906.37dp</dimen>
    <dimen name="x645">907.78dp</dimen>
    <dimen name="x646">909.19dp</dimen>
    <dimen name="x647">910.59dp</dimen>
    <dimen name="x648">912.00dp</dimen>
    <dimen name="x649">913.41dp</dimen>
    <dimen name="x650">914.81dp</dimen>
    <dimen name="x651">916.22dp</dimen>
    <dimen name="x652">917.63dp</dimen>
    <dimen name="x653">919.04dp</dimen>
    <dimen name="x654">920.44dp</dimen>
    <dimen name="x655">921.85dp</dimen>
    <dimen name="x656">923.26dp</dimen>
    <dimen name="x657">924.67dp</dimen>
    <dimen name="x658">926.07dp</dimen>
    <dimen name="x659">927.48dp</dimen>
    <dimen name="x660">928.89dp</dimen>
    <dimen name="x661">930.30dp</dimen>
    <dimen name="x662">931.70dp</dimen>
    <dimen name="x663">933.11dp</dimen>
    <dimen name="x664">934.52dp</dimen>
    <dimen name="x665">935.93dp</dimen>
    <dimen name="x666">937.33dp</dimen>
    <dimen name="x667">938.74dp</dimen>
    <dimen name="x668">940.15dp</dimen>
    <dimen name="x669">941.56dp</dimen>
    <dimen name="x670">942.96dp</dimen>
    <dimen name="x671">944.37dp</dimen>
    <dimen name="x672">945.78dp</dimen>
    <dimen name="x673">947.19dp</dimen>
    <dimen name="x674">948.59dp</dimen>
    <dimen name="x675">950.00dp</dimen>
    <dimen name="x676">951.41dp</dimen>
    <dimen name="x677">952.81dp</dimen>
    <dimen name="x678">954.22dp</dimen>
    <dimen name="x679">955.63dp</dimen>
    <dimen name="x680">957.04dp</dimen>
    <dimen name="x681">958.44dp</dimen>
    <dimen name="x682">959.85dp</dimen>
    <dimen name="x683">961.26dp</dimen>
    <dimen name="x684">962.67dp</dimen>
    <dimen name="x685">964.07dp</dimen>
    <dimen name="x686">965.48dp</dimen>
    <dimen name="x687">966.89dp</dimen>
    <dimen name="x688">968.30dp</dimen>
    <dimen name="x689">969.70dp</dimen>
    <dimen name="x690">971.11dp</dimen>
    <dimen name="x691">972.52dp</dimen>
    <dimen name="x692">973.93dp</dimen>
    <dimen name="x693">975.33dp</dimen>
    <dimen name="x694">976.74dp</dimen>
    <dimen name="x695">978.15dp</dimen>
    <dimen name="x696">979.56dp</dimen>
    <dimen name="x697">980.96dp</dimen>
    <dimen name="x698">982.37dp</dimen>
    <dimen name="x699">983.78dp</dimen>
    <dimen name="x700">985.19dp</dimen>
    <dimen name="x701">986.59dp</dimen>
    <dimen name="x702">988.00dp</dimen>
    <dimen name="x703">989.41dp</dimen>
    <dimen name="x704">990.81dp</dimen>
    <dimen name="x705">992.22dp</dimen>
    <dimen name="x706">993.63dp</dimen>
    <dimen name="x707">995.04dp</dimen>
    <dimen name="x708">996.44dp</dimen>
    <dimen name="x709">997.85dp</dimen>
    <dimen name="x710">999.26dp</dimen>
    <dimen name="x711">1000.67dp</dimen>
    <dimen name="x712">1002.07dp</dimen>
    <dimen name="x713">1003.48dp</dimen>
    <dimen name="x714">1004.89dp</dimen>
    <dimen name="x715">1006.30dp</dimen>
    <dimen name="x716">1007.70dp</dimen>
    <dimen name="x717">1009.11dp</dimen>
    <dimen name="x718">1010.52dp</dimen>
    <dimen name="x719">1011.93dp</dimen>
    <dimen name="x720">1013.33dp</dimen>
    <dimen name="x721">1014.74dp</dimen>
    <dimen name="x722">1016.15dp</dimen>
    <dimen name="x723">1017.56dp</dimen>
    <dimen name="x724">1018.96dp</dimen>
    <dimen name="x725">1020.37dp</dimen>
    <dimen name="x726">1021.78dp</dimen>
    <dimen name="x727">1023.19dp</dimen>
    <dimen name="x728">1024.59dp</dimen>
    <dimen name="x729">1026.00dp</dimen>
    <dimen name="x730">1027.41dp</dimen>
    <dimen name="x731">1028.81dp</dimen>
    <dimen name="x732">1030.22dp</dimen>
    <dimen name="x733">1031.63dp</dimen>
    <dimen name="x734">1033.04dp</dimen>
    <dimen name="x735">1034.44dp</dimen>
    <dimen name="x736">1035.85dp</dimen>
    <dimen name="x737">1037.26dp</dimen>
    <dimen name="x738">1038.67dp</dimen>
    <dimen name="x739">1040.07dp</dimen>
    <dimen name="x740">1041.48dp</dimen>
    <dimen name="x741">1042.89dp</dimen>
    <dimen name="x742">1044.30dp</dimen>
    <dimen name="x743">1045.70dp</dimen>
    <dimen name="x744">1047.11dp</dimen>
    <dimen name="x745">1048.52dp</dimen>
    <dimen name="x746">1049.93dp</dimen>
    <dimen name="x747">1051.33dp</dimen>
    <dimen name="x748">1052.74dp</dimen>
    <dimen name="x749">1054.15dp</dimen>
    <dimen name="x750">1055.56dp</dimen>
    <dimen name="x751">1056.96dp</dimen>
    <dimen name="x752">1058.37dp</dimen>
    <dimen name="x753">1059.78dp</dimen>
    <dimen name="x754">1061.19dp</dimen>
    <dimen name="x755">1062.59dp</dimen>
    <dimen name="x756">1064.00dp</dimen>
    <dimen name="x757">1065.41dp</dimen>
    <dimen name="x758">1066.81dp</dimen>
    <dimen name="x759">1068.22dp</dimen>
    <dimen name="x760">1069.63dp</dimen>
    <dimen name="x761">1071.04dp</dimen>
    <dimen name="x762">1072.44dp</dimen>
    <dimen name="x763">1073.85dp</dimen>
    <dimen name="x764">1075.26dp</dimen>
    <dimen name="x765">1076.67dp</dimen>
    <dimen name="x766">1078.07dp</dimen>
    <dimen name="x767">1079.48dp</dimen>
    <dimen name="x768">1080.89dp</dimen>
    <dimen name="x769">1082.30dp</dimen>
    <dimen name="x770">1083.70dp</dimen>
    <dimen name="x771">1085.11dp</dimen>
    <dimen name="x772">1086.52dp</dimen>
    <dimen name="x773">1087.93dp</dimen>
    <dimen name="x774">1089.33dp</dimen>
    <dimen name="x775">1090.74dp</dimen>
    <dimen name="x776">1092.15dp</dimen>
    <dimen name="x777">1093.56dp</dimen>
    <dimen name="x778">1094.96dp</dimen>
    <dimen name="x779">1096.37dp</dimen>
    <dimen name="x780">1097.78dp</dimen>
    <dimen name="x781">1099.19dp</dimen>
    <dimen name="x782">1100.59dp</dimen>
    <dimen name="x783">1102.00dp</dimen>
    <dimen name="x784">1103.41dp</dimen>
    <dimen name="x785">1104.81dp</dimen>
    <dimen name="x786">1106.22dp</dimen>
    <dimen name="x787">1107.63dp</dimen>
    <dimen name="x788">1109.04dp</dimen>
    <dimen name="x789">1110.44dp</dimen>
    <dimen name="x790">1111.85dp</dimen>
    <dimen name="x791">1113.26dp</dimen>
    <dimen name="x792">1114.67dp</dimen>
    <dimen name="x793">1116.07dp</dimen>
    <dimen name="x794">1117.48dp</dimen>
    <dimen name="x795">1118.89dp</dimen>
    <dimen name="x796">1120.30dp</dimen>
    <dimen name="x797">1121.70dp</dimen>
    <dimen name="x798">1123.11dp</dimen>
    <dimen name="x799">1124.52dp</dimen>
    <dimen name="x800">1125.93dp</dimen>
    <dimen name="x801">1127.33dp</dimen>
    <dimen name="x802">1128.74dp</dimen>
    <dimen name="x803">1130.15dp</dimen>
    <dimen name="x804">1131.56dp</dimen>
    <dimen name="x805">1132.96dp</dimen>
    <dimen name="x806">1134.37dp</dimen>
    <dimen name="x807">1135.78dp</dimen>
    <dimen name="x808">1137.19dp</dimen>
    <dimen name="x809">1138.59dp</dimen>
    <dimen name="x810">1140.00dp</dimen>
    <dimen name="x811">1141.41dp</dimen>
    <dimen name="x812">1142.81dp</dimen>
    <dimen name="x813">1144.22dp</dimen>
    <dimen name="x814">1145.63dp</dimen>
    <dimen name="x815">1147.04dp</dimen>
    <dimen name="x816">1148.44dp</dimen>
    <dimen name="x817">1149.85dp</dimen>
    <dimen name="x818">1151.26dp</dimen>
    <dimen name="x819">1152.67dp</dimen>
    <dimen name="x820">1154.07dp</dimen>
    <dimen name="x821">1155.48dp</dimen>
    <dimen name="x822">1156.89dp</dimen>
    <dimen name="x823">1158.30dp</dimen>
    <dimen name="x824">1159.70dp</dimen>
    <dimen name="x825">1161.11dp</dimen>
    <dimen name="x826">1162.52dp</dimen>
    <dimen name="x827">1163.93dp</dimen>
    <dimen name="x828">1165.33dp</dimen>
    <dimen name="x829">1166.74dp</dimen>
    <dimen name="x830">1168.15dp</dimen>
    <dimen name="x831">1169.56dp</dimen>
    <dimen name="x832">1170.96dp</dimen>
    <dimen name="x833">1172.37dp</dimen>
    <dimen name="x834">1173.78dp</dimen>
    <dimen name="x835">1175.19dp</dimen>
    <dimen name="x836">1176.59dp</dimen>
    <dimen name="x837">1178.00dp</dimen>
    <dimen name="x838">1179.41dp</dimen>
    <dimen name="x839">1180.81dp</dimen>
    <dimen name="x840">1182.22dp</dimen>
    <dimen name="x841">1183.63dp</dimen>
    <dimen name="x842">1185.04dp</dimen>
    <dimen name="x843">1186.44dp</dimen>
    <dimen name="x844">1187.85dp</dimen>
    <dimen name="x845">1189.26dp</dimen>
    <dimen name="x846">1190.67dp</dimen>
    <dimen name="x847">1192.07dp</dimen>
    <dimen name="x848">1193.48dp</dimen>
    <dimen name="x849">1194.89dp</dimen>
    <dimen name="x850">1196.30dp</dimen>
    <dimen name="x851">1197.70dp</dimen>
    <dimen name="x852">1199.11dp</dimen>
    <dimen name="x853">1200.52dp</dimen>
    <dimen name="x854">1201.93dp</dimen>
    <dimen name="x855">1203.33dp</dimen>
    <dimen name="x856">1204.74dp</dimen>
    <dimen name="x857">1206.15dp</dimen>
    <dimen name="x858">1207.56dp</dimen>
    <dimen name="x859">1208.96dp</dimen>
    <dimen name="x860">1210.37dp</dimen>
    <dimen name="x861">1211.78dp</dimen>
    <dimen name="x862">1213.19dp</dimen>
    <dimen name="x863">1214.59dp</dimen>
    <dimen name="x864">1216.00dp</dimen>
    <dimen name="x865">1217.41dp</dimen>
    <dimen name="x866">1218.81dp</dimen>
    <dimen name="x867">1220.22dp</dimen>
    <dimen name="x868">1221.63dp</dimen>
    <dimen name="x869">1223.04dp</dimen>
    <dimen name="x870">1224.44dp</dimen>
    <dimen name="x871">1225.85dp</dimen>
    <dimen name="x872">1227.26dp</dimen>
    <dimen name="x873">1228.67dp</dimen>
    <dimen name="x874">1230.07dp</dimen>
    <dimen name="x875">1231.48dp</dimen>
    <dimen name="x876">1232.89dp</dimen>
    <dimen name="x877">1234.30dp</dimen>
    <dimen name="x878">1235.70dp</dimen>
    <dimen name="x879">1237.11dp</dimen>
    <dimen name="x880">1238.52dp</dimen>
    <dimen name="x881">1239.93dp</dimen>
    <dimen name="x882">1241.33dp</dimen>
    <dimen name="x883">1242.74dp</dimen>
    <dimen name="x884">1244.15dp</dimen>
    <dimen name="x885">1245.56dp</dimen>
    <dimen name="x886">1246.96dp</dimen>
    <dimen name="x887">1248.37dp</dimen>
    <dimen name="x888">1249.78dp</dimen>
    <dimen name="x889">1251.19dp</dimen>
    <dimen name="x890">1252.59dp</dimen>
    <dimen name="x891">1254.00dp</dimen>
    <dimen name="x892">1255.41dp</dimen>
    <dimen name="x893">1256.81dp</dimen>
    <dimen name="x894">1258.22dp</dimen>
    <dimen name="x895">1259.63dp</dimen>
    <dimen name="x896">1261.04dp</dimen>
    <dimen name="x897">1262.44dp</dimen>
    <dimen name="x898">1263.85dp</dimen>
    <dimen name="x899">1265.26dp</dimen>
    <dimen name="x900">1266.67dp</dimen>
    <dimen name="x901">1268.07dp</dimen>
    <dimen name="x902">1269.48dp</dimen>
    <dimen name="x903">1270.89dp</dimen>
    <dimen name="x904">1272.30dp</dimen>
    <dimen name="x905">1273.70dp</dimen>
    <dimen name="x906">1275.11dp</dimen>
    <dimen name="x907">1276.52dp</dimen>
    <dimen name="x908">1277.93dp</dimen>
    <dimen name="x909">1279.33dp</dimen>
    <dimen name="x910">1280.74dp</dimen>
    <dimen name="x911">1282.15dp</dimen>
    <dimen name="x912">1283.56dp</dimen>
    <dimen name="x913">1284.96dp</dimen>
    <dimen name="x914">1286.37dp</dimen>
    <dimen name="x915">1287.78dp</dimen>
    <dimen name="x916">1289.19dp</dimen>
    <dimen name="x917">1290.59dp</dimen>
    <dimen name="x918">1292.00dp</dimen>
    <dimen name="x919">1293.41dp</dimen>
    <dimen name="x920">1294.81dp</dimen>
    <dimen name="x921">1296.22dp</dimen>
    <dimen name="x922">1297.63dp</dimen>
    <dimen name="x923">1299.04dp</dimen>
    <dimen name="x924">1300.44dp</dimen>
    <dimen name="x925">1301.85dp</dimen>
    <dimen name="x926">1303.26dp</dimen>
    <dimen name="x927">1304.67dp</dimen>
    <dimen name="x928">1306.07dp</dimen>
    <dimen name="x929">1307.48dp</dimen>
    <dimen name="x930">1308.89dp</dimen>
    <dimen name="x931">1310.30dp</dimen>
    <dimen name="x932">1311.70dp</dimen>
    <dimen name="x933">1313.11dp</dimen>
    <dimen name="x934">1314.52dp</dimen>
    <dimen name="x935">1315.93dp</dimen>
    <dimen name="x936">1317.33dp</dimen>
    <dimen name="x937">1318.74dp</dimen>
    <dimen name="x938">1320.15dp</dimen>
    <dimen name="x939">1321.56dp</dimen>
    <dimen name="x940">1322.96dp</dimen>
    <dimen name="x941">1324.37dp</dimen>
    <dimen name="x942">1325.78dp</dimen>
    <dimen name="x943">1327.19dp</dimen>
    <dimen name="x944">1328.59dp</dimen>
    <dimen name="x945">1330.00dp</dimen>
    <dimen name="x946">1331.41dp</dimen>
    <dimen name="x947">1332.81dp</dimen>
    <dimen name="x948">1334.22dp</dimen>
    <dimen name="x949">1335.63dp</dimen>
    <dimen name="x950">1337.04dp</dimen>
    <dimen name="x951">1338.44dp</dimen>
    <dimen name="x952">1339.85dp</dimen>
    <dimen name="x953">1341.26dp</dimen>
    <dimen name="x954">1342.67dp</dimen>
    <dimen name="x955">1344.07dp</dimen>
    <dimen name="x956">1345.48dp</dimen>
    <dimen name="x957">1346.89dp</dimen>
    <dimen name="x958">1348.30dp</dimen>
    <dimen name="x959">1349.70dp</dimen>
    <dimen name="x960">1351.11dp</dimen>
    <dimen name="x961">1352.52dp</dimen>
    <dimen name="x962">1353.93dp</dimen>
    <dimen name="x963">1355.33dp</dimen>
    <dimen name="x964">1356.74dp</dimen>
    <dimen name="x965">1358.15dp</dimen>
    <dimen name="x966">1359.56dp</dimen>
    <dimen name="x967">1360.96dp</dimen>
    <dimen name="x968">1362.37dp</dimen>
    <dimen name="x969">1363.78dp</dimen>
    <dimen name="x970">1365.19dp</dimen>
    <dimen name="x971">1366.59dp</dimen>
    <dimen name="x972">1368.00dp</dimen>
    <dimen name="x973">1369.41dp</dimen>
    <dimen name="x974">1370.81dp</dimen>
    <dimen name="x975">1372.22dp</dimen>
    <dimen name="x976">1373.63dp</dimen>
    <dimen name="x977">1375.04dp</dimen>
    <dimen name="x978">1376.44dp</dimen>
    <dimen name="x979">1377.85dp</dimen>
    <dimen name="x980">1379.26dp</dimen>
    <dimen name="x981">1380.67dp</dimen>
    <dimen name="x982">1382.07dp</dimen>
    <dimen name="x983">1383.48dp</dimen>
    <dimen name="x984">1384.89dp</dimen>
    <dimen name="x985">1386.30dp</dimen>
    <dimen name="x986">1387.70dp</dimen>
    <dimen name="x987">1389.11dp</dimen>
    <dimen name="x988">1390.52dp</dimen>
    <dimen name="x989">1391.93dp</dimen>
    <dimen name="x990">1393.33dp</dimen>
    <dimen name="x991">1394.74dp</dimen>
    <dimen name="x992">1396.15dp</dimen>
    <dimen name="x993">1397.56dp</dimen>
    <dimen name="x994">1398.96dp</dimen>
    <dimen name="x995">1400.37dp</dimen>
    <dimen name="x996">1401.78dp</dimen>
    <dimen name="x997">1403.19dp</dimen>
    <dimen name="x998">1404.59dp</dimen>
    <dimen name="x999">1406.00dp</dimen>
    <dimen name="x1000">1407.41dp</dimen>
    <dimen name="x1001">1408.81dp</dimen>
    <dimen name="x1002">1410.22dp</dimen>
    <dimen name="x1003">1411.63dp</dimen>
    <dimen name="x1004">1413.04dp</dimen>
    <dimen name="x1005">1414.44dp</dimen>
    <dimen name="x1006">1415.85dp</dimen>
    <dimen name="x1007">1417.26dp</dimen>
    <dimen name="x1008">1418.67dp</dimen>
    <dimen name="x1009">1420.07dp</dimen>
    <dimen name="x1010">1421.48dp</dimen>
    <dimen name="x1011">1422.89dp</dimen>
    <dimen name="x1012">1424.30dp</dimen>
    <dimen name="x1013">1425.70dp</dimen>
    <dimen name="x1014">1427.11dp</dimen>
    <dimen name="x1015">1428.52dp</dimen>
    <dimen name="x1016">1429.93dp</dimen>
    <dimen name="x1017">1431.33dp</dimen>
    <dimen name="x1018">1432.74dp</dimen>
    <dimen name="x1019">1434.15dp</dimen>
    <dimen name="x1020">1435.56dp</dimen>
    <dimen name="x1021">1436.96dp</dimen>
    <dimen name="x1022">1438.37dp</dimen>
    <dimen name="x1023">1439.78dp</dimen>
    <dimen name="x1024">1441.19dp</dimen>
    <dimen name="x1025">1442.59dp</dimen>
    <dimen name="x1026">1444.00dp</dimen>
    <dimen name="x1027">1445.41dp</dimen>
    <dimen name="x1028">1446.81dp</dimen>
    <dimen name="x1029">1448.22dp</dimen>
    <dimen name="x1030">1449.63dp</dimen>
    <dimen name="x1031">1451.04dp</dimen>
    <dimen name="x1032">1452.44dp</dimen>
    <dimen name="x1033">1453.85dp</dimen>
    <dimen name="x1034">1455.26dp</dimen>
    <dimen name="x1035">1456.67dp</dimen>
    <dimen name="x1036">1458.07dp</dimen>
    <dimen name="x1037">1459.48dp</dimen>
    <dimen name="x1038">1460.89dp</dimen>
    <dimen name="x1039">1462.30dp</dimen>
    <dimen name="x1040">1463.70dp</dimen>
    <dimen name="x1041">1465.11dp</dimen>
    <dimen name="x1042">1466.52dp</dimen>
    <dimen name="x1043">1467.93dp</dimen>
    <dimen name="x1044">1469.33dp</dimen>
    <dimen name="x1045">1470.74dp</dimen>
    <dimen name="x1046">1472.15dp</dimen>
    <dimen name="x1047">1473.56dp</dimen>
    <dimen name="x1048">1474.96dp</dimen>
    <dimen name="x1049">1476.37dp</dimen>
    <dimen name="x1050">1477.78dp</dimen>
    <dimen name="x1051">1479.19dp</dimen>
    <dimen name="x1052">1480.59dp</dimen>
    <dimen name="x1053">1482.00dp</dimen>
    <dimen name="x1054">1483.41dp</dimen>
    <dimen name="x1055">1484.81dp</dimen>
    <dimen name="x1056">1486.22dp</dimen>
    <dimen name="x1057">1487.63dp</dimen>
    <dimen name="x1058">1489.04dp</dimen>
    <dimen name="x1059">1490.44dp</dimen>
    <dimen name="x1060">1491.85dp</dimen>
    <dimen name="x1061">1493.26dp</dimen>
    <dimen name="x1062">1494.67dp</dimen>
    <dimen name="x1063">1496.07dp</dimen>
    <dimen name="x1064">1497.48dp</dimen>
    <dimen name="x1065">1498.89dp</dimen>
    <dimen name="x1066">1500.30dp</dimen>
    <dimen name="x1067">1501.70dp</dimen>
    <dimen name="x1068">1503.11dp</dimen>
    <dimen name="x1069">1504.52dp</dimen>
    <dimen name="x1070">1505.93dp</dimen>
    <dimen name="x1071">1507.33dp</dimen>
    <dimen name="x1072">1508.74dp</dimen>
    <dimen name="x1073">1510.15dp</dimen>
    <dimen name="x1074">1511.56dp</dimen>
    <dimen name="x1075">1512.96dp</dimen>
    <dimen name="x1076">1514.37dp</dimen>
    <dimen name="x1077">1515.78dp</dimen>
    <dimen name="x1078">1517.19dp</dimen>
    <dimen name="x1079">1518.59dp</dimen>
    <dimen name="x1080">1520.00dp</dimen>
</resources>