<?xml version="1.0" encoding="utf-8"?>
<resources>
    <string name="sw_dp">1650dp</string>
    <dimen name="x1">1.53dp</dimen>
    <dimen name="x2">3.06dp</dimen>
    <dimen name="x3">4.58dp</dimen>
    <dimen name="x4">6.11dp</dimen>
    <dimen name="x5">7.64dp</dimen>
    <dimen name="x6">9.17dp</dimen>
    <dimen name="x7">10.69dp</dimen>
    <dimen name="x8">12.22dp</dimen>
    <dimen name="x9">13.75dp</dimen>
    <dimen name="x10">15.28dp</dimen>
    <dimen name="x11">16.81dp</dimen>
    <dimen name="x12">18.33dp</dimen>
    <dimen name="x13">19.86dp</dimen>
    <dimen name="x14">21.39dp</dimen>
    <dimen name="x15">22.92dp</dimen>
    <dimen name="x16">24.44dp</dimen>
    <dimen name="x17">25.97dp</dimen>
    <dimen name="x18">27.50dp</dimen>
    <dimen name="x19">29.03dp</dimen>
    <dimen name="x20">30.56dp</dimen>
    <dimen name="x21">32.08dp</dimen>
    <dimen name="x22">33.61dp</dimen>
    <dimen name="x23">35.14dp</dimen>
    <dimen name="x24">36.67dp</dimen>
    <dimen name="x25">38.19dp</dimen>
    <dimen name="x26">39.72dp</dimen>
    <dimen name="x27">41.25dp</dimen>
    <dimen name="x28">42.78dp</dimen>
    <dimen name="x29">44.31dp</dimen>
    <dimen name="x30">45.83dp</dimen>
    <dimen name="x31">47.36dp</dimen>
    <dimen name="x32">48.89dp</dimen>
    <dimen name="x33">50.42dp</dimen>
    <dimen name="x34">51.94dp</dimen>
    <dimen name="x35">53.47dp</dimen>
    <dimen name="x36">55.00dp</dimen>
    <dimen name="x37">56.53dp</dimen>
    <dimen name="x38">58.06dp</dimen>
    <dimen name="x39">59.58dp</dimen>
    <dimen name="x40">61.11dp</dimen>
    <dimen name="x41">62.64dp</dimen>
    <dimen name="x42">64.17dp</dimen>
    <dimen name="x43">65.69dp</dimen>
    <dimen name="x44">67.22dp</dimen>
    <dimen name="x45">68.75dp</dimen>
    <dimen name="x46">70.28dp</dimen>
    <dimen name="x47">71.81dp</dimen>
    <dimen name="x48">73.33dp</dimen>
    <dimen name="x49">74.86dp</dimen>
    <dimen name="x50">76.39dp</dimen>
    <dimen name="x51">77.92dp</dimen>
    <dimen name="x52">79.44dp</dimen>
    <dimen name="x53">80.97dp</dimen>
    <dimen name="x54">82.50dp</dimen>
    <dimen name="x55">84.03dp</dimen>
    <dimen name="x56">85.56dp</dimen>
    <dimen name="x57">87.08dp</dimen>
    <dimen name="x58">88.61dp</dimen>
    <dimen name="x59">90.14dp</dimen>
    <dimen name="x60">91.67dp</dimen>
    <dimen name="x61">93.19dp</dimen>
    <dimen name="x62">94.72dp</dimen>
    <dimen name="x63">96.25dp</dimen>
    <dimen name="x64">97.78dp</dimen>
    <dimen name="x65">99.31dp</dimen>
    <dimen name="x66">100.83dp</dimen>
    <dimen name="x67">102.36dp</dimen>
    <dimen name="x68">103.89dp</dimen>
    <dimen name="x69">105.42dp</dimen>
    <dimen name="x70">106.94dp</dimen>
    <dimen name="x71">108.47dp</dimen>
    <dimen name="x72">110.00dp</dimen>
    <dimen name="x73">111.53dp</dimen>
    <dimen name="x74">113.06dp</dimen>
    <dimen name="x75">114.58dp</dimen>
    <dimen name="x76">116.11dp</dimen>
    <dimen name="x77">117.64dp</dimen>
    <dimen name="x78">119.17dp</dimen>
    <dimen name="x79">120.69dp</dimen>
    <dimen name="x80">122.22dp</dimen>
    <dimen name="x81">123.75dp</dimen>
    <dimen name="x82">125.28dp</dimen>
    <dimen name="x83">126.81dp</dimen>
    <dimen name="x84">128.33dp</dimen>
    <dimen name="x85">129.86dp</dimen>
    <dimen name="x86">131.39dp</dimen>
    <dimen name="x87">132.92dp</dimen>
    <dimen name="x88">134.44dp</dimen>
    <dimen name="x89">135.97dp</dimen>
    <dimen name="x90">137.50dp</dimen>
    <dimen name="x91">139.03dp</dimen>
    <dimen name="x92">140.56dp</dimen>
    <dimen name="x93">142.08dp</dimen>
    <dimen name="x94">143.61dp</dimen>
    <dimen name="x95">145.14dp</dimen>
    <dimen name="x96">146.67dp</dimen>
    <dimen name="x97">148.19dp</dimen>
    <dimen name="x98">149.72dp</dimen>
    <dimen name="x99">151.25dp</dimen>
    <dimen name="x100">152.78dp</dimen>
    <dimen name="x101">154.31dp</dimen>
    <dimen name="x102">155.83dp</dimen>
    <dimen name="x103">157.36dp</dimen>
    <dimen name="x104">158.89dp</dimen>
    <dimen name="x105">160.42dp</dimen>
    <dimen name="x106">161.94dp</dimen>
    <dimen name="x107">163.47dp</dimen>
    <dimen name="x108">165.00dp</dimen>
    <dimen name="x109">166.53dp</dimen>
    <dimen name="x110">168.06dp</dimen>
    <dimen name="x111">169.58dp</dimen>
    <dimen name="x112">171.11dp</dimen>
    <dimen name="x113">172.64dp</dimen>
    <dimen name="x114">174.17dp</dimen>
    <dimen name="x115">175.69dp</dimen>
    <dimen name="x116">177.22dp</dimen>
    <dimen name="x117">178.75dp</dimen>
    <dimen name="x118">180.28dp</dimen>
    <dimen name="x119">181.81dp</dimen>
    <dimen name="x120">183.33dp</dimen>
    <dimen name="x121">184.86dp</dimen>
    <dimen name="x122">186.39dp</dimen>
    <dimen name="x123">187.92dp</dimen>
    <dimen name="x124">189.44dp</dimen>
    <dimen name="x125">190.97dp</dimen>
    <dimen name="x126">192.50dp</dimen>
    <dimen name="x127">194.03dp</dimen>
    <dimen name="x128">195.56dp</dimen>
    <dimen name="x129">197.08dp</dimen>
    <dimen name="x130">198.61dp</dimen>
    <dimen name="x131">200.14dp</dimen>
    <dimen name="x132">201.67dp</dimen>
    <dimen name="x133">203.19dp</dimen>
    <dimen name="x134">204.72dp</dimen>
    <dimen name="x135">206.25dp</dimen>
    <dimen name="x136">207.78dp</dimen>
    <dimen name="x137">209.31dp</dimen>
    <dimen name="x138">210.83dp</dimen>
    <dimen name="x139">212.36dp</dimen>
    <dimen name="x140">213.89dp</dimen>
    <dimen name="x141">215.42dp</dimen>
    <dimen name="x142">216.94dp</dimen>
    <dimen name="x143">218.47dp</dimen>
    <dimen name="x144">220.00dp</dimen>
    <dimen name="x145">221.53dp</dimen>
    <dimen name="x146">223.06dp</dimen>
    <dimen name="x147">224.58dp</dimen>
    <dimen name="x148">226.11dp</dimen>
    <dimen name="x149">227.64dp</dimen>
    <dimen name="x150">229.17dp</dimen>
    <dimen name="x151">230.69dp</dimen>
    <dimen name="x152">232.22dp</dimen>
    <dimen name="x153">233.75dp</dimen>
    <dimen name="x154">235.28dp</dimen>
    <dimen name="x155">236.81dp</dimen>
    <dimen name="x156">238.33dp</dimen>
    <dimen name="x157">239.86dp</dimen>
    <dimen name="x158">241.39dp</dimen>
    <dimen name="x159">242.92dp</dimen>
    <dimen name="x160">244.44dp</dimen>
    <dimen name="x161">245.97dp</dimen>
    <dimen name="x162">247.50dp</dimen>
    <dimen name="x163">249.03dp</dimen>
    <dimen name="x164">250.56dp</dimen>
    <dimen name="x165">252.08dp</dimen>
    <dimen name="x166">253.61dp</dimen>
    <dimen name="x167">255.14dp</dimen>
    <dimen name="x168">256.67dp</dimen>
    <dimen name="x169">258.19dp</dimen>
    <dimen name="x170">259.72dp</dimen>
    <dimen name="x171">261.25dp</dimen>
    <dimen name="x172">262.78dp</dimen>
    <dimen name="x173">264.31dp</dimen>
    <dimen name="x174">265.83dp</dimen>
    <dimen name="x175">267.36dp</dimen>
    <dimen name="x176">268.89dp</dimen>
    <dimen name="x177">270.42dp</dimen>
    <dimen name="x178">271.94dp</dimen>
    <dimen name="x179">273.47dp</dimen>
    <dimen name="x180">275.00dp</dimen>
    <dimen name="x181">276.53dp</dimen>
    <dimen name="x182">278.06dp</dimen>
    <dimen name="x183">279.58dp</dimen>
    <dimen name="x184">281.11dp</dimen>
    <dimen name="x185">282.64dp</dimen>
    <dimen name="x186">284.17dp</dimen>
    <dimen name="x187">285.69dp</dimen>
    <dimen name="x188">287.22dp</dimen>
    <dimen name="x189">288.75dp</dimen>
    <dimen name="x190">290.28dp</dimen>
    <dimen name="x191">291.81dp</dimen>
    <dimen name="x192">293.33dp</dimen>
    <dimen name="x193">294.86dp</dimen>
    <dimen name="x194">296.39dp</dimen>
    <dimen name="x195">297.92dp</dimen>
    <dimen name="x196">299.44dp</dimen>
    <dimen name="x197">300.97dp</dimen>
    <dimen name="x198">302.50dp</dimen>
    <dimen name="x199">304.03dp</dimen>
    <dimen name="x200">305.56dp</dimen>
    <dimen name="x201">307.08dp</dimen>
    <dimen name="x202">308.61dp</dimen>
    <dimen name="x203">310.14dp</dimen>
    <dimen name="x204">311.67dp</dimen>
    <dimen name="x205">313.19dp</dimen>
    <dimen name="x206">314.72dp</dimen>
    <dimen name="x207">316.25dp</dimen>
    <dimen name="x208">317.78dp</dimen>
    <dimen name="x209">319.31dp</dimen>
    <dimen name="x210">320.83dp</dimen>
    <dimen name="x211">322.36dp</dimen>
    <dimen name="x212">323.89dp</dimen>
    <dimen name="x213">325.42dp</dimen>
    <dimen name="x214">326.94dp</dimen>
    <dimen name="x215">328.47dp</dimen>
    <dimen name="x216">330.00dp</dimen>
    <dimen name="x217">331.53dp</dimen>
    <dimen name="x218">333.06dp</dimen>
    <dimen name="x219">334.58dp</dimen>
    <dimen name="x220">336.11dp</dimen>
    <dimen name="x221">337.64dp</dimen>
    <dimen name="x222">339.17dp</dimen>
    <dimen name="x223">340.69dp</dimen>
    <dimen name="x224">342.22dp</dimen>
    <dimen name="x225">343.75dp</dimen>
    <dimen name="x226">345.28dp</dimen>
    <dimen name="x227">346.81dp</dimen>
    <dimen name="x228">348.33dp</dimen>
    <dimen name="x229">349.86dp</dimen>
    <dimen name="x230">351.39dp</dimen>
    <dimen name="x231">352.92dp</dimen>
    <dimen name="x232">354.44dp</dimen>
    <dimen name="x233">355.97dp</dimen>
    <dimen name="x234">357.50dp</dimen>
    <dimen name="x235">359.03dp</dimen>
    <dimen name="x236">360.56dp</dimen>
    <dimen name="x237">362.08dp</dimen>
    <dimen name="x238">363.61dp</dimen>
    <dimen name="x239">365.14dp</dimen>
    <dimen name="x240">366.67dp</dimen>
    <dimen name="x241">368.19dp</dimen>
    <dimen name="x242">369.72dp</dimen>
    <dimen name="x243">371.25dp</dimen>
    <dimen name="x244">372.78dp</dimen>
    <dimen name="x245">374.31dp</dimen>
    <dimen name="x246">375.83dp</dimen>
    <dimen name="x247">377.36dp</dimen>
    <dimen name="x248">378.89dp</dimen>
    <dimen name="x249">380.42dp</dimen>
    <dimen name="x250">381.94dp</dimen>
    <dimen name="x251">383.47dp</dimen>
    <dimen name="x252">385.00dp</dimen>
    <dimen name="x253">386.53dp</dimen>
    <dimen name="x254">388.06dp</dimen>
    <dimen name="x255">389.58dp</dimen>
    <dimen name="x256">391.11dp</dimen>
    <dimen name="x257">392.64dp</dimen>
    <dimen name="x258">394.17dp</dimen>
    <dimen name="x259">395.69dp</dimen>
    <dimen name="x260">397.22dp</dimen>
    <dimen name="x261">398.75dp</dimen>
    <dimen name="x262">400.28dp</dimen>
    <dimen name="x263">401.81dp</dimen>
    <dimen name="x264">403.33dp</dimen>
    <dimen name="x265">404.86dp</dimen>
    <dimen name="x266">406.39dp</dimen>
    <dimen name="x267">407.92dp</dimen>
    <dimen name="x268">409.44dp</dimen>
    <dimen name="x269">410.97dp</dimen>
    <dimen name="x270">412.50dp</dimen>
    <dimen name="x271">414.03dp</dimen>
    <dimen name="x272">415.56dp</dimen>
    <dimen name="x273">417.08dp</dimen>
    <dimen name="x274">418.61dp</dimen>
    <dimen name="x275">420.14dp</dimen>
    <dimen name="x276">421.67dp</dimen>
    <dimen name="x277">423.19dp</dimen>
    <dimen name="x278">424.72dp</dimen>
    <dimen name="x279">426.25dp</dimen>
    <dimen name="x280">427.78dp</dimen>
    <dimen name="x281">429.31dp</dimen>
    <dimen name="x282">430.83dp</dimen>
    <dimen name="x283">432.36dp</dimen>
    <dimen name="x284">433.89dp</dimen>
    <dimen name="x285">435.42dp</dimen>
    <dimen name="x286">436.94dp</dimen>
    <dimen name="x287">438.47dp</dimen>
    <dimen name="x288">440.00dp</dimen>
    <dimen name="x289">441.53dp</dimen>
    <dimen name="x290">443.06dp</dimen>
    <dimen name="x291">444.58dp</dimen>
    <dimen name="x292">446.11dp</dimen>
    <dimen name="x293">447.64dp</dimen>
    <dimen name="x294">449.17dp</dimen>
    <dimen name="x295">450.69dp</dimen>
    <dimen name="x296">452.22dp</dimen>
    <dimen name="x297">453.75dp</dimen>
    <dimen name="x298">455.28dp</dimen>
    <dimen name="x299">456.81dp</dimen>
    <dimen name="x300">458.33dp</dimen>
    <dimen name="x301">459.86dp</dimen>
    <dimen name="x302">461.39dp</dimen>
    <dimen name="x303">462.92dp</dimen>
    <dimen name="x304">464.44dp</dimen>
    <dimen name="x305">465.97dp</dimen>
    <dimen name="x306">467.50dp</dimen>
    <dimen name="x307">469.03dp</dimen>
    <dimen name="x308">470.56dp</dimen>
    <dimen name="x309">472.08dp</dimen>
    <dimen name="x310">473.61dp</dimen>
    <dimen name="x311">475.14dp</dimen>
    <dimen name="x312">476.67dp</dimen>
    <dimen name="x313">478.19dp</dimen>
    <dimen name="x314">479.72dp</dimen>
    <dimen name="x315">481.25dp</dimen>
    <dimen name="x316">482.78dp</dimen>
    <dimen name="x317">484.31dp</dimen>
    <dimen name="x318">485.83dp</dimen>
    <dimen name="x319">487.36dp</dimen>
    <dimen name="x320">488.89dp</dimen>
    <dimen name="x321">490.42dp</dimen>
    <dimen name="x322">491.94dp</dimen>
    <dimen name="x323">493.47dp</dimen>
    <dimen name="x324">495.00dp</dimen>
    <dimen name="x325">496.53dp</dimen>
    <dimen name="x326">498.06dp</dimen>
    <dimen name="x327">499.58dp</dimen>
    <dimen name="x328">501.11dp</dimen>
    <dimen name="x329">502.64dp</dimen>
    <dimen name="x330">504.17dp</dimen>
    <dimen name="x331">505.69dp</dimen>
    <dimen name="x332">507.22dp</dimen>
    <dimen name="x333">508.75dp</dimen>
    <dimen name="x334">510.28dp</dimen>
    <dimen name="x335">511.81dp</dimen>
    <dimen name="x336">513.33dp</dimen>
    <dimen name="x337">514.86dp</dimen>
    <dimen name="x338">516.39dp</dimen>
    <dimen name="x339">517.92dp</dimen>
    <dimen name="x340">519.44dp</dimen>
    <dimen name="x341">520.97dp</dimen>
    <dimen name="x342">522.50dp</dimen>
    <dimen name="x343">524.03dp</dimen>
    <dimen name="x344">525.56dp</dimen>
    <dimen name="x345">527.08dp</dimen>
    <dimen name="x346">528.61dp</dimen>
    <dimen name="x347">530.14dp</dimen>
    <dimen name="x348">531.67dp</dimen>
    <dimen name="x349">533.19dp</dimen>
    <dimen name="x350">534.72dp</dimen>
    <dimen name="x351">536.25dp</dimen>
    <dimen name="x352">537.78dp</dimen>
    <dimen name="x353">539.31dp</dimen>
    <dimen name="x354">540.83dp</dimen>
    <dimen name="x355">542.36dp</dimen>
    <dimen name="x356">543.89dp</dimen>
    <dimen name="x357">545.42dp</dimen>
    <dimen name="x358">546.94dp</dimen>
    <dimen name="x359">548.47dp</dimen>
    <dimen name="x360">550.00dp</dimen>
    <dimen name="x361">551.53dp</dimen>
    <dimen name="x362">553.06dp</dimen>
    <dimen name="x363">554.58dp</dimen>
    <dimen name="x364">556.11dp</dimen>
    <dimen name="x365">557.64dp</dimen>
    <dimen name="x366">559.17dp</dimen>
    <dimen name="x367">560.69dp</dimen>
    <dimen name="x368">562.22dp</dimen>
    <dimen name="x369">563.75dp</dimen>
    <dimen name="x370">565.28dp</dimen>
    <dimen name="x371">566.81dp</dimen>
    <dimen name="x372">568.33dp</dimen>
    <dimen name="x373">569.86dp</dimen>
    <dimen name="x374">571.39dp</dimen>
    <dimen name="x375">572.92dp</dimen>
    <dimen name="x376">574.44dp</dimen>
    <dimen name="x377">575.97dp</dimen>
    <dimen name="x378">577.50dp</dimen>
    <dimen name="x379">579.03dp</dimen>
    <dimen name="x380">580.56dp</dimen>
    <dimen name="x381">582.08dp</dimen>
    <dimen name="x382">583.61dp</dimen>
    <dimen name="x383">585.14dp</dimen>
    <dimen name="x384">586.67dp</dimen>
    <dimen name="x385">588.19dp</dimen>
    <dimen name="x386">589.72dp</dimen>
    <dimen name="x387">591.25dp</dimen>
    <dimen name="x388">592.78dp</dimen>
    <dimen name="x389">594.31dp</dimen>
    <dimen name="x390">595.83dp</dimen>
    <dimen name="x391">597.36dp</dimen>
    <dimen name="x392">598.89dp</dimen>
    <dimen name="x393">600.42dp</dimen>
    <dimen name="x394">601.94dp</dimen>
    <dimen name="x395">603.47dp</dimen>
    <dimen name="x396">605.00dp</dimen>
    <dimen name="x397">606.53dp</dimen>
    <dimen name="x398">608.06dp</dimen>
    <dimen name="x399">609.58dp</dimen>
    <dimen name="x400">611.11dp</dimen>
    <dimen name="x401">612.64dp</dimen>
    <dimen name="x402">614.17dp</dimen>
    <dimen name="x403">615.69dp</dimen>
    <dimen name="x404">617.22dp</dimen>
    <dimen name="x405">618.75dp</dimen>
    <dimen name="x406">620.28dp</dimen>
    <dimen name="x407">621.81dp</dimen>
    <dimen name="x408">623.33dp</dimen>
    <dimen name="x409">624.86dp</dimen>
    <dimen name="x410">626.39dp</dimen>
    <dimen name="x411">627.92dp</dimen>
    <dimen name="x412">629.44dp</dimen>
    <dimen name="x413">630.97dp</dimen>
    <dimen name="x414">632.50dp</dimen>
    <dimen name="x415">634.03dp</dimen>
    <dimen name="x416">635.56dp</dimen>
    <dimen name="x417">637.08dp</dimen>
    <dimen name="x418">638.61dp</dimen>
    <dimen name="x419">640.14dp</dimen>
    <dimen name="x420">641.67dp</dimen>
    <dimen name="x421">643.19dp</dimen>
    <dimen name="x422">644.72dp</dimen>
    <dimen name="x423">646.25dp</dimen>
    <dimen name="x424">647.78dp</dimen>
    <dimen name="x425">649.31dp</dimen>
    <dimen name="x426">650.83dp</dimen>
    <dimen name="x427">652.36dp</dimen>
    <dimen name="x428">653.89dp</dimen>
    <dimen name="x429">655.42dp</dimen>
    <dimen name="x430">656.94dp</dimen>
    <dimen name="x431">658.47dp</dimen>
    <dimen name="x432">660.00dp</dimen>
    <dimen name="x433">661.53dp</dimen>
    <dimen name="x434">663.06dp</dimen>
    <dimen name="x435">664.58dp</dimen>
    <dimen name="x436">666.11dp</dimen>
    <dimen name="x437">667.64dp</dimen>
    <dimen name="x438">669.17dp</dimen>
    <dimen name="x439">670.69dp</dimen>
    <dimen name="x440">672.22dp</dimen>
    <dimen name="x441">673.75dp</dimen>
    <dimen name="x442">675.28dp</dimen>
    <dimen name="x443">676.81dp</dimen>
    <dimen name="x444">678.33dp</dimen>
    <dimen name="x445">679.86dp</dimen>
    <dimen name="x446">681.39dp</dimen>
    <dimen name="x447">682.92dp</dimen>
    <dimen name="x448">684.44dp</dimen>
    <dimen name="x449">685.97dp</dimen>
    <dimen name="x450">687.50dp</dimen>
    <dimen name="x451">689.03dp</dimen>
    <dimen name="x452">690.56dp</dimen>
    <dimen name="x453">692.08dp</dimen>
    <dimen name="x454">693.61dp</dimen>
    <dimen name="x455">695.14dp</dimen>
    <dimen name="x456">696.67dp</dimen>
    <dimen name="x457">698.19dp</dimen>
    <dimen name="x458">699.72dp</dimen>
    <dimen name="x459">701.25dp</dimen>
    <dimen name="x460">702.78dp</dimen>
    <dimen name="x461">704.31dp</dimen>
    <dimen name="x462">705.83dp</dimen>
    <dimen name="x463">707.36dp</dimen>
    <dimen name="x464">708.89dp</dimen>
    <dimen name="x465">710.42dp</dimen>
    <dimen name="x466">711.94dp</dimen>
    <dimen name="x467">713.47dp</dimen>
    <dimen name="x468">715.00dp</dimen>
    <dimen name="x469">716.53dp</dimen>
    <dimen name="x470">718.06dp</dimen>
    <dimen name="x471">719.58dp</dimen>
    <dimen name="x472">721.11dp</dimen>
    <dimen name="x473">722.64dp</dimen>
    <dimen name="x474">724.17dp</dimen>
    <dimen name="x475">725.69dp</dimen>
    <dimen name="x476">727.22dp</dimen>
    <dimen name="x477">728.75dp</dimen>
    <dimen name="x478">730.28dp</dimen>
    <dimen name="x479">731.81dp</dimen>
    <dimen name="x480">733.33dp</dimen>
    <dimen name="x481">734.86dp</dimen>
    <dimen name="x482">736.39dp</dimen>
    <dimen name="x483">737.92dp</dimen>
    <dimen name="x484">739.44dp</dimen>
    <dimen name="x485">740.97dp</dimen>
    <dimen name="x486">742.50dp</dimen>
    <dimen name="x487">744.03dp</dimen>
    <dimen name="x488">745.56dp</dimen>
    <dimen name="x489">747.08dp</dimen>
    <dimen name="x490">748.61dp</dimen>
    <dimen name="x491">750.14dp</dimen>
    <dimen name="x492">751.67dp</dimen>
    <dimen name="x493">753.19dp</dimen>
    <dimen name="x494">754.72dp</dimen>
    <dimen name="x495">756.25dp</dimen>
    <dimen name="x496">757.78dp</dimen>
    <dimen name="x497">759.31dp</dimen>
    <dimen name="x498">760.83dp</dimen>
    <dimen name="x499">762.36dp</dimen>
    <dimen name="x500">763.89dp</dimen>
    <dimen name="x501">765.42dp</dimen>
    <dimen name="x502">766.94dp</dimen>
    <dimen name="x503">768.47dp</dimen>
    <dimen name="x504">770.00dp</dimen>
    <dimen name="x505">771.53dp</dimen>
    <dimen name="x506">773.06dp</dimen>
    <dimen name="x507">774.58dp</dimen>
    <dimen name="x508">776.11dp</dimen>
    <dimen name="x509">777.64dp</dimen>
    <dimen name="x510">779.17dp</dimen>
    <dimen name="x511">780.69dp</dimen>
    <dimen name="x512">782.22dp</dimen>
    <dimen name="x513">783.75dp</dimen>
    <dimen name="x514">785.28dp</dimen>
    <dimen name="x515">786.81dp</dimen>
    <dimen name="x516">788.33dp</dimen>
    <dimen name="x517">789.86dp</dimen>
    <dimen name="x518">791.39dp</dimen>
    <dimen name="x519">792.92dp</dimen>
    <dimen name="x520">794.44dp</dimen>
    <dimen name="x521">795.97dp</dimen>
    <dimen name="x522">797.50dp</dimen>
    <dimen name="x523">799.03dp</dimen>
    <dimen name="x524">800.56dp</dimen>
    <dimen name="x525">802.08dp</dimen>
    <dimen name="x526">803.61dp</dimen>
    <dimen name="x527">805.14dp</dimen>
    <dimen name="x528">806.67dp</dimen>
    <dimen name="x529">808.19dp</dimen>
    <dimen name="x530">809.72dp</dimen>
    <dimen name="x531">811.25dp</dimen>
    <dimen name="x532">812.78dp</dimen>
    <dimen name="x533">814.31dp</dimen>
    <dimen name="x534">815.83dp</dimen>
    <dimen name="x535">817.36dp</dimen>
    <dimen name="x536">818.89dp</dimen>
    <dimen name="x537">820.42dp</dimen>
    <dimen name="x538">821.94dp</dimen>
    <dimen name="x539">823.47dp</dimen>
    <dimen name="x540">825.00dp</dimen>
    <dimen name="x541">826.53dp</dimen>
    <dimen name="x542">828.06dp</dimen>
    <dimen name="x543">829.58dp</dimen>
    <dimen name="x544">831.11dp</dimen>
    <dimen name="x545">832.64dp</dimen>
    <dimen name="x546">834.17dp</dimen>
    <dimen name="x547">835.69dp</dimen>
    <dimen name="x548">837.22dp</dimen>
    <dimen name="x549">838.75dp</dimen>
    <dimen name="x550">840.28dp</dimen>
    <dimen name="x551">841.81dp</dimen>
    <dimen name="x552">843.33dp</dimen>
    <dimen name="x553">844.86dp</dimen>
    <dimen name="x554">846.39dp</dimen>
    <dimen name="x555">847.92dp</dimen>
    <dimen name="x556">849.44dp</dimen>
    <dimen name="x557">850.97dp</dimen>
    <dimen name="x558">852.50dp</dimen>
    <dimen name="x559">854.03dp</dimen>
    <dimen name="x560">855.56dp</dimen>
    <dimen name="x561">857.08dp</dimen>
    <dimen name="x562">858.61dp</dimen>
    <dimen name="x563">860.14dp</dimen>
    <dimen name="x564">861.67dp</dimen>
    <dimen name="x565">863.19dp</dimen>
    <dimen name="x566">864.72dp</dimen>
    <dimen name="x567">866.25dp</dimen>
    <dimen name="x568">867.78dp</dimen>
    <dimen name="x569">869.31dp</dimen>
    <dimen name="x570">870.83dp</dimen>
    <dimen name="x571">872.36dp</dimen>
    <dimen name="x572">873.89dp</dimen>
    <dimen name="x573">875.42dp</dimen>
    <dimen name="x574">876.94dp</dimen>
    <dimen name="x575">878.47dp</dimen>
    <dimen name="x576">880.00dp</dimen>
    <dimen name="x577">881.53dp</dimen>
    <dimen name="x578">883.06dp</dimen>
    <dimen name="x579">884.58dp</dimen>
    <dimen name="x580">886.11dp</dimen>
    <dimen name="x581">887.64dp</dimen>
    <dimen name="x582">889.17dp</dimen>
    <dimen name="x583">890.69dp</dimen>
    <dimen name="x584">892.22dp</dimen>
    <dimen name="x585">893.75dp</dimen>
    <dimen name="x586">895.28dp</dimen>
    <dimen name="x587">896.81dp</dimen>
    <dimen name="x588">898.33dp</dimen>
    <dimen name="x589">899.86dp</dimen>
    <dimen name="x590">901.39dp</dimen>
    <dimen name="x591">902.92dp</dimen>
    <dimen name="x592">904.44dp</dimen>
    <dimen name="x593">905.97dp</dimen>
    <dimen name="x594">907.50dp</dimen>
    <dimen name="x595">909.03dp</dimen>
    <dimen name="x596">910.56dp</dimen>
    <dimen name="x597">912.08dp</dimen>
    <dimen name="x598">913.61dp</dimen>
    <dimen name="x599">915.14dp</dimen>
    <dimen name="x600">916.67dp</dimen>
    <dimen name="x601">918.19dp</dimen>
    <dimen name="x602">919.72dp</dimen>
    <dimen name="x603">921.25dp</dimen>
    <dimen name="x604">922.78dp</dimen>
    <dimen name="x605">924.31dp</dimen>
    <dimen name="x606">925.83dp</dimen>
    <dimen name="x607">927.36dp</dimen>
    <dimen name="x608">928.89dp</dimen>
    <dimen name="x609">930.42dp</dimen>
    <dimen name="x610">931.94dp</dimen>
    <dimen name="x611">933.47dp</dimen>
    <dimen name="x612">935.00dp</dimen>
    <dimen name="x613">936.53dp</dimen>
    <dimen name="x614">938.06dp</dimen>
    <dimen name="x615">939.58dp</dimen>
    <dimen name="x616">941.11dp</dimen>
    <dimen name="x617">942.64dp</dimen>
    <dimen name="x618">944.17dp</dimen>
    <dimen name="x619">945.69dp</dimen>
    <dimen name="x620">947.22dp</dimen>
    <dimen name="x621">948.75dp</dimen>
    <dimen name="x622">950.28dp</dimen>
    <dimen name="x623">951.81dp</dimen>
    <dimen name="x624">953.33dp</dimen>
    <dimen name="x625">954.86dp</dimen>
    <dimen name="x626">956.39dp</dimen>
    <dimen name="x627">957.92dp</dimen>
    <dimen name="x628">959.44dp</dimen>
    <dimen name="x629">960.97dp</dimen>
    <dimen name="x630">962.50dp</dimen>
    <dimen name="x631">964.03dp</dimen>
    <dimen name="x632">965.56dp</dimen>
    <dimen name="x633">967.08dp</dimen>
    <dimen name="x634">968.61dp</dimen>
    <dimen name="x635">970.14dp</dimen>
    <dimen name="x636">971.67dp</dimen>
    <dimen name="x637">973.19dp</dimen>
    <dimen name="x638">974.72dp</dimen>
    <dimen name="x639">976.25dp</dimen>
    <dimen name="x640">977.78dp</dimen>
    <dimen name="x641">979.31dp</dimen>
    <dimen name="x642">980.83dp</dimen>
    <dimen name="x643">982.36dp</dimen>
    <dimen name="x644">983.89dp</dimen>
    <dimen name="x645">985.42dp</dimen>
    <dimen name="x646">986.94dp</dimen>
    <dimen name="x647">988.47dp</dimen>
    <dimen name="x648">990.00dp</dimen>
    <dimen name="x649">991.53dp</dimen>
    <dimen name="x650">993.06dp</dimen>
    <dimen name="x651">994.58dp</dimen>
    <dimen name="x652">996.11dp</dimen>
    <dimen name="x653">997.64dp</dimen>
    <dimen name="x654">999.17dp</dimen>
    <dimen name="x655">1000.69dp</dimen>
    <dimen name="x656">1002.22dp</dimen>
    <dimen name="x657">1003.75dp</dimen>
    <dimen name="x658">1005.28dp</dimen>
    <dimen name="x659">1006.81dp</dimen>
    <dimen name="x660">1008.33dp</dimen>
    <dimen name="x661">1009.86dp</dimen>
    <dimen name="x662">1011.39dp</dimen>
    <dimen name="x663">1012.92dp</dimen>
    <dimen name="x664">1014.44dp</dimen>
    <dimen name="x665">1015.97dp</dimen>
    <dimen name="x666">1017.50dp</dimen>
    <dimen name="x667">1019.03dp</dimen>
    <dimen name="x668">1020.56dp</dimen>
    <dimen name="x669">1022.08dp</dimen>
    <dimen name="x670">1023.61dp</dimen>
    <dimen name="x671">1025.14dp</dimen>
    <dimen name="x672">1026.67dp</dimen>
    <dimen name="x673">1028.19dp</dimen>
    <dimen name="x674">1029.72dp</dimen>
    <dimen name="x675">1031.25dp</dimen>
    <dimen name="x676">1032.78dp</dimen>
    <dimen name="x677">1034.31dp</dimen>
    <dimen name="x678">1035.83dp</dimen>
    <dimen name="x679">1037.36dp</dimen>
    <dimen name="x680">1038.89dp</dimen>
    <dimen name="x681">1040.42dp</dimen>
    <dimen name="x682">1041.94dp</dimen>
    <dimen name="x683">1043.47dp</dimen>
    <dimen name="x684">1045.00dp</dimen>
    <dimen name="x685">1046.53dp</dimen>
    <dimen name="x686">1048.06dp</dimen>
    <dimen name="x687">1049.58dp</dimen>
    <dimen name="x688">1051.11dp</dimen>
    <dimen name="x689">1052.64dp</dimen>
    <dimen name="x690">1054.17dp</dimen>
    <dimen name="x691">1055.69dp</dimen>
    <dimen name="x692">1057.22dp</dimen>
    <dimen name="x693">1058.75dp</dimen>
    <dimen name="x694">1060.28dp</dimen>
    <dimen name="x695">1061.81dp</dimen>
    <dimen name="x696">1063.33dp</dimen>
    <dimen name="x697">1064.86dp</dimen>
    <dimen name="x698">1066.39dp</dimen>
    <dimen name="x699">1067.92dp</dimen>
    <dimen name="x700">1069.44dp</dimen>
    <dimen name="x701">1070.97dp</dimen>
    <dimen name="x702">1072.50dp</dimen>
    <dimen name="x703">1074.03dp</dimen>
    <dimen name="x704">1075.56dp</dimen>
    <dimen name="x705">1077.08dp</dimen>
    <dimen name="x706">1078.61dp</dimen>
    <dimen name="x707">1080.14dp</dimen>
    <dimen name="x708">1081.67dp</dimen>
    <dimen name="x709">1083.19dp</dimen>
    <dimen name="x710">1084.72dp</dimen>
    <dimen name="x711">1086.25dp</dimen>
    <dimen name="x712">1087.78dp</dimen>
    <dimen name="x713">1089.31dp</dimen>
    <dimen name="x714">1090.83dp</dimen>
    <dimen name="x715">1092.36dp</dimen>
    <dimen name="x716">1093.89dp</dimen>
    <dimen name="x717">1095.42dp</dimen>
    <dimen name="x718">1096.94dp</dimen>
    <dimen name="x719">1098.47dp</dimen>
    <dimen name="x720">1100.00dp</dimen>
    <dimen name="x721">1101.53dp</dimen>
    <dimen name="x722">1103.06dp</dimen>
    <dimen name="x723">1104.58dp</dimen>
    <dimen name="x724">1106.11dp</dimen>
    <dimen name="x725">1107.64dp</dimen>
    <dimen name="x726">1109.17dp</dimen>
    <dimen name="x727">1110.69dp</dimen>
    <dimen name="x728">1112.22dp</dimen>
    <dimen name="x729">1113.75dp</dimen>
    <dimen name="x730">1115.28dp</dimen>
    <dimen name="x731">1116.81dp</dimen>
    <dimen name="x732">1118.33dp</dimen>
    <dimen name="x733">1119.86dp</dimen>
    <dimen name="x734">1121.39dp</dimen>
    <dimen name="x735">1122.92dp</dimen>
    <dimen name="x736">1124.44dp</dimen>
    <dimen name="x737">1125.97dp</dimen>
    <dimen name="x738">1127.50dp</dimen>
    <dimen name="x739">1129.03dp</dimen>
    <dimen name="x740">1130.56dp</dimen>
    <dimen name="x741">1132.08dp</dimen>
    <dimen name="x742">1133.61dp</dimen>
    <dimen name="x743">1135.14dp</dimen>
    <dimen name="x744">1136.67dp</dimen>
    <dimen name="x745">1138.19dp</dimen>
    <dimen name="x746">1139.72dp</dimen>
    <dimen name="x747">1141.25dp</dimen>
    <dimen name="x748">1142.78dp</dimen>
    <dimen name="x749">1144.31dp</dimen>
    <dimen name="x750">1145.83dp</dimen>
    <dimen name="x751">1147.36dp</dimen>
    <dimen name="x752">1148.89dp</dimen>
    <dimen name="x753">1150.42dp</dimen>
    <dimen name="x754">1151.94dp</dimen>
    <dimen name="x755">1153.47dp</dimen>
    <dimen name="x756">1155.00dp</dimen>
    <dimen name="x757">1156.53dp</dimen>
    <dimen name="x758">1158.06dp</dimen>
    <dimen name="x759">1159.58dp</dimen>
    <dimen name="x760">1161.11dp</dimen>
    <dimen name="x761">1162.64dp</dimen>
    <dimen name="x762">1164.17dp</dimen>
    <dimen name="x763">1165.69dp</dimen>
    <dimen name="x764">1167.22dp</dimen>
    <dimen name="x765">1168.75dp</dimen>
    <dimen name="x766">1170.28dp</dimen>
    <dimen name="x767">1171.81dp</dimen>
    <dimen name="x768">1173.33dp</dimen>
    <dimen name="x769">1174.86dp</dimen>
    <dimen name="x770">1176.39dp</dimen>
    <dimen name="x771">1177.92dp</dimen>
    <dimen name="x772">1179.44dp</dimen>
    <dimen name="x773">1180.97dp</dimen>
    <dimen name="x774">1182.50dp</dimen>
    <dimen name="x775">1184.03dp</dimen>
    <dimen name="x776">1185.56dp</dimen>
    <dimen name="x777">1187.08dp</dimen>
    <dimen name="x778">1188.61dp</dimen>
    <dimen name="x779">1190.14dp</dimen>
    <dimen name="x780">1191.67dp</dimen>
    <dimen name="x781">1193.19dp</dimen>
    <dimen name="x782">1194.72dp</dimen>
    <dimen name="x783">1196.25dp</dimen>
    <dimen name="x784">1197.78dp</dimen>
    <dimen name="x785">1199.31dp</dimen>
    <dimen name="x786">1200.83dp</dimen>
    <dimen name="x787">1202.36dp</dimen>
    <dimen name="x788">1203.89dp</dimen>
    <dimen name="x789">1205.42dp</dimen>
    <dimen name="x790">1206.94dp</dimen>
    <dimen name="x791">1208.47dp</dimen>
    <dimen name="x792">1210.00dp</dimen>
    <dimen name="x793">1211.53dp</dimen>
    <dimen name="x794">1213.06dp</dimen>
    <dimen name="x795">1214.58dp</dimen>
    <dimen name="x796">1216.11dp</dimen>
    <dimen name="x797">1217.64dp</dimen>
    <dimen name="x798">1219.17dp</dimen>
    <dimen name="x799">1220.69dp</dimen>
    <dimen name="x800">1222.22dp</dimen>
    <dimen name="x801">1223.75dp</dimen>
    <dimen name="x802">1225.28dp</dimen>
    <dimen name="x803">1226.81dp</dimen>
    <dimen name="x804">1228.33dp</dimen>
    <dimen name="x805">1229.86dp</dimen>
    <dimen name="x806">1231.39dp</dimen>
    <dimen name="x807">1232.92dp</dimen>
    <dimen name="x808">1234.44dp</dimen>
    <dimen name="x809">1235.97dp</dimen>
    <dimen name="x810">1237.50dp</dimen>
    <dimen name="x811">1239.03dp</dimen>
    <dimen name="x812">1240.56dp</dimen>
    <dimen name="x813">1242.08dp</dimen>
    <dimen name="x814">1243.61dp</dimen>
    <dimen name="x815">1245.14dp</dimen>
    <dimen name="x816">1246.67dp</dimen>
    <dimen name="x817">1248.19dp</dimen>
    <dimen name="x818">1249.72dp</dimen>
    <dimen name="x819">1251.25dp</dimen>
    <dimen name="x820">1252.78dp</dimen>
    <dimen name="x821">1254.31dp</dimen>
    <dimen name="x822">1255.83dp</dimen>
    <dimen name="x823">1257.36dp</dimen>
    <dimen name="x824">1258.89dp</dimen>
    <dimen name="x825">1260.42dp</dimen>
    <dimen name="x826">1261.94dp</dimen>
    <dimen name="x827">1263.47dp</dimen>
    <dimen name="x828">1265.00dp</dimen>
    <dimen name="x829">1266.53dp</dimen>
    <dimen name="x830">1268.06dp</dimen>
    <dimen name="x831">1269.58dp</dimen>
    <dimen name="x832">1271.11dp</dimen>
    <dimen name="x833">1272.64dp</dimen>
    <dimen name="x834">1274.17dp</dimen>
    <dimen name="x835">1275.69dp</dimen>
    <dimen name="x836">1277.22dp</dimen>
    <dimen name="x837">1278.75dp</dimen>
    <dimen name="x838">1280.28dp</dimen>
    <dimen name="x839">1281.81dp</dimen>
    <dimen name="x840">1283.33dp</dimen>
    <dimen name="x841">1284.86dp</dimen>
    <dimen name="x842">1286.39dp</dimen>
    <dimen name="x843">1287.92dp</dimen>
    <dimen name="x844">1289.44dp</dimen>
    <dimen name="x845">1290.97dp</dimen>
    <dimen name="x846">1292.50dp</dimen>
    <dimen name="x847">1294.03dp</dimen>
    <dimen name="x848">1295.56dp</dimen>
    <dimen name="x849">1297.08dp</dimen>
    <dimen name="x850">1298.61dp</dimen>
    <dimen name="x851">1300.14dp</dimen>
    <dimen name="x852">1301.67dp</dimen>
    <dimen name="x853">1303.19dp</dimen>
    <dimen name="x854">1304.72dp</dimen>
    <dimen name="x855">1306.25dp</dimen>
    <dimen name="x856">1307.78dp</dimen>
    <dimen name="x857">1309.31dp</dimen>
    <dimen name="x858">1310.83dp</dimen>
    <dimen name="x859">1312.36dp</dimen>
    <dimen name="x860">1313.89dp</dimen>
    <dimen name="x861">1315.42dp</dimen>
    <dimen name="x862">1316.94dp</dimen>
    <dimen name="x863">1318.47dp</dimen>
    <dimen name="x864">1320.00dp</dimen>
    <dimen name="x865">1321.53dp</dimen>
    <dimen name="x866">1323.06dp</dimen>
    <dimen name="x867">1324.58dp</dimen>
    <dimen name="x868">1326.11dp</dimen>
    <dimen name="x869">1327.64dp</dimen>
    <dimen name="x870">1329.17dp</dimen>
    <dimen name="x871">1330.69dp</dimen>
    <dimen name="x872">1332.22dp</dimen>
    <dimen name="x873">1333.75dp</dimen>
    <dimen name="x874">1335.28dp</dimen>
    <dimen name="x875">1336.81dp</dimen>
    <dimen name="x876">1338.33dp</dimen>
    <dimen name="x877">1339.86dp</dimen>
    <dimen name="x878">1341.39dp</dimen>
    <dimen name="x879">1342.92dp</dimen>
    <dimen name="x880">1344.44dp</dimen>
    <dimen name="x881">1345.97dp</dimen>
    <dimen name="x882">1347.50dp</dimen>
    <dimen name="x883">1349.03dp</dimen>
    <dimen name="x884">1350.56dp</dimen>
    <dimen name="x885">1352.08dp</dimen>
    <dimen name="x886">1353.61dp</dimen>
    <dimen name="x887">1355.14dp</dimen>
    <dimen name="x888">1356.67dp</dimen>
    <dimen name="x889">1358.19dp</dimen>
    <dimen name="x890">1359.72dp</dimen>
    <dimen name="x891">1361.25dp</dimen>
    <dimen name="x892">1362.78dp</dimen>
    <dimen name="x893">1364.31dp</dimen>
    <dimen name="x894">1365.83dp</dimen>
    <dimen name="x895">1367.36dp</dimen>
    <dimen name="x896">1368.89dp</dimen>
    <dimen name="x897">1370.42dp</dimen>
    <dimen name="x898">1371.94dp</dimen>
    <dimen name="x899">1373.47dp</dimen>
    <dimen name="x900">1375.00dp</dimen>
    <dimen name="x901">1376.53dp</dimen>
    <dimen name="x902">1378.06dp</dimen>
    <dimen name="x903">1379.58dp</dimen>
    <dimen name="x904">1381.11dp</dimen>
    <dimen name="x905">1382.64dp</dimen>
    <dimen name="x906">1384.17dp</dimen>
    <dimen name="x907">1385.69dp</dimen>
    <dimen name="x908">1387.22dp</dimen>
    <dimen name="x909">1388.75dp</dimen>
    <dimen name="x910">1390.28dp</dimen>
    <dimen name="x911">1391.81dp</dimen>
    <dimen name="x912">1393.33dp</dimen>
    <dimen name="x913">1394.86dp</dimen>
    <dimen name="x914">1396.39dp</dimen>
    <dimen name="x915">1397.92dp</dimen>
    <dimen name="x916">1399.44dp</dimen>
    <dimen name="x917">1400.97dp</dimen>
    <dimen name="x918">1402.50dp</dimen>
    <dimen name="x919">1404.03dp</dimen>
    <dimen name="x920">1405.56dp</dimen>
    <dimen name="x921">1407.08dp</dimen>
    <dimen name="x922">1408.61dp</dimen>
    <dimen name="x923">1410.14dp</dimen>
    <dimen name="x924">1411.67dp</dimen>
    <dimen name="x925">1413.19dp</dimen>
    <dimen name="x926">1414.72dp</dimen>
    <dimen name="x927">1416.25dp</dimen>
    <dimen name="x928">1417.78dp</dimen>
    <dimen name="x929">1419.31dp</dimen>
    <dimen name="x930">1420.83dp</dimen>
    <dimen name="x931">1422.36dp</dimen>
    <dimen name="x932">1423.89dp</dimen>
    <dimen name="x933">1425.42dp</dimen>
    <dimen name="x934">1426.94dp</dimen>
    <dimen name="x935">1428.47dp</dimen>
    <dimen name="x936">1430.00dp</dimen>
    <dimen name="x937">1431.53dp</dimen>
    <dimen name="x938">1433.06dp</dimen>
    <dimen name="x939">1434.58dp</dimen>
    <dimen name="x940">1436.11dp</dimen>
    <dimen name="x941">1437.64dp</dimen>
    <dimen name="x942">1439.17dp</dimen>
    <dimen name="x943">1440.69dp</dimen>
    <dimen name="x944">1442.22dp</dimen>
    <dimen name="x945">1443.75dp</dimen>
    <dimen name="x946">1445.28dp</dimen>
    <dimen name="x947">1446.81dp</dimen>
    <dimen name="x948">1448.33dp</dimen>
    <dimen name="x949">1449.86dp</dimen>
    <dimen name="x950">1451.39dp</dimen>
    <dimen name="x951">1452.92dp</dimen>
    <dimen name="x952">1454.44dp</dimen>
    <dimen name="x953">1455.97dp</dimen>
    <dimen name="x954">1457.50dp</dimen>
    <dimen name="x955">1459.03dp</dimen>
    <dimen name="x956">1460.56dp</dimen>
    <dimen name="x957">1462.08dp</dimen>
    <dimen name="x958">1463.61dp</dimen>
    <dimen name="x959">1465.14dp</dimen>
    <dimen name="x960">1466.67dp</dimen>
    <dimen name="x961">1468.19dp</dimen>
    <dimen name="x962">1469.72dp</dimen>
    <dimen name="x963">1471.25dp</dimen>
    <dimen name="x964">1472.78dp</dimen>
    <dimen name="x965">1474.31dp</dimen>
    <dimen name="x966">1475.83dp</dimen>
    <dimen name="x967">1477.36dp</dimen>
    <dimen name="x968">1478.89dp</dimen>
    <dimen name="x969">1480.42dp</dimen>
    <dimen name="x970">1481.94dp</dimen>
    <dimen name="x971">1483.47dp</dimen>
    <dimen name="x972">1485.00dp</dimen>
    <dimen name="x973">1486.53dp</dimen>
    <dimen name="x974">1488.06dp</dimen>
    <dimen name="x975">1489.58dp</dimen>
    <dimen name="x976">1491.11dp</dimen>
    <dimen name="x977">1492.64dp</dimen>
    <dimen name="x978">1494.17dp</dimen>
    <dimen name="x979">1495.69dp</dimen>
    <dimen name="x980">1497.22dp</dimen>
    <dimen name="x981">1498.75dp</dimen>
    <dimen name="x982">1500.28dp</dimen>
    <dimen name="x983">1501.81dp</dimen>
    <dimen name="x984">1503.33dp</dimen>
    <dimen name="x985">1504.86dp</dimen>
    <dimen name="x986">1506.39dp</dimen>
    <dimen name="x987">1507.92dp</dimen>
    <dimen name="x988">1509.44dp</dimen>
    <dimen name="x989">1510.97dp</dimen>
    <dimen name="x990">1512.50dp</dimen>
    <dimen name="x991">1514.03dp</dimen>
    <dimen name="x992">1515.56dp</dimen>
    <dimen name="x993">1517.08dp</dimen>
    <dimen name="x994">1518.61dp</dimen>
    <dimen name="x995">1520.14dp</dimen>
    <dimen name="x996">1521.67dp</dimen>
    <dimen name="x997">1523.19dp</dimen>
    <dimen name="x998">1524.72dp</dimen>
    <dimen name="x999">1526.25dp</dimen>
    <dimen name="x1000">1527.78dp</dimen>
    <dimen name="x1001">1529.31dp</dimen>
    <dimen name="x1002">1530.83dp</dimen>
    <dimen name="x1003">1532.36dp</dimen>
    <dimen name="x1004">1533.89dp</dimen>
    <dimen name="x1005">1535.42dp</dimen>
    <dimen name="x1006">1536.94dp</dimen>
    <dimen name="x1007">1538.47dp</dimen>
    <dimen name="x1008">1540.00dp</dimen>
    <dimen name="x1009">1541.53dp</dimen>
    <dimen name="x1010">1543.06dp</dimen>
    <dimen name="x1011">1544.58dp</dimen>
    <dimen name="x1012">1546.11dp</dimen>
    <dimen name="x1013">1547.64dp</dimen>
    <dimen name="x1014">1549.17dp</dimen>
    <dimen name="x1015">1550.69dp</dimen>
    <dimen name="x1016">1552.22dp</dimen>
    <dimen name="x1017">1553.75dp</dimen>
    <dimen name="x1018">1555.28dp</dimen>
    <dimen name="x1019">1556.81dp</dimen>
    <dimen name="x1020">1558.33dp</dimen>
    <dimen name="x1021">1559.86dp</dimen>
    <dimen name="x1022">1561.39dp</dimen>
    <dimen name="x1023">1562.92dp</dimen>
    <dimen name="x1024">1564.44dp</dimen>
    <dimen name="x1025">1565.97dp</dimen>
    <dimen name="x1026">1567.50dp</dimen>
    <dimen name="x1027">1569.03dp</dimen>
    <dimen name="x1028">1570.56dp</dimen>
    <dimen name="x1029">1572.08dp</dimen>
    <dimen name="x1030">1573.61dp</dimen>
    <dimen name="x1031">1575.14dp</dimen>
    <dimen name="x1032">1576.67dp</dimen>
    <dimen name="x1033">1578.19dp</dimen>
    <dimen name="x1034">1579.72dp</dimen>
    <dimen name="x1035">1581.25dp</dimen>
    <dimen name="x1036">1582.78dp</dimen>
    <dimen name="x1037">1584.31dp</dimen>
    <dimen name="x1038">1585.83dp</dimen>
    <dimen name="x1039">1587.36dp</dimen>
    <dimen name="x1040">1588.89dp</dimen>
    <dimen name="x1041">1590.42dp</dimen>
    <dimen name="x1042">1591.94dp</dimen>
    <dimen name="x1043">1593.47dp</dimen>
    <dimen name="x1044">1595.00dp</dimen>
    <dimen name="x1045">1596.53dp</dimen>
    <dimen name="x1046">1598.06dp</dimen>
    <dimen name="x1047">1599.58dp</dimen>
    <dimen name="x1048">1601.11dp</dimen>
    <dimen name="x1049">1602.64dp</dimen>
    <dimen name="x1050">1604.17dp</dimen>
    <dimen name="x1051">1605.69dp</dimen>
    <dimen name="x1052">1607.22dp</dimen>
    <dimen name="x1053">1608.75dp</dimen>
    <dimen name="x1054">1610.28dp</dimen>
    <dimen name="x1055">1611.81dp</dimen>
    <dimen name="x1056">1613.33dp</dimen>
    <dimen name="x1057">1614.86dp</dimen>
    <dimen name="x1058">1616.39dp</dimen>
    <dimen name="x1059">1617.92dp</dimen>
    <dimen name="x1060">1619.44dp</dimen>
    <dimen name="x1061">1620.97dp</dimen>
    <dimen name="x1062">1622.50dp</dimen>
    <dimen name="x1063">1624.03dp</dimen>
    <dimen name="x1064">1625.56dp</dimen>
    <dimen name="x1065">1627.08dp</dimen>
    <dimen name="x1066">1628.61dp</dimen>
    <dimen name="x1067">1630.14dp</dimen>
    <dimen name="x1068">1631.67dp</dimen>
    <dimen name="x1069">1633.19dp</dimen>
    <dimen name="x1070">1634.72dp</dimen>
    <dimen name="x1071">1636.25dp</dimen>
    <dimen name="x1072">1637.78dp</dimen>
    <dimen name="x1073">1639.31dp</dimen>
    <dimen name="x1074">1640.83dp</dimen>
    <dimen name="x1075">1642.36dp</dimen>
    <dimen name="x1076">1643.89dp</dimen>
    <dimen name="x1077">1645.42dp</dimen>
    <dimen name="x1078">1646.94dp</dimen>
    <dimen name="x1079">1648.47dp</dimen>
    <dimen name="x1080">1650.00dp</dimen>
</resources>